Date,IWDA.L,VGK,EWJ,IUSN.DE,IEMA.L,MCHI,EWZ,INDA,XLF,XLE,XLI,ITB,XLV,XLP,XLU,XLK,SOXX,CIBR,BOTZ,LIT,VNQ,GLD,SLV,DBA,TLT,IEF,TIP,BITO,XEON.DE
2020-01-02,0.0,0.0,0.0,0.0,0.0,0.0,0.0,0.0,0.0,0.0,0.0,0.0,0.0,0.0,0.0,0.0,0.0,0.0,0.0,0.0,0.0,0.0,0.0,0.0,0.0,0.0,0.0,0.0,0.0
2020-01-03,0.0,0.0,0.0,0.0,0.0,0.0,0.0,0.0,0.0,0.0,0.0,0.0,0.0,0.0,0.0,0.0,0.0,0.0,0.0,0.0,0.0,0.0,0.0,0.0,0.0,0.0,0.0,0.0,0.0
2020-01-06,0.0,0.0,0.0,0.0,0.0,0.0,0.0,0.0,0.0,0.0,0.0,0.0,0.0,0.0,0.0,0.0,0.0,0.0,0.0,0.0,0.0,0.0,0.0,0.0,0.0,0.0,0.0,0.0,0.0
2020-01-07,0.0,0.0,0.0,0.0,0.0,0.0,0.0,0.0,0.0,0.0,0.0,0.0,0.0,0.0,0.0,0.0,0.0,0.0,0.0,0.0,0.0,0.0,0.0,0.0,0.0,0.0,0.0,0.0,0.0
2020-01-08,0.0,0.0,0.0,0.0,0.0,0.0,0.0,0.0,0.0,0.0,0.0,0.0,0.0,0.0,0.0,0.0,0.0,0.0,0.0,0.0,0.0,0.0,0.0,0.0,0.0,0.0,0.0,0.0,0.0
2020-01-09,0.0,0.0,0.0,0.0,0.0,0.0,0.0,0.0,0.0,0.0,0.0,0.0,0.0,0.0,0.0,0.0,0.0,0.0,0.0,0.0,0.0,0.0,0.0,0.0,0.0,0.0,0.0,0.0,0.0
2020-01-10,0.0,0.0,0.0,0.0,0.0,0.0,0.0,0.0,0.0,0.0,0.0,0.0,0.0,0.0,0.0,0.0,0.0,0.0,0.0,0.0,0.0,0.0,0.0,0.0,0.0,0.0,0.0,0.0,0.0
2020-01-13,0.0,0.0,0.0,0.0,0.0,0.0,0.0,0.0,0.0,0.0,0.0,0.0,0.0,0.0,0.0,0.0,0.0,0.0,0.0,0.0,0.0,0.0,0.0,0.0,0.0,0.0,0.0,0.0,0.0
2020-01-14,0.0,0.0,0.0,0.0,0.0,0.0,0.0,0.0,0.0,0.0,0.0,0.0,0.0,0.0,0.0,0.0,0.0,0.0,0.0,0.0,0.0,0.0,0.0,0.0,0.0,0.0,0.0,0.0,0.0
2020-01-15,0.0,0.0,0.0,0.0,0.0,0.0,0.0,0.0,0.0,0.0,0.0,0.0,0.0,0.0,0.0,0.0,0.0,0.0,0.0,0.0,0.0,0.0,0.0,0.0,0.0,0.0,0.0,0.0,0.0
2020-01-16,0.0,0.0,0.0,0.0,0.0,0.0,0.0,0.0,0.0,0.0,0.0,0.0,0.0,0.0,0.0,0.0,0.0,0.0,0.0,0.0,0.0,0.0,0.0,0.0,0.0,0.0,0.0,0.0,0.0
2020-01-17,0.0,0.0,0.0,0.0,0.0,0.0,0.0,0.0,0.0,0.0,0.0,0.0,0.0,0.0,0.0,0.0,0.0,0.0,0.0,0.0,0.0,0.0,0.0,0.0,0.0,0.0,0.0,0.0,0.0
2020-01-20,0.0,0.0,0.0,0.0,0.0,0.0,0.0,0.0,0.0,0.0,0.0,0.0,0.0,0.0,0.0,0.0,0.0,0.0,0.0,0.0,0.0,0.0,0.0,0.0,0.0,0.0,0.0,0.0,0.0
2020-01-21,0.0,0.0,0.0,0.0,0.0,0.0,0.0,0.0,0.0,0.0,0.0,0.0,0.0,0.0,0.0,0.0,0.0,0.0,0.0,0.0,0.0,0.0,0.0,0.0,0.0,0.0,0.0,0.0,0.0
2020-01-22,0.0,0.0,0.0,0.0,0.0,0.0,0.0,0.0,0.0,0.0,0.0,0.0,0.0,0.0,0.0,0.0,0.0,0.0,0.0,0.0,0.0,0.0,0.0,0.0,0.0,0.0,0.0,0.0,0.0
2020-01-23,0.0,0.0,0.0,0.0,0.0,0.0,0.0,0.0,0.0,0.0,0.0,0.0,0.0,0.0,0.0,0.0,0.0,0.0,0.0,0.0,0.0,0.0,0.0,0.0,0.0,0.0,0.0,0.0,0.0
2020-01-24,0.0,0.0,0.0,0.0,0.0,0.0,0.0,0.0,0.0,0.0,0.0,0.0,0.0,0.0,0.0,0.0,0.0,0.0,0.0,0.0,0.0,0.0,0.0,0.0,0.0,0.0,0.0,0.0,0.0
2020-01-27,0.0,0.0,0.0,0.0,0.0,0.0,0.0,0.0,0.0,0.0,0.0,0.0,0.0,0.0,0.0,0.0,0.0,0.0,0.0,0.0,0.0,0.0,0.0,0.0,0.0,0.0,0.0,0.0,0.0
2020-01-28,0.0,0.0,0.0,0.0,0.0,0.0,0.0,0.0,0.0,0.0,0.0,0.0,0.0,0.0,0.0,0.0,0.0,0.0,0.0,0.0,0.0,0.0,0.0,0.0,0.0,0.0,0.0,0.0,0.0
2020-01-29,0.0,0.0,0.0,0.0,0.0,0.0,0.0,0.0,0.0,0.0,0.0,0.0,0.0,0.0,0.0,0.0,0.0,0.0,0.0,0.0,0.0,0.0,0.0,0.0,0.0,0.0,0.0,0.0,0.0
2020-01-30,0.0,0.0,0.0,0.0,0.0,0.0,0.0,0.0,0.0,0.0,0.0,0.0,0.0,0.0,0.0,0.0,0.0,0.0,0.0,0.0,0.0,0.0,0.0,0.0,0.0,0.0,0.0,0.0,0.0
2020-01-31,0.05599,0.025131,0.04552,0.0,0.0,0.0,0.0,0.0,0.048497,0.0,0.0,0.037092,0.156806,0.107167,0.0,0.152372,0.138222,0.0,0.0,0.0,0.0,0.137384,0.076531,0.0,0.0,0.0,0.0,0.0,0.019287
2020-02-03,0.055942,0.025047,0.045697,0.0,0.0,0.0,0.0,0.0,0.048656,0.0,0.0,0.037181,0.157645,0.106771,0.0,0.153815,0.139251,0.0,0.0,0.0,0.0,0.135986,0.074797,0.0,0.0,0.0,0.0,0.0,0.019211
2020-02-04,0.056121,0.02516,0.045832,0.0,0.0,0.0,0.0,0.0,0.048535,0.0,0.0,0.036635,0.158494,0.106125,0.0,0.155951,0.14188,0.0,0.0,0.0,0.0,0.132608,0.073676,0.0,0.0,0.0,0.0,0.0,0.018982
2020-02-05,0.055833,0.025129,0.045734,0.0,0.0,0.0,0.0,0.0,0.048962,0.0,0.0,0.037098,0.159767,0.105799,0.0,0.155137,0.143552,0.0,0.0,0.0,0.0,0.131309,0.07291,0.0,0.0,0.0,0.0,0.0,0.018771
2020-02-06,0.055941,0.025073,0.045898,0.0,0.0,0.0,0.0,0.0,0.048706,0.0,0.0,0.036975,0.159276,0.105563,0.0,0.155936,0.143069,0.0,0.0,0.0,0.0,0.131496,0.073372,0.0,0.0,0.0,0.0,0.0,0.018697
2020-02-07,0.056124,0.025006,0.045773,0.0,0.0,0.0,0.0,0.0,0.048873,0.0,0.0,0.037302,0.15914,0.106434,0.0,0.155591,0.140672,0.0,0.0,0.0,0.0,0.132767,0.073486,0.0,0.0,0.0,0.0,0.0,0.018831
2020-02-10,0.055741,0.024921,0.045422,0.0,0.0,0.0,0.0,0.0,0.048697,0.0,0.0,0.037431,0.158948,0.106186,0.0,0.156672,0.141715,0.0,0.0,0.0,0.0,0.132242,0.073317,0.0,0.0,0.0,0.0,0.0,0.018708
2020-02-11,0.056014,0.025027,0.045508,0.0,0.0,0.0,0.0,0.0,0.048717,0.0,0.0,0.037555,0.159399,0.10546,0.0,0.155657,0.144126,0.0,0.0,0.0,0.0,0.131375,0.072515,0.0,0.0,0.0,0.0,0.0,0.018647
2020-02-12,0.056028,0.025095,0.045132,0.0,0.0,0.0,0.0,0.0,0.048581,0.0,0.0,0.037404,0.159052,0.10505,0.0,0.156803,0.145847,0.0,0.0,0.0,0.0,0.130819,0.071609,0.0,0.0,0.0,0.0,0.0,0.01858
2020-02-13,0.055981,0.024919,0.04472,0.0,0.0,0.0,0.0,0.0,0.048547,0.0,0.0,0.03745,0.158243,0.10563,0.0,0.156326,0.145944,0.0,0.0,0.0,0.0,0.131513,0.072151,0.0,0.0,0.0,0.0,0.0,0.018577
2020-02-14,0.055849,0.024891,0.044328,0.0,0.0,0.0,0.0,0.0,0.048546,0.0,0.0,0.037484,0.15816,0.105738,0.0,0.156801,0.145268,0.0,0.0,0.0,0.0,0.131891,0.072496,0.0,0.0,0.0,0.0,0.0,0.018549
2020-02-17,0.05597,0.024887,0.044322,0.0,0.0,0.0,0.0,0.0,0.04854,0.0,0.0,0.037479,0.158139,0.105724,0.0,0.15678,0.145248,0.0,0.0,0.0,0.0,0.131874,0.072486,0.0,0.0,0.0,0.0,0.0,0.01855
2020-02-18,0.055593,0.024819,0.04373,0.0,0.0,0.0,0.0,0.0,0.048193,0.0,0.0,0.037371,0.15782,0.105512,0.0,0.156437,0.143605,0.0,0.0,0.0,0.0,0.133771,0.074571,0.0,0.0,0.0,0.0,0.0,0.018578
2020-02-19,0.055529,0.024762,0.04327,0.0,0.0,0.0,0.0,0.0,0.048125,0.0,0.0,0.037192,0.157158,0.104471,0.0,0.156909,0.145932,0.0,0.0,0.0,0.0,0.133368,0.074872,0.0,0.0,0.0,0.0,0.0,0.018412
2020-02-20,0.055208,0.024744,0.04322,0.0,0.0,0.0,0.0,0.0,0.048287,0.0,0.0,0.037786,0.156973,0.105105,0.0,0.156098,0.144576,0.0,0.0,0.0,0.0,0.134622,0.074875,0.0,0.0,0.0,0.0,0.0,0.018506
2020-02-21,0.055549,0.024812,0.043114,0.0,0.0,0.0,0.0,0.0,0.048109,0.0,0.0,0.037818,0.158009,0.105918,0.0,0.153518,0.141123,0.0,0.0,0.0,0.0,0.137467,0.075941,0.0,0.0,0.0,0.0,0.0,0.018622
2020-02-24,0.055188,0.024362,0.042745,0.0,0.0,0.0,0.0,0.0,0.047757,0.0,0.0,0.038013,0.157014,0.106172,0.0,0.151005,0.137861,0.0,0.0,0.0,0.0,0.142315,0.07846,0.0,0.0,0.0,0.0,0.0,0.019107
2020-02-25,0.055743,0.024443,0.043812,0.0,0.0,0.0,0.0,0.0,0.047366,0.0,0.0,0.037453,0.156305,0.107033,0.0,0.150068,0.137316,0.0,0.0,0.0,0.0,0.143494,0.077356,0.0,0.0,0.0,0.0,0.0,0.01961
2020-02-26,0.055628,0.024479,0.044051,0.0,0.0,0.0,0.0,0.0,0.047045,0.0,0.0,0.036463,0.156371,0.106485,0.0,0.15083,0.137573,0.0,0.0,0.0,0.0,0.144197,0.077257,0.0,0.0,0.0,0.0,0.0,0.019622
2020-02-27,0.055671,0.024502,0.04395,0.0,0.0,0.0,0.0,0.0,0.046525,0.0,0.0,0.036709,0.156056,0.105531,0.0,0.147416,0.135564,0.0,0.0,0.0,0.0,0.148997,0.078809,0.0,0.0,0.0,0.0,0.0,0.020271
2020-02-28,0.027337,0.019661,0.017329,0.0,0.0,0.0,0.0,0.01434,0.024487,0.0,0.016949,0.119145,0.04646,0.050399,0.080594,0.150774,0.100837,0.0,0.044894,0.026325,0.0,0.031677,0.016909,0.0,0.0,0.0,0.0,0.0,0.211883
2020-03-02,0.027182,0.019382,0.017016,0.0,0.0,0.0,0.0,0.01384,0.024958,0.0,0.017013,0.119734,0.047161,0.051482,0.082748,0.154651,0.10124,0.0,0.044154,0.026719,0.0,0.030886,0.016427,0.0,0.0,0.0,0.0,0.0,0.205407
2020-03-03,0.02789,0.019464,0.017012,0.0,0.0,0.0,0.0,0.013982,0.024329,0.0,0.01681,0.121998,0.046579,0.051434,0.082779,0.150687,0.098928,0.0,0.043785,0.026914,0.0,0.032265,0.01713,0.0,0.0,0.0,0.0,0.0,0.208013
2020-03-04,0.027119,0.019498,0.01683,0.0,0.0,0.0,0.0,0.013551,0.024337,0.0,0.016949,0.123948,0.047702,0.052248,0.084701,0.15217,0.100684,0.0,0.044165,0.026721,0.0,0.031297,0.016659,0.0,0.0,0.0,0.0,0.0,0.201421
2020-03-05,0.027697,0.019225,0.016863,0.0,0.0,0.0,0.0,0.013288,0.023637,0.0,0.01645,0.122221,0.047548,0.052313,0.0851,0.150381,0.099649,0.0,0.043414,0.026803,0.0,0.032627,0.017222,0.0,0.0,0.0,0.0,0.0,0.205562
2020-03-06,0.027224,0.019244,0.016949,0.0,0.0,0.0,0.0,0.013455,0.023171,0.0,0.016548,0.120062,0.047997,0.052671,0.085661,0.149387,0.098917,0.0,0.04312,0.026554,0.0,0.033123,0.017349,0.0,0.0,0.0,0.0,0.0,0.208568
2020-03-09,0.027234,0.018623,0.017036,0.0,0.0,0.0,0.0,0.013474,0.021909,0.0,0.01591,0.115536,0.048191,0.053354,0.08579,0.146205,0.095816,0.0,0.041673,0.025263,0.0,0.035139,0.018033,0.0,0.0,0.0,0.0,0.0,0.220814
2020-03-10,0.026064,0.018722,0.017035,0.0,0.0,0.0,0.0,0.013511,0.022522,0.0,0.016249,0.116766,0.048396,0.053292,0.084072,0.151426,0.099138,0.0,0.042346,0.025366,0.0,0.033398,0.017344,0.0,0.0,0.0,0.0,0.0,0.214353
2020-03-11,0.027002,0.018372,0.017134,0.0,0.0,0.0,0.0,0.013446,0.022175,0.0,0.015923,0.111287,0.048458,0.052758,0.083123,0.150195,0.097425,0.0,0.041843,0.025001,0.0,0.034645,0.017941,0.0,0.0,0.0,0.0,0.0,0.223273
2020-03-12,0.026221,0.017694,0.016786,0.0,0.0,0.0,0.0,0.012809,0.021481,0.0,0.015505,0.105256,0.048704,0.05192,0.081173,0.147215,0.094218,0.0,0.040148,0.024273,0.0,0.03613,0.018228,0.0,0.0,0.0,0.0,0.0,0.242239
2020-03-13,0.025348,0.017871,0.016483,0.0,0.0,0.0,0.0,0.01373,0.02311,0.0,0.015892,0.102551,0.049516,0.053563,0.081379,0.156382,0.099186,0.0,0.041594,0.023711,0.0,0.033302,0.016228,0.0,0.0,0.0,0.0,0.0,0.230155
2020-03-16,0.02734,0.017433,0.017024,0.0,0.0,0.0,0.0,0.012838,0.02205,0.0,0.015579,0.090498,0.049353,0.05521,0.079764,0.149031,0.092973,0.0,0.040286,0.022657,0.0,0.036402,0.015728,0.0,0.0,0.0,0.0,0.0,0.255834
2020-03-17,0.026266,0.017416,0.017126,0.0,0.0,0.0,0.0,0.01354,0.022292,0.0,0.015627,0.085386,0.050296,0.057406,0.086272,0.152638,0.096997,0.0,0.041392,0.022875,0.0,0.035379,0.014931,0.0,0.0,0.0,0.0,0.0,0.244159
2020-03-18,0.026002,0.016821,0.01748,0.0,0.0,0.0,0.0,0.012521,0.021273,0.0,0.015096,0.080515,0.050709,0.058324,0.086047,0.153172,0.092837,0.0,0.041644,0.021955,0.0,0.036158,0.014692,0.0,0.0,0.0,0.0,0.0,0.254755
2020-03-19,0.026221,0.017209,0.0177,0.0,0.0,0.0,0.0,0.012215,0.021709,0.0,0.015086,0.086046,0.049602,0.056301,0.080927,0.153515,0.095094,0.0,0.041879,0.021676,0.0,0.035426,0.014816,0.0,0.0,0.0,0.0,0.0,0.254579
2020-03-20,0.026999,0.017417,0.018206,0.0,0.0,0.0,0.0,0.012676,0.021479,0.0,0.014704,0.086054,0.048939,0.054027,0.076449,0.150297,0.094792,0.0,0.042479,0.021662,0.0,0.036894,0.015605,0.0,0.0,0.0,0.0,0.0,0.261322
2020-03-23,0.025886,0.017576,0.018276,0.0,0.0,0.0,0.0,0.011426,0.020522,0.0,0.014263,0.0829,0.047067,0.053184,0.073595,0.151073,0.099595,0.0,0.042856,0.021305,0.0,0.03908,0.01677,0.0,0.0,0.0,0.0,0.0,0.264627
2020-03-24,0.026086,0.017803,0.018153,0.0,0.0,0.0,0.0,0.011198,0.021424,0.0,0.014923,0.089819,0.047084,0.051916,0.075702,0.154685,0.102508,0.0,0.044888,0.022735,0.0,0.038058,0.016816,0.0,0.0,0.0,0.0,0.0,0.246204
2020-03-25,0.026666,0.018198,0.018217,0.0,0.0,0.0,0.0,0.01187,0.021675,0.0,0.015471,0.096426,0.046992,0.050994,0.076465,0.152159,0.099647,0.0,0.045023,0.023972,0.0,0.036972,0.016837,0.0,0.0,0.0,0.0,0.0,0.242417
2020-03-26,0.026477,0.018321,0.018058,0.0,0.0,0.0,0.0,0.012365,0.022107,0.0,0.015785,0.09656,0.048093,0.051617,0.079638,0.155068,0.102061,0.0,0.045543,0.023357,0.0,0.035936,0.016182,0.0,0.0,0.0,0.0,0.0,0.232832
2020-03-27,0.026584,0.018139,0.01847,0.0,0.0,0.0,0.0,0.011896,0.021949,0.0,0.015483,0.094516,0.048195,0.052612,0.081994,0.151619,0.099329,0.0,0.045268,0.022545,0.0,0.036562,0.016461,0.0,0.0,0.0,0.0,0.0,0.238377
2020-03-30,0.026588,0.018106,0.018353,0.0,0.0,0.0,0.0,0.01161,0.021959,0.0,0.015423,0.091851,0.049532,0.053671,0.083478,0.155124,0.100912,0.0,0.045177,0.022569,0.0,0.036054,0.015824,0.0,0.0,0.0,0.0,0.0,0.233771
2020-03-31,0.019416,0.017114,0.016588,0.016612,0.018877,0.023118,0.017155,0.018488,0.018799,0.011256,0.01742,0.019533,0.020246,0.018374,0.019048,0.02847,0.024168,0.018678,0.020522,0.028116,0.01796,0.02129,0.011573,0.032585,0.018178,0.062822,0.036866,0.0,0.406732
2020-04-01,0.018924,0.016703,0.016128,0.016216,0.018556,0.022759,0.016777,0.017481,0.01802,0.010921,0.016981,0.01832,0.019881,0.01844,0.018276,0.027679,0.023322,0.01835,0.019714,0.027036,0.01713,0.02194,0.011787,0.032224,0.018817,0.064392,0.037864,0.0,0.415363
2020-04-02,0.018767,0.016874,0.016192,0.016136,0.018639,0.023239,0.016992,0.017778,0.018311,0.011818,0.017058,0.018003,0.020254,0.018747,0.018684,0.028079,0.023807,0.018329,0.019977,0.027141,0.017038,0.022105,0.012142,0.031873,0.018771,0.063842,0.038107,0.0,0.411294
2020-04-03,0.018708,0.016638,0.015939,0.01591,0.018597,0.023127,0.016169,0.0172,0.018072,0.011775,0.016949,0.017718,0.020213,0.019027,0.018143,0.02784,0.023521,0.018259,0.019507,0.026818,0.016909,0.022371,0.012164,0.031744,0.018949,0.06434,0.038714,0.0,0.414679
2020-04-06,0.019025,0.01699,0.016426,0.016142,0.018844,0.023389,0.01694,0.017999,0.018847,0.012064,0.017634,0.019637,0.020699,0.019203,0.019018,0.029401,0.025222,0.018888,0.02044,0.028176,0.017672,0.022371,0.012338,0.031302,0.01839,0.062323,0.037646,0.0,0.402973
2020-04-07,0.019678,0.017022,0.016535,0.016786,0.019304,0.023297,0.017611,0.018448,0.018958,0.012272,0.017521,0.019904,0.020446,0.018905,0.018703,0.029019,0.02503,0.018754,0.020222,0.028393,0.017762,0.022161,0.012252,0.031746,0.018123,0.061793,0.037468,0.0,0.401886
2020-04-08,0.019393,0.017085,0.016309,0.016667,0.018896,0.023055,0.018238,0.018855,0.019564,0.012943,0.017953,0.021315,0.021048,0.018969,0.019499,0.029464,0.025576,0.019067,0.020425,0.028921,0.01876,0.021716,0.012071,0.031502,0.017789,0.061022,0.036792,0.0,0.397106
2020-04-09,0.019748,0.017368,0.016385,0.017138,0.019077,0.022832,0.018086,0.018906,0.020442,0.012719,0.018072,0.021896,0.020988,0.018988,0.020249,0.029226,0.024815,0.018915,0.020595,0.029609,0.019647,0.022098,0.012314,0.030903,0.017673,0.060645,0.036847,0.0,0.393817
2020-04-13,0.01985,0.017219,0.016401,0.017226,0.019175,0.022989,0.018045,0.018832,0.0198,0.012743,0.017634,0.020681,0.020912,0.018945,0.019708,0.029442,0.025225,0.019119,0.020536,0.029585,0.018918,0.022593,0.01243,0.030612,0.017602,0.060827,0.037105,0.0,0.395848
2020-04-14,0.019798,0.01732,0.016518,0.017046,0.019089,0.023222,0.018085,0.019179,0.01967,0.012543,0.017772,0.021098,0.021369,0.019532,0.020064,0.03034,0.026099,0.019467,0.021117,0.030257,0.019235,0.022521,0.012506,0.03032,0.017404,0.060238,0.036806,0.0,0.391386
2020-04-15,0.019634,0.016803,0.016542,0.016659,0.01882,0.023215,0.017847,0.018474,0.019035,0.012092,0.01748,0.020151,0.021503,0.019445,0.019626,0.03002,0.025614,0.019345,0.020721,0.029673,0.018685,0.022664,0.012512,0.030512,0.018071,0.061477,0.037269,0.0,0.396111
2020-04-16,0.01966,0.016827,0.016376,0.016684,0.019024,0.023438,0.017473,0.018647,0.018672,0.011558,0.017298,0.020146,0.02194,0.019543,0.019599,0.030339,0.026293,0.019739,0.020832,0.02998,0.018444,0.02261,0.012511,0.030375,0.018248,0.061449,0.03689,0.0,0.395405
2020-04-17,0.019826,0.01722,0.016427,0.016957,0.019045,0.023384,0.017681,0.019137,0.019456,0.012656,0.017927,0.020904,0.022168,0.019641,0.020026,0.030431,0.026228,0.019874,0.021002,0.030549,0.018834,0.021946,0.012077,0.030424,0.017822,0.060667,0.036341,0.0,0.391349
2020-04-20,0.020096,0.017067,0.016265,0.017204,0.01922,0.023478,0.017561,0.018902,0.019224,0.012329,0.017547,0.020177,0.022114,0.019361,0.019375,0.03011,0.025801,0.020061,0.020802,0.030167,0.018234,0.022225,0.012238,0.030324,0.018065,0.061164,0.036431,0.0,0.394457
2020-04-21,0.019547,0.016957,0.016342,0.016784,0.018757,0.023251,0.017225,0.018569,0.018869,0.012284,0.017377,0.020213,0.021748,0.019221,0.019328,0.02926,0.024887,0.019607,0.020554,0.029365,0.018159,0.022389,0.012082,0.030461,0.018553,0.06221,0.037138,0.0,0.398863
2020-04-22,0.019676,0.017024,0.016428,0.016919,0.019127,0.02348,0.017628,0.019308,0.018846,0.01257,0.017351,0.020222,0.021818,0.019176,0.019655,0.030025,0.026079,0.019747,0.021078,0.029832,0.018218,0.022558,0.012119,0.030167,0.018145,0.06128,0.036919,0.0,0.394602
2020-04-23,0.019965,0.016924,0.016453,0.017299,0.019276,0.023311,0.016953,0.019423,0.01877,0.012978,0.017491,0.020323,0.021941,0.019008,0.019328,0.029824,0.025823,0.019778,0.021092,0.029925,0.018068,0.022786,0.012224,0.030464,0.018245,0.06133,0.036903,0.0,0.394094
2020-04-24,0.019695,0.017127,0.016547,0.017111,0.018774,0.023323,0.015622,0.019124,0.019004,0.012982,0.017596,0.021126,0.022191,0.019173,0.019409,0.030395,0.026307,0.019977,0.021357,0.030204,0.018109,0.022643,0.0122,0.029865,0.018251,0.061222,0.037039,0.0,0.393624
2020-04-27,0.020042,0.017205,0.016631,0.017502,0.01905,0.023453,0.016145,0.019594,0.019483,0.01315,0.01788,0.021931,0.022285,0.019064,0.019445,0.030394,0.026431,0.020148,0.021761,0.030841,0.018569,0.022301,0.012096,0.02941,0.017758,0.060376,0.03665,0.0,0.390405
2020-04-28,0.020095,0.01721,0.016797,0.017739,0.019176,0.023274,0.017088,0.019454,0.019602,0.013391,0.018131,0.023257,0.021736,0.019084,0.019429,0.029854,0.026175,0.019821,0.021922,0.031184,0.018638,0.022101,0.011948,0.029542,0.017881,0.060365,0.03661,0.0,0.388496
2020-04-29,0.020199,0.017516,0.016885,0.018096,0.019256,0.02338,0.017823,0.020022,0.019926,0.014208,0.018254,0.024256,0.021615,0.018773,0.019018,0.030702,0.027085,0.019984,0.022404,0.031674,0.018688,0.021954,0.011953,0.029228,0.017573,0.059604,0.036122,0.0,0.3838
2020-04-30,0.015157,0.012156,0.020197,0.0,0.012605,0.038279,0.0,0.01175,0.014245,0.0,0.014723,0.0,0.025868,0.025547,0.018221,0.026886,0.017876,0.01891,0.017893,0.014985,0.013128,0.036283,0.0,0.085705,0.0,0.075666,0.052051,0.0,0.431868
2020-05-01,0.014917,0.012008,0.020018,0.0,0.012192,0.037143,0.0,0.01149,0.013911,0.0,0.014405,0.0,0.0256,0.02549,0.017939,0.026379,0.017155,0.018527,0.017538,0.014308,0.012797,0.03683,0.0,0.086715,0.0,0.076441,0.05251,0.0,0.435687
2020-05-04,0.014754,0.011996,0.019908,0.0,0.012166,0.037257,0.0,0.01165,0.013777,0.0,0.014214,0.0,0.025572,0.025462,0.018063,0.026713,0.017288,0.018702,0.01767,0.014467,0.012727,0.036938,0.0,0.08635,0.0,0.07641,0.052532,0.0,0.435385
2020-05-05,0.015072,0.011912,0.020031,0.0,0.012363,0.037647,0.0,0.011383,0.013685,0.0,0.01422,0.0,0.026036,0.025396,0.018148,0.026987,0.017517,0.018941,0.017793,0.014648,0.012745,0.036966,0.0,0.085925,0.0,0.076089,0.05241,0.0,0.434086
2020-05-06,0.01499,0.011866,0.01993,0.0,0.012302,0.038023,0.0,0.011251,0.013425,0.0,0.014061,0.0,0.025846,0.025184,0.017577,0.027268,0.017778,0.01915,0.017796,0.014573,0.012549,0.036586,0.0,0.08615,0.0,0.076006,0.052292,0.0,0.435397
2020-05-07,0.015053,0.011996,0.0201,0.0,0.012272,0.038092,0.0,0.011383,0.013652,0.0,0.014134,0.0,0.025678,0.024953,0.017534,0.0275,0.017824,0.019856,0.018287,0.014728,0.012647,0.03691,0.0,0.08679,0.0,0.075981,0.052285,0.0,0.432343
2020-05-08,0.014973,0.012134,0.020334,0.0,0.012206,0.038791,0.0,0.01156,0.013871,0.0,0.014408,0.0,0.025672,0.025374,0.017792,0.027754,0.018252,0.019894,0.018477,0.015154,0.012878,0.036492,0.0,0.08645,0.0,0.075326,0.051988,0.0,0.43022
2020-05-11,0.015156,0.012075,0.02054,0.0,0.012417,0.038927,0.0,0.011354,0.013611,0.0,0.014235,0.0,0.026128,0.025353,0.017726,0.027954,0.018244,0.020148,0.018697,0.015151,0.012698,0.036285,0.0,0.08575,0.0,0.075158,0.051837,0.0,0.430555
2020-05-12,0.015267,0.011978,0.020365,0.0,0.012631,0.038807,0.0,0.011903,0.013318,0.0,0.0139,0.0,0.02585,0.025255,0.017652,0.027504,0.017843,0.019774,0.018354,0.014661,0.012177,0.036595,0.0,0.08621,0.0,0.075755,0.052125,0.0,0.432077
2020-05-13,0.014926,0.011877,0.020549,0.0,0.012515,0.039124,0.0,0.011577,0.012978,0.0,0.013608,0.0,0.025676,0.025132,0.017576,0.027144,0.017572,0.019427,0.018501,0.014722,0.011931,0.037102,0.0,0.08525,0.0,0.076229,0.052391,0.0,0.434193
2020-05-14,0.014655,0.011759,0.020222,0.0,0.012308,0.038974,0.0,0.011578,0.013297,0.0,0.013736,0.0,0.025931,0.025044,0.017746,0.02746,0.018023,0.019565,0.018262,0.014671,0.01196,0.037391,0.0,0.085035,0.0,0.076268,0.052396,0.0,0.433719
2020-05-15,0.0148,0.011778,0.020253,0.0,0.012266,0.038633,0.0,0.011332,0.013207,0.0,0.013685,0.0,0.026144,0.025259,0.017506,0.027594,0.017647,0.019759,0.018619,0.014751,0.011911,0.037595,0.0,0.085018,0.0,0.076203,0.052476,0.0,0.433565
2020-05-18,0.01526,0.012183,0.020543,0.0,0.012594,0.039748,0.0,0.011348,0.01374,0.0,0.014436,0.0,0.026087,0.025394,0.018036,0.027977,0.018267,0.01977,0.019183,0.015301,0.012485,0.036924,0.0,0.084635,0.0,0.07495,0.051928,0.0,0.429212
2020-05-19,0.015324,0.012031,0.020352,0.0,0.012703,0.039705,0.0,0.011055,0.013438,0.0,0.014286,0.0,0.025836,0.024989,0.017782,0.027943,0.018251,0.019838,0.019152,0.015315,0.012347,0.037371,0.0,0.084841,0.0,0.075343,0.051995,0.0,0.430102
2020-05-20,0.015365,0.012242,0.020542,0.0,0.012737,0.039738,0.0,0.011319,0.013658,0.0,0.014471,0.0,0.025719,0.025141,0.017778,0.028392,0.018816,0.020122,0.019563,0.015684,0.012386,0.037246,0.0,0.084792,0.0,0.074932,0.051852,0.0,0.427504
2020-05-21,0.015257,0.012189,0.020417,0.0,0.012536,0.038947,0.0,0.011321,0.013679,0.0,0.014573,0.0,0.02565,0.024981,0.017682,0.028128,0.018429,0.020047,0.019394,0.015881,0.012455,0.036876,0.0,0.084506,0.0,0.075335,0.052041,0.0,0.429676
2020-05-22,0.015206,0.012181,0.020456,0.0,0.01234,0.037528,0.0,0.011293,0.013637,0.0,0.01457,0.0,0.025719,0.025083,0.017888,0.028247,0.018521,0.020392,0.019728,0.015784,0.012631,0.037116,0.0,0.084182,0.0,0.075521,0.052101,0.0,0.429876
2020-05-25,0.015206,0.012181,0.020456,0.0,0.012339,0.037528,0.0,0.011293,0.013637,0.0,0.01457,0.0,0.025718,0.025082,0.017888,0.028246,0.018521,0.020392,0.019728,0.015784,0.01263,0.037116,0.0,0.08418,0.0,0.07552,0.0521,0.0,0.429885
2020-05-26,0.015521,0.012425,0.021009,0.0,0.01261,0.037964,0.0,0.011208,0.01425,0.0,0.01508,0.0,0.0255,0.025048,0.017884,0.028028,0.01859,0.020262,0.019994,0.016623,0.013014,0.036342,0.0,0.085101,0.0,0.074817,0.051559,0.0,0.427172
2020-05-27,0.015465,0.012553,0.02124,0.0,0.012442,0.037584,0.0,0.011359,0.01484,0.0,0.015554,0.0,0.025716,0.025378,0.018065,0.028135,0.018841,0.020263,0.019982,0.01661,0.013249,0.03634,0.0,0.084263,0.0,0.074739,0.051515,0.0,0.425866
2020-05-28,0.015748,0.012658,0.021474,0.0,0.012532,0.037233,0.0,0.011473,0.014577,0.0,0.015376,0.0,0.026,0.025552,0.018562,0.028025,0.018393,0.020326,0.020055,0.016553,0.013286,0.03639,0.0,0.084281,0.0,0.074523,0.051573,0.0,0.425409
2020-05-29,0.018105,0.0,0.017974,0.0,0.016768,0.049175,0.0,0.011446,0.014848,0.0,0.015245,0.0,0.072452,0.056137,0.022839,0.068678,0.029573,0.03474,0.029933,0.023282,0.017265,0.082282,0.0,0.0805,0.0,0.080502,0.080563,0.0,0.177694
2020-06-01,0.018271,0.0,0.018156,0.0,0.017195,0.049788,0.0,0.011678,0.014944,0.0,0.015202,0.0,0.071376,0.056243,0.022995,0.068313,0.029266,0.035274,0.030336,0.023856,0.017576,0.082247,0.0,0.080155,0.0,0.080068,0.080259,0.0,0.176804
2020-06-02,0.018341,0.0,0.01817,0.0,0.017564,0.050693,0.0,0.011908,0.015009,0.0,0.015343,0.0,0.071526,0.056188,0.023059,0.068703,0.029789,0.035029,0.030238,0.0241,0.017653,0.081415,0.0,0.079454,0.0,0.079644,0.079788,0.0,0.176387
2020-06-03,0.018664,0.0,0.018218,0.0,0.017963,0.051194,0.0,0.011915,0.015502,0.0,0.015874,0.0,0.071084,0.056024,0.023237,0.068944,0.030519,0.035143,0.030377,0.024465,0.018142,0.079574,0.0,0.079582,0.0,0.078837,0.079189,0.0,0.175553
2020-06-04,0.018662,0.0,0.018053,0.0,0.0178,0.050734,0.0,0.011756,0.015876,0.0,0.016079,0.0,0.070679,0.055878,0.022872,0.06853,0.030867,0.03457,0.030164,0.024552,0.018001,0.080592,0.0,0.080576,0.0,0.078699,0.079065,0.0,0.175995
2020-06-05,0.018972,0.0,0.018152,0.0,0.018128,0.051149,0.0,0.011935,0.016321,0.0,0.016523,0.0,0.071189,0.056158,0.02296,0.069714,0.031345,0.034339,0.030405,0.025384,0.018519,0.078263,0.0,0.080041,0.0,0.077618,0.078363,0.0,0.174525
2020-06-08,0.018883,0.0,0.01832,0.0,0.017861,0.050734,0.0,0.011895,0.016542,0.0,0.016764,0.0,0.071294,0.056458,0.023449,0.069689,0.031112,0.034652,0.030292,0.026052,0.018876,0.078686,0.0,0.079554,0.0,0.077286,0.078111,0.0,0.173489
2020-06-09,0.018877,0.0,0.018267,0.0,0.017924,0.050787,0.0,0.011723,0.016227,0.0,0.016384,0.0,0.070715,0.056124,0.023031,0.070178,0.031208,0.034461,0.030324,0.025665,0.018606,0.079627,0.0,0.079795,0.0,0.077741,0.078368,0.0,0.173966
2020-06-10,0.018765,0.0,0.018214,0.0,0.017931,0.051328,0.0,0.011785,0.015582,0.0,0.015954,0.0,0.070438,0.055834,0.022843,0.071181,0.031244,0.034494,0.03029,0.025747,0.01809,0.080577,0.0,0.079261,0.0,0.078137,0.078782,0.0,0.173523
2020-06-11,0.018673,0.0,0.017953,0.0,0.017962,0.050813,0.0,0.011185,0.014722,0.0,0.015262,0.0,0.068444,0.05527,0.022585,0.069039,0.030105,0.033647,0.029391,0.024584,0.017418,0.082308,0.0,0.080429,0.0,0.080682,0.081086,0.0,0.178439
2020-06-12,0.018322,0.0,0.018174,0.0,0.017773,0.051304,0.0,0.011734,0.015083,0.0,0.015472,0.0,0.068508,0.054974,0.022403,0.069546,0.030346,0.033715,0.029821,0.024847,0.017942,0.081968,0.0,0.080042,0.0,0.080057,0.080419,0.0,0.177548
2020-06-15,0.018176,0.0,0.017943,0.0,0.017548,0.051144,0.0,0.011732,0.015264,0.0,0.015597,0.0,0.068537,0.055506,0.022514,0.070089,0.030699,0.034236,0.029882,0.024452,0.018163,0.081673,0.0,0.079427,0.0,0.079845,0.080306,0.0,0.177268
2020-06-16,0.018639,0.0,0.018126,0.0,0.017733,0.051329,0.0,0.011426,0.015367,0.0,0.015761,0.0,0.069602,0.055874,0.022417,0.070949,0.031021,0.034404,0.030165,0.024968,0.018356,0.080909,0.0,0.078722,0.0,0.078974,0.079554,0.0,0.175705
2020-06-17,0.018642,0.0,0.018198,0.0,0.01781,0.051735,0.0,0.011523,0.015128,0.0,0.01564,0.0,0.069498,0.055762,0.022338,0.070899,0.031247,0.034513,0.030418,0.024803,0.018081,0.081023,0.0,0.078683,0.0,0.079058,0.079462,0.0,0.17554
2020-06-18,0.018546,0.0,0.018154,0.0,0.017882,0.051997,0.0,0.011619,0.015099,0.0,0.015572,0.0,0.069219,0.056017,0.02232,0.071173,0.031169,0.034648,0.030169,0.024956,0.017871,0.080812,0.0,0.078401,0.0,0.079184,0.079771,0.0,0.175419
2020-06-19,0.018648,0.0,0.018069,0.0,0.017992,0.05194,0.0,0.011801,0.015001,0.0,0.015383,0.0,0.069893,0.055734,0.021696,0.07069,0.031022,0.03439,0.030135,0.025209,0.017614,0.081714,0.0,0.07841,0.0,0.07922,0.079937,0.0,0.175503
2020-06-22,0.018448,0.0,0.018117,0.0,0.017965,0.052435,0.0,0.01204,0.014866,0.0,0.015346,0.0,0.06934,0.055347,0.021818,0.071728,0.031123,0.034646,0.030481,0.025426,0.017524,0.081906,0.0,0.078032,0.0,0.078824,0.079812,0.0,0.174777
2020-06-23,0.018682,0.0,0.018114,0.0,0.018184,0.053039,0.0,0.01212,0.014892,0.0,0.015304,0.0,0.06944,0.055106,0.021537,0.07204,0.031145,0.03435,0.030432,0.025466,0.017403,0.08236,0.0,0.077925,0.0,0.078574,0.07963,0.0,0.174259
2020-06-24,0.018306,0.0,0.017938,0.0,0.018066,0.053147,0.0,0.011973,0.014531,0.0,0.014941,0.0,0.068399,0.054798,0.021584,0.071218,0.030809,0.034194,0.030165,0.02532,0.0171,0.08301,0.0,0.07823,0.0,0.079621,0.080427,0.0,0.176222
2020-06-25,0.018209,0.0,0.01807,0.0,0.017983,0.052745,0.0,0.012082,0.014858,0.0,0.015047,0.0,0.068797,0.054967,0.021232,0.071845,0.030906,0.034447,0.030657,0.025284,0.017249,0.082631,0.0,0.078037,0.0,0.079319,0.08018,0.0,0.175454
2020-06-26,0.018303,0.0,0.018044,0.0,0.018014,0.0528,0.0,0.012065,0.014338,0.0,0.014889,0.0,0.06852,0.054289,0.02118,0.07101,0.030577,0.03435,0.030267,0.025354,0.017058,0.083683,0.0,0.077155,0.0,0.080189,0.080978,0.0,0.176937
2020-06-29,0.018243,0.0,0.017933,0.0,0.017931,0.052452,0.0,0.012055,0.014406,0.0,0.015281,0.0,0.068703,0.054966,0.021443,0.071334,0.030716,0.034155,0.030415,0.025479,0.017277,0.083201,0.0,0.077776,0.0,0.079762,0.08056,0.0,0.175912
2020-06-30,0.029423,0.010144,0.028876,0.011153,0.0,0.020561,0.0,0.0,0.014975,0.0,0.013888,0.014434,0.057381,0.047259,0.037833,0.051243,0.030375,0.056577,0.048806,0.033894,0.011817,0.064613,0.0,0.065616,0.0,0.093112,0.093276,0.0,0.164745
2020-07-01,0.029533,0.010192,0.028737,0.011119,0.0,0.020684,0.0,0.0,0.014804,0.0,0.013786,0.014054,0.057659,0.047166,0.038609,0.051181,0.029901,0.057185,0.048953,0.034023,0.012055,0.064141,0.0,0.066254,0.0,0.092703,0.093072,0.0,0.164189
2020-07-02,0.029844,0.010245,0.028805,0.011239,0.0,0.021288,0.0,0.0,0.014762,0.0,0.013847,0.01407,0.057851,0.047209,0.038548,0.051265,0.03014,0.057168,0.04879,0.034423,0.011971,0.064012,0.0,0.065737,0.0,0.092431,0.092941,0.0,0.163414
2020-07-03,0.029659,0.010248,0.028813,0.011133,0.0,0.021293,0.0,0.0,0.014766,0.0,0.013851,0.014074,0.057867,0.047222,0.038558,0.051278,0.030148,0.057184,0.048803,0.034432,0.011974,0.064029,0.0,0.065754,0.0,0.092456,0.092966,0.0,0.163494
2020-07-06,0.029905,0.010326,0.028892,0.011168,0.0,0.022613,0.0,0.0,0.014898,0.0,0.013909,0.014306,0.057869,0.04698,0.037705,0.051653,0.030635,0.056999,0.049521,0.036763,0.011848,0.063769,0.0,0.064763,0.0,0.091396,0.092215,0.0,0.161867
2020-07-07,0.029935,0.010193,0.028705,0.011143,0.0,0.022229,0.0,0.0,0.014629,0.0,0.013677,0.014242,0.05751,0.047526,0.037647,0.051241,0.030349,0.056702,0.049282,0.03714,0.011642,0.064331,0.0,0.065164,0.0,0.091918,0.092468,0.0,0.162329
2020-07-08,0.029519,0.010269,0.028532,0.010903,0.0,0.023064,0.0,0.0,0.014704,0.0,0.013605,0.014673,0.057212,0.047156,0.037783,0.051802,0.030598,0.057712,0.049502,0.037447,0.011564,0.064388,0.0,0.065057,0.0,0.09129,0.091815,0.0,0.161405
2020-07-09,0.029366,0.010132,0.028424,0.01081,0.0,0.023144,0.0,0.0,0.014409,0.0,0.013324,0.014278,0.056824,0.046836,0.037317,0.052046,0.031037,0.058683,0.049336,0.037425,0.011505,0.064284,0.0,0.065367,0.0,0.091682,0.092154,0.0,0.161615
2020-07-10,0.029573,0.010196,0.028703,0.010921,0.0,0.022861,0.0,0.0,0.014856,0.0,0.013453,0.014462,0.056507,0.047545,0.0379,0.051865,0.030834,0.058344,0.049858,0.038123,0.011503,0.063912,0.0,0.064444,0.0,0.091209,0.091762,0.0,0.16117
2020-07-13,0.030285,0.010177,0.028667,0.011048,0.0,0.022689,0.0,0.0,0.014979,0.0,0.013562,0.014186,0.057051,0.047662,0.038089,0.05099,0.030446,0.056068,0.04899,0.039588,0.011411,0.064244,0.0,0.064126,0.0,0.091666,0.092325,0.0,0.161754
2020-07-14,0.02968,0.0103,0.028761,0.010804,0.0,0.022388,0.0,0.0,0.014986,0.0,0.013792,0.014661,0.057916,0.048136,0.038268,0.051341,0.030808,0.056363,0.049525,0.038914,0.011454,0.064247,0.0,0.063594,0.0,0.091238,0.091916,0.0,0.16091
2020-07-15,0.030025,0.010365,0.028968,0.011041,0.0,0.0223,0.0,0.0,0.0152,0.0,0.014067,0.014937,0.058349,0.047914,0.03791,0.051339,0.030587,0.05629,0.05021,0.038671,0.011503,0.063954,0.0,0.064193,0.0,0.090712,0.091365,0.0,0.1601
2020-07-16,0.02997,0.010378,0.028799,0.011074,0.0,0.021715,0.0,0.0,0.015268,0.0,0.014134,0.015284,0.058513,0.048229,0.038563,0.050929,0.030608,0.055871,0.049574,0.037201,0.011416,0.063631,0.0,0.06481,0.0,0.091182,0.091956,0.0,0.160898
2020-07-17,0.029931,0.010386,0.028692,0.011019,0.0,0.021719,0.0,0.0,0.015061,0.0,0.014143,0.01527,0.058999,0.048232,0.039225,0.050907,0.030599,0.056356,0.050126,0.037045,0.011503,0.063815,0.0,0.064702,0.0,0.090676,0.091637,0.0,0.159957
2020-07-20,0.029964,0.010424,0.028588,0.010981,0.0,0.022092,0.0,0.0,0.014927,0.0,0.01391,0.015191,0.058731,0.047539,0.038542,0.051981,0.031068,0.057851,0.050422,0.037723,0.011316,0.063844,0.0,0.063951,0.0,0.090341,0.091364,0.0,0.159249
2020-07-21,0.030257,0.010431,0.028553,0.011091,0.0,0.022223,0.0,0.0,0.015194,0.0,0.014069,0.015158,0.05859,0.047868,0.038649,0.051369,0.030855,0.057534,0.050433,0.037657,0.011324,0.0645,0.0,0.063651,0.0,0.090279,0.091408,0.0,0.158907
2020-07-22,0.029987,0.010447,0.028344,0.010912,0.0,0.021782,0.0,0.0,0.015123,0.0,0.014116,0.015675,0.058841,0.048025,0.039062,0.05154,0.030813,0.05725,0.050454,0.037482,0.011444,0.065176,0.0,0.064429,0.0,0.089888,0.090983,0.0,0.158226
2020-07-23,0.030178,0.010369,0.028306,0.010997,0.0,0.021766,0.0,0.0,0.015167,0.0,0.014102,0.015692,0.058697,0.048294,0.039188,0.050304,0.030404,0.056923,0.050478,0.037652,0.011419,0.065886,0.0,0.064234,0.0,0.090161,0.091214,0.0,0.158567
2020-07-24,0.029854,0.010352,0.028436,0.0109,0.0,0.021588,0.0,0.0,0.015215,0.0,0.014069,0.015822,0.05838,0.048506,0.03915,0.049977,0.030097,0.056516,0.05023,0.036206,0.011399,0.066829,0.0,0.064693,0.0,0.090629,0.09171,0.0,0.15944
2020-07-27,0.029747,0.010395,0.028795,0.010725,0.0,0.021459,0.0,0.0,0.014983,0.0,0.014027,0.016319,0.0584,0.048401,0.038401,0.050405,0.030814,0.057003,0.050954,0.036154,0.011425,0.067664,0.0,0.064793,0.0,0.089844,0.091057,0.0,0.158235
2020-07-28,0.02992,0.010354,0.028652,0.010838,0.0,0.021406,0.0,0.0,0.014963,0.0,0.013946,0.015889,0.058403,0.048637,0.039027,0.049874,0.030254,0.056708,0.050365,0.036269,0.011666,0.068309,0.0,0.064496,0.0,0.090164,0.091333,0.0,0.158527
2020-07-29,0.029721,0.010406,0.028436,0.010748,0.0,0.021632,0.0,0.0,0.01512,0.0,0.014044,0.016263,0.058539,0.048313,0.038891,0.050188,0.030628,0.057705,0.050446,0.036723,0.011796,0.068266,0.0,0.064531,0.0,0.089552,0.090805,0.0,0.157246
2020-07-30,0.029516,0.010276,0.028048,0.010684,0.0,0.021533,0.0,0.0,0.014869,0.0,0.013922,0.016236,0.058215,0.048381,0.038946,0.050539,0.031274,0.058245,0.050185,0.036467,0.011737,0.067856,0.0,0.064854,0.0,0.089802,0.091027,0.0,0.157388
2020-07-31,0.043183,0.015979,0.037899,0.0,0.025474,0.038894,0.0,0.0,0.0,0.0,0.022855,0.011449,0.099379,0.099377,0.026061,0.082881,0.047631,0.027193,0.06655,0.061467,0.024775,0.0,0.0,0.031245,0.0,0.112128,0.111794,0.0,0.013786
2020-08-03,0.043382,0.016123,0.038265,0.0,0.025407,0.039254,0.0,0.0,0.0,0.0,0.022708,0.011508,0.099347,0.098063,0.025507,0.084027,0.047984,0.027207,0.067331,0.063529,0.024188,0.0,0.0,0.030873,0.0,0.110892,0.110765,0.0,0.01364
2020-08-04,0.043318,0.016103,0.038515,0.0,0.025454,0.039646,0.0,0.0,0.0,0.0,0.02266,0.011355,0.098453,0.098828,0.025667,0.083854,0.048463,0.027074,0.067409,0.063286,0.024437,0.0,0.0,0.030643,0.0,0.110758,0.110498,0.0,0.013579
2020-08-05,0.043583,0.016144,0.038341,0.0,0.025842,0.039815,0.0,0.0,0.0,0.0,0.023005,0.011433,0.098531,0.09825,0.025242,0.083844,0.048229,0.027151,0.067849,0.064238,0.024221,0.0,0.0,0.030656,0.0,0.109969,0.11013,0.0,0.013528
2020-08-06,0.043354,0.01615,0.038285,0.0,0.025627,0.039876,0.0,0.0,0.0,0.0,0.023076,0.011407,0.097933,0.098163,0.02537,0.08496,0.048168,0.026892,0.067954,0.064292,0.024242,0.0,0.0,0.030548,0.0,0.110015,0.110172,0.0,0.013515
2020-08-07,0.04366,0.016117,0.038413,0.0,0.025493,0.03869,0.0,0.0,0.0,0.0,0.023539,0.011474,0.098539,0.098985,0.025905,0.083943,0.047774,0.0265,0.067897,0.06423,0.024662,0.0,0.0,0.030313,0.0,0.110108,0.110202,0.0,0.013555
2020-08-10,0.043684,0.01614,0.038588,0.0,0.02535,0.038445,0.0,0.0,0.0,0.0,0.024113,0.01165,0.098181,0.099474,0.02589,0.083686,0.047761,0.026142,0.067958,0.064416,0.024694,0.0,0.0,0.030262,0.0,0.109964,0.110044,0.0,0.013557
2020-08-11,0.044306,0.016266,0.039054,0.0,0.02571,0.038545,0.0,0.0,0.0,0.0,0.024335,0.011603,0.097938,0.09917,0.025428,0.082499,0.047445,0.026025,0.068376,0.064733,0.024432,0.0,0.0,0.030292,0.0,0.11001,0.110224,0.0,0.013609
2020-08-12,0.04397,0.01642,0.039402,0.0,0.025512,0.038639,0.0,0.0,0.0,0.0,0.024121,0.01171,0.098387,0.099247,0.025486,0.08336,0.04839,0.025802,0.069349,0.064857,0.024382,0.0,0.0,0.030187,0.0,0.108368,0.10897,0.0,0.013443
2020-08-13,0.044083,0.016377,0.039437,0.0,0.025526,0.038434,0.0,0.0,0.0,0.0,0.024044,0.011771,0.098466,0.099379,0.025498,0.083572,0.04801,0.025938,0.069264,0.064559,0.024133,0.0,0.0,0.030745,0.0,0.108374,0.108922,0.0,0.013468
2020-08-14,0.044027,0.016238,0.039501,0.0,0.025483,0.038482,0.0,0.0,0.0,0.0,0.024181,0.011739,0.09845,0.099543,0.025322,0.083665,0.048068,0.025813,0.069287,0.064273,0.02418,0.0,0.0,0.030693,0.0,0.108623,0.108936,0.0,0.013495
2020-08-17,0.04387,0.016268,0.03939,0.0,0.025518,0.039008,0.0,0.0,0.0,0.0,0.023901,0.011987,0.098343,0.099406,0.025112,0.083638,0.048271,0.025753,0.070032,0.064742,0.024207,0.0,0.0,0.030694,0.0,0.108046,0.108412,0.0,0.013403
2020-08-18,0.04394,0.016239,0.039497,0.0,0.025461,0.039101,0.0,0.0,0.0,0.0,0.023754,0.011971,0.098245,0.099735,0.024982,0.083891,0.047981,0.025956,0.069726,0.064429,0.024075,0.0,0.0,0.030651,0.0,0.108155,0.108818,0.0,0.013393
2020-08-19,0.044296,0.016243,0.039478,0.0,0.025567,0.038877,0.0,0.0,0.0,0.0,0.023807,0.011991,0.098401,0.09943,0.025028,0.084196,0.047941,0.026127,0.069372,0.063539,0.023767,0.0,0.0,0.030929,0.0,0.108538,0.109017,0.0,0.013458
2020-08-20,0.043967,0.016234,0.039394,0.0,0.025058,0.039052,0.0,0.0,0.0,0.0,0.023715,0.012,0.098234,0.099377,0.024844,0.085444,0.047586,0.026493,0.069167,0.063015,0.024028,0.0,0.0,0.030824,0.0,0.109012,0.109075,0.0,0.013478
2020-08-21,0.043866,0.016064,0.039175,0.0,0.025329,0.039368,0.0,0.0,0.0,0.0,0.023746,0.012226,0.098063,0.099349,0.024816,0.08629,0.047775,0.026219,0.068668,0.062974,0.024,0.0,0.0,0.030696,0.0,0.10879,0.109145,0.0,0.013441
2020-08-24,0.044067,0.016197,0.039354,0.0,0.025376,0.039698,0.0,0.0,0.0,0.0,0.024018,0.012185,0.096982,0.099551,0.024872,0.086473,0.04796,0.026204,0.068886,0.063743,0.023998,0.0,0.0,0.030497,0.0,0.107936,0.108654,0.0,0.013348
2020-08-25,0.044002,0.016171,0.0392,0.0,0.025578,0.040217,0.0,0.0,0.0,0.0,0.023926,0.01206,0.09739,0.099083,0.024572,0.086688,0.048302,0.026226,0.06871,0.063945,0.023999,0.0,0.0,0.030866,0.0,0.107405,0.108343,0.0,0.013314
2020-08-26,0.044256,0.016266,0.039188,0.0,0.025641,0.040241,0.0,0.0,0.0,0.0,0.023866,0.011949,0.096975,0.098903,0.024225,0.088181,0.04831,0.026608,0.068729,0.063816,0.023706,0.0,0.0,0.030603,0.0,0.107034,0.108227,0.0,0.013275
2020-08-27,0.044485,0.01608,0.038838,0.0,0.025474,0.039977,0.0,0.0,0.0,0.0,0.023959,0.011797,0.09777,0.099547,0.024312,0.088282,0.047776,0.026426,0.067967,0.064447,0.024063,0.0,0.0,0.030995,0.0,0.106691,0.107835,0.0,0.013279
2020-08-28,0.044225,0.0161,0.038789,0.0,0.025595,0.040213,0.0,0.0,0.0,0.0,0.024027,0.01173,0.097341,0.09977,0.024221,0.088468,0.048337,0.026354,0.068298,0.064759,0.024061,0.0,0.0,0.030896,0.0,0.106162,0.107464,0.0,0.013192
2020-08-31,0.036223,0.0,0.0,0.0,0.034163,0.02175,0.025751,0.0,0.0,0.0,0.0,0.030548,0.103661,0.0865,0.048642,0.059031,0.050251,0.047307,0.081733,0.066393,0.010597,0.018658,0.0,0.028362,0.0,0.115966,0.115409,0.0,0.019053
2020-09-01,0.036062,0.0,0.0,0.0,0.033631,0.022061,0.02661,0.0,0.0,0.0,0.0,0.031213,0.101922,0.085909,0.047705,0.059684,0.050845,0.048212,0.082255,0.067678,0.010521,0.018533,0.0,0.028272,0.0,0.115428,0.114562,0.0,0.018899
2020-09-02,0.036013,0.0,0.0,0.0,0.033214,0.021802,0.026391,0.0,0.0,0.0,0.0,0.030995,0.102945,0.086609,0.048705,0.059624,0.051805,0.048238,0.083345,0.066981,0.010611,0.01811,0.0,0.027957,0.0,0.114455,0.113483,0.0,0.018716
2020-09-03,0.036207,0.0,0.0,0.0,0.033418,0.021713,0.027031,0.0,0.0,0.0,0.0,0.030466,0.102602,0.08721,0.04934,0.057608,0.050118,0.046634,0.081993,0.065636,0.010741,0.018405,0.0,0.028411,0.0,0.117422,0.115869,0.0,0.019174
2020-09-04,0.035551,0.0,0.0,0.0,0.033328,0.021789,0.027284,0.0,0.0,0.0,0.0,0.029976,0.102526,0.087572,0.049375,0.057171,0.049917,0.045814,0.082246,0.066299,0.010754,0.018575,0.0,0.02875,0.0,0.117521,0.116257,0.0,0.019295
2020-09-07,0.036117,0.0,0.0,0.0,0.033685,0.021767,0.027257,0.0,0.0,0.0,0.0,0.029946,0.102424,0.087485,0.049326,0.057114,0.049868,0.045768,0.082165,0.066233,0.010743,0.018556,0.0,0.028722,0.0,0.117404,0.116141,0.0,0.01928
2020-09-08,0.035995,0.0,0.0,0.0,0.033859,0.021491,0.026951,0.0,0.0,0.0,0.0,0.030305,0.102431,0.087082,0.049876,0.055448,0.048336,0.045453,0.082366,0.064305,0.010791,0.018832,0.0,0.029046,0.0,0.119632,0.118205,0.0,0.019597
2020-09-09,0.035992,0.0,0.0,0.0,0.033673,0.02141,0.027381,0.0,0.0,0.0,0.0,0.030883,0.102887,0.087195,0.049877,0.056512,0.049006,0.045706,0.083101,0.064188,0.010755,0.018767,0.0,0.02857,0.0,0.118017,0.116731,0.0,0.019348
2020-09-10,0.036392,0.0,0.0,0.0,0.034042,0.021189,0.026745,0.0,0.0,0.0,0.0,0.030981,0.102234,0.086907,0.049464,0.055739,0.048781,0.045523,0.082869,0.063856,0.010721,0.018877,0.0,0.029027,0.0,0.119238,0.117896,0.0,0.019519
2020-09-11,0.035895,0.0,0.0,0.0,0.033945,0.021391,0.02658,0.0,0.0,0.0,0.0,0.031433,0.102445,0.087231,0.04949,0.05521,0.048677,0.045159,0.08293,0.064583,0.010641,0.018841,0.0,0.029249,0.0,0.119202,0.117612,0.0,0.019487
2020-09-14,0.035926,0.0,0.0,0.0,0.033926,0.021441,0.027112,0.0,0.0,0.0,0.0,0.03156,0.102651,0.086729,0.04956,0.055683,0.049047,0.045228,0.083689,0.066323,0.010768,0.018758,0.0,0.028601,0.0,0.117645,0.116107,0.0,0.019245
2020-09-15,0.035881,0.0,0.0,0.0,0.0341,0.021601,0.026812,0.0,0.0,0.0,0.0,0.03099,0.102141,0.086066,0.049578,0.05588,0.04958,0.045336,0.084103,0.068568,0.010829,0.018596,0.0,0.028499,0.0,0.116849,0.115461,0.0,0.019127
2020-09-16,0.036048,0.0,0.0,0.0,0.034304,0.02156,0.026907,0.0,0.0,0.0,0.0,0.031839,0.10213,0.085818,0.049591,0.055104,0.049193,0.045303,0.083963,0.068405,0.010904,0.018678,0.0,0.028486,0.0,0.116968,0.115644,0.0,0.019154
2020-09-17,0.035646,0.0,0.0,0.0,0.034029,0.021493,0.027214,0.0,0.0,0.0,0.0,0.031482,0.102132,0.085558,0.04935,0.054829,0.049332,0.044981,0.083878,0.069093,0.010727,0.018638,0.0,0.028911,0.0,0.117396,0.116093,0.0,0.019218
2020-09-18,0.035635,0.0,0.0,0.0,0.034154,0.02159,0.026118,0.0,0.0,0.0,0.0,0.031362,0.102564,0.085261,0.04876,0.054195,0.04884,0.045214,0.083779,0.070005,0.010546,0.01877,0.0,0.029254,0.0,0.117965,0.116661,0.0,0.019328
2020-09-21,0.03486,0.0,0.0,0.0,0.03348,0.021722,0.025979,0.0,0.0,0.0,0.0,0.0311,0.101669,0.08545,0.048937,0.055188,0.049236,0.045929,0.083003,0.069039,0.01033,0.018575,0.0,0.029031,0.0,0.119352,0.117605,0.0,0.019515
2020-09-22,0.035004,0.0,0.0,0.0,0.03336,0.0215,0.025622,0.0,0.0,0.0,0.0,0.031951,0.10106,0.085621,0.049053,0.055845,0.049551,0.046629,0.08336,0.068272,0.010413,0.018414,0.0,0.028821,0.0,0.11889,0.117187,0.0,0.019447
2020-09-23,0.035746,0.0,0.0,0.0,0.033778,0.021581,0.025097,0.0,0.0,0.0,0.0,0.031136,0.101462,0.08555,0.048997,0.054884,0.049106,0.046156,0.083812,0.065951,0.010245,0.018276,0.0,0.029137,0.0,0.120605,0.118755,0.0,0.019727
2020-09-24,0.035274,0.0,0.0,0.0,0.0333,0.02141,0.02577,0.0,0.0,0.0,0.0,0.031463,0.100963,0.08619,0.04955,0.055196,0.049525,0.045556,0.083663,0.0651,0.010301,0.018345,0.0,0.029139,0.0,0.120675,0.118849,0.0,0.019728
2020-09-25,0.035142,0.0,0.0,0.0,0.0329,0.021156,0.025399,0.0,0.0,0.0,0.0,0.031204,0.101779,0.085961,0.049968,0.056071,0.04981,0.046175,0.084183,0.065281,0.010431,0.018149,0.0,0.02893,0.0,0.119823,0.118073,0.0,0.019565
2020-09-28,0.035655,0.0,0.0,0.0,0.033153,0.021217,0.02414,0.0,0.0,0.0,0.0,0.032074,0.101731,0.086112,0.049625,0.056606,0.0507,0.046258,0.084619,0.065682,0.010544,0.018159,0.0,0.028462,0.0,0.118676,0.117203,0.0,0.019384
2020-09-29,0.035539,0.0,0.0,0.0,0.033138,0.021155,0.023844,0.0,0.0,0.0,0.0,0.031666,0.101429,0.085398,0.049522,0.056319,0.050732,0.046099,0.085516,0.06737,0.01045,0.018281,0.0,0.028432,0.0,0.11856,0.117195,0.0,0.019354
2020-09-30,0.053868,0.0,0.0,0.0,0.021472,0.012781,0.0,0.022779,0.0,0.0,0.021649,0.04585,0.012794,0.050268,0.0,0.060965,0.046516,0.04644,0.145329,0.053353,0.0,0.04512,0.071884,0.0,0.0,0.0,0.0,0.0,0.288933
2020-10-01,0.053643,0.0,0.0,0.0,0.021414,0.012786,0.0,0.022916,0.0,0.0,0.021398,0.046345,0.01264,0.050114,0.0,0.061076,0.047101,0.046794,0.145987,0.05354,0.0,0.045129,0.072746,0.0,0.0,0.0,0.0,0.0,0.28637
2020-10-02,0.053604,0.0,0.0,0.0,0.021494,0.012717,0.0,0.022868,0.0,0.0,0.021769,0.046886,0.012601,0.050138,0.0,0.05989,0.045967,0.04654,0.145526,0.053242,0.0,0.045364,0.073322,0.0,0.0,0.0,0.0,0.0,0.28807
2020-10-05,0.053711,0.0,0.0,0.0,0.021314,0.012655,0.0,0.023061,0.0,0.0,0.021895,0.046354,0.01273,0.049961,0.0,0.060581,0.046922,0.046838,0.14554,0.053898,0.0,0.045122,0.074184,0.0,0.0,0.0,0.0,0.0,0.285235
2020-10-06,0.054206,0.0,0.0,0.0,0.021666,0.012848,0.0,0.023256,0.0,0.0,0.021768,0.045824,0.012642,0.049956,0.0,0.060027,0.046999,0.047126,0.146062,0.05394,0.0,0.044878,0.071724,0.0,0.0,0.0,0.0,0.0,0.287077
2020-10-07,0.053713,0.0,0.0,0.0,0.021619,0.012868,0.0,0.023266,0.0,0.0,0.022036,0.045888,0.012757,0.050011,0.0,0.060544,0.047442,0.047372,0.14708,0.054527,0.0,0.04443,0.072216,0.0,0.0,0.0,0.0,0.0,0.28423
2020-10-08,0.053802,0.0,0.0,0.0,0.021564,0.012892,0.0,0.023208,0.0,0.0,0.022156,0.046866,0.012762,0.050119,0.0,0.060586,0.047816,0.047292,0.146886,0.054506,0.0,0.044389,0.072188,0.0,0.0,0.0,0.0,0.0,0.282966
2020-10-09,0.053741,0.0,0.0,0.0,0.021606,0.012806,0.0,0.023178,0.0,0.0,0.021973,0.046674,0.012724,0.049907,0.0,0.060778,0.048075,0.047373,0.146543,0.055015,0.0,0.044655,0.07528,0.0,0.0,0.0,0.0,0.0,0.27967
2020-10-12,0.054091,0.0,0.0,0.0,0.021623,0.012982,0.0,0.022925,0.0,0.0,0.021961,0.046634,0.012731,0.050171,0.0,0.062049,0.048487,0.047939,0.146839,0.054892,0.0,0.044251,0.074558,0.0,0.0,0.0,0.0,0.0,0.277866
2020-10-13,0.054211,0.0,0.0,0.0,0.021606,0.013052,0.0,0.022858,0.0,0.0,0.021821,0.046449,0.012694,0.050372,0.0,0.061945,0.04863,0.048503,0.147537,0.055114,0.0,0.043762,0.072215,0.0,0.0,0.0,0.0,0.0,0.279229
2020-10-14,0.054095,0.0,0.0,0.0,0.021695,0.012938,0.0,0.023076,0.0,0.0,0.021965,0.046416,0.012633,0.050164,0.0,0.061678,0.048482,0.048344,0.147532,0.055143,0.0,0.043941,0.072448,0.0,0.0,0.0,0.0,0.0,0.279449
2020-10-15,0.053489,0.0,0.0,0.0,0.021356,0.012873,0.0,0.022706,0.0,0.0,0.022121,0.047136,0.012585,0.05037,0.0,0.061615,0.048521,0.048176,0.146275,0.05522,0.0,0.044255,0.072862,0.0,0.0,0.0,0.0,0.0,0.28044
2020-10-16,0.054105,0.0,0.0,0.0,0.021557,0.013034,0.0,0.022779,0.0,0.0,0.022308,0.046697,0.012725,0.050445,0.0,0.06151,0.048347,0.048194,0.146499,0.054482,0.0,0.044154,0.0724,0.0,0.0,0.0,0.0,0.0,0.280764
2020-10-19,0.054092,0.0,0.0,0.0,0.021758,0.013015,0.0,0.022942,0.0,0.0,0.022133,0.045891,0.012581,0.050017,0.0,0.06066,0.048324,0.047894,0.146968,0.054042,0.0,0.044379,0.073251,0.0,0.0,0.0,0.0,0.0,0.282052
2020-10-20,0.053489,0.0,0.0,0.0,0.021718,0.013111,0.0,0.022916,0.0,0.0,0.022147,0.046061,0.01254,0.049737,0.0,0.060593,0.048026,0.047236,0.147669,0.055274,0.0,0.044391,0.074339,0.0,0.0,0.0,0.0,0.0,0.280753
2020-10-21,0.053575,0.0,0.0,0.0,0.021905,0.013178,0.0,0.022958,0.0,0.0,0.021982,0.044803,0.012511,0.049916,0.0,0.060663,0.047832,0.046686,0.147251,0.05498,0.0,0.044845,0.075412,0.0,0.0,0.0,0.0,0.0,0.281502
2020-10-22,0.053514,0.0,0.0,0.0,0.021916,0.013169,0.0,0.022881,0.0,0.0,0.022215,0.043771,0.012731,0.050011,0.0,0.060521,0.047964,0.046705,0.147957,0.055462,0.0,0.044511,0.07452,0.0,0.0,0.0,0.0,0.0,0.282151
2020-10-23,0.053733,0.0,0.0,0.0,0.021878,0.013211,0.0,0.022981,0.0,0.0,0.022286,0.044684,0.012768,0.050063,0.0,0.060406,0.047758,0.046772,0.147839,0.054871,0.0,0.044428,0.074396,0.0,0.0,0.0,0.0,0.0,0.281926
2020-10-26,0.053437,0.0,0.0,0.0,0.02205,0.013256,0.0,0.022792,0.0,0.0,0.021996,0.043579,0.012781,0.050029,0.0,0.059824,0.047299,0.046452,0.146466,0.055469,0.0,0.044953,0.074229,0.0,0.0,0.0,0.0,0.0,0.285387
2020-10-27,0.053424,0.0,0.0,0.0,0.022128,0.013459,0.0,0.022942,0.0,0.0,0.021493,0.042776,0.012681,0.049847,0.0,0.060063,0.047066,0.046405,0.146833,0.056281,0.0,0.045026,0.074548,0.0,0.0,0.0,0.0,0.0,0.28503
2020-10-28,0.052986,0.0,0.0,0.0,0.022087,0.013461,0.0,0.02273,0.0,0.0,0.02121,0.043367,0.012528,0.049374,0.0,0.058683,0.046449,0.045976,0.145612,0.056645,0.0,0.045198,0.072883,0.0,0.0,0.0,0.0,0.0,0.29081
2020-10-29,0.05266,0.0,0.0,0.0,0.021978,0.013658,0.0,0.022666,0.0,0.0,0.021407,0.042793,0.012361,0.049102,0.0,0.059352,0.04738,0.045523,0.14679,0.057846,0.0,0.044777,0.072271,0.0,0.0,0.0,0.0,0.0,0.289433
2020-10-30,0.037724,0.022123,0.020595,0.0,0.0,0.0,0.0,0.091435,0.0,0.0,0.022224,0.248507,0.02964,0.074101,0.0,0.03219,0.051024,0.015382,0.200378,0.102632,0.013997,0.0,0.016488,0.0,0.0,0.0,0.0,0.0,0.02156
2020-11-02,0.037587,0.02205,0.020449,0.0,0.0,0.0,0.0,0.090114,0.0,0.0,0.022428,0.251842,0.029649,0.073972,0.0,0.031711,0.050317,0.015142,0.198603,0.104357,0.014082,0.0,0.016511,0.0,0.0,0.0,0.0,0.0,0.021185
2020-11-03,0.037858,0.022308,0.020517,0.0,0.0,0.0,0.0,0.089205,0.0,0.0,0.022689,0.251523,0.029559,0.073881,0.0,0.031709,0.050374,0.015209,0.200038,0.103967,0.014104,0.0,0.016246,0.0,0.0,0.0,0.0,0.0,0.020814
2020-11-04,0.037699,0.022056,0.019974,0.0,0.0,0.0,0.0,0.089295,0.0,0.0,0.021896,0.257778,0.030104,0.072079,0.0,0.032124,0.05084,0.015453,0.198268,0.102661,0.013778,0.0,0.015701,0.0,0.0,0.0,0.0,0.0,0.020294
2020-11-05,0.037485,0.022105,0.020023,0.0,0.0,0.0,0.0,0.088489,0.0,0.0,0.021927,0.252414,0.029511,0.071033,0.0,0.032404,0.051973,0.015433,0.199368,0.108131,0.013543,0.0,0.016307,0.0,0.0,0.0,0.0,0.0,0.019854
2020-11-06,0.037659,0.022291,0.020141,0.0,0.0,0.0,0.0,0.089744,0.0,0.0,0.022059,0.247148,0.029671,0.071723,0.0,0.032684,0.053088,0.015545,0.199911,0.108349,0.013519,0.0,0.016515,0.0,0.0,0.0,0.0,0.0,0.019951
2020-11-09,0.038981,0.023069,0.020847,0.0,0.0,0.0,0.0,0.092364,0.0,0.0,0.022935,0.231156,0.030113,0.071949,0.0,0.032625,0.052757,0.015383,0.205985,0.111998,0.014074,0.0,0.015705,0.0,0.0,0.0,0.0,0.0,0.020059
2020-11-10,0.0384,0.023371,0.020737,0.0,0.0,0.0,0.0,0.091063,0.0,0.0,0.023304,0.24227,0.030155,0.073259,0.0,0.031969,0.051098,0.015152,0.200101,0.1092,0.014259,0.0,0.015633,0.0,0.0,0.0,0.0,0.0,0.020028
2020-11-11,0.038362,0.023335,0.020651,0.0,0.0,0.0,0.0,0.090691,0.0,0.0,0.022874,0.243727,0.029812,0.073141,0.0,0.032396,0.052403,0.01533,0.201068,0.106671,0.014168,0.0,0.015537,0.0,0.0,0.0,0.0,0.0,0.019833
2020-11-12,0.038582,0.023242,0.020529,0.0,0.0,0.0,0.0,0.090408,0.0,0.0,0.022832,0.241476,0.02999,0.073651,0.0,0.032419,0.052258,0.015449,0.201541,0.107772,0.014119,0.0,0.015708,0.0,0.0,0.0,0.0,0.0,0.020022
2020-11-13,0.037938,0.023216,0.020477,0.0,0.0,0.0,0.0,0.090403,0.0,0.0,0.022952,0.242584,0.029867,0.073432,0.0,0.032153,0.052023,0.015328,0.201506,0.108488,0.014256,0.0,0.015688,0.0,0.0,0.0,0.0,0.0,0.01969
2020-11-16,0.038054,0.023144,0.020487,0.0,0.0,0.0,0.0,0.090139,0.0,0.0,0.023194,0.242192,0.029413,0.073105,0.0,0.032025,0.052597,0.015295,0.202565,0.108588,0.014221,0.0,0.015557,0.0,0.0,0.0,0.0,0.0,0.019423
2020-11-17,0.038189,0.023239,0.020495,0.0,0.0,0.0,0.0,0.090376,0.0,0.0,0.023232,0.243011,0.029346,0.072901,0.0,0.031983,0.052387,0.01547,0.20186,0.108277,0.014295,0.0,0.015433,0.0,0.0,0.0,0.0,0.0,0.019506
2020-11-18,0.038478,0.023231,0.020464,0.0,0.0,0.0,0.0,0.090678,0.0,0.0,0.02325,0.244333,0.028952,0.072277,0.0,0.031808,0.05227,0.015341,0.202593,0.107244,0.014091,0.0,0.015385,0.0,0.0,0.0,0.0,0.0,0.019604
2020-11-19,0.037899,0.023295,0.020513,0.0,0.0,0.0,0.0,0.089977,0.0,0.0,0.023211,0.244605,0.028809,0.072168,0.0,0.031929,0.052819,0.015527,0.20279,0.107613,0.014087,0.0,0.015232,0.0,0.0,0.0,0.0,0.0,0.019525
2020-11-20,0.03811,0.023251,0.020715,0.0,0.0,0.0,0.0,0.089878,0.0,0.0,0.022969,0.243101,0.028703,0.071616,0.0,0.031557,0.0525,0.015615,0.203231,0.110005,0.013991,0.0,0.015259,0.0,0.0,0.0,0.0,0.0,0.019498
2020-11-23,0.037473,0.022971,0.020499,0.0,0.0,0.0,0.0,0.08918,0.0,0.0,0.023097,0.246666,0.028314,0.070849,0.0,0.031202,0.052662,0.015492,0.20164,0.112095,0.013863,0.0,0.014715,0.0,0.0,0.0,0.0,0.0,0.019283
2020-11-24,0.037942,0.023172,0.020672,0.0,0.0,0.0,0.0,0.090066,0.0,0.0,0.023345,0.240787,0.02821,0.070856,0.0,0.031426,0.052598,0.015492,0.202941,0.115076,0.013845,0.0,0.014417,0.0,0.0,0.0,0.0,0.0,0.019155
2020-11-25,0.038078,0.023266,0.020604,0.0,0.0,0.0,0.0,0.089492,0.0,0.0,0.023257,0.242104,0.028215,0.071088,0.0,0.031616,0.052686,0.015672,0.203663,0.112591,0.013907,0.0,0.014534,0.0,0.0,0.0,0.0,0.0,0.019229
2020-11-26,0.03813,0.023265,0.020603,0.0,0.0,0.0,0.0,0.089488,0.0,0.0,0.023256,0.242092,0.028214,0.071084,0.0,0.031614,0.052683,0.015671,0.203653,0.112586,0.013906,0.0,0.014533,0.0,0.0,0.0,0.0,0.0,0.019223
2020-11-27,0.038102,0.023242,0.020783,0.0,0.0,0.0,0.0,0.089329,0.0,0.0,0.023088,0.241427,0.028316,0.07068,0.0,0.031606,0.053015,0.015769,0.205347,0.112405,0.013767,0.0,0.014006,0.0,0.0,0.0,0.0,0.0,0.019116
2020-11-30,0.0,0.0,0.019902,0.0,0.038413,0.042543,0.0,0.075952,0.010492,0.0,0.032832,0.024659,0.0,0.061308,0.073443,0.0,0.056338,0.0,0.123933,0.090194,0.0,0.023035,0.028123,0.062245,0.0,0.10701,0.106448,0.0,0.023128
2020-12-01,0.0,0.0,0.0201,0.0,0.038734,0.042435,0.0,0.077515,0.010544,0.0,0.032411,0.024067,0.0,0.061209,0.073192,0.0,0.056675,0.0,0.125557,0.090543,0.0,0.023277,0.029485,0.060928,0.0,0.10534,0.105107,0.0,0.02288
2020-12-02,0.0,0.0,0.020101,0.0,0.038859,0.042255,0.0,0.077423,0.010678,0.0,0.032512,0.023476,0.0,0.060807,0.073806,0.0,0.05694,0.0,0.125582,0.089708,0.0,0.023493,0.029576,0.061153,0.0,0.105347,0.105366,0.0,0.022919
2020-12-03,0.0,0.0,0.020104,0.0,0.039315,0.042548,0.0,0.077575,0.010657,0.0,0.032522,0.024146,0.0,0.060821,0.072874,0.0,0.056884,0.0,0.125294,0.089468,0.0,0.023624,0.029641,0.060855,0.0,0.105386,0.105416,0.0,0.022872
2020-12-04,0.0,0.0,0.020089,0.0,0.039346,0.042345,0.0,0.077903,0.01073,0.0,0.032736,0.023736,0.0,0.060969,0.071764,0.0,0.058126,0.0,0.12598,0.091272,0.0,0.023432,0.02955,0.060219,0.0,0.104419,0.104635,0.0,0.022748
2020-12-07,0.0,0.0,0.019755,0.0,0.039405,0.042046,0.0,0.07832,0.010635,0.0,0.032513,0.024208,0.0,0.060614,0.072023,0.0,0.058304,0.0,0.123808,0.092702,0.0,0.023735,0.029937,0.06006,0.0,0.104534,0.1047,0.0,0.022699
2020-12-08,0.0,0.0,0.019736,0.0,0.039135,0.04204,0.0,0.078269,0.010597,0.0,0.032564,0.023538,0.0,0.060748,0.071571,0.0,0.058302,0.0,0.123979,0.094817,0.0,0.02374,0.02984,0.059668,0.0,0.104298,0.104533,0.0,0.022625
2020-12-09,0.0,0.0,0.020019,0.0,0.03931,0.041641,0.0,0.078777,0.010648,0.0,0.032875,0.023805,0.0,0.060946,0.071965,0.0,0.057071,0.0,0.124109,0.09297,0.0,0.023504,0.029279,0.06022,0.0,0.104908,0.10516,0.0,0.022794
2020-12-10,0.0,0.0,0.020013,0.0,0.03948,0.042141,0.0,0.079175,0.010645,0.0,0.032498,0.023797,0.0,0.060556,0.071456,0.0,0.056879,0.0,0.123865,0.093484,0.0,0.023413,0.02934,0.060378,0.0,0.104938,0.105193,0.0,0.022749
2020-12-11,0.0,0.0,0.020106,0.0,0.03945,0.041852,0.0,0.079126,0.010564,0.0,0.032657,0.023813,0.0,0.060843,0.071749,0.0,0.056467,0.0,0.123711,0.092065,0.0,0.023515,0.029334,0.061081,0.0,0.10541,0.105448,0.0,0.022809
2020-12-14,0.0,0.0,0.020147,0.0,0.03929,0.041553,0.0,0.078968,0.010429,0.0,0.032193,0.023895,0.0,0.060531,0.07129,0.0,0.057025,0.0,0.124441,0.093411,0.0,0.023355,0.029166,0.061003,0.0,0.105215,0.105314,0.0,0.022776
2020-12-15,0.0,0.0,0.020096,0.0,0.038974,0.041331,0.0,0.079388,0.010505,0.0,0.032327,0.023958,0.0,0.060092,0.071996,0.0,0.057264,0.0,0.124544,0.09467,0.0,0.023455,0.029719,0.060534,0.0,0.1041,0.104491,0.0,0.022556
2020-12-16,0.0,0.0,0.02008,0.0,0.03926,0.04164,0.0,0.079236,0.010516,0.0,0.032107,0.023939,0.0,0.06017,0.071118,0.0,0.05726,0.0,0.124082,0.094812,0.0,0.023569,0.030769,0.060534,0.0,0.103947,0.104416,0.0,0.022545
2020-12-17,0.0,0.0,0.02006,0.0,0.039245,0.041813,0.0,0.07928,0.010474,0.0,0.032082,0.024703,0.0,0.06014,0.071108,0.0,0.056974,0.0,0.124827,0.094616,0.0,0.023654,0.031244,0.060469,0.0,0.103162,0.103762,0.0,0.022387
2020-12-18,0.0,0.0,0.020012,0.0,0.039296,0.041807,0.0,0.079398,0.010387,0.0,0.032101,0.024826,0.0,0.060301,0.070529,0.0,0.056662,0.0,0.12443,0.095831,0.0,0.023625,0.031013,0.060498,0.0,0.103123,0.103762,0.0,0.022398
2020-12-21,0.0,0.0,0.019842,0.0,0.038866,0.041706,0.0,0.076891,0.010552,0.0,0.031981,0.024725,0.0,0.05979,0.069837,0.0,0.05654,0.0,0.124034,0.099224,0.0,0.023605,0.03163,0.06091,0.0,0.103432,0.103986,0.0,0.022451
2020-12-22,0.0,0.0,0.019868,0.0,0.038704,0.041456,0.0,0.077636,0.010468,0.0,0.031889,0.024867,0.0,0.059474,0.069824,0.0,0.056557,0.0,0.125055,0.098964,0.0,0.02346,0.030451,0.060785,0.0,0.103789,0.10427,0.0,0.022482
2020-12-23,0.0,0.0,0.01984,0.0,0.038897,0.041485,0.0,0.078574,0.010587,0.0,0.031894,0.024387,0.0,0.05937,0.069333,0.0,0.055848,0.0,0.12537,0.099834,0.0,0.023496,0.030776,0.061097,0.0,0.103049,0.103791,0.0,0.022372
2020-12-24,0.0,0.0,0.019755,0.0,0.038788,0.040326,0.0,0.07933,0.010595,0.0,0.031877,0.024768,0.0,0.059627,0.069779,0.0,0.05631,0.0,0.124835,0.098968,0.0,0.023575,0.030963,0.061251,0.0,0.103129,0.103765,0.0,0.022358
2020-12-28,0.0,0.0,0.01986,0.0,0.038602,0.040019,0.0,0.079672,0.010595,0.0,0.031764,0.024174,0.0,0.059812,0.069751,0.0,0.055979,0.0,0.124877,0.101137,0.0,0.023377,0.031419,0.060726,0.0,0.102643,0.103341,0.0,0.022253
2020-12-29,0.0,0.0,0.020123,0.0,0.039162,0.040959,0.0,0.080032,0.010566,0.0,0.031596,0.024017,0.0,0.059679,0.069791,0.0,0.055876,0.0,0.125423,0.0986,0.0,0.023479,0.031391,0.060964,0.0,0.102702,0.103369,0.0,0.02227
2020-12-30,0.0,0.0,0.01992,0.0,0.039294,0.041429,0.0,0.079646,0.010502,0.0,0.031464,0.023823,0.0,0.058989,0.069405,0.0,0.056214,0.0,0.124625,0.102735,0.0,0.02341,0.031531,0.060932,0.0,0.101689,0.102361,0.0,0.022032
2020-12-31,0.030803,0.0,0.02101,0.0,0.048016,0.021023,0.0,0.035136,0.0,0.0,0.074631,0.010321,0.0,0.17388,0.026502,0.011504,0.077586,0.0,0.142451,0.06168,0.0,0.0,0.0,0.029487,0.0,0.115378,0.115386,0.0,0.005207
2021-01-04,0.03067,0.0,0.020786,0.0,0.048308,0.021117,0.0,0.035256,0.0,0.0,0.072912,0.010151,0.0,0.172199,0.025864,0.011329,0.077351,0.0,0.142036,0.066152,0.0,0.0,0.0,0.029467,0.0,0.115541,0.115647,0.0,0.005213
2021-01-05,0.030405,0.0,0.020732,0.0,0.048278,0.021539,0.0,0.035472,0.0,0.0,0.072763,0.009992,0.0,0.170173,0.025556,0.011269,0.078004,0.0,0.142875,0.070343,0.0,0.0,0.0,0.029283,0.0,0.113916,0.114251,0.0,0.005151
2021-01-06,0.030844,0.0,0.020982,0.0,0.048508,0.021099,0.0,0.035365,0.0,0.0,0.07451,0.010098,0.0,0.170329,0.026196,0.011076,0.077763,0.0,0.143111,0.068609,0.0,0.0,0.0,0.029161,0.0,0.113268,0.11393,0.0,0.005151
2021-01-07,0.030828,0.0,0.020776,0.0,0.048094,0.021096,0.0,0.034928,0.0,0.0,0.074338,0.01031,0.0,0.168502,0.025653,0.011287,0.080072,0.0,0.144155,0.070964,0.0,0.0,0.0,0.028917,0.0,0.111994,0.112976,0.0,0.005112
2021-01-08,0.030874,0.0,0.021102,0.0,0.049259,0.021726,0.0,0.035657,0.0,0.0,0.07396,0.010005,0.0,0.16889,0.0258,0.01133,0.079902,0.0,0.144742,0.069166,0.0,0.0,0.0,0.028876,0.0,0.111377,0.112235,0.0,0.005099
2021-01-11,0.030932,0.0,0.021013,0.0,0.049212,0.021375,0.0,0.035646,0.0,0.0,0.074321,0.010229,0.0,0.168325,0.025693,0.011295,0.081133,0.0,0.144651,0.067918,0.0,0.0,0.0,0.028811,0.0,0.111741,0.11258,0.0,0.005124
2021-01-12,0.030736,0.0,0.021018,0.0,0.049362,0.021514,0.0,0.035784,0.0,0.0,0.074684,0.01027,0.0,0.166928,0.025428,0.011184,0.081217,0.0,0.144729,0.0696,0.0,0.0,0.0,0.029115,0.0,0.111164,0.112168,0.0,0.005099
2021-01-13,0.030807,0.0,0.021082,0.0,0.049238,0.021698,0.0,0.035653,0.0,0.0,0.074052,0.010237,0.0,0.167207,0.025929,0.011257,0.081362,0.0,0.144878,0.068273,0.0,0.0,0.0,0.029227,0.0,0.111567,0.112434,0.0,0.005099
2021-01-14,0.030779,0.0,0.021191,0.0,0.049809,0.021718,0.0,0.035588,0.0,0.0,0.073924,0.010204,0.0,0.165463,0.025696,0.011101,0.082656,0.0,0.147732,0.067027,0.0,0.0,0.0,0.029396,0.0,0.110738,0.111906,0.0,0.005072
2021-01-15,0.03067,0.0,0.021006,0.0,0.049497,0.021858,0.0,0.035198,0.0,0.0,0.073589,0.010354,0.0,0.166301,0.02617,0.011081,0.08167,0.0,0.145873,0.066897,0.0,0.0,0.0,0.029738,0.0,0.111991,0.11299,0.0,0.005116
2021-01-18,0.03067,0.0,0.021003,0.0,0.049618,0.021855,0.0,0.035193,0.0,0.0,0.07358,0.010352,0.0,0.166279,0.026167,0.01108,0.081659,0.0,0.145854,0.066888,0.0,0.0,0.0,0.029734,0.0,0.111976,0.112976,0.0,0.005115
2021-01-19,0.030501,0.0,0.020964,0.0,0.049687,0.022465,0.0,0.035043,0.0,0.0,0.073254,0.010473,0.0,0.164276,0.025867,0.011138,0.083813,0.0,0.147168,0.067279,0.0,0.0,0.0,0.029435,0.0,0.111184,0.112374,0.0,0.005077
2021-01-20,0.030624,0.0,0.020913,0.0,0.05011,0.022972,0.0,0.035509,0.0,0.0,0.073157,0.010828,0.0,0.163351,0.025826,0.011274,0.082892,0.0,0.148235,0.06809,0.0,0.0,0.0,0.029074,0.0,0.110402,0.111703,0.0,0.005038
2021-01-21,0.030668,0.0,0.020806,0.0,0.05033,0.022868,0.0,0.035304,0.0,0.0,0.072496,0.010976,0.0,0.1626,0.025643,0.011406,0.083986,0.0,0.14801,0.068844,0.0,0.0,0.0,0.029091,0.0,0.110106,0.111835,0.0,0.005032
2021-01-22,0.030675,0.0,0.020903,0.0,0.049964,0.022951,0.0,0.035067,0.0,0.0,0.072416,0.011132,0.0,0.16284,0.025785,0.011409,0.082899,0.0,0.147823,0.069493,0.0,0.0,0.0,0.028749,0.0,0.110725,0.112118,0.0,0.005051
2021-01-25,0.030406,0.0,0.020901,0.0,0.05003,0.023324,0.0,0.034353,0.0,0.0,0.071638,0.011134,0.0,0.163811,0.026197,0.011458,0.082687,0.0,0.14794,0.069553,0.0,0.0,0.0,0.028847,0.0,0.11073,0.111959,0.0,0.005032
2021-01-26,0.030685,0.0,0.020953,0.0,0.049854,0.023162,0.0,0.034425,0.0,0.0,0.071145,0.010985,0.0,0.165669,0.025996,0.011493,0.081535,0.0,0.147703,0.069146,0.0,0.0,0.0,0.029198,0.0,0.110952,0.112055,0.0,0.005045
2021-01-27,0.0307,0.0,0.020857,0.0,0.049838,0.022822,0.0,0.034301,0.0,0.0,0.070964,0.010916,0.0,0.16575,0.025743,0.011475,0.078669,0.0,0.148152,0.068029,0.0,0.0,0.0,0.029606,0.0,0.113046,0.114,0.0,0.005132
2021-01-28,0.030739,0.0,0.020931,0.0,0.049538,0.02275,0.0,0.034725,0.0,0.0,0.071809,0.010893,0.0,0.165898,0.025975,0.011489,0.08016,0.0,0.147041,0.06734,0.0,0.0,0.0,0.029285,0.0,0.112422,0.113889,0.0,0.005118
2021-01-29,0.04666,0.033252,0.0318,0.0,0.021666,0.0,0.041844,0.084123,0.025053,0.0,0.099705,0.0,0.0,0.173226,0.0,0.0,0.048319,0.090517,0.131009,0.101455,0.0,0.0,0.025894,0.0,0.02596,0.0,0.0,0.0,0.019517
2021-02-01,0.046227,0.033115,0.031587,0.0,0.021668,0.0,0.042012,0.086033,0.024951,0.0,0.09903,0.0,0.0,0.170445,0.0,0.0,0.049375,0.090641,0.131562,0.10136,0.0,0.0,0.027257,0.0,0.025549,0.0,0.0,0.0,0.01919
2021-02-02,0.046314,0.032962,0.031361,0.0,0.021761,0.0,0.042281,0.086759,0.025171,0.0,0.099615,0.0,0.0,0.169009,0.0,0.0,0.049422,0.091115,0.131421,0.104286,0.0,0.0,0.02462,0.0,0.025003,0.0,0.0,0.0,0.0189
2021-02-03,0.046465,0.033076,0.031622,0.0,0.021927,0.0,0.042801,0.08764,0.025375,0.0,0.099928,0.0,0.0,0.169687,0.0,0.0,0.048537,0.088979,0.130993,0.104107,0.0,0.0,0.025073,0.0,0.024842,0.0,0.0,0.0,0.018946
2021-02-04,0.046612,0.033035,0.031594,0.0,0.021772,0.0,0.042061,0.087876,0.025885,0.0,0.100793,0.0,0.0,0.170568,0.0,0.0,0.048834,0.090433,0.130499,0.101839,0.0,0.0,0.02457,0.0,0.024725,0.0,0.0,0.0,0.018906
2021-02-05,0.046763,0.033094,0.031692,0.0,0.021907,0.0,0.042748,0.087462,0.025771,0.0,0.100909,0.0,0.0,0.171355,0.0,0.0,0.048272,0.090166,0.130817,0.100898,0.0,0.0,0.024924,0.0,0.024402,0.0,0.0,0.0,0.01882
2021-02-08,0.046448,0.032823,0.031908,0.0,0.021734,0.0,0.042328,0.087471,0.02582,0.0,0.10066,0.0,0.0,0.170129,0.0,0.0,0.049178,0.08985,0.131493,0.102216,0.0,0.0,0.025086,0.0,0.024242,0.0,0.0,0.0,0.018613
2021-02-09,0.04641,0.032853,0.031923,0.0,0.021804,0.0,0.041819,0.086737,0.025702,0.0,0.100424,0.0,0.0,0.169143,0.0,0.0,0.048793,0.090447,0.132613,0.103815,0.0,0.0,0.024855,0.0,0.024141,0.0,0.0,0.0,0.01852
2021-02-10,0.0465,0.03276,0.031918,0.0,0.021991,0.0,0.041529,0.086904,0.025745,0.0,0.100437,0.0,0.0,0.169249,0.0,0.0,0.048972,0.089973,0.132726,0.103711,0.0,0.0,0.024691,0.0,0.024343,0.0,0.0,0.0,0.018551
2021-02-11,0.046417,0.032857,0.031927,0.0,0.022183,0.0,0.041625,0.087412,0.025537,0.0,0.099732,0.0,0.0,0.167675,0.0,0.0,0.050418,0.089901,0.133025,0.104152,0.0,0.0,0.024589,0.0,0.02409,0.0,0.0,0.0,0.01846
2021-02-12,0.046394,0.032929,0.032,0.0,0.022092,0.0,0.041545,0.087093,0.025699,0.0,0.100065,0.0,0.0,0.16728,0.0,0.0,0.050844,0.089824,0.132947,0.104492,0.0,0.0,0.024708,0.0,0.023699,0.0,0.0,0.0,0.018389
2021-02-15,0.046792,0.032908,0.031979,0.0,0.022307,0.0,0.041518,0.087036,0.025682,0.0,0.1,0.0,0.0,0.16717,0.0,0.0,0.050811,0.089765,0.13286,0.104423,0.0,0.0,0.024692,0.0,0.023683,0.0,0.0,0.0,0.018374
2021-02-16,0.046505,0.033151,0.032049,0.0,0.022065,0.0,0.041658,0.086667,0.026066,0.0,0.099685,0.0,0.0,0.166506,0.0,0.0,0.050957,0.088236,0.132247,0.108007,0.0,0.0,0.02459,0.0,0.023273,0.0,0.0,0.0,0.018338
2021-02-17,0.046286,0.03298,0.032174,0.0,0.02208,0.0,0.041741,0.087494,0.026335,0.0,0.099938,0.0,0.0,0.168004,0.0,0.0,0.05035,0.088238,0.130721,0.106828,0.0,0.0,0.024858,0.0,0.023545,0.0,0.0,0.0,0.018428
2021-02-18,0.046743,0.033284,0.032174,0.0,0.022005,0.0,0.041627,0.088267,0.026498,0.0,0.100644,0.0,0.0,0.169939,0.0,0.0,0.050436,0.08921,0.131011,0.100951,0.0,0.0,0.024823,0.0,0.023734,0.0,0.0,0.0,0.018654
2021-02-19,0.046977,0.033237,0.032261,0.0,0.022288,0.0,0.041598,0.087488,0.026718,0.0,0.101939,0.0,0.0,0.167208,0.0,0.0,0.051471,0.089291,0.131991,0.100671,0.0,0.0,0.024933,0.0,0.023337,0.0,0.0,0.0,0.018592
2021-02-22,0.047247,0.033624,0.032658,0.0,0.021979,0.0,0.039596,0.087092,0.027362,0.0,0.103769,0.0,0.0,0.169825,0.0,0.0,0.050336,0.088035,0.130941,0.098863,0.0,0.0,0.026312,0.0,0.0235,0.0,0.0,0.0,0.018858
2021-02-23,0.047144,0.033775,0.032715,0.0,0.021925,0.0,0.040836,0.08836,0.02764,0.0,0.104506,0.0,0.0,0.170744,0.0,0.0,0.050159,0.087089,0.129814,0.096978,0.0,0.0,0.025855,0.0,0.023527,0.0,0.0,0.0,0.018934
2021-02-24,0.047116,0.033798,0.032203,0.0,0.021622,0.0,0.040946,0.088575,0.027969,0.0,0.105691,0.0,0.0,0.169374,0.0,0.0,0.051402,0.086264,0.12915,0.098003,0.0,0.0,0.025892,0.0,0.023199,0.0,0.0,0.0,0.018796
2021-02-25,0.048285,0.034135,0.032507,0.0,0.02223,0.0,0.039984,0.0894,0.028204,0.0,0.106553,0.0,0.0,0.172063,0.0,0.0,0.049787,0.086195,0.128513,0.093356,0.0,0.0,0.02604,0.0,0.023438,0.0,0.0,0.0,0.019309
2021-02-26,0.032157,0.013173,0.066278,0.098129,0.049041,0.016444,0.014504,0.027461,0.014221,0.0,0.013947,0.0,0.060839,0.041146,0.01724,0.0,0.051402,0.041994,0.126758,0.101063,0.0,0.0,0.010597,0.0,0.0,0.0,0.028199,0.0,0.175405
2021-03-01,0.032006,0.013143,0.066071,0.098823,0.04924,0.016625,0.014197,0.027592,0.014382,0.0,0.014027,0.0,0.060439,0.040757,0.01728,0.0,0.052013,0.042498,0.127297,0.103705,0.0,0.0,0.010367,0.0,0.0,0.0,0.027561,0.0,0.171977
2021-03-02,0.032095,0.013266,0.065814,0.098475,0.048956,0.016372,0.014403,0.02802,0.014416,0.0,0.01407,0.0,0.060624,0.04093,0.017331,0.0,0.050755,0.042104,0.126942,0.104111,0.0,0.0,0.010513,0.0,0.0,0.0,0.027838,0.0,0.172964
2021-03-03,0.032363,0.013317,0.066115,0.099952,0.04985,0.016467,0.014592,0.028551,0.014683,0.0,0.014235,0.0,0.060492,0.04117,0.017309,0.0,0.049724,0.041291,0.124606,0.101983,0.0,0.0,0.010402,0.0,0.0,0.0,0.028062,0.0,0.174836
2021-03-04,0.032659,0.01343,0.066827,0.100327,0.050287,0.016286,0.014951,0.02885,0.014813,0.0,0.014295,0.0,0.060901,0.041861,0.017648,0.0,0.0483,0.040983,0.123322,0.096998,0.0,0.0,0.0103,0.0,0.0,0.0,0.028527,0.0,0.178437
2021-03-05,0.031741,0.013443,0.066964,0.097973,0.048576,0.016262,0.015169,0.028825,0.015004,0.0,0.014545,0.0,0.061747,0.042529,0.017828,0.0,0.049449,0.040806,0.123989,0.099239,0.0,0.0,0.010151,0.0,0.0,0.0,0.028385,0.0,0.177377
2021-03-08,0.032996,0.013561,0.066887,0.103132,0.048886,0.015672,0.014416,0.028884,0.015349,0.0,0.014846,0.0,0.062216,0.043144,0.018262,0.0,0.047253,0.040781,0.121429,0.094397,0.0,0.0,0.010236,0.0,0.0,0.0,0.028514,0.0,0.179139
2021-03-09,0.032633,0.01353,0.066435,0.102451,0.048765,0.016026,0.014264,0.028948,0.014943,0.0,0.014525,0.0,0.061482,0.042348,0.018179,0.0,0.049308,0.041913,0.122477,0.097197,0.0,0.0,0.010372,0.0,0.0,0.0,0.028189,0.0,0.176015
2021-03-10,0.032642,0.013576,0.066451,0.102358,0.048335,0.015695,0.014704,0.028947,0.015198,0.0,0.014692,0.0,0.061422,0.042763,0.018243,0.0,0.04822,0.041636,0.123472,0.097612,0.0,0.0,0.010454,0.0,0.0,0.0,0.028224,0.0,0.175356
2021-03-11,0.032508,0.013487,0.065085,0.101692,0.049004,0.016159,0.015073,0.028856,0.014917,0.0,0.014472,0.0,0.060827,0.041991,0.017911,0.0,0.049463,0.042209,0.123915,0.101717,0.0,0.0,0.010261,0.0,0.0,0.0,0.027807,0.0,0.172646
2021-03-12,0.032425,0.013512,0.066114,0.102515,0.048278,0.015755,0.014941,0.028322,0.015107,0.0,0.014704,0.0,0.061116,0.042444,0.018199,0.0,0.049065,0.041924,0.12464,0.100006,0.0,0.0,0.010193,0.0,0.0,0.0,0.027659,0.0,0.173082
2021-03-15,0.03244,0.01344,0.066204,0.102803,0.048151,0.015657,0.01477,0.028117,0.01496,0.0,0.014768,0.0,0.061292,0.04246,0.018359,0.0,0.0499,0.042109,0.125107,0.099133,0.0,0.0,0.010279,0.0,0.0,0.0,0.02763,0.0,0.172423
2021-03-16,0.032651,0.01346,0.066442,0.103035,0.048555,0.015755,0.014711,0.028355,0.014808,0.0,0.014561,0.0,0.061271,0.042523,0.018387,0.0,0.050559,0.041837,0.124585,0.098195,0.0,0.0,0.010185,0.0,0.0,0.0,0.027695,0.0,0.172429
2021-03-17,0.03239,0.013502,0.066734,0.101873,0.047951,0.015766,0.015105,0.027942,0.014877,0.0,0.014699,0.0,0.060922,0.042372,0.018051,0.0,0.05109,0.041926,0.125179,0.099674,0.0,0.0,0.010299,0.0,0.0,0.0,0.027614,0.0,0.172034
2021-03-18,0.032858,0.013456,0.067522,0.103772,0.048621,0.015757,0.015053,0.02742,0.01509,0.0,0.014818,0.0,0.061346,0.042582,0.018147,0.0,0.04942,0.040927,0.1237,0.097959,0.0,0.0,0.010256,0.0,0.0,0.0,0.027666,0.0,0.173629
2021-03-19,0.03248,0.01343,0.067836,0.102564,0.048337,0.01583,0.015382,0.028069,0.014877,0.0,0.014668,0.0,0.061406,0.042619,0.018149,0.0,0.049901,0.041135,0.124386,0.097787,0.0,0.0,0.010319,0.0,0.0,0.0,0.027648,0.0,0.173175
2021-03-22,0.032607,0.013465,0.067323,0.101531,0.048374,0.01576,0.015135,0.028103,0.014672,0.0,0.014646,0.0,0.061883,0.043029,0.018107,0.0,0.05091,0.041814,0.124382,0.097319,0.0,0.0,0.010152,0.0,0.0,0.0,0.027755,0.0,0.173035
2021-03-23,0.032934,0.013461,0.067279,0.10207,0.048434,0.015671,0.015118,0.02833,0.014677,0.0,0.014599,0.0,0.062146,0.043837,0.018644,0.0,0.050291,0.042072,0.122451,0.094269,0.0,0.0,0.00999,0.0,0.0,0.0,0.028216,0.0,0.175511
2021-03-24,0.033137,0.013564,0.067169,0.102808,0.048016,0.015136,0.014764,0.0283,0.01487,0.0,0.014844,0.0,0.062663,0.04408,0.018826,0.0,0.05007,0.041525,0.121666,0.092707,0.0,0.0,0.010093,0.0,0.0,0.0,0.028558,0.0,0.177201
2021-03-25,0.032709,0.013565,0.067589,0.101414,0.047482,0.015057,0.014826,0.027934,0.015043,0.0,0.015005,0.0,0.062605,0.044283,0.01893,0.0,0.049868,0.041243,0.123168,0.094559,0.0,0.0,0.010063,0.0,0.0,0.0,0.028392,0.0,0.176266
2021-03-26,0.032544,0.013527,0.067403,0.101811,0.047113,0.015196,0.014582,0.028161,0.015036,0.0,0.015022,0.0,0.062779,0.044351,0.018693,0.0,0.051501,0.041339,0.123681,0.095992,0.0,0.0,0.009878,0.0,0.0,0.0,0.027949,0.0,0.173439
2021-03-29,0.032805,0.01355,0.067368,0.101305,0.047752,0.015171,0.014645,0.028003,0.014987,0.0,0.015108,0.0,0.063421,0.045044,0.018997,0.0,0.050991,0.04123,0.122861,0.094518,0.0,0.0,0.009796,0.0,0.0,0.0,0.028027,0.0,0.174423
2021-03-30,0.032809,0.013555,0.066833,0.101945,0.047974,0.015306,0.014825,0.027932,0.015083,0.0,0.015164,0.0,0.062809,0.044535,0.018813,0.0,0.050837,0.040887,0.123195,0.095714,0.0,0.0,0.009512,0.0,0.0,0.0,0.02796,0.0,0.174312
2021-03-31,0.014718,0.070604,0.062199,0.080099,0.05787,0.025441,0.0,0.057928,0.113237,0.064597,0.014254,0.0,0.015894,0.0,0.0,0.011097,0.047125,0.030175,0.045384,0.052763,0.0,0.0,0.026601,0.151039,0.0,0.0,0.041307,0.0,0.017669
2021-04-01,0.014643,0.070873,0.062008,0.07984,0.057937,0.025511,0.0,0.057503,0.113256,0.065447,0.014129,0.0,0.015656,0.0,0.0,0.011184,0.048271,0.030219,0.046069,0.053314,0.0,0.0,0.026802,0.148959,0.0,0.0,0.040928,0.0,0.01745
2021-04-05,0.014584,0.071801,0.062508,0.079518,0.057703,0.025463,0.0,0.05669,0.113684,0.063629,0.014246,0.0,0.015701,0.0,0.0,0.011369,0.049046,0.030452,0.04676,0.053748,0.0,0.0,0.026625,0.148447,0.0,0.0,0.040646,0.0,0.01738
2021-04-06,0.01482,0.071166,0.061575,0.080118,0.058138,0.025729,0.0,0.056851,0.113479,0.063474,0.014215,0.0,0.015645,0.0,0.0,0.011323,0.048509,0.030636,0.04646,0.053351,0.0,0.0,0.026919,0.149532,0.0,0.0,0.040678,0.0,0.017383
2021-04-07,0.014846,0.071519,0.061925,0.079638,0.05748,0.02506,0.0,0.056508,0.114354,0.063872,0.014189,0.0,0.015653,0.0,0.0,0.011414,0.048612,0.030401,0.046157,0.052395,0.0,0.0,0.026983,0.150741,0.0,0.0,0.040818,0.0,0.017433
2021-04-08,0.014834,0.071676,0.061695,0.07905,0.057648,0.025269,0.0,0.056591,0.113845,0.062742,0.014156,0.0,0.015603,0.0,0.0,0.011525,0.048934,0.030661,0.04653,0.052555,0.0,0.0,0.027189,0.151429,0.0,0.0,0.040715,0.0,0.017351
2021-04-09,0.014894,0.071788,0.062143,0.079406,0.056954,0.024901,0.0,0.056259,0.114863,0.062348,0.014299,0.0,0.01578,0.0,0.0,0.011639,0.048797,0.030672,0.046707,0.052297,0.0,0.0,0.026956,0.151304,0.0,0.0,0.040641,0.0,0.017353
2021-04-12,0.015017,0.071903,0.062145,0.079702,0.057042,0.025093,0.0,0.054533,0.116073,0.062243,0.014441,0.0,0.015894,0.0,0.0,0.011656,0.048574,0.030998,0.046646,0.051794,0.0,0.0,0.026695,0.15119,0.0,0.0,0.040901,0.0,0.01746
2021-04-13,0.014991,0.071968,0.062213,0.079339,0.057114,0.025011,0.0,0.054626,0.114387,0.061982,0.014296,0.0,0.015877,0.0,0.0,0.011704,0.048243,0.031376,0.046807,0.05313,0.0,0.0,0.027098,0.151627,0.0,0.0,0.040837,0.0,0.017376
2021-04-14,0.014953,0.071571,0.061726,0.079561,0.057192,0.024819,0.0,0.05493,0.114386,0.063324,0.014229,0.0,0.015781,0.0,0.0,0.011511,0.047428,0.031019,0.046339,0.05388,0.0,0.0,0.027027,0.152464,0.0,0.0,0.040592,0.0,0.017269
2021-04-15,0.014946,0.071861,0.061732,0.079167,0.057062,0.024789,0.0,0.05493,0.11376,0.062518,0.014219,0.0,0.015977,0.0,0.0,0.011654,0.047999,0.031416,0.046832,0.053815,0.0,0.0,0.027404,0.152106,0.0,0.0,0.040623,0.0,0.017189
2021-04-16,0.014993,0.072607,0.061714,0.079353,0.057243,0.024871,0.0,0.054971,0.114404,0.061929,0.01423,0.0,0.016073,0.0,0.0,0.011635,0.047705,0.031182,0.047137,0.053264,0.0,0.0,0.027433,0.151541,0.0,0.0,0.040552,0.0,0.017164
2021-04-19,0.015014,0.072906,0.061337,0.078833,0.05727,0.02495,0.0,0.053798,0.114482,0.062083,0.01422,0.0,0.016133,0.0,0.0,0.011579,0.046615,0.031193,0.046581,0.055159,0.0,0.0,0.027404,0.152595,0.0,0.0,0.040624,0.0,0.017224
2021-04-20,0.014976,0.072447,0.060696,0.07821,0.057443,0.025026,0.0,0.053547,0.113626,0.06113,0.014224,0.0,0.016381,0.0,0.0,0.011608,0.046476,0.031065,0.046141,0.054588,0.0,0.0,0.027694,0.156187,0.0,0.0,0.041114,0.0,0.017421
2021-04-21,0.014949,0.072373,0.060598,0.078274,0.056987,0.024971,0.0,0.053114,0.114039,0.061286,0.014273,0.0,0.016407,0.0,0.0,0.011606,0.047214,0.030985,0.046505,0.054866,0.0,0.0,0.028262,0.155309,0.0,0.0,0.040738,0.0,0.017243
2021-04-22,0.01505,0.072143,0.060723,0.079427,0.057359,0.025098,0.0,0.053385,0.112807,0.060584,0.014206,0.0,0.016339,0.0,0.0,0.011474,0.0462,0.031079,0.046479,0.054618,0.0,0.0,0.027709,0.157272,0.0,0.0,0.040799,0.0,0.017249
2021-04-23,0.014907,0.07219,0.060705,0.078455,0.057276,0.025251,0.0,0.05323,0.11387,0.060579,0.01423,0.0,0.016297,0.0,0.0,0.011539,0.046614,0.031005,0.046546,0.055264,0.0,0.0,0.027377,0.157131,0.0,0.0,0.040446,0.0,0.017091
2021-04-26,0.014849,0.071832,0.059996,0.078581,0.056903,0.024776,0.0,0.053586,0.113413,0.060503,0.014075,0.0,0.016112,0.0,0.0,0.011506,0.047091,0.031548,0.046544,0.055189,0.0,0.0,0.02734,0.159052,0.0,0.0,0.040147,0.0,0.016956
2021-04-27,0.014818,0.071827,0.059242,0.078784,0.05706,0.024877,0.0,0.054159,0.114265,0.061213,0.014187,0.0,0.016014,0.0,0.0,0.011473,0.04672,0.031287,0.046028,0.054545,0.0,0.0,0.027431,0.158993,0.0,0.0,0.040129,0.0,0.016948
2021-04-28,0.014827,0.071979,0.059164,0.078381,0.057229,0.025001,0.0,0.054736,0.114594,0.063259,0.014143,0.0,0.015949,0.0,0.0,0.011355,0.045964,0.030854,0.046033,0.054939,0.0,0.0,0.027414,0.157035,0.0,0.0,0.040214,0.0,0.01693
2021-04-29,0.014821,0.071919,0.059149,0.077932,0.056924,0.024842,0.0,0.054831,0.116503,0.063893,0.014227,0.0,0.015867,0.0,0.0,0.011333,0.04621,0.030709,0.045679,0.054713,0.0,0.0,0.027215,0.156174,0.0,0.0,0.04015,0.0,0.016911
2021-04-30,0.016204,0.026308,0.042554,0.121974,0.054089,0.0,0.0,0.082526,0.043998,0.09029,0.073598,0.0,0.049712,0.088933,0.0,0.0,0.057729,0.018761,0.0,0.0,0.0,0.0,0.0,0.0,0.0,0.0433,0.164408,0.0,0.025614
2021-05-03,0.016097,0.026471,0.042775,0.12143,0.053732,0.0,0.0,0.082981,0.043924,0.092164,0.073866,0.0,0.049946,0.089071,0.0,0.0,0.056752,0.018523,0.0,0.0,0.0,0.0,0.0,0.0,0.0,0.043088,0.163731,0.0,0.025448
2021-05-04,0.016003,0.026165,0.042458,0.120441,0.053105,0.0,0.0,0.082314,0.044507,0.092705,0.07458,0.0,0.050262,0.08908,0.0,0.0,0.05609,0.018365,0.0,0.0,0.0,0.0,0.0,0.0,0.0,0.043372,0.16497,0.0,0.025582
2021-05-05,0.016058,0.02631,0.042592,0.120742,0.053169,0.0,0.0,0.083007,0.044478,0.094861,0.073998,0.0,0.049911,0.088237,0.0,0.0,0.055946,0.018031,0.0,0.0,0.0,0.0,0.0,0.0,0.0,0.043045,0.164259,0.0,0.025356
2021-05-06,0.015985,0.02641,0.042779,0.119008,0.053334,0.0,0.0,0.083734,0.044973,0.094999,0.074239,0.0,0.049793,0.089048,0.0,0.0,0.056198,0.017868,0.0,0.0,0.0,0.0,0.0,0.0,0.0,0.042906,0.163464,0.0,0.025262
2021-05-07,0.016093,0.026593,0.04264,0.119142,0.053666,0.0,0.0,0.084115,0.044844,0.095907,0.074412,0.0,0.049728,0.088323,0.0,0.0,0.056506,0.017927,0.0,0.0,0.0,0.0,0.0,0.0,0.0,0.042571,0.162477,0.0,0.025054
2021-05-10,0.016152,0.026493,0.042719,0.119586,0.052986,0.0,0.0,0.083632,0.044983,0.096316,0.074772,0.0,0.049986,0.089344,0.0,0.0,0.054203,0.017838,0.0,0.0,0.0,0.0,0.0,0.0,0.0,0.042651,0.163185,0.0,0.025151
2021-05-11,0.016017,0.026464,0.042437,0.118089,0.05296,0.0,0.0,0.084674,0.04465,0.094828,0.074443,0.0,0.049968,0.0895,0.0,0.0,0.054848,0.018208,0.0,0.0,0.0,0.0,0.0,0.0,0.0,0.043029,0.164467,0.0,0.025417
2021-05-12,0.016026,0.026488,0.041487,0.119134,0.052652,0.0,0.0,0.08349,0.044735,0.096451,0.07355,0.0,0.050104,0.089391,0.0,0.0,0.053259,0.01796,0.0,0.0,0.0,0.0,0.0,0.0,0.0,0.043347,0.166198,0.0,0.025729
2021-05-13,0.015978,0.026602,0.041668,0.117547,0.052145,0.0,0.0,0.084376,0.045279,0.094909,0.07464,0.0,0.050362,0.090301,0.0,0.0,0.053731,0.017913,0.0,0.0,0.0,0.0,0.0,0.0,0.0,0.043325,0.165597,0.0,0.025628
2021-05-14,0.016,0.026742,0.041777,0.117736,0.052239,0.0,0.0,0.084338,0.045401,0.096588,0.074694,0.0,0.049961,0.089523,0.0,0.0,0.054677,0.018135,0.0,0.0,0.0,0.0,0.0,0.0,0.0,0.042858,0.164032,0.0,0.025299
2021-05-17,0.015932,0.026683,0.041356,0.117431,0.052057,0.0,0.0,0.085043,0.045405,0.098654,0.074335,0.0,0.049781,0.08924,0.0,0.0,0.054105,0.017919,0.0,0.0,0.0,0.0,0.0,0.0,0.0,0.042742,0.164065,0.0,0.025253
2021-05-18,0.01604,0.026768,0.041974,0.118217,0.053095,0.0,0.0,0.085794,0.044873,0.096585,0.073421,0.0,0.049911,0.089167,0.0,0.0,0.053792,0.018019,0.0,0.0,0.0,0.0,0.0,0.0,0.0,0.042839,0.164196,0.0,0.02531
2021-05-19,0.0159,0.026677,0.042079,0.116428,0.053032,0.0,0.0,0.086546,0.044936,0.094898,0.073561,0.0,0.050204,0.089551,0.0,0.0,0.055258,0.018071,0.0,0.0,0.0,0.0,0.0,0.0,0.0,0.043036,0.164318,0.0,0.025504
2021-05-20,0.016077,0.026909,0.042178,0.117361,0.05305,0.0,0.0,0.085967,0.044659,0.094117,0.073233,0.0,0.050391,0.089773,0.0,0.0,0.056331,0.018287,0.0,0.0,0.0,0.0,0.0,0.0,0.0,0.042925,0.16341,0.0,0.025332
2021-05-21,0.016096,0.026885,0.042347,0.117826,0.0526,0.0,0.0,0.085622,0.045037,0.094178,0.073483,0.0,0.050325,0.089655,0.0,0.0,0.055938,0.018369,0.0,0.0,0.0,0.0,0.0,0.0,0.0,0.042877,0.163466,0.0,0.025295
2021-05-24,0.016108,0.026904,0.042291,0.117152,0.052568,0.0,0.0,0.08614,0.044994,0.094574,0.073516,0.0,0.050086,0.089406,0.0,0.0,0.057024,0.018486,0.0,0.0,0.0,0.0,0.0,0.0,0.0,0.042673,0.162928,0.0,0.02515
2021-05-25,0.016106,0.026967,0.042273,0.11712,0.053195,0.0,0.0,0.086247,0.044627,0.092831,0.073437,0.0,0.050033,0.089603,0.0,0.0,0.057303,0.018446,0.0,0.0,0.0,0.0,0.0,0.0,0.0,0.042912,0.163702,0.0,0.025197
2021-05-26,0.016076,0.026816,0.042252,0.117416,0.053409,0.0,0.0,0.087,0.044637,0.093405,0.073472,0.0,0.049608,0.089172,0.0,0.0,0.057301,0.018672,0.0,0.0,0.0,0.0,0.0,0.0,0.0,0.042747,0.162889,0.0,0.025128
2021-05-27,0.016063,0.026823,0.042165,0.118192,0.053403,0.0,0.0,0.087112,0.045023,0.093216,0.074271,0.0,0.049362,0.088374,0.0,0.0,0.057382,0.018583,0.0,0.0,0.0,0.0,0.0,0.0,0.0,0.042554,0.162422,0.0,0.025057
2021-05-28,0.01609,0.026826,0.042257,0.118268,0.053657,0.0,0.0,0.086966,0.045,0.093175,0.074096,0.0,0.049438,0.088353,0.0,0.0,0.057779,0.018506,0.0,0.0,0.0,0.0,0.0,0.0,0.0,0.04245,0.162142,0.0,0.024999
2021-05-31,0.038232,0.07237,0.0,0.046634,0.037393,0.0,0.0,0.0,0.09033,0.03356,0.0,0.026542,0.087725,0.019813,0.045584,0.02671,0.036271,0.044151,0.0,0.023032,0.104045,0.0,0.0,0.090618,0.0,0.0,0.157884,0.0,0.019107
2021-06-01,0.03803,0.072534,0.0,0.046676,0.037915,0.0,0.0,0.0,0.090388,0.034664,0.0,0.02637,0.085819,0.019639,0.04506,0.026435,0.035975,0.043647,0.0,0.023418,0.10535,0.0,0.0,0.091584,0.0,0.0,0.157492,0.0,0.019003
2021-06-02,0.037991,0.072431,0.0,0.046728,0.037872,0.0,0.0,0.0,0.090271,0.035209,0.0,0.025866,0.085405,0.019656,0.045167,0.026542,0.036091,0.043788,0.0,0.023448,0.106278,0.0,0.0,0.091467,0.0,0.0,0.156845,0.0,0.018946
2021-06-03,0.037955,0.072257,0.0,0.046947,0.037711,0.0,0.0,0.0,0.090906,0.035469,0.0,0.025653,0.086066,0.01987,0.04565,0.026418,0.035636,0.043132,0.0,0.023191,0.10638,0.0,0.0,0.09068,0.0,0.0,0.157045,0.0,0.019035
2021-06-04,0.037951,0.072332,0.0,0.046665,0.037675,0.0,0.0,0.0,0.090491,0.035451,0.0,0.025772,0.085725,0.019797,0.045254,0.026733,0.036241,0.043295,0.0,0.023704,0.105671,0.0,0.0,0.091672,0.0,0.0,0.156673,0.0,0.018897
2021-06-07,0.037949,0.072599,0.0,0.046916,0.037441,0.0,0.0,0.0,0.089823,0.035267,0.0,0.025625,0.085957,0.019746,0.045297,0.026703,0.035926,0.043786,0.0,0.023529,0.106823,0.0,0.0,0.091542,0.0,0.0,0.156189,0.0,0.018883
2021-06-08,0.037898,0.072536,0.0,0.046943,0.037246,0.0,0.0,0.0,0.089522,0.035546,0.0,0.025752,0.085627,0.019566,0.044877,0.026685,0.035695,0.044146,0.0,0.023375,0.107629,0.0,0.0,0.09186,0.0,0.0,0.156233,0.0,0.018866
2021-06-09,0.038011,0.072459,0.0,0.04715,0.037299,0.0,0.0,0.0,0.088734,0.035347,0.0,0.025277,0.086511,0.019485,0.045307,0.026722,0.035542,0.044106,0.0,0.023301,0.107843,0.0,0.0,0.091679,0.0,0.0,0.156348,0.0,0.01888
2021-06-10,0.037882,0.072237,0.0,0.046777,0.037316,0.0,0.0,0.0,0.087319,0.035149,0.0,0.024527,0.087608,0.019521,0.045406,0.026801,0.035794,0.044891,0.0,0.023548,0.108143,0.0,0.0,0.091808,0.0,0.0,0.156475,0.0,0.018798
2021-06-11,0.037915,0.072449,0.0,0.047136,0.037169,0.0,0.0,0.0,0.08785,0.035016,0.0,0.024762,0.086957,0.019525,0.045494,0.026952,0.035963,0.045061,0.0,0.023969,0.107676,0.0,0.0,0.091297,0.0,0.0,0.156018,0.0,0.018791
2021-06-14,0.037997,0.072739,0.0,0.04715,0.03743,0.0,0.0,0.0,0.087063,0.034915,0.0,0.024485,0.087158,0.019542,0.045655,0.027264,0.036526,0.045213,0.0,0.023942,0.108251,0.0,0.0,0.089699,0.0,0.0,0.156156,0.0,0.018815
2021-06-15,0.038136,0.072901,0.0,0.046902,0.037218,0.0,0.0,0.0,0.087408,0.035654,0.0,0.02466,0.087368,0.019536,0.045888,0.027153,0.036302,0.045053,0.0,0.023797,0.107314,0.0,0.0,0.089116,0.0,0.0,0.156738,0.0,0.018856
2021-06-16,0.038438,0.072653,0.0,0.047422,0.037447,0.0,0.0,0.0,0.087879,0.035692,0.0,0.024434,0.087594,0.019401,0.04549,0.027181,0.036194,0.045502,0.0,0.02301,0.107304,0.0,0.0,0.089062,0.0,0.0,0.15632,0.0,0.018976
2021-06-17,0.03838,0.072347,0.0,0.047722,0.03742,0.0,0.0,0.0,0.085708,0.034652,0.0,0.024726,0.088707,0.019568,0.04597,0.027633,0.036767,0.046354,0.0,0.023514,0.107708,0.0,0.0,0.086054,0.0,0.0,0.1577,0.0,0.019071
2021-06-18,0.038232,0.071641,0.0,0.047697,0.037373,0.0,0.0,0.0,0.084479,0.033961,0.0,0.025085,0.08857,0.019414,0.045223,0.027655,0.036246,0.046437,0.0,0.023867,0.106935,0.0,0.0,0.088585,0.0,0.0,0.159339,0.0,0.019259
2021-06-21,0.038162,0.071984,0.0,0.047453,0.037045,0.0,0.0,0.0,0.085587,0.035055,0.0,0.025159,0.088739,0.01944,0.045351,0.027672,0.036016,0.046013,0.0,0.023792,0.108051,0.0,0.0,0.087943,0.0,0.0,0.157473,0.0,0.019066
2021-06-22,0.038303,0.071921,0.0,0.047537,0.036841,0.0,0.0,0.0,0.085629,0.035247,0.0,0.025262,0.088826,0.019446,0.045024,0.02789,0.036144,0.046672,0.0,0.023729,0.107363,0.0,0.0,0.086965,0.0,0.0,0.158156,0.0,0.019046
2021-06-23,0.038333,0.071516,0.0,0.047587,0.037319,0.0,0.0,0.0,0.085843,0.035363,0.0,0.025018,0.088506,0.019336,0.04457,0.027874,0.036315,0.046489,0.0,0.024299,0.107235,0.0,0.0,0.087062,0.0,0.0,0.15828,0.0,0.019055
2021-06-24,0.038403,0.07195,0.0,0.047768,0.037418,0.0,0.0,0.0,0.086609,0.035542,0.0,0.024989,0.088648,0.019363,0.044371,0.027951,0.036802,0.046526,0.0,0.024152,0.106628,0.0,0.0,0.086465,0.0,0.0,0.157427,0.0,0.018989
2021-06-25,0.03836,0.071784,0.0,0.047914,0.037537,0.0,0.0,0.0,0.087272,0.035574,0.0,0.024906,0.088664,0.019426,0.044653,0.027797,0.036542,0.046471,0.0,0.024369,0.10688,0.0,0.0,0.08604,0.0,0.0,0.156902,0.0,0.018906
2021-06-28,0.038247,0.071128,0.0,0.047609,0.037481,0.0,0.0,0.0,0.086513,0.034324,0.0,0.025053,0.088674,0.019416,0.044876,0.028049,0.037362,0.046593,0.0,0.024705,0.10642,0.0,0.0,0.087751,0.0,0.0,0.156917,0.0,0.01888
2021-06-29,0.038406,0.071243,0.0,0.04778,0.037355,0.0,0.0,0.0,0.086294,0.034192,0.0,0.025287,0.088863,0.019349,0.044196,0.028282,0.037694,0.046562,0.0,0.024695,0.106237,0.0,0.0,0.087503,0.0,0.0,0.157162,0.0,0.018899
2021-06-30,0.055597,0.077998,0.0,0.057456,0.056833,0.0,0.0,0.068327,0.08299,0.01335,0.043871,0.049996,0.0,0.021966,0.0,0.0,0.032959,0.045142,0.0,0.034426,0.113737,0.057589,0.021738,0.040012,0.0,0.0,0.120869,0.0,0.005145
2021-07-01,0.055641,0.078317,0.0,0.057572,0.056199,0.0,0.0,0.067985,0.083492,0.013558,0.044102,0.05079,0.0,0.02186,0.0,0.0,0.032426,0.045097,0.0,0.034168,0.114017,0.05768,0.0216,0.039596,0.0,0.0,0.120763,0.0,0.005136
2021-07-02,0.055817,0.078341,0.0,0.057503,0.055948,0.0,0.0,0.068247,0.083194,0.013494,0.04406,0.050376,0.0,0.021858,0.0,0.0,0.032543,0.045264,0.0,0.034087,0.114078,0.057914,0.021939,0.03924,0.0,0.0,0.120973,0.0,0.005123
2021-07-05,0.056018,0.078324,0.0,0.057628,0.055805,0.0,0.0,0.068231,0.083175,0.013491,0.04405,0.050365,0.0,0.021854,0.0,0.0,0.032536,0.045254,0.0,0.03408,0.114053,0.057901,0.021934,0.039232,0.0,0.0,0.120946,0.0,0.005122
2021-07-06,0.055952,0.078174,0.0,0.057254,0.055568,0.0,0.0,0.067917,0.082234,0.01311,0.043822,0.049838,0.0,0.02186,0.0,0.0,0.032625,0.046237,0.0,0.034588,0.115398,0.058447,0.021745,0.038289,0.0,0.0,0.121798,0.0,0.005144
2021-07-07,0.055986,0.07837,0.0,0.057199,0.055176,0.0,0.0,0.068035,0.082042,0.012849,0.044096,0.050438,0.0,0.021895,0.0,0.0,0.032012,0.046248,0.0,0.035685,0.115372,0.058453,0.021673,0.038084,0.0,0.0,0.121262,0.0,0.005125
2021-07-08,0.055914,0.078115,0.0,0.056858,0.054584,0.0,0.0,0.068182,0.081177,0.012899,0.043902,0.049263,0.0,0.022025,0.0,0.0,0.031907,0.046512,0.0,0.036218,0.116165,0.058981,0.021676,0.038172,0.0,0.0,0.122275,0.0,0.005175
2021-07-09,0.055925,0.078355,0.0,0.056881,0.054715,0.0,0.0,0.067986,0.082471,0.013008,0.044036,0.04919,0.0,0.021873,0.0,0.0,0.03202,0.046408,0.0,0.036895,0.116593,0.058434,0.021564,0.037778,0.0,0.0,0.120759,0.0,0.00511
2021-07-12,0.055859,0.078323,0.0,0.056795,0.054515,0.0,0.0,0.067661,0.082845,0.01292,0.043865,0.048876,0.0,0.021724,0.0,0.0,0.032261,0.045755,0.0,0.038289,0.116977,0.058056,0.021531,0.038217,0.0,0.0,0.120447,0.0,0.005083
2021-07-13,0.056239,0.07825,0.0,0.056981,0.055291,0.0,0.0,0.067765,0.082392,0.012892,0.043676,0.047898,0.0,0.021835,0.0,0.0,0.032305,0.045858,0.0,0.038005,0.115964,0.058445,0.021469,0.03853,0.0,0.0,0.121095,0.0,0.005111
2021-07-14,0.056039,0.078348,0.0,0.05649,0.055221,0.0,0.0,0.068153,0.08198,0.012503,0.043656,0.04793,0.0,0.02202,0.0,0.0,0.032144,0.045543,0.0,0.037085,0.116731,0.059052,0.021684,0.038942,0.0,0.0,0.121371,0.0,0.005108
2021-07-15,0.055857,0.07756,0.0,0.056031,0.0555,0.0,0.0,0.068353,0.082306,0.012337,0.043771,0.04797,0.0,0.022126,0.0,0.0,0.031452,0.045191,0.0,0.037672,0.117,0.059102,0.021743,0.039096,0.0,0.0,0.121823,0.0,0.005111
2021-07-16,0.056036,0.077585,0.0,0.056222,0.055456,0.0,0.0,0.068341,0.081755,0.012072,0.043689,0.047933,0.0,0.022317,0.0,0.0,0.030986,0.045558,0.0,0.036702,0.117747,0.058942,0.021349,0.03948,0.0,0.0,0.122683,0.0,0.005147
2021-07-19,0.055673,0.077047,0.0,0.055646,0.055027,0.0,0.0,0.068619,0.080556,0.011804,0.043362,0.048413,0.0,0.022555,0.0,0.0,0.031378,0.046113,0.0,0.036433,0.117182,0.059819,0.021204,0.039541,0.0,0.0,0.124409,0.0,0.005218
2021-07-20,0.055497,0.076531,0.0,0.055829,0.05446,0.0,0.0,0.068204,0.081514,0.011812,0.044014,0.049005,0.0,0.022278,0.0,0.0,0.031406,0.046423,0.0,0.037107,0.118439,0.05899,0.020802,0.039711,0.0,0.0,0.122826,0.0,0.005151
2021-07-21,0.055536,0.077272,0.0,0.056131,0.054141,0.0,0.0,0.067695,0.082151,0.012111,0.044023,0.049332,0.0,0.022015,0.0,0.0,0.032071,0.046232,0.0,0.038451,0.117332,0.058226,0.020859,0.03994,0.0,0.0,0.121377,0.0,0.005104
2021-07-22,0.055716,0.077398,0.0,0.056057,0.054493,0.0,0.0,0.068093,0.081253,0.011976,0.043861,0.049038,0.0,0.021978,0.0,0.0,0.031881,0.046845,0.0,0.038545,0.116399,0.05834,0.020984,0.040323,0.0,0.0,0.121716,0.0,0.005104
2021-07-23,0.056055,0.07777,0.0,0.056248,0.053461,0.0,0.0,0.067957,0.081078,0.011886,0.043881,0.050159,0.0,0.022158,0.0,0.0,0.031922,0.047259,0.0,0.037732,0.116919,0.057936,0.020718,0.039979,0.0,0.0,0.121799,0.0,0.005084
2021-07-26,0.056093,0.077955,0.0,0.056194,0.052548,0.0,0.0,0.0683,0.08143,0.012163,0.043796,0.04953,0.0,0.022163,0.0,0.0,0.031886,0.046914,0.0,0.037734,0.116804,0.057715,0.020696,0.040854,0.0,0.0,0.122148,0.0,0.005077
2021-07-27,0.056019,0.078273,0.0,0.055875,0.051357,0.0,0.0,0.067918,0.08192,0.012126,0.043829,0.049964,0.0,0.02235,0.0,0.0,0.031498,0.046883,0.0,0.036263,0.118206,0.058175,0.02047,0.040876,0.0,0.0,0.122889,0.0,0.005109
2021-07-28,0.056001,0.078269,0.0,0.056173,0.052488,0.0,0.0,0.06778,0.081385,0.012173,0.043501,0.049398,0.0,0.022039,0.0,0.0,0.031847,0.046946,0.0,0.03762,0.117186,0.058166,0.02055,0.040728,0.0,0.0,0.122666,0.0,0.005082
2021-07-29,0.055928,0.078207,0.0,0.05616,0.052751,0.0,0.0,0.067523,0.081581,0.012187,0.043472,0.050756,0.0,0.021959,0.0,0.0,0.032221,0.04669,0.0,0.038493,0.116214,0.058314,0.02086,0.040236,0.0,0.0,0.121412,0.0,0.005039
2021-07-30,0.067139,0.026191,0.0,0.062666,0.018387,0.010693,0.011585,0.045668,0.053694,0.057855,0.035132,0.029504,0.117733,0.036616,0.0,0.125232,0.030265,0.020219,0.0,0.0,0.122383,0.0,0.0,0.021848,0.0,0.0,0.102833,0.0,0.004357
2021-08-02,0.067496,0.026303,0.0,0.062867,0.018578,0.010832,0.011773,0.045722,0.053689,0.057401,0.034878,0.029542,0.11785,0.036449,0.0,0.124737,0.030445,0.020303,0.0,0.0,0.122074,0.0,0.0,0.021875,0.0,0.0,0.102832,0.0,0.004355
2021-08-03,0.066822,0.026332,0.0,0.062239,0.01836,0.010639,0.011732,0.046509,0.05396,0.058027,0.035117,0.029743,0.118758,0.036389,0.0,0.124769,0.03049,0.020191,0.0,0.0,0.121476,0.0,0.0,0.021822,0.0,0.0,0.102298,0.0,0.004328
2021-08-04,0.067263,0.026405,0.0,0.062597,0.018621,0.010832,0.011626,0.046525,0.053701,0.056661,0.034767,0.029431,0.118683,0.036046,0.0,0.125474,0.030912,0.020305,0.0,0.0,0.121538,0.0,0.0,0.021796,0.0,0.0,0.102472,0.0,0.004344
2021-08-05,0.067276,0.026429,0.0,0.062725,0.018578,0.01066,0.011472,0.046681,0.054173,0.057059,0.03478,0.029494,0.11769,0.036065,0.0,0.125628,0.030785,0.020251,0.0,0.0,0.122437,0.0,0.0,0.02182,0.0,0.0,0.101672,0.0,0.004325
2021-08-06,0.06722,0.026282,0.0,0.063071,0.01835,0.010528,0.011553,0.046331,0.055261,0.057575,0.034938,0.029269,0.117578,0.036061,0.0,0.125507,0.030628,0.019929,0.0,0.0,0.122205,0.0,0.0,0.021957,0.0,0.0,0.101432,0.0,0.004325
2021-08-09,0.067363,0.026312,0.0,0.063098,0.018504,0.010736,0.011538,0.046164,0.055511,0.056868,0.034865,0.029169,0.118252,0.036261,0.0,0.125338,0.030582,0.020024,0.0,0.0,0.121782,0.0,0.0,0.021858,0.0,0.0,0.101442,0.0,0.004333
2021-08-10,0.067356,0.026366,0.0,0.063419,0.018474,0.010824,0.011573,0.046152,0.056057,0.05783,0.035196,0.029525,0.117895,0.036495,0.0,0.12435,0.030206,0.019777,0.0,0.0,0.120542,0.0,0.0,0.022169,0.0,0.0,0.101466,0.0,0.004329
2021-08-11,0.067355,0.026477,0.0,0.063087,0.018433,0.01082,0.011521,0.046383,0.056547,0.058127,0.035556,0.030263,0.116412,0.036519,0.0,0.124031,0.030022,0.019646,0.0,0.0,0.120925,0.0,0.0,0.022202,0.0,0.0,0.101357,0.0,0.004318
2021-08-12,0.067352,0.026431,0.0,0.063166,0.018272,0.01063,0.011295,0.046376,0.056567,0.057984,0.035437,0.029991,0.117159,0.036445,0.0,0.124561,0.029656,0.01987,0.0,0.0,0.12101,0.0,0.0,0.022355,0.0,0.0,0.101131,0.0,0.004311
2021-08-13,0.067474,0.026568,0.0,0.062895,0.018159,0.010549,0.011314,0.046638,0.056011,0.057164,0.035241,0.029899,0.11761,0.036662,0.0,0.124942,0.029771,0.019913,0.0,0.0,0.121382,0.0,0.0,0.02236,0.0,0.0,0.101148,0.0,0.004301
2021-08-16,0.067175,0.02643,0.0,0.062537,0.018006,0.01035,0.011103,0.046911,0.055878,0.056124,0.03537,0.030052,0.118974,0.036883,0.0,0.125534,0.029667,0.019713,0.0,0.0,0.121261,0.0,0.0,0.022458,0.0,0.0,0.101273,0.0,0.004302
2021-08-17,0.067361,0.02635,0.0,0.062263,0.017836,0.010103,0.01106,0.047024,0.055763,0.055823,0.035162,0.029134,0.120984,0.037087,0.0,0.125116,0.029238,0.019697,0.0,0.0,0.121741,0.0,0.0,0.02243,0.0,0.0,0.101504,0.0,0.004323
2021-08-18,0.067828,0.026494,0.0,0.063316,0.018084,0.010256,0.010804,0.047002,0.055531,0.05511,0.035064,0.029308,0.120126,0.036926,0.0,0.124407,0.029089,0.019686,0.0,0.0,0.121626,0.0,0.0,0.022627,0.0,0.0,0.102356,0.0,0.004359
2021-08-19,0.067236,0.026261,0.0,0.062142,0.017706,0.010022,0.010714,0.046965,0.05528,0.053837,0.034921,0.029303,0.121022,0.037332,0.0,0.125991,0.029413,0.019843,0.0,0.0,0.122571,0.0,0.0,0.022375,0.0,0.0,0.102694,0.0,0.004371
2021-08-20,0.067224,0.026268,0.0,0.062224,0.017568,0.009905,0.01078,0.047223,0.05532,0.053664,0.034825,0.029688,0.121056,0.037193,0.0,0.126927,0.029475,0.019934,0.0,0.0,0.122521,0.0,0.0,0.022033,0.0,0.0,0.101826,0.0,0.004348
2021-08-23,0.067531,0.026296,0.0,0.062436,0.017638,0.010044,0.010673,0.046934,0.055351,0.055252,0.034842,0.029368,0.120178,0.036793,0.0,0.127586,0.030074,0.020052,0.0,0.0,0.12136,0.0,0.0,0.021993,0.0,0.0,0.101286,0.0,0.004315
2021-08-24,0.06744,0.026224,0.0,0.062694,0.018058,0.010446,0.011099,0.047055,0.055494,0.055975,0.034897,0.02967,0.119342,0.036388,0.0,0.127002,0.02997,0.020451,0.0,0.0,0.120408,0.0,0.0,0.022148,0.0,0.0,0.100937,0.0,0.0043
2021-08-25,0.067387,0.026195,0.0,0.063055,0.018034,0.010343,0.01124,0.046942,0.056012,0.056268,0.035038,0.029904,0.118731,0.03624,0.0,0.126624,0.030126,0.020678,0.0,0.0,0.120039,0.0,0.0,0.022199,0.0,0.0,0.100656,0.0,0.004289
2021-08-26,0.067456,0.026155,0.0,0.06296,0.018005,0.010228,0.011032,0.047068,0.055983,0.055658,0.035037,0.029628,0.118787,0.036233,0.0,0.126383,0.030287,0.020847,0.0,0.0,0.120614,0.0,0.0,0.022216,0.0,0.0,0.101115,0.0,0.004308
2021-08-27,0.067157,0.026189,0.0,0.063027,0.017966,0.010138,0.01122,0.047615,0.056165,0.056578,0.034931,0.029804,0.117485,0.036001,0.0,0.126344,0.030561,0.020839,0.0,0.0,0.120676,0.0,0.0,0.022169,0.0,0.0,0.10087,0.0,0.004265
2021-08-30,0.066984,0.026122,0.0,0.062995,0.01792,0.01015,0.01111,0.047931,0.055231,0.055769,0.034802,0.029647,0.117844,0.036069,0.0,0.127375,0.030543,0.020898,0.0,0.0,0.12157,0.0,0.0,0.022192,0.0,0.0,0.100596,0.0,0.004254
2021-08-31,0.094909,0.053535,0.0,0.011594,0.0,0.0,0.017986,0.0,0.025265,0.015634,0.06342,0.010919,0.097331,0.062933,0.0,0.098816,0.03032,0.030189,0.0,0.038434,0.160162,0.0,0.010496,0.014825,0.0,0.07801,0.078256,0.0,0.006966
2021-09-01,0.094974,0.053768,0.0,0.01157,0.0,0.0,0.018062,0.0,0.025053,0.015364,0.063009,0.010996,0.097101,0.063096,0.0,0.098578,0.030075,0.030179,0.0,0.037705,0.162297,0.0,0.010577,0.014732,0.0,0.077836,0.078082,0.0,0.006947
2021-09-02,0.094938,0.053844,0.0,0.011637,0.0,0.0,0.017651,0.0,0.025045,0.015695,0.063451,0.010952,0.097779,0.063105,0.0,0.098109,0.030076,0.030347,0.0,0.03732,0.162546,0.0,0.010429,0.014692,0.0,0.07764,0.077823,0.0,0.006921
2021-09-03,0.094988,0.053688,0.0,0.011591,0.0,0.0,0.017613,0.0,0.024905,0.015616,0.063106,0.010836,0.097949,0.063067,0.0,0.098562,0.03032,0.030582,0.0,0.036821,0.162681,0.0,0.010785,0.014694,0.0,0.077505,0.077765,0.0,0.006925
2021-09-06,0.095414,0.053658,0.0,0.011665,0.0,0.0,0.017603,0.0,0.024891,0.015607,0.063071,0.01083,0.097895,0.063032,0.0,0.098507,0.030303,0.030565,0.0,0.036801,0.16259,0.0,0.010779,0.014686,0.0,0.077462,0.077722,0.0,0.00692
2021-09-07,0.095258,0.053745,0.0,0.011667,0.0,0.0,0.017808,0.0,0.024876,0.015599,0.062319,0.010772,0.097855,0.062646,0.0,0.099071,0.030357,0.030399,0.0,0.038165,0.161638,0.0,0.010663,0.014674,0.0,0.07758,0.077953,0.0,0.006959
2021-09-08,0.094956,0.053316,0.0,0.011569,0.0,0.0,0.016833,0.0,0.024878,0.015437,0.062558,0.010577,0.098055,0.063342,0.0,0.098936,0.030043,0.030298,0.0,0.037782,0.162851,0.0,0.010528,0.014617,0.0,0.077985,0.078463,0.0,0.006976
2021-09-09,0.095563,0.053353,0.0,0.01168,0.0,0.0,0.017447,0.0,0.025044,0.015527,0.062486,0.010594,0.097283,0.063211,0.0,0.098929,0.030261,0.030346,0.0,0.038311,0.160135,0.0,0.010615,0.014547,0.0,0.078497,0.07917,0.0,0.007002
2021-09-10,0.095774,0.05355,0.0,0.011698,0.0,0.0,0.017302,0.0,0.025023,0.015623,0.062617,0.010637,0.09703,0.063355,0.0,0.098601,0.030703,0.030138,0.0,0.038696,0.158835,0.0,0.01055,0.01458,0.0,0.078766,0.079472,0.0,0.007049
2021-09-13,0.095234,0.053776,0.0,0.01169,0.0,0.0,0.017649,0.0,0.025269,0.016045,0.062683,0.010608,0.09628,0.063413,0.0,0.098477,0.030948,0.030108,0.0,0.037991,0.159657,0.0,0.010534,0.014518,0.0,0.078736,0.079347,0.0,0.007037
2021-09-14,0.095396,0.053696,0.0,0.011657,0.0,0.0,0.017494,0.0,0.024958,0.015831,0.061998,0.010458,0.096373,0.063193,0.0,0.098461,0.030984,0.030147,0.0,0.039005,0.159551,0.0,0.010598,0.014557,0.0,0.07912,0.079478,0.0,0.007044
2021-09-15,0.094689,0.053473,0.0,0.011602,0.0,0.0,0.017325,0.0,0.025089,0.016352,0.062411,0.010475,0.096583,0.06315,0.0,0.098897,0.031028,0.030165,0.0,0.039367,0.159372,0.0,0.010538,0.014643,0.0,0.078647,0.07918,0.0,0.007014
2021-09-16,0.094947,0.053615,0.0,0.011685,0.0,0.0,0.017093,0.0,0.025093,0.016216,0.062174,0.010619,0.096634,0.063134,0.0,0.099258,0.031183,0.030359,0.0,0.038163,0.159997,0.0,0.010178,0.014681,0.0,0.07864,0.079295,0.0,0.007035
2021-09-17,0.095264,0.053173,0.0,0.011747,0.0,0.0,0.016754,0.0,0.025175,0.016221,0.061991,0.010723,0.097483,0.06328,0.0,0.098474,0.030925,0.030292,0.0,0.03821,0.159803,0.0,0.010011,0.014677,0.0,0.079023,0.079684,0.0,0.00709
2021-09-20,0.094733,0.052818,0.0,0.011673,0.0,0.0,0.016473,0.0,0.024912,0.015931,0.06208,0.010596,0.097724,0.063466,0.0,0.097942,0.030553,0.030155,0.0,0.036809,0.1609,0.0,0.010069,0.014724,0.0,0.080459,0.080799,0.0,0.007182
2021-09-21,0.095163,0.053254,0.0,0.011752,0.0,0.0,0.016763,0.0,0.024825,0.015934,0.061622,0.010542,0.097665,0.063259,0.0,0.097772,0.030578,0.030079,0.0,0.037332,0.160634,0.0,0.010169,0.014677,0.0,0.08024,0.080571,0.0,0.007168
2021-09-22,0.094983,0.053319,0.0,0.011779,0.0,0.0,0.016872,0.0,0.025032,0.01629,0.061599,0.010551,0.097023,0.062917,0.0,0.098296,0.030956,0.03025,0.0,0.037835,0.160861,0.0,0.010158,0.014691,0.0,0.079654,0.079827,0.0,0.007108
2021-09-23,0.095289,0.053692,0.0,0.011825,0.0,0.0,0.016995,0.0,0.025482,0.016753,0.062145,0.010494,0.0971,0.062747,0.0,0.098978,0.031168,0.030342,0.0,0.038109,0.159521,0.0,0.010055,0.014778,0.0,0.07843,0.079034,0.0,0.007062
2021-09-24,0.095174,0.053261,0.0,0.011846,0.0,0.0,0.016819,0.0,0.025715,0.016944,0.062514,0.010515,0.097076,0.063014,0.0,0.099427,0.031252,0.03047,0.0,0.037999,0.158421,0.0,0.009997,0.014834,0.0,0.078493,0.079139,0.0,0.007089
2021-09-27,0.09563,0.053394,0.0,0.011988,0.0,0.0,0.01684,0.0,0.026168,0.017616,0.062824,0.010646,0.096072,0.062977,0.0,0.098853,0.0313,0.030292,0.0,0.038136,0.15691,0.0,0.010148,0.015004,0.0,0.078593,0.07949,0.0,0.007117
2021-09-28,0.095195,0.052975,0.0,0.011967,0.0,0.0,0.01649,0.0,0.026148,0.01796,0.063092,0.010508,0.09594,0.063232,0.0,0.097462,0.030558,0.029744,0.0,0.037488,0.158348,0.0,0.010232,0.015293,0.0,0.079549,0.080588,0.0,0.007231
2021-09-29,0.095212,0.052712,0.0,0.01194,0.0,0.0,0.016567,0.0,0.02613,0.017933,0.063067,0.010565,0.096553,0.06371,0.0,0.097193,0.030031,0.029626,0.0,0.037139,0.159296,0.0,0.009809,0.01527,0.0,0.079514,0.080512,0.0,0.00722
2021-09-30,0.086633,0.038646,0.0,0.0,0.0,0.0,0.021577,0.063701,0.018021,0.0,0.0,0.020669,0.094139,0.045155,0.04705,0.070261,0.025584,0.08051,0.020819,0.074344,0.175793,0.0,0.0,0.0,0.0,0.0,0.102266,0.0,0.014833
2021-10-01,0.085722,0.038659,0.0,0.0,0.0,0.0,0.022085,0.063925,0.018211,0.0,0.0,0.020619,0.093608,0.045007,0.046774,0.070901,0.025451,0.081171,0.020442,0.073339,0.177233,0.0,0.0,0.0,0.0,0.0,0.102107,0.0,0.014747
2021-10-04,0.085784,0.038858,0.0,0.0,0.0,0.0,0.021618,0.064271,0.01824,0.0,0.0,0.020766,0.093136,0.045327,0.047908,0.069975,0.025052,0.080334,0.019882,0.071693,0.179101,0.0,0.0,0.0,0.0,0.0,0.103155,0.0,0.014899
2021-10-05,0.086568,0.038777,0.0,0.0,0.0,0.0,0.021341,0.064583,0.018468,0.0,0.0,0.020657,0.093044,0.045243,0.047459,0.070481,0.025255,0.080734,0.020017,0.073395,0.176638,0.0,0.0,0.0,0.0,0.0,0.102545,0.0,0.014795
2021-10-06,0.085305,0.038482,0.0,0.0,0.0,0.0,0.021419,0.063887,0.018467,0.0,0.0,0.020759,0.092774,0.045631,0.048142,0.070864,0.025326,0.081338,0.019978,0.07234,0.178133,0.0,0.0,0.0,0.0,0.0,0.102378,0.0,0.014777
2021-10-07,0.086688,0.038438,0.0,0.0,0.0,0.0,0.021129,0.063714,0.018418,0.0,0.0,0.020886,0.093198,0.045441,0.047474,0.070898,0.025402,0.081914,0.020043,0.073207,0.177084,0.0,0.0,0.0,0.0,0.0,0.101413,0.0,0.014652
2021-10-08,0.086786,0.03866,0.0,0.0,0.0,0.0,0.021658,0.063992,0.018604,0.0,0.0,0.020814,0.09321,0.045624,0.047369,0.070999,0.025272,0.081714,0.020028,0.072261,0.176319,0.0,0.0,0.0,0.0,0.0,0.101961,0.0,0.014727
2021-10-11,0.087201,0.03851,0.0,0.0,0.0,0.0,0.021469,0.063941,0.018456,0.0,0.0,0.020838,0.092673,0.045704,0.046821,0.07075,0.025154,0.081668,0.019938,0.072888,0.177127,0.0,0.0,0.0,0.0,0.0,0.102106,0.0,0.014756
2021-10-12,0.086174,0.038583,0.0,0.0,0.0,0.0,0.021371,0.064081,0.01836,0.0,0.0,0.020879,0.092033,0.045629,0.047038,0.070239,0.024789,0.082548,0.020033,0.072358,0.179075,0.0,0.0,0.0,0.0,0.0,0.102086,0.0,0.014724
2021-10-13,0.08528,0.038759,0.0,0.0,0.0,0.0,0.021498,0.064255,0.01807,0.0,0.0,0.02079,0.091245,0.045251,0.047104,0.069953,0.024679,0.083417,0.020087,0.074977,0.17855,0.0,0.0,0.0,0.0,0.0,0.101509,0.0,0.014575
2021-10-14,0.085675,0.038678,0.0,0.0,0.0,0.0,0.021153,0.063979,0.018134,0.0,0.0,0.02108,0.091352,0.045166,0.047064,0.070601,0.025115,0.083873,0.020423,0.074558,0.178376,0.0,0.0,0.0,0.0,0.0,0.100386,0.0,0.014387
2021-10-15,0.086104,0.038822,0.0,0.0,0.0,0.0,0.021586,0.06385,0.018334,0.0,0.0,0.020871,0.091456,0.044887,0.046751,0.070898,0.025186,0.083603,0.020659,0.075249,0.177568,0.0,0.0,0.0,0.0,0.0,0.099843,0.0,0.014332
2021-10-18,0.085931,0.038537,0.0,0.0,0.0,0.0,0.021266,0.063708,0.018287,0.0,0.0,0.021158,0.090579,0.044495,0.046172,0.071297,0.025318,0.084371,0.02048,0.07724,0.177517,0.0,0.0,0.0,0.0,0.0,0.099353,0.0,0.014291
2021-10-19,0.086343,0.038636,0.0,0.0,0.0,0.0,0.020267,0.063266,0.018412,0.0,0.0,0.021062,0.091493,0.04438,0.046614,0.071788,0.025551,0.084182,0.020572,0.077304,0.177067,0.0,0.0,0.0,0.0,0.0,0.098815,0.0,0.014247
2021-10-20,0.086162,0.038553,0.0,0.0,0.0,0.0,0.020275,0.062671,0.018444,0.0,0.0,0.021288,0.092222,0.044361,0.047055,0.071143,0.025339,0.083894,0.020346,0.076978,0.178734,0.0,0.0,0.0,0.0,0.0,0.098376,0.0,0.014158
2021-10-21,0.086008,0.038572,0.0,0.0,0.0,0.0,0.019313,0.062286,0.018378,0.0,0.0,0.021296,0.092655,0.044332,0.047085,0.071462,0.025611,0.084531,0.02019,0.07636,0.179095,0.0,0.0,0.0,0.0,0.0,0.098661,0.0,0.014166
2021-10-22,0.086053,0.038716,0.0,0.0,0.0,0.0,0.019279,0.061669,0.018615,0.0,0.0,0.021246,0.092929,0.044629,0.047273,0.071138,0.025296,0.084297,0.020163,0.076052,0.179742,0.0,0.0,0.0,0.0,0.0,0.098753,0.0,0.014151
2021-10-25,0.085898,0.038351,0.0,0.0,0.0,0.0,0.019881,0.061286,0.018484,0.0,0.0,0.021279,0.092501,0.044338,0.046795,0.070956,0.025322,0.08434,0.020272,0.078544,0.17927,0.0,0.0,0.0,0.0,0.0,0.098415,0.0,0.014068
2021-10-26,0.086256,0.038458,0.0,0.0,0.0,0.0,0.019409,0.061858,0.018479,0.0,0.0,0.021149,0.092865,0.04445,0.047,0.071087,0.025316,0.083458,0.020085,0.077831,0.179584,0.0,0.0,0.0,0.0,0.0,0.098661,0.0,0.014054
2021-10-27,0.086353,0.038532,0.0,0.0,0.0,0.0,0.019566,0.061902,0.018268,0.0,0.0,0.021168,0.092603,0.044416,0.046926,0.07139,0.025263,0.083147,0.019852,0.077876,0.178977,0.0,0.0,0.0,0.0,0.0,0.099635,0.0,0.014126
2021-10-28,0.086197,0.038702,0.0,0.0,0.0,0.0,0.019126,0.06085,0.01837,0.0,0.0,0.021321,0.092762,0.044278,0.046923,0.071632,0.025663,0.08324,0.020195,0.078307,0.180282,0.0,0.0,0.0,0.0,0.0,0.098119,0.0,0.014032
2021-10-29,0.045089,0.0,0.037564,0.043927,0.0,0.0,0.0,0.156726,0.041484,0.0,0.0,0.0,0.047823,0.071994,0.0,0.032396,0.0,0.093884,0.019459,0.062628,0.021771,0.014096,0.0,0.143194,0.0,0.0787,0.07852,0.0,0.010744
2021-11-01,0.045074,0.0,0.037927,0.044291,0.0,0.0,0.0,0.157806,0.041284,0.0,0.0,0.0,0.047511,0.07172,0.0,0.032175,0.0,0.093246,0.019766,0.062463,0.021762,0.014094,0.0,0.144129,0.0,0.078274,0.077792,0.0,0.010685
2021-11-02,0.045086,0.0,0.037802,0.044217,0.0,0.0,0.0,0.157566,0.041298,0.0,0.0,0.0,0.047708,0.072049,0.0,0.032389,0.0,0.093427,0.019812,0.062587,0.021819,0.014034,0.0,0.143307,0.0,0.078299,0.077936,0.0,0.010662
2021-11-03,0.04498,0.0,0.037934,0.044431,0.0,0.0,0.0,0.157701,0.041345,0.0,0.0,0.0,0.047865,0.072534,0.0,0.032495,0.0,0.093514,0.019929,0.062649,0.021836,0.013881,0.0,0.142792,0.0,0.077853,0.077627,0.0,0.010635
2021-11-04,0.045135,0.0,0.038061,0.04451,0.0,0.0,0.0,0.157073,0.04065,0.0,0.0,0.0,0.047356,0.07233,0.0,0.032878,0.0,0.09436,0.020256,0.063628,0.021547,0.013986,0.0,0.141812,0.0,0.077978,0.077845,0.0,0.010594
2021-11-05,0.045373,0.0,0.03807,0.04485,0.0,0.0,0.0,0.158048,0.040628,0.0,0.0,0.0,0.046779,0.072673,0.0,0.033014,0.0,0.093988,0.020225,0.06269,0.021635,0.014154,0.0,0.140934,0.0,0.078324,0.078035,0.0,0.010581
2021-11-08,0.045119,0.0,0.037785,0.044674,0.0,0.0,0.0,0.159399,0.040632,0.0,0.0,0.0,0.046803,0.071707,0.0,0.033013,0.0,0.094998,0.020157,0.064309,0.021501,0.014128,0.0,0.139812,0.0,0.077566,0.077873,0.0,0.010526
2021-11-09,0.045,0.0,0.037592,0.044415,0.0,0.0,0.0,0.158169,0.040457,0.0,0.0,0.0,0.046686,0.072039,0.0,0.032916,0.0,0.095536,0.019978,0.063468,0.021563,0.014214,0.0,0.140995,0.0,0.078014,0.07842,0.0,0.010538
2021-11-10,0.0452,0.0,0.037207,0.044792,0.0,0.0,0.0,0.158275,0.040607,0.0,0.0,0.0,0.047076,0.072653,0.0,0.03255,0.0,0.094447,0.019262,0.062209,0.021581,0.014447,0.0,0.142719,0.0,0.07777,0.078608,0.0,0.010594
2021-11-11,0.044813,0.0,0.037275,0.044653,0.0,0.0,0.0,0.158181,0.040557,0.0,0.0,0.0,0.046752,0.072314,0.0,0.032573,0.0,0.094481,0.019226,0.064178,0.02153,0.01447,0.0,0.142953,0.0,0.077211,0.078283,0.0,0.010552
2021-11-12,0.044751,0.0,0.037576,0.044457,0.0,0.0,0.0,0.159094,0.040392,0.0,0.0,0.0,0.046687,0.071858,0.0,0.032761,0.0,0.095226,0.019397,0.063733,0.021378,0.014406,0.0,0.143138,0.0,0.076885,0.077777,0.0,0.010486
2021-11-15,0.044999,0.0,0.037654,0.04476,0.0,0.0,0.0,0.15909,0.04051,0.0,0.0,0.0,0.046534,0.072415,0.0,0.032823,0.0,0.094025,0.019246,0.062225,0.021592,0.014426,0.0,0.144358,0.0,0.076808,0.078017,0.0,0.010517
2021-11-16,0.045086,0.0,0.037601,0.044965,0.0,0.0,0.0,0.158021,0.040494,0.0,0.0,0.0,0.046757,0.072003,0.0,0.033189,0.0,0.095204,0.019339,0.061775,0.021462,0.01433,0.0,0.144516,0.0,0.076786,0.07795,0.0,0.010522
2021-11-17,0.044898,0.0,0.037427,0.044686,0.0,0.0,0.0,0.157539,0.040011,0.0,0.0,0.0,0.046802,0.071811,0.0,0.033073,0.0,0.094496,0.019279,0.0622,0.021518,0.014454,0.0,0.146194,0.0,0.077026,0.078069,0.0,0.010517
2021-11-18,0.045028,0.0,0.03762,0.044614,0.0,0.0,0.0,0.156837,0.03991,0.0,0.0,0.0,0.046939,0.071735,0.0,0.033488,0.0,0.094139,0.019465,0.062164,0.021577,0.014445,0.0,0.14591,0.0,0.077269,0.078316,0.0,0.010545
2021-11-19,0.045102,0.0,0.037748,0.04461,0.0,0.0,0.0,0.156364,0.039531,0.0,0.0,0.0,0.04672,0.071578,0.0,0.03378,0.0,0.093452,0.019457,0.062915,0.02148,0.014355,0.0,0.146481,0.0,0.077588,0.078282,0.0,0.010558
2021-11-22,0.045356,0.0,0.037758,0.044999,0.0,0.0,0.0,0.15423,0.040306,0.0,0.0,0.0,0.046762,0.072536,0.0,0.033584,0.0,0.091278,0.019129,0.064401,0.02149,0.014109,0.0,0.147936,0.0,0.077438,0.078073,0.0,0.010615
2021-11-23,0.044829,0.0,0.037807,0.044259,0.0,0.0,0.0,0.156223,0.040944,0.0,0.0,0.0,0.046819,0.073028,0.0,0.033513,0.0,0.090124,0.018897,0.063307,0.021667,0.013989,0.0,0.149061,0.0,0.077132,0.077784,0.0,0.010618
2021-11-24,0.044914,0.0,0.037357,0.044586,0.0,0.0,0.0,0.154304,0.040865,0.0,0.0,0.0,0.046816,0.07283,0.0,0.033767,0.0,0.091339,0.019005,0.063495,0.021936,0.01398,0.0,0.14874,0.0,0.077393,0.07805,0.0,0.010621
2021-11-25,0.045092,0.0,0.037344,0.044731,0.0,0.0,0.0,0.154249,0.040851,0.0,0.0,0.0,0.046799,0.072805,0.0,0.033755,0.0,0.091306,0.018998,0.063473,0.021929,0.013975,0.0,0.148688,0.0,0.077366,0.078022,0.0,0.010616
2021-11-26,0.044702,0.0,0.036973,0.043445,0.0,0.0,0.0,0.152189,0.040166,0.0,0.0,0.0,0.047417,0.073105,0.0,0.033471,0.0,0.091458,0.018859,0.06307,0.02168,0.014189,0.0,0.149046,0.0,0.079694,0.079739,0.0,0.010797
2021-11-29,0.044885,0.0,0.036939,0.043681,0.0,0.0,0.0,0.152292,0.040139,0.0,0.0,0.0,0.047368,0.073013,0.0,0.034179,0.0,0.092315,0.019072,0.064239,0.021759,0.014116,0.0,0.146776,0.0,0.079216,0.079256,0.0,0.010756
2021-11-30,0.036799,0.033515,0.0,0.026402,0.0,0.0,0.0,0.115863,0.042359,0.034514,0.0,0.0,0.083602,0.041324,0.012291,0.066656,0.018543,0.109865,0.012255,0.106056,0.06895,0.0,0.0,0.046845,0.0,0.0,0.139763,0.0,0.004397
2021-12-01,0.037714,0.033624,0.0,0.026991,0.0,0.0,0.0,0.11709,0.042271,0.034458,0.0,0.0,0.084213,0.041498,0.012426,0.066342,0.018563,0.10693,0.012097,0.105122,0.068431,0.0,0.0,0.047198,0.0,0.0,0.140595,0.0,0.004437
2021-12-02,0.036553,0.0336,0.0,0.026163,0.0,0.0,0.0,0.118032,0.043006,0.035031,0.0,0.0,0.083599,0.04143,0.012432,0.066142,0.018365,0.10832,0.012166,0.10442,0.069632,0.0,0.0,0.047424,0.0,0.0,0.139304,0.0,0.004384
2021-12-03,0.036778,0.033676,0.0,0.026364,0.0,0.0,0.0,0.117167,0.042726,0.035099,0.0,0.0,0.084586,0.042363,0.012681,0.065682,0.0185,0.10658,0.012093,0.102116,0.07009,0.0,0.0,0.04809,0.0,0.0,0.140982,0.0,0.004427
2021-12-06,0.037032,0.033976,0.0,0.026586,0.0,0.0,0.0,0.115408,0.043261,0.035525,0.0,0.0,0.084838,0.042993,0.012841,0.066128,0.018427,0.105698,0.012142,0.101533,0.071127,0.0,0.0,0.048107,0.0,0.0,0.139964,0.0,0.004415
2021-12-07,0.037272,0.0341,0.0,0.026984,0.0,0.0,0.0,0.115578,0.043318,0.035766,0.0,0.0,0.084533,0.042386,0.012726,0.067324,0.019042,0.107579,0.012383,0.100501,0.070979,0.0,0.0,0.047276,0.0,0.0,0.137911,0.0,0.004343
2021-12-08,0.037064,0.03403,0.0,0.026612,0.0,0.0,0.0,0.11605,0.042851,0.035565,0.0,0.0,0.084706,0.042023,0.012644,0.067263,0.018815,0.107576,0.012392,0.103023,0.071099,0.0,0.0,0.047042,0.0,0.0,0.136926,0.0,0.004319
2021-12-09,0.037371,0.034031,0.0,0.026755,0.0,0.0,0.0,0.116853,0.043167,0.035624,0.0,0.0,0.085702,0.042535,0.012746,0.067164,0.018556,0.10653,0.012156,0.100849,0.070731,0.0,0.0,0.047222,0.0,0.0,0.137648,0.0,0.00436
2021-12-10,0.037051,0.033928,0.0,0.026303,0.0,0.0,0.0,0.116679,0.042978,0.035693,0.0,0.0,0.085538,0.043019,0.012746,0.068142,0.01863,0.106603,0.012077,0.101756,0.070566,0.0,0.0,0.047062,0.0,0.0,0.136895,0.0,0.004336
2021-12-13,0.037142,0.033764,0.0,0.026228,0.0,0.0,0.0,0.11514,0.042761,0.034903,0.0,0.0,0.086844,0.043833,0.012977,0.067517,0.018238,0.107766,0.011952,0.099652,0.071641,0.0,0.0,0.047454,0.0,0.0,0.137826,0.0,0.004361
2021-12-14,0.037026,0.03381,0.0,0.026393,0.0,0.0,0.0,0.116028,0.043347,0.035026,0.0,0.0,0.087159,0.0442,0.012998,0.06692,0.01829,0.106096,0.011861,0.098915,0.071269,0.0,0.0,0.04782,0.0,0.0,0.138445,0.0,0.004394
2021-12-15,0.036648,0.033933,0.0,0.025857,0.0,0.0,0.0,0.114615,0.043056,0.034524,0.0,0.0,0.088097,0.044222,0.013086,0.068039,0.018781,0.108192,0.01206,0.09856,0.071582,0.0,0.0,0.047149,0.0,0.0,0.137245,0.0,0.004352
2021-12-16,0.037441,0.034055,0.0,0.026385,0.0,0.0,0.0,0.114733,0.043701,0.034825,0.0,0.0,0.088831,0.044642,0.013183,0.066268,0.018005,0.107124,0.011857,0.097595,0.071727,0.0,0.0,0.047405,0.0,0.0,0.137858,0.0,0.004363
2021-12-17,0.037269,0.033771,0.0,0.026412,0.0,0.0,0.0,0.11386,0.04301,0.034334,0.0,0.0,0.088773,0.044158,0.013068,0.066245,0.018077,0.10895,0.011851,0.09767,0.072094,0.0,0.0,0.047321,0.0,0.0,0.138748,0.0,0.00439
2021-12-20,0.036966,0.034243,0.0,0.025979,0.0,0.0,0.0,0.114413,0.04272,0.034347,0.0,0.0,0.089376,0.044741,0.013249,0.066303,0.018167,0.109222,0.011878,0.093659,0.072457,0.0,0.0,0.047369,0.0,0.0,0.140464,0.0,0.004447
2021-12-21,0.036989,0.034207,0.0,0.026379,0.0,0.0,0.0,0.114112,0.043007,0.034841,0.0,0.0,0.088518,0.044069,0.013049,0.067048,0.018564,0.110558,0.012056,0.093616,0.072269,0.0,0.0,0.047492,0.0,0.0,0.138841,0.0,0.004386
2021-12-22,0.037226,0.034308,0.0,0.026372,0.0,0.0,0.0,0.114693,0.042807,0.034739,0.0,0.0,0.08872,0.043935,0.012984,0.067295,0.018583,0.109762,0.012035,0.094269,0.072333,0.0,0.0,0.047602,0.0,0.0,0.137993,0.0,0.004345
2021-12-23,0.037388,0.034385,0.0,0.026628,0.0,0.0,0.0,0.115034,0.042831,0.034598,0.0,0.0,0.088676,0.043832,0.012922,0.06736,0.018677,0.110099,0.012103,0.094712,0.071925,0.0,0.0,0.047455,0.0,0.0,0.13705,0.0,0.004326
2021-12-24,0.037437,0.034383,0.0,0.026626,0.0,0.0,0.0,0.115028,0.042829,0.034597,0.0,0.0,0.088671,0.04383,0.012921,0.067357,0.018676,0.110094,0.012102,0.094707,0.071921,0.0,0.0,0.047453,0.0,0.0,0.137043,0.0,0.004325
2021-12-27,0.037134,0.034478,0.0,0.02644,0.0,0.0,0.0,0.114756,0.042921,0.035067,0.0,0.0,0.088882,0.043938,0.012879,0.068245,0.019032,0.11068,0.012159,0.09304,0.072551,0.0,0.0,0.047116,0.0,0.0,0.136391,0.0,0.00429
2021-12-28,0.037111,0.034472,0.0,0.026634,0.0,0.0,0.0,0.115012,0.042916,0.03502,0.0,0.0,0.088593,0.044159,0.012987,0.067847,0.018811,0.110569,0.012013,0.093916,0.072772,0.0,0.0,0.046662,0.0,0.0,0.13622,0.0,0.004288
2021-12-29,0.03735,0.034439,0.0,0.026441,0.0,0.0,0.0,0.115451,0.042752,0.034707,0.0,0.0,0.088871,0.044248,0.013024,0.067732,0.018791,0.110288,0.011854,0.093721,0.073075,0.0,0.0,0.04699,0.0,0.0,0.13599,0.0,0.004277
2021-12-30,0.037424,0.034279,0.0,0.026454,0.0,0.0,0.0,0.115445,0.042645,0.03447,0.0,0.0,0.088991,0.044078,0.013062,0.067238,0.018566,0.110293,0.011882,0.09433,0.073341,0.0,0.0,0.046628,0.0,0.0,0.136601,0.0,0.004273
2021-12-31,0.026456,0.0,0.0,0.020304,0.012299,0.0,0.0,0.094464,0.060547,0.032454,0.0,0.033317,0.010975,0.0,0.0,0.095149,0.055646,0.018922,0.0,0.122439,0.014144,0.0,0.0,0.182274,0.0,0.091136,0.091146,0.0,0.038329
2022-01-03,0.026349,0.0,0.0,0.020328,0.012249,0.0,0.0,0.095601,0.061044,0.033325,0.0,0.03229,0.010818,0.0,0.0,0.095664,0.056522,0.018589,0.0,0.124096,0.013976,0.0,0.0,0.180802,0.0,0.089923,0.090258,0.0,0.038167
2022-01-04,0.026414,0.0,0.0,0.020426,0.012202,0.0,0.0,0.095786,0.062516,0.034404,0.0,0.032592,0.010653,0.0,0.0,0.094448,0.056228,0.018104,0.0,0.123197,0.01393,0.0,0.0,0.181608,0.0,0.089684,0.089721,0.0,0.038087
2022-01-05,0.026824,0.0,0.0,0.020698,0.012362,0.0,0.0,0.097129,0.062765,0.034941,0.0,0.032315,0.010744,0.0,0.0,0.092986,0.055174,0.017842,0.0,0.119239,0.013744,0.0,0.0,0.183445,0.0,0.090713,0.090394,0.0,0.038686
2022-01-06,0.026381,0.0,0.0,0.020346,0.01228,0.0,0.0,0.097339,0.063745,0.035751,0.0,0.031998,0.010629,0.0,0.0,0.092598,0.055652,0.017934,0.0,0.118787,0.013769,0.0,0.0,0.183419,0.0,0.090568,0.090082,0.0,0.038724
2022-01-07,0.026317,0.0,0.0,0.020232,0.012348,0.0,0.0,0.098248,0.064574,0.036285,0.0,0.030585,0.010587,0.0,0.0,0.091856,0.054103,0.017869,0.0,0.118842,0.013694,0.0,0.0,0.185227,0.0,0.09038,0.090083,0.0,0.03877
2022-01-10,0.026039,0.0,0.0,0.019943,0.012402,0.0,0.0,0.099021,0.064587,0.036303,0.0,0.03081,0.010734,0.0,0.0,0.092205,0.054318,0.018082,0.0,0.117387,0.013664,0.0,0.0,0.184397,0.0,0.090683,0.090523,0.0,0.038901
2022-01-11,0.02611,0.0,0.0,0.01994,0.012512,0.0,0.0,0.099504,0.064343,0.037071,0.0,0.031059,0.010685,0.0,0.0,0.092149,0.054651,0.018148,0.0,0.118892,0.013515,0.0,0.0,0.183212,0.0,0.089769,0.090019,0.0,0.038419
2022-01-12,0.026217,0.0,0.0,0.019818,0.012625,0.0,0.0,0.099577,0.063985,0.036908,0.0,0.030892,0.010588,0.0,0.0,0.092002,0.054707,0.017902,0.0,0.122898,0.013446,0.0,0.0,0.182154,0.0,0.089221,0.088877,0.0,0.038181
2022-01-13,0.026466,0.0,0.0,0.020017,0.012697,0.0,0.0,0.10005,0.064306,0.037049,0.0,0.031482,0.010516,0.0,0.0,0.090417,0.053906,0.017471,0.0,0.120816,0.013539,0.0,0.0,0.182757,0.0,0.090303,0.08969,0.0,0.038517
2022-01-14,0.025951,0.0,0.0,0.019672,0.012557,0.0,0.0,0.099276,0.063512,0.037845,0.0,0.030913,0.010478,0.0,0.0,0.091004,0.055088,0.017516,0.0,0.121118,0.01339,0.0,0.0,0.184622,0.0,0.089506,0.089112,0.0,0.038439
2022-01-17,0.026107,0.0,0.0,0.01987,0.012561,0.0,0.0,0.099238,0.063488,0.037831,0.0,0.030901,0.010474,0.0,0.0,0.090969,0.055067,0.017509,0.0,0.121072,0.013385,0.0,0.0,0.184552,0.0,0.089472,0.089078,0.0,0.038426
2022-01-18,0.02597,0.0,0.0,0.019807,0.012548,0.0,0.0,0.099205,0.062811,0.038435,0.0,0.030013,0.01045,0.0,0.0,0.089841,0.053232,0.017405,0.0,0.121511,0.013402,0.0,0.0,0.186933,0.0,0.089852,0.089707,0.0,0.03888
2022-01-19,0.026062,0.0,0.0,0.019735,0.012672,0.0,0.0,0.099076,0.062134,0.038389,0.0,0.029425,0.010471,0.0,0.0,0.089128,0.051982,0.017493,0.0,0.119042,0.013302,0.0,0.0,0.19128,0.0,0.090621,0.090069,0.0,0.03912
2022-01-20,0.026379,0.0,0.0,0.020005,0.012968,0.0,0.0,0.098711,0.062065,0.038238,0.0,0.028888,0.010457,0.0,0.0,0.088442,0.050618,0.017541,0.0,0.119299,0.013201,0.0,0.0,0.191913,0.0,0.091295,0.090654,0.0,0.039324
2022-01-21,0.02605,0.0,0.0,0.019734,0.012853,0.0,0.0,0.098182,0.061426,0.037873,0.0,0.028856,0.01046,0.0,0.0,0.087589,0.050295,0.017293,0.0,0.11853,0.013306,0.0,0.0,0.192864,0.0,0.092782,0.092171,0.0,0.039736
2022-01-24,0.024981,0.0,0.0,0.019027,0.012421,0.0,0.0,0.095562,0.061761,0.038225,0.0,0.030029,0.010452,0.0,0.0,0.088268,0.051,0.017628,0.0,0.118818,0.013365,0.0,0.0,0.193069,0.0,0.092937,0.09262,0.0,0.039837
2022-01-25,0.025272,0.0,0.0,0.019295,0.01255,0.0,0.0,0.096872,0.062228,0.039843,0.0,0.029551,0.010419,0.0,0.0,0.086516,0.049262,0.017033,0.0,0.117448,0.013357,0.0,0.0,0.194489,0.0,0.093126,0.092769,0.0,0.039971
2022-01-26,0.025845,0.0,0.0,0.019731,0.01263,0.0,0.0,0.095866,0.06249,0.03984,0.0,0.028659,0.010382,0.0,0.0,0.087164,0.050099,0.016855,0.0,0.117774,0.013169,0.0,0.0,0.194514,0.0,0.092614,0.09233,0.0,0.040037
2022-01-27,0.025943,0.0,0.0,0.019876,0.012598,0.0,0.0,0.096323,0.062584,0.040704,0.0,0.028536,0.01052,0.0,0.0,0.087488,0.04838,0.016883,0.0,0.114575,0.01309,0.0,0.0,0.194349,0.0,0.093996,0.093695,0.0,0.04046
2022-01-28,0.025437,0.0,0.0,0.019235,0.012342,0.0,0.0,0.096483,0.062756,0.040117,0.0,0.028921,0.010625,0.0,0.0,0.090382,0.048805,0.0171,0.0,0.113376,0.013375,0.0,0.0,0.194682,0.0,0.093253,0.093064,0.0,0.040046
2022-01-31,0.034086,0.032712,0.0,0.02752,0.016641,0.0,0.0,0.052496,0.038776,0.027677,0.010302,0.025988,0.077397,0.083735,0.045136,0.048931,0.038539,0.022015,0.0,0.030646,0.056776,0.027545,0.0,0.088284,0.0,0.040851,0.158922,0.0,0.015024
2022-02-01,0.034387,0.03299,0.0,0.027841,0.016767,0.0,0.0,0.05233,0.039171,0.028561,0.010407,0.025975,0.077324,0.083357,0.044377,0.048881,0.03872,0.021936,0.0,0.031011,0.056369,0.027469,0.0,0.089186,0.0,0.040649,0.157319,0.0,0.014971
2022-02-02,0.034435,0.032985,0.0,0.027545,0.016615,0.0,0.0,0.052323,0.039202,0.028481,0.010416,0.026162,0.077895,0.083852,0.044763,0.048984,0.039461,0.021732,0.0,0.03064,0.056746,0.027404,0.0,0.088436,0.0,0.040489,0.156553,0.0,0.01488
2022-02-03,0.034547,0.032847,0.0,0.027417,0.016701,0.0,0.0,0.052117,0.039151,0.028489,0.010351,0.025823,0.078326,0.084699,0.045002,0.048031,0.038115,0.021513,0.0,0.030268,0.056696,0.027634,0.0,0.089438,0.0,0.040713,0.157098,0.0,0.015026
2022-02-04,0.034343,0.032844,0.0,0.027094,0.016686,0.0,0.0,0.052074,0.039915,0.029005,0.010265,0.024972,0.078236,0.083871,0.044754,0.048344,0.038428,0.021959,0.0,0.030779,0.056274,0.027745,0.0,0.090273,0.0,0.040501,0.156578,0.0,0.015061
2022-02-07,0.034507,0.032845,0.0,0.027306,0.016717,0.0,0.0,0.051529,0.040012,0.029359,0.010267,0.025072,0.078056,0.083978,0.044663,0.047996,0.038385,0.021923,0.0,0.030695,0.056162,0.027935,0.0,0.090617,0.0,0.040489,0.156427,0.0,0.015058
2022-02-08,0.034451,0.03284,0.0,0.027451,0.016767,0.0,0.0,0.051524,0.040422,0.028624,0.010332,0.025437,0.078408,0.083992,0.044533,0.048412,0.039213,0.022087,0.0,0.030083,0.055696,0.027919,0.0,0.090943,0.0,0.040211,0.155657,0.0,0.014998
2022-02-09,0.034615,0.033024,0.0,0.027579,0.016863,0.0,0.0,0.051616,0.040226,0.028541,0.010357,0.025684,0.078134,0.083077,0.04423,0.048934,0.040048,0.022405,0.0,0.030335,0.05632,0.027701,0.0,0.09144,0.0,0.039817,0.15422,0.0,0.014833
2022-02-10,0.034993,0.03303,0.0,0.028001,0.01717,0.0,0.0,0.051585,0.040397,0.028736,0.010322,0.025024,0.077923,0.083266,0.043677,0.048281,0.03931,0.022548,0.0,0.030084,0.055714,0.027959,0.0,0.091986,0.0,0.03997,0.155,0.0,0.015025
2022-02-11,0.034745,0.032634,0.0,0.02805,0.01714,0.0,0.0,0.050911,0.040103,0.029773,0.010233,0.024879,0.077366,0.083533,0.044001,0.047126,0.037563,0.022038,0.0,0.029476,0.055582,0.028686,0.0,0.092921,0.0,0.040659,0.157452,0.0,0.015129
2022-02-14,0.034374,0.032527,0.0,0.028065,0.016891,0.0,0.0,0.050353,0.039914,0.029263,0.010262,0.024965,0.077081,0.08385,0.043915,0.047421,0.037847,0.022183,0.0,0.0295,0.055439,0.02903,0.0,0.093179,0.0,0.040644,0.158069,0.0,0.015228
2022-02-15,0.034482,0.032965,0.0,0.028001,0.016991,0.0,0.0,0.051626,0.040077,0.028684,0.010319,0.025166,0.077215,0.083204,0.043298,0.048209,0.039559,0.022585,0.0,0.030614,0.055411,0.028483,0.0,0.091951,0.0,0.040141,0.155935,0.0,0.015085
2022-02-16,0.034287,0.033008,0.0,0.028017,0.017088,0.0,0.0,0.051533,0.040026,0.028857,0.010352,0.025266,0.077177,0.08319,0.043309,0.048063,0.039492,0.022253,0.0,0.030662,0.055556,0.028718,0.0,0.092028,0.0,0.040143,0.155923,0.0,0.015052
2022-02-17,0.034403,0.032679,0.0,0.027985,0.017212,0.0,0.0,0.051548,0.039331,0.029033,0.010241,0.024788,0.07652,0.084477,0.043668,0.046984,0.038302,0.021787,0.0,0.029953,0.05539,0.029334,0.0,0.093045,0.0,0.040669,0.15748,0.0,0.015168
2022-02-18,0.034023,0.032604,0.0,0.027777,0.016983,0.0,0.0,0.051731,0.03946,0.028957,0.010192,0.024924,0.076217,0.084932,0.043744,0.046673,0.038008,0.021533,0.0,0.029607,0.05525,0.029417,0.0,0.093242,0.0,0.040945,0.158561,0.0,0.015222
2022-02-21,0.033674,0.032632,0.0,0.027437,0.016876,0.0,0.0,0.051776,0.039495,0.028982,0.010201,0.024946,0.076283,0.085005,0.043781,0.046713,0.038041,0.021551,0.0,0.029632,0.055298,0.029442,0.0,0.093322,0.0,0.040981,0.158698,0.0,0.015235
2022-02-22,0.033857,0.03221,0.0,0.027568,0.0168,0.0,0.0,0.051626,0.039401,0.028591,0.01013,0.024082,0.0763,0.084577,0.043855,0.046408,0.037913,0.021503,0.0,0.029228,0.055248,0.029584,0.0,0.095134,0.0,0.041089,0.15962,0.0,0.015276
2022-02-23,0.033808,0.032215,0.0,0.027586,0.016817,0.0,0.0,0.051471,0.03902,0.029114,0.010022,0.023476,0.076515,0.084555,0.043453,0.045604,0.037302,0.021233,0.0,0.029571,0.054764,0.029952,0.0,0.09593,0.0,0.041198,0.160996,0.0,0.015399
2022-02-24,0.032888,0.031558,0.0,0.027267,0.015966,0.0,0.0,0.050035,0.038521,0.028863,0.010142,0.024261,0.076763,0.083032,0.043766,0.047125,0.038636,0.022693,0.0,0.02958,0.055641,0.029736,0.0,0.095363,0.0,0.041262,0.161529,0.0,0.015373
2022-02-25,0.033692,0.032003,0.0,0.02765,0.01624,0.0,0.0,0.050893,0.039141,0.029162,0.010222,0.024732,0.077878,0.08437,0.044417,0.047019,0.038667,0.02265,0.0,0.030152,0.056093,0.029174,0.0,0.091228,0.0,0.040607,0.158866,0.0,0.015144
2022-02-28,0.018811,0.027311,0.014294,0.0,0.02325,0.0,0.0,0.049664,0.04687,0.135393,0.015407,0.0,0.06565,0.089838,0.046862,0.036854,0.022753,0.020144,0.0,0.0,0.035372,0.013996,0.0,0.099267,0.013212,0.098899,0.089629,0.0,0.036526
2022-03-01,0.018509,0.026638,0.014125,0.0,0.023076,0.0,0.0,0.04846,0.045226,0.137011,0.015205,0.0,0.065409,0.089478,0.046542,0.036185,0.021969,0.020286,0.0,0.0,0.035252,0.014277,0.0,0.101877,0.013389,0.10005,0.09044,0.0,0.036595
2022-03-02,0.018572,0.026831,0.014058,0.0,0.022831,0.0,0.0,0.048835,0.046022,0.13901,0.015404,0.0,0.065859,0.089696,0.046728,0.03667,0.022485,0.020358,0.0,0.0,0.035621,0.014014,0.0,0.101006,0.012827,0.097749,0.089127,0.0,0.036298
2022-03-03,0.018389,0.026013,0.013963,0.0,0.022547,0.0,0.0,0.047845,0.045793,0.139137,0.015393,0.0,0.066074,0.090258,0.047463,0.036167,0.021973,0.019974,0.0,0.0,0.035847,0.014072,0.0,0.103079,0.012934,0.097991,0.088859,0.0,0.036231
2022-03-04,0.01795,0.024871,0.013759,0.0,0.021944,0.0,0.0,0.046652,0.04486,0.142911,0.015333,0.0,0.066293,0.090118,0.048429,0.035473,0.021354,0.019773,0.0,0.0,0.035951,0.014272,0.0,0.102577,0.013135,0.098796,0.089387,0.0,0.036162
2022-03-07,0.017901,0.024223,0.013371,0.0,0.021593,0.0,0.0,0.045491,0.04353,0.146057,0.015029,0.0,0.065603,0.089111,0.049408,0.034419,0.020428,0.019446,0.0,0.0,0.035492,0.014588,0.0,0.105155,0.013128,0.09908,0.090512,0.0,0.036434
2022-03-08,0.0176,0.024854,0.013209,0.0,0.021349,0.0,0.0,0.046437,0.043377,0.1487,0.014972,0.0,0.064414,0.08691,0.048758,0.034333,0.020868,0.019175,0.0,0.0,0.035403,0.015022,0.0,0.105259,0.013027,0.098668,0.091162,0.0,0.036507
2022-03-09,0.018134,0.026096,0.013521,0.0,0.021902,0.0,0.0,0.048199,0.044825,0.143688,0.015194,0.0,0.065418,0.087214,0.048257,0.035575,0.021672,0.019665,0.0,0.0,0.035831,0.014528,0.0,0.103312,0.012857,0.097741,0.089966,0.0,0.036404
2022-03-10,0.017888,0.025519,0.013467,0.0,0.021489,0.0,0.0,0.04807,0.044456,0.148107,0.015176,0.0,0.065403,0.086403,0.048587,0.034959,0.021231,0.01968,0.0,0.0,0.035926,0.014576,0.0,0.102902,0.012674,0.097307,0.089783,0.0,0.036398
2022-03-11,0.018074,0.025493,0.013318,0.0,0.021382,0.0,0.0,0.047864,0.044369,0.147682,0.015133,0.0,0.06525,0.08584,0.048672,0.034521,0.020882,0.019351,0.0,0.0,0.035825,0.014548,0.0,0.103767,0.012783,0.097784,0.090884,0.0,0.036579
2022-03-14,0.018077,0.026139,0.013436,0.0,0.021077,0.0,0.0,0.049011,0.045264,0.144328,0.015297,0.0,0.0662,0.086939,0.048979,0.034133,0.020357,0.018924,0.0,0.0,0.03581,0.014436,0.0,0.104347,0.012577,0.097264,0.090548,0.0,0.03686
2022-03-15,0.018169,0.026286,0.013631,0.0,0.020805,0.0,0.0,0.049529,0.04582,0.138793,0.015512,0.0,0.067399,0.088728,0.049517,0.035217,0.021254,0.019367,0.0,0.0,0.035985,0.01414,0.0,0.103778,0.012533,0.097045,0.08971,0.0,0.036781
2022-03-16,0.01849,0.027131,0.01384,0.0,0.021973,0.0,0.0,0.05037,0.046784,0.137207,0.015609,0.0,0.06774,0.088215,0.049087,0.036112,0.022195,0.019624,0.0,0.0,0.036163,0.014131,0.0,0.101405,0.012569,0.096246,0.088579,0.0,0.036532
2022-03-17,0.018511,0.026988,0.013806,0.0,0.02192,0.0,0.0,0.049872,0.046815,0.140272,0.015625,0.0,0.068008,0.08779,0.048719,0.035943,0.022071,0.01982,0.0,0.0,0.036293,0.014034,0.0,0.101394,0.012329,0.09494,0.088739,0.0,0.036111
2022-03-18,0.018659,0.027121,0.013938,0.0,0.02222,0.0,0.0,0.050068,0.046771,0.139684,0.015633,0.0,0.068206,0.087706,0.048146,0.03656,0.022429,0.020187,0.0,0.0,0.036175,0.013866,0.0,0.101111,0.012439,0.09491,0.088179,0.0,0.035991
2022-03-21,0.018647,0.026748,0.01388,0.0,0.021787,0.0,0.0,0.048904,0.046544,0.144752,0.015608,0.0,0.06789,0.087479,0.04828,0.036349,0.022298,0.019915,0.0,0.0,0.035815,0.013918,0.0,0.102861,0.012104,0.093311,0.087061,0.0,0.03585
2022-03-22,0.018786,0.027032,0.013886,0.0,0.022137,0.0,0.0,0.049368,0.047178,0.143318,0.015653,0.0,0.06773,0.087903,0.048224,0.036777,0.022364,0.020591,0.0,0.0,0.035814,0.013781,0.0,0.102783,0.011918,0.092562,0.086436,0.0,0.035757
2022-03-23,0.018728,0.026551,0.013816,0.0,0.022188,0.0,0.0,0.048475,0.046344,0.145905,0.015516,0.0,0.06657,0.087268,0.048332,0.036241,0.021819,0.02066,0.0,0.0,0.035442,0.013981,0.0,0.103333,0.01219,0.093262,0.087595,0.0,0.035787
2022-03-24,0.018632,0.026587,0.013905,0.0,0.022023,0.0,0.0,0.049034,0.046506,0.145614,0.015564,0.0,0.067064,0.08749,0.048611,0.037017,0.022818,0.020771,0.0,0.0,0.035507,0.01402,0.0,0.102179,0.01204,0.092329,0.086667,0.0,0.035622
2022-03-25,0.018629,0.026477,0.013836,0.0,0.021724,0.0,0.0,0.048778,0.046878,0.148098,0.015586,0.0,0.067055,0.087799,0.049081,0.03682,0.022658,0.020544,0.0,0.0,0.03578,0.013896,0.0,0.102475,0.011817,0.090946,0.085665,0.0,0.035457
2022-03-28,0.018698,0.026609,0.013666,0.0,0.021791,0.0,0.0,0.049298,0.046875,0.144826,0.015633,0.0,0.067727,0.088403,0.049533,0.03736,0.022896,0.020811,0.0,0.0,0.036259,0.01368,0.0,0.101231,0.01195,0.091401,0.085802,0.0,0.035551
2022-03-29,0.018965,0.027117,0.01385,0.0,0.022129,0.0,0.0,0.049851,0.046692,0.143556,0.01568,0.0,0.067705,0.088638,0.049684,0.037917,0.023276,0.020869,0.0,0.0,0.037092,0.013602,0.0,0.099825,0.011966,0.091289,0.084965,0.0,0.035331
2022-03-30,0.018936,0.026957,0.013682,0.0,0.022184,0.0,0.0,0.049208,0.046284,0.144983,0.015636,0.0,0.067725,0.088548,0.05001,0.037349,0.022494,0.020609,0.0,0.0,0.036762,0.013688,0.0,0.100896,0.01204,0.091496,0.08524,0.0,0.035271
2022-03-31,0.017001,0.024556,0.0,0.028815,0.019969,0.020488,0.0,0.028346,0.037393,0.115985,0.02882,0.022279,0.040167,0.125492,0.0,0.032379,0.029155,0.035547,0.0,0.0,0.0,0.041408,0.030593,0.082022,0.0,0.10972,0.08976,0.0,0.040105
2022-04-01,0.016812,0.024815,0.0,0.02885,0.020094,0.021184,0.0,0.028847,0.037252,0.116789,0.028562,0.022489,0.040436,0.1266,0.0,0.032246,0.028556,0.035506,0.0,0.0,0.0,0.041096,0.03037,0.081402,0.0,0.108878,0.089162,0.0,0.040053
2022-04-04,0.016888,0.02474,0.0,0.028983,0.020414,0.021778,0.0,0.029394,0.036952,0.116515,0.028422,0.022632,0.039954,0.125745,0.0,0.032739,0.028915,0.035916,0.0,0.0,0.0,0.041145,0.030113,0.081666,0.0,0.108411,0.088772,0.0,0.039906
2022-04-05,0.017004,0.024725,0.0,0.029271,0.020276,0.021376,0.0,0.029383,0.037072,0.115793,0.028288,0.022166,0.040424,0.127073,0.0,0.032358,0.02785,0.035442,0.0,0.0,0.0,0.041282,0.030041,0.082754,0.0,0.108151,0.088979,0.0,0.04029
2022-04-06,0.016698,0.024527,0.0,0.0287,0.020039,0.021095,0.0,0.029222,0.036938,0.11686,0.028161,0.021651,0.041174,0.129105,0.0,0.031696,0.027246,0.034545,0.0,0.0,0.0,0.041514,0.030422,0.082987,0.0,0.108123,0.088875,0.0,0.040423
2022-04-07,0.01659,0.02456,0.0,0.028391,0.019748,0.020648,0.0,0.02907,0.036762,0.117953,0.028153,0.021462,0.041811,0.13019,0.0,0.031628,0.027205,0.034795,0.0,0.0,0.0,0.041517,0.030484,0.082869,0.0,0.107458,0.088431,0.0,0.040274
2022-04-08,0.016688,0.024458,0.0,0.028582,0.019796,0.020596,0.0,0.029144,0.036946,0.120581,0.027852,0.021462,0.041847,0.130072,0.0,0.031027,0.026394,0.034209,0.0,0.0,0.0,0.041564,0.030489,0.08372,0.0,0.106369,0.088139,0.0,0.040064
2022-04-11,0.016579,0.024418,0.0,0.028544,0.019706,0.020248,0.0,0.029134,0.037041,0.117788,0.02796,0.021811,0.041306,0.130463,0.0,0.03046,0.026036,0.034728,0.0,0.0,0.0,0.042067,0.03115,0.084994,0.0,0.10661,0.088612,0.0,0.040344
2022-04-12,0.016579,0.024176,0.0,0.028728,0.019712,0.020168,0.0,0.028779,0.036537,0.119412,0.027838,0.021701,0.040792,0.130136,0.0,0.030241,0.025885,0.03468,0.0,0.0,0.0,0.042273,0.031493,0.085436,0.0,0.106829,0.08836,0.0,0.040244
2022-04-13,0.016402,0.024299,0.0,0.028538,0.019672,0.020367,0.0,0.028537,0.036295,0.120391,0.027913,0.021985,0.040721,0.129999,0.0,0.030524,0.026267,0.035544,0.0,0.0,0.0,0.042194,0.031658,0.084758,0.0,0.106355,0.087609,0.0,0.039972
2022-04-14,0.016481,0.024312,0.0,0.028881,0.019592,0.020265,0.0,0.02846,0.036069,0.121399,0.028024,0.021728,0.040731,0.130628,0.0,0.029935,0.02567,0.034954,0.0,0.0,0.0,0.042269,0.031672,0.084777,0.0,0.105934,0.088048,0.0,0.040171
2022-04-18,0.016466,0.024199,0.0,0.028855,0.019574,0.020091,0.0,0.028446,0.036251,0.123065,0.027901,0.021486,0.040245,0.129433,0.0,0.030005,0.026091,0.034265,0.0,0.0,0.0,0.042361,0.031951,0.085712,0.0,0.10553,0.087938,0.0,0.040134
2022-04-19,0.016451,0.024283,0.0,0.028864,0.019299,0.019937,0.0,0.028101,0.036715,0.121947,0.028381,0.022266,0.040591,0.131278,0.0,0.030539,0.026637,0.034896,0.0,0.0,0.0,0.041681,0.031078,0.084806,0.0,0.104735,0.08742,0.0,0.040096
2022-04-20,0.016488,0.024352,0.0,0.028923,0.019148,0.019228,0.0,0.028292,0.036769,0.121758,0.028381,0.022345,0.040915,0.132529,0.0,0.030346,0.026435,0.034554,0.0,0.0,0.0,0.04166,0.030964,0.084461,0.0,0.104985,0.087591,0.0,0.039877
2022-04-21,0.016655,0.024377,0.0,0.029121,0.019159,0.018764,0.0,0.028576,0.036567,0.119131,0.028386,0.022299,0.040887,0.133803,0.0,0.030144,0.025999,0.033706,0.0,0.0,0.0,0.041947,0.03063,0.085197,0.0,0.1055,0.08886,0.0,0.040291
2022-04-22,0.016421,0.024377,0.0,0.028878,0.01927,0.019176,0.0,0.028698,0.036033,0.118037,0.028122,0.022027,0.040013,0.13377,0.0,0.029759,0.025819,0.033468,0.0,0.0,0.0,0.042189,0.030454,0.085459,0.0,0.107204,0.089895,0.0,0.040927
2022-04-25,0.016088,0.024273,0.0,0.028533,0.018871,0.018882,0.0,0.02881,0.036233,0.114577,0.028231,0.022813,0.040438,0.134882,0.0,0.030324,0.026357,0.03451,0.0,0.0,0.0,0.041592,0.029915,0.085099,0.0,0.108311,0.090177,0.0,0.041083
2022-04-26,0.016155,0.023686,0.0,0.028777,0.018904,0.018625,0.0,0.028842,0.035637,0.115751,0.02786,0.022658,0.040079,0.133978,0.0,0.029454,0.025412,0.033516,0.0,0.0,0.0,0.042025,0.029932,0.086088,0.0,0.110003,0.091173,0.0,0.041444
2022-04-27,0.016123,0.023764,0.0,0.028825,0.018901,0.019264,0.0,0.028856,0.035559,0.11729,0.027927,0.022353,0.039938,0.134295,0.0,0.02985,0.02524,0.032981,0.0,0.0,0.0,0.041652,0.029671,0.085973,0.0,0.109245,0.090902,0.0,0.041392
2022-04-28,0.01595,0.023765,0.0,0.028446,0.018791,0.019214,0.0,0.0289,0.035557,0.119318,0.027885,0.022867,0.039977,0.134552,0.0,0.030652,0.026294,0.033178,0.0,0.0,0.0,0.041348,0.0292,0.085268,0.0,0.107707,0.090263,0.0,0.040867
2022-04-29,0.05388,0.025872,0.0,0.031454,0.014688,0.0,0.097264,0.0,0.0438,0.117355,0.067898,0.0,0.058883,0.02042,0.073638,0.047758,0.0399,0.056697,0.0,0.029998,0.037768,0.023806,0.033308,0.036381,0.020384,0.0,0.0,0.0,0.068851
2022-05-02,0.05402,0.025841,0.0,0.030842,0.014727,0.0,0.094125,0.0,0.043927,0.11954,0.068218,0.0,0.058669,0.020204,0.073074,0.04861,0.041339,0.057741,0.0,0.030168,0.036952,0.023425,0.033125,0.036344,0.020083,0.0,0.0,0.0,0.069025
2022-05-03,0.05321,0.025872,0.0,0.030986,0.014525,0.0,0.095076,0.0,0.044195,0.122049,0.068199,0.0,0.058452,0.020008,0.072851,0.048361,0.041396,0.056564,0.0,0.030427,0.037155,0.023326,0.032836,0.035898,0.02008,0.0,0.0,0.0,0.068534
2022-05-04,0.051547,0.025745,0.0,0.03004,0.014053,0.0,0.095812,0.0,0.044624,0.12454,0.068751,0.0,0.058536,0.020044,0.072967,0.049044,0.04213,0.056171,0.0,0.030802,0.03682,0.023078,0.032865,0.035492,0.019781,0.0,0.0,0.0,0.067158
2022-05-05,0.052786,0.025494,0.0,0.030662,0.014164,0.0,0.093852,0.0,0.044354,0.125584,0.068548,0.0,0.058764,0.020132,0.073938,0.047796,0.041043,0.054274,0.0,0.030683,0.03669,0.023537,0.032856,0.036402,0.019696,0.0,0.0,0.0,0.068745
2022-05-06,0.052474,0.025193,0.0,0.030164,0.014169,0.0,0.093231,0.0,0.044192,0.129783,0.068324,0.0,0.058785,0.020224,0.074789,0.047578,0.040821,0.052166,0.0,0.030746,0.036383,0.023659,0.032781,0.036084,0.019475,0.0,0.0,0.0,0.068981
2022-05-09,0.052775,0.025325,0.0,0.030317,0.014197,0.0,0.093269,0.0,0.044709,0.123386,0.069103,0.0,0.059351,0.020953,0.076937,0.047405,0.040155,0.050568,0.0,0.030024,0.036048,0.024166,0.03294,0.036526,0.020362,0.0,0.0,0.0,0.071483
2022-05-10,0.052355,0.025567,0.0,0.029866,0.01416,0.0,0.093369,0.0,0.044288,0.124433,0.06861,0.0,0.059528,0.020796,0.075958,0.048099,0.041044,0.051153,0.0,0.030582,0.035371,0.023948,0.032132,0.036761,0.020535,0.0,0.0,0.0,0.071445
2022-05-11,0.053093,0.025399,0.0,0.03039,0.014373,0.0,0.094412,0.0,0.043834,0.125974,0.067919,0.0,0.059073,0.020685,0.076427,0.046534,0.039791,0.04966,0.0,0.030741,0.035259,0.024119,0.032625,0.037391,0.020909,0.0,0.0,0.0,0.071392
2022-05-12,0.051967,0.025314,0.0,0.030189,0.014098,0.0,0.095855,0.0,0.043573,0.126707,0.068151,0.0,0.059739,0.020712,0.075774,0.046126,0.040095,0.05029,0.0,0.030552,0.03559,0.023787,0.031442,0.037621,0.020903,0.0,0.0,0.0,0.071515
2022-05-13,0.052086,0.02549,0.0,0.030367,0.014082,0.0,0.096205,0.0,0.043254,0.128216,0.067533,0.0,0.059072,0.02057,0.075025,0.046633,0.041235,0.051429,0.0,0.031459,0.035743,0.023086,0.031248,0.037162,0.020151,0.0,0.0,0.0,0.069953
2022-05-16,0.051671,0.025482,0.0,0.030121,0.013983,0.0,0.097201,0.0,0.042721,0.13107,0.067168,0.0,0.05927,0.020581,0.074954,0.046036,0.040444,0.050012,0.0,0.03092,0.035376,0.023212,0.03194,0.038115,0.020049,0.0,0.0,0.0,0.069674
2022-05-17,0.051749,0.025679,0.0,0.029944,0.014087,0.0,0.098059,0.0,0.043171,0.130489,0.067605,0.0,0.059134,0.020117,0.07453,0.046619,0.041738,0.049787,0.0,0.032115,0.03529,0.022702,0.031419,0.037709,0.019493,0.0,0.0,0.0,0.068564
2022-05-18,0.052099,0.025549,0.0,0.030377,0.014294,0.0,0.097423,0.0,0.043034,0.130329,0.066718,0.0,0.05905,0.019294,0.075658,0.0456,0.040626,0.048924,0.0,0.032321,0.035124,0.023283,0.031899,0.03771,0.020408,0.0,0.0,0.0,0.070282
2022-05-19,0.051459,0.02578,0.0,0.030039,0.014289,0.0,0.099349,0.0,0.04269,0.129674,0.066031,0.0,0.059099,0.018924,0.075397,0.045039,0.040325,0.049043,0.0,0.033366,0.034921,0.023593,0.032727,0.037642,0.020429,0.0,0.0,0.0,0.070185
2022-05-20,0.050925,0.025794,0.0,0.029785,0.014321,0.0,0.101399,0.0,0.042457,0.129756,0.065079,0.0,0.0596,0.018895,0.075332,0.044974,0.040157,0.049686,0.0,0.033249,0.035015,0.023523,0.032286,0.037254,0.020585,0.0,0.0,0.0,0.069928
2022-05-23,0.051319,0.0259,0.0,0.029558,0.014233,0.0,0.10331,0.0,0.043099,0.130941,0.065032,0.0,0.059111,0.018961,0.074952,0.045233,0.039651,0.050092,0.0,0.033147,0.034824,0.023234,0.03179,0.036956,0.019906,0.0,0.0,0.0,0.068752
2022-05-24,0.050502,0.025965,0.0,0.028791,0.013893,0.0,0.103407,0.0,0.043125,0.131792,0.06517,0.0,0.059446,0.019322,0.076653,0.04468,0.038789,0.049016,0.0,0.032524,0.035212,0.023472,0.032335,0.036609,0.020353,0.0,0.0,0.0,0.068944
2022-05-25,0.05083,0.025777,0.0,0.029205,0.013919,0.0,0.10266,0.0,0.043192,0.133656,0.065131,0.0,0.059049,0.019204,0.076113,0.044913,0.039235,0.049569,0.0,0.032038,0.035285,0.023182,0.03205,0.036195,0.020303,0.0,0.0,0.0,0.068494
2022-05-26,0.051111,0.025765,0.0,0.029361,0.01394,0.0,0.103427,0.0,0.043579,0.133267,0.065535,0.0,0.058482,0.01914,0.075275,0.045357,0.040205,0.050153,0.0,0.032648,0.03484,0.022819,0.031561,0.036051,0.019932,0.0,0.0,0.0,0.067548
2022-05-27,0.05115,0.025666,0.0,0.029389,0.013913,0.0,0.102408,0.0,0.043607,0.133539,0.065813,0.0,0.058505,0.019054,0.075232,0.046144,0.041191,0.050846,0.0,0.032911,0.035204,0.022467,0.031134,0.035699,0.019662,0.0,0.0,0.0,0.066466
2022-05-30,0.051816,0.025638,0.0,0.02948,0.014159,0.0,0.102295,0.0,0.043559,0.133392,0.06574,0.0,0.058441,0.019033,0.075149,0.046093,0.041145,0.05079,0.0,0.032875,0.035165,0.022442,0.0311,0.03566,0.01964,0.0,0.0,0.0,0.066388
2022-05-31,0.022829,0.016979,0.0,0.030526,0.025313,0.0,0.015624,0.092338,0.012778,0.043052,0.026122,0.0,0.037307,0.04652,0.039662,0.019999,0.015933,0.019026,0.0,0.0,0.022132,0.093915,0.0,0.063442,0.0,0.056995,0.109718,0.0,0.189791
2022-06-01,0.02269,0.01674,0.0,0.030438,0.025088,0.0,0.015597,0.092594,0.012605,0.043864,0.026028,0.0,0.036864,0.04603,0.039698,0.019989,0.01572,0.019147,0.0,0.0,0.022004,0.094753,0.0,0.063545,0.0,0.056818,0.109544,0.0,0.190244
2022-06-02,0.022493,0.017006,0.0,0.0305,0.02487,0.0,0.015656,0.093849,0.012667,0.043346,0.026295,0.0,0.036832,0.046294,0.039618,0.020295,0.016126,0.019555,0.0,0.0,0.022113,0.095085,0.0,0.063307,0.0,0.056407,0.109093,0.0,0.188593
2022-06-03,0.022631,0.016878,0.0,0.03059,0.025023,0.0,0.015619,0.092198,0.012561,0.04419,0.026355,0.0,0.036624,0.04611,0.03967,0.019932,0.01574,0.019366,0.0,0.0,0.021952,0.094699,0.0,0.063091,0.0,0.056643,0.110399,0.0,0.18973
2022-06-06,0.022893,0.016954,0.0,0.030871,0.025316,0.0,0.015449,0.092229,0.012593,0.044123,0.026455,0.0,0.036616,0.046111,0.03983,0.019926,0.015761,0.019341,0.0,0.0,0.021874,0.094245,0.0,0.063903,0.0,0.056196,0.109638,0.0,0.189677
2022-06-07,0.022726,0.016925,0.0,0.030669,0.025022,0.0,0.015128,0.09195,0.012636,0.045249,0.026697,0.0,0.036936,0.046159,0.039901,0.020078,0.01582,0.019563,0.0,0.0,0.022082,0.094459,0.0,0.06349,0.0,0.056184,0.109435,0.0,0.188892
2022-06-08,0.022959,0.016765,0.0,0.030924,0.025439,0.0,0.014862,0.091382,0.012476,0.045573,0.026344,0.0,0.036826,0.04582,0.039315,0.01995,0.01556,0.019516,0.0,0.0,0.02168,0.094841,0.0,0.064007,0.0,0.056254,0.109708,0.0,0.1898
2022-06-09,0.022803,0.016495,0.0,0.030754,0.025304,0.0,0.014743,0.091626,0.012273,0.04497,0.02606,0.0,0.03632,0.045542,0.038718,0.019594,0.015256,0.019286,0.0,0.0,0.021358,0.095397,0.0,0.064588,0.0,0.056714,0.110685,0.0,0.191514
2022-06-10,0.022039,0.016213,0.0,0.030264,0.025007,0.0,0.014443,0.091461,0.011948,0.044654,0.025547,0.0,0.036097,0.045805,0.03881,0.019031,0.014862,0.018822,0.0,0.0,0.021095,0.097653,0.0,0.064741,0.0,0.056724,0.111308,0.0,0.193475
2022-06-13,0.021848,0.015993,0.0,0.030017,0.024744,0.0,0.014046,0.091858,0.01186,0.043303,0.025353,0.0,0.035814,0.045855,0.037883,0.018608,0.014329,0.018335,0.0,0.0,0.020505,0.097274,0.0,0.065486,0.0,0.057005,0.111967,0.0,0.197918
2022-06-14,0.021736,0.01587,0.0,0.029869,0.02523,0.0,0.014008,0.092754,0.011817,0.043599,0.025414,0.0,0.035647,0.045537,0.037107,0.018818,0.01448,0.018383,0.0,0.0,0.020449,0.09697,0.0,0.065627,0.0,0.056828,0.110972,0.0,0.198885
2022-06-15,0.021722,0.016138,0.0,0.029988,0.025152,0.0,0.014283,0.092799,0.011862,0.042326,0.025473,0.0,0.035747,0.045252,0.037076,0.019075,0.014621,0.01867,0.0,0.0,0.020781,0.097522,0.0,0.065181,0.0,0.057203,0.111691,0.0,0.197437
2022-06-16,0.021493,0.015917,0.0,0.029176,0.024852,0.0,0.01382,0.091296,0.011706,0.040438,0.024929,0.0,0.035658,0.045464,0.036811,0.018526,0.013911,0.018102,0.0,0.0,0.020486,0.099842,0.0,0.066658,0.0,0.058291,0.112742,0.0,0.199883
2022-06-17,0.021535,0.015973,0.0,0.029431,0.025031,0.0,0.013695,0.091367,0.011779,0.038355,0.024948,0.0,0.035757,0.045452,0.036591,0.018758,0.014014,0.018528,0.0,0.0,0.020711,0.099354,0.0,0.066485,0.0,0.058504,0.113179,0.0,0.200552
2022-06-20,0.021778,0.015965,0.0,0.029546,0.025143,0.0,0.013688,0.09132,0.011773,0.038336,0.024936,0.0,0.035738,0.045428,0.036572,0.018748,0.014007,0.018519,0.0,0.0,0.0207,0.099302,0.0,0.066451,0.0,0.058474,0.113121,0.0,0.200454
2022-06-21,0.02189,0.016091,0.0,0.029523,0.025281,0.0,0.013558,0.092535,0.011907,0.039982,0.025177,0.0,0.036391,0.046248,0.036954,0.019063,0.014253,0.018875,0.0,0.0,0.020811,0.098098,0.0,0.065165,0.0,0.05768,0.111777,0.0,0.198742
2022-06-22,0.021972,0.016022,0.0,0.029323,0.024946,0.0,0.013516,0.091162,0.011908,0.038472,0.025096,0.0,0.036983,0.046324,0.037431,0.019027,0.014137,0.018854,0.0,0.0,0.021125,0.098721,0.0,0.064531,0.0,0.058547,0.112687,0.0,0.199215
2022-06-23,0.021847,0.015913,0.0,0.029338,0.024915,0.0,0.013214,0.092072,0.011853,0.037017,0.024949,0.0,0.037783,0.047185,0.038282,0.019297,0.01403,0.01939,0.0,0.0,0.02151,0.098038,0.0,0.062543,0.0,0.058831,0.112931,0.0,0.199061
2022-06-24,0.022202,0.016276,0.0,0.029874,0.025089,0.0,0.013107,0.092447,0.012164,0.037119,0.025556,0.0,0.038016,0.047616,0.038548,0.019785,0.014501,0.019985,0.0,0.0,0.021742,0.096935,0.0,0.062111,0.0,0.058021,0.111879,0.0,0.197027
2022-06-27,0.022437,0.016251,0.0,0.030061,0.025326,0.0,0.013459,0.091828,0.012136,0.038249,0.025523,0.0,0.038199,0.047537,0.038903,0.019673,0.014477,0.019703,0.0,0.0,0.021733,0.096932,0.0,0.061428,0.0,0.057756,0.111194,0.0,0.197196
2022-06-28,0.022347,0.016163,0.0,0.030238,0.025367,0.0,0.013403,0.091099,0.012069,0.039458,0.025339,0.0,0.037701,0.047112,0.038931,0.019169,0.014187,0.019196,0.0,0.0,0.021565,0.097205,0.0,0.061974,0.0,0.05809,0.111302,0.0,0.198086
2022-06-29,0.022073,0.016091,0.0,0.029795,0.025095,0.0,0.013479,0.091803,0.012017,0.038137,0.025225,0.0,0.03808,0.047471,0.039011,0.019234,0.013871,0.019217,0.0,0.0,0.021459,0.09726,0.0,0.062449,0.0,0.058635,0.111255,0.0,0.198345
2022-06-30,0.016125,0.024464,0.027004,0.024296,0.022192,0.0,0.059505,0.043036,0.020561,0.06168,0.022053,0.012346,0.033242,0.029134,0.051258,0.016539,0.010075,0.017671,0.0,0.011377,0.01707,0.06832,0.0,0.08198,0.0,0.045388,0.121399,0.0,0.163286
2022-07-01,0.016063,0.024368,0.026989,0.024367,0.022005,0.0,0.058535,0.042955,0.020744,0.062311,0.022141,0.012839,0.033458,0.029416,0.052269,0.016499,0.009673,0.01799,0.0,0.011188,0.017296,0.067945,0.0,0.079995,0.0,0.04566,0.122777,0.0,0.162517
2022-07-04,0.016165,0.024365,0.026986,0.02439,0.021995,0.0,0.058528,0.04295,0.020742,0.062303,0.022138,0.012837,0.033454,0.029412,0.052263,0.016497,0.009672,0.017988,0.0,0.011186,0.017294,0.067937,0.0,0.079986,0.0,0.045655,0.122763,0.0,0.162492
2022-07-05,0.016019,0.023912,0.027093,0.02461,0.021814,0.0,0.057741,0.043409,0.020886,0.060456,0.022034,0.013352,0.033608,0.029529,0.051008,0.016879,0.00985,0.018564,0.0,0.011352,0.017426,0.06719,0.0,0.079082,0.0,0.046301,0.1237,0.0,0.164184
2022-07-06,0.016255,0.023988,0.027117,0.025,0.021857,0.0,0.05767,0.044181,0.020856,0.059487,0.022184,0.013257,0.03387,0.029645,0.051592,0.017042,0.009908,0.018633,0.0,0.011339,0.017412,0.066195,0.0,0.07953,0.0,0.045956,0.122709,0.0,0.164315
2022-07-07,0.016395,0.024109,0.027218,0.025424,0.02227,0.0,0.059107,0.043887,0.020939,0.060993,0.022214,0.013279,0.033661,0.029366,0.051006,0.017214,0.010245,0.018864,0.0,0.011724,0.017279,0.065546,0.0,0.080189,0.0,0.045201,0.121246,0.0,0.162624
2022-07-08,0.016492,0.024088,0.02731,0.025506,0.02226,0.0,0.059508,0.043707,0.020859,0.060867,0.022077,0.013318,0.033707,0.029266,0.050756,0.017194,0.010277,0.018837,0.0,0.011656,0.017159,0.065467,0.0,0.081538,0.0,0.044854,0.12092,0.0,0.162378
2022-07-11,0.016364,0.023859,0.027124,0.025477,0.021763,0.0,0.057545,0.043875,0.020832,0.060698,0.022079,0.013403,0.033853,0.029426,0.051426,0.017074,0.010109,0.018641,0.0,0.011134,0.017239,0.065563,0.0,0.081574,0.0,0.045518,0.121943,0.0,0.163479
2022-07-12,0.01649,0.024002,0.027313,0.025689,0.021867,0.0,0.057245,0.044043,0.020838,0.059906,0.022156,0.013579,0.033642,0.029535,0.051514,0.016951,0.010204,0.018056,0.0,0.010896,0.017285,0.06575,0.0,0.07984,0.0,0.045925,0.122703,0.0,0.164572
2022-07-13,0.016257,0.024025,0.027185,0.025401,0.021781,0.0,0.057519,0.043583,0.020665,0.059845,0.021899,0.013634,0.033335,0.029572,0.051331,0.016916,0.010267,0.018018,0.0,0.011072,0.017212,0.066103,0.0,0.080171,0.0,0.046149,0.123412,0.0,0.164649
2022-07-14,0.016125,0.023796,0.027107,0.025244,0.021649,0.0,0.056448,0.044059,0.020413,0.059131,0.021928,0.013606,0.033473,0.029806,0.051694,0.017192,0.010559,0.017873,0.0,0.011327,0.017178,0.065636,0.0,0.079758,0.0,0.046218,0.123982,0.0,0.165794
2022-07-15,0.016402,0.024042,0.027156,0.025457,0.021599,0.0,0.056725,0.044261,0.020921,0.059574,0.022079,0.013595,0.033985,0.029646,0.051342,0.017343,0.010718,0.018116,0.0,0.011218,0.017318,0.064937,0.0,0.079594,0.0,0.045975,0.12362,0.0,0.164376
2022-07-18,0.016562,0.024149,0.027165,0.025729,0.021947,0.0,0.056704,0.043962,0.02081,0.060844,0.021913,0.013494,0.033216,0.029312,0.050551,0.017149,0.010667,0.018146,0.0,0.011257,0.017168,0.064898,0.0,0.08117,0.0,0.04577,0.123268,0.0,0.164148
2022-07-19,0.016546,0.024712,0.027308,0.025626,0.021872,0.0,0.056843,0.044372,0.021242,0.062153,0.022491,0.013729,0.033477,0.029354,0.050416,0.017513,0.011037,0.018376,0.0,0.01124,0.017455,0.064468,0.0,0.079959,0.0,0.04515,0.122031,0.0,0.162631
2022-07-20,0.016746,0.024442,0.027448,0.026044,0.021897,0.0,0.056305,0.043941,0.021338,0.062807,0.022683,0.013754,0.033175,0.029181,0.049788,0.017802,0.011328,0.018751,0.0,0.011264,0.017428,0.063915,0.0,0.080026,0.0,0.045144,0.122026,0.0,0.162767
2022-07-21,0.016704,0.024649,0.02768,0.026042,0.021878,0.0,0.056138,0.044823,0.021386,0.061451,0.022753,0.014027,0.03356,0.029149,0.049713,0.017978,0.011466,0.019036,0.0,0.011401,0.017494,0.06455,0.0,0.078298,0.0,0.045469,0.122278,0.0,0.162077
2022-07-22,0.01673,0.024544,0.027772,0.026131,0.021924,0.0,0.056214,0.044648,0.021267,0.060959,0.022685,0.014172,0.033428,0.029348,0.050406,0.017734,0.011186,0.018708,0.0,0.011255,0.017589,0.064725,0.0,0.077116,0.0,0.046,0.123336,0.0,0.162125
2022-07-25,0.016641,0.024641,0.027613,0.025946,0.021748,0.0,0.058112,0.044346,0.021284,0.062844,0.022666,0.013861,0.033417,0.029328,0.050754,0.017523,0.011053,0.018301,0.0,0.011279,0.017521,0.064189,0.0,0.07772,0.0,0.045582,0.122418,0.0,0.161212
2022-07-26,0.016496,0.02431,0.027386,0.026018,0.021702,0.0,0.058252,0.043863,0.021046,0.062446,0.022606,0.013704,0.033682,0.029342,0.051199,0.017287,0.010899,0.017655,0.0,0.01119,0.017588,0.064291,0.0,0.078892,0.0,0.045726,0.122758,0.0,0.161661
2022-07-27,0.016492,0.024616,0.027621,0.025858,0.021619,0.0,0.059614,0.044287,0.021128,0.063133,0.022697,0.013823,0.033509,0.029207,0.050663,0.017827,0.011269,0.017739,0.0,0.011367,0.017493,0.064211,0.0,0.078551,0.0,0.0453,0.122145,0.0,0.159832
2022-07-28,0.01657,0.024463,0.027521,0.025975,0.021498,0.0,0.060621,0.044479,0.021033,0.062746,0.022901,0.013841,0.033328,0.029327,0.051868,0.017887,0.011274,0.017813,0.0,0.01127,0.017849,0.064234,0.0,0.078373,0.0,0.045214,0.121952,0.0,0.157963
2022-07-29,0.0,0.0,0.023981,0.029197,0.056751,0.06382,0.021238,0.049775,0.01305,0.044852,0.021094,0.0,0.069836,0.094551,0.031881,0.014752,0.0,0.012615,0.0,0.033034,0.0,0.131736,0.0,0.065126,0.0,0.087636,0.109347,0.0,0.025728
2022-08-01,0.0,0.0,0.024276,0.029201,0.056814,0.063044,0.020971,0.050111,0.012936,0.043904,0.021106,0.0,0.069284,0.095684,0.0319,0.014713,0.0,0.012629,0.0,0.033497,0.0,0.132416,0.0,0.064352,0.0,0.088105,0.109343,0.0,0.025715
2022-08-02,0.0,0.0,0.023972,0.02946,0.056994,0.063096,0.020962,0.05078,0.012876,0.044088,0.02102,0.0,0.06949,0.095546,0.032044,0.014704,0.0,0.012845,0.0,0.033655,0.0,0.132494,0.0,0.063865,0.0,0.087457,0.108764,0.0,0.025887
2022-08-03,0.0,0.0,0.023838,0.029579,0.056706,0.063419,0.020912,0.05057,0.013026,0.042675,0.021145,0.0,0.069885,0.09584,0.032133,0.015044,0.0,0.013346,0.0,0.033343,0.0,0.13236,0.0,0.063904,0.0,0.087516,0.10896,0.0,0.025799
2022-08-04,0.0,0.0,0.023762,0.029376,0.057063,0.064203,0.021445,0.050194,0.012947,0.040976,0.021162,0.0,0.069345,0.094935,0.032111,0.01507,0.0,0.013099,0.0,0.033386,0.0,0.13417,0.0,0.064691,0.0,0.087711,0.108634,0.0,0.025718
2022-08-05,0.0,0.0,0.023704,0.029523,0.057215,0.063938,0.021848,0.050099,0.013088,0.041943,0.021274,0.0,0.069575,0.09507,0.032113,0.01509,0.0,0.013367,0.0,0.033835,0.0,0.133152,0.0,0.064639,0.0,0.086763,0.10794,0.0,0.025823
2022-08-08,0.0,0.0,0.023579,0.029807,0.057451,0.06315,0.022413,0.050203,0.013016,0.041954,0.021163,0.0,0.069397,0.094553,0.032003,0.014889,0.0,0.013319,0.0,0.034122,0.0,0.133621,0.0,0.064677,0.0,0.086845,0.108147,0.0,0.025693
2022-08-09,0.0,0.0,0.023369,0.029347,0.05717,0.062844,0.022473,0.050058,0.013096,0.042736,0.021108,0.0,0.069259,0.094513,0.032394,0.014755,0.0,0.013184,0.0,0.034171,0.0,0.134171,0.0,0.065003,0.0,0.086678,0.107953,0.0,0.02572
2022-08-10,0.0,0.0,0.02385,0.029526,0.057313,0.062348,0.022796,0.050599,0.013284,0.042704,0.0214,0.0,0.06946,0.094458,0.032279,0.015038,0.0,0.013643,0.0,0.034702,0.0,0.132775,0.0,0.065352,0.0,0.086042,0.106914,0.0,0.025515
2022-08-11,0.0,0.0,0.023808,0.029793,0.057828,0.063393,0.022359,0.049963,0.013423,0.044112,0.021484,0.0,0.068914,0.094101,0.03223,0.014959,0.0,0.013429,0.0,0.034856,0.0,0.132242,0.0,0.065869,0.0,0.085353,0.106405,0.0,0.025479
2022-08-12,0.0,0.0,0.023918,0.029851,0.057276,0.063036,0.02299,0.050057,0.013519,0.044072,0.021624,0.0,0.069209,0.094118,0.03248,0.015128,0.0,0.013548,0.0,0.035247,0.0,0.132334,0.0,0.065441,0.0,0.08497,0.105921,0.0,0.025264
2022-08-15,0.0,0.0,0.024028,0.030022,0.057374,0.062781,0.023024,0.050074,0.013522,0.043237,0.021688,0.0,0.069596,0.095107,0.032769,0.015232,0.0,0.013679,0.0,0.035686,0.0,0.130706,0.0,0.065034,0.0,0.085289,0.105872,0.0,0.025278
2022-08-16,0.0,0.0,0.023931,0.030179,0.057372,0.062446,0.022954,0.050556,0.013631,0.043166,0.021801,0.0,0.069457,0.096246,0.032885,0.015201,0.0,0.013674,0.0,0.035322,0.0,0.130567,0.0,0.064096,0.0,0.085249,0.105972,0.0,0.025295
2022-08-17,0.0,0.0,0.023952,0.029863,0.057349,0.062508,0.022953,0.05076,0.013617,0.043702,0.021715,0.0,0.069331,0.096359,0.032963,0.015154,0.0,0.013475,0.0,0.035206,0.0,0.130246,0.0,0.064355,0.0,0.085017,0.106078,0.0,0.025397
2022-08-18,0.0,0.0,0.023864,0.030188,0.057159,0.06189,0.023014,0.050637,0.01363,0.044869,0.021798,0.0,0.069013,0.09667,0.033081,0.01523,0.0,0.013609,0.0,0.034907,0.0,0.129885,0.0,0.06339,0.0,0.085168,0.106605,0.0,0.025394
2022-08-19,0.0,0.0,0.023624,0.03005,0.056676,0.061898,0.022681,0.05021,0.013457,0.045188,0.021676,0.0,0.06971,0.097066,0.033307,0.015063,0.0,0.013355,0.0,0.033844,0.0,0.129884,0.0,0.064466,0.0,0.085057,0.107204,0.0,0.025583
2022-08-22,0.0,0.0,0.023515,0.030049,0.056598,0.062495,0.022664,0.049796,0.013236,0.045359,0.021385,0.0,0.069189,0.096629,0.03304,0.014727,0.0,0.013165,0.0,0.034547,0.0,0.129756,0.0,0.065349,0.0,0.085165,0.107609,0.0,0.025727
2022-08-23,0.0,0.0,0.023466,0.029846,0.056656,0.062334,0.023388,0.050099,0.013123,0.046788,0.02133,0.0,0.067924,0.095786,0.032697,0.014623,0.0,0.013288,0.0,0.035063,0.0,0.130087,0.0,0.065992,0.0,0.084582,0.107312,0.0,0.025615
2022-08-24,0.0,0.0,0.023417,0.029988,0.056765,0.062226,0.023318,0.050255,0.01317,0.047281,0.021363,0.0,0.06789,0.095859,0.032743,0.014607,0.0,0.01331,0.0,0.034596,0.0,0.130245,0.0,0.066134,0.0,0.084153,0.107107,0.0,0.025573
2022-08-25,0.0,0.0,0.023514,0.029927,0.057006,0.064363,0.023258,0.049663,0.013278,0.047302,0.021534,0.0,0.068145,0.095607,0.032707,0.014747,0.0,0.01337,0.0,0.034496,0.0,0.129703,0.0,0.065244,0.0,0.084083,0.106667,0.0,0.025387
2022-08-26,0.0,0.0,0.023218,0.02976,0.057494,0.064614,0.023393,0.049622,0.013036,0.047313,0.021038,0.0,0.067045,0.094366,0.032594,0.014288,0.0,0.013107,0.0,0.034083,0.0,0.129673,0.0,0.066869,0.0,0.084998,0.107796,0.0,0.025693
2022-08-29,0.0,0.0,0.023033,0.029424,0.05762,0.064203,0.023649,0.049824,0.012971,0.048132,0.020989,0.0,0.066722,0.09442,0.032764,0.014129,0.0,0.013013,0.0,0.033895,0.0,0.130037,0.0,0.067112,0.0,0.084699,0.107611,0.0,0.025749
2022-08-30,0.0,0.0,0.023229,0.02935,0.057028,0.063315,0.023085,0.050975,0.013026,0.046947,0.020886,0.0,0.066915,0.09434,0.032596,0.014116,0.0,0.013108,0.0,0.033489,0.0,0.130192,0.0,0.067464,0.0,0.085488,0.108457,0.0,0.025996
2022-08-31,0.027434,0.0,0.02595,0.127716,0.0,0.0,0.0,0.072531,0.0,0.044789,0.033298,0.0,0.073311,0.086371,0.044351,0.023933,0.015118,0.017357,0.0,0.049047,0.022039,0.093269,0.021124,0.0,0.0,0.080602,0.123454,0.0,0.018306
2022-09-01,0.02709,0.0,0.025772,0.126908,0.0,0.0,0.0,0.07338,0.0,0.043912,0.033517,0.0,0.074901,0.087304,0.045221,0.023939,0.014914,0.016811,0.0,0.048304,0.022194,0.092926,0.020977,0.0,0.0,0.080374,0.123151,0.0,0.018404
2022-09-02,0.027711,0.0,0.025498,0.128285,0.0,0.0,0.0,0.072673,0.0,0.044731,0.033202,0.0,0.073847,0.086189,0.044749,0.023635,0.014755,0.016723,0.0,0.047944,0.02189,0.093772,0.021227,0.0,0.0,0.080848,0.123915,0.0,0.018408
2022-09-05,0.027266,0.0,0.025523,0.1279,0.0,0.0,0.0,0.072744,0.0,0.044775,0.033235,0.0,0.07392,0.086274,0.044793,0.023658,0.01477,0.016739,0.0,0.047991,0.021912,0.093864,0.021248,0.0,0.0,0.080928,0.124037,0.0,0.018424
2022-09-06,0.02733,0.0,0.025237,0.127709,0.0,0.0,0.0,0.073141,0.0,0.044561,0.033439,0.0,0.074325,0.086174,0.04511,0.023608,0.014665,0.016712,0.0,0.04843,0.02221,0.093738,0.021305,0.0,0.0,0.080388,0.123411,0.0,0.018507
2022-09-07,0.027037,0.0,0.024941,0.125796,0.0,0.0,0.0,0.073578,0.0,0.043596,0.03363,0.0,0.074769,0.086834,0.046048,0.023741,0.014762,0.016818,0.0,0.049567,0.022413,0.093728,0.021675,0.0,0.0,0.08009,0.12266,0.0,0.018318
2022-09-08,0.027352,0.0,0.025141,0.127425,0.0,0.0,0.0,0.073589,0.0,0.043611,0.033596,0.0,0.075766,0.086266,0.045829,0.023728,0.014951,0.016973,0.0,0.049748,0.022385,0.092795,0.021627,0.0,0.0,0.079477,0.121495,0.0,0.018245
2022-09-09,0.027537,0.0,0.025372,0.12768,0.0,0.0,0.0,0.072858,0.0,0.044275,0.03371,0.0,0.07571,0.086289,0.045578,0.023968,0.015165,0.01748,0.0,0.05057,0.022414,0.092402,0.021787,0.0,0.0,0.078732,0.120399,0.0,0.018075
2022-09-12,0.027785,0.0,0.025216,0.127575,0.0,0.0,0.0,0.07346,0.0,0.044794,0.033691,0.0,0.075719,0.086063,0.045714,0.024194,0.015139,0.017669,0.0,0.050274,0.022485,0.092266,0.022707,0.0,0.0,0.078032,0.11926,0.0,0.017955
2022-09-13,0.027544,0.0,0.024919,0.128315,0.0,0.0,0.0,0.073515,0.0,0.044622,0.033133,0.0,0.074822,0.085013,0.045472,0.023412,0.01451,0.017244,0.0,0.050396,0.022099,0.093061,0.022771,0.0,0.0,0.079293,0.121511,0.0,0.018349
2022-09-14,0.027245,0.0,0.025213,0.127071,0.0,0.0,0.0,0.0743,0.0,0.045762,0.032981,0.0,0.074668,0.084755,0.045723,0.023435,0.014637,0.017174,0.0,0.050929,0.02179,0.092461,0.022928,0.0,0.0,0.079126,0.1215,0.0,0.018303
2022-09-15,0.027366,0.0,0.025287,0.128265,0.0,0.0,0.0,0.07431,0.0,0.045069,0.032994,0.0,0.075904,0.084963,0.04507,0.023145,0.014551,0.017059,0.0,0.049549,0.02162,0.091724,0.022701,0.0,0.0,0.079714,0.122205,0.0,0.018504
2022-09-16,0.027112,0.0,0.025424,0.126482,0.0,0.0,0.0,0.073949,0.0,0.044382,0.032506,0.0,0.076161,0.085696,0.045181,0.02316,0.014729,0.016806,0.0,0.049195,0.021757,0.092806,0.023309,0.0,0.0,0.080275,0.122451,0.0,0.018618
2022-09-19,0.027031,0.0,0.025432,0.126254,0.0,0.0,0.0,0.074463,0.0,0.044275,0.032849,0.0,0.075524,0.086007,0.045649,0.023279,0.014762,0.01697,0.0,0.050106,0.021661,0.0926,0.023239,0.0,0.0,0.079808,0.121528,0.0,0.018562
2022-09-20,0.027143,0.0,0.025345,0.126436,0.0,0.0,0.0,0.074749,0.0,0.044279,0.03267,0.0,0.075168,0.086143,0.045304,0.023306,0.014669,0.016875,0.0,0.050068,0.021285,0.092724,0.023066,0.0,0.0,0.079875,0.122199,0.0,0.018695
2022-09-21,0.027281,0.0,0.025121,0.128595,0.0,0.0,0.0,0.074105,0.0,0.043748,0.032323,0.0,0.07412,0.086047,0.044805,0.023004,0.01456,0.016771,0.0,0.049631,0.021005,0.093406,0.023558,0.0,0.0,0.08041,0.122765,0.0,0.018744
2022-09-22,0.026827,0.0,0.02558,0.126354,0.0,0.0,0.0,0.074101,0.0,0.044041,0.032165,0.0,0.07528,0.08681,0.045105,0.023004,0.01431,0.016466,0.0,0.049282,0.020951,0.094313,0.02384,0.0,0.0,0.080013,0.12262,0.0,0.018938
2022-09-23,0.026709,0.0,0.025498,0.125985,0.0,0.0,0.0,0.073771,0.0,0.041715,0.032108,0.0,0.076193,0.086813,0.045356,0.023097,0.014363,0.016449,0.0,0.048366,0.021031,0.09429,0.023275,0.0,0.0,0.081501,0.124214,0.0,0.019265
2022-09-26,0.026791,0.0,0.025372,0.127714,0.0,0.0,0.0,0.073265,0.0,0.041155,0.032133,0.0,0.076327,0.087865,0.044767,0.023198,0.014309,0.016589,0.0,0.048479,0.020674,0.094255,0.022944,0.0,0.0,0.081059,0.123621,0.0,0.019485
2022-09-27,0.026851,0.0,0.025258,0.127665,0.0,0.0,0.0,0.073351,0.0,0.041776,0.03215,0.0,0.076389,0.086681,0.044183,0.023318,0.014498,0.01677,0.0,0.048993,0.020478,0.094814,0.023005,0.0,0.0,0.080817,0.123442,0.0,0.019563
2022-09-28,0.026533,0.0,0.025312,0.126619,0.0,0.0,0.0,0.073283,0.0,0.042913,0.032319,0.0,0.076781,0.086286,0.043926,0.023178,0.014463,0.016785,0.0,0.048386,0.02056,0.095199,0.023365,0.0,0.0,0.081284,0.123566,0.0,0.019244
2022-09-29,0.026709,0.0,0.025452,0.125287,0.0,0.0,0.0,0.072787,0.0,0.04357,0.032246,0.0,0.077302,0.086161,0.042811,0.02292,0.014227,0.016765,0.0,0.047864,0.020262,0.096639,0.023614,0.0,0.0,0.082145,0.123702,0.0,0.019538
2022-09-30,0.027049,0.014375,0.033664,0.073004,0.059263,0.045992,0.015081,0.075374,0.024978,0.03499,0.047263,0.01069,0.040697,0.093767,0.061112,0.026498,0.0,0.013498,0.0,0.051405,0.031741,0.0,0.0,0.029956,0.0,0.056287,0.125793,0.0,0.007524
2022-10-03,0.026622,0.014455,0.033695,0.071982,0.058615,0.045476,0.016289,0.074454,0.025222,0.036347,0.047873,0.010939,0.040836,0.093782,0.061848,0.02686,0.0,0.01364,0.0,0.051116,0.031765,0.0,0.0,0.029512,0.0,0.055999,0.125274,0.0,0.007398
2022-10-04,0.026963,0.014782,0.033983,0.072039,0.059373,0.046218,0.015983,0.074095,0.025566,0.037047,0.048414,0.01117,0.040836,0.093043,0.061725,0.027131,0.0,0.013778,0.0,0.052272,0.031671,0.0,0.0,0.028928,0.0,0.05484,0.122912,0.0,0.007231
2022-10-05,0.026755,0.014639,0.033827,0.072097,0.059086,0.046726,0.016148,0.074362,0.025521,0.03804,0.04844,0.011124,0.041217,0.093058,0.060716,0.027385,0.0,0.013895,0.0,0.051856,0.031237,0.0,0.0,0.029275,0.0,0.054647,0.122677,0.0,0.007272
2022-10-06,0.02709,0.014418,0.033751,0.073272,0.059854,0.046563,0.016278,0.073901,0.025336,0.038982,0.048211,0.01125,0.040971,0.09233,0.059117,0.027347,0.0,0.013895,0.0,0.052356,0.030577,0.0,0.0,0.029345,0.0,0.054719,0.123111,0.0,0.007325
2022-10-07,0.026851,0.01438,0.033955,0.072997,0.059679,0.046073,0.016343,0.073865,0.025139,0.039312,0.048063,0.011135,0.040759,0.092435,0.058838,0.026651,0.0,0.013578,0.0,0.051804,0.030329,0.0,0.0,0.029869,0.0,0.05534,0.125159,0.0,0.007445
2022-10-10,0.026641,0.014407,0.034029,0.073219,0.05891,0.044789,0.016439,0.075153,0.025181,0.038744,0.048532,0.011203,0.040755,0.093345,0.059306,0.026366,0.0,0.013296,0.0,0.050973,0.03023,0.0,0.0,0.030413,0.0,0.055357,0.125221,0.0,0.007491
2022-10-11,0.026653,0.014258,0.033774,0.073231,0.05847,0.043836,0.016084,0.074497,0.024932,0.038542,0.048657,0.011236,0.041088,0.094379,0.059258,0.026035,0.0,0.013102,0.0,0.051512,0.030623,0.0,0.0,0.030378,0.0,0.055653,0.126291,0.0,0.007512
2022-10-12,0.026601,0.014301,0.033672,0.072914,0.058253,0.044016,0.016006,0.075118,0.024983,0.039022,0.048486,0.011077,0.041065,0.095297,0.057534,0.026068,0.0,0.013075,0.0,0.051089,0.030435,0.0,0.0,0.030271,0.0,0.056078,0.127093,0.0,0.007546
2022-10-13,0.026506,0.014538,0.033585,0.072552,0.05773,0.043326,0.015931,0.074763,0.025719,0.040156,0.048995,0.010948,0.041546,0.09578,0.058307,0.026573,0.0,0.013139,0.0,0.051151,0.03064,0.0,0.0,0.029929,0.0,0.055211,0.125514,0.0,0.007459
2022-10-14,0.026857,0.01451,0.033535,0.073478,0.058311,0.043363,0.015645,0.074835,0.025619,0.039165,0.048549,0.01071,0.041808,0.095287,0.05822,0.026165,0.0,0.012981,0.0,0.050097,0.030271,0.0,0.0,0.030141,0.0,0.055623,0.12727,0.0,0.007558
2022-10-17,0.026889,0.014753,0.033328,0.073202,0.058339,0.043913,0.015719,0.075272,0.02584,0.039014,0.04881,0.010775,0.041795,0.094765,0.05848,0.026528,0.0,0.013305,0.0,0.050926,0.030906,0.0,0.0,0.029655,0.0,0.054785,0.125562,0.0,0.007436
2022-10-18,0.026845,0.014848,0.033027,0.072984,0.057629,0.043509,0.016052,0.074689,0.026108,0.039135,0.049709,0.011013,0.041793,0.095465,0.059217,0.026604,0.0,0.013475,0.0,0.050841,0.031068,0.0,0.0,0.029446,0.0,0.054618,0.124532,0.0,0.007393
2022-10-19,0.027033,0.014696,0.033088,0.073148,0.057607,0.042061,0.016272,0.074575,0.025886,0.040614,0.049753,0.01052,0.04154,0.095787,0.058917,0.02674,0.0,0.013427,0.0,0.051349,0.030538,0.0,0.0,0.029623,0.0,0.05448,0.124892,0.0,0.007454
2022-10-20,0.027266,0.014735,0.033176,0.073545,0.058616,0.042466,0.016622,0.075571,0.02556,0.040795,0.048946,0.010361,0.041331,0.094781,0.05763,0.026849,0.0,0.013558,0.0,0.050988,0.030511,0.0,0.0,0.029742,0.0,0.054262,0.125209,0.0,0.007481
2022-10-21,0.026789,0.014817,0.033351,0.071921,0.05766,0.042336,0.017036,0.075731,0.026003,0.041467,0.049683,0.010551,0.04175,0.095074,0.057989,0.027235,0.0,0.013646,0.0,0.051985,0.03038,0.0,0.0,0.029457,0.0,0.05373,0.124018,0.0,0.00739
2022-10-24,0.027321,0.014952,0.033202,0.072589,0.056014,0.038328,0.016014,0.075957,0.026404,0.041747,0.050447,0.010732,0.042642,0.096981,0.058593,0.027668,0.0,0.013708,0.0,0.051111,0.030438,0.0,0.0,0.029413,0.0,0.053769,0.124564,0.0,0.007406
2022-10-25,0.027508,0.015125,0.03353,0.072988,0.05592,0.038524,0.015544,0.075136,0.02638,0.041259,0.050476,0.011132,0.04242,0.097005,0.059008,0.027839,0.0,0.013908,0.0,0.051572,0.031232,0.0,0.0,0.028952,0.0,0.053748,0.123483,0.0,0.007312
2022-10-26,0.02767,0.01519,0.033507,0.073244,0.056667,0.039976,0.01508,0.075403,0.026274,0.041553,0.050328,0.010977,0.042614,0.097019,0.058603,0.027044,0.0,0.013788,0.0,0.051954,0.031012,0.0,0.0,0.028651,0.0,0.053675,0.122505,0.0,0.007264
2022-10-27,0.027418,0.015068,0.033104,0.073591,0.056467,0.038983,0.015545,0.074672,0.026501,0.041723,0.050942,0.011006,0.042411,0.097147,0.059099,0.026749,0.0,0.013917,0.0,0.051228,0.031073,0.0,0.0,0.028491,0.0,0.054081,0.123513,0.0,0.007269
2022-10-28,0.027281,0.01514,0.033252,0.072967,0.054919,0.037604,0.015362,0.075102,0.026995,0.041612,0.051808,0.011231,0.042845,0.09867,0.060349,0.027742,0.0,0.014084,0.0,0.049996,0.031563,0.0,0.0,0.028174,0.0,0.053474,0.122608,0.0,0.007224
2022-10-31,0.020986,0.0,0.03758,0.117713,0.035341,0.024288,0.0,0.112125,0.018524,0.019875,0.015305,0.018226,0.054111,0.052366,0.016621,0.019804,0.0,0.013719,0.0,0.032079,0.0,0.045808,0.0,0.142754,0.0,0.088182,0.099693,0.0,0.014899
2022-11-01,0.020815,0.0,0.037626,0.118187,0.035878,0.025178,0.0,0.111994,0.018455,0.01994,0.015193,0.018052,0.0538,0.051869,0.01658,0.019514,0.0,0.013465,0.0,0.032596,0.0,0.045981,0.0,0.143422,0.0,0.087607,0.099042,0.0,0.014807
2022-11-02,0.020909,0.0,0.037743,0.118184,0.036166,0.025629,0.0,0.111751,0.0184,0.019649,0.015071,0.017532,0.053399,0.051463,0.016579,0.019023,0.0,0.013062,0.0,0.032273,0.0,0.046105,0.0,0.144023,0.0,0.088309,0.09978,0.0,0.01495
2022-11-03,0.020526,0.0,0.037784,0.117666,0.036216,0.02608,0.0,0.112856,0.018285,0.02009,0.015288,0.017278,0.053381,0.05149,0.016716,0.018535,0.0,0.012725,0.0,0.032785,0.0,0.046108,0.0,0.143859,0.0,0.088267,0.099055,0.0,0.01501
2022-11-04,0.020423,0.0,0.038035,0.115085,0.037015,0.027626,0.0,0.113791,0.018386,0.020079,0.015338,0.017412,0.053031,0.051445,0.016608,0.018637,0.0,0.012352,0.0,0.033997,0.0,0.046927,0.0,0.143843,0.0,0.086972,0.098175,0.0,0.014823
2022-11-07,0.020608,0.0,0.038118,0.115489,0.037155,0.027509,0.0,0.113526,0.018506,0.020353,0.015449,0.01746,0.053412,0.051722,0.016234,0.018882,0.0,0.012332,0.0,0.033736,0.0,0.046578,0.0,0.143841,0.0,0.086363,0.097953,0.0,0.014772
2022-11-08,0.020846,0.0,0.038437,0.115694,0.037288,0.027304,0.0,0.11376,0.018502,0.02025,0.01549,0.017336,0.053356,0.05156,0.016249,0.018949,0.0,0.012508,0.0,0.034233,0.0,0.047368,0.0,0.142268,0.0,0.086416,0.097503,0.0,0.014683
2022-11-09,0.020782,0.0,0.038221,0.115366,0.037357,0.026577,0.0,0.113401,0.0184,0.019482,0.01545,0.017452,0.05339,0.051587,0.016307,0.018668,0.0,0.012389,0.0,0.033254,0.0,0.047673,0.0,0.14326,0.0,0.087709,0.09842,0.0,0.014853
2022-11-10,0.020931,0.0,0.039234,0.115711,0.037043,0.02728,0.0,0.113286,0.018791,0.019362,0.015651,0.018833,0.053224,0.051331,0.016601,0.019641,0.0,0.01281,0.0,0.03392,0.0,0.047758,0.0,0.139695,0.0,0.087184,0.097272,0.0,0.014441
2022-11-11,0.021074,0.0,0.039825,0.114978,0.037835,0.028219,0.0,0.112806,0.018856,0.019831,0.015568,0.018917,0.052326,0.051036,0.016339,0.019883,0.0,0.012969,0.0,0.034572,0.0,0.047849,0.0,0.139388,0.0,0.086595,0.096763,0.0,0.014373
2022-11-14,0.021332,0.0,0.039504,0.115282,0.038136,0.028563,0.0,0.112027,0.018693,0.019937,0.01556,0.018349,0.052669,0.050919,0.016236,0.019824,0.0,0.012854,0.0,0.033864,0.0,0.048224,0.0,0.140105,0.0,0.086875,0.096591,0.0,0.014456
2022-11-15,0.021373,0.0,0.039469,0.115202,0.03889,0.029769,0.0,0.111649,0.018595,0.019996,0.01555,0.018707,0.052209,0.050961,0.016292,0.019915,0.0,0.013011,0.0,0.033204,0.0,0.048032,0.0,0.139473,0.0,0.086865,0.096491,0.0,0.014348
2022-11-16,0.02126,0.0,0.039609,0.113633,0.038346,0.029443,0.0,0.111047,0.018636,0.019726,0.015547,0.018629,0.052554,0.051572,0.016554,0.01978,0.0,0.012841,0.0,0.032601,0.0,0.04826,0.0,0.13997,0.0,0.088123,0.097418,0.0,0.014452
2022-11-17,0.021138,0.0,0.039773,0.113232,0.038341,0.030159,0.0,0.111246,0.018647,0.019888,0.015613,0.018431,0.052845,0.051867,0.016362,0.019925,0.0,0.012806,0.0,0.032061,0.0,0.048196,0.0,0.139546,0.0,0.088049,0.097335,0.0,0.01454
2022-11-18,0.021323,0.0,0.039719,0.114356,0.038303,0.029298,0.0,0.111111,0.018783,0.019711,0.015713,0.018457,0.053432,0.05237,0.016692,0.019928,0.0,0.012937,0.0,0.031646,0.0,0.047817,0.0,0.139478,0.0,0.087652,0.096746,0.0,0.014526
2022-11-21,0.021213,0.0,0.039468,0.114832,0.037795,0.028864,0.0,0.110481,0.018875,0.019479,0.015792,0.018335,0.053552,0.052963,0.016798,0.019749,0.0,0.0129,0.0,0.03152,0.0,0.047635,0.0,0.14001,0.0,0.087755,0.097432,0.0,0.014552
2022-11-22,0.021293,0.0,0.040064,0.114877,0.03761,0.028409,0.0,0.11055,0.018949,0.019966,0.015816,0.018656,0.053686,0.053022,0.016837,0.020008,0.0,0.0129,0.0,0.031196,0.0,0.047398,0.0,0.13936,0.0,0.087715,0.097225,0.0,0.014463
2022-11-23,0.021472,0.0,0.040358,0.114981,0.037788,0.028589,0.0,0.109943,0.018951,0.019669,0.015811,0.018783,0.053679,0.052985,0.016956,0.020102,0.0,0.01299,0.0,0.031621,0.0,0.047498,0.0,0.138233,0.0,0.087826,0.097361,0.0,0.014403
2022-11-24,0.021573,0.0,0.040324,0.115173,0.038176,0.028566,0.0,0.109852,0.018935,0.019652,0.015798,0.018768,0.053634,0.052941,0.016941,0.020086,0.0,0.01298,0.0,0.031594,0.0,0.047459,0.0,0.138118,0.0,0.087754,0.09728,0.0,0.014396
2022-11-25,0.021524,0.0,0.040613,0.115229,0.037746,0.028054,0.0,0.110991,0.019004,0.019586,0.015864,0.018768,0.05397,0.052993,0.017045,0.019976,0.0,0.012997,0.0,0.030654,0.0,0.047515,0.0,0.138094,0.0,0.087755,0.097221,0.0,0.014401
2022-11-28,0.021482,0.0,0.04056,0.114775,0.037877,0.028553,0.0,0.111472,0.018798,0.019171,0.015676,0.018586,0.053909,0.053131,0.016978,0.019674,0.0,0.012933,0.0,0.030306,0.0,0.047443,0.0,0.138212,0.0,0.088355,0.097618,0.0,0.014491
2022-11-29,0.02123,0.0,0.040227,0.114132,0.038265,0.029731,0.0,0.112192,0.01887,0.01942,0.015739,0.018695,0.053662,0.052817,0.016817,0.01944,0.0,0.012826,0.0,0.030759,0.0,0.047577,0.0,0.138341,0.0,0.087798,0.096996,0.0,0.014465
2022-11-30,0.014571,0.0,0.0,0.097142,0.0,0.0,0.02167,0.082851,0.026605,0.06424,0.032992,0.011013,0.082645,0.046469,0.0,0.0,0.0,0.01593,0.0,0.021907,0.0,0.0,0.0,0.145309,0.0,0.07097,0.079964,0.0,0.185722
2022-12-01,0.014946,0.0,0.0,0.097868,0.0,0.0,0.021447,0.082661,0.026397,0.063896,0.032934,0.011138,0.082712,0.046163,0.0,0.0,0.0,0.016372,0.0,0.021802,0.0,0.0,0.0,0.144068,0.0,0.071597,0.080655,0.0,0.185345
2022-12-02,0.014881,0.0,0.0,0.097709,0.0,0.0,0.02152,0.082249,0.026278,0.06353,0.033128,0.011067,0.082943,0.046383,0.0,0.0,0.0,0.016064,0.0,0.022131,0.0,0.0,0.0,0.143665,0.0,0.071757,0.08127,0.0,0.185425
2022-12-05,0.014932,0.0,0.0,0.097334,0.0,0.0,0.02103,0.082181,0.02593,0.062374,0.03296,0.010997,0.083119,0.046341,0.0,0.0,0.0,0.015887,0.0,0.021342,0.0,0.0,0.0,0.144705,0.0,0.07187,0.081387,0.0,0.187611
2022-12-06,0.014826,0.0,0.0,0.096632,0.0,0.0,0.02149,0.082074,0.025852,0.061087,0.032762,0.010911,0.082974,0.046326,0.0,0.0,0.0,0.015774,0.0,0.021458,0.0,0.0,0.0,0.144525,0.0,0.072737,0.081851,0.0,0.188723
2022-12-07,0.014677,0.0,0.0,0.096125,0.0,0.0,0.021304,0.082095,0.0257,0.060832,0.032659,0.011168,0.083503,0.046437,0.0,0.0,0.0,0.015642,0.0,0.021719,0.0,0.0,0.0,0.144408,0.0,0.073239,0.082054,0.0,0.188438
2022-12-08,0.014791,0.0,0.0,0.096084,0.0,0.0,0.0209,0.082246,0.025699,0.060503,0.032822,0.011197,0.084177,0.046643,0.0,0.0,0.0,0.015968,0.0,0.02167,0.0,0.0,0.0,0.144345,0.0,0.072757,0.081954,0.0,0.188244
2022-12-09,0.014957,0.0,0.0,0.096971,0.0,0.0,0.021021,0.081716,0.025806,0.059434,0.032774,0.011189,0.083665,0.046598,0.0,0.0,0.0,0.015849,0.0,0.02146,0.0,0.0,0.0,0.144588,0.0,0.072709,0.081728,0.0,0.189534
2022-12-12,0.014791,0.0,0.0,0.096198,0.0,0.0,0.020349,0.081653,0.026026,0.060706,0.033179,0.011279,0.084156,0.046867,0.0,0.0,0.0,0.016115,0.0,0.021266,0.0,0.0,0.0,0.145155,0.0,0.072262,0.081348,0.0,0.188651
2022-12-13,0.015102,0.0,0.0,0.096646,0.0,0.0,0.019802,0.081743,0.025965,0.061553,0.03314,0.011418,0.084,0.046569,0.0,0.0,0.0,0.016186,0.0,0.021075,0.0,0.0,0.0,0.145319,0.0,0.072554,0.081187,0.0,0.187739
2022-12-14,0.015098,0.0,0.0,0.096803,0.0,0.0,0.019808,0.081578,0.025676,0.061265,0.033126,0.011402,0.084254,0.046607,0.0,0.0,0.0,0.016158,0.0,0.020892,0.0,0.0,0.0,0.145383,0.0,0.072858,0.081103,0.0,0.187989
2022-12-15,0.014713,0.0,0.0,0.094747,0.0,0.0,0.019921,0.080892,0.025421,0.061496,0.032645,0.011637,0.083527,0.046268,0.0,0.0,0.0,0.015767,0.0,0.020705,0.0,0.0,0.0,0.146747,0.0,0.073722,0.081919,0.0,0.189873
2022-12-16,0.0146,0.0,0.0,0.094523,0.0,0.0,0.019911,0.081161,0.025358,0.061058,0.032676,0.011528,0.082742,0.046281,0.0,0.0,0.0,0.01571,0.0,0.020648,0.0,0.0,0.0,0.147068,0.0,0.07392,0.081906,0.0,0.190908
2022-12-19,0.01458,0.0,0.0,0.094331,0.0,0.0,0.020375,0.0819,0.025329,0.061143,0.032553,0.011322,0.082558,0.046322,0.0,0.0,0.0,0.015476,0.0,0.020388,0.0,0.0,0.0,0.147335,0.0,0.073431,0.081748,0.0,0.191211
2022-12-20,0.014522,0.0,0.0,0.094023,0.0,0.0,0.021104,0.081739,0.025379,0.061929,0.032521,0.011211,0.082358,0.046182,0.0,0.0,0.0,0.015554,0.0,0.020255,0.0,0.0,0.0,0.148132,0.0,0.072738,0.081545,0.0,0.190806
2022-12-21,0.014648,0.0,0.0,0.094914,0.0,0.0,0.021109,0.08038,0.025584,0.062645,0.032892,0.011338,0.082834,0.046303,0.0,0.0,0.0,0.015532,0.0,0.019982,0.0,0.0,0.0,0.148684,0.0,0.072296,0.081389,0.0,0.189469
2022-12-22,0.014487,0.0,0.0,0.093979,0.0,0.0,0.021387,0.079997,0.025511,0.061568,0.032668,0.011354,0.083213,0.046474,0.0,0.0,0.0,0.015389,0.0,0.019413,0.0,0.0,0.0,0.149946,0.0,0.072706,0.081427,0.0,0.190481
2022-12-23,0.01454,0.0,0.0,0.094071,0.0,0.0,0.021767,0.07884,0.025584,0.063357,0.032771,0.011306,0.083034,0.046588,0.0,0.0,0.0,0.015273,0.0,0.019237,0.0,0.0,0.0,0.150354,0.0,0.072179,0.081022,0.0,0.190075
2022-12-27,0.014549,0.0,0.0,0.094109,0.0,0.0,0.021053,0.080034,0.025591,0.06407,0.03289,0.011296,0.082868,0.046838,0.0,0.0,0.0,0.015182,0.0,0.019197,0.0,0.0,0.0,0.14977,0.0,0.071616,0.080697,0.0,0.19024
2022-12-28,0.014507,0.0,0.0,0.093856,0.0,0.0,0.021568,0.080327,0.025582,0.062835,0.032563,0.011092,0.082592,0.046402,0.0,0.0,0.0,0.015102,0.0,0.018847,0.0,0.0,0.0,0.151292,0.0,0.071671,0.080862,0.0,0.190902
2022-12-29,0.014597,0.0,0.0,0.094289,0.0,0.0,0.021261,0.080718,0.025804,0.063166,0.032796,0.011287,0.083064,0.046363,0.0,0.0,0.0,0.015436,0.0,0.019201,0.0,0.0,0.0,0.149773,0.0,0.071654,0.08078,0.0,0.189812
2022-12-30,0.02039,0.027083,0.047201,0.073137,0.020842,0.0,0.015836,0.166262,0.072779,0.040933,0.076681,0.015929,0.094267,0.112117,0.0,0.010649,0.0,0.0,0.0,0.022728,0.0,0.0,0.0,0.0,0.0,0.086547,0.082316,0.0,0.014302
2023-01-02,0.020361,0.027044,0.047133,0.07447,0.020812,0.0,0.015813,0.166023,0.072674,0.040874,0.07657,0.015906,0.094132,0.111956,0.0,0.010633,0.0,0.0,0.0,0.022695,0.0,0.0,0.0,0.0,0.0,0.086422,0.082197,0.0,0.014284
2023-01-03,0.020321,0.027422,0.047422,0.074064,0.020919,0.0,0.014657,0.166883,0.073027,0.039493,0.076837,0.016146,0.093988,0.111685,0.0,0.010547,0.0,0.0,0.0,0.022466,0.0,0.0,0.0,0.0,0.0,0.087216,0.082602,0.0,0.014306
2023-01-04,0.020504,0.027792,0.046697,0.074355,0.021233,0.0,0.01483,0.16581,0.073791,0.039272,0.077092,0.016413,0.093721,0.111507,0.0,0.010516,0.0,0.0,0.0,0.022632,0.0,0.0,0.0,0.0,0.0,0.087403,0.082203,0.0,0.01423
2023-01-05,0.020329,0.027689,0.046318,0.074345,0.021361,0.0,0.015426,0.165519,0.07364,0.040206,0.076677,0.016431,0.093267,0.110987,0.0,0.010368,0.0,0.0,0.0,0.022701,0.0,0.0,0.0,0.0,0.0,0.087753,0.082674,0.0,0.014308
2023-01-06,0.02034,0.02793,0.04665,0.0739,0.021331,0.0,0.01574,0.164661,0.073962,0.040253,0.0774,0.016456,0.092483,0.111958,0.0,0.010485,0.0,0.0,0.0,0.023089,0.0,0.0,0.0,0.0,0.0,0.087329,0.081974,0.0,0.014058
2023-01-09,0.020746,0.028135,0.046797,0.074264,0.02179,0.0,0.015638,0.165171,0.073761,0.040149,0.077128,0.016444,0.091022,0.110971,0.0,0.010617,0.0,0.0,0.0,0.023424,0.0,0.0,0.0,0.0,0.0,0.087634,0.082242,0.0,0.014068
2023-01-10,0.020477,0.028245,0.046647,0.073705,0.021688,0.0,0.016031,0.164994,0.074117,0.0404,0.077486,0.016588,0.09171,0.11073,0.0,0.010674,0.0,0.0,0.0,0.023595,0.0,0.0,0.0,0.0,0.0,0.087011,0.081839,0.0,0.014062
2023-01-11,0.02058,0.028265,0.046721,0.074006,0.021675,0.0,0.016294,0.164056,0.074329,0.040265,0.07773,0.016923,0.091638,0.110081,0.0,0.01079,0.0,0.0,0.0,0.024004,0.0,0.0,0.0,0.0,0.0,0.08701,0.081663,0.0,0.01397
2023-01-12,0.02062,0.028448,0.047571,0.074045,0.021691,0.0,0.016337,0.164154,0.074045,0.040796,0.077736,0.016886,0.09082,0.108585,0.0,0.010807,0.0,0.0,0.0,0.024457,0.0,0.0,0.0,0.0,0.0,0.08728,0.08183,0.0,0.01389
2023-01-13,0.020664,0.028544,0.047711,0.074553,0.021812,0.0,0.016195,0.163941,0.074506,0.040802,0.077545,0.016951,0.091106,0.108955,0.0,0.010824,0.0,0.0,0.0,0.024222,0.0,0.0,0.0,0.0,0.0,0.086703,0.081087,0.0,0.013879
2023-01-16,0.020774,0.028532,0.047691,0.074887,0.021739,0.0,0.016189,0.163873,0.074475,0.040785,0.077512,0.016944,0.091068,0.108909,0.0,0.010819,0.0,0.0,0.0,0.024212,0.0,0.0,0.0,0.0,0.0,0.086667,0.081053,0.0,0.01387
2023-01-17,0.020819,0.028636,0.0482,0.075135,0.021819,0.0,0.016256,0.164098,0.074065,0.040918,0.076942,0.016905,0.090748,0.109106,0.0,0.010881,0.0,0.0,0.0,0.024179,0.0,0.0,0.0,0.0,0.0,0.086494,0.080913,0.0,0.013887
2023-01-18,0.020887,0.028751,0.048471,0.075499,0.021929,0.0,0.016243,0.165212,0.073192,0.040451,0.076026,0.016934,0.090098,0.106876,0.0,0.010816,0.0,0.0,0.0,0.024304,0.0,0.0,0.0,0.0,0.0,0.088284,0.082041,0.0,0.013987
2023-01-19,0.020627,0.028743,0.048674,0.074454,0.022048,0.0,0.016403,0.166187,0.072681,0.041147,0.074813,0.016578,0.090741,0.106362,0.0,0.01074,0.0,0.0,0.0,0.024281,0.0,0.0,0.0,0.0,0.0,0.088532,0.082936,0.0,0.014053
2023-01-20,0.020729,0.028795,0.048899,0.074629,0.02215,0.0,0.016107,0.165742,0.073339,0.04128,0.075351,0.016831,0.09059,0.106475,0.0,0.010957,0.0,0.0,0.0,0.024884,0.0,0.0,0.0,0.0,0.0,0.087362,0.081917,0.0,0.013963
2023-01-23,0.020998,0.028809,0.048564,0.075255,0.022388,0.0,0.01604,0.164441,0.073884,0.041164,0.07586,0.016951,0.090528,0.106373,0.0,0.011161,0.0,0.0,0.0,0.025451,0.0,0.0,0.0,0.0,0.0,0.086722,0.081505,0.0,0.013906
2023-01-24,0.020967,0.028712,0.048864,0.075262,0.022339,0.0,0.016328,0.16284,0.073883,0.040982,0.076316,0.017076,0.089876,0.10675,0.0,0.011149,0.0,0.0,0.0,0.025663,0.0,0.0,0.0,0.0,0.0,0.087172,0.081924,0.0,0.013897
2023-01-25,0.02082,0.028828,0.049458,0.074639,0.022268,0.0,0.016747,0.161425,0.074468,0.04099,0.075899,0.017091,0.089912,0.107023,0.0,0.011127,0.0,0.0,0.0,0.026034,0.0,0.0,0.0,0.0,0.0,0.087277,0.082097,0.0,0.013898
2023-01-26,0.020921,0.028743,0.049154,0.074998,0.022407,0.0,0.016738,0.161379,0.074554,0.042111,0.076003,0.017081,0.089711,0.106206,0.0,0.011258,0.0,0.0,0.0,0.026534,0.0,0.0,0.0,0.0,0.0,0.086604,0.081752,0.0,0.013845
2023-01-27,0.021228,0.028791,0.049533,0.076001,0.022512,0.0,0.016398,0.158041,0.074924,0.041466,0.076699,0.017271,0.089544,0.106427,0.0,0.011362,0.0,0.0,0.0,0.027005,0.0,0.0,0.0,0.0,0.0,0.086903,0.081979,0.0,0.013914
2023-01-30,0.021245,0.028786,0.049532,0.076264,0.022315,0.0,0.016402,0.158712,0.074997,0.040758,0.076402,0.017076,0.089264,0.107194,0.0,0.011211,0.0,0.0,0.0,0.026628,0.0,0.0,0.0,0.0,0.0,0.087148,0.082067,0.0,0.013997
2023-01-31,0.016844,0.113748,0.043495,0.016076,0.033045,0.0,0.012194,0.071122,0.045183,0.054169,0.062099,0.028141,0.116969,0.053734,0.019545,0.0,0.0,0.0,0.018536,0.0,0.0,0.069194,0.060114,0.061299,0.0,0.044462,0.04609,0.0,0.01394
2023-02-01,0.016862,0.114653,0.04349,0.016046,0.03312,0.0,0.012011,0.069454,0.045023,0.052915,0.062329,0.028614,0.117107,0.053973,0.01951,0.0,0.0,0.0,0.019076,0.0,0.0,0.069819,0.060588,0.06066,0.0,0.044624,0.046236,0.0,0.013887
2023-02-02,0.0173,0.115135,0.043491,0.01655,0.033329,0.0,0.011827,0.069656,0.045255,0.051834,0.062967,0.02958,0.116592,0.053637,0.0196,0.0,0.0,0.0,0.01941,0.0,0.0,0.068535,0.059331,0.061048,0.0,0.044714,0.046284,0.0,0.013925
2023-02-03,0.017448,0.115242,0.043465,0.016761,0.033267,0.0,0.011616,0.07019,0.045663,0.052285,0.063324,0.029209,0.117523,0.054011,0.0194,0.0,0.0,0.0,0.019308,0.0,0.0,0.067556,0.0572,0.06138,0.0,0.044718,0.046353,0.0,0.014078
2023-02-06,0.017277,0.114609,0.043301,0.016719,0.032701,0.0,0.011634,0.070481,0.045897,0.052329,0.063511,0.028866,0.117498,0.054369,0.019671,0.0,0.0,0.0,0.019119,0.0,0.0,0.068061,0.057257,0.061557,0.0,0.044572,0.046418,0.0,0.014154
2023-02-07,0.017181,0.114908,0.043729,0.01659,0.032539,0.0,0.011409,0.07003,0.046208,0.053777,0.063412,0.029038,0.117705,0.053888,0.019571,0.0,0.0,0.0,0.019408,0.0,0.0,0.067807,0.056712,0.061424,0.0,0.044255,0.046322,0.0,0.014088
2023-02-08,0.017231,0.114649,0.04333,0.016615,0.032554,0.0,0.011618,0.071198,0.046019,0.053396,0.063173,0.02845,0.117579,0.053575,0.019278,0.0,0.0,0.0,0.019145,0.0,0.0,0.068102,0.057097,0.061723,0.0,0.044502,0.04665,0.0,0.014116
2023-02-09,0.01739,0.115489,0.043621,0.016693,0.033159,0.0,0.01138,0.071142,0.045764,0.053239,0.062959,0.02852,0.117209,0.053641,0.019123,0.0,0.0,0.0,0.019047,0.0,0.0,0.067945,0.056579,0.061672,0.0,0.044553,0.046676,0.0,0.014198
2023-02-10,0.017126,0.1141,0.043696,0.016511,0.032645,0.0,0.011453,0.070982,0.045733,0.055104,0.063154,0.028485,0.117846,0.053923,0.019425,0.0,0.0,0.0,0.018853,0.0,0.0,0.067804,0.056522,0.06201,0.0,0.044161,0.046323,0.0,0.014144
2023-02-13,0.017208,0.115107,0.043444,0.016483,0.032669,0.0,0.011576,0.070137,0.046016,0.054675,0.063395,0.029004,0.118201,0.054251,0.01944,0.0,0.0,0.0,0.018856,0.0,0.0,0.067107,0.056115,0.062052,0.0,0.044034,0.046157,0.0,0.014071
2023-02-14,0.017169,0.115861,0.043304,0.016483,0.032578,0.0,0.011499,0.070244,0.045848,0.054791,0.063335,0.028831,0.117711,0.053854,0.019392,0.0,0.0,0.0,0.019086,0.0,0.0,0.067276,0.055992,0.062652,0.0,0.043913,0.046085,0.0,0.014096
2023-02-15,0.017279,0.116033,0.042983,0.016677,0.032352,0.0,0.011617,0.071156,0.046012,0.053993,0.063887,0.029017,0.117416,0.05409,0.019566,0.0,0.0,0.0,0.019157,0.0,0.0,0.066771,0.055488,0.062285,0.0,0.043889,0.046199,0.0,0.014133
2023-02-16,0.017374,0.115918,0.043044,0.016805,0.032721,0.0,0.011717,0.071459,0.045765,0.053716,0.063527,0.028747,0.116795,0.053954,0.019509,0.0,0.0,0.0,0.018987,0.0,0.0,0.067033,0.055612,0.062859,0.0,0.043952,0.046306,0.0,0.014201
2023-02-17,0.017128,0.116517,0.043011,0.01666,0.032203,0.0,0.011733,0.071182,0.045758,0.051781,0.063916,0.028254,0.117791,0.054629,0.019711,0.0,0.0,0.0,0.018686,0.0,0.0,0.067205,0.056065,0.063141,0.0,0.044057,0.046377,0.0,0.014196
2023-02-20,0.017188,0.116466,0.042992,0.016656,0.032553,0.0,0.011728,0.071151,0.045738,0.051759,0.063888,0.028242,0.117739,0.054605,0.019703,0.0,0.0,0.0,0.018677,0.0,0.0,0.067176,0.056041,0.063113,0.0,0.044037,0.046357,0.0,0.014192
2023-02-21,0.017177,0.116335,0.042908,0.016619,0.032355,0.0,0.011652,0.071092,0.045264,0.052039,0.063077,0.027402,0.117427,0.054965,0.019536,0.0,0.0,0.0,0.018352,0.0,0.0,0.067624,0.056796,0.064395,0.0,0.044013,0.046632,0.0,0.014342
2023-02-22,0.01719,0.11618,0.042793,0.016691,0.032188,0.0,0.011704,0.070466,0.04543,0.051941,0.063223,0.027809,0.117594,0.055147,0.019554,0.0,0.0,0.0,0.018425,0.0,0.0,0.067567,0.056159,0.064392,0.0,0.044303,0.04683,0.0,0.014414
2023-02-23,0.017061,0.116516,0.043074,0.016642,0.032192,0.0,0.011809,0.070351,0.045314,0.052546,0.063302,0.028052,0.11751,0.054892,0.019386,0.0,0.0,0.0,0.018803,0.0,0.0,0.067301,0.055628,0.064111,0.0,0.044323,0.046823,0.0,0.014365
2023-02-24,0.017099,0.115764,0.042897,0.016796,0.031828,0.0,0.011578,0.07038,0.045848,0.053051,0.063626,0.028131,0.117261,0.05512,0.019604,0.0,0.0,0.0,0.01883,0.0,0.0,0.067547,0.054689,0.063866,0.0,0.044537,0.047026,0.0,0.014523
2023-02-27,0.017191,0.117112,0.043171,0.016868,0.031919,0.0,0.011521,0.07016,0.045692,0.053042,0.063991,0.02822,0.11654,0.054888,0.019411,0.0,0.0,0.0,0.019021,0.0,0.0,0.0676,0.054061,0.063603,0.0,0.044533,0.046976,0.0,0.01448
2023-02-28,0.012917,0.153479,0.062039,0.0,0.122012,0.040809,0.010135,0.0,0.095645,0.062986,0.031634,0.037437,0.062848,0.0,0.0,0.0,0.0,0.0,0.041882,0.0,0.0,0.141678,0.086671,0.0,0.0,0.0,0.0,0.035263,0.002566
2023-03-01,0.012763,0.153389,0.06171,0.0,0.123489,0.042093,0.010146,0.0,0.094665,0.063784,0.03154,0.03675,0.062311,0.0,0.0,0.0,0.0,0.0,0.041698,0.0,0.0,0.141511,0.086385,0.0,0.0,0.0,0.0,0.035217,0.002549
2023-03-02,0.012718,0.153212,0.061663,0.0,0.123482,0.042617,0.009969,0.0,0.094042,0.064228,0.031852,0.036897,0.06258,0.0,0.0,0.0,0.0,0.0,0.041746,0.0,0.0,0.141171,0.086005,0.0,0.0,0.0,0.0,0.035275,0.002544
2023-03-03,0.012792,0.153477,0.062392,0.0,0.123062,0.042226,0.009929,0.0,0.094483,0.064388,0.031844,0.037177,0.062588,0.0,0.0,0.0,0.0,0.0,0.04258,0.0,0.0,0.141125,0.086435,0.0,0.0,0.0,0.0,0.032986,0.002517
2023-03-06,0.012962,0.153526,0.062525,0.0,0.12397,0.041755,0.010107,0.0,0.094764,0.064555,0.031854,0.0368,0.062692,0.0,0.0,0.0,0.0,0.0,0.042479,0.0,0.0,0.140712,0.0856,0.0,0.0,0.0,0.0,0.033177,0.002522
2023-03-07,0.013012,0.153372,0.063228,0.0,0.124292,0.041671,0.010186,0.0,0.094192,0.06472,0.032083,0.037242,0.062935,0.0,0.0,0.0,0.0,0.0,0.042646,0.0,0.0,0.141061,0.083406,0.0,0.0,0.0,0.0,0.033383,0.002573
2023-03-08,0.012962,0.153795,0.063968,0.0,0.123998,0.04133,0.010496,0.0,0.093787,0.064017,0.032139,0.037785,0.062561,0.0,0.0,0.0,0.0,0.0,0.043137,0.0,0.0,0.140909,0.08313,0.0,0.0,0.0,0.0,0.033412,0.002572
2023-03-09,0.01317,0.154315,0.06469,0.0,0.124171,0.040389,0.010452,0.0,0.091152,0.063936,0.032078,0.03797,0.062735,0.0,0.0,0.0,0.0,0.0,0.042978,0.0,0.0,0.144154,0.084398,0.0,0.0,0.0,0.0,0.030805,0.002606
2023-03-10,0.013027,0.15359,0.064123,0.0,0.124095,0.040574,0.010225,0.0,0.089787,0.063326,0.031584,0.037379,0.062478,0.0,0.0,0.0,0.0,0.0,0.042195,0.0,0.0,0.147745,0.086603,0.0,0.0,0.0,0.0,0.030656,0.002615
2023-03-13,0.012706,0.151187,0.06297,0.0,0.122223,0.040571,0.00998,0.0,0.085505,0.061508,0.031137,0.037165,0.062522,0.0,0.0,0.0,0.0,0.0,0.04187,0.0,0.0,0.149843,0.091053,0.0,0.0,0.0,0.0,0.037167,0.002593
2023-03-14,0.012774,0.152867,0.062333,0.0,0.121259,0.040498,0.009926,0.0,0.0866,0.061663,0.031236,0.037487,0.062621,0.0,0.0,0.0,0.0,0.0,0.042278,0.0,0.0,0.14789,0.089892,0.0,0.0,0.0,0.0,0.038103,0.002574
2023-03-15,0.012691,0.149867,0.062216,0.0,0.120375,0.040608,0.00998,0.0,0.08588,0.059451,0.031041,0.037736,0.063746,0.0,0.0,0.0,0.0,0.0,0.042075,0.0,0.0,0.151852,0.092092,0.0,0.0,0.0,0.0,0.037767,0.002622
2023-03-16,0.012778,0.150119,0.062648,0.0,0.121142,0.040545,0.010055,0.0,0.086367,0.059304,0.031026,0.038097,0.063493,0.0,0.0,0.0,0.0,0.0,0.043009,0.0,0.0,0.150153,0.090514,0.0,0.0,0.0,0.0,0.03816,0.002589
2023-03-17,0.012717,0.147624,0.062155,0.0,0.120687,0.04035,0.009863,0.0,0.083451,0.058276,0.030468,0.037701,0.062574,0.0,0.0,0.0,0.0,0.0,0.042527,0.0,0.0,0.154273,0.093587,0.0,0.0,0.0,0.0,0.041164,0.002585
2023-03-20,0.012663,0.149107,0.062469,0.0,0.11985,0.03982,0.0097,0.0,0.083591,0.058887,0.030583,0.037426,0.062775,0.0,0.0,0.0,0.0,0.0,0.042644,0.0,0.0,0.152889,0.092982,0.0,0.0,0.0,0.0,0.042052,0.002561
2023-03-21,0.012723,0.150739,0.062351,0.0,0.119824,0.040115,0.009644,0.0,0.08502,0.060436,0.030689,0.037502,0.062648,0.0,0.0,0.0,0.0,0.0,0.04311,0.0,0.0,0.148797,0.091566,0.0,0.0,0.0,0.0,0.042297,0.00254
2023-03-22,0.012808,0.150316,0.062359,0.0,0.121374,0.040352,0.009617,0.0,0.083298,0.059326,0.03019,0.037054,0.061884,0.0,0.0,0.0,0.0,0.0,0.042743,0.0,0.0,0.151778,0.094341,0.0,0.0,0.0,0.0,0.04001,0.002548
2023-03-23,0.012727,0.149142,0.062135,0.0,0.122848,0.041129,0.009234,0.0,0.082077,0.058037,0.029863,0.036884,0.061273,0.0,0.0,0.0,0.0,0.0,0.042787,0.0,0.0,0.152455,0.094387,0.0,0.0,0.0,0.0,0.042495,0.002528
2023-03-24,0.012586,0.148714,0.062632,0.0,0.121549,0.041124,0.00943,0.0,0.082434,0.058553,0.030136,0.037254,0.062433,0.0,0.0,0.0,0.0,0.0,0.042843,0.0,0.0,0.151493,0.094591,0.0,0.0,0.0,0.0,0.041687,0.002541
2023-03-27,0.012704,0.150252,0.062823,0.0,0.120777,0.040473,0.009569,0.0,0.083469,0.059722,0.030348,0.037085,0.062606,0.0,0.0,0.0,0.0,0.0,0.042998,0.0,0.0,0.149894,0.094467,0.0,0.0,0.0,0.0,0.040274,0.002538
2023-03-28,0.012625,0.149088,0.062509,0.0,0.121876,0.041506,0.009721,0.0,0.082866,0.060227,0.030293,0.036987,0.061799,0.0,0.0,0.0,0.0,0.0,0.042491,0.0,0.0,0.150078,0.094743,0.0,0.0,0.0,0.0,0.040671,0.002521
2023-03-29,0.01265,0.15028,0.062247,0.0,0.121576,0.041174,0.009763,0.0,0.083407,0.060574,0.030488,0.036928,0.061474,0.0,0.0,0.0,0.0,0.0,0.042965,0.0,0.0,0.14814,0.09403,0.0,0.0,0.0,0.0,0.041803,0.002501
2023-03-30,0.012672,0.15132,0.062028,0.0,0.121572,0.041439,0.00992,0.0,0.082546,0.060344,0.030304,0.036568,0.061303,0.0,0.0,0.0,0.0,0.0,0.042958,0.0,0.0,0.148261,0.095438,0.0,0.0,0.0,0.0,0.040846,0.002481
2023-03-31,0.009684,0.147049,0.058717,0.010763,0.024165,0.024484,0.0,0.0,0.033007,0.026887,0.087876,0.106877,0.035072,0.036037,0.0,0.0,0.058103,0.0,0.127261,0.0,0.0,0.036667,0.0,0.071534,0.0,0.0,0.051336,0.045078,0.009404
2023-04-03,0.009699,0.147709,0.058836,0.010707,0.024047,0.024417,0.0,0.0,0.032985,0.028033,0.087808,0.106938,0.035375,0.036133,0.0,0.0,0.057455,0.0,0.126737,0.0,0.0,0.036837,0.0,0.071421,0.0,0.0,0.051296,0.044185,0.009382
2023-04-04,0.009777,0.148819,0.059249,0.01065,0.024231,0.024518,0.0,0.0,0.032918,0.027727,0.086473,0.105799,0.03564,0.036326,0.0,0.0,0.056798,0.0,0.125713,0.0,0.0,0.037799,0.0,0.071594,0.0,0.0,0.051823,0.044696,0.00945
2023-04-05,0.009781,0.148864,0.058707,0.010625,0.024246,0.024369,0.0,0.0,0.033069,0.02831,0.085848,0.105729,0.036468,0.03671,0.0,0.0,0.056141,0.0,0.12403,0.0,0.0,0.037991,0.0,0.072369,0.0,0.0,0.05225,0.044985,0.009508
2023-04-06,0.009797,0.150249,0.0585,0.010635,0.024329,0.024686,0.0,0.0,0.03322,0.027902,0.085889,0.104443,0.036587,0.036768,0.0,0.0,0.055895,0.0,0.123673,0.0,0.0,0.037749,0.0,0.073134,0.0,0.0,0.052409,0.044619,0.009516
2023-04-10,0.009744,0.149437,0.058063,0.010577,0.024197,0.024454,0.0,0.0,0.033113,0.027973,0.086202,0.104919,0.036365,0.036569,0.0,0.0,0.056575,0.0,0.123958,0.0,0.0,0.037267,0.0,0.072914,0.0,0.0,0.051755,0.046452,0.009465
2023-04-11,0.009731,0.148931,0.057831,0.010643,0.024253,0.024291,0.0,0.0,0.033159,0.028032,0.086088,0.106769,0.036223,0.03641,0.0,0.0,0.05587,0.0,0.123258,0.0,0.0,0.037231,0.0,0.072875,0.0,0.0,0.051468,0.04754,0.009399
2023-04-12,0.009766,0.150361,0.058118,0.010627,0.024174,0.023688,0.0,0.0,0.033143,0.028099,0.086518,0.106703,0.036294,0.036306,0.0,0.0,0.054939,0.0,0.123013,0.0,0.0,0.037475,0.0,0.072751,0.0,0.0,0.051572,0.047037,0.009416
2023-04-13,0.009729,0.15099,0.058387,0.010515,0.024209,0.023962,0.0,0.0,0.033133,0.028014,0.086042,0.105678,0.036428,0.036174,0.0,0.0,0.054883,0.0,0.123912,0.0,0.0,0.037633,0.0,0.07243,0.0,0.0,0.050974,0.047575,0.009332
2023-04-14,0.009764,0.151148,0.058104,0.010585,0.024099,0.02382,0.0,0.0,0.033547,0.02814,0.086166,0.106335,0.036231,0.036039,0.0,0.0,0.054942,0.0,0.123446,0.0,0.0,0.037064,0.0,0.07276,0.0,0.0,0.050886,0.047569,0.009356
2023-04-17,0.009732,0.15017,0.058173,0.010646,0.024154,0.024276,0.0,0.0,0.033877,0.02776,0.086698,0.107238,0.036139,0.036207,0.0,0.0,0.054847,0.0,0.123679,0.0,0.0,0.036835,0.0,0.073642,0.0,0.0,0.050567,0.046019,0.009342
2023-04-18,0.009724,0.150153,0.058115,0.010576,0.024036,0.024031,0.0,0.0,0.033744,0.027676,0.086509,0.108938,0.035643,0.036066,0.0,0.0,0.054704,0.0,0.123414,0.0,0.0,0.036722,0.0,0.073478,0.0,0.0,0.050268,0.046924,0.009279
2023-04-19,0.00974,0.150433,0.057888,0.010574,0.023885,0.023862,0.0,0.0,0.033963,0.027693,0.086794,0.109684,0.035899,0.036189,0.0,0.0,0.054326,0.0,0.124017,0.0,0.0,0.036696,0.0,0.07312,0.0,0.0,0.050423,0.045495,0.009317
2023-04-20,0.009734,0.150396,0.058144,0.010579,0.023934,0.023705,0.0,0.0,0.033901,0.027482,0.086742,0.111711,0.035794,0.036318,0.0,0.0,0.05434,0.0,0.12357,0.0,0.0,0.036884,0.0,0.073103,0.0,0.0,0.050644,0.04369,0.009329
2023-04-21,0.009742,0.151683,0.058535,0.010574,0.023661,0.023351,0.0,0.0,0.033816,0.027351,0.086638,0.11144,0.036074,0.03662,0.0,0.0,0.054,0.0,0.124694,0.0,0.0,0.036559,0.0,0.072696,0.0,0.0,0.050722,0.042506,0.00934
2023-04-24,0.009724,0.151952,0.05837,0.010511,0.023523,0.023001,0.0,0.0,0.033656,0.027705,0.086643,0.112235,0.036192,0.036683,0.0,0.0,0.053633,0.0,0.123961,0.0,0.0,0.036585,0.0,0.072943,0.0,0.0,0.050798,0.042564,0.00932
2023-04-25,0.009793,0.151211,0.058667,0.010577,0.023479,0.022671,0.0,0.0,0.033479,0.027514,0.086077,0.112333,0.03624,0.03708,0.0,0.0,0.05246,0.0,0.123016,0.0,0.0,0.037218,0.0,0.073583,0.0,0.0,0.051718,0.043451,0.009434
2023-04-26,0.009796,0.152076,0.058744,0.0105,0.02377,0.023123,0.0,0.0,0.033323,0.02728,0.084866,0.11082,0.0359,0.036971,0.0,0.0,0.052999,0.0,0.123169,0.0,0.0,0.037197,0.0,0.07405,0.0,0.0,0.051789,0.044144,0.009481
2023-04-27,0.00968,0.151657,0.05885,0.01036,0.023585,0.023105,0.0,0.0,0.033378,0.026988,0.085311,0.112303,0.035574,0.036851,0.0,0.0,0.052465,0.0,0.123741,0.0,0.0,0.036669,0.0,0.072856,0.0,0.0,0.05088,0.046398,0.009347
2023-04-28,0.038375,0.118464,0.070019,0.0,0.053255,0.035536,0.0,0.0,0.0,0.0,0.071972,0.022429,0.0,0.063482,0.0,0.045489,0.053192,0.0,0.127852,0.0,0.0,0.075868,0.0,0.0,0.0,0.012957,0.146814,0.059295,0.005002
2023-05-01,0.0385,0.118871,0.070165,0.0,0.053429,0.03551,0.0,0.0,0.0,0.0,0.072598,0.022318,0.0,0.063739,0.0,0.045665,0.053849,0.0,0.129352,0.0,0.0,0.075774,0.0,0.0,0.0,0.012846,0.146071,0.056293,0.005018
2023-05-02,0.038035,0.117815,0.069775,0.0,0.05278,0.034958,0.0,0.0,0.0,0.0,0.072042,0.022354,0.0,0.063745,0.0,0.045366,0.053615,0.0,0.12796,0.0,0.0,0.077454,0.0,0.0,0.0,0.01305,0.1476,0.058417,0.005035
2023-05-03,0.038301,0.118121,0.070152,0.0,0.052999,0.03487,0.0,0.0,0.0,0.0,0.071724,0.022543,0.0,0.063188,0.0,0.044957,0.052968,0.0,0.128296,0.0,0.0,0.078064,0.0,0.0,0.0,0.013127,0.148186,0.05747,0.005033
2023-05-04,0.037848,0.117503,0.070274,0.0,0.053211,0.035456,0.0,0.0,0.0,0.0,0.070932,0.022165,0.0,0.063022,0.0,0.044735,0.052663,0.0,0.128587,0.0,0.0,0.078601,0.0,0.0,0.0,0.013123,0.148123,0.058725,0.005032
2023-05-05,0.038019,0.118033,0.070482,0.0,0.05325,0.035475,0.0,0.0,0.0,0.0,0.071258,0.022233,0.0,0.062949,0.0,0.045382,0.053277,0.0,0.129197,0.0,0.0,0.076571,0.0,0.0,0.0,0.012917,0.146298,0.05968,0.004981
2023-05-08,0.038225,0.118691,0.070709,0.0,0.053538,0.035749,0.0,0.0,0.0,0.0,0.071385,0.022484,0.0,0.063102,0.0,0.045604,0.053792,0.0,0.13,0.0,0.0,0.07708,0.0,0.0,0.0,0.012907,0.146541,0.055186,0.005009
2023-05-09,0.038314,0.11793,0.071576,0.0,0.053336,0.035235,0.0,0.0,0.0,0.0,0.071648,0.022528,0.0,0.062997,0.0,0.045321,0.052954,0.0,0.129985,0.0,0.0,0.077741,0.0,0.0,0.0,0.012911,0.146542,0.055966,0.005016
2023-05-10,0.038236,0.117526,0.071064,0.0,0.053314,0.035024,0.0,0.0,0.0,0.0,0.071234,0.022492,0.0,0.062763,0.0,0.045774,0.053378,0.0,0.131192,0.0,0.0,0.077462,0.0,0.0,0.0,0.012979,0.146707,0.055845,0.005007
2023-05-11,0.038273,0.117472,0.071541,0.0,0.053097,0.035436,0.0,0.0,0.0,0.0,0.071075,0.022605,0.0,0.063193,0.0,0.045745,0.053232,0.0,0.131233,0.0,0.0,0.077092,0.0,0.0,0.0,0.013077,0.147594,0.054309,0.005027
2023-05-12,0.038368,0.117548,0.072129,0.0,0.052891,0.034655,0.0,0.0,0.0,0.0,0.071365,0.022547,0.0,0.063654,0.0,0.045838,0.053362,0.0,0.131055,0.0,0.0,0.077219,0.0,0.0,0.0,0.013043,0.147564,0.053719,0.005043
2023-05-15,0.038128,0.117309,0.071873,0.0,0.053143,0.035708,0.0,0.0,0.0,0.0,0.071033,0.022448,0.0,0.062895,0.0,0.045779,0.054291,0.0,0.131707,0.0,0.0,0.076651,0.0,0.0,0.0,0.012891,0.145952,0.055194,0.004997
2023-05-16,0.038266,0.116807,0.072179,0.0,0.053461,0.035573,0.0,0.0,0.0,0.0,0.07051,0.022562,0.0,0.062754,0.0,0.046114,0.054529,0.0,0.132119,0.0,0.0,0.076167,0.0,0.0,0.0,0.012929,0.146476,0.054524,0.005029
2023-05-17,0.03804,0.116621,0.07224,0.0,0.053067,0.03511,0.0,0.0,0.0,0.0,0.0713,0.022665,0.0,0.062351,0.0,0.046453,0.055546,0.0,0.132619,0.0,0.0,0.075455,0.0,0.0,0.0,0.012812,0.145545,0.055176,0.004999
2023-05-18,0.038288,0.116121,0.07208,0.0,0.052809,0.034404,0.0,0.0,0.0,0.0,0.071646,0.022882,0.0,0.061901,0.0,0.047291,0.057165,0.0,0.135012,0.0,0.0,0.0743,0.0,0.0,0.0,0.012702,0.144719,0.053691,0.004988
2023-05-19,0.038388,0.116786,0.072082,0.0,0.05284,0.03423,0.0,0.0,0.0,0.0,0.071359,0.022428,0.0,0.061842,0.0,0.047194,0.056779,0.0,0.135558,0.0,0.0,0.074914,0.0,0.0,0.0,0.012634,0.144139,0.053847,0.004981
2023-05-22,0.038416,0.116518,0.072327,0.0,0.053235,0.034676,0.0,0.0,0.0,0.0,0.071272,0.022064,0.0,0.060843,0.0,0.047235,0.056917,0.0,0.136744,0.0,0.0,0.074662,0.0,0.0,0.0,0.012597,0.143726,0.053792,0.004977
2023-05-23,0.038592,0.115915,0.071971,0.0,0.05323,0.034046,0.0,0.0,0.0,0.0,0.07109,0.021828,0.0,0.060974,0.0,0.046984,0.056753,0.0,0.134867,0.0,0.0,0.075468,0.0,0.0,0.0,0.012739,0.145547,0.054972,0.005025
2023-05-24,0.038356,0.115323,0.071971,0.0,0.053185,0.033784,0.0,0.0,0.0,0.0,0.070926,0.022083,0.0,0.061229,0.0,0.047139,0.056335,0.0,0.135896,0.0,0.0,0.075662,0.0,0.0,0.0,0.012843,0.146645,0.053547,0.005078
2023-05-25,0.038095,0.114152,0.071834,0.0,0.052564,0.032856,0.0,0.0,0.0,0.0,0.070622,0.022002,0.0,0.060305,0.0,0.048578,0.059633,0.0,0.138946,0.0,0.0,0.074368,0.0,0.0,0.0,0.012666,0.144878,0.053458,0.005042
2023-05-26,0.038088,0.113936,0.071153,0.0,0.052635,0.03302,0.0,0.0,0.0,0.0,0.070241,0.021748,0.0,0.059739,0.0,0.04932,0.062719,0.0,0.139515,0.0,0.0,0.073712,0.0,0.0,0.0,0.012527,0.143201,0.053468,0.004978
2023-05-29,0.038088,0.113936,0.071153,0.0,0.052635,0.03302,0.0,0.0,0.0,0.0,0.070241,0.021748,0.0,0.059739,0.0,0.04932,0.062719,0.0,0.139515,0.0,0.0,0.073712,0.0,0.0,0.0,0.012527,0.143201,0.053468,0.004978
2023-05-30,0.038051,0.112528,0.070553,0.0,0.052114,0.032033,0.0,0.0,0.0,0.0,0.069996,0.02174,0.0,0.058939,0.0,0.049485,0.062543,0.0,0.141223,0.0,0.0,0.074022,0.0,0.0,0.0,0.012601,0.14349,0.055713,0.004969
2023-05-31,0.026545,0.115452,0.031011,0.0,0.031797,0.024029,0.0,0.0,0.0,0.0,0.0,0.173428,0.029622,0.143771,0.0,0.058185,0.018955,0.0,0.09559,0.0,0.0,0.077723,0.033888,0.056212,0.0,0.0,0.048669,0.031464,0.00366
2023-06-01,0.026585,0.115547,0.031445,0.0,0.032116,0.024373,0.0,0.0,0.0,0.0,0.0,0.17394,0.029493,0.142095,0.0,0.058139,0.019072,0.0,0.096425,0.0,0.0,0.077488,0.034048,0.056418,0.0,0.0,0.048219,0.030975,0.003621
2023-06-02,0.026673,0.11536,0.031625,0.0,0.03242,0.02469,0.0,0.0,0.0,0.0,0.0,0.178086,0.029475,0.142139,0.0,0.057695,0.018775,0.0,0.096513,0.0,0.0,0.075331,0.033198,0.05599,0.0,0.0,0.047345,0.031113,0.003572
2023-06-05,0.026834,0.115014,0.031644,0.0,0.032414,0.024678,0.0,0.0,0.0,0.0,0.0,0.177713,0.029704,0.142208,0.0,0.057603,0.018561,0.0,0.097671,0.0,0.0,0.076101,0.03326,0.056143,0.0,0.0,0.047605,0.02926,0.003589
2023-06-06,0.026562,0.114332,0.031978,0.0,0.032381,0.024807,0.0,0.0,0.0,0.0,0.0,0.18152,0.029173,0.140125,0.0,0.057033,0.018604,0.0,0.097544,0.0,0.0,0.075449,0.032954,0.056054,0.0,0.0,0.047171,0.030759,0.003555
2023-06-07,0.02675,0.114663,0.031384,0.0,0.032697,0.024692,0.0,0.0,0.0,0.0,0.0,0.183311,0.029271,0.140687,0.0,0.056592,0.018713,0.0,0.095929,0.0,0.0,0.075089,0.032981,0.056116,0.0,0.0,0.047297,0.03025,0.003581
2023-06-08,0.026579,0.115125,0.031414,0.0,0.032522,0.024795,0.0,0.0,0.0,0.0,0.0,0.18134,0.029238,0.140593,0.0,0.056776,0.018763,0.0,0.095925,0.0,0.0,0.075511,0.033936,0.056629,0.0,0.0,0.047174,0.030125,0.003554
2023-06-09,0.02665,0.114448,0.031775,0.0,0.032758,0.024765,0.0,0.0,0.0,0.0,0.0,0.181426,0.029331,0.140376,0.0,0.057064,0.018814,0.0,0.096376,0.0,0.0,0.075316,0.033894,0.056501,0.0,0.0,0.047048,0.029905,0.003555
2023-06-12,0.026564,0.11426,0.031782,0.0,0.032543,0.024616,0.0,0.0,0.0,0.0,0.0,0.182923,0.02926,0.139495,0.0,0.057954,0.019303,0.0,0.097386,0.0,0.0,0.074797,0.033403,0.056294,0.0,0.0,0.046804,0.029082,0.003535
2023-06-13,0.02675,0.11452,0.032063,0.0,0.032725,0.024821,0.0,0.0,0.0,0.0,0.0,0.183134,0.029247,0.139305,0.0,0.057989,0.019455,0.0,0.098503,0.0,0.0,0.073842,0.032709,0.056146,0.0,0.0,0.046311,0.028963,0.003515
2023-06-14,0.026876,0.114818,0.03218,0.0,0.032851,0.025186,0.0,0.0,0.0,0.0,0.0,0.180235,0.02892,0.140029,0.0,0.058533,0.019713,0.0,0.098815,0.0,0.0,0.073814,0.033025,0.056172,0.0,0.0,0.046385,0.028937,0.003512
2023-06-15,0.026703,0.11515,0.031795,0.0,0.032731,0.025414,0.0,0.0,0.0,0.0,0.0,0.181907,0.029058,0.139937,0.0,0.058659,0.019343,0.0,0.098766,0.0,0.0,0.073547,0.032631,0.056542,0.0,0.0,0.046185,0.028156,0.003476
2023-06-16,0.026782,0.115003,0.031475,0.0,0.032733,0.025332,0.0,0.0,0.0,0.0,0.0,0.181639,0.029042,0.140037,0.0,0.058147,0.019155,0.0,0.098287,0.0,0.0,0.073398,0.032972,0.05727,0.0,0.0,0.046043,0.02921,0.003475
2023-06-19,0.026638,0.115038,0.031485,0.0,0.032588,0.02534,0.0,0.0,0.0,0.0,0.0,0.181695,0.029051,0.14008,0.0,0.058165,0.019161,0.0,0.098317,0.0,0.0,0.073421,0.032982,0.057288,0.0,0.0,0.046057,0.029218,0.003477
2023-06-20,0.026584,0.113966,0.031203,0.0,0.032255,0.024428,0.0,0.0,0.0,0.0,0.0,0.18442,0.029161,0.139698,0.0,0.058056,0.019099,0.0,0.097765,0.0,0.0,0.073018,0.031769,0.057334,0.0,0.0,0.046382,0.031369,0.003494
2023-06-21,0.026548,0.113628,0.031542,0.0,0.032058,0.024195,0.0,0.0,0.0,0.0,0.0,0.185319,0.029136,0.140051,0.0,0.057139,0.018615,0.0,0.096533,0.0,0.0,0.072839,0.03111,0.057878,0.0,0.0,0.04634,0.03358,0.00349
2023-06-22,0.026539,0.113446,0.031355,0.0,0.032023,0.024155,0.0,0.0,0.0,0.0,0.0,0.185342,0.029404,0.141194,0.0,0.05774,0.018745,0.0,0.095955,0.0,0.0,0.072284,0.030719,0.05754,0.0,0.0,0.046284,0.033777,0.003499
2023-06-23,0.026528,0.112838,0.030791,0.0,0.031773,0.023809,0.0,0.0,0.0,0.0,0.0,0.187504,0.029507,0.141226,0.0,0.057505,0.018542,0.0,0.094055,0.0,0.0,0.072981,0.031005,0.056827,0.0,0.0,0.046715,0.03487,0.003523
2023-06-26,0.02656,0.113067,0.030813,0.0,0.031979,0.023923,0.0,0.0,0.0,0.0,0.0,0.187727,0.02936,0.141516,0.0,0.057133,0.018615,0.0,0.093515,0.0,0.0,0.07316,0.031509,0.056814,0.0,0.0,0.046769,0.034013,0.003527
2023-06-27,0.026346,0.11295,0.030588,0.0,0.031863,0.024181,0.0,0.0,0.0,0.0,0.0,0.191544,0.028969,0.14037,0.0,0.057616,0.019052,0.0,0.093882,0.0,0.0,0.07202,0.03128,0.055612,0.0,0.0,0.046124,0.034113,0.003488
2023-06-28,0.02656,0.11313,0.031003,0.0,0.03173,0.024047,0.0,0.0,0.0,0.0,0.0,0.191531,0.028946,0.13976,0.0,0.057788,0.018951,0.0,0.094876,0.0,0.0,0.072027,0.031147,0.055118,0.0,0.0,0.04633,0.03356,0.003496
2023-06-29,0.026617,0.113069,0.030876,0.0,0.031668,0.023706,0.0,0.0,0.0,0.0,0.0,0.191825,0.029162,0.139758,0.0,0.057944,0.018974,0.0,0.094775,0.0,0.0,0.072017,0.030996,0.054855,0.0,0.0,0.046068,0.034188,0.0035
2023-06-30,0.0594,0.044192,0.029958,0.0,0.01985,0.0,0.0,0.03121,0.0,0.0,0.0,0.023954,0.0,0.074775,0.0,0.081634,0.032207,0.0,0.090625,0.0,0.0,0.150039,0.0,0.052551,0.0,0.069076,0.142516,0.073035,0.024978
2023-07-03,0.059302,0.043912,0.029947,0.0,0.019958,0.0,0.0,0.031167,0.0,0.0,0.0,0.023743,0.0,0.075101,0.0,0.081181,0.032382,0.0,0.090723,0.0,0.0,0.149693,0.0,0.052967,0.0,0.068541,0.14186,0.074631,0.024891
2023-07-04,0.059314,0.043905,0.029943,0.0,0.020085,0.0,0.0,0.031162,0.0,0.0,0.0,0.02374,0.0,0.075089,0.0,0.081169,0.032377,0.0,0.090709,0.0,0.0,0.149669,0.0,0.052959,0.0,0.06853,0.141838,0.07462,0.024891
2023-07-05,0.059587,0.043658,0.029918,0.0,0.019995,0.0,0.0,0.03138,0.0,0.0,0.0,0.023652,0.0,0.075518,0.0,0.08127,0.031898,0.0,0.090309,0.0,0.0,0.150254,0.0,0.053179,0.0,0.068711,0.142215,0.073379,0.025076
2023-07-06,0.059054,0.043238,0.02977,0.0,0.019736,0.0,0.0,0.031504,0.0,0.0,0.0,0.023202,0.0,0.075952,0.0,0.081727,0.031758,0.0,0.089208,0.0,0.0,0.151051,0.0,0.05357,0.0,0.068716,0.142643,0.073581,0.025291
2023-07-07,0.059424,0.043452,0.030149,0.0,0.019969,0.0,0.0,0.031469,0.0,0.0,0.0,0.023216,0.0,0.074844,0.0,0.081242,0.031721,0.0,0.089897,0.0,0.0,0.151944,0.0,0.053335,0.0,0.068521,0.142324,0.073239,0.025254
2023-07-10,0.059017,0.043481,0.029945,0.0,0.01984,0.0,0.0,0.031345,0.0,0.0,0.0,0.023738,0.0,0.074427,0.0,0.081024,0.03221,0.0,0.090561,0.0,0.0,0.151257,0.0,0.053102,0.0,0.06851,0.141904,0.074516,0.025125
2023-07-11,0.059124,0.043812,0.029983,0.0,0.019927,0.0,0.0,0.031469,0.0,0.0,0.0,0.023853,0.0,0.074307,0.0,0.080947,0.032111,0.0,0.091291,0.0,0.0,0.151353,0.0,0.053462,0.0,0.068441,0.141303,0.073567,0.02505
2023-07-12,0.059547,0.044436,0.029911,0.0,0.020238,0.0,0.0,0.031383,0.0,0.0,0.0,0.024258,0.0,0.073787,0.0,0.081104,0.032405,0.0,0.09157,0.0,0.0,0.151977,0.0,0.05252,0.0,0.068467,0.141536,0.072039,0.024821
2023-07-13,0.059251,0.04463,0.03002,0.0,0.020219,0.0,0.0,0.03097,0.0,0.0,0.0,0.02418,0.0,0.073272,0.0,0.081247,0.032706,0.0,0.092469,0.0,0.0,0.150392,0.0,0.052278,0.0,0.068268,0.140678,0.074884,0.024537
2023-07-14,0.059916,0.044714,0.029856,0.0,0.02037,0.0,0.0,0.031239,0.0,0.0,0.0,0.024637,0.0,0.074007,0.0,0.081665,0.032512,0.0,0.09165,0.0,0.0,0.150908,0.0,0.053216,0.0,0.068381,0.140862,0.071355,0.024712
2023-07-17,0.059689,0.044559,0.029809,0.0,0.020233,0.0,0.0,0.031386,0.0,0.0,0.0,0.024504,0.0,0.073637,0.0,0.08254,0.033222,0.0,0.092613,0.0,0.0,0.150707,0.0,0.052738,0.0,0.068354,0.140837,0.070503,0.024669
2023-07-18,0.059683,0.044598,0.030069,0.0,0.02006,0.0,0.0,0.03121,0.0,0.0,0.0,0.024454,0.0,0.073193,0.0,0.083062,0.033118,0.0,0.093237,0.0,0.0,0.151677,0.0,0.053211,0.0,0.068092,0.140073,0.069714,0.024549
2023-07-19,0.059904,0.044498,0.030011,0.0,0.020018,0.0,0.0,0.031228,0.0,0.0,0.0,0.024394,0.0,0.07378,0.0,0.082681,0.032656,0.0,0.092455,0.0,0.0,0.151384,0.0,0.053735,0.0,0.068181,0.140262,0.070313,0.0245
2023-07-20,0.060158,0.044703,0.029863,0.0,0.020002,0.0,0.0,0.031421,0.0,0.0,0.0,0.023949,0.0,0.075039,0.0,0.081713,0.031734,0.0,0.090711,0.0,0.0,0.151887,0.0,0.054311,0.0,0.068211,0.141391,0.070199,0.024709
2023-07-21,0.060124,0.04487,0.029837,0.0,0.020012,0.0,0.0,0.031295,0.0,0.0,0.0,0.024041,0.0,0.075317,0.0,0.081692,0.032029,0.0,0.090143,0.0,0.0,0.15146,0.0,0.054226,0.0,0.068285,0.141427,0.070526,0.024716
2023-07-24,0.060267,0.044719,0.02993,0.0,0.020305,0.0,0.0,0.031467,0.0,0.0,0.0,0.024228,0.0,0.075732,0.0,0.081973,0.032081,0.0,0.089607,0.0,0.0,0.151065,0.0,0.055156,0.0,0.068236,0.14173,0.06874,0.024765
2023-07-25,0.06016,0.044626,0.02985,0.0,0.020387,0.0,0.0,0.031329,0.0,0.0,0.0,0.02447,0.0,0.075413,0.0,0.082583,0.032492,0.0,0.090309,0.0,0.0,0.151304,0.0,0.054962,0.0,0.067839,0.14092,0.068688,0.024668
2023-07-26,0.060038,0.044677,0.029946,0.0,0.020405,0.0,0.0,0.031424,0.0,0.0,0.0,0.024473,0.0,0.075444,0.0,0.08141,0.032018,0.0,0.09083,0.0,0.0,0.151926,0.0,0.054797,0.0,0.06802,0.140864,0.069076,0.024653
2023-07-27,0.06089,0.04472,0.030396,0.0,0.020567,0.0,0.0,0.031321,0.0,0.0,0.0,0.02441,0.0,0.075291,0.0,0.08173,0.032844,0.0,0.090577,0.0,0.0,0.150563,0.0,0.054678,0.0,0.06774,0.140787,0.068662,0.024824
2023-07-28,0.060462,0.044813,0.030371,0.0,0.020731,0.0,0.0,0.031309,0.0,0.0,0.0,0.024565,0.0,0.07558,0.0,0.082308,0.033344,0.0,0.090303,0.0,0.0,0.150786,0.0,0.054031,0.0,0.067521,0.140416,0.068792,0.024667
2023-07-31,0.103085,0.012858,0.021538,0.0,0.0,0.0,0.037428,0.13887,0.0,0.0,0.028546,0.079677,0.03178,0.051812,0.0,0.104201,0.02356,0.0,0.050582,0.0,0.0,0.024551,0.0,0.014056,0.012023,0.038717,0.129154,0.090944,0.006619
2023-08-01,0.102841,0.012768,0.02137,0.0,0.0,0.0,0.03686,0.138566,0.0,0.0,0.028748,0.08049,0.031744,0.051743,0.0,0.104804,0.023672,0.0,0.050074,0.0,0.0,0.024396,0.0,0.014132,0.011875,0.038649,0.128908,0.091709,0.006649
2023-08-02,0.102781,0.012689,0.021223,0.0,0.0,0.0,0.037027,0.137823,0.0,0.0,0.028793,0.080566,0.032151,0.05256,0.0,0.103454,0.023043,0.0,0.048884,0.0,0.0,0.024575,0.0,0.014194,0.011891,0.03904,0.130242,0.092335,0.00673
2023-08-03,0.10288,0.012721,0.021232,0.0,0.0,0.0,0.036456,0.138207,0.0,0.0,0.028764,0.079628,0.03216,0.052693,0.0,0.10358,0.023106,0.0,0.048878,0.0,0.0,0.024697,0.0,0.014158,0.011678,0.038958,0.13012,0.093318,0.006766
2023-08-04,0.103368,0.012721,0.021397,0.0,0.0,0.0,0.03613,0.139315,0.0,0.0,0.028537,0.080617,0.031988,0.052073,0.0,0.101984,0.023027,0.0,0.048735,0.0,0.0,0.024741,0.0,0.014145,0.011863,0.0393,0.131138,0.092164,0.006756
2023-08-07,0.10243,0.012801,0.021507,0.0,0.0,0.0,0.035968,0.139366,0.0,0.0,0.028794,0.081276,0.032252,0.052328,0.0,0.101938,0.023194,0.0,0.048718,0.0,0.0,0.024605,0.0,0.014066,0.011708,0.039078,0.130822,0.092415,0.006735
2023-08-08,0.101895,0.012753,0.021351,0.0,0.0,0.0,0.035879,0.138768,0.0,0.0,0.028709,0.08126,0.032552,0.052035,0.0,0.101316,0.022861,0.0,0.04793,0.0,0.0,0.024488,0.0,0.013984,0.011863,0.039338,0.131007,0.095262,0.006746
2023-08-09,0.102648,0.012855,0.021286,0.0,0.0,0.0,0.035802,0.139594,0.0,0.0,0.028857,0.081091,0.032729,0.05241,0.0,0.100579,0.02257,0.0,0.047137,0.0,0.0,0.024511,0.0,0.014038,0.011993,0.039588,0.131695,0.093833,0.006785
2023-08-10,0.10365,0.012921,0.021403,0.0,0.0,0.0,0.036016,0.139546,0.0,0.0,0.028813,0.080309,0.032748,0.052371,0.0,0.100717,0.022507,0.0,0.047285,0.0,0.0,0.024515,0.0,0.014069,0.01181,0.039334,0.131179,0.094012,0.006795
2023-08-11,0.102813,0.012869,0.021464,0.0,0.0,0.0,0.035929,0.139377,0.0,0.0,0.028991,0.080597,0.0331,0.052691,0.0,0.100425,0.022061,0.0,0.046998,0.0,0.0,0.024626,0.0,0.014132,0.011836,0.039303,0.131584,0.094375,0.006826
2023-08-14,0.103,0.012828,0.021245,0.0,0.0,0.0,0.035167,0.138722,0.0,0.0,0.028965,0.081086,0.033158,0.052364,0.0,0.101897,0.022669,0.0,0.047474,0.0,0.0,0.02452,0.0,0.014009,0.011795,0.039191,0.131144,0.093945,0.006819
2023-08-15,0.102969,0.012737,0.021142,0.0,0.0,0.0,0.035008,0.138767,0.0,0.0,0.028764,0.082139,0.033231,0.052106,0.0,0.101486,0.022421,0.0,0.047215,0.0,0.0,0.024599,0.0,0.013979,0.011792,0.039346,0.131503,0.093937,0.00686
2023-08-16,0.103164,0.012734,0.021,0.0,0.0,0.0,0.035098,0.139998,0.0,0.0,0.028771,0.080984,0.033171,0.05229,0.0,0.101107,0.022116,0.0,0.046624,0.0,0.0,0.0246,0.0,0.014134,0.011768,0.039424,0.131882,0.094235,0.0069
2023-08-17,0.103508,0.012785,0.021179,0.0,0.0,0.0,0.035313,0.141262,0.0,0.0,0.028893,0.078499,0.033327,0.052445,0.0,0.101425,0.022179,0.0,0.046432,0.0,0.0,0.024875,0.0,0.014307,0.011868,0.039876,0.133527,0.091311,0.00699
2023-08-18,0.103177,0.012822,0.021329,0.0,0.0,0.0,0.035731,0.142331,0.0,0.0,0.029079,0.079265,0.033492,0.052879,0.0,0.10204,0.0224,0.0,0.046717,0.0,0.0,0.024993,0.0,0.014488,0.011964,0.040177,0.134365,0.08573,0.007022
2023-08-21,0.103146,0.012866,0.021299,0.0,0.0,0.0,0.035277,0.142897,0.0,0.0,0.028978,0.078452,0.033452,0.052407,0.0,0.103756,0.022992,0.0,0.047126,0.0,0.0,0.025005,0.0,0.014415,0.011778,0.039839,0.133707,0.085601,0.007008
2023-08-22,0.103804,0.012819,0.021402,0.0,0.0,0.0,0.036058,0.142596,0.0,0.0,0.028909,0.079055,0.033332,0.052108,0.0,0.103634,0.022788,0.0,0.046885,0.0,0.0,0.025045,0.0,0.014326,0.011868,0.039854,0.13393,0.084579,0.007008
2023-08-23,0.102994,0.012742,0.021377,0.0,0.0,0.0,0.03673,0.142766,0.0,0.0,0.028791,0.078819,0.032957,0.051709,0.0,0.104004,0.022923,0.0,0.047195,0.0,0.0,0.02494,0.0,0.014269,0.011989,0.039714,0.133221,0.085949,0.00691
2023-08-24,0.103592,0.012712,0.021346,0.0,0.0,0.0,0.036766,0.143069,0.0,0.0,0.028775,0.078572,0.033055,0.051898,0.0,0.1028,0.022426,0.0,0.046907,0.0,0.0,0.025227,0.0,0.014558,0.012049,0.040031,0.134174,0.085054,0.00699
2023-08-25,0.103101,0.012799,0.021448,0.0,0.0,0.0,0.036436,0.142978,0.0,0.0,0.029006,0.077689,0.033283,0.052166,0.0,0.103804,0.022513,0.0,0.047126,0.0,0.0,0.025184,0.0,0.014593,0.012084,0.040002,0.134094,0.084702,0.006991
2023-08-28,0.10262,0.012873,0.021601,0.0,0.0,0.0,0.036707,0.142701,0.0,0.0,0.029106,0.077985,0.033205,0.052159,0.0,0.104165,0.022692,0.0,0.047543,0.0,0.0,0.025139,0.0,0.014666,0.01204,0.039926,0.133545,0.08437,0.006958
2023-08-29,0.103068,0.012828,0.021372,0.0,0.0,0.0,0.036581,0.141213,0.0,0.0,0.028819,0.078461,0.032921,0.051436,0.0,0.104408,0.022883,0.0,0.047575,0.0,0.0,0.024943,0.0,0.014391,0.011954,0.039512,0.131872,0.088924,0.006838
2023-08-30,0.103806,0.012818,0.021328,0.0,0.0,0.0,0.036218,0.14098,0.0,0.0,0.028941,0.079547,0.032887,0.051505,0.0,0.105165,0.022985,0.0,0.047955,0.0,0.0,0.024998,0.0,0.01442,0.011938,0.039496,0.131634,0.086541,0.006837
2023-08-31,0.086142,0.0,0.0,0.0,0.01625,0.0,0.101766,0.089275,0.0,0.0,0.069309,0.145356,0.0,0.159883,0.021007,0.140915,0.034263,0.018442,0.01982,0.0,0.0,0.0,0.0,0.060903,0.0,0.0,0.0,0.027326,0.009343
2023-09-01,0.085817,0.0,0.0,0.0,0.016357,0.0,0.10332,0.089484,0.0,0.0,0.069411,0.146907,0.0,0.157923,0.020821,0.140815,0.034222,0.0184,0.019745,0.0,0.0,0.0,0.0,0.060784,0.0,0.0,0.0,0.026686,0.009308
2023-09-04,0.085793,0.0,0.0,0.0,0.01641,0.0,0.103316,0.089481,0.0,0.0,0.069409,0.146901,0.0,0.157917,0.02082,0.14081,0.034221,0.018399,0.019744,0.0,0.0,0.0,0.0,0.060782,0.0,0.0,0.0,0.026685,0.009312
2023-09-05,0.086373,0.0,0.0,0.0,0.01642,0.0,0.103416,0.090597,0.0,0.0,0.068921,0.141564,0.0,0.158119,0.020705,0.142721,0.03455,0.018626,0.019829,0.0,0.0,0.0,0.0,0.061782,0.0,0.0,0.0,0.026971,0.009404
2023-09-06,0.085908,0.0,0.0,0.0,0.01639,0.0,0.102432,0.090532,0.0,0.0,0.068855,0.143503,0.0,0.158473,0.020822,0.141686,0.034416,0.018633,0.019806,0.0,0.0,0.0,0.0,0.062046,0.0,0.0,0.0,0.027062,0.009437
2023-09-07,0.086013,0.0,0.0,0.0,0.016247,0.0,0.100748,0.091597,0.0,0.0,0.068844,0.145028,0.0,0.159348,0.021161,0.140075,0.033733,0.018581,0.019635,0.0,0.0,0.0,0.0,0.062127,0.0,0.0,0.0,0.027394,0.009469
2023-09-08,0.086132,0.0,0.0,0.0,0.016244,0.0,0.101953,0.092383,0.0,0.0,0.068367,0.144099,0.0,0.159238,0.021305,0.140094,0.033493,0.018584,0.019387,0.0,0.0,0.0,0.0,0.061865,0.0,0.0,0.0,0.027402,0.009454
2023-09-11,0.085777,0.0,0.0,0.0,0.016264,0.0,0.103764,0.092671,0.0,0.0,0.067935,0.144197,0.0,0.159555,0.021252,0.139895,0.033254,0.018634,0.019326,0.0,0.0,0.0,0.0,0.061906,0.0,0.0,0.0,0.02618,0.009392
2023-09-12,0.086365,0.0,0.0,0.0,0.016393,0.0,0.1049,0.092507,0.0,0.0,0.068171,0.142084,0.0,0.159308,0.02143,0.138331,0.033205,0.018564,0.019336,0.0,0.0,0.0,0.0,0.06243,0.0,0.0,0.0,0.027517,0.009459
2023-09-13,0.086283,0.0,0.0,0.0,0.016405,0.0,0.105992,0.092544,0.0,0.0,0.06767,0.140485,0.0,0.159684,0.021671,0.138582,0.033352,0.018492,0.019202,0.0,0.0,0.0,0.0,0.062585,0.0,0.0,0.0,0.027601,0.009452
2023-09-14,0.085983,0.0,0.0,0.0,0.016341,0.0,0.10692,0.091909,0.0,0.0,0.067657,0.141231,0.0,0.159703,0.021769,0.138201,0.033257,0.018418,0.01913,0.0,0.0,0.0,0.0,0.062243,0.0,0.0,0.0,0.027876,0.00936
2023-09-15,0.086565,0.0,0.0,0.0,0.016438,0.0,0.107647,0.092669,0.0,0.0,0.068018,0.138802,0.0,0.160154,0.021918,0.137059,0.032658,0.018311,0.019066,0.0,0.0,0.0,0.0,0.063307,0.0,0.0,0.0,0.02792,0.009467
2023-09-18,0.086229,0.0,0.0,0.0,0.016357,0.0,0.107521,0.092663,0.0,0.0,0.068014,0.139219,0.0,0.159911,0.021876,0.137557,0.032731,0.018274,0.019111,0.0,0.0,0.0,0.0,0.06278,0.0,0.0,0.0,0.028298,0.009457
2023-09-19,0.085904,0.0,0.0,0.0,0.01631,0.0,0.107008,0.092504,0.0,0.0,0.067867,0.139727,0.0,0.159859,0.021802,0.137766,0.032522,0.018232,0.019046,0.0,0.0,0.0,0.0,0.063164,0.0,0.0,0.0,0.028809,0.009479
2023-09-20,0.086785,0.0,0.0,0.0,0.016463,0.0,0.108226,0.092586,0.0,0.0,0.067841,0.138905,0.0,0.160585,0.0219,0.136084,0.032102,0.018309,0.018902,0.0,0.0,0.0,0.0,0.063218,0.0,0.0,0.0,0.028581,0.009512
2023-09-21,0.086582,0.0,0.0,0.0,0.016363,0.0,0.106588,0.093466,0.0,0.0,0.068016,0.13748,0.0,0.161571,0.022088,0.136591,0.032116,0.018326,0.018783,0.0,0.0,0.0,0.0,0.063537,0.0,0.0,0.0,0.028795,0.009698
2023-09-22,0.08653,0.0,0.0,0.0,0.016583,0.0,0.106524,0.093563,0.0,0.0,0.067807,0.137739,0.0,0.160758,0.022055,0.136932,0.032396,0.018393,0.018874,0.0,0.0,0.0,0.0,0.063444,0.0,0.0,0.0,0.0287,0.009704
2023-09-25,0.086011,0.0,0.0,0.0,0.016479,0.0,0.106027,0.093953,0.0,0.0,0.068201,0.138163,0.0,0.160313,0.022041,0.137483,0.032659,0.018343,0.018928,0.0,0.0,0.0,0.0,0.063175,0.0,0.0,0.0,0.028512,0.009713
2023-09-26,0.086286,0.0,0.0,0.0,0.016486,0.0,0.105399,0.094485,0.0,0.0,0.068014,0.13788,0.0,0.161141,0.021653,0.136721,0.032473,0.018337,0.018779,0.0,0.0,0.0,0.0,0.063742,0.0,0.0,0.0,0.028767,0.009837
2023-09-27,0.086165,0.0,0.0,0.0,0.016514,0.0,0.104229,0.095162,0.0,0.0,0.068594,0.138364,0.0,0.159987,0.021259,0.137078,0.032794,0.01855,0.019025,0.0,0.0,0.0,0.0,0.063633,0.0,0.0,0.0,0.028798,0.009849
2023-09-28,0.086087,0.0,0.0,0.0,0.016374,0.0,0.104847,0.093749,0.0,0.0,0.068383,0.139648,0.0,0.159307,0.020648,0.137045,0.033158,0.018505,0.019118,0.0,0.0,0.0,0.0,0.063725,0.0,0.0,0.0,0.029628,0.009778
2023-09-29,0.154089,0.0,0.020867,0.0,0.0,0.0,0.026894,0.048788,0.0,0.0,0.087631,0.12743,0.019872,0.034494,0.0,0.134085,0.045254,0.043351,0.0,0.0,0.0,0.093293,0.085893,0.043505,0.0,0.0,0.0,0.022622,0.01193
2023-10-02,0.15391,0.0,0.020813,0.0,0.0,0.0,0.026529,0.049074,0.0,0.0,0.087305,0.126918,0.019966,0.034468,0.0,0.136352,0.04576,0.04375,0.0,0.0,0.0,0.092877,0.082508,0.044118,0.0,0.0,0.0,0.023645,0.012006
2023-10-03,0.153409,0.0,0.02075,0.0,0.0,0.0,0.026084,0.049499,0.0,0.0,0.087964,0.124846,0.020078,0.034721,0.0,0.135999,0.045469,0.043572,0.0,0.0,0.0,0.093963,0.083801,0.044328,0.0,0.0,0.0,0.023335,0.012182
2023-10-04,0.153084,0.0,0.020429,0.0,0.0,0.0,0.026026,0.049181,0.0,0.0,0.08784,0.126035,0.02007,0.034836,0.0,0.137059,0.04586,0.043477,0.0,0.0,0.0,0.093519,0.082857,0.04402,0.0,0.0,0.0,0.023579,0.012128
2023-10-05,0.153594,0.0,0.020858,0.0,0.0,0.0,0.025963,0.049572,0.0,0.0,0.087437,0.125542,0.020207,0.034194,0.0,0.137425,0.045698,0.043399,0.0,0.0,0.0,0.093471,0.082709,0.044327,0.0,0.0,0.0,0.02346,0.012145
2023-10-06,0.153404,0.0,0.020658,0.0,0.0,0.0,0.025869,0.049438,0.0,0.0,0.087561,0.124594,0.020172,0.033593,0.0,0.138302,0.046115,0.043996,0.0,0.0,0.0,0.092816,0.083746,0.044076,0.0,0.0,0.0,0.023656,0.012002
2023-10-09,0.152749,0.0,0.020575,0.0,0.0,0.0,0.026077,0.04856,0.0,0.0,0.088325,0.125103,0.020103,0.033394,0.0,0.138066,0.045685,0.044114,0.0,0.0,0.0,0.093876,0.084564,0.043754,0.0,0.0,0.0,0.023132,0.011922
2023-10-10,0.1546,0.0,0.020692,0.0,0.0,0.0,0.026598,0.048751,0.0,0.0,0.088209,0.125714,0.020051,0.033487,0.0,0.137265,0.045932,0.044084,0.0,0.0,0.0,0.093031,0.083609,0.043393,0.0,0.0,0.0,0.022751,0.011834
2023-10-11,0.153611,0.0,0.020561,0.0,0.0,0.0,0.026608,0.04866,0.0,0.0,0.088397,0.126654,0.019885,0.033129,0.0,0.138002,0.046098,0.044064,0.0,0.0,0.0,0.093348,0.084119,0.042945,0.0,0.0,0.0,0.022126,0.011791
2023-10-12,0.155202,0.0,0.020798,0.0,0.0,0.0,0.026315,0.048703,0.0,0.0,0.088384,0.121893,0.019892,0.033063,0.0,0.139375,0.046633,0.043976,0.0,0.0,0.0,0.093902,0.083952,0.043737,0.0,0.0,0.0,0.022276,0.011899
2023-10-13,0.153365,0.0,0.020509,0.0,0.0,0.0,0.026364,0.048786,0.0,0.0,0.087474,0.121911,0.019987,0.033305,0.0,0.137181,0.045298,0.043695,0.0,0.0,0.0,0.096781,0.087275,0.043875,0.0,0.0,0.0,0.02231,0.011884
2023-10-16,0.153437,0.0,0.020412,0.0,0.0,0.0,0.026623,0.048728,0.0,0.0,0.087704,0.122021,0.019979,0.033383,0.0,0.137405,0.045576,0.044056,0.0,0.0,0.0,0.095549,0.086169,0.043569,0.0,0.0,0.0,0.023596,0.011793
2023-10-17,0.153417,0.0,0.020428,0.0,0.0,0.0,0.026478,0.048679,0.0,0.0,0.08787,0.12208,0.019927,0.033486,0.0,0.1366,0.045188,0.044021,0.0,0.0,0.0,0.09561,0.087062,0.043776,0.0,0.0,0.0,0.0236,0.011779
2023-10-18,0.153299,0.0,0.020306,0.0,0.0,0.0,0.026277,0.048555,0.0,0.0,0.086595,0.11994,0.019948,0.033941,0.0,0.136532,0.044812,0.043999,0.0,0.0,0.0,0.097951,0.088048,0.04433,0.0,0.0,0.0,0.02357,0.011896
2023-10-19,0.15285,0.0,0.02024,0.0,0.0,0.0,0.026375,0.048875,0.0,0.0,0.086144,0.118223,0.019832,0.033829,0.0,0.136304,0.044301,0.043654,0.0,0.0,0.0,0.099557,0.089082,0.044612,0.0,0.0,0.0,0.024177,0.011947
2023-10-20,0.151347,0.0,0.020247,0.0,0.0,0.0,0.02642,0.04883,0.0,0.0,0.085856,0.11819,0.019893,0.033936,0.0,0.134943,0.043968,0.04303,0.0,0.0,0.0,0.100532,0.090942,0.044824,0.0,0.0,0.0,0.02501,0.012031
2023-10-23,0.151626,0.0,0.020215,0.0,0.0,0.0,0.026328,0.048471,0.0,0.0,0.085527,0.11914,0.019785,0.033899,0.0,0.135213,0.043755,0.042749,0.0,0.0,0.0,0.100277,0.08953,0.044882,0.0,0.0,0.0,0.026557,0.012047
2023-10-24,0.150927,0.0,0.02024,0.0,0.0,0.0,0.026562,0.048368,0.0,0.0,0.085732,0.11806,0.019744,0.034012,0.0,0.135449,0.044122,0.043134,0.0,0.0,0.0,0.099754,0.088946,0.044612,0.0,0.0,0.0,0.028352,0.011985
2023-10-25,0.151584,0.0,0.020327,0.0,0.0,0.0,0.026507,0.04821,0.0,0.0,0.085331,0.117116,0.01973,0.03441,0.0,0.134956,0.042688,0.04242,0.0,0.0,0.0,0.101002,0.089339,0.044775,0.0,0.0,0.0,0.029518,0.012088
2023-10-26,0.150418,0.0,0.02017,0.0,0.0,0.0,0.027173,0.047914,0.0,0.0,0.08548,0.119085,0.019651,0.034391,0.0,0.133168,0.042688,0.042401,0.0,0.0,0.0,0.101764,0.089486,0.045125,0.0,0.0,0.0,0.028925,0.012161
2023-10-27,0.149836,0.0,0.02031,0.0,0.0,0.0,0.026635,0.048102,0.0,0.0,0.084601,0.118351,0.019291,0.033872,0.0,0.133746,0.043084,0.042388,0.0,0.0,0.0,0.102798,0.09077,0.045472,0.0,0.0,0.0,0.028598,0.012146
2023-10-30,0.149462,0.0,0.020368,0.0,0.0,0.0,0.026151,0.048297,0.0,0.0,0.085266,0.118734,0.019311,0.034246,0.0,0.13457,0.042315,0.042264,0.0,0.0,0.0,0.101756,0.091041,0.044958,0.0,0.0,0.0,0.029168,0.012093
2023-10-31,0.066273,0.0,0.031007,0.040155,0.0,0.0,0.021012,0.123804,0.022787,0.040565,0.035094,0.029885,0.078289,0.011246,0.0,0.091433,0.015668,0.046558,0.0,0.0,0.0,0.0,0.0,0.154259,0.0,0.037838,0.115712,0.025601,0.012815
2023-11-01,0.066374,0.0,0.031312,0.03999,0.0,0.0,0.021485,0.123373,0.022771,0.04018,0.034956,0.030712,0.077891,0.011154,0.0,0.092533,0.015922,0.046256,0.0,0.0,0.0,0.0,0.0,0.152946,0.0,0.038,0.115885,0.025535,0.012726
2023-11-02,0.066874,0.0,0.03137,0.040015,0.0,0.0,0.021786,0.122816,0.022977,0.040804,0.035166,0.031308,0.077996,0.011137,0.0,0.092756,0.016051,0.046014,0.0,0.0,0.0,0.0,0.0,0.152545,0.0,0.037689,0.11475,0.0254,0.012546
2023-11-03,0.06741,0.0,0.031633,0.040427,0.0,0.0,0.021843,0.122638,0.023078,0.040043,0.035169,0.032038,0.077703,0.011053,0.0,0.092897,0.01633,0.046202,0.0,0.0,0.0,0.0,0.0,0.152308,0.0,0.037649,0.114335,0.024809,0.012435
2023-11-06,0.067303,0.0,0.031247,0.03997,0.0,0.0,0.021941,0.122836,0.023026,0.039619,0.0351,0.031717,0.078277,0.011079,0.0,0.093574,0.016311,0.045921,0.0,0.0,0.0,0.0,0.0,0.152825,0.0,0.037458,0.11412,0.025225,0.012449
2023-11-07,0.067351,0.0,0.030949,0.040032,0.0,0.0,0.022083,0.122844,0.022983,0.038725,0.035,0.032099,0.078302,0.011102,0.0,0.094561,0.016409,0.046521,0.0,0.0,0.0,0.0,0.0,0.150725,0.0,0.037657,0.114383,0.025828,0.012447
2023-11-08,0.067205,0.0,0.030439,0.039653,0.0,0.0,0.021906,0.12318,0.02301,0.038241,0.03508,0.032084,0.078193,0.011059,0.0,0.095098,0.016425,0.046481,0.0,0.0,0.0,0.0,0.0,0.151408,0.0,0.03781,0.114637,0.025643,0.012449
2023-11-09,0.067864,0.0,0.030721,0.039995,0.0,0.0,0.021899,0.122992,0.02303,0.038318,0.035181,0.031802,0.076963,0.011069,0.0,0.095132,0.016429,0.046533,0.0,0.0,0.0,0.0,0.0,0.151284,0.0,0.037625,0.114246,0.026402,0.012513
2023-11-10,0.066944,0.0,0.03078,0.039372,0.0,0.0,0.022134,0.123295,0.023113,0.038443,0.035415,0.032258,0.076829,0.011061,0.0,0.096868,0.01696,0.047044,0.0,0.0,0.0,0.0,0.0,0.149512,0.0,0.037377,0.113412,0.026768,0.012416
2023-11-13,0.067427,0.0,0.030696,0.039507,0.0,0.0,0.022036,0.122823,0.023026,0.038632,0.035366,0.032032,0.077099,0.011072,0.0,0.096084,0.016757,0.047089,0.0,0.0,0.0,0.0,0.0,0.151341,0.0,0.037272,0.11308,0.026268,0.012392
2023-11-14,0.067978,0.0,0.030892,0.040001,0.0,0.0,0.022452,0.123002,0.023152,0.038462,0.035599,0.033566,0.076596,0.011038,0.0,0.096712,0.017148,0.04793,0.0,0.0,0.0,0.0,0.0,0.148607,0.0,0.037333,0.112502,0.024803,0.012229
2023-11-15,0.068117,0.0,0.030612,0.040274,0.0,0.0,0.022563,0.122423,0.023242,0.038328,0.035617,0.033318,0.076532,0.011108,0.0,0.096678,0.017244,0.047754,0.0,0.0,0.0,0.0,0.0,0.148635,0.0,0.036983,0.111838,0.026522,0.012211
2023-11-16,0.067934,0.0,0.030816,0.039664,0.0,0.0,0.022683,0.122926,0.023411,0.037701,0.035738,0.033414,0.077108,0.011006,0.0,0.097473,0.017308,0.047239,0.0,0.0,0.0,0.0,0.0,0.147976,0.0,0.037381,0.112607,0.025361,0.012254
2023-11-17,0.068111,0.0,0.031199,0.039876,0.0,0.0,0.02249,0.122727,0.023457,0.03837,0.035852,0.033528,0.076708,0.010957,0.0,0.096963,0.017375,0.047616,0.0,0.0,0.0,0.0,0.0,0.14724,0.0,0.037287,0.112368,0.025657,0.012219
2023-11-20,0.068158,0.0,0.031032,0.039698,0.0,0.0,0.022814,0.122053,0.023422,0.038213,0.035763,0.033479,0.076751,0.010889,0.0,0.097828,0.017534,0.047858,0.0,0.0,0.0,0.0,0.0,0.146829,0.0,0.037134,0.112083,0.026308,0.012152
2023-11-21,0.068269,0.0,0.030967,0.039609,0.0,0.0,0.022614,0.122335,0.023457,0.038207,0.035811,0.033171,0.077376,0.010945,0.0,0.09724,0.017242,0.047998,0.0,0.0,0.0,0.0,0.0,0.147402,0.0,0.03726,0.112081,0.025834,0.01218
2023-11-22,0.068343,0.0,0.031091,0.039854,0.0,0.0,0.022542,0.122461,0.023497,0.038102,0.035807,0.033241,0.077568,0.010998,0.0,0.09745,0.017258,0.047849,0.0,0.0,0.0,0.0,0.0,0.146335,0.0,0.037162,0.111932,0.026358,0.012153
2023-11-23,0.068474,0.0,0.031089,0.039777,0.0,0.0,0.022541,0.122454,0.023495,0.0381,0.035805,0.033239,0.077563,0.010997,0.0,0.097444,0.017257,0.047846,0.0,0.0,0.0,0.0,0.0,0.146326,0.0,0.03716,0.111925,0.026356,0.012154
2023-11-24,0.068615,0.0,0.031195,0.039904,0.0,0.0,0.022581,0.122581,0.023604,0.038314,0.035946,0.033408,0.078095,0.011055,0.0,0.097398,0.017295,0.048282,0.0,0.0,0.0,0.0,0.0,0.144352,0.0,0.037023,0.111619,0.026562,0.012173
2023-11-27,0.068694,0.0,0.03126,0.039951,0.0,0.0,0.022633,0.122664,0.023592,0.038289,0.035846,0.033396,0.077831,0.011055,0.0,0.097675,0.01732,0.048442,0.0,0.0,0.0,0.0,0.0,0.143771,0.0,0.037411,0.112308,0.025649,0.012212
2023-11-28,0.06857,0.0,0.031094,0.039697,0.0,0.0,0.022763,0.123113,0.023463,0.0381,0.035577,0.033013,0.077032,0.011048,0.0,0.097355,0.01713,0.04832,0.0,0.0,0.0,0.0,0.0,0.145347,0.0,0.037382,0.112166,0.026682,0.012148
2023-11-29,0.068296,0.0,0.030983,0.039771,0.0,0.0,0.022484,0.12317,0.023568,0.037718,0.035619,0.033222,0.076855,0.01093,0.0,0.097175,0.017271,0.04908,0.0,0.0,0.0,0.0,0.0,0.145894,0.0,0.037481,0.112322,0.026045,0.012117
2023-11-30,0.041128,0.0,0.043021,0.022489,0.0,0.0,0.0,0.148492,0.032224,0.070534,0.02689,0.0,0.050138,0.032499,0.0,0.081737,0.015857,0.055834,0.0,0.0,0.0,0.060114,0.0,0.093383,0.0,0.051372,0.102333,0.060316,0.01164
2023-12-01,0.041166,0.0,0.043118,0.022714,0.0,0.0,0.0,0.148629,0.03223,0.070386,0.027116,0.0,0.04997,0.032395,0.0,0.081326,0.015815,0.056097,0.0,0.0,0.0,0.060708,0.0,0.091622,0.0,0.05148,0.102108,0.061561,0.011556
2023-12-04,0.04083,0.0,0.04237,0.022665,0.0,0.0,0.0,0.149712,0.032125,0.06991,0.027102,0.0,0.049956,0.032365,0.0,0.080161,0.015604,0.056387,0.0,0.0,0.0,0.059267,0.0,0.091256,0.0,0.051154,0.10146,0.066145,0.011531
2023-12-05,0.04079,0.0,0.04206,0.022582,0.0,0.0,0.0,0.150537,0.031848,0.068438,0.026785,0.0,0.04971,0.031993,0.0,0.080349,0.015459,0.055938,0.0,0.0,0.0,0.058828,0.0,0.091049,0.0,0.051328,0.10164,0.069176,0.011489
2023-12-06,0.040927,0.0,0.04262,0.022645,0.0,0.0,0.0,0.151179,0.031777,0.067605,0.026979,0.0,0.049886,0.032,0.0,0.079891,0.015406,0.056038,0.0,0.0,0.0,0.059209,0.0,0.089394,0.0,0.051683,0.102029,0.069209,0.011521
2023-12-07,0.040906,0.0,0.042854,0.022844,0.0,0.0,0.0,0.151239,0.03186,0.066999,0.026946,0.0,0.04972,0.032068,0.0,0.080688,0.015786,0.056174,0.0,0.0,0.0,0.05918,0.0,0.089741,0.0,0.051497,0.101725,0.068267,0.011504
2023-12-08,0.040898,0.0,0.042478,0.022985,0.0,0.0,0.0,0.150318,0.031934,0.067525,0.026951,0.0,0.049656,0.031752,0.0,0.081138,0.015864,0.05644,0.0,0.0,0.0,0.058219,0.0,0.090055,0.0,0.051014,0.101301,0.069999,0.011472
2023-12-11,0.041142,0.0,0.042848,0.02308,0.0,0.0,0.0,0.151561,0.032224,0.067808,0.027289,0.0,0.050132,0.032151,0.0,0.082089,0.016453,0.057339,0.0,0.0,0.0,0.057747,0.0,0.089867,0.0,0.051171,0.10139,0.0642,0.011509
2023-12-12,0.041212,0.0,0.042713,0.022937,0.0,0.0,0.0,0.150725,0.032398,0.066761,0.027366,0.0,0.050259,0.032199,0.0,0.082491,0.016543,0.057959,0.0,0.0,0.0,0.057616,0.0,0.09029,0.0,0.051191,0.101156,0.064692,0.01149
2023-12-13,0.040837,0.0,0.042798,0.022672,0.0,0.0,0.0,0.15058,0.032491,0.066807,0.027309,0.0,0.050517,0.032356,0.0,0.082132,0.016579,0.057815,0.0,0.0,0.0,0.058147,0.0,0.088582,0.0,0.051274,0.101193,0.066572,0.011339
2023-12-14,0.041312,0.0,0.042286,0.023215,0.0,0.0,0.0,0.150672,0.032569,0.068258,0.027455,0.0,0.049897,0.031644,0.0,0.081319,0.016911,0.057633,0.0,0.0,0.0,0.058052,0.0,0.08865,0.0,0.051315,0.10154,0.066013,0.011258
2023-12-15,0.041352,0.0,0.041999,0.023362,0.0,0.0,0.0,0.150796,0.032439,0.068021,0.02747,0.0,0.049565,0.031703,0.0,0.08188,0.017006,0.058468,0.0,0.0,0.0,0.057626,0.0,0.089058,0.0,0.051367,0.101559,0.065046,0.011282
2023-12-18,0.04135,0.0,0.041866,0.023203,0.0,0.0,0.0,0.151103,0.032506,0.06849,0.027433,0.0,0.049583,0.031992,0.0,0.08202,0.016937,0.058557,0.0,0.0,0.0,0.057815,0.0,0.089029,0.0,0.05119,0.101129,0.064528,0.011271
2023-12-19,0.041384,0.0,0.041779,0.023325,0.0,0.0,0.0,0.151143,0.032584,0.06896,0.027506,0.0,0.049663,0.031892,0.0,0.081915,0.016941,0.058713,0.0,0.0,0.0,0.057913,0.0,0.088788,0.0,0.051026,0.100681,0.064572,0.011214
2023-12-20,0.041831,0.0,0.041929,0.023639,0.0,0.0,0.0,0.148324,0.03228,0.068913,0.027296,0.0,0.049369,0.031544,0.0,0.081377,0.016582,0.058166,0.0,0.0,0.0,0.058098,0.0,0.088496,0.0,0.051721,0.101961,0.067166,0.01131
2023-12-21,0.041336,0.0,0.042374,0.023249,0.0,0.0,0.0,0.149699,0.032378,0.068722,0.027394,0.0,0.049639,0.031553,0.0,0.081743,0.016927,0.058374,0.0,0.0,0.0,0.058119,0.0,0.08778,0.0,0.051297,0.101114,0.067062,0.011241
2023-12-22,0.041366,0.0,0.042393,0.0234,0.0,0.0,0.0,0.149912,0.032359,0.068738,0.027451,0.0,0.049751,0.031708,0.0,0.081627,0.016935,0.05846,0.0,0.0,0.0,0.058218,0.0,0.087963,0.0,0.051109,0.100642,0.066755,0.011212
2023-12-26,0.041323,0.0,0.042335,0.023375,0.0,0.0,0.0,0.150281,0.032455,0.069255,0.027616,0.0,0.049809,0.031808,0.0,0.081881,0.017216,0.05869,0.0,0.0,0.0,0.0586,0.0,0.088249,0.0,0.051087,0.100592,0.064228,0.0112
2023-12-27,0.041445,0.0,0.042361,0.023301,0.0,0.0,0.0,0.1505,0.0324,0.068611,0.027521,0.0,0.049774,0.031798,0.0,0.081476,0.017176,0.058263,0.0,0.0,0.0,0.058578,0.0,0.0879,0.0,0.051233,0.100556,0.065956,0.01115
2023-12-28,0.041576,0.0,0.042702,0.023405,0.0,0.0,0.0,0.151369,0.032562,0.067706,0.027586,0.0,0.050006,0.031878,0.0,0.081743,0.017179,0.058309,0.0,0.0,0.0,0.058358,0.0,0.088293,0.0,0.051144,0.100439,0.064573,0.011174
2023-12-29,0.125245,0.022586,0.01209,0.0,0.019928,0.0,0.019204,0.062014,0.092209,0.02089,0.036884,0.0,0.01919,0.0,0.0,0.075223,0.010537,0.073862,0.0,0.0,0.0,0.051853,0.023934,0.084935,0.0,0.038263,0.121852,0.061159,0.028144
2024-01-02,0.1243,0.02236,0.012012,0.0,0.019782,0.0,0.018929,0.061997,0.092842,0.021169,0.036607,0.0,0.019578,0.0,0.0,0.073443,0.010184,0.072169,0.0,0.0,0.0,0.051866,0.023853,0.084951,0.0,0.038219,0.121998,0.065507,0.028235
2024-01-03,0.124444,0.02237,0.012053,0.0,0.019804,0.0,0.019133,0.062452,0.092884,0.021707,0.036386,0.0,0.019722,0.0,0.0,0.073349,0.010054,0.071792,0.0,0.0,0.0,0.051896,0.023411,0.085301,0.0,0.038655,0.123291,0.062806,0.028489
2024-01-04,0.124651,0.022452,0.012,0.0,0.019775,0.0,0.018894,0.062864,0.093067,0.021284,0.036358,0.0,0.01978,0.0,0.0,0.072664,0.00995,0.071273,0.0,0.0,0.0,0.051843,0.023386,0.085666,0.0,0.038344,0.122469,0.064848,0.028433
2024-01-05,0.124543,0.022422,0.012097,0.0,0.019814,0.0,0.019122,0.063004,0.093518,0.021314,0.036422,0.0,0.019774,0.0,0.0,0.072687,0.010011,0.071204,0.0,0.0,0.0,0.051882,0.023544,0.085137,0.0,0.038226,0.122266,0.064554,0.02846
2024-01-08,0.123745,0.022472,0.012163,0.0,0.019563,0.0,0.018987,0.062433,0.09326,0.020876,0.036329,0.0,0.019768,0.0,0.0,0.073836,0.010243,0.072028,0.0,0.0,0.0,0.05101,0.023243,0.084078,0.0,0.038007,0.121487,0.068272,0.0282
2024-01-09,0.124173,0.022262,0.012097,0.0,0.019351,0.0,0.01873,0.062169,0.092733,0.020556,0.03624,0.0,0.019779,0.0,0.0,0.074003,0.010254,0.073272,0.0,0.0,0.0,0.05106,0.023115,0.084709,0.0,0.038017,0.12133,0.067929,0.028221
2024-01-10,0.124392,0.022327,0.012298,0.0,0.019253,0.0,0.018677,0.062467,0.092756,0.020326,0.036375,0.0,0.019842,0.0,0.0,0.074533,0.010205,0.074299,0.0,0.0,0.0,0.050875,0.023018,0.084432,0.0,0.037906,0.121065,0.066763,0.028188
2024-01-11,0.123604,0.022194,0.012388,0.0,0.019217,0.0,0.018741,0.062419,0.092266,0.020346,0.036234,0.0,0.019797,0.0,0.0,0.074793,0.010227,0.075003,0.0,0.0,0.0,0.050895,0.02285,0.084747,0.0,0.038048,0.121519,0.066568,0.028145
2024-01-12,0.124674,0.022241,0.012498,0.0,0.019473,0.0,0.018827,0.063353,0.092032,0.020561,0.036206,0.0,0.019734,0.0,0.0,0.074984,0.010175,0.075445,0.0,0.0,0.0,0.051358,0.02324,0.08424,0.0,0.038125,0.121956,0.062739,0.028139
2024-01-15,0.124572,0.022248,0.012501,0.0,0.01933,0.0,0.018832,0.063371,0.092058,0.020567,0.036216,0.0,0.01974,0.0,0.0,0.075005,0.010178,0.075466,0.0,0.0,0.0,0.051373,0.023247,0.084264,0.0,0.038136,0.121991,0.062757,0.028147
2024-01-16,0.124879,0.021944,0.012477,0.0,0.019171,0.0,0.018439,0.063003,0.091921,0.020187,0.036047,0.0,0.019729,0.0,0.0,0.075603,0.010378,0.075576,0.0,0.0,0.0,0.051163,0.02312,0.085341,0.0,0.038034,0.122031,0.06265,0.028307
2024-01-17,0.124502,0.021934,0.012414,0.0,0.018848,0.0,0.018465,0.06274,0.092433,0.020168,0.03607,0.0,0.019836,0.0,0.0,0.075792,0.01036,0.07546,0.0,0.0,0.0,0.050977,0.022948,0.085356,0.0,0.038193,0.122563,0.062423,0.028516
2024-01-18,0.124759,0.022054,0.012487,0.0,0.019016,0.0,0.01822,0.062847,0.092267,0.020067,0.036434,0.0,0.019766,0.0,0.0,0.077067,0.010666,0.076116,0.0,0.0,0.0,0.051222,0.023047,0.086057,0.0,0.037979,0.122181,0.059323,0.028425
2024-01-19,0.124459,0.021886,0.01242,0.0,0.018882,0.0,0.018103,0.062997,0.093007,0.019973,0.036381,0.0,0.019621,0.0,0.0,0.078218,0.010995,0.076198,0.0,0.0,0.0,0.050968,0.022711,0.08603,0.0,0.037682,0.121304,0.059958,0.028206
2024-01-22,0.125648,0.021885,0.012545,0.0,0.018842,0.0,0.01773,0.063111,0.093279,0.020011,0.036596,0.0,0.019671,0.0,0.0,0.078419,0.011011,0.077361,0.0,0.0,0.0,0.050683,0.022176,0.086242,0.0,0.037729,0.12114,0.057763,0.028158
2024-01-23,0.125371,0.021865,0.012452,0.0,0.01897,0.0,0.018087,0.061822,0.093567,0.020084,0.036623,0.0,0.019686,0.0,0.0,0.078855,0.011101,0.077382,0.0,0.0,0.0,0.050958,0.02255,0.087355,0.0,0.037691,0.120927,0.056449,0.028204
2024-01-24,0.126307,0.021991,0.012416,0.0,0.019258,0.0,0.018007,0.062225,0.093548,0.020287,0.036246,0.0,0.019426,0.0,0.0,0.07907,0.011216,0.076927,0.0,0.0,0.0,0.05033,0.022654,0.087647,0.0,0.037429,0.120147,0.05678,0.02809
2024-01-25,0.125786,0.022044,0.012342,0.0,0.01914,0.0,0.018109,0.061976,0.093808,0.020698,0.036514,0.0,0.019354,0.0,0.0,0.079229,0.01116,0.076691,0.0,0.0,0.0,0.05042,0.022856,0.08705,0.0,0.037509,0.120291,0.056983,0.028037
2024-01-26,0.125877,0.022165,0.0122,0.0,0.019143,0.0,0.018144,0.06186,0.093818,0.020778,0.036329,0.0,0.019396,0.0,0.0,0.078042,0.010822,0.076599,0.0,0.0,0.0,0.050208,0.022689,0.086947,0.0,0.037311,0.119757,0.059974,0.027944
2024-01-29,0.124895,0.022105,0.012272,0.0,0.018937,0.0,0.017906,0.062478,0.0935,0.020625,0.036347,0.0,0.019416,0.0,0.0,0.078287,0.010869,0.077289,0.0,0.0,0.0,0.050261,0.022932,0.086025,0.0,0.037311,0.119566,0.061202,0.027777
2024-01-30,0.125383,0.022067,0.012201,0.0,0.018756,0.0,0.017721,0.061769,0.094477,0.020793,0.036282,0.0,0.019419,0.0,0.0,0.077474,0.010678,0.07692,0.0,0.0,0.0,0.050221,0.022861,0.087126,0.0,0.037281,0.119252,0.061597,0.027721
2024-01-31,0.084957,0.025319,0.0,0.040569,0.033552,0.0,0.064947,0.036777,0.116099,0.0,0.03686,0.036942,0.076241,0.0,0.0,0.036843,0.031786,0.130216,0.0,0.0,0.03327,0.07903,0.0,0.0,0.0,0.0,0.039819,0.071991,0.02478
2024-02-01,0.084,0.025367,0.0,0.039725,0.033325,0.0,0.065156,0.036734,0.115358,0.0,0.03719,0.037482,0.076618,0.0,0.0,0.037012,0.03169,0.131132,0.0,0.0,0.033605,0.07922,0.0,0.0,0.0,0.0,0.039573,0.072221,0.024592
2024-02-02,0.084879,0.025139,0.0,0.040141,0.033251,0.0,0.063986,0.036868,0.115911,0.0,0.037464,0.037451,0.076556,0.0,0.0,0.037419,0.032116,0.131127,0.0,0.0,0.03321,0.078523,0.0,0.0,0.0,0.0,0.039218,0.072127,0.024612
2024-02-05,0.085008,0.025129,0.0,0.040069,0.033455,0.0,0.064351,0.036869,0.11585,0.0,0.037462,0.037141,0.077208,0.0,0.0,0.037707,0.032731,0.130413,0.0,0.0,0.032689,0.078513,0.0,0.0,0.0,0.0,0.039209,0.071448,0.024747
2024-02-06,0.084691,0.025128,0.0,0.04004,0.034059,0.0,0.065554,0.037062,0.115158,0.0,0.037494,0.036862,0.077423,0.0,0.0,0.037233,0.03209,0.130293,0.0,0.0,0.032863,0.07829,0.0,0.0,0.0,0.0,0.039026,0.072183,0.024551
2024-02-07,0.084598,0.024873,0.0,0.039728,0.033787,0.0,0.064774,0.036888,0.115222,0.0,0.037484,0.037103,0.077099,0.0,0.0,0.037467,0.032357,0.131674,0.0,0.0,0.03259,0.077732,0.0,0.0,0.0,0.0,0.038686,0.073548,0.024388
2024-02-08,0.084417,0.024809,0.0,0.039764,0.033597,0.0,0.063292,0.036511,0.114485,0.0,0.037394,0.037363,0.076768,0.0,0.0,0.037488,0.032829,0.132597,0.0,0.0,0.032771,0.077462,0.0,0.0,0.0,0.0,0.038557,0.075565,0.02433
2024-02-09,0.083968,0.024681,0.0,0.039572,0.03327,0.0,0.063169,0.036354,0.11382,0.0,0.037129,0.03707,0.076049,0.0,0.0,0.037665,0.033194,0.134478,0.0,0.0,0.032539,0.076498,0.0,0.0,0.0,0.0,0.038172,0.078248,0.024123
2024-02-12,0.084091,0.024542,0.0,0.040101,0.03362,0.0,0.063319,0.035809,0.113614,0.0,0.036946,0.037654,0.075663,0.0,0.0,0.03714,0.032923,0.132354,0.0,0.0,0.032339,0.07581,0.0,0.0,0.0,0.0,0.037942,0.082163,0.023971
2024-02-13,0.084128,0.024455,0.0,0.040055,0.033431,0.0,0.062501,0.036163,0.11389,0.0,0.037158,0.03688,0.07617,0.0,0.0,0.0371,0.032767,0.132357,0.0,0.0,0.032184,0.075972,0.0,0.0,0.0,0.0,0.038308,0.082122,0.024362
2024-02-14,0.083276,0.024481,0.0,0.039593,0.033395,0.0,0.062238,0.036301,0.113509,0.0,0.037297,0.037132,0.07585,0.0,0.0,0.037009,0.033079,0.132841,0.0,0.0,0.032022,0.074957,0.0,0.0,0.0,0.0,0.03798,0.084984,0.024055
2024-02-15,0.083349,0.024596,0.0,0.039864,0.033279,0.0,0.062323,0.036265,0.11473,0.0,0.03734,0.037127,0.075924,0.0,0.0,0.036699,0.03284,0.131964,0.0,0.0,0.032563,0.074988,0.0,0.0,0.0,0.0,0.037788,0.084451,0.023909
2024-02-16,0.083999,0.024671,0.0,0.040098,0.033608,0.0,0.063007,0.036405,0.114499,0.0,0.037173,0.036506,0.076285,0.0,0.0,0.036417,0.032704,0.130472,0.0,0.0,0.032275,0.075376,0.0,0.0,0.0,0.0,0.037806,0.084751,0.023949
2024-02-19,0.083819,0.024684,0.0,0.03992,0.033541,0.0,0.063039,0.036423,0.114557,0.0,0.037191,0.036525,0.076323,0.0,0.0,0.036435,0.03272,0.130537,0.0,0.0,0.032291,0.075414,0.0,0.0,0.0,0.0,0.037825,0.084793,0.023963
2024-02-20,0.083507,0.024855,0.0,0.039644,0.033657,0.0,0.064258,0.036746,0.114444,0.0,0.037142,0.036615,0.076203,0.0,0.0,0.03613,0.032227,0.129236,0.0,0.0,0.032292,0.076008,0.0,0.0,0.0,0.0,0.037911,0.085118,0.024009
2024-02-21,0.08407,0.025088,0.0,0.039829,0.034016,0.0,0.064782,0.036772,0.115727,0.0,0.037594,0.03713,0.076993,0.0,0.0,0.036195,0.032415,0.123773,0.0,0.0,0.032737,0.076631,0.0,0.0,0.0,0.0,0.038176,0.083863,0.02421
2024-02-22,0.084368,0.025008,0.0,0.039647,0.033838,0.0,0.063553,0.03668,0.115535,0.0,0.037559,0.03724,0.076877,0.0,0.0,0.036889,0.033567,0.125208,0.0,0.0,0.032368,0.075659,0.0,0.0,0.0,0.0,0.037626,0.084481,0.023897
2024-02-23,0.08467,0.025018,0.0,0.039675,0.03381,0.0,0.062799,0.036699,0.116014,0.0,0.037726,0.037543,0.077179,0.0,0.0,0.036773,0.033177,0.126137,0.0,0.0,0.032326,0.076023,0.0,0.0,0.0,0.0,0.037691,0.082866,0.023875
2024-02-26,0.084078,0.024848,0.0,0.039392,0.033487,0.0,0.062758,0.036319,0.114775,0.0,0.037453,0.037327,0.076341,0.0,0.0,0.036597,0.033312,0.126886,0.0,0.0,0.031788,0.075418,0.0,0.0,0.0,0.0,0.03746,0.088019,0.023742
2024-02-27,0.08345,0.024724,0.0,0.03943,0.033375,0.0,0.063822,0.036127,0.114327,0.0,0.03726,0.037251,0.075649,0.0,0.0,0.036386,0.033058,0.126666,0.0,0.0,0.031615,0.074839,0.0,0.0,0.0,0.0,0.037166,0.091265,0.023589
2024-02-28,0.083135,0.024543,0.0,0.039302,0.032824,0.0,0.06231,0.035646,0.114489,0.0,0.037301,0.037106,0.075099,0.0,0.0,0.036131,0.032611,0.125909,0.0,0.0,0.031861,0.074801,0.0,0.0,0.0,0.0,0.037199,0.096194,0.023538
2024-02-29,0.06537,0.012596,0.052253,0.017819,0.0,0.0,0.015934,0.066723,0.124327,0.0,0.022768,0.0,0.097507,0.038555,0.0,0.050835,0.024968,0.045137,0.0,0.0,0.0,0.082078,0.0,0.058561,0.0,0.060204,0.087838,0.059464,0.017063
2024-03-01,0.065356,0.012587,0.052686,0.017786,0.0,0.0,0.015881,0.067102,0.123049,0.0,0.022659,0.0,0.097639,0.038212,0.0,0.051295,0.025795,0.04483,0.0,0.0,0.0,0.082874,0.0,0.058083,0.0,0.059932,0.08737,0.059952,0.016911
2024-03-04,0.065112,0.012489,0.052043,0.017666,0.0,0.0,0.015679,0.066658,0.122563,0.0,0.022595,0.0,0.096866,0.037997,0.0,0.050966,0.025881,0.044534,0.0,0.0,0.0,0.083674,0.0,0.05836,0.0,0.059415,0.086736,0.063962,0.016803
2024-03-05,0.065288,0.012552,0.052807,0.017741,0.0,0.0,0.015756,0.067024,0.12372,0.0,0.022616,0.0,0.097027,0.038439,0.0,0.05017,0.025607,0.04387,0.0,0.0,0.0,0.084951,0.0,0.058214,0.0,0.06033,0.087934,0.058995,0.01696
2024-03-06,0.064978,0.012541,0.052996,0.017605,0.0,0.0,0.015718,0.066756,0.122937,0.0,0.022473,0.0,0.09657,0.038319,0.0,0.049988,0.025935,0.043867,0.0,0.0,0.0,0.084667,0.0,0.057962,0.0,0.059783,0.086958,0.063175,0.01677
2024-03-07,0.065154,0.01267,0.052696,0.017569,0.0,0.0,0.015612,0.066636,0.122113,0.0,0.022535,0.0,0.096512,0.038336,0.0,0.050511,0.026684,0.044226,0.0,0.0,0.0,0.084703,0.0,0.057917,0.0,0.059571,0.086455,0.063415,0.016684
2024-03-08,0.065276,0.012624,0.052623,0.017627,0.0,0.0,0.015261,0.066679,0.122427,0.0,0.022505,0.0,0.096416,0.038064,0.0,0.049802,0.025626,0.04382,0.0,0.0,0.0,0.085491,0.0,0.057914,0.0,0.059665,0.0866,0.064877,0.016702
2024-03-11,0.064676,0.012614,0.051404,0.017468,0.0,0.0,0.015147,0.06613,0.122518,0.0,0.022367,0.0,0.096268,0.038234,0.0,0.049617,0.025261,0.043892,0.0,0.0,0.0,0.085564,0.0,0.058657,0.0,0.059531,0.086363,0.067605,0.016685
2024-03-12,0.065015,0.012704,0.051555,0.017429,0.0,0.0,0.015312,0.065697,0.122721,0.0,0.02241,0.0,0.096473,0.038335,0.0,0.050507,0.025721,0.044102,0.0,0.0,0.0,0.084415,0.0,0.059179,0.0,0.059138,0.085978,0.066663,0.016646
2024-03-13,0.065201,0.01273,0.05112,0.017488,0.0,0.0,0.015377,0.064114,0.123658,0.0,0.022477,0.0,0.096127,0.038442,0.0,0.049976,0.025101,0.044076,0.0,0.0,0.0,0.085031,0.0,0.059093,0.0,0.059024,0.085882,0.068431,0.016652
2024-03-14,0.065434,0.012739,0.051306,0.017492,0.0,0.0,0.01537,0.064994,0.123664,0.0,0.022563,0.0,0.096564,0.038455,0.0,0.050392,0.024873,0.043835,0.0,0.0,0.0,0.085365,0.0,0.059911,0.0,0.059063,0.086055,0.065133,0.016793
2024-03-15,0.065127,0.012752,0.051783,0.017523,0.0,0.0,0.015252,0.064874,0.123778,0.0,0.02261,0.0,0.096364,0.038513,0.0,0.049726,0.024741,0.04324,0.0,0.0,0.0,0.085254,0.0,0.061325,0.0,0.059075,0.086162,0.065073,0.016828
2024-03-18,0.065584,0.012668,0.052548,0.017577,0.0,0.0,0.015193,0.065056,0.124395,0.0,0.022633,0.0,0.09628,0.038731,0.0,0.049933,0.024704,0.043108,0.0,0.0,0.0,0.085327,0.0,0.061616,0.0,0.058962,0.086016,0.062848,0.016819
2024-03-19,0.065714,0.012709,0.052831,0.017675,0.0,0.0,0.015259,0.064439,0.1252,0.0,0.022864,0.0,0.097071,0.038936,0.0,0.050271,0.024535,0.043037,0.0,0.0,0.0,0.085363,0.0,0.061271,0.0,0.059225,0.086273,0.06048,0.016848
2024-03-20,0.065305,0.012757,0.052806,0.017536,0.0,0.0,0.015484,0.06427,0.125659,0.0,0.022951,0.0,0.096061,0.038735,0.0,0.050418,0.024749,0.043313,0.0,0.0,0.0,0.085675,0.0,0.06139,0.0,0.058879,0.085907,0.061393,0.016711
2024-03-21,0.066041,0.01268,0.052888,0.017818,0.0,0.0,0.015303,0.064186,0.126248,0.0,0.023097,0.0,0.095852,0.038621,0.0,0.050279,0.025218,0.043318,0.0,0.0,0.0,0.085289,0.0,0.061511,0.0,0.058681,0.085761,0.06055,0.016657
2024-03-22,0.065951,0.012699,0.053083,0.017817,0.0,0.0,0.015163,0.064381,0.125278,0.0,0.023106,0.0,0.096086,0.03858,0.0,0.050488,0.025345,0.043154,0.0,0.0,0.0,0.084928,0.0,0.062159,0.0,0.059193,0.086386,0.059476,0.016725
2024-03-25,0.065508,0.012635,0.052154,0.017723,0.0,0.0,0.015129,0.064058,0.124045,0.0,0.022819,0.0,0.095378,0.038242,0.0,0.049853,0.025095,0.042697,0.0,0.0,0.0,0.084688,0.0,0.063223,0.0,0.058682,0.085596,0.06585,0.016624
2024-03-26,0.065633,0.01266,0.052407,0.017763,0.0,0.0,0.015141,0.064367,0.124525,0.0,0.022747,0.0,0.095771,0.03828,0.0,0.049671,0.024917,0.042763,0.0,0.0,0.0,0.085001,0.0,0.062945,0.0,0.058797,0.08566,0.064319,0.016632
2024-03-27,0.065202,0.012668,0.052348,0.017805,0.0,0.0,0.015175,0.064432,0.125312,0.0,0.022986,0.0,0.096517,0.03847,0.0,0.049652,0.025093,0.042439,0.0,0.0,0.0,0.08515,0.0,0.062985,0.0,0.0587,0.085456,0.063061,0.016549
2024-03-28,0.086072,0.017691,0.029888,0.0,0.022877,0.0,0.054905,0.082264,0.10984,0.0,0.051841,0.0,0.12004,0.070332,0.0,0.026245,0.023602,0.027152,0.0,0.0,0.0,0.0,0.0,0.0,0.0,0.086694,0.104576,0.068105,0.017875
2024-04-01,0.086645,0.017777,0.029636,0.0,0.023029,0.0,0.054265,0.082651,0.109968,0.0,0.051784,0.0,0.119809,0.070235,0.0,0.026493,0.024009,0.027207,0.0,0.0,0.0,0.0,0.0,0.0,0.0,0.086482,0.104591,0.067425,0.017994
2024-04-02,0.086417,0.017776,0.029738,0.0,0.023346,0.0,0.055041,0.083492,0.110331,0.0,0.051987,0.0,0.118958,0.070474,0.0,0.026464,0.023842,0.02726,0.0,0.0,0.0,0.0,0.0,0.0,0.0,0.087039,0.10552,0.064166,0.018148
2024-04-03,0.086902,0.017888,0.02992,0.0,0.023329,0.0,0.055138,0.083608,0.110197,0.0,0.052216,0.0,0.118739,0.069646,0.0,0.026515,0.023892,0.027279,0.0,0.0,0.0,0.0,0.0,0.0,0.0,0.087077,0.105442,0.064074,0.018139
2024-04-04,0.087447,0.017785,0.029668,0.0,0.02362,0.0,0.055248,0.083597,0.109171,0.0,0.05186,0.0,0.117257,0.069486,0.0,0.026148,0.023262,0.026937,0.0,0.0,0.0,0.0,0.0,0.0,0.0,0.08755,0.106049,0.066735,0.018181
2024-04-05,0.086464,0.017816,0.029729,0.0,0.0233,0.0,0.054721,0.084257,0.110115,0.0,0.052537,0.0,0.11821,0.069541,0.0,0.026426,0.023519,0.027253,0.0,0.0,0.0,0.0,0.0,0.0,0.0,0.0869,0.105517,0.065526,0.018169
2024-04-08,0.086282,0.017787,0.029678,0.0,0.02335,0.0,0.055568,0.084273,0.109852,0.0,0.052094,0.0,0.117042,0.068974,0.0,0.026219,0.023421,0.027056,0.0,0.0,0.0,0.0,0.0,0.0,0.0,0.086124,0.104772,0.069455,0.018052
2024-04-09,0.085858,0.017769,0.029821,0.0,0.023444,0.0,0.056434,0.084431,0.109342,0.0,0.052032,0.0,0.117591,0.069386,0.0,0.02638,0.0237,0.02728,0.0,0.0,0.0,0.0,0.0,0.0,0.0,0.086563,0.105164,0.066728,0.018076
2024-04-10,0.086146,0.017724,0.02963,0.0,0.023362,0.0,0.055391,0.084895,0.108716,0.0,0.052069,0.0,0.117298,0.069781,0.0,0.0263,0.023484,0.027206,0.0,0.0,0.0,0.0,0.0,0.0,0.0,0.086211,0.105124,0.068421,0.018241
2024-04-11,0.086006,0.017731,0.029886,0.0,0.02342,0.0,0.054932,0.085091,0.107925,0.0,0.052118,0.0,0.116797,0.069599,0.0,0.026821,0.024011,0.027472,0.0,0.0,0.0,0.0,0.0,0.0,0.0,0.086074,0.105016,0.068855,0.018247
2024-04-12,0.08697,0.017643,0.029856,0.0,0.023356,0.0,0.054655,0.085032,0.107817,0.0,0.052203,0.0,0.116491,0.069754,0.0,0.026716,0.023512,0.027257,0.0,0.0,0.0,0.0,0.0,0.0,0.0,0.087507,0.106696,0.066058,0.018478
2024-04-15,0.087541,0.017781,0.03001,0.0,0.02355,0.0,0.054357,0.08515,0.108286,0.0,0.052316,0.0,0.117349,0.070121,0.0,0.026455,0.023432,0.026846,0.0,0.0,0.0,0.0,0.0,0.0,0.0,0.087765,0.107354,0.063035,0.018652
2024-04-16,0.086586,0.017743,0.029765,0.0,0.023197,0.0,0.053381,0.085467,0.108185,0.0,0.052503,0.0,0.118081,0.070563,0.0,0.026642,0.023749,0.026989,0.0,0.0,0.0,0.0,0.0,0.0,0.0,0.087934,0.107546,0.062902,0.018767
2024-04-17,0.086498,0.017857,0.029537,0.0,0.023248,0.0,0.053702,0.085423,0.108785,0.0,0.052388,0.0,0.118231,0.071036,0.0,0.026337,0.023098,0.026782,0.0,0.0,0.0,0.0,0.0,0.0,0.0,0.088758,0.108289,0.061207,0.018825
2024-04-18,0.086682,0.017772,0.029378,0.0,0.023372,0.0,0.053465,0.085383,0.108905,0.0,0.052081,0.0,0.117937,0.071193,0.0,0.025973,0.022633,0.026672,0.0,0.0,0.0,0.0,0.0,0.0,0.0,0.088236,0.107885,0.063649,0.018783
2024-04-19,0.085646,0.017772,0.02913,0.0,0.02316,0.0,0.054449,0.085605,0.110134,0.0,0.051856,0.0,0.118086,0.071709,0.0,0.025375,0.021677,0.026505,0.0,0.0,0.0,0.0,0.0,0.0,0.0,0.088132,0.10778,0.064245,0.018739
2024-04-22,0.084982,0.017829,0.029197,0.0,0.023073,0.0,0.054495,0.085858,0.110594,0.0,0.051837,0.0,0.117604,0.071824,0.0,0.0254,0.021861,0.026611,0.0,0.0,0.0,0.0,0.0,0.0,0.0,0.087448,0.106942,0.06585,0.018596
2024-04-23,0.085778,0.017951,0.029054,0.0,0.023189,0.0,0.054369,0.085444,0.110506,0.0,0.052185,0.0,0.118291,0.071512,0.0,0.025593,0.022158,0.026947,0.0,0.0,0.0,0.0,0.0,0.0,0.0,0.08694,0.106282,0.065336,0.018466
2024-04-24,0.085992,0.017921,0.029267,0.0,0.023386,0.0,0.054235,0.085702,0.110812,0.0,0.051926,0.0,0.118279,0.072271,0.0,0.025788,0.022513,0.027158,0.0,0.0,0.0,0.0,0.0,0.0,0.0,0.086936,0.106381,0.062913,0.018522
2024-04-25,0.085296,0.017928,0.028875,0.0,0.023412,0.0,0.054039,0.086353,0.110407,0.0,0.052197,0.0,0.117747,0.072258,0.0,0.025788,0.022982,0.027018,0.0,0.0,0.0,0.0,0.0,0.0,0.0,0.086794,0.106453,0.063889,0.018564
2024-04-26,0.086256,0.018,0.029021,0.0,0.023616,0.0,0.055125,0.0861,0.109859,0.0,0.052099,0.0,0.117368,0.071852,0.0,0.025988,0.023385,0.027261,0.0,0.0,0.0,0.0,0.0,0.0,0.0,0.086727,0.106351,0.062491,0.0185
2024-04-29,0.086312,0.018009,0.029206,0.0,0.023794,0.0,0.055343,0.086213,0.109403,0.0,0.052307,0.0,0.117446,0.071887,0.0,0.02603,0.0235,0.027253,0.0,0.0,0.0,0.0,0.0,0.0,0.0,0.086844,0.106326,0.061671,0.018458
2024-04-30,0.077574,0.057835,0.066826,0.017289,0.0,0.0,0.0,0.0,0.132411,0.010803,0.072747,0.08298,0.109925,0.011139,0.0,0.021354,0.061611,0.0,0.029582,0.0,0.028114,0.032957,0.0,0.032135,0.015752,0.0,0.0,0.118389,0.020576
2024-05-01,0.077351,0.058256,0.067234,0.017436,0.0,0.0,0.0,0.0,0.133537,0.010722,0.073185,0.083863,0.111058,0.011162,0.0,0.021315,0.060036,0.0,0.029774,0.0,0.028364,0.033539,0.0,0.031356,0.016003,0.0,0.0,0.11506,0.020751
2024-05-02,0.07682,0.058147,0.067796,0.017251,0.0,0.0,0.0,0.0,0.132306,0.010657,0.072748,0.084079,0.109683,0.011124,0.0,0.02137,0.06067,0.0,0.029999,0.0,0.028427,0.033045,0.0,0.030483,0.015884,0.0,0.0,0.118994,0.020515
2024-05-03,0.076947,0.057859,0.067626,0.017186,0.0,0.0,0.0,0.0,0.130757,0.01051,0.072238,0.084325,0.108429,0.011003,0.0,0.02166,0.061174,0.0,0.030088,0.0,0.028219,0.03256,0.0,0.030726,0.015822,0.0,0.0,0.122641,0.020231
2024-05-06,0.076229,0.057782,0.067391,0.01716,0.0,0.0,0.0,0.0,0.131198,0.010495,0.072286,0.084705,0.107852,0.010906,0.0,0.02171,0.061861,0.0,0.03025,0.0,0.02798,0.032595,0.0,0.030198,0.015735,0.0,0.0,0.123616,0.02005
2024-05-07,0.077146,0.058043,0.066522,0.017224,0.0,0.0,0.0,0.0,0.13138,0.010463,0.072338,0.083812,0.108525,0.011003,0.0,0.021596,0.061191,0.0,0.030209,0.0,0.028188,0.03238,0.0,0.03105,0.015799,0.0,0.0,0.123126,0.020006
2024-05-08,0.077267,0.058509,0.065966,0.017226,0.0,0.0,0.0,0.0,0.13243,0.010496,0.072652,0.083161,0.108621,0.011018,0.0,0.021751,0.061515,0.0,0.030146,0.0,0.028072,0.032424,0.0,0.031095,0.015771,0.0,0.0,0.121776,0.020102
2024-05-09,0.077085,0.058604,0.065784,0.017173,0.0,0.0,0.0,0.0,0.13247,0.010561,0.072853,0.083908,0.108772,0.011034,0.0,0.021589,0.060848,0.0,0.030065,0.0,0.028444,0.032701,0.0,0.030836,0.015735,0.0,0.0,0.121579,0.01996
2024-05-10,0.077436,0.058945,0.065494,0.017226,0.0,0.0,0.0,0.0,0.133151,0.010517,0.072999,0.084171,0.109132,0.011111,0.0,0.021697,0.061524,0.0,0.030037,0.0,0.028401,0.033009,0.0,0.031217,0.015667,0.0,0.0,0.11828,0.019987
2024-05-13,0.077361,0.058892,0.065137,0.017229,0.0,0.0,0.0,0.0,0.132414,0.010473,0.072584,0.08318,0.108865,0.011063,0.0,0.021768,0.061562,0.0,0.030041,0.0,0.028452,0.032591,0.0,0.029655,0.015684,0.0,0.0,0.12309,0.019961
2024-05-14,0.077349,0.059288,0.065537,0.017243,0.0,0.0,0.0,0.0,0.132858,0.010469,0.072445,0.083543,0.109145,0.011023,0.0,0.021924,0.06248,0.0,0.030153,0.0,0.028623,0.032812,0.0,0.029895,0.015746,0.0,0.0,0.119534,0.019934
2024-05-15,0.076667,0.058677,0.064875,0.016949,0.0,0.0,0.0,0.0,0.13103,0.010272,0.071388,0.084836,0.108439,0.010798,0.0,0.021946,0.062885,0.0,0.029951,0.0,0.028409,0.032535,0.0,0.029465,0.015625,0.0,0.0,0.125736,0.019517
2024-05-16,0.077506,0.05872,0.064641,0.016995,0.0,0.0,0.0,0.0,0.131896,0.010311,0.071432,0.082778,0.109029,0.011024,0.0,0.022015,0.062991,0.0,0.02997,0.0,0.028577,0.032622,0.0,0.029212,0.015713,0.0,0.0,0.124917,0.019648
2024-05-17,0.076825,0.05859,0.064757,0.016884,0.0,0.0,0.0,0.0,0.132212,0.010404,0.07116,0.08237,0.108701,0.010944,0.0,0.021858,0.062326,0.0,0.029672,0.0,0.028433,0.032997,0.0,0.029056,0.015531,0.0,0.0,0.127728,0.019553
2024-05-20,0.076731,0.058185,0.064795,0.016862,0.0,0.0,0.0,0.0,0.12956,0.010269,0.070833,0.081459,0.107766,0.010797,0.0,0.021971,0.063283,0.0,0.029778,0.0,0.028082,0.032915,0.0,0.029174,0.015384,0.0,0.0,0.132726,0.019428
2024-05-21,0.076637,0.058309,0.064567,0.016863,0.0,0.0,0.0,0.0,0.130692,0.010242,0.070762,0.081078,0.108196,0.010886,0.0,0.022057,0.063223,0.0,0.029518,0.0,0.028136,0.032941,0.0,0.029573,0.015499,0.0,0.0,0.131346,0.019474
2024-05-22,0.076876,0.058066,0.064053,0.016877,0.0,0.0,0.0,0.0,0.130431,0.010083,0.07111,0.07919,0.108791,0.010883,0.0,0.022189,0.064203,0.0,0.02929,0.0,0.027986,0.032456,0.0,0.029807,0.015575,0.0,0.0,0.132584,0.019548
2024-05-23,0.077718,0.058484,0.064527,0.016948,0.0,0.0,0.0,0.0,0.130152,0.01011,0.071104,0.079424,0.108879,0.010882,0.0,0.022269,0.0646,0.0,0.029675,0.0,0.027708,0.032186,0.0,0.030811,0.015658,0.0,0.0,0.129078,0.019788
2024-05-24,0.076989,0.058423,0.064659,0.016801,0.0,0.0,0.0,0.0,0.129789,0.010035,0.070838,0.079623,0.107558,0.010815,0.0,0.02226,0.065303,0.0,0.029678,0.0,0.027485,0.031933,0.0,0.03059,0.015567,0.0,0.0,0.132037,0.019616
2024-05-27,0.076982,0.058417,0.064653,0.016893,0.0,0.0,0.0,0.0,0.129776,0.010034,0.070831,0.079616,0.107547,0.010814,0.0,0.022257,0.065296,0.0,0.029675,0.0,0.027482,0.03193,0.0,0.030587,0.015565,0.0,0.0,0.132024,0.019619
2024-05-28,0.077287,0.058557,0.065299,0.016884,0.0,0.0,0.0,0.0,0.12889,0.010181,0.070265,0.079002,0.106698,0.010775,0.0,0.022447,0.066683,0.0,0.029821,0.0,0.027418,0.032403,0.0,0.03139,0.015408,0.0,0.0,0.130888,0.019705
2024-05-29,0.077441,0.058378,0.064753,0.016898,0.0,0.0,0.0,0.0,0.129379,0.01012,0.070096,0.079094,0.107129,0.010825,0.0,0.022571,0.066084,0.0,0.029698,0.0,0.027475,0.032484,0.0,0.032079,0.015402,0.0,0.0,0.130153,0.019942
2024-05-30,0.076965,0.058552,0.064898,0.016927,0.0,0.0,0.0,0.0,0.129239,0.010084,0.070121,0.080257,0.106492,0.010784,0.0,0.021913,0.065202,0.0,0.029212,0.0,0.027698,0.032336,0.0,0.031697,0.015451,0.0,0.0,0.132354,0.019817
2024-05-31,0.035361,0.010557,0.0,0.023364,0.037695,0.0,0.015296,0.179745,0.086596,0.010838,0.101227,0.041853,0.023252,0.075474,0.0,0.0,0.073024,0.0,0.063016,0.0,0.0,0.080071,0.0,0.0,0.0,0.0,0.0,0.10183,0.040801
2024-06-03,0.035438,0.010475,0.0,0.023283,0.038012,0.0,0.015148,0.184139,0.085279,0.010459,0.099088,0.041116,0.023205,0.074764,0.0,0.0,0.072483,0.0,0.063137,0.0,0.0,0.080056,0.0,0.0,0.0,0.0,0.0,0.103475,0.040442
2024-06-04,0.035775,0.010575,0.0,0.023305,0.037819,0.0,0.015169,0.175106,0.085963,0.01049,0.100096,0.040846,0.023567,0.076368,0.0,0.0,0.072829,0.0,0.063958,0.0,0.0,0.080343,0.0,0.0,0.0,0.0,0.0,0.106829,0.040964
2024-06-05,0.035626,0.010515,0.0,0.023097,0.037958,0.0,0.014889,0.178031,0.084914,0.010331,0.099584,0.04097,0.023317,0.075053,0.0,0.0,0.074868,0.0,0.064026,0.0,0.0,0.080069,0.0,0.0,0.0,0.0,0.0,0.106403,0.040348
2024-06-06,0.03582,0.010566,0.0,0.023099,0.038273,0.0,0.015218,0.178986,0.084945,0.010394,0.099076,0.040502,0.023414,0.075348,0.0,0.0,0.074317,0.0,0.063736,0.0,0.0,0.080729,0.0,0.0,0.0,0.0,0.0,0.105189,0.040387
2024-06-07,0.035971,0.010484,0.0,0.023172,0.038252,0.0,0.01478,0.182059,0.085788,0.010407,0.099708,0.040019,0.023564,0.075369,0.0,0.0,0.074487,0.0,0.063239,0.0,0.0,0.078261,0.0,0.0,0.0,0.0,0.0,0.103842,0.040599
2024-06-10,0.035767,0.010416,0.0,0.023162,0.038183,0.0,0.014652,0.181964,0.08516,0.010449,0.09967,0.040251,0.023568,0.075049,0.0,0.0,0.075298,0.0,0.063485,0.0,0.0,0.078704,0.0,0.0,0.0,0.0,0.0,0.103758,0.040464
2024-06-11,0.035874,0.010348,0.0,0.023172,0.038127,0.0,0.014816,0.183354,0.084662,0.010487,0.099655,0.039958,0.023602,0.07543,0.0,0.0,0.075782,0.0,0.063514,0.0,0.0,0.07937,0.0,0.0,0.0,0.0,0.0,0.101156,0.040694
2024-06-12,0.036139,0.010427,0.0,0.023331,0.038452,0.0,0.014377,0.183284,0.083913,0.010293,0.09981,0.040943,0.023366,0.074015,0.0,0.0,0.077304,0.0,0.06441,0.0,0.0,0.078955,0.0,0.0,0.0,0.0,0.0,0.100596,0.040385
2024-06-13,0.036004,0.010303,0.0,0.023087,0.038361,0.0,0.014453,0.183686,0.084143,0.010234,0.099515,0.041128,0.023428,0.07437,0.0,0.0,0.078416,0.0,0.064228,0.0,0.0,0.078584,0.0,0.0,0.0,0.0,0.0,0.09952,0.040539
2024-06-14,0.035954,0.010151,0.0,0.022972,0.038472,0.0,0.014466,0.185896,0.084007,0.010174,0.09867,0.04075,0.023457,0.074623,0.0,0.0,0.078257,0.0,0.063882,0.0,0.0,0.079728,0.0,0.0,0.0,0.0,0.0,0.097932,0.040609
2024-06-17,0.035817,0.010171,0.0,0.022775,0.038385,0.0,0.014226,0.18505,0.084243,0.010139,0.099164,0.040833,0.023293,0.074879,0.0,0.0,0.079017,0.0,0.0636,0.0,0.0,0.078838,0.0,0.0,0.0,0.0,0.0,0.099198,0.040371
2024-06-18,0.036063,0.010218,0.0,0.022956,0.038803,0.0,0.014263,0.185857,0.084748,0.010178,0.099664,0.040098,0.023315,0.07495,0.0,0.0,0.079995,0.0,0.063942,0.0,0.0,0.079127,0.0,0.0,0.0,0.0,0.0,0.095459,0.040363
2024-06-19,0.036119,0.010215,0.0,0.022889,0.039093,0.0,0.014259,0.185798,0.084722,0.010175,0.099632,0.040086,0.023308,0.074926,0.0,0.0,0.07997,0.0,0.063922,0.0,0.0,0.079102,0.0,0.0,0.0,0.0,0.0,0.095429,0.040355
2024-06-20,0.036277,0.010269,0.0,0.023068,0.038954,0.0,0.014341,0.184437,0.085411,0.010391,0.099975,0.039983,0.023449,0.074971,0.0,0.0,0.078016,0.0,0.062945,0.0,0.0,0.080313,0.0,0.0,0.0,0.0,0.0,0.096722,0.040477
2024-06-21,0.036221,0.01024,0.0,0.023129,0.038963,0.0,0.014588,0.184549,0.085538,0.010387,0.100299,0.040358,0.023641,0.075431,0.0,0.0,0.077669,0.0,0.062672,0.0,0.0,0.079493,0.0,0.0,0.0,0.0,0.0,0.096129,0.040694
2024-06-24,0.036629,0.010384,0.0,0.02346,0.039298,0.0,0.014944,0.186964,0.086849,0.010702,0.101229,0.040809,0.023898,0.076617,0.0,0.0,0.075829,0.0,0.062371,0.0,0.0,0.080206,0.0,0.0,0.0,0.0,0.0,0.088905,0.040907
2024-06-25,0.036467,0.010344,0.0,0.023243,0.038904,0.0,0.014708,0.186783,0.08604,0.010706,0.100178,0.039594,0.023779,0.075982,0.0,0.0,0.076851,0.0,0.06301,0.0,0.0,0.079659,0.0,0.0,0.0,0.0,0.0,0.092922,0.040831
2024-06-26,0.036513,0.010294,0.0,0.023255,0.03902,0.0,0.014639,0.187671,0.085842,0.010644,0.100309,0.039844,0.02379,0.076131,0.0,0.0,0.07686,0.0,0.063202,0.0,0.0,0.079242,0.0,0.0,0.0,0.0,0.0,0.091736,0.041008
2024-06-27,0.036456,0.01025,0.0,0.023194,0.03898,0.0,0.014794,0.18903,0.085461,0.010634,0.100092,0.039771,0.023674,0.075561,0.0,0.0,0.076218,0.0,0.063045,0.0,0.0,0.079881,0.0,0.0,0.0,0.0,0.0,0.092078,0.04088
2024-06-28,0.0993,0.05478,0.0,0.052504,0.0,0.026599,0.0,0.0,0.094028,0.0,0.055277,0.022087,0.0,0.074397,0.129563,0.023583,0.132981,0.0,0.017096,0.0,0.0,0.041318,0.034424,0.044736,0.0,0.0,0.0,0.081187,0.016141
2024-07-01,0.098597,0.055009,0.0,0.051974,0.0,0.026683,0.0,0.0,0.094065,0.0,0.054585,0.021499,0.0,0.07374,0.128438,0.023718,0.132737,0.0,0.016993,0.0,0.0,0.041352,0.034724,0.044318,0.0,0.0,0.0,0.08545,0.016117
2024-07-02,0.098484,0.054653,0.0,0.051816,0.0,0.026751,0.0,0.0,0.094799,0.0,0.054675,0.021274,0.0,0.073971,0.128612,0.023746,0.134093,0.0,0.016967,0.0,0.0,0.041192,0.034747,0.044804,0.0,0.0,0.0,0.083358,0.016058
2024-07-03,0.098866,0.055055,0.0,0.051669,0.0,0.027064,0.0,0.0,0.09402,0.0,0.054593,0.021222,0.0,0.073468,0.128725,0.023944,0.135632,0.0,0.017045,0.0,0.0,0.041444,0.035684,0.044686,0.0,0.0,0.0,0.080905,0.015978
2024-07-04,0.099172,0.055033,0.0,0.05171,0.0,0.027052,0.0,0.0,0.093982,0.0,0.054571,0.021213,0.0,0.073438,0.128672,0.023934,0.135576,0.0,0.017038,0.0,0.0,0.041427,0.03567,0.044668,0.0,0.0,0.0,0.080872,0.015973
2024-07-05,0.099601,0.05563,0.0,0.05156,0.0,0.026703,0.0,0.0,0.094201,0.0,0.054513,0.021131,0.0,0.074533,0.12923,0.024069,0.136192,0.0,0.017147,0.0,0.0,0.042094,0.036584,0.045081,0.0,0.0,0.0,0.075716,0.016016
2024-07-08,0.099683,0.055271,0.0,0.05164,0.0,0.026426,0.0,0.0,0.093811,0.0,0.054499,0.021325,0.0,0.074306,0.129169,0.024197,0.138567,0.0,0.017204,0.0,0.0,0.041509,0.03608,0.044679,0.0,0.0,0.0,0.075641,0.015994
2024-07-09,0.099332,0.054681,0.0,0.051256,0.0,0.026696,0.0,0.0,0.094276,0.0,0.054112,0.021195,0.0,0.07391,0.129189,0.024111,0.138122,0.0,0.017151,0.0,0.0,0.041466,0.035968,0.045206,0.0,0.0,0.0,0.077379,0.015952
2024-07-10,0.0992,0.054979,0.0,0.051205,0.0,0.026406,0.0,0.0,0.093984,0.0,0.054219,0.021501,0.0,0.073723,0.129509,0.024292,0.140351,0.0,0.017218,0.0,0.0,0.04133,0.035771,0.044341,0.0,0.0,0.0,0.076125,0.015847
2024-07-11,0.099008,0.055032,0.0,0.052077,0.0,0.02684,0.0,0.0,0.094358,0.0,0.054696,0.022745,0.0,0.073164,0.131368,0.023592,0.135212,0.0,0.01714,0.0,0.0,0.041901,0.036291,0.044959,0.0,0.0,0.0,0.075831,0.015786
2024-07-12,0.099206,0.055333,0.0,0.052353,0.0,0.026938,0.0,0.0,0.094066,0.0,0.054659,0.023028,0.0,0.073017,0.131488,0.023651,0.135986,0.0,0.017321,0.0,0.0,0.041607,0.035355,0.044471,0.0,0.0,0.0,0.075834,0.015687
2024-07-15,0.098826,0.054485,0.0,0.05235,0.0,0.026248,0.0,0.0,0.095005,0.0,0.054798,0.022902,0.0,0.07226,0.127707,0.023585,0.135514,0.0,0.017146,0.0,0.0,0.04155,0.03508,0.044013,0.0,0.0,0.0,0.082915,0.015617
2024-07-16,0.097669,0.054128,0.0,0.052471,0.0,0.025966,0.0,0.0,0.095098,0.0,0.055587,0.024007,0.0,0.072203,0.127374,0.023264,0.134948,0.0,0.017075,0.0,0.0,0.041941,0.035437,0.042949,0.0,0.0,0.0,0.084426,0.015458
2024-07-17,0.098452,0.054597,0.0,0.053165,0.0,0.025977,0.0,0.0,0.097171,0.0,0.05565,0.023831,0.0,0.074163,0.129244,0.022675,0.127117,0.0,0.016881,0.0,0.0,0.042335,0.034756,0.043554,0.0,0.0,0.0,0.084755,0.01568
2024-07-18,0.098206,0.054449,0.0,0.053264,0.0,0.025929,0.0,0.0,0.096523,0.0,0.055518,0.024405,0.0,0.074201,0.129843,0.022801,0.1282,0.0,0.016644,0.0,0.0,0.042296,0.034353,0.043885,0.0,0.0,0.0,0.083714,0.015769
2024-07-19,0.097894,0.054375,0.0,0.052721,0.0,0.025958,0.0,0.0,0.09599,0.0,0.055472,0.024464,0.0,0.074302,0.130601,0.02255,0.124862,0.0,0.016744,0.0,0.0,0.041732,0.033867,0.043521,0.0,0.0,0.0,0.089103,0.015843
2024-07-22,0.097091,0.054437,0.0,0.052342,0.0,0.026085,0.0,0.0,0.0953,0.0,0.055323,0.024512,0.0,0.073404,0.130024,0.02279,0.128382,0.0,0.01674,0.0,0.0,0.041214,0.033361,0.044112,0.0,0.0,0.0,0.08924,0.015643
2024-07-23,0.098332,0.054295,0.0,0.053338,0.0,0.025734,0.0,0.0,0.096054,0.0,0.055552,0.024741,0.0,0.073583,0.129997,0.022837,0.127235,0.0,0.016776,0.0,0.0,0.04161,0.033626,0.044379,0.0,0.0,0.0,0.086171,0.01574
2024-07-24,0.097956,0.054521,0.0,0.053833,0.0,0.02579,0.0,0.0,0.096025,0.0,0.055093,0.024354,0.0,0.074513,0.133239,0.022188,0.1221,0.0,0.016506,0.0,0.0,0.042026,0.033762,0.044646,0.0,0.0,0.0,0.087491,0.015955
2024-07-25,0.098245,0.05478,0.0,0.054014,0.0,0.025676,0.0,0.0,0.097175,0.0,0.05599,0.025014,0.0,0.075036,0.133216,0.022131,0.120356,0.0,0.016421,0.0,0.0,0.041707,0.032725,0.044713,0.0,0.0,0.0,0.086709,0.016091
2024-07-26,0.096956,0.054729,0.0,0.053529,0.0,0.025479,0.0,0.0,0.097231,0.0,0.056099,0.02549,0.0,0.074672,0.132519,0.022078,0.121111,0.0,0.016492,0.0,0.0,0.041519,0.032327,0.043993,0.0,0.0,0.0,0.089923,0.015853
2024-07-29,0.097035,0.054443,0.0,0.053722,0.0,0.025463,0.0,0.0,0.097319,0.0,0.05613,0.025752,0.0,0.074872,0.13342,0.022031,0.121134,0.0,0.01641,0.0,0.0,0.041556,0.032351,0.043596,0.0,0.0,0.0,0.088877,0.015891
2024-07-30,0.097396,0.054854,0.0,0.054177,0.0,0.025312,0.0,0.0,0.098818,0.0,0.05651,0.026079,0.0,0.07465,0.134623,0.021559,0.117183,0.0,0.01626,0.0,0.0,0.042131,0.032972,0.044133,0.0,0.0,0.0,0.087389,0.015955
2024-07-31,0.109417,0.025501,0.013674,0.01396,0.058863,0.037422,0.0,0.059016,0.071763,0.029973,0.02853,0.0,0.030596,0.105671,0.025626,0.031264,0.036408,0.0,0.017492,0.0,0.0,0.032726,0.033038,0.027294,0.0,0.0,0.163042,0.034777,0.013948
2024-08-01,0.109188,0.025275,0.013172,0.013804,0.058859,0.037364,0.0,0.059077,0.071603,0.029532,0.02834,0.0,0.031284,0.107941,0.026404,0.030463,0.034194,0.0,0.016934,0.0,0.0,0.033008,0.032982,0.027067,0.0,0.0,0.165237,0.03415,0.01412
2024-08-02,0.107378,0.025377,0.012755,0.013342,0.058083,0.037673,0.0,0.059212,0.070662,0.029108,0.028042,0.0,0.031588,0.110167,0.026757,0.029954,0.032756,0.0,0.016633,0.0,0.0,0.033332,0.033382,0.02742,0.0,0.0,0.167979,0.034115,0.014286
2024-08-05,0.107711,0.025357,0.012787,0.013232,0.057911,0.038306,0.0,0.058996,0.070107,0.029086,0.028156,0.0,0.031414,0.110351,0.026618,0.029587,0.032879,0.0,0.016448,0.0,0.0,0.033626,0.032564,0.028318,0.0,0.0,0.172128,0.029822,0.014598
2024-08-06,0.107658,0.025286,0.012655,0.013333,0.057831,0.038042,0.0,0.058902,0.070855,0.029106,0.02834,0.0,0.031389,0.110517,0.026697,0.029827,0.032998,0.0,0.016661,0.0,0.0,0.033176,0.032101,0.02838,0.0,0.0,0.170207,0.031518,0.014521
2024-08-07,0.10915,0.02531,0.012859,0.013512,0.05904,0.038217,0.0,0.059071,0.0709,0.029207,0.028187,0.0,0.031052,0.110567,0.026832,0.029327,0.03206,0.0,0.016699,0.0,0.0,0.033135,0.031679,0.028782,0.0,0.0,0.169592,0.030308,0.014515
2024-08-08,0.107475,0.025315,0.012953,0.013337,0.058592,0.038541,0.0,0.058809,0.071067,0.029431,0.028446,0.0,0.031309,0.110058,0.026498,0.03001,0.033808,0.0,0.016933,0.0,0.0,0.033199,0.032123,0.02805,0.0,0.0,0.16714,0.032585,0.01432
2024-08-09,0.107691,0.025393,0.01288,0.013302,0.058693,0.03826,0.0,0.05864,0.071139,0.029402,0.028359,0.0,0.031362,0.109869,0.026502,0.030047,0.033499,0.0,0.016861,0.0,0.0,0.033173,0.032007,0.028465,0.0,0.0,0.167031,0.033149,0.014278
2024-08-12,0.107901,0.02531,0.012939,0.013246,0.059069,0.038622,0.0,0.058463,0.070709,0.029521,0.028191,0.0,0.031216,0.109219,0.026526,0.030267,0.033663,0.0,0.016933,0.0,0.0,0.033712,0.032606,0.02817,0.0,0.0,0.167334,0.032117,0.014269
2024-08-13,0.108304,0.025454,0.013208,0.013252,0.058884,0.038539,0.0,0.057872,0.070753,0.029013,0.02827,0.0,0.031354,0.108883,0.026477,0.030959,0.034763,0.0,0.017213,0.0,0.0,0.033404,0.032269,0.027688,0.0,0.0,0.166412,0.032868,0.014161
2024-08-14,0.109245,0.025587,0.013225,0.013239,0.058923,0.037744,0.0,0.057691,0.071601,0.029175,0.028379,0.0,0.031458,0.109352,0.026453,0.031121,0.034667,0.0,0.017226,0.0,0.0,0.033124,0.031893,0.027693,0.0,0.0,0.166281,0.031765,0.014159
2024-08-15,0.109779,0.025612,0.013355,0.013406,0.058985,0.037951,0.0,0.057681,0.071606,0.029254,0.028498,0.0,0.031366,0.109471,0.026208,0.031724,0.036002,0.0,0.017274,0.0,0.0,0.032924,0.03252,0.027417,0.0,0.0,0.164413,0.030521,0.014033
2024-08-16,0.109338,0.025597,0.013345,0.01331,0.059081,0.038338,0.0,0.057851,0.071705,0.029048,0.028289,0.0,0.031212,0.109119,0.026168,0.031588,0.035713,0.0,0.017296,0.0,0.0,0.033461,0.033039,0.02738,0.0,0.0,0.163376,0.031794,0.01395
2024-08-19,0.109703,0.025724,0.013452,0.013305,0.059353,0.038378,0.0,0.057616,0.071652,0.029063,0.028284,0.0,0.031208,0.108808,0.026177,0.031911,0.036095,0.0,0.017511,0.0,0.0,0.0332,0.033331,0.027701,0.0,0.0,0.16247,0.031192,0.013866
2024-08-20,0.109945,0.025683,0.013403,0.01321,0.059066,0.037527,0.0,0.057784,0.071507,0.02833,0.02824,0.0,0.03137,0.109473,0.026152,0.031835,0.035659,0.0,0.017435,0.0,0.0,0.033361,0.03342,0.027939,0.0,0.0,0.163303,0.031472,0.013887
2024-08-21,0.109767,0.025756,0.013481,0.013194,0.059014,0.037743,0.0,0.057795,0.070992,0.028219,0.028251,0.0,0.031246,0.109596,0.026189,0.031843,0.035961,0.0,0.017752,0.0,0.0,0.033129,0.033331,0.027793,0.0,0.0,0.162744,0.032395,0.013809
2024-08-22,0.110296,0.025748,0.013457,0.013318,0.05878,0.037641,0.0,0.057975,0.071796,0.02845,0.028373,0.0,0.031441,0.110046,0.026304,0.031284,0.034927,0.0,0.017564,0.0,0.0,0.032915,0.032821,0.02796,0.0,0.0,0.163143,0.031876,0.013889
2024-08-23,0.109877,0.025896,0.013614,0.013349,0.058938,0.037646,0.0,0.057631,0.071607,0.028552,0.028337,0.0,0.031225,0.109125,0.026083,0.031436,0.035462,0.0,0.01778,0.0,0.0,0.032924,0.033451,0.027874,0.0,0.0,0.162183,0.033274,0.013735
2024-08-26,0.109939,0.02583,0.013451,0.01336,0.058971,0.036941,0.0,0.057774,0.071873,0.028825,0.028322,0.0,0.031226,0.10996,0.026267,0.031059,0.034591,0.0,0.017578,0.0,0.0,0.033047,0.033617,0.028217,0.0,0.0,0.162289,0.033115,0.013745
2024-08-27,0.109671,0.025943,0.013585,0.013295,0.058399,0.037087,0.0,0.057761,0.072253,0.028559,0.028343,0.0,0.031278,0.11024,0.026063,0.031251,0.034979,0.0,0.017692,0.0,0.0,0.033141,0.03367,0.028277,0.0,0.0,0.162308,0.032459,0.013748
2024-08-28,0.109981,0.02599,0.013609,0.013372,0.058576,0.036608,0.0,0.058091,0.07287,0.028548,0.028502,0.0,0.031505,0.11044,0.026221,0.031007,0.034556,0.0,0.017586,0.0,0.0,0.033108,0.033045,0.028347,0.0,0.0,0.163279,0.030924,0.013834
2024-08-29,0.1105,0.026003,0.013596,0.013489,0.058674,0.036922,0.0,0.058062,0.073328,0.028845,0.028628,0.0,0.031489,0.109604,0.026295,0.030647,0.034367,0.0,0.017591,0.0,0.0,0.033193,0.033108,0.028205,0.0,0.0,0.162632,0.031022,0.0138
2024-08-30,0.084113,0.010002,0.0,0.027644,0.039052,0.013559,0.0,0.112712,0.060148,0.025312,0.031152,0.028076,0.01808,0.037369,0.1094,0.01614,0.020302,0.0,0.0,0.0,0.046897,0.098657,0.02326,0.0,0.0,0.062652,0.101644,0.028018,0.005813
2024-09-02,0.08465,0.009996,0.0,0.027699,0.039007,0.01355,0.0,0.112639,0.060109,0.025295,0.031132,0.028058,0.018068,0.037345,0.10933,0.016129,0.020289,0.0,0.0,0.0,0.046867,0.098593,0.023245,0.0,0.0,0.062611,0.101579,0.028,0.00581
2024-09-03,0.084294,0.009894,0.0,0.02764,0.038838,0.013505,0.0,0.112758,0.060184,0.024882,0.030709,0.027541,0.018191,0.037936,0.110127,0.015523,0.018904,0.0,0.0,0.0,0.047252,0.099025,0.022763,0.0,0.0,0.063575,0.102674,0.027925,0.005862
2024-09-04,0.083529,0.009857,0.0,0.027313,0.038711,0.013443,0.0,0.11315,0.060176,0.024508,0.030702,0.027476,0.018137,0.038067,0.110929,0.015464,0.018943,0.0,0.0,0.0,0.047327,0.098963,0.022824,0.0,0.0,0.063868,0.10282,0.027938,0.005855
2024-09-05,0.08326,0.009867,0.0,0.027245,0.038701,0.013475,0.0,0.112917,0.059713,0.024399,0.030445,0.027378,0.017948,0.038048,0.111026,0.015492,0.018904,0.0,0.0,0.0,0.047332,0.100122,0.02339,0.0,0.0,0.064233,0.10323,0.026998,0.005876
2024-09-06,0.083103,0.009834,0.0,0.027125,0.038581,0.013464,0.0,0.11259,0.059423,0.024334,0.030437,0.027789,0.018065,0.038349,0.111065,0.015241,0.018276,0.0,0.0,0.0,0.047759,0.100372,0.022948,0.0,0.0,0.064966,0.104327,0.026014,0.005936
2024-09-09,0.082878,0.00981,0.0,0.02713,0.038381,0.013313,0.0,0.112441,0.059764,0.024289,0.030625,0.027653,0.018028,0.038296,0.111179,0.015351,0.018469,0.0,0.0,0.0,0.047856,0.099884,0.023071,0.0,0.0,0.064471,0.103621,0.02761,0.005883
2024-09-10,0.082764,0.009742,0.0,0.026973,0.038125,0.013222,0.0,0.112376,0.059025,0.023819,0.030611,0.027736,0.018071,0.038204,0.11146,0.015547,0.018623,0.0,0.0,0.0,0.048444,0.100108,0.023102,0.0,0.0,0.064606,0.103624,0.027948,0.005871
2024-09-11,0.082249,0.009793,0.0,0.026824,0.038047,0.013335,0.0,0.112544,0.058741,0.023596,0.030664,0.027582,0.018016,0.037844,0.111797,0.016076,0.019486,0.0,0.0,0.0,0.048345,0.09994,0.02326,0.0,0.0,0.064555,0.10368,0.027755,0.005871
2024-09-12,0.083186,0.009773,0.0,0.027067,0.038274,0.013212,0.0,0.112758,0.058343,0.023594,0.030622,0.027929,0.017918,0.037734,0.111032,0.016063,0.019225,0.0,0.0,0.0,0.048111,0.100778,0.024065,0.0,0.0,0.063869,0.102764,0.027866,0.005819
2024-09-13,0.083389,0.009745,0.0,0.0272,0.038335,0.013135,0.0,0.11192,0.057988,0.023514,0.030654,0.028504,0.017794,0.03766,0.111584,0.015998,0.019393,0.0,0.0,0.0,0.048177,0.100866,0.024505,0.0,0.0,0.063417,0.102183,0.028272,0.005767
2024-09-16,0.083119,0.009791,0.0,0.027086,0.038256,0.013165,0.0,0.112172,0.058592,0.023722,0.030732,0.028602,0.017871,0.03771,0.112147,0.015896,0.019085,0.0,0.0,0.0,0.048214,0.100598,0.024485,0.0,0.0,0.06342,0.102271,0.027312,0.005753
2024-09-17,0.083509,0.009745,0.0,0.027426,0.038396,0.01327,0.0,0.111731,0.058845,0.024018,0.030869,0.028805,0.017668,0.037315,0.111948,0.015849,0.019089,0.0,0.0,0.0,0.047829,0.09994,0.024365,0.0,0.0,0.063241,0.10213,0.028263,0.005748
2024-09-18,0.083502,0.009771,0.0,0.027386,0.038428,0.013274,0.0,0.111724,0.058965,0.024189,0.031002,0.028914,0.01773,0.037363,0.11167,0.015785,0.018975,0.0,0.0,0.0,0.048016,0.099679,0.023859,0.0,0.0,0.06329,0.102276,0.028424,0.005778
2024-09-19,0.083971,0.009836,0.0,0.027514,0.038688,0.013573,0.0,0.111407,0.058987,0.024219,0.031203,0.029296,0.017606,0.03675,0.109843,0.016082,0.019575,0.0,0.0,0.0,0.047519,0.10016,0.024344,0.0,0.0,0.062571,0.101498,0.029639,0.005718
2024-09-20,0.083183,0.00966,0.0,0.027227,0.038565,0.013536,0.0,0.112282,0.058775,0.024093,0.030893,0.028531,0.017482,0.036819,0.112411,0.015957,0.019231,0.0,0.0,0.0,0.047191,0.101134,0.024549,0.0,0.0,0.062367,0.101062,0.029352,0.005702
2024-09-23,0.083337,0.009647,0.0,0.02719,0.038755,0.013671,0.0,0.112575,0.058439,0.024281,0.03096,0.028639,0.017369,0.036866,0.113014,0.015882,0.019219,0.0,0.0,0.0,0.047444,0.100872,0.024068,0.0,0.0,0.062048,0.100615,0.029434,0.005677
2024-09-24,0.083115,0.009695,0.0,0.027083,0.0396,0.014829,0.0,0.111553,0.057688,0.024111,0.031041,0.028483,0.017255,0.03661,0.111703,0.015918,0.019364,0.0,0.0,0.0,0.047296,0.101818,0.025158,0.0,0.0,0.061836,0.100403,0.029789,0.005651
2024-09-25,0.083427,0.00967,0.0,0.027097,0.039663,0.014537,0.0,0.112015,0.05753,0.023717,0.030997,0.028088,0.017143,0.036637,0.11266,0.016016,0.019561,0.0,0.0,0.0,0.047134,0.102011,0.024965,0.0,0.0,0.061787,0.100351,0.02932,0.005671
2024-09-26,0.083409,0.009819,0.0,0.02713,0.040599,0.015728,0.0,0.111962,0.057545,0.023138,0.031001,0.028093,0.017117,0.036543,0.111344,0.016149,0.020162,0.0,0.0,0.0,0.04648,0.102032,0.025015,0.0,0.0,0.061443,0.099737,0.02991,0.005645
2024-09-27,0.083396,0.009792,0.0,0.027215,0.040634,0.015973,0.0,0.111585,0.057585,0.023558,0.030977,0.028458,0.017071,0.036529,0.112203,0.015964,0.019799,0.0,0.0,0.0,0.046438,0.101001,0.024619,0.0,0.0,0.061552,0.099763,0.030255,0.005634
2024-09-30,0.070343,0.049895,0.0,0.0,0.022022,0.012071,0.0,0.120166,0.096401,0.0,0.041119,0.015029,0.044823,0.069161,0.039989,0.019919,0.0,0.0,0.0,0.0,0.097082,0.083772,0.012076,0.040996,0.0,0.044067,0.1104,0.0,0.010668
2024-10-01,0.07013,0.049458,0.0,0.0,0.021991,0.012591,0.0,0.119732,0.096119,0.0,0.041239,0.01512,0.044693,0.069092,0.040406,0.01948,0.0,0.0,0.0,0.0,0.096684,0.084852,0.012178,0.04018,0.0,0.044333,0.111026,0.0,0.010697
2024-10-02,0.070246,0.049311,0.0,0.0,0.022369,0.013425,0.0,0.119401,0.096241,0.0,0.041169,0.014981,0.044609,0.068518,0.040433,0.019627,0.0,0.0,0.0,0.0,0.09636,0.084882,0.012358,0.040218,0.0,0.044213,0.110943,0.0,0.010696
2024-10-03,0.070331,0.049046,0.0,0.0,0.022387,0.013151,0.0,0.118721,0.096313,0.0,0.041209,0.01503,0.044476,0.068247,0.040664,0.019829,0.0,0.0,0.0,0.0,0.096063,0.085341,0.012532,0.040495,0.0,0.044255,0.111145,0.0,0.010766
2024-10-04,0.070402,0.049291,0.0,0.0,0.022437,0.013625,0.0,0.118187,0.097896,0.0,0.041476,0.014749,0.04449,0.06844,0.04058,0.02004,0.0,0.0,0.0,0.0,0.095554,0.085129,0.012582,0.040221,0.0,0.043807,0.110334,0.0,0.010761
2024-10-07,0.071169,0.049317,0.0,0.0,0.022823,0.014355,0.0,0.116805,0.097319,0.0,0.041643,0.014821,0.04458,0.068198,0.039902,0.02003,0.0,0.0,0.0,0.0,0.095322,0.085389,0.012478,0.040162,0.0,0.04393,0.110925,0.0,0.010832
2024-10-08,0.070955,0.049206,0.0,0.0,0.022291,0.012788,0.0,0.118762,0.097759,0.0,0.041683,0.014914,0.044766,0.068451,0.039873,0.020379,0.0,0.0,0.0,0.0,0.095396,0.084655,0.012066,0.040352,0.0,0.043912,0.110971,0.0,0.01082
2024-10-09,0.071214,0.049265,0.0,0.0,0.022163,0.012457,0.0,0.119014,0.098426,0.0,0.041954,0.014917,0.045114,0.068698,0.039436,0.020557,0.0,0.0,0.0,0.0,0.095266,0.08399,0.011972,0.040619,0.0,0.043642,0.1105,0.0,0.010795
2024-10-10,0.071304,0.049189,0.0,0.0,0.022209,0.012565,0.0,0.118677,0.098258,0.0,0.041796,0.014717,0.045007,0.068488,0.03937,0.02058,0.0,0.0,0.0,0.0,0.094548,0.084721,0.012212,0.040977,0.0,0.043697,0.110873,0.0,0.010813
2024-10-11,0.071201,0.049126,0.0,0.0,0.022207,0.012541,0.0,0.117979,0.099408,0.0,0.042226,0.0147,0.045,0.068355,0.03942,0.020462,0.0,0.0,0.0,0.0,0.094905,0.085008,0.012301,0.040987,0.0,0.043385,0.110057,0.0,0.010733
2024-10-14,0.071334,0.049149,0.0,0.0,0.022092,0.012254,0.0,0.117913,0.099745,0.0,0.042359,0.014967,0.04512,0.068437,0.039804,0.02067,0.0,0.0,0.0,0.0,0.095206,0.08463,0.012155,0.040636,0.0,0.043186,0.109636,0.0,0.010705
2024-10-15,0.071166,0.048467,0.0,0.0,0.021723,0.01166,0.0,0.117357,0.100045,0.0,0.04207,0.015079,0.044608,0.068931,0.040018,0.020234,0.0,0.0,0.0,0.0,0.096438,0.084998,0.012238,0.040955,0.0,0.043445,0.109852,0.0,0.010716
2024-10-16,0.070656,0.04833,0.0,0.0,0.021743,0.011768,0.0,0.116973,0.100863,0.0,0.04222,0.015218,0.044548,0.068596,0.040643,0.020212,0.0,0.0,0.0,0.0,0.097094,0.085069,0.012273,0.040377,0.0,0.043332,0.109417,0.0,0.01067
2024-10-17,0.07129,0.048537,0.0,0.0,0.021748,0.011487,0.0,0.115878,0.101455,0.0,0.042231,0.01514,0.044428,0.068501,0.040408,0.020337,0.0,0.0,0.0,0.0,0.096628,0.085845,0.012302,0.040408,0.0,0.043242,0.109428,0.0,0.010707
2024-10-18,0.070984,0.04867,0.0,0.0,0.021871,0.011936,0.0,0.115779,0.100994,0.0,0.042157,0.015249,0.044432,0.068325,0.040448,0.020313,0.0,0.0,0.0,0.0,0.096885,0.086345,0.012986,0.039794,0.0,0.043086,0.109088,0.0,0.010657
2024-10-21,0.07103,0.048544,0.0,0.0,0.021725,0.01189,0.0,0.115918,0.100987,0.0,0.042344,0.014839,0.04426,0.068292,0.040611,0.020571,0.0,0.0,0.0,0.0,0.095745,0.087016,0.013179,0.040048,0.0,0.043095,0.109164,0.0,0.010742
2024-10-22,0.071118,0.048395,0.0,0.0,0.021776,0.012015,0.0,0.1148,0.100883,0.0,0.041868,0.014355,0.044234,0.068737,0.040502,0.020567,0.0,0.0,0.0,0.0,0.095968,0.088032,0.013571,0.039925,0.0,0.043091,0.109409,0.0,0.010753
2024-10-23,0.070874,0.048227,0.0,0.0,0.021743,0.011981,0.0,0.114872,0.101097,0.0,0.04187,0.014355,0.044157,0.068807,0.041012,0.020333,0.0,0.0,0.0,0.0,0.096957,0.087229,0.01317,0.039948,0.0,0.043119,0.109462,0.0,0.010786
2024-10-24,0.07091,0.048465,0.0,0.0,0.021637,0.011896,0.0,0.114795,0.101206,0.0,0.041591,0.014513,0.043876,0.06873,0.040757,0.020397,0.0,0.0,0.0,0.0,0.097191,0.08792,0.013164,0.039339,0.0,0.043225,0.109598,0.0,0.01079
2024-10-25,0.071667,0.048482,0.0,0.0,0.021821,0.011987,0.0,0.113917,0.100595,0.0,0.041691,0.014367,0.043856,0.068503,0.040355,0.020607,0.0,0.0,0.0,0.0,0.096762,0.088547,0.013205,0.039586,0.0,0.043347,0.109858,0.0,0.010847
2024-10-28,0.071356,0.048743,0.0,0.0,0.021795,0.012109,0.0,0.114419,0.101442,0.0,0.041648,0.014447,0.043746,0.068357,0.04051,0.020519,0.0,0.0,0.0,0.0,0.09668,0.088198,0.013195,0.039746,0.0,0.043075,0.109209,0.0,0.010804
2024-10-29,0.071392,0.04842,0.0,0.0,0.021781,0.012014,0.0,0.114772,0.101002,0.0,0.041668,0.014061,0.043705,0.067807,0.039717,0.020833,0.0,0.0,0.0,0.0,0.096159,0.089321,0.013503,0.040279,0.0,0.043171,0.109569,0.0,0.010825
2024-10-30,0.071479,0.04805,0.0,0.0,0.021557,0.011871,0.0,0.114285,0.101483,0.0,0.041609,0.014093,0.043635,0.067717,0.039633,0.020507,0.0,0.0,0.0,0.0,0.096611,0.089839,0.013257,0.040609,0.0,0.04312,0.109814,0.0,0.010829
2024-10-31,0.093796,0.0,0.0,0.0,0.067633,0.044918,0.0,0.070865,0.037556,0.0,0.082202,0.03437,0.035248,0.069971,0.078312,0.025833,0.0,0.010506,0.0,0.0,0.091632,0.089211,0.013812,0.0,0.0,0.072798,0.072741,0.0,0.008597
2024-11-01,0.094596,0.0,0.0,0.0,0.068299,0.045214,0.0,0.071052,0.037757,0.0,0.082469,0.034415,0.035524,0.070131,0.076713,0.026077,0.0,0.010547,0.0,0.0,0.090792,0.089014,0.013713,0.0,0.0,0.072505,0.072569,0.0,0.008614
2024-11-04,0.094163,0.0,0.0,0.0,0.068611,0.045536,0.0,0.070302,0.037452,0.0,0.082348,0.034914,0.035279,0.070298,0.075773,0.026048,0.0,0.010519,0.0,0.0,0.091755,0.089109,0.01375,0.0,0.0,0.072866,0.072665,0.0,0.008612
2024-11-05,0.093957,0.0,0.0,0.0,0.06871,0.046172,0.0,0.070213,0.037442,0.0,0.082933,0.035366,0.035202,0.070074,0.076183,0.026164,0.0,0.010563,0.0,0.0,0.092092,0.088464,0.013675,0.0,0.0,0.072214,0.072043,0.0,0.008532
2024-11-06,0.095485,0.0,0.0,0.0,0.067826,0.045043,0.0,0.070902,0.039825,0.0,0.086411,0.034708,0.035341,0.069115,0.075597,0.026981,0.0,0.010948,0.0,0.0,0.090373,0.086005,0.013103,0.0,0.0,0.071662,0.072122,0.0,0.008554
2024-11-07,0.09581,0.0,0.0,0.0,0.068764,0.047055,0.0,0.07002,0.038835,0.0,0.085132,0.034696,0.035282,0.068753,0.075064,0.027209,0.0,0.01099,0.0,0.0,0.090648,0.086615,0.013298,0.0,0.0,0.071599,0.071749,0.0,0.008481
2024-11-08,0.095834,0.0,0.0,0.0,0.067191,0.044473,0.0,0.069279,0.039185,0.0,0.086044,0.035004,0.035534,0.069586,0.076501,0.027178,0.0,0.010978,0.0,0.0,0.091999,0.086026,0.01301,0.0,0.0,0.07175,0.071946,0.0,0.008483
2024-11-11,0.096408,0.0,0.0,0.0,0.066854,0.044566,0.0,0.069639,0.039817,0.0,0.086873,0.035194,0.035392,0.069476,0.076858,0.027079,0.0,0.01114,0.0,0.0,0.091711,0.084165,0.012801,0.0,0.0,0.071686,0.071842,0.0,0.008498
2024-11-12,0.096661,0.0,0.0,0.0,0.066236,0.043564,0.0,0.069423,0.040111,0.0,0.087024,0.03456,0.035263,0.070278,0.076769,0.027396,0.0,0.011267,0.0,0.0,0.091384,0.084308,0.01298,0.0,0.0,0.071978,0.072208,0.0,0.008588
2024-11-13,0.096853,0.0,0.0,0.0,0.06602,0.043552,0.0,0.06885,0.040208,0.0,0.087365,0.034617,0.035233,0.070614,0.07677,0.02735,0.0,0.011245,0.0,0.0,0.092055,0.083609,0.012791,0.0,0.0,0.072062,0.072204,0.0,0.008604
2024-11-14,0.097209,0.0,0.0,0.0,0.066264,0.043348,0.0,0.069291,0.040261,0.0,0.086231,0.035001,0.034816,0.070718,0.076808,0.027365,0.0,0.010991,0.0,0.0,0.091588,0.08372,0.012934,0.0,0.0,0.072339,0.072476,0.0,0.00864
2024-11-15,0.096123,0.0,0.0,0.0,0.066299,0.043548,0.0,0.069071,0.040608,0.0,0.08611,0.034785,0.034306,0.070375,0.078269,0.026792,0.0,0.010817,0.0,0.0,0.092001,0.083904,0.012874,0.0,0.0,0.072658,0.072785,0.0,0.008675
2024-11-18,0.095989,0.0,0.0,0.0,0.066466,0.043886,0.0,0.068973,0.040482,0.0,0.085467,0.034502,0.03412,0.070435,0.078468,0.026714,0.0,0.010731,0.0,0.0,0.092103,0.084978,0.013171,0.0,0.0,0.072376,0.072515,0.0,0.008623
2024-11-19,0.095731,0.0,0.0,0.0,0.066506,0.043477,0.0,0.06922,0.040133,0.0,0.085219,0.034373,0.033876,0.070387,0.078808,0.026878,0.0,0.010797,0.0,0.0,0.092362,0.085564,0.0132,0.0,0.0,0.072383,0.072481,0.0,0.008607
2024-11-20,0.095281,0.0,0.0,0.0,0.066026,0.043762,0.0,0.069331,0.040031,0.0,0.085352,0.034454,0.034293,0.070063,0.078885,0.026868,0.0,0.010854,0.0,0.0,0.092289,0.086087,0.013021,0.0,0.0,0.07231,0.072482,0.0,0.008612
2024-11-21,0.095749,0.0,0.0,0.0,0.065642,0.043143,0.0,0.068344,0.040293,0.0,0.085895,0.034522,0.034359,0.070392,0.079769,0.026976,0.0,0.010978,0.0,0.0,0.092406,0.086278,0.012914,0.0,0.0,0.071832,0.071948,0.0,0.008561
2024-11-22,0.09552,0.0,0.0,0.0,0.065315,0.041916,0.0,0.069316,0.04053,0.0,0.086637,0.034881,0.03421,0.070672,0.078926,0.026849,0.0,0.010989,0.0,0.0,0.092616,0.086933,0.013043,0.0,0.0,0.071502,0.071625,0.0,0.00852
2024-11-25,0.095721,0.0,0.0,0.0,0.065222,0.041639,0.0,0.069834,0.040612,0.0,0.086788,0.036491,0.034348,0.070743,0.078718,0.026728,0.0,0.010947,0.0,0.0,0.093486,0.083995,0.012602,0.0,0.0,0.071951,0.071696,0.0,0.008479
2024-11-26,0.095625,0.0,0.0,0.0,0.064906,0.04135,0.0,0.069553,0.040654,0.0,0.086811,0.035688,0.0345,0.07097,0.079899,0.026837,0.0,0.011015,0.0,0.0,0.093773,0.084081,0.012668,0.0,0.0,0.071733,0.071465,0.0,0.008473
2024-11-27,0.095514,0.0,0.0,0.0,0.064813,0.042285,0.0,0.069638,0.040649,0.0,0.086312,0.03562,0.034613,0.070969,0.079734,0.026419,0.0,0.010803,0.0,0.0,0.094181,0.084094,0.012483,0.0,0.0,0.071873,0.071542,0.0,0.008457
2024-11-28,0.095767,0.0,0.0,0.0,0.064474,0.042289,0.0,0.069645,0.040653,0.0,0.086321,0.035623,0.034616,0.070976,0.079742,0.026422,0.0,0.010804,0.0,0.0,0.094191,0.084102,0.012484,0.0,0.0,0.07188,0.071549,0.0,0.00846
2024-11-29,0.103436,0.0,0.0,0.0,0.043262,0.022417,0.0,0.021535,0.07139,0.0,0.043672,0.010448,0.013187,0.03762,0.068583,0.045191,0.0,0.059756,0.0,0.0,0.113126,0.10711,0.029641,0.015521,0.0,0.01553,0.139448,0.028073,0.011054
2024-12-02,0.10411,0.0,0.0,0.0,0.043575,0.022551,0.0,0.021672,0.071013,0.0,0.043555,0.010456,0.013225,0.037752,0.067426,0.045835,0.0,0.060597,0.0,0.0,0.112002,0.106671,0.029642,0.015478,0.0,0.015602,0.140026,0.027707,0.011107
2024-12-03,0.104378,0.0,0.0,0.0,0.043774,0.022654,0.0,0.021772,0.070536,0.0,0.043314,0.010446,0.013206,0.037585,0.066896,0.046035,0.0,0.06073,0.0,0.0,0.111521,0.106968,0.030188,0.01542,0.0,0.015569,0.140199,0.027695,0.011115
2024-12-04,0.104539,0.0,0.0,0.0,0.043746,0.02234,0.0,0.021719,0.069988,0.0,0.043328,0.01018,0.013145,0.03733,0.066618,0.046688,0.0,0.061755,0.0,0.0,0.110771,0.106861,0.030332,0.015422,0.0,0.015566,0.140033,0.028567,0.011073
2024-12-05,0.104894,0.0,0.0,0.0,0.0441,0.0225,0.0,0.021977,0.070253,0.0,0.042836,0.01006,0.013009,0.037509,0.066879,0.046489,0.0,0.061501,0.0,0.0,0.110594,0.106155,0.030388,0.015695,0.0,0.015576,0.139978,0.028523,0.011084
2024-12-06,0.104926,0.0,0.0,0.0,0.044018,0.022694,0.0,0.021929,0.070222,0.0,0.042717,0.010059,0.012932,0.037315,0.066034,0.046658,0.0,0.062045,0.0,0.0,0.110407,0.10617,0.030051,0.015837,0.0,0.015622,0.14006,0.029221,0.011082
2024-12-09,0.10468,0.0,0.0,0.0,0.045052,0.024468,0.0,0.021893,0.069296,0.0,0.042368,0.010147,0.012977,0.037275,0.065239,0.046378,0.0,0.061224,0.0,0.0,0.110776,0.107278,0.030844,0.015909,0.0,0.015576,0.139875,0.027658,0.011089
2024-12-10,0.104656,0.0,0.0,0.0,0.044425,0.023465,0.0,0.021974,0.069591,0.0,0.042453,0.009957,0.01298,0.037619,0.065055,0.045938,0.0,0.060858,0.0,0.0,0.109656,0.109174,0.030992,0.016109,0.0,0.015617,0.140446,0.027893,0.01114
2024-12-11,0.104831,0.0,0.0,0.0,0.044337,0.023226,0.0,0.021989,0.069516,0.0,0.042224,0.00985,0.012764,0.037217,0.064448,0.04646,0.0,0.061563,0.0,0.0,0.109063,0.109875,0.030949,0.016006,0.0,0.015523,0.139807,0.029242,0.011107
2024-12-12,0.105165,0.0,0.0,0.0,0.044551,0.023349,0.0,0.021934,0.06956,0.0,0.042166,0.009769,0.012727,0.037515,0.064741,0.046435,0.0,0.061857,0.0,0.0,0.109442,0.108813,0.030206,0.01607,0.0,0.015542,0.140063,0.028929,0.011165
2024-12-13,0.10483,0.0,0.0,0.0,0.044526,0.023101,0.0,0.022088,0.069664,0.0,0.042153,0.009644,0.012755,0.037506,0.064932,0.046741,0.0,0.062776,0.0,0.0,0.10938,0.107746,0.029793,0.016213,0.0,0.015505,0.139996,0.029458,0.011192
2024-12-16,0.104911,0.0,0.0,0.0,0.044275,0.022714,0.0,0.022048,0.069423,0.0,0.04212,0.009523,0.012582,0.037247,0.064307,0.04713,0.0,0.064106,0.0,0.0,0.108815,0.107827,0.029797,0.016256,0.0,0.015485,0.139609,0.030649,0.011175
2024-12-17,0.104962,0.0,0.0,0.0,0.044222,0.023098,0.0,0.021893,0.069176,0.0,0.041882,0.009472,0.012618,0.037315,0.064268,0.047012,0.0,0.063614,0.0,0.0,0.108676,0.107795,0.029914,0.016285,0.0,0.01554,0.140027,0.031018,0.011214
2024-12-18,0.107223,0.0,0.0,0.0,0.045206,0.023191,0.0,0.021973,0.068581,0.0,0.041595,0.009285,0.01272,0.037556,0.064131,0.046496,0.0,0.062023,0.0,0.0,0.106484,0.108052,0.029517,0.016715,0.0,0.015759,0.142201,0.029828,0.011465
2024-12-19,0.105327,0.0,0.0,0.0,0.044872,0.023524,0.0,0.022204,0.069319,0.0,0.041839,0.00911,0.012714,0.037556,0.064884,0.04688,0.0,0.062536,0.0,0.0,0.105588,0.108981,0.029363,0.016532,0.0,0.0158,0.142642,0.028784,0.011549
2024-12-20,0.105071,0.0,0.0,0.0,0.044452,0.023505,0.0,0.021864,0.069725,0.0,0.041954,0.009125,0.012761,0.037354,0.065335,0.047158,0.0,0.062697,0.0,0.0,0.106415,0.109142,0.029541,0.016548,0.0,0.015718,0.141658,0.028529,0.011448
2024-12-23,0.104655,0.0,0.0,0.0,0.044584,0.023613,0.0,0.021815,0.069931,0.0,0.041968,0.009127,0.012895,0.037178,0.065593,0.047684,0.0,0.063104,0.0,0.0,0.106891,0.108689,0.029635,0.016478,0.0,0.015657,0.14155,0.027496,0.011457
2024-12-24,0.10469,0.0,0.0,0.0,0.044447,0.023647,0.0,0.021703,0.070233,0.0,0.041984,0.009103,0.012853,0.037147,0.065469,0.047821,0.0,0.063251,0.0,0.0,0.106807,0.108102,0.029449,0.016443,0.0,0.01555,0.140823,0.029106,0.011373
2024-12-26,0.104653,0.0,0.0,0.0,0.044431,0.023698,0.0,0.021639,0.07038,0.0,0.042,0.009098,0.012874,0.037251,0.065292,0.047837,0.0,0.063472,0.0,0.0,0.107057,0.108794,0.029569,0.016264,0.0,0.015556,0.140774,0.027992,0.011369
2024-12-27,0.105311,0.0,0.0,0.0,0.044481,0.023672,0.0,0.021717,0.070316,0.0,0.041957,0.00906,0.012897,0.037308,0.065525,0.047506,0.0,0.063139,0.0,0.0,0.106667,0.108745,0.029344,0.01612,0.0,0.015616,0.141326,0.027847,0.011445
2024-12-30,0.104903,0.0,0.0,0.0,0.044307,0.023548,0.0,0.021658,0.070043,0.0,0.041777,0.009066,0.012812,0.037085,0.065629,0.047174,0.0,0.062787,0.0,0.0,0.106756,0.109028,0.02915,0.016477,0.0,0.015799,0.142562,0.027924,0.011515
2024-12-31,0.076773,0.0,0.0,0.092524,0.0,0.0,0.0,0.0,0.078231,0.0,0.077188,0.054379,0.0,0.098789,0.119464,0.04467,0.0,0.069505,0.015309,0.015929,0.095451,0.05047,0.012545,0.0,0.022651,0.0,0.0,0.056823,0.019299
2025-01-02,0.076178,0.0,0.0,0.094399,0.0,0.0,0.0,0.0,0.077712,0.0,0.076599,0.053456,0.0,0.098077,0.119878,0.044379,0.0,0.069543,0.015426,0.015606,0.094211,0.050942,0.012777,0.0,0.022619,0.0,0.0,0.058971,0.019226
2025-01-03,0.075897,0.0,0.0,0.093434,0.0,0.0,0.0,0.0,0.077819,0.0,0.076927,0.053762,0.0,0.097394,0.120369,0.044811,0.0,0.069744,0.01562,0.015722,0.094832,0.050216,0.012718,0.0,0.022401,0.0,0.0,0.059232,0.019102
2025-01-06,0.077046,0.0,0.0,0.093931,0.0,0.0,0.0,0.0,0.077486,0.0,0.076667,0.053536,0.0,0.096259,0.118884,0.045327,0.0,0.070116,0.015711,0.015807,0.093501,0.050094,0.012825,0.0,0.022274,0.0,0.0,0.061454,0.01908
2025-01-07,0.077017,0.0,0.0,0.093988,0.0,0.0,0.0,0.0,0.078084,0.0,0.077358,0.053332,0.0,0.096884,0.119774,0.044862,0.0,0.069822,0.015571,0.016016,0.093538,0.05088,0.012996,0.0,0.022244,0.0,0.0,0.058359,0.019274
2025-01-08,0.076616,0.0,0.0,0.093658,0.0,0.0,0.0,0.0,0.078366,0.0,0.077686,0.053973,0.0,0.097089,0.11978,0.044861,0.0,0.070172,0.015495,0.015845,0.093813,0.051166,0.013034,0.0,0.022279,0.0,0.0,0.056883,0.019284
2025-01-09,0.076598,0.0,0.0,0.093729,0.0,0.0,0.0,0.0,0.078361,0.0,0.077681,0.05397,0.0,0.097083,0.119772,0.044858,0.0,0.070167,0.015494,0.015844,0.093807,0.051163,0.013033,0.0,0.022277,0.0,0.0,0.056879,0.019282
2025-01-10,0.076294,0.0,0.0,0.093871,0.0,0.0,0.0,0.0,0.077369,0.0,0.077712,0.053477,0.0,0.096903,0.120493,0.044395,0.0,0.070294,0.015385,0.015691,0.092593,0.052259,0.013287,0.0,0.02239,0.0,0.0,0.058076,0.01951
2025-01-13,0.076016,0.0,0.0,0.093807,0.0,0.0,0.0,0.0,0.077947,0.0,0.078646,0.05438,0.0,0.097096,0.119124,0.044093,0.0,0.06996,0.01523,0.015996,0.093756,0.051753,0.012978,0.0,0.022388,0.0,0.0,0.057312,0.019517
2025-01-14,0.075757,0.0,0.0,0.093261,0.0,0.0,0.0,0.0,0.07815,0.0,0.078807,0.055423,0.0,0.096184,0.119522,0.043783,0.0,0.069767,0.015097,0.016091,0.093698,0.051523,0.012967,0.0,0.022136,0.0,0.0,0.058506,0.01933
2025-01-15,0.075671,0.0,0.0,0.093729,0.0,0.0,0.0,0.0,0.079001,0.0,0.078176,0.056019,0.0,0.094492,0.119548,0.044018,0.0,0.069854,0.015308,0.016132,0.092892,0.05117,0.01314,0.0,0.022197,0.0,0.0,0.059592,0.01906
2025-01-16,0.075548,0.0,0.0,0.0933,0.0,0.0,0.0,0.0,0.078802,0.0,0.078402,0.055935,0.0,0.09433,0.12145,0.04328,0.0,0.069281,0.015262,0.015889,0.093951,0.051053,0.013057,0.0,0.022065,0.0,0.0,0.059511,0.018884
2025-01-17,0.075645,0.0,0.0,0.093233,0.0,0.0,0.0,0.0,0.078953,0.0,0.078362,0.055793,0.0,0.094257,0.120834,0.043674,0.0,0.068866,0.015368,0.016037,0.093281,0.050454,0.012774,0.0,0.02196,0.0,0.0,0.061743,0.018765
2025-01-20,0.076011,0.0,0.0,0.093005,0.0,0.0,0.0,0.0,0.07894,0.0,0.078348,0.055783,0.0,0.094241,0.120813,0.043667,0.0,0.068854,0.015365,0.016034,0.093265,0.050445,0.012771,0.0,0.021957,0.0,0.0,0.061732,0.018768
2025-01-21,0.075313,0.0,0.0,0.092419,0.0,0.0,0.0,0.0,0.07872,0.0,0.079073,0.055146,0.0,0.093633,0.121311,0.043543,0.0,0.069649,0.015632,0.015827,0.093962,0.05066,0.012827,0.0,0.021908,0.0,0.0,0.061816,0.01856
2025-01-22,0.076229,0.0,0.0,0.092686,0.0,0.0,0.0,0.0,0.078646,0.0,0.079189,0.055621,0.0,0.093531,0.119142,0.044697,0.0,0.070675,0.015877,0.015654,0.092679,0.051115,0.01288,0.0,0.021877,0.0,0.0,0.060874,0.01863
2025-01-23,0.076192,0.0,0.0,0.092562,0.0,0.0,0.0,0.0,0.078961,0.0,0.079852,0.055555,0.0,0.093707,0.119498,0.044699,0.0,0.07031,0.015918,0.015518,0.093199,0.050954,0.01273,0.0,0.021669,0.0,0.0,0.060072,0.018603
2025-01-24,0.07641,0.0,0.0,0.09199,0.0,0.0,0.0,0.0,0.07899,0.0,0.079308,0.054896,0.0,0.093947,0.1204,0.044118,0.0,0.070191,0.015859,0.015553,0.093276,0.051138,0.012761,0.0,0.02171,0.0,0.0,0.060898,0.018556
2025-01-27,0.075626,0.0,0.0,0.091594,0.0,0.0,0.0,0.0,0.080451,0.0,0.078826,0.05667,0.0,0.097207,0.118485,0.042267,0.0,0.069218,0.015291,0.015487,0.095221,0.050981,0.012648,0.0,0.022129,0.0,0.0,0.059203,0.018697
2025-01-28,0.076175,0.0,0.0,0.092206,0.0,0.0,0.0,0.0,0.080434,0.0,0.078425,0.055596,0.0,0.095835,0.117032,0.043461,0.0,0.07117,0.015672,0.015382,0.094216,0.051501,0.012746,0.0,0.022148,0.0,0.0,0.05927,0.01873
2025-01-29,0.076402,0.0,0.0,0.092778,0.0,0.0,0.0,0.0,0.080415,0.0,0.078201,0.054715,0.0,0.096118,0.11734,0.043131,0.0,0.070699,0.015471,0.015435,0.093021,0.051331,0.012924,0.0,0.022115,0.0,0.0,0.061163,0.018741
2025-01-30,0.07576,0.0,0.0,0.092672,0.0,0.0,0.0,0.0,0.080242,0.0,0.078157,0.055455,0.0,0.095942,0.118397,0.042709,0.0,0.070949,0.015347,0.015376,0.093112,0.051504,0.013102,0.0,0.02194,0.0,0.0,0.060812,0.018524
2025-01-31,0.023886,0.0,0.011619,0.088999,0.018634,0.018207,0.0,0.134595,0.039124,0.012329,0.012495,0.0,0.0,0.072823,0.028046,0.013146,0.0,0.053224,0.0,0.0,0.010882,0.053413,0.0,0.121528,0.0,0.08807,0.088028,0.097151,0.013801
2025-02-03,0.023508,0.0,0.011529,0.088365,0.018406,0.018115,0.0,0.134591,0.039032,0.012428,0.012393,0.0,0.0,0.073236,0.028246,0.012992,0.0,0.053017,0.0,0.0,0.010878,0.053792,0.0,0.121915,0.0,0.088286,0.088386,0.09706,0.013825
2025-02-04,0.023621,0.0,0.011616,0.088142,0.018686,0.018544,0.0,0.135794,0.038884,0.01267,0.012378,0.0,0.0,0.072511,0.027956,0.01316,0.0,0.053712,0.0,0.0,0.010871,0.054242,0.0,0.122134,0.0,0.088376,0.088403,0.094495,0.013807
2025-02-05,0.023597,0.0,0.011727,0.088282,0.01855,0.01818,0.0,0.13502,0.039185,0.012662,0.012353,0.0,0.0,0.07276,0.028158,0.013305,0.0,0.054434,0.0,0.0,0.010993,0.054427,0.0,0.122408,0.0,0.08864,0.088547,0.093002,0.01377
2025-02-06,0.023795,0.0,0.011792,0.089245,0.018614,0.018455,0.0,0.134084,0.039569,0.012447,0.012427,0.0,0.0,0.073198,0.028167,0.013361,0.0,0.054191,0.0,0.0,0.011037,0.054362,0.0,0.121752,0.0,0.088666,0.088522,0.092523,0.013793
2025-02-07,0.023767,0.0,0.011683,0.088756,0.018689,0.018759,0.0,0.133698,0.039507,0.012496,0.01244,0.0,0.0,0.073382,0.028223,0.0133,0.0,0.05482,0.0,0.0,0.011045,0.054678,0.0,0.121756,0.0,0.088728,0.088641,0.091783,0.013848
2025-02-10,0.023652,0.0,0.011642,0.088669,0.018708,0.019099,0.0,0.132913,0.038903,0.012676,0.012458,0.0,0.0,0.073286,0.028318,0.013394,0.0,0.055408,0.0,0.0,0.010958,0.055191,0.0,0.122253,0.0,0.088049,0.088023,0.092654,0.013747
2025-02-11,0.023769,0.0,0.011681,0.088535,0.018771,0.01899,0.0,0.13222,0.039138,0.012823,0.012506,0.0,0.0,0.074252,0.028561,0.013447,0.0,0.055319,0.0,0.0,0.011044,0.055183,0.0,0.122682,0.0,0.08813,0.088307,0.090846,0.013796
2025-02-12,0.023678,0.0,0.011576,0.087553,0.018783,0.019519,0.0,0.131523,0.039061,0.012533,0.012447,0.0,0.0,0.07431,0.028554,0.013439,0.0,0.055419,0.0,0.0,0.010959,0.055325,0.0,0.123222,0.0,0.087657,0.087912,0.09271,0.01382
2025-02-13,0.023808,0.0,0.011705,0.087224,0.018815,0.019376,0.0,0.132157,0.039046,0.012539,0.012374,0.0,0.0,0.074591,0.02842,0.013534,0.0,0.056066,0.0,0.0,0.010992,0.055482,0.0,0.123328,0.0,0.087699,0.087787,0.091331,0.013726
2025-02-14,0.023941,0.0,0.011742,0.087408,0.01896,0.020009,0.0,0.130262,0.039183,0.012609,0.012362,0.0,0.0,0.073964,0.028346,0.013602,0.0,0.055982,0.0,0.0,0.010959,0.054742,0.0,0.123434,0.0,0.088205,0.088087,0.092456,0.013748
2025-02-17,0.023991,0.0,0.011736,0.087666,0.019107,0.019998,0.0,0.130194,0.039163,0.012603,0.012356,0.0,0.0,0.073925,0.028332,0.013594,0.0,0.055952,0.0,0.0,0.010953,0.054714,0.0,0.123369,0.0,0.088158,0.08804,0.092407,0.013742
2025-02-18,0.023953,0.0,0.011857,0.087975,0.019168,0.020193,0.0,0.130142,0.039435,0.012772,0.01245,0.0,0.0,0.074177,0.028591,0.013716,0.0,0.056309,0.0,0.0,0.011,0.055609,0.0,0.124264,0.0,0.087668,0.087739,0.089244,0.01374
2025-02-19,0.02387,0.0,0.01175,0.087716,0.019062,0.020052,0.0,0.130332,0.039365,0.012845,0.012436,0.0,0.0,0.074611,0.028679,0.013687,0.0,0.055766,0.0,0.0,0.010984,0.05552,0.0,0.123297,0.0,0.087621,0.087728,0.090967,0.013712
2025-02-20,0.023778,0.0,0.011771,0.086439,0.019191,0.020435,0.0,0.131233,0.03878,0.012969,0.01236,0.0,0.0,0.074354,0.028689,0.01365,0.0,0.054886,0.0,0.0,0.011042,0.055575,0.0,0.122044,0.0,0.087842,0.087948,0.093293,0.013721
2025-02-21,0.023989,0.0,0.011774,0.087073,0.01948,0.021016,0.0,0.130382,0.03865,0.012816,0.012201,0.0,0.0,0.075918,0.028962,0.013403,0.0,0.053397,0.0,0.0,0.011034,0.056036,0.0,0.121539,0.0,0.089176,0.088939,0.090369,0.013846
2025-02-24,0.023892,0.0,0.011789,0.086308,0.019213,0.020311,0.0,0.131028,0.039042,0.012893,0.012216,0.0,0.0,0.076589,0.028984,0.013288,0.0,0.052975,0.0,0.0,0.011142,0.056666,0.0,0.119933,0.0,0.089882,0.08965,0.09027,0.01393
2025-02-25,0.023738,0.0,0.01198,0.085713,0.01925,0.020614,0.0,0.131799,0.039272,0.012785,0.012354,0.0,0.0,0.078149,0.029014,0.013195,0.0,0.05297,0.0,0.0,0.011347,0.056259,0.0,0.120797,0.0,0.091142,0.090576,0.085031,0.014015
2025-02-26,0.024109,0.0,0.01201,0.087153,0.019621,0.021165,0.0,0.131432,0.039261,0.012736,0.012385,0.0,0.0,0.076798,0.02919,0.013364,0.0,0.053631,0.0,0.0,0.011321,0.056451,0.0,0.121295,0.0,0.091566,0.090822,0.081646,0.014044
2025-02-27,0.024115,0.0,0.012012,0.087849,0.019451,0.021136,0.0,0.131157,0.039776,0.012902,0.012435,0.0,0.0,0.07737,0.028758,0.012975,0.0,0.052828,0.0,0.0,0.011452,0.056012,0.0,0.120815,0.0,0.092151,0.0914,0.081255,0.014152
2025-02-28,0.050254,0.010742,0.023449,0.076996,0.016859,0.020927,0.0,0.0,0.156926,0.0,0.059842,0.0,0.015405,0.0,0.01482,0.0,0.0,0.080661,0.016085,0.0,0.0,0.061832,0.012134,0.141415,0.0,0.0,0.113923,0.102775,0.024955
2025-03-03,0.05092,0.010904,0.023742,0.0769,0.016997,0.020661,0.0,0.0,0.155862,0.0,0.059089,0.0,0.015498,0.0,0.014865,0.0,0.0,0.079952,0.015715,0.0,0.0,0.062751,0.012343,0.139298,0.0,0.0,0.114423,0.10508,0.024999
2025-03-04,0.049783,0.011018,0.023755,0.074355,0.016891,0.021155,0.0,0.0,0.151709,0.0,0.058449,0.0,0.015489,0.0,0.014753,0.0,0.0,0.081916,0.015828,0.0,0.0,0.063856,0.012561,0.141285,0.0,0.0,0.115027,0.106947,0.025222
2025-03-05,0.049661,0.011183,0.024021,0.073049,0.017214,0.021955,0.0,0.0,0.15098,0.0,0.058745,0.0,0.01548,0.0,0.014494,0.0,0.0,0.081857,0.015992,0.0,0.0,0.063314,0.012758,0.140861,0.0,0.0,0.113235,0.110241,0.02496
2025-03-06,0.050511,0.011149,0.024027,0.073934,0.017541,0.022253,0.0,0.0,0.149673,0.0,0.058707,0.0,0.015561,0.0,0.014307,0.0,0.0,0.080299,0.01565,0.0,0.0,0.063497,0.012826,0.141451,0.0,0.0,0.11409,0.109362,0.025159
2025-03-07,0.04977,0.01134,0.024282,0.072865,0.017443,0.022298,0.0,0.0,0.149265,0.0,0.059544,0.0,0.015602,0.0,0.01461,0.0,0.0,0.081281,0.015832,0.0,0.0,0.063692,0.012815,0.142945,0.0,0.0,0.114194,0.106993,0.025228
2025-03-10,0.050418,0.011282,0.02425,0.074258,0.017565,0.022063,0.0,0.0,0.148889,0.0,0.059804,0.0,0.015747,0.0,0.015071,0.0,0.0,0.0796,0.015507,0.0,0.0,0.064418,0.012864,0.146566,0.0,0.0,0.117036,0.098921,0.025742
2025-03-11,0.049599,0.011229,0.024043,0.072569,0.017535,0.022427,0.0,0.0,0.14726,0.0,0.058743,0.0,0.015538,0.0,0.014894,0.0,0.0,0.080135,0.015568,0.0,0.0,0.065016,0.013207,0.146267,0.0,0.0,0.116435,0.103849,0.025686
2025-03-12,0.049969,0.011242,0.024435,0.073017,0.01762,0.0223,0.0,0.0,0.147166,0.0,0.058615,0.0,0.01535,0.0,0.014816,0.0,0.0,0.080379,0.015751,0.0,0.0,0.065161,0.013294,0.14563,0.0,0.0,0.116052,0.103574,0.025629
2025-03-13,0.049747,0.011223,0.024505,0.073127,0.017669,0.022504,0.0,0.0,0.147335,0.0,0.058401,0.0,0.01537,0.0,0.014951,0.0,0.0,0.07906,0.015415,0.0,0.0,0.066758,0.013612,0.146817,0.0,0.0,0.116993,0.100707,0.025804
2025-03-14,0.049564,0.011277,0.024504,0.073039,0.017656,0.02279,0.0,0.0,0.148407,0.0,0.058541,0.0,0.015246,0.0,0.015006,0.0,0.0,0.080423,0.01564,0.0,0.0,0.065745,0.013387,0.143663,0.0,0.0,0.114899,0.104805,0.025407
2025-03-17,0.049553,0.011295,0.024546,0.073035,0.017816,0.023095,0.0,0.0,0.148842,0.0,0.058832,0.0,0.015306,0.0,0.014937,0.0,0.0,0.08094,0.015615,0.0,0.0,0.065525,0.013314,0.144565,0.0,0.0,0.113929,0.103672,0.025183
2025-03-18,0.04959,0.011382,0.024568,0.073126,0.017891,0.023067,0.0,0.0,0.149218,0.0,0.058582,0.0,0.01537,0.0,0.014889,0.0,0.0,0.08075,0.01548,0.0,0.0,0.066539,0.013381,0.145107,0.0,0.0,0.114482,0.101297,0.025281
2025-03-19,0.049377,0.011269,0.024614,0.07319,0.017717,0.022829,0.0,0.0,0.149431,0.0,0.058797,0.0,0.015233,0.0,0.014803,0.0,0.0,0.080926,0.0155,0.0,0.0,0.066179,0.013211,0.143678,0.0,0.0,0.113976,0.104224,0.025047
2025-03-20,0.049568,0.011193,0.024571,0.073891,0.017602,0.022274,0.0,0.0,0.150178,0.0,0.058711,0.0,0.015297,0.0,0.014916,0.0,0.0,0.079878,0.015404,0.0,0.0,0.066331,0.013151,0.144461,0.0,0.0,0.114488,0.102949,0.025139
2025-03-21,0.049581,0.011146,0.024689,0.073579,0.017643,0.021967,0.0,0.0,0.15033,0.0,0.05867,0.0,0.015325,0.0,0.014889,0.0,0.0,0.080127,0.015379,0.0,0.0,0.066103,0.013004,0.14427,0.0,0.0,0.114886,0.103152,0.025259
2025-03-24,0.049725,0.01101,0.02435,0.073945,0.017523,0.021699,0.0,0.0,0.151222,0.0,0.059071,0.0,0.015265,0.0,0.014713,0.0,0.0,0.080485,0.015373,0.0,0.0,0.065052,0.012829,0.142291,0.0,0.0,0.113276,0.107203,0.024968
2025-03-25,0.049743,0.011045,0.024455,0.073893,0.01746,0.0214,0.0,0.0,0.151632,0.0,0.05899,0.0,0.015027,0.0,0.014436,0.0,0.0,0.081167,0.015359,0.0,0.0,0.065152,0.013057,0.142364,0.0,0.0,0.113138,0.106789,0.024895
2025-03-26,0.049754,0.010965,0.024308,0.074137,0.017499,0.021551,0.0,0.0,0.152249,0.0,0.059013,0.0,0.015077,0.0,0.014635,0.0,0.0,0.080321,0.015115,0.0,0.0,0.065558,0.013128,0.142299,0.0,0.0,0.113792,0.105516,0.025083
2025-03-27,0.049611,0.010998,0.024294,0.073718,0.017596,0.021887,0.0,0.0,0.152072,0.0,0.058748,0.0,0.015114,0.0,0.014643,0.0,0.0,0.079155,0.015037,0.0,0.0,0.066492,0.013479,0.141666,0.0,0.0,0.114125,0.106261,0.025106
2025-03-28,0.049345,0.01109,0.024108,0.073064,0.017474,0.021675,0.0,0.0,0.151049,0.0,0.058276,0.0,0.015261,0.0,0.01494,0.0,0.0,0.078658,0.014766,0.0,0.0,0.067845,0.013512,0.143703,0.0,0.0,0.116179,0.103628,0.025427
2025-03-31,0.034489,0.041072,0.01097,0.030823,0.023126,0.066469,0.0,0.0,0.113153,0.011092,0.050237,0.0,0.034291,0.025646,0.01764,0.01411,0.0,0.058774,0.0,0.035025,0.01405,0.041327,0.0,0.132332,0.0,0.067813,0.107119,0.058348,0.012094
2025-04-01,0.034709,0.040924,0.010845,0.030894,0.023221,0.066243,0.0,0.0,0.112324,0.011089,0.050211,0.0,0.033458,0.025527,0.017576,0.014126,0.0,0.058896,0.0,0.03464,0.01397,0.040992,0.0,0.134467,0.0,0.067634,0.106529,0.059705,0.012021
2025-04-02,0.034686,0.040855,0.010795,0.030705,0.023069,0.065444,0.0,0.0,0.112689,0.01105,0.050432,0.0,0.033515,0.025326,0.017571,0.01416,0.0,0.059462,0.0,0.034477,0.013986,0.040873,0.0,0.135043,0.0,0.067235,0.105838,0.060824,0.011965
2025-04-03,0.034392,0.041235,0.010598,0.029681,0.023224,0.066405,0.0,0.0,0.109706,0.010426,0.048845,0.0,0.03404,0.026082,0.017879,0.01351,0.0,0.057882,0.0,0.033886,0.013832,0.041599,0.0,0.13726,0.0,0.069554,0.109051,0.058661,0.012253
2025-04-04,0.033932,0.040092,0.010374,0.029336,0.022859,0.064396,0.0,0.0,0.105839,0.009854,0.047649,0.0,0.033489,0.025971,0.017575,0.013136,0.0,0.056583,0.0,0.033227,0.013773,0.042289,0.0,0.138429,0.0,0.072603,0.113135,0.062706,0.012752
2025-04-07,0.03349,0.039791,0.010593,0.029583,0.022392,0.060684,0.0,0.0,0.108141,0.010028,0.048579,0.0,0.034098,0.026293,0.017727,0.013536,0.0,0.058129,0.0,0.031978,0.013737,0.042386,0.0,0.138159,0.0,0.073482,0.114491,0.059634,0.01307
2025-04-08,0.034834,0.039827,0.010706,0.03052,0.022898,0.059966,0.0,0.0,0.108285,0.009847,0.048428,0.0,0.033896,0.026021,0.017746,0.01333,0.0,0.058179,0.0,0.031175,0.013438,0.042838,0.0,0.137787,0.0,0.073493,0.114803,0.058852,0.013133
2025-04-09,0.032302,0.041052,0.011052,0.027776,0.021414,0.06114,0.0,0.0,0.111711,0.010179,0.050586,0.0,0.033931,0.025931,0.017695,0.014504,0.0,0.061496,0.0,0.032905,0.013661,0.042617,0.0,0.136108,0.0,0.070282,0.110367,0.060687,0.012603
2025-04-10,0.034359,0.040958,0.010817,0.029061,0.022702,0.061714,0.0,0.0,0.109791,0.009619,0.049826,0.0,0.033349,0.026231,0.017757,0.013982,0.0,0.060556,0.0,0.032576,0.013497,0.044141,0.0,0.136239,0.0,0.070616,0.110261,0.059204,0.012743
2025-04-11,0.033895,0.041357,0.010903,0.02826,0.022706,0.062841,0.0,0.0,0.109758,0.009694,0.049865,0.0,0.033278,0.026121,0.017676,0.014032,0.0,0.060421,0.0,0.033166,0.013436,0.044238,0.0,0.136841,0.0,0.069054,0.108473,0.061452,0.012534
2025-04-14,0.034621,0.041278,0.010978,0.028907,0.023021,0.063359,0.0,0.0,0.109855,0.009638,0.049916,0.0,0.03337,0.02632,0.017826,0.014028,0.0,0.06004,0.0,0.033228,0.013586,0.043576,0.0,0.135413,0.0,0.06896,0.107981,0.061679,0.012419
2025-04-15,0.034768,0.04171,0.011072,0.029354,0.023117,0.062898,0.0,0.0,0.110182,0.009628,0.04969,0.0,0.03318,0.026109,0.017831,0.014086,0.0,0.060641,0.0,0.032928,0.013633,0.043823,0.0,0.134751,0.0,0.069195,0.108018,0.060973,0.012414
2025-04-16,0.034636,0.041672,0.010998,0.029285,0.023024,0.061825,0.0,0.0,0.108797,0.009737,0.049163,0.0,0.032946,0.025909,0.017726,0.013639,0.0,0.059756,0.0,0.032492,0.013666,0.045391,0.0,0.137138,0.0,0.069713,0.108656,0.061365,0.012466
2025-04-17,0.034245,0.041995,0.011181,0.029118,0.023034,0.061826,0.0,0.0,0.108792,0.009931,0.049302,0.0,0.032666,0.026393,0.017861,0.013529,0.0,0.059158,0.0,0.03249,0.013834,0.045073,0.0,0.137449,0.0,0.069333,0.10862,0.061737,0.012432
2025-04-21,0.034428,0.041936,0.011216,0.029274,0.023157,0.062282,0.0,0.0,0.107028,0.009723,0.048453,0.0,0.032133,0.026281,0.017531,0.01325,0.0,0.057981,0.0,0.032608,0.013618,0.046715,0.0,0.138078,0.0,0.069327,0.108639,0.063844,0.012499
2025-04-22,0.033918,0.042128,0.011259,0.02874,0.023045,0.06318,0.0,0.0,0.108835,0.009814,0.048527,0.0,0.032224,0.026236,0.017727,0.013361,0.0,0.058106,0.0,0.032528,0.013665,0.04533,0.0,0.137701,0.0,0.068291,0.107331,0.065748,0.012304
2025-04-23,0.034366,0.041945,0.011207,0.029297,0.023223,0.06363,0.0,0.0,0.10928,0.009721,0.048756,0.0,0.032134,0.025885,0.017665,0.013642,0.0,0.058956,0.0,0.032732,0.013585,0.043903,0.0,0.13659,0.0,0.067838,0.106818,0.066617,0.01221
2025-04-24,0.034246,0.042054,0.011218,0.029118,0.023065,0.063349,0.0,0.0,0.109349,0.009774,0.049334,0.0,0.03219,0.025391,0.017509,0.014005,0.0,0.060217,0.0,0.033078,0.013494,0.044081,0.0,0.136579,0.0,0.067498,0.106273,0.06609,0.01209
2025-04-25,0.034339,0.042105,0.011263,0.02905,0.022946,0.063089,0.0,0.0,0.108508,0.009728,0.049185,0.0,0.03225,0.025251,0.017404,0.01417,0.0,0.060605,0.0,0.033205,0.013431,0.043474,0.0,0.137326,0.0,0.067555,0.106008,0.067058,0.01205
2025-04-28,0.034413,0.042329,0.011404,0.029117,0.022999,0.062943,0.0,0.0,0.10872,0.009785,0.049291,0.0,0.032341,0.025137,0.01749,0.014131,0.0,0.060739,0.0,0.032834,0.013498,0.044042,0.0,0.136219,0.0,0.067746,0.106252,0.066529,0.01204
2025-04-29,0.03453,0.042319,0.011422,0.029191,0.023083,0.062593,0.0,0.0,0.109597,0.009734,0.049497,0.0,0.032425,0.025288,0.017585,0.014164,0.0,0.061487,0.0,0.032911,0.01354,0.043513,0.0,0.134362,0.0,0.067824,0.106191,0.06673,0.012012
2025-04-30,0.014429,0.026407,0.020258,0.014256,0.01707,0.028779,0.0,0.0,0.045859,0.029842,0.020737,0.0,0.032746,0.038732,0.022071,0.009908,0.0,0.039247,0.0,0.0,0.015622,0.063068,0.052851,0.064623,0.0,0.095999,0.105823,0.085076,0.156598
2025-05-01,0.014716,0.026342,0.020206,0.014272,0.017211,0.028772,0.0,0.0,0.045901,0.029986,0.020917,0.0,0.031889,0.038439,0.02216,0.010064,0.0,0.039338,0.0,0.0,0.01569,0.061826,0.052534,0.064236,0.0,0.095687,0.105579,0.087462,0.156772
2025-05-02,0.014731,0.026754,0.020302,0.014496,0.017514,0.029633,0.0,0.0,0.046602,0.030262,0.021178,0.0,0.032157,0.038441,0.022215,0.010178,0.0,0.03975,0.0,0.0,0.015799,0.061604,0.051774,0.06447,0.0,0.094538,0.10447,0.087208,0.155923
2025-05-05,0.01475,0.026824,0.020469,0.014599,0.017536,0.02966,0.0,0.0,0.046361,0.029754,0.021216,0.0,0.032108,0.038457,0.022187,0.010137,0.0,0.039989,0.0,0.0,0.015784,0.063525,0.052481,0.064191,0.0,0.094488,0.104498,0.084845,0.156141
2025-05-06,0.014648,0.026655,0.020403,0.014485,0.01762,0.029853,0.0,0.0,0.045925,0.029649,0.020951,0.0,0.031105,0.038247,0.022373,0.010014,0.0,0.039885,0.0,0.0,0.015603,0.065059,0.053596,0.064357,0.0,0.094371,0.10442,0.085206,0.155576
2025-05-07,0.01459,0.026606,0.0203,0.014466,0.017398,0.029189,0.0,0.0,0.046249,0.029694,0.021082,0.0,0.031379,0.038352,0.022463,0.010126,0.0,0.039972,0.0,0.0,0.015638,0.064157,0.052361,0.064407,0.0,0.094729,0.104645,0.086453,0.155743
2025-05-08,0.014689,0.026408,0.020181,0.014664,0.017357,0.029498,0.0,0.0,0.046456,0.029971,0.021292,0.0,0.030979,0.03816,0.022198,0.010184,0.0,0.040032,0.0,0.0,0.015518,0.062656,0.05211,0.064259,0.0,0.093636,0.103877,0.090703,0.155172
2025-05-09,0.014613,0.026507,0.020173,0.014641,0.017369,0.029303,0.0,0.0,0.046322,0.030184,0.021247,0.0,0.030553,0.03783,0.022172,0.010142,0.0,0.039566,0.0,0.0,0.015576,0.062928,0.052559,0.064334,0.0,0.093434,0.103671,0.092088,0.154788
2025-05-12,0.014856,0.026503,0.020347,0.015092,0.017698,0.030228,0.0,0.0,0.04715,0.0309,0.02185,0.0,0.031235,0.037798,0.021988,0.010588,0.0,0.040735,0.0,0.0,0.015617,0.061012,0.052137,0.064113,0.0,0.092624,0.102624,0.090483,0.154421
2025-05-13,0.014973,0.026492,0.020103,0.015062,0.017698,0.029897,0.0,0.0,0.047135,0.031195,0.021905,0.0,0.030161,0.037123,0.02186,0.010769,0.0,0.040942,0.0,0.0,0.015349,0.060999,0.052431,0.064751,0.0,0.092144,0.102414,0.092893,0.153701
2025-05-14,0.015065,0.026597,0.020005,0.015065,0.017967,0.030579,0.0,0.0,0.0473,0.0312,0.021936,0.0,0.029637,0.037155,0.021901,0.010907,0.0,0.040937,0.0,0.0,0.015294,0.06009,0.051561,0.0648,0.0,0.092375,0.102951,0.091997,0.15468
2025-05-15,0.015002,0.026706,0.020126,0.014997,0.017768,0.029839,0.0,0.0,0.04734,0.031151,0.022052,0.0,0.029852,0.037698,0.022238,0.010859,0.0,0.041117,0.0,0.0,0.015483,0.060696,0.051894,0.064827,0.0,0.092441,0.102649,0.091423,0.153843
2025-05-16,0.015032,0.026713,0.020136,0.015096,0.01773,0.029694,0.0,0.0,0.047525,0.031037,0.022255,0.0,0.030389,0.038048,0.022517,0.010856,0.0,0.04126,0.0,0.0,0.015642,0.059834,0.051241,0.064547,0.0,0.092272,0.102608,0.092066,0.153504
2025-05-19,0.01504,0.026961,0.020087,0.014912,0.017712,0.029741,0.0,0.0,0.047384,0.030526,0.022252,0.0,0.030572,0.038024,0.022533,0.010802,0.0,0.041246,0.0,0.0,0.01559,0.060391,0.051269,0.064883,0.0,0.091897,0.102255,0.092909,0.153013
2025-05-20,0.015015,0.027033,0.020125,0.014934,0.017609,0.029896,0.0,0.0,0.046944,0.030126,0.022086,0.0,0.030529,0.03801,0.02251,0.010719,0.0,0.041178,0.0,0.0,0.015439,0.061277,0.052302,0.064796,0.0,0.091424,0.101709,0.093922,0.152416
2025-05-21,0.015071,0.026997,0.020015,0.014795,0.017801,0.029899,0.0,0.0,0.046163,0.029687,0.021797,0.0,0.029938,0.037715,0.022186,0.010559,0.0,0.040677,0.0,0.0,0.015086,0.06197,0.053169,0.065119,0.0,0.091144,0.101551,0.095624,0.153037
2025-05-22,0.014887,0.02697,0.020038,0.014666,0.017628,0.029778,0.0,0.0,0.046123,0.02958,0.021799,0.0,0.029713,0.03757,0.021876,0.010565,0.0,0.041185,0.0,0.0,0.015022,0.06144,0.052348,0.06448,0.0,0.091515,0.101884,0.097868,0.153065
2025-05-23,0.01481,0.026943,0.020232,0.01459,0.017642,0.029811,0.0,0.0,0.045984,0.029691,0.021741,0.0,0.029682,0.03773,0.022151,0.010455,0.0,0.040937,0.0,0.0,0.015046,0.062822,0.053111,0.063905,0.0,0.091832,0.102036,0.095667,0.153181
2025-05-26,0.014808,0.02694,0.02023,0.01474,0.01764,0.029808,0.0,0.0,0.045979,0.029688,0.021738,0.0,0.029679,0.037726,0.022149,0.010453,0.0,0.040933,0.0,0.0,0.015044,0.062815,0.053105,0.063898,0.0,0.091822,0.102024,0.095657,0.153125
2025-05-27,0.014979,0.027137,0.020667,0.014817,0.017534,0.02927,0.0,0.0,0.046573,0.029808,0.02202,0.0,0.029955,0.037894,0.022213,0.010653,0.0,0.041543,0.0,0.0,0.015237,0.061467,0.05248,0.063301,0.0,0.091782,0.101847,0.096383,0.152442
2025-05-28,0.015057,0.027083,0.020456,0.014909,0.017593,0.029111,0.0,0.0,0.046623,0.029659,0.022082,0.0,0.030034,0.03793,0.022074,0.010692,0.0,0.041272,0.0,0.0,0.01534,0.061807,0.052452,0.06311,0.0,0.092243,0.102407,0.094411,0.153654
2025-05-29,0.015061,0.027177,0.020539,0.014776,0.017649,0.029353,0.0,0.0,0.046787,0.029832,0.022066,0.0,0.030186,0.038021,0.022191,0.010692,0.0,0.040985,0.0,0.0,0.015454,0.062072,0.052926,0.062654,0.0,0.092476,0.102532,0.093086,0.153485
2025-05-30,0.032708,0.065245,0.04528,0.0,0.038845,0.024309,0.014989,0.048892,0.032645,0.0,0.0,0.0,0.024977,0.053367,0.0,0.0,0.0,0.078391,0.0,0.0,0.0,0.04761,0.018818,0.118844,0.0,0.092829,0.093035,0.140468,0.028747
2025-06-02,0.032666,0.065646,0.045677,0.0,0.038825,0.024424,0.014968,0.048923,0.032541,0.0,0.0,0.0,0.024903,0.053208,0.0,0.0,0.0,0.078903,0.0,0.0,0.0,0.0487,0.019744,0.118107,0.0,0.092182,0.092389,0.139545,0.028649
2025-06-03,0.032861,0.064946,0.045026,0.0,0.038978,0.0246,0.015106,0.048299,0.032535,0.0,0.0,0.0,0.024907,0.053042,0.0,0.0,0.0,0.079547,0.0,0.0,0.0,0.048164,0.019608,0.118161,0.0,0.091895,0.092105,0.141636,0.028585
2025-06-04,0.03297,0.065313,0.044952,0.0,0.039414,0.025046,0.015014,0.048216,0.032318,0.0,0.0,0.0,0.024931,0.052619,0.0,0.0,0.0,0.079079,0.0,0.0,0.0,0.048427,0.019527,0.11893,0.0,0.09248,0.092371,0.139837,0.028556
2025-06-05,0.033133,0.065537,0.044639,0.0,0.03991,0.025198,0.015138,0.048564,0.032306,0.0,0.0,0.0,0.024957,0.052238,0.0,0.0,0.0,0.079648,0.0,0.0,0.0,0.048298,0.020267,0.12081,0.0,0.092427,0.09232,0.135979,0.028631
2025-06-06,0.032967,0.065419,0.044699,0.0,0.039617,0.025053,0.015136,0.048997,0.032561,0.0,0.0,0.0,0.025082,0.052169,0.0,0.0,0.0,0.079495,0.0,0.0,0.0,0.047436,0.020325,0.121237,0.0,0.091278,0.091413,0.138613,0.028506
2025-06-09,0.032816,0.065007,0.044484,0.0,0.039788,0.025167,0.014986,0.048981,0.032179,0.0,0.0,0.0,0.024881,0.051771,0.0,0.0,0.0,0.078242,0.0,0.0,0.0,0.047359,0.020629,0.120079,0.0,0.090869,0.090964,0.143469,0.02833
2025-06-10,0.03281,0.065095,0.044433,0.0,0.03986,0.025232,0.015033,0.048976,0.032202,0.0,0.0,0.0,0.025153,0.051861,0.0,0.0,0.0,0.078002,0.0,0.0,0.0,0.047352,0.020521,0.118622,0.0,0.090982,0.090964,0.144588,0.028314
2025-06-11,0.032989,0.065001,0.044294,0.0,0.040327,0.025302,0.0153,0.049024,0.032155,0.0,0.0,0.0,0.025159,0.051669,0.0,0.0,0.0,0.078184,0.0,0.0,0.0,0.047594,0.020342,0.1185,0.0,0.091334,0.091089,0.143428,0.028309
2025-06-12,0.032971,0.06563,0.044637,0.0,0.040199,0.025281,0.015269,0.048575,0.032169,0.0,0.0,0.0,0.025366,0.051995,0.0,0.0,0.0,0.078571,0.0,0.0,0.0,0.048205,0.020419,0.118374,0.0,0.09177,0.091388,0.140855,0.028326
2025-06-13,0.033083,0.065136,0.044614,0.0,0.040001,0.025011,0.015381,0.048273,0.031757,0.0,0.0,0.0,0.025436,0.051758,0.0,0.0,0.0,0.078411,0.0,0.0,0.0,0.049216,0.020521,0.119071,0.0,0.092139,0.091961,0.139692,0.028539
2025-06-16,0.032976,0.064845,0.04434,0.0,0.040194,0.025165,0.015636,0.048344,0.03186,0.0,0.0,0.0,0.025153,0.051506,0.0,0.0,0.0,0.07865,0.0,0.0,0.0,0.048123,0.020393,0.119032,0.0,0.091135,0.091094,0.143238,0.028317
2025-06-17,0.033047,0.064504,0.044221,0.0,0.040135,0.025136,0.01567,0.048142,0.031973,0.0,0.0,0.0,0.024968,0.051545,0.0,0.0,0.0,0.079426,0.0,0.0,0.0,0.048596,0.021025,0.118903,0.0,0.092435,0.092427,0.13926,0.028586
2025-06-18,0.033115,0.064634,0.044812,0.0,0.040092,0.024967,0.015695,0.048235,0.032046,0.0,0.0,0.0,0.024992,0.051619,0.0,0.0,0.0,0.079291,0.0,0.0,0.0,0.048464,0.020788,0.118734,0.0,0.092741,0.092742,0.138368,0.028665
2025-06-19,0.032709,0.064706,0.044861,0.0,0.039468,0.024995,0.015713,0.048289,0.032081,0.0,0.0,0.0,0.02502,0.051676,0.0,0.0,0.0,0.079379,0.0,0.0,0.0,0.048518,0.020811,0.118866,0.0,0.092844,0.092845,0.138522,0.028697
2025-06-20,0.033102,0.064562,0.044238,0.0,0.040051,0.024891,0.015543,0.048573,0.032294,0.0,0.0,0.0,0.024995,0.052254,0.0,0.0,0.0,0.078852,0.0,0.0,0.0,0.048683,0.020545,0.117672,0.0,0.093258,0.093363,0.138316,0.028809
2025-06-23,0.032952,0.064806,0.044182,0.0,0.039893,0.025061,0.015461,0.048704,0.032541,0.0,0.0,0.0,0.024909,0.052602,0.0,0.0,0.0,0.079936,0.0,0.0,0.0,0.048594,0.020595,0.117409,0.0,0.093128,0.092984,0.137575,0.028666
2025-06-24,0.033228,0.065191,0.044301,0.0,0.040766,0.025542,0.015527,0.048788,0.032789,0.0,0.0,0.0,0.025032,0.052177,0.0,0.0,0.0,0.079736,0.0,0.0,0.0,0.047485,0.020229,0.115724,0.0,0.092776,0.09243,0.13982,0.028463
2025-06-25,0.033141,0.064693,0.044052,0.0,0.040804,0.025485,0.015277,0.048892,0.032632,0.0,0.0,0.0,0.025017,0.0514,0.0,0.0,0.0,0.08022,0.0,0.0,0.0,0.047557,0.020446,0.114627,0.0,0.092676,0.092342,0.142317,0.028422
2025-06-26,0.033253,0.064934,0.044767,0.0,0.040897,0.025367,0.015512,0.049286,0.032716,0.0,0.0,0.0,0.024956,0.051109,0.0,0.0,0.0,0.080512,0.0,0.0,0.0,0.047277,0.020552,0.11434,0.0,0.092561,0.092168,0.141503,0.02829
2025-06-27,0.033579,0.065564,0.04558,0.0,0.040861,0.025214,0.015525,0.049441,0.032825,0.0,0.0,0.0,0.024914,0.051374,0.0,0.0,0.0,0.08014,0.0,0.0,0.0,0.046441,0.020117,0.115223,0.0,0.09236,0.092091,0.140448,0.028304
2025-06-30,0.024778,0.102808,0.023856,0.0,0.032429,0.030362,0.0,0.046268,0.027687,0.0,0.04238,0.0,0.0,0.115589,0.036176,0.010766,0.0,0.140891,0.0,0.0,0.0,0.057253,0.0,0.093518,0.0,0.075524,0.07546,0.055024,0.009233
2025-07-01,0.024857,0.103181,0.023748,0.0,0.032622,0.030543,0.0,0.046533,0.027919,0.0,0.042642,0.0,0.0,0.117364,0.036404,0.0107,0.0,0.139125,0.0,0.0,0.0,0.057929,0.0,0.091992,0.0,0.075599,0.075634,0.053948,0.00926
2025-07-02,0.024854,0.103107,0.023674,0.0,0.032574,0.030282,0.0,0.046163,0.027796,0.0,0.042528,0.0,0.0,0.117276,0.035956,0.010774,0.0,0.1388,0.0,0.0,0.0,0.058035,0.0,0.09244,0.0,0.075163,0.075322,0.056031,0.009226
2025-07-03,0.024981,0.102718,0.023641,0.0,0.032761,0.03003,0.0,0.04617,0.028005,0.0,0.04275,0.0,0.0,0.116837,0.036108,0.01088,0.0,0.140966,0.0,0.0,0.0,0.057452,0.0,0.09221,0.0,0.074658,0.074946,0.05569,0.009199
2025-07-04,0.02486,0.102765,0.023652,0.0,0.03245,0.030043,0.0,0.046191,0.028018,0.0,0.04277,0.0,0.0,0.11689,0.036125,0.010885,0.0,0.14103,0.0,0.0,0.0,0.057478,0.0,0.092252,0.0,0.074692,0.07498,0.055715,0.009203
2025-07-07,0.02495,0.102487,0.023189,0.0,0.032597,0.03012,0.0,0.046037,0.027872,0.0,0.042808,0.0,0.0,0.117305,0.036359,0.010846,0.0,0.141184,0.0,0.0,0.0,0.057774,0.0,0.092014,0.0,0.074783,0.075214,0.055217,0.009245
2025-07-08,0.024894,0.103509,0.023316,0.0,0.032609,0.030413,0.0,0.046329,0.027633,0.0,0.042813,0.0,0.0,0.116263,0.035987,0.010908,0.0,0.141238,0.0,0.0,0.0,0.057192,0.0,0.092156,0.0,0.074701,0.07518,0.05561,0.009249
2025-07-09,0.024864,0.103974,0.023232,0.0,0.032361,0.029957,0.0,0.046069,0.027593,0.0,0.042893,0.0,0.0,0.114919,0.036139,0.010918,0.0,0.141709,0.0,0.0,0.0,0.057156,0.0,0.092365,0.0,0.074708,0.075079,0.05686,0.009203
2025-07-10,0.025058,0.104321,0.023198,0.0,0.032585,0.030297,0.0,0.045904,0.027852,0.0,0.043283,0.0,0.0,0.115731,0.036561,0.01092,0.0,0.137336,0.0,0.0,0.0,0.057482,0.0,0.092113,0.0,0.074927,0.075319,0.05788,0.009233
2025-07-11,0.025009,0.1034,0.023071,0.0,0.032605,0.03034,0.0,0.045695,0.027631,0.0,0.043236,0.0,0.0,0.115592,0.0366,0.010899,0.0,0.13557,0.0,0.0,0.0,0.058179,0.0,0.092344,0.0,0.074766,0.075384,0.060418,0.00926
2025-07-14,0.024947,0.103004,0.023011,0.0,0.032544,0.03057,0.0,0.045577,0.027745,0.0,0.043325,0.0,0.0,0.115308,0.036624,0.010854,0.0,0.136294,0.0,0.0,0.0,0.057775,0.0,0.092431,0.0,0.074487,0.075182,0.061092,0.009231
2025-07-15,0.025061,0.102476,0.022931,0.0,0.032936,0.031395,0.0,0.045841,0.027448,0.0,0.043282,0.0,0.0,0.114899,0.036512,0.011022,0.0,0.137015,0.0,0.0,0.0,0.05791,0.0,0.0921,0.0,0.074679,0.075472,0.059731,0.009291
2025-07-16,0.024775,0.102411,0.02292,0.0,0.032864,0.031143,0.0,0.045934,0.0275,0.0,0.043216,0.0,0.0,0.11472,0.036346,0.011,0.0,0.136735,0.0,0.0,0.0,0.057906,0.0,0.092566,0.0,0.074508,0.075347,0.060863,0.009245
2025-07-17,0.024951,0.102147,0.022958,0.0,0.033035,0.03126,0.0,0.045559,0.027668,0.0,0.043463,0.0,0.0,0.115402,0.036369,0.011062,0.0,0.137578,0.0,0.0,0.0,0.057579,0.0,0.091887,0.0,0.074225,0.075153,0.060492,0.009213
2025-07-18,0.024985,0.10196,0.022759,0.0,0.033099,0.03153,0.0,0.045106,0.027665,0.0,0.043337,0.0,0.0,0.115012,0.036954,0.011047,0.0,0.137784,0.0,0.0,0.0,0.05769,0.0,0.092716,0.0,0.074381,0.075185,0.05958,0.009208
2025-07-21,0.025058,0.102154,0.022949,0.0,0.033179,0.031641,0.0,0.045188,0.02751,0.0,0.04299,0.0,0.0,0.114682,0.036971,0.011031,0.0,0.138293,0.0,0.0,0.0,0.058416,0.0,0.091999,0.0,0.074435,0.075169,0.059152,0.009183
2025-07-22,0.024858,0.102376,0.02298,0.0,0.032899,0.031991,0.0,0.044904,0.027559,0.0,0.042931,0.0,0.0,0.115298,0.037284,0.010888,0.0,0.136688,0.0,0.0,0.0,0.058749,0.0,0.091903,0.0,0.074368,0.074957,0.060218,0.009149
2025-07-23,0.024923,0.103974,0.023975,0.0,0.033063,0.03216,0.0,0.044798,0.027652,0.0,0.043503,0.0,0.0,0.114815,0.036835,0.0109,0.0,0.136653,0.0,0.0,0.0,0.057756,0.0,0.092295,0.0,0.073765,0.074324,0.059499,0.009109
2025-07-24,0.02515,0.103077,0.02405,0.0,0.033101,0.032197,0.0,0.044353,0.027701,0.0,0.04353,0.0,0.0,0.114674,0.036873,0.010972,0.0,0.136897,0.0,0.0,0.0,0.057537,0.0,0.09251,0.0,0.073827,0.074551,0.059874,0.009128
2025-07-25,0.025139,0.103399,0.023799,0.0,0.032906,0.032092,0.0,0.044182,0.027921,0.0,0.044004,0.0,0.0,0.114982,0.037005,0.011008,0.0,0.137545,0.0,0.0,0.0,0.05706,0.0,0.092175,0.0,0.07407,0.074691,0.058882,0.00914
2025-07-28,0.025232,0.102049,0.023474,0.0,0.03298,0.032128,0.0,0.043934,0.027868,0.0,0.044088,0.0,0.0,0.11437,0.036795,0.011152,0.0,0.13759,0.0,0.0,0.0,0.056976,0.0,0.093172,0.0,0.074278,0.074972,0.059759,0.009184
2025-07-29,0.025137,0.101852,0.023338,0.0,0.032913,0.032035,0.0,0.044126,0.027712,0.0,0.043564,0.0,0.0,0.115062,0.037198,0.011146,0.0,0.137815,0.0,0.0,0.0,0.057103,0.0,0.092343,0.0,0.074727,0.075336,0.059412,0.009181
2025-07-30,0.02529,0.101424,0.023527,0.0,0.033005,0.031881,0.0,0.043767,0.027845,0.0,0.043642,0.0,0.0,0.11481,0.037728,0.011246,0.0,0.137327,0.0,0.0,0.0,0.056495,0.0,0.092786,0.0,0.074969,0.075548,0.059467,0.009242
2025-07-31,0.053525,0.093959,0.0,0.0,0.06101,0.011024,0.055997,0.02196,0.051162,0.0,0.098871,0.0,0.0,0.101846,0.0,0.061312,0.015026,0.072783,0.0,0.0,0.0,0.112536,0.0,0.0,0.0,0.057985,0.09179,0.026214,0.013001
2025-08-01,0.052646,0.093863,0.0,0.0,0.060488,0.010894,0.056441,0.022085,0.050423,0.0,0.097799,0.0,0.0,0.102756,0.0,0.060238,0.014913,0.071919,0.0,0.0,0.0,0.115297,0.0,0.0,0.0,0.058896,0.092816,0.025465,0.013059
2025-08-04,0.052854,0.094083,0.0,0.0,0.060626,0.010976,0.056515,0.021784,0.05046,0.0,0.097801,0.0,0.0,0.102315,0.0,0.060902,0.014974,0.072589,0.0,0.0,0.0,0.114912,0.0,0.0,0.0,0.058439,0.092237,0.02559,0.012941
2025-08-05,0.052881,0.094348,0.0,0.0,0.060998,0.01107,0.056803,0.021793,0.050344,0.0,0.097772,0.0,0.0,0.102394,0.0,0.060504,0.014896,0.071809,0.0,0.0,0.0,0.115207,0.0,0.0,0.0,0.058499,0.092316,0.025401,0.012964
2025-08-06,0.053004,0.094294,0.0,0.0,0.060756,0.011107,0.057403,0.021616,0.050321,0.0,0.097334,0.0,0.0,0.103309,0.0,0.060863,0.014706,0.072512,0.0,0.0,0.0,0.114356,0.0,0.0,0.0,0.058148,0.091754,0.025622,0.012895
2025-08-07,0.052934,0.094991,0.0,0.0,0.061196,0.011042,0.058473,0.021659,0.049602,0.0,0.096886,0.0,0.0,0.103766,0.0,0.060726,0.014901,0.070453,0.0,0.0,0.0,0.114958,0.0,0.0,0.0,0.057922,0.091565,0.026067,0.012857
2025-08-08,0.053183,0.095215,0.0,0.0,0.061077,0.01103,0.057922,0.021472,0.050022,0.0,0.096878,0.0,0.0,0.103978,0.0,0.061279,0.015014,0.070322,0.0,0.0,0.0,0.114832,0.0,0.0,0.0,0.057739,0.091427,0.025764,0.012847
2025-08-11,0.053375,0.095012,0.0,0.0,0.061236,0.010993,0.057743,0.021599,0.050155,0.0,0.096857,0.0,0.0,0.104205,0.0,0.06105,0.015031,0.070268,0.0,0.0,0.0,0.113525,0.0,0.0,0.0,0.057932,0.091705,0.02643,0.012883
2025-08-12,0.053284,0.095191,0.0,0.0,0.061292,0.011074,0.058819,0.021502,0.050345,0.0,0.097053,0.0,0.0,0.10362,0.0,0.061483,0.015383,0.071113,0.0,0.0,0.0,0.112485,0.0,0.0,0.0,0.057441,0.09079,0.026345,0.012778
2025-08-13,0.053296,0.095422,0.0,0.0,0.061829,0.011364,0.058102,0.021496,0.050388,0.0,0.096952,0.0,0.0,0.103118,0.0,0.061208,0.015536,0.071298,0.0,0.0,0.0,0.112282,0.0,0.0,0.0,0.057367,0.090695,0.026931,0.012716
2025-08-14,0.053563,0.096255,0.0,0.0,0.061333,0.011203,0.057896,0.021519,0.050971,0.0,0.096749,0.0,0.0,0.102891,0.0,0.061492,0.015658,0.07069,0.0,0.0,0.0,0.11233,0.0,0.0,0.0,0.057571,0.091041,0.026031,0.012807
2025-08-15,0.053742,0.096551,0.0,0.0,0.061567,0.01128,0.058562,0.021651,0.050463,0.0,0.096345,0.0,0.0,0.103096,0.0,0.06105,0.015306,0.070964,0.0,0.0,0.0,0.112441,0.0,0.0,0.0,0.057479,0.090903,0.025786,0.012814
2025-08-18,0.053609,0.0963,0.0,0.0,0.061773,0.01134,0.058709,0.02196,0.050466,0.0,0.096656,0.0,0.0,0.102886,0.0,0.061138,0.01534,0.071083,0.0,0.0,0.0,0.112187,0.0,0.0,0.0,0.057385,0.090741,0.025622,0.012805
2025-08-19,0.053804,0.096843,0.0,0.0,0.061698,0.011294,0.056976,0.022098,0.050738,0.0,0.097204,0.0,0.0,0.104302,0.0,0.060279,0.015152,0.070934,0.0,0.0,0.0,0.111961,0.0,0.0,0.0,0.05773,0.091147,0.02499,0.012851
2025-08-20,0.053308,0.09711,0.0,0.0,0.061232,0.011326,0.057508,0.022101,0.050861,0.0,0.096854,0.0,0.0,0.104613,0.0,0.059711,0.015025,0.070892,0.0,0.0,0.0,0.112791,0.0,0.0,0.0,0.057659,0.091002,0.025191,0.012816
2025-08-21,0.053516,0.096883,0.0,0.0,0.061539,0.011383,0.05766,0.022088,0.050887,0.0,0.096868,0.0,0.0,0.104057,0.0,0.059717,0.014995,0.070849,0.0,0.0,0.0,0.112819,0.0,0.0,0.0,0.057705,0.091358,0.024808,0.012866
2025-08-22,0.053561,0.09714,0.0,0.0,0.061732,0.011527,0.058852,0.0218,0.051043,0.0,0.097148,0.0,0.0,0.102682,0.0,0.059726,0.015208,0.07088,0.0,0.0,0.0,0.112519,0.0,0.0,0.0,0.057259,0.090764,0.025458,0.0127
2025-08-25,0.053926,0.096351,0.0,0.0,0.062153,0.0116,0.059523,0.021806,0.051094,0.0,0.096833,0.0,0.0,0.101614,0.0,0.059998,0.015276,0.07094,0.0,0.0,0.0,0.113013,0.0,0.0,0.0,0.057535,0.09121,0.024344,0.012788
2025-08-26,0.053397,0.096112,0.0,0.0,0.061734,0.011604,0.059196,0.021506,0.051437,0.0,0.097735,0.0,0.0,0.100852,0.0,0.060215,0.015405,0.07095,0.0,0.0,0.0,0.113724,0.0,0.0,0.0,0.05763,0.091336,0.024393,0.012774
2025-08-27,0.053491,0.095621,0.0,0.0,0.061017,0.011276,0.059905,0.021509,0.051423,0.0,0.097495,0.0,0.0,0.100918,0.0,0.060399,0.015399,0.071648,0.0,0.0,0.0,0.113689,0.0,0.0,0.0,0.057604,0.091329,0.02453,0.012746
2025-08-28,0.053448,0.095511,0.0,0.0,0.061033,0.011316,0.060659,0.021376,0.051307,0.0,0.097319,0.0,0.0,0.099923,0.0,0.06066,0.015418,0.072183,0.0,0.0,0.0,0.114124,0.0,0.0,0.0,0.05753,0.091061,0.024431,0.012701
2025-08-29,0.058149,0.081144,0.0,0.0,0.108563,0.032509,0.0,0.0,0.0,0.0,0.147196,0.0,0.0,0.011062,0.135699,0.125681,0.020488,0.0,0.0,0.0,0.0,0.08358,0.012949,0.0,0.0,0.067624,0.079002,0.01897,0.017384
2025-09-01,0.058292,0.081111,0.0,0.0,0.108751,0.032496,0.0,0.0,0.0,0.0,0.147137,0.0,0.0,0.011058,0.135645,0.125631,0.020479,0.0,0.0,0.0,0.0,0.083546,0.012944,0.0,0.0,0.067597,0.07897,0.018962,0.01738
2025-09-02,0.057614,0.080252,0.0,0.0,0.108533,0.03278,0.0,0.0,0.0,0.0,0.146221,0.0,0.0,0.011077,0.135646,0.124778,0.020339,0.0,0.0,0.0,0.0,0.085807,0.013332,0.0,0.0,0.06762,0.079089,0.019475,0.017437
2025-09-03,0.057981,0.080393,0.0,0.0,0.109018,0.032538,0.0,0.0,0.0,0.0,0.145137,0.0,0.0,0.011042,0.134986,0.125224,0.020195,0.0,0.0,0.0,0.0,0.086274,0.013368,0.0,0.0,0.067693,0.079079,0.019672,0.017398
2025-09-04,0.058192,0.080751,0.0,0.0,0.108304,0.031945,0.0,0.0,0.0,0.0,0.146562,0.0,0.0,0.011033,0.13463,0.12566,0.020373,0.0,0.0,0.0,0.0,0.085769,0.013202,0.0,0.0,0.067898,0.079086,0.019218,0.017375
2025-09-05,0.058081,0.080811,0.0,0.0,0.109245,0.032368,0.0,0.0,0.0,0.0,0.145422,0.0,0.0,0.011019,0.133662,0.12525,0.020529,0.0,0.0,0.0,0.0,0.086557,0.013248,0.0,0.0,0.06795,0.07911,0.019442,0.017306
2025-09-08,0.058209,0.081072,0.0,0.0,0.109719,0.032742,0.0,0.0,0.0,0.0,0.145185,0.0,0.0,0.010936,0.131788,0.1257,0.020599,0.0,0.0,0.0,0.0,0.087203,0.013303,0.0,0.0,0.067896,0.078966,0.019447,0.017234
2025-09-09,0.058078,0.08089,0.0,0.0,0.110586,0.033078,0.0,0.0,0.0,0.0,0.144137,0.0,0.0,0.010953,0.132634,0.125882,0.020606,0.0,0.0,0.0,0.0,0.086964,0.01318,0.0,0.0,0.067703,0.078773,0.019307,0.017231
2025-09-10,0.057911,0.080034,0.0,0.0,0.110871,0.032592,0.0,0.0,0.0,0.0,0.144049,0.0,0.0,0.010759,0.133843,0.127146,0.020803,0.0,0.0,0.0,0.0,0.086584,0.013156,0.0,0.0,0.067346,0.078267,0.019543,0.017095
2025-09-11,0.057996,0.080387,0.0,0.0,0.111191,0.033251,0.0,0.0,0.0,0.0,0.144502,0.0,0.0,0.010778,0.133706,0.12677,0.020814,0.0,0.0,0.0,0.0,0.085909,0.013206,0.0,0.0,0.067024,0.077898,0.019579,0.01699
2025-09-12,0.057958,0.080158,0.0,0.0,0.111286,0.033134,0.0,0.0,0.0,0.0,0.143426,0.0,0.0,0.010748,0.134454,0.126754,0.020862,0.0,0.0,0.0,0.0,0.086125,0.013405,0.0,0.0,0.066868,0.077836,0.019986,0.017
2025-09-15,0.057964,0.08035,0.0,0.0,0.111485,0.033216,0.0,0.0,0.0,0.0,0.143368,0.0,0.0,0.010572,0.134095,0.127256,0.020933,0.0,0.0,0.0,0.0,0.086586,0.013484,0.0,0.0,0.066643,0.077523,0.01961,0.016915
2025-09-16,0.057973,0.080286,0.0,0.0,0.112242,0.033516,0.0,0.0,0.0,0.0,0.143277,0.0,0.0,0.010644,0.131961,0.127109,0.021089,0.0,0.0,0.0,0.0,0.086962,0.01346,0.0,0.0,0.066839,0.077773,0.019913,0.016956
2025-09-17,0.05802,0.080037,0.0,0.0,0.113418,0.034029,0.0,0.0,0.0,0.0,0.14274,0.0,0.0,0.010717,0.132396,0.126772,0.021102,0.0,0.0,0.0,0.0,0.08636,0.013188,0.0,0.0,0.066748,0.077786,0.019721,0.016968
2025-09-18,0.058136,0.08006,0.0,0.0,0.112566,0.03336,0.0,0.0,0.0,0.0,0.143722,0.0,0.0,0.010584,0.131995,0.128481,0.021758,0.0,0.0,0.0,0.0,0.085693,0.013208,0.0,0.0,0.06628,0.077281,0.019973,0.016904
2025-09-19,0.057842,0.079523,0.0,0.0,0.111953,0.033133,0.0,0.0,0.0,0.0,0.143775,0.0,0.0,0.010541,0.132568,0.129518,0.021575,0.0,0.0,0.0,0.0,0.086424,0.013546,0.0,0.0,0.066117,0.077082,0.019528,0.016875
2025-09-22,0.057812,0.079391,0.0,0.0,0.111616,0.032935,0.0,0.0,0.0,0.0,0.143417,0.0,0.0,0.010363,0.133075,0.13066,0.02177,0.0,0.0,0.0,0.0,0.087409,0.013812,0.0,0.0,0.065624,0.076448,0.018896,0.016774
2025-09-23,0.057879,0.079275,0.0,0.0,0.112418,0.032515,0.0,0.0,0.0,0.0,0.143337,0.0,0.0,0.010406,0.133652,0.129425,0.021726,0.0,0.0,0.0,0.0,0.087694,0.013773,0.0,0.0,0.065753,0.076591,0.018792,0.016764
2025-09-24,0.057698,0.078953,0.0,0.0,0.112049,0.033067,0.0,0.0,0.0,0.0,0.142954,0.0,0.0,0.010455,0.134941,0.128948,0.021747,0.0,0.0,0.0,0.0,0.087117,0.013759,0.0,0.0,0.06574,0.076645,0.019123,0.016804
2025-09-25,0.057561,0.078561,0.0,0.0,0.111887,0.033311,0.0,0.0,0.0,0.0,0.142637,0.0,0.0,0.010402,0.134254,0.129311,0.021777,0.0,0.0,0.0,0.0,0.08788,0.014242,0.0,0.0,0.065898,0.076871,0.018521,0.016885
2025-09-26,0.057457,0.079007,0.0,0.0,0.110726,0.032927,0.0,0.0,0.0,0.0,0.143234,0.0,0.0,0.010378,0.135788,0.129083,0.021721,0.0,0.0,0.0,0.0,0.087966,0.014461,0.0,0.0,0.065549,0.076519,0.018374,0.01681
2025-09-29,0.057374,0.078704,0.0,0.0,0.111333,0.033312,0.0,0.0,0.0,0.0,0.142672,0.0,0.0,0.010325,0.135229,0.128867,0.021577,0.0,0.0,0.0,0.0,0.088793,0.014579,0.0,0.0,0.065281,0.07608,0.019181,0.016692
2025-09-30,0.133715,0.031101,0.024778,0.0,0.065991,0.0,0.032795,0.0,0.022821,0.0,0.129351,0.010845,0.0,0.039642,0.028237,0.116355,0.072256,0.0,0.0,0.0,0.0,0.022784,0.0,0.060701,0.0,0.094766,0.094595,0.012244,0.007022
2025-10-01,0.133975,0.031316,0.024666,0.0,0.066243,0.0,0.032203,0.0,0.022515,0.0,0.128404,0.010885,0.0,0.039402,0.02838,0.11696,0.073313,0.0,0.0,0.0,0.0,0.022716,0.0,0.060538,0.0,0.094653,0.094333,0.012508,0.006992
2025-10-02,0.133815,0.031315,0.024589,0.0,0.066374,0.0,0.03177,0.0,0.022445,0.0,0.128432,0.010872,0.0,0.039152,0.028261,0.117313,0.074554,0.0,0.0,0.0,0.0,0.022583,0.0,0.060102,0.0,0.094526,0.094066,0.012857,0.006976
2025-10-03,0.134639,0.031417,0.025034,0.0,0.066726,0.0,0.031795,0.0,0.022551,0.0,0.128326,0.010946,0.0,0.039112,0.028526,0.116468,0.073935,0.0,0.0,0.0,0.0,0.022715,0.0,0.059948,0.0,0.094134,0.093759,0.013009,0.006961
2025-10-06,0.134063,0.031171,0.025369,0.0,0.066578,0.0,0.031623,0.0,0.022436,0.0,0.128312,0.010671,0.0,0.038642,0.028665,0.117087,0.075791,0.0,0.0,0.0,0.0,0.023033,0.0,0.05982,0.0,0.093415,0.093154,0.013241,0.006929
2025-10-07,0.134134,0.031102,0.025103,0.0,0.066684,0.0,0.03113,0.0,0.022585,0.0,0.128264,0.010401,0.0,0.039209,0.02895,0.116925,0.074491,0.0,0.0,0.0,0.0,0.023275,0.0,0.059824,0.0,0.094147,0.093912,0.012901,0.006965
2025-10-08,0.133632,0.031056,0.024857,0.0,0.066369,0.0,0.031102,0.0,0.022312,0.0,0.128439,0.01033,0.0,0.03873,0.028937,0.118113,0.076477,0.0,0.0,0.0,0.0,0.023488,0.0,0.059479,0.0,0.093484,0.093298,0.012979,0.006916
2025-10-09,0.13382,0.030898,0.024935,0.0,0.066283,0.0,0.031067,0.0,0.022357,0.0,0.127247,0.010118,0.0,0.039072,0.029025,0.118572,0.076547,0.0,0.0,0.0,0.0,0.023183,0.0,0.059474,0.0,0.093937,0.09371,0.012802,0.006955
2025-10-10,0.134518,0.031121,0.024412,0.0,0.065846,0.0,0.030715,0.0,0.022285,0.0,0.126787,0.010182,0.0,0.039841,0.029453,0.115898,0.073103,0.0,0.0,0.0,0.0,0.02386,0.0,0.06021,0.0,0.09631,0.095817,0.012554,0.007087
2025-10-13,0.133348,0.030981,0.024421,0.0,0.066347,0.0,0.030777,0.0,0.022242,0.0,0.126649,0.010106,0.0,0.039257,0.029341,0.11737,0.075694,0.0,0.0,0.0,0.0,0.024162,0.0,0.059729,0.0,0.095264,0.094965,0.012341,0.007007
2025-10-14,0.133024,0.03112,0.024667,0.0,0.065676,0.0,0.030711,0.0,0.022501,0.0,0.128213,0.01043,0.0,0.039911,0.02962,0.115932,0.074186,0.0,0.0,0.0,0.0,0.024349,0.0,0.060172,0.0,0.095566,0.094919,0.011993,0.00701
2025-10-15,0.13353,0.03098,0.024884,0.0,0.066424,0.0,0.030735,0.0,0.022349,0.0,0.126819,0.010357,0.0,0.039713,0.029806,0.116294,0.075961,0.0,0.0,0.0,0.0,0.024604,0.0,0.059744,0.0,0.094816,0.094256,0.011765,0.006964
2025-10-16,0.133591,0.031178,0.024949,0.0,0.067026,0.0,0.030634,0.0,0.021716,0.0,0.125916,0.010293,0.0,0.039415,0.029465,0.116314,0.076272,0.0,0.0,0.0,0.0,0.025165,0.0,0.060047,0.0,0.095201,0.094421,0.011438,0.00696
2025-10-17,0.132449,0.031252,0.025139,0.0,0.066513,0.0,0.031192,0.0,0.021938,0.0,0.12629,0.010387,0.0,0.040025,0.029424,0.116764,0.076218,0.0,0.0,0.0,0.0,0.024744,0.0,0.059746,0.0,0.095245,0.094435,0.011263,0.006976
2025-10-20,0.133207,0.031043,0.02533,0.0,0.067077,0.0,0.031379,0.0,0.021951,0.0,0.126377,0.010311,0.0,0.039551,0.029092,0.11677,0.076637,0.0,0.0,0.0,0.0,0.025363,0.0,0.059602,0.0,0.094325,0.093481,0.011603,0.0069
2025-10-21,0.133419,0.03092,0.025086,0.0,0.06664,0.0,0.03115,0.0,0.021969,0.0,0.12775,0.010512,0.0,0.039445,0.028853,0.117063,0.07636,0.0,0.0,0.0,0.0,0.02378,0.0,0.059855,0.0,0.094687,0.093868,0.011728,0.006914
2025-10-22,0.133501,0.031109,0.025111,0.0,0.066827,0.0,0.031423,0.0,0.02197,0.0,0.126816,0.010384,0.0,0.039897,0.028952,0.116571,0.0749,0.0,0.0,0.0,0.0,0.023919,0.0,0.06049,0.0,0.09525,0.094559,0.011366,0.006956
2025-10-23,0.133111,0.031101,0.024971,0.0,0.066902,0.0,0.03169,0.0,0.021883,0.0,0.127623,0.010383,0.0,0.039461,0.028754,0.117326,0.076262,0.0,0.0,0.0,0.0,0.023869,0.0,0.060034,0.0,0.094363,0.093802,0.011552,0.006913
2025-10-24,0.133617,0.031022,0.024956,0.0,0.066584,0.0,0.031574,0.0,0.022031,0.0,0.127219,0.010295,0.0,0.039175,0.028975,0.118672,0.07721,0.0,0.0,0.0,0.0,0.023694,0.0,0.059061,0.0,0.094073,0.093418,0.011537,0.006885
2025-10-27,0.133861,0.030935,0.025073,0.0,0.067352,0.0,0.031629,0.0,0.021952,0.0,0.126957,0.010234,0.0,0.038937,0.028831,0.119933,0.078744,0.0,0.0,0.0,0.0,0.022857,0.0,0.057946,0.0,0.093349,0.092674,0.011901,0.006833
2025-10-28,0.134456,0.030873,0.025208,0.0,0.067186,0.0,0.031802,0.0,0.021825,0.0,0.126126,0.0102,0.0,0.038571,0.028372,0.121191,0.078886,0.0,0.0,0.0,0.0,0.022707,0.0,0.057692,0.0,0.093489,0.092803,0.011776,0.006839
2025-10-29,0.134591,0.030683,0.024978,0.0,0.067981,0.0,0.032045,0.0,0.021438,0.0,0.126356,0.00989,0.0,0.037633,0.028341,0.121969,0.080159,0.0,0.0,0.0,0.0,0.022603,0.0,0.058001,0.0,0.092815,0.092244,0.01144,0.006833
2025-10-30,0.134395,0.030712,0.025113,0.0,0.067462,0.0,0.032091,0.0,0.021617,0.0,0.126749,0.009903,0.0,0.037805,0.028381,0.121149,0.079521,0.0,0.0,0.0,0.0,0.023177,0.0,0.058196,0.0,0.093204,0.092565,0.011087,0.006871
2025-10-31,0.065938,0.13465,0.0,0.0,0.029308,0.080266,0.0,0.0,0.0,0.0,0.028135,0.037061,0.0,0.045143,0.028634,0.157985,0.111708,0.0,0.028295,0.035664,0.020982,0.017283,0.030764,0.0,0.0,0.018345,0.0,0.026206,0.103634
2025-11-03,0.066044,0.134554,0.0,0.0,0.029537,0.080313,0.0,0.0,0.0,0.0,0.028041,0.036459,0.0,0.044828,0.028676,0.158774,0.112476,0.0,0.028635,0.035215,0.02097,0.01733,0.030617,0.0,0.0,0.018353,0.0,0.025435,0.103745
2025-11-04,0.066696,0.135327,0.0,0.0,0.029725,0.080597,0.0,0.0,0.0,0.0,0.028177,0.037118,0.0,0.045761,0.029049,0.157157,0.109855,0.0,0.028404,0.034503,0.021356,0.01731,0.030401,0.0,0.0,0.018682,0.0,0.024405,0.105478
2025-11-05,0.066179,0.135364,0.0,0.0,0.029465,0.080756,0.0,0.0,0.0,0.0,0.02806,0.036617,0.0,0.045366,0.028823,0.156513,0.112366,0.0,0.027936,0.035111,0.021204,0.01737,0.030801,0.0,0.0,0.018444,0.0,0.024993,0.104631
2025-11-06,0.066235,0.135979,0.0,0.0,0.029539,0.082295,0.0,0.0,0.0,0.0,0.02821,0.036771,0.0,0.045585,0.028965,0.154799,0.110456,0.0,0.02742,0.035107,0.021299,0.017511,0.031017,0.0,0.0,0.018711,0.0,0.024483,0.105619
2025-11-07,0.06554,0.136521,0.0,0.0,0.029163,0.081758,0.0,0.0,0.0,0.0,0.028321,0.037072,0.0,0.046212,0.029341,0.154124,0.109199,0.0,0.02741,0.035471,0.02161,0.017602,0.031252,0.0,0.0,0.018702,0.0,0.025157,0.105544
2025-11-10,0.065692,0.136075,0.0,0.0,0.029336,0.081914,0.0,0.0,0.0,0.0,0.028055,0.036577,0.0,0.045354,0.028892,0.155701,0.110349,0.0,0.027427,0.035772,0.021275,0.017813,0.032095,0.0,0.0,0.018397,0.0,0.025314,0.103962
2025-11-11,0.066277,0.137726,0.0,0.0,0.029539,0.081821,0.0,0.0,0.0,0.0,0.028104,0.036961,0.0,0.046016,0.028951,0.154603,0.108006,0.0,0.027258,0.035504,0.021545,0.01791,0.032606,0.0,0.0,0.018482,0.0,0.024573,0.104119
2025-11-12,0.066307,0.137891,0.0,0.0,0.029441,0.081504,0.0,0.0,0.0,0.0,0.028001,0.036679,0.0,0.045737,0.028884,0.154363,0.109151,0.0,0.027056,0.035642,0.021285,0.018114,0.033762,0.0,0.0,0.0184,0.0,0.02414,0.103644
2025-11-13,0.06662,0.13865,0.0,0.0,0.029697,0.082391,0.0,0.0,0.0,0.0,0.027919,0.036534,0.0,0.046321,0.028849,0.152435,0.106749,0.0,0.026728,0.036897,0.021293,0.018197,0.033556,0.0,0.0,0.018581,0.0,0.023602,0.104982
2025-11-14,0.066592,0.138248,0.0,0.0,0.029809,0.081548,0.0,0.0,0.0,0.0,0.028053,0.036452,0.0,0.046504,0.029012,0.153989,0.106935,0.0,0.02674,0.037118,0.021439,0.017953,0.032676,0.0,0.0,0.018638,0.0,0.022801,0.105492
2025-11-17,0.066955,0.138069,0.0,0.0,0.029834,0.081514,0.0,0.0,0.0,0.0,0.028085,0.035708,0.0,0.04672,0.029597,0.153254,0.106258,0.0,0.026397,0.037504,0.021497,0.017943,0.032685,0.0,0.0,0.018865,0.0,0.022459,0.106655
2025-11-18,0.066479,0.137907,0.0,0.0,0.029698,0.081748,0.0,0.0,0.0,0.0,0.028202,0.03591,0.0,0.047327,0.02974,0.152068,0.104691,0.0,0.026145,0.037111,0.021771,0.01823,0.033425,0.0,0.0,0.01906,0.0,0.02289,0.107598
2025-11-19,0.066374,0.137273,0.0,0.0,0.029572,0.081024,0.0,0.0,0.0,0.0,0.028277,0.035889,0.0,0.046932,0.029469,0.153019,0.106367,0.0,0.026235,0.037459,0.021585,0.018247,0.033655,0.0,0.0,0.019033,0.0,0.022071,0.107519
2025-11-20,0.067855,0.137591,0.0,0.0,0.030093,0.080968,0.0,0.0,0.0,0.0,0.028254,0.036456,0.0,0.048036,0.029795,0.150619,0.102906,0.0,0.026062,0.036963,0.021843,0.018537,0.033708,0.0,0.0,0.019388,0.0,0.02166,0.109267
2025-11-21,0.066675,0.139097,0.0,0.0,0.029368,0.080675,0.0,0.0,0.0,0.0,0.028476,0.038112,0.0,0.048352,0.029712,0.150555,0.10351,0.0,0.026272,0.036187,0.022103,0.01843,0.033212,0.0,0.0,0.019369,0.0,0.021106,0.10879
2025-11-24,0.066801,0.136947,0.0,0.0,0.029343,0.080989,0.0,0.0,0.0,0.0,0.028176,0.037423,0.0,0.047174,0.029659,0.152145,0.106647,0.0,0.026381,0.03573,0.021875,0.018479,0.033744,0.0,0.0,0.019147,0.0,0.021949,0.10739
2025-11-25,0.06671,0.138281,0.0,0.0,0.029148,0.080714,0.0,0.0,0.0,0.0,0.02833,0.038911,0.0,0.047477,0.029332,0.151447,0.106203,0.0,0.026559,0.036094,0.021917,0.018339,0.033528,0.0,0.0,0.019057,0.0,0.021337,0.106616
2025-11-26,0.066929,0.13794,0.0,0.0,0.029261,0.079388,0.0,0.0,0.0,0.0,0.028157,0.038939,0.0,0.047427,0.02937,0.151428,0.107838,0.0,0.026488,0.036504,0.021753,0.018267,0.03436,0.0,0.0,0.018848,0.0,0.021718,0.105385
2025-11-27,0.066848,0.137966,0.0,0.0,0.02918,0.079402,0.0,0.0,0.0,0.0,0.028162,0.038946,0.0,0.047436,0.029376,0.151456,0.107858,0.0,0.026493,0.036511,0.021758,0.018271,0.034366,0.0,0.0,0.018851,0.0,0.021722,0.105398
2025-11-28,0.063828,0.023649,0.025641,0.0,0.081211,0.030343,0.0,0.0,0.0,0.0,0.05456,0.0,0.0,0.0,0.075788,0.108708,0.104224,0.0,0.0344,0.100736,0.0,0.010188,0.009954,0.0,0.018142,0.054456,0.184168,0.0,0.020004
2025-12-01,0.063995,0.023632,0.025602,0.0,0.081434,0.0307,0.0,0.0,0.0,0.0,0.053993,0.0,0.0,0.0,0.074335,0.109227,0.104738,0.0,0.034628,0.10047,0.0,0.010281,0.010252,0.0,0.017993,0.054397,0.184233,0.0,0.02009
2025-12-02,0.063739,0.023681,0.025521,0.0,0.081028,0.030419,0.0,0.0,0.0,0.0,0.05433,0.0,0.0,0.0,0.073625,0.110082,0.106565,0.0,0.034445,0.09989,0.0,0.01019,0.010346,0.0,0.017957,0.054309,0.183832,0.0,0.020039
2025-12-03,0.063768,0.023731,0.025446,0.0,0.080779,0.030103,0.0,0.0,0.0,0.0,0.054592,0.0,0.0,0.0,0.07305,0.109833,0.108354,0.0,0.034636,0.099854,0.0,0.010133,0.010286,0.0,0.017924,0.054169,0.183393,0.0,0.01995
2025-12-04,0.063933,0.023731,0.025774,0.0,0.081021,0.030171,0.0,0.0,0.0,0.0,0.05491,0.0,0.0,0.0,0.072946,0.110313,0.107344,0.0,0.035996,0.098572,0.0,0.010146,0.010039,0.0,0.017839,0.054036,0.183263,0.0,0.019966
2025-12-05,0.063862,0.023675,0.025728,0.0,0.0814,0.030419,0.0,0.0,0.0,0.0,0.054609,0.0,0.0,0.0,0.072065,0.110817,0.108142,0.0,0.035791,0.099283,0.0,0.010101,0.010242,0.0,0.017708,0.053777,0.182466,0.0,0.019914
2025-12-08,0.063635,0.023595,0.025543,0.0,0.081043,0.030172,0.0,0.0,0.0,0.0,0.054482,0.0,0.0,0.0,0.071022,0.111474,0.109197,0.0,0.035868,0.100689,0.0,0.010063,0.010184,0.0,0.017631,0.053607,0.181904,0.0,0.01989
2025-12-09,0.063755,0.023525,0.025573,0.0,0.080989,0.029742,0.0,0.0,0.0,0.0,0.054068,0.0,0.0,0.0,0.071053,0.111738,0.108965,0.0,0.035848,0.101308,0.0,0.010112,0.010656,0.0,0.017644,0.053514,0.181622,0.0,0.019888
2025-12-10,0.063249,0.023659,0.02559,0.0,0.080668,0.029771,0.0,0.0,0.0,0.0,0.054699,0.0,0.0,0.0,0.070559,0.111546,0.109698,0.0,0.035761,0.102219,0.0,0.010089,0.01076,0.0,0.017597,0.053339,0.181036,0.0,0.019761
2025-12-11,0.063527,0.023824,0.025671,0.0,0.080656,0.029698,0.0,0.0,0.0,0.0,0.055255,0.0,0.0,0.0,0.071033,0.110917,0.109012,0.0,0.035646,0.102024,0.0,0.010193,0.011052,0.0,0.017564,0.053316,0.180858,0.0,0.019755
2025-12-12,0.063958,0.024005,0.025967,0.0,0.081022,0.030036,0.0,0.0,0.0,0.0,0.055687,0.0,0.0,0.0,0.071689,0.109236,0.105271,0.0,0.035612,0.101468,0.0,0.010395,0.010913,0.0,0.017641,0.053926,0.183139,0.0,0.020036
2025-12-15,0.064204,0.024174,0.02625,0.0,0.081381,0.029734,0.0,0.0,0.0,0.0,0.055805,0.0,0.0,0.0,0.072379,0.108235,0.104809,0.0,0.035396,0.101108,0.0,0.01041,0.01131,0.0,0.017662,0.053999,0.183101,0.0,0.020043
2025-12-16,0.064115,0.024222,0.02605,0.0,0.080525,0.029642,0.0,0.0,0.0,0.0,0.055706,0.0,0.0,0.0,0.072379,0.108886,0.10476,0.0,0.035199,0.10054,0.0,0.010456,0.011283,0.0,0.017834,0.054376,0.183899,0.0,0.02013
2025-12-17,0.064256,0.024282,0.025896,0.0,0.080969,0.029761,0.0,0.0,0.0,0.0,0.055236,0.0,0.0,0.0,0.072476,0.107306,0.101678,0.0,0.034695,0.102349,0.0,0.010629,0.01187,0.0,0.017958,0.054795,0.185555,0.0,0.020289
2025-12-18,0.064296,0.024251,0.025754,0.0,0.081393,0.029771,0.0,0.0,0.0,0.0,0.055132,0.0,0.0,0.0,0.072578,0.108053,0.103237,0.0,0.034759,0.101814,0.0,0.010521,0.011587,0.0,0.017894,0.054479,0.184358,0.0,0.020123
2025-12-19,0.064084,0.024196,0.025773,0.0,0.081424,0.029883,0.0,0.0,0.0,0.0,0.055227,0.0,0.0,0.0,0.071164,0.109635,0.105261,0.0,0.035108,0.101547,0.0,0.010461,0.011821,0.0,0.017705,0.053985,0.182738,0.0,0.019986
2025-12-22,0.063969,0.024155,0.025555,0.0,0.081138,0.029802,0.0,0.0,0.0,0.0,0.055449,0.0,0.0,0.0,0.070929,0.109456,0.10593,0.0,0.035444,0.10337,0.0,0.010628,0.012035,0.0,0.017543,0.053552,0.181196,0.0,0.019849
2025-12-23,0.063912,0.024164,0.025663,0.0,0.081018,0.02957,0.0,0.0,0.0,0.0,0.055197,0.0,0.0,0.0,0.070883,0.109593,0.105877,0.0,0.035422,0.104443,0.0,0.010724,0.012439,0.0,0.017498,0.053307,0.180522,0.0,0.019768
2025-12-24,0.06386,0.024126,0.025542,0.0,0.081196,0.029452,0.0,0.0,0.0,0.0,0.055209,0.0,0.0,0.0,0.070984,0.109525,0.105966,0.0,0.035305,0.104816,0.0,0.010647,0.012474,0.0,0.017551,0.053284,0.180355,0.0,0.019709
2025-12-26,0.063685,0.024129,0.025463,0.0,0.080974,0.029691,0.0,0.0,0.0,0.0,0.054957,0.0,0.0,0.0,0.07074,0.109397,0.105642,0.0,0.035122,0.10576,0.0,0.010742,0.013566,0.0,0.017445,0.053188,0.179845,0.0,0.019655
2025-12-29,0.063897,0.024176,0.025642,0.0,0.08161,0.029417,0.0,0.0,0.0,0.0,0.055142,0.0,0.0,0.0,0.071265,0.109508,0.105977,0.0,0.035471,0.102962,0.0,0.010331,0.012661,0.0,0.017608,0.053561,0.181006,0.0,0.019765
2025-12-30,0.059916,0.0,0.019714,0.039895,0.034535,0.018827,0.037282,0.021949,0.0,0.01689,0.0,0.012574,0.101186,0.0,0.114243,0.053409,0.067872,0.0,0.010989,0.13507,0.0,0.024793,0.0,0.0,0.013952,0.100984,0.100967,0.0,0.014953
