Date,IWDA.L,VGK,EWJ,IUSN.DE,IEMA.L,MCHI,EWZ,INDA,EWT,EWY,XLY,XLC,XLF,KBE,XLE,XOP,XLI,IYT,XLB,ITB,XLV,XBI,XLP,XLU,XLK,SOXX,IGV,CIBR,BOTZ,VNQ,LIT,GLD,SLV,DBA,COPX,TLT,IEF,TIP,HYG,LQD,EMB,BITO,XEON.DE
2020-01-02,0.0,0.0,0.0,0.0,0.0,0.0,0.0,0.0,0.0,0.0,0.0,0.0,0.0,0.0,0.0,0.0,0.0,0.0,0.0,0.0,0.0,0.0,0.0,0.0,0.0,0.0,0.0,0.0,0.0,0.0,0.0,0.0,0.0,0.0,0.0,0.0,0.0,0.0,0.0,0.0,0.0,0.0,0.0
2020-01-03,0.0,0.0,0.0,0.0,0.0,0.0,0.0,0.0,0.0,0.0,0.0,0.0,0.0,0.0,0.0,0.0,0.0,0.0,0.0,0.0,0.0,0.0,0.0,0.0,0.0,0.0,0.0,0.0,0.0,0.0,0.0,0.0,0.0,0.0,0.0,0.0,0.0,0.0,0.0,0.0,0.0,0.0,0.0
2020-01-06,0.0,0.0,0.0,0.0,0.0,0.0,0.0,0.0,0.0,0.0,0.0,0.0,0.0,0.0,0.0,0.0,0.0,0.0,0.0,0.0,0.0,0.0,0.0,0.0,0.0,0.0,0.0,0.0,0.0,0.0,0.0,0.0,0.0,0.0,0.0,0.0,0.0,0.0,0.0,0.0,0.0,0.0,0.0
2020-01-07,0.0,0.0,0.0,0.0,0.0,0.0,0.0,0.0,0.0,0.0,0.0,0.0,0.0,0.0,0.0,0.0,0.0,0.0,0.0,0.0,0.0,0.0,0.0,0.0,0.0,0.0,0.0,0.0,0.0,0.0,0.0,0.0,0.0,0.0,0.0,0.0,0.0,0.0,0.0,0.0,0.0,0.0,0.0
2020-01-08,0.0,0.0,0.0,0.0,0.0,0.0,0.0,0.0,0.0,0.0,0.0,0.0,0.0,0.0,0.0,0.0,0.0,0.0,0.0,0.0,0.0,0.0,0.0,0.0,0.0,0.0,0.0,0.0,0.0,0.0,0.0,0.0,0.0,0.0,0.0,0.0,0.0,0.0,0.0,0.0,0.0,0.0,0.0
2020-01-09,0.0,0.0,0.0,0.0,0.0,0.0,0.0,0.0,0.0,0.0,0.0,0.0,0.0,0.0,0.0,0.0,0.0,0.0,0.0,0.0,0.0,0.0,0.0,0.0,0.0,0.0,0.0,0.0,0.0,0.0,0.0,0.0,0.0,0.0,0.0,0.0,0.0,0.0,0.0,0.0,0.0,0.0,0.0
2020-01-10,0.0,0.0,0.0,0.0,0.0,0.0,0.0,0.0,0.0,0.0,0.0,0.0,0.0,0.0,0.0,0.0,0.0,0.0,0.0,0.0,0.0,0.0,0.0,0.0,0.0,0.0,0.0,0.0,0.0,0.0,0.0,0.0,0.0,0.0,0.0,0.0,0.0,0.0,0.0,0.0,0.0,0.0,0.0
2020-01-13,0.0,0.0,0.0,0.0,0.0,0.0,0.0,0.0,0.0,0.0,0.0,0.0,0.0,0.0,0.0,0.0,0.0,0.0,0.0,0.0,0.0,0.0,0.0,0.0,0.0,0.0,0.0,0.0,0.0,0.0,0.0,0.0,0.0,0.0,0.0,0.0,0.0,0.0,0.0,0.0,0.0,0.0,0.0
2020-01-14,0.0,0.0,0.0,0.0,0.0,0.0,0.0,0.0,0.0,0.0,0.0,0.0,0.0,0.0,0.0,0.0,0.0,0.0,0.0,0.0,0.0,0.0,0.0,0.0,0.0,0.0,0.0,0.0,0.0,0.0,0.0,0.0,0.0,0.0,0.0,0.0,0.0,0.0,0.0,0.0,0.0,0.0,0.0
2020-01-15,0.0,0.0,0.0,0.0,0.0,0.0,0.0,0.0,0.0,0.0,0.0,0.0,0.0,0.0,0.0,0.0,0.0,0.0,0.0,0.0,0.0,0.0,0.0,0.0,0.0,0.0,0.0,0.0,0.0,0.0,0.0,0.0,0.0,0.0,0.0,0.0,0.0,0.0,0.0,0.0,0.0,0.0,0.0
2020-01-16,0.0,0.0,0.0,0.0,0.0,0.0,0.0,0.0,0.0,0.0,0.0,0.0,0.0,0.0,0.0,0.0,0.0,0.0,0.0,0.0,0.0,0.0,0.0,0.0,0.0,0.0,0.0,0.0,0.0,0.0,0.0,0.0,0.0,0.0,0.0,0.0,0.0,0.0,0.0,0.0,0.0,0.0,0.0
2020-01-17,0.0,0.0,0.0,0.0,0.0,0.0,0.0,0.0,0.0,0.0,0.0,0.0,0.0,0.0,0.0,0.0,0.0,0.0,0.0,0.0,0.0,0.0,0.0,0.0,0.0,0.0,0.0,0.0,0.0,0.0,0.0,0.0,0.0,0.0,0.0,0.0,0.0,0.0,0.0,0.0,0.0,0.0,0.0
2020-01-20,0.0,0.0,0.0,0.0,0.0,0.0,0.0,0.0,0.0,0.0,0.0,0.0,0.0,0.0,0.0,0.0,0.0,0.0,0.0,0.0,0.0,0.0,0.0,0.0,0.0,0.0,0.0,0.0,0.0,0.0,0.0,0.0,0.0,0.0,0.0,0.0,0.0,0.0,0.0,0.0,0.0,0.0,0.0
2020-01-21,0.0,0.0,0.0,0.0,0.0,0.0,0.0,0.0,0.0,0.0,0.0,0.0,0.0,0.0,0.0,0.0,0.0,0.0,0.0,0.0,0.0,0.0,0.0,0.0,0.0,0.0,0.0,0.0,0.0,0.0,0.0,0.0,0.0,0.0,0.0,0.0,0.0,0.0,0.0,0.0,0.0,0.0,0.0
2020-01-22,0.0,0.0,0.0,0.0,0.0,0.0,0.0,0.0,0.0,0.0,0.0,0.0,0.0,0.0,0.0,0.0,0.0,0.0,0.0,0.0,0.0,0.0,0.0,0.0,0.0,0.0,0.0,0.0,0.0,0.0,0.0,0.0,0.0,0.0,0.0,0.0,0.0,0.0,0.0,0.0,0.0,0.0,0.0
2020-01-23,0.0,0.0,0.0,0.0,0.0,0.0,0.0,0.0,0.0,0.0,0.0,0.0,0.0,0.0,0.0,0.0,0.0,0.0,0.0,0.0,0.0,0.0,0.0,0.0,0.0,0.0,0.0,0.0,0.0,0.0,0.0,0.0,0.0,0.0,0.0,0.0,0.0,0.0,0.0,0.0,0.0,0.0,0.0
2020-01-24,0.0,0.0,0.0,0.0,0.0,0.0,0.0,0.0,0.0,0.0,0.0,0.0,0.0,0.0,0.0,0.0,0.0,0.0,0.0,0.0,0.0,0.0,0.0,0.0,0.0,0.0,0.0,0.0,0.0,0.0,0.0,0.0,0.0,0.0,0.0,0.0,0.0,0.0,0.0,0.0,0.0,0.0,0.0
2020-01-27,0.0,0.0,0.0,0.0,0.0,0.0,0.0,0.0,0.0,0.0,0.0,0.0,0.0,0.0,0.0,0.0,0.0,0.0,0.0,0.0,0.0,0.0,0.0,0.0,0.0,0.0,0.0,0.0,0.0,0.0,0.0,0.0,0.0,0.0,0.0,0.0,0.0,0.0,0.0,0.0,0.0,0.0,0.0
2020-01-28,0.0,0.0,0.0,0.0,0.0,0.0,0.0,0.0,0.0,0.0,0.0,0.0,0.0,0.0,0.0,0.0,0.0,0.0,0.0,0.0,0.0,0.0,0.0,0.0,0.0,0.0,0.0,0.0,0.0,0.0,0.0,0.0,0.0,0.0,0.0,0.0,0.0,0.0,0.0,0.0,0.0,0.0,0.0
2020-01-29,0.0,0.0,0.0,0.0,0.0,0.0,0.0,0.0,0.0,0.0,0.0,0.0,0.0,0.0,0.0,0.0,0.0,0.0,0.0,0.0,0.0,0.0,0.0,0.0,0.0,0.0,0.0,0.0,0.0,0.0,0.0,0.0,0.0,0.0,0.0,0.0,0.0,0.0,0.0,0.0,0.0,0.0,0.0
2020-01-30,0.0,0.0,0.0,0.0,0.0,0.0,0.0,0.0,0.0,0.0,0.0,0.0,0.0,0.0,0.0,0.0,0.0,0.0,0.0,0.0,0.0,0.0,0.0,0.0,0.0,0.0,0.0,0.0,0.0,0.0,0.0,0.0,0.0,0.0,0.0,0.0,0.0,0.0,0.0,0.0,0.0,0.0,0.0
2020-01-31,0.123933,0.026527,0.067775,0.0,0.0,0.014924,0.0,0.0,0.108807,0.0,0.0,0.034999,0.114048,0.010022,0.0,0.0,0.0,0.0,0.0,0.123943,0.083331,0.039795,0.0,0.0,0.061944,0.061432,0.0,0.0,0.0,0.0,0.0,0.061225,0.062066,0.0,0.0,0.0,0.0,0.0,0.0,0.0,0.0,0.0,0.005229
2020-02-03,0.123509,0.02637,0.067864,0.0,0.0,0.015043,0.0,0.0,0.109664,0.0,0.0,0.035192,0.114129,0.01007,0.0,0.0,0.0,0.0,0.0,0.123919,0.083561,0.040433,0.0,0.0,0.062369,0.06173,0.0,0.0,0.0,0.0,0.0,0.060447,0.060504,0.0,0.0,0.0,0.0,0.0,0.0,0.0,0.0,0.0,0.005195
2020-02-04,0.123684,0.026443,0.067943,0.0,0.0,0.015406,0.0,0.0,0.111612,0.0,0.0,0.035071,0.113642,0.010076,0.0,0.0,0.0,0.0,0.0,0.121883,0.083863,0.041015,0.0,0.0,0.063123,0.062784,0.0,0.0,0.0,0.0,0.0,0.05884,0.059491,0.0,0.0,0.0,0.0,0.0,0.0,0.0,0.0,0.0,0.005124
2020-02-05,0.122911,0.02638,0.067722,0.0,0.0,0.015217,0.0,0.0,0.110871,0.0,0.0,0.034703,0.114514,0.010182,0.0,0.0,0.0,0.0,0.0,0.123287,0.084442,0.041526,0.0,0.0,0.062724,0.063453,0.0,0.0,0.0,0.0,0.0,0.058199,0.058807,0.0,0.0,0.0,0.0,0.0,0.0,0.0,0.0,0.0,0.005061
2020-02-06,0.123196,0.026332,0.067991,0.0,0.0,0.015237,0.0,0.0,0.110781,0.0,0.0,0.035012,0.11396,0.010047,0.0,0.0,0.0,0.0,0.0,0.122924,0.084215,0.041421,0.0,0.0,0.063071,0.063264,0.0,0.0,0.0,0.0,0.0,0.058305,0.059203,0.0,0.0,0.0,0.0,0.0,0.0,0.0,0.0,0.0,0.005043
2020-02-07,0.123621,0.026266,0.067818,0.0,0.0,0.015187,0.0,0.0,0.109487,0.0,0.0,0.035238,0.114371,0.010038,0.0,0.0,0.0,0.0,0.0,0.124035,0.084158,0.041358,0.0,0.0,0.062943,0.062215,0.0,0.0,0.0,0.0,0.0,0.058879,0.059305,0.0,0.0,0.0,0.0,0.0,0.0,0.0,0.0,0.0,0.00508
2020-02-10,0.122792,0.026179,0.067304,0.0,0.0,0.015255,0.0,0.0,0.11006,0.0,0.0,0.035219,0.11397,0.009969,0.0,0.0,0.0,0.0,0.0,0.124475,0.084065,0.041766,0.0,0.0,0.063387,0.062683,0.0,0.0,0.0,0.0,0.0,0.058652,0.059175,0.0,0.0,0.0,0.0,0.0,0.0,0.0,0.0,0.0,0.005048
2020-02-11,0.1232,0.02625,0.067327,0.0,0.0,0.015396,0.0,0.0,0.110424,0.0,0.0,0.035017,0.113837,0.010005,0.0,0.0,0.0,0.0,0.0,0.124693,0.084172,0.041519,0.0,0.0,0.062877,0.063649,0.0,0.0,0.0,0.0,0.0,0.058176,0.058436,0.0,0.0,0.0,0.0,0.0,0.0,0.0,0.0,0.0,0.005023
2020-02-12,0.123117,0.026297,0.066709,0.0,0.0,0.015626,0.0,0.0,0.111535,0.0,0.0,0.035318,0.113415,0.009962,0.0,0.0,0.0,0.0,0.0,0.124077,0.083911,0.041872,0.0,0.0,0.063282,0.06435,0.0,0.0,0.0,0.0,0.0,0.057876,0.057653,0.0,0.0,0.0,0.0,0.0,0.0,0.0,0.0,0.0,0.005001
2020-02-13,0.123263,0.026165,0.066234,0.0,0.0,0.015438,0.0,0.0,0.11106,0.0,0.0,0.035382,0.113566,0.010022,0.0,0.0,0.0,0.0,0.0,0.124481,0.083654,0.041475,0.0,0.0,0.063218,0.064524,0.0,0.0,0.0,0.0,0.0,0.058302,0.058207,0.0,0.0,0.0,0.0,0.0,0.0,0.0,0.0,0.0,0.00501
2020-02-14,0.1231,0.026163,0.065722,0.0,0.0,0.015419,0.0,0.0,0.11073,0.0,0.0,0.035417,0.113683,0.009956,0.0,0.0,0.0,0.0,0.0,0.124725,0.083697,0.041537,0.0,0.0,0.063476,0.064292,0.0,0.0,0.0,0.0,0.0,0.05853,0.058546,0.0,0.0,0.0,0.0,0.0,0.0,0.0,0.0,0.0,0.005008
2020-02-17,0.123348,0.026156,0.065703,0.0,0.0,0.015415,0.0,0.0,0.110698,0.0,0.0,0.035407,0.11365,0.009953,0.0,0.0,0.0,0.0,0.0,0.124689,0.083674,0.041525,0.0,0.0,0.063458,0.064274,0.0,0.0,0.0,0.0,0.0,0.058514,0.058529,0.0,0.0,0.0,0.0,0.0,0.0,0.0,0.0,0.0,0.005007
2020-02-18,0.122818,0.026148,0.064984,0.0,0.0,0.015477,0.0,0.0,0.109486,0.0,0.0,0.035786,0.113116,0.009864,0.0,0.0,0.0,0.0,0.0,0.124635,0.083709,0.041914,0.0,0.0,0.063474,0.063701,0.0,0.0,0.0,0.0,0.0,0.059501,0.06036,0.0,0.0,0.0,0.0,0.0,0.0,0.0,0.0,0.0,0.005027
2020-02-19,0.122741,0.026101,0.064335,0.0,0.0,0.015462,0.0,0.0,0.11003,0.0,0.0,0.035651,0.113015,0.009841,0.0,0.0,0.0,0.0,0.0,0.124102,0.083401,0.041883,0.0,0.0,0.063698,0.064768,0.0,0.0,0.0,0.0,0.0,0.059352,0.060635,0.0,0.0,0.0,0.0,0.0,0.0,0.0,0.0,0.0,0.004985
2020-02-20,0.122128,0.026103,0.06431,0.0,0.0,0.01538,0.0,0.0,0.108335,0.0,0.0,0.0355,0.113485,0.010006,0.0,0.0,0.0,0.0,0.0,0.126185,0.083369,0.041907,0.0,0.0,0.063419,0.064217,0.0,0.0,0.0,0.0,0.0,0.059958,0.060686,0.0,0.0,0.0,0.0,0.0,0.0,0.0,0.0,0.0,0.005014
2020-02-21,0.122851,0.026168,0.064137,0.0,0.0,0.015409,0.0,0.0,0.108434,0.0,0.0,0.03516,0.113037,0.009928,0.0,0.0,0.0,0.0,0.0,0.126258,0.083898,0.041911,0.0,0.0,0.062355,0.062667,0.0,0.0,0.0,0.0,0.0,0.06121,0.061534,0.0,0.0,0.0,0.0,0.0,0.0,0.0,0.0,0.0,0.005044
2020-02-24,0.122268,0.025738,0.0637,0.0,0.0,0.015309,0.0,0.0,0.108384,0.0,0.0,0.034929,0.11241,0.009887,0.0,0.0,0.0,0.0,0.0,0.127135,0.083517,0.041599,0.0,0.0,0.061443,0.061327,0.0,0.0,0.0,0.0,0.0,0.06348,0.063688,0.0,0.0,0.0,0.0,0.0,0.0,0.0,0.0,0.0,0.005185
2020-02-25,0.123305,0.025784,0.065187,0.0,0.0,0.015601,0.0,0.0,0.110951,0.0,0.0,0.034846,0.111315,0.009724,0.0,0.0,0.0,0.0,0.0,0.125064,0.08301,0.041347,0.0,0.0,0.060966,0.060989,0.0,0.0,0.0,0.0,0.0,0.063906,0.062693,0.0,0.0,0.0,0.0,0.0,0.0,0.0,0.0,0.0,0.005313
2020-02-26,0.123271,0.025868,0.065662,0.0,0.0,0.015827,0.0,0.0,0.112348,0.0,0.0,0.034861,0.110759,0.009594,0.0,0.0,0.0,0.0,0.0,0.121978,0.083194,0.041652,0.0,0.0,0.061386,0.061213,0.0,0.0,0.0,0.0,0.0,0.064335,0.062726,0.0,0.0,0.0,0.0,0.0,0.0,0.0,0.0,0.0,0.005326
2020-02-27,0.123194,0.025856,0.065419,0.0,0.0,0.016135,0.0,0.0,0.113401,0.0,0.0,0.034544,0.10938,0.009504,0.0,0.0,0.0,0.0,0.0,0.122627,0.08291,0.041111,0.0,0.0,0.059912,0.060234,0.0,0.0,0.0,0.0,0.0,0.066383,0.063896,0.0,0.0,0.0,0.0,0.0,0.0,0.0,0.0,0.0,0.005494
2020-02-28,0.0,0.0,0.0,0.0,0.0,0.018273,0.0,0.0,0.119565,0.014715,0.0,0.0,0.070597,0.0,0.0,0.0,0.0,0.0,0.0,0.153038,0.121795,0.0,0.024732,0.153076,0.038118,0.037608,0.037916,0.0,0.038174,0.0,0.088911,0.050802,0.0,0.0,0.0,0.0,0.0,0.0,0.0,0.0,0.0,0.0,0.032678
2020-03-02,0.0,0.0,0.0,0.0,0.0,0.017806,0.0,0.0,0.119,0.014472,0.0,0.0,0.071359,0.0,0.0,0.0,0.0,0.0,0.0,0.15252,0.122608,0.0,0.025054,0.155864,0.038774,0.037445,0.037832,0.0,0.037234,0.0,0.089494,0.049122,0.0,0.0,0.0,0.0,0.0,0.0,0.0,0.0,0.0,0.0,0.031417
2020-03-03,0.0,0.0,0.0,0.0,0.0,0.017918,0.0,0.0,0.119947,0.014467,0.0,0.0,0.069494,0.0,0.0,0.0,0.0,0.0,0.0,0.155258,0.120981,0.0,0.025007,0.155775,0.037745,0.036556,0.036847,0.0,0.036888,0.0,0.090063,0.051268,0.0,0.0,0.0,0.0,0.0,0.0,0.0,0.0,0.0,0.0,0.031786
2020-03-04,0.0,0.0,0.0,0.0,0.0,0.017528,0.0,0.0,0.11748,0.014442,0.0,0.0,0.069116,0.0,0.0,0.0,0.0,0.0,0.0,0.156834,0.123185,0.0,0.025257,0.158477,0.037897,0.036991,0.036848,0.0,0.036995,0.0,0.088904,0.049443,0.0,0.0,0.0,0.0,0.0,0.0,0.0,0.0,0.0,0.0,0.030602
2020-03-05,0.0,0.0,0.0,0.0,0.0,0.017856,0.0,0.0,0.119212,0.014422,0.0,0.0,0.067164,0.0,0.0,0.0,0.0,0.0,0.0,0.15473,0.122851,0.0,0.025302,0.159306,0.037471,0.03663,0.036632,0.0,0.036384,0.0,0.089222,0.051571,0.0,0.0,0.0,0.0,0.0,0.0,0.0,0.0,0.0,0.0,0.031247
2020-03-06,0.0,0.0,0.0,0.0,0.0,0.017784,0.0,0.0,0.119416,0.014477,0.0,0.0,0.066039,0.0,0.0,0.0,0.0,0.0,0.0,0.152453,0.124383,0.0,0.025551,0.160839,0.037335,0.03647,0.036034,0.0,0.036247,0.0,0.088657,0.052514,0.0,0.0,0.0,0.0,0.0,0.0,0.0,0.0,0.0,0.0,0.031799
2020-03-09,0.0,0.0,0.0,0.0,0.0,0.018265,0.0,0.0,0.12231,0.014624,0.0,0.0,0.063029,0.0,0.0,0.0,0.0,0.0,0.0,0.148086,0.126062,0.0,0.026126,0.162595,0.036884,0.035659,0.035643,0.0,0.035359,0.0,0.085141,0.056233,0.0,0.0,0.0,0.0,0.0,0.0,0.0,0.0,0.0,0.0,0.033983
2020-03-10,0.0,0.0,0.0,0.0,0.0,0.018397,0.0,0.0,0.121898,0.014791,0.0,0.0,0.06473,0.0,0.0,0.0,0.0,0.0,0.0,0.149515,0.126475,0.0,0.02607,0.159183,0.038163,0.03686,0.036266,0.0,0.035896,0.0,0.085404,0.053395,0.0,0.0,0.0,0.0,0.0,0.0,0.0,0.0,0.0,0.0,0.032956
2020-03-11,0.0,0.0,0.0,0.0,0.0,0.018649,0.0,0.0,0.124256,0.014764,0.0,0.0,0.064256,0.0,0.0,0.0,0.0,0.0,0.0,0.143672,0.127678,0.0,0.026021,0.158681,0.038165,0.03652,0.036253,0.0,0.035761,0.0,0.084869,0.055845,0.0,0.0,0.0,0.0,0.0,0.0,0.0,0.0,0.0,0.0,0.03461
2020-03-12,0.0,0.0,0.0,0.0,0.0,0.019054,0.0,0.0,0.124151,0.014626,0.0,0.0,0.063314,0.0,0.0,0.0,0.0,0.0,0.0,0.13822,0.13053,0.0,0.026048,0.157619,0.03805,0.035925,0.036318,0.0,0.034901,0.0,0.083813,0.059237,0.0,0.0,0.0,0.0,0.0,0.0,0.0,0.0,0.0,0.0,0.038195
2020-03-13,0.0,0.0,0.0,0.0,0.0,0.019003,0.0,0.0,0.123814,0.014767,0.0,0.0,0.067871,0.0,0.0,0.0,0.0,0.0,0.0,0.134185,0.132232,0.0,0.026776,0.157454,0.040274,0.037684,0.037766,0.0,0.036029,0.0,0.08158,0.054405,0.0,0.0,0.0,0.0,0.0,0.0,0.0,0.0,0.0,0.0,0.03616
2020-03-16,0.0,0.0,0.0,0.0,0.0,0.019453,0.0,0.0,0.125186,0.014105,0.0,0.0,0.066441,0.0,0.0,0.0,0.0,0.0,0.0,0.12149,0.135219,0.0,0.028316,0.158338,0.039378,0.036241,0.037801,0.0,0.035803,0.0,0.079978,0.061014,0.0,0.0,0.0,0.0,0.0,0.0,0.0,0.0,0.0,0.0,0.041238
2020-03-17,0.0,0.0,0.0,0.0,0.0,0.019339,0.0,0.0,0.123365,0.014323,0.0,0.0,0.066345,0.0,0.0,0.0,0.0,0.0,0.0,0.113218,0.13611,0.0,0.029081,0.169152,0.039836,0.037345,0.038353,0.0,0.036334,0.0,0.079756,0.058572,0.0,0.0,0.0,0.0,0.0,0.0,0.0,0.0,0.0,0.0,0.038873
2020-03-18,0.0,0.0,0.0,0.0,0.0,0.019447,0.0,0.0,0.120482,0.013751,0.0,0.0,0.064339,0.0,0.0,0.0,0.0,0.0,0.0,0.108492,0.139454,0.0,0.030025,0.171449,0.040624,0.036323,0.038628,0.0,0.037148,0.0,0.077789,0.060832,0.0,0.0,0.0,0.0,0.0,0.0,0.0,0.0,0.0,0.0,0.041218
2020-03-19,0.0,0.0,0.0,0.0,0.0,0.019714,0.0,0.0,0.119718,0.013272,0.0,0.0,0.066172,0.0,0.0,0.0,0.0,0.0,0.0,0.116856,0.137481,0.0,0.029211,0.162514,0.041034,0.037498,0.039891,0.0,0.037651,0.0,0.077405,0.060068,0.0,0.0,0.0,0.0,0.0,0.0,0.0,0.0,0.0,0.0,0.041513
2020-03-20,0.0,0.0,0.0,0.0,0.0,0.020163,0.0,0.0,0.128268,0.014161,0.0,0.0,0.065437,0.0,0.0,0.0,0.0,0.0,0.0,0.116803,0.13557,0.0,0.028016,0.153438,0.040152,0.037359,0.040038,0.0,0.038169,0.0,0.077312,0.062524,0.0,0.0,0.0,0.0,0.0,0.0,0.0,0.0,0.0,0.0,0.042589
2020-03-23,0.0,0.0,0.0,0.0,0.0,0.020767,0.0,0.0,0.130589,0.013959,0.0,0.0,0.063258,0.0,0.0,0.0,0.0,0.0,0.0,0.113853,0.131925,0.0,0.027905,0.149456,0.040837,0.039716,0.041187,0.0,0.038964,0.0,0.076936,0.067011,0.0,0.0,0.0,0.0,0.0,0.0,0.0,0.0,0.0,0.0,0.043638
2020-03-24,0.0,0.0,0.0,0.0,0.0,0.020042,0.0,0.0,0.126998,0.0143,0.0,0.0,0.06478,0.0,0.0,0.0,0.0,0.0,0.0,0.121001,0.129454,0.0,0.02672,0.150803,0.041016,0.040098,0.040384,0.0,0.040032,0.0,0.080532,0.064015,0.0,0.0,0.0,0.0,0.0,0.0,0.0,0.0,0.0,0.0,0.039825
2020-03-25,0.0,0.0,0.0,0.0,0.0,0.019892,0.0,0.0,0.127099,0.014669,0.0,0.0,0.064768,0.0,0.0,0.0,0.0,0.0,0.0,0.128373,0.12768,0.0,0.025937,0.150528,0.039871,0.03852,0.038862,0.0,0.03968,0.0,0.083917,0.061455,0.0,0.0,0.0,0.0,0.0,0.0,0.0,0.0,0.0,0.0,0.038751
2020-03-26,0.0,0.0,0.0,0.0,0.0,0.019584,0.0,0.0,0.123352,0.014506,0.0,0.0,0.065707,0.0,0.0,0.0,0.0,0.0,0.0,0.127866,0.129977,0.0,0.026114,0.15594,0.040416,0.039243,0.039606,0.0,0.039925,0.0,0.081327,0.059416,0.0,0.0,0.0,0.0,0.0,0.0,0.0,0.0,0.0,0.0,0.037021
2020-03-27,0.0,0.0,0.0,0.0,0.0,0.01916,0.0,0.0,0.120922,0.014148,0.0,0.0,0.065607,0.0,0.0,0.0,0.0,0.0,0.0,0.125869,0.130989,0.0,0.026768,0.161463,0.039741,0.038408,0.039163,0.0,0.039908,0.0,0.078944,0.060793,0.0,0.0,0.0,0.0,0.0,0.0,0.0,0.0,0.0,0.0,0.038117
2020-03-30,0.0,0.0,0.0,0.0,0.0,0.019145,0.0,0.0,0.120892,0.014121,0.0,0.0,0.065329,0.0,0.0,0.0,0.0,0.0,0.0,0.121746,0.133992,0.0,0.027178,0.163614,0.04047,0.038838,0.039503,0.0,0.039641,0.0,0.07866,0.059667,0.0,0.0,0.0,0.0,0.0,0.0,0.0,0.0,0.0,0.0,0.037205
2020-03-31,0.022682,0.0,0.0,0.0,0.0,0.066964,0.0,0.0,0.056887,0.0,0.0,0.026492,0.0,0.0,0.0,0.0,0.0,0.0,0.0,0.029221,0.041046,0.079369,0.0,0.0,0.06485,0.046955,0.0497,0.0,0.027525,0.0,0.107482,0.047902,0.0,0.042798,0.0,0.0429,0.087415,0.057424,0.03325,0.032136,0.03065,0.0,0.006352
2020-04-01,0.022363,0.0,0.0,0.0,0.0,0.066688,0.0,0.0,0.057356,0.0,0.0,0.026269,0.0,0.0,0.0,0.0,0.0,0.0,0.0,0.027725,0.040774,0.077538,0.0,0.0,0.063777,0.045835,0.048889,0.0,0.026748,0.0,0.104552,0.049934,0.0,0.042814,0.0,0.044923,0.090639,0.059661,0.033394,0.032703,0.030856,0.0,0.006562
2020-04-02,0.02203,0.0,0.0,0.0,0.0,0.06764,0.0,0.0,0.058038,0.0,0.0,0.026195,0.0,0.0,0.0,0.0,0.0,0.0,0.0,0.027064,0.041261,0.079132,0.0,0.0,0.064268,0.046477,0.048365,0.0,0.026924,0.0,0.104258,0.049975,0.0,0.042065,0.0,0.044515,0.089264,0.059644,0.033137,0.032287,0.031004,0.0,0.006455
2020-04-03,0.022038,0.0,0.0,0.0,0.0,0.067552,0.0,0.0,0.057696,0.0,0.0,0.025937,0.0,0.0,0.0,0.0,0.0,0.0,0.0,0.026728,0.041323,0.078844,0.0,0.0,0.063947,0.046082,0.048074,0.0,0.026383,0.0,0.10338,0.050754,0.0,0.042043,0.0,0.045094,0.090277,0.060808,0.032771,0.032461,0.031278,0.0,0.006531
2020-04-06,0.021992,0.0,0.0,0.0,0.0,0.067037,0.0,0.0,0.057697,0.0,0.0,0.026399,0.0,0.0,0.0,0.0,0.0,0.0,0.0,0.029069,0.041525,0.080854,0.0,0.0,0.066267,0.048488,0.049351,0.0,0.027127,0.0,0.106579,0.049804,0.0,0.040681,0.0,0.042944,0.08581,0.058022,0.032053,0.031606,0.030468,0.0,0.006228
2020-04-07,0.022853,0.0,0.0,0.0,0.0,0.067086,0.0,0.0,0.058069,0.0,0.0,0.026608,0.0,0.0,0.0,0.0,0.0,0.0,0.0,0.029601,0.041207,0.07928,0.0,0.0,0.065711,0.048343,0.048701,0.0,0.026964,0.0,0.107904,0.049566,0.0,0.04145,0.0,0.042519,0.085477,0.058017,0.032071,0.031673,0.03066,0.0,0.00624
2020-04-08,0.022381,0.0,0.0,0.0,0.0,0.065973,0.0,0.0,0.057556,0.0,0.0,0.026705,0.0,0.0,0.0,0.0,0.0,0.0,0.0,0.031501,0.042156,0.080962,0.0,0.0,0.066301,0.049089,0.049578,0.0,0.027065,0.0,0.109223,0.048268,0.0,0.040874,0.0,0.041474,0.083883,0.056615,0.032332,0.031682,0.030255,0.0,0.006127
2020-04-09,0.022695,0.0,0.0,0.0,0.0,0.065059,0.0,0.0,0.05631,0.0,0.0,0.026565,0.0,0.0,0.0,0.0,0.0,0.0,0.0,0.032224,0.041858,0.081454,0.0,0.0,0.065488,0.047427,0.049499,0.0,0.027174,0.0,0.111347,0.04891,0.0,0.039929,0.0,0.04103,0.083012,0.05646,0.034017,0.032756,0.030738,0.0,0.006051
2020-04-13,0.022767,0.0,0.0,0.0,0.0,0.065379,0.0,0.0,0.05677,0.0,0.0,0.02669,0.0,0.0,0.0,0.0,0.0,0.0,0.0,0.030377,0.041624,0.081586,0.0,0.0,0.065843,0.048116,0.049733,0.0,0.027044,0.0,0.11104,0.049907,0.0,0.039475,0.0,0.040785,0.083098,0.056743,0.033637,0.032542,0.030775,0.0,0.00607
2020-04-14,0.022454,0.0,0.0,0.0,0.0,0.065305,0.0,0.0,0.057197,0.0,0.0,0.026874,0.0,0.0,0.0,0.0,0.0,0.0,0.0,0.030642,0.042059,0.082979,0.0,0.0,0.067092,0.049227,0.050683,0.0,0.027497,0.0,0.112295,0.049192,0.0,0.038662,0.0,0.039877,0.081376,0.055657,0.033034,0.031669,0.030296,0.0,0.005934
2020-04-15,0.022307,0.0,0.0,0.0,0.0,0.065399,0.0,0.0,0.057207,0.0,0.0,0.026977,0.0,0.0,0.0,0.0,0.0,0.0,0.0,0.029319,0.042399,0.082007,0.0,0.0,0.066503,0.048398,0.050859,0.0,0.02703,0.0,0.110321,0.049592,0.0,0.038975,0.0,0.041478,0.083196,0.056458,0.033161,0.032306,0.030091,0.0,0.006017
2020-04-16,0.022177,0.0,0.0,0.0,0.0,0.065555,0.0,0.0,0.057551,0.0,0.0,0.026849,0.0,0.0,0.0,0.0,0.0,0.0,0.0,0.029102,0.042948,0.083487,0.0,0.0,0.066728,0.049324,0.051067,0.0,0.02698,0.0,0.110663,0.049118,0.0,0.038522,0.0,0.041584,0.08256,0.055482,0.03284,0.031865,0.029635,0.0,0.005963
2020-04-17,0.022279,0.0,0.0,0.0,0.0,0.065153,0.0,0.0,0.057646,0.0,0.0,0.026836,0.0,0.0,0.0,0.0,0.0,0.0,0.0,0.030081,0.043231,0.086862,0.0,0.0,0.066675,0.049016,0.051366,0.0,0.027097,0.0,0.112334,0.047496,0.0,0.038437,0.0,0.040457,0.0812,0.054449,0.032549,0.031527,0.029429,0.0,0.005879
2020-04-20,0.022558,0.0,0.0,0.0,0.0,0.065347,0.0,0.0,0.057134,0.0,0.0,0.026711,0.0,0.0,0.0,0.0,0.0,0.0,0.0,0.029004,0.04308,0.090501,0.0,0.0,0.0659,0.048165,0.051409,0.0,0.026809,0.0,0.110811,0.048048,0.0,0.03827,0.0,0.040965,0.081778,0.054525,0.032203,0.031488,0.029374,0.0,0.00592
2020-04-21,0.022139,0.0,0.0,0.0,0.0,0.065294,0.0,0.0,0.056762,0.0,0.0,0.026475,0.0,0.0,0.0,0.0,0.0,0.0,0.0,0.029317,0.042746,0.089798,0.0,0.0,0.064615,0.046876,0.050195,0.0,0.026728,0.0,0.108831,0.048836,0.0,0.038788,0.0,0.04245,0.083923,0.056083,0.032353,0.03211,0.02964,0.0,0.006039
2020-04-22,0.022146,0.0,0.0,0.0,0.0,0.065527,0.0,0.0,0.056659,0.0,0.0,0.026698,0.0,0.0,0.0,0.0,0.0,0.0,0.0,0.029147,0.042617,0.089866,0.0,0.0,0.065894,0.048817,0.050952,0.0,0.027239,0.0,0.109878,0.048899,0.0,0.038175,0.0,0.041259,0.082155,0.055405,0.03205,0.031551,0.02913,0.0,0.005938
2020-04-23,0.022453,0.0,0.0,0.0,0.0,0.065003,0.0,0.0,0.056621,0.0,0.0,0.02687,0.0,0.0,0.0,0.0,0.0,0.0,0.0,0.029269,0.042822,0.089758,0.0,0.0,0.065398,0.048297,0.050483,0.0,0.027235,0.0,0.110128,0.049353,0.0,0.038519,0.0,0.041451,0.082154,0.055336,0.032012,0.031664,0.02925,0.0,0.005925
2020-04-24,0.021987,0.0,0.0,0.0,0.0,0.06456,0.0,0.0,0.056444,0.0,0.0,0.026957,0.0,0.0,0.0,0.0,0.0,0.0,0.0,0.030202,0.042993,0.091984,0.0,0.0,0.066162,0.048842,0.050797,0.0,0.027374,0.0,0.110338,0.048683,0.0,0.037484,0.0,0.041161,0.081408,0.055132,0.031417,0.031347,0.028851,0.0,0.005875
2020-04-27,0.022336,0.0,0.0,0.0,0.0,0.064809,0.0,0.0,0.057194,0.0,0.0,0.026901,0.0,0.0,0.0,0.0,0.0,0.0,0.0,0.031299,0.043101,0.092263,0.0,0.0,0.066046,0.048988,0.051124,0.0,0.027844,0.0,0.112473,0.047865,0.0,0.03685,0.0,0.039981,0.080146,0.05446,0.031222,0.030776,0.028506,0.0,0.005817
2020-04-28,0.022513,0.0,0.0,0.0,0.0,0.064652,0.0,0.0,0.057314,0.0,0.0,0.026432,0.0,0.0,0.0,0.0,0.0,0.0,0.0,0.033367,0.042261,0.089474,0.0,0.0,0.065214,0.048769,0.050024,0.0,0.028198,0.0,0.114324,0.047686,0.0,0.037211,0.0,0.040471,0.080554,0.054688,0.03134,0.030881,0.028807,0.0,0.005819
2020-04-29,0.022472,0.0,0.0,0.0,0.0,0.064498,0.0,0.0,0.057669,0.0,0.0,0.027185,0.0,0.0,0.0,0.0,0.0,0.0,0.0,0.034559,0.041734,0.088264,0.0,0.0,0.066602,0.050115,0.051101,0.0,0.028618,0.0,0.115314,0.04704,0.0,0.036559,0.0,0.039497,0.078986,0.053584,0.031287,0.030495,0.028712,0.0,0.005709
2020-04-30,0.035675,0.0,0.04106,0.0,0.0,0.090928,0.0,0.0,0.02683,0.0,0.0,0.04297,0.0,0.0,0.0,0.0,0.0,0.0,0.0,0.0,0.077937,0.038821,0.05345,0.0,0.032566,0.015185,0.031623,0.0216,0.01546,0.0,0.0,0.116866,0.0,0.117901,0.0,0.037927,0.03928,0.03925,0.060813,0.056593,0.0,0.0,0.007264
2020-05-01,0.035264,0.0,0.040871,0.0,0.0,0.088613,0.0,0.0,0.026435,0.0,0.0,0.042932,0.0,0.0,0.0,0.0,0.0,0.0,0.0,0.0,0.077463,0.038256,0.053562,0.0,0.032091,0.014636,0.031047,0.021254,0.015219,0.0,0.0,0.119141,0.0,0.119809,0.0,0.038758,0.039855,0.039768,0.060554,0.057114,0.0,0.0,0.00736
2020-05-04,0.034769,0.0,0.04052,0.0,0.0,0.088607,0.0,0.0,0.026835,0.0,0.0,0.043023,0.0,0.0,0.0,0.0,0.0,0.0,0.0,0.0,0.077137,0.040045,0.053336,0.0,0.032397,0.014703,0.031532,0.021388,0.015285,0.0,0.0,0.119117,0.0,0.118931,0.0,0.038433,0.039714,0.03966,0.060246,0.056992,0.0,0.0,0.007332
2020-05-05,0.035368,0.0,0.040598,0.0,0.0,0.089156,0.0,0.0,0.026629,0.0,0.0,0.042916,0.0,0.0,0.0,0.0,0.0,0.0,0.0,0.0,0.078204,0.040599,0.052973,0.0,0.03259,0.014835,0.031952,0.021569,0.015327,0.0,0.0,0.118704,0.0,0.117846,0.0,0.037893,0.03938,0.039401,0.060301,0.056479,0.0,0.0,0.007279
2020-05-06,0.035218,0.0,0.040443,0.0,0.0,0.090153,0.0,0.0,0.0266,0.0,0.0,0.04296,0.0,0.0,0.0,0.0,0.0,0.0,0.0,0.0,0.077726,0.040959,0.052594,0.0,0.03297,0.015075,0.032473,0.021833,0.015347,0.0,0.0,0.117626,0.0,0.118297,0.0,0.037425,0.039384,0.039359,0.060188,0.05606,0.0,0.0,0.00731
2020-05-07,0.035222,0.0,0.04062,0.0,0.0,0.08995,0.0,0.0,0.026624,0.0,0.0,0.04331,0.0,0.0,0.0,0.0,0.0,0.0,0.0,0.0,0.076905,0.040593,0.051898,0.0,0.033114,0.015052,0.03297,0.022547,0.015707,0.0,0.0,0.118183,0.0,0.118688,0.0,0.037652,0.039211,0.039193,0.05971,0.055622,0.0,0.0,0.007229
2020-05-08,0.034985,0.0,0.041036,0.0,0.0,0.091472,0.0,0.0,0.026703,0.0,0.0,0.043804,0.0,0.0,0.0,0.0,0.0,0.0,0.0,0.0,0.076782,0.040907,0.052701,0.0,0.033374,0.015391,0.033013,0.022558,0.015848,0.0,0.0,0.116682,0.0,0.118059,0.0,0.036913,0.038819,0.038916,0.059871,0.054983,0.0,0.0,0.007184
2020-05-11,0.035309,0.0,0.04133,0.0,0.0,0.091523,0.0,0.0,0.026625,0.0,0.0,0.043725,0.0,0.0,0.0,0.0,0.0,0.0,0.0,0.0,0.077916,0.042757,0.052503,0.0,0.033515,0.01534,0.033407,0.022779,0.015989,0.0,0.0,0.115679,0.0,0.11676,0.0,0.036537,0.038618,0.03869,0.059459,0.054371,0.0,0.0,0.007168
2020-05-12,0.03562,0.0,0.041038,0.0,0.0,0.091372,0.0,0.0,0.026571,0.0,0.0,0.043134,0.0,0.0,0.0,0.0,0.0,0.0,0.0,0.0,0.077196,0.042089,0.052376,0.0,0.033023,0.015024,0.032807,0.022388,0.015719,0.0,0.0,0.116834,0.0,0.117554,0.0,0.037137,0.038981,0.03896,0.059745,0.055229,0.0,0.0,0.007204
2020-05-13,0.034878,0.0,0.041471,0.0,0.0,0.09226,0.0,0.0,0.026695,0.0,0.0,0.04264,0.0,0.0,0.0,0.0,0.0,0.0,0.0,0.0,0.076797,0.041489,0.052201,0.0,0.03264,0.014819,0.03234,0.022029,0.015869,0.0,0.0,0.118636,0.0,0.116425,0.0,0.037611,0.039285,0.039219,0.05977,0.055673,0.0,0.0,0.00725
2020-05-14,0.034209,0.0,0.040771,0.0,0.0,0.091815,0.0,0.0,0.026792,0.0,0.0,0.043012,0.0,0.0,0.0,0.0,0.0,0.0,0.0,0.0,0.077481,0.041023,0.051966,0.0,0.032988,0.015184,0.032441,0.022164,0.015648,0.0,0.0,0.119441,0.0,0.116016,0.0,0.037902,0.039266,0.039184,0.059443,0.056018,0.0,0.0,0.007235
2020-05-15,0.034414,0.0,0.040674,0.0,0.0,0.090657,0.0,0.0,0.026186,0.0,0.0,0.043429,0.0,0.0,0.0,0.0,0.0,0.0,0.0,0.0,0.077814,0.042318,0.052208,0.0,0.033019,0.014809,0.032828,0.022296,0.015892,0.0,0.0,0.119623,0.0,0.11554,0.0,0.037649,0.03908,0.039091,0.059282,0.055985,0.0,0.0,0.007204
2020-05-18,0.035395,0.0,0.041154,0.0,0.0,0.093041,0.0,0.0,0.026475,0.0,0.0,0.043776,0.0,0.0,0.0,0.0,0.0,0.0,0.0,0.0,0.077451,0.042992,0.052356,0.0,0.033395,0.015291,0.032627,0.022253,0.016333,0.0,0.0,0.117197,0.0,0.114733,0.0,0.036351,0.038341,0.038587,0.059556,0.055581,0.0,0.0,0.007114
2020-05-19,0.035553,0.0,0.040783,0.0,0.0,0.092965,0.0,0.0,0.026269,0.0,0.0,0.043886,0.0,0.0,0.0,0.0,0.0,0.0,0.0,0.0,0.076725,0.04188,0.051534,0.0,0.033362,0.015282,0.032946,0.022335,0.01631,0.0,0.0,0.118647,0.0,0.115043,0.0,0.036585,0.038553,0.038647,0.059791,0.055774,0.0,0.0,0.007131
2020-05-20,0.035499,0.0,0.040992,0.0,0.0,0.092657,0.0,0.0,0.026166,0.0,0.0,0.04466,0.0,0.0,0.0,0.0,0.0,0.0,0.0,0.0,0.076063,0.042669,0.051634,0.0,0.033759,0.01569,0.03317,0.022562,0.016592,0.0,0.0,0.117762,0.0,0.114501,0.0,0.036335,0.038184,0.038381,0.059832,0.055833,0.0,0.0,0.007058
2020-05-21,0.035408,0.0,0.040925,0.0,0.0,0.09122,0.0,0.0,0.026357,0.0,0.0,0.044752,0.0,0.0,0.0,0.0,0.0,0.0,0.0,0.0,0.076195,0.042723,0.051533,0.0,0.033594,0.015436,0.03321,0.022578,0.016522,0.0,0.0,0.117113,0.0,0.114624,0.0,0.03676,0.038561,0.038693,0.060368,0.056303,0.0,0.0,0.007126
2020-05-22,0.035301,0.0,0.041017,0.0,0.0,0.087923,0.0,0.0,0.025933,0.0,0.0,0.045061,0.0,0.0,0.0,0.0,0.0,0.0,0.0,0.0,0.076425,0.043276,0.05176,0.0,0.033747,0.015518,0.033634,0.022974,0.016811,0.0,0.0,0.117912,0.0,0.11422,0.0,0.037015,0.038668,0.03875,0.060571,0.056354,0.0,0.0,0.007131
2020-05-25,0.035301,0.0,0.041017,0.0,0.0,0.087923,0.0,0.0,0.025933,0.0,0.0,0.045061,0.0,0.0,0.0,0.0,0.0,0.0,0.0,0.0,0.076425,0.043276,0.05176,0.0,0.033747,0.015518,0.033634,0.022974,0.016811,0.0,0.0,0.117911,0.0,0.11422,0.0,0.037015,0.038668,0.03875,0.060571,0.056354,0.0,0.0,0.007132
2020-05-26,0.036133,0.0,0.042244,0.0,0.0,0.089193,0.0,0.0,0.02639,0.0,0.0,0.045008,0.0,0.0,0.0,0.0,0.0,0.0,0.0,0.0,0.075986,0.042089,0.051834,0.0,0.033579,0.015619,0.033189,0.022891,0.017086,0.0,0.0,0.115777,0.0,0.115791,0.0,0.036375,0.038415,0.038454,0.060786,0.056055,0.0,0.0,0.007106
2020-05-27,0.036005,0.0,0.04271,0.0,0.0,0.088307,0.0,0.0,0.026371,0.0,0.0,0.045244,0.0,0.0,0.0,0.0,0.0,0.0,0.0,0.0,0.076635,0.042026,0.05252,0.0,0.03371,0.015831,0.033117,0.022894,0.017077,0.0,0.0,0.115778,0.0,0.114658,0.0,0.036242,0.038377,0.038423,0.060802,0.056186,0.0,0.0,0.007085
2020-05-28,0.036664,0.0,0.043183,0.0,0.0,0.087485,0.0,0.0,0.026108,0.0,0.0,0.044732,0.0,0.0,0.0,0.0,0.0,0.0,0.0,0.0,0.077483,0.041523,0.052882,0.0,0.033578,0.015456,0.033458,0.022966,0.01714,0.0,0.0,0.115939,0.0,0.114686,0.0,0.036039,0.038268,0.038468,0.060743,0.056123,0.0,0.0,0.007078
2020-05-29,0.0,0.0,0.0,0.0,0.0,0.058605,0.0,0.0,0.043398,0.0,0.059557,0.09204,0.0,0.0,0.0,0.0,0.0,0.0,0.0,0.0,0.053241,0.047235,0.092336,0.0,0.027604,0.013107,0.027484,0.020254,0.012473,0.0,0.047495,0.101626,0.0,0.094852,0.0,0.033014,0.033476,0.033822,0.050649,0.050211,0.0,0.0,0.00752
2020-06-01,0.0,0.0,0.0,0.0,0.0,0.059234,0.0,0.0,0.04385,0.0,0.05972,0.092472,0.0,0.0,0.0,0.0,0.0,0.0,0.0,0.0,0.05236,0.047167,0.092352,0.0,0.027411,0.012949,0.027595,0.020531,0.012619,0.0,0.048582,0.10141,0.0,0.094285,0.0,0.032572,0.033239,0.033637,0.05069,0.049853,0.0,0.0,0.00747
2020-06-02,0.0,0.0,0.0,0.0,0.0,0.060268,0.0,0.0,0.044201,0.0,0.059967,0.09244,0.0,0.0,0.0,0.0,0.0,0.0,0.0,0.0,0.052433,0.047611,0.092196,0.0,0.027548,0.013171,0.027494,0.020374,0.01257,0.0,0.049045,0.100313,0.0,0.093393,0.0,0.032312,0.033039,0.033416,0.050969,0.049794,0.0,0.0,0.007447
2020-06-03,0.0,0.0,0.0,0.0,0.0,0.060967,0.0,0.0,0.045067,0.0,0.060945,0.09249,0.0,0.0,0.0,0.0,0.0,0.0,0.0,0.0,0.052198,0.046766,0.092085,0.0,0.027692,0.013517,0.027438,0.020475,0.012649,0.0,0.049872,0.098212,0.0,0.093704,0.0,0.031801,0.03276,0.033222,0.051077,0.049637,0.0,0.0,0.007424
2020-06-04,0.0,0.0,0.0,0.0,0.0,0.060525,0.0,0.0,0.044784,0.0,0.060879,0.092167,0.0,0.0,0.0,0.0,0.0,0.0,0.0,0.0,0.051991,0.046112,0.092004,0.0,0.027573,0.013695,0.026979,0.020176,0.012582,0.0,0.050137,0.099641,0.0,0.09504,0.0,0.031466,0.03276,0.033227,0.051122,0.049684,0.0,0.0,0.007456
2020-06-05,0.0,0.0,0.0,0.0,0.0,0.060946,0.0,0.0,0.045526,0.0,0.061713,0.092731,0.0,0.0,0.0,0.0,0.0,0.0,0.0,0.0,0.052302,0.046021,0.092351,0.0,0.028015,0.01389,0.027108,0.020017,0.012667,0.0,0.051772,0.096643,0.0,0.094292,0.0,0.030929,0.03227,0.032892,0.051088,0.049441,0.0,0.0,0.007385
2020-06-08,0.0,0.0,0.0,0.0,0.0,0.060241,0.0,0.0,0.045421,0.0,0.062102,0.093637,0.0,0.0,0.0,0.0,0.0,0.0,0.0,0.0,0.052198,0.046458,0.092523,0.0,0.027908,0.013739,0.027241,0.020129,0.012577,0.0,0.05295,0.09683,0.0,0.093395,0.0,0.030774,0.032021,0.032673,0.050698,0.049169,0.0,0.0,0.007315
2020-06-09,0.0,0.0,0.0,0.0,0.0,0.060305,0.0,0.0,0.045468,0.0,0.061759,0.093619,0.0,0.0,0.0,0.0,0.0,0.0,0.0,0.0,0.051774,0.046485,0.091976,0.0,0.028104,0.013781,0.027175,0.020019,0.01259,0.0,0.052164,0.097988,0.0,0.093677,0.0,0.031195,0.03221,0.03278,0.050418,0.049177,0.0,0.0,0.007335
2020-06-10,0.0,0.0,0.0,0.0,0.0,0.06086,0.0,0.0,0.045874,0.0,0.060949,0.092985,0.0,0.0,0.0,0.0,0.0,0.0,0.0,0.0,0.051499,0.046367,0.091372,0.0,0.028466,0.013778,0.027545,0.020009,0.012558,0.0,0.052257,0.099016,0.0,0.092919,0.0,0.031538,0.032328,0.032907,0.050155,0.049313,0.0,0.0,0.007306
2020-06-11,0.0,0.0,0.0,0.0,0.0,0.060572,0.0,0.0,0.045425,0.0,0.059744,0.091754,0.0,0.0,0.0,0.0,0.0,0.0,0.0,0.0,0.050308,0.045311,0.090932,0.0,0.027757,0.013346,0.026984,0.019622,0.01225,0.0,0.050163,0.101684,0.0,0.094792,0.0,0.03324,0.033559,0.03405,0.05055,0.050402,0.0,0.0,0.007554
2020-06-12,0.0,0.0,0.0,0.0,0.0,0.061097,0.0,0.0,0.045816,0.0,0.059942,0.091954,0.0,0.0,0.0,0.0,0.0,0.0,0.0,0.0,0.050304,0.045589,0.090354,0.0,0.027932,0.01344,0.027209,0.019642,0.012417,0.0,0.050649,0.101163,0.0,0.094242,0.0,0.032705,0.033266,0.033737,0.050718,0.050316,0.0,0.0,0.007508
2020-06-15,0.0,0.0,0.0,0.0,0.0,0.060697,0.0,0.0,0.045332,0.0,0.060194,0.092943,0.0,0.0,0.0,0.0,0.0,0.0,0.0,0.0,0.050154,0.046631,0.090917,0.0,0.028054,0.01355,0.027558,0.019877,0.0124,0.0,0.049674,0.100454,0.0,0.093197,0.0,0.032552,0.033065,0.033574,0.050942,0.050764,0.0,0.0,0.007471
2020-06-16,0.0,0.0,0.0,0.0,0.0,0.060902,0.0,0.0,0.04516,0.0,0.060899,0.092849,0.0,0.0,0.0,0.0,0.0,0.0,0.0,0.0,0.050921,0.046918,0.091498,0.0,0.028391,0.013688,0.027787,0.01997,0.012514,0.0,0.05071,0.099489,0.0,0.092348,0.0,0.03176,0.032696,0.033251,0.050684,0.050162,0.0,0.0,0.007403
2020-06-17,0.0,0.0,0.0,0.0,0.0,0.061364,0.0,0.0,0.045639,0.0,0.060689,0.09289,0.0,0.0,0.0,0.0,0.0,0.0,0.0,0.0,0.050828,0.046916,0.091285,0.0,0.028362,0.013784,0.027764,0.020027,0.012615,0.0,0.050357,0.099597,0.0,0.092272,0.0,0.031865,0.03272,0.033202,0.050406,0.050024,0.0,0.0,0.007394
2020-06-18,0.0,0.0,0.0,0.0,0.0,0.061574,0.0,0.0,0.045547,0.0,0.060331,0.09298,0.0,0.0,0.0,0.0,0.0,0.0,0.0,0.0,0.050541,0.04731,0.091552,0.0,0.028425,0.013727,0.028097,0.020072,0.012492,0.0,0.050586,0.099176,0.0,0.091791,0.0,0.03213,0.032719,0.033277,0.050274,0.050022,0.0,0.0,0.007377
2020-06-19,0.0,0.0,0.0,0.0,0.0,0.061411,0.0,0.0,0.045231,0.0,0.059776,0.092598,0.0,0.0,0.0,0.0,0.0,0.0,0.0,0.0,0.050955,0.048582,0.090949,0.0,0.028189,0.013641,0.028032,0.019892,0.012458,0.0,0.051019,0.100128,0.0,0.09166,0.0,0.03211,0.032683,0.033295,0.050033,0.049989,0.0,0.0,0.007369
2020-06-22,0.0,0.0,0.0,0.0,0.0,0.06188,0.0,0.0,0.045517,0.0,0.06003,0.092248,0.0,0.0,0.0,0.0,0.0,0.0,0.0,0.0,0.050456,0.04971,0.090148,0.0,0.028549,0.013659,0.028417,0.020003,0.012577,0.0,0.051362,0.100173,0.0,0.091046,0.0,0.031922,0.032458,0.03318,0.049698,0.049642,0.0,0.0,0.007324
2020-06-23,0.0,0.0,0.0,0.0,0.0,0.062513,0.0,0.0,0.045545,0.0,0.060254,0.092465,0.0,0.0,0.0,0.0,0.0,0.0,0.0,0.0,0.050465,0.050266,0.089641,0.0,0.028637,0.013652,0.028271,0.019807,0.012541,0.0,0.051377,0.100602,0.0,0.090807,0.0,0.031574,0.032315,0.033062,0.049566,0.049346,0.0,0.0,0.007294
2020-06-24,0.0,0.0,0.0,0.0,0.0,0.062707,0.0,0.0,0.045885,0.0,0.059662,0.091509,0.0,0.0,0.0,0.0,0.0,0.0,0.0,0.0,0.049761,0.049851,0.089234,0.0,0.02834,0.013519,0.028056,0.019738,0.012445,0.0,0.051136,0.101503,0.0,0.091259,0.0,0.03231,0.03278,0.033429,0.04967,0.049823,0.0,0.0,0.007384
2020-06-25,0.0,0.0,0.0,0.0,0.0,0.062201,0.0,0.0,0.045828,0.0,0.059475,0.091501,0.0,0.0,0.0,0.0,0.0,0.0,0.0,0.0,0.050026,0.050854,0.089465,0.0,0.028575,0.013555,0.028316,0.019874,0.012641,0.0,0.051038,0.100989,0.0,0.090987,0.0,0.032259,0.032639,0.033309,0.049467,0.049653,0.0,0.0,0.007348
2020-06-26,0.0,0.0,0.0,0.0,0.0,0.062595,0.0,0.0,0.046114,0.0,0.058869,0.088652,0.0,0.0,0.0,0.0,0.0,0.0,0.0,0.0,0.050088,0.04985,0.088827,0.0,0.028392,0.013481,0.028448,0.019922,0.012546,0.0,0.05145,0.102815,0.0,0.090434,0.0,0.033046,0.033171,0.033818,0.049661,0.050371,0.0,0.0,0.007449
2020-06-29,0.0,0.0,0.0,0.0,0.0,0.062103,0.0,0.0,0.046121,0.0,0.059533,0.089608,0.0,0.0,0.0,0.0,0.0,0.0,0.0,0.0,0.050157,0.049464,0.089822,0.0,0.028485,0.013525,0.028157,0.019784,0.012591,0.0,0.051638,0.102092,0.0,0.091046,0.0,0.032693,0.032953,0.033601,0.049007,0.050223,0.0,0.0,0.007396
2020-06-30,0.033507,0.0,0.038778,0.0,0.0,0.057156,0.0,0.0,0.0,0.0,0.088431,0.075738,0.0,0.0,0.0,0.0,0.0,0.0,0.0,0.0,0.093442,0.0,0.041394,0.047177,0.021843,0.014685,0.021823,0.022019,0.022089,0.0,0.104158,0.103528,0.0,0.0,0.0,0.033747,0.033761,0.034358,0.051617,0.051133,0.0,0.0,0.009614
2020-07-01,0.033512,0.0,0.038454,0.0,0.0,0.057294,0.0,0.0,0.0,0.0,0.088755,0.077121,0.0,0.0,0.0,0.0,0.0,0.0,0.0,0.0,0.093561,0.0,0.041165,0.047972,0.021739,0.014404,0.022059,0.022177,0.022077,0.0,0.10418,0.102407,0.0,0.0,0.0,0.033467,0.033493,0.034161,0.051448,0.051007,0.0,0.0,0.009548
2020-07-02,0.033776,0.0,0.038444,0.0,0.0,0.058811,0.0,0.0,0.0,0.0,0.088502,0.07635,0.0,0.0,0.0,0.0,0.0,0.0,0.0,0.0,0.093627,0.0,0.041095,0.047771,0.021718,0.014481,0.021961,0.022112,0.021946,0.0,0.10513,0.101933,0.0,0.0,0.0,0.033274,0.033308,0.034023,0.051475,0.050786,0.0,0.0,0.009478
2020-07-03,0.033566,0.0,0.038452,0.0,0.0,0.058823,0.0,0.0,0.0,0.0,0.088521,0.076366,0.0,0.0,0.0,0.0,0.0,0.0,0.0,0.0,0.093647,0.0,0.041104,0.047781,0.021722,0.014485,0.021965,0.022117,0.02195,0.0,0.105153,0.101955,0.0,0.0,0.0,0.033282,0.033315,0.03403,0.051486,0.050797,0.0,0.0,0.009482
2020-07-06,0.033497,0.0,0.038164,0.0,0.0,0.061829,0.0,0.0,0.0,0.0,0.088796,0.076334,0.0,0.0,0.0,0.0,0.0,0.0,0.0,0.0,0.092693,0.0,0.040475,0.046246,0.021657,0.014568,0.021757,0.02182,0.022046,0.0,0.111122,0.100502,0.0,0.0,0.0,0.032478,0.032596,0.03341,0.050813,0.049904,0.0,0.0,0.009291
2020-07-07,0.033545,0.0,0.037931,0.0,0.0,0.060805,0.0,0.0,0.0,0.0,0.087656,0.076338,0.0,0.0,0.0,0.0,0.0,0.0,0.0,0.0,0.092155,0.0,0.040962,0.046193,0.021493,0.014438,0.021691,0.021715,0.021948,0.0,0.112306,0.101428,0.0,0.0,0.0,0.03303,0.032795,0.033515,0.050621,0.050115,0.0,0.0,0.009322
2020-07-08,0.032993,0.0,0.037606,0.0,0.0,0.062925,0.0,0.0,0.0,0.0,0.087894,0.076413,0.0,0.0,0.0,0.0,0.0,0.0,0.0,0.0,0.091441,0.0,0.040539,0.046241,0.021672,0.014518,0.021959,0.022045,0.021989,0.0,0.112944,0.101257,0.0,0.0,0.0,0.03264,0.032487,0.033193,0.050358,0.049641,0.0,0.0,0.009245
2020-07-09,0.032812,0.0,0.037452,0.0,0.0,0.063124,0.0,0.0,0.0,0.0,0.087861,0.076566,0.0,0.0,0.0,0.0,0.0,0.0,0.0,0.0,0.090791,0.0,0.04025,0.045656,0.021767,0.014722,0.022178,0.022409,0.021908,0.0,0.112841,0.10106,0.0,0.0,0.0,0.033185,0.032616,0.033304,0.050286,0.049957,0.0,0.0,0.009254
2020-07-10,0.032948,0.0,0.037711,0.0,0.0,0.062173,0.0,0.0,0.0,0.0,0.088369,0.077416,0.0,0.0,0.0,0.0,0.0,0.0,0.0,0.0,0.090026,0.0,0.040742,0.046235,0.021629,0.014584,0.02192,0.022215,0.022076,0.0,0.114613,0.100187,0.0,0.0,0.0,0.032818,0.032355,0.033067,0.050151,0.049563,0.0,0.0,0.009202
2020-07-13,0.033662,0.0,0.037576,0.0,0.0,0.061561,0.0,0.0,0.0,0.0,0.087389,0.075982,0.0,0.0,0.0,0.0,0.0,0.0,0.0,0.0,0.090681,0.0,0.040747,0.046358,0.021215,0.014367,0.021007,0.021299,0.021642,0.0,0.118743,0.100473,0.0,0.0,0.0,0.03298,0.032441,0.033193,0.049958,0.049512,0.0,0.0,0.009214
2020-07-14,0.032991,0.0,0.037701,0.0,0.0,0.060747,0.0,0.0,0.0,0.0,0.087857,0.076385,0.0,0.0,0.0,0.0,0.0,0.0,0.0,0.0,0.09206,0.0,0.041154,0.046578,0.021362,0.014538,0.021023,0.021412,0.021879,0.0,0.116725,0.100481,0.0,0.0,0.0,0.032876,0.032291,0.033047,0.050155,0.049573,0.0,0.0,0.009166
2020-07-15,0.0334,0.0,0.038,0.0,0.0,0.060553,0.0,0.0,0.0,0.0,0.088693,0.076478,0.0,0.0,0.0,0.0,0.0,0.0,0.0,0.0,0.092815,0.0,0.040994,0.046176,0.021376,0.014444,0.02096,0.021399,0.022198,0.0,0.116082,0.100096,0.0,0.0,0.0,0.032569,0.032128,0.032873,0.050202,0.049438,0.0,0.0,0.009126
2020-07-16,0.03348,0.0,0.037939,0.0,0.0,0.059215,0.0,0.0,0.0,0.0,0.089228,0.07728,0.0,0.0,0.0,0.0,0.0,0.0,0.0,0.0,0.093473,0.0,0.04144,0.047172,0.021297,0.014516,0.020884,0.021331,0.02201,0.0,0.112144,0.100016,0.0,0.0,0.0,0.033009,0.032433,0.033227,0.050689,0.050008,0.0,0.0,0.009211
2020-07-17,0.033457,0.0,0.037821,0.0,0.0,0.059262,0.0,0.0,0.0,0.0,0.088393,0.076743,0.0,0.0,0.0,0.0,0.0,0.0,0.0,0.0,0.094307,0.0,0.041467,0.048011,0.0213,0.01452,0.020964,0.021529,0.022268,0.0,0.111742,0.100366,0.0,0.0,0.0,0.032785,0.032272,0.033132,0.05059,0.049907,0.0,0.0,0.009163
2020-07-20,0.033344,0.0,0.037515,0.0,0.0,0.060011,0.0,0.0,0.0,0.0,0.089015,0.076981,0.0,0.0,0.0,0.0,0.0,0.0,0.0,0.0,0.093458,0.0,0.040688,0.046963,0.021652,0.014677,0.021557,0.022001,0.0223,0.0,0.113278,0.099961,0.0,0.0,0.0,0.032576,0.032009,0.032885,0.050445,0.049604,0.0,0.0,0.009081
2020-07-21,0.033655,0.0,0.037452,0.0,0.0,0.060341,0.0,0.0,0.0,0.0,0.088957,0.076442,0.0,0.0,0.0,0.0,0.0,0.0,0.0,0.0,0.093192,0.0,0.040952,0.047073,0.021388,0.01457,0.021269,0.021871,0.022295,0.0,0.113029,0.100944,0.0,0.0,0.0,0.032524,0.031973,0.032887,0.050568,0.04956,0.0,0.0,0.009058
2020-07-22,0.033382,0.0,0.037209,0.0,0.0,0.059189,0.0,0.0,0.0,0.0,0.089376,0.076227,0.0,0.0,0.0,0.0,0.0,0.0,0.0,0.0,0.093667,0.0,0.04112,0.047615,0.021476,0.014562,0.021248,0.021781,0.022322,0.0,0.112595,0.102084,0.0,0.0,0.0,0.032496,0.03186,0.03276,0.050475,0.049531,0.0,0.0,0.009026
2020-07-23,0.033619,0.0,0.037186,0.0,0.0,0.05919,0.0,0.0,0.0,0.0,0.088281,0.075198,0.0,0.0,0.0,0.0,0.0,0.0,0.0,0.0,0.093506,0.0,0.041381,0.047803,0.020977,0.014379,0.020845,0.021672,0.022349,0.0,0.113188,0.103273,0.0,0.0,0.0,0.032967,0.03198,0.032867,0.05058,0.049705,0.0,0.0,0.009052
2020-07-24,0.033341,0.0,0.03745,0.0,0.0,0.058853,0.0,0.0,0.0,0.0,0.089161,0.075693,0.0,0.0,0.0,0.0,0.0,0.0,0.0,0.0,0.093233,0.0,0.041665,0.047876,0.020892,0.014269,0.020823,0.021571,0.022295,0.0,0.109111,0.10501,0.0,0.0,0.0,0.033235,0.032226,0.033128,0.051042,0.049999,0.0,0.0,0.009125
2020-07-27,0.033234,0.0,0.037938,0.0,0.0,0.058523,0.0,0.0,0.0,0.0,0.089111,0.0757,0.0,0.0,0.0,0.0,0.0,0.0,0.0,0.0,0.093302,0.0,0.041592,0.046978,0.021079,0.014615,0.02103,0.021765,0.022625,0.0,0.108999,0.106365,0.0,0.0,0.0,0.032889,0.03196,0.032905,0.050818,0.049512,0.0,0.0,0.009059
2020-07-28,0.033424,0.0,0.037744,0.0,0.0,0.05837,0.0,0.0,0.0,0.0,0.08832,0.074998,0.0,0.0,0.0,0.0,0.0,0.0,0.0,0.0,0.093294,0.0,0.041788,0.047738,0.020854,0.014347,0.020872,0.021649,0.02236,0.0,0.10933,0.107364,0.0,0.0,0.0,0.033151,0.032069,0.033,0.050739,0.049513,0.0,0.0,0.009075
2020-07-29,0.033157,0.0,0.037409,0.0,0.0,0.058908,0.0,0.0,0.0,0.0,0.088379,0.074975,0.0,0.0,0.0,0.0,0.0,0.0,0.0,0.0,0.093387,0.0,0.041455,0.047509,0.020958,0.014505,0.021078,0.022001,0.022367,0.0,0.110551,0.107154,0.0,0.0,0.0,0.032784,0.031809,0.032766,0.050542,0.049316,0.0,0.0,0.00899
2020-07-30,0.03297,0.0,0.036946,0.0,0.0,0.058713,0.0,0.0,0.0,0.0,0.088544,0.075387,0.0,0.0,0.0,0.0,0.0,0.0,0.0,0.0,0.092989,0.0,0.041566,0.047636,0.021131,0.014831,0.021103,0.022235,0.022279,0.0,0.109921,0.106646,0.0,0.0,0.0,0.033088,0.031939,0.032888,0.050785,0.049394,0.0,0.0,0.009009
2020-07-31,0.052065,0.0,0.0,0.0,0.0,0.0,0.0,0.0,0.062909,0.0,0.092699,0.073504,0.0,0.0,0.0,0.0,0.0,0.0,0.065879,0.0,0.037465,0.054149,0.0,0.0,0.01897,0.018417,0.018857,0.017057,0.018938,0.0,0.093028,0.092539,0.0,0.0,0.0,0.030116,0.030804,0.030846,0.037594,0.054945,0.092651,0.0,0.006568
2020-08-03,0.052387,0.0,0.0,0.0,0.0,0.0,0.0,0.0,0.062093,0.0,0.091673,0.072908,0.0,0.0,0.0,0.0,0.0,0.0,0.06492,0.0,0.037513,0.055916,0.0,0.0,0.019263,0.018583,0.019067,0.017094,0.019191,0.0,0.096301,0.091813,0.0,0.0,0.0,0.029695,0.030513,0.030611,0.037266,0.054525,0.09216,0.0,0.006509
2020-08-04,0.052213,0.0,0.0,0.0,0.0,0.0,0.0,0.0,0.062704,0.0,0.091812,0.072896,0.0,0.0,0.0,0.0,0.0,0.0,0.065413,0.0,0.037106,0.055383,0.0,0.0,0.019187,0.018734,0.018915,0.016978,0.019177,0.0,0.095754,0.093159,0.0,0.0,0.0,0.029784,0.030419,0.03048,0.037012,0.054372,0.092033,0.0,0.006467
2020-08-05,0.052378,0.0,0.0,0.0,0.0,0.0,0.0,0.0,0.062958,0.0,0.092305,0.072293,0.0,0.0,0.0,0.0,0.0,0.0,0.065922,0.0,0.037026,0.055407,0.0,0.0,0.019128,0.018588,0.018865,0.016976,0.019245,0.0,0.096908,0.09339,0.0,0.0,0.0,0.029325,0.030113,0.030289,0.036827,0.053931,0.091702,0.0,0.006424
2020-08-06,0.051937,0.0,0.0,0.0,0.0,0.0,0.0,0.0,0.062877,0.0,0.092394,0.073909,0.0,0.0,0.0,0.0,0.0,0.0,0.065389,0.0,0.036684,0.054912,0.0,0.0,0.019322,0.018506,0.018852,0.016761,0.019214,0.0,0.096682,0.094262,0.0,0.0,0.0,0.029374,0.03003,0.030204,0.036766,0.05395,0.091577,0.0,0.006398
2020-08-07,0.052359,0.0,0.0,0.0,0.0,0.0,0.0,0.0,0.062399,0.0,0.092904,0.07412,0.0,0.0,0.0,0.0,0.0,0.0,0.065876,0.0,0.03695,0.055186,0.0,0.0,0.01911,0.018374,0.018503,0.016534,0.019218,0.0,0.09669,0.093137,0.0,0.0,0.0,0.029295,0.030087,0.030244,0.036823,0.054015,0.091752,0.0,0.006423
2020-08-10,0.052344,0.0,0.0,0.0,0.0,0.0,0.0,0.0,0.06269,0.0,0.093915,0.073793,0.0,0.0,0.0,0.0,0.0,0.0,0.066445,0.0,0.036785,0.055121,0.0,0.0,0.019036,0.018353,0.018216,0.016297,0.019219,0.0,0.09689,0.092715,0.0,0.0,0.0,0.029133,0.030023,0.030176,0.0368,0.05384,0.09179,0.0,0.006419
2020-08-11,0.053481,0.0,0.0,0.0,0.0,0.0,0.0,0.0,0.062659,0.0,0.094787,0.073513,0.0,0.0,0.0,0.0,0.0,0.0,0.067076,0.0,0.036965,0.053526,0.0,0.0,0.018905,0.018367,0.018067,0.016344,0.019481,0.0,0.098085,0.088726,0.0,0.0,0.0,0.029111,0.030257,0.030448,0.036879,0.054105,0.092727,0.0,0.006491
2020-08-12,0.05338,0.0,0.0,0.0,0.0,0.0,0.0,0.0,0.062884,0.0,0.095433,0.073915,0.0,0.0,0.0,0.0,0.0,0.0,0.067046,0.0,0.037347,0.053356,0.0,0.0,0.019211,0.01884,0.018157,0.016296,0.019871,0.0,0.098835,0.087751,0.0,0.0,0.0,0.028663,0.029977,0.030274,0.036653,0.053629,0.092033,0.0,0.006448
2020-08-13,0.053368,0.0,0.0,0.0,0.0,0.0,0.0,0.0,0.062273,0.0,0.095329,0.074237,0.0,0.0,0.0,0.0,0.0,0.0,0.06699,0.0,0.037273,0.054054,0.0,0.0,0.019207,0.018639,0.018383,0.016337,0.019791,0.0,0.098107,0.089762,0.0,0.0,0.0,0.028338,0.029895,0.030177,0.036529,0.053108,0.091761,0.0,0.006443
2020-08-14,0.053341,0.0,0.0,0.0,0.0,0.0,0.0,0.0,0.062643,0.0,0.095569,0.074417,0.0,0.0,0.0,0.0,0.0,0.0,0.067239,0.0,0.037296,0.053687,0.0,0.0,0.019243,0.018677,0.018337,0.016271,0.019813,0.0,0.09775,0.089607,0.0,0.0,0.0,0.0283,0.029987,0.030204,0.036558,0.053011,0.091587,0.0,0.006461
2020-08-17,0.052996,0.0,0.0,0.0,0.0,0.0,0.0,0.0,0.063098,0.0,0.095848,0.073771,0.0,0.0,0.0,0.0,0.0,0.0,0.066875,0.0,0.037147,0.055021,0.0,0.0,0.019181,0.018701,0.018376,0.016186,0.019968,0.0,0.098176,0.090651,0.0,0.0,0.0,0.028092,0.029741,0.029971,0.036414,0.052598,0.09079,0.0,0.006398
2020-08-18,0.053057,0.0,0.0,0.0,0.0,0.0,0.0,0.0,0.062435,0.0,0.096329,0.074349,0.0,0.0,0.0,0.0,0.0,0.0,0.066521,0.0,0.037094,0.054475,0.0,0.0,0.01923,0.018581,0.018573,0.016306,0.019872,0.0,0.097659,0.091361,0.0,0.0,0.0,0.02826,0.029757,0.03007,0.036427,0.052688,0.090565,0.0,0.00639
2020-08-19,0.053633,0.0,0.0,0.0,0.0,0.0,0.0,0.0,0.062025,0.0,0.096604,0.074704,0.0,0.0,0.0,0.0,0.0,0.0,0.066834,0.0,0.037254,0.054797,0.0,0.0,0.019353,0.018615,0.018697,0.016458,0.019825,0.0,0.096573,0.089149,0.0,0.0,0.0,0.028297,0.029944,0.030207,0.0366,0.052948,0.091044,0.0,0.006439
2020-08-20,0.053168,0.0,0.0,0.0,0.0,0.0,0.0,0.0,0.06078,0.0,0.09648,0.075651,0.0,0.0,0.0,0.0,0.0,0.0,0.066614,0.0,0.037144,0.0548,0.0,0.0,0.019615,0.018454,0.019072,0.016668,0.019741,0.0,0.095655,0.089786,0.0,0.0,0.0,0.028559,0.030037,0.030185,0.03673,0.053147,0.091274,0.0,0.00644
2020-08-21,0.053198,0.0,0.0,0.0,0.0,0.0,0.0,0.0,0.061339,0.0,0.096986,0.075322,0.0,0.0,0.0,0.0,0.0,0.0,0.066234,0.0,0.037186,0.05413,0.0,0.0,0.019866,0.018581,0.018944,0.016543,0.019655,0.0,0.095866,0.089075,0.0,0.0,0.0,0.028733,0.030062,0.030291,0.036729,0.053249,0.091572,0.0,0.006441
2020-08-24,0.053507,0.0,0.0,0.0,0.0,0.0,0.0,0.0,0.061361,0.0,0.097942,0.07584,0.0,0.0,0.0,0.0,0.0,0.0,0.067047,0.0,0.036821,0.052561,0.0,0.0,0.019933,0.018676,0.018904,0.016554,0.019742,0.0,0.097157,0.088106,0.0,0.0,0.0,0.028536,0.029863,0.030192,0.036704,0.052877,0.091275,0.0,0.006404
2020-08-25,0.053428,0.0,0.0,0.0,0.0,0.0,0.0,0.0,0.061768,0.0,0.098016,0.076361,0.0,0.0,0.0,0.0,0.0,0.0,0.066611,0.0,0.036976,0.053058,0.0,0.0,0.019982,0.018809,0.019064,0.016568,0.019692,0.0,0.097465,0.087989,0.0,0.0,0.0,0.028245,0.029716,0.030106,0.03665,0.052514,0.090596,0.0,0.006388
2020-08-26,0.053518,0.0,0.0,0.0,0.0,0.0,0.0,0.0,0.061696,0.0,0.098279,0.078407,0.0,0.0,0.0,0.0,0.0,0.0,0.066833,0.0,0.036668,0.05203,0.0,0.0,0.020243,0.018735,0.019953,0.01674,0.019617,0.0,0.096872,0.088395,0.0,0.0,0.0,0.027937,0.029492,0.029951,0.036385,0.052159,0.089745,0.0,0.006343
2020-08-27,0.054028,0.0,0.0,0.0,0.0,0.0,0.0,0.0,0.06119,0.0,0.098205,0.077815,0.0,0.0,0.0,0.0,0.0,0.0,0.066965,0.0,0.037129,0.05185,0.0,0.0,0.020354,0.018608,0.019956,0.016698,0.019483,0.0,0.098254,0.08778,0.0,0.0,0.0,0.02759,0.029525,0.029972,0.036499,0.051986,0.089741,0.0,0.006373
2020-08-28,0.05368,0.0,0.0,0.0,0.0,0.0,0.0,0.0,0.060995,0.0,0.098138,0.077439,0.0,0.0,0.0,0.0,0.0,0.0,0.067272,0.0,0.036944,0.051916,0.0,0.0,0.020385,0.018816,0.02,0.016642,0.019566,0.0,0.098671,0.088664,0.0,0.0,0.0,0.027371,0.029361,0.029851,0.036266,0.051769,0.089927,0.0,0.006327
2020-08-31,0.0,0.0,0.0,0.0,0.0,0.0,0.0,0.0,0.077291,0.0,0.077271,0.074286,0.0,0.0,0.0,0.0,0.0,0.0,0.077148,0.077364,0.077006,0.0,0.073277,0.0,0.015356,0.015037,0.014975,0.015382,0.015437,0.0,0.077155,0.076524,0.0,0.0,0.0,0.024959,0.025369,0.025018,0.038675,0.038249,0.076689,0.0,0.007532
2020-09-01,0.0,0.0,0.0,0.0,0.0,0.0,0.0,0.0,0.077533,0.0,0.077182,0.074036,0.0,0.0,0.0,0.0,0.0,0.0,0.078405,0.078759,0.075439,0.0,0.072512,0.0,0.015469,0.015159,0.015201,0.01562,0.015479,0.0,0.078363,0.075735,0.0,0.0,0.0,0.024954,0.02516,0.024744,0.038439,0.038048,0.076319,0.0,0.007444
2020-09-02,0.0,0.0,0.0,0.0,0.0,0.0,0.0,0.0,0.077252,0.0,0.077567,0.074954,0.0,0.0,0.0,0.0,0.0,0.0,0.079484,0.078293,0.076278,0.0,0.073181,0.0,0.01547,0.015462,0.015147,0.015645,0.015701,0.0,0.07764,0.074087,0.0,0.0,0.0,0.024971,0.024974,0.024537,0.038148,0.037865,0.075964,0.0,0.00738
2020-09-03,0.0,0.0,0.0,0.0,0.0,0.0,0.0,0.0,0.077938,0.0,0.076922,0.074163,0.0,0.0,0.0,0.0,0.0,0.0,0.079157,0.076929,0.075996,0.0,0.073662,0.0,0.014941,0.014953,0.014669,0.015119,0.015441,0.0,0.076052,0.075264,0.0,0.0,0.0,0.025648,0.025612,0.025044,0.038828,0.038696,0.077407,0.0,0.007558
2020-09-04,0.0,0.0,0.0,0.0,0.0,0.0,0.0,0.0,0.078595,0.0,0.076553,0.073305,0.0,0.0,0.0,0.0,0.0,0.0,0.079747,0.075721,0.075969,0.0,0.073996,0.0,0.014834,0.014899,0.014335,0.014859,0.015494,0.0,0.07685,0.075988,0.0,0.0,0.0,0.025333,0.025644,0.025137,0.038987,0.038547,0.077601,0.0,0.007608
2020-09-07,0.0,0.0,0.0,0.0,0.0,0.0,0.0,0.0,0.078595,0.0,0.076552,0.073305,0.0,0.0,0.0,0.0,0.0,0.0,0.079747,0.075721,0.075969,0.0,0.073996,0.0,0.014834,0.014899,0.014335,0.014859,0.015494,0.0,0.076849,0.075987,0.0,0.0,0.0,0.025333,0.025644,0.025137,0.038987,0.038547,0.0776,0.0,0.00761
2020-09-08,0.0,0.0,0.0,0.0,0.0,0.0,0.0,0.0,0.079603,0.0,0.076622,0.072385,0.0,0.0,0.0,0.0,0.0,0.0,0.079362,0.076434,0.07578,0.0,0.073467,0.0,0.014364,0.014404,0.014033,0.014719,0.015493,0.0,0.074422,0.076919,0.0,0.0,0.0,0.025851,0.026064,0.025519,0.039321,0.039132,0.078391,0.0,0.007715
2020-09-09,0.0,0.0,0.0,0.0,0.0,0.0,0.0,0.0,0.079092,0.0,0.076991,0.072241,0.0,0.0,0.0,0.0,0.0,0.0,0.080285,0.07783,0.076058,0.0,0.073504,0.0,0.014629,0.014593,0.014234,0.014789,0.015619,0.0,0.074229,0.076595,0.0,0.0,0.0,0.025426,0.025692,0.025181,0.039083,0.038618,0.0777,0.0,0.007611
2020-09-10,0.0,0.0,0.0,0.0,0.0,0.0,0.0,0.0,0.079353,0.0,0.076534,0.071778,0.0,0.0,0.0,0.0,0.0,0.0,0.080207,0.07803,0.075531,0.0,0.073218,0.0,0.01442,0.014517,0.014177,0.014721,0.015566,0.0,0.073801,0.076997,0.0,0.0,0.0,0.025773,0.025942,0.025417,0.03923,0.038975,0.07814,0.0,0.007674
2020-09-11,0.0,0.0,0.0,0.0,0.0,0.0,0.0,0.0,0.079189,0.0,0.076353,0.071275,0.0,0.0,0.0,0.0,0.0,0.0,0.080916,0.079009,0.075535,0.0,0.073344,0.0,0.014254,0.014457,0.013924,0.014574,0.015546,0.0,0.074492,0.076695,0.0,0.0,0.0,0.025728,0.025882,0.025305,0.039157,0.038853,0.077866,0.0,0.007646
2020-09-14,0.0,0.0,0.0,0.0,0.0,0.0,0.0,0.0,0.079534,0.0,0.076295,0.070743,0.0,0.0,0.0,0.0,0.0,0.0,0.081161,0.079401,0.075756,0.0,0.072989,0.0,0.01439,0.01458,0.014021,0.01461,0.015703,0.0,0.076569,0.076431,0.0,0.0,0.0,0.025437,0.025568,0.025004,0.038675,0.038513,0.077064,0.0,0.007558
2020-09-15,0.0,0.0,0.0,0.0,0.0,0.0,0.0,0.0,0.080025,0.0,0.076429,0.071545,0.0,0.0,0.0,0.0,0.0,0.0,0.081034,0.07796,0.075371,0.0,0.072423,0.0,0.014439,0.014737,0.014182,0.014643,0.015779,0.0,0.079152,0.075761,0.0,0.0,0.0,0.025213,0.025392,0.024862,0.038533,0.038309,0.0767,0.0,0.007511
2020-09-16,0.0,0.0,0.0,0.0,0.0,0.0,0.0,0.0,0.080073,0.0,0.076047,0.070814,0.0,0.0,0.0,0.0,0.0,0.0,0.081143,0.080016,0.075288,0.0,0.072142,0.0,0.014224,0.014608,0.013974,0.014618,0.015737,0.0,0.078886,0.07602,0.0,0.0,0.0,0.025152,0.025392,0.024877,0.038555,0.038357,0.076563,0.0,0.007514
2020-09-17,0.0,0.0,0.0,0.0,0.0,0.0,0.0,0.0,0.08011,0.0,0.075327,0.069836,0.0,0.0,0.0,0.0,0.0,0.0,0.082122,0.079222,0.075389,0.0,0.072018,0.0,0.014172,0.014668,0.013864,0.014533,0.015742,0.0,0.079784,0.075955,0.0,0.0,0.0,0.025346,0.025519,0.025006,0.038694,0.038544,0.0766,0.0,0.007549
2020-09-18,0.0,0.0,0.0,0.0,0.0,0.0,0.0,0.0,0.080388,0.0,0.074685,0.069543,0.0,0.0,0.0,0.0,0.0,0.0,0.081151,0.078898,0.075686,0.0,0.071747,0.0,0.014004,0.014517,0.013867,0.014604,0.015718,0.0,0.080814,0.07647,0.0,0.0,0.0,0.025406,0.025635,0.025121,0.038808,0.038683,0.076664,0.0,0.00759
2020-09-21,0.0,0.0,0.0,0.0,0.0,0.0,0.0,0.0,0.081058,0.0,0.074549,0.069609,0.0,0.0,0.0,0.0,0.0,0.0,0.079423,0.07846,0.075239,0.0,0.072111,0.0,0.014301,0.014677,0.014294,0.014877,0.015617,0.0,0.079925,0.075893,0.0,0.0,0.0,0.025862,0.02601,0.025396,0.038988,0.039141,0.076884,0.0,0.007685
2020-09-22,0.0,0.0,0.0,0.0,0.0,0.0,0.0,0.0,0.079907,0.0,0.075731,0.070588,0.0,0.0,0.0,0.0,0.0,0.0,0.079163,0.080503,0.07469,0.0,0.072161,0.0,0.014452,0.014752,0.014517,0.015084,0.015664,0.0,0.078934,0.075135,0.0,0.0,0.0,0.025708,0.025876,0.025273,0.038921,0.038962,0.076329,0.0,0.007648
2020-09-23,0.0,0.0,0.0,0.0,0.0,0.0,0.0,0.0,0.080048,0.0,0.076049,0.070346,0.0,0.0,0.0,0.0,0.0,0.0,0.078447,0.078953,0.075469,0.0,0.072565,0.0,0.014295,0.014713,0.014416,0.015027,0.01585,0.0,0.076741,0.075051,0.0,0.0,0.0,0.026281,0.026418,0.025776,0.039334,0.03949,0.076923,0.0,0.007808
2020-09-24,0.0,0.0,0.0,0.0,0.0,0.0,0.0,0.0,0.078802,0.0,0.076028,0.07049,0.0,0.0,0.0,0.0,0.0,0.0,0.07902,0.079789,0.075103,0.0,0.073112,0.0,0.014378,0.01484,0.014359,0.014833,0.015823,0.0,0.075755,0.075342,0.0,0.0,0.0,0.026386,0.026435,0.025798,0.039363,0.039397,0.077138,0.0,0.007809
2020-09-25,0.0,0.0,0.0,0.0,0.0,0.0,0.0,0.0,0.078485,0.0,0.076496,0.070946,0.0,0.0,0.0,0.0,0.0,0.0,0.079182,0.079219,0.075793,0.0,0.072999,0.0,0.014621,0.014941,0.014664,0.015051,0.015939,0.0,0.07605,0.074618,0.0,0.0,0.0,0.026207,0.026277,0.025658,0.039026,0.039089,0.076985,0.0,0.007753
2020-09-28,0.0,0.0,0.0,0.0,0.0,0.0,0.0,0.0,0.079177,0.0,0.077024,0.070905,0.0,0.0,0.0,0.0,0.0,0.0,0.079358,0.081073,0.075428,0.0,0.072808,0.0,0.014697,0.015142,0.014627,0.015012,0.015952,0.0,0.076183,0.074334,0.0,0.0,0.0,0.025774,0.025912,0.025358,0.038741,0.038748,0.076101,0.0,0.007648
2020-09-29,0.0,0.0,0.0,0.0,0.0,0.0,0.0,0.0,0.079346,0.0,0.0764,0.070952,0.0,0.0,0.0,0.0,0.0,0.0,0.078743,0.080151,0.075307,0.0,0.072303,0.0,0.014642,0.015172,0.014576,0.014981,0.016143,0.0,0.078249,0.074935,0.0,0.0,0.0,0.025794,0.025922,0.025391,0.03876,0.038685,0.075902,0.0,0.007647
2020-09-30,0.050074,0.0,0.0,0.0,0.0,0.0,0.0,0.0,0.0,0.0,0.1106,0.096165,0.0,0.0,0.0,0.0,0.0,0.11069,0.072593,0.111059,0.0,0.0,0.0,0.0,0.021715,0.021689,0.021745,0.022124,0.022145,0.0,0.111016,0.0,0.110932,0.0,0.11095,0.0,0.0,0.0,0.0,0.0,0.0,0.0,0.006501
2020-10-01,0.049862,0.0,0.0,0.0,0.0,0.0,0.0,0.0,0.0,0.0,0.111069,0.096692,0.0,0.0,0.0,0.0,0.0,0.109528,0.070943,0.112249,0.0,0.0,0.0,0.0,0.021753,0.02196,0.021971,0.022291,0.022243,0.0,0.111396,0.0,0.112253,0.0,0.109347,0.0,0.0,0.0,0.0,0.0,0.0,0.0,0.006443
2020-10-02,0.049687,0.0,0.0,0.0,0.0,0.0,0.0,0.0,0.0,0.0,0.110965,0.095096,0.0,0.0,0.0,0.0,0.0,0.110665,0.071813,0.113245,0.0,0.0,0.0,0.0,0.021272,0.021372,0.021609,0.022109,0.022112,0.0,0.110469,0.0,0.112829,0.0,0.110295,0.0,0.0,0.0,0.0,0.0,0.0,0.0,0.006463
2020-10-05,0.049535,0.0,0.0,0.0,0.0,0.0,0.0,0.0,0.0,0.0,0.110729,0.095194,0.0,0.0,0.0,0.0,0.0,0.110843,0.072078,0.111395,0.0,0.0,0.0,0.0,0.021409,0.021706,0.02161,0.022138,0.022002,0.0,0.111267,0.0,0.113581,0.0,0.110146,0.0,0.0,0.0,0.0,0.0,0.0,0.0,0.006368
2020-10-06,0.050487,0.0,0.0,0.0,0.0,0.0,0.0,0.0,0.0,0.0,0.110462,0.094724,0.0,0.0,0.0,0.0,0.0,0.111691,0.07234,0.111212,0.0,0.0,0.0,0.0,0.021423,0.021957,0.021795,0.022495,0.0223,0.0,0.112456,0.0,0.110901,0.0,0.109286,0.0,0.0,0.0,0.0,0.0,0.0,0.0,0.006472
2020-10-07,0.049618,0.0,0.0,0.0,0.0,0.0,0.0,0.0,0.0,0.0,0.110991,0.093731,0.0,0.0,0.0,0.0,0.0,0.112645,0.072891,0.110455,0.0,0.0,0.0,0.0,0.02143,0.021982,0.021894,0.022427,0.022271,0.0,0.112747,0.0,0.110746,0.0,0.109817,0.0,0.0,0.0,0.0,0.0,0.0,0.0,0.006355
2020-10-08,0.04948,0.0,0.0,0.0,0.0,0.0,0.0,0.0,0.0,0.0,0.110732,0.094111,0.0,0.0,0.0,0.0,0.0,0.11228,0.072976,0.112309,0.0,0.0,0.0,0.0,0.02135,0.022058,0.021718,0.02229,0.022143,0.0,0.112207,0.0,0.110214,0.0,0.109832,0.0,0.0,0.0,0.0,0.0,0.0,0.0,0.006299
2020-10-09,0.049207,0.0,0.0,0.0,0.0,0.0,0.0,0.0,0.0,0.0,0.11006,0.093132,0.0,0.0,0.0,0.0,0.0,0.111352,0.072341,0.111357,0.0,0.0,0.0,0.0,0.021324,0.02208,0.021761,0.02223,0.021995,0.0,0.112756,0.0,0.11443,0.0,0.109778,0.0,0.0,0.0,0.0,0.0,0.0,0.0,0.006198
2020-10-12,0.04953,0.0,0.0,0.0,0.0,0.0,0.0,0.0,0.0,0.0,0.110838,0.094999,0.0,0.0,0.0,0.0,0.0,0.110862,0.071778,0.111267,0.0,0.0,0.0,0.0,0.021771,0.02227,0.021951,0.022497,0.02204,0.0,0.11251,0.0,0.113338,0.0,0.10819,0.0,0.0,0.0,0.0,0.0,0.0,0.0,0.006159
2020-10-13,0.049796,0.0,0.0,0.0,0.0,0.0,0.0,0.0,0.0,0.0,0.111694,0.095844,0.0,0.0,0.0,0.0,0.0,0.110868,0.071703,0.111174,0.0,0.0,0.0,0.0,0.021803,0.022406,0.0223,0.022833,0.022215,0.0,0.113321,0.0,0.110121,0.0,0.107716,0.0,0.0,0.0,0.0,0.0,0.0,0.0,0.006208
2020-10-14,0.049678,0.0,0.0,0.0,0.0,0.0,0.0,0.0,0.0,0.0,0.110543,0.094773,0.0,0.0,0.0,0.0,0.0,0.111964,0.071966,0.111073,0.0,0.0,0.0,0.0,0.021704,0.022333,0.022161,0.022753,0.022209,0.0,0.113355,0.0,0.110452,0.0,0.108823,0.0,0.0,0.0,0.0,0.0,0.0,0.0,0.006212
2020-10-15,0.048952,0.0,0.0,0.0,0.0,0.0,0.0,0.0,0.0,0.0,0.110956,0.094048,0.0,0.0,0.0,0.0,0.0,0.11293,0.07176,0.112406,0.0,0.0,0.0,0.0,0.021607,0.022273,0.022081,0.022596,0.021944,0.0,0.11312,0.0,0.1107,0.0,0.108416,0.0,0.0,0.0,0.0,0.0,0.0,0.0,0.006212
2020-10-16,0.049711,0.0,0.0,0.0,0.0,0.0,0.0,0.0,0.0,0.0,0.110514,0.094547,0.0,0.0,0.0,0.0,0.0,0.112024,0.072633,0.111797,0.0,0.0,0.0,0.0,0.021655,0.022281,0.022278,0.022694,0.022064,0.0,0.11205,0.0,0.110431,0.0,0.109076,0.0,0.0,0.0,0.0,0.0,0.0,0.0,0.006244
2020-10-19,0.04995,0.0,0.0,0.0,0.0,0.0,0.0,0.0,0.0,0.0,0.110208,0.093747,0.0,0.0,0.0,0.0,0.0,0.111821,0.072482,0.110423,0.0,0.0,0.0,0.0,0.021464,0.022383,0.022281,0.022666,0.022246,0.0,0.111706,0.0,0.112293,0.0,0.110025,0.0,0.0,0.0,0.0,0.0,0.0,0.0,0.006304
2020-10-20,0.049009,0.0,0.0,0.0,0.0,0.0,0.0,0.0,0.0,0.0,0.109729,0.093264,0.0,0.0,0.0,0.0,0.0,0.111947,0.071757,0.10997,0.0,0.0,0.0,0.0,0.021273,0.022072,0.021887,0.022181,0.022179,0.0,0.113364,0.0,0.113077,0.0,0.112062,0.0,0.0,0.0,0.0,0.0,0.0,0.0,0.006227
2020-10-21,0.049028,0.0,0.0,0.0,0.0,0.0,0.0,0.0,0.0,0.0,0.109287,0.094968,0.0,0.0,0.0,0.0,0.0,0.110832,0.071587,0.106836,0.0,0.0,0.0,0.0,0.021272,0.021956,0.021879,0.021896,0.022089,0.0,0.112623,0.0,0.114568,0.0,0.114947,0.0,0.0,0.0,0.0,0.0,0.0,0.0,0.006236
2020-10-22,0.049,0.0,0.0,0.0,0.0,0.0,0.0,0.0,0.0,0.0,0.109834,0.095871,0.0,0.0,0.0,0.0,0.0,0.111303,0.072193,0.104434,0.0,0.0,0.0,0.0,0.021234,0.022029,0.021844,0.021917,0.022208,0.0,0.113675,0.0,0.113277,0.0,0.114925,0.0,0.0,0.0,0.0,0.0,0.0,0.0,0.006254
2020-10-23,0.048965,0.0,0.0,0.0,0.0,0.0,0.0,0.0,0.0,0.0,0.110179,0.096234,0.0,0.0,0.0,0.0,0.0,0.112024,0.072052,0.106103,0.0,0.0,0.0,0.0,0.021093,0.021829,0.021902,0.021844,0.022084,0.0,0.111926,0.0,0.112547,0.0,0.115001,0.0,0.0,0.0,0.0,0.0,0.0,0.0,0.006219
2020-10-26,0.049102,0.0,0.0,0.0,0.0,0.0,0.0,0.0,0.0,0.0,0.110307,0.096083,0.0,0.0,0.0,0.0,0.0,0.111563,0.07171,0.104343,0.0,0.0,0.0,0.0,0.021064,0.0218,0.021804,0.021875,0.022061,0.0,0.114089,0.0,0.113233,0.0,0.114618,0.0,0.0,0.0,0.0,0.0,0.0,0.0,0.006348
2020-10-27,0.049183,0.0,0.0,0.0,0.0,0.0,0.0,0.0,0.0,0.0,0.110353,0.096785,0.0,0.0,0.0,0.0,0.0,0.110045,0.071093,0.102613,0.0,0.0,0.0,0.0,0.021188,0.021734,0.022022,0.021895,0.022158,0.0,0.115979,0.0,0.113934,0.0,0.114666,0.0,0.0,0.0,0.0,0.0,0.0,0.0,0.006352
2020-10-28,0.049272,0.0,0.0,0.0,0.0,0.0,0.0,0.0,0.0,0.0,0.110136,0.095832,0.0,0.0,0.0,0.0,0.0,0.108575,0.0712,0.105083,0.0,0.0,0.0,0.0,0.02091,0.021666,0.021904,0.021911,0.022196,0.0,0.117909,0.0,0.112514,0.0,0.114345,0.0,0.0,0.0,0.0,0.0,0.0,0.0,0.006546
2020-10-29,0.048661,0.0,0.0,0.0,0.0,0.0,0.0,0.0,0.0,0.0,0.109564,0.097121,0.0,0.0,0.0,0.0,0.0,0.109714,0.071839,0.103039,0.0,0.0,0.0,0.0,0.021015,0.021961,0.021776,0.021559,0.022234,0.0,0.11965,0.0,0.110867,0.0,0.114528,0.0,0.0,0.0,0.0,0.0,0.0,0.0,0.006474
2020-10-30,0.0,0.0,0.0,0.0,0.0,0.0,0.0,0.056328,0.04431,0.029967,0.130685,0.0,0.0,0.0,0.0,0.0,0.0,0.127846,0.014913,0.131023,0.0,0.0,0.0,0.0,0.0,0.040828,0.036224,0.0,0.045278,0.0,0.130947,0.0,0.059162,0.0,0.128679,0.0,0.0,0.0,0.0,0.0,0.0,0.0,0.023811
2020-11-02,0.0,0.0,0.0,0.0,0.0,0.0,0.0,0.055676,0.044055,0.030042,0.129709,0.0,0.0,0.0,0.0,0.0,0.0,0.12678,0.015186,0.133169,0.0,0.0,0.0,0.0,0.0,0.040379,0.035467,0.0,0.045008,0.0,0.133536,0.0,0.059418,0.0,0.128111,0.0,0.0,0.0,0.0,0.0,0.0,0.0,0.023464
2020-11-03,0.0,0.0,0.0,0.0,0.0,0.0,0.0,0.055003,0.043704,0.030098,0.129998,0.0,0.0,0.0,0.0,0.0,0.0,0.12809,0.015124,0.132733,0.0,0.0,0.0,0.0,0.0,0.040344,0.035514,0.0,0.045242,0.0,0.13277,0.0,0.058346,0.0,0.130026,0.0,0.0,0.0,0.0,0.0,0.0,0.0,0.023008
2020-11-04,0.0,0.0,0.0,0.0,0.0,0.0,0.0,0.055714,0.04378,0.030303,0.131003,0.0,0.0,0.0,0.0,0.0,0.0,0.124501,0.01467,0.137651,0.0,0.0,0.0,0.0,0.0,0.041201,0.036735,0.0,0.045374,0.0,0.132661,0.0,0.057059,0.0,0.126648,0.0,0.0,0.0,0.0,0.0,0.0,0.0,0.022699
2020-11-05,0.0,0.0,0.0,0.0,0.0,0.0,0.0,0.054812,0.04284,0.030129,0.12972,0.0,0.0,0.0,0.0,0.0,0.0,0.124032,0.01483,0.133813,0.0,0.0,0.0,0.0,0.0,0.041815,0.0365,0.0,0.045297,0.0,0.138719,0.0,0.058834,0.0,0.126613,0.0,0.0,0.0,0.0,0.0,0.0,0.0,0.022047
2020-11-06,0.0,0.0,0.0,0.0,0.0,0.0,0.0,0.055316,0.042873,0.030035,0.129348,0.0,0.0,0.0,0.0,0.0,0.0,0.123314,0.014869,0.130378,0.0,0.0,0.0,0.0,0.0,0.042503,0.03678,0.0,0.045197,0.0,0.138316,0.0,0.05929,0.0,0.129735,0.0,0.0,0.0,0.0,0.0,0.0,0.0,0.022046
2020-11-09,0.0,0.0,0.0,0.0,0.0,0.0,0.0,0.056728,0.043355,0.030387,0.129168,0.0,0.0,0.0,0.0,0.0,0.0,0.126564,0.015232,0.121508,0.0,0.0,0.0,0.0,0.0,0.042087,0.035519,0.0,0.046404,0.0,0.142466,0.0,0.056181,0.0,0.132313,0.0,0.0,0.0,0.0,0.0,0.0,0.0,0.022085
2020-11-10,0.0,0.0,0.0,0.0,0.0,0.0,0.0,0.056069,0.043171,0.030697,0.128839,0.0,0.0,0.0,0.0,0.0,0.0,0.128969,0.015427,0.127667,0.0,0.0,0.0,0.0,0.0,0.040865,0.034406,0.0,0.045191,0.0,0.139253,0.0,0.056063,0.0,0.131278,0.0,0.0,0.0,0.0,0.0,0.0,0.0,0.022107
2020-11-11,0.0,0.0,0.0,0.0,0.0,0.0,0.0,0.056172,0.043632,0.030972,0.129417,0.0,0.0,0.0,0.0,0.0,0.0,0.12735,0.015132,0.129198,0.0,0.0,0.0,0.0,0.0,0.042158,0.035219,0.0,0.045679,0.0,0.136835,0.0,0.056049,0.0,0.130166,0.0,0.0,0.0,0.0,0.0,0.0,0.0,0.022021
2020-11-12,0.0,0.0,0.0,0.0,0.0,0.0,0.0,0.055911,0.043814,0.030924,0.128727,0.0,0.0,0.0,0.0,0.0,0.0,0.12665,0.014935,0.127811,0.0,0.0,0.0,0.0,0.0,0.041978,0.035428,0.0,0.045717,0.0,0.138039,0.0,0.056582,0.0,0.131286,0.0,0.0,0.0,0.0,0.0,0.0,0.0,0.022198
2020-11-13,0.0,0.0,0.0,0.0,0.0,0.0,0.0,0.055843,0.043613,0.031108,0.128498,0.0,0.0,0.0,0.0,0.0,0.0,0.127141,0.014923,0.128247,0.0,0.0,0.0,0.0,0.0,0.04174,0.034931,0.0,0.045656,0.0,0.138792,0.0,0.056442,0.0,0.131263,0.0,0.0,0.0,0.0,0.0,0.0,0.0,0.021804
2020-11-16,0.0,0.0,0.0,0.0,0.0,0.0,0.0,0.055445,0.043647,0.031136,0.127882,0.0,0.0,0.0,0.0,0.0,0.0,0.128038,0.014948,0.127501,0.0,0.0,0.0,0.0,0.0,0.042023,0.034287,0.0,0.045702,0.0,0.138336,0.0,0.055736,0.0,0.1339,0.0,0.0,0.0,0.0,0.0,0.0,0.0,0.021418
2020-11-17,0.0,0.0,0.0,0.0,0.0,0.0,0.0,0.055481,0.043737,0.031186,0.127629,0.0,0.0,0.0,0.0,0.0,0.0,0.128752,0.014927,0.127677,0.0,0.0,0.0,0.0,0.0,0.041771,0.034703,0.0,0.045453,0.0,0.137665,0.0,0.055183,0.0,0.134367,0.0,0.0,0.0,0.0,0.0,0.0,0.0,0.021466
2020-11-18,0.0,0.0,0.0,0.0,0.0,0.0,0.0,0.055644,0.044297,0.031321,0.127372,0.0,0.0,0.0,0.0,0.0,0.0,0.128518,0.014876,0.128321,0.0,0.0,0.0,0.0,0.0,0.041662,0.034623,0.0,0.0456,0.0,0.136298,0.0,0.054989,0.0,0.134913,0.0,0.0,0.0,0.0,0.0,0.0,0.0,0.021566
2020-11-19,0.0,0.0,0.0,0.0,0.0,0.0,0.0,0.055314,0.044209,0.031146,0.127696,0.0,0.0,0.0,0.0,0.0,0.0,0.128158,0.014902,0.128698,0.0,0.0,0.0,0.0,0.0,0.042176,0.035175,0.0,0.045727,0.0,0.137016,0.0,0.054541,0.0,0.133724,0.0,0.0,0.0,0.0,0.0,0.0,0.0,0.021519
2020-11-20,0.0,0.0,0.0,0.0,0.0,0.0,0.0,0.055099,0.043955,0.031042,0.126499,0.0,0.0,0.0,0.0,0.0,0.0,0.126425,0.014827,0.127551,0.0,0.0,0.0,0.0,0.0,0.041805,0.035001,0.0,0.045699,0.0,0.139673,0.0,0.054484,0.0,0.13651,0.0,0.0,0.0,0.0,0.0,0.0,0.0,0.021429
2020-11-23,0.0,0.0,0.0,0.0,0.0,0.0,0.0,0.054554,0.043795,0.031229,0.126209,0.0,0.0,0.0,0.0,0.0,0.0,0.12667,0.014754,0.129142,0.0,0.0,0.0,0.0,0.0,0.041843,0.034494,0.0,0.045244,0.0,0.142018,0.0,0.052429,0.0,0.136471,0.0,0.0,0.0,0.0,0.0,0.0,0.0,0.021146
2020-11-24,0.0,0.0,0.0,0.0,0.0,0.0,0.0,0.054693,0.043291,0.031309,0.126308,0.0,0.0,0.0,0.0,0.0,0.0,0.127938,0.014911,0.125143,0.0,0.0,0.0,0.0,0.0,0.041488,0.034105,0.0,0.045203,0.0,0.14473,0.0,0.050994,0.0,0.139035,0.0,0.0,0.0,0.0,0.0,0.0,0.0,0.020852
2020-11-25,0.0,0.0,0.0,0.0,0.0,0.0,0.0,0.054473,0.043154,0.03124,0.127249,0.0,0.0,0.0,0.0,0.0,0.0,0.127848,0.014848,0.126124,0.0,0.0,0.0,0.0,0.0,0.041655,0.034698,0.0,0.045471,0.0,0.141939,0.0,0.051526,0.0,0.138794,0.0,0.0,0.0,0.0,0.0,0.0,0.0,0.020982
2020-11-26,0.0,0.0,0.0,0.0,0.0,0.0,0.0,0.054473,0.043155,0.03124,0.12725,0.0,0.0,0.0,0.0,0.0,0.0,0.127848,0.014848,0.126124,0.0,0.0,0.0,0.0,0.0,0.041655,0.034698,0.0,0.045471,0.0,0.14194,0.0,0.051526,0.0,0.138795,0.0,0.0,0.0,0.0,0.0,0.0,0.0,0.020977
2020-11-27,0.0,0.0,0.0,0.0,0.0,0.0,0.0,0.054405,0.043273,0.031541,0.126882,0.0,0.0,0.0,0.0,0.0,0.0,0.126521,0.01485,0.125844,0.0,0.0,0.0,0.0,0.0,0.041939,0.035073,0.0,0.045873,0.0,0.141785,0.0,0.049686,0.0,0.141458,0.0,0.0,0.0,0.0,0.0,0.0,0.0,0.020872
2020-11-30,0.0,0.0,0.0,0.0,0.077083,0.022065,0.0,0.035123,0.028163,0.024162,0.103868,0.0,0.0,0.0,0.0,0.0,0.02795,0.081972,0.027742,0.109915,0.0,0.0,0.0,0.014901,0.0,0.054748,0.0,0.0,0.054932,0.0,0.110017,0.0,0.110066,0.0,0.11021,0.0,0.0,0.0,0.0,0.0,0.0,0.0,0.007081
2020-12-01,0.0,0.0,0.0,0.0,0.07728,0.021882,0.0,0.035641,0.028199,0.024238,0.102964,0.0,0.0,0.0,0.0,0.0,0.027434,0.081037,0.027598,0.106664,0.0,0.0,0.0,0.014765,0.0,0.05476,0.0,0.0,0.055332,0.0,0.109809,0.0,0.114734,0.0,0.110698,0.0,0.0,0.0,0.0,0.0,0.0,0.0,0.006965
2020-12-02,0.0,0.0,0.0,0.0,0.077599,0.021809,0.0,0.03563,0.028454,0.024758,0.102591,0.0,0.0,0.0,0.0,0.0,0.027544,0.081574,0.027316,0.104135,0.0,0.0,0.0,0.014902,0.0,0.055066,0.0,0.0,0.055393,0.0,0.108893,0.0,0.115192,0.0,0.112161,0.0,0.0,0.0,0.0,0.0,0.0,0.0,0.006983
2020-12-03,0.0,0.0,0.0,0.0,0.078058,0.021834,0.0,0.035495,0.028537,0.024989,0.102051,0.0,0.0,0.0,0.0,0.0,0.027394,0.081149,0.026909,0.10649,0.0,0.0,0.0,0.014629,0.0,0.054694,0.0,0.0,0.054947,0.0,0.107977,0.0,0.114777,0.0,0.113141,0.0,0.0,0.0,0.0,0.0,0.0,0.0,0.006929
2020-12-04,0.0,0.0,0.0,0.0,0.077663,0.021603,0.0,0.035437,0.028761,0.025394,0.101016,0.0,0.0,0.0,0.0,0.0,0.027413,0.081224,0.027148,0.104074,0.0,0.0,0.0,0.014323,0.0,0.055563,0.0,0.0,0.054926,0.0,0.109513,0.0,0.113759,0.0,0.115332,0.0,0.0,0.0,0.0,0.0,0.0,0.0,0.006851
2020-12-07,0.0,0.0,0.0,0.0,0.077673,0.021421,0.0,0.035577,0.02873,0.025357,0.100445,0.0,0.0,0.0,0.0,0.0,0.027189,0.08082,0.026879,0.105997,0.0,0.0,0.0,0.014354,0.0,0.055655,0.0,0.0,0.053904,0.0,0.111073,0.0,0.115089,0.0,0.113009,0.0,0.0,0.0,0.0,0.0,0.0,0.0,0.006827
2020-12-08,0.0,0.0,0.0,0.0,0.077381,0.021484,0.0,0.035665,0.02889,0.024814,0.100221,0.0,0.0,0.0,0.0,0.0,0.027317,0.081187,0.027026,0.103386,0.0,0.0,0.0,0.014309,0.0,0.055827,0.0,0.0,0.054148,0.0,0.113964,0.0,0.115073,0.0,0.11248,0.0,0.0,0.0,0.0,0.0,0.0,0.0,0.006826
2020-12-09,0.0,0.0,0.0,0.0,0.077799,0.021301,0.0,0.03593,0.029,0.02527,0.100947,0.0,0.0,0.0,0.0,0.0,0.027603,0.082125,0.027263,0.104655,0.0,0.0,0.0,0.014401,0.0,0.054699,0.0,0.0,0.054254,0.0,0.111846,0.0,0.113018,0.0,0.113006,0.0,0.0,0.0,0.0,0.0,0.0,0.0,0.006883
2020-12-10,0.0,0.0,0.0,0.0,0.078024,0.021526,0.0,0.03606,0.028869,0.025438,0.100516,0.0,0.0,0.0,0.0,0.0,0.027248,0.081037,0.027004,0.104472,0.0,0.0,0.0,0.014279,0.0,0.054438,0.0,0.0,0.054071,0.0,0.112304,0.0,0.113091,0.0,0.114763,0.0,0.0,0.0,0.0,0.0,0.0,0.0,0.00686
2020-12-11,0.0,0.0,0.0,0.0,0.078303,0.021471,0.0,0.036194,0.029017,0.025428,0.100721,0.0,0.0,0.0,0.0,0.0,0.027499,0.081523,0.027033,0.104996,0.0,0.0,0.0,0.0144,0.0,0.054278,0.0,0.0,0.054238,0.0,0.11108,0.0,0.11356,0.0,0.113354,0.0,0.0,0.0,0.0,0.0,0.0,0.0,0.006908
2020-12-14,0.0,0.0,0.0,0.0,0.078143,0.02136,0.0,0.036195,0.029051,0.025307,0.100944,0.0,0.0,0.0,0.0,0.0,0.027163,0.079696,0.026709,0.105567,0.0,0.0,0.0,0.014336,0.0,0.054924,0.0,0.0,0.054668,0.0,0.112931,0.0,0.113134,0.0,0.112959,0.0,0.0,0.0,0.0,0.0,0.0,0.0,0.006912
2020-12-15,0.0,0.0,0.0,0.0,0.07709,0.02113,0.0,0.036188,0.028726,0.025288,0.100767,0.0,0.0,0.0,0.0,0.0,0.027128,0.079173,0.026785,0.105268,0.0,0.0,0.0,0.014399,0.0,0.054853,0.0,0.0,0.054414,0.0,0.113828,0.0,0.114651,0.0,0.113504,0.0,0.0,0.0,0.0,0.0,0.0,0.0,0.006808
2020-12-16,0.0,0.0,0.0,0.0,0.077249,0.021176,0.0,0.035929,0.028785,0.024947,0.100831,0.0,0.0,0.0,0.0,0.0,0.026801,0.078715,0.026553,0.10463,0.0,0.0,0.0,0.014149,0.0,0.054562,0.0,0.0,0.053928,0.0,0.1134,0.0,0.118076,0.0,0.113501,0.0,0.0,0.0,0.0,0.0,0.0,0.0,0.006769
2020-12-17,0.0,0.0,0.0,0.0,0.076636,0.021104,0.0,0.035678,0.028285,0.024532,0.100064,0.0,0.0,0.0,0.0,0.0,0.026578,0.078491,0.026474,0.107154,0.0,0.0,0.0,0.01404,0.0,0.053879,0.0,0.0,0.053842,0.0,0.11231,0.0,0.118995,0.0,0.115267,0.0,0.0,0.0,0.0,0.0,0.0,0.0,0.00667
2020-12-18,0.0,0.0,0.0,0.0,0.076796,0.021117,0.0,0.035758,0.028232,0.024416,0.099703,0.0,0.0,0.0,0.0,0.0,0.026615,0.078057,0.026625,0.107771,0.0,0.0,0.0,0.013937,0.0,0.053625,0.0,0.0,0.053712,0.0,0.113842,0.0,0.118206,0.0,0.114909,0.0,0.0,0.0,0.0,0.0,0.0,0.0,0.006679
2020-12-21,0.0,0.0,0.0,0.0,0.075791,0.02102,0.0,0.034555,0.02828,0.024188,0.098593,0.0,0.0,0.0,0.0,0.0,0.026458,0.077682,0.026488,0.107101,0.0,0.0,0.0,0.01377,0.0,0.053395,0.0,0.0,0.053426,0.0,0.117618,0.0,0.120298,0.0,0.114657,0.0,0.0,0.0,0.0,0.0,0.0,0.0,0.00668
2020-12-22,0.0,0.0,0.0,0.0,0.076059,0.021056,0.0,0.035159,0.028224,0.024036,0.099102,0.0,0.0,0.0,0.0,0.0,0.026585,0.078257,0.026576,0.108552,0.0,0.0,0.0,0.013874,0.0,0.053824,0.0,0.0,0.054282,0.0,0.118215,0.0,0.11671,0.0,0.112747,0.0,0.0,0.0,0.0,0.0,0.0,0.0,0.006741
2020-12-23,0.0,0.0,0.0,0.0,0.076205,0.021007,0.0,0.035475,0.028138,0.024335,0.098513,0.0,0.0,0.0,0.0,0.0,0.026509,0.077906,0.026398,0.10613,0.0,0.0,0.0,0.013734,0.0,0.052987,0.0,0.0,0.054253,0.0,0.118891,0.0,0.117594,0.0,0.115237,0.0,0.0,0.0,0.0,0.0,0.0,0.0,0.006688
2020-12-24,0.0,0.0,0.0,0.0,0.075801,0.020369,0.0,0.035727,0.028383,0.024658,0.098409,0.0,0.0,0.0,0.0,0.0,0.026429,0.077676,0.026481,0.10752,0.0,0.0,0.0,0.013788,0.0,0.053292,0.0,0.0,0.053886,0.0,0.117565,0.0,0.118013,0.0,0.115337,0.0,0.0,0.0,0.0,0.0,0.0,0.0,0.006667
2020-12-28,0.0,0.0,0.0,0.0,0.075275,0.02017,0.0,0.035804,0.028452,0.024716,0.09884,0.0,0.0,0.0,0.0,0.0,0.026278,0.077245,0.026195,0.104712,0.0,0.0,0.0,0.013753,0.0,0.052864,0.0,0.0,0.053788,0.0,0.119882,0.0,0.119492,0.0,0.115914,0.0,0.0,0.0,0.0,0.0,0.0,0.0,0.006621
2020-12-29,0.0,0.0,0.0,0.0,0.076533,0.020689,0.0,0.036044,0.0286,0.025276,0.09916,0.0,0.0,0.0,0.0,0.0,0.026196,0.076938,0.026209,0.104261,0.0,0.0,0.0,0.013791,0.0,0.052881,0.0,0.0,0.05414,0.0,0.117129,0.0,0.119645,0.0,0.115869,0.0,0.0,0.0,0.0,0.0,0.0,0.0,0.006641
2020-12-30,0.0,0.0,0.0,0.0,0.076403,0.02082,0.0,0.035689,0.028574,0.025351,0.098207,0.0,0.0,0.0,0.0,0.0,0.025954,0.075933,0.026157,0.102897,0.0,0.0,0.0,0.013645,0.0,0.052933,0.0,0.0,0.053524,0.0,0.121426,0.0,0.119575,0.0,0.116373,0.0,0.0,0.0,0.0,0.0,0.0,0.0,0.006537
2020-12-31,0.0,0.0,0.0,0.0,0.118259,0.0,0.0,0.041289,0.041212,0.035309,0.082542,0.0,0.0,0.0,0.0,0.0,0.049692,0.068022,0.11839,0.03676,0.0,0.050354,0.0,0.0,0.0,0.057135,0.0,0.0,0.057976,0.0,0.118113,0.0,0.0,0.0,0.118244,0.0,0.0,0.0,0.0,0.0,0.0,0.0,0.006701
2021-01-04,0.0,0.0,0.0,0.0,0.117578,0.0,0.0,0.040942,0.041312,0.035856,0.080975,0.0,0.0,0.0,0.0,0.0,0.047976,0.065926,0.116016,0.03573,0.0,0.049879,0.0,0.0,0.0,0.056291,0.0,0.0,0.057127,0.0,0.125186,0.0,0.0,0.0,0.122576,0.0,0.0,0.0,0.0,0.0,0.0,0.0,0.00663
2021-01-05,0.0,0.0,0.0,0.0,0.116313,0.0,0.0,0.040775,0.041275,0.035952,0.079801,0.0,0.0,0.0,0.0,0.0,0.047392,0.065128,0.116035,0.034811,0.0,0.048619,0.0,0.0,0.0,0.056189,0.0,0.0,0.05688,0.0,0.131765,0.0,0.0,0.0,0.12258,0.0,0.0,0.0,0.0,0.0,0.0,0.0,0.006485
2021-01-06,0.0,0.0,0.0,0.0,0.115812,0.0,0.0,0.040285,0.040887,0.035582,0.079901,0.0,0.0,0.0,0.0,0.0,0.048091,0.066279,0.119713,0.034863,0.0,0.049172,0.0,0.0,0.0,0.055511,0.0,0.0,0.05646,0.0,0.127357,0.0,0.0,0.0,0.12366,0.0,0.0,0.0,0.0,0.0,0.0,0.0,0.006427
2021-01-07,0.0,0.0,0.0,0.0,0.113378,0.0,0.0,0.039287,0.040767,0.035518,0.079795,0.0,0.0,0.0,0.0,0.0,0.047377,0.065526,0.118167,0.035148,0.0,0.050157,0.0,0.0,0.0,0.056439,0.0,0.0,0.056156,0.0,0.130071,0.0,0.0,0.0,0.125916,0.0,0.0,0.0,0.0,0.0,0.0,0.0,0.006297
2021-01-08,0.0,0.0,0.0,0.0,0.116205,0.0,0.0,0.040134,0.040979,0.037034,0.081281,0.0,0.0,0.0,0.0,0.0,0.047168,0.065748,0.117369,0.034134,0.0,0.05017,0.0,0.0,0.0,0.056359,0.0,0.0,0.056424,0.0,0.126864,0.0,0.0,0.0,0.123844,0.0,0.0,0.0,0.0,0.0,0.0,0.0,0.006286
2021-01-11,0.0,0.0,0.0,0.0,0.116652,0.0,0.0,0.040314,0.041575,0.037087,0.080566,0.0,0.0,0.0,0.0,0.0,0.047626,0.066385,0.118548,0.035064,0.0,0.050173,0.0,0.0,0.0,0.057502,0.0,0.0,0.05666,0.0,0.125173,0.0,0.0,0.0,0.120328,0.0,0.0,0.0,0.0,0.0,0.0,0.0,0.006347
2021-01-12,0.0,0.0,0.0,0.0,0.116116,0.0,0.0,0.040162,0.041168,0.036321,0.080767,0.0,0.0,0.0,0.0,0.0,0.047494,0.06647,0.11854,0.034937,0.0,0.049973,0.0,0.0,0.0,0.057122,0.0,0.0,0.056258,0.0,0.127294,0.0,0.0,0.0,0.12111,0.0,0.0,0.0,0.0,0.0,0.0,0.0,0.006267
2021-01-13,0.0,0.0,0.0,0.0,0.116569,0.0,0.0,0.040272,0.041973,0.036553,0.081295,0.0,0.0,0.0,0.0,0.0,0.047396,0.066494,0.118106,0.035049,0.0,0.05004,0.0,0.0,0.0,0.057593,0.0,0.0,0.056678,0.0,0.125672,0.0,0.0,0.0,0.120002,0.0,0.0,0.0,0.0,0.0,0.0,0.0,0.006308
2021-01-14,0.0,0.0,0.0,0.0,0.117758,0.0,0.0,0.040143,0.042243,0.036567,0.080248,0.0,0.0,0.0,0.0,0.0,0.047248,0.066785,0.116934,0.034887,0.0,0.051338,0.0,0.0,0.0,0.058428,0.0,0.0,0.057714,0.0,0.123205,0.0,0.0,0.0,0.120235,0.0,0.0,0.0,0.0,0.0,0.0,0.0,0.006267
2021-01-15,0.0,0.0,0.0,0.0,0.117883,0.0,0.0,0.039995,0.042196,0.035971,0.080904,0.0,0.0,0.0,0.0,0.0,0.04738,0.066981,0.117112,0.035659,0.0,0.051582,0.0,0.0,0.0,0.058156,0.0,0.0,0.057408,0.0,0.123872,0.0,0.0,0.0,0.118533,0.0,0.0,0.0,0.0,0.0,0.0,0.0,0.006367
2021-01-18,0.0,0.0,0.0,0.0,0.11815,0.0,0.0,0.039983,0.042183,0.03596,0.080879,0.0,0.0,0.0,0.0,0.0,0.047366,0.066961,0.117077,0.035648,0.0,0.051567,0.0,0.0,0.0,0.058138,0.0,0.0,0.057391,0.0,0.123835,0.0,0.0,0.0,0.118497,0.0,0.0,0.0,0.0,0.0,0.0,0.0,0.006365
2021-01-19,0.0,0.0,0.0,0.0,0.118018,0.0,0.0,0.039713,0.042143,0.03575,0.080513,0.0,0.0,0.0,0.0,0.0,0.047039,0.066044,0.11629,0.035975,0.0,0.051882,0.0,0.0,0.0,0.059523,0.0,0.0,0.057763,0.0,0.124249,0.0,0.0,0.0,0.118798,0.0,0.0,0.0,0.0,0.0,0.0,0.0,0.006302
2021-01-20,0.0,0.0,0.0,0.0,0.118361,0.0,0.0,0.040017,0.041589,0.035774,0.08097,0.0,0.0,0.0,0.0,0.0,0.046715,0.066266,0.11516,0.036988,0.0,0.051179,0.0,0.0,0.0,0.058541,0.0,0.0,0.057859,0.0,0.125046,0.0,0.0,0.0,0.119317,0.0,0.0,0.0,0.0,0.0,0.0,0.0,0.006219
2021-01-21,0.0,0.0,0.0,0.0,0.118881,0.0,0.0,0.039787,0.042257,0.03654,0.081246,0.0,0.0,0.0,0.0,0.0,0.046293,0.065089,0.113335,0.037492,0.0,0.050004,0.0,0.0,0.0,0.059314,0.0,0.0,0.057771,0.0,0.126431,0.0,0.0,0.0,0.11935,0.0,0.0,0.0,0.0,0.0,0.0,0.0,0.006211
2021-01-22,0.0,0.0,0.0,0.0,0.118251,0.0,0.0,0.039598,0.042355,0.035912,0.081463,0.0,0.0,0.0,0.0,0.0,0.046334,0.065293,0.113475,0.038101,0.0,0.050903,0.0,0.0,0.0,0.058663,0.0,0.0,0.057812,0.0,0.127877,0.0,0.0,0.0,0.117715,0.0,0.0,0.0,0.0,0.0,0.0,0.0,0.006247
2021-01-25,0.0,0.0,0.0,0.0,0.118832,0.0,0.0,0.038931,0.042214,0.036639,0.08173,0.0,0.0,0.0,0.0,0.0,0.046,0.065204,0.112832,0.038244,0.0,0.052408,0.0,0.0,0.0,0.058722,0.0,0.0,0.058065,0.0,0.128446,0.0,0.0,0.0,0.115486,0.0,0.0,0.0,0.0,0.0,0.0,0.0,0.006246
2021-01-26,0.0,0.0,0.0,0.0,0.119382,0.0,0.0,0.039332,0.042162,0.03645,0.082539,0.0,0.0,0.0,0.0,0.0,0.046057,0.064846,0.112451,0.03804,0.0,0.052031,0.0,0.0,0.0,0.058378,0.0,0.0,0.058447,0.0,0.12874,0.0,0.0,0.0,0.114833,0.0,0.0,0.0,0.0,0.0,0.0,0.0,0.006313
2021-01-27,0.0,0.0,0.0,0.0,0.120783,0.0,0.0,0.039663,0.042671,0.036171,0.08239,0.0,0.0,0.0,0.0,0.0,0.046494,0.064785,0.112406,0.038258,0.0,0.052867,0.0,0.0,0.0,0.057005,0.0,0.0,0.059331,0.0,0.128187,0.0,0.0,0.0,0.112488,0.0,0.0,0.0,0.0,0.0,0.0,0.0,0.006499
2021-01-28,0.0,0.0,0.0,0.0,0.119403,0.0,0.0,0.039934,0.042674,0.036383,0.081959,0.0,0.0,0.0,0.0,0.0,0.046792,0.065017,0.113388,0.037971,0.0,0.052199,0.0,0.0,0.0,0.057769,0.0,0.0,0.058567,0.0,0.126199,0.0,0.0,0.0,0.115298,0.0,0.0,0.0,0.0,0.0,0.0,0.0,0.006446
2021-01-29,0.0,0.0,0.0,0.0,0.0,0.0,0.081606,0.06442,0.016323,0.064523,0.0,0.0,0.0,0.048539,0.0,0.0,0.071099,0.074033,0.0,0.0,0.0,0.057612,0.0,0.0,0.0,0.040483,0.0,0.052222,0.052176,0.0,0.145553,0.0,0.065504,0.0,0.145737,0.0,0.0,0.0,0.0,0.0,0.0,0.0,0.020171
2021-02-01,0.0,0.0,0.0,0.0,0.0,0.0,0.080755,0.064935,0.016178,0.065056,0.0,0.0,0.0,0.047865,0.0,0.0,0.069602,0.072735,0.0,0.0,0.0,0.05828,0.0,0.0,0.0,0.040772,0.0,0.051542,0.051643,0.0,0.143324,0.0,0.06796,0.0,0.149807,0.0,0.0,0.0,0.0,0.0,0.0,0.0,0.019548
2021-02-02,0.0,0.0,0.0,0.0,0.0,0.0,0.081626,0.065768,0.016374,0.064715,0.0,0.0,0.0,0.048363,0.0,0.0,0.070317,0.073436,0.0,0.0,0.0,0.058961,0.0,0.0,0.0,0.040989,0.0,0.052037,0.051812,0.0,0.148104,0.0,0.061653,0.0,0.146506,0.0,0.0,0.0,0.0,0.0,0.0,0.0,0.019337
2021-02-03,0.0,0.0,0.0,0.0,0.0,0.0,0.08238,0.066235,0.016283,0.065261,0.0,0.0,0.0,0.048728,0.0,0.0,0.070326,0.073388,0.0,0.0,0.0,0.058145,0.0,0.0,0.0,0.040133,0.0,0.050663,0.051488,0.0,0.147403,0.0,0.062598,0.0,0.147645,0.0,0.0,0.0,0.0,0.0,0.0,0.0,0.019325
2021-02-04,0.0,0.0,0.0,0.0,0.0,0.0,0.081244,0.06665,0.01637,0.064368,0.0,0.0,0.0,0.05025,0.0,0.0,0.071187,0.07459,0.0,0.0,0.0,0.058846,0.0,0.0,0.0,0.040522,0.0,0.051674,0.051476,0.0,0.144706,0.0,0.061559,0.0,0.147206,0.0,0.0,0.0,0.0,0.0,0.0,0.0,0.019353
2021-02-05,0.0,0.0,0.0,0.0,0.0,0.0,0.082224,0.066058,0.016261,0.064736,0.0,0.0,0.0,0.049728,0.0,0.0,0.07097,0.07443,0.0,0.0,0.0,0.05976,0.0,0.0,0.0,0.039888,0.0,0.051306,0.051385,0.0,0.142767,0.0,0.062184,0.0,0.149118,0.0,0.0,0.0,0.0,0.0,0.0,0.0,0.019184
2021-02-08,0.0,0.0,0.0,0.0,0.0,0.0,0.080963,0.065696,0.016112,0.062899,0.0,0.0,0.0,0.049846,0.0,0.0,0.0704,0.073591,0.0,0.0,0.0,0.06132,0.0,0.0,0.0,0.04041,0.0,0.050841,0.051363,0.0,0.143826,0.0,0.062241,0.0,0.151625,0.0,0.0,0.0,0.0,0.0,0.0,0.0,0.018868
2021-02-09,0.0,0.0,0.0,0.0,0.0,0.0,0.079923,0.065091,0.016105,0.062866,0.0,0.0,0.0,0.050036,0.0,0.0,0.070177,0.073758,0.0,0.0,0.0,0.060223,0.0,0.0,0.0,0.040061,0.0,0.051136,0.051757,0.0,0.145955,0.0,0.061617,0.0,0.152538,0.0,0.0,0.0,0.0,0.0,0.0,0.0,0.018757
2021-02-10,0.0,0.0,0.0,0.0,0.0,0.0,0.079237,0.065108,0.016117,0.06331,0.0,0.0,0.0,0.050069,0.0,0.0,0.070069,0.073731,0.0,0.0,0.0,0.058875,0.0,0.0,0.0,0.04014,0.0,0.050784,0.051715,0.0,0.145566,0.0,0.061107,0.0,0.155416,0.0,0.0,0.0,0.0,0.0,0.0,0.0,0.018757
2021-02-11,0.0,0.0,0.0,0.0,0.0,0.0,0.079441,0.065504,0.016213,0.063706,0.0,0.0,0.0,0.049509,0.0,0.0,0.069594,0.073354,0.0,0.0,0.0,0.057839,0.0,0.0,0.0,0.041336,0.0,0.050755,0.051844,0.0,0.146221,0.0,0.06087,0.0,0.155144,0.0,0.0,0.0,0.0,0.0,0.0,0.0,0.01867
2021-02-12,0.0,0.0,0.0,0.0,0.0,0.0,0.079256,0.06524,0.016136,0.063515,0.0,0.0,0.0,0.049696,0.0,0.0,0.0698,0.07428,0.0,0.0,0.0,0.057068,0.0,0.0,0.0,0.041669,0.0,0.050692,0.051794,0.0,0.14664,0.0,0.061142,0.0,0.154482,0.0,0.0,0.0,0.0,0.0,0.0,0.0,0.018591
2021-02-15,0.0,0.0,0.0,0.0,0.0,0.0,0.079256,0.06524,0.016136,0.063515,0.0,0.0,0.0,0.049696,0.0,0.0,0.0698,0.07428,0.0,0.0,0.0,0.057068,0.0,0.0,0.0,0.041669,0.0,0.050692,0.051794,0.0,0.146641,0.0,0.061142,0.0,0.154482,0.0,0.0,0.0,0.0,0.0,0.0,0.0,0.018589
2021-02-16,0.0,0.0,0.0,0.0,0.0,0.0,0.078609,0.064216,0.016061,0.062329,0.0,0.0,0.0,0.050154,0.0,0.0,0.068779,0.073355,0.0,0.0,0.0,0.054865,0.0,0.0,0.0,0.041307,0.0,0.049255,0.050961,0.0,0.149927,0.0,0.060189,0.0,0.161653,0.0,0.0,0.0,0.0,0.0,0.0,0.0,0.018338
2021-02-17,0.0,0.0,0.0,0.0,0.0,0.0,0.078536,0.064639,0.016077,0.062057,0.0,0.0,0.0,0.050222,0.0,0.0,0.068752,0.072964,0.0,0.0,0.0,0.055188,0.0,0.0,0.0,0.040696,0.0,0.049113,0.050226,0.0,0.147857,0.0,0.060667,0.0,0.164632,0.0,0.0,0.0,0.0,0.0,0.0,0.0,0.018374
2021-02-18,0.0,0.0,0.0,0.0,0.0,0.0,0.078556,0.065406,0.016256,0.062063,0.0,0.0,0.0,0.050437,0.0,0.0,0.069445,0.073861,0.0,0.0,0.0,0.054568,0.0,0.0,0.0,0.040888,0.0,0.049802,0.050488,0.0,0.140141,0.0,0.060762,0.0,0.168671,0.0,0.0,0.0,0.0,0.0,0.0,0.0,0.018656
2021-02-19,0.0,0.0,0.0,0.0,0.0,0.0,0.077376,0.063899,0.016093,0.061952,0.0,0.0,0.0,0.050975,0.0,0.0,0.069331,0.073883,0.0,0.0,0.0,0.054464,0.0,0.0,0.0,0.041129,0.0,0.049133,0.050137,0.0,0.137751,0.0,0.060158,0.0,0.175392,0.0,0.0,0.0,0.0,0.0,0.0,0.0,0.018326
2021-02-22,0.0,0.0,0.0,0.0,0.0,0.0,0.073267,0.063278,0.016122,0.060909,0.0,0.0,0.0,0.052361,0.0,0.0,0.070207,0.075098,0.0,0.0,0.0,0.053324,0.0,0.0,0.0,0.040012,0.0,0.048189,0.049478,0.0,0.134569,0.0,0.063152,0.0,0.181543,0.0,0.0,0.0,0.0,0.0,0.0,0.0,0.018492
2021-02-23,0.0,0.0,0.0,0.0,0.0,0.0,0.075471,0.064123,0.016252,0.06129,0.0,0.0,0.0,0.053021,0.0,0.0,0.070621,0.075412,0.0,0.0,0.0,0.052276,0.0,0.0,0.0,0.039824,0.0,0.047614,0.048994,0.0,0.131846,0.0,0.061981,0.0,0.182733,0.0,0.0,0.0,0.0,0.0,0.0,0.0,0.018544
2021-02-24,0.0,0.0,0.0,0.0,0.0,0.0,0.075583,0.064201,0.01622,0.060094,0.0,0.0,0.0,0.054087,0.0,0.0,0.071336,0.075998,0.0,0.0,0.0,0.052606,0.0,0.0,0.0,0.040761,0.0,0.047106,0.048684,0.0,0.133079,0.0,0.061997,0.0,0.179862,0.0,0.0,0.0,0.0,0.0,0.0,0.0,0.018387
2021-02-25,0.0,0.0,0.0,0.0,0.0,0.0,0.074541,0.065443,0.016543,0.061656,0.0,0.0,0.0,0.054567,0.0,0.0,0.072631,0.077415,0.0,0.0,0.0,0.05235,0.0,0.0,0.0,0.039873,0.0,0.047536,0.048925,0.0,0.128028,0.0,0.062969,0.0,0.178446,0.0,0.0,0.0,0.0,0.0,0.0,0.0,0.019076
2021-02-26,0.0,0.0,0.041706,0.145769,0.059211,0.0,0.0,0.022868,0.061096,0.061261,0.0,0.0,0.0,0.145728,0.0,0.0,0.0,0.0,0.0,0.0,0.0,0.103754,0.0,0.0,0.0,0.038372,0.0,0.035673,0.071369,0.0,0.145446,0.0,0.0,0.0,0.065305,0.0,0.0,0.0,0.0,0.0,0.0,0.0,0.002443
2021-03-01,0.0,0.0,0.041177,0.145391,0.058881,0.0,0.0,0.022756,0.060587,0.061087,0.0,0.0,0.0,0.146515,0.0,0.0,0.0,0.0,0.0,0.0,0.0,0.103219,0.0,0.0,0.0,0.038455,0.0,0.035754,0.070985,0.0,0.147816,0.0,0.0,0.0,0.065004,0.0,0.0,0.0,0.0,0.0,0.0,0.0,0.002372
2021-03-02,0.0,0.0,0.041147,0.145338,0.058727,0.0,0.0,0.023183,0.06025,0.061039,0.0,0.0,0.0,0.148402,0.0,0.0,0.0,0.0,0.0,0.0,0.0,0.100901,0.0,0.0,0.0,0.037644,0.0,0.035535,0.071011,0.0,0.148865,0.0,0.0,0.0,0.065565,0.0,0.0,0.0,0.0,0.0,0.0,0.0,0.002393
2021-03-03,0.0,0.0,0.041421,0.147823,0.059924,0.0,0.0,0.023672,0.060902,0.061635,0.0,0.0,0.0,0.150347,0.0,0.0,0.0,0.0,0.0,0.0,0.0,0.097375,0.0,0.0,0.0,0.036956,0.0,0.034921,0.069849,0.0,0.146124,0.0,0.0,0.0,0.066626,0.0,0.0,0.0,0.0,0.0,0.0,0.0,0.002424
2021-03-04,0.0,0.0,0.04233,0.150019,0.061117,0.0,0.0,0.024184,0.061488,0.062438,0.0,0.0,0.0,0.152992,0.0,0.0,0.0,0.0,0.0,0.0,0.0,0.097231,0.0,0.0,0.0,0.036294,0.0,0.035044,0.069893,0.0,0.140519,0.0,0.0,0.0,0.06395,0.0,0.0,0.0,0.0,0.0,0.0,0.0,0.002502
2021-03-05,0.0,0.0,0.042177,0.14567,0.058703,0.0,0.0,0.024026,0.061406,0.062739,0.0,0.0,0.0,0.154827,0.0,0.0,0.0,0.0,0.0,0.0,0.0,0.098467,0.0,0.0,0.0,0.036947,0.0,0.034695,0.069874,0.0,0.142951,0.0,0.0,0.0,0.065045,0.0,0.0,0.0,0.0,0.0,0.0,0.0,0.002473
2021-03-08,0.0,0.0,0.042115,0.153295,0.05906,0.0,0.0,0.024068,0.060897,0.061788,0.0,0.0,0.0,0.159938,0.0,0.0,0.0,0.0,0.0,0.0,0.0,0.09668,0.0,0.0,0.0,0.035296,0.0,0.034664,0.06841,0.0,0.135935,0.0,0.0,0.0,0.065358,0.0,0.0,0.0,0.0,0.0,0.0,0.0,0.002497
2021-03-09,0.0,0.0,0.041783,0.15211,0.058848,0.0,0.0,0.024094,0.060369,0.061089,0.0,0.0,0.0,0.154545,0.0,0.0,0.0,0.0,0.0,0.0,0.0,0.099286,0.0,0.0,0.0,0.03679,0.0,0.035585,0.068923,0.0,0.139811,0.0,0.0,0.0,0.064316,0.0,0.0,0.0,0.0,0.0,0.0,0.0,0.00245
2021-03-10,0.0,0.0,0.041761,0.151855,0.058284,0.0,0.0,0.024075,0.059853,0.059945,0.0,0.0,0.0,0.157492,0.0,0.0,0.0,0.0,0.0,0.0,0.0,0.099081,0.0,0.0,0.0,0.03595,0.0,0.035323,0.069429,0.0,0.140298,0.0,0.0,0.0,0.064215,0.0,0.0,0.0,0.0,0.0,0.0,0.0,0.002439
2021-03-11,0.0,0.0,0.040454,0.149213,0.058442,0.0,0.0,0.023736,0.060039,0.060107,0.0,0.0,0.0,0.154181,0.0,0.0,0.0,0.0,0.0,0.0,0.0,0.10019,0.0,0.0,0.0,0.036472,0.0,0.035416,0.068914,0.0,0.144595,0.0,0.0,0.0,0.065865,0.0,0.0,0.0,0.0,0.0,0.0,0.0,0.002375
2021-03-12,0.0,0.0,0.041099,0.15044,0.057584,0.0,0.0,0.0233,0.059487,0.059779,0.0,0.0,0.0,0.157338,0.0,0.0,0.0,0.0,0.0,0.0,0.0,0.100158,0.0,0.0,0.0,0.036184,0.0,0.035182,0.069326,0.0,0.142182,0.0,0.0,0.0,0.06556,0.0,0.0,0.0,0.0,0.0,0.0,0.0,0.002381
2021-03-15,0.0,0.0,0.041191,0.150994,0.057482,0.0,0.0,0.023151,0.059707,0.060439,0.0,0.0,0.0,0.155679,0.0,0.0,0.0,0.0,0.0,0.0,0.0,0.10101,0.0,0.0,0.0,0.036832,0.0,0.035368,0.069647,0.0,0.141063,0.0,0.0,0.0,0.065063,0.0,0.0,0.0,0.0,0.0,0.0,0.0,0.002374
2021-03-16,0.0,0.0,0.041532,0.152043,0.058236,0.0,0.0,0.023456,0.060309,0.060847,0.0,0.0,0.0,0.15436,0.0,0.0,0.0,0.0,0.0,0.0,0.0,0.099915,0.0,0.0,0.0,0.037492,0.0,0.035303,0.06968,0.0,0.140382,0.0,0.0,0.0,0.064057,0.0,0.0,0.0,0.0,0.0,0.0,0.0,0.002386
2021-03-17,0.0,0.0,0.041624,0.149997,0.057385,0.0,0.0,0.023064,0.059809,0.060724,0.0,0.0,0.0,0.154759,0.0,0.0,0.0,0.0,0.0,0.0,0.0,0.100609,0.0,0.0,0.0,0.037803,0.0,0.035301,0.069859,0.0,0.142184,0.0,0.0,0.0,0.064506,0.0,0.0,0.0,0.0,0.0,0.0,0.0,0.002375
2021-03-18,0.0,0.0,0.042364,0.153698,0.058531,0.0,0.0,0.022767,0.059655,0.060255,0.0,0.0,0.0,0.157519,0.0,0.0,0.0,0.0,0.0,0.0,0.0,0.097248,0.0,0.0,0.0,0.036784,0.0,0.034664,0.069442,0.0,0.140564,0.0,0.0,0.0,0.064099,0.0,0.0,0.0,0.0,0.0,0.0,0.0,0.002411
2021-03-19,0.0,0.0,0.04256,0.151902,0.058186,0.0,0.0,0.023305,0.059869,0.060954,0.0,0.0,0.0,0.155576,0.0,0.0,0.0,0.0,0.0,0.0,0.0,0.100154,0.0,0.0,0.0,0.03714,0.0,0.034839,0.069824,0.0,0.140312,0.0,0.0,0.0,0.062974,0.0,0.0,0.0,0.0,0.0,0.0,0.0,0.002405
2021-03-22,0.0,0.0,0.042385,0.150896,0.058434,0.0,0.0,0.023414,0.060652,0.061254,0.0,0.0,0.0,0.151375,0.0,0.0,0.0,0.0,0.0,0.0,0.0,0.101857,0.0,0.0,0.0,0.038023,0.0,0.035537,0.070065,0.0,0.140127,0.0,0.0,0.0,0.06357,0.0,0.0,0.0,0.0,0.0,0.0,0.0,0.002411
2021-03-23,0.0,0.0,0.043007,0.154024,0.059405,0.0,0.0,0.023965,0.061658,0.061248,0.0,0.0,0.0,0.151131,0.0,0.0,0.0,0.0,0.0,0.0,0.0,0.098802,0.0,0.0,0.0,0.038137,0.0,0.036305,0.070036,0.0,0.137818,0.0,0.0,0.0,0.06198,0.0,0.0,0.0,0.0,0.0,0.0,0.0,0.002483
2021-03-24,0.0,0.0,0.043212,0.156132,0.059269,0.0,0.0,0.024094,0.062186,0.061885,0.0,0.0,0.0,0.152808,0.0,0.0,0.0,0.0,0.0,0.0,0.0,0.095217,0.0,0.0,0.0,0.038213,0.0,0.036063,0.070033,0.0,0.136402,0.0,0.0,0.0,0.061964,0.0,0.0,0.0,0.0,0.0,0.0,0.0,0.002523
2021-03-25,0.0,0.0,0.043214,0.153068,0.058249,0.0,0.0,0.023636,0.061969,0.06213,0.0,0.0,0.0,0.155369,0.0,0.0,0.0,0.0,0.0,0.0,0.0,0.096864,0.0,0.0,0.0,0.037824,0.0,0.035598,0.070461,0.0,0.13827,0.0,0.0,0.0,0.060854,0.0,0.0,0.0,0.0,0.0,0.0,0.0,0.002494
2021-03-26,0.0,0.0,0.042938,0.153104,0.057585,0.0,0.0,0.02374,0.062126,0.062185,0.0,0.0,0.0,0.155244,0.0,0.0,0.0,0.0,0.0,0.0,0.0,0.093471,0.0,0.0,0.0,0.03892,0.0,0.035549,0.070496,0.0,0.139852,0.0,0.0,0.0,0.062343,0.0,0.0,0.0,0.0,0.0,0.0,0.0,0.002445
2021-03-29,0.0,0.0,0.043272,0.153607,0.05885,0.0,0.0,0.023803,0.063178,0.062396,0.0,0.0,0.0,0.153322,0.0,0.0,0.0,0.0,0.0,0.0,0.0,0.092131,0.0,0.0,0.0,0.038854,0.0,0.03575,0.07061,0.0,0.138847,0.0,0.0,0.0,0.062901,0.0,0.0,0.0,0.0,0.0,0.0,0.0,0.00248
2021-03-30,0.0,0.0,0.042621,0.153475,0.058702,0.0,0.0,0.023573,0.063139,0.062177,0.0,0.0,0.0,0.155458,0.0,0.0,0.0,0.0,0.0,0.0,0.0,0.091945,0.0,0.0,0.0,0.03846,0.0,0.0352,0.070296,0.0,0.139601,0.0,0.0,0.0,0.062893,0.0,0.0,0.0,0.0,0.0,0.0,0.0,0.00246
2021-03-31,0.0,0.0,0.0,0.096545,0.009972,0.0,0.0,0.031536,0.037967,0.037961,0.0,0.098254,0.046359,0.061366,0.036313,0.071159,0.0,0.0,0.0,0.0,0.0,0.057265,0.0,0.0,0.0,0.043202,0.0,0.027896,0.025756,0.0,0.107917,0.0,0.0,0.086216,0.107834,0.0,0.0,0.0,0.0,0.0,0.0,0.0,0.016481
2021-04-01,0.0,0.0,0.0,0.095751,0.009934,0.0,0.0,0.031148,0.037541,0.037729,0.0,0.098248,0.046135,0.060779,0.036606,0.073581,0.0,0.0,0.0,0.0,0.0,0.056867,0.0,0.0,0.0,0.044031,0.0,0.027797,0.026015,0.0,0.1085,0.0,0.0,0.084604,0.108539,0.0,0.0,0.0,0.0,0.0,0.0,0.0,0.016195
2021-04-05,0.0,0.0,0.0,0.095245,0.009881,0.0,0.0,0.030669,0.037503,0.038013,0.0,0.099785,0.046251,0.060585,0.035544,0.069659,0.0,0.0,0.0,0.0,0.0,0.057226,0.0,0.0,0.0,0.044682,0.0,0.027976,0.026371,0.0,0.109244,0.0,0.0,0.084206,0.111049,0.0,0.0,0.0,0.0,0.0,0.0,0.0,0.01611
2021-04-06,0.0,0.0,0.0,0.095967,0.009956,0.0,0.0,0.030758,0.037507,0.038064,0.0,0.10006,0.046169,0.060381,0.035459,0.070165,0.0,0.0,0.0,0.0,0.0,0.055742,0.0,0.0,0.0,0.044195,0.0,0.028146,0.026203,0.0,0.108442,0.0,0.0,0.084825,0.111849,0.0,0.0,0.0,0.0,0.0,0.0,0.0,0.016112
2021-04-07,0.0,0.0,0.0,0.095674,0.009873,0.0,0.0,0.030662,0.037591,0.03805,0.0,0.101413,0.046662,0.060518,0.035787,0.070404,0.0,0.0,0.0,0.0,0.0,0.054713,0.0,0.0,0.0,0.044419,0.0,0.028013,0.026109,0.0,0.106813,0.0,0.0,0.085763,0.111328,0.0,0.0,0.0,0.0,0.0,0.0,0.0,0.016207
2021-04-08,0.0,0.0,0.0,0.095075,0.009913,0.0,0.0,0.030742,0.03794,0.038054,0.0,0.101061,0.046508,0.060393,0.035194,0.068642,0.0,0.0,0.0,0.0,0.0,0.054855,0.0,0.0,0.0,0.044764,0.0,0.028284,0.02635,0.0,0.107261,0.0,0.0,0.086253,0.112562,0.0,0.0,0.0,0.0,0.0,0.0,0.0,0.016149
2021-04-09,0.0,0.0,0.0,0.095845,0.009828,0.0,0.0,0.030671,0.037945,0.038024,0.0,0.10143,0.047092,0.061258,0.035098,0.067567,0.0,0.0,0.0,0.0,0.0,0.053848,0.0,0.0,0.0,0.044799,0.0,0.028395,0.026545,0.0,0.107117,0.0,0.0,0.08649,0.111839,0.0,0.0,0.0,0.0,0.0,0.0,0.0,0.016209
2021-04-12,0.0,0.0,0.0,0.096716,0.009896,0.0,0.0,0.029889,0.038354,0.038272,0.0,0.102194,0.047842,0.062346,0.035226,0.066697,0.0,0.0,0.0,0.0,0.0,0.053389,0.0,0.0,0.0,0.044832,0.0,0.028851,0.026652,0.0,0.106652,0.0,0.0,0.086886,0.108911,0.0,0.0,0.0,0.0,0.0,0.0,0.0,0.016396
2021-04-13,0.0,0.0,0.0,0.096065,0.009887,0.0,0.0,0.029875,0.038027,0.03867,0.0,0.101571,0.047044,0.060821,0.035002,0.066386,0.0,0.0,0.0,0.0,0.0,0.053771,0.0,0.0,0.0,0.04443,0.0,0.029139,0.026685,0.0,0.109165,0.0,0.0,0.086948,0.110233,0.0,0.0,0.0,0.0,0.0,0.0,0.0,0.016281
2021-04-14,0.0,0.0,0.0,0.0956,0.009825,0.0,0.0,0.029812,0.037543,0.038464,0.0,0.099163,0.046685,0.060631,0.035487,0.068249,0.0,0.0,0.0,0.0,0.0,0.054445,0.0,0.0,0.0,0.043346,0.0,0.028588,0.026218,0.0,0.109863,0.0,0.0,0.086762,0.113262,0.0,0.0,0.0,0.0,0.0,0.0,0.0,0.016058
2021-04-15,0.0,0.0,0.0,0.094825,0.009772,0.0,0.0,0.029718,0.037942,0.038463,0.0,0.099648,0.046282,0.059965,0.034924,0.066677,0.0,0.0,0.0,0.0,0.0,0.054495,0.0,0.0,0.0,0.043729,0.0,0.028862,0.026412,0.0,0.109382,0.0,0.0,0.086283,0.116691,0.0,0.0,0.0,0.0,0.0,0.0,0.0,0.015932
2021-04-16,0.0,0.0,0.0,0.095421,0.009841,0.0,0.0,0.029857,0.03822,0.038337,0.0,0.09983,0.046727,0.060584,0.034731,0.06574,0.0,0.0,0.0,0.0,0.0,0.05384,0.0,0.0,0.0,0.043632,0.0,0.028759,0.026688,0.0,0.108688,0.0,0.0,0.0863,0.116833,0.0,0.0,0.0,0.0,0.0,0.0,0.0,0.015972
2021-04-19,0.0,0.0,0.0,0.094648,0.009831,0.0,0.0,0.029174,0.038683,0.038396,0.0,0.099466,0.046686,0.060472,0.034763,0.065851,0.0,0.0,0.0,0.0,0.0,0.052785,0.0,0.0,0.0,0.042568,0.0,0.028724,0.026333,0.0,0.112379,0.0,0.0,0.086765,0.116473,0.0,0.0,0.0,0.0,0.0,0.0,0.0,0.016002
2021-04-20,0.0,0.0,0.0,0.094398,0.009913,0.0,0.0,0.029192,0.039382,0.038957,0.0,0.100593,0.046583,0.059303,0.034411,0.063941,0.0,0.0,0.0,0.0,0.0,0.053492,0.0,0.0,0.0,0.042666,0.0,0.028759,0.026222,0.0,0.111805,0.0,0.0,0.089278,0.114835,0.0,0.0,0.0,0.0,0.0,0.0,0.0,0.016271
2021-04-21,0.0,0.0,0.0,0.094229,0.009808,0.0,0.0,0.02888,0.03918,0.038368,0.0,0.099489,0.04663,0.059832,0.034408,0.064386,0.0,0.0,0.0,0.0,0.0,0.054659,0.0,0.0,0.0,0.043231,0.0,0.028609,0.02636,0.0,0.112081,0.0,0.0,0.088544,0.115243,0.0,0.0,0.0,0.0,0.0,0.0,0.0,0.016063
2021-04-22,0.0,0.0,0.0,0.095982,0.00991,0.0,0.0,0.029138,0.038846,0.037885,0.0,0.099165,0.046303,0.059315,0.034145,0.064112,0.0,0.0,0.0,0.0,0.0,0.055616,0.0,0.0,0.0,0.042464,0.0,0.028806,0.026446,0.0,0.112001,0.0,0.0,0.090006,0.11373,0.0,0.0,0.0,0.0,0.0,0.0,0.0,0.01613
2021-04-23,0.0,0.0,0.0,0.094397,0.009853,0.0,0.0,0.028928,0.03904,0.037957,0.0,0.098973,0.046536,0.060599,0.033994,0.06413,0.0,0.0,0.0,0.0,0.0,0.054772,0.0,0.0,0.0,0.042658,0.0,0.028612,0.026369,0.0,0.112834,0.0,0.0,0.089536,0.114898,0.0,0.0,0.0,0.0,0.0,0.0,0.0,0.015913
2021-04-26,0.0,0.0,0.0,0.093862,0.009718,0.0,0.0,0.02891,0.039305,0.037684,0.0,0.09768,0.046014,0.06002,0.033705,0.064742,0.0,0.0,0.0,0.0,0.0,0.055815,0.0,0.0,0.0,0.042783,0.0,0.028903,0.026177,0.0,0.111865,0.0,0.0,0.089973,0.117171,0.0,0.0,0.0,0.0,0.0,0.0,0.0,0.015673
2021-04-27,0.0,0.0,0.0,0.09412,0.009746,0.0,0.0,0.029224,0.039158,0.037491,0.0,0.097264,0.046366,0.060536,0.034106,0.06596,0.0,0.0,0.0,0.0,0.0,0.05596,0.0,0.0,0.0,0.042453,0.0,0.028668,0.025891,0.0,0.110577,0.0,0.0,0.089954,0.116858,0.0,0.0,0.0,0.0,0.0,0.0,0.0,0.015668
2021-04-28,0.0,0.0,0.0,0.093323,0.009742,0.0,0.0,0.029436,0.039034,0.037231,0.0,0.097726,0.046343,0.060236,0.035127,0.068479,0.0,0.0,0.0,0.0,0.0,0.05585,0.0,0.0,0.0,0.041625,0.0,0.028176,0.025807,0.0,0.111001,0.0,0.0,0.088547,0.116718,0.0,0.0,0.0,0.0,0.0,0.0,0.0,0.015599
2021-04-29,0.0,0.0,0.0,0.092643,0.009675,0.0,0.0,0.029441,0.039078,0.037054,0.0,0.100158,0.047041,0.060789,0.035424,0.068245,0.0,0.0,0.0,0.0,0.0,0.05505,0.0,0.0,0.0,0.041782,0.0,0.027999,0.025568,0.0,0.11037,0.0,0.0,0.087923,0.116203,0.0,0.0,0.0,0.0,0.0,0.0,0.0,0.015557
2021-04-30,0.0,0.0,0.0,0.124294,0.0,0.0,0.0,0.040657,0.041606,0.041362,0.0,0.124171,0.0,0.12399,0.062009,0.06191,0.010948,0.072473,0.0,0.0,0.0,0.028551,0.0,0.0,0.0,0.070469,0.0,0.043985,0.0,0.0,0.034152,0.0,0.0,0.0,0.106506,0.0,0.0,0.0,0.0,0.0,0.0,0.0,0.012916
2021-05-03,0.0,0.0,0.0,0.123939,0.0,0.0,0.0,0.040947,0.040943,0.041074,0.0,0.122903,0.0,0.124107,0.063399,0.063705,0.011006,0.073137,0.0,0.0,0.0,0.028069,0.0,0.0,0.0,0.069388,0.0,0.043497,0.0,0.0,0.033607,0.0,0.0,0.0,0.107425,0.0,0.0,0.0,0.0,0.0,0.0,0.0,0.012854
2021-05-04,0.0,0.0,0.0,0.12293,0.0,0.0,0.0,0.040618,0.039947,0.041277,0.0,0.122437,0.0,0.126312,0.063771,0.063949,0.011112,0.073227,0.0,0.0,0.0,0.027134,0.0,0.0,0.0,0.068579,0.0,0.043127,0.0,0.0,0.03329,0.0,0.0,0.0,0.109368,0.0,0.0,0.0,0.0,0.0,0.0,0.0,0.012921
2021-05-05,0.0,0.0,0.0,0.123016,0.0,0.0,0.0,0.040886,0.039564,0.040955,0.0,0.120911,0.0,0.125415,0.065137,0.064956,0.011006,0.072599,0.0,0.0,0.0,0.026396,0.0,0.0,0.0,0.068281,0.0,0.042267,0.0,0.0,0.033498,0.0,0.0,0.0,0.11233,0.0,0.0,0.0,0.0,0.0,0.0,0.0,0.012784
2021-05-06,0.0,0.0,0.0,0.121237,0.0,0.0,0.0,0.04124,0.040051,0.041544,0.0,0.121867,0.0,0.125033,0.065226,0.064338,0.011041,0.072595,0.0,0.0,0.0,0.025898,0.0,0.0,0.0,0.068581,0.0,0.041881,0.0,0.0,0.032831,0.0,0.0,0.0,0.113902,0.0,0.0,0.0,0.0,0.0,0.0,0.0,0.012735
2021-05-07,0.0,0.0,0.0,0.120639,0.0,0.0,0.0,0.041177,0.040393,0.041555,0.0,0.121055,0.0,0.123445,0.06545,0.065018,0.010999,0.072695,0.0,0.0,0.0,0.025948,0.0,0.0,0.0,0.06854,0.0,0.041765,0.0,0.0,0.032461,0.0,0.0,0.0,0.116305,0.0,0.0,0.0,0.0,0.0,0.0,0.0,0.012554
2021-05-10,0.0,0.0,0.0,0.121681,0.0,0.0,0.0,0.041141,0.03987,0.0418,0.0,0.119781,0.0,0.123307,0.066051,0.064773,0.011107,0.073227,0.0,0.0,0.0,0.025224,0.0,0.0,0.0,0.066068,0.0,0.04176,0.0,0.0,0.032441,0.0,0.0,0.0,0.119103,0.0,0.0,0.0,0.0,0.0,0.0,0.0,0.012664
2021-05-11,0.0,0.0,0.0,0.120059,0.0,0.0,0.0,0.041619,0.038655,0.041668,0.0,0.120598,0.0,0.12336,0.064977,0.064615,0.011049,0.072881,0.0,0.0,0.0,0.025885,0.0,0.0,0.0,0.066799,0.0,0.042591,0.0,0.0,0.032198,0.0,0.0,0.0,0.120259,0.0,0.0,0.0,0.0,0.0,0.0,0.0,0.012788
2021-05-12,0.0,0.0,0.0,0.122445,0.0,0.0,0.0,0.041486,0.03714,0.040808,0.0,0.120994,0.0,0.123053,0.066811,0.065873,0.011035,0.072918,0.0,0.0,0.0,0.026281,0.0,0.0,0.0,0.065573,0.0,0.042472,0.0,0.0,0.031964,0.0,0.0,0.0,0.118061,0.0,0.0,0.0,0.0,0.0,0.0,0.0,0.013086
2021-05-13,0.0,0.0,0.0,0.121089,0.0,0.0,0.0,0.042021,0.037883,0.041224,0.0,0.121671,0.0,0.126857,0.065892,0.063714,0.011224,0.074412,0.0,0.0,0.0,0.025893,0.0,0.0,0.0,0.066303,0.0,0.042455,0.0,0.0,0.031892,0.0,0.0,0.0,0.114406,0.0,0.0,0.0,0.0,0.0,0.0,0.0,0.013064
2021-05-14,0.0,0.0,0.0,0.120426,0.0,0.0,0.0,0.041705,0.037621,0.040996,0.0,0.121598,0.0,0.126416,0.066584,0.066096,0.011153,0.073983,0.0,0.0,0.0,0.026297,0.0,0.0,0.0,0.066994,0.0,0.042679,0.0,0.0,0.032279,0.0,0.0,0.0,0.112368,0.0,0.0,0.0,0.0,0.0,0.0,0.0,0.012805
2021-05-17,0.0,0.0,0.0,0.120099,0.0,0.0,0.0,0.042049,0.036287,0.040155,0.0,0.12041,0.0,0.12682,0.068,0.068524,0.011098,0.073489,0.0,0.0,0.0,0.026188,0.0,0.0,0.0,0.066285,0.0,0.042164,0.0,0.0,0.03224,0.0,0.0,0.0,0.113413,0.0,0.0,0.0,0.0,0.0,0.0,0.0,0.012781
2021-05-18,0.0,0.0,0.0,0.120917,0.0,0.0,0.0,0.042425,0.038293,0.040945,0.0,0.119468,0.0,0.125015,0.066582,0.067624,0.010963,0.07276,0.0,0.0,0.0,0.026365,0.0,0.0,0.0,0.06591,0.0,0.042404,0.0,0.0,0.032738,0.0,0.0,0.0,0.114783,0.0,0.0,0.0,0.0,0.0,0.0,0.0,0.012811
2021-05-19,0.0,0.0,0.0,0.119649,0.0,0.0,0.0,0.042999,0.038507,0.041317,0.0,0.121135,0.0,0.125908,0.065727,0.067025,0.011036,0.073219,0.0,0.0,0.0,0.026222,0.0,0.0,0.0,0.068025,0.0,0.042727,0.0,0.0,0.033245,0.0,0.0,0.0,0.110291,0.0,0.0,0.0,0.0,0.0,0.0,0.0,0.01297
2021-05-20,0.0,0.0,0.0,0.120647,0.0,0.0,0.0,0.042725,0.038564,0.041291,0.0,0.122427,0.0,0.124875,0.065208,0.066305,0.01099,0.072375,0.0,0.0,0.0,0.026602,0.0,0.0,0.0,0.069369,0.0,0.043252,0.0,0.0,0.033462,0.0,0.0,0.0,0.109023,0.0,0.0,0.0,0.0,0.0,0.0,0.0,0.012887
2021-05-21,0.0,0.0,0.0,0.121371,0.0,0.0,0.0,0.04264,0.03809,0.040813,0.0,0.122083,0.0,0.126354,0.065383,0.066751,0.01105,0.072451,0.0,0.0,0.0,0.026429,0.0,0.0,0.0,0.069025,0.0,0.043536,0.0,0.0,0.033395,0.0,0.0,0.0,0.107737,0.0,0.0,0.0,0.0,0.0,0.0,0.0,0.012894
2021-05-24,0.0,0.0,0.0,0.120356,0.0,0.0,0.0,0.042784,0.038748,0.040892,0.0,0.123267,0.0,0.124794,0.065482,0.066972,0.011025,0.07251,0.0,0.0,0.0,0.026036,0.0,0.0,0.0,0.070177,0.0,0.043696,0.0,0.0,0.03369,0.0,0.0,0.0,0.106783,0.0,0.0,0.0,0.0,0.0,0.0,0.0,0.012786
2021-05-25,0.0,0.0,0.0,0.121027,0.0,0.0,0.0,0.043087,0.03941,0.041566,0.0,0.124195,0.0,0.123113,0.064652,0.065699,0.011078,0.072338,0.0,0.0,0.0,0.02591,0.0,0.0,0.0,0.070933,0.0,0.043857,0.0,0.0,0.034252,0.0,0.0,0.0,0.105998,0.0,0.0,0.0,0.0,0.0,0.0,0.0,0.012885
2021-05-26,0.0,0.0,0.0,0.120443,0.0,0.0,0.0,0.043146,0.039181,0.041312,0.0,0.123753,0.0,0.123753,0.064575,0.066849,0.011002,0.072242,0.0,0.0,0.0,0.026207,0.0,0.0,0.0,0.070411,0.0,0.044069,0.0,0.0,0.033952,0.0,0.0,0.0,0.10635,0.0,0.0,0.0,0.0,0.0,0.0,0.0,0.012755
2021-05-27,0.0,0.0,0.0,0.12038,0.0,0.0,0.0,0.042895,0.038694,0.040556,0.0,0.123,0.0,0.124409,0.063987,0.067224,0.011043,0.072125,0.0,0.0,0.0,0.026282,0.0,0.0,0.0,0.070011,0.0,0.043546,0.0,0.0,0.034011,0.0,0.0,0.0,0.109208,0.0,0.0,0.0,0.0,0.0,0.0,0.0,0.012629
2021-05-28,0.0,0.0,0.0,0.120455,0.0,0.0,0.0,0.042822,0.039225,0.041013,0.0,0.122305,0.0,0.124025,0.063959,0.067087,0.011017,0.072088,0.0,0.0,0.0,0.02612,0.0,0.0,0.0,0.070494,0.0,0.043365,0.0,0.0,0.034816,0.0,0.0,0.0,0.108608,0.0,0.0,0.0,0.0,0.0,0.0,0.0,0.0126
2021-05-31,0.0,0.074556,0.0,0.03725,0.0,0.0,0.0,0.0,0.038346,0.036344,0.063966,0.074691,0.037678,0.036955,0.044962,0.029645,0.0,0.073503,0.0,0.074672,0.0,0.0,0.0,0.0,0.019314,0.021551,0.010659,0.022155,0.0,0.074737,0.074643,0.0,0.0,0.074949,0.074949,0.0,0.0,0.0,0.0,0.0,0.0,0.0,0.004475
2021-06-01,0.0,0.07427,0.0,0.037058,0.0,0.0,0.0,0.0,0.038862,0.036487,0.063114,0.073884,0.037473,0.036851,0.046159,0.031201,0.0,0.07273,0.0,0.073735,0.0,0.0,0.0,0.0,0.019,0.021244,0.010475,0.021769,0.0,0.075214,0.075433,0.0,0.0,0.075288,0.075331,0.0,0.0,0.0,0.0,0.0,0.0,0.0,0.004423
2021-06-02,0.0,0.074425,0.0,0.03723,0.0,0.0,0.0,0.0,0.038613,0.036303,0.062862,0.073707,0.037556,0.036543,0.04705,0.031722,0.0,0.072181,0.0,0.072582,0.0,0.0,0.0,0.0,0.019143,0.021388,0.010499,0.021916,0.0,0.076143,0.075793,0.0,0.0,0.075456,0.074463,0.0,0.0,0.0,0.0,0.0,0.0,0.0,0.004426
2021-06-03,0.0,0.074543,0.0,0.037553,0.0,0.0,0.0,0.0,0.038771,0.036536,0.062655,0.073846,0.037972,0.036934,0.047588,0.032031,0.0,0.07238,0.0,0.07227,0.0,0.0,0.0,0.0,0.01913,0.021203,0.01046,0.021674,0.0,0.076522,0.075264,0.0,0.0,0.075106,0.073098,0.0,0.0,0.0,0.0,0.0,0.0,0.0,0.004464
2021-06-04,0.0,0.074399,0.0,0.037217,0.0,0.0,0.0,0.0,0.038768,0.036588,0.062519,0.074149,0.037686,0.036548,0.047421,0.031697,0.0,0.071326,0.0,0.072391,0.0,0.0,0.0,0.0,0.019301,0.021498,0.010578,0.021691,0.0,0.075785,0.076701,0.0,0.0,0.075702,0.073615,0.0,0.0,0.0,0.0,0.0,0.0,0.0,0.004419
2021-06-07,0.0,0.074832,0.0,0.037496,0.0,0.0,0.0,0.0,0.038511,0.036454,0.062596,0.074624,0.037487,0.036679,0.047275,0.032042,0.0,0.071235,0.0,0.072131,0.0,0.0,0.0,0.0,0.01932,0.021357,0.010675,0.021984,0.0,0.076774,0.076295,0.0,0.0,0.075755,0.072052,0.0,0.0,0.0,0.0,0.0,0.0,0.0,0.004425
2021-06-08,0.0,0.074715,0.0,0.037492,0.0,0.0,0.0,0.0,0.038183,0.036156,0.063011,0.074303,0.037336,0.03666,0.047616,0.032309,0.0,0.071357,0.0,0.072438,0.0,0.0,0.0,0.0,0.019294,0.021205,0.010684,0.022149,0.0,0.0773,0.075743,0.0,0.0,0.075965,0.071663,0.0,0.0,0.0,0.0,0.0,0.0,0.0,0.004418
2021-06-09,0.0,0.074993,0.0,0.037838,0.0,0.0,0.0,0.0,0.038293,0.035898,0.063005,0.074632,0.037184,0.036346,0.047576,0.032306,0.0,0.070863,0.0,0.071441,0.0,0.0,0.0,0.0,0.019413,0.021216,0.010744,0.022235,0.0,0.077825,0.075864,0.0,0.0,0.076178,0.07171,0.0,0.0,0.0,0.0,0.0,0.0,0.0,0.004442
2021-06-10,0.0,0.075035,0.0,0.037675,0.0,0.0,0.0,0.0,0.038736,0.036315,0.063257,0.074983,0.036724,0.035599,0.047482,0.031936,0.0,0.070271,0.0,0.069575,0.0,0.0,0.0,0.0,0.019541,0.021444,0.010925,0.022713,0.0,0.078325,0.076947,0.0,0.0,0.076564,0.071514,0.0,0.0,0.0,0.0,0.0,0.0,0.0,0.004439
2021-06-11,0.0,0.074931,0.0,0.0378,0.0,0.0,0.0,0.0,0.038573,0.03613,0.063305,0.074717,0.036788,0.035612,0.047099,0.032001,0.0,0.070678,0.0,0.069938,0.0,0.0,0.0,0.0,0.019566,0.021452,0.010984,0.022701,0.0,0.07765,0.077986,0.0,0.0,0.075808,0.071862,0.0,0.0,0.0,0.0,0.0,0.0,0.0,0.004418
2021-06-14,0.0,0.075405,0.0,0.037899,0.0,0.0,0.0,0.0,0.038767,0.036395,0.063561,0.075495,0.036543,0.03522,0.047071,0.031768,0.0,0.070307,0.0,0.069315,0.0,0.0,0.0,0.0,0.019839,0.021838,0.011161,0.02283,0.0,0.078245,0.078078,0.0,0.0,0.074654,0.071177,0.0,0.0,0.0,0.0,0.0,0.0,0.0,0.004434
2021-06-15,0.0,0.075721,0.0,0.037774,0.0,0.0,0.0,0.0,0.03896,0.036503,0.06348,0.075367,0.03676,0.035831,0.048161,0.032453,0.0,0.071127,0.0,0.069947,0.0,0.0,0.0,0.0,0.019797,0.021747,0.01105,0.022794,0.0,0.077721,0.077757,0.0,0.0,0.074315,0.068282,0.0,0.0,0.0,0.0,0.0,0.0,0.0,0.004452
2021-06-16,0.0,0.075755,0.0,0.03834,0.0,0.0,0.0,0.0,0.038974,0.036487,0.064167,0.07548,0.0371,0.036539,0.0484,0.032615,0.0,0.07112,0.0,0.069574,0.0,0.0,0.0,0.0,0.019894,0.021765,0.011101,0.02311,0.0,0.078013,0.075477,0.0,0.0,0.074556,0.067033,0.0,0.0,0.0,0.0,0.0,0.0,0.0,0.004498
2021-06-17,0.0,0.075877,0.0,0.038808,0.0,0.0,0.0,0.0,0.039693,0.036821,0.065111,0.076621,0.036396,0.03527,0.047264,0.031472,0.0,0.070344,0.0,0.070818,0.0,0.0,0.0,0.0,0.020343,0.02224,0.011416,0.023681,0.0,0.078765,0.077579,0.0,0.0,0.072459,0.064475,0.0,0.0,0.0,0.0,0.0,0.0,0.0,0.004547
2021-06-18,0.0,0.075109,0.0,0.038773,0.0,0.0,0.0,0.0,0.039475,0.036924,0.065392,0.076453,0.035861,0.034444,0.046305,0.031088,0.0,0.070099,0.0,0.07182,0.0,0.0,0.0,0.0,0.020351,0.021917,0.011564,0.023715,0.0,0.078171,0.078718,0.0,0.0,0.074564,0.064667,0.0,0.0,0.0,0.0,0.0,0.0,0.0,0.00459
2021-06-21,0.0,0.075029,0.0,0.03835,0.0,0.0,0.0,0.0,0.038933,0.036724,0.064856,0.075977,0.036119,0.035082,0.047517,0.032187,0.0,0.070295,0.0,0.071611,0.0,0.0,0.0,0.0,0.020245,0.02165,0.011425,0.023361,0.0,0.078525,0.07801,0.0,0.0,0.073591,0.065997,0.0,0.0,0.0,0.0,0.0,0.0,0.0,0.004517
2021-06-22,0.0,0.074869,0.0,0.03837,0.0,0.0,0.0,0.0,0.038461,0.0366,0.065308,0.076444,0.036092,0.034943,0.047717,0.032287,0.0,0.070249,0.0,0.071815,0.0,0.0,0.0,0.0,0.020379,0.0217,0.011522,0.023665,0.0,0.077928,0.077708,0.0,0.0,0.072682,0.066753,0.0,0.0,0.0,0.0,0.0,0.0,0.0,0.004507
2021-06-23,0.0,0.074162,0.0,0.038263,0.0,0.0,0.0,0.0,0.038699,0.03663,0.065596,0.076116,0.036043,0.034909,0.047691,0.03256,0.0,0.069918,0.0,0.070847,0.0,0.0,0.0,0.0,0.02029,0.021719,0.011484,0.023482,0.0,0.077536,0.079269,0.0,0.0,0.072483,0.067811,0.0,0.0,0.0,0.0,0.0,0.0,0.0,0.004492
2021-06-24,0.0,0.074459,0.0,0.038329,0.0,0.0,0.0,0.0,0.038852,0.03686,0.065453,0.076405,0.03629,0.035208,0.047835,0.032897,0.0,0.069896,0.0,0.07062,0.0,0.0,0.0,0.0,0.020304,0.021965,0.011522,0.023453,0.0,0.076939,0.078626,0.0,0.0,0.071839,0.067779,0.0,0.0,0.0,0.0,0.0,0.0,0.0,0.004467
2021-06-25,0.0,0.074233,0.0,0.038419,0.0,0.0,0.0,0.0,0.03882,0.036893,0.065533,0.076111,0.036541,0.035479,0.047842,0.033118,0.0,0.069455,0.0,0.070333,0.0,0.0,0.0,0.0,0.020177,0.021794,0.011469,0.023408,0.0,0.077065,0.079276,0.0,0.0,0.071433,0.068157,0.0,0.0,0.0,0.0,0.0,0.0,0.0,0.004444
2021-06-28,0.0,0.073767,0.0,0.038284,0.0,0.0,0.0,0.0,0.03919,0.036724,0.065646,0.077085,0.036328,0.034698,0.046295,0.031721,0.0,0.068966,0.0,0.070956,0.0,0.0,0.0,0.0,0.020419,0.022348,0.011626,0.023537,0.0,0.076955,0.080602,0.0,0.0,0.073065,0.067336,0.0,0.0,0.0,0.0,0.0,0.0,0.0,0.004451
2021-06-29,0.0,0.073899,0.0,0.038429,0.0,0.0,0.0,0.0,0.039102,0.03663,0.065887,0.076761,0.036243,0.034498,0.046125,0.031589,0.0,0.069041,0.0,0.071631,0.0,0.0,0.0,0.0,0.020592,0.02255,0.011693,0.023526,0.0,0.076837,0.080582,0.0,0.0,0.072871,0.067055,0.0,0.0,0.0,0.0,0.0,0.0,0.0,0.004456
2021-06-30,0.022114,0.073037,0.0,0.050961,0.0,0.0,0.0,0.036485,0.036312,0.0,0.0,0.073128,0.073048,0.0,0.022084,0.050855,0.0,0.072919,0.073064,0.072859,0.0,0.0,0.0,0.0,0.010003,0.024543,0.011506,0.025074,0.0,0.07262,0.073054,0.0,0.0,0.049197,0.072945,0.0,0.0,0.0,0.0,0.0,0.0,0.0,0.004191
2021-07-01,0.022068,0.073125,0.0,0.050917,0.0,0.0,0.0,0.036198,0.036085,0.0,0.0,0.073323,0.073279,0.0,0.022363,0.051814,0.0,0.073547,0.073117,0.073804,0.0,0.0,0.0,0.0,0.009972,0.024077,0.011459,0.024977,0.0,0.07259,0.072298,0.0,0.0,0.048545,0.072269,0.0,0.0,0.0,0.0,0.0,0.0,0.0,0.004172
2021-07-02,0.022178,0.073281,0.0,0.050948,0.0,0.0,0.0,0.036403,0.036235,0.0,0.0,0.073785,0.07315,0.0,0.022299,0.050843,0.0,0.073294,0.073174,0.073335,0.0,0.0,0.0,0.0,0.010097,0.024208,0.011601,0.025115,0.0,0.072761,0.072259,0.0,0.0,0.048197,0.072669,0.0,0.0,0.0,0.0,0.0,0.0,0.0,0.004168
2021-07-05,0.022258,0.073266,0.0,0.05106,0.0,0.0,0.0,0.036396,0.036228,0.0,0.0,0.07377,0.073135,0.0,0.022294,0.050832,0.0,0.073278,0.073159,0.07332,0.0,0.0,0.0,0.0,0.010095,0.024203,0.011598,0.02511,0.0,0.072746,0.072244,0.0,0.0,0.048187,0.072654,0.0,0.0,0.0,0.0,0.0,0.0,0.0,0.004168
2021-07-06,0.022354,0.073526,0.0,0.051007,0.0,0.0,0.0,0.036427,0.036737,0.0,0.0,0.074323,0.072703,0.0,0.021784,0.049247,0.0,0.073208,0.072791,0.072951,0.0,0.0,0.0,0.0,0.010234,0.024402,0.011839,0.025796,0.0,0.074008,0.073723,0.0,0.0,0.047288,0.071445,0.0,0.0,0.0,0.0,0.0,0.0,0.0,0.004209
2021-07-07,0.02232,0.073554,0.0,0.05085,0.0,0.0,0.0,0.036413,0.036569,0.0,0.0,0.073783,0.07238,0.0,0.021305,0.047826,0.0,0.073172,0.073121,0.073672,0.0,0.0,0.0,0.0,0.01023,0.023893,0.011773,0.025748,0.0,0.073834,0.075902,0.0,0.0,0.046934,0.07254,0.0,0.0,0.0,0.0,0.0,0.0,0.0,0.004184
2021-07-08,0.022369,0.07357,0.0,0.050722,0.0,0.0,0.0,0.036618,0.036534,0.0,0.0,0.073934,0.071865,0.0,0.021462,0.048729,0.0,0.071728,0.07308,0.072206,0.0,0.0,0.0,0.0,0.010267,0.023897,0.01182,0.025984,0.0,0.074599,0.077301,0.0,0.0,0.047206,0.071868,0.0,0.0,0.0,0.0,0.0,0.0,0.0,0.00424
2021-07-09,0.022238,0.073349,0.0,0.050436,0.0,0.0,0.0,0.036292,0.036342,0.0,0.0,0.07321,0.07257,0.0,0.021512,0.049032,0.0,0.072176,0.073136,0.071662,0.0,0.0,0.0,0.0,0.01017,0.023837,0.011674,0.025769,0.0,0.074421,0.078271,0.0,0.0,0.046436,0.073305,0.0,0.0,0.0,0.0,0.0,0.0,0.0,0.004161
2021-07-12,0.022185,0.073234,0.0,0.0503,0.0,0.0,0.0,0.036076,0.036233,0.0,0.0,0.073259,0.072813,0.0,0.021342,0.048366,0.0,0.071568,0.072905,0.071121,0.0,0.0,0.0,0.0,0.010113,0.023988,0.011516,0.025377,0.0,0.074579,0.081133,0.0,0.0,0.046921,0.072837,0.0,0.0,0.0,0.0,0.0,0.0,0.0,0.004134
2021-07-13,0.022415,0.073422,0.0,0.050642,0.0,0.0,0.0,0.036258,0.036432,0.0,0.0,0.073723,0.072669,0.0,0.021369,0.048179,0.0,0.071522,0.072883,0.069943,0.0,0.0,0.0,0.0,0.010245,0.024105,0.011613,0.025523,0.0,0.074193,0.080812,0.0,0.0,0.04747,0.072411,0.0,0.0,0.0,0.0,0.0,0.0,0.0,0.004171
2021-07-14,0.022468,0.073953,0.0,0.050505,0.0,0.0,0.0,0.036684,0.036829,0.0,0.0,0.074081,0.072737,0.0,0.020848,0.046054,0.0,0.072001,0.073141,0.070408,0.0,0.0,0.0,0.0,0.010378,0.024128,0.011594,0.0255,0.0,0.075129,0.079327,0.0,0.0,0.048265,0.071775,0.0,0.0,0.0,0.0,0.0,0.0,0.0,0.004194
2021-07-15,0.022423,0.073302,0.0,0.050158,0.0,0.0,0.0,0.036838,0.036821,0.0,0.0,0.0737,0.073118,0.0,0.020597,0.045215,0.0,0.072167,0.073292,0.070556,0.0,0.0,0.0,0.0,0.010313,0.023639,0.011475,0.025334,0.0,0.075397,0.080685,0.0,0.0,0.048518,0.072249,0.0,0.0,0.0,0.0,0.0,0.0,0.0,0.004202
2021-07-16,0.022648,0.073823,0.0,0.050671,0.0,0.0,0.0,0.037081,0.037205,0.0,0.0,0.074255,0.073121,0.0,0.020291,0.044025,0.0,0.072142,0.07319,0.070979,0.0,0.0,0.0,0.0,0.010353,0.023446,0.011659,0.025713,0.0,0.076394,0.07914,0.0,0.0,0.049326,0.070277,0.0,0.0,0.0,0.0,0.0,0.0,0.0,0.004261
2021-07-19,0.022641,0.073767,0.0,0.050464,0.0,0.0,0.0,0.037464,0.037408,0.0,0.0,0.074588,0.072498,0.0,0.019966,0.043072,0.0,0.072357,0.073052,0.072137,0.0,0.0,0.0,0.0,0.010414,0.023891,0.011836,0.026188,0.0,0.076501,0.07905,0.0,0.0,0.04971,0.068649,0.0,0.0,0.0,0.0,0.0,0.0,0.0,0.004346
2021-07-20,0.022475,0.072964,0.0,0.050416,0.0,0.0,0.0,0.03708,0.03688,0.0,0.0,0.074168,0.073051,0.0,0.019895,0.04337,0.0,0.072619,0.072644,0.07271,0.0,0.0,0.0,0.0,0.010392,0.023811,0.011861,0.026253,0.0,0.076995,0.080173,0.0,0.0,0.049712,0.06826,0.0,0.0,0.0,0.0,0.0,0.0,0.0,0.004272
2021-07-21,0.022292,0.073022,0.0,0.050242,0.0,0.0,0.0,0.036479,0.036267,0.0,0.0,0.07344,0.072973,0.0,0.020218,0.044639,0.0,0.072175,0.072119,0.072551,0.0,0.0,0.0,0.0,0.010303,0.024101,0.011736,0.025915,0.0,0.075603,0.082345,0.0,0.0,0.049558,0.069824,0.0,0.0,0.0,0.0,0.0,0.0,0.0,0.004195
2021-07-22,0.022381,0.073196,0.0,0.050214,0.0,0.0,0.0,0.036721,0.036277,0.0,0.0,0.073748,0.072229,0.0,0.020007,0.043765,0.0,0.072287,0.072199,0.072173,0.0,0.0,0.0,0.0,0.010387,0.023976,0.011894,0.026278,0.0,0.075058,0.082609,0.0,0.0,0.050072,0.070329,0.0,0.0,0.0,0.0,0.0,0.0,0.0,0.004199
2021-07-23,0.022477,0.073414,0.0,0.050294,0.0,0.0,0.0,0.036582,0.036058,0.0,0.0,0.075154,0.071944,0.0,0.019822,0.043075,0.0,0.072057,0.0723,0.073689,0.0,0.0,0.0,0.0,0.010431,0.023964,0.011984,0.026463,0.0,0.075258,0.080721,0.0,0.0,0.049555,0.070582,0.0,0.0,0.0,0.0,0.0,0.0,0.0,0.004175
2021-07-26,0.022391,0.073259,0.0,0.050021,0.0,0.0,0.0,0.036602,0.035602,0.0,0.0,0.075094,0.071933,0.0,0.020192,0.044133,0.0,0.071744,0.072479,0.072439,0.0,0.0,0.0,0.0,0.010364,0.02383,0.011882,0.026152,0.0,0.074847,0.080362,0.0,0.0,0.050413,0.072109,0.0,0.0,0.0,0.0,0.0,0.0,0.0,0.004151
2021-07-27,0.022455,0.073866,0.0,0.049945,0.0,0.0,0.0,0.036549,0.035442,0.0,0.0,0.074979,0.072669,0.0,0.020216,0.043217,0.0,0.07067,0.073338,0.07338,0.0,0.0,0.0,0.0,0.010374,0.023638,0.011847,0.026244,0.0,0.076062,0.077553,0.0,0.0,0.050652,0.072709,0.0,0.0,0.0,0.0,0.0,0.0,0.0,0.004194
2021-07-28,0.022406,0.073724,0.0,0.050117,0.0,0.0,0.0,0.036407,0.035559,0.0,0.0,0.075034,0.072058,0.0,0.020257,0.04387,0.0,0.069849,0.073034,0.072413,0.0,0.0,0.0,0.0,0.010288,0.023855,0.011856,0.02623,0.0,0.075264,0.080304,0.0,0.0,0.050374,0.072939,0.0,0.0,0.0,0.0,0.0,0.0,0.0,0.004164
2021-07-29,0.022323,0.07349,0.0,0.049986,0.0,0.0,0.0,0.036182,0.035766,0.0,0.0,0.073422,0.07206,0.0,0.02023,0.043332,0.0,0.069431,0.073036,0.074226,0.0,0.0,0.0,0.0,0.010224,0.024078,0.01174,0.026025,0.0,0.074462,0.081971,0.0,0.0,0.049646,0.074253,0.0,0.0,0.0,0.0,0.0,0.0,0.0,0.004119
2021-07-30,0.050983,0.0,0.0,0.0424,0.0,0.0,0.010644,0.0,0.093504,0.0,0.0,0.093104,0.093499,0.0,0.046757,0.046598,0.065995,0.019308,0.0,0.09347,0.09342,0.0,0.0,0.0,0.024119,0.024385,0.024054,0.019646,0.0,0.093314,0.0,0.0,0.0,0.043505,0.0,0.0,0.0,0.0,0.0,0.0,0.0,0.0,0.021295
2021-08-02,0.051316,0.0,0.0,0.042587,0.0,0.0,0.01083,0.0,0.093804,0.0,0.0,0.092968,0.093604,0.0,0.046446,0.045708,0.065597,0.019247,0.0,0.093706,0.093626,0.0,0.0,0.0,0.024053,0.02456,0.024081,0.019751,0.0,0.093191,0.0,0.0,0.0,0.043612,0.0,0.0,0.0,0.0,0.0,0.0,0.0,0.0,0.021312
2021-08-03,0.050749,0.0,0.0,0.042117,0.0,0.0,0.01078,0.0,0.094094,0.0,0.0,0.091884,0.093974,0.0,0.046903,0.046313,0.065976,0.019327,0.0,0.094239,0.094246,0.0,0.0,0.0,0.024033,0.024569,0.023922,0.019621,0.0,0.092635,0.0,0.0,0.0,0.043461,0.0,0.0,0.0,0.0,0.0,0.0,0.0,0.0,0.021157
2021-08-04,0.051194,0.0,0.0,0.04245,0.0,0.0,0.010706,0.0,0.095565,0.0,0.0,0.092676,0.093725,0.0,0.045897,0.044489,0.065458,0.019059,0.0,0.093454,0.094389,0.0,0.0,0.0,0.024221,0.024963,0.024314,0.019774,0.0,0.092882,0.0,0.0,0.0,0.043503,0.0,0.0,0.0,0.0,0.0,0.0,0.0,0.0,0.021279
2021-08-05,0.051066,0.0,0.0,0.042422,0.0,0.0,0.010536,0.0,0.09525,0.0,0.0,0.092873,0.094293,0.0,0.046095,0.045364,0.065307,0.019157,0.0,0.0934,0.093346,0.0,0.0,0.0,0.024186,0.024793,0.024363,0.019669,0.0,0.093316,0.0,0.0,0.0,0.043432,0.0,0.0,0.0,0.0,0.0,0.0,0.0,0.0,0.021131
2021-08-06,0.050954,0.0,0.0,0.042598,0.0,0.0,0.010596,0.0,0.094264,0.0,0.0,0.092735,0.096056,0.0,0.046449,0.045804,0.065514,0.019268,0.0,0.092563,0.093131,0.0,0.0,0.0,0.024129,0.024633,0.024214,0.01933,0.0,0.093013,0.0,0.0,0.0,0.043645,0.0,0.0,0.0,0.0,0.0,0.0,0.0,0.0,0.021102
2021-08-09,0.051134,0.0,0.0,0.042676,0.0,0.0,0.010597,0.0,0.094135,0.0,0.0,0.092871,0.096626,0.0,0.045942,0.045194,0.065469,0.01917,0.0,0.092373,0.093795,0.0,0.0,0.0,0.024131,0.02463,0.024306,0.019449,0.0,0.092821,0.0,0.0,0.0,0.04351,0.0,0.0,0.0,0.0,0.0,0.0,0.0,0.0,0.021171
2021-08-10,0.050993,0.0,0.0,0.042779,0.0,0.0,0.010601,0.0,0.092932,0.0,0.0,0.09274,0.097318,0.0,0.046595,0.046286,0.065914,0.019352,0.0,0.093255,0.093265,0.0,0.0,0.0,0.023877,0.024263,0.023932,0.019158,0.0,0.091632,0.0,0.0,0.0,0.044012,0.0,0.0,0.0,0.0,0.0,0.0,0.0,0.0,0.021097
2021-08-11,0.050866,0.0,0.0,0.04245,0.0,0.0,0.010527,0.0,0.092466,0.0,0.0,0.092439,0.097925,0.0,0.046719,0.046214,0.066424,0.019566,0.0,0.095349,0.091863,0.0,0.0,0.0,0.023757,0.024055,0.023748,0.018984,0.0,0.091695,0.0,0.0,0.0,0.043968,0.0,0.0,0.0,0.0,0.0,0.0,0.0,0.0,0.020987
2021-08-12,0.050904,0.0,0.0,0.042537,0.0,0.0,0.010329,0.0,0.092087,0.0,0.0,0.092546,0.098038,0.0,0.046642,0.046045,0.066255,0.019566,0.0,0.094566,0.092528,0.0,0.0,0.0,0.023878,0.023781,0.023967,0.019216,0.0,0.091834,0.0,0.0,0.0,0.044308,0.0,0.0,0.0,0.0,0.0,0.0,0.0,0.0,0.020972
2021-08-13,0.051244,0.0,0.0,0.04256,0.0,0.0,0.010397,0.0,0.091151,0.0,0.0,0.092829,0.097546,0.0,0.046204,0.044591,0.066209,0.019589,0.0,0.094733,0.093334,0.0,0.0,0.0,0.024066,0.023989,0.02409,0.01935,0.0,0.092562,0.0,0.0,0.0,0.044531,0.0,0.0,0.0,0.0,0.0,0.0,0.0,0.0,0.021024
2021-08-16,0.051103,0.0,0.0,0.042389,0.0,0.0,0.010219,0.0,0.090845,0.0,0.0,0.093163,0.097479,0.0,0.04544,0.043367,0.066563,0.019668,0.0,0.09538,0.094575,0.0,0.0,0.0,0.024221,0.023946,0.023962,0.019189,0.0,0.092626,0.0,0.0,0.0,0.044801,0.0,0.0,0.0,0.0,0.0,0.0,0.0,0.0,0.021064
2021-08-17,0.051506,0.0,0.0,0.042419,0.0,0.0,0.010232,0.0,0.089032,0.0,0.0,0.093327,0.097775,0.0,0.045427,0.043503,0.06651,0.01966,0.0,0.092938,0.096664,0.0,0.0,0.0,0.024264,0.02372,0.024036,0.019271,0.0,0.093468,0.0,0.0,0.0,0.044975,0.0,0.0,0.0,0.0,0.0,0.0,0.0,0.0,0.021276
2021-08-18,0.051803,0.0,0.0,0.043087,0.0,0.0,0.009983,0.0,0.091053,0.0,0.0,0.093271,0.097256,0.0,0.044796,0.042581,0.066248,0.019646,0.0,0.093386,0.095868,0.0,0.0,0.0,0.024099,0.023572,0.024097,0.019238,0.0,0.093272,0.0,0.0,0.0,0.045317,0.0,0.0,0.0,0.0,0.0,0.0,0.0,0.0,0.021426
2021-08-19,0.051545,0.0,0.0,0.042447,0.0,0.0,0.009938,0.0,0.089816,0.0,0.0,0.093908,0.097181,0.0,0.043926,0.041561,0.066226,0.019568,0.0,0.093721,0.096947,0.0,0.0,0.0,0.024498,0.023925,0.024428,0.019465,0.0,0.094351,0.0,0.0,0.0,0.044982,0.0,0.0,0.0,0.0,0.0,0.0,0.0,0.0,0.021568
2021-08-20,0.051483,0.0,0.0,0.04246,0.0,0.0,0.009989,0.0,0.089775,0.0,0.0,0.094115,0.097153,0.0,0.04374,0.041459,0.065976,0.019512,0.0,0.094857,0.096876,0.0,0.0,0.0,0.024654,0.02395,0.024566,0.019534,0.0,0.094216,0.0,0.0,0.0,0.044249,0.0,0.0,0.0,0.0,0.0,0.0,0.0,0.0,0.021434
2021-08-23,0.051552,0.0,0.0,0.042468,0.0,0.0,0.009858,0.0,0.090767,0.0,0.0,0.094223,0.096893,0.0,0.044889,0.043085,0.065797,0.019477,0.0,0.093533,0.095864,0.0,0.0,0.0,0.024703,0.024358,0.024695,0.019586,0.0,0.093023,0.0,0.0,0.0,0.044026,0.0,0.0,0.0,0.0,0.0,0.0,0.0,0.0,0.0212
2021-08-24,0.051355,0.0,0.0,0.042538,0.0,0.0,0.010226,0.0,0.09042,0.0,0.0,0.093968,0.096904,0.0,0.045365,0.044112,0.065737,0.019406,0.0,0.094261,0.094962,0.0,0.0,0.0,0.024529,0.024214,0.024711,0.019927,0.0,0.092065,0.0,0.0,0.0,0.044228,0.0,0.0,0.0,0.0,0.0,0.0,0.0,0.0,0.021074
2021-08-25,0.051115,0.0,0.0,0.042616,0.0,0.0,0.010315,0.0,0.091255,0.0,0.0,0.093523,0.097428,0.0,0.045424,0.044621,0.065745,0.019408,0.0,0.094632,0.094108,0.0,0.0,0.0,0.024361,0.024246,0.024611,0.020069,0.0,0.091426,0.0,0.0,0.0,0.044156,0.0,0.0,0.0,0.0,0.0,0.0,0.0,0.0,0.02094
2021-08-26,0.051274,0.0,0.0,0.042641,0.0,0.0,0.010146,0.0,0.091149,0.0,0.0,0.093314,0.09758,0.0,0.045026,0.044148,0.065882,0.019398,0.0,0.093954,0.094348,0.0,0.0,0.0,0.024365,0.024426,0.024661,0.020275,0.0,0.092055,0.0,0.0,0.0,0.044282,0.0,0.0,0.0,0.0,0.0,0.0,0.0,0.0,0.021076
2021-08-27,0.050849,0.0,0.0,0.042521,0.0,0.0,0.010279,0.0,0.091825,0.0,0.0,0.093492,0.097518,0.0,0.045592,0.04584,0.065428,0.019309,0.0,0.094146,0.092952,0.0,0.0,0.0,0.024263,0.024551,0.024696,0.020189,0.0,0.091746,0.0,0.0,0.0,0.044017,0.0,0.0,0.0,0.0,0.0,0.0,0.0,0.0,0.020787
2021-08-30,0.050835,0.0,0.0,0.042596,0.0,0.0,0.010201,0.0,0.092445,0.0,0.0,0.094106,0.096116,0.0,0.045044,0.045069,0.065335,0.019148,0.0,0.093865,0.093451,0.0,0.0,0.0,0.024517,0.024593,0.024803,0.020293,0.0,0.092637,0.0,0.0,0.0,0.044164,0.0,0.0,0.0,0.0,0.0,0.0,0.0,0.0,0.020781
2021-08-31,0.043446,0.06781,0.0,0.024552,0.0,0.0,0.035931,0.0,0.067898,0.0,0.0,0.067986,0.068026,0.0,0.050552,0.0,0.067829,0.0,0.0,0.068098,0.067916,0.0,0.0,0.0,0.016615,0.016275,0.016635,0.016757,0.0,0.068011,0.067605,0.0,0.0,0.068088,0.050287,0.0,0.0,0.044516,0.0,0.0,0.0,0.0,0.005167
2021-09-01,0.043586,0.068277,0.0,0.024565,0.0,0.0,0.036173,0.0,0.068066,0.0,0.0,0.068319,0.067628,0.0,0.049804,0.0,0.06756,0.0,0.0,0.06875,0.067927,0.0,0.0,0.0,0.016617,0.016184,0.01669,0.016794,0.0,0.069092,0.066491,0.0,0.0,0.06783,0.049953,0.0,0.0,0.044529,0.0,0.0,0.0,0.0,0.005166
2021-09-02,0.04359,0.068405,0.0,0.024717,0.0,0.0,0.035367,0.0,0.067784,0.0,0.0,0.067639,0.067639,0.0,0.050902,0.0,0.068067,0.0,0.0,0.068509,0.068434,0.0,0.0,0.0,0.016546,0.016192,0.01662,0.016895,0.0,0.069231,0.065842,0.0,0.0,0.067681,0.050389,0.0,0.0,0.044403,0.0,0.0,0.0,0.0,0.005149
2021-09-03,0.043648,0.068262,0.0,0.024641,0.0,0.0,0.03532,0.0,0.068435,0.0,0.0,0.067737,0.067312,0.0,0.050684,0.0,0.06775,0.0,0.0,0.067837,0.068608,0.0,0.0,0.0,0.016635,0.016337,0.016799,0.017039,0.0,0.069344,0.065015,0.0,0.0,0.067744,0.051291,0.0,0.0,0.044405,0.0,0.0,0.0,0.0,0.005156
2021-09-06,0.043851,0.068235,0.0,0.024802,0.0,0.0,0.035306,0.0,0.068408,0.0,0.0,0.067711,0.067286,0.0,0.050664,0.0,0.067724,0.0,0.0,0.06781,0.068581,0.0,0.0,0.0,0.016629,0.01633,0.016793,0.017033,0.0,0.069317,0.06499,0.0,0.0,0.067717,0.051271,0.0,0.0,0.044387,0.0,0.0,0.0,0.0,0.005154
2021-09-07,0.043709,0.068236,0.0,0.024765,0.0,0.0,0.03566,0.0,0.068338,0.0,0.0,0.068131,0.067138,0.0,0.050557,0.0,0.066809,0.0,0.0,0.067336,0.068444,0.0,0.0,0.0,0.016697,0.016333,0.016677,0.016913,0.0,0.0688,0.06729,0.0,0.0,0.067551,0.050992,0.0,0.0,0.044448,0.0,0.0,0.0,0.0,0.005174
2021-09-08,0.043897,0.068199,0.0,0.024741,0.0,0.0,0.033959,0.0,0.067719,0.0,0.0,0.068458,0.067647,0.0,0.050406,0.0,0.067568,0.0,0.0,0.066614,0.069096,0.0,0.0,0.0,0.016799,0.016285,0.016737,0.016983,0.0,0.069835,0.067115,0.0,0.0,0.067793,0.049848,0.0,0.0,0.045074,0.0,0.0,0.0,0.0,0.005226
2021-09-09,0.044021,0.068004,0.0,0.024891,0.0,0.0,0.035074,0.0,0.068366,0.0,0.0,0.068133,0.067856,0.0,0.050521,0.0,0.067252,0.0,0.0,0.066484,0.068311,0.0,0.0,0.0,0.016739,0.016345,0.016712,0.01695,0.0,0.068428,0.067814,0.0,0.0,0.067229,0.050325,0.0,0.0,0.04532,0.0,0.0,0.0,0.0,0.005227
2021-09-10,0.043967,0.068022,0.0,0.024844,0.0,0.0,0.034664,0.0,0.069123,0.0,0.0,0.067905,0.067567,0.0,0.050659,0.0,0.067161,0.0,0.0,0.066525,0.0679,0.0,0.0,0.0,0.016626,0.016527,0.016662,0.016776,0.0,0.06764,0.068261,0.0,0.0,0.067153,0.051438,0.0,0.0,0.045337,0.0,0.0,0.0,0.0,0.005244
2021-09-13,0.043658,0.068212,0.0,0.024793,0.0,0.0,0.035309,0.0,0.069233,0.0,0.0,0.06787,0.068136,0.0,0.051956,0.0,0.067138,0.0,0.0,0.06625,0.06728,0.0,0.0,0.0,0.016582,0.016635,0.016402,0.016736,0.0,0.067894,0.066922,0.0,0.0,0.066772,0.051794,0.0,0.0,0.045201,0.0,0.0,0.0,0.0,0.005227
2021-09-14,0.043855,0.068302,0.0,0.024792,0.0,0.0,0.035096,0.0,0.069208,0.0,0.0,0.067548,0.067485,0.0,0.051406,0.0,0.06659,0.0,0.0,0.065498,0.067533,0.0,0.0,0.0,0.016626,0.016701,0.016503,0.016805,0.0,0.06804,0.068902,0.0,0.0,0.067142,0.051319,0.0,0.0,0.045403,0.0,0.0,0.0,0.0,0.005248
2021-09-15,0.043389,0.067799,0.0,0.024594,0.0,0.0,0.034644,0.0,0.068709,0.0,0.0,0.067369,0.067621,0.0,0.052926,0.0,0.066816,0.0,0.0,0.065391,0.067462,0.0,0.0,0.0,0.016645,0.016671,0.01654,0.01676,0.0,0.067743,0.069316,0.0,0.0,0.06732,0.051991,0.0,0.0,0.045086,0.0,0.0,0.0,0.0,0.005208
2021-09-16,0.043643,0.06819,0.0,0.024849,0.0,0.0,0.034288,0.0,0.068605,0.0,0.0,0.067722,0.067843,0.0,0.052651,0.0,0.06677,0.0,0.0,0.066496,0.067707,0.0,0.0,0.0,0.016758,0.016807,0.016745,0.01692,0.0,0.068221,0.067406,0.0,0.0,0.067702,0.050145,0.0,0.0,0.045292,0.0,0.0,0.0,0.0,0.00524
2021-09-17,0.043836,0.067702,0.0,0.025006,0.0,0.0,0.033643,0.0,0.068776,0.0,0.0,0.067569,0.068138,0.0,0.052723,0.0,0.066646,0.0,0.0,0.06722,0.068376,0.0,0.0,0.0,0.016644,0.016686,0.016781,0.016901,0.0,0.068212,0.067561,0.0,0.0,0.067757,0.048973,0.0,0.0,0.045564,0.0,0.0,0.0,0.0,0.005287
2021-09-20,0.043971,0.067836,0.0,0.025066,0.0,0.0,0.033368,0.0,0.068074,0.0,0.0,0.06766,0.068014,0.0,0.052232,0.0,0.067324,0.0,0.0,0.067007,0.069144,0.0,0.0,0.0,0.016698,0.016629,0.016846,0.016972,0.0,0.069279,0.065652,0.0,0.0,0.06857,0.047652,0.0,0.0,0.046605,0.0,0.0,0.0,0.0,0.005402
2021-09-21,0.044147,0.068358,0.0,0.025222,0.0,0.0,0.033937,0.0,0.068262,0.0,0.0,0.067197,0.067739,0.0,0.052213,0.0,0.06679,0.0,0.0,0.066624,0.069063,0.0,0.0,0.0,0.01666,0.016633,0.016833,0.01692,0.0,0.069126,0.066547,0.0,0.0,0.068312,0.047581,0.0,0.0,0.046447,0.0,0.0,0.0,0.0,0.005388
2021-09-22,0.043933,0.06824,0.0,0.025204,0.0,0.0,0.034058,0.0,0.068244,0.0,0.0,0.066414,0.068103,0.0,0.053222,0.0,0.066569,0.0,0.0,0.066485,0.068407,0.0,0.0,0.0,0.0167,0.016789,0.0168,0.016965,0.0,0.06902,0.067247,0.0,0.0,0.068174,0.048216,0.0,0.0,0.045883,0.0,0.0,0.0,0.0,0.005328
2021-09-23,0.043831,0.068337,0.0,0.025162,0.0,0.0,0.034116,0.0,0.068413,0.0,0.0,0.066298,0.068944,0.0,0.054433,0.0,0.066787,0.0,0.0,0.065762,0.068083,0.0,0.0,0.0,0.016723,0.016811,0.016869,0.016923,0.0,0.068066,0.067358,0.0,0.0,0.068198,0.048448,0.0,0.0,0.045176,0.0,0.0,0.0,0.0,0.005264
2021-09-24,0.043721,0.0677,0.0,0.025174,0.0,0.0,0.033718,0.0,0.06833,0.0,0.0,0.067009,0.069481,0.0,0.05498,0.0,0.067095,0.0,0.0,0.065805,0.067976,0.0,0.0,0.0,0.016777,0.016834,0.016966,0.016972,0.0,0.067508,0.067075,0.0,0.0,0.06837,0.048056,0.0,0.0,0.045176,0.0,0.0,0.0,0.0,0.005277
2021-09-27,0.043667,0.067462,0.0,0.025325,0.0,0.0,0.033558,0.0,0.068414,0.0,0.0,0.066864,0.070283,0.0,0.056819,0.0,0.067024,0.0,0.0,0.066231,0.066871,0.0,0.0,0.0,0.01658,0.016759,0.016646,0.016772,0.0,0.066464,0.066914,0.0,0.0,0.068739,0.048235,0.0,0.0,0.045105,0.0,0.0,0.0,0.0,0.005266
2021-09-28,0.043552,0.06706,0.0,0.025329,0.0,0.0,0.032922,0.0,0.068114,0.0,0.0,0.066407,0.070364,0.0,0.058038,0.0,0.067438,0.0,0.0,0.065496,0.066906,0.0,0.0,0.0,0.016378,0.016392,0.016331,0.0165,0.0,0.067201,0.065903,0.0,0.0,0.070196,0.048297,0.0,0.0,0.045816,0.0,0.0,0.0,0.0,0.005361
2021-09-29,0.043677,0.066908,0.0,0.025339,0.0,0.0,0.033167,0.0,0.067175,0.0,0.0,0.066429,0.070505,0.0,0.058108,0.0,0.067594,0.0,0.0,0.06603,0.067516,0.0,0.0,0.0,0.016377,0.016153,0.016313,0.016479,0.0,0.067787,0.065465,0.0,0.0,0.070281,0.047435,0.0,0.0,0.045896,0.0,0.0,0.0,0.0,0.005367
2021-09-30,0.078488,0.067793,0.0,0.0,0.0,0.0,0.03685,0.051048,0.027728,0.0,0.032416,0.078438,0.077582,0.0,0.0,0.0,0.0,0.0,0.041415,0.049108,0.078731,0.0,0.0,0.063508,0.015826,0.01521,0.015819,0.015862,0.014573,0.078449,0.078793,0.0,0.0,0.07763,0.0,0.0,0.0,0.0,0.0,0.0,0.0,0.0,0.004733
2021-10-01,0.077545,0.067714,0.0,0.0,0.0,0.0,0.03766,0.05115,0.027461,0.0,0.032419,0.079172,0.078282,0.0,0.0,0.0,0.0,0.0,0.041764,0.048916,0.078169,0.0,0.0,0.06304,0.015946,0.015107,0.015934,0.015968,0.014288,0.078972,0.07761,0.0,0.0,0.078186,0.0,0.0,0.0,0.0,0.0,0.0,0.0,0.0,0.004698
2021-10-04,0.077682,0.068133,0.0,0.0,0.0,0.0,0.036903,0.05148,0.02707,0.0,0.032529,0.078345,0.078489,0.0,0.0,0.0,0.0,0.0,0.042056,0.049317,0.077856,0.0,0.0,0.064637,0.015754,0.014886,0.015632,0.01582,0.013911,0.079888,0.075947,0.0,0.0,0.078914,0.0,0.0,0.0,0.0,0.0,0.0,0.0,0.0,0.004751
2021-10-05,0.078298,0.067909,0.0,0.0,0.0,0.0,0.036386,0.051668,0.02705,0.0,0.032395,0.078869,0.079375,0.0,0.0,0.0,0.0,0.0,0.042085,0.048998,0.077686,0.0,0.0,0.063953,0.015849,0.014989,0.015769,0.01588,0.013988,0.078695,0.077657,0.0,0.0,0.077788,0.0,0.0,0.0,0.0,0.0,0.0,0.0,0.0,0.004713
2021-10-06,0.077281,0.067504,0.0,0.0,0.0,0.0,0.036578,0.051195,0.026985,0.0,0.032515,0.079048,0.079501,0.0,0.0,0.0,0.0,0.0,0.04203,0.04932,0.077586,0.0,0.0,0.064979,0.015961,0.015055,0.015875,0.016025,0.013984,0.07949,0.076665,0.0,0.0,0.077709,0.0,0.0,0.0,0.0,0.0,0.0,0.0,0.0,0.004715
2021-10-07,0.078453,0.067355,0.0,0.0,0.0,0.0,0.036045,0.051003,0.027224,0.0,0.032704,0.078627,0.079207,0.0,0.0,0.0,0.0,0.0,0.042168,0.049571,0.07786,0.0,0.0,0.064011,0.015952,0.015085,0.01592,0.016121,0.014015,0.07894,0.077503,0.0,0.0,0.077564,0.0,0.0,0.0,0.0,0.0,0.0,0.0,0.0,0.00467
2021-10-08,0.078447,0.067663,0.0,0.0,0.0,0.0,0.036904,0.051164,0.027124,0.0,0.032683,0.078551,0.07991,0.0,0.0,0.0,0.0,0.0,0.042102,0.049342,0.077777,0.0,0.0,0.063793,0.015956,0.01499,0.015867,0.016063,0.013987,0.078505,0.076411,0.0,0.0,0.078073,0.0,0.0,0.0,0.0,0.0,0.0,0.0,0.0,0.004688
2021-10-11,0.079001,0.067555,0.0,0.0,0.0,0.0,0.036664,0.051239,0.027192,0.0,0.032691,0.077702,0.079453,0.0,0.0,0.0,0.0,0.0,0.042289,0.049511,0.077504,0.0,0.0,0.063198,0.015936,0.014954,0.015897,0.01609,0.013957,0.079043,0.077248,0.0,0.0,0.078168,0.0,0.0,0.0,0.0,0.0,0.0,0.0,0.0,0.004708
2021-10-12,0.078257,0.067842,0.0,0.0,0.0,0.0,0.036584,0.051473,0.026827,0.0,0.03296,0.077005,0.07923,0.0,0.0,0.0,0.0,0.0,0.042359,0.049725,0.077152,0.0,0.0,0.063642,0.015859,0.014772,0.016084,0.016302,0.014056,0.080103,0.076869,0.0,0.0,0.078191,0.0,0.0,0.0,0.0,0.0,0.0,0.0,0.0,0.004709
2021-10-13,0.077633,0.068318,0.0,0.0,0.0,0.0,0.03689,0.051738,0.026606,0.0,0.032866,0.076767,0.078169,0.0,0.0,0.0,0.0,0.0,0.042347,0.049634,0.076678,0.0,0.0,0.063887,0.015832,0.014742,0.016286,0.016514,0.014128,0.080062,0.079845,0.0,0.0,0.076384,0.0,0.0,0.0,0.0,0.0,0.0,0.0,0.0,0.004673
2021-10-14,0.077969,0.068155,0.0,0.0,0.0,0.0,0.036288,0.0515,0.026571,0.0,0.032769,0.076816,0.078419,0.0,0.0,0.0,0.0,0.0,0.0428,0.050312,0.076744,0.0,0.0,0.063813,0.015974,0.014997,0.016323,0.016599,0.01436,0.07996,0.079374,0.0,0.0,0.075646,0.0,0.0,0.0,0.0,0.0,0.0,0.0,0.0,0.004611
2021-10-15,0.078198,0.068268,0.0,0.0,0.0,0.0,0.036954,0.051291,0.026806,0.0,0.033077,0.076188,0.079124,0.0,0.0,0.0,0.0,0.0,0.042677,0.049709,0.076674,0.0,0.0,0.063258,0.016008,0.015009,0.016269,0.016512,0.014496,0.079434,0.079945,0.0,0.0,0.075519,0.0,0.0,0.0,0.0,0.0,0.0,0.0,0.0,0.004584
2021-10-18,0.078035,0.067761,0.0,0.0,0.0,0.0,0.036404,0.051173,0.026633,0.0,0.033384,0.076553,0.078914,0.0,0.0,0.0,0.0,0.0,0.042523,0.05039,0.075932,0.0,0.0,0.062469,0.016097,0.015087,0.016403,0.016662,0.01437,0.079404,0.082053,0.0,0.0,0.075183,0.0,0.0,0.0,0.0,0.0,0.0,0.0,0.0,0.004571
2021-10-19,0.078351,0.067886,0.0,0.0,0.0,0.0,0.034668,0.05078,0.026981,0.0,0.033165,0.077002,0.079395,0.0,0.0,0.0,0.0,0.0,0.042586,0.050123,0.076642,0.0,0.0,0.063021,0.016196,0.015214,0.016487,0.016612,0.014423,0.079145,0.082062,0.0,0.0,0.074707,0.0,0.0,0.0,0.0,0.0,0.0,0.0,0.0,0.004553
2021-10-20,0.078194,0.067747,0.0,0.0,0.0,0.0,0.034686,0.050309,0.026739,0.0,0.032938,0.07668,0.079541,0.0,0.0,0.0,0.0,0.0,0.042665,0.050667,0.077261,0.0,0.0,0.063623,0.016052,0.01509,0.016356,0.016557,0.014266,0.079898,0.081724,0.0,0.0,0.074482,0.0,0.0,0.0,0.0,0.0,0.0,0.0,0.0,0.004525
2021-10-21,0.078216,0.067919,0.0,0.0,0.0,0.0,0.033107,0.050102,0.026721,0.0,0.033512,0.077112,0.079419,0.0,0.0,0.0,0.0,0.0,0.04267,0.05079,0.077784,0.0,0.0,0.063795,0.016157,0.015283,0.016569,0.016717,0.014186,0.080225,0.081235,0.0,0.0,0.073943,0.0,0.0,0.0,0.0,0.0,0.0,0.0,0.0,0.004537
2021-10-22,0.078384,0.068283,0.0,0.0,0.0,0.0,0.033103,0.049686,0.026628,0.0,0.03341,0.075519,0.080572,0.0,0.0,0.0,0.0,0.0,0.042612,0.050753,0.078139,0.0,0.0,0.064153,0.01611,0.01512,0.016475,0.016698,0.01419,0.080645,0.081038,0.0,0.0,0.073943,0.0,0.0,0.0,0.0,0.0,0.0,0.0,0.0,0.00454
2021-10-25,0.078098,0.067514,0.0,0.0,0.0,0.0,0.034073,0.049286,0.026637,0.0,0.033977,0.075267,0.079857,0.0,0.0,0.0,0.0,0.0,0.04271,0.050739,0.077636,0.0,0.0,0.063388,0.016039,0.015107,0.01643,0.016676,0.014241,0.080285,0.08354,0.0,0.0,0.073996,0.0,0.0,0.0,0.0,0.0,0.0,0.0,0.0,0.004505
2021-10-26,0.078476,0.067748,0.0,0.0,0.0,0.0,0.033287,0.049779,0.026875,0.0,0.033971,0.074572,0.07989,0.0,0.0,0.0,0.0,0.0,0.042816,0.050461,0.077994,0.0,0.0,0.063708,0.01608,0.015113,0.016384,0.016512,0.014119,0.080479,0.082835,0.0,0.0,0.074398,0.0,0.0,0.0,0.0,0.0,0.0,0.0,0.0,0.004503
2021-10-27,0.078621,0.067928,0.0,0.0,0.0,0.0,0.033581,0.049851,0.027024,0.0,0.034246,0.074803,0.079033,0.0,0.0,0.0,0.0,0.0,0.042451,0.050544,0.077829,0.0,0.0,0.063654,0.01616,0.015093,0.016336,0.016463,0.013965,0.080265,0.082944,0.0,0.0,0.074679,0.0,0.0,0.0,0.0,0.0,0.0,0.0,0.0,0.004529
2021-10-28,0.078386,0.068146,0.0,0.0,0.0,0.0,0.032786,0.048945,0.027069,0.0,0.034431,0.074463,0.079381,0.0,0.0,0.0,0.0,0.0,0.042538,0.050849,0.077871,0.0,0.0,0.063574,0.016195,0.015313,0.016403,0.016462,0.01419,0.080754,0.083304,0.0,0.0,0.074445,0.0,0.0,0.0,0.0,0.0,0.0,0.0,0.0,0.004494
2021-10-29,0.038322,0.0,0.076512,0.038438,0.0,0.0,0.0,0.076619,0.0,0.0,0.0,0.0,0.076696,0.0,0.019905,0.05642,0.0,0.0,0.0,0.0,0.076249,0.0,0.0,0.0,0.020497,0.0,0.0207,0.020651,0.01454,0.076906,0.076334,0.0,0.0,0.076827,0.0,0.0,0.037852,0.037722,0.038206,0.038366,0.07674,0.0,0.005497
2021-11-01,0.038283,0.0,0.077198,0.038731,0.0,0.0,0.0,0.077094,0.0,0.0,0.0,0.0,0.076273,0.0,0.020126,0.057779,0.0,0.0,0.0,0.0,0.075701,0.0,0.0,0.0,0.020344,0.0,0.020531,0.020497,0.01476,0.076823,0.076082,0.0,0.0,0.077276,0.0,0.0,0.037622,0.037347,0.037936,0.038067,0.076069,0.0,0.005463
2021-11-02,0.038325,0.0,0.07701,0.038699,0.0,0.0,0.0,0.077042,0.0,0.0,0.0,0.0,0.076364,0.0,0.019912,0.057094,0.0,0.0,0.0,0.0,0.076079,0.0,0.0,0.0,0.020496,0.0,0.020548,0.020554,0.014806,0.077088,0.076298,0.0,0.0,0.076901,0.0,0.0,0.037666,0.037448,0.037979,0.038164,0.076069,0.0,0.005456
2021-11-03,0.038278,0.0,0.077363,0.038929,0.0,0.0,0.0,0.077194,0.0,0.0,0.0,0.0,0.076536,0.0,0.019718,0.056479,0.0,0.0,0.0,0.0,0.076414,0.0,0.0,0.0,0.020586,0.0,0.020468,0.020596,0.014911,0.077234,0.076458,0.0,0.0,0.076709,0.0,0.0,0.037493,0.037341,0.037998,0.038011,0.07584,0.0,0.005448
2021-11-04,0.038474,0.0,0.077753,0.039064,0.0,0.0,0.0,0.077015,0.0,0.0,0.0,0.0,0.075375,0.0,0.019703,0.056024,0.0,0.0,0.0,0.0,0.075728,0.0,0.0,0.0,0.020864,0.0,0.020633,0.020817,0.015181,0.076339,0.077783,0.0,0.0,0.076311,0.0,0.0,0.037616,0.037509,0.038018,0.03813,0.076227,0.0,0.005436
2021-11-05,0.038625,0.0,0.077668,0.03931,0.0,0.0,0.0,0.07739,0.0,0.0,0.0,0.0,0.075234,0.0,0.019913,0.05743,0.0,0.0,0.0,0.0,0.074705,0.0,0.0,0.0,0.020922,0.0,0.020425,0.020707,0.015137,0.076547,0.076533,0.0,0.0,0.075737,0.0,0.0,0.037733,0.03755,0.038072,0.038319,0.07662,0.0,0.005422
2021-11-08,0.038402,0.0,0.077072,0.03915,0.0,0.0,0.0,0.078038,0.0,0.0,0.0,0.0,0.075228,0.0,0.019983,0.058028,0.0,0.0,0.0,0.0,0.074733,0.0,0.0,0.0,0.020918,0.0,0.020582,0.020926,0.015083,0.07606,0.078497,0.0,0.0,0.075121,0.0,0.0,0.037361,0.037466,0.037813,0.038018,0.076127,0.0,0.005393
2021-11-09,0.038339,0.0,0.076755,0.038961,0.0,0.0,0.0,0.077513,0.0,0.0,0.0,0.0,0.074979,0.0,0.020108,0.058039,0.0,0.0,0.0,0.0,0.07462,0.0,0.0,0.0,0.020877,0.0,0.020704,0.021066,0.014964,0.076357,0.077548,0.0,0.0,0.075832,0.0,0.0,0.037614,0.037766,0.037925,0.038202,0.076429,0.0,0.005404
2021-11-10,0.038707,0.0,0.076359,0.039492,0.0,0.0,0.0,0.077962,0.0,0.0,0.0,0.0,0.075643,0.0,0.019784,0.055908,0.0,0.0,0.0,0.0,0.075628,0.0,0.0,0.0,0.020751,0.0,0.020327,0.020932,0.014502,0.076811,0.076399,0.0,0.0,0.077152,0.0,0.0,0.037689,0.038051,0.038113,0.038214,0.076113,0.0,0.005461
2021-11-11,0.038345,0.0,0.076437,0.039339,0.0,0.0,0.0,0.077854,0.0,0.0,0.0,0.0,0.07549,0.0,0.019765,0.056492,0.0,0.0,0.0,0.0,0.075047,0.0,0.0,0.0,0.020749,0.0,0.020327,0.020923,0.014463,0.07657,0.078754,0.0,0.0,0.077218,0.0,0.0,0.037388,0.037864,0.037866,0.037923,0.07575,0.0,0.005435
2021-11-12,0.038362,0.0,0.077194,0.039238,0.0,0.0,0.0,0.078446,0.0,0.0,0.0,0.0,0.075318,0.0,0.019629,0.056112,0.0,0.0,0.0,0.0,0.07508,0.0,0.0,0.0,0.020906,0.0,0.020574,0.021126,0.014619,0.076169,0.07835,0.0,0.0,0.077458,0.0,0.0,0.037298,0.037687,0.037708,0.037712,0.075602,0.0,0.005411
2021-11-15,0.038552,0.0,0.077311,0.039482,0.0,0.0,0.0,0.0784,0.0,0.0,0.0,0.0,0.075497,0.0,0.019839,0.056627,0.0,0.0,0.0,0.0,0.074791,0.0,0.0,0.0,0.020935,0.0,0.020512,0.020848,0.014497,0.076886,0.076454,0.0,0.0,0.078074,0.0,0.0,0.037239,0.037782,0.037754,0.037515,0.075581,0.0,0.005424
2021-11-16,0.038649,0.0,0.077247,0.039686,0.0,0.0,0.0,0.077918,0.0,0.0,0.0,0.0,0.07551,0.0,0.019893,0.056384,0.0,0.0,0.0,0.0,0.075193,0.0,0.0,0.0,0.02118,0.0,0.02077,0.021122,0.014575,0.076467,0.075944,0.0,0.0,0.078205,0.0,0.0,0.03725,0.037771,0.037816,0.037496,0.075496,0.0,0.00543
2021-11-17,0.038593,0.0,0.077099,0.039547,0.0,0.0,0.0,0.077891,0.0,0.0,0.0,0.0,0.074811,0.0,0.019633,0.054504,0.0,0.0,0.0,0.0,0.075469,0.0,0.0,0.0,0.021163,0.0,0.02064,0.021022,0.01457,0.076876,0.076674,0.0,0.0,0.079327,0.0,0.0,0.037468,0.037932,0.037861,0.037731,0.075749,0.0,0.005442
2021-11-18,0.03865,0.0,0.077386,0.039428,0.0,0.0,0.0,0.077435,0.0,0.0,0.0,0.0,0.074519,0.0,0.019538,0.054681,0.0,0.0,0.0,0.0,0.075584,0.0,0.0,0.0,0.021399,0.0,0.020473,0.020913,0.014689,0.076978,0.076522,0.0,0.0,0.079062,0.0,0.0,0.037534,0.037998,0.037874,0.03786,0.076029,0.0,0.005448
2021-11-19,0.038826,0.0,0.077877,0.039539,0.0,0.0,0.0,0.077426,0.0,0.0,0.0,0.0,0.074025,0.0,0.018857,0.052176,0.0,0.0,0.0,0.0,0.075451,0.0,0.0,0.0,0.021648,0.0,0.020629,0.02082,0.014726,0.076854,0.077672,0.0,0.0,0.079602,0.0,0.0,0.037798,0.038092,0.038007,0.038167,0.076337,0.0,0.005471
2021-11-22,0.038915,0.0,0.077637,0.039752,0.0,0.0,0.0,0.076116,0.0,0.0,0.0,0.0,0.075225,0.0,0.019231,0.053111,0.0,0.0,0.0,0.0,0.075267,0.0,0.0,0.0,0.021451,0.0,0.020088,0.020269,0.014429,0.076634,0.079243,0.0,0.0,0.080126,0.0,0.0,0.0376,0.037864,0.037941,0.037913,0.075706,0.0,0.005483
2021-11-23,0.038384,0.0,0.07758,0.039017,0.0,0.0,0.0,0.076941,0.0,0.0,0.0,0.0,0.07626,0.0,0.019785,0.055145,0.0,0.0,0.0,0.0,0.075205,0.0,0.0,0.0,0.021361,0.0,0.019738,0.019971,0.014225,0.077108,0.077737,0.0,0.0,0.08057,0.0,0.0,0.037374,0.037647,0.037817,0.037572,0.075089,0.0,0.005473
2021-11-24,0.038399,0.0,0.076542,0.039247,0.0,0.0,0.0,0.075882,0.0,0.0,0.0,0.0,0.075998,0.0,0.019955,0.055803,0.0,0.0,0.0,0.0,0.075087,0.0,0.0,0.0,0.021491,0.0,0.019805,0.02021,0.014285,0.077949,0.077851,0.0,0.0,0.080276,0.0,0.0,0.037445,0.037719,0.037763,0.037708,0.075118,0.0,0.005466
2021-11-25,0.038553,0.0,0.076519,0.039376,0.0,0.0,0.0,0.075859,0.0,0.0,0.0,0.0,0.075975,0.0,0.019948,0.055786,0.0,0.0,0.0,0.0,0.075064,0.0,0.0,0.0,0.021485,0.0,0.019799,0.020204,0.014281,0.077926,0.077827,0.0,0.0,0.080251,0.0,0.0,0.037433,0.037707,0.037752,0.037696,0.075095,0.0,0.005464
2021-11-26,0.038384,0.0,0.076083,0.038408,0.0,0.0,0.0,0.075167,0.0,0.0,0.0,0.0,0.075023,0.0,0.019554,0.053237,0.0,0.0,0.0,0.0,0.076382,0.0,0.0,0.0,0.021395,0.0,0.020028,0.020324,0.014237,0.077375,0.077665,0.0,0.0,0.080791,0.0,0.0,0.038726,0.038703,0.038279,0.038814,0.075844,0.0,0.005581
2021-11-29,0.038457,0.0,0.075847,0.038533,0.0,0.0,0.0,0.075054,0.0,0.0,0.0,0.0,0.074809,0.0,0.01955,0.05358,0.0,0.0,0.0,0.0,0.076136,0.0,0.0,0.0,0.0218,0.0,0.020306,0.02047,0.014367,0.077486,0.078933,0.0,0.0,0.079387,0.0,0.0,0.038409,0.038384,0.038288,0.03861,0.076045,0.0,0.005548
2021-11-30,0.067424,0.04366,0.0,0.033129,0.0,0.0,0.0,0.100895,0.0,0.0,0.101,0.0,0.072472,0.028315,0.050476,0.050409,0.0,0.0,0.0,0.0,0.100472,0.0,0.0,0.0,0.024691,0.018734,0.024567,0.024454,0.0,0.100967,0.101151,0.0,0.0,0.043057,0.0,0.0,0.0,0.0,0.0,0.0,0.0,0.0,0.014127
2021-12-01,0.069184,0.043855,0.0,0.033909,0.0,0.0,0.0,0.102088,0.0,0.0,0.100203,0.0,0.072411,0.028256,0.050456,0.048912,0.0,0.0,0.0,0.0,0.101331,0.0,0.0,0.0,0.024605,0.018776,0.023764,0.02383,0.0,0.100329,0.100384,0.0,0.0,0.043434,0.0,0.0,0.0,0.0,0.0,0.0,0.0,0.0,0.014274
2021-12-02,0.066918,0.043734,0.0,0.032802,0.0,0.0,0.0,0.1027,0.0,0.0,0.100196,0.0,0.073519,0.028814,0.05119,0.049784,0.0,0.0,0.0,0.0,0.100387,0.0,0.0,0.0,0.024481,0.018538,0.023831,0.02409,0.0,0.101882,0.099509,0.0,0.0,0.043553,0.0,0.0,0.0,0.0,0.0,0.0,0.0,0.0,0.014072
2021-12-03,0.067506,0.043949,0.0,0.033141,0.0,0.0,0.0,0.102214,0.0,0.0,0.099484,0.0,0.073231,0.028452,0.051424,0.049664,0.0,0.0,0.0,0.0,0.101838,0.0,0.0,0.0,0.024374,0.018724,0.023317,0.023765,0.0,0.10282,0.097568,0.0,0.0,0.04428,0.0,0.0,0.0,0.0,0.0,0.0,0.0,0.0,0.014249
2021-12-06,0.067625,0.044113,0.0,0.033248,0.0,0.0,0.0,0.100165,0.0,0.0,0.099836,0.0,0.073769,0.028944,0.051782,0.050789,0.0,0.0,0.0,0.0,0.101618,0.0,0.0,0.0,0.024414,0.018554,0.023165,0.023448,0.0,0.103809,0.096515,0.0,0.0,0.044069,0.0,0.0,0.0,0.0,0.0,0.0,0.0,0.0,0.014137
2021-12-07,0.067887,0.04416,0.0,0.033658,0.0,0.0,0.0,0.100053,0.0,0.0,0.100243,0.0,0.073675,0.028508,0.051998,0.051837,0.0,0.0,0.0,0.0,0.100992,0.0,0.0,0.0,0.024791,0.019124,0.023596,0.023804,0.0,0.103323,0.095287,0.0,0.0,0.043196,0.0,0.0,0.0,0.0,0.0,0.0,0.0,0.0,0.01387
2021-12-08,0.067507,0.044067,0.0,0.033193,0.0,0.0,0.0,0.100458,0.0,0.0,0.099944,0.0,0.072879,0.0283,0.051704,0.051648,0.0,0.0,0.0,0.0,0.101194,0.0,0.0,0.0,0.024768,0.018895,0.023693,0.023802,0.0,0.103496,0.097675,0.0,0.0,0.042981,0.0,0.0,0.0,0.0,0.0,0.0,0.0,0.0,0.013795
2021-12-09,0.068143,0.044119,0.0,0.03341,0.0,0.0,0.0,0.101268,0.0,0.0,0.09925,0.0,0.073499,0.028355,0.051848,0.051259,0.0,0.0,0.0,0.0,0.102501,0.0,0.0,0.0,0.02476,0.018656,0.0234,0.023598,0.0,0.103077,0.095723,0.0,0.0,0.043194,0.0,0.0,0.0,0.0,0.0,0.0,0.0,0.0,0.01394
2021-12-10,0.067587,0.044003,0.0,0.032859,0.0,0.0,0.0,0.101158,0.0,0.0,0.099443,0.0,0.073206,0.028275,0.051971,0.051618,0.0,0.0,0.0,0.0,0.102346,0.0,0.0,0.0,0.02513,0.018738,0.023608,0.023623,0.0,0.102878,0.096622,0.0,0.0,0.043065,0.0,0.0,0.0,0.0,0.0,0.0,0.0,0.0,0.013869
2021-12-13,0.068179,0.044066,0.0,0.032971,0.0,0.0,0.0,0.100452,0.0,0.0,0.098055,0.0,0.073296,0.027941,0.051139,0.049893,0.0,0.0,0.0,0.0,0.104563,0.0,0.0,0.0,0.025057,0.018459,0.023839,0.024031,0.0,0.105102,0.09522,0.0,0.0,0.043698,0.0,0.0,0.0,0.0,0.0,0.0,0.0,0.0,0.014037
2021-12-14,0.067928,0.044101,0.0,0.03316,0.0,0.0,0.0,0.101171,0.0,0.0,0.098184,0.0,0.07426,0.028358,0.051292,0.049359,0.0,0.0,0.0,0.0,0.104885,0.0,0.0,0.0,0.024821,0.018502,0.023219,0.023646,0.0,0.1045,0.094464,0.0,0.0,0.04401,0.0,0.0,0.0,0.0,0.0,0.0,0.0,0.0,0.014137
2021-12-15,0.067338,0.044331,0.0,0.032537,0.0,0.0,0.0,0.100093,0.0,0.0,0.098634,0.0,0.073875,0.028283,0.050634,0.049159,0.0,0.0,0.0,0.0,0.106176,0.0,0.0,0.0,0.025275,0.019028,0.023613,0.02415,0.0,0.10512,0.09427,0.0,0.0,0.043459,0.0,0.0,0.0,0.0,0.0,0.0,0.0,0.0,0.014024
2021-12-16,0.068805,0.044495,0.0,0.033206,0.0,0.0,0.0,0.100209,0.0,0.0,0.096699,0.0,0.074992,0.028448,0.051083,0.048814,0.0,0.0,0.0,0.0,0.107075,0.0,0.0,0.0,0.024621,0.018243,0.022929,0.023915,0.0,0.105347,0.093359,0.0,0.0,0.043701,0.0,0.0,0.0,0.0,0.0,0.0,0.0,0.0,0.014059
2021-12-17,0.068685,0.044251,0.0,0.033336,0.0,0.0,0.0,0.099731,0.0,0.0,0.096929,0.0,0.074017,0.028044,0.050507,0.048678,0.0,0.0,0.0,0.0,0.107312,0.0,0.0,0.0,0.024682,0.018369,0.023243,0.024392,0.0,0.106189,0.093699,0.0,0.0,0.043749,0.0,0.0,0.0,0.0,0.0,0.0,0.0,0.0,0.014189
2021-12-20,0.068383,0.045039,0.0,0.032913,0.0,0.0,0.0,0.100594,0.0,0.0,0.096961,0.0,0.073795,0.027982,0.050716,0.048339,0.0,0.0,0.0,0.0,0.108448,0.0,0.0,0.0,0.024797,0.01853,0.023257,0.024545,0.0,0.107126,0.09019,0.0,0.0,0.043959,0.0,0.0,0.0,0.0,0.0,0.0,0.0,0.0,0.014427
2021-12-21,0.068118,0.044788,0.0,0.033268,0.0,0.0,0.0,0.099877,0.0,0.0,0.097667,0.0,0.073956,0.028326,0.051214,0.0497,0.0,0.0,0.0,0.0,0.106924,0.0,0.0,0.0,0.024963,0.01885,0.023465,0.024734,0.0,0.106368,0.089742,0.0,0.0,0.043874,0.0,0.0,0.0,0.0,0.0,0.0,0.0,0.0,0.014164
2021-12-22,0.068417,0.044831,0.0,0.033193,0.0,0.0,0.0,0.100184,0.0,0.0,0.098328,0.0,0.073465,0.028239,0.050962,0.049424,0.0,0.0,0.0,0.0,0.106953,0.0,0.0,0.0,0.025005,0.018832,0.023335,0.024507,0.0,0.106248,0.090187,0.0,0.0,0.043887,0.0,0.0,0.0,0.0,0.0,0.0,0.0,0.0,0.014004
2021-12-23,0.068628,0.044874,0.0,0.033472,0.0,0.0,0.0,0.100354,0.0,0.0,0.099108,0.0,0.073413,0.028314,0.050691,0.04895,0.0,0.0,0.0,0.0,0.106763,0.0,0.0,0.0,0.024997,0.018902,0.023353,0.024551,0.0,0.105514,0.090496,0.0,0.0,0.043696,0.0,0.0,0.0,0.0,0.0,0.0,0.0,0.0,0.013923
2021-12-24,0.068714,0.04487,0.0,0.033469,0.0,0.0,0.0,0.100345,0.0,0.0,0.099099,0.0,0.073406,0.028312,0.050687,0.048945,0.0,0.0,0.0,0.0,0.106753,0.0,0.0,0.0,0.024995,0.018901,0.023351,0.024548,0.0,0.105504,0.090487,0.0,0.0,0.043692,0.0,0.0,0.0,0.0,0.0,0.0,0.0,0.0,0.013922
2021-12-27,0.06803,0.044909,0.0,0.033172,0.0,0.0,0.0,0.099919,0.0,0.0,0.099069,0.0,0.073425,0.028388,0.051279,0.050418,0.0,0.0,0.0,0.0,0.106806,0.0,0.0,0.0,0.025277,0.019225,0.023414,0.024633,0.0,0.106227,0.088727,0.0,0.0,0.043301,0.0,0.0,0.0,0.0,0.0,0.0,0.0,0.0,0.013783
2021-12-28,0.068017,0.04492,0.0,0.03343,0.0,0.0,0.0,0.100185,0.0,0.0,0.099092,0.0,0.073447,0.028392,0.051232,0.049971,0.0,0.0,0.0,0.0,0.106504,0.0,0.0,0.0,0.02514,0.019009,0.023165,0.024618,0.0,0.106597,0.0896,0.0,0.0,0.042901,0.0,0.0,0.0,0.0,0.0,0.0,0.0,0.0,0.01378
2021-12-29,0.068454,0.044877,0.0,0.033187,0.0,0.0,0.0,0.100566,0.0,0.0,0.099036,0.0,0.073166,0.028351,0.050773,0.049641,0.0,0.0,0.0,0.0,0.106837,0.0,0.0,0.0,0.025097,0.01899,0.023073,0.024555,0.0,0.10704,0.089413,0.0,0.0,0.043203,0.0,0.0,0.0,0.0,0.0,0.0,0.0,0.0,0.013744
2021-12-30,0.068708,0.044746,0.0,0.033262,0.0,0.0,0.0,0.100736,0.0,0.0,0.098782,0.0,0.073111,0.028245,0.050515,0.048759,0.0,0.0,0.0,0.0,0.107167,0.0,0.0,0.0,0.024957,0.018794,0.023152,0.024599,0.0,0.107615,0.090151,0.0,0.0,0.042944,0.0,0.0,0.0,0.0,0.0,0.0,0.0,0.0,0.013757
2021-12-31,0.07811,0.0,0.0,0.0,0.0,0.0,0.0,0.039086,0.039047,0.0,0.078203,0.0,0.042171,0.035773,0.078208,0.0,0.0,0.0,0.0,0.078334,0.077768,0.0,0.0,0.0,0.026018,0.025817,0.0,0.025838,0.0,0.059342,0.078323,0.0,0.0,0.078262,0.0,0.025663,0.025777,0.025415,0.039001,0.038977,0.0,0.0,0.004866
2022-01-03,0.077841,0.0,0.0,0.0,0.0,0.0,0.0,0.03958,0.039239,0.0,0.080171,0.0,0.042542,0.036355,0.080353,0.0,0.0,0.0,0.0,0.075965,0.076702,0.0,0.0,0.0,0.026174,0.026239,0.0,0.025398,0.0,0.058673,0.07943,0.0,0.0,0.077676,0.0,0.024903,0.025449,0.025182,0.038849,0.03843,0.0,0.0,0.004848
2022-01-04,0.077893,0.0,0.0,0.0,0.0,0.0,0.0,0.039587,0.039436,0.0,0.079372,0.0,0.043492,0.037189,0.08281,0.0,0.0,0.0,0.0,0.076541,0.075395,0.0,0.0,0.0,0.025796,0.026057,0.0,0.024691,0.0,0.058374,0.078716,0.0,0.0,0.077885,0.0,0.024703,0.025336,0.024989,0.038599,0.038312,0.0,0.0,0.004829
2022-01-05,0.079066,0.0,0.0,0.0,0.0,0.0,0.0,0.040123,0.03956,0.0,0.078411,0.0,0.043645,0.037474,0.084061,0.0,0.0,0.0,0.0,0.075854,0.076002,0.0,0.0,0.0,0.025385,0.025556,0.0,0.024324,0.0,0.05757,0.076152,0.0,0.0,0.078636,0.0,0.024944,0.025615,0.025164,0.038887,0.038669,0.0,0.0,0.004903
2022-01-06,0.077675,0.0,0.0,0.0,0.0,0.0,0.0,0.040166,0.039557,0.0,0.078189,0.0,0.044277,0.038741,0.085917,0.0,0.0,0.0,0.0,0.075028,0.075107,0.0,0.0,0.0,0.025251,0.025749,0.0,0.024422,0.0,0.057609,0.07578,0.0,0.0,0.078539,0.0,0.025003,0.025546,0.02505,0.038882,0.03861,0.0,0.0,0.004903
2022-01-07,0.077768,0.0,0.0,0.0,0.0,0.0,0.0,0.040688,0.039256,0.0,0.077259,0.0,0.045017,0.039353,0.087517,0.0,0.0,0.0,0.0,0.071977,0.075085,0.0,0.0,0.0,0.02514,0.025124,0.0,0.024421,0.0,0.057504,0.07609,0.0,0.0,0.079601,0.0,0.024944,0.025586,0.025141,0.038971,0.038631,0.0,0.0,0.004926
2022-01-10,0.076868,0.0,0.0,0.0,0.0,0.0,0.0,0.040966,0.039446,0.0,0.076984,0.0,0.044979,0.039455,0.087471,0.0,0.0,0.0,0.0,0.072431,0.076052,0.0,0.0,0.0,0.02521,0.025197,0.0,0.024688,0.0,0.05732,0.075081,0.0,0.0,0.079163,0.0,0.025069,0.025645,0.025238,0.039103,0.038694,0.0,0.0,0.004938
2022-01-11,0.077032,0.0,0.0,0.0,0.0,0.0,0.0,0.041142,0.039397,0.0,0.076714,0.0,0.044783,0.039171,0.089268,0.0,0.0,0.0,0.0,0.072973,0.075658,0.0,0.0,0.0,0.02518,0.025337,0.0,0.024764,0.0,0.056661,0.075999,0.0,0.0,0.078608,0.0,0.024908,0.025372,0.025083,0.038774,0.038305,0.0,0.0,0.004874
2022-01-12,0.077446,0.0,0.0,0.0,0.0,0.0,0.0,0.041224,0.039415,0.0,0.076832,0.0,0.04459,0.039078,0.088989,0.0,0.0,0.0,0.0,0.072673,0.075064,0.0,0.0,0.0,0.025171,0.025395,0.0,0.024459,0.0,0.056443,0.078659,0.0,0.0,0.078253,0.0,0.024688,0.025249,0.024796,0.038641,0.038087,0.0,0.0,0.00485
2022-01-13,0.078015,0.0,0.0,0.0,0.0,0.0,0.0,0.041332,0.039835,0.0,0.075798,0.0,0.044719,0.039508,0.089139,0.0,0.0,0.0,0.0,0.073905,0.074398,0.0,0.0,0.0,0.024685,0.02497,0.0,0.023819,0.0,0.056712,0.077163,0.0,0.0,0.078345,0.0,0.025076,0.025501,0.02497,0.038764,0.038466,0.0,0.0,0.004882
2022-01-14,0.076718,0.0,0.0,0.0,0.0,0.0,0.0,0.041131,0.039695,0.0,0.075515,0.0,0.044294,0.039788,0.091317,0.0,0.0,0.0,0.0,0.072778,0.07434,0.0,0.0,0.0,0.024917,0.025592,0.0,0.023949,0.0,0.056251,0.07758,0.0,0.0,0.079374,0.0,0.02472,0.025349,0.02488,0.038764,0.038162,0.0,0.0,0.004886
2022-01-17,0.077172,0.0,0.0,0.0,0.0,0.0,0.0,0.041111,0.039676,0.0,0.075478,0.0,0.044272,0.039769,0.091272,0.0,0.0,0.0,0.0,0.072742,0.074303,0.0,0.0,0.0,0.024905,0.025579,0.0,0.023938,0.0,0.056223,0.077542,0.0,0.0,0.079335,0.0,0.024708,0.025336,0.024868,0.038745,0.038143,0.0,0.0,0.004884
2022-01-18,0.076906,0.0,0.0,0.0,0.0,0.0,0.0,0.041172,0.03978,0.0,0.075066,0.0,0.04388,0.039521,0.092899,0.0,0.0,0.0,0.0,0.07078,0.074268,0.0,0.0,0.0,0.024641,0.024772,0.0,0.023838,0.0,0.056397,0.077965,0.0,0.0,0.080505,0.0,0.024695,0.025491,0.02509,0.039086,0.038299,0.0,0.0,0.004951
2022-01-19,0.077397,0.0,0.0,0.0,0.0,0.0,0.0,0.041234,0.040081,0.0,0.07437,0.0,0.043529,0.038763,0.093049,0.0,0.0,0.0,0.0,0.069589,0.074626,0.0,0.0,0.0,0.024514,0.024258,0.0,0.024026,0.0,0.056134,0.076595,0.0,0.0,0.082609,0.0,0.025088,0.025781,0.025262,0.039398,0.038702,0.0,0.0,0.004995
2022-01-20,0.078537,0.0,0.0,0.0,0.0,0.0,0.0,0.041187,0.040062,0.0,0.073588,0.0,0.043591,0.038165,0.092919,0.0,0.0,0.0,0.0,0.068492,0.07472,0.0,0.0,0.0,0.024387,0.023681,0.0,0.024154,0.0,0.055849,0.076956,0.0,0.0,0.083093,0.0,0.025441,0.026038,0.02549,0.039633,0.038984,0.0,0.0,0.005034
2022-01-21,0.07776,0.0,0.0,0.0,0.0,0.0,0.0,0.041073,0.039738,0.0,0.072365,0.0,0.043256,0.037894,0.092273,0.0,0.0,0.0,0.0,0.068596,0.074934,0.0,0.0,0.0,0.024215,0.023592,0.0,0.023874,0.0,0.056441,0.07666,0.0,0.0,0.083723,0.0,0.02608,0.026532,0.025985,0.040156,0.039753,0.0,0.0,0.0051
2022-01-24,0.074348,0.0,0.0,0.0,0.0,0.0,0.0,0.039859,0.039918,0.0,0.073205,0.0,0.043363,0.038277,0.092855,0.0,0.0,0.0,0.0,0.071172,0.074654,0.0,0.0,0.0,0.024331,0.023852,0.0,0.024265,0.0,0.056525,0.076618,0.0,0.0,0.083564,0.0,0.025855,0.026498,0.026034,0.040097,0.039613,0.0,0.0,0.005098
2022-01-25,0.075135,0.0,0.0,0.0,0.0,0.0,0.0,0.040363,0.039628,0.0,0.072132,0.0,0.043644,0.038448,0.096682,0.0,0.0,0.0,0.0,0.069967,0.074345,0.0,0.0,0.0,0.023823,0.023015,0.0,0.023421,0.0,0.05643,0.075655,0.0,0.0,0.08409,0.0,0.025873,0.026523,0.026048,0.040072,0.039594,0.0,0.0,0.00511
2022-01-26,0.077041,0.0,0.0,0.0,0.0,0.0,0.0,0.040049,0.039506,0.0,0.072088,0.0,0.043944,0.038356,0.09693,0.0,0.0,0.0,0.0,0.068032,0.074272,0.0,0.0,0.0,0.024064,0.023468,0.0,0.023237,0.0,0.055785,0.076065,0.0,0.0,0.084323,0.0,0.025669,0.026447,0.025993,0.040106,0.039492,0.0,0.0,0.005132
2022-01-27,0.077278,0.0,0.0,0.0,0.0,0.0,0.0,0.040212,0.039038,0.0,0.071042,0.0,0.04398,0.037921,0.098963,0.0,0.0,0.0,0.0,0.067694,0.075206,0.0,0.0,0.0,0.024137,0.022647,0.0,0.02326,0.0,0.055409,0.073948,0.0,0.0,0.084193,0.0,0.026401,0.026823,0.026359,0.040329,0.039977,0.0,0.0,0.005182
2022-01-28,0.075785,0.0,0.0,0.0,0.0,0.0,0.0,0.040286,0.038802,0.0,0.071864,0.0,0.044109,0.037749,0.097555,0.0,0.0,0.0,0.0,0.06862,0.075973,0.0,0.0,0.0,0.02494,0.02285,0.0,0.023564,0.0,0.056629,0.073187,0.0,0.0,0.084352,0.0,0.026146,0.026616,0.026187,0.040039,0.03962,0.0,0.0,0.00513
2022-01-31,0.04978,0.0,0.0,0.0,0.0,0.0,0.0,0.033909,0.034086,0.0,0.053477,0.0,0.040714,0.027215,0.041148,0.0,0.0,0.048673,0.06808,0.058757,0.067443,0.0,0.068185,0.068132,0.025137,0.024749,0.0,0.017047,0.0,0.068261,0.063712,0.0,0.0,0.068195,0.0,0.0,0.0,0.067578,0.0,0.0,0.0,0.0,0.005722
2022-02-01,0.050037,0.0,0.0,0.0,0.0,0.0,0.0,0.033678,0.033969,0.0,0.05341,0.0,0.040977,0.02743,0.042305,0.0,0.0,0.050109,0.068626,0.058513,0.067132,0.0,0.067627,0.066739,0.02502,0.024774,0.0,0.016923,0.0,0.067524,0.064236,0.0,0.0,0.068639,0.0,0.0,0.0,0.066651,0.0,0.0,0.0,0.0,0.005681
2022-02-02,0.050118,0.0,0.0,0.0,0.0,0.0,0.0,0.033681,0.033903,0.0,0.052786,0.0,0.04102,0.027204,0.042197,0.0,0.0,0.050033,0.068447,0.058948,0.067644,0.0,0.068045,0.067336,0.025078,0.025253,0.0,0.01677,0.0,0.067991,0.063481,0.0,0.0,0.068077,0.0,0.0,0.0,0.066341,0.0,0.0,0.0,0.0,0.005647
2022-02-03,0.050425,0.0,0.0,0.0,0.0,0.0,0.0,0.033645,0.033916,0.0,0.051824,0.0,0.041084,0.027378,0.04233,0.0,0.0,0.049578,0.068111,0.058353,0.068214,0.0,0.068931,0.06789,0.024661,0.024462,0.0,0.016649,0.0,0.068127,0.062891,0.0,0.0,0.069047,0.0,0.0,0.0,0.066765,0.0,0.0,0.0,0.0,0.005719
2022-02-04,0.050088,0.0,0.0,0.0,0.0,0.0,0.0,0.033591,0.033915,0.0,0.053387,0.0,0.041852,0.027914,0.043063,0.0,0.0,0.049221,0.067095,0.056384,0.068081,0.0,0.068201,0.067462,0.024802,0.024644,0.0,0.01698,0.0,0.067565,0.063901,0.0,0.0,0.069636,0.0,0.0,0.0,0.06649,0.0,0.0,0.0,0.0,0.005728
2022-02-07,0.050327,0.0,0.0,0.0,0.0,0.0,0.0,0.033239,0.034043,0.0,0.053247,0.0,0.041954,0.028062,0.043589,0.0,0.0,0.049263,0.066726,0.05661,0.067924,0.0,0.068289,0.067325,0.024623,0.024616,0.0,0.016953,0.0,0.067431,0.063727,0.0,0.0,0.069901,0.0,0.0,0.0,0.066426,0.0,0.0,0.0,0.0,0.005727
2022-02-08,0.05015,0.0,0.0,0.0,0.0,0.0,0.0,0.033174,0.034201,0.0,0.053699,0.0,0.042304,0.028621,0.042417,0.0,0.0,0.049728,0.067386,0.057326,0.068103,0.0,0.068172,0.067004,0.024791,0.0251,0.0,0.017047,0.0,0.066747,0.062339,0.0,0.0,0.070021,0.0,0.0,0.0,0.065975,0.0,0.0,0.0,0.0,0.005693
2022-02-09,0.050299,0.0,0.0,0.0,0.0,0.0,0.0,0.033173,0.034186,0.0,0.053706,0.0,0.042023,0.028061,0.042218,0.0,0.0,0.049992,0.067963,0.057778,0.067742,0.0,0.067307,0.066427,0.025012,0.025588,0.0,0.017261,0.0,0.067372,0.062748,0.0,0.0,0.070276,0.0,0.0,0.0,0.065247,0.0,0.0,0.0,0.0,0.00562
2022-02-10,0.050943,0.0,0.0,0.0,0.0,0.0,0.0,0.033215,0.034543,0.0,0.053574,0.0,0.042281,0.028429,0.042586,0.0,0.0,0.049815,0.068584,0.056398,0.067685,0.0,0.067586,0.065719,0.024725,0.025163,0.0,0.017404,0.0,0.066771,0.062345,0.0,0.0,0.070828,0.0,0.0,0.0,0.0657,0.0,0.0,0.0,0.0,0.005704
2022-02-11,0.0508,0.0,0.0,0.0,0.0,0.0,0.0,0.032922,0.034563,0.0,0.052614,0.0,0.042153,0.028566,0.044313,0.0,0.0,0.04903,0.068276,0.056314,0.067491,0.0,0.068095,0.066492,0.024237,0.024149,0.0,0.017083,0.0,0.0669,0.061349,0.0,0.0,0.071856,0.0,0.0,0.0,0.067027,0.0,0.0,0.0,0.0,0.005768
2022-02-14,0.050264,0.0,0.0,0.0,0.0,0.0,0.0,0.032565,0.034444,0.0,0.05327,0.0,0.041961,0.028508,0.043559,0.0,0.0,0.049524,0.06817,0.056515,0.067251,0.0,0.068362,0.066369,0.024392,0.024334,0.0,0.017198,0.0,0.066737,0.061406,0.0,0.0,0.072065,0.0,0.0,0.0,0.067298,0.0,0.0,0.0,0.0,0.005807
2022-02-15,0.050202,0.0,0.0,0.0,0.0,0.0,0.0,0.033243,0.03456,0.0,0.053714,0.0,0.041948,0.028814,0.042511,0.0,0.0,0.050111,0.068469,0.056722,0.067074,0.0,0.06754,0.065153,0.024689,0.025324,0.0,0.017433,0.0,0.066412,0.063448,0.0,0.0,0.070805,0.0,0.0,0.0,0.0661,0.0,0.0,0.0,0.0,0.005727
2022-02-16,0.049882,0.0,0.0,0.0,0.0,0.0,0.0,0.03316,0.034733,0.0,0.053721,0.0,0.041865,0.02881,0.042738,0.0,0.0,0.050166,0.068781,0.056908,0.066993,0.0,0.067481,0.065122,0.024597,0.025264,0.0,0.017165,0.0,0.066539,0.063502,0.0,0.0,0.070814,0.0,0.0,0.0,0.066048,0.0,0.0,0.0,0.0,0.00571
2022-02-17,0.050319,0.0,0.0,0.0,0.0,0.0,0.0,0.033347,0.034683,0.0,0.052967,0.0,0.041358,0.028271,0.043228,0.0,0.0,0.049929,0.068491,0.056129,0.066779,0.0,0.068891,0.066014,0.024174,0.024633,0.0,0.016896,0.0,0.066695,0.062366,0.0,0.0,0.07198,0.0,0.0,0.0,0.067065,0.0,0.0,0.0,0.0,0.005785
2022-02-18,0.049788,0.0,0.0,0.0,0.0,0.0,0.0,0.033481,0.034918,0.0,0.052852,0.0,0.041514,0.028385,0.043135,0.0,0.0,0.04985,0.068652,0.056465,0.066547,0.0,0.069296,0.06616,0.024025,0.024456,0.0,0.016706,0.0,0.066559,0.061674,0.0,0.0,0.072167,0.0,0.0,0.0,0.067558,0.0,0.0,0.0,0.0,0.005809
2022-02-21,0.049261,0.0,0.0,0.0,0.0,0.0,0.0,0.0335,0.034938,0.0,0.052881,0.0,0.041537,0.028401,0.043159,0.0,0.0,0.049878,0.06869,0.056497,0.066583,0.0,0.069334,0.066197,0.024038,0.02447,0.0,0.016716,0.0,0.066596,0.061709,0.0,0.0,0.072207,0.0,0.0,0.0,0.067595,0.0,0.0,0.0,0.0,0.005812
2022-02-22,0.049798,0.0,0.0,0.0,0.0,0.0,0.0,0.033585,0.034815,0.0,0.051759,0.0,0.041664,0.028415,0.042809,0.0,0.0,0.049445,0.068269,0.054836,0.06696,0.0,0.069359,0.066668,0.024011,0.02452,0.0,0.016768,0.0,0.066898,0.061196,0.0,0.0,0.074009,0.0,0.0,0.0,0.068357,0.0,0.0,0.0,0.0,0.005859
2022-02-23,0.049909,0.0,0.0,0.0,0.0,0.0,0.0,0.033607,0.035028,0.0,0.05061,0.0,0.041413,0.028274,0.043752,0.0,0.0,0.049037,0.068177,0.053654,0.067396,0.0,0.069597,0.0663,0.023682,0.024213,0.0,0.016619,0.0,0.066556,0.062143,0.0,0.0,0.074903,0.0,0.0,0.0,0.069201,0.0,0.0,0.0,0.0,0.005928
2022-02-24,0.048451,0.0,0.0,0.0,0.0,0.0,0.0,0.032603,0.034337,0.0,0.05162,0.0,0.0408,0.027729,0.043286,0.0,0.0,0.049548,0.067783,0.055333,0.067476,0.0,0.068203,0.066641,0.024421,0.025028,0.0,0.017726,0.0,0.067482,0.062034,0.0,0.0,0.074307,0.0,0.0,0.0,0.069287,0.0,0.0,0.0,0.0,0.005906
2022-02-25,0.049305,0.0,0.0,0.0,0.0,0.0,0.0,0.03294,0.034006,0.0,0.051474,0.0,0.04118,0.028273,0.043443,0.0,0.0,0.049492,0.0687,0.056032,0.068,0.0,0.068841,0.067181,0.024204,0.024881,0.0,0.017574,0.0,0.067577,0.062813,0.0,0.0,0.070612,0.0,0.0,0.0,0.067691,0.0,0.0,0.0,0.0,0.005779
2022-02-28,0.0,0.0,0.0,0.0,0.0,0.0,0.0,0.037204,0.037011,0.0,0.040323,0.0,0.041011,0.033194,0.037396,0.036986,0.0,0.0,0.0,0.0,0.074207,0.0,0.074415,0.074359,0.050346,0.0,0.0,0.023963,0.0,0.06525,0.0,0.074029,0.0,0.074441,0.0,0.0,0.036711,0.037085,0.037067,0.037001,0.074449,0.0,0.003552
2022-03-01,0.0,0.0,0.0,0.0,0.0,0.0,0.0,0.036375,0.036981,0.0,0.039866,0.0,0.039653,0.031652,0.037919,0.037876,0.0,0.0,0.0,0.0,0.074083,0.0,0.074266,0.074,0.049531,0.0,0.0,0.02418,0.0,0.065159,0.0,0.075667,0.0,0.076551,0.0,0.0,0.037213,0.037496,0.037108,0.037272,0.073586,0.0,0.003566
2022-03-02,0.0,0.0,0.0,0.0,0.0,0.0,0.0,0.036628,0.037114,0.0,0.040343,0.0,0.040319,0.032684,0.038443,0.038249,0.0,0.0,0.0,0.0,0.074535,0.0,0.074389,0.074237,0.050156,0.0,0.0,0.024247,0.0,0.065791,0.0,0.074216,0.0,0.075838,0.0,0.0,0.036329,0.036923,0.036867,0.03638,0.072777,0.0,0.003534
2022-03-03,0.0,0.0,0.0,0.0,0.0,0.0,0.0,0.035912,0.036625,0.0,0.039386,0.0,0.040147,0.032426,0.038506,0.037817,0.0,0.0,0.0,0.0,0.074833,0.0,0.07491,0.075461,0.049503,0.0,0.0,0.023807,0.0,0.066256,0.0,0.074575,0.0,0.077451,0.0,0.0,0.036445,0.036838,0.036716,0.036473,0.072383,0.0,0.00353
2022-03-04,0.0,0.0,0.0,0.0,0.0,0.0,0.0,0.035088,0.035964,0.0,0.038775,0.0,0.03941,0.031249,0.039631,0.039322,0.0,0.0,0.0,0.0,0.075235,0.0,0.074947,0.077154,0.048653,0.0,0.0,0.023616,0.0,0.066584,0.0,0.075791,0.0,0.077232,0.0,0.0,0.03682,0.037133,0.036491,0.036522,0.070851,0.0,0.003531
2022-03-07,0.0,0.0,0.0,0.0,0.0,0.0,0.0,0.034344,0.034548,0.0,0.037278,0.0,0.038387,0.03026,0.040657,0.039982,0.0,0.0,0.0,0.0,0.074734,0.0,0.07439,0.079012,0.047387,0.0,0.0,0.023313,0.0,0.065983,0.0,0.077761,0.0,0.079472,0.0,0.0,0.037066,0.037743,0.036569,0.036474,0.071068,0.0,0.003571
2022-03-08,0.0,0.0,0.0,0.0,0.0,0.0,0.0,0.035032,0.034812,0.0,0.037415,0.0,0.038222,0.030473,0.04136,0.040433,0.0,0.0,0.0,0.0,0.073322,0.0,0.072496,0.077912,0.047231,0.0,0.0,0.02297,0.0,0.065766,0.0,0.080013,0.0,0.079489,0.0,0.0,0.036883,0.037984,0.036497,0.036313,0.071801,0.0,0.003575
2022-03-09,0.0,0.0,0.0,0.0,0.0,0.0,0.0,0.036257,0.035482,0.0,0.038383,0.0,0.039385,0.031343,0.039853,0.03983,0.0,0.0,0.0,0.0,0.074253,0.0,0.072543,0.076891,0.048801,0.0,0.0,0.02349,0.0,0.066373,0.0,0.077164,0.0,0.077796,0.0,0.0,0.036433,0.037379,0.036577,0.036155,0.072058,0.0,0.003555
2022-03-10,0.0,0.0,0.0,0.0,0.0,0.0,0.0,0.036154,0.035562,0.0,0.038656,0.0,0.039055,0.031232,0.041072,0.040624,0.0,0.0,0.0,0.0,0.074224,0.0,0.071856,0.077405,0.047947,0.0,0.0,0.023504,0.0,0.066538,0.0,0.077404,0.0,0.077476,0.0,0.0,0.036265,0.037297,0.03627,0.035741,0.072163,0.0,0.003554
2022-03-11,0.0,0.0,0.0,0.0,0.0,0.0,0.0,0.036079,0.035253,0.0,0.038193,0.0,0.039065,0.031427,0.041044,0.040283,0.0,0.0,0.0,0.0,0.074215,0.0,0.071547,0.077713,0.047452,0.0,0.0,0.023163,0.0,0.066498,0.0,0.077429,0.0,0.0783,0.0,0.0,0.036523,0.037838,0.036274,0.035991,0.072135,0.0,0.003579
2022-03-14,0.0,0.0,0.0,0.0,0.0,0.0,0.0,0.036931,0.035328,0.0,0.037823,0.0,0.03984,0.0318,0.040099,0.038852,0.0,0.0,0.0,0.0,0.075271,0.0,0.072439,0.078177,0.046904,0.0,0.0,0.022644,0.0,0.066448,0.0,0.076805,0.0,0.078713,0.0,0.0,0.036318,0.037687,0.036099,0.035722,0.072495,0.0,0.003606
2022-03-15,0.0,0.0,0.0,0.0,0.0,0.0,0.0,0.037171,0.035075,0.0,0.038862,0.0,0.040166,0.031709,0.038405,0.037955,0.0,0.0,0.0,0.0,0.076324,0.0,0.073631,0.078715,0.048197,0.0,0.0,0.023081,0.0,0.066503,0.0,0.074928,0.0,0.077966,0.0,0.0,0.036089,0.037186,0.036157,0.035792,0.072505,0.0,0.003583
2022-03-16,0.0,0.0,0.0,0.0,0.0,0.0,0.0,0.037688,0.035533,0.0,0.039791,0.0,0.040887,0.032362,0.037852,0.037665,0.0,0.0,0.0,0.0,0.076478,0.0,0.072984,0.077796,0.049272,0.0,0.0,0.023316,0.0,0.066629,0.0,0.074653,0.0,0.075953,0.0,0.0,0.035684,0.036606,0.036303,0.035742,0.073258,0.0,0.003548
2022-03-17,0.0,0.0,0.0,0.0,0.0,0.0,0.0,0.037322,0.035863,0.0,0.03999,0.0,0.040923,0.031655,0.038705,0.039183,0.0,0.0,0.0,0.0,0.076796,0.0,0.072647,0.077228,0.049052,0.0,0.0,0.023553,0.0,0.066883,0.0,0.074157,0.0,0.075959,0.0,0.0,0.035206,0.03668,0.036132,0.035678,0.072878,0.0,0.003508
2022-03-18,0.0,0.0,0.0,0.0,0.0,0.0,0.0,0.037526,0.035699,0.0,0.040761,0.0,0.040946,0.03156,0.038602,0.039056,0.0,0.0,0.0,0.0,0.077137,0.0,0.072688,0.076436,0.04997,0.0,0.0,0.024026,0.0,0.066767,0.0,0.073378,0.0,0.075863,0.0,0.0,0.035249,0.036504,0.036188,0.035687,0.072455,0.0,0.003502
2022-03-21,0.0,0.0,0.0,0.0,0.0,0.0,0.0,0.036783,0.035435,0.0,0.040405,0.0,0.040892,0.031371,0.040143,0.040364,0.0,0.0,0.0,0.0,0.07705,0.0,0.072755,0.076919,0.049857,0.0,0.0,0.023786,0.0,0.066335,0.0,0.073912,0.0,0.077449,0.0,0.0,0.034777,0.036168,0.035759,0.035179,0.07116,0.0,0.0035
2022-03-22,0.0,0.0,0.0,0.0,0.0,0.0,0.0,0.037084,0.035417,0.0,0.041248,0.0,0.041395,0.031789,0.039694,0.039974,0.0,0.0,0.0,0.0,0.076769,0.0,0.073012,0.07673,0.050377,0.0,0.0,0.024562,0.0,0.066247,0.0,0.073093,0.0,0.077289,0.0,0.0,0.034453,0.035862,0.035804,0.034958,0.070758,0.0,0.003487
2022-03-23,0.0,0.0,0.0,0.0,0.0,0.0,0.0,0.036492,0.035188,0.0,0.040859,0.0,0.040751,0.030903,0.040499,0.04093,0.0,0.0,0.0,0.0,0.075619,0.0,0.072644,0.077071,0.049753,0.0,0.0,0.024697,0.0,0.065702,0.0,0.074315,0.0,0.077873,0.0,0.0,0.03479,0.036422,0.035798,0.035164,0.071032,0.0,0.003497
2022-03-24,0.0,0.0,0.0,0.0,0.0,0.0,0.0,0.036839,0.035278,0.0,0.040912,0.0,0.040812,0.030974,0.040336,0.041119,0.0,0.0,0.0,0.0,0.076027,0.0,0.072682,0.07736,0.050716,0.0,0.0,0.024781,0.0,0.065691,0.0,0.074371,0.0,0.076848,0.0,0.0,0.034372,0.035964,0.035641,0.034951,0.070853,0.0,0.003474
2022-03-25,0.0,0.0,0.0,0.0,0.0,0.0,0.0,0.036631,0.034841,0.0,0.040628,0.0,0.04112,0.031302,0.041007,0.04285,0.0,0.0,0.0,0.0,0.075983,0.0,0.072907,0.078073,0.050424,0.0,0.0,0.024499,0.0,0.066166,0.0,0.073682,0.0,0.077037,0.0,0.0,0.033843,0.035533,0.0352,0.034495,0.070324,0.0,0.003457
2022-03-28,0.0,0.0,0.0,0.0,0.0,0.0,0.0,0.036912,0.03459,0.0,0.041702,0.0,0.040996,0.031047,0.039982,0.041767,0.0,0.0,0.0,0.0,0.076517,0.0,0.07319,0.078559,0.051011,0.0,0.0,0.024744,0.0,0.066854,0.0,0.072323,0.0,0.075876,0.0,0.0,0.033911,0.035484,0.035412,0.034677,0.070989,0.0,0.003455
2022-03-29,0.0,0.0,0.0,0.0,0.0,0.0,0.0,0.037247,0.034707,0.0,0.042078,0.0,0.04075,0.031292,0.039548,0.041471,0.0,0.0,0.0,0.0,0.076333,0.0,0.073231,0.078633,0.051663,0.0,0.0,0.024761,0.0,0.068246,0.0,0.071758,0.0,0.074666,0.0,0.0,0.033799,0.035064,0.035553,0.03468,0.071093,0.0,0.003427
2022-03-30,0.0,0.0,0.0,0.0,0.0,0.0,0.0,0.036834,0.034722,0.0,0.041444,0.0,0.040467,0.030436,0.040013,0.041848,0.0,0.0,0.0,0.0,0.076492,0.0,0.073289,0.079293,0.050982,0.0,0.0,0.024497,0.0,0.067762,0.0,0.072344,0.0,0.075603,0.0,0.0,0.033936,0.035241,0.035451,0.034765,0.071153,0.0,0.003427
2022-03-31,0.0,0.0,0.0,0.0,0.0,0.0,0.0,0.0,0.084171,0.0,0.039121,0.0,0.02444,0.059761,0.04295,0.04073,0.0,0.055357,0.0,0.0,0.05965,0.0,0.084391,0.0,0.027411,0.018796,0.0,0.037194,0.0,0.0,0.0,0.064267,0.019723,0.084407,0.084287,0.0,0.042012,0.042029,0.061835,0.021667,0.0,0.0,0.005803
2022-04-01,0.0,0.0,0.0,0.0,0.0,0.0,0.0,0.0,0.084185,0.0,0.039151,0.0,0.024364,0.059196,0.043278,0.041899,0.0,0.053209,0.0,0.0,0.060091,0.0,0.085195,0.0,0.027317,0.018423,0.0,0.037176,0.0,0.0,0.0,0.063827,0.019593,0.083826,0.086449,0.0,0.041718,0.041777,0.0618,0.021729,0.0,0.0,0.005799
2022-04-04,0.0,0.0,0.0,0.0,0.0,0.0,0.0,0.0,0.085136,0.0,0.039873,0.0,0.02416,0.058667,0.043163,0.041852,0.0,0.052842,0.0,0.0,0.059356,0.0,0.084594,0.0,0.027726,0.018648,0.0,0.037594,0.0,0.0,0.0,0.063883,0.019421,0.084072,0.086386,0.0,0.041527,0.041583,0.062023,0.021719,0.0,0.0,0.005776
2022-04-05,0.0,0.0,0.0,0.0,0.0,0.0,0.0,0.0,0.085164,0.0,0.039444,0.0,0.024319,0.058681,0.043038,0.041421,0.0,0.052083,0.0,0.0,0.060254,0.0,0.085771,0.0,0.027495,0.018021,0.0,0.037221,0.0,0.0,0.0,0.064308,0.019439,0.085475,0.085005,0.0,0.041565,0.041818,0.062014,0.021615,0.0,0.0,0.005851
2022-04-06,0.0,0.0,0.0,0.0,0.0,0.0,0.0,0.0,0.084639,0.0,0.038709,0.0,0.024323,0.058087,0.043599,0.041671,0.0,0.050966,0.0,0.0,0.061605,0.0,0.087473,0.0,0.027034,0.017697,0.0,0.036417,0.0,0.0,0.0,0.064914,0.01976,0.08604,0.083932,0.0,0.041712,0.041927,0.061962,0.02164,0.0,0.0,0.005893
2022-04-07,0.0,0.0,0.0,0.0,0.0,0.0,0.0,0.0,0.08324,0.0,0.038799,0.0,0.02423,0.05721,0.044048,0.041936,0.0,0.050608,0.0,0.0,0.062617,0.0,0.08829,0.0,0.027001,0.017687,0.0,0.036714,0.0,0.0,0.0,0.06498,0.019819,0.085998,0.084525,0.0,0.041493,0.041756,0.061692,0.02148,0.0,0.0,0.005877
2022-04-08,0.0,0.0,0.0,0.0,0.0,0.0,0.0,0.0,0.08278,0.0,0.038337,0.0,0.024409,0.057101,0.045138,0.042774,0.0,0.049945,0.0,0.0,0.062821,0.0,0.088422,0.0,0.026552,0.017201,0.0,0.036183,0.0,0.0,0.0,0.065211,0.01987,0.087091,0.085008,0.0,0.041172,0.041719,0.061152,0.021254,0.0,0.0,0.00586
2022-04-11,0.0,0.0,0.0,0.0,0.0,0.0,0.0,0.0,0.081829,0.0,0.03793,0.0,0.024496,0.057724,0.044134,0.042237,0.0,0.05051,0.0,0.0,0.062069,0.0,0.088773,0.0,0.026092,0.016984,0.0,0.036767,0.0,0.0,0.0,0.066062,0.02032,0.0885,0.08394,0.0,0.041305,0.041983,0.061222,0.021217,0.0,0.0,0.005907
2022-04-12,0.0,0.0,0.0,0.0,0.0,0.0,0.0,0.0,0.081537,0.0,0.037929,0.0,0.024176,0.057005,0.044767,0.042728,0.0,0.050409,0.0,0.0,0.061329,0.0,0.088599,0.0,0.025918,0.016894,0.0,0.036735,0.0,0.0,0.0,0.066422,0.020555,0.089009,0.084055,0.0,0.041412,0.041886,0.061554,0.021184,0.0,0.0,0.005895
2022-04-13,0.0,0.0,0.0,0.0,0.0,0.0,0.0,0.0,0.082358,0.0,0.038373,0.0,0.023865,0.057063,0.044852,0.04329,0.0,0.050753,0.0,0.0,0.060839,0.0,0.087951,0.0,0.025997,0.017036,0.0,0.037415,0.0,0.0,0.0,0.065883,0.020533,0.08775,0.085836,0.0,0.04097,0.04127,0.061127,0.02102,0.0,0.0,0.005819
2022-04-14,0.0,0.0,0.0,0.0,0.0,0.0,0.0,0.0,0.081238,0.0,0.038097,0.0,0.023759,0.056914,0.045308,0.043693,0.0,0.051208,0.0,0.0,0.060963,0.0,0.088535,0.0,0.02554,0.016679,0.0,0.03686,0.0,0.0,0.0,0.066117,0.020579,0.087926,0.08624,0.0,0.040881,0.041551,0.061136,0.020918,0.0,0.0,0.005858
2022-04-18,0.0,0.0,0.0,0.0,0.0,0.0,0.0,0.0,0.079938,0.0,0.0382,0.0,0.023893,0.057114,0.045956,0.044506,0.0,0.050706,0.0,0.0,0.06027,0.0,0.087775,0.0,0.025615,0.016962,0.0,0.036154,0.0,0.0,0.0,0.0663,0.020772,0.088948,0.086996,0.0,0.040749,0.041523,0.061017,0.020752,0.0,0.0,0.005856
2022-04-19,0.0,0.0,0.0,0.0,0.0,0.0,0.0,0.0,0.079972,0.0,0.039162,0.0,0.024131,0.058635,0.045413,0.043653,0.0,0.051786,0.0,0.0,0.06062,0.0,0.08878,0.0,0.025999,0.017269,0.0,0.036718,0.0,0.0,0.0,0.065055,0.020149,0.087764,0.086319,0.0,0.04033,0.041164,0.060737,0.02051,0.0,0.0,0.005834
2022-04-20,0.0,0.0,0.0,0.0,0.0,0.0,0.0,0.0,0.080178,0.0,0.038518,0.0,0.024211,0.058882,0.045424,0.04409,0.0,0.051902,0.0,0.0,0.061213,0.0,0.089786,0.0,0.025881,0.017169,0.0,0.036424,0.0,0.0,0.0,0.065138,0.020111,0.087564,0.084523,0.0,0.040498,0.041319,0.060707,0.020649,0.0,0.0,0.005813
2022-04-21,0.0,0.0,0.0,0.0,0.0,0.0,0.0,0.0,0.080402,0.0,0.03873,0.0,0.024192,0.058738,0.044656,0.042819,0.0,0.052657,0.0,0.0,0.061464,0.0,0.091082,0.0,0.025832,0.016967,0.0,0.035699,0.0,0.0,0.0,0.065901,0.019989,0.088748,0.081257,0.0,0.040891,0.042117,0.061215,0.020742,0.0,0.0,0.005901
2022-04-22,0.0,0.0,0.0,0.0,0.0,0.0,0.0,0.0,0.081021,0.0,0.038623,0.0,0.023964,0.058464,0.044477,0.041905,0.0,0.052466,0.0,0.0,0.060464,0.0,0.091536,0.0,0.025635,0.016937,0.0,0.035633,0.0,0.0,0.0,0.066628,0.019978,0.089486,0.078882,0.0,0.041769,0.042831,0.062122,0.021153,0.0,0.0,0.006026
2022-04-25,0.0,0.0,0.0,0.0,0.0,0.0,0.0,0.0,0.081068,0.0,0.038973,0.0,0.024047,0.058664,0.043084,0.041171,0.0,0.053105,0.0,0.0,0.060981,0.0,0.092107,0.0,0.026067,0.017255,0.0,0.036667,0.0,0.0,0.0,0.065549,0.019584,0.088925,0.077541,0.0,0.042113,0.042877,0.06276,0.021427,0.0,0.0,0.006036
2022-04-26,0.0,0.0,0.0,0.0,0.0,0.0,0.0,0.0,0.080301,0.0,0.037637,0.0,0.023846,0.057897,0.043885,0.041415,0.0,0.052503,0.0,0.0,0.060937,0.0,0.092243,0.0,0.025528,0.016773,0.0,0.035903,0.0,0.0,0.0,0.066778,0.019756,0.0907,0.075679,0.0,0.043123,0.043708,0.063464,0.021784,0.0,0.0,0.00614
2022-04-27,0.0,0.0,0.0,0.0,0.0,0.0,0.0,0.0,0.080039,0.0,0.037518,0.0,0.023748,0.057695,0.044381,0.041883,0.0,0.052887,0.0,0.0,0.060605,0.0,0.092282,0.0,0.025821,0.016627,0.0,0.035261,0.0,0.0,0.0,0.066057,0.019546,0.090403,0.07844,0.0,0.042743,0.043493,0.062946,0.021504,0.0,0.0,0.00612
2022-04-28,0.0,0.0,0.0,0.0,0.0,0.0,0.0,0.0,0.080617,0.0,0.03774,0.0,0.023706,0.057689,0.045073,0.042602,0.0,0.05348,0.0,0.0,0.060561,0.0,0.092302,0.0,0.02647,0.017292,0.0,0.035412,0.0,0.0,0.0,0.065463,0.019203,0.08951,0.078011,0.0,0.04207,0.043114,0.062391,0.02126,0.0,0.0,0.006032
2022-04-29,0.043116,0.0,0.0,0.0,0.0,0.0,0.093624,0.0,0.073656,0.0,0.049709,0.0,0.01846,0.0,0.046727,0.046683,0.033748,0.05958,0.038115,0.0,0.093004,0.0,0.017724,0.093453,0.029879,0.020653,0.0,0.042291,0.0,0.038507,0.0,0.042403,0.0,0.020511,0.093426,0.0,0.0,0.0,0.0,0.0,0.0,0.0,0.004731
2022-05-02,0.043347,0.0,0.0,0.0,0.0,0.0,0.09085,0.0,0.073705,0.0,0.050705,0.0,0.018564,0.0,0.047726,0.047,0.033999,0.059673,0.038202,0.0,0.092919,0.0,0.017585,0.09299,0.030495,0.021456,0.0,0.043187,0.0,0.037777,0.0,0.041839,0.0,0.020546,0.092681,0.0,0.0,0.0,0.0,0.0,0.0,0.0,0.004756
2022-05-03,0.04264,0.0,0.0,0.0,0.0,0.0,0.091648,0.0,0.073801,0.0,0.050167,0.0,0.018652,0.0,0.048664,0.048807,0.033945,0.059471,0.038315,0.0,0.092453,0.0,0.017392,0.092585,0.030299,0.021458,0.0,0.042252,0.0,0.037935,0.0,0.041608,0.0,0.020267,0.092926,0.0,0.0,0.0,0.0,0.0,0.0,0.0,0.004716
2022-05-04,0.04121,0.0,0.0,0.0,0.0,0.0,0.09214,0.0,0.073598,0.0,0.050473,0.0,0.018789,0.0,0.049541,0.049634,0.034139,0.05929,0.038664,0.0,0.092369,0.0,0.017382,0.092514,0.030655,0.021787,0.0,0.041859,0.0,0.037504,0.0,0.041068,0.0,0.019991,0.092783,0.0,0.0,0.0,0.0,0.0,0.0,0.0,0.00461
2022-05-05,0.042477,0.0,0.0,0.0,0.0,0.0,0.090845,0.0,0.073075,0.0,0.049097,0.0,0.018798,0.0,0.050282,0.049816,0.034261,0.059502,0.038609,0.0,0.093335,0.0,0.017572,0.094359,0.03007,0.021363,0.0,0.04071,0.0,0.037617,0.0,0.042158,0.0,0.020637,0.090667,0.0,0.0,0.0,0.0,0.0,0.0,0.0,0.00475
2022-05-06,0.042305,0.0,0.0,0.0,0.0,0.0,0.090413,0.0,0.073378,0.0,0.048737,0.0,0.018764,0.0,0.052061,0.05074,0.034213,0.05921,0.038261,0.0,0.093544,0.0,0.017685,0.095624,0.029989,0.021288,0.0,0.039203,0.0,0.037371,0.0,0.042457,0.0,0.020495,0.089484,0.0,0.0,0.0,0.0,0.0,0.0,0.0,0.004775
2022-05-09,0.042704,0.0,0.0,0.0,0.0,0.0,0.090783,0.0,0.073855,0.0,0.048539,0.0,0.019054,0.0,0.049677,0.047337,0.03473,0.059734,0.038545,0.0,0.094792,0.0,0.01839,0.098731,0.02999,0.021017,0.0,0.038141,0.0,0.037164,0.0,0.043527,0.0,0.020823,0.0875,0.0,0.0,0.0,0.0,0.0,0.0,0.0,0.004967
2022-05-10,0.042438,0.0,0.0,0.0,0.0,0.0,0.091036,0.0,0.074812,0.0,0.04845,0.0,0.018906,0.0,0.050185,0.047622,0.034542,0.059771,0.038348,0.0,0.095237,0.0,0.018284,0.097643,0.030482,0.02152,0.0,0.038649,0.0,0.036528,0.0,0.043208,0.0,0.020993,0.086372,0.0,0.0,0.0,0.0,0.0,0.0,0.0,0.004973
2022-05-11,0.043203,0.0,0.0,0.0,0.0,0.0,0.092413,0.0,0.073818,0.0,0.046847,0.0,0.018786,0.0,0.051005,0.047987,0.034327,0.059107,0.038477,0.0,0.094879,0.0,0.018257,0.098629,0.029604,0.020944,0.0,0.037667,0.0,0.036555,0.0,0.043686,0.0,0.021436,0.087383,0.0,0.0,0.0,0.0,0.0,0.0,0.0,0.004988
2022-05-12,0.042341,0.0,0.0,0.0,0.0,0.0,0.093945,0.0,0.073472,0.0,0.047304,0.0,0.018698,0.0,0.051367,0.048019,0.034489,0.059376,0.038516,0.0,0.09607,0.0,0.018304,0.097912,0.029383,0.021131,0.0,0.038194,0.0,0.036946,0.0,0.043139,0.0,0.021595,0.084795,0.0,0.0,0.0,0.0,0.0,0.0,0.0,0.005003
2022-05-13,0.0424,0.0,0.0,0.0,0.0,0.0,0.094202,0.0,0.073418,0.0,0.048064,0.0,0.018544,0.0,0.051932,0.048934,0.034145,0.059133,0.038232,0.0,0.094913,0.0,0.018163,0.096856,0.029678,0.021712,0.0,0.039023,0.0,0.037071,0.0,0.04183,0.0,0.021313,0.085547,0.0,0.0,0.0,0.0,0.0,0.0,0.0,0.00489
2022-05-16,0.042095,0.0,0.0,0.0,0.0,0.0,0.095254,0.0,0.072598,0.0,0.046875,0.0,0.01833,0.0,0.05313,0.04989,0.033988,0.058478,0.03804,0.0,0.095307,0.0,0.018187,0.096842,0.029322,0.021313,0.0,0.037979,0.0,0.036719,0.0,0.042093,0.0,0.021876,0.086811,0.0,0.0,0.0,0.0,0.0,0.0,0.0,0.004874
2022-05-17,0.041955,0.0,0.0,0.0,0.0,0.0,0.095629,0.0,0.07258,0.0,0.047068,0.0,0.018434,0.0,0.052639,0.050286,0.034043,0.059065,0.038311,0.0,0.094627,0.0,0.017691,0.095828,0.02955,0.021888,0.0,0.037624,0.0,0.036453,0.0,0.040968,0.0,0.021539,0.089052,0.0,0.0,0.0,0.0,0.0,0.0,0.0,0.004773
2022-05-18,0.042488,0.0,0.0,0.0,0.0,0.0,0.09557,0.0,0.073644,0.0,0.045359,0.0,0.018483,0.0,0.052885,0.050143,0.033795,0.057408,0.038275,0.0,0.095052,0.0,0.017067,0.097853,0.029075,0.021431,0.0,0.037191,0.0,0.036495,0.0,0.042264,0.0,0.021667,0.088931,0.0,0.0,0.0,0.0,0.0,0.0,0.0,0.004922
2022-05-19,0.041836,0.0,0.0,0.0,0.0,0.0,0.097157,0.0,0.073875,0.0,0.045188,0.0,0.018279,0.0,0.052455,0.049898,0.033343,0.056107,0.038374,0.0,0.094835,0.0,0.016688,0.097212,0.028628,0.021206,0.0,0.037166,0.0,0.036171,0.0,0.042694,0.0,0.021561,0.092427,0.0,0.0,0.0,0.0,0.0,0.0,0.0,0.0049
2022-05-20,0.041395,0.0,0.0,0.0,0.0,0.0,0.099144,0.0,0.073892,0.0,0.044231,0.0,0.018176,0.0,0.052479,0.050002,0.032857,0.055969,0.038134,0.0,0.095621,0.0,0.01666,0.097111,0.028581,0.021114,0.0,0.037646,0.0,0.036262,0.0,0.04256,0.0,0.021334,0.091953,0.0,0.0,0.0,0.0,0.0,0.0,0.0,0.004881
2022-05-23,0.041628,0.0,0.0,0.0,0.0,0.0,0.1008,0.0,0.073269,0.0,0.043719,0.0,0.018412,0.0,0.052848,0.05107,0.032764,0.055885,0.038099,0.0,0.094638,0.0,0.016682,0.096418,0.028685,0.020804,0.0,0.037874,0.0,0.03599,0.0,0.04195,0.0,0.021119,0.092555,0.0,0.0,0.0,0.0,0.0,0.0,0.0,0.004789
2022-05-24,0.041034,0.0,0.0,0.0,0.0,0.0,0.101068,0.0,0.072425,0.0,0.042781,0.0,0.018455,0.0,0.053282,0.051128,0.032889,0.055055,0.038048,0.0,0.095336,0.0,0.017029,0.098775,0.028383,0.020386,0.0,0.037124,0.0,0.036453,0.0,0.042451,0.0,0.020957,0.09213,0.0,0.0,0.0,0.0,0.0,0.0,0.0,0.00481
2022-05-25,0.041248,0.0,0.0,0.0,0.0,0.0,0.100207,0.0,0.072708,0.0,0.043652,0.0,0.018459,0.0,0.053965,0.052778,0.032827,0.055234,0.037923,0.0,0.094577,0.0,0.016904,0.097952,0.028494,0.020594,0.0,0.037494,0.0,0.03648,0.0,0.041872,0.0,0.020693,0.091165,0.0,0.0,0.0,0.0,0.0,0.0,0.0,0.004773
2022-05-26,0.041434,0.0,0.0,0.0,0.0,0.0,0.100856,0.0,0.071933,0.0,0.045115,0.0,0.018606,0.0,0.053755,0.053184,0.032998,0.056101,0.038049,0.0,0.093576,0.0,0.016831,0.096777,0.028747,0.021082,0.0,0.037898,0.0,0.035985,0.0,0.041176,0.0,0.02059,0.090605,0.0,0.0,0.0,0.0,0.0,0.0,0.0,0.004702
2022-05-27,0.041339,0.0,0.0,0.0,0.0,0.0,0.099555,0.0,0.072021,0.0,0.045778,0.0,0.018561,0.0,0.053699,0.054258,0.033036,0.056135,0.038202,0.0,0.093325,0.0,0.016703,0.096425,0.029156,0.021533,0.0,0.038304,0.0,0.036249,0.0,0.040416,0.0,0.020326,0.090366,0.0,0.0,0.0,0.0,0.0,0.0,0.0,0.004612
2022-05-30,0.041899,0.0,0.0,0.0,0.0,0.0,0.099497,0.0,0.071979,0.0,0.045751,0.0,0.01855,0.0,0.053668,0.054226,0.033017,0.056102,0.038179,0.0,0.093271,0.0,0.016693,0.096369,0.029139,0.021521,0.0,0.038282,0.0,0.036228,0.0,0.040393,0.0,0.020315,0.090313,0.0,0.0,0.0,0.0,0.0,0.0,0.0,0.004609
2022-05-31,0.0,0.0,0.0,0.040334,0.0,0.0,0.061113,0.04283,0.01991,0.014309,0.0,0.0,0.0,0.0,0.056319,0.019955,0.0,0.0,0.061721,0.0,0.07694,0.0,0.076936,0.077331,0.02676,0.0,0.0,0.028323,0.0,0.028886,0.0,0.077042,0.0,0.077371,0.05507,0.0,0.029274,0.046989,0.077372,0.0,0.0,0.0,0.005211
2022-06-01,0.0,0.0,0.0,0.040217,0.0,0.0,0.061005,0.042947,0.019785,0.014254,0.0,0.0,0.0,0.0,0.057378,0.020658,0.0,0.0,0.061256,0.0,0.076023,0.0,0.076123,0.077398,0.026747,0.0,0.0,0.0285,0.0,0.028718,0.0,0.077725,0.0,0.077493,0.055179,0.0,0.029181,0.046912,0.077277,0.0,0.0,0.0,0.005223
2022-06-02,0.0,0.0,0.0,0.04014,0.0,0.0,0.060991,0.043358,0.019784,0.014281,0.0,0.0,0.0,0.0,0.056476,0.020403,0.0,0.0,0.062153,0.0,0.075659,0.0,0.076258,0.076938,0.027049,0.0,0.0,0.028995,0.0,0.028746,0.0,0.077691,0.0,0.0769,0.057007,0.0,0.028856,0.046535,0.076623,0.0,0.0,0.0,0.005157
2022-06-03,0.0,0.0,0.0,0.040343,0.0,0.0,0.060976,0.042684,0.019582,0.014067,0.0,0.0,0.0,0.0,0.057698,0.020816,0.0,0.0,0.062059,0.0,0.07539,0.0,0.076115,0.0772,0.026621,0.0,0.0,0.028774,0.0,0.028597,0.0,0.077538,0.0,0.076798,0.056631,0.0,0.029038,0.047191,0.076681,0.0,0.0,0.0,0.005199
2022-06-06,0.0,0.0,0.0,0.040687,0.0,0.0,0.060273,0.042671,0.019597,0.014025,0.0,0.0,0.0,0.0,0.057573,0.020976,0.0,0.0,0.062581,0.0,0.075323,0.0,0.076067,0.077462,0.026595,0.0,0.0,0.028718,0.0,0.028477,0.0,0.077116,0.0,0.077736,0.05728,0.0,0.02879,0.046835,0.076026,0.0,0.0,0.0,0.005194
2022-06-07,0.0,0.0,0.0,0.040343,0.0,0.0,0.058907,0.04246,0.019477,0.013858,0.0,0.0,0.0,0.0,0.058929,0.02163,0.0,0.0,0.062645,0.0,0.075836,0.0,0.076,0.077451,0.026747,0.0,0.0,0.028992,0.0,0.028692,0.0,0.077143,0.0,0.077085,0.057522,0.0,0.028729,0.046658,0.075735,0.0,0.0,0.0,0.005163
2022-06-08,0.0,0.0,0.0,0.040861,0.0,0.0,0.05813,0.042387,0.019602,0.01389,0.0,0.0,0.0,0.0,0.059616,0.021647,0.0,0.0,0.061925,0.0,0.075948,0.0,0.075779,0.076655,0.026695,0.0,0.0,0.029052,0.0,0.028296,0.0,0.077801,0.0,0.078061,0.056771,0.0,0.028893,0.046984,0.075797,0.0,0.0,0.0,0.005211
2022-06-09,0.0,0.0,0.0,0.04088,0.0,0.0,0.058012,0.042755,0.01964,0.013834,0.0,0.0,0.0,0.0,0.05918,0.021684,0.0,0.0,0.061375,0.0,0.075354,0.0,0.075772,0.075945,0.026375,0.0,0.0,0.028881,0.0,0.028043,0.0,0.078727,0.0,0.079242,0.055692,0.0,0.029304,0.047687,0.076328,0.0,0.0,0.0,0.005289
2022-06-10,0.0,0.0,0.0,0.040412,0.0,0.0,0.057089,0.042872,0.019727,0.013679,0.0,0.0,0.0,0.0,0.059032,0.02163,0.0,0.0,0.060371,0.0,0.075233,0.0,0.076555,0.076472,0.025735,0.0,0.0,0.028315,0.0,0.027825,0.0,0.080956,0.0,0.079791,0.055191,0.0,0.029442,0.048174,0.076132,0.0,0.0,0.0,0.005368
2022-06-13,0.0,0.0,0.0,0.040555,0.0,0.0,0.056177,0.043567,0.019797,0.013518,0.0,0.0,0.0,0.0,0.057922,0.020997,0.0,0.0,0.060056,0.0,0.075525,0.0,0.077545,0.075526,0.025461,0.0,0.0,0.027908,0.0,0.027365,0.0,0.081595,0.0,0.081664,0.05412,0.0,0.029938,0.049031,0.076178,0.0,0.0,0.0,0.005556
2022-06-14,0.0,0.0,0.0,0.040416,0.0,0.0,0.05611,0.044058,0.020201,0.013763,0.0,0.0,0.0,0.0,0.058406,0.020973,0.0,0.0,0.059981,0.0,0.075287,0.0,0.077123,0.074091,0.025786,0.0,0.0,0.028023,0.0,0.027331,0.0,0.081462,0.0,0.081962,0.053705,0.0,0.02989,0.048669,0.077171,0.0,0.0,0.0,0.005592
2022-06-15,0.0,0.0,0.0,0.040524,0.0,0.0,0.057135,0.044021,0.02024,0.013653,0.0,0.0,0.0,0.0,0.056626,0.020485,0.0,0.0,0.05945,0.0,0.075396,0.0,0.076538,0.073931,0.026104,0.0,0.0,0.028423,0.0,0.027739,0.0,0.081817,0.0,0.081296,0.054119,0.0,0.030047,0.048919,0.077996,0.0,0.0,0.0,0.005543
2022-06-16,0.0,0.0,0.0,0.039776,0.0,0.0,0.055772,0.043692,0.019895,0.013543,0.0,0.0,0.0,0.0,0.054579,0.019594,0.0,0.0,0.05853,0.0,0.075876,0.0,0.07758,0.074053,0.025577,0.0,0.0,0.027803,0.0,0.027588,0.0,0.084506,0.0,0.083876,0.05299,0.0,0.03089,0.049817,0.0784,0.0,0.0,0.0,0.005662
2022-06-17,0.0,0.0,0.0,0.040258,0.0,0.0,0.055452,0.043873,0.019986,0.01374,0.0,0.0,0.0,0.0,0.051942,0.01829,0.0,0.0,0.058822,0.0,0.076341,0.0,0.077818,0.073856,0.025984,0.0,0.0,0.028553,0.0,0.027983,0.0,0.084375,0.0,0.083939,0.05263,0.0,0.031107,0.050178,0.079172,0.0,0.0,0.0,0.0057
2022-06-20,0.0,0.0,0.0,0.040429,0.0,0.0,0.055442,0.043865,0.019983,0.013737,0.0,0.0,0.0,0.0,0.051933,0.018287,0.0,0.0,0.058811,0.0,0.076328,0.0,0.077804,0.073843,0.02598,0.0,0.0,0.028548,0.0,0.027978,0.0,0.084359,0.0,0.083924,0.05262,0.0,0.031102,0.050169,0.079158,0.0,0.0,0.0,0.005699
2022-06-21,0.0,0.0,0.0,0.040258,0.0,0.0,0.054726,0.044295,0.020093,0.013545,0.0,0.0,0.0,0.0,0.053975,0.018812,0.0,0.0,0.058992,0.0,0.077453,0.0,0.078933,0.074356,0.026325,0.0,0.0,0.028997,0.0,0.028031,0.0,0.083048,0.0,0.082016,0.052373,0.0,0.030573,0.049402,0.078167,0.0,0.0,0.0,0.005631
2022-06-22,0.0,0.0,0.0,0.04018,0.0,0.0,0.054825,0.04385,0.019794,0.01324,0.0,0.0,0.0,0.0,0.05219,0.017813,0.0,0.0,0.058656,0.0,0.079096,0.0,0.079448,0.075683,0.026403,0.0,0.0,0.029105,0.0,0.028593,0.0,0.083982,0.0,0.081613,0.049916,0.0,0.031184,0.050046,0.078711,0.0,0.0,0.0,0.005672
2022-06-23,0.0,0.0,0.0,0.040335,0.0,0.0,0.053777,0.044437,0.019795,0.013139,0.0,0.0,0.0,0.0,0.050385,0.017085,0.0,0.0,0.058003,0.0,0.081079,0.0,0.081198,0.077663,0.026867,0.0,0.0,0.030033,0.0,0.029211,0.0,0.083682,0.0,0.079365,0.047018,0.0,0.03144,0.050323,0.079479,0.0,0.0,0.0,0.005686
2022-06-24,0.0,0.0,0.0,0.040859,0.0,0.0,0.053067,0.044387,0.019802,0.013452,0.0,0.0,0.0,0.0,0.050262,0.017024,0.0,0.0,0.059378,0.0,0.081157,0.0,0.081515,0.077799,0.027405,0.0,0.0,0.030794,0.0,0.029374,0.0,0.082312,0.0,0.078408,0.048151,0.0,0.030847,0.049596,0.078813,0.0,0.0,0.0,0.005599
2022-06-27,0.0,0.0,0.0,0.040994,0.0,0.0,0.054332,0.043961,0.019717,0.013427,0.0,0.0,0.0,0.0,0.051641,0.01777,0.0,0.0,0.05878,0.0,0.081308,0.0,0.081141,0.078285,0.02717,0.0,0.0,0.030271,0.0,0.029275,0.0,0.082068,0.0,0.07732,0.049004,0.0,0.030616,0.049149,0.078185,0.0,0.0,0.0,0.005588
2022-06-28,0.0,0.0,0.0,0.041304,0.0,0.0,0.054194,0.043683,0.019506,0.013409,0.0,0.0,0.0,0.0,0.05336,0.01835,0.0,0.0,0.058507,0.0,0.080379,0.0,0.080547,0.078469,0.026517,0.0,0.0,0.02954,0.0,0.029096,0.0,0.082434,0.0,0.078134,0.049032,0.0,0.030843,0.049277,0.077798,0.0,0.0,0.0,0.005622
2022-06-29,0.0,0.0,0.0,0.040781,0.0,0.0,0.054612,0.044109,0.019477,0.013247,0.0,0.0,0.0,0.0,0.051678,0.01744,0.0,0.0,0.058281,0.0,0.081352,0.0,0.081325,0.07879,0.02666,0.0,0.0,0.029632,0.0,0.029013,0.0,0.082647,0.0,0.078892,0.047929,0.0,0.031196,0.049356,0.077943,0.0,0.0,0.0,0.005641
2022-06-30,0.0,0.015058,0.0,0.012892,0.0,0.0,0.089538,0.056552,0.021107,0.011679,0.0,0.0,0.0,0.0,0.044815,0.044829,0.0,0.0,0.047349,0.0,0.089241,0.0,0.080923,0.089477,0.0,0.0,0.0,0.019139,0.0,0.0,0.0,0.089274,0.0,0.089559,0.017258,0.0,0.039389,0.049651,0.075225,0.013856,0.0,0.0,0.00319
2022-07-01,0.0,0.014997,0.0,0.012929,0.0,0.0,0.088069,0.056439,0.020448,0.011465,0.0,0.0,0.0,0.0,0.045268,0.045153,0.0,0.0,0.047456,0.0,0.089813,0.0,0.081697,0.091234,0.0,0.0,0.0,0.019483,0.0,0.0,0.0,0.088774,0.0,0.087382,0.016842,0.0,0.039621,0.05021,0.075581,0.013964,0.0,0.0,0.003174
2022-07-04,0.0,0.014997,0.0,0.012943,0.0,0.0,0.088068,0.056438,0.020448,0.011465,0.0,0.0,0.0,0.0,0.045267,0.045152,0.0,0.0,0.047455,0.0,0.089811,0.0,0.081696,0.091232,0.0,0.0,0.0,0.019483,0.0,0.0,0.0,0.088773,0.0,0.087381,0.016842,0.0,0.039621,0.050209,0.07558,0.013964,0.0,0.0,0.003174
2022-07-05,0.0,0.014809,0.0,0.01314,0.0,0.0,0.087422,0.057396,0.02062,0.011575,0.0,0.0,0.0,0.0,0.044197,0.043397,0.0,0.0,0.047278,0.0,0.090784,0.0,0.082527,0.089593,0.0,0.0,0.0,0.020232,0.0,0.0,0.0,0.088342,0.0,0.086929,0.016232,0.0,0.040431,0.050906,0.076769,0.014194,0.0,0.0,0.003227
2022-07-06,0.0,0.014855,0.0,0.013347,0.0,0.0,0.087304,0.058409,0.020355,0.011488,0.0,0.0,0.0,0.0,0.043483,0.042704,0.0,0.0,0.047621,0.0,0.091481,0.0,0.082842,0.090607,0.0,0.0,0.0,0.020303,0.0,0.0,0.0,0.087023,0.0,0.08741,0.016236,0.0,0.040124,0.050492,0.076549,0.014136,0.0,0.0,0.003229
2022-07-07,0.0,0.014883,0.0,0.01353,0.0,0.0,0.089199,0.057837,0.020658,0.011606,0.0,0.0,0.0,0.0,0.044444,0.044524,0.0,0.0,0.047398,0.0,0.090631,0.0,0.081805,0.089297,0.0,0.0,0.0,0.020491,0.0,0.0,0.0,0.085898,0.0,0.087857,0.016988,0.0,0.039341,0.049733,0.076749,0.013945,0.0,0.0,0.003186
2022-07-08,0.0,0.014876,0.0,0.013579,0.0,0.0,0.08984,0.057623,0.020725,0.011676,0.0,0.0,0.0,0.0,0.044371,0.044342,0.0,0.0,0.046877,0.0,0.090791,0.0,0.081559,0.088895,0.0,0.0,0.0,0.020471,0.0,0.0,0.0,0.08583,0.0,0.089372,0.016695,0.0,0.039054,0.04962,0.076716,0.013905,0.0,0.0,0.003182
2022-07-11,0.0,0.014751,0.0,0.013579,0.0,0.0,0.086973,0.05791,0.020385,0.011432,0.0,0.0,0.0,0.0,0.044296,0.04416,0.0,0.0,0.047122,0.0,0.091285,0.0,0.082098,0.090169,0.0,0.0,0.0,0.02028,0.0,0.0,0.0,0.086051,0.0,0.089511,0.016068,0.0,0.039677,0.050095,0.076895,0.014055,0.0,0.0,0.003208
2022-07-12,0.0,0.014868,0.0,0.013719,0.0,0.0,0.086687,0.058244,0.020618,0.01152,0.0,0.0,0.0,0.0,0.043803,0.043483,0.0,0.0,0.047433,0.0,0.090891,0.0,0.082559,0.090498,0.0,0.0,0.0,0.019681,0.0,0.0,0.0,0.086463,0.0,0.087778,0.015848,0.0,0.040109,0.050505,0.077864,0.014196,0.0,0.0,0.003235
2022-07-13,0.0,0.014876,0.0,0.013559,0.0,0.0,0.087066,0.057612,0.02083,0.011607,0.0,0.0,0.0,0.0,0.043741,0.043852,0.0,0.0,0.047167,0.0,0.090024,0.0,0.08263,0.090138,0.0,0.0,0.0,0.019631,0.0,0.0,0.0,0.086892,0.0,0.088105,0.015874,0.0,0.040288,0.050775,0.077793,0.014304,0.0,0.0,0.003235
2022-07-14,0.0,0.014763,0.0,0.013502,0.0,0.0,0.085614,0.058356,0.02107,0.011499,0.0,0.0,0.0,0.0,0.043304,0.043481,0.0,0.0,0.046719,0.0,0.090578,0.0,0.083449,0.090956,0.0,0.0,0.0,0.019512,0.0,0.0,0.0,0.086449,0.0,0.087825,0.015425,0.0,0.040428,0.051111,0.078352,0.014343,0.0,0.0,0.003264
2022-07-15,0.0,0.014888,0.0,0.013591,0.0,0.0,0.085875,0.058514,0.021036,0.011559,0.0,0.0,0.0,0.0,0.043547,0.044089,0.0,0.0,0.046952,0.0,0.091791,0.0,0.082845,0.09017,0.0,0.0,0.0,0.019741,0.0,0.0,0.0,0.085369,0.0,0.087482,0.015487,0.0,0.040141,0.050867,0.078518,0.014306,0.0,0.0,0.00323
2022-07-18,0.0,0.014978,0.0,0.013758,0.0,0.0,0.085976,0.05821,0.020994,0.011647,0.0,0.0,0.0,0.0,0.044545,0.045364,0.0,0.0,0.047064,0.0,0.089855,0.0,0.082041,0.088918,0.0,0.0,0.0,0.019804,0.0,0.0,0.0,0.085452,0.0,0.089354,0.016017,0.0,0.040025,0.050802,0.077761,0.014206,0.0,0.0,0.003231
2022-07-19,0.0,0.015281,0.0,0.013661,0.0,0.0,0.085925,0.058575,0.021161,0.01179,0.0,0.0,0.0,0.0,0.045365,0.04658,0.0,0.0,0.047915,0.0,0.090287,0.0,0.081908,0.088412,0.0,0.0,0.0,0.019995,0.0,0.0,0.0,0.084627,0.0,0.087752,0.016154,0.0,0.039362,0.050139,0.077844,0.014075,0.0,0.0,0.003191
2022-07-20,0.0,0.015142,0.0,0.01391,0.0,0.0,0.085274,0.058115,0.02108,0.011736,0.0,0.0,0.0,0.0,0.045929,0.048037,0.0,0.0,0.04813,0.0,0.089639,0.0,0.081581,0.087475,0.0,0.0,0.0,0.020441,0.0,0.0,0.0,0.08406,0.0,0.087992,0.016102,0.0,0.039431,0.050232,0.078396,0.014098,0.0,0.0,0.0032
2022-07-21,0.0,0.015262,0.0,0.013901,0.0,0.0,0.084972,0.059249,0.021387,0.011873,0.0,0.0,0.0,0.0,0.044913,0.046462,0.0,0.0,0.048585,0.0,0.09063,0.0,0.081445,0.087295,0.0,0.0,0.0,0.020739,0.0,0.0,0.0,0.084847,0.0,0.086043,0.016037,0.0,0.039693,0.050307,0.078952,0.014224,0.0,0.0,0.003185
2022-07-22,0.0,0.015217,0.0,0.013967,0.0,0.0,0.085204,0.059098,0.021295,0.011741,0.0,0.0,0.0,0.0,0.044614,0.045522,0.0,0.0,0.048314,0.0,0.090397,0.0,0.082112,0.088632,0.0,0.0,0.0,0.02041,0.0,0.0,0.0,0.085193,0.0,0.08486,0.015881,0.0,0.040211,0.050812,0.078974,0.014356,0.0,0.0,0.00319
2022-07-25,0.0,0.015207,0.0,0.013805,0.0,0.0,0.087675,0.058428,0.021129,0.011684,0.0,0.0,0.0,0.0,0.045781,0.047528,0.0,0.0,0.048022,0.0,0.08995,0.0,0.081679,0.088833,0.0,0.0,0.0,0.019874,0.0,0.0,0.0,0.084098,0.0,0.085131,0.015911,0.0,0.039662,0.050201,0.078153,0.014091,0.0,0.0,0.003158
2022-07-26,0.0,0.014995,0.0,0.013836,0.0,0.0,0.087838,0.05776,0.020793,0.01168,0.0,0.0,0.0,0.0,0.045467,0.047299,0.0,0.0,0.047804,0.0,0.090613,0.0,0.081672,0.089563,0.0,0.0,0.0,0.019163,0.0,0.0,0.0,0.084186,0.0,0.086368,0.015823,0.0,0.039766,0.050313,0.077777,0.014119,0.0,0.0,0.003165
2022-07-27,0.0,0.015148,0.0,0.013719,0.0,0.0,0.089684,0.058183,0.021047,0.011759,0.0,0.0,0.0,0.0,0.045861,0.048488,0.0,0.0,0.04772,0.0,0.089939,0.0,0.08111,0.08842,0.0,0.0,0.0,0.019209,0.0,0.0,0.0,0.083887,0.0,0.085795,0.016075,0.0,0.039304,0.049946,0.077563,0.01402,0.0,0.0,0.003122
2022-07-28,0.0,0.015015,0.0,0.013745,0.0,0.0,0.090963,0.058284,0.020712,0.011723,0.0,0.0,0.0,0.0,0.045462,0.048019,0.0,0.0,0.047873,0.0,0.089224,0.0,0.081232,0.090289,0.0,0.0,0.0,0.019239,0.0,0.0,0.0,0.0837,0.0,0.08538,0.016016,0.0,0.039128,0.049738,0.077242,0.013935,0.0,0.0,0.003077
2022-07-29,0.0,0.0,0.0,0.071226,0.048507,0.038157,0.070519,0.038197,0.0,0.0,0.0,0.0,0.0,0.0,0.049126,0.026942,0.020875,0.0,0.0,0.0,0.076168,0.0,0.07596,0.076329,0.0,0.0,0.0,0.0,0.0,0.0,0.076141,0.07594,0.0,0.076332,0.0,0.0,0.038148,0.037793,0.037968,0.037934,0.01462,0.0,0.013118
2022-08-01,0.0,0.0,0.0,0.07134,0.048631,0.037747,0.069734,0.038511,0.0,0.0,0.0,0.0,0.0,0.0,0.048157,0.026386,0.020916,0.0,0.0,0.0,0.075675,0.0,0.076981,0.076484,0.0,0.0,0.0,0.0,0.0,0.0,0.077319,0.076443,0.0,0.075533,0.0,0.0,0.038407,0.037846,0.038015,0.038045,0.0147,0.0,0.01313
2022-08-02,0.0,0.0,0.0,0.071875,0.048719,0.037727,0.069608,0.038972,0.0,0.0,0.0,0.0,0.0,0.0,0.048294,0.026652,0.020803,0.0,0.0,0.0,0.075797,0.0,0.076765,0.076726,0.0,0.0,0.0,0.0,0.0,0.0,0.077577,0.076384,0.0,0.074861,0.0,0.0,0.038073,0.037594,0.038037,0.037775,0.014561,0.0,0.0132
2022-08-03,0.0,0.0,0.0,0.072265,0.04854,0.037973,0.069538,0.038865,0.0,0.0,0.0,0.0,0.0,0.0,0.046811,0.025928,0.020956,0.0,0.0,0.0,0.076334,0.0,0.077109,0.077045,0.0,0.0,0.0,0.0,0.0,0.0,0.076965,0.076413,0.0,0.075011,0.0,0.0,0.038152,0.037715,0.038291,0.038107,0.014811,0.0,0.013174
2022-08-04,0.0,0.0,0.0,0.071826,0.048884,0.038473,0.071369,0.038607,0.0,0.0,0.0,0.0,0.0,0.0,0.044983,0.02467,0.020989,0.0,0.0,0.0,0.075804,0.0,0.076442,0.077054,0.0,0.0,0.0,0.0,0.0,0.0,0.077127,0.077519,0.0,0.075995,0.0,0.0,0.038267,0.037632,0.038316,0.03809,0.014813,0.0,0.013142
2022-08-05,0.0,0.0,0.0,0.071943,0.048851,0.038186,0.072464,0.038404,0.0,0.0,0.0,0.0,0.0,0.0,0.045889,0.025436,0.021029,0.0,0.0,0.0,0.075801,0.0,0.076293,0.0768,0.0,0.0,0.0,0.0,0.0,0.0,0.077901,0.076672,0.0,0.075679,0.0,0.0,0.037727,0.037266,0.038133,0.037587,0.014787,0.0,0.013152
2022-08-08,0.0,0.0,0.0,0.072465,0.048937,0.037626,0.074164,0.038393,0.0,0.0,0.0,0.0,0.0,0.0,0.045794,0.025348,0.020871,0.0,0.0,0.0,0.075429,0.0,0.0757,0.076357,0.0,0.0,0.0,0.0,0.0,0.0,0.078376,0.076762,0.0,0.075545,0.0,0.0,0.037674,0.03725,0.037891,0.037464,0.014898,0.0,0.013055
2022-08-09,0.0,0.0,0.0,0.071311,0.048672,0.037425,0.074326,0.038263,0.0,0.0,0.0,0.0,0.0,0.0,0.046624,0.025664,0.020806,0.0,0.0,0.0,0.075241,0.0,0.07563,0.077252,0.0,0.0,0.0,0.0,0.0,0.0,0.078449,0.077039,0.0,0.075887,0.0,0.0,0.037582,0.037164,0.03763,0.037315,0.014657,0.0,0.013062
2022-08-10,0.0,0.0,0.0,0.071556,0.048664,0.03703,0.075193,0.038573,0.0,0.0,0.0,0.0,0.0,0.0,0.046465,0.025821,0.021038,0.0,0.0,0.0,0.075258,0.0,0.075384,0.076772,0.0,0.0,0.0,0.0,0.0,0.0,0.079457,0.076034,0.0,0.076092,0.0,0.0,0.037207,0.036708,0.03779,0.037271,0.014762,0.0,0.012924
2022-08-11,0.0,0.0,0.0,0.072139,0.04906,0.037619,0.073687,0.038056,0.0,0.0,0.0,0.0,0.0,0.0,0.047956,0.026859,0.021102,0.0,0.0,0.0,0.074603,0.0,0.075035,0.07659,0.0,0.0,0.0,0.0,0.0,0.0,0.079742,0.075664,0.0,0.076628,0.0,0.0,0.036878,0.036502,0.03749,0.036829,0.014668,0.0,0.012894
2022-08-12,0.0,0.0,0.0,0.07208,0.048457,0.037303,0.075557,0.038022,0.0,0.0,0.0,0.0,0.0,0.0,0.04778,0.026804,0.021181,0.0,0.0,0.0,0.074715,0.0,0.074841,0.076969,0.0,0.0,0.0,0.0,0.0,0.0,0.080413,0.075507,0.0,0.075919,0.0,0.0,0.03661,0.036236,0.037403,0.03684,0.014614,0.0,0.01275
2022-08-15,0.0,0.0,0.0,0.072457,0.048515,0.037134,0.075632,0.038016,0.0,0.0,0.0,0.0,0.0,0.0,0.046851,0.026121,0.021233,0.0,0.0,0.0,0.075094,0.0,0.075589,0.077615,0.0,0.0,0.0,0.0,0.0,0.0,0.081373,0.07454,0.0,0.075409,0.0,0.0,0.036729,0.0362,0.037339,0.036817,0.014588,0.0,0.012751
2022-08-16,0.0,0.0,0.0,0.072906,0.04856,0.036971,0.075473,0.038418,0.0,0.0,0.0,0.0,0.0,0.0,0.046818,0.02616,0.021364,0.0,0.0,0.0,0.075016,0.0,0.076568,0.077965,0.0,0.0,0.0,0.0,0.0,0.0,0.08062,0.074533,0.0,0.074392,0.0,0.0,0.036747,0.036269,0.037225,0.036735,0.014485,0.0,0.012772
2022-08-17,0.0,0.0,0.0,0.072155,0.048549,0.037014,0.075483,0.03858,0.0,0.0,0.0,0.0,0.0,0.0,0.047408,0.026645,0.021283,0.0,0.0,0.0,0.074894,0.0,0.076671,0.078162,0.0,0.0,0.0,0.0,0.0,0.0,0.08037,0.074363,0.0,0.074706,0.0,0.0,0.036654,0.036312,0.036996,0.036543,0.014386,0.0,0.012825
2022-08-18,0.0,0.0,0.0,0.072837,0.04832,0.036597,0.075578,0.038432,0.0,0.0,0.0,0.0,0.0,0.0,0.048605,0.027765,0.021335,0.0,0.0,0.0,0.074445,0.0,0.07681,0.078332,0.0,0.0,0.0,0.0,0.0,0.0,0.079574,0.074052,0.0,0.073482,0.0,0.0,0.036667,0.036441,0.036995,0.03658,0.014348,0.0,0.012805
2022-08-19,0.0,0.0,0.0,0.072636,0.047999,0.036669,0.074622,0.038178,0.0,0.0,0.0,0.0,0.0,0.0,0.04904,0.027629,0.021254,0.0,0.0,0.0,0.075334,0.0,0.077266,0.079012,0.0,0.0,0.0,0.0,0.0,0.0,0.077292,0.074186,0.0,0.074866,0.0,0.0,0.036686,0.036713,0.036956,0.036479,0.01426,0.0,0.012925
2022-08-22,0.0,0.0,0.0,0.072553,0.047879,0.03698,0.074481,0.03782,0.0,0.0,0.0,0.0,0.0,0.0,0.049171,0.027913,0.020944,0.0,0.0,0.0,0.074687,0.0,0.076831,0.078289,0.0,0.0,0.0,0.0,0.0,0.0,0.078809,0.07403,0.0,0.075806,0.0,0.0,0.036691,0.03681,0.036705,0.036399,0.014219,0.0,0.012983
2022-08-23,0.0,0.0,0.0,0.071859,0.047794,0.036782,0.076643,0.037944,0.0,0.0,0.0,0.0,0.0,0.0,0.050578,0.02833,0.020832,0.0,0.0,0.0,0.073115,0.0,0.075947,0.07726,0.0,0.0,0.0,0.0,0.0,0.0,0.079761,0.074011,0.0,0.076338,0.0,0.0,0.036338,0.036605,0.036532,0.036176,0.014266,0.0,0.01289
2022-08-24,0.0,0.0,0.0,0.072191,0.047878,0.036712,0.076403,0.038057,0.0,0.0,0.0,0.0,0.0,0.0,0.051103,0.028834,0.020862,0.0,0.0,0.0,0.073068,0.0,0.075994,0.077357,0.0,0.0,0.0,0.0,0.0,0.0,0.078686,0.074089,0.0,0.07649,0.0,0.0,0.036148,0.03653,0.036506,0.036,0.014226,0.0,0.012867
2022-08-25,0.0,0.0,0.0,0.072102,0.04812,0.038003,0.076268,0.037638,0.0,0.0,0.0,0.0,0.0,0.0,0.051165,0.028818,0.021045,0.0,0.0,0.0,0.0734,0.0,0.075854,0.077333,0.0,0.0,0.0,0.0,0.0,0.0,0.078521,0.073839,0.0,0.07552,0.0,0.0,0.036147,0.036409,0.036614,0.036138,0.014284,0.0,0.012783
2022-08-26,0.0,0.0,0.0,0.071728,0.048552,0.038167,0.076741,0.037623,0.0,0.0,0.0,0.0,0.0,0.0,0.051199,0.028906,0.020569,0.0,0.0,0.0,0.072245,0.0,0.0749,0.077097,0.0,0.0,0.0,0.0,0.0,0.0,0.077613,0.073853,0.0,0.077433,0.0,0.0,0.036555,0.036809,0.03646,0.03637,0.014237,0.0,0.012943
2022-08-29,0.0,0.0,0.0,0.070848,0.04861,0.037887,0.077504,0.037738,0.0,0.0,0.0,0.0,0.0,0.0,0.052033,0.029294,0.020501,0.0,0.0,0.0,0.071826,0.0,0.074868,0.077424,0.0,0.0,0.0,0.0,0.0,0.0,0.077109,0.073987,0.0,0.077638,0.0,0.0,0.03639,0.03671,0.036364,0.036144,0.014168,0.0,0.012958
2022-08-30,0.0,0.0,0.0,0.070961,0.048308,0.037516,0.075967,0.038768,0.0,0.0,0.0,0.0,0.0,0.0,0.050961,0.028214,0.020483,0.0,0.0,0.0,0.07233,0.0,0.075112,0.077342,0.0,0.0,0.0,0.0,0.0,0.0,0.076499,0.074379,0.0,0.078365,0.0,0.0,0.03688,0.03715,0.036581,0.036688,0.014358,0.0,0.013136
2022-08-31,0.019417,0.0,0.020615,0.059921,0.0,0.0,0.0,0.079518,0.0,0.0,0.025479,0.0,0.0,0.0,0.039643,0.039559,0.073186,0.0,0.0,0.0,0.079381,0.0,0.079604,0.079567,0.03511,0.0,0.0,0.0,0.0,0.027531,0.079302,0.079064,0.0,0.019443,0.0,0.0,0.039648,0.039369,0.039775,0.039343,0.0,0.0,0.005526
2022-09-01,0.019142,0.0,0.02044,0.059445,0.0,0.0,0.0,0.080317,0.0,0.0,0.025802,0.0,0.0,0.0,0.038803,0.038154,0.073546,0.0,0.0,0.0,0.080969,0.0,0.080331,0.080996,0.035061,0.0,0.0,0.0,0.0,0.027678,0.077973,0.078644,0.0,0.019209,0.0,0.0,0.039471,0.039208,0.040021,0.039243,0.0,0.0,0.005546
2022-09-02,0.019627,0.0,0.020269,0.060229,0.0,0.0,0.0,0.079728,0.0,0.0,0.025633,0.0,0.0,0.0,0.039619,0.039156,0.073025,0.0,0.0,0.0,0.080015,0.0,0.07949,0.080335,0.034696,0.0,0.0,0.0,0.0,0.027363,0.077571,0.079544,0.0,0.019326,0.0,0.0,0.039796,0.039544,0.040098,0.039375,0.0,0.0,0.00556
2022-09-05,0.019304,0.0,0.020281,0.060024,0.0,0.0,0.0,0.079774,0.0,0.0,0.025647,0.0,0.0,0.0,0.039641,0.039178,0.073067,0.0,0.0,0.0,0.080061,0.0,0.079536,0.080382,0.034716,0.0,0.0,0.0,0.0,0.027379,0.077616,0.07959,0.0,0.019337,0.0,0.0,0.039819,0.039566,0.040121,0.039398,0.0,0.0,0.005563
2022-09-06,0.019323,0.0,0.020027,0.059856,0.0,0.0,0.0,0.080104,0.0,0.0,0.025677,0.0,0.0,0.0,0.0394,0.038724,0.073421,0.0,0.0,0.0,0.080395,0.0,0.07934,0.080845,0.034596,0.0,0.0,0.0,0.0,0.027715,0.078223,0.079379,0.0,0.019446,0.0,0.0,0.039502,0.039315,0.040142,0.038988,0.0,0.0,0.00558
2022-09-07,0.019065,0.0,0.019739,0.0588,0.0,0.0,0.0,0.080365,0.0,0.0,0.026124,0.0,0.0,0.0,0.038443,0.037529,0.073639,0.0,0.0,0.0,0.080656,0.0,0.079732,0.082303,0.034698,0.0,0.0,0.0,0.0,0.027893,0.079844,0.079156,0.0,0.019074,0.0,0.0,0.039249,0.03897,0.040198,0.039013,0.0,0.0,0.005509
2022-09-08,0.019284,0.0,0.019895,0.059554,0.0,0.0,0.0,0.080365,0.0,0.0,0.02626,0.0,0.0,0.0,0.038451,0.037818,0.073556,0.0,0.0,0.0,0.081722,0.0,0.079199,0.081902,0.034674,0.0,0.0,0.0,0.0,0.027855,0.080125,0.078358,0.0,0.018987,0.0,0.0,0.038944,0.038595,0.040209,0.038763,0.0,0.0,0.005486
2022-09-09,0.019392,0.0,0.020054,0.059602,0.0,0.0,0.0,0.079474,0.0,0.0,0.026473,0.0,0.0,0.0,0.03899,0.038446,0.073717,0.0,0.0,0.0,0.081565,0.0,0.079126,0.081356,0.034983,0.0,0.0,0.0,0.0,0.027858,0.081352,0.077934,0.0,0.019137,0.0,0.0,0.038533,0.038201,0.039939,0.038439,0.0,0.0,0.005428
2022-09-12,0.019563,0.0,0.019927,0.059542,0.0,0.0,0.0,0.080115,0.0,0.0,0.026634,0.0,0.0,0.0,0.03944,0.03872,0.073662,0.0,0.0,0.0,0.081559,0.0,0.078905,0.081585,0.035307,0.0,0.0,0.0,0.0,0.02794,0.080861,0.077805,0.0,0.019137,0.0,0.0,0.038183,0.037833,0.039792,0.038098,0.0,0.0,0.005391
2022-09-13,0.019457,0.0,0.019758,0.060086,0.0,0.0,0.0,0.08044,0.0,0.0,0.0259,0.0,0.0,0.0,0.039418,0.038613,0.072681,0.0,0.0,0.0,0.080859,0.0,0.078199,0.081421,0.034278,0.0,0.0,0.0,0.0,0.027551,0.081325,0.078735,0.0,0.019499,0.0,0.0,0.038928,0.038674,0.039871,0.038779,0.0,0.0,0.005528
2022-09-14,0.019202,0.0,0.019944,0.059366,0.0,0.0,0.0,0.081112,0.0,0.0,0.026104,0.0,0.0,0.0,0.040332,0.039779,0.072183,0.0,0.0,0.0,0.080507,0.0,0.077783,0.081682,0.034234,0.0,0.0,0.0,0.0,0.027104,0.081996,0.078047,0.0,0.019281,0.0,0.0,0.038757,0.038582,0.039733,0.038772,0.0,0.0,0.005501
2022-09-15,0.019338,0.0,0.020056,0.060082,0.0,0.0,0.0,0.081337,0.0,0.0,0.026323,0.0,0.0,0.0,0.039827,0.038896,0.072401,0.0,0.0,0.0,0.082056,0.0,0.078181,0.080729,0.0339,0.0,0.0,0.0,0.0,0.026964,0.079986,0.077629,0.0,0.019533,0.0,0.0,0.039148,0.038909,0.040019,0.03911,0.0,0.0,0.005576
2022-09-16,0.01918,0.0,0.020188,0.059315,0.0,0.0,0.0,0.081034,0.0,0.0,0.026304,0.0,0.0,0.0,0.039264,0.038119,0.071413,0.0,0.0,0.0,0.082427,0.0,0.078944,0.081018,0.033959,0.0,0.0,0.0,0.0,0.027166,0.079504,0.078635,0.0,0.019658,0.0,0.0,0.039469,0.039031,0.04045,0.039306,0.0,0.0,0.005617
2022-09-19,0.019077,0.0,0.020145,0.059066,0.0,0.0,0.0,0.081402,0.0,0.0,0.026532,0.0,0.0,0.0,0.039076,0.037901,0.071993,0.0,0.0,0.0,0.081542,0.0,0.079042,0.081662,0.034052,0.0,0.0,0.0,0.0,0.026981,0.080782,0.078272,0.0,0.019552,0.0,0.0,0.039145,0.038644,0.040384,0.03916,0.0,0.0,0.005587
2022-09-20,0.019182,0.0,0.020104,0.059231,0.0,0.0,0.0,0.081826,0.0,0.0,0.026303,0.0,0.0,0.0,0.039132,0.037673,0.071697,0.0,0.0,0.0,0.081267,0.0,0.079273,0.081154,0.034138,0.0,0.0,0.0,0.0,0.026548,0.080829,0.078483,0.0,0.019977,0.0,0.0,0.039231,0.03891,0.04031,0.039097,0.0,0.0,0.005635
2022-09-21,0.01937,0.0,0.020019,0.060525,0.0,0.0,0.0,0.081501,0.0,0.0,0.02587,0.0,0.0,0.0,0.038844,0.037156,0.071269,0.0,0.0,0.0,0.08051,0.0,0.079556,0.080637,0.033854,0.0,0.0,0.0,0.0,0.026321,0.080499,0.07943,0.0,0.019989,0.0,0.0,0.039679,0.039274,0.040487,0.039535,0.0,0.0,0.005676
2022-09-22,0.019029,0.0,0.020365,0.059411,0.0,0.0,0.0,0.081415,0.0,0.0,0.025508,0.0,0.0,0.0,0.039066,0.036859,0.070848,0.0,0.0,0.0,0.081689,0.0,0.080182,0.081096,0.03382,0.0,0.0,0.0,0.0,0.026228,0.079855,0.080122,0.0,0.020185,0.0,0.0,0.039444,0.039189,0.040618,0.039341,0.0,0.0,0.005729
2022-09-23,0.019006,0.0,0.020365,0.059428,0.0,0.0,0.0,0.081312,0.0,0.0,0.025434,0.0,0.0,0.0,0.037121,0.034585,0.070951,0.0,0.0,0.0,0.082945,0.0,0.080442,0.081808,0.034065,0.0,0.0,0.0,0.0,0.026413,0.078622,0.08036,0.0,0.020202,0.0,0.0,0.040306,0.039825,0.040927,0.040036,0.0,0.0,0.005847
2022-09-26,0.019093,0.0,0.020295,0.060334,0.0,0.0,0.0,0.080878,0.0,0.0,0.025705,0.0,0.0,0.0,0.036678,0.033916,0.071114,0.0,0.0,0.0,0.083217,0.0,0.081541,0.080869,0.034266,0.0,0.0,0.0,0.0,0.026004,0.078924,0.080452,0.0,0.02013,0.0,0.0,0.040148,0.039695,0.040968,0.03985,0.0,0.0,0.005922
2022-09-27,0.019125,0.0,0.020192,0.060278,0.0,0.0,0.0,0.080927,0.0,0.0,0.025871,0.0,0.0,0.0,0.037211,0.034912,0.071111,0.0,0.0,0.0,0.083239,0.0,0.080397,0.079769,0.034424,0.0,0.0,0.0,0.0,0.025743,0.079717,0.080884,0.0,0.020237,0.0,0.0,0.040006,0.039616,0.041017,0.03938,0.0,0.0,0.005943
2022-09-28,0.018868,0.0,0.020203,0.059688,0.0,0.0,0.0,0.080723,0.0,0.0,0.026093,0.0,0.0,0.0,0.038162,0.036534,0.071371,0.0,0.0,0.0,0.083531,0.0,0.079901,0.079178,0.034163,0.0,0.0,0.0,0.0,0.025805,0.078603,0.081082,0.0,0.020042,0.0,0.0,0.040173,0.039592,0.040999,0.03945,0.0,0.0,0.005836
2022-09-29,0.019017,0.0,0.02034,0.059133,0.0,0.0,0.0,0.080275,0.0,0.0,0.025609,0.0,0.0,0.0,0.038794,0.0369,0.071297,0.0,0.0,0.0,0.084202,0.0,0.079884,0.077263,0.033824,0.0,0.0,0.0,0.0,0.025461,0.077852,0.082409,0.0,0.020385,0.0,0.0,0.040648,0.039684,0.041287,0.039806,0.0,0.0,0.005933
2022-09-30,0.024283,0.0,0.0,0.055107,0.060521,0.032763,0.0,0.046653,0.0,0.0,0.044945,0.0,0.0,0.0,0.039536,0.039943,0.079156,0.0,0.0,0.0,0.04646,0.032072,0.079543,0.079653,0.0,0.0,0.0,0.0,0.0,0.0,0.079391,0.0,0.0,0.050702,0.0,0.0,0.039444,0.039691,0.049382,0.029274,0.045032,0.0,0.006448
2022-10-03,0.023902,0.0,0.0,0.054341,0.059865,0.032398,0.0,0.046089,0.0,0.0,0.044239,0.0,0.0,0.0,0.041073,0.041809,0.080185,0.0,0.0,0.0,0.046624,0.0318,0.079564,0.08062,0.0,0.0,0.0,0.0,0.0,0.0,0.078952,0.0,0.0,0.049956,0.0,0.0,0.039246,0.039531,0.049194,0.029318,0.044954,0.0,0.006341
2022-10-04,0.024141,0.0,0.0,0.054234,0.060471,0.032836,0.0,0.04574,0.0,0.0,0.04462,0.0,0.0,0.0,0.041749,0.042882,0.080866,0.0,0.0,0.0,0.046494,0.032162,0.078718,0.080237,0.0,0.0,0.0,0.0,0.0,0.0,0.080514,0.0,0.0,0.048831,0.0,0.0,0.038328,0.038679,0.048976,0.028705,0.044636,0.0,0.006181
2022-10-05,0.023932,0.0,0.0,0.054225,0.060121,0.033165,0.0,0.04586,0.0,0.0,0.044581,0.0,0.0,0.0,0.042827,0.043888,0.080832,0.0,0.0,0.0,0.046883,0.032195,0.078655,0.07885,0.0,0.0,0.0,0.0,0.0,0.0,0.079798,0.0,0.0,0.04937,0.0,0.0,0.038156,0.038567,0.049029,0.028632,0.044224,0.0,0.00621
2022-10-06,0.024184,0.0,0.0,0.054999,0.060781,0.032984,0.0,0.045485,0.0,0.0,0.04448,0.0,0.0,0.0,0.0438,0.044743,0.080291,0.0,0.0,0.0,0.04651,0.032352,0.077884,0.076621,0.0,0.0,0.0,0.0,0.0,0.0,0.080406,0.0,0.0,0.04939,0.0,0.0,0.03813,0.038627,0.049119,0.028704,0.044268,0.0,0.006243
2022-10-07,0.023999,0.0,0.0,0.054859,0.060677,0.032676,0.0,0.045518,0.0,0.0,0.043704,0.0,0.0,0.0,0.044223,0.044971,0.080139,0.0,0.0,0.0,0.046326,0.031498,0.078067,0.07635,0.0,0.0,0.0,0.0,0.0,0.0,0.079654,0.0,0.0,0.050332,0.0,0.0,0.038609,0.039316,0.049373,0.028918,0.04444,0.0,0.006353
2022-10-10,0.023832,0.0,0.0,0.055072,0.059946,0.031792,0.0,0.04635,0.0,0.0,0.043741,0.0,0.0,0.0,0.043622,0.044473,0.080991,0.0,0.0,0.0,0.046361,0.03114,0.078903,0.077023,0.0,0.0,0.0,0.0,0.0,0.0,0.078442,0.0,0.0,0.051291,0.0,0.0,0.038654,0.039369,0.049116,0.028861,0.044624,0.0,0.006398
2022-10-11,0.023817,0.0,0.0,0.055024,0.059436,0.031084,0.0,0.045899,0.0,0.0,0.043462,0.0,0.0,0.0,0.04335,0.04396,0.081115,0.0,0.0,0.0,0.046691,0.031444,0.079694,0.076882,0.0,0.0,0.0,0.0,0.0,0.0,0.07919,0.0,0.0,0.051181,0.0,0.0,0.038821,0.039665,0.049355,0.028852,0.044669,0.0,0.006409
2022-10-12,0.023765,0.0,0.0,0.054773,0.059201,0.031204,0.0,0.04627,0.0,0.0,0.043754,0.0,0.0,0.0,0.043879,0.044639,0.08081,0.0,0.0,0.0,0.046653,0.031747,0.08045,0.074626,0.0,0.0,0.0,0.0,0.0,0.0,0.078521,0.0,0.0,0.050987,0.0,0.0,0.039108,0.039907,0.049641,0.028936,0.044694,0.0,0.006436
2022-10-13,0.023662,0.0,0.0,0.05446,0.058627,0.030692,0.0,0.046017,0.0,0.0,0.0437,0.0,0.0,0.0,0.04512,0.045718,0.081599,0.0,0.0,0.0,0.047165,0.031911,0.080797,0.075573,0.0,0.0,0.0,0.0,0.0,0.0,0.078559,0.0,0.0,0.050373,0.0,0.0,0.038475,0.039382,0.049153,0.028639,0.044021,0.0,0.006358
2022-10-14,0.024054,0.0,0.0,0.055333,0.059406,0.030817,0.0,0.046209,0.0,0.0,0.042756,0.0,0.0,0.0,0.044148,0.044156,0.081116,0.0,0.0,0.0,0.047615,0.031522,0.08064,0.075702,0.0,0.0,0.0,0.0,0.0,0.0,0.077185,0.0,0.0,0.050894,0.0,0.0,0.038886,0.040061,0.049798,0.028829,0.044411,0.0,0.006463
2022-10-17,0.024061,0.0,0.0,0.055077,0.059383,0.031181,0.0,0.046439,0.0,0.0,0.043736,0.0,0.0,0.0,0.04394,0.044442,0.081481,0.0,0.0,0.0,0.047559,0.032134,0.080128,0.075975,0.0,0.0,0.0,0.0,0.0,0.0,0.078396,0.0,0.0,0.05003,0.0,0.0,0.038267,0.039489,0.049555,0.028476,0.043899,0.0,0.006353
2022-10-18,0.023986,0.0,0.0,0.054833,0.058575,0.030849,0.0,0.046012,0.0,0.0,0.044027,0.0,0.0,0.0,0.044012,0.044565,0.082861,0.0,0.0,0.0,0.047487,0.032058,0.080603,0.07682,0.0,0.0,0.0,0.0,0.0,0.0,0.07815,0.0,0.0,0.049604,0.0,0.0,0.038094,0.039108,0.049553,0.028444,0.044052,0.0,0.006307
2022-10-19,0.024127,0.0,0.0,0.054894,0.058486,0.029788,0.0,0.04589,0.0,0.0,0.043834,0.0,0.0,0.0,0.045624,0.04602,0.082839,0.0,0.0,0.0,0.047146,0.030699,0.080782,0.076344,0.0,0.0,0.0,0.0,0.0,0.0,0.078842,0.0,0.0,0.049846,0.0,0.0,0.037956,0.039177,0.049416,0.028247,0.043694,0.0,0.006352
2022-10-20,0.02442,0.0,0.0,0.055384,0.059718,0.030179,0.0,0.046665,0.0,0.0,0.043286,0.0,0.0,0.0,0.045986,0.045837,0.08178,0.0,0.0,0.0,0.047072,0.030757,0.080213,0.074937,0.0,0.0,0.0,0.0,0.0,0.0,0.07856,0.0,0.0,0.05022,0.0,0.0,0.037936,0.039413,0.049486,0.028198,0.043554,0.0,0.006397
2022-10-21,0.023944,0.0,0.0,0.054053,0.058626,0.030027,0.0,0.04667,0.0,0.0,0.043922,0.0,0.0,0.0,0.04665,0.046208,0.082846,0.0,0.0,0.0,0.047454,0.031163,0.080299,0.075252,0.0,0.0,0.0,0.0,0.0,0.0,0.079936,0.0,0.0,0.049639,0.0,0.0,0.037488,0.03896,0.04926,0.02788,0.043416,0.0,0.006306
2022-10-24,0.024398,0.0,0.0,0.054504,0.0569,0.027159,0.0,0.046766,0.0,0.0,0.044152,0.0,0.0,0.0,0.046922,0.046271,0.08404,0.0,0.0,0.0,0.048422,0.031055,0.081834,0.075966,0.0,0.0,0.0,0.0,0.0,0.0,0.078519,0.0,0.0,0.04952,0.0,0.0,0.037481,0.039095,0.049349,0.027897,0.043436,0.0,0.006314
2022-10-25,0.024562,0.0,0.0,0.054798,0.056799,0.027295,0.0,0.046255,0.0,0.0,0.044678,0.0,0.0,0.0,0.046369,0.046059,0.084081,0.0,0.0,0.0,0.048165,0.031478,0.081845,0.076496,0.0,0.0,0.0,0.0,0.0,0.0,0.079219,0.0,0.0,0.048739,0.0,0.0,0.037462,0.038752,0.049187,0.027908,0.043622,0.0,0.006233
2022-10-26,0.024667,0.0,0.0,0.054901,0.057464,0.028278,0.0,0.046344,0.0,0.0,0.043962,0.0,0.0,0.0,0.046622,0.046401,0.083699,0.0,0.0,0.0,0.048308,0.031744,0.081725,0.075847,0.0,0.0,0.0,0.0,0.0,0.0,0.079676,0.0,0.0,0.048154,0.0,0.0,0.03735,0.038383,0.048925,0.02781,0.043556,0.0,0.006183
2022-10-27,0.024457,0.0,0.0,0.055195,0.057296,0.027592,0.0,0.045922,0.0,0.0,0.043841,0.0,0.0,0.0,0.046841,0.046074,0.08477,0.0,0.0,0.0,0.048106,0.031387,0.081882,0.076536,0.0,0.0,0.0,0.0,0.0,0.0,0.07861,0.0,0.0,0.047914,0.0,0.0,0.037656,0.038722,0.049338,0.02797,0.043702,0.0,0.00619
2022-10-28,0.024367,0.0,0.0,0.0548,0.0558,0.026652,0.0,0.046249,0.0,0.0,0.04367,0.0,0.0,0.0,0.04678,0.045645,0.086326,0.0,0.0,0.0,0.048664,0.032337,0.083277,0.078259,0.0,0.0,0.0,0.0,0.0,0.0,0.076823,0.0,0.0,0.047443,0.0,0.0,0.037283,0.03849,0.04948,0.027893,0.043601,0.0,0.00616
2022-10-31,0.021714,0.0,0.067164,0.050989,0.022806,0.0,0.0,0.072911,0.0,0.0,0.0,0.0,0.0,0.072751,0.046989,0.025891,0.0,0.0,0.0,0.033964,0.046804,0.024805,0.072699,0.0,0.0,0.0,0.0,0.0,0.0,0.0,0.072828,0.072127,0.0,0.072869,0.0,0.0,0.035908,0.036272,0.036302,0.035959,0.072762,0.0,0.005487
2022-11-01,0.021508,0.0,0.067157,0.051127,0.023122,0.0,0.0,0.07273,0.0,0.0,0.0,0.0,0.0,0.072298,0.04708,0.026017,0.0,0.0,0.0,0.033597,0.046474,0.024815,0.071915,0.0,0.0,0.0,0.0,0.0,0.0,0.0,0.073904,0.072306,0.0,0.073114,0.0,0.0,0.035627,0.035988,0.036241,0.035941,0.073596,0.0,0.005446
2022-11-02,0.021674,0.0,0.06758,0.051288,0.023382,0.0,0.0,0.072803,0.0,0.0,0.0,0.0,0.0,0.071562,0.04654,0.02566,0.0,0.0,0.0,0.032733,0.046274,0.024639,0.071579,0.0,0.0,0.0,0.0,0.0,0.0,0.0,0.073403,0.072731,0.0,0.073654,0.0,0.0,0.036026,0.036371,0.036376,0.036231,0.07398,0.0,0.005516
2022-11-03,0.021241,0.0,0.067538,0.050976,0.023374,0.0,0.0,0.073396,0.0,0.0,0.0,0.0,0.0,0.070993,0.047504,0.026302,0.0,0.0,0.0,0.032203,0.04618,0.024525,0.071494,0.0,0.0,0.0,0.0,0.0,0.0,0.0,0.074442,0.072612,0.0,0.073444,0.0,0.0,0.035948,0.036045,0.036195,0.036181,0.07388,0.0,0.005529
2022-11-04,0.021063,0.0,0.067756,0.049688,0.023809,0.0,0.0,0.073754,0.0,0.0,0.0,0.0,0.0,0.071513,0.047318,0.026385,0.0,0.0,0.0,0.032343,0.045722,0.023935,0.071189,0.0,0.0,0.0,0.0,0.0,0.0,0.0,0.076932,0.073651,0.0,0.073187,0.0,0.0,0.0353,0.035604,0.035865,0.035676,0.073871,0.0,0.005441
2022-11-07,0.021246,0.0,0.06788,0.049845,0.02389,0.0,0.0,0.073555,0.0,0.0,0.0,0.0,0.0,0.071756,0.047945,0.027079,0.0,0.0,0.0,0.032421,0.046033,0.023592,0.071547,0.0,0.0,0.0,0.0,0.0,0.0,0.0,0.076313,0.073076,0.0,0.073159,0.0,0.0,0.03504,0.03551,0.035723,0.035408,0.07356,0.0,0.005421
2022-11-08,0.021475,0.0,0.068398,0.049897,0.023959,0.0,0.0,0.073653,0.0,0.0,0.0,0.0,0.0,0.071155,0.047669,0.026722,0.0,0.0,0.0,0.032167,0.045952,0.023653,0.071271,0.0,0.0,0.0,0.0,0.0,0.0,0.0,0.077381,0.074261,0.0,0.072306,0.0,0.0,0.035036,0.035322,0.035448,0.035317,0.073574,0.0,0.005384
2022-11-09,0.021514,0.0,0.068348,0.050001,0.024121,0.0,0.0,0.073783,0.0,0.0,0.0,0.0,0.0,0.071074,0.046086,0.025377,0.0,0.0,0.0,0.032542,0.046207,0.023242,0.07166,0.0,0.0,0.0,0.0,0.0,0.0,0.0,0.075539,0.075108,0.0,0.07317,0.0,0.0,0.035736,0.03583,0.035602,0.035807,0.07378,0.0,0.005473
2022-11-10,0.021518,0.0,0.06967,0.049801,0.023751,0.0,0.0,0.073194,0.0,0.0,0.0,0.0,0.0,0.072107,0.045483,0.025417,0.0,0.0,0.0,0.034873,0.045743,0.024159,0.070807,0.0,0.0,0.0,0.0,0.0,0.0,0.0,0.076515,0.074718,0.0,0.070851,0.0,0.0,0.035274,0.035165,0.035441,0.035727,0.074503,0.0,0.005284
2022-11-11,0.021619,0.0,0.070573,0.049382,0.024208,0.0,0.0,0.072732,0.0,0.0,0.0,0.0,0.0,0.071333,0.046488,0.026038,0.0,0.0,0.0,0.034954,0.044877,0.024469,0.070252,0.0,0.0,0.0,0.0,0.0,0.0,0.0,0.077821,0.074703,0.0,0.070548,0.0,0.0,0.034963,0.034907,0.035325,0.03558,0.073981,0.0,0.005248
2022-11-14,0.021952,0.0,0.070219,0.049665,0.024477,0.0,0.0,0.072452,0.0,0.0,0.0,0.0,0.0,0.070743,0.04688,0.025883,0.0,0.0,0.0,0.034009,0.045311,0.024482,0.070308,0.0,0.0,0.0,0.0,0.0,0.0,0.0,0.076463,0.075521,0.0,0.07113,0.0,0.0,0.035184,0.034953,0.035371,0.03571,0.073994,0.0,0.005295
2022-11-15,0.022002,0.0,0.070183,0.049649,0.02497,0.0,0.0,0.072235,0.0,0.0,0.0,0.0,0.0,0.070656,0.047036,0.026322,0.0,0.0,0.0,0.034686,0.044931,0.024244,0.070392,0.0,0.0,0.0,0.0,0.0,0.0,0.0,0.075,0.075248,0.0,0.070835,0.0,0.0,0.035193,0.03493,0.035428,0.03595,0.074852,0.0,0.005257
2022-11-16,0.021913,0.0,0.070521,0.049034,0.024651,0.0,0.0,0.071935,0.0,0.0,0.0,0.0,0.0,0.070116,0.04646,0.025774,0.0,0.0,0.0,0.034584,0.045285,0.023758,0.071325,0.0,0.0,0.0,0.0,0.0,0.0,0.0,0.07373,0.0757,0.0,0.071176,0.0,0.0,0.035747,0.035309,0.035646,0.036559,0.075475,0.0,0.005302
2022-11-17,0.021821,0.0,0.07092,0.048935,0.024685,0.0,0.0,0.072173,0.0,0.0,0.0,0.0,0.0,0.069666,0.046911,0.025913,0.0,0.0,0.0,0.034269,0.045605,0.023658,0.071842,0.0,0.0,0.0,0.0,0.0,0.0,0.0,0.07262,0.075715,0.0,0.071068,0.0,0.0,0.035771,0.035333,0.03576,0.036636,0.075357,0.0,0.005342
2022-11-18,0.022021,0.0,0.070855,0.049442,0.024672,0.0,0.0,0.072116,0.0,0.0,0.0,0.0,0.0,0.070181,0.046514,0.025613,0.0,0.0,0.0,0.034332,0.046131,0.023783,0.07257,0.0,0.0,0.0,0.0,0.0,0.0,0.0,0.071711,0.075151,0.0,0.071064,0.0,0.0,0.035626,0.035134,0.035817,0.036612,0.075316,0.0,0.00534
2022-11-21,0.021929,0.0,0.070477,0.049698,0.024369,0.0,0.0,0.07178,0.0,0.0,0.0,0.0,0.0,0.070714,0.046014,0.025196,0.0,0.0,0.0,0.03414,0.046281,0.023514,0.073465,0.0,0.0,0.0,0.0,0.0,0.0,0.0,0.071498,0.074941,0.0,0.071407,0.0,0.0,0.035703,0.035419,0.035903,0.03666,0.075536,0.0,0.005355
2022-11-22,0.021937,0.0,0.071299,0.049549,0.024167,0.0,0.0,0.071581,0.0,0.0,0.0,0.0,0.0,0.07091,0.047003,0.025969,0.0,0.0,0.0,0.034619,0.046239,0.023611,0.073297,0.0,0.0,0.0,0.0,0.0,0.0,0.0,0.070523,0.074315,0.0,0.070835,0.0,0.0,0.035566,0.035224,0.035821,0.036634,0.075596,0.0,0.005304
2022-11-23,0.022119,0.0,0.071812,0.049587,0.024279,0.0,0.0,0.071179,0.0,0.0,0.0,0.0,0.0,0.070611,0.046297,0.02545,0.0,0.0,0.0,0.034851,0.046228,0.02352,0.073238,0.0,0.0,0.0,0.0,0.0,0.0,0.0,0.071473,0.074463,0.0,0.070253,0.0,0.0,0.035607,0.035269,0.03587,0.036846,0.075768,0.0,0.005281
2022-11-24,0.02223,0.0,0.071775,0.049686,0.024535,0.0,0.0,0.071143,0.0,0.0,0.0,0.0,0.0,0.070574,0.046273,0.025437,0.0,0.0,0.0,0.034833,0.046204,0.023508,0.0732,0.0,0.0,0.0,0.0,0.0,0.0,0.0,0.071436,0.074425,0.0,0.070217,0.0,0.0,0.035588,0.03525,0.035851,0.036827,0.075728,0.0,0.00528
2022-11-25,0.022179,0.0,0.072288,0.049709,0.024258,0.0,0.0,0.071878,0.0,0.0,0.0,0.0,0.0,0.071114,0.046117,0.025446,0.0,0.0,0.0,0.034831,0.046492,0.023532,0.07327,0.0,0.0,0.0,0.0,0.0,0.0,0.0,0.069309,0.074511,0.0,0.070202,0.0,0.0,0.035588,0.035228,0.035791,0.036875,0.076099,0.0,0.005282
2022-11-28,0.022218,0.0,0.072461,0.049697,0.024433,0.0,0.0,0.072457,0.0,0.0,0.0,0.0,0.0,0.07025,0.045307,0.02476,0.0,0.0,0.0,0.034623,0.046612,0.023358,0.073733,0.0,0.0,0.0,0.0,0.0,0.0,0.0,0.068775,0.074673,0.0,0.070523,0.0,0.0,0.035964,0.035503,0.035773,0.03698,0.076566,0.0,0.005335
2022-11-29,0.021929,0.0,0.071776,0.049356,0.024653,0.0,0.0,0.072834,0.0,0.0,0.0,0.0,0.0,0.070552,0.045838,0.024969,0.0,0.0,0.0,0.034781,0.04634,0.023376,0.073206,0.0,0.0,0.0,0.0,0.0,0.0,0.0,0.069716,0.074791,0.0,0.0705,0.0,0.0,0.035693,0.035233,0.035807,0.036674,0.076659,0.0,0.005318
2022-11-30,0.014435,0.0,0.0,0.068332,0.0,0.0,0.077187,0.082822,0.0,0.0,0.0,0.0,0.039791,0.042776,0.041397,0.041298,0.082143,0.0,0.0,0.017485,0.040822,0.041286,0.082805,0.0,0.0,0.0,0.0,0.0,0.0,0.0,0.05913,0.0,0.0,0.082713,0.0,0.0,0.038632,0.043947,0.060482,0.022039,0.01718,0.0,0.003297
2022-12-01,0.014843,0.0,0.0,0.069007,0.0,0.0,0.076573,0.082829,0.0,0.0,0.0,0.0,0.039573,0.042495,0.041274,0.040488,0.082193,0.0,0.0,0.017726,0.040952,0.041037,0.082455,0.0,0.0,0.0,0.0,0.0,0.0,0.0,0.058986,0.0,0.0,0.082202,0.0,0.0,0.039066,0.044432,0.060724,0.022322,0.017526,0.0,0.003298
2022-12-02,0.014748,0.0,0.0,0.068756,0.0,0.0,0.076679,0.082248,0.0,0.0,0.0,0.0,0.039315,0.042237,0.040954,0.040075,0.082511,0.0,0.0,0.017577,0.040983,0.04223,0.08268,0.0,0.0,0.0,0.0,0.0,0.0,0.0,0.059754,0.0,0.0,0.081805,0.0,0.0,0.039074,0.04468,0.060566,0.022417,0.017421,0.0,0.003293
2022-12-05,0.01493,0.0,0.0,0.069103,0.0,0.0,0.075603,0.082914,0.0,0.0,0.0,0.0,0.03914,0.041093,0.040567,0.039013,0.082824,0.0,0.0,0.017621,0.041437,0.041711,0.083343,0.0,0.0,0.0,0.0,0.0,0.0,0.0,0.058137,0.0,0.0,0.083133,0.0,0.0,0.039485,0.045144,0.06124,0.02269,0.017512,0.0,0.003361
2022-12-06,0.014845,0.0,0.0,0.0687,0.0,0.0,0.077362,0.082922,0.0,0.0,0.0,0.0,0.039077,0.040966,0.039785,0.03821,0.08244,0.0,0.0,0.017508,0.041422,0.040854,0.083432,0.0,0.0,0.0,0.0,0.0,0.0,0.0,0.058534,0.0,0.0,0.083145,0.0,0.0,0.040017,0.045464,0.061463,0.022924,0.017543,0.0,0.003386
2022-12-07,0.014689,0.0,0.0,0.068308,0.0,0.0,0.076658,0.082905,0.0,0.0,0.0,0.0,0.03883,0.040873,0.039601,0.037792,0.082145,0.0,0.0,0.017912,0.041667,0.041014,0.083594,0.0,0.0,0.0,0.0,0.0,0.0,0.0,0.05922,0.0,0.0,0.08304,0.0,0.0,0.040275,0.045556,0.06166,0.023126,0.017756,0.0,0.003379
2022-12-08,0.014826,0.0,0.0,0.068385,0.0,0.0,0.075322,0.083185,0.0,0.0,0.0,0.0,0.038887,0.040995,0.039448,0.036954,0.082682,0.0,0.0,0.017987,0.042069,0.041286,0.084095,0.0,0.0,0.0,0.0,0.0,0.0,0.0,0.059177,0.0,0.0,0.083132,0.0,0.0,0.040071,0.045571,0.061746,0.023067,0.017734,0.0,0.003381
2022-12-09,0.015016,0.0,0.0,0.069125,0.0,0.0,0.075878,0.082781,0.0,0.0,0.0,0.0,0.039112,0.04116,0.038812,0.036566,0.082692,0.0,0.0,0.018002,0.041879,0.040587,0.084146,0.0,0.0,0.0,0.0,0.0,0.0,0.0,0.058697,0.0,0.0,0.083403,0.0,0.0,0.040109,0.045517,0.062265,0.023086,0.017759,0.0,0.003409
2022-12-12,0.014832,0.0,0.0,0.068491,0.0,0.0,0.073363,0.082617,0.0,0.0,0.0,0.0,0.039398,0.041316,0.039595,0.037727,0.083613,0.0,0.0,0.018125,0.042074,0.041361,0.08453,0.0,0.0,0.0,0.0,0.0,0.0,0.0,0.058096,0.0,0.0,0.08363,0.0,0.0,0.039814,0.045252,0.062135,0.02292,0.01772,0.0,0.003389
2022-12-13,0.015157,0.0,0.0,0.068872,0.0,0.0,0.071455,0.082782,0.0,0.0,0.0,0.0,0.03934,0.040672,0.040184,0.03825,0.08359,0.0,0.0,0.018365,0.042034,0.041846,0.084068,0.0,0.0,0.0,0.0,0.0,0.0,0.0,0.057626,0.0,0.0,0.083799,0.0,0.0,0.040011,0.045202,0.062525,0.023027,0.017818,0.0,0.003376
2022-12-14,0.015178,0.0,0.0,0.069097,0.0,0.0,0.071595,0.08275,0.0,0.0,0.0,0.0,0.038967,0.040124,0.040061,0.038168,0.083691,0.0,0.0,0.018369,0.04223,0.042112,0.084273,0.0,0.0,0.0,0.0,0.0,0.0,0.0,0.057219,0.0,0.0,0.083974,0.0,0.0,0.040244,0.045229,0.062365,0.023119,0.017846,0.0,0.003386
2022-12-15,0.014833,0.0,0.0,0.067824,0.0,0.0,0.072209,0.08229,0.0,0.0,0.0,0.0,0.038691,0.039892,0.040328,0.038817,0.082713,0.0,0.0,0.018801,0.041986,0.041419,0.083901,0.0,0.0,0.0,0.0,0.0,0.0,0.0,0.056871,0.0,0.0,0.085005,0.0,0.0,0.040838,0.045816,0.062924,0.023435,0.017979,0.0,0.00343
2022-12-16,0.014734,0.0,0.0,0.067728,0.0,0.0,0.072242,0.082643,0.0,0.0,0.0,0.0,0.038632,0.039813,0.040079,0.038384,0.08287,0.0,0.0,0.018644,0.041631,0.041815,0.084005,0.0,0.0,0.0,0.0,0.0,0.0,0.0,0.056768,0.0,0.0,0.085272,0.0,0.0,0.040987,0.045852,0.062975,0.023479,0.017996,0.0,0.003452
2022-12-19,0.014728,0.0,0.0,0.067656,0.0,0.0,0.073997,0.083477,0.0,0.0,0.0,0.0,0.038624,0.040031,0.040173,0.037858,0.082638,0.0,0.0,0.018328,0.041579,0.041059,0.084161,0.0,0.0,0.0,0.0,0.0,0.0,0.0,0.056106,0.0,0.0,0.08551,0.0,0.0,0.040756,0.045808,0.06281,0.0233,0.017942,0.0,0.003461
2022-12-20,0.014638,0.0,0.0,0.067292,0.0,0.0,0.076484,0.083136,0.0,0.0,0.0,0.0,0.038618,0.040058,0.040604,0.038091,0.082383,0.0,0.0,0.018111,0.04139,0.041645,0.08373,0.0,0.0,0.0,0.0,0.0,0.0,0.0,0.055624,0.0,0.0,0.08579,0.0,0.0,0.040285,0.045597,0.062379,0.022926,0.017774,0.0,0.003446
2022-12-21,0.014723,0.0,0.0,0.067734,0.0,0.0,0.076279,0.081518,0.0,0.0,0.0,0.0,0.038819,0.040373,0.040955,0.038662,0.083082,0.0,0.0,0.018263,0.041509,0.042141,0.083706,0.0,0.0,0.0,0.0,0.0,0.0,0.0,0.054716,0.0,0.0,0.085862,0.0,0.0,0.039925,0.045379,0.062271,0.022849,0.017824,0.0,0.003412
2022-12-22,0.014591,0.0,0.0,0.06721,0.0,0.0,0.077449,0.081303,0.0,0.0,0.0,0.0,0.03879,0.040447,0.040337,0.037749,0.082692,0.0,0.0,0.018327,0.041788,0.042607,0.084195,0.0,0.0,0.0,0.0,0.0,0.0,0.0,0.053271,0.0,0.0,0.086776,0.0,0.0,0.040238,0.045497,0.062391,0.023028,0.017877,0.0,0.003438
2022-12-23,0.014628,0.0,0.0,0.067194,0.0,0.0,0.078728,0.080029,0.0,0.0,0.0,0.0,0.038854,0.04054,0.041458,0.039049,0.082853,0.0,0.0,0.018228,0.041647,0.041444,0.084299,0.0,0.0,0.0,0.0,0.0,0.0,0.0,0.052725,0.0,0.0,0.086906,0.0,0.0,0.039897,0.045216,0.062303,0.022866,0.01771,0.0,0.003426
2022-12-27,0.01468,0.0,0.0,0.067421,0.0,0.0,0.076374,0.081484,0.0,0.0,0.0,0.0,0.038981,0.040712,0.04205,0.039445,0.083402,0.0,0.0,0.018266,0.041688,0.040388,0.085005,0.0,0.0,0.0,0.0,0.0,0.0,0.0,0.05277,0.0,0.0,0.086827,0.0,0.0,0.039704,0.045169,0.061878,0.022652,0.017667,0.0,0.003439
2022-12-28,0.014683,0.0,0.0,0.06745,0.0,0.0,0.078484,0.082037,0.0,0.0,0.0,0.0,0.039088,0.040648,0.041368,0.037931,0.08283,0.0,0.0,0.017992,0.041679,0.040793,0.084476,0.0,0.0,0.0,0.0,0.0,0.0,0.0,0.05197,0.0,0.0,0.087982,0.0,0.0,0.039858,0.045402,0.06143,0.022724,0.017713,0.0,0.003462
2022-12-29,0.014706,0.0,0.0,0.067444,0.0,0.0,0.077005,0.08205,0.0,0.0,0.0,0.0,0.039243,0.041083,0.041391,0.038368,0.08303,0.0,0.0,0.018222,0.041721,0.042156,0.084008,0.0,0.0,0.0,0.0,0.0,0.0,0.0,0.052698,0.0,0.0,0.086691,0.0,0.0,0.039662,0.045144,0.061616,0.022661,0.017675,0.0,0.003426
2022-12-30,0.015811,0.049798,0.083041,0.06693,0.0,0.0,0.0,0.082968,0.0,0.0,0.0,0.0,0.044025,0.038779,0.06784,0.014507,0.05484,0.027723,0.0,0.050859,0.040718,0.0414,0.082821,0.0,0.0,0.0,0.0,0.0,0.0,0.0,0.0,0.0,0.027012,0.0,0.0,0.0,0.039631,0.0,0.047344,0.035304,0.082721,0.0,0.005928
2023-01-02,0.01579,0.049733,0.082932,0.068159,0.0,0.0,0.0,0.082858,0.0,0.0,0.0,0.0,0.043967,0.038728,0.067751,0.014488,0.054768,0.027686,0.0,0.050792,0.040665,0.041346,0.082712,0.0,0.0,0.0,0.0,0.0,0.0,0.0,0.0,0.0,0.026976,0.0,0.0,0.0,0.039579,0.0,0.047282,0.035257,0.082612,0.0,0.005921
2023-01-03,0.015763,0.050442,0.083462,0.067805,0.0,0.0,0.0,0.08331,0.0,0.0,0.0,0.0,0.044193,0.038636,0.065478,0.0137,0.054973,0.027787,0.0,0.05157,0.040613,0.040679,0.082534,0.0,0.0,0.0,0.0,0.0,0.0,0.0,0.0,0.0,0.027056,0.0,0.0,0.0,0.039953,0.0,0.047448,0.035559,0.083107,0.0,0.005932
2023-01-04,0.015874,0.051022,0.082025,0.067939,0.0,0.0,0.0,0.082613,0.0,0.0,0.0,0.0,0.044568,0.038784,0.064985,0.013646,0.055048,0.028088,0.0,0.052321,0.040419,0.041224,0.082242,0.0,0.0,0.0,0.0,0.0,0.0,0.0,0.0,0.0,0.026661,0.0,0.0,0.0,0.03996,0.0,0.047639,0.035551,0.083501,0.0,0.005889
2023-01-05,0.015757,0.050894,0.081457,0.06801,0.0,0.0,0.0,0.082566,0.0,0.0,0.0,0.0,0.044529,0.038664,0.06661,0.013757,0.054816,0.0279,0.0,0.052442,0.040271,0.041139,0.081955,0.0,0.0,0.0,0.0,0.0,0.0,0.0,0.0,0.0,0.026225,0.0,0.0,0.0,0.040168,0.0,0.047859,0.03576,0.083293,0.0,0.005928
2023-01-06,0.015741,0.051255,0.08191,0.067495,0.0,0.0,0.0,0.082007,0.0,0.0,0.0,0.0,0.044653,0.038947,0.066581,0.013771,0.055245,0.028364,0.0,0.052439,0.039869,0.040669,0.08254,0.0,0.0,0.0,0.0,0.0,0.0,0.0,0.0,0.0,0.026363,0.0,0.0,0.0,0.03991,0.0,0.047616,0.035654,0.083155,0.0,0.005815
2023-01-09,0.016065,0.051665,0.082224,0.067874,0.0,0.0,0.0,0.082317,0.0,0.0,0.0,0.0,0.044562,0.038766,0.066454,0.013934,0.055089,0.028738,0.0,0.052434,0.039266,0.039809,0.081868,0.0,0.0,0.0,0.0,0.0,0.0,0.0,0.0,0.0,0.026189,0.0,0.0,0.0,0.040077,0.0,0.047864,0.035854,0.083127,0.0,0.005823
2023-01-10,0.015842,0.05182,0.081884,0.0673,0.0,0.0,0.0,0.082152,0.0,0.0,0.0,0.0,0.044735,0.038984,0.066808,0.013957,0.055292,0.028822,0.0,0.052843,0.039526,0.040868,0.081614,0.0,0.0,0.0,0.0,0.0,0.0,0.0,0.0,0.0,0.026131,0.0,0.0,0.0,0.039755,0.0,0.047722,0.035669,0.082462,0.0,0.005815
2023-01-11,0.015903,0.051795,0.081918,0.067496,0.0,0.0,0.0,0.081589,0.0,0.0,0.0,0.0,0.04481,0.039023,0.066506,0.013959,0.055401,0.02897,0.0,0.053848,0.039448,0.040948,0.08104,0.0,0.0,0.0,0.0,0.0,0.0,0.0,0.0,0.0,0.025718,0.0,0.0,0.0,0.039708,0.0,0.047674,0.035702,0.082771,0.0,0.005771
2023-01-12,0.015868,0.051912,0.083058,0.067248,0.0,0.0,0.0,0.081295,0.0,0.0,0.0,0.0,0.044452,0.039008,0.067101,0.014229,0.055174,0.029009,0.0,0.053507,0.038932,0.042242,0.079604,0.0,0.0,0.0,0.0,0.0,0.0,0.0,0.0,0.0,0.025853,0.0,0.0,0.0,0.039664,0.0,0.047467,0.035747,0.082919,0.0,0.005713
2023-01-13,0.015883,0.052027,0.083207,0.067632,0.0,0.0,0.0,0.081097,0.0,0.0,0.0,0.0,0.044678,0.039012,0.067034,0.014269,0.054975,0.028827,0.0,0.05365,0.03901,0.04212,0.079784,0.0,0.0,0.0,0.0,0.0,0.0,0.0,0.0,0.0,0.02632,0.0,0.0,0.0,0.039357,0.0,0.047352,0.035544,0.08252,0.0,0.005702
2023-01-16,0.015968,0.052005,0.083172,0.067934,0.0,0.0,0.0,0.081063,0.0,0.0,0.0,0.0,0.044659,0.038995,0.067006,0.014263,0.054952,0.028815,0.0,0.053628,0.038994,0.042102,0.07975,0.0,0.0,0.0,0.0,0.0,0.0,0.0,0.0,0.0,0.026309,0.0,0.0,0.0,0.03934,0.0,0.047332,0.035529,0.082485,0.0,0.005698
2023-01-17,0.016003,0.052196,0.084062,0.068163,0.0,0.0,0.0,0.081178,0.0,0.0,0.0,0.0,0.044414,0.038893,0.067226,0.014348,0.054549,0.028777,0.0,0.053506,0.038858,0.041662,0.079897,0.0,0.0,0.0,0.0,0.0,0.0,0.0,0.0,0.0,0.025963,0.0,0.0,0.0,0.039263,0.0,0.047227,0.035442,0.082667,0.0,0.005706
2023-01-18,0.016061,0.052427,0.084568,0.068519,0.0,0.0,0.0,0.081761,0.0,0.0,0.0,0.0,0.043909,0.038025,0.066486,0.014172,0.053921,0.028698,0.0,0.053618,0.038595,0.04145,0.078295,0.0,0.0,0.0,0.0,0.0,0.0,0.0,0.0,0.0,0.025633,0.0,0.0,0.0,0.040092,0.0,0.047633,0.036124,0.084266,0.0,0.005749
2023-01-19,0.015872,0.052445,0.084976,0.067614,0.0,0.0,0.0,0.082295,0.0,0.0,0.0,0.0,0.043629,0.038144,0.067672,0.014525,0.053094,0.028537,0.0,0.052524,0.038895,0.041239,0.077967,0.0,0.0,0.0,0.0,0.0,0.0,0.0,0.0,0.0,0.026236,0.0,0.0,0.0,0.040229,0.0,0.047606,0.036242,0.084478,0.0,0.00578
2023-01-20,0.015916,0.052426,0.085186,0.067627,0.0,0.0,0.0,0.081898,0.0,0.0,0.0,0.0,0.043929,0.038821,0.067744,0.014605,0.053361,0.028779,0.0,0.053212,0.038747,0.041888,0.077882,0.0,0.0,0.0,0.0,0.0,0.0,0.0,0.0,0.0,0.026076,0.0,0.0,0.0,0.039612,0.0,0.047281,0.035736,0.083547,0.0,0.005731
2023-01-23,0.016135,0.052495,0.08467,0.068249,0.0,0.0,0.0,0.081322,0.0,0.0,0.0,0.0,0.044292,0.039213,0.06761,0.014766,0.053765,0.028997,0.0,0.053634,0.038752,0.041831,0.077871,0.0,0.0,0.0,0.0,0.0,0.0,0.0,0.0,0.0,0.025471,0.0,0.0,0.0,0.039354,0.0,0.047119,0.035515,0.083224,0.0,0.005712
2023-01-24,0.0161,0.052279,0.08513,0.068205,0.0,0.0,0.0,0.080469,0.0,0.0,0.0,0.0,0.044259,0.038782,0.06726,0.014588,0.054048,0.02868,0.0,0.053991,0.038444,0.042572,0.078089,0.0,0.0,0.0,0.0,0.0,0.0,0.0,0.0,0.0,0.025649,0.0,0.0,0.0,0.039529,0.0,0.047087,0.035655,0.083481,0.0,0.005704
2023-01-25,0.01598,0.052469,0.086127,0.067611,0.0,0.0,0.0,0.079735,0.0,0.0,0.0,0.0,0.04459,0.03895,0.067244,0.014567,0.053729,0.028424,0.0,0.054013,0.038443,0.042595,0.078254,0.0,0.0,0.0,0.0,0.0,0.0,0.0,0.0,0.0,0.025888,0.0,0.0,0.0,0.039559,0.0,0.047065,0.035659,0.083396,0.0,0.005702
2023-01-26,0.016056,0.052312,0.085595,0.067933,0.0,0.0,0.0,0.07971,0.0,0.0,0.0,0.0,0.044639,0.039208,0.06908,0.014855,0.053801,0.028274,0.0,0.053982,0.038355,0.042271,0.077654,0.0,0.0,0.0,0.0,0.0,0.0,0.0,0.0,0.0,0.025804,0.0,0.0,0.0,0.039253,0.0,0.046987,0.035498,0.083051,0.0,0.00568
2023-01-27,0.016256,0.052284,0.086066,0.068691,0.0,0.0,0.0,0.07789,0.0,0.0,0.0,0.0,0.044763,0.039539,0.067873,0.014693,0.054175,0.028597,0.0,0.054461,0.0382,0.042771,0.077645,0.0,0.0,0.0,0.0,0.0,0.0,0.0,0.0,0.0,0.025511,0.0,0.0,0.0,0.039302,0.0,0.046975,0.035494,0.083121,0.0,0.005696
2023-01-30,0.016318,0.052429,0.086317,0.069131,0.0,0.0,0.0,0.07845,0.0,0.0,0.0,0.0,0.044938,0.039501,0.06691,0.014345,0.054123,0.028271,0.0,0.054005,0.038192,0.042047,0.078434,0.0,0.0,0.0,0.0,0.0,0.0,0.0,0.0,0.0,0.025715,0.0,0.0,0.0,0.039528,0.0,0.047133,0.035674,0.082793,0.0,0.005746
2023-01-31,0.03626,0.069989,0.070148,0.0,0.012221,0.0,0.0,0.0,0.0,0.0,0.0,0.0,0.070085,0.0,0.069994,0.0,0.070149,0.0,0.057767,0.069801,0.035438,0.033933,0.069877,0.0,0.0,0.0,0.0,0.0,0.035294,0.0,0.0,0.034424,0.034959,0.015357,0.069931,0.0,0.0,0.0,0.048342,0.021307,0.070172,0.0,0.004553
2023-02-01,0.036129,0.070217,0.069812,0.0,0.012192,0.0,0.0,0.0,0.0,0.0,0.0,0.0,0.069512,0.0,0.068055,0.0,0.070081,0.0,0.057674,0.070644,0.035314,0.033974,0.06986,0.0,0.0,0.0,0.0,0.0,0.036153,0.0,0.0,0.034573,0.03507,0.015126,0.070384,0.0,0.0,0.0,0.048451,0.021348,0.070918,0.0,0.004514
2023-02-02,0.037004,0.070392,0.069695,0.0,0.012247,0.0,0.0,0.0,0.0,0.0,0.0,0.0,0.069751,0.0,0.06655,0.0,0.070677,0.0,0.057531,0.072904,0.035099,0.034842,0.069307,0.0,0.0,0.0,0.0,0.0,0.036723,0.0,0.0,0.033879,0.034284,0.015197,0.068046,0.0,0.0,0.0,0.048762,0.021393,0.071199,0.0,0.004519
2023-02-03,0.037369,0.070549,0.069745,0.0,0.012241,0.0,0.0,0.0,0.0,0.0,0.0,0.0,0.070472,0.0,0.067218,0.0,0.07117,0.0,0.057188,0.072084,0.035425,0.034664,0.069881,0.0,0.0,0.0,0.0,0.0,0.036577,0.0,0.0,0.033439,0.033096,0.015299,0.067673,0.0,0.0,0.0,0.048843,0.02141,0.071082,0.0,0.004574
2023-02-06,0.037126,0.070395,0.069713,0.0,0.012073,0.0,0.0,0.0,0.0,0.0,0.0,0.0,0.071069,0.0,0.067498,0.0,0.071618,0.0,0.057052,0.071474,0.035536,0.0347,0.070579,0.0,0.0,0.0,0.0,0.0,0.036341,0.0,0.0,0.033801,0.033239,0.015394,0.066703,0.0,0.0,0.0,0.048954,0.021431,0.070689,0.0,0.004614
2023-02-07,0.036764,0.070281,0.070104,0.0,0.011962,0.0,0.0,0.0,0.0,0.0,0.0,0.0,0.071248,0.0,0.069073,0.0,0.071205,0.0,0.057307,0.071597,0.035448,0.03463,0.069658,0.0,0.0,0.0,0.0,0.0,0.036734,0.0,0.0,0.033533,0.032784,0.015296,0.067813,0.0,0.0,0.0,0.048693,0.021171,0.070127,0.0,0.004573
2023-02-08,0.037084,0.070529,0.069868,0.0,0.012037,0.0,0.0,0.0,0.0,0.0,0.0,0.0,0.071368,0.0,0.068982,0.0,0.071348,0.0,0.057285,0.070552,0.035615,0.033687,0.069656,0.0,0.0,0.0,0.0,0.0,0.036446,0.0,0.0,0.033874,0.033198,0.01546,0.067562,0.0,0.0,0.0,0.048861,0.021355,0.070625,0.0,0.004609
2023-02-09,0.037443,0.071077,0.070368,0.0,0.012266,0.0,0.0,0.0,0.0,0.0,0.0,0.0,0.071004,0.0,0.068809,0.0,0.071138,0.0,0.056801,0.070759,0.035519,0.033465,0.069773,0.0,0.0,0.0,0.0,0.0,0.036276,0.0,0.0,0.033811,0.032911,0.015454,0.067751,0.0,0.0,0.0,0.048841,0.021305,0.070592,0.0,0.004638
2023-02-10,0.036967,0.070398,0.070665,0.0,0.012106,0.0,0.0,0.0,0.0,0.0,0.0,0.0,0.071133,0.0,0.071398,0.0,0.071537,0.0,0.056925,0.070848,0.035801,0.033233,0.070315,0.0,0.0,0.0,0.0,0.0,0.035996,0.0,0.0,0.033825,0.03296,0.015578,0.066221,0.0,0.0,0.0,0.048394,0.021125,0.069941,0.0,0.004632
2023-02-13,0.037082,0.070899,0.070139,0.0,0.012094,0.0,0.0,0.0,0.0,0.0,0.0,0.0,0.071453,0.0,0.070722,0.0,0.071688,0.0,0.056827,0.072018,0.035848,0.03298,0.070622,0.0,0.0,0.0,0.0,0.0,0.035941,0.0,0.0,0.03342,0.032667,0.015562,0.066549,0.0,0.0,0.0,0.048181,0.021056,0.069651,0.0,0.0046
2023-02-14,0.036951,0.071274,0.069826,0.0,0.012046,0.0,0.0,0.0,0.0,0.0,0.0,0.0,0.071103,0.0,0.070783,0.0,0.071532,0.0,0.056988,0.071499,0.035655,0.033121,0.070018,0.0,0.0,0.0,0.0,0.0,0.036335,0.0,0.0,0.033463,0.032555,0.015693,0.067594,0.0,0.0,0.0,0.048219,0.021015,0.069728,0.0,0.004603
2023-02-15,0.037196,0.071395,0.069322,0.0,0.011965,0.0,0.0,0.0,0.0,0.0,0.0,0.0,0.071371,0.0,0.069766,0.0,0.072169,0.0,0.057389,0.071975,0.035573,0.033279,0.070339,0.0,0.0,0.0,0.0,0.0,0.036477,0.0,0.0,0.033218,0.032269,0.015604,0.067105,0.0,0.0,0.0,0.04827,0.020991,0.069712,0.0,0.004615
2023-02-16,0.037479,0.071473,0.069566,0.0,0.012126,0.0,0.0,0.0,0.0,0.0,0.0,0.0,0.071138,0.0,0.069554,0.0,0.071913,0.0,0.057128,0.071455,0.035459,0.033005,0.07031,0.0,0.0,0.0,0.0,0.0,0.036228,0.0,0.0,0.033419,0.032409,0.015781,0.067998,0.0,0.0,0.0,0.048212,0.020966,0.069732,0.0,0.004647
2023-02-17,0.037042,0.072027,0.06969,0.0,0.011965,0.0,0.0,0.0,0.0,0.0,0.0,0.0,0.071309,0.0,0.067221,0.0,0.072538,0.0,0.056714,0.070408,0.035853,0.033868,0.071371,0.0,0.0,0.0,0.0,0.0,0.035745,0.0,0.0,0.033591,0.032756,0.015892,0.067849,0.0,0.0,0.0,0.048504,0.021093,0.069906,0.0,0.004658
2023-02-20,0.037178,0.072006,0.069671,0.0,0.012097,0.0,0.0,0.0,0.0,0.0,0.0,0.0,0.071289,0.0,0.067202,0.0,0.072518,0.0,0.056698,0.070388,0.035843,0.033858,0.071351,0.0,0.0,0.0,0.0,0.0,0.035735,0.0,0.0,0.033581,0.032747,0.015887,0.06783,0.0,0.0,0.0,0.04849,0.021087,0.069886,0.0,0.004657
2023-02-21,0.03731,0.072229,0.069827,0.0,0.012074,0.0,0.0,0.0,0.0,0.0,0.0,0.0,0.070847,0.0,0.067851,0.0,0.071899,0.0,0.056583,0.068583,0.035899,0.032761,0.072125,0.0,0.0,0.0,0.0,0.0,0.035261,0.0,0.0,0.033948,0.033328,0.016278,0.069091,0.0,0.0,0.0,0.048444,0.021094,0.069843,0.0,0.004726
2023-02-22,0.037255,0.071968,0.069481,0.0,0.011985,0.0,0.0,0.0,0.0,0.0,0.0,0.0,0.070946,0.0,0.067569,0.0,0.071901,0.0,0.057151,0.069445,0.035868,0.033185,0.072198,0.0,0.0,0.0,0.0,0.0,0.035319,0.0,0.0,0.033842,0.03288,0.016241,0.067645,0.0,0.0,0.0,0.048884,0.021207,0.070293,0.0,0.004739
2023-02-23,0.036926,0.072083,0.069848,0.0,0.011971,0.0,0.0,0.0,0.0,0.0,0.0,0.0,0.070672,0.0,0.068267,0.0,0.071899,0.0,0.056947,0.06996,0.035796,0.032966,0.071772,0.0,0.0,0.0,0.0,0.0,0.035997,0.0,0.0,0.033665,0.032527,0.016149,0.066347,0.0,0.0,0.0,0.049136,0.021273,0.071083,0.0,0.004717
2023-02-24,0.036973,0.071549,0.069495,0.0,0.011824,0.0,0.0,0.0,0.0,0.0,0.0,0.0,0.071437,0.0,0.068858,0.0,0.072198,0.0,0.0579,0.070091,0.035686,0.032497,0.072002,0.0,0.0,0.0,0.0,0.0,0.036015,0.0,0.0,0.033756,0.031947,0.016072,0.06499,0.0,0.0,0.0,0.049326,0.021324,0.071297,0.0,0.004764
2023-02-27,0.037063,0.072169,0.069731,0.0,0.011823,0.0,0.0,0.0,0.0,0.0,0.0,0.0,0.070984,0.0,0.068642,0.0,0.072397,0.0,0.05774,0.070103,0.035362,0.032561,0.071486,0.0,0.0,0.0,0.0,0.0,0.036274,0.0,0.0,0.033683,0.031487,0.015958,0.066021,0.0,0.0,0.0,0.049357,0.021201,0.071223,0.0,0.004736
2023-02-28,0.024709,0.071947,0.072302,0.0,0.062835,0.024776,0.0,0.0,0.028963,0.018388,0.0,0.0,0.072245,0.0,0.072058,0.0,0.071579,0.0,0.072219,0.072115,0.0,0.0,0.0,0.0,0.0,0.0,0.0,0.0,0.072244,0.0,0.0,0.035179,0.036137,0.0,0.072119,0.0,0.0,0.0,0.0,0.0,0.046043,0.058628,0.015515
2023-03-01,0.02438,0.071809,0.071822,0.0,0.063511,0.025521,0.0,0.0,0.029066,0.018586,0.0,0.0,0.07141,0.0,0.072873,0.0,0.07127,0.0,0.072184,0.070697,0.0,0.0,0.0,0.0,0.0,0.0,0.0,0.0,0.071832,0.0,0.0,0.03509,0.035969,0.0,0.074755,0.0,0.0,0.0,0.0,0.0,0.045362,0.058473,0.01539
2023-03-02,0.024279,0.07168,0.071722,0.0,0.063466,0.025822,0.0,0.0,0.029119,0.018459,0.0,0.0,0.070894,0.0,0.073333,0.0,0.071929,0.0,0.072827,0.070934,0.0,0.0,0.0,0.0,0.0,0.0,0.0,0.0,0.071867,0.0,0.0,0.034983,0.035788,0.0,0.07393,0.0,0.0,0.0,0.0,0.0,0.045084,0.058531,0.015352
2023-03-03,0.024391,0.071717,0.072481,0.0,0.063174,0.025554,0.0,0.0,0.029057,0.018616,0.0,0.0,0.07114,0.0,0.073428,0.0,0.071826,0.0,0.07297,0.071386,0.0,0.0,0.0,0.0,0.0,0.0,0.0,0.0,0.073215,0.0,0.0,0.03493,0.035923,0.0,0.075136,0.0,0.0,0.0,0.0,0.0,0.045221,0.054667,0.015168
2023-03-06,0.02478,0.071932,0.072831,0.0,0.06381,0.025337,0.0,0.0,0.029113,0.018746,0.0,0.0,0.071543,0.0,0.073815,0.0,0.072039,0.0,0.072134,0.070851,0.0,0.0,0.0,0.0,0.0,0.0,0.0,0.0,0.073236,0.0,0.0,0.034921,0.035672,0.0,0.073609,0.0,0.0,0.0,0.0,0.0,0.045257,0.055131,0.015242
2023-03-07,0.024848,0.071776,0.073564,0.0,0.063902,0.025257,0.0,0.0,0.029457,0.01857,0.0,0.0,0.071028,0.0,0.073917,0.0,0.072473,0.0,0.072065,0.071619,0.0,0.0,0.0,0.0,0.0,0.0,0.0,0.0,0.073439,0.0,0.0,0.034966,0.034717,0.0,0.071529,0.0,0.0,0.0,0.0,0.0,0.045933,0.055408,0.015532
2023-03-08,0.024689,0.07179,0.074234,0.0,0.063587,0.024986,0.0,0.0,0.029642,0.018561,0.0,0.0,0.070542,0.0,0.072928,0.0,0.072414,0.0,0.072189,0.072477,0.0,0.0,0.0,0.0,0.0,0.0,0.0,0.0,0.074095,0.0,0.0,0.034839,0.034513,0.0,0.072139,0.0,0.0,0.0,0.0,0.0,0.045571,0.055315,0.015487
2023-03-09,0.025253,0.072513,0.075573,0.0,0.064101,0.02458,0.0,0.0,0.029615,0.018465,0.0,0.0,0.069017,0.0,0.073321,0.0,0.072759,0.0,0.071724,0.073316,0.0,0.0,0.0,0.0,0.0,0.0,0.0,0.0,0.074313,0.0,0.0,0.035879,0.035273,0.0,0.070681,0.0,0.0,0.0,0.0,0.0,0.046485,0.051338,0.015793
2023-03-10,0.025138,0.072636,0.075391,0.0,0.064473,0.024851,0.0,0.0,0.029617,0.018654,0.0,0.0,0.06842,0.0,0.073087,0.0,0.072098,0.0,0.070881,0.072639,0.0,0.0,0.0,0.0,0.0,0.0,0.0,0.0,0.073428,0.0,0.0,0.037009,0.036428,0.0,0.070507,0.0,0.0,0.0,0.0,0.0,0.047377,0.051418,0.015949
2023-03-13,0.024514,0.071485,0.074021,0.0,0.063487,0.024844,0.0,0.0,0.029601,0.018891,0.0,0.0,0.065144,0.0,0.070975,0.0,0.071063,0.0,0.069541,0.072209,0.0,0.0,0.0,0.0,0.0,0.0,0.0,0.0,0.072848,0.0,0.0,0.037527,0.038292,0.0,0.07053,0.0,0.0,0.0,0.0,0.0,0.046885,0.062327,0.015814
2023-03-14,0.024586,0.072106,0.073097,0.0,0.062836,0.02474,0.0,0.0,0.029375,0.018461,0.0,0.0,0.06582,0.0,0.070983,0.0,0.071119,0.0,0.06975,0.072661,0.0,0.0,0.0,0.0,0.0,0.0,0.0,0.0,0.073381,0.0,0.0,0.036949,0.037713,0.0,0.070713,0.0,0.0,0.0,0.0,0.0,0.046306,0.063743,0.015662
2023-03-15,0.024594,0.071177,0.073461,0.0,0.062806,0.024977,0.0,0.0,0.02951,0.018633,0.0,0.0,0.065721,0.0,0.068907,0.0,0.07116,0.0,0.069233,0.073646,0.0,0.0,0.0,0.0,0.0,0.0,0.0,0.0,0.073531,0.0,0.0,0.0382,0.038901,0.0,0.068186,0.0,0.0,0.0,0.0,0.0,0.047677,0.063615,0.016064
2023-03-16,0.024706,0.071129,0.073797,0.0,0.063058,0.02488,0.0,0.0,0.029545,0.018904,0.0,0.0,0.065939,0.0,0.068576,0.0,0.07096,0.0,0.068942,0.074176,0.0,0.0,0.0,0.0,0.0,0.0,0.0,0.0,0.074986,0.0,0.0,0.037684,0.038145,0.0,0.067886,0.0,0.0,0.0,0.0,0.0,0.046739,0.064127,0.015821
2023-03-17,0.024655,0.070142,0.07342,0.0,0.062996,0.02483,0.0,0.0,0.029451,0.018695,0.0,0.0,0.06389,0.0,0.067575,0.0,0.069877,0.0,0.067951,0.073609,0.0,0.0,0.0,0.0,0.0,0.0,0.0,0.0,0.074353,0.0,0.0,0.038826,0.03955,0.0,0.068391,0.0,0.0,0.0,0.0,0.0,0.046582,0.069367,0.01584
2023-03-20,0.024461,0.070586,0.07352,0.0,0.06233,0.024413,0.0,0.0,0.029342,0.018604,0.0,0.0,0.063762,0.0,0.068032,0.0,0.069883,0.0,0.068448,0.072803,0.0,0.0,0.0,0.0,0.0,0.0,0.0,0.0,0.074283,0.0,0.0,0.038336,0.03915,0.0,0.069822,0.0,0.0,0.0,0.0,0.0,0.045983,0.070604,0.015637
2023-03-21,0.024485,0.071093,0.073108,0.0,0.062084,0.024503,0.0,0.0,0.029294,0.018486,0.0,0.0,0.064611,0.0,0.069562,0.0,0.069863,0.0,0.068465,0.07268,0.0,0.0,0.0,0.0,0.0,0.0,0.0,0.0,0.074815,0.0,0.0,0.037171,0.03841,0.0,0.0694,0.0,0.0,0.0,0.0,0.0,0.045767,0.070751,0.015452
2023-03-22,0.024803,0.071341,0.073579,0.0,0.063284,0.024803,0.0,0.0,0.029853,0.018771,0.0,0.0,0.063701,0.0,0.068715,0.0,0.069162,0.0,0.067873,0.072264,0.0,0.0,0.0,0.0,0.0,0.0,0.0,0.0,0.074648,0.0,0.0,0.038155,0.039824,0.0,0.069682,0.0,0.0,0.0,0.0,0.0,0.046595,0.067348,0.0156
2023-03-23,0.02464,0.070762,0.073292,0.0,0.064033,0.025273,0.0,0.0,0.030008,0.018922,0.0,0.0,0.062749,0.0,0.067201,0.0,0.06839,0.0,0.067232,0.07191,0.0,0.0,0.0,0.0,0.0,0.0,0.0,0.0,0.074701,0.0,0.0,0.038313,0.039831,0.0,0.069389,0.0,0.0,0.0,0.0,0.0,0.046377,0.071508,0.015469
2023-03-24,0.024333,0.070464,0.073778,0.0,0.06327,0.025236,0.0,0.0,0.030137,0.018746,0.0,0.0,0.062937,0.0,0.067707,0.0,0.068924,0.0,0.068026,0.072535,0.0,0.0,0.0,0.0,0.0,0.0,0.0,0.0,0.074698,0.0,0.0,0.03802,0.039863,0.0,0.069451,0.0,0.0,0.0,0.0,0.0,0.046291,0.070054,0.015529
2023-03-27,0.024554,0.07117,0.073981,0.0,0.062849,0.024828,0.0,0.0,0.029883,0.018653,0.0,0.0,0.063706,0.0,0.069038,0.0,0.069387,0.0,0.068419,0.072183,0.0,0.0,0.0,0.0,0.0,0.0,0.0,0.0,0.074944,0.0,0.0,0.037607,0.039799,0.0,0.069814,0.0,0.0,0.0,0.0,0.0,0.046021,0.067658,0.015506
2023-03-28,0.02441,0.070645,0.073639,0.0,0.063445,0.025471,0.0,0.0,0.029583,0.0187,0.0,0.0,0.06327,0.0,0.069647,0.0,0.069287,0.0,0.068297,0.072018,0.0,0.0,0.0,0.0,0.0,0.0,0.0,0.0,0.074089,0.0,0.0,0.037668,0.03993,0.0,0.070584,0.0,0.0,0.0,0.0,0.0,0.045559,0.06835,0.015407
2023-03-29,0.024374,0.070964,0.073076,0.0,0.063069,0.02518,0.0,0.0,0.029336,0.018477,0.0,0.0,0.063463,0.0,0.069806,0.0,0.069492,0.0,0.068455,0.071656,0.0,0.0,0.0,0.0,0.0,0.0,0.0,0.0,0.074656,0.0,0.0,0.037052,0.039492,0.0,0.070953,0.0,0.0,0.0,0.0,0.0,0.045256,0.070011,0.015232
2023-03-30,0.024468,0.071605,0.072971,0.0,0.063199,0.025395,0.0,0.0,0.029254,0.018573,0.0,0.0,0.062939,0.0,0.069687,0.0,0.069216,0.0,0.068505,0.071106,0.0,0.0,0.0,0.0,0.0,0.0,0.0,0.0,0.0748,0.0,0.0,0.03716,0.040168,0.0,0.071969,0.0,0.0,0.0,0.0,0.0,0.045293,0.068551,0.015142
2023-03-31,0.0,0.097716,0.097459,0.0,0.0,0.0,0.0,0.0,0.067103,0.0,0.0,0.0,0.039465,0.0,0.028369,0.0,0.097434,0.0,0.097706,0.097753,0.0,0.0,0.0,0.0,0.0,0.045147,0.0,0.0,0.045419,0.0,0.0,0.044771,0.030465,0.0,0.097604,0.0,0.0,0.0,0.0,0.0,0.0,0.095774,0.017813
2023-04-03,0.0,0.098047,0.097551,0.0,0.0,0.0,0.0,0.0,0.067256,0.0,0.0,0.0,0.039395,0.0,0.029545,0.0,0.097252,0.0,0.097966,0.097701,0.0,0.0,0.0,0.0,0.0,0.044594,0.0,0.0,0.045183,0.0,0.0,0.044929,0.030272,0.0,0.098781,0.0,0.0,0.0,0.0,0.0,0.0,0.093775,0.017753
2023-04-04,0.0,0.098752,0.098203,0.0,0.0,0.0,0.0,0.0,0.06761,0.0,0.0,0.0,0.039302,0.0,0.029214,0.0,0.095742,0.0,0.097232,0.09663,0.0,0.0,0.0,0.0,0.0,0.04407,0.0,0.0,0.044803,0.0,0.0,0.046088,0.031742,0.0,0.097907,0.0,0.0,0.0,0.0,0.0,0.0,0.094828,0.017876
2023-04-05,0.0,0.098896,0.097417,0.0,0.0,0.0,0.0,0.0,0.067233,0.0,0.0,0.0,0.039529,0.0,0.029862,0.0,0.09516,0.0,0.097696,0.096677,0.0,0.0,0.0,0.0,0.0,0.043611,0.0,0.0,0.044255,0.0,0.0,0.046375,0.031924,0.0,0.097806,0.0,0.0,0.0,0.0,0.0,0.0,0.095552,0.018007
2023-04-06,0.0,0.099987,0.097239,0.0,0.0,0.0,0.0,0.0,0.067311,0.0,0.0,0.0,0.039777,0.0,0.029482,0.0,0.095368,0.0,0.097706,0.095664,0.0,0.0,0.0,0.0,0.0,0.043494,0.0,0.0,0.044203,0.0,0.0,0.046159,0.031934,0.0,0.098688,0.0,0.0,0.0,0.0,0.0,0.0,0.094936,0.018052
2023-04-10,0.0,0.099232,0.096305,0.0,0.0,0.0,0.0,0.0,0.066877,0.0,0.0,0.0,0.039563,0.0,0.029494,0.0,0.09551,0.0,0.097432,0.095893,0.0,0.0,0.0,0.0,0.0,0.043928,0.0,0.0,0.044209,0.0,0.0,0.045472,0.031679,0.0,0.097867,0.0,0.0,0.0,0.0,0.0,0.0,0.098623,0.017916
2023-04-11,0.0,0.098408,0.095447,0.0,0.0,0.0,0.0,0.0,0.066461,0.0,0.0,0.0,0.039423,0.0,0.02941,0.0,0.094912,0.0,0.096992,0.097102,0.0,0.0,0.0,0.0,0.0,0.043166,0.0,0.0,0.043742,0.0,0.0,0.045203,0.031512,0.0,0.100082,0.0,0.0,0.0,0.0,0.0,0.0,0.100435,0.017704
2023-04-12,0.0,0.099145,0.095719,0.0,0.0,0.0,0.0,0.0,0.066138,0.0,0.0,0.0,0.039321,0.0,0.029418,0.0,0.095187,0.0,0.097022,0.096839,0.0,0.0,0.0,0.0,0.0,0.042358,0.0,0.0,0.043564,0.0,0.0,0.045404,0.032032,0.0,0.10099,0.0,0.0,0.0,0.0,0.0,0.0,0.099165,0.017698
2023-04-13,0.0,0.099259,0.095873,0.0,0.0,0.0,0.0,0.0,0.065624,0.0,0.0,0.0,0.039191,0.0,0.029241,0.0,0.094378,0.0,0.096828,0.09562,0.0,0.0,0.0,0.0,0.0,0.042187,0.0,0.0,0.04375,0.0,0.0,0.045458,0.032061,0.0,0.103049,0.0,0.0,0.0,0.0,0.0,0.0,0.099996,0.017487
2023-04-14,0.0,0.099426,0.095469,0.0,0.0,0.0,0.0,0.0,0.065708,0.0,0.0,0.0,0.039706,0.0,0.029391,0.0,0.094573,0.0,0.096442,0.096275,0.0,0.0,0.0,0.0,0.0,0.04226,0.0,0.0,0.043613,0.0,0.0,0.044799,0.031583,0.0,0.103164,0.0,0.0,0.0,0.0,0.0,0.0,0.100048,0.017543
2023-04-17,0.0,0.099119,0.095907,0.0,0.0,0.0,0.0,0.0,0.06573,0.0,0.0,0.0,0.040232,0.0,0.029093,0.0,0.095482,0.0,0.097165,0.097423,0.0,0.0,0.0,0.0,0.0,0.042331,0.0,0.0,0.043844,0.0,0.0,0.044674,0.031243,0.0,0.103063,0.0,0.0,0.0,0.0,0.0,0.0,0.097116,0.017578
2023-04-18,0.0,0.098825,0.095539,0.0,0.0,0.0,0.0,0.0,0.064873,0.0,0.0,0.0,0.03996,0.0,0.028923,0.0,0.095002,0.0,0.096619,0.098685,0.0,0.0,0.0,0.0,0.0,0.042099,0.0,0.0,0.043625,0.0,0.0,0.04441,0.031113,0.0,0.104174,0.0,0.0,0.0,0.0,0.0,0.0,0.098745,0.017408
2023-04-19,0.0,0.099328,0.095471,0.0,0.0,0.0,0.0,0.0,0.064518,0.0,0.0,0.0,0.040349,0.0,0.029033,0.0,0.095621,0.0,0.097052,0.099681,0.0,0.0,0.0,0.0,0.0,0.041943,0.0,0.0,0.043979,0.0,0.0,0.044521,0.031448,0.0,0.103474,0.0,0.0,0.0,0.0,0.0,0.0,0.096045,0.017537
2023-04-20,0.0,0.099595,0.096176,0.0,0.0,0.0,0.0,0.0,0.064799,0.0,0.0,0.0,0.040394,0.0,0.028896,0.0,0.095844,0.0,0.097345,0.101822,0.0,0.0,0.0,0.0,0.0,0.042077,0.0,0.0,0.04395,0.0,0.0,0.044881,0.031497,0.0,0.102607,0.0,0.0,0.0,0.0,0.0,0.0,0.092506,0.01761
2023-04-21,0.0,0.101039,0.097391,0.0,0.0,0.0,0.0,0.0,0.064662,0.0,0.0,0.0,0.040529,0.0,0.028928,0.0,0.096293,0.0,0.097157,0.102172,0.0,0.0,0.0,0.0,0.0,0.04206,0.0,0.0,0.044611,0.0,0.0,0.044747,0.031456,0.0,0.100691,0.0,0.0,0.0,0.0,0.0,0.0,0.090528,0.017735
2023-04-24,0.0,0.101191,0.097091,0.0,0.0,0.0,0.0,0.0,0.064627,0.0,0.0,0.0,0.040327,0.0,0.029294,0.0,0.096273,0.0,0.097567,0.102874,0.0,0.0,0.0,0.0,0.0,0.041763,0.0,0.0,0.044337,0.0,0.0,0.044767,0.031512,0.0,0.100057,0.0,0.0,0.0,0.0,0.0,0.0,0.090628,0.017692
2023-04-25,0.0,0.101037,0.097914,0.0,0.0,0.0,0.0,0.0,0.063963,0.0,0.0,0.0,0.04025,0.0,0.029191,0.0,0.095966,0.0,0.096937,0.10331,0.0,0.0,0.0,0.0,0.0,0.040987,0.0,0.0,0.044147,0.0,0.0,0.045694,0.031877,0.0,0.097931,0.0,0.0,0.0,0.0,0.0,0.0,0.092828,0.017969
2023-04-26,0.0,0.101551,0.097981,0.0,0.0,0.0,0.0,0.0,0.064416,0.0,0.0,0.0,0.040038,0.0,0.028925,0.0,0.094557,0.0,0.096201,0.101855,0.0,0.0,0.0,0.0,0.0,0.041383,0.0,0.0,0.044174,0.0,0.0,0.045641,0.03179,0.0,0.099192,0.0,0.0,0.0,0.0,0.0,0.0,0.094248,0.018047
2023-04-27,0.0,0.100786,0.097688,0.0,0.0,0.0,0.0,0.0,0.06409,0.0,0.0,0.0,0.039911,0.0,0.028478,0.0,0.094598,0.0,0.095662,0.102723,0.0,0.0,0.0,0.0,0.0,0.040769,0.0,0.0,0.044167,0.0,0.0,0.044778,0.031269,0.0,0.098786,0.0,0.0,0.0,0.0,0.0,0.0,0.098588,0.017708
2023-04-28,0.084429,0.084574,0.084739,0.0,0.0,0.014198,0.0,0.0,0.039927,0.030171,0.0,0.045389,0.0,0.0,0.0,0.0,0.068578,0.015707,0.053912,0.084736,0.0,0.0,0.054316,0.0,0.024325,0.024615,0.010414,0.0,0.024541,0.0,0.0,0.083846,0.0,0.0,0.081149,0.0,0.0,0.0,0.0,0.0,0.0,0.084768,0.005667
2023-05-01,0.084862,0.085021,0.085072,0.0,0.0,0.014214,0.0,0.0,0.039931,0.030125,0.0,0.045614,0.0,0.0,0.0,0.0,0.069301,0.016034,0.054161,0.084473,0.0,0.0,0.054636,0.0,0.024465,0.024965,0.010447,0.0,0.024874,0.0,0.0,0.083897,0.0,0.0,0.081586,0.0,0.0,0.0,0.0,0.0,0.0,0.080625,0.005696
2023-05-02,0.083872,0.084302,0.084636,0.0,0.0,0.013999,0.0,0.0,0.039922,0.030288,0.0,0.044913,0.0,0.0,0.0,0.0,0.0688,0.016051,0.05381,0.084646,0.0,0.0,0.054665,0.0,0.024315,0.024867,0.010332,0.0,0.024617,0.0,0.0,0.085793,0.0,0.0,0.080752,0.0,0.0,0.0,0.0,0.0,0.0,0.083703,0.005718
2023-05-03,0.084555,0.084617,0.08519,0.0,0.0,0.01398,0.0,0.0,0.03999,0.030144,0.0,0.044762,0.0,0.0,0.0,0.0,0.068574,0.016132,0.053245,0.085458,0.0,0.0,0.054248,0.0,0.024123,0.024595,0.010236,0.0,0.02471,0.0,0.0,0.086567,0.0,0.0,0.080713,0.0,0.0,0.0,0.0,0.0,0.0,0.08244,0.005721
2023-05-04,0.083765,0.084386,0.085552,0.0,0.0,0.014251,0.0,0.0,0.040214,0.030457,0.0,0.044147,0.0,0.0,0.0,0.0,0.067988,0.015992,0.053026,0.084237,0.0,0.0,0.054242,0.0,0.024064,0.024515,0.010215,0.0,0.024828,0.0,0.0,0.087383,0.0,0.0,0.080551,0.0,0.0,0.0,0.0,0.0,0.0,0.084452,0.005735
2023-05-05,0.083787,0.084409,0.085444,0.0,0.0,0.014198,0.0,0.0,0.040227,0.030525,0.0,0.04405,0.0,0.0,0.0,0.0,0.068012,0.016027,0.053136,0.084138,0.0,0.0,0.053951,0.0,0.024309,0.024697,0.010264,0.0,0.024841,0.0,0.0,0.084766,0.0,0.0,0.082105,0.0,0.0,0.0,0.0,0.0,0.0,0.085462,0.005652
2023-05-08,0.084271,0.08491,0.085749,0.0,0.0,0.014313,0.0,0.0,0.040341,0.030681,0.0,0.044752,0.0,0.0,0.0,0.0,0.068157,0.016107,0.053269,0.085117,0.0,0.0,0.054101,0.0,0.024437,0.024944,0.010363,0.0,0.025004,0.0,0.0,0.08536,0.0,0.0,0.083382,0.0,0.0,0.0,0.0,0.0,0.0,0.079055,0.005687
2023-05-09,0.084393,0.084289,0.086722,0.0,0.0,0.014094,0.0,0.0,0.040255,0.030414,0.0,0.044497,0.0,0.0,0.0,0.0,0.068347,0.016046,0.052815,0.08521,0.0,0.0,0.053962,0.0,0.024263,0.024533,0.010401,0.0,0.024979,0.0,0.0,0.086014,0.0,0.0,0.082976,0.0,0.0,0.0,0.0,0.0,0.0,0.0801,0.00569
2023-05-10,0.084566,0.084345,0.086455,0.0,0.0,0.014067,0.0,0.0,0.04025,0.030513,0.0,0.044978,0.0,0.0,0.0,0.0,0.06823,0.016027,0.052951,0.085419,0.0,0.0,0.053982,0.0,0.024606,0.024831,0.010569,0.0,0.025314,0.0,0.0,0.086056,0.0,0.0,0.080885,0.0,0.0,0.0,0.0,0.0,0.0,0.080255,0.005702
2023-05-11,0.085147,0.084805,0.087549,0.0,0.0,0.014317,0.0,0.0,0.040136,0.030307,0.0,0.045872,0.0,0.0,0.0,0.0,0.06848,0.016066,0.052946,0.086357,0.0,0.0,0.054673,0.0,0.024736,0.02491,0.010615,0.0,0.025472,0.0,0.0,0.086152,0.0,0.0,0.077193,0.0,0.0,0.0,0.0,0.0,0.0,0.078509,0.005759
2023-05-12,0.08526,0.084761,0.088167,0.0,0.0,0.013985,0.0,0.0,0.04004,0.029974,0.0,0.046011,0.0,0.0,0.0,0.0,0.06868,0.016094,0.053158,0.086036,0.0,0.0,0.055008,0.0,0.024757,0.024941,0.010618,0.0,0.025407,0.0,0.0,0.086194,0.0,0.0,0.077572,0.0,0.0,0.0,0.0,0.0,0.0,0.077566,0.005771
2023-05-15,0.084594,0.084456,0.087715,0.0,0.0,0.014387,0.0,0.0,0.040073,0.030118,0.0,0.045717,0.0,0.0,0.0,0.0,0.068253,0.015973,0.053015,0.085525,0.0,0.0,0.054267,0.0,0.024687,0.025336,0.010612,0.0,0.025494,0.0,0.0,0.085426,0.0,0.0,0.079072,0.0,0.0,0.0,0.0,0.0,0.0,0.07957,0.005709
2023-05-16,0.085097,0.08429,0.088294,0.0,0.0,0.014366,0.0,0.0,0.040584,0.03006,0.0,0.046056,0.0,0.0,0.0,0.0,0.067908,0.015901,0.052589,0.086158,0.0,0.0,0.054271,0.0,0.024925,0.025506,0.010671,0.0,0.025633,0.0,0.0,0.085083,0.0,0.0,0.078064,0.0,0.0,0.0,0.0,0.0,0.0,0.078786,0.005759
2023-05-17,0.084362,0.083923,0.088125,0.0,0.0,0.01414,0.0,0.0,0.041221,0.03037,0.0,0.046215,0.0,0.0,0.0,0.0,0.068479,0.016119,0.052477,0.086313,0.0,0.0,0.053774,0.0,0.025039,0.02591,0.010796,0.0,0.025659,0.0,0.0,0.084056,0.0,0.0,0.077802,0.0,0.0,0.0,0.0,0.0,0.0,0.07951,0.005709
2023-05-18,0.085013,0.083663,0.088035,0.0,0.0,0.013873,0.0,0.0,0.041491,0.030569,0.0,0.046989,0.0,0.0,0.0,0.0,0.068894,0.016218,0.052724,0.087244,0.0,0.0,0.053449,0.0,0.025521,0.026697,0.011043,0.0,0.026153,0.0,0.0,0.082867,0.0,0.0,0.076389,0.0,0.0,0.0,0.0,0.0,0.0,0.077462,0.005704
2023-05-19,0.085296,0.084202,0.0881,0.0,0.0,0.013812,0.0,0.0,0.0416,0.030965,0.0,0.046696,0.0,0.0,0.0,0.0,0.068667,0.016123,0.052811,0.085572,0.0,0.0,0.053436,0.0,0.025487,0.026536,0.011028,0.0,0.026278,0.0,0.0,0.083612,0.0,0.0,0.07634,0.0,0.0,0.0,0.0,0.0,0.0,0.077742,0.005699
2023-05-22,0.085518,0.084168,0.088567,0.0,0.0,0.014018,0.0,0.0,0.04149,0.031521,0.0,0.047162,0.0,0.0,0.0,0.0,0.068712,0.016131,0.052581,0.084343,0.0,0.0,0.052672,0.0,0.025558,0.02665,0.011106,0.0,0.026558,0.0,0.0,0.083488,0.0,0.0,0.076241,0.0,0.0,0.0,0.0,0.0,0.0,0.077809,0.005705
2023-05-23,0.08604,0.083858,0.088264,0.0,0.0,0.013784,0.0,0.0,0.041498,0.031488,0.0,0.047094,0.0,0.0,0.0,0.0,0.06864,0.016218,0.052343,0.083566,0.0,0.0,0.052866,0.0,0.02546,0.026614,0.01105,0.0,0.026232,0.0,0.0,0.084517,0.0,0.0,0.075064,0.0,0.0,0.0,0.0,0.0,0.0,0.079636,0.005769
2023-05-24,0.085684,0.083598,0.08844,0.0,0.0,0.013706,0.0,0.0,0.041803,0.031889,0.0,0.047476,0.0,0.0,0.0,0.0,0.068619,0.016134,0.052404,0.084711,0.0,0.0,0.053193,0.0,0.025595,0.026471,0.011138,0.0,0.026486,0.0,0.0,0.084903,0.0,0.0,0.074182,0.0,0.0,0.0,0.0,0.0,0.0,0.077727,0.005842
2023-05-25,0.085401,0.083039,0.088582,0.0,0.0,0.013376,0.0,0.0,0.042564,0.031607,0.0,0.047283,0.0,0.0,0.0,0.0,0.068565,0.016277,0.052006,0.084699,0.0,0.0,0.052575,0.0,0.026469,0.028119,0.011368,0.0,0.027175,0.0,0.0,0.083745,0.0,0.0,0.07346,0.0,0.0,0.0,0.0,0.0,0.0,0.07787,0.005821
2023-05-26,0.085437,0.082931,0.087794,0.0,0.0,0.013451,0.0,0.0,0.043048,0.03175,0.0,0.047657,0.0,0.0,0.0,0.0,0.068236,0.016117,0.051629,0.083768,0.0,0.0,0.052111,0.0,0.026889,0.029591,0.011493,0.0,0.027303,0.0,0.0,0.083055,0.0,0.0,0.074061,0.0,0.0,0.0,0.0,0.0,0.0,0.077931,0.00575
2023-05-29,0.085436,0.08293,0.087794,0.0,0.0,0.013451,0.0,0.0,0.043048,0.03175,0.0,0.047657,0.0,0.0,0.0,0.0,0.068235,0.016117,0.051629,0.083768,0.0,0.0,0.052111,0.0,0.026889,0.029591,0.011493,0.0,0.027303,0.0,0.0,0.083055,0.0,0.0,0.074061,0.0,0.0,0.0,0.0,0.0,0.0,0.077931,0.00575
2023-05-30,0.085433,0.081983,0.087136,0.0,0.0,0.013061,0.0,0.0,0.043012,0.031888,0.0,0.047685,0.0,0.0,0.0,0.0,0.068061,0.016127,0.051299,0.083817,0.0,0.0,0.051462,0.0,0.027005,0.029536,0.011567,0.0,0.027663,0.0,0.0,0.083482,0.0,0.0,0.072759,0.0,0.0,0.0,0.0,0.0,0.0,0.081279,0.005745
2023-05-31,0.078875,0.079199,0.07926,0.0,0.0,0.026013,0.0,0.0,0.044371,0.0,0.0,0.079327,0.0,0.0,0.0,0.0,0.0,0.0,0.035994,0.078849,0.0,0.0,0.079185,0.0,0.022277,0.011646,0.022089,0.0,0.022229,0.0,0.0,0.039566,0.03962,0.078338,0.079229,0.0,0.0,0.0,0.0,0.0,0.017982,0.073735,0.012219
2023-06-01,0.078833,0.079101,0.080205,0.0,0.0,0.026332,0.0,0.0,0.044207,0.0,0.0,0.079362,0.0,0.0,0.0,0.0,0.0,0.0,0.036004,0.078919,0.0,0.0,0.078101,0.0,0.022213,0.011694,0.021809,0.0,0.022377,0.0,0.0,0.039365,0.039725,0.078463,0.080922,0.0,0.0,0.0,0.0,0.0,0.017869,0.072439,0.012062
2023-06-02,0.07897,0.078849,0.080535,0.0,0.0,0.026631,0.0,0.0,0.044047,0.0,0.0,0.078285,0.0,0.0,0.0,0.0,0.0,0.0,0.03666,0.080672,0.0,0.0,0.078002,0.0,0.022009,0.011493,0.021624,0.0,0.022362,0.0,0.0,0.038209,0.038672,0.077746,0.083128,0.0,0.0,0.0,0.0,0.0,0.017577,0.072647,0.011881
2023-06-05,0.079692,0.078857,0.080835,0.0,0.0,0.026702,0.0,0.0,0.044227,0.0,0.0,0.079056,0.0,0.0,0.0,0.0,0.0,0.0,0.0369,0.080754,0.0,0.0,0.078283,0.0,0.022042,0.011398,0.021927,0.0,0.022701,0.0,0.0,0.03872,0.038865,0.078201,0.082569,0.0,0.0,0.0,0.0,0.0,0.017764,0.068535,0.011974
2023-06-06,0.07872,0.078226,0.081517,0.0,0.0,0.026785,0.0,0.0,0.043941,0.0,0.0,0.07845,0.0,0.0,0.0,0.0,0.0,0.0,0.0367,0.082312,0.0,0.0,0.076975,0.0,0.021779,0.0114,0.021718,0.0,0.022624,0.0,0.0,0.038308,0.038427,0.077915,0.082887,0.0,0.0,0.0,0.0,0.0,0.017586,0.071894,0.011834
2023-06-07,0.079365,0.07854,0.080092,0.0,0.0,0.02669,0.0,0.0,0.044359,0.0,0.0,0.078229,0.0,0.0,0.0,0.0,0.0,0.0,0.03745,0.083217,0.0,0.0,0.07737,0.0,0.021634,0.011479,0.021236,0.0,0.022274,0.0,0.0,0.038168,0.038501,0.078086,0.082961,0.0,0.0,0.0,0.0,0.0,0.017631,0.070784,0.011934
2023-06-08,0.078805,0.078804,0.080117,0.0,0.0,0.026785,0.0,0.0,0.044053,0.0,0.0,0.077986,0.0,0.0,0.0,0.0,0.0,0.0,0.03701,0.082267,0.0,0.0,0.077267,0.0,0.02169,0.011503,0.021344,0.0,0.022258,0.0,0.0,0.038357,0.03959,0.078748,0.083549,0.0,0.0,0.0,0.0,0.0,0.017586,0.070444,0.011837
2023-06-09,0.079022,0.078347,0.081043,0.0,0.0,0.026754,0.0,0.0,0.044275,0.0,0.0,0.078025,0.0,0.0,0.0,0.0,0.0,0.0,0.03671,0.082313,0.0,0.0,0.077154,0.0,0.021802,0.011535,0.021542,0.0,0.022365,0.0,0.0,0.038261,0.039543,0.078577,0.083386,0.0,0.0,0.0,0.0,0.0,0.017569,0.069936,0.011841
2023-06-12,0.078979,0.078428,0.081279,0.0,0.0,0.026665,0.0,0.0,0.044526,0.0,0.0,0.078688,0.0,0.0,0.0,0.0,0.0,0.0,0.036754,0.083216,0.0,0.0,0.076876,0.0,0.022202,0.011867,0.02198,0.0,0.02266,0.0,0.0,0.0381,0.039075,0.078499,0.0826,0.0,0.0,0.0,0.0,0.0,0.017607,0.068193,0.011806
2023-06-13,0.079324,0.078401,0.081783,0.0,0.0,0.026816,0.0,0.0,0.04482,0.0,0.0,0.07831,0.0,0.0,0.0,0.0,0.0,0.0,0.037303,0.083093,0.0,0.0,0.076569,0.0,0.022157,0.011929,0.021948,0.0,0.02286,0.0,0.0,0.037514,0.038163,0.078087,0.084039,0.0,0.0,0.0,0.0,0.0,0.017438,0.067737,0.011711
2023-06-14,0.079463,0.078373,0.081838,0.0,0.0,0.027129,0.0,0.0,0.044555,0.0,0.0,0.07814,0.0,0.0,0.0,0.0,0.0,0.0,0.037003,0.081535,0.0,0.0,0.07674,0.0,0.022298,0.012051,0.021996,0.0,0.022864,0.0,0.0,0.037389,0.038418,0.077893,0.085766,0.0,0.0,0.0,0.0,0.0,0.017407,0.067475,0.011666
2023-06-15,0.079122,0.078769,0.081033,0.0,0.0,0.027435,0.0,0.0,0.044533,0.0,0.0,0.07871,0.0,0.0,0.0,0.0,0.0,0.0,0.037004,0.08247,0.0,0.0,0.076856,0.0,0.022395,0.011851,0.022255,0.0,0.022903,0.0,0.0,0.037335,0.038042,0.078576,0.085995,0.0,0.0,0.0,0.0,0.0,0.017349,0.065797,0.011571
2023-06-16,0.079295,0.078607,0.080156,0.0,0.0,0.027325,0.0,0.0,0.043951,0.0,0.0,0.077961,0.0,0.0,0.0,0.0,0.0,0.0,0.037048,0.082285,0.0,0.0,0.076851,0.0,0.022182,0.011726,0.022092,0.0,0.022774,0.0,0.0,0.03723,0.038409,0.079526,0.085562,0.0,0.0,0.0,0.0,0.0,0.017259,0.068205,0.011557
2023-06-19,0.078879,0.078642,0.080192,0.0,0.0,0.027338,0.0,0.0,0.04397,0.0,0.0,0.077995,0.0,0.0,0.0,0.0,0.0,0.0,0.037064,0.082321,0.0,0.0,0.076885,0.0,0.022192,0.011732,0.022102,0.0,0.022784,0.0,0.0,0.037247,0.038426,0.079561,0.085601,0.0,0.0,0.0,0.0,0.0,0.017267,0.068236,0.011565
2023-06-20,0.078789,0.077979,0.079546,0.0,0.0,0.026377,0.0,0.0,0.043669,0.0,0.0,0.078067,0.0,0.0,0.0,0.0,0.0,0.0,0.036775,0.083631,0.0,0.0,0.076744,0.0,0.02217,0.011704,0.022023,0.0,0.022676,0.0,0.0,0.037075,0.037047,0.079696,0.083704,0.0,0.0,0.0,0.0,0.0,0.017375,0.073323,0.011632
2023-06-21,0.078356,0.077427,0.080079,0.0,0.0,0.026018,0.0,0.0,0.043454,0.0,0.0,0.076894,0.0,0.0,0.0,0.0,0.0,0.0,0.036705,0.083692,0.0,0.0,0.07662,0.0,0.02173,0.01136,0.021505,0.0,0.022298,0.0,0.0,0.036832,0.036128,0.08012,0.083665,0.0,0.0,0.0,0.0,0.0,0.017377,0.078167,0.011573
2023-06-22,0.078316,0.077288,0.079587,0.0,0.0,0.02597,0.0,0.0,0.043502,0.0,0.0,0.077663,0.0,0.0,0.0,0.0,0.0,0.0,0.036697,0.083686,0.0,0.0,0.077231,0.0,0.021954,0.011438,0.021669,0.0,0.02216,0.0,0.0,0.036545,0.035667,0.079638,0.083431,0.0,0.0,0.0,0.0,0.0,0.017347,0.078612,0.0116
2023-06-23,0.078379,0.076967,0.078252,0.0,0.0,0.025629,0.0,0.0,0.043248,0.0,0.0,0.07812,0.0,0.0,0.0,0.0,0.0,0.0,0.036694,0.084765,0.0,0.0,0.077342,0.0,0.021892,0.011327,0.021663,0.0,0.021748,0.0,0.0,0.036942,0.036043,0.078746,0.081787,0.0,0.0,0.0,0.0,0.0,0.017508,0.081254,0.011695
2023-06-26,0.078453,0.077104,0.078288,0.0,0.0,0.025745,0.0,0.0,0.043396,0.0,0.0,0.077375,0.0,0.0,0.0,0.0,0.0,0.0,0.037093,0.084845,0.0,0.0,0.077482,0.0,0.021745,0.011369,0.021488,0.0,0.021618,0.0,0.0,0.037023,0.03662,0.078709,0.083137,0.0,0.0,0.0,0.0,0.0,0.017571,0.079237,0.011703
2023-06-27,0.078004,0.077205,0.077898,0.0,0.0,0.026084,0.0,0.0,0.043108,0.0,0.0,0.077994,0.0,0.0,0.0,0.0,0.0,0.0,0.03729,0.086773,0.0,0.0,0.077035,0.0,0.02198,0.011664,0.021712,0.0,0.021753,0.0,0.0,0.036531,0.03644,0.077224,0.082629,0.0,0.0,0.0,0.0,0.0,0.017417,0.079656,0.011601
2023-06-28,0.078731,0.077421,0.079049,0.0,0.0,0.02597,0.0,0.0,0.043018,0.0,0.0,0.078628,0.0,0.0,0.0,0.0,0.0,0.0,0.037168,0.086871,0.0,0.0,0.076792,0.0,0.022072,0.011616,0.021903,0.0,0.02201,0.0,0.0,0.036579,0.036327,0.07663,0.081621,0.0,0.0,0.0,0.0,0.0,0.017492,0.078458,0.011644
2023-06-29,0.078856,0.077336,0.078683,0.0,0.0,0.025588,0.0,0.0,0.04277,0.0,0.0,0.078233,0.0,0.0,0.0,0.0,0.0,0.0,0.037651,0.086956,0.0,0.0,0.076748,0.0,0.022119,0.011623,0.021908,0.0,0.021974,0.0,0.0,0.036554,0.036132,0.076222,0.081708,0.0,0.0,0.0,0.0,0.0,0.017406,0.079882,0.011649
2023-06-30,0.095758,0.095562,0.08054,0.0,0.0,0.0,0.0,0.0,0.051062,0.044562,0.0,0.095734,0.0,0.0,0.0,0.0,0.0,0.0,0.0,0.095784,0.0,0.0,0.0,0.0,0.02349,0.023411,0.023929,0.0,0.023942,0.0,0.0,0.080536,0.014303,0.09588,0.0,0.0,0.0,0.0,0.055568,0.0,0.0,0.095912,0.004027
2023-07-03,0.095424,0.094783,0.080363,0.0,0.0,0.0,0.0,0.0,0.051387,0.045314,0.0,0.095553,0.0,0.0,0.0,0.0,0.0,0.0,0.0,0.094767,0.0,0.0,0.0,0.0,0.023316,0.023494,0.023678,0.0,0.023924,0.0,0.0,0.080202,0.01431,0.096462,0.0,0.0,0.0,0.0,0.055189,0.0,0.0,0.097829,0.004005
2023-07-04,0.095455,0.094779,0.08036,0.0,0.0,0.0,0.0,0.0,0.051385,0.045312,0.0,0.09555,0.0,0.0,0.0,0.0,0.0,0.0,0.0,0.094764,0.0,0.0,0.0,0.0,0.023315,0.023494,0.023677,0.0,0.023923,0.0,0.0,0.080199,0.014309,0.096459,0.0,0.0,0.0,0.0,0.055187,0.0,0.0,0.097825,0.004006
2023-07-05,0.095898,0.094249,0.080298,0.0,0.0,0.0,0.0,0.0,0.051227,0.045138,0.0,0.097004,0.0,0.0,0.0,0.0,0.0,0.0,0.0,0.094419,0.0,0.0,0.0,0.0,0.023346,0.023147,0.02385,0.0,0.023819,0.0,0.0,0.080516,0.014554,0.096864,0.0,0.0,0.0,0.0,0.05543,0.0,0.0,0.096203,0.004036
2023-07-06,0.09544,0.093733,0.080235,0.0,0.0,0.0,0.0,0.0,0.050668,0.044812,0.0,0.097444,0.0,0.0,0.0,0.0,0.0,0.0,0.0,0.093009,0.0,0.0,0.0,0.0,0.023575,0.023142,0.023897,0.0,0.023627,0.0,0.0,0.081282,0.014473,0.097986,0.0,0.0,0.0,0.0,0.055717,0.0,0.0,0.096872,0.004087
2023-07-07,0.095873,0.094036,0.081116,0.0,0.0,0.0,0.0,0.0,0.050787,0.044899,0.0,0.096781,0.0,0.0,0.0,0.0,0.0,0.0,0.0,0.092907,0.0,0.0,0.0,0.0,0.023395,0.023075,0.023769,0.0,0.023768,0.0,0.0,0.081622,0.014667,0.097387,0.0,0.0,0.0,0.0,0.055586,0.0,0.0,0.096256,0.004074
2023-07-10,0.095094,0.093977,0.080465,0.0,0.0,0.0,0.0,0.0,0.050442,0.044661,0.0,0.095893,0.0,0.0,0.0,0.0,0.0,0.0,0.0,0.094876,0.0,0.0,0.0,0.0,0.023302,0.023401,0.024021,0.0,0.023913,0.0,0.0,0.081149,0.014612,0.096838,0.0,0.0,0.0,0.0,0.055498,0.0,0.0,0.097809,0.004048
2023-07-11,0.094892,0.094323,0.080251,0.0,0.0,0.0,0.0,0.0,0.050825,0.04514,0.0,0.096879,0.0,0.0,0.0,0.0,0.0,0.0,0.0,0.09496,0.0,0.0,0.0,0.0,0.023189,0.023237,0.024204,0.0,0.024012,0.0,0.0,0.080882,0.014482,0.097112,0.0,0.0,0.0,0.0,0.055405,0.0,0.0,0.096184,0.00402
2023-07-12,0.095332,0.095426,0.079858,0.0,0.0,0.0,0.0,0.0,0.051468,0.045822,0.0,0.096898,0.0,0.0,0.0,0.0,0.0,0.0,0.0,0.096328,0.0,0.0,0.0,0.0,0.023175,0.023391,0.02405,0.0,0.024024,0.0,0.0,0.081012,0.014953,0.095161,0.0,0.0,0.0,0.0,0.055178,0.0,0.0,0.09395,0.003974
2023-07-13,0.094529,0.095511,0.079871,0.0,0.0,0.0,0.0,0.0,0.051457,0.045749,0.0,0.096888,0.0,0.0,0.0,0.0,0.0,0.0,0.0,0.095688,0.0,0.0,0.0,0.0,0.023136,0.023527,0.024092,0.0,0.024176,0.0,0.0,0.079889,0.015154,0.094394,0.0,0.0,0.0,0.0,0.0547,0.0,0.0,0.097323,0.003915
2023-07-14,0.09554,0.095641,0.079392,0.0,0.0,0.0,0.0,0.0,0.051698,0.046173,0.0,0.09656,0.0,0.0,0.0,0.0,0.0,0.0,0.0,0.097446,0.0,0.0,0.0,0.0,0.023243,0.023375,0.024255,0.0,0.02395,0.0,0.0,0.080122,0.015301,0.096039,0.0,0.0,0.0,0.0,0.054635,0.0,0.0,0.092689,0.003941
2023-07-17,0.095413,0.095545,0.079464,0.0,0.0,0.0,0.0,0.0,0.052006,0.04644,0.0,0.096255,0.0,0.0,0.0,0.0,0.0,0.0,0.0,0.097157,0.0,0.0,0.0,0.0,0.02355,0.023944,0.024569,0.0,0.024261,0.0,0.0,0.080213,0.01526,0.095412,0.0,0.0,0.0,0.0,0.054759,0.0,0.0,0.091808,0.003943
2023-07-18,0.095337,0.09556,0.080101,0.0,0.0,0.0,0.0,0.0,0.05169,0.04604,0.0,0.096368,0.0,0.0,0.0,0.0,0.0,0.0,0.0,0.09689,0.0,0.0,0.0,0.0,0.023682,0.023853,0.024658,0.0,0.024407,0.0,0.0,0.080672,0.015307,0.096198,0.0,0.0,0.0,0.0,0.054601,0.0,0.0,0.090715,0.003921
2023-07-19,0.095732,0.095389,0.079982,0.0,0.0,0.0,0.0,0.0,0.050825,0.045814,0.0,0.096481,0.0,0.0,0.0,0.0,0.0,0.0,0.0,0.096698,0.0,0.0,0.0,0.0,0.023584,0.023531,0.024647,0.0,0.024213,0.0,0.0,0.080552,0.015355,0.097189,0.0,0.0,0.0,0.0,0.054555,0.0,0.0,0.091537,0.003915
2023-07-20,0.096486,0.096175,0.079874,0.0,0.0,0.0,0.0,0.0,0.050756,0.045593,0.0,0.095709,0.0,0.0,0.0,0.0,0.0,0.0,0.0,0.095278,0.0,0.0,0.0,0.0,0.023392,0.022949,0.024334,0.0,0.023843,0.0,0.0,0.081112,0.015258,0.098586,0.0,0.0,0.0,0.0,0.054972,0.0,0.0,0.091718,0.003963
2023-07-21,0.096445,0.096547,0.079816,0.0,0.0,0.0,0.0,0.0,0.050669,0.045632,0.0,0.094792,0.0,0.0,0.0,0.0,0.0,0.0,0.0,0.095656,0.0,0.0,0.0,0.0,0.023389,0.023165,0.024407,0.0,0.023697,0.0,0.0,0.080895,0.01519,0.098445,0.0,0.0,0.0,0.0,0.055132,0.0,0.0,0.092158,0.003965
2023-07-24,0.096493,0.096041,0.079915,0.0,0.0,0.0,0.0,0.0,0.05131,0.0465,0.0,0.094946,0.0,0.0,0.0,0.0,0.0,0.0,0.0,0.096221,0.0,0.0,0.0,0.0,0.023426,0.02316,0.024327,0.0,0.023512,0.0,0.0,0.080533,0.015025,0.099946,0.0,0.0,0.0,0.0,0.055026,0.0,0.0,0.089655,0.003965
2023-07-25,0.09622,0.095741,0.079616,0.0,0.0,0.0,0.0,0.0,0.051467,0.04668,0.0,0.094773,0.0,0.0,0.0,0.0,0.0,0.0,0.0,0.097076,0.0,0.0,0.0,0.0,0.023575,0.023431,0.024389,0.0,0.023671,0.0,0.0,0.080575,0.015144,0.09949,0.0,0.0,0.0,0.0,0.054714,0.0,0.0,0.089494,0.003945
2023-07-26,0.095894,0.095719,0.079764,0.0,0.0,0.0,0.0,0.0,0.051357,0.046327,0.0,0.09605,0.0,0.0,0.0,0.0,0.0,0.0,0.0,0.096957,0.0,0.0,0.0,0.0,0.023209,0.023058,0.024101,0.0,0.023775,0.0,0.0,0.080796,0.015305,0.099056,0.0,0.0,0.0,0.0,0.054816,0.0,0.0,0.089877,0.003938
2023-07-27,0.097074,0.095634,0.080812,0.0,0.0,0.0,0.0,0.0,0.051123,0.045723,0.0,0.097336,0.0,0.0,0.0,0.0,0.0,0.0,0.0,0.096528,0.0,0.0,0.0,0.0,0.023257,0.023609,0.024033,0.0,0.023665,0.0,0.0,0.079923,0.014845,0.098657,0.0,0.0,0.0,0.0,0.054651,0.0,0.0,0.089172,0.003958
2023-07-28,0.096192,0.095634,0.08058,0.0,0.0,0.0,0.0,0.0,0.051501,0.046134,0.0,0.09841,0.0,0.0,0.0,0.0,0.0,0.0,0.0,0.096938,0.0,0.0,0.0,0.0,0.023373,0.023919,0.024175,0.0,0.023544,0.0,0.0,0.079875,0.014858,0.097287,0.0,0.0,0.0,0.0,0.054497,0.0,0.0,0.089156,0.003924
2023-07-31,0.105347,0.026143,0.062254,0.0,0.0,0.0,0.10533,0.0,0.0,0.0,0.105058,0.105378,0.0,0.0,0.0,0.0,0.048805,0.055966,0.0,0.105195,0.0,0.0,0.0,0.0,0.025862,0.025251,0.026037,0.0,0.026212,0.0,0.0,0.0,0.0,0.067613,0.0,0.0,0.0,0.0,0.0,0.0,0.0,0.105417,0.004131
2023-08-01,0.105176,0.02598,0.061815,0.0,0.0,0.0,0.103808,0.0,0.0,0.0,0.104369,0.105749,0.0,0.0,0.0,0.0,0.049188,0.055439,0.0,0.106347,0.0,0.0,0.0,0.0,0.026031,0.025389,0.026175,0.0,0.025968,0.0,0.0,0.0,0.0,0.068033,0.0,0.0,0.0,0.0,0.0,0.0,0.0,0.106383,0.004152
2023-08-02,0.105351,0.025876,0.061526,0.0,0.0,0.0,0.104514,0.0,0.0,0.0,0.103977,0.105261,0.0,0.0,0.0,0.0,0.049375,0.055748,0.0,0.106686,0.0,0.0,0.0,0.0,0.025753,0.02477,0.025711,0.0,0.025408,0.0,0.0,0.0,0.0,0.068481,0.0,0.0,0.0,0.0,0.0,0.0,0.0,0.107349,0.004212
2023-08-03,0.105521,0.025959,0.061592,0.0,0.0,0.0,0.10297,0.0,0.0,0.0,0.104846,0.105622,0.0,0.0,0.0,0.0,0.049357,0.055694,0.0,0.105513,0.0,0.0,0.0,0.0,0.025802,0.024854,0.025696,0.0,0.025421,0.0,0.0,0.0,0.0,0.068352,0.0,0.0,0.0,0.0,0.0,0.0,0.0,0.108563,0.004237
2023-08-04,0.10611,0.02598,0.062124,0.0,0.0,0.0,0.102134,0.0,0.0,0.0,0.106265,0.105282,0.0,0.0,0.0,0.0,0.049009,0.055325,0.0,0.106913,0.0,0.0,0.0,0.0,0.025425,0.02479,0.025384,0.0,0.025368,0.0,0.0,0.0,0.0,0.068347,0.0,0.0,0.0,0.0,0.0,0.0,0.0,0.10731,0.004234
2023-08-07,0.104867,0.026074,0.062277,0.0,0.0,0.0,0.101404,0.0,0.0,0.0,0.106721,0.106282,0.0,0.0,0.0,0.0,0.049319,0.055308,0.0,0.1075,0.0,0.0,0.0,0.0,0.025346,0.024903,0.025394,0.0,0.025292,0.0,0.0,0.0,0.0,0.067787,0.0,0.0,0.0,0.0,0.0,0.0,0.0,0.107316,0.00421
2023-08-08,0.104399,0.025997,0.061873,0.0,0.0,0.0,0.101231,0.0,0.0,0.0,0.106122,0.106236,0.0,0.0,0.0,0.0,0.049209,0.055286,0.0,0.107561,0.0,0.0,0.0,0.0,0.025211,0.024565,0.025039,0.0,0.024902,0.0,0.0,0.0,0.0,0.067443,0.0,0.0,0.0,0.0,0.0,0.0,0.0,0.110706,0.00422
2023-08-09,0.105518,0.026291,0.061886,0.0,0.0,0.0,0.101346,0.0,0.0,0.0,0.105811,0.106045,0.0,0.0,0.0,0.0,0.049627,0.055204,0.0,0.107691,0.0,0.0,0.0,0.0,0.02511,0.024332,0.024975,0.0,0.024571,0.0,0.0,0.0,0.0,0.067926,0.0,0.0,0.0,0.0,0.0,0.0,0.0,0.109406,0.004259
2023-08-10,0.106255,0.026353,0.062056,0.0,0.0,0.0,0.101674,0.0,0.0,0.0,0.105908,0.106249,0.0,0.0,0.0,0.0,0.049417,0.055318,0.0,0.10636,0.0,0.0,0.0,0.0,0.025075,0.024198,0.025099,0.0,0.024581,0.0,0.0,0.0,0.0,0.067888,0.0,0.0,0.0,0.0,0.0,0.0,0.0,0.109314,0.004253
2023-08-11,0.105433,0.026255,0.062255,0.0,0.0,0.0,0.10146,0.0,0.0,0.0,0.106058,0.106257,0.0,0.0,0.0,0.0,0.049738,0.055146,0.0,0.106777,0.0,0.0,0.0,0.0,0.025011,0.023726,0.025182,0.0,0.024439,0.0,0.0,0.0,0.0,0.068217,0.0,0.0,0.0,0.0,0.0,0.0,0.0,0.109771,0.004274
2023-08-14,0.105694,0.026189,0.061661,0.0,0.0,0.0,0.099376,0.0,0.0,0.0,0.10632,0.106969,0.0,0.0,0.0,0.0,0.049727,0.055295,0.0,0.107497,0.0,0.0,0.0,0.0,0.025395,0.024396,0.025495,0.0,0.024703,0.0,0.0,0.0,0.0,0.067667,0.0,0.0,0.0,0.0,0.0,0.0,0.0,0.109345,0.004273
2023-08-15,0.105914,0.026067,0.061506,0.0,0.0,0.0,0.099162,0.0,0.0,0.0,0.105739,0.106897,0.0,0.0,0.0,0.0,0.049498,0.054829,0.0,0.109152,0.0,0.0,0.0,0.0,0.025352,0.024187,0.025485,0.0,0.024627,0.0,0.0,0.0,0.0,0.067681,0.0,0.0,0.0,0.0,0.0,0.0,0.0,0.109596,0.004309
2023-08-16,0.106403,0.02613,0.06126,0.0,0.0,0.0,0.099685,0.0,0.0,0.0,0.105324,0.106526,0.0,0.0,0.0,0.0,0.049644,0.054798,0.0,0.107909,0.0,0.0,0.0,0.0,0.025326,0.023922,0.025482,0.0,0.024384,0.0,0.0,0.0,0.0,0.068617,0.0,0.0,0.0,0.0,0.0,0.0,0.0,0.110242,0.004346
2023-08-17,0.107201,0.026345,0.062038,0.0,0.0,0.0,0.100712,0.0,0.0,0.0,0.105297,0.107091,0.0,0.0,0.0,0.0,0.050062,0.055282,0.0,0.105032,0.0,0.0,0.0,0.0,0.025511,0.02409,0.025521,0.0,0.024385,0.0,0.0,0.0,0.0,0.069749,0.0,0.0,0.0,0.0,0.0,0.0,0.0,0.107264,0.00442
2023-08-18,0.107022,0.026461,0.062574,0.0,0.0,0.0,0.10206,0.0,0.0,0.0,0.105697,0.1071,0.0,0.0,0.0,0.0,0.050461,0.055934,0.0,0.106219,0.0,0.0,0.0,0.0,0.025705,0.024367,0.025781,0.0,0.024572,0.0,0.0,0.0,0.0,0.070736,0.0,0.0,0.0,0.0,0.0,0.0,0.0,0.100862,0.004448
2023-08-21,0.107011,0.026557,0.062499,0.0,0.0,0.0,0.100785,0.0,0.0,0.0,0.106694,0.107654,0.0,0.0,0.0,0.0,0.050297,0.055651,0.0,0.105151,0.0,0.0,0.0,0.0,0.026143,0.025016,0.026186,0.0,0.024792,0.0,0.0,0.0,0.0,0.070394,0.0,0.0,0.0,0.0,0.0,0.0,0.0,0.100732,0.004439
2023-08-22,0.107533,0.026419,0.062708,0.0,0.0,0.0,0.102861,0.0,0.0,0.0,0.106686,0.107489,0.0,0.0,0.0,0.0,0.050101,0.055149,0.0,0.105801,0.0,0.0,0.0,0.0,0.026073,0.024757,0.026124,0.0,0.024629,0.0,0.0,0.0,0.0,0.069857,0.0,0.0,0.0,0.0,0.0,0.0,0.0,0.09938,0.004433
2023-08-23,0.106551,0.026226,0.062551,0.0,0.0,0.0,0.104641,0.0,0.0,0.0,0.10587,0.107531,0.0,0.0,0.0,0.0,0.049831,0.054844,0.0,0.105345,0.0,0.0,0.0,0.0,0.026131,0.024871,0.026141,0.0,0.024758,0.0,0.0,0.0,0.0,0.069487,0.0,0.0,0.0,0.0,0.0,0.0,0.0,0.100855,0.004365
2023-08-24,0.107408,0.026223,0.062597,0.0,0.0,0.0,0.104974,0.0,0.0,0.0,0.10525,0.106939,0.0,0.0,0.0,0.0,0.049914,0.055103,0.0,0.105248,0.0,0.0,0.0,0.0,0.025886,0.024385,0.025905,0.0,0.024662,0.0,0.0,0.0,0.0,0.071052,0.0,0.0,0.0,0.0,0.0,0.0,0.0,0.100027,0.004425
2023-08-25,0.106884,0.026398,0.062888,0.0,0.0,0.0,0.104019,0.0,0.0,0.0,0.106368,0.106995,0.0,0.0,0.0,0.0,0.050307,0.055064,0.0,0.104051,0.0,0.0,0.0,0.0,0.026135,0.024477,0.026404,0.0,0.024774,0.0,0.0,0.0,0.0,0.07121,0.0,0.0,0.0,0.0,0.0,0.0,0.0,0.099599,0.004425
2023-08-28,0.106111,0.026482,0.063172,0.0,0.0,0.0,0.10452,0.0,0.0,0.0,0.106022,0.107521,0.0,0.0,0.0,0.0,0.050351,0.054881,0.0,0.104178,0.0,0.0,0.0,0.0,0.026159,0.024608,0.026339,0.0,0.024929,0.0,0.0,0.0,0.0,0.071382,0.0,0.0,0.0,0.0,0.0,0.0,0.0,0.098952,0.004393
2023-08-29,0.106069,0.026266,0.062208,0.0,0.0,0.0,0.103669,0.0,0.0,0.0,0.106277,0.107488,0.0,0.0,0.0,0.0,0.049618,0.0544,0.0,0.104317,0.0,0.0,0.0,0.0,0.026095,0.024698,0.026258,0.0,0.024827,0.0,0.0,0.0,0.0,0.069714,0.0,0.0,0.0,0.0,0.0,0.0,0.0,0.103799,0.004297
2023-08-30,0.106828,0.026246,0.062078,0.0,0.0,0.0,0.102639,0.0,0.0,0.0,0.106703,0.107472,0.0,0.0,0.0,0.0,0.049827,0.054679,0.0,0.10576,0.0,0.0,0.0,0.0,0.026284,0.024807,0.026485,0.0,0.025025,0.0,0.0,0.0,0.0,0.069853,0.0,0.0,0.0,0.0,0.0,0.0,0.0,0.101016,0.004296
2023-08-31,0.094043,0.0,0.0,0.0,0.0,0.0,0.09412,0.077321,0.0,0.016258,0.09396,0.093683,0.0,0.0,0.0,0.02695,0.046942,0.046814,0.0,0.093998,0.0,0.0,0.057142,0.0,0.02411,0.023942,0.024268,0.0,0.018629,0.0,0.0,0.0,0.0,0.094003,0.0,0.0,0.0,0.0,0.0,0.0,0.0,0.062418,0.011398
2023-09-01,0.093844,0.0,0.0,0.0,0.0,0.0,0.095716,0.07763,0.0,0.016421,0.093189,0.092614,0.0,0.0,0.0,0.027557,0.047089,0.046834,0.0,0.095158,0.0,0.0,0.056535,0.0,0.024132,0.023954,0.02433,0.0,0.01859,0.0,0.0,0.0,0.0,0.093975,0.0,0.0,0.0,0.0,0.0,0.0,0.0,0.061057,0.011374
2023-09-04,0.093823,0.0,0.0,0.0,0.0,0.0,0.095718,0.077631,0.0,0.016421,0.093191,0.092616,0.0,0.0,0.0,0.027557,0.04709,0.046835,0.0,0.09516,0.0,0.0,0.056536,0.0,0.024133,0.023954,0.02433,0.0,0.01859,0.0,0.0,0.0,0.0,0.093977,0.0,0.0,0.0,0.0,0.0,0.0,0.0,0.061058,0.01138
2023-09-05,0.094194,0.0,0.0,0.0,0.0,0.0,0.095544,0.078381,0.0,0.016421,0.093923,0.093264,0.0,0.0,0.0,0.027599,0.046629,0.046139,0.0,0.091447,0.0,0.0,0.05645,0.0,0.024392,0.024117,0.024623,0.0,0.018618,0.0,0.0,0.0,0.0,0.095257,0.0,0.0,0.0,0.0,0.0,0.0,0.0,0.061541,0.01146
2023-09-06,0.093727,0.0,0.0,0.0,0.0,0.0,0.094675,0.078359,0.0,0.016289,0.093442,0.093325,0.0,0.0,0.0,0.027697,0.046604,0.045938,0.0,0.09274,0.0,0.0,0.056601,0.0,0.024226,0.024034,0.024752,0.0,0.018604,0.0,0.0,0.0,0.0,0.095706,0.0,0.0,0.0,0.0,0.0,0.0,0.0,0.061775,0.011505
2023-09-07,0.093704,0.0,0.0,0.0,0.0,0.0,0.092982,0.079164,0.0,0.016242,0.093858,0.093312,0.0,0.0,0.0,0.027741,0.046528,0.045806,0.0,0.093587,0.0,0.0,0.05683,0.0,0.023915,0.023523,0.024734,0.0,0.018417,0.0,0.0,0.0,0.0,0.09569,0.0,0.0,0.0,0.0,0.0,0.0,0.0,0.06244,0.011527
2023-09-08,0.093814,0.0,0.0,0.0,0.0,0.0,0.094075,0.079827,0.0,0.01622,0.093656,0.09339,0.0,0.0,0.0,0.027999,0.046196,0.045683,0.0,0.092969,0.0,0.0,0.056779,0.0,0.023914,0.023351,0.024726,0.0,0.01818,0.0,0.0,0.0,0.0,0.095266,0.0,0.0,0.0,0.0,0.0,0.0,0.0,0.062447,0.011507
2023-09-11,0.093381,0.0,0.0,0.0,0.0,0.0,0.095698,0.080035,0.0,0.016363,0.095493,0.094126,0.0,0.0,0.0,0.027254,0.045882,0.045674,0.0,0.092986,0.0,0.0,0.056864,0.0,0.023868,0.023172,0.02475,0.0,0.018114,0.0,0.0,0.0,0.0,0.095283,0.0,0.0,0.0,0.0,0.0,0.0,0.0,0.059631,0.011425
2023-09-12,0.093682,0.0,0.0,0.0,0.0,0.0,0.096397,0.079606,0.0,0.016219,0.094956,0.093465,0.0,0.0,0.0,0.02801,0.045875,0.045516,0.0,0.091293,0.0,0.0,0.056572,0.0,0.023516,0.023055,0.02412,0.0,0.018058,0.0,0.0,0.0,0.0,0.095743,0.0,0.0,0.0,0.0,0.0,0.0,0.0,0.062452,0.011466
2023-09-13,0.093535,0.0,0.0,0.0,0.0,0.0,0.09734,0.079588,0.0,0.016202,0.09558,0.093646,0.0,0.0,0.0,0.027649,0.045509,0.045358,0.0,0.090208,0.0,0.0,0.056669,0.0,0.023544,0.023142,0.024139,0.0,0.017922,0.0,0.0,0.0,0.0,0.095919,0.0,0.0,0.0,0.0,0.0,0.0,0.0,0.062601,0.01145
2023-09-14,0.093175,0.0,0.0,0.0,0.0,0.0,0.098156,0.079013,0.0,0.016245,0.095526,0.093973,0.0,0.0,0.0,0.027499,0.045484,0.045326,0.0,0.090655,0.0,0.0,0.056655,0.0,0.02347,0.023068,0.024008,0.0,0.017848,0.0,0.0,0.0,0.0,0.095361,0.0,0.0,0.0,0.0,0.0,0.0,0.0,0.063203,0.011335
2023-09-15,0.093677,0.0,0.0,0.0,0.0,0.0,0.098688,0.079557,0.0,0.016477,0.09481,0.09363,0.0,0.0,0.0,0.027296,0.045664,0.045555,0.0,0.088973,0.0,0.0,0.056737,0.0,0.023244,0.022621,0.023786,0.0,0.017764,0.0,0.0,0.0,0.0,0.096858,0.0,0.0,0.0,0.0,0.0,0.0,0.0,0.063216,0.011447
2023-09-18,0.093484,0.0,0.0,0.0,0.0,0.0,0.098752,0.079698,0.0,0.016522,0.093841,0.093759,0.0,0.0,0.0,0.027321,0.045745,0.045132,0.0,0.089404,0.0,0.0,0.056755,0.0,0.023371,0.022713,0.023792,0.0,0.017839,0.0,0.0,0.0,0.0,0.096227,0.0,0.0,0.0,0.0,0.0,0.0,0.0,0.064189,0.011457
2023-09-19,0.093082,0.0,0.0,0.0,0.0,0.0,0.098228,0.079518,0.0,0.016371,0.093512,0.09397,0.0,0.0,0.0,0.027061,0.045621,0.04518,0.0,0.089681,0.0,0.0,0.056705,0.0,0.023394,0.022556,0.023799,0.0,0.017768,0.0,0.0,0.0,0.0,0.096764,0.0,0.0,0.0,0.0,0.0,0.0,0.0,0.065314,0.011477
2023-09-20,0.094161,0.0,0.0,0.0,0.0,0.0,0.099478,0.079693,0.0,0.016336,0.093033,0.093141,0.0,0.0,0.0,0.026775,0.045664,0.045228,0.0,0.089272,0.0,0.0,0.057039,0.0,0.023139,0.022294,0.023699,0.0,0.017657,0.0,0.0,0.0,0.0,0.096975,0.0,0.0,0.0,0.0,0.0,0.0,0.0,0.064882,0.011532
2023-09-21,0.093959,0.0,0.0,0.0,0.0,0.0,0.097991,0.080466,0.0,0.016214,0.092256,0.093784,0.0,0.0,0.0,0.026979,0.045791,0.045484,0.0,0.088373,0.0,0.0,0.0574,0.0,0.02323,0.022308,0.023592,0.0,0.017549,0.0,0.0,0.0,0.0,0.097483,0.0,0.0,0.0,0.0,0.0,0.0,0.0,0.06538,0.01176
2023-09-22,0.094041,0.0,0.0,0.0,0.0,0.0,0.098077,0.080669,0.0,0.016325,0.091516,0.093842,0.0,0.0,0.0,0.02695,0.045718,0.045272,0.0,0.088671,0.0,0.0,0.057196,0.0,0.023323,0.022536,0.023676,0.0,0.017661,0.0,0.0,0.0,0.0,0.097484,0.0,0.0,0.0,0.0,0.0,0.0,0.0,0.065261,0.011785
2023-09-25,0.093394,0.0,0.0,0.0,0.0,0.0,0.097532,0.080933,0.0,0.016275,0.09207,0.094062,0.0,0.0,0.0,0.027444,0.045943,0.045495,0.0,0.088864,0.0,0.0,0.056986,0.0,0.023395,0.022698,0.023669,0.0,0.017695,0.0,0.0,0.0,0.0,0.096984,0.0,0.0,0.0,0.0,0.0,0.0,0.0,0.064775,0.011786
2023-09-26,0.093637,0.0,0.0,0.0,0.0,0.0,0.096898,0.081344,0.0,0.01595,0.091487,0.094144,0.0,0.0,0.0,0.027656,0.04579,0.045244,0.0,0.088631,0.0,0.0,0.057247,0.0,0.023252,0.022556,0.023575,0.0,0.017545,0.0,0.0,0.0,0.0,0.097797,0.0,0.0,0.0,0.0,0.0,0.0,0.0,0.065317,0.011928
2023-09-27,0.093381,0.0,0.0,0.0,0.0,0.0,0.095693,0.081817,0.0,0.015951,0.09111,0.094364,0.0,0.0,0.0,0.028466,0.046118,0.045283,0.0,0.088822,0.0,0.0,0.056761,0.0,0.023282,0.022748,0.023727,0.0,0.017751,0.0,0.0,0.0,0.0,0.097499,0.0,0.0,0.0,0.0,0.0,0.0,0.0,0.065299,0.011927
2023-09-28,0.093021,0.0,0.0,0.0,0.0,0.0,0.095977,0.080364,0.0,0.015936,0.091189,0.094432,0.0,0.0,0.0,0.028328,0.045841,0.045441,0.0,0.089382,0.0,0.0,0.056353,0.0,0.023208,0.022933,0.023665,0.0,0.017786,0.0,0.0,0.0,0.0,0.097353,0.0,0.0,0.0,0.0,0.0,0.0,0.0,0.066984,0.011807
2023-09-29,0.088665,0.0,0.0,0.0,0.0,0.0,0.088653,0.088731,0.0,0.0,0.088461,0.088532,0.0,0.0,0.013619,0.074466,0.044296,0.044319,0.0,0.088248,0.0,0.0,0.0,0.0,0.022166,0.021938,0.022314,0.020348,0.0,0.0,0.0,0.034397,0.053956,0.088733,0.0,0.0,0.0,0.0,0.0,0.0,0.0,0.023723,0.004436
2023-10-02,0.088625,0.0,0.0,0.0,0.0,0.0,0.087512,0.089316,0.0,0.0,0.089136,0.089802,0.0,0.0,0.013439,0.072475,0.044163,0.044217,0.0,0.087956,0.0,0.0,0.0,0.0,0.022557,0.022199,0.022591,0.02055,0.0,0.0,0.0,0.034268,0.051867,0.090047,0.0,0.0,0.0,0.0,0.0,0.0,0.0,0.024813,0.004467
2023-10-03,0.088411,0.0,0.0,0.0,0.0,0.0,0.086118,0.090165,0.0,0.0,0.088314,0.089964,0.0,0.0,0.013638,0.07332,0.044534,0.044481,0.0,0.086594,0.0,0.0,0.0,0.0,0.022517,0.022076,0.022365,0.020483,0.0,0.0,0.0,0.034698,0.052724,0.090552,0.0,0.0,0.0,0.0,0.0,0.0,0.0,0.024509,0.004536
2023-10-04,0.088469,0.0,0.0,0.0,0.0,0.0,0.086165,0.089834,0.0,0.0,0.089889,0.090651,0.0,0.0,0.013185,0.070276,0.044594,0.044574,0.0,0.087661,0.0,0.0,0.0,0.0,0.022756,0.022328,0.022685,0.020496,0.0,0.0,0.0,0.034629,0.052274,0.090172,0.0,0.0,0.0,0.0,0.0,0.0,0.0,0.024834,0.004529
2023-10-05,0.08874,0.0,0.0,0.0,0.0,0.0,0.085932,0.090524,0.0,0.0,0.089535,0.090623,0.0,0.0,0.013117,0.070438,0.044378,0.044447,0.0,0.087295,0.0,0.0,0.0,0.0,0.02281,0.022243,0.022681,0.020453,0.0,0.0,0.0,0.034603,0.052167,0.090776,0.0,0.0,0.0,0.0,0.0,0.0,0.0,0.024701,0.004534
2023-10-06,0.088622,0.0,0.0,0.0,0.0,0.0,0.085614,0.090272,0.0,0.0,0.089065,0.091168,0.0,0.0,0.013035,0.07085,0.044437,0.044351,0.0,0.086628,0.0,0.0,0.0,0.0,0.022954,0.022444,0.02301,0.020733,0.0,0.0,0.0,0.034357,0.052816,0.090256,0.0,0.0,0.0,0.0,0.0,0.0,0.0,0.024906,0.00448
2023-10-09,0.088132,0.0,0.0,0.0,0.0,0.0,0.086193,0.088555,0.0,0.0,0.088436,0.091401,0.0,0.0,0.013361,0.073193,0.044768,0.044041,0.0,0.086871,0.0,0.0,0.0,0.0,0.022886,0.022207,0.022975,0.020762,0.0,0.0,0.0,0.034705,0.053264,0.089482,0.0,0.0,0.0,0.0,0.0,0.0,0.0,0.024323,0.004445
2023-10-10,0.089083,0.0,0.0,0.0,0.0,0.0,0.087801,0.088787,0.0,0.0,0.088633,0.091135,0.0,0.0,0.013262,0.072781,0.04465,0.044197,0.0,0.087181,0.0,0.0,0.0,0.0,0.022723,0.022297,0.022882,0.020721,0.0,0.0,0.0,0.034348,0.052594,0.088628,0.0,0.0,0.0,0.0,0.0,0.0,0.0,0.023891,0.004406
2023-10-11,0.088611,0.0,0.0,0.0,0.0,0.0,0.087931,0.08872,0.0,0.0,0.088704,0.091712,0.0,0.0,0.013055,0.072461,0.044795,0.044184,0.0,0.087931,0.0,0.0,0.0,0.0,0.02287,0.022403,0.022947,0.020735,0.0,0.0,0.0,0.034503,0.052974,0.087809,0.0,0.0,0.0,0.0,0.0,0.0,0.0,0.023261,0.004395
2023-10-12,0.08958,0.0,0.0,0.0,0.0,0.0,0.087012,0.088849,0.0,0.0,0.088577,0.091498,0.0,0.0,0.013195,0.07318,0.044814,0.044083,0.0,0.084673,0.0,0.0,0.0,0.0,0.023111,0.022676,0.023071,0.020705,0.0,0.0,0.0,0.034728,0.052899,0.089479,0.0,0.0,0.0,0.0,0.0,0.0,0.0,0.023432,0.004438
2023-10-13,0.088595,0.0,0.0,0.0,0.0,0.0,0.087249,0.089077,0.0,0.0,0.087224,0.090419,0.0,0.0,0.013478,0.07468,0.04439,0.043299,0.0,0.084758,0.0,0.0,0.0,0.0,0.022767,0.022045,0.022804,0.02059,0.0,0.0,0.0,0.035823,0.055039,0.089839,0.0,0.0,0.0,0.0,0.0,0.0,0.0,0.023487,0.004436
2023-10-16,0.088377,0.0,0.0,0.0,0.0,0.0,0.087847,0.088708,0.0,0.0,0.087676,0.090882,0.0,0.0,0.013421,0.074619,0.044377,0.043586,0.0,0.084586,0.0,0.0,0.0,0.0,0.022737,0.022116,0.022817,0.020699,0.0,0.0,0.0,0.035263,0.054182,0.08895,0.0,0.0,0.0,0.0,0.0,0.0,0.0,0.024768,0.004389
2023-10-17,0.088216,0.0,0.0,0.0,0.0,0.0,0.087222,0.088471,0.0,0.0,0.087627,0.090937,0.0,0.0,0.013522,0.07528,0.044385,0.04368,0.0,0.084484,0.0,0.0,0.0,0.0,0.022566,0.02189,0.022866,0.020648,0.0,0.0,0.0,0.035226,0.054652,0.089222,0.0,0.0,0.0,0.0,0.0,0.0,0.0,0.02473,0.004376
2023-10-18,0.088335,0.0,0.0,0.0,0.0,0.0,0.086742,0.088433,0.0,0.0,0.086597,0.090441,0.0,0.0,0.013809,0.076755,0.043834,0.042772,0.0,0.083179,0.0,0.0,0.0,0.0,0.022602,0.021754,0.022792,0.020681,0.0,0.0,0.0,0.036165,0.055387,0.090541,0.0,0.0,0.0,0.0,0.0,0.0,0.0,0.024752,0.004429
2023-10-19,0.088102,0.0,0.0,0.0,0.0,0.0,0.087093,0.08904,0.0,0.0,0.084754,0.090742,0.0,0.0,0.013845,0.076945,0.043619,0.04268,0.0,0.082012,0.0,0.0,0.0,0.0,0.022571,0.021512,0.022748,0.020525,0.0,0.0,0.0,0.036769,0.056054,0.091144,0.0,0.0,0.0,0.0,0.0,0.0,0.0,0.025396,0.00445
2023-10-20,0.08729,0.0,0.0,0.0,0.0,0.0,0.087295,0.089015,0.0,0.0,0.08408,0.090594,0.0,0.0,0.013717,0.07623,0.0435,0.043107,0.0,0.08204,0.0,0.0,0.0,0.0,0.02236,0.021364,0.022344,0.020245,0.0,0.0,0.0,0.037152,0.05726,0.091635,0.0,0.0,0.0,0.0,0.0,0.0,0.0,0.026288,0.004484
2023-10-23,0.087516,0.0,0.0,0.0,0.0,0.0,0.087053,0.088427,0.0,0.0,0.084313,0.091215,0.0,0.0,0.013517,0.075237,0.043366,0.042643,0.0,0.082761,0.0,0.0,0.0,0.0,0.022421,0.021276,0.022381,0.020127,0.0,0.0,0.0,0.037085,0.056413,0.091822,0.0,0.0,0.0,0.0,0.0,0.0,0.0,0.027935,0.004493
2023-10-24,0.087076,0.0,0.0,0.0,0.0,0.0,0.087792,0.0882,0.0,0.0,0.084741,0.091783,0.0,0.0,0.013253,0.074229,0.043451,0.042438,0.0,0.081976,0.0,0.0,0.0,0.0,0.022451,0.021446,0.02246,0.0203,0.0,0.0,0.0,0.036876,0.056021,0.091231,0.0,0.0,0.0,0.0,0.0,0.0,0.0,0.02981,0.004468
2023-10-25,0.08784,0.0,0.0,0.0,0.0,0.0,0.087995,0.0883,0.0,0.0,0.084084,0.088923,0.0,0.0,0.013397,0.075055,0.043438,0.042109,0.0,0.081679,0.0,0.0,0.0,0.0,0.022468,0.02084,0.022135,0.020052,0.0,0.0,0.0,0.037502,0.056517,0.091969,0.0,0.0,0.0,0.0,0.0,0.0,0.0,0.031173,0.004526
2023-10-26,0.087191,0.0,0.0,0.0,0.0,0.0,0.090234,0.087785,0.0,0.0,0.083289,0.087532,0.0,0.0,0.013376,0.075175,0.043527,0.041447,0.0,0.083077,0.0,0.0,0.0,0.0,0.022177,0.020846,0.022048,0.020049,0.0,0.0,0.0,0.037797,0.056627,0.092715,0.0,0.0,0.0,0.0,0.0,0.0,0.0,0.030555,0.004555
2023-10-27,0.087079,0.0,0.0,0.0,0.0,0.0,0.088678,0.088358,0.0,0.0,0.084257,0.087313,0.0,0.0,0.01307,0.074259,0.043191,0.041043,0.0,0.08278,0.0,0.0,0.0,0.0,0.022331,0.021094,0.022063,0.020095,0.0,0.0,0.0,0.03828,0.057589,0.09367,0.0,0.0,0.0,0.0,0.0,0.0,0.0,0.030289,0.004561
2023-10-30,0.086833,0.0,0.0,0.0,0.0,0.0,0.087038,0.088686,0.0,0.0,0.084616,0.08868,0.0,0.0,0.013049,0.073642,0.043516,0.041847,0.0,0.08302,0.0,0.0,0.0,0.0,0.022461,0.020711,0.022248,0.020029,0.0,0.0,0.0,0.037879,0.057742,0.092581,0.0,0.0,0.0,0.0,0.0,0.0,0.0,0.030882,0.00454
2023-10-31,0.064799,0.0,0.065141,0.0,0.0,0.0,0.065247,0.065056,0.0,0.0,0.06515,0.064958,0.038229,0.0,0.032559,0.03194,0.052185,0.0,0.0,0.064934,0.0,0.0,0.0,0.0,0.017028,0.012037,0.0173,0.017279,0.0,0.0,0.0,0.0,0.0,0.065187,0.0,0.0,0.0,0.064547,0.065146,0.0,0.064943,0.060761,0.005573
2023-11-01,0.064643,0.0,0.065524,0.0,0.0,0.0,0.066455,0.064575,0.0,0.0,0.065225,0.065182,0.038051,0.0,0.032123,0.031528,0.051776,0.0,0.0,0.066469,0.0,0.0,0.0,0.0,0.017166,0.012183,0.01725,0.017099,0.0,0.0,0.0,0.0,0.0,0.064378,0.0,0.0,0.0,0.064389,0.065039,0.0,0.065068,0.060365,0.005512
2023-11-02,0.064927,0.0,0.06544,0.0,0.0,0.0,0.067176,0.064083,0.0,0.0,0.065767,0.0649,0.038275,0.0,0.03252,0.031785,0.051924,0.0,0.0,0.067547,0.0,0.0,0.0,0.0,0.017153,0.012244,0.017246,0.016957,0.0,0.0,0.0,0.0,0.0,0.064009,0.0,0.0,0.0,0.06356,0.06463,0.0,0.06458,0.059859,0.005417
2023-11-03,0.065365,0.0,0.065906,0.0,0.0,0.0,0.067268,0.06391,0.0,0.0,0.066029,0.065241,0.038395,0.0,0.031874,0.031239,0.051863,0.0,0.0,0.069035,0.0,0.0,0.0,0.0,0.017158,0.012441,0.017255,0.017005,0.0,0.0,0.0,0.0,0.0,0.06383,0.0,0.0,0.0,0.063251,0.064614,0.0,0.064565,0.058393,0.005363
2023-11-06,0.065403,0.0,0.065243,0.0,0.0,0.0,0.067716,0.064153,0.0,0.0,0.066302,0.065255,0.038392,0.0,0.031605,0.030495,0.051874,0.0,0.0,0.068493,0.0,0.0,0.0,0.0,0.017321,0.012454,0.017264,0.016938,0.0,0.0,0.0,0.0,0.0,0.064186,0.0,0.0,0.0,0.063269,0.064539,0.0,0.064216,0.059503,0.005381
2023-11-07,0.065345,0.0,0.064518,0.0,0.0,0.0,0.068046,0.064054,0.0,0.0,0.066909,0.065473,0.038259,0.0,0.030842,0.029572,0.051644,0.0,0.0,0.069207,0.0,0.0,0.0,0.0,0.017475,0.012508,0.017578,0.017132,0.0,0.0,0.0,0.0,0.0,0.063202,0.0,0.0,0.0,0.063313,0.064419,0.0,0.064305,0.060826,0.005371
2023-11-08,0.065372,0.0,0.063619,0.0,0.0,0.0,0.067673,0.064395,0.0,0.0,0.066905,0.065333,0.038404,0.0,0.030535,0.029012,0.051896,0.0,0.0,0.069353,0.0,0.0,0.0,0.0,0.01762,0.012554,0.017744,0.017161,0.0,0.0,0.0,0.0,0.0,0.063653,0.0,0.0,0.0,0.063618,0.064622,0.0,0.064597,0.060548,0.005386
2023-11-09,0.065935,0.0,0.064133,0.0,0.0,0.0,0.067573,0.064221,0.0,0.0,0.065909,0.065566,0.038392,0.0,0.030561,0.02892,0.051983,0.0,0.0,0.068662,0.0,0.0,0.0,0.0,0.017605,0.012542,0.017661,0.01716,0.0,0.0,0.0,0.0,0.0,0.063525,0.0,0.0,0.0,0.063326,0.064469,0.0,0.064184,0.062266,0.005407
2023-11-10,0.064826,0.0,0.064044,0.0,0.0,0.0,0.068072,0.064166,0.0,0.0,0.066271,0.065877,0.038402,0.0,0.030559,0.028921,0.052156,0.0,0.0,0.069416,0.0,0.0,0.0,0.0,0.017867,0.012904,0.017902,0.017291,0.0,0.0,0.0,0.0,0.0,0.062573,0.0,0.0,0.0,0.062656,0.064074,0.0,0.063758,0.062919,0.005348
2023-11-13,0.06545,0.0,0.064021,0.0,0.0,0.0,0.067934,0.064074,0.0,0.0,0.066564,0.065742,0.03835,0.0,0.030783,0.029155,0.052209,0.0,0.0,0.069096,0.0,0.0,0.0,0.0,0.017765,0.01278,0.017923,0.017349,0.0,0.0,0.0,0.0,0.0,0.063491,0.0,0.0,0.0,0.062622,0.064022,0.0,0.063428,0.061893,0.00535
2023-11-14,0.065743,0.0,0.064194,0.0,0.0,0.0,0.06896,0.063932,0.0,0.0,0.067648,0.065686,0.038418,0.0,0.030535,0.029139,0.052361,0.0,0.0,0.072138,0.0,0.0,0.0,0.0,0.017816,0.01303,0.018105,0.017594,0.0,0.0,0.0,0.0,0.0,0.062116,0.0,0.0,0.0,0.062074,0.063583,0.0,0.063444,0.058226,0.00526
2023-11-15,0.065742,0.0,0.063482,0.0,0.0,0.0,0.069162,0.063501,0.0,0.0,0.067482,0.065767,0.038488,0.0,0.030367,0.029066,0.052279,0.0,0.0,0.07146,0.0,0.0,0.0,0.0,0.017773,0.013077,0.017938,0.017494,0.0,0.0,0.0,0.0,0.0,0.062,0.0,0.0,0.0,0.061581,0.063148,0.0,0.06282,0.062134,0.005242
2023-11-16,0.065642,0.0,0.063978,0.0,0.0,0.0,0.069609,0.063835,0.0,0.0,0.067082,0.066347,0.038813,0.0,0.029904,0.02835,0.052518,0.0,0.0,0.071747,0.0,0.0,0.0,0.0,0.01794,0.01314,0.018024,0.017325,0.0,0.0,0.0,0.0,0.0,0.061796,0.0,0.0,0.0,0.062076,0.063509,0.0,0.063617,0.059482,0.005266
2023-11-17,0.065673,0.0,0.064636,0.0,0.0,0.0,0.068871,0.063597,0.0,0.0,0.067174,0.065988,0.038807,0.0,0.03037,0.028822,0.052574,0.0,0.0,0.071841,0.0,0.0,0.0,0.0,0.017808,0.013163,0.017987,0.017426,0.0,0.0,0.0,0.0,0.0,0.061359,0.0,0.0,0.0,0.061813,0.063317,0.0,0.063485,0.06005,0.00524
2023-11-20,0.065611,0.0,0.064186,0.0,0.0,0.0,0.069748,0.063144,0.0,0.0,0.067038,0.066256,0.038685,0.0,0.030197,0.028662,0.052358,0.0,0.0,0.071617,0.0,0.0,0.0,0.0,0.017938,0.013262,0.018133,0.017486,0.0,0.0,0.0,0.0,0.0,0.061087,0.0,0.0,0.0,0.061555,0.062934,0.0,0.063429,0.061471,0.005203
2023-11-21,0.065856,0.0,0.064186,0.0,0.0,0.0,0.069282,0.063423,0.0,0.0,0.067147,0.066309,0.038825,0.0,0.030256,0.028525,0.052538,0.0,0.0,0.071108,0.0,0.0,0.0,0.0,0.017867,0.013069,0.018202,0.017574,0.0,0.0,0.0,0.0,0.0,0.061455,0.0,0.0,0.0,0.061684,0.063282,0.0,0.063696,0.060492,0.005226
2023-11-22,0.065831,0.0,0.064347,0.0,0.0,0.0,0.068962,0.063396,0.0,0.0,0.0671,0.066603,0.038834,0.0,0.030128,0.028432,0.052455,0.0,0.0,0.071154,0.0,0.0,0.0,0.0,0.01788,0.013061,0.01813,0.017494,0.0,0.0,0.0,0.0,0.0,0.060921,0.0,0.0,0.0,0.061511,0.063155,0.0,0.063772,0.061628,0.005207
2023-11-23,0.065953,0.0,0.064339,0.0,0.0,0.0,0.068953,0.063387,0.0,0.0,0.067091,0.066595,0.038829,0.0,0.030124,0.028429,0.052448,0.0,0.0,0.071145,0.0,0.0,0.0,0.0,0.017877,0.01306,0.018128,0.017492,0.0,0.0,0.0,0.0,0.0,0.060913,0.0,0.0,0.0,0.061503,0.063146,0.0,0.063763,0.06162,0.005207
2023-11-24,0.065995,0.0,0.064466,0.0,0.0,0.0,0.068977,0.063363,0.0,0.0,0.067158,0.066374,0.038952,0.0,0.03025,0.028559,0.052579,0.0,0.0,0.071404,0.0,0.0,0.0,0.0,0.017843,0.01307,0.018188,0.017626,0.0,0.0,0.0,0.0,0.0,0.060005,0.0,0.0,0.0,0.061248,0.063083,0.0,0.063639,0.062013,0.005207
2023-11-27,0.066133,0.0,0.064662,0.0,0.0,0.0,0.069201,0.063466,0.0,0.0,0.067525,0.066216,0.038969,0.0,0.03026,0.028422,0.052484,0.0,0.0,0.071447,0.0,0.0,0.0,0.0,0.017911,0.013102,0.01825,0.017701,0.0,0.0,0.0,0.0,0.0,0.05982,0.0,0.0,0.0,0.061684,0.063418,0.0,0.064162,0.059938,0.005229
2023-11-28,0.065955,0.0,0.064261,0.0,0.0,0.0,0.069536,0.063641,0.0,0.0,0.067502,0.065974,0.038722,0.0,0.030084,0.028172,0.052043,0.0,0.0,0.070563,0.0,0.0,0.0,0.0,0.017836,0.012946,0.018244,0.017641,0.0,0.0,0.0,0.0,0.0,0.060422,0.0,0.0,0.0,0.061551,0.063311,0.0,0.064103,0.062295,0.005197
2023-11-29,0.065836,0.0,0.064173,0.0,0.0,0.0,0.068835,0.063811,0.0,0.0,0.067291,0.065471,0.038981,0.0,0.029847,0.028055,0.052218,0.0,0.0,0.071166,0.0,0.0,0.0,0.0,0.017843,0.013081,0.018529,0.017958,0.0,0.0,0.0,0.0,0.0,0.060783,0.0,0.0,0.0,0.061772,0.063629,0.0,0.064584,0.060943,0.005195
2023-11-30,0.067425,0.0,0.067387,0.0,0.0,0.0,0.067523,0.067414,0.0,0.0,0.052023,0.06732,0.039819,0.027723,0.033798,0.0336,0.0,0.0,0.0,0.0,0.0,0.0,0.0,0.0,0.016557,0.016497,0.016446,0.016835,0.0,0.0,0.0,0.067314,0.0,0.067696,0.0,0.0,0.0,0.06706,0.067509,0.0,0.067694,0.067685,0.004675
2023-12-01,0.067302,0.0,0.067353,0.0,0.0,0.0,0.067655,0.067292,0.0,0.0,0.052209,0.066781,0.039717,0.028596,0.033635,0.03353,0.0,0.0,0.0,0.0,0.0,0.0,0.0,0.0,0.016429,0.016409,0.016508,0.016868,0.0,0.0,0.0,0.067793,0.0,0.066238,0.0,0.0,0.0,0.066729,0.067388,0.0,0.068046,0.068893,0.004629
2023-12-04,0.066972,0.0,0.066403,0.0,0.0,0.0,0.066214,0.068004,0.0,0.0,0.052067,0.066185,0.039717,0.028982,0.033517,0.033164,0.0,0.0,0.0,0.0,0.0,0.0,0.0,0.0,0.016246,0.016243,0.016321,0.01701,0.0,0.0,0.0,0.0664,0.0,0.066189,0.0,0.0,0.0,0.066524,0.067293,0.0,0.067649,0.074265,0.004634
2023-12-05,0.066958,0.0,0.065967,0.0,0.0,0.0,0.0662,0.068431,0.0,0.0,0.052009,0.065689,0.039405,0.028504,0.032836,0.032342,0.0,0.0,0.0,0.0,0.0,0.0,0.0,0.0,0.016297,0.016104,0.016272,0.016888,0.0,0.0,0.0,0.065959,0.0,0.066089,0.0,0.0,0.0,0.066692,0.067162,0.0,0.067846,0.077728,0.00462
2023-12-06,0.067151,0.0,0.066813,0.0,0.0,0.0,0.066156,0.068691,0.0,0.0,0.052206,0.065669,0.039299,0.028564,0.032421,0.031544,0.0,0.0,0.0,0.0,0.0,0.0,0.0,0.0,0.016196,0.016042,0.016142,0.01691,0.0,0.0,0.0,0.066356,0.0,0.064858,0.0,0.0,0.0,0.066916,0.067326,0.0,0.068379,0.077729,0.004631
2023-12-07,0.067036,0.0,0.0671,0.0,0.0,0.0,0.065857,0.068635,0.0,0.0,0.052461,0.066822,0.039354,0.028957,0.032092,0.031421,0.0,0.0,0.0,0.0,0.0,0.0,0.0,0.0,0.016338,0.016417,0.016173,0.016931,0.0,0.0,0.0,0.066244,0.0,0.065031,0.0,0.0,0.0,0.066636,0.067217,0.0,0.068081,0.076578,0.004618
2023-12-08,0.066975,0.0,0.066462,0.0,0.0,0.0,0.066104,0.068168,0.0,0.0,0.052508,0.06689,0.039417,0.029168,0.03232,0.031694,0.0,0.0,0.0,0.0,0.0,0.0,0.0,0.0,0.016417,0.016486,0.016247,0.016999,0.0,0.0,0.0,0.06512,0.0,0.065211,0.0,0.0,0.0,0.06631,0.066838,0.0,0.067598,0.078464,0.004602
2023-12-11,0.067602,0.0,0.067268,0.0,0.0,0.0,0.066348,0.068964,0.0,0.0,0.052982,0.0668,0.039909,0.02934,0.032565,0.031879,0.0,0.0,0.0,0.0,0.0,0.0,0.0,0.0,0.016666,0.017157,0.016517,0.017328,0.0,0.0,0.0,0.064811,0.0,0.065295,0.0,0.0,0.0,0.066593,0.067219,0.0,0.067918,0.072207,0.004633
2023-12-12,0.067803,0.0,0.067141,0.0,0.0,0.0,0.065649,0.06867,0.0,0.0,0.053122,0.067045,0.040176,0.02919,0.032103,0.031182,0.0,0.0,0.0,0.0,0.0,0.0,0.0,0.0,0.016769,0.017272,0.016539,0.017537,0.0,0.0,0.0,0.064745,0.0,0.065685,0.0,0.0,0.0,0.066523,0.067338,0.0,0.068027,0.072852,0.004631
2023-12-13,0.066923,0.0,0.067011,0.0,0.0,0.0,0.066895,0.068336,0.0,0.0,0.052907,0.066531,0.040133,0.030113,0.032,0.031418,0.0,0.0,0.0,0.0,0.0,0.0,0.0,0.0,0.016631,0.017242,0.016449,0.017425,0.0,0.0,0.0,0.065086,0.0,0.064191,0.0,0.0,0.0,0.066288,0.06721,0.0,0.067985,0.074676,0.004552
2023-12-14,0.067537,0.0,0.066048,0.0,0.0,0.0,0.067037,0.068211,0.0,0.0,0.053088,0.066162,0.040132,0.03112,0.032615,0.032195,0.0,0.0,0.0,0.0,0.0,0.0,0.0,0.0,0.016426,0.017545,0.016068,0.017328,0.0,0.0,0.0,0.064821,0.0,0.064083,0.0,0.0,0.0,0.066353,0.06684,0.0,0.068013,0.073869,0.004509
2023-12-15,0.067753,0.0,0.065747,0.0,0.0,0.0,0.06641,0.06842,0.0,0.0,0.053416,0.066266,0.04006,0.030829,0.032575,0.032184,0.0,0.0,0.0,0.0,0.0,0.0,0.0,0.0,0.016576,0.017682,0.01629,0.017619,0.0,0.0,0.0,0.064491,0.0,0.064523,0.0,0.0,0.0,0.066514,0.066966,0.0,0.0682,0.07295,0.004529
2023-12-18,0.067635,0.0,0.065427,0.0,0.0,0.0,0.067361,0.068443,0.0,0.0,0.053588,0.066884,0.040075,0.030519,0.032744,0.032494,0.0,0.0,0.0,0.0,0.0,0.0,0.0,0.0,0.016577,0.017581,0.016366,0.017615,0.0,0.0,0.0,0.064591,0.0,0.064392,0.0,0.0,0.0,0.06612,0.066811,0.0,0.068013,0.072246,0.004516
2023-12-19,0.067613,0.0,0.065217,0.0,0.0,0.0,0.067837,0.068382,0.0,0.0,0.053672,0.067145,0.040125,0.030714,0.032931,0.032689,0.0,0.0,0.0,0.0,0.0,0.0,0.0,0.0,0.016536,0.017565,0.016366,0.017642,0.0,0.0,0.0,0.064627,0.0,0.064144,0.0,0.0,0.0,0.065751,0.066585,0.0,0.067758,0.072212,0.004488
2023-12-20,0.068226,0.0,0.065338,0.0,0.0,0.0,0.067001,0.066992,0.0,0.0,0.053059,0.067089,0.039683,0.030266,0.032852,0.032427,0.0,0.0,0.0,0.0,0.0,0.0,0.0,0.0,0.016399,0.017163,0.016244,0.017448,0.0,0.0,0.0,0.064722,0.0,0.063824,0.0,0.0,0.0,0.066473,0.067057,0.0,0.068236,0.074984,0.004519
2023-12-21,0.06735,0.0,0.065965,0.0,0.0,0.0,0.067569,0.067544,0.0,0.0,0.053453,0.067232,0.039763,0.030326,0.032727,0.032549,0.0,0.0,0.0,0.0,0.0,0.0,0.0,0.0,0.016456,0.017502,0.016339,0.017492,0.0,0.0,0.0,0.06468,0.0,0.063243,0.0,0.0,0.0,0.065853,0.066844,0.0,0.067834,0.074792,0.004487
2023-12-22,0.067472,0.0,0.066066,0.0,0.0,0.0,0.068028,0.067713,0.0,0.0,0.052973,0.067131,0.039783,0.030415,0.03277,0.032571,0.0,0.0,0.0,0.0,0.0,0.0,0.0,0.0,0.016451,0.01753,0.016342,0.017537,0.0,0.0,0.0,0.06486,0.0,0.063443,0.0,0.0,0.0,0.065617,0.066657,0.0,0.067632,0.07453,0.00448
2023-12-26,0.067334,0.0,0.06591,0.0,0.0,0.0,0.068929,0.067813,0.0,0.0,0.053089,0.067252,0.039861,0.030756,0.032984,0.033014,0.0,0.0,0.0,0.0,0.0,0.0,0.0,0.0,0.016486,0.017803,0.016361,0.017589,0.0,0.0,0.0,0.065221,0.0,0.063586,0.0,0.0,0.0,0.06552,0.06665,0.0,0.067737,0.071637,0.004471
2023-12-27,0.067525,0.0,0.065943,0.0,0.0,0.0,0.068818,0.067904,0.0,0.0,0.053005,0.066925,0.039789,0.030575,0.032674,0.032712,0.0,0.0,0.0,0.0,0.0,0.0,0.0,0.0,0.016402,0.01776,0.016266,0.017459,0.0,0.0,0.0,0.065189,0.0,0.063328,0.0,0.0,0.0,0.065489,0.06659,0.0,0.067639,0.073557,0.004451
2023-12-28,0.067812,0.0,0.066545,0.0,0.0,0.0,0.068722,0.068369,0.0,0.0,0.052896,0.06732,0.040031,0.030724,0.032277,0.032264,0.0,0.0,0.0,0.0,0.0,0.0,0.0,0.0,0.016474,0.017782,0.016312,0.017491,0.0,0.0,0.0,0.065014,0.0,0.063679,0.0,0.0,0.0,0.065483,0.066585,0.0,0.067663,0.072092,0.004465
2023-12-29,0.066961,0.0,0.0,0.0,0.0,0.0,0.067147,0.067139,0.0,0.0,0.0,0.066794,0.03671,0.030199,0.0,0.066906,0.066553,0.0,0.059555,0.066535,0.0,0.0,0.0,0.0,0.017145,0.013942,0.017376,0.017502,0.0,0.0,0.0,0.033267,0.033528,0.067063,0.0,0.0,0.0,0.0,0.067132,0.0,0.06668,0.067168,0.004697
2024-01-02,0.066402,0.0,0.0,0.0,0.0,0.0,0.066132,0.067066,0.0,0.0,0.0,0.066537,0.036933,0.030371,0.0,0.067536,0.066,0.0,0.059557,0.065842,0.0,0.0,0.0,0.0,0.016726,0.013464,0.016923,0.017088,0.0,0.0,0.0,0.033249,0.033388,0.067022,0.0,0.0,0.0,0.0,0.067027,0.0,0.06614,0.071887,0.004708
2024-01-03,0.066611,0.0,0.0,0.0,0.0,0.0,0.066977,0.067693,0.0,0.0,0.0,0.067018,0.037023,0.029868,0.0,0.068903,0.065733,0.0,0.059564,0.065076,0.0,0.0,0.0,0.0,0.016738,0.01332,0.016834,0.017032,0.0,0.0,0.0,0.033334,0.032835,0.067432,0.0,0.0,0.0,0.0,0.06758,0.0,0.06661,0.069059,0.00476
2024-01-04,0.066844,0.0,0.0,0.0,0.0,0.0,0.066264,0.068265,0.0,0.0,0.0,0.066781,0.037164,0.030042,0.0,0.06734,0.065803,0.0,0.059362,0.064732,0.0,0.0,0.0,0.0,0.016612,0.013205,0.016788,0.01694,0.0,0.0,0.0,0.033361,0.03286,0.067844,0.0,0.0,0.0,0.0,0.067303,0.0,0.066294,0.071435,0.004759
2024-01-05,0.066631,0.0,0.0,0.0,0.0,0.0,0.066906,0.068257,0.0,0.0,0.0,0.066944,0.037257,0.030295,0.0,0.06748,0.065766,0.0,0.059357,0.065155,0.0,0.0,0.0,0.0,0.016579,0.013256,0.016738,0.016884,0.0,0.0,0.0,0.033309,0.033005,0.067269,0.0,0.0,0.0,0.0,0.067239,0.0,0.065974,0.070947,0.004753
2024-01-08,0.066173,0.0,0.0,0.0,0.0,0.0,0.066402,0.067607,0.0,0.0,0.0,0.067336,0.037137,0.030282,0.0,0.066313,0.065565,0.0,0.059043,0.065844,0.0,0.0,0.0,0.0,0.016833,0.013557,0.017031,0.017071,0.0,0.0,0.0,0.032733,0.032568,0.066401,0.0,0.0,0.0,0.0,0.066971,0.0,0.065428,0.074997,0.004707
2024-01-09,0.066602,0.0,0.0,0.0,0.0,0.0,0.065702,0.067524,0.0,0.0,0.0,0.067446,0.037038,0.030038,0.0,0.065743,0.065602,0.0,0.058582,0.06585,0.0,0.0,0.0,0.0,0.016922,0.013612,0.017163,0.017419,0.0,0.0,0.0,0.032864,0.032487,0.067101,0.0,0.0,0.0,0.0,0.067323,0.0,0.065414,0.074845,0.004725
2024-01-10,0.066712,0.0,0.0,0.0,0.0,0.0,0.065509,0.06784,0.0,0.0,0.0,0.067975,0.037043,0.030066,0.0,0.064784,0.06584,0.0,0.058419,0.06683,0.0,0.0,0.0,0.0,0.017041,0.013546,0.017373,0.017661,0.0,0.0,0.0,0.032741,0.032346,0.066873,0.0,0.0,0.0,0.0,0.067346,0.0,0.065784,0.073551,0.004719
2024-01-11,0.066347,0.0,0.0,0.0,0.0,0.0,0.065791,0.067847,0.0,0.0,0.0,0.067706,0.03688,0.029729,0.0,0.064689,0.065641,0.0,0.058204,0.067052,0.0,0.0,0.0,0.0,0.017115,0.013587,0.017501,0.017844,0.0,0.0,0.0,0.032783,0.032138,0.067182,0.0,0.0,0.0,0.0,0.067516,0.0,0.066331,0.073401,0.004716
2024-01-12,0.067034,0.0,0.0,0.0,0.0,0.0,0.066203,0.068978,0.0,0.0,0.0,0.068106,0.036848,0.029509,0.0,0.065607,0.065701,0.0,0.058318,0.066456,0.0,0.0,0.0,0.0,0.017188,0.01354,0.017572,0.017979,0.0,0.0,0.0,0.033137,0.032742,0.066892,0.0,0.0,0.0,0.0,0.067654,0.0,0.066517,0.069296,0.004723
2024-01-15,0.066965,0.0,0.0,0.0,0.0,0.0,0.066208,0.068983,0.0,0.0,0.0,0.068111,0.036851,0.029511,0.0,0.065612,0.065706,0.0,0.058322,0.066461,0.0,0.0,0.0,0.0,0.017189,0.013541,0.017573,0.01798,0.0,0.0,0.0,0.033139,0.032745,0.066897,0.0,0.0,0.0,0.0,0.067659,0.0,0.066522,0.069301,0.004723
2024-01-16,0.067379,0.0,0.0,0.0,0.0,0.0,0.065065,0.068836,0.0,0.0,0.0,0.068345,0.036932,0.029343,0.0,0.06418,0.065641,0.0,0.05818,0.066667,0.0,0.0,0.0,0.0,0.01739,0.013859,0.017729,0.018073,0.0,0.0,0.0,0.033126,0.032687,0.068003,0.0,0.0,0.0,0.0,0.067849,0.0,0.066511,0.069439,0.004767
2024-01-17,0.067188,0.0,0.0,0.0,0.0,0.0,0.06517,0.068562,0.0,0.0,0.0,0.068445,0.037145,0.02944,0.0,0.063932,0.065696,0.0,0.058199,0.066776,0.0,0.0,0.0,0.0,0.017437,0.013837,0.017787,0.018049,0.0,0.0,0.0,0.033012,0.032449,0.068028,0.0,0.0,0.0,0.0,0.068076,0.0,0.066767,0.0692,0.004803
2024-01-18,0.067383,0.0,0.0,0.0,0.0,0.0,0.064358,0.068737,0.0,0.0,0.0,0.069103,0.037109,0.029518,0.0,0.063774,0.066414,0.0,0.058234,0.067445,0.0,0.0,0.0,0.0,0.017745,0.014257,0.017923,0.018221,0.0,0.0,0.0,0.033199,0.032617,0.068644,0.0,0.0,0.0,0.0,0.068043,0.0,0.066665,0.065819,0.004792
2024-01-19,0.067216,0.0,0.0,0.0,0.0,0.0,0.06394,0.068895,0.0,0.0,0.0,0.069479,0.037404,0.029998,0.0,0.063401,0.066313,0.0,0.057824,0.067651,0.0,0.0,0.0,0.0,0.018009,0.014696,0.018101,0.018239,0.0,0.0,0.0,0.033031,0.032138,0.068617,0.0,0.0,0.0,0.0,0.067612,0.0,0.066162,0.066517,0.004755
2024-01-22,0.067933,0.0,0.0,0.0,0.0,0.0,0.062693,0.069096,0.0,0.0,0.0,0.069568,0.037555,0.030453,0.0,0.063647,0.066778,0.0,0.057952,0.068884,0.0,0.0,0.0,0.0,0.018075,0.014734,0.018253,0.018538,0.0,0.0,0.0,0.032883,0.031416,0.068862,0.0,0.0,0.0,0.0,0.067616,0.0,0.06616,0.064154,0.004752
2024-01-23,0.067926,0.0,0.0,0.0,0.0,0.0,0.064088,0.067828,0.0,0.0,0.0,0.07051,0.03775,0.030311,0.0,0.063967,0.066967,0.0,0.058353,0.065781,0.0,0.0,0.0,0.0,0.018214,0.014886,0.018355,0.018582,0.0,0.0,0.0,0.033131,0.032014,0.069898,0.0,0.0,0.0,0.0,0.067783,0.0,0.066059,0.062826,0.00477
2024-01-24,0.068574,0.0,0.0,0.0,0.0,0.0,0.063935,0.06841,0.0,0.0,0.0,0.0708,0.03782,0.030547,0.0,0.064659,0.066415,0.0,0.057443,0.064481,0.0,0.0,0.0,0.0,0.018301,0.015071,0.01831,0.018511,0.0,0.0,0.0,0.03279,0.032227,0.070276,0.0,0.0,0.0,0.0,0.067607,0.0,0.06574,0.063325,0.00476
2024-01-25,0.067972,0.0,0.0,0.0,0.0,0.0,0.063999,0.067818,0.0,0.0,0.0,0.07146,0.037748,0.030259,0.0,0.065341,0.066594,0.0,0.057651,0.065452,0.0,0.0,0.0,0.0,0.018252,0.014926,0.018236,0.018368,0.0,0.0,0.0,0.032695,0.032362,0.06947,0.0,0.0,0.0,0.0,0.067658,0.0,0.065756,0.063254,0.004729
2024-01-26,0.067948,0.0,0.0,0.0,0.0,0.0,0.064052,0.067618,0.0,0.0,0.0,0.071364,0.037712,0.030272,0.0,0.065477,0.066185,0.0,0.057409,0.065107,0.0,0.0,0.0,0.0,0.017959,0.014458,0.018121,0.018326,0.0,0.0,0.0,0.032523,0.032092,0.069315,0.0,0.0,0.0,0.0,0.067297,0.0,0.065553,0.066503,0.004708
2024-01-29,0.06738,0.0,0.0,0.0,0.0,0.0,0.063176,0.068255,0.0,0.0,0.0,0.071491,0.037562,0.030458,0.0,0.065102,0.066181,0.0,0.057317,0.065344,0.0,0.0,0.0,0.0,0.018006,0.014513,0.01836,0.018481,0.0,0.0,0.0,0.032538,0.032417,0.068541,0.0,0.0,0.0,0.0,0.067004,0.0,0.06537,0.067826,0.004678
2024-01-30,0.067637,0.0,0.0,0.0,0.0,0.0,0.06252,0.067475,0.0,0.0,0.0,0.070847,0.037952,0.030403,0.0,0.066113,0.066055,0.0,0.05745,0.065547,0.0,0.0,0.0,0.0,0.017817,0.014256,0.018237,0.018391,0.0,0.0,0.0,0.03251,0.032313,0.069412,0.0,0.0,0.0,0.0,0.066767,0.0,0.065372,0.068258,0.004668
2024-01-31,0.071112,0.0,0.0,0.016692,0.020336,0.0,0.08814,0.044173,0.031602,0.012189,0.0,0.08822,0.043938,0.044159,0.0,0.0,0.0,0.0,0.072404,0.087784,0.0,0.0,0.0,0.0,0.01176,0.019376,0.027624,0.027771,0.0,0.060779,0.0,0.08719,0.0,0.0,0.0,0.0,0.0,0.0,0.050955,0.0,0.0,0.088284,0.005513
2024-02-01,0.070239,0.0,0.0,0.016328,0.020177,0.0,0.088334,0.044076,0.031537,0.012451,0.0,0.08833,0.043613,0.042826,0.0,0.0,0.0,0.0,0.072952,0.088974,0.0,0.0,0.0,0.0,0.011802,0.019298,0.027759,0.027937,0.0,0.061327,0.0,0.087309,0.0,0.0,0.0,0.0,0.0,0.0,0.05079,0.0,0.0,0.088475,0.005465
2024-02-02,0.070833,0.0,0.0,0.016466,0.020093,0.0,0.086574,0.044149,0.031355,0.012701,0.0,0.091758,0.043735,0.042954,0.0,0.0,0.0,0.0,0.072428,0.088726,0.0,0.0,0.0,0.0,0.011908,0.019518,0.027926,0.027881,0.0,0.060486,0.0,0.086369,0.0,0.0,0.0,0.0,0.0,0.0,0.050494,0.0,0.0,0.088185,0.005459
2024-02-05,0.071224,0.0,0.0,0.016502,0.020297,0.0,0.087417,0.044327,0.031708,0.012722,0.0,0.091322,0.043887,0.042699,0.0,0.0,0.0,0.0,0.071255,0.088344,0.0,0.0,0.0,0.0,0.012048,0.019972,0.028011,0.02784,0.0,0.059775,0.0,0.086703,0.0,0.0,0.0,0.0,0.0,0.0,0.050733,0.0,0.0,0.087704,0.005511
2024-02-06,0.070946,0.0,0.0,0.016487,0.02066,0.0,0.089036,0.044551,0.032044,0.012628,0.0,0.090297,0.043617,0.042056,0.0,0.0,0.0,0.0,0.071919,0.087663,0.0,0.0,0.0,0.0,0.011894,0.019577,0.027734,0.027809,0.0,0.060082,0.0,0.086442,0.0,0.0,0.0,0.0,0.0,0.0,0.0505,0.0,0.0,0.088591,0.005466
2024-02-07,0.070887,0.0,0.0,0.016363,0.0205,0.0,0.087999,0.044353,0.032055,0.012767,0.0,0.090157,0.043652,0.041759,0.0,0.0,0.0,0.0,0.072015,0.088259,0.0,0.0,0.0,0.0,0.011972,0.019745,0.027991,0.028111,0.0,0.059599,0.0,0.085847,0.0,0.0,0.0,0.0,0.0,0.0,0.050251,0.0,0.0,0.090289,0.005432
2024-02-08,0.070681,0.0,0.0,0.016365,0.020369,0.0,0.085919,0.043866,0.032309,0.012724,0.0,0.090199,0.04334,0.041745,0.0,0.0,0.0,0.0,0.07168,0.088809,0.0,0.0,0.0,0.0,0.01197,0.020018,0.028185,0.028286,0.0,0.059884,0.0,0.085484,0.0,0.0,0.0,0.0,0.0,0.0,0.050057,0.0,0.0,0.092694,0.005414
2024-02-09,0.070371,0.0,0.0,0.016301,0.02019,0.0,0.085834,0.043719,0.032171,0.012704,0.0,0.089609,0.043129,0.041963,0.0,0.0,0.0,0.0,0.071285,0.088196,0.0,0.0,0.0,0.0,0.012038,0.02026,0.028277,0.028715,0.0,0.059516,0.0,0.084499,0.0,0.0,0.0,0.0,0.0,0.0,0.049776,0.0,0.0,0.096075,0.005373
2024-02-12,0.070222,0.0,0.0,0.01646,0.020329,0.0,0.085729,0.042909,0.031968,0.012732,0.0,0.088999,0.042897,0.04224,0.0,0.0,0.0,0.0,0.071137,0.089266,0.0,0.0,0.0,0.0,0.011827,0.020022,0.027705,0.02816,0.0,0.058939,0.0,0.083441,0.0,0.0,0.0,0.0,0.0,0.0,0.049173,0.0,0.0,0.100522,0.00532
2024-02-13,0.070503,0.0,0.0,0.0165,0.020287,0.0,0.084924,0.043488,0.031716,0.012633,0.0,0.089478,0.043154,0.041533,0.0,0.0,0.0,0.0,0.071521,0.087743,0.0,0.0,0.0,0.0,0.011856,0.019998,0.027623,0.028261,0.0,0.058864,0.0,0.083917,0.0,0.0,0.0,0.0,0.0,0.0,0.049743,0.0,0.0,0.100831,0.005426
2024-02-14,0.069679,0.0,0.0,0.016284,0.020233,0.0,0.084431,0.043584,0.031755,0.012682,0.0,0.089602,0.042941,0.041721,0.0,0.0,0.0,0.0,0.070947,0.088202,0.0,0.0,0.0,0.0,0.011809,0.020157,0.027766,0.028319,0.0,0.058476,0.0,0.082664,0.0,0.0,0.0,0.0,0.0,0.0,0.049221,0.0,0.0,0.104177,0.00535
2024-02-15,0.069612,0.0,0.0,0.016365,0.020126,0.0,0.084392,0.043462,0.031546,0.012564,0.0,0.089604,0.043324,0.042492,0.0,0.0,0.0,0.0,0.071703,0.088029,0.0,0.0,0.0,0.0,0.011688,0.019974,0.027501,0.028081,0.0,0.059354,0.0,0.082547,0.0,0.0,0.0,0.0,0.0,0.0,0.048995,0.0,0.0,0.103335,0.005307
2024-02-16,0.07026,0.0,0.0,0.016486,0.020355,0.0,0.085446,0.043695,0.031443,0.012681,0.0,0.088474,0.043302,0.04224,0.0,0.0,0.0,0.0,0.072301,0.086686,0.0,0.0,0.0,0.0,0.011616,0.019921,0.027094,0.027805,0.0,0.058918,0.0,0.083099,0.0,0.0,0.0,0.0,0.0,0.0,0.048996,0.0,0.0,0.103858,0.005324
2024-02-19,0.070096,0.0,0.0,0.01641,0.020311,0.0,0.085474,0.043709,0.031453,0.012685,0.0,0.088502,0.043315,0.042254,0.0,0.0,0.0,0.0,0.072324,0.086714,0.0,0.0,0.0,0.0,0.01162,0.019928,0.027103,0.027814,0.0,0.058937,0.0,0.083125,0.0,0.0,0.0,0.0,0.0,0.0,0.049011,0.0,0.0,0.10389,0.005326
2024-02-20,0.069673,0.0,0.0,0.016258,0.020334,0.0,0.086924,0.043993,0.031668,0.0127,0.0,0.08832,0.043172,0.041955,0.0,0.0,0.0,0.0,0.072132,0.086727,0.0,0.0,0.0,0.0,0.011495,0.019582,0.026753,0.027472,0.0,0.058801,0.0,0.083585,0.0,0.0,0.0,0.0,0.0,0.0,0.049087,0.0,0.0,0.104046,0.005324
2024-02-21,0.069878,0.0,0.0,0.016273,0.020473,0.0,0.087302,0.043858,0.031504,0.012755,0.0,0.088602,0.043491,0.041956,0.0,0.0,0.0,0.0,0.072846,0.087613,0.0,0.0,0.0,0.0,0.011473,0.019622,0.026117,0.026212,0.0,0.059386,0.0,0.083953,0.0,0.0,0.0,0.0,0.0,0.0,0.049211,0.0,0.0,0.102125,0.005349
2024-02-22,0.070261,0.0,0.0,0.016229,0.020405,0.0,0.085811,0.043833,0.031619,0.012775,0.0,0.088922,0.043503,0.041581,0.0,0.0,0.0,0.0,0.072755,0.088043,0.0,0.0,0.0,0.0,0.011715,0.020358,0.026484,0.026567,0.0,0.058831,0.0,0.083047,0.0,0.0,0.0,0.0,0.0,0.0,0.048893,0.0,0.0,0.103076,0.005289
2024-02-23,0.070627,0.0,0.0,0.016267,0.020421,0.0,0.08493,0.043927,0.03146,0.012791,0.0,0.08877,0.043754,0.041642,0.0,0.0,0.0,0.0,0.073242,0.088903,0.0,0.0,0.0,0.0,0.011697,0.020154,0.026647,0.026808,0.0,0.05885,0.0,0.083582,0.0,0.0,0.0,0.0,0.0,0.0,0.048963,0.0,0.0,0.10127,0.005293
2024-02-26,0.070239,0.0,0.0,0.016176,0.020257,0.0,0.085004,0.043538,0.03132,0.012549,0.0,0.087108,0.043353,0.041108,0.0,0.0,0.0,0.0,0.072495,0.088526,0.0,0.0,0.0,0.0,0.011659,0.020267,0.02679,0.027008,0.0,0.057958,0.0,0.083043,0.0,0.0,0.0,0.0,0.0,0.0,0.048598,0.0,0.0,0.107731,0.005272
2024-02-27,0.06957,0.0,0.0,0.016157,0.020147,0.0,0.086264,0.043218,0.030874,0.012327,0.0,0.087053,0.043093,0.041198,0.0,0.0,0.0,0.0,0.072131,0.088163,0.0,0.0,0.0,0.0,0.011568,0.020071,0.026573,0.026905,0.0,0.057522,0.0,0.082233,0.0,0.0,0.0,0.0,0.0,0.0,0.048238,0.0,0.0,0.11147,0.005227
2024-02-28,0.06925,0.0,0.0,0.016092,0.019798,0.0,0.084152,0.042607,0.03059,0.012391,0.0,0.086189,0.043119,0.040781,0.0,0.0,0.0,0.0,0.072129,0.087746,0.0,0.0,0.0,0.0,0.011477,0.019783,0.026444,0.026722,0.0,0.057922,0.0,0.082124,0.0,0.0,0.0,0.0,0.0,0.0,0.048081,0.0,0.0,0.117393,0.005211
2024-02-29,0.06689,0.0,0.067201,0.0,0.0,0.0,0.067352,0.067163,0.0,0.0,0.0,0.067339,0.067162,0.0,0.0,0.0,0.0,0.0,0.0,0.056826,0.067324,0.0,0.0,0.0,0.016623,0.01612,0.016718,0.01684,0.0,0.0,0.0,0.066437,0.0,0.067281,0.0,0.0,0.028335,0.038437,0.033267,0.033082,0.067095,0.067307,0.005201
2024-03-01,0.066823,0.0,0.067705,0.0,0.0,0.0,0.067074,0.067491,0.0,0.0,0.0,0.067231,0.066418,0.0,0.0,0.0,0.0,0.0,0.0,0.057174,0.067362,0.0,0.0,0.0,0.01676,0.01664,0.016719,0.016712,0.0,0.0,0.0,0.067028,0.0,0.06668,0.0,0.0,0.028184,0.038202,0.033063,0.032956,0.066824,0.067804,0.005151
2024-03-04,0.066669,0.0,0.066974,0.0,0.0,0.0,0.066316,0.067141,0.0,0.0,0.0,0.066017,0.066251,0.0,0.0,0.0,0.0,0.0,0.0,0.056676,0.066925,0.0,0.0,0.0,0.016677,0.01672,0.016565,0.016626,0.0,0.0,0.0,0.067772,0.0,0.067094,0.0,0.0,0.027981,0.037979,0.032889,0.032731,0.06643,0.072444,0.005125
2024-03-05,0.066908,0.0,0.068017,0.0,0.0,0.0,0.066701,0.067569,0.0,0.0,0.0,0.066143,0.066935,0.0,0.0,0.0,0.0,0.0,0.0,0.056598,0.067095,0.0,0.0,0.0,0.016431,0.016557,0.016093,0.016392,0.0,0.0,0.0,0.068867,0.0,0.066985,0.0,0.0,0.028437,0.038537,0.033195,0.033242,0.067244,0.066877,0.005177
2024-03-06,0.066557,0.0,0.068227,0.0,0.0,0.0,0.066505,0.067265,0.0,0.0,0.0,0.065444,0.066479,0.0,0.0,0.0,0.0,0.0,0.0,0.056429,0.066746,0.0,0.0,0.0,0.016363,0.016762,0.016124,0.016383,0.0,0.0,0.0,0.068603,0.0,0.066662,0.0,0.0,0.028165,0.038091,0.032879,0.032932,0.066688,0.07158,0.005117
2024-03-07,0.066707,0.0,0.067811,0.0,0.0,0.0,0.066028,0.067114,0.0,0.0,0.0,0.066126,0.066004,0.0,0.0,0.0,0.0,0.0,0.0,0.056994,0.066676,0.0,0.0,0.0,0.016527,0.017238,0.016222,0.01651,0.0,0.0,0.0,0.068601,0.0,0.06658,0.0,0.0,0.028053,0.037854,0.03273,0.032827,0.066489,0.07182,0.005088
2024-03-08,0.066851,0.0,0.067735,0.0,0.0,0.0,0.064564,0.067177,0.0,0.0,0.0,0.0661,0.066192,0.0,0.0,0.0,0.0,0.0,0.0,0.056584,0.066628,0.0,0.0,0.0,0.016299,0.016559,0.016149,0.016363,0.0,0.0,0.0,0.069259,0.0,0.066595,0.0,0.0,0.028105,0.037928,0.032776,0.032909,0.066638,0.073495,0.005095
2024-03-11,0.066276,0.0,0.066206,0.0,0.0,0.0,0.06412,0.066663,0.0,0.0,0.0,0.065951,0.066281,0.0,0.0,0.0,0.0,0.0,0.0,0.056124,0.066566,0.0,0.0,0.0,0.016248,0.016333,0.016187,0.016399,0.0,0.0,0.0,0.069359,0.0,0.06749,0.0,0.0,0.028058,0.037846,0.032759,0.032902,0.066508,0.076632,0.005093
2024-03-12,0.066577,0.0,0.066355,0.0,0.0,0.0,0.064771,0.066181,0.0,0.0,0.0,0.066319,0.066345,0.0,0.0,0.0,0.0,0.0,0.0,0.056587,0.066661,0.0,0.0,0.0,0.016529,0.016618,0.016489,0.016466,0.0,0.0,0.0,0.068381,0.0,0.068043,0.0,0.0,0.027854,0.037651,0.032684,0.032692,0.066206,0.075512,0.005078
2024-03-13,0.066717,0.0,0.065745,0.0,0.0,0.0,0.064999,0.064537,0.0,0.0,0.0,0.066403,0.0668,0.0,0.0,0.0,0.0,0.0,0.0,0.056898,0.066371,0.0,0.0,0.0,0.016342,0.016206,0.016362,0.016444,0.0,0.0,0.0,0.068827,0.0,0.067892,0.0,0.0,0.027779,0.037581,0.032681,0.032643,0.066242,0.077456,0.005076
2024-03-14,0.067052,0.0,0.066078,0.0,0.0,0.0,0.065059,0.065517,0.0,0.0,0.0,0.066881,0.066899,0.0,0.0,0.0,0.0,0.0,0.0,0.055629,0.066769,0.0,0.0,0.0,0.016502,0.016081,0.016437,0.016378,0.0,0.0,0.0,0.069197,0.0,0.068931,0.0,0.0,0.027838,0.037711,0.032836,0.032713,0.066538,0.073829,0.005126
2024-03-15,0.066724,0.0,0.06668,0.0,0.0,0.0,0.064547,0.065384,0.0,0.0,0.0,0.066326,0.066949,0.0,0.0,0.0,0.0,0.0,0.0,0.05614,0.066618,0.0,0.0,0.0,0.016281,0.015994,0.016003,0.016152,0.0,0.0,0.0,0.069094,0.0,0.070545,0.0,0.0,0.027838,0.03775,0.032871,0.032778,0.066442,0.073746,0.005136
2024-03-18,0.06715,0.0,0.067622,0.0,0.0,0.0,0.064257,0.065526,0.0,0.0,0.0,0.067595,0.067239,0.0,0.0,0.0,0.0,0.0,0.0,0.055886,0.066518,0.0,0.0,0.0,0.016338,0.015959,0.016163,0.016093,0.0,0.0,0.0,0.069109,0.0,0.070835,0.0,0.0,0.027767,0.037663,0.032902,0.032679,0.066388,0.07118,0.00513
2024-03-19,0.067251,0.0,0.067954,0.0,0.0,0.0,0.064508,0.064873,0.0,0.0,0.0,0.067643,0.067642,0.0,0.0,0.0,0.0,0.0,0.0,0.057063,0.067032,0.0,0.0,0.0,0.016441,0.015843,0.016299,0.016058,0.0,0.0,0.0,0.069105,0.0,0.070404,0.0,0.0,0.027877,0.037757,0.03307,0.032808,0.066768,0.068465,0.005136
2024-03-20,0.066725,0.0,0.067813,0.0,0.0,0.0,0.065353,0.064599,0.0,0.0,0.0,0.067773,0.067781,0.0,0.0,0.0,0.0,0.0,0.0,0.057689,0.066228,0.0,0.0,0.0,0.016463,0.015955,0.016296,0.016136,0.0,0.0,0.0,0.069246,0.0,0.070428,0.0,0.0,0.02767,0.037536,0.032858,0.032549,0.06643,0.069388,0.005086
2024-03-21,0.067499,0.0,0.067941,0.0,0.0,0.0,0.064611,0.064536,0.0,0.0,0.0,0.067585,0.068121,0.0,0.0,0.0,0.0,0.0,0.0,0.058581,0.066106,0.0,0.0,0.0,0.016423,0.016263,0.01636,0.016143,0.0,0.0,0.0,0.068957,0.0,0.07059,0.0,0.0,0.027586,0.037485,0.032738,0.032494,0.066451,0.068457,0.005071
2024-03-22,0.067376,0.0,0.068159,0.0,0.0,0.0,0.063991,0.064701,0.0,0.0,0.0,0.067952,0.067567,0.0,0.0,0.0,0.0,0.0,0.0,0.058608,0.066237,0.0,0.0,0.0,0.016483,0.016337,0.016307,0.016074,0.0,0.0,0.0,0.068633,0.0,0.071301,0.0,0.0,0.027814,0.037741,0.032814,0.032715,0.06689,0.067212,0.00509
2024-03-25,0.066839,0.0,0.066882,0.0,0.0,0.0,0.063764,0.064295,0.0,0.0,0.0,0.067228,0.066817,0.0,0.0,0.0,0.0,0.0,0.0,0.057794,0.065666,0.0,0.0,0.0,0.016255,0.016155,0.016132,0.015884,0.0,0.0,0.0,0.068353,0.0,0.072429,0.0,0.0,0.027539,0.037348,0.032525,0.032367,0.066353,0.074321,0.005053
2024-03-26,0.067016,0.0,0.067257,0.0,0.0,0.0,0.063862,0.064654,0.0,0.0,0.0,0.06717,0.067126,0.0,0.0,0.0,0.0,0.0,0.0,0.057665,0.065986,0.0,0.0,0.0,0.016208,0.016053,0.016182,0.015921,0.0,0.0,0.0,0.068658,0.0,0.072165,0.0,0.0,0.027614,0.037405,0.032527,0.032397,0.066427,0.072648,0.005059
2024-03-27,0.066605,0.0,0.06721,0.0,0.0,0.0,0.064034,0.064747,0.0,0.0,0.0,0.067178,0.067579,0.0,0.0,0.0,0.0,0.0,0.0,0.058307,0.066528,0.0,0.0,0.0,0.016209,0.016173,0.016014,0.015807,0.0,0.0,0.0,0.068807,0.0,0.072242,0.0,0.0,0.02758,0.037331,0.032535,0.032458,0.066365,0.071257,0.005036
2024-03-28,0.073748,0.042595,0.073888,0.0,0.0,0.0,0.073845,0.073719,0.0,0.0,0.0,0.073489,0.073789,0.0,0.0,0.0,0.0413,0.031917,0.0,0.047068,0.036127,0.036953,0.039688,0.0,0.021673,0.024175,0.0,0.026603,0.0,0.0,0.0,0.0,0.0,0.0,0.0,0.0,0.0,0.0,0.060903,0.012553,0.056575,0.073887,0.005504
2024-04-01,0.074233,0.042799,0.073259,0.0,0.0,0.0,0.072978,0.07406,0.0,0.0,0.0,0.074543,0.073869,0.0,0.0,0.0,0.041251,0.031821,0.0,0.046637,0.036055,0.036788,0.03963,0.0,0.021877,0.02459,0.0,0.026655,0.0,0.0,0.0,0.0,0.0,0.0,0.0,0.0,0.0,0.0,0.061054,0.012515,0.056702,0.073143,0.005541
2024-04-02,0.074174,0.042873,0.073646,0.0,0.0,0.0,0.074158,0.074951,0.0,0.0,0.0,0.075204,0.074249,0.0,0.0,0.0,0.041489,0.031872,0.0,0.045781,0.035865,0.035917,0.039839,0.0,0.021893,0.024464,0.0,0.026756,0.0,0.0,0.0,0.0,0.0,0.0,0.0,0.0,0.0,0.0,0.061588,0.012627,0.057321,0.069735,0.005598
2024-04-03,0.074424,0.043048,0.073932,0.0,0.0,0.0,0.074124,0.074889,0.0,0.0,0.0,0.075575,0.073994,0.0,0.0,0.0,0.041579,0.031875,0.0,0.046152,0.035719,0.035953,0.039283,0.0,0.021886,0.02446,0.0,0.026715,0.0,0.0,0.0,0.0,0.0,0.0,0.0,0.0,0.0,0.0,0.061454,0.012598,0.057273,0.069481,0.005583
2024-04-04,0.075065,0.042899,0.073481,0.0,0.0,0.0,0.074444,0.075052,0.0,0.0,0.0,0.074874,0.073475,0.0,0.0,0.0,0.041391,0.031587,0.0,0.045681,0.035355,0.035493,0.039283,0.0,0.021633,0.02387,0.0,0.026441,0.0,0.0,0.0,0.0,0.0,0.0,0.0,0.0,0.0,0.0,0.061671,0.012666,0.057494,0.072534,0.005609
2024-04-05,0.07407,0.042886,0.073482,0.0,0.0,0.0,0.073583,0.075491,0.0,0.0,0.0,0.075419,0.073959,0.0,0.0,0.0,0.041846,0.031902,0.0,0.04619,0.03557,0.035665,0.039235,0.0,0.021818,0.024085,0.0,0.026696,0.0,0.0,0.0,0.0,0.0,0.0,0.0,0.0,0.0,0.0,0.061439,0.012575,0.057421,0.071075,0.005594
2024-04-08,0.073826,0.042765,0.07327,0.0,0.0,0.0,0.074635,0.075416,0.0,0.0,0.0,0.074836,0.073696,0.0,0.0,0.0,0.041444,0.031528,0.0,0.045655,0.035177,0.035471,0.038869,0.0,0.021622,0.023957,0.0,0.026472,0.0,0.0,0.0,0.0,0.0,0.0,0.0,0.0,0.0,0.0,0.061099,0.012475,0.056988,0.075248,0.005551
2024-04-09,0.073413,0.042694,0.073572,0.0,0.0,0.0,0.075745,0.075505,0.0,0.0,0.0,0.074949,0.073303,0.0,0.0,0.0,0.041366,0.031651,0.0,0.04581,0.035317,0.035973,0.039074,0.0,0.02174,0.024225,0.0,0.026673,0.0,0.0,0.0,0.0,0.0,0.0,0.0,0.0,0.0,0.0,0.061252,0.012544,0.057396,0.072243,0.005555
2024-04-10,0.073866,0.042705,0.073306,0.0,0.0,0.0,0.074554,0.076134,0.0,0.0,0.0,0.075265,0.073088,0.0,0.0,0.0,0.041512,0.031366,0.0,0.04419,0.035329,0.03574,0.039407,0.0,0.021735,0.024073,0.0,0.026676,0.0,0.0,0.0,0.0,0.0,0.0,0.0,0.0,0.0,0.0,0.061452,0.012517,0.057177,0.074286,0.005621
2024-04-11,0.073547,0.042608,0.073738,0.0,0.0,0.0,0.073737,0.076104,0.0,0.0,0.0,0.075708,0.072361,0.0,0.0,0.0,0.04144,0.031645,0.0,0.044469,0.035083,0.036164,0.039198,0.0,0.022106,0.024546,0.0,0.026863,0.0,0.0,0.0,0.0,0.0,0.0,0.0,0.0,0.0,0.0,0.061219,0.012455,0.056845,0.074555,0.005608
2024-04-12,0.074591,0.042521,0.073883,0.0,0.0,0.0,0.073582,0.076276,0.0,0.0,0.0,0.075614,0.072502,0.0,0.0,0.0,0.04163,0.031666,0.0,0.045051,0.035094,0.035464,0.039401,0.0,0.022084,0.024107,0.0,0.026733,0.0,0.0,0.0,0.0,0.0,0.0,0.0,0.0,0.0,0.0,0.062133,0.012676,0.05756,0.071737,0.005696
2024-04-15,0.075311,0.042986,0.074491,0.0,0.0,0.0,0.073405,0.076616,0.0,0.0,0.0,0.075588,0.073041,0.0,0.0,0.0,0.041847,0.031776,0.0,0.04486,0.035461,0.035173,0.03973,0.0,0.021935,0.024099,0.0,0.02641,0.0,0.0,0.0,0.0,0.0,0.0,0.0,0.0,0.0,0.0,0.062546,0.012693,0.057603,0.068664,0.005767
2024-04-16,0.074608,0.042961,0.074001,0.0,0.0,0.0,0.072202,0.077024,0.0,0.0,0.0,0.075898,0.073089,0.0,0.0,0.0,0.042064,0.031833,0.0,0.044378,0.035739,0.035133,0.040044,0.0,0.022126,0.024463,0.0,0.026593,0.0,0.0,0.0,0.0,0.0,0.0,0.0,0.0,0.0,0.0,0.062807,0.012745,0.057854,0.068628,0.005812
2024-04-17,0.074668,0.043316,0.073568,0.0,0.0,0.0,0.072767,0.077123,0.0,0.0,0.0,0.076197,0.073627,0.0,0.0,0.0,0.042048,0.03165,0.0,0.044312,0.035849,0.034906,0.040386,0.0,0.021912,0.023835,0.0,0.026436,0.0,0.0,0.0,0.0,0.0,0.0,0.0,0.0,0.0,0.0,0.063193,0.012876,0.058589,0.0669,0.00584
2024-04-18,0.074836,0.043116,0.073181,0.0,0.0,0.0,0.072457,0.077098,0.0,0.0,0.0,0.076394,0.073718,0.0,0.0,0.0,0.041807,0.031525,0.0,0.044241,0.035765,0.034345,0.04048,0.0,0.021612,0.023359,0.0,0.026331,0.0,0.0,0.0,0.0,0.0,0.0,0.0,0.0,0.0,0.0,0.063098,0.012821,0.058408,0.069578,0.005828
2024-04-19,0.07408,0.043196,0.072698,0.0,0.0,0.0,0.073926,0.077441,0.0,0.0,0.0,0.07551,0.074689,0.0,0.0,0.0,0.041704,0.031525,0.0,0.043939,0.035877,0.034056,0.04085,0.0,0.021154,0.022414,0.0,0.026215,0.0,0.0,0.0,0.0,0.0,0.0,0.0,0.0,0.0,0.0,0.063175,0.012827,0.058539,0.070361,0.005825
2024-04-22,0.07339,0.043265,0.07275,0.0,0.0,0.0,0.073873,0.077549,0.0,0.0,0.0,0.074902,0.074883,0.0,0.0,0.0,0.041623,0.031536,0.0,0.043869,0.035674,0.03411,0.040851,0.0,0.021141,0.022568,0.0,0.026279,0.0,0.0,0.0,0.0,0.0,0.0,0.0,0.0,0.0,0.0,0.062926,0.012737,0.058299,0.072005,0.005772
2024-04-23,0.073947,0.043485,0.072266,0.0,0.0,0.0,0.073573,0.077039,0.0,0.0,0.0,0.075367,0.074692,0.0,0.0,0.0,0.041829,0.031689,0.0,0.044673,0.035819,0.034187,0.040602,0.0,0.021265,0.022835,0.0,0.026564,0.0,0.0,0.0,0.0,0.0,0.0,0.0,0.0,0.0,0.0,0.062621,0.012646,0.057861,0.071318,0.005721
2024-04-24,0.074277,0.043498,0.07294,0.0,0.0,0.0,0.073537,0.077424,0.0,0.0,0.0,0.07579,0.075046,0.0,0.0,0.0,0.041703,0.031082,0.0,0.044362,0.035886,0.034054,0.041113,0.0,0.021469,0.023247,0.0,0.026825,0.0,0.0,0.0,0.0,0.0,0.0,0.0,0.0,0.0,0.0,0.062795,0.01266,0.057734,0.068808,0.00575
2024-04-25,0.073884,0.043637,0.072168,0.0,0.0,0.0,0.073477,0.078232,0.0,0.0,0.0,0.073457,0.074983,0.0,0.0,0.0,0.04204,0.031642,0.0,0.044445,0.035826,0.033524,0.041222,0.0,0.02153,0.023798,0.0,0.026762,0.0,0.0,0.0,0.0,0.0,0.0,0.0,0.0,0.0,0.0,0.062978,0.012686,0.057858,0.070072,0.005779
2024-04-26,0.074482,0.043677,0.072303,0.0,0.0,0.0,0.074719,0.077758,0.0,0.0,0.0,0.074983,0.074377,0.0,0.0,0.0,0.041829,0.031036,0.0,0.044675,0.035599,0.033816,0.040862,0.0,0.021628,0.024139,0.0,0.026918,0.0,0.0,0.0,0.0,0.0,0.0,0.0,0.0,0.0,0.0,0.062757,0.01265,0.057725,0.068325,0.005741
2024-04-29,0.074544,0.043706,0.072778,0.0,0.0,0.0,0.075029,0.077875,0.0,0.0,0.0,0.073928,0.074082,0.0,0.0,0.0,0.042004,0.030845,0.0,0.044799,0.035629,0.034552,0.04089,0.0,0.021667,0.024262,0.0,0.026915,0.0,0.0,0.0,0.0,0.0,0.0,0.0,0.0,0.0,0.0,0.062789,0.012671,0.057864,0.067441,0.005729
2024-04-30,0.082014,0.041779,0.082171,0.0,0.0,0.0,0.0,0.0,0.082008,0.0,0.0,0.047768,0.046931,0.034972,0.0,0.0,0.081709,0.0,0.082242,0.081876,0.0,0.060892,0.0,0.0,0.0,0.050931,0.0,0.0,0.022001,0.0,0.0,0.063181,0.0,0.010438,0.034677,0.0,0.0,0.0,0.0,0.0,0.0,0.082208,0.012203
2024-05-01,0.081312,0.041843,0.082201,0.0,0.0,0.0,0.0,0.0,0.081796,0.0,0.0,0.048342,0.04706,0.035819,0.0,0.0,0.08173,0.0,0.082895,0.082275,0.0,0.063014,0.0,0.0,0.0,0.049345,0.0,0.0,0.022017,0.0,0.0,0.063928,0.0,0.010126,0.03462,0.0,0.0,0.0,0.0,0.0,0.0,0.07944,0.012237
2024-05-02,0.080722,0.041748,0.082856,0.0,0.0,0.0,0.0,0.0,0.082516,0.0,0.0,0.04824,0.046608,0.035849,0.0,0.0,0.081212,0.0,0.081474,0.082455,0.0,0.062975,0.0,0.0,0.0,0.049847,0.0,0.0,0.022175,0.0,0.0,0.062963,0.0,0.009841,0.0343,0.0,0.0,0.0,0.0,0.0,0.0,0.082125,0.012093
2024-05-03,0.080785,0.041505,0.082575,0.0,0.0,0.0,0.0,0.0,0.082571,0.0,0.0,0.048031,0.046023,0.035728,0.0,0.0,0.080571,0.0,0.081086,0.082623,0.0,0.063197,0.0,0.0,0.0,0.050217,0.0,0.0,0.022221,0.0,0.0,0.061984,0.0,0.009911,0.034489,0.0,0.0,0.0,0.0,0.0,0.0,0.084568,0.011915
2024-05-06,0.079996,0.041432,0.082253,0.0,0.0,0.0,0.0,0.0,0.082337,0.0,0.0,0.048208,0.046158,0.03576,0.0,0.0,0.08059,0.0,0.080779,0.082959,0.0,0.062997,0.0,0.0,0.0,0.050759,0.0,0.0,0.022332,0.0,0.0,0.062024,0.0,0.009736,0.034672,0.0,0.0,0.0,0.0,0.0,0.0,0.085203,0.011803
2024-05-07,0.081142,0.041713,0.081376,0.0,0.0,0.0,0.0,0.0,0.081634,0.0,0.0,0.048274,0.046326,0.035716,0.0,0.0,0.080831,0.0,0.081759,0.082271,0.0,0.062909,0.0,0.0,0.0,0.050323,0.0,0.0,0.022351,0.0,0.0,0.061754,0.0,0.010033,0.034725,0.0,0.0,0.0,0.0,0.0,0.0,0.085058,0.011804
2024-05-08,0.081297,0.042063,0.080724,0.0,0.0,0.0,0.0,0.0,0.082522,0.0,0.0,0.048422,0.046712,0.036059,0.0,0.0,0.081209,0.0,0.081763,0.08166,0.0,0.06228,0.0,0.0,0.0,0.050607,0.0,0.0,0.022313,0.0,0.0,0.061861,0.0,0.010051,0.034438,0.0,0.0,0.0,0.0,0.0,0.0,0.084154,0.011865
2024-05-09,0.081107,0.042132,0.080503,0.0,0.0,0.0,0.0,0.0,0.082036,0.0,0.0,0.04832,0.046728,0.036038,0.0,0.0,0.081436,0.0,0.082085,0.082395,0.0,0.061747,0.0,0.0,0.0,0.050059,0.0,0.0,0.022253,0.0,0.0,0.06239,0.0,0.009968,0.035004,0.0,0.0,0.0,0.0,0.0,0.0,0.084019,0.011781
2024-05-10,0.081405,0.04234,0.080077,0.0,0.0,0.0,0.0,0.0,0.082976,0.0,0.0,0.048411,0.046927,0.036038,0.0,0.0,0.081528,0.0,0.082217,0.082581,0.0,0.061189,0.0,0.0,0.0,0.050571,0.0,0.0,0.022213,0.0,0.0,0.062922,0.0,0.010082,0.03507,0.0,0.0,0.0,0.0,0.0,0.0,0.081668,0.011787
2024-05-13,0.081281,0.042278,0.079597,0.0,0.0,0.0,0.0,0.0,0.082975,0.0,0.0,0.048224,0.046641,0.035783,0.0,0.0,0.081019,0.0,0.081997,0.081563,0.0,0.062271,0.0,0.0,0.0,0.050574,0.0,0.0,0.022203,0.0,0.0,0.062091,0.0,0.009572,0.035225,0.0,0.0,0.0,0.0,0.0,0.0,0.084942,0.011765
2024-05-14,0.08101,0.042427,0.079831,0.0,0.0,0.0,0.0,0.0,0.083989,0.0,0.0,0.048208,0.046649,0.036017,0.0,0.0,0.080607,0.0,0.081679,0.081659,0.0,0.062589,0.0,0.0,0.0,0.051165,0.0,0.0,0.022216,0.0,0.0,0.062313,0.0,0.009619,0.036085,0.0,0.0,0.0,0.0,0.0,0.0,0.082226,0.011711
2024-05-15,0.080537,0.042116,0.079262,0.0,0.0,0.0,0.0,0.0,0.083943,0.0,0.0,0.047637,0.046145,0.035552,0.0,0.0,0.079669,0.0,0.080343,0.083172,0.0,0.062697,0.0,0.0,0.0,0.051651,0.0,0.0,0.022133,0.0,0.0,0.061972,0.0,0.009509,0.035411,0.0,0.0,0.0,0.0,0.0,0.0,0.086752,0.011501
2024-05-16,0.081486,0.042182,0.079041,0.0,0.0,0.0,0.0,0.0,0.083777,0.0,0.0,0.047957,0.046489,0.03569,0.0,0.0,0.079784,0.0,0.08036,0.081221,0.0,0.06315,0.0,0.0,0.0,0.051781,0.0,0.0,0.022165,0.0,0.0,0.06219,0.0,0.009435,0.035445,0.0,0.0,0.0,0.0,0.0,0.0,0.086258,0.011588
2024-05-17,0.080715,0.04206,0.079129,0.0,0.0,0.0,0.0,0.0,0.083555,0.0,0.0,0.047769,0.046568,0.035646,0.0,0.0,0.079427,0.0,0.080593,0.080767,0.0,0.061841,0.0,0.0,0.0,0.0512,0.0,0.0,0.02193,0.0,0.0,0.062863,0.0,0.009379,0.036896,0.0,0.0,0.0,0.0,0.0,0.0,0.088139,0.011524
2024-05-20,0.080588,0.041755,0.079148,0.0,0.0,0.0,0.0,0.0,0.082739,0.0,0.0,0.047581,0.045619,0.034923,0.0,0.0,0.079035,0.0,0.080155,0.079846,0.0,0.062152,0.0,0.0,0.0,0.051968,0.0,0.0,0.022001,0.0,0.0,0.062684,0.0,0.009414,0.037389,0.0,0.0,0.0,0.0,0.0,0.0,0.091557,0.011447
2024-05-21,0.080665,0.041934,0.079041,0.0,0.0,0.0,0.0,0.0,0.0826,0.0,0.0,0.047729,0.046117,0.035219,0.0,0.0,0.079127,0.0,0.080512,0.079645,0.0,0.061955,0.0,0.0,0.0,0.052032,0.0,0.0,0.021856,0.0,0.0,0.062871,0.0,0.009563,0.036836,0.0,0.0,0.0,0.0,0.0,0.0,0.090801,0.011498
2024-05-22,0.081116,0.041863,0.078606,0.0,0.0,0.0,0.0,0.0,0.083951,0.0,0.0,0.048083,0.046138,0.035056,0.0,0.0,0.079713,0.0,0.080221,0.077983,0.0,0.062747,0.0,0.0,0.0,0.052969,0.0,0.0,0.021741,0.0,0.0,0.062098,0.0,0.009662,0.034598,0.0,0.0,0.0,0.0,0.0,0.0,0.091884,0.011571
2024-05-23,0.082025,0.042175,0.079207,0.0,0.0,0.0,0.0,0.0,0.084985,0.0,0.0,0.048113,0.046051,0.034703,0.0,0.0,0.079725,0.0,0.080472,0.078232,0.0,0.061544,0.0,0.0,0.0,0.053309,0.0,0.0,0.022032,0.0,0.0,0.061596,0.0,0.00999,0.034647,0.0,0.0,0.0,0.0,0.0,0.0,0.089477,0.011716
2024-05-24,0.081175,0.042089,0.079291,0.0,0.0,0.0,0.0,0.0,0.085227,0.0,0.0,0.048254,0.045878,0.034588,0.0,0.0,0.079349,0.0,0.080382,0.078351,0.0,0.060609,0.0,0.0,0.0,0.053836,0.0,0.0,0.022013,0.0,0.0,0.061052,0.0,0.009909,0.034956,0.0,0.0,0.0,0.0,0.0,0.0,0.091438,0.011603
2024-05-27,0.081175,0.042089,0.079291,0.0,0.0,0.0,0.0,0.0,0.085227,0.0,0.0,0.048254,0.045878,0.034588,0.0,0.0,0.079349,0.0,0.080382,0.078351,0.0,0.060608,0.0,0.0,0.0,0.053836,0.0,0.0,0.022013,0.0,0.0,0.061052,0.0,0.009909,0.034956,0.0,0.0,0.0,0.0,0.0,0.0,0.091437,0.011606
2024-05-28,0.081129,0.041999,0.079722,0.0,0.0,0.0,0.0,0.0,0.086209,0.0,0.0,0.048322,0.045358,0.034302,0.0,0.0,0.078359,0.0,0.080052,0.077396,0.0,0.060797,0.0,0.0,0.0,0.054731,0.0,0.0,0.022021,0.0,0.0,0.061677,0.0,0.010123,0.035959,0.0,0.0,0.0,0.0,0.0,0.0,0.09024,0.011603
2024-05-29,0.081565,0.042012,0.079321,0.0,0.0,0.0,0.0,0.0,0.085406,0.0,0.0,0.048803,0.045684,0.034122,0.0,0.0,0.078434,0.0,0.080119,0.077748,0.0,0.060586,0.0,0.0,0.0,0.054422,0.0,0.0,0.022004,0.0,0.0,0.06204,0.0,0.01038,0.035533,0.0,0.0,0.0,0.0,0.0,0.0,0.090037,0.011783
2024-05-30,0.081013,0.04211,0.079449,0.0,0.0,0.0,0.0,0.0,0.085001,0.0,0.0,0.0483,0.045606,0.034401,0.0,0.0,0.078413,0.0,0.0802,0.07884,0.0,0.061175,0.0,0.0,0.0,0.053662,0.0,0.0,0.02163,0.0,0.0,0.061718,0.0,0.01025,0.035028,0.0,0.0,0.0,0.0,0.0,0.0,0.091501,0.011701
2024-05-31,0.042281,0.0,0.0,0.0,0.0,0.0,0.0,0.061179,0.026516,0.0,0.0,0.08764,0.043759,0.043844,0.0,0.0,0.087244,0.0,0.0,0.087422,0.0,0.07516,0.056845,0.034063,0.0,0.041958,0.0,0.0,0.043253,0.0,0.0,0.087336,0.0,0.0,0.087795,0.0,0.0,0.0,0.0,0.0,0.0,0.087874,0.005831
2024-06-03,0.042553,0.0,0.0,0.0,0.0,0.0,0.0,0.06294,0.026667,0.0,0.0,0.087564,0.043277,0.043123,0.0,0.0,0.085762,0.0,0.0,0.086247,0.0,0.07672,0.05655,0.033512,0.0,0.041824,0.0,0.0,0.04352,0.0,0.0,0.08769,0.0,0.0,0.086575,0.0,0.0,0.0,0.0,0.0,0.0,0.089672,0.005804
2024-06-04,0.042847,0.0,0.0,0.0,0.0,0.0,0.0,0.059699,0.026586,0.0,0.0,0.088785,0.043512,0.042842,0.0,0.0,0.086413,0.0,0.0,0.085461,0.0,0.077281,0.057614,0.033835,0.0,0.041915,0.0,0.0,0.043973,0.0,0.0,0.087779,0.0,0.0,0.083253,0.0,0.0,0.0,0.0,0.0,0.0,0.092341,0.005864
2024-06-05,0.042658,0.0,0.0,0.0,0.0,0.0,0.0,0.060679,0.026819,0.0,0.0,0.088484,0.042969,0.042316,0.0,0.0,0.085946,0.0,0.0,0.085697,0.0,0.078556,0.056606,0.033126,0.0,0.043077,0.0,0.0,0.044007,0.0,0.0,0.087455,0.0,0.0,0.083886,0.0,0.0,0.0,0.0,0.0,0.0,0.091946,0.005774
2024-06-06,0.042926,0.0,0.0,0.0,0.0,0.0,0.0,0.061056,0.026958,0.0,0.0,0.088686,0.043021,0.042435,0.0,0.0,0.08558,0.0,0.0,0.084789,0.0,0.077603,0.056877,0.032838,0.0,0.042796,0.0,0.0,0.043845,0.0,0.0,0.08825,0.0,0.0,0.085581,0.0,0.0,0.0,0.0,0.0,0.0,0.090975,0.005785
2024-06-07,0.043409,0.0,0.0,0.0,0.0,0.0,0.0,0.062541,0.027059,0.0,0.0,0.08917,0.043753,0.042864,0.0,0.0,0.086731,0.0,0.0,0.084366,0.0,0.077352,0.057292,0.032882,0.0,0.043195,0.0,0.0,0.043808,0.0,0.0,0.086153,0.0,0.0,0.083129,0.0,0.0,0.0,0.0,0.0,0.0,0.09044,0.005856
2024-06-10,0.043097,0.0,0.0,0.0,0.0,0.0,0.0,0.062411,0.027139,0.0,0.0,0.088943,0.043365,0.042138,0.0,0.0,0.086563,0.0,0.0,0.084724,0.0,0.077469,0.056961,0.033138,0.0,0.043598,0.0,0.0,0.043911,0.0,0.0,0.086507,0.0,0.0,0.083985,0.0,0.0,0.0,0.0,0.0,0.0,0.090227,0.005827
2024-06-11,0.04328,0.0,0.0,0.0,0.0,0.0,0.0,0.062967,0.027298,0.0,0.0,0.089722,0.043166,0.042055,0.0,0.0,0.08666,0.0,0.0,0.084214,0.0,0.078398,0.057322,0.033163,0.0,0.043933,0.0,0.0,0.043986,0.0,0.0,0.087349,0.0,0.0,0.082546,0.0,0.0,0.0,0.0,0.0,0.0,0.088075,0.005868
2024-06-12,0.043546,0.0,0.0,0.0,0.0,0.0,0.0,0.062866,0.027638,0.0,0.0,0.088717,0.042731,0.04256,0.0,0.0,0.086687,0.0,0.0,0.086182,0.0,0.078828,0.056177,0.032646,0.0,0.04476,0.0,0.0,0.044552,0.0,0.0,0.086784,0.0,0.0,0.08203,0.0,0.0,0.0,0.0,0.0,0.0,0.087479,0.005816
2024-06-13,0.043457,0.0,0.0,0.0,0.0,0.0,0.0,0.063111,0.027781,0.0,0.0,0.088407,0.042921,0.042277,0.0,0.0,0.086578,0.0,0.0,0.08672,0.0,0.079236,0.056542,0.032891,0.0,0.045481,0.0,0.0,0.044502,0.0,0.0,0.086523,0.0,0.0,0.081032,0.0,0.0,0.0,0.0,0.0,0.0,0.086691,0.005848
2024-06-14,0.043509,0.0,0.0,0.0,0.0,0.0,0.0,0.064037,0.028152,0.0,0.0,0.089063,0.042964,0.041911,0.0,0.0,0.086067,0.0,0.0,0.086147,0.0,0.077813,0.056883,0.032948,0.0,0.045508,0.0,0.0,0.044377,0.0,0.0,0.088012,0.0,0.0,0.081207,0.0,0.0,0.0,0.0,0.0,0.0,0.08553,0.005873
2024-06-17,0.043428,0.0,0.0,0.0,0.0,0.0,0.0,0.06387,0.02835,0.0,0.0,0.089124,0.043169,0.042377,0.0,0.0,0.086666,0.0,0.0,0.086491,0.0,0.076518,0.05719,0.032454,0.0,0.046039,0.0,0.0,0.044268,0.0,0.0,0.0872,0.0,0.0,0.080203,0.0,0.0,0.0,0.0,0.0,0.0,0.086805,0.00585
2024-06-18,0.043816,0.0,0.0,0.0,0.0,0.0,0.0,0.064278,0.028783,0.0,0.0,0.088746,0.043515,0.042601,0.0,0.0,0.087279,0.0,0.0,0.085106,0.0,0.075893,0.057359,0.032522,0.0,0.046703,0.0,0.0,0.044596,0.0,0.0,0.087696,0.0,0.0,0.081544,0.0,0.0,0.0,0.0,0.0,0.0,0.083702,0.005861
2024-06-19,0.043894,0.0,0.0,0.0,0.0,0.0,0.0,0.064272,0.028781,0.0,0.0,0.088738,0.043512,0.042597,0.0,0.0,0.087272,0.0,0.0,0.085099,0.0,0.075887,0.057355,0.032519,0.0,0.0467,0.0,0.0,0.044592,0.0,0.0,0.087689,0.0,0.0,0.081537,0.0,0.0,0.0,0.0,0.0,0.0,0.083695,0.005861
2024-06-20,0.043841,0.0,0.0,0.0,0.0,0.0,0.0,0.063447,0.028927,0.0,0.0,0.088871,0.043622,0.042564,0.0,0.0,0.087087,0.0,0.0,0.084409,0.0,0.075836,0.05707,0.03271,0.0,0.045305,0.0,0.0,0.043667,0.0,0.0,0.088537,0.0,0.0,0.083899,0.0,0.0,0.0,0.0,0.0,0.0,0.084359,0.005846
2024-06-21,0.043668,0.0,0.0,0.0,0.0,0.0,0.0,0.063334,0.028886,0.0,0.0,0.089714,0.043582,0.042633,0.0,0.0,0.087159,0.0,0.0,0.084998,0.0,0.078167,0.057283,0.032614,0.0,0.044996,0.0,0.0,0.043373,0.0,0.0,0.087423,0.0,0.0,0.082666,0.0,0.0,0.0,0.0,0.0,0.0,0.08364,0.005864
2024-06-24,0.043983,0.0,0.0,0.0,0.0,0.0,0.0,0.063905,0.028501,0.0,0.0,0.090103,0.044073,0.043481,0.0,0.0,0.087615,0.0,0.0,0.085602,0.0,0.079494,0.05795,0.033075,0.0,0.043754,0.0,0.0,0.042991,0.0,0.0,0.087854,0.0,0.0,0.084704,0.0,0.0,0.0,0.0,0.0,0.0,0.077044,0.005871
2024-06-25,0.043928,0.0,0.0,0.0,0.0,0.0,0.0,0.064047,0.028629,0.0,0.0,0.091229,0.043801,0.04301,0.0,0.0,0.086981,0.0,0.0,0.083318,0.0,0.079037,0.057654,0.032805,0.0,0.044485,0.0,0.0,0.043571,0.0,0.0,0.087533,0.0,0.0,0.083312,0.0,0.0,0.0,0.0,0.0,0.0,0.080782,0.005879
2024-06-26,0.043955,0.0,0.0,0.0,0.0,0.0,0.0,0.06431,0.028507,0.0,0.0,0.091548,0.043673,0.043165,0.0,0.0,0.087039,0.0,0.0,0.083792,0.0,0.078547,0.057729,0.032778,0.0,0.044461,0.0,0.0,0.043675,0.0,0.0,0.087018,0.0,0.0,0.084201,0.0,0.0,0.0,0.0,0.0,0.0,0.0797,0.0059
2024-06-27,0.043909,0.0,0.0,0.0,0.0,0.0,0.0,0.064809,0.028621,0.0,0.0,0.09182,0.043501,0.04348,0.0,0.0,0.086895,0.0,0.0,0.08368,0.0,0.078902,0.057326,0.032746,0.0,0.044113,0.0,0.0,0.043589,0.0,0.0,0.087765,0.0,0.0,0.082921,0.0,0.0,0.0,0.0,0.0,0.0,0.080038,0.005885
2024-06-28,0.063486,0.063603,0.0,0.0,0.0,0.0,0.0,0.02331,0.040097,0.0,0.0,0.063456,0.038819,0.024901,0.0,0.0,0.063826,0.0,0.063799,0.059771,0.0,0.043941,0.063837,0.063849,0.030033,0.032716,0.0,0.0,0.0,0.0,0.0,0.030167,0.032741,0.063949,0.063838,0.0,0.0,0.0,0.0,0.0,0.0,0.063937,0.005925
2024-07-01,0.063145,0.063978,0.0,0.0,0.0,0.0,0.0,0.023475,0.03999,0.0,0.0,0.063184,0.038901,0.024786,0.0,0.0,0.063134,0.0,0.062811,0.058282,0.0,0.044094,0.063382,0.063403,0.030257,0.032712,0.0,0.0,0.0,0.0,0.0,0.030243,0.033083,0.06346,0.064342,0.0,0.0,0.0,0.0,0.0,0.0,0.06741,0.005927
2024-07-02,0.063178,0.063672,0.0,0.0,0.0,0.0,0.0,0.023421,0.040127,0.0,0.0,0.063611,0.03927,0.025044,0.0,0.0,0.063345,0.0,0.062793,0.057769,0.0,0.043206,0.063688,0.063596,0.030344,0.033102,0.0,0.0,0.0,0.0,0.0,0.030178,0.033161,0.064264,0.064445,0.0,0.0,0.0,0.0,0.0,0.0,0.06587,0.005915
2024-07-03,0.063384,0.064101,0.0,0.0,0.0,0.0,0.0,0.023387,0.040572,0.0,0.0,0.063269,0.038924,0.024565,0.0,0.0,0.063211,0.0,0.062899,0.05759,0.0,0.042728,0.063216,0.063612,0.030577,0.033461,0.0,0.0,0.0,0.0,0.0,0.030343,0.034034,0.064055,0.066294,0.0,0.0,0.0,0.0,0.0,0.0,0.063893,0.005882
2024-07-04,0.063593,0.064086,0.0,0.0,0.0,0.0,0.0,0.023382,0.040563,0.0,0.0,0.063255,0.038915,0.02456,0.0,0.0,0.063197,0.0,0.062885,0.057578,0.0,0.042719,0.063202,0.063598,0.03057,0.033453,0.0,0.0,0.0,0.0,0.0,0.030336,0.034027,0.064041,0.06628,0.0,0.0,0.0,0.0,0.0,0.0,0.063879,0.005881
2024-07-05,0.063623,0.064534,0.0,0.0,0.0,0.0,0.0,0.023455,0.040666,0.0,0.0,0.0644,0.038856,0.024183,0.0,0.0,0.062889,0.0,0.062906,0.057135,0.0,0.043059,0.063898,0.063629,0.030625,0.033477,0.0,0.0,0.0,0.0,0.0,0.030707,0.034765,0.064386,0.067359,0.0,0.0,0.0,0.0,0.0,0.0,0.059576,0.005875
2024-07-08,0.063802,0.064244,0.0,0.0,0.0,0.0,0.0,0.023455,0.041243,0.0,0.0,0.063852,0.038773,0.024189,0.0,0.0,0.062997,0.0,0.063123,0.057773,0.0,0.043794,0.06383,0.063725,0.030849,0.034128,0.0,0.0,0.0,0.0,0.0,0.030341,0.034355,0.063938,0.066074,0.0,0.0,0.0,0.0,0.0,0.0,0.059636,0.005878
2024-07-09,0.063602,0.063584,0.0,0.0,0.0,0.0,0.0,0.02349,0.041036,0.0,0.0,0.063899,0.03898,0.02453,0.0,0.0,0.062574,0.0,0.062331,0.057443,0.0,0.044225,0.063514,0.06376,0.030751,0.034032,0.0,0.0,0.0,0.0,0.0,0.03032,0.034261,0.064717,0.066058,0.0,0.0,0.0,0.0,0.0,0.0,0.06103,0.005865
2024-07-10,0.063506,0.063919,0.0,0.0,0.0,0.0,0.0,0.023278,0.041319,0.0,0.0,0.063846,0.038852,0.024846,0.0,0.0,0.062686,0.0,0.062719,0.058262,0.0,0.044428,0.063343,0.063906,0.030977,0.034574,0.0,0.0,0.0,0.0,0.0,0.030216,0.034067,0.063467,0.065937,0.0,0.0,0.0,0.0,0.0,0.0,0.06003,0.005825
2024-07-11,0.063106,0.0637,0.0,0.0,0.0,0.0,0.0,0.023148,0.040951,0.0,0.0,0.062457,0.038836,0.025536,0.0,0.0,0.062962,0.0,0.063055,0.061366,0.0,0.045208,0.062588,0.06454,0.029953,0.033163,0.0,0.0,0.0,0.0,0.0,0.030499,0.034411,0.064071,0.065134,0.0,0.0,0.0,0.0,0.0,0.0,0.059537,0.005777
2024-07-12,0.063277,0.064094,0.0,0.0,0.0,0.0,0.0,0.02309,0.040696,0.0,0.0,0.0619,0.038743,0.025458,0.0,0.0,0.062964,0.0,0.063298,0.062173,0.0,0.045409,0.062506,0.064645,0.030049,0.033376,0.0,0.0,0.0,0.0,0.0,0.030306,0.033547,0.06342,0.065722,0.0,0.0,0.0,0.0,0.0,0.0,0.059581,0.005745
2024-07-15,0.063117,0.063194,0.0,0.0,0.0,0.0,0.0,0.02305,0.039891,0.0,0.0,0.061918,0.039181,0.026053,0.0,0.0,0.063206,0.0,0.062929,0.061911,0.0,0.04569,0.061938,0.062868,0.030004,0.033304,0.0,0.0,0.0,0.0,0.0,0.030304,0.03333,0.062849,0.064305,0.0,0.0,0.0,0.0,0.0,0.0,0.06523,0.005727
2024-07-16,0.062246,0.062647,0.0,0.0,0.0,0.0,0.0,0.022844,0.039891,0.0,0.0,0.061314,0.039137,0.026779,0.0,0.0,0.063981,0.0,0.063355,0.064763,0.0,0.046005,0.061759,0.062572,0.029534,0.033095,0.0,0.0,0.0,0.0,0.0,0.030525,0.033598,0.0612,0.06282,0.0,0.0,0.0,0.0,0.0,0.0,0.066278,0.005657
2024-07-17,0.062644,0.063089,0.0,0.0,0.0,0.0,0.0,0.02302,0.039018,0.0,0.0,0.061142,0.039925,0.027352,0.0,0.0,0.06395,0.0,0.064013,0.064184,0.0,0.045641,0.063334,0.063388,0.028739,0.031124,0.0,0.0,0.0,0.0,0.0,0.030763,0.0329,0.061963,0.061651,0.0,0.0,0.0,0.0,0.0,0.0,0.06643,0.005729
2024-07-18,0.062639,0.063071,0.0,0.0,0.0,0.0,0.0,0.023227,0.038838,0.0,0.0,0.061592,0.039756,0.027125,0.0,0.0,0.063954,0.0,0.063881,0.06589,0.0,0.044962,0.06352,0.063837,0.02897,0.031466,0.0,0.0,0.0,0.0,0.0,0.030809,0.032597,0.062586,0.059732,0.0,0.0,0.0,0.0,0.0,0.0,0.065773,0.005775
2024-07-19,0.062357,0.062901,0.0,0.0,0.0,0.0,0.0,0.022909,0.038369,0.0,0.0,0.061523,0.039483,0.027247,0.0,0.0,0.063815,0.0,0.063524,0.065961,0.0,0.045098,0.063521,0.064124,0.028612,0.030605,0.0,0.0,0.0,0.0,0.0,0.030358,0.032093,0.061982,0.059808,0.0,0.0,0.0,0.0,0.0,0.0,0.069914,0.005795
2024-07-22,0.062072,0.063202,0.0,0.0,0.0,0.0,0.0,0.022883,0.037883,0.0,0.0,0.06122,0.039343,0.02743,0.0,0.0,0.063876,0.0,0.063155,0.066332,0.0,0.04532,0.062983,0.064074,0.029022,0.031583,0.0,0.0,0.0,0.0,0.0,0.03009,0.031729,0.063054,0.058729,0.0,0.0,0.0,0.0,0.0,0.0,0.070277,0.005743
2024-07-23,0.062711,0.062884,0.0,0.0,0.0,0.0,0.0,0.022608,0.038141,0.0,0.0,0.061354,0.039557,0.027888,0.0,0.0,0.063984,0.0,0.063634,0.066788,0.0,0.045883,0.062983,0.063904,0.029011,0.031224,0.0,0.0,0.0,0.0,0.0,0.030305,0.031903,0.063281,0.058501,0.0,0.0,0.0,0.0,0.0,0.0,0.067694,0.005764
2024-07-24,0.06248,0.063154,0.0,0.0,0.0,0.0,0.0,0.022798,0.037688,0.0,0.0,0.060569,0.03955,0.027783,0.0,0.0,0.063463,0.0,0.063681,0.065753,0.0,0.046175,0.063787,0.065506,0.028191,0.029968,0.0,0.0,0.0,0.0,0.0,0.030612,0.032037,0.063671,0.058549,0.0,0.0,0.0,0.0,0.0,0.0,0.06874,0.005843
2024-07-25,0.06232,0.063105,0.0,0.0,0.0,0.0,0.0,0.022986,0.037707,0.0,0.0,0.060027,0.039804,0.028487,0.0,0.0,0.064142,0.0,0.064027,0.067163,0.0,0.047204,0.063882,0.065134,0.027963,0.029378,0.0,0.0,0.0,0.0,0.0,0.030212,0.030882,0.063415,0.05855,0.0,0.0,0.0,0.0,0.0,0.0,0.067751,0.005861
2024-07-26,0.061461,0.063004,0.0,0.0,0.0,0.0,0.0,0.023055,0.03746,0.0,0.0,0.060203,0.0398,0.028514,0.0,0.0,0.064225,0.0,0.064064,0.068395,0.0,0.046729,0.063529,0.064751,0.027878,0.029543,0.0,0.0,0.0,0.0,0.0,0.030057,0.030486,0.062353,0.058507,0.0,0.0,0.0,0.0,0.0,0.0,0.070216,0.00577
2024-07-29,0.061569,0.062735,0.0,0.0,0.0,0.0,0.0,0.023138,0.037069,0.0,0.0,0.060932,0.039874,0.028083,0.0,0.0,0.06432,0.0,0.064384,0.069164,0.0,0.046294,0.063759,0.065253,0.027844,0.029576,0.0,0.0,0.0,0.0,0.0,0.030112,0.030537,0.061848,0.058256,0.0,0.0,0.0,0.0,0.0,0.0,0.069465,0.00579
2024-07-30,0.061643,0.063049,0.0,0.0,0.0,0.0,0.0,0.023176,0.037089,0.0,0.0,0.061257,0.040387,0.028345,0.0,0.0,0.064593,0.0,0.064257,0.069865,0.0,0.045762,0.063412,0.065676,0.02718,0.02854,0.0,0.0,0.0,0.0,0.0,0.030452,0.031045,0.062453,0.05789,0.0,0.0,0.0,0.0,0.0,0.0,0.068131,0.005799
2024-07-31,0.072929,0.03797,0.0,0.0,0.073322,0.014305,0.0,0.029182,0.02924,0.0,0.0,0.073161,0.048606,0.024592,0.039932,0.0,0.063853,0.0,0.0,0.0,0.0,0.0,0.073099,0.073322,0.029289,0.042436,0.0,0.0,0.0,0.0,0.0,0.035991,0.036645,0.049738,0.073272,0.0,0.0,0.0,0.0,0.0,0.0,0.073421,0.005697
2024-08-01,0.073151,0.037826,0.0,0.0,0.073693,0.014356,0.0,0.029362,0.028963,0.0,0.0,0.074732,0.048747,0.023974,0.039547,0.0,0.063755,0.0,0.0,0.0,0.0,0.0,0.075053,0.075934,0.028685,0.04006,0.0,0.0,0.0,0.0,0.0,0.036488,0.036771,0.049576,0.071064,0.0,0.0,0.0,0.0,0.0,0.0,0.072466,0.005797
2024-08-02,0.072178,0.038105,0.0,0.0,0.072963,0.014523,0.0,0.029527,0.028576,0.0,0.0,0.074628,0.048267,0.023503,0.039109,0.0,0.063295,0.0,0.0,0.0,0.0,0.0,0.076856,0.077206,0.028301,0.038504,0.0,0.0,0.0,0.0,0.0,0.036969,0.037341,0.05039,0.071239,0.0,0.0,0.0,0.0,0.0,0.0,0.072634,0.005884
2024-08-05,0.073225,0.038508,0.0,0.0,0.073574,0.014935,0.0,0.029754,0.028057,0.0,0.0,0.074909,0.048433,0.023597,0.039524,0.0,0.064274,0.0,0.0,0.0,0.0,0.0,0.077859,0.077678,0.028271,0.039088,0.0,0.0,0.0,0.0,0.0,0.037719,0.036839,0.052632,0.070829,0.0,0.0,0.0,0.0,0.0,0.0,0.064215,0.006081
2024-08-06,0.07287,0.038233,0.0,0.0,0.073153,0.014767,0.0,0.029577,0.02808,0.0,0.0,0.075054,0.048736,0.023493,0.039379,0.0,0.064413,0.0,0.0,0.0,0.0,0.0,0.077637,0.077571,0.028377,0.039058,0.0,0.0,0.0,0.0,0.0,0.037052,0.036158,0.052518,0.070281,0.0,0.0,0.0,0.0,0.0,0.0,0.067571,0.006023
2024-08-07,0.074099,0.038383,0.0,0.0,0.074904,0.01488,0.0,0.02975,0.02855,0.0,0.0,0.074837,0.048912,0.023429,0.039632,0.0,0.064256,0.0,0.0,0.0,0.0,0.0,0.077903,0.078194,0.027984,0.038061,0.0,0.0,0.0,0.0,0.0,0.037116,0.035789,0.053421,0.068693,0.0,0.0,0.0,0.0,0.0,0.0,0.06517,0.006038
2024-08-08,0.072464,0.038128,0.0,0.0,0.073828,0.014903,0.0,0.029415,0.029038,0.0,0.0,0.074778,0.048692,0.023407,0.039664,0.0,0.064403,0.0,0.0,0.0,0.0,0.0,0.077014,0.076691,0.02844,0.039861,0.0,0.0,0.0,0.0,0.0,0.036933,0.036042,0.051706,0.069089,0.0,0.0,0.0,0.0,0.0,0.0,0.069587,0.005916
2024-08-09,0.072451,0.038162,0.0,0.0,0.073793,0.014762,0.0,0.029267,0.029239,0.0,0.0,0.075008,0.048635,0.023234,0.039538,0.0,0.064065,0.0,0.0,0.0,0.0,0.0,0.076714,0.076536,0.028413,0.039411,0.0,0.0,0.0,0.0,0.0,0.036824,0.035833,0.052357,0.069234,0.0,0.0,0.0,0.0,0.0,0.0,0.070638,0.005886
2024-08-12,0.07267,0.038078,0.0,0.0,0.074346,0.014918,0.0,0.02921,0.029461,0.0,0.0,0.074504,0.048393,0.023003,0.03974,0.0,0.063753,0.0,0.0,0.0,0.0,0.0,0.076342,0.076687,0.028651,0.039646,0.0,0.0,0.0,0.0,0.0,0.037463,0.036543,0.05187,0.070321,0.0,0.0,0.0,0.0,0.0,0.0,0.068511,0.005889
2024-08-13,0.072836,0.038239,0.0,0.0,0.074007,0.014864,0.0,0.028873,0.029848,0.0,0.0,0.07479,0.048353,0.023075,0.039,0.0,0.063841,0.0,0.0,0.0,0.0,0.0,0.075998,0.076437,0.029265,0.040883,0.0,0.0,0.0,0.0,0.0,0.037067,0.036113,0.050908,0.069754,0.0,0.0,0.0,0.0,0.0,0.0,0.070014,0.005836
2024-08-14,0.073625,0.038521,0.0,0.0,0.074212,0.014588,0.0,0.028844,0.029813,0.0,0.0,0.074502,0.049036,0.02309,0.039301,0.0,0.064222,0.0,0.0,0.0,0.0,0.0,0.076487,0.076529,0.02948,0.040857,0.0,0.0,0.0,0.0,0.0,0.036834,0.035768,0.051025,0.06961,0.0,0.0,0.0,0.0,0.0,0.0,0.067807,0.005847
2024-08-15,0.073849,0.038487,0.0,0.0,0.074153,0.014642,0.0,0.028786,0.029693,0.0,0.0,0.074351,0.04895,0.023341,0.039336,0.0,0.064374,0.0,0.0,0.0,0.0,0.0,0.076429,0.07568,0.029996,0.042352,0.0,0.0,0.0,0.0,0.0,0.036545,0.036404,0.050423,0.071395,0.0,0.0,0.0,0.0,0.0,0.0,0.065032,0.005785
2024-08-16,0.073372,0.038371,0.0,0.0,0.074093,0.014754,0.0,0.0288,0.029754,0.0,0.0,0.073952,0.048897,0.023489,0.038963,0.0,0.063745,0.0,0.0,0.0,0.0,0.0,0.075997,0.075381,0.029794,0.041908,0.0,0.0,0.0,0.0,0.0,0.03705,0.036895,0.050233,0.071235,0.0,0.0,0.0,0.0,0.0,0.0,0.06758,0.005736
2024-08-19,0.073468,0.038482,0.0,0.0,0.074283,0.01474,0.0,0.028625,0.029977,0.0,0.0,0.074179,0.048762,0.02351,0.038904,0.0,0.063605,0.0,0.0,0.0,0.0,0.0,0.075627,0.075255,0.030037,0.042271,0.0,0.0,0.0,0.0,0.0,0.036686,0.037146,0.050719,0.07187,0.0,0.0,0.0,0.0,0.0,0.0,0.066164,0.00569
2024-08-20,0.073756,0.038488,0.0,0.0,0.074049,0.014438,0.0,0.028758,0.029788,0.0,0.0,0.07434,0.048747,0.023195,0.037988,0.0,0.063613,0.0,0.0,0.0,0.0,0.0,0.076219,0.07531,0.030018,0.041832,0.0,0.0,0.0,0.0,0.0,0.036926,0.037308,0.051242,0.071406,0.0,0.0,0.0,0.0,0.0,0.0,0.066872,0.005709
2024-08-21,0.073483,0.038516,0.0,0.0,0.073831,0.014491,0.0,0.028703,0.029515,0.0,0.0,0.074082,0.048295,0.023098,0.03776,0.0,0.063506,0.0,0.0,0.0,0.0,0.0,0.076146,0.075261,0.029962,0.042099,0.0,0.0,0.0,0.0,0.0,0.036594,0.037132,0.050869,0.072303,0.0,0.0,0.0,0.0,0.0,0.0,0.06869,0.005665
2024-08-22,0.074055,0.038618,0.0,0.0,0.073755,0.014494,0.0,0.028877,0.029112,0.0,0.0,0.074152,0.048986,0.023396,0.038181,0.0,0.063969,0.0,0.0,0.0,0.0,0.0,0.076684,0.075813,0.029523,0.041008,0.0,0.0,0.0,0.0,0.0,0.036465,0.036671,0.051325,0.071413,0.0,0.0,0.0,0.0,0.0,0.0,0.06779,0.005714
2024-08-23,0.073388,0.038637,0.0,0.0,0.073567,0.01442,0.0,0.028556,0.029466,0.0,0.0,0.073454,0.048602,0.023996,0.038119,0.0,0.063554,0.0,0.0,0.0,0.0,0.0,0.075645,0.074784,0.029512,0.04142,0.0,0.0,0.0,0.0,0.0,0.036284,0.03718,0.050899,0.072506,0.0,0.0,0.0,0.0,0.0,0.0,0.070392,0.005622
2024-08-26,0.073365,0.038505,0.0,0.0,0.073543,0.014138,0.0,0.028602,0.029202,0.0,0.0,0.073598,0.048739,0.023868,0.038448,0.0,0.063464,0.0,0.0,0.0,0.0,0.0,0.076156,0.075246,0.029132,0.040367,0.0,0.0,0.0,0.0,0.0,0.036388,0.037332,0.051481,0.072813,0.0,0.0,0.0,0.0,0.0,0.0,0.069995,0.005621
2024-08-27,0.0733,0.038733,0.0,0.0,0.072942,0.014216,0.0,0.02864,0.029353,0.0,0.0,0.073553,0.049073,0.023732,0.038153,0.0,0.06361,0.0,0.0,0.0,0.0,0.0,0.076469,0.074776,0.029358,0.040882,0.0,0.0,0.0,0.0,0.0,0.036547,0.037449,0.05167,0.073199,0.0,0.0,0.0,0.0,0.0,0.0,0.068716,0.005631
2024-08-28,0.073833,0.038976,0.0,0.0,0.073489,0.014094,0.0,0.028931,0.029597,0.0,0.0,0.073835,0.049712,0.024173,0.038308,0.0,0.064251,0.0,0.0,0.0,0.0,0.0,0.076948,0.075564,0.029258,0.040568,0.0,0.0,0.0,0.0,0.0,0.036673,0.036917,0.052027,0.0714,0.0,0.0,0.0,0.0,0.0,0.0,0.065756,0.005691
2024-08-29,0.07417,0.03899,0.0,0.0,0.073601,0.014213,0.0,0.028912,0.029554,0.0,0.0,0.07348,0.050016,0.024166,0.0387,0.0,0.064525,0.0,0.0,0.0,0.0,0.0,0.076353,0.075766,0.028914,0.04034,0.0,0.0,0.0,0.0,0.0,0.036761,0.036981,0.051759,0.071171,0.0,0.0,0.0,0.0,0.0,0.0,0.065953,0.005676
2024-08-30,0.064312,0.0,0.0,0.0,0.064754,0.0,0.0,0.032372,0.032202,0.0,0.0,0.064742,0.032416,0.0324,0.0,0.0,0.056765,0.0,0.064759,0.06417,0.0,0.064616,0.064745,0.064654,0.0,0.030602,0.0,0.0,0.0,0.064749,0.0,0.032328,0.03238,0.0,0.037019,0.0,0.0,0.0,0.0,0.0,0.036786,0.058917,0.004312
2024-09-02,0.064737,0.0,0.0,0.0,0.064694,0.0,0.0,0.032359,0.032189,0.0,0.0,0.064715,0.032403,0.032386,0.0,0.0,0.056741,0.0,0.064732,0.064143,0.0,0.064589,0.064718,0.064626,0.0,0.030589,0.0,0.0,0.0,0.064722,0.0,0.032314,0.032366,0.0,0.037004,0.0,0.0,0.0,0.0,0.0,0.03677,0.058893,0.004311
2024-09-03,0.065067,0.0,0.0,0.0,0.065015,0.0,0.0,0.032696,0.031476,0.0,0.0,0.064684,0.032747,0.032528,0.0,0.0,0.056494,0.0,0.064413,0.063549,0.0,0.064075,0.066358,0.065706,0.0,0.028768,0.0,0.0,0.0,0.065864,0.0,0.032759,0.031991,0.0,0.034842,0.0,0.0,0.0,0.0,0.0,0.037291,0.059286,0.00439
2024-09-04,0.064568,0.0,0.0,0.0,0.064893,0.0,0.0,0.032855,0.031195,0.0,0.0,0.064385,0.032788,0.032246,0.0,0.0,0.05656,0.0,0.064158,0.063489,0.0,0.063994,0.06668,0.066278,0.0,0.028867,0.0,0.0,0.0,0.066062,0.0,0.032785,0.032122,0.0,0.034822,0.0,0.0,0.0,0.0,0.0,0.037464,0.059397,0.004391
2024-09-05,0.064469,0.0,0.0,0.0,0.064988,0.0,0.0,0.032844,0.03158,0.0,0.0,0.064901,0.032591,0.032101,0.0,0.0,0.056184,0.0,0.063977,0.063371,0.0,0.064031,0.066761,0.066449,0.0,0.028858,0.0,0.0,0.0,0.066181,0.0,0.033225,0.032976,0.0,0.034806,0.0,0.0,0.0,0.0,0.0,0.037798,0.057495,0.004414
2024-09-06,0.064652,0.0,0.0,0.0,0.065092,0.0,0.0,0.032903,0.03112,0.0,0.0,0.06448,0.032587,0.031951,0.0,0.0,0.056435,0.0,0.064101,0.064626,0.0,0.063942,0.067607,0.066787,0.0,0.02803,0.0,0.0,0.0,0.067094,0.0,0.033466,0.032506,0.0,0.034211,0.0,0.0,0.0,0.0,0.0,0.038268,0.055662,0.00448
2024-09-09,0.064234,0.0,0.0,0.0,0.064512,0.0,0.0,0.032736,0.031422,0.0,0.0,0.063931,0.03265,0.031746,0.0,0.0,0.056568,0.0,0.063895,0.064067,0.0,0.064022,0.067259,0.066603,0.0,0.028219,0.0,0.0,0.0,0.066977,0.0,0.033178,0.032557,0.0,0.034265,0.0,0.0,0.0,0.0,0.0,0.037882,0.058854,0.004423
2024-09-10,0.064151,0.0,0.0,0.0,0.064086,0.0,0.0,0.03272,0.031099,0.0,0.0,0.063783,0.032249,0.03141,0.0,0.0,0.056548,0.0,0.06379,0.064265,0.0,0.064026,0.067104,0.066777,0.0,0.028457,0.0,0.0,0.0,0.067805,0.0,0.033255,0.032602,0.0,0.034045,0.0,0.0,0.0,0.0,0.0,0.037832,0.059579,0.004415
2024-09-11,0.063644,0.0,0.0,0.0,0.063848,0.0,0.0,0.032714,0.031778,0.0,0.0,0.063935,0.03204,0.031028,0.0,0.0,0.05655,0.0,0.063832,0.0638,0.0,0.064434,0.06636,0.066867,0.0,0.029726,0.0,0.0,0.0,0.067553,0.0,0.033143,0.03277,0.0,0.034639,0.0,0.0,0.0,0.0,0.0,0.037864,0.059068,0.004407
2024-09-12,0.064216,0.0,0.0,0.0,0.064076,0.0,0.0,0.032698,0.031718,0.0,0.0,0.06439,0.031747,0.030845,0.0,0.0,0.056338,0.0,0.063688,0.06445,0.0,0.063804,0.066009,0.066251,0.0,0.029258,0.0,0.0,0.0,0.067066,0.0,0.033342,0.033824,0.0,0.035262,0.0,0.0,0.0,0.0,0.0,0.037493,0.059165,0.004358
2024-09-13,0.064106,0.0,0.0,0.0,0.063911,0.0,0.0,0.03232,0.031333,0.0,0.0,0.06416,0.031423,0.031184,0.0,0.0,0.056163,0.0,0.063422,0.065502,0.0,0.064335,0.065605,0.066304,0.0,0.029391,0.0,0.0,0.0,0.06688,0.0,0.033232,0.034299,0.0,0.035183,0.0,0.0,0.0,0.0,0.0,0.03717,0.059775,0.004302
2024-09-16,0.063914,0.0,0.0,0.0,0.063795,0.0,0.0,0.032401,0.031272,0.0,0.0,0.064681,0.031758,0.031501,0.0,0.0,0.05632,0.0,0.063861,0.065745,0.0,0.06423,0.06571,0.066655,0.0,0.028931,0.0,0.0,0.0,0.066947,0.0,0.033152,0.03428,0.0,0.035483,0.0,0.0,0.0,0.0,0.0,0.037311,0.05776,0.004292
2024-09-17,0.064129,0.0,0.0,0.0,0.063945,0.0,0.0,0.032231,0.031044,0.0,0.0,0.06453,0.031853,0.03166,0.0,0.0,0.056497,0.0,0.063835,0.066123,0.0,0.063871,0.064935,0.066449,0.0,0.0289,0.0,0.0,0.0,0.066326,0.0,0.032892,0.034066,0.0,0.035519,0.0,0.0,0.0,0.0,0.0,0.037216,0.059694,0.004283
2024-09-18,0.064029,0.0,0.0,0.0,0.063903,0.0,0.0,0.032181,0.030985,0.0,0.0,0.064715,0.031871,0.031901,0.0,0.0,0.056656,0.0,0.063795,0.066275,0.0,0.064016,0.064922,0.066186,0.0,0.028685,0.0,0.0,0.0,0.066487,0.0,0.032757,0.03331,0.0,0.035836,0.0,0.0,0.0,0.0,0.0,0.037244,0.059946,0.004299
2024-09-19,0.064007,0.0,0.0,0.0,0.063955,0.0,0.0,0.0319,0.031466,0.0,0.0,0.064515,0.031694,0.032155,0.0,0.0,0.056685,0.0,0.063695,0.066755,0.0,0.063976,0.06348,0.064717,0.0,0.029415,0.0,0.0,0.0,0.065408,0.0,0.03272,0.033786,0.0,0.03651,0.0,0.0,0.0,0.0,0.0,0.036793,0.062138,0.004229
2024-09-20,0.06375,0.0,0.0,0.0,0.064096,0.0,0.0,0.032325,0.031221,0.0,0.0,0.064674,0.031751,0.031708,0.0,0.0,0.056427,0.0,0.0634,0.065363,0.0,0.06362,0.063944,0.06659,0.0,0.029056,0.0,0.0,0.0,0.065308,0.0,0.033218,0.034255,0.0,0.036373,0.0,0.0,0.0,0.0,0.0,0.036813,0.061868,0.00424
2024-09-23,0.063944,0.0,0.0,0.0,0.064488,0.0,0.0,0.032447,0.031327,0.0,0.0,0.064602,0.031607,0.031493,0.0,0.0,0.056615,0.0,0.06374,0.065688,0.0,0.061906,0.064099,0.067025,0.0,0.029072,0.0,0.0,0.0,0.065735,0.0,0.033171,0.033623,0.0,0.036494,0.0,0.0,0.0,0.0,0.0,0.036584,0.062114,0.004226
2024-09-24,0.0635,0.0,0.0,0.0,0.065612,0.0,0.0,0.032015,0.032044,0.0,0.0,0.064337,0.031067,0.030811,0.0,0.0,0.05652,0.0,0.064042,0.065049,0.0,0.061065,0.063383,0.065964,0.0,0.029165,0.0,0.0,0.0,0.06525,0.0,0.033338,0.034995,0.0,0.038748,0.0,0.0,0.0,0.0,0.0,0.036309,0.062595,0.004189
2024-09-25,0.063902,0.0,0.0,0.0,0.065885,0.0,0.0,0.03223,0.032103,0.0,0.0,0.064511,0.031062,0.03059,0.0,0.0,0.056586,0.0,0.063987,0.064312,0.0,0.060826,0.063592,0.0667,0.0,0.029538,0.0,0.0,0.0,0.065194,0.0,0.033487,0.034817,0.0,0.038284,0.0,0.0,0.0,0.0,0.0,0.036412,0.061767,0.004215
2024-09-26,0.063544,0.0,0.0,0.0,0.067077,0.0,0.0,0.032042,0.032567,0.0,0.0,0.064211,0.030902,0.030547,0.0,0.0,0.056288,0.0,0.064645,0.063978,0.0,0.060476,0.063088,0.065566,0.0,0.030282,0.0,0.0,0.0,0.063944,0.0,0.033314,0.034698,0.0,0.039896,0.0,0.0,0.0,0.0,0.0,0.036091,0.062671,0.004173
2024-09-27,0.063569,0.0,0.0,0.0,0.067171,0.0,0.0,0.031951,0.032005,0.0,0.0,0.064492,0.03094,0.030525,0.0,0.0,0.056274,0.0,0.064426,0.064845,0.0,0.060523,0.063098,0.066107,0.0,0.029752,0.0,0.0,0.0,0.06392,0.0,0.032995,0.034168,0.0,0.03955,0.0,0.0,0.0,0.0,0.0,0.036093,0.063429,0.004167
2024-09-30,0.06479,0.064646,0.0,0.0,0.064832,0.012947,0.0,0.025549,0.025867,0.0,0.0,0.06457,0.032199,0.032417,0.0,0.0,0.064262,0.0,0.0,0.064611,0.064285,0.0,0.064722,0.064748,0.0,0.0,0.0,0.0,0.0,0.06472,0.0,0.041103,0.023381,0.064776,0.041123,0.0,0.0,0.0,0.0,0.0,0.050366,0.0,0.004086
2024-10-01,0.06459,0.064077,0.0,0.0,0.064737,0.013505,0.0,0.025456,0.025754,0.0,0.0,0.064771,0.032103,0.03159,0.0,0.0,0.064446,0.0,0.0,0.064997,0.064097,0.0,0.064655,0.065422,0.0,0.0,0.0,0.0,0.0,0.064452,0.0,0.041631,0.023576,0.063484,0.041934,0.0,0.0,0.0,0.0,0.0,0.050628,0.0,0.004097
2024-10-02,0.064639,0.063828,0.0,0.0,0.06579,0.014386,0.0,0.025362,0.025778,0.0,0.0,0.064522,0.032115,0.031511,0.0,0.0,0.064279,0.0,0.0,0.064342,0.063919,0.0,0.064059,0.065404,0.0,0.0,0.0,0.0,0.0,0.064177,0.0,0.041608,0.023904,0.063486,0.042321,0.0,0.0,0.0,0.0,0.0,0.050476,0.0,0.004093
2024-10-03,0.064735,0.063503,0.0,0.0,0.065861,0.014096,0.0,0.025225,0.025967,0.0,0.0,0.064711,0.032148,0.031755,0.0,0.0,0.064359,0.0,0.0,0.064574,0.063746,0.0,0.063824,0.065798,0.0,0.0,0.0,0.0,0.0,0.063997,0.0,0.041845,0.024248,0.063942,0.04096,0.0,0.0,0.0,0.0,0.0,0.050586,0.0,0.00412
2024-10-04,0.064675,0.063696,0.0,0.0,0.06588,0.014576,0.0,0.025063,0.025967,0.0,0.0,0.065273,0.032613,0.032264,0.0,0.0,0.064652,0.0,0.0,0.063242,0.063642,0.0,0.063881,0.065534,0.0,0.0,0.0,0.0,0.0,0.063535,0.0,0.04166,0.024297,0.063388,0.04178,0.0,0.0,0.0,0.0,0.0,0.050273,0.0,0.004111
2024-10-07,0.065286,0.063639,0.0,0.0,0.066918,0.015335,0.0,0.024735,0.026053,0.0,0.0,0.064719,0.032374,0.03224,0.0,0.0,0.064818,0.0,0.0,0.063461,0.063679,0.0,0.063563,0.064348,0.0,0.0,0.0,0.0,0.0,0.06329,0.0,0.041727,0.024061,0.063204,0.042121,0.0,0.0,0.0,0.0,0.0,0.050296,0.0,0.004132
2024-10-08,0.065361,0.063761,0.0,0.0,0.065632,0.013718,0.0,0.025254,0.026446,0.0,0.0,0.065481,0.032656,0.032291,0.0,0.0,0.065152,0.0,0.0,0.064126,0.064212,0.0,0.064065,0.064569,0.0,0.0,0.0,0.0,0.0,0.063603,0.0,0.041541,0.023364,0.063766,0.040331,0.0,0.0,0.0,0.0,0.0,0.050525,0.0,0.004145
2024-10-09,0.065614,0.06385,0.0,0.0,0.06527,0.013366,0.0,0.025313,0.026378,0.0,0.0,0.065358,0.032886,0.032585,0.0,0.0,0.065589,0.0,0.0,0.064149,0.064725,0.0,0.064311,0.063875,0.0,0.0,0.0,0.0,0.0,0.06353,0.0,0.041224,0.023188,0.064203,0.040119,0.0,0.0,0.0,0.0,0.0,0.050332,0.0,0.004136
2024-10-10,0.065711,0.063767,0.0,0.0,0.06542,0.013485,0.0,0.025247,0.026478,0.0,0.0,0.064977,0.032837,0.032581,0.0,0.0,0.065356,0.0,0.0,0.063303,0.064586,0.0,0.064128,0.063781,0.0,0.0,0.0,0.0,0.0,0.063065,0.0,0.041592,0.023658,0.064782,0.040773,0.0,0.0,0.0,0.0,0.0,0.050329,0.0,0.004144
2024-10-11,0.065498,0.063571,0.0,0.0,0.065294,0.013434,0.0,0.025053,0.026547,0.0,0.0,0.064821,0.033162,0.033246,0.0,0.0,0.06591,0.0,0.0,0.063117,0.064459,0.0,0.063888,0.063747,0.0,0.0,0.0,0.0,0.0,0.06319,0.0,0.041658,0.023786,0.064683,0.040903,0.0,0.0,0.0,0.0,0.0,0.04993,0.0,0.004105
2024-10-14,0.065579,0.063559,0.0,0.0,0.064914,0.013118,0.0,0.025023,0.026589,0.0,0.0,0.064896,0.033253,0.033461,0.0,0.0,0.066075,0.0,0.0,0.064225,0.064591,0.0,0.063924,0.064328,0.0,0.0,0.0,0.0,0.0,0.063349,0.0,0.041446,0.02349,0.064086,0.040143,0.0,0.0,0.0,0.0,0.0,0.049859,0.0,0.004092
2024-10-15,0.065515,0.062764,0.0,0.0,0.063919,0.0125,0.0,0.024939,0.026273,0.0,0.0,0.065186,0.033399,0.03385,0.0,0.0,0.065715,0.0,0.0,0.064792,0.063945,0.0,0.064474,0.064762,0.0,0.0,0.0,0.0,0.0,0.064258,0.0,0.041683,0.023683,0.064678,0.039457,0.0,0.0,0.0,0.0,0.0,0.050107,0.0,0.004102
2024-10-16,0.064961,0.062505,0.0,0.0,0.063894,0.0126,0.0,0.024826,0.026442,0.0,0.0,0.064789,0.033628,0.034143,0.0,0.0,0.065864,0.0,0.0,0.065307,0.063777,0.0,0.064078,0.065689,0.0,0.0,0.0,0.0,0.0,0.064611,0.0,0.041664,0.023718,0.063684,0.039781,0.0,0.0,0.0,0.0,0.0,0.049959,0.0,0.004079
2024-10-17,0.065541,0.06277,0.0,0.0,0.063906,0.012298,0.0,0.024592,0.027239,0.0,0.0,0.064682,0.033824,0.034524,0.0,0.0,0.065878,0.0,0.0,0.06497,0.063602,0.0,0.063986,0.065306,0.0,0.0,0.0,0.0,0.0,0.064299,0.0,0.042043,0.023775,0.063731,0.039147,0.0,0.0,0.0,0.0,0.0,0.049794,0.0,0.004093
2024-10-18,0.065171,0.062857,0.0,0.0,0.064181,0.012761,0.0,0.024538,0.027039,0.0,0.0,0.064762,0.033625,0.033881,0.0,0.0,0.065673,0.0,0.0,0.065346,0.063521,0.0,0.063735,0.065282,0.0,0.0,0.0,0.0,0.0,0.064381,0.0,0.04223,0.025061,0.062676,0.039608,0.0,0.0,0.0,0.0,0.0,0.049603,0.0,0.004069
2024-10-21,0.065369,0.062844,0.0,0.0,0.063906,0.012743,0.0,0.024626,0.027103,0.0,0.0,0.065177,0.033703,0.03326,0.0,0.0,0.066122,0.0,0.0,0.063743,0.063427,0.0,0.063857,0.065703,0.0,0.0,0.0,0.0,0.0,0.063776,0.0,0.04266,0.025495,0.063227,0.039522,0.0,0.0,0.0,0.0,0.0,0.049624,0.0,0.004111
2024-10-22,0.065476,0.062675,0.0,0.0,0.064079,0.012882,0.0,0.024398,0.027268,0.0,0.0,0.065352,0.033681,0.033598,0.0,0.0,0.065404,0.0,0.0,0.061687,0.063414,0.0,0.064298,0.065551,0.0,0.0,0.0,0.0,0.0,0.06395,0.0,0.043175,0.026263,0.063057,0.040105,0.0,0.0,0.0,0.0,0.0,0.049573,0.0,0.004117
2024-10-23,0.065344,0.062547,0.0,0.0,0.064073,0.012864,0.0,0.024448,0.026961,0.0,0.0,0.065142,0.033801,0.033727,0.0,0.0,0.0655,0.0,0.0,0.061773,0.063394,0.0,0.064455,0.066472,0.0,0.0,0.0,0.0,0.0,0.064701,0.0,0.042842,0.025523,0.063184,0.039508,0.0,0.0,0.0,0.0,0.0,0.049605,0.0,0.004135
2024-10-24,0.065416,0.062893,0.0,0.0,0.063799,0.01278,0.0,0.024446,0.026988,0.0,0.0,0.06542,0.033857,0.033904,0.0,0.0,0.065103,0.0,0.0,0.062492,0.063028,0.0,0.064422,0.066097,0.0,0.0,0.0,0.0,0.0,0.064895,0.0,0.043207,0.025528,0.062257,0.039479,0.0,0.0,0.0,0.0,0.0,0.049848,0.0,0.004139
2024-10-25,0.066036,0.062841,0.0,0.0,0.064265,0.012863,0.0,0.024231,0.027429,0.0,0.0,0.06584,0.033613,0.033419,0.0,0.0,0.065182,0.0,0.0,0.06179,0.062925,0.0,0.064133,0.065369,0.0,0.0,0.0,0.0,0.0,0.064533,0.0,0.043464,0.025576,0.062574,0.03972,0.0,0.0,0.0,0.0,0.0,0.050041,0.0,0.004156
2024-10-28,0.065682,0.063115,0.0,0.0,0.064123,0.012981,0.0,0.024312,0.026894,0.0,0.0,0.065929,0.033862,0.034187,0.0,0.0,0.065048,0.0,0.0,0.062072,0.062703,0.0,0.063931,0.065552,0.0,0.0,0.0,0.0,0.0,0.064412,0.0,0.043248,0.025532,0.062763,0.03968,0.0,0.0,0.0,0.0,0.0,0.04984,0.0,0.004135
2024-10-29,0.065824,0.0628,0.0,0.0,0.064189,0.012899,0.0,0.024428,0.026924,0.0,0.0,0.06678,0.03377,0.034156,0.0,0.0,0.065187,0.0,0.0,0.060511,0.062748,0.0,0.063521,0.064375,0.0,0.0,0.0,0.0,0.0,0.064171,0.0,0.043871,0.02617,0.06371,0.039686,0.0,0.0,0.0,0.0,0.0,0.050128,0.0,0.00415
2024-10-30,0.065964,0.062377,0.0,0.0,0.063587,0.012757,0.0,0.024346,0.026654,0.0,0.0,0.067265,0.033962,0.034483,0.0,0.0,0.065154,0.0,0.0,0.060707,0.062704,0.0,0.063494,0.064297,0.0,0.0,0.0,0.0,0.0,0.064531,0.0,0.044165,0.025717,0.06429,0.039256,0.0,0.0,0.0,0.0,0.0,0.050133,0.0,0.004156
2024-10-31,0.069036,0.0,0.0,0.0,0.069078,0.02618,0.0,0.026059,0.016507,0.0,0.068981,0.068842,0.03458,0.034581,0.0,0.0,0.068759,0.0,0.0,0.068935,0.0,0.0,0.069263,0.069078,0.041288,0.0,0.0,0.0,0.0,0.069129,0.0,0.051183,0.017024,0.0,0.0,0.0,0.0,0.0,0.046874,0.021757,0.05802,0.0,0.004847
2024-11-01,0.069498,0.0,0.0,0.0,0.069631,0.026304,0.0,0.026079,0.016685,0.0,0.070107,0.069116,0.034702,0.034305,0.0,0.0,0.068857,0.0,0.0,0.068898,0.0,0.0,0.069294,0.067544,0.041601,0.0,0.0,0.0,0.0,0.06837,0.0,0.050977,0.016871,0.0,0.0,0.0,0.0,0.0,0.04688,0.021639,0.057795,0.0,0.004848
2024-11-04,0.069147,0.0,0.0,0.0,0.069916,0.026479,0.0,0.025792,0.016793,0.0,0.069807,0.068827,0.034405,0.034024,0.0,0.0,0.068723,0.0,0.0,0.069864,0.0,0.0,0.069427,0.066685,0.041535,0.0,0.0,0.0,0.0,0.069062,0.0,0.051007,0.016908,0.0,0.0,0.0,0.0,0.0,0.046972,0.021782,0.057997,0.0,0.004844
2024-11-05,0.068865,0.0,0.0,0.0,0.069884,0.026798,0.0,0.025711,0.016825,0.0,0.070237,0.0688,0.034331,0.034176,0.0,0.0,0.06908,0.0,0.0,0.070634,0.0,0.0,0.069075,0.066919,0.041642,0.0,0.0,0.0,0.0,0.069185,0.0,0.050542,0.016784,0.0,0.0,0.0,0.0,0.0,0.046569,0.021637,0.057516,0.0,0.00479
2024-11-06,0.069404,0.0,0.0,0.0,0.068412,0.025926,0.0,0.025747,0.01652,0.0,0.072073,0.070093,0.036212,0.038035,0.0,0.0,0.071379,0.0,0.0,0.068744,0.0,0.0,0.067563,0.065852,0.042585,0.0,0.0,0.0,0.0,0.06733,0.0,0.048729,0.015949,0.0,0.0,0.0,0.0,0.0,0.046387,0.02129,0.057008,0.0,0.004762
2024-11-07,0.06967,0.0,0.0,0.0,0.069388,0.027095,0.0,0.025438,0.016799,0.0,0.072384,0.070413,0.035328,0.036488,0.0,0.0,0.070353,0.0,0.0,0.068749,0.0,0.0,0.067238,0.065416,0.042963,0.0,0.0,0.0,0.0,0.067564,0.0,0.049096,0.016193,0.0,0.0,0.0,0.0,0.0,0.046193,0.021361,0.057147,0.0,0.004724
2024-11-08,0.06957,0.0,0.0,0.0,0.067687,0.025565,0.0,0.025126,0.016575,0.0,0.073286,0.069951,0.035586,0.036623,0.0,0.0,0.070987,0.0,0.0,0.069244,0.0,0.0,0.067939,0.066556,0.042843,0.0,0.0,0.0,0.0,0.068455,0.0,0.04868,0.015815,0.0,0.0,0.0,0.0,0.0,0.04619,0.021399,0.057205,0.0,0.004717
2024-11-11,0.069752,0.0,0.0,0.0,0.06712,0.025533,0.0,0.025172,0.016187,0.0,0.074653,0.07024,0.036038,0.037607,0.0,0.0,0.07143,0.0,0.0,0.069387,0.0,0.0,0.067603,0.066642,0.042543,0.0,0.0,0.0,0.0,0.068011,0.0,0.047467,0.015509,0.0,0.0,0.0,0.0,0.0,0.046069,0.021326,0.057002,0.0,0.00471
2024-11-12,0.069881,0.0,0.0,0.0,0.066449,0.02494,0.0,0.025075,0.016125,0.0,0.074367,0.071239,0.036276,0.037746,0.0,0.0,0.0715,0.0,0.0,0.068084,0.0,0.0,0.068331,0.066514,0.043008,0.0,0.0,0.0,0.0,0.067717,0.0,0.047511,0.015714,0.0,0.0,0.0,0.0,0.0,0.046327,0.021337,0.057105,0.0,0.004755
2024-11-13,0.069939,0.0,0.0,0.0,0.066156,0.024904,0.0,0.024839,0.01615,0.0,0.07505,0.071314,0.036322,0.037491,0.0,0.0,0.071697,0.0,0.0,0.068116,0.0,0.0,0.068579,0.066438,0.042886,0.0,0.0,0.0,0.0,0.068135,0.0,0.047062,0.015467,0.0,0.0,0.0,0.0,0.0,0.046368,0.02127,0.05706,0.0,0.004759
2024-11-14,0.070202,0.0,0.0,0.0,0.066407,0.02479,0.0,0.025,0.01606,0.0,0.074285,0.071522,0.036373,0.037337,0.0,0.0,0.070772,0.0,0.0,0.068878,0.0,0.0,0.068686,0.066477,0.042913,0.0,0.0,0.0,0.0,0.067796,0.0,0.047129,0.015642,0.0,0.0,0.0,0.0,0.0,0.046456,0.02135,0.057146,0.0,0.004779
2024-11-15,0.069518,0.0,0.0,0.0,0.066538,0.02494,0.0,0.024957,0.016075,0.0,0.074049,0.070473,0.03674,0.037571,0.0,0.0,0.070775,0.0,0.0,0.068553,0.0,0.0,0.06845,0.067839,0.042075,0.0,0.0,0.0,0.0,0.0682,0.0,0.047301,0.015591,0.0,0.0,0.0,0.0,0.0,0.046702,0.021476,0.057373,0.0,0.004806
2024-11-18,0.069437,0.0,0.0,0.0,0.06672,0.025139,0.0,0.024927,0.016064,0.0,0.074293,0.070751,0.036634,0.037294,0.0,0.0,0.070263,0.0,0.0,0.068011,0.0,0.0,0.068525,0.068027,0.041963,0.0,0.0,0.0,0.0,0.068291,0.0,0.047917,0.015955,0.0,0.0,0.0,0.0,0.0,0.046516,0.021389,0.057105,0.0,0.004778
2024-11-19,0.069234,0.0,0.0,0.0,0.066745,0.024899,0.0,0.02501,0.01621,0.0,0.074179,0.071052,0.036309,0.037035,0.0,0.0,0.070042,0.0,0.0,0.067741,0.0,0.0,0.068462,0.068305,0.04221,0.0,0.0,0.0,0.0,0.068467,0.0,0.048236,0.015986,0.0,0.0,0.0,0.0,0.0,0.04648,0.021386,0.057246,0.0,0.004768
2024-11-20,0.068959,0.0,0.0,0.0,0.066312,0.025081,0.0,0.025069,0.016062,0.0,0.073942,0.071595,0.036244,0.036944,0.0,0.0,0.070203,0.0,0.0,0.067951,0.0,0.0,0.068197,0.068422,0.042225,0.0,0.0,0.0,0.0,0.068464,0.0,0.048567,0.015781,0.0,0.0,0.0,0.0,0.0,0.046525,0.021361,0.057322,0.0,0.004774
2024-11-21,0.069303,0.0,0.0,0.0,0.06593,0.024727,0.0,0.024714,0.015992,0.0,0.073628,0.070982,0.036484,0.037284,0.0,0.0,0.070655,0.0,0.0,0.068088,0.0,0.0,0.068522,0.069194,0.042398,0.0,0.0,0.0,0.0,0.068554,0.0,0.048678,0.015652,0.0,0.0,0.0,0.0,0.0,0.046262,0.021207,0.057002,0.0,0.004746
2024-11-22,0.06908,0.0,0.0,0.0,0.065548,0.024004,0.0,0.025045,0.016043,0.0,0.074238,0.0704,0.036668,0.037889,0.0,0.0,0.071206,0.0,0.0,0.068739,0.0,0.0,0.068738,0.068406,0.042163,0.0,0.0,0.0,0.0,0.068653,0.0,0.049007,0.015796,0.0,0.0,0.0,0.0,0.0,0.045971,0.021098,0.056589,0.0,0.00472
2024-11-25,0.069028,0.0,0.0,0.0,0.065267,0.023778,0.0,0.02516,0.015873,0.0,0.074449,0.070246,0.036637,0.038301,0.0,0.0,0.071127,0.0,0.0,0.071708,0.0,0.0,0.068611,0.068031,0.041854,0.0,0.0,0.0,0.0,0.0691,0.0,0.047216,0.015218,0.0,0.0,0.0,0.0,0.0,0.045807,0.021205,0.056701,0.0,0.004684
2024-11-26,0.069023,0.0,0.0,0.0,0.065013,0.023635,0.0,0.025082,0.015715,0.0,0.07472,0.070507,0.036709,0.037936,0.0,0.0,0.071212,0.0,0.0,0.070195,0.0,0.0,0.068895,0.069116,0.042064,0.0,0.0,0.0,0.0,0.069378,0.0,0.047308,0.015312,0.0,0.0,0.0,0.0,0.0,0.045722,0.021151,0.056622,0.0,0.004685
2024-11-27,0.069063,0.0,0.0,0.0,0.065033,0.024211,0.0,0.025157,0.015466,0.0,0.074328,0.070578,0.036769,0.037832,0.0,0.0,0.070926,0.0,0.0,0.070183,0.0,0.0,0.069014,0.069094,0.041481,0.0,0.0,0.0,0.0,0.069801,0.0,0.047398,0.015114,0.0,0.0,0.0,0.0,0.0,0.045845,0.021221,0.056801,0.0,0.004684
2024-11-28,0.069251,0.0,0.0,0.0,0.064697,0.024215,0.0,0.025161,0.015469,0.0,0.07434,0.07059,0.036775,0.037838,0.0,0.0,0.070938,0.0,0.0,0.070195,0.0,0.0,0.069026,0.069105,0.041488,0.0,0.0,0.0,0.0,0.069813,0.0,0.047406,0.015117,0.0,0.0,0.0,0.0,0.0,0.045853,0.021225,0.056811,0.0,0.004686
2024-11-29,0.074139,0.0,0.0,0.0,0.074358,0.037249,0.0,0.0,0.037085,0.0,0.074203,0.074444,0.037245,0.037258,0.0,0.0,0.074185,0.0,0.0,0.05044,0.0,0.0,0.0,0.07436,0.018609,0.0,0.027282,0.027806,0.0,0.074358,0.0,0.036742,0.037284,0.0,0.0,0.0,0.0,0.0,0.074368,0.0,0.0,0.050785,0.0078
2024-12-02,0.074475,0.0,0.0,0.0,0.07475,0.037398,0.0,0.0,0.037914,0.0,0.075054,0.075262,0.036975,0.037033,0.0,0.0,0.073839,0.0,0.0,0.050381,0.0,0.0,0.0,0.072963,0.018837,0.0,0.027383,0.028142,0.0,0.073475,0.0,0.036519,0.037211,0.0,0.0,0.0,0.0,0.0,0.074544,0.0,0.0,0.050024,0.007822
2024-12-03,0.074601,0.0,0.0,0.0,0.075025,0.037536,0.0,0.0,0.038056,0.0,0.074989,0.07586,0.036695,0.036703,0.0,0.0,0.073366,0.0,0.0,0.050286,0.0,0.0,0.0,0.072325,0.018902,0.0,0.027617,0.028179,0.0,0.073094,0.0,0.036589,0.037863,0.0,0.0,0.0,0.0,0.0,0.074535,0.0,0.0,0.049957,0.007821
2024-12-04,0.074645,0.0,0.0,0.0,0.074906,0.03698,0.0,0.0,0.038292,0.0,0.075309,0.075657,0.036375,0.036604,0.0,0.0,0.07332,0.0,0.0,0.048959,0.0,0.0,0.0,0.071957,0.019153,0.0,0.028548,0.028627,0.0,0.072535,0.0,0.036517,0.038008,0.0,0.0,0.0,0.0,0.0,0.074342,0.0,0.0,0.051482,0.007784
2024-12-05,0.074917,0.0,0.0,0.0,0.075529,0.037254,0.0,0.0,0.038401,0.0,0.076003,0.075561,0.036521,0.036468,0.0,0.0,0.072506,0.0,0.0,0.048395,0.0,0.0,0.0,0.072255,0.019075,0.0,0.028231,0.028516,0.0,0.072436,0.0,0.036285,0.038087,0.0,0.0,0.0,0.0,0.0,0.074353,0.0,0.0,0.051414,0.007793
2024-12-06,0.074733,0.0,0.0,0.0,0.075181,0.037472,0.0,0.0,0.038106,0.0,0.077371,0.076028,0.036405,0.036461,0.0,0.0,0.072105,0.0,0.0,0.048259,0.0,0.0,0.0,0.071146,0.019092,0.0,0.028536,0.02869,0.0,0.072114,0.0,0.03619,0.037561,0.0,0.0,0.0,0.0,0.0,0.074252,0.0,0.0,0.052528,0.007771
2024-12-09,0.074675,0.0,0.0,0.0,0.077068,0.040464,0.0,0.0,0.038227,0.0,0.077287,0.074564,0.035982,0.035984,0.0,0.0,0.071628,0.0,0.0,0.048754,0.0,0.0,0.0,0.0704,0.019007,0.0,0.028003,0.028354,0.0,0.072468,0.0,0.036625,0.038612,0.0,0.0,0.0,0.0,0.0,0.074314,0.0,0.0,0.049796,0.007787
2024-12-10,0.074791,0.0,0.0,0.0,0.07613,0.038876,0.0,0.0,0.037779,0.0,0.077897,0.076207,0.036199,0.036076,0.0,0.0,0.0719,0.0,0.0,0.04793,0.0,0.0,0.0,0.070327,0.018861,0.0,0.02776,0.028235,0.0,0.071864,0.0,0.037339,0.038867,0.0,0.0,0.0,0.0,0.0,0.074816,0.0,0.0,0.05031,0.007837
2024-12-11,0.07467,0.0,0.0,0.0,0.07573,0.038353,0.0,0.0,0.037894,0.0,0.078759,0.07696,0.036041,0.036032,0.0,0.0,0.071277,0.0,0.0,0.047255,0.0,0.0,0.0,0.069441,0.019012,0.0,0.028012,0.028468,0.0,0.07124,0.0,0.037455,0.038686,0.0,0.0,0.0,0.0,0.0,0.074358,0.0,0.0,0.052569,0.007788
2024-12-12,0.074962,0.0,0.0,0.0,0.076151,0.038584,0.0,0.0,0.037848,0.0,0.07856,0.07755,0.03609,0.035848,0.0,0.0,0.071231,0.0,0.0,0.046904,0.0,0.0,0.0,0.069808,0.019015,0.0,0.027921,0.028625,0.0,0.071539,0.0,0.03712,0.037785,0.0,0.0,0.0,0.0,0.0,0.074584,0.0,0.0,0.052043,0.007835
2024-12-13,0.074762,0.0,0.0,0.0,0.076148,0.038194,0.0,0.0,0.038369,0.0,0.079094,0.076841,0.036163,0.035816,0.0,0.0,0.071246,0.0,0.0,0.046327,0.0,0.0,0.0,0.07005,0.019151,0.0,0.027717,0.029065,0.0,0.071536,0.0,0.036775,0.037287,0.0,0.0,0.0,0.0,0.0,0.074578,0.0,0.0,0.053023,0.007857
2024-12-16,0.074713,0.0,0.0,0.0,0.07561,0.0375,0.0,0.0,0.038117,0.0,0.079918,0.0769,0.035986,0.035899,0.0,0.0,0.071087,0.0,0.0,0.045681,0.0,0.0,0.0,0.069276,0.019283,0.0,0.027929,0.029639,0.0,0.071064,0.0,0.03675,0.037239,0.0,0.0,0.0,0.0,0.0,0.074488,0.0,0.0,0.055088,0.007834
2024-12-17,0.074765,0.0,0.0,0.0,0.075535,0.038142,0.0,0.0,0.038129,0.0,0.080471,0.07661,0.035865,0.035288,0.0,0.0,0.070702,0.0,0.0,0.045446,0.0,0.0,0.0,0.069248,0.019238,0.0,0.02778,0.029417,0.0,0.070989,0.0,0.036746,0.037393,0.0,0.0,0.0,0.0,0.0,0.074609,0.0,0.0,0.055763,0.007864
2024-12-18,0.076872,0.0,0.0,0.0,0.077719,0.038546,0.0,0.0,0.038378,0.0,0.079047,0.076557,0.035789,0.034477,0.0,0.0,0.070673,0.0,0.0,0.044835,0.0,0.0,0.0,0.069552,0.019151,0.0,0.027292,0.028868,0.0,0.07001,0.0,0.037074,0.037136,0.0,0.0,0.0,0.0,0.0,0.075959,0.0,0.0,0.053972,0.008092
2024-12-19,0.075536,0.0,0.0,0.0,0.077168,0.03911,0.0,0.0,0.03898,0.0,0.079529,0.076915,0.036184,0.034546,0.0,0.0,0.071109,0.0,0.0,0.044004,0.0,0.0,0.0,0.070389,0.019315,0.0,0.027601,0.029116,0.0,0.069441,0.0,0.037404,0.036954,0.0,0.0,0.0,0.0,0.0,0.076448,0.0,0.0,0.052099,0.008153
2024-12-20,0.07535,0.0,0.0,0.0,0.076444,0.039077,0.0,0.0,0.03891,0.0,0.079022,0.076646,0.036395,0.034793,0.0,0.0,0.071303,0.0,0.0,0.044076,0.0,0.0,0.0,0.070876,0.019429,0.0,0.027908,0.02919,0.0,0.069984,0.0,0.037458,0.037178,0.0,0.0,0.0,0.0,0.0,0.076244,0.0,0.0,0.051636,0.008082
2024-12-23,0.075007,0.0,0.0,0.0,0.076626,0.039233,0.0,0.0,0.039631,0.0,0.079259,0.077062,0.036481,0.03486,0.0,0.0,0.071284,0.0,0.0,0.044062,0.0,0.0,0.0,0.071114,0.019634,0.0,0.027718,0.029362,0.0,0.070255,0.0,0.03728,0.037273,0.0,0.0,0.0,0.0,0.0,0.076037,0.0,0.0,0.049737,0.008084
2024-12-24,0.074798,0.0,0.0,0.0,0.076151,0.039167,0.0,0.0,0.039157,0.0,0.080243,0.076977,0.036524,0.034786,0.0,0.0,0.071089,0.0,0.0,0.043805,0.0,0.0,0.0,0.070758,0.019629,0.0,0.027743,0.029338,0.0,0.069981,0.0,0.036964,0.036924,0.0,0.0,0.0,0.0,0.0,0.075481,0.0,0.0,0.052485,0.007999
2024-12-26,0.07492,0.0,0.0,0.0,0.076275,0.03933,0.0,0.0,0.038866,0.0,0.080075,0.077001,0.036674,0.035036,0.0,0.0,0.071258,0.0,0.0,0.043868,0.0,0.0,0.0,0.070707,0.019674,0.0,0.027727,0.029499,0.0,0.070283,0.0,0.037274,0.037148,0.0,0.0,0.0,0.0,0.0,0.075796,0.0,0.0,0.050576,0.008012
2024-12-27,0.075512,0.0,0.0,0.0,0.076483,0.039349,0.0,0.0,0.039121,0.0,0.079389,0.076934,0.036699,0.034899,0.0,0.0,0.071299,0.0,0.0,0.043755,0.0,0.0,0.0,0.071073,0.01957,0.0,0.027523,0.029392,0.0,0.07014,0.0,0.037317,0.036924,0.0,0.0,0.0,0.0,0.0,0.076147,0.0,0.0,0.050395,0.008079
2024-12-30,0.075392,0.0,0.0,0.0,0.076359,0.039235,0.0,0.0,0.039003,0.0,0.078748,0.076745,0.03664,0.035037,0.0,0.0,0.071155,0.0,0.0,0.043885,0.0,0.0,0.0,0.071349,0.019478,0.0,0.027383,0.029295,0.0,0.070359,0.0,0.0375,0.036765,0.0,0.0,0.0,0.0,0.0,0.076873,0.0,0.0,0.05065,0.008147
2024-12-31,0.038179,0.0,0.0,0.040857,0.0,0.06224,0.0,0.0,0.0,0.0,0.079515,0.079322,0.039728,0.039713,0.0,0.0,0.044181,0.03463,0.0,0.079133,0.0,0.0,0.062866,0.079375,0.010001,0.0,0.038756,0.030252,0.0,0.079372,0.0,0.07834,0.0,0.0,0.0,0.0,0.0,0.0,0.0,0.0,0.0,0.079495,0.004043
2025-01-02,0.037979,0.0,0.0,0.041791,0.0,0.061025,0.0,0.0,0.0,0.0,0.078342,0.079577,0.039565,0.039248,0.0,0.0,0.043955,0.034625,0.0,0.077987,0.0,0.0,0.062572,0.079853,0.009961,0.0,0.038612,0.030346,0.0,0.07854,0.0,0.079275,0.0,0.0,0.0,0.0,0.0,0.0,0.0,0.0,0.0,0.08271,0.004038
2025-01-03,0.037766,0.0,0.0,0.041284,0.0,0.061,0.0,0.0,0.0,0.0,0.079258,0.079398,0.039543,0.039444,0.0,0.0,0.044059,0.034802,0.0,0.078282,0.0,0.0,0.062017,0.080026,0.010038,0.0,0.038887,0.030375,0.0,0.078906,0.0,0.077993,0.0,0.0,0.0,0.0,0.0,0.0,0.0,0.0,0.0,0.082917,0.004004
2025-01-06,0.038313,0.0,0.0,0.041476,0.0,0.059876,0.0,0.0,0.0,0.0,0.079423,0.080108,0.039348,0.039385,0.0,0.0,0.043881,0.035026,0.0,0.077902,0.0,0.0,0.061254,0.078986,0.010147,0.0,0.038895,0.030516,0.0,0.077746,0.0,0.077752,0.0,0.0,0.0,0.0,0.0,0.0,0.0,0.0,0.0,0.085969,0.003997
2025-01-07,0.038405,0.0,0.0,0.041617,0.0,0.060139,0.0,0.0,0.0,0.0,0.078883,0.080233,0.039762,0.039553,0.0,0.0,0.044399,0.03549,0.0,0.077821,0.0,0.0,0.061823,0.079799,0.010071,0.0,0.038429,0.030473,0.0,0.077994,0.0,0.079193,0.0,0.0,0.0,0.0,0.0,0.0,0.0,0.0,0.0,0.081867,0.004049
2025-01-08,0.038233,0.0,0.0,0.041502,0.0,0.059789,0.0,0.0,0.0,0.0,0.07919,0.079841,0.039935,0.039602,0.0,0.0,0.044621,0.035527,0.0,0.078814,0.0,0.0,0.062,0.079861,0.010078,0.0,0.038473,0.030648,0.0,0.078281,0.0,0.079697,0.0,0.0,0.0,0.0,0.0,0.0,0.0,0.0,0.0,0.079855,0.004054
2025-01-09,0.038225,0.0,0.0,0.041535,0.0,0.059788,0.0,0.0,0.0,0.0,0.079187,0.079839,0.039934,0.039601,0.0,0.0,0.044619,0.035526,0.0,0.078812,0.0,0.0,0.061998,0.079859,0.010078,0.0,0.038472,0.030648,0.0,0.078279,0.0,0.079695,0.0,0.0,0.0,0.0,0.0,0.0,0.0,0.0,0.0,0.079853,0.004054
2025-01-10,0.038093,0.0,0.0,0.041618,0.0,0.058876,0.0,0.0,0.0,0.0,0.07937,0.079611,0.039448,0.03888,0.0,0.0,0.044659,0.035743,0.0,0.078131,0.0,0.0,0.061913,0.080379,0.009979,0.0,0.038161,0.030718,0.0,0.077303,0.0,0.081441,0.0,0.0,0.0,0.0,0.0,0.0,0.0,0.0,0.0,0.081574,0.004103
2025-01-13,0.037911,0.0,0.0,0.041543,0.0,0.059042,0.0,0.0,0.0,0.0,0.079752,0.079578,0.039698,0.039312,0.0,0.0,0.045145,0.035822,0.0,0.079361,0.0,0.0,0.061967,0.079377,0.0099,0.0,0.037796,0.030538,0.0,0.078186,0.0,0.080563,0.0,0.0,0.0,0.0,0.0,0.0,0.0,0.0,0.0,0.080409,0.0041
2025-01-14,0.037716,0.0,0.0,0.041229,0.0,0.059647,0.0,0.0,0.0,0.0,0.078691,0.078409,0.039732,0.040148,0.0,0.0,0.045158,0.035702,0.0,0.080742,0.0,0.0,0.061277,0.079503,0.009813,0.0,0.037773,0.0304,0.0,0.078001,0.0,0.080064,0.0,0.0,0.0,0.0,0.0,0.0,0.0,0.0,0.0,0.081941,0.004054
2025-01-15,0.037612,0.0,0.0,0.041368,0.0,0.059331,0.0,0.0,0.0,0.0,0.079415,0.078435,0.040099,0.040542,0.0,0.0,0.044723,0.035515,0.0,0.081478,0.0,0.0,0.060101,0.079391,0.00985,0.0,0.037846,0.030389,0.0,0.077205,0.0,0.079386,0.0,0.0,0.0,0.0,0.0,0.0,0.0,0.0,0.0,0.083326,0.003991
2025-01-16,0.037651,0.0,0.0,0.041288,0.0,0.058906,0.0,0.0,0.0,0.0,0.078473,0.077485,0.040104,0.040034,0.0,0.0,0.044972,0.035787,0.0,0.081571,0.0,0.0,0.060158,0.080868,0.00971,0.0,0.037669,0.030219,0.0,0.078292,0.0,0.079415,0.0,0.0,0.0,0.0,0.0,0.0,0.0,0.0,0.0,0.083434,0.003965
2025-01-17,0.03761,0.0,0.0,0.041161,0.0,0.059587,0.0,0.0,0.0,0.0,0.078872,0.07747,0.040086,0.040216,0.0,0.0,0.044843,0.035163,0.0,0.081172,0.0,0.0,0.05997,0.080268,0.009775,0.0,0.037701,0.029967,0.0,0.07755,0.0,0.078298,0.0,0.0,0.0,0.0,0.0,0.0,0.0,0.0,0.0,0.086359,0.00393
2025-01-20,0.037794,0.0,0.0,0.041064,0.0,0.059581,0.0,0.0,0.0,0.0,0.078865,0.077463,0.040082,0.040213,0.0,0.0,0.044838,0.03516,0.0,0.081164,0.0,0.0,0.059964,0.08026,0.009775,0.0,0.037698,0.029964,0.0,0.077543,0.0,0.078291,0.0,0.0,0.0,0.0,0.0,0.0,0.0,0.0,0.0,0.08635,0.003931
2025-01-21,0.03746,0.0,0.0,0.040819,0.0,0.059325,0.0,0.0,0.0,0.0,0.078591,0.077325,0.039984,0.040221,0.0,0.0,0.045269,0.035368,0.0,0.080265,0.0,0.0,0.059597,0.080618,0.00975,0.0,0.037899,0.030321,0.0,0.078149,0.0,0.078651,0.0,0.0,0.0,0.0,0.0,0.0,0.0,0.0,0.0,0.086497,0.003889
2025-01-22,0.037897,0.0,0.0,0.040916,0.0,0.059266,0.0,0.0,0.0,0.0,0.078554,0.078355,0.039927,0.039975,0.0,0.0,0.045312,0.035263,0.0,0.080914,0.0,0.0,0.059502,0.079137,0.010003,0.0,0.038831,0.030752,0.0,0.077043,0.0,0.079316,0.0,0.0,0.0,0.0,0.0,0.0,0.0,0.0,0.0,0.085136,0.003902
2025-01-23,0.03788,0.0,0.0,0.040863,0.0,0.059088,0.0,0.0,0.0,0.0,0.078895,0.078426,0.040088,0.039811,0.0,0.0,0.045693,0.035553,0.0,0.080821,0.0,0.0,0.059616,0.079376,0.010004,0.0,0.038832,0.030594,0.0,0.077478,0.0,0.07907,0.0,0.0,0.0,0.0,0.0,0.0,0.0,0.0,0.0,0.084018,0.003896
2025-01-24,0.037931,0.0,0.0,0.04055,0.0,0.060297,0.0,0.0,0.0,0.0,0.078094,0.078813,0.040042,0.039834,0.0,0.0,0.045314,0.035393,0.0,0.079743,0.0,0.0,0.059679,0.079855,0.00986,0.0,0.03851,0.030497,0.0,0.077426,0.0,0.079237,0.0,0.0,0.0,0.0,0.0,0.0,0.0,0.0,0.0,0.085045,0.00388
2025-01-27,0.037331,0.0,0.0,0.040148,0.0,0.06085,0.0,0.0,0.0,0.0,0.078677,0.07936,0.040555,0.040391,0.0,0.0,0.044785,0.036011,0.0,0.081859,0.0,0.0,0.061403,0.078144,0.009393,0.0,0.037939,0.029905,0.0,0.078597,0.0,0.07855,0.0,0.0,0.0,0.0,0.0,0.0,0.0,0.0,0.0,0.082214,0.003888
2025-01-28,0.037585,0.0,0.0,0.040399,0.0,0.061758,0.0,0.0,0.0,0.0,0.078858,0.079832,0.040528,0.040332,0.0,0.0,0.044538,0.035593,0.0,0.080272,0.0,0.0,0.06051,0.077151,0.009654,0.0,0.039044,0.030735,0.0,0.077732,0.0,0.079316,0.0,0.0,0.0,0.0,0.0,0.0,0.0,0.0,0.0,0.08227,0.003893
2025-01-29,0.037705,0.0,0.0,0.040658,0.0,0.061613,0.0,0.0,0.0,0.0,0.078693,0.080247,0.040527,0.040287,0.0,0.0,0.04442,0.035482,0.0,0.079015,0.0,0.0,0.060702,0.077371,0.009583,0.0,0.038511,0.030538,0.0,0.076763,0.0,0.079072,0.0,0.0,0.0,0.0,0.0,0.0,0.0,0.0,0.0,0.084916,0.003896
2025-01-30,0.037427,0.0,0.0,0.040653,0.0,0.062452,0.0,0.0,0.0,0.0,0.078622,0.079476,0.040481,0.040269,0.0,0.0,0.044441,0.034487,0.0,0.080167,0.0,0.0,0.060653,0.078148,0.009499,0.0,0.037839,0.030677,0.0,0.076917,0.0,0.07942,0.0,0.0,0.0,0.0,0.0,0.0,0.0,0.0,0.0,0.084516,0.003855
2025-01-31,0.02119,0.0,0.0,0.046274,0.0,0.067687,0.0,0.0,0.0,0.0,0.067448,0.067587,0.047563,0.019891,0.0,0.0,0.0,0.0,0.0,0.0,0.0,0.0,0.06734,0.067689,0.0,0.0,0.03078,0.036117,0.0,0.052052,0.0,0.067322,0.0,0.06759,0.0,0.0,0.03342,0.033531,0.033691,0.033762,0.067697,0.067669,0.0037
2025-02-03,0.020858,0.0,0.0,0.045951,0.0,0.067351,0.0,0.0,0.0,0.0,0.06668,0.067859,0.047458,0.019552,0.0,0.0,0.0,0.0,0.0,0.0,0.0,0.0,0.06773,0.068181,0.0,0.0,0.030717,0.035981,0.0,0.05204,0.0,0.067808,0.0,0.067815,0.0,0.0,0.033506,0.033671,0.033711,0.033878,0.06793,0.067615,0.003707
2025-02-04,0.020924,0.0,0.0,0.045761,0.0,0.068835,0.0,0.0,0.0,0.0,0.06726,0.068258,0.047202,0.019813,0.0,0.0,0.0,0.0,0.0,0.0,0.0,0.0,0.066952,0.067374,0.0,0.0,0.031167,0.036394,0.0,0.051921,0.0,0.068266,0.0,0.067828,0.0,0.0,0.033486,0.033624,0.033714,0.033841,0.067962,0.065722,0.003696
2025-02-05,0.02092,0.0,0.0,0.045873,0.0,0.067544,0.0,0.0,0.0,0.0,0.066367,0.067466,0.047607,0.02,0.0,0.0,0.0,0.0,0.0,0.0,0.0,0.0,0.067238,0.067918,0.0,0.0,0.031303,0.036914,0.0,0.052547,0.0,0.068556,0.0,0.068037,0.0,0.0,0.033615,0.033707,0.033737,0.03401,0.068211,0.064739,0.00369
2025-02-06,0.021033,0.0,0.0,0.046236,0.0,0.068361,0.0,0.0,0.0,0.0,0.06653,0.067654,0.047931,0.020152,0.0,0.0,0.0,0.0,0.0,0.0,0.0,0.0,0.067443,0.067738,0.0,0.0,0.031336,0.036641,0.0,0.0526,0.0,0.068271,0.0,0.067472,0.0,0.0,0.033525,0.033598,0.033636,0.033896,0.068049,0.064214,0.003685
2025-02-07,0.021,0.0,0.0,0.045963,0.0,0.069459,0.0,0.0,0.0,0.0,0.065463,0.067752,0.047836,0.020001,0.0,0.0,0.0,0.0,0.0,0.0,0.0,0.0,0.067583,0.067843,0.0,0.0,0.031264,0.03705,0.0,0.052617,0.0,0.068639,0.0,0.067445,0.0,0.0,0.033534,0.033629,0.033651,0.03387,0.068031,0.063673,0.003698
2025-02-10,0.020897,0.0,0.0,0.045916,0.0,0.070714,0.0,0.0,0.0,0.0,0.065196,0.067547,0.047102,0.019637,0.0,0.0,0.0,0.0,0.0,0.0,0.0,0.0,0.067492,0.068068,0.0,0.0,0.031558,0.037446,0.0,0.0522,0.0,0.06928,0.0,0.067718,0.0,0.0,0.033276,0.033392,0.033466,0.033626,0.067522,0.064275,0.003671
2025-02-11,0.020982,0.0,0.0,0.045805,0.0,0.070245,0.0,0.0,0.0,0.0,0.064624,0.067835,0.047345,0.019934,0.0,0.0,0.0,0.0,0.0,0.0,0.0,0.0,0.068321,0.068591,0.0,0.0,0.031319,0.037353,0.0,0.052565,0.0,0.069207,0.0,0.067895,0.0,0.0,0.033277,0.03347,0.033541,0.033639,0.067407,0.062964,0.003681
2025-02-12,0.02086,0.0,0.0,0.045208,0.0,0.072061,0.0,0.0,0.0,0.0,0.064583,0.067876,0.047158,0.019512,0.0,0.0,0.0,0.0,0.0,0.0,0.0,0.0,0.068239,0.06844,0.0,0.0,0.031198,0.037346,0.0,0.052056,0.0,0.069249,0.0,0.068059,0.0,0.0,0.033033,0.033255,0.033454,0.033442,0.067161,0.06413,0.00368
2025-02-13,0.020969,0.0,0.0,0.045026,0.0,0.071513,0.0,0.0,0.0,0.0,0.06508,0.068161,0.047128,0.019474,0.0,0.0,0.0,0.0,0.0,0.0,0.0,0.0,0.068478,0.0681,0.0,0.0,0.031478,0.037772,0.0,0.052197,0.0,0.069427,0.0,0.068099,0.0,0.0,0.03304,0.033199,0.033364,0.033459,0.067224,0.063159,0.003654
2025-02-14,0.021016,0.0,0.0,0.044972,0.0,0.073606,0.0,0.0,0.0,0.0,0.064938,0.068459,0.047137,0.01949,0.0,0.0,0.0,0.0,0.0,0.0,0.0,0.0,0.067679,0.067699,0.0,0.0,0.03145,0.037591,0.0,0.051868,0.0,0.068276,0.0,0.067933,0.0,0.0,0.033121,0.033202,0.033343,0.033531,0.067315,0.063725,0.003647
2025-02-17,0.021068,0.0,0.0,0.045119,0.0,0.07359,0.0,0.0,0.0,0.0,0.064925,0.068445,0.047127,0.019486,0.0,0.0,0.0,0.0,0.0,0.0,0.0,0.0,0.067665,0.067685,0.0,0.0,0.031443,0.037583,0.0,0.051857,0.0,0.068261,0.0,0.067918,0.0,0.0,0.033114,0.033195,0.033336,0.033524,0.0673,0.063712,0.003647
2025-02-18,0.021011,0.0,0.0,0.04523,0.0,0.074226,0.0,0.0,0.0,0.0,0.064663,0.06804,0.047404,0.019618,0.0,0.0,0.0,0.0,0.0,0.0,0.0,0.0,0.067823,0.068232,0.0,0.0,0.031718,0.037783,0.0,0.052023,0.0,0.069304,0.0,0.068338,0.0,0.0,0.032895,0.033046,0.033265,0.033345,0.066927,0.061465,0.003643
2025-02-19,0.020967,0.0,0.0,0.045158,0.0,0.07381,0.0,0.0,0.0,0.0,0.064574,0.068064,0.047384,0.019503,0.0,0.0,0.0,0.0,0.0,0.0,0.0,0.0,0.068313,0.068536,0.0,0.0,0.031137,0.037469,0.0,0.052022,0.0,0.069287,0.0,0.067899,0.0,0.0,0.032922,0.033087,0.033263,0.033337,0.066889,0.062738,0.00364
2025-02-20,0.020903,0.0,0.0,0.044536,0.0,0.07528,0.0,0.0,0.0,0.0,0.064099,0.067832,0.046717,0.019208,0.0,0.0,0.0,0.0,0.0,0.0,0.0,0.0,0.068132,0.068615,0.0,0.0,0.030606,0.036907,0.0,0.052337,0.0,0.069411,0.0,0.067262,0.0,0.0,0.033031,0.033196,0.033327,0.033461,0.0671,0.064394,0.003645
2025-02-21,0.021055,0.0,0.0,0.044791,0.0,0.077294,0.0,0.0,0.0,0.0,0.062888,0.067413,0.046487,0.018933,0.0,0.0,0.0,0.0,0.0,0.0,0.0,0.0,0.069454,0.069155,0.0,0.0,0.029786,0.035848,0.0,0.052217,0.0,0.069875,0.0,0.066877,0.0,0.0,0.033479,0.033517,0.033517,0.033834,0.067633,0.062275,0.003673
2025-02-24,0.020968,0.0,0.0,0.044393,0.0,0.074694,0.0,0.0,0.0,0.0,0.063008,0.067927,0.046953,0.018926,0.0,0.0,0.0,0.0,0.0,0.0,0.0,0.0,0.07006,0.069201,0.0,0.0,0.029583,0.035562,0.0,0.052719,0.0,0.070653,0.0,0.065987,0.0,0.0,0.033741,0.033781,0.03375,0.034114,0.068084,0.062201,0.003695
2025-02-25,0.020801,0.0,0.0,0.04402,0.0,0.075693,0.0,0.0,0.0,0.0,0.062963,0.067225,0.047158,0.019046,0.0,0.0,0.0,0.0,0.0,0.0,0.0,0.0,0.071379,0.069168,0.0,0.0,0.029235,0.035505,0.0,0.05361,0.0,0.070039,0.0,0.066361,0.0,0.0,0.034162,0.034078,0.033989,0.034532,0.068823,0.058502,0.003712
2025-02-26,0.021083,0.0,0.0,0.044669,0.0,0.07756,0.0,0.0,0.0,0.0,0.062697,0.067098,0.04705,0.019064,0.0,0.0,0.0,0.0,0.0,0.0,0.0,0.0,0.070004,0.069447,0.0,0.0,0.029639,0.035875,0.0,0.053379,0.0,0.070138,0.0,0.0665,0.0,0.0,0.034251,0.034102,0.034031,0.0346,0.069041,0.05606,0.003712
2025-02-27,0.0211,0.0,0.0,0.04505,0.0,0.077497,0.0,0.0,0.0,0.0,0.062293,0.066989,0.047693,0.019256,0.0,0.0,0.0,0.0,0.0,0.0,0.0,0.0,0.070563,0.068457,0.0,0.0,0.029088,0.035356,0.0,0.054026,0.0,0.069629,0.0,0.066273,0.0,0.0,0.034489,0.034338,0.034243,0.034734,0.069365,0.055821,0.003742
2025-02-28,0.034214,0.0,0.026611,0.053873,0.0,0.088135,0.0,0.0,0.0,0.0,0.088039,0.087811,0.043902,0.043881,0.0,0.0,0.088107,0.0,0.0,0.0,0.0,0.0,0.0,0.046631,0.0,0.0,0.039617,0.042453,0.0,0.0,0.0,0.068894,0.019073,0.088262,0.0,0.0,0.0,0.0,0.042945,0.0,0.0,0.088309,0.009243
2025-03-03,0.034785,0.0,0.027034,0.053989,0.0,0.087307,0.0,0.0,0.0,0.0,0.086854,0.087372,0.043751,0.04358,0.0,0.0,0.087293,0.0,0.0,0.0,0.0,0.0,0.0,0.046932,0.0,0.0,0.039065,0.042222,0.0,0.0,0.0,0.070155,0.019467,0.087234,0.0,0.0,0.0,0.0,0.043072,0.0,0.0,0.090595,0.009291
2025-03-04,0.033963,0.0,0.027013,0.052133,0.0,0.089279,0.0,0.0,0.0,0.0,0.085962,0.087331,0.042529,0.042279,0.0,0.0,0.086234,0.0,0.0,0.0,0.0,0.0,0.0,0.046516,0.0,0.0,0.039281,0.043203,0.0,0.0,0.0,0.071297,0.019784,0.088362,0.0,0.0,0.0,0.0,0.04339,0.0,0.0,0.092083,0.009361
2025-03-05,0.033738,0.0,0.027201,0.051003,0.0,0.092267,0.0,0.0,0.0,0.0,0.085988,0.087156,0.042148,0.041658,0.0,0.0,0.086308,0.0,0.0,0.0,0.0,0.0,0.0,0.045509,0.0,0.0,0.039377,0.042991,0.0,0.0,0.0,0.070396,0.020011,0.087728,0.0,0.0,0.0,0.0,0.042774,0.0,0.0,0.094522,0.009225
2025-03-06,0.034421,0.0,0.027292,0.05178,0.0,0.093807,0.0,0.0,0.0,0.0,0.08474,0.086544,0.041912,0.041473,0.0,0.0,0.086518,0.0,0.0,0.0,0.0,0.0,0.0,0.045059,0.0,0.0,0.038314,0.042303,0.0,0.0,0.0,0.070817,0.020179,0.088368,0.0,0.0,0.0,0.0,0.043087,0.0,0.0,0.094059,0.009328
2025-03-07,0.033842,0.0,0.027522,0.050921,0.0,0.093793,0.0,0.0,0.0,0.0,0.084616,0.087133,0.041707,0.041511,0.0,0.0,0.087561,0.0,0.0,0.0,0.0,0.0,0.0,0.045914,0.0,0.0,0.03832,0.042727,0.0,0.0,0.0,0.07088,0.020118,0.089107,0.0,0.0,0.0,0.0,0.043174,0.0,0.0,0.091821,0.009333
2025-03-10,0.034471,0.0,0.027636,0.052179,0.0,0.093312,0.0,0.0,0.0,0.0,0.083711,0.087163,0.04183,0.040947,0.0,0.0,0.088426,0.0,0.0,0.0,0.0,0.0,0.0,0.047622,0.0,0.0,0.037319,0.042073,0.0,0.0,0.0,0.072081,0.020305,0.091865,0.0,0.0,0.0,0.0,0.044126,0.0,0.0,0.085359,0.009575
2025-03-11,0.033925,0.0,0.027411,0.051012,0.0,0.094891,0.0,0.0,0.0,0.0,0.082725,0.085706,0.041389,0.040556,0.0,0.0,0.086891,0.0,0.0,0.0,0.0,0.0,0.0,0.047082,0.0,0.0,0.037604,0.042372,0.0,0.0,0.0,0.072779,0.020856,0.091714,0.0,0.0,0.0,0.0,0.043881,0.0,0.0,0.089647,0.009558
2025-03-12,0.034133,0.0,0.027823,0.05126,0.0,0.09423,0.0,0.0,0.0,0.0,0.082922,0.085841,0.041309,0.040836,0.0,0.0,0.086589,0.0,0.0,0.0,0.0,0.0,0.0,0.046776,0.0,0.0,0.038226,0.042447,0.0,0.0,0.0,0.072847,0.020965,0.091197,0.0,0.0,0.0,0.0,0.043782,0.0,0.0,0.089294,0.009525
2025-03-13,0.034081,0.0,0.027984,0.051488,0.0,0.095371,0.0,0.0,0.0,0.0,0.081626,0.084881,0.041477,0.040813,0.0,0.0,0.086524,0.0,0.0,0.0,0.0,0.0,0.0,0.04734,0.0,0.0,0.037311,0.041871,0.0,0.0,0.0,0.07485,0.02153,0.092208,0.0,0.0,0.0,0.0,0.043954,0.0,0.0,0.087075,0.009618
2025-03-14,0.033826,0.0,0.027874,0.051228,0.0,0.09621,0.0,0.0,0.0,0.0,0.081752,0.084767,0.041618,0.041171,0.0,0.0,0.0864,0.0,0.0,0.0,0.0,0.0,0.0,0.047331,0.0,0.0,0.037982,0.04243,0.0,0.0,0.0,0.073432,0.021093,0.089881,0.0,0.0,0.0,0.0,0.043302,0.0,0.0,0.090271,0.009433
2025-03-17,0.033811,0.0,0.027917,0.051216,0.0,0.09748,0.0,0.0,0.0,0.0,0.081151,0.084612,0.041732,0.041113,0.0,0.0,0.086812,0.0,0.0,0.0,0.0,0.0,0.0,0.047105,0.0,0.0,0.03814,0.042694,0.0,0.0,0.0,0.073171,0.020973,0.090427,0.0,0.0,0.0,0.0,0.04302,0.0,0.0,0.089277,0.009348
2025-03-18,0.033945,0.0,0.028032,0.051444,0.0,0.097674,0.0,0.0,0.0,0.0,0.08026,0.08401,0.041972,0.041353,0.0,0.0,0.08672,0.0,0.0,0.0,0.0,0.0,0.0,0.047104,0.0,0.0,0.037844,0.04273,0.0,0.0,0.0,0.074541,0.021147,0.091057,0.0,0.0,0.0,0.0,0.043242,0.0,0.0,0.087512,0.009415
2025-03-19,0.033761,0.0,0.028052,0.051431,0.0,0.096557,0.0,0.0,0.0,0.0,0.080933,0.084108,0.041985,0.041354,0.0,0.0,0.08694,0.0,0.0,0.0,0.0,0.0,0.0,0.046777,0.0,0.0,0.038032,0.042776,0.0,0.0,0.0,0.074055,0.020855,0.090059,0.0,0.0,0.0,0.0,0.043067,0.0,0.0,0.089939,0.009317
2025-03-20,0.033965,0.0,0.028064,0.052036,0.0,0.094415,0.0,0.0,0.0,0.0,0.081205,0.08441,0.042286,0.041375,0.0,0.0,0.087002,0.0,0.0,0.0,0.0,0.0,0.0,0.047237,0.0,0.0,0.038095,0.042313,0.0,0.0,0.0,0.074386,0.020805,0.090747,0.0,0.0,0.0,0.0,0.043255,0.0,0.0,0.089032,0.009372
2025-03-21,0.033952,0.0,0.028181,0.051783,0.0,0.093054,0.0,0.0,0.0,0.0,0.081825,0.085413,0.042301,0.041463,0.0,0.0,0.086884,0.0,0.0,0.0,0.0,0.0,0.0,0.047121,0.0,0.0,0.038471,0.042418,0.0,0.0,0.0,0.074083,0.020559,0.090568,0.0,0.0,0.0,0.0,0.043362,0.0,0.0,0.08915,0.00941
2025-03-24,0.033947,0.0,0.027709,0.051882,0.0,0.091638,0.0,0.0,0.0,0.0,0.083661,0.085366,0.042423,0.041956,0.0,0.0,0.087212,0.0,0.0,0.0,0.0,0.0,0.0,0.046423,0.0,0.0,0.038849,0.042478,0.0,0.0,0.0,0.072683,0.02022,0.089054,0.0,0.0,0.0,0.0,0.042857,0.0,0.0,0.092369,0.009274
2025-03-25,0.033971,0.0,0.027838,0.051863,0.0,0.090405,0.0,0.0,0.0,0.0,0.084116,0.086229,0.042552,0.041789,0.0,0.0,0.087122,0.0,0.0,0.0,0.0,0.0,0.0,0.045566,0.0,0.0,0.039141,0.042852,0.0,0.0,0.0,0.072819,0.020587,0.08913,0.0,0.0,0.0,0.0,0.042728,0.0,0.0,0.092043,0.00925
2025-03-26,0.033995,0.0,0.027684,0.05206,0.0,0.091088,0.0,0.0,0.0,0.0,0.083644,0.086142,0.042746,0.041942,0.0,0.0,0.087199,0.0,0.0,0.0,0.0,0.0,0.0,0.046214,0.0,0.0,0.03852,0.042426,0.0,0.0,0.0,0.073308,0.020709,0.089132,0.0,0.0,0.0,0.0,0.042877,0.0,0.0,0.090991,0.009324
2025-03-27,0.033875,0.0,0.027649,0.051731,0.0,0.092444,0.0,0.0,0.0,0.0,0.083711,0.085773,0.042668,0.041614,0.0,0.0,0.086749,0.0,0.0,0.0,0.0,0.0,0.0,0.046209,0.0,0.0,0.037867,0.041782,0.0,0.0,0.0,0.074303,0.021248,0.088676,0.0,0.0,0.0,0.0,0.042802,0.0,0.0,0.091572,0.009326
2025-03-28,0.033857,0.0,0.027571,0.051521,0.0,0.091997,0.0,0.0,0.0,0.0,0.082552,0.084723,0.042587,0.041493,0.0,0.0,0.086471,0.0,0.0,0.0,0.0,0.0,0.0,0.047377,0.0,0.0,0.037437,0.041722,0.0,0.0,0.0,0.076184,0.021405,0.090389,0.0,0.0,0.0,0.0,0.043486,0.0,0.0,0.089737,0.009492
2025-03-31,0.028141,0.063291,0.0,0.0,0.0,0.065289,0.0,0.0,0.0,0.0,0.065398,0.065235,0.034428,0.030643,0.022991,0.0,0.064941,0.0,0.0,0.0,0.0,0.0,0.0,0.050092,0.0,0.0,0.0,0.065056,0.0,0.0,0.050385,0.064124,0.0,0.065282,0.0,0.0,0.02872,0.036135,0.035504,0.02953,0.06502,0.065382,0.004411
2025-04-01,0.028327,0.063077,0.0,0.0,0.0,0.065082,0.0,0.0,0.0,0.0,0.065689,0.064889,0.034183,0.03033,0.02299,0.0,0.064922,0.0,0.0,0.0,0.0,0.0,0.0,0.049922,0.0,0.0,0.0,0.065205,0.0,0.0,0.049842,0.063618,0.0,0.066349,0.0,0.0,0.02865,0.035944,0.035376,0.02946,0.064843,0.066917,0.004385
2025-04-02,0.028272,0.062888,0.0,0.0,0.0,0.064212,0.0,0.0,0.0,0.0,0.066519,0.064711,0.03425,0.030592,0.022878,0.0,0.065123,0.0,0.0,0.0,0.0,0.0,0.0,0.049842,0.0,0.0,0.0,0.065746,0.0,0.0,0.049543,0.06335,0.0,0.066546,0.0,0.0,0.028444,0.035664,0.035226,0.029343,0.06441,0.068081,0.004359
2025-04-03,0.028216,0.063891,0.0,0.0,0.0,0.065584,0.0,0.0,0.0,0.0,0.064419,0.063722,0.033562,0.028644,0.021729,0.0,0.063489,0.0,0.0,0.0,0.0,0.0,0.0,0.051048,0.0,0.0,0.0,0.06442,0.0,0.0,0.049014,0.0649,0.0,0.068084,0.0,0.0,0.029619,0.036989,0.035856,0.030241,0.06599,0.066093,0.004493
2025-04-04,0.027837,0.062116,0.0,0.0,0.0,0.063596,0.0,0.0,0.0,0.0,0.064159,0.062526,0.032377,0.028563,0.020536,0.0,0.061929,0.0,0.0,0.0,0.0,0.0,0.0,0.050179,0.0,0.0,0.0,0.06297,0.0,0.0,0.048057,0.065971,0.0,0.068659,0.0,0.0,0.030915,0.038372,0.036789,0.031442,0.067685,0.070645,0.004676
2025-04-07,0.027479,0.06166,0.0,0.0,0.0,0.05994,0.0,0.0,0.0,0.0,0.064953,0.064145,0.033087,0.029137,0.020902,0.0,0.06315,0.0,0.0,0.0,0.0,0.0,0.0,0.050621,0.0,0.0,0.0,0.064702,0.0,0.0,0.046259,0.066134,0.0,0.068537,0.0,0.0,0.031295,0.038838,0.037366,0.031584,0.068223,0.067197,0.004793
2025-04-08,0.028687,0.061942,0.0,0.0,0.0,0.059449,0.0,0.0,0.0,0.0,0.063975,0.063812,0.033253,0.02906,0.020601,0.0,0.063186,0.0,0.0,0.0,0.0,0.0,0.0,0.050863,0.0,0.0,0.0,0.064996,0.0,0.0,0.045263,0.067086,0.0,0.068605,0.0,0.0,0.031415,0.039087,0.037525,0.031462,0.068341,0.066559,0.004834
2025-04-09,0.026215,0.062919,0.0,0.0,0.0,0.059732,0.0,0.0,0.0,0.0,0.067066,0.065657,0.033806,0.029486,0.020984,0.0,0.06504,0.0,0.0,0.0,0.0,0.0,0.0,0.049979,0.0,0.0,0.0,0.067702,0.0,0.0,0.04708,0.065768,0.0,0.066782,0.0,0.0,0.029605,0.037031,0.036426,0.03024,0.066273,0.067636,0.004572
2025-04-10,0.028078,0.063211,0.0,0.0,0.0,0.060711,0.0,0.0,0.0,0.0,0.065611,0.064534,0.033456,0.02825,0.019968,0.0,0.064508,0.0,0.0,0.0,0.0,0.0,0.0,0.050501,0.0,0.0,0.0,0.06713,0.0,0.0,0.046932,0.068593,0.0,0.067311,0.0,0.0,0.029953,0.037251,0.036479,0.030264,0.066164,0.066441,0.004655
2025-04-11,0.027687,0.063801,0.0,0.0,0.0,0.061795,0.0,0.0,0.0,0.0,0.065122,0.063979,0.033432,0.027861,0.020116,0.0,0.064533,0.0,0.0,0.0,0.0,0.0,0.0,0.05025,0.0,0.0,0.0,0.066954,0.0,0.0,0.047764,0.068716,0.0,0.067581,0.0,0.0,0.029278,0.036633,0.035968,0.029745,0.065273,0.068936,0.004576
2025-04-14,0.028315,0.063758,0.0,0.0,0.0,0.062381,0.0,0.0,0.0,0.0,0.064783,0.063886,0.033503,0.028112,0.020024,0.0,0.064678,0.0,0.0,0.0,0.0,0.0,0.0,0.050739,0.0,0.0,0.0,0.066614,0.0,0.0,0.047912,0.067772,0.0,0.066959,0.0,0.0,0.029275,0.036512,0.035854,0.029686,0.06542,0.069277,0.00454
2025-04-15,0.028424,0.064399,0.0,0.0,0.0,0.061902,0.0,0.0,0.0,0.0,0.064319,0.064048,0.03359,0.028499,0.019994,0.0,0.06436,0.0,0.0,0.0,0.0,0.0,0.0,0.050734,0.0,0.0,0.0,0.067253,0.0,0.0,0.04746,0.068129,0.0,0.066604,0.0,0.0,0.029362,0.03651,0.035953,0.029847,0.065622,0.068456,0.004536
2025-04-16,0.028369,0.06446,0.0,0.0,0.0,0.060959,0.0,0.0,0.0,0.0,0.063046,0.062635,0.033229,0.028558,0.020259,0.0,0.063796,0.0,0.0,0.0,0.0,0.0,0.0,0.050528,0.0,0.0,0.0,0.066394,0.0,0.0,0.046919,0.070697,0.0,0.06791,0.0,0.0,0.029637,0.036794,0.036128,0.030123,0.065972,0.069024,0.004564
2025-04-17,0.028022,0.064899,0.0,0.0,0.0,0.060902,0.0,0.0,0.0,0.0,0.063216,0.062815,0.033196,0.028647,0.020643,0.0,0.063915,0.0,0.0,0.0,0.0,0.0,0.0,0.050864,0.0,0.0,0.0,0.065668,0.0,0.0,0.046872,0.070135,0.0,0.067999,0.0,0.0,0.029447,0.036746,0.036208,0.029973,0.065907,0.069377,0.004547
2025-04-21,0.028219,0.064915,0.0,0.0,0.0,0.061454,0.0,0.0,0.0,0.0,0.06196,0.061833,0.032712,0.028446,0.020245,0.0,0.06292,0.0,0.0,0.0,0.0,0.0,0.0,0.05001,0.0,0.0,0.0,0.06447,0.0,0.0,0.04712,0.072813,0.0,0.068425,0.0,0.0,0.029494,0.036814,0.036247,0.029859,0.0656,0.071865,0.004579
2025-04-22,0.027749,0.06509,0.0,0.0,0.0,0.062223,0.0,0.0,0.0,0.0,0.062801,0.062334,0.033202,0.028855,0.020396,0.0,0.062897,0.0,0.0,0.0,0.0,0.0,0.0,0.050473,0.0,0.0,0.0,0.064487,0.0,0.0,0.046916,0.070521,0.0,0.06811,0.0,0.0,0.028999,0.036303,0.03575,0.029408,0.065119,0.073868,0.004499
2025-04-23,0.028089,0.064747,0.0,0.0,0.0,0.062607,0.0,0.0,0.0,0.0,0.06365,0.062786,0.033306,0.029132,0.020183,0.0,0.063135,0.0,0.0,0.0,0.0,0.0,0.0,0.050248,0.0,0.0,0.0,0.065369,0.0,0.0,0.047167,0.068236,0.0,0.067496,0.0,0.0,0.028779,0.036095,0.035619,0.029283,0.064841,0.074774,0.004461
2025-04-24,0.027914,0.064734,0.0,0.0,0.0,0.062158,0.0,0.0,0.0,0.0,0.064067,0.063204,0.033235,0.029252,0.020237,0.0,0.063705,0.0,0.0,0.0,0.0,0.0,0.0,0.049666,0.0,0.0,0.0,0.066581,0.0,0.0,0.047533,0.068323,0.0,0.067304,0.0,0.0,0.028556,0.035811,0.035468,0.029196,0.064674,0.073977,0.004404
2025-04-25,0.027961,0.064748,0.0,0.0,0.0,0.061841,0.0,0.0,0.0,0.0,0.064962,0.063351,0.032946,0.028889,0.020121,0.0,0.063449,0.0,0.0,0.0,0.0,0.0,0.0,0.049319,0.0,0.0,0.0,0.066944,0.0,0.0,0.047667,0.067315,0.0,0.067605,0.0,0.0,0.028551,0.035687,0.03536,0.029235,0.064677,0.074986,0.004386
2025-04-28,0.028005,0.065054,0.0,0.0,0.0,0.061662,0.0,0.0,0.0,0.0,0.064871,0.063481,0.032991,0.028994,0.020227,0.0,0.06355,0.0,0.0,0.0,0.0,0.0,0.0,0.049535,0.0,0.0,0.0,0.067052,0.0,0.0,0.047108,0.068155,0.0,0.06702,0.0,0.0,0.028615,0.035747,0.035316,0.029252,0.064635,0.07435,0.00438
2025-04-29,0.028082,0.064997,0.0,0.0,0.0,0.061279,0.0,0.0,0.0,0.0,0.065139,0.063756,0.033236,0.029172,0.020109,0.0,0.063775,0.0,0.0,0.0,0.0,0.0,0.0,0.049773,0.0,0.0,0.0,0.067835,0.0,0.0,0.047188,0.067293,0.0,0.066065,0.0,0.0,0.02863,0.035704,0.035306,0.029233,0.064531,0.074528,0.004367
2025-04-30,0.0,0.054397,0.01933,0.0,0.0,0.062074,0.0,0.0,0.0,0.0,0.0,0.076306,0.055991,0.020118,0.051874,0.0,0.0,0.0,0.0,0.0,0.016405,0.0,0.076172,0.030397,0.0,0.0,0.0,0.076398,0.0,0.0,0.0,0.037828,0.0382,0.076458,0.0,0.0,0.038212,0.037715,0.038198,0.037977,0.076425,0.07645,0.003075
2025-05-01,0.0,0.054224,0.019267,0.0,0.0,0.062014,0.0,0.0,0.0,0.0,0.0,0.076727,0.056001,0.020325,0.052088,0.0,0.0,0.0,0.0,0.0,0.015964,0.0,0.07554,0.030498,0.0,0.0,0.0,0.076519,0.0,0.0,0.0,0.037056,0.037944,0.075946,0.0,0.0,0.03806,0.037601,0.038262,0.037858,0.076491,0.078538,0.003077
2025-05-02,0.0,0.054861,0.019285,0.0,0.0,0.063629,0.0,0.0,0.0,0.0,0.0,0.077209,0.056641,0.020632,0.052367,0.0,0.0,0.0,0.0,0.0,0.016037,0.0,0.075258,0.030456,0.0,0.0,0.0,0.077029,0.0,0.0,0.0,0.036783,0.037253,0.075932,0.0,0.0,0.03746,0.037064,0.03803,0.037422,0.075591,0.078013,0.003048
2025-05-05,0.0,0.055058,0.019463,0.0,0.0,0.063747,0.0,0.0,0.0,0.0,0.0,0.077564,0.056402,0.020611,0.051537,0.0,0.0,0.0,0.0,0.0,0.016028,0.0,0.075362,0.030448,0.0,0.0,0.0,0.077566,0.0,0.0,0.0,0.037966,0.037798,0.075677,0.0,0.0,0.037477,0.03711,0.0381,0.037453,0.075607,0.075972,0.003056
2025-05-06,0.0,0.054722,0.019404,0.0,0.0,0.064175,0.0,0.0,0.0,0.0,0.0,0.077273,0.055884,0.020329,0.051367,0.0,0.0,0.0,0.0,0.0,0.01553,0.0,0.074965,0.03071,0.0,0.0,0.0,0.077382,0.0,0.0,0.0,0.038892,0.038609,0.075889,0.0,0.0,0.037439,0.03709,0.037936,0.037394,0.075652,0.076311,0.003045
2025-05-07,0.0,0.054618,0.019304,0.0,0.0,0.062743,0.0,0.0,0.0,0.0,0.0,0.077213,0.056274,0.02043,0.051441,0.0,0.0,0.0,0.0,0.0,0.015666,0.0,0.075165,0.030831,0.0,0.0,0.0,0.077544,0.0,0.0,0.0,0.03835,0.037717,0.075941,0.0,0.0,0.037577,0.037167,0.038011,0.037511,0.076029,0.077422,0.003048
2025-05-08,0.0,0.054157,0.019171,0.0,0.0,0.063342,0.0,0.0,0.0,0.0,0.0,0.077023,0.056467,0.020735,0.051867,0.0,0.0,0.0,0.0,0.0,0.01545,0.0,0.074712,0.030435,0.0,0.0,0.0,0.077579,0.0,0.0,0.0,0.037414,0.037497,0.075689,0.0,0.0,0.037105,0.036857,0.037818,0.037142,0.07536,0.081144,0.003034
2025-05-09,0.0,0.054427,0.019188,0.0,0.0,0.063001,0.0,0.0,0.0,0.0,0.0,0.076502,0.056374,0.020607,0.052301,0.0,0.0,0.0,0.0,0.0,0.015257,0.0,0.074157,0.030438,0.0,0.0,0.0,0.076772,0.0,0.0,0.0,0.037622,0.037867,0.075872,0.0,0.0,0.037071,0.036829,0.03778,0.037067,0.075353,0.082486,0.00303
2025-05-12,0.0,0.054117,0.019246,0.0,0.0,0.064632,0.0,0.0,0.0,0.0,0.0,0.077481,0.057065,0.021334,0.053245,0.0,0.0,0.0,0.0,0.0,0.015511,0.0,0.073686,0.030019,0.0,0.0,0.0,0.078605,0.0,0.0,0.0,0.036276,0.037356,0.075194,0.0,0.0,0.036547,0.036256,0.037856,0.036769,0.075196,0.080601,0.003006
2025-05-13,0.0,0.054059,0.019003,0.0,0.0,0.063882,0.0,0.0,0.0,0.0,0.0,0.077839,0.057009,0.021345,0.053719,0.0,0.0,0.0,0.0,0.0,0.014968,0.0,0.072324,0.029825,0.0,0.0,0.0,0.078952,0.0,0.0,0.0,0.036244,0.037542,0.075892,0.0,0.0,0.036334,0.036158,0.037729,0.036613,0.074879,0.082694,0.00299
2025-05-14,0.0,0.054203,0.018886,0.0,0.0,0.065254,0.0,0.0,0.0,0.0,0.0,0.078631,0.057134,0.021342,0.053658,0.0,0.0,0.0,0.0,0.0,0.014689,0.0,0.072291,0.029841,0.0,0.0,0.0,0.078838,0.0,0.0,0.0,0.035657,0.036871,0.07585,0.0,0.0,0.036377,0.0363,0.037778,0.036608,0.075,0.081789,0.003005
2025-05-15,0.0,0.054414,0.018996,0.0,0.0,0.063662,0.0,0.0,0.0,0.0,0.0,0.078471,0.057171,0.021253,0.053562,0.0,0.0,0.0,0.0,0.0,0.014792,0.0,0.073332,0.030294,0.0,0.0,0.0,0.079169,0.0,0.0,0.0,0.03601,0.037101,0.075867,0.0,0.0,0.036396,0.036186,0.037623,0.036649,0.0748,0.081262,0.002989
2025-05-16,0.0,0.054384,0.01899,0.0,0.0,0.063301,0.0,0.0,0.0,0.0,0.0,0.078774,0.057348,0.021222,0.053323,0.0,0.0,0.0,0.0,0.0,0.015046,0.0,0.073954,0.030649,0.0,0.0,0.0,0.07938,0.0,0.0,0.0,0.03547,0.036605,0.075478,0.0,0.0,0.0363,0.036143,0.037555,0.03661,0.07472,0.081767,0.00298
2025-05-19,0.0,0.054894,0.018945,0.0,0.0,0.063406,0.0,0.0,0.0,0.0,0.0,0.078578,0.057182,0.021083,0.052448,0.0,0.0,0.0,0.0,0.0,0.015138,0.0,0.073913,0.030673,0.0,0.0,0.0,0.07936,0.0,0.0,0.0,0.035802,0.036628,0.075877,0.0,0.0,0.036155,0.036021,0.037406,0.036487,0.074511,0.082522,0.00297
2025-05-20,0.0,0.055078,0.018994,0.0,0.0,0.063782,0.0,0.0,0.0,0.0,0.0,0.078136,0.056691,0.020936,0.051798,0.0,0.0,0.0,0.0,0.0,0.015127,0.0,0.073938,0.030664,0.0,0.0,0.0,0.079284,0.0,0.0,0.0,0.036353,0.037392,0.075827,0.0,0.0,0.035994,0.035854,0.037268,0.036282,0.074159,0.08348,0.002961
2025-05-21,0.0,0.055175,0.018949,0.0,0.0,0.063984,0.0,0.0,0.0,0.0,0.0,0.078095,0.05592,0.02034,0.0512,0.0,0.0,0.0,0.0,0.0,0.01488,0.0,0.07359,0.030316,0.0,0.0,0.0,0.078561,0.0,0.0,0.0,0.036878,0.038129,0.076441,0.0,0.0,0.035995,0.035909,0.037278,0.036129,0.073992,0.085256,0.002982
2025-05-22,0.0,0.055082,0.018958,0.0,0.0,0.063682,0.0,0.0,0.0,0.0,0.0,0.077896,0.055833,0.020347,0.050982,0.0,0.0,0.0,0.0,0.0,0.014758,0.0,0.073257,0.029872,0.0,0.0,0.0,0.079488,0.0,0.0,0.0,0.036538,0.037515,0.07564,0.0,0.0,0.036117,0.036002,0.03734,0.036301,0.074213,0.087197,0.00298
2025-05-23,0.0,0.055076,0.019159,0.0,0.0,0.063809,0.0,0.0,0.0,0.0,0.0,0.077652,0.055714,0.020292,0.051218,0.0,0.0,0.0,0.0,0.0,0.014756,0.0,0.073634,0.030274,0.0,0.0,0.0,0.07908,0.0,0.0,0.0,0.037392,0.038095,0.075031,0.0,0.0,0.036274,0.036087,0.037385,0.036381,0.074395,0.085311,0.002985
2025-05-26,0.0,0.055076,0.019159,0.0,0.0,0.063809,0.0,0.0,0.0,0.0,0.0,0.077653,0.055714,0.020292,0.051218,0.0,0.0,0.0,0.0,0.0,0.014756,0.0,0.073634,0.030274,0.0,0.0,0.0,0.07908,0.0,0.0,0.0,0.037392,0.038095,0.075031,0.0,0.0,0.036274,0.036087,0.037385,0.036381,0.074395,0.085311,0.002985
2025-05-27,0.0,0.055338,0.019523,0.0,0.0,0.0625,0.0,0.0,0.0,0.0,0.0,0.078356,0.056291,0.020619,0.051295,0.0,0.0,0.0,0.0,0.0,0.014856,0.0,0.073774,0.030285,0.0,0.0,0.0,0.080055,0.0,0.0,0.0,0.036498,0.037551,0.074142,0.0,0.0,0.036166,0.035933,0.037345,0.036449,0.074319,0.085742,0.002964
2025-05-28,0.0,0.055311,0.019353,0.0,0.0,0.062254,0.0,0.0,0.0,0.0,0.0,0.079071,0.056437,0.020502,0.051116,0.0,0.0,0.0,0.0,0.0,0.014917,0.0,0.073956,0.030141,0.0,0.0,0.0,0.079653,0.0,0.0,0.0,0.036754,0.037588,0.07403,0.0,0.0,0.036403,0.036185,0.03767,0.0367,0.074854,0.084114,0.002992
2025-05-29,0.0,0.055521,0.019438,0.0,0.0,0.062792,0.0,0.0,0.0,0.0,0.0,0.078333,0.056653,0.020649,0.051431,0.0,0.0,0.0,0.0,0.0,0.014998,0.0,0.074158,0.030311,0.0,0.0,0.0,0.079126,0.0,0.0,0.0,0.036924,0.03794,0.073519,0.0,0.0,0.036507,0.036241,0.037678,0.036817,0.075014,0.08296,0.002989
2025-05-30,0.060628,0.06293,0.063066,0.0,0.063243,0.035194,0.053443,0.027743,0.0,0.0,0.0,0.062717,0.063126,0.0,0.0,0.0,0.0,0.0,0.0,0.0,0.0,0.0,0.062867,0.0,0.0,0.0,0.028467,0.034518,0.0,0.0,0.0,0.061702,0.0,0.063133,0.0,0.0,0.031605,0.031088,0.031501,0.031248,0.063155,0.063185,0.005441
2025-06-02,0.060525,0.06329,0.063593,0.0,0.063184,0.035345,0.053346,0.027749,0.0,0.0,0.0,0.062774,0.062898,0.0,0.0,0.0,0.0,0.0,0.0,0.0,0.0,0.0,0.062654,0.0,0.0,0.0,0.028432,0.03473,0.0,0.0,0.0,0.063089,0.0,0.062715,0.0,0.0,0.031371,0.03086,0.031369,0.031034,0.062878,0.062744,0.00542
2025-06-03,0.060918,0.062648,0.062718,0.0,0.063466,0.035618,0.053864,0.027409,0.0,0.0,0.0,0.062493,0.062918,0.0,0.0,0.0,0.0,0.0,0.0,0.0,0.0,0.0,0.06249,0.0,0.0,0.0,0.028672,0.035031,0.0,0.0,0.0,0.062427,0.0,0.062777,0.0,0.0,0.03129,0.030781,0.031377,0.030998,0.062977,0.063717,0.005411
2025-06-04,0.061048,0.062927,0.06254,0.0,0.064099,0.036222,0.053474,0.027329,0.0,0.0,0.0,0.062756,0.062425,0.0,0.0,0.0,0.0,0.0,0.0,0.0,0.0,0.0,0.061918,0.0,0.0,0.0,0.028558,0.034783,0.0,0.0,0.0,0.062693,0.0,0.06311,0.0,0.0,0.031452,0.030833,0.031368,0.031156,0.063077,0.062833,0.005399
2025-06-05,0.061297,0.063089,0.062053,0.0,0.064851,0.03641,0.053869,0.027503,0.0,0.0,0.0,0.062939,0.062348,0.0,0.0,0.0,0.0,0.0,0.0,0.0,0.0,0.0,0.061417,0.0,0.0,0.0,0.028564,0.035004,0.0,0.0,0.0,0.062473,0.0,0.064053,0.0,0.0,0.031407,0.030789,0.031349,0.031108,0.06302,0.061047,0.005408
2025-06-06,0.061048,0.063037,0.062196,0.0,0.064437,0.036236,0.053912,0.027776,0.0,0.0,0.0,0.063519,0.062901,0.0,0.0,0.0,0.0,0.0,0.0,0.0,0.0,0.0,0.061396,0.0,0.0,0.0,0.028822,0.034971,0.0,0.0,0.0,0.061417,0.0,0.064342,0.0,0.0,0.031047,0.030517,0.031234,0.030811,0.062701,0.062291,0.00539
2025-06-09,0.060948,0.062824,0.062078,0.0,0.064905,0.036508,0.053536,0.027848,0.0,0.0,0.0,0.063121,0.062346,0.0,0.0,0.0,0.0,0.0,0.0,0.0,0.0,0.0,0.061106,0.0,0.0,0.0,0.028765,0.034521,0.0,0.0,0.0,0.061498,0.0,0.063915,0.0,0.0,0.030998,0.030456,0.031144,0.030799,0.062648,0.064662,0.005372
2025-06-10,0.060861,0.06283,0.061931,0.0,0.064942,0.036557,0.053639,0.027811,0.0,0.0,0.0,0.063812,0.062314,0.0,0.0,0.0,0.0,0.0,0.0,0.0,0.0,0.0,0.061137,0.0,0.0,0.0,0.028649,0.034372,0.0,0.0,0.0,0.061412,0.0,0.063061,0.0,0.0,0.030998,0.030418,0.031166,0.030821,0.062818,0.065085,0.005363
2025-06-11,0.061097,0.062641,0.06164,0.0,0.0656,0.0366,0.054504,0.027794,0.0,0.0,0.0,0.063547,0.062124,0.0,0.0,0.0,0.0,0.0,0.0,0.0,0.0,0.0,0.060814,0.0,0.0,0.0,0.028571,0.034398,0.0,0.0,0.0,0.061629,0.0,0.062897,0.0,0.0,0.031069,0.030412,0.0311,0.030861,0.062886,0.064461,0.005353
2025-06-12,0.060999,0.06318,0.062051,0.0,0.065322,0.036531,0.054333,0.02751,0.0,0.0,0.0,0.062989,0.062084,0.0,0.0,0.0,0.0,0.0,0.0,0.0,0.0,0.0,0.061132,0.0,0.0,0.0,0.02889,0.034531,0.0,0.0,0.0,0.062354,0.0,0.062762,0.0,0.0,0.031184,0.030479,0.031115,0.031013,0.062955,0.063237,0.005351
2025-06-13,0.061221,0.06272,0.062035,0.0,0.065017,0.036151,0.05475,0.027346,0.0,0.0,0.0,0.062851,0.061306,0.0,0.0,0.0,0.0,0.0,0.0,0.0,0.0,0.0,0.060871,0.0,0.0,0.0,0.028912,0.03447,0.0,0.0,0.0,0.063677,0.0,0.063149,0.0,0.0,0.031318,0.030678,0.03127,0.031074,0.063058,0.062732,0.005393
2025-06-16,0.061035,0.062452,0.061665,0.0,0.065342,0.036379,0.055666,0.027392,0.0,0.0,0.0,0.063426,0.061517,0.0,0.0,0.0,0.0,0.0,0.0,0.0,0.0,0.0,0.060585,0.0,0.0,0.0,0.028989,0.034581,0.0,0.0,0.0,0.062275,0.0,0.06314,0.0,0.0,0.030982,0.030395,0.031086,0.030775,0.06263,0.064336,0.005351
2025-06-17,0.061094,0.06205,0.061427,0.0,0.06517,0.036295,0.055722,0.027245,0.0,0.0,0.0,0.063378,0.061661,0.0,0.0,0.0,0.0,0.0,0.0,0.0,0.0,0.0,0.060559,0.0,0.0,0.0,0.029021,0.034882,0.0,0.0,0.0,0.062814,0.0,0.062997,0.0,0.0,0.031387,0.030803,0.031304,0.031132,0.063188,0.062476,0.005396
2025-06-18,0.061152,0.062106,0.062178,0.0,0.065027,0.036011,0.055749,0.027267,0.0,0.0,0.0,0.063507,0.061732,0.0,0.0,0.0,0.0,0.0,0.0,0.0,0.0,0.0,0.060578,0.0,0.0,0.0,0.028913,0.034783,0.0,0.0,0.0,0.062572,0.0,0.062837,0.0,0.0,0.031456,0.030874,0.0314,0.031203,0.063245,0.062006,0.005405
2025-06-19,0.06045,0.062224,0.062296,0.0,0.064066,0.036079,0.055855,0.027319,0.0,0.0,0.0,0.063628,0.06185,0.0,0.0,0.0,0.0,0.0,0.0,0.0,0.0,0.0,0.060693,0.0,0.0,0.0,0.028968,0.034849,0.0,0.0,0.0,0.062691,0.0,0.062956,0.0,0.0,0.031516,0.030932,0.031459,0.031263,0.063365,0.062124,0.005415
2025-06-20,0.061105,0.062015,0.06136,0.0,0.064938,0.035888,0.055187,0.027448,0.0,0.0,0.0,0.06341,0.062189,0.0,0.0,0.0,0.0,0.0,0.0,0.0,0.0,0.0,0.061302,0.0,0.0,0.0,0.028778,0.034579,0.0,0.0,0.0,0.062833,0.0,0.062253,0.0,0.0,0.03162,0.031069,0.031643,0.031373,0.063619,0.061961,0.00543
2025-06-23,0.060791,0.06221,0.061244,0.0,0.064641,0.036111,0.054864,0.027505,0.0,0.0,0.0,0.06386,0.062626,0.0,0.0,0.0,0.0,0.0,0.0,0.0,0.0,0.0,0.061672,0.0,0.0,0.0,0.028963,0.035032,0.0,0.0,0.0,0.062679,0.0,0.062075,0.0,0.0,0.031556,0.030924,0.031528,0.031278,0.06345,0.06159,0.0054
2025-06-24,0.06118,0.062457,0.061289,0.0,0.065926,0.036731,0.05499,0.027499,0.0,0.0,0.0,0.064091,0.062979,0.0,0.0,0.0,0.0,0.0,0.0,0.0,0.0,0.0,0.061053,0.0,0.0,0.0,0.02915,0.034876,0.0,0.0,0.0,0.061128,0.0,0.061064,0.0,0.0,0.031375,0.03068,0.031325,0.031137,0.063246,0.062473,0.005351
2025-06-25,0.061189,0.062151,0.061114,0.0,0.066171,0.036751,0.054252,0.027634,0.0,0.0,0.0,0.06416,0.062851,0.0,0.0,0.0,0.0,0.0,0.0,0.0,0.0,0.0,0.060311,0.0,0.0,0.0,0.029112,0.035185,0.0,0.0,0.0,0.061392,0.0,0.060653,0.0,0.0,0.031428,0.030735,0.031357,0.031139,0.063292,0.063764,0.005358
2025-06-26,0.061288,0.062273,0.061997,0.0,0.066206,0.036518,0.054993,0.027808,0.0,0.0,0.0,0.064479,0.062902,0.0,0.0,0.0,0.0,0.0,0.0,0.0,0.0,0.0,0.059865,0.0,0.0,0.0,0.029174,0.035251,0.0,0.0,0.0,0.060923,0.0,0.060395,0.0,0.0,0.031334,0.030623,0.031241,0.031049,0.063069,0.063289,0.005324
2025-06-27,0.061775,0.062762,0.063006,0.0,0.066025,0.03623,0.054935,0.027843,0.0,0.0,0.0,0.065145,0.062995,0.0,0.0,0.0,0.0,0.0,0.0,0.0,0.0,0.0,0.060064,0.0,0.0,0.0,0.028883,0.035023,0.0,0.0,0.0,0.059734,0.0,0.060749,0.0,0.0,0.031208,0.030541,0.031182,0.030955,0.062926,0.062701,0.005317
2025-06-30,0.055225,0.055285,0.055503,0.0,0.055473,0.055454,0.055452,0.0,0.0,0.0,0.0,0.055023,0.055479,0.0,0.0,0.0,0.055289,0.0,0.0,0.0,0.0,0.0,0.055429,0.055436,0.0,0.0,0.0,0.055381,0.0,0.0,0.0,0.055279,0.0,0.055463,0.0,0.0,0.027716,0.027596,0.027461,0.027595,0.055398,0.055555,0.00351
2025-07-01,0.05534,0.055425,0.055193,0.0,0.055742,0.055722,0.055434,0.0,0.0,0.0,0.0,0.054728,0.055884,0.0,0.0,0.0,0.05557,0.0,0.0,0.0,0.0,0.0,0.056219,0.055724,0.0,0.0,0.0,0.054627,0.0,0.0,0.0,0.05587,0.0,0.054498,0.0,0.0,0.027713,0.027629,0.027475,0.027677,0.055603,0.05441,0.003516
2025-07-02,0.055367,0.055418,0.055052,0.0,0.055693,0.055279,0.055494,0.0,0.0,0.0,0.0,0.054403,0.05567,0.0,0.0,0.0,0.055455,0.0,0.0,0.0,0.0,0.0,0.05621,0.055071,0.0,0.0,0.0,0.054531,0.0,0.0,0.0,0.056006,0.0,0.054796,0.0,0.0,0.02757,0.027531,0.027441,0.027586,0.055378,0.056543,0.003506
2025-07-03,0.055624,0.055184,0.054951,0.0,0.055987,0.054794,0.056053,0.0,0.0,0.0,0.0,0.054499,0.056064,0.0,0.0,0.0,0.055719,0.0,0.0,0.0,0.0,0.0,0.055974,0.055279,0.0,0.0,0.0,0.055357,0.0,0.0,0.0,0.055417,0.0,0.054635,0.0,0.0,0.027372,0.027382,0.027356,0.027419,0.055268,0.056174,0.003493
2025-07-04,0.055377,0.055231,0.054998,0.0,0.055479,0.05484,0.0561,0.0,0.0,0.0,0.0,0.054545,0.056112,0.0,0.0,0.0,0.055766,0.0,0.0,0.0,0.0,0.0,0.056022,0.055326,0.0,0.0,0.0,0.055404,0.0,0.0,0.0,0.055464,0.0,0.054681,0.0,0.0,0.027395,0.027405,0.02738,0.027442,0.055315,0.056221,0.003497
2025-07-07,0.055686,0.055189,0.054027,0.0,0.055837,0.055088,0.055089,0.0,0.0,0.0,0.0,0.054363,0.055927,0.0,0.0,0.0,0.055925,0.0,0.0,0.0,0.0,0.0,0.05633,0.055793,0.0,0.0,0.0,0.055573,0.0,0.0,0.0,0.055858,0.0,0.054646,0.0,0.0,0.027482,0.027544,0.027461,0.027452,0.055384,0.055827,0.003519
2025-07-08,0.055588,0.055765,0.054348,0.0,0.055885,0.05565,0.055348,0.0,0.0,0.0,0.0,0.054298,0.055475,0.0,0.0,0.0,0.055958,0.0,0.0,0.0,0.0,0.0,0.055856,0.055248,0.0,0.0,0.0,0.05562,0.0,0.0,0.0,0.055322,0.0,0.054757,0.0,0.0,0.027465,0.027545,0.027447,0.027397,0.055256,0.056251,0.003522
2025-07-09,0.055609,0.056105,0.054238,0.0,0.055548,0.054902,0.054098,0.0,0.0,0.0,0.0,0.054249,0.055482,0.0,0.0,0.0,0.056151,0.0,0.0,0.0,0.0,0.0,0.055298,0.05557,0.0,0.0,0.0,0.055894,0.0,0.0,0.0,0.055375,0.0,0.054968,0.0,0.0,0.027511,0.027551,0.027426,0.027457,0.055453,0.057607,0.00351
2025-07-10,0.05588,0.05613,0.054003,0.0,0.05577,0.055366,0.053283,0.0,0.0,0.0,0.0,0.054098,0.055842,0.0,0.0,0.0,0.056498,0.0,0.0,0.0,0.0,0.0,0.055528,0.056057,0.0,0.0,0.0,0.054013,0.0,0.0,0.0,0.05553,0.0,0.05466,0.0,0.0,0.027512,0.027559,0.027414,0.027478,0.0554,0.05847,0.003512
2025-07-11,0.055732,0.055595,0.053671,0.0,0.055766,0.055406,0.053013,0.0,0.0,0.0,0.0,0.053845,0.05536,0.0,0.0,0.0,0.056398,0.0,0.0,0.0,0.0,0.0,0.055423,0.056077,0.0,0.0,0.0,0.053281,0.0,0.0,0.0,0.056165,0.0,0.054759,0.0,0.0,0.027434,0.027564,0.027429,0.02736,0.055212,0.060992,0.003519
2025-07-14,0.055599,0.055387,0.053534,0.0,0.055666,0.05583,0.05242,0.0,0.0,0.0,0.0,0.054198,0.055593,0.0,0.0,0.0,0.056519,0.0,0.0,0.0,0.0,0.0,0.055291,0.056119,0.0,0.0,0.0,0.05357,0.0,0.0,0.0,0.055779,0.0,0.054815,0.0,0.0,0.027334,0.027493,0.027361,0.027265,0.05504,0.061679,0.003509
2025-07-15,0.055807,0.055058,0.053304,0.0,0.056291,0.05729,0.053027,0.0,0.0,0.0,0.0,0.053967,0.054952,0.0,0.0,0.0,0.056415,0.0,0.0,0.0,0.0,0.0,0.055049,0.0559,0.0,0.0,0.0,0.053809,0.0,0.0,0.0,0.055863,0.0,0.054573,0.0,0.0,0.027381,0.027576,0.027435,0.027321,0.055202,0.060253,0.003529
2025-07-16,0.055225,0.055078,0.053333,0.0,0.056223,0.056887,0.053005,0.0,0.0,0.0,0.0,0.053911,0.055112,0.0,0.0,0.0,0.056386,0.0,0.0,0.0,0.0,0.0,0.055019,0.055702,0.0,0.0,0.0,0.053753,0.0,0.0,0.0,0.055915,0.0,0.054904,0.0,0.0,0.027346,0.027558,0.027396,0.027253,0.055021,0.061458,0.003515
2025-07-17,0.055576,0.054896,0.053381,0.0,0.056475,0.057059,0.053012,0.0,0.0,0.0,0.0,0.053871,0.055407,0.0,0.0,0.0,0.056668,0.0,0.0,0.0,0.0,0.0,0.055305,0.055697,0.0,0.0,0.0,0.054045,0.0,0.0,0.0,0.055558,0.0,0.054462,0.0,0.0,0.027222,0.027467,0.027308,0.027204,0.054849,0.061039,0.0035
2025-07-18,0.055725,0.054867,0.052988,0.0,0.056658,0.057627,0.051437,0.0,0.0,0.0,0.0,0.053658,0.055475,0.0,0.0,0.0,0.056577,0.0,0.0,0.0,0.0,0.0,0.055191,0.056667,0.0,0.0,0.0,0.054197,0.0,0.0,0.0,0.055739,0.0,0.055026,0.0,0.0,0.027315,0.027514,0.027363,0.027272,0.055005,0.060197,0.003503
2025-07-21,0.055826,0.05491,0.053371,0.0,0.056732,0.057764,0.051677,0.0,0.0,0.0,0.0,0.054165,0.055103,0.0,0.0,0.0,0.056061,0.0,0.0,0.0,0.0,0.0,0.054971,0.05663,0.0,0.0,0.0,0.054336,0.0,0.0,0.0,0.056377,0.0,0.054539,0.0,0.0,0.027305,0.027478,0.027294,0.027272,0.055001,0.059698,0.003489
2025-07-22,0.055343,0.054993,0.053406,0.0,0.056215,0.058365,0.051297,0.0,0.0,0.0,0.0,0.054052,0.055163,0.0,0.0,0.0,0.055947,0.0,0.0,0.0,0.0,0.0,0.055229,0.057071,0.0,0.0,0.0,0.05367,0.0,0.0,0.0,0.056661,0.0,0.054445,0.0,0.0,0.027262,0.027382,0.027221,0.027217,0.054853,0.060733,0.003474
2025-07-23,0.055366,0.055728,0.055597,0.0,0.056371,0.058544,0.051857,0.0,0.0,0.0,0.0,0.053981,0.055228,0.0,0.0,0.0,0.056567,0.0,0.0,0.0,0.0,0.0,0.054877,0.056259,0.0,0.0,0.0,0.053538,0.0,0.0,0.0,0.055581,0.0,0.054557,0.0,0.0,0.026981,0.027091,0.027051,0.026991,0.054507,0.059876,0.003451
2025-07-24,0.055825,0.055203,0.055726,0.0,0.056392,0.058565,0.051275,0.0,0.0,0.0,0.0,0.054154,0.055282,0.0,0.0,0.0,0.056558,0.0,0.0,0.0,0.0,0.0,0.054766,0.056272,0.0,0.0,0.0,0.053591,0.0,0.0,0.0,0.055325,0.0,0.054641,0.0,0.0,0.026982,0.027152,0.027059,0.026993,0.054579,0.060205,0.003456
2025-07-25,0.055867,0.055442,0.055211,0.0,0.056126,0.058443,0.051026,0.0,0.0,0.0,0.0,0.053765,0.055787,0.0,0.0,0.0,0.057241,0.0,0.0,0.0,0.0,0.0,0.054978,0.056541,0.0,0.0,0.0,0.053908,0.0,0.0,0.0,0.054931,0.0,0.054508,0.0,0.0,0.027103,0.027235,0.027134,0.027138,0.054874,0.059278,0.003464
2025-07-28,0.056085,0.054729,0.054467,0.0,0.056262,0.05852,0.050493,0.0,0.0,0.0,0.0,0.053756,0.055691,0.0,0.0,0.0,0.057363,0.0,0.0,0.0,0.0,0.0,0.054697,0.056232,0.0,0.0,0.0,0.053937,0.0,0.0,0.0,0.054862,0.0,0.055108,0.0,0.0,0.027185,0.027343,0.027263,0.027225,0.055126,0.060173,0.003482
2025-07-29,0.055931,0.054678,0.054207,0.0,0.056205,0.058409,0.050975,0.0,0.0,0.0,0.0,0.05332,0.055435,0.0,0.0,0.0,0.056737,0.0,0.0,0.0,0.0,0.0,0.055083,0.056905,0.0,0.0,0.0,0.05408,0.0,0.0,0.0,0.05504,0.0,0.054673,0.0,0.0,0.027377,0.027504,0.027293,0.027419,0.055361,0.059884,0.003484
2025-07-30,0.056113,0.054296,0.054494,0.0,0.056206,0.057967,0.051405,0.0,0.0,0.0,0.0,0.053696,0.055547,0.0,0.0,0.0,0.05668,0.0,0.0,0.0,0.0,0.0,0.054809,0.057554,0.0,0.0,0.0,0.053738,0.0,0.0,0.0,0.054301,0.0,0.054782,0.0,0.0,0.027389,0.027504,0.027342,0.027423,0.055483,0.059772,0.003497
2025-07-31,0.071573,0.071267,0.0,0.0,0.071447,0.02959,0.071532,0.0,0.012175,0.02956,0.0,0.071314,0.038281,0.032897,0.0,0.0,0.071257,0.0,0.071568,0.0,0.0,0.0,0.071549,0.0,0.025067,0.0,0.016044,0.025417,0.0,0.0,0.0,0.070941,0.0,0.0,0.07141,0.0,0.0,0.0,0.0,0.0,0.0,0.069461,0.007648
2025-08-01,0.070828,0.071629,0.0,0.0,0.071268,0.029421,0.07254,0.0,0.012306,0.028978,0.0,0.071183,0.037959,0.032668,0.0,0.0,0.070915,0.0,0.071472,0.0,0.0,0.0,0.07263,0.0,0.024778,0.0,0.01577,0.025269,0.0,0.0,0.0,0.073126,0.0,0.0,0.071642,0.0,0.0,0.0,0.0,0.0,0.0,0.067887,0.007729
2025-08-04,0.070867,0.071554,0.0,0.0,0.071189,0.029543,0.072389,0.0,0.012246,0.029297,0.0,0.071647,0.037858,0.032681,0.0,0.0,0.070677,0.0,0.071517,0.0,0.0,0.0,0.072074,0.0,0.024967,0.0,0.01591,0.025418,0.0,0.0,0.0,0.072635,0.0,0.0,0.071908,0.0,0.0,0.0,0.0,0.0,0.0,0.06799,0.007634
2025-08-05,0.070757,0.071608,0.0,0.0,0.071479,0.029735,0.072609,0.0,0.012259,0.029515,0.0,0.07107,0.037694,0.032841,0.0,0.0,0.070511,0.0,0.072001,0.0,0.0,0.0,0.071981,0.0,0.024753,0.0,0.015844,0.025093,0.0,0.0,0.0,0.072672,0.0,0.0,0.072598,0.0,0.0,0.0,0.0,0.0,0.0,0.067348,0.007631
2025-08-06,0.070913,0.071558,0.0,0.0,0.071186,0.029829,0.073366,0.0,0.012239,0.029473,0.0,0.070956,0.037671,0.032513,0.0,0.0,0.070186,0.0,0.070835,0.0,0.0,0.0,0.072615,0.0,0.024896,0.0,0.015938,0.025336,0.0,0.0,0.0,0.072126,0.0,0.0,0.072847,0.0,0.0,0.0,0.0,0.0,0.0,0.067928,0.007589
2025-08-07,0.070636,0.0719,0.0,0.0,0.071516,0.029577,0.07454,0.0,0.01242,0.029408,0.0,0.070248,0.037037,0.032032,0.0,0.0,0.069682,0.0,0.070734,0.0,0.0,0.0,0.072747,0.0,0.024776,0.0,0.015533,0.024553,0.0,0.0,0.0,0.072318,0.0,0.0,0.073869,0.0,0.0,0.0,0.0,0.0,0.0,0.068928,0.007548
2025-08-08,0.070839,0.071939,0.0,0.0,0.071247,0.029492,0.073703,0.0,0.012372,0.029353,0.0,0.070294,0.037283,0.032268,0.0,0.0,0.06955,0.0,0.070897,0.0,0.0,0.0,0.072763,0.0,0.024956,0.0,0.015496,0.024462,0.0,0.0,0.0,0.072107,0.0,0.0,0.075449,0.0,0.0,0.0,0.0,0.0,0.0,0.068001,0.007528
2025-08-11,0.071055,0.071745,0.0,0.0,0.071393,0.029378,0.073434,0.0,0.0124,0.029237,0.0,0.070828,0.037361,0.032308,0.0,0.0,0.069496,0.0,0.070912,0.0,0.0,0.0,0.072881,0.0,0.024849,0.0,0.015355,0.02443,0.0,0.0,0.0,0.071247,0.0,0.0,0.074426,0.0,0.0,0.0,0.0,0.0,0.0,0.069721,0.007545
2025-08-12,0.070633,0.071575,0.0,0.0,0.071155,0.029468,0.074486,0.0,0.01241,0.029296,0.0,0.071283,0.037343,0.032987,0.0,0.0,0.069341,0.0,0.070941,0.0,0.0,0.0,0.072165,0.0,0.024919,0.0,0.01533,0.024619,0.0,0.0,0.0,0.070295,0.0,0.0,0.075097,0.0,0.0,0.0,0.0,0.0,0.0,0.069203,0.007452
2025-08-13,0.070366,0.071462,0.0,0.0,0.07149,0.030118,0.073283,0.0,0.012289,0.02928,0.0,0.071205,0.037225,0.033244,0.0,0.0,0.068991,0.0,0.071638,0.0,0.0,0.0,0.071528,0.0,0.024708,0.0,0.015192,0.024584,0.0,0.0,0.0,0.069886,0.0,0.0,0.075667,0.0,0.0,0.0,0.0,0.0,0.0,0.070459,0.007386
2025-08-14,0.070932,0.072303,0.0,0.0,0.071131,0.029782,0.073243,0.0,0.012332,0.029149,0.0,0.071965,0.03777,0.033566,0.0,0.0,0.069054,0.0,0.071588,0.0,0.0,0.0,0.071585,0.0,0.024898,0.0,0.015174,0.024448,0.0,0.0,0.0,0.070127,0.0,0.0,0.075183,0.0,0.0,0.0,0.0,0.0,0.0,0.068309,0.007461
2025-08-15,0.071075,0.072428,0.0,0.0,0.071307,0.029944,0.073988,0.0,0.012274,0.029015,0.0,0.072078,0.037343,0.032959,0.0,0.0,0.068675,0.0,0.071521,0.0,0.0,0.0,0.071632,0.0,0.024686,0.0,0.015267,0.02451,0.0,0.0,0.0,0.070103,0.0,0.0,0.076163,0.0,0.0,0.0,0.0,0.0,0.0,0.067575,0.007455
2025-08-18,0.071039,0.072385,0.0,0.0,0.071689,0.030164,0.074321,0.0,0.012416,0.028819,0.0,0.071732,0.03742,0.033133,0.0,0.0,0.069034,0.0,0.071201,0.0,0.0,0.0,0.071629,0.0,0.024771,0.0,0.015329,0.0246,0.0,0.0,0.0,0.070085,0.0,0.0,0.075486,0.0,0.0,0.0,0.0,0.0,0.0,0.06728,0.007465
2025-08-19,0.071533,0.073033,0.0,0.0,0.071839,0.030141,0.072365,0.0,0.012306,0.028473,0.0,0.071815,0.037746,0.033392,0.0,0.0,0.069654,0.0,0.072116,0.0,0.0,0.0,0.072855,0.0,0.024503,0.0,0.015034,0.02463,0.0,0.0,0.0,0.070174,0.0,0.0,0.075037,0.0,0.0,0.0,0.0,0.0,0.0,0.065837,0.007516
2025-08-20,0.0709,0.073261,0.0,0.0,0.071321,0.030238,0.073068,0.0,0.01201,0.028375,0.0,0.071434,0.037852,0.033355,0.0,0.0,0.069429,0.0,0.072005,0.0,0.0,0.0,0.073099,0.0,0.024281,0.0,0.014964,0.024624,0.0,0.0,0.0,0.07072,0.0,0.0,0.075172,0.0,0.0,0.0,0.0,0.0,0.0,0.066391,0.007499
2025-08-21,0.071101,0.073012,0.0,0.0,0.071603,0.030359,0.073183,0.0,0.011999,0.028395,0.0,0.071546,0.037831,0.033318,0.0,0.0,0.069365,0.0,0.072413,0.0,0.0,0.0,0.072633,0.0,0.024258,0.0,0.014952,0.024583,0.0,0.0,0.0,0.070662,0.0,0.0,0.075959,0.0,0.0,0.0,0.0,0.0,0.0,0.065312,0.00752
2025-08-22,0.070671,0.072703,0.0,0.0,0.071333,0.03053,0.074183,0.0,0.011978,0.028721,0.0,0.071124,0.037686,0.034172,0.0,0.0,0.069087,0.0,0.07237,0.0,0.0,0.0,0.07118,0.0,0.024095,0.0,0.01486,0.024424,0.0,0.0,0.0,0.06999,0.0,0.0,0.076961,0.0,0.0,0.0,0.0,0.0,0.0,0.066561,0.007372
2025-08-25,0.071209,0.072169,0.0,0.0,0.071876,0.030748,0.075087,0.0,0.011988,0.028633,0.0,0.071781,0.037753,0.034227,0.0,0.0,0.068917,0.0,0.072518,0.0,0.0,0.0,0.070496,0.0,0.024224,0.0,0.014866,0.024465,0.0,0.0,0.0,0.070353,0.0,0.0,0.077563,0.0,0.0,0.0,0.0,0.0,0.0,0.063699,0.007429
2025-08-26,0.070507,0.071987,0.0,0.0,0.071388,0.030756,0.074672,0.0,0.012024,0.02847,0.0,0.071394,0.038005,0.034522,0.0,0.0,0.069556,0.0,0.072642,0.0,0.0,0.0,0.069964,0.0,0.02431,0.0,0.014834,0.024467,0.0,0.0,0.0,0.070792,0.0,0.0,0.078465,0.0,0.0,0.0,0.0,0.0,0.0,0.063825,0.00742
2025-08-27,0.07071,0.071698,0.0,0.0,0.070637,0.029921,0.07565,0.0,0.012064,0.028467,0.0,0.071429,0.038037,0.034695,0.0,0.0,0.069462,0.0,0.072735,0.0,0.0,0.0,0.070087,0.0,0.024412,0.0,0.014938,0.024735,0.0,0.0,0.0,0.070848,0.0,0.0,0.077808,0.0,0.0,0.0,0.0,0.0,0.0,0.064254,0.007412
2025-08-28,0.070598,0.071559,0.0,0.0,0.070601,0.030005,0.076541,0.0,0.012038,0.028801,0.0,0.071387,0.037921,0.034414,0.0,0.0,0.069282,0.0,0.072419,0.0,0.0,0.0,0.069342,0.0,0.024498,0.0,0.015101,0.0249,0.0,0.0,0.0,0.071064,0.0,0.0,0.078205,0.0,0.0,0.0,0.0,0.0,0.0,0.063944,0.00738
2025-08-29,0.07797,0.077757,0.065532,0.0,0.077905,0.025834,0.0,0.0,0.02572,0.025778,0.0,0.077649,0.033722,0.0,0.0,0.0,0.077312,0.0,0.0,0.0,0.0,0.0,0.0,0.077849,0.044327,0.03264,0.0,0.0,0.0,0.0,0.0,0.037594,0.038869,0.0,0.0,0.0,0.0,0.0,0.077962,0.0,0.077615,0.042144,0.005821
2025-09-01,0.078162,0.077726,0.065506,0.0,0.078041,0.025824,0.0,0.0,0.02571,0.025768,0.0,0.077618,0.033709,0.0,0.0,0.0,0.077281,0.0,0.0,0.0,0.0,0.0,0.0,0.077818,0.04431,0.032628,0.0,0.0,0.0,0.0,0.0,0.037579,0.038854,0.0,0.0,0.0,0.0,0.0,0.077932,0.0,0.077585,0.042127,0.00582
2025-09-02,0.077206,0.076855,0.065575,0.0,0.077835,0.026034,0.0,0.0,0.025442,0.025724,0.0,0.077696,0.03355,0.0,0.0,0.0,0.076752,0.0,0.0,0.0,0.0,0.0,0.0,0.07777,0.043982,0.032384,0.0,0.0,0.0,0.0,0.0,0.038572,0.039992,0.0,0.0,0.0,0.0,0.0,0.078059,0.0,0.077498,0.043239,0.005836
2025-09-03,0.077554,0.076848,0.065114,0.0,0.078039,0.025794,0.0,0.0,0.025632,0.025968,0.0,0.078663,0.033353,0.0,0.0,0.0,0.076043,0.0,0.0,0.0,0.0,0.0,0.0,0.077249,0.044057,0.032095,0.0,0.0,0.0,0.0,0.0,0.03871,0.040028,0.0,0.0,0.0,0.0,0.0,0.077942,0.0,0.077502,0.043597,0.005812
2025-09-04,0.077768,0.077123,0.06563,0.0,0.07746,0.025302,0.0,0.0,0.025821,0.025965,0.0,0.079188,0.033623,0.0,0.0,0.0,0.076722,0.0,0.0,0.0,0.0,0.0,0.0,0.076978,0.044172,0.03235,0.0,0.0,0.0,0.0,0.0,0.03845,0.039496,0.0,0.0,0.0,0.0,0.0,0.077974,0.0,0.077628,0.042552,0.005799
2025-09-05,0.077574,0.077135,0.065696,0.0,0.078088,0.025622,0.0,0.0,0.026094,0.026041,0.0,0.079239,0.032853,0.0,0.0,0.0,0.076081,0.0,0.0,0.0,0.0,0.0,0.0,0.07638,0.044002,0.032579,0.0,0.0,0.0,0.0,0.0,0.038781,0.039609,0.0,0.0,0.0,0.0,0.0,0.077647,0.0,0.077782,0.043024,0.005773
2025-09-08,0.077654,0.077292,0.066834,0.0,0.078334,0.025887,0.0,0.0,0.026294,0.026107,0.0,0.078928,0.032712,0.0,0.0,0.0,0.075867,0.0,0.0,0.0,0.0,0.0,0.0,0.07522,0.044108,0.03265,0.0,0.0,0.0,0.0,0.0,0.039024,0.039727,0.0,0.0,0.0,0.0,0.0,0.077255,0.0,0.07738,0.042984,0.005742
2025-09-09,0.077494,0.077135,0.066073,0.0,0.078969,0.026158,0.0,0.0,0.026563,0.026356,0.0,0.079353,0.032845,0.0,0.0,0.0,0.075335,0.0,0.0,0.0,0.0,0.0,0.0,0.075718,0.044181,0.032669,0.0,0.0,0.0,0.0,0.0,0.038925,0.039367,0.0,0.0,0.0,0.0,0.0,0.077148,0.0,0.077286,0.042684,0.005742
2025-09-10,0.077396,0.076442,0.0659,0.0,0.0793,0.025815,0.0,0.0,0.026797,0.026794,0.0,0.07827,0.032526,0.0,0.0,0.0,0.07541,0.0,0.0,0.0,0.0,0.0,0.0,0.076531,0.044697,0.033034,0.0,0.0,0.0,0.0,0.0,0.038817,0.039359,0.0,0.0,0.0,0.0,0.0,0.076716,0.0,0.077217,0.043275,0.005706
2025-09-11,0.077341,0.076612,0.066122,0.0,0.079355,0.02628,0.0,0.0,0.026647,0.026986,0.0,0.078798,0.032778,0.0,0.0,0.0,0.075482,0.0,0.0,0.0,0.0,0.0,0.0,0.076286,0.044467,0.032979,0.0,0.0,0.0,0.0,0.0,0.038431,0.039422,0.0,0.0,0.0,0.0,0.0,0.076254,0.0,0.076845,0.043259,0.005658
2025-09-12,0.077172,0.076277,0.065602,0.0,0.079302,0.026148,0.0,0.0,0.026659,0.027237,0.0,0.079377,0.032607,0.0,0.0,0.0,0.074806,0.0,0.0,0.0,0.0,0.0,0.0,0.076597,0.044394,0.033005,0.0,0.0,0.0,0.0,0.0,0.038469,0.039957,0.0,0.0,0.0,0.0,0.0,0.076104,0.0,0.076544,0.044092,0.005653
2025-09-15,0.077151,0.076431,0.065726,0.0,0.079414,0.026202,0.0,0.0,0.026596,0.027273,0.0,0.08006,0.032359,0.0,0.0,0.0,0.074748,0.0,0.0,0.0,0.0,0.0,0.0,0.076363,0.044553,0.033105,0.0,0.0,0.0,0.0,0.0,0.03866,0.040177,0.0,0.0,0.0,0.0,0.0,0.07591,0.0,0.076405,0.043245,0.005623
2025-09-16,0.07705,0.076257,0.065782,0.0,0.079835,0.0264,0.0,0.0,0.026745,0.027813,0.0,0.079805,0.032314,0.0,0.0,0.0,0.07459,0.0,0.0,0.0,0.0,0.0,0.0,0.075037,0.044436,0.033303,0.0,0.0,0.0,0.0,0.0,0.03877,0.040045,0.0,0.0,0.0,0.0,0.0,0.075918,0.0,0.076422,0.043849,0.005628
2025-09-17,0.077138,0.076046,0.065711,0.0,0.080699,0.026813,0.0,0.0,0.026729,0.027548,0.0,0.080105,0.032665,0.0,0.0,0.0,0.074335,0.0,0.0,0.0,0.0,0.0,0.0,0.07531,0.044333,0.033334,0.0,0.0,0.0,0.0,0.0,0.038515,0.039249,0.0,0.0,0.0,0.0,0.0,0.075929,0.0,0.076468,0.04344,0.005634
2025-09-18,0.077248,0.076024,0.065686,0.0,0.080047,0.026271,0.0,0.0,0.02685,0.027745,0.0,0.07982,0.032555,0.0,0.0,0.0,0.074804,0.0,0.0,0.0,0.0,0.0,0.0,0.075039,0.044905,0.034351,0.0,0.0,0.0,0.0,0.0,0.038196,0.039287,0.0,0.0,0.0,0.0,0.0,0.075771,0.0,0.07582,0.04397,0.00561
2025-09-19,0.077023,0.075678,0.065129,0.0,0.079783,0.026148,0.0,0.0,0.026688,0.027508,0.0,0.080158,0.03263,0.0,0.0,0.0,0.074993,0.0,0.0,0.0,0.0,0.0,0.0,0.075527,0.045365,0.034136,0.0,0.0,0.0,0.0,0.0,0.038605,0.040378,0.0,0.0,0.0,0.0,0.0,0.075807,0.0,0.075749,0.043084,0.005612
2025-09-22,0.07707,0.075637,0.065192,0.0,0.079632,0.026021,0.0,0.0,0.026831,0.027895,0.0,0.079503,0.032434,0.0,0.0,0.0,0.074891,0.0,0.0,0.0,0.0,0.0,0.0,0.075901,0.045816,0.034483,0.0,0.0,0.0,0.0,0.0,0.039089,0.041217,0.0,0.0,0.0,0.0,0.0,0.075506,0.0,0.07556,0.041736,0.005585
2025-09-23,0.077206,0.075573,0.06505,0.0,0.080253,0.025705,0.0,0.0,0.026938,0.027852,0.0,0.079372,0.032283,0.0,0.0,0.0,0.074894,0.0,0.0,0.0,0.0,0.0,0.0,0.076277,0.045411,0.034434,0.0,0.0,0.0,0.0,0.0,0.03924,0.041126,0.0,0.0,0.0,0.0,0.0,0.075434,0.0,0.075837,0.041532,0.005585
2025-09-24,0.076999,0.075299,0.065049,0.0,0.080025,0.026153,0.0,0.0,0.026715,0.02745,0.0,0.078947,0.032287,0.0,0.0,0.0,0.074727,0.0,0.0,0.0,0.0,0.0,0.0,0.077047,0.045264,0.034483,0.0,0.0,0.0,0.0,0.0,0.038999,0.041103,0.0,0.0,0.0,0.0,0.0,0.075554,0.0,0.076013,0.042284,0.0056
2025-09-25,0.076815,0.074923,0.06503,0.0,0.079908,0.026346,0.0,0.0,0.026622,0.027524,0.0,0.079037,0.03235,0.0,0.0,0.0,0.07456,0.0,0.0,0.0,0.0,0.0,0.0,0.076653,0.04539,0.03453,0.0,0.0,0.0,0.0,0.0,0.03934,0.042545,0.0,0.0,0.0,0.0,0.0,0.075684,0.0,0.076167,0.040951,0.005627
2025-09-26,0.076728,0.0754,0.064748,0.0,0.079133,0.02606,0.0,0.0,0.026378,0.027061,0.0,0.079481,0.032453,0.0,0.0,0.0,0.074923,0.0,0.0,0.0,0.0,0.0,0.0,0.077582,0.045341,0.034464,0.0,0.0,0.0,0.0,0.0,0.039405,0.043228,0.0,0.0,0.0,0.0,0.0,0.075523,0.0,0.075832,0.040654,0.005606
2025-09-29,0.076575,0.075068,0.064316,0.0,0.079521,0.02635,0.0,0.0,0.026321,0.027324,0.0,0.079135,0.032369,0.0,0.0,0.0,0.074587,0.0,0.0,0.0,0.0,0.0,0.0,0.077218,0.04524,0.034217,0.0,0.0,0.0,0.0,0.0,0.039753,0.043558,0.0,0.0,0.0,0.0,0.0,0.075083,0.0,0.075387,0.042414,0.005564
2025-09-30,0.067146,0.067042,0.067013,0.0,0.067113,0.0,0.067171,0.0,0.0,0.067133,0.017532,0.066807,0.020138,0.046844,0.0,0.0,0.066798,0.0,0.0,0.066983,0.0,0.0,0.0,0.067138,0.033034,0.033121,0.0,0.0,0.0,0.0,0.037757,0.036554,0.029462,0.0,0.067249,0.0,0.0,0.0,0.0,0.0,0.0,0.0,0.007964
2025-10-01,0.067262,0.067493,0.066695,0.0,0.067355,0.0,0.065946,0.0,0.0,0.068307,0.017558,0.065557,0.019863,0.046347,0.0,0.0,0.066296,0.0,0.0,0.067212,0.0,0.0,0.0,0.067463,0.033199,0.033599,0.0,0.0,0.0,0.0,0.038054,0.036437,0.029695,0.0,0.067735,0.0,0.0,0.0,0.0,0.0,0.0,0.0,0.007927
2025-10-02,0.067201,0.06751,0.066505,0.0,0.067507,0.0,0.065076,0.0,0.0,0.069529,0.017395,0.065274,0.019807,0.046101,0.0,0.0,0.066329,0.0,0.0,0.067152,0.0,0.0,0.0,0.067199,0.033308,0.034177,0.0,0.0,0.0,0.0,0.038541,0.036234,0.029371,0.0,0.067873,0.0,0.0,0.0,0.0,0.0,0.0,0.0,0.007912
2025-10-03,0.067275,0.067388,0.067369,0.0,0.067523,0.0,0.0648,0.0,0.0,0.069293,0.017158,0.064771,0.019801,0.04608,0.0,0.0,0.065941,0.0,0.0,0.067271,0.0,0.0,0.0,0.067489,0.032902,0.033723,0.0,0.0,0.0,0.0,0.038559,0.036262,0.029838,0.0,0.068703,0.0,0.0,0.0,0.0,0.0,0.0,0.0,0.007855
2025-10-06,0.067002,0.066878,0.068286,0.0,0.067389,0.0,0.064464,0.0,0.0,0.069744,0.017227,0.064544,0.019704,0.046142,0.0,0.0,0.065949,0.0,0.0,0.065594,0.0,0.0,0.0,0.067834,0.033085,0.034578,0.0,0.0,0.0,0.0,0.038847,0.036779,0.030072,0.0,0.068061,0.0,0.0,0.0,0.0,0.0,0.0,0.0,0.00782
2025-10-07,0.067306,0.066995,0.067841,0.0,0.067767,0.0,0.063715,0.0,0.0,0.069209,0.017084,0.064896,0.019914,0.046316,0.0,0.0,0.066188,0.0,0.0,0.064191,0.0,0.0,0.0,0.068781,0.033171,0.03412,0.0,0.0,0.0,0.0,0.038664,0.037314,0.029891,0.0,0.068742,0.0,0.0,0.0,0.0,0.0,0.0,0.0,0.007892
2025-10-08,0.06696,0.066804,0.067082,0.0,0.067352,0.0,0.063568,0.0,0.0,0.069303,0.016987,0.064069,0.019646,0.04566,0.0,0.0,0.066186,0.0,0.0,0.063666,0.0,0.0,0.0,0.068656,0.033461,0.034981,0.0,0.0,0.0,0.0,0.038937,0.037602,0.030432,0.0,0.070821,0.0,0.0,0.0,0.0,0.0,0.0,0.0,0.007827
2025-10-09,0.067187,0.066595,0.067425,0.0,0.067398,0.0,0.063621,0.0,0.0,0.069197,0.01703,0.064186,0.019725,0.045827,0.0,0.0,0.065701,0.0,0.0,0.06248,0.0,0.0,0.0,0.069001,0.033658,0.035083,0.0,0.0,0.0,0.0,0.038857,0.037188,0.030766,0.0,0.07119,0.0,0.0,0.0,0.0,0.0,0.0,0.0,0.007886
2025-10-10,0.068089,0.067623,0.066552,0.0,0.067501,0.0,0.063415,0.0,0.0,0.068773,0.017012,0.064718,0.019821,0.045264,0.0,0.0,0.065998,0.0,0.0,0.063388,0.0,0.0,0.0,0.07059,0.033167,0.033778,0.0,0.0,0.0,0.0,0.036404,0.038586,0.032113,0.0,0.069106,0.0,0.0,0.0,0.0,0.0,0.0,0.0,0.008101
2025-10-13,0.066846,0.066669,0.065933,0.0,0.067359,0.0,0.06293,0.0,0.0,0.069754,0.017029,0.063949,0.019593,0.045188,0.0,0.0,0.065291,0.0,0.0,0.062311,0.0,0.0,0.0,0.069643,0.033265,0.034638,0.0,0.0,0.0,0.0,0.038486,0.038697,0.032708,0.0,0.071779,0.0,0.0,0.0,0.0,0.0,0.0,0.0,0.007932
2025-10-14,0.066621,0.066905,0.066534,0.0,0.066614,0.0,0.062736,0.0,0.0,0.068954,0.017058,0.064348,0.019802,0.046537,0.0,0.0,0.066035,0.0,0.0,0.064247,0.0,0.0,0.0,0.070239,0.032826,0.033916,0.0,0.0,0.0,0.0,0.037845,0.03896,0.032378,0.0,0.069517,0.0,0.0,0.0,0.0,0.0,0.0,0.0,0.007929
2025-10-15,0.066624,0.066355,0.066867,0.0,0.06712,0.0,0.06255,0.0,0.0,0.07028,0.016905,0.064125,0.019595,0.045213,0.0,0.0,0.065072,0.0,0.0,0.063557,0.0,0.0,0.0,0.070414,0.032805,0.034597,0.0,0.0,0.0,0.0,0.037495,0.039221,0.033087,0.0,0.070273,0.0,0.0,0.0,0.0,0.0,0.0,0.0,0.007847
2025-10-16,0.066769,0.066895,0.067158,0.0,0.067846,0.0,0.062451,0.0,0.0,0.0726,0.016761,0.063515,0.019072,0.042809,0.0,0.0,0.06472,0.0,0.0,0.063273,0.0,0.0,0.0,0.069729,0.032867,0.034798,0.0,0.0,0.0,0.0,0.037591,0.040185,0.033701,0.0,0.069402,0.0,0.0,0.0,0.0,0.0,0.0,0.0,0.007856
2025-10-17,0.066206,0.06706,0.067678,0.0,0.067333,0.0,0.063596,0.0,0.0,0.073291,0.016942,0.064085,0.019269,0.043504,0.0,0.0,0.064919,0.0,0.0,0.063858,0.0,0.0,0.0,0.069641,0.032998,0.034778,0.0,0.0,0.0,0.0,0.037293,0.039516,0.032278,0.0,0.067878,0.0,0.0,0.0,0.0,0.0,0.0,0.0,0.007875
2025-10-20,0.066361,0.066388,0.067964,0.0,0.067678,0.0,0.063763,0.0,0.0,0.073802,0.016833,0.063884,0.019216,0.043873,0.0,0.0,0.064747,0.0,0.0,0.063176,0.0,0.0,0.0,0.068623,0.03289,0.034852,0.0,0.0,0.0,0.0,0.037284,0.040369,0.032311,0.0,0.068222,0.0,0.0,0.0,0.0,0.0,0.0,0.0,0.007763
2025-10-21,0.067101,0.066757,0.067951,0.0,0.067878,0.0,0.063902,0.0,0.0,0.073177,0.017235,0.064849,0.019416,0.044395,0.0,0.0,0.066074,0.0,0.0,0.065026,0.0,0.0,0.0,0.06871,0.033287,0.035057,0.0,0.0,0.0,0.0,0.037453,0.038211,0.029993,0.0,0.065676,0.0,0.0,0.0,0.0,0.0,0.0,0.0,0.007853
2025-10-22,0.067097,0.06712,0.067972,0.0,0.068022,0.0,0.064418,0.0,0.0,0.074219,0.017187,0.064613,0.019403,0.044518,0.0,0.0,0.065547,0.0,0.0,0.064192,0.0,0.0,0.0,0.068898,0.033124,0.034363,0.0,0.0,0.0,0.0,0.037077,0.038408,0.030206,0.0,0.065719,0.0,0.0,0.0,0.0,0.0,0.0,0.0,0.007895
2025-10-23,0.066796,0.066997,0.067488,0.0,0.067992,0.0,0.064864,0.0,0.0,0.074165,0.017133,0.063905,0.019296,0.044078,0.0,0.0,0.065861,0.0,0.0,0.064084,0.0,0.0,0.0,0.068321,0.033287,0.034934,0.0,0.0,0.0,0.0,0.038002,0.038269,0.030181,0.0,0.066512,0.0,0.0,0.0,0.0,0.0,0.0,0.0,0.007835
2025-10-24,0.066825,0.066603,0.067219,0.0,0.067441,0.0,0.064409,0.0,0.0,0.075238,0.016957,0.063601,0.019362,0.044439,0.0,0.0,0.065431,0.0,0.0,0.063327,0.0,0.0,0.0,0.068614,0.033555,0.035249,0.0,0.0,0.0,0.0,0.03953,0.03786,0.029831,0.0,0.066735,0.0,0.0,0.0,0.0,0.0,0.0,0.0,0.007777
2025-10-27,0.067064,0.066532,0.067653,0.0,0.068339,0.0,0.064634,0.0,0.0,0.076626,0.017098,0.064103,0.019326,0.04412,0.0,0.0,0.065411,0.0,0.0,0.063064,0.0,0.0,0.0,0.068392,0.033971,0.036012,0.0,0.0,0.0,0.0,0.038232,0.036587,0.028581,0.0,0.066523,0.0,0.0,0.0,0.0,0.0,0.0,0.0,0.007732
2025-10-28,0.067324,0.066362,0.067978,0.0,0.068131,0.0,0.06495,0.0,0.0,0.07674,0.017102,0.063786,0.019203,0.043914,0.0,0.0,0.064946,0.0,0.0,0.062817,0.0,0.0,0.0,0.067266,0.034308,0.036056,0.0,0.0,0.0,0.0,0.03887,0.036325,0.028784,0.0,0.067406,0.0,0.0,0.0,0.0,0.0,0.0,0.0,0.007733
2025-10-29,0.067258,0.065823,0.067226,0.0,0.068801,0.0,0.065317,0.0,0.0,0.078516,0.016915,0.063453,0.018825,0.043047,0.0,0.0,0.064936,0.0,0.0,0.060785,0.0,0.0,0.0,0.067059,0.03446,0.036566,0.0,0.0,0.0,0.0,0.039842,0.036088,0.029061,0.0,0.068309,0.0,0.0,0.0,0.0,0.0,0.0,0.0,0.007712
2025-10-30,0.067112,0.065836,0.067541,0.0,0.068227,0.0,0.065364,0.0,0.0,0.077566,0.016614,0.062685,0.018969,0.043336,0.0,0.0,0.065091,0.0,0.0,0.060823,0.0,0.0,0.0,0.067105,0.034204,0.036249,0.0,0.0,0.0,0.0,0.040748,0.036978,0.029954,0.0,0.067848,0.0,0.0,0.0,0.0,0.0,0.0,0.0,0.007749
2025-10-31,0.0,0.111449,0.0,0.0,0.023748,0.0442,0.0,0.0,0.016363,0.050527,0.026706,0.111749,0.0,0.0,0.0,0.0,0.023449,0.0,0.0,0.110868,0.0,0.07105,0.0,0.0,0.04349,0.043642,0.014282,0.0,0.0,0.024948,0.111718,0.0,0.026579,0.0,0.111628,0.0,0.0,0.0,0.0,0.0,0.0,0.016023,0.017583
2025-11-03,0.0,0.112081,0.0,0.0,0.024087,0.044508,0.0,0.0,0.016544,0.052879,0.027153,0.111368,0.0,0.0,0.0,0.0,0.02352,0.0,0.0,0.109764,0.0,0.069759,0.0,0.0,0.043987,0.044223,0.014409,0.0,0.0,0.025094,0.111017,0.0,0.026621,0.0,0.109621,0.0,0.0,0.0,0.0,0.0,0.0,0.015651,0.017714
2025-11-04,0.0,0.113199,0.0,0.0,0.024342,0.044854,0.0,0.0,0.01652,0.051297,0.027261,0.112918,0.0,0.0,0.0,0.0,0.023734,0.0,0.0,0.112221,0.0,0.070039,0.0,0.0,0.043722,0.043374,0.014241,0.0,0.0,0.025662,0.109229,0.0,0.026545,0.0,0.107677,0.0,0.0,0.0,0.0,0.0,0.0,0.01508,0.018086
2025-11-05,0.0,0.11289,0.0,0.0,0.024057,0.044808,0.0,0.0,0.016488,0.05119,0.027291,0.112284,0.0,0.0,0.0,0.0,0.023564,0.0,0.0,0.110373,0.0,0.070021,0.0,0.0,0.043412,0.044232,0.014053,0.0,0.0,0.025403,0.110822,0.0,0.026813,0.0,0.109016,0.0,0.0,0.0,0.0,0.0,0.0,0.015397,0.017886
2025-11-06,0.0,0.113155,0.0,0.0,0.024064,0.045561,0.0,0.0,0.016332,0.049896,0.02685,0.112068,0.0,0.0,0.0,0.0,0.023638,0.0,0.0,0.110595,0.0,0.070572,0.0,0.0,0.042843,0.043385,0.013844,0.0,0.0,0.025461,0.110565,0.0,0.026942,0.0,0.111163,0.0,0.0,0.0,0.0,0.0,0.0,0.01505,0.018016
2025-11-07,0.0,0.113376,0.0,0.0,0.02371,0.045172,0.0,0.0,0.016201,0.04884,0.026813,0.111451,0.0,0.0,0.0,0.0,0.023683,0.0,0.0,0.111274,0.0,0.070153,0.0,0.0,0.042569,0.042804,0.013825,0.0,0.0,0.025781,0.111486,0.0,0.027091,0.0,0.11237,0.0,0.0,0.0,0.0,0.0,0.0,0.015433,0.017967
2025-11-10,0.0,0.112782,0.0,0.0,0.023804,0.045169,0.0,0.0,0.016208,0.050038,0.026706,0.11071,0.0,0.0,0.0,0.0,0.023414,0.0,0.0,0.109569,0.0,0.069682,0.0,0.0,0.04292,0.04317,0.013877,0.0,0.0,0.025331,0.112211,0.0,0.027767,0.0,0.113482,0.0,0.0,0.0,0.0,0.0,0.0,0.015499,0.017662
2025-11-11,0.0,0.113735,0.0,0.0,0.02388,0.044953,0.0,0.0,0.016085,0.049732,0.026715,0.111368,0.0,0.0,0.0,0.0,0.02337,0.0,0.0,0.110318,0.0,0.072007,0.0,0.0,0.042462,0.042099,0.013754,0.0,0.0,0.025559,0.110963,0.0,0.028106,0.0,0.112277,0.0,0.0,0.0,0.0,0.0,0.0,0.01499,0.017625
2025-11-12,0.0,0.113865,0.0,0.0,0.0238,0.044777,0.0,0.0,0.016014,0.049826,0.02641,0.110205,0.0,0.0,0.0,0.0,0.023283,0.0,0.0,0.109469,0.0,0.071732,0.0,0.0,0.042394,0.042543,0.013544,0.0,0.0,0.02525,0.111389,0.0,0.029101,0.0,0.114129,0.0,0.0,0.0,0.0,0.0,0.0,0.014725,0.017543
2025-11-13,0.0,0.114503,0.0,0.0,0.024009,0.045269,0.0,0.0,0.015868,0.049493,0.026082,0.11004,0.0,0.0,0.0,0.0,0.023217,0.0,0.0,0.109049,0.0,0.071254,0.0,0.0,0.041868,0.041611,0.013342,0.0,0.0,0.025261,0.115321,0.0,0.028926,0.0,0.112713,0.0,0.0,0.0,0.0,0.0,0.0,0.014399,0.017772
2025-11-14,0.0,0.114035,0.0,0.0,0.024071,0.044752,0.0,0.0,0.016218,0.0497,0.026049,0.109837,0.0,0.0,0.0,0.0,0.023301,0.0,0.0,0.108673,0.0,0.072848,0.0,0.0,0.042245,0.041634,0.013465,0.0,0.0,0.025404,0.115874,0.0,0.028134,0.0,0.11203,0.0,0.0,0.0,0.0,0.0,0.0,0.013894,0.017837
2025-11-17,0.0,0.113947,0.0,0.0,0.024104,0.044757,0.0,0.0,0.015899,0.049682,0.026103,0.110959,0.0,0.0,0.0,0.0,0.02334,0.0,0.0,0.106513,0.0,0.074221,0.0,0.0,0.042065,0.041392,0.013373,0.0,0.0,0.025486,0.117142,0.0,0.028157,0.0,0.111122,0.0,0.0,0.0,0.0,0.0,0.0,0.013692,0.018043
2025-11-18,0.0,0.113775,0.0,0.0,0.023986,0.04487,0.0,0.0,0.015907,0.049325,0.025835,0.112515,0.0,0.0,0.0,0.0,0.023429,0.0,0.0,0.107079,0.0,0.075066,0.0,0.0,0.041726,0.040768,0.013346,0.0,0.0,0.025802,0.115873,0.0,0.028784,0.0,0.109766,0.0,0.0,0.0,0.0,0.0,0.0,0.01395,0.018196
2025-11-19,0.0,0.113194,0.0,0.0,0.023872,0.04445,0.0,0.0,0.015845,0.048712,0.025805,0.111757,0.0,0.0,0.0,0.0,0.023479,0.0,0.0,0.106962,0.0,0.074534,0.0,0.0,0.041965,0.041399,0.013264,0.0,0.0,0.025569,0.1169,0.0,0.028968,0.0,0.111706,0.0,0.0,0.0,0.0,0.0,0.0,0.013444,0.018174
2025-11-20,0.0,0.113766,0.0,0.0,0.024359,0.044541,0.0,0.0,0.015934,0.048524,0.025902,0.112629,0.0,0.0,0.0,0.0,0.023524,0.0,0.0,0.108945,0.0,0.075504,0.0,0.0,0.04142,0.040161,0.013114,0.0,0.0,0.025945,0.115668,0.0,0.029092,0.0,0.109224,0.0,0.0,0.0,0.0,0.0,0.0,0.01323,0.018519
2025-11-21,0.0,0.114126,0.0,0.0,0.023589,0.044038,0.0,0.0,0.015775,0.048319,0.026096,0.113239,0.0,0.0,0.0,0.0,0.023526,0.0,0.0,0.113018,0.0,0.076452,0.0,0.0,0.041084,0.040087,0.012973,0.0,0.0,0.026052,0.112369,0.0,0.028444,0.0,0.109726,0.0,0.0,0.0,0.0,0.0,0.0,0.012792,0.018297
2025-11-24,0.0,0.112492,0.0,0.0,0.023596,0.044261,0.0,0.0,0.015767,0.048326,0.026131,0.11301,0.0,0.0,0.0,0.0,0.023306,0.0,0.0,0.111104,0.0,0.077446,0.0,0.0,0.041565,0.041349,0.012986,0.0,0.0,0.025813,0.111077,0.0,0.028933,0.0,0.111437,0.0,0.0,0.0,0.0,0.0,0.0,0.013319,0.018082
2025-11-25,0.0,0.112845,0.0,0.0,0.023286,0.043822,0.0,0.0,0.015623,0.047393,0.026324,0.11273,0.0,0.0,0.0,0.0,0.023279,0.0,0.0,0.114768,0.0,0.077525,0.0,0.0,0.041104,0.040908,0.012928,0.0,0.0,0.025693,0.111476,0.0,0.02856,0.0,0.111041,0.0,0.0,0.0,0.0,0.0,0.0,0.012863,0.017834
2025-11-26,0.0,0.112341,0.0,0.0,0.02333,0.043015,0.0,0.0,0.015618,0.047654,0.026138,0.111329,0.0,0.0,0.0,0.0,0.023091,0.0,0.0,0.114618,0.0,0.077387,0.0,0.0,0.041016,0.041454,0.012722,0.0,0.0,0.02545,0.112517,0.0,0.029209,0.0,0.112452,0.0,0.0,0.0,0.0,0.0,0.0,0.013066,0.017593
2025-11-27,0.0,0.112349,0.0,0.0,0.023263,0.043018,0.0,0.0,0.015619,0.047658,0.02614,0.111337,0.0,0.0,0.0,0.0,0.023093,0.0,0.0,0.114626,0.0,0.077392,0.0,0.0,0.041019,0.041457,0.012723,0.0,0.0,0.025452,0.112524,0.0,0.029211,0.0,0.11246,0.0,0.0,0.0,0.0,0.0,0.0,0.013067,0.017593
2025-11-28,0.0152,0.0,0.0,0.0,0.079219,0.0,0.0,0.0,0.035394,0.086954,0.010524,0.086827,0.0,0.0,0.0,0.0,0.051728,0.0,0.0,0.047729,0.0,0.122411,0.0,0.067022,0.057061,0.057109,0.0,0.0,0.0,0.0,0.122651,0.0,0.026256,0.0,0.122643,0.0,0.0,0.0,0.0,0.0,0.0,0.0,0.01127
2025-12-01,0.015263,0.0,0.0,0.0,0.079556,0.0,0.0,0.0,0.03539,0.087219,0.010592,0.086924,0.0,0.0,0.0,0.0,0.051267,0.0,0.0,0.047882,0.0,0.119815,0.0,0.065835,0.057419,0.057477,0.0,0.0,0.0,0.0,0.122509,0.0,0.027085,0.0,0.124432,0.0,0.0,0.0,0.0,0.0,0.0,0.0,0.011335
2025-12-02,0.015217,0.0,0.0,0.0,0.079237,0.0,0.0,0.0,0.035614,0.088485,0.010569,0.087084,0.0,0.0,0.0,0.0,0.051638,0.0,0.0,0.047729,0.0,0.118251,0.0,0.06527,0.057926,0.058536,0.0,0.0,0.0,0.0,0.121922,0.0,0.027359,0.0,0.123846,0.0,0.0,0.0,0.0,0.0,0.0,0.0,0.011318
2025-12-03,0.015096,0.0,0.0,0.0,0.078329,0.0,0.0,0.0,0.03527,0.088216,0.010544,0.085876,0.0,0.0,0.0,0.0,0.05145,0.0,0.0,0.048078,0.0,0.120033,0.0,0.064216,0.057309,0.059019,0.0,0.0,0.0,0.0,0.120853,0.0,0.026972,0.0,0.127567,0.0,0.0,0.0,0.0,0.0,0.0,0.0,0.011173
2025-12-04,0.015174,0.0,0.0,0.0,0.07877,0.0,0.0,0.0,0.0352,0.087428,0.010541,0.086651,0.0,0.0,0.0,0.0,0.051886,0.0,0.0,0.047207,0.0,0.121829,0.0,0.064293,0.05771,0.058622,0.0,0.0,0.0,0.0,0.119614,0.0,0.026393,0.0,0.127472,0.0,0.0,0.0,0.0,0.0,0.0,0.0,0.011211
2025-12-05,0.015079,0.0,0.0,0.0,0.078731,0.0,0.0,0.0,0.035378,0.089036,0.010516,0.086965,0.0,0.0,0.0,0.0,0.051336,0.0,0.0,0.04655,0.0,0.121028,0.0,0.06319,0.057675,0.058754,0.0,0.0,0.0,0.0,0.119856,0.0,0.026787,0.0,0.127994,0.0,0.0,0.0,0.0,0.0,0.0,0.0,0.011124
2025-12-08,0.015045,0.0,0.0,0.0,0.078487,0.0,0.0,0.0,0.035504,0.08978,0.010365,0.086336,0.0,0.0,0.0,0.0,0.051282,0.0,0.0,0.045598,0.0,0.121297,0.0,0.062356,0.058092,0.059404,0.0,0.0,0.0,0.0,0.121711,0.0,0.026671,0.0,0.126947,0.0,0.0,0.0,0.0,0.0,0.0,0.0,0.011125
2025-12-09,0.015104,0.0,0.0,0.0,0.078595,0.0,0.0,0.0,0.035648,0.090412,0.010383,0.086585,0.0,0.0,0.0,0.0,0.050997,0.0,0.0,0.044961,0.0,0.119085,0.0,0.06251,0.058348,0.059398,0.0,0.0,0.0,0.0,0.122709,0.0,0.027965,0.0,0.126153,0.0,0.0,0.0,0.0,0.0,0.0,0.0,0.011147
2025-12-10,0.014902,0.0,0.0,0.0,0.077852,0.0,0.0,0.0,0.035801,0.090434,0.010409,0.08605,0.0,0.0,0.0,0.0,0.051308,0.0,0.0,0.045842,0.0,0.118496,0.0,0.061734,0.057927,0.059468,0.0,0.0,0.0,0.0,0.12313,0.0,0.028082,0.0,0.127551,0.0,0.0,0.0,0.0,0.0,0.0,0.0,0.011014
2025-12-11,0.014956,0.0,0.0,0.0,0.077781,0.0,0.0,0.0,0.035283,0.088646,0.010437,0.085747,0.0,0.0,0.0,0.0,0.05179,0.0,0.0,0.046074,0.0,0.119283,0.0,0.062101,0.057557,0.059051,0.0,0.0,0.0,0.0,0.122801,0.0,0.02882,0.0,0.12867,0.0,0.0,0.0,0.0,0.0,0.0,0.0,0.011002
2025-12-12,0.015062,0.0,0.0,0.0,0.078156,0.0,0.0,0.0,0.034806,0.08776,0.010633,0.086794,0.0,0.0,0.0,0.0,0.052209,0.0,0.0,0.046608,0.0,0.121117,0.0,0.062692,0.056701,0.057041,0.0,0.0,0.0,0.0,0.122168,0.0,0.028466,0.0,0.128625,0.0,0.0,0.0,0.0,0.0,0.0,0.0,0.011162
2025-12-15,0.015087,0.0,0.0,0.0,0.078333,0.0,0.0,0.0,0.034754,0.087672,0.010706,0.086666,0.0,0.0,0.0,0.0,0.052207,0.0,0.0,0.046423,0.0,0.120633,0.0,0.063159,0.05606,0.056668,0.0,0.0,0.0,0.0,0.12147,0.0,0.029438,0.0,0.129582,0.0,0.0,0.0,0.0,0.0,0.0,0.0,0.011142
2025-12-16,0.015103,0.0,0.0,0.0,0.0777,0.0,0.0,0.0,0.034886,0.087114,0.010795,0.087303,0.0,0.0,0.0,0.0,0.052243,0.0,0.0,0.046237,0.0,0.120615,0.0,0.063314,0.056536,0.056781,0.0,0.0,0.0,0.0,0.121087,0.0,0.02944,0.0,0.129628,0.0,0.0,0.0,0.0,0.0,0.0,0.0,0.011218
2025-12-17,0.015101,0.0,0.0,0.0,0.077942,0.0,0.0,0.0,0.034452,0.086674,0.010729,0.087151,0.0,0.0,0.0,0.0,0.051679,0.0,0.0,0.045954,0.0,0.120215,0.0,0.063248,0.055583,0.054979,0.0,0.0,0.0,0.0,0.122971,0.0,0.030899,0.0,0.131143,0.0,0.0,0.0,0.0,0.0,0.0,0.0,0.01128
2025-12-18,0.015136,0.0,0.0,0.0,0.078485,0.0,0.0,0.0,0.034702,0.087546,0.010819,0.087066,0.0,0.0,0.0,0.0,0.05167,0.0,0.0,0.045658,0.0,0.118499,0.0,0.063446,0.056065,0.055918,0.0,0.0,0.0,0.0,0.122538,0.0,0.030215,0.0,0.13103,0.0,0.0,0.0,0.0,0.0,0.0,0.0,0.011207
2025-12-19,0.015028,0.0,0.0,0.0,0.078214,0.0,0.0,0.0,0.034768,0.087838,0.010661,0.086178,0.0,0.0,0.0,0.0,0.051561,0.0,0.0,0.044399,0.0,0.120581,0.0,0.061972,0.056669,0.056796,0.0,0.0,0.0,0.0,0.121749,0.0,0.030705,0.0,0.131793,0.0,0.0,0.0,0.0,0.0,0.0,0.0,0.011088
2025-12-22,0.014899,0.0,0.0,0.0,0.077407,0.0,0.0,0.0,0.034478,0.087017,0.010578,0.085369,0.0,0.0,0.0,0.0,0.051415,0.0,0.0,0.04361,0.0,0.121712,0.0,0.061346,0.05619,0.056767,0.0,0.0,0.0,0.0,0.123089,0.0,0.031048,0.0,0.134139,0.0,0.0,0.0,0.0,0.0,0.0,0.0,0.010936
2025-12-23,0.014845,0.0,0.0,0.0,0.077082,0.0,0.0,0.0,0.034528,0.087312,0.01049,0.085311,0.0,0.0,0.0,0.0,0.051041,0.0,0.0,0.043008,0.0,0.119894,0.0,0.061138,0.056107,0.056584,0.0,0.0,0.0,0.0,0.124027,0.0,0.032004,0.0,0.135767,0.0,0.0,0.0,0.0,0.0,0.0,0.0,0.010862
2025-12-24,0.014789,0.0,0.0,0.0,0.077021,0.0,0.0,0.0,0.034338,0.088569,0.010463,0.085307,0.0,0.0,0.0,0.0,0.050901,0.0,0.0,0.043173,0.0,0.120522,0.0,0.061043,0.055905,0.056463,0.0,0.0,0.0,0.0,0.1241,0.0,0.031999,0.0,0.134609,0.0,0.0,0.0,0.0,0.0,0.0,0.0,0.010797
2025-12-26,0.014673,0.0,0.0,0.0,0.076418,0.0,0.0,0.0,0.034336,0.089027,0.010335,0.084552,0.0,0.0,0.0,0.0,0.050409,0.0,0.0,0.042831,0.0,0.118328,0.0,0.060522,0.055554,0.056002,0.0,0.0,0.0,0.0,0.124577,0.0,0.03462,0.0,0.137103,0.0,0.0,0.0,0.0,0.0,0.0,0.0,0.010713
2025-12-29,0.014798,0.0,0.0,0.0,0.077418,0.0,0.0,0.0,0.034876,0.092688,0.010344,0.085404,0.0,0.0,0.0,0.0,0.050841,0.0,0.0,0.043097,0.0,0.118079,0.0,0.061288,0.055899,0.056471,0.0,0.0,0.0,0.0,0.12191,0.0,0.032478,0.0,0.133581,0.0,0.0,0.0,0.0,0.0,0.0,0.0,0.010829
2025-12-30,0.0,0.0,0.0,0.0,0.0,0.0,0.105865,0.0,0.0,0.104792,0.030287,0.092377,0.0,0.0,0.0,0.0,0.0,0.0,0.0,0.054214,0.052356,0.05259,0.0,0.105838,0.049696,0.054882,0.0,0.0,0.0,0.0,0.105906,0.050288,0.025778,0.0,0.103478,0.0,0.0,0.0,0.0,0.0,0.0,0.0,0.011655
