Date,IWDA.L,VGK,EWJ,IUSN.DE,IEMA.L,MCHI,EWZ,INDA,EWT,EWY,XLY,XLC,XLF,KBE,XLE,XOP,XLI,IYT,XLB,ITB,XLV,XBI,XLP,XLU,XLK,SOXX,IGV,CIBR,BOTZ,VNQ,LIT,GLD,SLV,DBA,COPX,TLT,IEF,TIP,HYG,LQD,EMB,BITO,XEON.DE
2020-01-02,0.0,0.0,0.0,0.0,0.0,0.0,0.0,0.0,0.0,0.0,0.0,0.0,0.0,0.0,0.0,0.0,0.0,0.0,0.0,0.0,0.0,0.0,0.0,0.0,0.0,0.0,0.0,0.0,0.0,0.0,0.0,0.0,0.0,0.0,0.0,0.0,0.0,0.0,0.0,0.0,0.0,0.0,0.0
2020-01-03,0.0,0.0,0.0,0.0,0.0,0.0,0.0,0.0,0.0,0.0,0.0,0.0,0.0,0.0,0.0,0.0,0.0,0.0,0.0,0.0,0.0,0.0,0.0,0.0,0.0,0.0,0.0,0.0,0.0,0.0,0.0,0.0,0.0,0.0,0.0,0.0,0.0,0.0,0.0,0.0,0.0,0.0,0.0
2020-01-06,0.0,0.0,0.0,0.0,0.0,0.0,0.0,0.0,0.0,0.0,0.0,0.0,0.0,0.0,0.0,0.0,0.0,0.0,0.0,0.0,0.0,0.0,0.0,0.0,0.0,0.0,0.0,0.0,0.0,0.0,0.0,0.0,0.0,0.0,0.0,0.0,0.0,0.0,0.0,0.0,0.0,0.0,0.0
2020-01-07,0.0,0.0,0.0,0.0,0.0,0.0,0.0,0.0,0.0,0.0,0.0,0.0,0.0,0.0,0.0,0.0,0.0,0.0,0.0,0.0,0.0,0.0,0.0,0.0,0.0,0.0,0.0,0.0,0.0,0.0,0.0,0.0,0.0,0.0,0.0,0.0,0.0,0.0,0.0,0.0,0.0,0.0,0.0
2020-01-08,0.0,0.0,0.0,0.0,0.0,0.0,0.0,0.0,0.0,0.0,0.0,0.0,0.0,0.0,0.0,0.0,0.0,0.0,0.0,0.0,0.0,0.0,0.0,0.0,0.0,0.0,0.0,0.0,0.0,0.0,0.0,0.0,0.0,0.0,0.0,0.0,0.0,0.0,0.0,0.0,0.0,0.0,0.0
2020-01-09,0.0,0.0,0.0,0.0,0.0,0.0,0.0,0.0,0.0,0.0,0.0,0.0,0.0,0.0,0.0,0.0,0.0,0.0,0.0,0.0,0.0,0.0,0.0,0.0,0.0,0.0,0.0,0.0,0.0,0.0,0.0,0.0,0.0,0.0,0.0,0.0,0.0,0.0,0.0,0.0,0.0,0.0,0.0
2020-01-10,0.0,0.0,0.0,0.0,0.0,0.0,0.0,0.0,0.0,0.0,0.0,0.0,0.0,0.0,0.0,0.0,0.0,0.0,0.0,0.0,0.0,0.0,0.0,0.0,0.0,0.0,0.0,0.0,0.0,0.0,0.0,0.0,0.0,0.0,0.0,0.0,0.0,0.0,0.0,0.0,0.0,0.0,0.0
2020-01-13,0.0,0.0,0.0,0.0,0.0,0.0,0.0,0.0,0.0,0.0,0.0,0.0,0.0,0.0,0.0,0.0,0.0,0.0,0.0,0.0,0.0,0.0,0.0,0.0,0.0,0.0,0.0,0.0,0.0,0.0,0.0,0.0,0.0,0.0,0.0,0.0,0.0,0.0,0.0,0.0,0.0,0.0,0.0
2020-01-14,0.0,0.0,0.0,0.0,0.0,0.0,0.0,0.0,0.0,0.0,0.0,0.0,0.0,0.0,0.0,0.0,0.0,0.0,0.0,0.0,0.0,0.0,0.0,0.0,0.0,0.0,0.0,0.0,0.0,0.0,0.0,0.0,0.0,0.0,0.0,0.0,0.0,0.0,0.0,0.0,0.0,0.0,0.0
2020-01-15,0.0,0.0,0.0,0.0,0.0,0.0,0.0,0.0,0.0,0.0,0.0,0.0,0.0,0.0,0.0,0.0,0.0,0.0,0.0,0.0,0.0,0.0,0.0,0.0,0.0,0.0,0.0,0.0,0.0,0.0,0.0,0.0,0.0,0.0,0.0,0.0,0.0,0.0,0.0,0.0,0.0,0.0,0.0
2020-01-16,0.0,0.0,0.0,0.0,0.0,0.0,0.0,0.0,0.0,0.0,0.0,0.0,0.0,0.0,0.0,0.0,0.0,0.0,0.0,0.0,0.0,0.0,0.0,0.0,0.0,0.0,0.0,0.0,0.0,0.0,0.0,0.0,0.0,0.0,0.0,0.0,0.0,0.0,0.0,0.0,0.0,0.0,0.0
2020-01-17,0.0,0.0,0.0,0.0,0.0,0.0,0.0,0.0,0.0,0.0,0.0,0.0,0.0,0.0,0.0,0.0,0.0,0.0,0.0,0.0,0.0,0.0,0.0,0.0,0.0,0.0,0.0,0.0,0.0,0.0,0.0,0.0,0.0,0.0,0.0,0.0,0.0,0.0,0.0,0.0,0.0,0.0,0.0
2020-01-20,0.0,0.0,0.0,0.0,0.0,0.0,0.0,0.0,0.0,0.0,0.0,0.0,0.0,0.0,0.0,0.0,0.0,0.0,0.0,0.0,0.0,0.0,0.0,0.0,0.0,0.0,0.0,0.0,0.0,0.0,0.0,0.0,0.0,0.0,0.0,0.0,0.0,0.0,0.0,0.0,0.0,0.0,0.0
2020-01-21,0.0,0.0,0.0,0.0,0.0,0.0,0.0,0.0,0.0,0.0,0.0,0.0,0.0,0.0,0.0,0.0,0.0,0.0,0.0,0.0,0.0,0.0,0.0,0.0,0.0,0.0,0.0,0.0,0.0,0.0,0.0,0.0,0.0,0.0,0.0,0.0,0.0,0.0,0.0,0.0,0.0,0.0,0.0
2020-01-22,0.0,0.0,0.0,0.0,0.0,0.0,0.0,0.0,0.0,0.0,0.0,0.0,0.0,0.0,0.0,0.0,0.0,0.0,0.0,0.0,0.0,0.0,0.0,0.0,0.0,0.0,0.0,0.0,0.0,0.0,0.0,0.0,0.0,0.0,0.0,0.0,0.0,0.0,0.0,0.0,0.0,0.0,0.0
2020-01-23,0.0,0.0,0.0,0.0,0.0,0.0,0.0,0.0,0.0,0.0,0.0,0.0,0.0,0.0,0.0,0.0,0.0,0.0,0.0,0.0,0.0,0.0,0.0,0.0,0.0,0.0,0.0,0.0,0.0,0.0,0.0,0.0,0.0,0.0,0.0,0.0,0.0,0.0,0.0,0.0,0.0,0.0,0.0
2020-01-24,0.0,0.0,0.0,0.0,0.0,0.0,0.0,0.0,0.0,0.0,0.0,0.0,0.0,0.0,0.0,0.0,0.0,0.0,0.0,0.0,0.0,0.0,0.0,0.0,0.0,0.0,0.0,0.0,0.0,0.0,0.0,0.0,0.0,0.0,0.0,0.0,0.0,0.0,0.0,0.0,0.0,0.0,0.0
2020-01-27,0.0,0.0,0.0,0.0,0.0,0.0,0.0,0.0,0.0,0.0,0.0,0.0,0.0,0.0,0.0,0.0,0.0,0.0,0.0,0.0,0.0,0.0,0.0,0.0,0.0,0.0,0.0,0.0,0.0,0.0,0.0,0.0,0.0,0.0,0.0,0.0,0.0,0.0,0.0,0.0,0.0,0.0,0.0
2020-01-28,0.0,0.0,0.0,0.0,0.0,0.0,0.0,0.0,0.0,0.0,0.0,0.0,0.0,0.0,0.0,0.0,0.0,0.0,0.0,0.0,0.0,0.0,0.0,0.0,0.0,0.0,0.0,0.0,0.0,0.0,0.0,0.0,0.0,0.0,0.0,0.0,0.0,0.0,0.0,0.0,0.0,0.0,0.0
2020-01-29,0.0,0.0,0.0,0.0,0.0,0.0,0.0,0.0,0.0,0.0,0.0,0.0,0.0,0.0,0.0,0.0,0.0,0.0,0.0,0.0,0.0,0.0,0.0,0.0,0.0,0.0,0.0,0.0,0.0,0.0,0.0,0.0,0.0,0.0,0.0,0.0,0.0,0.0,0.0,0.0,0.0,0.0,0.0
2020-01-30,0.0,0.0,0.0,0.0,0.0,0.0,0.0,0.0,0.0,0.0,0.0,0.0,0.0,0.0,0.0,0.0,0.0,0.0,0.0,0.0,0.0,0.0,0.0,0.0,0.0,0.0,0.0,0.0,0.0,0.0,0.0,0.0,0.0,0.0,0.0,0.0,0.0,0.0,0.0,0.0,0.0,0.0,0.0
2020-01-31,0.118271,0.019081,0.048555,0.0,0.0,0.011193,0.0,0.0,0.119688,0.0,0.0,0.024854,0.123641,0.0,0.0,0.0,0.0,0.0,0.0,0.13118,0.098564,0.031836,0.0,0.0,0.065561,0.065271,0.0,0.0,0.0,0.0,0.0,0.064212,0.065598,0.0,0.0,0.0,0.0,0.0,0.0,0.0,0.0,0.0,0.012494
2020-02-03,0.117893,0.018972,0.048629,0.0,0.0,0.011285,0.0,0.0,0.120657,0.0,0.0,0.024997,0.123756,0.0,0.0,0.0,0.0,0.0,0.0,0.131184,0.098858,0.032354,0.0,0.0,0.066026,0.065603,0.0,0.0,0.0,0.0,0.0,0.063409,0.063961,0.0,0.0,0.0,0.0,0.0,0.0,0.0,0.0,0.0,0.012416
2020-02-04,0.118091,0.019029,0.048699,0.0,0.0,0.01156,0.0,0.0,0.122833,0.0,0.0,0.024918,0.12326,0.0,0.0,0.0,0.0,0.0,0.0,0.129063,0.09924,0.032828,0.0,0.0,0.066842,0.066741,0.0,0.0,0.0,0.0,0.0,0.06174,0.062907,0.0,0.0,0.0,0.0,0.0,0.0,0.0,0.0,0.0,0.012249
2020-02-05,0.11734,0.018982,0.048536,0.0,0.0,0.011417,0.0,0.0,0.122004,0.0,0.0,0.024654,0.124193,0.0,0.0,0.0,0.0,0.0,0.0,0.130535,0.099915,0.033233,0.0,0.0,0.066411,0.067444,0.0,0.0,0.0,0.0,0.0,0.061061,0.062177,0.0,0.0,0.0,0.0,0.0,0.0,0.0,0.0,0.0,0.012098
2020-02-06,0.117626,0.01895,0.048734,0.0,0.0,0.011433,0.0,0.0,0.12192,0.0,0.0,0.024876,0.123606,0.0,0.0,0.0,0.0,0.0,0.0,0.130167,0.099658,0.033153,0.0,0.0,0.066787,0.067251,0.0,0.0,0.0,0.0,0.0,0.061179,0.062603,0.0,0.0,0.0,0.0,0.0,0.0,0.0,0.0,0.0,0.012056
2020-02-07,0.118033,0.018903,0.04861,0.0,0.0,0.011396,0.0,0.0,0.120497,0.0,0.0,0.025037,0.124054,0.0,0.0,0.0,0.0,0.0,0.0,0.131344,0.099592,0.033103,0.0,0.0,0.066652,0.066137,0.0,0.0,0.0,0.0,0.0,0.061782,0.062712,0.0,0.0,0.0,0.0,0.0,0.0,0.0,0.0,0.0,0.012146
2020-02-10,0.117217,0.018837,0.048232,0.0,0.0,0.011445,0.0,0.0,0.121102,0.0,0.0,0.025018,0.123593,0.0,0.0,0.0,0.0,0.0,0.0,0.131783,0.099462,0.033423,0.0,0.0,0.067109,0.066621,0.0,0.0,0.0,0.0,0.0,0.061532,0.062561,0.0,0.0,0.0,0.0,0.0,0.0,0.0,0.0,0.0,0.012065
2020-02-11,0.117609,0.018887,0.048249,0.0,0.0,0.011551,0.0,0.0,0.121506,0.0,0.0,0.024875,0.123451,0.0,0.0,0.0,0.0,0.0,0.0,0.132017,0.09959,0.033225,0.0,0.0,0.06657,0.067649,0.0,0.0,0.0,0.0,0.0,0.061033,0.061781,0.0,0.0,0.0,0.0,0.0,0.0,0.0,0.0,0.0,0.012006
2020-02-12,0.117534,0.018922,0.047808,0.0,0.0,0.011724,0.0,0.0,0.122733,0.0,0.0,0.02509,0.122999,0.0,0.0,0.0,0.0,0.0,0.0,0.131369,0.099285,0.03351,0.0,0.0,0.067001,0.068396,0.0,0.0,0.0,0.0,0.0,0.060721,0.060955,0.0,0.0,0.0,0.0,0.0,0.0,0.0,0.0,0.0,0.011953
2020-02-13,0.117647,0.018823,0.047457,0.0,0.0,0.01158,0.0,0.0,0.122182,0.0,0.0,0.02513,0.123134,0.0,0.0,0.0,0.0,0.0,0.0,0.131767,0.098959,0.033184,0.0,0.0,0.066918,0.068565,0.0,0.0,0.0,0.0,0.0,0.061153,0.061528,0.0,0.0,0.0,0.0,0.0,0.0,0.0,0.0,0.0,0.011973
2020-02-14,0.117465,0.018817,0.04708,0.0,0.0,0.011563,0.0,0.0,0.121791,0.0,0.0,0.025149,0.123233,0.0,0.0,0.0,0.0,0.0,0.0,0.131995,0.098987,0.033226,0.0,0.0,0.067176,0.068303,0.0,0.0,0.0,0.0,0.0,0.061379,0.061872,0.0,0.0,0.0,0.0,0.0,0.0,0.0,0.0,0.0,0.011964
2020-02-17,0.117703,0.018812,0.047067,0.0,0.0,0.01156,0.0,0.0,0.121757,0.0,0.0,0.025142,0.123199,0.0,0.0,0.0,0.0,0.0,0.0,0.131959,0.09896,0.033217,0.0,0.0,0.067157,0.068285,0.0,0.0,0.0,0.0,0.0,0.061363,0.061855,0.0,0.0,0.0,0.0,0.0,0.0,0.0,0.0,0.0,0.011964
2020-02-18,0.117185,0.018805,0.046547,0.0,0.0,0.011605,0.0,0.0,0.120413,0.0,0.0,0.025408,0.122608,0.0,0.0,0.0,0.0,0.0,0.0,0.131889,0.098992,0.033525,0.0,0.0,0.067168,0.06767,0.0,0.0,0.0,0.0,0.0,0.062391,0.063783,0.0,0.0,0.0,0.0,0.0,0.0,0.0,0.0,0.0,0.012009
2020-02-19,0.117082,0.018766,0.04607,0.0,0.0,0.011592,0.0,0.0,0.120979,0.0,0.0,0.025306,0.122467,0.0,0.0,0.0,0.0,0.0,0.0,0.13129,0.098603,0.033491,0.0,0.0,0.067388,0.068785,0.0,0.0,0.0,0.0,0.0,0.06222,0.064057,0.0,0.0,0.0,0.0,0.0,0.0,0.0,0.0,0.0,0.011905
2020-02-20,0.116504,0.018769,0.046055,0.0,0.0,0.011531,0.0,0.0,0.119122,0.0,0.0,0.025201,0.122983,0.0,0.0,0.0,0.0,0.0,0.0,0.133502,0.09857,0.033512,0.0,0.0,0.067097,0.068204,0.0,0.0,0.0,0.0,0.0,0.062859,0.064115,0.0,0.0,0.0,0.0,0.0,0.0,0.0,0.0,0.0,0.011977
2020-02-21,0.117166,0.018811,0.045921,0.0,0.0,0.01155,0.0,0.0,0.119204,0.0,0.0,0.024953,0.122469,0.0,0.0,0.0,0.0,0.0,0.0,0.133548,0.099173,0.033508,0.0,0.0,0.065956,0.066543,0.0,0.0,0.0,0.0,0.0,0.064156,0.064996,0.0,0.0,0.0,0.0,0.0,0.0,0.0,0.0,0.0,0.012045
2020-02-24,0.116531,0.01849,0.045577,0.0,0.0,0.011467,0.0,0.0,0.119068,0.0,0.0,0.024772,0.121707,0.0,0.0,0.0,0.0,0.0,0.0,0.134385,0.098656,0.033236,0.0,0.0,0.064947,0.065076,0.0,0.0,0.0,0.0,0.0,0.066491,0.067225,0.0,0.0,0.0,0.0,0.0,0.0,0.0,0.0,0.0,0.012373
2020-02-25,0.117551,0.018528,0.046654,0.0,0.0,0.011689,0.0,0.0,0.121921,0.0,0.0,0.02472,0.120554,0.0,0.0,0.0,0.0,0.0,0.0,0.132232,0.098083,0.033044,0.0,0.0,0.06446,0.064734,0.0,0.0,0.0,0.0,0.0,0.066955,0.066193,0.0,0.0,0.0,0.0,0.0,0.0,0.0,0.0,0.0,0.012682
2020-02-26,0.117533,0.01859,0.046999,0.0,0.0,0.01186,0.0,0.0,0.123472,0.0,0.0,0.024734,0.119967,0.0,0.0,0.0,0.0,0.0,0.0,0.128985,0.098313,0.033292,0.0,0.0,0.064912,0.06498,0.0,0.0,0.0,0.0,0.0,0.067412,0.066236,0.0,0.0,0.0,0.0,0.0,0.0,0.0,0.0,0.0,0.012714
2020-02-27,0.117399,0.018572,0.046801,0.0,0.0,0.012084,0.0,0.0,0.124565,0.0,0.0,0.024496,0.118412,0.0,0.0,0.0,0.0,0.0,0.0,0.129604,0.097927,0.032842,0.0,0.0,0.063321,0.063908,0.0,0.0,0.0,0.0,0.0,0.069522,0.067436,0.0,0.0,0.0,0.0,0.0,0.0,0.0,0.0,0.0,0.013109
2020-02-28,0.0,0.0,0.0,0.0,0.0,0.018846,0.0,0.0,0.140258,0.014702,0.0,0.0,0.05486,0.0,0.0,0.0,0.0,0.0,0.0,0.174557,0.09395,0.0,0.019453,0.174555,0.047045,0.046969,0.046855,0.0,0.033027,0.0,0.069347,0.038068,0.0,0.0,0.0,0.0,0.0,0.0,0.0,0.0,0.0,0.0,0.02751
2020-03-02,0.0,0.0,0.0,0.0,0.0,0.018355,0.0,0.0,0.139526,0.014452,0.0,0.0,0.055425,0.0,0.0,0.0,0.0,0.0,0.0,0.173879,0.09453,0.0,0.019696,0.177646,0.047831,0.046742,0.046727,0.0,0.032197,0.0,0.069767,0.036791,0.0,0.0,0.0,0.0,0.0,0.0,0.0,0.0,0.0,0.0,0.026435
2020-03-03,0.0,0.0,0.0,0.0,0.0,0.018471,0.0,0.0,0.140641,0.014448,0.0,0.0,0.053978,0.0,0.0,0.0,0.0,0.0,0.0,0.177007,0.093279,0.0,0.01966,0.177551,0.046563,0.045634,0.045512,0.0,0.031899,0.0,0.070213,0.038399,0.0,0.0,0.0,0.0,0.0,0.0,0.0,0.0,0.0,0.0,0.026746
2020-03-04,0.0,0.0,0.0,0.0,0.0,0.018056,0.0,0.0,0.13765,0.014412,0.0,0.0,0.053646,0.0,0.0,0.0,0.0,0.0,0.0,0.178675,0.09491,0.0,0.019842,0.180501,0.046717,0.046144,0.045481,0.0,0.031969,0.0,0.06926,0.037006,0.0,0.0,0.0,0.0,0.0,0.0,0.0,0.0,0.0,0.0,0.025731
2020-03-05,0.0,0.0,0.0,0.0,0.0,0.018399,0.0,0.0,0.139711,0.014396,0.0,0.0,0.052143,0.0,0.0,0.0,0.0,0.0,0.0,0.176318,0.094674,0.0,0.019882,0.181487,0.046203,0.045704,0.045224,0.0,0.031448,0.0,0.069523,0.038607,0.0,0.0,0.0,0.0,0.0,0.0,0.0,0.0,0.0,0.0,0.02628
2020-03-06,0.0,0.0,0.0,0.0,0.0,0.018335,0.0,0.0,0.140037,0.014459,0.0,0.0,0.051302,0.0,0.0,0.0,0.0,0.0,0.0,0.173832,0.095915,0.0,0.02009,0.183346,0.046064,0.045533,0.044515,0.0,0.031349,0.0,0.069126,0.039337,0.0,0.0,0.0,0.0,0.0,0.0,0.0,0.0,0.0,0.0,0.026761
2020-03-09,0.0,0.0,0.0,0.0,0.0,0.01884,0.0,0.0,0.143498,0.014613,0.0,0.0,0.048986,0.0,0.0,0.0,0.0,0.0,0.0,0.168931,0.097255,0.0,0.020552,0.185436,0.045528,0.044541,0.044052,0.0,0.030596,0.0,0.066415,0.042144,0.0,0.0,0.0,0.0,0.0,0.0,0.0,0.0,0.0,0.0,0.028612
2020-03-10,0.0,0.0,0.0,0.0,0.0,0.018963,0.0,0.0,0.142918,0.01477,0.0,0.0,0.050274,0.0,0.0,0.0,0.0,0.0,0.0,0.170446,0.097507,0.0,0.020494,0.181421,0.047076,0.046009,0.044791,0.0,0.031038,0.0,0.066575,0.039989,0.0,0.0,0.0,0.0,0.0,0.0,0.0,0.0,0.0,0.0,0.027729
2020-03-11,0.0,0.0,0.0,0.0,0.0,0.019251,0.0,0.0,0.145895,0.014765,0.0,0.0,0.049979,0.0,0.0,0.0,0.0,0.0,0.0,0.164024,0.098578,0.0,0.020486,0.181113,0.047146,0.045652,0.044841,0.0,0.030967,0.0,0.066255,0.041885,0.0,0.0,0.0,0.0,0.0,0.0,0.0,0.0,0.0,0.0,0.029163
2020-03-12,0.0,0.0,0.0,0.0,0.0,0.019721,0.0,0.0,0.146152,0.014664,0.0,0.0,0.049374,0.0,0.0,0.0,0.0,0.0,0.0,0.158211,0.101043,0.0,0.02056,0.180369,0.047127,0.045025,0.045038,0.0,0.030302,0.0,0.065601,0.044545,0.0,0.0,0.0,0.0,0.0,0.0,0.0,0.0,0.0,0.0,0.032268
2020-03-13,0.0,0.0,0.0,0.0,0.0,0.019649,0.0,0.0,0.145614,0.014792,0.0,0.0,0.052877,0.0,0.0,0.0,0.0,0.0,0.0,0.153445,0.102262,0.0,0.021114,0.180007,0.049834,0.047184,0.046789,0.0,0.031251,0.0,0.063792,0.040872,0.0,0.0,0.0,0.0,0.0,0.0,0.0,0.0,0.0,0.0,0.030519
2020-03-16,0.0,0.0,0.0,0.0,0.0,0.02021,0.0,0.0,0.147931,0.014196,0.0,0.0,0.05201,0.0,0.0,0.0,0.0,0.0,0.0,0.139591,0.105071,0.0,0.022435,0.181881,0.048958,0.045594,0.047056,0.0,0.031203,0.0,0.062837,0.046056,0.0,0.0,0.0,0.0,0.0,0.0,0.0,0.0,0.0,0.0,0.034971
2020-03-17,0.0,0.0,0.0,0.0,0.0,0.020068,0.0,0.0,0.145608,0.014398,0.0,0.0,0.051874,0.0,0.0,0.0,0.0,0.0,0.0,0.129934,0.105639,0.0,0.023014,0.194076,0.049468,0.046927,0.047687,0.0,0.031628,0.0,0.06259,0.044161,0.0,0.0,0.0,0.0,0.0,0.0,0.0,0.0,0.0,0.0,0.032927
2020-03-18,0.0,0.0,0.0,0.0,0.0,0.02022,0.0,0.0,0.142488,0.013851,0.0,0.0,0.050406,0.0,0.0,0.0,0.0,0.0,0.0,0.124759,0.10845,0.0,0.023809,0.197103,0.050547,0.045734,0.048125,0.0,0.032401,0.0,0.061167,0.045956,0.0,0.0,0.0,0.0,0.0,0.0,0.0,0.0,0.0,0.0,0.034983
2020-03-19,0.0,0.0,0.0,0.0,0.0,0.020481,0.0,0.0,0.141462,0.013357,0.0,0.0,0.051797,0.0,0.0,0.0,0.0,0.0,0.0,0.13426,0.106823,0.0,0.023143,0.186669,0.051014,0.047173,0.049655,0.0,0.032812,0.0,0.060813,0.04534,0.0,0.0,0.0,0.0,0.0,0.0,0.0,0.0,0.0,0.0,0.035202
2020-03-20,0.0,0.0,0.0,0.0,0.0,0.020947,0.0,0.0,0.151561,0.014252,0.0,0.0,0.05122,0.0,0.0,0.0,0.0,0.0,0.0,0.134195,0.105335,0.0,0.022196,0.17624,0.049916,0.046997,0.049836,0.0,0.033263,0.0,0.060738,0.047192,0.0,0.0,0.0,0.0,0.0,0.0,0.0,0.0,0.0,0.0,0.036114
2020-03-23,0.0,0.0,0.0,0.0,0.0,0.021563,0.0,0.0,0.154226,0.014041,0.0,0.0,0.04949,0.0,0.0,0.0,0.0,0.0,0.0,0.13074,0.102452,0.0,0.022097,0.171581,0.050742,0.049937,0.051241,0.0,0.033938,0.0,0.060413,0.050554,0.0,0.0,0.0,0.0,0.0,0.0,0.0,0.0,0.0,0.0,0.036985
2020-03-24,0.0,0.0,0.0,0.0,0.0,0.020781,0.0,0.0,0.149775,0.014364,0.0,0.0,0.050609,0.0,0.0,0.0,0.0,0.0,0.0,0.138754,0.100393,0.0,0.021129,0.172884,0.050893,0.050346,0.050172,0.0,0.03482,0.0,0.063148,0.048225,0.0,0.0,0.0,0.0,0.0,0.0,0.0,0.0,0.0,0.0,0.033706
2020-03-25,0.0,0.0,0.0,0.0,0.0,0.020611,0.0,0.0,0.149792,0.014724,0.0,0.0,0.050565,0.0,0.0,0.0,0.0,0.0,0.0,0.147107,0.098949,0.0,0.020495,0.172451,0.049438,0.048332,0.048248,0.0,0.03449,0.0,0.065757,0.046265,0.0,0.0,0.0,0.0,0.0,0.0,0.0,0.0,0.0,0.0,0.032774
2020-03-26,0.0,0.0,0.0,0.0,0.0,0.020271,0.0,0.0,0.145222,0.014545,0.0,0.0,0.051244,0.0,0.0,0.0,0.0,0.0,0.0,0.14637,0.100622,0.0,0.020613,0.17846,0.050062,0.049186,0.04912,0.0,0.034666,0.0,0.063659,0.044683,0.0,0.0,0.0,0.0,0.0,0.0,0.0,0.0,0.0,0.0,0.031278
2020-03-27,0.0,0.0,0.0,0.0,0.0,0.019847,0.0,0.0,0.142467,0.014198,0.0,0.0,0.051204,0.0,0.0,0.0,0.0,0.0,0.0,0.144192,0.101482,0.0,0.021146,0.18492,0.049262,0.048177,0.048607,0.0,0.034677,0.0,0.061841,0.045753,0.0,0.0,0.0,0.0,0.0,0.0,0.0,0.0,0.0,0.0,0.032228
2020-03-30,0.0,0.0,0.0,0.0,0.0,0.019833,0.0,0.0,0.142448,0.014172,0.0,0.0,0.050994,0.0,0.0,0.0,0.0,0.0,0.0,0.139485,0.10382,0.0,0.021472,0.187405,0.050171,0.048721,0.049034,0.0,0.034449,0.0,0.061625,0.04491,0.0,0.0,0.0,0.0,0.0,0.0,0.0,0.0,0.0,0.0,0.031461
2020-03-31,0.020257,0.0,0.0,0.0,0.0,0.05903,0.0,0.0,0.049737,0.0,0.0,0.022964,0.0,0.0,0.0,0.0,0.0,0.0,0.0,0.02556,0.036211,0.070137,0.0,0.0,0.071864,0.052057,0.055718,0.0,0.030555,0.0,0.094233,0.040724,0.0,0.037568,0.0,0.055173,0.112736,0.073322,0.029231,0.027321,0.027173,0.0,0.008429
2020-04-01,0.019929,0.0,0.0,0.0,0.0,0.058658,0.0,0.0,0.050038,0.0,0.0,0.022721,0.0,0.0,0.0,0.0,0.0,0.0,0.0,0.024199,0.035893,0.06837,0.0,0.0,0.070522,0.050706,0.054689,0.0,0.029628,0.0,0.091465,0.04236,0.0,0.0375,0.0,0.057648,0.116639,0.076013,0.029294,0.027743,0.027295,0.0,0.008689
2020-04-02,0.019644,0.0,0.0,0.0,0.0,0.059531,0.0,0.0,0.050663,0.0,0.0,0.022671,0.0,0.0,0.0,0.0,0.0,0.0,0.0,0.023636,0.036343,0.069817,0.0,0.0,0.071107,0.051447,0.054135,0.0,0.029841,0.0,0.091262,0.04242,0.0,0.036866,0.0,0.057158,0.114938,0.076036,0.029086,0.027406,0.027443,0.0,0.008551
2020-04-03,0.019636,0.0,0.0,0.0,0.0,0.059408,0.0,0.0,0.050326,0.0,0.0,0.022431,0.0,0.0,0.0,0.0,0.0,0.0,0.0,0.023324,0.036369,0.069509,0.0,0.0,0.070697,0.050969,0.053768,0.0,0.029219,0.0,0.090423,0.043048,0.0,0.036818,0.0,0.057857,0.116154,0.07746,0.028743,0.027532,0.027664,0.0,0.008645
2020-04-06,0.019641,0.0,0.0,0.0,0.0,0.059094,0.0,0.0,0.050445,0.0,0.0,0.022884,0.0,0.0,0.0,0.0,0.0,0.0,0.0,0.025427,0.036633,0.071449,0.0,0.0,0.073435,0.053757,0.055326,0.0,0.030113,0.0,0.093441,0.042342,0.0,0.035709,0.0,0.055229,0.110666,0.074086,0.028179,0.02687,0.027011,0.0,0.008263
2020-04-07,0.020424,0.0,0.0,0.0,0.0,0.059177,0.0,0.0,0.050804,0.0,0.0,0.02308,0.0,0.0,0.0,0.0,0.0,0.0,0.0,0.025909,0.036377,0.070105,0.0,0.0,0.072867,0.053632,0.054634,0.0,0.029952,0.0,0.094665,0.042167,0.0,0.036409,0.0,0.054718,0.11031,0.074129,0.028214,0.026945,0.027199,0.0,0.008285
2020-04-08,0.020024,0.0,0.0,0.0,0.0,0.05826,0.0,0.0,0.050412,0.0,0.0,0.02319,0.0,0.0,0.0,0.0,0.0,0.0,0.0,0.027604,0.037257,0.071673,0.0,0.0,0.073604,0.054521,0.05568,0.0,0.030097,0.0,0.09593,0.041109,0.0,0.035943,0.0,0.053433,0.108374,0.072418,0.028475,0.026983,0.02687,0.0,0.008144
2020-04-09,0.02033,0.0,0.0,0.0,0.0,0.057524,0.0,0.0,0.049382,0.0,0.0,0.023097,0.0,0.0,0.0,0.0,0.0,0.0,0.0,0.028272,0.03704,0.072197,0.0,0.0,0.072791,0.05274,0.05566,0.0,0.030257,0.0,0.097917,0.041707,0.0,0.035155,0.0,0.052926,0.107382,0.07231,0.029997,0.027933,0.027332,0.0,0.008053
2020-04-13,0.020389,0.0,0.0,0.0,0.0,0.057789,0.0,0.0,0.04977,0.0,0.0,0.023198,0.0,0.0,0.0,0.0,0.0,0.0,0.0,0.026643,0.036821,0.072293,0.0,0.0,0.073164,0.05349,0.055906,0.0,0.030102,0.0,0.097617,0.042544,0.0,0.034745,0.0,0.052594,0.10746,0.072649,0.029652,0.027741,0.027357,0.0,0.008076
2020-04-14,0.020121,0.0,0.0,0.0,0.0,0.057762,0.0,0.0,0.050177,0.0,0.0,0.023374,0.0,0.0,0.0,0.0,0.0,0.0,0.0,0.026893,0.03723,0.073575,0.0,0.0,0.074601,0.054761,0.057012,0.0,0.030627,0.0,0.098785,0.041962,0.0,0.034052,0.0,0.051457,0.105302,0.071306,0.029139,0.027015,0.026949,0.0,0.007901
2020-04-15,0.019963,0.0,0.0,0.0,0.0,0.057767,0.0,0.0,0.050118,0.0,0.0,0.023432,0.0,0.0,0.0,0.0,0.0,0.0,0.0,0.025698,0.037481,0.072615,0.0,0.0,0.073847,0.053767,0.057133,0.0,0.030066,0.0,0.096919,0.042247,0.0,0.034282,0.0,0.053452,0.107513,0.072236,0.029213,0.027521,0.026731,0.0,0.008
2020-04-16,0.019852,0.0,0.0,0.0,0.0,0.057922,0.0,0.0,0.050435,0.0,0.0,0.023328,0.0,0.0,0.0,0.0,0.0,0.0,0.0,0.025515,0.037978,0.073948,0.0,0.0,0.074118,0.054811,0.057383,0.0,0.03002,0.0,0.097248,0.041856,0.0,0.033893,0.0,0.053605,0.106723,0.071008,0.028939,0.027154,0.026333,0.0,0.007931
2020-04-17,0.019972,0.0,0.0,0.0,0.0,0.057647,0.0,0.0,0.050589,0.0,0.0,0.023349,0.0,0.0,0.0,0.0,0.0,0.0,0.0,0.02641,0.038281,0.077045,0.0,0.0,0.074162,0.054545,0.0578,0.0,0.030192,0.0,0.098853,0.040529,0.0,0.033866,0.0,0.052224,0.105111,0.069783,0.028722,0.026903,0.026187,0.0,0.00783
2020-04-20,0.02022,0.0,0.0,0.0,0.0,0.057814,0.0,0.0,0.050135,0.0,0.0,0.023239,0.0,0.0,0.0,0.0,0.0,0.0,0.0,0.025463,0.038144,0.080266,0.0,0.0,0.073295,0.053594,0.057843,0.0,0.029868,0.0,0.097505,0.040998,0.0,0.033715,0.0,0.052875,0.10585,0.069874,0.028414,0.026868,0.026136,0.0,0.007883
2020-04-21,0.01982,0.0,0.0,0.0,0.0,0.057697,0.0,0.0,0.049748,0.0,0.0,0.023005,0.0,0.0,0.0,0.0,0.0,0.0,0.0,0.025706,0.037803,0.079545,0.0,0.0,0.071778,0.052096,0.056409,0.0,0.029742,0.0,0.095647,0.041619,0.0,0.03413,0.0,0.054726,0.108494,0.071783,0.028512,0.027365,0.026341,0.0,0.008033
2020-04-22,0.019836,0.0,0.0,0.0,0.0,0.057931,0.0,0.0,0.049681,0.0,0.0,0.02321,0.0,0.0,0.0,0.0,0.0,0.0,0.0,0.02557,0.037706,0.079643,0.0,0.0,0.073233,0.05428,0.057287,0.0,0.030325,0.0,0.096613,0.041693,0.0,0.033607,0.0,0.053216,0.106259,0.07095,0.028258,0.026901,0.025899,0.0,0.007902
2020-04-23,0.020118,0.0,0.0,0.0,0.0,0.057486,0.0,0.0,0.049664,0.0,0.0,0.023367,0.0,0.0,0.0,0.0,0.0,0.0,0.0,0.025685,0.0379,0.079573,0.0,0.0,0.072705,0.053719,0.056778,0.0,0.03033,0.0,0.096864,0.042093,0.0,0.03392,0.0,0.05348,0.106292,0.070884,0.028234,0.027006,0.026015,0.0,0.007888
2020-04-24,0.019702,0.0,0.0,0.0,0.0,0.057099,0.0,0.0,0.049514,0.0,0.0,0.023445,0.0,0.0,0.0,0.0,0.0,0.0,0.0,0.026506,0.038055,0.081555,0.0,0.0,0.073562,0.05433,0.057137,0.0,0.030488,0.0,0.097058,0.041526,0.0,0.033012,0.0,0.053111,0.105337,0.070629,0.027712,0.026739,0.025662,0.0,0.007821
2020-04-27,0.020036,0.0,0.0,0.0,0.0,0.057381,0.0,0.0,0.050225,0.0,0.0,0.023421,0.0,0.0,0.0,0.0,0.0,0.0,0.0,0.027498,0.038191,0.081889,0.0,0.0,0.073512,0.05455,0.057565,0.0,0.031045,0.0,0.099041,0.040872,0.0,0.032488,0.0,0.051644,0.103815,0.069843,0.02757,0.026279,0.025382,0.0,0.007752
2020-04-28,0.020194,0.0,0.0,0.0,0.0,0.057242,0.0,0.0,0.05033,0.0,0.0,0.023012,0.0,0.0,0.0,0.0,0.0,0.0,0.0,0.029314,0.037447,0.079413,0.0,0.0,0.072584,0.054306,0.056326,0.0,0.031439,0.0,0.10067,0.040719,0.0,0.032806,0.0,0.052276,0.104342,0.070134,0.027673,0.026369,0.02565,0.0,0.007755
2020-04-29,0.020169,0.0,0.0,0.0,0.0,0.057136,0.0,0.0,0.050669,0.0,0.0,0.02368,0.0,0.0,0.0,0.0,0.0,0.0,0.0,0.030378,0.037,0.078382,0.0,0.0,0.07417,0.055834,0.05757,0.0,0.031924,0.0,0.101597,0.040189,0.0,0.032249,0.0,0.051045,0.102367,0.068755,0.027641,0.026053,0.02558,0.0,0.007612
2020-04-30,0.0259,0.0,0.030046,0.0,0.0,0.097246,0.0,0.0,0.02849,0.0,0.0,0.031444,0.0,0.0,0.0,0.0,0.0,0.0,0.0,0.0,0.078663,0.039182,0.039184,0.0,0.034862,0.016178,0.034119,0.023084,0.016521,0.0,0.0,0.125214,0.0,0.120933,0.0,0.041471,0.042049,0.041879,0.065383,0.06069,0.0,0.0,0.007463
2020-05-01,0.025597,0.0,0.029902,0.0,0.0,0.094752,0.0,0.0,0.028066,0.0,0.0,0.03141,0.0,0.0,0.0,0.0,0.0,0.0,0.0,0.0,0.07817,0.038605,0.039258,0.0,0.034347,0.01559,0.033492,0.02271,0.016261,0.0,0.0,0.127629,0.0,0.122867,0.0,0.042371,0.042656,0.042424,0.065093,0.061238,0.0,0.0,0.00756
2020-05-04,0.025231,0.0,0.029637,0.0,0.0,0.094719,0.0,0.0,0.028483,0.0,0.0,0.031468,0.0,0.0,0.0,0.0,0.0,0.0,0.0,0.0,0.07782,0.040399,0.039082,0.0,0.034664,0.015657,0.034005,0.022846,0.016327,0.0,0.0,0.127568,0.0,0.121934,0.0,0.042004,0.042494,0.042298,0.064744,0.06109,0.0,0.0,0.007529
2020-05-05,0.025669,0.0,0.029698,0.0,0.0,0.095319,0.0,0.0,0.028268,0.0,0.0,0.031393,0.0,0.0,0.0,0.0,0.0,0.0,0.0,0.0,0.078907,0.040964,0.038821,0.0,0.034876,0.0158,0.034463,0.023044,0.016374,0.0,0.0,0.127141,0.0,0.120836,0.0,0.04142,0.042142,0.042027,0.064811,0.060549,0.0,0.0,0.007476
2020-05-06,0.025555,0.0,0.029579,0.0,0.0,0.096367,0.0,0.0,0.028231,0.0,0.0,0.03142,0.0,0.0,0.0,0.0,0.0,0.0,0.0,0.0,0.078409,0.04132,0.038536,0.0,0.035275,0.016052,0.035018,0.023321,0.016393,0.0,0.0,0.125963,0.0,0.121276,0.0,0.0409,0.042139,0.041974,0.064677,0.060087,0.0,0.0,0.007506
2020-05-07,0.025555,0.0,0.029705,0.0,0.0,0.096138,0.0,0.0,0.028254,0.0,0.0,0.031672,0.0,0.0,0.0,0.0,0.0,0.0,0.0,0.0,0.077573,0.040945,0.038022,0.0,0.035426,0.016026,0.035549,0.02408,0.016775,0.0,0.0,0.126545,0.0,0.121662,0.0,0.041144,0.041948,0.041792,0.064156,0.059611,0.0,0.0,0.007422
2020-05-08,0.025396,0.0,0.030024,0.0,0.0,0.097814,0.0,0.0,0.028352,0.0,0.0,0.032049,0.0,0.0,0.0,0.0,0.0,0.0,0.0,0.0,0.077487,0.041283,0.038629,0.0,0.035721,0.016396,0.035613,0.024104,0.016934,0.0,0.0,0.125,0.0,0.121079,0.0,0.040356,0.041549,0.041518,0.064361,0.058956,0.0,0.0,0.007379
2020-05-11,0.025637,0.0,0.030247,0.0,0.0,0.097893,0.0,0.0,0.028276,0.0,0.0,0.032,0.0,0.0,0.0,0.0,0.0,0.0,0.0,0.0,0.078651,0.04316,0.038493,0.0,0.035882,0.016345,0.036047,0.024346,0.01709,0.0,0.0,0.123956,0.0,0.119775,0.0,0.039955,0.041345,0.041286,0.063934,0.058314,0.0,0.0,0.007365
2020-05-12,0.025855,0.0,0.030024,0.0,0.0,0.097703,0.0,0.0,0.028211,0.0,0.0,0.031558,0.0,0.0,0.0,0.0,0.0,0.0,0.0,0.0,0.077901,0.042473,0.038389,0.0,0.035344,0.016003,0.03539,0.023921,0.016795,0.0,0.0,0.125157,0.0,0.120555,0.0,0.040599,0.041721,0.041562,0.064223,0.059216,0.0,0.0,0.007399
2020-05-13,0.025305,0.0,0.030328,0.0,0.0,0.098607,0.0,0.0,0.028329,0.0,0.0,0.031182,0.0,0.0,0.0,0.0,0.0,0.0,0.0,0.0,0.077464,0.041849,0.038243,0.0,0.034919,0.015778,0.03487,0.023528,0.016949,0.0,0.0,0.12703,0.0,0.119343,0.0,0.041099,0.042028,0.04182,0.06422,0.059666,0.0,0.0,0.007444
2020-05-14,0.024809,0.0,0.029802,0.0,0.0,0.098089,0.0,0.0,0.02842,0.0,0.0,0.031441,0.0,0.0,0.0,0.0,0.0,0.0,0.0,0.0,0.078119,0.041361,0.038055,0.0,0.035276,0.01616,0.034964,0.023661,0.016705,0.0,0.0,0.127837,0.0,0.118871,0.0,0.041398,0.041989,0.041765,0.063842,0.06001,0.0,0.0,0.007425
2020-05-15,0.024966,0.0,0.029742,0.0,0.0,0.096884,0.0,0.0,0.027787,0.0,0.0,0.031756,0.0,0.0,0.0,0.0,0.0,0.0,0.0,0.0,0.078481,0.042681,0.038245,0.0,0.035321,0.015766,0.035393,0.02381,0.016971,0.0,0.0,0.128074,0.0,0.118423,0.0,0.041136,0.041804,0.041679,0.06369,0.059994,0.0,0.0,0.007396
2020-05-18,0.025695,0.0,0.030114,0.0,0.0,0.099501,0.0,0.0,0.028112,0.0,0.0,0.032032,0.0,0.0,0.0,0.0,0.0,0.0,0.0,0.0,0.078169,0.043391,0.038379,0.0,0.035747,0.01629,0.035201,0.023781,0.017454,0.0,0.0,0.125562,0.0,0.117678,0.0,0.039745,0.041042,0.04117,0.064028,0.059602,0.0,0.0,0.007308
2020-05-19,0.0258,0.0,0.029829,0.0,0.0,0.099377,0.0,0.0,0.027882,0.0,0.0,0.032099,0.0,0.0,0.0,0.0,0.0,0.0,0.0,0.0,0.077403,0.042251,0.037761,0.0,0.035697,0.016274,0.03553,0.023858,0.017422,0.0,0.0,0.127062,0.0,0.117945,0.0,0.039984,0.041251,0.041216,0.064254,0.059784,0.0,0.0,0.007322
2020-05-20,0.025769,0.0,0.029992,0.0,0.0,0.099081,0.0,0.0,0.027782,0.0,0.0,0.032676,0.0,0.0,0.0,0.0,0.0,0.0,0.0,0.0,0.076761,0.043061,0.037847,0.0,0.036133,0.016714,0.035783,0.024108,0.017729,0.0,0.0,0.126157,0.0,0.117428,0.0,0.039724,0.04087,0.040947,0.06432,0.059867,0.0,0.0,0.00725
2020-05-21,0.025702,0.0,0.029942,0.0,0.0,0.097539,0.0,0.0,0.027983,0.0,0.0,0.032741,0.0,0.0,0.0,0.0,0.0,0.0,0.0,0.0,0.076891,0.043113,0.037771,0.0,0.035955,0.016442,0.035824,0.024124,0.017653,0.0,0.0,0.125455,0.0,0.117549,0.0,0.040187,0.041271,0.041277,0.064892,0.060369,0.0,0.0,0.007319
2020-05-22,0.025628,0.0,0.030014,0.0,0.0,0.094032,0.0,0.0,0.027538,0.0,0.0,0.032973,0.0,0.0,0.0,0.0,0.0,0.0,0.0,0.0,0.077137,0.043679,0.037944,0.0,0.036125,0.016533,0.036289,0.024552,0.017966,0.0,0.0,0.126334,0.0,0.117157,0.0,0.040473,0.041394,0.041346,0.065123,0.060434,0.0,0.0,0.007327
2020-05-25,0.025628,0.0,0.030014,0.0,0.0,0.094032,0.0,0.0,0.027538,0.0,0.0,0.032973,0.0,0.0,0.0,0.0,0.0,0.0,0.0,0.0,0.077137,0.043679,0.037944,0.0,0.036125,0.016533,0.036289,0.024552,0.017966,0.0,0.0,0.126334,0.0,0.117157,0.0,0.040473,0.041394,0.041346,0.065123,0.060434,0.0,0.0,0.007327
2020-05-26,0.026251,0.0,0.030934,0.0,0.0,0.095457,0.0,0.0,0.028043,0.0,0.0,0.032958,0.0,0.0,0.0,0.0,0.0,0.0,0.0,0.0,0.076749,0.042511,0.038026,0.0,0.035971,0.016652,0.035833,0.02448,0.018272,0.0,0.0,0.124135,0.0,0.118852,0.0,0.039801,0.041152,0.04106,0.065399,0.060156,0.0,0.0,0.007306
2020-05-27,0.026169,0.0,0.031288,0.0,0.0,0.094549,0.0,0.0,0.028034,0.0,0.0,0.033145,0.0,0.0,0.0,0.0,0.0,0.0,0.0,0.0,0.077436,0.042465,0.038545,0.0,0.036126,0.016885,0.035771,0.024493,0.018271,0.0,0.0,0.124187,0.0,0.117738,0.0,0.039673,0.041128,0.041043,0.065444,0.060321,0.0,0.0,0.007287
2020-05-28,0.026658,0.0,0.031646,0.0,0.0,0.093702,0.0,0.0,0.027765,0.0,0.0,0.032781,0.0,0.0,0.0,0.0,0.0,0.0,0.0,0.0,0.078321,0.041971,0.038824,0.0,0.035998,0.01649,0.036152,0.02458,0.018344,0.0,0.0,0.124404,0.0,0.117809,0.0,0.039464,0.041026,0.041106,0.065404,0.060275,0.0,0.0,0.007282
2020-05-29,0.0,0.0,0.0,0.0,0.0,0.067571,0.0,0.0,0.048222,0.0,0.046429,0.071561,0.0,0.0,0.0,0.0,0.0,0.0,0.0,0.0,0.071363,0.043169,0.07149,0.0,0.037179,0.011475,0.036623,0.018343,0.01134,0.0,0.036812,0.115263,0.0,0.073826,0.0,0.037896,0.03848,0.038574,0.049834,0.066055,0.0,0.0,0.008496
2020-06-01,0.0,0.0,0.0,0.0,0.0,0.068346,0.0,0.0,0.048759,0.0,0.04659,0.07195,0.0,0.0,0.0,0.0,0.0,0.0,0.0,0.0,0.070234,0.043139,0.071555,0.0,0.036945,0.011345,0.036798,0.018607,0.011481,0.0,0.037682,0.115102,0.0,0.073438,0.0,0.037416,0.038235,0.03839,0.04991,0.065631,0.0,0.0,0.008446
2020-06-02,0.0,0.0,0.0,0.0,0.0,0.069538,0.0,0.0,0.04915,0.0,0.046782,0.071924,0.0,0.0,0.0,0.0,0.0,0.0,0.0,0.0,0.070332,0.043545,0.071434,0.0,0.03713,0.011539,0.036663,0.018465,0.011436,0.0,0.038041,0.113857,0.0,0.072743,0.0,0.037118,0.038006,0.038138,0.050185,0.065553,0.0,0.0,0.00842
2020-06-03,0.0,0.0,0.0,0.0,0.0,0.0704,0.0,0.0,0.050152,0.0,0.047582,0.072019,0.0,0.0,0.0,0.0,0.0,0.0,0.0,0.0,0.07007,0.042805,0.071403,0.0,0.037353,0.011851,0.036617,0.018571,0.011517,0.0,0.038713,0.111559,0.0,0.073042,0.0,0.036559,0.037714,0.037946,0.05033,0.065397,0.0,0.0,0.008401
2020-06-04,0.0,0.0,0.0,0.0,0.0,0.069916,0.0,0.0,0.049856,0.0,0.047549,0.071795,0.0,0.0,0.0,0.0,0.0,0.0,0.0,0.0,0.06982,0.042223,0.071367,0.0,0.037207,0.012012,0.036018,0.018307,0.01146,0.0,0.038933,0.113225,0.0,0.074111,0.0,0.036187,0.037728,0.037967,0.050394,0.065484,0.0,0.0,0.00844
2020-06-05,0.0,0.0,0.0,0.0,0.0,0.070462,0.0,0.0,0.050725,0.0,0.048241,0.072295,0.0,0.0,0.0,0.0,0.0,0.0,0.0,0.0,0.070296,0.042175,0.071697,0.0,0.037836,0.012193,0.036221,0.018177,0.011548,0.0,0.040237,0.109911,0.0,0.073591,0.0,0.0356,0.037195,0.037615,0.050402,0.065218,0.0,0.0,0.008366
2020-06-08,0.0,0.0,0.0,0.0,0.0,0.069697,0.0,0.0,0.050643,0.0,0.04858,0.073054,0.0,0.0,0.0,0.0,0.0,0.0,0.0,0.0,0.070207,0.042606,0.071882,0.0,0.037718,0.012069,0.036424,0.018293,0.011473,0.0,0.041182,0.110202,0.0,0.072943,0.0,0.035447,0.036934,0.037391,0.050054,0.064906,0.0,0.0,0.008294
2020-06-09,0.0,0.0,0.0,0.0,0.0,0.069735,0.0,0.0,0.05067,0.0,0.048287,0.073003,0.0,0.0,0.0,0.0,0.0,0.0,0.0,0.0,0.069601,0.042609,0.071421,0.0,0.037964,0.0121,0.036318,0.018183,0.011479,0.0,0.04055,0.111463,0.0,0.073126,0.0,0.035914,0.037133,0.037495,0.049752,0.064884,0.0,0.0,0.008312
2020-06-10,0.0,0.0,0.0,0.0,0.0,0.070295,0.0,0.0,0.051063,0.0,0.047597,0.072423,0.0,0.0,0.0,0.0,0.0,0.0,0.0,0.0,0.069149,0.042451,0.070868,0.0,0.038407,0.012083,0.036769,0.018153,0.011437,0.0,0.040575,0.112501,0.0,0.072449,0.0,0.036266,0.037226,0.037596,0.049435,0.064988,0.0,0.0,0.00827
2020-06-11,0.0,0.0,0.0,0.0,0.0,0.069871,0.0,0.0,0.050498,0.0,0.046596,0.071372,0.0,0.0,0.0,0.0,0.0,0.0,0.0,0.0,0.067463,0.041431,0.070436,0.0,0.037401,0.01169,0.035974,0.017779,0.011142,0.0,0.038898,0.115383,0.0,0.073813,0.0,0.038174,0.038593,0.038852,0.049759,0.066336,0.0,0.0,0.008538
2020-06-12,0.0,0.0,0.0,0.0,0.0,0.070477,0.0,0.0,0.050932,0.0,0.046751,0.071529,0.0,0.0,0.0,0.0,0.0,0.0,0.0,0.0,0.067459,0.041685,0.069989,0.0,0.037639,0.011772,0.036274,0.017798,0.011294,0.0,0.039276,0.114793,0.0,0.073386,0.0,0.037559,0.038257,0.038494,0.049925,0.066224,0.0,0.0,0.008487
2020-06-15,0.0,0.0,0.0,0.0,0.0,0.070025,0.0,0.0,0.050402,0.0,0.046953,0.072307,0.0,0.0,0.0,0.0,0.0,0.0,0.0,0.0,0.067265,0.042643,0.070434,0.0,0.037808,0.011869,0.036744,0.018013,0.01128,0.0,0.038524,0.114002,0.0,0.072582,0.0,0.037388,0.038029,0.038313,0.050152,0.066821,0.0,0.0,0.008446
2020-06-16,0.0,0.0,0.0,0.0,0.0,0.070293,0.0,0.0,0.050232,0.0,0.047524,0.072266,0.0,0.0,0.0,0.0,0.0,0.0,0.0,0.0,0.068325,0.042925,0.070915,0.0,0.038279,0.011996,0.037066,0.018105,0.011389,0.0,0.039345,0.112958,0.0,0.071952,0.0,0.036495,0.037622,0.037962,0.04992,0.066059,0.0,0.0,0.008373
2020-06-17,0.0,0.0,0.0,0.0,0.0,0.07081,0.0,0.0,0.050754,0.0,0.04735,0.072282,0.0,0.0,0.0,0.0,0.0,0.0,0.0,0.0,0.068186,0.042913,0.070735,0.0,0.038232,0.012077,0.037027,0.018152,0.011478,0.0,0.039063,0.113056,0.0,0.071877,0.0,0.036608,0.037642,0.037898,0.049636,0.065862,0.0,0.0,0.008361
2020-06-18,0.0,0.0,0.0,0.0,0.0,0.071047,0.0,0.0,0.050648,0.0,0.047067,0.072346,0.0,0.0,0.0,0.0,0.0,0.0,0.0,0.0,0.067795,0.043271,0.070936,0.0,0.038313,0.012026,0.037469,0.018192,0.011365,0.0,0.039237,0.112569,0.0,0.071497,0.0,0.036909,0.037637,0.03798,0.049501,0.065855,0.0,0.0,0.008341
2020-06-19,0.0,0.0,0.0,0.0,0.0,0.070839,0.0,0.0,0.050282,0.0,0.04662,0.072028,0.0,0.0,0.0,0.0,0.0,0.0,0.0,0.0,0.06833,0.044421,0.070449,0.0,0.037984,0.011947,0.037371,0.018024,0.011331,0.0,0.039562,0.113616,0.0,0.071375,0.0,0.036875,0.037585,0.037989,0.04925,0.065792,0.0,0.0,0.008329
2020-06-22,0.0,0.0,0.0,0.0,0.0,0.071369,0.0,0.0,0.050593,0.0,0.046812,0.071745,0.0,0.0,0.0,0.0,0.0,0.0,0.0,0.0,0.067652,0.045446,0.069818,0.0,0.038463,0.011962,0.037879,0.018121,0.011438,0.0,0.039822,0.113651,0.0,0.070886,0.0,0.036654,0.037322,0.037853,0.048914,0.065326,0.0,0.0,0.008278
2020-06-23,0.0,0.0,0.0,0.0,0.0,0.072099,0.0,0.0,0.050624,0.0,0.046986,0.071914,0.0,0.0,0.0,0.0,0.0,0.0,0.0,0.0,0.067664,0.045955,0.069425,0.0,0.038582,0.011955,0.037683,0.017943,0.011405,0.0,0.039833,0.114138,0.0,0.0707,0.0,0.036254,0.037156,0.037719,0.048784,0.064937,0.0,0.0,0.008243
2020-06-24,0.0,0.0,0.0,0.0,0.0,0.072278,0.0,0.0,0.050969,0.0,0.046496,0.071126,0.0,0.0,0.0,0.0,0.0,0.0,0.0,0.0,0.066679,0.045547,0.069067,0.0,0.038158,0.011832,0.037373,0.01787,0.01131,0.0,0.039622,0.115088,0.0,0.071007,0.0,0.037077,0.037668,0.038113,0.048856,0.065524,0.0,0.0,0.00834
2020-06-25,0.0,0.0,0.0,0.0,0.0,0.071698,0.0,0.0,0.050909,0.0,0.046353,0.071123,0.0,0.0,0.0,0.0,0.0,0.0,0.0,0.0,0.067036,0.046465,0.069249,0.0,0.038476,0.011863,0.037722,0.017994,0.011489,0.0,0.039548,0.114511,0.0,0.070799,0.0,0.03702,0.037507,0.037979,0.048658,0.065303,0.0,0.0,0.008299
2020-06-26,0.0,0.0,0.0,0.0,0.0,0.072017,0.0,0.0,0.05113,0.0,0.045793,0.068779,0.0,0.0,0.0,0.0,0.0,0.0,0.0,0.0,0.066992,0.045462,0.068626,0.0,0.038158,0.011777,0.037827,0.018004,0.011382,0.0,0.039792,0.116361,0.0,0.070236,0.0,0.037852,0.038047,0.038487,0.048757,0.066123,0.0,0.0,0.008398
2020-06-29,0.0,0.0,0.0,0.0,0.0,0.071529,0.0,0.0,0.051194,0.0,0.046361,0.069597,0.0,0.0,0.0,0.0,0.0,0.0,0.0,0.0,0.067159,0.045159,0.069471,0.0,0.038325,0.011828,0.03748,0.017898,0.011435,0.0,0.039981,0.115671,0.0,0.070789,0.0,0.037489,0.037838,0.038281,0.048167,0.066,0.0,0.0,0.008348
2020-06-30,0.02744,0.0,0.031314,0.0,0.0,0.046405,0.0,0.0,0.0,0.0,0.071541,0.0616,0.0,0.0,0.0,0.0,0.0,0.0,0.0,0.0,0.075653,0.0,0.033644,0.038198,0.027426,0.01297,0.027535,0.027783,0.027617,0.0,0.114635,0.122518,0.0,0.0,0.0,0.039988,0.040894,0.041183,0.053389,0.070382,0.0,0.0,0.007885
2020-07-01,0.027464,0.0,0.031074,0.0,0.0,0.04655,0.0,0.0,0.0,0.0,0.071853,0.062769,0.0,0.0,0.0,0.0,0.0,0.0,0.0,0.0,0.075802,0.0,0.033481,0.038869,0.027315,0.012731,0.027853,0.028001,0.027621,0.0,0.114739,0.121276,0.0,0.0,0.0,0.039684,0.040598,0.040975,0.053251,0.070258,0.0,0.0,0.007836
2020-07-02,0.02769,0.0,0.031077,0.0,0.0,0.047799,0.0,0.0,0.0,0.0,0.071674,0.062163,0.0,0.0,0.0,0.0,0.0,0.0,0.0,0.0,0.075882,0.0,0.033436,0.03872,0.027297,0.012804,0.027738,0.027929,0.027467,0.0,0.115827,0.120757,0.0,0.0,0.0,0.03947,0.040387,0.040825,0.053298,0.069978,0.0,0.0,0.007781
2020-07-03,0.027517,0.0,0.031082,0.0,0.0,0.047808,0.0,0.0,0.0,0.0,0.071686,0.062174,0.0,0.0,0.0,0.0,0.0,0.0,0.0,0.0,0.075896,0.0,0.033442,0.038727,0.027302,0.012806,0.027743,0.027934,0.027472,0.0,0.115848,0.120779,0.0,0.0,0.0,0.039477,0.040394,0.040832,0.053307,0.06999,0.0,0.0,0.007785
2020-07-06,0.027474,0.0,0.030865,0.0,0.0,0.050276,0.0,0.0,0.0,0.0,0.071945,0.062179,0.0,0.0,0.0,0.0,0.0,0.0,0.0,0.0,0.07516,0.0,0.032947,0.037501,0.027234,0.012886,0.027493,0.027573,0.027605,0.0,0.122486,0.119117,0.0,0.0,0.0,0.038544,0.039543,0.040108,0.052636,0.068795,0.0,0.0,0.007632
2020-07-07,0.027489,0.0,0.030649,0.0,0.0,0.049399,0.0,0.0,0.0,0.0,0.070958,0.062126,0.0,0.0,0.0,0.0,0.0,0.0,0.0,0.0,0.074657,0.0,0.033313,0.037425,0.027003,0.01276,0.027385,0.027416,0.027458,0.0,0.123679,0.120108,0.0,0.0,0.0,0.039163,0.039749,0.040198,0.052391,0.069023,0.0,0.0,0.00765
2020-07-08,0.027043,0.0,0.030394,0.0,0.0,0.051133,0.0,0.0,0.0,0.0,0.071167,0.062202,0.0,0.0,0.0,0.0,0.0,0.0,0.0,0.0,0.074095,0.0,0.032976,0.037472,0.027235,0.012834,0.027731,0.027839,0.027516,0.0,0.124411,0.119933,0.0,0.0,0.0,0.038709,0.039384,0.039821,0.052131,0.068386,0.0,0.0,0.007589
2020-07-09,0.026877,0.0,0.030249,0.0,0.0,0.051262,0.0,0.0,0.0,0.0,0.071095,0.062286,0.0,0.0,0.0,0.0,0.0,0.0,0.0,0.0,0.073522,0.0,0.032721,0.036974,0.027337,0.013006,0.027989,0.02828,0.027397,0.0,0.124217,0.119623,0.0,0.0,0.0,0.039331,0.039515,0.039929,0.052023,0.068778,0.0,0.0,0.007591
2020-07-10,0.027004,0.0,0.030477,0.0,0.0,0.050519,0.0,0.0,0.0,0.0,0.071548,0.063015,0.0,0.0,0.0,0.0,0.0,0.0,0.0,0.0,0.072946,0.0,0.033141,0.037466,0.027179,0.012891,0.02768,0.028052,0.027624,0.0,0.126244,0.11866,0.0,0.0,0.0,0.038919,0.039222,0.039669,0.051914,0.068276,0.0,0.0,0.007553
2020-07-13,0.027585,0.0,0.030363,0.0,0.0,0.050014,0.0,0.0,0.0,0.0,0.070744,0.061838,0.0,0.0,0.0,0.0,0.0,0.0,0.0,0.0,0.073465,0.0,0.033139,0.037559,0.026655,0.012697,0.026523,0.026891,0.027076,0.0,0.130771,0.11898,0.0,0.0,0.0,0.039104,0.039321,0.039813,0.051706,0.068194,0.0,0.0,0.007562
2020-07-14,0.027047,0.0,0.030477,0.0,0.0,0.049374,0.0,0.0,0.0,0.0,0.071153,0.062192,0.0,0.0,0.0,0.0,0.0,0.0,0.0,0.0,0.074613,0.0,0.033485,0.037753,0.02685,0.012854,0.026554,0.027045,0.027384,0.0,0.128604,0.11904,0.0,0.0,0.0,0.038999,0.039155,0.039655,0.051932,0.068308,0.0,0.0,0.007526
2020-07-15,0.027396,0.0,0.030735,0.0,0.0,0.049242,0.0,0.0,0.0,0.0,0.071868,0.062302,0.0,0.0,0.0,0.0,0.0,0.0,0.0,0.0,0.075266,0.0,0.033372,0.037448,0.026883,0.012778,0.026489,0.027044,0.027798,0.0,0.127964,0.118648,0.0,0.0,0.0,0.038655,0.038979,0.039467,0.052009,0.068158,0.0,0.0,0.007497
2020-07-16,0.027476,0.0,0.030701,0.0,0.0,0.048178,0.0,0.0,0.0,0.0,0.072338,0.062986,0.0,0.0,0.0,0.0,0.0,0.0,0.0,0.0,0.075837,0.0,0.033752,0.038274,0.026796,0.012848,0.026405,0.026971,0.027577,0.0,0.123684,0.118611,0.0,0.0,0.0,0.039197,0.039368,0.039912,0.052539,0.068979,0.0,0.0,0.007571
2020-07-17,0.027458,0.0,0.030606,0.0,0.0,0.048217,0.0,0.0,0.0,0.0,0.071661,0.062549,0.0,0.0,0.0,0.0,0.0,0.0,0.0,0.0,0.076515,0.0,0.033774,0.038955,0.026801,0.012852,0.026507,0.027222,0.027901,0.0,0.123243,0.119028,0.0,0.0,0.0,0.038931,0.039173,0.039798,0.052437,0.068841,0.0,0.0,0.007531
2020-07-20,0.027352,0.0,0.030343,0.0,0.0,0.048803,0.0,0.0,0.0,0.0,0.072132,0.062713,0.0,0.0,0.0,0.0,0.0,0.0,0.0,0.0,0.07579,0.0,0.033124,0.038087,0.027231,0.012984,0.027244,0.027805,0.027927,0.0,0.124877,0.118491,0.0,0.0,0.0,0.038665,0.038835,0.039483,0.052262,0.06839,0.0,0.0,0.00746
2020-07-21,0.027608,0.0,0.030295,0.0,0.0,0.049074,0.0,0.0,0.0,0.0,0.072088,0.062278,0.0,0.0,0.0,0.0,0.0,0.0,0.0,0.0,0.075578,0.0,0.033341,0.038179,0.0269,0.01289,0.026882,0.027643,0.027922,0.0,0.12461,0.119663,0.0,0.0,0.0,0.038605,0.038793,0.039487,0.052392,0.068333,0.0,0.0,0.007442
2020-07-22,0.02738,0.0,0.030093,0.0,0.0,0.04813,0.0,0.0,0.0,0.0,0.072417,0.062093,0.0,0.0,0.0,0.0,0.0,0.0,0.0,0.0,0.075952,0.0,0.033472,0.038612,0.027007,0.012881,0.026851,0.027524,0.027951,0.0,0.124111,0.120996,0.0,0.0,0.0,0.038565,0.038651,0.039329,0.052288,0.068282,0.0,0.0,0.007414
2020-07-23,0.027559,0.0,0.030058,0.0,0.0,0.048104,0.0,0.0,0.0,0.0,0.07149,0.061221,0.0,0.0,0.0,0.0,0.0,0.0,0.0,0.0,0.075779,0.0,0.033666,0.038743,0.026364,0.012713,0.026328,0.027372,0.02797,0.0,0.124697,0.122337,0.0,0.0,0.0,0.039103,0.038775,0.039436,0.052367,0.068484,0.0,0.0,0.007432
2020-07-24,0.027334,0.0,0.030274,0.0,0.0,0.047835,0.0,0.0,0.0,0.0,0.07221,0.06163,0.0,0.0,0.0,0.0,0.0,0.0,0.0,0.0,0.075565,0.0,0.033901,0.038806,0.02626,0.012617,0.026302,0.027246,0.027905,0.0,0.120217,0.124407,0.0,0.0,0.0,0.039424,0.039077,0.039752,0.05285,0.068896,0.0,0.0,0.007492
2020-07-27,0.027239,0.0,0.030661,0.0,0.0,0.047554,0.0,0.0,0.0,0.0,0.07215,0.06162,0.0,0.0,0.0,0.0,0.0,0.0,0.0,0.0,0.075602,0.0,0.033832,0.038069,0.026489,0.012919,0.026556,0.027485,0.028311,0.0,0.120062,0.125979,0.0,0.0,0.0,0.039004,0.038744,0.039475,0.052606,0.068207,0.0,0.0,0.007436
2020-07-28,0.027387,0.0,0.030496,0.0,0.0,0.047417,0.0,0.0,0.0,0.0,0.071491,0.061032,0.0,0.0,0.0,0.0,0.0,0.0,0.0,0.0,0.075574,0.0,0.033983,0.038674,0.026199,0.012679,0.026349,0.027331,0.027972,0.0,0.120394,0.127128,0.0,0.0,0.0,0.039304,0.038866,0.039578,0.05251,0.06819,0.0,0.0,0.007447
2020-07-29,0.027166,0.0,0.030222,0.0,0.0,0.04785,0.0,0.0,0.0,0.0,0.071531,0.061007,0.0,0.0,0.0,0.0,0.0,0.0,0.0,0.0,0.075643,0.0,0.033709,0.038484,0.026326,0.012817,0.026607,0.027772,0.027977,0.0,0.121727,0.126867,0.0,0.0,0.0,0.038865,0.038547,0.039293,0.0523,0.067912,0.0,0.0,0.007376
2020-07-30,0.02701,0.0,0.029845,0.0,0.0,0.047686,0.0,0.0,0.0,0.0,0.071656,0.061335,0.0,0.0,0.0,0.0,0.0,0.0,0.0,0.0,0.075311,0.0,0.033795,0.038583,0.026541,0.013103,0.026636,0.028064,0.027864,0.0,0.121018,0.12625,0.0,0.0,0.0,0.039221,0.0387,0.039435,0.052545,0.068011,0.0,0.0,0.007392
2020-07-31,0.038784,0.0,0.0,0.0,0.0,0.0,0.0,0.0,0.046719,0.0,0.100804,0.054254,0.0,0.0,0.0,0.0,0.0,0.0,0.048848,0.0,0.031995,0.067766,0.0,0.0,0.022868,0.017658,0.0226,0.014053,0.022634,0.0,0.101191,0.100867,0.0,0.0,0.0,0.033289,0.033233,0.033207,0.031618,0.069033,0.1013,0.0,0.007277
2020-08-03,0.038984,0.0,0.0,0.0,0.0,0.0,0.0,0.0,0.046065,0.0,0.099584,0.053757,0.0,0.0,0.0,0.0,0.0,0.0,0.048087,0.0,0.032002,0.069904,0.0,0.0,0.023197,0.017798,0.022828,0.014068,0.022912,0.0,0.104642,0.099971,0.0,0.0,0.0,0.03279,0.032885,0.032919,0.03131,0.068434,0.100659,0.0,0.007204
2020-08-04,0.038865,0.0,0.0,0.0,0.0,0.0,0.0,0.0,0.046532,0.0,0.099763,0.053764,0.0,0.0,0.0,0.0,0.0,0.0,0.048466,0.0,0.031663,0.069258,0.0,0.0,0.023113,0.017948,0.022652,0.013977,0.022902,0.0,0.104077,0.101465,0.0,0.0,0.0,0.032898,0.032793,0.032788,0.031105,0.068261,0.100548,0.0,0.00716
2020-08-05,0.038992,0.0,0.0,0.0,0.0,0.0,0.0,0.0,0.046725,0.0,0.100309,0.053325,0.0,0.0,0.0,0.0,0.0,0.0,0.048849,0.0,0.031599,0.069295,0.0,0.0,0.023044,0.01781,0.022594,0.013977,0.022986,0.0,0.105342,0.101728,0.0,0.0,0.0,0.032394,0.032467,0.032586,0.030953,0.067715,0.100197,0.0,0.007113
2020-08-06,0.038667,0.0,0.0,0.0,0.0,0.0,0.0,0.0,0.04667,0.0,0.100416,0.054522,0.0,0.0,0.0,0.0,0.0,0.0,0.048458,0.0,0.03131,0.068682,0.0,0.0,0.023279,0.017733,0.022582,0.013801,0.022951,0.0,0.105107,0.102687,0.0,0.0,0.0,0.032451,0.03238,0.032498,0.030904,0.067746,0.10007,0.0,0.007084
2020-08-07,0.038991,0.0,0.0,0.0,0.0,0.0,0.0,0.0,0.046326,0.0,0.100994,0.05469,0.0,0.0,0.0,0.0,0.0,0.0,0.04883,0.0,0.031544,0.069041,0.0,0.0,0.02303,0.017611,0.022168,0.013618,0.022961,0.0,0.10514,0.101485,0.0,0.0,0.0,0.032372,0.032449,0.032548,0.030959,0.067843,0.100285,0.0,0.007114
2020-08-10,0.038985,0.0,0.0,0.0,0.0,0.0,0.0,0.0,0.046549,0.0,0.102108,0.054457,0.0,0.0,0.0,0.0,0.0,0.0,0.04926,0.0,0.031408,0.068971,0.0,0.0,0.022944,0.017594,0.021827,0.013424,0.022966,0.0,0.105373,0.101041,0.0,0.0,0.0,0.032197,0.032385,0.03248,0.030945,0.067634,0.100341,0.0,0.00711
2020-08-11,0.039864,0.0,0.0,0.0,0.0,0.0,0.0,0.0,0.046563,0.0,0.103139,0.054295,0.0,0.0,0.0,0.0,0.0,0.0,0.049767,0.0,0.031587,0.067029,0.0,0.0,0.022804,0.017621,0.021667,0.013474,0.023297,0.0,0.106759,0.096771,0.0,0.0,0.0,0.032199,0.032664,0.032799,0.031036,0.068021,0.101448,0.0,0.007196
2020-08-12,0.0398,0.0,0.0,0.0,0.0,0.0,0.0,0.0,0.046744,0.0,0.103872,0.054607,0.0,0.0,0.0,0.0,0.0,0.0,0.049759,0.0,0.031923,0.066835,0.0,0.0,0.02318,0.01808,0.021781,0.013439,0.023771,0.0,0.107606,0.095735,0.0,0.0,0.0,0.031713,0.03237,0.032621,0.030855,0.067441,0.100717,0.0,0.007151
2020-08-13,0.039782,0.0,0.0,0.0,0.0,0.0,0.0,0.0,0.04628,0.0,0.103735,0.054833,0.0,0.0,0.0,0.0,0.0,0.0,0.049706,0.0,0.031852,0.067693,0.0,0.0,0.023169,0.017884,0.022047,0.013469,0.02367,0.0,0.106789,0.097907,0.0,0.0,0.0,0.031345,0.032274,0.032508,0.030743,0.066772,0.100397,0.0,0.007143
2020-08-14,0.039776,0.0,0.0,0.0,0.0,0.0,0.0,0.0,0.04657,0.0,0.104033,0.054985,0.0,0.0,0.0,0.0,0.0,0.0,0.049908,0.0,0.031883,0.067258,0.0,0.0,0.023221,0.017925,0.021999,0.013419,0.023705,0.0,0.106438,0.097772,0.0,0.0,0.0,0.031315,0.032385,0.032549,0.030779,0.066673,0.100241,0.0,0.007165
2020-08-17,0.039497,0.0,0.0,0.0,0.0,0.0,0.0,0.0,0.046882,0.0,0.104278,0.054477,0.0,0.0,0.0,0.0,0.0,0.0,0.04961,0.0,0.031738,0.06889,0.0,0.0,0.023133,0.017939,0.022033,0.013341,0.023876,0.0,0.106841,0.098855,0.0,0.0,0.0,0.031067,0.032101,0.032281,0.03064,0.066116,0.099313,0.0,0.007092
2020-08-18,0.039539,0.0,0.0,0.0,0.0,0.0,0.0,0.0,0.046386,0.0,0.104794,0.0549,0.0,0.0,0.0,0.0,0.0,0.0,0.049345,0.0,0.03169,0.068202,0.0,0.0,0.023191,0.017822,0.022269,0.01344,0.02376,0.0,0.106271,0.099623,0.0,0.0,0.0,0.031251,0.032117,0.032385,0.030649,0.066224,0.099059,0.0,0.007083
2020-08-19,0.03998,0.0,0.0,0.0,0.0,0.0,0.0,0.0,0.046095,0.0,0.105124,0.055178,0.0,0.0,0.0,0.0,0.0,0.0,0.049591,0.0,0.031836,0.068625,0.0,0.0,0.023346,0.017861,0.022424,0.013569,0.023711,0.0,0.105121,0.09724,0.0,0.0,0.0,0.031301,0.032328,0.032542,0.030804,0.066571,0.099613,0.0,0.007139
2020-08-20,0.039618,0.0,0.0,0.0,0.0,0.0,0.0,0.0,0.045153,0.0,0.104947,0.055855,0.0,0.0,0.0,0.0,0.0,0.0,0.049408,0.0,0.03173,0.068601,0.0,0.0,0.023653,0.017699,0.022864,0.013737,0.023602,0.0,0.10408,0.097896,0.0,0.0,0.0,0.031578,0.032416,0.032505,0.030901,0.066795,0.099825,0.0,0.007137
2020-08-21,0.039642,0.0,0.0,0.0,0.0,0.0,0.0,0.0,0.045569,0.0,0.105501,0.055615,0.0,0.0,0.0,0.0,0.0,0.0,0.049129,0.0,0.031766,0.067765,0.0,0.0,0.023956,0.017821,0.022711,0.013634,0.023499,0.0,0.104314,0.097123,0.0,0.0,0.0,0.031771,0.032444,0.032621,0.030901,0.066926,0.100154,0.0,0.007138
2020-08-24,0.039905,0.0,0.0,0.0,0.0,0.0,0.0,0.0,0.045622,0.0,0.106628,0.056043,0.0,0.0,0.0,0.0,0.0,0.0,0.049772,0.0,0.03148,0.065854,0.0,0.0,0.024056,0.017927,0.022682,0.013654,0.023622,0.0,0.105805,0.096145,0.0,0.0,0.0,0.031579,0.032255,0.03254,0.030905,0.066512,0.099911,0.0,0.007103
2020-08-25,0.039852,0.0,0.0,0.0,0.0,0.0,0.0,0.0,0.045932,0.0,0.106725,0.056436,0.0,0.0,0.0,0.0,0.0,0.0,0.049456,0.0,0.031618,0.066488,0.0,0.0,0.02412,0.018058,0.022877,0.013668,0.023566,0.0,0.106156,0.096033,0.0,0.0,0.0,0.031262,0.032101,0.032453,0.030864,0.066065,0.099183,0.0,0.007086
2020-08-26,0.039951,0.0,0.0,0.0,0.0,0.0,0.0,0.0,0.045916,0.0,0.107099,0.057996,0.0,0.0,0.0,0.0,0.0,0.0,0.049661,0.0,0.03138,0.065253,0.0,0.0,0.024455,0.018001,0.023964,0.013821,0.023495,0.0,0.105596,0.096554,0.0,0.0,0.0,0.030946,0.031886,0.032312,0.030666,0.065673,0.098332,0.0,0.007043
2020-08-27,0.040333,0.0,0.0,0.0,0.0,0.0,0.0,0.0,0.04554,0.0,0.10702,0.057559,0.0,0.0,0.0,0.0,0.0,0.0,0.04976,0.0,0.031775,0.065027,0.0,0.0,0.024589,0.01788,0.023968,0.013786,0.023335,0.0,0.107104,0.095884,0.0,0.0,0.0,0.030562,0.031921,0.032334,0.030763,0.065455,0.098328,0.0,0.007076
2020-08-28,0.040061,0.0,0.0,0.0,0.0,0.0,0.0,0.0,0.045381,0.0,0.106916,0.057264,0.0,0.0,0.0,0.0,0.0,0.0,0.049974,0.0,0.031607,0.065091,0.0,0.0,0.024619,0.018074,0.024013,0.013737,0.023428,0.0,0.107527,0.096821,0.0,0.0,0.0,0.030311,0.031735,0.032195,0.030558,0.065163,0.098503,0.0,0.007023
2020-08-31,0.0,0.0,0.0,0.0,0.0,0.0,0.0,0.0,0.084905,0.0,0.085015,0.055837,0.0,0.0,0.0,0.0,0.0,0.0,0.059057,0.063933,0.0845,0.0,0.054824,0.0,0.017807,0.018035,0.011974,0.017954,0.017931,0.0,0.084914,0.084482,0.0,0.0,0.0,0.027863,0.027673,0.028301,0.042115,0.041852,0.085036,0.0,0.005992
2020-09-01,0.0,0.0,0.0,0.0,0.0,0.0,0.0,0.0,0.085209,0.0,0.084955,0.055675,0.0,0.0,0.0,0.0,0.0,0.0,0.060046,0.065116,0.082819,0.0,0.054276,0.0,0.017947,0.01819,0.012161,0.018239,0.017988,0.0,0.086283,0.083648,0.0,0.0,0.0,0.02787,0.027457,0.028004,0.041877,0.041652,0.084664,0.0,0.005925
2020-09-02,0.0,0.0,0.0,0.0,0.0,0.0,0.0,0.0,0.084961,0.0,0.08544,0.056406,0.0,0.0,0.0,0.0,0.0,0.0,0.060916,0.064777,0.0838,0.0,0.054816,0.0,0.017961,0.018567,0.012126,0.018281,0.018259,0.0,0.085548,0.081887,0.0,0.0,0.0,0.02791,0.027275,0.02779,0.04159,0.041481,0.084331,0.0,0.005878
2020-09-03,0.0,0.0,0.0,0.0,0.0,0.0,0.0,0.0,0.085667,0.0,0.084682,0.055778,0.0,0.0,0.0,0.0,0.0,0.0,0.060631,0.063612,0.083443,0.0,0.055145,0.0,0.017338,0.017946,0.011736,0.017657,0.017946,0.0,0.083751,0.083141,0.0,0.0,0.0,0.02865,0.027956,0.028348,0.042307,0.042367,0.085884,0.0,0.006016
2020-09-04,0.0,0.0,0.0,0.0,0.0,0.0,0.0,0.0,0.086357,0.0,0.084244,0.055112,0.0,0.0,0.0,0.0,0.0,0.0,0.061061,0.06259,0.083382,0.0,0.055374,0.0,0.017206,0.017874,0.011465,0.017347,0.018002,0.0,0.084597,0.083909,0.0,0.0,0.0,0.028287,0.027979,0.028443,0.042464,0.042188,0.086067,0.0,0.006054
2020-09-07,0.0,0.0,0.0,0.0,0.0,0.0,0.0,0.0,0.086356,0.0,0.084244,0.055112,0.0,0.0,0.0,0.0,0.0,0.0,0.061061,0.06259,0.083382,0.0,0.055374,0.0,0.017206,0.017874,0.011465,0.017347,0.018002,0.0,0.084597,0.083909,0.0,0.0,0.0,0.028287,0.027979,0.028443,0.042464,0.042187,0.086066,0.0,0.006055
2020-09-08,0.0,0.0,0.0,0.0,0.0,0.0,0.0,0.0,0.087427,0.0,0.084284,0.054397,0.0,0.0,0.0,0.0,0.0,0.0,0.060739,0.063152,0.083139,0.0,0.054955,0.0,0.016655,0.017273,0.011219,0.017176,0.017992,0.0,0.08189,0.084901,0.0,0.0,0.0,0.028853,0.028425,0.028862,0.04281,0.04281,0.086906,0.0,0.006136
2020-09-09,0.0,0.0,0.0,0.0,0.0,0.0,0.0,0.0,0.086923,0.0,0.084745,0.054325,0.0,0.0,0.0,0.0,0.0,0.0,0.061486,0.064347,0.083498,0.0,0.055019,0.0,0.016972,0.01751,0.011387,0.017269,0.01815,0.0,0.08173,0.084598,0.0,0.0,0.0,0.028397,0.028038,0.028498,0.042579,0.042275,0.086196,0.0,0.006058
2020-09-10,0.0,0.0,0.0,0.0,0.0,0.0,0.0,0.0,0.08719,0.0,0.084223,0.053965,0.0,0.0,0.0,0.0,0.0,0.0,0.061413,0.064498,0.082901,0.0,0.054793,0.0,0.016726,0.017416,0.011339,0.017186,0.018085,0.0,0.081241,0.085024,0.0,0.0,0.0,0.028778,0.028305,0.028759,0.042729,0.042657,0.086665,0.0,0.006106
2020-09-11,0.0,0.0,0.0,0.0,0.0,0.0,0.0,0.0,0.087038,0.0,0.084051,0.053604,0.0,0.0,0.0,0.0,0.0,0.0,0.061976,0.065329,0.082932,0.0,0.054904,0.0,0.01654,0.01735,0.01114,0.01702,0.018068,0.0,0.082028,0.084718,0.0,0.0,0.0,0.028737,0.028249,0.028642,0.042663,0.042537,0.086389,0.0,0.006086
2020-09-14,0.0,0.0,0.0,0.0,0.0,0.0,0.0,0.0,0.087404,0.0,0.083976,0.053197,0.0,0.0,0.0,0.0,0.0,0.0,0.062155,0.065644,0.083163,0.0,0.054631,0.0,0.016694,0.017495,0.011216,0.017059,0.018247,0.0,0.084303,0.084414,0.0,0.0,0.0,0.028408,0.027902,0.028297,0.042132,0.042158,0.085488,0.0,0.006015
2020-09-15,0.0,0.0,0.0,0.0,0.0,0.0,0.0,0.0,0.087915,0.0,0.084094,0.053781,0.0,0.0,0.0,0.0,0.0,0.0,0.062036,0.064431,0.082713,0.0,0.054189,0.0,0.016746,0.017677,0.011341,0.017092,0.018329,0.0,0.087118,0.083646,0.0,0.0,0.0,0.028148,0.027701,0.028127,0.041963,0.041921,0.085055,0.0,0.005976
2020-09-16,0.0,0.0,0.0,0.0,0.0,0.0,0.0,0.0,0.087986,0.0,0.083693,0.053243,0.0,0.0,0.0,0.0,0.0,0.0,0.062133,0.066144,0.082639,0.0,0.053991,0.0,0.0165,0.017526,0.011177,0.017066,0.018284,0.0,0.086844,0.08395,0.0,0.0,0.0,0.028087,0.027707,0.02815,0.041997,0.041983,0.084921,0.0,0.005979
2020-09-17,0.0,0.0,0.0,0.0,0.0,0.0,0.0,0.0,0.088001,0.0,0.082876,0.052492,0.0,0.0,0.0,0.0,0.0,0.0,0.062864,0.065468,0.082725,0.0,0.053882,0.0,0.016435,0.017593,0.011086,0.016962,0.018284,0.0,0.087806,0.083853,0.0,0.0,0.0,0.028295,0.027837,0.028288,0.042135,0.042175,0.084937,0.0,0.006005
2020-09-18,0.0,0.0,0.0,0.0,0.0,0.0,0.0,0.0,0.088255,0.0,0.082122,0.052242,0.0,0.0,0.0,0.0,0.0,0.0,0.062085,0.065162,0.083003,0.0,0.053648,0.0,0.01623,0.017402,0.011082,0.017035,0.018247,0.0,0.088888,0.084373,0.0,0.0,0.0,0.028345,0.027947,0.028401,0.042235,0.042303,0.084958,0.0,0.006035
2020-09-21,0.0,0.0,0.0,0.0,0.0,0.0,0.0,0.0,0.088952,0.0,0.081936,0.052268,0.0,0.0,0.0,0.0,0.0,0.0,0.060736,0.064772,0.082476,0.0,0.053897,0.0,0.016568,0.017585,0.011418,0.017346,0.018121,0.0,0.087871,0.083699,0.0,0.0,0.0,0.028841,0.028344,0.0287,0.042412,0.042784,0.085165,0.0,0.006107
2020-09-22,0.0,0.0,0.0,0.0,0.0,0.0,0.0,0.0,0.087764,0.0,0.083307,0.053049,0.0,0.0,0.0,0.0,0.0,0.0,0.060589,0.066516,0.081946,0.0,0.05398,0.0,0.016757,0.01769,0.011606,0.017603,0.018191,0.0,0.086857,0.082935,0.0,0.0,0.0,0.028694,0.028222,0.028585,0.042376,0.042625,0.084623,0.0,0.006083
2020-09-23,0.0,0.0,0.0,0.0,0.0,0.0,0.0,0.0,0.087867,0.0,0.083606,0.052835,0.0,0.0,0.0,0.0,0.0,0.0,0.060005,0.065196,0.082751,0.0,0.05425,0.0,0.016565,0.017634,0.011518,0.017526,0.018397,0.0,0.084393,0.082793,0.0,0.0,0.0,0.029317,0.028795,0.029136,0.0428,0.043178,0.085231,0.0,0.006207
2020-09-24,0.0,0.0,0.0,0.0,0.0,0.0,0.0,0.0,0.086553,0.0,0.083637,0.052978,0.0,0.0,0.0,0.0,0.0,0.0,0.060482,0.065929,0.082402,0.0,0.054694,0.0,0.016671,0.017797,0.01148,0.01731,0.018377,0.0,0.083362,0.083166,0.0,0.0,0.0,0.029452,0.028832,0.02918,0.042859,0.043103,0.085524,0.0,0.006212
2020-09-25,0.0,0.0,0.0,0.0,0.0,0.0,0.0,0.0,0.08621,0.0,0.084156,0.053323,0.0,0.0,0.0,0.0,0.0,0.0,0.060609,0.065461,0.083163,0.0,0.054612,0.0,0.016955,0.01792,0.011725,0.017566,0.018512,0.0,0.083691,0.082371,0.0,0.0,0.0,0.029254,0.028662,0.029023,0.042494,0.042768,0.085358,0.0,0.006168
2020-09-28,0.0,0.0,0.0,0.0,0.0,0.0,0.0,0.0,0.087008,0.0,0.084774,0.053315,0.0,0.0,0.0,0.0,0.0,0.0,0.060771,0.067022,0.082799,0.0,0.054493,0.0,0.017049,0.018168,0.0117,0.017528,0.018535,0.0,0.083874,0.082094,0.0,0.0,0.0,0.028783,0.028276,0.028696,0.042202,0.042413,0.084414,0.0,0.006087
2020-09-29,0.0,0.0,0.0,0.0,0.0,0.0,0.0,0.0,0.087137,0.0,0.084032,0.053316,0.0,0.0,0.0,0.0,0.0,0.0,0.06026,0.066217,0.082612,0.0,0.05408,0.0,0.016975,0.018193,0.011652,0.01748,0.018745,0.0,0.086092,0.082704,0.0,0.0,0.0,0.028787,0.028269,0.028715,0.042195,0.042317,0.08414,0.0,0.006082
2020-09-30,0.0373,0.0,0.0,0.0,0.0,0.0,0.0,0.0,0.0,0.0,0.122742,0.072295,0.0,0.0,0.0,0.0,0.0,0.122797,0.054851,0.094629,0.0,0.0,0.0,0.0,0.02632,0.022859,0.026234,0.018678,0.026679,0.0,0.122701,0.0,0.122868,0.0,0.122787,0.0,0.0,0.0,0.0,0.0,0.0,0.0,0.006261
2020-10-01,0.037136,0.0,0.0,0.0,0.0,0.0,0.0,0.0,0.0,0.0,0.123244,0.07268,0.0,0.0,0.0,0.0,0.0,0.121489,0.053596,0.095629,0.0,0.0,0.0,0.0,0.026361,0.023141,0.026503,0.018815,0.026793,0.0,0.123102,0.0,0.124312,0.0,0.120994,0.0,0.0,0.0,0.0,0.0,0.0,0.0,0.006204
2020-10-02,0.037004,0.0,0.0,0.0,0.0,0.0,0.0,0.0,0.0,0.0,0.123123,0.071477,0.0,0.0,0.0,0.0,0.0,0.122745,0.054251,0.096472,0.0,0.0,0.0,0.0,0.025777,0.02252,0.026064,0.018661,0.026633,0.0,0.122071,0.0,0.124943,0.0,0.122037,0.0,0.0,0.0,0.0,0.0,0.0,0.0,0.006223
2020-10-05,0.036877,0.0,0.0,0.0,0.0,0.0,0.0,0.0,0.0,0.0,0.122813,0.071523,0.0,0.0,0.0,0.0,0.0,0.122893,0.054429,0.09486,0.0,0.0,0.0,0.0,0.025933,0.022864,0.026055,0.018678,0.026491,0.0,0.122905,0.0,0.125726,0.0,0.121825,0.0,0.0,0.0,0.0,0.0,0.0,0.0,0.006128
2020-10-06,0.037596,0.0,0.0,0.0,0.0,0.0,0.0,0.0,0.0,0.0,0.122554,0.071191,0.0,0.0,0.0,0.0,0.0,0.123871,0.054643,0.094731,0.0,0.0,0.0,0.0,0.025957,0.023135,0.026286,0.018985,0.026858,0.0,0.124256,0.0,0.122796,0.0,0.12091,0.0,0.0,0.0,0.0,0.0,0.0,0.0,0.006231
2020-10-07,0.036923,0.0,0.0,0.0,0.0,0.0,0.0,0.0,0.0,0.0,0.123053,0.070395,0.0,0.0,0.0,0.0,0.0,0.12484,0.055021,0.09402,0.0,0.0,0.0,0.0,0.025948,0.023145,0.026387,0.018914,0.026804,0.0,0.124489,0.0,0.122538,0.0,0.121411,0.0,0.0,0.0,0.0,0.0,0.0,0.0,0.006114
2020-10-08,0.036842,0.0,0.0,0.0,0.0,0.0,0.0,0.0,0.0,0.0,0.122837,0.070721,0.0,0.0,0.0,0.0,0.0,0.124509,0.055117,0.095655,0.0,0.0,0.0,0.0,0.025867,0.023238,0.02619,0.01881,0.026666,0.0,0.123965,0.0,0.122021,0.0,0.121499,0.0,0.0,0.0,0.0,0.0,0.0,0.0,0.006063
2020-10-09,0.036605,0.0,0.0,0.0,0.0,0.0,0.0,0.0,0.0,0.0,0.121979,0.069921,0.0,0.0,0.0,0.0,0.0,0.123365,0.054587,0.094756,0.0,0.0,0.0,0.0,0.02581,0.023239,0.026218,0.018742,0.026462,0.0,0.124457,0.0,0.126571,0.0,0.121326,0.0,0.0,0.0,0.0,0.0,0.0,0.0,0.005961
2020-10-12,0.036866,0.0,0.0,0.0,0.0,0.0,0.0,0.0,0.0,0.0,0.122911,0.071363,0.0,0.0,0.0,0.0,0.0,0.122892,0.054193,0.094733,0.0,0.0,0.0,0.0,0.026367,0.023453,0.026462,0.018977,0.026532,0.0,0.124255,0.0,0.125434,0.0,0.119638,0.0,0.0,0.0,0.0,0.0,0.0,0.0,0.005926
2020-10-13,0.037078,0.0,0.0,0.0,0.0,0.0,0.0,0.0,0.0,0.0,0.123908,0.072026,0.0,0.0,0.0,0.0,0.0,0.122947,0.054157,0.09469,0.0,0.0,0.0,0.0,0.026415,0.023605,0.026893,0.019268,0.026752,0.0,0.125199,0.0,0.121922,0.0,0.119161,0.0,0.0,0.0,0.0,0.0,0.0,0.0,0.005976
2020-10-14,0.036978,0.0,0.0,0.0,0.0,0.0,0.0,0.0,0.0,0.0,0.122588,0.071196,0.0,0.0,0.0,0.0,0.0,0.124119,0.054337,0.094571,0.0,0.0,0.0,0.0,0.026287,0.02352,0.026716,0.019194,0.026736,0.0,0.125193,0.0,0.122245,0.0,0.120343,0.0,0.0,0.0,0.0,0.0,0.0,0.0,0.005977
2020-10-15,0.036428,0.0,0.0,0.0,0.0,0.0,0.0,0.0,0.0,0.0,0.123014,0.070633,0.0,0.0,0.0,0.0,0.0,0.125157,0.054168,0.095681,0.0,0.0,0.0,0.0,0.026162,0.023451,0.026613,0.019057,0.02641,0.0,0.124901,0.0,0.122487,0.0,0.119862,0.0,0.0,0.0,0.0,0.0,0.0,0.0,0.005976
2020-10-16,0.037015,0.0,0.0,0.0,0.0,0.0,0.0,0.0,0.0,0.0,0.122598,0.07105,0.0,0.0,0.0,0.0,0.0,0.124227,0.054859,0.09522,0.0,0.0,0.0,0.0,0.026236,0.023474,0.026866,0.019151,0.026571,0.0,0.123794,0.0,0.122264,0.0,0.120665,0.0,0.0,0.0,0.0,0.0,0.0,0.0,0.006011
2020-10-19,0.037171,0.0,0.0,0.0,0.0,0.0,0.0,0.0,0.0,0.0,0.122187,0.070408,0.0,0.0,0.0,0.0,0.0,0.123928,0.054713,0.093994,0.0,0.0,0.0,0.0,0.025989,0.023567,0.026853,0.019116,0.026774,0.0,0.123341,0.0,0.124251,0.0,0.121643,0.0,0.0,0.0,0.0,0.0,0.0,0.0,0.006065
2020-10-20,0.036436,0.0,0.0,0.0,0.0,0.0,0.0,0.0,0.0,0.0,0.121538,0.069978,0.0,0.0,0.0,0.0,0.0,0.123949,0.054113,0.093518,0.0,0.0,0.0,0.0,0.025734,0.023217,0.026354,0.018689,0.026668,0.0,0.125051,0.0,0.124998,0.0,0.123775,0.0,0.0,0.0,0.0,0.0,0.0,0.0,0.005984
2020-10-21,0.036438,0.0,0.0,0.0,0.0,0.0,0.0,0.0,0.0,0.0,0.12101,0.071233,0.0,0.0,0.0,0.0,0.0,0.122675,0.053968,0.090824,0.0,0.0,0.0,0.0,0.025724,0.023088,0.026335,0.018442,0.026551,0.0,0.124194,0.0,0.126606,0.0,0.126921,0.0,0.0,0.0,0.0,0.0,0.0,0.0,0.005991
2020-10-22,0.036415,0.0,0.0,0.0,0.0,0.0,0.0,0.0,0.0,0.0,0.121606,0.071905,0.0,0.0,0.0,0.0,0.0,0.123187,0.054421,0.088775,0.0,0.0,0.0,0.0,0.025676,0.023163,0.026292,0.018459,0.026691,0.0,0.125344,0.0,0.12517,0.0,0.126887,0.0,0.0,0.0,0.0,0.0,0.0,0.0,0.006008
2020-10-23,0.036405,0.0,0.0,0.0,0.0,0.0,0.0,0.0,0.0,0.0,0.122045,0.072212,0.0,0.0,0.0,0.0,0.0,0.124044,0.05434,0.090236,0.0,0.0,0.0,0.0,0.025517,0.022964,0.026373,0.018406,0.026555,0.0,0.123474,0.0,0.124422,0.0,0.12703,0.0,0.0,0.0,0.0,0.0,0.0,0.0,0.005977
2020-10-26,0.036488,0.0,0.0,0.0,0.0,0.0,0.0,0.0,0.0,0.0,0.122123,0.07206,0.0,0.0,0.0,0.0,0.0,0.123468,0.054054,0.088693,0.0,0.0,0.0,0.0,0.025468,0.022921,0.026241,0.018423,0.026514,0.0,0.125794,0.0,0.125114,0.0,0.126541,0.0,0.0,0.0,0.0,0.0,0.0,0.0,0.006098
2020-10-27,0.036533,0.0,0.0,0.0,0.0,0.0,0.0,0.0,0.0,0.0,0.122123,0.072556,0.0,0.0,0.0,0.0,0.0,0.121738,0.053566,0.087187,0.0,0.0,0.0,0.0,0.025608,0.022842,0.026494,0.018431,0.02662,0.0,0.127825,0.0,0.125837,0.0,0.126542,0.0,0.0,0.0,0.0,0.0,0.0,0.0,0.006099
2020-10-28,0.036615,0.0,0.0,0.0,0.0,0.0,0.0,0.0,0.0,0.0,0.121936,0.071873,0.0,0.0,0.0,0.0,0.0,0.120164,0.05367,0.089324,0.0,0.0,0.0,0.0,0.025283,0.02278,0.026363,0.018453,0.026677,0.0,0.130008,0.0,0.124322,0.0,0.126242,0.0,0.0,0.0,0.0,0.0,0.0,0.0,0.006288
2020-10-29,0.036156,0.0,0.0,0.0,0.0,0.0,0.0,0.0,0.0,0.0,0.121284,0.072829,0.0,0.0,0.0,0.0,0.0,0.121406,0.054144,0.087573,0.0,0.0,0.0,0.0,0.025407,0.023087,0.026204,0.018154,0.026719,0.0,0.131909,0.0,0.122484,0.0,0.126426,0.0,0.0,0.0,0.0,0.0,0.0,0.0,0.006218
2020-10-30,0.0,0.0,0.0,0.0,0.0,0.0,0.0,0.074209,0.039898,0.026764,0.141019,0.0,0.0,0.0,0.0,0.0,0.0,0.132386,0.010848,0.141245,0.0,0.0,0.0,0.0,0.0,0.038251,0.033492,0.0,0.061964,0.0,0.141244,0.0,0.043393,0.0,0.094692,0.0,0.0,0.0,0.0,0.0,0.0,0.0,0.020595
2020-11-02,0.0,0.0,0.0,0.0,0.0,0.0,0.0,0.073343,0.039664,0.026828,0.139951,0.0,0.0,0.0,0.0,0.0,0.0,0.131268,0.011045,0.143543,0.0,0.0,0.0,0.0,0.0,0.037827,0.032789,0.0,0.061587,0.0,0.144021,0.0,0.043576,0.0,0.094264,0.0,0.0,0.0,0.0,0.0,0.0,0.0,0.020294
2020-11-03,0.0,0.0,0.0,0.0,0.0,0.0,0.0,0.072476,0.039359,0.026886,0.1403,0.0,0.0,0.0,0.0,0.0,0.0,0.13266,0.011003,0.143111,0.0,0.0,0.0,0.0,0.0,0.037804,0.032841,0.0,0.061924,0.0,0.143233,0.0,0.042801,0.0,0.095699,0.0,0.0,0.0,0.0,0.0,0.0,0.0,0.019904
2020-11-04,0.0,0.0,0.0,0.0,0.0,0.0,0.0,0.073278,0.039355,0.027019,0.141128,0.0,0.0,0.0,0.0,0.0,0.0,0.128708,0.010653,0.148143,0.0,0.0,0.0,0.0,0.0,0.038536,0.033908,0.0,0.061993,0.0,0.142854,0.0,0.041781,0.0,0.093042,0.0,0.0,0.0,0.0,0.0,0.0,0.0,0.019601
2020-11-05,0.0,0.0,0.0,0.0,0.0,0.0,0.0,0.072134,0.038533,0.02688,0.139827,0.0,0.0,0.0,0.0,0.0,0.0,0.128297,0.010775,0.144096,0.0,0.0,0.0,0.0,0.0,0.039133,0.033711,0.0,0.061922,0.0,0.149466,0.0,0.043106,0.0,0.093071,0.0,0.0,0.0,0.0,0.0,0.0,0.0,0.019049
2020-11-06,0.0,0.0,0.0,0.0,0.0,0.0,0.0,0.072889,0.03861,0.026829,0.1396,0.0,0.0,0.0,0.0,0.0,0.0,0.127713,0.010817,0.140572,0.0,0.0,0.0,0.0,0.0,0.039826,0.034012,0.0,0.061863,0.0,0.149217,0.0,0.043494,0.0,0.095484,0.0,0.0,0.0,0.0,0.0,0.0,0.0,0.019072
2020-11-09,0.0,0.0,0.0,0.0,0.0,0.0,0.0,0.074696,0.039017,0.027125,0.139307,0.0,0.0,0.0,0.0,0.0,0.0,0.130987,0.011074,0.130916,0.0,0.0,0.0,0.0,0.0,0.039409,0.032823,0.0,0.063471,0.0,0.153586,0.0,0.041184,0.0,0.097313,0.0,0.0,0.0,0.0,0.0,0.0,0.0,0.019093
2020-11-10,0.0,0.0,0.0,0.0,0.0,0.0,0.0,0.073825,0.03885,0.0274,0.138949,0.0,0.0,0.0,0.0,0.0,0.0,0.133472,0.011215,0.137548,0.0,0.0,0.0,0.0,0.0,0.038264,0.031793,0.0,0.06181,0.0,0.150117,0.0,0.041096,0.0,0.096549,0.0,0.0,0.0,0.0,0.0,0.0,0.0,0.019111
2020-11-11,0.0,0.0,0.0,0.0,0.0,0.0,0.0,0.073939,0.039253,0.027638,0.139529,0.0,0.0,0.0,0.0,0.0,0.0,0.131757,0.010997,0.139156,0.0,0.0,0.0,0.0,0.0,0.039462,0.032535,0.0,0.062459,0.0,0.147467,0.0,0.041074,0.0,0.095703,0.0,0.0,0.0,0.0,0.0,0.0,0.0,0.019031
2020-11-12,0.0,0.0,0.0,0.0,0.0,0.0,0.0,0.073639,0.03944,0.027611,0.138867,0.0,0.0,0.0,0.0,0.0,0.0,0.13111,0.01086,0.137743,0.0,0.0,0.0,0.0,0.0,0.039317,0.032747,0.0,0.062547,0.0,0.148851,0.0,0.041489,0.0,0.096583,0.0,0.0,0.0,0.0,0.0,0.0,0.0,0.019195
2020-11-13,0.0,0.0,0.0,0.0,0.0,0.0,0.0,0.073534,0.039252,0.02777,0.138592,0.0,0.0,0.0,0.0,0.0,0.0,0.131592,0.010849,0.138184,0.0,0.0,0.0,0.0,0.0,0.039086,0.032281,0.0,0.062451,0.0,0.149633,0.0,0.041378,0.0,0.096547,0.0,0.0,0.0,0.0,0.0,0.0,0.0,0.018851
2020-11-16,0.0,0.0,0.0,0.0,0.0,0.0,0.0,0.073059,0.039307,0.027813,0.138019,0.0,0.0,0.0,0.0,0.0,0.0,0.132608,0.010875,0.137471,0.0,0.0,0.0,0.0,0.0,0.039377,0.031707,0.0,0.062556,0.0,0.14924,0.0,0.040887,0.0,0.098551,0.0,0.0,0.0,0.0,0.0,0.0,0.0,0.018529
2020-11-17,0.0,0.0,0.0,0.0,0.0,0.0,0.0,0.073114,0.039394,0.027861,0.137763,0.0,0.0,0.0,0.0,0.0,0.0,0.133363,0.010861,0.137679,0.0,0.0,0.0,0.0,0.0,0.039146,0.032096,0.0,0.062222,0.0,0.148534,0.0,0.040487,0.0,0.098907,0.0,0.0,0.0,0.0,0.0,0.0,0.0,0.018573
2020-11-18,0.0,0.0,0.0,0.0,0.0,0.0,0.0,0.073339,0.039903,0.027986,0.137503,0.0,0.0,0.0,0.0,0.0,0.0,0.133138,0.010825,0.138391,0.0,0.0,0.0,0.0,0.0,0.039049,0.032026,0.0,0.062431,0.0,0.147078,0.0,0.040349,0.0,0.099321,0.0,0.0,0.0,0.0,0.0,0.0,0.0,0.018661
2020-11-19,0.0,0.0,0.0,0.0,0.0,0.0,0.0,0.072873,0.039807,0.027817,0.137793,0.0,0.0,0.0,0.0,0.0,0.0,0.132708,0.010839,0.138738,0.0,0.0,0.0,0.0,0.0,0.039514,0.032522,0.0,0.062579,0.0,0.147789,0.0,0.040003,0.0,0.098404,0.0,0.0,0.0,0.0,0.0,0.0,0.0,0.018613
2020-11-20,0.0,0.0,0.0,0.0,0.0,0.0,0.0,0.072644,0.039607,0.027744,0.136602,0.0,0.0,0.0,0.0,0.0,0.0,0.13101,0.010793,0.137602,0.0,0.0,0.0,0.0,0.0,0.039195,0.032385,0.0,0.062586,0.0,0.150765,0.0,0.039991,0.0,0.100528,0.0,0.0,0.0,0.0,0.0,0.0,0.0,0.018549
2020-11-23,0.0,0.0,0.0,0.0,0.0,0.0,0.0,0.071881,0.039439,0.027895,0.136206,0.0,0.0,0.0,0.0,0.0,0.0,0.131185,0.010733,0.139235,0.0,0.0,0.0,0.0,0.0,0.039207,0.031897,0.0,0.061925,0.0,0.153205,0.0,0.03846,0.0,0.100438,0.0,0.0,0.0,0.0,0.0,0.0,0.0,0.018293
2020-11-24,0.0,0.0,0.0,0.0,0.0,0.0,0.0,0.072081,0.038994,0.027973,0.136343,0.0,0.0,0.0,0.0,0.0,0.0,0.132527,0.01085,0.134952,0.0,0.0,0.0,0.0,0.0,0.038882,0.031544,0.0,0.061883,0.0,0.156165,0.0,0.037415,0.0,0.102348,0.0,0.0,0.0,0.0,0.0,0.0,0.0,0.018043
2020-11-25,0.0,0.0,0.0,0.0,0.0,0.0,0.0,0.071801,0.038877,0.027915,0.137381,0.0,0.0,0.0,0.0,0.0,0.0,0.132454,0.010806,0.136031,0.0,0.0,0.0,0.0,0.0,0.039045,0.032097,0.0,0.062259,0.0,0.153177,0.0,0.037811,0.0,0.102187,0.0,0.0,0.0,0.0,0.0,0.0,0.0,0.018158
2020-11-26,0.0,0.0,0.0,0.0,0.0,0.0,0.0,0.071801,0.038877,0.027915,0.137381,0.0,0.0,0.0,0.0,0.0,0.0,0.132455,0.010806,0.136032,0.0,0.0,0.0,0.0,0.0,0.039045,0.032097,0.0,0.062259,0.0,0.153178,0.0,0.037811,0.0,0.102187,0.0,0.0,0.0,0.0,0.0,0.0,0.0,0.018154
2020-11-27,0.0,0.0,0.0,0.0,0.0,0.0,0.0,0.071731,0.038994,0.028192,0.137022,0.0,0.0,0.0,0.0,0.0,0.0,0.131115,0.01081,0.135766,0.0,0.0,0.0,0.0,0.0,0.039322,0.032453,0.0,0.062827,0.0,0.153053,0.0,0.036471,0.0,0.104176,0.0,0.0,0.0,0.0,0.0,0.0,0.0,0.018067
2020-11-30,0.0,0.0,0.0,0.0,0.059785,0.022257,0.0,0.049306,0.028409,0.024373,0.080545,0.0,0.0,0.0,0.0,0.0,0.02326,0.101112,0.021335,0.102488,0.0,0.0,0.0,0.011331,0.0,0.054221,0.0,0.0,0.070621,0.0,0.124958,0.0,0.095453,0.0,0.124784,0.0,0.0,0.0,0.0,0.0,0.0,0.0,0.005762
2020-12-01,0.0,0.0,0.0,0.0,0.059934,0.022072,0.0,0.050029,0.028443,0.024448,0.079838,0.0,0.0,0.0,0.0,0.0,0.022829,0.099951,0.021222,0.09945,0.0,0.0,0.0,0.011227,0.0,0.054229,0.0,0.0,0.071131,0.0,0.124712,0.0,0.099494,0.0,0.125327,0.0,0.0,0.0,0.0,0.0,0.0,0.0,0.005667
2020-12-02,0.0,0.0,0.0,0.0,0.06016,0.02199,0.0,0.049997,0.02869,0.024963,0.079521,0.0,0.0,0.0,0.0,0.0,0.022912,0.100579,0.020998,0.097058,0.0,0.0,0.0,0.011327,0.0,0.054513,0.0,0.0,0.071184,0.0,0.12363,0.0,0.099856,0.0,0.12694,0.0,0.0,0.0,0.0,0.0,0.0,0.0,0.00568
2020-12-03,0.0,0.0,0.0,0.0,0.060526,0.022019,0.0,0.049815,0.028778,0.0252,0.079115,0.0,0.0,0.0,0.0,0.0,0.022791,0.10007,0.020688,0.099269,0.0,0.0,0.0,0.011122,0.0,0.054154,0.0,0.0,0.070624,0.0,0.122609,0.0,0.099513,0.0,0.128069,0.0,0.0,0.0,0.0,0.0,0.0,0.0,0.005636
2020-12-04,0.0,0.0,0.0,0.0,0.060152,0.021761,0.0,0.049677,0.028972,0.02558,0.078225,0.0,0.0,0.0,0.0,0.0,0.022781,0.10005,0.020848,0.096908,0.0,0.0,0.0,0.010876,0.0,0.054952,0.0,0.0,0.070517,0.0,0.124213,0.0,0.098519,0.0,0.130402,0.0,0.0,0.0,0.0,0.0,0.0,0.0,0.005567
2020-12-07,0.0,0.0,0.0,0.0,0.06019,0.021589,0.0,0.0499,0.028955,0.025556,0.077823,0.0,0.0,0.0,0.0,0.0,0.022607,0.099604,0.020653,0.098749,0.0,0.0,0.0,0.010906,0.0,0.055072,0.0,0.0,0.06924,0.0,0.126047,0.0,0.099722,0.0,0.127841,0.0,0.0,0.0,0.0,0.0,0.0,0.0,0.00555
2020-12-08,0.0,0.0,0.0,0.0,0.059918,0.021636,0.0,0.049985,0.029095,0.02499,0.07759,0.0,0.0,0.0,0.0,0.0,0.022696,0.09998,0.02075,0.096243,0.0,0.0,0.0,0.010863,0.0,0.0552,0.0,0.0,0.0695,0.0,0.129229,0.0,0.099633,0.0,0.127147,0.0,0.0,0.0,0.0,0.0,0.0,0.0,0.005545
2020-12-09,0.0,0.0,0.0,0.0,0.060245,0.021452,0.0,0.050358,0.029207,0.02545,0.078156,0.0,0.0,0.0,0.0,0.0,0.022935,0.10114,0.020933,0.097429,0.0,0.0,0.0,0.010934,0.0,0.054087,0.0,0.0,0.069641,0.0,0.126835,0.0,0.097858,0.0,0.127747,0.0,0.0,0.0,0.0,0.0,0.0,0.0,0.005592
2020-12-10,0.0,0.0,0.0,0.0,0.060405,0.021674,0.0,0.050528,0.029067,0.025613,0.077803,0.0,0.0,0.0,0.0,0.0,0.022634,0.099776,0.020729,0.097235,0.0,0.0,0.0,0.010838,0.0,0.053816,0.0,0.0,0.069388,0.0,0.127323,0.0,0.097897,0.0,0.129702,0.0,0.0,0.0,0.0,0.0,0.0,0.0,0.005571
2020-12-11,0.0,0.0,0.0,0.0,0.060646,0.021628,0.0,0.050738,0.029229,0.025613,0.077995,0.0,0.0,0.0,0.0,0.0,0.022853,0.100417,0.02076,0.097764,0.0,0.0,0.0,0.010934,0.0,0.05368,0.0,0.0,0.069632,0.0,0.125988,0.0,0.098345,0.0,0.128164,0.0,0.0,0.0,0.0,0.0,0.0,0.0,0.005613
2020-12-14,0.0,0.0,0.0,0.0,0.06052,0.021515,0.0,0.050737,0.029262,0.025491,0.078165,0.0,0.0,0.0,0.0,0.0,0.022573,0.098163,0.020511,0.098293,0.0,0.0,0.0,0.010886,0.0,0.054318,0.0,0.0,0.070181,0.0,0.128084,0.0,0.097972,0.0,0.127713,0.0,0.0,0.0,0.0,0.0,0.0,0.0,0.005616
2020-12-15,0.0,0.0,0.0,0.0,0.0597,0.021282,0.0,0.050724,0.028933,0.02547,0.078022,0.0,0.0,0.0,0.0,0.0,0.022541,0.097512,0.020567,0.098006,0.0,0.0,0.0,0.010933,0.0,0.054243,0.0,0.0,0.06985,0.0,0.12909,0.0,0.099279,0.0,0.128319,0.0,0.0,0.0,0.0,0.0,0.0,0.0,0.005531
2020-12-16,0.0,0.0,0.0,0.0,0.059865,0.021343,0.0,0.050396,0.029012,0.025144,0.078126,0.0,0.0,0.0,0.0,0.0,0.022285,0.097014,0.020403,0.09748,0.0,0.0,0.0,0.01075,0.0,0.053993,0.0,0.0,0.069274,0.0,0.128694,0.0,0.102315,0.0,0.128404,0.0,0.0,0.0,0.0,0.0,0.0,0.0,0.005503
2020-12-17,0.0,0.0,0.0,0.0,0.059388,0.02127,0.0,0.050042,0.028507,0.024726,0.07753,0.0,0.0,0.0,0.0,0.0,0.0221,0.096736,0.020342,0.09983,0.0,0.0,0.0,0.010667,0.0,0.053315,0.0,0.0,0.069162,0.0,0.127455,0.0,0.103109,0.0,0.130399,0.0,0.0,0.0,0.0,0.0,0.0,0.0,0.005423
2020-12-18,0.0,0.0,0.0,0.0,0.059503,0.02128,0.0,0.050148,0.02845,0.024604,0.077238,0.0,0.0,0.0,0.0,0.0,0.022127,0.096187,0.020455,0.100389,0.0,0.0,0.0,0.010587,0.0,0.053057,0.0,0.0,0.068985,0.0,0.129174,0.0,0.102411,0.0,0.129975,0.0,0.0,0.0,0.0,0.0,0.0,0.0,0.005429
2020-12-21,0.0,0.0,0.0,0.0,0.058715,0.021179,0.0,0.048452,0.028494,0.024371,0.076366,0.0,0.0,0.0,0.0,0.0,0.021993,0.095709,0.020347,0.099749,0.0,0.0,0.0,0.010459,0.0,0.05282,0.0,0.0,0.068606,0.0,0.133436,0.0,0.104206,0.0,0.129669,0.0,0.0,0.0,0.0,0.0,0.0,0.0,0.005429
2020-12-22,0.0,0.0,0.0,0.0,0.05889,0.021203,0.0,0.049271,0.028421,0.024204,0.076717,0.0,0.0,0.0,0.0,0.0,0.022086,0.096363,0.020402,0.101042,0.0,0.0,0.0,0.010532,0.0,0.053214,0.0,0.0,0.069666,0.0,0.134038,0.0,0.101041,0.0,0.127437,0.0,0.0,0.0,0.0,0.0,0.0,0.0,0.005476
2020-12-23,0.0,0.0,0.0,0.0,0.058961,0.021138,0.0,0.049679,0.028314,0.024488,0.076206,0.0,0.0,0.0,0.0,0.0,0.022007,0.095863,0.020251,0.098718,0.0,0.0,0.0,0.010418,0.0,0.05235,0.0,0.0,0.069579,0.0,0.134708,0.0,0.101733,0.0,0.130158,0.0,0.0,0.0,0.0,0.0,0.0,0.0,0.005428
2020-12-24,0.0,0.0,0.0,0.0,0.058664,0.020502,0.0,0.050046,0.028568,0.024819,0.076147,0.0,0.0,0.0,0.0,0.0,0.021946,0.095606,0.020321,0.100039,0.0,0.0,0.0,0.010462,0.0,0.052665,0.0,0.0,0.069128,0.0,0.133243,0.0,0.102124,0.0,0.130307,0.0,0.0,0.0,0.0,0.0,0.0,0.0,0.005413
2020-12-28,0.0,0.0,0.0,0.0,0.058233,0.020293,0.0,0.050132,0.028626,0.024868,0.076449,0.0,0.0,0.0,0.0,0.0,0.021812,0.095035,0.020093,0.097385,0.0,0.0,0.0,0.010431,0.0,0.05222,0.0,0.0,0.068973,0.0,0.135812,0.0,0.103361,0.0,0.130904,0.0,0.0,0.0,0.0,0.0,0.0,0.0,0.005373
2020-12-29,0.0,0.0,0.0,0.0,0.059241,0.020828,0.0,0.050498,0.028792,0.025445,0.076741,0.0,0.0,0.0,0.0,0.0,0.021757,0.094713,0.020115,0.097023,0.0,0.0,0.0,0.010466,0.0,0.052269,0.0,0.0,0.069466,0.0,0.132771,0.0,0.103554,0.0,0.13093,0.0,0.0,0.0,0.0,0.0,0.0,0.0,0.005392
2020-12-30,0.0,0.0,0.0,0.0,0.059108,0.020949,0.0,0.049973,0.02875,0.025507,0.075962,0.0,0.0,0.0,0.0,0.0,0.021544,0.093425,0.020065,0.095701,0.0,0.0,0.0,0.01035,0.0,0.052291,0.0,0.0,0.068638,0.0,0.137567,0.0,0.103436,0.0,0.131428,0.0,0.0,0.0,0.0,0.0,0.0,0.0,0.005305
2020-12-31,0.0,0.0,0.0,0.0,0.110063,0.0,0.0,0.047571,0.049012,0.033039,0.061987,0.0,0.0,0.0,0.0,0.0,0.043426,0.086816,0.107853,0.027529,0.0,0.038285,0.0,0.0,0.0,0.064317,0.0,0.0,0.064386,0.0,0.130361,0.0,0.0,0.0,0.130498,0.0,0.0,0.0,0.0,0.0,0.0,0.0,0.004856
2021-01-04,0.0,0.0,0.0,0.0,0.109255,0.0,0.0,0.047096,0.049053,0.033497,0.060714,0.0,0.0,0.0,0.0,0.0,0.04186,0.084008,0.105523,0.026715,0.0,0.037864,0.0,0.0,0.0,0.063266,0.0,0.0,0.063342,0.0,0.137947,0.0,0.0,0.0,0.135064,0.0,0.0,0.0,0.0,0.0,0.0,0.0,0.004797
2021-01-05,0.0,0.0,0.0,0.0,0.107927,0.0,0.0,0.046838,0.048941,0.033539,0.059749,0.0,0.0,0.0,0.0,0.0,0.041292,0.082874,0.105392,0.025991,0.0,0.036855,0.0,0.0,0.0,0.063063,0.0,0.0,0.062981,0.0,0.144994,0.0,0.0,0.0,0.134879,0.0,0.0,0.0,0.0,0.0,0.0,0.0,0.004685
2021-01-06,0.0,0.0,0.0,0.0,0.107551,0.0,0.0,0.046314,0.04852,0.033221,0.059873,0.0,0.0,0.0,0.0,0.0,0.041935,0.084407,0.108821,0.026051,0.0,0.037305,0.0,0.0,0.0,0.062352,0.0,0.0,0.062566,0.0,0.140257,0.0,0.0,0.0,0.136178,0.0,0.0,0.0,0.0,0.0,0.0,0.0,0.004647
2021-01-07,0.0,0.0,0.0,0.0,0.105251,0.0,0.0,0.045149,0.04836,0.033149,0.059771,0.0,0.0,0.0,0.0,0.0,0.041297,0.083417,0.107376,0.026255,0.0,0.038039,0.0,0.0,0.0,0.063372,0.0,0.0,0.062207,0.0,0.143194,0.0,0.0,0.0,0.138612,0.0,0.0,0.0,0.0,0.0,0.0,0.0,0.004552
2021-01-08,0.0,0.0,0.0,0.0,0.107941,0.0,0.0,0.046151,0.048641,0.034585,0.060922,0.0,0.0,0.0,0.0,0.0,0.04114,0.083751,0.106715,0.025513,0.0,0.038071,0.0,0.0,0.0,0.06332,0.0,0.0,0.062541,0.0,0.139747,0.0,0.0,0.0,0.136413,0.0,0.0,0.0,0.0,0.0,0.0,0.0,0.004546
2021-01-11,0.0,0.0,0.0,0.0,0.108391,0.0,0.0,0.046373,0.049364,0.034646,0.060405,0.0,0.0,0.0,0.0,0.0,0.041553,0.08459,0.107822,0.026216,0.0,0.038086,0.0,0.0,0.0,0.064625,0.0,0.0,0.062823,0.0,0.13793,0.0,0.0,0.0,0.132584,0.0,0.0,0.0,0.0,0.0,0.0,0.0,0.004593
2021-01-12,0.0,0.0,0.0,0.0,0.107862,0.0,0.0,0.046185,0.048867,0.033921,0.060539,0.0,0.0,0.0,0.0,0.0,0.041426,0.084674,0.107784,0.026114,0.0,0.037923,0.0,0.0,0.0,0.06418,0.0,0.0,0.062359,0.0,0.140226,0.0,0.0,0.0,0.133406,0.0,0.0,0.0,0.0,0.0,0.0,0.0,0.004533
2021-01-13,0.0,0.0,0.0,0.0,0.108303,0.0,0.0,0.04632,0.049832,0.034144,0.060946,0.0,0.0,0.0,0.0,0.0,0.041348,0.08472,0.107409,0.026203,0.0,0.037981,0.0,0.0,0.0,0.064721,0.0,0.0,0.062837,0.0,0.138465,0.0,0.0,0.0,0.13221,0.0,0.0,0.0,0.0,0.0,0.0,0.0,0.004564
2021-01-14,0.0,0.0,0.0,0.0,0.109393,0.0,0.0,0.046165,0.050145,0.034152,0.060152,0.0,0.0,0.0,0.0,0.0,0.041213,0.085079,0.106328,0.026078,0.0,0.038961,0.0,0.0,0.0,0.06565,0.0,0.0,0.063976,0.0,0.135728,0.0,0.0,0.0,0.132449,0.0,0.0,0.0,0.0,0.0,0.0,0.0,0.004533
2021-01-15,0.0,0.0,0.0,0.0,0.109574,0.0,0.0,0.046022,0.050119,0.033615,0.06068,0.0,0.0,0.0,0.0,0.0,0.041353,0.085379,0.106554,0.026671,0.0,0.03917,0.0,0.0,0.0,0.065383,0.0,0.0,0.063675,0.0,0.136544,0.0,0.0,0.0,0.130652,0.0,0.0,0.0,0.0,0.0,0.0,0.0,0.004608
2021-01-18,0.0,0.0,0.0,0.0,0.109824,0.0,0.0,0.04601,0.050105,0.033606,0.060663,0.0,0.0,0.0,0.0,0.0,0.041342,0.085355,0.106524,0.026663,0.0,0.039159,0.0,0.0,0.0,0.065365,0.0,0.0,0.063657,0.0,0.136506,0.0,0.0,0.0,0.130615,0.0,0.0,0.0,0.0,0.0,0.0,0.0,0.004607
2021-01-19,0.0,0.0,0.0,0.0,0.109694,0.0,0.0,0.045695,0.050053,0.033407,0.060384,0.0,0.0,0.0,0.0,0.0,0.041053,0.08418,0.1058,0.026905,0.0,0.039395,0.0,0.0,0.0,0.066917,0.0,0.0,0.064066,0.0,0.136952,0.0,0.0,0.0,0.130937,0.0,0.0,0.0,0.0,0.0,0.0,0.0,0.004561
2021-01-20,0.0,0.0,0.0,0.0,0.110016,0.0,0.0,0.046047,0.049397,0.03343,0.060729,0.0,0.0,0.0,0.0,0.0,0.040772,0.084467,0.104776,0.027664,0.0,0.038862,0.0,0.0,0.0,0.065815,0.0,0.0,0.064173,0.0,0.137836,0.0,0.0,0.0,0.131514,0.0,0.0,0.0,0.0,0.0,0.0,0.0,0.004501
2021-01-21,0.0,0.0,0.0,0.0,0.110476,0.0,0.0,0.045772,0.05018,0.034139,0.060922,0.0,0.0,0.0,0.0,0.0,0.040395,0.082948,0.103093,0.028035,0.0,0.037962,0.0,0.0,0.0,0.066669,0.0,0.0,0.064062,0.0,0.139332,0.0,0.0,0.0,0.131521,0.0,0.0,0.0,0.0,0.0,0.0,0.0,0.004494
2021-01-22,0.0,0.0,0.0,0.0,0.109936,0.0,0.0,0.045574,0.050317,0.033566,0.06111,0.0,0.0,0.0,0.0,0.0,0.040447,0.083242,0.103264,0.028502,0.0,0.03866,0.0,0.0,0.0,0.065965,0.0,0.0,0.064135,0.0,0.140984,0.0,0.0,0.0,0.129774,0.0,0.0,0.0,0.0,0.0,0.0,0.0,0.004523
2021-01-25,0.0,0.0,0.0,0.0,0.110558,0.0,0.0,0.044838,0.050187,0.034271,0.061356,0.0,0.0,0.0,0.0,0.0,0.040186,0.083191,0.102755,0.028631,0.0,0.039834,0.0,0.0,0.0,0.066081,0.0,0.0,0.064463,0.0,0.141716,0.0,0.0,0.0,0.12741,0.0,0.0,0.0,0.0,0.0,0.0,0.0,0.004525
2021-01-26,0.0,0.0,0.0,0.0,0.111088,0.0,0.0,0.045308,0.050133,0.0341,0.061973,0.0,0.0,0.0,0.0,0.0,0.040242,0.082748,0.102424,0.028482,0.0,0.039553,0.0,0.0,0.0,0.065704,0.0,0.0,0.064897,0.0,0.142064,0.0,0.0,0.0,0.12671,0.0,0.0,0.0,0.0,0.0,0.0,0.0,0.004574
2021-01-27,0.0,0.0,0.0,0.0,0.112464,0.0,0.0,0.045719,0.050771,0.033861,0.061901,0.0,0.0,0.0,0.0,0.0,0.04065,0.082724,0.102449,0.028664,0.0,0.040215,0.0,0.0,0.0,0.064201,0.0,0.0,0.065922,0.0,0.141545,0.0,0.0,0.0,0.124204,0.0,0.0,0.0,0.0,0.0,0.0,0.0,0.004712
2021-01-28,0.0,0.0,0.0,0.0,0.111122,0.0,0.0,0.046008,0.050748,0.034042,0.061546,0.0,0.0,0.0,0.0,0.0,0.04089,0.082976,0.103291,0.028434,0.0,0.039686,0.0,0.0,0.0,0.065028,0.0,0.0,0.065039,0.0,0.139278,0.0,0.0,0.0,0.127241,0.0,0.0,0.0,0.0,0.0,0.0,0.0,0.004671
2021-01-29,0.0,0.0,0.0,0.0,0.0,0.0,0.060973,0.064899,0.016145,0.077625,0.0,0.0,0.0,0.036233,0.0,0.0,0.077856,0.080965,0.0,0.0,0.0,0.042321,0.0,0.0,0.0,0.032826,0.0,0.062859,0.062652,0.0,0.15919,0.0,0.048897,0.0,0.159424,0.0,0.0,0.0,0.0,0.0,0.0,0.0,0.017135
2021-02-01,0.0,0.0,0.0,0.0,0.0,0.0,0.060373,0.065457,0.016011,0.078312,0.0,0.0,0.0,0.035751,0.0,0.0,0.076262,0.079593,0.0,0.0,0.0,0.042837,0.0,0.0,0.0,0.03308,0.0,0.062077,0.062049,0.0,0.156846,0.0,0.050761,0.0,0.163974,0.0,0.0,0.0,0.0,0.0,0.0,0.0,0.016616
2021-02-02,0.0,0.0,0.0,0.0,0.0,0.0,0.060939,0.066204,0.016183,0.077794,0.0,0.0,0.0,0.036073,0.0,0.0,0.076938,0.080248,0.0,0.0,0.0,0.043278,0.0,0.0,0.0,0.033209,0.0,0.062586,0.062165,0.0,0.161849,0.0,0.045986,0.0,0.160136,0.0,0.0,0.0,0.0,0.0,0.0,0.0,0.016413
2021-02-03,0.0,0.0,0.0,0.0,0.0,0.0,0.061522,0.066696,0.016098,0.078476,0.0,0.0,0.0,0.036357,0.0,0.0,0.076973,0.080222,0.0,0.0,0.0,0.042692,0.0,0.0,0.0,0.032527,0.0,0.060954,0.061796,0.0,0.161137,0.0,0.046705,0.0,0.161434,0.0,0.0,0.0,0.0,0.0,0.0,0.0,0.016409
2021-02-04,0.0,0.0,0.0,0.0,0.0,0.0,0.060684,0.067126,0.016187,0.077415,0.0,0.0,0.0,0.037499,0.0,0.0,0.077929,0.08155,0.0,0.0,0.0,0.043215,0.0,0.0,0.0,0.032848,0.0,0.062181,0.061793,0.0,0.158216,0.0,0.045939,0.0,0.160983,0.0,0.0,0.0,0.0,0.0,0.0,0.0,0.016435
2021-02-05,0.0,0.0,0.0,0.0,0.0,0.0,0.061443,0.066558,0.016086,0.077892,0.0,0.0,0.0,0.037126,0.0,0.0,0.077725,0.08141,0.0,0.0,0.0,0.043905,0.0,0.0,0.0,0.032348,0.0,0.061765,0.061711,0.0,0.156163,0.0,0.046425,0.0,0.163144,0.0,0.0,0.0,0.0,0.0,0.0,0.0,0.016299
2021-02-08,0.0,0.0,0.0,0.0,0.0,0.0,0.060529,0.066224,0.015947,0.075716,0.0,0.0,0.0,0.037231,0.0,0.0,0.077137,0.080529,0.0,0.0,0.0,0.045072,0.0,0.0,0.0,0.032787,0.0,0.061233,0.061712,0.0,0.157394,0.0,0.046489,0.0,0.165963,0.0,0.0,0.0,0.0,0.0,0.0,0.0,0.016037
2021-02-09,0.0,0.0,0.0,0.0,0.0,0.0,0.059682,0.065539,0.015921,0.075589,0.0,0.0,0.0,0.03733,0.0,0.0,0.076803,0.080619,0.0,0.0,0.0,0.044214,0.0,0.0,0.0,0.032466,0.0,0.061518,0.062114,0.0,0.15954,0.0,0.04597,0.0,0.166769,0.0,0.0,0.0,0.0,0.0,0.0,0.0,0.015926
2021-02-10,0.0,0.0,0.0,0.0,0.0,0.0,0.059118,0.065499,0.015918,0.076057,0.0,0.0,0.0,0.037322,0.0,0.0,0.076619,0.080519,0.0,0.0,0.0,0.043187,0.0,0.0,0.0,0.032502,0.0,0.061041,0.06201,0.0,0.158977,0.0,0.04555,0.0,0.169769,0.0,0.0,0.0,0.0,0.0,0.0,0.0,0.015911
2021-02-11,0.0,0.0,0.0,0.0,0.0,0.0,0.059255,0.06588,0.01601,0.076512,0.0,0.0,0.0,0.036895,0.0,0.0,0.076079,0.080086,0.0,0.0,0.0,0.042416,0.0,0.0,0.0,0.033461,0.0,0.06099,0.062148,0.0,0.159649,0.0,0.045361,0.0,0.169426,0.0,0.0,0.0,0.0,0.0,0.0,0.0,0.015833
2021-02-12,0.0,0.0,0.0,0.0,0.0,0.0,0.059111,0.065607,0.015932,0.076275,0.0,0.0,0.0,0.03703,0.0,0.0,0.076296,0.081089,0.0,0.0,0.0,0.041846,0.0,0.0,0.0,0.033727,0.0,0.060908,0.062081,0.0,0.16009,0.0,0.045559,0.0,0.168685,0.0,0.0,0.0,0.0,0.0,0.0,0.0,0.015765
2021-02-15,0.0,0.0,0.0,0.0,0.0,0.0,0.059111,0.065607,0.015932,0.076275,0.0,0.0,0.0,0.03703,0.0,0.0,0.076296,0.081089,0.0,0.0,0.0,0.041846,0.0,0.0,0.0,0.033727,0.0,0.060908,0.062081,0.0,0.160091,0.0,0.045559,0.0,0.168686,0.0,0.0,0.0,0.0,0.0,0.0,0.0,0.015763
2021-02-16,0.0,0.0,0.0,0.0,0.0,0.0,0.058566,0.064508,0.01584,0.074771,0.0,0.0,0.0,0.037331,0.0,0.0,0.0751,0.079994,0.0,0.0,0.0,0.040188,0.0,0.0,0.0,0.033399,0.0,0.059118,0.061018,0.0,0.163504,0.0,0.044801,0.0,0.176328,0.0,0.0,0.0,0.0,0.0,0.0,0.0,0.015534
2021-02-17,0.0,0.0,0.0,0.0,0.0,0.0,0.058527,0.064951,0.015861,0.074465,0.0,0.0,0.0,0.037392,0.0,0.0,0.075092,0.079589,0.0,0.0,0.0,0.040436,0.0,0.0,0.0,0.032914,0.0,0.058963,0.060154,0.0,0.161291,0.0,0.045169,0.0,0.179627,0.0,0.0,0.0,0.0,0.0,0.0,0.0,0.015569
2021-02-18,0.0,0.0,0.0,0.0,0.0,0.0,0.058542,0.065721,0.016037,0.074472,0.0,0.0,0.0,0.037552,0.0,0.0,0.075848,0.080567,0.0,0.0,0.0,0.039981,0.0,0.0,0.0,0.033069,0.0,0.059791,0.060468,0.0,0.152873,0.0,0.045239,0.0,0.184032,0.0,0.0,0.0,0.0,0.0,0.0,0.0,0.015807
2021-02-19,0.0,0.0,0.0,0.0,0.0,0.0,0.057634,0.064175,0.015868,0.0743,0.0,0.0,0.0,0.037933,0.0,0.0,0.075685,0.080551,0.0,0.0,0.0,0.039885,0.0,0.0,0.0,0.033247,0.0,0.058958,0.060017,0.0,0.15019,0.0,0.044767,0.0,0.191269,0.0,0.0,0.0,0.0,0.0,0.0,0.0,0.01552
2021-02-22,0.0,0.0,0.0,0.0,0.0,0.0,0.054554,0.063529,0.015892,0.073024,0.0,0.0,0.0,0.038951,0.0,0.0,0.076614,0.081846,0.0,0.0,0.0,0.039036,0.0,0.0,0.0,0.032332,0.0,0.057804,0.059207,0.0,0.146669,0.0,0.046979,0.0,0.197907,0.0,0.0,0.0,0.0,0.0,0.0,0.0,0.015655
2021-02-23,0.0,0.0,0.0,0.0,0.0,0.0,0.056213,0.064398,0.016025,0.073505,0.0,0.0,0.0,0.039455,0.0,0.0,0.077091,0.082216,0.0,0.0,0.0,0.038281,0.0,0.0,0.0,0.032191,0.0,0.057133,0.058647,0.0,0.143749,0.0,0.046122,0.0,0.199269,0.0,0.0,0.0,0.0,0.0,0.0,0.0,0.015704
2021-02-24,0.0,0.0,0.0,0.0,0.0,0.0,0.056352,0.064539,0.016009,0.072142,0.0,0.0,0.0,0.040288,0.0,0.0,0.077948,0.082936,0.0,0.0,0.0,0.038561,0.0,0.0,0.0,0.032981,0.0,0.05658,0.058334,0.0,0.145235,0.0,0.04618,0.0,0.196331,0.0,0.0,0.0,0.0,0.0,0.0,0.0,0.015586
2021-02-25,0.0,0.0,0.0,0.0,0.0,0.0,0.055567,0.065779,0.016325,0.074007,0.0,0.0,0.0,0.04064,0.0,0.0,0.079353,0.084471,0.0,0.0,0.0,0.038368,0.0,0.0,0.0,0.032258,0.0,0.057088,0.058615,0.0,0.139704,0.0,0.046898,0.0,0.194759,0.0,0.0,0.0,0.0,0.0,0.0,0.0,0.016168
2021-02-26,0.0,0.0,0.03224,0.149035,0.045641,0.0,0.0,0.018617,0.07289,0.073029,0.0,0.0,0.0,0.147757,0.0,0.0,0.0,0.0,0.0,0.0,0.0,0.079599,0.0,0.0,0.0,0.034501,0.0,0.032703,0.096215,0.0,0.16443,0.0,0.0,0.0,0.050347,0.0,0.0,0.0,0.0,0.0,0.0,0.0,0.002995
2021-03-01,0.0,0.0,0.031817,0.148586,0.045367,0.0,0.0,0.018518,0.072251,0.072791,0.0,0.0,0.0,0.148492,0.0,0.0,0.0,0.0,0.0,0.0,0.0,0.079155,0.0,0.0,0.0,0.034562,0.0,0.032764,0.095657,0.0,0.167039,0.0,0.0,0.0,0.050093,0.0,0.0,0.0,0.0,0.0,0.0,0.0,0.002907
2021-03-02,0.0,0.0,0.031775,0.148446,0.045222,0.0,0.0,0.018855,0.071808,0.072692,0.0,0.0,0.0,0.150318,0.0,0.0,0.0,0.0,0.0,0.0,0.0,0.077333,0.0,0.0,0.0,0.033813,0.0,0.032544,0.095637,0.0,0.168128,0.0,0.0,0.0,0.050496,0.0,0.0,0.0,0.0,0.0,0.0,0.0,0.002932
2021-03-03,0.0,0.0,0.031992,0.151009,0.046151,0.0,0.0,0.019255,0.072597,0.073414,0.0,0.0,0.0,0.152313,0.0,0.0,0.0,0.0,0.0,0.0,0.0,0.074643,0.0,0.0,0.0,0.0332,0.0,0.031988,0.094087,0.0,0.165059,0.0,0.0,0.0,0.051322,0.0,0.0,0.0,0.0,0.0,0.0,0.0,0.00297
2021-03-04,0.0,0.0,0.032701,0.153286,0.04708,0.0,0.0,0.019676,0.073311,0.074386,0.0,0.0,0.0,0.155026,0.0,0.0,0.0,0.0,0.0,0.0,0.0,0.074548,0.0,0.0,0.0,0.032613,0.0,0.032107,0.094168,0.0,0.158761,0.0,0.0,0.0,0.049271,0.0,0.0,0.0,0.0,0.0,0.0,0.0,0.003065
2021-03-05,0.0,0.0,0.032573,0.148795,0.045207,0.0,0.0,0.019541,0.07319,0.074721,0.0,0.0,0.0,0.156836,0.0,0.0,0.0,0.0,0.0,0.0,0.0,0.075472,0.0,0.0,0.0,0.033189,0.0,0.031777,0.094111,0.0,0.161459,0.0,0.0,0.0,0.050099,0.0,0.0,0.0,0.0,0.0,0.0,0.0,0.003029
2021-03-08,0.0,0.0,0.032558,0.156743,0.045528,0.0,0.0,0.019595,0.072657,0.073664,0.0,0.0,0.0,0.162179,0.0,0.0,0.0,0.0,0.0,0.0,0.0,0.074179,0.0,0.0,0.0,0.031739,0.0,0.031781,0.092234,0.0,0.153691,0.0,0.0,0.0,0.050391,0.0,0.0,0.0,0.0,0.0,0.0,0.0,0.003061
2021-03-09,0.0,0.0,0.032306,0.155554,0.045371,0.0,0.0,0.01962,0.072038,0.072841,0.0,0.0,0.0,0.156732,0.0,0.0,0.0,0.0,0.0,0.0,0.0,0.076188,0.0,0.0,0.0,0.033086,0.0,0.032631,0.092938,0.0,0.158095,0.0,0.0,0.0,0.049595,0.0,0.0,0.0,0.0,0.0,0.0,0.0,0.003005
2021-03-10,0.0,0.0,0.03228,0.155251,0.044924,0.0,0.0,0.019598,0.071403,0.071458,0.0,0.0,0.0,0.159678,0.0,0.0,0.0,0.0,0.0,0.0,0.0,0.076011,0.0,0.0,0.0,0.032322,0.0,0.032382,0.093596,0.0,0.158603,0.0,0.0,0.0,0.049504,0.0,0.0,0.0,0.0,0.0,0.0,0.0,0.00299
2021-03-11,0.0,0.0,0.031272,0.152556,0.045048,0.0,0.0,0.019324,0.071628,0.071654,0.0,0.0,0.0,0.156328,0.0,0.0,0.0,0.0,0.0,0.0,0.0,0.076865,0.0,0.0,0.0,0.032793,0.0,0.032468,0.092906,0.0,0.163469,0.0,0.0,0.0,0.050778,0.0,0.0,0.0,0.0,0.0,0.0,0.0,0.002912
2021-03-12,0.0,0.0,0.031771,0.153812,0.044387,0.0,0.0,0.018969,0.07097,0.071264,0.0,0.0,0.0,0.159531,0.0,0.0,0.0,0.0,0.0,0.0,0.0,0.076841,0.0,0.0,0.0,0.032535,0.0,0.032254,0.093463,0.0,0.160742,0.0,0.0,0.0,0.050543,0.0,0.0,0.0,0.0,0.0,0.0,0.0,0.00292
2021-03-15,0.0,0.0,0.031842,0.154381,0.044309,0.0,0.0,0.018848,0.071234,0.072051,0.0,0.0,0.0,0.15785,0.0,0.0,0.0,0.0,0.0,0.0,0.0,0.077496,0.0,0.0,0.0,0.033117,0.0,0.032425,0.093895,0.0,0.15948,0.0,0.0,0.0,0.050161,0.0,0.0,0.0,0.0,0.0,0.0,0.0,0.002911
2021-03-16,0.0,0.0,0.032098,0.155416,0.044879,0.0,0.0,0.019092,0.071935,0.07252,0.0,0.0,0.0,0.156475,0.0,0.0,0.0,0.0,0.0,0.0,0.0,0.076637,0.0,0.0,0.0,0.033703,0.0,0.032358,0.093918,0.0,0.158671,0.0,0.0,0.0,0.049374,0.0,0.0,0.0,0.0,0.0,0.0,0.0,0.002924
2021-03-17,0.0,0.0,0.032166,0.153311,0.04422,0.0,0.0,0.018771,0.071332,0.072367,0.0,0.0,0.0,0.156866,0.0,0.0,0.0,0.0,0.0,0.0,0.0,0.077163,0.0,0.0,0.0,0.03398,0.0,0.032353,0.094151,0.0,0.160694,0.0,0.0,0.0,0.049716,0.0,0.0,0.0,0.0,0.0,0.0,0.0,0.002911
2021-03-18,0.0,0.0,0.032728,0.157045,0.045089,0.0,0.0,0.018523,0.071127,0.071786,0.0,0.0,0.0,0.159615,0.0,0.0,0.0,0.0,0.0,0.0,0.0,0.074562,0.0,0.0,0.0,0.033053,0.0,0.031759,0.09356,0.0,0.158813,0.0,0.0,0.0,0.049386,0.0,0.0,0.0,0.0,0.0,0.0,0.0,0.002954
2021-03-19,0.0,0.0,0.03289,0.155262,0.044838,0.0,0.0,0.018967,0.071405,0.072642,0.0,0.0,0.0,0.157697,0.0,0.0,0.0,0.0,0.0,0.0,0.0,0.076815,0.0,0.0,0.0,0.033384,0.0,0.03193,0.094106,0.0,0.158581,0.0,0.0,0.0,0.048535,0.0,0.0,0.0,0.0,0.0,0.0,0.0,0.002948
2021-03-22,0.0,0.0,0.032772,0.154314,0.045053,0.0,0.0,0.019066,0.072377,0.073038,0.0,0.0,0.0,0.15352,0.0,0.0,0.0,0.0,0.0,0.0,0.0,0.078163,0.0,0.0,0.0,0.034196,0.0,0.032587,0.094481,0.0,0.158456,0.0,0.0,0.0,0.049021,0.0,0.0,0.0,0.0,0.0,0.0,0.0,0.002957
2021-03-23,0.0,0.0,0.033236,0.157435,0.045778,0.0,0.0,0.019505,0.07354,0.072995,0.0,0.0,0.0,0.153197,0.0,0.0,0.0,0.0,0.0,0.0,0.0,0.075781,0.0,0.0,0.0,0.034282,0.0,0.033275,0.094394,0.0,0.155767,0.0,0.0,0.0,0.047771,0.0,0.0,0.0,0.0,0.0,0.0,0.0,0.003044
2021-03-24,0.0,0.0,0.033364,0.159441,0.045631,0.0,0.0,0.019592,0.074102,0.073686,0.0,0.0,0.0,0.154752,0.0,0.0,0.0,0.0,0.0,0.0,0.0,0.072963,0.0,0.0,0.0,0.034318,0.0,0.033022,0.094302,0.0,0.154023,0.0,0.0,0.0,0.047714,0.0,0.0,0.0,0.0,0.0,0.0,0.0,0.00309
2021-03-25,0.0,0.0,0.033344,0.156214,0.044818,0.0,0.0,0.019207,0.073797,0.073931,0.0,0.0,0.0,0.157248,0.0,0.0,0.0,0.0,0.0,0.0,0.0,0.074179,0.0,0.0,0.0,0.033948,0.0,0.032576,0.09482,0.0,0.156036,0.0,0.0,0.0,0.04683,0.0,0.0,0.0,0.0,0.0,0.0,0.0,0.003053
2021-03-26,0.0,0.0,0.033105,0.15613,0.044273,0.0,0.0,0.019277,0.073926,0.073939,0.0,0.0,0.0,0.156998,0.0,0.0,0.0,0.0,0.0,0.0,0.0,0.071525,0.0,0.0,0.0,0.034904,0.0,0.032506,0.094792,0.0,0.157697,0.0,0.0,0.0,0.047938,0.0,0.0,0.0,0.0,0.0,0.0,0.0,0.00299
2021-03-29,0.0,0.0,0.033365,0.156651,0.045248,0.0,0.0,0.019329,0.075182,0.074194,0.0,0.0,0.0,0.155064,0.0,0.0,0.0,0.0,0.0,0.0,0.0,0.070503,0.0,0.0,0.0,0.034847,0.0,0.032691,0.094951,0.0,0.156573,0.0,0.0,0.0,0.048371,0.0,0.0,0.0,0.0,0.0,0.0,0.0,0.003033
2021-03-30,0.0,0.0,0.032853,0.156467,0.045119,0.0,0.0,0.019136,0.075112,0.073911,0.0,0.0,0.0,0.157174,0.0,0.0,0.0,0.0,0.0,0.0,0.0,0.070338,0.0,0.0,0.0,0.034482,0.0,0.032178,0.094499,0.0,0.157373,0.0,0.0,0.0,0.048349,0.0,0.0,0.0,0.0,0.0,0.0,0.0,0.003008
2021-03-31,0.0,0.0,0.0,0.075511,0.0,0.0,0.0,0.02983,0.050447,0.042972,0.0,0.076799,0.042213,0.081465,0.041676,0.081775,0.0,0.0,0.0,0.0,0.0,0.045113,0.0,0.0,0.0,0.049505,0.010376,0.03201,0.029549,0.0,0.104781,0.0,0.0,0.067474,0.123736,0.0,0.0,0.0,0.0,0.0,0.0,0.0,0.014769
2021-04-01,0.0,0.0,0.0,0.074811,0.0,0.0,0.0,0.029432,0.049828,0.042664,0.0,0.076712,0.041965,0.0806,0.041969,0.084469,0.0,0.0,0.0,0.0,0.0,0.044752,0.0,0.0,0.0,0.050401,0.010432,0.031862,0.029814,0.0,0.105236,0.0,0.0,0.066142,0.124414,0.0,0.0,0.0,0.0,0.0,0.0,0.0,0.014498
2021-04-05,0.0,0.0,0.0,0.07444,0.0,0.0,0.0,0.028989,0.049795,0.043,0.0,0.077939,0.042084,0.080369,0.040765,0.079993,0.0,0.0,0.0,0.0,0.0,0.04505,0.0,0.0,0.0,0.051163,0.010498,0.032078,0.030232,0.0,0.105993,0.0,0.0,0.065853,0.127333,0.0,0.0,0.0,0.0,0.0,0.0,0.0,0.014426
2021-04-06,0.0,0.0,0.0,0.075002,0.0,0.0,0.0,0.029072,0.049798,0.043057,0.0,0.078151,0.042009,0.080096,0.040666,0.080572,0.0,0.0,0.0,0.0,0.0,0.04388,0.0,0.0,0.0,0.050604,0.01056,0.032273,0.030039,0.0,0.105212,0.0,0.0,0.066336,0.128247,0.0,0.0,0.0,0.0,0.0,0.0,0.0,0.014428
2021-04-07,0.0,0.0,0.0,0.074774,0.0,0.0,0.0,0.028982,0.049911,0.043042,0.0,0.079209,0.042458,0.08028,0.041042,0.080848,0.0,0.0,0.0,0.0,0.0,0.043071,0.0,0.0,0.0,0.050862,0.010602,0.03212,0.029931,0.0,0.103633,0.0,0.0,0.06707,0.127652,0.0,0.0,0.0,0.0,0.0,0.0,0.0,0.014513
2021-04-08,0.0,0.0,0.0,0.07429,0.0,0.0,0.0,0.029051,0.050363,0.043037,0.0,0.078917,0.042308,0.080096,0.040353,0.078807,0.0,0.0,0.0,0.0,0.0,0.043173,0.0,0.0,0.0,0.051245,0.010757,0.032424,0.030201,0.0,0.104044,0.0,0.0,0.067438,0.129038,0.0,0.0,0.0,0.0,0.0,0.0,0.0,0.014457
2021-04-09,0.0,0.0,0.0,0.074884,0.0,0.0,0.0,0.028981,0.050364,0.042998,0.0,0.079196,0.042834,0.081234,0.040239,0.077565,0.0,0.0,0.0,0.0,0.0,0.042376,0.0,0.0,0.0,0.051279,0.010867,0.032548,0.030421,0.0,0.103894,0.0,0.0,0.067616,0.128195,0.0,0.0,0.0,0.0,0.0,0.0,0.0,0.01451
2021-04-12,0.0,0.0,0.0,0.075581,0.0,0.0,0.0,0.028248,0.050919,0.043287,0.0,0.079811,0.043526,0.082695,0.040395,0.076583,0.0,0.0,0.0,0.0,0.0,0.042024,0.0,0.0,0.0,0.051328,0.011022,0.033078,0.030551,0.0,0.103465,0.0,0.0,0.067941,0.124867,0.0,0.0,0.0,0.0,0.0,0.0,0.0,0.014681
2021-04-13,0.0,0.0,0.0,0.075084,0.0,0.0,0.0,0.028239,0.050492,0.043745,0.0,0.079336,0.042807,0.080686,0.040144,0.076237,0.0,0.0,0.0,0.0,0.0,0.042331,0.0,0.0,0.0,0.050876,0.011118,0.033412,0.030594,0.0,0.10592,0.0,0.0,0.068,0.126402,0.0,0.0,0.0,0.0,0.0,0.0,0.0,0.01458
2021-04-14,0.0,0.0,0.0,0.074675,0.0,0.0,0.0,0.028163,0.049818,0.043485,0.0,0.077408,0.042455,0.080385,0.040676,0.078329,0.0,0.0,0.0,0.0,0.0,0.042836,0.0,0.0,0.0,0.049605,0.010849,0.032761,0.030039,0.0,0.106533,0.0,0.0,0.067813,0.129796,0.0,0.0,0.0,0.0,0.0,0.0,0.0,0.014371
2021-04-15,0.0,0.0,0.0,0.074023,0.0,0.0,0.0,0.028056,0.050318,0.043458,0.0,0.077739,0.042062,0.079452,0.040006,0.076477,0.0,0.0,0.0,0.0,0.0,0.042848,0.0,0.0,0.0,0.050012,0.010957,0.033055,0.030243,0.0,0.106001,0.0,0.0,0.067397,0.133643,0.0,0.0,0.0,0.0,0.0,0.0,0.0,0.01425
2021-04-16,0.0,0.0,0.0,0.074492,0.0,0.0,0.0,0.028188,0.050689,0.043317,0.0,0.077885,0.042469,0.080276,0.039787,0.075406,0.0,0.0,0.0,0.0,0.0,0.042336,0.0,0.0,0.0,0.049904,0.010908,0.032938,0.030561,0.0,0.105332,0.0,0.0,0.067413,0.133813,0.0,0.0,0.0,0.0,0.0,0.0,0.0,0.014286
2021-04-19,0.0,0.0,0.0,0.073884,0.0,0.0,0.0,0.027542,0.051299,0.04338,0.0,0.077595,0.042429,0.080123,0.039821,0.075529,0.0,0.0,0.0,0.0,0.0,0.041503,0.0,0.0,0.0,0.048684,0.010785,0.032897,0.030152,0.0,0.108902,0.0,0.0,0.067772,0.133391,0.0,0.0,0.0,0.0,0.0,0.0,0.0,0.014313
2021-04-20,0.0,0.0,0.0,0.073803,0.0,0.0,0.0,0.027602,0.052308,0.044083,0.0,0.078597,0.042401,0.078697,0.039479,0.073453,0.0,0.0,0.0,0.0,0.0,0.042125,0.0,0.0,0.0,0.048872,0.010868,0.032987,0.030072,0.0,0.108515,0.0,0.0,0.069844,0.131719,0.0,0.0,0.0,0.0,0.0,0.0,0.0,0.014576
2021-04-21,0.0,0.0,0.0,0.073637,0.0,0.0,0.0,0.027294,0.052015,0.043397,0.0,0.077698,0.042424,0.079362,0.039458,0.073929,0.0,0.0,0.0,0.0,0.0,0.043024,0.0,0.0,0.0,0.049496,0.01077,0.0328,0.030216,0.0,0.108732,0.0,0.0,0.069238,0.132127,0.0,0.0,0.0,0.0,0.0,0.0,0.0,0.014382
2021-04-22,0.0,0.0,0.0,0.075128,0.0,0.0,0.0,0.027583,0.051654,0.042919,0.0,0.07757,0.042194,0.078803,0.039218,0.073733,0.0,0.0,0.0,0.0,0.0,0.043848,0.0,0.0,0.0,0.048697,0.010816,0.033079,0.030364,0.0,0.108831,0.0,0.0,0.070495,0.130602,0.0,0.0,0.0,0.0,0.0,0.0,0.0,0.014466
2021-04-23,0.0,0.0,0.0,0.073787,0.0,0.0,0.0,0.027347,0.051842,0.042942,0.0,0.077315,0.042349,0.080399,0.038992,0.073654,0.0,0.0,0.0,0.0,0.0,0.043123,0.0,0.0,0.0,0.048853,0.010812,0.032812,0.030234,0.0,0.109491,0.0,0.0,0.070031,0.131765,0.0,0.0,0.0,0.0,0.0,0.0,0.0,0.014252
2021-04-26,0.0,0.0,0.0,0.073329,0.0,0.0,0.0,0.027315,0.052165,0.042611,0.0,0.076263,0.041851,0.079587,0.038639,0.074315,0.0,0.0,0.0,0.0,0.0,0.043921,0.0,0.0,0.0,0.048968,0.010762,0.033128,0.029998,0.0,0.108491,0.0,0.0,0.070334,0.134297,0.0,0.0,0.0,0.0,0.0,0.0,0.0,0.014029
2021-04-27,0.0,0.0,0.0,0.073523,0.0,0.0,0.0,0.027609,0.051966,0.042389,0.0,0.075931,0.042168,0.080264,0.039096,0.075707,0.0,0.0,0.0,0.0,0.0,0.044031,0.0,0.0,0.0,0.048586,0.010714,0.032856,0.029667,0.0,0.107232,0.0,0.0,0.070313,0.133926,0.0,0.0,0.0,0.0,0.0,0.0,0.0,0.014023
2021-04-28,0.0,0.0,0.0,0.072869,0.0,0.0,0.0,0.027797,0.051779,0.042075,0.0,0.076258,0.042128,0.079832,0.040249,0.078564,0.0,0.0,0.0,0.0,0.0,0.043925,0.0,0.0,0.0,0.047618,0.01063,0.032278,0.029557,0.0,0.107596,0.0,0.0,0.069183,0.133707,0.0,0.0,0.0,0.0,0.0,0.0,0.0,0.013955
2021-04-29,0.0,0.0,0.0,0.07235,0.0,0.0,0.0,0.027806,0.051846,0.041883,0.0,0.078169,0.04277,0.080577,0.040595,0.078308,0.0,0.0,0.0,0.0,0.0,0.043302,0.0,0.0,0.0,0.047805,0.010454,0.03208,0.029289,0.0,0.107002,0.0,0.0,0.068707,0.133138,0.0,0.0,0.0,0.0,0.0,0.0,0.0,0.01392
2021-04-30,0.0,0.0,0.0,0.138065,0.0,0.0,0.0,0.03438,0.051579,0.051535,0.0,0.116935,0.0,0.137881,0.06902,0.068786,0.0,0.055068,0.0,0.0,0.0,0.021713,0.0,0.0,0.0,0.089286,0.0,0.040029,0.0,0.0,0.025788,0.0,0.0,0.0,0.080523,0.0,0.0,0.0,0.0,0.0,0.0,0.0,0.01941
2021-05-03,0.0,0.0,0.0,0.137718,0.0,0.0,0.0,0.034638,0.050775,0.051193,0.0,0.115779,0.0,0.138059,0.070591,0.070805,0.0,0.055591,0.0,0.0,0.0,0.021354,0.0,0.0,0.0,0.087946,0.0,0.039598,0.0,0.0,0.025386,0.0,0.0,0.0,0.081245,0.0,0.0,0.0,0.0,0.0,0.0,0.0,0.019323
2021-05-04,0.0,0.0,0.0,0.136646,0.0,0.0,0.0,0.034371,0.049557,0.051464,0.0,0.115382,0.0,0.140561,0.071031,0.071101,0.0,0.05568,0.0,0.0,0.0,0.02065,0.0,0.0,0.0,0.086951,0.0,0.039275,0.0,0.0,0.025155,0.0,0.0,0.0,0.082745,0.0,0.0,0.0,0.0,0.0,0.0,0.0,0.019431
2021-05-05,0.0,0.0,0.0,0.13679,0.0,0.0,0.0,0.034611,0.0491,0.051081,0.0,0.113984,0.0,0.139614,0.072578,0.072247,0.0,0.055222,0.0,0.0,0.0,0.020095,0.0,0.0,0.0,0.086604,0.0,0.038506,0.0,0.0,0.025321,0.0,0.0,0.0,0.085016,0.0,0.0,0.0,0.0,0.0,0.0,0.0,0.019232
2021-05-06,0.0,0.0,0.0,0.134838,0.0,0.0,0.0,0.034917,0.049713,0.051825,0.0,0.114907,0.0,0.139215,0.072691,0.071573,0.0,0.055229,0.0,0.0,0.0,0.01972,0.0,0.0,0.0,0.087002,0.0,0.038162,0.0,0.0,0.024822,0.0,0.0,0.0,0.086222,0.0,0.0,0.0,0.0,0.0,0.0,0.0,0.019162
2021-05-07,0.0,0.0,0.0,0.134251,0.0,0.0,0.0,0.034884,0.050167,0.05187,0.0,0.114209,0.0,0.137527,0.072984,0.072373,0.0,0.055338,0.0,0.0,0.0,0.01977,0.0,0.0,0.0,0.087,0.0,0.038078,0.0,0.0,0.024556,0.0,0.0,0.0,0.088093,0.0,0.0,0.0,0.0,0.0,0.0,0.0,0.0189
2021-05-10,0.0,0.0,0.0,0.135572,0.0,0.0,0.0,0.034895,0.049576,0.052238,0.0,0.113142,0.0,0.137537,0.073741,0.072186,0.0,0.055809,0.0,0.0,0.0,0.019241,0.0,0.0,0.0,0.083963,0.0,0.038119,0.0,0.0,0.024571,0.0,0.0,0.0,0.090319,0.0,0.0,0.0,0.0,0.0,0.0,0.0,0.019089
2021-05-11,0.0,0.0,0.0,0.133874,0.0,0.0,0.0,0.03533,0.048105,0.052116,0.0,0.114006,0.0,0.137709,0.072602,0.072069,0.0,0.055591,0.0,0.0,0.0,0.019761,0.0,0.0,0.0,0.084961,0.0,0.038909,0.0,0.0,0.024406,0.0,0.0,0.0,0.091271,0.0,0.0,0.0,0.0,0.0,0.0,0.0,0.019291
2021-05-12,0.0,0.0,0.0,0.136489,0.0,0.0,0.0,0.035204,0.046204,0.051022,0.0,0.114342,0.0,0.13732,0.074626,0.073446,0.0,0.0556,0.0,0.0,0.0,0.020057,0.0,0.0,0.0,0.083374,0.0,0.038787,0.0,0.0,0.024221,0.0,0.0,0.0,0.089572,0.0,0.0,0.0,0.0,0.0,0.0,0.0,0.019734
2021-05-13,0.0,0.0,0.0,0.134877,0.0,0.0,0.0,0.035633,0.047094,0.051504,0.0,0.114898,0.0,0.141461,0.073546,0.070988,0.0,0.056698,0.0,0.0,0.0,0.019746,0.0,0.0,0.0,0.084241,0.0,0.038743,0.0,0.0,0.024149,0.0,0.0,0.0,0.086736,0.0,0.0,0.0,0.0,0.0,0.0,0.0,0.019687
2021-05-14,0.0,0.0,0.0,0.13405,0.0,0.0,0.0,0.035341,0.046737,0.051185,0.0,0.114752,0.0,0.140875,0.074268,0.073592,0.0,0.056333,0.0,0.0,0.0,0.020041,0.0,0.0,0.0,0.085061,0.0,0.038921,0.0,0.0,0.024425,0.0,0.0,0.0,0.085134,0.0,0.0,0.0,0.0,0.0,0.0,0.0,0.019284
2021-05-17,0.0,0.0,0.0,0.133722,0.0,0.0,0.0,0.035642,0.045092,0.050149,0.0,0.113662,0.0,0.141364,0.075868,0.076316,0.0,0.055972,0.0,0.0,0.0,0.019963,0.0,0.0,0.0,0.084184,0.0,0.038462,0.0,0.0,0.024402,0.0,0.0,0.0,0.085949,0.0,0.0,0.0,0.0,0.0,0.0,0.0,0.019252
2021-05-18,0.0,0.0,0.0,0.134632,0.0,0.0,0.0,0.035961,0.047584,0.051135,0.0,0.112772,0.0,0.139351,0.074285,0.075313,0.0,0.055417,0.0,0.0,0.0,0.020098,0.0,0.0,0.0,0.083707,0.0,0.038681,0.0,0.0,0.024779,0.0,0.0,0.0,0.086987,0.0,0.0,0.0,0.0,0.0,0.0,0.0,0.019298
2021-05-19,0.0,0.0,0.0,0.133061,0.0,0.0,0.0,0.036404,0.047793,0.051539,0.0,0.114209,0.0,0.140179,0.073244,0.074557,0.0,0.0557,0.0,0.0,0.0,0.019966,0.0,0.0,0.0,0.08629,0.0,0.038929,0.0,0.0,0.025133,0.0,0.0,0.0,0.083483,0.0,0.0,0.0,0.0,0.0,0.0,0.0,0.019514
2021-05-20,0.0,0.0,0.0,0.134102,0.0,0.0,0.0,0.036153,0.047839,0.05148,0.0,0.115368,0.0,0.138958,0.072628,0.073719,0.0,0.05503,0.0,0.0,0.0,0.020244,0.0,0.0,0.0,0.08795,0.0,0.039387,0.0,0.0,0.025284,0.0,0.0,0.0,0.08248,0.0,0.0,0.0,0.0,0.0,0.0,0.0,0.019379
2021-05-21,0.0,0.0,0.0,0.134867,0.0,0.0,0.0,0.036071,0.047237,0.050869,0.0,0.11501,0.0,0.140561,0.072801,0.074192,0.0,0.055071,0.0,0.0,0.0,0.020107,0.0,0.0,0.0,0.087487,0.0,0.039634,0.0,0.0,0.025226,0.0,0.0,0.0,0.081484,0.0,0.0,0.0,0.0,0.0,0.0,0.0,0.019383
2021-05-24,0.0,0.0,0.0,0.133694,0.0,0.0,0.0,0.03618,0.048037,0.05095,0.0,0.116086,0.0,0.138779,0.072888,0.074413,0.0,0.055097,0.0,0.0,0.0,0.019801,0.0,0.0,0.0,0.088918,0.0,0.039766,0.0,0.0,0.02544,0.0,0.0,0.0,0.080735,0.0,0.0,0.0,0.0,0.0,0.0,0.0,0.019215
2021-05-25,0.0,0.0,0.0,0.134415,0.0,0.0,0.0,0.03643,0.048849,0.05178,0.0,0.116938,0.0,0.136884,0.07195,0.072985,0.0,0.054956,0.0,0.0,0.0,0.019701,0.0,0.0,0.0,0.089859,0.0,0.039905,0.0,0.0,0.02586,0.0,0.0,0.0,0.080127,0.0,0.0,0.0,0.0,0.0,0.0,0.0,0.01936
2021-05-26,0.0,0.0,0.0,0.133791,0.0,0.0,0.0,0.036486,0.048574,0.051473,0.0,0.116544,0.0,0.137621,0.071877,0.074276,0.0,0.054893,0.0,0.0,0.0,0.019931,0.0,0.0,0.0,0.089214,0.0,0.040106,0.0,0.0,0.025638,0.0,0.0,0.0,0.080407,0.0,0.0,0.0,0.0,0.0,0.0,0.0,0.019169
2021-05-27,0.0,0.0,0.0,0.13386,0.0,0.0,0.0,0.036312,0.04802,0.050585,0.0,0.115955,0.0,0.138495,0.071298,0.074771,0.0,0.054862,0.0,0.0,0.0,0.020009,0.0,0.0,0.0,0.0888,0.0,0.039672,0.0,0.0,0.025709,0.0,0.0,0.0,0.082655,0.0,0.0,0.0,0.0,0.0,0.0,0.0,0.018999
2021-05-28,0.0,0.0,0.0,0.133892,0.0,0.0,0.0,0.036236,0.04866,0.051134,0.0,0.115255,0.0,0.138014,0.071238,0.07459,0.0,0.054812,0.0,0.0,0.0,0.019878,0.0,0.0,0.0,0.089377,0.0,0.039491,0.0,0.0,0.026308,0.0,0.0,0.0,0.082168,0.0,0.0,0.0,0.0,0.0,0.0,0.0,0.018947
2021-05-31,0.0,0.05859,0.0,0.028485,0.0,0.0,0.0,0.0,0.051091,0.032344,0.048864,0.083965,0.050152,0.033672,0.054189,0.02974,0.0,0.056226,0.0,0.083724,0.0,0.0,0.0,0.0,0.019376,0.023585,0.010184,0.029018,0.0,0.083763,0.066714,0.0,0.0,0.067741,0.083775,0.0,0.0,0.0,0.0,0.0,0.0,0.0,0.004801
2021-06-01,0.0,0.058338,0.0,0.028324,0.0,0.0,0.0,0.0,0.051755,0.032456,0.048191,0.083019,0.049855,0.033562,0.055606,0.031287,0.0,0.055609,0.0,0.082636,0.0,0.0,0.0,0.0,0.019052,0.023239,0.010003,0.028498,0.0,0.084258,0.067388,0.0,0.0,0.068015,0.084163,0.0,0.0,0.0,0.0,0.0,0.0,0.0,0.004744
2021-06-02,0.0,0.058451,0.0,0.028451,0.0,0.0,0.0,0.0,0.051416,0.032288,0.047992,0.082808,0.049959,0.033276,0.056671,0.031804,0.0,0.055181,0.0,0.081332,0.0,0.0,0.0,0.0,0.019193,0.023393,0.010025,0.028687,0.0,0.085288,0.0677,0.0,0.0,0.068157,0.083181,0.0,0.0,0.0,0.0,0.0,0.0,0.0,0.004745
2021-06-03,0.0,0.058544,0.0,0.028698,0.0,0.0,0.0,0.0,0.051626,0.032495,0.047833,0.082964,0.050511,0.033633,0.057318,0.032114,0.0,0.055332,0.0,0.080982,0.0,0.0,0.0,0.0,0.01918,0.023191,0.009988,0.02837,0.0,0.085711,0.067227,0.0,0.0,0.067841,0.081655,0.0,0.0,0.0,0.0,0.0,0.0,0.0,0.004787
2021-06-04,0.0,0.058423,0.0,0.028438,0.0,0.0,0.0,0.0,0.051615,0.032537,0.047724,0.083294,0.050125,0.033277,0.057111,0.031776,0.0,0.05452,0.0,0.081107,0.0,0.0,0.0,0.0,0.019348,0.023511,0.010099,0.028389,0.0,0.084875,0.068502,0.0,0.0,0.06837,0.082224,0.0,0.0,0.0,0.0,0.0,0.0,0.0,0.004737
2021-06-07,0.0,0.058778,0.0,0.028658,0.0,0.0,0.0,0.0,0.051287,0.032426,0.047795,0.083849,0.049873,0.033405,0.056949,0.03213,0.0,0.054464,0.0,0.080836,0.0,0.0,0.0,0.0,0.019373,0.023362,0.010195,0.028779,0.0,0.086004,0.068157,0.0,0.0,0.068435,0.080498,0.0,0.0,0.0,0.0,0.0,0.0,0.0,0.004745
2021-06-08,0.0,0.05869,0.0,0.028657,0.0,0.0,0.0,0.0,0.050854,0.032163,0.048115,0.083494,0.049675,0.03339,0.057364,0.032399,0.0,0.054562,0.0,0.081186,0.0,0.0,0.0,0.0,0.019348,0.023197,0.010204,0.028998,0.0,0.0866,0.067668,0.0,0.0,0.06863,0.080068,0.0,0.0,0.0,0.0,0.0,0.0,0.0,0.004738
2021-06-09,0.0,0.058908,0.0,0.028922,0.0,0.0,0.0,0.0,0.051,0.031934,0.04811,0.083864,0.049474,0.033103,0.057316,0.032397,0.0,0.054184,0.0,0.080068,0.0,0.0,0.0,0.0,0.019467,0.023209,0.010261,0.02911,0.0,0.087188,0.067777,0.0,0.0,0.068823,0.080121,0.0,0.0,0.0,0.0,0.0,0.0,0.0,0.004764
2021-06-10,0.0,0.058944,0.0,0.028798,0.0,0.0,0.0,0.0,0.051591,0.032306,0.048304,0.08426,0.048864,0.032425,0.057204,0.032027,0.0,0.053733,0.0,0.07798,0.0,0.0,0.0,0.0,0.019597,0.023459,0.010434,0.029737,0.0,0.087751,0.068746,0.0,0.0,0.069173,0.079905,0.0,0.0,0.0,0.0,0.0,0.0,0.0,0.004761
2021-06-11,0.0,0.058878,0.0,0.028902,0.0,0.0,0.0,0.0,0.051389,0.03215,0.048355,0.083986,0.048962,0.032446,0.056759,0.032101,0.0,0.054059,0.0,0.078409,0.0,0.0,0.0,0.0,0.019627,0.023475,0.010493,0.029729,0.0,0.087019,0.069694,0.0,0.0,0.06851,0.080317,0.0,0.0,0.0,0.0,0.0,0.0,0.0,0.00474
2021-06-14,0.0,0.059247,0.0,0.028975,0.0,0.0,0.0,0.0,0.051643,0.032384,0.048547,0.084855,0.048632,0.032086,0.056721,0.031865,0.0,0.053772,0.0,0.077705,0.0,0.0,0.0,0.0,0.019899,0.023896,0.010662,0.029897,0.0,0.08768,0.069772,0.0,0.0,0.067462,0.079545,0.0,0.0,0.0,0.0,0.0,0.0,0.0,0.004756
2021-06-15,0.0,0.059508,0.0,0.028886,0.0,0.0,0.0,0.0,0.051912,0.032487,0.048495,0.084728,0.048931,0.032649,0.058047,0.032559,0.0,0.05441,0.0,0.07843,0.0,0.0,0.0,0.0,0.019861,0.023801,0.010558,0.029856,0.0,0.087111,0.069499,0.0,0.0,0.067169,0.076326,0.0,0.0,0.0,0.0,0.0,0.0,0.0,0.004777
2021-06-16,0.0,0.059535,0.0,0.029319,0.0,0.0,0.0,0.0,0.051931,0.032473,0.04902,0.084856,0.049386,0.033295,0.058336,0.032722,0.0,0.054406,0.0,0.078013,0.0,0.0,0.0,0.0,0.019959,0.023822,0.010607,0.03027,0.0,0.08744,0.067463,0.0,0.0,0.067389,0.074931,0.0,0.0,0.0,0.0,0.0,0.0,0.0,0.004826
2021-06-17,0.0,0.059634,0.0,0.029679,0.0,0.0,0.0,0.0,0.052892,0.032772,0.049744,0.086144,0.04845,0.032141,0.05697,0.031576,0.0,0.053815,0.0,0.079413,0.0,0.0,0.0,0.0,0.020411,0.024342,0.010909,0.031019,0.0,0.088287,0.069346,0.0,0.0,0.065498,0.072076,0.0,0.0,0.0,0.0,0.0,0.0,0.0,0.004879
2021-06-18,0.0,0.059062,0.0,0.029668,0.0,0.0,0.0,0.0,0.052629,0.032881,0.049985,0.086,0.047763,0.031404,0.055843,0.031208,0.0,0.053656,0.0,0.080578,0.0,0.0,0.0,0.0,0.02043,0.024001,0.011055,0.03108,0.0,0.087668,0.0704,0.0,0.0,0.067435,0.072328,0.0,0.0,0.0,0.0,0.0,0.0,0.0,0.004928
2021-06-21,0.0,0.05897,0.0,0.02933,0.0,0.0,0.0,0.0,0.051882,0.032688,0.049552,0.085425,0.048084,0.031971,0.057277,0.032295,0.0,0.05378,0.0,0.080305,0.0,0.0,0.0,0.0,0.020313,0.023698,0.010918,0.030601,0.0,0.088023,0.069734,0.0,0.0,0.066524,0.07378,0.0,0.0,0.0,0.0,0.0,0.0,0.0,0.004848
2021-06-22,0.0,0.058836,0.0,0.029341,0.0,0.0,0.0,0.0,0.051246,0.032572,0.04989,0.085937,0.04804,0.03184,0.057511,0.032391,0.0,0.053737,0.0,0.080522,0.0,0.0,0.0,0.0,0.020445,0.023749,0.011009,0.030996,0.0,0.087341,0.069454,0.0,0.0,0.065692,0.074615,0.0,0.0,0.0,0.0,0.0,0.0,0.0,0.004836
2021-06-23,0.0,0.058283,0.0,0.02926,0.0,0.0,0.0,0.0,0.051564,0.0326,0.050112,0.085571,0.047977,0.03181,0.057481,0.032666,0.0,0.053486,0.0,0.079441,0.0,0.0,0.0,0.0,0.020356,0.02377,0.010973,0.030758,0.0,0.086905,0.070851,0.0,0.0,0.065515,0.0758,0.0,0.0,0.0,0.0,0.0,0.0,0.0,0.00482
2021-06-24,0.0,0.058508,0.0,0.029307,0.0,0.0,0.0,0.0,0.051761,0.032801,0.049996,0.085884,0.0483,0.032078,0.057646,0.032999,0.0,0.053461,0.0,0.079174,0.0,0.0,0.0,0.0,0.020367,0.024037,0.011008,0.030715,0.0,0.086224,0.070267,0.0,0.0,0.064923,0.075754,0.0,0.0,0.0,0.0,0.0,0.0,0.0,0.004792
2021-06-25,0.0,0.058325,0.0,0.029373,0.0,0.0,0.0,0.0,0.051714,0.032827,0.050052,0.085545,0.048629,0.032321,0.05765,0.033218,0.0,0.05312,0.0,0.078846,0.0,0.0,0.0,0.0,0.020238,0.023847,0.010956,0.030653,0.0,0.086357,0.070841,0.0,0.0,0.064551,0.076169,0.0,0.0,0.0,0.0,0.0,0.0,0.0,0.004768
2021-06-28,0.0,0.057964,0.0,0.029272,0.0,0.0,0.0,0.0,0.052211,0.032679,0.050143,0.086648,0.04835,0.031613,0.05579,0.03182,0.0,0.05275,0.0,0.07955,0.0,0.0,0.0,0.0,0.020482,0.024455,0.011107,0.030825,0.0,0.086241,0.072033,0.0,0.0,0.066031,0.075259,0.0,0.0,0.0,0.0,0.0,0.0,0.0,0.004775
2021-06-29,0.0,0.058078,0.0,0.029388,0.0,0.0,0.0,0.0,0.052103,0.032601,0.050336,0.086299,0.048245,0.031436,0.055595,0.031693,0.0,0.052816,0.0,0.080321,0.0,0.0,0.0,0.0,0.02066,0.024681,0.011173,0.030815,0.0,0.086124,0.072028,0.0,0.0,0.065868,0.074958,0.0,0.0,0.0,0.0,0.0,0.0,0.0,0.004782
2021-06-30,0.018684,0.074503,0.0,0.055803,0.0,0.0,0.0,0.031378,0.04317,0.0,0.0,0.07446,0.074721,0.0,0.017057,0.0571,0.0,0.068401,0.074627,0.074508,0.0,0.0,0.0,0.0,0.0,0.024625,0.009895,0.030963,0.0,0.074655,0.074282,0.0,0.0,0.034299,0.074592,0.0,0.0,0.0,0.0,0.0,0.0,0.0,0.012276
2021-07-01,0.018642,0.074579,0.0,0.055745,0.0,0.0,0.0,0.031125,0.042891,0.0,0.0,0.074644,0.074942,0.0,0.017269,0.058166,0.0,0.068977,0.074667,0.07546,0.0,0.0,0.0,0.0,0.0,0.024153,0.009853,0.030838,0.0,0.07461,0.0735,0.0,0.0,0.033837,0.073887,0.0,0.0,0.0,0.0,0.0,0.0,0.0,0.012218
2021-07-02,0.018737,0.074745,0.0,0.055784,0.0,0.0,0.0,0.031305,0.043074,0.0,0.0,0.075122,0.074818,0.0,0.017221,0.057081,0.0,0.068746,0.074732,0.074989,0.0,0.0,0.0,0.0,0.0,0.024287,0.009976,0.031011,0.0,0.074793,0.073468,0.0,0.0,0.033598,0.074304,0.0,0.0,0.0,0.0,0.0,0.0,0.0,0.012209
2021-07-05,0.018805,0.07473,0.0,0.055907,0.0,0.0,0.0,0.031298,0.043065,0.0,0.0,0.075107,0.074802,0.0,0.017218,0.057069,0.0,0.068732,0.074717,0.074973,0.0,0.0,0.0,0.0,0.0,0.024282,0.009974,0.031005,0.0,0.074778,0.073452,0.0,0.0,0.033591,0.074288,0.0,0.0,0.0,0.0,0.0,0.0,0.0,0.012206
2021-07-06,0.018879,0.074969,0.0,0.055829,0.0,0.0,0.0,0.031314,0.043655,0.0,0.0,0.075643,0.074334,0.0,0.016817,0.055269,0.0,0.068641,0.074314,0.074569,0.0,0.0,0.0,0.0,0.0,0.024473,0.010177,0.031841,0.0,0.076047,0.074929,0.0,0.0,0.032952,0.073026,0.0,0.0,0.0,0.0,0.0,0.0,0.0,0.012323
2021-07-07,0.01885,0.074995,0.0,0.055656,0.0,0.0,0.0,0.031301,0.043454,0.0,0.0,0.075091,0.074002,0.0,0.016447,0.053674,0.0,0.068606,0.07465,0.075305,0.0,0.0,0.0,0.0,0.0,0.023961,0.01012,0.03178,0.0,0.075867,0.077142,0.0,0.0,0.032705,0.074143,0.0,0.0,0.0,0.0,0.0,0.0,0.0,0.01225
2021-07-08,0.018888,0.075001,0.0,0.055509,0.0,0.0,0.0,0.031473,0.043407,0.0,0.0,0.075235,0.073466,0.0,0.016566,0.054679,0.0,0.067244,0.074599,0.073797,0.0,0.0,0.0,0.0,0.0,0.023963,0.010159,0.032068,0.0,0.076643,0.078554,0.0,0.0,0.03289,0.073447,0.0,0.0,0.0,0.0,0.0,0.0,0.0,0.012411
2021-07-09,0.018774,0.074763,0.0,0.055185,0.0,0.0,0.0,0.031187,0.043171,0.0,0.0,0.074485,0.074173,0.0,0.016602,0.05501,0.0,0.067651,0.074642,0.073228,0.0,0.0,0.0,0.0,0.0,0.023898,0.010032,0.031797,0.0,0.076447,0.079525,0.0,0.0,0.032348,0.074902,0.0,0.0,0.0,0.0,0.0,0.0,0.0,0.012179
2021-07-12,0.018733,0.074659,0.0,0.055047,0.0,0.0,0.0,0.031007,0.04305,0.0,0.0,0.074548,0.074435,0.0,0.016474,0.054272,0.0,0.067094,0.07442,0.072688,0.0,0.0,0.0,0.0,0.0,0.024054,0.009898,0.031319,0.0,0.076623,0.082448,0.0,0.0,0.032692,0.074437,0.0,0.0,0.0,0.0,0.0,0.0,0.0,0.012102
2021-07-13,0.018932,0.07487,0.0,0.055436,0.0,0.0,0.0,0.031172,0.043297,0.0,0.0,0.075041,0.074308,0.0,0.016499,0.054077,0.0,0.067068,0.074418,0.071503,0.0,0.0,0.0,0.0,0.0,0.024178,0.009984,0.031508,0.0,0.076246,0.082144,0.0,0.0,0.033084,0.074021,0.0,0.0,0.0,0.0,0.0,0.0,0.0,0.012215
2021-07-14,0.018987,0.075448,0.0,0.055313,0.0,0.0,0.0,0.031554,0.043791,0.0,0.0,0.075442,0.074414,0.0,0.016105,0.051717,0.0,0.067551,0.074717,0.072013,0.0,0.0,0.0,0.0,0.0,0.024213,0.009973,0.031494,0.0,0.077247,0.080674,0.0,0.0,0.033654,0.073407,0.0,0.0,0.0,0.0,0.0,0.0,0.0,0.012288
2021-07-15,0.018951,0.074791,0.0,0.054938,0.0,0.0,0.0,0.031689,0.043785,0.0,0.0,0.075061,0.074811,0.0,0.015912,0.05078,0.0,0.067712,0.074878,0.072171,0.0,0.0,0.0,0.0,0.0,0.023724,0.009871,0.031292,0.0,0.077529,0.082062,0.0,0.0,0.033833,0.073899,0.0,0.0,0.0,0.0,0.0,0.0,0.0,0.012313
2021-07-16,0.019143,0.075334,0.0,0.055508,0.0,0.0,0.0,0.031903,0.044248,0.0,0.0,0.075637,0.074825,0.0,0.015678,0.04945,0.0,0.067699,0.074785,0.072614,0.0,0.0,0.0,0.0,0.0,0.023534,0.010031,0.031765,0.0,0.078565,0.080502,0.0,0.0,0.034401,0.071892,0.0,0.0,0.0,0.0,0.0,0.0,0.0,0.012485
2021-07-19,0.019138,0.07528,0.0,0.055283,0.0,0.0,0.0,0.032233,0.044491,0.0,0.0,0.075979,0.07419,0.0,0.015427,0.048382,0.0,0.067903,0.074647,0.073801,0.0,0.0,0.0,0.0,0.0,0.023981,0.010184,0.032354,0.0,0.078678,0.080414,0.0,0.0,0.034671,0.070229,0.0,0.0,0.0,0.0,0.0,0.0,0.0,0.012735
2021-07-20,0.018999,0.074466,0.0,0.055235,0.0,0.0,0.0,0.031906,0.043866,0.0,0.0,0.075557,0.074761,0.0,0.015374,0.04872,0.0,0.068154,0.074235,0.074394,0.0,0.0,0.0,0.0,0.0,0.023903,0.010205,0.032436,0.0,0.079193,0.081563,0.0,0.0,0.034675,0.069837,0.0,0.0,0.0,0.0,0.0,0.0,0.0,0.012521
2021-07-21,0.018844,0.074523,0.0,0.055044,0.0,0.0,0.0,0.031388,0.043137,0.0,0.0,0.074814,0.07468,0.0,0.015624,0.050145,0.0,0.067736,0.073698,0.07423,0.0,0.0,0.0,0.0,0.0,0.024193,0.010098,0.032018,0.0,0.077759,0.083771,0.0,0.0,0.034567,0.071436,0.0,0.0,0.0,0.0,0.0,0.0,0.0,0.012295
2021-07-22,0.018925,0.074723,0.0,0.055029,0.0,0.0,0.0,0.031606,0.043162,0.0,0.0,0.07515,0.073941,0.0,0.015465,0.049178,0.0,0.067862,0.073802,0.073865,0.0,0.0,0.0,0.0,0.0,0.024075,0.010237,0.032476,0.0,0.077222,0.084064,0.0,0.0,0.034935,0.071973,0.0,0.0,0.0,0.0,0.0,0.0,0.0,0.012309
2021-07-23,0.019005,0.074941,0.0,0.055112,0.0,0.0,0.0,0.031483,0.042897,0.0,0.0,0.076577,0.073644,0.0,0.015321,0.048399,0.0,0.06764,0.073899,0.075411,0.0,0.0,0.0,0.0,0.0,0.024061,0.010314,0.032702,0.0,0.077421,0.082136,0.0,0.0,0.034572,0.072227,0.0,0.0,0.0,0.0,0.0,0.0,0.0,0.012239
2021-07-26,0.018939,0.074808,0.0,0.054832,0.0,0.0,0.0,0.031511,0.04237,0.0,0.0,0.076542,0.073657,0.0,0.015612,0.049605,0.0,0.06737,0.074108,0.074158,0.0,0.0,0.0,0.0,0.0,0.023935,0.01023,0.032329,0.0,0.077026,0.0818,0.0,0.0,0.035183,0.073815,0.0,0.0,0.0,0.0,0.0,0.0,0.0,0.012171
2021-07-27,0.018993,0.075428,0.0,0.054749,0.0,0.0,0.0,0.031466,0.042179,0.0,0.0,0.076425,0.07441,0.0,0.01563,0.048575,0.0,0.066361,0.074986,0.07512,0.0,0.0,0.0,0.0,0.0,0.023742,0.010199,0.032443,0.0,0.078276,0.07894,0.0,0.0,0.035349,0.074429,0.0,0.0,0.0,0.0,0.0,0.0,0.0,0.012298
2021-07-28,0.018946,0.075261,0.0,0.054921,0.0,0.0,0.0,0.031334,0.042307,0.0,0.0,0.07646,0.073764,0.0,0.015657,0.049295,0.0,0.065571,0.074653,0.07411,0.0,0.0,0.0,0.0,0.0,0.023953,0.010204,0.032416,0.0,0.077433,0.081717,0.0,0.0,0.035146,0.074643,0.0,0.0,0.0,0.0,0.0,0.0,0.0,0.012207
2021-07-29,0.018871,0.075004,0.0,0.054764,0.0,0.0,0.0,0.031133,0.042542,0.0,0.0,0.074798,0.073748,0.0,0.015633,0.048679,0.0,0.065163,0.074638,0.075946,0.0,0.0,0.0,0.0,0.0,0.024171,0.010102,0.032154,0.0,0.076589,0.083393,0.0,0.0,0.034629,0.075969,0.0,0.0,0.0,0.0,0.0,0.0,0.0,0.012072
2021-07-30,0.057047,0.0,0.0,0.040923,0.0,0.0,0.0,0.0,0.098351,0.0,0.0,0.098356,0.098514,0.0,0.049235,0.048821,0.0475,0.014018,0.0,0.098113,0.098016,0.0,0.0,0.0,0.029356,0.022433,0.029193,0.016041,0.0,0.097962,0.0,0.0,0.0,0.031285,0.0,0.0,0.0,0.0,0.0,0.0,0.0,0.0,0.024837
2021-08-02,0.057427,0.0,0.0,0.04111,0.0,0.0,0.0,0.0,0.098679,0.0,0.0,0.098224,0.098637,0.0,0.048914,0.047894,0.047219,0.013975,0.0,0.098372,0.098245,0.0,0.0,0.0,0.029279,0.022596,0.029229,0.016128,0.0,0.097845,0.0,0.0,0.0,0.031366,0.0,0.0,0.0,0.0,0.0,0.0,0.0,0.0,0.024861
2021-08-03,0.056797,0.0,0.0,0.040658,0.0,0.0,0.0,0.0,0.098991,0.0,0.0,0.097086,0.099034,0.0,0.049398,0.048532,0.047495,0.014034,0.0,0.09894,0.098902,0.0,0.0,0.0,0.029257,0.022606,0.029038,0.016023,0.0,0.097267,0.0,0.0,0.0,0.031259,0.0,0.0,0.0,0.0,0.0,0.0,0.0,0.0,0.024681
2021-08-04,0.057274,0.0,0.0,0.040966,0.0,0.0,0.0,0.0,0.100503,0.0,0.0,0.097888,0.098737,0.0,0.048322,0.046604,0.047106,0.013835,0.0,0.09808,0.099017,0.0,0.0,0.0,0.029475,0.022961,0.029504,0.016143,0.0,0.097492,0.0,0.0,0.0,0.031278,0.0,0.0,0.0,0.0,0.0,0.0,0.0,0.0,0.024815
2021-08-05,0.057117,0.0,0.0,0.040928,0.0,0.0,0.0,0.0,0.100147,0.0,0.0,0.098072,0.09931,0.0,0.048518,0.047509,0.046985,0.013903,0.0,0.097999,0.0979,0.0,0.0,0.0,0.029425,0.022799,0.029556,0.016053,0.0,0.097924,0.0,0.0,0.0,0.03122,0.0,0.0,0.0,0.0,0.0,0.0,0.0,0.0,0.024636
2021-08-06,0.057003,0.0,0.0,0.041106,0.0,0.0,0.0,0.0,0.099129,0.0,0.0,0.097945,0.101187,0.0,0.0489,0.047979,0.047143,0.013986,0.0,0.09714,0.097693,0.0,0.0,0.0,0.029362,0.022657,0.029381,0.015779,0.0,0.097624,0.0,0.0,0.0,0.031379,0.0,0.0,0.0,0.0,0.0,0.0,0.0,0.0,0.024606
2021-08-09,0.057198,0.0,0.0,0.041178,0.0,0.0,0.0,0.0,0.098984,0.0,0.0,0.09808,0.101778,0.0,0.048362,0.047335,0.047106,0.013913,0.0,0.096932,0.09838,0.0,0.0,0.0,0.029361,0.022652,0.02949,0.015875,0.0,0.097414,0.0,0.0,0.0,0.031279,0.0,0.0,0.0,0.0,0.0,0.0,0.0,0.0,0.024684
2021-08-10,0.057063,0.0,0.0,0.041293,0.0,0.0,0.0,0.0,0.097757,0.0,0.0,0.09798,0.102547,0.0,0.049069,0.048498,0.047446,0.014051,0.0,0.097895,0.097862,0.0,0.0,0.0,0.029063,0.022323,0.029047,0.015643,0.0,0.096203,0.0,0.0,0.0,0.031652,0.0,0.0,0.0,0.0,0.0,0.0,0.0,0.0,0.024608
2021-08-11,0.056928,0.0,0.0,0.04098,0.0,0.0,0.0,0.0,0.097279,0.0,0.0,0.097673,0.1032,0.0,0.049205,0.048428,0.047818,0.014208,0.0,0.100105,0.096403,0.0,0.0,0.0,0.028921,0.022134,0.028827,0.015503,0.0,0.096282,0.0,0.0,0.0,0.031624,0.0,0.0,0.0,0.0,0.0,0.0,0.0,0.0,0.024483
2021-08-12,0.05696,0.0,0.0,0.041057,0.0,0.0,0.0,0.0,0.096863,0.0,0.0,0.097769,0.1033,0.0,0.049115,0.048243,0.047688,0.014205,0.0,0.099266,0.097083,0.0,0.0,0.0,0.029062,0.021878,0.029088,0.01569,0.0,0.09641,0.0,0.0,0.0,0.031863,0.0,0.0,0.0,0.0,0.0,0.0,0.0,0.0,0.024461
2021-08-13,0.057347,0.0,0.0,0.041084,0.0,0.0,0.0,0.0,0.09589,0.0,0.0,0.098079,0.102792,0.0,0.04866,0.046724,0.04766,0.014224,0.0,0.099453,0.09794,0.0,0.0,0.0,0.029296,0.022072,0.02924,0.015801,0.0,0.097186,0.0,0.0,0.0,0.032027,0.0,0.0,0.0,0.0,0.0,0.0,0.0,0.0,0.024524
2021-08-16,0.057188,0.0,0.0,0.040918,0.0,0.0,0.0,0.0,0.095567,0.0,0.0,0.09843,0.102721,0.0,0.047854,0.045442,0.047914,0.01428,0.0,0.10013,0.099242,0.0,0.0,0.0,0.029484,0.022032,0.029084,0.01567,0.0,0.097252,0.0,0.0,0.0,0.032221,0.0,0.0,0.0,0.0,0.0,0.0,0.0,0.0,0.024571
2021-08-17,0.057638,0.0,0.0,0.040946,0.0,0.0,0.0,0.0,0.093656,0.0,0.0,0.098601,0.10303,0.0,0.04784,0.045582,0.047875,0.014274,0.0,0.097564,0.10143,0.0,0.0,0.0,0.029535,0.021824,0.029174,0.015736,0.0,0.098133,0.0,0.0,0.0,0.032345,0.0,0.0,0.0,0.0,0.0,0.0,0.0,0.0,0.024817
2021-08-18,0.057957,0.0,0.0,0.041581,0.0,0.0,0.0,0.0,0.095761,0.0,0.0,0.098519,0.102459,0.0,0.047164,0.044607,0.047675,0.014261,0.0,0.098012,0.100572,0.0,0.0,0.0,0.029327,0.021682,0.029241,0.015706,0.0,0.097905,0.0,0.0,0.0,0.032583,0.0,0.0,0.0,0.0,0.0,0.0,0.0,0.0,0.024987
2021-08-19,0.057653,0.0,0.0,0.040953,0.0,0.0,0.0,0.0,0.094434,0.0,0.0,0.099165,0.102354,0.0,0.046235,0.043526,0.047647,0.0142,0.0,0.098337,0.101677,0.0,0.0,0.0,0.029805,0.022001,0.029636,0.015886,0.0,0.099011,0.0,0.0,0.0,0.032334,0.0,0.0,0.0,0.0,0.0,0.0,0.0,0.0,0.025146
2021-08-20,0.057566,0.0,0.0,0.040953,0.0,0.0,0.0,0.0,0.094363,0.0,0.0,0.099355,0.102293,0.0,0.046026,0.043407,0.047453,0.014156,0.0,0.0995,0.101572,0.0,0.0,0.0,0.029986,0.022018,0.029794,0.015938,0.0,0.09884,0.0,0.0,0.0,0.031797,0.0,0.0,0.0,0.0,0.0,0.0,0.0,0.0,0.024982
2021-08-23,0.057631,0.0,0.0,0.040952,0.0,0.0,0.0,0.0,0.095384,0.0,0.0,0.099447,0.101997,0.0,0.047225,0.045099,0.047314,0.014127,0.0,0.098089,0.100489,0.0,0.0,0.0,0.030038,0.022388,0.029943,0.015977,0.0,0.097567,0.0,0.0,0.0,0.03163,0.0,0.0,0.0,0.0,0.0,0.0,0.0,0.0,0.024704
2021-08-24,0.057441,0.0,0.0,0.041041,0.0,0.0,0.0,0.0,0.09507,0.0,0.0,0.099231,0.102062,0.0,0.04775,0.046198,0.047296,0.014083,0.0,0.098904,0.099596,0.0,0.0,0.0,0.029843,0.022268,0.029979,0.016263,0.0,0.096613,0.0,0.0,0.0,0.031792,0.0,0.0,0.0,0.0,0.0,0.0,0.0,0.0,0.02457
2021-08-25,0.057184,0.0,0.0,0.041124,0.0,0.0,0.0,0.0,0.095967,0.0,0.0,0.098779,0.102635,0.0,0.047822,0.046741,0.047311,0.014087,0.0,0.099313,0.098719,0.0,0.0,0.0,0.029644,0.022301,0.029863,0.016383,0.0,0.095961,0.0,0.0,0.0,0.031747,0.0,0.0,0.0,0.0,0.0,0.0,0.0,0.0,0.024419
2021-08-26,0.057359,0.0,0.0,0.041146,0.0,0.0,0.0,0.0,0.095851,0.0,0.0,0.098553,0.102789,0.0,0.0474,0.046242,0.047406,0.014079,0.0,0.098596,0.098966,0.0,0.0,0.0,0.029648,0.022465,0.029922,0.01655,0.0,0.096616,0.0,0.0,0.0,0.031835,0.0,0.0,0.0,0.0,0.0,0.0,0.0,0.0,0.024576
2021-08-27,0.056879,0.0,0.0,0.041027,0.0,0.0,0.0,0.0,0.096554,0.0,0.0,0.098734,0.102717,0.0,0.047993,0.048012,0.047077,0.014014,0.0,0.098792,0.097495,0.0,0.0,0.0,0.029521,0.022579,0.029963,0.016479,0.0,0.096285,0.0,0.0,0.0,0.031643,0.0,0.0,0.0,0.0,0.0,0.0,0.0,0.0,0.024237
2021-08-30,0.056855,0.0,0.0,0.041095,0.0,0.0,0.0,0.0,0.097193,0.0,0.0,0.099369,0.101226,0.0,0.047409,0.047198,0.047003,0.013895,0.0,0.098483,0.098005,0.0,0.0,0.0,0.029827,0.022614,0.030088,0.016561,0.0,0.097207,0.0,0.0,0.0,0.031744,0.0,0.0,0.0,0.0,0.0,0.0,0.0,0.0,0.024227
2021-08-31,0.054163,0.075325,0.0,0.021011,0.0,0.0,0.027064,0.0,0.060886,0.0,0.0,0.075379,0.075659,0.0,0.03826,0.0,0.075279,0.0,0.0,0.058735,0.074913,0.0,0.0,0.0,0.018743,0.018359,0.018982,0.01886,0.0,0.075571,0.075635,0.0,0.0,0.060816,0.038099,0.0,0.0,0.033479,0.0,0.0,0.0,0.0,0.004783
2021-09-01,0.054328,0.075832,0.0,0.021018,0.0,0.0,0.027242,0.0,0.061028,0.0,0.0,0.075735,0.075204,0.0,0.037688,0.0,0.074969,0.0,0.0,0.059288,0.074914,0.0,0.0,0.0,0.018743,0.018254,0.019041,0.018899,0.0,0.07676,0.074376,0.0,0.0,0.060576,0.03784,0.0,0.0,0.033484,0.0,0.0,0.0,0.0,0.004781
2021-09-02,0.054339,0.075982,0.0,0.021151,0.0,0.0,0.026638,0.0,0.060781,0.0,0.0,0.074989,0.075224,0.0,0.038523,0.0,0.075539,0.0,0.0,0.059086,0.07548,0.0,0.0,0.0,0.018664,0.018265,0.018963,0.019015,0.0,0.076922,0.073659,0.0,0.0,0.06045,0.038174,0.0,0.0,0.033392,0.0,0.0,0.0,0.0,0.004766
2021-09-03,0.054421,0.075837,0.0,0.021089,0.0,0.0,0.026608,0.0,0.061376,0.0,0.0,0.075112,0.074874,0.0,0.038365,0.0,0.075202,0.0,0.0,0.058517,0.075686,0.0,0.0,0.0,0.018769,0.018432,0.019172,0.019181,0.0,0.077061,0.072746,0.0,0.0,0.060517,0.038865,0.0,0.0,0.033399,0.0,0.0,0.0,0.0,0.004773
2021-09-06,0.054673,0.075805,0.0,0.021226,0.0,0.0,0.026597,0.0,0.06135,0.0,0.0,0.07508,0.074843,0.0,0.038349,0.0,0.07517,0.0,0.0,0.058492,0.075654,0.0,0.0,0.0,0.018761,0.018424,0.019164,0.019173,0.0,0.077029,0.072716,0.0,0.0,0.060491,0.038849,0.0,0.0,0.033385,0.0,0.0,0.0,0.0,0.004771
2021-09-07,0.054487,0.075794,0.0,0.021192,0.0,0.0,0.026859,0.0,0.061277,0.0,0.0,0.075535,0.074666,0.0,0.038261,0.0,0.074143,0.0,0.0,0.058074,0.07549,0.0,0.0,0.0,0.018835,0.018424,0.019029,0.019035,0.0,0.076443,0.075278,0.0,0.0,0.060333,0.038631,0.0,0.0,0.033426,0.0,0.0,0.0,0.0,0.004789
2021-09-08,0.05466,0.075668,0.0,0.021147,0.0,0.0,0.025549,0.0,0.060654,0.0,0.0,0.075812,0.075148,0.0,0.038105,0.0,0.074901,0.0,0.0,0.057387,0.076125,0.0,0.0,0.0,0.018929,0.018349,0.019075,0.019093,0.0,0.077506,0.074998,0.0,0.0,0.060482,0.037722,0.0,0.0,0.033858,0.0,0.0,0.0,0.0,0.004831
2021-09-09,0.054853,0.075504,0.0,0.02129,0.0,0.0,0.026406,0.0,0.061275,0.0,0.0,0.075503,0.075432,0.0,0.038217,0.0,0.074602,0.0,0.0,0.057315,0.075311,0.0,0.0,0.0,0.018874,0.01843,0.01906,0.019068,0.0,0.075997,0.075831,0.0,0.0,0.06002,0.038109,0.0,0.0,0.034066,0.0,0.0,0.0,0.0,0.004835
2021-09-10,0.05481,0.075558,0.0,0.021259,0.0,0.0,0.026109,0.0,0.061982,0.0,0.0,0.075285,0.075145,0.0,0.03834,0.0,0.074535,0.0,0.0,0.057375,0.074892,0.0,0.0,0.0,0.018755,0.018643,0.019011,0.018881,0.0,0.075156,0.076366,0.0,0.0,0.059979,0.03897,0.0,0.0,0.034095,0.0,0.0,0.0,0.0,0.004853
2021-09-13,0.054461,0.075821,0.0,0.02123,0.0,0.0,0.026613,0.0,0.062123,0.0,0.0,0.075298,0.075829,0.0,0.039347,0.0,0.07456,0.0,0.0,0.057178,0.074259,0.0,0.0,0.0,0.018718,0.018778,0.018728,0.018849,0.0,0.075489,0.074918,0.0,0.0,0.059679,0.039266,0.0,0.0,0.034016,0.0,0.0,0.0,0.0,0.004841
2021-09-14,0.054678,0.075881,0.0,0.021218,0.0,0.0,0.026439,0.0,0.062068,0.0,0.0,0.074901,0.075066,0.0,0.038911,0.0,0.073913,0.0,0.0,0.056499,0.0745,0.0,0.0,0.0,0.018757,0.018843,0.018833,0.018916,0.0,0.075611,0.077094,0.0,0.0,0.059979,0.038886,0.0,0.0,0.03415,0.0,0.0,0.0,0.0,0.004858
2021-09-15,0.054119,0.075352,0.0,0.021057,0.0,0.0,0.026109,0.0,0.061646,0.0,0.0,0.074733,0.075248,0.0,0.040078,0.0,0.074194,0.0,0.0,0.056429,0.074451,0.0,0.0,0.0,0.018787,0.018817,0.018883,0.018874,0.0,0.075313,0.07759,0.0,0.0,0.060162,0.039411,0.0,0.0,0.033925,0.0,0.0,0.0,0.0,0.004823
2021-09-16,0.054413,0.075755,0.0,0.021266,0.0,0.0,0.02583,0.0,0.061526,0.0,0.0,0.075093,0.075463,0.0,0.039852,0.0,0.074111,0.0,0.0,0.057358,0.07469,0.0,0.0,0.0,0.018906,0.018962,0.019108,0.019046,0.0,0.075811,0.075419,0.0,0.0,0.060477,0.037995,0.0,0.0,0.034066,0.0,0.0,0.0,0.0,0.004851
2021-09-17,0.054639,0.075192,0.0,0.021395,0.0,0.0,0.025337,0.0,0.061664,0.0,0.0,0.074903,0.075771,0.0,0.039896,0.0,0.073954,0.0,0.0,0.057968,0.075408,0.0,0.0,0.0,0.018773,0.01882,0.019145,0.01902,0.0,0.075781,0.075572,0.0,0.0,0.060511,0.037097,0.0,0.0,0.034261,0.0,0.0,0.0,0.0,0.004893
2021-09-20,0.054789,0.075315,0.0,0.021439,0.0,0.0,0.025121,0.0,0.061012,0.0,0.0,0.074977,0.075606,0.0,0.039511,0.0,0.07468,0.0,0.0,0.057764,0.076227,0.0,0.0,0.0,0.018827,0.018749,0.019212,0.019092,0.0,0.07694,0.073411,0.0,0.0,0.061215,0.036084,0.0,0.0,0.035031,0.0,0.0,0.0,0.0,0.004998
2021-09-21,0.055008,0.075895,0.0,0.021572,0.0,0.0,0.02555,0.0,0.061181,0.0,0.0,0.074465,0.075301,0.0,0.039497,0.0,0.074089,0.0,0.0,0.057434,0.07614,0.0,0.0,0.0,0.018784,0.018754,0.019198,0.019034,0.0,0.076771,0.074413,0.0,0.0,0.060985,0.036031,0.0,0.0,0.034914,0.0,0.0,0.0,0.0,0.004985
2021-09-22,0.054761,0.075791,0.0,0.021565,0.0,0.0,0.025649,0.0,0.061187,0.0,0.0,0.073623,0.075732,0.0,0.040275,0.0,0.073869,0.0,0.0,0.057334,0.075442,0.0,0.0,0.0,0.018836,0.018937,0.019166,0.019092,0.0,0.07668,0.075221,0.0,0.0,0.060883,0.036524,0.0,0.0,0.034501,0.0,0.0,0.0,0.0,0.00493
2021-09-23,0.05464,0.075908,0.0,0.021532,0.0,0.0,0.025696,0.0,0.061346,0.0,0.0,0.073504,0.076677,0.0,0.041196,0.0,0.07412,0.0,0.0,0.056718,0.075094,0.0,0.0,0.0,0.018864,0.018963,0.019248,0.019047,0.0,0.075629,0.075355,0.0,0.0,0.060913,0.036705,0.0,0.0,0.033974,0.0,0.0,0.0,0.0,0.004872
2021-09-24,0.054501,0.075197,0.0,0.021541,0.0,0.0,0.025396,0.0,0.061269,0.0,0.0,0.07429,0.077272,0.0,0.041608,0.0,0.074459,0.0,0.0,0.056752,0.074974,0.0,0.0,0.0,0.018924,0.018989,0.019357,0.019101,0.0,0.075007,0.075036,0.0,0.0,0.061064,0.036406,0.0,0.0,0.033973,0.0,0.0,0.0,0.0,0.004884
2021-09-27,0.054483,0.074999,0.0,0.021689,0.0,0.0,0.025298,0.0,0.061399,0.0,0.0,0.074195,0.078233,0.0,0.043038,0.0,0.074447,0.0,0.0,0.057171,0.07382,0.0,0.0,0.0,0.018719,0.018921,0.01901,0.018893,0.0,0.073912,0.074923,0.0,0.0,0.061448,0.036574,0.0,0.0,0.03395,0.0,0.0,0.0,0.0,0.004878
2021-09-28,0.054372,0.074599,0.0,0.021706,0.0,0.0,0.024833,0.0,0.061167,0.0,0.0,0.073733,0.078372,0.0,0.043989,0.0,0.074953,0.0,0.0,0.056571,0.073905,0.0,0.0,0.0,0.018502,0.018519,0.018662,0.018598,0.0,0.074778,0.073836,0.0,0.0,0.062789,0.036643,0.0,0.0,0.034505,0.0,0.0,0.0,0.0,0.004969
2021-09-29,0.054517,0.074414,0.0,0.02171,0.0,0.0,0.025013,0.0,0.060311,0.0,0.0,0.073742,0.078511,0.0,0.044032,0.0,0.07511,0.0,0.0,0.057021,0.074562,0.0,0.0,0.0,0.018497,0.018245,0.018637,0.01857,0.0,0.075413,0.07333,0.0,0.0,0.062851,0.035982,0.0,0.0,0.034559,0.0,0.0,0.0,0.0,0.004974
2021-09-30,0.091851,0.053977,0.0,0.0,0.0,0.0,0.029352,0.067057,0.024849,0.0,0.025795,0.091801,0.061633,0.0,0.0,0.0,0.0,0.0,0.032859,0.038907,0.091674,0.0,0.0,0.050503,0.021018,0.014255,0.020991,0.021011,0.013093,0.0915,0.091465,0.0,0.0,0.061762,0.0,0.0,0.0,0.0,0.0,0.0,0.0,0.0,0.004646
2021-10-01,0.09078,0.053933,0.0,0.0,0.0,0.0,0.030008,0.067216,0.024619,0.0,0.025807,0.092694,0.062212,0.0,0.0,0.0,0.0,0.0,0.033148,0.038769,0.091053,0.0,0.0,0.050148,0.021185,0.014164,0.021151,0.02116,0.012842,0.092144,0.090126,0.0,0.0,0.062227,0.0,0.0,0.0,0.0,0.0,0.0,0.0,0.0,0.004614
2021-10-04,0.091025,0.054317,0.0,0.0,0.0,0.0,0.029433,0.067712,0.02429,0.0,0.025918,0.091809,0.062434,0.0,0.0,0.0,0.0,0.0,0.03341,0.039122,0.090771,0.0,0.0,0.051466,0.02095,0.013969,0.020769,0.020983,0.012514,0.093298,0.088275,0.0,0.0,0.062864,0.0,0.0,0.0,0.0,0.0,0.0,0.0,0.0,0.004671
2021-10-05,0.091672,0.054094,0.0,0.0,0.0,0.0,0.028997,0.067904,0.024253,0.0,0.02579,0.092348,0.063088,0.0,0.0,0.0,0.0,0.0,0.033406,0.038838,0.090499,0.0,0.0,0.050881,0.021059,0.014054,0.020934,0.021045,0.012574,0.09183,0.090189,0.0,0.0,0.061917,0.0,0.0,0.0,0.0,0.0,0.0,0.0,0.0,0.004629
2021-10-06,0.090524,0.053797,0.0,0.0,0.0,0.0,0.029163,0.067313,0.024206,0.0,0.025898,0.092602,0.063217,0.0,0.0,0.0,0.0,0.0,0.033378,0.039112,0.090426,0.0,0.0,0.051721,0.021218,0.014123,0.021084,0.021247,0.012576,0.092802,0.089078,0.0,0.0,0.061883,0.0,0.0,0.0,0.0,0.0,0.0,0.0,0.0,0.004633
2021-10-07,0.091852,0.053652,0.0,0.0,0.0,0.0,0.028725,0.067029,0.024409,0.0,0.026036,0.092065,0.062953,0.0,0.0,0.0,0.0,0.0,0.033472,0.039292,0.090702,0.0,0.0,0.050926,0.021196,0.014144,0.021135,0.021365,0.012597,0.092115,0.09001,0.0,0.0,0.061738,0.0,0.0,0.0,0.0,0.0,0.0,0.0,0.0,0.004587
2021-10-08,0.091902,0.053931,0.0,0.0,0.0,0.0,0.029427,0.067282,0.024334,0.0,0.026036,0.092033,0.063551,0.0,0.0,0.0,0.0,0.0,0.03344,0.039134,0.090661,0.0,0.0,0.050784,0.021213,0.014064,0.021078,0.0213,0.012581,0.091664,0.088796,0.0,0.0,0.062182,0.0,0.0,0.0,0.0,0.0,0.0,0.0,0.0,0.004608
2021-10-11,0.092519,0.053826,0.0,0.0,0.0,0.0,0.029226,0.067357,0.024387,0.0,0.026033,0.091005,0.063165,0.0,0.0,0.0,0.0,0.0,0.033577,0.039254,0.09031,0.0,0.0,0.050292,0.02118,0.014025,0.02111,0.021329,0.012548,0.09226,0.089737,0.0,0.0,0.062235,0.0,0.0,0.0,0.0,0.0,0.0,0.0,0.0,0.004626
2021-10-12,0.091663,0.054064,0.0,0.0,0.0,0.0,0.029167,0.067677,0.024063,0.0,0.026252,0.090204,0.062999,0.0,0.0,0.0,0.0,0.0,0.033639,0.039431,0.089916,0.0,0.0,0.050655,0.02108,0.013857,0.021361,0.021614,0.01264,0.093513,0.089313,0.0,0.0,0.062265,0.0,0.0,0.0,0.0,0.0,0.0,0.0,0.0,0.004627
2021-10-13,0.090852,0.054395,0.0,0.0,0.0,0.0,0.029385,0.067965,0.023844,0.0,0.026153,0.089846,0.0621,0.0,0.0,0.0,0.0,0.0,0.033599,0.039324,0.089284,0.0,0.0,0.050804,0.021027,0.013816,0.02161,0.021875,0.012694,0.093382,0.092687,0.0,0.0,0.060772,0.0,0.0,0.0,0.0,0.0,0.0,0.0,0.0,0.004587
2021-10-14,0.091243,0.054264,0.0,0.0,0.0,0.0,0.028905,0.067651,0.023812,0.0,0.026076,0.089901,0.062298,0.0,0.0,0.0,0.0,0.0,0.033957,0.03986,0.089359,0.0,0.0,0.050745,0.021215,0.014056,0.021659,0.021987,0.012902,0.093261,0.092139,0.0,0.0,0.060183,0.0,0.0,0.0,0.0,0.0,0.0,0.0,0.0,0.004527
2021-10-15,0.091537,0.05437,0.0,0.0,0.0,0.0,0.029444,0.067396,0.024029,0.0,0.026328,0.089192,0.062876,0.0,0.0,0.0,0.0,0.0,0.03387,0.039394,0.089303,0.0,0.0,0.050318,0.021266,0.014071,0.021594,0.021878,0.013028,0.092675,0.092829,0.0,0.0,0.0601,0.0,0.0,0.0,0.0,0.0,0.0,0.0,0.0,0.004501
2021-10-18,0.091285,0.05393,0.0,0.0,0.0,0.0,0.028986,0.067195,0.023858,0.0,0.026555,0.08956,0.062667,0.0,0.0,0.0,0.0,0.0,0.033725,0.039907,0.08838,0.0,0.0,0.049657,0.02137,0.014134,0.021756,0.022062,0.012905,0.092578,0.095213,0.0,0.0,0.059792,0.0,0.0,0.0,0.0,0.0,0.0,0.0,0.0,0.004485
2021-10-19,0.09162,0.054009,0.0,0.0,0.0,0.0,0.027593,0.066654,0.024161,0.0,0.026371,0.090051,0.063025,0.0,0.0,0.0,0.0,0.0,0.033762,0.03968,0.089173,0.0,0.0,0.050077,0.021493,0.014248,0.02186,0.021988,0.012949,0.092241,0.095187,0.0,0.0,0.059391,0.0,0.0,0.0,0.0,0.0,0.0,0.0,0.0,0.004467
2021-10-20,0.091463,0.053913,0.0,0.0,0.0,0.0,0.027615,0.066054,0.023951,0.0,0.026197,0.0897,0.063159,0.0,0.0,0.0,0.0,0.0,0.033834,0.040123,0.089918,0.0,0.0,0.05057,0.021308,0.014135,0.021692,0.021921,0.012811,0.093145,0.094822,0.0,0.0,0.059229,0.0,0.0,0.0,0.0,0.0,0.0,0.0,0.0,0.00444
2021-10-21,0.091445,0.054025,0.0,0.0,0.0,0.0,0.026346,0.065752,0.023924,0.0,0.026641,0.090163,0.063032,0.0,0.0,0.0,0.0,0.0,0.033822,0.040201,0.090484,0.0,0.0,0.050682,0.021438,0.01431,0.021964,0.022123,0.012734,0.093482,0.094209,0.0,0.0,0.058773,0.0,0.0,0.0,0.0,0.0,0.0,0.0,0.0,0.00445
2021-10-22,0.091701,0.05435,0.0,0.0,0.0,0.0,0.02636,0.065249,0.023856,0.0,0.026578,0.088357,0.063989,0.0,0.0,0.0,0.0,0.0,0.033799,0.040198,0.090957,0.0,0.0,0.051,0.021389,0.014166,0.021854,0.022112,0.012745,0.094032,0.094043,0.0,0.0,0.058811,0.0,0.0,0.0,0.0,0.0,0.0,0.0,0.0,0.004455
2021-10-25,0.091356,0.053732,0.0,0.0,0.0,0.0,0.027129,0.064716,0.023861,0.0,0.027025,0.088053,0.063414,0.0,0.0,0.0,0.0,0.0,0.033872,0.040182,0.090361,0.0,0.0,0.050386,0.021293,0.014152,0.021793,0.02208,0.012789,0.093602,0.096935,0.0,0.0,0.058847,0.0,0.0,0.0,0.0,0.0,0.0,0.0,0.0,0.00442
2021-10-26,0.091798,0.053918,0.0,0.0,0.0,0.0,0.026503,0.065363,0.024075,0.0,0.027021,0.087239,0.06344,0.0,0.0,0.0,0.0,0.0,0.033956,0.039962,0.090777,0.0,0.0,0.05064,0.021346,0.014158,0.021731,0.021863,0.01268,0.093828,0.096117,0.0,0.0,0.059166,0.0,0.0,0.0,0.0,0.0,0.0,0.0,0.0,0.004419
2021-10-27,0.091961,0.054057,0.0,0.0,0.0,0.0,0.026735,0.065452,0.024207,0.0,0.027238,0.087503,0.062755,0.0,0.0,0.0,0.0,0.0,0.033664,0.040025,0.090579,0.0,0.0,0.050593,0.021451,0.014138,0.021666,0.021796,0.012541,0.093572,0.096237,0.0,0.0,0.059385,0.0,0.0,0.0,0.0,0.0,0.0,0.0,0.0,0.004444
2021-10-28,0.091709,0.054244,0.0,0.0,0.0,0.0,0.026109,0.064279,0.024253,0.0,0.027392,0.087128,0.063047,0.0,0.0,0.0,0.0,0.0,0.033742,0.040276,0.09065,0.0,0.0,0.050543,0.021503,0.014348,0.021761,0.0218,0.012746,0.094165,0.096678,0.0,0.0,0.059214,0.0,0.0,0.0,0.0,0.0,0.0,0.0,0.0,0.004411
2021-10-29,0.041404,0.0,0.057778,0.037071,0.0,0.0,0.0,0.078407,0.0,0.0,0.0,0.0,0.078455,0.0,0.015019,0.063036,0.0,0.0,0.0,0.0,0.07818,0.0,0.0,0.0,0.022146,0.0,0.022548,0.022505,0.010815,0.078392,0.078378,0.0,0.0,0.078459,0.0,0.0,0.038654,0.038587,0.039244,0.039246,0.078176,0.0,0.003501
2021-11-01,0.041371,0.0,0.058308,0.03736,0.0,0.0,0.0,0.07891,0.0,0.0,0.0,0.0,0.078039,0.0,0.015189,0.064568,0.0,0.0,0.0,0.0,0.077634,0.0,0.0,0.0,0.021985,0.0,0.022368,0.022341,0.010981,0.078324,0.078136,0.0,0.0,0.078934,0.0,0.0,0.038427,0.038212,0.038974,0.038949,0.077509,0.0,0.00348
2021-11-02,0.041415,0.0,0.058163,0.037328,0.0,0.0,0.0,0.078853,0.0,0.0,0.0,0.0,0.078129,0.0,0.015026,0.0638,0.0,0.0,0.0,0.0,0.078018,0.0,0.0,0.0,0.022149,0.0,0.022386,0.022402,0.011015,0.07859,0.078354,0.0,0.0,0.078546,0.0,0.0,0.03847,0.038313,0.039017,0.039046,0.077505,0.0,0.003475
2021-11-03,0.041369,0.0,0.058438,0.037555,0.0,0.0,0.0,0.079018,0.0,0.0,0.0,0.0,0.078315,0.0,0.014882,0.063121,0.0,0.0,0.0,0.0,0.078372,0.0,0.0,0.0,0.022249,0.0,0.022301,0.022451,0.011094,0.07875,0.078529,0.0,0.0,0.078361,0.0,0.0,0.038298,0.038209,0.039041,0.038895,0.077281,0.0,0.003471
2021-11-04,0.041588,0.0,0.058742,0.037691,0.0,0.0,0.0,0.078849,0.0,0.0,0.0,0.0,0.07714,0.0,0.014874,0.062623,0.0,0.0,0.0,0.0,0.077681,0.0,0.0,0.0,0.022553,0.0,0.022485,0.022696,0.011297,0.077849,0.079903,0.0,0.0,0.077967,0.0,0.0,0.038431,0.038387,0.039069,0.039023,0.077689,0.0,0.003464
2021-11-05,0.041748,0.0,0.058673,0.037925,0.0,0.0,0.0,0.079226,0.0,0.0,0.0,0.0,0.076989,0.0,0.015031,0.06419,0.0,0.0,0.0,0.0,0.076626,0.0,0.0,0.0,0.022614,0.0,0.022257,0.022574,0.011263,0.078056,0.078613,0.0,0.0,0.077374,0.0,0.0,0.038546,0.038426,0.03912,0.039212,0.078083,0.0,0.003455
2021-11-08,0.041496,0.0,0.058208,0.037761,0.0,0.0,0.0,0.079869,0.0,0.0,0.0,0.0,0.076963,0.0,0.015079,0.064841,0.0,0.0,0.0,0.0,0.076634,0.0,0.0,0.0,0.022603,0.0,0.022422,0.022807,0.01122,0.077539,0.080609,0.0,0.0,0.076726,0.0,0.0,0.038157,0.03833,0.038844,0.038895,0.07756,0.0,0.003435
2021-11-09,0.041424,0.0,0.057963,0.037575,0.0,0.0,0.0,0.079323,0.0,0.0,0.0,0.0,0.076701,0.0,0.015172,0.064847,0.0,0.0,0.0,0.0,0.076511,0.0,0.0,0.0,0.022557,0.0,0.022553,0.022957,0.011131,0.077834,0.079626,0.0,0.0,0.077444,0.0,0.0,0.038412,0.038633,0.038956,0.03908,0.07786,0.0,0.003442
2021-11-10,0.04182,0.0,0.057661,0.038086,0.0,0.0,0.0,0.07978,0.0,0.0,0.0,0.0,0.077377,0.0,0.014927,0.062464,0.0,0.0,0.0,0.0,0.077541,0.0,0.0,0.0,0.02242,0.0,0.022141,0.022811,0.010786,0.078293,0.078444,0.0,0.0,0.078789,0.0,0.0,0.038486,0.038923,0.039147,0.039089,0.077535,0.0,0.003478
2021-11-11,0.041426,0.0,0.057717,0.037936,0.0,0.0,0.0,0.079665,0.0,0.0,0.0,0.0,0.077215,0.0,0.014912,0.063112,0.0,0.0,0.0,0.0,0.076941,0.0,0.0,0.0,0.022416,0.0,0.02214,0.022799,0.010757,0.078043,0.080857,0.0,0.0,0.078852,0.0,0.0,0.038177,0.038729,0.038891,0.03879,0.077161,0.0,0.003461
2021-11-12,0.041452,0.0,0.0583,0.037846,0.0,0.0,0.0,0.080285,0.0,0.0,0.0,0.0,0.077055,0.0,0.014812,0.0627,0.0,0.0,0.0,0.0,0.076989,0.0,0.0,0.0,0.022591,0.0,0.022413,0.023025,0.010875,0.07765,0.080458,0.0,0.0,0.079112,0.0,0.0,0.038092,0.038556,0.038737,0.038582,0.077025,0.0,0.003447
2021-11-15,0.04166,0.0,0.058391,0.038084,0.0,0.0,0.0,0.080242,0.0,0.0,0.0,0.0,0.077241,0.0,0.014972,0.063278,0.0,0.0,0.0,0.0,0.076696,0.0,0.0,0.0,0.022622,0.0,0.022346,0.022723,0.010785,0.078384,0.078514,0.0,0.0,0.079745,0.0,0.0,0.038034,0.038655,0.038786,0.038381,0.077007,0.0,0.003455
2021-11-16,0.041765,0.0,0.058342,0.03828,0.0,0.0,0.0,0.079748,0.0,0.0,0.0,0.0,0.077254,0.0,0.015012,0.063007,0.0,0.0,0.0,0.0,0.077109,0.0,0.0,0.0,0.022887,0.0,0.022627,0.023021,0.010843,0.077957,0.07799,0.0,0.0,0.079878,0.0,0.0,0.038045,0.038644,0.038849,0.038362,0.07692,0.0,0.003459
2021-11-17,0.041707,0.0,0.058235,0.038149,0.0,0.0,0.0,0.079727,0.0,0.0,0.0,0.0,0.076546,0.0,0.014817,0.06091,0.0,0.0,0.0,0.0,0.077399,0.0,0.0,0.0,0.022871,0.0,0.022488,0.022914,0.010839,0.07838,0.078746,0.0,0.0,0.081032,0.0,0.0,0.038271,0.038811,0.038899,0.038606,0.077184,0.0,0.003467
2021-11-18,0.041772,0.0,0.058456,0.038037,0.0,0.0,0.0,0.079266,0.0,0.0,0.0,0.0,0.076252,0.0,0.014747,0.061113,0.0,0.0,0.0,0.0,0.077521,0.0,0.0,0.0,0.023127,0.0,0.022308,0.022797,0.010929,0.078489,0.078596,0.0,0.0,0.080766,0.0,0.0,0.038341,0.038882,0.038915,0.03874,0.077475,0.0,0.003471
2021-11-19,0.041969,0.0,0.058837,0.038151,0.0,0.0,0.0,0.079271,0.0,0.0,0.0,0.0,0.07576,0.0,0.014235,0.058324,0.0,0.0,0.0,0.0,0.077399,0.0,0.0,0.0,0.023401,0.0,0.022481,0.0227,0.010959,0.078377,0.079791,0.0,0.0,0.081332,0.0,0.0,0.038617,0.038985,0.039058,0.039062,0.077803,0.0,0.003486
2021-11-22,0.042064,0.0,0.058654,0.038354,0.0,0.0,0.0,0.077926,0.0,0.0,0.0,0.0,0.076985,0.0,0.014517,0.059366,0.0,0.0,0.0,0.0,0.077207,0.0,0.0,0.0,0.023187,0.0,0.021891,0.022098,0.010737,0.078149,0.081401,0.0,0.0,0.081864,0.0,0.0,0.038413,0.03875,0.038989,0.0388,0.077156,0.0,0.003493
2021-11-23,0.041487,0.0,0.058606,0.037642,0.0,0.0,0.0,0.078765,0.0,0.0,0.0,0.0,0.078038,0.0,0.014934,0.061635,0.0,0.0,0.0,0.0,0.077137,0.0,0.0,0.0,0.023088,0.0,0.021508,0.021772,0.010585,0.078626,0.079848,0.0,0.0,0.082311,0.0,0.0,0.03818,0.038524,0.038858,0.038448,0.076521,0.0,0.003487
2021-11-24,0.041491,0.0,0.057805,0.037853,0.0,0.0,0.0,0.077658,0.0,0.0,0.0,0.0,0.077747,0.0,0.015057,0.062352,0.0,0.0,0.0,0.0,0.076993,0.0,0.0,0.0,0.023222,0.0,0.021575,0.022026,0.010626,0.079461,0.079942,0.0,0.0,0.081987,0.0,0.0,0.038241,0.038587,0.038791,0.038576,0.076529,0.0,0.003482
2021-11-25,0.041657,0.0,0.057786,0.037978,0.0,0.0,0.0,0.077634,0.0,0.0,0.0,0.0,0.077723,0.0,0.015053,0.062332,0.0,0.0,0.0,0.0,0.076969,0.0,0.0,0.0,0.023214,0.0,0.021568,0.022019,0.010623,0.079436,0.079916,0.0,0.0,0.081961,0.0,0.0,0.038229,0.038575,0.038779,0.038564,0.076505,0.0,0.00348
2021-11-26,0.041474,0.0,0.057457,0.037043,0.0,0.0,0.0,0.076925,0.0,0.0,0.0,0.0,0.076748,0.0,0.014755,0.059483,0.0,0.0,0.0,0.0,0.07832,0.0,0.0,0.0,0.023118,0.0,0.021816,0.02215,0.01059,0.078874,0.079749,0.0,0.0,0.082511,0.0,0.0,0.039548,0.039592,0.039321,0.039706,0.077266,0.0,0.003555
2021-11-29,0.041547,0.0,0.057271,0.037159,0.0,0.0,0.0,0.076799,0.0,0.0,0.0,0.0,0.076519,0.0,0.01475,0.059859,0.0,0.0,0.0,0.0,0.078058,0.0,0.0,0.0,0.023552,0.0,0.022117,0.022306,0.010685,0.078977,0.08104,0.0,0.0,0.081066,0.0,0.0,0.03922,0.039262,0.039325,0.039493,0.077461,0.0,0.003533
2021-11-30,0.072982,0.031286,0.0,0.033455,0.0,0.0,0.0,0.106419,0.0,0.0,0.106087,0.0,0.076341,0.030039,0.046793,0.059603,0.0,0.0,0.0,0.0,0.08247,0.0,0.0,0.0,0.028148,0.01527,0.028085,0.028388,0.0,0.106234,0.106428,0.0,0.0,0.030921,0.0,0.0,0.0,0.0,0.0,0.0,0.0,0.0,0.01105
2021-12-01,0.074944,0.03145,0.0,0.034269,0.0,0.0,0.0,0.107759,0.0,0.0,0.105328,0.0,0.076334,0.029999,0.04681,0.057876,0.0,0.0,0.0,0.0,0.083237,0.0,0.0,0.0,0.028071,0.015316,0.027188,0.027684,0.0,0.105643,0.1057,0.0,0.0,0.031216,0.0,0.0,0.0,0.0,0.0,0.0,0.0,0.0,0.011174
2021-12-02,0.072463,0.031352,0.0,0.033138,0.0,0.0,0.0,0.108366,0.0,0.0,0.105284,0.0,0.077475,0.03058,0.047474,0.058886,0.0,0.0,0.0,0.0,0.082433,0.0,0.0,0.0,0.02792,0.015117,0.027254,0.027977,0.0,0.107239,0.104742,0.0,0.0,0.03129,0.0,0.0,0.0,0.0,0.0,0.0,0.0,0.0,0.011012
2021-12-03,0.073164,0.031533,0.0,0.03351,0.0,0.0,0.0,0.107948,0.0,0.0,0.104627,0.0,0.077239,0.030223,0.047732,0.058796,0.0,0.0,0.0,0.0,0.083697,0.0,0.0,0.0,0.027822,0.015281,0.026691,0.027624,0.0,0.108322,0.102789,0.0,0.0,0.031841,0.0,0.0,0.0,0.0,0.0,0.0,0.0,0.0,0.011161
2021-12-06,0.073279,0.031645,0.0,0.033612,0.0,0.0,0.0,0.105763,0.0,0.0,0.104978,0.0,0.077791,0.030739,0.048056,0.060117,0.0,0.0,0.0,0.0,0.083501,0.0,0.0,0.0,0.027863,0.01514,0.026511,0.02725,0.0,0.109342,0.10166,0.0,0.0,0.031683,0.0,0.0,0.0,0.0,0.0,0.0,0.0,0.0,0.01107
2021-12-07,0.073521,0.031661,0.0,0.034007,0.0,0.0,0.0,0.105585,0.0,0.0,0.105346,0.0,0.077648,0.030259,0.048229,0.061322,0.0,0.0,0.0,0.0,0.082939,0.0,0.0,0.0,0.028277,0.015596,0.026989,0.027648,0.0,0.10877,0.100309,0.0,0.0,0.031038,0.0,0.0,0.0,0.0,0.0,0.0,0.0,0.0,0.010855
2021-12-08,0.073098,0.03159,0.0,0.033532,0.0,0.0,0.0,0.105996,0.0,0.0,0.105015,0.0,0.076798,0.030034,0.047948,0.06109,0.0,0.0,0.0,0.0,0.083093,0.0,0.0,0.0,0.028247,0.015407,0.027096,0.027641,0.0,0.108934,0.102807,0.0,0.0,0.030878,0.0,0.0,0.0,0.0,0.0,0.0,0.0,0.0,0.010794
2021-12-09,0.073822,0.031642,0.0,0.033767,0.0,0.0,0.0,0.106902,0.0,0.0,0.104336,0.0,0.077488,0.030106,0.048106,0.060659,0.0,0.0,0.0,0.0,0.084206,0.0,0.0,0.0,0.028251,0.015219,0.026774,0.027417,0.0,0.108546,0.100801,0.0,0.0,0.031046,0.0,0.0,0.0,0.0,0.0,0.0,0.0,0.0,0.010913
2021-12-10,0.073204,0.031552,0.0,0.033203,0.0,0.0,0.0,0.106764,0.0,0.0,0.104517,0.0,0.077164,0.030016,0.048209,0.061071,0.0,0.0,0.0,0.0,0.084061,0.0,0.0,0.0,0.028667,0.015283,0.027006,0.027441,0.0,0.108313,0.101727,0.0,0.0,0.030947,0.0,0.0,0.0,0.0,0.0,0.0,0.0,0.0,0.010856
2021-12-13,0.073903,0.031622,0.0,0.033343,0.0,0.0,0.0,0.106101,0.0,0.0,0.103138,0.0,0.077318,0.029684,0.047474,0.059075,0.0,0.0,0.0,0.0,0.085949,0.0,0.0,0.0,0.028605,0.015068,0.027292,0.027937,0.0,0.110741,0.100328,0.0,0.0,0.031426,0.0,0.0,0.0,0.0,0.0,0.0,0.0,0.0,0.010996
2021-12-14,0.073664,0.031661,0.0,0.033549,0.0,0.0,0.0,0.106908,0.0,0.0,0.103319,0.0,0.07837,0.03014,0.047638,0.058469,0.0,0.0,0.0,0.0,0.086252,0.0,0.0,0.0,0.02835,0.015109,0.026594,0.027501,0.0,0.110156,0.099576,0.0,0.0,0.031665,0.0,0.0,0.0,0.0,0.0,0.0,0.0,0.0,0.011079
2021-12-15,0.073031,0.031829,0.0,0.032922,0.0,0.0,0.0,0.105779,0.0,0.0,0.103803,0.0,0.077971,0.030063,0.047031,0.058238,0.0,0.0,0.0,0.0,0.087322,0.0,0.0,0.0,0.028871,0.01554,0.027047,0.02809,0.0,0.110819,0.099381,0.0,0.0,0.031272,0.0,0.0,0.0,0.0,0.0,0.0,0.0,0.0,0.010991
2021-12-16,0.074651,0.031959,0.0,0.033612,0.0,0.0,0.0,0.105944,0.0,0.0,0.101806,0.0,0.07918,0.030251,0.047467,0.057851,0.0,0.0,0.0,0.0,0.088096,0.0,0.0,0.0,0.028134,0.014905,0.026274,0.027827,0.0,0.111102,0.098459,0.0,0.0,0.031458,0.0,0.0,0.0,0.0,0.0,0.0,0.0,0.0,0.011023
2021-12-17,0.074515,0.031782,0.0,0.03374,0.0,0.0,0.0,0.105431,0.0,0.0,0.102041,0.0,0.078146,0.029819,0.046928,0.057686,0.0,0.0,0.0,0.0,0.088284,0.0,0.0,0.0,0.028203,0.015007,0.026631,0.028381,0.0,0.111982,0.098811,0.0,0.0,0.03149,0.0,0.0,0.0,0.0,0.0,0.0,0.0,0.0,0.011124
2021-12-20,0.074243,0.032371,0.0,0.033337,0.0,0.0,0.0,0.106421,0.0,0.0,0.10215,0.0,0.077968,0.029775,0.047157,0.057326,0.0,0.0,0.0,0.0,0.089284,0.0,0.0,0.0,0.028355,0.01515,0.026667,0.02858,0.0,0.113053,0.09518,0.0,0.0,0.031664,0.0,0.0,0.0,0.0,0.0,0.0,0.0,0.0,0.011319
2021-12-21,0.07391,0.032172,0.0,0.033676,0.0,0.0,0.0,0.105599,0.0,0.0,0.102831,0.0,0.078091,0.030123,0.047591,0.058905,0.0,0.0,0.0,0.0,0.087976,0.0,0.0,0.0,0.028527,0.015402,0.026889,0.028782,0.0,0.112185,0.09465,0.0,0.0,0.031584,0.0,0.0,0.0,0.0,0.0,0.0,0.0,0.0,0.011106
2021-12-22,0.074235,0.032203,0.0,0.033601,0.0,0.0,0.0,0.105924,0.0,0.0,0.103528,0.0,0.077573,0.03003,0.047357,0.058578,0.0,0.0,0.0,0.0,0.088,0.0,0.0,0.0,0.028575,0.015387,0.026741,0.028517,0.0,0.112059,0.09512,0.0,0.0,0.031594,0.0,0.0,0.0,0.0,0.0,0.0,0.0,0.0,0.010981
2021-12-23,0.074458,0.032231,0.0,0.033881,0.0,0.0,0.0,0.106096,0.0,0.0,0.104342,0.0,0.077513,0.030108,0.047102,0.058012,0.0,0.0,0.0,0.0,0.087838,0.0,0.0,0.0,0.028564,0.015444,0.026759,0.028567,0.0,0.111277,0.095438,0.0,0.0,0.031454,0.0,0.0,0.0,0.0,0.0,0.0,0.0,0.0,0.010917
2021-12-24,0.074551,0.032228,0.0,0.033877,0.0,0.0,0.0,0.106085,0.0,0.0,0.104331,0.0,0.077505,0.030105,0.047097,0.058006,0.0,0.0,0.0,0.0,0.087829,0.0,0.0,0.0,0.028561,0.015442,0.026757,0.028564,0.0,0.111266,0.095429,0.0,0.0,0.031451,0.0,0.0,0.0,0.0,0.0,0.0,0.0,0.0,0.010915
2021-12-27,0.073793,0.032249,0.0,0.033569,0.0,0.0,0.0,0.105612,0.0,0.0,0.104277,0.0,0.077508,0.030179,0.047637,0.059739,0.0,0.0,0.0,0.0,0.087854,0.0,0.0,0.0,0.028877,0.015704,0.026824,0.028656,0.0,0.112004,0.093552,0.0,0.0,0.031162,0.0,0.0,0.0,0.0,0.0,0.0,0.0,0.0,0.010804
2021-12-28,0.073767,0.032252,0.0,0.033825,0.0,0.0,0.0,0.105877,0.0,0.0,0.104286,0.0,0.07752,0.03018,0.047587,0.0592,0.0,0.0,0.0,0.0,0.087592,0.0,0.0,0.0,0.028716,0.015525,0.026534,0.028635,0.0,0.112377,0.094458,0.0,0.0,0.03087,0.0,0.0,0.0,0.0,0.0,0.0,0.0,0.0,0.0108
2021-12-29,0.074251,0.032225,0.0,0.033583,0.0,0.0,0.0,0.106293,0.0,0.0,0.10424,0.0,0.077233,0.030139,0.047166,0.058816,0.0,0.0,0.0,0.0,0.087877,0.0,0.0,0.0,0.028671,0.015511,0.026433,0.028565,0.0,0.112858,0.094274,0.0,0.0,0.031091,0.0,0.0,0.0,0.0,0.0,0.0,0.0,0.0,0.010773
2021-12-30,0.074525,0.032131,0.0,0.033659,0.0,0.0,0.0,0.106471,0.0,0.0,0.10397,0.0,0.077173,0.030027,0.046926,0.057771,0.0,0.0,0.0,0.0,0.088147,0.0,0.0,0.0,0.028511,0.015351,0.026522,0.028616,0.0,0.113463,0.09505,0.0,0.0,0.030904,0.0,0.0,0.0,0.0,0.0,0.0,0.0,0.0,0.010783
2021-12-31,0.05799,0.0,0.0,0.0,0.0,0.0,0.0,0.041137,0.04114,0.0,0.082618,0.0,0.049749,0.032367,0.077657,0.0,0.0,0.0,0.0,0.082529,0.076407,0.0,0.0,0.0,0.027294,0.027135,0.0,0.02738,0.0,0.042424,0.082596,0.0,0.0,0.082567,0.0,0.02752,0.027278,0.027054,0.041055,0.040693,0.0,0.0,0.005411
2022-01-03,0.057778,0.0,0.0,0.0,0.0,0.0,0.0,0.041649,0.041334,0.0,0.08468,0.0,0.050176,0.032888,0.079771,0.0,0.0,0.0,0.0,0.080016,0.075344,0.0,0.0,0.0,0.027453,0.027573,0.0,0.026908,0.0,0.041938,0.083747,0.0,0.0,0.081932,0.0,0.026699,0.026926,0.026801,0.040886,0.040113,0.0,0.0,0.00539
2022-01-04,0.057816,0.0,0.0,0.0,0.0,0.0,0.0,0.041655,0.04154,0.0,0.083835,0.0,0.051295,0.033642,0.082209,0.0,0.0,0.0,0.0,0.080621,0.074059,0.0,0.0,0.0,0.027056,0.027381,0.0,0.026159,0.0,0.041723,0.082992,0.0,0.0,0.082151,0.0,0.026484,0.026806,0.026594,0.040623,0.039989,0.0,0.0,0.005369
2022-01-05,0.0587,0.0,0.0,0.0,0.0,0.0,0.0,0.042229,0.041681,0.0,0.082839,0.0,0.051488,0.033907,0.08347,0.0,0.0,0.0,0.0,0.079916,0.074673,0.0,0.0,0.0,0.026631,0.026861,0.0,0.025776,0.0,0.041158,0.080307,0.0,0.0,0.082963,0.0,0.026749,0.027108,0.026787,0.040935,0.040372,0.0,0.0,0.005452
2022-01-06,0.057652,0.0,0.0,0.0,0.0,0.0,0.0,0.042263,0.041667,0.0,0.082584,0.0,0.05222,0.035044,0.085291,0.0,0.0,0.0,0.0,0.079026,0.073774,0.0,0.0,0.0,0.026483,0.027057,0.0,0.025873,0.0,0.041175,0.079894,0.0,0.0,0.082838,0.0,0.026806,0.027028,0.026658,0.04092,0.0403,0.0,0.0,0.00545
2022-01-07,0.057726,0.0,0.0,0.0,0.0,0.0,0.0,0.042816,0.041353,0.0,0.081608,0.0,0.053096,0.035601,0.086887,0.0,0.0,0.0,0.0,0.075818,0.073759,0.0,0.0,0.0,0.026369,0.026402,0.0,0.025875,0.0,0.041104,0.080228,0.0,0.0,0.083966,0.0,0.026744,0.027072,0.026758,0.041016,0.040324,0.0,0.0,0.005477
2022-01-10,0.057043,0.0,0.0,0.0,0.0,0.0,0.0,0.043098,0.041543,0.0,0.081297,0.0,0.053038,0.035684,0.086818,0.0,0.0,0.0,0.0,0.076277,0.074689,0.0,0.0,0.0,0.026435,0.026472,0.0,0.026151,0.0,0.040962,0.079144,0.0,0.0,0.083482,0.0,0.026872,0.027127,0.026854,0.041145,0.04038,0.0,0.0,0.005488
2022-01-11,0.057159,0.0,0.0,0.0,0.0,0.0,0.0,0.043278,0.041486,0.0,0.081003,0.0,0.052802,0.035423,0.088593,0.0,0.0,0.0,0.0,0.07684,0.074295,0.0,0.0,0.0,0.026401,0.026616,0.0,0.026228,0.0,0.040486,0.080103,0.0,0.0,0.082889,0.0,0.026696,0.026836,0.026686,0.040794,0.03997,0.0,0.0,0.005416
2022-01-12,0.057467,0.0,0.0,0.0,0.0,0.0,0.0,0.043365,0.041506,0.0,0.081128,0.0,0.052575,0.03534,0.088317,0.0,0.0,0.0,0.0,0.076525,0.073712,0.0,0.0,0.0,0.026392,0.026677,0.0,0.025905,0.0,0.040331,0.082908,0.0,0.0,0.082515,0.0,0.026461,0.026706,0.026381,0.040655,0.039742,0.0,0.0,0.00539
2022-01-13,0.057905,0.0,0.0,0.0,0.0,0.0,0.0,0.043491,0.04196,0.0,0.080058,0.0,0.052741,0.035738,0.08849,0.0,0.0,0.0,0.0,0.077843,0.073078,0.0,0.0,0.0,0.02589,0.026239,0.0,0.025235,0.0,0.040534,0.081353,0.0,0.0,0.082635,0.0,0.026884,0.02698,0.026574,0.040795,0.040149,0.0,0.0,0.005427
2022-01-14,0.056924,0.0,0.0,0.0,0.0,0.0,0.0,0.043265,0.041799,0.0,0.079733,0.0,0.052223,0.03598,0.090622,0.0,0.0,0.0,0.0,0.076631,0.072997,0.0,0.0,0.0,0.026125,0.026883,0.0,0.025364,0.0,0.040192,0.081766,0.0,0.0,0.083693,0.0,0.026494,0.02681,0.02647,0.040782,0.039819,0.0,0.0,0.00543
2022-01-17,0.057267,0.0,0.0,0.0,0.0,0.0,0.0,0.043249,0.041784,0.0,0.079704,0.0,0.052204,0.035967,0.090589,0.0,0.0,0.0,0.0,0.076603,0.07297,0.0,0.0,0.0,0.026115,0.026873,0.0,0.025355,0.0,0.040177,0.081736,0.0,0.0,0.083662,0.0,0.026484,0.0268,0.02646,0.040767,0.039804,0.0,0.0,0.005428
2022-01-18,0.057075,0.0,0.0,0.0,0.0,0.0,0.0,0.043317,0.041896,0.0,0.079276,0.0,0.051746,0.035746,0.092211,0.0,0.0,0.0,0.0,0.074543,0.072941,0.0,0.0,0.0,0.02584,0.026026,0.0,0.025252,0.0,0.040304,0.082188,0.0,0.0,0.084903,0.0,0.026472,0.026966,0.026698,0.041128,0.03997,0.0,0.0,0.005503
2022-01-19,0.05744,0.0,0.0,0.0,0.0,0.0,0.0,0.043382,0.042215,0.0,0.078542,0.0,0.051333,0.035061,0.092362,0.0,0.0,0.0,0.0,0.073289,0.073294,0.0,0.0,0.0,0.025708,0.025487,0.0,0.025451,0.0,0.040117,0.080746,0.0,0.0,0.087123,0.0,0.026894,0.027273,0.026881,0.041458,0.040391,0.0,0.0,0.005553
2022-01-20,0.058295,0.0,0.0,0.0,0.0,0.0,0.0,0.043339,0.042201,0.0,0.077727,0.0,0.051414,0.034525,0.092246,0.0,0.0,0.0,0.0,0.072145,0.073397,0.0,0.0,0.0,0.025578,0.024885,0.0,0.02559,0.0,0.039919,0.081138,0.0,0.0,0.087646,0.0,0.027276,0.02755,0.027128,0.041711,0.040691,0.0,0.0,0.005597
2022-01-21,0.057714,0.0,0.0,0.0,0.0,0.0,0.0,0.043216,0.041856,0.0,0.07643,0.0,0.051014,0.034278,0.091598,0.0,0.0,0.0,0.0,0.072249,0.073602,0.0,0.0,0.0,0.025396,0.024789,0.0,0.025292,0.0,0.040339,0.08082,0.0,0.0,0.088304,0.0,0.02796,0.02807,0.027653,0.042259,0.041491,0.0,0.0,0.005669
2022-01-24,0.055128,0.0,0.0,0.0,0.0,0.0,0.0,0.041898,0.042005,0.0,0.077242,0.0,0.05109,0.03459,0.092086,0.0,0.0,0.0,0.0,0.074889,0.073256,0.0,0.0,0.0,0.025492,0.025038,0.0,0.025681,0.0,0.04036,0.080697,0.0,0.0,0.088051,0.0,0.027692,0.028006,0.027678,0.042156,0.041305,0.0,0.0,0.005662
2022-01-25,0.055734,0.0,0.0,0.0,0.0,0.0,0.0,0.042445,0.041718,0.0,0.076142,0.0,0.051444,0.034759,0.095921,0.0,0.0,0.0,0.0,0.073652,0.072983,0.0,0.0,0.0,0.02497,0.024169,0.0,0.024798,0.0,0.040309,0.079716,0.0,0.0,0.088642,0.0,0.027723,0.028045,0.027705,0.042147,0.041302,0.0,0.0,0.005677
2022-01-26,0.057167,0.0,0.0,0.0,0.0,0.0,0.0,0.042129,0.041603,0.0,0.076121,0.0,0.051814,0.034688,0.0962,0.0,0.0,0.0,0.0,0.071639,0.072935,0.0,0.0,0.0,0.025232,0.024653,0.0,0.024611,0.0,0.039861,0.080175,0.0,0.0,0.088917,0.0,0.027513,0.027974,0.027656,0.042197,0.04121,0.0,0.0,0.005703
2022-01-27,0.057346,0.0,0.0,0.0,0.0,0.0,0.0,0.042303,0.041113,0.0,0.07502,0.0,0.051859,0.034296,0.098222,0.0,0.0,0.0,0.0,0.071287,0.073857,0.0,0.0,0.0,0.02531,0.023792,0.0,0.024637,0.0,0.039595,0.077947,0.0,0.0,0.088784,0.0,0.028299,0.028373,0.028047,0.042434,0.041718,0.0,0.0,0.00576
2022-01-28,0.056232,0.0,0.0,0.0,0.0,0.0,0.0,0.042376,0.040859,0.0,0.075879,0.0,0.052005,0.034136,0.096814,0.0,0.0,0.0,0.0,0.072254,0.074601,0.0,0.0,0.0,0.026149,0.024002,0.0,0.024956,0.0,0.040462,0.077137,0.0,0.0,0.088942,0.0,0.028022,0.028151,0.02786,0.042123,0.04134,0.0,0.0,0.005701
2022-01-31,0.037657,0.0,0.0,0.0,0.0,0.0,0.0,0.041072,0.034562,0.0,0.040607,0.0,0.045223,0.030418,0.031204,0.0,0.0,0.036889,0.075726,0.044274,0.075477,0.0,0.075639,0.075913,0.032941,0.027026,0.0,0.015151,0.0,0.075501,0.048669,0.0,0.0,0.075877,0.0,0.0,0.0,0.075522,0.0,0.0,0.0,0.0,0.004651
2022-02-01,0.037892,0.0,0.0,0.0,0.0,0.0,0.0,0.040836,0.034481,0.0,0.0406,0.0,0.045565,0.030692,0.032116,0.0,0.0,0.038019,0.076417,0.044137,0.07521,0.0,0.075102,0.074442,0.032822,0.027083,0.0,0.015057,0.0,0.074766,0.049122,0.0,0.0,0.076453,0.0,0.0,0.0,0.074566,0.0,0.0,0.0,0.0,0.004623
2022-02-02,0.037937,0.0,0.0,0.0,0.0,0.0,0.0,0.040823,0.0344,0.0,0.040109,0.0,0.045593,0.030426,0.032021,0.0,0.0,0.037946,0.076185,0.044447,0.075752,0.0,0.075534,0.075076,0.032885,0.027596,0.0,0.014914,0.0,0.075253,0.048524,0.0,0.0,0.075796,0.0,0.0,0.0,0.074189,0.0,0.0,0.0,0.0,0.004594
2022-02-03,0.038143,0.0,0.0,0.0,0.0,0.0,0.0,0.040751,0.034388,0.0,0.03935,0.0,0.045633,0.030599,0.032099,0.0,0.0,0.037574,0.075758,0.043967,0.076337,0.0,0.076464,0.075641,0.032316,0.026713,0.0,0.014796,0.0,0.075349,0.04804,0.0,0.0,0.076822,0.0,0.0,0.0,0.07461,0.0,0.0,0.0,0.0,0.004649
2022-02-04,0.037898,0.0,0.0,0.0,0.0,0.0,0.0,0.040695,0.034396,0.0,0.040548,0.0,0.046498,0.031206,0.032664,0.0,0.0,0.037313,0.074647,0.042495,0.076208,0.0,0.075674,0.075184,0.032509,0.026918,0.0,0.015094,0.0,0.074748,0.048824,0.0,0.0,0.077498,0.0,0.0,0.0,0.074323,0.0,0.0,0.0,0.0,0.004657
2022-02-07,0.038091,0.0,0.0,0.0,0.0,0.0,0.0,0.040283,0.034538,0.0,0.040455,0.0,0.046627,0.031382,0.033073,0.0,0.0,0.037358,0.074262,0.04268,0.076058,0.0,0.075796,0.075057,0.032285,0.026897,0.0,0.015075,0.0,0.074624,0.048707,0.0,0.0,0.077819,0.0,0.0,0.0,0.074276,0.0,0.0,0.0,0.0,0.004658
2022-02-08,0.037944,0.0,0.0,0.0,0.0,0.0,0.0,0.040189,0.034685,0.0,0.040784,0.0,0.046998,0.031995,0.032172,0.0,0.0,0.037696,0.074969,0.043203,0.07623,0.0,0.075639,0.074671,0.032493,0.027415,0.0,0.015154,0.0,0.073839,0.047629,0.0,0.0,0.077923,0.0,0.0,0.0,0.073744,0.0,0.0,0.0,0.0,0.004629
2022-02-09,0.038071,0.0,0.0,0.0,0.0,0.0,0.0,0.040203,0.034684,0.0,0.040804,0.0,0.046704,0.031382,0.032033,0.0,0.0,0.037911,0.07564,0.04356,0.075855,0.0,0.074708,0.074056,0.032796,0.027958,0.0,0.01535,0.0,0.07456,0.047959,0.0,0.0,0.078237,0.0,0.0,0.0,0.072959,0.0,0.0,0.0,0.0,0.004571
2022-02-10,0.038549,0.0,0.0,0.0,0.0,0.0,0.0,0.040244,0.035037,0.0,0.040694,0.0,0.046979,0.031785,0.032304,0.0,0.0,0.037767,0.076311,0.04251,0.075772,0.0,0.074999,0.073248,0.032411,0.027487,0.0,0.015472,0.0,0.073876,0.047639,0.0,0.0,0.078831,0.0,0.0,0.0,0.073447,0.0,0.0,0.0,0.0,0.004638
2022-02-11,0.038426,0.0,0.0,0.0,0.0,0.0,0.0,0.039873,0.035044,0.0,0.03995,0.0,0.046819,0.031926,0.033601,0.0,0.0,0.037158,0.075939,0.04243,0.075526,0.0,0.075534,0.074081,0.031759,0.026369,0.0,0.015182,0.0,0.073991,0.04686,0.0,0.0,0.079945,0.0,0.0,0.0,0.074901,0.0,0.0,0.0,0.0,0.004688
2022-02-14,0.038022,0.0,0.0,0.0,0.0,0.0,0.0,0.039445,0.034925,0.0,0.040451,0.0,0.046608,0.031863,0.033032,0.0,0.0,0.037535,0.075827,0.042585,0.075263,0.0,0.075836,0.07395,0.031964,0.026574,0.0,0.015285,0.0,0.073816,0.046907,0.0,0.0,0.080183,0.0,0.0,0.0,0.07521,0.0,0.0,0.0,0.0,0.00472
2022-02-15,0.038003,0.0,0.0,0.0,0.0,0.0,0.0,0.040294,0.035067,0.0,0.040816,0.0,0.046626,0.032228,0.03226,0.0,0.0,0.038006,0.076212,0.04277,0.075116,0.0,0.074976,0.072645,0.032377,0.027674,0.0,0.015505,0.0,0.073508,0.0485,0.0,0.0,0.078836,0.0,0.0,0.0,0.073923,0.0,0.0,0.0,0.0,0.004658
2022-02-16,0.037762,0.0,0.0,0.0,0.0,0.0,0.0,0.040195,0.035245,0.0,0.040823,0.0,0.046536,0.032225,0.032434,0.0,0.0,0.03805,0.076564,0.042913,0.07503,0.0,0.074915,0.072615,0.032258,0.027609,0.0,0.015267,0.0,0.073652,0.048545,0.0,0.0,0.07885,0.0,0.0,0.0,0.073868,0.0,0.0,0.0,0.0,0.004645
2022-02-17,0.038067,0.0,0.0,0.0,0.0,0.0,0.0,0.040394,0.03517,0.0,0.040223,0.0,0.045942,0.031601,0.032783,0.0,0.0,0.037844,0.076189,0.042297,0.074739,0.0,0.076427,0.073559,0.03168,0.026902,0.0,0.015017,0.0,0.073774,0.047643,0.0,0.0,0.080094,0.0,0.0,0.0,0.074954,0.0,0.0,0.0,0.0,0.004703
2022-02-18,0.037649,0.0,0.0,0.0,0.0,0.0,0.0,0.04054,0.035394,0.0,0.040119,0.0,0.046096,0.031715,0.0327,0.0,0.0,0.037769,0.076336,0.042532,0.074448,0.0,0.076845,0.073691,0.031473,0.026698,0.0,0.014843,0.0,0.073593,0.047096,0.0,0.0,0.080269,0.0,0.0,0.0,0.075474,0.0,0.0,0.0,0.0,0.00472
2022-02-21,0.037246,0.0,0.0,0.0,0.0,0.0,0.0,0.040557,0.035409,0.0,0.040136,0.0,0.046116,0.031728,0.032713,0.0,0.0,0.037785,0.076368,0.04255,0.07448,0.0,0.076877,0.073722,0.031486,0.026709,0.0,0.014849,0.0,0.073624,0.047115,0.0,0.0,0.080302,0.0,0.0,0.0,0.075505,0.0,0.0,0.0,0.0,0.004722
2022-02-22,0.037605,0.0,0.0,0.0,0.0,0.0,0.0,0.040609,0.03524,0.0,0.039235,0.0,0.046198,0.031705,0.032407,0.0,0.0,0.03741,0.075806,0.041248,0.074807,0.0,0.076809,0.074154,0.031411,0.02673,0.0,0.014877,0.0,0.073865,0.046666,0.0,0.0,0.082203,0.0,0.0,0.0,0.076261,0.0,0.0,0.0,0.0,0.004754
2022-02-23,0.037681,0.0,0.0,0.0,0.0,0.0,0.0,0.040627,0.035449,0.0,0.038356,0.0,0.04591,0.03154,0.033115,0.0,0.0,0.037093,0.075687,0.04035,0.075279,0.0,0.077056,0.073729,0.030973,0.02639,0.0,0.014742,0.0,0.073472,0.047378,0.0,0.0,0.083179,0.0,0.0,0.0,0.077186,0.0,0.0,0.0,0.0,0.004809
2022-02-24,0.036601,0.0,0.0,0.0,0.0,0.0,0.0,0.039435,0.034769,0.0,0.039143,0.0,0.045256,0.030949,0.03278,0.0,0.0,0.037501,0.075292,0.041636,0.07541,0.0,0.075555,0.07415,0.031958,0.027293,0.0,0.015732,0.0,0.074536,0.047321,0.0,0.0,0.082563,0.0,0.0,0.0,0.077325,0.0,0.0,0.0,0.0,0.004794
2022-02-25,0.037272,0.0,0.0,0.0,0.0,0.0,0.0,0.039872,0.034458,0.0,0.039061,0.0,0.045711,0.03158,0.032922,0.0,0.0,0.037486,0.076365,0.042192,0.07605,0.0,0.076316,0.074805,0.031697,0.027153,0.0,0.015609,0.0,0.074694,0.04795,0.0,0.0,0.078513,0.0,0.0,0.0,0.075598,0.0,0.0,0.0,0.0,0.004695
2022-02-28,0.0,0.0,0.0,0.0,0.0,0.0,0.0,0.032793,0.046024,0.0,0.029033,0.0,0.043493,0.035135,0.047033,0.031224,0.0,0.0,0.0,0.0,0.078009,0.0,0.078576,0.078743,0.053234,0.0,0.0,0.02513,0.0,0.047191,0.0,0.055485,0.0,0.078731,0.0,0.0,0.038984,0.038824,0.04517,0.032724,0.078791,0.0,0.005673
2022-03-01,0.0,0.0,0.0,0.0,0.0,0.0,0.0,0.032073,0.046,0.0,0.028713,0.0,0.042065,0.033513,0.047706,0.031986,0.0,0.0,0.0,0.0,0.077902,0.0,0.078442,0.078387,0.052388,0.0,0.0,0.025366,0.0,0.04714,0.0,0.05673,0.0,0.080988,0.0,0.0,0.039529,0.039266,0.045233,0.032974,0.077902,0.0,0.005697
2022-03-02,0.0,0.0,0.0,0.0,0.0,0.0,0.0,0.03229,0.046158,0.0,0.029051,0.0,0.042764,0.0346,0.048356,0.032295,0.0,0.0,0.0,0.0,0.078363,0.0,0.078558,0.078625,0.053039,0.0,0.0,0.025431,0.0,0.047589,0.0,0.055632,0.0,0.080219,0.0,0.0,0.038583,0.038659,0.044932,0.032179,0.077031,0.0,0.005645
2022-03-03,0.0,0.0,0.0,0.0,0.0,0.0,0.0,0.031654,0.045541,0.0,0.028358,0.0,0.042576,0.034322,0.048427,0.031925,0.0,0.0,0.0,0.0,0.078664,0.0,0.079095,0.079908,0.052341,0.0,0.0,0.024966,0.0,0.047918,0.0,0.055893,0.0,0.081913,0.0,0.0,0.0387,0.038565,0.044741,0.032256,0.076601,0.0,0.005638
2022-03-04,0.0,0.0,0.0,0.0,0.0,0.0,0.0,0.03094,0.044738,0.0,0.027929,0.0,0.041811,0.033089,0.049863,0.033209,0.0,0.0,0.0,0.0,0.079118,0.0,0.079166,0.081733,0.051463,0.0,0.0,0.024776,0.0,0.048174,0.0,0.056827,0.0,0.081713,0.0,0.0,0.039114,0.038889,0.044484,0.032312,0.075011,0.0,0.005641
2022-03-07,0.0,0.0,0.0,0.0,0.0,0.0,0.0,0.030282,0.042974,0.0,0.026849,0.0,0.040722,0.032039,0.05115,0.033763,0.0,0.0,0.0,0.0,0.078586,0.0,0.078572,0.083695,0.05012,0.0,0.0,0.024456,0.0,0.047736,0.0,0.058299,0.0,0.084078,0.0,0.0,0.039372,0.039525,0.044576,0.032268,0.075234,0.0,0.005704
2022-03-08,0.0,0.0,0.0,0.0,0.0,0.0,0.0,0.030908,0.043331,0.0,0.026965,0.0,0.040574,0.032286,0.05207,0.034167,0.0,0.0,0.0,0.0,0.077152,0.0,0.076623,0.082586,0.049988,0.0,0.0,0.024112,0.0,0.047611,0.0,0.060028,0.0,0.084152,0.0,0.0,0.039204,0.039804,0.044517,0.032147,0.076061,0.0,0.005715
2022-03-09,0.0,0.0,0.0,0.0,0.0,0.0,0.0,0.031986,0.044159,0.0,0.02766,0.0,0.041804,0.033204,0.050166,0.033653,0.0,0.0,0.0,0.0,0.078124,0.0,0.076664,0.081494,0.051644,0.0,0.0,0.024655,0.0,0.048044,0.0,0.057884,0.0,0.082351,0.0,0.0,0.038721,0.039166,0.044611,0.032003,0.076325,0.0,0.005682
2022-03-10,0.0,0.0,0.0,0.0,0.0,0.0,0.0,0.031898,0.044264,0.0,0.027859,0.0,0.041457,0.033089,0.051705,0.034328,0.0,0.0,0.0,0.0,0.0781,0.0,0.075945,0.082047,0.050745,0.0,0.0,0.024672,0.0,0.048168,0.0,0.05807,0.0,0.082018,0.0,0.0,0.038546,0.039083,0.04424,0.03164,0.076443,0.0,0.005681
2022-03-11,0.0,0.0,0.0,0.0,0.0,0.0,0.0,0.031827,0.043872,0.0,0.027521,0.0,0.041461,0.033291,0.051663,0.034035,0.0,0.0,0.0,0.0,0.078078,0.0,0.075606,0.08236,0.050213,0.0,0.0,0.02431,0.0,0.048131,0.0,0.058079,0.0,0.082878,0.0,0.0,0.038815,0.039644,0.044238,0.031856,0.076401,0.0,0.005721
2022-03-14,0.0,0.0,0.0,0.0,0.0,0.0,0.0,0.032568,0.04395,0.0,0.027245,0.0,0.042269,0.033674,0.050456,0.032814,0.0,0.0,0.0,0.0,0.079161,0.0,0.076523,0.082823,0.049616,0.0,0.0,0.023758,0.0,0.048079,0.0,0.057591,0.0,0.083286,0.0,0.0,0.038583,0.039471,0.044009,0.031607,0.076757,0.0,0.005761
2022-03-15,0.0,0.0,0.0,0.0,0.0,0.0,0.0,0.03278,0.043637,0.0,0.027995,0.0,0.042617,0.033579,0.048327,0.032058,0.0,0.0,0.0,0.0,0.080273,0.0,0.077785,0.083397,0.050986,0.0,0.0,0.024217,0.0,0.048121,0.0,0.056186,0.0,0.0825,0.0,0.0,0.038342,0.038949,0.044082,0.031671,0.076771,0.0,0.005726
2022-03-16,0.0,0.0,0.0,0.0,0.0,0.0,0.0,0.033246,0.044221,0.0,0.028673,0.0,0.043396,0.034282,0.047645,0.031823,0.0,0.0,0.0,0.0,0.08046,0.0,0.077125,0.082449,0.05214,0.0,0.0,0.024471,0.0,0.048227,0.0,0.055998,0.0,0.080395,0.0,0.0,0.037923,0.038354,0.044273,0.031636,0.077592,0.0,0.005671
2022-03-17,0.0,0.0,0.0,0.0,0.0,0.0,0.0,0.032927,0.044635,0.0,0.028818,0.0,0.043437,0.033536,0.048722,0.033108,0.0,0.0,0.0,0.0,0.080801,0.0,0.076775,0.081853,0.051911,0.0,0.0,0.024722,0.0,0.048414,0.0,0.05563,0.0,0.080408,0.0,0.0,0.037418,0.038433,0.044068,0.031582,0.077195,0.0,0.005607
2022-03-18,0.0,0.0,0.0,0.0,0.0,0.0,0.0,0.033108,0.044432,0.0,0.029375,0.0,0.043464,0.033436,0.048594,0.033002,0.0,0.0,0.0,0.0,0.081162,0.0,0.076822,0.081017,0.052884,0.0,0.0,0.025219,0.0,0.048333,0.0,0.055048,0.0,0.080309,0.0,0.0,0.037465,0.038251,0.044139,0.031591,0.076751,0.0,0.005598
2022-03-21,0.0,0.0,0.0,0.0,0.0,0.0,0.0,0.032445,0.044093,0.0,0.029112,0.0,0.043396,0.033228,0.050523,0.034099,0.0,0.0,0.0,0.0,0.081052,0.0,0.076875,0.08151,0.052753,0.0,0.0,0.024962,0.0,0.048009,0.0,0.055436,0.0,0.081968,0.0,0.0,0.036956,0.03789,0.043605,0.031134,0.075361,0.0,0.005594
2022-03-22,0.0,0.0,0.0,0.0,0.0,0.0,0.0,0.032711,0.044072,0.0,0.02972,0.0,0.043931,0.033672,0.049959,0.03377,0.0,0.0,0.0,0.0,0.080759,0.0,0.077149,0.081312,0.053305,0.0,0.0,0.025777,0.0,0.047947,0.0,0.054822,0.0,0.081802,0.0,0.0,0.036612,0.037571,0.043661,0.03094,0.074938,0.0,0.005572
2022-03-23,0.0,0.0,0.0,0.0,0.0,0.0,0.0,0.032192,0.04379,0.0,0.029443,0.0,0.043251,0.032736,0.050976,0.034581,0.0,0.0,0.0,0.0,0.079555,0.0,0.076765,0.081679,0.052648,0.0,0.0,0.025921,0.0,0.047556,0.0,0.055744,0.0,0.082426,0.0,0.0,0.036973,0.03816,0.043657,0.031124,0.075233,0.0,0.00559
2022-03-24,0.0,0.0,0.0,0.0,0.0,0.0,0.0,0.032502,0.043909,0.0,0.029484,0.0,0.043322,0.032816,0.050779,0.034746,0.0,0.0,0.0,0.0,0.079996,0.0,0.076817,0.081998,0.053675,0.0,0.0,0.026012,0.0,0.047555,0.0,0.055794,0.0,0.081353,0.0,0.0,0.036535,0.037686,0.043472,0.03094,0.075055,0.0,0.005554
2022-03-25,0.0,0.0,0.0,0.0,0.0,0.0,0.0,0.032323,0.04337,0.0,0.029284,0.0,0.043655,0.033167,0.05163,0.036213,0.0,0.0,0.0,0.0,0.079961,0.0,0.077064,0.082765,0.053373,0.0,0.0,0.025719,0.0,0.047904,0.0,0.055284,0.0,0.081564,0.0,0.0,0.035976,0.037238,0.04294,0.03054,0.074504,0.0,0.005526
2022-03-28,0.0,0.0,0.0,0.0,0.0,0.0,0.0,0.032579,0.043069,0.0,0.030065,0.0,0.043534,0.032906,0.050352,0.035307,0.0,0.0,0.0,0.0,0.080542,0.0,0.077383,0.0833,0.054007,0.0,0.0,0.025983,0.0,0.048414,0.0,0.054278,0.0,0.080355,0.0,0.0,0.036058,0.037197,0.04321,0.030709,0.075227,0.0,0.005526
2022-03-29,0.0,0.0,0.0,0.0,0.0,0.0,0.0,0.03289,0.043234,0.0,0.03035,0.0,0.043293,0.033181,0.049829,0.035073,0.0,0.0,0.0,0.0,0.080386,0.0,0.077463,0.083417,0.054724,0.0,0.0,0.026013,0.0,0.049446,0.0,0.053878,0.0,0.07911,0.0,0.0,0.035955,0.036774,0.043402,0.030726,0.075372,0.0,0.005483
2022-03-30,0.0,0.0,0.0,0.0,0.0,0.0,0.0,0.032517,0.043243,0.0,0.029886,0.0,0.042981,0.032265,0.050402,0.035383,0.0,0.0,0.0,0.0,0.080534,0.0,0.077505,0.084096,0.053988,0.0,0.0,0.025729,0.0,0.049083,0.0,0.054305,0.0,0.080083,0.0,0.0,0.036092,0.03695,0.043266,0.030794,0.075417,0.0,0.005482
2022-03-31,0.0,0.0,0.0,0.0,0.0,0.0,0.0,0.0,0.088848,0.0,0.0283,0.0,0.023122,0.065615,0.053749,0.0343,0.0,0.039797,0.0,0.0,0.043261,0.0,0.088691,0.0,0.028649,0.019968,0.0,0.039234,0.0,0.0,0.0,0.06717,0.020638,0.088941,0.088226,0.0,0.044235,0.043785,0.071189,0.016883,0.0,0.0,0.005398
2022-04-01,0.0,0.0,0.0,0.0,0.0,0.0,0.0,0.0,0.088833,0.0,0.028312,0.0,0.023043,0.064973,0.054141,0.035273,0.0,0.038239,0.0,0.0,0.043566,0.0,0.089506,0.0,0.028541,0.019565,0.0,0.039202,0.0,0.0,0.0,0.066688,0.020495,0.0883,0.090459,0.0,0.043911,0.043508,0.071126,0.016926,0.0,0.0,0.005393
2022-04-04,0.0,0.0,0.0,0.0,0.0,0.0,0.0,0.0,0.089823,0.0,0.02883,0.0,0.022846,0.064384,0.05399,0.035228,0.0,0.03797,0.0,0.0,0.043027,0.0,0.088861,0.0,0.028965,0.019802,0.0,0.039637,0.0,0.0,0.0,0.066738,0.020313,0.088546,0.090379,0.0,0.043703,0.043299,0.071372,0.016915,0.0,0.0,0.005371
2022-04-05,0.0,0.0,0.0,0.0,0.0,0.0,0.0,0.0,0.089838,0.0,0.028515,0.0,0.022993,0.064388,0.053824,0.03486,0.0,0.037419,0.0,0.0,0.043671,0.0,0.090083,0.0,0.028718,0.019133,0.0,0.039237,0.0,0.0,0.0,0.06717,0.020328,0.090009,0.08892,0.0,0.043736,0.043537,0.07135,0.016832,0.0,0.0,0.005439
2022-04-06,0.0,0.0,0.0,0.0,0.0,0.0,0.0,0.0,0.089268,0.0,0.027979,0.0,0.022993,0.063725,0.054516,0.035064,0.0,0.03661,0.0,0.0,0.044642,0.0,0.091854,0.0,0.028232,0.018785,0.0,0.038383,0.0,0.0,0.0,0.067791,0.02066,0.090588,0.087781,0.0,0.043883,0.043643,0.071277,0.016848,0.0,0.0,0.005477
2022-04-07,0.0,0.0,0.0,0.0,0.0,0.0,0.0,0.0,0.087813,0.0,0.02805,0.0,0.02291,0.062777,0.05509,0.035295,0.0,0.03636,0.0,0.0,0.045385,0.0,0.092733,0.0,0.028204,0.018779,0.0,0.038704,0.0,0.0,0.0,0.067875,0.020726,0.090564,0.088422,0.0,0.043663,0.043475,0.070982,0.016728,0.0,0.0,0.005463
2022-04-08,0.0,0.0,0.0,0.0,0.0,0.0,0.0,0.0,0.087299,0.0,0.027708,0.0,0.023072,0.062637,0.056435,0.035989,0.0,0.035872,0.0,0.0,0.045519,0.0,0.092842,0.0,0.027726,0.018257,0.0,0.038133,0.0,0.0,0.0,0.068094,0.020773,0.091685,0.088898,0.0,0.043311,0.043422,0.070338,0.016546,0.0,0.0,0.005446
2022-04-11,0.0,0.0,0.0,0.0,0.0,0.0,0.0,0.0,0.086285,0.0,0.027409,0.0,0.023151,0.063313,0.055173,0.035533,0.0,0.036274,0.0,0.0,0.044968,0.0,0.093198,0.0,0.027242,0.018024,0.0,0.038743,0.0,0.0,0.0,0.068974,0.02124,0.093156,0.087769,0.0,0.043445,0.043691,0.07041,0.016515,0.0,0.0,0.005489
2022-04-12,0.0,0.0,0.0,0.0,0.0,0.0,0.0,0.0,0.085947,0.0,0.0274,0.0,0.02284,0.062502,0.055945,0.035933,0.0,0.036189,0.0,0.0,0.044417,0.0,0.092983,0.0,0.027052,0.017923,0.0,0.038697,0.0,0.0,0.0,0.069326,0.021479,0.09366,0.08786,0.0,0.043543,0.043576,0.070768,0.016484,0.0,0.0,0.005476
2022-04-13,0.0,0.0,0.0,0.0,0.0,0.0,0.0,0.0,0.086826,0.0,0.027725,0.0,0.02255,0.062575,0.056059,0.036412,0.0,0.036441,0.0,0.0,0.044068,0.0,0.092318,0.0,0.027138,0.018077,0.0,0.039419,0.0,0.0,0.0,0.068774,0.021459,0.092349,0.089735,0.0,0.043085,0.042941,0.070287,0.016359,0.0,0.0,0.005406
2022-04-14,0.0,0.0,0.0,0.0,0.0,0.0,0.0,0.0,0.085652,0.0,0.027527,0.0,0.022452,0.062417,0.056634,0.036753,0.0,0.036771,0.0,0.0,0.044162,0.0,0.092937,0.0,0.026663,0.017699,0.0,0.038837,0.0,0.0,0.0,0.069024,0.021509,0.092542,0.090164,0.0,0.042994,0.043237,0.070303,0.016281,0.0,0.0,0.005443
2022-04-18,0.0,0.0,0.0,0.0,0.0,0.0,0.0,0.0,0.084253,0.0,0.027592,0.0,0.022571,0.062615,0.057425,0.037424,0.0,0.036398,0.0,0.0,0.043645,0.0,0.092109,0.0,0.026732,0.017993,0.0,0.03808,0.0,0.0,0.0,0.069191,0.021703,0.093585,0.090924,0.0,0.04284,0.043193,0.070142,0.016146,0.0,0.0,0.005439
2022-04-19,0.0,0.0,0.0,0.0,0.0,0.0,0.0,0.0,0.08434,0.0,0.028304,0.0,0.02281,0.064322,0.05678,0.036729,0.0,0.037196,0.0,0.0,0.043925,0.0,0.093221,0.0,0.027149,0.018331,0.0,0.038697,0.0,0.0,0.0,0.067934,0.021065,0.092396,0.090272,0.0,0.042426,0.042846,0.069863,0.015968,0.0,0.0,0.005422
2022-04-20,0.0,0.0,0.0,0.0,0.0,0.0,0.0,0.0,0.08457,0.0,0.027843,0.0,0.022888,0.064602,0.056802,0.037103,0.0,0.037285,0.0,0.0,0.044362,0.0,0.094291,0.0,0.02703,0.018226,0.0,0.038393,0.0,0.0,0.0,0.06803,0.021028,0.092199,0.088407,0.0,0.042609,0.043013,0.069839,0.016078,0.0,0.0,0.005403
2022-04-21,0.0,0.0,0.0,0.0,0.0,0.0,0.0,0.0,0.08483,0.0,0.028004,0.0,0.022877,0.064462,0.055857,0.036043,0.0,0.037838,0.0,0.0,0.044556,0.0,0.095678,0.0,0.026986,0.018017,0.0,0.03764,0.0,0.0,0.0,0.068846,0.020907,0.093471,0.085014,0.0,0.043035,0.043856,0.070442,0.016155,0.0,0.0,0.005487
2022-04-22,0.0,0.0,0.0,0.0,0.0,0.0,0.0,0.0,0.085434,0.0,0.027911,0.0,0.022648,0.064125,0.055603,0.035254,0.0,0.037679,0.0,0.0,0.043806,0.0,0.096101,0.0,0.026766,0.017975,0.0,0.037549,0.0,0.0,0.0,0.069566,0.020884,0.094196,0.082483,0.0,0.043934,0.044575,0.071446,0.016465,0.0,0.0,0.005599
2022-04-25,0.0,0.0,0.0,0.0,0.0,0.0,0.0,0.0,0.085536,0.0,0.028181,0.0,0.022741,0.064385,0.053894,0.034658,0.0,0.038161,0.0,0.0,0.044208,0.0,0.09676,0.0,0.027234,0.018323,0.0,0.038662,0.0,0.0,0.0,0.068482,0.020484,0.093663,0.08113,0.0,0.044323,0.044649,0.072225,0.016689,0.0,0.0,0.005613
2022-04-26,0.0,0.0,0.0,0.0,0.0,0.0,0.0,0.0,0.084669,0.0,0.027196,0.0,0.022535,0.063498,0.054857,0.034838,0.0,0.037703,0.0,0.0,0.044145,0.0,0.096835,0.0,0.026652,0.0178,0.0,0.037831,0.0,0.0,0.0,0.069717,0.02065,0.095466,0.079126,0.0,0.045355,0.045483,0.072984,0.016955,0.0,0.0,0.005705
2022-04-27,0.0,0.0,0.0,0.0,0.0,0.0,0.0,0.0,0.084389,0.0,0.02711,0.0,0.022442,0.063275,0.055476,0.035231,0.0,0.037977,0.0,0.0,0.043903,0.0,0.096872,0.0,0.026957,0.017644,0.0,0.037153,0.0,0.0,0.0,0.068962,0.02043,0.09515,0.082011,0.0,0.044953,0.045258,0.072386,0.016737,0.0,0.0,0.005686
2022-04-28,0.0,0.0,0.0,0.0,0.0,0.0,0.0,0.0,0.085018,0.0,0.027276,0.0,0.022408,0.063282,0.056353,0.035844,0.0,0.038412,0.0,0.0,0.043882,0.0,0.096916,0.0,0.027641,0.018354,0.0,0.03732,0.0,0.0,0.0,0.068357,0.020076,0.094232,0.081581,0.0,0.044256,0.044874,0.071763,0.01655,0.0,0.0,0.005606
2022-04-29,0.034083,0.0,0.0,0.0,0.0,0.0,0.108148,0.0,0.058073,0.0,0.039616,0.0,0.014558,0.0,0.063877,0.043436,0.039129,0.068724,0.030012,0.0,0.078325,0.0,0.014249,0.108178,0.034528,0.023583,0.0,0.048905,0.0,0.03031,0.0,0.03228,0.0,0.016062,0.108121,0.0,0.0,0.0,0.0,0.0,0.0,0.0,0.005803
2022-05-02,0.03426,0.0,0.0,0.0,0.0,0.0,0.104926,0.0,0.058102,0.0,0.040403,0.0,0.014638,0.0,0.065233,0.043724,0.039414,0.068821,0.030075,0.0,0.078241,0.0,0.014134,0.107625,0.035234,0.024497,0.0,0.049934,0.0,0.029732,0.0,0.031845,0.0,0.016087,0.107242,0.0,0.0,0.0,0.0,0.0,0.0,0.0,0.005833
2022-05-03,0.033686,0.0,0.0,0.0,0.0,0.0,0.105797,0.0,0.05815,0.0,0.039956,0.0,0.014701,0.0,0.066483,0.045382,0.039333,0.068554,0.03015,0.0,0.077812,0.0,0.013972,0.107105,0.034991,0.024487,0.0,0.048828,0.0,0.029841,0.0,0.031655,0.0,0.015861,0.107474,0.0,0.0,0.0,0.0,0.0,0.0,0.0,0.005781
2022-05-04,0.03253,0.0,0.0,0.0,0.0,0.0,0.106281,0.0,0.057944,0.0,0.040168,0.0,0.014796,0.0,0.067626,0.046115,0.039527,0.068291,0.0304,0.0,0.077679,0.0,0.013953,0.106937,0.035374,0.024843,0.0,0.048336,0.0,0.029479,0.0,0.031219,0.0,0.015632,0.107223,0.0,0.0,0.0,0.0,0.0,0.0,0.0,0.005647
2022-05-05,0.033554,0.0,0.0,0.0,0.0,0.0,0.104861,0.0,0.057573,0.0,0.0391,0.0,0.014814,0.0,0.068688,0.046317,0.039695,0.068585,0.030379,0.0,0.078547,0.0,0.014116,0.109147,0.034723,0.024377,0.0,0.047043,0.0,0.029588,0.0,0.03207,0.0,0.016149,0.104851,0.0,0.0,0.0,0.0,0.0,0.0,0.0,0.005822
2022-05-06,0.033408,0.0,0.0,0.0,0.0,0.0,0.10433,0.0,0.057793,0.0,0.038801,0.0,0.014783,0.0,0.071095,0.047162,0.039628,0.068227,0.030096,0.0,0.078699,0.0,0.014202,0.110576,0.03462,0.024283,0.0,0.045287,0.0,0.029386,0.0,0.032287,0.0,0.016033,0.103452,0.0,0.0,0.0,0.0,0.0,0.0,0.0,0.005851
2022-05-09,0.033766,0.0,0.0,0.0,0.0,0.0,0.104892,0.0,0.058245,0.0,0.038693,0.0,0.01503,0.0,0.067927,0.044055,0.040278,0.068918,0.030358,0.0,0.079851,0.0,0.014788,0.114316,0.034665,0.024005,0.0,0.044117,0.0,0.029261,0.0,0.033144,0.0,0.01631,0.101288,0.0,0.0,0.0,0.0,0.0,0.0,0.0,0.006094
2022-05-10,0.033551,0.0,0.0,0.0,0.0,0.0,0.105171,0.0,0.058991,0.0,0.038617,0.0,0.014912,0.0,0.068612,0.044314,0.040055,0.068952,0.030199,0.0,0.080216,0.0,0.0147,0.113042,0.035228,0.024576,0.0,0.044699,0.0,0.028757,0.0,0.032897,0.0,0.016442,0.09997,0.0,0.0,0.0,0.0,0.0,0.0,0.0,0.0061
2022-05-11,0.034138,0.0,0.0,0.0,0.0,0.0,0.106706,0.0,0.058178,0.0,0.037321,0.0,0.014809,0.0,0.069697,0.04463,0.039785,0.068151,0.030285,0.0,0.079872,0.0,0.014671,0.114124,0.034197,0.023906,0.0,0.043541,0.0,0.028763,0.0,0.033243,0.0,0.01678,0.101087,0.0,0.0,0.0,0.0,0.0,0.0,0.0,0.006116
2022-05-12,0.033458,0.0,0.0,0.0,0.0,0.0,0.108478,0.0,0.057905,0.0,0.037685,0.0,0.01474,0.0,0.070193,0.044661,0.039973,0.068463,0.030316,0.0,0.080877,0.0,0.014709,0.113296,0.033941,0.024121,0.0,0.04415,0.0,0.02907,0.0,0.032828,0.0,0.016905,0.098095,0.0,0.0,0.0,0.0,0.0,0.0,0.0,0.006135
2022-05-13,0.033478,0.0,0.0,0.0,0.0,0.0,0.10869,0.0,0.057819,0.0,0.038261,0.0,0.014608,0.0,0.070911,0.045477,0.039544,0.06813,0.030069,0.0,0.079841,0.0,0.014584,0.111988,0.034257,0.024764,0.0,0.045074,0.0,0.029147,0.0,0.031807,0.0,0.016671,0.098889,0.0,0.0,0.0,0.0,0.0,0.0,0.0,0.005991
2022-05-16,0.033214,0.0,0.0,0.0,0.0,0.0,0.109825,0.0,0.057132,0.0,0.037288,0.0,0.014429,0.0,0.072495,0.046333,0.039334,0.067327,0.029896,0.0,0.080115,0.0,0.014593,0.111892,0.033821,0.024292,0.0,0.043837,0.0,0.028849,0.0,0.031984,0.0,0.0171,0.100278,0.0,0.0,0.0,0.0,0.0,0.0,0.0,0.005967
2022-05-17,0.03308,0.0,0.0,0.0,0.0,0.0,0.110181,0.0,0.057078,0.0,0.037415,0.0,0.0145,0.0,0.071774,0.046668,0.039371,0.067955,0.030089,0.0,0.079488,0.0,0.014185,0.110643,0.03406,0.02493,0.0,0.043397,0.0,0.02862,0.0,0.031107,0.0,0.016824,0.102795,0.0,0.0,0.0,0.0,0.0,0.0,0.0,0.00584
2022-05-18,0.033513,0.0,0.0,0.0,0.0,0.0,0.110153,0.0,0.057936,0.0,0.03607,0.0,0.014545,0.0,0.072135,0.046552,0.039098,0.066073,0.030071,0.0,0.079874,0.0,0.01369,0.113021,0.033525,0.024418,0.0,0.042913,0.0,0.028664,0.0,0.032103,0.0,0.01693,0.102693,0.0,0.0,0.0,0.0,0.0,0.0,0.0,0.006024
2022-05-19,0.032985,0.0,0.0,0.0,0.0,0.0,0.111935,0.0,0.058093,0.0,0.035919,0.0,0.014378,0.0,0.07152,0.046305,0.038559,0.064549,0.030136,0.0,0.079658,0.0,0.01338,0.112235,0.032995,0.024152,0.0,0.042866,0.0,0.028398,0.0,0.032416,0.0,0.01684,0.106685,0.0,0.0,0.0,0.0,0.0,0.0,0.0,0.005994
2022-05-20,0.032621,0.0,0.0,0.0,0.0,0.0,0.114171,0.0,0.058079,0.0,0.035141,0.0,0.01429,0.0,0.071519,0.04638,0.037979,0.064359,0.029934,0.0,0.080281,0.0,0.013351,0.112065,0.032926,0.024035,0.0,0.0434,0.0,0.028456,0.0,0.0323,0.0,0.016655,0.106088,0.0,0.0,0.0,0.0,0.0,0.0,0.0,0.005968
2022-05-23,0.032779,0.0,0.0,0.0,0.0,0.0,0.115985,0.0,0.057544,0.0,0.034707,0.0,0.014464,0.0,0.071963,0.047332,0.037841,0.064212,0.029883,0.0,0.079392,0.0,0.013359,0.111177,0.03302,0.023664,0.0,0.043628,0.0,0.028219,0.0,0.031811,0.0,0.016474,0.106696,0.0,0.0,0.0,0.0,0.0,0.0,0.0,0.005851
2022-05-24,0.032302,0.0,0.0,0.0,0.0,0.0,0.116257,0.0,0.056863,0.0,0.033952,0.0,0.014493,0.0,0.072532,0.047372,0.037974,0.063238,0.029833,0.0,0.079953,0.0,0.013632,0.113859,0.032662,0.023182,0.0,0.04275,0.0,0.028573,0.0,0.032181,0.0,0.016342,0.106174,0.0,0.0,0.0,0.0,0.0,0.0,0.0,0.005876
2022-05-25,0.032472,0.0,0.0,0.0,0.0,0.0,0.115277,0.0,0.05709,0.0,0.034646,0.0,0.014498,0.0,0.073469,0.048904,0.037906,0.06345,0.029738,0.0,0.079323,0.0,0.013533,0.11292,0.032793,0.02342,0.0,0.04318,0.0,0.028597,0.0,0.031745,0.0,0.016138,0.105071,0.0,0.0,0.0,0.0,0.0,0.0,0.0,0.00583
2022-05-26,0.03261,0.0,0.0,0.0,0.0,0.0,0.115991,0.0,0.056466,0.0,0.035798,0.0,0.014609,0.0,0.073162,0.049267,0.038092,0.064428,0.029828,0.0,0.078462,0.0,0.013471,0.111535,0.033075,0.023969,0.0,0.043633,0.0,0.028201,0.0,0.031209,0.0,0.016054,0.104397,0.0,0.0,0.0,0.0,0.0,0.0,0.0,0.005742
2022-05-27,0.032539,0.0,0.0,0.0,0.0,0.0,0.114509,0.0,0.056542,0.0,0.036328,0.0,0.014576,0.0,0.073095,0.050268,0.038141,0.064474,0.029952,0.0,0.078261,0.0,0.01337,0.111142,0.033549,0.024484,0.0,0.044106,0.0,0.028412,0.0,0.030636,0.0,0.01585,0.104134,0.0,0.0,0.0,0.0,0.0,0.0,0.0,0.005634
2022-05-30,0.032984,0.0,0.0,0.0,0.0,0.0,0.114456,0.0,0.056516,0.0,0.036311,0.0,0.014569,0.0,0.073062,0.050245,0.038123,0.064445,0.029938,0.0,0.078225,0.0,0.013364,0.111091,0.033534,0.024472,0.0,0.044085,0.0,0.028399,0.0,0.030622,0.0,0.015843,0.104086,0.0,0.0,0.0,0.0,0.0,0.0,0.0,0.005631
2022-05-31,0.0,0.0,0.0,0.030938,0.0,0.0,0.046913,0.056102,0.017942,0.012537,0.0,0.0,0.0,0.0,0.069403,0.016983,0.0,0.0,0.047342,0.0,0.069954,0.0,0.087082,0.087078,0.020461,0.0,0.0,0.021791,0.0,0.021692,0.0,0.086935,0.0,0.087049,0.042376,0.0,0.025403,0.06049,0.086984,0.0,0.0,0.0,0.004545
2022-06-01,0.0,0.0,0.0,0.030836,0.0,0.0,0.046811,0.056233,0.017822,0.012483,0.0,0.0,0.0,0.0,0.07068,0.017574,0.0,0.0,0.046966,0.0,0.069092,0.0,0.086126,0.087119,0.020442,0.0,0.0,0.021919,0.0,0.021557,0.0,0.087671,0.0,0.087151,0.042443,0.0,0.025312,0.060367,0.086842,0.0,0.0,0.0,0.004554
2022-06-02,0.0,0.0,0.0,0.03081,0.0,0.0,0.046851,0.056831,0.017841,0.01252,0.0,0.0,0.0,0.0,0.069644,0.017376,0.0,0.0,0.047705,0.0,0.068835,0.0,0.086372,0.086694,0.020696,0.0,0.0,0.022323,0.0,0.021601,0.0,0.087726,0.0,0.086577,0.043896,0.0,0.025057,0.059946,0.086199,0.0,0.0,0.0,0.004501
2022-06-03,0.0,0.0,0.0,0.030951,0.0,0.0,0.046816,0.055922,0.01765,0.012327,0.0,0.0,0.0,0.0,0.071116,0.017719,0.0,0.0,0.047609,0.0,0.068557,0.0,0.086168,0.086947,0.020358,0.0,0.0,0.022143,0.0,0.021479,0.0,0.087511,0.0,0.08642,0.043585,0.0,0.025203,0.060762,0.086223,0.0,0.0,0.0,0.004536
2022-06-06,0.0,0.0,0.0,0.031222,0.0,0.0,0.046288,0.055918,0.017667,0.012293,0.0,0.0,0.0,0.0,0.070979,0.01786,0.0,0.0,0.048022,0.0,0.068513,0.0,0.086135,0.087263,0.020343,0.0,0.0,0.022105,0.0,0.021394,0.0,0.087056,0.0,0.087496,0.044095,0.0,0.024994,0.060318,0.085508,0.0,0.0,0.0,0.004533
2022-06-07,0.0,0.0,0.0,0.030953,0.0,0.0,0.045232,0.055634,0.017556,0.012145,0.0,0.0,0.0,0.0,0.07264,0.018414,0.0,0.0,0.048064,0.0,0.068969,0.0,0.086046,0.087238,0.020456,0.0,0.0,0.022312,0.0,0.021553,0.0,0.087074,0.0,0.086751,0.044275,0.0,0.024937,0.060082,0.085167,0.0,0.0,0.0,0.004504
2022-06-08,0.0,0.0,0.0,0.031327,0.0,0.0,0.044601,0.055495,0.017655,0.012164,0.0,0.0,0.0,0.0,0.073431,0.018415,0.0,0.0,0.047475,0.0,0.069019,0.0,0.085731,0.086276,0.020402,0.0,0.0,0.022342,0.0,0.021239,0.0,0.08775,0.0,0.087783,0.043664,0.0,0.02506,0.060456,0.085172,0.0,0.0,0.0,0.004543
2022-06-09,0.0,0.0,0.0,0.03131,0.0,0.0,0.044466,0.05592,0.017672,0.012102,0.0,0.0,0.0,0.0,0.07282,0.018427,0.0,0.0,0.047006,0.0,0.06841,0.0,0.085635,0.085389,0.020137,0.0,0.0,0.022188,0.0,0.021028,0.0,0.088704,0.0,0.08902,0.042791,0.0,0.025391,0.061298,0.085682,0.0,0.0,0.0,0.004607
2022-06-10,0.0,0.0,0.0,0.0309,0.0,0.0,0.043686,0.055981,0.017721,0.011947,0.0,0.0,0.0,0.0,0.072518,0.018351,0.0,0.0,0.04616,0.0,0.068187,0.0,0.086379,0.08584,0.019615,0.0,0.0,0.021717,0.0,0.020829,0.0,0.091065,0.0,0.089489,0.042336,0.0,0.025469,0.061821,0.085321,0.0,0.0,0.0,0.004667
2022-06-13,0.0,0.0,0.0,0.03097,0.0,0.0,0.042933,0.056815,0.017761,0.01179,0.0,0.0,0.0,0.0,0.071063,0.017791,0.0,0.0,0.045861,0.0,0.068363,0.0,0.087381,0.084669,0.019381,0.0,0.0,0.021377,0.0,0.020459,0.0,0.091665,0.0,0.091471,0.04146,0.0,0.025864,0.06284,0.085262,0.0,0.0,0.0,0.004825
2022-06-14,0.0,0.0,0.0,0.03086,0.0,0.0,0.042877,0.05745,0.018122,0.012003,0.0,0.0,0.0,0.0,0.07165,0.017769,0.0,0.0,0.045799,0.0,0.068141,0.0,0.086898,0.083053,0.019627,0.0,0.0,0.021463,0.0,0.020432,0.0,0.091508,0.0,0.091797,0.041139,0.0,0.02582,0.06237,0.086366,0.0,0.0,0.0,0.004855
2022-06-15,0.0,0.0,0.0,0.030968,0.0,0.0,0.043697,0.057449,0.018171,0.011918,0.0,0.0,0.0,0.0,0.069524,0.01737,0.0,0.0,0.045431,0.0,0.068296,0.0,0.086311,0.082942,0.019885,0.0,0.0,0.021787,0.0,0.020754,0.0,0.091982,0.0,0.091126,0.04149,0.0,0.025977,0.062743,0.087361,0.0,0.0,0.0,0.004817
2022-06-16,0.0,0.0,0.0,0.030342,0.0,0.0,0.042577,0.056916,0.017829,0.0118,0.0,0.0,0.0,0.0,0.066889,0.016585,0.0,0.0,0.044647,0.0,0.068606,0.0,0.087326,0.082928,0.019448,0.0,0.0,0.021274,0.0,0.020603,0.0,0.094832,0.0,0.093847,0.040551,0.0,0.026658,0.063779,0.087654,0.0,0.0,0.0,0.004911
2022-06-17,0.0,0.0,0.0,0.03073,0.0,0.0,0.04236,0.057189,0.017923,0.011979,0.0,0.0,0.0,0.0,0.063699,0.015491,0.0,0.0,0.044899,0.0,0.069072,0.0,0.087652,0.082762,0.019771,0.0,0.0,0.021862,0.0,0.020912,0.0,0.094747,0.0,0.09398,0.040302,0.0,0.026863,0.064283,0.088576,0.0,0.0,0.0,0.004948
2022-06-20,0.0,0.0,0.0,0.030862,0.0,0.0,0.042355,0.057181,0.017921,0.011978,0.0,0.0,0.0,0.0,0.06369,0.015488,0.0,0.0,0.044893,0.0,0.069063,0.0,0.08764,0.082751,0.019769,0.0,0.0,0.021859,0.0,0.020909,0.0,0.094734,0.0,0.093967,0.040296,0.0,0.026859,0.064274,0.088564,0.0,0.0,0.0,0.004947
2022-06-21,0.0,0.0,0.0,0.030731,0.0,0.0,0.041807,0.057742,0.018019,0.01181,0.0,0.0,0.0,0.0,0.066195,0.015933,0.0,0.0,0.045031,0.0,0.070081,0.0,0.088912,0.083325,0.020031,0.0,0.0,0.022202,0.0,0.020949,0.0,0.093261,0.0,0.09183,0.040106,0.0,0.026403,0.06329,0.087454,0.0,0.0,0.0,0.004888
2022-06-22,0.0,0.0,0.0,0.030658,0.0,0.0,0.041865,0.057137,0.017743,0.011539,0.0,0.0,0.0,0.0,0.063977,0.01508,0.0,0.0,0.044755,0.0,0.071536,0.0,0.089452,0.084774,0.020082,0.0,0.0,0.022275,0.0,0.021359,0.0,0.094269,0.0,0.091339,0.038208,0.0,0.026918,0.064088,0.088025,0.0,0.0,0.0,0.004921
2022-06-23,0.0,0.0,0.0,0.030759,0.0,0.0,0.041042,0.057869,0.017735,0.011444,0.0,0.0,0.0,0.0,0.06173,0.014456,0.0,0.0,0.044231,0.0,0.073289,0.0,0.091372,0.086945,0.020424,0.0,0.0,0.022973,0.0,0.021809,0.0,0.09388,0.0,0.088774,0.03597,0.0,0.027125,0.064408,0.088834,0.0,0.0,0.0,0.004931
2022-06-24,0.0,0.0,0.0,0.031202,0.0,0.0,0.040556,0.057884,0.017766,0.011733,0.0,0.0,0.0,0.0,0.061666,0.014425,0.0,0.0,0.045343,0.0,0.073462,0.0,0.091857,0.087218,0.020861,0.0,0.0,0.023588,0.0,0.021961,0.0,0.092472,0.0,0.087826,0.036888,0.0,0.02665,0.063566,0.088213,0.0,0.0,0.0,0.004862
2022-06-27,0.0,0.0,0.0,0.031319,0.0,0.0,0.041541,0.057354,0.017697,0.011717,0.0,0.0,0.0,0.0,0.063385,0.015063,0.0,0.0,0.044906,0.0,0.07363,0.0,0.091475,0.087802,0.020691,0.0,0.0,0.023198,0.0,0.021897,0.0,0.092238,0.0,0.086644,0.037558,0.0,0.026462,0.06302,0.087548,0.0,0.0,0.0,0.004854
2022-06-28,0.0,0.0,0.0,0.031531,0.0,0.0,0.041404,0.056948,0.017494,0.011692,0.0,0.0,0.0,0.0,0.065445,0.015543,0.0,0.0,0.044664,0.0,0.072734,0.0,0.090736,0.087941,0.020179,0.0,0.0,0.02262,0.0,0.021746,0.0,0.092579,0.0,0.08749,0.037551,0.0,0.026638,0.063135,0.087048,0.0,0.0,0.0,0.00488
2022-06-29,0.0,0.0,0.0,0.031121,0.0,0.0,0.041708,0.057483,0.017462,0.011546,0.0,0.0,0.0,0.0,0.06336,0.014767,0.0,0.0,0.044475,0.0,0.073587,0.0,0.091579,0.088268,0.02028,0.0,0.0,0.022682,0.0,0.021676,0.0,0.092785,0.0,0.088307,0.036693,0.0,0.026933,0.063213,0.087179,0.0,0.0,0.0,0.004895
2022-06-30,0.0,0.011334,0.0,0.0,0.0,0.0,0.099274,0.048427,0.01801,0.009965,0.0,0.0,0.0,0.0,0.057045,0.042101,0.0,0.0,0.035748,0.0,0.082293,0.0,0.060798,0.099267,0.0,0.0,0.0,0.014443,0.0,0.0,0.0,0.09802,0.0,0.099201,0.013048,0.0,0.03501,0.063549,0.087215,0.011616,0.0,0.0,0.013636
2022-07-01,0.0,0.01129,0.0,0.0,0.0,0.0,0.09766,0.048338,0.01745,0.009784,0.0,0.0,0.0,0.0,0.057631,0.042411,0.0,0.0,0.035835,0.0,0.082832,0.0,0.061389,0.101231,0.0,0.0,0.0,0.014705,0.0,0.0,0.0,0.097486,0.0,0.096804,0.012736,0.0,0.035222,0.064274,0.08764,0.011708,0.0,0.0,0.013573
2022-07-04,0.0,0.01129,0.0,0.0,0.0,0.0,0.09766,0.048338,0.017451,0.009784,0.0,0.0,0.0,0.0,0.057631,0.042411,0.0,0.0,0.035835,0.0,0.082832,0.0,0.061389,0.101231,0.0,0.0,0.0,0.014705,0.0,0.0,0.0,0.097486,0.0,0.096804,0.012736,0.0,0.035222,0.064274,0.08764,0.011708,0.0,0.0,0.013572
2022-07-05,0.0,0.011156,0.0,0.0,0.0,0.0,0.097012,0.049192,0.01761,0.009885,0.0,0.0,0.0,0.0,0.056308,0.040791,0.0,0.0,0.035726,0.0,0.083787,0.0,0.062057,0.099482,0.0,0.0,0.0,0.015281,0.0,0.0,0.0,0.09708,0.0,0.09637,0.012283,0.0,0.035967,0.065212,0.089082,0.011909,0.0,0.0,0.013808
2022-07-06,0.0,0.011199,0.0,0.0,0.0,0.0,0.096957,0.0501,0.017397,0.009819,0.0,0.0,0.0,0.0,0.055442,0.040171,0.0,0.0,0.036013,0.0,0.084497,0.0,0.062343,0.100686,0.0,0.0,0.0,0.015347,0.0,0.0,0.0,0.095705,0.0,0.096979,0.012296,0.0,0.035723,0.064732,0.088896,0.01187,0.0,0.0,0.013828
2022-07-07,0.0,0.011221,0.0,0.0,0.0,0.0,0.099068,0.049613,0.017657,0.009921,0.0,0.0,0.0,0.0,0.056671,0.041886,0.0,0.0,0.035847,0.0,0.083718,0.0,0.061567,0.099238,0.0,0.0,0.0,0.01549,0.0,0.0,0.0,0.094475,0.0,0.097483,0.012866,0.0,0.035028,0.063764,0.089134,0.01171,0.0,0.0,0.013644
2022-07-08,0.0,0.011212,0.0,0.0,0.0,0.0,0.099742,0.049411,0.017708,0.009977,0.0,0.0,0.0,0.0,0.056556,0.041699,0.0,0.0,0.03544,0.0,0.083834,0.0,0.061359,0.098753,0.0,0.0,0.0,0.015469,0.0,0.0,0.0,0.094365,0.0,0.099126,0.012639,0.0,0.034759,0.063594,0.089063,0.011672,0.0,0.0,0.013624
2022-07-11,0.0,0.011117,0.0,0.0,0.0,0.0,0.096554,0.049654,0.017416,0.009768,0.0,0.0,0.0,0.0,0.056458,0.041526,0.0,0.0,0.035623,0.0,0.084286,0.0,0.06176,0.100164,0.0,0.0,0.0,0.015324,0.0,0.0,0.0,0.094603,0.0,0.099275,0.012164,0.0,0.035311,0.0642,0.089266,0.011798,0.0,0.0,0.01373
2022-07-12,0.0,0.011207,0.0,0.0,0.0,0.0,0.096253,0.049949,0.017619,0.009844,0.0,0.0,0.0,0.0,0.055839,0.040896,0.0,0.0,0.035864,0.0,0.083937,0.0,0.062118,0.100547,0.0,0.0,0.0,0.014874,0.0,0.0,0.0,0.095072,0.0,0.09737,0.012,0.0,0.035702,0.064736,0.090405,0.011918,0.0,0.0,0.013851
2022-07-13,0.0,0.011209,0.0,0.0,0.0,0.0,0.096636,0.049388,0.017792,0.009915,0.0,0.0,0.0,0.0,0.055738,0.041227,0.0,0.0,0.035649,0.0,0.083103,0.0,0.062147,0.100107,0.0,0.0,0.0,0.01483,0.0,0.0,0.0,0.095506,0.0,0.097694,0.012014,0.0,0.035847,0.065058,0.090288,0.012004,0.0,0.0,0.013847
2022-07-14,0.0,0.011124,0.0,0.0,0.0,0.0,0.095027,0.050026,0.017998,0.009822,0.0,0.0,0.0,0.0,0.055182,0.04088,0.0,0.0,0.035311,0.0,0.083616,0.0,0.062764,0.101018,0.0,0.0,0.0,0.014741,0.0,0.0,0.0,0.095021,0.0,0.097386,0.011675,0.0,0.035973,0.065489,0.090939,0.012037,0.0,0.0,0.013971
2022-07-15,0.0,0.011224,0.0,0.0,0.0,0.0,0.095364,0.050188,0.017978,0.009879,0.0,0.0,0.0,0.0,0.055521,0.041472,0.0,0.0,0.035505,0.0,0.084779,0.0,0.062342,0.100195,0.0,0.0,0.0,0.014921,0.0,0.0,0.0,0.093882,0.0,0.097054,0.011728,0.0,0.035735,0.06521,0.091177,0.012012,0.0,0.0,0.013833
2022-07-18,0.0,0.01129,0.0,0.0,0.0,0.0,0.095458,0.049917,0.017938,0.009952,0.0,0.0,0.0,0.0,0.056782,0.042662,0.0,0.0,0.035583,0.0,0.082974,0.0,0.061724,0.098785,0.0,0.0,0.0,0.014966,0.0,0.0,0.0,0.093954,0.0,0.099111,0.012127,0.0,0.035625,0.065113,0.09028,0.011926,0.0,0.0,0.013832
2022-07-19,0.0,0.011526,0.0,0.0,0.0,0.0,0.095472,0.050267,0.018094,0.010082,0.0,0.0,0.0,0.0,0.05787,0.043839,0.0,0.0,0.036253,0.0,0.083435,0.0,0.06167,0.098295,0.0,0.0,0.0,0.015121,0.0,0.0,0.0,0.093116,0.0,0.097407,0.01224,0.0,0.035061,0.064311,0.090443,0.011824,0.0,0.0,0.013673
2022-07-20,0.0,0.011423,0.0,0.0,0.0,0.0,0.094763,0.04988,0.018028,0.010037,0.0,0.0,0.0,0.0,0.058598,0.045217,0.0,0.0,0.036421,0.0,0.082849,0.0,0.061433,0.097269,0.0,0.0,0.0,0.015461,0.0,0.0,0.0,0.092507,0.0,0.097688,0.012202,0.0,0.035128,0.06444,0.091099,0.011846,0.0,0.0,0.013712
2022-07-21,0.0,0.011523,0.0,0.0,0.0,0.0,0.094505,0.050895,0.018305,0.010163,0.0,0.0,0.0,0.0,0.057348,0.04377,0.0,0.0,0.036796,0.0,0.083834,0.0,0.061381,0.097147,0.0,0.0,0.0,0.0157,0.0,0.0,0.0,0.093449,0.0,0.095603,0.012163,0.0,0.03539,0.064589,0.09182,0.011961,0.0,0.0,0.013658
2022-07-22,0.0,0.011488,0.0,0.0,0.0,0.0,0.094746,0.050756,0.018224,0.010048,0.0,0.0,0.0,0.0,0.056956,0.042877,0.0,0.0,0.036585,0.0,0.083604,0.0,0.061873,0.098619,0.0,0.0,0.0,0.015448,0.0,0.0,0.0,0.093814,0.0,0.094272,0.012042,0.0,0.035846,0.065226,0.091829,0.01207,0.0,0.0,0.013678
2022-07-25,0.0,0.011471,0.0,0.0,0.0,0.0,0.097422,0.050144,0.018068,0.009992,0.0,0.0,0.0,0.0,0.058404,0.044733,0.0,0.0,0.036337,0.0,0.083128,0.0,0.061501,0.098769,0.0,0.0,0.0,0.015031,0.0,0.0,0.0,0.09254,0.0,0.094503,0.012056,0.0,0.03533,0.064394,0.090808,0.011838,0.0,0.0,0.013528
2022-07-26,0.0,0.011305,0.0,0.0,0.0,0.0,0.097553,0.049545,0.017772,0.009983,0.0,0.0,0.0,0.0,0.057973,0.044495,0.0,0.0,0.036153,0.0,0.083698,0.0,0.061464,0.09953,0.0,0.0,0.0,0.014485,0.0,0.0,0.0,0.092589,0.0,0.095827,0.011983,0.0,0.035405,0.064505,0.090325,0.011856,0.0,0.0,0.013552
2022-07-27,0.0,0.011422,0.0,0.0,0.0,0.0,0.099611,0.049912,0.017991,0.010051,0.0,0.0,0.0,0.0,0.05848,0.045618,0.0,0.0,0.036093,0.0,0.083083,0.0,0.061046,0.098267,0.0,0.0,0.0,0.014522,0.0,0.0,0.0,0.092267,0.0,0.0952,0.012175,0.0,0.034996,0.06404,0.090084,0.011774,0.0,0.0,0.013368
2022-07-28,0.0,0.011321,0.0,0.0,0.0,0.0,0.10103,0.049998,0.017704,0.010021,0.0,0.0,0.0,0.0,0.05797,0.045176,0.0,0.0,0.036208,0.0,0.08242,0.0,0.061137,0.100343,0.0,0.0,0.0,0.014544,0.0,0.0,0.0,0.09206,0.0,0.094737,0.01213,0.0,0.034839,0.063772,0.089709,0.011702,0.0,0.0,0.013178
2022-07-29,0.0,0.0,0.0,0.053838,0.036713,0.045447,0.053352,0.039025,0.0,0.0,0.0,0.0,0.0,0.0,0.061542,0.022229,0.015441,0.0,0.0,0.0,0.084271,0.0,0.084254,0.084689,0.0,0.0,0.0,0.0,0.0,0.0,0.058803,0.084257,0.0,0.084717,0.0,0.0,0.042181,0.041603,0.042058,0.042182,0.011336,0.0,0.012065
2022-08-01,0.0,0.0,0.0,0.05394,0.036817,0.044972,0.052773,0.039357,0.0,0.0,0.0,0.0,0.0,0.0,0.060344,0.021777,0.015476,0.0,0.0,0.0,0.08375,0.0,0.085411,0.084885,0.0,0.0,0.0,0.0,0.0,0.0,0.05973,0.084839,0.0,0.083855,0.0,0.0,0.04248,0.041673,0.042123,0.042318,0.011401,0.0,0.01208
2022-08-02,0.0,0.0,0.0,0.054359,0.036894,0.04496,0.052692,0.03984,0.0,0.0,0.0,0.0,0.0,0.0,0.060533,0.022002,0.015397,0.0,0.0,0.0,0.083908,0.0,0.085197,0.085177,0.0,0.0,0.0,0.0,0.0,0.0,0.059946,0.084798,0.0,0.083132,0.0,0.0,0.042123,0.041408,0.042158,0.04203,0.011297,0.0,0.012147
2022-08-03,0.0,0.0,0.0,0.054652,0.036757,0.045252,0.052637,0.039728,0.0,0.0,0.0,0.0,0.0,0.0,0.058672,0.021404,0.015509,0.0,0.0,0.0,0.084499,0.0,0.085575,0.085528,0.0,0.0,0.0,0.0,0.0,0.0,0.059471,0.084826,0.0,0.083295,0.0,0.0,0.042208,0.041539,0.042439,0.042398,0.011491,0.0,0.012122
2022-08-04,0.0,0.0,0.0,0.054348,0.037037,0.045871,0.054051,0.039485,0.0,0.0,0.0,0.0,0.0,0.0,0.05641,0.020375,0.015542,0.0,0.0,0.0,0.083956,0.0,0.084877,0.085582,0.0,0.0,0.0,0.0,0.0,0.0,0.059626,0.086098,0.0,0.084431,0.0,0.0,0.042357,0.041469,0.042488,0.0424,0.011498,0.0,0.0121
2022-08-05,0.0,0.0,0.0,0.054479,0.03704,0.045564,0.054923,0.039308,0.0,0.0,0.0,0.0,0.0,0.0,0.057591,0.021025,0.015583,0.0,0.0,0.0,0.084017,0.0,0.084778,0.085366,0.0,0.0,0.0,0.0,0.0,0.0,0.060272,0.085224,0.0,0.084145,0.0,0.0,0.041791,0.041097,0.042318,0.041873,0.011487,0.0,0.012118
2022-08-08,0.0,0.0,0.0,0.054927,0.037141,0.04494,0.056266,0.039335,0.0,0.0,0.0,0.0,0.0,0.0,0.057528,0.020972,0.015481,0.0,0.0,0.0,0.083687,0.0,0.084201,0.084956,0.0,0.0,0.0,0.0,0.0,0.0,0.060698,0.085407,0.0,0.084078,0.0,0.0,0.041773,0.041119,0.04209,0.041775,0.011584,0.0,0.01204
2022-08-09,0.0,0.0,0.0,0.054023,0.03692,0.044675,0.056358,0.03918,0.0,0.0,0.0,0.0,0.0,0.0,0.058538,0.021222,0.015424,0.0,0.0,0.0,0.083432,0.0,0.084076,0.085904,0.0,0.0,0.0,0.0,0.0,0.0,0.060722,0.085668,0.0,0.084412,0.0,0.0,0.041649,0.041002,0.041778,0.041587,0.01139,0.0,0.01204
2022-08-10,0.0,0.0,0.0,0.05426,0.036949,0.044246,0.05707,0.039535,0.0,0.0,0.0,0.0,0.0,0.0,0.058394,0.021372,0.015611,0.0,0.0,0.0,0.083529,0.0,0.083883,0.085452,0.0,0.0,0.0,0.0,0.0,0.0,0.06156,0.084631,0.0,0.084721,0.0,0.0,0.041272,0.040538,0.041995,0.041578,0.011483,0.0,0.011924
2022-08-11,0.0,0.0,0.0,0.054695,0.037245,0.044944,0.05592,0.039,0.0,0.0,0.0,0.0,0.0,0.0,0.06026,0.022228,0.015657,0.0,0.0,0.0,0.082793,0.0,0.083484,0.085239,0.0,0.0,0.0,0.0,0.0,0.0,0.061773,0.084208,0.0,0.085307,0.0,0.0,0.040901,0.040305,0.041656,0.04108,0.011409,0.0,0.011895
2022-08-12,0.0,0.0,0.0,0.054687,0.036812,0.044597,0.057377,0.038992,0.0,0.0,0.0,0.0,0.0,0.0,0.060078,0.022198,0.015725,0.0,0.0,0.0,0.082972,0.0,0.083324,0.085717,0.0,0.0,0.0,0.0,0.0,0.0,0.062335,0.08409,0.0,0.084574,0.0,0.0,0.040632,0.040038,0.041588,0.041119,0.011375,0.0,0.01177
2022-08-15,0.0,0.0,0.0,0.054999,0.036873,0.044415,0.057461,0.039003,0.0,0.0,0.0,0.0,0.0,0.0,0.058938,0.021642,0.015772,0.0,0.0,0.0,0.083432,0.0,0.084197,0.086478,0.0,0.0,0.0,0.0,0.0,0.0,0.063108,0.083052,0.0,0.084045,0.0,0.0,0.040783,0.040017,0.041536,0.041112,0.011359,0.0,0.011776
2022-08-16,0.0,0.0,0.0,0.055337,0.036906,0.044218,0.057338,0.039414,0.0,0.0,0.0,0.0,0.0,0.0,0.058895,0.021674,0.015868,0.0,0.0,0.0,0.083342,0.0,0.085283,0.086863,0.0,0.0,0.0,0.0,0.0,0.0,0.062522,0.083039,0.0,0.082908,0.0,0.0,0.040801,0.040092,0.041407,0.04102,0.011279,0.0,0.011795
2022-08-17,0.0,0.0,0.0,0.054748,0.036885,0.044255,0.057325,0.039567,0.0,0.0,0.0,0.0,0.0,0.0,0.059616,0.022068,0.015803,0.0,0.0,0.0,0.083178,0.0,0.085369,0.087053,0.0,0.0,0.0,0.0,0.0,0.0,0.062306,0.082822,0.0,0.08323,0.0,0.0,0.040683,0.040125,0.041138,0.040791,0.011198,0.0,0.011841
2022-08-18,0.0,0.0,0.0,0.055271,0.036714,0.043759,0.057403,0.039419,0.0,0.0,0.0,0.0,0.0,0.0,0.061128,0.022998,0.015843,0.0,0.0,0.0,0.082687,0.0,0.085531,0.087251,0.0,0.0,0.0,0.0,0.0,0.0,0.061695,0.082484,0.0,0.081873,0.0,0.0,0.040702,0.040272,0.041141,0.040836,0.011169,0.0,0.011823
2022-08-19,0.0,0.0,0.0,0.055038,0.036417,0.043782,0.056594,0.039101,0.0,0.0,0.0,0.0,0.0,0.0,0.061585,0.022852,0.015759,0.0,0.0,0.0,0.083553,0.0,0.085914,0.08788,0.0,0.0,0.0,0.0,0.0,0.0,0.059838,0.082513,0.0,0.083294,0.0,0.0,0.040664,0.040513,0.041038,0.040663,0.011084,0.0,0.011916
2022-08-22,0.0,0.0,0.0,0.05499,0.036337,0.044166,0.056503,0.038746,0.0,0.0,0.0,0.0,0.0,0.0,0.061766,0.023093,0.015535,0.0,0.0,0.0,0.082858,0.0,0.085454,0.087101,0.0,0.0,0.0,0.0,0.0,0.0,0.06103,0.082362,0.0,0.084363,0.0,0.0,0.040681,0.040631,0.04077,0.040586,0.011056,0.0,0.011973
2022-08-23,0.0,0.0,0.0,0.054503,0.036297,0.04396,0.058184,0.0389,0.0,0.0,0.0,0.0,0.0,0.0,0.063578,0.023455,0.015462,0.0,0.0,0.0,0.081172,0.0,0.08453,0.086016,0.0,0.0,0.0,0.0,0.0,0.0,0.06181,0.082399,0.0,0.085015,0.0,0.0,0.040318,0.040434,0.040606,0.040365,0.0111,0.0,0.011896
2022-08-24,0.0,0.0,0.0,0.054743,0.036353,0.043867,0.057989,0.039006,0.0,0.0,0.0,0.0,0.0,0.0,0.064223,0.023866,0.01548,0.0,0.0,0.0,0.0811,0.0,0.084563,0.086104,0.0,0.0,0.0,0.0,0.0,0.0,0.060964,0.082467,0.0,0.085165,0.0,0.0,0.040098,0.040341,0.040568,0.04016,0.011066,0.0,0.011872
2022-08-25,0.0,0.0,0.0,0.054668,0.036532,0.045403,0.057879,0.038572,0.0,0.0,0.0,0.0,0.0,0.0,0.064293,0.02385,0.015614,0.0,0.0,0.0,0.081459,0.0,0.084396,0.086066,0.0,0.0,0.0,0.0,0.0,0.0,0.060828,0.082178,0.0,0.084075,0.0,0.0,0.040091,0.040202,0.040683,0.040308,0.01111,0.0,0.011793
2022-08-26,0.0,0.0,0.0,0.054369,0.03685,0.045587,0.058221,0.038546,0.0,0.0,0.0,0.0,0.0,0.0,0.064317,0.023916,0.015257,0.0,0.0,0.0,0.080155,0.0,0.083312,0.08578,0.0,0.0,0.0,0.0,0.0,0.0,0.060108,0.082171,0.0,0.08618,0.0,0.0,0.040533,0.040633,0.040501,0.040556,0.01107,0.0,0.011937
2022-08-29,0.0,0.0,0.0,0.053691,0.036886,0.045242,0.058788,0.038656,0.0,0.0,0.0,0.0,0.0,0.0,0.065352,0.024232,0.015203,0.0,0.0,0.0,0.079672,0.0,0.083259,0.086125,0.0,0.0,0.0,0.0,0.0,0.0,0.059705,0.082302,0.0,0.086389,0.0,0.0,0.040342,0.040515,0.040385,0.040296,0.011015,0.0,0.011948
2022-08-30,0.0,0.0,0.0,0.053736,0.036629,0.044766,0.057579,0.039681,0.0,0.0,0.0,0.0,0.0,0.0,0.063957,0.023321,0.015179,0.0,0.0,0.0,0.080171,0.0,0.083467,0.085969,0.0,0.0,0.0,0.0,0.0,0.0,0.059188,0.082676,0.0,0.087133,0.0,0.0,0.040854,0.04097,0.040596,0.040872,0.011154,0.0,0.012103
2022-08-31,0.015509,0.0,0.015069,0.069578,0.0,0.0,0.0,0.085155,0.0,0.0,0.018655,0.0,0.0,0.0,0.042502,0.042458,0.053321,0.0,0.0,0.0,0.084538,0.0,0.084941,0.085168,0.025673,0.0,0.0,0.0,0.0,0.019719,0.08506,0.084918,0.0,0.014218,0.0,0.0,0.042269,0.04239,0.045128,0.03928,0.0,0.0,0.00445
2022-09-01,0.015291,0.0,0.014943,0.069032,0.0,0.0,0.0,0.086019,0.0,0.0,0.018894,0.0,0.0,0.0,0.041606,0.040955,0.053589,0.0,0.0,0.0,0.086238,0.0,0.085726,0.086706,0.02564,0.0,0.0,0.0,0.0,0.019826,0.083644,0.084476,0.0,0.014048,0.0,0.0,0.042085,0.042221,0.04541,0.039185,0.0,0.0,0.004467
2022-09-02,0.015671,0.0,0.014811,0.069912,0.0,0.0,0.0,0.08535,0.0,0.0,0.018761,0.0,0.0,0.0,0.042462,0.042012,0.053186,0.0,0.0,0.0,0.085186,0.0,0.084792,0.085962,0.025362,0.0,0.0,0.0,0.0,0.019592,0.083177,0.085406,0.0,0.014127,0.0,0.0,0.042413,0.042563,0.045479,0.0393,0.0,0.0,0.004476
2022-09-05,0.015413,0.0,0.01482,0.069672,0.0,0.0,0.0,0.085397,0.0,0.0,0.018771,0.0,0.0,0.0,0.042485,0.042035,0.053215,0.0,0.0,0.0,0.085232,0.0,0.084838,0.086009,0.025376,0.0,0.0,0.0,0.0,0.019603,0.083222,0.085453,0.0,0.014135,0.0,0.0,0.042436,0.042586,0.045504,0.039321,0.0,0.0,0.004478
2022-09-06,0.015431,0.0,0.014637,0.069488,0.0,0.0,0.0,0.085764,0.0,0.0,0.018796,0.0,0.0,0.0,0.042233,0.041554,0.053481,0.0,0.0,0.0,0.085601,0.0,0.084642,0.086518,0.025293,0.0,0.0,0.0,0.0,0.019847,0.083886,0.085239,0.0,0.014217,0.0,0.0,0.042104,0.042322,0.045534,0.038918,0.0,0.0,0.004493
2022-09-07,0.015226,0.0,0.014428,0.06827,0.0,0.0,0.0,0.086053,0.0,0.0,0.019126,0.0,0.0,0.0,0.041211,0.040276,0.053646,0.0,0.0,0.0,0.085889,0.0,0.08507,0.088089,0.02537,0.0,0.0,0.0,0.0,0.019976,0.085634,0.085009,0.0,0.013946,0.0,0.0,0.04184,0.041956,0.045603,0.038947,0.0,0.0,0.004436
2022-09-08,0.015401,0.0,0.014541,0.069144,0.0,0.0,0.0,0.086053,0.0,0.0,0.019224,0.0,0.0,0.0,0.04122,0.040585,0.053585,0.0,0.0,0.0,0.087022,0.0,0.084501,0.087658,0.025352,0.0,0.0,0.0,0.0,0.019949,0.085934,0.084152,0.0,0.013882,0.0,0.0,0.041513,0.041552,0.045615,0.038698,0.0,0.0,0.004417
2022-09-09,0.015493,0.0,0.014662,0.069224,0.0,0.0,0.0,0.085127,0.0,0.0,0.019387,0.0,0.0,0.0,0.041812,0.041274,0.053721,0.0,0.0,0.0,0.086884,0.0,0.084452,0.087104,0.025587,0.0,0.0,0.0,0.0,0.019958,0.08728,0.083724,0.0,0.013997,0.0,0.0,0.04109,0.041142,0.045324,0.038387,0.0,0.0,0.004372
2022-09-12,0.015632,0.0,0.014572,0.069165,0.0,0.0,0.0,0.085827,0.0,0.0,0.019509,0.0,0.0,0.0,0.042301,0.041574,0.053689,0.0,0.0,0.0,0.086892,0.0,0.084229,0.087362,0.025827,0.0,0.0,0.0,0.0,0.02002,0.086767,0.083599,0.0,0.013999,0.0,0.0,0.040723,0.040752,0.045165,0.038052,0.0,0.0,0.004343
2022-09-13,0.015531,0.0,0.014433,0.069725,0.0,0.0,0.0,0.086087,0.0,0.0,0.018951,0.0,0.0,0.0,0.042235,0.041418,0.05292,0.0,0.0,0.0,0.086059,0.0,0.083391,0.087098,0.025049,0.0,0.0,0.0,0.0,0.019721,0.087176,0.084512,0.0,0.014249,0.0,0.0,0.041476,0.041616,0.045207,0.038694,0.0,0.0,0.004449
2022-09-14,0.015323,0.0,0.014565,0.06887,0.0,0.0,0.0,0.086781,0.0,0.0,0.019095,0.0,0.0,0.0,0.043202,0.042655,0.052542,0.0,0.0,0.0,0.085659,0.0,0.082922,0.087352,0.02501,0.0,0.0,0.0,0.0,0.019395,0.087869,0.083749,0.0,0.014086,0.0,0.0,0.041281,0.041504,0.045039,0.038675,0.0,0.0,0.004426
2022-09-15,0.015433,0.0,0.014649,0.06971,0.0,0.0,0.0,0.087033,0.0,0.0,0.019258,0.0,0.0,0.0,0.042665,0.041714,0.052707,0.0,0.0,0.0,0.087318,0.0,0.083357,0.086343,0.024769,0.0,0.0,0.0,0.0,0.019298,0.085726,0.083312,0.0,0.014272,0.0,0.0,0.041703,0.04186,0.045368,0.039017,0.0,0.0,0.004487
2022-09-16,0.015306,0.0,0.014743,0.06881,0.0,0.0,0.0,0.086697,0.0,0.0,0.019241,0.0,0.0,0.0,0.042057,0.040874,0.051981,0.0,0.0,0.0,0.087702,0.0,0.084159,0.086641,0.024809,0.0,0.0,0.0,0.0,0.019439,0.085198,0.084379,0.0,0.014361,0.0,0.0,0.042038,0.041987,0.04585,0.039207,0.0,0.0,0.004519
2022-09-19,0.015226,0.0,0.014715,0.068532,0.0,0.0,0.0,0.087105,0.0,0.0,0.019411,0.0,0.0,0.0,0.041863,0.040648,0.052412,0.0,0.0,0.0,0.086775,0.0,0.084277,0.087345,0.024881,0.0,0.0,0.0,0.0,0.01931,0.086583,0.084004,0.0,0.014286,0.0,0.0,0.041701,0.041578,0.045783,0.039068,0.0,0.0,0.004496
2022-09-20,0.015307,0.0,0.014682,0.068714,0.0,0.0,0.0,0.087546,0.0,0.0,0.019241,0.0,0.0,0.0,0.041916,0.040398,0.052189,0.0,0.0,0.0,0.086469,0.0,0.084512,0.086789,0.02494,0.0,0.0,0.0,0.0,0.018997,0.08662,0.084218,0.0,0.014594,0.0,0.0,0.041786,0.041857,0.045692,0.039,0.0,0.0,0.004533
2022-09-21,0.015449,0.0,0.014613,0.070178,0.0,0.0,0.0,0.087152,0.0,0.0,0.018914,0.0,0.0,0.0,0.041585,0.039822,0.051849,0.0,0.0,0.0,0.085618,0.0,0.084768,0.086189,0.024719,0.0,0.0,0.0,0.0,0.018826,0.086221,0.085189,0.0,0.014596,0.0,0.0,0.04224,0.042226,0.045868,0.039415,0.0,0.0,0.004564
2022-09-22,0.015175,0.0,0.014863,0.068878,0.0,0.0,0.0,0.08705,0.0,0.0,0.018647,0.0,0.0,0.0,0.041818,0.039499,0.051538,0.0,0.0,0.0,0.086861,0.0,0.085425,0.08667,0.024692,0.0,0.0,0.0,0.0,0.018757,0.08552,0.085921,0.0,0.014737,0.0,0.0,0.041986,0.042129,0.046012,0.039217,0.0,0.0,0.004606
2022-09-23,0.01516,0.0,0.014867,0.068913,0.0,0.0,0.0,0.08696,0.0,0.0,0.018597,0.0,0.0,0.0,0.039745,0.037071,0.051624,0.0,0.0,0.0,0.088218,0.0,0.085722,0.087452,0.024877,0.0,0.0,0.0,0.0,0.018893,0.08422,0.086196,0.0,0.014752,0.0,0.0,0.042913,0.042824,0.046373,0.03992,0.0,0.0,0.004702
2022-09-26,0.01523,0.0,0.014815,0.069963,0.0,0.0,0.0,0.086494,0.0,0.0,0.018795,0.0,0.0,0.0,0.03927,0.036353,0.051742,0.0,0.0,0.0,0.088505,0.0,0.086891,0.086445,0.025023,0.0,0.0,0.0,0.0,0.0186,0.084542,0.086293,0.0,0.0147,0.0,0.0,0.042745,0.042683,0.046418,0.039733,0.0,0.0,0.004763
2022-09-27,0.015255,0.0,0.01474,0.069897,0.0,0.0,0.0,0.086546,0.0,0.0,0.018916,0.0,0.0,0.0,0.039841,0.03742,0.051739,0.0,0.0,0.0,0.088526,0.0,0.085671,0.085269,0.025138,0.0,0.0,0.0,0.0,0.018413,0.08539,0.086755,0.0,0.014778,0.0,0.0,0.042593,0.042597,0.046473,0.039264,0.0,0.0,0.004779
2022-09-28,0.01505,0.0,0.014748,0.069212,0.0,0.0,0.0,0.086326,0.0,0.0,0.019078,0.0,0.0,0.0,0.040858,0.039158,0.051928,0.0,0.0,0.0,0.088837,0.0,0.085143,0.084637,0.024947,0.0,0.0,0.0,0.0,0.018457,0.084196,0.086967,0.0,0.014636,0.0,0.0,0.04277,0.042571,0.046453,0.039334,0.0,0.0,0.004693
2022-09-29,0.015166,0.0,0.014846,0.068559,0.0,0.0,0.0,0.085835,0.0,0.0,0.018722,0.0,0.0,0.0,0.041529,0.039545,0.051866,0.0,0.0,0.0,0.089537,0.0,0.085112,0.082578,0.024696,0.0,0.0,0.0,0.0,0.018209,0.083379,0.088378,0.0,0.014883,0.0,0.0,0.04327,0.042664,0.046772,0.039682,0.0,0.0,0.00477
2022-09-30,0.019801,0.0,0.0,0.066711,0.045116,0.027944,0.0,0.058612,0.0,0.0,0.033596,0.0,0.0,0.0,0.043291,0.043512,0.066166,0.0,0.0,0.0,0.059269,0.027489,0.086661,0.087014,0.0,0.0,0.0,0.0,0.0,0.0,0.086881,0.0,0.0,0.037791,0.0,0.0,0.034484,0.051968,0.059996,0.026329,0.033126,0.0,0.004242
2022-10-03,0.019478,0.0,0.0,0.065743,0.044599,0.027615,0.0,0.057867,0.0,0.0,0.033047,0.0,0.0,0.0,0.044947,0.045516,0.066984,0.0,0.0,0.0,0.059441,0.027239,0.08663,0.088016,0.0,0.0,0.0,0.0,0.0,0.0,0.086348,0.0,0.0,0.037212,0.0,0.0,0.03429,0.051726,0.059732,0.026353,0.033048,0.0,0.004169
2022-10-04,0.019677,0.0,0.0,0.065625,0.045059,0.027994,0.0,0.057439,0.0,0.0,0.033338,0.0,0.0,0.0,0.045695,0.046693,0.067566,0.0,0.0,0.0,0.059286,0.027554,0.085725,0.087614,0.0,0.0,0.0,0.0,0.0,0.0,0.088072,0.0,0.0,0.036381,0.0,0.0,0.033493,0.05062,0.059478,0.025806,0.03282,0.0,0.004065
2022-10-05,0.019503,0.0,0.0,0.065602,0.044789,0.028269,0.0,0.057579,0.0,0.0,0.033302,0.0,0.0,0.0,0.046866,0.04778,0.067525,0.0,0.0,0.0,0.059772,0.027578,0.085641,0.086083,0.0,0.0,0.0,0.0,0.0,0.0,0.087272,0.0,0.0,0.036776,0.0,0.0,0.033337,0.050465,0.059531,0.025735,0.032512,0.0,0.004083
2022-10-06,0.019711,0.0,0.0,0.06655,0.045289,0.028119,0.0,0.057118,0.0,0.0,0.033233,0.0,0.0,0.0,0.047939,0.048719,0.067085,0.0,0.0,0.0,0.059306,0.027717,0.084816,0.083664,0.0,0.0,0.0,0.0,0.0,0.0,0.087953,0.0,0.0,0.036797,0.0,0.0,0.03332,0.050552,0.059651,0.025805,0.03255,0.0,0.004105
2022-10-07,0.019556,0.0,0.0,0.066365,0.045201,0.02785,0.0,0.057147,0.0,0.0,0.032646,0.0,0.0,0.0,0.048392,0.048956,0.066943,0.0,0.0,0.0,0.059058,0.02698,0.084996,0.08335,0.0,0.0,0.0,0.0,0.0,0.0,0.087111,0.0,0.0,0.037491,0.0,0.0,0.033732,0.051443,0.059946,0.025991,0.032669,0.0,0.004176
2022-10-10,0.019418,0.0,0.0,0.066618,0.044653,0.027095,0.0,0.058187,0.0,0.0,0.032671,0.0,0.0,0.0,0.047729,0.04841,0.067648,0.0,0.0,0.0,0.059097,0.02667,0.085899,0.084077,0.0,0.0,0.0,0.0,0.0,0.0,0.085778,0.0,0.0,0.038201,0.0,0.0,0.033767,0.051508,0.059628,0.025938,0.032801,0.0,0.004206
2022-10-11,0.019399,0.0,0.0,0.066533,0.044256,0.026481,0.0,0.057597,0.0,0.0,0.032449,0.0,0.0,0.0,0.047413,0.047832,0.067725,0.0,0.0,0.0,0.059494,0.02692,0.086726,0.083889,0.0,0.0,0.0,0.0,0.0,0.0,0.086562,0.0,0.0,0.038104,0.0,0.0,0.0339,0.051874,0.059894,0.02592,0.032821,0.0,0.004211
2022-10-12,0.019356,0.0,0.0,0.066226,0.044079,0.026582,0.0,0.05806,0.0,0.0,0.032665,0.0,0.0,0.0,0.047989,0.048569,0.067467,0.0,0.0,0.0,0.059443,0.027178,0.087544,0.081424,0.0,0.0,0.0,0.0,0.0,0.0,0.085826,0.0,0.0,0.037958,0.0,0.0,0.034148,0.052188,0.060239,0.025994,0.032838,0.0,0.004229
2022-10-13,0.019259,0.0,0.0,0.065805,0.043622,0.026128,0.0,0.057705,0.0,0.0,0.032604,0.0,0.0,0.0,0.049314,0.04971,0.068081,0.0,0.0,0.0,0.060057,0.0273,0.087865,0.082404,0.0,0.0,0.0,0.0,0.0,0.0,0.085811,0.0,0.0,0.037477,0.0,0.0,0.033574,0.051468,0.059608,0.02571,0.032322,0.0,0.004175
2022-10-14,0.019576,0.0,0.0,0.066853,0.044199,0.026232,0.0,0.057941,0.0,0.0,0.031897,0.0,0.0,0.0,0.048248,0.048009,0.067673,0.0,0.0,0.0,0.060624,0.026965,0.087686,0.082538,0.0,0.0,0.0,0.0,0.0,0.0,0.084304,0.0,0.0,0.037861,0.0,0.0,0.03393,0.052351,0.060384,0.025879,0.032606,0.0,0.004243
2022-10-17,0.019584,0.0,0.0,0.06655,0.044185,0.026544,0.0,0.058234,0.0,0.0,0.032631,0.0,0.0,0.0,0.048024,0.048322,0.067982,0.0,0.0,0.0,0.060557,0.027491,0.087137,0.082841,0.0,0.0,0.0,0.0,0.0,0.0,0.085632,0.0,0.0,0.037221,0.0,0.0,0.033392,0.051608,0.060095,0.025563,0.032232,0.0,0.004172
2022-10-18,0.019525,0.0,0.0,0.066262,0.043588,0.026264,0.0,0.057704,0.0,0.0,0.032851,0.0,0.0,0.0,0.048108,0.048461,0.06914,0.0,0.0,0.0,0.060472,0.027429,0.087661,0.083771,0.0,0.0,0.0,0.0,0.0,0.0,0.085372,0.0,0.0,0.036908,0.0,0.0,0.033245,0.051114,0.060099,0.025537,0.032348,0.0,0.004142
2022-10-19,0.019626,0.0,0.0,0.066291,0.043493,0.025344,0.0,0.057513,0.0,0.0,0.032686,0.0,0.0,0.0,0.049837,0.05001,0.069077,0.0,0.0,0.0,0.059998,0.026248,0.087799,0.083197,0.0,0.0,0.0,0.0,0.0,0.0,0.086072,0.0,0.0,0.037064,0.0,0.0,0.033102,0.05117,0.059893,0.025344,0.032064,0.0,0.004169
2022-10-20,0.019865,0.0,0.0,0.066885,0.04441,0.025678,0.0,0.058485,0.0,0.0,0.032278,0.0,0.0,0.0,0.050233,0.049812,0.068194,0.0,0.0,0.0,0.059905,0.026299,0.087181,0.081665,0.0,0.0,0.0,0.0,0.0,0.0,0.085765,0.0,0.0,0.037342,0.0,0.0,0.033085,0.05148,0.059978,0.0253,0.031961,0.0,0.004198
2022-10-21,0.019474,0.0,0.0,0.065264,0.043589,0.025543,0.0,0.058479,0.0,0.0,0.032745,0.0,0.0,0.0,0.050949,0.050205,0.069069,0.0,0.0,0.0,0.060379,0.026641,0.087258,0.081992,0.0,0.0,0.0,0.0,0.0,0.0,0.087249,0.0,0.0,0.036903,0.0,0.0,0.032688,0.050878,0.059693,0.02501,0.031854,0.0,0.004138
2022-10-24,0.019821,0.0,0.0,0.065736,0.042259,0.023078,0.0,0.058535,0.0,0.0,0.032881,0.0,0.0,0.0,0.051189,0.050219,0.069988,0.0,0.0,0.0,0.061543,0.026519,0.088827,0.082678,0.0,0.0,0.0,0.0,0.0,0.0,0.085608,0.0,0.0,0.036774,0.0,0.0,0.032646,0.050998,0.059734,0.024998,0.031833,0.0,0.004138
2022-10-25,0.01996,0.0,0.0,0.066108,0.042196,0.0232,0.0,0.057912,0.0,0.0,0.033281,0.0,0.0,0.0,0.050599,0.050002,0.070041,0.0,0.0,0.0,0.061234,0.026887,0.088864,0.083279,0.0,0.0,0.0,0.0,0.0,0.0,0.086396,0.0,0.0,0.036204,0.0,0.0,0.032638,0.050564,0.059554,0.025015,0.031979,0.0,0.004087
2022-10-26,0.020045,0.0,0.0,0.066231,0.042689,0.024035,0.0,0.058023,0.0,0.0,0.032748,0.0,0.0,0.0,0.050875,0.050373,0.069722,0.0,0.0,0.0,0.061414,0.027114,0.088732,0.08257,0.0,0.0,0.0,0.0,0.0,0.0,0.086893,0.0,0.0,0.035768,0.0,0.0,0.032541,0.050081,0.059236,0.024927,0.03193,0.0,0.004053
2022-10-27,0.019872,0.0,0.0,0.066578,0.042559,0.02345,0.0,0.057488,0.0,0.0,0.032653,0.0,0.0,0.0,0.051108,0.050011,0.070606,0.0,0.0,0.0,0.061151,0.026806,0.088892,0.083311,0.0,0.0,0.0,0.0,0.0,0.0,0.085721,0.0,0.0,0.035586,0.0,0.0,0.032803,0.050518,0.05973,0.025067,0.032033,0.0,0.004058
2022-10-28,0.019787,0.0,0.0,0.066064,0.041424,0.022637,0.0,0.057863,0.0,0.0,0.032507,0.0,0.0,0.0,0.051011,0.049518,0.07186,0.0,0.0,0.0,0.061823,0.027601,0.090354,0.085137,0.0,0.0,0.0,0.0,0.0,0.0,0.083723,0.0,0.0,0.035216,0.0,0.0,0.032459,0.050186,0.059867,0.024984,0.031941,0.0,0.004036
2022-10-31,0.01768,0.0,0.050075,0.061744,0.016973,0.0,0.0,0.07978,0.0,0.0,0.0,0.0,0.0,0.068125,0.05126,0.027833,0.0,0.0,0.0,0.025278,0.058056,0.020827,0.079816,0.0,0.0,0.0,0.0,0.0,0.0,0.0,0.063298,0.079787,0.0,0.079879,0.0,0.0,0.03952,0.039743,0.039718,0.039723,0.055932,0.0,0.004952
2022-11-01,0.01752,0.0,0.050089,0.061936,0.017215,0.0,0.0,0.079614,0.0,0.0,0.0,0.0,0.0,0.067728,0.05138,0.02798,0.0,0.0,0.0,0.025014,0.05767,0.020845,0.078986,0.0,0.0,0.0,0.0,0.0,0.0,0.0,0.064259,0.080016,0.0,0.080179,0.0,0.0,0.039226,0.039447,0.039667,0.039718,0.056596,0.0,0.004917
2022-11-02,0.017651,0.0,0.050397,0.062121,0.017406,0.0,0.0,0.07968,0.0,0.0,0.0,0.0,0.0,0.067028,0.050782,0.027592,0.0,0.0,0.0,0.024367,0.057413,0.020693,0.078605,0.0,0.0,0.0,0.0,0.0,0.0,0.0,0.063813,0.080473,0.0,0.080758,0.0,0.0,0.039659,0.039861,0.039808,0.040032,0.056882,0.0,0.004979
2022-11-03,0.017296,0.0,0.050357,0.061733,0.017397,0.0,0.0,0.080317,0.0,0.0,0.0,0.0,0.0,0.066484,0.051825,0.028277,0.0,0.0,0.0,0.023968,0.057286,0.020594,0.078498,0.0,0.0,0.0,0.0,0.0,0.0,0.0,0.064704,0.080328,0.0,0.080514,0.0,0.0,0.039566,0.039497,0.039604,0.03997,0.056795,0.0,0.00499
2022-11-04,0.017167,0.0,0.050566,0.060229,0.017737,0.0,0.0,0.080782,0.0,0.0,0.0,0.0,0.0,0.067032,0.05167,0.028392,0.0,0.0,0.0,0.024095,0.056769,0.020117,0.078235,0.0,0.0,0.0,0.0,0.0,0.0,0.0,0.06693,0.081552,0.0,0.080306,0.0,0.0,0.038889,0.039049,0.039279,0.039449,0.056841,0.0,0.004916
2022-11-07,0.017312,0.0,0.050649,0.060408,0.017794,0.0,0.0,0.08055,0.0,0.0,0.0,0.0,0.0,0.067248,0.052345,0.029134,0.0,0.0,0.0,0.024149,0.057146,0.019825,0.078614,0.0,0.0,0.0,0.0,0.0,0.0,0.0,0.06638,0.080902,0.0,0.080261,0.0,0.0,0.038596,0.03894,0.039115,0.039146,0.056591,0.0,0.004896
2022-11-08,0.017505,0.0,0.051052,0.06049,0.017851,0.0,0.0,0.080684,0.0,0.0,0.0,0.0,0.0,0.066707,0.05206,0.028759,0.0,0.0,0.0,0.023967,0.057063,0.019883,0.078336,0.0,0.0,0.0,0.0,0.0,0.0,0.0,0.067331,0.082241,0.0,0.079351,0.0,0.0,0.038604,0.038745,0.038828,0.039057,0.05662,0.0,0.004864
2022-11-09,0.017531,0.0,0.050996,0.060594,0.017966,0.0,0.0,0.080796,0.0,0.0,0.0,0.0,0.0,0.066606,0.050314,0.027301,0.0,0.0,0.0,0.024237,0.057359,0.01953,0.078734,0.0,0.0,0.0,0.0,0.0,0.0,0.0,0.065704,0.083147,0.0,0.080269,0.0,0.0,0.03936,0.039288,0.038982,0.039585,0.056758,0.0,0.004943
2022-11-10,0.01757,0.0,0.05209,0.060477,0.017727,0.0,0.0,0.080317,0.0,0.0,0.0,0.0,0.0,0.067714,0.049758,0.027401,0.0,0.0,0.0,0.026027,0.0569,0.020343,0.077959,0.0,0.0,0.0,0.0,0.0,0.0,0.0,0.066691,0.082887,0.0,0.077887,0.0,0.0,0.038932,0.038639,0.038886,0.039578,0.057433,0.0,0.004783
2022-11-11,0.017667,0.0,0.052808,0.060016,0.018083,0.0,0.0,0.079874,0.0,0.0,0.0,0.0,0.0,0.067041,0.050898,0.028094,0.0,0.0,0.0,0.026109,0.055869,0.02062,0.07741,0.0,0.0,0.0,0.0,0.0,0.0,0.0,0.067884,0.082937,0.0,0.077616,0.0,0.0,0.038619,0.038387,0.03879,0.039448,0.057077,0.0,0.004754
2022-11-14,0.017925,0.0,0.052503,0.060314,0.018269,0.0,0.0,0.079506,0.0,0.0,0.0,0.0,0.0,0.066436,0.051288,0.027905,0.0,0.0,0.0,0.025384,0.056365,0.020616,0.077413,0.0,0.0,0.0,0.0,0.0,0.0,0.0,0.066648,0.083782,0.0,0.078197,0.0,0.0,0.038834,0.038408,0.038811,0.039561,0.057043,0.0,0.004792
2022-11-15,0.017973,0.0,0.052494,0.060316,0.018643,0.0,0.0,0.079295,0.0,0.0,0.0,0.0,0.0,0.066377,0.051477,0.028388,0.0,0.0,0.0,0.025898,0.055913,0.020423,0.077532,0.0,0.0,0.0,0.0,0.0,0.0,0.0,0.065396,0.083508,0.0,0.0779,0.0,0.0,0.038858,0.038396,0.038887,0.039841,0.057725,0.0,0.00476
2022-11-16,0.017893,0.0,0.052728,0.059548,0.018399,0.0,0.0,0.078939,0.0,0.0,0.0,0.0,0.0,0.065846,0.050829,0.027787,0.0,0.0,0.0,0.025813,0.056333,0.020006,0.078532,0.0,0.0,0.0,0.0,0.0,0.0,0.0,0.064266,0.08398,0.0,0.078247,0.0,0.0,0.039456,0.038799,0.039113,0.040501,0.058185,0.0,0.004799
2022-11-17,0.017811,0.0,0.053006,0.059404,0.018417,0.0,0.0,0.079169,0.0,0.0,0.0,0.0,0.0,0.065398,0.051302,0.027926,0.0,0.0,0.0,0.025567,0.056708,0.019914,0.07907,0.0,0.0,0.0,0.0,0.0,0.0,0.0,0.063273,0.083963,0.0,0.078097,0.0,0.0,0.039467,0.03881,0.039222,0.040571,0.058071,0.0,0.004833
2022-11-18,0.017971,0.0,0.052947,0.060008,0.018404,0.0,0.0,0.079091,0.0,0.0,0.0,0.0,0.0,0.065869,0.050858,0.027597,0.0,0.0,0.0,0.02561,0.057352,0.020015,0.079856,0.0,0.0,0.0,0.0,0.0,0.0,0.0,0.062469,0.083322,0.0,0.078078,0.0,0.0,0.039298,0.038584,0.039277,0.040537,0.058028,0.0,0.00483
2022-11-21,0.01789,0.0,0.052646,0.060298,0.018171,0.0,0.0,0.078694,0.0,0.0,0.0,0.0,0.0,0.066346,0.050293,0.027138,0.0,0.0,0.0,0.025457,0.057518,0.019782,0.080813,0.0,0.0,0.0,0.0,0.0,0.0,0.0,0.062262,0.08306,0.0,0.078427,0.0,0.0,0.03937,0.038883,0.039358,0.040575,0.058177,0.0,0.004842
2022-11-22,0.017901,0.0,0.053275,0.060134,0.018026,0.0,0.0,0.078499,0.0,0.0,0.0,0.0,0.0,0.066549,0.051389,0.027979,0.0,0.0,0.0,0.025822,0.057483,0.019869,0.080651,0.0,0.0,0.0,0.0,0.0,0.0,0.0,0.06143,0.08239,0.0,0.07782,0.0,0.0,0.03923,0.03868,0.039278,0.040558,0.05824,0.0,0.004797
2022-11-23,0.018059,0.0,0.053687,0.060212,0.018119,0.0,0.0,0.078099,0.0,0.0,0.0,0.0,0.0,0.066303,0.050644,0.027434,0.0,0.0,0.0,0.026009,0.057498,0.019803,0.080628,0.0,0.0,0.0,0.0,0.0,0.0,0.0,0.06229,0.082597,0.0,0.077222,0.0,0.0,0.039296,0.03875,0.039353,0.040814,0.058403,0.0,0.004779
2022-11-24,0.018151,0.0,0.053663,0.060335,0.018312,0.0,0.0,0.078064,0.0,0.0,0.0,0.0,0.0,0.066273,0.050622,0.027422,0.0,0.0,0.0,0.025997,0.057472,0.019794,0.080592,0.0,0.0,0.0,0.0,0.0,0.0,0.0,0.062262,0.08256,0.0,0.077187,0.0,0.0,0.039278,0.038732,0.039335,0.040795,0.058376,0.0,0.004779
2022-11-25,0.018105,0.0,0.054033,0.060349,0.0181,0.0,0.0,0.078852,0.0,0.0,0.0,0.0,0.0,0.066763,0.050438,0.027425,0.0,0.0,0.0,0.02599,0.057817,0.01981,0.080649,0.0,0.0,0.0,0.0,0.0,0.0,0.0,0.060394,0.082635,0.0,0.077153,0.0,0.0,0.039268,0.038698,0.039259,0.040839,0.058647,0.0,0.004779
2022-11-28,0.018135,0.0,0.054155,0.060327,0.018228,0.0,0.0,0.079478,0.0,0.0,0.0,0.0,0.0,0.065944,0.049546,0.026683,0.0,0.0,0.0,0.025831,0.057958,0.01966,0.081148,0.0,0.0,0.0,0.0,0.0,0.0,0.0,0.059921,0.082805,0.0,0.077496,0.0,0.0,0.039678,0.038996,0.039235,0.04095,0.059,0.0,0.004826
2022-11-29,0.017902,0.0,0.053654,0.059925,0.018396,0.0,0.0,0.079906,0.0,0.0,0.0,0.0,0.0,0.06624,0.050137,0.026913,0.0,0.0,0.0,0.025954,0.057632,0.01968,0.080584,0.0,0.0,0.0,0.0,0.0,0.0,0.0,0.060752,0.082952,0.0,0.077486,0.0,0.0,0.039386,0.038706,0.03928,0.040619,0.059084,0.0,0.004812
2022-11-30,0.011053,0.0,0.0,0.076549,0.0,0.0,0.055748,0.087615,0.0,0.0,0.0,0.0,0.039608,0.047861,0.045388,0.042136,0.087454,0.0,0.0,0.012619,0.043537,0.04355,0.087609,0.0,0.0,0.0,0.0,0.0,0.0,0.0,0.042536,0.0,0.0,0.087552,0.0,0.0,0.041019,0.045933,0.069782,0.017139,0.012291,0.0,0.003021
2022-12-01,0.011366,0.0,0.0,0.077309,0.0,0.0,0.055308,0.087627,0.0,0.0,0.0,0.0,0.039393,0.04755,0.045255,0.041312,0.087512,0.0,0.0,0.012793,0.043679,0.04329,0.087243,0.0,0.0,0.0,0.0,0.0,0.0,0.0,0.042435,0.0,0.0,0.087016,0.0,0.0,0.041482,0.046442,0.070066,0.01736,0.01254,0.0,0.003022
2022-12-02,0.011296,0.0,0.0,0.077045,0.0,0.0,0.055398,0.087034,0.0,0.0,0.0,0.0,0.039146,0.047272,0.044915,0.040901,0.087872,0.0,0.0,0.012688,0.043722,0.044559,0.087502,0.0,0.0,0.0,0.0,0.0,0.0,0.0,0.042998,0.0,0.0,0.086617,0.0,0.0,0.0415,0.046712,0.0699,0.017438,0.012467,0.0,0.003018
2022-12-05,0.011427,0.0,0.0,0.077374,0.0,0.0,0.054578,0.08767,0.0,0.0,0.0,0.0,0.038942,0.045955,0.044456,0.039785,0.088137,0.0,0.0,0.012711,0.044172,0.043977,0.088136,0.0,0.0,0.0,0.0,0.0,0.0,0.0,0.041802,0.0,0.0,0.087954,0.0,0.0,0.041904,0.047161,0.070622,0.017636,0.012523,0.0,0.003078
2022-12-06,0.01137,0.0,0.0,0.076981,0.0,0.0,0.05589,0.087744,0.0,0.0,0.0,0.0,0.038908,0.045848,0.043632,0.038996,0.087794,0.0,0.0,0.012638,0.044189,0.043106,0.088296,0.0,0.0,0.0,0.0,0.0,0.0,0.0,0.042119,0.0,0.0,0.088034,0.0,0.0,0.0425,0.047531,0.070933,0.017832,0.012554,0.0,0.003103
2022-12-07,0.011253,0.0,0.0,0.076558,0.0,0.0,0.055393,0.087744,0.0,0.0,0.0,0.0,0.03867,0.045753,0.043439,0.038577,0.087497,0.0,0.0,0.012933,0.04446,0.043283,0.088485,0.0,0.0,0.0,0.0,0.0,0.0,0.0,0.042621,0.0,0.0,0.08794,0.0,0.0,0.042783,0.047637,0.071175,0.017993,0.01271,0.0,0.003098
2022-12-08,0.011352,0.0,0.0,0.076607,0.0,0.0,0.054401,0.087999,0.0,0.0,0.0,0.0,0.038709,0.045868,0.043251,0.037705,0.088028,0.0,0.0,0.012981,0.044867,0.04355,0.088973,0.0,0.0,0.0,0.0,0.0,0.0,0.0,0.04257,0.0,0.0,0.087996,0.0,0.0,0.042547,0.04763,0.071241,0.017938,0.012688,0.0,0.003098
2022-12-09,0.011498,0.0,0.0,0.077438,0.0,0.0,0.054804,0.087573,0.0,0.0,0.0,0.0,0.038933,0.046054,0.042555,0.037309,0.08804,0.0,0.0,0.012992,0.044665,0.042813,0.08903,0.0,0.0,0.0,0.0,0.0,0.0,0.0,0.042226,0.0,0.0,0.088285,0.0,0.0,0.042587,0.047574,0.071841,0.017954,0.012706,0.0,0.003124
2022-12-12,0.011345,0.0,0.0,0.076647,0.0,0.0,0.052932,0.087308,0.0,0.0,0.0,0.0,0.039177,0.046179,0.043367,0.038453,0.088927,0.0,0.0,0.013067,0.044826,0.043584,0.089341,0.0,0.0,0.0,0.0,0.0,0.0,0.0,0.041749,0.0,0.0,0.088432,0.0,0.0,0.04223,0.047247,0.071616,0.017806,0.012664,0.0,0.003102
2022-12-13,0.011587,0.0,0.0,0.077028,0.0,0.0,0.051525,0.087431,0.0,0.0,0.0,0.0,0.039096,0.045433,0.043986,0.038963,0.08885,0.0,0.0,0.013232,0.044757,0.044069,0.088801,0.0,0.0,0.0,0.0,0.0,0.0,0.0,0.041387,0.0,0.0,0.088559,0.0,0.0,0.042413,0.047168,0.072023,0.017878,0.012727,0.0,0.003088
2022-12-14,0.011603,0.0,0.0,0.077277,0.0,0.0,0.051624,0.087394,0.0,0.0,0.0,0.0,0.038724,0.044819,0.04385,0.038878,0.088954,0.0,0.0,0.013234,0.044964,0.044348,0.089015,0.0,0.0,0.0,0.0,0.0,0.0,0.0,0.041093,0.0,0.0,0.08874,0.0,0.0,0.04266,0.047194,0.071835,0.017949,0.012747,0.0,0.003097
2022-12-15,0.011343,0.0,0.0,0.075877,0.0,0.0,0.052083,0.086936,0.0,0.0,0.0,0.0,0.038461,0.044574,0.044156,0.039552,0.087943,0.0,0.0,0.01355,0.044718,0.043632,0.08865,0.0,0.0,0.0,0.0,0.0,0.0,0.0,0.040856,0.0,0.0,0.089858,0.0,0.0,0.043303,0.047822,0.072502,0.0182,0.012846,0.0,0.003138
2022-12-16,0.011266,0.0,0.0,0.075763,0.0,0.0,0.052103,0.087301,0.0,0.0,0.0,0.0,0.0384,0.044482,0.043879,0.039107,0.088102,0.0,0.0,0.013436,0.044337,0.044045,0.088752,0.0,0.0,0.0,0.0,0.0,0.0,0.0,0.040779,0.0,0.0,0.090133,0.0,0.0,0.043457,0.047855,0.072556,0.018232,0.012857,0.0,0.003158
2022-12-19,0.011263,0.0,0.0,0.075696,0.0,0.0,0.053377,0.088197,0.0,0.0,0.0,0.0,0.038398,0.044733,0.043991,0.038577,0.087871,0.0,0.0,0.01321,0.044289,0.043256,0.088932,0.0,0.0,0.0,0.0,0.0,0.0,0.0,0.040311,0.0,0.0,0.0904,0.0,0.0,0.043219,0.047818,0.072378,0.018097,0.01282,0.0,0.003167
2022-12-20,0.0112,0.0,0.0,0.075324,0.0,0.0,0.055197,0.087877,0.0,0.0,0.0,0.0,0.038411,0.044785,0.044483,0.038833,0.087641,0.0,0.0,0.01306,0.044108,0.043894,0.088517,0.0,0.0,0.0,0.0,0.0,0.0,0.0,0.039983,0.0,0.0,0.090738,0.0,0.0,0.04274,0.04762,0.071914,0.017815,0.012707,0.0,0.003155
2022-12-21,0.011261,0.0,0.0,0.075794,0.0,0.0,0.055031,0.086139,0.0,0.0,0.0,0.0,0.038598,0.045122,0.044853,0.039403,0.088354,0.0,0.0,0.013165,0.04422,0.044402,0.088463,0.0,0.0,0.0,0.0,0.0,0.0,0.0,0.039317,0.0,0.0,0.090784,0.0,0.0,0.042344,0.047376,0.071766,0.017749,0.012738,0.0,0.003123
2022-12-22,0.01116,0.0,0.0,0.075205,0.0,0.0,0.055873,0.085908,0.0,0.0,0.0,0.0,0.038567,0.045203,0.044174,0.03847,0.087937,0.0,0.0,0.013211,0.044516,0.044891,0.088977,0.0,0.0,0.0,0.0,0.0,0.0,0.0,0.038278,0.0,0.0,0.091747,0.0,0.0,0.042674,0.047498,0.071902,0.017887,0.012775,0.0,0.003146
2022-12-23,0.011189,0.0,0.0,0.075196,0.0,0.0,0.056803,0.084573,0.0,0.0,0.0,0.0,0.038636,0.045312,0.045407,0.039801,0.088119,0.0,0.0,0.013141,0.044372,0.043672,0.089098,0.0,0.0,0.0,0.0,0.0,0.0,0.0,0.03789,0.0,0.0,0.091896,0.0,0.0,0.042318,0.04721,0.07181,0.017764,0.012658,0.0,0.003136
2022-12-27,0.01122,0.0,0.0,0.075389,0.0,0.0,0.05506,0.086041,0.0,0.0,0.0,0.0,0.038731,0.045467,0.046019,0.040171,0.088631,0.0,0.0,0.013158,0.044379,0.042525,0.089771,0.0,0.0,0.0,0.0,0.0,0.0,0.0,0.037892,0.0,0.0,0.091738,0.0,0.0,0.042079,0.047123,0.071262,0.017583,0.012617,0.0,0.003145
2022-12-28,0.011227,0.0,0.0,0.075452,0.0,0.0,0.056605,0.08666,0.0,0.0,0.0,0.0,0.038853,0.045415,0.045291,0.038646,0.08806,0.0,0.0,0.012966,0.044388,0.042968,0.089249,0.0,0.0,0.0,0.0,0.0,0.0,0.0,0.037332,0.0,0.0,0.092997,0.0,0.0,0.04226,0.047386,0.070776,0.017646,0.012655,0.0,0.003168
2022-12-29,0.011242,0.0,0.0,0.075429,0.0,0.0,0.055526,0.086655,0.0,0.0,0.0,0.0,0.038999,0.045891,0.045307,0.039083,0.088253,0.0,0.0,0.013129,0.044423,0.044395,0.088735,0.0,0.0,0.0,0.0,0.0,0.0,0.0,0.037847,0.0,0.0,0.091612,0.0,0.0,0.042043,0.047106,0.070974,0.017594,0.012625,0.0,0.003134
2022-12-30,0.015147,0.037587,0.069135,0.076997,0.0,0.0,0.0,0.09226,0.0,0.0,0.0,0.0,0.057658,0.034423,0.078535,0.013453,0.068107,0.023215,0.0,0.038349,0.045389,0.045562,0.092244,0.0,0.0,0.0,0.0,0.0,0.0,0.0,0.0,0.0,0.020423,0.0,0.0,0.0,0.030187,0.0,0.06101,0.030866,0.065201,0.0,0.004253
2023-01-02,0.015124,0.03753,0.069031,0.078395,0.0,0.0,0.0,0.09212,0.0,0.0,0.0,0.0,0.057571,0.034371,0.078416,0.013432,0.068004,0.02318,0.0,0.038291,0.04532,0.045493,0.092104,0.0,0.0,0.0,0.0,0.0,0.0,0.0,0.0,0.0,0.020392,0.0,0.0,0.0,0.030141,0.0,0.060917,0.03082,0.065102,0.0,0.004247
2023-01-03,0.015113,0.038101,0.069538,0.078062,0.0,0.0,0.0,0.09271,0.0,0.0,0.0,0.0,0.05792,0.034321,0.075857,0.012713,0.068323,0.023286,0.0,0.038914,0.045305,0.044802,0.091993,0.0,0.0,0.0,0.0,0.0,0.0,0.0,0.0,0.0,0.020472,0.0,0.0,0.0,0.030455,0.0,0.061189,0.031112,0.065554,0.0,0.004258
2023-01-04,0.01522,0.038542,0.068346,0.078222,0.0,0.0,0.0,0.091941,0.0,0.0,0.0,0.0,0.058417,0.034456,0.075291,0.012664,0.068421,0.023541,0.0,0.039484,0.045092,0.045406,0.091674,0.0,0.0,0.0,0.0,0.0,0.0,0.0,0.0,0.0,0.020174,0.0,0.0,0.0,0.030463,0.0,0.06144,0.031108,0.06587,0.0,0.004228
2023-01-05,0.015102,0.03843,0.067845,0.078273,0.0,0.0,0.0,0.091851,0.0,0.0,0.0,0.0,0.058343,0.034335,0.077143,0.012762,0.068106,0.023373,0.0,0.039559,0.044909,0.045294,0.091318,0.0,0.0,0.0,0.0,0.0,0.0,0.0,0.0,0.0,0.019837,0.0,0.0,0.0,0.030609,0.0,0.061699,0.031279,0.065679,0.0,0.004255
2023-01-06,0.015091,0.038713,0.068241,0.077701,0.0,0.0,0.0,0.091255,0.0,0.0,0.0,0.0,0.058521,0.034596,0.077131,0.012779,0.068657,0.023769,0.0,0.039567,0.044473,0.044788,0.091995,0.0,0.0,0.0,0.0,0.0,0.0,0.0,0.0,0.0,0.019946,0.0,0.0,0.0,0.030421,0.0,0.061402,0.031194,0.065588,0.0,0.004175
2023-01-09,0.015408,0.039038,0.068529,0.078167,0.0,0.0,0.0,0.091635,0.0,0.0,0.0,0.0,0.058424,0.034448,0.077013,0.012935,0.06849,0.024091,0.0,0.039579,0.043817,0.043859,0.091281,0.0,0.0,0.0,0.0,0.0,0.0,0.0,0.0,0.0,0.019823,0.0,0.0,0.0,0.03056,0.0,0.061746,0.031381,0.065592,0.0,0.004182
2023-01-10,0.01519,0.039144,0.068227,0.077485,0.0,0.0,0.0,0.091427,0.0,0.0,0.0,0.0,0.058636,0.034633,0.077403,0.012953,0.068725,0.024155,0.0,0.039877,0.044095,0.045014,0.090974,0.0,0.0,0.0,0.0,0.0,0.0,0.0,0.0,0.0,0.019773,0.0,0.0,0.0,0.030306,0.0,0.061547,0.031211,0.06505,0.0,0.004175
2023-01-11,0.015254,0.039139,0.068279,0.077737,0.0,0.0,0.0,0.090831,0.0,0.0,0.0,0.0,0.058754,0.034679,0.077079,0.012959,0.068883,0.024288,0.0,0.040649,0.044024,0.045116,0.090364,0.0,0.0,0.0,0.0,0.0,0.0,0.0,0.0,0.0,0.019468,0.0,0.0,0.0,0.030281,0.0,0.061506,0.031251,0.065316,0.0,0.004144
2023-01-12,0.015227,0.039247,0.069263,0.07749,0.0,0.0,0.0,0.090549,0.0,0.0,0.0,0.0,0.058313,0.034683,0.077807,0.013216,0.068634,0.024332,0.0,0.040412,0.043469,0.046565,0.088807,0.0,0.0,0.0,0.0,0.0,0.0,0.0,0.0,0.0,0.019579,0.0,0.0,0.0,0.030262,0.0,0.061269,0.031306,0.065465,0.0,0.004105
2023-01-13,0.015241,0.039332,0.069385,0.07793,0.0,0.0,0.0,0.090325,0.0,0.0,0.0,0.0,0.058607,0.034685,0.077726,0.013253,0.068384,0.024179,0.0,0.040519,0.043555,0.046429,0.089004,0.0,0.0,0.0,0.0,0.0,0.0,0.0,0.0,0.0,0.019932,0.0,0.0,0.0,0.030026,0.0,0.061117,0.031127,0.065147,0.0,0.004097
2023-01-16,0.015322,0.039314,0.069353,0.078274,0.0,0.0,0.0,0.090282,0.0,0.0,0.0,0.0,0.058579,0.034669,0.07769,0.013247,0.068352,0.024168,0.0,0.0405,0.043534,0.046407,0.088962,0.0,0.0,0.0,0.0,0.0,0.0,0.0,0.0,0.0,0.019923,0.0,0.0,0.0,0.030012,0.0,0.061089,0.031112,0.065117,0.0,0.004094
2023-01-17,0.01536,0.039468,0.070112,0.078557,0.0,0.0,0.0,0.090432,0.0,0.0,0.0,0.0,0.058273,0.034586,0.077965,0.013329,0.067868,0.024141,0.0,0.040417,0.043394,0.045934,0.089148,0.0,0.0,0.0,0.0,0.0,0.0,0.0,0.0,0.0,0.019666,0.0,0.0,0.0,0.029961,0.0,0.060968,0.031044,0.065276,0.0,0.004101
2023-01-18,0.015431,0.039683,0.070607,0.079049,0.0,0.0,0.0,0.091176,0.0,0.0,0.0,0.0,0.057669,0.033849,0.077185,0.013179,0.067155,0.0241,0.0,0.040544,0.043144,0.045746,0.08745,0.0,0.0,0.0,0.0,0.0,0.0,0.0,0.0,0.0,0.019435,0.0,0.0,0.0,0.030625,0.0,0.061556,0.031673,0.066607,0.0,0.004136
2023-01-19,0.015253,0.039707,0.070966,0.078025,0.0,0.0,0.0,0.091796,0.0,0.0,0.0,0.0,0.057317,0.033965,0.078584,0.013511,0.066144,0.023971,0.0,0.039727,0.043491,0.045526,0.087107,0.0,0.0,0.0,0.0,0.0,0.0,0.0,0.0,0.0,0.019898,0.0,0.0,0.0,0.030738,0.0,0.061538,0.031785,0.066793,0.0,0.004159
2023-01-20,0.015292,0.039685,0.071126,0.078023,0.0,0.0,0.0,0.091333,0.0,0.0,0.0,0.0,0.057699,0.03456,0.07865,0.013582,0.066462,0.024169,0.0,0.040239,0.043316,0.046232,0.086994,0.0,0.0,0.0,0.0,0.0,0.0,0.0,0.0,0.0,0.019773,0.0,0.0,0.0,0.03026,0.0,0.061104,0.031335,0.066042,0.0,0.004123
2023-01-23,0.015498,0.039724,0.070672,0.078715,0.0,0.0,0.0,0.09066,0.0,0.0,0.0,0.0,0.058156,0.034897,0.078468,0.013727,0.066942,0.024345,0.0,0.040545,0.043307,0.046154,0.086952,0.0,0.0,0.0,0.0,0.0,0.0,0.0,0.0,0.0,0.019307,0.0,0.0,0.0,0.030053,0.0,0.060874,0.03113,0.065765,0.0,0.004108
2023-01-24,0.015467,0.039568,0.07107,0.078679,0.0,0.0,0.0,0.089728,0.0,0.0,0.0,0.0,0.058123,0.03452,0.078077,0.013564,0.067308,0.024083,0.0,0.040822,0.042971,0.04698,0.087212,0.0,0.0,0.0,0.0,0.0,0.0,0.0,0.0,0.0,0.019446,0.0,0.0,0.0,0.030192,0.0,0.060846,0.031259,0.065981,0.0,0.004103
2023-01-25,0.015357,0.039726,0.071928,0.078023,0.0,0.0,0.0,0.088942,0.0,0.0,0.0,0.0,0.05858,0.034683,0.078088,0.01355,0.066936,0.023877,0.0,0.040854,0.042986,0.047024,0.08743,0.0,0.0,0.0,0.0,0.0,0.0,0.0,0.0,0.0,0.019635,0.0,0.0,0.0,0.030227,0.0,0.06084,0.031274,0.065938,0.0,0.004103
2023-01-26,0.015423,0.039586,0.071446,0.078353,0.0,0.0,0.0,0.088866,0.0,0.0,0.0,0.0,0.058613,0.034894,0.080177,0.013811,0.066989,0.023738,0.0,0.040809,0.042865,0.046641,0.086713,0.0,0.0,0.0,0.0,0.0,0.0,0.0,0.0,0.0,0.019561,0.0,0.0,0.0,0.029977,0.0,0.060706,0.031117,0.06563,0.0,0.004085
2023-01-27,0.01562,0.039579,0.071865,0.079255,0.0,0.0,0.0,0.086868,0.0,0.0,0.0,0.0,0.058797,0.035201,0.078804,0.013665,0.067479,0.024018,0.0,0.041186,0.042706,0.047209,0.086734,0.0,0.0,0.0,0.0,0.0,0.0,0.0,0.0,0.0,0.019345,0.0,0.0,0.0,0.030025,0.0,0.060713,0.031124,0.065709,0.0,0.004098
2023-01-30,0.015677,0.039684,0.072066,0.079753,0.0,0.0,0.0,0.087482,0.0,0.0,0.0,0.0,0.059019,0.035163,0.077676,0.01334,0.067406,0.023741,0.0,0.040836,0.042693,0.046404,0.087605,0.0,0.0,0.0,0.0,0.0,0.0,0.0,0.0,0.0,0.019497,0.0,0.0,0.0,0.030194,0.0,0.060909,0.031278,0.065442,0.0,0.004134
2023-01-31,0.026386,0.073784,0.07386,0.0,0.0,0.0,0.0,0.0,0.0,0.0,0.0,0.0,0.073672,0.0,0.073615,0.0,0.073478,0.0,0.041498,0.07354,0.044612,0.028615,0.073619,0.0,0.0,0.0,0.0,0.0,0.025298,0.0,0.0,0.036947,0.036928,0.010951,0.07366,0.0,0.0,0.0,0.056517,0.016988,0.073758,0.0,0.012274
2023-02-01,0.026296,0.074038,0.073521,0.0,0.0,0.0,0.0,0.0,0.0,0.0,0.0,0.0,0.073084,0.0,0.07159,0.0,0.073421,0.0,0.041439,0.074442,0.044465,0.028655,0.073616,0.0,0.0,0.0,0.0,0.0,0.025919,0.0,0.0,0.037113,0.037052,0.010788,0.074152,0.0,0.0,0.0,0.056655,0.017024,0.074558,0.0,0.012173
2023-02-02,0.026952,0.074276,0.07345,0.0,0.0,0.0,0.0,0.0,0.0,0.0,0.0,0.0,0.073388,0.0,0.070058,0.0,0.074099,0.0,0.041367,0.076879,0.044226,0.029409,0.073086,0.0,0.0,0.0,0.0,0.0,0.026346,0.0,0.0,0.036395,0.036248,0.010847,0.071741,0.0,0.0,0.0,0.057061,0.017072,0.074907,0.0,0.012194
2023-02-03,0.027212,0.074428,0.073489,0.0,0.0,0.0,0.0,0.0,0.0,0.0,0.0,0.0,0.074131,0.0,0.070747,0.0,0.074602,0.0,0.041112,0.076,0.044628,0.029253,0.073677,0.0,0.0,0.0,0.0,0.0,0.026237,0.0,0.0,0.035915,0.034985,0.010918,0.071333,0.0,0.0,0.0,0.057143,0.017082,0.074769,0.0,0.012342
2023-02-06,0.027023,0.074233,0.073422,0.0,0.0,0.0,0.0,0.0,0.0,0.0,0.0,0.0,0.074726,0.0,0.07101,0.0,0.075038,0.0,0.040996,0.075323,0.044747,0.02927,0.074379,0.0,0.0,0.0,0.0,0.0,0.026056,0.0,0.0,0.036288,0.035121,0.010981,0.070279,0.0,0.0,0.0,0.057248,0.017091,0.074323,0.0,0.012444
2023-02-07,0.02676,0.074111,0.073833,0.0,0.0,0.0,0.0,0.0,0.0,0.0,0.0,0.0,0.074914,0.0,0.072667,0.0,0.074604,0.0,0.041179,0.075452,0.044636,0.029211,0.073408,0.0,0.0,0.0,0.0,0.0,0.026337,0.0,0.0,0.035999,0.034639,0.01091,0.071448,0.0,0.0,0.0,0.056942,0.016884,0.073731,0.0,0.012334
2023-02-08,0.026989,0.074363,0.073575,0.0,0.0,0.0,0.0,0.0,0.0,0.0,0.0,0.0,0.07503,0.0,0.07256,0.0,0.074744,0.0,0.041157,0.074341,0.044841,0.028412,0.073396,0.0,0.0,0.0,0.0,0.0,0.026127,0.0,0.0,0.036361,0.035072,0.011026,0.071175,0.0,0.0,0.0,0.05713,0.017029,0.074245,0.0,0.012429
2023-02-09,0.027252,0.074945,0.074105,0.0,0.0,0.0,0.0,0.0,0.0,0.0,0.0,0.0,0.074651,0.0,0.072382,0.0,0.074528,0.0,0.040811,0.074562,0.044722,0.028226,0.073523,0.0,0.0,0.0,0.0,0.0,0.026006,0.0,0.0,0.036295,0.034771,0.011022,0.071377,0.0,0.0,0.0,0.057111,0.01699,0.074213,0.0,0.012507
2023-02-10,0.026894,0.074197,0.074387,0.0,0.0,0.0,0.0,0.0,0.0,0.0,0.0,0.0,0.074755,0.0,0.075074,0.0,0.074915,0.0,0.040883,0.074625,0.045059,0.028019,0.074064,0.0,0.0,0.0,0.0,0.0,0.025795,0.0,0.0,0.036295,0.034808,0.011106,0.069736,0.0,0.0,0.0,0.056564,0.016839,0.073499,0.0,0.012485
2023-02-13,0.026977,0.074723,0.073831,0.0,0.0,0.0,0.0,0.0,0.0,0.0,0.0,0.0,0.075089,0.0,0.074362,0.0,0.075071,0.0,0.040812,0.075856,0.045117,0.027804,0.074385,0.0,0.0,0.0,0.0,0.0,0.025755,0.0,0.0,0.03586,0.034498,0.011094,0.070079,0.0,0.0,0.0,0.056313,0.016783,0.073192,0.0,0.012399
2023-02-14,0.026886,0.075133,0.073515,0.0,0.0,0.0,0.0,0.0,0.0,0.0,0.0,0.0,0.074736,0.0,0.07444,0.0,0.07492,0.0,0.040935,0.075323,0.044882,0.027928,0.073762,0.0,0.0,0.0,0.0,0.0,0.026042,0.0,0.0,0.035913,0.034386,0.011189,0.071193,0.0,0.0,0.0,0.056368,0.016754,0.073286,0.0,0.012408
2023-02-15,0.027069,0.075273,0.072997,0.0,0.0,0.0,0.0,0.0,0.0,0.0,0.0,0.0,0.07503,0.0,0.073383,0.0,0.075601,0.0,0.04123,0.075837,0.044786,0.028066,0.074114,0.0,0.0,0.0,0.0,0.0,0.026148,0.0,0.0,0.035656,0.034089,0.011128,0.070691,0.0,0.0,0.0,0.056438,0.016737,0.073282,0.0,0.012445
2023-02-16,0.027277,0.07536,0.073258,0.0,0.0,0.0,0.0,0.0,0.0,0.0,0.0,0.0,0.074789,0.0,0.073164,0.0,0.075337,0.0,0.041046,0.075294,0.044646,0.027837,0.074087,0.0,0.0,0.0,0.0,0.0,0.025971,0.0,0.0,0.035873,0.034239,0.011255,0.071635,0.0,0.0,0.0,0.056374,0.016718,0.073308,0.0,0.012532
2023-02-17,0.026945,0.075906,0.073353,0.0,0.0,0.0,0.0,0.0,0.0,0.0,0.0,0.0,0.074932,0.0,0.070674,0.0,0.075955,0.0,0.040727,0.074154,0.045119,0.02855,0.075168,0.0,0.0,0.0,0.0,0.0,0.025612,0.0,0.0,0.036039,0.034589,0.011328,0.071443,0.0,0.0,0.0,0.056687,0.016812,0.073454,0.0,0.012554
2023-02-20,0.027049,0.075897,0.073345,0.0,0.0,0.0,0.0,0.0,0.0,0.0,0.0,0.0,0.074924,0.0,0.070667,0.0,0.075946,0.0,0.040723,0.074146,0.045114,0.028547,0.075159,0.0,0.0,0.0,0.0,0.0,0.025609,0.0,0.0,0.036035,0.034585,0.011327,0.071435,0.0,0.0,0.0,0.05668,0.01681,0.073446,0.0,0.012554
2023-02-21,0.027135,0.076101,0.07348,0.0,0.0,0.0,0.0,0.0,0.0,0.0,0.0,0.0,0.074429,0.0,0.07132,0.0,0.075267,0.0,0.040624,0.072215,0.045166,0.027611,0.075944,0.0,0.0,0.0,0.0,0.0,0.025259,0.0,0.0,0.036414,0.035185,0.011601,0.072733,0.0,0.0,0.0,0.056604,0.016808,0.07337,0.0,0.012735
2023-02-22,0.027098,0.075837,0.073126,0.0,0.0,0.0,0.0,0.0,0.0,0.0,0.0,0.0,0.074543,0.0,0.071034,0.0,0.07528,0.0,0.041038,0.073132,0.045133,0.027972,0.076032,0.0,0.0,0.0,0.0,0.0,0.025305,0.0,0.0,0.036305,0.034716,0.011576,0.071221,0.0,0.0,0.0,0.057126,0.016901,0.073854,0.0,0.012772
2023-02-23,0.026859,0.075959,0.073513,0.0,0.0,0.0,0.0,0.0,0.0,0.0,0.0,0.0,0.074257,0.0,0.071768,0.0,0.075279,0.0,0.040891,0.073675,0.045043,0.027788,0.075583,0.0,0.0,0.0,0.0,0.0,0.025791,0.0,0.0,0.036116,0.034344,0.011511,0.069855,0.0,0.0,0.0,0.05742,0.016954,0.074684,0.0,0.012712
2023-02-24,0.026893,0.075396,0.073141,0.0,0.0,0.0,0.0,0.0,0.0,0.0,0.0,0.0,0.07506,0.0,0.072389,0.0,0.075592,0.0,0.041575,0.073813,0.044905,0.027392,0.075825,0.0,0.0,0.0,0.0,0.0,0.025804,0.0,0.0,0.036214,0.033732,0.011456,0.068427,0.0,0.0,0.0,0.057642,0.016994,0.074909,0.0,0.012839
2023-02-27,0.026962,0.076058,0.073398,0.0,0.0,0.0,0.0,0.0,0.0,0.0,0.0,0.0,0.074592,0.0,0.072171,0.0,0.075809,0.0,0.041465,0.073835,0.044502,0.02745,0.075291,0.0,0.0,0.0,0.0,0.0,0.025992,0.0,0.0,0.03614,0.03325,0.011376,0.06952,0.0,0.0,0.0,0.057686,0.016898,0.07484,0.0,0.012765
2023-02-28,0.018173,0.078288,0.078314,0.0,0.046514,0.026718,0.0,0.0,0.031335,0.01999,0.0,0.0,0.078466,0.0,0.078412,0.0,0.077946,0.0,0.078428,0.078396,0.0,0.0,0.0,0.0,0.0,0.0,0.0,0.0,0.06219,0.0,0.0,0.03895,0.039244,0.0,0.078621,0.0,0.0,0.0,0.0,0.0,0.03372,0.043486,0.012811
2023-03-01,0.017926,0.078113,0.07777,0.0,0.047,0.027514,0.0,0.0,0.031437,0.020198,0.0,0.0,0.077535,0.0,0.079275,0.0,0.077586,0.0,0.078366,0.07683,0.0,0.0,0.0,0.0,0.0,0.0,0.0,0.0,0.061816,0.0,0.0,0.038841,0.03905,0.0,0.081469,0.0,0.0,0.0,0.0,0.0,0.033211,0.043358,0.012704
2023-03-02,0.01785,0.077963,0.077652,0.0,0.046961,0.027834,0.0,0.0,0.031491,0.020058,0.0,0.0,0.076965,0.0,0.079765,0.0,0.078294,0.0,0.079054,0.077078,0.0,0.0,0.0,0.0,0.0,0.0,0.0,0.0,0.061839,0.0,0.0,0.038717,0.038848,0.0,0.08056,0.0,0.0,0.0,0.0,0.0,0.033003,0.043395,0.012671
2023-03-03,0.017912,0.077919,0.078389,0.0,0.046693,0.027516,0.0,0.0,0.03139,0.020207,0.0,0.0,0.077149,0.0,0.079781,0.0,0.078096,0.0,0.079123,0.077485,0.0,0.0,0.0,0.0,0.0,0.0,0.0,0.0,0.06293,0.0,0.0,0.038616,0.038953,0.0,0.081785,0.0,0.0,0.0,0.0,0.0,0.033068,0.040486,0.012506
2023-03-06,0.018209,0.078196,0.07881,0.0,0.04719,0.027297,0.0,0.0,0.031467,0.020359,0.0,0.0,0.077628,0.0,0.080246,0.0,0.078372,0.0,0.07826,0.076946,0.0,0.0,0.0,0.0,0.0,0.0,0.0,0.0,0.062983,0.0,0.0,0.038628,0.038701,0.0,0.080168,0.0,0.0,0.0,0.0,0.0,0.033113,0.040852,0.012574
2023-03-07,0.018268,0.078067,0.079645,0.0,0.047282,0.027224,0.0,0.0,0.031856,0.020178,0.0,0.0,0.07711,0.0,0.080399,0.0,0.078885,0.0,0.078226,0.077821,0.0,0.0,0.0,0.0,0.0,0.0,0.0,0.0,0.06319,0.0,0.0,0.038698,0.037685,0.0,0.077943,0.0,0.0,0.0,0.0,0.0,0.033625,0.041079,0.01282
2023-03-08,0.018147,0.078067,0.080355,0.0,0.047041,0.026928,0.0,0.0,0.03205,0.020165,0.0,0.0,0.076568,0.0,0.079308,0.0,0.078806,0.0,0.078346,0.078739,0.0,0.0,0.0,0.0,0.0,0.0,0.0,0.0,0.063743,0.0,0.0,0.03855,0.037457,0.0,0.078593,0.0,0.0,0.0,0.0,0.0,0.033354,0.041002,0.012781
2023-03-09,0.018552,0.078809,0.081759,0.0,0.047394,0.026475,0.0,0.0,0.032003,0.020049,0.0,0.0,0.07487,0.0,0.079691,0.0,0.079137,0.0,0.077798,0.079606,0.0,0.0,0.0,0.0,0.0,0.0,0.0,0.0,0.063895,0.0,0.0,0.039679,0.03826,0.0,0.076961,0.0,0.0,0.0,0.0,0.0,0.034003,0.038033,0.013026
2023-03-10,0.018472,0.078963,0.081583,0.0,0.047681,0.026774,0.0,0.0,0.032013,0.02026,0.0,0.0,0.074242,0.0,0.079457,0.0,0.078437,0.0,0.076902,0.07889,0.0,0.0,0.0,0.0,0.0,0.0,0.0,0.0,0.06315,0.0,0.0,0.040939,0.039522,0.0,0.076791,0.0,0.0,0.0,0.0,0.0,0.034665,0.038102,0.013157
2023-03-13,0.018065,0.077934,0.080329,0.0,0.047087,0.026843,0.0,0.0,0.032087,0.020576,0.0,0.0,0.070889,0.0,0.077381,0.0,0.077532,0.0,0.075665,0.078648,0.0,0.0,0.0,0.0,0.0,0.0,0.0,0.0,0.06283,0.0,0.0,0.041631,0.041663,0.0,0.077036,0.0,0.0,0.0,0.0,0.0,0.034403,0.046318,0.013084
2023-03-14,0.018121,0.078624,0.079339,0.0,0.046611,0.026735,0.0,0.0,0.031847,0.020111,0.0,0.0,0.071636,0.0,0.077403,0.0,0.077607,0.0,0.075905,0.079153,0.0,0.0,0.0,0.0,0.0,0.0,0.0,0.0,0.063301,0.0,0.0,0.040996,0.04104,0.0,0.077248,0.0,0.0,0.0,0.0,0.0,0.033984,0.047378,0.012959
2023-03-15,0.018137,0.077655,0.07978,0.0,0.046616,0.027007,0.0,0.0,0.032012,0.020309,0.0,0.0,0.07157,0.0,0.075182,0.0,0.077695,0.0,0.075385,0.080271,0.0,0.0,0.0,0.0,0.0,0.0,0.0,0.0,0.063466,0.0,0.0,0.042408,0.042358,0.0,0.07453,0.0,0.0,0.0,0.0,0.0,0.035009,0.04731,0.0133
2023-03-16,0.018224,0.077622,0.080165,0.0,0.046814,0.026909,0.0,0.0,0.032058,0.02061,0.0,0.0,0.071824,0.0,0.074839,0.0,0.077496,0.0,0.075087,0.080869,0.0,0.0,0.0,0.0,0.0,0.0,0.0,0.0,0.064738,0.0,0.0,0.041845,0.041545,0.0,0.07422,0.0,0.0,0.0,0.0,0.0,0.034329,0.047702,0.013102
2023-03-17,0.018215,0.076664,0.07988,0.0,0.046842,0.026896,0.0,0.0,0.032006,0.020414,0.0,0.0,0.069701,0.0,0.073861,0.0,0.076433,0.0,0.074122,0.080377,0.0,0.0,0.0,0.0,0.0,0.0,0.0,0.0,0.064291,0.0,0.0,0.043181,0.043142,0.0,0.074889,0.0,0.0,0.0,0.0,0.0,0.034267,0.05168,0.013138
2023-03-20,0.018069,0.077138,0.079977,0.0,0.046339,0.026441,0.0,0.0,0.031882,0.020311,0.0,0.0,0.069551,0.0,0.07435,0.0,0.076427,0.0,0.074654,0.079484,0.0,0.0,0.0,0.0,0.0,0.0,0.0,0.0,0.064221,0.0,0.0,0.042629,0.042699,0.0,0.076444,0.0,0.0,0.0,0.0,0.0,0.033821,0.052594,0.012968
2023-03-21,0.018087,0.077691,0.079527,0.0,0.046156,0.026537,0.0,0.0,0.03183,0.020182,0.0,0.0,0.070476,0.0,0.076021,0.0,0.076405,0.0,0.074671,0.079349,0.0,0.0,0.0,0.0,0.0,0.0,0.0,0.0,0.06468,0.0,0.0,0.041334,0.041892,0.0,0.075982,0.0,0.0,0.0,0.0,0.0,0.033662,0.052703,0.012815
2023-03-22,0.018315,0.077933,0.080011,0.0,0.047031,0.026853,0.0,0.0,0.032425,0.020486,0.0,0.0,0.069459,0.0,0.075067,0.0,0.07561,0.0,0.073999,0.078866,0.0,0.0,0.0,0.0,0.0,0.0,0.0,0.0,0.064512,0.0,0.0,0.042412,0.043418,0.0,0.076262,0.0,0.0,0.0,0.0,0.0,0.034259,0.05015,0.012932
2023-03-23,0.018222,0.077421,0.079822,0.0,0.047661,0.027404,0.0,0.0,0.032644,0.020683,0.0,0.0,0.068526,0.0,0.073528,0.0,0.074883,0.0,0.073413,0.078602,0.0,0.0,0.0,0.0,0.0,0.0,0.0,0.0,0.064659,0.0,0.0,0.042654,0.043493,0.0,0.07606,0.0,0.0,0.0,0.0,0.0,0.034151,0.05333,0.012844
2023-03-24,0.01798,0.077026,0.08028,0.0,0.047052,0.027339,0.0,0.0,0.032756,0.020473,0.0,0.0,0.068671,0.0,0.074016,0.0,0.0754,0.0,0.074214,0.079215,0.0,0.0,0.0,0.0,0.0,0.0,0.0,0.0,0.064598,0.0,0.0,0.042291,0.04349,0.0,0.076061,0.0,0.0,0.0,0.0,0.0,0.034058,0.0522,0.012882
2023-03-27,0.018126,0.077725,0.080425,0.0,0.046694,0.026872,0.0,0.0,0.032449,0.020352,0.0,0.0,0.069445,0.0,0.075399,0.0,0.075836,0.0,0.074573,0.078756,0.0,0.0,0.0,0.0,0.0,0.0,0.0,0.0,0.06475,0.0,0.0,0.041792,0.043378,0.0,0.076385,0.0,0.0,0.0,0.0,0.0,0.033827,0.050367,0.012851
2023-03-28,0.01802,0.077153,0.080053,0.0,0.047137,0.027569,0.0,0.0,0.032123,0.020403,0.0,0.0,0.06897,0.0,0.076066,0.0,0.075727,0.0,0.074441,0.078577,0.0,0.0,0.0,0.0,0.0,0.0,0.0,0.0,0.064012,0.0,0.0,0.041859,0.043522,0.0,0.07723,0.0,0.0,0.0,0.0,0.0,0.033488,0.050882,0.012769
2023-03-29,0.018,0.077532,0.079474,0.0,0.046878,0.027265,0.0,0.0,0.031868,0.020168,0.0,0.0,0.069209,0.0,0.076271,0.0,0.075982,0.0,0.074643,0.078213,0.0,0.0,0.0,0.0,0.0,0.0,0.0,0.0,0.064528,0.0,0.0,0.041192,0.043062,0.0,0.077665,0.0,0.0,0.0,0.0,0.0,0.033279,0.05214,0.012629
2023-03-30,0.018062,0.0782,0.079328,0.0,0.046955,0.027487,0.0,0.0,0.031767,0.020264,0.0,0.0,0.068609,0.0,0.076109,0.0,0.075649,0.0,0.074667,0.077582,0.0,0.0,0.0,0.0,0.0,0.0,0.0,0.0,0.064626,0.0,0.0,0.041295,0.043781,0.0,0.078744,0.0,0.0,0.0,0.0,0.0,0.033293,0.051032,0.012549
2023-03-31,0.0,0.11164,0.083155,0.0,0.0,0.0,0.0,0.0,0.052478,0.0,0.0,0.0,0.030853,0.0,0.021977,0.0,0.111785,0.0,0.111526,0.11145,0.0,0.0,0.0,0.0,0.0,0.052682,0.0,0.0,0.053093,0.0,0.0,0.033924,0.023755,0.0,0.111532,0.0,0.0,0.0,0.0,0.0,0.0,0.07464,0.01551
2023-04-03,0.0,0.111991,0.083213,0.0,0.0,0.0,0.0,0.0,0.052585,0.0,0.0,0.0,0.03079,0.0,0.022882,0.0,0.111549,0.0,0.111795,0.111365,0.0,0.0,0.0,0.0,0.0,0.052024,0.0,0.0,0.052804,0.0,0.0,0.034036,0.023598,0.0,0.112849,0.0,0.0,0.0,0.0,0.0,0.0,0.073064,0.015453
2023-04-04,0.0,0.112975,0.083903,0.0,0.0,0.0,0.0,0.0,0.052946,0.0,0.0,0.0,0.030766,0.0,0.022661,0.0,0.109991,0.0,0.111134,0.110318,0.0,0.0,0.0,0.0,0.0,0.051495,0.0,0.0,0.052444,0.0,0.0,0.034969,0.024784,0.0,0.112028,0.0,0.0,0.0,0.0,0.0,0.0,0.074002,0.015585
2023-04-05,0.0,0.113192,0.08327,0.0,0.0,0.0,0.0,0.0,0.052675,0.0,0.0,0.0,0.030958,0.0,0.023175,0.0,0.109373,0.0,0.111715,0.110423,0.0,0.0,0.0,0.0,0.0,0.050981,0.0,0.0,0.051825,0.0,0.0,0.035203,0.024937,0.0,0.111964,0.0,0.0,0.0,0.0,0.0,0.0,0.074602,0.015706
2023-04-06,0.0,0.114398,0.083087,0.0,0.0,0.0,0.0,0.0,0.052716,0.0,0.0,0.0,0.031141,0.0,0.022872,0.0,0.109572,0.0,0.111686,0.109226,0.0,0.0,0.0,0.0,0.0,0.050827,0.0,0.0,0.051745,0.0,0.0,0.035027,0.024935,0.0,0.112933,0.0,0.0,0.0,0.0,0.0,0.0,0.074094,0.01574
2023-04-10,0.0,0.113585,0.082325,0.0,0.0,0.0,0.0,0.0,0.0524,0.0,0.0,0.0,0.030987,0.0,0.022891,0.0,0.109783,0.0,0.111421,0.109535,0.0,0.0,0.0,0.0,0.0,0.051356,0.0,0.0,0.051776,0.0,0.0,0.03452,0.024747,0.0,0.112042,0.0,0.0,0.0,0.0,0.0,0.0,0.077005,0.015628
2023-04-11,0.0,0.11264,0.081591,0.0,0.0,0.0,0.0,0.0,0.052073,0.0,0.0,0.0,0.030877,0.0,0.022826,0.0,0.109095,0.0,0.110918,0.110915,0.0,0.0,0.0,0.0,0.0,0.050465,0.0,0.0,0.051229,0.0,0.0,0.034315,0.024617,0.0,0.114577,0.0,0.0,0.0,0.0,0.0,0.0,0.078419,0.015443
2023-04-12,0.0,0.113455,0.081803,0.0,0.0,0.0,0.0,0.0,0.051807,0.0,0.0,0.0,0.030789,0.0,0.022826,0.0,0.109384,0.0,0.110925,0.110588,0.0,0.0,0.0,0.0,0.0,0.049508,0.0,0.0,0.051007,0.0,0.0,0.03446,0.025017,0.0,0.115588,0.0,0.0,0.0,0.0,0.0,0.0,0.077409,0.015435
2023-04-13,0.0,0.113588,0.081937,0.0,0.0,0.0,0.0,0.0,0.051405,0.0,0.0,0.0,0.030689,0.0,0.02269,0.0,0.108456,0.0,0.110705,0.109198,0.0,0.0,0.0,0.0,0.0,0.049309,0.0,0.0,0.051226,0.0,0.0,0.034501,0.02504,0.0,0.117947,0.0,0.0,0.0,0.0,0.0,0.0,0.078059,0.015251
2023-04-14,0.0,0.113753,0.081572,0.0,0.0,0.0,0.0,0.0,0.051459,0.0,0.0,0.0,0.031085,0.0,0.0228,0.0,0.108656,0.0,0.110238,0.10992,0.0,0.0,0.0,0.0,0.0,0.049382,0.0,0.0,0.051054,0.0,0.0,0.033993,0.024661,0.0,0.118051,0.0,0.0,0.0,0.0,0.0,0.0,0.078081,0.015296
2023-04-17,0.0,0.113286,0.081862,0.0,0.0,0.0,0.0,0.0,0.051424,0.0,0.0,0.0,0.031464,0.0,0.022546,0.0,0.109587,0.0,0.11095,0.111117,0.0,0.0,0.0,0.0,0.0,0.049415,0.0,0.0,0.051272,0.0,0.0,0.033864,0.02437,0.0,0.117815,0.0,0.0,0.0,0.0,0.0,0.0,0.075716,0.01531
2023-04-18,0.0,0.112932,0.081535,0.0,0.0,0.0,0.0,0.0,0.050745,0.0,0.0,0.0,0.031246,0.0,0.02241,0.0,0.109018,0.0,0.110309,0.112538,0.0,0.0,0.0,0.0,0.0,0.049136,0.0,0.0,0.051008,0.0,0.0,0.033658,0.024265,0.0,0.119066,0.0,0.0,0.0,0.0,0.0,0.0,0.076973,0.01516
2023-04-19,0.0,0.11342,0.081415,0.0,0.0,0.0,0.0,0.0,0.050429,0.0,0.0,0.0,0.031526,0.0,0.022479,0.0,0.109646,0.0,0.11072,0.113588,0.0,0.0,0.0,0.0,0.0,0.048917,0.0,0.0,0.051383,0.0,0.0,0.033717,0.024508,0.0,0.118177,0.0,0.0,0.0,0.0,0.0,0.0,0.074812,0.015261
2023-04-20,0.0,0.113631,0.081948,0.0,0.0,0.0,0.0,0.0,0.050607,0.0,0.0,0.0,0.031536,0.0,0.022354,0.0,0.109811,0.0,0.110962,0.115931,0.0,0.0,0.0,0.0,0.0,0.049033,0.0,0.0,0.051306,0.0,0.0,0.033961,0.024525,0.0,0.117089,0.0,0.0,0.0,0.0,0.0,0.0,0.071995,0.015312
2023-04-21,0.0,0.115231,0.08295,0.0,0.0,0.0,0.0,0.0,0.05048,0.0,0.0,0.0,0.031628,0.0,0.02237,0.0,0.11028,0.0,0.110703,0.116283,0.0,0.0,0.0,0.0,0.0,0.048993,0.0,0.0,0.052056,0.0,0.0,0.033846,0.024484,0.0,0.114856,0.0,0.0,0.0,0.0,0.0,0.0,0.070427,0.015414
2023-04-24,0.0,0.115409,0.082697,0.0,0.0,0.0,0.0,0.0,0.050454,0.0,0.0,0.0,0.031472,0.0,0.022654,0.0,0.110261,0.0,0.111173,0.117085,0.0,0.0,0.0,0.0,0.0,0.048649,0.0,0.0,0.051737,0.0,0.0,0.033863,0.024528,0.0,0.114135,0.0,0.0,0.0,0.0,0.0,0.0,0.070507,0.015377
2023-04-25,0.0,0.115385,0.083508,0.0,0.0,0.0,0.0,0.0,0.050001,0.0,0.0,0.0,0.031453,0.0,0.022604,0.0,0.110055,0.0,0.110601,0.117737,0.0,0.0,0.0,0.0,0.0,0.047808,0.0,0.0,0.051584,0.0,0.0,0.034609,0.024845,0.0,0.111858,0.0,0.0,0.0,0.0,0.0,0.0,0.072314,0.015638
2023-04-26,0.0,0.116028,0.083606,0.0,0.0,0.0,0.0,0.0,0.05038,0.0,0.0,0.0,0.031302,0.0,0.022409,0.0,0.108491,0.0,0.109815,0.116135,0.0,0.0,0.0,0.0,0.0,0.048293,0.0,0.0,0.051641,0.0,0.0,0.034586,0.02479,0.0,0.113354,0.0,0.0,0.0,0.0,0.0,0.0,0.073456,0.015714
2023-04-27,0.0,0.115219,0.083403,0.0,0.0,0.0,0.0,0.0,0.050154,0.0,0.0,0.0,0.031221,0.0,0.022075,0.0,0.108599,0.0,0.109262,0.117192,0.0,0.0,0.0,0.0,0.0,0.047603,0.0,0.0,0.051662,0.0,0.0,0.033951,0.024397,0.0,0.112954,0.0,0.0,0.0,0.0,0.0,0.0,0.076882,0.015427
2023-04-28,0.085604,0.092151,0.09223,0.0,0.0,0.012585,0.0,0.0,0.052092,0.026865,0.0,0.033936,0.0,0.0,0.0,0.0,0.079076,0.012566,0.040018,0.092295,0.0,0.0,0.040216,0.0,0.02757,0.02757,0.0,0.0,0.02797,0.0,0.0,0.091962,0.0,0.0,0.060122,0.0,0.0,0.0,0.0,0.0,0.0,0.092278,0.012895
2023-05-01,0.086083,0.092681,0.092636,0.0,0.0,0.012605,0.0,0.0,0.052121,0.026837,0.0,0.03412,0.0,0.0,0.0,0.0,0.079948,0.012833,0.040222,0.092052,0.0,0.0,0.040472,0.0,0.02774,0.027975,0.0,0.0,0.028364,0.0,0.0,0.092062,0.0,0.0,0.060474,0.0,0.0,0.0,0.0,0.0,0.0,0.087809,0.012967
2023-05-02,0.085008,0.091821,0.092084,0.0,0.0,0.012404,0.0,0.0,0.052067,0.02696,0.0,0.033569,0.0,0.0,0.0,0.0,0.079303,0.012836,0.039928,0.092163,0.0,0.0,0.040459,0.0,0.027547,0.027842,0.0,0.0,0.028047,0.0,0.0,0.094064,0.0,0.0,0.059806,0.0,0.0,0.0,0.0,0.0,0.0,0.091085,0.013006
2023-05-03,0.085661,0.09212,0.092644,0.0,0.0,0.012381,0.0,0.0,0.05213,0.026819,0.0,0.03344,0.0,0.0,0.0,0.0,0.079006,0.012895,0.03949,0.093004,0.0,0.0,0.040133,0.0,0.027317,0.027525,0.0,0.0,0.02814,0.0,0.0,0.094868,0.0,0.0,0.059749,0.0,0.0,0.0,0.0,0.0,0.0,0.089669,0.013008
2023-05-04,0.084828,0.091835,0.093003,0.0,0.0,0.012616,0.0,0.0,0.052402,0.027087,0.0,0.032968,0.0,0.0,0.0,0.0,0.078301,0.012778,0.039313,0.09164,0.0,0.0,0.040113,0.0,0.02724,0.027425,0.0,0.0,0.028264,0.0,0.0,0.095726,0.0,0.0,0.059607,0.0,0.0,0.0,0.0,0.0,0.0,0.091822,0.013034
2023-05-05,0.084902,0.091915,0.092941,0.0,0.0,0.012577,0.0,0.0,0.052452,0.027164,0.0,0.032916,0.0,0.0,0.0,0.0,0.078376,0.012814,0.039419,0.091588,0.0,0.0,0.039921,0.0,0.027535,0.027644,0.0,0.0,0.028295,0.0,0.0,0.092916,0.0,0.0,0.060793,0.0,0.0,0.0,0.0,0.0,0.0,0.092977,0.012854
2023-05-08,0.085469,0.092544,0.093357,0.0,0.0,0.01269,0.0,0.0,0.052648,0.027328,0.0,0.033471,0.0,0.0,0.0,0.0,0.078614,0.01289,0.039552,0.092737,0.0,0.0,0.040068,0.0,0.027704,0.027946,0.0,0.0,0.028507,0.0,0.0,0.093651,0.0,0.0,0.061795,0.0,0.0,0.0,0.0,0.0,0.0,0.086084,0.012944
2023-05-09,0.085552,0.091824,0.094372,0.0,0.0,0.012491,0.0,0.0,0.052509,0.027077,0.0,0.033263,0.0,0.0,0.0,0.0,0.078796,0.012835,0.039197,0.092794,0.0,0.0,0.039947,0.0,0.027494,0.027473,0.0,0.0,0.028464,0.0,0.0,0.094323,0.0,0.0,0.061464,0.0,0.0,0.0,0.0,0.0,0.0,0.087181,0.012944
2023-05-10,0.085697,0.091851,0.094048,0.0,0.0,0.012463,0.0,0.0,0.052485,0.027155,0.0,0.033611,0.0,0.0,0.0,0.0,0.078634,0.012815,0.039284,0.092989,0.0,0.0,0.039947,0.0,0.027873,0.027797,0.0,0.0,0.028836,0.0,0.0,0.094336,0.0,0.0,0.059894,0.0,0.0,0.0,0.0,0.0,0.0,0.087318,0.012968
2023-05-11,0.086226,0.092288,0.095171,0.0,0.0,0.012674,0.0,0.0,0.0523,0.026953,0.0,0.034255,0.0,0.0,0.0,0.0,0.078866,0.012837,0.039253,0.093944,0.0,0.0,0.040431,0.0,0.028,0.027865,0.0,0.0,0.028995,0.0,0.0,0.094375,0.0,0.0,0.057121,0.0,0.0,0.0,0.0,0.0,0.0,0.085358,0.013088
2023-05-12,0.086361,0.092263,0.095866,0.0,0.0,0.012384,0.0,0.0,0.052187,0.026664,0.0,0.034368,0.0,0.0,0.0,0.0,0.079116,0.012863,0.039419,0.093618,0.0,0.0,0.040688,0.0,0.028031,0.027908,0.0,0.0,0.028929,0.0,0.0,0.094445,0.0,0.0,0.057415,0.0,0.0,0.0,0.0,0.0,0.0,0.084354,0.013119
2023-05-15,0.085706,0.091951,0.095397,0.0,0.0,0.012743,0.0,0.0,0.052243,0.026798,0.0,0.034156,0.0,0.0,0.0,0.0,0.078642,0.012769,0.039323,0.093083,0.0,0.0,0.040149,0.0,0.027958,0.028355,0.0,0.0,0.029034,0.0,0.0,0.093624,0.0,0.0,0.058539,0.0,0.0,0.0,0.0,0.0,0.0,0.086552,0.01298
2023-05-16,0.086174,0.091726,0.09598,0.0,0.0,0.012718,0.0,0.0,0.052883,0.026733,0.0,0.034393,0.0,0.0,0.0,0.0,0.078206,0.012705,0.038987,0.093726,0.0,0.0,0.040132,0.0,0.028214,0.028532,0.0,0.0,0.029178,0.0,0.0,0.093203,0.0,0.0,0.057764,0.0,0.0,0.0,0.0,0.0,0.0,0.085659,0.013087
2023-05-17,0.085411,0.091308,0.095775,0.0,0.0,0.012516,0.0,0.0,0.053701,0.027003,0.0,0.034503,0.0,0.0,0.0,0.0,0.078848,0.012877,0.038896,0.093875,0.0,0.0,0.039756,0.0,0.028337,0.028978,0.0,0.0,0.029202,0.0,0.0,0.092058,0.0,0.0,0.057558,0.0,0.0,0.0,0.0,0.0,0.0,0.086427,0.012972
2023-05-18,0.086065,0.091019,0.095671,0.0,0.0,0.012278,0.0,0.0,0.05405,0.027178,0.0,0.03508,0.0,0.0,0.0,0.0,0.07932,0.012955,0.039077,0.094881,0.0,0.0,0.039514,0.0,0.028881,0.029856,0.0,0.0,0.029762,0.0,0.0,0.09075,0.0,0.0,0.056509,0.0,0.0,0.0,0.0,0.0,0.0,0.084195,0.012959
2023-05-19,0.086346,0.0916,0.095736,0.0,0.0,0.012224,0.0,0.0,0.054188,0.027529,0.0,0.034858,0.0,0.0,0.0,0.0,0.079054,0.012878,0.039139,0.093057,0.0,0.0,0.039502,0.0,0.02884,0.029674,0.0,0.0,0.029902,0.0,0.0,0.09156,0.0,0.0,0.05647,0.0,0.0,0.0,0.0,0.0,0.0,0.084495,0.012948
2023-05-22,0.086573,0.091566,0.096246,0.0,0.0,0.012406,0.0,0.0,0.054046,0.028024,0.0,0.035208,0.0,0.0,0.0,0.0,0.079109,0.012885,0.03897,0.091724,0.0,0.0,0.038938,0.0,0.028921,0.029803,0.0,0.0,0.030222,0.0,0.0,0.091428,0.0,0.0,0.056398,0.0,0.0,0.0,0.0,0.0,0.0,0.084571,0.012962
2023-05-23,0.087053,0.091178,0.095864,0.0,0.0,0.012193,0.0,0.0,0.054027,0.027979,0.0,0.035137,0.0,0.0,0.0,0.0,0.078981,0.012947,0.038772,0.090828,0.0,0.0,0.039059,0.0,0.028795,0.029745,0.0,0.0,0.029835,0.0,0.0,0.092503,0.0,0.0,0.055497,0.0,0.0,0.0,0.0,0.0,0.0,0.086508,0.0131
2023-05-24,0.086685,0.090885,0.096046,0.0,0.0,0.012122,0.0,0.0,0.054418,0.028332,0.0,0.035418,0.0,0.0,0.0,0.0,0.078949,0.012879,0.038813,0.092064,0.0,0.0,0.039297,0.0,0.028945,0.029582,0.0,0.0,0.03012,0.0,0.0,0.092917,0.0,0.0,0.054839,0.0,0.0,0.0,0.0,0.0,0.0,0.084425,0.013263
2023-05-25,0.086331,0.090209,0.096126,0.0,0.0,0.011821,0.0,0.0,0.055366,0.02806,0.0,0.035247,0.0,0.0,0.0,0.0,0.078826,0.012983,0.038488,0.091979,0.0,0.0,0.03881,0.0,0.02991,0.0314,0.0,0.0,0.03088,0.0,0.0,0.091578,0.0,0.0,0.054263,0.0,0.0,0.0,0.0,0.0,0.0,0.084516,0.013206
2023-05-26,0.086377,0.090101,0.095282,0.0,0.0,0.011889,0.0,0.0,0.056002,0.02819,0.0,0.03553,0.0,0.0,0.0,0.0,0.078457,0.012857,0.038214,0.090979,0.0,0.0,0.038473,0.0,0.030388,0.033048,0.0,0.0,0.031029,0.0,0.0,0.090834,0.0,0.0,0.054714,0.0,0.0,0.0,0.0,0.0,0.0,0.084592,0.013046
2023-05-29,0.086377,0.090101,0.095281,0.0,0.0,0.011889,0.0,0.0,0.056002,0.02819,0.0,0.03553,0.0,0.0,0.0,0.0,0.078456,0.012857,0.038214,0.090979,0.0,0.0,0.038473,0.0,0.030388,0.033048,0.0,0.0,0.031029,0.0,0.0,0.090834,0.0,0.0,0.054714,0.0,0.0,0.0,0.0,0.0,0.0,0.084592,0.013048
2023-05-30,0.08631,0.089005,0.094496,0.0,0.0,0.011535,0.0,0.0,0.055914,0.028291,0.0,0.035524,0.0,0.0,0.0,0.0,0.078197,0.012855,0.037941,0.090964,0.0,0.0,0.037965,0.0,0.030496,0.032962,0.0,0.0,0.031414,0.0,0.0,0.091233,0.0,0.0,0.053712,0.0,0.0,0.0,0.0,0.0,0.0,0.08816,0.013025
2023-05-31,0.083371,0.087104,0.08713,0.0,0.0,0.020868,0.0,0.0,0.035448,0.0,0.0,0.08718,0.0,0.0,0.0,0.0,0.0,0.0,0.026915,0.087113,0.0,0.0,0.086944,0.0,0.026412,0.0,0.02447,0.0,0.026394,0.0,0.0,0.050331,0.035794,0.058748,0.087182,0.0,0.0,0.0,0.0,0.0,0.013039,0.055287,0.020269
2023-06-01,0.083308,0.086978,0.088149,0.0,0.0,0.021119,0.0,0.0,0.03531,0.0,0.0,0.0872,0.0,0.0,0.0,0.0,0.0,0.0,0.026917,0.087172,0.0,0.0,0.085735,0.0,0.026332,0.0,0.024154,0.0,0.026564,0.0,0.0,0.050064,0.035881,0.058829,0.089025,0.0,0.0,0.0,0.0,0.0,0.012954,0.054304,0.020005
2023-06-02,0.083443,0.086689,0.0885,0.0,0.0,0.021357,0.0,0.0,0.035177,0.0,0.0,0.086005,0.0,0.0,0.0,0.0,0.0,0.0,0.027404,0.089098,0.0,0.0,0.085616,0.0,0.026086,0.0,0.023947,0.0,0.026543,0.0,0.0,0.048588,0.034926,0.058284,0.091441,0.0,0.0,0.0,0.0,0.0,0.012741,0.054453,0.019702
2023-06-05,0.0841,0.08659,0.088718,0.0,0.0,0.021386,0.0,0.0,0.035276,0.0,0.0,0.086743,0.0,0.0,0.0,0.0,0.0,0.0,0.027548,0.089076,0.0,0.0,0.085817,0.0,0.026093,0.0,0.024252,0.0,0.026911,0.0,0.0,0.049176,0.035055,0.058551,0.090711,0.0,0.0,0.0,0.0,0.0,0.01286,0.051306,0.019831
2023-06-06,0.083151,0.085976,0.089549,0.0,0.0,0.021473,0.0,0.0,0.035081,0.0,0.0,0.086158,0.0,0.0,0.0,0.0,0.0,0.0,0.027424,0.090878,0.0,0.0,0.084461,0.0,0.025805,0.0,0.024042,0.0,0.026845,0.0,0.0,0.048698,0.034692,0.058391,0.091145,0.0,0.0,0.0,0.0,0.0,0.012743,0.05387,0.019618
2023-06-07,0.083848,0.086337,0.088001,0.0,0.0,0.021401,0.0,0.0,0.035421,0.0,0.0,0.085931,0.0,0.0,0.0,0.0,0.0,0.0,0.02799,0.091894,0.0,0.0,0.08491,0.0,0.025638,0.0,0.023514,0.0,0.026435,0.0,0.0,0.048528,0.034766,0.058531,0.091243,0.0,0.0,0.0,0.0,0.0,0.012778,0.053048,0.019787
2023-06-08,0.083266,0.086637,0.088038,0.0,0.0,0.021479,0.0,0.0,0.035181,0.0,0.0,0.085675,0.0,0.0,0.0,0.0,0.0,0.0,0.027664,0.090856,0.0,0.0,0.084807,0.0,0.025708,0.0,0.023636,0.0,0.026419,0.0,0.0,0.048774,0.035753,0.059033,0.0919,0.0,0.0,0.0,0.0,0.0,0.012747,0.0528,0.019628
2023-06-09,0.083473,0.086112,0.089033,0.0,0.0,0.021449,0.0,0.0,0.035349,0.0,0.0,0.085695,0.0,0.0,0.0,0.0,0.0,0.0,0.027433,0.090883,0.0,0.0,0.084661,0.0,0.025833,0.0,0.023849,0.0,0.026538,0.0,0.0,0.048639,0.035702,0.058889,0.091698,0.0,0.0,0.0,0.0,0.0,0.012731,0.052405,0.019629
2023-06-12,0.083402,0.086175,0.089264,0.0,0.0,0.021371,0.0,0.0,0.035538,0.0,0.0,0.086396,0.0,0.0,0.0,0.0,0.0,0.0,0.027458,0.091851,0.0,0.0,0.084329,0.0,0.026299,0.0,0.024326,0.0,0.02688,0.0,0.0,0.048419,0.035268,0.058813,0.090805,0.0,0.0,0.0,0.0,0.0,0.012755,0.051084,0.019566
2023-06-13,0.083767,0.086145,0.089818,0.0,0.0,0.021492,0.0,0.0,0.035773,0.0,0.0,0.085981,0.0,0.0,0.0,0.0,0.0,0.0,0.027868,0.091715,0.0,0.0,0.083993,0.0,0.026245,0.0,0.024291,0.0,0.027117,0.0,0.0,0.047675,0.034445,0.058504,0.092387,0.0,0.0,0.0,0.0,0.0,0.012633,0.050742,0.019408
2023-06-14,0.08391,0.086111,0.089875,0.0,0.0,0.021742,0.0,0.0,0.03556,0.0,0.0,0.085791,0.0,0.0,0.0,0.0,0.0,0.0,0.027643,0.089994,0.0,0.0,0.084178,0.0,0.026412,0.0,0.024344,0.0,0.027122,0.0,0.0,0.047515,0.034674,0.058358,0.094283,0.0,0.0,0.0,0.0,0.0,0.01261,0.050544,0.019334
2023-06-15,0.083505,0.086499,0.088943,0.0,0.0,0.021975,0.0,0.0,0.035523,0.0,0.0,0.08637,0.0,0.0,0.0,0.0,0.0,0.0,0.027628,0.090976,0.0,0.0,0.084258,0.0,0.026512,0.0,0.024616,0.0,0.027152,0.0,0.0,0.04742,0.034316,0.058837,0.094483,0.0,0.0,0.0,0.0,0.0,0.012561,0.04926,0.019164
2023-06-16,0.083766,0.086403,0.088063,0.0,0.0,0.021908,0.0,0.0,0.035092,0.0,0.0,0.085629,0.0,0.0,0.0,0.0,0.0,0.0,0.027687,0.090857,0.0,0.0,0.084333,0.0,0.026285,0.0,0.02446,0.0,0.027025,0.0,0.0,0.047332,0.03468,0.059604,0.094096,0.0,0.0,0.0,0.0,0.0,0.012507,0.051112,0.01916
2023-06-19,0.083329,0.086444,0.088105,0.0,0.0,0.021918,0.0,0.0,0.035109,0.0,0.0,0.085669,0.0,0.0,0.0,0.0,0.0,0.0,0.0277,0.0909,0.0,0.0,0.084373,0.0,0.026298,0.0,0.024472,0.0,0.027038,0.0,0.0,0.047354,0.034696,0.059632,0.094141,0.0,0.0,0.0,0.0,0.0,0.012513,0.051136,0.019174
2023-06-20,0.083323,0.085807,0.08749,0.0,0.0,0.021171,0.0,0.0,0.034906,0.0,0.0,0.08584,0.0,0.0,0.0,0.0,0.0,0.0,0.027514,0.092445,0.0,0.0,0.084309,0.0,0.0263,0.0,0.02441,0.0,0.026939,0.0,0.0,0.047187,0.033487,0.059798,0.092155,0.0,0.0,0.0,0.0,0.0,0.012605,0.055007,0.019306
2023-06-21,0.082968,0.085305,0.088184,0.0,0.0,0.020908,0.0,0.0,0.034776,0.0,0.0,0.084654,0.0,0.0,0.0,0.0,0.0,0.0,0.027495,0.092626,0.0,0.0,0.084276,0.0,0.02581,0.0,0.023865,0.0,0.026522,0.0,0.0,0.046935,0.032697,0.06019,0.092224,0.0,0.0,0.0,0.0,0.0,0.012622,0.058713,0.019232
2023-06-22,0.082925,0.085151,0.087642,0.0,0.0,0.020869,0.0,0.0,0.034814,0.0,0.0,0.0855,0.0,0.0,0.0,0.0,0.0,0.0,0.027489,0.092619,0.0,0.0,0.084947,0.0,0.026076,0.0,0.024047,0.0,0.026358,0.0,0.0,0.046568,0.032279,0.059827,0.091966,0.0,0.0,0.0,0.0,0.0,0.0126,0.059047,0.019277
2023-06-23,0.083022,0.084828,0.086203,0.0,0.0,0.020603,0.0,0.0,0.034624,0.0,0.0,0.086035,0.0,0.0,0.0,0.0,0.0,0.0,0.027497,0.093847,0.0,0.0,0.0851,0.0,0.026011,0.0,0.024049,0.0,0.025877,0.0,0.0,0.047092,0.032631,0.059179,0.090187,0.0,0.0,0.0,0.0,0.0,0.012722,0.061054,0.019441
2023-06-26,0.083074,0.084953,0.086216,0.0,0.0,0.02069,0.0,0.0,0.034732,0.0,0.0,0.085188,0.0,0.0,0.0,0.0,0.0,0.0,0.027787,0.093907,0.0,0.0,0.085228,0.0,0.025828,0.0,0.023847,0.0,0.025714,0.0,0.0,0.04718,0.033143,0.059133,0.091647,0.0,0.0,0.0,0.0,0.0,0.012764,0.05952,0.019449
2023-06-27,0.082601,0.085066,0.085788,0.0,0.0,0.020963,0.0,0.0,0.034502,0.0,0.0,0.085871,0.0,0.0,0.0,0.0,0.0,0.0,0.027935,0.096043,0.0,0.0,0.084738,0.0,0.026108,0.0,0.024097,0.0,0.025876,0.0,0.0,0.046555,0.032981,0.058018,0.091089,0.0,0.0,0.0,0.0,0.0,0.012653,0.059836,0.01928
2023-06-28,0.083303,0.085234,0.086986,0.0,0.0,0.020855,0.0,0.0,0.034402,0.0,0.0,0.086499,0.0,0.0,0.0,0.0,0.0,0.0,0.027822,0.096074,0.0,0.0,0.084402,0.0,0.026196,0.0,0.024289,0.0,0.02616,0.0,0.0,0.046578,0.032852,0.057525,0.089905,0.0,0.0,0.0,0.0,0.0,0.012697,0.058888,0.019334
2023-06-29,0.083458,0.085165,0.086607,0.0,0.0,0.020553,0.0,0.0,0.034213,0.0,0.0,0.086089,0.0,0.0,0.0,0.0,0.0,0.0,0.02819,0.096194,0.0,0.0,0.084378,0.0,0.02626,0.0,0.024301,0.0,0.026125,0.0,0.0,0.046559,0.032685,0.057235,0.090026,0.0,0.0,0.0,0.0,0.0,0.012638,0.059974,0.019348
2023-06-30,0.100295,0.10016,0.05746,0.0,0.0,0.0,0.0,0.0,0.060758,0.039062,0.0,0.099967,0.0,0.0,0.0,0.0,0.0,0.0,0.0,0.100264,0.0,0.0,0.0,0.0,0.02464,0.024527,0.024851,0.0,0.024893,0.0,0.0,0.089148,0.010741,0.100275,0.0,0.0,0.0,0.0,0.039349,0.0,0.0,0.100284,0.003329
2023-07-03,0.099937,0.099334,0.057328,0.0,0.0,0.0,0.0,0.0,0.06114,0.039718,0.0,0.099768,0.0,0.0,0.0,0.0,0.0,0.0,0.0,0.099191,0.0,0.0,0.0,0.0,0.024456,0.024613,0.024588,0.0,0.024872,0.0,0.0,0.08877,0.010745,0.100875,0.0,0.0,0.0,0.0,0.039077,0.0,0.0,0.102279,0.003311
2023-07-04,0.099969,0.09933,0.057326,0.0,0.0,0.0,0.0,0.0,0.061137,0.039716,0.0,0.099765,0.0,0.0,0.0,0.0,0.0,0.0,0.0,0.099187,0.0,0.0,0.0,0.0,0.024455,0.024612,0.024587,0.0,0.024871,0.0,0.0,0.088767,0.010744,0.100871,0.0,0.0,0.0,0.0,0.039076,0.0,0.0,0.102275,0.003311
2023-07-05,0.100445,0.098786,0.057289,0.0,0.0,0.0,0.0,0.0,0.060956,0.039568,0.0,0.101296,0.0,0.0,0.0,0.0,0.0,0.0,0.0,0.098838,0.0,0.0,0.0,0.0,0.02449,0.024252,0.02477,0.0,0.024766,0.0,0.0,0.089129,0.010929,0.101307,0.0,0.0,0.0,0.0,0.039252,0.0,0.0,0.100591,0.003336
2023-07-06,0.099969,0.09825,0.057246,0.0,0.0,0.0,0.0,0.0,0.060294,0.039284,0.0,0.101759,0.0,0.0,0.0,0.0,0.0,0.0,0.0,0.097367,0.0,0.0,0.0,0.0,0.024732,0.024247,0.024819,0.0,0.024567,0.0,0.0,0.089981,0.010869,0.102485,0.0,0.0,0.0,0.0,0.039457,0.0,0.0,0.101295,0.003379
2023-07-07,0.100451,0.098594,0.057891,0.0,0.0,0.0,0.0,0.0,0.060452,0.039371,0.0,0.101095,0.0,0.0,0.0,0.0,0.0,0.0,0.0,0.097287,0.0,0.0,0.0,0.0,0.024549,0.024184,0.024693,0.0,0.024721,0.0,0.0,0.090383,0.011018,0.101887,0.0,0.0,0.0,0.0,0.039376,0.0,0.0,0.100679,0.003369
2023-07-10,0.099612,0.098511,0.057413,0.0,0.0,0.0,0.0,0.0,0.060028,0.039153,0.0,0.100145,0.0,0.0,0.0,0.0,0.0,0.0,0.0,0.099325,0.0,0.0,0.0,0.0,0.024447,0.02452,0.02495,0.0,0.024866,0.0,0.0,0.089838,0.010974,0.101289,0.0,0.0,0.0,0.0,0.039304,0.0,0.0,0.102279,0.003347
2023-07-11,0.09939,0.098863,0.057255,0.0,0.0,0.0,0.0,0.0,0.060477,0.03957,0.0,0.101164,0.0,0.0,0.0,0.0,0.0,0.0,0.0,0.099403,0.0,0.0,0.0,0.0,0.024325,0.024346,0.025137,0.0,0.024966,0.0,0.0,0.089533,0.010875,0.101566,0.0,0.0,0.0,0.0,0.039234,0.0,0.0,0.100571,0.003324
2023-07-12,0.099843,0.100012,0.05697,0.0,0.0,0.0,0.0,0.0,0.061239,0.040164,0.0,0.101177,0.0,0.0,0.0,0.0,0.0,0.0,0.0,0.100828,0.0,0.0,0.0,0.0,0.024309,0.024506,0.024975,0.0,0.024978,0.0,0.0,0.08967,0.011228,0.099518,0.0,0.0,0.0,0.0,0.039071,0.0,0.0,0.098227,0.003285
2023-07-13,0.098998,0.100097,0.056976,0.0,0.0,0.0,0.0,0.0,0.061223,0.040098,0.0,0.101162,0.0,0.0,0.0,0.0,0.0,0.0,0.0,0.100154,0.0,0.0,0.0,0.0,0.024267,0.024647,0.025017,0.0,0.025134,0.0,0.0,0.088424,0.011379,0.098711,0.0,0.0,0.0,0.0,0.03873,0.0,0.0,0.101749,0.003236
2023-07-14,0.100046,0.100221,0.056629,0.0,0.0,0.0,0.0,0.0,0.061502,0.040465,0.0,0.100808,0.0,0.0,0.0,0.0,0.0,0.0,0.0,0.101982,0.0,0.0,0.0,0.0,0.024376,0.024485,0.025184,0.0,0.024896,0.0,0.0,0.088671,0.011487,0.10042,0.0,0.0,0.0,0.0,0.03868,0.0,0.0,0.096893,0.003257
2023-07-17,0.099918,0.100125,0.056682,0.0,0.0,0.0,0.0,0.0,0.061872,0.040701,0.0,0.100495,0.0,0.0,0.0,0.0,0.0,0.0,0.0,0.101685,0.0,0.0,0.0,0.0,0.024699,0.025082,0.025512,0.0,0.025221,0.0,0.0,0.088776,0.011457,0.099769,0.0,0.0,0.0,0.0,0.03877,0.0,0.0,0.095977,0.003259
2023-07-18,0.099849,0.100153,0.057144,0.0,0.0,0.0,0.0,0.0,0.061503,0.040355,0.0,0.100624,0.0,0.0,0.0,0.0,0.0,0.0,0.0,0.101418,0.0,0.0,0.0,0.0,0.024841,0.024989,0.025607,0.0,0.025376,0.0,0.0,0.089294,0.011494,0.100603,0.0,0.0,0.0,0.0,0.038662,0.0,0.0,0.094846,0.003242
2023-07-19,0.100268,0.099979,0.057062,0.0,0.0,0.0,0.0,0.0,0.060477,0.04016,0.0,0.100747,0.0,0.0,0.0,0.0,0.0,0.0,0.0,0.101222,0.0,0.0,0.0,0.0,0.024739,0.024653,0.025597,0.0,0.025176,0.0,0.0,0.089167,0.01153,0.101645,0.0,0.0,0.0,0.0,0.038631,0.0,0.0,0.09571,0.003237
2023-07-20,0.10106,0.100805,0.056986,0.0,0.0,0.0,0.0,0.0,0.060396,0.039967,0.0,0.099943,0.0,0.0,0.0,0.0,0.0,0.0,0.0,0.099737,0.0,0.0,0.0,0.0,0.024539,0.024044,0.025273,0.0,0.024791,0.0,0.0,0.089789,0.011458,0.103108,0.0,0.0,0.0,0.0,0.038928,0.0,0.0,0.095901,0.003276
2023-07-21,0.101022,0.101199,0.056947,0.0,0.0,0.0,0.0,0.0,0.060295,0.040002,0.0,0.09899,0.0,0.0,0.0,0.0,0.0,0.0,0.0,0.100137,0.0,0.0,0.0,0.0,0.024537,0.024272,0.025349,0.0,0.02464,0.0,0.0,0.089552,0.011407,0.102965,0.0,0.0,0.0,0.0,0.039043,0.0,0.0,0.096365,0.003278
2023-07-24,0.101074,0.100671,0.057019,0.0,0.0,0.0,0.0,0.0,0.061059,0.040765,0.0,0.099154,0.0,0.0,0.0,0.0,0.0,0.0,0.0,0.100731,0.0,0.0,0.0,0.0,0.024575,0.024266,0.025266,0.0,0.024448,0.0,0.0,0.089153,0.011284,0.104537,0.0,0.0,0.0,0.0,0.038969,0.0,0.0,0.093751,0.003278
2023-07-25,0.100772,0.10034,0.056796,0.0,0.0,0.0,0.0,0.0,0.061235,0.040915,0.0,0.098955,0.0,0.0,0.0,0.0,0.0,0.0,0.0,0.101609,0.0,0.0,0.0,0.0,0.024728,0.024547,0.025326,0.0,0.024609,0.0,0.0,0.089185,0.011371,0.104042,0.0,0.0,0.0,0.0,0.038741,0.0,0.0,0.093566,0.003261
2023-07-26,0.100437,0.100325,0.056906,0.0,0.0,0.0,0.0,0.0,0.06111,0.040609,0.0,0.100296,0.0,0.0,0.0,0.0,0.0,0.0,0.0,0.101492,0.0,0.0,0.0,0.0,0.024346,0.024158,0.02503,0.0,0.024719,0.0,0.0,0.089436,0.011493,0.103597,0.0,0.0,0.0,0.0,0.038816,0.0,0.0,0.093974,0.003255
2023-07-27,0.101688,0.10025,0.057662,0.0,0.0,0.0,0.0,0.0,0.06084,0.040086,0.0,0.101654,0.0,0.0,0.0,0.0,0.0,0.0,0.0,0.101057,0.0,0.0,0.0,0.0,0.024399,0.024739,0.024963,0.0,0.024608,0.0,0.0,0.088483,0.011149,0.103195,0.0,0.0,0.0,0.0,0.038705,0.0,0.0,0.09325,0.003272
2023-07-28,0.100754,0.100238,0.05749,0.0,0.0,0.0,0.0,0.0,0.061283,0.040441,0.0,0.102764,0.0,0.0,0.0,0.0,0.0,0.0,0.0,0.101476,0.0,0.0,0.0,0.0,0.024518,0.025061,0.025108,0.0,0.02448,0.0,0.0,0.08842,0.011158,0.10175,0.0,0.0,0.0,0.0,0.038592,0.0,0.0,0.093223,0.003244
2023-07-31,0.110516,0.018465,0.044895,0.0,0.0,0.0,0.110831,0.0,0.0,0.0,0.110676,0.110657,0.0,0.0,0.0,0.0,0.048709,0.062062,0.0,0.110919,0.0,0.0,0.0,0.0,0.027612,0.027601,0.027484,0.0,0.027548,0.0,0.0,0.0,0.0,0.048543,0.0,0.0,0.0,0.0,0.0,0.0,0.0,0.110952,0.00253
2023-08-01,0.110335,0.018349,0.044577,0.0,0.0,0.0,0.109228,0.0,0.0,0.0,0.109948,0.111045,0.0,0.0,0.0,0.0,0.04909,0.061476,0.0,0.112132,0.0,0.0,0.0,0.0,0.027792,0.027752,0.02763,0.0,0.027291,0.0,0.0,0.0,0.0,0.048844,0.0,0.0,0.0,0.0,0.0,0.0,0.0,0.111967,0.002543
2023-08-02,0.110526,0.018277,0.044373,0.0,0.0,0.0,0.109978,0.0,0.0,0.0,0.109543,0.11054,0.0,0.0,0.0,0.0,0.049281,0.061823,0.0,0.112498,0.0,0.0,0.0,0.0,0.027497,0.027077,0.027142,0.0,0.026704,0.0,0.0,0.0,0.0,0.049168,0.0,0.0,0.0,0.0,0.0,0.0,0.0,0.112992,0.00258
2023-08-03,0.110706,0.018336,0.044421,0.0,0.0,0.0,0.108355,0.0,0.0,0.0,0.110461,0.110922,0.0,0.0,0.0,0.0,0.049264,0.061765,0.0,0.111262,0.0,0.0,0.0,0.0,0.027549,0.02717,0.027127,0.0,0.026719,0.0,0.0,0.0,0.0,0.049077,0.0,0.0,0.0,0.0,0.0,0.0,0.0,0.114271,0.002596
2023-08-04,0.111345,0.018354,0.044813,0.0,0.0,0.0,0.107496,0.0,0.0,0.0,0.111977,0.110585,0.0,0.0,0.0,0.0,0.048925,0.061367,0.0,0.11276,0.0,0.0,0.0,0.0,0.027153,0.027105,0.026802,0.0,0.026668,0.0,0.0,0.0,0.0,0.049083,0.0,0.0,0.0,0.0,0.0,0.0,0.0,0.112974,0.002594
2023-08-07,0.110029,0.018419,0.044918,0.0,0.0,0.0,0.106717,0.0,0.0,0.0,0.112446,0.111624,0.0,0.0,0.0,0.0,0.049229,0.061341,0.0,0.113367,0.0,0.0,0.0,0.0,0.027065,0.027225,0.026811,0.0,0.026585,0.0,0.0,0.0,0.0,0.048675,0.0,0.0,0.0,0.0,0.0,0.0,0.0,0.112969,0.002579
2023-08-08,0.10951,0.018359,0.044615,0.0,0.0,0.0,0.106507,0.0,0.0,0.0,0.111785,0.111547,0.0,0.0,0.0,0.0,0.049107,0.061302,0.0,0.113402,0.0,0.0,0.0,0.0,0.026913,0.026848,0.026429,0.0,0.026168,0.0,0.0,0.0,0.0,0.048416,0.0,0.0,0.0,0.0,0.0,0.0,0.0,0.116507,0.002585
2023-08-09,0.110719,0.018573,0.04464,0.0,0.0,0.0,0.106663,0.0,0.0,0.0,0.111494,0.111383,0.0,0.0,0.0,0.0,0.04954,0.06123,0.0,0.113577,0.0,0.0,0.0,0.0,0.026815,0.026603,0.02637,0.0,0.025829,0.0,0.0,0.0,0.0,0.048778,0.0,0.0,0.0,0.0,0.0,0.0,0.0,0.115176,0.002609
2023-08-10,0.1115,0.018619,0.044765,0.0,0.0,0.0,0.107014,0.0,0.0,0.0,0.111602,0.111603,0.0,0.0,0.0,0.0,0.049333,0.06136,0.0,0.112179,0.0,0.0,0.0,0.0,0.026779,0.026458,0.026502,0.0,0.02584,0.0,0.0,0.0,0.0,0.048754,0.0,0.0,0.0,0.0,0.0,0.0,0.0,0.115086,0.002606
2023-08-11,0.110658,0.018553,0.044917,0.0,0.0,0.0,0.106809,0.0,0.0,0.0,0.111782,0.111633,0.0,0.0,0.0,0.0,0.049664,0.061181,0.0,0.112641,0.0,0.0,0.0,0.0,0.026716,0.025946,0.026595,0.0,0.025697,0.0,0.0,0.0,0.0,0.048999,0.0,0.0,0.0,0.0,0.0,0.0,0.0,0.11559,0.002619
2023-08-14,0.110883,0.018498,0.044468,0.0,0.0,0.0,0.104568,0.0,0.0,0.0,0.112008,0.112331,0.0,0.0,0.0,0.0,0.04963,0.061319,0.0,0.113349,0.0,0.0,0.0,0.0,0.027113,0.026667,0.026913,0.0,0.025963,0.0,0.0,0.0,0.0,0.048583,0.0,0.0,0.0,0.0,0.0,0.0,0.0,0.11509,0.002617
2023-08-15,0.111108,0.01841,0.044355,0.0,0.0,0.0,0.104338,0.0,0.0,0.0,0.11139,0.112249,0.0,0.0,0.0,0.0,0.0494,0.0608,0.0,0.115088,0.0,0.0,0.0,0.0,0.027067,0.026437,0.026902,0.0,0.025881,0.0,0.0,0.0,0.0,0.04859,0.0,0.0,0.0,0.0,0.0,0.0,0.0,0.115347,0.002639
2023-08-16,0.111653,0.018461,0.04419,0.0,0.0,0.0,0.10492,0.0,0.0,0.0,0.110986,0.111893,0.0,0.0,0.0,0.0,0.04956,0.060783,0.0,0.113812,0.0,0.0,0.0,0.0,0.027047,0.026156,0.026906,0.0,0.025634,0.0,0.0,0.0,0.0,0.049277,0.0,0.0,0.0,0.0,0.0,0.0,0.0,0.116061,0.002663
2023-08-17,0.112574,0.018626,0.044784,0.0,0.0,0.0,0.106079,0.0,0.0,0.0,0.111039,0.112569,0.0,0.0,0.0,0.0,0.050014,0.061365,0.0,0.110859,0.0,0.0,0.0,0.0,0.027265,0.026359,0.026967,0.0,0.025653,0.0,0.0,0.0,0.0,0.050127,0.0,0.0,0.0,0.0,0.0,0.0,0.0,0.11301,0.00271
2023-08-18,0.112445,0.018718,0.045195,0.0,0.0,0.0,0.107556,0.0,0.0,0.0,0.11152,0.112639,0.0,0.0,0.0,0.0,0.050439,0.062121,0.0,0.112171,0.0,0.0,0.0,0.0,0.027487,0.026676,0.027257,0.0,0.025864,0.0,0.0,0.0,0.0,0.050863,0.0,0.0,0.0,0.0,0.0,0.0,0.0,0.106321,0.002729
2023-08-21,0.112419,0.018784,0.045134,0.0,0.0,0.0,0.106198,0.0,0.0,0.0,0.112557,0.113206,0.0,0.0,0.0,0.0,0.050268,0.061799,0.0,0.111028,0.0,0.0,0.0,0.0,0.027951,0.027383,0.02768,0.0,0.026092,0.0,0.0,0.0,0.0,0.05061,0.0,0.0,0.0,0.0,0.0,0.0,0.0,0.106169,0.002723
2023-08-22,0.112952,0.018684,0.045279,0.0,0.0,0.0,0.108371,0.0,0.0,0.0,0.112533,0.113017,0.0,0.0,0.0,0.0,0.050066,0.061233,0.0,0.1117,0.0,0.0,0.0,0.0,0.027873,0.027096,0.027612,0.0,0.025917,0.0,0.0,0.0,0.0,0.050217,0.0,0.0,0.0,0.0,0.0,0.0,0.0,0.104731,0.002719
2023-08-23,0.11189,0.018542,0.045154,0.0,0.0,0.0,0.110215,0.0,0.0,0.0,0.111642,0.11303,0.0,0.0,0.0,0.0,0.049782,0.060878,0.0,0.111188,0.0,0.0,0.0,0.0,0.027927,0.027213,0.027622,0.0,0.026046,0.0,0.0,0.0,0.0,0.049937,0.0,0.0,0.0,0.0,0.0,0.0,0.0,0.106256,0.002676
2023-08-24,0.112856,0.018551,0.045213,0.0,0.0,0.0,0.110631,0.0,0.0,0.0,0.111053,0.112474,0.0,0.0,0.0,0.0,0.049894,0.061201,0.0,0.111149,0.0,0.0,0.0,0.0,0.027681,0.026697,0.027389,0.0,0.02596,0.0,0.0,0.0,0.0,0.051092,0.0,0.0,0.0,0.0,0.0,0.0,0.0,0.105444,0.002715
2023-08-25,0.11233,0.018678,0.045434,0.0,0.0,0.0,0.109649,0.0,0.0,0.0,0.112258,0.112558,0.0,0.0,0.0,0.0,0.050298,0.061171,0.0,0.10991,0.0,0.0,0.0,0.0,0.027954,0.026803,0.027923,0.0,0.026083,0.0,0.0,0.0,0.0,0.051218,0.0,0.0,0.0,0.0,0.0,0.0,0.0,0.105017,0.002715
2023-08-28,0.111537,0.018741,0.045647,0.0,0.0,0.0,0.110196,0.0,0.0,0.0,0.111912,0.11313,0.0,0.0,0.0,0.0,0.050351,0.060979,0.0,0.110063,0.0,0.0,0.0,0.0,0.027984,0.026951,0.027858,0.0,0.02625,0.0,0.0,0.0,0.0,0.05135,0.0,0.0,0.0,0.0,0.0,0.0,0.0,0.104354,0.002696
2023-08-29,0.11138,0.018569,0.044905,0.0,0.0,0.0,0.109188,0.0,0.0,0.0,0.112068,0.112981,0.0,0.0,0.0,0.0,0.049567,0.060383,0.0,0.110098,0.0,0.0,0.0,0.0,0.027888,0.027022,0.027745,0.0,0.026117,0.0,0.0,0.0,0.0,0.050099,0.0,0.0,0.0,0.0,0.0,0.0,0.0,0.109354,0.002634
2023-08-30,0.112175,0.018555,0.04481,0.0,0.0,0.0,0.108101,0.0,0.0,0.0,0.112515,0.112963,0.0,0.0,0.0,0.0,0.049776,0.060692,0.0,0.11162,0.0,0.0,0.0,0.0,0.028089,0.027141,0.027985,0.0,0.026325,0.0,0.0,0.0,0.0,0.050198,0.0,0.0,0.0,0.0,0.0,0.0,0.0,0.106421,0.002634
2023-08-31,0.100694,0.0,0.0,0.0,0.0,0.0,0.101177,0.088218,0.0,0.012498,0.077152,0.101147,0.0,0.0,0.0,0.01995,0.050634,0.050248,0.0,0.101161,0.0,0.0,0.041618,0.0,0.0278,0.027515,0.02838,0.0,0.014627,0.0,0.0,0.0,0.0,0.101262,0.0,0.0,0.0,0.0,0.0,0.0,0.0,0.045798,0.01012
2023-09-01,0.100414,0.0,0.0,0.0,0.0,0.0,0.102825,0.088513,0.0,0.012615,0.076468,0.099928,0.0,0.0,0.0,0.020385,0.050759,0.050237,0.0,0.102342,0.0,0.0,0.041149,0.0,0.027808,0.02751,0.028433,0.0,0.014587,0.0,0.0,0.0,0.0,0.101166,0.0,0.0,0.0,0.0,0.0,0.0,0.0,0.044769,0.010092
2023-09-04,0.100392,0.0,0.0,0.0,0.0,0.0,0.102827,0.088515,0.0,0.012615,0.07647,0.09993,0.0,0.0,0.0,0.020386,0.05076,0.050238,0.0,0.102344,0.0,0.0,0.041149,0.0,0.027809,0.027511,0.028434,0.0,0.014587,0.0,0.0,0.0,0.0,0.101168,0.0,0.0,0.0,0.0,0.0,0.0,0.0,0.04477,0.010097
2023-09-05,0.100814,0.0,0.0,0.0,0.0,0.0,0.102666,0.089391,0.0,0.012618,0.07709,0.100654,0.0,0.0,0.0,0.020422,0.050275,0.049504,0.0,0.098376,0.0,0.0,0.041098,0.0,0.028115,0.027705,0.028783,0.0,0.014613,0.0,0.0,0.0,0.0,0.102571,0.0,0.0,0.0,0.0,0.0,0.0,0.0,0.045136,0.010171
2023-09-06,0.100315,0.0,0.0,0.0,0.0,0.0,0.101733,0.089367,0.0,0.012517,0.076695,0.100721,0.0,0.0,0.0,0.020494,0.05025,0.049289,0.0,0.099768,0.0,0.0,0.041208,0.0,0.027923,0.027609,0.028934,0.0,0.014602,0.0,0.0,0.0,0.0,0.103056,0.0,0.0,0.0,0.0,0.0,0.0,0.0,0.045308,0.010211
2023-09-07,0.100328,0.0,0.0,0.0,0.0,0.0,0.099951,0.090319,0.0,0.012485,0.077065,0.100744,0.0,0.0,0.0,0.020535,0.050186,0.049165,0.0,0.100717,0.0,0.0,0.04139,0.0,0.027575,0.027032,0.028925,0.0,0.01446,0.0,0.0,0.0,0.0,0.103076,0.0,0.0,0.0,0.0,0.0,0.0,0.0,0.045813,0.010234
2023-09-08,0.100437,0.0,0.0,0.0,0.0,0.0,0.101117,0.091068,0.0,0.012468,0.076893,0.10082,0.0,0.0,0.0,0.020724,0.049824,0.049029,0.0,0.100042,0.0,0.0,0.041349,0.0,0.027571,0.026832,0.028912,0.0,0.014273,0.0,0.0,0.0,0.0,0.102611,0.0,0.0,0.0,0.0,0.0,0.0,0.0,0.045814,0.010215
2023-09-11,0.099902,0.0,0.0,0.0,0.0,0.0,0.102789,0.091241,0.0,0.012569,0.078346,0.101543,0.0,0.0,0.0,0.020159,0.04945,0.048985,0.0,0.09999,0.0,0.0,0.041381,0.0,0.027499,0.026608,0.02892,0.0,0.014211,0.0,0.0,0.0,0.0,0.102557,0.0,0.0,0.0,0.0,0.0,0.0,0.0,0.043717,0.010136
2023-09-12,0.10033,0.0,0.0,0.0,0.0,0.0,0.103649,0.090847,0.0,0.012471,0.077987,0.100936,0.0,0.0,0.0,0.020739,0.049494,0.048866,0.0,0.098273,0.0,0.0,0.041212,0.0,0.027122,0.026501,0.028214,0.0,0.014182,0.0,0.0,0.0,0.0,0.103161,0.0,0.0,0.0,0.0,0.0,0.0,0.0,0.045833,0.010182
2023-09-13,0.100179,0.0,0.0,0.0,0.0,0.0,0.10467,0.090832,0.0,0.012459,0.078505,0.101138,0.0,0.0,0.0,0.020473,0.049103,0.048699,0.0,0.097112,0.0,0.0,0.041286,0.0,0.027156,0.026603,0.028237,0.0,0.014076,0.0,0.0,0.0,0.0,0.103357,0.0,0.0,0.0,0.0,0.0,0.0,0.0,0.045946,0.010169
2023-09-14,0.099811,0.0,0.0,0.0,0.0,0.0,0.105564,0.090191,0.0,0.012494,0.078473,0.101508,0.0,0.0,0.0,0.020366,0.049084,0.048674,0.0,0.097608,0.0,0.0,0.041283,0.0,0.027076,0.026522,0.028089,0.0,0.014021,0.0,0.0,0.0,0.0,0.102773,0.0,0.0,0.0,0.0,0.0,0.0,0.0,0.046395,0.010068
2023-09-15,0.100337,0.0,0.0,0.0,0.0,0.0,0.106125,0.090802,0.0,0.012671,0.077877,0.101127,0.0,0.0,0.0,0.020213,0.049273,0.048915,0.0,0.095787,0.0,0.0,0.041338,0.0,0.026812,0.026006,0.027826,0.0,0.013953,0.0,0.0,0.0,0.0,0.104374,0.0,0.0,0.0,0.0,0.0,0.0,0.0,0.046399,0.010167
2023-09-18,0.100141,0.0,0.0,0.0,0.0,0.0,0.106206,0.090972,0.0,0.012706,0.077089,0.101277,0.0,0.0,0.0,0.020234,0.049365,0.048465,0.0,0.096261,0.0,0.0,0.041355,0.0,0.026962,0.026115,0.027836,0.0,0.014013,0.0,0.0,0.0,0.0,0.103706,0.0,0.0,0.0,0.0,0.0,0.0,0.0,0.047119,0.010177
2023-09-19,0.099725,0.0,0.0,0.0,0.0,0.0,0.105657,0.090781,0.0,0.012593,0.07683,0.10152,0.0,0.0,0.0,0.020044,0.04924,0.048524,0.0,0.096575,0.0,0.0,0.041326,0.0,0.026992,0.025938,0.027848,0.0,0.01396,0.0,0.0,0.0,0.0,0.1043,0.0,0.0,0.0,0.0,0.0,0.0,0.0,0.047952,0.010196
2023-09-20,0.100858,0.0,0.0,0.0,0.0,0.0,0.106977,0.09096,0.0,0.012562,0.076419,0.100601,0.0,0.0,0.0,0.019828,0.049274,0.048565,0.0,0.096111,0.0,0.0,0.041558,0.0,0.026692,0.02563,0.027725,0.0,0.01387,0.0,0.0,0.0,0.0,0.104503,0.0,0.0,0.0,0.0,0.0,0.0,0.0,0.047624,0.010243
2023-09-21,0.10065,0.0,0.0,0.0,0.0,0.0,0.105387,0.09185,0.0,0.01247,0.075787,0.101304,0.0,0.0,0.0,0.019981,0.049415,0.048843,0.0,0.095152,0.0,0.0,0.041825,0.0,0.026799,0.025649,0.027602,0.0,0.013786,0.0,0.0,0.0,0.0,0.10506,0.0,0.0,0.0,0.0,0.0,0.0,0.0,0.047993,0.010446
2023-09-22,0.100709,0.0,0.0,0.0,0.0,0.0,0.10545,0.092055,0.0,0.012551,0.075158,0.101338,0.0,0.0,0.0,0.019953,0.049323,0.048602,0.0,0.095445,0.0,0.0,0.041665,0.0,0.026898,0.025903,0.027693,0.0,0.013869,0.0,0.0,0.0,0.0,0.105031,0.0,0.0,0.0,0.0,0.0,0.0,0.0,0.047892,0.010465
2023-09-25,0.100019,0.0,0.0,0.0,0.0,0.0,0.104867,0.092359,0.0,0.012513,0.075615,0.101578,0.0,0.0,0.0,0.020319,0.049566,0.048843,0.0,0.095656,0.0,0.0,0.041513,0.0,0.026982,0.026091,0.027685,0.0,0.013897,0.0,0.0,0.0,0.0,0.104495,0.0,0.0,0.0,0.0,0.0,0.0,0.0,0.047537,0.010466
2023-09-26,0.100288,0.0,0.0,0.0,0.0,0.0,0.104194,0.092835,0.0,0.012265,0.075143,0.101676,0.0,0.0,0.0,0.020478,0.049405,0.048578,0.0,0.095413,0.0,0.0,0.041707,0.0,0.02682,0.02593,0.027577,0.0,0.01378,0.0,0.0,0.0,0.0,0.10538,0.0,0.0,0.0,0.0,0.0,0.0,0.0,0.047939,0.010594
2023-09-27,0.100013,0.0,0.0,0.0,0.0,0.0,0.102898,0.093375,0.0,0.012265,0.074833,0.101912,0.0,0.0,0.0,0.021078,0.049759,0.048619,0.0,0.095619,0.0,0.0,0.041352,0.0,0.026853,0.026151,0.027755,0.0,0.013942,0.0,0.0,0.0,0.0,0.105058,0.0,0.0,0.0,0.0,0.0,0.0,0.0,0.047925,0.010592
2023-09-28,0.099676,0.0,0.0,0.0,0.0,0.0,0.103253,0.091761,0.0,0.01226,0.074934,0.102035,0.0,0.0,0.0,0.020986,0.049484,0.048812,0.0,0.096268,0.0,0.0,0.041075,0.0,0.026781,0.026376,0.027696,0.0,0.013976,0.0,0.0,0.0,0.0,0.104951,0.0,0.0,0.0,0.0,0.0,0.0,0.0,0.049186,0.010491
2023-09-29,0.091092,0.0,0.0,0.0,0.0,0.0,0.091162,0.091012,0.0,0.0,0.090802,0.090896,0.0,0.0,0.009904,0.08067,0.045021,0.046006,0.0,0.091093,0.0,0.0,0.0,0.0,0.025161,0.024246,0.024849,0.015344,0.0,0.0,0.0,0.026752,0.063475,0.070392,0.0,0.0,0.0,0.0,0.0,0.0,0.0,0.016628,0.005493
2023-10-02,0.091139,0.0,0.0,0.0,0.0,0.0,0.090075,0.091701,0.0,0.0,0.091584,0.09229,0.0,0.0,0.009783,0.078589,0.044929,0.045944,0.0,0.090879,0.0,0.0,0.0,0.0,0.025629,0.024559,0.025182,0.015511,0.0,0.0,0.0,0.026678,0.061077,0.071504,0.0,0.0,0.0,0.0,0.0,0.0,0.0,0.01741,0.005538
2023-10-03,0.090921,0.0,0.0,0.0,0.0,0.0,0.088643,0.092575,0.0,0.0,0.090741,0.092458,0.0,0.0,0.009928,0.079506,0.045308,0.04622,0.0,0.089473,0.0,0.0,0.0,0.0,0.025585,0.024424,0.024931,0.015461,0.0,0.0,0.0,0.027013,0.062088,0.071906,0.0,0.0,0.0,0.0,0.0,0.0,0.0,0.017196,0.005624
2023-10-04,0.090983,0.0,0.0,0.0,0.0,0.0,0.088694,0.092238,0.0,0.0,0.092361,0.093167,0.0,0.0,0.009598,0.076208,0.04537,0.046318,0.0,0.090578,0.0,0.0,0.0,0.0,0.025857,0.024703,0.025288,0.015471,0.0,0.0,0.0,0.026961,0.06156,0.071607,0.0,0.0,0.0,0.0,0.0,0.0,0.0,0.017425,0.005615
2023-10-05,0.091268,0.0,0.0,0.0,0.0,0.0,0.08846,0.092953,0.0,0.0,0.092005,0.093145,0.0,0.0,0.00955,0.076389,0.045154,0.046189,0.0,0.090206,0.0,0.0,0.0,0.0,0.02592,0.024611,0.025285,0.01544,0.0,0.0,0.0,0.026942,0.061438,0.072091,0.0,0.0,0.0,0.0,0.0,0.0,0.0,0.017333,0.005621
2023-10-06,0.091126,0.0,0.0,0.0,0.0,0.0,0.088112,0.092672,0.0,0.0,0.091501,0.093683,0.0,0.0,0.009488,0.076818,0.045203,0.046079,0.0,0.089497,0.0,0.0,0.0,0.0,0.026078,0.024828,0.025646,0.015648,0.0,0.0,0.0,0.026745,0.062189,0.071662,0.0,0.0,0.0,0.0,0.0,0.0,0.0,0.017472,0.005554
2023-10-09,0.090591,0.0,0.0,0.0,0.0,0.0,0.088678,0.090879,0.0,0.0,0.090824,0.093892,0.0,0.0,0.009722,0.079332,0.045524,0.045741,0.0,0.089717,0.0,0.0,0.0,0.0,0.025991,0.024556,0.025598,0.015664,0.0,0.0,0.0,0.027006,0.062695,0.071023,0.0,0.0,0.0,0.0,0.0,0.0,0.0,0.017058,0.005507
2023-10-10,0.091539,0.0,0.0,0.0,0.0,0.0,0.090303,0.091087,0.0,0.0,0.090996,0.093587,0.0,0.0,0.009647,0.078859,0.04539,0.045889,0.0,0.090008,0.0,0.0,0.0,0.0,0.025798,0.024648,0.025487,0.015628,0.0,0.0,0.0,0.02672,0.061886,0.070322,0.0,0.0,0.0,0.0,0.0,0.0,0.0,0.016749,0.005458
2023-10-11,0.09101,0.0,0.0,0.0,0.0,0.0,0.090392,0.090975,0.0,0.0,0.091024,0.094134,0.0,0.0,0.009492,0.078474,0.045515,0.045853,0.0,0.090738,0.0,0.0,0.0,0.0,0.025953,0.024753,0.025547,0.015631,0.0,0.0,0.0,0.026827,0.062302,0.069639,0.0,0.0,0.0,0.0,0.0,0.0,0.0,0.0163,0.005441
2023-10-12,0.092047,0.0,0.0,0.0,0.0,0.0,0.089489,0.091149,0.0,0.0,0.090936,0.093958,0.0,0.0,0.009598,0.07929,0.045555,0.045769,0.0,0.087417,0.0,0.0,0.0,0.0,0.026238,0.025066,0.025697,0.015616,0.0,0.0,0.0,0.027014,0.062242,0.070995,0.0,0.0,0.0,0.0,0.0,0.0,0.0,0.016427,0.005497
2023-10-13,0.091048,0.0,0.0,0.0,0.0,0.0,0.089745,0.091395,0.0,0.0,0.089559,0.092863,0.0,0.0,0.009805,0.080926,0.045131,0.044961,0.0,0.087516,0.0,0.0,0.0,0.0,0.025851,0.024372,0.025403,0.015531,0.0,0.0,0.0,0.02787,0.06477,0.071291,0.0,0.0,0.0,0.0,0.0,0.0,0.0,0.016468,0.005495
2023-10-16,0.090843,0.0,0.0,0.0,0.0,0.0,0.09038,0.091037,0.0,0.0,0.090043,0.093359,0.0,0.0,0.009766,0.080877,0.045126,0.045269,0.0,0.087358,0.0,0.0,0.0,0.0,0.025822,0.024456,0.025422,0.015617,0.0,0.0,0.0,0.027441,0.063775,0.070601,0.0,0.0,0.0,0.0,0.0,0.0,0.0,0.01737,0.005439
2023-10-17,0.090677,0.0,0.0,0.0,0.0,0.0,0.089736,0.090791,0.0,0.0,0.089991,0.093414,0.0,0.0,0.009839,0.081592,0.045135,0.045366,0.0,0.087251,0.0,0.0,0.0,0.0,0.025628,0.024206,0.025476,0.015578,0.0,0.0,0.0,0.027411,0.064327,0.070816,0.0,0.0,0.0,0.0,0.0,0.0,0.0,0.017343,0.005423
2023-10-18,0.090841,0.0,0.0,0.0,0.0,0.0,0.089283,0.090794,0.0,0.0,0.088975,0.092947,0.0,0.0,0.010052,0.08323,0.044595,0.044443,0.0,0.085943,0.0,0.0,0.0,0.0,0.025681,0.024066,0.025406,0.015611,0.0,0.0,0.0,0.028155,0.065223,0.071896,0.0,0.0,0.0,0.0,0.0,0.0,0.0,0.017367,0.005491
2023-10-19,0.090636,0.0,0.0,0.0,0.0,0.0,0.089679,0.091453,0.0,0.0,0.087115,0.093292,0.0,0.0,0.010083,0.083468,0.044393,0.044365,0.0,0.08477,0.0,0.0,0.0,0.0,0.025655,0.023808,0.025367,0.015499,0.0,0.0,0.0,0.028636,0.066034,0.072403,0.0,0.0,0.0,0.0,0.0,0.0,0.0,0.017825,0.005518
2023-10-20,0.089828,0.0,0.0,0.0,0.0,0.0,0.089914,0.091456,0.0,0.0,0.086448,0.093169,0.0,0.0,0.009993,0.082718,0.044285,0.044822,0.0,0.084825,0.0,0.0,0.0,0.0,0.025423,0.023651,0.024924,0.015291,0.0,0.0,0.0,0.028943,0.067475,0.072815,0.0,0.0,0.0,0.0,0.0,0.0,0.0,0.018457,0.005562
2023-10-23,0.090119,0.0,0.0,0.0,0.0,0.0,0.089724,0.09091,0.0,0.0,0.086744,0.093868,0.0,0.0,0.009853,0.081693,0.044177,0.044369,0.0,0.085626,0.0,0.0,0.0,0.0,0.025509,0.02357,0.024981,0.015213,0.0,0.0,0.0,0.02891,0.06652,0.073011,0.0,0.0,0.0,0.0,0.0,0.0,0.0,0.019626,0.005577
2023-10-24,0.08971,0.0,0.0,0.0,0.0,0.0,0.09053,0.090722,0.0,0.0,0.087228,0.094499,0.0,0.0,0.009665,0.080639,0.044286,0.044177,0.0,0.084856,0.0,0.0,0.0,0.0,0.025555,0.023769,0.025082,0.01535,0.0,0.0,0.0,0.028761,0.066091,0.072577,0.0,0.0,0.0,0.0,0.0,0.0,0.0,0.020954,0.005549
2023-10-25,0.09056,0.0,0.0,0.0,0.0,0.0,0.090802,0.090887,0.0,0.0,0.086612,0.091619,0.0,0.0,0.009777,0.081592,0.044304,0.043865,0.0,0.084607,0.0,0.0,0.0,0.0,0.025593,0.023114,0.024736,0.015173,0.0,0.0,0.0,0.02927,0.066722,0.073215,0.0,0.0,0.0,0.0,0.0,0.0,0.0,0.021927,0.005625
2023-10-26,0.089896,0.0,0.0,0.0,0.0,0.0,0.093117,0.090362,0.0,0.0,0.085797,0.090189,0.0,0.0,0.009762,0.081726,0.044397,0.043177,0.0,0.086059,0.0,0.0,0.0,0.0,0.025262,0.023122,0.02464,0.015172,0.0,0.0,0.0,0.029501,0.066855,0.073812,0.0,0.0,0.0,0.0,0.0,0.0,0.0,0.021494,0.005661
2023-10-27,0.089785,0.0,0.0,0.0,0.0,0.0,0.091515,0.090956,0.0,0.0,0.086799,0.089969,0.0,0.0,0.009539,0.080735,0.044057,0.042759,0.0,0.085756,0.0,0.0,0.0,0.0,0.025439,0.023398,0.024659,0.015208,0.0,0.0,0.0,0.02988,0.067994,0.074577,0.0,0.0,0.0,0.0,0.0,0.0,0.0,0.021307,0.005669
2023-10-30,0.089516,0.0,0.0,0.0,0.0,0.0,0.089808,0.091278,0.0,0.0,0.087153,0.091361,0.0,0.0,0.009523,0.08005,0.04438,0.04359,0.0,0.08599,0.0,0.0,0.0,0.0,0.025583,0.022969,0.02486,0.015155,0.0,0.0,0.0,0.029562,0.068163,0.073697,0.0,0.0,0.0,0.0,0.0,0.0,0.0,0.021721,0.005642
2023-10-31,0.070393,0.0,0.050979,0.0,0.0,0.0,0.070819,0.070804,0.0,0.0,0.070448,0.070417,0.028242,0.0,0.035345,0.035153,0.038737,0.0,0.0,0.070589,0.0,0.0,0.0,0.0,0.020139,0.009882,0.019914,0.020006,0.0,0.0,0.0,0.0,0.0,0.070729,0.0,0.0,0.0,0.06186,0.070583,0.0,0.066246,0.044934,0.003781
2023-11-01,0.070208,0.0,0.051267,0.0,0.0,0.0,0.072114,0.070265,0.0,0.0,0.070515,0.070646,0.028105,0.0,0.034865,0.034692,0.038425,0.0,0.0,0.072243,0.0,0.0,0.0,0.0,0.020297,0.010001,0.019851,0.019794,0.0,0.0,0.0,0.0,0.0,0.069837,0.0,0.0,0.0,0.061696,0.070453,0.0,0.066359,0.044631,0.003739
2023-11-02,0.070501,0.0,0.05119,0.0,0.0,0.0,0.07288,0.069714,0.0,0.0,0.071085,0.070324,0.028264,0.0,0.035288,0.034967,0.038526,0.0,0.0,0.073398,0.0,0.0,0.0,0.0,0.020278,0.010048,0.019842,0.019625,0.0,0.0,0.0,0.0,0.0,0.069421,0.0,0.0,0.0,0.060888,0.069994,0.0,0.065846,0.044247,0.003673
2023-11-03,0.070953,0.0,0.051536,0.0,0.0,0.0,0.072955,0.069502,0.0,0.0,0.071343,0.070668,0.028342,0.0,0.034574,0.034354,0.038467,0.0,0.0,0.074989,0.0,0.0,0.0,0.0,0.020276,0.010207,0.019846,0.019673,0.0,0.0,0.0,0.0,0.0,0.069202,0.0,0.0,0.0,0.06057,0.069951,0.0,0.065808,0.043149,0.003635
2023-11-06,0.071006,0.0,0.051027,0.0,0.0,0.0,0.073453,0.069778,0.0,0.0,0.071651,0.070696,0.028345,0.0,0.034288,0.033542,0.038483,0.0,0.0,0.074413,0.0,0.0,0.0,0.0,0.020472,0.010219,0.01986,0.019599,0.0,0.0,0.0,0.0,0.0,0.0696,0.0,0.0,0.0,0.060598,0.069883,0.0,0.065464,0.043976,0.003648
2023-11-07,0.07095,0.0,0.050465,0.0,0.0,0.0,0.073819,0.069677,0.0,0.0,0.072313,0.070939,0.028249,0.0,0.033465,0.03253,0.038315,0.0,0.0,0.075197,0.0,0.0,0.0,0.0,0.020657,0.010264,0.020223,0.019826,0.0,0.0,0.0,0.0,0.0,0.068541,0.0,0.0,0.0,0.060647,0.06976,0.0,0.065562,0.044959,0.003642
2023-11-08,0.070967,0.0,0.049753,0.0,0.0,0.0,0.073401,0.070036,0.0,0.0,0.072297,0.070776,0.028352,0.0,0.033126,0.031908,0.038496,0.0,0.0,0.075342,0.0,0.0,0.0,0.0,0.020824,0.0103,0.02041,0.019857,0.0,0.0,0.0,0.0,0.0,0.069017,0.0,0.0,0.0,0.060928,0.069968,0.0,0.065847,0.044745,0.003651
2023-11-09,0.07163,0.0,0.050191,0.0,0.0,0.0,0.073346,0.069897,0.0,0.0,0.071272,0.071079,0.028363,0.0,0.033177,0.03183,0.038588,0.0,0.0,0.074645,0.0,0.0,0.0,0.0,0.020822,0.010297,0.020329,0.019869,0.0,0.0,0.0,0.0,0.0,0.068929,0.0,0.0,0.0,0.060692,0.069852,0.0,0.065474,0.046048,0.003668
2023-11-10,0.070437,0.0,0.05013,0.0,0.0,0.0,0.0739,0.069849,0.0,0.0,0.071675,0.071428,0.028375,0.0,0.033181,0.031836,0.038723,0.0,0.0,0.075478,0.0,0.0,0.0,0.0,0.021135,0.010597,0.020611,0.020025,0.0,0.0,0.0,0.0,0.0,0.067908,0.0,0.0,0.0,0.06006,0.069436,0.0,0.06505,0.046539,0.003628
2023-11-13,0.071085,0.0,0.050091,0.0,0.0,0.0,0.07372,0.06972,0.0,0.0,0.071962,0.071252,0.028325,0.0,0.03341,0.03208,0.038746,0.0,0.0,0.075098,0.0,0.0,0.0,0.0,0.021006,0.010491,0.020626,0.020084,0.0,0.0,0.0,0.0,0.0,0.068874,0.0,0.0,0.0,0.060003,0.069351,0.0,0.064686,0.045761,0.003629
2023-11-14,0.071317,0.0,0.050165,0.0,0.0,0.0,0.074742,0.069481,0.0,0.0,0.073046,0.071105,0.028341,0.0,0.033101,0.032024,0.038812,0.0,0.0,0.078309,0.0,0.0,0.0,0.0,0.02104,0.010683,0.02081,0.020343,0.0,0.0,0.0,0.0,0.0,0.067301,0.0,0.0,0.0,0.059405,0.068792,0.0,0.064624,0.042997,0.003563
2023-11-15,0.071392,0.0,0.049662,0.0,0.0,0.0,0.07504,0.069085,0.0,0.0,0.072943,0.071268,0.028423,0.0,0.032953,0.031978,0.038792,0.0,0.0,0.077655,0.0,0.0,0.0,0.0,0.021012,0.010733,0.02064,0.020248,0.0,0.0,0.0,0.0,0.0,0.067247,0.0,0.0,0.0,0.058996,0.068393,0.0,0.064056,0.045932,0.003555
2023-11-16,0.071252,0.0,0.050028,0.0,0.0,0.0,0.075492,0.069419,0.0,0.0,0.072479,0.071866,0.02865,0.0,0.032438,0.031177,0.038952,0.0,0.0,0.077934,0.0,0.0,0.0,0.0,0.0212,0.01078,0.02073,0.020044,0.0,0.0,0.0,0.0,0.0,0.066997,0.0,0.0,0.0,0.059444,0.068754,0.0,0.064841,0.043953,0.00357
2023-11-17,0.071312,0.0,0.050561,0.0,0.0,0.0,0.074719,0.069185,0.0,0.0,0.072605,0.071503,0.028657,0.0,0.032955,0.031707,0.039009,0.0,0.0,0.078064,0.0,0.0,0.0,0.0,0.021052,0.010802,0.020694,0.020169,0.0,0.0,0.0,0.0,0.0,0.066547,0.0,0.0,0.0,0.059214,0.068572,0.0,0.06473,0.044389,0.003553
2023-11-20,0.071258,0.0,0.050218,0.0,0.0,0.0,0.075686,0.068706,0.0,0.0,0.072473,0.071807,0.028572,0.0,0.032773,0.031537,0.038855,0.0,0.0,0.077836,0.0,0.0,0.0,0.0,0.021209,0.010886,0.020867,0.020242,0.0,0.0,0.0,0.0,0.0,0.066265,0.0,0.0,0.0,0.058978,0.06817,0.0,0.064686,0.045448,0.003529
2023-11-21,0.071507,0.0,0.050207,0.0,0.0,0.0,0.075162,0.068993,0.0,0.0,0.072574,0.071848,0.028668,0.0,0.032829,0.031379,0.03898,0.0,0.0,0.077264,0.0,0.0,0.0,0.0,0.021121,0.010724,0.020941,0.020339,0.0,0.0,0.0,0.0,0.0,0.066647,0.0,0.0,0.0,0.059088,0.068531,0.0,0.064942,0.044713,0.003543
2023-11-22,0.071509,0.0,0.050353,0.0,0.0,0.0,0.074844,0.068991,0.0,0.0,0.072551,0.072195,0.028686,0.0,0.032704,0.03129,0.038934,0.0,0.0,0.077345,0.0,0.0,0.0,0.0,0.021144,0.010723,0.020867,0.020254,0.0,0.0,0.0,0.0,0.0,0.066095,0.0,0.0,0.0,0.058946,0.06842,0.0,0.065046,0.045571,0.003532
2023-11-23,0.07164,0.0,0.050346,0.0,0.0,0.0,0.074834,0.068981,0.0,0.0,0.072541,0.072185,0.028682,0.0,0.032699,0.031285,0.038928,0.0,0.0,0.077334,0.0,0.0,0.0,0.0,0.021141,0.010721,0.020864,0.020251,0.0,0.0,0.0,0.0,0.0,0.066086,0.0,0.0,0.0,0.058938,0.06841,0.0,0.065036,0.045565,0.003532
2023-11-24,0.071701,0.0,0.050456,0.0,0.0,0.0,0.074876,0.068969,0.0,0.0,0.072629,0.071961,0.028779,0.0,0.032843,0.031436,0.039034,0.0,0.0,0.077632,0.0,0.0,0.0,0.0,0.021105,0.010732,0.020938,0.020411,0.0,0.0,0.0,0.0,0.0,0.065115,0.0,0.0,0.0,0.058706,0.068356,0.0,0.064924,0.045865,0.003533
2023-11-27,0.071809,0.0,0.05058,0.0,0.0,0.0,0.075075,0.06904,0.0,0.0,0.072982,0.071747,0.028775,0.0,0.032834,0.031266,0.03894,0.0,0.0,0.077633,0.0,0.0,0.0,0.0,0.021173,0.010752,0.020996,0.020486,0.0,0.0,0.0,0.0,0.0,0.064876,0.0,0.0,0.0,0.059089,0.068679,0.0,0.065419,0.044304,0.003546
2023-11-28,0.071643,0.0,0.050286,0.0,0.0,0.0,0.075469,0.069259,0.0,0.0,0.072987,0.071513,0.028604,0.0,0.032656,0.031004,0.038628,0.0,0.0,0.076703,0.0,0.0,0.0,0.0,0.021093,0.010628,0.020998,0.020424,0.0,0.0,0.0,0.0,0.0,0.065555,0.0,0.0,0.0,0.058985,0.06859,0.0,0.065384,0.046065,0.003525
2023-11-29,0.071493,0.0,0.050202,0.0,0.0,0.0,0.074686,0.069423,0.0,0.0,0.072738,0.070947,0.028787,0.0,0.03239,0.030865,0.038747,0.0,0.0,0.077336,0.0,0.0,0.0,0.0,0.021094,0.010736,0.02132,0.020785,0.0,0.0,0.0,0.0,0.0,0.065926,0.0,0.0,0.0,0.059179,0.068914,0.0,0.065856,0.045051,0.003523
2023-11-30,0.05315,0.0,0.064774,0.0,0.0,0.0,0.070373,0.070199,0.0,0.0,0.036536,0.069919,0.041402,0.028609,0.035003,0.034622,0.0,0.0,0.0,0.0,0.0,0.0,0.0,0.0,0.018528,0.013005,0.0187,0.018613,0.0,0.0,0.0,0.070183,0.0,0.070274,0.0,0.0,0.0,0.070054,0.070034,0.0,0.070038,0.070374,0.005611
2023-12-01,0.053055,0.0,0.064743,0.0,0.0,0.0,0.070512,0.070073,0.0,0.0,0.036667,0.069361,0.041297,0.02951,0.034834,0.03455,0.0,0.0,0.0,0.0,0.0,0.0,0.0,0.0,0.018385,0.012935,0.018771,0.01865,0.0,0.0,0.0,0.070684,0.0,0.068762,0.0,0.0,0.0,0.06971,0.06991,0.0,0.070403,0.071632,0.005555
2023-12-04,0.052783,0.0,0.063815,0.0,0.0,0.0,0.068995,0.070799,0.0,0.0,0.036559,0.068726,0.041288,0.029901,0.034704,0.034165,0.0,0.0,0.0,0.0,0.0,0.0,0.0,0.0,0.018177,0.012802,0.018554,0.018804,0.0,0.0,0.0,0.069217,0.0,0.068696,0.0,0.0,0.0,0.06948,0.069796,0.0,0.069978,0.077201,0.00556
2023-12-05,0.052766,0.0,0.06339,0.0,0.0,0.0,0.068974,0.071237,0.0,0.0,0.036515,0.068205,0.04096,0.029406,0.033996,0.033315,0.0,0.0,0.0,0.0,0.0,0.0,0.0,0.0,0.018231,0.012691,0.018497,0.018667,0.0,0.0,0.0,0.06875,0.0,0.068586,0.0,0.0,0.0,0.069649,0.069653,0.0,0.070175,0.080792,0.005544
2023-12-06,0.052928,0.0,0.064214,0.0,0.0,0.0,0.06894,0.07152,0.0,0.0,0.036659,0.068196,0.040856,0.029472,0.033573,0.032498,0.0,0.0,0.0,0.0,0.0,0.0,0.0,0.0,0.018122,0.012644,0.018352,0.018695,0.0,0.0,0.0,0.069175,0.0,0.06732,0.0,0.0,0.0,0.069895,0.069836,0.0,0.070738,0.080807,0.005557
2023-12-07,0.052846,0.0,0.064501,0.0,0.0,0.0,0.06864,0.071474,0.0,0.0,0.036844,0.069404,0.04092,0.029883,0.033237,0.032378,0.0,0.0,0.0,0.0,0.0,0.0,0.0,0.0,0.018284,0.012942,0.01839,0.01872,0.0,0.0,0.0,0.06907,0.0,0.067511,0.0,0.0,0.0,0.069614,0.069733,0.0,0.070441,0.079624,0.005543
2023-12-08,0.052795,0.0,0.063885,0.0,0.0,0.0,0.068894,0.070984,0.0,0.0,0.036876,0.069472,0.040984,0.0301,0.033472,0.032657,0.0,0.0,0.0,0.0,0.0,0.0,0.0,0.0,0.018372,0.012996,0.018474,0.018794,0.0,0.0,0.0,0.067896,0.0,0.067695,0.0,0.0,0.0,0.069271,0.069338,0.0,0.069938,0.081582,0.005524
2023-12-11,0.053316,0.0,0.064691,0.0,0.0,0.0,0.069181,0.071847,0.0,0.0,0.037227,0.069412,0.041516,0.030292,0.033742,0.032864,0.0,0.0,0.0,0.0,0.0,0.0,0.0,0.0,0.018659,0.013531,0.01879,0.019168,0.0,0.0,0.0,0.067605,0.0,0.067815,0.0,0.0,0.0,0.069599,0.069766,0.0,0.070304,0.075112,0.005563
2023-12-12,0.053479,0.0,0.064574,0.0,0.0,0.0,0.068458,0.071548,0.0,0.0,0.037328,0.069673,0.041797,0.03014,0.033267,0.032148,0.0,0.0,0.0,0.0,0.0,0.0,0.0,0.0,0.018776,0.013623,0.018817,0.019401,0.0,0.0,0.0,0.067543,0.0,0.068226,0.0,0.0,0.0,0.069533,0.069896,0.0,0.070423,0.07579,0.005561
2023-12-13,0.052771,0.0,0.064432,0.0,0.0,0.0,0.069739,0.07118,0.0,0.0,0.037168,0.06912,0.041741,0.031085,0.03315,0.032382,0.0,0.0,0.0,0.0,0.0,0.0,0.0,0.0,0.018616,0.013596,0.018708,0.019272,0.0,0.0,0.0,0.067881,0.0,0.066655,0.0,0.0,0.0,0.069268,0.069745,0.0,0.07036,0.077667,0.005465
2023-12-14,0.05327,0.0,0.063525,0.0,0.0,0.0,0.069908,0.071072,0.0,0.0,0.037306,0.068757,0.041752,0.032133,0.033798,0.033194,0.0,0.0,0.0,0.0,0.0,0.0,0.0,0.0,0.018392,0.013839,0.018281,0.019171,0.0,0.0,0.0,0.067624,0.0,0.066564,0.0,0.0,0.0,0.069357,0.069381,0.0,0.070411,0.07685,0.005415
2023-12-15,0.053448,0.0,0.063243,0.0,0.0,0.0,0.069263,0.071298,0.0,0.0,0.037541,0.068873,0.041683,0.031836,0.03376,0.033186,0.0,0.0,0.0,0.0,0.0,0.0,0.0,0.0,0.018563,0.013949,0.018536,0.019494,0.0,0.0,0.0,0.067288,0.0,0.067028,0.0,0.0,0.0,0.069534,0.069521,0.0,0.070613,0.075903,0.005439
2023-12-18,0.053353,0.0,0.062934,0.0,0.0,0.0,0.070253,0.07132,0.0,0.0,0.037661,0.069514,0.041697,0.031516,0.033934,0.033505,0.0,0.0,0.0,0.0,0.0,0.0,0.0,0.0,0.018563,0.013869,0.018622,0.01949,0.0,0.0,0.0,0.067391,0.0,0.066891,0.0,0.0,0.0,0.06912,0.069358,0.0,0.070417,0.075169,0.005424
2023-12-19,0.053336,0.0,0.062732,0.0,0.0,0.0,0.07075,0.071258,0.0,0.0,0.03772,0.069786,0.041749,0.031717,0.034128,0.033707,0.0,0.0,0.0,0.0,0.0,0.0,0.0,0.0,0.018518,0.013856,0.018622,0.01952,0.0,0.0,0.0,0.067429,0.0,0.066634,0.0,0.0,0.0,0.068735,0.069124,0.0,0.070153,0.075134,0.00539
2023-12-20,0.053813,0.0,0.062841,0.0,0.0,0.0,0.06987,0.069801,0.0,0.0,0.037285,0.069719,0.041285,0.031251,0.034043,0.033432,0.0,0.0,0.0,0.0,0.0,0.0,0.0,0.0,0.018362,0.013537,0.01848,0.019303,0.0,0.0,0.0,0.06752,0.0,0.066293,0.0,0.0,0.0,0.069482,0.069605,0.0,0.07064,0.078009,0.005427
2023-12-21,0.053124,0.0,0.063447,0.0,0.0,0.0,0.070465,0.070378,0.0,0.0,0.037563,0.06987,0.041369,0.031314,0.033915,0.033559,0.0,0.0,0.0,0.0,0.0,0.0,0.0,0.0,0.018427,0.013806,0.018589,0.019352,0.0,0.0,0.0,0.067478,0.0,0.065692,0.0,0.0,0.0,0.068836,0.069387,0.0,0.070227,0.077812,0.005388
2023-12-22,0.053214,0.0,0.063536,0.0,0.0,0.0,0.070935,0.070546,0.0,0.0,0.037221,0.069757,0.041385,0.031402,0.033955,0.033577,0.0,0.0,0.0,0.0,0.0,0.0,0.0,0.0,0.018418,0.013825,0.018591,0.0194,0.0,0.0,0.0,0.067658,0.0,0.065892,0.0,0.0,0.0,0.068581,0.069185,0.0,0.070009,0.077531,0.00538
2023-12-26,0.053109,0.0,0.06339,0.0,0.0,0.0,0.071879,0.070654,0.0,0.0,0.037305,0.069887,0.041469,0.031756,0.034179,0.034037,0.0,0.0,0.0,0.0,0.0,0.0,0.0,0.0,0.018458,0.014042,0.018613,0.019458,0.0,0.0,0.0,0.068039,0.0,0.066045,0.0,0.0,0.0,0.068483,0.069181,0.0,0.070122,0.074526,0.005369
2023-12-27,0.053261,0.0,0.063423,0.0,0.0,0.0,0.071766,0.070752,0.0,0.0,0.037247,0.06955,0.041395,0.031571,0.033858,0.033726,0.0,0.0,0.0,0.0,0.0,0.0,0.0,0.0,0.018366,0.014008,0.018507,0.019315,0.0,0.0,0.0,0.068008,0.0,0.065779,0.0,0.0,0.0,0.068454,0.069121,0.0,0.070023,0.076526,0.005345
2023-12-28,0.053491,0.0,0.064008,0.0,0.0,0.0,0.07167,0.071241,0.0,0.0,0.037173,0.069965,0.04165,0.031727,0.03345,0.033266,0.0,0.0,0.0,0.0,0.0,0.0,0.0,0.0,0.018447,0.014027,0.01856,0.019352,0.0,0.0,0.0,0.06783,0.0,0.066148,0.0,0.0,0.0,0.068452,0.069121,0.0,0.070053,0.075007,0.005362
2023-12-29,0.07212,0.0,0.0,0.0,0.0,0.0,0.072572,0.07262,0.0,0.0,0.0,0.072296,0.046378,0.025948,0.0,0.051473,0.0542,0.0,0.043813,0.050103,0.0,0.0,0.0,0.0,0.020402,0.010181,0.020172,0.020442,0.0,0.0,0.0,0.03854,0.033078,0.072632,0.0,0.0,0.0,0.0,0.072412,0.0,0.072263,0.072689,0.005666
2024-01-02,0.071501,0.0,0.0,0.0,0.0,0.0,0.071458,0.072524,0.0,0.0,0.0,0.071999,0.046648,0.026089,0.0,0.051944,0.053736,0.0,0.043804,0.049569,0.0,0.0,0.0,0.0,0.019899,0.009829,0.019642,0.019953,0.0,0.0,0.0,0.038509,0.032932,0.07257,0.0,0.0,0.0,0.0,0.072281,0.0,0.07166,0.077776,0.005678
2024-01-03,0.071717,0.0,0.0,0.0,0.0,0.0,0.072361,0.073192,0.0,0.0,0.0,0.07251,0.046756,0.025654,0.0,0.052989,0.053512,0.0,0.043803,0.048986,0.0,0.0,0.0,0.0,0.01991,0.009723,0.019535,0.019885,0.0,0.0,0.0,0.038603,0.032383,0.073004,0.0,0.0,0.0,0.0,0.072868,0.0,0.07216,0.074707,0.00574
2024-01-04,0.071921,0.0,0.0,0.0,0.0,0.0,0.071544,0.073762,0.0,0.0,0.0,0.072207,0.046903,0.025786,0.0,0.051753,0.053534,0.0,0.043626,0.048695,0.0,0.0,0.0,0.0,0.019747,0.009633,0.019469,0.019765,0.0,0.0,0.0,0.038609,0.032386,0.073403,0.0,0.0,0.0,0.0,0.072522,0.0,0.07177,0.077227,0.005735
2024-01-05,0.07171,0.0,0.0,0.0,0.0,0.0,0.072256,0.073773,0.0,0.0,0.0,0.072402,0.047033,0.02601,0.0,0.051874,0.053517,0.0,0.043634,0.049026,0.0,0.0,0.0,0.0,0.019713,0.009672,0.019417,0.019705,0.0,0.0,0.0,0.038558,0.032537,0.072799,0.0,0.0,0.0,0.0,0.072472,0.0,0.071443,0.076719,0.005729
2024-01-08,0.0712,0.0,0.0,0.0,0.0,0.0,0.071695,0.073053,0.0,0.0,0.0,0.072809,0.04687,0.025993,0.0,0.050965,0.053342,0.0,0.043392,0.049532,0.0,0.0,0.0,0.0,0.02001,0.009889,0.019752,0.019919,0.0,0.0,0.0,0.037883,0.032098,0.071843,0.0,0.0,0.0,0.0,0.072167,0.0,0.070835,0.081079,0.005673
2024-01-09,0.071633,0.0,0.0,0.0,0.0,0.0,0.070909,0.072934,0.0,0.0,0.0,0.072898,0.046726,0.025772,0.0,0.050506,0.053349,0.0,0.043036,0.049517,0.0,0.0,0.0,0.0,0.020108,0.009925,0.019897,0.020315,0.0,0.0,0.0,0.03802,0.032005,0.07257,0.0,0.0,0.0,0.0,0.072516,0.0,0.07079,0.080882,0.005692
2024-01-10,0.071748,0.0,0.0,0.0,0.0,0.0,0.070699,0.073271,0.0,0.0,0.0,0.073467,0.04673,0.025796,0.0,0.049767,0.053541,0.0,0.042915,0.050252,0.0,0.0,0.0,0.0,0.020248,0.009877,0.02014,0.020597,0.0,0.0,0.0,0.037876,0.031866,0.072321,0.0,0.0,0.0,0.0,0.072538,0.0,0.071187,0.079481,0.005684
2024-01-11,0.071343,0.0,0.0,0.0,0.0,0.0,0.07099,0.073267,0.0,0.0,0.0,0.073163,0.046516,0.025502,0.0,0.049686,0.05337,0.0,0.042749,0.05041,0.0,0.0,0.0,0.0,0.020333,0.009905,0.020284,0.020807,0.0,0.0,0.0,0.037917,0.031655,0.072643,0.0,0.0,0.0,0.0,0.072708,0.0,0.071767,0.079305,0.00568
2024-01-12,0.072089,0.0,0.0,0.0,0.0,0.0,0.071443,0.074495,0.0,0.0,0.0,0.073602,0.046481,0.025315,0.0,0.050396,0.053424,0.0,0.042837,0.049967,0.0,0.0,0.0,0.0,0.020422,0.009872,0.020368,0.020967,0.0,0.0,0.0,0.03833,0.032253,0.072337,0.0,0.0,0.0,0.0,0.072863,0.0,0.071975,0.074876,0.005688
2024-01-15,0.072015,0.0,0.0,0.0,0.0,0.0,0.071448,0.074501,0.0,0.0,0.0,0.073608,0.046485,0.025317,0.0,0.0504,0.053428,0.0,0.04284,0.049971,0.0,0.0,0.0,0.0,0.020423,0.009873,0.02037,0.020968,0.0,0.0,0.0,0.038333,0.032256,0.072342,0.0,0.0,0.0,0.0,0.072869,0.0,0.071981,0.074882,0.005689
2024-01-16,0.072428,0.0,0.0,0.0,0.0,0.0,0.070184,0.07431,0.0,0.0,0.0,0.073829,0.046567,0.025162,0.0,0.049278,0.053352,0.0,0.042718,0.050103,0.0,0.0,0.0,0.0,0.020653,0.0101,0.020541,0.021067,0.0,0.0,0.0,0.038301,0.032184,0.073506,0.0,0.0,0.0,0.0,0.073042,0.0,0.071937,0.074998,0.00574
2024-01-17,0.072217,0.0,0.0,0.0,0.0,0.0,0.070292,0.074009,0.0,0.0,0.0,0.073932,0.046831,0.025244,0.0,0.049085,0.053393,0.0,0.042728,0.050182,0.0,0.0,0.0,0.0,0.020707,0.010083,0.020607,0.021037,0.0,0.0,0.0,0.038167,0.031949,0.073527,0.0,0.0,0.0,0.0,0.073281,0.0,0.07221,0.074736,0.005783
2024-01-18,0.072463,0.0,0.0,0.0,0.0,0.0,0.06945,0.074234,0.0,0.0,0.0,0.074679,0.04681,0.025324,0.0,0.048987,0.054002,0.0,0.042775,0.050709,0.0,0.0,0.0,0.0,0.021083,0.010395,0.020775,0.021248,0.0,0.0,0.0,0.038401,0.032129,0.07423,0.0,0.0,0.0,0.0,0.073281,0.0,0.072134,0.071119,0.005772
2024-01-19,0.072277,0.0,0.0,0.0,0.0,0.0,0.068994,0.074399,0.0,0.0,0.0,0.075079,0.047177,0.025733,0.0,0.048697,0.053916,0.0,0.042471,0.05086,0.0,0.0,0.0,0.0,0.021395,0.010714,0.020979,0.021268,0.0,0.0,0.0,0.038204,0.031655,0.074194,0.0,0.0,0.0,0.0,0.072812,0.0,0.071584,0.071867,0.005727
2024-01-22,0.073095,0.0,0.0,0.0,0.0,0.0,0.06769,0.074663,0.0,0.0,0.0,0.075223,0.047398,0.02614,0.0,0.048917,0.054329,0.0,0.042591,0.051819,0.0,0.0,0.0,0.0,0.021487,0.010748,0.021169,0.02163,0.0,0.0,0.0,0.038057,0.030964,0.074506,0.0,0.0,0.0,0.0,0.072862,0.0,0.071627,0.069358,0.005727
2024-01-23,0.073034,0.0,0.0,0.0,0.0,0.0,0.069146,0.073239,0.0,0.0,0.0,0.076186,0.04761,0.025999,0.0,0.049127,0.054443,0.0,0.042854,0.04945,0.0,0.0,0.0,0.0,0.021636,0.010851,0.021272,0.021666,0.0,0.0,0.0,0.038316,0.031529,0.075572,0.0,0.0,0.0,0.0,0.072988,0.0,0.071466,0.067872,0.005744
2024-01-24,0.073692,0.0,0.0,0.0,0.0,0.0,0.068945,0.073829,0.0,0.0,0.0,0.076459,0.047673,0.026188,0.0,0.049632,0.053966,0.0,0.042165,0.048447,0.0,0.0,0.0,0.0,0.021729,0.01098,0.021209,0.021571,0.0,0.0,0.0,0.037901,0.031723,0.075941,0.0,0.0,0.0,0.0,0.072761,0.0,0.071084,0.068376,0.00573
2024-01-25,0.073088,0.0,0.0,0.0,0.0,0.0,0.069056,0.073234,0.0,0.0,0.0,0.077218,0.04761,0.025956,0.0,0.050185,0.054143,0.0,0.042343,0.049206,0.0,0.0,0.0,0.0,0.021683,0.010881,0.021136,0.021417,0.0,0.0,0.0,0.037814,0.031875,0.075115,0.0,0.0,0.0,0.0,0.07286,0.0,0.071144,0.06834,0.005696
2024-01-26,0.073035,0.0,0.0,0.0,0.0,0.0,0.069087,0.07299,0.0,0.0,0.0,0.077084,0.047546,0.025957,0.0,0.050271,0.05379,0.0,0.042148,0.048928,0.0,0.0,0.0,0.0,0.021328,0.010536,0.020994,0.021361,0.0,0.0,0.0,0.037601,0.031596,0.074918,0.0,0.0,0.0,0.0,0.072443,0.0,0.070897,0.071823,0.005668
2024-01-29,0.072425,0.0,0.0,0.0,0.0,0.0,0.068142,0.073678,0.0,0.0,0.0,0.077222,0.047358,0.026117,0.0,0.049983,0.053787,0.0,0.042081,0.049106,0.0,0.0,0.0,0.0,0.021383,0.010576,0.021272,0.021541,0.0,0.0,0.0,0.037619,0.031917,0.074082,0.0,0.0,0.0,0.0,0.072128,0.0,0.070699,0.073252,0.005631
2024-01-30,0.072719,0.0,0.0,0.0,0.0,0.0,0.067452,0.072854,0.0,0.0,0.0,0.076546,0.047861,0.026076,0.0,0.050772,0.053699,0.0,0.04219,0.049271,0.0,0.0,0.0,0.0,0.021164,0.010392,0.021134,0.021442,0.0,0.0,0.0,0.037596,0.031823,0.075042,0.0,0.0,0.0,0.0,0.071891,0.0,0.070719,0.073737,0.005621
2024-01-31,0.081142,0.0,0.0,0.012943,0.014751,0.0,0.094498,0.055226,0.028046,0.011065,0.0,0.094326,0.047282,0.047068,0.0,0.0,0.0,0.0,0.052674,0.094494,0.0,0.0,0.0,0.0,0.0,0.015527,0.033882,0.033752,0.0,0.044371,0.0,0.092399,0.0,0.0,0.0,0.0,0.0,0.0,0.036913,0.0,0.0,0.094586,0.015057
2024-02-01,0.080171,0.0,0.0,0.012665,0.01464,0.0,0.094735,0.055122,0.027997,0.011307,0.0,0.094473,0.046946,0.045662,0.0,0.0,0.0,0.0,0.053089,0.095805,0.0,0.0,0.0,0.0,0.0,0.015469,0.034058,0.033965,0.0,0.044785,0.0,0.092555,0.0,0.0,0.0,0.0,0.0,0.0,0.036805,0.0,0.0,0.09482,0.014932
2024-02-02,0.080814,0.0,0.0,0.012766,0.014573,0.0,0.092807,0.055189,0.027823,0.011528,0.0,0.098096,0.047057,0.045779,0.0,0.0,0.0,0.0,0.052685,0.095496,0.0,0.0,0.0,0.0,0.0,0.015639,0.034249,0.033881,0.0,0.044151,0.0,0.091518,0.0,0.0,0.0,0.0,0.0,0.0,0.036575,0.0,0.0,0.094467,0.014908
2024-02-05,0.081236,0.0,0.0,0.012791,0.014716,0.0,0.093683,0.055395,0.028127,0.011544,0.0,0.097601,0.047206,0.045494,0.0,0.0,0.0,0.0,0.051816,0.095056,0.0,0.0,0.0,0.0,0.0,0.015998,0.034343,0.033821,0.0,0.04362,0.0,0.091845,0.0,0.0,0.0,0.0,0.0,0.0,0.036737,0.0,0.0,0.093925,0.015045
2024-02-06,0.080938,0.0,0.0,0.012782,0.014983,0.0,0.095441,0.055689,0.028433,0.011461,0.0,0.09653,0.046928,0.04482,0.0,0.0,0.0,0.0,0.052312,0.094347,0.0,0.0,0.0,0.0,0.0,0.015685,0.034011,0.033793,0.0,0.043854,0.0,0.091591,0.0,0.0,0.0,0.0,0.0,0.0,0.036577,0.0,0.0,0.094898,0.014927
2024-02-07,0.080858,0.0,0.0,0.012684,0.014865,0.0,0.094315,0.055432,0.028438,0.011585,0.0,0.096366,0.046958,0.044496,0.0,0.0,0.0,0.0,0.052374,0.094974,0.0,0.0,0.0,0.0,0.0,0.015817,0.034321,0.034154,0.0,0.043495,0.0,0.090947,0.0,0.0,0.0,0.0,0.0,0.0,0.036391,0.0,0.0,0.096702,0.01483
2024-02-08,0.080628,0.0,0.0,0.012686,0.01477,0.0,0.092091,0.054827,0.028665,0.011547,0.0,0.096415,0.046625,0.044484,0.0,0.0,0.0,0.0,0.052133,0.095571,0.0,0.0,0.0,0.0,0.0,0.016037,0.03456,0.034369,0.0,0.043705,0.0,0.090567,0.0,0.0,0.0,0.0,0.0,0.0,0.036253,0.0,0.0,0.099283,0.014784
2024-02-09,0.08025,0.0,0.0,0.012633,0.014636,0.0,0.091972,0.054627,0.028534,0.011526,0.0,0.095756,0.046384,0.044702,0.0,0.0,0.0,0.0,0.05183,0.094883,0.0,0.0,0.0,0.0,0.0,0.016226,0.034663,0.034879,0.0,0.043424,0.0,0.089497,0.0,0.0,0.0,0.0,0.0,0.0,0.036039,0.0,0.0,0.102873,0.014667
2024-02-12,0.080057,0.0,0.0,0.012752,0.014733,0.0,0.091834,0.0536,0.028346,0.011548,0.0,0.095077,0.046121,0.044984,0.0,0.0,0.0,0.0,0.051707,0.096006,0.0,0.0,0.0,0.0,0.0,0.016031,0.033952,0.034196,0.0,0.04299,0.0,0.088351,0.0,0.0,0.0,0.0,0.0,0.0,0.035592,0.0,0.0,0.107604,0.014518
2024-02-13,0.080376,0.0,0.0,0.012783,0.014702,0.0,0.090968,0.054321,0.028122,0.011458,0.0,0.095586,0.046396,0.044231,0.0,0.0,0.0,0.0,0.051985,0.094365,0.0,0.0,0.0,0.0,0.0,0.016011,0.033851,0.034317,0.0,0.042935,0.0,0.088852,0.0,0.0,0.0,0.0,0.0,0.0,0.036003,0.0,0.0,0.107932,0.014807
2024-02-14,0.079399,0.0,0.0,0.012609,0.014656,0.0,0.090399,0.054416,0.028143,0.011497,0.0,0.095674,0.046146,0.04441,0.0,0.0,0.0,0.0,0.051544,0.094815,0.0,0.0,0.0,0.0,0.0,0.01613,0.03401,0.034372,0.0,0.042632,0.0,0.087485,0.0,0.0,0.0,0.0,0.0,0.0,0.035609,0.0,0.0,0.111462,0.014591
2024-02-15,0.079355,0.0,0.0,0.012678,0.014584,0.0,0.090393,0.054285,0.027969,0.011394,0.0,0.095715,0.046576,0.045249,0.0,0.0,0.0,0.0,0.052114,0.094667,0.0,0.0,0.0,0.0,0.0,0.015991,0.033699,0.034096,0.0,0.04329,0.0,0.087396,0.0,0.0,0.0,0.0,0.0,0.0,0.035459,0.0,0.0,0.110606,0.014481
2024-02-16,0.0801,0.0,0.0,0.012772,0.014752,0.0,0.09153,0.054581,0.02788,0.011501,0.0,0.094514,0.046556,0.044984,0.0,0.0,0.0,0.0,0.052553,0.093231,0.0,0.0,0.0,0.0,0.0,0.01595,0.033204,0.033764,0.0,0.042975,0.0,0.087988,0.0,0.0,0.0,0.0,0.0,0.0,0.035463,0.0,0.0,0.111174,0.014529
2024-02-19,0.079913,0.0,0.0,0.012713,0.01472,0.0,0.091558,0.054598,0.027889,0.011505,0.0,0.094544,0.04657,0.044998,0.0,0.0,0.0,0.0,0.052569,0.09326,0.0,0.0,0.0,0.0,0.0,0.015955,0.033214,0.033775,0.0,0.042989,0.0,0.088015,0.0,0.0,0.0,0.0,0.0,0.0,0.035474,0.0,0.0,0.111208,0.014535
2024-02-20,0.079412,0.0,0.0,0.012593,0.014733,0.0,0.093092,0.05494,0.028073,0.011516,0.0,0.094329,0.046406,0.044671,0.0,0.0,0.0,0.0,0.052418,0.093253,0.0,0.0,0.0,0.0,0.0,0.015675,0.032778,0.033353,0.0,0.04288,0.0,0.088482,0.0,0.0,0.0,0.0,0.0,0.0,0.035521,0.0,0.0,0.11135,0.014525
2024-02-21,0.079707,0.0,0.0,0.012614,0.014845,0.0,0.093567,0.054814,0.027949,0.011575,0.0,0.094702,0.046785,0.044706,0.0,0.0,0.0,0.0,0.052977,0.094278,0.0,0.0,0.0,0.0,0.0,0.015718,0.032022,0.031846,0.0,0.043339,0.0,0.088938,0.0,0.0,0.0,0.0,0.0,0.0,0.035638,0.0,0.0,0.109377,0.014603
2024-02-22,0.08015,0.0,0.0,0.012581,0.014797,0.0,0.091976,0.054786,0.028052,0.011594,0.0,0.095051,0.046801,0.044308,0.0,0.0,0.0,0.0,0.052915,0.094747,0.0,0.0,0.0,0.0,0.0,0.016309,0.032475,0.03228,0.0,0.042938,0.0,0.087985,0.0,0.0,0.0,0.0,0.0,0.0,0.03541,0.0,0.0,0.110403,0.014442
2024-02-23,0.080567,0.0,0.0,0.012611,0.014809,0.0,0.091032,0.054903,0.027912,0.011608,0.0,0.094888,0.047071,0.044374,0.0,0.0,0.0,0.0,0.05327,0.095673,0.0,0.0,0.0,0.0,0.0,0.016146,0.032676,0.032573,0.0,0.042951,0.0,0.088553,0.0,0.0,0.0,0.0,0.0,0.0,0.035461,0.0,0.0,0.108469,0.014453
2024-02-26,0.080063,0.0,0.0,0.01253,0.014678,0.0,0.091041,0.054375,0.027767,0.01138,0.0,0.093039,0.046603,0.043771,0.0,0.0,0.0,0.0,0.052685,0.095194,0.0,0.0,0.0,0.0,0.0,0.016224,0.032825,0.03279,0.0,0.042268,0.0,0.087913,0.0,0.0,0.0,0.0,0.0,0.0,0.03517,0.0,0.0,0.1153,0.014383
2024-02-27,0.079261,0.0,0.0,0.012509,0.014591,0.0,0.092345,0.053949,0.027357,0.011173,0.0,0.092935,0.046302,0.043845,0.0,0.0,0.0,0.0,0.052395,0.094756,0.0,0.0,0.0,0.0,0.0,0.016059,0.032543,0.032649,0.0,0.041929,0.0,0.087013,0.0,0.0,0.0,0.0,0.0,0.0,0.034892,0.0,0.0,0.119244,0.014253
2024-02-28,0.078891,0.0,0.0,0.012458,0.014337,0.0,0.090077,0.053182,0.027104,0.01123,0.0,0.092006,0.046325,0.043398,0.0,0.0,0.0,0.0,0.05239,0.094301,0.0,0.0,0.0,0.0,0.0,0.015827,0.032382,0.032425,0.0,0.042218,0.0,0.086891,0.0,0.0,0.0,0.0,0.0,0.0,0.034775,0.0,0.0,0.125571,0.01421
2024-02-29,0.070482,0.0,0.070853,0.0,0.0,0.0,0.053925,0.070992,0.0,0.0,0.0,0.070739,0.070834,0.0,0.0,0.0,0.0,0.0,0.0,0.040312,0.070831,0.0,0.0,0.0,0.019183,0.012091,0.018877,0.018992,0.0,0.0,0.0,0.070005,0.0,0.054012,0.0,0.0,0.027248,0.043483,0.035404,0.034924,0.06957,0.07096,0.00628
2024-03-01,0.070416,0.0,0.071389,0.0,0.0,0.0,0.053705,0.071342,0.0,0.0,0.0,0.07063,0.070054,0.0,0.0,0.0,0.0,0.0,0.0,0.040561,0.070874,0.0,0.0,0.0,0.019342,0.012483,0.01888,0.018849,0.0,0.0,0.0,0.070632,0.0,0.053532,0.0,0.0,0.027105,0.04322,0.035189,0.034793,0.069294,0.071489,0.006219
2024-03-04,0.070238,0.0,0.070603,0.0,0.0,0.0,0.053087,0.070957,0.0,0.0,0.0,0.06934,0.069862,0.0,0.0,0.0,0.0,0.0,0.0,0.040199,0.070399,0.0,0.0,0.0,0.019242,0.01254,0.018702,0.018747,0.0,0.0,0.0,0.0714,0.0,0.053853,0.0,0.0,0.026904,0.042958,0.034996,0.034548,0.068871,0.076365,0.006187
2024-03-05,0.070495,0.0,0.071708,0.0,0.0,0.0,0.053399,0.071415,0.0,0.0,0.0,0.069477,0.070589,0.0,0.0,0.0,0.0,0.0,0.0,0.040147,0.070584,0.0,0.0,0.0,0.018959,0.012419,0.01817,0.018486,0.0,0.0,0.0,0.072559,0.0,0.05377,0.0,0.0,0.027344,0.043593,0.035324,0.03509,0.06972,0.070501,0.006251
2024-03-06,0.070117,0.0,0.071921,0.0,0.0,0.0,0.053236,0.071086,0.0,0.0,0.0,0.068735,0.0701,0.0,0.0,0.0,0.0,0.0,0.0,0.040022,0.070208,0.0,0.0,0.0,0.018879,0.01257,0.018204,0.018473,0.0,0.0,0.0,0.072273,0.0,0.053504,0.0,0.0,0.02708,0.043083,0.034984,0.03476,0.069135,0.075451,0.006177
2024-03-07,0.070289,0.0,0.071495,0.0,0.0,0.0,0.052864,0.070939,0.0,0.0,0.0,0.069464,0.069612,0.0,0.0,0.0,0.0,0.0,0.0,0.04043,0.070147,0.0,0.0,0.0,0.019072,0.01293,0.018318,0.018619,0.0,0.0,0.0,0.072284,0.0,0.053448,0.0,0.0,0.026977,0.042823,0.034832,0.034654,0.068941,0.075718,0.006144
2024-03-08,0.070392,0.0,0.071367,0.0,0.0,0.0,0.051657,0.070957,0.0,0.0,0.0,0.06939,0.069763,0.0,0.0,0.0,0.0,0.0,0.0,0.040112,0.070049,0.0,0.0,0.0,0.018796,0.012412,0.018223,0.018441,0.0,0.0,0.0,0.072928,0.0,0.053424,0.0,0.0,0.027008,0.042878,0.034857,0.034718,0.069049,0.077431,0.006148
2024-03-11,0.069779,0.0,0.069748,0.0,0.0,0.0,0.051296,0.070406,0.0,0.0,0.0,0.069225,0.069848,0.0,0.0,0.0,0.0,0.0,0.0,0.039782,0.069976,0.0,0.0,0.0,0.018735,0.012241,0.018263,0.01848,0.0,0.0,0.0,0.073025,0.0,0.054136,0.0,0.0,0.026961,0.04278,0.034835,0.034707,0.068906,0.080727,0.006145
2024-03-12,0.070131,0.0,0.069939,0.0,0.0,0.0,0.051842,0.069931,0.0,0.0,0.0,0.069646,0.06995,0.0,0.0,0.0,0.0,0.0,0.0,0.040129,0.070111,0.0,0.0,0.0,0.019068,0.012461,0.018614,0.018565,0.0,0.0,0.0,0.072031,0.0,0.054607,0.0,0.0,0.026778,0.042581,0.034772,0.034502,0.068627,0.079586,0.006129
2024-03-13,0.07028,0.0,0.069298,0.0,0.0,0.0,0.052026,0.068197,0.0,0.0,0.0,0.069736,0.070433,0.0,0.0,0.0,0.0,0.0,0.0,0.040352,0.069808,0.0,0.0,0.0,0.018853,0.012152,0.018471,0.018541,0.0,0.0,0.0,0.072503,0.0,0.054488,0.0,0.0,0.026707,0.042503,0.03477,0.034451,0.068666,0.081638,0.006127
2024-03-14,0.070617,0.0,0.069634,0.0,0.0,0.0,0.052063,0.069217,0.0,0.0,0.0,0.070222,0.070522,0.0,0.0,0.0,0.0,0.0,0.0,0.039443,0.070211,0.0,0.0,0.0,0.019033,0.012057,0.018551,0.018461,0.0,0.0,0.0,0.072876,0.0,0.055309,0.0,0.0,0.026757,0.04264,0.034928,0.034518,0.068958,0.077798,0.006186
2024-03-15,0.070306,0.0,0.070303,0.0,0.0,0.0,0.051678,0.06911,0.0,0.0,0.0,0.069674,0.070608,0.0,0.0,0.0,0.0,0.0,0.0,0.039825,0.070086,0.0,0.0,0.0,0.018788,0.011996,0.01807,0.018216,0.0,0.0,0.0,0.072804,0.0,0.056631,0.0,0.0,0.02677,0.042706,0.034982,0.034603,0.068892,0.077748,0.006201
2024-03-18,0.070748,0.0,0.071288,0.0,0.0,0.0,0.051441,0.069252,0.0,0.0,0.0,0.070999,0.070907,0.0,0.0,0.0,0.0,0.0,0.0,0.03964,0.069974,0.0,0.0,0.0,0.018852,0.011969,0.018249,0.018147,0.0,0.0,0.0,0.072812,0.0,0.056858,0.0,0.0,0.026699,0.042602,0.035012,0.034494,0.068828,0.075035,0.006193
2024-03-19,0.070876,0.0,0.071661,0.0,0.0,0.0,0.051658,0.068584,0.0,0.0,0.0,0.071073,0.071354,0.0,0.0,0.0,0.0,0.0,0.0,0.040488,0.070537,0.0,0.0,0.0,0.018976,0.011886,0.018408,0.018114,0.0,0.0,0.0,0.07283,0.0,0.05653,0.0,0.0,0.026814,0.042722,0.035202,0.034642,0.069245,0.072196,0.006203
2024-03-20,0.070355,0.0,0.071546,0.0,0.0,0.0,0.052358,0.068326,0.0,0.0,0.0,0.071241,0.071535,0.0,0.0,0.0,0.0,0.0,0.0,0.040951,0.069723,0.0,0.0,0.0,0.01901,0.011976,0.018413,0.01821,0.0,0.0,0.0,0.073013,0.0,0.056576,0.0,0.0,0.026627,0.042493,0.034991,0.034384,0.068926,0.073202,0.006145
2024-03-21,0.071189,0.0,0.071699,0.0,0.0,0.0,0.051778,0.068277,0.0,0.0,0.0,0.071062,0.071911,0.0,0.0,0.0,0.0,0.0,0.0,0.041595,0.069612,0.0,0.0,0.0,0.018969,0.01221,0.01849,0.018222,0.0,0.0,0.0,0.072726,0.0,0.05672,0.0,0.0,0.026553,0.042445,0.034872,0.034335,0.068966,0.072239,0.006129
2024-03-22,0.071063,0.0,0.071933,0.0,0.0,0.0,0.051284,0.068456,0.0,0.0,0.0,0.071453,0.07133,0.0,0.0,0.0,0.0,0.0,0.0,0.041616,0.069754,0.0,0.0,0.0,0.01904,0.012266,0.018431,0.018146,0.0,0.0,0.0,0.072389,0.0,0.057295,0.0,0.0,0.026773,0.042737,0.034955,0.03457,0.069426,0.070929,0.006152
2024-03-25,0.070493,0.0,0.070582,0.0,0.0,0.0,0.051099,0.068023,0.0,0.0,0.0,0.070687,0.070535,0.0,0.0,0.0,0.0,0.0,0.0,0.041036,0.069149,0.0,0.0,0.0,0.018776,0.012129,0.018232,0.01793,0.0,0.0,0.0,0.072089,0.0,0.058198,0.0,0.0,0.026507,0.04229,0.034646,0.0342,0.068864,0.078427,0.006107
2024-03-26,0.070672,0.0,0.070969,0.0,0.0,0.0,0.051172,0.068394,0.0,0.0,0.0,0.070618,0.070853,0.0,0.0,0.0,0.0,0.0,0.0,0.04094,0.069478,0.0,0.0,0.0,0.018719,0.012051,0.018287,0.01797,0.0,0.0,0.0,0.072403,0.0,0.057979,0.0,0.0,0.026576,0.042349,0.034644,0.034229,0.068933,0.076653,0.006113
2024-03-27,0.070262,0.0,0.070944,0.0,0.0,0.0,0.051327,0.068517,0.0,0.0,0.0,0.07065,0.071356,0.0,0.0,0.0,0.0,0.0,0.0,0.04141,0.070073,0.0,0.0,0.0,0.018726,0.012145,0.018103,0.017847,0.0,0.0,0.0,0.072585,0.0,0.058061,0.0,0.0,0.026553,0.042281,0.034665,0.034304,0.068893,0.075211,0.006087
2024-03-28,0.078604,0.030844,0.073176,0.0,0.0,0.0,0.078912,0.078753,0.0,0.0,0.0,0.078871,0.078807,0.0,0.0,0.0,0.051689,0.026976,0.0,0.03415,0.043924,0.034153,0.028821,0.0,0.02294,0.026894,0.0,0.028322,0.0,0.0,0.0,0.0,0.0,0.0,0.0,0.0,0.0,0.0,0.069275,0.0,0.041153,0.079013,0.014723
2024-04-01,0.079101,0.030984,0.072534,0.0,0.0,0.0,0.077966,0.079097,0.0,0.0,0.0,0.079982,0.078872,0.0,0.0,0.0,0.051615,0.026888,0.0,0.033828,0.043824,0.033992,0.028771,0.0,0.02315,0.027349,0.0,0.02837,0.0,0.0,0.0,0.0,0.0,0.0,0.0,0.0,0.0,0.0,0.069429,0.0,0.041235,0.078198,0.014816
2024-04-02,0.079031,0.031035,0.072911,0.0,0.0,0.0,0.079219,0.080041,0.0,0.0,0.0,0.080683,0.079271,0.0,0.0,0.0,0.051908,0.026929,0.0,0.033204,0.043589,0.033184,0.02892,0.0,0.023165,0.027207,0.0,0.028475,0.0,0.0,0.0,0.0,0.0,0.0,0.0,0.0,0.0,0.0,0.070031,0.0,0.041681,0.074547,0.014969
2024-04-03,0.079299,0.031162,0.073196,0.0,0.0,0.0,0.079184,0.079976,0.0,0.0,0.0,0.081083,0.079,0.0,0.0,0.0,0.052022,0.026932,0.0,0.033474,0.043413,0.033218,0.028517,0.0,0.023158,0.027203,0.0,0.028432,0.0,0.0,0.0,0.0,0.0,0.0,0.0,0.0,0.0,0.0,0.069879,0.0,0.041647,0.074277,0.014929
2024-04-04,0.079967,0.031048,0.072736,0.0,0.0,0.0,0.079512,0.080136,0.0,0.0,0.0,0.080317,0.078432,0.0,0.0,0.0,0.051778,0.026684,0.0,0.033127,0.042963,0.032787,0.028512,0.0,0.022886,0.026542,0.0,0.028135,0.0,0.0,0.0,0.0,0.0,0.0,0.0,0.0,0.0,0.0,0.070114,0.0,0.041801,0.077527,0.014996
2024-04-05,0.07891,0.03104,0.07274,0.0,0.0,0.0,0.078596,0.080608,0.0,0.0,0.0,0.080905,0.078952,0.0,0.0,0.0,0.052349,0.026952,0.0,0.033497,0.043226,0.032947,0.028478,0.0,0.023083,0.026782,0.0,0.028408,0.0,0.0,0.0,0.0,0.0,0.0,0.0,0.0,0.0,0.0,0.069853,0.0,0.041749,0.07597,0.014956
2024-04-08,0.078611,0.030937,0.072493,0.0,0.0,0.0,0.079679,0.080487,0.0,0.0,0.0,0.080238,0.07863,0.0,0.0,0.0,0.05182,0.026622,0.0,0.033093,0.042726,0.032752,0.028198,0.0,0.022864,0.026626,0.0,0.028155,0.0,0.0,0.0,0.0,0.0,0.0,0.0,0.0,0.0,0.0,0.069431,0.0,0.041413,0.08039,0.014834
2024-04-09,0.078202,0.030898,0.072822,0.0,0.0,0.0,0.080897,0.080615,0.0,0.0,0.0,0.080392,0.078243,0.0,0.0,0.0,0.051743,0.026737,0.0,0.033218,0.042914,0.033228,0.028358,0.0,0.022998,0.026935,0.0,0.028381,0.0,0.0,0.0,0.0,0.0,0.0,0.0,0.0,0.0,0.0,0.069633,0.0,0.041726,0.077211,0.01485
2024-04-10,0.078622,0.030881,0.072501,0.0,0.0,0.0,0.07956,0.081221,0.0,0.0,0.0,0.080667,0.077951,0.0,0.0,0.0,0.051884,0.026475,0.0,0.032018,0.042894,0.032986,0.028577,0.0,0.022974,0.026744,0.0,0.028361,0.0,0.0,0.0,0.0,0.0,0.0,0.0,0.0,0.0,0.0,0.069804,0.0,0.041534,0.07933,0.015015
2024-04-11,0.078286,0.030812,0.07293,0.0,0.0,0.0,0.078691,0.081192,0.0,0.0,0.0,0.081144,0.077179,0.0,0.0,0.0,0.051795,0.026711,0.0,0.032221,0.042597,0.033379,0.028427,0.0,0.023367,0.02727,0.0,0.028561,0.0,0.0,0.0,0.0,0.0,0.0,0.0,0.0,0.0,0.0,0.069542,0.0,0.041294,0.07962,0.01498
2024-04-12,0.07943,0.030762,0.073104,0.0,0.0,0.0,0.078559,0.08141,0.0,0.0,0.0,0.081077,0.077361,0.0,0.0,0.0,0.052054,0.02674,0.0,0.032656,0.042629,0.032746,0.028586,0.0,0.023354,0.026794,0.0,0.028434,0.0,0.0,0.0,0.0,0.0,0.0,0.0,0.0,0.0,0.0,0.070609,0.0,0.041831,0.076644,0.015221
2024-04-15,0.080199,0.031099,0.073708,0.0,0.0,0.0,0.078372,0.081775,0.0,0.0,0.0,0.081052,0.077938,0.0,0.0,0.0,0.052328,0.026834,0.0,0.032519,0.043075,0.032479,0.028826,0.0,0.023197,0.026786,0.0,0.028092,0.0,0.0,0.0,0.0,0.0,0.0,0.0,0.0,0.0,0.0,0.071081,0.0,0.041863,0.073363,0.015412
2024-04-16,0.079439,0.031077,0.073213,0.0,0.0,0.0,0.077077,0.082198,0.0,0.0,0.0,0.081373,0.077979,0.0,0.0,0.0,0.052592,0.026878,0.0,0.032165,0.043407,0.032437,0.029049,0.0,0.023395,0.027187,0.0,0.028282,0.0,0.0,0.0,0.0,0.0,0.0,0.0,0.0,0.0,0.0,0.071368,0.0,0.04204,0.073314,0.015529
2024-04-17,0.079538,0.031347,0.072817,0.0,0.0,0.0,0.077715,0.08234,0.0,0.0,0.0,0.08173,0.078587,0.0,0.0,0.0,0.052595,0.026736,0.0,0.032132,0.04356,0.032242,0.02931,0.0,0.023179,0.026501,0.0,0.028128,0.0,0.0,0.0,0.0,0.0,0.0,0.0,0.0,0.0,0.0,0.071838,0.0,0.042593,0.071499,0.015613
2024-04-18,0.0797,0.031196,0.072418,0.0,0.0,0.0,0.077366,0.082295,0.0,0.0,0.0,0.081922,0.078667,0.0,0.0,0.0,0.052281,0.026624,0.0,0.032073,0.043448,0.031717,0.029372,0.0,0.022857,0.025966,0.0,0.02801,0.0,0.0,0.0,0.0,0.0,0.0,0.0,0.0,0.0,0.0,0.071715,0.0,0.042452,0.074345,0.015576
2024-04-19,0.078899,0.031256,0.071944,0.0,0.0,0.0,0.07894,0.082667,0.0,0.0,0.0,0.080979,0.079708,0.0,0.0,0.0,0.052156,0.026625,0.0,0.031855,0.043586,0.031452,0.029642,0.0,0.022374,0.024917,0.0,0.027888,0.0,0.0,0.0,0.0,0.0,0.0,0.0,0.0,0.0,0.0,0.071806,0.0,0.04255,0.075186,0.01557
2024-04-22,0.078162,0.031305,0.071993,0.0,0.0,0.0,0.078881,0.08278,0.0,0.0,0.0,0.080325,0.079913,0.0,0.0,0.0,0.052054,0.026634,0.0,0.031804,0.043339,0.031501,0.029642,0.0,0.02236,0.025088,0.0,0.027955,0.0,0.0,0.0,0.0,0.0,0.0,0.0,0.0,0.0,0.0,0.071521,0.0,0.042374,0.076941,0.015426
2024-04-23,0.07876,0.031466,0.071519,0.0,0.0,0.0,0.078565,0.082241,0.0,0.0,0.0,0.080829,0.079714,0.0,0.0,0.0,0.052314,0.026765,0.0,0.032389,0.043518,0.031575,0.029464,0.0,0.022492,0.025386,0.0,0.028261,0.0,0.0,0.0,0.0,0.0,0.0,0.0,0.0,0.0,0.0,0.07118,0.0,0.042058,0.076211,0.015292
2024-04-24,0.079103,0.031472,0.072177,0.0,0.0,0.0,0.078518,0.082642,0.0,0.0,0.0,0.081274,0.080083,0.0,0.0,0.0,0.052151,0.026249,0.0,0.03216,0.043595,0.031448,0.029831,0.0,0.022705,0.025841,0.0,0.028535,0.0,0.0,0.0,0.0,0.0,0.0,0.0,0.0,0.0,0.0,0.071368,0.0,0.041961,0.07352,0.015368
2024-04-25,0.078688,0.031574,0.071417,0.0,0.0,0.0,0.078457,0.083508,0.0,0.0,0.0,0.078775,0.08002,0.0,0.0,0.0,0.052574,0.026723,0.0,0.032221,0.043523,0.030959,0.029911,0.0,0.02277,0.026454,0.0,0.028469,0.0,0.0,0.0,0.0,0.0,0.0,0.0,0.0,0.0,0.0,0.07158,0.0,0.042054,0.074875,0.015447
2024-04-26,0.079319,0.0316,0.071546,0.0,0.0,0.0,0.079778,0.082997,0.0,0.0,0.0,0.080406,0.079367,0.0,0.0,0.0,0.052307,0.026209,0.0,0.032386,0.043244,0.031227,0.029648,0.0,0.022873,0.026832,0.0,0.028633,0.0,0.0,0.0,0.0,0.0,0.0,0.0,0.0,0.0,0.0,0.071324,0.0,0.041954,0.073003,0.015344
2024-04-29,0.079402,0.031628,0.072032,0.0,0.0,0.0,0.080126,0.08314,0.0,0.0,0.0,0.079291,0.07907,0.0,0.0,0.0,0.052537,0.026054,0.0,0.032483,0.04329,0.031913,0.029675,0.0,0.022919,0.026975,0.0,0.028636,0.0,0.0,0.0,0.0,0.0,0.0,0.0,0.0,0.0,0.0,0.071375,0.0,0.042064,0.072074,0.015315
2024-04-30,0.077209,0.033213,0.066263,0.0,0.0,0.0,0.0,0.0,0.069035,0.0,0.0,0.038145,0.063862,0.032325,0.0,0.0,0.09602,0.0,0.096378,0.096128,0.0,0.048641,0.0,0.0,0.0,0.064379,0.0,0.0,0.022017,0.0,0.0,0.049773,0.0,0.0,0.027761,0.0,0.0,0.0,0.0,0.0,0.0,0.096484,0.022367
2024-05-01,0.076626,0.033297,0.066355,0.0,0.0,0.0,0.0,0.0,0.068928,0.0,0.0,0.038643,0.064103,0.033142,0.0,0.0,0.096144,0.0,0.097244,0.096695,0.0,0.050388,0.0,0.0,0.0,0.062439,0.0,0.0,0.022055,0.0,0.0,0.050414,0.0,0.0,0.027744,0.0,0.0,0.0,0.0,0.0,0.0,0.093331,0.022451
2024-05-02,0.07604,0.033209,0.066856,0.0,0.0,0.0,0.0,0.0,0.069507,0.0,0.0,0.038546,0.063462,0.033156,0.0,0.0,0.095495,0.0,0.095537,0.096868,0.0,0.050336,0.0,0.0,0.0,0.063048,0.0,0.0,0.022204,0.0,0.0,0.049633,0.0,0.0,0.027477,0.0,0.0,0.0,0.0,0.0,0.0,0.096446,0.022179
2024-05-03,0.076083,0.033008,0.066616,0.0,0.0,0.0,0.0,0.0,0.069538,0.0,0.0,0.038371,0.062651,0.033038,0.0,0.0,0.094722,0.0,0.095063,0.097045,0.0,0.050503,0.0,0.0,0.0,0.063503,0.0,0.0,0.022246,0.0,0.0,0.048851,0.0,0.0,0.027622,0.0,0.0,0.0,0.0,0.0,0.0,0.099294,0.021847
2024-05-06,0.075301,0.032933,0.066322,0.0,0.0,0.0,0.0,0.0,0.069305,0.0,0.0,0.038493,0.062803,0.033051,0.0,0.0,0.094696,0.0,0.094654,0.09739,0.0,0.050318,0.0,0.0,0.0,0.064156,0.0,0.0,0.022345,0.0,0.0,0.048858,0.0,0.0,0.027755,0.0,0.0,0.0,0.0,0.0,0.0,0.099989,0.021632
2024-05-07,0.076386,0.033159,0.065619,0.0,0.0,0.0,0.0,0.0,0.068719,0.0,0.0,0.038548,0.063037,0.033012,0.0,0.0,0.094986,0.0,0.095809,0.096589,0.0,0.050251,0.0,0.0,0.0,0.06361,0.0,0.0,0.022367,0.0,0.0,0.048648,0.0,0.0,0.027799,0.0,0.0,0.0,0.0,0.0,0.0,0.099826,0.021635
2024-05-08,0.076527,0.033435,0.06509,0.0,0.0,0.0,0.0,0.0,0.069463,0.0,0.0,0.038664,0.063559,0.033327,0.0,0.0,0.095424,0.0,0.095808,0.095866,0.0,0.049746,0.0,0.0,0.0,0.063964,0.0,0.0,0.022327,0.0,0.0,0.048729,0.0,0.0,0.027568,0.0,0.0,0.0,0.0,0.0,0.0,0.098759,0.021745
2024-05-09,0.076341,0.033487,0.064906,0.0,0.0,0.0,0.0,0.0,0.069046,0.0,0.0,0.038579,0.063573,0.033305,0.0,0.0,0.095681,0.0,0.096176,0.096719,0.0,0.049315,0.0,0.0,0.0,0.063266,0.0,0.0,0.022265,0.0,0.0,0.049141,0.0,0.0,0.028018,0.0,0.0,0.0,0.0,0.0,0.0,0.098592,0.02159
2024-05-10,0.076652,0.033666,0.064588,0.0,0.0,0.0,0.0,0.0,0.069865,0.0,0.0,0.038667,0.063869,0.033318,0.0,0.0,0.095828,0.0,0.09637,0.096976,0.0,0.048889,0.0,0.0,0.0,0.063938,0.0,0.0,0.022234,0.0,0.0,0.04958,0.0,0.0,0.028082,0.0,0.0,0.0,0.0,0.0,0.0,0.09587,0.021609
2024-05-13,0.076477,0.033592,0.064152,0.0,0.0,0.0,0.0,0.0,0.069812,0.0,0.0,0.038489,0.063433,0.033057,0.0,0.0,0.095158,0.0,0.096039,0.095709,0.0,0.049716,0.0,0.0,0.0,0.063894,0.0,0.0,0.022207,0.0,0.0,0.048889,0.0,0.0,0.028185,0.0,0.0,0.0,0.0,0.0,0.0,0.099639,0.021553
2024-05-14,0.076301,0.033745,0.064408,0.0,0.0,0.0,0.0,0.0,0.070738,0.0,0.0,0.038515,0.063509,0.033308,0.0,0.0,0.094772,0.0,0.095766,0.09592,0.0,0.050022,0.0,0.0,0.0,0.064708,0.0,0.0,0.022242,0.0,0.0,0.049114,0.0,0.0,0.028903,0.0,0.0,0.0,0.0,0.0,0.0,0.096553,0.021476
2024-05-15,0.075774,0.033461,0.063879,0.0,0.0,0.0,0.0,0.0,0.070623,0.0,0.0,0.038018,0.062755,0.032842,0.0,0.0,0.093568,0.0,0.094097,0.097592,0.0,0.050054,0.0,0.0,0.0,0.065252,0.0,0.0,0.022136,0.0,0.0,0.048793,0.0,0.0,0.028333,0.0,0.0,0.0,0.0,0.0,0.0,0.101757,0.021068
2024-05-16,0.076691,0.033524,0.063722,0.0,0.0,0.0,0.0,0.0,0.070506,0.0,0.0,0.038285,0.063243,0.03298,0.0,0.0,0.093733,0.0,0.094148,0.095333,0.0,0.050432,0.0,0.0,0.0,0.065437,0.0,0.0,0.022175,0.0,0.0,0.04898,0.0,0.0,0.028369,0.0,0.0,0.0,0.0,0.0,0.0,0.10121,0.021234
2024-05-17,0.075961,0.033425,0.063788,0.0,0.0,0.0,0.0,0.0,0.070314,0.0,0.0,0.038133,0.063347,0.032938,0.0,0.0,0.093307,0.0,0.094415,0.094793,0.0,0.049383,0.0,0.0,0.0,0.064698,0.0,0.0,0.021938,0.0,0.0,0.049506,0.0,0.0,0.029528,0.0,0.0,0.0,0.0,0.0,0.0,0.103411,0.021115
2024-05-20,0.075825,0.033175,0.06379,0.0,0.0,0.0,0.0,0.0,0.069613,0.0,0.0,0.037975,0.062042,0.032262,0.0,0.0,0.092827,0.0,0.093881,0.093692,0.0,0.049621,0.0,0.0,0.0,0.065655,0.0,0.0,0.022004,0.0,0.0,0.049355,0.0,0.0,0.029916,0.0,0.0,0.0,0.0,0.0,0.0,0.107397,0.020969
2024-05-21,0.075892,0.033316,0.0637,0.0,0.0,0.0,0.0,0.0,0.069492,0.0,0.0,0.038091,0.062715,0.032534,0.0,0.0,0.092929,0.0,0.094293,0.093451,0.0,0.04946,0.0,0.0,0.0,0.065731,0.0,0.0,0.021858,0.0,0.0,0.049499,0.0,0.0,0.029472,0.0,0.0,0.0,0.0,0.0,0.0,0.106505,0.021062
2024-05-22,0.076285,0.033245,0.063323,0.0,0.0,0.0,0.0,0.0,0.070599,0.0,0.0,0.038357,0.062719,0.03237,0.0,0.0,0.093578,0.0,0.093913,0.091463,0.0,0.050072,0.0,0.0,0.0,0.066887,0.0,0.0,0.021734,0.0,0.0,0.04887,0.0,0.0,0.02767,0.0,0.0,0.0,0.0,0.0,0.0,0.107729,0.021186
2024-05-23,0.077179,0.03351,0.06384,0.0,0.0,0.0,0.0,0.0,0.071505,0.0,0.0,0.038401,0.062633,0.03206,0.0,0.0,0.093641,0.0,0.094256,0.091803,0.0,0.049137,0.0,0.0,0.0,0.067352,0.0,0.0,0.022037,0.0,0.0,0.0485,0.0,0.0,0.027723,0.0,0.0,0.0,0.0,0.0,0.0,0.104961,0.021462
2024-05-24,0.076336,0.033423,0.063871,0.0,0.0,0.0,0.0,0.0,0.071667,0.0,0.0,0.038491,0.06236,0.031936,0.0,0.0,0.093145,0.0,0.094096,0.091889,0.0,0.048362,0.0,0.0,0.0,0.067978,0.0,0.0,0.022004,0.0,0.0,0.048044,0.0,0.0,0.027954,0.0,0.0,0.0,0.0,0.0,0.0,0.107199,0.021243
2024-05-27,0.076336,0.033423,0.063871,0.0,0.0,0.0,0.0,0.0,0.071667,0.0,0.0,0.038491,0.06236,0.031936,0.0,0.0,0.093145,0.0,0.094096,0.091889,0.0,0.048362,0.0,0.0,0.0,0.067978,0.0,0.0,0.022004,0.0,0.0,0.048044,0.0,0.0,0.027954,0.0,0.0,0.0,0.0,0.0,0.0,0.107199,0.021248
2024-05-28,0.076395,0.033396,0.064304,0.0,0.0,0.0,0.0,0.0,0.072591,0.0,0.0,0.038598,0.061737,0.031715,0.0,0.0,0.092107,0.0,0.093837,0.090891,0.0,0.048578,0.0,0.0,0.0,0.069201,0.0,0.0,0.022042,0.0,0.0,0.048601,0.0,0.0,0.028795,0.0,0.0,0.0,0.0,0.0,0.0,0.105939,0.021273
2024-05-29,0.076797,0.033402,0.063973,0.0,0.0,0.0,0.0,0.0,0.071906,0.0,0.0,0.038977,0.062174,0.031544,0.0,0.0,0.092184,0.0,0.093903,0.091293,0.0,0.048404,0.0,0.0,0.0,0.068802,0.0,0.0,0.022023,0.0,0.0,0.048881,0.0,0.0,0.028451,0.0,0.0,0.0,0.0,0.0,0.0,0.105687,0.021599
2024-05-30,0.076241,0.033465,0.064046,0.0,0.0,0.0,0.0,0.0,0.071531,0.0,0.0,0.038557,0.062038,0.031787,0.0,0.0,0.092116,0.0,0.093953,0.092533,0.0,0.048852,0.0,0.0,0.0,0.067809,0.0,0.0,0.021639,0.0,0.0,0.048605,0.0,0.0,0.028033,0.0,0.0,0.0,0.0,0.0,0.0,0.107355,0.02144
2024-05-31,0.030969,0.0,0.0,0.0,0.0,0.0,0.0,0.072337,0.02144,0.0,0.0,0.094048,0.046941,0.047036,0.0,0.0,0.093794,0.0,0.0,0.093718,0.0,0.054764,0.041305,0.024926,0.0,0.046157,0.0,0.0,0.046399,0.0,0.0,0.09386,0.0,0.0,0.093934,0.0,0.0,0.0,0.0,0.0,0.0,0.094113,0.004259
2024-06-03,0.031173,0.0,0.0,0.0,0.0,0.0,0.0,0.074433,0.021566,0.0,0.0,0.093983,0.046432,0.046271,0.0,0.0,0.092218,0.0,0.0,0.092476,0.0,0.05591,0.041098,0.024527,0.0,0.046018,0.0,0.0,0.046694,0.0,0.0,0.094259,0.0,0.0,0.092645,0.0,0.0,0.0,0.0,0.0,0.0,0.096056,0.00424
2024-06-04,0.031424,0.0,0.0,0.0,0.0,0.0,0.0,0.070679,0.021524,0.0,0.0,0.0954,0.046736,0.046022,0.0,0.0,0.093022,0.0,0.0,0.091735,0.0,0.056382,0.041918,0.024792,0.0,0.04617,0.0,0.0,0.047232,0.0,0.0,0.094459,0.0,0.0,0.08919,0.0,0.0,0.0,0.0,0.0,0.0,0.099026,0.004288
2024-06-05,0.031275,0.0,0.0,0.0,0.0,0.0,0.0,0.071816,0.021706,0.0,0.0,0.095046,0.046138,0.045441,0.0,0.0,0.092489,0.0,0.0,0.091959,0.0,0.057294,0.041171,0.024264,0.0,0.047434,0.0,0.0,0.047254,0.0,0.0,0.09408,0.0,0.0,0.089839,0.0,0.0,0.0,0.0,0.0,0.0,0.098571,0.004221
2024-06-06,0.031464,0.0,0.0,0.0,0.0,0.0,0.0,0.072246,0.021814,0.0,0.0,0.095241,0.046183,0.045558,0.0,0.0,0.092074,0.0,0.0,0.090963,0.0,0.056585,0.041358,0.024048,0.0,0.047114,0.0,0.0,0.047068,0.0,0.0,0.094914,0.0,0.0,0.091634,0.0,0.0,0.0,0.0,0.0,0.0,0.097507,0.004228
2024-06-07,0.031822,0.0,0.0,0.0,0.0,0.0,0.0,0.07401,0.021898,0.0,0.0,0.095771,0.046974,0.046024,0.0,0.0,0.093322,0.0,0.0,0.090519,0.0,0.056409,0.041665,0.024082,0.0,0.047559,0.0,0.0,0.047035,0.0,0.0,0.092669,0.0,0.0,0.089017,0.0,0.0,0.0,0.0,0.0,0.0,0.096944,0.004281
2024-06-10,0.031591,0.0,0.0,0.0,0.0,0.0,0.0,0.073851,0.021961,0.0,0.0,0.09552,0.046554,0.04524,0.0,0.0,0.093135,0.0,0.0,0.090896,0.0,0.056489,0.041421,0.024268,0.0,0.047998,0.0,0.0,0.047141,0.0,0.0,0.093041,0.0,0.0,0.089927,0.0,0.0,0.0,0.0,0.0,0.0,0.096708,0.004259
2024-06-11,0.03174,0.0,0.0,0.0,0.0,0.0,0.0,0.074545,0.022101,0.0,0.0,0.096404,0.046363,0.045174,0.0,0.0,0.093284,0.0,0.0,0.090394,0.0,0.057195,0.041704,0.024298,0.0,0.048391,0.0,0.0,0.047245,0.0,0.0,0.093993,0.0,0.0,0.088429,0.0,0.0,0.0,0.0,0.0,0.0,0.094448,0.004291
2024-06-12,0.031927,0.0,0.0,0.0,0.0,0.0,0.0,0.074405,0.02237,0.0,0.0,0.095298,0.045884,0.045704,0.0,0.0,0.093289,0.0,0.0,0.092481,0.0,0.057493,0.04086,0.023913,0.0,0.049289,0.0,0.0,0.04784,0.0,0.0,0.09336,0.0,0.0,0.087853,0.0,0.0,0.0,0.0,0.0,0.0,0.093783,0.004252
2024-06-13,0.031872,0.0,0.0,0.0,0.0,0.0,0.0,0.074719,0.022493,0.0,0.0,0.094996,0.046102,0.045415,0.0,0.0,0.093201,0.0,0.0,0.093088,0.0,0.05781,0.041139,0.0241,0.0,0.050099,0.0,0.0,0.047801,0.0,0.0,0.093109,0.0,0.0,0.086812,0.0,0.0,0.0,0.0,0.0,0.0,0.092968,0.004277
2024-06-14,0.0319,0.0,0.0,0.0,0.0,0.0,0.0,0.07579,0.022785,0.0,0.0,0.095669,0.046133,0.045006,0.0,0.0,0.09262,0.0,0.0,0.092441,0.0,0.056752,0.041372,0.024134,0.0,0.050111,0.0,0.0,0.047651,0.0,0.0,0.094679,0.0,0.0,0.08697,0.0,0.0,0.0,0.0,0.0,0.0,0.091692,0.004294
2024-06-17,0.031824,0.0,0.0,0.0,0.0,0.0,0.0,0.075555,0.022934,0.0,0.0,0.095687,0.04633,0.045485,0.0,0.0,0.093219,0.0,0.0,0.092766,0.0,0.05578,0.041575,0.02376,0.0,0.050671,0.0,0.0,0.04751,0.0,0.0,0.09376,0.0,0.0,0.085853,0.0,0.0,0.0,0.0,0.0,0.0,0.093014,0.004275
2024-06-18,0.03211,0.0,0.0,0.0,0.0,0.0,0.0,0.076042,0.023286,0.0,0.0,0.095286,0.046704,0.045727,0.0,0.0,0.093883,0.0,0.0,0.091285,0.0,0.055327,0.041701,0.023811,0.0,0.051405,0.0,0.0,0.047865,0.0,0.0,0.094299,0.0,0.0,0.087293,0.0,0.0,0.0,0.0,0.0,0.0,0.089693,0.004283
2024-06-19,0.032168,0.0,0.0,0.0,0.0,0.0,0.0,0.076037,0.023284,0.0,0.0,0.09528,0.046701,0.045724,0.0,0.0,0.093877,0.0,0.0,0.09128,0.0,0.055324,0.041698,0.02381,0.0,0.051402,0.0,0.0,0.047862,0.0,0.0,0.094293,0.0,0.0,0.087287,0.0,0.0,0.0,0.0,0.0,0.0,0.089688,0.004283
2024-06-20,0.032132,0.0,0.0,0.0,0.0,0.0,0.0,0.075069,0.023405,0.0,0.0,0.095432,0.046825,0.045694,0.0,0.0,0.093687,0.0,0.0,0.090549,0.0,0.055293,0.041496,0.023952,0.0,0.049873,0.0,0.0,0.046874,0.0,0.0,0.095215,0.0,0.0,0.089825,0.0,0.0,0.0,0.0,0.0,0.0,0.090408,0.004273
2024-06-21,0.032032,0.0,0.0,0.0,0.0,0.0,0.0,0.074994,0.02339,0.0,0.0,0.096415,0.046819,0.045804,0.0,0.0,0.09384,0.0,0.0,0.091253,0.0,0.057038,0.041684,0.023901,0.0,0.049572,0.0,0.0,0.046595,0.0,0.0,0.094091,0.0,0.0,0.088575,0.0,0.0,0.0,0.0,0.0,0.0,0.089709,0.004289
2024-06-24,0.032289,0.0,0.0,0.0,0.0,0.0,0.0,0.075733,0.023098,0.0,0.0,0.096911,0.047385,0.046754,0.0,0.0,0.094408,0.0,0.0,0.091976,0.0,0.058053,0.042204,0.024258,0.0,0.048243,0.0,0.0,0.046223,0.0,0.0,0.094633,0.0,0.0,0.090833,0.0,0.0,0.0,0.0,0.0,0.0,0.082703,0.004298
2024-06-25,0.032236,0.0,0.0,0.0,0.0,0.0,0.0,0.075873,0.023192,0.0,0.0,0.098086,0.047076,0.04623,0.0,0.0,0.09369,0.0,0.0,0.08949,0.0,0.057699,0.041972,0.024051,0.0,0.04903,0.0,0.0,0.046829,0.0,0.0,0.094252,0.0,0.0,0.089308,0.0,0.0,0.0,0.0,0.0,0.0,0.086683,0.004302
2024-06-26,0.03225,0.0,0.0,0.0,0.0,0.0,0.0,0.07617,0.02309,0.0,0.0,0.09841,0.046929,0.046387,0.0,0.0,0.093735,0.0,0.0,0.089981,0.0,0.057329,0.042019,0.024027,0.0,0.048995,0.0,0.0,0.046932,0.0,0.0,0.09368,0.0,0.0,0.090243,0.0,0.0,0.0,0.0,0.0,0.0,0.085506,0.004317
2024-06-27,0.032214,0.0,0.0,0.0,0.0,0.0,0.0,0.076755,0.02318,0.0,0.0,0.098695,0.046741,0.046723,0.0,0.0,0.093573,0.0,0.0,0.089854,0.0,0.057585,0.041723,0.024001,0.0,0.048608,0.0,0.0,0.046837,0.0,0.0,0.094478,0.0,0.0,0.088866,0.0,0.0,0.0,0.0,0.0,0.0,0.085862,0.004305
2024-06-28,0.067955,0.067981,0.0,0.0,0.0,0.0,0.0,0.019288,0.048441,0.0,0.0,0.067661,0.047442,0.020604,0.0,0.0,0.067564,0.0,0.046689,0.043542,0.0,0.0316,0.067967,0.068112,0.02598,0.041707,0.0,0.0,0.0,0.0,0.0,0.032845,0.034906,0.059469,0.067907,0.0,0.0,0.0,0.0,0.0,0.0,0.068094,0.004246
2024-07-01,0.067536,0.068329,0.0,0.0,0.0,0.0,0.0,0.01941,0.048274,0.0,0.0,0.067318,0.047505,0.020493,0.0,0.0,0.066779,0.0,0.04593,0.042423,0.0,0.031685,0.067429,0.067583,0.026154,0.041669,0.0,0.0,0.0,0.0,0.0,0.032902,0.035243,0.058968,0.068389,0.0,0.0,0.0,0.0,0.0,0.0,0.071737,0.004244
2024-07-02,0.067541,0.067969,0.0,0.0,0.0,0.0,0.0,0.019356,0.048416,0.0,0.0,0.067742,0.047934,0.020697,0.0,0.0,0.066971,0.0,0.045895,0.04203,0.0,0.031032,0.067723,0.067757,0.026217,0.042146,0.0,0.0,0.0,0.0,0.0,0.032815,0.035309,0.059687,0.068467,0.0,0.0,0.0,0.0,0.0,0.0,0.070065,0.004234
2024-07-03,0.067734,0.0684,0.0,0.0,0.0,0.0,0.0,0.019319,0.048934,0.0,0.0,0.067351,0.047492,0.020293,0.0,0.0,0.066803,0.0,0.045955,0.041884,0.0,0.030677,0.067195,0.067748,0.026408,0.042586,0.0,0.0,0.0,0.0,0.0,0.032982,0.036225,0.05947,0.070403,0.0,0.0,0.0,0.0,0.0,0.0,0.067934,0.004208
2024-07-04,0.067955,0.068384,0.0,0.0,0.0,0.0,0.0,0.019315,0.048923,0.0,0.0,0.067335,0.04748,0.020288,0.0,0.0,0.066787,0.0,0.045944,0.041874,0.0,0.030669,0.067179,0.067732,0.026401,0.042576,0.0,0.0,0.0,0.0,0.0,0.032974,0.036216,0.059456,0.070387,0.0,0.0,0.0,0.0,0.0,0.0,0.067918,0.004208
2024-07-05,0.067983,0.068856,0.0,0.0,0.0,0.0,0.0,0.019375,0.049043,0.0,0.0,0.068549,0.047406,0.019975,0.0,0.0,0.066456,0.0,0.045956,0.041549,0.0,0.030911,0.067914,0.06776,0.026447,0.042603,0.0,0.0,0.0,0.0,0.0,0.033374,0.036999,0.059772,0.071528,0.0,0.0,0.0,0.0,0.0,0.0,0.06334,0.004203
2024-07-08,0.068198,0.06857,0.0,0.0,0.0,0.0,0.0,0.01938,0.049756,0.0,0.0,0.067988,0.047319,0.019987,0.0,0.0,0.066593,0.0,0.04613,0.042027,0.0,0.03145,0.067864,0.067885,0.026649,0.043447,0.0,0.0,0.0,0.0,0.0,0.032987,0.036574,0.059376,0.070187,0.0,0.0,0.0,0.0,0.0,0.0,0.063424,0.004207
2024-07-09,0.067981,0.067863,0.0,0.0,0.0,0.0,0.0,0.019409,0.049504,0.0,0.0,0.068036,0.04757,0.020268,0.0,0.0,0.066143,0.0,0.045549,0.041786,0.0,0.031758,0.067526,0.06792,0.026564,0.043322,0.0,0.0,0.0,0.0,0.0,0.032964,0.036474,0.060097,0.070167,0.0,0.0,0.0,0.0,0.0,0.0,0.064904,0.004197
2024-07-10,0.067894,0.068236,0.0,0.0,0.0,0.0,0.0,0.019238,0.049857,0.0,0.0,0.067995,0.047425,0.020534,0.0,0.0,0.066277,0.0,0.045843,0.042391,0.0,0.031911,0.067359,0.068091,0.026764,0.044023,0.0,0.0,0.0,0.0,0.0,0.032857,0.036275,0.05895,0.070055,0.0,0.0,0.0,0.0,0.0,0.0,0.063855,0.00417
2024-07-11,0.067586,0.068123,0.0,0.0,0.0,0.0,0.0,0.019165,0.0495,0.0,0.0,0.066633,0.04749,0.021142,0.0,0.0,0.066686,0.0,0.046171,0.044728,0.0,0.032529,0.066674,0.068888,0.025926,0.042301,0.0,0.0,0.0,0.0,0.0,0.033224,0.036707,0.059616,0.069324,0.0,0.0,0.0,0.0,0.0,0.0,0.063443,0.004143
2024-07-12,0.06779,0.068566,0.0,0.0,0.0,0.0,0.0,0.019122,0.049208,0.0,0.0,0.066061,0.047391,0.021084,0.0,0.0,0.066709,0.0,0.046363,0.045331,0.0,0.032684,0.066608,0.069022,0.026017,0.042587,0.0,0.0,0.0,0.0,0.0,0.033025,0.035796,0.05903,0.069973,0.0,0.0,0.0,0.0,0.0,0.0,0.063511,0.004121
2024-07-15,0.067619,0.067603,0.0,0.0,0.0,0.0,0.0,0.019089,0.048235,0.0,0.0,0.06608,0.047926,0.021577,0.0,0.0,0.066966,0.0,0.046093,0.04514,0.0,0.032886,0.066003,0.067125,0.025978,0.042494,0.0,0.0,0.0,0.0,0.0,0.033023,0.035564,0.058498,0.068463,0.0,0.0,0.0,0.0,0.0,0.0,0.069531,0.004108
2024-07-16,0.066756,0.067089,0.0,0.0,0.0,0.0,0.0,0.018939,0.048285,0.0,0.0,0.065503,0.047922,0.022201,0.0,0.0,0.067858,0.0,0.046454,0.047269,0.0,0.033147,0.065881,0.066878,0.025598,0.042272,0.0,0.0,0.0,0.0,0.0,0.033299,0.035888,0.057023,0.066953,0.0,0.0,0.0,0.0,0.0,0.0,0.070723,0.004062
2024-07-17,0.067213,0.067592,0.0,0.0,0.0,0.0,0.0,0.019093,0.047249,0.0,0.0,0.065349,0.04891,0.022686,0.0,0.0,0.067856,0.0,0.046957,0.046868,0.0,0.0329,0.067591,0.067782,0.02492,0.039773,0.0,0.0,0.0,0.0,0.0,0.033572,0.035158,0.05776,0.065737,0.0,0.0,0.0,0.0,0.0,0.0,0.070917,0.004115
2024-07-18,0.067236,0.067601,0.0,0.0,0.0,0.0,0.0,0.019273,0.047051,0.0,0.0,0.065857,0.048723,0.022507,0.0,0.0,0.067888,0.0,0.04688,0.048133,0.0,0.032424,0.067818,0.06829,0.025131,0.040225,0.0,0.0,0.0,0.0,0.0,0.033637,0.03485,0.058364,0.063717,0.0,0.0,0.0,0.0,0.0,0.0,0.070245,0.00415
2024-07-19,0.066937,0.067422,0.0,0.0,0.0,0.0,0.0,0.019011,0.046486,0.0,0.0,0.065788,0.048392,0.02261,0.0,0.0,0.067745,0.0,0.046621,0.048188,0.0,0.032524,0.067824,0.068601,0.024822,0.039128,0.0,0.0,0.0,0.0,0.0,0.033146,0.034313,0.057805,0.063801,0.0,0.0,0.0,0.0,0.0,0.0,0.074671,0.004165
2024-07-22,0.066645,0.067761,0.0,0.0,0.0,0.0,0.0,0.018992,0.045907,0.0,0.0,0.065478,0.04823,0.022766,0.0,0.0,0.067825,0.0,0.04636,0.048469,0.0,0.032691,0.067263,0.068562,0.025183,0.040387,0.0,0.0,0.0,0.0,0.0,0.032862,0.033931,0.058818,0.062664,0.0,0.0,0.0,0.0,0.0,0.0,0.075076,0.004128
2024-07-23,0.067371,0.067459,0.0,0.0,0.0,0.0,0.0,0.018775,0.046247,0.0,0.0,0.06566,0.048521,0.02316,0.0,0.0,0.067979,0.0,0.046739,0.048832,0.0,0.033117,0.067303,0.06842,0.025188,0.039952,0.0,0.0,0.0,0.0,0.0,0.033115,0.034137,0.059064,0.062457,0.0,0.0,0.0,0.0,0.0,0.0,0.072359,0.004146
2024-07-24,0.067124,0.06775,0.0,0.0,0.0,0.0,0.0,0.018934,0.045699,0.0,0.0,0.064821,0.048514,0.023074,0.0,0.0,0.067428,0.0,0.046774,0.048076,0.0,0.033328,0.068164,0.070138,0.024477,0.038345,0.0,0.0,0.0,0.0,0.0,0.033451,0.034281,0.059429,0.062511,0.0,0.0,0.0,0.0,0.0,0.0,0.073479,0.004203
2024-07-25,0.067032,0.067778,0.0,0.0,0.0,0.0,0.0,0.019113,0.045776,0.0,0.0,0.064317,0.048883,0.023686,0.0,0.0,0.06823,0.0,0.047085,0.049165,0.0,0.034111,0.068346,0.069822,0.024308,0.037634,0.0,0.0,0.0,0.0,0.0,0.033054,0.033084,0.059261,0.062586,0.0,0.0,0.0,0.0,0.0,0.0,0.072508,0.004221
2024-07-26,0.066115,0.067677,0.0,0.0,0.0,0.0,0.0,0.019172,0.04548,0.0,0.0,0.064513,0.048884,0.023711,0.0,0.0,0.068325,0.0,0.047117,0.050072,0.0,0.033772,0.067976,0.069419,0.024236,0.037849,0.0,0.0,0.0,0.0,0.0,0.032887,0.032664,0.058274,0.062547,0.0,0.0,0.0,0.0,0.0,0.0,0.075154,0.004156
2024-07-29,0.066238,0.067394,0.0,0.0,0.0,0.0,0.0,0.019243,0.045011,0.0,0.0,0.0653,0.048979,0.023355,0.0,0.0,0.068433,0.0,0.047357,0.05064,0.0,0.033461,0.068229,0.069964,0.024209,0.037896,0.0,0.0,0.0,0.0,0.0,0.032951,0.032721,0.057808,0.062284,0.0,0.0,0.0,0.0,0.0,0.0,0.074357,0.00417
2024-07-30,0.066328,0.067742,0.0,0.0,0.0,0.0,0.0,0.019278,0.045042,0.0,0.0,0.065659,0.049617,0.023577,0.0,0.0,0.068735,0.0,0.047271,0.051162,0.0,0.033082,0.067868,0.070429,0.023636,0.036574,0.0,0.0,0.0,0.0,0.0,0.033329,0.033271,0.058382,0.061902,0.0,0.0,0.0,0.0,0.0,0.0,0.07294,0.004177
2024-07-31,0.079472,0.027777,0.0,0.0,0.065351,0.011322,0.0,0.034077,0.034072,0.0,0.0,0.079062,0.058974,0.020156,0.029473,0.0,0.047249,0.0,0.0,0.0,0.0,0.0,0.079254,0.07949,0.030102,0.048194,0.0,0.0,0.0,0.0,0.0,0.040225,0.037954,0.036741,0.079411,0.0,0.0,0.0,0.0,0.0,0.0,0.076872,0.00477
2024-08-01,0.07969,0.027664,0.0,0.0,0.065663,0.01136,0.0,0.034277,0.033739,0.0,0.0,0.080736,0.059127,0.019644,0.029181,0.0,0.047163,0.0,0.0,0.0,0.0,0.0,0.081348,0.082298,0.029473,0.045482,0.0,0.0,0.0,0.0,0.0,0.040769,0.038074,0.036611,0.076996,0.0,0.0,0.0,0.0,0.0,0.0,0.075851,0.004853
2024-08-02,0.078634,0.027869,0.0,0.0,0.065015,0.011493,0.0,0.034472,0.03329,0.0,0.0,0.080627,0.058548,0.019259,0.028859,0.0,0.046824,0.0,0.0,0.0,0.0,0.0,0.083306,0.08368,0.029079,0.043717,0.0,0.0,0.0,0.0,0.0,0.041308,0.038665,0.037214,0.077188,0.0,0.0,0.0,0.0,0.0,0.0,0.076029,0.004926
2024-08-05,0.079879,0.028201,0.0,0.0,0.065646,0.011834,0.0,0.034782,0.032728,0.0,0.0,0.081036,0.058825,0.019361,0.029203,0.0,0.047611,0.0,0.0,0.0,0.0,0.0,0.084504,0.084302,0.029087,0.044438,0.0,0.0,0.0,0.0,0.0,0.042201,0.038196,0.03892,0.076845,0.0,0.0,0.0,0.0,0.0,0.0,0.067305,0.005098
2024-08-06,0.079475,0.027993,0.0,0.0,0.065256,0.011699,0.0,0.034568,0.032748,0.0,0.0,0.081176,0.059181,0.019271,0.02909,0.0,0.047704,0.0,0.0,0.0,0.0,0.0,0.084245,0.084168,0.029189,0.044394,0.0,0.0,0.0,0.0,0.0,0.041447,0.037481,0.038828,0.076234,0.0,0.0,0.0,0.0,0.0,0.0,0.070808,0.005048
2024-08-07,0.080863,0.02812,0.0,0.0,0.066858,0.011794,0.0,0.034791,0.033315,0.0,0.0,0.080989,0.05943,0.01923,0.029294,0.0,0.047615,0.0,0.0,0.0,0.0,0.0,0.084583,0.084895,0.028802,0.043287,0.0,0.0,0.0,0.0,0.0,0.041543,0.037121,0.039519,0.074555,0.0,0.0,0.0,0.0,0.0,0.0,0.068332,0.005064
2024-08-08,0.079022,0.027913,0.0,0.0,0.06585,0.011804,0.0,0.034375,0.033861,0.0,0.0,0.080867,0.05912,0.019199,0.029296,0.0,0.04769,0.0,0.0,0.0,0.0,0.0,0.083558,0.083203,0.02925,0.045302,0.0,0.0,0.0,0.0,0.0,0.041308,0.037357,0.038223,0.074932,0.0,0.0,0.0,0.0,0.0,0.0,0.072911,0.004958
2024-08-09,0.07901,0.027939,0.0,0.0,0.065821,0.011693,0.0,0.034203,0.034096,0.0,0.0,0.081118,0.059053,0.019057,0.029204,0.0,0.047442,0.0,0.0,0.0,0.0,0.0,0.083236,0.083038,0.029224,0.044792,0.0,0.0,0.0,0.0,0.0,0.041187,0.037141,0.038705,0.075092,0.0,0.0,0.0,0.0,0.0,0.0,0.074015,0.004933
2024-08-12,0.079234,0.027872,0.0,0.0,0.066301,0.011814,0.0,0.034129,0.034348,0.0,0.0,0.080558,0.058748,0.018864,0.029349,0.0,0.047202,0.0,0.0,0.0,0.0,0.0,0.082816,0.083186,0.029463,0.045051,0.0,0.0,0.0,0.0,0.0,0.041894,0.03787,0.038338,0.076256,0.0,0.0,0.0,0.0,0.0,0.0,0.071773,0.004934
2024-08-13,0.079371,0.027974,0.0,0.0,0.065962,0.011765,0.0,0.033717,0.03478,0.0,0.0,0.080822,0.058667,0.018913,0.028786,0.0,0.04724,0.0,0.0,0.0,0.0,0.0,0.082397,0.082868,0.030077,0.046431,0.0,0.0,0.0,0.0,0.0,0.041429,0.037404,0.037606,0.075599,0.0,0.0,0.0,0.0,0.0,0.0,0.073306,0.004887
2024-08-14,0.080244,0.028186,0.0,0.0,0.066157,0.011549,0.0,0.033689,0.034746,0.0,0.0,0.080525,0.059506,0.018929,0.029013,0.0,0.047531,0.0,0.0,0.0,0.0,0.0,0.082942,0.082982,0.030304,0.046409,0.0,0.0,0.0,0.0,0.0,0.041175,0.037053,0.037699,0.075456,0.0,0.0,0.0,0.0,0.0,0.0,0.071008,0.004897
2024-08-15,0.080473,0.028155,0.0,0.0,0.066092,0.011589,0.0,0.033614,0.034599,0.0,0.0,0.080347,0.05939,0.01913,0.029033,0.0,0.047634,0.0,0.0,0.0,0.0,0.0,0.082864,0.082047,0.030828,0.048098,0.0,0.0,0.0,0.0,0.0,0.040844,0.037704,0.037248,0.077376,0.0,0.0,0.0,0.0,0.0,0.0,0.068089,0.004844
2024-08-16,0.079931,0.028063,0.0,0.0,0.066019,0.011675,0.0,0.033622,0.034661,0.0,0.0,0.079893,0.059309,0.019246,0.02875,0.0,0.047155,0.0,0.0,0.0,0.0,0.0,0.082371,0.081698,0.030612,0.047581,0.0,0.0,0.0,0.0,0.0,0.041397,0.038202,0.037096,0.077181,0.0,0.0,0.0,0.0,0.0,0.0,0.070736,0.004802
2024-08-19,0.080047,0.028148,0.0,0.0,0.066198,0.011665,0.0,0.033422,0.034925,0.0,0.0,0.08015,0.059154,0.019266,0.028711,0.0,0.047059,0.0,0.0,0.0,0.0,0.0,0.081982,0.081574,0.030866,0.048,0.0,0.0,0.0,0.0,0.0,0.040996,0.038468,0.037461,0.07788,0.0,0.0,0.0,0.0,0.0,0.0,0.069264,0.004764
2024-08-20,0.080338,0.028143,0.0,0.0,0.065971,0.011423,0.0,0.033567,0.034694,0.0,0.0,0.080301,0.059118,0.019002,0.028026,0.0,0.047051,0.0,0.0,0.0,0.0,0.0,0.0826,0.081609,0.030837,0.047487,0.0,0.0,0.0,0.0,0.0,0.041253,0.038624,0.037836,0.077355,0.0,0.0,0.0,0.0,0.0,0.0,0.069985,0.004778
2024-08-21,0.080028,0.02816,0.0,0.0,0.065766,0.011463,0.0,0.033498,0.034372,0.0,0.0,0.080009,0.058561,0.01892,0.027853,0.0,0.046964,0.0,0.0,0.0,0.0,0.0,0.082508,0.081543,0.030776,0.047782,0.0,0.0,0.0,0.0,0.0,0.040875,0.038435,0.037554,0.078315,0.0,0.0,0.0,0.0,0.0,0.0,0.071877,0.004741
2024-08-22,0.08069,0.028248,0.0,0.0,0.06573,0.011471,0.0,0.033718,0.033919,0.0,0.0,0.080123,0.059427,0.019173,0.028178,0.0,0.047329,0.0,0.0,0.0,0.0,0.0,0.083131,0.082182,0.030339,0.046567,0.0,0.0,0.0,0.0,0.0,0.04075,0.037977,0.037909,0.077387,0.0,0.0,0.0,0.0,0.0,0.0,0.070969,0.004784
2024-08-23,0.079957,0.02826,0.0,0.0,0.065558,0.011412,0.0,0.03334,0.034328,0.0,0.0,0.079363,0.058957,0.019664,0.02813,0.0,0.047019,0.0,0.0,0.0,0.0,0.0,0.081998,0.08106,0.030325,0.047031,0.0,0.0,0.0,0.0,0.0,0.040545,0.038501,0.037592,0.078567,0.0,0.0,0.0,0.0,0.0,0.0,0.073687,0.004707
2024-08-26,0.079943,0.028167,0.0,0.0,0.065546,0.01119,0.0,0.033398,0.034025,0.0,0.0,0.07953,0.059132,0.019561,0.028376,0.0,0.046959,0.0,0.0,0.0,0.0,0.0,0.082564,0.081572,0.029939,0.045841,0.0,0.0,0.0,0.0,0.0,0.040667,0.038663,0.038027,0.07891,0.0,0.0,0.0,0.0,0.0,0.0,0.073282,0.004706
2024-08-27,0.07986,0.02833,0.0,0.0,0.065,0.01125,0.0,0.033437,0.034197,0.0,0.0,0.079469,0.059527,0.019447,0.028155,0.0,0.04706,0.0,0.0,0.0,0.0,0.0,0.082891,0.08105,0.030166,0.04642,0.0,0.0,0.0,0.0,0.0,0.040839,0.038779,0.038161,0.079316,0.0,0.0,0.0,0.0,0.0,0.0,0.071932,0.004714
2024-08-28,0.080475,0.02852,0.0,0.0,0.065515,0.011158,0.0,0.033792,0.034495,0.0,0.0,0.079809,0.060328,0.019817,0.028281,0.0,0.047554,0.0,0.0,0.0,0.0,0.0,0.083445,0.081939,0.030077,0.046082,0.0,0.0,0.0,0.0,0.0,0.040997,0.038244,0.038441,0.0774,0.0,0.0,0.0,0.0,0.0,0.0,0.068863,0.004766
2024-08-29,0.080855,0.028534,0.0,0.0,0.065625,0.011254,0.0,0.033775,0.034451,0.0,0.0,0.079436,0.060707,0.019814,0.028575,0.0,0.047765,0.0,0.0,0.0,0.0,0.0,0.082813,0.082171,0.029728,0.04583,0.0,0.0,0.0,0.0,0.0,0.041102,0.038316,0.038249,0.077163,0.0,0.0,0.0,0.0,0.0,0.0,0.06908,0.004755
2024-08-30,0.070872,0.0,0.0,0.0,0.070739,0.0,0.0,0.038953,0.031526,0.0,0.0,0.070655,0.035226,0.035317,0.0,0.0,0.042086,0.0,0.070768,0.070815,0.0,0.060288,0.065146,0.070794,0.0,0.022759,0.0,0.0,0.0,0.070362,0.0,0.035238,0.035205,0.0,0.02751,0.0,0.0,0.0,0.0,0.0,0.027637,0.043909,0.004195
2024-09-02,0.071338,0.0,0.0,0.0,0.070671,0.0,0.0,0.038935,0.031511,0.0,0.0,0.070622,0.03521,0.035301,0.0,0.0,0.042066,0.0,0.070735,0.070783,0.0,0.06026,0.065116,0.070761,0.0,0.022748,0.0,0.0,0.0,0.07033,0.0,0.035222,0.035189,0.0,0.027497,0.0,0.0,0.0,0.0,0.0,0.027624,0.043888,0.004194
2024-09-03,0.071616,0.0,0.0,0.0,0.070937,0.0,0.0,0.039293,0.030777,0.0,0.0,0.070503,0.035541,0.035413,0.0,0.0,0.041833,0.0,0.070302,0.070043,0.0,0.059708,0.066685,0.071857,0.0,0.021368,0.0,0.0,0.0,0.071484,0.0,0.035665,0.034739,0.0,0.02586,0.0,0.0,0.0,0.0,0.0,0.027981,0.044128,0.004265
2024-09-04,0.071074,0.0,0.0,0.0,0.070812,0.0,0.0,0.03949,0.030505,0.0,0.0,0.070186,0.03559,0.03511,0.0,0.0,0.041887,0.0,0.070032,0.069986,0.0,0.05964,0.067017,0.072491,0.0,0.021445,0.0,0.0,0.0,0.071708,0.0,0.035696,0.034885,0.0,0.025848,0.0,0.0,0.0,0.0,0.0,0.028115,0.044216,0.004267
2024-09-05,0.070922,0.0,0.0,0.0,0.070872,0.0,0.0,0.039451,0.030862,0.0,0.0,0.070704,0.035355,0.034931,0.0,0.0,0.041582,0.0,0.069791,0.069812,0.0,0.059637,0.067057,0.072633,0.0,0.021424,0.0,0.0,0.0,0.071792,0.0,0.036154,0.035791,0.0,0.02582,0.0,0.0,0.0,0.0,0.0,0.028347,0.042774,0.004287
2024-09-06,0.07106,0.0,0.0,0.0,0.070922,0.0,0.0,0.039488,0.030386,0.0,0.0,0.070184,0.035318,0.034736,0.0,0.0,0.041731,0.0,0.069864,0.071131,0.0,0.059502,0.067847,0.072938,0.0,0.020791,0.0,0.0,0.0,0.072718,0.0,0.036383,0.035249,0.0,0.025357,0.0,0.0,0.0,0.0,0.0,0.028675,0.041373,0.004347
2024-09-09,0.070682,0.0,0.0,0.0,0.07037,0.0,0.0,0.039332,0.030716,0.0,0.0,0.069666,0.035428,0.034553,0.0,0.0,0.041878,0.0,0.069719,0.070597,0.0,0.059644,0.067574,0.07282,0.0,0.020955,0.0,0.0,0.0,0.072674,0.0,0.036111,0.035345,0.0,0.025425,0.0,0.0,0.0,0.0,0.0,0.028418,0.043797,0.004297
2024-09-10,0.070603,0.0,0.0,0.0,0.069919,0.0,0.0,0.03932,0.030406,0.0,0.0,0.069517,0.034999,0.034193,0.0,0.0,0.04187,0.0,0.069618,0.070828,0.0,0.059659,0.067431,0.073024,0.0,0.021136,0.0,0.0,0.0,0.073587,0.0,0.036202,0.035401,0.0,0.025267,0.0,0.0,0.0,0.0,0.0,0.028386,0.044344,0.004289
2024-09-11,0.070085,0.0,0.0,0.0,0.069698,0.0,0.0,0.039335,0.031087,0.0,0.0,0.069723,0.034792,0.033797,0.0,0.0,0.041895,0.0,0.069703,0.070355,0.0,0.060074,0.066721,0.073163,0.0,0.022091,0.0,0.0,0.0,0.073355,0.0,0.036101,0.035603,0.0,0.025722,0.0,0.0,0.0,0.0,0.0,0.028425,0.043989,0.004285
2024-09-12,0.070697,0.0,0.0,0.0,0.069929,0.0,0.0,0.039306,0.031021,0.0,0.0,0.070201,0.034464,0.033589,0.0,0.0,0.041727,0.0,0.069528,0.071053,0.0,0.05947,0.066351,0.072471,0.0,0.021738,0.0,0.0,0.0,0.072807,0.0,0.036307,0.036738,0.0,0.026178,0.0,0.0,0.0,0.0,0.0,0.02814,0.044049,0.004236
2024-09-13,0.070582,0.0,0.0,0.0,0.069755,0.0,0.0,0.038855,0.030646,0.0,0.0,0.069956,0.034116,0.033961,0.0,0.0,0.041602,0.0,0.069243,0.07222,0.0,0.059971,0.065951,0.072534,0.0,0.021838,0.0,0.0,0.0,0.072611,0.0,0.036191,0.037258,0.0,0.026122,0.0,0.0,0.0,0.0,0.0,0.0279,0.044508,0.004181
2024-09-16,0.070323,0.0,0.0,0.0,0.069581,0.0,0.0,0.038926,0.030566,0.0,0.0,0.070476,0.034457,0.034282,0.0,0.0,0.04169,0.0,0.069676,0.072439,0.0,0.059832,0.066012,0.072869,0.0,0.021482,0.0,0.0,0.0,0.072635,0.0,0.03608,0.037212,0.0,0.026327,0.0,0.0,0.0,0.0,0.0,0.027987,0.042978,0.004169
2024-09-17,0.070599,0.0,0.0,0.0,0.069785,0.0,0.0,0.038743,0.030361,0.0,0.0,0.070352,0.034579,0.034475,0.0,0.0,0.041844,0.0,0.069687,0.072896,0.0,0.059532,0.06527,0.072685,0.0,0.021471,0.0,0.0,0.0,0.072001,0.0,0.035817,0.037001,0.0,0.026368,0.0,0.0,0.0,0.0,0.0,0.027931,0.044442,0.004162
2024-09-18,0.070503,0.0,0.0,0.0,0.069753,0.0,0.0,0.038692,0.03031,0.0,0.0,0.070567,0.034605,0.034745,0.0,0.0,0.041971,0.0,0.069657,0.073079,0.0,0.059679,0.06527,0.072412,0.0,0.021316,0.0,0.0,0.0,0.072191,0.0,0.035678,0.036187,0.0,0.026609,0.0,0.0,0.0,0.0,0.0,0.027958,0.044639,0.004178
2024-09-19,0.070553,0.0,0.0,0.0,0.069883,0.0,0.0,0.038393,0.030813,0.0,0.0,0.070424,0.034449,0.035058,0.0,0.0,0.042036,0.0,0.069621,0.073685,0.0,0.059705,0.063887,0.07088,0.0,0.021881,0.0,0.0,0.0,0.071094,0.0,0.035674,0.036742,0.0,0.027138,0.0,0.0,0.0,0.0,0.0,0.027649,0.046319,0.004115
2024-09-20,0.07024,0.0,0.0,0.0,0.070007,0.0,0.0,0.038888,0.030559,0.0,0.0,0.070567,0.034497,0.034556,0.0,0.0,0.041827,0.0,0.069269,0.072118,0.0,0.059347,0.064327,0.072899,0.0,0.021605,0.0,0.0,0.0,0.070956,0.0,0.036201,0.037236,0.0,0.027025,0.0,0.0,0.0,0.0,0.0,0.027652,0.046099,0.004124
2024-09-23,0.070442,0.0,0.0,0.0,0.070424,0.0,0.0,0.039029,0.030658,0.0,0.0,0.070478,0.034335,0.034316,0.0,0.0,0.04196,0.0,0.06963,0.072466,0.0,0.057739,0.064473,0.073365,0.0,0.021613,0.0,0.0,0.0,0.071409,0.0,0.036145,0.036544,0.0,0.02711,0.0,0.0,0.0,0.0,0.0,0.027476,0.046275,0.00411
2024-09-24,0.07001,0.0,0.0,0.0,0.07171,0.0,0.0,0.038541,0.031385,0.0,0.0,0.070245,0.033775,0.0336,0.0,0.0,0.041924,0.0,0.070017,0.071819,0.0,0.057001,0.063804,0.072262,0.0,0.0217,0.0,0.0,0.0,0.070938,0.0,0.036357,0.038066,0.0,0.028808,0.0,0.0,0.0,0.0,0.0,0.027291,0.046671,0.004077
2024-09-25,0.070432,0.0,0.0,0.0,0.071987,0.0,0.0,0.038788,0.031434,0.0,0.0,0.070414,0.03376,0.03335,0.0,0.0,0.041959,0.0,0.069935,0.070984,0.0,0.05676,0.063996,0.073047,0.0,0.021971,0.0,0.0,0.0,0.070857,0.0,0.036508,0.037861,0.0,0.028455,0.0,0.0,0.0,0.0,0.0,0.027361,0.04604,0.004101
2024-09-26,0.070101,0.0,0.0,0.0,0.073355,0.0,0.0,0.038596,0.031916,0.0,0.0,0.070149,0.033616,0.033332,0.0,0.0,0.041776,0.0,0.070718,0.070679,0.0,0.056484,0.063545,0.071869,0.0,0.022544,0.0,0.0,0.0,0.06956,0.0,0.036352,0.037766,0.0,0.029679,0.0,0.0,0.0,0.0,0.0,0.027143,0.046755,0.004064
2024-09-27,0.070121,0.0,0.0,0.0,0.073449,0.0,0.0,0.038482,0.031363,0.0,0.0,0.070449,0.033654,0.033305,0.0,0.0,0.041761,0.0,0.07047,0.071628,0.0,0.056522,0.063548,0.072454,0.0,0.022148,0.0,0.0,0.0,0.069526,0.0,0.036,0.037184,0.0,0.029419,0.0,0.0,0.0,0.0,0.0,0.027142,0.047316,0.004057
2024-09-30,0.068262,0.06815,0.0,0.0,0.048286,0.011091,0.0,0.032311,0.024621,0.0,0.0,0.068016,0.034168,0.034073,0.0,0.0,0.067692,0.0,0.0,0.067863,0.068112,0.0,0.068313,0.068245,0.0,0.0,0.0,0.0,0.0,0.068271,0.0,0.048268,0.019021,0.065338,0.029566,0.0,0.0,0.0,0.0,0.0,0.036072,0.0,0.00426
2024-10-01,0.068078,0.067576,0.0,0.0,0.048233,0.011573,0.0,0.032205,0.024523,0.0,0.0,0.068254,0.03408,0.033216,0.0,0.0,0.067911,0.0,0.0,0.068293,0.067938,0.0,0.068268,0.06898,0.0,0.0,0.0,0.0,0.0,0.068014,0.0,0.048906,0.019187,0.064059,0.030161,0.0,0.0,0.0,0.0,0.0,0.036273,0.0,0.004273
2024-10-02,0.068175,0.067359,0.0,0.0,0.049051,0.012337,0.0,0.032108,0.024563,0.0,0.0,0.068038,0.034115,0.033156,0.0,0.0,0.067781,0.0,0.0,0.067651,0.067796,0.0,0.067685,0.069009,0.0,0.0,0.0,0.0,0.0,0.06777,0.0,0.048913,0.019467,0.064105,0.03046,0.0,0.0,0.0,0.0,0.0,0.036189,0.0,0.004272
2024-10-03,0.068254,0.066994,0.0,0.0,0.049088,0.012084,0.0,0.031924,0.024734,0.0,0.0,0.068214,0.034139,0.033402,0.0,0.0,0.067843,0.0,0.0,0.067872,0.067591,0.0,0.067414,0.069402,0.0,0.0,0.0,0.0,0.0,0.067558,0.0,0.049175,0.01974,0.064544,0.029471,0.0,0.0,0.0,0.0,0.0,0.036256,0.0,0.0043
2024-10-04,0.068212,0.067219,0.0,0.0,0.049117,0.012499,0.0,0.031729,0.024742,0.0,0.0,0.068828,0.034644,0.033947,0.0,0.0,0.068173,0.0,0.0,0.066493,0.067501,0.0,0.067495,0.069144,0.0,0.0,0.0,0.0,0.0,0.067091,0.0,0.048973,0.019786,0.064004,0.030069,0.0,0.0,0.0,0.0,0.0,0.036043,0.0,0.004291
2024-10-07,0.068898,0.067199,0.0,0.0,0.049921,0.013158,0.0,0.031332,0.024839,0.0,0.0,0.068285,0.034411,0.033943,0.0,0.0,0.068389,0.0,0.0,0.066764,0.067581,0.0,0.0672,0.067934,0.0,0.0,0.0,0.0,0.0,0.066872,0.0,0.049082,0.019606,0.063857,0.030333,0.0,0.0,0.0,0.0,0.0,0.036081,0.0,0.004315
2024-10-08,0.068878,0.067231,0.0,0.0,0.048891,0.011754,0.0,0.031944,0.025178,0.0,0.0,0.06899,0.034661,0.033948,0.0,0.0,0.068643,0.0,0.0,0.067367,0.068049,0.0,0.067634,0.06807,0.0,0.0,0.0,0.0,0.0,0.067107,0.0,0.048792,0.019011,0.064333,0.029003,0.0,0.0,0.0,0.0,0.0,0.036194,0.0,0.004323
2024-10-09,0.069122,0.067303,0.0,0.0,0.048606,0.011448,0.0,0.032008,0.025105,0.0,0.0,0.068838,0.034894,0.034246,0.0,0.0,0.069081,0.0,0.0,0.067369,0.06857,0.0,0.067871,0.067317,0.0,0.0,0.0,0.0,0.0,0.067008,0.0,0.048404,0.018861,0.064752,0.028841,0.0,0.0,0.0,0.0,0.0,0.036044,0.0,0.004312
2024-10-10,0.069253,0.067243,0.0,0.0,0.048737,0.011555,0.0,0.031937,0.02521,0.0,0.0,0.068464,0.034856,0.034255,0.0,0.0,0.068864,0.0,0.0,0.066508,0.068451,0.0,0.067705,0.067245,0.0,0.0,0.0,0.0,0.0,0.066545,0.0,0.048856,0.019251,0.065363,0.029323,0.0,0.0,0.0,0.0,0.0,0.036056,0.0,0.004322
2024-10-11,0.069023,0.067031,0.0,0.0,0.04864,0.011511,0.0,0.03169,0.025274,0.0,0.0,0.068295,0.035198,0.034952,0.0,0.0,0.069442,0.0,0.0,0.066307,0.068311,0.0,0.067447,0.067204,0.0,0.0,0.0,0.0,0.0,0.066671,0.0,0.04893,0.019354,0.065258,0.029414,0.0,0.0,0.0,0.0,0.0,0.035767,0.0,0.004282
2024-10-14,0.069072,0.066984,0.0,0.0,0.048332,0.011234,0.0,0.031636,0.025301,0.0,0.0,0.068339,0.035276,0.03516,0.0,0.0,0.06958,0.0,0.0,0.067436,0.068415,0.0,0.06745,0.067781,0.0,0.0,0.0,0.0,0.0,0.066805,0.0,0.048656,0.019103,0.064622,0.028853,0.0,0.0,0.0,0.0,0.0,0.035698,0.0,0.004266
2024-10-15,0.068967,0.06611,0.0,0.0,0.047565,0.010699,0.0,0.031513,0.024987,0.0,0.0,0.068607,0.035412,0.035549,0.0,0.0,0.069164,0.0,0.0,0.067995,0.067695,0.0,0.067994,0.068202,0.0,0.0,0.0,0.0,0.0,0.067726,0.0,0.048908,0.01925,0.065184,0.028345,0.0,0.0,0.0,0.0,0.0,0.035856,0.0,0.004274
2024-10-16,0.06839,0.065842,0.0,0.0,0.04755,0.010785,0.0,0.031372,0.02515,0.0,0.0,0.068195,0.035658,0.03586,0.0,0.0,0.069327,0.0,0.0,0.068541,0.067522,0.0,0.067581,0.069183,0.0,0.0,0.0,0.0,0.0,0.068104,0.0,0.04889,0.01928,0.064187,0.028579,0.0,0.0,0.0,0.0,0.0,0.035753,0.0,0.00425
2024-10-17,0.068985,0.066107,0.0,0.0,0.047549,0.010524,0.0,0.03107,0.025902,0.0,0.0,0.068067,0.035858,0.036252,0.0,0.0,0.069325,0.0,0.0,0.068171,0.067322,0.0,0.06747,0.068765,0.0,0.0,0.0,0.0,0.0,0.06776,0.0,0.049323,0.019322,0.06422,0.028117,0.0,0.0,0.0,0.0,0.0,0.035627,0.0,0.004264
2024-10-18,0.068629,0.066231,0.0,0.0,0.047777,0.010926,0.0,0.031016,0.025725,0.0,0.0,0.068185,0.035664,0.035594,0.0,0.0,0.069144,0.0,0.0,0.0686,0.067269,0.0,0.067239,0.068774,0.0,0.0,0.0,0.0,0.0,0.067881,0.0,0.049567,0.020378,0.063188,0.028463,0.0,0.0,0.0,0.0,0.0,0.035508,0.0,0.00424
2024-10-21,0.068835,0.066214,0.0,0.0,0.04757,0.01091,0.0,0.031126,0.025784,0.0,0.0,0.068619,0.035745,0.034941,0.0,0.0,0.069614,0.0,0.0,0.066914,0.067166,0.0,0.067364,0.069213,0.0,0.0,0.0,0.0,0.0,0.067239,0.0,0.050069,0.020729,0.063741,0.028399,0.0,0.0,0.0,0.0,0.0,0.035522,0.0,0.004284
2024-10-22,0.068977,0.066065,0.0,0.0,0.047719,0.011034,0.0,0.030851,0.025952,0.0,0.0,0.068832,0.035737,0.03531,0.0,0.0,0.068887,0.0,0.0,0.064783,0.067181,0.0,0.067858,0.069084,0.0,0.0,0.0,0.0,0.0,0.067451,0.0,0.050695,0.021363,0.063597,0.028831,0.0,0.0,0.0,0.0,0.0,0.0355,0.0,0.004292
2024-10-23,0.068812,0.065906,0.0,0.0,0.047697,0.011015,0.0,0.030903,0.02565,0.0,0.0,0.068586,0.035851,0.035433,0.0,0.0,0.068963,0.0,0.0,0.064851,0.067135,0.0,0.067999,0.070027,0.0,0.0,0.0,0.0,0.0,0.068218,0.0,0.050286,0.020753,0.063701,0.028392,0.0,0.0,0.0,0.0,0.0,0.03551,0.0,0.00431
2024-10-24,0.068881,0.066263,0.0,0.0,0.047489,0.010941,0.0,0.030898,0.025673,0.0,0.0,0.068871,0.035907,0.035615,0.0,0.0,0.068538,0.0,0.0,0.065598,0.066741,0.0,0.067956,0.069625,0.0,0.0,0.0,0.0,0.0,0.068416,0.0,0.050709,0.020755,0.062761,0.028368,0.0,0.0,0.0,0.0,0.0,0.035681,0.0,0.004314
2024-10-25,0.069561,0.066234,0.0,0.0,0.047854,0.011016,0.0,0.030637,0.026103,0.0,0.0,0.06934,0.035663,0.03512,0.0,0.0,0.068647,0.0,0.0,0.064887,0.066658,0.0,0.067678,0.068885,0.0,0.0,0.0,0.0,0.0,0.068061,0.0,0.05103,0.020803,0.063104,0.028552,0.0,0.0,0.0,0.0,0.0,0.035833,0.0,0.004333
2024-10-28,0.069178,0.066513,0.0,0.0,0.047741,0.011116,0.0,0.030736,0.02559,0.0,0.0,0.069424,0.035921,0.035921,0.0,0.0,0.068496,0.0,0.0,0.065173,0.066413,0.0,0.067455,0.069068,0.0,0.0,0.0,0.0,0.0,0.067923,0.0,0.05077,0.020763,0.063285,0.028519,0.0,0.0,0.0,0.0,0.0,0.035684,0.0,0.004311
2024-10-29,0.069342,0.066194,0.0,0.0,0.0478,0.011049,0.0,0.030888,0.025624,0.0,0.0,0.070334,0.035831,0.035896,0.0,0.0,0.068657,0.0,0.0,0.063546,0.066474,0.0,0.067036,0.067842,0.0,0.0,0.0,0.0,0.0,0.067683,0.0,0.051511,0.021287,0.064253,0.028529,0.0,0.0,0.0,0.0,0.0,0.035897,0.0,0.004327
2024-10-30,0.069456,0.065716,0.0,0.0,0.047328,0.010922,0.0,0.03077,0.025355,0.0,0.0,0.070811,0.036017,0.036222,0.0,0.0,0.068589,0.0,0.0,0.063721,0.066395,0.0,0.066975,0.067727,0.0,0.0,0.0,0.0,0.0,0.068029,0.0,0.051832,0.020909,0.064807,0.028206,0.0,0.0,0.0,0.0,0.0,0.035883,0.0,0.00433
2024-10-31,0.071275,0.0,0.0,0.0,0.071344,0.029621,0.0,0.028734,0.012815,0.0,0.071067,0.071333,0.036095,0.035389,0.0,0.0,0.071432,0.0,0.0,0.071329,0.0,0.0,0.071446,0.07147,0.028747,0.0,0.0,0.0,0.0,0.071069,0.0,0.057359,0.012971,0.0,0.0,0.0,0.0,0.0,0.05093,0.020107,0.040847,0.0,0.00462
2024-11-01,0.071752,0.0,0.0,0.0,0.071917,0.029762,0.0,0.028757,0.012953,0.0,0.072229,0.071619,0.036223,0.035108,0.0,0.0,0.071535,0.0,0.0,0.071293,0.0,0.0,0.071479,0.069885,0.028966,0.0,0.0,0.0,0.0,0.070291,0.0,0.057129,0.012854,0.0,0.0,0.0,0.0,0.0,0.050938,0.019999,0.040689,0.0,0.00462
2024-11-04,0.071398,0.0,0.0,0.0,0.072219,0.029963,0.0,0.028443,0.013039,0.0,0.071928,0.071327,0.035917,0.034823,0.0,0.0,0.071403,0.0,0.0,0.072299,0.0,0.0,0.071624,0.069003,0.028923,0.0,0.0,0.0,0.0,0.071009,0.0,0.057169,0.012884,0.0,0.0,0.0,0.0,0.0,0.051043,0.020132,0.040835,0.0,0.004617
2024-11-05,0.071097,0.0,0.0,0.0,0.072177,0.03032,0.0,0.02835,0.013062,0.0,0.072361,0.071289,0.035835,0.034974,0.0,0.0,0.071765,0.0,0.0,0.073086,0.0,0.0,0.071251,0.069236,0.028994,0.0,0.0,0.0,0.0,0.071126,0.0,0.05664,0.012788,0.0,0.0,0.0,0.0,0.0,0.050598,0.019996,0.040491,0.0,0.004566
2024-11-06,0.071657,0.0,0.0,0.0,0.07066,0.029335,0.0,0.028391,0.012826,0.0,0.074256,0.072633,0.0378,0.038925,0.0,0.0,0.074157,0.0,0.0,0.071135,0.0,0.0,0.069695,0.068136,0.029652,0.0,0.0,0.0,0.0,0.069222,0.0,0.054611,0.012152,0.0,0.0,0.0,0.0,0.0,0.050403,0.019677,0.040136,0.0,0.004539
2024-11-07,0.071947,0.0,0.0,0.0,0.071682,0.030664,0.0,0.028056,0.013045,0.0,0.074592,0.07298,0.036885,0.03735,0.0,0.0,0.073106,0.0,0.0,0.071155,0.0,0.0,0.069374,0.067698,0.029921,0.0,0.0,0.0,0.0,0.069477,0.0,0.055033,0.01234,0.0,0.0,0.0,0.0,0.0,0.050203,0.019746,0.040241,0.0,0.004504
2024-11-08,0.071846,0.0,0.0,0.0,0.069927,0.028934,0.0,0.027713,0.012872,0.0,0.075524,0.072504,0.037155,0.037489,0.0,0.0,0.073767,0.0,0.0,0.071669,0.0,0.0,0.070099,0.068881,0.029838,0.0,0.0,0.0,0.0,0.070396,0.0,0.054569,0.012053,0.0,0.0,0.0,0.0,0.0,0.050201,0.019782,0.040284,0.0,0.004497
2024-11-11,0.072015,0.0,0.0,0.0,0.069325,0.028889,0.0,0.027757,0.012567,0.0,0.076914,0.072784,0.037619,0.038487,0.0,0.0,0.07421,0.0,0.0,0.071799,0.0,0.0,0.069736,0.068953,0.029622,0.0,0.0,0.0,0.0,0.069923,0.0,0.053196,0.011817,0.0,0.0,0.0,0.0,0.0,0.050058,0.01971,0.040131,0.0,0.004489
2024-11-12,0.072169,0.0,0.0,0.0,0.068651,0.028227,0.0,0.027657,0.012523,0.0,0.076641,0.073841,0.037878,0.03864,0.0,0.0,0.074302,0.0,0.0,0.070471,0.0,0.0,0.070506,0.068839,0.029954,0.0,0.0,0.0,0.0,0.069639,0.0,0.05326,0.011977,0.0,0.0,0.0,0.0,0.0,0.050351,0.019725,0.040215,0.0,0.004534
2024-11-13,0.072224,0.0,0.0,0.0,0.068343,0.028184,0.0,0.027395,0.012541,0.0,0.07734,0.073914,0.037922,0.038376,0.0,0.0,0.074502,0.0,0.0,0.070499,0.0,0.0,0.070757,0.068756,0.029867,0.0,0.0,0.0,0.0,0.070065,0.0,0.052753,0.011787,0.0,0.0,0.0,0.0,0.0,0.050393,0.019662,0.04018,0.0,0.004537
2024-11-14,0.072501,0.0,0.0,0.0,0.068606,0.028057,0.0,0.027575,0.012472,0.0,0.076555,0.074134,0.037979,0.038221,0.0,0.0,0.073546,0.0,0.0,0.071292,0.0,0.0,0.070872,0.0688,0.029888,0.0,0.0,0.0,0.0,0.06972,0.0,0.052832,0.011921,0.0,0.0,0.0,0.0,0.0,0.050492,0.019738,0.040243,0.0,0.004557
2024-11-15,0.071777,0.0,0.0,0.0,0.068725,0.02822,0.0,0.027521,0.01248,0.0,0.076294,0.073029,0.038352,0.038451,0.0,0.0,0.073531,0.0,0.0,0.070939,0.0,0.0,0.070612,0.070193,0.029297,0.0,0.0,0.0,0.0,0.070119,0.0,0.053011,0.01188,0.0,0.0,0.0,0.0,0.0,0.050747,0.019849,0.040393,0.0,0.004581
2024-11-18,0.071686,0.0,0.0,0.0,0.068907,0.028442,0.0,0.027485,0.012471,0.0,0.076538,0.073309,0.038238,0.038164,0.0,0.0,0.072992,0.0,0.0,0.070371,0.0,0.0,0.070681,0.070381,0.029217,0.0,0.0,0.0,0.0,0.070205,0.0,0.053697,0.012156,0.0,0.0,0.0,0.0,0.0,0.050539,0.019767,0.040201,0.0,0.004554
2024-11-19,0.071488,0.0,0.0,0.0,0.068944,0.028175,0.0,0.027582,0.012586,0.0,0.076433,0.073634,0.037905,0.037905,0.0,0.0,0.072774,0.0,0.0,0.070103,0.0,0.0,0.070628,0.07068,0.029394,0.0,0.0,0.0,0.0,0.070398,0.0,0.054064,0.012181,0.0,0.0,0.0,0.0,0.0,0.050508,0.019767,0.040307,0.0,0.004545
2024-11-20,0.071196,0.0,0.0,0.0,0.068489,0.028378,0.0,0.027643,0.01247,0.0,0.07618,0.074187,0.037832,0.037807,0.0,0.0,0.072933,0.0,0.0,0.070311,0.0,0.0,0.070346,0.070793,0.0294,0.0,0.0,0.0,0.0,0.070386,0.0,0.054428,0.012024,0.0,0.0,0.0,0.0,0.0,0.050551,0.019741,0.040355,0.0,0.00455
2024-11-21,0.071546,0.0,0.0,0.0,0.06809,0.027976,0.0,0.02725,0.012415,0.0,0.075851,0.073548,0.038081,0.038153,0.0,0.0,0.073398,0.0,0.0,0.070449,0.0,0.0,0.070677,0.071587,0.029519,0.0,0.0,0.0,0.0,0.070475,0.0,0.054548,0.011925,0.0,0.0,0.0,0.0,0.0,0.050263,0.019598,0.040128,0.0,0.004523
2024-11-22,0.071306,0.0,0.0,0.0,0.067686,0.027155,0.0,0.027611,0.012453,0.0,0.076469,0.072935,0.038268,0.038767,0.0,0.0,0.07396,0.0,0.0,0.071113,0.0,0.0,0.07089,0.070762,0.029352,0.0,0.0,0.0,0.0,0.070567,0.0,0.05491,0.012033,0.0,0.0,0.0,0.0,0.0,0.04994,0.019495,0.039832,0.0,0.004497
2024-11-25,0.071247,0.0,0.0,0.0,0.067391,0.026896,0.0,0.027735,0.01232,0.0,0.076681,0.07277,0.038232,0.039186,0.0,0.0,0.073872,0.0,0.0,0.074179,0.0,0.0,0.070754,0.070369,0.029134,0.0,0.0,0.0,0.0,0.071022,0.0,0.052899,0.011592,0.0,0.0,0.0,0.0,0.0,0.049758,0.019592,0.039907,0.0,0.004463
2024-11-26,0.071245,0.0,0.0,0.0,0.067131,0.026735,0.0,0.027651,0.012198,0.0,0.076963,0.073043,0.038309,0.038814,0.0,0.0,0.073964,0.0,0.0,0.072616,0.0,0.0,0.07105,0.071494,0.029281,0.0,0.0,0.0,0.0,0.071309,0.0,0.053005,0.011664,0.0,0.0,0.0,0.0,0.0,0.049668,0.019543,0.039853,0.0,0.004464
2024-11-27,0.071263,0.0,0.0,0.0,0.06713,0.027379,0.0,0.027724,0.012001,0.0,0.076534,0.073093,0.038359,0.038695,0.0,0.0,0.073643,0.0,0.0,0.072581,0.0,0.0,0.07115,0.071448,0.028866,0.0,0.0,0.0,0.0,0.071721,0.0,0.053088,0.011509,0.0,0.0,0.0,0.0,0.0,0.049785,0.019601,0.039966,0.0,0.004462
2024-11-28,0.071457,0.0,0.0,0.0,0.066783,0.027383,0.0,0.027729,0.012003,0.0,0.076548,0.073106,0.038366,0.038702,0.0,0.0,0.073656,0.0,0.0,0.072594,0.0,0.0,0.071163,0.07146,0.028871,0.0,0.0,0.0,0.0,0.071734,0.0,0.053097,0.011511,0.0,0.0,0.0,0.0,0.0,0.049794,0.019605,0.039973,0.0,0.004464
2024-11-29,0.078228,0.0,0.0,0.0,0.064639,0.039218,0.0,0.0,0.039201,0.0,0.078265,0.07807,0.039119,0.039113,0.0,0.0,0.073793,0.0,0.0,0.035833,0.0,0.0,0.0,0.078515,0.016127,0.0,0.03618,0.025158,0.0,0.078362,0.0,0.038305,0.039192,0.0,0.0,0.0,0.0,0.0,0.07846,0.0,0.0,0.036467,0.007753
2024-12-02,0.078571,0.0,0.0,0.0,0.064969,0.039369,0.0,0.0,0.04007,0.0,0.07915,0.078914,0.03883,0.038871,0.0,0.0,0.073438,0.0,0.0,0.035786,0.0,0.0,0.0,0.077027,0.016322,0.0,0.036308,0.025459,0.0,0.077418,0.0,0.038067,0.03911,0.0,0.0,0.0,0.0,0.0,0.078633,0.0,0.0,0.035915,0.007774
2024-12-03,0.078698,0.0,0.0,0.0,0.065204,0.039511,0.0,0.0,0.040218,0.0,0.079076,0.079536,0.038532,0.038521,0.0,0.0,0.072962,0.0,0.0,0.035716,0.0,0.0,0.0,0.076348,0.016378,0.0,0.036616,0.02549,0.0,0.077012,0.0,0.038136,0.039792,0.0,0.0,0.0,0.0,0.0,0.078618,0.0,0.0,0.035865,0.007772
2024-12-04,0.078735,0.0,0.0,0.0,0.065093,0.038922,0.0,0.0,0.040462,0.0,0.079404,0.079314,0.038192,0.038414,0.0,0.0,0.072908,0.0,0.0,0.034769,0.0,0.0,0.0,0.075951,0.016593,0.0,0.037845,0.025892,0.0,0.076413,0.0,0.038058,0.03994,0.0,0.0,0.0,0.0,0.0,0.078405,0.0,0.0,0.036955,0.007735
2024-12-05,0.079014,0.0,0.0,0.0,0.065627,0.039206,0.0,0.0,0.040574,0.0,0.080128,0.079205,0.038342,0.038266,0.0,0.0,0.072091,0.0,0.0,0.034366,0.0,0.0,0.0,0.076258,0.016524,0.0,0.037422,0.025789,0.0,0.076301,0.0,0.037811,0.040019,0.0,0.0,0.0,0.0,0.0,0.078409,0.0,0.0,0.036903,0.007743
2024-12-06,0.078835,0.0,0.0,0.0,0.065338,0.039443,0.0,0.0,0.040269,0.0,0.081586,0.07971,0.038227,0.038266,0.0,0.0,0.071706,0.0,0.0,0.034275,0.0,0.0,0.0,0.075102,0.016542,0.0,0.037833,0.025951,0.0,0.075976,0.0,0.037719,0.039474,0.0,0.0,0.0,0.0,0.0,0.078317,0.0,0.0,0.037709,0.007722
2024-12-09,0.078746,0.0,0.0,0.0,0.066954,0.042577,0.0,0.0,0.040383,0.0,0.081469,0.078148,0.037769,0.037753,0.0,0.0,0.071207,0.0,0.0,0.034615,0.0,0.0,0.0,0.074289,0.016462,0.0,0.037114,0.025639,0.0,0.076324,0.0,0.03816,0.040564,0.0,0.0,0.0,0.0,0.0,0.078356,0.0,0.0,0.035736,0.007736
2024-12-10,0.078851,0.0,0.0,0.0,0.066125,0.040897,0.0,0.0,0.039901,0.0,0.082093,0.079852,0.037989,0.03784,0.0,0.0,0.071461,0.0,0.0,0.034022,0.0,0.0,0.0,0.074194,0.016332,0.0,0.036783,0.025525,0.0,0.07567,0.0,0.038895,0.040823,0.0,0.0,0.0,0.0,0.0,0.078867,0.0,0.0,0.036096,0.007784
2024-12-11,0.078755,0.0,0.0,0.0,0.065804,0.040364,0.0,0.0,0.040039,0.0,0.083036,0.080674,0.037839,0.03781,0.0,0.0,0.070872,0.0,0.0,0.033556,0.0,0.0,0.0,0.07329,0.01647,0.0,0.037132,0.025747,0.0,0.075044,0.0,0.039032,0.040649,0.0,0.0,0.0,0.0,0.0,0.078416,0.0,0.0,0.037732,0.007738
2024-12-12,0.079049,0.0,0.0,0.0,0.066158,0.040599,0.0,0.0,0.039983,0.0,0.082812,0.081279,0.037883,0.037611,0.0,0.0,0.070813,0.0,0.0,0.033301,0.0,0.0,0.0,0.073664,0.01647,0.0,0.037005,0.025884,0.0,0.075346,0.0,0.038676,0.039696,0.0,0.0,0.0,0.0,0.0,0.07864,0.0,0.0,0.037348,0.007783
2024-12-13,0.07886,0.0,0.0,0.0,0.066174,0.0402,0.0,0.0,0.040545,0.0,0.083397,0.080557,0.03797,0.037587,0.0,0.0,0.070847,0.0,0.0,0.032901,0.0,0.0,0.0,0.07394,0.016592,0.0,0.036744,0.026289,0.0,0.075363,0.0,0.038326,0.039183,0.0,0.0,0.0,0.0,0.0,0.078656,0.0,0.0,0.038062,0.007808
2024-12-16,0.078841,0.0,0.0,0.0,0.065734,0.039485,0.0,0.0,0.040295,0.0,0.084301,0.080652,0.0378,0.03769,0.0,0.0,0.070719,0.0,0.0,0.032456,0.0,0.0,0.0,0.073153,0.016713,0.0,0.037041,0.026819,0.0,0.074897,0.0,0.038316,0.039149,0.0,0.0,0.0,0.0,0.0,0.078594,0.0,0.0,0.039561,0.007788
2024-12-17,0.078904,0.0,0.0,0.0,0.065675,0.040166,0.0,0.0,0.040312,0.0,0.084893,0.080357,0.037677,0.037052,0.0,0.0,0.070342,0.0,0.0,0.032292,0.0,0.0,0.0,0.073131,0.016676,0.0,0.036847,0.026621,0.0,0.074825,0.0,0.038317,0.039314,0.0,0.0,0.0,0.0,0.0,0.07873,0.0,0.0,0.04005,0.007818
2024-12-18,0.081099,0.0,0.0,0.0,0.067549,0.040576,0.0,0.0,0.040561,0.0,0.08336,0.080271,0.037583,0.036188,0.0,0.0,0.070288,0.0,0.0,0.031846,0.0,0.0,0.0,0.073425,0.016594,0.0,0.036187,0.026115,0.0,0.073767,0.0,0.038645,0.039031,0.0,0.0,0.0,0.0,0.0,0.080125,0.0,0.0,0.03875,0.008042
2024-12-19,0.079609,0.0,0.0,0.0,0.067004,0.041129,0.0,0.0,0.041156,0.0,0.083785,0.080566,0.037961,0.036223,0.0,0.0,0.070651,0.0,0.0,0.031224,0.0,0.0,0.0,0.074234,0.016719,0.0,0.036561,0.026312,0.0,0.073094,0.0,0.038949,0.0388,0.0,0.0,0.0,0.0,0.0,0.080559,0.0,0.0,0.037367,0.008095
2024-12-20,0.079389,0.0,0.0,0.0,0.066354,0.041082,0.0,0.0,0.041069,0.0,0.083225,0.08026,0.03817,0.036472,0.0,0.0,0.070822,0.0,0.0,0.031266,0.0,0.0,0.0,0.074725,0.016813,0.0,0.036956,0.026371,0.0,0.073643,0.0,0.038994,0.039023,0.0,0.0,0.0,0.0,0.0,0.08032,0.0,0.0,0.037024,0.008022
2024-12-23,0.078989,0.0,0.0,0.0,0.066479,0.041226,0.0,0.0,0.041809,0.0,0.083433,0.080656,0.038242,0.036523,0.0,0.0,0.070768,0.0,0.0,0.031241,0.0,0.0,0.0,0.07494,0.016982,0.0,0.036686,0.026514,0.0,0.073891,0.0,0.03879,0.039104,0.0,0.0,0.0,0.0,0.0,0.080063,0.0,0.0,0.035645,0.00802
2024-12-24,0.078825,0.0,0.0,0.0,0.066115,0.041186,0.0,0.0,0.041339,0.0,0.08453,0.080624,0.038314,0.036472,0.0,0.0,0.070625,0.0,0.0,0.031081,0.0,0.0,0.0,0.074618,0.01699,0.0,0.036745,0.026511,0.0,0.073656,0.0,0.038488,0.038765,0.0,0.0,0.0,0.0,0.0,0.079534,0.0,0.0,0.037641,0.007941
2024-12-26,0.078911,0.0,0.0,0.0,0.066187,0.041334,0.0,0.0,0.04101,0.0,0.084307,0.080606,0.03845,0.036714,0.0,0.0,0.070755,0.0,0.0,0.031109,0.0,0.0,0.0,0.074523,0.01702,0.0,0.036704,0.026642,0.0,0.073934,0.0,0.03879,0.03898,0.0,0.0,0.0,0.0,0.0,0.079823,0.0,0.0,0.036252,0.00795
2024-12-27,0.079531,0.0,0.0,0.0,0.066364,0.041353,0.0,0.0,0.041277,0.0,0.083582,0.080533,0.038475,0.03657,0.0,0.0,0.070793,0.0,0.0,0.031027,0.0,0.0,0.0,0.074906,0.016929,0.0,0.036432,0.026544,0.0,0.073781,0.0,0.038833,0.038743,0.0,0.0,0.0,0.0,0.0,0.08019,0.0,0.0,0.036121,0.008016
2024-12-30,0.079413,0.0,0.0,0.0,0.066264,0.041237,0.0,0.0,0.041157,0.0,0.082916,0.080344,0.038418,0.036719,0.0,0.0,0.070658,0.0,0.0,0.031123,0.0,0.0,0.0,0.075205,0.016851,0.0,0.036251,0.02646,0.0,0.074019,0.0,0.039028,0.03858,0.0,0.0,0.0,0.0,0.0,0.080963,0.0,0.0,0.036308,0.008084
2024-12-31,0.035173,0.0,0.0,0.048825,0.0,0.044918,0.0,0.0,0.0,0.0,0.0843,0.084024,0.042068,0.042033,0.0,0.0,0.054857,0.02896,0.0,0.084118,0.0,0.0,0.045441,0.084316,0.0,0.0,0.049342,0.026335,0.0,0.084077,0.0,0.084232,0.0,0.0,0.0,0.0,0.0,0.0,0.0,0.0,0.0,0.064343,0.012638
2025-01-02,0.034996,0.0,0.0,0.04995,0.0,0.044049,0.0,0.0,0.0,0.0,0.083072,0.08431,0.041903,0.041548,0.0,0.0,0.054587,0.028961,0.0,0.082916,0.0,0.0,0.045237,0.084839,0.0,0.0,0.049167,0.026422,0.0,0.083211,0.0,0.085253,0.0,0.0,0.0,0.0,0.0,0.0,0.0,0.0,0.0,0.066957,0.012624
2025-01-03,0.034801,0.0,0.0,0.049346,0.0,0.044033,0.0,0.0,0.0,0.0,0.084046,0.084123,0.041881,0.041757,0.0,0.0,0.054717,0.02911,0.0,0.083232,0.0,0.0,0.044837,0.085026,0.0,0.0,0.049519,0.026448,0.0,0.083601,0.0,0.083877,0.0,0.0,0.0,0.0,0.0,0.0,0.0,0.0,0.0,0.067127,0.012519
2025-01-06,0.035319,0.0,0.0,0.049597,0.0,0.04324,0.0,0.0,0.0,0.0,0.084256,0.084911,0.041692,0.041712,0.0,0.0,0.054519,0.02931,0.0,0.082862,0.0,0.0,0.044304,0.083956,0.0,0.0,0.04955,0.026582,0.0,0.082408,0.0,0.083653,0.0,0.0,0.0,0.0,0.0,0.0,0.0,0.0,0.0,0.069627,0.012502
2025-01-07,0.035374,0.0,0.0,0.049722,0.0,0.043392,0.0,0.0,0.0,0.0,0.083612,0.08497,0.042094,0.041854,0.0,0.0,0.055116,0.029673,0.0,0.082704,0.0,0.0,0.044677,0.084747,0.0,0.0,0.048914,0.026522,0.0,0.082599,0.0,0.08513,0.0,0.0,0.0,0.0,0.0,0.0,0.0,0.0,0.0,0.066248,0.012653
2025-01-08,0.035195,0.0,0.0,0.049555,0.0,0.043114,0.0,0.0,0.0,0.0,0.083887,0.084505,0.042253,0.04188,0.0,0.0,0.055358,0.029686,0.0,0.083711,0.0,0.0,0.044778,0.084763,0.0,0.0,0.048941,0.026659,0.0,0.082853,0.0,0.085621,0.0,0.0,0.0,0.0,0.0,0.0,0.0,0.0,0.0,0.064581,0.012661
2025-01-09,0.035187,0.0,0.0,0.049594,0.0,0.043112,0.0,0.0,0.0,0.0,0.083884,0.084502,0.042251,0.041879,0.0,0.0,0.055356,0.029685,0.0,0.083708,0.0,0.0,0.044776,0.08476,0.0,0.0,0.048939,0.026658,0.0,0.082851,0.0,0.085618,0.0,0.0,0.0,0.0,0.0,0.0,0.0,0.0,0.0,0.064579,0.012661
2025-01-10,0.035063,0.0,0.0,0.049691,0.0,0.042453,0.0,0.0,0.0,0.0,0.084072,0.084257,0.041734,0.041115,0.0,0.0,0.055402,0.029865,0.0,0.082981,0.0,0.0,0.044713,0.085308,0.0,0.0,0.048542,0.026718,0.0,0.081814,0.0,0.08749,0.0,0.0,0.0,0.0,0.0,0.0,0.0,0.0,0.0,0.065967,0.012816
2025-01-13,0.034884,0.0,0.0,0.049585,0.0,0.042559,0.0,0.0,0.0,0.0,0.08445,0.084194,0.041985,0.041558,0.0,0.0,0.055987,0.029921,0.0,0.08426,0.0,0.0,0.044737,0.084217,0.0,0.0,0.048062,0.026552,0.0,0.082722,0.0,0.086519,0.0,0.0,0.0,0.0,0.0,0.0,0.0,0.0,0.0,0.065005,0.012802
2025-01-14,0.034716,0.0,0.0,0.049226,0.0,0.043009,0.0,0.0,0.0,0.0,0.083354,0.082985,0.042035,0.042456,0.0,0.0,0.056022,0.029831,0.0,0.085754,0.0,0.0,0.044254,0.084378,0.0,0.0,0.048048,0.026441,0.0,0.082553,0.0,0.086011,0.0,0.0,0.0,0.0,0.0,0.0,0.0,0.0,0.0,0.066265,0.012661
2025-01-15,0.034621,0.0,0.0,0.049393,0.0,0.042781,0.0,0.0,0.0,0.0,0.084122,0.083013,0.042424,0.042873,0.0,0.0,0.055483,0.029675,0.0,0.086536,0.0,0.0,0.043405,0.08426,0.0,0.0,0.048141,0.026431,0.0,0.081711,0.0,0.085282,0.0,0.0,0.0,0.0,0.0,0.0,0.0,0.0,0.0,0.067385,0.012464
2025-01-16,0.034651,0.0,0.0,0.04929,0.0,0.042469,0.0,0.0,0.0,0.0,0.08311,0.081994,0.042423,0.042329,0.0,0.0,0.055782,0.029897,0.0,0.086621,0.0,0.0,0.043439,0.085814,0.0,0.0,0.047908,0.02628,0.0,0.082848,0.0,0.085301,0.0,0.0,0.0,0.0,0.0,0.0,0.0,0.0,0.0,0.067462,0.01238
2025-01-17,0.034645,0.0,0.0,0.049182,0.0,0.042998,0.0,0.0,0.0,0.0,0.083609,0.082053,0.042442,0.04256,0.0,0.0,0.055672,0.029402,0.0,0.086275,0.0,0.0,0.043342,0.085254,0.0,0.0,0.047993,0.026084,0.0,0.082138,0.0,0.084177,0.0,0.0,0.0,0.0,0.0,0.0,0.0,0.0,0.0,0.06989,0.012284
2025-01-20,0.034816,0.0,0.0,0.049067,0.0,0.042995,0.0,0.0,0.0,0.0,0.083603,0.082048,0.042439,0.042557,0.0,0.0,0.055669,0.0294,0.0,0.08627,0.0,0.0,0.043339,0.085248,0.0,0.0,0.04799,0.026082,0.0,0.082132,0.0,0.084171,0.0,0.0,0.0,0.0,0.0,0.0,0.0,0.0,0.0,0.069885,0.012287
2025-01-21,0.034503,0.0,0.0,0.048769,0.0,0.042804,0.0,0.0,0.0,0.0,0.083302,0.08189,0.04233,0.042561,0.0,0.0,0.056196,0.029571,0.0,0.085302,0.0,0.0,0.043069,0.085617,0.0,0.0,0.04824,0.026389,0.0,0.082763,0.0,0.084547,0.0,0.0,0.0,0.0,0.0,0.0,0.0,0.0,0.0,0.069994,0.012154
2025-01-22,0.034896,0.0,0.0,0.048872,0.0,0.04275,0.0,0.0,0.0,0.0,0.083241,0.082959,0.042257,0.042289,0.0,0.0,0.056235,0.029475,0.0,0.08597,0.0,0.0,0.042988,0.084022,0.0,0.0,0.049412,0.026757,0.0,0.08157,0.0,0.08524,0.0,0.0,0.0,0.0,0.0,0.0,0.0,0.0,0.0,0.068875,0.01219
2025-01-23,0.034869,0.0,0.0,0.048793,0.0,0.042609,0.0,0.0,0.0,0.0,0.083575,0.083009,0.042415,0.042102,0.0,0.0,0.05669,0.029708,0.0,0.085843,0.0,0.0,0.043057,0.084249,0.0,0.0,0.049398,0.026612,0.0,0.082005,0.0,0.084948,0.0,0.0,0.0,0.0,0.0,0.0,0.0,0.0,0.0,0.067949,0.012169
2025-01-24,0.034941,0.0,0.0,0.048453,0.0,0.043511,0.0,0.0,0.0,0.0,0.082785,0.083476,0.042396,0.042156,0.0,0.0,0.056258,0.029595,0.0,0.084758,0.0,0.0,0.043133,0.084817,0.0,0.0,0.049023,0.026545,0.0,0.082007,0.0,0.085187,0.0,0.0,0.0,0.0,0.0,0.0,0.0,0.0,0.0,0.068828,0.012129
2025-01-27,0.034381,0.0,0.0,0.047962,0.0,0.0439,0.0,0.0,0.0,0.0,0.083384,0.084037,0.042929,0.042736,0.0,0.0,0.05559,0.030105,0.0,0.086987,0.0,0.0,0.044369,0.082981,0.0,0.0,0.048285,0.026025,0.0,0.083228,0.0,0.08443,0.0,0.0,0.0,0.0,0.0,0.0,0.0,0.0,0.0,0.066522,0.012149
2025-01-28,0.03462,0.0,0.0,0.048269,0.0,0.044562,0.0,0.0,0.0,0.0,0.083589,0.08455,0.042907,0.042681,0.0,0.0,0.055291,0.02976,0.0,0.085314,0.0,0.0,0.04373,0.081939,0.0,0.0,0.049699,0.026751,0.0,0.082326,0.0,0.085267,0.0,0.0,0.0,0.0,0.0,0.0,0.0,0.0,0.0,0.066578,0.012167
2025-01-29,0.034754,0.0,0.0,0.04861,0.0,0.044487,0.0,0.0,0.0,0.0,0.083469,0.085045,0.042935,0.042661,0.0,0.0,0.055181,0.029687,0.0,0.084034,0.0,0.0,0.043898,0.082227,0.0,0.0,0.049054,0.026597,0.0,0.081353,0.0,0.08506,0.0,0.0,0.0,0.0,0.0,0.0,0.0,0.0,0.0,0.068764,0.012185
2025-01-30,0.034499,0.0,0.0,0.048608,0.0,0.045095,0.0,0.0,0.0,0.0,0.083399,0.084233,0.042889,0.042645,0.0,0.0,0.055211,0.028856,0.0,0.085263,0.0,0.0,0.043865,0.083058,0.0,0.0,0.0482,0.02672,0.0,0.081521,0.0,0.085439,0.0,0.0,0.0,0.0,0.0,0.0,0.0,0.0,0.0,0.068443,0.012057
2025-01-31,0.016255,0.0,0.0,0.052732,0.0,0.060794,0.0,0.0,0.0,0.0,0.068936,0.06892,0.053606,0.015519,0.0,0.0,0.0,0.0,0.0,0.0,0.0,0.0,0.06925,0.069364,0.0,0.0,0.028017,0.040713,0.0,0.036407,0.0,0.06897,0.0,0.069283,0.0,0.0,0.034511,0.034216,0.034621,0.034432,0.069324,0.069355,0.004775
2025-02-03,0.015997,0.0,0.0,0.052355,0.0,0.060482,0.0,0.0,0.0,0.0,0.06814,0.069185,0.053479,0.015252,0.0,0.0,0.0,0.0,0.0,0.0,0.0,0.0,0.069641,0.069857,0.0,0.0,0.027956,0.040553,0.0,0.036392,0.0,0.069456,0.0,0.069502,0.0,0.0,0.034594,0.034354,0.034636,0.034545,0.069551,0.069289,0.004784
2025-02-04,0.016053,0.0,0.0,0.052155,0.0,0.061833,0.0,0.0,0.0,0.0,0.068753,0.069613,0.053206,0.015461,0.0,0.0,0.0,0.0,0.0,0.0,0.0,0.0,0.068861,0.06905,0.0,0.0,0.028374,0.04103,0.0,0.03632,0.0,0.069946,0.0,0.069535,0.0,0.0,0.034584,0.034316,0.034649,0.034517,0.069605,0.067369,0.004771
2025-02-05,0.01605,0.0,0.0,0.052281,0.0,0.060672,0.0,0.0,0.0,0.0,0.067839,0.068805,0.053662,0.015606,0.0,0.0,0.0,0.0,0.0,0.0,0.0,0.0,0.069154,0.069607,0.0,0.0,0.028497,0.041616,0.0,0.036758,0.0,0.070243,0.0,0.069749,0.0,0.0,0.034716,0.0344,0.034673,0.03469,0.069859,0.06636,0.004763
2025-02-06,0.016139,0.0,0.0,0.052702,0.0,0.061415,0.0,0.0,0.0,0.0,0.068016,0.069006,0.054035,0.015727,0.0,0.0,0.0,0.0,0.0,0.0,0.0,0.0,0.069375,0.069433,0.0,0.0,0.028532,0.041314,0.0,0.0368,0.0,0.069961,0.0,0.069179,0.0,0.0,0.034628,0.034293,0.034573,0.034579,0.069703,0.065832,0.004757
2025-02-07,0.016115,0.0,0.0,0.052395,0.0,0.062407,0.0,0.0,0.0,0.0,0.066931,0.069112,0.053932,0.015611,0.0,0.0,0.0,0.0,0.0,0.0,0.0,0.0,0.069525,0.069546,0.0,0.0,0.028468,0.041779,0.0,0.036815,0.0,0.070344,0.0,0.069158,0.0,0.0,0.034641,0.034328,0.034592,0.034555,0.069691,0.065283,0.004774
2025-02-10,0.016036,0.0,0.0,0.052341,0.0,0.063533,0.0,0.0,0.0,0.0,0.066657,0.068902,0.053105,0.015327,0.0,0.0,0.0,0.0,0.0,0.0,0.0,0.0,0.06943,0.069776,0.0,0.0,0.028736,0.042225,0.0,0.036523,0.0,0.071,0.0,0.069437,0.0,0.0,0.034374,0.034086,0.034402,0.034306,0.069169,0.065899,0.004739
2025-02-11,0.016102,0.0,0.0,0.052221,0.0,0.06312,0.0,0.0,0.0,0.0,0.06608,0.069204,0.053384,0.01556,0.0,0.0,0.0,0.0,0.0,0.0,0.0,0.0,0.070291,0.070321,0.0,0.0,0.028522,0.042124,0.0,0.036783,0.0,0.070934,0.0,0.069626,0.0,0.0,0.034379,0.03417,0.034483,0.034322,0.069059,0.064563,0.004752
2025-02-12,0.016009,0.0,0.0,0.05154,0.0,0.064752,0.0,0.0,0.0,0.0,0.066039,0.069247,0.053174,0.015231,0.0,0.0,0.0,0.0,0.0,0.0,0.0,0.0,0.070208,0.070165,0.0,0.0,0.028411,0.042118,0.0,0.036427,0.0,0.070976,0.0,0.069795,0.0,0.0,0.034127,0.03395,0.034394,0.034122,0.068807,0.065758,0.004751
2025-02-13,0.016093,0.0,0.0,0.051334,0.0,0.064261,0.0,0.0,0.0,0.0,0.066548,0.069539,0.053141,0.015201,0.0,0.0,0.0,0.0,0.0,0.0,0.0,0.0,0.070455,0.069818,0.0,0.0,0.028666,0.042599,0.0,0.036525,0.0,0.07116,0.0,0.069837,0.0,0.0,0.034134,0.033893,0.034301,0.034139,0.068873,0.064764,0.004718
2025-02-14,0.016133,0.0,0.0,0.051283,0.0,0.066155,0.0,0.0,0.0,0.0,0.066416,0.069856,0.053162,0.015217,0.0,0.0,0.0,0.0,0.0,0.0,0.0,0.0,0.069647,0.069421,0.0,0.0,0.028646,0.042403,0.0,0.036303,0.0,0.069994,0.0,0.069681,0.0,0.0,0.034225,0.033903,0.034287,0.03422,0.068979,0.065358,0.004711
2025-02-17,0.016172,0.0,0.0,0.05145,0.0,0.06614,0.0,0.0,0.0,0.0,0.066401,0.069841,0.05315,0.015214,0.0,0.0,0.0,0.0,0.0,0.0,0.0,0.0,0.069631,0.069406,0.0,0.0,0.02864,0.042393,0.0,0.036295,0.0,0.069979,0.0,0.069665,0.0,0.0,0.034217,0.033896,0.034279,0.034213,0.068964,0.065343,0.00471
2025-02-18,0.016131,0.0,0.0,0.051583,0.0,0.066719,0.0,0.0,0.0,0.0,0.066142,0.069437,0.053469,0.015318,0.0,0.0,0.0,0.0,0.0,0.0,0.0,0.0,0.069802,0.069975,0.0,0.0,0.028894,0.042624,0.0,0.036416,0.0,0.071057,0.0,0.070104,0.0,0.0,0.033995,0.033748,0.03421,0.034034,0.06859,0.063047,0.004705
2025-02-19,0.016095,0.0,0.0,0.051495,0.0,0.066337,0.0,0.0,0.0,0.0,0.066043,0.069452,0.05344,0.015227,0.0,0.0,0.0,0.0,0.0,0.0,0.0,0.0,0.070299,0.070279,0.0,0.0,0.028362,0.042265,0.0,0.03641,0.0,0.071031,0.0,0.069646,0.0,0.0,0.034019,0.033786,0.034205,0.034022,0.068543,0.064344,0.004701
2025-02-20,0.016051,0.0,0.0,0.050803,0.0,0.067681,0.0,0.0,0.0,0.0,0.065579,0.069239,0.052706,0.015002,0.0,0.0,0.0,0.0,0.0,0.0,0.0,0.0,0.070135,0.070383,0.0,0.0,0.027887,0.041645,0.0,0.036643,0.0,0.071182,0.0,0.069016,0.0,0.0,0.034143,0.033909,0.034281,0.034159,0.068782,0.066064,0.00471
2025-02-21,0.01617,0.0,0.0,0.051102,0.0,0.069505,0.0,0.0,0.0,0.0,0.064352,0.068824,0.052455,0.014789,0.0,0.0,0.0,0.0,0.0,0.0,0.0,0.0,0.071509,0.07095,0.0,0.0,0.027145,0.040457,0.0,0.036565,0.0,0.071671,0.0,0.068632,0.0,0.0,0.034613,0.034242,0.034483,0.034547,0.069341,0.063902,0.004746
2025-02-24,0.0161,0.0,0.0,0.050639,0.0,0.067154,0.0,0.0,0.0,0.0,0.064462,0.069336,0.052971,0.014781,0.0,0.0,0.0,0.0,0.0,0.0,0.0,0.0,0.07212,0.070983,0.0,0.0,0.026954,0.040126,0.0,0.03691,0.0,0.072455,0.0,0.067706,0.0,0.0,0.034877,0.034506,0.034716,0.034826,0.06979,0.063814,0.004773
2025-02-25,0.015978,0.0,0.0,0.050232,0.0,0.068077,0.0,0.0,0.0,0.0,0.064441,0.068645,0.053222,0.01488,0.0,0.0,0.0,0.0,0.0,0.0,0.0,0.0,0.073505,0.070977,0.0,0.0,0.026648,0.040077,0.0,0.037548,0.0,0.071852,0.0,0.068116,0.0,0.0,0.035325,0.034822,0.034975,0.035266,0.070574,0.060042,0.004797
2025-02-26,0.016198,0.0,0.0,0.050983,0.0,0.069769,0.0,0.0,0.0,0.0,0.06418,0.068528,0.053111,0.014897,0.0,0.0,0.0,0.0,0.0,0.0,0.0,0.0,0.072102,0.071276,0.0,0.0,0.027021,0.040502,0.0,0.037393,0.0,0.071967,0.0,0.068271,0.0,0.0,0.035425,0.034853,0.035025,0.035342,0.07081,0.057546,0.004798
2025-02-27,0.016213,0.0,0.0,0.051423,0.0,0.069721,0.0,0.0,0.0,0.0,0.063774,0.068425,0.053843,0.015049,0.0,0.0,0.0,0.0,0.0,0.0,0.0,0.0,0.072687,0.070268,0.0,0.0,0.026522,0.039922,0.0,0.037851,0.0,0.071453,0.0,0.068046,0.0,0.0,0.035675,0.035098,0.035247,0.035483,0.071152,0.057308,0.004838
2025-02-28,0.027619,0.0,0.018676,0.063876,0.0,0.091471,0.0,0.0,0.0,0.0,0.091432,0.091586,0.045822,0.045635,0.0,0.0,0.091512,0.0,0.0,0.0,0.0,0.0,0.0,0.032941,0.0,0.0,0.033802,0.052575,0.0,0.0,0.0,0.076574,0.01441,0.09167,0.0,0.0,0.0,0.0,0.030158,0.0,0.0,0.091711,0.00853
2025-03-03,0.028091,0.0,0.018981,0.064037,0.0,0.090646,0.0,0.0,0.0,0.0,0.090234,0.091162,0.045682,0.045338,0.0,0.0,0.0907,0.0,0.0,0.0,0.0,0.0,0.0,0.033166,0.0,0.0,0.033344,0.052309,0.0,0.0,0.0,0.078004,0.014713,0.090637,0.0,0.0,0.0,0.0,0.030258,0.0,0.0,0.09412,0.008578
2025-03-04,0.027425,0.0,0.018964,0.06183,0.0,0.092685,0.0,0.0,0.0,0.0,0.0893,0.091111,0.044402,0.043982,0.0,0.0,0.089592,0.0,0.0,0.0,0.0,0.0,0.0,0.032869,0.0,0.0,0.033524,0.053518,0.0,0.0,0.0,0.079267,0.014951,0.091801,0.0,0.0,0.0,0.0,0.030479,0.0,0.0,0.095657,0.008642
2025-03-05,0.027238,0.0,0.019093,0.060479,0.0,0.09577,0.0,0.0,0.0,0.0,0.089311,0.090912,0.043996,0.043327,0.0,0.0,0.089652,0.0,0.0,0.0,0.0,0.0,0.0,0.032152,0.0,0.0,0.0336,0.053246,0.0,0.0,0.0,0.07825,0.01512,0.091126,0.0,0.0,0.0,0.0,0.030041,0.0,0.0,0.098173,0.008515
2025-03-06,0.02779,0.0,0.019157,0.061401,0.0,0.097369,0.0,0.0,0.0,0.0,0.088015,0.090274,0.04375,0.043135,0.0,0.0,0.089871,0.0,0.0,0.0,0.0,0.0,0.0,0.031834,0.0,0.0,0.032693,0.052394,0.0,0.0,0.0,0.078719,0.015247,0.09179,0.0,0.0,0.0,0.0,0.030261,0.0,0.0,0.097692,0.008609
2025-03-07,0.02733,0.0,0.019323,0.060398,0.0,0.097381,0.0,0.0,0.0,0.0,0.08791,0.090913,0.043548,0.043187,0.0,0.0,0.09098,0.0,0.0,0.0,0.0,0.0,0.0,0.032447,0.0,0.0,0.032708,0.052934,0.0,0.0,0.0,0.078811,0.015206,0.092584,0.0,0.0,0.0,0.0,0.03033,0.0,0.0,0.095394,0.008617
2025-03-10,0.027861,0.0,0.019419,0.061942,0.0,0.096961,0.0,0.0,0.0,0.0,0.087042,0.09102,0.043712,0.042635,0.0,0.0,0.091954,0.0,0.0,0.0,0.0,0.0,0.0,0.033682,0.0,0.0,0.031879,0.052167,0.0,0.0,0.0,0.080212,0.015359,0.095528,0.0,0.0,0.0,0.0,0.031024,0.0,0.0,0.088754,0.008848
2025-03-11,0.027414,0.0,0.019258,0.060546,0.0,0.098584,0.0,0.0,0.0,0.0,0.086,0.089482,0.043243,0.04222,0.0,0.0,0.090342,0.0,0.0,0.0,0.0,0.0,0.0,0.033294,0.0,0.0,0.032117,0.052529,0.0,0.0,0.0,0.080974,0.015773,0.095353,0.0,0.0,0.0,0.0,0.030846,0.0,0.0,0.093195,0.00883
2025-03-12,0.027587,0.0,0.01955,0.060848,0.0,0.09791,0.0,0.0,0.0,0.0,0.086217,0.089634,0.043166,0.042517,0.0,0.0,0.09004,0.0,0.0,0.0,0.0,0.0,0.0,0.033082,0.0,0.0,0.032653,0.052628,0.0,0.0,0.0,0.08106,0.015858,0.094828,0.0,0.0,0.0,0.0,0.030781,0.0,0.0,0.092841,0.0088
2025-03-13,0.02755,0.0,0.019667,0.061132,0.0,0.099118,0.0,0.0,0.0,0.0,0.084889,0.088652,0.043351,0.042503,0.0,0.0,0.089993,0.0,0.0,0.0,0.0,0.0,0.0,0.033489,0.0,0.0,0.031879,0.051926,0.0,0.0,0.0,0.083308,0.016289,0.095901,0.0,0.0,0.0,0.0,0.030909,0.0,0.0,0.090555,0.008888
2025-03-14,0.027335,0.0,0.019584,0.060805,0.0,0.09996,0.0,0.0,0.0,0.0,0.084993,0.088506,0.043485,0.042862,0.0,0.0,0.089836,0.0,0.0,0.0,0.0,0.0,0.0,0.033472,0.0,0.0,0.032442,0.052603,0.0,0.0,0.0,0.081705,0.015953,0.093453,0.0,0.0,0.0,0.0,0.030441,0.0,0.0,0.093849,0.008715
2025-03-17,0.027318,0.0,0.01961,0.060778,0.0,0.101259,0.0,0.0,0.0,0.0,0.084352,0.088326,0.043595,0.042794,0.0,0.0,0.090246,0.0,0.0,0.0,0.0,0.0,0.0,0.033305,0.0,0.0,0.03257,0.05292,0.0,0.0,0.0,0.081398,0.01586,0.094001,0.0,0.0,0.0,0.0,0.030236,0.0,0.0,0.092797,0.008635
2025-03-18,0.027426,0.0,0.019691,0.061049,0.0,0.10146,0.0,0.0,0.0,0.0,0.083426,0.087698,0.043846,0.043043,0.0,0.0,0.09015,0.0,0.0,0.0,0.0,0.0,0.0,0.033305,0.0,0.0,0.032317,0.052965,0.0,0.0,0.0,0.082923,0.015991,0.094657,0.0,0.0,0.0,0.0,0.030393,0.0,0.0,0.090963,0.008696
2025-03-19,0.027272,0.0,0.019701,0.06102,0.0,0.100277,0.0,0.0,0.0,0.0,0.084106,0.08778,0.043849,0.043035,0.0,0.0,0.090358,0.0,0.0,0.0,0.0,0.0,0.0,0.033066,0.0,0.0,0.032471,0.053009,0.0,0.0,0.0,0.082362,0.015767,0.093598,0.0,0.0,0.0,0.0,0.030263,0.0,0.0,0.093464,0.008604
2025-03-20,0.027443,0.0,0.019714,0.061753,0.0,0.098076,0.0,0.0,0.0,0.0,0.084409,0.088116,0.044175,0.043067,0.0,0.0,0.090445,0.0,0.0,0.0,0.0,0.0,0.0,0.033399,0.0,0.0,0.032532,0.052449,0.0,0.0,0.0,0.082751,0.015732,0.094335,0.0,0.0,0.0,0.0,0.030402,0.0,0.0,0.092543,0.008657
2025-03-21,0.027435,0.0,0.019797,0.061457,0.0,0.09667,0.0,0.0,0.0,0.0,0.08506,0.08917,0.044194,0.043162,0.0,0.0,0.090329,0.0,0.0,0.0,0.0,0.0,0.0,0.03332,0.0,0.0,0.032855,0.052582,0.0,0.0,0.0,0.08242,0.015548,0.094157,0.0,0.0,0.0,0.0,0.03048,0.0,0.0,0.092673,0.008693
2025-03-24,0.027416,0.0,0.019456,0.061542,0.0,0.095148,0.0,0.0,0.0,0.0,0.086922,0.089074,0.044297,0.043652,0.0,0.0,0.090621,0.0,0.0,0.0,0.0,0.0,0.0,0.032808,0.0,0.0,0.033161,0.052628,0.0,0.0,0.0,0.080819,0.015284,0.092533,0.0,0.0,0.0,0.0,0.030109,0.0,0.0,0.095968,0.008562
2025-03-25,0.027429,0.0,0.019542,0.061506,0.0,0.093848,0.0,0.0,0.0,0.0,0.087377,0.089956,0.044423,0.043469,0.0,0.0,0.090509,0.0,0.0,0.0,0.0,0.0,0.0,0.032196,0.0,0.0,0.033403,0.053081,0.0,0.0,0.0,0.080954,0.015557,0.092592,0.0,0.0,0.0,0.0,0.030012,0.0,0.0,0.095609,0.008538
2025-03-26,0.027453,0.0,0.019437,0.06175,0.0,0.094573,0.0,0.0,0.0,0.0,0.086901,0.089879,0.044633,0.043635,0.0,0.0,0.090604,0.0,0.0,0.0,0.0,0.0,0.0,0.032659,0.0,0.0,0.032879,0.052561,0.0,0.0,0.0,0.081511,0.015652,0.09261,0.0,0.0,0.0,0.0,0.030122,0.0,0.0,0.094532,0.008608
2025-03-27,0.027358,0.0,0.019414,0.061364,0.0,0.095988,0.0,0.0,0.0,0.0,0.086977,0.089501,0.044554,0.043297,0.0,0.0,0.090143,0.0,0.0,0.0,0.0,0.0,0.0,0.032659,0.0,0.0,0.032324,0.051768,0.0,0.0,0.0,0.082623,0.01606,0.092143,0.0,0.0,0.0,0.0,0.030071,0.0,0.0,0.095143,0.008611
2025-03-28,0.027357,0.0,0.019369,0.061145,0.0,0.09557,0.0,0.0,0.0,0.0,0.085813,0.088448,0.044491,0.043192,0.0,0.0,0.089898,0.0,0.0,0.0,0.0,0.0,0.0,0.0335,0.0,0.0,0.031972,0.051718,0.0,0.0,0.0,0.084756,0.016187,0.093969,0.0,0.0,0.0,0.0,0.030567,0.0,0.0,0.093282,0.008768
2025-03-31,0.02047,0.04607,0.0,0.0,0.0,0.069924,0.0,0.0,0.0,0.0,0.069693,0.069968,0.043625,0.026368,0.016884,0.0,0.069752,0.0,0.0,0.0,0.0,0.0,0.0,0.036512,0.0,0.0,0.0,0.070087,0.0,0.0,0.036725,0.069437,0.0,0.070164,0.0,0.0,0.024678,0.044956,0.044625,0.024942,0.069803,0.070162,0.005155
2025-04-01,0.0206,0.045904,0.0,0.0,0.0,0.069685,0.0,0.0,0.0,0.0,0.069987,0.06958,0.043304,0.026092,0.016879,0.0,0.069714,0.0,0.0,0.0,0.0,0.0,0.0,0.036379,0.0,0.0,0.0,0.070231,0.0,0.0,0.03632,0.068873,0.0,0.071293,0.0,0.0,0.024612,0.044707,0.044453,0.024877,0.069596,0.071792,0.005124
2025-04-02,0.020556,0.045757,0.0,0.0,0.0,0.068741,0.0,0.0,0.0,0.0,0.070856,0.069375,0.043379,0.026312,0.016793,0.0,0.069916,0.0,0.0,0.0,0.0,0.0,0.0,0.036314,0.0,0.0,0.0,0.070799,0.0,0.0,0.036095,0.068569,0.0,0.071491,0.0,0.0,0.02443,0.044351,0.044256,0.024773,0.069117,0.073026,0.005092
2025-04-03,0.020515,0.046485,0.0,0.0,0.0,0.070207,0.0,0.0,0.0,0.0,0.068617,0.068312,0.042507,0.024636,0.015949,0.0,0.068159,0.0,0.0,0.0,0.0,0.0,0.0,0.037191,0.0,0.0,0.0,0.069369,0.0,0.0,0.035709,0.070244,0.0,0.073141,0.0,0.0,0.025438,0.045996,0.045046,0.02553,0.07081,0.070891,0.005248
2025-04-04,0.02021,0.045129,0.0,0.0,0.0,0.06798,0.0,0.0,0.0,0.0,0.068241,0.066934,0.040947,0.024531,0.015052,0.0,0.066389,0.0,0.0,0.0,0.0,0.0,0.0,0.036504,0.0,0.0,0.0,0.06771,0.0,0.0,0.034961,0.071301,0.0,0.073652,0.0,0.0,0.026513,0.047647,0.046151,0.026506,0.072524,0.075664,0.005454
2025-04-07,0.019935,0.044764,0.0,0.0,0.0,0.064025,0.0,0.0,0.0,0.0,0.069035,0.068616,0.041814,0.025005,0.015309,0.0,0.067647,0.0,0.0,0.0,0.0,0.0,0.0,0.036799,0.0,0.0,0.0,0.069521,0.0,0.0,0.033628,0.071424,0.0,0.073467,0.0,0.0,0.026819,0.048191,0.04684,0.026606,0.073047,0.071918,0.005587
2025-04-08,0.020812,0.04497,0.0,0.0,0.0,0.063501,0.0,0.0,0.0,0.0,0.067996,0.068261,0.042024,0.02494,0.015088,0.0,0.067687,0.0,0.0,0.0,0.0,0.0,0.0,0.036975,0.0,0.0,0.0,0.069837,0.0,0.0,0.032904,0.072453,0.0,0.07354,0.0,0.0,0.026922,0.048501,0.04704,0.026503,0.073174,0.071236,0.005635
2025-04-09,0.019016,0.045672,0.0,0.0,0.0,0.063794,0.0,0.0,0.0,0.0,0.071271,0.070225,0.042717,0.025302,0.015367,0.0,0.069663,0.0,0.0,0.0,0.0,0.0,0.0,0.036328,0.0,0.0,0.0,0.072734,0.0,0.0,0.034221,0.07102,0.0,0.071577,0.0,0.0,0.025368,0.045942,0.045656,0.025471,0.07095,0.072379,0.005328
2025-04-10,0.020373,0.045899,0.0,0.0,0.0,0.06486,0.0,0.0,0.0,0.0,0.069748,0.069046,0.042288,0.024249,0.014627,0.0,0.069116,0.0,0.0,0.0,0.0,0.0,0.0,0.036719,0.0,0.0,0.0,0.072143,0.0,0.0,0.034124,0.074094,0.0,0.072166,0.0,0.0,0.025674,0.046231,0.045738,0.025499,0.070856,0.071123,0.005426
2025-04-11,0.020094,0.046336,0.0,0.0,0.0,0.066031,0.0,0.0,0.0,0.0,0.069241,0.068464,0.042266,0.023919,0.014739,0.0,0.069155,0.0,0.0,0.0,0.0,0.0,0.0,0.036543,0.0,0.0,0.0,0.071967,0.0,0.0,0.034736,0.07424,0.0,0.07247,0.0,0.0,0.0251,0.045471,0.045105,0.025066,0.069914,0.073807,0.005336
2025-04-14,0.020559,0.046327,0.0,0.0,0.0,0.066689,0.0,0.0,0.0,0.0,0.068913,0.068397,0.042376,0.024146,0.014678,0.0,0.069344,0.0,0.0,0.0,0.0,0.0,0.0,0.036916,0.0,0.0,0.0,0.071636,0.0,0.0,0.03486,0.073255,0.0,0.071836,0.0,0.0,0.025109,0.045343,0.044983,0.025029,0.070105,0.074207,0.005296
2025-04-15,0.020642,0.046801,0.0,0.0,0.0,0.066189,0.0,0.0,0.0,0.0,0.068431,0.068583,0.042493,0.024483,0.014659,0.0,0.069014,0.0,0.0,0.0,0.0,0.0,0.0,0.036919,0.0,0.0,0.0,0.072337,0.0,0.0,0.034537,0.073654,0.0,0.071468,0.0,0.0,0.025189,0.045348,0.045115,0.025169,0.070334,0.073341,0.005293
2025-04-16,0.0206,0.046842,0.0,0.0,0.0,0.065175,0.0,0.0,0.0,0.0,0.067071,0.067064,0.042033,0.024532,0.014852,0.0,0.068404,0.0,0.0,0.0,0.0,0.0,0.0,0.036766,0.0,0.0,0.0,0.071407,0.0,0.0,0.03414,0.076425,0.0,0.072864,0.0,0.0,0.025423,0.045697,0.045331,0.0254,0.070704,0.073943,0.005324
2025-04-17,0.020353,0.04717,0.0,0.0,0.0,0.065128,0.0,0.0,0.0,0.0,0.067267,0.067272,0.042,0.024613,0.015137,0.0,0.068547,0.0,0.0,0.0,0.0,0.0,0.0,0.037019,0.0,0.0,0.0,0.070641,0.0,0.0,0.034113,0.075834,0.0,0.072976,0.0,0.0,0.025265,0.045649,0.045442,0.025279,0.07065,0.074338,0.005306
2025-04-21,0.02049,0.047169,0.0,0.0,0.0,0.0657,0.0,0.0,0.0,0.0,0.065912,0.066201,0.041377,0.024434,0.014841,0.0,0.067461,0.0,0.0,0.0,0.0,0.0,0.0,0.036387,0.0,0.0,0.0,0.069333,0.0,0.0,0.034284,0.078706,0.0,0.073412,0.0,0.0,0.025298,0.04572,0.045478,0.025175,0.070301,0.076981,0.005342
2025-04-22,0.020149,0.047298,0.0,0.0,0.0,0.066524,0.0,0.0,0.0,0.0,0.066809,0.06674,0.041998,0.024786,0.014952,0.0,0.067439,0.0,0.0,0.0,0.0,0.0,0.0,0.036725,0.0,0.0,0.0,0.069353,0.0,0.0,0.034137,0.076232,0.0,0.073076,0.0,0.0,0.024874,0.045086,0.044856,0.024796,0.069788,0.079131,0.005249
2025-04-23,0.020396,0.047048,0.0,0.0,0.0,0.066934,0.0,0.0,0.0,0.0,0.067711,0.067223,0.042129,0.025024,0.014796,0.0,0.067693,0.0,0.0,0.0,0.0,0.0,0.0,0.036561,0.0,0.0,0.0,0.070301,0.0,0.0,0.034319,0.073761,0.0,0.072417,0.0,0.0,0.024685,0.044828,0.044691,0.02469,0.069488,0.080101,0.005204
2025-04-24,0.020267,0.047036,0.0,0.0,0.0,0.066449,0.0,0.0,0.0,0.0,0.06815,0.067666,0.042036,0.025125,0.014834,0.0,0.0683,0.0,0.0,0.0,0.0,0.0,0.0,0.036135,0.0,0.0,0.0,0.0716,0.0,0.0,0.034583,0.073849,0.0,0.072206,0.0,0.0,0.024492,0.044472,0.044499,0.024615,0.069305,0.07924,0.005138
2025-04-25,0.0203,0.047043,0.0,0.0,0.0,0.066108,0.0,0.0,0.0,0.0,0.069099,0.06782,0.041669,0.024813,0.014748,0.0,0.068022,0.0,0.0,0.0,0.0,0.0,0.0,0.035881,0.0,0.0,0.0,0.071987,0.0,0.0,0.034679,0.072757,0.0,0.072525,0.0,0.0,0.024487,0.044315,0.044361,0.024647,0.069305,0.080318,0.005116
2025-04-28,0.020334,0.047269,0.0,0.0,0.0,0.06592,0.0,0.0,0.0,0.0,0.069007,0.067964,0.041728,0.024904,0.014827,0.0,0.068133,0.0,0.0,0.0,0.0,0.0,0.0,0.03604,0.0,0.0,0.0,0.072107,0.0,0.0,0.034274,0.073669,0.0,0.071902,0.0,0.0,0.024543,0.044393,0.044308,0.024662,0.069264,0.079641,0.005109
2025-04-29,0.020391,0.047231,0.0,0.0,0.0,0.065517,0.0,0.0,0.0,0.0,0.069298,0.068264,0.042042,0.025059,0.014742,0.0,0.06838,0.0,0.0,0.0,0.0,0.0,0.0,0.036216,0.0,0.0,0.0,0.072955,0.0,0.0,0.034336,0.072744,0.0,0.070883,0.0,0.0,0.024558,0.044343,0.0443,0.024649,0.069159,0.079838,0.005094
2025-04-30,0.0,0.042552,0.015132,0.0,0.0,0.048519,0.0,0.0,0.0,0.0,0.0,0.075512,0.069834,0.017948,0.040764,0.0,0.0,0.0,0.0,0.0,0.012544,0.0,0.059712,0.023752,0.0,0.0,0.0,0.064272,0.0,0.0,0.0,0.046594,0.039853,0.087909,0.0,0.0,0.043604,0.043957,0.048869,0.038701,0.087869,0.087909,0.004192
2025-05-01,0.0,0.042407,0.01508,0.0,0.0,0.048461,0.0,0.0,0.0,0.0,0.0,0.075912,0.069831,0.018128,0.040923,0.0,0.0,0.0,0.0,0.0,0.012204,0.0,0.059203,0.023826,0.0,0.0,0.0,0.06436,0.0,0.0,0.0,0.045633,0.039577,0.0873,0.0,0.0,0.043422,0.043814,0.048941,0.038572,0.087925,0.090289,0.004192
2025-05-02,0.0,0.042949,0.015109,0.0,0.0,0.049774,0.0,0.0,0.0,0.0,0.0,0.076468,0.070701,0.018421,0.041185,0.0,0.0,0.0,0.0,0.0,0.012273,0.0,0.059043,0.023818,0.0,0.0,0.0,0.064855,0.0,0.0,0.0,0.045343,0.038896,0.087374,0.0,0.0,0.042781,0.043234,0.048693,0.038167,0.08698,0.089777,0.004158
2025-05-05,0.0,0.043108,0.01525,0.0,0.0,0.049872,0.0,0.0,0.0,0.0,0.0,0.076828,0.070411,0.018404,0.040536,0.0,0.0,0.0,0.0,0.0,0.012267,0.0,0.05913,0.023814,0.0,0.0,0.0,0.065314,0.0,0.0,0.0,0.046807,0.039469,0.08709,0.0,0.0,0.042804,0.043291,0.048789,0.038202,0.087008,0.087438,0.004168
2025-05-06,0.0,0.042829,0.015198,0.0,0.0,0.050188,0.0,0.0,0.0,0.0,0.0,0.07651,0.069737,0.018146,0.040386,0.0,0.0,0.0,0.0,0.0,0.011882,0.0,0.058796,0.024009,0.0,0.0,0.0,0.065134,0.0,0.0,0.0,0.047929,0.0403,0.087299,0.0,0.0,0.042744,0.043252,0.04856,0.038127,0.087025,0.087795,0.004153
2025-05-07,0.0,0.042729,0.015114,0.0,0.0,0.049047,0.0,0.0,0.0,0.0,0.0,0.076418,0.070194,0.018228,0.040427,0.0,0.0,0.0,0.0,0.0,0.011981,0.0,0.058928,0.024093,0.0,0.0,0.0,0.065243,0.0,0.0,0.0,0.047241,0.039352,0.087323,0.0,0.0,0.042885,0.043323,0.048634,0.03823,0.087422,0.089034,0.004155
2025-05-08,0.0,0.042361,0.015007,0.0,0.0,0.049507,0.0,0.0,0.0,0.0,0.0,0.076217,0.070424,0.018497,0.040756,0.0,0.0,0.0,0.0,0.0,0.011814,0.0,0.058563,0.023781,0.0,0.0,0.0,0.065262,0.0,0.0,0.0,0.046081,0.039117,0.087018,0.0,0.0,0.042339,0.042954,0.04838,0.037848,0.086639,0.0933,0.004135
2025-05-09,0.0,0.042552,0.015013,0.0,0.0,0.049217,0.0,0.0,0.0,0.0,0.0,0.075665,0.070273,0.018374,0.041077,0.0,0.0,0.0,0.0,0.0,0.01166,0.0,0.058101,0.023771,0.0,0.0,0.0,0.064552,0.0,0.0,0.0,0.046316,0.039484,0.087187,0.0,0.0,0.04228,0.042902,0.048308,0.037753,0.086589,0.094798,0.004128
2025-05-12,0.0,0.042373,0.015081,0.0,0.0,0.050566,0.0,0.0,0.0,0.0,0.0,0.076747,0.071241,0.019051,0.041881,0.0,0.0,0.0,0.0,0.0,0.011872,0.0,0.057817,0.023479,0.0,0.0,0.0,0.066191,0.0,0.0,0.0,0.044724,0.039009,0.086537,0.0,0.0,0.041744,0.042297,0.048477,0.037506,0.086537,0.092768,0.004101
2025-05-13,0.0,0.042293,0.014879,0.0,0.0,0.049939,0.0,0.0,0.0,0.0,0.0,0.077041,0.071113,0.019045,0.04222,0.0,0.0,0.0,0.0,0.0,0.011447,0.0,0.056703,0.023308,0.0,0.0,0.0,0.06643,0.0,0.0,0.0,0.04465,0.039172,0.08727,0.0,0.0,0.041467,0.042149,0.048277,0.037317,0.086103,0.095101,0.004076
2025-05-14,0.0,0.042424,0.014793,0.0,0.0,0.051034,0.0,0.0,0.0,0.0,0.0,0.077857,0.0713,0.019051,0.042189,0.0,0.0,0.0,0.0,0.0,0.011238,0.0,0.056701,0.023331,0.0,0.0,0.0,0.066362,0.0,0.0,0.0,0.043945,0.038487,0.087258,0.0,0.0,0.041534,0.042332,0.048359,0.037327,0.086279,0.0941,0.004099
2025-05-15,0.0,0.042596,0.014882,0.0,0.0,0.049797,0.0,0.0,0.0,0.0,0.0,0.077711,0.071358,0.018974,0.042121,0.0,0.0,0.0,0.0,0.0,0.01132,0.0,0.057527,0.023689,0.0,0.0,0.0,0.066652,0.0,0.0,0.0,0.044387,0.038734,0.087292,0.0,0.0,0.041562,0.042206,0.048168,0.037376,0.086062,0.093509,0.004076
2025-05-16,0.0,0.042586,0.014882,0.0,0.0,0.049529,0.0,0.0,0.0,0.0,0.0,0.078036,0.0716,0.018952,0.041946,0.0,0.0,0.0,0.0,0.0,0.011517,0.0,0.058033,0.023974,0.0,0.0,0.0,0.066851,0.0,0.0,0.0,0.043735,0.038228,0.086871,0.0,0.0,0.041466,0.042169,0.048096,0.037347,0.085997,0.09412,0.004065
2025-05-19,0.0,0.042978,0.014844,0.0,0.0,0.049604,0.0,0.0,0.0,0.0,0.0,0.077829,0.071382,0.018825,0.041252,0.0,0.0,0.0,0.0,0.0,0.011586,0.0,0.057992,0.023989,0.0,0.0,0.0,0.066823,0.0,0.0,0.0,0.044138,0.038245,0.087317,0.0,0.0,0.041294,0.04202,0.047898,0.037215,0.085743,0.094974,0.004052
2025-05-20,0.0,0.04312,0.014882,0.0,0.0,0.049895,0.0,0.0,0.0,0.0,0.0,0.077387,0.070765,0.018692,0.040738,0.0,0.0,0.0,0.0,0.0,0.011577,0.0,0.058007,0.023981,0.0,0.0,0.0,0.066755,0.0,0.0,0.0,0.044814,0.039041,0.087254,0.0,0.0,0.041107,0.041822,0.047718,0.037005,0.085332,0.09607,0.004039
2025-05-21,0.0,0.043162,0.014835,0.0,0.0,0.050014,0.0,0.0,0.0,0.0,0.0,0.077286,0.069749,0.018146,0.040236,0.0,0.0,0.0,0.0,0.0,0.011379,0.0,0.05769,0.02369,0.0,0.0,0.0,0.066095,0.0,0.0,0.0,0.045426,0.03978,0.087892,0.0,0.0,0.041077,0.041854,0.047695,0.03682,0.085075,0.098038,0.004064
2025-05-22,0.0,0.043076,0.014837,0.0,0.0,0.049762,0.0,0.0,0.0,0.0,0.0,0.077065,0.069618,0.018147,0.040052,0.0,0.0,0.0,0.0,0.0,0.011282,0.0,0.057411,0.023336,0.0,0.0,0.0,0.066854,0.0,0.0,0.0,0.044992,0.039127,0.086944,0.0,0.0,0.041203,0.041949,0.047759,0.036983,0.085302,0.100239,0.004061
2025-05-23,0.0,0.043085,0.014999,0.0,0.0,0.049877,0.0,0.0,0.0,0.0,0.0,0.076848,0.069491,0.018104,0.04025,0.0,0.0,0.0,0.0,0.0,0.011284,0.0,0.057724,0.023657,0.0,0.0,0.0,0.066532,0.0,0.0,0.0,0.046059,0.039745,0.086271,0.0,0.0,0.041395,0.042062,0.047831,0.037076,0.085538,0.098101,0.004069
2025-05-26,0.0,0.043085,0.014999,0.0,0.0,0.049878,0.0,0.0,0.0,0.0,0.0,0.076848,0.069492,0.018104,0.04025,0.0,0.0,0.0,0.0,0.0,0.011284,0.0,0.057724,0.023657,0.0,0.0,0.0,0.066532,0.0,0.0,0.0,0.046059,0.039745,0.086271,0.0,0.0,0.041395,0.042062,0.047831,0.037076,0.085538,0.098101,0.004068
2025-05-27,0.0,0.043305,0.015289,0.0,0.0,0.048871,0.0,0.0,0.0,0.0,0.0,0.077571,0.070236,0.018401,0.040325,0.0,0.0,0.0,0.0,0.0,0.011364,0.0,0.057855,0.023674,0.0,0.0,0.0,0.067375,0.0,0.0,0.0,0.044973,0.039191,0.085278,0.0,0.0,0.041286,0.041897,0.047797,0.037159,0.08548,0.098631,0.004041
2025-05-28,0.0,0.043271,0.015152,0.0,0.0,0.048666,0.0,0.0,0.0,0.0,0.0,0.078257,0.070398,0.018292,0.040173,0.0,0.0,0.0,0.0,0.0,0.011408,0.0,0.057981,0.023555,0.0,0.0,0.0,0.067018,0.0,0.0,0.0,0.045277,0.039218,0.085126,0.0,0.0,0.041545,0.042179,0.048199,0.037404,0.086072,0.096731,0.004078
2025-05-29,0.0,0.043452,0.015224,0.0,0.0,0.049103,0.0,0.0,0.0,0.0,0.0,0.077555,0.070694,0.01843,0.040435,0.0,0.0,0.0,0.0,0.0,0.011474,0.0,0.058161,0.023696,0.0,0.0,0.0,0.066599,0.0,0.0,0.0,0.045503,0.0396,0.084569,0.0,0.0,0.041678,0.04226,0.048227,0.037537,0.086287,0.095439,0.004076
2025-05-30,0.043487,0.066475,0.066457,0.0,0.048565,0.040471,0.038435,0.026062,0.0,0.0,0.0,0.066294,0.066711,0.0,0.0,0.0,0.0,0.0,0.0,0.0,0.0,0.0,0.066687,0.0,0.0,0.0,0.02344,0.042541,0.0,0.0,0.0,0.065309,0.0,0.066808,0.0,0.0,0.033248,0.032985,0.033297,0.03309,0.066757,0.066823,0.006057
2025-06-02,0.043407,0.066847,0.067003,0.0,0.048512,0.040639,0.03836,0.026064,0.0,0.0,0.0,0.066345,0.066461,0.0,0.0,0.0,0.0,0.0,0.0,0.0,0.0,0.0,0.066451,0.0,0.0,0.0,0.023408,0.042795,0.0,0.0,0.0,0.066768,0.0,0.066357,0.0,0.0,0.032998,0.032738,0.033153,0.032859,0.066455,0.066347,0.006032
2025-06-03,0.043703,0.06619,0.066103,0.0,0.048745,0.040967,0.038745,0.025753,0.0,0.0,0.0,0.066069,0.066504,0.0,0.0,0.0,0.0,0.0,0.0,0.0,0.0,0.0,0.066299,0.0,0.0,0.0,0.023614,0.04318,0.0,0.0,0.0,0.066089,0.0,0.066444,0.0,0.0,0.032923,0.032665,0.033172,0.032831,0.066581,0.067398,0.006024
2025-06-04,0.043798,0.066488,0.065918,0.0,0.049233,0.041663,0.038466,0.025679,0.0,0.0,0.0,0.066351,0.065986,0.0,0.0,0.0,0.0,0.0,0.0,0.0,0.0,0.0,0.065695,0.0,0.0,0.0,0.023521,0.042877,0.0,0.0,0.0,0.066374,0.0,0.0668,0.0,0.0,0.033095,0.032722,0.033165,0.033,0.06669,0.066466,0.006011
2025-06-05,0.043994,0.066686,0.065431,0.0,0.049831,0.041897,0.038766,0.025853,0.0,0.0,0.0,0.066571,0.065932,0.0,0.0,0.0,0.0,0.0,0.0,0.0,0.0,0.0,0.06519,0.0,0.0,0.0,0.023535,0.043167,0.0,0.0,0.0,0.066167,0.0,0.067825,0.0,0.0,0.033061,0.032689,0.033158,0.032963,0.066657,0.064603,0.006024
2025-06-06,0.043813,0.066626,0.065577,0.0,0.049509,0.041692,0.038794,0.026107,0.0,0.0,0.0,0.067179,0.066511,0.0,0.0,0.0,0.0,0.0,0.0,0.0,0.0,0.0,0.065163,0.0,0.0,0.0,0.023746,0.043123,0.0,0.0,0.0,0.065044,0.0,0.068126,0.0,0.0,0.03268,0.032397,0.033034,0.032646,0.066314,0.065914,0.006003
2025-06-09,0.043742,0.066403,0.065455,0.0,0.04987,0.042007,0.038524,0.026176,0.0,0.0,0.0,0.06676,0.065926,0.0,0.0,0.0,0.0,0.0,0.0,0.0,0.0,0.0,0.064857,0.0,0.0,0.0,0.0237,0.042568,0.0,0.0,0.0,0.065132,0.0,0.067675,0.0,0.0,0.032629,0.032333,0.03294,0.032634,0.06626,0.068425,0.005984
2025-06-10,0.04368,0.06641,0.0653,0.0,0.049899,0.042064,0.038598,0.026141,0.0,0.0,0.0,0.067492,0.065892,0.0,0.0,0.0,0.0,0.0,0.0,0.0,0.0,0.0,0.06489,0.0,0.0,0.0,0.023604,0.042386,0.0,0.0,0.0,0.065041,0.0,0.066772,0.0,0.0,0.03263,0.032294,0.032963,0.032658,0.06644,0.068874,0.005973
2025-06-11,0.043873,0.066245,0.065028,0.0,0.050431,0.042136,0.039242,0.026139,0.0,0.0,0.0,0.067247,0.065727,0.0,0.0,0.0,0.0,0.0,0.0,0.0,0.0,0.0,0.064582,0.0,0.0,0.0,0.023553,0.04244,0.0,0.0,0.0,0.065306,0.0,0.066633,0.0,0.0,0.032722,0.032304,0.032911,0.032717,0.066548,0.06825,0.005966
2025-06-12,0.043796,0.066805,0.065452,0.0,0.05021,0.04205,0.039114,0.025868,0.0,0.0,0.0,0.066647,0.065674,0.0,0.0,0.0,0.0,0.0,0.0,0.0,0.0,0.0,0.06491,0.0,0.0,0.0,0.023812,0.042598,0.0,0.0,0.0,0.066064,0.0,0.066481,0.0,0.0,0.032838,0.032371,0.032922,0.032873,0.066611,0.066944,0.005962
2025-06-13,0.043962,0.06633,0.065445,0.0,0.049984,0.041619,0.03942,0.025718,0.0,0.0,0.0,0.066511,0.064862,0.0,0.0,0.0,0.0,0.0,0.0,0.0,0.0,0.0,0.064643,0.0,0.0,0.0,0.023834,0.04253,0.0,0.0,0.0,0.067477,0.0,0.066901,0.0,0.0,0.032984,0.032588,0.033091,0.032943,0.06673,0.066419,0.00601
2025-06-16,0.043843,0.066067,0.065076,0.0,0.05025,0.041895,0.040092,0.025769,0.0,0.0,0.0,0.067142,0.065106,0.0,0.0,0.0,0.0,0.0,0.0,0.0,0.0,0.0,0.06436,0.0,0.0,0.0,0.023906,0.042681,0.0,0.0,0.0,0.066012,0.0,0.066913,0.0,0.0,0.032641,0.032297,0.032907,0.032637,0.066299,0.06814,0.005966
2025-06-17,0.043883,0.065638,0.064821,0.0,0.050114,0.041795,0.04013,0.02563,0.0,0.0,0.0,0.067086,0.065254,0.0,0.0,0.0,0.0,0.0,0.0,0.0,0.0,0.0,0.064328,0.0,0.0,0.0,0.02393,0.043048,0.0,0.0,0.0,0.066579,0.0,0.066758,0.0,0.0,0.033065,0.032728,0.033135,0.033013,0.066885,0.066165,0.006015
2025-06-18,0.043924,0.065697,0.065614,0.0,0.050005,0.041469,0.04015,0.025651,0.0,0.0,0.0,0.067224,0.065331,0.0,0.0,0.0,0.0,0.0,0.0,0.0,0.0,0.0,0.064349,0.0,0.0,0.0,0.023842,0.042927,0.0,0.0,0.0,0.066324,0.0,0.066589,0.0,0.0,0.033138,0.032804,0.033237,0.033089,0.066946,0.065668,0.006025
2025-06-19,0.043399,0.065791,0.065707,0.0,0.049242,0.041528,0.040207,0.025687,0.0,0.0,0.0,0.067319,0.065423,0.0,0.0,0.0,0.0,0.0,0.0,0.0,0.0,0.0,0.06444,0.0,0.0,0.0,0.023876,0.042988,0.0,0.0,0.0,0.066418,0.0,0.066683,0.0,0.0,0.033185,0.03285,0.033284,0.033136,0.067041,0.065762,0.006034
2025-06-20,0.043882,0.065588,0.064738,0.0,0.049926,0.041319,0.039737,0.025816,0.0,0.0,0.0,0.067107,0.0658,0.0,0.0,0.0,0.0,0.0,0.0,0.0,0.0,0.0,0.065105,0.0,0.0,0.0,0.023725,0.042666,0.0,0.0,0.0,0.066587,0.0,0.065957,0.0,0.0,0.033304,0.033005,0.033488,0.033262,0.067328,0.065607,0.006052
2025-06-23,0.043641,0.065772,0.064593,0.0,0.04968,0.041561,0.039491,0.02586,0.0,0.0,0.0,0.06756,0.066239,0.0,0.0,0.0,0.0,0.0,0.0,0.0,0.0,0.0,0.065474,0.0,0.0,0.0,0.023869,0.043211,0.0,0.0,0.0,0.0664,0.0,0.065745,0.0,0.0,0.033225,0.032839,0.033355,0.033151,0.067126,0.065192,0.006016
2025-06-24,0.043945,0.06607,0.064677,0.0,0.050697,0.042299,0.039603,0.025869,0.0,0.0,0.0,0.067842,0.066651,0.0,0.0,0.0,0.0,0.0,0.0,0.0,0.0,0.0,0.064855,0.0,0.0,0.0,0.024037,0.043042,0.0,0.0,0.0,0.064794,0.0,0.064711,0.0,0.0,0.033054,0.032598,0.033159,0.03302,0.066948,0.066164,0.005965
2025-06-25,0.043941,0.065732,0.064477,0.0,0.050874,0.042313,0.039064,0.02599,0.0,0.0,0.0,0.0679,0.066501,0.0,0.0,0.0,0.0,0.0,0.0,0.0,0.0,0.0,0.064052,0.0,0.0,0.0,0.024,0.043414,0.0,0.0,0.0,0.065058,0.0,0.064261,0.0,0.0,0.033102,0.03265,0.033185,0.033015,0.066981,0.067517,0.005971
2025-06-26,0.044028,0.065884,0.065431,0.0,0.050918,0.042058,0.03961,0.026163,0.0,0.0,0.0,0.068262,0.066577,0.0,0.0,0.0,0.0,0.0,0.0,0.0,0.0,0.0,0.0636,0.0,0.0,0.0,0.024059,0.043511,0.0,0.0,0.0,0.064584,0.0,0.06401,0.0,0.0,0.033015,0.032542,0.033074,0.032931,0.066769,0.067036,0.005935
2025-06-27,0.044382,0.066408,0.066503,0.0,0.050785,0.041731,0.039573,0.026199,0.0,0.0,0.0,0.068974,0.066683,0.0,0.0,0.0,0.0,0.0,0.0,0.0,0.0,0.0,0.063818,0.0,0.0,0.0,0.023823,0.043234,0.0,0.0,0.0,0.063331,0.0,0.064391,0.0,0.0,0.032885,0.032459,0.033014,0.032834,0.066625,0.066421,0.005928
2025-06-30,0.054926,0.055209,0.055449,0.0,0.055321,0.055495,0.055487,0.0,0.0,0.0,0.0,0.055354,0.055535,0.0,0.0,0.0,0.054838,0.0,0.0,0.0,0.0,0.0,0.055337,0.055555,0.0,0.0,0.0,0.05531,0.0,0.0,0.0,0.053976,0.0,0.055526,0.0,0.0,0.027385,0.027762,0.027626,0.027761,0.055255,0.055479,0.005415
2025-07-01,0.055041,0.055349,0.05514,0.0,0.055591,0.055765,0.055469,0.0,0.0,0.0,0.0,0.055058,0.055942,0.0,0.0,0.0,0.055117,0.0,0.0,0.0,0.0,0.0,0.056126,0.055844,0.0,0.0,0.0,0.054558,0.0,0.0,0.0,0.054554,0.0,0.054561,0.0,0.0,0.027382,0.027796,0.02764,0.027843,0.05546,0.054336,0.005426
2025-07-02,0.055068,0.055343,0.055,0.0,0.055542,0.055322,0.05553,0.0,0.0,0.0,0.0,0.054732,0.055728,0.0,0.0,0.0,0.055004,0.0,0.0,0.0,0.0,0.0,0.056118,0.055191,0.0,0.0,0.0,0.054463,0.0,0.0,0.0,0.054687,0.0,0.05486,0.0,0.0,0.027241,0.027698,0.027607,0.027753,0.055236,0.056468,0.005409
2025-07-03,0.055324,0.055109,0.054899,0.0,0.055835,0.054836,0.056089,0.0,0.0,0.0,0.0,0.054828,0.056122,0.0,0.0,0.0,0.055266,0.0,0.0,0.0,0.0,0.0,0.055882,0.055398,0.0,0.0,0.0,0.055288,0.0,0.0,0.0,0.054112,0.0,0.054698,0.0,0.0,0.027046,0.027547,0.027522,0.027584,0.055127,0.056099,0.00539
2025-07-04,0.055078,0.055156,0.054946,0.0,0.055328,0.054883,0.056136,0.0,0.0,0.0,0.0,0.054874,0.05617,0.0,0.0,0.0,0.055313,0.0,0.0,0.0,0.0,0.0,0.05593,0.055445,0.0,0.0,0.0,0.055335,0.0,0.0,0.0,0.054158,0.0,0.054744,0.0,0.0,0.027068,0.02757,0.027545,0.027607,0.055173,0.056146,0.005395
2025-07-07,0.055386,0.055114,0.053975,0.0,0.055686,0.05513,0.055125,0.0,0.0,0.0,0.0,0.054691,0.055985,0.0,0.0,0.0,0.05547,0.0,0.0,0.0,0.0,0.0,0.056237,0.055914,0.0,0.0,0.0,0.055503,0.0,0.0,0.0,0.054543,0.0,0.054709,0.0,0.0,0.027154,0.02771,0.027627,0.027617,0.055242,0.055752,0.00543
2025-07-08,0.055287,0.055689,0.054295,0.0,0.055733,0.055692,0.055383,0.0,0.0,0.0,0.0,0.054625,0.055532,0.0,0.0,0.0,0.055502,0.0,0.0,0.0,0.0,0.0,0.055764,0.055367,0.0,0.0,0.0,0.05555,0.0,0.0,0.0,0.054019,0.0,0.054819,0.0,0.0,0.027137,0.027711,0.027612,0.027562,0.055114,0.056175,0.005435
2025-07-09,0.055308,0.056028,0.054187,0.0,0.055397,0.054944,0.054132,0.0,0.0,0.0,0.0,0.054577,0.055539,0.0,0.0,0.0,0.055695,0.0,0.0,0.0,0.0,0.0,0.055207,0.05569,0.0,0.0,0.0,0.055824,0.0,0.0,0.0,0.054071,0.0,0.055031,0.0,0.0,0.027182,0.027717,0.027591,0.027623,0.055311,0.05753,0.005416
2025-07-10,0.055578,0.056053,0.053952,0.0,0.055619,0.055409,0.053317,0.0,0.0,0.0,0.0,0.054424,0.0559,0.0,0.0,0.0,0.056039,0.0,0.0,0.0,0.0,0.0,0.055437,0.056178,0.0,0.0,0.0,0.053946,0.0,0.0,0.0,0.054222,0.0,0.054723,0.0,0.0,0.027184,0.027726,0.02758,0.027644,0.055259,0.058392,0.005419
2025-07-11,0.055432,0.05552,0.05362,0.0,0.055616,0.055449,0.053048,0.0,0.0,0.0,0.0,0.054171,0.055418,0.0,0.0,0.0,0.05594,0.0,0.0,0.0,0.0,0.0,0.055332,0.056199,0.0,0.0,0.0,0.053215,0.0,0.0,0.0,0.054843,0.0,0.054823,0.0,0.0,0.027107,0.027731,0.027595,0.027526,0.055071,0.060912,0.00543
2025-07-14,0.055299,0.055313,0.053484,0.0,0.055516,0.055873,0.052454,0.0,0.0,0.0,0.0,0.054526,0.055651,0.0,0.0,0.0,0.05606,0.0,0.0,0.0,0.0,0.0,0.055201,0.056242,0.0,0.0,0.0,0.053504,0.0,0.0,0.0,0.054465,0.0,0.054879,0.0,0.0,0.027008,0.027659,0.027527,0.027429,0.054899,0.061597,0.005414
2025-07-15,0.055506,0.054983,0.053253,0.0,0.056138,0.057334,0.053061,0.0,0.0,0.0,0.0,0.054293,0.055009,0.0,0.0,0.0,0.055957,0.0,0.0,0.0,0.0,0.0,0.054959,0.056021,0.0,0.0,0.0,0.053742,0.0,0.0,0.0,0.054547,0.0,0.054636,0.0,0.0,0.027055,0.027742,0.0276,0.027486,0.055061,0.060173,0.005445
2025-07-16,0.054927,0.055004,0.053283,0.0,0.056071,0.056932,0.05304,0.0,0.0,0.0,0.0,0.054237,0.055169,0.0,0.0,0.0,0.055928,0.0,0.0,0.0,0.0,0.0,0.054929,0.055823,0.0,0.0,0.0,0.053686,0.0,0.0,0.0,0.054599,0.0,0.054968,0.0,0.0,0.02702,0.027724,0.027561,0.027418,0.054881,0.061376,0.005423
2025-07-17,0.055277,0.054822,0.053331,0.0,0.056323,0.057103,0.053047,0.0,0.0,0.0,0.0,0.054197,0.055465,0.0,0.0,0.0,0.056208,0.0,0.0,0.0,0.0,0.0,0.055215,0.055818,0.0,0.0,0.0,0.053978,0.0,0.0,0.0,0.054251,0.0,0.054525,0.0,0.0,0.026898,0.027633,0.027473,0.027369,0.05471,0.060958,0.005401
2025-07-18,0.055425,0.054794,0.052938,0.0,0.056506,0.057672,0.051471,0.0,0.0,0.0,0.0,0.053983,0.055533,0.0,0.0,0.0,0.056118,0.0,0.0,0.0,0.0,0.0,0.055101,0.05679,0.0,0.0,0.0,0.05413,0.0,0.0,0.0,0.054427,0.0,0.05509,0.0,0.0,0.02699,0.027681,0.027528,0.027437,0.054865,0.060117,0.005405
2025-07-21,0.055527,0.054837,0.053322,0.0,0.05658,0.05781,0.051712,0.0,0.0,0.0,0.0,0.054494,0.055161,0.0,0.0,0.0,0.055607,0.0,0.0,0.0,0.0,0.0,0.054882,0.056754,0.0,0.0,0.0,0.05427,0.0,0.0,0.0,0.055051,0.0,0.054604,0.0,0.0,0.02698,0.027645,0.02746,0.027438,0.054862,0.05962,0.005384
2025-07-22,0.055047,0.05492,0.053358,0.0,0.056065,0.058412,0.051332,0.0,0.0,0.0,0.0,0.054381,0.055223,0.0,0.0,0.0,0.055495,0.0,0.0,0.0,0.0,0.0,0.055141,0.057197,0.0,0.0,0.0,0.053605,0.0,0.0,0.0,0.055329,0.0,0.054511,0.0,0.0,0.026938,0.027548,0.027387,0.027382,0.054715,0.060654,0.005361
2025-07-23,0.05507,0.055654,0.055547,0.0,0.056221,0.058592,0.051892,0.0,0.0,0.0,0.0,0.054309,0.055287,0.0,0.0,0.0,0.056109,0.0,0.0,0.0,0.0,0.0,0.054789,0.056384,0.0,0.0,0.0,0.053473,0.0,0.0,0.0,0.054274,0.0,0.054622,0.0,0.0,0.02666,0.027255,0.027216,0.027155,0.054369,0.059798,0.005325
2025-07-24,0.055526,0.05513,0.055675,0.0,0.05624,0.058612,0.05131,0.0,0.0,0.0,0.0,0.054482,0.05534,0.0,0.0,0.0,0.0561,0.0,0.0,0.0,0.0,0.0,0.054678,0.056396,0.0,0.0,0.0,0.053525,0.0,0.0,0.0,0.054024,0.0,0.054705,0.0,0.0,0.026661,0.027317,0.027223,0.027156,0.054441,0.060126,0.005332
2025-07-25,0.055566,0.055367,0.05516,0.0,0.055975,0.058489,0.05106,0.0,0.0,0.0,0.0,0.054091,0.055846,0.0,0.0,0.0,0.056777,0.0,0.0,0.0,0.0,0.0,0.054889,0.056664,0.0,0.0,0.0,0.053842,0.0,0.0,0.0,0.053639,0.0,0.054572,0.0,0.0,0.026781,0.0274,0.027299,0.027302,0.054734,0.0592,0.005345
2025-07-28,0.055783,0.054655,0.054416,0.0,0.056111,0.058566,0.050527,0.0,0.0,0.0,0.0,0.054081,0.055749,0.0,0.0,0.0,0.056897,0.0,0.0,0.0,0.0,0.0,0.054608,0.056355,0.0,0.0,0.0,0.05387,0.0,0.0,0.0,0.053571,0.0,0.055173,0.0,0.0,0.026861,0.027509,0.027428,0.02739,0.054985,0.060093,0.005372
2025-07-29,0.05563,0.054604,0.054157,0.0,0.056053,0.058455,0.051009,0.0,0.0,0.0,0.0,0.053643,0.055493,0.0,0.0,0.0,0.056277,0.0,0.0,0.0,0.0,0.0,0.054993,0.057029,0.0,0.0,0.0,0.054013,0.0,0.0,0.0,0.053744,0.0,0.054737,0.0,0.0,0.027051,0.02767,0.027458,0.027585,0.05522,0.059804,0.005376
2025-07-30,0.05581,0.054222,0.054441,0.0,0.056053,0.058011,0.051437,0.0,0.0,0.0,0.0,0.054019,0.055603,0.0,0.0,0.0,0.056218,0.0,0.0,0.0,0.0,0.0,0.054718,0.057678,0.0,0.0,0.0,0.05367,0.0,0.0,0.0,0.053022,0.0,0.054844,0.0,0.0,0.027062,0.02767,0.027507,0.027588,0.05534,0.059691,0.005396
2025-07-31,0.073933,0.074086,0.0,0.0,0.074085,0.032502,0.07416,0.0,0.0,0.032407,0.0,0.074021,0.046824,0.027186,0.0,0.0,0.074103,0.0,0.074083,0.0,0.0,0.0,0.074073,0.0,0.028721,0.0,0.011956,0.029057,0.0,0.0,0.0,0.072991,0.0,0.0,0.059229,0.0,0.0,0.0,0.0,0.0,0.0,0.049119,0.017466
2025-08-01,0.073134,0.074433,0.0,0.0,0.073871,0.032304,0.075176,0.0,0.0,0.031756,0.0,0.073856,0.046411,0.026986,0.0,0.0,0.073718,0.0,0.073954,0.0,0.0,0.0,0.075162,0.0,0.028379,0.0,0.011747,0.028876,0.0,0.0,0.0,0.075209,0.0,0.0,0.059398,0.0,0.0,0.0,0.0,0.0,0.0,0.047987,0.017644
2025-08-04,0.073185,0.074366,0.0,0.0,0.073799,0.032442,0.075029,0.0,0.0,0.032111,0.0,0.074348,0.046294,0.027,0.0,0.0,0.073481,0.0,0.074012,0.0,0.0,0.0,0.074597,0.0,0.028598,0.0,0.011853,0.029051,0.0,0.0,0.0,0.074715,0.0,0.0,0.059626,0.0,0.0,0.0,0.0,0.0,0.0,0.048066,0.017428
2025-08-05,0.073074,0.074424,0.0,0.0,0.074102,0.032653,0.07526,0.0,0.0,0.032351,0.0,0.073751,0.046095,0.027133,0.0,0.0,0.073311,0.0,0.074514,0.0,0.0,0.0,0.074503,0.0,0.028354,0.0,0.011804,0.02868,0.0,0.0,0.0,0.074755,0.0,0.0,0.0602,0.0,0.0,0.0,0.0,0.0,0.0,0.047614,0.017423
2025-08-06,0.073248,0.074386,0.0,0.0,0.073812,0.032764,0.076059,0.0,0.0,0.03231,0.0,0.073646,0.046076,0.026867,0.0,0.0,0.072986,0.0,0.073321,0.0,0.0,0.0,0.075173,0.0,0.028524,0.0,0.011876,0.028963,0.0,0.0,0.0,0.074207,0.0,0.0,0.060419,0.0,0.0,0.0,0.0,0.0,0.0,0.048033,0.017331
2025-08-07,0.07302,0.074801,0.0,0.0,0.074213,0.032513,0.077337,0.0,0.0,0.032265,0.0,0.07297,0.045336,0.026491,0.0,0.0,0.07252,0.0,0.073276,0.0,0.0,0.0,0.07537,0.0,0.028409,0.0,0.011584,0.02809,0.0,0.0,0.0,0.074463,0.0,0.0,0.061315,0.0,0.0,0.0,0.0,0.0,0.0,0.048779,0.017249
2025-08-08,0.073229,0.07484,0.0,0.0,0.073933,0.032419,0.076469,0.0,0.0,0.032204,0.0,0.073017,0.045636,0.026686,0.0,0.0,0.072381,0.0,0.073443,0.0,0.0,0.0,0.075386,0.0,0.028615,0.0,0.011556,0.027987,0.0,0.0,0.0,0.074246,0.0,0.0,0.062626,0.0,0.0,0.0,0.0,0.0,0.0,0.048123,0.017204
2025-08-11,0.073478,0.074664,0.0,0.0,0.074109,0.032304,0.076215,0.0,0.0,0.032088,0.0,0.073597,0.045747,0.026727,0.0,0.0,0.07235,0.0,0.073484,0.0,0.0,0.0,0.075534,0.0,0.028501,0.0,0.011455,0.027959,0.0,0.0,0.0,0.073385,0.0,0.0,0.061797,0.0,0.0,0.0,0.0,0.0,0.0,0.049356,0.017249
2025-08-12,0.073055,0.074502,0.0,0.0,0.073877,0.032409,0.077322,0.0,0.0,0.032158,0.0,0.074084,0.045735,0.027295,0.0,0.0,0.072202,0.0,0.073528,0.0,0.0,0.0,0.074805,0.0,0.028587,0.0,0.011439,0.028181,0.0,0.0,0.0,0.072418,0.0,0.0,0.062366,0.0,0.0,0.0,0.0,0.0,0.0,0.048999,0.017039
2025-08-13,0.072816,0.074421,0.0,0.0,0.074263,0.033141,0.076111,0.0,0.0,0.032157,0.0,0.07404,0.045613,0.027521,0.0,0.0,0.071875,0.0,0.074288,0.0,0.0,0.0,0.074183,0.0,0.02836,0.0,0.011342,0.028155,0.0,0.0,0.0,0.072034,0.0,0.0,0.062871,0.0,0.0,0.0,0.0,0.0,0.0,0.049913,0.016897
2025-08-14,0.073337,0.075232,0.0,0.0,0.073824,0.032742,0.076003,0.0,0.0,0.031985,0.0,0.074765,0.04624,0.027763,0.0,0.0,0.071877,0.0,0.074171,0.0,0.0,0.0,0.074178,0.0,0.028552,0.0,0.011318,0.027974,0.0,0.0,0.0,0.072219,0.0,0.0,0.062415,0.0,0.0,0.0,0.0,0.0,0.0,0.048348,0.017054
2025-08-15,0.073478,0.075355,0.0,0.0,0.074,0.032918,0.076769,0.0,0.0,0.031835,0.0,0.074876,0.045714,0.027259,0.0,0.0,0.071475,0.0,0.074095,0.0,0.0,0.0,0.074219,0.0,0.028307,0.0,0.011387,0.028043,0.0,0.0,0.0,0.072187,0.0,0.0,0.063222,0.0,0.0,0.0,0.0,0.0,0.0,0.047824,0.017038
2025-08-18,0.073435,0.075303,0.0,0.0,0.07439,0.033157,0.077108,0.0,0.0,0.031618,0.0,0.07451,0.045804,0.0274,0.0,0.0,0.071843,0.0,0.073757,0.0,0.0,0.0,0.07421,0.0,0.028402,0.0,0.011432,0.028143,0.0,0.0,0.0,0.072162,0.0,0.0,0.062655,0.0,0.0,0.0,0.0,0.0,0.0,0.047611,0.017059
2025-08-19,0.073887,0.075918,0.0,0.0,0.074487,0.033106,0.075019,0.0,0.0,0.031213,0.0,0.074536,0.046166,0.027593,0.0,0.0,0.072431,0.0,0.074646,0.0,0.0,0.0,0.07542,0.0,0.028073,0.0,0.011203,0.028155,0.0,0.0,0.0,0.072197,0.0,0.0,0.062233,0.0,0.0,0.0,0.0,0.0,0.0,0.046554,0.017164
2025-08-20,0.073227,0.076147,0.0,0.0,0.073943,0.033209,0.075741,0.0,0.0,0.031103,0.0,0.074134,0.046291,0.02756,0.0,0.0,0.07219,0.0,0.074524,0.0,0.0,0.0,0.075665,0.0,0.027816,0.0,0.01115,0.028146,0.0,0.0,0.0,0.072752,0.0,0.0,0.06234,0.0,0.0,0.0,0.0,0.0,0.0,0.046941,0.017122
2025-08-21,0.073416,0.07587,0.0,0.0,0.074217,0.033334,0.075842,0.0,0.0,0.031117,0.0,0.074232,0.046254,0.027522,0.0,0.0,0.072106,0.0,0.074928,0.0,0.0,0.0,0.075165,0.0,0.027782,0.0,0.011138,0.028092,0.0,0.0,0.0,0.072675,0.0,0.0,0.062977,0.0,0.0,0.0,0.0,0.0,0.0,0.046167,0.017165
2025-08-22,0.073042,0.075621,0.0,0.0,0.074009,0.033554,0.076952,0.0,0.0,0.031505,0.0,0.073866,0.046122,0.028255,0.0,0.0,0.071886,0.0,0.074955,0.0,0.0,0.0,0.073732,0.0,0.027622,0.0,0.01108,0.027938,0.0,0.0,0.0,0.072053,0.0,0.0,0.063869,0.0,0.0,0.0,0.0,0.0,0.0,0.047095,0.016844
2025-08-25,0.073532,0.074999,0.0,0.0,0.074506,0.033762,0.07782,0.0,0.0,0.03138,0.0,0.074481,0.046162,0.028275,0.0,0.0,0.071646,0.0,0.075041,0.0,0.0,0.0,0.072958,0.0,0.027745,0.0,0.011074,0.027959,0.0,0.0,0.0,0.072361,0.0,0.0,0.064311,0.0,0.0,0.0,0.0,0.0,0.0,0.045029,0.016958
2025-08-26,0.072828,0.07483,0.0,0.0,0.07402,0.033782,0.077411,0.0,0.0,0.031211,0.0,0.0741,0.046484,0.028526,0.0,0.0,0.07233,0.0,0.07519,0.0,0.0,0.0,0.072428,0.0,0.027852,0.0,0.011054,0.027969,0.0,0.0,0.0,0.072833,0.0,0.0,0.065077,0.0,0.0,0.0,0.0,0.0,0.0,0.045131,0.016944
2025-08-27,0.073047,0.074541,0.0,0.0,0.073252,0.032869,0.078436,0.0,0.0,0.031211,0.0,0.074146,0.046528,0.028673,0.0,0.0,0.072242,0.0,0.075297,0.0,0.0,0.0,0.072565,0.0,0.027972,0.0,0.011133,0.028279,0.0,0.0,0.0,0.072901,0.0,0.0,0.06454,0.0,0.0,0.0,0.0,0.0,0.0,0.045441,0.016928
2025-08-28,0.072928,0.074392,0.0,0.0,0.07321,0.032959,0.079356,0.0,0.0,0.031576,0.0,0.074099,0.046384,0.02844,0.0,0.0,0.072052,0.0,0.074966,0.0,0.0,0.0,0.07179,0.0,0.028069,0.0,0.011253,0.028467,0.0,0.0,0.0,0.073119,0.0,0.0,0.064867,0.0,0.0,0.0,0.0,0.0,0.0,0.045219,0.016854
2025-08-29,0.08472,0.084965,0.048736,0.0,0.085102,0.029419,0.0,0.0,0.025861,0.029205,0.0,0.067817,0.025086,0.0,0.0,0.0,0.084732,0.0,0.0,0.0,0.0,0.0,0.0,0.085101,0.056051,0.02777,0.0,0.0,0.0,0.0,0.0,0.042731,0.040952,0.0,0.0,0.0,0.0,0.0,0.059898,0.0,0.085093,0.03129,0.005471
2025-09-01,0.084926,0.084929,0.048715,0.0,0.085247,0.029406,0.0,0.0,0.02585,0.029193,0.0,0.067788,0.025075,0.0,0.0,0.0,0.084696,0.0,0.0,0.0,0.0,0.0,0.0,0.085065,0.056027,0.027759,0.0,0.0,0.0,0.0,0.0,0.042712,0.040935,0.0,0.0,0.0,0.0,0.0,0.059873,0.0,0.085057,0.031276,0.00547
2025-09-02,0.083919,0.084009,0.048785,0.0,0.085055,0.029656,0.0,0.0,0.025591,0.029154,0.0,0.067882,0.024966,0.0,0.0,0.0,0.084148,0.0,0.0,0.0,0.0,0.0,0.0,0.085045,0.055633,0.027562,0.0,0.0,0.0,0.0,0.0,0.043858,0.042151,0.0,0.0,0.0,0.0,0.0,0.059993,0.0,0.084994,0.032114,0.005486
2025-09-03,0.084298,0.084001,0.048443,0.0,0.085278,0.029383,0.0,0.0,0.025782,0.029431,0.0,0.068726,0.024819,0.0,0.0,0.0,0.08337,0.0,0.0,0.0,0.0,0.0,0.0,0.084475,0.055729,0.027316,0.0,0.0,0.0,0.0,0.0,0.044015,0.042188,0.0,0.0,0.0,0.0,0.0,0.059904,0.0,0.084999,0.03238,0.005464
2025-09-04,0.084539,0.08431,0.048831,0.0,0.084654,0.028825,0.0,0.0,0.025974,0.02943,0.0,0.069193,0.025024,0.0,0.0,0.0,0.084124,0.0,0.0,0.0,0.0,0.0,0.0,0.084187,0.05588,0.027536,0.0,0.0,0.0,0.0,0.0,0.043723,0.041632,0.0,0.0,0.0,0.0,0.0,0.059934,0.0,0.085145,0.031607,0.005453
2025-09-05,0.08432,0.084315,0.048876,0.0,0.085332,0.029187,0.0,0.0,0.026247,0.029514,0.0,0.06923,0.024448,0.0,0.0,0.0,0.083412,0.0,0.0,0.0,0.0,0.0,0.0,0.083525,0.05566,0.027728,0.0,0.0,0.0,0.0,0.0,0.044095,0.041747,0.0,0.0,0.0,0.0,0.0,0.059677,0.0,0.085306,0.031955,0.005427
2025-09-08,0.084418,0.084498,0.049729,0.0,0.085612,0.029493,0.0,0.0,0.026452,0.029592,0.0,0.068968,0.024346,0.0,0.0,0.0,0.083189,0.0,0.0,0.0,0.0,0.0,0.0,0.082267,0.055801,0.027792,0.0,0.0,0.0,0.0,0.0,0.044378,0.041877,0.0,0.0,0.0,0.0,0.0,0.059384,0.0,0.084877,0.03193,0.005399
2025-09-09,0.084221,0.084302,0.049149,0.0,0.086282,0.029794,0.0,0.0,0.026714,0.029866,0.0,0.06932,0.024438,0.0,0.0,0.0,0.082582,0.0,0.0,0.0,0.0,0.0,0.0,0.082789,0.055877,0.0278,0.0,0.0,0.0,0.0,0.0,0.044252,0.041485,0.0,0.0,0.0,0.0,0.0,0.059285,0.0,0.084749,0.031697,0.005397
2025-09-10,0.084086,0.083517,0.049004,0.0,0.086615,0.029393,0.0,0.0,0.026941,0.030352,0.0,0.068351,0.024193,0.0,0.0,0.0,0.082638,0.0,0.0,0.0,0.0,0.0,0.0,0.083651,0.056511,0.028102,0.0,0.0,0.0,0.0,0.0,0.044115,0.041464,0.0,0.0,0.0,0.0,0.0,0.058933,0.0,0.084647,0.032126,0.005362
2025-09-11,0.084036,0.083713,0.049175,0.0,0.086686,0.029926,0.0,0.0,0.026793,0.030574,0.0,0.06882,0.024384,0.0,0.0,0.0,0.082727,0.0,0.0,0.0,0.0,0.0,0.0,0.083393,0.056228,0.028058,0.0,0.0,0.0,0.0,0.0,0.043682,0.041535,0.0,0.0,0.0,0.0,0.0,0.058585,0.0,0.084248,0.032118,0.005318
2025-09-12,0.083867,0.083362,0.048797,0.0,0.086642,0.02978,0.0,0.0,0.026809,0.030863,0.0,0.069338,0.02426,0.0,0.0,0.0,0.082,0.0,0.0,0.0,0.0,0.0,0.0,0.083746,0.056145,0.028085,0.0,0.0,0.0,0.0,0.0,0.043732,0.042105,0.0,0.0,0.0,0.0,0.0,0.05848,0.0,0.083933,0.032742,0.005314
2025-09-15,0.083822,0.083507,0.048876,0.0,0.086741,0.029835,0.0,0.0,0.026739,0.030895,0.0,0.069916,0.024069,0.0,0.0,0.0,0.081914,0.0,0.0,0.0,0.0,0.0,0.0,0.083469,0.056331,0.028162,0.0,0.0,0.0,0.0,0.0,0.043938,0.042326,0.0,0.0,0.0,0.0,0.0,0.058315,0.0,0.083757,0.032104,0.005284
2025-09-16,0.083729,0.083334,0.048927,0.0,0.087219,0.030065,0.0,0.0,0.026894,0.031514,0.0,0.069707,0.024041,0.0,0.0,0.0,0.081758,0.0,0.0,0.0,0.0,0.0,0.0,0.082036,0.056194,0.028337,0.0,0.0,0.0,0.0,0.0,0.044072,0.042196,0.0,0.0,0.0,0.0,0.0,0.058333,0.0,0.083793,0.032559,0.00529
2025-09-17,0.083826,0.083106,0.048876,0.0,0.088164,0.030536,0.0,0.0,0.026879,0.031214,0.0,0.06997,0.024302,0.0,0.0,0.0,0.08148,0.0,0.0,0.0,0.0,0.0,0.0,0.082335,0.056065,0.028364,0.0,0.0,0.0,0.0,0.0,0.043783,0.041358,0.0,0.0,0.0,0.0,0.0,0.058343,0.0,0.083846,0.032256,0.005296
2025-09-18,0.083964,0.0831,0.048868,0.0,0.087471,0.029926,0.0,0.0,0.027006,0.031445,0.0,0.069737,0.024225,0.0,0.0,0.0,0.082011,0.0,0.0,0.0,0.0,0.0,0.0,0.082057,0.0568,0.029236,0.0,0.0,0.0,0.0,0.0,0.043429,0.041407,0.0,0.0,0.0,0.0,0.0,0.058234,0.0,0.083153,0.032657,0.005274
2025-09-19,0.083677,0.082679,0.048429,0.0,0.087139,0.029771,0.0,0.0,0.02683,0.03116,0.0,0.069997,0.02427,0.0,0.0,0.0,0.082178,0.0,0.0,0.0,0.0,0.0,0.0,0.08255,0.057354,0.029038,0.0,0.0,0.0,0.0,0.0,0.043873,0.042535,0.0,0.0,0.0,0.0,0.0,0.058232,0.0,0.083033,0.031983,0.005273
2025-09-22,0.083667,0.082573,0.04844,0.0,0.086909,0.029605,0.0,0.0,0.026954,0.031575,0.0,0.069374,0.024106,0.0,0.0,0.0,0.082005,0.0,0.0,0.0,0.0,0.0,0.0,0.082897,0.057881,0.029311,0.0,0.0,0.0,0.0,0.0,0.044389,0.043387,0.0,0.0,0.0,0.0,0.0,0.057959,0.0,0.082765,0.030959,0.005244
2025-09-23,0.083802,0.082491,0.048327,0.0,0.087574,0.02924,0.0,0.0,0.027058,0.031521,0.0,0.069249,0.02399,0.0,0.0,0.0,0.081996,0.0,0.0,0.0,0.0,0.0,0.0,0.083294,0.05736,0.029266,0.0,0.0,0.0,0.0,0.0,0.044554,0.043284,0.0,0.0,0.0,0.0,0.0,0.057895,0.0,0.083055,0.030803,0.005243
2025-09-24,0.083596,0.082211,0.048337,0.0,0.087346,0.029757,0.0,0.0,0.02684,0.031074,0.0,0.068894,0.023999,0.0,0.0,0.0,0.081832,0.0,0.0,0.0,0.0,0.0,0.0,0.084155,0.057188,0.029314,0.0,0.0,0.0,0.0,0.0,0.044291,0.04327,0.0,0.0,0.0,0.0,0.0,0.058,0.0,0.083268,0.031368,0.005259
2025-09-25,0.083365,0.08177,0.048305,0.0,0.087185,0.029965,0.0,0.0,0.026736,0.031145,0.0,0.068946,0.024036,0.0,0.0,0.0,0.081618,0.0,0.0,0.0,0.0,0.0,0.0,0.083693,0.057326,0.029343,0.0,0.0,0.0,0.0,0.0,0.044661,0.044771,0.0,0.0,0.0,0.0,0.0,0.058078,0.0,0.083406,0.030368,0.005283
2025-09-26,0.083262,0.082282,0.048091,0.0,0.086331,0.029637,0.0,0.0,0.026489,0.030619,0.0,0.069327,0.02411,0.0,0.0,0.0,0.082008,0.0,0.0,0.0,0.0,0.0,0.0,0.084699,0.057258,0.029284,0.0,0.0,0.0,0.0,0.0,0.044731,0.045486,0.0,0.0,0.0,0.0,0.0,0.057949,0.0,0.08303,0.030145,0.005262
2025-09-29,0.083108,0.081932,0.047776,0.0,0.086767,0.029971,0.0,0.0,0.026435,0.03092,0.0,0.069035,0.024052,0.0,0.0,0.0,0.081651,0.0,0.0,0.0,0.0,0.0,0.0,0.084314,0.057138,0.029078,0.0,0.0,0.0,0.0,0.0,0.045133,0.04584,0.0,0.0,0.0,0.0,0.0,0.057619,0.0,0.082554,0.031454,0.005223
2025-09-30,0.064942,0.058415,0.065382,0.0,0.069842,0.0,0.069944,0.0,0.0,0.069714,0.012322,0.069389,0.015755,0.053958,0.0,0.0,0.069328,0.0,0.0,0.06988,0.0,0.0,0.0,0.069944,0.034549,0.034585,0.0,0.0,0.0,0.0,0.02676,0.045439,0.024372,0.0,0.069818,0.0,0.0,0.0,0.0,0.0,0.0,0.0,0.005665
2025-10-01,0.065068,0.05882,0.065085,0.0,0.070109,0.0,0.068683,0.0,0.0,0.070948,0.012343,0.068105,0.015543,0.053396,0.0,0.0,0.068821,0.0,0.0,0.070133,0.0,0.0,0.0,0.070297,0.034728,0.035091,0.0,0.0,0.0,0.0,0.026975,0.045304,0.024571,0.0,0.070338,0.0,0.0,0.0,0.0,0.0,0.0,0.0,0.00564
2025-10-02,0.065014,0.058839,0.064905,0.0,0.070272,0.0,0.067782,0.0,0.0,0.072223,0.012229,0.067816,0.0155,0.053117,0.0,0.0,0.06886,0.0,0.0,0.070075,0.0,0.0,0.0,0.070028,0.034846,0.035698,0.0,0.0,0.0,0.0,0.027323,0.045055,0.024304,0.0,0.070486,0.0,0.0,0.0,0.0,0.0,0.0,0.0,0.005629
2025-10-03,0.065088,0.058736,0.065751,0.0,0.070292,0.0,0.067498,0.0,0.0,0.07198,0.012063,0.067296,0.015496,0.053095,0.0,0.0,0.06846,0.0,0.0,0.070204,0.0,0.0,0.0,0.070333,0.034422,0.035225,0.0,0.0,0.0,0.0,0.027336,0.045092,0.024692,0.0,0.071351,0.0,0.0,0.0,0.0,0.0,0.0,0.0,0.005589
2025-10-06,0.064823,0.058289,0.066644,0.0,0.070151,0.0,0.067146,0.0,0.0,0.072448,0.012111,0.067059,0.01542,0.053166,0.0,0.0,0.068467,0.0,0.0,0.068452,0.0,0.0,0.0,0.070691,0.034612,0.036116,0.0,0.0,0.0,0.0,0.02754,0.045733,0.024885,0.0,0.070683,0.0,0.0,0.0,0.0,0.0,0.0,0.0,0.005565
2025-10-07,0.065105,0.058381,0.066198,0.0,0.070532,0.0,0.066354,0.0,0.0,0.071879,0.012008,0.067413,0.015582,0.053356,0.0,0.0,0.068703,0.0,0.0,0.066975,0.0,0.0,0.0,0.071665,0.034697,0.035633,0.0,0.0,0.0,0.0,0.027406,0.04639,0.024731,0.0,0.071378,0.0,0.0,0.0,0.0,0.0,0.0,0.0,0.005615
2025-10-08,0.06477,0.058214,0.065457,0.0,0.0701,0.0,0.066201,0.0,0.0,0.071975,0.01194,0.066553,0.015372,0.0526,0.0,0.0,0.0687,0.0,0.0,0.066427,0.0,0.0,0.0,0.071533,0.035,0.036531,0.0,0.0,0.0,0.0,0.027599,0.046747,0.025178,0.0,0.073535,0.0,0.0,0.0,0.0,0.0,0.0,0.0,0.005568
2025-10-09,0.065001,0.058042,0.065802,0.0,0.070159,0.0,0.066267,0.0,0.0,0.071878,0.011972,0.066686,0.015436,0.052801,0.0,0.0,0.068209,0.0,0.0,0.0652,0.0,0.0,0.0,0.071905,0.035211,0.036643,0.0,0.0,0.0,0.0,0.027547,0.04624,0.025459,0.0,0.073931,0.0,0.0,0.0,0.0,0.0,0.0,0.0,0.005611
2025-10-10,0.065842,0.058909,0.06492,0.0,0.070233,0.0,0.066021,0.0,0.0,0.071403,0.011954,0.067206,0.015504,0.052127,0.0,0.0,0.068484,0.0,0.0,0.066116,0.0,0.0,0.0,0.073526,0.034682,0.035264,0.0,0.0,0.0,0.0,0.025796,0.047956,0.02656,0.0,0.071732,0.0,0.0,0.0,0.0,0.0,0.0,0.0,0.005761
2025-10-13,0.064666,0.058102,0.064343,0.0,0.070113,0.0,0.065543,0.0,0.0,0.072452,0.011971,0.066435,0.015332,0.052062,0.0,0.0,0.067778,0.0,0.0,0.06502,0.0,0.0,0.0,0.072569,0.034798,0.036176,0.0,0.0,0.0,0.0,0.027282,0.048114,0.027064,0.0,0.074538,0.0,0.0,0.0,0.0,0.0,0.0,0.0,0.005644
2025-10-14,0.064425,0.058286,0.064905,0.0,0.069313,0.0,0.065317,0.0,0.0,0.071595,0.011987,0.066824,0.01549,0.053596,0.0,0.0,0.068525,0.0,0.0,0.067015,0.0,0.0,0.0,0.073164,0.034327,0.035409,0.0,0.0,0.0,0.0,0.026817,0.048423,0.026781,0.0,0.072162,0.0,0.0,0.0,0.0,0.0,0.0,0.0,0.005639
2025-10-15,0.064423,0.057802,0.065225,0.0,0.069834,0.0,0.065118,0.0,0.0,0.072966,0.011878,0.066589,0.015327,0.052067,0.0,0.0,0.067521,0.0,0.0,0.066291,0.0,0.0,0.0,0.073341,0.034302,0.036118,0.0,0.0,0.0,0.0,0.026568,0.048744,0.027365,0.0,0.072942,0.0,0.0,0.0,0.0,0.0,0.0,0.0,0.005581
2025-10-16,0.064575,0.058284,0.065521,0.0,0.070602,0.0,0.065027,0.0,0.0,0.075388,0.011779,0.065967,0.01492,0.049308,0.0,0.0,0.067168,0.0,0.0,0.066007,0.0,0.0,0.0,0.07264,0.034373,0.036334,0.0,0.0,0.0,0.0,0.02664,0.049951,0.027878,0.0,0.07205,0.0,0.0,0.0,0.0,0.0,0.0,0.0,0.005588
2025-10-17,0.064016,0.058415,0.066015,0.0,0.070054,0.0,0.066205,0.0,0.0,0.076089,0.011904,0.066545,0.015072,0.050098,0.0,0.0,0.067361,0.0,0.0,0.066602,0.0,0.0,0.0,0.072533,0.034503,0.036305,0.0,0.0,0.0,0.0,0.026424,0.049109,0.026696,0.0,0.070454,0.0,0.0,0.0,0.0,0.0,0.0,0.0,0.0056
2025-10-20,0.064143,0.057808,0.066268,0.0,0.070386,0.0,0.066354,0.0,0.0,0.076592,0.011823,0.066311,0.015024,0.050503,0.0,0.0,0.067156,0.0,0.0,0.065867,0.0,0.0,0.0,0.071446,0.034376,0.036369,0.0,0.0,0.0,0.0,0.026408,0.050151,0.026713,0.0,0.070784,0.0,0.0,0.0,0.0,0.0,0.0,0.0,0.005519
2025-10-21,0.064875,0.058145,0.066273,0.0,0.070612,0.0,0.066516,0.0,0.0,0.075962,0.012109,0.067331,0.015185,0.051118,0.0,0.0,0.068551,0.0,0.0,0.067813,0.0,0.0,0.0,0.071556,0.0348,0.036592,0.0,0.0,0.0,0.0,0.026534,0.047482,0.024803,0.0,0.06816,0.0,0.0,0.0,0.0,0.0,0.0,0.0,0.005584
2025-10-22,0.064867,0.058457,0.066289,0.0,0.070757,0.0,0.067049,0.0,0.0,0.077039,0.012074,0.067081,0.015174,0.051256,0.0,0.0,0.067999,0.0,0.0,0.066939,0.0,0.0,0.0,0.071746,0.034628,0.035866,0.0,0.0,0.0,0.0,0.026266,0.047724,0.024978,0.0,0.0682,0.0,0.0,0.0,0.0,0.0,0.0,0.0,0.005613
2025-10-23,0.064591,0.058364,0.065832,0.0,0.070743,0.0,0.067529,0.0,0.0,0.077001,0.012039,0.066362,0.015093,0.050762,0.0,0.0,0.068341,0.0,0.0,0.066842,0.0,0.0,0.0,0.071162,0.034806,0.03647,0.0,0.0,0.0,0.0,0.026928,0.047561,0.024963,0.0,0.069039,0.0,0.0,0.0,0.0,0.0,0.0,0.0,0.005572
2025-10-24,0.06464,0.058039,0.065592,0.0,0.070193,0.0,0.067077,0.0,0.0,0.078141,0.011919,0.066067,0.01515,0.051194,0.0,0.0,0.067918,0.0,0.0,0.066074,0.0,0.0,0.0,0.071491,0.035099,0.036811,0.0,0.0,0.0,0.0,0.028019,0.047069,0.024681,0.0,0.069294,0.0,0.0,0.0,0.0,0.0,0.0,0.0,0.005532
2025-10-27,0.064849,0.057957,0.065992,0.0,0.071102,0.0,0.067288,0.0,0.0,0.079555,0.012014,0.066566,0.015117,0.050809,0.0,0.0,0.067873,0.0,0.0,0.065777,0.0,0.0,0.0,0.071235,0.035521,0.037595,0.0,0.0,0.0,0.0,0.02709,0.04547,0.023639,0.0,0.069049,0.0,0.0,0.0,0.0,0.0,0.0,0.0,0.005499
2025-10-28,0.06512,0.057827,0.06633,0.0,0.070909,0.0,0.067638,0.0,0.0,0.079699,0.012021,0.066257,0.015025,0.050588,0.0,0.0,0.067412,0.0,0.0,0.06554,0.0,0.0,0.0,0.070084,0.035885,0.037653,0.0,0.0,0.0,0.0,0.027551,0.045159,0.023814,0.0,0.069988,0.0,0.0,0.0,0.0,0.0,0.0,0.0,0.005501
2025-10-29,0.065071,0.05737,0.065611,0.0,0.071622,0.0,0.068035,0.0,0.0,0.08156,0.011892,0.065926,0.014733,0.0496,0.0,0.0,0.067416,0.0,0.0,0.063434,0.0,0.0,0.0,0.069884,0.036052,0.038194,0.0,0.0,0.0,0.0,0.028246,0.044875,0.024049,0.0,0.070941,0.0,0.0,0.0,0.0,0.0,0.0,0.0,0.005487
2025-10-30,0.064945,0.057396,0.065934,0.0,0.071041,0.0,0.068101,0.0,0.0,0.080594,0.011683,0.065144,0.014849,0.049944,0.0,0.0,0.067593,0.0,0.0,0.063489,0.0,0.0,0.0,0.069948,0.035792,0.037871,0.0,0.0,0.0,0.0,0.028895,0.045992,0.024794,0.0,0.070479,0.0,0.0,0.0,0.0,0.0,0.0,0.0,0.005515
2025-10-31,0.0,0.11157,0.0,0.0,0.019878,0.045298,0.0,0.0,0.017045,0.073411,0.022259,0.099716,0.0,0.0,0.0,0.0,0.019138,0.0,0.0,0.092246,0.0,0.059026,0.0,0.0,0.057291,0.056988,0.01269,0.0,0.0,0.020883,0.1045,0.0,0.022073,0.0,0.136341,0.0,0.0,0.0,0.0,0.0,0.0,0.013315,0.016332
2025-11-03,0.0,0.112053,0.0,0.0,0.020135,0.045553,0.0,0.0,0.017211,0.076727,0.022602,0.099245,0.0,0.0,0.0,0.0,0.01917,0.0,0.0,0.091207,0.0,0.057877,0.0,0.0,0.057869,0.05767,0.012787,0.0,0.0,0.020977,0.103706,0.0,0.022079,0.0,0.133711,0.0,0.0,0.0,0.0,0.0,0.0,0.012988,0.016432
2025-11-04,0.0,0.113407,0.0,0.0,0.020391,0.046002,0.0,0.0,0.017221,0.074586,0.022739,0.100836,0.0,0.0,0.0,0.0,0.019385,0.0,0.0,0.093442,0.0,0.05823,0.0,0.0,0.05764,0.056681,0.012663,0.0,0.0,0.021497,0.102249,0.0,0.022061,0.0,0.131615,0.0,0.0,0.0,0.0,0.0,0.0,0.012541,0.016812
2025-11-05,0.0,0.113014,0.0,0.0,0.020137,0.045921,0.0,0.0,0.017176,0.074376,0.022747,0.100196,0.0,0.0,0.0,0.0,0.019232,0.0,0.0,0.091836,0.0,0.058172,0.0,0.0,0.057189,0.05776,0.012487,0.0,0.0,0.021265,0.103663,0.0,0.022267,0.0,0.133152,0.0,0.0,0.0,0.0,0.0,0.0,0.012795,0.016615
2025-11-06,0.0,0.113339,0.0,0.0,0.020154,0.046719,0.0,0.0,0.017022,0.072533,0.022392,0.100056,0.0,0.0,0.0,0.0,0.019302,0.0,0.0,0.092069,0.0,0.058661,0.0,0.0,0.056469,0.056684,0.012308,0.0,0.0,0.021324,0.103477,0.0,0.022387,0.0,0.135846,0.0,0.0,0.0,0.0,0.0,0.0,0.012513,0.016744
2025-11-07,0.0,0.11363,0.0,0.0,0.019869,0.046348,0.0,0.0,0.016896,0.071042,0.022375,0.099566,0.0,0.0,0.0,0.0,0.019351,0.0,0.0,0.092691,0.0,0.058348,0.0,0.0,0.056143,0.055959,0.012299,0.0,0.0,0.021605,0.104403,0.0,0.022524,0.0,0.137404,0.0,0.0,0.0,0.0,0.0,0.0,0.012839,0.016708
2025-11-10,0.0,0.112874,0.0,0.0,0.01992,0.046278,0.0,0.0,0.016879,0.072681,0.022254,0.098762,0.0,0.0,0.0,0.0,0.019104,0.0,0.0,0.091141,0.0,0.057874,0.0,0.0,0.056525,0.056356,0.012327,0.0,0.0,0.021198,0.104931,0.0,0.023053,0.0,0.138566,0.0,0.0,0.0,0.0,0.0,0.0,0.012875,0.016402
2025-11-11,0.0,0.113986,0.0,0.0,0.020012,0.046122,0.0,0.0,0.016774,0.072337,0.022292,0.099489,0.0,0.0,0.0,0.0,0.019095,0.0,0.0,0.091891,0.0,0.059889,0.0,0.0,0.056,0.055036,0.012235,0.0,0.0,0.021419,0.10391,0.0,0.023368,0.0,0.137287,0.0,0.0,0.0,0.0,0.0,0.0,0.012471,0.01639
2025-11-12,0.0,0.114016,0.0,0.0,0.019927,0.0459,0.0,0.0,0.016686,0.072409,0.022018,0.098362,0.0,0.0,0.0,0.0,0.019007,0.0,0.0,0.091104,0.0,0.059607,0.0,0.0,0.055861,0.055567,0.012038,0.0,0.0,0.021141,0.104217,0.0,0.024173,0.0,0.139429,0.0,0.0,0.0,0.0,0.0,0.0,0.012239,0.0163
2025-11-13,0.0,0.114755,0.0,0.0,0.02012,0.046445,0.0,0.0,0.016548,0.071989,0.021764,0.098301,0.0,0.0,0.0,0.0,0.01897,0.0,0.0,0.090834,0.0,0.059262,0.0,0.0,0.055217,0.054397,0.011869,0.0,0.0,0.021169,0.10799,0.0,0.024049,0.0,0.137819,0.0,0.0,0.0,0.0,0.0,0.0,0.011978,0.016526
2025-11-14,0.0,0.114285,0.0,0.0,0.020171,0.045914,0.0,0.0,0.016912,0.072289,0.021736,0.098118,0.0,0.0,0.0,0.0,0.019038,0.0,0.0,0.09052,0.0,0.060586,0.0,0.0,0.055713,0.054427,0.011978,0.0,0.0,0.021288,0.108506,0.0,0.023391,0.0,0.136983,0.0,0.0,0.0,0.0,0.0,0.0,0.011558,0.016586
2025-11-17,0.0,0.114246,0.0,0.0,0.020208,0.045939,0.0,0.0,0.016588,0.072295,0.021791,0.099164,0.0,0.0,0.0,0.0,0.019078,0.0,0.0,0.088759,0.0,0.061756,0.0,0.0,0.0555,0.054134,0.011902,0.0,0.0,0.021366,0.109742,0.0,0.02342,0.0,0.135932,0.0,0.0,0.0,0.0,0.0,0.0,0.011396,0.016785
2025-11-18,0.0,0.114216,0.0,0.0,0.020134,0.046113,0.0,0.0,0.016617,0.071865,0.021593,0.10068,0.0,0.0,0.0,0.0,0.019175,0.0,0.0,0.089342,0.0,0.062537,0.0,0.0,0.05512,0.053384,0.011892,0.0,0.0,0.021658,0.108689,0.0,0.023971,0.0,0.13444,0.0,0.0,0.0,0.0,0.0,0.0,0.011625,0.016949
2025-11-19,0.0,0.113559,0.0,0.0,0.020025,0.045652,0.0,0.0,0.016541,0.070925,0.021554,0.099937,0.0,0.0,0.0,0.0,0.019203,0.0,0.0,0.089186,0.0,0.062053,0.0,0.0,0.055401,0.054176,0.011811,0.0,0.0,0.021448,0.109581,0.0,0.024109,0.0,0.136727,0.0,0.0,0.0,0.0,0.0,0.0,0.011196,0.016917
2025-11-20,0.0,0.114344,0.0,0.0,0.020472,0.045829,0.0,0.0,0.016664,0.070783,0.021676,0.100903,0.0,0.0,0.0,0.0,0.019275,0.0,0.0,0.091009,0.0,0.062977,0.0,0.0,0.054782,0.052653,0.011699,0.0,0.0,0.021805,0.108626,0.0,0.024257,0.0,0.133937,0.0,0.0,0.0,0.0,0.0,0.0,0.011038,0.017271
2025-11-21,0.0,0.114768,0.0,0.0,0.019835,0.045337,0.0,0.0,0.016507,0.070522,0.021849,0.101505,0.0,0.0,0.0,0.0,0.019288,0.0,0.0,0.094462,0.0,0.063802,0.0,0.0,0.054367,0.052584,0.01158,0.0,0.0,0.021906,0.105585,0.0,0.023729,0.0,0.134625,0.0,0.0,0.0,0.0,0.0,0.0,0.010678,0.017073
2025-11-24,0.0,0.113,0.0,0.0,0.019819,0.045516,0.0,0.0,0.016481,0.070454,0.021855,0.101188,0.0,0.0,0.0,0.0,0.019086,0.0,0.0,0.092759,0.0,0.06456,0.0,0.0,0.054944,0.054179,0.011579,0.0,0.0,0.021681,0.104256,0.0,0.02411,0.0,0.136574,0.0,0.0,0.0,0.0,0.0,0.0,0.011106,0.016854
2025-11-25,0.0,0.113494,0.0,0.0,0.019583,0.045119,0.0,0.0,0.01635,0.069178,0.022043,0.101061,0.0,0.0,0.0,0.0,0.019088,0.0,0.0,0.095936,0.0,0.064706,0.0,0.0,0.054401,0.053667,0.011541,0.0,0.0,0.021607,0.10476,0.0,0.023829,0.0,0.136256,0.0,0.0,0.0,0.0,0.0,0.0,0.010738,0.016643
2025-11-26,0.0,0.11291,0.0,0.0,0.019606,0.044259,0.0,0.0,0.016334,0.069513,0.021873,0.099737,0.0,0.0,0.0,0.0,0.018921,0.0,0.0,0.095746,0.0,0.064547,0.0,0.0,0.054248,0.054347,0.01135,0.0,0.0,0.021388,0.105666,0.0,0.024354,0.0,0.137894,0.0,0.0,0.0,0.0,0.0,0.0,0.010901,0.016407
2025-11-27,0.0,0.112917,0.0,0.0,0.01955,0.044262,0.0,0.0,0.016335,0.069517,0.021874,0.099743,0.0,0.0,0.0,0.0,0.018922,0.0,0.0,0.095751,0.0,0.06455,0.0,0.0,0.054251,0.05435,0.01135,0.0,0.0,0.02139,0.105672,0.0,0.024356,0.0,0.137902,0.0,0.0,0.0,0.0,0.0,0.0,0.010901,0.016407
2025-11-28,0.011645,0.0,0.0,0.0,0.061408,0.0,0.0,0.0,0.030414,0.109143,0.0,0.06741,0.0,0.0,0.0,0.0,0.039831,0.0,0.0,0.037311,0.0,0.139691,0.0,0.052099,0.066316,0.065992,0.0,0.0,0.0,0.0,0.139839,0.0,0.020396,0.0,0.139714,0.0,0.0,0.0,0.0,0.0,0.0,0.0,0.01879
2025-12-01,0.011692,0.0,0.0,0.0,0.061665,0.0,0.0,0.0,0.030409,0.109469,0.0,0.067481,0.0,0.0,0.0,0.0,0.039474,0.0,0.0,0.037429,0.0,0.136719,0.0,0.051173,0.066728,0.066412,0.0,0.0,0.0,0.0,0.139669,0.0,0.021039,0.0,0.141742,0.0,0.0,0.0,0.0,0.0,0.0,0.0,0.018897
2025-12-02,0.011654,0.0,0.0,0.0,0.061404,0.0,0.0,0.0,0.030594,0.111032,0.0,0.067589,0.0,0.0,0.0,0.0,0.039751,0.0,0.0,0.0373,0.0,0.134905,0.0,0.050723,0.067302,0.067622,0.0,0.0,0.0,0.0,0.138968,0.0,0.021247,0.0,0.141044,0.0,0.0,0.0,0.0,0.0,0.0,0.0,0.018864
2025-12-03,0.011547,0.0,0.0,0.0,0.060622,0.0,0.0,0.0,0.03026,0.110552,0.0,0.066566,0.0,0.0,0.0,0.0,0.039555,0.0,0.0,0.037524,0.0,0.136761,0.0,0.049839,0.066498,0.068091,0.0,0.0,0.0,0.0,0.137572,0.0,0.02092,0.0,0.145094,0.0,0.0,0.0,0.0,0.0,0.0,0.0,0.018598
2025-12-04,0.011609,0.0,0.0,0.0,0.060974,0.0,0.0,0.0,0.030205,0.109585,0.0,0.067179,0.0,0.0,0.0,0.0,0.039897,0.0,0.0,0.036852,0.0,0.138832,0.0,0.049908,0.066976,0.067645,0.0,0.0,0.0,0.0,0.136186,0.0,0.020474,0.0,0.145011,0.0,0.0,0.0,0.0,0.0,0.0,0.0,0.018665
2025-12-05,0.011528,0.0,0.0,0.0,0.060899,0.0,0.0,0.0,0.030335,0.111517,0.0,0.067372,0.0,0.0,0.0,0.0,0.039445,0.0,0.0,0.036312,0.0,0.137817,0.0,0.049015,0.066886,0.067747,0.0,0.0,0.0,0.0,0.13636,0.0,0.020764,0.0,0.145497,0.0,0.0,0.0,0.0,0.0,0.0,0.0,0.018507
2025-12-08,0.011487,0.0,0.0,0.0,0.060632,0.0,0.0,0.0,0.030404,0.112306,0.0,0.066799,0.0,0.0,0.0,0.0,0.039354,0.0,0.0,0.035524,0.0,0.137947,0.0,0.048306,0.067283,0.068409,0.0,0.0,0.0,0.0,0.138294,0.0,0.020648,0.0,0.144122,0.0,0.0,0.0,0.0,0.0,0.0,0.0,0.018484
2025-12-09,0.011536,0.0,0.0,0.0,0.060735,0.0,0.0,0.0,0.030537,0.113132,0.0,0.067013,0.0,0.0,0.0,0.0,0.039147,0.0,0.0,0.035039,0.0,0.135473,0.0,0.048441,0.067602,0.068424,0.0,0.0,0.0,0.0,0.139472,0.0,0.021657,0.0,0.143266,0.0,0.0,0.0,0.0,0.0,0.0,0.0,0.018526
2025-12-10,0.011379,0.0,0.0,0.0,0.060149,0.0,0.0,0.0,0.030662,0.113137,0.0,0.066586,0.0,0.0,0.0,0.0,0.039378,0.0,0.0,0.035718,0.0,0.134777,0.0,0.04783,0.067101,0.068491,0.0,0.0,0.0,0.0,0.139923,0.0,0.021743,0.0,0.144825,0.0,0.0,0.0,0.0,0.0,0.0,0.0,0.018303
2025-12-11,0.011428,0.0,0.0,0.0,0.060134,0.0,0.0,0.0,0.030239,0.110973,0.0,0.066395,0.0,0.0,0.0,0.0,0.039774,0.0,0.0,0.035922,0.0,0.135761,0.0,0.048146,0.066715,0.068056,0.0,0.0,0.0,0.0,0.139641,0.0,0.022329,0.0,0.146192,0.0,0.0,0.0,0.0,0.0,0.0,0.0,0.018295
2025-12-12,0.011522,0.0,0.0,0.0,0.060493,0.0,0.0,0.0,0.029864,0.109989,0.0,0.067283,0.0,0.0,0.0,0.0,0.040142,0.0,0.0,0.036381,0.0,0.138006,0.0,0.04866,0.065798,0.065814,0.0,0.0,0.0,0.0,0.139079,0.0,0.02208,0.0,0.146308,0.0,0.0,0.0,0.0,0.0,0.0,0.0,0.018582
2025-12-15,0.011548,0.0,0.0,0.0,0.060666,0.0,0.0,0.0,0.029837,0.109945,0.0,0.067224,0.0,0.0,0.0,0.0,0.040164,0.0,0.0,0.036257,0.0,0.137536,0.0,0.049052,0.065093,0.065422,0.0,0.0,0.0,0.0,0.138368,0.0,0.022847,0.0,0.147484,0.0,0.0,0.0,0.0,0.0,0.0,0.0,0.018559
2025-12-16,0.011562,0.0,0.0,0.0,0.060185,0.0,0.0,0.0,0.029955,0.109262,0.0,0.067728,0.0,0.0,0.0,0.0,0.040198,0.0,0.0,0.036118,0.0,0.137538,0.0,0.04918,0.065656,0.065564,0.0,0.0,0.0,0.0,0.137952,0.0,0.022852,0.0,0.14756,0.0,0.0,0.0,0.0,0.0,0.0,0.0,0.018689
2025-12-17,0.011561,0.0,0.0,0.0,0.060379,0.0,0.0,0.0,0.029586,0.108721,0.0,0.067617,0.0,0.0,0.0,0.0,0.039768,0.0,0.0,0.0359,0.0,0.137096,0.0,0.049134,0.064556,0.06349,0.0,0.0,0.0,0.0,0.140113,0.0,0.023988,0.0,0.149299,0.0,0.0,0.0,0.0,0.0,0.0,0.0,0.018794
2025-12-18,0.011588,0.0,0.0,0.0,0.060798,0.0,0.0,0.0,0.0298,0.109813,0.0,0.06755,0.0,0.0,0.0,0.0,0.03976,0.0,0.0,0.035668,0.0,0.135136,0.0,0.049286,0.065115,0.064573,0.0,0.0,0.0,0.0,0.139618,0.0,0.023456,0.0,0.149168,0.0,0.0,0.0,0.0,0.0,0.0,0.0,0.018672
2025-12-19,0.011488,0.0,0.0,0.0,0.060499,0.0,0.0,0.0,0.029812,0.110017,0.0,0.066763,0.0,0.0,0.0,0.0,0.039618,0.0,0.0,0.034634,0.0,0.137308,0.0,0.048071,0.06572,0.06549,0.0,0.0,0.0,0.0,0.138515,0.0,0.023802,0.0,0.149817,0.0,0.0,0.0,0.0,0.0,0.0,0.0,0.018446
2025-12-22,0.011377,0.0,0.0,0.0,0.059812,0.0,0.0,0.0,0.029533,0.108873,0.0,0.066066,0.0,0.0,0.0,0.0,0.039464,0.0,0.0,0.033982,0.0,0.138448,0.0,0.047534,0.065095,0.065387,0.0,0.0,0.0,0.0,0.139891,0.0,0.024042,0.0,0.152321,0.0,0.0,0.0,0.0,0.0,0.0,0.0,0.018175
2025-12-23,0.011333,0.0,0.0,0.0,0.059542,0.0,0.0,0.0,0.029566,0.109208,0.0,0.066,0.0,0.0,0.0,0.0,0.039164,0.0,0.0,0.033503,0.0,0.136337,0.0,0.047359,0.064978,0.065155,0.0,0.0,0.0,0.0,0.140913,0.0,0.024774,0.0,0.154121,0.0,0.0,0.0,0.0,0.0,0.0,0.0,0.018047
2025-12-24,0.011287,0.0,0.0,0.0,0.059479,0.0,0.0,0.0,0.029395,0.110751,0.0,0.06598,0.0,0.0,0.0,0.0,0.039047,0.0,0.0,0.033623,0.0,0.137016,0.0,0.047273,0.064728,0.064999,0.0,0.0,0.0,0.0,0.140958,0.0,0.024764,0.0,0.152766,0.0,0.0,0.0,0.0,0.0,0.0,0.0,0.017934
2025-12-26,0.011196,0.0,0.0,0.0,0.059,0.0,0.0,0.0,0.029387,0.1113,0.0,0.065382,0.0,0.0,0.0,0.0,0.038661,0.0,0.0,0.033349,0.0,0.134493,0.0,0.04686,0.064307,0.064455,0.0,0.0,0.0,0.0,0.141469,0.0,0.026787,0.0,0.155564,0.0,0.0,0.0,0.0,0.0,0.0,0.0,0.01779
2025-12-29,0.011293,0.0,0.0,0.0,0.059781,0.0,0.0,0.0,0.029854,0.115893,0.0,0.066049,0.0,0.0,0.0,0.0,0.038998,0.0,0.0,0.033561,0.0,0.134228,0.0,0.047459,0.064715,0.065004,0.0,0.0,0.0,0.0,0.13846,0.0,0.025133,0.0,0.151588,0.0,0.0,0.0,0.0,0.0,0.0,0.0,0.017985
2025-12-30,0.0,0.0,0.0,0.0,0.0,0.0,0.103171,0.0,0.0,0.120889,0.023907,0.072536,0.0,0.0,0.0,0.0,0.0,0.0,0.0,0.042605,0.061013,0.060538,0.0,0.121958,0.045984,0.074433,0.0,0.0,0.0,0.0,0.122102,0.039694,0.020281,0.0,0.081329,0.0,0.0,0.0,0.0,0.0,0.0,0.0,0.00956
