Date,IWDA.L,VGK,EWJ,IUSN.DE,IEMA.L,MCHI,EWZ,INDA,XLF,XLE,XLI,ITB,XLV,XLP,XLU,XLK,SOXX,CIBR,BOTZ,LIT,VNQ,GLD,SLV,DBA,TLT,IEF,TIP,BITO,XEON.DE
2020-01-02,0.0,0.0,0.0,0.0,0.0,0.0,0.0,0.0,0.0,0.0,0.0,0.0,0.0,0.0,0.0,0.0,0.0,0.0,0.0,0.0,0.0,0.0,0.0,0.0,0.0,0.0,0.0,0.0,0.0
2020-01-03,0.0,0.0,0.0,0.0,0.0,0.0,0.0,0.0,0.0,0.0,0.0,0.0,0.0,0.0,0.0,0.0,0.0,0.0,0.0,0.0,0.0,0.0,0.0,0.0,0.0,0.0,0.0,0.0,0.0
2020-01-06,0.0,0.0,0.0,0.0,0.0,0.0,0.0,0.0,0.0,0.0,0.0,0.0,0.0,0.0,0.0,0.0,0.0,0.0,0.0,0.0,0.0,0.0,0.0,0.0,0.0,0.0,0.0,0.0,0.0
2020-01-07,0.0,0.0,0.0,0.0,0.0,0.0,0.0,0.0,0.0,0.0,0.0,0.0,0.0,0.0,0.0,0.0,0.0,0.0,0.0,0.0,0.0,0.0,0.0,0.0,0.0,0.0,0.0,0.0,0.0
2020-01-08,0.0,0.0,0.0,0.0,0.0,0.0,0.0,0.0,0.0,0.0,0.0,0.0,0.0,0.0,0.0,0.0,0.0,0.0,0.0,0.0,0.0,0.0,0.0,0.0,0.0,0.0,0.0,0.0,0.0
2020-01-09,0.0,0.0,0.0,0.0,0.0,0.0,0.0,0.0,0.0,0.0,0.0,0.0,0.0,0.0,0.0,0.0,0.0,0.0,0.0,0.0,0.0,0.0,0.0,0.0,0.0,0.0,0.0,0.0,0.0
2020-01-10,0.0,0.0,0.0,0.0,0.0,0.0,0.0,0.0,0.0,0.0,0.0,0.0,0.0,0.0,0.0,0.0,0.0,0.0,0.0,0.0,0.0,0.0,0.0,0.0,0.0,0.0,0.0,0.0,0.0
2020-01-13,0.0,0.0,0.0,0.0,0.0,0.0,0.0,0.0,0.0,0.0,0.0,0.0,0.0,0.0,0.0,0.0,0.0,0.0,0.0,0.0,0.0,0.0,0.0,0.0,0.0,0.0,0.0,0.0,0.0
2020-01-14,0.0,0.0,0.0,0.0,0.0,0.0,0.0,0.0,0.0,0.0,0.0,0.0,0.0,0.0,0.0,0.0,0.0,0.0,0.0,0.0,0.0,0.0,0.0,0.0,0.0,0.0,0.0,0.0,0.0
2020-01-15,0.0,0.0,0.0,0.0,0.0,0.0,0.0,0.0,0.0,0.0,0.0,0.0,0.0,0.0,0.0,0.0,0.0,0.0,0.0,0.0,0.0,0.0,0.0,0.0,0.0,0.0,0.0,0.0,0.0
2020-01-16,0.0,0.0,0.0,0.0,0.0,0.0,0.0,0.0,0.0,0.0,0.0,0.0,0.0,0.0,0.0,0.0,0.0,0.0,0.0,0.0,0.0,0.0,0.0,0.0,0.0,0.0,0.0,0.0,0.0
2020-01-17,0.0,0.0,0.0,0.0,0.0,0.0,0.0,0.0,0.0,0.0,0.0,0.0,0.0,0.0,0.0,0.0,0.0,0.0,0.0,0.0,0.0,0.0,0.0,0.0,0.0,0.0,0.0,0.0,0.0
2020-01-20,0.0,0.0,0.0,0.0,0.0,0.0,0.0,0.0,0.0,0.0,0.0,0.0,0.0,0.0,0.0,0.0,0.0,0.0,0.0,0.0,0.0,0.0,0.0,0.0,0.0,0.0,0.0,0.0,0.0
2020-01-21,0.0,0.0,0.0,0.0,0.0,0.0,0.0,0.0,0.0,0.0,0.0,0.0,0.0,0.0,0.0,0.0,0.0,0.0,0.0,0.0,0.0,0.0,0.0,0.0,0.0,0.0,0.0,0.0,0.0
2020-01-22,0.0,0.0,0.0,0.0,0.0,0.0,0.0,0.0,0.0,0.0,0.0,0.0,0.0,0.0,0.0,0.0,0.0,0.0,0.0,0.0,0.0,0.0,0.0,0.0,0.0,0.0,0.0,0.0,0.0
2020-01-23,0.0,0.0,0.0,0.0,0.0,0.0,0.0,0.0,0.0,0.0,0.0,0.0,0.0,0.0,0.0,0.0,0.0,0.0,0.0,0.0,0.0,0.0,0.0,0.0,0.0,0.0,0.0,0.0,0.0
2020-01-24,0.0,0.0,0.0,0.0,0.0,0.0,0.0,0.0,0.0,0.0,0.0,0.0,0.0,0.0,0.0,0.0,0.0,0.0,0.0,0.0,0.0,0.0,0.0,0.0,0.0,0.0,0.0,0.0,0.0
2020-01-27,0.0,0.0,0.0,0.0,0.0,0.0,0.0,0.0,0.0,0.0,0.0,0.0,0.0,0.0,0.0,0.0,0.0,0.0,0.0,0.0,0.0,0.0,0.0,0.0,0.0,0.0,0.0,0.0,0.0
2020-01-28,0.0,0.0,0.0,0.0,0.0,0.0,0.0,0.0,0.0,0.0,0.0,0.0,0.0,0.0,0.0,0.0,0.0,0.0,0.0,0.0,0.0,0.0,0.0,0.0,0.0,0.0,0.0,0.0,0.0
2020-01-29,0.0,0.0,0.0,0.0,0.0,0.0,0.0,0.0,0.0,0.0,0.0,0.0,0.0,0.0,0.0,0.0,0.0,0.0,0.0,0.0,0.0,0.0,0.0,0.0,0.0,0.0,0.0,0.0,0.0
2020-01-30,0.0,0.0,0.0,0.0,0.0,0.0,0.0,0.0,0.0,0.0,0.0,0.0,0.0,0.0,0.0,0.0,0.0,0.0,0.0,0.0,0.0,0.0,0.0,0.0,0.0,0.0,0.0,0.0,0.0
2020-01-31,0.094994,0.011635,0.066763,0.0,0.0,0.0,0.0,0.0,0.074345,0.0,0.0,0.043425,0.135302,0.100201,0.0,0.117557,0.117489,0.0,0.0,0.0,0.0,0.15829,0.076195,0.0,0.0,0.0,0.0,0.0,0.003805
2020-02-03,0.094963,0.011602,0.067058,0.0,0.0,0.0,0.0,0.0,0.074628,0.0,0.0,0.043551,0.136096,0.099883,0.0,0.118732,0.118426,0.0,0.0,0.0,0.0,0.156762,0.074507,0.0,0.0,0.0,0.0,0.0,0.003792
2020-02-04,0.095392,0.01167,0.067344,0.0,0.0,0.0,0.0,0.0,0.07454,0.0,0.0,0.042969,0.137009,0.099409,0.0,0.12054,0.12082,0.0,0.0,0.0,0.0,0.153068,0.073487,0.0,0.0,0.0,0.0,0.0,0.003752
2020-02-05,0.094917,0.011657,0.067212,0.0,0.0,0.0,0.0,0.0,0.075208,0.0,0.0,0.043519,0.138133,0.09912,0.0,0.11993,0.122264,0.0,0.0,0.0,0.0,0.151594,0.072735,0.0,0.0,0.0,0.0,0.0,0.003711
2020-02-06,0.095093,0.01163,0.067447,0.0,0.0,0.0,0.0,0.0,0.074809,0.0,0.0,0.043371,0.137696,0.098891,0.0,0.120538,0.121842,0.0,0.0,0.0,0.0,0.151798,0.07319,0.0,0.0,0.0,0.0,0.0,0.003696
2020-02-07,0.095334,0.011591,0.067213,0.0,0.0,0.0,0.0,0.0,0.07501,0.0,0.0,0.043723,0.137478,0.099634,0.0,0.120183,0.119713,0.0,0.0,0.0,0.0,0.153152,0.07325,0.0,0.0,0.0,0.0,0.0,0.00372
2020-02-10,0.09476,0.01156,0.066751,0.0,0.0,0.0,0.0,0.0,0.074799,0.0,0.0,0.043908,0.137422,0.099481,0.0,0.121115,0.120697,0.0,0.0,0.0,0.0,0.152669,0.07314,0.0,0.0,0.0,0.0,0.0,0.003698
2020-02-11,0.095226,0.01161,0.066879,0.0,0.0,0.0,0.0,0.0,0.074831,0.0,0.0,0.044055,0.137814,0.098803,0.0,0.120332,0.122753,0.0,0.0,0.0,0.0,0.15167,0.072341,0.0,0.0,0.0,0.0,0.0,0.003686
2020-02-12,0.095324,0.01165,0.066378,0.0,0.0,0.0,0.0,0.0,0.07468,0.0,0.0,0.043912,0.137621,0.098495,0.0,0.121312,0.124314,0.0,0.0,0.0,0.0,0.151145,0.071493,0.0,0.0,0.0,0.0,0.0,0.003676
2020-02-13,0.095231,0.011567,0.065763,0.0,0.0,0.0,0.0,0.0,0.074617,0.0,0.0,0.04396,0.136903,0.099026,0.0,0.120927,0.124381,0.0,0.0,0.0,0.0,0.151927,0.072025,0.0,0.0,0.0,0.0,0.0,0.003675
2020-02-14,0.095022,0.011556,0.065198,0.0,0.0,0.0,0.0,0.0,0.07463,0.0,0.0,0.044008,0.136856,0.099145,0.0,0.121316,0.123827,0.0,0.0,0.0,0.0,0.152391,0.072381,0.0,0.0,0.0,0.0,0.0,0.00367
2020-02-17,0.09522,0.011554,0.065184,0.0,0.0,0.0,0.0,0.0,0.074614,0.0,0.0,0.043998,0.136826,0.099123,0.0,0.121289,0.1238,0.0,0.0,0.0,0.0,0.152358,0.072365,0.0,0.0,0.0,0.0,0.0,0.00367
2020-02-18,0.094586,0.011523,0.064317,0.0,0.0,0.0,0.0,0.0,0.074086,0.0,0.0,0.043875,0.136558,0.09893,0.0,0.121032,0.122406,0.0,0.0,0.0,0.0,0.154559,0.074452,0.0,0.0,0.0,0.0,0.0,0.003675
2020-02-19,0.094527,0.011502,0.063675,0.0,0.0,0.0,0.0,0.0,0.074021,0.0,0.0,0.043687,0.136057,0.098006,0.0,0.121461,0.124456,0.0,0.0,0.0,0.0,0.154175,0.074791,0.0,0.0,0.0,0.0,0.0,0.003644
2020-02-20,0.093939,0.011489,0.063572,0.0,0.0,0.0,0.0,0.0,0.074236,0.0,0.0,0.044366,0.135837,0.098558,0.0,0.12078,0.123245,0.0,0.0,0.0,0.0,0.155556,0.074761,0.0,0.0,0.0,0.0,0.0,0.003662
2020-02-21,0.094395,0.011505,0.063334,0.0,0.0,0.0,0.0,0.0,0.073865,0.0,0.0,0.044344,0.136554,0.09919,0.0,0.118627,0.120144,0.0,0.0,0.0,0.0,0.158636,0.075726,0.0,0.0,0.0,0.0,0.0,0.00368
2020-02-24,0.09367,0.011283,0.062717,0.0,0.0,0.0,0.0,0.0,0.073239,0.0,0.0,0.044521,0.135534,0.09931,0.0,0.116548,0.117228,0.0,0.0,0.0,0.0,0.164035,0.078145,0.0,0.0,0.0,0.0,0.0,0.003771
2020-02-25,0.094551,0.011313,0.06424,0.0,0.0,0.0,0.0,0.0,0.072592,0.0,0.0,0.043836,0.134833,0.10005,0.0,0.115749,0.116687,0.0,0.0,0.0,0.0,0.165287,0.076995,0.0,0.0,0.0,0.0,0.0,0.003868
2020-02-26,0.094394,0.011334,0.064618,0.0,0.0,0.0,0.0,0.0,0.072129,0.0,0.0,0.042695,0.134946,0.099578,0.0,0.116385,0.116955,0.0,0.0,0.0,0.0,0.166165,0.076929,0.0,0.0,0.0,0.0,0.0,0.003872
2020-02-27,0.094361,0.011333,0.064398,0.0,0.0,0.0,0.0,0.0,0.071251,0.0,0.0,0.042934,0.134523,0.098575,0.0,0.113623,0.115117,0.0,0.0,0.0,0.0,0.171503,0.078386,0.0,0.0,0.0,0.0,0.0,0.003995
2020-02-28,0.019491,0.0,0.0,0.0,0.0,0.0,0.0,0.0,0.0,0.0,0.0,0.291128,0.065396,0.076851,0.156684,0.145789,0.115995,0.0,0.037119,0.015779,0.0,0.036525,0.0,0.0,0.0,0.0,0.0,0.0,0.039243
2020-03-02,0.019191,0.0,0.0,0.0,0.0,0.0,0.0,0.0,0.0,0.0,0.0,0.289705,0.065733,0.077734,0.159298,0.148076,0.115319,0.0,0.036151,0.015859,0.0,0.035264,0.0,0.0,0.0,0.0,0.0,0.0,0.037671
2020-03-03,0.019679,0.0,0.0,0.0,0.0,0.0,0.0,0.0,0.0,0.0,0.0,0.295008,0.064883,0.077616,0.159262,0.144195,0.112619,0.0,0.035827,0.015965,0.0,0.036818,0.0,0.0,0.0,0.0,0.0,0.0,0.038126
2020-03-04,0.018909,0.0,0.0,0.0,0.0,0.0,0.0,0.0,0.0,0.0,0.0,0.296181,0.065661,0.077913,0.161034,0.143892,0.113263,0.0,0.035711,0.015664,0.0,0.03529,0.0,0.0,0.0,0.0,0.0,0.0,0.036482
2020-03-05,0.019394,0.0,0.0,0.0,0.0,0.0,0.0,0.0,0.0,0.0,0.0,0.2933,0.065728,0.078343,0.162482,0.142807,0.112576,0.0,0.035253,0.015778,0.0,0.036946,0.0,0.0,0.0,0.0,0.0,0.0,0.037391
2020-03-06,0.019146,0.0,0.0,0.0,0.0,0.0,0.0,0.0,0.0,0.0,0.0,0.289373,0.066637,0.079221,0.164265,0.142481,0.112236,0.0,0.035167,0.0157,0.0,0.037672,0.0,0.0,0.0,0.0,0.0,0.0,0.038102
2020-03-09,0.019412,0.0,0.0,0.0,0.0,0.0,0.0,0.0,0.0,0.0,0.0,0.282224,0.067811,0.081333,0.166734,0.141329,0.110185,0.0,0.034445,0.015138,0.0,0.040504,0.0,0.0,0.0,0.0,0.0,0.0,0.040885
2020-03-10,0.018479,0.0,0.0,0.0,0.0,0.0,0.0,0.0,0.0,0.0,0.0,0.283722,0.06774,0.080808,0.162532,0.145603,0.113404,0.0,0.034817,0.01512,0.0,0.038295,0.0,0.0,0.0,0.0,0.0,0.0,0.039479
2020-03-11,0.019454,0.0,0.0,0.0,0.0,0.0,0.0,0.0,0.0,0.0,0.0,0.27478,0.068923,0.081292,0.163295,0.146754,0.113245,0.0,0.03496,0.015143,0.0,0.040367,0.0,0.0,0.0,0.0,0.0,0.0,0.041786
2020-03-12,0.019345,0.0,0.0,0.0,0.0,0.0,0.0,0.0,0.0,0.0,0.0,0.266129,0.070936,0.081922,0.163292,0.147295,0.112147,0.0,0.034349,0.015055,0.0,0.043107,0.0,0.0,0.0,0.0,0.0,0.0,0.046424
2020-03-13,0.018571,0.0,0.0,0.0,0.0,0.0,0.0,0.0,0.0,0.0,0.0,0.257489,0.071618,0.083928,0.16257,0.155381,0.117241,0.0,0.035339,0.014605,0.0,0.039457,0.0,0.0,0.0,0.0,0.0,0.0,0.043802
2020-03-16,0.020812,0.0,0.0,0.0,0.0,0.0,0.0,0.0,0.0,0.0,0.0,0.236087,0.074166,0.089881,0.165558,0.153852,0.114183,0.0,0.035563,0.014499,0.0,0.044812,0.0,0.0,0.0,0.0,0.0,0.0,0.050588
2020-03-17,0.019785,0.0,0.0,0.0,0.0,0.0,0.0,0.0,0.0,0.0,0.0,0.220422,0.074793,0.09248,0.177195,0.155928,0.11788,0.0,0.036157,0.014486,0.0,0.043098,0.0,0.0,0.0,0.0,0.0,0.0,0.047775
2020-03-18,0.019845,0.0,0.0,0.0,0.0,0.0,0.0,0.0,0.0,0.0,0.0,0.210585,0.0764,0.095196,0.17906,0.158533,0.114309,0.0,0.036856,0.014086,0.0,0.044626,0.0,0.0,0.0,0.0,0.0,0.0,0.050504
2020-03-19,0.019987,0.0,0.0,0.0,0.0,0.0,0.0,0.0,0.0,0.0,0.0,0.224774,0.07464,0.09178,0.168198,0.158693,0.116944,0.0,0.037019,0.01389,0.0,0.043669,0.0,0.0,0.0,0.0,0.0,0.0,0.050407
2020-03-20,0.02086,0.0,0.0,0.0,0.0,0.0,0.0,0.0,0.0,0.0,0.0,0.227855,0.074645,0.089272,0.161054,0.157481,0.11816,0.0,0.03806,0.01407,0.0,0.046097,0.0,0.0,0.0,0.0,0.0,0.0,0.052446
2020-03-23,0.020185,0.0,0.0,0.0,0.0,0.0,0.0,0.0,0.0,0.0,0.0,0.221535,0.072454,0.088694,0.156476,0.15976,0.125295,0.0,0.038753,0.013966,0.0,0.04928,0.0,0.0,0.0,0.0,0.0,0.0,0.053601
2020-03-24,0.01982,0.0,0.0,0.0,0.0,0.0,0.0,0.0,0.0,0.0,0.0,0.233879,0.070624,0.084362,0.156836,0.159391,0.125658,0.0,0.039551,0.014522,0.0,0.046764,0.0,0.0,0.0,0.0,0.0,0.0,0.048593
2020-03-25,0.020054,0.0,0.0,0.0,0.0,0.0,0.0,0.0,0.0,0.0,0.0,0.248523,0.069767,0.082018,0.1568,0.155188,0.120906,0.0,0.039265,0.015156,0.0,0.044965,0.0,0.0,0.0,0.0,0.0,0.0,0.047357
2020-03-26,0.019673,0.0,0.0,0.0,0.0,0.0,0.0,0.0,0.0,0.0,0.0,0.245874,0.070544,0.082022,0.161342,0.156253,0.122344,0.0,0.039242,0.014589,0.0,0.04318,0.0,0.0,0.0,0.0,0.0,0.0,0.044938
2020-03-27,0.019837,0.0,0.0,0.0,0.0,0.0,0.0,0.0,0.0,0.0,0.0,0.241707,0.070997,0.083963,0.166832,0.153437,0.119583,0.0,0.039172,0.014143,0.0,0.044122,0.0,0.0,0.0,0.0,0.0,0.0,0.046206
2020-03-30,0.019766,0.0,0.0,0.0,0.0,0.0,0.0,0.0,0.0,0.0,0.0,0.234014,0.072695,0.085333,0.169216,0.156398,0.121035,0.0,0.038947,0.014106,0.0,0.043346,0.0,0.0,0.0,0.0,0.0,0.0,0.045144
2020-03-31,0.016657,0.01039,0.0,0.0,0.015386,0.02698,0.010239,0.013864,0.014887,0.0,0.012263,0.017129,0.018324,0.013522,0.01574,0.042184,0.030458,0.014315,0.019863,0.040722,0.012643,0.020607,0.0,0.053103,0.01047,0.099501,0.046226,0.0,0.424528
2020-04-01,0.016195,0.010116,0.0,0.0,0.015087,0.026495,0.009988,0.013075,0.014235,0.0,0.011924,0.016026,0.017949,0.013537,0.015065,0.040909,0.029319,0.014028,0.019034,0.039061,0.012028,0.021183,0.0,0.052384,0.010811,0.101735,0.047359,0.0,0.432459
2020-04-02,0.01609,0.010239,0.0,0.0,0.015183,0.027104,0.010135,0.013323,0.014492,0.0,0.012,0.015778,0.01832,0.013788,0.01543,0.041578,0.029985,0.014038,0.019324,0.039286,0.011986,0.021383,0.0,0.05191,0.010804,0.101053,0.047752,0.0,0.429019
2020-04-03,0.016018,0.010082,0.0,0.0,0.015128,0.026937,0.009631,0.012872,0.014283,0.0,0.011907,0.015506,0.018257,0.013975,0.014963,0.041168,0.029584,0.013966,0.018843,0.038765,0.011879,0.02161,0.0,0.051628,0.010892,0.101702,0.048447,0.0,0.431958
2020-04-06,0.016344,0.010329,0.0,0.0,0.01538,0.027332,0.010123,0.013515,0.014945,0.0,0.01243,0.017243,0.018759,0.014151,0.015737,0.043621,0.031829,0.014495,0.01981,0.040863,0.012456,0.021682,0.0,0.051079,0.010606,0.098843,0.047267,0.0,0.421161
2020-04-07,0.01693,0.010364,0.0,0.0,0.015778,0.027265,0.01054,0.013872,0.015055,0.0,0.012368,0.017503,0.018556,0.013952,0.015498,0.043117,0.031632,0.014413,0.019628,0.041239,0.012538,0.02151,0.0,0.051879,0.010467,0.098145,0.047112,0.0,0.420639
2020-04-08,0.016713,0.01042,0.0,0.0,0.015471,0.027027,0.010934,0.014202,0.015563,0.0,0.012694,0.018776,0.019135,0.014023,0.016186,0.043853,0.032378,0.014678,0.019859,0.042077,0.013265,0.021114,0.0,0.051568,0.010291,0.097085,0.046341,0.0,0.416346
2020-04-09,0.017055,0.010615,0.0,0.0,0.015652,0.026822,0.010866,0.01427,0.016296,0.0,0.012806,0.019328,0.019121,0.014066,0.016844,0.04359,0.031481,0.014592,0.020066,0.043168,0.013922,0.021531,0.0,0.050696,0.010246,0.096689,0.046509,0.0,0.413769
2020-04-13,0.017128,0.010515,0.0,0.0,0.01572,0.026984,0.010832,0.014203,0.015771,0.0,0.012485,0.018241,0.019036,0.014023,0.01638,0.043876,0.031974,0.014737,0.019992,0.043097,0.013394,0.021995,0.0,0.050175,0.010196,0.096898,0.046794,0.0,0.415555
2020-04-14,0.017086,0.010578,0.0,0.0,0.015652,0.027263,0.010858,0.014466,0.01567,0.0,0.012585,0.018611,0.019455,0.01446,0.016679,0.045221,0.033087,0.015008,0.020561,0.044084,0.013621,0.021928,0.0,0.049706,0.010084,0.095976,0.046424,0.0,0.410939
2020-04-15,0.016905,0.010239,0.0,0.0,0.015395,0.027191,0.01069,0.013902,0.015129,0.0,0.012349,0.017735,0.019532,0.014362,0.016276,0.04464,0.032397,0.014879,0.020128,0.043132,0.013201,0.022016,0.0,0.049903,0.010446,0.097722,0.0469,0.0,0.414931
2020-04-16,0.016911,0.010243,0.0,0.0,0.015547,0.027426,0.010455,0.014019,0.014826,0.0,0.012209,0.017713,0.019909,0.01442,0.016238,0.045071,0.033223,0.015167,0.020217,0.043536,0.013018,0.021942,0.0,0.049631,0.010538,0.097581,0.046377,0.0,0.413785
2020-04-17,0.017095,0.010507,0.0,0.0,0.015601,0.027426,0.010605,0.014421,0.015485,0.0,0.012683,0.018423,0.020164,0.014527,0.016631,0.045314,0.03322,0.015307,0.02043,0.044467,0.013324,0.021348,0.0,0.049829,0.010316,0.096568,0.045796,0.0,0.410512
2020-04-20,0.017316,0.010408,0.0,0.0,0.015735,0.027521,0.010526,0.014235,0.01529,0.0,0.012406,0.017772,0.020103,0.014311,0.016081,0.044808,0.032658,0.015442,0.020222,0.043884,0.012892,0.021607,0.0,0.049635,0.01045,0.0973,0.045881,0.0,0.413517
2020-04-21,0.016825,0.010329,0.0,0.0,0.015338,0.027223,0.010314,0.013969,0.014991,0.0,0.012272,0.017783,0.019747,0.014191,0.016024,0.043495,0.031466,0.015076,0.019959,0.042669,0.012824,0.021741,0.0,0.049803,0.01072,0.098852,0.046719,0.0,0.417668
2020-04-22,0.016952,0.01038,0.0,0.0,0.015656,0.027518,0.010565,0.01454,0.014988,0.0,0.012266,0.017809,0.01983,0.014172,0.016311,0.044677,0.033007,0.015198,0.020489,0.043392,0.012879,0.021927,0.0,0.049371,0.010495,0.097471,0.046489,0.0,0.413617
2020-04-23,0.017212,0.010325,0.0,0.0,0.015788,0.027338,0.010167,0.014635,0.014937,0.0,0.012373,0.017909,0.019955,0.014057,0.01605,0.044405,0.032703,0.015232,0.020515,0.043554,0.012781,0.022163,0.0,0.049888,0.010559,0.097612,0.046499,0.0,0.413343
2020-04-24,0.01697,0.010444,0.0,0.0,0.015369,0.027337,0.009364,0.014402,0.015115,0.0,0.01244,0.018606,0.020171,0.014171,0.016108,0.045231,0.033298,0.015376,0.020761,0.043935,0.012803,0.022011,0.0,0.04888,0.010557,0.097387,0.046643,0.0,0.412621
2020-04-27,0.017302,0.010511,0.0,0.0,0.015625,0.027543,0.009696,0.014784,0.015525,0.0,0.012665,0.019352,0.020295,0.014118,0.016169,0.045316,0.033519,0.015537,0.021195,0.044948,0.013153,0.02172,0.0,0.048228,0.010292,0.096226,0.046243,0.0,0.410036
2020-04-28,0.01737,0.010528,0.0,0.0,0.015749,0.027368,0.010276,0.014698,0.015641,0.0,0.01286,0.02055,0.019822,0.014151,0.016177,0.044569,0.033238,0.015306,0.021379,0.045508,0.013219,0.021554,0.0,0.048509,0.010377,0.096335,0.046253,0.0,0.408566
2020-04-29,0.017494,0.010737,0.0,0.0,0.015845,0.027547,0.010738,0.015156,0.015931,0.0,0.012973,0.021474,0.01975,0.013948,0.015866,0.045925,0.034461,0.015462,0.021892,0.046313,0.013281,0.021452,0.0,0.048086,0.010218,0.095306,0.045726,0.0,0.404418
2020-04-30,0.015448,0.0,0.02864,0.0,0.0,0.074312,0.0,0.0,0.012666,0.0,0.013523,0.0,0.040717,0.039245,0.021113,0.039713,0.019916,0.021815,0.019517,0.014166,0.0,0.034729,0.0,0.066636,0.0,0.049816,0.050542,0.0,0.437485
2020-05-01,0.015219,0.0,0.028414,0.0,0.0,0.072181,0.0,0.0,0.012382,0.0,0.013244,0.0,0.040335,0.039197,0.020808,0.039003,0.019132,0.021395,0.01915,0.01354,0.0,0.035288,0.0,0.06749,0.0,0.050377,0.05104,0.0,0.441804
2020-05-04,0.015048,0.0,0.028249,0.0,0.0,0.072379,0.0,0.0,0.012258,0.0,0.013065,0.0,0.040279,0.039142,0.020945,0.039486,0.019274,0.02159,0.019287,0.013686,0.0,0.03538,0.0,0.067185,0.0,0.050341,0.051046,0.0,0.44136
2020-05-05,0.015354,0.0,0.02839,0.0,0.0,0.073049,0.0,0.0,0.012162,0.0,0.013054,0.0,0.04096,0.038993,0.021018,0.039843,0.019507,0.02184,0.019399,0.01384,0.0,0.035365,0.0,0.066774,0.0,0.050069,0.050867,0.0,0.439515
2020-05-06,0.01526,0.0,0.028228,0.0,0.0,0.073727,0.0,0.0,0.011923,0.0,0.012899,0.0,0.040633,0.038641,0.020343,0.04023,0.019784,0.022066,0.019388,0.01376,0.0,0.034977,0.0,0.066903,0.0,0.04998,0.050717,0.0,0.44054
2020-05-07,0.01533,0.0,0.028478,0.0,0.0,0.07389,0.0,0.0,0.012129,0.0,0.012971,0.0,0.040384,0.038301,0.020301,0.040588,0.019842,0.022889,0.019931,0.013912,0.0,0.035301,0.0,0.067425,0.0,0.049983,0.050729,0.0,0.437615
2020-05-08,0.015233,0.0,0.028783,0.0,0.0,0.075173,0.0,0.0,0.012312,0.0,0.01321,0.0,0.040336,0.03891,0.02058,0.040923,0.020299,0.02291,0.020119,0.014301,0.0,0.034867,0.0,0.067097,0.0,0.049505,0.050393,0.0,0.43505
2020-05-11,0.015402,0.0,0.029042,0.0,0.0,0.075352,0.0,0.0,0.012068,0.0,0.013037,0.0,0.041007,0.038834,0.020481,0.041172,0.020269,0.023176,0.020336,0.014282,0.0,0.03463,0.0,0.066479,0.0,0.049339,0.05019,0.0,0.434903
2020-05-12,0.015533,0.0,0.028828,0.0,0.0,0.075205,0.0,0.0,0.011821,0.0,0.012744,0.0,0.040616,0.038728,0.020418,0.040555,0.019844,0.022772,0.019985,0.013835,0.0,0.034965,0.0,0.066911,0.0,0.049787,0.050525,0.0,0.436928
2020-05-13,0.015173,0.0,0.029063,0.0,0.0,0.075754,0.0,0.0,0.01151,0.0,0.012466,0.0,0.040309,0.038507,0.020313,0.039989,0.019527,0.022354,0.020129,0.013881,0.0,0.03542,0.0,0.06611,0.0,0.050056,0.05074,0.0,0.438699
2020-05-14,0.014892,0.0,0.028591,0.0,0.0,0.075441,0.0,0.0,0.011789,0.0,0.01258,0.0,0.040696,0.03836,0.020503,0.040444,0.020022,0.022505,0.019862,0.013829,0.0,0.035685,0.0,0.065923,0.0,0.050066,0.05073,0.0,0.438083
2020-05-15,0.015036,0.0,0.028626,0.0,0.0,0.074757,0.0,0.0,0.011705,0.0,0.012529,0.0,0.041018,0.038677,0.020219,0.040627,0.019598,0.022721,0.020244,0.0139,0.0,0.035868,0.0,0.065889,0.0,0.050007,0.050791,0.0,0.437788
2020-05-18,0.015493,0.0,0.029018,0.0,0.0,0.076865,0.0,0.0,0.01217,0.0,0.013208,0.0,0.040903,0.038859,0.020818,0.041165,0.020273,0.022719,0.020844,0.014409,0.0,0.035205,0.0,0.06555,0.0,0.049153,0.050229,0.0,0.433118
2020-05-19,0.015561,0.0,0.028754,0.0,0.0,0.076798,0.0,0.0,0.011905,0.0,0.013074,0.0,0.040517,0.038246,0.020529,0.041123,0.02026,0.022802,0.020814,0.014425,0.0,0.035639,0.0,0.065723,0.0,0.049422,0.050304,0.0,0.434103
2020-05-20,0.015602,0.0,0.029021,0.0,0.0,0.076861,0.0,0.0,0.0121,0.0,0.013242,0.0,0.040334,0.03848,0.020525,0.041784,0.020887,0.023129,0.021261,0.014772,0.0,0.03552,0.0,0.065685,0.0,0.049152,0.050166,0.0,0.431479
2020-05-21,0.015508,0.0,0.028875,0.0,0.0,0.075409,0.0,0.0,0.012131,0.0,0.013349,0.0,0.040265,0.038273,0.020434,0.041437,0.020478,0.023065,0.021098,0.014973,0.0,0.035203,0.0,0.065529,0.0,0.049466,0.050399,0.0,0.434109
2020-05-22,0.015471,0.0,0.028958,0.0,0.0,0.072731,0.0,0.0,0.012105,0.0,0.01336,0.0,0.040413,0.038466,0.020693,0.041653,0.020601,0.023486,0.021482,0.014896,0.0,0.035466,0.0,0.065341,0.0,0.049637,0.050506,0.0,0.434734
2020-05-25,0.015471,0.0,0.028958,0.0,0.0,0.07273,0.0,0.0,0.012105,0.0,0.01336,0.0,0.040412,0.038466,0.020693,0.041652,0.0206,0.023485,0.021482,0.014896,0.0,0.035465,0.0,0.06534,0.0,0.049636,0.050506,0.0,0.434743
2020-05-26,0.0158,0.0,0.029756,0.0,0.0,0.073612,0.0,0.0,0.012656,0.0,0.013834,0.0,0.040089,0.038433,0.020699,0.041351,0.020687,0.023347,0.021783,0.015696,0.0,0.034744,0.0,0.066088,0.0,0.049198,0.050007,0.0,0.432219
2020-05-27,0.015745,0.0,0.030086,0.0,0.0,0.072885,0.0,0.0,0.013181,0.0,0.014271,0.0,0.040433,0.038943,0.02091,0.041514,0.020969,0.023351,0.021773,0.015685,0.0,0.034746,0.0,0.065445,0.0,0.049152,0.049968,0.0,0.430943
2020-05-28,0.016036,0.0,0.030425,0.0,0.0,0.07222,0.0,0.0,0.01295,0.0,0.014111,0.0,0.040888,0.039219,0.02149,0.041359,0.020476,0.023429,0.021857,0.015635,0.0,0.034801,0.0,0.065473,0.0,0.049021,0.050036,0.0,0.430574
2020-05-29,0.020584,0.0,0.019073,0.0,0.015658,0.11467,0.0,0.0,0.0,0.0,0.01103,0.0,0.079109,0.057764,0.014186,0.073432,0.023773,0.029643,0.023347,0.035108,0.018321,0.073729,0.0,0.075514,0.0,0.075374,0.074802,0.0,0.164883
2020-06-01,0.020759,0.0,0.019253,0.0,0.016046,0.116021,0.0,0.0,0.0,0.0,0.010991,0.0,0.077882,0.057834,0.014274,0.072994,0.023511,0.030078,0.023645,0.035949,0.018638,0.073649,0.0,0.075142,0.0,0.074917,0.074469,0.0,0.163949
2020-06-02,0.020814,0.0,0.019245,0.0,0.016371,0.117991,0.0,0.0,0.0,0.0,0.01108,0.0,0.077955,0.057709,0.014296,0.073324,0.023903,0.029835,0.023541,0.036274,0.018698,0.072819,0.0,0.074396,0.0,0.074433,0.073946,0.0,0.16337
2020-06-03,0.021173,0.0,0.01929,0.0,0.016738,0.119121,0.0,0.0,0.0,0.0,0.01146,0.0,0.077449,0.057524,0.014402,0.073559,0.024481,0.029922,0.023642,0.036812,0.01921,0.071151,0.0,0.074494,0.0,0.073656,0.073368,0.0,0.162548
2020-06-04,0.02119,0.0,0.019132,0.0,0.016601,0.118157,0.0,0.0,0.0,0.0,0.011619,0.0,0.077077,0.057425,0.014189,0.073182,0.024782,0.029461,0.023498,0.036976,0.019078,0.072125,0.0,0.075492,0.0,0.073593,0.073319,0.0,0.163103
2020-06-05,0.021526,0.0,0.019222,0.0,0.016894,0.119032,0.0,0.0,0.0,0.0,0.01193,0.0,0.077572,0.057667,0.014233,0.074389,0.025146,0.029241,0.023667,0.038199,0.019611,0.069987,0.0,0.074932,0.0,0.072526,0.072611,0.0,0.161615
2020-06-08,0.021435,0.0,0.01941,0.0,0.016653,0.11812,0.0,0.0,0.0,0.0,0.01211,0.0,0.077724,0.058003,0.014543,0.074398,0.024972,0.029522,0.023591,0.039223,0.019999,0.070398,0.0,0.074511,0.0,0.072249,0.072412,0.0,0.16073
2020-06-09,0.02142,0.0,0.019346,0.0,0.016705,0.1182,0.0,0.0,0.0,0.0,0.011831,0.0,0.077064,0.057638,0.014278,0.074891,0.025039,0.029348,0.023606,0.038626,0.019705,0.071213,0.0,0.074708,0.0,0.072647,0.072622,0.0,0.161112
2020-06-10,0.021263,0.0,0.019263,0.0,0.016688,0.119287,0.0,0.0,0.0,0.0,0.011504,0.0,0.076652,0.057259,0.014141,0.075854,0.025032,0.029334,0.023546,0.038695,0.019131,0.07196,0.0,0.074103,0.0,0.072914,0.072903,0.0,0.160472
2020-06-11,0.021166,0.0,0.018993,0.0,0.016722,0.118131,0.0,0.0,0.0,0.0,0.011009,0.0,0.074508,0.0567,0.013986,0.073596,0.024128,0.028624,0.022855,0.036959,0.018427,0.073531,0.0,0.07522,0.0,0.075313,0.07506,0.0,0.165074
2020-06-12,0.020768,0.0,0.019227,0.0,0.016547,0.119274,0.0,0.0,0.0,0.0,0.011161,0.0,0.074577,0.056396,0.013874,0.074136,0.024322,0.028682,0.023189,0.037354,0.018982,0.073228,0.0,0.074859,0.0,0.07473,0.074443,0.0,0.164252
2020-06-15,0.020616,0.0,0.018995,0.0,0.016348,0.11898,0.0,0.0,0.0,0.0,0.011258,0.0,0.074659,0.05698,0.013952,0.074765,0.024621,0.029144,0.023252,0.036785,0.019228,0.073012,0.0,0.074333,0.0,0.074582,0.074388,0.0,0.164102
2020-06-16,0.021117,0.0,0.019167,0.0,0.016501,0.119276,0.0,0.0,0.0,0.0,0.011363,0.0,0.075733,0.057293,0.013876,0.075596,0.02485,0.029254,0.023446,0.037519,0.01941,0.072247,0.0,0.07359,0.0,0.073685,0.073608,0.0,0.16247
2020-06-17,0.02111,0.0,0.019233,0.0,0.016565,0.120156,0.0,0.0,0.0,0.0,0.01127,0.0,0.075581,0.057149,0.01382,0.075505,0.025018,0.029331,0.02363,0.037251,0.019109,0.072312,0.0,0.073515,0.0,0.073726,0.073485,0.0,0.162234
2020-06-18,0.020993,0.0,0.019179,0.0,0.016624,0.120716,0.0,0.0,0.0,0.0,0.011217,0.0,0.075245,0.057386,0.013803,0.075764,0.024946,0.029434,0.023427,0.037466,0.01888,0.072094,0.0,0.073221,0.0,0.073812,0.073739,0.0,0.162055
2020-06-19,0.021103,0.0,0.019085,0.0,0.016723,0.120555,0.0,0.0,0.0,0.0,0.011078,0.0,0.075962,0.057083,0.013414,0.075234,0.024823,0.029208,0.023395,0.037836,0.018604,0.072882,0.0,0.073214,0.0,0.073829,0.073877,0.0,0.162096
2020-06-22,0.020865,0.0,0.019125,0.0,0.016689,0.121635,0.0,0.0,0.0,0.0,0.011045,0.0,0.075318,0.056655,0.013482,0.076295,0.024889,0.029409,0.023651,0.038141,0.018499,0.073011,0.0,0.072819,0.0,0.073419,0.073719,0.0,0.161334
2020-06-23,0.02111,0.0,0.019103,0.0,0.016876,0.12292,0.0,0.0,0.0,0.0,0.011005,0.0,0.075356,0.056355,0.013295,0.076555,0.024883,0.02913,0.023591,0.038165,0.018353,0.073348,0.0,0.072651,0.0,0.073117,0.073482,0.0,0.160705
2020-06-24,0.020681,0.0,0.018914,0.0,0.016763,0.123144,0.0,0.0,0.0,0.0,0.010741,0.0,0.07421,0.056027,0.013322,0.075665,0.02461,0.028992,0.023379,0.037938,0.01803,0.07391,0.0,0.07292,0.0,0.074075,0.074201,0.0,0.16248
2020-06-25,0.020588,0.0,0.019069,0.0,0.016699,0.122311,0.0,0.0,0.0,0.0,0.010826,0.0,0.074702,0.056246,0.013115,0.076393,0.024707,0.02923,0.023779,0.037915,0.018202,0.073632,0.0,0.072798,0.0,0.073854,0.074033,0.0,0.161902
2020-06-26,0.020683,0.0,0.019031,0.0,0.01672,0.12238,0.0,0.0,0.0,0.0,0.010707,0.0,0.074365,0.055524,0.013077,0.075467,0.024432,0.029133,0.023465,0.038001,0.017991,0.074533,0.0,0.07194,0.0,0.074627,0.074734,0.0,0.16319
2020-06-29,0.020626,0.0,0.018924,0.0,0.016651,0.121631,0.0,0.0,0.0,0.0,0.010994,0.0,0.0746,0.056245,0.013246,0.075849,0.024555,0.028982,0.023591,0.038207,0.018232,0.074139,0.0,0.072554,0.0,0.074266,0.074384,0.0,0.162325
2020-06-30,0.046244,0.0,0.045723,0.0,0.0,0.021704,0.0,0.0,0.0,0.0,0.0,0.0,0.071198,0.054583,0.039386,0.046531,0.023046,0.052211,0.043573,0.059868,0.0,0.081847,0.0,0.082452,0.0,0.082318,0.082053,0.0,0.167261
2020-07-01,0.046383,0.0,0.045469,0.0,0.0,0.021819,0.0,0.0,0.0,0.0,0.0,0.0,0.071491,0.054435,0.040164,0.046441,0.02267,0.052734,0.043672,0.060051,0.0,0.08119,0.0,0.083193,0.0,0.081897,0.081814,0.0,0.166576
2020-07-02,0.046857,0.0,0.045563,0.0,0.0,0.022448,0.0,0.0,0.0,0.0,0.0,0.0,0.071708,0.054469,0.040089,0.046503,0.022844,0.052702,0.043513,0.06074,0.0,0.081002,0.0,0.082518,0.0,0.081632,0.081673,0.0,0.165739
2020-07-03,0.046567,0.0,0.045575,0.0,0.0,0.022454,0.0,0.0,0.0,0.0,0.0,0.0,0.071727,0.054483,0.040099,0.046515,0.02285,0.052716,0.043525,0.060756,0.0,0.081024,0.0,0.08254,0.0,0.081653,0.081695,0.0,0.165819
2020-07-06,0.046896,0.0,0.045645,0.0,0.0,0.023817,0.0,0.0,0.0,0.0,0.0,0.0,0.071643,0.054138,0.039164,0.046799,0.023192,0.052483,0.044112,0.06479,0.0,0.080597,0.0,0.081197,0.0,0.08062,0.080938,0.0,0.163971
2020-07-07,0.046877,0.0,0.045285,0.0,0.0,0.02338,0.0,0.0,0.0,0.0,0.0,0.0,0.071098,0.05469,0.039048,0.046359,0.022942,0.052135,0.043837,0.065361,0.0,0.081192,0.0,0.081583,0.0,0.080965,0.081044,0.0,0.164205
2020-07-08,0.046246,0.0,0.045034,0.0,0.0,0.024268,0.0,0.0,0.0,0.0,0.0,0.0,0.070761,0.054289,0.039208,0.046888,0.023141,0.053088,0.044053,0.065932,0.0,0.081301,0.0,0.081488,0.0,0.080448,0.080509,0.0,0.163345
2020-07-09,0.045974,0.0,0.044831,0.0,0.0,0.024336,0.0,0.0,0.0,0.0,0.0,0.0,0.070231,0.053882,0.038697,0.047075,0.023457,0.053943,0.043873,0.065846,0.0,0.081112,0.0,0.081817,0.0,0.080737,0.080748,0.0,0.163441
2020-07-10,0.046311,0.0,0.045284,0.0,0.0,0.024045,0.0,0.0,0.0,0.0,0.0,0.0,0.069859,0.054713,0.039312,0.046925,0.023309,0.053646,0.04435,0.067092,0.0,0.080665,0.0,0.080685,0.0,0.080342,0.080427,0.0,0.163036
2020-07-13,0.04733,0.0,0.045136,0.0,0.0,0.023816,0.0,0.0,0.0,0.0,0.0,0.0,0.07039,0.054737,0.039428,0.04604,0.02297,0.051449,0.04349,0.069531,0.0,0.080921,0.0,0.080125,0.0,0.080582,0.080758,0.0,0.163298
2020-07-14,0.04645,0.0,0.045348,0.0,0.0,0.023533,0.0,0.0,0.0,0.0,0.0,0.0,0.071558,0.05536,0.03967,0.046423,0.023275,0.051793,0.044027,0.068444,0.0,0.081039,0.0,0.079572,0.0,0.080319,0.080513,0.0,0.162676
2020-07-15,0.047026,0.0,0.045709,0.0,0.0,0.023458,0.0,0.0,0.0,0.0,0.0,0.0,0.072147,0.055146,0.039329,0.046456,0.023126,0.051765,0.04467,0.068068,0.0,0.080731,0.0,0.080383,0.0,0.079917,0.080091,0.0,0.161979
2020-07-16,0.04701,0.0,0.045511,0.0,0.0,0.022877,0.0,0.0,0.0,0.0,0.0,0.0,0.07246,0.055593,0.040067,0.046156,0.023177,0.051458,0.044172,0.065579,0.0,0.080445,0.0,0.081279,0.0,0.080453,0.080732,0.0,0.163033
2020-07-17,0.046944,0.0,0.045337,0.0,0.0,0.022878,0.0,0.0,0.0,0.0,0.0,0.0,0.073053,0.055589,0.040749,0.04613,0.023167,0.051899,0.044658,0.065296,0.0,0.080667,0.0,0.081134,0.0,0.079997,0.080442,0.0,0.16206
2020-07-20,0.046975,0.0,0.045151,0.0,0.0,0.023262,0.0,0.0,0.0,0.0,0.0,0.0,0.072689,0.054766,0.040022,0.047082,0.023512,0.053251,0.044902,0.066462,0.0,0.080668,0.0,0.080156,0.0,0.079666,0.080166,0.0,0.161271
2020-07-21,0.047441,0.0,0.045104,0.0,0.0,0.023404,0.0,0.0,0.0,0.0,0.0,0.0,0.072526,0.055154,0.04014,0.046535,0.023355,0.052969,0.044918,0.066357,0.0,0.08151,0.0,0.079793,0.0,0.079624,0.080219,0.0,0.160951
2020-07-22,0.047033,0.0,0.044788,0.0,0.0,0.022946,0.0,0.0,0.0,0.0,0.0,0.0,0.072859,0.055352,0.040582,0.046704,0.02333,0.052723,0.044951,0.066068,0.0,0.082389,0.0,0.080793,0.0,0.079303,0.07987,0.0,0.16031
2020-07-23,0.047308,0.0,0.044705,0.0,0.0,0.022917,0.0,0.0,0.0,0.0,0.0,0.0,0.072643,0.055634,0.040691,0.045561,0.023009,0.052394,0.044949,0.066333,0.0,0.083244,0.0,0.080506,0.0,0.079503,0.080031,0.0,0.160573
2020-07-24,0.04684,0.0,0.044949,0.0,0.0,0.022749,0.0,0.0,0.0,0.0,0.0,0.0,0.072312,0.055925,0.040687,0.045303,0.022796,0.052064,0.044767,0.06384,0.0,0.084507,0.0,0.081151,0.0,0.079984,0.080535,0.0,0.161593
2020-07-27,0.046671,0.0,0.045515,0.0,0.0,0.022613,0.0,0.0,0.0,0.0,0.0,0.0,0.072336,0.055803,0.039907,0.04569,0.023338,0.052512,0.045411,0.063748,0.0,0.085562,0.0,0.081275,0.0,0.07929,0.07996,0.0,0.16037
2020-07-28,0.046911,0.0,0.045258,0.0,0.0,0.022541,0.0,0.0,0.0,0.0,0.0,0.0,0.07229,0.056037,0.040531,0.045178,0.022898,0.052204,0.044855,0.063907,0.0,0.086319,0.0,0.080847,0.0,0.079518,0.080148,0.0,0.160557
2020-07-29,0.046632,0.0,0.044948,0.0,0.0,0.022795,0.0,0.0,0.0,0.0,0.0,0.0,0.072511,0.055704,0.040418,0.045495,0.023198,0.053161,0.04496,0.064752,0.0,0.086326,0.0,0.080949,0.0,0.079035,0.079742,0.0,0.159373
2020-07-30,0.046322,0.0,0.044346,0.0,0.0,0.022697,0.0,0.0,0.0,0.0,0.0,0.0,0.072127,0.055795,0.040485,0.045825,0.023693,0.053671,0.044737,0.064317,0.0,0.085828,0.0,0.081374,0.0,0.079274,0.079955,0.0,0.159555
2020-07-31,0.075819,0.0,0.060153,0.0,0.026057,0.063578,0.0,0.0,0.0,0.0,0.018969,0.0,0.08653,0.086742,0.013019,0.059184,0.04608,0.021678,0.0593,0.12529,0.023199,0.0,0.0,0.041526,0.0,0.093316,0.093758,0.0,0.005799
2020-08-03,0.075943,0.0,0.060556,0.0,0.025912,0.063978,0.0,0.0,0.0,0.0,0.018792,0.0,0.086248,0.085344,0.012705,0.059826,0.046286,0.021626,0.05982,0.129112,0.022583,0.0,0.0,0.04091,0.0,0.092016,0.092622,0.0,0.00572
2020-08-04,0.075811,0.0,0.060934,0.0,0.025954,0.064599,0.0,0.0,0.0,0.0,0.018747,0.0,0.085448,0.085986,0.012782,0.059686,0.046735,0.021514,0.059872,0.128583,0.022809,0.0,0.0,0.040595,0.0,0.091879,0.092373,0.0,0.005693
2020-08-05,0.076162,0.0,0.060569,0.0,0.02631,0.064778,0.0,0.0,0.0,0.0,0.019005,0.0,0.085389,0.085356,0.012551,0.059591,0.04644,0.021543,0.060173,0.130323,0.022574,0.0,0.0,0.040552,0.0,0.09109,0.091929,0.0,0.005663
2020-08-06,0.075792,0.0,0.060506,0.0,0.026102,0.064905,0.0,0.0,0.0,0.0,0.019071,0.0,0.084905,0.085315,0.01262,0.060408,0.046401,0.021346,0.060291,0.130485,0.022603,0.0,0.0,0.040425,0.0,0.091164,0.092001,0.0,0.00566
2020-08-07,0.076391,0.0,0.060758,0.0,0.025986,0.063026,0.0,0.0,0.0,0.0,0.01947,0.0,0.085502,0.0861,0.012897,0.059735,0.046059,0.021053,0.060291,0.130469,0.023013,0.0,0.0,0.040148,0.0,0.091317,0.092103,0.0,0.005682
2020-08-10,0.076431,0.0,0.061034,0.0,0.025841,0.062626,0.0,0.0,0.0,0.0,0.019944,0.0,0.085189,0.086524,0.012889,0.059551,0.046045,0.020768,0.060344,0.130844,0.023043,0.0,0.0,0.04008,0.0,0.091196,0.091969,0.0,0.005682
2020-08-11,0.077394,0.0,0.061672,0.0,0.026166,0.062688,0.0,0.0,0.0,0.0,0.020095,0.0,0.084842,0.086121,0.012639,0.058611,0.045668,0.020642,0.060617,0.131275,0.022762,0.0,0.0,0.040055,0.0,0.091087,0.091971,0.0,0.005695
2020-08-12,0.076807,0.0,0.062219,0.0,0.025963,0.06284,0.0,0.0,0.0,0.0,0.019918,0.0,0.085229,0.086186,0.012667,0.059222,0.046576,0.020464,0.061479,0.131525,0.022715,0.0,0.0,0.039914,0.0,0.089727,0.090923,0.0,0.005625
2020-08-13,0.077023,0.0,0.06229,0.0,0.025984,0.062521,0.0,0.0,0.0,0.0,0.019859,0.0,0.085319,0.086322,0.012676,0.059388,0.046221,0.020577,0.061419,0.130952,0.022489,0.0,0.0,0.040663,0.0,0.089753,0.090905,0.0,0.005637
2020-08-14,0.076935,0.0,0.062401,0.0,0.025944,0.062608,0.0,0.0,0.0,0.0,0.019975,0.0,0.085317,0.086477,0.01259,0.059461,0.046284,0.020482,0.061447,0.130392,0.022535,0.0,0.0,0.0406,0.0,0.089972,0.09093,0.0,0.005649
2020-08-17,0.076607,0.0,0.06218,0.0,0.025962,0.063419,0.0,0.0,0.0,0.0,0.01973,0.0,0.085164,0.086297,0.012478,0.059401,0.046447,0.020419,0.062064,0.13125,0.022545,0.0,0.0,0.040572,0.0,0.089431,0.090429,0.0,0.005607
2020-08-18,0.076744,0.0,0.062362,0.0,0.025909,0.063584,0.0,0.0,0.0,0.0,0.019613,0.0,0.085096,0.0866,0.012415,0.059592,0.046177,0.020584,0.061806,0.130642,0.022426,0.0,0.0,0.040523,0.0,0.089539,0.090785,0.0,0.005604
2020-08-19,0.077439,0.0,0.062391,0.0,0.026041,0.063279,0.0,0.0,0.0,0.0,0.019675,0.0,0.085311,0.086417,0.01245,0.059865,0.046182,0.020739,0.06155,0.128959,0.02216,0.0,0.0,0.040929,0.0,0.089941,0.091037,0.0,0.005637
2020-08-20,0.076954,0.0,0.062329,0.0,0.025552,0.063637,0.0,0.0,0.0,0.0,0.019622,0.0,0.085265,0.08647,0.012372,0.060823,0.045893,0.021054,0.061439,0.128043,0.022429,0.0,0.0,0.040838,0.0,0.090438,0.091191,0.0,0.005651
2020-08-21,0.076791,0.0,0.061996,0.0,0.025833,0.064164,0.0,0.0,0.0,0.0,0.019651,0.0,0.085133,0.086462,0.012361,0.061437,0.046084,0.02084,0.061007,0.127983,0.022408,0.0,0.0,0.040675,0.0,0.090271,0.091267,0.0,0.005637
2020-08-24,0.077039,0.0,0.062196,0.0,0.025847,0.064615,0.0,0.0,0.0,0.0,0.019849,0.0,0.084081,0.086522,0.012372,0.061485,0.046201,0.020801,0.061118,0.129374,0.022376,0.0,0.0,0.040358,0.0,0.089442,0.090735,0.0,0.00559
2020-08-25,0.076853,0.0,0.061894,0.0,0.026028,0.065398,0.0,0.0,0.0,0.0,0.019755,0.0,0.084355,0.086034,0.012212,0.06158,0.046486,0.020798,0.060905,0.12966,0.022355,0.0,0.0,0.040808,0.0,0.088919,0.09039,0.0,0.005571
2020-08-26,0.077307,0.0,0.061883,0.0,0.026094,0.065446,0.0,0.0,0.0,0.0,0.019707,0.0,0.084007,0.085888,0.012041,0.062648,0.0465,0.021104,0.060929,0.129415,0.022085,0.0,0.0,0.040465,0.0,0.088622,0.090304,0.0,0.005555
2020-08-27,0.077639,0.0,0.061276,0.0,0.025902,0.064959,0.0,0.0,0.0,0.0,0.019767,0.0,0.084621,0.086372,0.012073,0.062665,0.045945,0.020941,0.060201,0.130581,0.022398,0.0,0.0,0.040947,0.0,0.088261,0.089898,0.0,0.005552
2020-08-28,0.077152,0.0,0.061172,0.0,0.026014,0.065314,0.0,0.0,0.0,0.0,0.019815,0.0,0.084213,0.086528,0.012023,0.06277,0.046465,0.020875,0.060468,0.131157,0.022387,0.0,0.0,0.040799,0.0,0.087786,0.08955,0.0,0.005513
2020-08-31,0.055507,0.0,0.0,0.0,0.049786,0.014239,0.025076,0.0,0.0,0.0,0.0,0.039721,0.077258,0.07749,0.054101,0.052463,0.052635,0.050678,0.052836,0.143482,0.0,0.0,0.0,0.032321,0.0,0.103637,0.103301,0.0,0.015467
2020-09-01,0.055159,0.0,0.0,0.0,0.048921,0.014416,0.025865,0.0,0.0,0.0,0.0,0.040511,0.075823,0.07682,0.052962,0.052946,0.05316,0.051553,0.053076,0.145992,0.0,0.0,0.0,0.032159,0.0,0.102968,0.102355,0.0,0.015314
2020-09-02,0.055141,0.0,0.0,0.0,0.048364,0.014261,0.025679,0.0,0.0,0.0,0.0,0.040268,0.076661,0.077524,0.054126,0.052947,0.054218,0.051632,0.053833,0.144635,0.0,0.0,0.0,0.031833,0.0,0.102203,0.101494,0.0,0.015181
2020-09-03,0.055544,0.0,0.0,0.0,0.048755,0.01423,0.026352,0.0,0.0,0.0,0.0,0.039658,0.076553,0.078212,0.054937,0.051255,0.052553,0.050011,0.053062,0.142002,0.0,0.0,0.0,0.032412,0.0,0.105054,0.103827,0.0,0.015583
2020-09-04,0.054545,0.0,0.0,0.0,0.048629,0.014282,0.026602,0.0,0.0,0.0,0.0,0.039025,0.076507,0.078547,0.054984,0.050872,0.05235,0.049139,0.053233,0.143455,0.0,0.0,0.0,0.032804,0.0,0.105156,0.104188,0.0,0.015683
2020-09-07,0.055386,0.0,0.0,0.0,0.049125,0.01426,0.026562,0.0,0.0,0.0,0.0,0.038967,0.076392,0.07843,0.054902,0.050796,0.052272,0.049065,0.053154,0.14324,0.0,0.0,0.0,0.032755,0.0,0.104999,0.104032,0.0,0.015663
2020-09-08,0.055347,0.0,0.0,0.0,0.049512,0.014117,0.026335,0.0,0.0,0.0,0.0,0.03954,0.076603,0.078279,0.055663,0.049448,0.050803,0.048858,0.053427,0.139446,0.0,0.0,0.0,0.033213,0.0,0.10728,0.106166,0.0,0.015963
2020-09-09,0.055346,0.0,0.0,0.0,0.049244,0.014065,0.026757,0.0,0.0,0.0,0.0,0.040298,0.076951,0.078386,0.055669,0.050401,0.051511,0.049134,0.053909,0.139204,0.0,0.0,0.0,0.032672,0.0,0.105841,0.104851,0.0,0.015761
2020-09-10,0.055955,0.0,0.0,0.0,0.049777,0.013918,0.026132,0.0,0.0,0.0,0.0,0.04042,0.076453,0.078118,0.055202,0.049705,0.051269,0.048932,0.053751,0.138466,0.0,0.0,0.0,0.033191,0.0,0.106923,0.105885,0.0,0.015899
2020-09-11,0.055151,0.0,0.0,0.0,0.0496,0.014041,0.025953,0.0,0.0,0.0,0.0,0.04098,0.076556,0.078353,0.055191,0.049198,0.051123,0.048506,0.053753,0.139943,0.0,0.0,0.0,0.033421,0.0,0.106814,0.105554,0.0,0.015861
2020-09-14,0.05509,0.0,0.0,0.0,0.049475,0.014046,0.02642,0.0,0.0,0.0,0.0,0.041064,0.076558,0.077749,0.05516,0.049521,0.051409,0.048483,0.054137,0.143429,0.0,0.0,0.0,0.032616,0.0,0.105211,0.103998,0.0,0.015634
2020-09-15,0.054869,0.0,0.0,0.0,0.049591,0.014112,0.026055,0.0,0.0,0.0,0.0,0.040212,0.075967,0.076941,0.055028,0.049559,0.051824,0.048465,0.054254,0.147875,0.0,0.0,0.0,0.03241,0.0,0.10421,0.103133,0.0,0.015495
2020-09-16,0.055113,0.0,0.0,0.0,0.049877,0.014082,0.026142,0.0,0.0,0.0,0.0,0.041305,0.075943,0.076703,0.055031,0.048861,0.051409,0.04842,0.054153,0.147493,0.0,0.0,0.0,0.032388,0.0,0.104294,0.103275,0.0,0.015513
2020-09-17,0.054465,0.0,0.0,0.0,0.049449,0.01403,0.026425,0.0,0.0,0.0,0.0,0.040818,0.0759,0.076426,0.054732,0.048589,0.051525,0.048048,0.054066,0.148889,0.0,0.0,0.0,0.032852,0.0,0.104614,0.103616,0.0,0.015556
2020-09-18,0.054396,0.0,0.0,0.0,0.049582,0.01408,0.025335,0.0,0.0,0.0,0.0,0.040623,0.076147,0.076086,0.054024,0.04798,0.05096,0.048249,0.05395,0.150708,0.0,0.0,0.0,0.033209,0.0,0.105019,0.10402,0.0,0.01563
2020-09-21,0.053288,0.0,0.0,0.0,0.048671,0.014186,0.025236,0.0,0.0,0.0,0.0,0.040339,0.075588,0.076363,0.054297,0.048927,0.051445,0.049081,0.053526,0.148835,0.0,0.0,0.0,0.033003,0.0,0.106403,0.105009,0.0,0.015803
2020-09-22,0.053527,0.0,0.0,0.0,0.048514,0.014046,0.024899,0.0,0.0,0.0,0.0,0.041458,0.075162,0.076543,0.054444,0.049527,0.051794,0.049846,0.053775,0.147234,0.0,0.0,0.0,0.032775,0.0,0.106029,0.104673,0.0,0.015754
2020-09-23,0.054805,0.0,0.0,0.0,0.049252,0.014136,0.024453,0.0,0.0,0.0,0.0,0.040506,0.075659,0.07668,0.054525,0.048804,0.051463,0.04947,0.054209,0.142603,0.0,0.0,0.0,0.033221,0.0,0.107841,0.106352,0.0,0.016022
2020-09-24,0.054155,0.0,0.0,0.0,0.04862,0.014043,0.025142,0.0,0.0,0.0,0.0,0.040988,0.075388,0.077357,0.055214,0.049147,0.051972,0.048894,0.054185,0.140951,0.0,0.0,0.0,0.033269,0.0,0.108048,0.10658,0.0,0.016045
2020-09-25,0.05396,0.0,0.0,0.0,0.048042,0.013878,0.024783,0.0,0.0,0.0,0.0,0.040656,0.076008,0.077163,0.055689,0.049933,0.052279,0.049565,0.054529,0.141365,0.0,0.0,0.0,0.033034,0.0,0.107301,0.105899,0.0,0.015915
2020-09-28,0.054694,0.0,0.0,0.0,0.048364,0.013905,0.023532,0.0,0.0,0.0,0.0,0.041749,0.075899,0.077223,0.055252,0.050361,0.053161,0.049605,0.054758,0.142092,0.0,0.0,0.0,0.032468,0.0,0.10617,0.105016,0.0,0.015752
2020-09-29,0.054426,0.0,0.0,0.0,0.048264,0.013841,0.023206,0.0,0.0,0.0,0.0,0.04115,0.07555,0.076457,0.055048,0.050023,0.053107,0.049354,0.055248,0.145509,0.0,0.0,0.0,0.032382,0.0,0.105893,0.104838,0.0,0.015702
2020-09-30,0.107793,0.0,0.0,0.0,0.0,0.0,0.0,0.0,0.0,0.0,0.0,0.081406,0.0,0.096809,0.0,0.08039,0.05689,0.056867,0.104771,0.106603,0.0,0.077336,0.167542,0.0,0.0,0.0,0.0,0.0,0.063592
2020-10-01,0.106944,0.0,0.0,0.0,0.0,0.0,0.0,0.0,0.0,0.0,0.0,0.081978,0.0,0.096154,0.0,0.080236,0.057392,0.057087,0.104854,0.106578,0.0,0.077065,0.168919,0.0,0.0,0.0,0.0,0.0,0.062794
2020-10-02,0.106987,0.0,0.0,0.0,0.0,0.0,0.0,0.0,0.0,0.0,0.0,0.08303,0.0,0.096309,0.0,0.078769,0.056074,0.056842,0.104641,0.106105,0.0,0.077554,0.170451,0.0,0.0,0.0,0.0,0.0,0.063238
2020-10-05,0.10681,0.0,0.0,0.0,0.0,0.0,0.0,0.0,0.0,0.0,0.0,0.081788,0.0,0.095621,0.0,0.079388,0.05703,0.056997,0.104271,0.107021,0.0,0.076859,0.171827,0.0,0.0,0.0,0.0,0.0,0.062388
2020-10-06,0.10839,0.0,0.0,0.0,0.0,0.0,0.0,0.0,0.0,0.0,0.0,0.0813,0.0,0.096138,0.0,0.079095,0.05744,0.057665,0.105223,0.107697,0.0,0.076866,0.167047,0.0,0.0,0.0,0.0,0.0,0.063138
2020-10-07,0.107146,0.0,0.0,0.0,0.0,0.0,0.0,0.0,0.0,0.0,0.0,0.081218,0.0,0.096013,0.0,0.079584,0.057841,0.057827,0.105701,0.108606,0.0,0.075915,0.167788,0.0,0.0,0.0,0.0,0.0,0.062361
2020-10-08,0.107115,0.0,0.0,0.0,0.0,0.0,0.0,0.0,0.0,0.0,0.0,0.082788,0.0,0.096035,0.0,0.079487,0.058185,0.057617,0.105357,0.108355,0.0,0.075699,0.167398,0.0,0.0,0.0,0.0,0.0,0.061964
2020-10-09,0.106201,0.0,0.0,0.0,0.0,0.0,0.0,0.0,0.0,0.0,0.0,0.081837,0.0,0.09492,0.0,0.079146,0.058066,0.057288,0.104332,0.108556,0.0,0.075588,0.173275,0.0,0.0,0.0,0.0,0.0,0.060788
2020-10-12,0.106766,0.0,0.0,0.0,0.0,0.0,0.0,0.0,0.0,0.0,0.0,0.08167,0.0,0.095308,0.0,0.080706,0.058494,0.057904,0.104419,0.108185,0.0,0.074815,0.171409,0.0,0.0,0.0,0.0,0.0,0.060324
2020-10-13,0.107429,0.0,0.0,0.0,0.0,0.0,0.0,0.0,0.0,0.0,0.0,0.08167,0.0,0.096071,0.0,0.080892,0.058901,0.058818,0.105333,0.109056,0.0,0.074283,0.166685,0.0,0.0,0.0,0.0,0.0,0.060862
2020-10-14,0.107249,0.0,0.0,0.0,0.0,0.0,0.0,0.0,0.0,0.0,0.0,0.081651,0.0,0.095719,0.0,0.080581,0.058748,0.058653,0.105378,0.109163,0.0,0.074622,0.167298,0.0,0.0,0.0,0.0,0.0,0.060938
2020-10-15,0.105923,0.0,0.0,0.0,0.0,0.0,0.0,0.0,0.0,0.0,0.0,0.08282,0.0,0.095998,0.0,0.080403,0.058726,0.05838,0.104358,0.109186,0.0,0.075067,0.168057,0.0,0.0,0.0,0.0,0.0,0.061082
2020-10-16,0.107378,0.0,0.0,0.0,0.0,0.0,0.0,0.0,0.0,0.0,0.0,0.082229,0.0,0.096353,0.0,0.080444,0.058645,0.058531,0.104748,0.107965,0.0,0.075061,0.167359,0.0,0.0,0.0,0.0,0.0,0.061287
2020-10-19,0.107532,0.0,0.0,0.0,0.0,0.0,0.0,0.0,0.0,0.0,0.0,0.080945,0.0,0.095697,0.0,0.079464,0.058715,0.058264,0.105259,0.107273,0.0,0.075569,0.169609,0.0,0.0,0.0,0.0,0.0,0.061671
2020-10-20,0.106067,0.0,0.0,0.0,0.0,0.0,0.0,0.0,0.0,0.0,0.0,0.08104,0.0,0.094922,0.0,0.079177,0.058207,0.057319,0.105496,0.109442,0.0,0.075399,0.171698,0.0,0.0,0.0,0.0,0.0,0.061234
2020-10-21,0.106235,0.0,0.0,0.0,0.0,0.0,0.0,0.0,0.0,0.0,0.0,0.078826,0.0,0.095261,0.0,0.079268,0.05797,0.05665,0.105195,0.108858,0.0,0.076169,0.174173,0.0,0.0,0.0,0.0,0.0,0.061396
2020-10-22,0.106411,0.0,0.0,0.0,0.0,0.0,0.0,0.0,0.0,0.0,0.0,0.077225,0.0,0.09571,0.0,0.079303,0.058293,0.056832,0.105995,0.110118,0.0,0.075812,0.172592,0.0,0.0,0.0,0.0,0.0,0.061709
2020-10-23,0.106836,0.0,0.0,0.0,0.0,0.0,0.0,0.0,0.0,0.0,0.0,0.078829,0.0,0.0958,0.0,0.079146,0.058036,0.056908,0.1059,0.108936,0.0,0.075665,0.172289,0.0,0.0,0.0,0.0,0.0,0.061654
2020-10-26,0.106551,0.0,0.0,0.0,0.0,0.0,0.0,0.0,0.0,0.0,0.0,0.077099,0.0,0.096008,0.0,0.078606,0.057643,0.05668,0.105216,0.110436,0.0,0.076777,0.172394,0.0,0.0,0.0,0.0,0.0,0.062589
2020-10-27,0.106436,0.0,0.0,0.0,0.0,0.0,0.0,0.0,0.0,0.0,0.0,0.075614,0.0,0.095578,0.0,0.078853,0.05731,0.056575,0.105391,0.111959,0.0,0.076837,0.172988,0.0,0.0,0.0,0.0,0.0,0.062458
2020-10-28,0.106229,0.0,0.0,0.0,0.0,0.0,0.0,0.0,0.0,0.0,0.0,0.077144,0.0,0.095269,0.0,0.077528,0.056917,0.056406,0.105175,0.113395,0.0,0.077618,0.170192,0.0,0.0,0.0,0.0,0.0,0.064127
2020-10-29,0.105569,0.0,0.0,0.0,0.0,0.0,0.0,0.0,0.0,0.0,0.0,0.076117,0.0,0.094737,0.0,0.078406,0.058054,0.055846,0.106018,0.115792,0.0,0.07689,0.168752,0.0,0.0,0.0,0.0,0.0,0.063819
2020-10-30,0.039491,0.0,0.0,0.0,0.0,0.0,0.0,0.170612,0.0,0.0,0.0,0.217324,0.021019,0.127935,0.0,0.02513,0.055509,0.0,0.138667,0.197938,0.0,0.0,0.0,0.0,0.0,0.0,0.0,0.0,0.006375
2020-11-02,0.039311,0.0,0.0,0.0,0.0,0.0,0.0,0.167991,0.0,0.0,0.0,0.220034,0.021006,0.127592,0.0,0.024733,0.054688,0.0,0.13731,0.201076,0.0,0.0,0.0,0.0,0.0,0.0,0.0,0.0,0.006258
2020-11-03,0.039662,0.0,0.0,0.0,0.0,0.0,0.0,0.166582,0.0,0.0,0.0,0.220134,0.020978,0.127655,0.0,0.024774,0.054845,0.0,0.13854,0.20067,0.0,0.0,0.0,0.0,0.0,0.0,0.0,0.0,0.00616
2020-11-04,0.039508,0.0,0.0,0.0,0.0,0.0,0.0,0.166804,0.0,0.0,0.0,0.225681,0.021372,0.124581,0.0,0.025107,0.05537,0.0,0.137358,0.198212,0.0,0.0,0.0,0.0,0.0,0.0,0.0,0.0,0.006007
2020-11-05,0.039128,0.0,0.0,0.0,0.0,0.0,0.0,0.164641,0.0,0.0,0.0,0.220106,0.020867,0.122285,0.0,0.025225,0.056378,0.0,0.137572,0.207944,0.0,0.0,0.0,0.0,0.0,0.0,0.0,0.0,0.005854
2020-11-06,0.039251,0.0,0.0,0.0,0.0,0.0,0.0,0.16673,0.0,0.0,0.0,0.215196,0.02095,0.123292,0.0,0.025405,0.057503,0.0,0.137742,0.208055,0.0,0.0,0.0,0.0,0.0,0.0,0.0,0.0,0.005874
2020-11-09,0.040474,0.0,0.0,0.0,0.0,0.0,0.0,0.17094,0.0,0.0,0.0,0.200502,0.021181,0.123208,0.0,0.025262,0.056926,0.0,0.141385,0.21424,0.0,0.0,0.0,0.0,0.0,0.0,0.0,0.0,0.005883
2020-11-10,0.039982,0.0,0.0,0.0,0.0,0.0,0.0,0.169005,0.0,0.0,0.0,0.210731,0.02127,0.125802,0.0,0.024824,0.05529,0.0,0.137731,0.209474,0.0,0.0,0.0,0.0,0.0,0.0,0.0,0.0,0.00589
2020-11-11,0.040039,0.0,0.0,0.0,0.0,0.0,0.0,0.168722,0.0,0.0,0.0,0.21251,0.021078,0.125902,0.0,0.025216,0.056839,0.0,0.138731,0.205115,0.0,0.0,0.0,0.0,0.0,0.0,0.0,0.0,0.005847
2020-11-12,0.040225,0.0,0.0,0.0,0.0,0.0,0.0,0.168009,0.0,0.0,0.0,0.210315,0.021181,0.126641,0.0,0.025206,0.05662,0.0,0.138903,0.207004,0.0,0.0,0.0,0.0,0.0,0.0,0.0,0.0,0.005896
2020-11-13,0.039529,0.0,0.0,0.0,0.0,0.0,0.0,0.167897,0.0,0.0,0.0,0.211151,0.021081,0.126187,0.0,0.024984,0.05633,0.0,0.138795,0.208251,0.0,0.0,0.0,0.0,0.0,0.0,0.0,0.0,0.005795
2020-11-16,0.039658,0.0,0.0,0.0,0.0,0.0,0.0,0.167444,0.0,0.0,0.0,0.210858,0.020765,0.125654,0.0,0.02489,0.056965,0.0,0.139556,0.208491,0.0,0.0,0.0,0.0,0.0,0.0,0.0,0.0,0.005718
2020-11-17,0.039816,0.0,0.0,0.0,0.0,0.0,0.0,0.167957,0.0,0.0,0.0,0.211661,0.020727,0.125356,0.0,0.024868,0.056761,0.0,0.139129,0.207981,0.0,0.0,0.0,0.0,0.0,0.0,0.0,0.0,0.005745
2020-11-18,0.04016,0.0,0.0,0.0,0.0,0.0,0.0,0.168695,0.0,0.0,0.0,0.213035,0.02047,0.124414,0.0,0.024758,0.056694,0.0,0.139781,0.206214,0.0,0.0,0.0,0.0,0.0,0.0,0.0,0.0,0.005779
2020-11-19,0.039573,0.0,0.0,0.0,0.0,0.0,0.0,0.167465,0.0,0.0,0.0,0.213369,0.020378,0.124281,0.0,0.024864,0.057316,0.0,0.13998,0.207016,0.0,0.0,0.0,0.0,0.0,0.0,0.0,0.0,0.005759
2020-11-20,0.039716,0.0,0.0,0.0,0.0,0.0,0.0,0.166953,0.0,0.0,0.0,0.211642,0.020263,0.12309,0.0,0.024526,0.056858,0.0,0.140009,0.211205,0.0,0.0,0.0,0.0,0.0,0.0,0.0,0.0,0.00574
2020-11-23,0.038963,0.0,0.0,0.0,0.0,0.0,0.0,0.165277,0.0,0.0,0.0,0.214252,0.019943,0.121491,0.0,0.024194,0.056902,0.0,0.138594,0.214722,0.0,0.0,0.0,0.0,0.0,0.0,0.0,0.0,0.005663
2020-11-24,0.039307,0.0,0.0,0.0,0.0,0.0,0.0,0.166314,0.0,0.0,0.0,0.208388,0.019797,0.121063,0.0,0.02428,0.056628,0.0,0.138984,0.219634,0.0,0.0,0.0,0.0,0.0,0.0,0.0,0.0,0.005605
2020-11-25,0.039581,0.0,0.0,0.0,0.0,0.0,0.0,0.165812,0.0,0.0,0.0,0.210235,0.019868,0.12187,0.0,0.024508,0.056913,0.0,0.139949,0.215618,0.0,0.0,0.0,0.0,0.0,0.0,0.0,0.0,0.005646
2020-11-26,0.039635,0.0,0.0,0.0,0.0,0.0,0.0,0.165803,0.0,0.0,0.0,0.210223,0.019867,0.121863,0.0,0.024507,0.05691,0.0,0.139941,0.215606,0.0,0.0,0.0,0.0,0.0,0.0,0.0,0.0,0.005644
2020-11-27,0.039621,0.0,0.0,0.0,0.0,0.0,0.0,0.165573,0.0,0.0,0.0,0.209727,0.019946,0.121216,0.0,0.02451,0.057291,0.0,0.141159,0.215342,0.0,0.0,0.0,0.0,0.0,0.0,0.0,0.0,0.005615
2020-11-30,0.0,0.0,0.010353,0.0,0.031972,0.037452,0.0,0.083897,0.0,0.0,0.041921,0.022063,0.0,0.068221,0.085578,0.0,0.049766,0.0,0.104108,0.153988,0.0,0.019173,0.028452,0.105431,0.0,0.076227,0.076824,0.0,0.004576
2020-12-01,0.0,0.0,0.010456,0.0,0.032241,0.037359,0.0,0.08563,0.0,0.0,0.041387,0.021535,0.0,0.068115,0.085291,0.0,0.050067,0.0,0.105479,0.154594,0.0,0.019375,0.029832,0.103207,0.0,0.075042,0.075862,0.0,0.004527
2020-12-02,0.0,0.0,0.010463,0.0,0.032364,0.037223,0.0,0.08558,0.0,0.0,0.041541,0.021018,0.0,0.067709,0.086059,0.0,0.050332,0.0,0.105564,0.153261,0.0,0.019567,0.029942,0.103651,0.0,0.075093,0.076095,0.0,0.004538
2020-12-03,0.0,0.0,0.010471,0.0,0.032765,0.037505,0.0,0.085802,0.0,0.0,0.04158,0.021632,0.0,0.067768,0.085025,0.0,0.050314,0.0,0.105388,0.152947,0.0,0.019688,0.030026,0.10321,0.0,0.075168,0.076179,0.0,0.004531
2020-12-04,0.0,0.0,0.010452,0.0,0.032753,0.037284,0.0,0.086067,0.0,0.0,0.041806,0.021241,0.0,0.067856,0.083637,0.0,0.051354,0.0,0.105846,0.155856,0.0,0.019506,0.0299,0.102016,0.0,0.074394,0.075529,0.0,0.004502
2020-12-07,0.0,0.0,0.010264,0.0,0.032758,0.036969,0.0,0.086409,0.0,0.0,0.041464,0.021634,0.0,0.067367,0.083822,0.0,0.05144,0.0,0.103877,0.158079,0.0,0.019731,0.03025,0.101606,0.0,0.074373,0.075472,0.0,0.004486
2020-12-08,0.0,0.0,0.010239,0.0,0.032485,0.036909,0.0,0.086224,0.0,0.0,0.041468,0.021004,0.0,0.067417,0.083173,0.0,0.051362,0.0,0.103867,0.161447,0.0,0.019706,0.030107,0.100794,0.0,0.074096,0.075239,0.0,0.004465
2020-12-09,0.0,0.0,0.010399,0.0,0.03267,0.036604,0.0,0.086889,0.0,0.0,0.041914,0.021268,0.0,0.067719,0.083733,0.0,0.050339,0.0,0.104102,0.158494,0.0,0.019534,0.029578,0.101851,0.0,0.07462,0.075783,0.0,0.004504
2020-12-10,0.0,0.0,0.010392,0.0,0.032802,0.037033,0.0,0.087303,0.0,0.0,0.041422,0.021255,0.0,0.067265,0.083116,0.0,0.050155,0.0,0.103867,0.159324,0.0,0.019452,0.029631,0.102087,0.0,0.074619,0.075785,0.0,0.004493
2020-12-11,0.0,0.0,0.010446,0.0,0.032793,0.036798,0.0,0.087295,0.0,0.0,0.041645,0.02128,0.0,0.067619,0.083501,0.0,0.049817,0.0,0.103792,0.156987,0.0,0.019547,0.02964,0.10333,0.0,0.074994,0.076008,0.0,0.004507
2020-12-14,0.0,0.0,0.010459,0.0,0.032635,0.036506,0.0,0.087053,0.0,0.0,0.041022,0.021336,0.0,0.06722,0.082902,0.0,0.050271,0.0,0.104323,0.159159,0.0,0.0194,0.029447,0.103119,0.0,0.074797,0.075853,0.0,0.004497
2020-12-15,0.0,0.0,0.010418,0.0,0.032327,0.036261,0.0,0.087393,0.0,0.0,0.041136,0.021363,0.0,0.06664,0.083605,0.0,0.050411,0.0,0.104263,0.161079,0.0,0.019455,0.029964,0.102182,0.0,0.073901,0.075155,0.0,0.004448
2020-12-16,0.0,0.0,0.01041,0.0,0.032567,0.036534,0.0,0.087231,0.0,0.0,0.040857,0.021347,0.0,0.06673,0.082591,0.0,0.050411,0.0,0.103883,0.161329,0.0,0.019551,0.031024,0.102189,0.0,0.073796,0.075105,0.0,0.004446
2020-12-17,0.0,0.0,0.010398,0.0,0.032548,0.036678,0.0,0.087262,0.0,0.0,0.040818,0.022024,0.0,0.066683,0.082562,0.0,0.050148,0.0,0.104486,0.160963,0.0,0.019618,0.031497,0.102058,0.0,0.073224,0.07462,0.0,0.004414
2020-12-18,0.0,0.0,0.010363,0.0,0.032557,0.036636,0.0,0.087303,0.0,0.0,0.040801,0.022111,0.0,0.066795,0.081808,0.0,0.049823,0.0,0.104049,0.162866,0.0,0.019574,0.031232,0.102003,0.0,0.073123,0.074544,0.0,0.004412
2020-12-21,0.0,0.0,0.010253,0.0,0.032133,0.03647,0.0,0.084368,0.0,0.0,0.040563,0.021974,0.0,0.066089,0.080834,0.0,0.049612,0.0,0.103499,0.168276,0.0,0.019516,0.031786,0.102482,0.0,0.073187,0.074548,0.0,0.004413
2020-12-22,0.0,0.0,0.010271,0.0,0.032015,0.03627,0.0,0.085228,0.0,0.0,0.040466,0.022112,0.0,0.065772,0.080859,0.0,0.049652,0.0,0.104403,0.167919,0.0,0.019406,0.030617,0.102323,0.0,0.073477,0.074788,0.0,0.004421
2020-12-23,0.0,0.0,0.010244,0.0,0.032136,0.036252,0.0,0.086155,0.0,0.0,0.040424,0.021659,0.0,0.065578,0.080195,0.0,0.04897,0.0,0.10454,0.169191,0.0,0.019412,0.030906,0.102724,0.0,0.072865,0.074356,0.0,0.004394
2020-12-24,0.0,0.0,0.010202,0.0,0.032051,0.035245,0.0,0.086997,0.0,0.0,0.040409,0.022001,0.0,0.065872,0.080723,0.0,0.049383,0.0,0.10411,0.167751,0.0,0.01948,0.031099,0.103,0.0,0.072933,0.074349,0.0,0.004392
2020-12-28,0.0,0.0,0.01024,0.0,0.031844,0.034918,0.0,0.087226,0.0,0.0,0.040198,0.021437,0.0,0.065967,0.080556,0.0,0.049011,0.0,0.103972,0.171141,0.0,0.019284,0.031504,0.101947,0.0,0.072469,0.073921,0.0,0.004364
2020-12-29,0.0,0.0,0.010396,0.0,0.032372,0.035812,0.0,0.087801,0.0,0.0,0.040068,0.021342,0.0,0.065955,0.080768,0.0,0.049021,0.0,0.10464,0.16719,0.0,0.019409,0.031541,0.102556,0.0,0.072659,0.074093,0.0,0.004376
2020-12-30,0.0,0.0,0.010254,0.0,0.032364,0.036091,0.0,0.087061,0.0,0.0,0.039756,0.021093,0.0,0.064956,0.08003,0.0,0.049139,0.0,0.103598,0.173573,0.0,0.019281,0.031567,0.102132,0.0,0.071682,0.073105,0.0,0.004314
2020-12-31,0.035013,0.0,0.010815,0.0,0.078779,0.011805,0.0,0.046313,0.0,0.0,0.145533,0.0,0.0,0.158287,0.016418,0.0,0.083154,0.0,0.083504,0.113003,0.0,0.0,0.0,0.031899,0.0,0.086726,0.087426,0.0,0.011325
2021-01-04,0.034753,0.0,0.010665,0.0,0.079009,0.011821,0.0,0.046324,0.0,0.0,0.141734,0.0,0.0,0.156263,0.015972,0.0,0.082641,0.0,0.082999,0.120815,0.0,0.0,0.0,0.031777,0.0,0.086576,0.087348,0.0,0.011303
2021-01-05,0.034313,0.0,0.010595,0.0,0.078641,0.012008,0.0,0.04642,0.0,0.0,0.140872,0.0,0.0,0.1538,0.015718,0.0,0.083001,0.0,0.083151,0.12795,0.0,0.0,0.0,0.031451,0.0,0.085012,0.085945,0.0,0.011123
2021-01-06,0.034794,0.0,0.010718,0.0,0.078985,0.011758,0.0,0.046262,0.0,0.0,0.144196,0.0,0.0,0.153879,0.016105,0.0,0.082713,0.0,0.083255,0.124746,0.0,0.0,0.0,0.031308,0.0,0.084495,0.085669,0.0,0.011119
2021-01-07,0.034719,0.0,0.010596,0.0,0.078181,0.011737,0.0,0.045615,0.0,0.0,0.143628,0.0,0.0,0.15198,0.015745,0.0,0.085028,0.0,0.083725,0.128816,0.0,0.0,0.0,0.030995,0.0,0.083407,0.084812,0.0,0.011016
2021-01-08,0.034808,0.0,0.010773,0.0,0.080161,0.0121,0.0,0.046617,0.0,0.0,0.143049,0.0,0.0,0.152492,0.015853,0.0,0.084939,0.0,0.084155,0.125686,0.0,0.0,0.0,0.030984,0.0,0.083037,0.084345,0.0,0.011
2021-01-11,0.034896,0.0,0.010735,0.0,0.080136,0.011912,0.0,0.046631,0.0,0.0,0.14384,0.0,0.0,0.152079,0.015797,0.0,0.086303,0.0,0.084156,0.123498,0.0,0.0,0.0,0.030934,0.0,0.083361,0.084659,0.0,0.011062
2021-01-12,0.034596,0.0,0.010713,0.0,0.080197,0.011963,0.0,0.046706,0.0,0.0,0.144214,0.0,0.0,0.150474,0.015599,0.0,0.086195,0.0,0.084009,0.126267,0.0,0.0,0.0,0.031189,0.0,0.082742,0.084157,0.0,0.010981
2021-01-13,0.034758,0.0,0.010771,0.0,0.080185,0.012094,0.0,0.046645,0.0,0.0,0.143332,0.0,0.0,0.151083,0.015944,0.0,0.086553,0.0,0.084296,0.124154,0.0,0.0,0.0,0.031383,0.0,0.083239,0.084557,0.0,0.011008
2021-01-14,0.034768,0.0,0.01084,0.0,0.081214,0.012119,0.0,0.046616,0.0,0.0,0.143257,0.0,0.0,0.149688,0.01582,0.0,0.088037,0.0,0.08606,0.122034,0.0,0.0,0.0,0.031603,0.0,0.08272,0.084261,0.0,0.010964
2021-01-15,0.034677,0.0,0.010755,0.0,0.080779,0.012209,0.0,0.046147,0.0,0.0,0.142738,0.0,0.0,0.150583,0.016126,0.0,0.087066,0.0,0.085055,0.121909,0.0,0.0,0.0,0.032,0.0,0.083732,0.085156,0.0,0.011069
2021-01-18,0.034675,0.0,0.010753,0.0,0.080969,0.012206,0.0,0.046137,0.0,0.0,0.142708,0.0,0.0,0.150551,0.016123,0.0,0.087047,0.0,0.085037,0.121883,0.0,0.0,0.0,0.031993,0.0,0.083715,0.085138,0.0,0.011066
2021-01-19,0.034492,0.0,0.010735,0.0,0.081102,0.01255,0.0,0.045952,0.0,0.0,0.142114,0.0,0.0,0.148776,0.015942,0.0,0.089367,0.0,0.085825,0.122628,0.0,0.0,0.0,0.03168,0.0,0.083144,0.084706,0.0,0.010987
2021-01-20,0.034625,0.0,0.010707,0.0,0.081777,0.01283,0.0,0.046554,0.0,0.0,0.141897,0.0,0.0,0.147908,0.015914,0.0,0.088366,0.0,0.08643,0.124081,0.0,0.0,0.0,0.031285,0.0,0.082542,0.084184,0.0,0.0109
2021-01-21,0.034665,0.0,0.01065,0.0,0.082116,0.012769,0.0,0.046274,0.0,0.0,0.14058,0.0,0.0,0.147193,0.015797,0.0,0.089511,0.0,0.086278,0.125424,0.0,0.0,0.0,0.031296,0.0,0.082302,0.084263,0.0,0.010884
2021-01-22,0.034687,0.0,0.010704,0.0,0.08155,0.012821,0.0,0.045981,0.0,0.0,0.14048,0.0,0.0,0.147467,0.015891,0.0,0.088387,0.0,0.086202,0.126656,0.0,0.0,0.0,0.03094,0.0,0.082796,0.084508,0.0,0.01093
2021-01-25,0.034431,0.0,0.010717,0.0,0.081773,0.013047,0.0,0.045108,0.0,0.0,0.139167,0.0,0.0,0.148554,0.016167,0.0,0.088285,0.0,0.086392,0.126943,0.0,0.0,0.0,0.031088,0.0,0.082916,0.084507,0.0,0.010904
2021-01-26,0.034775,0.0,0.010753,0.0,0.08155,0.012967,0.0,0.045239,0.0,0.0,0.138319,0.0,0.0,0.150361,0.016056,0.0,0.087124,0.0,0.086323,0.126303,0.0,0.0,0.0,0.031491,0.0,0.08315,0.084648,0.0,0.01094
2021-01-27,0.034863,0.0,0.010725,0.0,0.081689,0.012802,0.0,0.045168,0.0,0.0,0.138247,0.0,0.0,0.150738,0.015932,0.0,0.084233,0.0,0.08676,0.124514,0.0,0.0,0.0,0.031996,0.0,0.08489,0.086291,0.0,0.011151
2021-01-28,0.034879,0.0,0.010755,0.0,0.081133,0.012752,0.0,0.04569,0.0,0.0,0.139783,0.0,0.0,0.150755,0.016063,0.0,0.085761,0.0,0.086043,0.123155,0.0,0.0,0.0,0.031625,0.0,0.084355,0.086139,0.0,0.011112
2021-01-29,0.055298,0.027855,0.024161,0.0,0.0,0.0,0.043304,0.126832,0.010273,0.0,0.163595,0.0,0.0,0.173863,0.0,0.0,0.027145,0.06487,0.080294,0.169014,0.0,0.0,0.011978,0.0,0.01395,0.0,0.0,0.0,0.007568
2021-02-01,0.054814,0.027754,0.024012,0.0,0.0,0.0,0.043501,0.129781,0.010237,0.0,0.162574,0.0,0.0,0.171162,0.0,0.0,0.027753,0.064994,0.080676,0.168945,0.0,0.0,0.012616,0.0,0.013736,0.0,0.0,0.0,0.007445
2021-02-02,0.054681,0.027508,0.023738,0.0,0.0,0.0,0.043592,0.130313,0.010283,0.0,0.162831,0.0,0.0,0.168991,0.0,0.0,0.02766,0.065053,0.080243,0.173075,0.0,0.0,0.011346,0.0,0.013385,0.0,0.0,0.0,0.007301
2021-02-03,0.054796,0.02757,0.023908,0.0,0.0,0.0,0.044077,0.131483,0.010354,0.0,0.163153,0.0,0.0,0.169471,0.0,0.0,0.027133,0.063454,0.079889,0.172577,0.0,0.0,0.011542,0.0,0.013283,0.0,0.0,0.0,0.007311
2021-02-04,0.055021,0.027562,0.023909,0.0,0.0,0.0,0.043356,0.131963,0.010572,0.0,0.164724,0.0,0.0,0.170515,0.0,0.0,0.027325,0.064552,0.079664,0.16898,0.0,0.0,0.011321,0.0,0.013233,0.0,0.0,0.0,0.007302
2021-02-05,0.055233,0.027628,0.023998,0.0,0.0,0.0,0.04409,0.131421,0.010532,0.0,0.165011,0.0,0.0,0.171403,0.0,0.0,0.027027,0.0644,0.079906,0.167518,0.0,0.0,0.011491,0.0,0.013068,0.0,0.0,0.0,0.007273
2021-02-08,0.054844,0.027393,0.024153,0.0,0.0,0.0,0.043643,0.131391,0.010549,0.0,0.16455,0.0,0.0,0.170122,0.0,0.0,0.027525,0.064154,0.080293,0.169651,0.0,0.0,0.011562,0.0,0.012978,0.0,0.0,0.0,0.007191
2021-02-09,0.054782,0.02741,0.024158,0.0,0.0,0.0,0.043106,0.130251,0.010497,0.0,0.164116,0.0,0.0,0.169086,0.0,0.0,0.027302,0.064561,0.080952,0.172255,0.0,0.0,0.011452,0.0,0.01292,0.0,0.0,0.0,0.007153
2021-02-10,0.054898,0.027338,0.024158,0.0,0.0,0.0,0.042814,0.130524,0.010517,0.0,0.164166,0.0,0.0,0.169222,0.0,0.0,0.027406,0.064234,0.081036,0.172112,0.0,0.0,0.011378,0.0,0.013031,0.0,0.0,0.0,0.007166
2021-02-11,0.054828,0.027432,0.024177,0.0,0.0,0.0,0.042936,0.131353,0.010437,0.0,0.163096,0.0,0.0,0.167733,0.0,0.0,0.02823,0.064215,0.081259,0.172931,0.0,0.0,0.011337,0.0,0.012902,0.0,0.0,0.0,0.007134
2021-02-12,0.054786,0.027485,0.024226,0.0,0.0,0.0,0.042841,0.13084,0.010501,0.0,0.163599,0.0,0.0,0.167294,0.0,0.0,0.028461,0.064143,0.08119,0.17345,0.0,0.0,0.011389,0.0,0.012689,0.0,0.0,0.0,0.007105
2021-02-15,0.055265,0.027471,0.024214,0.0,0.0,0.0,0.04282,0.130774,0.010495,0.0,0.163516,0.0,0.0,0.167209,0.0,0.0,0.028447,0.064111,0.081149,0.173362,0.0,0.0,0.011383,0.0,0.012683,0.0,0.0,0.0,0.007101
2021-02-16,0.054774,0.027598,0.0242,0.0,0.0,0.0,0.042846,0.12986,0.010623,0.0,0.162552,0.0,0.0,0.166085,0.0,0.0,0.02845,0.062845,0.080552,0.178816,0.0,0.0,0.011305,0.0,0.012428,0.0,0.0,0.0,0.007067
2021-02-17,0.05451,0.027453,0.024292,0.0,0.0,0.0,0.042926,0.131083,0.010731,0.0,0.162944,0.0,0.0,0.167559,0.0,0.0,0.028107,0.062839,0.079613,0.176844,0.0,0.0,0.011427,0.0,0.012572,0.0,0.0,0.0,0.007101
2021-02-18,0.05525,0.027807,0.024381,0.0,0.0,0.0,0.042966,0.132727,0.010837,0.0,0.164698,0.0,0.0,0.170111,0.0,0.0,0.028259,0.063764,0.080083,0.167728,0.0,0.0,0.011453,0.0,0.01272,0.0,0.0,0.0,0.007215
2021-02-19,0.055573,0.027791,0.024467,0.0,0.0,0.0,0.042972,0.131666,0.010936,0.0,0.166958,0.0,0.0,0.167518,0.0,0.0,0.028863,0.063875,0.080749,0.167405,0.0,0.0,0.011513,0.0,0.012517,0.0,0.0,0.0,0.007196
2021-02-22,0.055903,0.02812,0.024773,0.0,0.0,0.0,0.040912,0.131096,0.011202,0.0,0.169988,0.0,0.0,0.170173,0.0,0.0,0.028232,0.062989,0.080122,0.164429,0.0,0.0,0.012152,0.0,0.012607,0.0,0.0,0.0,0.007301
2021-02-23,0.055742,0.028227,0.024799,0.0,0.0,0.0,0.042163,0.13291,0.011308,0.0,0.171073,0.0,0.0,0.170972,0.0,0.0,0.028113,0.062268,0.079377,0.16118,0.0,0.0,0.011932,0.0,0.012613,0.0,0.0,0.0,0.007325
2021-02-24,0.055601,0.028192,0.024363,0.0,0.0,0.0,0.042195,0.132976,0.01142,0.0,0.17268,0.0,0.0,0.169273,0.0,0.0,0.028754,0.06156,0.078818,0.162569,0.0,0.0,0.011927,0.0,0.012413,0.0,0.0,0.0,0.007258
2021-02-25,0.057113,0.028539,0.024651,0.0,0.0,0.0,0.0413,0.134529,0.011543,0.0,0.174493,0.0,0.0,0.172362,0.0,0.0,0.027916,0.061653,0.078612,0.155222,0.0,0.0,0.012023,0.0,0.01257,0.0,0.0,0.0,0.007473
2021-02-26,0.020271,0.0,0.084618,0.144789,0.076942,0.0,0.0,0.016895,0.0,0.0,0.0,0.0,0.109386,0.054824,0.0,0.0,0.048112,0.032428,0.168526,0.221314,0.0,0.0,0.0,0.0,0.0,0.0,0.018732,0.0,0.003164
2021-03-01,0.020039,0.0,0.083784,0.144828,0.076732,0.0,0.0,0.016861,0.0,0.0,0.0,0.0,0.107934,0.053939,0.0,0.0,0.048356,0.032595,0.168101,0.225567,0.0,0.0,0.0,0.0,0.0,0.0,0.018184,0.0,0.003081
2021-03-02,0.020121,0.0,0.083563,0.1445,0.076386,0.0,0.0,0.017145,0.0,0.0,0.0,0.0,0.108401,0.054236,0.0,0.0,0.047245,0.032334,0.167842,0.226735,0.0,0.0,0.0,0.0,0.0,0.0,0.01839,0.0,0.003103
2021-03-03,0.020383,0.0,0.084334,0.147345,0.078141,0.0,0.0,0.017551,0.0,0.0,0.0,0.0,0.108665,0.054807,0.0,0.0,0.0465,0.031856,0.165516,0.223128,0.0,0.0,0.0,0.0,0.0,0.0,0.018624,0.0,0.003151
2021-03-04,0.020769,0.0,0.086071,0.149338,0.079592,0.0,0.0,0.017907,0.0,0.0,0.0,0.0,0.110464,0.056269,0.0,0.0,0.045608,0.031926,0.165405,0.214287,0.0,0.0,0.0,0.0,0.0,0.0,0.019117,0.0,0.003247
2021-03-05,0.020135,0.0,0.086036,0.145474,0.076694,0.0,0.0,0.017847,0.0,0.0,0.0,0.0,0.111722,0.057026,0.0,0.0,0.046577,0.03171,0.165889,0.218696,0.0,0.0,0.0,0.0,0.0,0.0,0.018974,0.0,0.00322
2021-03-08,0.021047,0.0,0.086412,0.153982,0.077611,0.0,0.0,0.017982,0.0,0.0,0.0,0.0,0.113194,0.058171,0.0,0.0,0.044756,0.031866,0.163364,0.209178,0.0,0.0,0.0,0.0,0.0,0.0,0.019166,0.0,0.00327
2021-03-09,0.020696,0.0,0.085335,0.152086,0.076975,0.0,0.0,0.017919,0.0,0.0,0.0,0.0,0.111217,0.05677,0.0,0.0,0.046434,0.032562,0.163826,0.214146,0.0,0.0,0.0,0.0,0.0,0.0,0.018839,0.0,0.003194
2021-03-10,0.020688,0.0,0.085298,0.151847,0.076245,0.0,0.0,0.017906,0.0,0.0,0.0,0.0,0.111033,0.057287,0.0,0.0,0.045378,0.032326,0.165047,0.214915,0.0,0.0,0.0,0.0,0.0,0.0,0.01885,0.0,0.00318
2021-03-11,0.02046,0.0,0.082966,0.149813,0.076764,0.0,0.0,0.017726,0.0,0.0,0.0,0.0,0.109196,0.055863,0.0,0.0,0.046226,0.032543,0.16449,0.222402,0.0,0.0,0.0,0.0,0.0,0.0,0.018442,0.0,0.003109
2021-03-12,0.020435,0.0,0.08439,0.151226,0.075728,0.0,0.0,0.017421,0.0,0.0,0.0,0.0,0.10986,0.056541,0.0,0.0,0.045915,0.032367,0.165674,0.218952,0.0,0.0,0.0,0.0,0.0,0.0,0.018368,0.0,0.003121
2021-03-15,0.020441,0.0,0.084491,0.151627,0.075516,0.0,0.0,0.017292,0.0,0.0,0.0,0.0,0.110158,0.056554,0.0,0.0,0.046689,0.032504,0.166267,0.217006,0.0,0.0,0.0,0.0,0.0,0.0,0.018346,0.0,0.003109
2021-03-16,0.020589,0.0,0.084853,0.152074,0.076202,0.0,0.0,0.017451,0.0,0.0,0.0,0.0,0.110197,0.056676,0.0,0.0,0.047338,0.032316,0.165688,0.215101,0.0,0.0,0.0,0.0,0.0,0.0,0.018402,0.0,0.003111
2021-03-17,0.020404,0.0,0.085141,0.150209,0.075179,0.0,0.0,0.01718,0.0,0.0,0.0,0.0,0.109461,0.056418,0.0,0.0,0.047788,0.032353,0.166313,0.218124,0.0,0.0,0.0,0.0,0.0,0.0,0.01833,0.0,0.003101
2021-03-18,0.020742,0.0,0.086329,0.153334,0.076391,0.0,0.0,0.016894,0.0,0.0,0.0,0.0,0.110456,0.056819,0.0,0.0,0.046324,0.031649,0.164696,0.214824,0.0,0.0,0.0,0.0,0.0,0.0,0.018404,0.0,0.003136
2021-03-19,0.020512,0.0,0.086764,0.151607,0.075974,0.0,0.0,0.017301,0.0,0.0,0.0,0.0,0.110606,0.05689,0.0,0.0,0.046792,0.031823,0.165672,0.21453,0.0,0.0,0.0,0.0,0.0,0.0,0.018399,0.0,0.003129
2021-03-22,0.020594,0.0,0.086117,0.150096,0.07604,0.0,0.0,0.017324,0.0,0.0,0.0,0.0,0.111478,0.057444,0.0,0.0,0.047744,0.032351,0.165686,0.213527,0.0,0.0,0.0,0.0,0.0,0.0,0.018472,0.0,0.003127
2021-03-23,0.020938,0.0,0.086629,0.151889,0.076638,0.0,0.0,0.017579,0.0,0.0,0.0,0.0,0.112692,0.058909,0.0,0.0,0.047475,0.032766,0.16419,0.2082,0.0,0.0,0.0,0.0,0.0,0.0,0.018903,0.0,0.003193
2021-03-24,0.021135,0.0,0.086766,0.15348,0.076221,0.0,0.0,0.017617,0.0,0.0,0.0,0.0,0.113994,0.059426,0.0,0.0,0.047418,0.032444,0.163663,0.205409,0.0,0.0,0.0,0.0,0.0,0.0,0.019193,0.0,0.003234
2021-03-25,0.020802,0.0,0.087059,0.150967,0.075158,0.0,0.0,0.017339,0.0,0.0,0.0,0.0,0.113564,0.059528,0.0,0.0,0.047092,0.032132,0.165211,0.208913,0.0,0.0,0.0,0.0,0.0,0.0,0.019027,0.0,0.003208
2021-03-26,0.020588,0.0,0.086359,0.150754,0.074179,0.0,0.0,0.017387,0.0,0.0,0.0,0.0,0.113274,0.059304,0.0,0.0,0.048376,0.032035,0.165018,0.210954,0.0,0.0,0.0,0.0,0.0,0.0,0.018631,0.0,0.00314
2021-03-29,0.020804,0.0,0.086528,0.150374,0.07537,0.0,0.0,0.017333,0.0,0.0,0.0,0.0,0.114715,0.06038,0.0,0.0,0.048015,0.03203,0.16433,0.208228,0.0,0.0,0.0,0.0,0.0,0.0,0.018729,0.0,0.003165
2021-03-30,0.020777,0.0,0.085719,0.151112,0.075614,0.0,0.0,0.017264,0.0,0.0,0.0,0.0,0.113449,0.059613,0.0,0.0,0.047803,0.031719,0.164545,0.210568,0.0,0.0,0.0,0.0,0.0,0.0,0.018659,0.0,0.003159
2021-03-31,0.0,0.057116,0.047931,0.067582,0.07868,0.015116,0.0,0.07887,0.116169,0.057056,0.0,0.0,0.0,0.0,0.0,0.0,0.06939,0.03008,0.065653,0.083294,0.0,0.0,0.014456,0.158751,0.0,0.0,0.056601,0.0,0.003255
2021-04-01,0.0,0.057269,0.047729,0.067287,0.078682,0.01514,0.0,0.078203,0.116057,0.057742,0.0,0.0,0.0,0.0,0.0,0.0,0.070996,0.030089,0.06657,0.08407,0.0,0.0,0.014549,0.156388,0.0,0.0,0.056018,0.0,0.003211
2021-04-05,0.0,0.058003,0.048101,0.066998,0.078344,0.015108,0.0,0.077077,0.116464,0.056122,0.0,0.0,0.0,0.0,0.0,0.0,0.072117,0.030313,0.067549,0.084731,0.0,0.0,0.014449,0.155808,0.0,0.0,0.055618,0.0,0.003197
2021-04-06,0.0,0.057515,0.047403,0.067532,0.078968,0.015272,0.0,0.077329,0.116304,0.05601,0.0,0.0,0.0,0.0,0.0,0.0,0.071358,0.03051,0.067145,0.084141,0.0,0.0,0.014615,0.157014,0.0,0.0,0.055685,0.0,0.003199
2021-04-07,0.0,0.057851,0.047715,0.067187,0.078143,0.014888,0.0,0.076931,0.117304,0.056411,0.0,0.0,0.0,0.0,0.0,0.0,0.071573,0.030302,0.066766,0.082707,0.0,0.0,0.014662,0.158424,0.0,0.0,0.055925,0.0,0.003211
2021-04-08,0.0,0.057943,0.047509,0.066651,0.078325,0.015003,0.0,0.076997,0.116711,0.055379,0.0,0.0,0.0,0.0,0.0,0.0,0.072003,0.030543,0.067265,0.082909,0.0,0.0,0.014765,0.15905,0.0,0.0,0.055751,0.0,0.003194
2021-04-09,0.0,0.058085,0.047897,0.06701,0.07745,0.014798,0.0,0.076613,0.117859,0.055081,0.0,0.0,0.0,0.0,0.0,0.0,0.071865,0.03058,0.067581,0.082575,0.0,0.0,0.014652,0.159059,0.0,0.0,0.055699,0.0,0.003197
2021-04-12,0.0,0.05826,0.047965,0.067354,0.077678,0.014933,0.0,0.074366,0.119267,0.055064,0.0,0.0,0.0,0.0,0.0,0.0,0.071636,0.030949,0.067587,0.081895,0.0,0.0,0.01453,0.159162,0.0,0.0,0.056134,0.0,0.003221
2021-04-13,0.0,0.058265,0.047978,0.066992,0.077712,0.014872,0.0,0.074432,0.117438,0.054789,0.0,0.0,0.0,0.0,0.0,0.0,0.071091,0.0313,0.067764,0.083938,0.0,0.0,0.014737,0.159491,0.0,0.0,0.055999,0.0,0.003203
2021-04-14,0.0,0.057913,0.047578,0.067144,0.077777,0.01475,0.0,0.074808,0.117376,0.055945,0.0,0.0,0.0,0.0,0.0,0.0,0.069853,0.030928,0.067052,0.085079,0.0,0.0,0.014691,0.160288,0.0,0.0,0.055635,0.0,0.003182
2021-04-15,0.0,0.058144,0.047579,0.066808,0.077596,0.014731,0.0,0.074803,0.116726,0.05523,0.0,0.0,0.0,0.0,0.0,0.0,0.07069,0.031322,0.06776,0.084972,0.0,0.0,0.014895,0.159902,0.0,0.0,0.055674,0.0,0.003167
2021-04-16,0.0,0.05878,0.047591,0.067001,0.077884,0.014788,0.0,0.074899,0.11745,0.054739,0.0,0.0,0.0,0.0,0.0,0.0,0.070295,0.031105,0.068238,0.084147,0.0,0.0,0.014919,0.159393,0.0,0.0,0.055606,0.0,0.003164
2021-04-19,0.0,0.059021,0.0473,0.066561,0.077921,0.014834,0.0,0.0733,0.117529,0.054875,0.0,0.0,0.0,0.0,0.0,0.0,0.068687,0.031116,0.067434,0.087139,0.0,0.0,0.014903,0.160501,0.0,0.0,0.055704,0.0,0.003175
2021-04-20,0.0,0.058672,0.046824,0.066062,0.078188,0.014886,0.0,0.072987,0.116697,0.054054,0.0,0.0,0.0,0.0,0.0,0.0,0.06851,0.031002,0.066824,0.086272,0.0,0.0,0.015067,0.164344,0.0,0.0,0.056399,0.0,0.003212
2021-04-21,0.0,0.05861,0.046747,0.066113,0.077562,0.014853,0.0,0.072394,0.117116,0.054189,0.0,0.0,0.0,0.0,0.0,0.0,0.069595,0.03092,0.067347,0.086707,0.0,0.0,0.015375,0.163413,0.0,0.0,0.055881,0.0,0.003179
2021-04-22,0.0,0.058426,0.046844,0.067088,0.078071,0.014928,0.0,0.072765,0.115854,0.05357,0.0,0.0,0.0,0.0,0.0,0.0,0.068103,0.031014,0.067312,0.086318,0.0,0.0,0.015075,0.165483,0.0,0.0,0.055966,0.0,0.003181
2021-04-23,0.0,0.058413,0.04679,0.06621,0.077891,0.015007,0.0,0.072491,0.116844,0.05352,0.0,0.0,0.0,0.0,0.0,0.0,0.068652,0.030914,0.06735,0.087263,0.0,0.0,0.014881,0.165192,0.0,0.0,0.055434,0.0,0.003149
2021-04-26,0.0,0.058058,0.046192,0.066242,0.077298,0.014708,0.0,0.072894,0.116246,0.053393,0.0,0.0,0.0,0.0,0.0,0.0,0.069278,0.031421,0.067272,0.087048,0.0,0.0,0.014844,0.167024,0.0,0.0,0.054963,0.0,0.00312
2021-04-27,0.0,0.058081,0.045633,0.066444,0.077546,0.014775,0.0,0.073708,0.117173,0.054045,0.0,0.0,0.0,0.0,0.0,0.0,0.068765,0.031175,0.066557,0.086072,0.0,0.0,0.014901,0.16704,0.0,0.0,0.054964,0.0,0.00312
2021-04-28,0.0,0.058199,0.045569,0.066099,0.07777,0.014847,0.0,0.074486,0.117501,0.055846,0.0,0.0,0.0,0.0,0.0,0.0,0.067646,0.030741,0.066559,0.086686,0.0,0.0,0.01489,0.164969,0.0,0.0,0.055076,0.0,0.003117
2021-04-29,0.0,0.058154,0.04556,0.065724,0.07736,0.014753,0.0,0.074621,0.119465,0.056409,0.0,0.0,0.0,0.0,0.0,0.0,0.068011,0.030598,0.066051,0.086334,0.0,0.0,0.014783,0.164074,0.0,0.0,0.054991,0.0,0.003114
2021-04-30,0.0,0.016499,0.039302,0.115089,0.063193,0.0,0.0,0.110027,0.032504,0.077455,0.063762,0.0,0.055226,0.117734,0.0,0.0,0.119264,0.01118,0.0,0.0,0.0,0.0,0.0,0.0,0.0,0.071392,0.101715,0.0,0.005657
2021-05-03,0.0,0.016614,0.039536,0.114662,0.062824,0.0,0.0,0.110718,0.032474,0.079123,0.064042,0.0,0.055528,0.118005,0.0,0.0,0.117334,0.011047,0.0,0.0,0.0,0.0,0.0,0.0,0.0,0.071096,0.101372,0.0,0.005625
2021-05-04,0.0,0.016444,0.039297,0.113883,0.062176,0.0,0.0,0.109977,0.03295,0.079696,0.06475,0.0,0.055956,0.118179,0.0,0.0,0.116122,0.010968,0.0,0.0,0.0,0.0,0.0,0.0,0.0,0.071662,0.102279,0.0,0.005662
2021-05-05,0.0,0.016539,0.03943,0.114191,0.062264,0.0,0.0,0.110926,0.032935,0.081566,0.064258,0.0,0.055577,0.117085,0.0,0.0,0.11585,0.010771,0.0,0.0,0.0,0.0,0.0,0.0,0.0,0.071136,0.101859,0.0,0.005613
2021-05-06,0.0,0.016584,0.039559,0.11243,0.062389,0.0,0.0,0.111777,0.033266,0.081597,0.064398,0.0,0.055385,0.118033,0.0,0.0,0.116247,0.010662,0.0,0.0,0.0,0.0,0.0,0.0,0.0,0.07083,0.101257,0.0,0.005586
2021-05-07,0.0,0.016694,0.03942,0.112526,0.06276,0.0,0.0,0.112255,0.033161,0.082354,0.06453,0.0,0.055298,0.11704,0.0,0.0,0.116851,0.010694,0.0,0.0,0.0,0.0,0.0,0.0,0.0,0.070258,0.100618,0.0,0.005539
2021-05-10,0.0,0.016679,0.039606,0.113265,0.062141,0.0,0.0,0.111927,0.033358,0.08294,0.065026,0.0,0.055742,0.11873,0.0,0.0,0.112407,0.010671,0.0,0.0,0.0,0.0,0.0,0.0,0.0,0.070589,0.101343,0.0,0.005576
2021-05-11,0.0,0.016642,0.039301,0.111728,0.062043,0.0,0.0,0.113199,0.033076,0.081571,0.06467,0.0,0.055662,0.118808,0.0,0.0,0.113622,0.01088,0.0,0.0,0.0,0.0,0.0,0.0,0.0,0.071138,0.102029,0.0,0.005629
2021-05-12,0.0,0.016706,0.038533,0.113044,0.061862,0.0,0.0,0.111941,0.033235,0.083208,0.064081,0.0,0.055976,0.119009,0.0,0.0,0.110651,0.010764,0.0,0.0,0.0,0.0,0.0,0.0,0.0,0.071873,0.103403,0.0,0.005715
2021-05-13,0.0,0.016755,0.038649,0.111386,0.061183,0.0,0.0,0.112975,0.033594,0.081766,0.064941,0.0,0.056187,0.120056,0.0,0.0,0.111478,0.01072,0.0,0.0,0.0,0.0,0.0,0.0,0.0,0.071738,0.102889,0.0,0.005685
2021-05-14,0.0,0.016829,0.038719,0.111475,0.061243,0.0,0.0,0.112832,0.033656,0.083145,0.064936,0.0,0.055695,0.118927,0.0,0.0,0.11335,0.010845,0.0,0.0,0.0,0.0,0.0,0.0,0.0,0.070907,0.101834,0.0,0.005607
2021-05-17,0.0,0.016802,0.038351,0.111251,0.061066,0.0,0.0,0.113843,0.033679,0.084974,0.064662,0.0,0.055527,0.118621,0.0,0.0,0.11223,0.010722,0.0,0.0,0.0,0.0,0.0,0.0,0.0,0.070757,0.101915,0.0,0.0056
2021-05-18,0.0,0.01685,0.038911,0.111958,0.062262,0.0,0.0,0.11481,0.033274,0.083164,0.063845,0.0,0.055653,0.118483,0.0,0.0,0.111544,0.010778,0.0,0.0,0.0,0.0,0.0,0.0,0.0,0.070895,0.101962,0.0,0.005611
2021-05-19,0.0,0.016754,0.038917,0.110006,0.062043,0.0,0.0,0.115545,0.033243,0.081519,0.063818,0.0,0.055849,0.118715,0.0,0.0,0.114315,0.010784,0.0,0.0,0.0,0.0,0.0,0.0,0.0,0.071054,0.101798,0.0,0.005641
2021-05-20,0.0,0.016878,0.038959,0.110747,0.061985,0.0,0.0,0.114625,0.032996,0.080746,0.063452,0.0,0.055986,0.118858,0.0,0.0,0.116388,0.010899,0.0,0.0,0.0,0.0,0.0,0.0,0.0,0.070779,0.101107,0.0,0.005595
2021-05-21,0.0,0.016878,0.039151,0.111286,0.061515,0.0,0.0,0.114269,0.033305,0.080872,0.063726,0.0,0.055963,0.118808,0.0,0.0,0.11568,0.010958,0.0,0.0,0.0,0.0,0.0,0.0,0.0,0.070764,0.101233,0.0,0.005592
2021-05-24,0.0,0.016867,0.039047,0.110503,0.061396,0.0,0.0,0.114808,0.033229,0.081103,0.06367,0.0,0.055623,0.118321,0.0,0.0,0.117767,0.011013,0.0,0.0,0.0,0.0,0.0,0.0,0.0,0.070334,0.100766,0.0,0.005553
2021-05-25,0.0,0.016896,0.039004,0.110398,0.062086,0.0,0.0,0.114873,0.032936,0.079555,0.063559,0.0,0.055527,0.118502,0.0,0.0,0.118265,0.010982,0.0,0.0,0.0,0.0,0.0,0.0,0.0,0.070681,0.101176,0.0,0.00556
2021-05-26,0.0,0.016797,0.038974,0.110649,0.06232,0.0,0.0,0.115848,0.032935,0.080027,0.063574,0.0,0.055042,0.117904,0.0,0.0,0.118231,0.011114,0.0,0.0,0.0,0.0,0.0,0.0,0.0,0.070392,0.100649,0.0,0.005543
2021-05-27,0.0,0.016805,0.038903,0.111406,0.062327,0.0,0.0,0.116023,0.033228,0.079884,0.064279,0.0,0.054781,0.116874,0.0,0.0,0.118426,0.011063,0.0,0.0,0.0,0.0,0.0,0.0,0.0,0.07009,0.100383,0.0,0.005529
2021-05-28,0.0,0.016798,0.038967,0.111418,0.062591,0.0,0.0,0.115767,0.033193,0.079807,0.064094,0.0,0.054836,0.116785,0.0,0.0,0.119181,0.011011,0.0,0.0,0.0,0.0,0.0,0.0,0.0,0.069882,0.100157,0.0,0.005513
2021-05-31,0.029745,0.059809,0.0,0.038182,0.07102,0.0,0.0,0.0,0.068768,0.034428,0.0,0.024462,0.075074,0.010479,0.041342,0.026984,0.044421,0.056183,0.0,0.031312,0.127512,0.0,0.0,0.12807,0.0,0.0,0.127938,0.0,0.004271
2021-06-01,0.029538,0.059843,0.0,0.038153,0.07189,0.0,0.0,0.0,0.068696,0.035501,0.0,0.024262,0.073319,0.01037,0.040798,0.026662,0.043984,0.055448,0.0,0.031783,0.128892,0.0,0.0,0.129217,0.0,0.0,0.127405,0.0,0.00424
2021-06-02,0.029493,0.059728,0.0,0.038176,0.071772,0.0,0.0,0.0,0.068572,0.03604,0.0,0.023786,0.072928,0.010373,0.040874,0.026756,0.044103,0.055599,0.0,0.031807,0.129962,0.0,0.0,0.128988,0.0,0.0,0.126817,0.0,0.004225
2021-06-03,0.029503,0.059661,0.0,0.038404,0.07156,0.0,0.0,0.0,0.069144,0.036354,0.0,0.02362,0.073588,0.0105,0.041365,0.026665,0.043604,0.054837,0.0,0.031499,0.130256,0.0,0.0,0.128044,0.0,0.0,0.127144,0.0,0.004251
2021-06-04,0.02947,0.059663,0.0,0.038135,0.071419,0.0,0.0,0.0,0.068759,0.036299,0.0,0.023707,0.073222,0.010451,0.040965,0.026956,0.044299,0.054989,0.0,0.032164,0.129258,0.0,0.0,0.129313,0.0,0.0,0.126714,0.0,0.004216
2021-06-07,0.029464,0.059874,0.0,0.038334,0.070964,0.0,0.0,0.0,0.06824,0.036105,0.0,0.023568,0.073408,0.010422,0.040997,0.026922,0.043908,0.055604,0.0,0.031921,0.130645,0.0,0.0,0.129109,0.0,0.0,0.126303,0.0,0.004212
2021-06-08,0.029413,0.059798,0.0,0.038341,0.070567,0.0,0.0,0.0,0.067985,0.036376,0.0,0.023675,0.073098,0.010323,0.040601,0.026894,0.043608,0.056039,0.0,0.031699,0.13158,0.0,0.0,0.129507,0.0,0.0,0.12629,0.0,0.004206
2021-06-09,0.029502,0.059737,0.0,0.038512,0.070671,0.0,0.0,0.0,0.06739,0.036174,0.0,0.023239,0.073856,0.01028,0.040992,0.026931,0.043424,0.05599,0.0,0.031601,0.131847,0.0,0.0,0.129257,0.0,0.0,0.126387,0.0,0.00421
2021-06-10,0.029376,0.059502,0.0,0.038174,0.070641,0.0,0.0,0.0,0.066257,0.035939,0.0,0.02253,0.074727,0.010291,0.041045,0.026988,0.043693,0.056937,0.0,0.031907,0.132098,0.0,0.0,0.129326,0.0,0.0,0.126379,0.0,0.004188
2021-06-11,0.02941,0.059695,0.0,0.038478,0.070383,0.0,0.0,0.0,0.06668,0.035815,0.0,0.022753,0.074193,0.010296,0.041137,0.027147,0.043912,0.057169,0.0,0.032488,0.131566,0.0,0.0,0.128644,0.0,0.0,0.126047,0.0,0.004188
2021-06-14,0.029477,0.059939,0.0,0.038493,0.070884,0.0,0.0,0.0,0.066088,0.035714,0.0,0.0225,0.074372,0.010306,0.041287,0.027464,0.044604,0.057368,0.0,0.032454,0.132281,0.0,0.0,0.126404,0.0,0.0,0.126171,0.0,0.004193
2021-06-15,0.029616,0.060137,0.0,0.038332,0.070558,0.0,0.0,0.0,0.066422,0.036509,0.0,0.022685,0.074631,0.010313,0.041542,0.027382,0.044378,0.057226,0.0,0.032292,0.131277,0.0,0.0,0.125717,0.0,0.0,0.126777,0.0,0.004207
2021-06-16,0.029856,0.059942,0.0,0.038763,0.071002,0.0,0.0,0.0,0.06679,0.036555,0.0,0.022481,0.074836,0.010244,0.041188,0.027415,0.044252,0.057805,0.0,0.03123,0.131286,0.0,0.0,0.125662,0.0,0.0,0.126459,0.0,0.004234
2021-06-17,0.029833,0.059735,0.0,0.039038,0.071006,0.0,0.0,0.0,0.06519,0.035516,0.0,0.022767,0.075845,0.01034,0.041654,0.027892,0.044988,0.058934,0.0,0.031937,0.13188,0.0,0.0,0.12151,0.0,0.0,0.127673,0.0,0.004259
2021-06-18,0.029689,0.059095,0.0,0.038979,0.070848,0.0,0.0,0.0,0.064193,0.034775,0.0,0.023075,0.075655,0.010249,0.040938,0.027887,0.044307,0.058982,0.0,0.032386,0.130808,0.0,0.0,0.124963,0.0,0.0,0.128875,0.0,0.004297
2021-06-21,0.029643,0.059395,0.0,0.038792,0.070247,0.0,0.0,0.0,0.065053,0.035905,0.0,0.02315,0.07582,0.010265,0.041066,0.027912,0.044039,0.05846,0.0,0.032293,0.13221,0.0,0.0,0.124093,0.0,0.0,0.127403,0.0,0.004255
2021-06-22,0.029774,0.059385,0.0,0.038888,0.069908,0.0,0.0,0.0,0.065131,0.036127,0.0,0.023261,0.075949,0.010275,0.040798,0.028152,0.044226,0.059338,0.0,0.032231,0.131461,0.0,0.0,0.122799,0.0,0.0,0.128045,0.0,0.004253
2021-06-23,0.029775,0.059005,0.0,0.038898,0.070761,0.0,0.0,0.0,0.065244,0.036218,0.0,0.023019,0.075616,0.010209,0.040356,0.028114,0.044401,0.059061,0.0,0.032979,0.131203,0.0,0.0,0.122841,0.0,0.0,0.128047,0.0,0.004252
2021-06-24,0.029838,0.059383,0.0,0.039059,0.070972,0.0,0.0,0.0,0.065848,0.036414,0.0,0.022999,0.075763,0.010227,0.040189,0.028201,0.045012,0.059127,0.0,0.03279,0.130503,0.0,0.0,0.122038,0.0,0.0,0.127399,0.0,0.004239
2021-06-25,0.029807,0.059248,0.0,0.03918,0.071202,0.0,0.0,0.0,0.066355,0.036448,0.0,0.022924,0.07578,0.010261,0.040446,0.028047,0.044696,0.05906,0.0,0.033087,0.130817,0.0,0.0,0.121444,0.0,0.0,0.126979,0.0,0.00422
2021-06-28,0.029682,0.058635,0.0,0.038883,0.071008,0.0,0.0,0.0,0.065697,0.035124,0.0,0.023032,0.075696,0.010243,0.040598,0.028266,0.045643,0.059142,0.0,0.033502,0.130095,0.0,0.0,0.123708,0.0,0.0,0.126836,0.0,0.004209
2021-06-29,0.029813,0.058743,0.0,0.039033,0.070787,0.0,0.0,0.0,0.065547,0.034997,0.0,0.023252,0.075875,0.01021,0.039993,0.028508,0.046059,0.059117,0.0,0.033496,0.129903,0.0,0.0,0.123388,0.0,0.0,0.127065,0.0,0.004215
2021-06-30,0.03926,0.053788,0.0,0.041207,0.059577,0.0,0.0,0.075057,0.048563,0.0,0.037196,0.043117,0.0,0.019507,0.0,0.0,0.045994,0.074192,0.0,0.048745,0.134564,0.075742,0.013694,0.045381,0.0,0.0,0.134938,0.0,0.009478
2021-07-01,0.039333,0.054065,0.0,0.041333,0.058975,0.0,0.0,0.074759,0.048908,0.0,0.037432,0.043848,0.0,0.019433,0.0,0.0,0.045299,0.074196,0.0,0.048431,0.135038,0.075942,0.013621,0.044955,0.0,0.0,0.134961,0.0,0.009472
2021-07-02,0.039446,0.054067,0.0,0.041272,0.058696,0.0,0.0,0.075026,0.04872,0.0,0.037386,0.043479,0.0,0.019426,0.0,0.0,0.045449,0.07445,0.0,0.048304,0.135074,0.076229,0.013831,0.04454,0.0,0.0,0.135159,0.0,0.009444
2021-07-05,0.039593,0.054061,0.0,0.041367,0.058552,0.0,0.0,0.075018,0.048714,0.0,0.037382,0.043474,0.0,0.019424,0.0,0.0,0.045444,0.074442,0.0,0.048299,0.135058,0.07622,0.013829,0.044535,0.0,0.0,0.135144,0.0,0.009443
2021-07-06,0.039453,0.05383,0.0,0.041001,0.058165,0.0,0.0,0.074496,0.048049,0.0,0.037101,0.042918,0.0,0.019384,0.0,0.0,0.04546,0.075879,0.0,0.048903,0.136329,0.076758,0.013677,0.043362,0.0,0.0,0.135774,0.0,0.009462
2021-07-07,0.039465,0.053949,0.0,0.04095,0.057739,0.0,0.0,0.074604,0.047923,0.0,0.037321,0.043422,0.0,0.019409,0.0,0.0,0.044593,0.075877,0.0,0.05044,0.136258,0.076743,0.013628,0.043117,0.0,0.0,0.135138,0.0,0.009424
2021-07-08,0.039356,0.053693,0.0,0.040645,0.057034,0.0,0.0,0.074653,0.047347,0.0,0.037102,0.042347,0.0,0.019495,0.0,0.0,0.044381,0.076195,0.0,0.051116,0.136989,0.07732,0.01361,0.043152,0.0,0.0,0.136063,0.0,0.009502
2021-07-09,0.039395,0.053902,0.0,0.040694,0.057217,0.0,0.0,0.074498,0.048141,0.0,0.037245,0.042318,0.0,0.019377,0.0,0.0,0.044574,0.076086,0.0,0.052115,0.137605,0.076665,0.01355,0.042741,0.0,0.0,0.134485,0.0,0.00939
2021-07-12,0.039339,0.053867,0.0,0.040623,0.056994,0.0,0.0,0.074124,0.048347,0.0,0.037092,0.042037,0.0,0.01924,0.0,0.0,0.044899,0.074997,0.0,0.05407,0.138025,0.076151,0.013526,0.043228,0.0,0.0,0.134104,0.0,0.009338
2021-07-13,0.039593,0.053798,0.0,0.040742,0.057785,0.0,0.0,0.074212,0.048067,0.0,0.036919,0.041182,0.0,0.019332,0.0,0.0,0.044945,0.07514,0.0,0.05365,0.136783,0.076635,0.013483,0.043566,0.0,0.0,0.134781,0.0,0.009386
2021-07-14,0.039435,0.053843,0.0,0.040374,0.057688,0.0,0.0,0.074606,0.047806,0.0,0.036886,0.041193,0.0,0.019487,0.0,0.0,0.044702,0.074593,0.0,0.052329,0.137629,0.077397,0.013612,0.044014,0.0,0.0,0.13503,0.0,0.009378
2021-07-15,0.039295,0.053284,0.0,0.040033,0.05796,0.0,0.0,0.074801,0.04798,0.0,0.036971,0.041214,0.0,0.019575,0.0,0.0,0.043726,0.073992,0.0,0.053141,0.137902,0.077439,0.013645,0.044174,0.0,0.0,0.135489,0.0,0.009381
2021-07-16,0.039404,0.053279,0.0,0.040152,0.057889,0.0,0.0,0.074756,0.047638,0.0,0.036887,0.041164,0.0,0.019735,0.0,0.0,0.043059,0.074561,0.0,0.05175,0.138723,0.077195,0.013391,0.044588,0.0,0.0,0.136386,0.0,0.009443
2021-07-19,0.039068,0.052801,0.0,0.039659,0.057324,0.0,0.0,0.074906,0.046844,0.0,0.036535,0.041491,0.0,0.019905,0.0,0.0,0.043515,0.075315,0.0,0.051265,0.137775,0.078184,0.013273,0.044566,0.0,0.0,0.138023,0.0,0.009552
2021-07-20,0.038948,0.052451,0.0,0.039792,0.056737,0.0,0.0,0.074459,0.047404,0.0,0.037087,0.042002,0.0,0.019661,0.0,0.0,0.043556,0.075826,0.0,0.052218,0.139263,0.077106,0.013023,0.04476,0.0,0.0,0.136276,0.0,0.009431
2021-07-21,0.03901,0.053007,0.0,0.040044,0.056456,0.0,0.0,0.07397,0.047818,0.0,0.037128,0.042321,0.0,0.019448,0.0,0.0,0.044519,0.075584,0.0,0.054159,0.138086,0.076177,0.01307,0.045059,0.0,0.0,0.134791,0.0,0.009352
2021-07-22,0.039104,0.05305,0.0,0.039958,0.056776,0.0,0.0,0.074344,0.047256,0.0,0.036961,0.042034,0.0,0.019398,0.0,0.0,0.044219,0.076522,0.0,0.054247,0.136876,0.076262,0.013138,0.045454,0.0,0.0,0.135056,0.0,0.009345
2021-07-23,0.039357,0.053325,0.0,0.04011,0.055723,0.0,0.0,0.074223,0.047173,0.0,0.036992,0.043011,0.0,0.019565,0.0,0.0,0.044293,0.077228,0.0,0.053123,0.137539,0.075764,0.012976,0.045084,0.0,0.0,0.1352,0.0,0.009313
2021-07-26,0.039406,0.053481,0.0,0.040093,0.054801,0.0,0.0,0.07464,0.047404,0.0,0.036941,0.042495,0.0,0.01958,0.0,0.0,0.044267,0.076707,0.0,0.053154,0.137481,0.075516,0.01297,0.046096,0.0,0.0,0.135662,0.0,0.009305
2021-07-27,0.039374,0.053727,0.0,0.039887,0.053587,0.0,0.0,0.07426,0.047714,0.0,0.036988,0.042889,0.0,0.019755,0.0,0.0,0.043751,0.076696,0.0,0.051109,0.139202,0.076158,0.012835,0.046145,0.0,0.0,0.136555,0.0,0.009368
2021-07-28,0.039332,0.053684,0.0,0.040069,0.054726,0.0,0.0,0.074053,0.047366,0.0,0.036684,0.042372,0.0,0.019466,0.0,0.0,0.044202,0.076741,0.0,0.052981,0.137897,0.076089,0.012875,0.045943,0.0,0.0,0.136206,0.0,0.009312
2021-07-29,0.039296,0.053662,0.0,0.040075,0.055021,0.0,0.0,0.073801,0.047499,0.0,0.036673,0.043553,0.0,0.019403,0.0,0.0,0.044739,0.076352,0.0,0.054231,0.136806,0.07631,0.013074,0.045405,0.0,0.0,0.134864,0.0,0.009236
2021-07-30,0.066589,0.016259,0.0,0.060974,0.016015,0.0,0.0,0.090006,0.046707,0.051403,0.02577,0.019553,0.107447,0.036414,0.0,0.09318,0.034516,0.016383,0.0,0.0,0.144553,0.0,0.0,0.025148,0.0,0.0,0.144352,0.0,0.00473
2021-08-02,0.066954,0.016332,0.0,0.06118,0.016184,0.0,0.0,0.090129,0.046711,0.051008,0.025588,0.019582,0.107572,0.036254,0.0,0.092828,0.034728,0.016453,0.0,0.0,0.144211,0.0,0.0,0.025183,0.0,0.0,0.144375,0.0,0.004729
2021-08-03,0.066259,0.016343,0.0,0.060544,0.015988,0.0,0.0,0.091642,0.046927,0.051544,0.025753,0.019706,0.108357,0.036179,0.0,0.092814,0.034764,0.016356,0.0,0.0,0.143447,0.0,0.0,0.025113,0.0,0.0,0.143566,0.0,0.004698
2021-08-04,0.066684,0.016385,0.0,0.060882,0.016212,0.0,0.0,0.091656,0.046694,0.050321,0.025491,0.019497,0.108268,0.035832,0.0,0.093322,0.035239,0.016446,0.0,0.0,0.143494,0.0,0.0,0.025079,0.0,0.0,0.143784,0.0,0.004714
2021-08-05,0.066682,0.016396,0.0,0.060992,0.016171,0.0,0.0,0.091944,0.047093,0.050663,0.025496,0.019534,0.107339,0.035843,0.0,0.093415,0.035087,0.016398,0.0,0.0,0.144523,0.0,0.0,0.0251,0.0,0.0,0.142631,0.0,0.004692
2021-08-06,0.066655,0.016312,0.0,0.061354,0.015979,0.0,0.0,0.091292,0.048059,0.051143,0.025622,0.019393,0.107282,0.035853,0.0,0.093364,0.034923,0.016145,0.0,0.0,0.144309,0.0,0.0,0.025268,0.0,0.0,0.142353,0.0,0.004694
2021-08-09,0.066824,0.016337,0.0,0.061406,0.01612,0.0,0.0,0.091001,0.048297,0.050536,0.025579,0.019334,0.107941,0.036068,0.0,0.093277,0.034884,0.016228,0.0,0.0,0.14387,0.0,0.0,0.025165,0.0,0.0,0.142426,0.0,0.004705
2021-08-10,0.066846,0.016378,0.0,0.061745,0.016101,0.0,0.0,0.091018,0.048793,0.051413,0.025833,0.019579,0.107662,0.036317,0.0,0.092582,0.03447,0.016035,0.0,0.0,0.142467,0.0,0.0,0.025534,0.0,0.0,0.142522,0.0,0.004703
2021-08-11,0.066843,0.016446,0.0,0.061419,0.016064,0.0,0.0,0.091467,0.049218,0.051675,0.026096,0.020068,0.106303,0.036338,0.0,0.09234,0.034258,0.015928,0.0,0.0,0.142913,0.0,0.0,0.025571,0.0,0.0,0.142363,0.0,0.00469
2021-08-12,0.066823,0.016414,0.0,0.061482,0.015921,0.0,0.0,0.091432,0.049223,0.051536,0.026003,0.019882,0.10696,0.036257,0.0,0.092713,0.033833,0.016106,0.0,0.0,0.142981,0.0,0.0,0.025741,0.0,0.0,0.142012,0.0,0.004682
2021-08-13,0.066912,0.016491,0.0,0.061188,0.015814,0.0,0.0,0.091906,0.048716,0.050782,0.025847,0.019812,0.107321,0.036455,0.0,0.092952,0.033948,0.016132,0.0,0.0,0.143351,0.0,0.0,0.025734,0.0,0.0,0.141969,0.0,0.004669
2021-08-16,0.066576,0.016396,0.0,0.060804,0.015672,0.0,0.0,0.092389,0.048571,0.049828,0.025926,0.019902,0.1085,0.036652,0.0,0.093337,0.033809,0.015962,0.0,0.0,0.143122,0.0,0.0,0.025831,0.0,0.0,0.142058,0.0,0.004667
2021-08-17,0.066699,0.016331,0.0,0.060482,0.015509,0.0,0.0,0.092525,0.048427,0.049516,0.02575,0.019276,0.110231,0.036821,0.0,0.09294,0.03329,0.015934,0.0,0.0,0.143557,0.0,0.0,0.025776,0.0,0.0,0.142251,0.0,0.004685
2021-08-18,0.067119,0.01641,0.0,0.061466,0.015715,0.0,0.0,0.092424,0.048195,0.048853,0.025662,0.019379,0.10938,0.036638,0.0,0.092355,0.033099,0.015915,0.0,0.0,0.14333,0.0,0.0,0.025985,0.0,0.0,0.143354,0.0,0.004721
2021-08-19,0.066502,0.016258,0.0,0.060297,0.015379,0.0,0.0,0.092307,0.047954,0.047701,0.025545,0.019366,0.110144,0.037024,0.0,0.093486,0.033452,0.016034,0.0,0.0,0.144375,0.0,0.0,0.025684,0.0,0.0,0.14376,0.0,0.004732
2021-08-20,0.066518,0.016269,0.0,0.060403,0.015266,0.0,0.0,0.092854,0.04801,0.047569,0.025485,0.019629,0.110223,0.036901,0.0,0.094222,0.033537,0.016114,0.0,0.0,0.144379,0.0,0.0,0.025302,0.0,0.0,0.142606,0.0,0.00471
2021-08-23,0.066881,0.016301,0.0,0.060663,0.015341,0.0,0.0,0.092368,0.048079,0.049019,0.025521,0.019435,0.10952,0.036537,0.0,0.094795,0.034249,0.016224,0.0,0.0,0.143137,0.0,0.0,0.025278,0.0,0.0,0.141975,0.0,0.004677
2021-08-24,0.066866,0.016274,0.0,0.060981,0.015724,0.0,0.0,0.092709,0.048257,0.049717,0.025589,0.019657,0.10888,0.036175,0.0,0.094466,0.034169,0.016565,0.0,0.0,0.142173,0.0,0.0,0.025486,0.0,0.0,0.141644,0.0,0.004666
2021-08-25,0.066841,0.016263,0.0,0.061357,0.015709,0.0,0.0,0.092524,0.048728,0.049997,0.025703,0.019819,0.108366,0.036043,0.0,0.094224,0.03436,0.016756,0.0,0.0,0.141795,0.0,0.0,0.025554,0.0,0.0,0.141306,0.0,0.004657
2021-08-26,0.066844,0.016222,0.0,0.061205,0.015669,0.0,0.0,0.092682,0.048655,0.049407,0.025678,0.019617,0.108312,0.036,0.0,0.093953,0.03451,0.016876,0.0,0.0,0.142335,0.0,0.0,0.025549,0.0,0.0,0.141813,0.0,0.004673
2021-08-27,0.066525,0.016238,0.0,0.06125,0.01563,0.0,0.0,0.093727,0.048797,0.050207,0.025591,0.019727,0.107088,0.035758,0.0,0.093892,0.03481,0.016864,0.0,0.0,0.142361,0.0,0.0,0.025486,0.0,0.0,0.141423,0.0,0.004625
2021-08-30,0.066322,0.016189,0.0,0.061189,0.015582,0.0,0.0,0.094305,0.047962,0.049465,0.025484,0.019614,0.107364,0.035808,0.0,0.094613,0.034773,0.016904,0.0,0.0,0.143346,0.0,0.0,0.0255,0.0,0.0,0.14097,0.0,0.004611
2021-08-31,0.065914,0.066005,0.0,0.014983,0.0,0.0,0.020122,0.0,0.029133,0.0,0.109358,0.0,0.073469,0.073293,0.0,0.088045,0.028549,0.029595,0.0,0.082982,0.147609,0.0,0.0,0.010305,0.0,0.073078,0.073751,0.0,0.01381
2021-09-01,0.066028,0.066361,0.0,0.014968,0.0,0.0,0.020228,0.0,0.028919,0.0,0.108764,0.0,0.073371,0.073559,0.0,0.087925,0.028347,0.029616,0.0,0.081493,0.149731,0.0,0.0,0.01025,0.0,0.07299,0.073664,0.0,0.013787
2021-09-02,0.066029,0.06648,0.0,0.01506,0.0,0.0,0.019775,0.0,0.028921,0.0,0.10957,0.0,0.073912,0.073598,0.0,0.08754,0.028359,0.029792,0.0,0.080692,0.15002,0.0,0.0,0.010227,0.0,0.072836,0.073448,0.0,0.01374
2021-09-03,0.066143,0.066367,0.0,0.015019,0.0,0.0,0.019757,0.0,0.028793,0.0,0.109104,0.0,0.07413,0.073642,0.0,0.088049,0.028624,0.030058,0.0,0.079709,0.150323,0.0,0.0,0.01024,0.0,0.072795,0.073481,0.0,0.013765
2021-09-06,0.066447,0.066338,0.0,0.015117,0.0,0.0,0.019748,0.0,0.02878,0.0,0.109056,0.0,0.074097,0.07361,0.0,0.088011,0.028612,0.030045,0.0,0.079675,0.150258,0.0,0.0,0.010236,0.0,0.072764,0.073449,0.0,0.013758
2021-09-07,0.066253,0.066359,0.0,0.015099,0.0,0.0,0.019952,0.0,0.028726,0.0,0.107616,0.0,0.073972,0.073065,0.0,0.088401,0.028625,0.029843,0.0,0.082521,0.149185,0.0,0.0,0.010214,0.0,0.07278,0.073572,0.0,0.013816
2021-09-08,0.066039,0.065827,0.0,0.014972,0.0,0.0,0.018858,0.0,0.028727,0.0,0.108024,0.0,0.074118,0.073873,0.0,0.088276,0.028327,0.029743,0.0,0.081689,0.150296,0.0,0.0,0.010174,0.0,0.073157,0.074049,0.0,0.01385
2021-09-09,0.066417,0.065828,0.0,0.015106,0.0,0.0,0.019533,0.0,0.028899,0.0,0.107828,0.0,0.073487,0.07367,0.0,0.088211,0.028514,0.02977,0.0,0.082778,0.147692,0.0,0.0,0.010118,0.0,0.073588,0.074668,0.0,0.013892
2021-09-10,0.066521,0.06603,0.0,0.015119,0.0,0.0,0.019359,0.0,0.028856,0.0,0.107985,0.0,0.073249,0.073792,0.0,0.087863,0.028912,0.029547,0.0,0.083557,0.1464,0.0,0.0,0.010135,0.0,0.073794,0.074905,0.0,0.013976
2021-09-13,0.066194,0.066355,0.0,0.01512,0.0,0.0,0.019761,0.0,0.029161,0.0,0.108176,0.0,0.072734,0.073912,0.0,0.087814,0.029163,0.029539,0.0,0.082092,0.147262,0.0,0.0,0.010099,0.0,0.073817,0.074839,0.0,0.013962
2021-09-14,0.066256,0.066207,0.0,0.015066,0.0,0.0,0.019573,0.0,0.02878,0.0,0.106913,0.0,0.07275,0.0736,0.0,0.087734,0.029175,0.029555,0.0,0.084221,0.147054,0.0,0.0,0.010119,0.0,0.074122,0.074907,0.0,0.013967
2021-09-15,0.065746,0.065914,0.0,0.01499,0.0,0.0,0.019378,0.0,0.028924,0.0,0.107594,0.0,0.072888,0.073529,0.0,0.088097,0.029209,0.029565,0.0,0.084978,0.146847,0.0,0.0,0.010176,0.0,0.073658,0.074605,0.0,0.013902
2021-09-16,0.066017,0.066179,0.0,0.015119,0.0,0.0,0.019145,0.0,0.028968,0.0,0.107333,0.0,0.073026,0.073611,0.0,0.088541,0.029395,0.029795,0.0,0.082493,0.147626,0.0,0.0,0.010216,0.0,0.073753,0.074816,0.0,0.013964
2021-09-17,0.066256,0.065653,0.0,0.015203,0.0,0.0,0.01877,0.0,0.029071,0.0,0.107049,0.0,0.073689,0.073804,0.0,0.087867,0.029161,0.029738,0.0,0.082617,0.14749,0.0,0.0,0.010216,0.0,0.074133,0.075205,0.0,0.014077
2021-09-20,0.065974,0.065301,0.0,0.015127,0.0,0.0,0.01848,0.0,0.028806,0.0,0.107345,0.0,0.07397,0.074119,0.0,0.087509,0.028848,0.029643,0.0,0.079694,0.1487,0.0,0.0,0.010263,0.0,0.075581,0.076359,0.0,0.014279
2021-09-21,0.066255,0.065821,0.0,0.015225,0.0,0.0,0.018801,0.0,0.028697,0.0,0.106523,0.0,0.073904,0.073856,0.0,0.087332,0.028864,0.02956,0.0,0.080803,0.148411,0.0,0.0,0.010227,0.0,0.075354,0.076122,0.0,0.014246
2021-09-22,0.066106,0.065879,0.0,0.015255,0.0,0.0,0.018916,0.0,0.028926,0.0,0.106446,0.0,0.073392,0.07343,0.0,0.087769,0.02921,0.029717,0.0,0.081864,0.148568,0.0,0.0,0.010233,0.0,0.074777,0.075392,0.0,0.014122
2021-09-23,0.066284,0.066304,0.0,0.015306,0.0,0.0,0.019044,0.0,0.029431,0.0,0.107333,0.0,0.073412,0.073193,0.0,0.088331,0.029395,0.029792,0.0,0.082413,0.147254,0.0,0.0,0.010288,0.0,0.073589,0.074604,0.0,0.014024
2021-09-24,0.066203,0.065771,0.0,0.015333,0.0,0.0,0.018846,0.0,0.029699,0.0,0.107967,0.0,0.073392,0.073504,0.0,0.088731,0.029473,0.029918,0.0,0.082174,0.146236,0.0,0.0,0.010327,0.0,0.073647,0.074702,0.0,0.014077
2021-09-27,0.066533,0.065948,0.0,0.015521,0.0,0.0,0.018874,0.0,0.030228,0.0,0.108524,0.0,0.072648,0.073475,0.0,0.088236,0.029524,0.029748,0.0,0.082486,0.144869,0.0,0.0,0.010448,0.0,0.073756,0.075048,0.0,0.014135
2021-09-28,0.066283,0.065483,0.0,0.015506,0.0,0.0,0.018495,0.0,0.030229,0.0,0.109074,0.0,0.072606,0.073831,0.0,0.087063,0.028847,0.029233,0.0,0.081149,0.146313,0.0,0.0,0.010657,0.0,0.074712,0.076145,0.0,0.014373
2021-09-29,0.066307,0.065169,0.0,0.015473,0.0,0.0,0.018586,0.0,0.030213,0.0,0.10905,0.0,0.073083,0.074403,0.0,0.086839,0.028354,0.029123,0.0,0.080407,0.147216,0.0,0.0,0.010643,0.0,0.074692,0.076087,0.0,0.014354
2021-09-30,0.104439,0.035261,0.0,0.0,0.0,0.0,0.017312,0.117023,0.0,0.0,0.0,0.015313,0.076568,0.030424,0.0319,0.055645,0.015449,0.056168,0.011087,0.139501,0.140037,0.0,0.0,0.0,0.0,0.0,0.139642,0.0,0.01423
2021-10-01,0.103482,0.035322,0.0,0.0,0.0,0.0,0.017743,0.117597,0.0,0.0,0.0,0.015297,0.076241,0.030367,0.031756,0.056229,0.01539,0.056707,0.010901,0.137806,0.141379,0.0,0.0,0.0,0.0,0.0,0.139616,0.0,0.014168
2021-10-04,0.103625,0.035526,0.0,0.0,0.0,0.0,0.01738,0.11831,0.0,0.0,0.0,0.015416,0.075906,0.030603,0.032548,0.055531,0.015158,0.056159,0.010609,0.1348,0.142963,0.0,0.0,0.0,0.0,0.0,0.141142,0.0,0.014322
2021-10-05,0.104376,0.035386,0.0,0.0,0.0,0.0,0.017125,0.118661,0.0,0.0,0.0,0.015306,0.075689,0.030488,0.032182,0.055828,0.015252,0.056332,0.010661,0.137741,0.140732,0.0,0.0,0.0,0.0,0.0,0.140044,0.0,0.014196
2021-10-06,0.103133,0.035213,0.0,0.0,0.0,0.0,0.017234,0.117703,0.0,0.0,0.0,0.015424,0.075675,0.030834,0.032734,0.056284,0.015337,0.056908,0.01067,0.13613,0.142309,0.0,0.0,0.0,0.0,0.0,0.140196,0.0,0.014218
2021-10-07,0.104721,0.035144,0.0,0.0,0.0,0.0,0.016987,0.11729,0.0,0.0,0.0,0.015506,0.07596,0.030681,0.032254,0.056266,0.015371,0.057265,0.010696,0.137652,0.141358,0.0,0.0,0.0,0.0,0.0,0.138764,0.0,0.014086
2021-10-08,0.104886,0.035363,0.0,0.0,0.0,0.0,0.017421,0.117854,0.0,0.0,0.0,0.01546,0.076004,0.030818,0.032197,0.056371,0.015299,0.057151,0.010692,0.135935,0.14081,0.0,0.0,0.0,0.0,0.0,0.139576,0.0,0.014165
2021-10-11,0.105274,0.035188,0.0,0.0,0.0,0.0,0.01725,0.117632,0.0,0.0,0.0,0.015461,0.075484,0.030839,0.03179,0.056113,0.015211,0.057057,0.010633,0.136965,0.141302,0.0,0.0,0.0,0.0,0.0,0.139624,0.0,0.014177
2021-10-12,0.104123,0.035284,0.0,0.0,0.0,0.0,0.017186,0.11799,0.0,0.0,0.0,0.015504,0.075026,0.030815,0.031965,0.055755,0.015003,0.057721,0.010693,0.136086,0.142978,0.0,0.0,0.0,0.0,0.0,0.139715,0.0,0.014158
2021-10-13,0.102786,0.035357,0.0,0.0,0.0,0.0,0.017244,0.118015,0.0,0.0,0.0,0.0154,0.074199,0.030483,0.03193,0.055389,0.014899,0.058183,0.010695,0.140659,0.142203,0.0,0.0,0.0,0.0,0.0,0.138579,0.0,0.01398
2021-10-14,0.10342,0.035337,0.0,0.0,0.0,0.0,0.016994,0.117688,0.0,0.0,0.0,0.015639,0.074399,0.030472,0.031951,0.055988,0.015185,0.058591,0.01089,0.140087,0.142282,0.0,0.0,0.0,0.0,0.0,0.137256,0.0,0.01382
2021-10-15,0.1039,0.035456,0.0,0.0,0.0,0.0,0.017335,0.117409,0.0,0.0,0.0,0.015478,0.074457,0.030273,0.031727,0.056203,0.015223,0.058381,0.011012,0.141333,0.141586,0.0,0.0,0.0,0.0,0.0,0.136463,0.0,0.013763
2021-10-18,0.103518,0.035136,0.0,0.0,0.0,0.0,0.01705,0.116951,0.0,0.0,0.0,0.015664,0.073619,0.029958,0.031282,0.056424,0.015277,0.058819,0.010899,0.144829,0.141308,0.0,0.0,0.0,0.0,0.0,0.135565,0.0,0.0137
2021-10-19,0.104086,0.035252,0.0,0.0,0.0,0.0,0.01626,0.11622,0.0,0.0,0.0,0.015604,0.074414,0.029902,0.031603,0.056853,0.015429,0.058727,0.010955,0.145052,0.141048,0.0,0.0,0.0,0.0,0.0,0.134926,0.0,0.013668
2021-10-20,0.103999,0.03522,0.0,0.0,0.0,0.0,0.016287,0.115274,0.0,0.0,0.0,0.015792,0.075102,0.029926,0.031942,0.056413,0.01532,0.0586,0.010848,0.144623,0.142556,0.0,0.0,0.0,0.0,0.0,0.134496,0.0,0.0136
2021-10-21,0.103916,0.035272,0.0,0.0,0.0,0.0,0.01553,0.114679,0.0,0.0,0.0,0.015813,0.075529,0.029937,0.031994,0.056723,0.0155,0.059104,0.010776,0.143603,0.142985,0.0,0.0,0.0,0.0,0.0,0.135019,0.0,0.013621
2021-10-22,0.104079,0.03544,0.0,0.0,0.0,0.0,0.015519,0.113661,0.0,0.0,0.0,0.015792,0.075831,0.030168,0.032155,0.056524,0.015325,0.059002,0.010773,0.143173,0.143651,0.0,0.0,0.0,0.0,0.0,0.135286,0.0,0.01362
2021-10-25,0.103669,0.035031,0.0,0.0,0.0,0.0,0.015969,0.112713,0.0,0.0,0.0,0.015783,0.07532,0.029908,0.031762,0.056259,0.015308,0.058906,0.010808,0.147549,0.142968,0.0,0.0,0.0,0.0,0.0,0.134535,0.0,0.013512
2021-10-26,0.104077,0.035121,0.0,0.0,0.0,0.0,0.015586,0.113738,0.0,0.0,0.0,0.015683,0.075599,0.029976,0.031894,0.056349,0.015301,0.058276,0.010706,0.146174,0.143185,0.0,0.0,0.0,0.0,0.0,0.13484,0.0,0.013495
2021-10-27,0.104091,0.035154,0.0,0.0,0.0,0.0,0.015697,0.113706,0.0,0.0,0.0,0.015682,0.075311,0.029924,0.031812,0.056533,0.015254,0.058002,0.010571,0.146115,0.14256,0.0,0.0,0.0,0.0,0.0,0.136037,0.0,0.013551
2021-10-28,0.104091,0.035373,0.0,0.0,0.0,0.0,0.015371,0.111976,0.0,0.0,0.0,0.015824,0.075577,0.029885,0.031868,0.056827,0.015523,0.058172,0.010773,0.147189,0.143858,0.0,0.0,0.0,0.0,0.0,0.134208,0.0,0.013485
2021-10-29,0.04615,0.0,0.036045,0.044244,0.0,0.0,0.0,0.127113,0.080821,0.0,0.0,0.0,0.047969,0.078666,0.0,0.029474,0.0,0.086109,0.01113,0.126808,0.028753,0.017051,0.0,0.109588,0.0,0.063178,0.063084,0.0,0.003817
2021-11-01,0.046163,0.0,0.036415,0.044638,0.0,0.0,0.0,0.128068,0.08048,0.0,0.0,0.0,0.047685,0.078416,0.0,0.029291,0.0,0.085576,0.011313,0.126553,0.028759,0.017059,0.0,0.110371,0.0,0.062875,0.062538,0.0,0.003798
2021-11-02,0.046159,0.0,0.036283,0.044548,0.0,0.0,0.0,0.127829,0.08048,0.0,0.0,0.0,0.047866,0.078748,0.0,0.029476,0.0,0.085713,0.011335,0.126761,0.028824,0.01698,0.0,0.109703,0.0,0.062873,0.062632,0.0,0.003789
2021-11-03,0.046036,0.0,0.036398,0.04475,0.0,0.0,0.0,0.127898,0.080546,0.0,0.0,0.0,0.048009,0.079253,0.0,0.029562,0.0,0.085765,0.011398,0.126846,0.028837,0.01679,0.0,0.109274,0.0,0.062495,0.062364,0.0,0.003778
2021-11-04,0.046181,0.0,0.036508,0.044815,0.0,0.0,0.0,0.127349,0.079167,0.0,0.0,0.0,0.047483,0.079005,0.0,0.029902,0.0,0.086515,0.011582,0.128788,0.028446,0.016911,0.0,0.108491,0.0,0.062576,0.062519,0.0,0.003762
2021-11-05,0.046466,0.0,0.036551,0.045199,0.0,0.0,0.0,0.128258,0.079198,0.0,0.0,0.0,0.046948,0.079453,0.0,0.030053,0.0,0.086253,0.011575,0.127006,0.028588,0.01713,0.0,0.107918,0.0,0.062911,0.06273,0.0,0.003761
2021-11-08,0.046128,0.0,0.036215,0.044946,0.0,0.0,0.0,0.129134,0.07907,0.0,0.0,0.0,0.046893,0.078264,0.0,0.030001,0.0,0.087032,0.011516,0.130065,0.028363,0.01707,0.0,0.106877,0.0,0.062197,0.062493,0.0,0.003735
2021-11-09,0.04606,0.0,0.036072,0.044737,0.0,0.0,0.0,0.128287,0.078822,0.0,0.0,0.0,0.04683,0.078718,0.0,0.029948,0.0,0.087627,0.011427,0.128514,0.028479,0.017194,0.0,0.107907,0.0,0.062629,0.063005,0.0,0.003744
2021-11-10,0.046313,0.0,0.03574,0.045163,0.0,0.0,0.0,0.128506,0.079197,0.0,0.0,0.0,0.04727,0.079471,0.0,0.029646,0.0,0.086718,0.011029,0.126095,0.028531,0.017494,0.0,0.10934,0.0,0.062498,0.063222,0.0,0.003768
2021-11-11,0.04582,0.0,0.035731,0.04493,0.0,0.0,0.0,0.128161,0.078933,0.0,0.0,0.0,0.046846,0.078935,0.0,0.029604,0.0,0.086568,0.010985,0.129813,0.028405,0.017486,0.0,0.10929,0.0,0.061919,0.062829,0.0,0.003745
2021-11-12,0.045798,0.0,0.036051,0.044772,0.0,0.0,0.0,0.129016,0.078682,0.0,0.0,0.0,0.046823,0.078507,0.0,0.029802,0.0,0.087328,0.011093,0.129029,0.02823,0.017424,0.0,0.10953,0.0,0.061712,0.062479,0.0,0.003725
2021-11-15,0.04612,0.0,0.03618,0.045144,0.0,0.0,0.0,0.129205,0.07903,0.0,0.0,0.0,0.046739,0.079234,0.0,0.029903,0.0,0.086355,0.011023,0.126164,0.028554,0.017474,0.0,0.110627,0.0,0.061742,0.062765,0.0,0.003741
2021-11-16,0.046235,0.0,0.036149,0.045377,0.0,0.0,0.0,0.128409,0.079043,0.0,0.0,0.0,0.04699,0.078827,0.0,0.030253,0.0,0.087487,0.011082,0.125321,0.028398,0.017367,0.0,0.110811,0.0,0.061759,0.062746,0.0,0.003745
2021-11-17,0.046055,0.0,0.035992,0.045107,0.0,0.0,0.0,0.128052,0.078121,0.0,0.0,0.0,0.047048,0.078638,0.0,0.030156,0.0,0.08686,0.011051,0.126217,0.028481,0.017523,0.0,0.112127,0.0,0.061969,0.062859,0.0,0.003745
2021-11-18,0.046194,0.0,0.036182,0.04504,0.0,0.0,0.0,0.127498,0.077935,0.0,0.0,0.0,0.047191,0.078566,0.0,0.030538,0.0,0.086543,0.011159,0.126161,0.028562,0.017513,0.0,0.111924,0.0,0.062173,0.063066,0.0,0.003755
2021-11-19,0.046257,0.0,0.036296,0.045025,0.0,0.0,0.0,0.127079,0.077173,0.0,0.0,0.0,0.046959,0.078373,0.0,0.030796,0.0,0.085888,0.011152,0.127651,0.028426,0.017399,0.0,0.112332,0.0,0.062412,0.063022,0.0,0.003759
2021-11-22,0.046391,0.0,0.036205,0.045293,0.0,0.0,0.0,0.125002,0.07847,0.0,0.0,0.0,0.046872,0.079204,0.0,0.030534,0.0,0.083661,0.010933,0.130309,0.028361,0.017055,0.0,0.113137,0.0,0.062121,0.062681,0.0,0.003769
2021-11-23,0.045888,0.0,0.036281,0.044582,0.0,0.0,0.0,0.126716,0.079775,0.0,0.0,0.0,0.046966,0.079803,0.0,0.030492,0.0,0.082668,0.010809,0.128195,0.028618,0.016923,0.0,0.114087,0.0,0.061924,0.062498,0.0,0.003772
2021-11-24,0.045958,0.0,0.035836,0.044896,0.0,0.0,0.0,0.125113,0.079592,0.0,0.0,0.0,0.046946,0.079558,0.0,0.030713,0.0,0.083751,0.010867,0.128529,0.028963,0.016906,0.0,0.1138,0.0,0.062111,0.062688,0.0,0.003772
2021-11-25,0.04614,0.0,0.035824,0.045041,0.0,0.0,0.0,0.125069,0.079563,0.0,0.0,0.0,0.046929,0.07953,0.0,0.030702,0.0,0.083721,0.010863,0.128483,0.028952,0.0169,0.0,0.113759,0.0,0.062089,0.062666,0.0,0.00377
2021-11-26,0.045814,0.0,0.035524,0.043816,0.0,0.0,0.0,0.123596,0.078356,0.0,0.0,0.0,0.047625,0.079987,0.0,0.030492,0.0,0.083994,0.010801,0.127873,0.028671,0.017186,0.0,0.114217,0.0,0.06406,0.064148,0.0,0.003841
2021-11-29,0.045924,0.0,0.035432,0.04398,0.0,0.0,0.0,0.123471,0.078171,0.0,0.0,0.0,0.047495,0.079751,0.0,0.031084,0.0,0.084639,0.010905,0.130024,0.028726,0.017069,0.0,0.112288,0.0,0.063568,0.063652,0.0,0.00382
2021-11-30,0.043866,0.037495,0.0,0.022792,0.0,0.0,0.0,0.125403,0.054871,0.039059,0.0,0.0,0.090453,0.034364,0.0,0.052025,0.0,0.067204,0.0,0.125084,0.108447,0.0,0.0,0.063803,0.0,0.0,0.125498,0.0,0.009637
2021-12-01,0.044909,0.037578,0.0,0.023276,0.0,0.0,0.0,0.126599,0.054701,0.038955,0.0,0.0,0.09102,0.034473,0.0,0.051726,0.0,0.065341,0.0,0.123855,0.107518,0.0,0.0,0.064217,0.0,0.0,0.126115,0.0,0.009716
2021-12-02,0.043503,0.03753,0.0,0.02255,0.0,0.0,0.0,0.127547,0.055621,0.039581,0.0,0.0,0.090307,0.034398,0.0,0.051542,0.0,0.066153,0.0,0.122958,0.109344,0.0,0.0,0.064488,0.0,0.0,0.124887,0.0,0.009593
2021-12-03,0.043761,0.037607,0.0,0.022718,0.0,0.0,0.0,0.126582,0.055245,0.039648,0.0,0.0,0.091351,0.035164,0.0,0.051171,0.0,0.065075,0.0,0.120217,0.110037,0.0,0.0,0.065378,0.0,0.0,0.126361,0.0,0.009686
2021-12-06,0.044031,0.037914,0.0,0.022892,0.0,0.0,0.0,0.124591,0.055896,0.0401,0.0,0.0,0.091556,0.03566,0.0,0.051481,0.0,0.06449,0.0,0.119443,0.111585,0.0,0.0,0.065353,0.0,0.0,0.125357,0.0,0.009652
2021-12-07,0.044406,0.03813,0.0,0.023282,0.0,0.0,0.0,0.125028,0.056083,0.040454,0.0,0.0,0.091413,0.035229,0.0,0.052518,0.0,0.065771,0.0,0.118469,0.111578,0.0,0.0,0.064356,0.0,0.0,0.12377,0.0,0.009513
2021-12-08,0.044125,0.038022,0.0,0.022943,0.0,0.0,0.0,0.125441,0.055436,0.040195,0.0,0.0,0.091528,0.034899,0.0,0.052431,0.0,0.065718,0.0,0.121348,0.111681,0.0,0.0,0.063988,0.0,0.0,0.12279,0.0,0.009455
2021-12-09,0.044469,0.038006,0.0,0.023056,0.0,0.0,0.0,0.126251,0.055818,0.040243,0.0,0.0,0.092562,0.035309,0.0,0.052329,0.0,0.065049,0.0,0.118733,0.111052,0.0,0.0,0.064202,0.0,0.0,0.123381,0.0,0.009539
2021-12-10,0.044104,0.037904,0.0,0.022674,0.0,0.0,0.0,0.126107,0.055593,0.040336,0.0,0.0,0.092417,0.035723,0.0,0.053109,0.0,0.065116,0.0,0.119842,0.110831,0.0,0.0,0.064007,0.0,0.0,0.122748,0.0,0.00949
2021-12-13,0.044213,0.037722,0.0,0.02261,0.0,0.0,0.0,0.124447,0.055315,0.039444,0.0,0.0,0.093832,0.0364,0.0,0.052624,0.0,0.065828,0.0,0.117368,0.112522,0.0,0.0,0.064543,0.0,0.0,0.123587,0.0,0.009545
2021-12-14,0.044042,0.037744,0.0,0.022735,0.0,0.0,0.0,0.125313,0.056031,0.039554,0.0,0.0,0.094102,0.036678,0.0,0.05212,0.0,0.06476,0.0,0.116413,0.111855,0.0,0.0,0.064992,0.0,0.0,0.12405,0.0,0.009611
2021-12-15,0.043683,0.037961,0.0,0.02232,0.0,0.0,0.0,0.124044,0.05577,0.039067,0.0,0.0,0.095311,0.036772,0.0,0.053101,0.0,0.066176,0.0,0.116236,0.112579,0.0,0.0,0.064213,0.0,0.0,0.123229,0.0,0.009539
2021-12-16,0.044541,0.038022,0.0,0.022731,0.0,0.0,0.0,0.123929,0.056495,0.039331,0.0,0.0,0.095917,0.037048,0.0,0.051618,0.0,0.065395,0.0,0.114872,0.112586,0.0,0.0,0.064435,0.0,0.0,0.123537,0.0,0.009543
2021-12-17,0.044374,0.037738,0.0,0.022774,0.0,0.0,0.0,0.12309,0.055649,0.038809,0.0,0.0,0.095936,0.036677,0.0,0.051643,0.0,0.066566,0.0,0.115059,0.113258,0.0,0.0,0.064375,0.0,0.0,0.12444,0.0,0.009612
2021-12-20,0.044059,0.038305,0.0,0.022424,0.0,0.0,0.0,0.123818,0.055331,0.038864,0.0,0.0,0.096688,0.037201,0.0,0.051743,0.0,0.066802,0.0,0.110449,0.113948,0.0,0.0,0.064509,0.0,0.0,0.126112,0.0,0.009747
2021-12-21,0.044127,0.0383,0.0,0.02279,0.0,0.0,0.0,0.123605,0.055754,0.03946,0.0,0.0,0.095849,0.036676,0.0,0.052373,0.0,0.067682,0.0,0.1105,0.113757,0.0,0.0,0.064736,0.0,0.0,0.12477,0.0,0.009621
2021-12-22,0.044382,0.038389,0.0,0.02277,0.0,0.0,0.0,0.124157,0.055461,0.03932,0.0,0.0,0.096007,0.036541,0.0,0.052533,0.0,0.067152,0.0,0.111201,0.113786,0.0,0.0,0.064845,0.0,0.0,0.12393,0.0,0.009526
2021-12-23,0.044591,0.038488,0.0,0.022999,0.0,0.0,0.0,0.124569,0.055511,0.039174,0.0,0.0,0.095993,0.036469,0.0,0.052601,0.0,0.067382,0.0,0.111762,0.113183,0.0,0.0,0.064667,0.0,0.0,0.123125,0.0,0.009486
2021-12-24,0.044649,0.038486,0.0,0.022997,0.0,0.0,0.0,0.124561,0.055508,0.039172,0.0,0.0,0.095987,0.036467,0.0,0.052598,0.0,0.067378,0.0,0.111755,0.113176,0.0,0.0,0.064663,0.0,0.0,0.123118,0.0,0.009485
2021-12-27,0.044323,0.038623,0.0,0.022854,0.0,0.0,0.0,0.124364,0.05567,0.039736,0.0,0.0,0.096291,0.036585,0.0,0.053334,0.0,0.06779,0.0,0.109874,0.114257,0.0,0.0,0.064255,0.0,0.0,0.122629,0.0,0.009416
2021-12-28,0.044275,0.038598,0.0,0.023012,0.0,0.0,0.0,0.124587,0.055639,0.039665,0.0,0.0,0.095935,0.036752,0.0,0.052999,0.0,0.067692,0.0,0.110859,0.114555,0.0,0.0,0.063607,0.0,0.0,0.122421,0.0,0.009405
2021-12-29,0.044535,0.03854,0.0,0.022832,0.0,0.0,0.0,0.124991,0.055395,0.039287,0.0,0.0,0.096181,0.036806,0.0,0.05288,0.0,0.067481,0.0,0.110567,0.114967,0.0,0.0,0.064018,0.0,0.0,0.122144,0.0,0.009376
2021-12-30,0.044609,0.038349,0.0,0.022837,0.0,0.0,0.0,0.124947,0.055241,0.039008,0.0,0.0,0.096282,0.036654,0.0,0.052478,0.0,0.067464,0.0,0.111252,0.11535,0.0,0.0,0.063505,0.0,0.0,0.122657,0.0,0.009366
2021-12-31,0.036122,0.0,0.0,0.017589,0.0,0.0,0.0,0.157455,0.086238,0.034533,0.0,0.035978,0.0,0.0,0.0,0.097434,0.052912,0.0,0.0,0.157042,0.0,0.0,0.0,0.157394,0.00989,0.072934,0.072594,0.0,0.011884
2022-01-03,0.035887,0.0,0.0,0.017566,0.0,0.0,0.0,0.158956,0.08673,0.035372,0.0,0.034782,0.0,0.0,0.0,0.097719,0.053613,0.0,0.0,0.158773,0.0,0.0,0.0,0.155736,0.009568,0.071786,0.071708,0.0,0.011804
2022-01-04,0.035926,0.0,0.0,0.017627,0.0,0.0,0.0,0.159046,0.088701,0.036468,0.0,0.03506,0.0,0.0,0.0,0.096345,0.053261,0.0,0.0,0.157408,0.0,0.0,0.0,0.156218,0.009494,0.071497,0.071185,0.0,0.011764
2022-01-05,0.036509,0.0,0.0,0.017874,0.0,0.0,0.0,0.161386,0.089116,0.037062,0.0,0.034786,0.0,0.0,0.0,0.094919,0.052298,0.0,0.0,0.152455,0.0,0.0,0.0,0.157906,0.009598,0.072367,0.071768,0.0,0.011957
2022-01-06,0.035888,0.0,0.0,0.017561,0.0,0.0,0.0,0.161656,0.090462,0.037903,0.0,0.034428,0.0,0.0,0.0,0.094476,0.052725,0.0,0.0,0.151803,0.0,0.0,0.0,0.157806,0.009627,0.072216,0.071485,0.0,0.011963
2022-01-07,0.035774,0.0,0.0,0.01745,0.0,0.0,0.0,0.163043,0.09157,0.03844,0.0,0.032883,0.0,0.0,0.0,0.093649,0.051219,0.0,0.0,0.151758,0.0,0.0,0.0,0.159241,0.009562,0.072012,0.071432,0.0,0.011968
2022-01-10,0.03541,0.0,0.0,0.017207,0.0,0.0,0.0,0.16439,0.091624,0.038474,0.0,0.033138,0.0,0.0,0.0,0.094041,0.051442,0.0,0.0,0.149958,0.0,0.0,0.0,0.158589,0.009624,0.072281,0.071809,0.0,0.012013
2022-01-11,0.035455,0.0,0.0,0.01718,0.0,0.0,0.0,0.164951,0.091144,0.039231,0.0,0.033357,0.0,0.0,0.0,0.093847,0.051683,0.0,0.0,0.151659,0.0,0.0,0.0,0.157341,0.009553,0.071448,0.071305,0.0,0.011847
2022-01-12,0.035533,0.0,0.0,0.017042,0.0,0.0,0.0,0.164759,0.090466,0.038984,0.0,0.033115,0.0,0.0,0.0,0.093519,0.051637,0.0,0.0,0.156473,0.0,0.0,0.0,0.156136,0.009439,0.070878,0.070267,0.0,0.011751
2022-01-13,0.035877,0.0,0.0,0.017216,0.0,0.0,0.0,0.165575,0.090938,0.039141,0.0,0.033754,0.0,0.0,0.0,0.091928,0.050892,0.0,0.0,0.153853,0.0,0.0,0.0,0.156684,0.00961,0.071751,0.070924,0.0,0.011857
2022-01-14,0.035205,0.0,0.0,0.016933,0.0,0.0,0.0,0.164417,0.089882,0.040012,0.0,0.033169,0.0,0.0,0.0,0.092593,0.052047,0.0,0.0,0.154353,0.0,0.0,0.0,0.158402,0.009453,0.071172,0.07052,0.0,0.011842
2022-01-17,0.035417,0.0,0.0,0.017103,0.0,0.0,0.0,0.164351,0.089846,0.039996,0.0,0.033155,0.0,0.0,0.0,0.092556,0.052026,0.0,0.0,0.154291,0.0,0.0,0.0,0.158338,0.009449,0.071143,0.070491,0.0,0.011838
2022-01-18,0.035263,0.0,0.0,0.017065,0.0,0.0,0.0,0.164449,0.08897,0.040672,0.0,0.032232,0.0,0.0,0.0,0.091493,0.050338,0.0,0.0,0.154995,0.0,0.0,0.0,0.16053,0.009436,0.071512,0.071056,0.0,0.011989
2022-01-19,0.03546,0.0,0.0,0.017037,0.0,0.0,0.0,0.164567,0.08819,0.040706,0.0,0.031665,0.0,0.0,0.0,0.09095,0.049256,0.0,0.0,0.152152,0.0,0.0,0.0,0.164596,0.009579,0.072269,0.071486,0.0,0.012087
2022-01-20,0.035918,0.0,0.0,0.017282,0.0,0.0,0.0,0.16408,0.088155,0.040575,0.0,0.031109,0.0,0.0,0.0,0.090316,0.047998,0.0,0.0,0.152591,0.0,0.0,0.0,0.165259,0.009696,0.07286,0.072002,0.0,0.012159
2022-01-21,0.035522,0.0,0.0,0.017074,0.0,0.0,0.0,0.163444,0.087379,0.040248,0.0,0.031121,0.0,0.0,0.0,0.089578,0.047763,0.0,0.0,0.151834,0.0,0.0,0.0,0.166327,0.009928,0.074158,0.073317,0.0,0.012305
2022-01-24,0.034131,0.0,0.0,0.016494,0.0,0.0,0.0,0.159394,0.088027,0.040702,0.0,0.032449,0.0,0.0,0.0,0.09045,0.048527,0.0,0.0,0.152501,0.0,0.0,0.0,0.16683,0.009891,0.074427,0.073818,0.0,0.01236
2022-01-25,0.034493,0.0,0.0,0.016709,0.0,0.0,0.0,0.161412,0.0886,0.04238,0.0,0.0319,0.0,0.0,0.0,0.088562,0.046825,0.0,0.0,0.150586,0.0,0.0,0.0,0.167883,0.009898,0.074501,0.073861,0.0,0.012389
2022-01-26,0.035277,0.0,0.0,0.017088,0.0,0.0,0.0,0.159744,0.088979,0.042379,0.0,0.030938,0.0,0.0,0.0,0.089231,0.047624,0.0,0.0,0.151012,0.0,0.0,0.0,0.167913,0.009795,0.074095,0.073514,0.0,0.01241
2022-01-27,0.035446,0.0,0.0,0.01723,0.0,0.0,0.0,0.160666,0.089201,0.043341,0.0,0.030837,0.0,0.0,0.0,0.089651,0.046035,0.0,0.0,0.147057,0.0,0.0,0.0,0.167938,0.010091,0.075276,0.074676,0.0,0.012554
2022-01-28,0.03476,0.0,0.0,0.016677,0.0,0.0,0.0,0.160956,0.08946,0.042723,0.0,0.031258,0.0,0.0,0.0,0.092632,0.046447,0.0,0.0,0.14554,0.0,0.0,0.0,0.168251,0.009993,0.074692,0.074184,0.0,0.012427
2022-01-31,0.044255,0.040796,0.0,0.029266,0.0,0.0,0.0,0.084904,0.054432,0.029897,0.0,0.026584,0.052781,0.053129,0.030619,0.071326,0.049279,0.01614,0.0,0.036172,0.093929,0.021468,0.0,0.115482,0.0,0.052039,0.085196,0.0,0.012307
2022-02-01,0.044588,0.041089,0.0,0.029568,0.0,0.0,0.0,0.084524,0.054913,0.030811,0.0,0.026535,0.052662,0.052819,0.030064,0.071159,0.049445,0.01606,0.0,0.036555,0.093133,0.021381,0.0,0.116508,0.0,0.051713,0.084225,0.0,0.012247
2022-02-02,0.044638,0.041072,0.0,0.029246,0.0,0.0,0.0,0.084491,0.054943,0.030718,0.0,0.02672,0.053038,0.053119,0.030318,0.071291,0.050378,0.015907,0.0,0.036108,0.093732,0.021324,0.0,0.115499,0.0,0.051496,0.083794,0.0,0.01217
2022-02-03,0.044851,0.040963,0.0,0.029154,0.0,0.0,0.0,0.084286,0.054955,0.030772,0.0,0.026414,0.053412,0.053737,0.030526,0.07001,0.048734,0.01577,0.0,0.035724,0.093791,0.021536,0.0,0.116985,0.0,0.051859,0.084213,0.0,0.012307
2022-02-04,0.044539,0.040915,0.0,0.02878,0.0,0.0,0.0,0.084126,0.055967,0.031297,0.0,0.025516,0.053294,0.053154,0.030325,0.07039,0.049082,0.01608,0.0,0.036287,0.092993,0.0216,0.0,0.117951,0.0,0.051534,0.083845,0.0,0.012323
2022-02-07,0.044766,0.040929,0.0,0.029014,0.0,0.0,0.0,0.083271,0.056121,0.031689,0.0,0.025627,0.053188,0.053239,0.030273,0.069905,0.049042,0.016059,0.0,0.0362,0.092837,0.021754,0.0,0.118437,0.0,0.051535,0.08379,0.0,0.012324
2022-02-08,0.04468,0.040912,0.0,0.02916,0.0,0.0,0.0,0.083241,0.05668,0.030886,0.0,0.025992,0.053413,0.053233,0.030177,0.070493,0.050086,0.016175,0.0,0.035468,0.092042,0.021736,0.0,0.11883,0.0,0.051167,0.083355,0.0,0.012272
2022-02-09,0.044799,0.041054,0.0,0.029235,0.0,0.0,0.0,0.083215,0.056287,0.030732,0.0,0.026189,0.053114,0.052543,0.029909,0.071104,0.051045,0.016373,0.0,0.035691,0.092878,0.021521,0.0,0.119229,0.0,0.050559,0.082412,0.0,0.012111
2022-02-10,0.04534,0.041109,0.0,0.029715,0.0,0.0,0.0,0.083259,0.056591,0.030977,0.0,0.025545,0.05303,0.052722,0.029568,0.070234,0.05016,0.016496,0.0,0.035435,0.091982,0.021746,0.0,0.120076,0.0,0.05081,0.082922,0.0,0.012282
2022-02-11,0.045129,0.040715,0.0,0.02984,0.0,0.0,0.0,0.082372,0.056315,0.032174,0.0,0.02546,0.052781,0.05302,0.02986,0.06872,0.048049,0.016162,0.0,0.034804,0.091989,0.022366,0.0,0.121593,0.0,0.051813,0.08444,0.0,0.012397
2022-02-14,0.044673,0.040605,0.0,0.029874,0.0,0.0,0.0,0.081518,0.056084,0.031641,0.0,0.025562,0.052617,0.053253,0.029819,0.069192,0.048441,0.016278,0.0,0.034853,0.091807,0.022647,0.0,0.122004,0.0,0.051824,0.084821,0.0,0.012486
2022-02-15,0.044692,0.04104,0.0,0.029725,0.0,0.0,0.0,0.083352,0.05616,0.030931,0.0,0.025699,0.052565,0.052699,0.029321,0.070152,0.050495,0.016528,0.0,0.036071,0.091512,0.022161,0.0,0.120069,0.0,0.051044,0.083449,0.0,0.012335
2022-02-16,0.044444,0.041099,0.0,0.029746,0.0,0.0,0.0,0.083213,0.056095,0.031122,0.0,0.025804,0.052547,0.052698,0.029332,0.069949,0.050417,0.016288,0.0,0.036133,0.091763,0.022346,0.0,0.120185,0.0,0.051054,0.083454,0.0,0.01231
2022-02-17,0.044687,0.040775,0.0,0.029774,0.0,0.0,0.0,0.08341,0.055236,0.031376,0.0,0.025368,0.052207,0.053623,0.029637,0.06852,0.048998,0.01598,0.0,0.03537,0.091678,0.022873,0.0,0.121766,0.0,0.051829,0.084461,0.0,0.012431
2022-02-18,0.044216,0.0407,0.0,0.029567,0.0,0.0,0.0,0.083747,0.055445,0.03131,0.0,0.025521,0.052027,0.053939,0.029703,0.0681,0.048647,0.015801,0.0,0.034979,0.091493,0.022949,0.0,0.122084,0.0,0.052208,0.085084,0.0,0.012481
2022-02-21,0.043763,0.040736,0.0,0.029206,0.0,0.0,0.0,0.083821,0.055494,0.031337,0.0,0.025543,0.052072,0.053987,0.029729,0.06816,0.048689,0.015815,0.0,0.03501,0.091574,0.022969,0.0,0.122191,0.0,0.052254,0.085159,0.0,0.012491
2022-02-22,0.044005,0.040214,0.0,0.029348,0.0,0.0,0.0,0.083587,0.055368,0.030918,0.0,0.024661,0.052089,0.05372,0.029782,0.067721,0.04853,0.01578,0.0,0.034535,0.0915,0.023082,0.0,0.124576,0.0,0.052397,0.085661,0.0,0.012527
2022-02-23,0.043997,0.040271,0.0,0.029404,0.0,0.0,0.0,0.083441,0.054902,0.031523,0.0,0.024071,0.052302,0.053774,0.029546,0.066631,0.047808,0.015602,0.0,0.034984,0.090813,0.023399,0.0,0.125777,0.0,0.052602,0.086509,0.0,0.012643
2022-02-24,0.04278,0.039431,0.0,0.029051,0.0,0.0,0.0,0.081076,0.054175,0.031237,0.0,0.024864,0.052447,0.052781,0.029745,0.068821,0.049495,0.016668,0.0,0.034979,0.092224,0.023219,0.0,0.124975,0.0,0.05266,0.086755,0.0,0.012616
2022-02-25,0.043821,0.039983,0.0,0.029456,0.0,0.0,0.0,0.082457,0.055042,0.031557,0.0,0.025344,0.053204,0.053626,0.030184,0.068661,0.04953,0.016635,0.0,0.035652,0.092963,0.022778,0.0,0.119544,0.0,0.051819,0.085317,0.0,0.012427
2022-02-28,0.013316,0.035916,0.0,0.0,0.024819,0.0,0.0,0.097412,0.0507,0.111077,0.0,0.0,0.052736,0.078191,0.034151,0.061846,0.024583,0.016302,0.0,0.0,0.057951,0.0,0.0,0.1657,0.016466,0.074548,0.074305,0.0,0.00998
2022-03-01,0.013112,0.035057,0.0,0.0,0.024651,0.0,0.0,0.095123,0.04896,0.11249,0.0,0.0,0.052581,0.077936,0.033943,0.060769,0.023754,0.01643,0.0,0.0,0.057797,0.0,0.0,0.170184,0.016701,0.075471,0.075034,0.0,0.010007
2022-03-02,0.013144,0.035279,0.0,0.0,0.024367,0.0,0.0,0.09577,0.049774,0.114025,0.0,0.0,0.052893,0.078053,0.034047,0.061525,0.024289,0.016472,0.0,0.0,0.058348,0.0,0.0,0.168571,0.015984,0.073667,0.073875,0.0,0.009916
2022-03-03,0.013017,0.03421,0.0,0.0,0.024068,0.0,0.0,0.093847,0.049536,0.114151,0.0,0.0,0.053077,0.078557,0.03459,0.060692,0.023741,0.016165,0.0,0.0,0.05873,0.0,0.0,0.172066,0.016121,0.073864,0.073667,0.0,0.0099
2022-03-04,0.012749,0.032818,0.0,0.0,0.023503,0.0,0.0,0.091813,0.04869,0.11764,0.0,0.0,0.053431,0.078698,0.035411,0.059728,0.023149,0.016056,0.0,0.0,0.059097,0.0,0.0,0.171801,0.016426,0.074721,0.074354,0.0,0.009914
2022-03-07,0.012732,0.032007,0.0,0.0,0.023159,0.0,0.0,0.089652,0.047312,0.120396,0.0,0.0,0.052949,0.077927,0.036178,0.058034,0.022176,0.015813,0.0,0.0,0.058424,0.0,0.0,0.176364,0.01644,0.075039,0.075394,0.0,0.010003
2022-03-08,0.012503,0.032803,0.0,0.0,0.022872,0.0,0.0,0.091414,0.047092,0.122436,0.0,0.0,0.05193,0.075916,0.035661,0.057822,0.022628,0.015574,0.0,0.0,0.058211,0.0,0.0,0.176339,0.016295,0.074642,0.075849,0.0,0.010011
2022-03-09,0.012843,0.034337,0.0,0.0,0.023391,0.0,0.0,0.094588,0.048513,0.117944,0.0,0.0,0.052576,0.075946,0.035185,0.05973,0.023427,0.015923,0.0,0.0,0.058733,0.0,0.0,0.172541,0.016033,0.073713,0.074623,0.0,0.009952
2022-03-10,0.012689,0.033632,0.0,0.0,0.022987,0.0,0.0,0.094488,0.048192,0.121768,0.0,0.0,0.052649,0.075361,0.035484,0.058789,0.022987,0.015961,0.0,0.0,0.058984,0.0,0.0,0.172134,0.015831,0.073504,0.074591,0.0,0.009967
2022-03-11,0.012822,0.0336,0.0,0.0,0.022874,0.0,0.0,0.094088,0.0481,0.121425,0.0,0.0,0.052529,0.074875,0.035548,0.058057,0.022611,0.015695,0.0,0.0,0.058822,0.0,0.0,0.173591,0.015967,0.073869,0.07551,0.0,0.010017
2022-03-14,0.012806,0.0344,0.0,0.0,0.022516,0.0,0.0,0.096201,0.048998,0.118494,0.0,0.0,0.053216,0.075722,0.035719,0.057321,0.02201,0.015326,0.0,0.0,0.05871,0.0,0.0,0.174306,0.015687,0.073368,0.075121,0.0,0.010079
2022-03-15,0.012851,0.034542,0.0,0.0,0.022192,0.0,0.0,0.097072,0.049526,0.113778,0.0,0.0,0.054098,0.077165,0.036057,0.059051,0.022946,0.015662,0.0,0.0,0.058909,0.0,0.0,0.173094,0.015608,0.073093,0.074314,0.0,0.010042
2022-03-16,0.013066,0.035618,0.0,0.0,0.023414,0.0,0.0,0.098623,0.050518,0.112368,0.0,0.0,0.054318,0.076643,0.035709,0.060493,0.023938,0.015853,0.0,0.0,0.059142,0.0,0.0,0.16897,0.015637,0.07242,0.073305,0.0,0.009964
2022-03-17,0.013085,0.035444,0.0,0.0,0.023367,0.0,0.0,0.097688,0.050573,0.114925,0.0,0.0,0.054556,0.076305,0.035456,0.060235,0.023814,0.016018,0.0,0.0,0.059379,0.0,0.0,0.169021,0.015346,0.071466,0.073467,0.0,0.009854
2022-03-18,0.01318,0.03559,0.0,0.0,0.023668,0.0,0.0,0.097995,0.050485,0.114352,0.0,0.0,0.054671,0.076172,0.035011,0.06122,0.024181,0.016302,0.0,0.0,0.05914,0.0,0.0,0.168416,0.015471,0.071387,0.072946,0.0,0.009813
2022-03-21,0.01318,0.035124,0.0,0.0,0.023222,0.0,0.0,0.09578,0.050273,0.118579,0.0,0.0,0.054453,0.076024,0.035132,0.060907,0.024056,0.016093,0.0,0.0,0.058589,0.0,0.0,0.171444,0.015064,0.070231,0.072068,0.0,0.009781
2022-03-22,0.013261,0.03545,0.0,0.0,0.023565,0.0,0.0,0.09656,0.050891,0.117249,0.0,0.0,0.054253,0.076292,0.035044,0.061542,0.024095,0.016617,0.0,0.0,0.05851,0.0,0.0,0.171086,0.014813,0.069574,0.071457,0.0,0.009743
2022-03-23,0.013244,0.034883,0.0,0.0,0.023662,0.0,0.0,0.094987,0.050083,0.119585,0.0,0.0,0.053422,0.07588,0.035188,0.060758,0.023551,0.016703,0.0,0.0,0.058009,0.0,0.0,0.17232,0.015178,0.07023,0.072548,0.0,0.009769
2022-03-24,0.013168,0.03491,0.0,0.0,0.023472,0.0,0.0,0.096028,0.050229,0.119278,0.0,0.0,0.053788,0.076029,0.035371,0.062023,0.024615,0.016784,0.0,0.0,0.058082,0.0,0.0,0.170296,0.014983,0.069487,0.071738,0.0,0.009718
2022-03-25,0.013165,0.034761,0.0,0.0,0.02315,0.0,0.0,0.095514,0.050624,0.121297,0.0,0.0,0.053773,0.076287,0.035708,0.061684,0.024439,0.016598,0.0,0.0,0.05852,0.0,0.0,0.170767,0.014703,0.068438,0.070899,0.0,0.009672
2022-03-28,0.013203,0.034909,0.0,0.0,0.023205,0.0,0.0,0.09646,0.050583,0.118527,0.0,0.0,0.054271,0.076754,0.036009,0.06254,0.024678,0.016801,0.0,0.0,0.059259,0.0,0.0,0.168566,0.014858,0.068728,0.070959,0.0,0.00969
2022-03-29,0.01338,0.03554,0.0,0.0,0.023543,0.0,0.0,0.097448,0.050337,0.117376,0.0,0.0,0.054202,0.076885,0.036085,0.063414,0.025063,0.016832,0.0,0.0,0.060563,0.0,0.0,0.166068,0.014864,0.068579,0.0702,0.0,0.009621
2022-03-30,0.01337,0.03536,0.0,0.0,0.02362,0.0,0.0,0.096272,0.049939,0.118641,0.0,0.0,0.054263,0.076871,0.036352,0.062516,0.024242,0.016636,0.0,0.0,0.060074,0.0,0.0,0.167989,0.014967,0.068791,0.070485,0.0,0.009613
2022-03-31,0.0,0.029423,0.0,0.041065,0.016247,0.017618,0.0,0.03976,0.032159,0.10765,0.020442,0.011637,0.042156,0.129639,0.0,0.051269,0.041818,0.060563,0.0,0.0,0.0,0.042424,0.025254,0.104591,0.0,0.085789,0.086058,0.0,0.014438
2022-04-01,0.0,0.029731,0.0,0.041113,0.016348,0.018215,0.0,0.040459,0.032036,0.108391,0.020258,0.011746,0.042437,0.130777,0.0,0.051055,0.040958,0.060489,0.0,0.0,0.0,0.042103,0.025069,0.103794,0.0,0.085126,0.085479,0.0,0.014418
2022-04-04,0.0,0.02961,0.0,0.041257,0.01659,0.018705,0.0,0.041182,0.031743,0.108019,0.020137,0.011808,0.041885,0.129752,0.0,0.051779,0.041427,0.061122,0.0,0.0,0.0,0.042107,0.02483,0.104017,0.0,0.084669,0.085013,0.0,0.01435
2022-04-05,0.0,0.029605,0.0,0.041687,0.016486,0.018369,0.0,0.041186,0.031861,0.107399,0.020051,0.01157,0.042397,0.131182,0.0,0.0512,0.039919,0.060342,0.0,0.0,0.0,0.042266,0.024781,0.105451,0.0,0.084504,0.08525,0.0,0.014494
2022-04-06,0.0,0.029397,0.0,0.040914,0.016308,0.018144,0.0,0.041001,0.031776,0.108494,0.01998,0.011312,0.043226,0.13341,0.0,0.050201,0.039091,0.058873,0.0,0.0,0.0,0.042545,0.02512,0.105851,0.0,0.084565,0.085233,0.0,0.014557
2022-04-07,0.0,0.029422,0.0,0.040455,0.016064,0.017751,0.0,0.040767,0.03161,0.109457,0.019965,0.011208,0.043874,0.134467,0.0,0.05007,0.039014,0.05927,0.0,0.0,0.0,0.042528,0.02516,0.105651,0.0,0.084004,0.084767,0.0,0.014496
2022-04-08,0.0,0.029319,0.0,0.040751,0.016113,0.017718,0.0,0.040897,0.031788,0.111966,0.019765,0.011215,0.043939,0.13443,0.0,0.04915,0.037876,0.058309,0.0,0.0,0.0,0.042603,0.02518,0.106803,0.0,0.083206,0.084541,0.0,0.01443
2022-04-11,0.0,0.02927,0.0,0.040698,0.01604,0.017418,0.0,0.040883,0.03187,0.109373,0.019841,0.011397,0.043372,0.134835,0.0,0.048252,0.037361,0.059195,0.0,0.0,0.0,0.043119,0.025725,0.108429,0.0,0.083395,0.084995,0.0,0.01453
2022-04-12,0.0,0.028987,0.0,0.04097,0.016049,0.017354,0.0,0.040394,0.031444,0.110907,0.019759,0.011343,0.042842,0.134528,0.0,0.047916,0.037153,0.059125,0.0,0.0,0.0,0.04334,0.026015,0.109018,0.0,0.083585,0.084773,0.0,0.014498
2022-04-13,0.0,0.029111,0.0,0.040665,0.016003,0.017511,0.0,0.040022,0.03121,0.111723,0.019796,0.011481,0.042731,0.134275,0.0,0.048324,0.03767,0.060549,0.0,0.0,0.0,0.043223,0.026129,0.108063,0.0,0.083145,0.083982,0.0,0.014388
2022-04-14,0.0,0.029153,0.0,0.041192,0.015953,0.017439,0.0,0.03995,0.031044,0.112763,0.019893,0.011358,0.042782,0.13505,0.0,0.047435,0.036849,0.059598,0.0,0.0,0.0,0.04334,0.026165,0.108187,0.0,0.082893,0.084481,0.0,0.014473
2022-04-18,0.0,0.029017,0.0,0.041154,0.015938,0.017289,0.0,0.039931,0.031201,0.114309,0.019805,0.011231,0.042271,0.133812,0.0,0.047546,0.037452,0.058424,0.0,0.0,0.0,0.043434,0.026395,0.10938,0.0,0.082576,0.084375,0.0,0.014459
2022-04-19,0.0,0.029099,0.0,0.04114,0.015703,0.017145,0.0,0.039421,0.031579,0.113197,0.020133,0.011631,0.042606,0.135632,0.0,0.048361,0.038212,0.05946,0.0,0.0,0.0,0.042709,0.025657,0.108154,0.0,0.081901,0.083823,0.0,0.014436
2022-04-20,0.0,0.029188,0.0,0.041233,0.015584,0.016539,0.0,0.039696,0.031632,0.113045,0.020137,0.011675,0.042955,0.136952,0.0,0.048065,0.037929,0.058891,0.0,0.0,0.0,0.042696,0.025568,0.107736,0.0,0.082113,0.084004,0.0,0.01436
2022-04-21,0.0,0.029239,0.0,0.041543,0.015603,0.016151,0.0,0.040122,0.03148,0.110683,0.020155,0.011659,0.042956,0.138364,0.0,0.047778,0.03733,0.057484,0.0,0.0,0.0,0.04302,0.02531,0.108749,0.0,0.082573,0.08528,0.0,0.01452
2022-04-22,0.0,0.02926,0.0,0.041229,0.015706,0.016519,0.0,0.040326,0.031044,0.109751,0.019983,0.011525,0.042069,0.138437,0.0,0.047204,0.0371,0.057123,0.0,0.0,0.0,0.043302,0.025184,0.109167,0.0,0.083971,0.08634,0.0,0.01476
2022-04-25,0.0,0.029103,0.0,0.040691,0.015364,0.016247,0.0,0.040436,0.031181,0.106413,0.020038,0.011924,0.042469,0.139431,0.0,0.048046,0.037831,0.058835,0.0,0.0,0.0,0.042641,0.02471,0.108585,0.0,0.084743,0.086514,0.0,0.0148
2022-04-26,0.0,0.028452,0.0,0.041117,0.01542,0.016056,0.0,0.040558,0.030726,0.107707,0.019811,0.011865,0.042171,0.138757,0.0,0.046755,0.036543,0.057248,0.0,0.0,0.0,0.043166,0.024771,0.110054,0.0,0.086229,0.087635,0.0,0.014958
2022-04-27,0.0,0.028546,0.0,0.041184,0.015417,0.016607,0.0,0.040578,0.030659,0.109137,0.019859,0.011705,0.042022,0.139084,0.0,0.047384,0.036295,0.056333,0.0,0.0,0.0,0.042783,0.024555,0.109907,0.0,0.085634,0.087373,0.0,0.014939
2022-04-28,0.0,0.028509,0.0,0.040588,0.015307,0.016542,0.0,0.040585,0.030616,0.110877,0.019802,0.011958,0.042007,0.139165,0.0,0.048592,0.037761,0.056594,0.0,0.0,0.0,0.042413,0.024133,0.10886,0.0,0.084316,0.086643,0.0,0.01473
2022-04-29,0.075317,0.01163,0.0,0.023824,0.0,0.0,0.171265,0.0,0.027735,0.116065,0.056684,0.0,0.084305,0.0,0.1167,0.060223,0.043099,0.08043,0.0,0.021062,0.038088,0.0,0.027893,0.034847,0.0,0.0,0.0,0.0,0.010834
2022-05-02,0.075608,0.011631,0.0,0.02339,0.0,0.0,0.165946,0.0,0.02785,0.118375,0.057022,0.0,0.084105,0.0,0.115951,0.061375,0.04471,0.082014,0.0,0.021208,0.037312,0.0,0.027774,0.034855,0.0,0.0,0.0,0.0,0.010875
2022-05-03,0.074447,0.01164,0.0,0.023491,0.0,0.0,0.167564,0.0,0.02801,0.120817,0.056986,0.0,0.083764,0.0,0.115557,0.061039,0.044756,0.080313,0.0,0.021382,0.037503,0.0,0.027521,0.034415,0.0,0.0,0.0,0.0,0.010794
2022-05-04,0.071966,0.011559,0.0,0.022725,0.0,0.0,0.168501,0.0,0.028222,0.12302,0.057325,0.0,0.083705,0.0,0.115493,0.061769,0.045452,0.079585,0.0,0.0216,0.037085,0.0,0.027487,0.033953,0.0,0.0,0.0,0.0,0.010555
2022-05-05,0.073943,0.011484,0.0,0.023274,0.0,0.0,0.165606,0.0,0.028145,0.124466,0.057346,0.0,0.084312,0.0,0.117422,0.060398,0.044428,0.077156,0.0,0.021589,0.037079,0.0,0.027571,0.03494,0.0,0.0,0.0,0.0,0.01084
2022-05-06,0.073573,0.011359,0.0,0.022916,0.0,0.0,0.164659,0.0,0.028068,0.128744,0.057211,0.0,0.084419,0.0,0.118881,0.060178,0.044227,0.074225,0.0,0.021652,0.036801,0.0,0.027534,0.034666,0.0,0.0,0.0,0.0,0.010887
2022-05-09,0.07426,0.011459,0.0,0.023115,0.0,0.0,0.165319,0.0,0.028498,0.122838,0.058071,0.0,0.085538,0.0,0.122734,0.060174,0.043661,0.07221,0.0,0.02122,0.036594,0.0,0.027767,0.035217,0.0,0.0,0.0,0.0,0.011323
2022-05-10,0.073645,0.011565,0.0,0.022764,0.0,0.0,0.16544,0.0,0.02822,0.123839,0.057638,0.0,0.085764,0.0,0.121133,0.061035,0.044613,0.073021,0.0,0.021607,0.035894,0.0,0.027077,0.035432,0.0,0.0,0.0,0.0,0.011313
2022-05-11,0.07472,0.011495,0.0,0.023174,0.0,0.0,0.167373,0.0,0.027945,0.125435,0.057086,0.0,0.085152,0.0,0.121942,0.059078,0.043273,0.070926,0.0,0.021731,0.035799,0.0,0.027505,0.036057,0.0,0.0,0.0,0.0,0.01131
2022-05-12,0.073017,0.011438,0.0,0.022984,0.0,0.0,0.169656,0.0,0.027734,0.125961,0.057189,0.0,0.085972,0.0,0.120704,0.058465,0.043534,0.071709,0.0,0.021561,0.036076,0.0,0.026466,0.03622,0.0,0.0,0.0,0.0,0.011312
2022-05-13,0.072961,0.011482,0.0,0.023048,0.0,0.0,0.169753,0.0,0.027447,0.127072,0.056496,0.0,0.084753,0.0,0.119145,0.058927,0.044633,0.073108,0.0,0.022134,0.036121,0.0,0.026222,0.035669,0.0,0.0,0.0,0.0,0.011031
2022-05-16,0.072349,0.011474,0.0,0.022853,0.0,0.0,0.17144,0.0,0.027097,0.129845,0.056167,0.0,0.085001,0.0,0.118983,0.058148,0.04376,0.071065,0.0,0.021745,0.035734,0.0,0.026791,0.036568,0.0,0.0,0.0,0.0,0.010982
2022-05-17,0.072287,0.011535,0.0,0.022665,0.0,0.0,0.172546,0.0,0.027318,0.128967,0.0564,0.0,0.084606,0.0,0.118032,0.058747,0.045053,0.070578,0.0,0.022533,0.035564,0.0,0.026292,0.036094,0.0,0.0,0.0,0.0,0.010782
2022-05-18,0.072977,0.011508,0.0,0.023055,0.0,0.0,0.171897,0.0,0.027306,0.129161,0.055813,0.0,0.084718,0.0,0.120147,0.057621,0.043974,0.069546,0.0,0.022739,0.035494,0.0,0.026767,0.036194,0.0,0.0,0.0,0.0,0.011082
2022-05-19,0.072019,0.011603,0.0,0.02278,0.0,0.0,0.175148,0.0,0.027065,0.128404,0.055191,0.0,0.084717,0.0,0.119632,0.056863,0.043611,0.069656,0.0,0.023455,0.035259,0.0,0.027439,0.036099,0.0,0.0,0.0,0.0,0.011058
2022-05-20,0.071108,0.011582,0.0,0.022535,0.0,0.0,0.17835,0.0,0.026855,0.128189,0.054271,0.0,0.085238,0.0,0.119253,0.05665,0.043329,0.070407,0.0,0.023319,0.035272,0.0,0.027007,0.035643,0.0,0.0,0.0,0.0,0.010992
2022-05-23,0.071428,0.011593,0.0,0.022292,0.0,0.0,0.181126,0.0,0.027173,0.128944,0.054056,0.0,0.084267,0.0,0.118268,0.056792,0.042645,0.070754,0.0,0.023172,0.034968,0.0,0.026506,0.035245,0.0,0.0,0.0,0.0,0.010772
2022-05-24,0.070319,0.011626,0.0,0.021722,0.0,0.0,0.181373,0.0,0.027201,0.129836,0.054194,0.0,0.084779,0.0,0.121004,0.056122,0.041735,0.069263,0.0,0.022746,0.035372,0.0,0.026972,0.034928,0.0,0.0,0.0,0.0,0.010807
2022-05-25,0.070749,0.011538,0.0,0.022026,0.0,0.0,0.179992,0.0,0.027233,0.131622,0.05414,0.0,0.084181,0.0,0.120105,0.056393,0.042199,0.070018,0.0,0.022398,0.035431,0.0,0.026724,0.03452,0.0,0.0,0.0,0.0,0.010732
2022-05-26,0.071024,0.011514,0.0,0.022108,0.0,0.0,0.181043,0.0,0.027432,0.131025,0.054388,0.0,0.083237,0.0,0.11859,0.056858,0.043172,0.070727,0.0,0.022788,0.034928,0.0,0.026273,0.034327,0.0,0.0,0.0,0.0,0.010566
2022-05-27,0.070977,0.011453,0.0,0.022097,0.0,0.0,0.179001,0.0,0.027411,0.131104,0.05454,0.0,0.08315,0.0,0.118352,0.057761,0.044167,0.071601,0.0,0.022938,0.035242,0.0,0.02588,0.033943,0.0,0.0,0.0,0.0,0.010382
2022-05-30,0.071902,0.011441,0.0,0.022166,0.0,0.0,0.178805,0.0,0.027381,0.130961,0.05448,0.0,0.083059,0.0,0.118222,0.057698,0.044119,0.071523,0.0,0.022913,0.035203,0.0,0.025852,0.033906,0.0,0.0,0.0,0.0,0.01037
2022-05-31,0.031302,0.014455,0.0,0.05077,0.021838,0.0,0.0,0.106328,0.0,0.084674,0.039327,0.0,0.03909,0.052806,0.042077,0.023119,0.013022,0.020096,0.0,0.0,0.02793,0.072972,0.0,0.061748,0.0,0.06254,0.071704,0.0,0.164201
2022-06-01,0.03109,0.014242,0.0,0.050592,0.021629,0.0,0.0,0.106553,0.0,0.086215,0.03916,0.0,0.038601,0.052216,0.042088,0.023093,0.012839,0.02021,0.0,0.0,0.027751,0.073575,0.0,0.061808,0.0,0.062305,0.071544,0.0,0.164486
2022-06-02,0.030821,0.014469,0.0,0.050695,0.021442,0.0,0.0,0.107999,0.0,0.085197,0.039563,0.0,0.038568,0.052516,0.042004,0.023447,0.013171,0.020642,0.0,0.0,0.027888,0.073834,0.0,0.061578,0.0,0.061855,0.07125,0.0,0.163061
2022-06-03,0.031001,0.014356,0.0,0.050831,0.021567,0.0,0.0,0.106068,0.0,0.086831,0.039641,0.0,0.03834,0.052293,0.042047,0.023021,0.012852,0.020436,0.0,0.0,0.027677,0.073513,0.0,0.06135,0.0,0.062096,0.072082,0.0,0.163997
2022-06-06,0.031339,0.014411,0.0,0.051263,0.021805,0.0,0.0,0.106035,0.0,0.086644,0.039766,0.0,0.038306,0.05226,0.04219,0.022998,0.012861,0.020396,0.0,0.0,0.027561,0.073114,0.0,0.0621,0.0,0.061566,0.071539,0.0,0.163844
2022-06-07,0.031063,0.014364,0.0,0.05085,0.021519,0.0,0.0,0.105553,0.0,0.088719,0.040069,0.0,0.038581,0.052234,0.0422,0.023139,0.012889,0.020599,0.0,0.0,0.02778,0.073167,0.0,0.061603,0.0,0.061459,0.071297,0.0,0.162915
2022-06-08,0.031375,0.014225,0.0,0.051262,0.021873,0.0,0.0,0.104877,0.0,0.089334,0.03953,0.0,0.038458,0.051839,0.041571,0.022986,0.012675,0.020546,0.0,0.0,0.027269,0.073446,0.0,0.062092,0.0,0.061521,0.071459,0.0,0.163663
2022-06-09,0.031203,0.014015,0.0,0.051048,0.021786,0.0,0.0,0.105298,0.0,0.08827,0.039156,0.0,0.037981,0.051593,0.040995,0.022606,0.012443,0.02033,0.0,0.0,0.0269,0.073976,0.0,0.062739,0.0,0.062108,0.072192,0.0,0.165361
2022-06-10,0.030205,0.013797,0.0,0.050313,0.021564,0.0,0.0,0.105272,0.0,0.087786,0.038445,0.0,0.037806,0.051971,0.041156,0.021991,0.012141,0.019872,0.0,0.0,0.026611,0.075843,0.0,0.062985,0.0,0.062215,0.072712,0.0,0.167315
2022-06-13,0.030002,0.013637,0.0,0.050001,0.021379,0.0,0.0,0.105937,0.0,0.085298,0.038228,0.0,0.037584,0.052131,0.040252,0.021545,0.011729,0.019396,0.0,0.0,0.025917,0.075698,0.0,0.063837,0.0,0.062647,0.073286,0.0,0.171496
2022-06-14,0.029834,0.013525,0.0,0.049729,0.021788,0.0,0.0,0.106917,0.0,0.085838,0.038301,0.0,0.03739,0.051744,0.039408,0.021777,0.011846,0.019437,0.0,0.0,0.025833,0.075424,0.0,0.063942,0.0,0.062422,0.072599,0.0,0.172247
2022-06-15,0.02986,0.013774,0.0,0.050004,0.021754,0.0,0.0,0.107132,0.0,0.083459,0.038449,0.0,0.037551,0.051498,0.039435,0.022108,0.01198,0.01977,0.0,0.0,0.026293,0.075969,0.0,0.063603,0.0,0.062929,0.07318,0.0,0.171253
2022-06-16,0.029648,0.013633,0.0,0.048819,0.021569,0.0,0.0,0.105764,0.0,0.080013,0.037758,0.0,0.037589,0.05192,0.039289,0.021546,0.011438,0.019236,0.0,0.0,0.026009,0.078046,0.0,0.065271,0.0,0.064348,0.074126,0.0,0.173978
2022-06-17,0.029759,0.013706,0.0,0.049336,0.021764,0.0,0.0,0.106039,0.0,0.076031,0.037857,0.0,0.037761,0.052,0.039125,0.021856,0.011544,0.019724,0.0,0.0,0.026343,0.077806,0.0,0.06522,0.0,0.064701,0.074549,0.0,0.174878
2022-06-20,0.03009,0.013697,0.0,0.04952,0.021858,0.0,0.0,0.105967,0.0,0.075979,0.037831,0.0,0.037736,0.051965,0.039098,0.021841,0.011536,0.019711,0.0,0.0,0.026325,0.077753,0.0,0.065176,0.0,0.064657,0.074498,0.0,0.174763
2022-06-21,0.030153,0.013763,0.0,0.049331,0.021911,0.0,0.0,0.107051,0.0,0.079001,0.03808,0.0,0.038308,0.052741,0.039387,0.02214,0.011703,0.020029,0.0,0.0,0.026385,0.076576,0.0,0.063721,0.0,0.063586,0.073389,0.0,0.172745
2022-06-22,0.030326,0.013731,0.0,0.049094,0.021664,0.0,0.0,0.105671,0.0,0.076168,0.038034,0.0,0.039008,0.052932,0.039974,0.022142,0.011631,0.020046,0.0,0.0,0.026837,0.077215,0.0,0.063226,0.0,0.064669,0.074133,0.0,0.173498
2022-06-23,0.030167,0.013643,0.0,0.04914,0.021647,0.0,0.0,0.106773,0.0,0.073319,0.037827,0.0,0.03987,0.05394,0.040901,0.022466,0.011548,0.020625,0.0,0.0,0.027337,0.076715,0.0,0.061305,0.0,0.065012,0.074327,0.0,0.17344
2022-06-24,0.030606,0.013931,0.0,0.049954,0.021761,0.0,0.0,0.107028,0.0,0.073399,0.038683,0.0,0.040049,0.054342,0.041117,0.022996,0.011916,0.021223,0.0,0.0,0.027586,0.075726,0.0,0.06078,0.0,0.06401,0.073511,0.0,0.171382
2022-06-27,0.030898,0.013895,0.0,0.050215,0.021944,0.0,0.0,0.106202,0.0,0.075555,0.038593,0.0,0.040199,0.054195,0.041452,0.022842,0.011884,0.020902,0.0,0.0,0.027546,0.075644,0.0,0.060049,0.0,0.063651,0.072985,0.0,0.17135
2022-06-28,0.030749,0.013809,0.0,0.05047,0.021962,0.0,0.0,0.105273,0.0,0.07788,0.038284,0.0,0.039643,0.053667,0.041448,0.022239,0.011636,0.020347,0.0,0.0,0.027311,0.075796,0.0,0.060534,0.0,0.063967,0.072997,0.0,0.171985
2022-06-29,0.030417,0.013768,0.0,0.049805,0.021759,0.0,0.0,0.106244,0.0,0.075385,0.038168,0.0,0.040101,0.054156,0.041595,0.022347,0.011394,0.0204,0.0,0.0,0.027218,0.075951,0.0,0.061088,0.0,0.064663,0.073075,0.0,0.172466
2022-06-30,0.0,0.025524,0.031358,0.024867,0.014818,0.0,0.080976,0.051362,0.015718,0.112063,0.019222,0.0,0.03917,0.031017,0.076637,0.0,0.0,0.0,0.0,0.0,0.0,0.064569,0.0,0.081668,0.0,0.041362,0.105329,0.0,0.18434
2022-07-01,0.0,0.025422,0.031339,0.024937,0.014692,0.0,0.079649,0.05126,0.015857,0.113198,0.019297,0.0,0.039421,0.031314,0.078143,0.0,0.0,0.0,0.0,0.0,0.0,0.064208,0.0,0.079684,0.0,0.041606,0.106516,0.0,0.183456
2022-07-04,0.0,0.025421,0.031339,0.024964,0.014687,0.0,0.079648,0.051259,0.015857,0.113196,0.019296,0.0,0.039421,0.031314,0.078142,0.0,0.0,0.0,0.0,0.0,0.0,0.064207,0.0,0.079683,0.0,0.041605,0.106514,0.0,0.183446
2022-07-05,0.0,0.025047,0.031588,0.025289,0.014624,0.0,0.07889,0.052014,0.016031,0.110278,0.019282,0.0,0.03976,0.031563,0.07657,0.0,0.0,0.0,0.0,0.0,0.0,0.063755,0.0,0.079096,0.0,0.042363,0.107755,0.0,0.186095
2022-07-06,0.0,0.02514,0.031632,0.025703,0.01466,0.0,0.078834,0.052966,0.016016,0.108565,0.019424,0.0,0.040091,0.031703,0.077485,0.0,0.0,0.0,0.0,0.0,0.0,0.062843,0.0,0.079585,0.0,0.042069,0.106947,0.0,0.186338
2022-07-07,0.0,0.025263,0.031745,0.026135,0.014935,0.0,0.080787,0.052606,0.016077,0.111298,0.019446,0.0,0.039838,0.031401,0.076595,0.0,0.0,0.0,0.0,0.0,0.0,0.062218,0.0,0.080233,0.0,0.041372,0.105656,0.0,0.184395
2022-07-08,0.0,0.02524,0.031852,0.026218,0.014928,0.0,0.081331,0.052387,0.016015,0.111063,0.019326,0.0,0.03989,0.031292,0.076215,0.0,0.0,0.0,0.0,0.0,0.0,0.06214,0.0,0.081579,0.0,0.041051,0.105367,0.0,0.184107
2022-07-11,0.0,0.024985,0.031616,0.026173,0.014586,0.0,0.078601,0.052558,0.015985,0.110688,0.019316,0.0,0.040039,0.031445,0.077176,0.0,0.0,0.0,0.0,0.0,0.0,0.062194,0.0,0.081566,0.0,0.041634,0.106195,0.0,0.185245
2022-07-12,0.0,0.02514,0.031842,0.026396,0.014658,0.0,0.078207,0.05277,0.015993,0.109267,0.019387,0.0,0.039797,0.031567,0.077324,0.0,0.0,0.0,0.0,0.0,0.0,0.062384,0.0,0.079849,0.0,0.042015,0.106879,0.0,0.186522
2022-07-13,0.0,0.025168,0.031697,0.026104,0.014603,0.0,0.078594,0.052227,0.015863,0.109172,0.019165,0.0,0.03944,0.031612,0.077059,0.0,0.0,0.0,0.0,0.0,0.0,0.062728,0.0,0.080192,0.0,0.042226,0.107512,0.0,0.186636
2022-07-14,0.0,0.024952,0.031638,0.025969,0.014529,0.0,0.077207,0.052848,0.015685,0.107974,0.01921,0.0,0.039643,0.031893,0.077682,0.0,0.0,0.0,0.0,0.0,0.0,0.062346,0.0,0.079858,0.0,0.042332,0.108115,0.0,0.188119
2022-07-15,0.0,0.025226,0.031714,0.026204,0.014504,0.0,0.077633,0.053123,0.016085,0.108851,0.019354,0.0,0.040274,0.031741,0.077201,0.0,0.0,0.0,0.0,0.0,0.0,0.061721,0.0,0.079743,0.0,0.042135,0.107866,0.0,0.186626
2022-07-18,0.0,0.025322,0.031704,0.026466,0.014728,0.0,0.077552,0.052729,0.015989,0.111097,0.019196,0.0,0.039336,0.031363,0.075959,0.0,0.0,0.0,0.0,0.0,0.0,0.061643,0.0,0.081267,0.0,0.041919,0.107487,0.0,0.186242
2022-07-19,0.0,0.02592,0.031881,0.026368,0.014683,0.0,0.077767,0.053239,0.016326,0.113524,0.019708,0.0,0.039659,0.031418,0.075782,0.0,0.0,0.0,0.0,0.0,0.0,0.061254,0.0,0.080081,0.0,0.041365,0.106444,0.0,0.184581
2022-07-20,0.0,0.02567,0.032086,0.026833,0.014718,0.0,0.077132,0.052789,0.016421,0.114867,0.019903,0.0,0.039351,0.031274,0.074934,0.0,0.0,0.0,0.0,0.0,0.0,0.060807,0.0,0.080251,0.0,0.041412,0.106577,0.0,0.184974
2022-07-21,0.0,0.025944,0.032427,0.026889,0.014737,0.0,0.077069,0.053966,0.016493,0.112632,0.020007,0.0,0.039895,0.031307,0.074984,0.0,0.0,0.0,0.0,0.0,0.0,0.061544,0.0,0.078688,0.0,0.041801,0.107028,0.0,0.184588
2022-07-22,0.0,0.02582,0.032519,0.026967,0.014761,0.0,0.077135,0.053728,0.016393,0.111672,0.019937,0.0,0.039717,0.031504,0.07599,0.0,0.0,0.0,0.0,0.0,0.0,0.061679,0.0,0.077461,0.0,0.042267,0.107899,0.0,0.18455
2022-07-25,0.0,0.025828,0.032214,0.026679,0.014589,0.0,0.079448,0.05317,0.016347,0.114706,0.019848,0.0,0.039559,0.031368,0.076236,0.0,0.0,0.0,0.0,0.0,0.0,0.060945,0.0,0.077784,0.0,0.041731,0.106706,0.0,0.182842
2022-07-26,0.0,0.025448,0.031908,0.026719,0.01454,0.0,0.079537,0.052523,0.016143,0.113833,0.01977,0.0,0.039821,0.031342,0.076806,0.0,0.0,0.0,0.0,0.0,0.0,0.060964,0.0,0.078855,0.0,0.041809,0.106865,0.0,0.183116
2022-07-27,0.0,0.025779,0.032197,0.026566,0.01449,0.0,0.081432,0.053054,0.016213,0.115135,0.019858,0.0,0.039634,0.031212,0.076034,0.0,0.0,0.0,0.0,0.0,0.0,0.060914,0.0,0.078548,0.0,0.041437,0.106377,0.0,0.181121
2022-07-28,0.0,0.02562,0.032081,0.026687,0.01441,0.0,0.08281,0.053285,0.01614,0.114433,0.020037,0.0,0.039421,0.031341,0.077845,0.0,0.0,0.0,0.0,0.0,0.0,0.060938,0.0,0.078373,0.0,0.04136,0.106212,0.0,0.179008
2022-07-29,0.0,0.0,0.032914,0.048077,0.057599,0.067147,0.010035,0.048183,0.0,0.096763,0.023162,0.0,0.076879,0.078944,0.026995,0.0,0.0,0.0,0.0,0.060517,0.0,0.090843,0.0,0.091624,0.0,0.091702,0.091401,0.0,0.007215
2022-08-01,0.0,0.0,0.033356,0.048138,0.057727,0.066403,0.00992,0.048562,0.0,0.094822,0.0232,0.0,0.076357,0.079978,0.027041,0.0,0.0,0.0,0.0,0.061433,0.0,0.091413,0.0,0.090636,0.0,0.092294,0.091499,0.0,0.00722
2022-08-02,0.0,0.0,0.032939,0.048566,0.057912,0.06646,0.009916,0.049212,0.0,0.095223,0.023107,0.0,0.076585,0.079865,0.027164,0.0,0.0,0.0,0.0,0.061723,0.0,0.09147,0.0,0.089954,0.0,0.091618,0.091017,0.0,0.007268
2022-08-03,0.0,0.0,0.032844,0.048895,0.057777,0.066984,0.009919,0.049143,0.0,0.092423,0.023307,0.0,0.077232,0.080331,0.027314,0.0,0.0,0.0,0.0,0.061319,0.0,0.091628,0.0,0.090255,0.0,0.091931,0.091432,0.0,0.007263
2022-08-04,0.0,0.0,0.032807,0.048659,0.058259,0.067951,0.010193,0.048878,0.0,0.088926,0.023374,0.0,0.076792,0.079736,0.027351,0.0,0.0,0.0,0.0,0.061525,0.0,0.09307,0.0,0.091554,0.0,0.092325,0.091345,0.0,0.007255
2022-08-05,0.0,0.0,0.032687,0.048843,0.058344,0.067588,0.010372,0.048725,0.0,0.090913,0.023469,0.0,0.076953,0.079751,0.02732,0.0,0.0,0.0,0.0,0.062276,0.0,0.092251,0.0,0.091368,0.0,0.091215,0.09065,0.0,0.007276
2022-08-08,0.0,0.0,0.032503,0.049294,0.058562,0.066729,0.010636,0.048808,0.0,0.090902,0.023337,0.0,0.076727,0.079287,0.027216,0.0,0.0,0.0,0.0,0.062779,0.0,0.092541,0.0,0.091386,0.0,0.091267,0.090789,0.0,0.007236
2022-08-09,0.0,0.0,0.032194,0.048504,0.05824,0.066366,0.010658,0.048637,0.0,0.09254,0.023263,0.0,0.076528,0.079206,0.027532,0.0,0.0,0.0,0.0,0.062831,0.0,0.092865,0.0,0.091791,0.0,0.091036,0.090571,0.0,0.00724
2022-08-10,0.0,0.0,0.032839,0.048777,0.058357,0.065808,0.010806,0.049138,0.0,0.092425,0.023573,0.0,0.076711,0.07912,0.02742,0.0,0.0,0.0,0.0,0.063777,0.0,0.091854,0.0,0.092239,0.0,0.090323,0.089655,0.0,0.007178
2022-08-11,0.0,0.0,0.032688,0.049076,0.058713,0.066721,0.010568,0.048382,0.0,0.0952,0.023598,0.0,0.075891,0.078596,0.0273,0.0,0.0,0.0,0.0,0.063877,0.0,0.091223,0.0,0.092702,0.0,0.089344,0.088973,0.0,0.007148
2022-08-12,0.0,0.0,0.032851,0.04919,0.058174,0.066369,0.01087,0.048491,0.0,0.095148,0.02376,0.0,0.076244,0.07864,0.027522,0.0,0.0,0.0,0.0,0.064618,0.0,0.091321,0.0,0.092134,0.0,0.088976,0.088602,0.0,0.00709
2022-08-15,0.0,0.0,0.03302,0.049499,0.058304,0.066137,0.010893,0.048533,0.0,0.093396,0.023844,0.0,0.076711,0.079508,0.027782,0.0,0.0,0.0,0.0,0.065457,0.0,0.090245,0.0,0.09161,0.0,0.089357,0.088607,0.0,0.007098
2022-08-16,0.0,0.0,0.032919,0.049805,0.058359,0.065847,0.01087,0.049048,0.0,0.093332,0.02399,0.0,0.076632,0.080538,0.027907,0.0,0.0,0.0,0.0,0.064852,0.0,0.090236,0.0,0.090376,0.0,0.089402,0.088777,0.0,0.00711
2022-08-17,0.0,0.0,0.032926,0.049253,0.058298,0.06587,0.010862,0.049215,0.0,0.09443,0.023881,0.0,0.076445,0.080581,0.027955,0.0,0.0,0.0,0.0,0.064598,0.0,0.089958,0.0,0.090683,0.0,0.089102,0.088809,0.0,0.007134
2022-08-18,0.0,0.0,0.032787,0.049761,0.058073,0.065183,0.010885,0.049069,0.0,0.0969,0.02396,0.0,0.076053,0.080797,0.02804,0.0,0.0,0.0,0.0,0.064014,0.0,0.089659,0.0,0.089275,0.0,0.089212,0.089202,0.0,0.007129
2022-08-19,0.0,0.0,0.032449,0.049522,0.057569,0.065177,0.010726,0.048643,0.0,0.097565,0.023819,0.0,0.076803,0.081109,0.028225,0.0,0.0,0.0,0.0,0.06205,0.0,0.089637,0.0,0.090769,0.0,0.089074,0.089682,0.0,0.00718
2022-08-22,0.0,0.0,0.032241,0.049431,0.057386,0.065686,0.010698,0.048155,0.0,0.097759,0.023457,0.0,0.076091,0.080598,0.027948,0.0,0.0,0.0,0.0,0.063225,0.0,0.089387,0.0,0.091846,0.0,0.089026,0.089858,0.0,0.007208
2022-08-23,0.0,0.0,0.032113,0.049001,0.057333,0.06539,0.011018,0.048354,0.0,0.100642,0.023351,0.0,0.074554,0.07974,0.027604,0.0,0.0,0.0,0.0,0.064044,0.0,0.089442,0.0,0.09257,0.0,0.088245,0.089436,0.0,0.007162
2022-08-24,0.0,0.0,0.032037,0.049222,0.057428,0.06526,0.010982,0.048492,0.0,0.101675,0.023381,0.0,0.074497,0.07978,0.027636,0.0,0.0,0.0,0.0,0.063174,0.0,0.089526,0.0,0.092745,0.0,0.087775,0.089241,0.0,0.007149
2022-08-25,0.0,0.0,0.032173,0.049128,0.057679,0.067508,0.010955,0.047926,0.0,0.10173,0.02357,0.0,0.074785,0.079578,0.027609,0.0,0.0,0.0,0.0,0.062998,0.0,0.089163,0.0,0.091506,0.0,0.08771,0.088885,0.0,0.007097
2022-08-26,0.0,0.0,0.031744,0.048817,0.05813,0.067722,0.011011,0.047851,0.0,0.10168,0.023011,0.0,0.073524,0.078488,0.027493,0.0,0.0,0.0,0.0,0.062198,0.0,0.089077,0.0,0.093717,0.0,0.0886,0.08976,0.0,0.007178
2022-08-29,0.0,0.0,0.031475,0.04824,0.058225,0.067254,0.011125,0.04802,0.0,0.103384,0.022945,0.0,0.07313,0.078489,0.027622,0.0,0.0,0.0,0.0,0.061822,0.0,0.089278,0.0,0.094006,0.0,0.08824,0.089557,0.0,0.007189
2022-08-30,0.0,0.0,0.031797,0.048202,0.057727,0.066439,0.010879,0.049214,0.0,0.101015,0.022872,0.0,0.07347,0.07856,0.027527,0.0,0.0,0.0,0.0,0.061189,0.0,0.08954,0.0,0.094663,0.0,0.089217,0.090418,0.0,0.007271
2022-08-31,0.017975,0.0,0.0163,0.11422,0.0,0.0,0.0,0.141286,0.0,0.074422,0.046285,0.0,0.057154,0.060718,0.03044,0.024567,0.0,0.0,0.0,0.08391,0.018745,0.13714,0.011852,0.0,0.0,0.074028,0.0742,0.0,0.016758
2022-09-01,0.017751,0.0,0.01619,0.113508,0.0,0.0,0.0,0.142952,0.0,0.072972,0.046593,0.0,0.058398,0.061379,0.03104,0.024575,0.0,0.0,0.0,0.082646,0.018878,0.136648,0.01177,0.0,0.0,0.073825,0.074024,0.0,0.01685
2022-09-02,0.018155,0.0,0.016015,0.114719,0.0,0.0,0.0,0.141549,0.0,0.074319,0.046148,0.0,0.057567,0.060584,0.03071,0.024259,0.0,0.0,0.0,0.082016,0.018616,0.137867,0.011908,0.0,0.0,0.074247,0.074471,0.0,0.01685
2022-09-05,0.01786,0.0,0.016027,0.11435,0.0,0.0,0.0,0.141658,0.0,0.074376,0.046183,0.0,0.057611,0.060631,0.030734,0.024277,0.0,0.0,0.0,0.082079,0.018631,0.137973,0.011918,0.0,0.0,0.074304,0.074528,0.0,0.016862
2022-09-06,0.017886,0.0,0.015834,0.114081,0.0,0.0,0.0,0.142309,0.0,0.073958,0.046428,0.0,0.057877,0.060509,0.030925,0.024205,0.0,0.0,0.0,0.082758,0.018868,0.137669,0.011939,0.0,0.0,0.073745,0.074088,0.0,0.016923
2022-09-07,0.017686,0.0,0.015642,0.112325,0.0,0.0,0.0,0.143098,0.0,0.072324,0.046672,0.0,0.058198,0.060946,0.031554,0.024331,0.0,0.0,0.0,0.084665,0.019032,0.137595,0.012141,0.0,0.0,0.073441,0.073606,0.0,0.016743
2022-09-08,0.0179,0.0,0.015774,0.113829,0.0,0.0,0.0,0.143181,0.0,0.072381,0.046646,0.0,0.059,0.060574,0.031419,0.024328,0.0,0.0,0.0,0.085012,0.019017,0.136286,0.01212,0.0,0.0,0.07291,0.072938,0.0,0.016684
2022-09-09,0.018025,0.0,0.015922,0.114077,0.0,0.0,0.0,0.141785,0.0,0.073496,0.046812,0.0,0.058967,0.060601,0.031252,0.024579,0.0,0.0,0.0,0.086432,0.019045,0.135733,0.012212,0.0,0.0,0.07224,0.072293,0.0,0.016531
2022-09-12,0.018176,0.0,0.015815,0.113917,0.0,0.0,0.0,0.142871,0.0,0.074315,0.046758,0.0,0.058939,0.060407,0.031327,0.024796,0.0,0.0,0.0,0.085875,0.019094,0.135454,0.01272,0.0,0.0,0.071556,0.071568,0.0,0.016412
2022-09-13,0.018002,0.0,0.015614,0.114473,0.0,0.0,0.0,0.142848,0.0,0.073961,0.045942,0.0,0.058188,0.059615,0.031133,0.023972,0.0,0.0,0.0,0.086005,0.018749,0.136497,0.012744,0.0,0.0,0.072646,0.072852,0.0,0.016757
2022-09-14,0.017778,0.0,0.015772,0.113178,0.0,0.0,0.0,0.144139,0.0,0.075728,0.045658,0.0,0.057973,0.059338,0.031254,0.023957,0.0,0.0,0.0,0.086773,0.018457,0.135395,0.012811,0.0,0.0,0.072374,0.072727,0.0,0.016687
2022-09-15,0.017894,0.0,0.015852,0.114484,0.0,0.0,0.0,0.144464,0.0,0.07474,0.045771,0.0,0.059058,0.05961,0.030873,0.023711,0.0,0.0,0.0,0.084602,0.018352,0.134601,0.012712,0.0,0.0,0.073067,0.073304,0.0,0.016906
2022-09-16,0.01775,0.0,0.015957,0.113026,0.0,0.0,0.0,0.143932,0.0,0.073687,0.045149,0.0,0.059328,0.060195,0.030985,0.023754,0.0,0.0,0.0,0.084095,0.01849,0.13635,0.013067,0.0,0.0,0.073668,0.073538,0.0,0.017031
2022-09-19,0.017673,0.0,0.015941,0.112674,0.0,0.0,0.0,0.144742,0.0,0.073413,0.045565,0.0,0.058755,0.060334,0.031265,0.023845,0.0,0.0,0.0,0.085541,0.018384,0.135868,0.013011,0.0,0.0,0.073143,0.072888,0.0,0.016957
2022-09-20,0.01774,0.0,0.015881,0.112793,0.0,0.0,0.0,0.145242,0.0,0.073391,0.045299,0.0,0.058455,0.060406,0.031017,0.023864,0.0,0.0,0.0,0.085441,0.018058,0.135997,0.012909,0.0,0.0,0.073176,0.073262,0.0,0.017072
2022-09-21,0.017849,0.0,0.015758,0.114846,0.0,0.0,0.0,0.144149,0.0,0.07259,0.044867,0.0,0.057704,0.060405,0.030709,0.02358,0.0,0.0,0.0,0.084789,0.01784,0.137148,0.013199,0.0,0.0,0.073748,0.073682,0.0,0.017136
2022-09-22,0.017544,0.0,0.016038,0.112792,0.0,0.0,0.0,0.144074,0.0,0.073043,0.044626,0.0,0.058579,0.060912,0.0309,0.023569,0.0,0.0,0.0,0.084155,0.017786,0.138416,0.013351,0.0,0.0,0.073349,0.073561,0.0,0.017305
2022-09-23,0.017524,0.0,0.01604,0.112833,0.0,0.0,0.0,0.143904,0.0,0.069413,0.044695,0.0,0.059485,0.061115,0.031174,0.023742,0.0,0.0,0.0,0.082863,0.017913,0.138838,0.013077,0.0,0.0,0.074959,0.074763,0.0,0.017662
2022-09-26,0.017591,0.0,0.015971,0.114464,0.0,0.0,0.0,0.143023,0.0,0.06853,0.044762,0.0,0.059633,0.061901,0.030792,0.023863,0.0,0.0,0.0,0.083116,0.017622,0.138888,0.0129,0.0,0.0,0.074607,0.07446,0.0,0.017876
2022-09-27,0.017606,0.0,0.015877,0.114261,0.0,0.0,0.0,0.142989,0.0,0.069469,0.044723,0.0,0.059598,0.060981,0.030348,0.023953,0.0,0.0,0.0,0.08388,0.01743,0.139516,0.012917,0.0,0.0,0.074281,0.074249,0.0,0.017923
2022-09-28,0.017387,0.0,0.015902,0.113256,0.0,0.0,0.0,0.142772,0.0,0.071315,0.044932,0.0,0.059868,0.060667,0.030153,0.023795,0.0,0.0,0.0,0.082791,0.01749,0.139999,0.013111,0.0,0.0,0.074665,0.074278,0.0,0.01762
2022-09-29,0.017492,0.0,0.015981,0.112,0.0,0.0,0.0,0.141723,0.0,0.072366,0.044804,0.0,0.06024,0.060544,0.029371,0.023517,0.0,0.0,0.0,0.081852,0.017226,0.142034,0.013243,0.0,0.0,0.075412,0.074317,0.0,0.017879
2022-09-30,0.022421,0.0,0.032963,0.097638,0.049449,0.035365,0.0,0.066738,0.026603,0.04922,0.077803,0.0,0.028809,0.075005,0.049868,0.03421,0.0,0.0,0.0,0.099857,0.048813,0.0,0.0,0.042843,0.0,0.054748,0.099014,0.0,0.008634
2022-10-03,0.022091,0.0,0.033029,0.096376,0.048961,0.035005,0.0,0.065996,0.026892,0.051185,0.078891,0.0,0.02894,0.075099,0.050523,0.034715,0.0,0.0,0.0,0.099403,0.048903,0.0,0.0,0.042254,0.0,0.054527,0.098712,0.0,0.008499
2022-10-04,0.02234,0.0,0.03326,0.096307,0.049519,0.035523,0.0,0.065578,0.027217,0.052093,0.079662,0.0,0.028895,0.074394,0.050346,0.035012,0.0,0.0,0.0,0.101497,0.048684,0.0,0.0,0.041355,0.0,0.053317,0.096705,0.0,0.008295
2022-10-05,0.022168,0.0,0.033108,0.096382,0.049279,0.035913,0.0,0.065813,0.027169,0.053488,0.079704,0.0,0.029165,0.074405,0.049522,0.035339,0.0,0.0,0.0,0.100689,0.048017,0.0,0.0,0.041851,0.0,0.053129,0.096518,0.0,0.008342
2022-10-06,0.022422,0.0,0.032998,0.09785,0.049867,0.03575,0.0,0.065336,0.026944,0.054755,0.079245,0.0,0.02896,0.073745,0.048168,0.035253,0.0,0.0,0.0,0.101553,0.046953,0.0,0.0,0.041907,0.0,0.053143,0.096758,0.0,0.008393
2022-10-07,0.022234,0.0,0.033213,0.097527,0.049744,0.03539,0.0,0.065335,0.026747,0.055243,0.079036,0.0,0.028823,0.073862,0.047962,0.034372,0.0,0.0,0.0,0.100527,0.046593,0.0,0.0,0.042675,0.0,0.053771,0.098412,0.0,0.008535
2022-10-10,0.022069,0.0,0.033299,0.097864,0.049123,0.034418,0.0,0.0665,0.026802,0.054467,0.07984,0.0,0.028832,0.07462,0.048363,0.034018,0.0,0.0,0.0,0.098954,0.04646,0.0,0.0,0.043469,0.0,0.053809,0.098501,0.0,0.008592
2022-10-11,0.022054,0.0,0.033013,0.097772,0.048702,0.033648,0.0,0.065847,0.026507,0.054124,0.079958,0.0,0.029036,0.075364,0.048271,0.033554,0.0,0.0,0.0,0.099891,0.047012,0.0,0.0,0.043372,0.0,0.054037,0.099233,0.0,0.008606
2022-10-12,0.022021,0.0,0.032928,0.097391,0.048543,0.033802,0.0,0.066425,0.026573,0.054822,0.079711,0.0,0.029032,0.07613,0.046887,0.033611,0.0,0.0,0.0,0.099114,0.046744,0.0,0.0,0.043237,0.0,0.054474,0.099907,0.0,0.008648
2022-10-13,0.021919,0.0,0.032808,0.096805,0.048056,0.033236,0.0,0.066042,0.027328,0.056355,0.080463,0.0,0.029341,0.076435,0.047467,0.034226,0.0,0.0,0.0,0.09913,0.047009,0.0,0.0,0.042703,0.0,0.053575,0.098561,0.0,0.00854
2022-10-14,0.022241,0.0,0.032804,0.098178,0.048608,0.033311,0.0,0.066197,0.027259,0.055042,0.079843,0.0,0.029568,0.076148,0.047462,0.033748,0.0,0.0,0.0,0.097222,0.046508,0.0,0.0,0.043067,0.0,0.05405,0.10008,0.0,0.008665
2022-10-17,0.022254,0.0,0.032583,0.097751,0.048602,0.033714,0.0,0.066545,0.027479,0.054797,0.080224,0.0,0.029541,0.075686,0.047646,0.034196,0.0,0.0,0.0,0.098774,0.047455,0.0,0.0,0.042348,0.0,0.053204,0.098679,0.0,0.008521
2022-10-18,0.02222,0.0,0.032291,0.097469,0.048015,0.033407,0.0,0.066035,0.027766,0.054972,0.081709,0.0,0.029542,0.076252,0.048251,0.034296,0.0,0.0,0.0,0.098617,0.047708,0.0,0.0,0.042052,0.0,0.053047,0.097878,0.0,0.008472
2022-10-19,0.022336,0.0,0.032294,0.097515,0.047912,0.032237,0.0,0.065819,0.027481,0.056949,0.081636,0.0,0.029311,0.076374,0.047921,0.034411,0.0,0.0,0.0,0.099427,0.046811,0.0,0.0,0.042231,0.0,0.05282,0.097987,0.0,0.008527
2022-10-20,0.02255,0.0,0.03241,0.098137,0.048797,0.032578,0.0,0.06676,0.02716,0.057256,0.080388,0.0,0.029191,0.075643,0.046919,0.034584,0.0,0.0,0.0,0.09882,0.046813,0.0,0.0,0.042439,0.0,0.052658,0.098329,0.0,0.008565
2022-10-21,0.022142,0.0,0.032563,0.095916,0.047973,0.03246,0.0,0.066863,0.027616,0.058166,0.081553,0.0,0.029471,0.075834,0.047184,0.035061,0.0,0.0,0.0,0.100695,0.046587,0.0,0.0,0.042009,0.0,0.052111,0.097338,0.0,0.008456
2022-10-24,0.022559,0.0,0.032384,0.096707,0.046556,0.029357,0.0,0.066994,0.028012,0.058499,0.08272,0.0,0.030069,0.077275,0.047627,0.035582,0.0,0.0,0.0,0.0989,0.046627,0.0,0.0,0.041904,0.0,0.052096,0.097666,0.0,0.008466
2022-10-25,0.0227,0.0,0.032684,0.097181,0.046451,0.02949,0.0,0.06623,0.027971,0.057781,0.08272,0.0,0.029895,0.077248,0.047936,0.03578,0.0,0.0,0.0,0.099734,0.047815,0.0,0.0,0.041223,0.0,0.052045,0.096761,0.0,0.008354
2022-10-26,0.022826,0.0,0.032651,0.097487,0.047054,0.030591,0.0,0.066442,0.027849,0.058171,0.082449,0.0,0.030021,0.077233,0.047589,0.034747,0.0,0.0,0.0,0.100437,0.047462,0.0,0.0,0.040779,0.0,0.051956,0.095961,0.0,0.008296
2022-10-27,0.022631,0.0,0.032277,0.098008,0.046916,0.029849,0.0,0.065837,0.028106,0.058444,0.083503,0.0,0.029896,0.07738,0.048021,0.034388,0.0,0.0,0.0,0.099092,0.047583,0.0,0.0,0.040576,0.0,0.05238,0.096808,0.0,0.008306
2022-10-28,0.022531,0.0,0.032441,0.097235,0.045657,0.02881,0.0,0.066256,0.028646,0.058324,0.084973,0.0,0.03022,0.07864,0.049066,0.035685,0.0,0.0,0.0,0.096768,0.048363,0.0,0.0,0.040148,0.0,0.051823,0.096156,0.0,0.00826
2022-10-31,0.013095,0.0,0.038753,0.119404,0.034867,0.017522,0.0,0.118665,0.016251,0.020627,0.0,0.015887,0.084441,0.079378,0.0,0.02074,0.0,0.0,0.0,0.057457,0.0,0.080905,0.0,0.089555,0.0,0.085156,0.085637,0.0,0.021661
2022-11-01,0.012986,0.0,0.038793,0.119865,0.03539,0.018161,0.0,0.118506,0.016188,0.020691,0.0,0.015733,0.083942,0.078611,0.0,0.020432,0.0,0.0,0.0,0.058372,0.0,0.081198,0.0,0.089959,0.0,0.084586,0.085063,0.0,0.021524
2022-11-02,0.013051,0.0,0.038933,0.11992,0.035693,0.018495,0.0,0.118308,0.016147,0.020399,0.0,0.015287,0.083357,0.078035,0.0,0.019928,0.0,0.0,0.0,0.057822,0.0,0.081457,0.0,0.090381,0.0,0.085306,0.085739,0.0,0.021743
2022-11-03,0.012804,0.0,0.038948,0.119311,0.035717,0.018807,0.0,0.119393,0.016035,0.020842,0.0,0.015055,0.083271,0.07802,0.0,0.019404,0.0,0.0,0.0,0.058699,0.0,0.081406,0.0,0.090214,0.0,0.085205,0.085056,0.0,0.021815
2022-11-04,0.01272,0.0,0.039148,0.116521,0.036451,0.019893,0.0,0.120204,0.016099,0.0208,0.0,0.015149,0.082603,0.077837,0.0,0.019481,0.0,0.0,0.0,0.060778,0.0,0.082728,0.0,0.09007,0.0,0.083831,0.084176,0.0,0.021511
2022-11-07,0.012834,0.0,0.039228,0.116913,0.036583,0.019806,0.0,0.119906,0.016202,0.02108,0.0,0.015189,0.083183,0.078245,0.0,0.019735,0.0,0.0,0.0,0.060302,0.0,0.082101,0.0,0.090056,0.0,0.083231,0.083973,0.0,0.021435
2022-11-08,0.012965,0.0,0.039507,0.116972,0.036668,0.019633,0.0,0.120001,0.016178,0.020948,0.0,0.015062,0.082991,0.077901,0.0,0.019779,0.0,0.0,0.0,0.061114,0.0,0.083387,0.0,0.088958,0.0,0.083177,0.083482,0.0,0.021278
2022-11-09,0.012935,0.0,0.039312,0.116725,0.036762,0.019124,0.0,0.11971,0.0161,0.020168,0.0,0.015173,0.083103,0.077998,0.0,0.019501,0.0,0.0,0.0,0.059409,0.0,0.083985,0.0,0.089643,0.0,0.084483,0.084328,0.0,0.021541
2022-11-10,0.013023,0.0,0.040339,0.11703,0.036439,0.019623,0.0,0.119543,0.016437,0.020036,0.0,0.016368,0.082815,0.077583,0.0,0.020509,0.0,0.0,0.0,0.060577,0.0,0.084104,0.0,0.08738,0.0,0.083946,0.083314,0.0,0.020935
2022-11-11,0.013112,0.0,0.04095,0.116294,0.03722,0.020299,0.0,0.119043,0.016494,0.020522,0.0,0.016442,0.081422,0.077139,0.0,0.020763,0.0,0.0,0.0,0.061742,0.0,0.084267,0.0,0.087192,0.0,0.083382,0.082881,0.0,0.020837
2022-11-14,0.013277,0.0,0.04063,0.116634,0.037527,0.020553,0.0,0.118253,0.016356,0.020637,0.0,0.015952,0.081979,0.076985,0.0,0.020707,0.0,0.0,0.0,0.060495,0.0,0.084953,0.0,0.087666,0.0,0.083676,0.082757,0.0,0.020963
2022-11-15,0.01332,0.0,0.040648,0.116707,0.038319,0.021448,0.0,0.11801,0.016292,0.020726,0.0,0.016285,0.081369,0.077149,0.0,0.020829,0.0,0.0,0.0,0.059395,0.0,0.084725,0.0,0.087385,0.0,0.083777,0.082781,0.0,0.020834
2022-11-16,0.013251,0.0,0.040797,0.115132,0.037788,0.021216,0.0,0.117388,0.01633,0.020449,0.0,0.016219,0.081916,0.078084,0.0,0.020691,0.0,0.0,0.0,0.058323,0.0,0.085138,0.0,0.087707,0.0,0.084999,0.083586,0.0,0.020988
2022-11-17,0.013173,0.0,0.040962,0.114713,0.037779,0.02173,0.0,0.117586,0.016338,0.020614,0.0,0.016045,0.082361,0.078522,0.0,0.02084,0.0,0.0,0.0,0.057351,0.0,0.085017,0.0,0.087431,0.0,0.084919,0.083505,0.0,0.021113
2022-11-18,0.013293,0.0,0.04092,0.11589,0.037754,0.021116,0.0,0.117481,0.016462,0.020437,0.0,0.016073,0.083304,0.079309,0.0,0.02085,0.0,0.0,0.0,0.056627,0.0,0.084375,0.0,0.087418,0.0,0.084564,0.083027,0.0,0.0211
2022-11-21,0.013227,0.0,0.040668,0.116393,0.03726,0.020807,0.0,0.116836,0.016546,0.020201,0.0,0.01597,0.083506,0.080222,0.0,0.020667,0.0,0.0,0.0,0.056412,0.0,0.084069,0.0,0.087767,0.0,0.084678,0.083631,0.0,0.021142
2022-11-22,0.013277,0.0,0.041285,0.116446,0.037079,0.02048,0.0,0.116916,0.016612,0.020707,0.0,0.016251,0.083719,0.080316,0.0,0.020939,0.0,0.0,0.0,0.055836,0.0,0.083656,0.0,0.087365,0.0,0.084645,0.083458,0.0,0.021013
2022-11-23,0.013384,0.0,0.041571,0.116506,0.037241,0.020602,0.0,0.116229,0.016607,0.02039,0.0,0.016355,0.083676,0.08023,0.0,0.02103,0.0,0.0,0.0,0.056573,0.0,0.0838,0.0,0.086625,0.0,0.08472,0.083543,0.0,0.020919
2022-11-24,0.013448,0.0,0.041539,0.116705,0.037624,0.020586,0.0,0.116138,0.016594,0.020374,0.0,0.016342,0.08361,0.080167,0.0,0.021013,0.0,0.0,0.0,0.056529,0.0,0.083735,0.0,0.086557,0.0,0.084653,0.083477,0.0,0.020909
2022-11-25,0.013422,0.0,0.041854,0.116812,0.037216,0.020226,0.0,0.117392,0.016662,0.020315,0.0,0.016349,0.08417,0.08028,0.0,0.020907,0.0,0.0,0.0,0.054871,0.0,0.08387,0.0,0.086578,0.0,0.084691,0.083462,0.0,0.020925
2022-11-28,0.013399,0.0,0.041805,0.116369,0.037351,0.020589,0.0,0.117917,0.016483,0.019887,0.0,0.016193,0.084087,0.0805,0.0,0.020594,0.0,0.0,0.0,0.054254,0.0,0.083753,0.0,0.086664,0.0,0.085282,0.083815,0.0,0.021059
2022-11-29,0.013239,0.0,0.041455,0.115696,0.037728,0.021435,0.0,0.118658,0.016543,0.020142,0.0,0.016285,0.083687,0.080011,0.0,0.020346,0.0,0.0,0.0,0.055056,0.0,0.083976,0.0,0.086731,0.0,0.08473,0.083266,0.0,0.021017
2022-11-30,0.0,0.0,0.0,0.124611,0.0,0.0,0.020748,0.112275,0.023055,0.076409,0.032107,0.0,0.083217,0.049604,0.0,0.0,0.0,0.015922,0.0,0.034034,0.0,0.0,0.0,0.133132,0.0,0.066152,0.065846,0.0,0.16289
2022-12-01,0.0,0.0,0.0,0.125602,0.0,0.0,0.020544,0.112071,0.022886,0.076036,0.032065,0.0,0.083324,0.049301,0.0,0.0,0.0,0.016372,0.0,0.033887,0.0,0.0,0.0,0.132059,0.0,0.066769,0.066447,0.0,0.162637
2022-12-02,0.0,0.0,0.0,0.125401,0.0,0.0,0.020614,0.111514,0.022783,0.075601,0.032255,0.0,0.083558,0.049537,0.0,0.0,0.0,0.016064,0.0,0.034399,0.0,0.0,0.0,0.131691,0.0,0.066919,0.066954,0.0,0.16271
2022-12-05,0.0,0.0,0.0,0.125055,0.0,0.0,0.020167,0.111542,0.022506,0.074306,0.032126,0.0,0.083826,0.049546,0.0,0.0,0.0,0.015904,0.0,0.033207,0.0,0.0,0.0,0.132788,0.0,0.067097,0.067124,0.0,0.164806
2022-12-06,0.0,0.0,0.0,0.124214,0.0,0.0,0.020618,0.111453,0.022449,0.072808,0.031948,0.0,0.083721,0.049555,0.0,0.0,0.0,0.015799,0.0,0.033404,0.0,0.0,0.0,0.132688,0.0,0.06794,0.067539,0.0,0.165864
2022-12-07,0.0,0.0,0.0,0.123578,0.0,0.0,0.020442,0.111496,0.02232,0.072514,0.031853,0.0,0.084266,0.04968,0.0,0.0,0.0,0.015669,0.0,0.033815,0.0,0.0,0.0,0.132598,0.0,0.068418,0.067715,0.0,0.165636
2022-12-08,0.0,0.0,0.0,0.123536,0.0,0.0,0.020057,0.111709,0.022321,0.072128,0.032014,0.0,0.084953,0.049904,0.0,0.0,0.0,0.015996,0.0,0.033741,0.0,0.0,0.0,0.132551,0.0,0.067973,0.067639,0.0,0.165478
2022-12-09,0.0,0.0,0.0,0.124747,0.0,0.0,0.020184,0.111054,0.022427,0.070894,0.031986,0.0,0.084484,0.049885,0.0,0.0,0.0,0.015887,0.0,0.033434,0.0,0.0,0.0,0.13285,0.0,0.067967,0.067491,0.0,0.166709
2022-12-12,0.0,0.0,0.0,0.123736,0.0,0.0,0.019536,0.110953,0.022615,0.072401,0.032376,0.0,0.084969,0.050166,0.0,0.0,0.0,0.016151,0.0,0.033127,0.0,0.0,0.0,0.133353,0.0,0.06754,0.067168,0.0,0.16591
2022-12-13,0.0,0.0,0.0,0.124327,0.0,0.0,0.019013,0.111088,0.022564,0.073421,0.032342,0.0,0.084822,0.049853,0.0,0.0,0.0,0.016224,0.0,0.032834,0.0,0.0,0.0,0.13352,0.0,0.067821,0.067043,0.0,0.165127
2022-12-14,0.0,0.0,0.0,0.124548,0.0,0.0,0.019022,0.11088,0.022317,0.073087,0.032333,0.0,0.085091,0.0499,0.0,0.0,0.0,0.016199,0.0,0.032553,0.0,0.0,0.0,0.133599,0.0,0.068116,0.066984,0.0,0.165371
2022-12-15,0.0,0.0,0.0,0.122058,0.0,0.0,0.019155,0.110088,0.022123,0.073457,0.031904,0.0,0.084463,0.049601,0.0,0.0,0.0,0.015827,0.0,0.032304,0.0,0.0,0.0,0.135024,0.0,0.069011,0.067744,0.0,0.167241
2022-12-16,0.0,0.0,0.0,0.121772,0.0,0.0,0.019146,0.110457,0.022069,0.072935,0.031935,0.0,0.083672,0.049616,0.0,0.0,0.0,0.015769,0.0,0.032215,0.0,0.0,0.0,0.135322,0.0,0.069198,0.067735,0.0,0.168157
2022-12-19,0.0,0.0,0.0,0.121488,0.0,0.0,0.019586,0.111429,0.022037,0.073015,0.031806,0.0,0.083461,0.049645,0.0,0.0,0.0,0.01553,0.0,0.031799,0.0,0.0,0.0,0.135527,0.0,0.06872,0.067584,0.0,0.168374
2022-12-20,0.0,0.0,0.0,0.121077,0.0,0.0,0.020285,0.111197,0.022078,0.073945,0.031771,0.0,0.083249,0.04949,0.0,0.0,0.0,0.015607,0.0,0.031589,0.0,0.0,0.0,0.136244,0.0,0.068063,0.067408,0.0,0.167997
2022-12-21,0.0,0.0,0.0,0.122268,0.0,0.0,0.020296,0.109386,0.022264,0.074826,0.032144,0.0,0.083759,0.049636,0.0,0.0,0.0,0.015591,0.0,0.031174,0.0,0.0,0.0,0.1368,0.0,0.067674,0.067302,0.0,0.166879
2022-12-22,0.0,0.0,0.0,0.121187,0.0,0.0,0.020584,0.108977,0.022223,0.073615,0.031958,0.0,0.084229,0.049871,0.0,0.0,0.0,0.015463,0.0,0.030317,0.0,0.0,0.0,0.138103,0.0,0.068127,0.067403,0.0,0.167942
2022-12-23,0.0,0.0,0.0,0.121312,0.0,0.0,0.020951,0.107406,0.022288,0.075757,0.032061,0.0,0.084052,0.049996,0.0,0.0,0.0,0.015347,0.0,0.030045,0.0,0.0,0.0,0.138486,0.0,0.067636,0.067071,0.0,0.167592
2022-12-27,0.0,0.0,0.0,0.121273,0.0,0.0,0.020249,0.108955,0.022278,0.076555,0.032154,0.0,0.083823,0.050228,0.0,0.0,0.0,0.015244,0.0,0.02996,0.0,0.0,0.0,0.137849,0.0,0.06706,0.066754,0.0,0.167617
2022-12-28,0.0,0.0,0.0,0.121,0.0,0.0,0.020753,0.109401,0.02228,0.075112,0.031849,0.0,0.083581,0.049782,0.0,0.0,0.0,0.01517,0.0,0.029426,0.0,0.0,0.0,0.13931,0.0,0.067141,0.06692,0.0,0.168274
2022-12-29,0.0,0.0,0.0,0.121499,0.0,0.0,0.020448,0.109879,0.022462,0.075471,0.03206,0.0,0.084017,0.049715,0.0,0.0,0.0,0.015498,0.0,0.029964,0.0,0.0,0.0,0.137843,0.0,0.067092,0.066819,0.0,0.167231
2022-12-30,0.010743,0.022033,0.0577,0.103147,0.014054,0.0,0.0,0.177069,0.074821,0.035211,0.079317,0.0,0.09657,0.097015,0.0,0.0,0.0,0.0,0.0,0.027474,0.0,0.0,0.0,0.0,0.0,0.099831,0.093873,0.0,0.011142
2023-01-02,0.010721,0.021988,0.057583,0.104965,0.014026,0.0,0.0,0.17671,0.074669,0.03514,0.079156,0.0,0.096374,0.096818,0.0,0.0,0.0,0.0,0.0,0.027418,0.0,0.0,0.0,0.0,0.0,0.099628,0.093683,0.0,0.011121
2023-01-03,0.010687,0.022268,0.057864,0.104263,0.01408,0.0,0.0,0.177406,0.074939,0.03391,0.079333,0.0,0.096108,0.096464,0.0,0.0,0.0,0.0,0.0,0.027108,0.0,0.0,0.0,0.0,0.0,0.100419,0.094027,0.0,0.011124
2023-01-04,0.01079,0.022583,0.057017,0.104744,0.014301,0.0,0.0,0.176385,0.075774,0.033743,0.07965,0.0,0.0959,0.096376,0.0,0.0,0.0,0.0,0.0,0.027327,0.0,0.0,0.0,0.0,0.0,0.100702,0.093636,0.0,0.011073
2023-01-05,0.010703,0.022511,0.056583,0.104781,0.014394,0.0,0.0,0.176161,0.075656,0.034563,0.079259,0.0,0.095482,0.095973,0.0,0.0,0.0,0.0,0.0,0.027423,0.0,0.0,0.0,0.0,0.0,0.101155,0.094219,0.0,0.011139
2023-01-06,0.010718,0.022725,0.057035,0.104237,0.014385,0.0,0.0,0.17539,0.076049,0.034631,0.080072,0.0,0.094756,0.096891,0.0,0.0,0.0,0.0,0.0,0.027915,0.0,0.0,0.0,0.0,0.0,0.100748,0.093497,0.0,0.010953
2023-01-09,0.010931,0.02289,0.05721,0.104744,0.014694,0.0,0.0,0.175921,0.075837,0.034539,0.079786,0.0,0.093253,0.09603,0.0,0.0,0.0,0.0,0.0,0.028317,0.0,0.0,0.0,0.0,0.0,0.101093,0.093796,0.0,0.01096
2023-01-10,0.010798,0.022999,0.057073,0.104039,0.014638,0.0,0.0,0.175874,0.076265,0.034783,0.08022,0.0,0.094033,0.095899,0.0,0.0,0.0,0.0,0.0,0.028547,0.0,0.0,0.0,0.0,0.0,0.100455,0.093412,0.0,0.010964
2023-01-11,0.010857,0.023026,0.057191,0.104515,0.014636,0.0,0.0,0.174959,0.076519,0.034684,0.080512,0.0,0.094005,0.095383,0.0,0.0,0.0,0.0,0.0,0.029057,0.0,0.0,0.0,0.0,0.0,0.100503,0.093256,0.0,0.010898
2023-01-12,0.010874,0.023165,0.058208,0.104528,0.01464,0.0,0.0,0.174992,0.076196,0.035127,0.080486,0.0,0.093128,0.094049,0.0,0.0,0.0,0.0,0.0,0.029592,0.0,0.0,0.0,0.0,0.0,0.100774,0.093409,0.0,0.010831
2023-01-13,0.010898,0.023245,0.058384,0.105252,0.014723,0.0,0.0,0.174777,0.076676,0.035135,0.080293,0.0,0.093428,0.094375,0.0,0.0,0.0,0.0,0.0,0.02931,0.0,0.0,0.0,0.0,0.0,0.100114,0.092567,0.0,0.010823
2023-01-16,0.010955,0.023233,0.058353,0.105711,0.014672,0.0,0.0,0.174684,0.076635,0.035116,0.08025,0.0,0.093378,0.094325,0.0,0.0,0.0,0.0,0.0,0.029295,0.0,0.0,0.0,0.0,0.0,0.100061,0.092518,0.0,0.010814
2023-01-17,0.010979,0.023319,0.058979,0.106069,0.014727,0.0,0.0,0.174936,0.076218,0.035232,0.079665,0.0,0.093056,0.094502,0.0,0.0,0.0,0.0,0.0,0.029257,0.0,0.0,0.0,0.0,0.0,0.099868,0.092364,0.0,0.010829
2023-01-18,0.011004,0.02339,0.059252,0.106478,0.014787,0.0,0.0,0.175953,0.075247,0.034797,0.07864,0.0,0.0923,0.09248,0.0,0.0,0.0,0.0,0.0,0.029379,0.0,0.0,0.0,0.0,0.0,0.101836,0.09356,0.0,0.010896
2023-01-19,0.010866,0.02338,0.059494,0.104993,0.014866,0.0,0.0,0.176971,0.074713,0.035391,0.077377,0.0,0.092948,0.092025,0.0,0.0,0.0,0.0,0.0,0.029349,0.0,0.0,0.0,0.0,0.0,0.102111,0.094571,0.0,0.010946
2023-01-20,0.010924,0.023431,0.059791,0.105277,0.014939,0.0,0.0,0.176559,0.075415,0.035518,0.07796,0.0,0.092826,0.092155,0.0,0.0,0.0,0.0,0.0,0.030087,0.0,0.0,0.0,0.0,0.0,0.100796,0.093442,0.0,0.01088
2023-01-23,0.011069,0.02345,0.0594,0.106194,0.015105,0.0,0.0,0.175231,0.076001,0.03543,0.078513,0.0,0.092793,0.092097,0.0,0.0,0.0,0.0,0.0,0.030784,0.0,0.0,0.0,0.0,0.0,0.100091,0.093002,0.0,0.010839
2023-01-24,0.011055,0.023377,0.059781,0.10623,0.015075,0.0,0.0,0.173566,0.076019,0.035282,0.079004,0.0,0.092147,0.092446,0.0,0.0,0.0,0.0,0.0,0.031047,0.0,0.0,0.0,0.0,0.0,0.100634,0.093502,0.0,0.010835
2023-01-25,0.010983,0.023483,0.060536,0.105401,0.015035,0.0,0.0,0.172139,0.076657,0.035306,0.07861,0.0,0.092227,0.092726,0.0,0.0,0.0,0.0,0.0,0.031511,0.0,0.0,0.0,0.0,0.0,0.100803,0.093744,0.0,0.010841
2023-01-26,0.011038,0.023418,0.060177,0.105928,0.015132,0.0,0.0,0.172124,0.07676,0.036278,0.078732,0.0,0.092039,0.092036,0.0,0.0,0.0,0.0,0.0,0.032123,0.0,0.0,0.0,0.0,0.0,0.100046,0.093369,0.0,0.010802
2023-01-27,0.011196,0.023448,0.060617,0.107303,0.015197,0.0,0.0,0.168499,0.077111,0.035708,0.079423,0.0,0.091832,0.092192,0.0,0.0,0.0,0.0,0.0,0.03268,0.0,0.0,0.0,0.0,0.0,0.100352,0.093591,0.0,0.010851
2023-01-30,0.0112,0.023432,0.060587,0.107622,0.015056,0.0,0.0,0.169132,0.077149,0.035081,0.079076,0.0,0.091501,0.092811,0.0,0.0,0.0,0.0,0.0,0.032208,0.0,0.0,0.0,0.0,0.0,0.100586,0.093647,0.0,0.010911
2023-01-31,0.009877,0.093724,0.051008,0.0,0.041602,0.0,0.0,0.122171,0.043072,0.048237,0.048367,0.023529,0.081018,0.066916,0.015352,0.0,0.0,0.0,0.015105,0.0,0.0,0.056803,0.0527,0.053956,0.0,0.079317,0.084342,0.0,0.012903
2023-02-01,0.009898,0.094568,0.051055,0.0,0.041741,0.0,0.0,0.119429,0.042964,0.04717,0.048597,0.023949,0.081198,0.067283,0.01534,0.0,0.0,0.0,0.015561,0.0,0.0,0.057375,0.053171,0.053449,0.0,0.079688,0.084697,0.0,0.012867
2023-02-02,0.010156,0.094979,0.051063,0.0,0.042009,0.0,0.0,0.119793,0.043192,0.046212,0.049101,0.024761,0.080852,0.066874,0.015412,0.0,0.0,0.0,0.015835,0.0,0.0,0.056327,0.052075,0.053799,0.0,0.079859,0.084796,0.0,0.012904
2023-02-03,0.010238,0.095018,0.051007,0.0,0.04191,0.0,0.0,0.12065,0.043559,0.046591,0.049354,0.024439,0.081456,0.067305,0.015248,0.0,0.0,0.0,0.015744,0.0,0.0,0.055494,0.050179,0.054063,0.0,0.079825,0.084881,0.0,0.013039
2023-02-06,0.010136,0.094484,0.050808,0.0,0.041191,0.0,0.0,0.121134,0.043776,0.046624,0.049493,0.024148,0.081428,0.067743,0.015459,0.0,0.0,0.0,0.015588,0.0,0.0,0.055902,0.050223,0.054212,0.0,0.079554,0.084989,0.0,0.013108
2023-02-07,0.010085,0.094782,0.051337,0.0,0.04101,0.0,0.0,0.120424,0.044096,0.04794,0.049443,0.024305,0.081615,0.067179,0.015388,0.0,0.0,0.0,0.015832,0.0,0.0,0.055723,0.049771,0.054124,0.0,0.079032,0.084858,0.0,0.013054
2023-02-08,0.010103,0.094458,0.05081,0.0,0.04098,0.0,0.0,0.12229,0.043865,0.047545,0.049199,0.023785,0.081433,0.066712,0.015141,0.0,0.0,0.0,0.015599,0.0,0.0,0.0559,0.050051,0.054324,0.0,0.07938,0.085358,0.0,0.013065
2023-02-09,0.010191,0.095102,0.051125,0.0,0.041721,0.0,0.0,0.122131,0.0436,0.047381,0.049008,0.023832,0.081135,0.06676,0.015011,0.0,0.0,0.0,0.015512,0.0,0.0,0.055744,0.049572,0.054251,0.0,0.07943,0.085364,0.0,0.013134
2023-02-10,0.010044,0.09403,0.051252,0.0,0.041106,0.0,0.0,0.121951,0.043603,0.049078,0.049198,0.02382,0.081639,0.067163,0.01526,0.0,0.0,0.0,0.015365,0.0,0.0,0.055671,0.04956,0.054591,0.0,0.078793,0.084783,0.0,0.013094
2023-02-13,0.010104,0.094969,0.051015,0.0,0.041183,0.0,0.0,0.120638,0.043924,0.048753,0.049442,0.024283,0.08198,0.067648,0.015289,0.0,0.0,0.0,0.015386,0.0,0.0,0.055161,0.049259,0.054691,0.0,0.078656,0.084576,0.0,0.013041
2023-02-14,0.010082,0.09561,0.050861,0.0,0.041077,0.0,0.0,0.120846,0.043772,0.048865,0.049405,0.024143,0.081655,0.067166,0.015254,0.0,0.0,0.0,0.015577,0.0,0.0,0.055312,0.049161,0.055231,0.0,0.078455,0.08446,0.0,0.013067
2023-02-15,0.010143,0.095709,0.050461,0.0,0.040773,0.0,0.0,0.12236,0.043909,0.048132,0.049813,0.024288,0.081414,0.067431,0.015384,0.0,0.0,0.0,0.015627,0.0,0.0,0.054871,0.048697,0.054882,0.0,0.078378,0.084631,0.0,0.013095
2023-02-16,0.010194,0.095571,0.05051,0.0,0.04122,0.0,0.0,0.122826,0.043654,0.047864,0.04951,0.024051,0.080948,0.067232,0.015333,0.0,0.0,0.0,0.015481,0.0,0.0,0.055062,0.048784,0.055363,0.0,0.078454,0.08479,0.0,0.013152
2023-02-17,0.01005,0.096076,0.050477,0.0,0.040572,0.0,0.0,0.122364,0.043653,0.046145,0.049819,0.023641,0.081647,0.06808,0.015493,0.0,0.0,0.0,0.015238,0.0,0.0,0.05521,0.049187,0.055618,0.0,0.07865,0.08493,0.0,0.01315
2023-02-20,0.010085,0.096028,0.050452,0.0,0.04101,0.0,0.0,0.122303,0.043631,0.046122,0.049794,0.023629,0.081606,0.068046,0.015486,0.0,0.0,0.0,0.01523,0.0,0.0,0.055182,0.049162,0.05559,0.0,0.078611,0.084888,0.0,0.013145
2023-02-21,0.010074,0.095873,0.050328,0.0,0.040741,0.0,0.0,0.122141,0.043156,0.046349,0.049138,0.022915,0.08135,0.068461,0.015347,0.0,0.0,0.0,0.014957,0.0,0.0,0.055523,0.0498,0.056691,0.0,0.078528,0.085349,0.0,0.013277
2023-02-22,0.010084,0.09577,0.050206,0.0,0.040542,0.0,0.0,0.121097,0.043327,0.046274,0.049264,0.023262,0.081486,0.068705,0.015366,0.0,0.0,0.0,0.01502,0.0,0.0,0.055491,0.049255,0.056703,0.0,0.079067,0.085734,0.0,0.013347
2023-02-23,0.010009,0.096059,0.050543,0.0,0.040551,0.0,0.0,0.120915,0.043221,0.046818,0.049332,0.023468,0.081438,0.068396,0.015235,0.0,0.0,0.0,0.01533,0.0,0.0,0.055279,0.048795,0.056462,0.0,0.079113,0.085732,0.0,0.013304
2023-02-24,0.010027,0.095397,0.050313,0.0,0.040075,0.0,0.0,0.120912,0.043711,0.047248,0.049564,0.023524,0.081231,0.068651,0.0154,0.0,0.0,0.0,0.015346,0.0,0.0,0.055457,0.04795,0.056222,0.0,0.07946,0.086067,0.0,0.013444
2023-02-27,0.010084,0.096531,0.050646,0.0,0.040199,0.0,0.0,0.120563,0.043573,0.047251,0.049859,0.023603,0.08075,0.068378,0.015251,0.0,0.0,0.0,0.015506,0.0,0.0,0.055514,0.047411,0.056005,0.0,0.079472,0.085995,0.0,0.013407
2023-02-28,0.0,0.089609,0.089794,0.0,0.146655,0.040052,0.0,0.0,0.058828,0.058753,0.030875,0.037331,0.127981,0.0,0.0,0.0,0.0,0.0,0.071175,0.0,0.0,0.099245,0.086399,0.0,0.0,0.0,0.0,0.052783,0.010521
2023-03-01,0.0,0.089563,0.089324,0.0,0.148441,0.041316,0.0,0.0,0.058229,0.059502,0.030786,0.036649,0.126897,0.0,0.0,0.0,0.0,0.0,0.070869,0.0,0.0,0.099135,0.086121,0.0,0.0,0.0,0.0,0.052718,0.010451
2023-03-02,0.0,0.08938,0.089177,0.0,0.1483,0.041793,0.0,0.0,0.057794,0.059862,0.031063,0.036763,0.12733,0.0,0.0,0.0,0.0,0.0,0.070886,0.0,0.0,0.098809,0.085665,0.0,0.0,0.0,0.0,0.052757,0.010422
2023-03-03,0.0,0.089596,0.090293,0.0,0.147898,0.041438,0.0,0.0,0.058106,0.060054,0.031077,0.037067,0.127436,0.0,0.0,0.0,0.0,0.0,0.072353,0.0,0.0,0.098844,0.086153,0.0,0.0,0.0,0.0,0.049367,0.010317
2023-03-06,0.0,0.089622,0.090482,0.0,0.148984,0.040974,0.0,0.0,0.058276,0.060207,0.031085,0.03669,0.127643,0.0,0.0,0.0,0.0,0.0,0.072178,0.0,0.0,0.098552,0.085317,0.0,0.0,0.0,0.0,0.049651,0.010339
2023-03-07,0.0,0.089437,0.091403,0.0,0.149214,0.040849,0.0,0.0,0.057864,0.060297,0.031276,0.037092,0.128003,0.0,0.0,0.0,0.0,0.0,0.072386,0.0,0.0,0.098692,0.083043,0.0,0.0,0.0,0.0,0.049907,0.010538
2023-03-08,0.0,0.089679,0.092468,0.0,0.148853,0.040512,0.0,0.0,0.057612,0.059639,0.031329,0.037631,0.127235,0.0,0.0,0.0,0.0,0.0,0.073216,0.0,0.0,0.098581,0.082764,0.0,0.0,0.0,0.0,0.049948,0.010534
2023-03-09,0.0,0.09008,0.093613,0.0,0.149222,0.039633,0.0,0.0,0.056053,0.059628,0.031303,0.037855,0.127728,0.0,0.0,0.0,0.0,0.0,0.073024,0.0,0.0,0.10096,0.084117,0.0,0.0,0.0,0.0,0.046101,0.010682
2023-03-10,0.0,0.089743,0.092882,0.0,0.149274,0.039853,0.0,0.0,0.055268,0.059116,0.03085,0.037302,0.127326,0.0,0.0,0.0,0.0,0.0,0.071763,0.0,0.0,0.103575,0.086398,0.0,0.0,0.0,0.0,0.045921,0.010729
2023-03-13,0.0,0.087917,0.090776,0.0,0.14632,0.03966,0.0,0.0,0.05238,0.057144,0.030268,0.036911,0.126808,0.0,0.0,0.0,0.0,0.0,0.07087,0.0,0.0,0.104544,0.090403,0.0,0.0,0.0,0.0,0.055409,0.010589
2023-03-14,0.0,0.088916,0.089879,0.0,0.145201,0.039597,0.0,0.0,0.053063,0.057302,0.030372,0.037241,0.12704,0.0,0.0,0.0,0.0,0.0,0.071578,0.0,0.0,0.103206,0.089272,0.0,0.0,0.0,0.0,0.056818,0.010515
2023-03-15,0.0,0.087059,0.089597,0.0,0.143958,0.039654,0.0,0.0,0.052555,0.055176,0.030144,0.03744,0.129155,0.0,0.0,0.0,0.0,0.0,0.071144,0.0,0.0,0.105835,0.09134,0.0,0.0,0.0,0.0,0.056245,0.010698
2023-03-16,0.0,0.087127,0.090137,0.0,0.144746,0.039557,0.0,0.0,0.052806,0.054991,0.030103,0.037764,0.128528,0.0,0.0,0.0,0.0,0.0,0.072657,0.0,0.0,0.104557,0.089695,0.0,0.0,0.0,0.0,0.05678,0.010552
2023-03-17,0.0,0.085583,0.089327,0.0,0.144039,0.039323,0.0,0.0,0.050965,0.053976,0.029528,0.037329,0.126525,0.0,0.0,0.0,0.0,0.0,0.071762,0.0,0.0,0.107305,0.092636,0.0,0.0,0.0,0.0,0.06118,0.010523
2023-03-20,0.0,0.086394,0.089729,0.0,0.142962,0.038785,0.0,0.0,0.051023,0.054512,0.029623,0.037036,0.126861,0.0,0.0,0.0,0.0,0.0,0.071919,0.0,0.0,0.106284,0.091986,0.0,0.0,0.0,0.0,0.062466,0.010421
2023-03-21,0.0,0.087333,0.089552,0.0,0.14292,0.039069,0.0,0.0,0.051891,0.055941,0.029723,0.037109,0.126594,0.0,0.0,0.0,0.0,0.0,0.072699,0.0,0.0,0.103431,0.090578,0.0,0.0,0.0,0.0,0.062825,0.010335
2023-03-22,0.0,0.087251,0.089732,0.0,0.145039,0.039374,0.0,0.0,0.050935,0.055016,0.029295,0.036734,0.125284,0.0,0.0,0.0,0.0,0.0,0.072217,0.0,0.0,0.1057,0.093497,0.0,0.0,0.0,0.0,0.059539,0.010388
2023-03-23,0.0,0.086392,0.089225,0.0,0.146499,0.040049,0.0,0.0,0.050086,0.053711,0.028917,0.03649,0.123793,0.0,0.0,0.0,0.0,0.0,0.072143,0.0,0.0,0.105954,0.093351,0.0,0.0,0.0,0.0,0.063107,0.010283
2023-03-24,0.0,0.086053,0.089843,0.0,0.144796,0.040002,0.0,0.0,0.05025,0.054131,0.029151,0.036818,0.126002,0.0,0.0,0.0,0.0,0.0,0.07216,0.0,0.0,0.105174,0.093454,0.0,0.0,0.0,0.0,0.061842,0.010325
2023-03-27,0.0,0.087062,0.090242,0.0,0.144074,0.039422,0.0,0.0,0.05095,0.055288,0.029397,0.036701,0.126524,0.0,0.0,0.0,0.0,0.0,0.07252,0.0,0.0,0.104206,0.093459,0.0,0.0,0.0,0.0,0.059827,0.010328
2023-03-28,0.0,0.086424,0.089829,0.0,0.145447,0.040445,0.0,0.0,0.050604,0.055778,0.029356,0.036619,0.124947,0.0,0.0,0.0,0.0,0.0,0.071696,0.0,0.0,0.104379,0.093772,0.0,0.0,0.0,0.0,0.060442,0.010262
2023-03-29,0.0,0.087106,0.089442,0.0,0.145074,0.040118,0.0,0.0,0.050929,0.056094,0.029542,0.036557,0.124276,0.0,0.0,0.0,0.0,0.0,0.072488,0.0,0.0,0.10302,0.093056,0.0,0.0,0.0,0.0,0.062119,0.01018
2023-03-30,0.0,0.087807,0.089228,0.0,0.14523,0.040421,0.0,0.0,0.050459,0.055944,0.029396,0.036241,0.124069,0.0,0.0,0.0,0.0,0.0,0.072557,0.0,0.0,0.103219,0.094556,0.0,0.0,0.0,0.0,0.060765,0.01011
2023-03-31,0.0,0.132419,0.05305,0.0,0.015412,0.015898,0.0,0.0,0.015364,0.0,0.07052,0.090062,0.043433,0.044249,0.0,0.0,0.052336,0.0,0.13314,0.0,0.0,0.045951,0.0,0.129488,0.0,0.0,0.080782,0.065683,0.012214
2023-04-03,0.0,0.133206,0.053236,0.0,0.015359,0.015877,0.0,0.0,0.015376,0.0,0.070568,0.090244,0.043871,0.044431,0.0,0.0,0.051827,0.0,0.132785,0.0,0.0,0.046231,0.0,0.129472,0.0,0.0,0.080838,0.064476,0.012204
2023-04-04,0.0,0.133996,0.053524,0.0,0.015452,0.015917,0.0,0.0,0.01532,0.0,0.069385,0.089142,0.04413,0.044597,0.0,0.0,0.051153,0.0,0.131505,0.0,0.0,0.047364,0.0,0.129582,0.0,0.0,0.08154,0.065118,0.012273
2023-04-05,0.0,0.133912,0.052985,0.0,0.015448,0.015806,0.0,0.0,0.015377,0.0,0.06882,0.089,0.045114,0.045027,0.0,0.0,0.050515,0.0,0.129624,0.0,0.0,0.04756,0.0,0.130862,0.0,0.0,0.082135,0.065479,0.012337
2023-04-06,0.0,0.135054,0.052758,0.0,0.015488,0.015999,0.0,0.0,0.015435,0.0,0.0688,0.08785,0.045226,0.045063,0.0,0.0,0.050255,0.0,0.129151,0.0,0.0,0.047221,0.0,0.132143,0.0,0.0,0.082321,0.064896,0.012338
2023-04-10,0.0,0.134296,0.052353,0.0,0.015401,0.015846,0.0,0.0,0.015382,0.0,0.069037,0.088232,0.044942,0.044811,0.0,0.0,0.050856,0.0,0.129422,0.0,0.0,0.046609,0.0,0.13172,0.0,0.0,0.081277,0.067548,0.012269
2023-04-11,0.0,0.133849,0.052147,0.0,0.015437,0.015741,0.0,0.0,0.015404,0.0,0.068949,0.089793,0.044769,0.044618,0.0,0.0,0.050224,0.0,0.128698,0.0,0.0,0.046565,0.0,0.131655,0.0,0.0,0.080831,0.069134,0.012184
2023-04-12,0.0,0.135163,0.052416,0.0,0.015391,0.015354,0.0,0.0,0.0154,0.0,0.069308,0.089756,0.044866,0.0445,0.0,0.0,0.049398,0.0,0.12847,0.0,0.0,0.046881,0.0,0.131459,0.0,0.0,0.081011,0.068418,0.012209
2023-04-13,0.0,0.135727,0.052659,0.0,0.015413,0.015531,0.0,0.0,0.015395,0.0,0.068927,0.088894,0.045032,0.044338,0.0,0.0,0.049348,0.0,0.129409,0.0,0.0,0.047078,0.0,0.130879,0.0,0.0,0.080072,0.069199,0.0121
2023-04-14,0.0,0.135938,0.05243,0.0,0.01535,0.015447,0.0,0.0,0.015596,0.0,0.069061,0.089492,0.044811,0.044195,0.0,0.0,0.049426,0.0,0.128986,0.0,0.0,0.04639,0.0,0.131542,0.0,0.0,0.079974,0.069226,0.012137
2023-04-17,0.0,0.135108,0.052511,0.0,0.015392,0.015748,0.0,0.0,0.015754,0.0,0.069512,0.090285,0.044713,0.044417,0.0,0.0,0.049359,0.0,0.129277,0.0,0.0,0.04612,0.0,0.133185,0.0,0.0,0.079502,0.066994,0.012124
2023-04-18,0.0,0.135086,0.052457,0.0,0.015315,0.015588,0.0,0.0,0.015692,0.0,0.069357,0.091711,0.044098,0.044241,0.0,0.0,0.049227,0.0,0.128993,0.0,0.0,0.045977,0.0,0.132881,0.0,0.0,0.079027,0.068309,0.012041
2023-04-19,0.0,0.135461,0.052299,0.0,0.015233,0.015493,0.0,0.0,0.015808,0.0,0.069649,0.092423,0.044454,0.044433,0.0,0.0,0.048932,0.0,0.129741,0.0,0.0,0.045986,0.0,0.132355,0.0,0.0,0.079343,0.066289,0.012102
2023-04-20,0.0,0.135525,0.052569,0.0,0.015275,0.015402,0.0,0.0,0.015791,0.0,0.069658,0.0942,0.044356,0.044624,0.0,0.0,0.048979,0.0,0.129368,0.0,0.0,0.046255,0.0,0.132419,0.0,0.0,0.079749,0.063705,0.012125
2023-04-21,0.0,0.136738,0.052942,0.0,0.015107,0.015178,0.0,0.0,0.015757,0.0,0.069601,0.094008,0.044721,0.045013,0.0,0.0,0.048692,0.0,0.130595,0.0,0.0,0.045865,0.0,0.131733,0.0,0.0,0.079902,0.062002,0.012144
2023-04-24,0.0,0.136959,0.052784,0.0,0.015016,0.014948,0.0,0.0,0.01568,0.0,0.069594,0.094663,0.04486,0.045083,0.0,0.0,0.048353,0.0,0.129806,0.0,0.0,0.04589,0.0,0.13216,0.0,0.0,0.080009,0.062077,0.012116
2023-04-25,0.0,0.135985,0.052934,0.0,0.014954,0.014701,0.0,0.0,0.015563,0.0,0.068985,0.094533,0.044819,0.045468,0.0,0.0,0.04719,0.0,0.128528,0.0,0.0,0.046579,0.0,0.13302,0.0,0.0,0.081275,0.063229,0.012237
2023-04-26,0.0,0.136613,0.052946,0.0,0.015123,0.014977,0.0,0.0,0.015473,0.0,0.067939,0.093157,0.04435,0.045285,0.0,0.0,0.047622,0.0,0.128546,0.0,0.0,0.046502,0.0,0.133717,0.0,0.0,0.081298,0.064166,0.012284
2023-04-27,0.0,0.136284,0.05306,0.0,0.015011,0.014971,0.0,0.0,0.015504,0.0,0.06832,0.094437,0.043963,0.045154,0.0,0.0,0.047158,0.0,0.129189,0.0,0.0,0.045858,0.0,0.131608,0.0,0.0,0.0799,0.067467,0.012116
2023-04-28,0.024182,0.064079,0.053353,0.0,0.078541,0.041634,0.0,0.0,0.0,0.0,0.118408,0.01427,0.0,0.099972,0.0,0.036588,0.044776,0.0,0.060113,0.0,0.0,0.125857,0.0,0.0,0.0,0.0,0.142409,0.091015,0.004802
2023-05-01,0.024312,0.064432,0.053575,0.0,0.078961,0.041691,0.0,0.0,0.0,0.0,0.119685,0.014229,0.0,0.100585,0.0,0.036805,0.045423,0.0,0.060944,0.0,0.0,0.125963,0.0,0.0,0.0,0.0,0.141982,0.086586,0.004828
2023-05-02,0.023951,0.063681,0.053128,0.0,0.077783,0.040928,0.0,0.0,0.0,0.0,0.118435,0.014212,0.0,0.100312,0.0,0.036462,0.045098,0.0,0.060119,0.0,0.0,0.128394,0.0,0.0,0.0,0.0,0.143066,0.089602,0.004831
2023-05-03,0.024143,0.063911,0.053471,0.0,0.078187,0.040866,0.0,0.0,0.0,0.0,0.118034,0.014347,0.0,0.099538,0.0,0.03617,0.0446,0.0,0.060339,0.0,0.0,0.129539,0.0,0.0,0.0,0.0,0.143782,0.08824,0.004833
2023-05-04,0.023831,0.063506,0.053503,0.0,0.07841,0.041507,0.0,0.0,0.0,0.0,0.1166,0.01409,0.0,0.099165,0.0,0.035951,0.044293,0.0,0.060408,0.0,0.0,0.130284,0.0,0.0,0.0,0.0,0.14356,0.090065,0.004827
2023-05-05,0.023969,0.063875,0.053731,0.0,0.07857,0.041583,0.0,0.0,0.0,0.0,0.117288,0.014152,0.0,0.099179,0.0,0.036519,0.044869,0.0,0.060774,0.0,0.0,0.127084,0.0,0.0,0.0,0.0,0.141975,0.091648,0.004784
2023-05-08,0.024167,0.064411,0.054055,0.0,0.079216,0.042021,0.0,0.0,0.0,0.0,0.117825,0.014351,0.0,0.099697,0.0,0.0368,0.045429,0.0,0.061322,0.0,0.0,0.128287,0.0,0.0,0.0,0.0,0.142609,0.084985,0.004825
2023-05-09,0.024198,0.06393,0.05466,0.0,0.078833,0.041372,0.0,0.0,0.0,0.0,0.118134,0.014365,0.0,0.099426,0.0,0.036532,0.044674,0.0,0.06125,0.0,0.0,0.129248,0.0,0.0,0.0,0.0,0.142457,0.086094,0.004827
2023-05-10,0.024178,0.063789,0.054335,0.0,0.078897,0.041176,0.0,0.0,0.0,0.0,0.117595,0.014359,0.0,0.099177,0.0,0.036943,0.045086,0.0,0.061894,0.0,0.0,0.128942,0.0,0.0,0.0,0.0,0.142792,0.086013,0.004823
2023-05-11,0.02423,0.063837,0.054766,0.0,0.078671,0.04171,0.0,0.0,0.0,0.0,0.117475,0.014449,0.0,0.099979,0.0,0.036964,0.045018,0.0,0.061989,0.0,0.0,0.128483,0.0,0.0,0.0,0.0,0.14383,0.083749,0.004849
2023-05-12,0.024293,0.063886,0.055223,0.0,0.078375,0.040796,0.0,0.0,0.0,0.0,0.117968,0.014413,0.0,0.100719,0.0,0.037043,0.045133,0.0,0.061912,0.0,0.0,0.128709,0.0,0.0,0.0,0.0,0.143818,0.082848,0.004865
2023-05-15,0.02414,0.06375,0.055022,0.0,0.078743,0.042032,0.0,0.0,0.0,0.0,0.117409,0.014349,0.0,0.09951,0.0,0.036993,0.045915,0.0,0.062215,0.0,0.0,0.127752,0.0,0.0,0.0,0.0,0.142235,0.085116,0.00482
2023-05-16,0.024258,0.06356,0.055328,0.0,0.079315,0.041927,0.0,0.0,0.0,0.0,0.116695,0.01444,0.0,0.099415,0.0,0.037312,0.046175,0.0,0.06249,0.0,0.0,0.127108,0.0,0.0,0.0,0.0,0.14293,0.084191,0.004857
2023-05-17,0.024123,0.063479,0.055393,0.0,0.078758,0.041395,0.0,0.0,0.0,0.0,0.118042,0.014511,0.0,0.09881,0.0,0.037599,0.047053,0.0,0.062748,0.0,0.0,0.125963,0.0,0.0,0.0,0.0,0.142069,0.085228,0.00483
2023-05-18,0.024361,0.063417,0.055454,0.0,0.078635,0.040698,0.0,0.0,0.0,0.0,0.11901,0.014699,0.0,0.098423,0.0,0.038404,0.048585,0.0,0.064092,0.0,0.0,0.124446,0.0,0.0,0.0,0.0,0.141732,0.083209,0.004836
2023-05-19,0.024426,0.063784,0.055458,0.0,0.078685,0.040494,0.0,0.0,0.0,0.0,0.118538,0.014407,0.0,0.098333,0.0,0.038327,0.048259,0.0,0.064354,0.0,0.0,0.12548,0.0,0.0,0.0,0.0,0.141171,0.083454,0.004829
2023-05-22,0.024468,0.063701,0.055702,0.0,0.079352,0.041062,0.0,0.0,0.0,0.0,0.118511,0.014188,0.0,0.096841,0.0,0.038399,0.048424,0.0,0.064982,0.0,0.0,0.125183,0.0,0.0,0.0,0.0,0.140906,0.083452,0.004829
2023-05-23,0.024524,0.063226,0.055302,0.0,0.079163,0.040223,0.0,0.0,0.0,0.0,0.117938,0.014004,0.0,0.096829,0.0,0.038107,0.048174,0.0,0.063943,0.0,0.0,0.126246,0.0,0.0,0.0,0.0,0.142366,0.085088,0.004865
2023-05-24,0.024399,0.06297,0.05536,0.0,0.079179,0.039957,0.0,0.0,0.0,0.0,0.11779,0.014182,0.0,0.097336,0.0,0.038274,0.04787,0.0,0.064499,0.0,0.0,0.126703,0.0,0.0,0.0,0.0,0.143591,0.082969,0.004922
2023-05-25,0.024321,0.062556,0.055455,0.0,0.078538,0.038999,0.0,0.0,0.0,0.0,0.11771,0.014182,0.0,0.096214,0.0,0.039585,0.050856,0.0,0.066186,0.0,0.0,0.124988,0.0,0.0,0.0,0.0,0.142375,0.083132,0.004905
2023-05-26,0.02435,0.062521,0.055003,0.0,0.07875,0.039247,0.0,0.0,0.0,0.0,0.117233,0.014037,0.0,0.095438,0.0,0.040243,0.05356,0.0,0.066546,0.0,0.0,0.124051,0.0,0.0,0.0,0.0,0.140915,0.083259,0.004848
2023-05-29,0.02435,0.062521,0.055002,0.0,0.07875,0.039247,0.0,0.0,0.0,0.0,0.117233,0.014037,0.0,0.095438,0.0,0.040243,0.05356,0.0,0.066546,0.0,0.0,0.124051,0.0,0.0,0.0,0.0,0.140915,0.083259,0.004849
2023-05-30,0.024321,0.061737,0.054529,0.0,0.077956,0.038066,0.0,0.0,0.0,0.0,0.116802,0.014029,0.0,0.094143,0.0,0.04037,0.053399,0.0,0.067348,0.0,0.0,0.12455,0.0,0.0,0.0,0.0,0.141173,0.086738,0.004839
2023-05-31,0.034247,0.07201,0.04225,0.0,0.05652,0.034847,0.0,0.0,0.0,0.0,0.0,0.148792,0.042038,0.106292,0.0,0.066375,0.014673,0.0,0.066834,0.0,0.0,0.073057,0.02462,0.050034,0.0,0.0,0.106744,0.05558,0.005087
2023-06-01,0.034313,0.0721,0.042859,0.0,0.057112,0.035361,0.0,0.0,0.0,0.0,0.0,0.149294,0.041873,0.105097,0.0,0.066351,0.01477,0.0,0.067447,0.0,0.0,0.072866,0.024746,0.050239,0.0,0.0,0.1058,0.054738,0.005034
2023-06-02,0.034449,0.072029,0.043131,0.0,0.057688,0.035843,0.0,0.0,0.0,0.0,0.0,0.15295,0.041874,0.105197,0.0,0.065886,0.014549,0.0,0.067551,0.0,0.0,0.070884,0.024144,0.04989,0.0,0.0,0.10395,0.055017,0.00497
2023-06-05,0.034698,0.071898,0.043208,0.0,0.057747,0.035869,0.0,0.0,0.0,0.0,0.0,0.152812,0.04225,0.105374,0.0,0.065859,0.0144,0.0,0.068443,0.0,0.0,0.071693,0.024217,0.050086,0.0,0.0,0.104644,0.051804,0.004999
2023-06-06,0.034318,0.071414,0.043629,0.0,0.05764,0.036027,0.0,0.0,0.0,0.0,0.0,0.155959,0.04146,0.103746,0.0,0.065155,0.014422,0.0,0.068299,0.0,0.0,0.071022,0.023975,0.049966,0.0,0.0,0.103608,0.054412,0.004947
2023-06-07,0.03457,0.071641,0.042831,0.0,0.05822,0.035869,0.0,0.0,0.0,0.0,0.0,0.157541,0.041611,0.104191,0.0,0.064669,0.01451,0.0,0.067186,0.0,0.0,0.070702,0.024001,0.050035,0.0,0.0,0.103911,0.053527,0.004985
2023-06-08,0.03437,0.071972,0.042898,0.0,0.057943,0.036041,0.0,0.0,0.0,0.0,0.0,0.155939,0.041589,0.104183,0.0,0.064918,0.014557,0.0,0.067223,0.0,0.0,0.071142,0.024711,0.050522,0.0,0.0,0.103704,0.053337,0.00495
2023-06-09,0.034452,0.071529,0.043378,0.0,0.058347,0.035987,0.0,0.0,0.0,0.0,0.0,0.155971,0.04171,0.103994,0.0,0.065229,0.014593,0.0,0.067521,0.0,0.0,0.070938,0.024674,0.050394,0.0,0.0,0.103397,0.052934,0.00495
2023-06-12,0.034383,0.0715,0.043441,0.0,0.058035,0.035815,0.0,0.0,0.0,0.0,0.0,0.157452,0.04166,0.103469,0.0,0.066328,0.014991,0.0,0.068313,0.0,0.0,0.070537,0.024346,0.050271,0.0,0.0,0.102989,0.05154,0.004929
2023-06-13,0.034641,0.071698,0.043847,0.0,0.058388,0.036131,0.0,0.0,0.0,0.0,0.0,0.15771,0.041662,0.103378,0.0,0.0664,0.015116,0.0,0.06913,0.0,0.0,0.06967,0.023852,0.050163,0.0,0.0,0.101954,0.051355,0.004904
2023-06-14,0.034797,0.071869,0.043997,0.0,0.0586,0.036653,0.0,0.0,0.0,0.0,0.0,0.155179,0.041188,0.103892,0.0,0.067008,0.015314,0.0,0.069333,0.0,0.0,0.069628,0.024077,0.050176,0.0,0.0,0.102094,0.051296,0.004899
2023-06-15,0.034612,0.072156,0.043519,0.0,0.058451,0.037027,0.0,0.0,0.0,0.0,0.0,0.156794,0.041431,0.10394,0.0,0.067228,0.015043,0.0,0.069377,0.0,0.0,0.069454,0.023816,0.050563,0.0,0.0,0.101767,0.049968,0.004854
2023-06-16,0.034696,0.072027,0.043059,0.0,0.058424,0.036889,0.0,0.0,0.0,0.0,0.0,0.156481,0.041386,0.10396,0.0,0.066606,0.014889,0.0,0.069004,0.0,0.0,0.069277,0.024053,0.051187,0.0,0.0,0.101402,0.051811,0.004849
2023-06-19,0.034515,0.072061,0.043079,0.0,0.058176,0.036906,0.0,0.0,0.0,0.0,0.0,0.156555,0.041405,0.104009,0.0,0.066638,0.014896,0.0,0.069036,0.0,0.0,0.06931,0.024064,0.051212,0.0,0.0,0.101449,0.051835,0.004853
2023-06-20,0.034378,0.071251,0.042611,0.0,0.057469,0.035508,0.0,0.0,0.0,0.0,0.0,0.158596,0.041482,0.103525,0.0,0.066384,0.014819,0.0,0.068516,0.0,0.0,0.068796,0.023134,0.051153,0.0,0.0,0.101968,0.055542,0.004867
2023-06-21,0.034267,0.070906,0.042994,0.0,0.057011,0.035104,0.0,0.0,0.0,0.0,0.0,0.159069,0.041368,0.103591,0.0,0.065213,0.014417,0.0,0.067525,0.0,0.0,0.068499,0.022612,0.051542,0.0,0.0,0.101683,0.059345,0.004853
2023-06-22,0.034247,0.070774,0.042727,0.0,0.056934,0.035037,0.0,0.0,0.0,0.0,0.0,0.159048,0.041737,0.10441,0.0,0.065881,0.014514,0.0,0.067104,0.0,0.0,0.067959,0.022322,0.051228,0.0,0.0,0.101535,0.059679,0.004864
2023-06-23,0.034188,0.070303,0.041905,0.0,0.056416,0.03449,0.0,0.0,0.0,0.0,0.0,0.160694,0.04183,0.104297,0.0,0.065529,0.014337,0.0,0.06569,0.0,0.0,0.068526,0.0225,0.050527,0.0,0.0,0.102346,0.06153,0.004892
2023-06-26,0.034252,0.070493,0.041962,0.0,0.056821,0.034678,0.0,0.0,0.0,0.0,0.0,0.160993,0.041649,0.104582,0.0,0.065148,0.014404,0.0,0.065356,0.0,0.0,0.068739,0.022882,0.05055,0.0,0.0,0.102534,0.060058,0.0049
2023-06-27,0.034012,0.070496,0.0417,0.0,0.056675,0.03509,0.0,0.0,0.0,0.0,0.0,0.164442,0.041139,0.103846,0.0,0.065768,0.014758,0.0,0.065683,0.0,0.0,0.06774,0.02274,0.049533,0.0,0.0,0.101228,0.060299,0.004851
2023-06-28,0.034295,0.070622,0.042274,0.0,0.05645,0.034903,0.0,0.0,0.0,0.0,0.0,0.164465,0.041115,0.103415,0.0,0.065979,0.014682,0.0,0.066392,0.0,0.0,0.067761,0.022647,0.049103,0.0,0.0,0.1017,0.059333,0.004864
2023-06-29,0.034364,0.070575,0.042096,0.0,0.056333,0.034403,0.0,0.0,0.0,0.0,0.0,0.164695,0.041416,0.103401,0.0,0.066149,0.014699,0.0,0.066312,0.0,0.0,0.067743,0.022535,0.048862,0.0,0.0,0.101113,0.060435,0.004868
2023-06-30,0.078348,0.051199,0.02716,0.0,0.012992,0.0,0.0,0.040987,0.0,0.0,0.0,0.023532,0.0,0.149013,0.0,0.059663,0.035772,0.0,0.060214,0.0,0.0,0.0915,0.0,0.064488,0.0,0.078573,0.0785,0.143957,0.004101
2023-07-03,0.078032,0.050754,0.027085,0.0,0.013031,0.0,0.0,0.040834,0.0,0.0,0.0,0.023269,0.0,0.149308,0.0,0.059191,0.035881,0.0,0.060136,0.0,0.0,0.091072,0.0,0.064844,0.0,0.077779,0.077953,0.146754,0.004077
2023-07-04,0.078051,0.050748,0.027082,0.0,0.013115,0.0,0.0,0.040829,0.0,0.0,0.0,0.023267,0.0,0.149291,0.0,0.059184,0.035877,0.0,0.060129,0.0,0.0,0.091062,0.0,0.064837,0.0,0.07777,0.077944,0.146738,0.004077
2023-07-05,0.078492,0.050515,0.027089,0.0,0.01307,0.0,0.0,0.041158,0.0,0.0,0.0,0.023205,0.0,0.150301,0.0,0.05932,0.035383,0.0,0.059927,0.0,0.0,0.091513,0.0,0.065174,0.0,0.078057,0.078234,0.14445,0.004112
2023-07-06,0.077777,0.05002,0.02695,0.0,0.012898,0.0,0.0,0.041313,0.0,0.0,0.0,0.022759,0.0,0.151137,0.0,0.059643,0.035221,0.0,0.059186,0.0,0.0,0.091982,0.0,0.065642,0.0,0.078049,0.078455,0.144822,0.004147
2023-07-07,0.078403,0.050356,0.027341,0.0,0.013073,0.0,0.0,0.041339,0.0,0.0,0.0,0.022814,0.0,0.149196,0.0,0.059394,0.035243,0.0,0.059748,0.0,0.0,0.09269,0.0,0.065469,0.0,0.077965,0.078418,0.144403,0.004148
2023-07-10,0.077779,0.050333,0.027126,0.0,0.012974,0.0,0.0,0.041131,0.0,0.0,0.0,0.023301,0.0,0.148199,0.0,0.059168,0.035745,0.0,0.060122,0.0,0.0,0.092168,0.0,0.065111,0.0,0.077866,0.078099,0.146756,0.004122
2023-07-11,0.077983,0.050759,0.027182,0.0,0.013042,0.0,0.0,0.041328,0.0,0.0,0.0,0.023433,0.0,0.148081,0.0,0.05916,0.035665,0.0,0.060657,0.0,0.0,0.092302,0.0,0.065606,0.0,0.077851,0.077832,0.145006,0.004113
2023-07-12,0.078728,0.051604,0.027182,0.0,0.013277,0.0,0.0,0.041312,0.0,0.0,0.0,0.023887,0.0,0.147394,0.0,0.059416,0.036077,0.0,0.060987,0.0,0.0,0.092903,0.0,0.064603,0.0,0.078066,0.078146,0.142332,0.004085
2023-07-13,0.078109,0.051679,0.027201,0.0,0.013226,0.0,0.0,0.04065,0.0,0.0,0.0,0.023741,0.0,0.14594,0.0,0.059348,0.036307,0.0,0.061407,0.0,0.0,0.091666,0.0,0.064118,0.0,0.077612,0.077446,0.147523,0.004027
2023-07-14,0.079183,0.051906,0.02712,0.0,0.013358,0.0,0.0,0.041106,0.0,0.0,0.0,0.02425,0.0,0.147773,0.0,0.059802,0.036181,0.0,0.061014,0.0,0.0,0.09221,0.0,0.065432,0.0,0.077935,0.077742,0.140923,0.004065
2023-07-17,0.079014,0.051812,0.027123,0.0,0.01329,0.0,0.0,0.041369,0.0,0.0,0.0,0.024159,0.0,0.147279,0.0,0.060544,0.037033,0.0,0.061758,0.0,0.0,0.092241,0.0,0.064953,0.0,0.078034,0.077857,0.139471,0.004065
2023-07-18,0.079122,0.051932,0.027399,0.0,0.013196,0.0,0.0,0.041196,0.0,0.0,0.0,0.024145,0.0,0.146603,0.0,0.061015,0.036971,0.0,0.062265,0.0,0.0,0.09297,0.0,0.06563,0.0,0.077848,0.077547,0.138111,0.004051
2023-07-19,0.079273,0.051724,0.027298,0.0,0.013145,0.0,0.0,0.041147,0.0,0.0,0.0,0.024044,0.0,0.147518,0.0,0.060628,0.036391,0.0,0.061633,0.0,0.0,0.092626,0.0,0.066159,0.0,0.077812,0.077514,0.139052,0.004036
2023-07-20,0.079503,0.051893,0.027126,0.0,0.013116,0.0,0.0,0.041346,0.0,0.0,0.0,0.023573,0.0,0.149833,0.0,0.059837,0.035315,0.0,0.06039,0.0,0.0,0.092809,0.0,0.066778,0.0,0.077742,0.078034,0.138639,0.004065
2023-07-21,0.079385,0.052038,0.027078,0.0,0.013111,0.0,0.0,0.041141,0.0,0.0,0.0,0.023642,0.0,0.150248,0.0,0.059766,0.03561,0.0,0.059955,0.0,0.0,0.092462,0.0,0.066612,0.0,0.077753,0.077981,0.139155,0.004062
2023-07-24,0.079658,0.051918,0.027191,0.0,0.013317,0.0,0.0,0.041412,0.0,0.0,0.0,0.023852,0.0,0.151239,0.0,0.060036,0.035707,0.0,0.059663,0.0,0.0,0.092319,0.0,0.067827,0.0,0.077781,0.078231,0.135776,0.004075
2023-07-25,0.079564,0.051841,0.027134,0.0,0.013379,0.0,0.0,0.041254,0.0,0.0,0.0,0.024103,0.0,0.150689,0.0,0.060519,0.036185,0.0,0.060166,0.0,0.0,0.09252,0.0,0.067628,0.0,0.077374,0.07783,0.135754,0.004061
2023-07-26,0.079381,0.051886,0.027214,0.0,0.013387,0.0,0.0,0.041369,0.0,0.0,0.0,0.0241,0.0,0.150712,0.0,0.059643,0.035648,0.0,0.060497,0.0,0.0,0.092876,0.0,0.067407,0.0,0.077559,0.077778,0.136485,0.004058
2023-07-27,0.080504,0.051934,0.027622,0.0,0.013493,0.0,0.0,0.041231,0.0,0.0,0.0,0.024037,0.0,0.1504,0.0,0.059875,0.036566,0.0,0.060326,0.0,0.0,0.092039,0.0,0.067258,0.0,0.077237,0.077733,0.13566,0.004086
2023-07-28,0.079918,0.052028,0.027593,0.0,0.013597,0.0,0.0,0.041205,0.0,0.0,0.0,0.024183,0.0,0.150939,0.0,0.060283,0.037114,0.0,0.060128,0.0,0.0,0.092151,0.0,0.066444,0.0,0.076968,0.077508,0.135883,0.004059
2023-07-31,0.121669,0.0,0.015039,0.0,0.0,0.0,0.03524,0.101923,0.0,0.0,0.026496,0.109998,0.045214,0.091996,0.0,0.053406,0.029587,0.0,0.053748,0.0,0.0,0.032172,0.0,0.0,0.0,0.051004,0.079805,0.137508,0.015193
2023-08-01,0.121301,0.0,0.014912,0.0,0.0,0.0,0.034683,0.101633,0.0,0.0,0.026667,0.111047,0.045133,0.091812,0.0,0.053679,0.029708,0.0,0.053174,0.0,0.0,0.031948,0.0,0.0,0.0,0.05088,0.079601,0.138574,0.01525
2023-08-02,0.12104,0.0,0.014786,0.0,0.0,0.0,0.034786,0.100929,0.0,0.0,0.026666,0.110976,0.04564,0.093115,0.0,0.052905,0.028873,0.0,0.051828,0.0,0.0,0.032131,0.0,0.0,0.0,0.051315,0.080298,0.1393,0.015412
2023-08-03,0.121099,0.0,0.014785,0.0,0.0,0.0,0.034233,0.101162,0.0,0.0,0.026627,0.109632,0.045631,0.093306,0.0,0.052944,0.028938,0.0,0.051797,0.0,0.0,0.032276,0.0,0.0,0.0,0.051182,0.080185,0.140716,0.015488
2023-08-04,0.121757,0.0,0.01491,0.0,0.0,0.0,0.03395,0.102043,0.0,0.0,0.026435,0.111071,0.045418,0.092272,0.0,0.052164,0.028859,0.0,0.051682,0.0,0.0,0.032356,0.0,0.0,0.0,0.051667,0.080868,0.139072,0.015475
2023-08-07,0.120572,0.0,0.014977,0.0,0.0,0.0,0.033775,0.102013,0.0,0.0,0.026655,0.111905,0.045763,0.092662,0.0,0.052106,0.029049,0.0,0.051629,0.0,0.0,0.032156,0.0,0.0,0.0,0.051341,0.08062,0.139359,0.015418
2023-08-08,0.119751,0.0,0.014845,0.0,0.0,0.0,0.033638,0.101413,0.0,0.0,0.026534,0.111704,0.046115,0.091997,0.0,0.051705,0.028587,0.0,0.050713,0.0,0.0,0.031952,0.0,0.0,0.0,0.051601,0.080605,0.143423,0.015418
2023-08-09,0.120717,0.0,0.014809,0.0,0.0,0.0,0.033588,0.102085,0.0,0.0,0.026689,0.111547,0.046396,0.092722,0.0,0.051364,0.028242,0.0,0.049908,0.0,0.0,0.032004,0.0,0.0,0.0,0.051963,0.081082,0.141366,0.015517
2023-08-10,0.121888,0.0,0.01489,0.0,0.0,0.0,0.033787,0.102044,0.0,0.0,0.026647,0.110464,0.04642,0.092646,0.0,0.051431,0.028161,0.0,0.050062,0.0,0.0,0.032007,0.0,0.0,0.0,0.051627,0.080759,0.141627,0.015538
2023-08-11,0.120851,0.0,0.014926,0.0,0.0,0.0,0.03369,0.101875,0.0,0.0,0.0268,0.110812,0.0469,0.093173,0.0,0.05126,0.027591,0.0,0.049736,0.0,0.0,0.032138,0.0,0.0,0.0,0.051563,0.080973,0.14211,0.015602
2023-08-14,0.121091,0.0,0.014776,0.0,0.0,0.0,0.032982,0.101415,0.0,0.0,0.02678,0.111504,0.04699,0.092611,0.0,0.05202,0.028356,0.0,0.050248,0.0,0.0,0.032005,0.0,0.0,0.0,0.051425,0.080717,0.141489,0.015591
2023-08-15,0.120995,0.0,0.014697,0.0,0.0,0.0,0.032816,0.101397,0.0,0.0,0.026581,0.112895,0.04707,0.092109,0.0,0.051785,0.028032,0.0,0.049949,0.0,0.0,0.032092,0.0,0.0,0.0,0.051603,0.080898,0.141406,0.015676
2023-08-16,0.121291,0.0,0.014607,0.0,0.0,0.0,0.032918,0.102353,0.0,0.0,0.026602,0.11137,0.047011,0.092484,0.0,0.051619,0.027666,0.0,0.049351,0.0,0.0,0.032111,0.0,0.0,0.0,0.051733,0.081175,0.141933,0.015777
2023-08-17,0.122105,0.0,0.01478,0.0,0.0,0.0,0.033232,0.103624,0.0,0.0,0.026804,0.108315,0.047391,0.093071,0.0,0.051956,0.027838,0.0,0.049313,0.0,0.0,0.03258,0.0,0.0,0.0,0.052502,0.082464,0.13799,0.016035
2023-08-18,0.122114,0.0,0.014934,0.0,0.0,0.0,0.033735,0.104751,0.0,0.0,0.027065,0.10973,0.047781,0.094149,0.0,0.052443,0.028207,0.0,0.049778,0.0,0.0,0.032841,0.0,0.0,0.0,0.053073,0.083254,0.129982,0.016163
2023-08-21,0.122222,0.0,0.014931,0.0,0.0,0.0,0.033347,0.105293,0.0,0.0,0.027004,0.108734,0.047781,0.093419,0.0,0.053388,0.028987,0.0,0.050274,0.0,0.0,0.032896,0.0,0.0,0.0,0.052689,0.082945,0.129942,0.016149
2023-08-22,0.123061,0.0,0.01501,0.0,0.0,0.0,0.034101,0.105121,0.0,0.0,0.026952,0.109623,0.047633,0.092931,0.0,0.053351,0.028744,0.0,0.050041,0.0,0.0,0.032965,0.0,0.0,0.0,0.052734,0.083123,0.128452,0.016157
2023-08-23,0.122115,0.0,0.014995,0.0,0.0,0.0,0.034741,0.105259,0.0,0.0,0.026846,0.109309,0.047103,0.092231,0.0,0.053548,0.028918,0.0,0.050378,0.0,0.0,0.03283,0.0,0.0,0.0,0.052555,0.082693,0.130548,0.015932
2023-08-24,0.122858,0.0,0.014977,0.0,0.0,0.0,0.034784,0.105512,0.0,0.0,0.026838,0.108996,0.047255,0.092594,0.0,0.052942,0.028299,0.0,0.050085,0.0,0.0,0.033218,0.0,0.0,0.0,0.052989,0.083308,0.129224,0.016121
2023-08-25,0.122388,0.0,0.015062,0.0,0.0,0.0,0.034504,0.105541,0.0,0.0,0.027078,0.10787,0.047625,0.093155,0.0,0.053508,0.028435,0.0,0.050364,0.0,0.0,0.033191,0.0,0.0,0.0,0.052999,0.083334,0.128807,0.016138
2023-08-28,0.121848,0.0,0.015173,0.0,0.0,0.0,0.034769,0.105364,0.0,0.0,0.027179,0.108309,0.047525,0.093167,0.0,0.053708,0.028668,0.0,0.050823,0.0,0.0,0.03314,0.0,0.0,0.0,0.052912,0.083014,0.128335,0.016066
2023-08-29,0.122007,0.0,0.014967,0.0,0.0,0.0,0.034545,0.103948,0.0,0.0,0.026828,0.108638,0.046975,0.091596,0.0,0.053669,0.028822,0.0,0.050703,0.0,0.0,0.032782,0.0,0.0,0.0,0.052204,0.081724,0.13485,0.015741
2023-08-30,0.122975,0.0,0.014947,0.0,0.0,0.0,0.034228,0.103856,0.0,0.0,0.026963,0.110227,0.046963,0.091791,0.0,0.0541,0.028971,0.0,0.051146,0.0,0.0,0.03288,0.0,0.0,0.0,0.052223,0.08164,0.131337,0.015752
2023-08-31,0.168681,0.0,0.0,0.0,0.0,0.0,0.089781,0.077788,0.0,0.0,0.069135,0.099606,0.0,0.157518,0.011291,0.076479,0.049792,0.019954,0.022503,0.0,0.0,0.0,0.0,0.120746,0.0,0.0,0.0,0.032616,0.00411
2023-09-01,0.168247,0.0,0.0,0.0,0.0,0.0,0.091263,0.078064,0.0,0.0,0.069321,0.10079,0.0,0.155775,0.011205,0.076517,0.049793,0.019933,0.022446,0.0,0.0,0.0,0.0,0.120657,0.0,0.0,0.0,0.031891,0.004099
2023-09-04,0.168214,0.0,0.0,0.0,0.0,0.0,0.091266,0.078067,0.0,0.0,0.069323,0.100794,0.0,0.155781,0.011205,0.07652,0.049795,0.019933,0.022446,0.0,0.0,0.0,0.0,0.120662,0.0,0.0,0.0,0.031892,0.004101
2023-09-05,0.168943,0.0,0.0,0.0,0.0,0.0,0.091134,0.078851,0.0,0.0,0.06867,0.096898,0.0,0.155604,0.011116,0.077372,0.050153,0.02013,0.022489,0.0,0.0,0.0,0.0,0.122352,0.0,0.0,0.0,0.032156,0.004132
2023-09-06,0.168081,0.0,0.0,0.0,0.0,0.0,0.090293,0.078817,0.0,0.0,0.068625,0.098254,0.0,0.155998,0.011182,0.076833,0.049972,0.020144,0.022469,0.0,0.0,0.0,0.0,0.12291,0.0,0.0,0.0,0.032274,0.004148
2023-09-07,0.168257,0.0,0.0,0.0,0.0,0.0,0.088793,0.07973,0.0,0.0,0.068601,0.09928,0.0,0.156831,0.011362,0.075945,0.048973,0.020084,0.022271,0.0,0.0,0.0,0.0,0.123049,0.0,0.0,0.0,0.032664,0.004161
2023-09-08,0.16854,0.0,0.0,0.0,0.0,0.0,0.089881,0.080438,0.0,0.0,0.068146,0.098673,0.0,0.156769,0.011443,0.075978,0.048639,0.020093,0.021996,0.0,0.0,0.0,0.0,0.122565,0.0,0.0,0.0,0.032684,0.004156
2023-09-11,0.167979,0.0,0.0,0.0,0.0,0.0,0.091551,0.080753,0.0,0.0,0.06777,0.098819,0.0,0.157207,0.011423,0.075931,0.048329,0.020163,0.021945,0.0,0.0,0.0,0.0,0.122746,0.0,0.0,0.0,0.031251,0.004132
2023-09-12,0.168737,0.0,0.0,0.0,0.0,0.0,0.092338,0.080423,0.0,0.0,0.067847,0.097144,0.0,0.156599,0.011492,0.074908,0.048147,0.020042,0.021905,0.0,0.0,0.0,0.0,0.123497,0.0,0.0,0.0,0.032771,0.004151
2023-09-13,0.168534,0.0,0.0,0.0,0.0,0.0,0.093275,0.080434,0.0,0.0,0.06733,0.096026,0.0,0.156928,0.011618,0.075024,0.048347,0.019958,0.021748,0.0,0.0,0.0,0.0,0.123769,0.0,0.0,0.0,0.032861,0.004147
2023-09-14,0.168056,0.0,0.0,0.0,0.0,0.0,0.094152,0.079934,0.0,0.0,0.067362,0.096598,0.0,0.157048,0.011679,0.074866,0.04824,0.019891,0.02168,0.0,0.0,0.0,0.0,0.123174,0.0,0.0,0.0,0.03321,0.00411
2023-09-15,0.168824,0.0,0.0,0.0,0.0,0.0,0.094586,0.080419,0.0,0.0,0.067573,0.09473,0.0,0.157147,0.011733,0.074085,0.047268,0.019733,0.021561,0.0,0.0,0.0,0.0,0.125006,0.0,0.0,0.0,0.03319,0.004147
2023-09-18,0.16833,0.0,0.0,0.0,0.0,0.0,0.094566,0.080491,0.0,0.0,0.067634,0.095106,0.0,0.157059,0.011722,0.074426,0.047419,0.019711,0.021632,0.0,0.0,0.0,0.0,0.124084,0.0,0.0,0.0,0.033672,0.004147
2023-09-19,0.167704,0.0,0.0,0.0,0.0,0.0,0.094118,0.080357,0.0,0.0,0.067491,0.095457,0.0,0.157015,0.011682,0.074543,0.047118,0.019667,0.021559,0.0,0.0,0.0,0.0,0.12485,0.0,0.0,0.0,0.034282,0.004157
2023-09-20,0.169205,0.0,0.0,0.0,0.0,0.0,0.095067,0.080324,0.0,0.0,0.067378,0.094773,0.0,0.157525,0.01172,0.073537,0.046449,0.019725,0.021369,0.0,0.0,0.0,0.0,0.124795,0.0,0.0,0.0,0.033967,0.004166
2023-09-21,0.168752,0.0,0.0,0.0,0.0,0.0,0.093596,0.081059,0.0,0.0,0.067529,0.093769,0.0,0.158438,0.011817,0.073786,0.046455,0.019736,0.021227,0.0,0.0,0.0,0.0,0.125381,0.0,0.0,0.0,0.034209,0.004246
2023-09-22,0.168726,0.0,0.0,0.0,0.0,0.0,0.093582,0.08118,0.0,0.0,0.067352,0.093988,0.0,0.157712,0.011804,0.074004,0.04688,0.019817,0.021339,0.0,0.0,0.0,0.0,0.125254,0.0,0.0,0.0,0.034112,0.00425
2023-09-25,0.167872,0.0,0.0,0.0,0.0,0.0,0.093233,0.081595,0.0,0.0,0.067807,0.094366,0.0,0.157423,0.011808,0.074371,0.047305,0.019781,0.02142,0.0,0.0,0.0,0.0,0.12484,0.0,0.0,0.0,0.03392,0.004259
2023-09-26,0.16819,0.0,0.0,0.0,0.0,0.0,0.092561,0.081951,0.0,0.0,0.067533,0.094051,0.0,0.158031,0.011585,0.073864,0.046975,0.01975,0.021224,0.0,0.0,0.0,0.0,0.125798,0.0,0.0,0.0,0.034179,0.004307
2023-09-27,0.167975,0.0,0.0,0.0,0.0,0.0,0.091544,0.082548,0.0,0.0,0.068117,0.094393,0.0,0.156919,0.011375,0.074065,0.047445,0.019982,0.021505,0.0,0.0,0.0,0.0,0.125598,0.0,0.0,0.0,0.03422,0.004313
2023-09-28,0.167731,0.0,0.0,0.0,0.0,0.0,0.092038,0.081279,0.0,0.0,0.067871,0.095217,0.0,0.156168,0.011043,0.074008,0.047946,0.019922,0.021599,0.0,0.0,0.0,0.0,0.125712,0.0,0.0,0.0,0.035188,0.00428
2023-09-29,0.182894,0.0,0.011063,0.0,0.0,0.0,0.03312,0.097545,0.0,0.0,0.088723,0.104954,0.0118,0.056324,0.0,0.067417,0.065586,0.061491,0.0,0.0,0.0,0.083287,0.078236,0.032355,0.0,0.0,0.0,0.020612,0.004593
2023-10-02,0.182765,0.0,0.011039,0.0,0.0,0.0,0.032686,0.098163,0.0,0.0,0.088433,0.104579,0.01186,0.056307,0.0,0.068588,0.066349,0.062086,0.0,0.0,0.0,0.082954,0.075188,0.032826,0.0,0.0,0.0,0.021554,0.004624
2023-10-03,0.182106,0.0,0.011002,0.0,0.0,0.0,0.032127,0.098978,0.0,0.0,0.089069,0.102836,0.011923,0.056701,0.0,0.068386,0.065904,0.061811,0.0,0.0,0.0,0.083894,0.076339,0.03297,0.0,0.0,0.0,0.021264,0.00469
2023-10-04,0.18182,0.0,0.010838,0.0,0.0,0.0,0.032073,0.098395,0.0,0.0,0.088992,0.103872,0.011925,0.056919,0.0,0.068957,0.066507,0.06171,0.0,0.0,0.0,0.083543,0.07552,0.032759,0.0,0.0,0.0,0.021498,0.004672
2023-10-05,0.182509,0.0,0.01107,0.0,0.0,0.0,0.032009,0.099223,0.0,0.0,0.088625,0.103513,0.012011,0.055896,0.0,0.069172,0.066303,0.061628,0.0,0.0,0.0,0.083539,0.07542,0.033002,0.0,0.0,0.0,0.021399,0.00468
2023-10-06,0.182316,0.0,0.010966,0.0,0.0,0.0,0.031899,0.098973,0.0,0.0,0.088766,0.10275,0.011993,0.054925,0.0,0.069627,0.06692,0.062487,0.0,0.0,0.0,0.082968,0.076379,0.032822,0.0,0.0,0.0,0.021582,0.004627
2023-10-09,0.181743,0.0,0.010934,0.0,0.0,0.0,0.032192,0.097325,0.0,0.0,0.089642,0.103286,0.011965,0.054659,0.0,0.069586,0.066371,0.062725,0.0,0.0,0.0,0.08401,0.077212,0.032619,0.0,0.0,0.0,0.021128,0.004601
2023-10-10,0.183682,0.0,0.010981,0.0,0.0,0.0,0.032789,0.097567,0.0,0.0,0.089396,0.103643,0.011917,0.054733,0.0,0.069084,0.066634,0.062593,0.0,0.0,0.0,0.083136,0.076232,0.032304,0.0,0.0,0.0,0.02075,0.00456
2023-10-11,0.182639,0.0,0.010919,0.0,0.0,0.0,0.032824,0.097456,0.0,0.0,0.089651,0.104493,0.011827,0.054189,0.0,0.069504,0.066923,0.06261,0.0,0.0,0.0,0.083479,0.076752,0.031993,0.0,0.0,0.0,0.020195,0.004547
2023-10-12,0.184502,0.0,0.011043,0.0,0.0,0.0,0.032458,0.097527,0.0,0.0,0.089624,0.10055,0.011829,0.054072,0.0,0.070186,0.067689,0.062476,0.0,0.0,0.0,0.083962,0.076588,0.032578,0.0,0.0,0.0,0.020329,0.004588
2023-10-13,0.182369,0.0,0.010893,0.0,0.0,0.0,0.032528,0.097721,0.0,0.0,0.088726,0.100592,0.01189,0.054482,0.0,0.0691,0.065769,0.062093,0.0,0.0,0.0,0.086559,0.079641,0.03269,0.0,0.0,0.0,0.020365,0.004583
2023-10-16,0.182361,0.0,0.010836,0.0,0.0,0.0,0.03283,0.097553,0.0,0.0,0.088914,0.100631,0.011878,0.054582,0.0,0.069177,0.06614,0.062573,0.0,0.0,0.0,0.085414,0.078591,0.032445,0.0,0.0,0.0,0.021528,0.004546
2023-10-17,0.182325,0.0,0.010844,0.0,0.0,0.0,0.03265,0.097449,0.0,0.0,0.089076,0.100674,0.011847,0.054746,0.0,0.068767,0.065572,0.06252,0.0,0.0,0.0,0.085462,0.079401,0.032597,0.0,0.0,0.0,0.02153,0.00454
2023-10-18,0.182219,0.0,0.010781,0.0,0.0,0.0,0.032408,0.097221,0.0,0.0,0.0878,0.098928,0.011862,0.055501,0.0,0.068746,0.065038,0.062501,0.0,0.0,0.0,0.087571,0.080315,0.033016,0.0,0.0,0.0,0.021507,0.004586
2023-10-19,0.181707,0.0,0.010747,0.0,0.0,0.0,0.032533,0.097871,0.0,0.0,0.087354,0.097523,0.011794,0.055324,0.0,0.068639,0.064305,0.062018,0.0,0.0,0.0,0.089018,0.081268,0.03323,0.0,0.0,0.0,0.022063,0.004606
2023-10-20,0.180003,0.0,0.010756,0.0,0.0,0.0,0.032603,0.097828,0.0,0.0,0.087101,0.09754,0.011836,0.055525,0.0,0.067985,0.063851,0.06116,0.0,0.0,0.0,0.089932,0.083003,0.033403,0.0,0.0,0.0,0.022834,0.004641
2023-10-23,0.180483,0.0,0.010748,0.0,0.0,0.0,0.032515,0.097188,0.0,0.0,0.086839,0.098405,0.011781,0.05551,0.0,0.068177,0.063593,0.060811,0.0,0.0,0.0,0.089777,0.081781,0.033474,0.0,0.0,0.0,0.024266,0.004651
2023-10-24,0.179588,0.0,0.010757,0.0,0.0,0.0,0.032794,0.096946,0.0,0.0,0.087016,0.097478,0.011753,0.055676,0.0,0.068272,0.064105,0.061335,0.0,0.0,0.0,0.089277,0.081219,0.033261,0.0,0.0,0.0,0.025897,0.004625
2023-10-25,0.180504,0.0,0.010811,0.0,0.0,0.0,0.03275,0.096702,0.0,0.0,0.086674,0.096771,0.011753,0.056368,0.0,0.068075,0.062068,0.060365,0.0,0.0,0.0,0.090461,0.081639,0.033408,0.0,0.0,0.0,0.026983,0.004668
2023-10-26,0.179099,0.0,0.010727,0.0,0.0,0.0,0.03357,0.0961,0.0,0.0,0.086817,0.098389,0.011705,0.056332,0.0,0.067166,0.062061,0.060333,0.0,0.0,0.0,0.091136,0.081766,0.033665,0.0,0.0,0.0,0.026437,0.004696
2023-10-27,0.178507,0.0,0.010807,0.0,0.0,0.0,0.032924,0.096532,0.0,0.0,0.085973,0.097839,0.011497,0.055515,0.0,0.067496,0.062673,0.060349,0.0,0.0,0.0,0.092114,0.082986,0.033943,0.0,0.0,0.0,0.026154,0.004693
2023-10-30,0.178143,0.0,0.010843,0.0,0.0,0.0,0.03234,0.096966,0.0,0.0,0.086688,0.0982,0.011514,0.056152,0.0,0.067943,0.061582,0.060199,0.0,0.0,0.0,0.091221,0.083272,0.033575,0.0,0.0,0.0,0.026687,0.004675
2023-10-31,0.071701,0.0,0.026237,0.038028,0.0,0.0,0.03675,0.092929,0.019025,0.047073,0.038914,0.030611,0.134569,0.0,0.0,0.061017,0.012847,0.061356,0.0,0.0,0.0,0.0,0.0,0.136485,0.0,0.065155,0.070442,0.043913,0.012949
2023-11-01,0.071823,0.0,0.0265,0.037878,0.0,0.0,0.037584,0.092621,0.019015,0.046634,0.038767,0.031463,0.133908,0.0,0.0,0.061762,0.013058,0.060968,0.0,0.0,0.0,0.0,0.0,0.135346,0.0,0.065445,0.07056,0.043806,0.012861
2023-11-02,0.072322,0.0,0.026533,0.03788,0.0,0.0,0.038088,0.09215,0.019175,0.047331,0.038977,0.032055,0.134012,0.0,0.0,0.061874,0.013156,0.060614,0.0,0.0,0.0,0.0,0.0,0.134913,0.0,0.064872,0.069828,0.043549,0.012672
2023-11-03,0.072937,0.0,0.026769,0.038288,0.0,0.0,0.038207,0.09206,0.019269,0.04647,0.038999,0.032818,0.133572,0.0,0.0,0.061998,0.013391,0.060891,0.0,0.0,0.0,0.0,0.0,0.134768,0.0,0.064835,0.069608,0.042556,0.012566
2023-11-06,0.0728,0.0,0.026435,0.037844,0.0,0.0,0.038367,0.092183,0.01922,0.045965,0.038912,0.03248,0.13452,0.0,0.0,0.062433,0.013372,0.060503,0.0,0.0,0.0,0.0,0.0,0.135187,0.0,0.064487,0.069458,0.043259,0.012577
2023-11-07,0.07281,0.0,0.026168,0.037882,0.0,0.0,0.038594,0.092137,0.019173,0.044903,0.038779,0.032853,0.134486,0.0,0.0,0.063055,0.013444,0.061259,0.0,0.0,0.0,0.0,0.0,0.133254,0.0,0.064793,0.069578,0.044267,0.012568
2023-11-08,0.072698,0.0,0.025753,0.037546,0.0,0.0,0.038307,0.092447,0.019208,0.044369,0.038892,0.032858,0.134385,0.0,0.0,0.063453,0.013466,0.061245,0.0,0.0,0.0,0.0,0.0,0.133942,0.0,0.065097,0.069777,0.043978,0.012578
2023-11-09,0.073431,0.0,0.025998,0.03788,0.0,0.0,0.038306,0.092331,0.01923,0.04447,0.039014,0.032578,0.132306,0.0,0.0,0.063493,0.013473,0.06133,0.0,0.0,0.0,0.0,0.0,0.133868,0.0,0.064796,0.069557,0.045292,0.012645
2023-11-10,0.072428,0.0,0.026046,0.037286,0.0,0.0,0.038713,0.092548,0.019297,0.044611,0.03927,0.033042,0.132061,0.0,0.0,0.064644,0.013907,0.061997,0.0,0.0,0.0,0.0,0.0,0.132286,0.0,0.064362,0.069043,0.045914,0.012546
2023-11-13,0.072942,0.0,0.025971,0.03741,0.0,0.0,0.038538,0.092184,0.019223,0.044826,0.039211,0.032807,0.132511,0.0,0.0,0.064115,0.013739,0.06205,0.0,0.0,0.0,0.0,0.0,0.13389,0.0,0.064175,0.068833,0.045052,0.012521
2023-11-14,0.073578,0.0,0.026151,0.037898,0.0,0.0,0.039285,0.092368,0.019338,0.044652,0.039491,0.034396,0.131717,0.0,0.0,0.064568,0.014067,0.063192,0.0,0.0,0.0,0.0,0.0,0.131542,0.0,0.064314,0.068518,0.042562,0.012362
2023-11-15,0.073634,0.0,0.025881,0.038109,0.0,0.0,0.03943,0.091815,0.019388,0.044439,0.03946,0.034099,0.13144,0.0,0.0,0.064463,0.014128,0.062879,0.0,0.0,0.0,0.0,0.0,0.131398,0.0,0.06363,0.068026,0.045453,0.012328
2023-11-16,0.073499,0.0,0.026076,0.037563,0.0,0.0,0.039673,0.092271,0.019546,0.04375,0.039628,0.034225,0.132542,0.0,0.0,0.065049,0.014193,0.062255,0.0,0.0,0.0,0.0,0.0,0.130927,0.0,0.064369,0.068553,0.0435,0.012382
2023-11-17,0.073666,0.0,0.026391,0.037751,0.0,0.0,0.039323,0.092092,0.019578,0.044512,0.039742,0.034332,0.131811,0.0,0.0,0.064687,0.014242,0.062731,0.0,0.0,0.0,0.0,0.0,0.130233,0.0,0.064186,0.068385,0.043995,0.012344
2023-11-20,0.07366,0.0,0.02623,0.037553,0.0,0.0,0.039858,0.091514,0.019533,0.044295,0.039612,0.034254,0.131781,0.0,0.0,0.065213,0.014362,0.063,0.0,0.0,0.0,0.0,0.0,0.129768,0.0,0.063872,0.068158,0.045074,0.012265
2023-11-21,0.073767,0.0,0.02617,0.037463,0.0,0.0,0.039502,0.09171,0.019559,0.044281,0.039658,0.033933,0.132832,0.0,0.0,0.06481,0.01412,0.063173,0.0,0.0,0.0,0.0,0.0,0.130252,0.0,0.064078,0.068145,0.044255,0.012292
2023-11-22,0.073823,0.0,0.026266,0.037683,0.0,0.0,0.039364,0.091775,0.019586,0.044144,0.039641,0.033994,0.133119,0.0,0.0,0.064929,0.014128,0.062957,0.0,0.0,0.0,0.0,0.0,0.129268,0.0,0.06389,0.068033,0.045138,0.012261
2023-11-23,0.073964,0.0,0.026264,0.037609,0.0,0.0,0.039361,0.091768,0.019585,0.044141,0.039638,0.033992,0.133109,0.0,0.0,0.064924,0.014127,0.062952,0.0,0.0,0.0,0.0,0.0,0.129258,0.0,0.063885,0.068027,0.045135,0.012261
2023-11-24,0.074051,0.0,0.02633,0.037696,0.0,0.0,0.039396,0.091782,0.019657,0.04435,0.039758,0.034134,0.133902,0.0,0.0,0.064836,0.014146,0.06347,0.0,0.0,0.0,0.0,0.0,0.127401,0.0,0.063592,0.067781,0.045447,0.012269
2023-11-27,0.074196,0.0,0.026407,0.037771,0.0,0.0,0.039519,0.091919,0.019663,0.044357,0.039681,0.03415,0.133558,0.0,0.0,0.065073,0.014179,0.063732,0.0,0.0,0.0,0.0,0.0,0.126991,0.0,0.064312,0.068255,0.043921,0.012319
2023-11-28,0.074055,0.0,0.026264,0.037527,0.0,0.0,0.039742,0.092247,0.019554,0.044135,0.039379,0.033754,0.132174,0.0,0.0,0.064854,0.014022,0.063566,0.0,0.0,0.0,0.0,0.0,0.128372,0.0,0.064257,0.068162,0.045684,0.012253
2023-11-29,0.073799,0.0,0.026184,0.037617,0.0,0.0,0.039277,0.09234,0.019652,0.043716,0.039447,0.033986,0.131941,0.0,0.0,0.064769,0.014144,0.0646,0.0,0.0,0.0,0.0,0.0,0.128924,0.0,0.064461,0.068294,0.044619,0.012229
2023-11-30,0.050653,0.0,0.053974,0.01964,0.0,0.0,0.0,0.124761,0.027594,0.076445,0.020239,0.0,0.080748,0.043828,0.0,0.050146,0.02288,0.050774,0.0,0.0,0.0,0.061222,0.0,0.062443,0.0,0.06192,0.061897,0.124981,0.005855
2023-12-01,0.050599,0.0,0.053988,0.019798,0.0,0.0,0.0,0.124631,0.027545,0.076134,0.020369,0.0,0.080321,0.043602,0.0,0.049796,0.022776,0.050912,0.0,0.0,0.0,0.061705,0.0,0.061145,0.0,0.061928,0.06164,0.12731,0.005802
2023-12-04,0.049934,0.0,0.052786,0.019656,0.0,0.0,0.0,0.124907,0.027316,0.075239,0.020255,0.0,0.079893,0.043343,0.0,0.048835,0.022358,0.050917,0.0,0.0,0.0,0.059937,0.0,0.060594,0.0,0.061227,0.060941,0.1361,0.00576
2023-12-05,0.049752,0.0,0.052259,0.019532,0.0,0.0,0.0,0.125259,0.027009,0.073457,0.019965,0.0,0.079288,0.04273,0.0,0.048818,0.022091,0.050377,0.0,0.0,0.0,0.059334,0.0,0.060295,0.0,0.06127,0.060885,0.141956,0.005724
2023-12-06,0.049884,0.0,0.052917,0.019572,0.0,0.0,0.0,0.125706,0.02693,0.072512,0.020096,0.0,0.079513,0.04271,0.0,0.048506,0.022001,0.050432,0.0,0.0,0.0,0.059677,0.0,0.059157,0.0,0.061652,0.061076,0.141925,0.005736
2023-12-07,0.049922,0.0,0.053277,0.019769,0.0,0.0,0.0,0.125918,0.027035,0.071955,0.020097,0.0,0.079349,0.042856,0.0,0.049054,0.022571,0.050619,0.0,0.0,0.0,0.059725,0.0,0.059464,0.0,0.061508,0.060972,0.140173,0.005735
2023-12-08,0.049836,0.0,0.052727,0.01986,0.0,0.0,0.0,0.124956,0.027056,0.072407,0.020069,0.0,0.079125,0.042367,0.0,0.04925,0.022647,0.05078,0.0,0.0,0.0,0.058663,0.0,0.059579,0.0,0.060837,0.060623,0.143507,0.00571
2023-12-11,0.050438,0.0,0.05351,0.020064,0.0,0.0,0.0,0.126755,0.027467,0.073152,0.020445,0.0,0.080368,0.04316,0.0,0.050131,0.023632,0.051902,0.0,0.0,0.0,0.058541,0.0,0.059816,0.0,0.061395,0.061045,0.132418,0.005763
2023-12-12,0.050503,0.0,0.053319,0.019932,0.0,0.0,0.0,0.126004,0.027604,0.071993,0.020493,0.0,0.080539,0.043207,0.0,0.050355,0.023751,0.052442,0.0,0.0,0.0,0.058384,0.0,0.060073,0.0,0.061394,0.060879,0.133376,0.005751
2023-12-13,0.049892,0.0,0.053263,0.019641,0.0,0.0,0.0,0.125502,0.027599,0.071825,0.020389,0.0,0.080708,0.043287,0.0,0.049984,0.023731,0.052154,0.0,0.0,0.0,0.058744,0.0,0.058758,0.0,0.061308,0.060718,0.136838,0.005658
2023-12-14,0.050517,0.0,0.052673,0.02013,0.0,0.0,0.0,0.12569,0.02769,0.07345,0.020516,0.0,0.079788,0.042372,0.0,0.049533,0.024228,0.052035,0.0,0.0,0.0,0.0587,0.0,0.058855,0.0,0.06141,0.06098,0.135809,0.005623
2023-12-15,0.050653,0.0,0.052405,0.020293,0.0,0.0,0.0,0.126009,0.027627,0.073321,0.020562,0.0,0.079393,0.042523,0.0,0.049961,0.024405,0.05288,0.0,0.0,0.0,0.05837,0.0,0.059228,0.0,0.061579,0.061096,0.13405,0.005645
2023-12-18,0.050671,0.0,0.05226,0.020162,0.0,0.0,0.0,0.126317,0.027695,0.073856,0.020544,0.0,0.079454,0.042929,0.0,0.050067,0.024316,0.052982,0.0,0.0,0.0,0.058584,0.0,0.059233,0.0,0.061391,0.060862,0.133036,0.005641
2023-12-19,0.050696,0.0,0.052136,0.020262,0.0,0.0,0.0,0.126311,0.027753,0.07434,0.020591,0.0,0.079558,0.042781,0.0,0.049987,0.024314,0.053107,0.0,0.0,0.0,0.058666,0.0,0.059054,0.0,0.061175,0.060573,0.133085,0.005611
2023-12-20,0.051096,0.0,0.052171,0.020476,0.0,0.0,0.0,0.123597,0.027415,0.074075,0.020375,0.0,0.078858,0.042192,0.0,0.049515,0.02373,0.05246,0.0,0.0,0.0,0.058683,0.0,0.058689,0.0,0.061829,0.061166,0.138031,0.005643
2023-12-21,0.050474,0.0,0.052708,0.02013,0.0,0.0,0.0,0.1247,0.027489,0.073844,0.020442,0.0,0.079262,0.04219,0.0,0.049721,0.024216,0.052629,0.0,0.0,0.0,0.058684,0.0,0.058195,0.0,0.061301,0.060637,0.137771,0.005606
2023-12-22,0.050517,0.0,0.052737,0.020264,0.0,0.0,0.0,0.124892,0.027476,0.073869,0.020486,0.0,0.07945,0.042401,0.0,0.049656,0.02423,0.052713,0.0,0.0,0.0,0.058791,0.0,0.058323,0.0,0.061084,0.060361,0.137156,0.005593
2023-12-26,0.050604,0.0,0.052811,0.020298,0.0,0.0,0.0,0.125547,0.027634,0.074632,0.020666,0.0,0.079763,0.042653,0.0,0.049949,0.024701,0.053067,0.0,0.0,0.0,0.059341,0.0,0.058675,0.0,0.061228,0.060499,0.13233,0.005602
2023-12-27,0.050643,0.0,0.052729,0.02019,0.0,0.0,0.0,0.125459,0.027527,0.073778,0.020552,0.0,0.079535,0.042548,0.0,0.049594,0.02459,0.052568,0.0,0.0,0.0,0.05919,0.0,0.058317,0.0,0.06127,0.060347,0.135597,0.005565
2023-12-28,0.050889,0.0,0.053243,0.020314,0.0,0.0,0.0,0.126394,0.027711,0.072927,0.020634,0.0,0.080039,0.042726,0.0,0.04984,0.024636,0.052697,0.0,0.0,0.0,0.059067,0.0,0.058675,0.0,0.061266,0.060377,0.132977,0.005586
2023-12-29,0.114035,0.022534,0.0,0.0,0.018295,0.0,0.016802,0.104059,0.089254,0.013492,0.035826,0.0,0.022722,0.0,0.0,0.060845,0.016375,0.061144,0.0,0.0,0.0,0.056479,0.025739,0.056818,0.0,0.065219,0.073705,0.139481,0.007175
2024-01-02,0.1125,0.022176,0.0,0.0,0.018052,0.0,0.016462,0.10341,0.089331,0.013591,0.035345,0.0,0.023044,0.0,0.0,0.059052,0.015732,0.059387,0.0,0.0,0.0,0.056156,0.025499,0.05649,0.0,0.064756,0.073354,0.148508,0.007155
2024-01-03,0.113071,0.022272,0.0,0.0,0.018143,0.0,0.016705,0.104577,0.089721,0.013991,0.03527,0.0,0.023304,0.0,0.0,0.059207,0.015593,0.059308,0.0,0.0,0.0,0.056409,0.025125,0.056945,0.0,0.065752,0.074421,0.14294,0.007248
2024-01-04,0.112886,0.02228,0.0,0.0,0.018057,0.0,0.016442,0.104921,0.089603,0.013673,0.035127,0.0,0.023296,0.0,0.0,0.058461,0.01538,0.058685,0.0,0.0,0.0,0.056166,0.025015,0.057001,0.0,0.065009,0.073682,0.147104,0.00721
2024-01-05,0.112813,0.022256,0.0,0.0,0.018097,0.0,0.016644,0.105177,0.090057,0.013695,0.035196,0.0,0.023294,0.0,0.0,0.058492,0.015478,0.058641,0.0,0.0,0.0,0.05622,0.02519,0.056661,0.0,0.064823,0.073576,0.146469,0.007218
2024-01-08,0.111542,0.022196,0.0,0.0,0.01778,0.0,0.016446,0.103714,0.089368,0.013348,0.034934,0.0,0.023173,0.0,0.0,0.059126,0.01576,0.05903,0.0,0.0,0.0,0.055005,0.024746,0.055683,0.0,0.064136,0.07275,0.154146,0.007117
2024-01-09,0.112017,0.022007,0.0,0.0,0.017601,0.0,0.016236,0.103359,0.088935,0.013154,0.034876,0.0,0.023204,0.0,0.0,0.059307,0.015788,0.060097,0.0,0.0,0.0,0.055103,0.02463,0.056145,0.0,0.064203,0.072714,0.153494,0.007128
2024-01-10,0.112393,0.022106,0.0,0.0,0.01754,0.0,0.016216,0.104018,0.089097,0.013028,0.035062,0.0,0.023315,0.0,0.0,0.059826,0.015739,0.061036,0.0,0.0,0.0,0.05499,0.024565,0.05605,0.0,0.064118,0.07267,0.151098,0.007131
2024-01-11,0.111749,0.021987,0.0,0.0,0.017518,0.0,0.016281,0.104002,0.088681,0.013049,0.034947,0.0,0.023276,0.0,0.0,0.060073,0.015782,0.061653,0.0,0.0,0.0,0.055045,0.024401,0.056295,0.0,0.064398,0.072987,0.15075,0.007125
2024-01-12,0.113234,0.022136,0.0,0.0,0.017833,0.0,0.016431,0.106043,0.088862,0.013247,0.035081,0.0,0.023309,0.0,0.0,0.060502,0.015774,0.062301,0.0,0.0,0.0,0.055802,0.024932,0.056214,0.0,0.064825,0.073586,0.142731,0.007156
2024-01-15,0.113139,0.022141,0.0,0.0,0.017702,0.0,0.016436,0.106071,0.088886,0.01325,0.03509,0.0,0.023315,0.0,0.0,0.060518,0.015778,0.062317,0.0,0.0,0.0,0.055816,0.024938,0.056229,0.0,0.064842,0.073606,0.142769,0.007158
2024-01-16,0.113508,0.021856,0.0,0.0,0.01757,0.0,0.016105,0.105539,0.088824,0.013016,0.034954,0.0,0.023321,0.0,0.0,0.061049,0.016102,0.062457,0.0,0.0,0.0,0.055633,0.024822,0.056993,0.0,0.064719,0.073689,0.14264,0.007204
2024-01-17,0.113239,0.021861,0.0,0.0,0.017285,0.0,0.016139,0.105168,0.089377,0.013013,0.034999,0.0,0.023463,0.0,0.0,0.061242,0.016084,0.062402,0.0,0.0,0.0,0.055467,0.024653,0.057041,0.0,0.065033,0.074058,0.142216,0.007262
2024-01-18,0.11396,0.022074,0.0,0.0,0.017514,0.0,0.015993,0.105799,0.0896,0.013003,0.035504,0.0,0.023481,0.0,0.0,0.062539,0.016629,0.063215,0.0,0.0,0.0,0.055973,0.024866,0.057756,0.0,0.064946,0.074145,0.135734,0.00727
2024-01-19,0.113546,0.02188,0.0,0.0,0.017369,0.0,0.01587,0.105921,0.090208,0.012926,0.035409,0.0,0.023279,0.0,0.0,0.063395,0.017122,0.063205,0.0,0.0,0.0,0.055627,0.024473,0.057667,0.0,0.064359,0.073522,0.137016,0.007205
2024-01-22,0.114996,0.021948,0.0,0.0,0.017388,0.0,0.015593,0.10645,0.090759,0.012992,0.035731,0.0,0.023413,0.0,0.0,0.063761,0.017201,0.064374,0.0,0.0,0.0,0.055492,0.023973,0.057993,0.0,0.064644,0.073656,0.132422,0.007216
2024-01-23,0.115073,0.021992,0.0,0.0,0.017556,0.0,0.015952,0.104577,0.091302,0.013077,0.03586,0.0,0.023499,0.0,0.0,0.064299,0.017391,0.064577,0.0,0.0,0.0,0.055954,0.024448,0.05891,0.0,0.064765,0.073738,0.129781,0.007248
2024-01-24,0.115851,0.022103,0.0,0.0,0.01781,0.0,0.015871,0.105185,0.091219,0.013199,0.035467,0.0,0.023172,0.0,0.0,0.06443,0.01756,0.064152,0.0,0.0,0.0,0.055225,0.024543,0.059066,0.0,0.064269,0.073211,0.130452,0.007214
2024-01-25,0.115342,0.02215,0.0,0.0,0.017696,0.0,0.015957,0.104736,0.091447,0.013463,0.03572,0.0,0.02308,0.0,0.0,0.064541,0.017468,0.063938,0.0,0.0,0.0,0.055308,0.024755,0.058648,0.0,0.06439,0.073279,0.130882,0.007199
2024-01-26,0.114955,0.02218,0.0,0.0,0.017627,0.0,0.015922,0.104112,0.091085,0.01346,0.035393,0.0,0.023036,0.0,0.0,0.063315,0.016868,0.063601,0.0,0.0,0.0,0.054852,0.024474,0.05834,0.0,0.063788,0.072656,0.13719,0.007145
2024-01-29,0.113772,0.022065,0.0,0.0,0.017394,0.0,0.015674,0.104889,0.090548,0.013327,0.035322,0.0,0.023002,0.0,0.0,0.063355,0.0169,0.064013,0.0,0.0,0.0,0.054771,0.024674,0.057576,0.0,0.063628,0.072358,0.139648,0.007085
2024-01-30,0.114229,0.02203,0.0,0.0,0.017229,0.0,0.015514,0.103711,0.091505,0.013438,0.035262,0.0,0.023007,0.0,0.0,0.062704,0.016605,0.063714,0.0,0.0,0.0,0.054735,0.0246,0.05832,0.0,0.063584,0.072177,0.140566,0.007071
2024-01-31,0.08355,0.01356,0.0,0.031504,0.027106,0.0,0.070277,0.031801,0.080402,0.0,0.024197,0.024393,0.129279,0.0,0.0,0.025023,0.01924,0.083907,0.0,0.0,0.041647,0.129057,0.0,0.0,0.0,0.0,0.055815,0.125359,0.003881
2024-02-01,0.082565,0.013578,0.0,0.030833,0.026908,0.0,0.070466,0.031747,0.079846,0.0,0.024401,0.024736,0.129848,0.0,0.0,0.025124,0.019171,0.084452,0.0,0.0,0.042043,0.129297,0.0,0.0,0.0,0.0,0.055441,0.125693,0.00385
2024-02-02,0.083551,0.013476,0.0,0.031201,0.026888,0.0,0.069301,0.03191,0.080346,0.0,0.024617,0.024753,0.129933,0.0,0.0,0.025438,0.019458,0.084573,0.0,0.0,0.04161,0.128348,0.0,0.0,0.0,0.0,0.055024,0.125714,0.003859
2024-02-05,0.083698,0.013474,0.0,0.031153,0.02706,0.0,0.069715,0.031919,0.080324,0.0,0.024621,0.024554,0.131074,0.0,0.0,0.025641,0.019835,0.084133,0.0,0.0,0.040967,0.128363,0.0,0.0,0.0,0.0,0.055025,0.124562,0.003881
2024-02-06,0.08327,0.013454,0.0,0.031087,0.027509,0.0,0.070918,0.032041,0.079733,0.0,0.024608,0.024335,0.131253,0.0,0.0,0.025283,0.01942,0.083938,0.0,0.0,0.041127,0.12782,0.0,0.0,0.0,0.0,0.054692,0.125667,0.003845
2024-02-07,0.083196,0.013321,0.0,0.030851,0.027296,0.0,0.070089,0.031896,0.079793,0.0,0.024607,0.024499,0.130732,0.0,0.0,0.025447,0.019585,0.084845,0.0,0.0,0.040794,0.126935,0.0,0.0,0.0,0.0,0.054226,0.12807,0.00382
2024-02-08,0.082953,0.013276,0.0,0.030855,0.02712,0.0,0.068432,0.031546,0.079221,0.0,0.024529,0.024652,0.130069,0.0,0.0,0.025441,0.019855,0.085373,0.0,0.0,0.040989,0.126396,0.0,0.0,0.0,0.0,0.054004,0.13148,0.003808
2024-02-09,0.082467,0.0132,0.0,0.030689,0.026842,0.0,0.068262,0.031394,0.078718,0.0,0.024342,0.024445,0.128781,0.0,0.0,0.025547,0.020065,0.086537,0.0,0.0,0.040676,0.124754,0.0,0.0,0.0,0.0,0.053434,0.136072,0.003773
2024-02-12,0.082331,0.013086,0.0,0.031003,0.027041,0.0,0.068212,0.030827,0.078332,0.0,0.024146,0.024754,0.127731,0.0,0.0,0.025113,0.01984,0.084907,0.0,0.0,0.040301,0.123251,0.0,0.0,0.0,0.0,0.052949,0.142439,0.003738
2024-02-13,0.082339,0.013034,0.0,0.030956,0.026879,0.0,0.067307,0.03112,0.078495,0.0,0.024276,0.024236,0.128542,0.0,0.0,0.025077,0.019739,0.084879,0.0,0.0,0.040093,0.12347,0.0,0.0,0.0,0.0,0.053441,0.142319,0.003798
2024-02-14,0.081414,0.013034,0.0,0.030565,0.02682,0.0,0.066949,0.031204,0.078145,0.0,0.02434,0.024375,0.127857,0.0,0.0,0.024987,0.019904,0.085094,0.0,0.0,0.039848,0.121684,0.0,0.0,0.0,0.0,0.052923,0.147112,0.003745
2024-02-15,0.081494,0.013096,0.0,0.030778,0.026729,0.0,0.067047,0.031177,0.078994,0.0,0.024371,0.024374,0.127995,0.0,0.0,0.024781,0.019763,0.08454,0.0,0.0,0.040524,0.121747,0.0,0.0,0.0,0.0,0.052662,0.146205,0.003723
2024-02-16,0.082006,0.013117,0.0,0.030912,0.026953,0.0,0.067681,0.03125,0.078716,0.0,0.024225,0.02393,0.128411,0.0,0.0,0.024554,0.019651,0.083459,0.0,0.0,0.040106,0.122194,0.0,0.0,0.0,0.0,0.052608,0.146504,0.003724
2024-02-19,0.081825,0.013122,0.0,0.030772,0.026898,0.0,0.067711,0.031264,0.078751,0.0,0.024236,0.023941,0.128467,0.0,0.0,0.024564,0.01966,0.083496,0.0,0.0,0.040124,0.122247,0.0,0.0,0.0,0.0,0.05263,0.146568,0.003726
2024-02-20,0.081413,0.013196,0.0,0.030519,0.026955,0.0,0.06893,0.031499,0.07857,0.0,0.024171,0.023968,0.128096,0.0,0.0,0.024326,0.019338,0.082554,0.0,0.0,0.040072,0.123048,0.0,0.0,0.0,0.0,0.052681,0.146936,0.003728
2024-02-21,0.081881,0.013307,0.0,0.030632,0.027216,0.0,0.069423,0.03149,0.079372,0.0,0.024441,0.024281,0.129296,0.0,0.0,0.024346,0.019432,0.078987,0.0,0.0,0.040584,0.123934,0.0,0.0,0.0,0.0,0.052997,0.144626,0.003756
2024-02-22,0.082287,0.013283,0.0,0.030534,0.027112,0.0,0.068202,0.031456,0.079352,0.0,0.024453,0.024388,0.129284,0.0,0.0,0.024848,0.02015,0.080015,0.0,0.0,0.040184,0.122534,0.0,0.0,0.0,0.0,0.052307,0.145897,0.003712
2024-02-23,0.082684,0.013305,0.0,0.030594,0.027123,0.0,0.067476,0.031511,0.07978,0.0,0.024592,0.024616,0.129951,0.0,0.0,0.0248,0.019941,0.080709,0.0,0.0,0.040181,0.123276,0.0,0.0,0.0,0.0,0.052462,0.143286,0.003713
2024-02-26,0.081838,0.013171,0.0,0.030277,0.026776,0.0,0.067213,0.031083,0.078671,0.0,0.024335,0.024395,0.128122,0.0,0.0,0.024602,0.019957,0.080924,0.0,0.0,0.039384,0.121898,0.0,0.0,0.0,0.0,0.051971,0.151701,0.003681
2024-02-27,0.081052,0.013077,0.0,0.03024,0.026629,0.0,0.068204,0.030852,0.078194,0.0,0.024157,0.024293,0.126686,0.0,0.0,0.024407,0.019762,0.080609,0.0,0.0,0.039084,0.120698,0.0,0.0,0.0,0.0,0.051452,0.156955,0.003649
2024-02-28,0.080425,0.01293,0.0,0.030023,0.026085,0.0,0.066324,0.03032,0.077993,0.0,0.024088,0.024102,0.125265,0.0,0.0,0.024139,0.019417,0.079808,0.0,0.0,0.039232,0.120158,0.0,0.0,0.0,0.0,0.051293,0.164773,0.003627
2024-02-29,0.052858,0.0,0.053317,0.012021,0.0,0.0,0.011477,0.113359,0.101642,0.0,0.022457,0.0,0.083833,0.040267,0.0,0.055239,0.02123,0.047567,0.0,0.0,0.0,0.068751,0.0,0.055951,0.0,0.062005,0.062408,0.124936,0.01068
2024-03-01,0.052793,0.0,0.053705,0.011987,0.0,0.0,0.011427,0.113886,0.100495,0.0,0.022327,0.0,0.083861,0.039867,0.0,0.055682,0.021911,0.047195,0.0,0.0,0.0,0.069346,0.0,0.055439,0.0,0.061662,0.062012,0.125832,0.010574
2024-03-04,0.052359,0.0,0.05281,0.011853,0.0,0.0,0.011231,0.112623,0.099647,0.0,0.022164,0.0,0.082822,0.039464,0.0,0.055075,0.021885,0.046672,0.0,0.0,0.0,0.0697,0.0,0.055452,0.0,0.060854,0.061284,0.133645,0.010459
2024-03-05,0.052826,0.0,0.053917,0.011977,0.0,0.0,0.011356,0.113944,0.101211,0.0,0.022322,0.0,0.083474,0.040171,0.0,0.054552,0.021788,0.046262,0.0,0.0,0.0,0.071203,0.0,0.055656,0.0,0.062175,0.062516,0.12403,0.010622
2024-03-06,0.052309,0.0,0.053837,0.011825,0.0,0.0,0.011271,0.112914,0.100063,0.0,0.022069,0.0,0.082661,0.039843,0.0,0.054079,0.021956,0.046025,0.0,0.0,0.0,0.070606,0.0,0.055135,0.0,0.0613,0.06151,0.132147,0.01045
2024-03-07,0.052434,0.0,0.053515,0.011797,0.0,0.0,0.011191,0.112674,0.099359,0.0,0.022123,0.0,0.082584,0.039847,0.0,0.054627,0.022583,0.046386,0.0,0.0,0.0,0.070612,0.0,0.055074,0.0,0.061062,0.061134,0.132605,0.010393
2024-03-08,0.052449,0.0,0.053356,0.011817,0.0,0.0,0.010923,0.11257,0.099458,0.0,0.022058,0.0,0.082371,0.039503,0.0,0.053775,0.021653,0.045887,0.0,0.0,0.0,0.071157,0.0,0.054984,0.0,0.061062,0.06114,0.135447,0.010388
2024-03-11,0.051818,0.0,0.051971,0.011677,0.0,0.0,0.01081,0.111323,0.099247,0.0,0.02186,0.0,0.08201,0.039566,0.0,0.053422,0.021283,0.045831,0.0,0.0,0.0,0.071014,0.0,0.05553,0.0,0.060751,0.060798,0.14074,0.010348
2024-03-12,0.052157,0.0,0.052191,0.011666,0.0,0.0,0.010942,0.110736,0.099539,0.0,0.02193,0.0,0.08229,0.039721,0.0,0.05445,0.021698,0.046109,0.0,0.0,0.0,0.070151,0.0,0.056096,0.0,0.060427,0.060604,0.138957,0.010337
2024-03-13,0.052275,0.0,0.051721,0.011698,0.0,0.0,0.010982,0.108005,0.10024,0.0,0.021983,0.0,0.081947,0.039809,0.0,0.053846,0.021163,0.046056,0.0,0.0,0.0,0.070622,0.0,0.055982,0.0,0.060276,0.060502,0.142559,0.010335
2024-03-14,0.052633,0.0,0.052077,0.011739,0.0,0.0,0.011012,0.109843,0.100571,0.0,0.022139,0.0,0.082587,0.039951,0.0,0.05447,0.021039,0.045952,0.0,0.0,0.0,0.071129,0.0,0.056941,0.0,0.060511,0.06082,0.13613,0.010456
2024-03-15,0.052397,0.0,0.052573,0.011762,0.0,0.0,0.01093,0.109664,0.100686,0.0,0.02219,0.0,0.082434,0.04002,0.0,0.053763,0.020932,0.045339,0.0,0.0,0.0,0.071052,0.0,0.058298,0.0,0.060537,0.060909,0.136033,0.01048
2024-03-18,0.05289,0.0,0.053475,0.011827,0.0,0.0,0.010913,0.110233,0.101426,0.0,0.022265,0.0,0.082557,0.040342,0.0,0.054114,0.02095,0.045307,0.0,0.0,0.0,0.071281,0.0,0.058714,0.0,0.060563,0.06095,0.131693,0.010499
2024-03-19,0.053176,0.0,0.053948,0.011933,0.0,0.0,0.010999,0.10956,0.102432,0.0,0.022569,0.0,0.08352,0.040694,0.0,0.054666,0.020878,0.045387,0.0,0.0,0.0,0.071555,0.0,0.058584,0.0,0.061041,0.061341,0.127164,0.010553
2024-03-20,0.05279,0.0,0.053867,0.011827,0.0,0.0,0.011149,0.109159,0.102702,0.0,0.022631,0.0,0.082565,0.040443,0.0,0.05477,0.021039,0.045631,0.0,0.0,0.0,0.071742,0.0,0.058638,0.0,0.060622,0.061018,0.128951,0.010456
2024-03-21,0.053446,0.0,0.054012,0.012031,0.0,0.0,0.011032,0.109142,0.103301,0.0,0.022801,0.0,0.08248,0.04037,0.0,0.054682,0.021462,0.045689,0.0,0.0,0.0,0.0715,0.0,0.058821,0.0,0.060488,0.060984,0.127326,0.010435
2024-03-22,0.053429,0.0,0.054267,0.012043,0.0,0.0,0.010942,0.109586,0.102614,0.0,0.022834,0.0,0.082767,0.040368,0.0,0.054966,0.021592,0.045563,0.0,0.0,0.0,0.071272,0.0,0.059502,0.0,0.061079,0.061492,0.125197,0.010488
2024-03-25,0.052676,0.0,0.052921,0.01189,0.0,0.0,0.010836,0.108226,0.100848,0.0,0.022382,0.0,0.081546,0.039717,0.0,0.053871,0.02122,0.044746,0.0,0.0,0.0,0.070542,0.0,0.06007,0.0,0.060101,0.060476,0.137584,0.010348
2024-03-26,0.052865,0.0,0.053268,0.011938,0.0,0.0,0.010863,0.108933,0.101411,0.0,0.02235,0.0,0.082022,0.039825,0.0,0.053765,0.021106,0.044891,0.0,0.0,0.0,0.070924,0.0,0.059908,0.0,0.060322,0.060625,0.134615,0.01037
2024-03-27,0.052598,0.0,0.053289,0.011984,0.0,0.0,0.010904,0.109209,0.102206,0.0,0.022619,0.0,0.082786,0.040083,0.0,0.053826,0.021287,0.044618,0.0,0.0,0.0,0.071156,0.0,0.060036,0.0,0.060313,0.060572,0.132181,0.010334
2024-03-28,0.116764,0.0,0.026561,0.0,0.011969,0.0,0.052165,0.086464,0.100194,0.0,0.050328,0.0,0.074955,0.075094,0.0,0.035107,0.028201,0.036769,0.0,0.0,0.0,0.0,0.0,0.0,0.0,0.075312,0.074859,0.144102,0.011157
2024-04-01,0.117589,0.0,0.026347,0.0,0.012054,0.0,0.051578,0.086905,0.10035,0.0,0.050293,0.0,0.074841,0.07502,0.0,0.035453,0.028699,0.036857,0.0,0.0,0.0,0.0,0.0,0.0,0.0,0.075158,0.074899,0.142721,0.011236
2024-04-02,0.11775,0.0,0.026544,0.0,0.012269,0.0,0.052525,0.088142,0.101086,0.0,0.050693,0.0,0.074608,0.075578,0.0,0.035556,0.028614,0.037078,0.0,0.0,0.0,0.0,0.0,0.0,0.0,0.075946,0.075868,0.136366,0.011377
2024-04-03,0.118406,0.0,0.026705,0.0,0.012259,0.0,0.052616,0.088262,0.10096,0.0,0.050915,0.0,0.074468,0.074688,0.0,0.035623,0.028672,0.037102,0.0,0.0,0.0,0.0,0.0,0.0,0.0,0.075976,0.07581,0.136167,0.011371
2024-04-04,0.118771,0.0,0.026397,0.0,0.012373,0.0,0.052553,0.087969,0.099702,0.0,0.050407,0.0,0.073305,0.074279,0.0,0.035018,0.027827,0.03652,0.0,0.0,0.0,0.0,0.0,0.0,0.0,0.076146,0.076003,0.141371,0.011361
2024-04-05,0.11761,0.0,0.02649,0.0,0.012223,0.0,0.05213,0.088796,0.100713,0.0,0.05114,0.0,0.07401,0.074449,0.0,0.035443,0.028176,0.037003,0.0,0.0,0.0,0.0,0.0,0.0,0.0,0.075693,0.075735,0.139017,0.011371
2024-04-08,0.116785,0.0,0.026315,0.0,0.012189,0.0,0.052677,0.088376,0.09998,0.0,0.05046,0.0,0.072919,0.073479,0.0,0.034992,0.027922,0.036556,0.0,0.0,0.0,0.0,0.0,0.0,0.0,0.074649,0.07483,0.146628,0.011242
2024-04-09,0.116607,0.0,0.026532,0.0,0.01228,0.0,0.053679,0.088843,0.099853,0.0,0.050571,0.0,0.07351,0.074168,0.0,0.035328,0.02835,0.036984,0.0,0.0,0.0,0.0,0.0,0.0,0.0,0.075284,0.075366,0.14135,0.011295
2024-04-10,0.116732,0.0,0.026302,0.0,0.012209,0.0,0.052567,0.089129,0.099057,0.0,0.050493,0.0,0.073161,0.074422,0.0,0.035141,0.028029,0.036801,0.0,0.0,0.0,0.0,0.0,0.0,0.0,0.074808,0.075167,0.144609,0.011372
2024-04-11,0.116419,0.0,0.0265,0.0,0.012227,0.0,0.052077,0.08924,0.098232,0.0,0.050487,0.0,0.072771,0.074149,0.0,0.035799,0.028626,0.03712,0.0,0.0,0.0,0.0,0.0,0.0,0.0,0.07461,0.075009,0.14537,0.011364
2024-04-12,0.118133,0.0,0.026566,0.0,0.012235,0.0,0.051994,0.089488,0.098475,0.0,0.050745,0.0,0.072833,0.074572,0.0,0.035782,0.028129,0.036958,0.0,0.0,0.0,0.0,0.0,0.0,0.0,0.076116,0.076475,0.13995,0.011548
2024-04-15,0.119421,0.0,0.026818,0.0,0.01239,0.0,0.051933,0.089998,0.099329,0.0,0.051073,0.0,0.073684,0.075287,0.0,0.035585,0.028155,0.036557,0.0,0.0,0.0,0.0,0.0,0.0,0.0,0.076668,0.077277,0.13412,0.011706
2024-04-16,0.118162,0.0,0.026609,0.0,0.012209,0.0,0.05102,0.090367,0.099274,0.0,0.051275,0.0,0.074173,0.07579,0.0,0.03585,0.028546,0.036766,0.0,0.0,0.0,0.0,0.0,0.0,0.0,0.076845,0.077444,0.133887,0.011783
2024-04-17,0.118372,0.0,0.02648,0.0,0.01227,0.0,0.05147,0.090572,0.100103,0.0,0.051306,0.0,0.074474,0.076512,0.0,0.035539,0.027841,0.036585,0.0,0.0,0.0,0.0,0.0,0.0,0.0,0.077782,0.078198,0.130644,0.011853
2024-04-18,0.118277,0.0,0.02626,0.0,0.0123,0.0,0.051094,0.090266,0.09992,0.0,0.050855,0.0,0.074072,0.076456,0.0,0.034945,0.027201,0.036328,0.0,0.0,0.0,0.0,0.0,0.0,0.0,0.077098,0.077677,0.135459,0.011792
2024-04-19,0.116878,0.0,0.026041,0.0,0.012189,0.0,0.052039,0.090511,0.10106,0.0,0.050643,0.0,0.074174,0.07702,0.0,0.034145,0.026055,0.036105,0.0,0.0,0.0,0.0,0.0,0.0,0.0,0.077017,0.077611,0.136745,0.011766
2024-04-22,0.115721,0.0,0.026044,0.0,0.012118,0.0,0.051971,0.090582,0.101263,0.0,0.050515,0.0,0.073712,0.076977,0.0,0.034105,0.026219,0.036172,0.0,0.0,0.0,0.0,0.0,0.0,0.0,0.076254,0.076842,0.139856,0.01165
2024-04-23,0.116828,0.0,0.025922,0.0,0.012181,0.0,0.051861,0.090164,0.101202,0.0,0.050864,0.0,0.074158,0.076658,0.0,0.034371,0.026581,0.036636,0.0,0.0,0.0,0.0,0.0,0.0,0.0,0.075826,0.076383,0.138794,0.011571
2024-04-24,0.117414,0.0,0.026178,0.0,0.012315,0.0,0.051864,0.090664,0.101738,0.0,0.050738,0.0,0.074336,0.077666,0.0,0.034719,0.027075,0.037016,0.0,0.0,0.0,0.0,0.0,0.0,0.0,0.076014,0.076646,0.133982,0.011636
2024-04-25,0.116328,0.0,0.025798,0.0,0.012314,0.0,0.051616,0.091245,0.101248,0.0,0.050944,0.0,0.073916,0.077561,0.0,0.03468,0.027606,0.036782,0.0,0.0,0.0,0.0,0.0,0.0,0.0,0.075801,0.076609,0.135902,0.011649
2024-04-26,0.117757,0.0,0.025954,0.0,0.012434,0.0,0.052707,0.09107,0.100848,0.0,0.0509,0.0,0.073753,0.077205,0.0,0.034984,0.028119,0.037151,0.0,0.0,0.0,0.0,0.0,0.0,0.0,0.075819,0.076613,0.133065,0.01162
2024-04-29,0.117948,0.0,0.026145,0.0,0.01254,0.0,0.052967,0.091279,0.100527,0.0,0.051153,0.0,0.073874,0.077317,0.0,0.035074,0.028285,0.037175,0.0,0.0,0.0,0.0,0.0,0.0,0.0,0.075995,0.07667,0.131446,0.011605
2024-04-30,0.08228,0.053702,0.066588,0.0,0.0,0.0,0.0,0.0,0.087336,0.0,0.052731,0.062272,0.202457,0.0,0.0,0.0,0.091465,0.0,0.020137,0.0,0.017141,0.029638,0.0,0.025722,0.0,0.0,0.0,0.203356,0.005175
2024-05-01,0.082329,0.054281,0.067228,0.0,0.0,0.0,0.0,0.0,0.088385,0.0,0.053232,0.063153,0.205253,0.0,0.0,0.0,0.089436,0.0,0.020338,0.0,0.017353,0.030266,0.0,0.025186,0.0,0.0,0.0,0.198324,0.005237
2024-05-02,0.081511,0.054012,0.06758,0.0,0.0,0.0,0.0,0.0,0.0873,0.0,0.052751,0.06312,0.202087,0.0,0.0,0.0,0.090102,0.0,0.020429,0.0,0.017338,0.029728,0.0,0.024409,0.0,0.0,0.0,0.204471,0.005161
2024-05-03,0.081416,0.053594,0.067221,0.0,0.0,0.0,0.0,0.0,0.086036,0.0,0.052234,0.063127,0.199215,0.0,0.0,0.0,0.090595,0.0,0.020432,0.0,0.017163,0.02921,0.0,0.024535,0.0,0.0,0.0,0.210147,0.005075
2024-05-06,0.0806,0.053485,0.066941,0.0,0.0,0.0,0.0,0.0,0.086265,0.0,0.052233,0.063366,0.198015,0.0,0.0,0.0,0.091549,0.0,0.020528,0.0,0.017006,0.029221,0.0,0.024096,0.0,0.0,0.0,0.211669,0.005027
2024-05-07,0.081584,0.053736,0.066089,0.0,0.0,0.0,0.0,0.0,0.086401,0.0,0.05228,0.06271,0.199288,0.0,0.0,0.0,0.090574,0.0,0.020503,0.0,0.017135,0.029033,0.0,0.02478,0.0,0.0,0.0,0.210869,0.005016
2024-05-08,0.081813,0.054235,0.065618,0.0,0.0,0.0,0.0,0.0,0.087198,0.0,0.052571,0.0623,0.199709,0.0,0.0,0.0,0.091166,0.0,0.020486,0.0,0.017086,0.029109,0.0,0.024847,0.0,0.0,0.0,0.208815,0.005047
2024-05-09,0.081655,0.054346,0.065465,0.0,0.0,0.0,0.0,0.0,0.087262,0.0,0.052739,0.062886,0.200073,0.0,0.0,0.0,0.090215,0.0,0.02044,0.0,0.017319,0.02937,0.0,0.02465,0.0,0.0,0.0,0.208565,0.005013
2024-05-10,0.082216,0.054788,0.065326,0.0,0.0,0.0,0.0,0.0,0.087913,0.0,0.052967,0.063229,0.201199,0.0,0.0,0.0,0.091428,0.0,0.020468,0.0,0.017334,0.029715,0.0,0.025012,0.0,0.0,0.0,0.203373,0.005032
2024-05-13,0.081791,0.054509,0.064698,0.0,0.0,0.0,0.0,0.0,0.087059,0.0,0.052444,0.062222,0.199864,0.0,0.0,0.0,0.0911,0.0,0.020384,0.0,0.017292,0.029215,0.0,0.023661,0.0,0.0,0.0,0.210756,0.005004
2024-05-14,0.081978,0.05501,0.065254,0.0,0.0,0.0,0.0,0.0,0.087565,0.0,0.052472,0.062646,0.200867,0.0,0.0,0.0,0.092686,0.0,0.020511,0.0,0.017438,0.029485,0.0,0.023911,0.0,0.0,0.0,0.205168,0.005009
2024-05-15,0.080769,0.054116,0.064208,0.0,0.0,0.0,0.0,0.0,0.085842,0.0,0.051396,0.063235,0.198372,0.0,0.0,0.0,0.092727,0.0,0.020251,0.0,0.017204,0.029061,0.0,0.023425,0.0,0.0,0.0,0.214519,0.004875
2024-05-16,0.081684,0.054177,0.064001,0.0,0.0,0.0,0.0,0.0,0.086443,0.0,0.051448,0.061724,0.199527,0.0,0.0,0.0,0.092918,0.0,0.020271,0.0,0.017312,0.02915,0.0,0.023233,0.0,0.0,0.0,0.213203,0.00491
2024-05-17,0.080797,0.053944,0.063981,0.0,0.0,0.0,0.0,0.0,0.086468,0.0,0.051144,0.061291,0.19851,0.0,0.0,0.0,0.091745,0.0,0.020028,0.0,0.017189,0.029424,0.0,0.023061,0.0,0.0,0.0,0.217544,0.004876
2024-05-20,0.080298,0.053305,0.063701,0.0,0.0,0.0,0.0,0.0,0.084314,0.0,0.050657,0.060313,0.195827,0.0,0.0,0.0,0.092692,0.0,0.02,0.0,0.016893,0.029205,0.0,0.02304,0.0,0.0,0.0,0.224936,0.004821
2024-05-21,0.0803,0.053485,0.063556,0.0,0.0,0.0,0.0,0.0,0.085156,0.0,0.05067,0.060106,0.196853,0.0,0.0,0.0,0.092719,0.0,0.01985,0.0,0.016946,0.029265,0.0,0.023384,0.0,0.0,0.0,0.222873,0.004838
2024-05-22,0.080361,0.053137,0.062903,0.0,0.0,0.0,0.0,0.0,0.084787,0.0,0.050799,0.058568,0.197472,0.0,0.0,0.0,0.093936,0.0,0.01965,0.0,0.016816,0.028766,0.0,0.023513,0.0,0.0,0.0,0.224447,0.004845
2024-05-23,0.081467,0.053669,0.063544,0.0,0.0,0.0,0.0,0.0,0.084841,0.0,0.050936,0.058905,0.198181,0.0,0.0,0.0,0.094779,0.0,0.019964,0.0,0.016696,0.028606,0.0,0.024373,0.0,0.0,0.0,0.219121,0.004918
2024-05-24,0.080533,0.0535,0.063541,0.0,0.0,0.0,0.0,0.0,0.084427,0.0,0.050639,0.058928,0.195365,0.0,0.0,0.0,0.095609,0.0,0.019924,0.0,0.016526,0.028321,0.0,0.024147,0.0,0.0,0.0,0.223673,0.004865
2024-05-27,0.080533,0.0535,0.063541,0.0,0.0,0.0,0.0,0.0,0.084427,0.0,0.050639,0.058928,0.195365,0.0,0.0,0.0,0.095609,0.0,0.019924,0.0,0.016526,0.028321,0.0,0.024147,0.0,0.0,0.0,0.223672,0.004867
2024-05-28,0.080906,0.053663,0.064218,0.0,0.0,0.0,0.0,0.0,0.083905,0.0,0.050267,0.058513,0.193949,0.0,0.0,0.0,0.097704,0.0,0.020035,0.0,0.016498,0.02876,0.0,0.024798,0.0,0.0,0.0,0.221893,0.004891
2024-05-29,0.081147,0.053552,0.063743,0.0,0.0,0.0,0.0,0.0,0.084307,0.0,0.050196,0.058639,0.194926,0.0,0.0,0.0,0.096922,0.0,0.019972,0.0,0.016549,0.028861,0.0,0.025367,0.0,0.0,0.0,0.220865,0.004955
2024-05-30,0.080551,0.053646,0.063809,0.0,0.0,0.0,0.0,0.0,0.084113,0.0,0.050153,0.059428,0.19353,0.0,0.0,0.0,0.095512,0.0,0.019622,0.0,0.016663,0.028694,0.0,0.025035,0.0,0.0,0.0,0.224327,0.004918
2024-05-31,0.041544,0.0,0.0,0.014883,0.042124,0.0,0.0,0.114793,0.062871,0.0,0.075699,0.02292,0.01489,0.132248,0.0,0.0,0.08883,0.0,0.072364,0.0,0.0,0.143867,0.0,0.0,0.0,0.0,0.0,0.162679,0.01029
2024-06-03,0.041594,0.0,0.0,0.014817,0.042437,0.0,0.0,0.117486,0.061856,0.0,0.074028,0.022495,0.014845,0.130879,0.0,0.0,0.088088,0.0,0.072435,0.0,0.0,0.143703,0.0,0.0,0.0,0.0,0.0,0.165149,0.01019
2024-06-04,0.041742,0.0,0.0,0.014743,0.041972,0.0,0.0,0.111065,0.061984,0.0,0.074341,0.022215,0.014988,0.132898,0.0,0.0,0.087985,0.0,0.072943,0.0,0.0,0.143367,0.0,0.0,0.0,0.0,0.0,0.169496,0.010261
2024-06-05,0.041593,0.0,0.0,0.01462,0.042152,0.0,0.0,0.112986,0.061264,0.0,0.074004,0.022296,0.014838,0.130686,0.0,0.0,0.090502,0.0,0.073064,0.0,0.0,0.142963,0.0,0.0,0.0,0.0,0.0,0.168919,0.010112
2024-06-06,0.041844,0.0,0.0,0.01463,0.042527,0.0,0.0,0.113659,0.061322,0.0,0.07367,0.022054,0.014908,0.131277,0.0,0.0,0.089889,0.0,0.072775,0.0,0.0,0.144226,0.0,0.0,0.0,0.0,0.0,0.167091,0.010128
2024-06-07,0.042178,0.0,0.0,0.014732,0.042663,0.0,0.0,0.116047,0.062165,0.0,0.074419,0.021873,0.01506,0.131809,0.0,0.0,0.090435,0.0,0.072481,0.0,0.0,0.140345,0.0,0.0,0.0,0.0,0.0,0.165573,0.01022
2024-06-10,0.041915,0.0,0.0,0.014716,0.042561,0.0,0.0,0.115917,0.061673,0.0,0.074346,0.021987,0.015054,0.131171,0.0,0.0,0.091365,0.0,0.07272,0.0,0.0,0.141055,0.0,0.0,0.0,0.0,0.0,0.16534,0.010179
2024-06-11,0.042089,0.0,0.0,0.01474,0.042548,0.0,0.0,0.116938,0.061384,0.0,0.074422,0.021853,0.015093,0.13199,0.0,0.0,0.092059,0.0,0.072838,0.0,0.0,0.142415,0.0,0.0,0.0,0.0,0.0,0.161382,0.010249
2024-06-12,0.042426,0.0,0.0,0.014851,0.042937,0.0,0.0,0.116967,0.060879,0.0,0.074585,0.022405,0.014952,0.129596,0.0,0.0,0.093967,0.0,0.073912,0.0,0.0,0.141758,0.0,0.0,0.0,0.0,0.0,0.160588,0.010178
2024-06-13,0.042296,0.0,0.0,0.014704,0.042864,0.0,0.0,0.1173,0.061085,0.0,0.074413,0.022521,0.015001,0.130302,0.0,0.0,0.095381,0.0,0.073751,0.0,0.0,0.141183,0.0,0.0,0.0,0.0,0.0,0.158975,0.010224
2024-06-14,0.042242,0.0,0.0,0.014633,0.042993,0.0,0.0,0.118727,0.060994,0.0,0.07379,0.022317,0.015021,0.130762,0.0,0.0,0.0952,0.0,0.073363,0.0,0.0,0.143257,0.0,0.0,0.0,0.0,0.0,0.156458,0.010242
2024-06-17,0.04204,0.0,0.0,0.014494,0.042855,0.0,0.0,0.118071,0.061107,0.0,0.074087,0.022341,0.014902,0.131084,0.0,0.0,0.096031,0.0,0.072968,0.0,0.0,0.141522,0.0,0.0,0.0,0.0,0.0,0.158327,0.010173
2024-06-18,0.042415,0.0,0.0,0.014638,0.043409,0.0,0.0,0.118825,0.061596,0.0,0.074611,0.021983,0.014946,0.131472,0.0,0.0,0.097416,0.0,0.073508,0.0,0.0,0.142326,0.0,0.0,0.0,0.0,0.0,0.152666,0.010191
2024-06-19,0.042478,0.0,0.0,0.014595,0.04373,0.0,0.0,0.11878,0.061573,0.0,0.074582,0.021975,0.01494,0.131422,0.0,0.0,0.097378,0.0,0.07348,0.0,0.0,0.142271,0.0,0.0,0.0,0.0,0.0,0.152608,0.010188
2024-06-20,0.042624,0.0,0.0,0.014696,0.043534,0.0,0.0,0.117801,0.062017,0.0,0.07477,0.021898,0.015017,0.131379,0.0,0.0,0.094911,0.0,0.072291,0.0,0.0,0.144317,0.0,0.0,0.0,0.0,0.0,0.154534,0.01021
2024-06-21,0.042626,0.0,0.0,0.014757,0.043613,0.0,0.0,0.118059,0.062207,0.0,0.075131,0.022139,0.015164,0.132395,0.0,0.0,0.094639,0.0,0.07209,0.0,0.0,0.143069,0.0,0.0,0.0,0.0,0.0,0.153829,0.010281
2024-06-24,0.043368,0.0,0.0,0.01506,0.044257,0.0,0.0,0.120333,0.063546,0.0,0.07629,0.022522,0.015422,0.135295,0.0,0.0,0.092961,0.0,0.072181,0.0,0.0,0.145233,0.0,0.0,0.0,0.0,0.0,0.143135,0.010397
2024-06-25,0.043034,0.0,0.0,0.014872,0.043668,0.0,0.0,0.11982,0.062746,0.0,0.075249,0.02178,0.015295,0.133733,0.0,0.0,0.093902,0.0,0.072681,0.0,0.0,0.143766,0.0,0.0,0.0,0.0,0.0,0.14911,0.010344
2024-06-26,0.043143,0.0,0.0,0.014898,0.043854,0.0,0.0,0.120541,0.062681,0.0,0.075442,0.021945,0.015321,0.134163,0.0,0.0,0.094031,0.0,0.072994,0.0,0.0,0.143193,0.0,0.0,0.0,0.0,0.0,0.147392,0.010402
2024-06-27,0.043081,0.0,0.0,0.014861,0.043814,0.0,0.0,0.12143,0.062411,0.0,0.075289,0.021907,0.015249,0.133176,0.0,0.0,0.093259,0.0,0.072823,0.0,0.0,0.144368,0.0,0.0,0.0,0.0,0.0,0.147961,0.010371
2024-06-28,0.081635,0.040774,0.0,0.038321,0.0,0.031874,0.0,0.0,0.099878,0.0,0.050585,0.0,0.0,0.072028,0.088892,0.015631,0.139318,0.0,0.0,0.0,0.0,0.055979,0.041843,0.063204,0.0,0.0,0.0,0.161313,0.018725
2024-07-01,0.080622,0.040725,0.0,0.03773,0.0,0.031803,0.0,0.0,0.09938,0.0,0.049683,0.0,0.0,0.071008,0.087647,0.015637,0.138315,0.0,0.0,0.0,0.0,0.055723,0.041981,0.062277,0.0,0.0,0.0,0.168873,0.018597
2024-07-02,0.080647,0.040521,0.0,0.037671,0.0,0.031931,0.0,0.0,0.100303,0.0,0.049838,0.0,0.0,0.071336,0.087894,0.015678,0.139933,0.0,0.0,0.0,0.0,0.05559,0.04207,0.063052,0.0,0.0,0.0,0.164979,0.018557
2024-07-03,0.08115,0.040914,0.0,0.037652,0.0,0.032379,0.0,0.0,0.099711,0.0,0.049879,0.0,0.0,0.071016,0.088177,0.015845,0.14187,0.0,0.0,0.0,0.0,0.05606,0.043306,0.063034,0.0,0.0,0.0,0.160499,0.018507
2024-07-04,0.081407,0.040901,0.0,0.037685,0.0,0.032369,0.0,0.0,0.099678,0.0,0.049863,0.0,0.0,0.070993,0.088148,0.01584,0.141823,0.0,0.0,0.0,0.0,0.056041,0.043292,0.063013,0.0,0.0,0.0,0.160446,0.018503
2024-07-05,0.082167,0.041551,0.0,0.037763,0.0,0.03211,0.0,0.0,0.100409,0.0,0.050059,0.0,0.0,0.07241,0.088972,0.016009,0.143178,0.0,0.0,0.0,0.0,0.057227,0.044623,0.063913,0.0,0.0,0.0,0.150965,0.018645
2024-07-08,0.082296,0.041313,0.0,0.037849,0.0,0.0318,0.0,0.0,0.100067,0.0,0.050083,0.0,0.0,0.072243,0.088995,0.016106,0.145782,0.0,0.0,0.0,0.0,0.056475,0.044041,0.063389,0.0,0.0,0.0,0.150927,0.018633
2024-07-09,0.0818,0.040769,0.0,0.037473,0.0,0.032044,0.0,0.0,0.10031,0.0,0.049602,0.0,0.0,0.071677,0.088785,0.016008,0.144948,0.0,0.0,0.0,0.0,0.056273,0.043794,0.063975,0.0,0.0,0.0,0.154006,0.018537
2024-07-10,0.081875,0.041084,0.0,0.03752,0.0,0.031768,0.0,0.0,0.100225,0.0,0.049812,0.0,0.0,0.071657,0.089206,0.016165,0.14762,0.0,0.0,0.0,0.0,0.056215,0.043651,0.062893,0.0,0.0,0.0,0.151852,0.018457
2024-07-11,0.081849,0.04119,0.0,0.038221,0.0,0.032343,0.0,0.0,0.100788,0.0,0.050332,0.0,0.0,0.071229,0.090633,0.015725,0.142446,0.0,0.0,0.0,0.0,0.057084,0.044358,0.063873,0.0,0.0,0.0,0.151512,0.018416
2024-07-12,0.082111,0.041465,0.0,0.038469,0.0,0.032499,0.0,0.0,0.100595,0.0,0.050358,0.0,0.0,0.071171,0.090824,0.015783,0.143432,0.0,0.0,0.0,0.0,0.056752,0.043265,0.063255,0.0,0.0,0.0,0.151699,0.018322
2024-07-15,0.081109,0.040486,0.0,0.038144,0.0,0.031401,0.0,0.0,0.100745,0.0,0.050062,0.0,0.0,0.069841,0.087471,0.015606,0.141732,0.0,0.0,0.0,0.0,0.056197,0.042569,0.062078,0.0,0.0,0.0,0.164471,0.018087
2024-07-16,0.080116,0.040199,0.0,0.038212,0.0,0.031046,0.0,0.0,0.100789,0.0,0.050755,0.0,0.0,0.069748,0.087196,0.015386,0.141064,0.0,0.0,0.0,0.0,0.056696,0.042979,0.060544,0.0,0.0,0.0,0.167377,0.017894
2024-07-17,0.080772,0.040554,0.0,0.038723,0.0,0.031065,0.0,0.0,0.103004,0.0,0.050821,0.0,0.0,0.071654,0.088491,0.014999,0.132901,0.0,0.0,0.0,0.0,0.057238,0.04216,0.061408,0.0,0.0,0.0,0.168057,0.018153
2024-07-18,0.080689,0.040504,0.0,0.038853,0.0,0.031054,0.0,0.0,0.102469,0.0,0.050775,0.0,0.0,0.071797,0.089033,0.015105,0.134231,0.0,0.0,0.0,0.0,0.05727,0.041733,0.061966,0.0,0.0,0.0,0.166238,0.018283
2024-07-19,0.080065,0.040264,0.0,0.038281,0.0,0.030946,0.0,0.0,0.101437,0.0,0.050501,0.0,0.0,0.071565,0.089143,0.01487,0.130138,0.0,0.0,0.0,0.0,0.056248,0.040955,0.06117,0.0,0.0,0.0,0.176131,0.018286
2024-07-22,0.079366,0.040289,0.0,0.037985,0.0,0.031081,0.0,0.0,0.100654,0.0,0.050339,0.0,0.0,0.070663,0.088702,0.01502,0.133737,0.0,0.0,0.0,0.0,0.055521,0.040321,0.061968,0.0,0.0,0.0,0.176308,0.018045
2024-07-23,0.080664,0.040326,0.0,0.038845,0.0,0.030771,0.0,0.0,0.101809,0.0,0.050726,0.0,0.0,0.071086,0.088997,0.015104,0.133009,0.0,0.0,0.0,0.0,0.056251,0.040785,0.062563,0.0,0.0,0.0,0.170845,0.018221
2024-07-24,0.080265,0.040448,0.0,0.039162,0.0,0.030803,0.0,0.0,0.101663,0.0,0.05025,0.0,0.0,0.071903,0.091113,0.014659,0.127497,0.0,0.0,0.0,0.0,0.056749,0.040904,0.06287,0.0,0.0,0.0,0.173266,0.018448
2024-07-25,0.080655,0.040717,0.0,0.039368,0.0,0.030724,0.0,0.0,0.103076,0.0,0.051165,0.0,0.0,0.072545,0.09127,0.014648,0.125914,0.0,0.0,0.0,0.0,0.056426,0.039723,0.063083,0.0,0.0,0.0,0.172044,0.018642
2024-07-26,0.079378,0.040568,0.0,0.038907,0.0,0.030406,0.0,0.0,0.102852,0.0,0.051124,0.0,0.0,0.071995,0.090544,0.014574,0.126357,0.0,0.0,0.0,0.0,0.056018,0.039132,0.061897,0.0,0.0,0.0,0.177932,0.018315
2024-07-29,0.079571,0.040421,0.0,0.039111,0.0,0.030436,0.0,0.0,0.103112,0.0,0.051235,0.0,0.0,0.072304,0.091306,0.014566,0.126586,0.0,0.0,0.0,0.0,0.056158,0.039223,0.061437,0.0,0.0,0.0,0.176147,0.018389
2024-07-30,0.080006,0.040796,0.0,0.039511,0.0,0.030307,0.0,0.0,0.104881,0.0,0.051671,0.0,0.0,0.072215,0.09229,0.014279,0.122669,0.0,0.0,0.0,0.0,0.057035,0.040046,0.062301,0.0,0.0,0.0,0.173498,0.018495
2024-07-31,0.091821,0.026961,0.0,0.0,0.052098,0.028787,0.0,0.052437,0.083595,0.025573,0.023872,0.0,0.034968,0.071185,0.026925,0.050104,0.066068,0.0,0.015864,0.0,0.0,0.047552,0.048875,0.035877,0.0,0.0,0.13327,0.064194,0.019973
2024-08-01,0.091897,0.0268,0.0,0.0,0.052246,0.028827,0.0,0.052644,0.083652,0.025271,0.023783,0.0,0.035858,0.072926,0.027823,0.048963,0.062231,0.0,0.015403,0.0,0.0,0.048102,0.048935,0.035682,0.0,0.0,0.135458,0.06322,0.020279
2024-08-02,0.090463,0.026935,0.0,0.0,0.051608,0.029094,0.0,0.052817,0.082635,0.024933,0.023556,0.0,0.036243,0.074504,0.028223,0.048193,0.059674,0.0,0.015144,0.0,0.0,0.048622,0.049577,0.036183,0.0,0.0,0.137843,0.063218,0.020537
2024-08-05,0.091166,0.027038,0.0,0.0,0.051695,0.02972,0.0,0.052869,0.082367,0.02503,0.023761,0.0,0.036211,0.074975,0.028207,0.047824,0.060177,0.0,0.015045,0.0,0.0,0.049279,0.048586,0.037542,0.0,0.0,0.141904,0.05552,0.021084
2024-08-06,0.090963,0.026916,0.0,0.0,0.051534,0.029464,0.0,0.052693,0.083102,0.025004,0.023875,0.0,0.036119,0.074958,0.028242,0.048128,0.060289,0.0,0.015213,0.0,0.0,0.048536,0.047813,0.037559,0.0,0.0,0.140078,0.058575,0.020936
2024-08-07,0.092497,0.027022,0.0,0.0,0.052767,0.029688,0.0,0.053002,0.083401,0.025164,0.023817,0.0,0.035837,0.075214,0.028469,0.047462,0.05875,0.0,0.015293,0.0,0.0,0.048619,0.047325,0.038205,0.0,0.0,0.139986,0.056494,0.02099
2024-08-08,0.090656,0.026902,0.0,0.0,0.052125,0.029801,0.0,0.052522,0.083211,0.02524,0.023924,0.0,0.035967,0.074521,0.027984,0.048342,0.061665,0.0,0.015436,0.0,0.0,0.048487,0.047766,0.03706,0.0,0.0,0.137323,0.060457,0.020612
2024-08-09,0.090786,0.026969,0.0,0.0,0.052184,0.029566,0.0,0.052341,0.083247,0.025201,0.023837,0.0,0.036007,0.07435,0.027972,0.048375,0.061067,0.0,0.015361,0.0,0.0,0.048421,0.047565,0.037587,0.0,0.0,0.137155,0.061468,0.020539
2024-08-12,0.090986,0.026888,0.0,0.0,0.052532,0.029854,0.0,0.052196,0.082764,0.025309,0.023702,0.0,0.035849,0.073929,0.028005,0.04874,0.061381,0.0,0.015431,0.0,0.0,0.049221,0.048468,0.037207,0.0,0.0,0.137438,0.059569,0.020532
2024-08-13,0.091183,0.026998,0.0,0.0,0.052285,0.029743,0.0,0.051587,0.082686,0.024834,0.023732,0.0,0.03595,0.073586,0.02791,0.049777,0.063289,0.0,0.015661,0.0,0.0,0.048696,0.047891,0.036512,0.0,0.0,0.136467,0.060867,0.020344
2024-08-14,0.092084,0.027172,0.0,0.0,0.052382,0.029164,0.0,0.051488,0.083777,0.025003,0.023851,0.0,0.036113,0.073992,0.027918,0.050097,0.063189,0.0,0.015692,0.0,0.0,0.048344,0.04739,0.036563,0.0,0.0,0.136522,0.058894,0.020365
2024-08-15,0.092509,0.027191,0.0,0.0,0.052423,0.029316,0.0,0.051464,0.08376,0.025064,0.023945,0.0,0.035997,0.074052,0.027651,0.051053,0.065604,0.0,0.015731,0.0,0.0,0.04804,0.048308,0.036188,0.0,0.0,0.134951,0.056573,0.020179
2024-08-16,0.091988,0.027131,0.0,0.0,0.052423,0.029566,0.0,0.051532,0.083739,0.024847,0.02373,0.0,0.035763,0.073694,0.027564,0.050753,0.064971,0.0,0.015726,0.0,0.0,0.048744,0.049,0.036081,0.0,0.0,0.133882,0.058837,0.020027
2024-08-19,0.092281,0.027261,0.0,0.0,0.052656,0.029593,0.0,0.051315,0.083665,0.024856,0.023723,0.0,0.035752,0.073473,0.02757,0.051262,0.065656,0.0,0.015918,0.0,0.0,0.048356,0.049426,0.036499,0.0,0.0,0.13312,0.057713,0.019904
2024-08-20,0.092476,0.027215,0.0,0.0,0.052396,0.028934,0.0,0.05146,0.083487,0.024227,0.023683,0.0,0.035934,0.073914,0.02754,0.051136,0.064856,0.0,0.015848,0.0,0.0,0.048585,0.049552,0.036808,0.0,0.0,0.133789,0.058226,0.019932
2024-08-21,0.092264,0.027274,0.0,0.0,0.052315,0.029081,0.0,0.051435,0.08283,0.024115,0.023676,0.0,0.035768,0.073947,0.027561,0.051114,0.065362,0.0,0.016126,0.0,0.0,0.048215,0.049387,0.036592,0.0,0.0,0.13324,0.059893,0.019806
2024-08-22,0.092905,0.027323,0.0,0.0,0.052218,0.029064,0.0,0.051704,0.083945,0.024364,0.023829,0.0,0.036068,0.074409,0.027741,0.050323,0.063617,0.0,0.015988,0.0,0.0,0.048005,0.048734,0.036889,0.0,0.0,0.13385,0.059059,0.019963
2024-08-23,0.092348,0.02742,0.0,0.0,0.052243,0.029003,0.0,0.051284,0.08354,0.024399,0.023747,0.0,0.035741,0.073623,0.027447,0.050457,0.06445,0.0,0.01615,0.0,0.0,0.047912,0.04956,0.036695,0.0,0.0,0.13277,0.061512,0.019699
2024-08-26,0.092474,0.027372,0.0,0.0,0.052314,0.028483,0.0,0.051453,0.083918,0.024651,0.023753,0.0,0.035771,0.074246,0.027663,0.049891,0.062917,0.0,0.015979,0.0,0.0,0.048131,0.049847,0.037177,0.0,0.0,0.132963,0.061269,0.019728
2024-08-27,0.092251,0.027493,0.0,0.0,0.051808,0.028596,0.0,0.051443,0.084363,0.024425,0.023772,0.0,0.035832,0.074437,0.027449,0.050201,0.063624,0.0,0.016083,0.0,0.0,0.048268,0.049927,0.037257,0.0,0.0,0.132982,0.060057,0.019734
2024-08-28,0.092722,0.027605,0.0,0.0,0.052083,0.028291,0.0,0.051854,0.085277,0.024471,0.023959,0.0,0.036173,0.074741,0.027678,0.049922,0.062998,0.0,0.016023,0.0,0.0,0.048329,0.049111,0.037433,0.0,0.0,0.134081,0.057346,0.019901
2024-08-29,0.093173,0.027623,0.0,0.0,0.052178,0.028538,0.0,0.051836,0.085826,0.024729,0.024069,0.0,0.036161,0.074186,0.02776,0.04935,0.062662,0.0,0.016029,0.0,0.0,0.04846,0.049211,0.037251,0.0,0.0,0.133569,0.057535,0.019855
2024-08-30,0.109137,0.0,0.0,0.026688,0.053328,0.010294,0.0,0.07206,0.066595,0.018968,0.026618,0.023143,0.021423,0.056311,0.057579,0.013969,0.025102,0.0,0.0,0.0,0.098271,0.114359,0.020588,0.0,0.0,0.067894,0.067692,0.045311,0.004668
2024-09-02,0.109816,0.0,0.0,0.026736,0.053258,0.010286,0.0,0.072001,0.066541,0.018952,0.026596,0.023124,0.021406,0.056266,0.057533,0.013958,0.025082,0.0,0.0,0.0,0.098192,0.114267,0.020572,0.0,0.0,0.067839,0.067637,0.045275,0.004665
2024-09-03,0.109345,0.0,0.0,0.026677,0.053022,0.010251,0.0,0.072072,0.066619,0.018641,0.026233,0.022696,0.02155,0.057153,0.057948,0.013432,0.023369,0.0,0.0,0.0,0.098991,0.114759,0.020144,0.0,0.0,0.068878,0.068362,0.045151,0.004707
2024-09-04,0.108408,0.0,0.0,0.026375,0.052875,0.010209,0.0,0.072359,0.066644,0.01837,0.02624,0.022655,0.021497,0.057379,0.0584,0.013388,0.023428,0.0,0.0,0.0,0.099199,0.114745,0.020208,0.0,0.0,0.06923,0.068493,0.045195,0.004704
2024-09-05,0.108129,0.0,0.0,0.026327,0.052897,0.01024,0.0,0.072257,0.066175,0.018301,0.026038,0.022589,0.021287,0.057388,0.058489,0.013421,0.023396,0.0,0.0,0.0,0.099273,0.116164,0.020723,0.0,0.0,0.069671,0.068812,0.043702,0.004724
2024-09-06,0.107963,0.0,0.0,0.02622,0.05275,0.010235,0.0,0.072072,0.065876,0.018258,0.02604,0.022935,0.021433,0.057862,0.05853,0.013208,0.022626,0.0,0.0,0.0,0.100203,0.116495,0.020338,0.0,0.0,0.07049,0.069567,0.042124,0.004773
2024-09-09,0.107545,0.0,0.0,0.026194,0.052417,0.010108,0.0,0.071894,0.066177,0.018203,0.02617,0.022796,0.021363,0.057714,0.058521,0.013287,0.022838,0.0,0.0,0.0,0.10029,0.115793,0.020423,0.0,0.0,0.069871,0.069015,0.044656,0.004725
2024-09-10,0.107316,0.0,0.0,0.026023,0.052027,0.010032,0.0,0.071798,0.065309,0.017837,0.026139,0.022848,0.021399,0.057533,0.058625,0.013447,0.023011,0.0,0.0,0.0,0.101446,0.115965,0.020435,0.0,0.0,0.069965,0.068965,0.045169,0.004712
2024-09-11,0.106731,0.0,0.0,0.025899,0.051962,0.010126,0.0,0.071961,0.065046,0.017684,0.026204,0.022738,0.021351,0.057036,0.058848,0.013916,0.024097,0.0,0.0,0.0,0.101319,0.115862,0.020591,0.0,0.0,0.069965,0.069057,0.044892,0.004716
2024-09-12,0.107886,0.0,0.0,0.026119,0.052242,0.010026,0.0,0.072057,0.064568,0.017673,0.026153,0.023012,0.021222,0.056837,0.058413,0.013896,0.02376,0.0,0.0,0.0,0.10077,0.116767,0.021292,0.0,0.0,0.069182,0.068407,0.045047,0.004671
2024-09-13,0.108098,0.0,0.0,0.026235,0.0523,0.009963,0.0,0.071487,0.064145,0.017604,0.026168,0.023474,0.021065,0.056698,0.058675,0.013834,0.023956,0.0,0.0,0.0,0.100861,0.116813,0.02167,0.0,0.0,0.06866,0.067988,0.04568,0.004628
2024-09-16,0.107874,0.0,0.0,0.026156,0.052253,0.009998,0.0,0.071732,0.064889,0.017781,0.026266,0.023583,0.02118,0.056841,0.05904,0.013762,0.023603,0.0,0.0,0.0,0.101055,0.116638,0.021679,0.0,0.0,0.068743,0.068126,0.04418,0.004622
2024-09-17,0.108358,0.0,0.0,0.026478,0.052434,0.010075,0.0,0.071435,0.065155,0.017999,0.026378,0.023745,0.020937,0.056232,0.058923,0.013718,0.023604,0.0,0.0,0.0,0.100229,0.115852,0.021567,0.0,0.0,0.068535,0.068019,0.045711,0.004617
2024-09-18,0.108312,0.0,0.0,0.026431,0.05246,0.010075,0.0,0.071407,0.065266,0.018121,0.026482,0.023826,0.021002,0.056286,0.058757,0.013658,0.023455,0.0,0.0,0.0,0.100587,0.115511,0.021113,0.0,0.0,0.068565,0.068092,0.045955,0.004639
2024-09-19,0.108792,0.0,0.0,0.026523,0.052753,0.01029,0.0,0.071121,0.065215,0.018122,0.026622,0.024113,0.020831,0.055298,0.057728,0.013899,0.024167,0.0,0.0,0.0,0.099428,0.115931,0.021516,0.0,0.0,0.067706,0.067495,0.047864,0.004586
2024-09-20,0.10796,0.0,0.0,0.026292,0.052677,0.01028,0.0,0.071805,0.065094,0.01806,0.026404,0.023524,0.02072,0.055499,0.059181,0.013815,0.023785,0.0,0.0,0.0,0.098915,0.117264,0.021735,0.0,0.0,0.067604,0.067323,0.047482,0.004581
2024-09-23,0.108153,0.0,0.0,0.026255,0.052933,0.010381,0.0,0.071987,0.064717,0.018199,0.026459,0.023612,0.020585,0.055565,0.059494,0.013749,0.023768,0.0,0.0,0.0,0.099437,0.116952,0.021308,0.0,0.0,0.067253,0.06702,0.047612,0.004561
2024-09-24,0.107767,0.0,0.0,0.026128,0.054038,0.011251,0.0,0.071269,0.063827,0.018055,0.026505,0.023462,0.020432,0.05513,0.058751,0.013768,0.023925,0.0,0.0,0.0,0.099038,0.117942,0.022253,0.0,0.0,0.066963,0.066819,0.048143,0.004536
2024-09-25,0.108239,0.0,0.0,0.026158,0.054158,0.011036,0.0,0.071609,0.063693,0.017771,0.026484,0.023151,0.020312,0.055206,0.059291,0.013861,0.024185,0.0,0.0,0.0,0.098762,0.11824,0.022097,0.0,0.0,0.066952,0.066827,0.047415,0.004554
2024-09-26,0.108152,0.0,0.0,0.026174,0.055404,0.011933,0.0,0.071533,0.063671,0.017328,0.026471,0.023142,0.020269,0.055031,0.058564,0.013968,0.024913,0.0,0.0,0.0,0.097334,0.118195,0.022128,0.0,0.0,0.06654,0.066379,0.04834,0.004531
2024-09-27,0.108189,0.0,0.0,0.026269,0.055478,0.012125,0.0,0.071327,0.063747,0.01765,0.026464,0.023454,0.020224,0.055037,0.059044,0.013814,0.024476,0.0,0.0,0.0,0.097293,0.117057,0.021788,0.0,0.0,0.066691,0.066428,0.048922,0.004524
2024-09-30,0.083314,0.055042,0.0,0.0,0.023447,0.0,0.0,0.11078,0.071308,0.0,0.054939,0.011802,0.046198,0.045792,0.046024,0.028477,0.0,0.0,0.0,0.0,0.138673,0.09066,0.0,0.044975,0.0,0.06895,0.069153,0.0,0.010466
2024-10-01,0.083139,0.054611,0.0,0.0,0.023435,0.0,0.0,0.110483,0.071166,0.0,0.055149,0.011884,0.046108,0.045788,0.046549,0.027876,0.0,0.0,0.0,0.0,0.138233,0.091914,0.0,0.044121,0.0,0.06943,0.06961,0.0,0.010504
2024-10-02,0.083351,0.054498,0.0,0.0,0.023859,0.0,0.0,0.110276,0.07132,0.0,0.055106,0.011786,0.046063,0.045449,0.046621,0.028111,0.0,0.0,0.0,0.0,0.137892,0.09203,0.0,0.044202,0.0,0.069305,0.06962,0.0,0.010513
2024-10-03,0.083433,0.054192,0.0,0.0,0.023873,0.0,0.0,0.109624,0.071357,0.0,0.055147,0.011822,0.045915,0.045259,0.046877,0.028394,0.0,0.0,0.0,0.0,0.137437,0.092507,0.0,0.044497,0.0,0.069356,0.069732,0.0,0.010579
2024-10-04,0.083593,0.054512,0.0,0.0,0.023948,0.0,0.0,0.10923,0.072596,0.0,0.055555,0.011611,0.045971,0.045428,0.046822,0.028722,0.0,0.0,0.0,0.0,0.136832,0.09236,0.0,0.044237,0.0,0.068715,0.069286,0.0,0.010583
2024-10-07,0.084539,0.054564,0.0,0.0,0.02437,0.0,0.0,0.107997,0.072198,0.0,0.055801,0.011673,0.046082,0.045286,0.04606,0.02872,0.0,0.0,0.0,0.0,0.136557,0.092681,0.0,0.04419,0.0,0.068937,0.069686,0.0,0.010658
2024-10-08,0.084146,0.054352,0.0,0.0,0.023763,0.0,0.0,0.109625,0.072405,0.0,0.055763,0.011727,0.046199,0.045379,0.04595,0.029173,0.0,0.0,0.0,0.0,0.136437,0.091732,0.0,0.044325,0.0,0.068795,0.069599,0.0,0.010629
2024-10-09,0.084432,0.054403,0.0,0.0,0.023621,0.0,0.0,0.109831,0.072881,0.0,0.056112,0.011726,0.046546,0.045532,0.045436,0.02942,0.0,0.0,0.0,0.0,0.136218,0.09099,0.0,0.044608,0.0,0.068355,0.069287,0.0,0.010601
2024-10-10,0.084584,0.054349,0.0,0.0,0.023683,0.0,0.0,0.109578,0.072796,0.0,0.05593,0.011575,0.046461,0.045417,0.045383,0.029468,0.0,0.0,0.0,0.0,0.135263,0.091831,0.0,0.045025,0.0,0.068477,0.069558,0.0,0.010624
2024-10-11,0.084451,0.054272,0.0,0.0,0.023677,0.0,0.0,0.108921,0.073638,0.0,0.056498,0.01156,0.046448,0.045323,0.045435,0.029296,0.0,0.0,0.0,0.0,0.135758,0.092131,0.0,0.045031,0.0,0.067981,0.069038,0.0,0.010544
2024-10-14,0.084559,0.054266,0.0,0.0,0.02354,0.0,0.0,0.108796,0.073844,0.0,0.056643,0.011764,0.046545,0.045351,0.045851,0.029577,0.0,0.0,0.0,0.0,0.136108,0.091666,0.0,0.044618,0.0,0.067628,0.068733,0.0,0.010511
2024-10-15,0.084314,0.053483,0.0,0.0,0.023135,0.0,0.0,0.108223,0.074026,0.0,0.056226,0.011845,0.045991,0.045653,0.046072,0.028936,0.0,0.0,0.0,0.0,0.137794,0.092014,0.0,0.044944,0.0,0.067997,0.06883,0.0,0.010516
2024-10-16,0.083699,0.053325,0.0,0.0,0.023153,0.0,0.0,0.107857,0.074622,0.0,0.05642,0.011953,0.045924,0.045425,0.046786,0.028902,0.0,0.0,0.0,0.0,0.138714,0.092081,0.0,0.044305,0.0,0.067813,0.06855,0.0,0.01047
2024-10-17,0.084434,0.053543,0.0,0.0,0.023154,0.0,0.0,0.106826,0.075045,0.0,0.056423,0.011889,0.045791,0.045354,0.046506,0.029075,0.0,0.0,0.0,0.0,0.138022,0.092903,0.0,0.04433,0.0,0.067658,0.068543,0.0,0.010504
2024-10-18,0.084147,0.053739,0.0,0.0,0.023306,0.0,0.0,0.10683,0.074772,0.0,0.056375,0.011985,0.045836,0.045278,0.046594,0.029067,0.0,0.0,0.0,0.0,0.138514,0.093528,0.0,0.043695,0.0,0.067475,0.068392,0.0,0.010464
2024-10-21,0.084228,0.053616,0.0,0.0,0.023158,0.0,0.0,0.106992,0.07479,0.0,0.056643,0.011667,0.045673,0.045271,0.046797,0.029445,0.0,0.0,0.0,0.0,0.136926,0.094284,0.0,0.043988,0.0,0.067509,0.068461,0.0,0.010551
2024-10-22,0.084379,0.053481,0.0,0.0,0.023225,0.0,0.0,0.106019,0.074754,0.0,0.056037,0.011293,0.045671,0.045591,0.046697,0.029456,0.0,0.0,0.0,0.0,0.137322,0.095437,0.0,0.043877,0.0,0.067541,0.068653,0.0,0.010568
2024-10-23,0.084038,0.053263,0.0,0.0,0.023175,0.0,0.0,0.10602,0.074866,0.0,0.056005,0.011285,0.045564,0.045609,0.047256,0.029102,0.0,0.0,0.0,0.0,0.138651,0.094509,0.0,0.043876,0.0,0.067544,0.068643,0.0,0.010593
2024-10-24,0.084074,0.053521,0.0,0.0,0.023061,0.0,0.0,0.10594,0.074941,0.0,0.055628,0.011409,0.04527,0.045554,0.046958,0.029192,0.0,0.0,0.0,0.0,0.138974,0.09525,0.0,0.043203,0.0,0.067704,0.068723,0.0,0.010597
2024-10-25,0.084947,0.053525,0.0,0.0,0.02325,0.0,0.0,0.105101,0.074468,0.0,0.055745,0.011291,0.045237,0.045391,0.046482,0.029484,0.0,0.0,0.0,0.0,0.138322,0.095901,0.0,0.043462,0.0,0.067876,0.068867,0.0,0.01065
2024-10-28,0.084609,0.053833,0.0,0.0,0.023231,0.0,0.0,0.105602,0.075123,0.0,0.055708,0.011358,0.04514,0.045311,0.046678,0.029368,0.0,0.0,0.0,0.0,0.138255,0.095559,0.0,0.043654,0.0,0.067475,0.068485,0.0,0.010612
2024-10-29,0.084654,0.053477,0.0,0.0,0.023217,0.0,0.0,0.10593,0.074798,0.0,0.055736,0.011055,0.045099,0.044947,0.045765,0.029818,0.0,0.0,0.0,0.0,0.137514,0.096778,0.0,0.04424,0.0,0.067627,0.068712,0.0,0.010632
2024-10-30,0.084735,0.053055,0.0,0.0,0.022972,0.0,0.0,0.105454,0.075135,0.0,0.055643,0.011077,0.045015,0.044875,0.045656,0.029345,0.0,0.0,0.0,0.0,0.138123,0.097313,0.0,0.044591,0.0,0.067529,0.068848,0.0,0.010633
2024-10-31,0.137848,0.0,0.0,0.0,0.050526,0.036633,0.0,0.050411,0.029417,0.0,0.082468,0.025738,0.036382,0.050323,0.050491,0.032664,0.0,0.0,0.0,0.0,0.138109,0.135052,0.0,0.0,0.0,0.068654,0.068772,0.0,0.006513
2024-11-01,0.138996,0.0,0.0,0.0,0.051014,0.036867,0.0,0.050534,0.029569,0.0,0.08272,0.025766,0.03666,0.050428,0.04945,0.032965,0.0,0.0,0.0,0.0,0.136817,0.134728,0.0,0.0,0.0,0.068364,0.068596,0.0,0.006525
2024-11-04,0.138279,0.0,0.0,0.0,0.051217,0.037107,0.0,0.049971,0.029313,0.0,0.08255,0.026124,0.036386,0.050519,0.048816,0.032909,0.0,0.0,0.0,0.0,0.138185,0.134794,0.0,0.0,0.0,0.068664,0.068646,0.0,0.006519
2024-11-05,0.138033,0.0,0.0,0.0,0.051312,0.037642,0.0,0.049929,0.029317,0.0,0.083171,0.026473,0.036321,0.050379,0.0491,0.03307,0.0,0.0,0.0,0.0,0.138752,0.133873,0.0,0.0,0.0,0.068078,0.068087,0.0,0.006462
2024-11-06,0.140365,0.0,0.0,0.0,0.050683,0.036744,0.0,0.05045,0.031202,0.0,0.086712,0.025997,0.036488,0.049719,0.048753,0.034124,0.0,0.0,0.0,0.0,0.136246,0.130233,0.0,0.0,0.0,0.067599,0.068204,0.0,0.006482
2024-11-07,0.140757,0.0,0.0,0.0,0.051352,0.038361,0.0,0.049791,0.030408,0.0,0.085376,0.025972,0.036404,0.049429,0.048379,0.034391,0.0,0.0,0.0,0.0,0.136576,0.131075,0.0,0.0,0.0,0.067498,0.067809,0.0,0.006423
2024-11-08,0.140669,0.0,0.0,0.0,0.050134,0.036225,0.0,0.049222,0.030655,0.0,0.086216,0.02618,0.036632,0.049984,0.049263,0.034322,0.0,0.0,0.0,0.0,0.138491,0.130071,0.0,0.0,0.0,0.067581,0.067936,0.0,0.006419
2024-11-11,0.141671,0.0,0.0,0.0,0.049938,0.036341,0.0,0.049533,0.031185,0.0,0.087145,0.026352,0.036527,0.049961,0.049548,0.034235,0.0,0.0,0.0,0.0,0.138212,0.1274,0.0,0.0,0.0,0.067598,0.067915,0.0,0.006438
2024-11-12,0.142036,0.0,0.0,0.0,0.049475,0.035523,0.0,0.049377,0.031413,0.0,0.087292,0.025876,0.036392,0.050536,0.049488,0.034634,0.0,0.0,0.0,0.0,0.137713,0.127611,0.0,0.0,0.0,0.06787,0.068258,0.0,0.006505
2024-11-13,0.142268,0.0,0.0,0.0,0.049296,0.0355,0.0,0.048952,0.031478,0.0,0.087603,0.025909,0.036348,0.050759,0.049472,0.034564,0.0,0.0,0.0,0.0,0.138675,0.126507,0.0,0.0,0.0,0.067924,0.06823,0.0,0.006515
2024-11-14,0.142828,0.0,0.0,0.0,0.049491,0.035344,0.0,0.049278,0.031528,0.0,0.086488,0.026203,0.035927,0.050847,0.049509,0.034592,0.0,0.0,0.0,0.0,0.138007,0.126708,0.0,0.0,0.0,0.068203,0.068504,0.0,0.006544
2024-11-15,0.141318,0.0,0.0,0.0,0.049547,0.035528,0.0,0.049152,0.031819,0.0,0.086419,0.026058,0.035422,0.050631,0.050481,0.033888,0.0,0.0,0.0,0.0,0.138715,0.127064,0.0,0.0,0.0,0.068545,0.068838,0.0,0.006575
2024-11-18,0.141081,0.0,0.0,0.0,0.049658,0.035793,0.0,0.049069,0.031711,0.0,0.08575,0.025839,0.035221,0.05066,0.050596,0.033781,0.0,0.0,0.0,0.0,0.138829,0.128654,0.0,0.0,0.0,0.068261,0.068564,0.0,0.006533
2024-11-19,0.140666,0.0,0.0,0.0,0.049676,0.035451,0.0,0.049232,0.03143,0.0,0.085479,0.025735,0.034959,0.050613,0.050802,0.033979,0.0,0.0,0.0,0.0,0.139184,0.129509,0.0,0.0,0.0,0.06825,0.068515,0.0,0.006519
2024-11-20,0.139969,0.0,0.0,0.0,0.049305,0.035675,0.0,0.049298,0.031342,0.0,0.085591,0.025789,0.035381,0.050367,0.050838,0.033958,0.0,0.0,0.0,0.0,0.139039,0.130267,0.0,0.0,0.0,0.068163,0.068498,0.0,0.006521
2024-11-21,0.14059,0.0,0.0,0.0,0.048994,0.035153,0.0,0.048573,0.031532,0.0,0.086095,0.025828,0.035432,0.050579,0.051383,0.034078,0.0,0.0,0.0,0.0,0.139148,0.130493,0.0,0.0,0.0,0.067681,0.067961,0.0,0.00648
2024-11-22,0.14021,0.0,0.0,0.0,0.048735,0.034143,0.0,0.049249,0.031708,0.0,0.086811,0.026088,0.035267,0.050764,0.050824,0.033907,0.0,0.0,0.0,0.0,0.13942,0.131444,0.0,0.0,0.0,0.067349,0.067635,0.0,0.006447
2024-11-25,0.140643,0.0,0.0,0.0,0.048713,0.03395,0.0,0.049665,0.031803,0.0,0.087048,0.027319,0.035444,0.050865,0.05074,0.033787,0.0,0.0,0.0,0.0,0.140868,0.127126,0.0,0.0,0.0,0.067838,0.067768,0.0,0.006422
2024-11-26,0.140501,0.0,0.0,0.0,0.048477,0.033715,0.0,0.049466,0.031836,0.0,0.087071,0.026718,0.035602,0.051029,0.051502,0.033925,0.0,0.0,0.0,0.0,0.141302,0.127256,0.0,0.0,0.0,0.067633,0.06755,0.0,0.006418
2024-11-27,0.140291,0.0,0.0,0.0,0.048391,0.034465,0.0,0.049509,0.031821,0.0,0.086541,0.026658,0.035706,0.051011,0.051378,0.033385,0.0,0.0,0.0,0.0,0.141868,0.127232,0.0,0.0,0.0,0.067742,0.067599,0.0,0.006403
2024-11-28,0.140634,0.0,0.0,0.0,0.048128,0.034462,0.0,0.049504,0.031818,0.0,0.086532,0.026655,0.035702,0.051006,0.051372,0.033382,0.0,0.0,0.0,0.0,0.141854,0.127219,0.0,0.0,0.0,0.067735,0.067592,0.0,0.006404
2024-11-29,0.119128,0.0,0.0,0.0,0.070557,0.025005,0.0,0.023501,0.076606,0.0,0.042544,0.0,0.0,0.036438,0.078732,0.04867,0.0,0.070177,0.0,0.0,0.119426,0.085768,0.026112,0.0,0.0,0.019757,0.099198,0.044202,0.01418
2024-12-02,0.119904,0.0,0.0,0.0,0.071068,0.025154,0.0,0.02365,0.076201,0.0,0.042429,0.0,0.0,0.036565,0.077404,0.049363,0.0,0.071165,0.0,0.0,0.118239,0.085417,0.026112,0.0,0.0,0.019848,0.099609,0.043625,0.014248
2024-12-03,0.120213,0.0,0.0,0.0,0.071392,0.025269,0.0,0.023759,0.07569,0.0,0.042195,0.0,0.0,0.036404,0.076795,0.049579,0.0,0.071321,0.0,0.0,0.117731,0.085655,0.026593,0.0,0.0,0.019807,0.099732,0.043606,0.014259
2024-12-04,0.120284,0.0,0.0,0.0,0.071279,0.024895,0.0,0.023679,0.07503,0.0,0.042169,0.0,0.0,0.036123,0.076405,0.050235,0.0,0.072456,0.0,0.0,0.11683,0.085488,0.026695,0.0,0.0,0.019783,0.09952,0.044937,0.014192
2024-12-05,0.120642,0.0,0.0,0.0,0.071825,0.025063,0.0,0.02395,0.075282,0.0,0.041673,0.0,0.0,0.036281,0.076671,0.049999,0.0,0.072127,0.0,0.0,0.116593,0.084887,0.026733,0.0,0.0,0.019789,0.099438,0.044848,0.014199
2024-12-06,0.12064,0.0,0.0,0.0,0.071669,0.025271,0.0,0.02389,0.075226,0.0,0.041544,0.0,0.0,0.036082,0.075679,0.050166,0.0,0.072743,0.0,0.0,0.116359,0.084872,0.026429,0.0,0.0,0.01984,0.099466,0.045932,0.014193
2024-12-09,0.120463,0.0,0.0,0.0,0.073416,0.02727,0.0,0.023871,0.0743,0.0,0.04124,0.0,0.0,0.036075,0.074833,0.049908,0.0,0.071843,0.0,0.0,0.11685,0.085834,0.027149,0.0,0.0,0.019799,0.099422,0.043513,0.014213
2024-12-10,0.120568,0.0,0.0,0.0,0.072474,0.026182,0.0,0.023987,0.074698,0.0,0.041368,0.0,0.0,0.036447,0.074704,0.049489,0.0,0.071492,0.0,0.0,0.115796,0.087447,0.02731,0.0,0.0,0.019873,0.099937,0.043932,0.014295
2024-12-11,0.120624,0.0,0.0,0.0,0.072244,0.025884,0.0,0.023974,0.074527,0.0,0.041096,0.0,0.0,0.036014,0.073917,0.049991,0.0,0.072233,0.0,0.0,0.115031,0.087902,0.027239,0.0,0.0,0.01973,0.099362,0.046,0.014234
2024-12-12,0.120956,0.0,0.0,0.0,0.072561,0.026009,0.0,0.023904,0.074542,0.0,0.041022,0.0,0.0,0.036287,0.074222,0.049942,0.0,0.072546,0.0,0.0,0.115381,0.087015,0.026574,0.0,0.0,0.019746,0.099501,0.045487,0.014304
2024-12-13,0.12049,0.0,0.0,0.0,0.072472,0.025716,0.0,0.024056,0.074604,0.0,0.040982,0.0,0.0,0.036254,0.074391,0.050238,0.0,0.073575,0.0,0.0,0.115238,0.086103,0.026193,0.0,0.0,0.019686,0.099387,0.046289,0.014328
2024-12-16,0.120469,0.0,0.0,0.0,0.071995,0.02526,0.0,0.023989,0.074274,0.0,0.04091,0.0,0.0,0.03597,0.073605,0.050608,0.0,0.075063,0.0,0.0,0.114534,0.086086,0.026172,0.0,0.0,0.019641,0.099018,0.048115,0.014293
2024-12-17,0.120529,0.0,0.0,0.0,0.07191,0.025689,0.0,0.023821,0.074012,0.0,0.040681,0.0,0.0,0.036036,0.073561,0.050482,0.0,0.074488,0.0,0.0,0.11439,0.086062,0.026275,0.0,0.0,0.019711,0.099316,0.048695,0.014343
2024-12-18,0.123255,0.0,0.0,0.0,0.073587,0.025819,0.0,0.023933,0.073452,0.0,0.040443,0.0,0.0,0.036307,0.073482,0.049981,0.0,0.0727,0.0,0.0,0.1122,0.086359,0.025953,0.0,0.0,0.02001,0.100964,0.046875,0.014679
2024-12-19,0.121161,0.0,0.0,0.0,0.073095,0.026208,0.0,0.024202,0.074295,0.0,0.040709,0.0,0.0,0.036332,0.074397,0.050428,0.0,0.073354,0.0,0.0,0.111334,0.087162,0.025836,0.0,0.0,0.020076,0.101349,0.045266,0.014797
2024-12-20,0.120889,0.0,0.0,0.0,0.072424,0.026192,0.0,0.023836,0.074744,0.0,0.040829,0.0,0.0,0.036144,0.074928,0.050737,0.0,0.073556,0.0,0.0,0.112228,0.087307,0.025998,0.0,0.0,0.019975,0.100668,0.044874,0.014671
2024-12-23,0.120451,0.0,0.0,0.0,0.072665,0.026321,0.0,0.02379,0.074991,0.0,0.040856,0.0,0.0,0.035986,0.07525,0.05132,0.0,0.074058,0.0,0.0,0.112768,0.086974,0.026089,0.0,0.0,0.019904,0.100626,0.043264,0.014688
2024-12-24,0.120338,0.0,0.0,0.0,0.072349,0.026325,0.0,0.023638,0.075218,0.0,0.04082,0.0,0.0,0.03591,0.075012,0.051403,0.0,0.074137,0.0,0.0,0.112537,0.086395,0.025892,0.0,0.0,0.019743,0.099982,0.045739,0.014561
2024-12-26,0.120368,0.0,0.0,0.0,0.072366,0.026398,0.0,0.023582,0.075421,0.0,0.040861,0.0,0.0,0.036032,0.074854,0.05145,0.0,0.07444,0.0,0.0,0.112866,0.087,0.026014,0.0,0.0,0.019763,0.100007,0.044015,0.014564
2024-12-27,0.121118,0.0,0.0,0.0,0.072444,0.026367,0.0,0.023666,0.075349,0.0,0.040816,0.0,0.0,0.036086,0.075117,0.051091,0.0,0.074046,0.0,0.0,0.11245,0.086956,0.025814,0.0,0.0,0.019838,0.100394,0.043784,0.014662
2024-12-30,0.120748,0.0,0.0,0.0,0.072219,0.026252,0.0,0.023621,0.075118,0.0,0.040674,0.0,0.0,0.035899,0.075298,0.050777,0.0,0.073694,0.0,0.0,0.112636,0.087254,0.025665,0.0,0.0,0.020087,0.101355,0.043941,0.014763
2024-12-31,0.070524,0.0,0.0,0.087839,0.0,0.0,0.0,0.0,0.056503,0.0,0.056517,0.044864,0.0,0.077109,0.080786,0.055281,0.0,0.102287,0.0,0.0,0.15833,0.08625,0.0,0.0,0.018281,0.0,0.0,0.100182,0.005246
2025-01-02,0.069868,0.0,0.0,0.089477,0.0,0.0,0.0,0.0,0.05604,0.0,0.055997,0.044033,0.0,0.076433,0.080939,0.054834,0.0,0.102182,0.0,0.0,0.156027,0.086921,0.0,0.0,0.018227,0.0,0.0,0.103805,0.005218
2025-01-03,0.069605,0.0,0.0,0.088557,0.0,0.0,0.0,0.0,0.056113,0.0,0.056234,0.044281,0.0,0.075896,0.081265,0.055364,0.0,0.102471,0.0,0.0,0.157046,0.085676,0.0,0.0,0.01805,0.0,0.0,0.104258,0.005184
2025-01-06,0.070546,0.0,0.0,0.088886,0.0,0.0,0.0,0.0,0.055784,0.0,0.055954,0.044025,0.0,0.074892,0.080135,0.055912,0.0,0.102852,0.0,0.0,0.154595,0.085332,0.0,0.0,0.017919,0.0,0.0,0.107996,0.00517
2025-01-07,0.070742,0.0,0.0,0.089219,0.0,0.0,0.0,0.0,0.056391,0.0,0.056636,0.043995,0.0,0.075615,0.080989,0.055513,0.0,0.102744,0.0,0.0,0.155143,0.086943,0.0,0.0,0.017951,0.0,0.0,0.10288,0.005239
2025-01-08,0.07042,0.0,0.0,0.088965,0.0,0.0,0.0,0.0,0.056633,0.0,0.056914,0.044554,0.0,0.075825,0.081045,0.055547,0.0,0.103326,0.0,0.0,0.155701,0.08749,0.0,0.0,0.017991,0.0,0.0,0.100343,0.005245
2025-01-09,0.070403,0.0,0.0,0.089033,0.0,0.0,0.0,0.0,0.056629,0.0,0.056911,0.044551,0.0,0.075821,0.081041,0.055544,0.0,0.10332,0.0,0.0,0.155692,0.087485,0.0,0.0,0.01799,0.0,0.0,0.100337,0.005245
2025-01-10,0.070066,0.0,0.0,0.089093,0.0,0.0,0.0,0.0,0.055865,0.0,0.056885,0.044107,0.0,0.075617,0.08146,0.054925,0.0,0.10342,0.0,0.0,0.153547,0.089283,0.0,0.0,0.018065,0.0,0.0,0.102363,0.005302
2025-01-13,0.069837,0.0,0.0,0.089068,0.0,0.0,0.0,0.0,0.056305,0.0,0.057591,0.04487,0.0,0.075797,0.080566,0.054573,0.0,0.102969,0.0,0.0,0.155537,0.088455,0.0,0.0,0.018071,0.0,0.0,0.101055,0.005306
2025-01-14,0.069556,0.0,0.0,0.088494,0.0,0.0,0.0,0.0,0.056416,0.0,0.057674,0.045702,0.0,0.075038,0.080785,0.054155,0.0,0.102622,0.0,0.0,0.155345,0.088006,0.0,0.0,0.017856,0.0,0.0,0.103096,0.005252
2025-01-15,0.069472,0.0,0.0,0.088932,0.0,0.0,0.0,0.0,0.057027,0.0,0.057208,0.04619,0.0,0.073713,0.080797,0.054442,0.0,0.102742,0.0,0.0,0.153997,0.087396,0.0,0.0,0.017904,0.0,0.0,0.105002,0.005179
2025-01-16,0.069353,0.0,0.0,0.088516,0.0,0.0,0.0,0.0,0.056878,0.0,0.057367,0.046116,0.0,0.073579,0.082074,0.053524,0.0,0.101889,0.0,0.0,0.155737,0.087189,0.0,0.0,0.017796,0.0,0.0,0.10485,0.00513
2025-01-17,0.069367,0.0,0.0,0.088357,0.0,0.0,0.0,0.0,0.056926,0.0,0.057276,0.04595,0.0,0.073444,0.081571,0.053954,0.0,0.101169,0.0,0.0,0.154462,0.086074,0.0,0.0,0.017693,0.0,0.0,0.108665,0.005093
2025-01-20,0.069704,0.0,0.0,0.088144,0.0,0.0,0.0,0.0,0.056917,0.0,0.057268,0.045943,0.0,0.073433,0.081559,0.053946,0.0,0.101154,0.0,0.0,0.154439,0.086061,0.0,0.0,0.01769,0.0,0.0,0.108649,0.005093
2025-01-21,0.068988,0.0,0.0,0.087492,0.0,0.0,0.0,0.0,0.056696,0.0,0.057735,0.045368,0.0,0.072879,0.081804,0.053734,0.0,0.10221,0.0,0.0,0.155422,0.086332,0.0,0.0,0.017632,0.0,0.0,0.108677,0.005031
2025-01-22,0.069835,0.0,0.0,0.087754,0.0,0.0,0.0,0.0,0.056649,0.0,0.057825,0.045764,0.0,0.072807,0.080351,0.055163,0.0,0.103727,0.0,0.0,0.153316,0.087116,0.0,0.0,0.017608,0.0,0.0,0.107033,0.005051
2025-01-23,0.069847,0.0,0.0,0.087694,0.0,0.0,0.0,0.0,0.056913,0.0,0.058347,0.045739,0.0,0.072992,0.080643,0.055202,0.0,0.103258,0.0,0.0,0.154276,0.086899,0.0,0.0,0.017453,0.0,0.0,0.105692,0.005047
2025-01-24,0.070007,0.0,0.0,0.087103,0.0,0.0,0.0,0.0,0.056902,0.0,0.057917,0.045171,0.0,0.073138,0.081206,0.054454,0.0,0.103026,0.0,0.0,0.154318,0.087164,0.0,0.0,0.017476,0.0,0.0,0.107085,0.005031
2025-01-27,0.069362,0.0,0.0,0.08682,0.0,0.0,0.0,0.0,0.058016,0.0,0.057626,0.046681,0.0,0.075756,0.079999,0.052224,0.0,0.101705,0.0,0.0,0.157702,0.086988,0.0,0.0,0.017832,0.0,0.0,0.104215,0.005075
2025-01-28,0.069757,0.0,0.0,0.087265,0.0,0.0,0.0,0.0,0.057914,0.0,0.057244,0.045725,0.0,0.074571,0.078895,0.053616,0.0,0.104411,0.0,0.0,0.155795,0.08774,0.0,0.0,0.01782,0.0,0.0,0.104171,0.005076
2025-01-29,0.06995,0.0,0.0,0.087787,0.0,0.0,0.0,0.0,0.057887,0.0,0.057068,0.04499,0.0,0.074775,0.079086,0.053198,0.0,0.103698,0.0,0.0,0.153787,0.087431,0.0,0.0,0.017789,0.0,0.0,0.107474,0.005078
2025-01-30,0.069375,0.0,0.0,0.087703,0.0,0.0,0.0,0.0,0.057773,0.0,0.057047,0.045607,0.0,0.074652,0.079813,0.052688,0.0,0.104084,0.0,0.0,0.153965,0.087742,0.0,0.0,0.017652,0.0,0.0,0.106877,0.00502
2025-01-31,0.019253,0.0,0.0,0.116998,0.010409,0.010061,0.0,0.115546,0.069442,0.0,0.0,0.0,0.0,0.107824,0.028176,0.0,0.0,0.1059,0.0,0.0,0.0,0.050352,0.0,0.085676,0.0,0.068058,0.067741,0.136515,0.008049
2025-02-03,0.018951,0.0,0.0,0.116179,0.010283,0.010011,0.0,0.115557,0.069287,0.0,0.0,0.0,0.0,0.108448,0.028381,0.0,0.0,0.105501,0.0,0.0,0.0,0.050715,0.0,0.08596,0.0,0.068233,0.068024,0.136405,0.008064
2025-02-04,0.019079,0.0,0.0,0.116115,0.01046,0.010268,0.0,0.116821,0.069161,0.0,0.0,0.0,0.0,0.107588,0.028145,0.0,0.0,0.107095,0.0,0.0,0.0,0.051241,0.0,0.086285,0.0,0.068438,0.068173,0.133062,0.00807
2025-02-05,0.019054,0.0,0.0,0.116262,0.010381,0.010064,0.0,0.116117,0.069673,0.0,0.0,0.0,0.0,0.10792,0.02834,0.0,0.0,0.108498,0.0,0.0,0.0,0.051398,0.0,0.08645,0.0,0.06862,0.068261,0.130917,0.008046
2025-02-06,0.019204,0.0,0.0,0.117473,0.010412,0.010211,0.0,0.115256,0.070322,0.0,0.0,0.0,0.0,0.108518,0.028335,0.0,0.0,0.107962,0.0,0.0,0.0,0.051312,0.0,0.085944,0.0,0.068607,0.068209,0.130179,0.008055
2025-02-07,0.01918,0.0,0.0,0.116816,0.010453,0.010378,0.0,0.11491,0.070204,0.0,0.0,0.0,0.0,0.108778,0.028387,0.0,0.0,0.109202,0.0,0.0,0.0,0.051605,0.0,0.085938,0.0,0.068647,0.068293,0.129124,0.008086
2025-02-10,0.019079,0.0,0.0,0.116659,0.010459,0.010562,0.0,0.114195,0.069105,0.0,0.0,0.0,0.0,0.108596,0.028472,0.0,0.0,0.110333,0.0,0.0,0.0,0.05207,0.0,0.086257,0.0,0.068097,0.067791,0.130301,0.008024
2025-02-11,0.019188,0.0,0.0,0.116566,0.010502,0.010509,0.0,0.113681,0.069573,0.0,0.0,0.0,0.0,0.110108,0.028738,0.0,0.0,0.110236,0.0,0.0,0.0,0.052099,0.0,0.086622,0.0,0.068209,0.06806,0.127851,0.008059
2025-02-12,0.019096,0.0,0.0,0.115163,0.010499,0.010792,0.0,0.112974,0.06937,0.0,0.0,0.0,0.0,0.110088,0.028703,0.0,0.0,0.11033,0.0,0.0,0.0,0.052183,0.0,0.08692,0.0,0.067777,0.06769,0.13035,0.008065
2025-02-13,0.019204,0.0,0.0,0.114746,0.010518,0.010714,0.0,0.113533,0.069353,0.0,0.0,0.0,0.0,0.110519,0.028573,0.0,0.0,0.111634,0.0,0.0,0.0,0.052339,0.0,0.087007,0.0,0.067819,0.067603,0.128428,0.008011
2025-02-14,0.019314,0.0,0.0,0.115009,0.010601,0.011066,0.0,0.111926,0.069609,0.0,0.0,0.0,0.0,0.109611,0.028504,0.0,0.0,0.111486,0.0,0.0,0.0,0.051651,0.0,0.087097,0.0,0.068223,0.067846,0.130033,0.008025
2025-02-17,0.019355,0.0,0.0,0.115346,0.010683,0.01106,0.0,0.111866,0.069571,0.0,0.0,0.0,0.0,0.109552,0.028488,0.0,0.0,0.111426,0.0,0.0,0.0,0.051623,0.0,0.08705,0.0,0.068186,0.06781,0.129963,0.008022
2025-02-18,0.019349,0.0,0.0,0.115903,0.010731,0.011182,0.0,0.111965,0.070144,0.0,0.0,0.0,0.0,0.110065,0.028786,0.0,0.0,0.112281,0.0,0.0,0.0,0.052535,0.0,0.087794,0.0,0.067894,0.067665,0.125675,0.008031
2025-02-19,0.019267,0.0,0.0,0.115475,0.010664,0.011096,0.0,0.112046,0.069968,0.0,0.0,0.0,0.0,0.110628,0.028854,0.0,0.0,0.111115,0.0,0.0,0.0,0.052412,0.0,0.087047,0.0,0.067807,0.067606,0.128007,0.008009
2025-02-20,0.019213,0.0,0.0,0.113917,0.010747,0.01132,0.0,0.112942,0.069002,0.0,0.0,0.0,0.0,0.110365,0.028895,0.0,0.0,0.109479,0.0,0.0,0.0,0.05252,0.0,0.086255,0.0,0.068051,0.067848,0.131422,0.008022
2025-02-21,0.019423,0.0,0.0,0.114984,0.010931,0.011665,0.0,0.112436,0.068911,0.0,0.0,0.0,0.0,0.112915,0.029228,0.0,0.0,0.106724,0.0,0.0,0.0,0.053063,0.0,0.086071,0.0,0.069225,0.068752,0.12756,0.008112
2025-02-24,0.01934,0.0,0.0,0.113943,0.010779,0.011271,0.0,0.112963,0.069591,0.0,0.0,0.0,0.0,0.113881,0.029242,0.0,0.0,0.105853,0.0,0.0,0.0,0.053645,0.0,0.084912,0.0,0.069754,0.069282,0.127385,0.008159
2025-02-25,0.019268,0.0,0.0,0.113468,0.010829,0.01147,0.0,0.113939,0.070192,0.0,0.0,0.0,0.0,0.116519,0.029353,0.0,0.0,0.106133,0.0,0.0,0.0,0.053405,0.0,0.085757,0.0,0.070925,0.070189,0.120321,0.008231
2025-02-26,0.019605,0.0,0.0,0.115587,0.011058,0.011798,0.0,0.113831,0.070303,0.0,0.0,0.0,0.0,0.114717,0.029585,0.0,0.0,0.107654,0.0,0.0,0.0,0.053687,0.0,0.086269,0.0,0.071386,0.07051,0.115745,0.008264
2025-02-27,0.019611,0.0,0.0,0.116514,0.010963,0.011783,0.0,0.113597,0.071228,0.0,0.0,0.0,0.0,0.115575,0.029149,0.0,0.0,0.106047,0.0,0.0,0.0,0.053271,0.0,0.085932,0.0,0.071846,0.070962,0.115195,0.008327
2025-02-28,0.054705,0.0,0.012737,0.094862,0.0,0.015296,0.0,0.0,0.098989,0.0,0.063596,0.0,0.0,0.0,0.0,0.0,0.0,0.15985,0.0,0.0,0.0,0.062424,0.0,0.098864,0.0,0.0,0.162686,0.162813,0.013177
2025-03-03,0.055345,0.0,0.012877,0.0946,0.0,0.015078,0.0,0.0,0.098168,0.0,0.062699,0.0,0.0,0.0,0.0,0.0,0.0,0.158203,0.0,0.0,0.0,0.063255,0.0,0.097235,0.0,0.0,0.16315,0.166209,0.01318
2025-03-04,0.053946,0.0,0.012845,0.091193,0.0,0.015393,0.0,0.0,0.095264,0.0,0.061833,0.0,0.0,0.0,0.0,0.0,0.0,0.161601,0.0,0.0,0.0,0.064175,0.0,0.098324,0.0,0.0,0.163517,0.168652,0.013257
2025-03-05,0.053792,0.0,0.012984,0.089555,0.0,0.015968,0.0,0.0,0.094768,0.0,0.062121,0.0,0.0,0.0,0.0,0.0,0.0,0.16142,0.0,0.0,0.0,0.063605,0.0,0.09799,0.0,0.0,0.160905,0.173777,0.013114
2025-03-06,0.054777,0.0,0.013002,0.090747,0.0,0.016204,0.0,0.0,0.094059,0.0,0.062154,0.0,0.0,0.0,0.0,0.0,0.0,0.158534,0.0,0.0,0.0,0.063864,0.0,0.098517,0.0,0.0,0.162311,0.172595,0.013235
2025-03-07,0.054065,0.0,0.013163,0.089587,0.0,0.016264,0.0,0.0,0.093962,0.0,0.063148,0.0,0.0,0.0,0.0,0.0,0.0,0.160745,0.0,0.0,0.0,0.064169,0.0,0.099727,0.0,0.0,0.162735,0.169143,0.013293
2025-03-10,0.055113,0.0,0.013228,0.091873,0.0,0.016194,0.0,0.0,0.094313,0.0,0.063822,0.0,0.0,0.0,0.0,0.0,0.0,0.158408,0.0,0.0,0.0,0.065308,0.0,0.102895,0.0,0.0,0.167833,0.157364,0.013649
2025-03-11,0.054034,0.0,0.01307,0.089478,0.0,0.016405,0.0,0.0,0.092964,0.0,0.062476,0.0,0.0,0.0,0.0,0.0,0.0,0.158931,0.0,0.0,0.0,0.06569,0.0,0.102335,0.0,0.0,0.166402,0.164641,0.013573
2025-03-12,0.054434,0.0,0.013283,0.090025,0.0,0.016311,0.0,0.0,0.0929,0.0,0.062336,0.0,0.0,0.0,0.0,0.0,0.0,0.159408,0.0,0.0,0.0,0.065833,0.0,0.101884,0.0,0.0,0.165846,0.164197,0.013542
2025-03-13,0.054373,0.0,0.013365,0.090462,0.0,0.016516,0.0,0.0,0.093316,0.0,0.062316,0.0,0.0,0.0,0.0,0.0,0.0,0.157313,0.0,0.0,0.0,0.067671,0.0,0.103057,0.0,0.0,0.167748,0.160184,0.01368
2025-03-14,0.053984,0.0,0.013318,0.090037,0.0,0.016667,0.0,0.0,0.093667,0.0,0.062247,0.0,0.0,0.0,0.0,0.0,0.0,0.159466,0.0,0.0,0.0,0.066412,0.0,0.100491,0.0,0.0,0.16417,0.166119,0.013423
2025-03-17,0.054028,0.0,0.013355,0.090127,0.0,0.016908,0.0,0.0,0.094041,0.0,0.062622,0.0,0.0,0.0,0.0,0.0,0.0,0.160661,0.0,0.0,0.0,0.066259,0.0,0.101228,0.0,0.0,0.162956,0.164496,0.013319
2025-03-18,0.054166,0.0,0.013391,0.090401,0.0,0.016917,0.0,0.0,0.094446,0.0,0.062467,0.0,0.0,0.0,0.0,0.0,0.0,0.160569,0.0,0.0,0.0,0.067404,0.0,0.101789,0.0,0.0,0.164039,0.161016,0.013394
2025-03-19,0.05378,0.0,0.013377,0.090223,0.0,0.016695,0.0,0.0,0.094313,0.0,0.062518,0.0,0.0,0.0,0.0,0.0,0.0,0.160463,0.0,0.0,0.0,0.066849,0.0,0.100501,0.0,0.0,0.162851,0.165197,0.013232
2025-03-20,0.054074,0.0,0.013375,0.091232,0.0,0.016316,0.0,0.0,0.094936,0.0,0.062527,0.0,0.0,0.0,0.0,0.0,0.0,0.158638,0.0,0.0,0.0,0.06711,0.0,0.10121,0.0,0.0,0.163844,0.163437,0.013302
2025-03-21,0.054055,0.0,0.013431,0.090792,0.0,0.016081,0.0,0.0,0.094974,0.0,0.062445,0.0,0.0,0.0,0.0,0.0,0.0,0.159035,0.0,0.0,0.0,0.066839,0.0,0.101015,0.0,0.0,0.164313,0.163661,0.013358
2025-03-24,0.054025,0.0,0.013202,0.09093,0.0,0.01583,0.0,0.0,0.095209,0.0,0.062656,0.0,0.0,0.0,0.0,0.0,0.0,0.159197,0.0,0.0,0.0,0.06555,0.0,0.099287,0.0,0.0,0.161453,0.169503,0.013159
2025-03-25,0.054014,0.0,0.013251,0.090813,0.0,0.015603,0.0,0.0,0.095412,0.0,0.062534,0.0,0.0,0.0,0.0,0.0,0.0,0.160454,0.0,0.0,0.0,0.065613,0.0,0.09928,0.0,0.0,0.161163,0.168751,0.013113
2025-03-26,0.054109,0.0,0.013191,0.091254,0.0,0.015737,0.0,0.0,0.095948,0.0,0.062655,0.0,0.0,0.0,0.0,0.0,0.0,0.159024,0.0,0.0,0.0,0.066123,0.0,0.099387,0.0,0.0,0.162344,0.166996,0.013231
2025-03-27,0.054006,0.0,0.013196,0.090826,0.0,0.015998,0.0,0.0,0.095929,0.0,0.062434,0.0,0.0,0.0,0.0,0.0,0.0,0.156868,0.0,0.0,0.0,0.06713,0.0,0.099041,0.0,0.0,0.162977,0.168338,0.013257
2025-03-28,0.053811,0.0,0.013119,0.090179,0.0,0.015871,0.0,0.0,0.095452,0.0,0.062042,0.0,0.0,0.0,0.0,0.0,0.0,0.156158,0.0,0.0,0.0,0.068617,0.0,0.100643,0.0,0.0,0.166203,0.164456,0.01345
2025-03-31,0.039745,0.050703,0.0,0.032734,0.020775,0.102769,0.0,0.0,0.076147,0.0,0.046576,0.0,0.052554,0.031582,0.013092,0.0,0.0,0.109689,0.0,0.054109,0.0,0.048308,0.0,0.074195,0.0,0.061368,0.061315,0.108597,0.015741
2025-04-01,0.03999,0.050511,0.0,0.032803,0.020856,0.1024,0.0,0.0,0.075574,0.0,0.046543,0.0,0.051267,0.031429,0.013042,0.0,0.0,0.109895,0.0,0.053504,0.0,0.047907,0.0,0.075377,0.0,0.061194,0.060965,0.111101,0.015642
2025-04-02,0.039931,0.050383,0.0,0.032575,0.020702,0.101079,0.0,0.0,0.075755,0.0,0.046709,0.0,0.051311,0.031155,0.013027,0.0,0.0,0.110858,0.0,0.053208,0.0,0.047727,0.0,0.075636,0.0,0.060782,0.060519,0.113086,0.015556
2025-04-03,0.039684,0.05097,0.0,0.031562,0.020889,0.102803,0.0,0.0,0.073922,0.0,0.045345,0.0,0.052236,0.03216,0.013286,0.0,0.0,0.108164,0.0,0.052418,0.0,0.048689,0.0,0.077057,0.0,0.063025,0.062502,0.10932,0.015967
2025-04-04,0.039129,0.049526,0.0,0.031175,0.020548,0.099629,0.0,0.0,0.071271,0.0,0.044206,0.0,0.051359,0.032003,0.013052,0.0,0.0,0.105669,0.0,0.051365,0.0,0.049464,0.0,0.077664,0.0,0.065746,0.064801,0.116783,0.016607
2025-04-07,0.038842,0.049438,0.0,0.031619,0.020245,0.094429,0.0,0.0,0.073242,0.0,0.045329,0.0,0.052594,0.032587,0.013241,0.0,0.0,0.109184,0.0,0.04972,0.0,0.049864,0.0,0.07796,0.0,0.066926,0.065957,0.111704,0.01712
2025-04-08,0.040432,0.04952,0.0,0.032645,0.020718,0.093382,0.0,0.0,0.073395,0.0,0.045223,0.0,0.052321,0.032275,0.013265,0.0,0.0,0.10936,0.0,0.048508,0.0,0.050435,0.0,0.07781,0.0,0.066987,0.066187,0.110322,0.017215
2025-04-09,0.037293,0.050771,0.0,0.029553,0.019272,0.094704,0.0,0.0,0.075313,0.0,0.046986,0.0,0.052097,0.031991,0.013157,0.0,0.0,0.114979,0.0,0.050928,0.0,0.049906,0.0,0.076452,0.0,0.063719,0.06329,0.113157,0.016433
2025-04-10,0.039649,0.050632,0.0,0.030906,0.020422,0.09555,0.0,0.0,0.073986,0.0,0.04626,0.0,0.051181,0.032347,0.013197,0.0,0.0,0.113171,0.0,0.050395,0.0,0.051668,0.0,0.076491,0.0,0.063994,0.063201,0.110342,0.016608
2025-04-11,0.038991,0.050965,0.0,0.02996,0.020362,0.096989,0.0,0.0,0.073731,0.0,0.04615,0.0,0.050911,0.032111,0.013095,0.0,0.0,0.112564,0.0,0.051148,0.0,0.051619,0.0,0.076588,0.0,0.062382,0.061981,0.114171,0.016284
2025-04-14,0.039793,0.050825,0.0,0.03062,0.020627,0.097707,0.0,0.0,0.073735,0.0,0.046159,0.0,0.05101,0.032327,0.013195,0.0,0.0,0.111762,0.0,0.0512,0.0,0.050804,0.0,0.075725,0.0,0.062244,0.061648,0.114498,0.016122
2025-04-15,0.039981,0.051383,0.0,0.031108,0.020723,0.097044,0.0,0.0,0.073991,0.0,0.045973,0.0,0.050744,0.032084,0.013206,0.0,0.0,0.112936,0.0,0.050762,0.0,0.051118,0.0,0.075392,0.0,0.062488,0.0617,0.113243,0.016123
2025-04-16,0.039896,0.05142,0.0,0.031086,0.020673,0.095545,0.0,0.0,0.073181,0.0,0.04556,0.0,0.050469,0.031891,0.013149,0.0,0.0,0.11147,0.0,0.050173,0.0,0.053033,0.0,0.076854,0.0,0.063059,0.062166,0.114158,0.016217
2025-04-17,0.039479,0.051863,0.0,0.030936,0.0207,0.095628,0.0,0.0,0.07324,0.0,0.045728,0.0,0.050083,0.032514,0.013261,0.0,0.0,0.11045,0.0,0.050213,0.0,0.052707,0.0,0.077094,0.0,0.062768,0.062199,0.11495,0.016187
2025-04-21,0.039602,0.051675,0.0,0.031032,0.020765,0.09612,0.0,0.0,0.071893,0.0,0.044841,0.0,0.049157,0.032304,0.012987,0.0,0.0,0.108014,0.0,0.050283,0.0,0.054507,0.0,0.077276,0.0,0.062624,0.062072,0.118609,0.016237
2025-04-22,0.038947,0.051821,0.0,0.030413,0.020628,0.097335,0.0,0.0,0.072979,0.0,0.044831,0.0,0.049208,0.032192,0.013109,0.0,0.0,0.108055,0.0,0.050072,0.0,0.052798,0.0,0.076929,0.0,0.06158,0.061217,0.121931,0.015957
2025-04-23,0.039382,0.051492,0.0,0.03094,0.020745,0.097829,0.0,0.0,0.073128,0.0,0.044951,0.0,0.048972,0.031698,0.013037,0.0,0.0,0.109414,0.0,0.050284,0.0,0.051031,0.0,0.076154,0.0,0.061047,0.060801,0.123293,0.015802
2025-04-24,0.039225,0.051599,0.0,0.030735,0.020594,0.097348,0.0,0.0,0.073138,0.0,0.04546,0.0,0.049033,0.031078,0.012915,0.0,0.0,0.111697,0.0,0.05079,0.0,0.051212,0.0,0.07611,0.0,0.060711,0.06046,0.122255,0.015639
2025-04-25,0.039291,0.051609,0.0,0.030633,0.020467,0.096853,0.0,0.0,0.072503,0.0,0.045278,0.0,0.049075,0.030875,0.012825,0.0,0.0,0.112306,0.0,0.050934,0.0,0.050457,0.0,0.076449,0.0,0.060701,0.060249,0.123923,0.015572
2025-04-28,0.039392,0.051905,0.0,0.030715,0.020523,0.096667,0.0,0.0,0.072674,0.0,0.045394,0.0,0.049233,0.030748,0.012894,0.0,0.0,0.112598,0.0,0.050386,0.0,0.051137,0.0,0.075863,0.0,0.060897,0.060412,0.122994,0.015566
2025-04-29,0.039481,0.051835,0.0,0.030759,0.020574,0.096021,0.0,0.0,0.073178,0.0,0.045533,0.0,0.049306,0.030898,0.012949,0.0,0.0,0.113858,0.0,0.050447,0.0,0.050466,0.0,0.074745,0.0,0.060899,0.06031,0.123228,0.015512
2025-04-30,0.0,0.029823,0.015458,0.0,0.0,0.03524,0.0,0.0,0.076366,0.037928,0.017423,0.0,0.04474,0.059421,0.019474,0.0,0.0,0.061109,0.0,0.0,0.0,0.052026,0.040375,0.052707,0.0,0.072404,0.072308,0.145111,0.168086
2025-05-01,0.0,0.029716,0.015401,0.0,0.0,0.03519,0.0,0.0,0.076347,0.038067,0.017554,0.0,0.043519,0.058903,0.01953,0.0,0.0,0.06118,0.0,0.0,0.0,0.050943,0.040087,0.052332,0.0,0.072085,0.072059,0.149009,0.168079
2025-05-02,0.0,0.030154,0.015461,0.0,0.0,0.036213,0.0,0.0,0.077447,0.038385,0.017758,0.0,0.043848,0.058857,0.019561,0.0,0.0,0.061769,0.0,0.0,0.0,0.050717,0.039473,0.052477,0.0,0.071159,0.071241,0.148451,0.167027
2025-05-05,0.0,0.030306,0.015625,0.0,0.0,0.036333,0.0,0.0,0.077232,0.03783,0.017833,0.0,0.043885,0.059022,0.019584,0.0,0.0,0.062289,0.0,0.0,0.0,0.052423,0.040108,0.052376,0.0,0.071292,0.07143,0.144774,0.16766
2025-05-06,0.0,0.030134,0.015585,0.0,0.0,0.036593,0.0,0.0,0.076556,0.037722,0.017621,0.0,0.042542,0.058738,0.019761,0.0,0.0,0.062168,0.0,0.0,0.0,0.053725,0.040987,0.052545,0.0,0.071251,0.071424,0.145485,0.167163
2025-05-07,0.0,0.030031,0.015481,0.0,0.0,0.035722,0.0,0.0,0.076973,0.037719,0.017703,0.0,0.042849,0.058805,0.019809,0.0,0.0,0.062204,0.0,0.0,0.0,0.052896,0.039979,0.052502,0.0,0.071407,0.071464,0.147378,0.167076
2025-05-08,0.0,0.029699,0.015334,0.0,0.0,0.035968,0.0,0.0,0.077033,0.037931,0.017814,0.0,0.042147,0.058296,0.019503,0.0,0.0,0.062068,0.0,0.0,0.0,0.051468,0.039641,0.052189,0.0,0.070323,0.070679,0.154056,0.165852
2025-05-09,0.0,0.0298,0.015323,0.0,0.0,0.035718,0.0,0.0,0.076785,0.038189,0.017771,0.0,0.041554,0.057773,0.019474,0.0,0.0,0.061326,0.0,0.0,0.0,0.051675,0.039969,0.052234,0.0,0.070149,0.070516,0.156358,0.165387
2025-05-12,0.0,0.029793,0.015454,0.0,0.0,0.036844,0.0,0.0,0.078154,0.039091,0.018274,0.0,0.04248,0.05772,0.019312,0.0,0.0,0.063135,0.0,0.0,0.0,0.050098,0.039647,0.052051,0.0,0.069537,0.0698,0.153624,0.164986
2025-05-13,0.0,0.029749,0.015253,0.0,0.0,0.036402,0.0,0.0,0.078045,0.039424,0.018301,0.0,0.040975,0.056631,0.019179,0.0,0.0,0.063388,0.0,0.0,0.0,0.050035,0.039828,0.052513,0.0,0.069103,0.069583,0.157549,0.164043
2025-05-14,0.0,0.02989,0.01519,0.0,0.0,0.037261,0.0,0.0,0.078379,0.03946,0.018341,0.0,0.040293,0.056722,0.019229,0.0,0.0,0.063428,0.0,0.0,0.0,0.049327,0.039197,0.052593,0.0,0.069329,0.070001,0.156148,0.165213
2025-05-15,0.0,0.030017,0.015284,0.0,0.0,0.036364,0.0,0.0,0.078457,0.039403,0.018439,0.0,0.040592,0.057559,0.019528,0.0,0.0,0.063716,0.0,0.0,0.0,0.049831,0.039455,0.052622,0.0,0.069388,0.069805,0.155195,0.164343
2025-05-16,0.0,0.029993,0.015276,0.0,0.0,0.036149,0.0,0.0,0.07868,0.039218,0.01859,0.0,0.041279,0.058033,0.019752,0.0,0.0,0.063871,0.0,0.0,0.0,0.049073,0.038918,0.05234,0.0,0.06919,0.069705,0.156123,0.163809
2025-05-19,0.0,0.030249,0.015227,0.0,0.0,0.036179,0.0,0.0,0.078388,0.038543,0.018574,0.0,0.041497,0.057953,0.019751,0.0,0.0,0.063801,0.0,0.0,0.0,0.049491,0.03891,0.052573,0.0,0.068856,0.069412,0.157434,0.163162
2025-05-20,0.0,0.030314,0.015248,0.0,0.0,0.036349,0.0,0.0,0.07762,0.038019,0.018425,0.0,0.041416,0.057902,0.019721,0.0,0.0,0.063663,0.0,0.0,0.0,0.050192,0.039674,0.052475,0.0,0.068466,0.069006,0.159068,0.162441
2025-05-21,0.0,0.030268,0.015162,0.0,0.0,0.036345,0.0,0.0,0.076314,0.037456,0.018181,0.0,0.040606,0.057441,0.019433,0.0,0.0,0.062876,0.0,0.0,0.0,0.050749,0.040323,0.052726,0.0,0.068243,0.068886,0.161919,0.163071
2025-05-22,0.0,0.030166,0.015143,0.0,0.0,0.036112,0.0,0.0,0.076065,0.037233,0.01814,0.0,0.040205,0.057083,0.019116,0.0,0.0,0.063509,0.0,0.0,0.0,0.050195,0.039606,0.052085,0.0,0.068358,0.068946,0.165324,0.162713
2025-05-23,0.0,0.030194,0.015319,0.0,0.0,0.036222,0.0,0.0,0.075983,0.037445,0.018126,0.0,0.040241,0.057438,0.019394,0.0,0.0,0.06325,0.0,0.0,0.0,0.051424,0.040261,0.05172,0.0,0.068728,0.069183,0.161919,0.163151
2025-05-26,0.0,0.030195,0.01532,0.0,0.0,0.036224,0.0,0.0,0.075986,0.037447,0.018127,0.0,0.040243,0.05744,0.019395,0.0,0.0,0.063253,0.0,0.0,0.0,0.051426,0.040263,0.051723,0.0,0.068731,0.069186,0.161926,0.163116
2025-05-27,0.0,0.03038,0.015632,0.0,0.0,0.035529,0.0,0.0,0.076877,0.037554,0.01834,0.0,0.04057,0.057627,0.019428,0.0,0.0,0.064119,0.0,0.0,0.0,0.050263,0.039742,0.051178,0.0,0.068619,0.068984,0.162962,0.162196
2025-05-28,0.0,0.030382,0.015505,0.0,0.0,0.035409,0.0,0.0,0.077119,0.037444,0.018429,0.0,0.04076,0.057802,0.019346,0.0,0.0,0.063832,0.0,0.0,0.0,0.050645,0.039803,0.05113,0.0,0.069106,0.069507,0.159958,0.163823
2025-05-29,0.0,0.030518,0.015584,0.0,0.0,0.035739,0.0,0.0,0.077468,0.0377,0.018435,0.0,0.041008,0.057999,0.019469,0.0,0.0,0.063454,0.0,0.0,0.0,0.050914,0.040203,0.050812,0.0,0.069351,0.069662,0.157873,0.16381
2025-05-30,0.025491,0.068235,0.042212,0.0,0.046893,0.020619,0.0,0.065017,0.048422,0.0,0.0,0.0,0.031046,0.099372,0.0,0.0,0.0,0.13653,0.0,0.0,0.0,0.045206,0.0,0.080121,0.0,0.067995,0.068055,0.136758,0.018028
2025-06-02,0.025462,0.068665,0.042589,0.0,0.046876,0.02072,0.0,0.065068,0.048274,0.0,0.0,0.0,0.030958,0.09909,0.0,0.0,0.0,0.137443,0.0,0.0,0.0,0.046248,0.0,0.079636,0.0,0.067531,0.067593,0.13588,0.017968
2025-06-03,0.025608,0.067918,0.041972,0.0,0.04705,0.020864,0.0,0.064222,0.048253,0.0,0.0,0.0,0.030956,0.098757,0.0,0.0,0.0,0.138532,0.0,0.0,0.0,0.045729,0.0,0.079655,0.0,0.067305,0.067369,0.137884,0.017924
2025-06-04,0.025721,0.068375,0.041948,0.0,0.047628,0.021266,0.0,0.064181,0.047984,0.0,0.0,0.0,0.03102,0.098075,0.0,0.0,0.0,0.137866,0.0,0.0,0.0,0.046028,0.0,0.080259,0.0,0.067807,0.067636,0.13628,0.017925
2025-06-05,0.025876,0.068684,0.041701,0.0,0.04828,0.021418,0.0,0.064715,0.048018,0.0,0.0,0.0,0.031086,0.097471,0.0,0.0,0.0,0.139009,0.0,0.0,0.0,0.045955,0.0,0.081617,0.0,0.067841,0.067672,0.132664,0.017992
2025-06-06,0.025734,0.068527,0.041736,0.0,0.047901,0.021284,0.0,0.06526,0.048373,0.0,0.0,0.0,0.031226,0.097295,0.0,0.0,0.0,0.138674,0.0,0.0,0.0,0.045112,0.0,0.081865,0.0,0.066966,0.066975,0.135168,0.017904
2025-06-09,0.025644,0.068169,0.04158,0.0,0.04816,0.021404,0.0,0.065308,0.047857,0.0,0.0,0.0,0.031009,0.096655,0.0,0.0,0.0,0.136635,0.0,0.0,0.0,0.045088,0.0,0.08117,0.0,0.066737,0.066718,0.140053,0.017813
2025-06-10,0.025627,0.068228,0.041513,0.0,0.048224,0.02145,0.0,0.065271,0.047869,0.0,0.0,0.0,0.031334,0.096779,0.0,0.0,0.0,0.136152,0.0,0.0,0.0,0.045059,0.0,0.080147,0.0,0.066788,0.066686,0.141078,0.017795
2025-06-11,0.02577,0.068139,0.041389,0.0,0.048796,0.021512,0.0,0.065344,0.047806,0.0,0.0,0.0,0.031345,0.096433,0.0,0.0,0.0,0.136488,0.0,0.0,0.0,0.045296,0.0,0.080076,0.0,0.067056,0.066787,0.139966,0.017794
2025-06-12,0.025749,0.068779,0.041698,0.0,0.048627,0.021488,0.0,0.064726,0.047812,0.0,0.0,0.0,0.031594,0.097013,0.0,0.0,0.0,0.137124,0.0,0.0,0.0,0.045865,0.0,0.079968,0.0,0.067356,0.066987,0.137415,0.017799
2025-06-13,0.025873,0.068359,0.041736,0.0,0.048458,0.021289,0.0,0.064417,0.047268,0.0,0.0,0.0,0.031727,0.096713,0.0,0.0,0.0,0.137044,0.0,0.0,0.0,0.046894,0.0,0.080555,0.0,0.067726,0.067504,0.136478,0.017959
2025-06-16,0.025779,0.068024,0.041461,0.0,0.048669,0.02141,0.0,0.064484,0.047401,0.0,0.0,0.0,0.03136,0.096199,0.0,0.0,0.0,0.137399,0.0,0.0,0.0,0.045832,0.0,0.080493,0.0,0.066958,0.066838,0.13988,0.017812
2025-06-17,0.025855,0.067723,0.041385,0.0,0.048639,0.021404,0.0,0.064268,0.047608,0.0,0.0,0.0,0.031156,0.096351,0.0,0.0,0.0,0.138871,0.0,0.0,0.0,0.046322,0.0,0.080473,0.0,0.067969,0.067872,0.136109,0.017996
2025-06-18,0.025906,0.067852,0.041933,0.0,0.048581,0.021258,0.0,0.064385,0.047712,0.0,0.0,0.0,0.031182,0.096478,0.0,0.0,0.0,0.13862,0.0,0.0,0.0,0.046191,0.0,0.08035,0.0,0.068187,0.068097,0.135223,0.018044
2025-06-19,0.025589,0.067931,0.041982,0.0,0.047828,0.021282,0.0,0.06446,0.047767,0.0,0.0,0.0,0.031218,0.09659,0.0,0.0,0.0,0.13878,0.0,0.0,0.0,0.046244,0.0,0.080442,0.0,0.068266,0.068176,0.135379,0.018065
2025-06-20,0.025873,0.067718,0.04136,0.0,0.04849,0.021174,0.0,0.064779,0.048039,0.0,0.0,0.0,0.031159,0.097581,0.0,0.0,0.0,0.137733,0.0,0.0,0.0,0.046359,0.0,0.079562,0.0,0.068508,0.068493,0.135054,0.018119
2025-06-23,0.025715,0.067867,0.041243,0.0,0.048222,0.021286,0.0,0.064852,0.048331,0.0,0.0,0.0,0.031003,0.098077,0.0,0.0,0.0,0.139407,0.0,0.0,0.0,0.046202,0.0,0.079259,0.0,0.068305,0.068108,0.13412,0.018001
2025-06-24,0.025908,0.068209,0.041317,0.0,0.049234,0.021675,0.0,0.064907,0.048656,0.0,0.0,0.0,0.031128,0.097198,0.0,0.0,0.0,0.138935,0.0,0.0,0.0,0.045107,0.0,0.078052,0.0,0.067986,0.067643,0.136188,0.017857
2025-06-25,0.025838,0.067684,0.041083,0.0,0.049278,0.021625,0.0,0.065042,0.04842,0.0,0.0,0.0,0.031108,0.095745,0.0,0.0,0.0,0.13977,0.0,0.0,0.0,0.045173,0.0,0.077308,0.0,0.067909,0.067574,0.138611,0.01783
2025-06-26,0.025926,0.067935,0.041749,0.0,0.049389,0.021525,0.0,0.065565,0.048544,0.0,0.0,0.0,0.031032,0.095202,0.0,0.0,0.0,0.140277,0.0,0.0,0.0,0.044907,0.0,0.077114,0.0,0.067824,0.067446,0.137817,0.017747
2025-06-27,0.026173,0.068579,0.042497,0.0,0.049334,0.02139,0.0,0.065755,0.048695,0.0,0.0,0.0,0.030971,0.095673,0.0,0.0,0.0,0.139595,0.0,0.0,0.0,0.044102,0.0,0.07769,0.0,0.06766,0.067374,0.136758,0.017752
2025-06-30,0.03569,0.056019,0.033302,0.0,0.035347,0.032071,0.0,0.057489,0.04347,0.0,0.08176,0.0,0.0,0.086074,0.038943,0.0,0.0,0.119822,0.0,0.0,0.0,0.062236,0.0,0.062573,0.0,0.062249,0.062249,0.122321,0.008384
2025-07-01,0.035826,0.056257,0.033173,0.0,0.035579,0.032281,0.0,0.057854,0.043862,0.0,0.082316,0.0,0.0,0.08745,0.039212,0.0,0.0,0.118392,0.0,0.0,0.0,0.063009,0.0,0.06159,0.0,0.062349,0.06243,0.120004,0.008414
2025-07-02,0.035742,0.056091,0.032995,0.0,0.035448,0.031935,0.0,0.057267,0.043571,0.0,0.081915,0.0,0.0,0.08719,0.038644,0.0,0.0,0.117853,0.0,0.0,0.0,0.062984,0.0,0.061752,0.0,0.061852,0.062035,0.12436,0.008365
2025-07-03,0.035924,0.055879,0.032949,0.0,0.035651,0.031668,0.0,0.057275,0.043899,0.0,0.082342,0.0,0.0,0.086863,0.038807,0.0,0.0,0.119691,0.0,0.0,0.0,0.06235,0.0,0.061598,0.0,0.061436,0.061725,0.123602,0.00834
2025-07-04,0.035754,0.05591,0.032967,0.0,0.035316,0.031686,0.0,0.057306,0.043923,0.0,0.082387,0.0,0.0,0.08691,0.038828,0.0,0.0,0.119756,0.0,0.0,0.0,0.062384,0.0,0.061632,0.0,0.061469,0.061759,0.123669,0.008345
2025-07-07,0.035909,0.055799,0.032346,0.0,0.035501,0.03179,0.0,0.057156,0.043725,0.0,0.082521,0.0,0.0,0.087281,0.039108,0.0,0.0,0.119974,0.0,0.0,0.0,0.062751,0.0,0.061517,0.0,0.061589,0.061996,0.122651,0.008388
2025-07-08,0.035826,0.05635,0.032519,0.0,0.035512,0.032096,0.0,0.057513,0.043348,0.0,0.082523,0.0,0.0,0.086499,0.038704,0.0,0.0,0.120009,0.0,0.0,0.0,0.062114,0.0,0.061607,0.0,0.061515,0.061963,0.123513,0.008391
2025-07-09,0.035732,0.056522,0.032357,0.0,0.035191,0.031569,0.0,0.057108,0.043222,0.0,0.082559,0.0,0.0,0.085376,0.038813,0.0,0.0,0.120236,0.0,0.0,0.0,0.061986,0.0,0.061658,0.0,0.061433,0.061791,0.12611,0.008337
2025-07-10,0.035932,0.056588,0.032239,0.0,0.035357,0.031859,0.0,0.056781,0.043534,0.0,0.083128,0.0,0.0,0.085793,0.039181,0.0,0.0,0.116274,0.0,0.0,0.0,0.062204,0.0,0.061356,0.0,0.06148,0.061854,0.128092,0.008347
2025-07-11,0.035735,0.05589,0.03195,0.0,0.035255,0.031791,0.0,0.056323,0.043036,0.0,0.082745,0.0,0.0,0.085388,0.039083,0.0,0.0,0.114374,0.0,0.0,0.0,0.062736,0.0,0.061293,0.0,0.061131,0.061688,0.133239,0.008341
2025-07-14,0.035607,0.055615,0.031831,0.0,0.035149,0.031997,0.0,0.056115,0.043166,0.0,0.082824,0.0,0.0,0.085084,0.039067,0.0,0.0,0.114857,0.0,0.0,0.0,0.062231,0.0,0.061283,0.0,0.060835,0.061455,0.134577,0.008307
2025-07-15,0.035827,0.055419,0.031771,0.0,0.035631,0.032913,0.0,0.056531,0.042772,0.0,0.082874,0.0,0.0,0.084919,0.039009,0.0,0.0,0.115651,0.0,0.0,0.0,0.062477,0.0,0.061162,0.0,0.06109,0.061792,0.131788,0.008374
2025-07-16,0.035374,0.055315,0.031717,0.0,0.035508,0.032609,0.0,0.056576,0.0428,0.0,0.082646,0.0,0.0,0.084681,0.038783,0.0,0.0,0.115271,0.0,0.0,0.0,0.062395,0.0,0.061395,0.0,0.060875,0.061612,0.13412,0.008322
2025-07-17,0.035628,0.055176,0.031771,0.0,0.035695,0.032733,0.0,0.056117,0.043064,0.0,0.083124,0.0,0.0,0.085189,0.038811,0.0,0.0,0.115989,0.0,0.0,0.0,0.062046,0.0,0.060948,0.0,0.060647,0.061457,0.133311,0.008294
2025-07-18,0.035728,0.055155,0.031541,0.0,0.035816,0.033064,0.0,0.055641,0.043123,0.0,0.083004,0.0,0.0,0.085026,0.039492,0.0,0.0,0.116332,0.0,0.0,0.0,0.062257,0.0,0.061588,0.0,0.060863,0.061574,0.131493,0.008301
2025-07-21,0.035853,0.055291,0.031823,0.0,0.035923,0.033198,0.0,0.055773,0.042905,0.0,0.082384,0.0,0.0,0.084829,0.039533,0.0,0.0,0.116827,0.0,0.0,0.0,0.063075,0.0,0.061146,0.0,0.060942,0.061595,0.130621,0.008283
2025-07-22,0.035518,0.055335,0.031821,0.0,0.03557,0.03352,0.0,0.055346,0.042922,0.0,0.082158,0.0,0.0,0.085167,0.039813,0.0,0.0,0.115312,0.0,0.0,0.0,0.063348,0.0,0.060998,0.0,0.060803,0.061336,0.132791,0.008242
2025-07-23,0.035629,0.056227,0.033217,0.0,0.035767,0.033714,0.0,0.055243,0.043089,0.0,0.083294,0.0,0.0,0.084854,0.039353,0.0,0.0,0.115341,0.0,0.0,0.0,0.062309,0.0,0.061289,0.0,0.06034,0.060849,0.131274,0.008209
2025-07-24,0.035927,0.055701,0.033296,0.0,0.035782,0.033728,0.0,0.054654,0.043134,0.0,0.083286,0.0,0.0,0.084687,0.039365,0.0,0.0,0.115463,0.0,0.0,0.0,0.062027,0.0,0.061387,0.0,0.060348,0.060991,0.132003,0.00822
2025-07-25,0.035952,0.05594,0.032987,0.0,0.035612,0.033657,0.0,0.054507,0.043526,0.0,0.08429,0.0,0.0,0.085013,0.039551,0.0,0.0,0.116144,0.0,0.0,0.0,0.061584,0.0,0.061236,0.0,0.060616,0.061176,0.129968,0.008241
2025-07-28,0.036044,0.055146,0.032499,0.0,0.03565,0.033656,0.0,0.054139,0.043393,0.0,0.084355,0.0,0.0,0.084464,0.039282,0.0,0.0,0.116048,0.0,0.0,0.0,0.061423,0.0,0.061827,0.0,0.060717,0.061336,0.131751,0.008271
2025-07-29,0.035945,0.055094,0.032343,0.0,0.035613,0.033592,0.0,0.054429,0.043193,0.0,0.083434,0.0,0.0,0.085059,0.039752,0.0,0.0,0.116354,0.0,0.0,0.0,0.061621,0.0,0.061338,0.0,0.061144,0.061695,0.131116,0.008276
2025-07-30,0.036154,0.054849,0.032597,0.0,0.035704,0.033422,0.0,0.053972,0.04339,0.0,0.083562,0.0,0.0,0.084851,0.040307,0.0,0.0,0.115912,0.0,0.0,0.0,0.060949,0.0,0.061616,0.0,0.061327,0.061852,0.131205,0.008329
2025-07-31,0.067638,0.067827,0.0,0.0,0.045232,0.01252,0.045282,0.032707,0.055594,0.0,0.0795,0.0,0.0,0.135717,0.0,0.062302,0.0,0.065974,0.0,0.0,0.0,0.135463,0.0,0.0,0.0,0.068027,0.067607,0.047526,0.011085
2025-08-01,0.066504,0.067734,0.0,0.0,0.04483,0.012368,0.045626,0.032882,0.054773,0.0,0.078611,0.0,0.0,0.136883,0.0,0.061189,0.0,0.065168,0.0,0.0,0.0,0.13874,0.0,0.0,0.0,0.069072,0.068338,0.046151,0.01113
2025-08-04,0.066789,0.067916,0.0,0.0,0.044947,0.012466,0.045701,0.032445,0.05483,0.0,0.078639,0.0,0.0,0.136341,0.0,0.061884,0.0,0.065797,0.0,0.0,0.0,0.138323,0.0,0.0,0.0,0.068559,0.067935,0.046393,0.011034
2025-08-05,0.066832,0.068117,0.0,0.0,0.04523,0.012574,0.045941,0.032463,0.054713,0.0,0.078627,0.0,0.0,0.136465,0.0,0.061489,0.0,0.065099,0.0,0.0,0.0,0.138697,0.0,0.0,0.0,0.068639,0.068003,0.046057,0.011055
2025-08-06,0.066952,0.068041,0.0,0.0,0.045026,0.012609,0.046401,0.032182,0.054658,0.0,0.078232,0.0,0.0,0.137611,0.0,0.06182,0.0,0.065702,0.0,0.0,0.0,0.137599,0.0,0.0,0.0,0.068191,0.067553,0.046434,0.010989
2025-08-07,0.066853,0.068533,0.0,0.0,0.045345,0.012533,0.047258,0.032242,0.053869,0.0,0.07786,0.0,0.0,0.138199,0.0,0.061672,0.0,0.063826,0.0,0.0,0.0,0.138302,0.0,0.0,0.0,0.067916,0.067403,0.047233,0.010956
2025-08-08,0.067181,0.068709,0.0,0.0,0.045266,0.012523,0.046822,0.031969,0.054336,0.0,0.07787,0.0,0.0,0.138509,0.0,0.062247,0.0,0.06372,0.0,0.0,0.0,0.138178,0.0,0.0,0.0,0.067714,0.067315,0.046692,0.01095
2025-08-11,0.067393,0.068531,0.0,0.0,0.045363,0.012475,0.046656,0.032143,0.054455,0.0,0.077817,0.0,0.0,0.138748,0.0,0.061984,0.0,0.063642,0.0,0.0,0.0,0.136543,0.0,0.0,0.0,0.06791,0.067488,0.047878,0.010975
2025-08-12,0.067351,0.068734,0.0,0.0,0.045454,0.01258,0.047577,0.032034,0.05472,0.0,0.078059,0.0,0.0,0.138117,0.0,0.062491,0.0,0.064477,0.0,0.0,0.0,0.135438,0.0,0.0,0.0,0.067407,0.066887,0.047776,0.010898
2025-08-13,0.067359,0.068893,0.0,0.0,0.045846,0.012908,0.046991,0.032021,0.054761,0.0,0.077969,0.0,0.0,0.137433,0.0,0.062205,0.0,0.064637,0.0,0.0,0.0,0.135178,0.0,0.0,0.0,0.067312,0.06681,0.048833,0.010843
2025-08-14,0.067753,0.069553,0.0,0.0,0.045517,0.012736,0.046864,0.032083,0.055442,0.0,0.077871,0.0,0.0,0.137246,0.0,0.062546,0.0,0.06414,0.0,0.0,0.0,0.13535,0.0,0.0,0.0,0.067608,0.067121,0.047241,0.01093
2025-08-15,0.067972,0.069758,0.0,0.0,0.045685,0.012821,0.047398,0.032276,0.054882,0.0,0.077537,0.0,0.0,0.137503,0.0,0.062089,0.0,0.064382,0.0,0.0,0.0,0.135468,0.0,0.0,0.0,0.067493,0.067012,0.04679,0.010934
2025-08-18,0.067817,0.069593,0.0,0.0,0.045848,0.012893,0.047527,0.032744,0.054898,0.0,0.077804,0.0,0.0,0.137253,0.0,0.062193,0.0,0.064503,0.0,0.0,0.0,0.135192,0.0,0.0,0.0,0.067397,0.066907,0.046503,0.010929
2025-08-19,0.068045,0.069966,0.0,0.0,0.04578,0.012837,0.046112,0.032941,0.055178,0.0,0.078223,0.0,0.0,0.139104,0.0,0.061302,0.0,0.06435,0.0,0.0,0.0,0.134882,0.0,0.0,0.0,0.067783,0.067188,0.045344,0.010966
2025-08-20,0.067386,0.070124,0.0,0.0,0.045412,0.012867,0.04652,0.032928,0.055286,0.0,0.077903,0.0,0.0,0.139451,0.0,0.060695,0.0,0.064281,0.0,0.0,0.0,0.135815,0.0,0.0,0.0,0.067667,0.067048,0.045686,0.010931
2025-08-21,0.067685,0.069998,0.0,0.0,0.045664,0.012939,0.046668,0.032927,0.055343,0.0,0.077957,0.0,0.0,0.138785,0.0,0.060734,0.0,0.064277,0.0,0.0,0.0,0.135923,0.0,0.0,0.0,0.067757,0.067347,0.045016,0.010979
2025-08-22,0.067782,0.070227,0.0,0.0,0.045835,0.01311,0.047662,0.032518,0.055547,0.0,0.07823,0.0,0.0,0.137033,0.0,0.06078,0.0,0.064343,0.0,0.0,0.0,0.135644,0.0,0.0,0.0,0.067274,0.06695,0.046222,0.010844
2025-08-25,0.068323,0.069737,0.0,0.0,0.046201,0.013208,0.04826,0.032563,0.055666,0.0,0.078066,0.0,0.0,0.135765,0.0,0.061127,0.0,0.064473,0.0,0.0,0.0,0.136396,0.0,0.0,0.0,0.067677,0.067356,0.04425,0.010931
2025-08-26,0.067681,0.069592,0.0,0.0,0.045908,0.013218,0.048015,0.032129,0.056063,0.0,0.078825,0.0,0.0,0.134802,0.0,0.061373,0.0,0.064508,0.0,0.0,0.0,0.13731,0.0,0.0,0.0,0.067816,0.067477,0.044358,0.010924
2025-08-27,0.067781,0.069217,0.0,0.0,0.045362,0.012841,0.048576,0.032125,0.056032,0.0,0.07861,0.0,0.0,0.134851,0.0,0.061544,0.0,0.065124,0.0,0.0,0.0,0.137228,0.0,0.0,0.0,0.067766,0.067452,0.044595,0.010897
2025-08-28,0.06776,0.069171,0.0,0.0,0.045396,0.012894,0.049211,0.031941,0.055932,0.0,0.078506,0.0,0.0,0.133587,0.0,0.061839,0.0,0.065643,0.0,0.0,0.0,0.137821,0.0,0.0,0.0,0.067712,0.067287,0.044436,0.010864
2025-08-29,0.065525,0.06553,0.0,0.0,0.089031,0.049689,0.0,0.0,0.0,0.0,0.138846,0.0,0.0,0.0,0.130748,0.105728,0.03201,0.0,0.0,0.0,0.0,0.132278,0.0,0.0,0.0,0.069441,0.069268,0.027651,0.024256
2025-09-01,0.065687,0.065505,0.0,0.0,0.089187,0.04967,0.0,0.0,0.0,0.0,0.138793,0.0,0.0,0.0,0.130698,0.105688,0.031998,0.0,0.0,0.0,0.0,0.132227,0.0,0.0,0.0,0.069414,0.069241,0.02764,0.024251
2025-09-02,0.064825,0.064713,0.0,0.0,0.088872,0.050027,0.0,0.0,0.0,0.0,0.137718,0.0,0.0,0.0,0.1305,0.10481,0.03173,0.0,0.0,0.0,0.0,0.135598,0.0,0.0,0.0,0.069332,0.069239,0.028344,0.024293
2025-09-03,0.065232,0.06482,0.0,0.0,0.089261,0.049653,0.0,0.0,0.0,0.0,0.136685,0.0,0.0,0.0,0.129853,0.105176,0.031502,0.0,0.0,0.0,0.0,0.136324,0.0,0.0,0.0,0.069401,0.069225,0.028629,0.024237
2025-09-04,0.065508,0.065148,0.0,0.0,0.08873,0.048778,0.0,0.0,0.0,0.0,0.13811,0.0,0.0,0.0,0.129588,0.105605,0.0318,0.0,0.0,0.0,0.0,0.135606,0.0,0.0,0.0,0.069652,0.069272,0.027984,0.024219
2025-09-05,0.065332,0.065146,0.0,0.0,0.089431,0.049385,0.0,0.0,0.0,0.0,0.136928,0.0,0.0,0.0,0.128555,0.105177,0.032018,0.0,0.0,0.0,0.0,0.136745,0.0,0.0,0.0,0.069651,0.069239,0.028289,0.024104
2025-09-08,0.065442,0.065322,0.0,0.0,0.089772,0.04993,0.0,0.0,0.0,0.0,0.136633,0.0,0.0,0.0,0.126687,0.1055,0.032109,0.0,0.0,0.0,0.0,0.137695,0.0,0.0,0.0,0.06956,0.069077,0.028282,0.023992
2025-09-09,0.065297,0.065177,0.0,0.0,0.090484,0.050444,0.0,0.0,0.0,0.0,0.135652,0.0,0.0,0.0,0.127505,0.105656,0.032122,0.0,0.0,0.0,0.0,0.137321,0.0,0.0,0.0,0.069364,0.06891,0.028079,0.023988
2025-09-10,0.065122,0.0645,0.0,0.0,0.090735,0.049712,0.0,0.0,0.0,0.0,0.135596,0.0,0.0,0.0,0.128692,0.106738,0.032435,0.0,0.0,0.0,0.0,0.136747,0.0,0.0,0.0,0.069012,0.068481,0.028428,0.023803
2025-09-11,0.065228,0.064796,0.0,0.0,0.091012,0.050726,0.0,0.0,0.0,0.0,0.136045,0.0,0.0,0.0,0.128582,0.10644,0.032457,0.0,0.0,0.0,0.0,0.135705,0.0,0.0,0.0,0.068694,0.06817,0.028484,0.023661
2025-09-12,0.065174,0.0646,0.0,0.0,0.091074,0.050539,0.0,0.0,0.0,0.0,0.135009,0.0,0.0,0.0,0.129279,0.106409,0.032527,0.0,0.0,0.0,0.0,0.136022,0.0,0.0,0.0,0.068521,0.068103,0.029072,0.023671
2025-09-15,0.065172,0.064746,0.0,0.0,0.091224,0.050657,0.0,0.0,0.0,0.0,0.134935,0.0,0.0,0.0,0.128916,0.106816,0.032633,0.0,0.0,0.0,0.0,0.136731,0.0,0.0,0.0,0.068282,0.06782,0.02852,0.023549
2025-09-16,0.065148,0.064659,0.0,0.0,0.091795,0.051086,0.0,0.0,0.0,0.0,0.134778,0.0,0.0,0.0,0.126796,0.106636,0.032859,0.0,0.0,0.0,0.0,0.137252,0.0,0.0,0.0,0.068447,0.068003,0.028946,0.023594
2025-09-17,0.065204,0.064463,0.0,0.0,0.092761,0.051871,0.0,0.0,0.0,0.0,0.134279,0.0,0.0,0.0,0.127221,0.106358,0.032881,0.0,0.0,0.0,0.0,0.136309,0.0,0.0,0.0,0.068357,0.068018,0.028668,0.023611
2025-09-18,0.065351,0.064498,0.0,0.0,0.092089,0.050866,0.0,0.0,0.0,0.0,0.135239,0.0,0.0,0.0,0.12687,0.107821,0.033913,0.0,0.0,0.0,0.0,0.135292,0.0,0.0,0.0,0.067895,0.067594,0.029042,0.02353
2025-09-19,0.06504,0.064085,0.0,0.0,0.091615,0.050534,0.0,0.0,0.0,0.0,0.13533,0.0,0.0,0.0,0.127459,0.108724,0.033637,0.0,0.0,0.0,0.0,0.136488,0.0,0.0,0.0,0.067748,0.06744,0.028404,0.023496
2025-09-22,0.064999,0.06397,0.0,0.0,0.091327,0.050226,0.0,0.0,0.0,0.0,0.134976,0.0,0.0,0.0,0.127929,0.109668,0.033937,0.0,0.0,0.0,0.0,0.138025,0.0,0.0,0.0,0.067234,0.066877,0.02748,0.023352
2025-09-23,0.06508,0.063882,0.0,0.0,0.091991,0.049589,0.0,0.0,0.0,0.0,0.134912,0.0,0.0,0.0,0.128495,0.108641,0.033871,0.0,0.0,0.0,0.0,0.138487,0.0,0.0,0.0,0.067373,0.067008,0.027332,0.02334
2025-09-24,0.06486,0.063607,0.0,0.0,0.091667,0.050419,0.0,0.0,0.0,0.0,0.134517,0.0,0.0,0.0,0.129702,0.108213,0.033896,0.0,0.0,0.0,0.0,0.137541,0.0,0.0,0.0,0.067343,0.067038,0.027807,0.02339
2025-09-25,0.064708,0.063293,0.0,0.0,0.091538,0.050793,0.0,0.0,0.0,0.0,0.134224,0.0,0.0,0.0,0.129047,0.108521,0.033944,0.0,0.0,0.0,0.0,0.138751,0.0,0.0,0.0,0.067506,0.067239,0.026933,0.023504
2025-09-26,0.064616,0.063677,0.0,0.0,0.090623,0.050227,0.0,0.0,0.0,0.0,0.134837,0.0,0.0,0.0,0.130571,0.108372,0.033869,0.0,0.0,0.0,0.0,0.13894,0.0,0.0,0.0,0.067175,0.066956,0.026729,0.023409
2025-09-29,0.064463,0.063373,0.0,0.0,0.091034,0.050767,0.0,0.0,0.0,0.0,0.134183,0.0,0.0,0.0,0.129912,0.10809,0.033614,0.0,0.0,0.0,0.0,0.140116,0.0,0.0,0.0,0.066838,0.06651,0.027876,0.023223
2025-09-30,0.103732,0.026892,0.017616,0.0,0.108269,0.0,0.040132,0.0,0.016804,0.0,0.131374,0.0,0.0,0.068782,0.039171,0.073955,0.073387,0.0,0.0,0.0,0.0,0.025069,0.0,0.121901,0.0,0.074234,0.073995,0.0,0.004687
2025-10-01,0.104003,0.027096,0.017548,0.0,0.108755,0.0,0.039435,0.0,0.01659,0.0,0.1305,0.0,0.0,0.06841,0.039395,0.074389,0.074509,0.0,0.0,0.0,0.0,0.025011,0.0,0.121655,0.0,0.074196,0.07384,0.0,0.004669
2025-10-02,0.10398,0.027122,0.01751,0.0,0.109076,0.0,0.038941,0.0,0.016554,0.0,0.130655,0.0,0.0,0.068043,0.039268,0.074687,0.075845,0.0,0.0,0.0,0.0,0.024889,0.0,0.120895,0.0,0.074168,0.073703,0.0,0.004663
2025-10-03,0.104617,0.027209,0.017827,0.0,0.10965,0.0,0.038971,0.0,0.016632,0.0,0.130543,0.0,0.0,0.067971,0.039636,0.074146,0.075212,0.0,0.0,0.0,0.0,0.025033,0.0,0.120582,0.0,0.073858,0.07346,0.0,0.004653
2025-10-06,0.104198,0.027004,0.01807,0.0,0.109438,0.0,0.038771,0.0,0.016552,0.0,0.130566,0.0,0.0,0.067173,0.03984,0.074561,0.077123,0.0,0.0,0.0,0.0,0.025391,0.0,0.120358,0.0,0.073315,0.073007,0.0,0.004633
2025-10-07,0.104164,0.026921,0.017865,0.0,0.109519,0.0,0.038135,0.0,0.016647,0.0,0.130405,0.0,0.0,0.0681,0.040201,0.074394,0.075734,0.0,0.0,0.0,0.0,0.025636,0.0,0.120262,0.0,0.073826,0.073538,0.0,0.004653
2025-10-08,0.103852,0.026901,0.017704,0.0,0.109083,0.0,0.038129,0.0,0.016459,0.0,0.130681,0.0,0.0,0.067319,0.040214,0.075206,0.077811,0.0,0.0,0.0,0.0,0.025889,0.0,0.119659,0.0,0.07336,0.073111,0.0,0.004624
2025-10-09,0.103984,0.026761,0.017756,0.0,0.108926,0.0,0.03808,0.0,0.01649,0.0,0.12945,0.0,0.0,0.067903,0.04033,0.075488,0.077873,0.0,0.0,0.0,0.0,0.02555,0.0,0.119633,0.0,0.073706,0.073423,0.0,0.004649
2025-10-10,0.104396,0.02692,0.017363,0.0,0.108074,0.0,0.037602,0.0,0.016416,0.0,0.128821,0.0,0.0,0.069154,0.040874,0.073693,0.074276,0.0,0.0,0.0,0.0,0.026263,0.0,0.120962,0.0,0.075474,0.074981,0.0,0.004732
2025-10-13,0.103496,0.026801,0.01737,0.0,0.108904,0.0,0.037681,0.0,0.016386,0.0,0.12869,0.0,0.0,0.068145,0.040721,0.074635,0.076914,0.0,0.0,0.0,0.0,0.026597,0.0,0.120004,0.0,0.074659,0.07432,0.0,0.004679
2025-10-14,0.10314,0.026893,0.017527,0.0,0.107692,0.0,0.037562,0.0,0.016559,0.0,0.130148,0.0,0.0,0.06921,0.041067,0.073646,0.075306,0.0,0.0,0.0,0.0,0.026776,0.0,0.120771,0.0,0.07482,0.074209,0.0,0.004676
2025-10-15,0.103492,0.026762,0.017674,0.0,0.108877,0.0,0.037576,0.0,0.016441,0.0,0.128683,0.0,0.0,0.06884,0.041309,0.073847,0.077078,0.0,0.0,0.0,0.0,0.027046,0.0,0.119867,0.0,0.074204,0.073661,0.0,0.004643
2025-10-16,0.103463,0.026914,0.017708,0.0,0.109783,0.0,0.037425,0.0,0.015963,0.0,0.127673,0.0,0.0,0.068272,0.040806,0.073805,0.077336,0.0,0.0,0.0,0.0,0.027642,0.0,0.120386,0.0,0.07445,0.073736,0.0,0.004637
2025-10-17,0.102586,0.026979,0.017845,0.0,0.108951,0.0,0.03811,0.0,0.016128,0.0,0.128062,0.0,0.0,0.069335,0.040753,0.074097,0.077288,0.0,0.0,0.0,0.0,0.027182,0.0,0.119792,0.0,0.074491,0.073753,0.0,0.004648
2025-10-20,0.103192,0.026804,0.017983,0.0,0.109896,0.0,0.038345,0.0,0.016141,0.0,0.128174,0.0,0.0,0.068526,0.0403,0.074114,0.077727,0.0,0.0,0.0,0.0,0.027867,0.0,0.119526,0.0,0.073785,0.073022,0.0,0.004599
2025-10-21,0.103455,0.026724,0.017827,0.0,0.109283,0.0,0.038102,0.0,0.01617,0.0,0.12969,0.0,0.0,0.068409,0.040008,0.074371,0.077519,0.0,0.0,0.0,0.0,0.026153,0.0,0.120146,0.0,0.074139,0.073394,0.0,0.004612
2025-10-22,0.103364,0.026847,0.017818,0.0,0.109426,0.0,0.038378,0.0,0.016146,0.0,0.128549,0.0,0.0,0.069088,0.040084,0.073948,0.075923,0.0,0.0,0.0,0.0,0.026266,0.0,0.121239,0.0,0.074468,0.073823,0.0,0.004633
2025-10-23,0.103129,0.026857,0.01773,0.0,0.10962,0.0,0.03873,0.0,0.016092,0.0,0.129451,0.0,0.0,0.068379,0.039836,0.074476,0.077355,0.0,0.0,0.0,0.0,0.026229,0.0,0.120405,0.0,0.073823,0.07328,0.0,0.004608
2025-10-24,0.103699,0.026835,0.01775,0.0,0.109287,0.0,0.038654,0.0,0.016229,0.0,0.129263,0.0,0.0,0.067998,0.040212,0.075459,0.07845,0.0,0.0,0.0,0.0,0.026081,0.0,0.118657,0.0,0.073722,0.073106,0.0,0.004597
2025-10-27,0.104034,0.026797,0.017858,0.0,0.110702,0.0,0.038776,0.0,0.016194,0.0,0.129178,0.0,0.0,0.067681,0.040067,0.076368,0.080121,0.0,0.0,0.0,0.0,0.025195,0.0,0.116578,0.0,0.073257,0.072625,0.0,0.004569
2025-10-28,0.104631,0.026778,0.017977,0.0,0.110571,0.0,0.039038,0.0,0.016121,0.0,0.128497,0.0,0.0,0.067131,0.039481,0.077268,0.080369,0.0,0.0,0.0,0.0,0.025061,0.0,0.116218,0.0,0.073462,0.072819,0.0,0.004579
2025-10-29,0.104633,0.026587,0.017796,0.0,0.11177,0.0,0.039297,0.0,0.015819,0.0,0.128605,0.0,0.0,0.065433,0.039399,0.077687,0.081586,0.0,0.0,0.0,0.0,0.024923,0.0,0.116725,0.0,0.07286,0.072309,0.0,0.00457
2025-10-30,0.104429,0.026599,0.017883,0.0,0.110862,0.0,0.039335,0.0,0.015943,0.0,0.128941,0.0,0.0,0.065701,0.039435,0.077127,0.080896,0.0,0.0,0.0,0.0,0.025543,0.0,0.117059,0.0,0.073129,0.072525,0.0,0.004594
2025-10-31,0.0767,0.191279,0.0,0.0,0.025963,0.177062,0.0,0.0,0.0,0.0,0.022909,0.048346,0.0,0.072716,0.023548,0.127365,0.125067,0.0,0.0146,0.044549,0.0,0.0,0.02991,0.0,0.0,0.0,0.0,0.01602,0.003966
2025-11-03,0.076864,0.191245,0.0,0.0,0.02618,0.177262,0.0,0.0,0.0,0.0,0.022845,0.047587,0.0,0.072248,0.023595,0.128071,0.125995,0.0,0.014783,0.044012,0.0,0.0,0.029783,0.0,0.0,0.0,0.0,0.015557,0.003972
2025-11-04,0.077669,0.192458,0.0,0.0,0.026362,0.177993,0.0,0.0,0.0,0.0,0.022969,0.048476,0.0,0.073795,0.023916,0.126841,0.123132,0.0,0.014672,0.043147,0.0,0.0,0.029591,0.0,0.0,0.0,0.0,0.014936,0.004041
2025-11-05,0.07695,0.192217,0.0,0.0,0.026092,0.178073,0.0,0.0,0.0,0.0,0.022839,0.047749,0.0,0.073046,0.023694,0.126128,0.125754,0.0,0.014408,0.043841,0.0,0.0,0.029934,0.0,0.0,0.0,0.0,0.015272,0.004002
2025-11-06,0.076912,0.192832,0.0,0.0,0.026123,0.181225,0.0,0.0,0.0,0.0,0.02293,0.047886,0.0,0.073301,0.023779,0.124581,0.123452,0.0,0.014123,0.043777,0.0,0.0,0.030104,0.0,0.0,0.0,0.0,0.014941,0.004035
2025-11-07,0.076152,0.193721,0.0,0.0,0.025806,0.180153,0.0,0.0,0.0,0.0,0.023035,0.048308,0.0,0.074355,0.024103,0.124115,0.122122,0.0,0.014127,0.044259,0.0,0.0,0.030351,0.0,0.0,0.0,0.0,0.015361,0.004034
2025-11-10,0.076235,0.192852,0.0,0.0,0.025928,0.180277,0.0,0.0,0.0,0.0,0.022791,0.047603,0.0,0.072886,0.023705,0.12523,0.123257,0.0,0.014119,0.04458,0.0,0.0,0.031131,0.0,0.0,0.0,0.0,0.015438,0.003969
2025-11-11,0.076855,0.195041,0.0,0.0,0.026086,0.179932,0.0,0.0,0.0,0.0,0.022813,0.048066,0.0,0.073892,0.023735,0.124252,0.120547,0.0,0.014021,0.044211,0.0,0.0,0.031603,0.0,0.0,0.0,0.0,0.014975,0.003972
2025-11-12,0.076849,0.195173,0.0,0.0,0.025986,0.179141,0.0,0.0,0.0,0.0,0.022717,0.047674,0.0,0.073406,0.023668,0.123994,0.121761,0.0,0.01391,0.04436,0.0,0.0,0.032705,0.0,0.0,0.0,0.0,0.014703,0.003952
2025-11-13,0.077138,0.196059,0.0,0.0,0.026187,0.180918,0.0,0.0,0.0,0.0,0.022629,0.047441,0.0,0.074273,0.023617,0.122328,0.118968,0.0,0.013728,0.045878,0.0,0.0,0.032475,0.0,0.0,0.0,0.0,0.014362,0.003999
2025-11-14,0.077222,0.195787,0.0,0.0,0.026325,0.179337,0.0,0.0,0.0,0.0,0.022772,0.047406,0.0,0.074679,0.023786,0.123762,0.119355,0.0,0.013755,0.046222,0.0,0.0,0.031671,0.0,0.0,0.0,0.0,0.013896,0.004024
2025-11-17,0.077736,0.195767,0.0,0.0,0.026379,0.179478,0.0,0.0,0.0,0.0,0.022825,0.046495,0.0,0.075115,0.024295,0.123319,0.118742,0.0,0.013595,0.04676,0.0,0.0,0.031718,0.0,0.0,0.0,0.0,0.013704,0.004074
2025-11-18,0.07728,0.195781,0.0,0.0,0.026292,0.180218,0.0,0.0,0.0,0.0,0.022949,0.046816,0.0,0.076186,0.024442,0.122517,0.117136,0.0,0.013481,0.046327,0.0,0.0,0.032476,0.0,0.0,0.0,0.0,0.013984,0.004115
2025-11-19,0.077213,0.19502,0.0,0.0,0.026199,0.178748,0.0,0.0,0.0,0.0,0.023026,0.046822,0.0,0.075604,0.024237,0.123371,0.119096,0.0,0.013538,0.046794,0.0,0.0,0.032723,0.0,0.0,0.0,0.0,0.013493,0.004115
2025-11-20,0.079044,0.195741,0.0,0.0,0.026697,0.17887,0.0,0.0,0.0,0.0,0.023039,0.047626,0.0,0.077489,0.024539,0.121603,0.11538,0.0,0.013467,0.046238,0.0,0.0,0.032819,0.0,0.0,0.0,0.0,0.01326,0.004187
2025-11-21,0.077578,0.197648,0.0,0.0,0.026023,0.178013,0.0,0.0,0.0,0.0,0.023192,0.04973,0.0,0.077906,0.024441,0.121407,0.11592,0.0,0.013559,0.045214,0.0,0.0,0.032298,0.0,0.0,0.0,0.0,0.012905,0.004164
2025-11-24,0.077729,0.194605,0.0,0.0,0.026003,0.178717,0.0,0.0,0.0,0.0,0.02295,0.048835,0.0,0.076013,0.024399,0.122697,0.11944,0.0,0.013616,0.044646,0.0,0.0,0.032818,0.0,0.0,0.0,0.0,0.013422,0.004111
2025-11-25,0.077456,0.196076,0.0,0.0,0.025774,0.177723,0.0,0.0,0.0,0.0,0.023025,0.050667,0.0,0.076335,0.024078,0.12187,0.118685,0.0,0.013678,0.045004,0.0,0.0,0.032537,0.0,0.0,0.0,0.0,0.01302,0.004072
2025-11-26,0.077704,0.195578,0.0,0.0,0.025872,0.17479,0.0,0.0,0.0,0.0,0.022883,0.050699,0.0,0.076249,0.024108,0.121846,0.120503,0.0,0.013641,0.045512,0.0,0.0,0.033342,0.0,0.0,0.0,0.0,0.013251,0.004025
2025-11-27,0.077609,0.195614,0.0,0.0,0.025801,0.174822,0.0,0.0,0.0,0.0,0.022887,0.050708,0.0,0.076263,0.024112,0.121868,0.120525,0.0,0.013643,0.04552,0.0,0.0,0.033348,0.0,0.0,0.0,0.0,0.013253,0.004025
2025-11-28,0.099282,0.012864,0.017072,0.0,0.136794,0.027204,0.0,0.0,0.0,0.0,0.079839,0.0,0.0,0.0,0.125316,0.077646,0.074236,0.0,0.014196,0.166423,0.0,0.0,0.0,0.0,0.0,0.05478,0.105002,0.0,0.009346
2025-12-01,0.099731,0.012879,0.017079,0.0,0.137432,0.027576,0.0,0.0,0.0,0.0,0.07916,0.0,0.0,0.0,0.123147,0.078165,0.074744,0.0,0.014317,0.1663,0.0,0.0,0.0,0.0,0.0,0.054826,0.10524,0.0,0.009404
2025-12-02,0.099483,0.012925,0.01705,0.0,0.136953,0.027366,0.0,0.0,0.0,0.0,0.079775,0.0,0.0,0.0,0.122155,0.078896,0.076163,0.0,0.014263,0.165589,0.0,0.0,0.0,0.0,0.0,0.05482,0.105169,0.0,0.009394
2025-12-03,0.099585,0.01296,0.01701,0.0,0.136609,0.027097,0.0,0.0,0.0,0.0,0.080204,0.0,0.0,0.0,0.12127,0.078762,0.077485,0.0,0.01435,0.165624,0.0,0.0,0.0,0.0,0.0,0.054709,0.104978,0.0,0.009358
2025-12-04,0.099931,0.012972,0.017244,0.0,0.137142,0.027182,0.0,0.0,0.0,0.0,0.080745,0.0,0.0,0.0,0.121208,0.079177,0.076832,0.0,0.014927,0.163644,0.0,0.0,0.0,0.0,0.0,0.054624,0.104997,0.0,0.009374
2025-12-05,0.099813,0.01294,0.017213,0.0,0.137774,0.027404,0.0,0.0,0.0,0.0,0.080296,0.0,0.0,0.0,0.119735,0.079534,0.077398,0.0,0.014841,0.164812,0.0,0.0,0.0,0.0,0.0,0.054359,0.104533,0.0,0.009349
2025-12-08,0.099477,0.012899,0.017092,0.0,0.137194,0.027186,0.0,0.0,0.0,0.0,0.080124,0.0,0.0,0.0,0.118024,0.08002,0.078167,0.0,0.014875,0.167177,0.0,0.0,0.0,0.0,0.0,0.054197,0.10423,0.0,0.009339
2025-12-09,0.099672,0.012861,0.017113,0.0,0.137114,0.026801,0.0,0.0,0.0,0.0,0.079522,0.0,0.0,0.0,0.118083,0.080215,0.078007,0.0,0.014869,0.168219,0.0,0.0,0.0,0.0,0.0,0.054107,0.104077,0.0,0.009339
2025-12-10,0.098864,0.012932,0.017122,0.0,0.136546,0.026822,0.0,0.0,0.0,0.0,0.080436,0.0,0.0,0.0,0.117243,0.080064,0.078518,0.0,0.01483,0.169701,0.0,0.0,0.0,0.0,0.0,0.053921,0.103723,0.0,0.009277
2025-12-11,0.099234,0.013014,0.017165,0.0,0.136437,0.026738,0.0,0.0,0.0,0.0,0.0812,0.0,0.0,0.0,0.117953,0.07956,0.077976,0.0,0.014772,0.169266,0.0,0.0,0.0,0.0,0.0,0.053862,0.103553,0.0,0.009268
2025-12-12,0.099822,0.013102,0.017348,0.0,0.136939,0.02702,0.0,0.0,0.0,0.0,0.081765,0.0,0.0,0.0,0.11894,0.078287,0.075236,0.0,0.014746,0.168201,0.0,0.0,0.0,0.0,0.0,0.054432,0.10477,0.0,0.009392
2025-12-15,0.100142,0.013186,0.017526,0.0,0.137459,0.026731,0.0,0.0,0.0,0.0,0.081885,0.0,0.0,0.0,0.120009,0.077521,0.074858,0.0,0.014647,0.167496,0.0,0.0,0.0,0.0,0.0,0.054471,0.104681,0.0,0.00939
2025-12-16,0.100166,0.013234,0.017421,0.0,0.136235,0.026692,0.0,0.0,0.0,0.0,0.081874,0.0,0.0,0.0,0.120205,0.078114,0.074946,0.0,0.014589,0.166829,0.0,0.0,0.0,0.0,0.0,0.054941,0.105309,0.0,0.009446
2025-12-17,0.100249,0.013248,0.017294,0.0,0.136797,0.026763,0.0,0.0,0.0,0.0,0.081071,0.0,0.0,0.0,0.120201,0.076875,0.07264,0.0,0.01436,0.169596,0.0,0.0,0.0,0.0,0.0,0.055288,0.106111,0.0,0.009507
2025-12-18,0.100271,0.013226,0.017192,0.0,0.137459,0.026761,0.0,0.0,0.0,0.0,0.080886,0.0,0.0,0.0,0.120321,0.077379,0.073725,0.0,0.014381,0.168642,0.0,0.0,0.0,0.0,0.0,0.054947,0.105384,0.0,0.009426
2025-12-19,0.100101,0.013217,0.017233,0.0,0.137732,0.026905,0.0,0.0,0.0,0.0,0.081156,0.0,0.0,0.0,0.118168,0.078639,0.075291,0.0,0.014549,0.168471,0.0,0.0,0.0,0.0,0.0,0.054537,0.104626,0.0,0.009377
2025-12-22,0.099805,0.013179,0.017067,0.0,0.137089,0.0268,0.0,0.0,0.0,0.0,0.081388,0.0,0.0,0.0,0.117641,0.078419,0.075682,0.0,0.014671,0.171297,0.0,0.0,0.0,0.0,0.0,0.054037,0.103624,0.0,0.009301
2025-12-23,0.099687,0.01318,0.017134,0.0,0.136848,0.026584,0.0,0.0,0.0,0.0,0.080994,0.0,0.0,0.0,0.11753,0.078494,0.075622,0.0,0.014658,0.173025,0.0,0.0,0.0,0.0,0.0,0.053773,0.103208,0.0,0.009261
2025-12-24,0.099543,0.013151,0.017042,0.0,0.137061,0.026461,0.0,0.0,0.0,0.0,0.080961,0.0,0.0,0.0,0.117623,0.078396,0.075638,0.0,0.0146,0.173532,0.0,0.0,0.0,0.0,0.0,0.053717,0.103047,0.0,0.009227
2025-12-26,0.099321,0.013159,0.016998,0.0,0.136755,0.02669,0.0,0.0,0.0,0.0,0.080632,0.0,0.0,0.0,0.117279,0.078344,0.075444,0.0,0.014532,0.175184,0.0,0.0,0.0,0.0,0.0,0.053647,0.102808,0.0,0.009207
2025-12-29,0.099715,0.013193,0.017129,0.0,0.137917,0.02646,0.0,0.0,0.0,0.0,0.080955,0.0,0.0,0.0,0.118224,0.078473,0.075732,0.0,0.014686,0.170658,0.0,0.0,0.0,0.0,0.0,0.054057,0.103538,0.0,0.009264
2025-12-30,0.100564,0.0,0.010254,0.055128,0.049859,0.009908,0.057049,0.01783,0.0,0.0,0.0,0.0,0.08262,0.0,0.083057,0.069728,0.096468,0.0,0.0,0.166277,0.0,0.02736,0.0,0.0,0.020629,0.07261,0.072051,0.0,0.008606
