Date,IWDA.L,VGK,EWJ,IUSN.DE,IEMA.L,MCHI,EWZ,INDA,EWT,EWY,XLY,XLC,XLF,KBE,XLE,XOP,XLI,IYT,XLB,ITB,XLV,XBI,XLP,XLU,XLK,SOXX,IGV,CIBR,BOTZ,VNQ,LIT,GLD,SLV,DBA,COPX,TLT,IEF,TIP,HYG,LQD,EMB,BITO,XEON.DE
2020-01-02,0.0,0.0,0.0,0.0,0.0,0.0,0.0,0.0,0.0,0.0,0.0,0.0,0.0,0.0,0.0,0.0,0.0,0.0,0.0,0.0,0.0,0.0,0.0,0.0,0.0,0.0,0.0,0.0,0.0,0.0,0.0,0.0,0.0,0.0,0.0,0.0,0.0,0.0,0.0,0.0,0.0,0.0,0.0
2020-01-03,0.0,0.0,0.0,0.0,0.0,0.0,0.0,0.0,0.0,0.0,0.0,0.0,0.0,0.0,0.0,0.0,0.0,0.0,0.0,0.0,0.0,0.0,0.0,0.0,0.0,0.0,0.0,0.0,0.0,0.0,0.0,0.0,0.0,0.0,0.0,0.0,0.0,0.0,0.0,0.0,0.0,0.0,0.0
2020-01-06,0.0,0.0,0.0,0.0,0.0,0.0,0.0,0.0,0.0,0.0,0.0,0.0,0.0,0.0,0.0,0.0,0.0,0.0,0.0,0.0,0.0,0.0,0.0,0.0,0.0,0.0,0.0,0.0,0.0,0.0,0.0,0.0,0.0,0.0,0.0,0.0,0.0,0.0,0.0,0.0,0.0,0.0,0.0
2020-01-07,0.0,0.0,0.0,0.0,0.0,0.0,0.0,0.0,0.0,0.0,0.0,0.0,0.0,0.0,0.0,0.0,0.0,0.0,0.0,0.0,0.0,0.0,0.0,0.0,0.0,0.0,0.0,0.0,0.0,0.0,0.0,0.0,0.0,0.0,0.0,0.0,0.0,0.0,0.0,0.0,0.0,0.0,0.0
2020-01-08,0.0,0.0,0.0,0.0,0.0,0.0,0.0,0.0,0.0,0.0,0.0,0.0,0.0,0.0,0.0,0.0,0.0,0.0,0.0,0.0,0.0,0.0,0.0,0.0,0.0,0.0,0.0,0.0,0.0,0.0,0.0,0.0,0.0,0.0,0.0,0.0,0.0,0.0,0.0,0.0,0.0,0.0,0.0
2020-01-09,0.0,0.0,0.0,0.0,0.0,0.0,0.0,0.0,0.0,0.0,0.0,0.0,0.0,0.0,0.0,0.0,0.0,0.0,0.0,0.0,0.0,0.0,0.0,0.0,0.0,0.0,0.0,0.0,0.0,0.0,0.0,0.0,0.0,0.0,0.0,0.0,0.0,0.0,0.0,0.0,0.0,0.0,0.0
2020-01-10,0.0,0.0,0.0,0.0,0.0,0.0,0.0,0.0,0.0,0.0,0.0,0.0,0.0,0.0,0.0,0.0,0.0,0.0,0.0,0.0,0.0,0.0,0.0,0.0,0.0,0.0,0.0,0.0,0.0,0.0,0.0,0.0,0.0,0.0,0.0,0.0,0.0,0.0,0.0,0.0,0.0,0.0,0.0
2020-01-13,0.0,0.0,0.0,0.0,0.0,0.0,0.0,0.0,0.0,0.0,0.0,0.0,0.0,0.0,0.0,0.0,0.0,0.0,0.0,0.0,0.0,0.0,0.0,0.0,0.0,0.0,0.0,0.0,0.0,0.0,0.0,0.0,0.0,0.0,0.0,0.0,0.0,0.0,0.0,0.0,0.0,0.0,0.0
2020-01-14,0.0,0.0,0.0,0.0,0.0,0.0,0.0,0.0,0.0,0.0,0.0,0.0,0.0,0.0,0.0,0.0,0.0,0.0,0.0,0.0,0.0,0.0,0.0,0.0,0.0,0.0,0.0,0.0,0.0,0.0,0.0,0.0,0.0,0.0,0.0,0.0,0.0,0.0,0.0,0.0,0.0,0.0,0.0
2020-01-15,0.0,0.0,0.0,0.0,0.0,0.0,0.0,0.0,0.0,0.0,0.0,0.0,0.0,0.0,0.0,0.0,0.0,0.0,0.0,0.0,0.0,0.0,0.0,0.0,0.0,0.0,0.0,0.0,0.0,0.0,0.0,0.0,0.0,0.0,0.0,0.0,0.0,0.0,0.0,0.0,0.0,0.0,0.0
2020-01-16,0.0,0.0,0.0,0.0,0.0,0.0,0.0,0.0,0.0,0.0,0.0,0.0,0.0,0.0,0.0,0.0,0.0,0.0,0.0,0.0,0.0,0.0,0.0,0.0,0.0,0.0,0.0,0.0,0.0,0.0,0.0,0.0,0.0,0.0,0.0,0.0,0.0,0.0,0.0,0.0,0.0,0.0,0.0
2020-01-17,0.0,0.0,0.0,0.0,0.0,0.0,0.0,0.0,0.0,0.0,0.0,0.0,0.0,0.0,0.0,0.0,0.0,0.0,0.0,0.0,0.0,0.0,0.0,0.0,0.0,0.0,0.0,0.0,0.0,0.0,0.0,0.0,0.0,0.0,0.0,0.0,0.0,0.0,0.0,0.0,0.0,0.0,0.0
2020-01-20,0.0,0.0,0.0,0.0,0.0,0.0,0.0,0.0,0.0,0.0,0.0,0.0,0.0,0.0,0.0,0.0,0.0,0.0,0.0,0.0,0.0,0.0,0.0,0.0,0.0,0.0,0.0,0.0,0.0,0.0,0.0,0.0,0.0,0.0,0.0,0.0,0.0,0.0,0.0,0.0,0.0,0.0,0.0
2020-01-21,0.0,0.0,0.0,0.0,0.0,0.0,0.0,0.0,0.0,0.0,0.0,0.0,0.0,0.0,0.0,0.0,0.0,0.0,0.0,0.0,0.0,0.0,0.0,0.0,0.0,0.0,0.0,0.0,0.0,0.0,0.0,0.0,0.0,0.0,0.0,0.0,0.0,0.0,0.0,0.0,0.0,0.0,0.0
2020-01-22,0.0,0.0,0.0,0.0,0.0,0.0,0.0,0.0,0.0,0.0,0.0,0.0,0.0,0.0,0.0,0.0,0.0,0.0,0.0,0.0,0.0,0.0,0.0,0.0,0.0,0.0,0.0,0.0,0.0,0.0,0.0,0.0,0.0,0.0,0.0,0.0,0.0,0.0,0.0,0.0,0.0,0.0,0.0
2020-01-23,0.0,0.0,0.0,0.0,0.0,0.0,0.0,0.0,0.0,0.0,0.0,0.0,0.0,0.0,0.0,0.0,0.0,0.0,0.0,0.0,0.0,0.0,0.0,0.0,0.0,0.0,0.0,0.0,0.0,0.0,0.0,0.0,0.0,0.0,0.0,0.0,0.0,0.0,0.0,0.0,0.0,0.0,0.0
2020-01-24,0.0,0.0,0.0,0.0,0.0,0.0,0.0,0.0,0.0,0.0,0.0,0.0,0.0,0.0,0.0,0.0,0.0,0.0,0.0,0.0,0.0,0.0,0.0,0.0,0.0,0.0,0.0,0.0,0.0,0.0,0.0,0.0,0.0,0.0,0.0,0.0,0.0,0.0,0.0,0.0,0.0,0.0,0.0
2020-01-27,0.0,0.0,0.0,0.0,0.0,0.0,0.0,0.0,0.0,0.0,0.0,0.0,0.0,0.0,0.0,0.0,0.0,0.0,0.0,0.0,0.0,0.0,0.0,0.0,0.0,0.0,0.0,0.0,0.0,0.0,0.0,0.0,0.0,0.0,0.0,0.0,0.0,0.0,0.0,0.0,0.0,0.0,0.0
2020-01-28,0.0,0.0,0.0,0.0,0.0,0.0,0.0,0.0,0.0,0.0,0.0,0.0,0.0,0.0,0.0,0.0,0.0,0.0,0.0,0.0,0.0,0.0,0.0,0.0,0.0,0.0,0.0,0.0,0.0,0.0,0.0,0.0,0.0,0.0,0.0,0.0,0.0,0.0,0.0,0.0,0.0,0.0,0.0
2020-01-29,0.0,0.0,0.0,0.0,0.0,0.0,0.0,0.0,0.0,0.0,0.0,0.0,0.0,0.0,0.0,0.0,0.0,0.0,0.0,0.0,0.0,0.0,0.0,0.0,0.0,0.0,0.0,0.0,0.0,0.0,0.0,0.0,0.0,0.0,0.0,0.0,0.0,0.0,0.0,0.0,0.0,0.0,0.0
2020-01-30,0.0,0.0,0.0,0.0,0.0,0.0,0.0,0.0,0.0,0.0,0.0,0.0,0.0,0.0,0.0,0.0,0.0,0.0,0.0,0.0,0.0,0.0,0.0,0.0,0.0,0.0,0.0,0.0,0.0,0.0,0.0,0.0,0.0,0.0,0.0,0.0,0.0,0.0,0.0,0.0,0.0,0.0,0.0
2020-01-31,0.084299,0.018616,0.037934,0.0,0.0,0.014924,0.0,0.0,0.126014,0.0,0.0,0.022318,0.126039,0.011878,0.0,0.0,0.0,0.0,0.0,0.125752,0.10842,0.03272,0.0,0.0,0.070534,0.070647,0.0,0.0,0.0,0.0,0.0,0.070185,0.070812,0.0,0.0,0.0,0.0,0.0,0.0,0.0,0.0,0.0,0.008906
2020-02-03,0.084017,0.018507,0.037986,0.0,0.0,0.015044,0.0,0.0,0.127016,0.0,0.0,0.022443,0.126137,0.011935,0.0,0.0,0.0,0.0,0.0,0.125737,0.108728,0.033247,0.0,0.0,0.071024,0.070995,0.0,0.0,0.0,0.0,0.0,0.069298,0.069035,0.0,0.0,0.0,0.0,0.0,0.0,0.0,0.0,0.0,0.008849
2020-02-04,0.084138,0.018558,0.038031,0.0,0.0,0.015407,0.0,0.0,0.129274,0.0,0.0,0.022366,0.125602,0.011943,0.0,0.0,0.0,0.0,0.0,0.123673,0.109122,0.033727,0.0,0.0,0.071884,0.072208,0.0,0.0,0.0,0.0,0.0,0.067457,0.067881,0.0,0.0,0.0,0.0,0.0,0.0,0.0,0.0,0.0,0.008728
2020-02-05,0.083578,0.018507,0.037892,0.0,0.0,0.015212,0.0,0.0,0.128364,0.0,0.0,0.022123,0.126514,0.012064,0.0,0.0,0.0,0.0,0.0,0.125048,0.109831,0.034133,0.0,0.0,0.0714,0.072948,0.0,0.0,0.0,0.0,0.0,0.066695,0.067073,0.0,0.0,0.0,0.0,0.0,0.0,0.0,0.0,0.0,0.008618
2020-02-06,0.083804,0.01848,0.038057,0.0,0.0,0.015238,0.0,0.0,0.128308,0.0,0.0,0.022328,0.12595,0.011909,0.0,0.0,0.0,0.0,0.0,0.124727,0.109577,0.03406,0.0,0.0,0.071823,0.072758,0.0,0.0,0.0,0.0,0.0,0.066841,0.06755,0.0,0.0,0.0,0.0,0.0,0.0,0.0,0.0,0.0,0.008591
2020-02-07,0.084121,0.01844,0.037973,0.0,0.0,0.015193,0.0,0.0,0.126852,0.0,0.0,0.02248,0.126446,0.011902,0.0,0.0,0.0,0.0,0.0,0.125895,0.109539,0.034019,0.0,0.0,0.0717,0.071575,0.0,0.0,0.0,0.0,0.0,0.067522,0.067689,0.0,0.0,0.0,0.0,0.0,0.0,0.0,0.0,0.0,0.008657
2020-02-10,0.083513,0.018369,0.037665,0.0,0.0,0.015253,0.0,0.0,0.127448,0.0,0.0,0.022456,0.125936,0.011814,0.0,0.0,0.0,0.0,0.0,0.126276,0.109361,0.034337,0.0,0.0,0.072168,0.072076,0.0,0.0,0.0,0.0,0.0,0.067227,0.067505,0.0,0.0,0.0,0.0,0.0,0.0,0.0,0.0,0.0,0.008596
2020-02-11,0.083796,0.01842,0.037681,0.0,0.0,0.015395,0.0,0.0,0.12788,0.0,0.0,0.022328,0.125799,0.011858,0.0,0.0,0.0,0.0,0.0,0.126507,0.109508,0.034136,0.0,0.0,0.071593,0.073193,0.0,0.0,0.0,0.0,0.0,0.066686,0.066667,0.0,0.0,0.0,0.0,0.0,0.0,0.0,0.0,0.0,0.008555
2020-02-12,0.083728,0.01845,0.03733,0.0,0.0,0.015623,0.0,0.0,0.129148,0.0,0.0,0.022517,0.125316,0.011804,0.0,0.0,0.0,0.0,0.0,0.125864,0.109153,0.034422,0.0,0.0,0.072044,0.073988,0.0,0.0,0.0,0.0,0.0,0.066333,0.065764,0.0,0.0,0.0,0.0,0.0,0.0,0.0,0.0,0.0,0.008516
2020-02-13,0.083803,0.018353,0.037053,0.0,0.0,0.01543,0.0,0.0,0.12856,0.0,0.0,0.022552,0.125445,0.011872,0.0,0.0,0.0,0.0,0.0,0.126237,0.108787,0.034085,0.0,0.0,0.07195,0.074166,0.0,0.0,0.0,0.0,0.0,0.066801,0.066377,0.0,0.0,0.0,0.0,0.0,0.0,0.0,0.0,0.0,0.008529
2020-02-14,0.083667,0.018346,0.036756,0.0,0.0,0.015407,0.0,0.0,0.128139,0.0,0.0,0.022567,0.125537,0.011791,0.0,0.0,0.0,0.0,0.0,0.126446,0.108811,0.034126,0.0,0.0,0.072222,0.073877,0.0,0.0,0.0,0.0,0.0,0.067043,0.066744,0.0,0.0,0.0,0.0,0.0,0.0,0.0,0.0,0.0,0.008523
2020-02-17,0.083843,0.018342,0.036749,0.0,0.0,0.015404,0.0,0.0,0.128114,0.0,0.0,0.022563,0.125512,0.011788,0.0,0.0,0.0,0.0,0.0,0.126421,0.10879,0.034119,0.0,0.0,0.072208,0.073863,0.0,0.0,0.0,0.0,0.0,0.06703,0.066731,0.0,0.0,0.0,0.0,0.0,0.0,0.0,0.0,0.0,0.008523
2020-02-18,0.083453,0.01833,0.036333,0.0,0.0,0.01546,0.0,0.0,0.126667,0.0,0.0,0.022796,0.124877,0.011679,0.0,0.0,0.0,0.0,0.0,0.126321,0.108796,0.034426,0.0,0.0,0.0722,0.073179,0.0,0.0,0.0,0.0,0.0,0.068136,0.068793,0.0,0.0,0.0,0.0,0.0,0.0,0.0,0.0,0.0,0.008553
2020-02-19,0.083357,0.018287,0.035951,0.0,0.0,0.015438,0.0,0.0,0.127228,0.0,0.0,0.022698,0.1247,0.011645,0.0,0.0,0.0,0.0,0.0,0.125714,0.108339,0.034382,0.0,0.0,0.072418,0.074365,0.0,0.0,0.0,0.0,0.0,0.06793,0.06907,0.0,0.0,0.0,0.0,0.0,0.0,0.0,0.0,0.0,0.008477
2020-02-20,0.082933,0.018287,0.035934,0.0,0.0,0.015355,0.0,0.0,0.125257,0.0,0.0,0.0226,0.125207,0.011839,0.0,0.0,0.0,0.0,0.0,0.127814,0.108288,0.034399,0.0,0.0,0.072094,0.073726,0.0,0.0,0.0,0.0,0.0,0.068618,0.069122,0.0,0.0,0.0,0.0,0.0,0.0,0.0,0.0,0.0,0.008526
2020-02-21,0.083424,0.018333,0.035837,0.0,0.0,0.015383,0.0,0.0,0.125371,0.0,0.0,0.022383,0.124713,0.011746,0.0,0.0,0.0,0.0,0.0,0.127886,0.108975,0.034403,0.0,0.0,0.070884,0.071947,0.0,0.0,0.0,0.0,0.0,0.07005,0.070088,0.0,0.0,0.0,0.0,0.0,0.0,0.0,0.0,0.0,0.008577
2020-02-24,0.082956,0.018016,0.035563,0.0,0.0,0.01527,0.0,0.0,0.125205,0.0,0.0,0.022217,0.123913,0.011688,0.0,0.0,0.0,0.0,0.0,0.128663,0.108386,0.034117,0.0,0.0,0.069787,0.070347,0.0,0.0,0.0,0.0,0.0,0.072585,0.072478,0.0,0.0,0.0,0.0,0.0,0.0,0.0,0.0,0.0,0.008809
2020-02-25,0.083739,0.018065,0.036427,0.0,0.0,0.015576,0.0,0.0,0.128292,0.0,0.0,0.022185,0.122822,0.011506,0.0,0.0,0.0,0.0,0.0,0.126688,0.10783,0.033942,0.0,0.0,0.069311,0.070025,0.0,0.0,0.0,0.0,0.0,0.073141,0.071414,0.0,0.0,0.0,0.0,0.0,0.0,0.0,0.0,0.0,0.009035
2020-02-26,0.083713,0.018123,0.036691,0.0,0.0,0.015801,0.0,0.0,0.129903,0.0,0.0,0.022194,0.122205,0.011352,0.0,0.0,0.0,0.0,0.0,0.123557,0.108066,0.034192,0.0,0.0,0.069786,0.07028,0.0,0.0,0.0,0.0,0.0,0.07363,0.071449,0.0,0.0,0.0,0.0,0.0,0.0,0.0,0.0,0.0,0.009057
2020-02-27,0.083618,0.018106,0.036537,0.0,0.0,0.0161,0.0,0.0,0.131054,0.0,0.0,0.021981,0.120623,0.01124,0.0,0.0,0.0,0.0,0.0,0.124152,0.107642,0.03373,0.0,0.0,0.068076,0.069122,0.0,0.0,0.0,0.0,0.0,0.075935,0.072744,0.0,0.0,0.0,0.0,0.0,0.0,0.0,0.0,0.0,0.009338
2020-02-28,0.013364,0.012802,0.0,0.0,0.0,0.023523,0.0,0.0,0.121413,0.020448,0.0,0.011215,0.048216,0.0,0.0,0.0,0.013418,0.0,0.0,0.183566,0.076836,0.0,0.022574,0.143973,0.058608,0.058624,0.053256,0.0,0.035106,0.0,0.058658,0.036428,0.0,0.0,0.0,0.0,0.0,0.0,0.0,0.0,0.0,0.0,0.007971
2020-03-02,0.01318,0.012517,0.0,0.0,0.0,0.022925,0.0,0.0,0.120855,0.020113,0.0,0.01116,0.048743,0.0,0.0,0.0,0.013358,0.0,0.0,0.182968,0.077359,0.0,0.022871,0.146615,0.059625,0.058378,0.053145,0.0,0.034245,0.0,0.05905,0.035228,0.0,0.0,0.0,0.0,0.0,0.0,0.0,0.0,0.0,0.0,0.007664
2020-03-03,0.013521,0.012568,0.0,0.0,0.0,0.023085,0.0,0.0,0.121909,0.020121,0.0,0.010929,0.047504,0.0,0.0,0.0,0.013196,0.0,0.0,0.186393,0.07639,0.0,0.022845,0.146641,0.058085,0.057035,0.0518,0.0,0.033953,0.0,0.05947,0.036794,0.0,0.0,0.0,0.0,0.0,0.0,0.0,0.0,0.0,0.0,0.00776
2020-03-04,0.01306,0.012506,0.0,0.0,0.0,0.022563,0.0,0.0,0.119294,0.020068,0.0,0.010891,0.047203,0.0,0.0,0.0,0.013217,0.0,0.0,0.188114,0.077711,0.0,0.023053,0.149049,0.058267,0.057661,0.051754,0.0,0.03402,0.0,0.058652,0.035453,0.0,0.0,0.0,0.0,0.0,0.0,0.0,0.0,0.0,0.0,0.007464
2020-03-05,0.013368,0.012359,0.0,0.0,0.0,0.023025,0.0,0.0,0.121261,0.020075,0.0,0.010732,0.045949,0.0,0.0,0.0,0.012857,0.0,0.0,0.185911,0.077634,0.0,0.023133,0.150088,0.057712,0.057197,0.05154,0.0,0.033517,0.0,0.058963,0.037042,0.0,0.0,0.0,0.0,0.0,0.0,0.0,0.0,0.0,0.0,0.007635
2020-03-06,0.013201,0.012429,0.0,0.0,0.0,0.02297,0.0,0.0,0.121674,0.020185,0.0,0.010753,0.045256,0.0,0.0,0.0,0.012994,0.0,0.0,0.183485,0.078735,0.0,0.023401,0.151788,0.0576,0.057044,0.050785,0.0,0.033446,0.0,0.058689,0.037783,0.0,0.0,0.0,0.0,0.0,0.0,0.0,0.0,0.0,0.0,0.007783
2020-03-09,0.013375,0.012182,0.0,0.0,0.0,0.02367,0.0,0.0,0.125037,0.020458,0.0,0.010765,0.043337,0.0,0.0,0.0,0.012653,0.0,0.0,0.178821,0.080063,0.0,0.024007,0.153956,0.057092,0.05596,0.050401,0.0,0.032736,0.0,0.056548,0.040594,0.0,0.0,0.0,0.0,0.0,0.0,0.0,0.0,0.0,0.0,0.008345
2020-03-10,0.012751,0.012199,0.0,0.0,0.0,0.023772,0.0,0.0,0.124255,0.020631,0.0,0.010942,0.044377,0.0,0.0,0.0,0.012872,0.0,0.0,0.180024,0.080093,0.0,0.023886,0.150288,0.058902,0.057677,0.051133,0.0,0.033136,0.0,0.056559,0.038433,0.0,0.0,0.0,0.0,0.0,0.0,0.0,0.0,0.0,0.0,0.008069
2020-03-11,0.013358,0.012106,0.0,0.0,0.0,0.024169,0.0,0.0,0.127033,0.020655,0.0,0.011024,0.044183,0.0,0.0,0.0,0.012755,0.0,0.0,0.1735,0.081094,0.0,0.023912,0.150258,0.059078,0.057315,0.051266,0.0,0.033109,0.0,0.05637,0.040315,0.0,0.0,0.0,0.0,0.0,0.0,0.0,0.0,0.0,0.0,0.008499
2020-03-12,0.013272,0.011929,0.0,0.0,0.0,0.024841,0.0,0.0,0.127677,0.020582,0.0,0.011102,0.043793,0.0,0.0,0.0,0.012709,0.0,0.0,0.167905,0.083396,0.0,0.024078,0.150135,0.059249,0.056714,0.051662,0.0,0.032505,0.0,0.055999,0.043018,0.0,0.0,0.0,0.0,0.0,0.0,0.0,0.0,0.0,0.0,0.009435
2020-03-13,0.012737,0.011961,0.0,0.0,0.0,0.024683,0.0,0.0,0.12686,0.020705,0.0,0.01142,0.046771,0.0,0.0,0.0,0.012932,0.0,0.0,0.162402,0.084171,0.0,0.02466,0.149424,0.062481,0.059271,0.053524,0.0,0.033431,0.0,0.054305,0.039363,0.0,0.0,0.0,0.0,0.0,0.0,0.0,0.0,0.0,0.0,0.0089
2020-03-16,0.014215,0.012073,0.0,0.0,0.0,0.025483,0.0,0.0,0.129361,0.019945,0.0,0.011593,0.046177,0.0,0.0,0.0,0.013117,0.0,0.0,0.148292,0.086808,0.0,0.026301,0.151546,0.061613,0.057488,0.05403,0.0,0.033505,0.0,0.053694,0.044522,0.0,0.0,0.0,0.0,0.0,0.0,0.0,0.0,0.0,0.0,0.010236
2020-03-17,0.013492,0.011915,0.0,0.0,0.0,0.025338,0.0,0.0,0.1275,0.020256,0.0,0.011459,0.046118,0.0,0.0,0.0,0.012998,0.0,0.0,0.138219,0.087394,0.0,0.027015,0.161923,0.062338,0.059249,0.054828,0.0,0.034007,0.0,0.053554,0.042746,0.0,0.0,0.0,0.0,0.0,0.0,0.0,0.0,0.0,0.0,0.009651
2020-03-18,0.013627,0.011742,0.0,0.0,0.0,0.025581,0.0,0.0,0.125022,0.019526,0.0,0.011787,0.044903,0.0,0.0,0.0,0.012811,0.0,0.0,0.132982,0.089901,0.0,0.028005,0.164782,0.063827,0.05786,0.055444,0.0,0.034909,0.0,0.052443,0.044575,0.0,0.0,0.0,0.0,0.0,0.0,0.0,0.0,0.0,0.0,0.010274
2020-03-19,0.013783,0.012049,0.0,0.0,0.0,0.025809,0.0,0.0,0.123633,0.018755,0.0,0.012017,0.045961,0.0,0.0,0.0,0.012841,0.0,0.0,0.142547,0.088204,0.0,0.027115,0.155446,0.064164,0.059446,0.056981,0.0,0.035213,0.0,0.051934,0.043804,0.0,0.0,0.0,0.0,0.0,0.0,0.0,0.0,0.0,0.0,0.010298
2020-03-20,0.014183,0.012186,0.0,0.0,0.0,0.026393,0.0,0.0,0.132444,0.02001,0.0,0.011777,0.045444,0.0,0.0,0.0,0.012508,0.0,0.0,0.142462,0.086966,0.0,0.026002,0.146744,0.062775,0.059216,0.057183,0.0,0.035692,0.0,0.051864,0.045588,0.0,0.0,0.0,0.0,0.0,0.0,0.0,0.0,0.0,0.0,0.010563
2020-03-23,0.013731,0.012418,0.0,0.0,0.0,0.027129,0.0,0.0,0.134573,0.019684,0.0,0.012129,0.043844,0.0,0.0,0.0,0.012251,0.0,0.0,0.138588,0.08446,0.0,0.025848,0.142652,0.063719,0.062827,0.058707,0.0,0.036363,0.0,0.051509,0.048763,0.0,0.0,0.0,0.0,0.0,0.0,0.0,0.0,0.0,0.0,0.010802
2020-03-24,0.013521,0.01229,0.0,0.0,0.0,0.026081,0.0,0.0,0.130364,0.020087,0.0,0.011684,0.044724,0.0,0.0,0.0,0.012525,0.0,0.0,0.146717,0.082556,0.0,0.024654,0.143378,0.063749,0.063185,0.05734,0.0,0.037215,0.0,0.053708,0.046401,0.0,0.0,0.0,0.0,0.0,0.0,0.0,0.0,0.0,0.0,0.00982
2020-03-25,0.013649,0.012406,0.0,0.0,0.0,0.025866,0.0,0.0,0.130376,0.02059,0.0,0.011189,0.044684,0.0,0.0,0.0,0.012823,0.0,0.0,0.155546,0.081368,0.0,0.023914,0.143016,0.061926,0.060656,0.05514,0.0,0.036861,0.0,0.055925,0.044515,0.0,0.0,0.0,0.0,0.0,0.0,0.0,0.0,0.0,0.0,0.009548
2020-03-26,0.013452,0.012398,0.0,0.0,0.0,0.025413,0.0,0.0,0.126266,0.020319,0.0,0.011266,0.045237,0.0,0.0,0.0,0.012986,0.0,0.0,0.154606,0.082657,0.0,0.024027,0.147846,0.062642,0.061664,0.056077,0.0,0.037011,0.0,0.054085,0.042947,0.0,0.0,0.0,0.0,0.0,0.0,0.0,0.0,0.0,0.0,0.009103
2020-03-27,0.013625,0.012383,0.0,0.0,0.0,0.02494,0.0,0.0,0.124161,0.01988,0.0,0.011173,0.045308,0.0,0.0,0.0,0.01285,0.0,0.0,0.152662,0.083558,0.0,0.024705,0.153556,0.061786,0.06054,0.055622,0.0,0.03711,0.0,0.052663,0.044079,0.0,0.0,0.0,0.0,0.0,0.0,0.0,0.0,0.0,0.0,0.009401
2020-03-30,0.013566,0.012304,0.0,0.0,0.0,0.024926,0.0,0.0,0.12416,0.019847,0.0,0.011319,0.045127,0.0,0.0,0.0,0.012743,0.0,0.0,0.147697,0.085494,0.0,0.025089,0.155639,0.062933,0.061231,0.056118,0.0,0.03687,0.0,0.052486,0.043272,0.0,0.0,0.0,0.0,0.0,0.0,0.0,0.0,0.0,0.0,0.009179
2020-03-31,0.027348,0.0,0.0,0.0,0.0,0.056756,0.0,0.0,0.049695,0.0,0.0,0.029888,0.0,0.0,0.0,0.0,0.0,0.0,0.0,0.03158,0.039412,0.064674,0.0,0.0,0.066425,0.051484,0.053867,0.0,0.035404,0.0,0.082938,0.042775,0.0,0.040551,0.0,0.053699,0.097461,0.067628,0.034263,0.033687,0.03276,0.0,0.007703
2020-04-01,0.026924,0.0,0.0,0.0,0.0,0.056436,0.0,0.0,0.050028,0.0,0.0,0.029592,0.0,0.0,0.0,0.0,0.0,0.0,0.0,0.029917,0.039093,0.063087,0.0,0.0,0.065228,0.050181,0.052907,0.0,0.034352,0.0,0.080556,0.044523,0.0,0.040505,0.0,0.056146,0.100902,0.070156,0.034359,0.034231,0.03293,0.0,0.007946
2020-04-02,0.026543,0.0,0.0,0.0,0.0,0.057288,0.0,0.0,0.050664,0.0,0.0,0.029532,0.0,0.0,0.0,0.0,0.0,0.0,0.0,0.029227,0.039591,0.064435,0.0,0.0,0.065783,0.050925,0.052382,0.0,0.034606,0.0,0.080394,0.044595,0.0,0.039829,0.0,0.05568,0.099451,0.070192,0.034123,0.033822,0.033115,0.0,0.007822
2020-04-03,0.026541,0.0,0.0,0.0,0.0,0.057188,0.0,0.0,0.050343,0.0,0.0,0.029229,0.0,0.0,0.0,0.0,0.0,0.0,0.0,0.028852,0.039632,0.064173,0.0,0.0,0.065425,0.050469,0.052044,0.0,0.033896,0.0,0.079681,0.04527,0.0,0.039789,0.0,0.05638,0.100535,0.07153,0.033731,0.033988,0.033392,0.0,0.007911
2020-04-06,0.026532,0.0,0.0,0.0,0.0,0.056851,0.0,0.0,0.050432,0.0,0.0,0.029801,0.0,0.0,0.0,0.0,0.0,0.0,0.0,0.031433,0.039896,0.065923,0.0,0.0,0.067917,0.053197,0.053519,0.0,0.034913,0.0,0.08229,0.0445,0.0,0.038568,0.0,0.053786,0.095728,0.068373,0.033049,0.033151,0.032584,0.0,0.007556
2020-04-07,0.027573,0.0,0.0,0.0,0.0,0.056897,0.0,0.0,0.050761,0.0,0.0,0.03004,0.0,0.0,0.0,0.0,0.0,0.0,0.0,0.032011,0.039594,0.064645,0.0,0.0,0.067352,0.053042,0.052819,0.0,0.034705,0.0,0.083319,0.044291,0.0,0.0393,0.0,0.053257,0.095364,0.068372,0.03307,0.033224,0.032792,0.0,0.007572
2020-04-08,0.027024,0.0,0.0,0.0,0.0,0.055994,0.0,0.0,0.050349,0.0,0.0,0.030171,0.0,0.0,0.0,0.0,0.0,0.0,0.0,0.034091,0.040535,0.066065,0.0,0.0,0.068007,0.0539,0.053809,0.0,0.03486,0.0,0.084399,0.043162,0.0,0.038783,0.0,0.051986,0.093653,0.066769,0.033364,0.033257,0.032382,0.0,0.00744
2020-04-09,0.027414,0.0,0.0,0.0,0.0,0.055244,0.0,0.0,0.049282,0.0,0.0,0.030026,0.0,0.0,0.0,0.0,0.0,0.0,0.0,0.034889,0.040267,0.066496,0.0,0.0,0.067203,0.052098,0.053748,0.0,0.035017,0.0,0.08608,0.043756,0.0,0.037903,0.0,0.051453,0.092723,0.066616,0.035119,0.034401,0.032914,0.0,0.007351
2020-04-13,0.027508,0.0,0.0,0.0,0.0,0.055527,0.0,0.0,0.049695,0.0,0.0,0.030174,0.0,0.0,0.0,0.0,0.0,0.0,0.0,0.032896,0.040051,0.066619,0.0,0.0,0.067582,0.052867,0.054014,0.0,0.034856,0.0,0.085861,0.044658,0.0,0.03748,0.0,0.051157,0.092839,0.066964,0.034734,0.034183,0.032961,0.0,0.007376
2020-04-14,0.027154,0.0,0.0,0.0,0.0,0.055514,0.0,0.0,0.050113,0.0,0.0,0.030409,0.0,0.0,0.0,0.0,0.0,0.0,0.0,0.033213,0.040505,0.067817,0.0,0.0,0.068927,0.054136,0.055095,0.0,0.035473,0.0,0.08691,0.044057,0.0,0.036741,0.0,0.050063,0.090997,0.065742,0.034142,0.033296,0.032478,0.0,0.007218
2020-04-15,0.02695,0.0,0.0,0.0,0.0,0.055539,0.0,0.0,0.050072,0.0,0.0,0.030495,0.0,0.0,0.0,0.0,0.0,0.0,0.0,0.031747,0.040792,0.066955,0.0,0.0,0.068253,0.053171,0.055231,0.0,0.034835,0.0,0.085297,0.044372,0.0,0.037002,0.0,0.052021,0.092939,0.066621,0.03424,0.033932,0.032225,0.0,0.007311
2020-04-16,0.026808,0.0,0.0,0.0,0.0,0.055706,0.0,0.0,0.050405,0.0,0.0,0.03037,0.0,0.0,0.0,0.0,0.0,0.0,0.0,0.031532,0.041346,0.068207,0.0,0.0,0.068526,0.054222,0.055491,0.0,0.034793,0.0,0.085614,0.043975,0.0,0.036594,0.0,0.052187,0.092287,0.06551,0.033929,0.03349,0.031757,0.0,0.00725
2020-04-17,0.026969,0.0,0.0,0.0,0.0,0.055439,0.0,0.0,0.050557,0.0,0.0,0.030396,0.0,0.0,0.0,0.0,0.0,0.0,0.0,0.032637,0.041675,0.07106,0.0,0.0,0.068564,0.053956,0.055892,0.0,0.034991,0.0,0.087024,0.04258,0.0,0.036563,0.0,0.05084,0.090889,0.064378,0.033673,0.033179,0.031579,0.0,0.007158
2020-04-20,0.027316,0.0,0.0,0.0,0.0,0.055624,0.0,0.0,0.050126,0.0,0.0,0.030266,0.0,0.0,0.0,0.0,0.0,0.0,0.0,0.03148,0.041544,0.074063,0.0,0.0,0.067792,0.053039,0.055959,0.0,0.034631,0.0,0.085876,0.043091,0.0,0.036417,0.0,0.051497,0.091569,0.064491,0.033327,0.033151,0.031532,0.0,0.007209
2020-04-21,0.026778,0.0,0.0,0.0,0.0,0.055515,0.0,0.0,0.049742,0.0,0.0,0.029964,0.0,0.0,0.0,0.0,0.0,0.0,0.0,0.031783,0.041175,0.073404,0.0,0.0,0.066394,0.05156,0.054575,0.0,0.034487,0.0,0.084245,0.043747,0.0,0.036868,0.0,0.053304,0.093862,0.066257,0.033445,0.033767,0.03178,0.0,0.007347
2020-04-22,0.0268,0.0,0.0,0.0,0.0,0.055743,0.0,0.0,0.049677,0.0,0.0,0.030231,0.0,0.0,0.0,0.0,0.0,0.0,0.0,0.031616,0.041072,0.073497,0.0,0.0,0.067743,0.053724,0.055426,0.0,0.035165,0.0,0.085099,0.043826,0.0,0.036304,0.0,0.051835,0.091932,0.06549,0.033148,0.033196,0.031249,0.0,0.007227
2020-04-23,0.027172,0.0,0.0,0.0,0.0,0.055296,0.0,0.0,0.049643,0.0,0.0,0.030426,0.0,0.0,0.0,0.0,0.0,0.0,0.0,0.031748,0.041269,0.073408,0.0,0.0,0.067232,0.053151,0.054916,0.0,0.035159,0.0,0.085292,0.044233,0.0,0.03663,0.0,0.052075,0.09193,0.065408,0.033109,0.033314,0.031378,0.0,0.007212
2020-04-24,0.026618,0.0,0.0,0.0,0.0,0.05494,0.0,0.0,0.049508,0.0,0.0,0.030537,0.0,0.0,0.0,0.0,0.0,0.0,0.0,0.032772,0.04145,0.075258,0.0,0.0,0.068045,0.053772,0.055279,0.0,0.035353,0.0,0.085488,0.04365,0.0,0.03566,0.0,0.051731,0.091132,0.065192,0.032506,0.032994,0.030962,0.0,0.007153
2020-04-27,0.027064,0.0,0.0,0.0,0.0,0.0552,0.0,0.0,0.050209,0.0,0.0,0.030499,0.0,0.0,0.0,0.0,0.0,0.0,0.0,0.033992,0.04159,0.075551,0.0,0.0,0.067984,0.053978,0.055682,0.0,0.035991,0.0,0.087217,0.042953,0.0,0.035087,0.0,0.050292,0.089796,0.064454,0.032333,0.03242,0.030618,0.0,0.007089
2020-04-28,0.027265,0.0,0.0,0.0,0.0,0.05504,0.0,0.0,0.05029,0.0,0.0,0.029953,0.0,0.0,0.0,0.0,0.0,0.0,0.0,0.03622,0.04076,0.073232,0.0,0.0,0.067095,0.053712,0.054458,0.0,0.036431,0.0,0.088609,0.042772,0.0,0.035414,0.0,0.050883,0.090209,0.064691,0.032439,0.032516,0.030926,0.0,0.007088
2020-04-29,0.027216,0.0,0.0,0.0,0.0,0.054909,0.0,0.0,0.050602,0.0,0.0,0.030806,0.0,0.0,0.0,0.0,0.0,0.0,0.0,0.037514,0.040252,0.072243,0.0,0.0,0.068524,0.055194,0.055631,0.0,0.036973,0.0,0.089378,0.042193,0.0,0.034794,0.0,0.049659,0.088455,0.063386,0.032384,0.032109,0.030825,0.0,0.006954
2020-04-30,0.026643,0.0,0.029651,0.0,0.0,0.083004,0.0,0.0,0.028892,0.0,0.0,0.03103,0.0,0.0,0.0,0.0,0.0,0.0,0.0,0.0,0.067558,0.037219,0.036496,0.0,0.042009,0.022231,0.040892,0.029619,0.022581,0.0,0.0,0.123914,0.0,0.099534,0.0,0.052855,0.051876,0.052283,0.059626,0.056164,0.0,0.0,0.005923
2020-05-01,0.026333,0.0,0.029512,0.0,0.0,0.080882,0.0,0.0,0.028465,0.0,0.0,0.031,0.0,0.0,0.0,0.0,0.0,0.0,0.0,0.0,0.067141,0.036674,0.036568,0.0,0.041391,0.021425,0.040144,0.029141,0.022228,0.0,0.0,0.126314,0.0,0.101135,0.0,0.054007,0.052629,0.052968,0.059366,0.056675,0.0,0.0,0.006001
2020-05-04,0.025949,0.0,0.029242,0.0,0.0,0.080832,0.0,0.0,0.028879,0.0,0.0,0.031049,0.0,0.0,0.0,0.0,0.0,0.0,0.0,0.0,0.066822,0.038368,0.036394,0.0,0.041763,0.021511,0.040748,0.029309,0.022312,0.0,0.0,0.126219,0.0,0.100339,0.0,0.053525,0.052415,0.052796,0.059032,0.056523,0.0,0.0,0.005974
2020-05-05,0.026401,0.0,0.029304,0.0,0.0,0.081348,0.0,0.0,0.028663,0.0,0.0,0.030976,0.0,0.0,0.0,0.0,0.0,0.0,0.0,0.0,0.067758,0.038906,0.036153,0.0,0.04202,0.021709,0.041299,0.029563,0.022377,0.0,0.0,0.125803,0.0,0.09944,0.0,0.052784,0.051983,0.05246,0.059096,0.056025,0.0,0.0,0.005932
2020-05-06,0.026281,0.0,0.029183,0.0,0.0,0.082233,0.0,0.0,0.028623,0.0,0.0,0.030999,0.0,0.0,0.0,0.0,0.0,0.0,0.0,0.0,0.067324,0.039239,0.035884,0.0,0.042496,0.022052,0.04196,0.029916,0.022401,0.0,0.0,0.124625,0.0,0.099792,0.0,0.052115,0.051973,0.052389,0.058968,0.055592,0.0,0.0,0.005956
2020-05-07,0.026263,0.0,0.029287,0.0,0.0,0.081982,0.0,0.0,0.028626,0.0,0.0,0.031227,0.0,0.0,0.0,0.0,0.0,0.0,0.0,0.0,0.06656,0.038857,0.035381,0.0,0.042648,0.022001,0.042567,0.030869,0.022907,0.0,0.0,0.125114,0.0,0.100041,0.0,0.05239,0.051703,0.052126,0.058453,0.055114,0.0,0.0,0.005885
2020-05-08,0.026106,0.0,0.02961,0.0,0.0,0.083431,0.0,0.0,0.028732,0.0,0.0,0.031606,0.0,0.0,0.0,0.0,0.0,0.0,0.0,0.0,0.066502,0.039187,0.035954,0.0,0.043015,0.022514,0.042654,0.030907,0.02313,0.0,0.0,0.123617,0.0,0.099586,0.0,0.051399,0.051224,0.051797,0.058654,0.054521,0.0,0.0,0.005852
2020-05-11,0.026352,0.0,0.029826,0.0,0.0,0.083492,0.0,0.0,0.028653,0.0,0.0,0.031555,0.0,0.0,0.0,0.0,0.0,0.0,0.0,0.0,0.067496,0.040966,0.035825,0.0,0.043205,0.022443,0.04317,0.031214,0.02334,0.0,0.0,0.122575,0.0,0.098506,0.0,0.050885,0.050968,0.051503,0.05826,0.053923,0.0,0.0,0.005841
2020-05-12,0.026585,0.0,0.029616,0.0,0.0,0.083357,0.0,0.0,0.028596,0.0,0.0,0.031129,0.0,0.0,0.0,0.0,0.0,0.0,0.0,0.0,0.066874,0.040327,0.03574,0.0,0.042571,0.021981,0.042397,0.03068,0.022945,0.0,0.0,0.123803,0.0,0.099179,0.0,0.051721,0.051448,0.051865,0.058542,0.054775,0.0,0.0,0.00587
2020-05-13,0.026018,0.0,0.029914,0.0,0.0,0.084124,0.0,0.0,0.028715,0.0,0.0,0.030757,0.0,0.0,0.0,0.0,0.0,0.0,0.0,0.0,0.066495,0.039732,0.035602,0.0,0.042056,0.02167,0.041772,0.030174,0.023154,0.0,0.0,0.125648,0.0,0.098177,0.0,0.052356,0.051824,0.052184,0.058537,0.055188,0.0,0.0,0.005905
2020-05-14,0.025499,0.0,0.029386,0.0,0.0,0.083653,0.0,0.0,0.028797,0.0,0.0,0.031002,0.0,0.0,0.0,0.0,0.0,0.0,0.0,0.0,0.067035,0.039256,0.035415,0.0,0.042472,0.022187,0.04187,0.030334,0.022814,0.0,0.0,0.126403,0.0,0.097756,0.0,0.052719,0.051759,0.052097,0.058172,0.055488,0.0,0.0,0.005888
2020-05-15,0.025658,0.0,0.029324,0.0,0.0,0.082619,0.0,0.0,0.028153,0.0,0.0,0.03131,0.0,0.0,0.0,0.0,0.0,0.0,0.0,0.0,0.06734,0.040505,0.035588,0.0,0.042522,0.021644,0.042381,0.030523,0.023175,0.0,0.0,0.126627,0.0,0.097379,0.0,0.052381,0.051525,0.051986,0.058029,0.055468,0.0,0.0,0.005864
2020-05-18,0.02642,0.0,0.029704,0.0,0.0,0.084889,0.0,0.0,0.028496,0.0,0.0,0.031596,0.0,0.0,0.0,0.0,0.0,0.0,0.0,0.0,0.067103,0.041198,0.03573,0.0,0.043055,0.022374,0.04217,0.030499,0.023845,0.0,0.0,0.124201,0.0,0.09681,0.0,0.050632,0.05061,0.051374,0.058364,0.055131,0.0,0.0,0.005798
2020-05-19,0.026519,0.0,0.029414,0.0,0.0,0.084757,0.0,0.0,0.028253,0.0,0.0,0.031652,0.0,0.0,0.0,0.0,0.0,0.0,0.0,0.0,0.066425,0.040102,0.035143,0.0,0.042982,0.022345,0.04255,0.030589,0.023794,0.0,0.0,0.125645,0.0,0.097,0.0,0.050921,0.050852,0.051416,0.058551,0.055282,0.0,0.0,0.005807
2020-05-20,0.026476,0.0,0.029562,0.0,0.0,0.084468,0.0,0.0,0.02814,0.0,0.0,0.032207,0.0,0.0,0.0,0.0,0.0,0.0,0.0,0.0,0.065845,0.040854,0.035208,0.0,0.043488,0.022939,0.042835,0.030896,0.024202,0.0,0.0,0.124695,0.0,0.096533,0.0,0.050568,0.05036,0.051057,0.058585,0.055335,0.0,0.0,0.005747
2020-05-21,0.0264,0.0,0.029505,0.0,0.0,0.083133,0.0,0.0,0.028337,0.0,0.0,0.032264,0.0,0.0,0.0,0.0,0.0,0.0,0.0,0.0,0.06594,0.040893,0.035129,0.0,0.043263,0.02256,0.042874,0.030908,0.024093,0.0,0.0,0.123971,0.0,0.096609,0.0,0.051145,0.050842,0.051456,0.059092,0.055784,0.0,0.0,0.005801
2020-05-22,0.026299,0.0,0.029548,0.0,0.0,0.080065,0.0,0.0,0.027858,0.0,0.0,0.032461,0.0,0.0,0.0,0.0,0.0,0.0,0.0,0.0,0.066087,0.04139,0.035256,0.0,0.043425,0.022663,0.043387,0.031426,0.024496,0.0,0.0,0.124718,0.0,0.096192,0.0,0.051458,0.050943,0.051492,0.059244,0.055791,0.0,0.0,0.005801
2020-05-25,0.026299,0.0,0.029548,0.0,0.0,0.080065,0.0,0.0,0.027858,0.0,0.0,0.032461,0.0,0.0,0.0,0.0,0.0,0.0,0.0,0.0,0.066087,0.04139,0.035256,0.0,0.043425,0.022663,0.043387,0.031426,0.024496,0.0,0.0,0.124718,0.0,0.096192,0.0,0.051458,0.050943,0.051492,0.059244,0.055791,0.0,0.0,0.005801
2020-05-26,0.026956,0.0,0.030473,0.0,0.0,0.081332,0.0,0.0,0.028389,0.0,0.0,0.032468,0.0,0.0,0.0,0.0,0.0,0.0,0.0,0.0,0.065797,0.04031,0.035354,0.0,0.043269,0.022842,0.042871,0.031355,0.02493,0.0,0.0,0.122628,0.0,0.097648,0.0,0.050637,0.050679,0.051169,0.059535,0.05557,0.0,0.0,0.005788
2020-05-27,0.026865,0.0,0.030815,0.0,0.0,0.080539,0.0,0.0,0.028373,0.0,0.0,0.032643,0.0,0.0,0.0,0.0,0.0,0.0,0.0,0.0,0.066371,0.040256,0.035828,0.0,0.043445,0.023156,0.042786,0.031364,0.024922,0.0,0.0,0.12265,0.0,0.096709,0.0,0.050462,0.050638,0.051136,0.059562,0.055709,0.0,0.0,0.005772
2020-05-28,0.027369,0.0,0.03117,0.0,0.0,0.079826,0.0,0.0,0.028103,0.0,0.0,0.032288,0.0,0.0,0.0,0.0,0.0,0.0,0.0,0.0,0.067136,0.039792,0.036092,0.0,0.043295,0.022617,0.043246,0.031478,0.025025,0.0,0.0,0.122877,0.0,0.096777,0.0,0.050201,0.050516,0.05122,0.059531,0.055673,0.0,0.0,0.005768
2020-05-29,0.0,0.0,0.0,0.0,0.0,0.070109,0.0,0.0,0.051892,0.0,0.037352,0.054771,0.0,0.0,0.0,0.0,0.0,0.0,0.0,0.0,0.086021,0.044398,0.054849,0.0,0.041396,0.013268,0.043803,0.019089,0.012626,0.0,0.030842,0.115504,0.0,0.056353,0.0,0.042533,0.043234,0.043072,0.051269,0.079195,0.0,0.0,0.008425
2020-06-01,0.0,0.0,0.0,0.0,0.0,0.07095,0.0,0.0,0.052498,0.0,0.037501,0.055098,0.0,0.0,0.0,0.0,0.0,0.0,0.0,0.0,0.084705,0.044391,0.054928,0.0,0.041158,0.013124,0.044035,0.019373,0.01279,0.0,0.031587,0.115403,0.0,0.056087,0.0,0.042016,0.042982,0.04289,0.051376,0.078728,0.0,0.0,0.008379
2020-06-02,0.0,0.0,0.0,0.0,0.0,0.07218,0.0,0.0,0.052912,0.0,0.037652,0.055072,0.0,0.0,0.0,0.0,0.0,0.0,0.0,0.0,0.084814,0.044803,0.054828,0.0,0.041358,0.013348,0.043869,0.019223,0.012738,0.0,0.031884,0.114142,0.0,0.05555,0.0,0.041676,0.042719,0.042603,0.051652,0.078626,0.0,0.0,0.008352
2020-06-03,0.0,0.0,0.0,0.0,0.0,0.073103,0.0,0.0,0.054012,0.0,0.038311,0.055166,0.0,0.0,0.0,0.0,0.0,0.0,0.0,0.0,0.084532,0.044059,0.054826,0.0,0.041623,0.013714,0.043831,0.019341,0.012834,0.0,0.03246,0.111882,0.0,0.055799,0.0,0.041065,0.042407,0.042405,0.051822,0.07847,0.0,0.0,0.008337
2020-06-04,0.0,0.0,0.0,0.0,0.0,0.072636,0.0,0.0,0.05372,0.0,0.038302,0.055021,0.0,0.0,0.0,0.0,0.0,0.0,0.0,0.0,0.08427,0.04348,0.054825,0.0,0.041481,0.013906,0.043135,0.019075,0.012777,0.0,0.03266,0.113608,0.0,0.056644,0.0,0.040666,0.042444,0.042449,0.051912,0.078611,0.0,0.0,0.008379
2020-06-05,0.0,0.0,0.0,0.0,0.0,0.073226,0.0,0.0,0.054673,0.0,0.038872,0.055422,0.0,0.0,0.0,0.0,0.0,0.0,0.0,0.0,0.084872,0.043445,0.055096,0.0,0.042195,0.014121,0.043392,0.018946,0.012878,0.0,0.033765,0.110319,0.0,0.056264,0.0,0.040019,0.041858,0.042069,0.051938,0.078318,0.0,0.0,0.008309
2020-06-08,0.0,0.0,0.0,0.0,0.0,0.072466,0.0,0.0,0.054611,0.0,0.039164,0.05603,0.0,0.0,0.0,0.0,0.0,0.0,0.0,0.0,0.084805,0.04391,0.055265,0.0,0.042084,0.013985,0.043656,0.019076,0.012801,0.0,0.034575,0.110663,0.0,0.055795,0.0,0.039867,0.041584,0.041839,0.051603,0.07798,0.0,0.0,0.008241
2020-06-09,0.0,0.0,0.0,0.0,0.0,0.07249,0.0,0.0,0.054629,0.0,0.038919,0.05598,0.0,0.0,0.0,0.0,0.0,0.0,0.0,0.0,0.084056,0.043904,0.054899,0.0,0.042349,0.014017,0.043519,0.018957,0.012806,0.0,0.034037,0.111906,0.0,0.055924,0.0,0.040384,0.041799,0.041946,0.051282,0.077938,0.0,0.0,0.008257
2020-06-10,0.0,0.0,0.0,0.0,0.0,0.07302,0.0,0.0,0.055013,0.0,0.038336,0.055495,0.0,0.0,0.0,0.0,0.0,0.0,0.0,0.0,0.08345,0.04371,0.054435,0.0,0.042813,0.013987,0.044029,0.018913,0.012749,0.0,0.034033,0.112867,0.0,0.055366,0.0,0.04075,0.041874,0.042029,0.050918,0.078006,0.0,0.0,0.008209
2020-06-11,0.0,0.0,0.0,0.0,0.0,0.072543,0.0,0.0,0.054377,0.0,0.03751,0.054662,0.0,0.0,0.0,0.0,0.0,0.0,0.0,0.0,0.081374,0.042638,0.054075,0.0,0.041671,0.013525,0.043054,0.018514,0.012414,0.0,0.032611,0.115699,0.0,0.05638,0.0,0.042872,0.04339,0.043411,0.051226,0.079584,0.0,0.0,0.008472
2020-06-12,0.0,0.0,0.0,0.0,0.0,0.073166,0.0,0.0,0.05484,0.0,0.037632,0.054777,0.0,0.0,0.0,0.0,0.0,0.0,0.0,0.0,0.081363,0.042896,0.053728,0.0,0.041932,0.013619,0.04341,0.018531,0.012582,0.0,0.032924,0.115099,0.0,0.056049,0.0,0.042178,0.043008,0.043008,0.051393,0.079443,0.0,0.0,0.00842
2020-06-15,0.0,0.0,0.0,0.0,0.0,0.072689,0.0,0.0,0.054263,0.0,0.037791,0.055368,0.0,0.0,0.0,0.0,0.0,0.0,0.0,0.0,0.08112,0.043877,0.054064,0.0,0.042116,0.01373,0.043968,0.018753,0.012565,0.0,0.032291,0.114294,0.0,0.055429,0.0,0.041981,0.042748,0.042801,0.051621,0.080151,0.0,0.0,0.008378
2020-06-16,0.0,0.0,0.0,0.0,0.0,0.072981,0.0,0.0,0.05409,0.0,0.038258,0.055347,0.0,0.0,0.0,0.0,0.0,0.0,0.0,0.0,0.082413,0.044175,0.054443,0.0,0.042649,0.013879,0.044361,0.018853,0.012689,0.0,0.032985,0.113267,0.0,0.054958,0.0,0.040987,0.042298,0.042417,0.051392,0.079251,0.0,0.0,0.008308
2020-06-17,0.0,0.0,0.0,0.0,0.0,0.073507,0.0,0.0,0.054645,0.0,0.038113,0.055351,0.0,0.0,0.0,0.0,0.0,0.0,0.0,0.0,0.082234,0.044157,0.054297,0.0,0.04259,0.013971,0.044309,0.018899,0.012787,0.0,0.032744,0.11335,0.0,0.054894,0.0,0.041107,0.042314,0.042339,0.051092,0.079004,0.0,0.0,0.008294
2020-06-18,0.0,0.0,0.0,0.0,0.0,0.073746,0.0,0.0,0.054524,0.0,0.037881,0.055395,0.0,0.0,0.0,0.0,0.0,0.0,0.0,0.0,0.081754,0.04452,0.054446,0.0,0.042676,0.013911,0.044832,0.018939,0.012659,0.0,0.032887,0.11285,0.0,0.054597,0.0,0.041441,0.042305,0.042426,0.050948,0.078988,0.0,0.0,0.008274
2020-06-19,0.0,0.0,0.0,0.0,0.0,0.073511,0.0,0.0,0.054117,0.0,0.037512,0.055137,0.0,0.0,0.0,0.0,0.0,0.0,0.0,0.0,0.082379,0.045692,0.054058,0.0,0.042299,0.013817,0.044704,0.018759,0.012618,0.0,0.03315,0.113872,0.0,0.05449,0.0,0.041393,0.042236,0.042426,0.050677,0.078892,0.0,0.0,0.00826
2020-06-22,0.0,0.0,0.0,0.0,0.0,0.074048,0.0,0.0,0.054442,0.0,0.037659,0.054911,0.0,0.0,0.0,0.0,0.0,0.0,0.0,0.0,0.081546,0.046739,0.053565,0.0,0.042825,0.013831,0.045303,0.018857,0.012735,0.0,0.033362,0.113886,0.0,0.054107,0.0,0.041137,0.041932,0.042266,0.050322,0.078319,0.0,0.0,0.008208
2020-06-23,0.0,0.0,0.0,0.0,0.0,0.074813,0.0,0.0,0.054481,0.0,0.037803,0.055045,0.0,0.0,0.0,0.0,0.0,0.0,0.0,0.0,0.081569,0.047266,0.053269,0.0,0.042961,0.013824,0.045074,0.018674,0.0127,0.0,0.033375,0.114385,0.0,0.053971,0.0,0.040693,0.04175,0.04212,0.050193,0.07786,0.0,0.0,0.008174
2020-06-24,0.0,0.0,0.0,0.0,0.0,0.074973,0.0,0.0,0.054834,0.0,0.037396,0.054424,0.0,0.0,0.0,0.0,0.0,0.0,0.0,0.0,0.080354,0.046831,0.052976,0.0,0.042476,0.013677,0.044688,0.018591,0.01259,0.0,0.033188,0.115299,0.0,0.054188,0.0,0.041603,0.042311,0.042546,0.05025,0.078538,0.0,0.0,0.008267
2020-06-25,0.0,0.0,0.0,0.0,0.0,0.07436,0.0,0.0,0.05476,0.0,0.037275,0.054413,0.0,0.0,0.0,0.0,0.0,0.0,0.0,0.0,0.080772,0.047767,0.053107,0.0,0.042823,0.013711,0.045098,0.018717,0.012787,0.0,0.03312,0.114701,0.0,0.05402,0.0,0.041531,0.042124,0.042389,0.050039,0.078261,0.0,0.0,0.008226
2020-06-26,0.0,0.0,0.0,0.0,0.0,0.074598,0.0,0.0,0.05493,0.0,0.036779,0.052554,0.0,0.0,0.0,0.0,0.0,0.0,0.0,0.0,0.080619,0.046678,0.052564,0.0,0.042415,0.013594,0.045167,0.018704,0.012652,0.0,0.033283,0.11641,0.0,0.053524,0.0,0.042412,0.042677,0.042903,0.050078,0.079145,0.0,0.0,0.008313
2020-06-29,0.0,0.0,0.0,0.0,0.0,0.074153,0.0,0.0,0.055044,0.0,0.037266,0.053223,0.0,0.0,0.0,0.0,0.0,0.0,0.0,0.0,0.080886,0.046406,0.053255,0.0,0.042637,0.013665,0.04479,0.01861,0.012721,0.0,0.033468,0.115815,0.0,0.053989,0.0,0.042039,0.042477,0.042709,0.049513,0.079063,0.0,0.0,0.00827
2020-06-30,0.0262,0.0,0.029266,0.0,0.0,0.039561,0.0,0.0,0.0,0.0,0.058494,0.05122,0.0,0.0,0.0,0.0,0.0,0.0,0.0,0.0,0.060998,0.0,0.030973,0.03417,0.029079,0.013915,0.035539,0.035472,0.032476,0.0,0.089865,0.131707,0.0,0.0,0.0,0.048941,0.048912,0.048836,0.05797,0.089272,0.0,0.0,0.007134
2020-07-01,0.026236,0.0,0.029057,0.0,0.0,0.039706,0.0,0.0,0.0,0.0,0.058781,0.05222,0.0,0.0,0.0,0.0,0.0,0.0,0.0,0.0,0.061151,0.0,0.03084,0.034789,0.028976,0.013666,0.035968,0.03577,0.032498,0.0,0.089996,0.130442,0.0,0.0,0.0,0.048595,0.048585,0.048616,0.057852,0.089163,0.0,0.0,0.007094
2020-07-02,0.026468,0.0,0.029078,0.0,0.0,0.040795,0.0,0.0,0.0,0.0,0.058669,0.051746,0.0,0.0,0.0,0.0,0.0,0.0,0.0,0.0,0.061253,0.0,0.030816,0.034676,0.028975,0.013753,0.03584,0.035699,0.032335,0.0,0.090903,0.12996,0.0,0.0,0.0,0.048361,0.048361,0.048466,0.057937,0.08886,0.0,0.0,0.007049
2020-07-03,0.026302,0.0,0.029083,0.0,0.0,0.040802,0.0,0.0,0.0,0.0,0.058679,0.051755,0.0,0.0,0.0,0.0,0.0,0.0,0.0,0.0,0.061263,0.0,0.030822,0.034682,0.02898,0.013755,0.035847,0.035705,0.032341,0.0,0.090918,0.129982,0.0,0.0,0.0,0.04837,0.048369,0.048474,0.057947,0.088875,0.0,0.0,0.007051
2020-07-06,0.026332,0.0,0.028956,0.0,0.0,0.043024,0.0,0.0,0.0,0.0,0.059048,0.051898,0.0,0.0,0.0,0.0,0.0,0.0,0.0,0.0,0.060832,0.0,0.030446,0.033674,0.028985,0.013878,0.035619,0.035338,0.032585,0.0,0.096385,0.128537,0.0,0.0,0.0,0.047352,0.047476,0.047742,0.057371,0.08759,0.0,0.0,0.006932
2020-07-07,0.026337,0.0,0.028744,0.0,0.0,0.042259,0.0,0.0,0.0,0.0,0.058218,0.051836,0.0,0.0,0.0,0.0,0.0,0.0,0.0,0.0,0.060404,0.0,0.030775,0.033594,0.02873,0.013737,0.035467,0.035125,0.0324,0.0,0.097291,0.129563,0.0,0.0,0.0,0.048098,0.047707,0.047833,0.057084,0.087852,0.0,0.0,0.006946
2020-07-08,0.025922,0.0,0.028519,0.0,0.0,0.043764,0.0,0.0,0.0,0.0,0.058419,0.051925,0.0,0.0,0.0,0.0,0.0,0.0,0.0,0.0,0.059979,0.0,0.030479,0.033654,0.02899,0.013824,0.035932,0.035684,0.032485,0.0,0.097916,0.129438,0.0,0.0,0.0,0.047564,0.047293,0.047408,0.056829,0.087084,0.0,0.0,0.006893
2020-07-09,0.025746,0.0,0.028364,0.0,0.0,0.043845,0.0,0.0,0.0,0.0,0.05832,0.05196,0.0,0.0,0.0,0.0,0.0,0.0,0.0,0.0,0.059475,0.0,0.030222,0.033184,0.029079,0.013999,0.036242,0.036224,0.032322,0.0,0.097696,0.129016,0.0,0.0,0.0,0.048294,0.047419,0.047504,0.056673,0.087524,0.0,0.0,0.006891
2020-07-10,0.025896,0.0,0.028608,0.0,0.0,0.043256,0.0,0.0,0.0,0.0,0.058755,0.052625,0.0,0.0,0.0,0.0,0.0,0.0,0.0,0.0,0.059072,0.0,0.030643,0.033661,0.028943,0.013891,0.035881,0.035972,0.032625,0.0,0.099397,0.128115,0.0,0.0,0.0,0.04784,0.047117,0.047245,0.056615,0.086979,0.0,0.0,0.006864
2020-07-13,0.026491,0.0,0.028541,0.0,0.0,0.042885,0.0,0.0,0.0,0.0,0.058177,0.051716,0.0,0.0,0.0,0.0,0.0,0.0,0.0,0.0,0.059577,0.0,0.030685,0.033793,0.028425,0.013702,0.03443,0.034532,0.032023,0.0,0.103109,0.128643,0.0,0.0,0.0,0.048136,0.047303,0.047485,0.056469,0.086998,0.0,0.0,0.006881
2020-07-14,0.025966,0.0,0.028641,0.0,0.0,0.042324,0.0,0.0,0.0,0.0,0.058497,0.051997,0.0,0.0,0.0,0.0,0.0,0.0,0.0,0.0,0.060492,0.0,0.030996,0.033959,0.028626,0.013867,0.034461,0.03472,0.032378,0.0,0.101372,0.128673,0.0,0.0,0.0,0.047993,0.04709,0.047283,0.056699,0.08712,0.0,0.0,0.006847
2020-07-15,0.026309,0.0,0.028891,0.0,0.0,0.042222,0.0,0.0,0.0,0.0,0.059101,0.052103,0.0,0.0,0.0,0.0,0.0,0.0,0.0,0.0,0.061037,0.0,0.0309,0.033693,0.028668,0.013789,0.034386,0.034728,0.032877,0.0,0.100894,0.128283,0.0,0.0,0.0,0.047582,0.046891,0.047072,0.056799,0.086951,0.0,0.0,0.006823
2020-07-16,0.026356,0.0,0.028827,0.0,0.0,0.041264,0.0,0.0,0.0,0.0,0.059422,0.052617,0.0,0.0,0.0,0.0,0.0,0.0,0.0,0.0,0.061432,0.0,0.031217,0.034398,0.028544,0.013848,0.034239,0.034595,0.032579,0.0,0.097412,0.128101,0.0,0.0,0.0,0.048196,0.047306,0.047549,0.057314,0.0879,0.0,0.0,0.006882
2020-07-17,0.026336,0.0,0.028735,0.0,0.0,0.041292,0.0,0.0,0.0,0.0,0.058859,0.052246,0.0,0.0,0.0,0.0,0.0,0.0,0.0,0.0,0.061974,0.0,0.031235,0.035006,0.028545,0.013851,0.034367,0.034914,0.032958,0.0,0.097052,0.128536,0.0,0.0,0.0,0.047864,0.047067,0.047408,0.057196,0.087714,0.0,0.0,0.006845
2020-07-20,0.026239,0.0,0.028494,0.0,0.0,0.041802,0.0,0.0,0.0,0.0,0.059256,0.052393,0.0,0.0,0.0,0.0,0.0,0.0,0.0,0.0,0.061399,0.0,0.030639,0.034233,0.029009,0.013997,0.035329,0.035668,0.032995,0.0,0.098358,0.127981,0.0,0.0,0.0,0.047545,0.04667,0.047041,0.057015,0.087157,0.0,0.0,0.006782
2020-07-21,0.026485,0.0,0.028448,0.0,0.0,0.042035,0.0,0.0,0.0,0.0,0.059221,0.052029,0.0,0.0,0.0,0.0,0.0,0.0,0.0,0.0,0.061227,0.0,0.030839,0.034315,0.028656,0.013896,0.034859,0.03546,0.032989,0.0,0.098148,0.129247,0.0,0.0,0.0,0.047472,0.04662,0.047046,0.057158,0.087085,0.0,0.0,0.006765
2020-07-22,0.026264,0.0,0.028256,0.0,0.0,0.041222,0.0,0.0,0.0,0.0,0.059485,0.05187,0.0,0.0,0.0,0.0,0.0,0.0,0.0,0.0,0.061524,0.0,0.030958,0.034701,0.028768,0.013884,0.034816,0.035305,0.033021,0.0,0.097746,0.130674,0.0,0.0,0.0,0.047419,0.046444,0.046854,0.057039,0.087011,0.0,0.0,0.00674
2020-07-23,0.026428,0.0,0.028215,0.0,0.0,0.041189,0.0,0.0,0.0,0.0,0.058708,0.051127,0.0,0.0,0.0,0.0,0.0,0.0,0.0,0.0,0.061367,0.0,0.031129,0.034809,0.028075,0.013699,0.034128,0.035099,0.033034,0.0,0.09818,0.132086,0.0,0.0,0.0,0.048067,0.046581,0.046968,0.05711,0.087245,0.0,0.0,0.006754
2020-07-24,0.026179,0.0,0.028383,0.0,0.0,0.040907,0.0,0.0,0.0,0.0,0.059225,0.051404,0.0,0.0,0.0,0.0,0.0,0.0,0.0,0.0,0.061117,0.0,0.031307,0.034822,0.02793,0.013578,0.034053,0.034895,0.032916,0.0,0.094535,0.134154,0.0,0.0,0.0,0.048401,0.046885,0.047286,0.057565,0.08766,0.0,0.0,0.0068
2020-07-27,0.026086,0.0,0.028742,0.0,0.0,0.040663,0.0,0.0,0.0,0.0,0.05917,0.051391,0.0,0.0,0.0,0.0,0.0,0.0,0.0,0.0,0.061141,0.0,0.03124,0.034157,0.02817,0.013902,0.034378,0.035197,0.033392,0.0,0.094404,0.135836,0.0,0.0,0.0,0.047881,0.046481,0.046952,0.057293,0.086775,0.0,0.0,0.006749
2020-07-28,0.026226,0.0,0.028585,0.0,0.0,0.040542,0.0,0.0,0.0,0.0,0.058624,0.050896,0.0,0.0,0.0,0.0,0.0,0.0,0.0,0.0,0.061114,0.0,0.031377,0.034697,0.027859,0.013643,0.034108,0.034997,0.032989,0.0,0.094657,0.137062,0.0,0.0,0.0,0.048245,0.046623,0.04707,0.057183,0.086746,0.0,0.0,0.006758
2020-07-29,0.026025,0.0,0.02834,0.0,0.0,0.040929,0.0,0.0,0.0,0.0,0.058681,0.050896,0.0,0.0,0.0,0.0,0.0,0.0,0.0,0.0,0.061194,0.0,0.031136,0.034541,0.028006,0.013797,0.034455,0.035577,0.033008,0.0,0.095743,0.136837,0.0,0.0,0.0,0.047725,0.046259,0.046751,0.056978,0.086426,0.0,0.0,0.006696
2020-07-30,0.025864,0.0,0.027975,0.0,0.0,0.040771,0.0,0.0,0.0,0.0,0.058759,0.051148,0.0,0.0,0.0,0.0,0.0,0.0,0.0,0.0,0.0609,0.0,0.031203,0.034615,0.028223,0.014099,0.034478,0.035936,0.032861,0.0,0.095146,0.136114,0.0,0.0,0.0,0.048142,0.046423,0.046899,0.057221,0.086517,0.0,0.0,0.006707
2020-07-31,0.030786,0.0,0.0,0.0,0.0,0.0,0.0,0.0,0.036396,0.0,0.09992,0.041702,0.0,0.0,0.0,0.0,0.0,0.0,0.037887,0.0,0.035056,0.075746,0.0,0.0,0.026707,0.017735,0.026283,0.014115,0.026522,0.0,0.100236,0.099431,0.0,0.0,0.0,0.036342,0.036609,0.037521,0.032392,0.079565,0.100004,0.0,0.009047
2020-08-03,0.030927,0.0,0.0,0.0,0.0,0.0,0.0,0.0,0.035867,0.0,0.098657,0.041298,0.0,0.0,0.0,0.0,0.0,0.0,0.037276,0.0,0.035044,0.078094,0.0,0.0,0.027076,0.017866,0.026533,0.014122,0.026833,0.0,0.103598,0.098494,0.0,0.0,0.0,0.035778,0.036205,0.037175,0.032058,0.078831,0.099316,0.0,0.008951
2020-08-04,0.030845,0.0,0.0,0.0,0.0,0.0,0.0,0.0,0.036245,0.0,0.098874,0.04132,0.0,0.0,0.0,0.0,0.0,0.0,0.037584,0.0,0.034688,0.077402,0.0,0.0,0.026988,0.018023,0.026339,0.014036,0.026832,0.0,0.103079,0.100006,0.0,0.0,0.0,0.035909,0.036118,0.037042,0.031861,0.078663,0.099246,0.0,0.008901
2020-08-05,0.030955,0.0,0.0,0.0,0.0,0.0,0.0,0.0,0.036405,0.0,0.099443,0.040994,0.0,0.0,0.0,0.0,0.0,0.0,0.037892,0.0,0.034626,0.077465,0.0,0.0,0.026916,0.01789,0.02628,0.01404,0.026938,0.0,0.104361,0.100293,0.0,0.0,0.0,0.035369,0.035769,0.036824,0.031714,0.078056,0.098927,0.0,0.008845
2020-08-06,0.030704,0.0,0.0,0.0,0.0,0.0,0.0,0.0,0.03637,0.0,0.09957,0.041923,0.0,0.0,0.0,0.0,0.0,0.0,0.037597,0.0,0.034317,0.076796,0.0,0.0,0.027196,0.017817,0.02627,0.013866,0.026902,0.0,0.10415,0.10126,0.0,0.0,0.0,0.035439,0.035681,0.036732,0.031671,0.078107,0.098822,0.0,0.008811
2020-08-07,0.030964,0.0,0.0,0.0,0.0,0.0,0.0,0.0,0.036106,0.0,0.100155,0.042057,0.0,0.0,0.0,0.0,0.0,0.0,0.03789,0.0,0.034578,0.077206,0.0,0.0,0.026908,0.017696,0.025792,0.013683,0.026918,0.0,0.104195,0.100087,0.0,0.0,0.0,0.035356,0.035761,0.036793,0.031731,0.078228,0.099046,0.0,0.008849
2020-08-10,0.030967,0.0,0.0,0.0,0.0,0.0,0.0,0.0,0.036289,0.0,0.101285,0.041888,0.0,0.0,0.0,0.0,0.0,0.0,0.038233,0.0,0.034438,0.077148,0.0,0.0,0.026815,0.017683,0.025402,0.013493,0.02693,0.0,0.104453,0.099673,0.0,0.0,0.0,0.035175,0.035699,0.036725,0.031724,0.078007,0.099127,0.0,0.008847
2020-08-11,0.031675,0.0,0.0,0.0,0.0,0.0,0.0,0.0,0.03631,0.0,0.102337,0.041775,0.0,0.0,0.0,0.0,0.0,0.0,0.038638,0.0,0.034644,0.074997,0.0,0.0,0.026658,0.017715,0.025223,0.013546,0.027326,0.0,0.105857,0.095489,0.0,0.0,0.0,0.035187,0.036017,0.037097,0.031827,0.078476,0.100249,0.0,0.008956
2020-08-12,0.031627,0.0,0.0,0.0,0.0,0.0,0.0,0.0,0.036455,0.0,0.103077,0.04202,0.0,0.0,0.0,0.0,0.0,0.0,0.038636,0.0,0.035016,0.074789,0.0,0.0,0.027101,0.018179,0.025358,0.013512,0.027885,0.0,0.106709,0.094478,0.0,0.0,0.0,0.034659,0.035697,0.0369,0.031645,0.077816,0.099539,0.0,0.008901
2020-08-13,0.031613,0.0,0.0,0.0,0.0,0.0,0.0,0.0,0.036093,0.0,0.10294,0.042194,0.0,0.0,0.0,0.0,0.0,0.0,0.038595,0.0,0.034939,0.075749,0.0,0.0,0.027089,0.017982,0.025668,0.013543,0.027767,0.0,0.105899,0.096621,0.0,0.0,0.0,0.034258,0.035591,0.036773,0.03153,0.077043,0.099222,0.0,0.008891
2020-08-14,0.031614,0.0,0.0,0.0,0.0,0.0,0.0,0.0,0.036326,0.0,0.103254,0.042318,0.0,0.0,0.0,0.0,0.0,0.0,0.038759,0.0,0.034979,0.075275,0.0,0.0,0.027154,0.018027,0.025617,0.013495,0.027812,0.0,0.105569,0.096505,0.0,0.0,0.0,0.03423,0.03572,0.036825,0.031572,0.076943,0.099085,0.0,0.00892
2020-08-17,0.031387,0.0,0.0,0.0,0.0,0.0,0.0,0.0,0.036564,0.0,0.103479,0.04192,0.0,0.0,0.0,0.0,0.0,0.0,0.038521,0.0,0.034813,0.077089,0.0,0.0,0.027047,0.018037,0.025653,0.013415,0.028009,0.0,0.105951,0.097557,0.0,0.0,0.0,0.033954,0.035401,0.036515,0.031424,0.076287,0.098151,0.0,0.008827
2020-08-18,0.031419,0.0,0.0,0.0,0.0,0.0,0.0,0.0,0.036175,0.0,0.103987,0.042244,0.0,0.0,0.0,0.0,0.0,0.0,0.038312,0.0,0.034759,0.076315,0.0,0.0,0.027113,0.017919,0.025925,0.013513,0.027871,0.0,0.105381,0.09831,0.0,0.0,0.0,0.034153,0.035417,0.036631,0.031433,0.076409,0.097896,0.0,0.008816
2020-08-19,0.031766,0.0,0.0,0.0,0.0,0.0,0.0,0.0,0.035944,0.0,0.104303,0.042453,0.0,0.0,0.0,0.0,0.0,0.0,0.0385,0.0,0.034916,0.07678,0.0,0.0,0.027291,0.017956,0.026103,0.013641,0.02781,0.0,0.104228,0.095948,0.0,0.0,0.0,0.034204,0.035646,0.036805,0.031588,0.0768,0.098432,0.0,0.008884
2020-08-20,0.031468,0.0,0.0,0.0,0.0,0.0,0.0,0.0,0.035197,0.0,0.104093,0.04296,0.0,0.0,0.0,0.0,0.0,0.0,0.038345,0.0,0.034788,0.076729,0.0,0.0,0.027641,0.017788,0.026607,0.013805,0.027673,0.0,0.103163,0.096564,0.0,0.0,0.0,0.034496,0.035731,0.036752,0.031677,0.077034,0.09861,0.0,0.00888
2020-08-21,0.031487,0.0,0.0,0.0,0.0,0.0,0.0,0.0,0.035522,0.0,0.104644,0.042776,0.0,0.0,0.0,0.0,0.0,0.0,0.038128,0.0,0.034828,0.075794,0.0,0.0,0.027996,0.017911,0.026429,0.013702,0.027553,0.0,0.103396,0.095803,0.0,0.0,0.0,0.034707,0.035762,0.036882,0.031677,0.077185,0.098936,0.0,0.008881
2020-08-24,0.031717,0.0,0.0,0.0,0.0,0.0,0.0,0.0,0.035587,0.0,0.105831,0.043133,0.0,0.0,0.0,0.0,0.0,0.0,0.038653,0.0,0.034537,0.073705,0.0,0.0,0.028131,0.018028,0.026412,0.013732,0.027715,0.0,0.104942,0.0949,0.0,0.0,0.0,0.03452,0.035577,0.036816,0.031702,0.076758,0.098761,0.0,0.008843
2020-08-25,0.031677,0.0,0.0,0.0,0.0,0.0,0.0,0.0,0.035832,0.0,0.105936,0.04344,0.0,0.0,0.0,0.0,0.0,0.0,0.038411,0.0,0.034691,0.07442,0.0,0.0,0.028208,0.018161,0.026642,0.013746,0.027651,0.0,0.105299,0.094796,0.0,0.0,0.0,0.034176,0.03541,0.036719,0.031663,0.076249,0.098049,0.0,0.008823
2020-08-26,0.031772,0.0,0.0,0.0,0.0,0.0,0.0,0.0,0.035838,0.0,0.106361,0.044663,0.0,0.0,0.0,0.0,0.0,0.0,0.03859,0.0,0.034448,0.073075,0.0,0.0,0.028614,0.018114,0.027922,0.013908,0.027582,0.0,0.104797,0.09536,0.0,0.0,0.0,0.033848,0.03519,0.036578,0.031475,0.075835,0.097256,0.0,0.008773
2020-08-27,0.032074,0.0,0.0,0.0,0.0,0.0,0.0,0.0,0.035543,0.0,0.106279,0.044325,0.0,0.0,0.0,0.0,0.0,0.0,0.038665,0.0,0.03488,0.07282,0.0,0.0,0.028771,0.017991,0.027925,0.013872,0.027394,0.0,0.10629,0.094695,0.0,0.0,0.0,0.033427,0.035229,0.036603,0.031573,0.07558,0.09725,0.0,0.008814
2020-08-28,0.031859,0.0,0.0,0.0,0.0,0.0,0.0,0.0,0.035419,0.0,0.106177,0.044098,0.0,0.0,0.0,0.0,0.0,0.0,0.038832,0.0,0.034696,0.072892,0.0,0.0,0.028806,0.018186,0.027979,0.013822,0.027503,0.0,0.106711,0.095621,0.0,0.0,0.0,0.033152,0.035023,0.036445,0.031363,0.075244,0.097424,0.0,0.008748
2020-08-31,0.0,0.0,0.0,0.0,0.0,0.0,0.0,0.0,0.087949,0.0,0.088985,0.044447,0.0,0.0,0.0,0.0,0.0,0.0,0.046735,0.049999,0.074344,0.0,0.043548,0.0,0.021371,0.020998,0.012674,0.021524,0.021687,0.0,0.089076,0.081331,0.0,0.0,0.0,0.033352,0.032978,0.032521,0.049711,0.049635,0.088889,0.0,0.008246
2020-09-01,0.0,0.0,0.0,0.0,0.0,0.0,0.0,0.0,0.088272,0.0,0.08893,0.044322,0.0,0.0,0.0,0.0,0.0,0.0,0.047522,0.050928,0.07287,0.0,0.043117,0.0,0.02154,0.02118,0.012872,0.021867,0.021758,0.0,0.09052,0.080535,0.0,0.0,0.0,0.033364,0.032723,0.032183,0.049434,0.049401,0.088507,0.0,0.008154
2020-09-02,0.0,0.0,0.0,0.0,0.0,0.0,0.0,0.0,0.088058,0.0,0.089482,0.044925,0.0,0.0,0.0,0.0,0.0,0.0,0.048234,0.050688,0.07377,0.0,0.043568,0.0,0.021568,0.021629,0.012841,0.021929,0.022097,0.0,0.089792,0.078878,0.0,0.0,0.0,0.033427,0.032522,0.031953,0.049119,0.049223,0.088202,0.0,0.008094
2020-09-03,0.0,0.0,0.0,0.0,0.0,0.0,0.0,0.0,0.088736,0.0,0.088633,0.044399,0.0,0.0,0.0,0.0,0.0,0.0,0.04798,0.049746,0.073411,0.0,0.043802,0.0,0.020806,0.020893,0.012421,0.021167,0.021705,0.0,0.087853,0.080037,0.0,0.0,0.0,0.034293,0.033313,0.032574,0.049936,0.050244,0.089772,0.0,0.008279
2020-09-04,0.0,0.0,0.0,0.0,0.0,0.0,0.0,0.0,0.08944,0.0,0.088165,0.043864,0.0,0.0,0.0,0.0,0.0,0.0,0.048314,0.048941,0.073349,0.0,0.04398,0.0,0.020646,0.020807,0.012133,0.020793,0.02177,0.0,0.088731,0.080768,0.0,0.0,0.0,0.033855,0.033338,0.03268,0.050116,0.050026,0.089954,0.0,0.00833
2020-09-07,0.0,0.0,0.0,0.0,0.0,0.0,0.0,0.0,0.08944,0.0,0.088165,0.043864,0.0,0.0,0.0,0.0,0.0,0.0,0.048314,0.048941,0.073349,0.0,0.04398,0.0,0.020646,0.020807,0.012133,0.020793,0.02177,0.0,0.088731,0.080768,0.0,0.0,0.0,0.033855,0.033338,0.03268,0.050116,0.050026,0.089953,0.0,0.008332
2020-09-08,0.0,0.0,0.0,0.0,0.0,0.0,0.0,0.0,0.09052,0.0,0.088179,0.043281,0.0,0.0,0.0,0.0,0.0,0.0,0.048044,0.049365,0.073112,0.0,0.043632,0.0,0.019978,0.020101,0.011869,0.020582,0.021751,0.0,0.085864,0.081696,0.0,0.0,0.0,0.034521,0.033859,0.033151,0.050507,0.050747,0.090801,0.0,0.008441
2020-09-09,0.0,0.0,0.0,0.0,0.0,0.0,0.0,0.0,0.090061,0.0,0.088724,0.043254,0.0,0.0,0.0,0.0,0.0,0.0,0.048669,0.050335,0.07348,0.0,0.043714,0.0,0.020373,0.020391,0.012055,0.020708,0.021958,0.0,0.085757,0.081462,0.0,0.0,0.0,0.034,0.033421,0.032756,0.05027,0.050149,0.090124,0.0,0.008338
2020-09-10,0.0,0.0,0.0,0.0,0.0,0.0,0.0,0.0,0.090309,0.0,0.088149,0.042953,0.0,0.0,0.0,0.0,0.0,0.0,0.048595,0.050437,0.07293,0.0,0.04352,0.0,0.020072,0.020275,0.012,0.020602,0.021872,0.0,0.085216,0.081846,0.0,0.0,0.0,0.034445,0.033728,0.033046,0.050431,0.050586,0.090585,0.0,0.008403
2020-09-11,0.0,0.0,0.0,0.0,0.0,0.0,0.0,0.0,0.090188,0.0,0.088005,0.042683,0.0,0.0,0.0,0.0,0.0,0.0,0.049061,0.051107,0.072987,0.0,0.043627,0.0,0.019856,0.020206,0.011794,0.020411,0.02186,0.0,0.086076,0.081585,0.0,0.0,0.0,0.03441,0.033675,0.032923,0.050374,0.050464,0.090332,0.0,0.008378
2020-09-14,0.0,0.0,0.0,0.0,0.0,0.0,0.0,0.0,0.090583,0.0,0.087941,0.042366,0.0,0.0,0.0,0.0,0.0,0.0,0.049211,0.051362,0.073203,0.0,0.043417,0.0,0.020045,0.020379,0.011877,0.020461,0.022081,0.0,0.088479,0.081306,0.0,0.0,0.0,0.034022,0.033267,0.032533,0.049756,0.050023,0.089405,0.0,0.008282
2020-09-15,0.0,0.0,0.0,0.0,0.0,0.0,0.0,0.0,0.09108,0.0,0.088034,0.042817,0.0,0.0,0.0,0.0,0.0,0.0,0.0491,0.050395,0.072781,0.0,0.04305,0.0,0.0201,0.020584,0.012005,0.020494,0.022172,0.0,0.091402,0.080537,0.0,0.0,0.0,0.033699,0.033015,0.032326,0.049538,0.049724,0.088922,0.0,0.008225
2020-09-16,0.0,0.0,0.0,0.0,0.0,0.0,0.0,0.0,0.091187,0.0,0.087646,0.042404,0.0,0.0,0.0,0.0,0.0,0.0,0.049195,0.051754,0.072743,0.0,0.042909,0.0,0.019812,0.020415,0.011836,0.02047,0.022126,0.0,0.091147,0.08086,0.0,0.0,0.0,0.033638,0.033035,0.032364,0.049597,0.049815,0.088814,0.0,0.008233
2020-09-17,0.0,0.0,0.0,0.0,0.0,0.0,0.0,0.0,0.091175,0.0,0.086764,0.041793,0.0,0.0,0.0,0.0,0.0,0.0,0.049758,0.05121,0.072797,0.0,0.042809,0.0,0.019728,0.020487,0.011736,0.02034,0.02212,0.0,0.092129,0.080742,0.0,0.0,0.0,0.033877,0.03318,0.032513,0.049744,0.050028,0.088804,0.0,0.008266
2020-09-18,0.0,0.0,0.0,0.0,0.0,0.0,0.0,0.0,0.091408,0.0,0.085946,0.04158,0.0,0.0,0.0,0.0,0.0,0.0,0.049125,0.050953,0.073017,0.0,0.042609,0.0,0.019476,0.020258,0.011727,0.02042,0.022067,0.0,0.093233,0.081215,0.0,0.0,0.0,0.033925,0.0333,0.032633,0.049846,0.050163,0.088796,0.0,0.008304
2020-09-21,0.0,0.0,0.0,0.0,0.0,0.0,0.0,0.0,0.092047,0.0,0.085674,0.041563,0.0,0.0,0.0,0.0,0.0,0.0,0.048015,0.050603,0.072489,0.0,0.042768,0.0,0.019862,0.020453,0.012072,0.020775,0.021895,0.0,0.092084,0.080495,0.0,0.0,0.0,0.034488,0.033742,0.032946,0.05001,0.050689,0.088933,0.0,0.008397
2020-09-22,0.0,0.0,0.0,0.0,0.0,0.0,0.0,0.0,0.09086,0.0,0.087148,0.042204,0.0,0.0,0.0,0.0,0.0,0.0,0.047921,0.05199,0.072056,0.0,0.042855,0.0,0.020099,0.020585,0.012277,0.021091,0.02199,0.0,0.091064,0.079797,0.0,0.0,0.0,0.034328,0.033613,0.03283,0.049991,0.050524,0.088408,0.0,0.008367
2020-09-23,0.0,0.0,0.0,0.0,0.0,0.0,0.0,0.0,0.090899,0.0,0.087397,0.042003,0.0,0.0,0.0,0.0,0.0,0.0,0.047424,0.05092,0.07271,0.0,0.043037,0.0,0.019854,0.020503,0.012175,0.020983,0.022222,0.0,0.088415,0.079601,0.0,0.0,0.0,0.035047,0.034271,0.033438,0.050453,0.05114,0.088977,0.0,0.008531
2020-09-24,0.0,0.0,0.0,0.0,0.0,0.0,0.0,0.0,0.089576,0.0,0.087463,0.042133,0.0,0.0,0.0,0.0,0.0,0.0,0.04782,0.051513,0.072432,0.0,0.043406,0.0,0.019989,0.020701,0.01214,0.020734,0.022207,0.0,0.087369,0.079992,0.0,0.0,0.0,0.035223,0.034328,0.033502,0.050543,0.051072,0.089318,0.0,0.008541
2020-09-25,0.0,0.0,0.0,0.0,0.0,0.0,0.0,0.0,0.089228,0.0,0.088014,0.042411,0.0,0.0,0.0,0.0,0.0,0.0,0.047924,0.051152,0.073108,0.0,0.043345,0.0,0.020331,0.020846,0.0124,0.021041,0.022372,0.0,0.087722,0.079234,0.0,0.0,0.0,0.034989,0.034128,0.033324,0.050117,0.05068,0.089153,0.0,0.008481
2020-09-28,0.0,0.0,0.0,0.0,0.0,0.0,0.0,0.0,0.090106,0.0,0.088711,0.04243,0.0,0.0,0.0,0.0,0.0,0.0,0.04808,0.052402,0.072829,0.0,0.043275,0.0,0.020456,0.021147,0.01238,0.021008,0.022413,0.0,0.087964,0.079013,0.0,0.0,0.0,0.034445,0.033688,0.032968,0.049801,0.050288,0.088218,0.0,0.008374
2020-09-29,0.0,0.0,0.0,0.0,0.0,0.0,0.0,0.0,0.090201,0.0,0.087897,0.042412,0.0,0.0,0.0,0.0,0.0,0.0,0.047655,0.05175,0.072634,0.0,0.042929,0.0,0.020358,0.021167,0.012324,0.020942,0.022657,0.0,0.090252,0.079565,0.0,0.0,0.0,0.034436,0.033665,0.032975,0.049772,0.050153,0.087893,0.0,0.008364
2020-09-30,0.034958,0.0,0.0,0.0,0.0,0.0,0.0,0.0,0.0,0.0,0.134491,0.061031,0.0,0.0,0.0,0.0,0.0,0.134971,0.047548,0.077498,0.0,0.0,0.0,0.0,0.034178,0.026811,0.031281,0.021795,0.036304,0.0,0.105898,0.0,0.105178,0.0,0.134944,0.0,0.0,0.0,0.0,0.0,0.0,0.0,0.013113
2020-10-01,0.03482,0.0,0.0,0.0,0.0,0.0,0.0,0.0,0.0,0.0,0.135105,0.061385,0.0,0.0,0.0,0.0,0.0,0.133596,0.046482,0.078354,0.0,0.0,0.0,0.0,0.034248,0.027155,0.031617,0.021966,0.036477,0.0,0.106294,0.0,0.106464,0.0,0.133037,0.0,0.0,0.0,0.0,0.0,0.0,0.0,0.013
2020-10-02,0.034703,0.0,0.0,0.0,0.0,0.0,0.0,0.0,0.0,0.0,0.135,0.060381,0.0,0.0,0.0,0.0,0.0,0.135005,0.04706,0.079061,0.0,0.0,0.0,0.0,0.033496,0.026432,0.0311,0.02179,0.036266,0.0,0.105426,0.0,0.107027,0.0,0.134211,0.0,0.0,0.0,0.0,0.0,0.0,0.0,0.013043
2020-10-05,0.034586,0.0,0.0,0.0,0.0,0.0,0.0,0.0,0.0,0.0,0.134666,0.060422,0.0,0.0,0.0,0.0,0.0,0.135174,0.047216,0.077743,0.0,0.0,0.0,0.0,0.0337,0.026836,0.03109,0.021812,0.036075,0.0,0.10615,0.0,0.107702,0.0,0.133983,0.0,0.0,0.0,0.0,0.0,0.0,0.0,0.012845
2020-10-06,0.035239,0.0,0.0,0.0,0.0,0.0,0.0,0.0,0.0,0.0,0.134299,0.060105,0.0,0.0,0.0,0.0,0.0,0.136165,0.047373,0.07759,0.0,0.0,0.0,0.0,0.033711,0.027138,0.031347,0.022156,0.036551,0.0,0.107251,0.0,0.105128,0.0,0.132895,0.0,0.0,0.0,0.0,0.0,0.0,0.0,0.013052
2020-10-07,0.034597,0.0,0.0,0.0,0.0,0.0,0.0,0.0,0.0,0.0,0.134805,0.059415,0.0,0.0,0.0,0.0,0.0,0.137189,0.047686,0.076984,0.0,0.0,0.0,0.0,0.033689,0.027141,0.031457,0.022067,0.036467,0.0,0.107419,0.0,0.104875,0.0,0.133405,0.0,0.0,0.0,0.0,0.0,0.0,0.0,0.012803
2020-10-08,0.034536,0.0,0.0,0.0,0.0,0.0,0.0,0.0,0.0,0.0,0.134625,0.059716,0.0,0.0,0.0,0.0,0.0,0.136883,0.04779,0.078356,0.0,0.0,0.0,0.0,0.033598,0.027262,0.031236,0.021954,0.036295,0.0,0.107013,0.0,0.104477,0.0,0.133558,0.0,0.0,0.0,0.0,0.0,0.0,0.0,0.012703
2020-10-09,0.03434,0.0,0.0,0.0,0.0,0.0,0.0,0.0,0.0,0.0,0.133788,0.059086,0.0,0.0,0.0,0.0,0.0,0.13573,0.047367,0.077679,0.0,0.0,0.0,0.0,0.03355,0.027285,0.031293,0.021892,0.036045,0.0,0.10752,0.0,0.108456,0.0,0.133471,0.0,0.0,0.0,0.0,0.0,0.0,0.0,0.012498
2020-10-12,0.034579,0.0,0.0,0.0,0.0,0.0,0.0,0.0,0.0,0.0,0.134789,0.060294,0.0,0.0,0.0,0.0,0.0,0.135188,0.047017,0.077648,0.0,0.0,0.0,0.0,0.034268,0.027531,0.031579,0.022164,0.036134,0.0,0.107328,0.0,0.107464,0.0,0.131593,0.0,0.0,0.0,0.0,0.0,0.0,0.0,0.012423
2020-10-13,0.034757,0.0,0.0,0.0,0.0,0.0,0.0,0.0,0.0,0.0,0.135796,0.060816,0.0,0.0,0.0,0.0,0.0,0.135162,0.046956,0.077564,0.0,0.0,0.0,0.0,0.03431,0.027693,0.032074,0.022489,0.036411,0.0,0.108076,0.0,0.10439,0.0,0.130986,0.0,0.0,0.0,0.0,0.0,0.0,0.0,0.01252
2020-10-14,0.034659,0.0,0.0,0.0,0.0,0.0,0.0,0.0,0.0,0.0,0.134338,0.060109,0.0,0.0,0.0,0.0,0.0,0.136439,0.047108,0.077459,0.0,0.0,0.0,0.0,0.034139,0.02759,0.03186,0.022401,0.036386,0.0,0.108061,0.0,0.104656,0.0,0.132273,0.0,0.0,0.0,0.0,0.0,0.0,0.0,0.012522
2020-10-15,0.034149,0.0,0.0,0.0,0.0,0.0,0.0,0.0,0.0,0.0,0.134827,0.059644,0.0,0.0,0.0,0.0,0.0,0.137602,0.046969,0.078382,0.0,0.0,0.0,0.0,0.033983,0.027514,0.031742,0.022244,0.035948,0.0,0.107827,0.0,0.104881,0.0,0.131767,0.0,0.0,0.0,0.0,0.0,0.0,0.0,0.012521
2020-10-16,0.034692,0.0,0.0,0.0,0.0,0.0,0.0,0.0,0.0,0.0,0.134343,0.059984,0.0,0.0,0.0,0.0,0.0,0.136552,0.047559,0.077988,0.0,0.0,0.0,0.0,0.034073,0.027535,0.032037,0.022349,0.03616,0.0,0.106849,0.0,0.104668,0.0,0.132621,0.0,0.0,0.0,0.0,0.0,0.0,0.0,0.01259
2020-10-19,0.034831,0.0,0.0,0.0,0.0,0.0,0.0,0.0,0.0,0.0,0.133865,0.05943,0.0,0.0,0.0,0.0,0.0,0.136196,0.047422,0.076968,0.0,0.0,0.0,0.0,0.033744,0.027638,0.032016,0.022304,0.036429,0.0,0.106437,0.0,0.106348,0.0,0.133669,0.0,0.0,0.0,0.0,0.0,0.0,0.0,0.012702
2020-10-20,0.034154,0.0,0.0,0.0,0.0,0.0,0.0,0.0,0.0,0.0,0.133199,0.059087,0.0,0.0,0.0,0.0,0.0,0.136265,0.046919,0.076604,0.0,0.0,0.0,0.0,0.033424,0.027238,0.031431,0.021813,0.036296,0.0,0.107949,0.0,0.107024,0.0,0.136059,0.0,0.0,0.0,0.0,0.0,0.0,0.0,0.012537
2020-10-21,0.034149,0.0,0.0,0.0,0.0,0.0,0.0,0.0,0.0,0.0,0.132592,0.060133,0.0,0.0,0.0,0.0,0.0,0.134835,0.046782,0.074381,0.0,0.0,0.0,0.0,0.033404,0.027079,0.031401,0.021521,0.036129,0.0,0.107185,0.0,0.108376,0.0,0.139485,0.0,0.0,0.0,0.0,0.0,0.0,0.0,0.012548
2020-10-22,0.034113,0.0,0.0,0.0,0.0,0.0,0.0,0.0,0.0,0.0,0.133188,0.060675,0.0,0.0,0.0,0.0,0.0,0.13534,0.047154,0.072672,0.0,0.0,0.0,0.0,0.033328,0.027156,0.031336,0.021531,0.036305,0.0,0.108132,0.0,0.107102,0.0,0.139389,0.0,0.0,0.0,0.0,0.0,0.0,0.0,0.012578
2020-10-23,0.034102,0.0,0.0,0.0,0.0,0.0,0.0,0.0,0.0,0.0,0.133663,0.060931,0.0,0.0,0.0,0.0,0.0,0.136275,0.047082,0.073865,0.0,0.0,0.0,0.0,0.03312,0.026921,0.031432,0.021468,0.036118,0.0,0.106514,0.0,0.106457,0.0,0.13954,0.0,0.0,0.0,0.0,0.0,0.0,0.0,0.012513
2020-10-26,0.034183,0.0,0.0,0.0,0.0,0.0,0.0,0.0,0.0,0.0,0.133762,0.060809,0.0,0.0,0.0,0.0,0.0,0.135657,0.046839,0.072609,0.0,0.0,0.0,0.0,0.03306,0.026874,0.031278,0.02149,0.036066,0.0,0.108527,0.0,0.10706,0.0,0.139017,0.0,0.0,0.0,0.0,0.0,0.0,0.0,0.012767
2020-10-27,0.034232,0.0,0.0,0.0,0.0,0.0,0.0,0.0,0.0,0.0,0.133786,0.061239,0.0,0.0,0.0,0.0,0.0,0.13378,0.046425,0.071389,0.0,0.0,0.0,0.0,0.033247,0.026786,0.031585,0.021504,0.036216,0.0,0.110298,0.0,0.107698,0.0,0.139043,0.0,0.0,0.0,0.0,0.0,0.0,0.0,0.012773
2020-10-28,0.034325,0.0,0.0,0.0,0.0,0.0,0.0,0.0,0.0,0.0,0.133647,0.060692,0.0,0.0,0.0,0.0,0.0,0.132114,0.046538,0.073174,0.0,0.0,0.0,0.0,0.032842,0.026727,0.031444,0.02154,0.036311,0.0,0.112237,0.0,0.106454,0.0,0.138781,0.0,0.0,0.0,0.0,0.0,0.0,0.0,0.013175
2020-10-29,0.033889,0.0,0.0,0.0,0.0,0.0,0.0,0.0,0.0,0.0,0.13291,0.061489,0.0,0.0,0.0,0.0,0.0,0.133458,0.046941,0.071728,0.0,0.0,0.0,0.0,0.032996,0.027082,0.03125,0.021187,0.036363,0.0,0.113859,0.0,0.104862,0.0,0.13896,0.0,0.0,0.0,0.0,0.0,0.0,0.0,0.013026
2020-10-30,0.0,0.0,0.0,0.0,0.0,0.0,0.0,0.087615,0.04341,0.030363,0.143224,0.0,0.0,0.0,0.0,0.0,0.0,0.099434,0.014271,0.143574,0.0,0.011062,0.0,0.0,0.009968,0.040406,0.035499,0.0,0.075292,0.0,0.143736,0.0,0.03714,0.0,0.07285,0.0,0.0,0.0,0.0,0.0,0.0,0.0,0.012155
2020-11-02,0.0,0.0,0.0,0.0,0.0,0.0,0.0,0.086592,0.043155,0.030436,0.142137,0.0,0.0,0.0,0.0,0.0,0.0,0.098594,0.01453,0.145909,0.0,0.0109,0.0,0.0,0.009847,0.039958,0.034754,0.0,0.074834,0.0,0.146561,0.0,0.037296,0.0,0.072519,0.0,0.0,0.0,0.0,0.0,0.0,0.0,0.011977
2020-11-03,0.0,0.0,0.0,0.0,0.0,0.0,0.0,0.085609,0.042843,0.030516,0.142559,0.0,0.0,0.0,0.0,0.0,0.0,0.099686,0.014482,0.145539,0.0,0.010987,0.0,0.0,0.009834,0.039952,0.034826,0.0,0.075279,0.0,0.145828,0.0,0.03665,0.0,0.073658,0.0,0.0,0.0,0.0,0.0,0.0,0.0,0.011752
2020-11-04,0.0,0.0,0.0,0.0,0.0,0.0,0.0,0.086309,0.042717,0.03058,0.142991,0.0,0.0,0.0,0.0,0.0,0.0,0.09644,0.013981,0.150227,0.0,0.011455,0.0,0.0,0.010034,0.040611,0.035855,0.0,0.075147,0.0,0.145028,0.0,0.035675,0.0,0.071409,0.0,0.0,0.0,0.0,0.0,0.0,0.0,0.01154
2020-11-05,0.0,0.0,0.0,0.0,0.0,0.0,0.0,0.084996,0.041841,0.030434,0.14173,0.0,0.0,0.0,0.0,0.0,0.0,0.096172,0.014148,0.146182,0.0,0.011127,0.0,0.0,0.010059,0.041256,0.035661,0.0,0.075093,0.0,0.151801,0.0,0.03682,0.0,0.07146,0.0,0.0,0.0,0.0,0.0,0.0,0.0,0.01122
2020-11-06,0.0,0.0,0.0,0.0,0.0,0.0,0.0,0.085933,0.041949,0.030394,0.141578,0.0,0.0,0.0,0.0,0.0,0.0,0.095787,0.014211,0.142686,0.0,0.010879,0.0,0.0,0.010114,0.04201,0.035999,0.0,0.075062,0.0,0.151633,0.0,0.037173,0.0,0.073354,0.0,0.0,0.0,0.0,0.0,0.0,0.0,0.011239
2020-11-09,0.0,0.0,0.0,0.0,0.0,0.0,0.0,0.088087,0.042402,0.030737,0.14132,0.0,0.0,0.0,0.0,0.0,0.0,0.098269,0.014551,0.13292,0.0,0.01094,0.0,0.0,0.010055,0.041581,0.03475,0.0,0.077034,0.0,0.156113,0.0,0.035208,0.0,0.074779,0.0,0.0,0.0,0.0,0.0,0.0,0.0,0.011255
2020-11-10,0.0,0.0,0.0,0.0,0.0,0.0,0.0,0.087147,0.042262,0.03108,0.141096,0.0,0.0,0.0,0.0,0.0,0.0,0.100232,0.014752,0.139792,0.0,0.011106,0.0,0.0,0.009887,0.040413,0.033693,0.0,0.075092,0.0,0.152739,0.0,0.035168,0.0,0.074265,0.0,0.0,0.0,0.0,0.0,0.0,0.0,0.011277
2020-11-11,0.0,0.0,0.0,0.0,0.0,0.0,0.0,0.087175,0.042649,0.031311,0.141514,0.0,0.0,0.0,0.0,0.0,0.0,0.098825,0.014448,0.141255,0.0,0.011197,0.0,0.0,0.010064,0.041628,0.034437,0.0,0.075788,0.0,0.149861,0.0,0.035106,0.0,0.073525,0.0,0.0,0.0,0.0,0.0,0.0,0.0,0.011216
2020-11-12,0.0,0.0,0.0,0.0,0.0,0.0,0.0,0.086834,0.042858,0.031285,0.140861,0.0,0.0,0.0,0.0,0.0,0.0,0.098353,0.01427,0.13984,0.0,0.011303,0.0,0.0,0.010063,0.041481,0.034667,0.0,0.075906,0.0,0.151289,0.0,0.035466,0.0,0.074211,0.0,0.0,0.0,0.0,0.0,0.0,0.0,0.011314
2020-11-13,0.0,0.0,0.0,0.0,0.0,0.0,0.0,0.086727,0.042662,0.031471,0.140611,0.0,0.0,0.0,0.0,0.0,0.0,0.098734,0.014259,0.140316,0.0,0.01122,0.0,0.0,0.009968,0.041245,0.03418,0.0,0.075804,0.0,0.152114,0.0,0.035378,0.0,0.074198,0.0,0.0,0.0,0.0,0.0,0.0,0.0,0.011113
2020-11-16,0.0,0.0,0.0,0.0,0.0,0.0,0.0,0.086237,0.042757,0.031546,0.140143,0.0,0.0,0.0,0.0,0.0,0.0,0.099577,0.014304,0.139706,0.0,0.011091,0.0,0.0,0.009901,0.041586,0.0336,0.0,0.075994,0.0,0.151837,0.0,0.034987,0.0,0.075801,0.0,0.0,0.0,0.0,0.0,0.0,0.0,0.010933
2020-11-17,0.0,0.0,0.0,0.0,0.0,0.0,0.0,0.086319,0.04286,0.031607,0.13991,0.0,0.0,0.0,0.0,0.0,0.0,0.100164,0.014288,0.139943,0.0,0.011217,0.0,0.0,0.009872,0.04135,0.034018,0.0,0.075602,0.0,0.151149,0.0,0.034651,0.0,0.076089,0.0,0.0,0.0,0.0,0.0,0.0,0.0,0.010961
2020-11-18,0.0,0.0,0.0,0.0,0.0,0.0,0.0,0.086599,0.043421,0.031753,0.139669,0.0,0.0,0.0,0.0,0.0,0.0,0.100011,0.014243,0.14069,0.0,0.011061,0.0,0.0,0.009817,0.041254,0.03395,0.0,0.075869,0.0,0.149692,0.0,0.034539,0.0,0.07642,0.0,0.0,0.0,0.0,0.0,0.0,0.0,0.011015
2020-11-19,0.0,0.0,0.0,0.0,0.0,0.0,0.0,0.086007,0.043295,0.031547,0.139898,0.0,0.0,0.0,0.0,0.0,0.0,0.099641,0.014255,0.140976,0.0,0.01109,0.0,0.0,0.009863,0.041726,0.034459,0.0,0.076012,0.0,0.150344,0.0,0.034227,0.0,0.075679,0.0,0.0,0.0,0.0,0.0,0.0,0.0,0.010981
2020-11-20,0.0,0.0,0.0,0.0,0.0,0.0,0.0,0.085755,0.043087,0.031471,0.138718,0.0,0.0,0.0,0.0,0.0,0.0,0.098387,0.014197,0.139853,0.0,0.01114,0.0,0.0,0.00973,0.041398,0.034322,0.0,0.076038,0.0,0.153405,0.0,0.034223,0.0,0.077329,0.0,0.0,0.0,0.0,0.0,0.0,0.0,0.010945
2020-11-23,0.0,0.0,0.0,0.0,0.0,0.0,0.0,0.084873,0.042914,0.031648,0.138345,0.0,0.0,0.0,0.0,0.0,0.0,0.098539,0.014122,0.141541,0.0,0.011028,0.0,0.0,0.009596,0.041419,0.033812,0.0,0.07525,0.0,0.15592,0.0,0.03292,0.0,0.077276,0.0,0.0,0.0,0.0,0.0,0.0,0.0,0.010797
2020-11-24,0.0,0.0,0.0,0.0,0.0,0.0,0.0,0.08517,0.04246,0.03176,0.138585,0.0,0.0,0.0,0.0,0.0,0.0,0.09962,0.014286,0.137288,0.0,0.010849,0.0,0.0,0.009604,0.041106,0.033462,0.0,0.075254,0.0,0.159048,0.0,0.032049,0.0,0.078803,0.0,0.0,0.0,0.0,0.0,0.0,0.0,0.010657
2020-11-25,0.0,0.0,0.0,0.0,0.0,0.0,0.0,0.084824,0.042325,0.031688,0.139613,0.0,0.0,0.0,0.0,0.0,0.0,0.099546,0.014225,0.138359,0.0,0.010982,0.0,0.0,0.009684,0.04127,0.034042,0.0,0.075697,0.0,0.155975,0.0,0.032382,0.0,0.078664,0.0,0.0,0.0,0.0,0.0,0.0,0.0,0.010723
2020-11-26,0.0,0.0,0.0,0.0,0.0,0.0,0.0,0.084824,0.042325,0.031689,0.139614,0.0,0.0,0.0,0.0,0.0,0.0,0.099546,0.014225,0.13836,0.0,0.010982,0.0,0.0,0.009684,0.04127,0.034042,0.0,0.075697,0.0,0.155976,0.0,0.032382,0.0,0.078664,0.0,0.0,0.0,0.0,0.0,0.0,0.0,0.01072
2020-11-27,0.0,0.0,0.0,0.0,0.0,0.0,0.0,0.084687,0.042426,0.031982,0.13916,0.0,0.0,0.0,0.0,0.0,0.0,0.098477,0.014222,0.138001,0.0,0.011322,0.0,0.0,0.009683,0.041537,0.034398,0.0,0.076339,0.0,0.155749,0.0,0.031214,0.0,0.080143,0.0,0.0,0.0,0.0,0.0,0.0,0.0,0.010662
2020-11-30,0.0,0.0,0.0,0.0,0.048327,0.026746,0.0,0.055249,0.033201,0.029305,0.062587,0.0,0.0,0.0,0.0,0.0,0.026947,0.11755,0.021185,0.078739,0.0,0.0,0.0,0.014192,0.0,0.056571,0.0,0.0,0.087719,0.0,0.128354,0.0,0.073729,0.0,0.128654,0.0,0.0,0.0,0.0,0.0,0.0,0.0,0.010944
2020-12-01,0.0,0.0,0.0,0.0,0.048459,0.02653,0.0,0.056073,0.033249,0.029403,0.062053,0.0,0.0,0.0,0.0,0.0,0.026454,0.116229,0.021079,0.076424,0.0,0.0,0.0,0.014065,0.0,0.056593,0.0,0.0,0.088375,0.0,0.128133,0.0,0.07687,0.0,0.129246,0.0,0.0,0.0,0.0,0.0,0.0,0.0,0.010766
2020-12-02,0.0,0.0,0.0,0.0,0.048603,0.026411,0.0,0.055991,0.03351,0.029998,0.061756,0.0,0.0,0.0,0.0,0.0,0.026529,0.116863,0.020839,0.074524,0.0,0.0,0.0,0.014179,0.0,0.056843,0.0,0.0,0.088368,0.0,0.126917,0.0,0.077086,0.0,0.130802,0.0,0.0,0.0,0.0,0.0,0.0,0.0,0.010782
2020-12-03,0.0,0.0,0.0,0.0,0.048932,0.026464,0.0,0.055826,0.033637,0.030304,0.061484,0.0,0.0,0.0,0.0,0.0,0.026407,0.116354,0.020546,0.076276,0.0,0.0,0.0,0.013931,0.0,0.056508,0.0,0.0,0.087733,0.0,0.125957,0.0,0.076875,0.0,0.132058,0.0,0.0,0.0,0.0,0.0,0.0,0.0,0.010707
2020-12-04,0.0,0.0,0.0,0.0,0.048577,0.026126,0.0,0.055612,0.033826,0.030728,0.060726,0.0,0.0,0.0,0.0,0.0,0.026367,0.116205,0.020683,0.074381,0.0,0.0,0.0,0.013609,0.0,0.057279,0.0,0.0,0.087507,0.0,0.127467,0.0,0.076025,0.0,0.134319,0.0,0.0,0.0,0.0,0.0,0.0,0.0,0.010564
2020-12-07,0.0,0.0,0.0,0.0,0.04866,0.025946,0.0,0.055921,0.033843,0.030732,0.060479,0.0,0.0,0.0,0.0,0.0,0.026193,0.11581,0.020511,0.075875,0.0,0.0,0.0,0.013661,0.0,0.057465,0.0,0.0,0.086014,0.0,0.129488,0.0,0.077036,0.0,0.131822,0.0,0.0,0.0,0.0,0.0,0.0,0.0,0.010543
2020-12-08,0.0,0.0,0.0,0.0,0.048401,0.025982,0.0,0.055971,0.033978,0.030026,0.060249,0.0,0.0,0.0,0.0,0.0,0.026275,0.116152,0.02059,0.073889,0.0,0.0,0.0,0.013596,0.0,0.057551,0.0,0.0,0.086266,0.0,0.132648,0.0,0.076904,0.0,0.130998,0.0,0.0,0.0,0.0,0.0,0.0,0.0,0.010525
2020-12-09,0.0,0.0,0.0,0.0,0.048651,0.025754,0.0,0.056373,0.034099,0.03057,0.060671,0.0,0.0,0.0,0.0,0.0,0.026544,0.117466,0.020766,0.074778,0.0,0.0,0.0,0.01368,0.0,0.056375,0.0,0.0,0.086416,0.0,0.130153,0.0,0.075513,0.0,0.131579,0.0,0.0,0.0,0.0,0.0,0.0,0.0,0.010611
2020-12-10,0.0,0.0,0.0,0.0,0.048787,0.026024,0.0,0.056571,0.033942,0.030771,0.060406,0.0,0.0,0.0,0.0,0.0,0.0262,0.1159,0.020567,0.07464,0.0,0.0,0.0,0.013563,0.0,0.056101,0.0,0.0,0.086115,0.0,0.130674,0.0,0.075554,0.0,0.133613,0.0,0.0,0.0,0.0,0.0,0.0,0.0,0.010574
2020-12-11,0.0,0.0,0.0,0.0,0.048987,0.025971,0.0,0.056812,0.034133,0.030774,0.060561,0.0,0.0,0.0,0.0,0.0,0.026456,0.116656,0.020599,0.075054,0.0,0.0,0.0,0.013685,0.0,0.055965,0.0,0.0,0.086427,0.0,0.129317,0.0,0.075907,0.0,0.132042,0.0,0.0,0.0,0.0,0.0,0.0,0.0,0.010653
2020-12-14,0.0,0.0,0.0,0.0,0.048901,0.025844,0.0,0.056828,0.034183,0.030636,0.060712,0.0,0.0,0.0,0.0,0.0,0.026139,0.114072,0.020358,0.075483,0.0,0.0,0.0,0.013628,0.0,0.056647,0.0,0.0,0.087136,0.0,0.131508,0.0,0.075643,0.0,0.131617,0.0,0.0,0.0,0.0,0.0,0.0,0.0,0.010662
2020-12-15,0.0,0.0,0.0,0.0,0.048255,0.025573,0.0,0.056834,0.033811,0.030622,0.060623,0.0,0.0,0.0,0.0,0.0,0.026112,0.113357,0.020422,0.075291,0.0,0.0,0.0,0.013692,0.0,0.05659,0.0,0.0,0.086755,0.0,0.13259,0.0,0.07668,0.0,0.13229,0.0,0.0,0.0,0.0,0.0,0.0,0.0,0.010505
2020-12-16,0.0,0.0,0.0,0.0,0.048439,0.025674,0.0,0.056526,0.033939,0.030262,0.060767,0.0,0.0,0.0,0.0,0.0,0.025843,0.112897,0.02028,0.074965,0.0,0.0,0.0,0.013477,0.0,0.056388,0.0,0.0,0.086131,0.0,0.132322,0.0,0.079108,0.0,0.132518,0.0,0.0,0.0,0.0,0.0,0.0,0.0,0.010462
2020-12-17,0.0,0.0,0.0,0.0,0.048098,0.025609,0.0,0.056181,0.033379,0.029786,0.06036,0.0,0.0,0.0,0.0,0.0,0.025652,0.112678,0.020239,0.076843,0.0,0.0,0.0,0.013386,0.0,0.055732,0.0,0.0,0.086071,0.0,0.131169,0.0,0.079796,0.0,0.134701,0.0,0.0,0.0,0.0,0.0,0.0,0.0,0.01032
2020-12-18,0.0,0.0,0.0,0.0,0.048195,0.025623,0.0,0.056304,0.033315,0.029642,0.060137,0.0,0.0,0.0,0.0,0.0,0.025685,0.112046,0.020352,0.077279,0.0,0.0,0.0,0.013286,0.0,0.055466,0.0,0.0,0.085857,0.0,0.132948,0.0,0.079261,0.0,0.134272,0.0,0.0,0.0,0.0,0.0,0.0,0.0,0.010333
2020-12-21,0.0,0.0,0.0,0.0,0.047571,0.025509,0.0,0.054416,0.033377,0.02937,0.059476,0.0,0.0,0.0,0.0,0.0,0.025537,0.111523,0.020251,0.07681,0.0,0.0,0.0,0.013129,0.0,0.055235,0.0,0.0,0.085412,0.0,0.137377,0.0,0.080674,0.0,0.133997,0.0,0.0,0.0,0.0,0.0,0.0,0.0,0.010336
2020-12-22,0.0,0.0,0.0,0.0,0.047675,0.025518,0.0,0.055294,0.033265,0.029146,0.059703,0.0,0.0,0.0,0.0,0.0,0.025626,0.112199,0.02029,0.077746,0.0,0.0,0.0,0.013211,0.0,0.055604,0.0,0.0,0.086664,0.0,0.13789,0.0,0.078164,0.0,0.131589,0.0,0.0,0.0,0.0,0.0,0.0,0.0,0.010416
2020-12-23,0.0,0.0,0.0,0.0,0.047712,0.025429,0.0,0.055728,0.033125,0.029475,0.05928,0.0,0.0,0.0,0.0,0.0,0.025523,0.111568,0.020131,0.075924,0.0,0.0,0.0,0.013063,0.0,0.054677,0.0,0.0,0.086518,0.0,0.138519,0.0,0.078665,0.0,0.13434,0.0,0.0,0.0,0.0,0.0,0.0,0.0,0.010322
2020-12-24,0.0,0.0,0.0,0.0,0.047495,0.024676,0.0,0.056166,0.033439,0.029889,0.059263,0.0,0.0,0.0,0.0,0.0,0.025465,0.111322,0.02021,0.076978,0.0,0.0,0.0,0.013124,0.0,0.055034,0.0,0.0,0.085999,0.0,0.137078,0.0,0.079006,0.0,0.134559,0.0,0.0,0.0,0.0,0.0,0.0,0.0,0.010297
2020-12-28,0.0,0.0,0.0,0.0,0.047136,0.02442,0.0,0.05625,0.033499,0.029941,0.059485,0.0,0.0,0.0,0.0,0.0,0.025304,0.110635,0.019979,0.07492,0.0,0.0,0.0,0.013082,0.0,0.054557,0.0,0.0,0.085788,0.0,0.139692,0.0,0.079946,0.0,0.135147,0.0,0.0,0.0,0.0,0.0,0.0,0.0,0.01022
2020-12-29,0.0,0.0,0.0,0.0,0.047948,0.02506,0.0,0.056656,0.033691,0.030634,0.059707,0.0,0.0,0.0,0.0,0.0,0.025238,0.110251,0.02,0.074635,0.0,0.0,0.0,0.013125,0.0,0.054603,0.0,0.0,0.086394,0.0,0.136553,0.0,0.080088,0.0,0.135163,0.0,0.0,0.0,0.0,0.0,0.0,0.0,0.010256
2020-12-30,0.0,0.0,0.0,0.0,0.047836,0.025204,0.0,0.056063,0.033639,0.030706,0.059096,0.0,0.0,0.0,0.0,0.0,0.024989,0.108741,0.019948,0.073611,0.0,0.0,0.0,0.012978,0.0,0.054621,0.0,0.0,0.085356,0.0,0.141472,0.0,0.07999,0.0,0.135664,0.0,0.0,0.0,0.0,0.0,0.0,0.0,0.010089
2020-12-31,0.0,0.0,0.0,0.0,0.084155,0.0,0.0,0.054265,0.056066,0.038915,0.049932,0.0,0.0,0.0,0.0,0.0,0.045712,0.105065,0.082702,0.025986,0.0,0.03288,0.0,0.0,0.0,0.072609,0.0,0.0,0.073033,0.0,0.134154,0.0,0.0,0.0,0.134458,0.0,0.0,0.0,0.0,0.0,0.0,0.0,0.010068
2021-01-04,0.0,0.0,0.0,0.0,0.083499,0.0,0.0,0.053699,0.056087,0.039437,0.048883,0.0,0.0,0.0,0.0,0.0,0.044044,0.10162,0.080878,0.025207,0.0,0.032503,0.0,0.0,0.0,0.071391,0.0,0.0,0.071816,0.0,0.141897,0.0,0.0,0.0,0.139099,0.0,0.0,0.0,0.0,0.0,0.0,0.0,0.009941
2021-01-05,0.0,0.0,0.0,0.0,0.082451,0.0,0.0,0.053383,0.055936,0.039471,0.048087,0.0,0.0,0.0,0.0,0.0,0.043429,0.100208,0.080745,0.024514,0.0,0.031625,0.0,0.0,0.0,0.071133,0.0,0.0,0.071377,0.0,0.149085,0.0,0.0,0.0,0.138852,0.0,0.0,0.0,0.0,0.0,0.0,0.0,0.009706
2021-01-06,0.0,0.0,0.0,0.0,0.082239,0.0,0.0,0.052834,0.055506,0.039133,0.048232,0.0,0.0,0.0,0.0,0.0,0.044146,0.102156,0.083449,0.024593,0.0,0.032041,0.0,0.0,0.0,0.070396,0.0,0.0,0.070973,0.0,0.144348,0.0,0.0,0.0,0.140319,0.0,0.0,0.0,0.0,0.0,0.0,0.0,0.009635
2021-01-07,0.0,0.0,0.0,0.0,0.080442,0.0,0.0,0.051481,0.055297,0.039029,0.048126,0.0,0.0,0.0,0.0,0.0,0.043453,0.10091,0.082302,0.024773,0.0,0.032655,0.0,0.0,0.0,0.071513,0.0,0.0,0.070531,0.0,0.147299,0.0,0.0,0.0,0.142758,0.0,0.0,0.0,0.0,0.0,0.0,0.0,0.009433
2021-01-08,0.0,0.0,0.0,0.0,0.082523,0.0,0.0,0.052639,0.055635,0.040732,0.049067,0.0,0.0,0.0,0.0,0.0,0.043302,0.101344,0.08182,0.02408,0.0,0.032693,0.0,0.0,0.0,0.071476,0.0,0.0,0.070932,0.0,0.143797,0.0,0.0,0.0,0.140536,0.0,0.0,0.0,0.0,0.0,0.0,0.0,0.009424
2021-01-11,0.0,0.0,0.0,0.0,0.082856,0.0,0.0,0.052885,0.056455,0.040799,0.048645,0.0,0.0,0.0,0.0,0.0,0.043731,0.102346,0.082658,0.024741,0.0,0.032701,0.0,0.0,0.0,0.07294,0.0,0.0,0.071242,0.0,0.141909,0.0,0.0,0.0,0.136574,0.0,0.0,0.0,0.0,0.0,0.0,0.0,0.009519
2021-01-12,0.0,0.0,0.0,0.0,0.082466,0.0,0.0,0.05268,0.055896,0.039951,0.048761,0.0,0.0,0.0,0.0,0.0,0.043604,0.102466,0.082644,0.024648,0.0,0.032567,0.0,0.0,0.0,0.07245,0.0,0.0,0.070728,0.0,0.144296,0.0,0.0,0.0,0.137445,0.0,0.0,0.0,0.0,0.0,0.0,0.0,0.009398
2021-01-13,0.0,0.0,0.0,0.0,0.082789,0.0,0.0,0.052825,0.05699,0.040207,0.04908,0.0,0.0,0.0,0.0,0.0,0.043514,0.102503,0.082341,0.024728,0.0,0.032611,0.0,0.0,0.0,0.073048,0.0,0.0,0.071258,0.0,0.142459,0.0,0.0,0.0,0.136188,0.0,0.0,0.0,0.0,0.0,0.0,0.0,0.009459
2021-01-14,0.0,0.0,0.0,0.0,0.083598,0.0,0.0,0.052633,0.057332,0.040205,0.048428,0.0,0.0,0.0,0.0,0.0,0.04336,0.102908,0.08149,0.024604,0.0,0.033443,0.0,0.0,0.0,0.074075,0.0,0.0,0.07253,0.0,0.139604,0.0,0.0,0.0,0.136396,0.0,0.0,0.0,0.0,0.0,0.0,0.0,0.009393
2021-01-15,0.0,0.0,0.0,0.0,0.083765,0.0,0.0,0.052489,0.057322,0.039587,0.048869,0.0,0.0,0.0,0.0,0.0,0.043522,0.103306,0.08169,0.025171,0.0,0.033633,0.0,0.0,0.0,0.0738,0.0,0.0,0.072212,0.0,0.140491,0.0,0.0,0.0,0.13459,0.0,0.0,0.0,0.0,0.0,0.0,0.0,0.009553
2021-01-18,0.0,0.0,0.0,0.0,0.083962,0.0,0.0,0.052477,0.057309,0.039578,0.048859,0.0,0.0,0.0,0.0,0.0,0.043513,0.103284,0.081673,0.025166,0.0,0.033626,0.0,0.0,0.0,0.073784,0.0,0.0,0.072197,0.0,0.140461,0.0,0.0,0.0,0.134561,0.0,0.0,0.0,0.0,0.0,0.0,0.0,0.009551
2021-01-19,0.0,0.0,0.0,0.0,0.083855,0.0,0.0,0.052114,0.057245,0.039341,0.04863,0.0,0.0,0.0,0.0,0.0,0.043206,0.101854,0.081111,0.025392,0.0,0.033826,0.0,0.0,0.0,0.075529,0.0,0.0,0.072654,0.0,0.140908,0.0,0.0,0.0,0.134881,0.0,0.0,0.0,0.0,0.0,0.0,0.0,0.009454
2021-01-20,0.0,0.0,0.0,0.0,0.084103,0.0,0.0,0.052516,0.056495,0.039369,0.048908,0.0,0.0,0.0,0.0,0.0,0.04291,0.102202,0.080327,0.026109,0.0,0.033369,0.0,0.0,0.0,0.074287,0.0,0.0,0.072777,0.0,0.141819,0.0,0.0,0.0,0.135478,0.0,0.0,0.0,0.0,0.0,0.0,0.0,0.00933
2021-01-21,0.0,0.0,0.0,0.0,0.084425,0.0,0.0,0.052185,0.057371,0.040189,0.049047,0.0,0.0,0.0,0.0,0.0,0.042499,0.10033,0.079009,0.026449,0.0,0.032585,0.0,0.0,0.0,0.075225,0.0,0.0,0.072626,0.0,0.143309,0.0,0.0,0.0,0.135439,0.0,0.0,0.0,0.0,0.0,0.0,0.0,0.009313
2021-01-22,0.0,0.0,0.0,0.0,0.084027,0.0,0.0,0.051968,0.057538,0.039522,0.049207,0.0,0.0,0.0,0.0,0.0,0.042562,0.100703,0.079154,0.026895,0.0,0.03319,0.0,0.0,0.0,0.074443,0.0,0.0,0.072721,0.0,0.145034,0.0,0.0,0.0,0.133663,0.0,0.0,0.0,0.0,0.0,0.0,0.0,0.009373
2021-01-25,0.0,0.0,0.0,0.0,0.084524,0.0,0.0,0.051142,0.057403,0.040363,0.049418,0.0,0.0,0.0,0.0,0.0,0.042297,0.100668,0.078784,0.027023,0.0,0.034206,0.0,0.0,0.0,0.074593,0.0,0.0,0.073112,0.0,0.145824,0.0,0.0,0.0,0.131262,0.0,0.0,0.0,0.0,0.0,0.0,0.0,0.00938
2021-01-26,0.0,0.0,0.0,0.0,0.084941,0.0,0.0,0.051685,0.057349,0.040166,0.049921,0.0,0.0,0.0,0.0,0.0,0.042362,0.100144,0.078541,0.026887,0.0,0.03397,0.0,0.0,0.0,0.074177,0.0,0.0,0.073614,0.0,0.146201,0.0,0.0,0.0,0.130558,0.0,0.0,0.0,0.0,0.0,0.0,0.0,0.009484
2021-01-27,0.0,0.0,0.0,0.0,0.086018,0.0,0.0,0.052169,0.058097,0.039897,0.049878,0.0,0.0,0.0,0.0,0.0,0.042804,0.100144,0.078583,0.027066,0.0,0.034548,0.0,0.0,0.0,0.072502,0.0,0.0,0.074798,0.0,0.14571,0.0,0.0,0.0,0.128013,0.0,0.0,0.0,0.0,0.0,0.0,0.0,0.009772
2021-01-28,0.0,0.0,0.0,0.0,0.084959,0.0,0.0,0.052479,0.058048,0.040094,0.049573,0.0,0.0,0.0,0.0,0.0,0.04304,0.100412,0.079199,0.026839,0.0,0.034081,0.0,0.0,0.0,0.073408,0.0,0.0,0.073768,0.0,0.143322,0.0,0.0,0.0,0.131093,0.0,0.0,0.0,0.0,0.0,0.0,0.0,0.009684
2021-01-29,0.0,0.0,0.0,0.0,0.0,0.0,0.046491,0.067726,0.020786,0.08012,0.0,0.0,0.0,0.030571,0.0,0.0,0.082838,0.085596,0.0,0.0,0.0,0.034113,0.010301,0.0,0.0,0.032072,0.0,0.068498,0.068476,0.0,0.150275,0.0,0.038652,0.0,0.15026,0.0,0.0,0.0,0.0,0.0,0.0,0.0,0.033223
2021-02-01,0.0,0.0,0.0,0.0,0.0,0.0,0.046103,0.068411,0.020645,0.080951,0.0,0.0,0.0,0.03021,0.0,0.0,0.081264,0.084273,0.0,0.0,0.0,0.034581,0.010011,0.0,0.0,0.032369,0.0,0.067748,0.067919,0.0,0.148285,0.0,0.040186,0.0,0.154781,0.0,0.0,0.0,0.0,0.0,0.0,0.0,0.032264
2021-02-02,0.0,0.0,0.0,0.0,0.0,0.0,0.046506,0.069148,0.020853,0.080365,0.0,0.0,0.0,0.030463,0.0,0.0,0.081934,0.084912,0.0,0.0,0.0,0.034915,0.009949,0.0,0.0,0.032475,0.0,0.06826,0.068004,0.0,0.15292,0.0,0.036383,0.0,0.151064,0.0,0.0,0.0,0.0,0.0,0.0,0.0,0.031851
2021-02-03,0.0,0.0,0.0,0.0,0.0,0.0,0.046969,0.06969,0.020752,0.081101,0.0,0.0,0.0,0.030714,0.0,0.0,0.082003,0.084918,0.0,0.0,0.0,0.034456,0.009966,0.0,0.0,0.03182,0.0,0.066506,0.067626,0.0,0.152307,0.0,0.036967,0.0,0.152348,0.0,0.0,0.0,0.0,0.0,0.0,0.0,0.031855
2021-02-04,0.0,0.0,0.0,0.0,0.0,0.0,0.0463,0.070094,0.020853,0.079954,0.0,0.0,0.0,0.031659,0.0,0.0,0.082969,0.08627,0.0,0.0,0.0,0.034856,0.010049,0.0,0.0,0.032114,0.0,0.067802,0.06758,0.0,0.149451,0.0,0.036337,0.0,0.151826,0.0,0.0,0.0,0.0,0.0,0.0,0.0,0.031886
2021-02-05,0.0,0.0,0.0,0.0,0.0,0.0,0.046907,0.069542,0.020735,0.080493,0.0,0.0,0.0,0.031362,0.0,0.0,0.082799,0.086172,0.0,0.0,0.0,0.035433,0.010063,0.0,0.0,0.031644,0.0,0.067387,0.067529,0.0,0.147597,0.0,0.036743,0.0,0.153954,0.0,0.0,0.0,0.0,0.0,0.0,0.0,0.03164
2021-02-08,0.0,0.0,0.0,0.0,0.0,0.0,0.04625,0.069256,0.020574,0.078316,0.0,0.0,0.0,0.03148,0.0,0.0,0.082247,0.085317,0.0,0.0,0.0,0.036407,0.009949,0.0,0.0,0.032102,0.0,0.066868,0.067592,0.0,0.148896,0.0,0.036827,0.0,0.156757,0.0,0.0,0.0,0.0,0.0,0.0,0.0,0.031161
2021-02-09,0.0,0.0,0.0,0.0,0.0,0.0,0.045598,0.06853,0.020539,0.078175,0.0,0.0,0.0,0.03156,0.0,0.0,0.081882,0.085401,0.0,0.0,0.0,0.03571,0.009871,0.0,0.0,0.031784,0.0,0.067171,0.068024,0.0,0.150907,0.0,0.036412,0.0,0.157498,0.0,0.0,0.0,0.0,0.0,0.0,0.0,0.030939
2021-02-10,0.0,0.0,0.0,0.0,0.0,0.0,0.045158,0.068475,0.020531,0.078644,0.0,0.0,0.0,0.031547,0.0,0.0,0.08167,0.085279,0.0,0.0,0.0,0.034874,0.00985,0.0,0.0,0.031813,0.0,0.066637,0.067897,0.0,0.150346,0.0,0.036072,0.0,0.1603,0.0,0.0,0.0,0.0,0.0,0.0,0.0,0.030906
2021-02-11,0.0,0.0,0.0,0.0,0.0,0.0,0.045261,0.068872,0.020648,0.079112,0.0,0.0,0.0,0.031185,0.0,0.0,0.081092,0.084819,0.0,0.0,0.0,0.034251,0.009758,0.0,0.0,0.032751,0.0,0.06658,0.068047,0.0,0.150978,0.0,0.035921,0.0,0.159972,0.0,0.0,0.0,0.0,0.0,0.0,0.0,0.030753
2021-02-12,0.0,0.0,0.0,0.0,0.0,0.0,0.045151,0.068586,0.020547,0.078865,0.0,0.0,0.0,0.031299,0.0,0.0,0.081322,0.085879,0.0,0.0,0.0,0.03379,0.00973,0.0,0.0,0.033011,0.0,0.066489,0.067972,0.0,0.151392,0.0,0.036077,0.0,0.159271,0.0,0.0,0.0,0.0,0.0,0.0,0.0,0.030619
2021-02-15,0.0,0.0,0.0,0.0,0.0,0.0,0.045151,0.068586,0.020548,0.078866,0.0,0.0,0.0,0.031299,0.0,0.0,0.081322,0.085879,0.0,0.0,0.0,0.03379,0.00973,0.0,0.0,0.033011,0.0,0.06649,0.067972,0.0,0.151393,0.0,0.036077,0.0,0.159271,0.0,0.0,0.0,0.0,0.0,0.0,0.0,0.030615
2021-02-16,0.0,0.0,0.0,0.0,0.0,0.0,0.044777,0.067502,0.020449,0.077385,0.0,0.0,0.0,0.031584,0.0,0.0,0.080124,0.084801,0.0,0.0,0.0,0.032482,0.009579,0.0,0.0,0.032721,0.0,0.064598,0.066872,0.0,0.154769,0.0,0.035511,0.0,0.166647,0.0,0.0,0.0,0.0,0.0,0.0,0.0,0.0302
2021-02-17,0.0,0.0,0.0,0.0,0.0,0.0,0.044756,0.067978,0.02048,0.077083,0.0,0.0,0.0,0.031641,0.0,0.0,0.08013,0.084387,0.0,0.0,0.0,0.032688,0.009641,0.0,0.0,0.032252,0.0,0.064441,0.065938,0.0,0.152704,0.0,0.03581,0.0,0.169796,0.0,0.0,0.0,0.0,0.0,0.0,0.0,0.030273
2021-02-18,0.0,0.0,0.0,0.0,0.0,0.0,0.044727,0.068721,0.020688,0.077019,0.0,0.0,0.0,0.031747,0.0,0.0,0.080863,0.085346,0.0,0.0,0.0,0.032291,0.009772,0.0,0.0,0.032374,0.0,0.065285,0.066221,0.0,0.144601,0.0,0.035833,0.0,0.173802,0.0,0.0,0.0,0.0,0.0,0.0,0.0,0.030709
2021-02-19,0.0,0.0,0.0,0.0,0.0,0.0,0.044069,0.067159,0.020487,0.076905,0.0,0.0,0.0,0.032096,0.0,0.0,0.080755,0.085398,0.0,0.0,0.0,0.03224,0.009481,0.0,0.0,0.032575,0.0,0.064428,0.065781,0.0,0.142179,0.0,0.035488,0.0,0.180783,0.0,0.0,0.0,0.0,0.0,0.0,0.0,0.030176
2021-02-22,0.0,0.0,0.0,0.0,0.0,0.0,0.041704,0.066467,0.020513,0.075567,0.0,0.0,0.0,0.03295,0.0,0.0,0.081728,0.086752,0.0,0.0,0.0,0.031547,0.009573,0.0,0.0,0.031672,0.0,0.063153,0.064879,0.0,0.138815,0.0,0.037233,0.0,0.187015,0.0,0.0,0.0,0.0,0.0,0.0,0.0,0.030431
2021-02-23,0.0,0.0,0.0,0.0,0.0,0.0,0.04297,0.067373,0.020684,0.07606,0.0,0.0,0.0,0.033374,0.0,0.0,0.082232,0.087139,0.0,0.0,0.0,0.030935,0.009616,0.0,0.0,0.031531,0.0,0.062416,0.064261,0.0,0.136042,0.0,0.036552,0.0,0.188291,0.0,0.0,0.0,0.0,0.0,0.0,0.0,0.030525
2021-02-24,0.0,0.0,0.0,0.0,0.0,0.0,0.043092,0.067546,0.02067,0.074677,0.0,0.0,0.0,0.034091,0.0,0.0,0.083177,0.087935,0.0,0.0,0.0,0.031172,0.00954,0.0,0.0,0.032317,0.0,0.061835,0.063942,0.0,0.1375,0.0,0.036611,0.0,0.185584,0.0,0.0,0.0,0.0,0.0,0.0,0.0,0.030308
2021-02-25,0.0,0.0,0.0,0.0,0.0,0.0,0.042421,0.068728,0.021044,0.076479,0.0,0.0,0.0,0.034331,0.0,0.0,0.084534,0.089412,0.0,0.0,0.0,0.030965,0.00977,0.0,0.0,0.031555,0.0,0.062285,0.064142,0.0,0.132041,0.0,0.037118,0.0,0.183789,0.0,0.0,0.0,0.0,0.0,0.0,0.0,0.031386
2021-02-26,0.0,0.0,0.031567,0.117194,0.041573,0.0,0.0,0.022283,0.084747,0.089425,0.0,0.0,0.0,0.116165,0.0,0.0,0.0,0.0,0.0,0.0,0.0,0.06667,0.0,0.0,0.0,0.041934,0.0,0.039936,0.114032,0.0,0.175167,0.0,0.0,0.0,0.044939,0.0,0.0,0.0,0.0,0.0,0.0,0.0,0.014368
2021-03-01,0.0,0.0,0.031164,0.116881,0.041338,0.0,0.0,0.022173,0.084033,0.089164,0.0,0.0,0.0,0.116783,0.0,0.0,0.0,0.0,0.0,0.0,0.0,0.066322,0.0,0.0,0.0,0.042022,0.0,0.040024,0.11341,0.0,0.178007,0.0,0.0,0.0,0.044728,0.0,0.0,0.0,0.0,0.0,0.0,0.0,0.013951
2021-03-02,0.0,0.0,0.031128,0.116791,0.041213,0.0,0.0,0.022579,0.083533,0.089058,0.0,0.0,0.0,0.11824,0.0,0.0,0.0,0.0,0.0,0.0,0.0,0.064806,0.0,0.0,0.0,0.041119,0.0,0.039762,0.113406,0.0,0.179198,0.0,0.0,0.0,0.045096,0.0,0.0,0.0,0.0,0.0,0.0,0.0,0.01407
2021-03-03,0.0,0.0,0.03137,0.118919,0.042099,0.0,0.0,0.02308,0.08453,0.090028,0.0,0.0,0.0,0.119921,0.0,0.0,0.0,0.0,0.0,0.0,0.0,0.062611,0.0,0.0,0.0,0.040412,0.0,0.039119,0.111673,0.0,0.176093,0.0,0.0,0.0,0.045877,0.0,0.0,0.0,0.0,0.0,0.0,0.0,0.014268
2021-03-04,0.0,0.0,0.032086,0.12079,0.042975,0.0,0.0,0.0236,0.085417,0.091279,0.0,0.0,0.0,0.122136,0.0,0.0,0.0,0.0,0.0,0.0,0.0,0.062571,0.0,0.0,0.0,0.039723,0.0,0.03929,0.111841,0.0,0.169484,0.0,0.0,0.0,0.044072,0.0,0.0,0.0,0.0,0.0,0.0,0.0,0.014735
2021-03-05,0.0,0.0,0.031941,0.11718,0.041239,0.0,0.0,0.023425,0.085224,0.091634,0.0,0.0,0.0,0.123487,0.0,0.0,0.0,0.0,0.0,0.0,0.0,0.063308,0.0,0.0,0.0,0.0404,0.0,0.038863,0.111705,0.0,0.172258,0.0,0.0,0.0,0.044785,0.0,0.0,0.0,0.0,0.0,0.0,0.0,0.014551
2021-03-08,0.0,0.0,0.032056,0.123941,0.041701,0.0,0.0,0.023585,0.084947,0.090705,0.0,0.0,0.0,0.128213,0.0,0.0,0.0,0.0,0.0,0.0,0.0,0.062476,0.0,0.0,0.0,0.038792,0.0,0.039026,0.109923,0.0,0.164638,0.0,0.0,0.0,0.04523,0.0,0.0,0.0,0.0,0.0,0.0,0.0,0.014766
2021-03-09,0.0,0.0,0.031757,0.122804,0.041491,0.0,0.0,0.023576,0.084088,0.089548,0.0,0.0,0.0,0.123708,0.0,0.0,0.0,0.0,0.0,0.0,0.0,0.064066,0.0,0.0,0.0,0.040374,0.0,0.040005,0.110585,0.0,0.169084,0.0,0.0,0.0,0.044444,0.0,0.0,0.0,0.0,0.0,0.0,0.0,0.014471
2021-03-10,0.0,0.0,0.031764,0.122691,0.041124,0.0,0.0,0.023575,0.083433,0.087937,0.0,0.0,0.0,0.126163,0.0,0.0,0.0,0.0,0.0,0.0,0.0,0.063982,0.0,0.0,0.0,0.039482,0.0,0.03974,0.111481,0.0,0.169802,0.0,0.0,0.0,0.044407,0.0,0.0,0.0,0.0,0.0,0.0,0.0,0.014417
2021-03-11,0.0,0.0,0.030739,0.120432,0.041193,0.0,0.0,0.023219,0.083606,0.088084,0.0,0.0,0.0,0.123384,0.0,0.0,0.0,0.0,0.0,0.0,0.0,0.064632,0.0,0.0,0.0,0.040015,0.0,0.039804,0.110541,0.0,0.174824,0.0,0.0,0.0,0.045502,0.0,0.0,0.0,0.0,0.0,0.0,0.0,0.014024
2021-03-12,0.0,0.0,0.03127,0.121581,0.040642,0.0,0.0,0.022822,0.082945,0.087718,0.0,0.0,0.0,0.126075,0.0,0.0,0.0,0.0,0.0,0.0,0.0,0.064696,0.0,0.0,0.0,0.03975,0.0,0.039592,0.111348,0.0,0.172131,0.0,0.0,0.0,0.04535,0.0,0.0,0.0,0.0,0.0,0.0,0.0,0.01408
2021-03-15,0.0,0.0,0.031324,0.121969,0.04055,0.0,0.0,0.022666,0.083212,0.088643,0.0,0.0,0.0,0.124684,0.0,0.0,0.0,0.0,0.0,0.0,0.0,0.065214,0.0,0.0,0.0,0.040442,0.0,0.039782,0.111807,0.0,0.170692,0.0,0.0,0.0,0.044985,0.0,0.0,0.0,0.0,0.0,0.0,0.0,0.014031
2021-03-16,0.0,0.0,0.031556,0.12271,0.041046,0.0,0.0,0.022945,0.083978,0.089164,0.0,0.0,0.0,0.123521,0.0,0.0,0.0,0.0,0.0,0.0,0.0,0.064451,0.0,0.0,0.0,0.041132,0.0,0.039675,0.111764,0.0,0.169721,0.0,0.0,0.0,0.044251,0.0,0.0,0.0,0.0,0.0,0.0,0.0,0.014085
2021-03-17,0.0,0.0,0.031614,0.121014,0.040431,0.0,0.0,0.022552,0.08325,0.08895,0.0,0.0,0.0,0.123794,0.0,0.0,0.0,0.0,0.0,0.0,0.0,0.064875,0.0,0.0,0.0,0.041457,0.0,0.039658,0.112009,0.0,0.171835,0.0,0.0,0.0,0.044544,0.0,0.0,0.0,0.0,0.0,0.0,0.0,0.014017
2021-03-18,0.0,0.0,0.032219,0.124164,0.041293,0.0,0.0,0.022291,0.083147,0.08838,0.0,0.0,0.0,0.126169,0.0,0.0,0.0,0.0,0.0,0.0,0.0,0.062791,0.0,0.0,0.0,0.040393,0.0,0.038993,0.111488,0.0,0.170102,0.0,0.0,0.0,0.044321,0.0,0.0,0.0,0.0,0.0,0.0,0.0,0.014249
2021-03-19,0.0,0.0,0.032345,0.122627,0.041021,0.0,0.0,0.022802,0.083386,0.089342,0.0,0.0,0.0,0.124524,0.0,0.0,0.0,0.0,0.0,0.0,0.0,0.064622,0.0,0.0,0.0,0.040755,0.0,0.039163,0.112022,0.0,0.169678,0.0,0.0,0.0,0.043513,0.0,0.0,0.0,0.0,0.0,0.0,0.0,0.014201
2021-03-22,0.0,0.0,0.032181,0.121696,0.041156,0.0,0.0,0.022887,0.084394,0.089695,0.0,0.0,0.0,0.121044,0.0,0.0,0.0,0.0,0.0,0.0,0.0,0.065657,0.0,0.0,0.0,0.041684,0.0,0.039909,0.112301,0.0,0.16929,0.0,0.0,0.0,0.043883,0.0,0.0,0.0,0.0,0.0,0.0,0.0,0.014226
2021-03-23,0.0,0.0,0.032623,0.124104,0.041801,0.0,0.0,0.023404,0.085714,0.089604,0.0,0.0,0.0,0.120738,0.0,0.0,0.0,0.0,0.0,0.0,0.0,0.063629,0.0,0.0,0.0,0.04177,0.0,0.040734,0.11215,0.0,0.166346,0.0,0.0,0.0,0.042746,0.0,0.0,0.0,0.0,0.0,0.0,0.0,0.014637
2021-03-24,0.0,0.0,0.032749,0.125689,0.041668,0.0,0.0,0.023508,0.086371,0.090455,0.0,0.0,0.0,0.121967,0.0,0.0,0.0,0.0,0.0,0.0,0.0,0.061265,0.0,0.0,0.0,0.041816,0.0,0.040425,0.112043,0.0,0.164489,0.0,0.0,0.0,0.042696,0.0,0.0,0.0,0.0,0.0,0.0,0.0,0.014859
2021-03-25,0.0,0.0,0.032731,0.12315,0.040927,0.0,0.0,0.023047,0.086019,0.090759,0.0,0.0,0.0,0.123939,0.0,0.0,0.0,0.0,0.0,0.0,0.0,0.062288,0.0,0.0,0.0,0.041366,0.0,0.03988,0.112663,0.0,0.166644,0.0,0.0,0.0,0.041906,0.0,0.0,0.0,0.0,0.0,0.0,0.0,0.014681
2021-03-26,0.0,0.0,0.032479,0.123018,0.040407,0.0,0.0,0.023119,0.086123,0.09072,0.0,0.0,0.0,0.123677,0.0,0.0,0.0,0.0,0.0,0.0,0.0,0.060027,0.0,0.0,0.0,0.042508,0.0,0.039774,0.11257,0.0,0.168329,0.0,0.0,0.0,0.042875,0.0,0.0,0.0,0.0,0.0,0.0,0.0,0.014374
2021-03-29,0.0,0.0,0.032709,0.123337,0.041266,0.0,0.0,0.023164,0.087521,0.090965,0.0,0.0,0.0,0.122061,0.0,0.0,0.0,0.0,0.0,0.0,0.0,0.059125,0.0,0.0,0.0,0.042407,0.0,0.039971,0.112674,0.0,0.167004,0.0,0.0,0.0,0.043229,0.0,0.0,0.0,0.0,0.0,0.0,0.0,0.014565
2021-03-30,0.0,0.0,0.032233,0.123289,0.041182,0.0,0.0,0.022951,0.08751,0.090689,0.0,0.0,0.0,0.12382,0.0,0.0,0.0,0.0,0.0,0.0,0.0,0.059034,0.0,0.0,0.0,0.041997,0.0,0.039374,0.112227,0.0,0.167991,0.0,0.0,0.0,0.043244,0.0,0.0,0.0,0.0,0.0,0.0,0.0,0.014459
2021-03-31,0.0,0.0,0.0,0.061376,0.011778,0.0,0.0,0.036744,0.059683,0.050824,0.0,0.062566,0.045973,0.101686,0.038481,0.069265,0.0,0.0,0.0,0.0,0.0,0.038302,0.0,0.0,0.0,0.051024,0.015191,0.035143,0.032842,0.0,0.082907,0.0,0.0,0.055509,0.13148,0.0,0.0,0.0,0.0,0.0,0.0,0.0,0.019228
2021-04-01,0.0,0.0,0.0,0.060844,0.011727,0.0,0.0,0.036276,0.058987,0.050492,0.0,0.062535,0.04573,0.100669,0.038775,0.071591,0.0,0.0,0.0,0.0,0.0,0.038019,0.0,0.0,0.0,0.05198,0.015282,0.035002,0.033157,0.0,0.083318,0.0,0.0,0.054447,0.132282,0.0,0.0,0.0,0.0,0.0,0.0,0.0,0.018886
2021-04-05,0.0,0.0,0.0,0.060507,0.011662,0.0,0.0,0.035708,0.058913,0.050859,0.0,0.063497,0.045833,0.100321,0.03764,0.067757,0.0,0.0,0.0,0.0,0.0,0.038249,0.0,0.0,0.0,0.052734,0.015369,0.035218,0.033603,0.0,0.083867,0.0,0.0,0.054177,0.135305,0.0,0.0,0.0,0.0,0.0,0.0,0.0,0.018781
2021-04-06,0.0,0.0,0.0,0.060955,0.011748,0.0,0.0,0.035805,0.058908,0.050919,0.0,0.063661,0.045745,0.099966,0.037544,0.068238,0.0,0.0,0.0,0.0,0.0,0.037251,0.0,0.0,0.0,0.05215,0.015458,0.035427,0.033383,0.0,0.083237,0.0,0.0,0.054566,0.136257,0.0,0.0,0.0,0.0,0.0,0.0,0.0,0.018782
2021-04-07,0.0,0.0,0.0,0.060765,0.011649,0.0,0.0,0.035692,0.059038,0.050897,0.0,0.064518,0.04623,0.100188,0.037888,0.068467,0.0,0.0,0.0,0.0,0.0,0.036561,0.0,0.0,0.0,0.052413,0.015518,0.035257,0.033261,0.0,0.081983,0.0,0.0,0.055167,0.135615,0.0,0.0,0.0,0.0,0.0,0.0,0.0,0.018891
2021-04-08,0.0,0.0,0.0,0.060333,0.011686,0.0,0.0,0.035755,0.059535,0.050859,0.0,0.064239,0.046038,0.099895,0.037228,0.066696,0.0,0.0,0.0,0.0,0.0,0.036625,0.0,0.0,0.0,0.052773,0.015735,0.035568,0.03354,0.0,0.082255,0.0,0.0,0.055434,0.137,0.0,0.0,0.0,0.0,0.0,0.0,0.0,0.018806
2021-04-09,0.0,0.0,0.0,0.06079,0.011581,0.0,0.0,0.035654,0.059511,0.050792,0.0,0.06444,0.046591,0.101272,0.037108,0.065617,0.0,0.0,0.0,0.0,0.0,0.035934,0.0,0.0,0.0,0.052787,0.015889,0.035689,0.03377,0.0,0.082102,0.0,0.0,0.055557,0.136048,0.0,0.0,0.0,0.0,0.0,0.0,0.0,0.018867
2021-04-12,0.0,0.0,0.0,0.061329,0.011658,0.0,0.0,0.034736,0.060139,0.051111,0.0,0.06491,0.047322,0.103047,0.037234,0.064757,0.0,0.0,0.0,0.0,0.0,0.035619,0.0,0.0,0.0,0.052814,0.016108,0.036253,0.033899,0.0,0.081727,0.0,0.0,0.055799,0.132457,0.0,0.0,0.0,0.0,0.0,0.0,0.0,0.01908
2021-04-13,0.0,0.0,0.0,0.060971,0.011658,0.0,0.0,0.034751,0.05968,0.05169,0.0,0.064573,0.046575,0.100618,0.037031,0.064513,0.0,0.0,0.0,0.0,0.0,0.035906,0.0,0.0,0.0,0.052388,0.016261,0.036648,0.033972,0.0,0.083728,0.0,0.0,0.055889,0.134186,0.0,0.0,0.0,0.0,0.0,0.0,0.0,0.018964
2021-04-14,0.0,0.0,0.0,0.060676,0.011585,0.0,0.0,0.034679,0.05892,0.051415,0.0,0.063042,0.046221,0.100305,0.037545,0.066324,0.0,0.0,0.0,0.0,0.0,0.036357,0.0,0.0,0.0,0.05111,0.015878,0.035955,0.033377,0.0,0.084264,0.0,0.0,0.05577,0.137874,0.0,0.0,0.0,0.0,0.0,0.0,0.0,0.018703
2021-04-15,0.0,0.0,0.0,0.060109,0.011508,0.0,0.0,0.034526,0.059473,0.05135,0.0,0.063272,0.045765,0.099079,0.036904,0.064716,0.0,0.0,0.0,0.0,0.0,0.036345,0.0,0.0,0.0,0.051498,0.016025,0.036255,0.033582,0.0,0.083792,0.0,0.0,0.055393,0.141872,0.0,0.0,0.0,0.0,0.0,0.0,0.0,0.018535
2021-04-16,0.0,0.0,0.0,0.060448,0.011582,0.0,0.0,0.034664,0.059871,0.051148,0.0,0.063347,0.046175,0.100037,0.036676,0.063765,0.0,0.0,0.0,0.0,0.0,0.035885,0.0,0.0,0.0,0.05135,0.015943,0.036102,0.033912,0.0,0.083205,0.0,0.0,0.055368,0.141953,0.0,0.0,0.0,0.0,0.0,0.0,0.0,0.018568
2021-04-19,0.0,0.0,0.0,0.060001,0.011578,0.0,0.0,0.033896,0.060638,0.051263,0.0,0.063161,0.046167,0.099924,0.036736,0.063919,0.0,0.0,0.0,0.0,0.0,0.035207,0.0,0.0,0.0,0.050134,0.015775,0.036085,0.033484,0.0,0.086093,0.0,0.0,0.055707,0.141616,0.0,0.0,0.0,0.0,0.0,0.0,0.0,0.018617
2021-04-20,0.0,0.0,0.0,0.059942,0.011694,0.0,0.0,0.033973,0.061837,0.052099,0.0,0.063983,0.046141,0.098155,0.036424,0.062168,0.0,0.0,0.0,0.0,0.0,0.035737,0.0,0.0,0.0,0.050333,0.015899,0.036188,0.033399,0.0,0.085795,0.0,0.0,0.057415,0.139856,0.0,0.0,0.0,0.0,0.0,0.0,0.0,0.018961
2021-04-21,0.0,0.0,0.0,0.05982,0.011568,0.0,0.0,0.033602,0.061505,0.051299,0.0,0.063265,0.046177,0.099007,0.036412,0.062585,0.0,0.0,0.0,0.0,0.0,0.036508,0.0,0.0,0.0,0.050987,0.015758,0.035991,0.033566,0.0,0.085986,0.0,0.0,0.056929,0.140319,0.0,0.0,0.0,0.0,0.0,0.0,0.0,0.018714
2021-04-22,0.0,0.0,0.0,0.061075,0.011715,0.0,0.0,0.033982,0.061122,0.05077,0.0,0.063206,0.04596,0.098379,0.036217,0.062464,0.0,0.0,0.0,0.0,0.0,0.037234,0.0,0.0,0.0,0.050199,0.015836,0.036323,0.033754,0.0,0.086125,0.0,0.0,0.058004,0.138799,0.0,0.0,0.0,0.0,0.0,0.0,0.0,0.018836
2021-04-23,0.0,0.0,0.0,0.059945,0.011624,0.0,0.0,0.033668,0.061304,0.050764,0.0,0.062956,0.046098,0.100305,0.035984,0.062356,0.0,0.0,0.0,0.0,0.0,0.036595,0.0,0.0,0.0,0.050327,0.01582,0.036006,0.033588,0.0,0.08659,0.0,0.0,0.057584,0.139942,0.0,0.0,0.0,0.0,0.0,0.0,0.0,0.018545
2021-04-26,0.0,0.0,0.0,0.059579,0.011459,0.0,0.0,0.033632,0.061692,0.050377,0.0,0.062106,0.04556,0.099302,0.035663,0.062922,0.0,0.0,0.0,0.0,0.0,0.037275,0.0,0.0,0.0,0.050451,0.015749,0.036356,0.033328,0.0,0.085808,0.0,0.0,0.057839,0.142645,0.0,0.0,0.0,0.0,0.0,0.0,0.0,0.018257
2021-04-27,0.0,0.0,0.0,0.059729,0.01149,0.0,0.0,0.03399,0.061448,0.050108,0.0,0.061828,0.045899,0.100135,0.036079,0.064092,0.0,0.0,0.0,0.0,0.0,0.037364,0.0,0.0,0.0,0.050051,0.015678,0.036053,0.032956,0.0,0.084802,0.0,0.0,0.057815,0.142234,0.0,0.0,0.0,0.0,0.0,0.0,0.0,0.018247
2021-04-28,0.0,0.0,0.0,0.059237,0.011488,0.0,0.0,0.034244,0.061268,0.049771,0.0,0.062135,0.045887,0.099662,0.037168,0.066555,0.0,0.0,0.0,0.0,0.0,0.037299,0.0,0.0,0.0,0.049086,0.015565,0.035442,0.032857,0.0,0.085146,0.0,0.0,0.056923,0.142096,0.0,0.0,0.0,0.0,0.0,0.0,0.0,0.018171
2021-04-29,0.0,0.0,0.0,0.058813,0.01141,0.0,0.0,0.034255,0.061345,0.049542,0.0,0.06369,0.046584,0.10059,0.037487,0.066336,0.0,0.0,0.0,0.0,0.0,0.036769,0.0,0.0,0.0,0.049278,0.015306,0.035224,0.032557,0.0,0.084673,0.0,0.0,0.05653,0.141487,0.0,0.0,0.0,0.0,0.0,0.0,0.0,0.018124
2021-04-30,0.0,0.0,0.0,0.131247,0.0,0.0,0.0,0.035582,0.058235,0.062252,0.0,0.08767,0.0,0.138988,0.079236,0.077349,0.012477,0.044424,0.0,0.0,0.0,0.020944,0.0,0.0,0.013816,0.096173,0.0,0.046137,0.0,0.0,0.024262,0.0,0.0,0.0,0.062572,0.0,0.0,0.0,0.0,0.0,0.0,0.0,0.008636
2021-05-03,0.0,0.0,0.0,0.130884,0.0,0.0,0.0,0.03584,0.057312,0.061824,0.0,0.086782,0.0,0.139132,0.081019,0.0796,0.012544,0.044835,0.0,0.0,0.0,0.020592,0.0,0.0,0.01371,0.094707,0.0,0.04563,0.0,0.0,0.023878,0.0,0.0,0.0,0.063118,0.0,0.0,0.0,0.0,0.0,0.0,0.0,0.008595
2021-05-04,0.0,0.0,0.0,0.129914,0.0,0.0,0.0,0.035578,0.055958,0.062175,0.0,0.086517,0.0,0.141707,0.081555,0.079963,0.012674,0.044923,0.0,0.0,0.0,0.019921,0.0,0.0,0.013545,0.09367,0.0,0.045275,0.0,0.0,0.02367,0.0,0.0,0.0,0.064307,0.0,0.0,0.0,0.0,0.0,0.0,0.0,0.008646
2021-05-05,0.0,0.0,0.0,0.130071,0.0,0.0,0.0,0.035831,0.055451,0.061722,0.0,0.085482,0.0,0.140774,0.083344,0.081263,0.012559,0.044561,0.0,0.0,0.0,0.019389,0.0,0.0,0.013377,0.093311,0.0,0.044395,0.0,0.0,0.023829,0.0,0.0,0.0,0.066082,0.0,0.0,0.0,0.0,0.0,0.0,0.0,0.008559
2021-05-06,0.0,0.0,0.0,0.12822,0.0,0.0,0.0,0.03615,0.056146,0.062624,0.0,0.086178,0.0,0.140378,0.083477,0.080509,0.012602,0.044569,0.0,0.0,0.0,0.019028,0.0,0.0,0.013463,0.093744,0.0,0.044,0.0,0.0,0.023361,0.0,0.0,0.0,0.067023,0.0,0.0,0.0,0.0,0.0,0.0,0.0,0.008528
2021-05-07,0.0,0.0,0.0,0.127663,0.0,0.0,0.0,0.036116,0.056658,0.062678,0.0,0.085655,0.0,0.138675,0.083813,0.081409,0.012562,0.044656,0.0,0.0,0.0,0.019076,0.0,0.0,0.013394,0.093742,0.0,0.043903,0.0,0.0,0.023111,0.0,0.0,0.0,0.068477,0.0,0.0,0.0,0.0,0.0,0.0,0.0,0.008412
2021-05-10,0.0,0.0,0.0,0.129007,0.0,0.0,0.0,0.036152,0.056029,0.063166,0.0,0.084912,0.0,0.138781,0.084741,0.081254,0.012709,0.045068,0.0,0.0,0.0,0.018578,0.0,0.0,0.013196,0.090531,0.0,0.043981,0.0,0.0,0.02314,0.0,0.0,0.0,0.070255,0.0,0.0,0.0,0.0,0.0,0.0,0.0,0.008501
2021-05-11,0.0,0.0,0.0,0.127463,0.0,0.0,0.0,0.036622,0.054397,0.063053,0.0,0.085609,0.0,0.139032,0.083479,0.081167,0.01266,0.044916,0.0,0.0,0.0,0.019091,0.0,0.0,0.013302,0.091659,0.0,0.044918,0.0,0.0,0.022998,0.0,0.0,0.0,0.071036,0.0,0.0,0.0,0.0,0.0,0.0,0.0,0.008596
2021-05-12,0.0,0.0,0.0,0.129995,0.0,0.0,0.0,0.036505,0.052265,0.061751,0.0,0.08589,0.0,0.138685,0.085835,0.082746,0.012645,0.044939,0.0,0.0,0.0,0.019384,0.0,0.0,0.013229,0.089976,0.0,0.044791,0.0,0.0,0.022831,0.0,0.0,0.0,0.069737,0.0,0.0,0.0,0.0,0.0,0.0,0.0,0.008797
2021-05-13,0.0,0.0,0.0,0.128382,0.0,0.0,0.0,0.036926,0.053239,0.062296,0.0,0.086254,0.0,0.14278,0.08454,0.079928,0.012844,0.045798,0.0,0.0,0.0,0.019071,0.0,0.0,0.013366,0.090856,0.0,0.044713,0.0,0.0,0.022749,0.0,0.0,0.0,0.067487,0.0,0.0,0.0,0.0,0.0,0.0,0.0,0.00877
2021-05-14,0.0,0.0,0.0,0.127464,0.0,0.0,0.0,0.036587,0.052781,0.061847,0.0,0.086057,0.0,0.142044,0.085284,0.082775,0.012741,0.045457,0.0,0.0,0.0,0.019336,0.0,0.0,0.013365,0.091648,0.0,0.044874,0.0,0.0,0.022986,0.0,0.0,0.0,0.066173,0.0,0.0,0.0,0.0,0.0,0.0,0.0,0.008582
2021-05-17,0.0,0.0,0.0,0.127147,0.0,0.0,0.0,0.036896,0.050922,0.060593,0.0,0.085235,0.0,0.14253,0.087117,0.085835,0.012681,0.045164,0.0,0.0,0.0,0.01926,0.0,0.0,0.013245,0.090699,0.0,0.044342,0.0,0.0,0.022963,0.0,0.0,0.0,0.066803,0.0,0.0,0.0,0.0,0.0,0.0,0.0,0.008567
2021-05-18,0.0,0.0,0.0,0.128021,0.0,0.0,0.0,0.037229,0.05374,0.061788,0.0,0.084574,0.0,0.14051,0.085305,0.084713,0.012527,0.044719,0.0,0.0,0.0,0.019392,0.0,0.0,0.013171,0.09019,0.0,0.044597,0.0,0.0,0.02332,0.0,0.0,0.0,0.067615,0.0,0.0,0.0,0.0,0.0,0.0,0.0,0.008588
2021-05-19,0.0,0.0,0.0,0.12644,0.0,0.0,0.0,0.037661,0.053938,0.062233,0.0,0.085592,0.0,0.141248,0.084051,0.083805,0.012586,0.044916,0.0,0.0,0.0,0.019251,0.0,0.0,0.013356,0.092909,0.0,0.044852,0.0,0.0,0.023636,0.0,0.0,0.0,0.064846,0.0,0.0,0.0,0.0,0.0,0.0,0.0,0.008678
2021-05-20,0.0,0.0,0.0,0.12741,0.0,0.0,0.0,0.037397,0.053982,0.062152,0.0,0.086448,0.0,0.139996,0.083332,0.08285,0.012526,0.044369,0.0,0.0,0.0,0.019516,0.0,0.0,0.013515,0.094682,0.0,0.045374,0.0,0.0,0.023775,0.0,0.0,0.0,0.064058,0.0,0.0,0.0,0.0,0.0,0.0,0.0,0.008617
2021-05-21,0.0,0.0,0.0,0.128117,0.0,0.0,0.0,0.037305,0.053295,0.061404,0.0,0.086166,0.0,0.141589,0.083518,0.083369,0.012589,0.044395,0.0,0.0,0.0,0.019381,0.0,0.0,0.013443,0.09417,0.0,0.045651,0.0,0.0,0.023716,0.0,0.0,0.0,0.063274,0.0,0.0,0.0,0.0,0.0,0.0,0.0,0.008618
2021-05-24,0.0,0.0,0.0,0.12695,0.0,0.0,0.0,0.037403,0.054175,0.061478,0.0,0.086937,0.0,0.139737,0.083583,0.083583,0.012551,0.044398,0.0,0.0,0.0,0.019078,0.0,0.0,0.013557,0.09567,0.0,0.045784,0.0,0.0,0.023908,0.0,0.0,0.0,0.062667,0.0,0.0,0.0,0.0,0.0,0.0,0.0,0.008539
2021-05-25,0.0,0.0,0.0,0.127631,0.0,0.0,0.0,0.037661,0.055089,0.062478,0.0,0.087573,0.0,0.137825,0.082505,0.081977,0.012609,0.044283,0.0,0.0,0.0,0.018982,0.0,0.0,0.013664,0.096681,0.0,0.045943,0.0,0.0,0.024302,0.0,0.0,0.0,0.062193,0.0,0.0,0.0,0.0,0.0,0.0,0.0,0.008604
2021-05-26,0.0,0.0,0.0,0.127038,0.0,0.0,0.0,0.037718,0.054778,0.062107,0.0,0.087277,0.0,0.138566,0.082421,0.083426,0.012524,0.044232,0.0,0.0,0.0,0.019203,0.0,0.0,0.013528,0.095986,0.0,0.046173,0.0,0.0,0.024093,0.0,0.0,0.0,0.06241,0.0,0.0,0.0,0.0,0.0,0.0,0.0,0.008519
2021-05-27,0.0,0.0,0.0,0.127201,0.0,0.0,0.0,0.037567,0.054195,0.061082,0.0,0.086903,0.0,0.139554,0.08182,0.084046,0.012594,0.044241,0.0,0.0,0.0,0.019293,0.0,0.0,0.013349,0.095614,0.0,0.045709,0.0,0.0,0.024179,0.0,0.0,0.0,0.064204,0.0,0.0,0.0,0.0,0.0,0.0,0.0,0.00845
2021-05-28,0.0,0.0,0.0,0.127175,0.0,0.0,0.0,0.037472,0.054894,0.061718,0.0,0.08634,0.0,0.139007,0.081715,0.083806,0.012553,0.044182,0.0,0.0,0.0,0.019158,0.0,0.0,0.013353,0.096193,0.0,0.045481,0.0,0.0,0.024731,0.0,0.0,0.0,0.063798,0.0,0.0,0.0,0.0,0.0,0.0,0.0,0.008423
2021-05-31,0.0,0.046989,0.0,0.024982,0.0,0.0,0.0,0.0,0.064329,0.035625,0.039826,0.089069,0.063607,0.036401,0.062174,0.035693,0.0,0.045136,0.0,0.068714,0.0,0.0,0.0,0.0,0.023381,0.028774,0.013367,0.033973,0.0,0.088712,0.053153,0.0,0.0,0.053588,0.089049,0.0,0.0,0.0,0.0,0.0,0.0,0.0,0.003458
2021-06-01,0.0,0.046756,0.0,0.024825,0.0,0.0,0.0,0.0,0.065122,0.035725,0.039251,0.088008,0.063189,0.036259,0.063757,0.037525,0.0,0.044612,0.0,0.067777,0.0,0.0,0.0,0.0,0.022974,0.028334,0.013121,0.033343,0.0,0.089178,0.053656,0.0,0.0,0.05377,0.089404,0.0,0.0,0.0,0.0,0.0,0.0,0.0,0.003414
2021-06-02,0.0,0.046825,0.0,0.024925,0.0,0.0,0.0,0.0,0.064666,0.035524,0.03907,0.087743,0.063291,0.035933,0.064947,0.038127,0.0,0.044247,0.0,0.066675,0.0,0.0,0.0,0.0,0.023133,0.028507,0.013144,0.033548,0.0,0.090225,0.053879,0.0,0.0,0.053857,0.088319,0.0,0.0,0.0,0.0,0.0,0.0,0.0,0.003414
2021-06-03,0.0,0.04688,0.0,0.025131,0.0,0.0,0.0,0.0,0.064903,0.035737,0.038926,0.087873,0.063965,0.036303,0.065663,0.038483,0.0,0.044351,0.0,0.066362,0.0,0.0,0.0,0.0,0.023108,0.028249,0.01309,0.033165,0.0,0.090636,0.053481,0.0,0.0,0.053585,0.086664,0.0,0.0,0.0,0.0,0.0,0.0,0.0,0.003442
2021-06-04,0.0,0.046794,0.0,0.024909,0.0,0.0,0.0,0.0,0.064904,0.035791,0.038845,0.088241,0.06349,0.035927,0.06544,0.038086,0.0,0.04371,0.0,0.066479,0.0,0.0,0.0,0.0,0.023316,0.028646,0.013239,0.033194,0.0,0.089773,0.054507,0.0,0.0,0.054015,0.087287,0.0,0.0,0.0,0.0,0.0,0.0,0.0,0.003408
2021-06-07,0.0,0.047081,0.0,0.025103,0.0,0.0,0.0,0.0,0.064495,0.03567,0.038905,0.088834,0.063174,0.036067,0.065258,0.038512,0.0,0.043667,0.0,0.06626,0.0,0.0,0.0,0.0,0.023347,0.028466,0.013364,0.033652,0.0,0.090971,0.054235,0.0,0.0,0.054069,0.085459,0.0,0.0,0.0,0.0,0.0,0.0,0.0,0.003413
2021-06-08,0.0,0.047017,0.0,0.025106,0.0,0.0,0.0,0.0,0.063959,0.035387,0.039171,0.088471,0.062933,0.036056,0.065743,0.038841,0.0,0.043752,0.0,0.066557,0.0,0.0,0.0,0.0,0.023321,0.02827,0.013379,0.033912,0.0,0.091615,0.053854,0.0,0.0,0.054232,0.085016,0.0,0.0,0.0,0.0,0.0,0.0,0.0,0.003409
2021-06-09,0.0,0.047184,0.0,0.025333,0.0,0.0,0.0,0.0,0.064132,0.035128,0.03916,0.088846,0.062666,0.03574,0.065676,0.038831,0.0,0.043441,0.0,0.065629,0.0,0.0,0.0,0.0,0.02346,0.028278,0.01345,0.034038,0.0,0.09222,0.053931,0.0,0.0,0.054374,0.085056,0.0,0.0,0.0,0.0,0.0,0.0,0.0,0.003427
2021-06-10,0.0,0.047196,0.0,0.025216,0.0,0.0,0.0,0.0,0.064853,0.035525,0.039305,0.089237,0.061873,0.034996,0.065526,0.038375,0.0,0.043065,0.0,0.063896,0.0,0.0,0.0,0.0,0.023608,0.028574,0.013673,0.034759,0.0,0.092785,0.054684,0.0,0.0,0.054632,0.084798,0.0,0.0,0.0,0.0,0.0,0.0,0.0,0.003423
2021-06-11,0.0,0.047158,0.0,0.025315,0.0,0.0,0.0,0.0,0.064618,0.035365,0.039358,0.088972,0.062016,0.035029,0.065035,0.038475,0.0,0.043339,0.0,0.064267,0.0,0.0,0.0,0.0,0.023652,0.028601,0.013755,0.03476,0.0,0.092038,0.055454,0.0,0.0,0.054125,0.085261,0.0,0.0,0.0,0.0,0.0,0.0,0.0,0.003409
2021-06-14,0.0,0.047431,0.0,0.025367,0.0,0.0,0.0,0.0,0.064908,0.035605,0.039496,0.089852,0.06157,0.034624,0.064962,0.038175,0.0,0.043089,0.0,0.06366,0.0,0.0,0.0,0.0,0.023969,0.029101,0.01397,0.03494,0.0,0.092695,0.055491,0.0,0.0,0.053272,0.084403,0.0,0.0,0.0,0.0,0.0,0.0,0.0,0.00342
2021-06-15,0.0,0.047638,0.0,0.025288,0.0,0.0,0.0,0.0,0.065243,0.035717,0.039452,0.089713,0.061945,0.03523,0.066478,0.039004,0.0,0.043598,0.0,0.064251,0.0,0.0,0.0,0.0,0.023922,0.028984,0.013832,0.03489,0.0,0.092088,0.055271,0.0,0.0,0.053038,0.080983,0.0,0.0,0.0,0.0,0.0,0.0,0.0,0.003434
2021-06-16,0.0,0.047632,0.0,0.025652,0.0,0.0,0.0,0.0,0.065229,0.035682,0.039857,0.089797,0.062484,0.035907,0.06677,0.039177,0.0,0.04357,0.0,0.063872,0.0,0.0,0.0,0.0,0.024025,0.028992,0.013889,0.035354,0.0,0.092383,0.053621,0.0,0.0,0.053181,0.079457,0.0,0.0,0.0,0.0,0.0,0.0,0.0,0.003468
2021-06-17,0.0,0.047733,0.0,0.025979,0.0,0.0,0.0,0.0,0.066466,0.036026,0.040463,0.091201,0.061329,0.034678,0.065236,0.037823,0.0,0.043116,0.0,0.065048,0.0,0.0,0.0,0.0,0.024581,0.029639,0.014291,0.036246,0.0,0.09332,0.055142,0.0,0.0,0.051712,0.076464,0.0,0.0,0.0,0.0,0.0,0.0,0.0,0.003507
2021-06-18,0.0,0.047337,0.0,0.026003,0.0,0.0,0.0,0.0,0.066224,0.036194,0.040713,0.091169,0.060538,0.033928,0.06403,0.03743,0.0,0.043045,0.0,0.066089,0.0,0.0,0.0,0.0,0.024636,0.029262,0.014502,0.036364,0.0,0.092788,0.056055,0.0,0.0,0.053312,0.076833,0.0,0.0,0.0,0.0,0.0,0.0,0.0,0.003547
2021-06-21,0.0,0.04723,0.0,0.025689,0.0,0.0,0.0,0.0,0.065237,0.035955,0.040332,0.090494,0.060901,0.034515,0.065627,0.038707,0.0,0.043114,0.0,0.065818,0.0,0.0,0.0,0.0,0.024478,0.028873,0.014311,0.035779,0.0,0.093097,0.055484,0.0,0.0,0.052554,0.078319,0.0,0.0,0.0,0.0,0.0,0.0,0.0,0.003487
2021-06-22,0.0,0.047113,0.0,0.025693,0.0,0.0,0.0,0.0,0.064423,0.035821,0.040599,0.091018,0.060834,0.034367,0.065882,0.038814,0.0,0.043071,0.0,0.065983,0.0,0.0,0.0,0.0,0.024632,0.028929,0.014428,0.036233,0.0,0.092357,0.05525,0.0,0.0,0.051886,0.079189,0.0,0.0,0.0,0.0,0.0,0.0,0.0,0.003478
2021-06-23,0.0,0.046662,0.0,0.025618,0.0,0.0,0.0,0.0,0.064814,0.035846,0.040772,0.090617,0.060745,0.034329,0.065838,0.039138,0.0,0.042863,0.0,0.065086,0.0,0.0,0.0,0.0,0.02452,0.02895,0.014378,0.035949,0.0,0.091882,0.056353,0.0,0.0,0.051738,0.080435,0.0,0.0,0.0,0.0,0.0,0.0,0.0,0.003465
2021-06-24,0.0,0.046816,0.0,0.025644,0.0,0.0,0.0,0.0,0.065023,0.036045,0.040654,0.090894,0.061117,0.034598,0.065988,0.039513,0.0,0.042818,0.0,0.06483,0.0,0.0,0.0,0.0,0.02452,0.029257,0.014415,0.035877,0.0,0.091108,0.055856,0.0,0.0,0.051241,0.080339,0.0,0.0,0.0,0.0,0.0,0.0,0.0,0.003444
2021-06-25,0.0,0.046661,0.0,0.025697,0.0,0.0,0.0,0.0,0.064952,0.036067,0.040693,0.090521,0.061524,0.034855,0.065981,0.039769,0.0,0.042537,0.0,0.06455,0.0,0.0,0.0,0.0,0.02436,0.029022,0.014345,0.035799,0.0,0.091233,0.056303,0.0,0.0,0.050939,0.080765,0.0,0.0,0.0,0.0,0.0,0.0,0.0,0.003425
2021-06-28,0.0,0.046412,0.0,0.025632,0.0,0.0,0.0,0.0,0.065633,0.035936,0.040801,0.091765,0.061222,0.03412,0.063906,0.038127,0.0,0.042277,0.0,0.065182,0.0,0.0,0.0,0.0,0.024675,0.029787,0.014554,0.036031,0.0,0.091188,0.057298,0.0,0.0,0.052151,0.079868,0.0,0.0,0.0,0.0,0.0,0.0,0.0,0.003434
2021-06-29,0.0,0.046515,0.0,0.02574,0.0,0.0,0.0,0.0,0.065514,0.03586,0.040969,0.09142,0.061105,0.033937,0.0637,0.037985,0.0,0.042341,0.0,0.065832,0.0,0.0,0.0,0.0,0.024896,0.03007,0.014645,0.036029,0.0,0.091089,0.057309,0.0,0.0,0.052035,0.079569,0.0,0.0,0.0,0.0,0.0,0.0,0.0,0.003439
2021-06-30,0.021199,0.056661,0.0,0.055794,0.0,0.0,0.0,0.032524,0.0528,0.0,0.0,0.075642,0.072957,0.0,0.018649,0.066776,0.0,0.05152,0.076061,0.076088,0.0,0.0,0.0,0.0,0.010122,0.024835,0.011089,0.038058,0.0,0.075893,0.075907,0.0,0.0,0.027579,0.075935,0.0,0.0,0.0,0.0,0.0,0.0,0.0,0.003912
2021-07-01,0.021151,0.056718,0.0,0.055735,0.0,0.0,0.0,0.032262,0.052459,0.0,0.0,0.075828,0.073172,0.0,0.018881,0.068021,0.0,0.051952,0.0761,0.077059,0.0,0.0,0.0,0.0,0.010089,0.024359,0.011041,0.037903,0.0,0.075846,0.075106,0.0,0.0,0.027208,0.075216,0.0,0.0,0.0,0.0,0.0,0.0,0.0,0.003894
2021-07-02,0.021255,0.056837,0.0,0.055767,0.0,0.0,0.0,0.032443,0.052676,0.0,0.0,0.076304,0.073041,0.0,0.018826,0.066743,0.0,0.051772,0.076157,0.076568,0.0,0.0,0.0,0.0,0.010215,0.02449,0.011177,0.038111,0.0,0.076022,0.075064,0.0,0.0,0.027012,0.07563,0.0,0.0,0.0,0.0,0.0,0.0,0.0,0.003891
2021-07-05,0.021332,0.056825,0.0,0.055889,0.0,0.0,0.0,0.032436,0.052665,0.0,0.0,0.076287,0.073025,0.0,0.018822,0.066729,0.0,0.051761,0.07614,0.076551,0.0,0.0,0.0,0.0,0.010212,0.024485,0.011175,0.038103,0.0,0.076006,0.075047,0.0,0.0,0.027006,0.075614,0.0,0.0,0.0,0.0,0.0,0.0,0.0,0.00389
2021-07-06,0.021412,0.056995,0.0,0.0558,0.0,0.0,0.0,0.032446,0.053375,0.0,0.0,0.076816,0.072554,0.0,0.01838,0.064611,0.0,0.051682,0.075715,0.076123,0.0,0.0,0.0,0.0,0.010348,0.024672,0.0114,0.039122,0.0,0.077281,0.076541,0.0,0.0,0.026487,0.074314,0.0,0.0,0.0,0.0,0.0,0.0,0.0,0.003926
2021-07-07,0.021383,0.057026,0.0,0.055638,0.0,0.0,0.0,0.032439,0.05314,0.0,0.0,0.076271,0.072244,0.0,0.01798,0.062759,0.0,0.051665,0.076072,0.076889,0.0,0.0,0.0,0.0,0.010345,0.024162,0.011338,0.039056,0.0,0.077113,0.078817,0.0,0.0,0.026294,0.075465,0.0,0.0,0.0,0.0,0.0,0.0,0.0,0.003904
2021-07-08,0.021416,0.057003,0.0,0.055463,0.0,0.0,0.0,0.032602,0.053057,0.0,0.0,0.07638,0.071685,0.0,0.018101,0.063903,0.0,0.050615,0.075982,0.075312,0.0,0.0,0.0,0.0,0.010376,0.024151,0.011376,0.039391,0.0,0.077864,0.08022,0.0,0.0,0.02643,0.07472,0.0,0.0,0.0,0.0,0.0,0.0,0.0,0.003953
2021-07-09,0.021287,0.05682,0.0,0.055139,0.0,0.0,0.0,0.032304,0.052767,0.0,0.0,0.075616,0.072373,0.0,0.018139,0.064288,0.0,0.05092,0.076025,0.07473,0.0,0.0,0.0,0.0,0.010276,0.024085,0.011234,0.039056,0.0,0.077662,0.08121,0.0,0.0,0.025993,0.076198,0.0,0.0,0.0,0.0,0.0,0.0,0.0,0.003879
2021-07-12,0.021244,0.056751,0.0,0.05501,0.0,0.0,0.0,0.032124,0.052627,0.0,0.0,0.075693,0.072641,0.0,0.018002,0.063437,0.0,0.050509,0.075811,0.074192,0.0,0.0,0.0,0.0,0.010222,0.024247,0.011086,0.038475,0.0,0.077854,0.084209,0.0,0.0,0.026274,0.075738,0.0,0.0,0.0,0.0,0.0,0.0,0.0,0.003855
2021-07-13,0.021469,0.056911,0.0,0.055398,0.0,0.0,0.0,0.032294,0.052929,0.0,0.0,0.076192,0.072516,0.0,0.01803,0.063208,0.0,0.050489,0.075808,0.07298,0.0,0.0,0.0,0.0,0.010358,0.024371,0.011182,0.038707,0.0,0.07747,0.083897,0.0,0.0,0.026588,0.075314,0.0,0.0,0.0,0.0,0.0,0.0,0.0,0.003891
2021-07-14,0.021544,0.057384,0.0,0.055308,0.0,0.0,0.0,0.032709,0.053564,0.0,0.0,0.076646,0.072663,0.0,0.01761,0.060485,0.0,0.050882,0.076157,0.073546,0.0,0.0,0.0,0.0,0.010504,0.024421,0.011176,0.038713,0.0,0.078533,0.082444,0.0,0.0,0.027062,0.074733,0.0,0.0,0.0,0.0,0.0,0.0,0.0,0.003916
2021-07-15,0.021507,0.056896,0.0,0.054944,0.0,0.0,0.0,0.032856,0.053568,0.0,0.0,0.076274,0.073065,0.0,0.017402,0.059401,0.0,0.051014,0.076337,0.073721,0.0,0.0,0.0,0.0,0.010441,0.023932,0.011065,0.038473,0.0,0.078837,0.08388,0.0,0.0,0.027212,0.07525,0.0,0.0,0.0,0.0,0.0,0.0,0.0,0.003925
2021-07-16,0.021733,0.057328,0.0,0.055532,0.0,0.0,0.0,0.033088,0.054153,0.0,0.0,0.076885,0.073103,0.0,0.017152,0.057864,0.0,0.051021,0.076268,0.074199,0.0,0.0,0.0,0.0,0.010486,0.023749,0.011247,0.039067,0.0,0.079917,0.082314,0.0,0.0,0.027679,0.073231,0.0,0.0,0.0,0.0,0.0,0.0,0.0,0.003982
2021-07-19,0.021731,0.057297,0.0,0.055317,0.0,0.0,0.0,0.033437,0.054459,0.0,0.0,0.077246,0.072495,0.0,0.016881,0.056624,0.0,0.051184,0.07614,0.075425,0.0,0.0,0.0,0.0,0.010551,0.024204,0.011421,0.039798,0.0,0.080045,0.082236,0.0,0.0,0.0279,0.071549,0.0,0.0,0.0,0.0,0.0,0.0,0.0,0.004062
2021-07-20,0.021569,0.056667,0.0,0.055259,0.0,0.0,0.0,0.033091,0.053685,0.0,0.0,0.076804,0.073041,0.0,0.016819,0.057011,0.0,0.051364,0.075707,0.076018,0.0,0.0,0.0,0.0,0.010527,0.024121,0.011443,0.039892,0.0,0.080555,0.083397,0.0,0.0,0.027899,0.071137,0.0,0.0,0.0,0.0,0.0,0.0,0.0,0.003993
2021-07-21,0.02139,0.056702,0.0,0.055059,0.0,0.0,0.0,0.032549,0.052784,0.0,0.0,0.076036,0.07295,0.0,0.01709,0.058668,0.0,0.051041,0.075147,0.075838,0.0,0.0,0.0,0.0,0.010435,0.02441,0.011321,0.039372,0.0,0.079084,0.085642,0.0,0.0,0.027807,0.072754,0.0,0.0,0.0,0.0,0.0,0.0,0.0,0.00392
2021-07-22,0.021483,0.056859,0.0,0.055049,0.0,0.0,0.0,0.032777,0.052819,0.0,0.0,0.076384,0.072234,0.0,0.016918,0.057542,0.0,0.05114,0.075259,0.075471,0.0,0.0,0.0,0.0,0.010524,0.024293,0.011478,0.039939,0.0,0.078544,0.085948,0.0,0.0,0.028106,0.073308,0.0,0.0,0.0,0.0,0.0,0.0,0.0,0.003925
2021-07-23,0.021572,0.057021,0.0,0.055129,0.0,0.0,0.0,0.032649,0.052492,0.0,0.0,0.07783,0.071939,0.0,0.016759,0.056627,0.0,0.05097,0.075354,0.077046,0.0,0.0,0.0,0.0,0.010568,0.024278,0.011563,0.040213,0.0,0.078742,0.083972,0.0,0.0,0.027812,0.073561,0.0,0.0,0.0,0.0,0.0,0.0,0.0,0.003902
2021-07-26,0.021499,0.056922,0.0,0.054851,0.0,0.0,0.0,0.032679,0.051849,0.0,0.0,0.077797,0.071955,0.0,0.017078,0.05804,0.0,0.050769,0.07557,0.075769,0.0,0.0,0.0,0.0,0.010504,0.024151,0.011469,0.039757,0.0,0.078343,0.083632,0.0,0.0,0.028305,0.075182,0.0,0.0,0.0,0.0,0.0,0.0,0.0,0.003881
2021-07-27,0.021565,0.057406,0.0,0.054779,0.0,0.0,0.0,0.032639,0.051626,0.0,0.0,0.077694,0.072707,0.0,0.017101,0.056847,0.0,0.050019,0.076481,0.076768,0.0,0.0,0.0,0.0,0.010516,0.023962,0.011437,0.039905,0.0,0.079631,0.080725,0.0,0.0,0.028445,0.075824,0.0,0.0,0.0,0.0,0.0,0.0,0.0,0.003922
2021-07-28,0.021502,0.057255,0.0,0.054929,0.0,0.0,0.0,0.032488,0.051761,0.0,0.0,0.077697,0.072045,0.0,0.017124,0.057665,0.0,0.049403,0.07611,0.075703,0.0,0.0,0.0,0.0,0.010422,0.024165,0.011437,0.039855,0.0,0.07874,0.08353,0.0,0.0,0.028269,0.07601,0.0,0.0,0.0,0.0,0.0,0.0,0.0,0.003892
2021-07-29,0.021413,0.057048,0.0,0.05476,0.0,0.0,0.0,0.032274,0.052037,0.0,0.0,0.075993,0.072014,0.0,0.017094,0.056932,0.0,0.049085,0.076078,0.077563,0.0,0.0,0.0,0.0,0.010352,0.024379,0.011321,0.039526,0.0,0.077866,0.085225,0.0,0.0,0.027847,0.077344,0.0,0.0,0.0,0.0,0.0,0.0,0.0,0.003848
2021-07-30,0.062873,0.0,0.0,0.046157,0.0,0.0,0.0,0.0,0.096461,0.0,0.0,0.096992,0.082128,0.0,0.052277,0.056494,0.036435,0.014138,0.0,0.09702,0.097135,0.0,0.0,0.0,0.034282,0.022624,0.034538,0.016515,0.0,0.096935,0.0,0.0,0.0,0.025774,0.0,0.0,0.0,0.0,0.0,0.0,0.0,0.0,0.031223
2021-08-02,0.063296,0.0,0.0,0.04637,0.0,0.0,0.0,0.0,0.09679,0.0,0.0,0.09687,0.082237,0.0,0.05194,0.055426,0.036223,0.014095,0.0,0.097285,0.097369,0.0,0.0,0.0,0.034194,0.022791,0.034584,0.016606,0.0,0.096826,0.0,0.0,0.0,0.025842,0.0,0.0,0.0,0.0,0.0,0.0,0.0,0.0,0.031255
2021-08-03,0.062613,0.0,0.0,0.04587,0.0,0.0,0.0,0.0,0.097115,0.0,0.0,0.095765,0.082583,0.0,0.052464,0.056175,0.036441,0.014158,0.0,0.097864,0.098038,0.0,0.0,0.0,0.034175,0.022806,0.034364,0.016501,0.0,0.096273,0.0,0.0,0.0,0.025759,0.0,0.0,0.0,0.0,0.0,0.0,0.0,0.0,0.031036
2021-08-04,0.063141,0.0,0.0,0.046218,0.0,0.0,0.0,0.0,0.098599,0.0,0.0,0.096558,0.082337,0.0,0.051322,0.053944,0.036143,0.013957,0.0,0.097015,0.098154,0.0,0.0,0.0,0.034431,0.023164,0.034916,0.016625,0.0,0.096497,0.0,0.0,0.0,0.025775,0.0,0.0,0.0,0.0,0.0,0.0,0.0,0.0,0.031204
2021-08-05,0.062965,0.0,0.0,0.046173,0.0,0.0,0.0,0.0,0.098247,0.0,0.0,0.096735,0.082812,0.0,0.051528,0.054989,0.036049,0.014025,0.0,0.096932,0.097043,0.0,0.0,0.0,0.03437,0.023,0.034977,0.016531,0.0,0.096921,0.0,0.0,0.0,0.025726,0.0,0.0,0.0,0.0,0.0,0.0,0.0,0.0,0.030978
2021-08-06,0.062858,0.0,0.0,0.046387,0.0,0.0,0.0,0.0,0.097277,0.0,0.0,0.096639,0.084401,0.0,0.051949,0.05555,0.036181,0.014113,0.0,0.096109,0.096866,0.0,0.0,0.0,0.034307,0.022863,0.03478,0.016254,0.0,0.096653,0.0,0.0,0.0,0.025865,0.0,0.0,0.0,0.0,0.0,0.0,0.0,0.0,0.03095
2021-08-09,0.063081,0.0,0.0,0.046475,0.0,0.0,0.0,0.0,0.097148,0.0,0.0,0.096785,0.084906,0.0,0.051384,0.054811,0.036158,0.014041,0.0,0.095917,0.097561,0.0,0.0,0.0,0.03431,0.022861,0.034913,0.016355,0.0,0.096457,0.0,0.0,0.0,0.025786,0.0,0.0,0.0,0.0,0.0,0.0,0.0,0.0,0.031052
2021-08-10,0.062943,0.0,0.0,0.046613,0.0,0.0,0.0,0.0,0.09596,0.0,0.0,0.096702,0.085562,0.0,0.052144,0.056168,0.036424,0.014183,0.0,0.096887,0.097063,0.0,0.0,0.0,0.033969,0.022532,0.034395,0.016119,0.0,0.095275,0.0,0.0,0.0,0.026098,0.0,0.0,0.0,0.0,0.0,0.0,0.0,0.0,0.030962
2021-08-11,0.062816,0.0,0.0,0.046276,0.0,0.0,0.0,0.0,0.095524,0.0,0.0,0.096434,0.086136,0.0,0.052307,0.056106,0.036723,0.014346,0.0,0.099109,0.09565,0.0,0.0,0.0,0.033813,0.02235,0.034146,0.01598,0.0,0.095386,0.0,0.0,0.0,0.026084,0.0,0.0,0.0,0.0,0.0,0.0,0.0,0.0,0.030815
2021-08-12,0.06285,0.0,0.0,0.046362,0.0,0.0,0.0,0.0,0.095113,0.0,0.0,0.096525,0.086218,0.0,0.05221,0.05589,0.036622,0.014343,0.0,0.098275,0.096321,0.0,0.0,0.0,0.033978,0.022091,0.034454,0.016173,0.0,0.095511,0.0,0.0,0.0,0.02628,0.0,0.0,0.0,0.0,0.0,0.0,0.0,0.0,0.030786
2021-08-13,0.063282,0.0,0.0,0.046395,0.0,0.0,0.0,0.0,0.094164,0.0,0.0,0.096839,0.085801,0.0,0.05173,0.054135,0.036604,0.014363,0.0,0.098468,0.097179,0.0,0.0,0.0,0.034254,0.022288,0.034637,0.016289,0.0,0.096286,0.0,0.0,0.0,0.026418,0.0,0.0,0.0,0.0,0.0,0.0,0.0,0.0,0.030869
2021-08-16,0.06313,0.0,0.0,0.046226,0.0,0.0,0.0,0.0,0.093882,0.0,0.0,0.097222,0.085773,0.0,0.050893,0.052669,0.036813,0.014426,0.0,0.099175,0.098508,0.0,0.0,0.0,0.034487,0.022256,0.034466,0.016159,0.0,0.096388,0.0,0.0,0.0,0.026587,0.0,0.0,0.0,0.0,0.0,0.0,0.0,0.0,0.030939
2021-08-17,0.063618,0.0,0.0,0.046251,0.0,0.0,0.0,0.0,0.091994,0.0,0.0,0.097379,0.08602,0.0,0.050871,0.052825,0.036778,0.014418,0.0,0.096622,0.100667,0.0,0.0,0.0,0.034542,0.022043,0.034567,0.016225,0.0,0.097248,0.0,0.0,0.0,0.026686,0.0,0.0,0.0,0.0,0.0,0.0,0.0,0.0,0.031245
2021-08-18,0.063971,0.0,0.0,0.046968,0.0,0.0,0.0,0.0,0.09406,0.0,0.0,0.097298,0.085544,0.0,0.050152,0.051694,0.036624,0.014404,0.0,0.097064,0.099815,0.0,0.0,0.0,0.034299,0.0219,0.034647,0.016194,0.0,0.097022,0.0,0.0,0.0,0.026883,0.0,0.0,0.0,0.0,0.0,0.0,0.0,0.0,0.031459
2021-08-19,0.06364,0.0,0.0,0.046262,0.0,0.0,0.0,0.0,0.092765,0.0,0.0,0.097943,0.085462,0.0,0.049169,0.050446,0.036605,0.014344,0.0,0.097394,0.10092,0.0,0.0,0.0,0.03486,0.022224,0.035117,0.016381,0.0,0.098126,0.0,0.0,0.0,0.02668,0.0,0.0,0.0,0.0,0.0,0.0,0.0,0.0,0.031661
2021-08-20,0.063537,0.0,0.0,0.046257,0.0,0.0,0.0,0.0,0.092684,0.0,0.0,0.098119,0.085402,0.0,0.048941,0.050302,0.036452,0.014298,0.0,0.098534,0.100804,0.0,0.0,0.0,0.035068,0.022238,0.0353,0.016433,0.0,0.097945,0.0,0.0,0.0,0.026234,0.0,0.0,0.0,0.0,0.0,0.0,0.0,0.0,0.031451
2021-08-23,0.06358,0.0,0.0,0.046235,0.0,0.0,0.0,0.0,0.093646,0.0,0.0,0.098166,0.085117,0.0,0.050193,0.05224,0.036329,0.014262,0.0,0.097094,0.099685,0.0,0.0,0.0,0.035114,0.022602,0.035462,0.016466,0.0,0.096641,0.0,0.0,0.0,0.026084,0.0,0.0,0.0,0.0,0.0,0.0,0.0,0.0,0.031087
2021-08-24,0.063362,0.0,0.0,0.046329,0.0,0.0,0.0,0.0,0.093325,0.0,0.0,0.09794,0.085161,0.0,0.050745,0.053506,0.036311,0.014216,0.0,0.097889,0.098786,0.0,0.0,0.0,0.034881,0.022478,0.035499,0.016759,0.0,0.095684,0.0,0.0,0.0,0.026214,0.0,0.0,0.0,0.0,0.0,0.0,0.0,0.0,0.030915
2021-08-25,0.063086,0.0,0.0,0.046429,0.0,0.0,0.0,0.0,0.094216,0.0,0.0,0.097505,0.085647,0.0,0.050827,0.05414,0.036326,0.014222,0.0,0.098304,0.097927,0.0,0.0,0.0,0.034652,0.022513,0.035366,0.016884,0.0,0.095048,0.0,0.0,0.0,0.02618,0.0,0.0,0.0,0.0,0.0,0.0,0.0,0.0,0.030728
2021-08-26,0.063284,0.0,0.0,0.046457,0.0,0.0,0.0,0.0,0.094109,0.0,0.0,0.09729,0.085783,0.0,0.050382,0.053567,0.036402,0.014215,0.0,0.097603,0.098181,0.0,0.0,0.0,0.034659,0.022681,0.035439,0.017058,0.0,0.095705,0.0,0.0,0.0,0.026255,0.0,0.0,0.0,0.0,0.0,0.0,0.0,0.0,0.030928
2021-08-27,0.062738,0.0,0.0,0.046311,0.0,0.0,0.0,0.0,0.094775,0.0,0.0,0.097443,0.0857,0.0,0.050999,0.055602,0.036139,0.014145,0.0,0.09777,0.096695,0.0,0.0,0.0,0.034502,0.02279,0.035477,0.016979,0.0,0.095351,0.0,0.0,0.0,0.026089,0.0,0.0,0.0,0.0,0.0,0.0,0.0,0.0,0.030494
2021-08-30,0.062703,0.0,0.0,0.046381,0.0,0.0,0.0,0.0,0.09539,0.0,0.0,0.098057,0.084445,0.0,0.050372,0.054653,0.036078,0.014023,0.0,0.097451,0.097188,0.0,0.0,0.0,0.034855,0.022823,0.035621,0.017062,0.0,0.096252,0.0,0.0,0.0,0.026169,0.0,0.0,0.0,0.0,0.0,0.0,0.0,0.0,0.030477
2021-08-31,0.066539,0.080121,0.0,0.02337,0.0,0.0,0.023556,0.0,0.048124,0.0,0.0,0.079981,0.078046,0.0,0.03164,0.0,0.079964,0.0,0.0,0.046742,0.079892,0.0,0.0,0.0,0.023643,0.018527,0.023218,0.023531,0.0,0.07998,0.080282,0.0,0.0,0.04817,0.031436,0.0,0.0,0.028529,0.0,0.0,0.0,0.0,0.00471
2021-09-01,0.066735,0.080652,0.0,0.023376,0.0,0.0,0.023709,0.0,0.048231,0.0,0.0,0.080352,0.077569,0.0,0.031163,0.0,0.079627,0.0,0.0,0.047177,0.079884,0.0,0.0,0.0,0.02364,0.018419,0.023289,0.023577,0.0,0.081231,0.078938,0.0,0.0,0.047975,0.031219,0.0,0.0,0.02853,0.0,0.0,0.0,0.0,0.004707
2021-09-02,0.066747,0.08081,0.0,0.023523,0.0,0.0,0.023183,0.0,0.048035,0.0,0.0,0.079559,0.077588,0.0,0.031853,0.0,0.08023,0.0,0.0,0.047016,0.080486,0.0,0.0,0.0,0.02354,0.018429,0.023192,0.023721,0.0,0.0814,0.078175,0.0,0.0,0.047875,0.031494,0.0,0.0,0.028451,0.0,0.0,0.0,0.0,0.004692
2021-09-03,0.066852,0.08066,0.0,0.023456,0.0,0.0,0.023157,0.0,0.048508,0.0,0.0,0.079693,0.077231,0.0,0.031724,0.0,0.079876,0.0,0.0,0.046565,0.08071,0.0,0.0,0.0,0.023673,0.018599,0.023449,0.023929,0.0,0.081552,0.077211,0.0,0.0,0.04793,0.032066,0.0,0.0,0.028459,0.0,0.0,0.0,0.0,0.0047
2021-09-06,0.067156,0.080619,0.0,0.023606,0.0,0.0,0.023145,0.0,0.048484,0.0,0.0,0.079653,0.077193,0.0,0.031708,0.0,0.079836,0.0,0.0,0.046542,0.08067,0.0,0.0,0.0,0.023661,0.018589,0.023437,0.023917,0.0,0.081511,0.077173,0.0,0.0,0.047906,0.03205,0.0,0.0,0.028445,0.0,0.0,0.0,0.0,0.004697
2021-09-07,0.066919,0.080598,0.0,0.023565,0.0,0.0,0.023371,0.0,0.04842,0.0,0.0,0.080125,0.077001,0.0,0.031632,0.0,0.078736,0.0,0.0,0.046203,0.080486,0.0,0.0,0.0,0.023752,0.018587,0.023269,0.023742,0.0,0.080881,0.079882,0.0,0.0,0.047775,0.031866,0.0,0.0,0.028476,0.0,0.0,0.0,0.0,0.004714
2021-09-08,0.06708,0.080402,0.0,0.023498,0.0,0.0,0.022214,0.0,0.047891,0.0,0.0,0.080357,0.077438,0.0,0.031478,0.0,0.079479,0.0,0.0,0.045622,0.0811,0.0,0.0,0.0,0.023852,0.018497,0.023308,0.023796,0.0,0.081943,0.079523,0.0,0.0,0.047856,0.031092,0.0,0.0,0.028822,0.0,0.0,0.0,0.0,0.004752
2021-09-09,0.067339,0.080255,0.0,0.023664,0.0,0.0,0.022967,0.0,0.048398,0.0,0.0,0.080058,0.077757,0.0,0.031582,0.0,0.079189,0.0,0.0,0.04558,0.08026,0.0,0.0,0.0,0.023791,0.018585,0.023297,0.023774,0.0,0.080375,0.080434,0.0,0.0,0.047506,0.031422,0.0,0.0,0.029009,0.0,0.0,0.0,0.0,0.004758
2021-09-10,0.067317,0.080349,0.0,0.023641,0.0,0.0,0.022719,0.0,0.048978,0.0,0.0,0.079863,0.077497,0.0,0.031698,0.0,0.079154,0.0,0.0,0.045649,0.07985,0.0,0.0,0.0,0.023652,0.018809,0.023248,0.023551,0.0,0.079521,0.081038,0.0,0.0,0.047496,0.032146,0.0,0.0,0.029046,0.0,0.0,0.0,0.0,0.004778
2021-09-13,0.066919,0.080664,0.0,0.023619,0.0,0.0,0.023168,0.0,0.049112,0.0,0.0,0.079911,0.078236,0.0,0.032545,0.0,0.079215,0.0,0.0,0.045511,0.079209,0.0,0.0,0.0,0.023615,0.018953,0.022912,0.023521,0.0,0.079909,0.079537,0.0,0.0,0.047279,0.032405,0.0,0.0,0.028992,0.0,0.0,0.0,0.0,0.004768
2021-09-14,0.067158,0.080695,0.0,0.023596,0.0,0.0,0.023007,0.0,0.049048,0.0,0.0,0.079458,0.077418,0.0,0.032171,0.0,0.078496,0.0,0.0,0.044953,0.079434,0.0,0.0,0.0,0.023656,0.019011,0.023032,0.023596,0.0,0.080006,0.081814,0.0,0.0,0.047497,0.032078,0.0,0.0,0.029095,0.0,0.0,0.0,0.0,0.004782
2021-09-15,0.066492,0.080157,0.0,0.023424,0.0,0.0,0.022726,0.0,0.048729,0.0,0.0,0.079303,0.077629,0.0,0.033146,0.0,0.078819,0.0,0.0,0.044911,0.079406,0.0,0.0,0.0,0.0237,0.01899,0.023099,0.02355,0.0,0.079714,0.082365,0.0,0.0,0.047656,0.032521,0.0,0.0,0.028912,0.0,0.0,0.0,0.0,0.00475
2021-09-16,0.066836,0.080565,0.0,0.023651,0.0,0.0,0.022478,0.0,0.048623,0.0,0.0,0.079666,0.077831,0.0,0.032951,0.0,0.078711,0.0,0.0,0.045639,0.079641,0.0,0.0,0.0,0.023845,0.019131,0.023369,0.023759,0.0,0.080222,0.080041,0.0,0.0,0.047894,0.031345,0.0,0.0,0.029025,0.0,0.0,0.0,0.0,0.004776
2021-09-17,0.067109,0.079962,0.0,0.023793,0.0,0.0,0.022048,0.0,0.048728,0.0,0.0,0.079459,0.078144,0.0,0.032986,0.0,0.078539,0.0,0.0,0.046122,0.080402,0.0,0.0,0.0,0.023674,0.018988,0.023412,0.023724,0.0,0.080185,0.080198,0.0,0.0,0.047918,0.030603,0.0,0.0,0.029189,0.0,0.0,0.0,0.0,0.004817
2021-09-20,0.067272,0.080067,0.0,0.023834,0.0,0.0,0.021853,0.0,0.048198,0.0,0.0,0.079513,0.07795,0.0,0.032657,0.0,0.079285,0.0,0.0,0.045944,0.08125,0.0,0.0,0.0,0.023736,0.01891,0.023487,0.023808,0.0,0.081385,0.07788,0.0,0.0,0.04846,0.029757,0.0,0.0,0.029836,0.0,0.0,0.0,0.0,0.004919
2021-09-21,0.067534,0.080676,0.0,0.02398,0.0,0.0,0.022224,0.0,0.048327,0.0,0.0,0.078962,0.077628,0.0,0.032642,0.0,0.07865,0.0,0.0,0.045678,0.081149,0.0,0.0,0.0,0.02368,0.018914,0.023468,0.023732,0.0,0.081199,0.078935,0.0,0.0,0.048274,0.02971,0.0,0.0,0.029733,0.0,0.0,0.0,0.0,0.004905
2021-09-22,0.067247,0.080584,0.0,0.023977,0.0,0.0,0.022315,0.0,0.048342,0.0,0.0,0.078087,0.07809,0.0,0.033292,0.0,0.078434,0.0,0.0,0.045609,0.080424,0.0,0.0,0.0,0.02375,0.019102,0.023434,0.023811,0.0,0.081121,0.079811,0.0,0.0,0.048204,0.030124,0.0,0.0,0.029388,0.0,0.0,0.0,0.0,0.004853
2021-09-23,0.067103,0.080714,0.0,0.023942,0.0,0.0,0.022358,0.0,0.048472,0.0,0.0,0.077967,0.07907,0.0,0.034056,0.0,0.078707,0.0,0.0,0.045122,0.080059,0.0,0.0,0.0,0.023787,0.01913,0.023536,0.023756,0.0,0.080016,0.079959,0.0,0.0,0.048231,0.030276,0.0,0.0,0.028941,0.0,0.0,0.0,0.0,0.004796
2021-09-24,0.066933,0.079959,0.0,0.023953,0.0,0.0,0.022096,0.0,0.048411,0.0,0.0,0.078801,0.079684,0.0,0.034398,0.0,0.079067,0.0,0.0,0.04515,0.07993,0.0,0.0,0.0,0.023863,0.019156,0.02367,0.023824,0.0,0.079357,0.079621,0.0,0.0,0.048351,0.030029,0.0,0.0,0.02894,0.0,0.0,0.0,0.0,0.004808
2021-09-27,0.066961,0.079809,0.0,0.024136,0.0,0.0,0.022028,0.0,0.048551,0.0,0.0,0.07876,0.080736,0.0,0.035607,0.0,0.079114,0.0,0.0,0.045517,0.078761,0.0,0.0,0.0,0.023622,0.019102,0.023263,0.023582,0.0,0.078259,0.079561,0.0,0.0,0.048692,0.030191,0.0,0.0,0.028943,0.0,0.0,0.0,0.0,0.004806
2021-09-28,0.066863,0.079429,0.0,0.024168,0.0,0.0,0.021636,0.0,0.048395,0.0,0.0,0.078314,0.080925,0.0,0.036414,0.0,0.079698,0.0,0.0,0.045066,0.078896,0.0,0.0,0.0,0.023362,0.018706,0.022849,0.023227,0.0,0.079221,0.078452,0.0,0.0,0.049783,0.030265,0.0,0.0,0.029433,0.0,0.0,0.0,0.0,0.004898
2021-09-29,0.067026,0.079214,0.0,0.024167,0.0,0.0,0.021787,0.0,0.047707,0.0,0.0,0.078306,0.081052,0.0,0.036442,0.0,0.079847,0.0,0.0,0.045413,0.07958,0.0,0.0,0.0,0.023351,0.018426,0.022814,0.023187,0.0,0.079876,0.077897,0.0,0.0,0.049822,0.029712,0.0,0.0,0.029472,0.0,0.0,0.0,0.0,0.004901
2021-09-30,0.096956,0.04353,0.0,0.0,0.0,0.0,0.025861,0.0814,0.027516,0.0,0.023571,0.097105,0.0493,0.0,0.0,0.0,0.0,0.0,0.028519,0.032898,0.096835,0.0,0.0,0.041205,0.026405,0.015425,0.026357,0.026355,0.014002,0.096696,0.09691,0.0,0.0,0.049418,0.0,0.0,0.0,0.0,0.0,0.0,0.0,0.0,0.003737
2021-10-01,0.095845,0.043504,0.0,0.0,0.0,0.0,0.026444,0.08161,0.027267,0.0,0.023587,0.098069,0.049773,0.0,0.0,0.0,0.0,0.0,0.028776,0.032788,0.096199,0.0,0.0,0.040924,0.02662,0.01533,0.026563,0.026546,0.013735,0.097397,0.095511,0.0,0.0,0.0498,0.0,0.0,0.0,0.0,0.0,0.0,0.0,0.0,0.003712
2021-10-04,0.09618,0.043849,0.0,0.0,0.0,0.0,0.025957,0.082278,0.026924,0.0,0.023707,0.097211,0.049991,0.0,0.0,0.0,0.0,0.0,0.029027,0.033113,0.095977,0.0,0.0,0.042033,0.026346,0.015131,0.026104,0.026345,0.013396,0.098695,0.093624,0.0,0.0,0.05035,0.0,0.0,0.0,0.0,0.0,0.0,0.0,0.0,0.00376
2021-10-05,0.096812,0.043645,0.0,0.0,0.0,0.0,0.025559,0.082466,0.026868,0.0,0.023577,0.097729,0.050487,0.0,0.0,0.0,0.0,0.0,0.029008,0.032854,0.095638,0.0,0.0,0.041532,0.026468,0.015215,0.026298,0.026409,0.013452,0.097089,0.095602,0.0,0.0,0.049565,0.0,0.0,0.0,0.0,0.0,0.0,0.0,0.0,0.003724
2021-10-06,0.095622,0.043416,0.0,0.0,0.0,0.0,0.025712,0.081769,0.026823,0.0,0.023682,0.098021,0.050603,0.0,0.0,0.0,0.0,0.0,0.02899,0.033094,0.095584,0.0,0.0,0.042229,0.026675,0.015294,0.026493,0.026669,0.013458,0.098141,0.094448,0.0,0.0,0.04955,0.0,0.0,0.0,0.0,0.0,0.0,0.0,0.0,0.003729
2021-10-07,0.096992,0.043285,0.0,0.0,0.0,0.0,0.025317,0.081397,0.027038,0.0,0.0238,0.09742,0.050374,0.0,0.0,0.0,0.0,0.0,0.029062,0.033236,0.095843,0.0,0.0,0.041566,0.026638,0.015311,0.026547,0.026808,0.013476,0.097381,0.095403,0.0,0.0,0.049417,0.0,0.0,0.0,0.0,0.0,0.0,0.0,0.0,0.00369
2021-10-08,0.097082,0.043526,0.0,0.0,0.0,0.0,0.025946,0.081735,0.026966,0.0,0.023809,0.097423,0.050872,0.0,0.0,0.0,0.0,0.0,0.029046,0.033115,0.095836,0.0,0.0,0.041465,0.02667,0.01523,0.026486,0.026737,0.013463,0.096942,0.094153,0.0,0.0,0.049791,0.0,0.0,0.0,0.0,0.0,0.0,0.0,0.0,0.003709
2021-10-11,0.097711,0.043431,0.0,0.0,0.0,0.0,0.025762,0.081807,0.027018,0.0,0.023801,0.096313,0.050552,0.0,0.0,0.0,0.0,0.0,0.029158,0.033209,0.095444,0.0,0.0,0.041054,0.026622,0.015184,0.02652,0.026767,0.013426,0.09755,0.095128,0.0,0.0,0.049822,0.0,0.0,0.0,0.0,0.0,0.0,0.0,0.0,0.003722
2021-10-12,0.096814,0.043626,0.0,0.0,0.0,0.0,0.025712,0.082201,0.026661,0.0,0.024002,0.095472,0.050422,0.0,0.0,0.0,0.0,0.0,0.029213,0.033361,0.095033,0.0,0.0,0.041353,0.026499,0.015003,0.026837,0.027126,0.013525,0.098881,0.094685,0.0,0.0,0.049849,0.0,0.0,0.0,0.0,0.0,0.0,0.0,0.0,0.003724
2021-10-13,0.095895,0.043865,0.0,0.0,0.0,0.0,0.025887,0.082497,0.026401,0.0,0.023897,0.095031,0.04967,0.0,0.0,0.0,0.0,0.0,0.02916,0.033248,0.094304,0.0,0.0,0.041448,0.026414,0.01495,0.027133,0.027436,0.013574,0.098679,0.098199,0.0,0.0,0.048622,0.0,0.0,0.0,0.0,0.0,0.0,0.0,0.0,0.003689
2021-10-14,0.096298,0.043755,0.0,0.0,0.0,0.0,0.025462,0.082108,0.026363,0.0,0.023823,0.09508,0.049824,0.0,0.0,0.0,0.0,0.0,0.029468,0.033698,0.094374,0.0,0.0,0.041396,0.026648,0.015207,0.027191,0.027574,0.013795,0.098541,0.097609,0.0,0.0,0.048147,0.0,0.0,0.0,0.0,0.0,0.0,0.0,0.0,0.00364
2021-10-15,0.09662,0.043845,0.0,0.0,0.0,0.0,0.02594,0.081808,0.026607,0.0,0.024057,0.09434,0.050291,0.0,0.0,0.0,0.0,0.0,0.029395,0.033308,0.094326,0.0,0.0,0.041052,0.026715,0.015226,0.027112,0.02744,0.013931,0.097932,0.09835,0.0,0.0,0.048085,0.0,0.0,0.0,0.0,0.0,0.0,0.0,0.0,0.00362
2021-10-18,0.096312,0.043472,0.0,0.0,0.0,0.0,0.025525,0.081529,0.026406,0.0,0.024253,0.094688,0.050103,0.0,0.0,0.0,0.0,0.0,0.029257,0.033727,0.09331,0.0,0.0,0.040495,0.026834,0.015287,0.027305,0.02766,0.013794,0.097788,0.100833,0.0,0.0,0.047818,0.0,0.0,0.0,0.0,0.0,0.0,0.0,0.0,0.003606
2021-10-19,0.096649,0.043528,0.0,0.0,0.0,0.0,0.024295,0.080859,0.026737,0.0,0.024081,0.095192,0.050381,0.0,0.0,0.0,0.0,0.0,0.029284,0.03353,0.094131,0.0,0.0,0.040831,0.026984,0.015408,0.02743,0.027562,0.013838,0.097415,0.100787,0.0,0.0,0.047489,0.0,0.0,0.0,0.0,0.0,0.0,0.0,0.0,0.00359
2021-10-20,0.096518,0.043466,0.0,0.0,0.0,0.0,0.024323,0.080159,0.026513,0.0,0.023932,0.094854,0.050506,0.0,0.0,0.0,0.0,0.0,0.029358,0.033916,0.094952,0.0,0.0,0.041247,0.026761,0.015292,0.027229,0.027488,0.013696,0.098406,0.100437,0.0,0.0,0.047377,0.0,0.0,0.0,0.0,0.0,0.0,0.0,0.0,0.00357
2021-10-21,0.096469,0.043543,0.0,0.0,0.0,0.0,0.023198,0.079769,0.026475,0.0,0.02433,0.095315,0.050389,0.0,0.0,0.0,0.0,0.0,0.029338,0.033971,0.09552,0.0,0.0,0.041326,0.026916,0.015475,0.027562,0.027732,0.013609,0.098731,0.099758,0.0,0.0,0.046997,0.0,0.0,0.0,0.0,0.0,0.0,0.0,0.0,0.003577
2021-10-22,0.09679,0.043828,0.0,0.0,0.0,0.0,0.023222,0.079199,0.026414,0.0,0.024284,0.093455,0.05118,0.0,0.0,0.0,0.0,0.0,0.029333,0.033987,0.09607,0.0,0.0,0.041607,0.026869,0.015328,0.027438,0.027733,0.013628,0.099364,0.099634,0.0,0.0,0.047053,0.0,0.0,0.0,0.0,0.0,0.0,0.0,0.0,0.003583
2021-10-25,0.096414,0.043324,0.0,0.0,0.0,0.0,0.023897,0.078543,0.026417,0.0,0.02469,0.093121,0.050714,0.0,0.0,0.0,0.0,0.0,0.029393,0.033969,0.095428,0.0,0.0,0.041101,0.026744,0.015311,0.027358,0.027689,0.013674,0.098897,0.102685,0.0,0.0,0.047075,0.0,0.0,0.0,0.0,0.0,0.0,0.0,0.0,0.003555
2021-10-26,0.096879,0.043474,0.0,0.0,0.0,0.0,0.023345,0.079328,0.026653,0.0,0.024686,0.09226,0.050735,0.0,0.0,0.0,0.0,0.0,0.029465,0.033783,0.095866,0.0,0.0,0.041308,0.026811,0.015318,0.02728,0.027418,0.013556,0.099135,0.101818,0.0,0.0,0.04733,0.0,0.0,0.0,0.0,0.0,0.0,0.0,0.0,0.003553
2021-10-27,0.097045,0.043583,0.0,0.0,0.0,0.0,0.023548,0.07943,0.026797,0.0,0.024882,0.092532,0.050183,0.0,0.0,0.0,0.0,0.0,0.02921,0.033833,0.095651,0.0,0.0,0.041267,0.026941,0.015295,0.027197,0.027331,0.013407,0.098857,0.101937,0.0,0.0,0.047502,0.0,0.0,0.0,0.0,0.0,0.0,0.0,0.0,0.003573
2021-10-28,0.096795,0.043742,0.0,0.0,0.0,0.0,0.023001,0.078021,0.026853,0.0,0.025028,0.092152,0.050426,0.0,0.0,0.0,0.0,0.0,0.029283,0.034052,0.095743,0.0,0.0,0.041233,0.027012,0.015525,0.02732,0.027341,0.013628,0.099502,0.102423,0.0,0.0,0.047374,0.0,0.0,0.0,0.0,0.0,0.0,0.0,0.0,0.003547
2021-10-29,0.04717,0.0,0.042077,0.038264,0.0,0.0,0.0,0.076045,0.0,0.0,0.0,0.0,0.075898,0.0,0.017827,0.063633,0.0,0.0,0.0,0.0,0.075525,0.0,0.0,0.0,0.021291,0.0,0.026356,0.026324,0.011171,0.076018,0.0761,0.0,0.0,0.076066,0.0,0.0,0.039705,0.044945,0.046064,0.038855,0.075927,0.0,0.004739
2021-11-01,0.047143,0.0,0.042473,0.038572,0.0,0.0,0.0,0.07655,0.0,0.0,0.0,0.0,0.075513,0.0,0.018033,0.065194,0.0,0.0,0.0,0.0,0.075015,0.0,0.0,0.0,0.021141,0.0,0.026151,0.026138,0.011345,0.075969,0.075883,0.0,0.0,0.076544,0.0,0.0,0.039481,0.044519,0.045759,0.03857,0.075296,0.0,0.004711
2021-11-02,0.047192,0.0,0.042367,0.038537,0.0,0.0,0.0,0.076493,0.0,0.0,0.0,0.0,0.075598,0.0,0.017839,0.064417,0.0,0.0,0.0,0.0,0.075384,0.0,0.0,0.0,0.021298,0.0,0.026172,0.026209,0.01138,0.076227,0.076092,0.0,0.0,0.076167,0.0,0.0,0.039524,0.044635,0.045808,0.038666,0.07529,0.0,0.004705
2021-11-03,0.047147,0.0,0.042573,0.038778,0.0,0.0,0.0,0.076666,0.0,0.0,0.0,0.0,0.075789,0.0,0.01767,0.063742,0.0,0.0,0.0,0.0,0.075738,0.0,0.0,0.0,0.021397,0.0,0.026076,0.02627,0.011463,0.076393,0.076274,0.0,0.0,0.075999,0.0,0.0,0.039353,0.04452,0.045843,0.038522,0.075085,0.0,0.004699
2021-11-04,0.047392,0.0,0.04279,0.038914,0.0,0.0,0.0,0.076493,0.0,0.0,0.0,0.0,0.074645,0.0,0.017659,0.063232,0.0,0.0,0.0,0.0,0.075063,0.0,0.0,0.0,0.021688,0.0,0.026288,0.026554,0.011672,0.075512,0.077601,0.0,0.0,0.075609,0.0,0.0,0.039485,0.044724,0.04587,0.038645,0.075473,0.0,0.004689
2021-11-05,0.047568,0.0,0.042735,0.039152,0.0,0.0,0.0,0.076851,0.0,0.0,0.0,0.0,0.074491,0.0,0.017843,0.064807,0.0,0.0,0.0,0.0,0.074035,0.0,0.0,0.0,0.021744,0.0,0.026019,0.026409,0.011636,0.075704,0.076339,0.0,0.0,0.075026,0.0,0.0,0.0396,0.044764,0.045926,0.038828,0.075847,0.0,0.004677
2021-11-08,0.047279,0.0,0.042394,0.03898,0.0,0.0,0.0,0.07747,0.0,0.0,0.0,0.0,0.074461,0.0,0.0179,0.06546,0.0,0.0,0.0,0.0,0.074038,0.0,0.0,0.0,0.021733,0.0,0.026211,0.02668,0.011591,0.075198,0.078273,0.0,0.0,0.074392,0.0,0.0,0.039197,0.044649,0.045599,0.038511,0.075334,0.0,0.00465
2021-11-09,0.047186,0.0,0.042206,0.03878,0.0,0.0,0.0,0.076924,0.0,0.0,0.0,0.0,0.074191,0.0,0.018006,0.065452,0.0,0.0,0.0,0.0,0.073904,0.0,0.0,0.0,0.021684,0.0,0.026358,0.026849,0.011496,0.075468,0.077303,0.0,0.0,0.075073,0.0,0.0,0.039451,0.044993,0.04572,0.038686,0.075611,0.0,0.004658
2021-11-10,0.047638,0.0,0.041987,0.039308,0.0,0.0,0.0,0.077367,0.0,0.0,0.0,0.0,0.074845,0.0,0.017716,0.063047,0.0,0.0,0.0,0.0,0.074899,0.0,0.0,0.0,0.021552,0.0,0.025877,0.026678,0.01114,0.075913,0.076154,0.0,0.0,0.076377,0.0,0.0,0.039527,0.045331,0.045945,0.038696,0.075295,0.0,0.004707
2021-11-11,0.047198,0.0,0.042035,0.03916,0.0,0.0,0.0,0.07727,0.0,0.0,0.0,0.0,0.074703,0.0,0.017701,0.063714,0.0,0.0,0.0,0.0,0.074334,0.0,0.0,0.0,0.021552,0.0,0.02588,0.02667,0.011112,0.075685,0.078512,0.0,0.0,0.076452,0.0,0.0,0.039217,0.045113,0.045653,0.038407,0.074946,0.0,0.004685
2021-11-12,0.047235,0.0,0.042467,0.039073,0.0,0.0,0.0,0.077884,0.0,0.0,0.0,0.0,0.074559,0.0,0.017585,0.063307,0.0,0.0,0.0,0.0,0.074391,0.0,0.0,0.0,0.021723,0.0,0.026204,0.026938,0.011235,0.075315,0.078136,0.0,0.0,0.076716,0.0,0.0,0.039136,0.044919,0.045479,0.038206,0.074825,0.0,0.004666
2021-11-15,0.04747,0.0,0.042531,0.039317,0.0,0.0,0.0,0.077839,0.0,0.0,0.0,0.0,0.074737,0.0,0.017774,0.063889,0.0,0.0,0.0,0.0,0.074106,0.0,0.0,0.0,0.021753,0.0,0.026125,0.026584,0.011142,0.076025,0.076246,0.0,0.0,0.077328,0.0,0.0,0.039075,0.045033,0.045535,0.038007,0.074805,0.0,0.004677
2021-11-16,0.047582,0.0,0.042489,0.039513,0.0,0.0,0.0,0.077348,0.0,0.0,0.0,0.0,0.074738,0.0,0.017819,0.063604,0.0,0.0,0.0,0.0,0.074493,0.0,0.0,0.0,0.022004,0.0,0.026449,0.026929,0.0112,0.075598,0.075725,0.0,0.0,0.077444,0.0,0.0,0.03908,0.045012,0.045602,0.037981,0.074709,0.0,0.004681
2021-11-17,0.047521,0.0,0.042415,0.039382,0.0,0.0,0.0,0.077335,0.0,0.0,0.0,0.0,0.07406,0.0,0.017589,0.061495,0.0,0.0,0.0,0.0,0.07478,0.0,0.0,0.0,0.021991,0.0,0.026288,0.026806,0.011198,0.076017,0.076467,0.0,0.0,0.07857,0.0,0.0,0.039316,0.045212,0.045665,0.038227,0.074973,0.0,0.004693
2021-11-18,0.047599,0.0,0.04258,0.039269,0.0,0.0,0.0,0.076895,0.0,0.0,0.0,0.0,0.073782,0.0,0.017507,0.061705,0.0,0.0,0.0,0.0,0.074905,0.0,0.0,0.0,0.022239,0.0,0.02608,0.026671,0.011292,0.076129,0.076328,0.0,0.0,0.078319,0.0,0.0,0.039391,0.045298,0.045687,0.038363,0.075262,0.0,0.004699
2021-11-19,0.047832,0.0,0.042865,0.039395,0.0,0.0,0.0,0.076913,0.0,0.0,0.0,0.0,0.073319,0.0,0.016903,0.058899,0.0,0.0,0.0,0.0,0.0748,0.0,0.0,0.0,0.022506,0.0,0.026287,0.026563,0.011324,0.076034,0.077502,0.0,0.0,0.078883,0.0,0.0,0.039682,0.045426,0.045864,0.038688,0.075594,0.0,0.004721
2021-11-22,0.047948,0.0,0.042738,0.03961,0.0,0.0,0.0,0.07562,0.0,0.0,0.0,0.0,0.074515,0.0,0.01724,0.05996,0.0,0.0,0.0,0.0,0.074625,0.0,0.0,0.0,0.022304,0.0,0.025601,0.025862,0.011097,0.075824,0.079078,0.0,0.0,0.07941,0.0,0.0,0.039478,0.045159,0.045789,0.038435,0.074977,0.0,0.004731
2021-11-23,0.047299,0.0,0.042712,0.038883,0.0,0.0,0.0,0.076449,0.0,0.0,0.0,0.0,0.07555,0.0,0.017739,0.062264,0.0,0.0,0.0,0.0,0.074573,0.0,0.0,0.0,0.022213,0.0,0.025158,0.025485,0.010941,0.076302,0.077584,0.0,0.0,0.07986,0.0,0.0,0.039246,0.044905,0.045645,0.038094,0.074375,0.0,0.004723
2021-11-24,0.047288,0.0,0.042114,0.039088,0.0,0.0,0.0,0.07535,0.0,0.0,0.0,0.0,0.075244,0.0,0.01788,0.062967,0.0,0.0,0.0,0.0,0.074409,0.0,0.0,0.0,0.022334,0.0,0.025228,0.025774,0.010981,0.077087,0.07765,0.0,0.0,0.079519,0.0,0.0,0.039296,0.044963,0.045552,0.038208,0.074357,0.0,0.004714
2021-11-25,0.047476,0.0,0.042099,0.039215,0.0,0.0,0.0,0.075324,0.0,0.0,0.0,0.0,0.075218,0.0,0.017873,0.062946,0.0,0.0,0.0,0.0,0.074384,0.0,0.0,0.0,0.022327,0.0,0.025219,0.025765,0.010977,0.07706,0.077623,0.0,0.0,0.079491,0.0,0.0,0.039282,0.044947,0.045536,0.038194,0.074331,0.0,0.004712
2021-11-26,0.047252,0.0,0.041846,0.038238,0.0,0.0,0.0,0.074612,0.0,0.0,0.0,0.0,0.07425,0.0,0.017514,0.060049,0.0,0.0,0.0,0.0,0.075665,0.0,0.0,0.0,0.022226,0.0,0.025502,0.02591,0.010939,0.07649,0.077436,0.0,0.0,0.079999,0.0,0.0,0.040625,0.046119,0.046157,0.039313,0.075047,0.0,0.004811
2021-11-29,0.047332,0.0,0.041707,0.038354,0.0,0.0,0.0,0.074484,0.0,0.0,0.0,0.0,0.074023,0.0,0.017507,0.060424,0.0,0.0,0.0,0.0,0.075406,0.0,0.0,0.0,0.022642,0.0,0.025851,0.026091,0.011037,0.076584,0.078683,0.0,0.0,0.078592,0.0,0.0,0.040285,0.04573,0.046159,0.039099,0.075231,0.0,0.004782
2021-11-30,0.067679,0.027238,0.0,0.033902,0.0,0.0,0.0,0.109889,0.0,0.0,0.109829,0.0,0.0592,0.026366,0.049174,0.07414,0.0,0.0,0.0,0.0,0.063064,0.0,0.0,0.0,0.033527,0.015414,0.033556,0.033607,0.0,0.109726,0.109926,0.0,0.0,0.027042,0.0,0.0,0.0,0.0,0.0,0.0,0.0,0.0,0.016721
2021-12-01,0.069572,0.02741,0.0,0.034764,0.0,0.0,0.0,0.111391,0.0,0.0,0.10916,0.0,0.059258,0.026359,0.049244,0.072069,0.0,0.0,0.0,0.0,0.063719,0.0,0.0,0.0,0.033471,0.015477,0.032519,0.032809,0.0,0.109232,0.109291,0.0,0.0,0.027329,0.0,0.0,0.0,0.0,0.0,0.0,0.0,0.0,0.016926
2021-12-02,0.067248,0.027316,0.0,0.033606,0.0,0.0,0.0,0.111984,0.0,0.0,0.109081,0.0,0.060125,0.026862,0.049927,0.073305,0.0,0.0,0.0,0.0,0.063084,0.0,0.0,0.0,0.03328,0.01527,0.032588,0.033146,0.0,0.110848,0.108267,0.0,0.0,0.027386,0.0,0.0,0.0,0.0,0.0,0.0,0.0,0.0,0.016676
2021-12-03,0.067935,0.027489,0.0,0.034001,0.0,0.0,0.0,0.111611,0.0,0.0,0.108458,0.0,0.059974,0.026562,0.050226,0.073231,0.0,0.0,0.0,0.0,0.064086,0.0,0.0,0.0,0.033182,0.015445,0.031931,0.032745,0.0,0.112027,0.106305,0.0,0.0,0.027882,0.0,0.0,0.0,0.0,0.0,0.0,0.0,0.0,0.01691
2021-12-06,0.068042,0.027586,0.0,0.034106,0.0,0.0,0.0,0.109354,0.0,0.0,0.108823,0.0,0.060404,0.027016,0.050567,0.074877,0.0,0.0,0.0,0.0,0.063936,0.0,0.0,0.0,0.03323,0.015302,0.031717,0.032302,0.0,0.113083,0.105138,0.0,0.0,0.027744,0.0,0.0,0.0,0.0,0.0,0.0,0.0,0.0,0.016773
2021-12-07,0.068221,0.027581,0.0,0.034483,0.0,0.0,0.0,0.109096,0.0,0.0,0.109131,0.0,0.060252,0.026576,0.050714,0.076326,0.0,0.0,0.0,0.0,0.063463,0.0,0.0,0.0,0.033702,0.015753,0.032267,0.032751,0.0,0.112415,0.103672,0.0,0.0,0.027161,0.0,0.0,0.0,0.0,0.0,0.0,0.0,0.0,0.016435
2021-12-08,0.067813,0.027513,0.0,0.033994,0.0,0.0,0.0,0.109495,0.0,0.0,0.108763,0.0,0.059578,0.026372,0.050407,0.07602,0.0,0.0,0.0,0.0,0.063565,0.0,0.0,0.0,0.033657,0.015558,0.032387,0.032736,0.0,0.112559,0.106228,0.0,0.0,0.027015,0.0,0.0,0.0,0.0,0.0,0.0,0.0,0.0,0.01634
2021-12-09,0.068533,0.027578,0.0,0.034257,0.0,0.0,0.0,0.11051,0.0,0.0,0.108137,0.0,0.060156,0.026455,0.050609,0.075537,0.0,0.0,0.0,0.0,0.064463,0.0,0.0,0.0,0.033686,0.015379,0.032025,0.032494,0.0,0.112238,0.10423,0.0,0.0,0.027181,0.0,0.0,0.0,0.0,0.0,0.0,0.0,0.0,0.016532
2021-12-10,0.067932,0.027489,0.0,0.03367,0.0,0.0,0.0,0.110322,0.0,0.0,0.10828,0.0,0.05988,0.026364,0.050697,0.076019,0.0,0.0,0.0,0.0,0.064326,0.0,0.0,0.0,0.034169,0.015437,0.032289,0.032509,0.0,0.111952,0.105144,0.0,0.0,0.027084,0.0,0.0,0.0,0.0,0.0,0.0,0.0,0.0,0.016438
2021-12-13,0.068643,0.027575,0.0,0.033843,0.0,0.0,0.0,0.109737,0.0,0.0,0.106949,0.0,0.060055,0.026097,0.04997,0.073602,0.0,0.0,0.0,0.0,0.065831,0.0,0.0,0.0,0.034127,0.015234,0.03266,0.033126,0.0,0.114565,0.103793,0.0,0.0,0.027528,0.0,0.0,0.0,0.0,0.0,0.0,0.0,0.0,0.016665
2021-12-14,0.068473,0.02763,0.0,0.034078,0.0,0.0,0.0,0.110655,0.0,0.0,0.107217,0.0,0.060918,0.026518,0.05018,0.072901,0.0,0.0,0.0,0.0,0.066112,0.0,0.0,0.0,0.033847,0.015287,0.031849,0.032635,0.0,0.114046,0.103093,0.0,0.0,0.027758,0.0,0.0,0.0,0.0,0.0,0.0,0.0,0.0,0.016804
2021-12-15,0.067879,0.027774,0.0,0.033438,0.0,0.0,0.0,0.109477,0.0,0.0,0.107711,0.0,0.060603,0.026448,0.049537,0.072608,0.0,0.0,0.0,0.0,0.066927,0.0,0.0,0.0,0.034466,0.015722,0.03239,0.033331,0.0,0.114724,0.102883,0.0,0.0,0.027411,0.0,0.0,0.0,0.0,0.0,0.0,0.0,0.0,0.01667
2021-12-16,0.069462,0.027919,0.0,0.034177,0.0,0.0,0.0,0.10977,0.0,0.0,0.105757,0.0,0.061612,0.026643,0.050052,0.072207,0.0,0.0,0.0,0.0,0.067596,0.0,0.0,0.0,0.033624,0.015097,0.031499,0.033056,0.0,0.115145,0.102043,0.0,0.0,0.027606,0.0,0.0,0.0,0.0,0.0,0.0,0.0,0.0,0.016736
2021-12-17,0.069303,0.027751,0.0,0.034291,0.0,0.0,0.0,0.109187,0.0,0.0,0.105951,0.0,0.060778,0.02625,0.04946,0.071967,0.0,0.0,0.0,0.0,0.067708,0.0,0.0,0.0,0.03369,0.015192,0.031913,0.033697,0.0,0.116002,0.102358,0.0,0.0,0.02762,0.0,0.0,0.0,0.0,0.0,0.0,0.0,0.0,0.016882
2021-12-20,0.069065,0.028272,0.0,0.033889,0.0,0.0,0.0,0.110237,0.0,0.0,0.106087,0.0,0.060653,0.026217,0.049713,0.071534,0.0,0.0,0.0,0.0,0.068491,0.0,0.0,0.0,0.033879,0.01534,0.031963,0.033941,0.0,0.117138,0.098619,0.0,0.0,0.027779,0.0,0.0,0.0,0.0,0.0,0.0,0.0,0.0,0.017182
2021-12-21,0.06871,0.028079,0.0,0.034211,0.0,0.0,0.0,0.109312,0.0,0.0,0.106724,0.0,0.060708,0.026506,0.050137,0.073454,0.0,0.0,0.0,0.0,0.067442,0.0,0.0,0.0,0.034063,0.015585,0.032207,0.034158,0.0,0.116161,0.098004,0.0,0.0,0.027691,0.0,0.0,0.0,0.0,0.0,0.0,0.0,0.0,0.016847
2021-12-22,0.069017,0.028108,0.0,0.034137,0.0,0.0,0.0,0.109658,0.0,0.0,0.107456,0.0,0.060311,0.026426,0.049894,0.073053,0.0,0.0,0.0,0.0,0.067466,0.0,0.0,0.0,0.034122,0.015571,0.032033,0.033848,0.0,0.11604,0.098499,0.0,0.0,0.027701,0.0,0.0,0.0,0.0,0.0,0.0,0.0,0.0,0.016659
2021-12-23,0.069233,0.028136,0.0,0.034426,0.0,0.0,0.0,0.109849,0.0,0.0,0.108313,0.0,0.060271,0.026498,0.049631,0.072355,0.0,0.0,0.0,0.0,0.06735,0.0,0.0,0.0,0.034113,0.015631,0.032058,0.03391,0.0,0.115243,0.09884,0.0,0.0,0.027582,0.0,0.0,0.0,0.0,0.0,0.0,0.0,0.0,0.016563
2021-12-24,0.06932,0.028133,0.0,0.034423,0.0,0.0,0.0,0.109839,0.0,0.0,0.108303,0.0,0.060265,0.026496,0.049627,0.072348,0.0,0.0,0.0,0.0,0.067343,0.0,0.0,0.0,0.03411,0.015629,0.032055,0.033906,0.0,0.115232,0.098831,0.0,0.0,0.027579,0.0,0.0,0.0,0.0,0.0,0.0,0.0,0.0,0.016561
2021-12-27,0.068581,0.028138,0.0,0.034092,0.0,0.0,0.0,0.109294,0.0,0.0,0.108192,0.0,0.060237,0.026548,0.050171,0.074472,0.0,0.0,0.0,0.0,0.067328,0.0,0.0,0.0,0.03447,0.015886,0.032119,0.033999,0.0,0.115939,0.096839,0.0,0.0,0.027313,0.0,0.0,0.0,0.0,0.0,0.0,0.0,0.0,0.016384
2021-12-28,0.068562,0.028142,0.0,0.034355,0.0,0.0,0.0,0.109577,0.0,0.0,0.108209,0.0,0.060251,0.02655,0.050121,0.073806,0.0,0.0,0.0,0.0,0.067133,0.0,0.0,0.0,0.034281,0.015707,0.031775,0.033976,0.0,0.116334,0.097784,0.0,0.0,0.027059,0.0,0.0,0.0,0.0,0.0,0.0,0.0,0.0,0.016379
2021-12-29,0.069026,0.028125,0.0,0.034117,0.0,0.0,0.0,0.11003,0.0,0.0,0.108185,0.0,0.06004,0.02652,0.049689,0.073343,0.0,0.0,0.0,0.0,0.067365,0.0,0.0,0.0,0.034234,0.015696,0.03166,0.033901,0.0,0.116857,0.097614,0.0,0.0,0.027258,0.0,0.0,0.0,0.0,0.0,0.0,0.0,0.0,0.016342
2021-12-30,0.069298,0.028049,0.0,0.034201,0.0,0.0,0.0,0.110241,0.0,0.0,0.107931,0.0,0.060009,0.026427,0.049448,0.072057,0.0,0.0,0.0,0.0,0.067589,0.0,0.0,0.0,0.034052,0.015538,0.031775,0.033969,0.0,0.117512,0.098441,0.0,0.0,0.027101,0.0,0.0,0.0,0.0,0.0,0.0,0.0,0.0,0.016361
2021-12-31,0.044632,0.0,0.0,0.0,0.0,0.0,0.0,0.04692,0.047044,0.0,0.083623,0.0,0.056059,0.037725,0.058011,0.0,0.0,0.0,0.0,0.083532,0.057552,0.0,0.0,0.0,0.032806,0.032241,0.0,0.028068,0.0,0.033547,0.083601,0.0,0.0,0.08369,0.0,0.031336,0.031061,0.031186,0.04809,0.045764,0.0,0.0,0.003509
2022-01-03,0.044473,0.0,0.0,0.0,0.0,0.0,0.0,0.047507,0.04727,0.0,0.085716,0.0,0.056545,0.038334,0.059595,0.0,0.0,0.0,0.0,0.080995,0.056756,0.0,0.0,0.0,0.032999,0.032764,0.0,0.027586,0.0,0.033165,0.084772,0.0,0.0,0.083053,0.0,0.030404,0.030662,0.030897,0.047896,0.045115,0.0,0.0,0.003496
2022-01-04,0.044513,0.0,0.0,0.0,0.0,0.0,0.0,0.047525,0.047517,0.0,0.084882,0.0,0.057819,0.039223,0.061431,0.0,0.0,0.0,0.0,0.081628,0.055802,0.0,0.0,0.0,0.03253,0.032544,0.0,0.026825,0.0,0.033003,0.084028,0.0,0.0,0.083295,0.0,0.030167,0.030533,0.030666,0.0476,0.044987,0.0,0.0,0.003484
2022-01-05,0.045213,0.0,0.0,0.0,0.0,0.0,0.0,0.048202,0.047699,0.0,0.08391,0.0,0.058062,0.039549,0.062401,0.0,0.0,0.0,0.0,0.08095,0.056289,0.0,0.0,0.0,0.032033,0.03194,0.0,0.026444,0.0,0.03257,0.081345,0.0,0.0,0.084155,0.0,0.030482,0.03089,0.030902,0.047986,0.045437,0.0,0.0,0.003539
2022-01-06,0.044396,0.0,0.0,0.0,0.0,0.0,0.0,0.048229,0.047671,0.0,0.083631,0.0,0.058874,0.040866,0.063747,0.0,0.0,0.0,0.0,0.080028,0.055598,0.0,0.0,0.0,0.031848,0.032165,0.0,0.026537,0.0,0.032576,0.080908,0.0,0.0,0.084009,0.0,0.030539,0.030792,0.030746,0.047957,0.045345,0.0,0.0,0.003537
2022-01-07,0.044467,0.0,0.0,0.0,0.0,0.0,0.0,0.048876,0.047328,0.0,0.08267,0.0,0.059881,0.041529,0.064961,0.0,0.0,0.0,0.0,0.076805,0.055604,0.0,0.0,0.0,0.031721,0.031396,0.0,0.026548,0.0,0.03253,0.081272,0.0,0.0,0.08518,0.0,0.030479,0.030852,0.030871,0.048086,0.045388,0.0,0.0,0.003555
2022-01-10,0.043936,0.0,0.0,0.0,0.0,0.0,0.0,0.049191,0.047539,0.0,0.082344,0.0,0.059808,0.04162,0.064901,0.0,0.0,0.0,0.0,0.077259,0.056299,0.0,0.0,0.0,0.031796,0.031477,0.0,0.026827,0.0,0.032414,0.080163,0.0,0.0,0.084678,0.0,0.030621,0.030912,0.030978,0.04823,0.045445,0.0,0.0,0.003562
2022-01-11,0.044046,0.0,0.0,0.0,0.0,0.0,0.0,0.04942,0.047497,0.0,0.082086,0.0,0.05957,0.041336,0.06626,0.0,0.0,0.0,0.0,0.077868,0.056029,0.0,0.0,0.0,0.03177,0.031663,0.0,0.026919,0.0,0.032053,0.081174,0.0,0.0,0.084117,0.0,0.030435,0.030594,0.030799,0.047842,0.045005,0.0,0.0,0.003518
2022-01-12,0.044282,0.0,0.0,0.0,0.0,0.0,0.0,0.049518,0.047518,0.0,0.08221,0.0,0.059312,0.041238,0.066051,0.0,0.0,0.0,0.0,0.077545,0.055587,0.0,0.0,0.0,0.031759,0.031735,0.0,0.026587,0.0,0.031929,0.084014,0.0,0.0,0.083735,0.0,0.030165,0.030445,0.030446,0.047678,0.044747,0.0,0.0,0.0035
2022-01-13,0.044614,0.0,0.0,0.0,0.0,0.0,0.0,0.049656,0.048032,0.0,0.081117,0.0,0.059493,0.041697,0.066173,0.0,0.0,0.0,0.0,0.078873,0.055103,0.0,0.0,0.0,0.031151,0.031209,0.0,0.025896,0.0,0.032086,0.082429,0.0,0.0,0.083848,0.0,0.030644,0.030754,0.030664,0.047837,0.0452,0.0,0.0,0.003524
2022-01-14,0.04387,0.0,0.0,0.0,0.0,0.0,0.0,0.049411,0.047861,0.0,0.080809,0.0,0.058924,0.041991,0.067786,0.0,0.0,0.0,0.0,0.077665,0.055056,0.0,0.0,0.0,0.031442,0.031984,0.0,0.026036,0.0,0.031823,0.082869,0.0,0.0,0.084943,0.0,0.030207,0.030569,0.030553,0.047834,0.04484,0.0,0.0,0.003527
2022-01-17,0.044138,0.0,0.0,0.0,0.0,0.0,0.0,0.049397,0.047847,0.0,0.080786,0.0,0.058908,0.041979,0.067767,0.0,0.0,0.0,0.0,0.077643,0.055041,0.0,0.0,0.0,0.031433,0.031975,0.0,0.026029,0.0,0.031814,0.082846,0.0,0.0,0.084919,0.0,0.030199,0.03056,0.030544,0.04782,0.044827,0.0,0.0,0.003526
2022-01-18,0.044015,0.0,0.0,0.0,0.0,0.0,0.0,0.049503,0.048003,0.0,0.080398,0.0,0.058424,0.041744,0.069019,0.0,0.0,0.0,0.0,0.075598,0.05505,0.0,0.0,0.0,0.03112,0.030985,0.0,0.025937,0.0,0.031933,0.083352,0.0,0.0,0.086227,0.0,0.030202,0.030766,0.030836,0.048272,0.045039,0.0,0.0,0.003576
2022-01-19,0.044305,0.0,0.0,0.0,0.0,0.0,0.0,0.049588,0.048377,0.0,0.079669,0.0,0.057969,0.040953,0.069146,0.0,0.0,0.0,0.0,0.074341,0.055327,0.0,0.0,0.0,0.030966,0.030349,0.0,0.026147,0.0,0.031791,0.081904,0.0,0.0,0.088499,0.0,0.03069,0.031122,0.031054,0.048668,0.045523,0.0,0.0,0.003609
2022-01-20,0.044973,0.0,0.0,0.0,0.0,0.0,0.0,0.049548,0.048371,0.0,0.078858,0.0,0.058072,0.040334,0.069072,0.0,0.0,0.0,0.0,0.073194,0.055416,0.0,0.0,0.0,0.030816,0.029638,0.0,0.026295,0.0,0.031641,0.082318,0.0,0.0,0.089048,0.0,0.031132,0.031444,0.031346,0.048975,0.04587,0.0,0.0,0.003639
2022-01-21,0.04451,0.0,0.0,0.0,0.0,0.0,0.0,0.04939,0.047959,0.0,0.077515,0.0,0.0576,0.040031,0.068563,0.0,0.0,0.0,0.0,0.073275,0.055551,0.0,0.0,0.0,0.030586,0.029514,0.0,0.02598,0.0,0.031962,0.081967,0.0,0.0,0.089686,0.0,0.031902,0.032027,0.03194,0.049601,0.046756,0.0,0.0,0.003685
2022-01-24,0.042494,0.0,0.0,0.0,0.0,0.0,0.0,0.04786,0.048106,0.0,0.0783,0.0,0.057658,0.040377,0.068895,0.0,0.0,0.0,0.0,0.075915,0.055263,0.0,0.0,0.0,0.030687,0.029795,0.0,0.026367,0.0,0.031963,0.081803,0.0,0.0,0.089385,0.0,0.03158,0.031939,0.031954,0.049456,0.046523,0.0,0.0,0.003678
2022-01-25,0.043016,0.0,0.0,0.0,0.0,0.0,0.0,0.048546,0.047837,0.0,0.077281,0.0,0.058129,0.040625,0.071854,0.0,0.0,0.0,0.0,0.074754,0.055126,0.0,0.0,0.0,0.030096,0.028797,0.0,0.025492,0.0,0.031962,0.080909,0.0,0.0,0.090097,0.0,0.031655,0.032023,0.032025,0.049507,0.046578,0.0,0.0,0.003693
2022-01-26,0.044133,0.0,0.0,0.0,0.0,0.0,0.0,0.048197,0.047718,0.0,0.07728,0.0,0.058563,0.040551,0.072081,0.0,0.0,0.0,0.0,0.07273,0.055104,0.0,0.0,0.0,0.03042,0.029382,0.0,0.025306,0.0,0.031616,0.081396,0.0,0.0,0.0904,0.0,0.031424,0.03195,0.031976,0.049578,0.046486,0.0,0.0,0.003711
2022-01-27,0.044303,0.0,0.0,0.0,0.0,0.0,0.0,0.04843,0.047189,0.0,0.076217,0.0,0.058656,0.040123,0.073649,0.0,0.0,0.0,0.0,0.072424,0.05584,0.0,0.0,0.0,0.030535,0.028375,0.0,0.025351,0.0,0.031427,0.079191,0.0,0.0,0.090329,0.0,0.032345,0.032429,0.032452,0.049892,0.047093,0.0,0.0,0.00375
2022-01-28,0.04343,0.0,0.0,0.0,0.0,0.0,0.0,0.048501,0.046885,0.0,0.077069,0.0,0.058805,0.039925,0.072573,0.0,0.0,0.0,0.0,0.073387,0.056387,0.0,0.0,0.0,0.031539,0.028619,0.0,0.025672,0.0,0.032107,0.078346,0.0,0.0,0.090466,0.0,0.032019,0.032166,0.032226,0.049514,0.046654,0.0,0.0,0.003711
2022-01-31,0.030466,0.0,0.0,0.0,0.0,0.0,0.0,0.052367,0.0367,0.0,0.032982,0.0,0.039723,0.02776,0.02603,0.0,0.0,0.030049,0.079638,0.035767,0.079242,0.0,0.079209,0.079454,0.041248,0.029634,0.0,0.017723,0.0,0.079209,0.03867,0.0,0.0,0.079569,0.0,0.0,0.0,0.078999,0.0,0.0,0.0,0.0,0.005562
2022-02-01,0.03068,0.0,0.0,0.0,0.0,0.0,0.0,0.052106,0.036642,0.0,0.033002,0.0,0.040054,0.028031,0.026812,0.0,0.0,0.030994,0.080427,0.035684,0.079023,0.0,0.078707,0.077974,0.041131,0.029719,0.0,0.017627,0.0,0.078499,0.03906,0.0,0.0,0.080236,0.0,0.0,0.0,0.07806,0.0,0.0,0.0,0.0,0.005533
2022-02-02,0.030708,0.0,0.0,0.0,0.0,0.0,0.0,0.052076,0.036546,0.0,0.032594,0.0,0.040068,0.027781,0.026726,0.0,0.0,0.030926,0.080162,0.035925,0.079572,0.0,0.079139,0.078618,0.041199,0.030274,0.0,0.017455,0.0,0.078989,0.038575,0.0,0.0,0.079526,0.0,0.0,0.0,0.077645,0.0,0.0,0.0,0.0,0.005496
2022-02-03,0.030868,0.0,0.0,0.0,0.0,0.0,0.0,0.051972,0.036526,0.0,0.03197,0.0,0.040095,0.027933,0.026785,0.0,0.0,0.030616,0.079695,0.035529,0.080168,0.0,0.080096,0.079192,0.040476,0.029299,0.0,0.017313,0.0,0.079073,0.038181,0.0,0.0,0.080584,0.0,0.0,0.0,0.078068,0.0,0.0,0.0,0.0,0.005561
2022-02-04,0.030679,0.0,0.0,0.0,0.0,0.0,0.0,0.051916,0.036544,0.0,0.032953,0.0,0.040867,0.028495,0.027264,0.0,0.0,0.030412,0.078549,0.03435,0.080056,0.0,0.079292,0.078736,0.04073,0.029532,0.0,0.017667,0.0,0.078464,0.038816,0.0,0.0,0.081316,0.0,0.0,0.0,0.077789,0.0,0.0,0.0,0.0,0.005573
2022-02-07,0.030845,0.0,0.0,0.0,0.0,0.0,0.0,0.051406,0.036707,0.0,0.032888,0.0,0.040993,0.028665,0.027615,0.0,0.0,0.030458,0.078169,0.03451,0.079924,0.0,0.079445,0.078628,0.040463,0.029518,0.0,0.01765,0.0,0.07836,0.038735,0.0,0.0,0.081679,0.0,0.0,0.0,0.077765,0.0,0.0,0.0,0.0,0.005575
2022-02-08,0.030722,0.0,0.0,0.0,0.0,0.0,0.0,0.05128,0.036858,0.0,0.033151,0.0,0.041314,0.029222,0.026859,0.0,0.0,0.03073,0.078902,0.034929,0.080094,0.0,0.07927,0.078214,0.040717,0.030083,0.0,0.01774,0.0,0.077525,0.037873,0.0,0.0,0.081778,0.0,0.0,0.0,0.077199,0.0,0.0,0.0,0.0,0.00554
2022-02-09,0.030824,0.0,0.0,0.0,0.0,0.0,0.0,0.051297,0.036856,0.0,0.033167,0.0,0.041054,0.02866,0.026742,0.0,0.0,0.030905,0.079607,0.035217,0.079698,0.0,0.078293,0.077568,0.041097,0.030679,0.0,0.017969,0.0,0.078281,0.038135,0.0,0.0,0.082106,0.0,0.0,0.0,0.076375,0.0,0.0,0.0,0.0,0.005471
2022-02-10,0.031209,0.0,0.0,0.0,0.0,0.0,0.0,0.051346,0.03723,0.0,0.033075,0.0,0.041294,0.029027,0.026967,0.0,0.0,0.030786,0.080309,0.034365,0.079606,0.0,0.078593,0.076718,0.040612,0.030161,0.0,0.018112,0.0,0.077558,0.037878,0.0,0.0,0.082725,0.0,0.0,0.0,0.076881,0.0,0.0,0.0,0.0,0.00555
2022-02-11,0.03111,0.0,0.0,0.0,0.0,0.0,0.0,0.050874,0.037237,0.0,0.03247,0.0,0.041153,0.029156,0.02805,0.0,0.0,0.030289,0.079918,0.034301,0.079349,0.0,0.079155,0.07759,0.039795,0.028934,0.0,0.017772,0.0,0.077679,0.037259,0.0,0.0,0.083894,0.0,0.0,0.0,0.078404,0.0,0.0,0.0,0.0,0.005611
2022-02-14,0.030784,0.0,0.0,0.0,0.0,0.0,0.0,0.050328,0.037112,0.0,0.032879,0.0,0.040969,0.029099,0.027576,0.0,0.0,0.030597,0.079802,0.034427,0.079074,0.0,0.079473,0.077455,0.040054,0.029159,0.0,0.017893,0.0,0.077497,0.037298,0.0,0.0,0.084146,0.0,0.0,0.0,0.078729,0.0,0.0,0.0,0.0,0.005649
2022-02-15,0.030773,0.0,0.0,0.0,0.0,0.0,0.0,0.05142,0.037269,0.0,0.033181,0.0,0.040993,0.029438,0.026935,0.0,0.0,0.030987,0.080221,0.034583,0.078934,0.0,0.078585,0.076101,0.040577,0.030372,0.0,0.018153,0.0,0.077187,0.038571,0.0,0.0,0.082747,0.0,0.0,0.0,0.077395,0.0,0.0,0.0,0.0,0.005576
2022-02-16,0.030582,0.0,0.0,0.0,0.0,0.0,0.0,0.051299,0.037461,0.0,0.03319,0.0,0.040917,0.029438,0.027083,0.0,0.0,0.031026,0.080599,0.034702,0.078852,0.0,0.078529,0.076077,0.040432,0.030304,0.0,0.017877,0.0,0.077346,0.03861,0.0,0.0,0.08277,0.0,0.0,0.0,0.077346,0.0,0.0,0.0,0.0,0.005561
2022-02-17,0.030814,0.0,0.0,0.0,0.0,0.0,0.0,0.051529,0.037364,0.0,0.032687,0.0,0.040376,0.028854,0.027362,0.0,0.0,0.030843,0.080167,0.034187,0.078508,0.0,0.080077,0.077031,0.03969,0.029513,0.0,0.017575,0.0,0.077438,0.037875,0.0,0.0,0.084036,0.0,0.0,0.0,0.078446,0.0,0.0,0.0,0.0,0.005627
2022-02-18,0.030471,0.0,0.0,0.0,0.0,0.0,0.0,0.051707,0.037597,0.0,0.032597,0.0,0.040505,0.028954,0.027288,0.0,0.0,0.030777,0.080309,0.034372,0.07819,0.0,0.080501,0.077157,0.039423,0.029284,0.0,0.017369,0.0,0.077236,0.037434,0.0,0.0,0.084206,0.0,0.0,0.0,0.078977,0.0,0.0,0.0,0.0,0.005647
2022-02-21,0.030142,0.0,0.0,0.0,0.0,0.0,0.0,0.051724,0.037609,0.0,0.032608,0.0,0.040519,0.028964,0.027297,0.0,0.0,0.030787,0.080336,0.034384,0.078217,0.0,0.080529,0.077183,0.039437,0.029294,0.0,0.017375,0.0,0.077262,0.037447,0.0,0.0,0.084234,0.0,0.0,0.0,0.079004,0.0,0.0,0.0,0.0,0.005648
2022-02-22,0.030411,0.0,0.0,0.0,0.0,0.0,0.0,0.051754,0.037404,0.0,0.031854,0.0,0.040563,0.028922,0.027023,0.0,0.0,0.030461,0.079689,0.033308,0.078506,0.0,0.080401,0.077581,0.039315,0.029297,0.0,0.017396,0.0,0.077461,0.037063,0.0,0.0,0.086168,0.0,0.0,0.0,0.079739,0.0,0.0,0.0,0.0,0.005684
2022-02-23,0.03047,0.0,0.0,0.0,0.0,0.0,0.0,0.051772,0.037621,0.0,0.031137,0.0,0.040306,0.028769,0.02761,0.0,0.0,0.030199,0.079555,0.032579,0.078992,0.0,0.080651,0.077128,0.038763,0.028922,0.0,0.017235,0.0,0.07704,0.037625,0.0,0.0,0.087181,0.0,0.0,0.0,0.080697,0.0,0.0,0.0,0.0,0.005748
2022-02-24,0.029595,0.0,0.0,0.0,0.0,0.0,0.0,0.050251,0.036899,0.0,0.031775,0.0,0.03973,0.028229,0.02733,0.0,0.0,0.030531,0.079138,0.033617,0.079128,0.0,0.079077,0.077565,0.039995,0.029911,0.0,0.018393,0.0,0.078154,0.037579,0.0,0.0,0.086533,0.0,0.0,0.0,0.08084,0.0,0.0,0.0,0.0,0.00573
2022-02-25,0.030157,0.0,0.0,0.0,0.0,0.0,0.0,0.05084,0.036591,0.0,0.031728,0.0,0.040154,0.028822,0.027466,0.0,0.0,0.030537,0.080315,0.034087,0.079849,0.0,0.079923,0.078299,0.039693,0.029774,0.0,0.01826,0.0,0.078368,0.038102,0.0,0.0,0.08234,0.0,0.0,0.0,0.079084,0.0,0.0,0.0,0.0,0.005615
2022-02-28,0.0,0.0,0.0,0.0,0.0,0.0,0.0,0.038603,0.053154,0.0,0.024576,0.0,0.045721,0.037853,0.058247,0.033228,0.0,0.0,0.0,0.0,0.060083,0.0,0.08174,0.063046,0.047649,0.0,0.0,0.024463,0.0,0.037353,0.0,0.043552,0.0,0.081699,0.0,0.0,0.045256,0.045747,0.056763,0.034752,0.081762,0.0,0.004752
2022-03-01,0.0,0.0,0.0,0.0,0.0,0.0,0.0,0.037752,0.053122,0.0,0.024303,0.0,0.044216,0.036102,0.059075,0.034035,0.0,0.0,0.0,0.0,0.059996,0.0,0.081593,0.062755,0.046889,0.0,0.0,0.024691,0.0,0.037309,0.0,0.044525,0.0,0.084033,0.0,0.0,0.045885,0.046264,0.056836,0.035014,0.080832,0.0,0.004772
2022-03-02,0.0,0.0,0.0,0.0,0.0,0.0,0.0,0.038016,0.053316,0.0,0.024595,0.0,0.04496,0.03728,0.059893,0.034371,0.0,0.0,0.0,0.0,0.060364,0.0,0.081731,0.062958,0.047481,0.0,0.0,0.024759,0.0,0.037672,0.0,0.043673,0.0,0.083253,0.0,0.0,0.044797,0.045558,0.05647,0.034177,0.079946,0.0,0.00473
2022-03-03,0.0,0.0,0.0,0.0,0.0,0.0,0.0,0.037284,0.052629,0.0,0.024019,0.0,0.044783,0.036999,0.06001,0.033993,0.0,0.0,0.0,0.0,0.060624,0.0,0.082329,0.064016,0.046878,0.0,0.0,0.024318,0.0,0.037951,0.0,0.043898,0.0,0.08505,0.0,0.0,0.044954,0.045468,0.056257,0.034276,0.079538,0.0,0.004726
2022-03-04,0.0,0.0,0.0,0.0,0.0,0.0,0.0,0.036462,0.051728,0.0,0.023668,0.0,0.044002,0.035688,0.061821,0.035379,0.0,0.0,0.0,0.0,0.061006,0.0,0.082446,0.065513,0.046117,0.0,0.0,0.024145,0.0,0.038174,0.0,0.044655,0.0,0.084888,0.0,0.0,0.045459,0.045875,0.055963,0.034353,0.077927,0.0,0.004731
2022-03-07,0.0,0.0,0.0,0.0,0.0,0.0,0.0,0.035691,0.049694,0.0,0.022756,0.0,0.042861,0.03456,0.063424,0.035974,0.0,0.0,0.0,0.0,0.060603,0.0,0.081838,0.067094,0.044918,0.0,0.0,0.023837,0.0,0.037831,0.0,0.045818,0.0,0.087356,0.0,0.0,0.045764,0.046631,0.056086,0.03431,0.078169,0.0,0.004785
2022-03-08,0.0,0.0,0.0,0.0,0.0,0.0,0.0,0.036409,0.050077,0.0,0.022841,0.0,0.04268,0.034806,0.064527,0.036383,0.0,0.0,0.0,0.0,0.059463,0.0,0.079761,0.066166,0.044774,0.0,0.0,0.023488,0.0,0.03771,0.0,0.047149,0.0,0.087381,0.0,0.0,0.045542,0.046933,0.055979,0.034161,0.078981,0.0,0.004791
2022-03-09,0.0,0.0,0.0,0.0,0.0,0.0,0.0,0.037685,0.051044,0.0,0.023434,0.0,0.043983,0.035803,0.062179,0.035843,0.0,0.0,0.0,0.0,0.060223,0.0,0.079818,0.065304,0.046266,0.0,0.0,0.024021,0.0,0.03806,0.0,0.045474,0.0,0.085527,0.0,0.0,0.044989,0.046189,0.056107,0.034015,0.079271,0.0,0.004764
2022-03-10,0.0,0.0,0.0,0.0,0.0,0.0,0.0,0.037579,0.051161,0.0,0.023601,0.0,0.043614,0.035676,0.064082,0.036558,0.0,0.0,0.0,0.0,0.0602,0.0,0.079064,0.065741,0.045457,0.0,0.0,0.024036,0.0,0.038156,0.0,0.045616,0.0,0.085175,0.0,0.0,0.044783,0.046088,0.055637,0.033626,0.079387,0.0,0.004763
2022-03-11,0.0,0.0,0.0,0.0,0.0,0.0,0.0,0.037489,0.050701,0.0,0.023311,0.0,0.043612,0.035889,0.06402,0.036241,0.0,0.0,0.0,0.0,0.060174,0.0,0.078699,0.065983,0.044974,0.0,0.0,0.02368,0.0,0.038121,0.0,0.045616,0.0,0.086055,0.0,0.0,0.045088,0.046742,0.055626,0.033851,0.079332,0.0,0.004795
2022-03-14,0.0,0.0,0.0,0.0,0.0,0.0,0.0,0.038375,0.050808,0.0,0.023085,0.0,0.044477,0.036314,0.062546,0.034953,0.0,0.0,0.0,0.0,0.06103,0.0,0.079681,0.066376,0.044454,0.0,0.0,0.02315,0.0,0.038092,0.0,0.045248,0.0,0.086508,0.0,0.0,0.044834,0.046554,0.055357,0.033598,0.079728,0.0,0.004831
2022-03-15,0.0,0.0,0.0,0.0,0.0,0.0,0.0,0.038663,0.050497,0.0,0.023743,0.0,0.044888,0.036247,0.059966,0.034181,0.0,0.0,0.0,0.0,0.061948,0.0,0.081075,0.066902,0.045727,0.0,0.0,0.02362,0.0,0.038163,0.0,0.044188,0.0,0.085776,0.0,0.0,0.044598,0.045984,0.055504,0.033699,0.079822,0.0,0.004806
2022-03-16,0.0,0.0,0.0,0.0,0.0,0.0,0.0,0.03922,0.051181,0.0,0.024323,0.0,0.045715,0.037013,0.05913,0.033937,0.0,0.0,0.0,0.0,0.062103,0.0,0.080401,0.066153,0.04677,0.0,0.0,0.023873,0.0,0.038254,0.0,0.044047,0.0,0.083602,0.0,0.0,0.044119,0.045289,0.055754,0.033668,0.080689,0.0,0.004761
2022-03-17,0.0,0.0,0.0,0.0,0.0,0.0,0.0,0.038834,0.051648,0.0,0.024441,0.0,0.045748,0.036198,0.060453,0.035299,0.0,0.0,0.0,0.0,0.062352,0.0,0.080018,0.06566,0.046554,0.0,0.0,0.024112,0.0,0.038394,0.0,0.043748,0.0,0.083596,0.0,0.0,0.043522,0.045373,0.055483,0.033602,0.080259,0.0,0.004706
2022-03-18,0.0,0.0,0.0,0.0,0.0,0.0,0.0,0.039049,0.051416,0.0,0.024914,0.0,0.045779,0.036092,0.060297,0.035188,0.0,0.0,0.0,0.0,0.062633,0.0,0.08007,0.064992,0.047429,0.0,0.0,0.024598,0.0,0.038331,0.0,0.043292,0.0,0.083498,0.0,0.0,0.043578,0.045159,0.055574,0.033613,0.0798,0.0,0.004698
2022-03-21,0.0,0.0,0.0,0.0,0.0,0.0,0.0,0.038267,0.051023,0.0,0.024691,0.0,0.045706,0.035868,0.062689,0.036357,0.0,0.0,0.0,0.0,0.062548,0.0,0.080124,0.065387,0.04731,0.0,0.0,0.024347,0.0,0.038073,0.0,0.043597,0.0,0.085221,0.0,0.0,0.042984,0.044733,0.054901,0.033127,0.078353,0.0,0.004695
2022-03-22,0.0,0.0,0.0,0.0,0.0,0.0,0.0,0.038584,0.051003,0.0,0.025209,0.0,0.046274,0.036349,0.061995,0.03601,0.0,0.0,0.0,0.0,0.062327,0.0,0.080417,0.065233,0.04781,0.0,0.0,0.025143,0.0,0.038027,0.0,0.043118,0.0,0.085056,0.0,0.0,0.042589,0.044359,0.054977,0.032923,0.077921,0.0,0.004678
2022-03-23,0.0,0.0,0.0,0.0,0.0,0.0,0.0,0.037955,0.050655,0.0,0.024962,0.0,0.045538,0.035324,0.063229,0.036858,0.0,0.0,0.0,0.0,0.061371,0.0,0.079982,0.065499,0.0472,0.0,0.0,0.025273,0.0,0.037701,0.0,0.043824,0.0,0.085668,0.0,0.0,0.042989,0.045036,0.054948,0.033104,0.078194,0.0,0.00469
2022-03-24,0.0,0.0,0.0,0.0,0.0,0.0,0.0,0.03834,0.050817,0.0,0.02501,0.0,0.045636,0.035428,0.063017,0.037052,0.0,0.0,0.0,0.0,0.061742,0.0,0.080076,0.065788,0.048145,0.0,0.0,0.025375,0.0,0.037719,0.0,0.043885,0.0,0.084594,0.0,0.0,0.042501,0.044498,0.054742,0.032925,0.078047,0.0,0.004662
2022-03-25,0.0,0.0,0.0,0.0,0.0,0.0,0.0,0.038134,0.050201,0.0,0.024844,0.0,0.045993,0.035812,0.064081,0.038622,0.0,0.0,0.0,0.0,0.061723,0.0,0.080345,0.066412,0.04788,0.0,0.0,0.025092,0.0,0.038002,0.0,0.04349,0.0,0.084825,0.0,0.0,0.041858,0.043976,0.05408,0.032504,0.077485,0.0,0.00464
2022-03-28,0.0,0.0,0.0,0.0,0.0,0.0,0.0,0.03846,0.049884,0.0,0.025523,0.0,0.045895,0.035553,0.062535,0.037679,0.0,0.0,0.0,0.0,0.062212,0.0,0.080729,0.066884,0.04848,0.0,0.0,0.025366,0.0,0.038431,0.0,0.042726,0.0,0.083621,0.0,0.0,0.041979,0.043955,0.054454,0.032705,0.078287,0.0,0.004642
2022-03-29,0.0,0.0,0.0,0.0,0.0,0.0,0.0,0.038842,0.050094,0.0,0.025774,0.0,0.045657,0.035862,0.061908,0.037443,0.0,0.0,0.0,0.0,0.062113,0.0,0.080841,0.067003,0.049141,0.0,0.0,0.025404,0.0,0.039264,0.0,0.042427,0.0,0.082355,0.0,0.0,0.041875,0.043471,0.054716,0.032735,0.078466,0.0,0.004608
2022-03-30,0.0,0.0,0.0,0.0,0.0,0.0,0.0,0.038399,0.050102,0.0,0.025379,0.0,0.045326,0.034872,0.062618,0.037772,0.0,0.0,0.0,0.0,0.062225,0.0,0.080882,0.067545,0.048479,0.0,0.0,0.025126,0.0,0.038974,0.0,0.042761,0.0,0.083365,0.0,0.0,0.042033,0.043677,0.054543,0.032806,0.07851,0.0,0.004607
2022-03-31,0.0,0.0,0.0,0.0,0.0,0.0,0.0,0.0,0.079109,0.0,0.024451,0.0,0.024565,0.061293,0.066892,0.036659,0.0,0.032894,0.0,0.0,0.035088,0.0,0.092292,0.0,0.034061,0.024632,0.0,0.044749,0.0,0.0,0.0,0.051971,0.018944,0.092667,0.067429,0.0,0.047729,0.055963,0.083951,0.019355,0.0,0.0,0.005305
2022-04-01,0.0,0.0,0.0,0.0,0.0,0.0,0.0,0.0,0.079113,0.0,0.024466,0.0,0.024486,0.060706,0.067394,0.037707,0.0,0.031614,0.0,0.0,0.035343,0.0,0.09316,0.0,0.03394,0.02414,0.0,0.044722,0.0,0.0,0.0,0.051609,0.018817,0.092018,0.069151,0.0,0.04739,0.055621,0.083895,0.019408,0.0,0.0,0.005301
2022-04-04,0.0,0.0,0.0,0.0,0.0,0.0,0.0,0.0,0.079985,0.0,0.02491,0.0,0.024274,0.060147,0.067198,0.037654,0.0,0.031387,0.0,0.0,0.034901,0.0,0.092478,0.0,0.034439,0.024429,0.0,0.045213,0.0,0.0,0.0,0.051641,0.018647,0.092263,0.069081,0.0,0.047159,0.055346,0.084174,0.019393,0.0,0.0,0.005279
2022-04-05,0.0,0.0,0.0,0.0,0.0,0.0,0.0,0.0,0.079989,0.0,0.024636,0.0,0.024428,0.060145,0.066985,0.037256,0.0,0.030928,0.0,0.0,0.03542,0.0,0.093739,0.0,0.034142,0.023601,0.0,0.044752,0.0,0.0,0.0,0.051969,0.018659,0.093778,0.067958,0.0,0.04719,0.055644,0.084139,0.019296,0.0,0.0,0.005346
2022-04-06,0.0,0.0,0.0,0.0,0.0,0.0,0.0,0.0,0.079462,0.0,0.024166,0.0,0.024421,0.059511,0.067829,0.037465,0.0,0.030252,0.0,0.0,0.036198,0.0,0.095558,0.0,0.033555,0.023167,0.0,0.043767,0.0,0.0,0.0,0.052437,0.018959,0.094357,0.067071,0.0,0.047336,0.055766,0.084032,0.01931,0.0,0.0,0.005381
2022-04-07,0.0,0.0,0.0,0.0,0.0,0.0,0.0,0.0,0.078164,0.0,0.024227,0.0,0.024332,0.058623,0.06854,0.037711,0.0,0.030045,0.0,0.0,0.0368,0.0,0.09647,0.0,0.033521,0.023158,0.0,0.044132,0.0,0.0,0.0,0.0525,0.019019,0.094329,0.067559,0.0,0.047098,0.05555,0.083682,0.019171,0.0,0.0,0.005368
2022-04-08,0.0,0.0,0.0,0.0,0.0,0.0,0.0,0.0,0.077709,0.0,0.023932,0.0,0.024505,0.058495,0.070216,0.038453,0.0,0.029643,0.0,0.0,0.036909,0.0,0.096586,0.0,0.032954,0.022516,0.0,0.043481,0.0,0.0,0.0,0.052671,0.019063,0.0955,0.067925,0.0,0.046719,0.055484,0.082925,0.018963,0.0,0.0,0.005351
2022-04-11,0.0,0.0,0.0,0.0,0.0,0.0,0.0,0.0,0.076811,0.0,0.023676,0.0,0.02459,0.059129,0.06865,0.037967,0.0,0.029976,0.0,0.0,0.036464,0.0,0.096962,0.0,0.03238,0.022229,0.0,0.04418,0.0,0.0,0.0,0.053355,0.019493,0.097038,0.067066,0.0,0.046866,0.05583,0.083015,0.018929,0.0,0.0,0.005393
2022-04-12,0.0,0.0,0.0,0.0,0.0,0.0,0.0,0.0,0.07649,0.0,0.023661,0.0,0.024254,0.058357,0.069592,0.038385,0.0,0.029898,0.0,0.0,0.036008,0.0,0.096713,0.0,0.032146,0.022099,0.0,0.044115,0.0,0.0,0.0,0.053613,0.019706,0.097537,0.067117,0.0,0.046959,0.055668,0.083414,0.018888,0.0,0.0,0.005379
2022-04-13,0.0,0.0,0.0,0.0,0.0,0.0,0.0,0.0,0.077321,0.0,0.023957,0.0,0.023962,0.058462,0.069778,0.038921,0.0,0.030125,0.0,0.0,0.035748,0.0,0.096082,0.0,0.032269,0.022302,0.0,0.044967,0.0,0.0,0.0,0.05322,0.019701,0.096233,0.068593,0.0,0.046495,0.054892,0.0829,0.018757,0.0,0.0,0.005314
2022-04-14,0.0,0.0,0.0,0.0,0.0,0.0,0.0,0.0,0.076281,0.0,0.023788,0.0,0.023859,0.058319,0.070499,0.039289,0.0,0.0304,0.0,0.0,0.035827,0.0,0.096734,0.0,0.031707,0.021838,0.0,0.044306,0.0,0.0,0.0,0.053418,0.019748,0.09644,0.068927,0.0,0.046401,0.055274,0.082926,0.018669,0.0,0.0,0.00535
2022-04-18,0.0,0.0,0.0,0.0,0.0,0.0,0.0,0.0,0.075019,0.0,0.023839,0.0,0.023979,0.05849,0.071468,0.039998,0.0,0.030085,0.0,0.0,0.0354,0.0,0.09585,0.0,0.031782,0.022196,0.0,0.043434,0.0,0.0,0.0,0.053535,0.019922,0.097506,0.069492,0.0,0.046225,0.055207,0.082717,0.01851,0.0,0.0,0.005346
2022-04-19,0.0,0.0,0.0,0.0,0.0,0.0,0.0,0.0,0.075103,0.0,0.024456,0.0,0.024235,0.06009,0.070671,0.039258,0.0,0.030748,0.0,0.0,0.03563,0.0,0.097015,0.0,0.03228,0.022614,0.0,0.044141,0.0,0.0,0.0,0.052566,0.019338,0.096275,0.068999,0.0,0.045781,0.054767,0.082395,0.018307,0.0,0.0,0.005329
2022-04-20,0.0,0.0,0.0,0.0,0.0,0.0,0.0,0.0,0.075277,0.0,0.024048,0.0,0.024309,0.060327,0.07067,0.039641,0.0,0.030808,0.0,0.0,0.035969,0.0,0.098089,0.0,0.032126,0.022477,0.0,0.043777,0.0,0.0,0.0,0.05262,0.019296,0.096031,0.067547,0.0,0.045961,0.054959,0.082333,0.018426,0.0,0.0,0.005309
2022-04-21,0.0,0.0,0.0,0.0,0.0,0.0,0.0,0.0,0.075472,0.0,0.024175,0.0,0.024285,0.060168,0.069461,0.03849,0.0,0.03125,0.0,0.0,0.036109,0.0,0.099485,0.0,0.032058,0.022208,0.0,0.042897,0.0,0.0,0.0,0.053225,0.019175,0.09731,0.064924,0.0,0.046398,0.05601,0.083005,0.018506,0.0,0.0,0.005388
2022-04-22,0.0,0.0,0.0,0.0,0.0,0.0,0.0,0.0,0.07594,0.0,0.024073,0.0,0.024021,0.059798,0.069081,0.037613,0.0,0.031091,0.0,0.0,0.035469,0.0,0.099833,0.0,0.031767,0.022136,0.0,0.042754,0.0,0.0,0.0,0.053733,0.019137,0.097975,0.062933,0.0,0.047323,0.056874,0.084111,0.018844,0.0,0.0,0.005494
2022-04-25,0.0,0.0,0.0,0.0,0.0,0.0,0.0,0.0,0.075995,0.0,0.024294,0.0,0.024107,0.060012,0.066927,0.03696,0.0,0.031474,0.0,0.0,0.035778,0.0,0.100469,0.0,0.032307,0.022554,0.0,0.044001,0.0,0.0,0.0,0.05287,0.018761,0.097374,0.061871,0.0,0.04772,0.056943,0.084987,0.019091,0.0,0.0,0.005504
2022-04-26,0.0,0.0,0.0,0.0,0.0,0.0,0.0,0.0,0.075148,0.0,0.023422,0.0,0.023865,0.059126,0.068054,0.037115,0.0,0.031064,0.0,0.0,0.035691,0.0,0.100447,0.0,0.031585,0.021888,0.0,0.043012,0.0,0.0,0.0,0.05377,0.018895,0.099148,0.060282,0.0,0.048782,0.057948,0.085794,0.019376,0.0,0.0,0.005589
2022-04-27,0.0,0.0,0.0,0.0,0.0,0.0,0.0,0.0,0.074943,0.0,0.023361,0.0,0.02378,0.058952,0.068862,0.037555,0.0,0.031309,0.0,0.0,0.035516,0.0,0.100543,0.0,0.031965,0.021709,0.0,0.042265,0.0,0.0,0.0,0.053218,0.018704,0.098878,0.062516,0.0,0.048377,0.057695,0.08514,0.019137,0.0,0.0,0.005574
2022-04-28,0.0,0.0,0.0,0.0,0.0,0.0,0.0,0.0,0.075476,0.0,0.023496,0.0,0.023736,0.058939,0.069927,0.038196,0.0,0.031656,0.0,0.0,0.035486,0.0,0.100555,0.0,0.032765,0.022575,0.0,0.042441,0.0,0.0,0.0,0.052733,0.018374,0.09789,0.062167,0.0,0.047611,0.057186,0.084379,0.018918,0.0,0.0,0.005493
2022-04-29,0.031706,0.0,0.0,0.0,0.0,0.0,0.11993,0.0,0.049766,0.0,0.035597,0.0,0.016467,0.0,0.085031,0.049445,0.038445,0.063851,0.02847,0.0,0.065135,0.0,0.016034,0.093342,0.043232,0.031641,0.0,0.059306,0.0,0.028841,0.0,0.030184,0.0,0.01777,0.090595,0.0,0.0,0.0,0.0,0.0,0.0,0.0,0.005211
2022-05-02,0.031838,0.0,0.0,0.0,0.0,0.0,0.116239,0.0,0.049741,0.0,0.036268,0.0,0.01654,0.0,0.086748,0.049722,0.038686,0.063876,0.028501,0.0,0.064999,0.0,0.015889,0.09277,0.044071,0.032833,0.0,0.060491,0.0,0.028261,0.0,0.029748,0.0,0.017779,0.089767,0.0,0.0,0.0,0.0,0.0,0.0,0.0,0.005233
2022-05-03,0.031285,0.0,0.0,0.0,0.0,0.0,0.117132,0.0,0.049751,0.0,0.035844,0.0,0.016601,0.0,0.088356,0.051577,0.038582,0.06359,0.028555,0.0,0.064603,0.0,0.015697,0.092265,0.043741,0.032799,0.0,0.059116,0.0,0.028348,0.0,0.029551,0.0,0.017519,0.089906,0.0,0.0,0.0,0.0,0.0,0.0,0.0,0.005183
2022-05-04,0.030186,0.0,0.0,0.0,0.0,0.0,0.117565,0.0,0.049531,0.0,0.036003,0.0,0.016695,0.0,0.089797,0.052364,0.038738,0.063291,0.028767,0.0,0.064436,0.0,0.015662,0.092041,0.04418,0.033247,0.0,0.058469,0.0,0.02798,0.0,0.029119,0.0,0.017251,0.089619,0.0,0.0,0.0,0.0,0.0,0.0,0.0,0.005058
2022-05-05,0.031147,0.0,0.0,0.0,0.0,0.0,0.116038,0.0,0.049233,0.0,0.035059,0.0,0.016721,0.0,0.09124,0.052614,0.038918,0.063586,0.028757,0.0,0.06518,0.0,0.015851,0.093978,0.043384,0.032636,0.0,0.056926,0.0,0.028094,0.0,0.029924,0.0,0.017829,0.087669,0.0,0.0,0.0,0.0,0.0,0.0,0.0,0.005217
2022-05-06,0.030997,0.0,0.0,0.0,0.0,0.0,0.115397,0.0,0.049398,0.0,0.034775,0.0,0.016678,0.0,0.094395,0.053548,0.038834,0.063225,0.028476,0.0,0.065276,0.0,0.015941,0.095164,0.043234,0.032495,0.0,0.054775,0.0,0.027889,0.0,0.030113,0.0,0.017692,0.086458,0.0,0.0,0.0,0.0,0.0,0.0,0.0,0.005241
2022-05-09,0.031398,0.0,0.0,0.0,0.0,0.0,0.116272,0.0,0.049893,0.0,0.034754,0.0,0.016994,0.0,0.090386,0.05013,0.039558,0.064006,0.028787,0.0,0.066377,0.0,0.016634,0.098598,0.043385,0.032194,0.0,0.053478,0.0,0.027831,0.0,0.030979,0.0,0.018038,0.084835,0.0,0.0,0.0,0.0,0.0,0.0,0.0,0.00547
2022-05-10,0.031166,0.0,0.0,0.0,0.0,0.0,0.116461,0.0,0.050481,0.0,0.03465,0.0,0.016843,0.0,0.091204,0.050373,0.039298,0.063971,0.028607,0.0,0.066612,0.0,0.016518,0.097399,0.044046,0.032925,0.0,0.054127,0.0,0.027323,0.0,0.030717,0.0,0.018164,0.083645,0.0,0.0,0.0,0.0,0.0,0.0,0.0,0.00547
2022-05-11,0.031718,0.0,0.0,0.0,0.0,0.0,0.118182,0.0,0.049793,0.0,0.033492,0.0,0.01673,0.0,0.092662,0.050742,0.03904,0.063239,0.028693,0.0,0.066338,0.0,0.016488,0.098349,0.042763,0.032033,0.0,0.052734,0.0,0.027334,0.0,0.031046,0.0,0.018541,0.084595,0.0,0.0,0.0,0.0,0.0,0.0,0.0,0.005486
2022-05-12,0.031055,0.0,0.0,0.0,0.0,0.0,0.120028,0.0,0.049512,0.0,0.033787,0.0,0.016636,0.0,0.093232,0.050727,0.039187,0.063467,0.028695,0.0,0.067107,0.0,0.016515,0.097541,0.042403,0.032289,0.0,0.053421,0.0,0.0276,0.0,0.030628,0.0,0.018661,0.082011,0.0,0.0,0.0,0.0,0.0,0.0,0.0,0.005497
2022-05-13,0.03104,0.0,0.0,0.0,0.0,0.0,0.12013,0.0,0.049383,0.0,0.034265,0.0,0.016469,0.0,0.09408,0.051597,0.038723,0.063089,0.028429,0.0,0.066174,0.0,0.016357,0.096307,0.042749,0.033114,0.0,0.054478,0.0,0.027641,0.0,0.029643,0.0,0.018382,0.082584,0.0,0.0,0.0,0.0,0.0,0.0,0.0,0.005362
2022-05-16,0.030786,0.0,0.0,0.0,0.0,0.0,0.12135,0.0,0.048783,0.0,0.033384,0.0,0.016262,0.0,0.096154,0.052553,0.038506,0.062327,0.028258,0.0,0.066383,0.0,0.016362,0.096197,0.042193,0.032473,0.0,0.052967,0.0,0.027351,0.0,0.0298,0.0,0.01885,0.08372,0.0,0.0,0.0,0.0,0.0,0.0,0.0,0.00534
2022-05-17,0.030666,0.0,0.0,0.0,0.0,0.0,0.12176,0.0,0.048744,0.0,0.033503,0.0,0.016345,0.0,0.095212,0.05294,0.038548,0.062918,0.028444,0.0,0.065873,0.0,0.015907,0.095137,0.042498,0.033331,0.0,0.052443,0.0,0.027138,0.0,0.028987,0.0,0.018548,0.085833,0.0,0.0,0.0,0.0,0.0,0.0,0.0,0.005226
2022-05-18,0.031089,0.0,0.0,0.0,0.0,0.0,0.121813,0.0,0.04951,0.0,0.03232,0.0,0.016406,0.0,0.095757,0.052846,0.038307,0.061218,0.028447,0.0,0.066238,0.0,0.015362,0.09725,0.041859,0.032669,0.0,0.051894,0.0,0.027198,0.0,0.029936,0.0,0.018678,0.085807,0.0,0.0,0.0,0.0,0.0,0.0,0.0,0.005394
2022-05-19,0.030621,0.0,0.0,0.0,0.0,0.0,0.123872,0.0,0.049681,0.0,0.032208,0.0,0.01623,0.0,0.095008,0.052602,0.037806,0.059848,0.028529,0.0,0.066106,0.0,0.015026,0.096642,0.041227,0.032336,0.0,0.051874,0.0,0.026965,0.0,0.030249,0.0,0.018592,0.089207,0.0,0.0,0.0,0.0,0.0,0.0,0.0,0.005372
2022-05-20,0.03027,0.0,0.0,0.0,0.0,0.0,0.126291,0.0,0.049646,0.0,0.031497,0.0,0.016123,0.0,0.094965,0.052665,0.037221,0.059646,0.028325,0.0,0.066594,0.0,0.014986,0.096453,0.041123,0.032166,0.0,0.052497,0.0,0.027008,0.0,0.030127,0.0,0.01838,0.088668,0.0,0.0,0.0,0.0,0.0,0.0,0.0,0.005346
2022-05-23,0.030392,0.0,0.0,0.0,0.0,0.0,0.128198,0.0,0.04915,0.0,0.031084,0.0,0.016307,0.0,0.095481,0.053704,0.037057,0.059463,0.028255,0.0,0.065805,0.0,0.014983,0.095614,0.041208,0.031644,0.0,0.052732,0.0,0.026763,0.0,0.029648,0.0,0.018166,0.089108,0.0,0.0,0.0,0.0,0.0,0.0,0.0,0.005237
2022-05-24,0.02996,0.0,0.0,0.0,0.0,0.0,0.128542,0.0,0.048585,0.0,0.030418,0.0,0.016345,0.0,0.096268,0.053767,0.0372,0.058581,0.028217,0.0,0.066293,0.0,0.015295,0.097954,0.040775,0.03101,0.0,0.051689,0.0,0.027108,0.0,0.030003,0.0,0.018027,0.088701,0.0,0.0,0.0,0.0,0.0,0.0,0.0,0.005261
2022-05-25,0.030091,0.0,0.0,0.0,0.0,0.0,0.127343,0.0,0.048735,0.0,0.031011,0.0,0.016336,0.0,0.097424,0.055456,0.037099,0.058724,0.028102,0.0,0.065711,0.0,0.01517,0.097058,0.040901,0.0313,0.0,0.052161,0.0,0.027106,0.0,0.02957,0.0,0.017785,0.0877,0.0,0.0,0.0,0.0,0.0,0.0,0.0,0.005215
2022-05-26,0.030196,0.0,0.0,0.0,0.0,0.0,0.128034,0.0,0.048166,0.0,0.032018,0.0,0.016449,0.0,0.096942,0.055825,0.037253,0.059583,0.028166,0.0,0.064947,0.0,0.015089,0.095794,0.041221,0.032009,0.0,0.052668,0.0,0.02671,0.0,0.029048,0.0,0.017679,0.087071,0.0,0.0,0.0,0.0,0.0,0.0,0.0,0.005133
2022-05-27,0.030117,0.0,0.0,0.0,0.0,0.0,0.126346,0.0,0.048211,0.0,0.032478,0.0,0.016404,0.0,0.096814,0.056936,0.037286,0.059602,0.02827,0.0,0.064755,0.0,0.01497,0.095418,0.041795,0.032683,0.0,0.053217,0.0,0.026898,0.0,0.028503,0.0,0.017447,0.086816,0.0,0.0,0.0,0.0,0.0,0.0,0.0,0.005034
2022-05-30,0.03053,0.0,0.0,0.0,0.0,0.0,0.126292,0.0,0.04819,0.0,0.032464,0.0,0.016397,0.0,0.096772,0.056912,0.03727,0.059577,0.028258,0.0,0.064727,0.0,0.014963,0.095377,0.041777,0.032669,0.0,0.053194,0.0,0.026887,0.0,0.028491,0.0,0.01744,0.086779,0.0,0.0,0.0,0.0,0.0,0.0,0.0,0.005031
2022-05-31,0.0,0.0,0.0,0.026785,0.0,0.0,0.038465,0.068065,0.020173,0.015404,0.0,0.0,0.0,0.0,0.083124,0.020218,0.0,0.0,0.038726,0.0,0.055554,0.0,0.076499,0.080494,0.019226,0.0,0.0,0.019937,0.0,0.020121,0.0,0.091688,0.0,0.0923,0.035131,0.0,0.02966,0.073302,0.09077,0.0,0.0,0.0,0.004358
2022-06-01,0.0,0.0,0.0,0.026676,0.0,0.0,0.038353,0.068172,0.020023,0.015327,0.0,0.0,0.0,0.0,0.08459,0.020906,0.0,0.0,0.03839,0.0,0.054829,0.0,0.075603,0.080472,0.019194,0.0,0.0,0.020039,0.0,0.019981,0.0,0.092395,0.0,0.092339,0.03516,0.0,0.029532,0.073098,0.090555,0.0,0.0,0.0,0.004363
2022-06-02,0.0,0.0,0.0,0.026672,0.0,0.0,0.038411,0.068945,0.020058,0.015383,0.0,0.0,0.0,0.0,0.083407,0.020684,0.0,0.0,0.039021,0.0,0.054662,0.0,0.07587,0.080134,0.019445,0.0,0.0,0.020422,0.0,0.020036,0.0,0.092516,0.0,0.091793,0.036389,0.0,0.029254,0.072637,0.089946,0.0,0.0,0.0,0.004315
2022-06-03,0.0,0.0,0.0,0.026782,0.0,0.0,0.038367,0.067812,0.019834,0.015139,0.0,0.0,0.0,0.0,0.085132,0.021084,0.0,0.0,0.038925,0.0,0.054418,0.0,0.075658,0.080333,0.019119,0.0,0.0,0.020248,0.0,0.019913,0.0,0.092249,0.0,0.091588,0.036115,0.0,0.029412,0.073594,0.089931,0.0,0.0,0.0,0.004347
2022-06-06,0.0,0.0,0.0,0.027023,0.0,0.0,0.037942,0.067823,0.019858,0.015101,0.0,0.0,0.0,0.0,0.084988,0.021256,0.0,0.0,0.039271,0.0,0.054395,0.0,0.075646,0.080644,0.01911,0.0,0.0,0.020218,0.0,0.019839,0.0,0.091791,0.0,0.09275,0.036547,0.0,0.029174,0.073073,0.089206,0.0,0.0,0.0,0.004345
2022-06-07,0.0,0.0,0.0,0.026783,0.0,0.0,0.037067,0.067459,0.019728,0.014914,0.0,0.0,0.0,0.0,0.086952,0.021909,0.0,0.0,0.039295,0.0,0.054742,0.0,0.075547,0.080598,0.019211,0.0,0.0,0.020402,0.0,0.019981,0.0,0.091783,0.0,0.091934,0.036685,0.0,0.0291,0.072767,0.088826,0.0,0.0,0.0,0.004316
2022-06-08,0.0,0.0,0.0,0.027087,0.0,0.0,0.036523,0.067242,0.019825,0.014927,0.0,0.0,0.0,0.0,0.087835,0.021894,0.0,0.0,0.038785,0.0,0.054741,0.0,0.075215,0.07965,0.019145,0.0,0.0,0.020414,0.0,0.019675,0.0,0.092428,0.0,0.092959,0.036152,0.0,0.029222,0.073166,0.088766,0.0,0.0,0.0,0.00435
2022-06-09,0.0,0.0,0.0,0.027049,0.0,0.0,0.036381,0.067699,0.019826,0.014838,0.0,0.0,0.0,0.0,0.08703,0.02189,0.0,0.0,0.038369,0.0,0.054212,0.0,0.075067,0.078765,0.018881,0.0,0.0,0.020256,0.0,0.019463,0.0,0.093353,0.0,0.094189,0.035399,0.0,0.029583,0.074121,0.089221,0.0,0.0,0.0,0.004407
2022-06-10,0.0,0.0,0.0,0.026679,0.0,0.0,0.035721,0.067732,0.01987,0.01464,0.0,0.0,0.0,0.0,0.086617,0.021787,0.0,0.0,0.037656,0.0,0.054003,0.0,0.075673,0.079133,0.01838,0.0,0.0,0.019814,0.0,0.019268,0.0,0.09578,0.0,0.094627,0.035001,0.0,0.029656,0.07471,0.088791,0.0,0.0,0.0,0.004463
2022-06-13,0.0,0.0,0.0,0.026725,0.0,0.0,0.035087,0.068706,0.019904,0.01444,0.0,0.0,0.0,0.0,0.084835,0.021111,0.0,0.0,0.037393,0.0,0.054115,0.0,0.076513,0.078013,0.018152,0.0,0.0,0.019494,0.0,0.018916,0.0,0.096362,0.0,0.096674,0.03426,0.0,0.030101,0.075903,0.088685,0.0,0.0,0.0,0.004611
2022-06-14,0.0,0.0,0.0,0.026615,0.0,0.0,0.035022,0.069433,0.020297,0.014692,0.0,0.0,0.0,0.0,0.085486,0.021072,0.0,0.0,0.03732,0.0,0.053907,0.0,0.076045,0.076479,0.018371,0.0,0.0,0.019561,0.0,0.01888,0.0,0.09614,0.0,0.096962,0.033975,0.0,0.030032,0.07529,0.089781,0.0,0.0,0.0,0.004637
2022-06-15,0.0,0.0,0.0,0.026723,0.0,0.0,0.03571,0.06947,0.020364,0.014596,0.0,0.0,0.0,0.0,0.082994,0.02061,0.0,0.0,0.037041,0.0,0.05406,0.0,0.075572,0.076419,0.018624,0.0,0.0,0.019867,0.0,0.019188,0.0,0.096692,0.0,0.096306,0.034284,0.0,0.030231,0.075781,0.090864,0.0,0.0,0.0,0.004604
2022-06-16,0.0,0.0,0.0,0.026175,0.0,0.0,0.034785,0.068806,0.019974,0.014447,0.0,0.0,0.0,0.0,0.079826,0.019673,0.0,0.0,0.036391,0.0,0.054289,0.0,0.076439,0.076384,0.018209,0.0,0.0,0.019393,0.0,0.019042,0.0,0.099659,0.0,0.099153,0.033498,0.0,0.031014,0.07701,0.091142,0.0,0.0,0.0,0.004692
2022-06-17,0.0,0.0,0.0,0.02653,0.0,0.0,0.034635,0.069189,0.020095,0.014678,0.0,0.0,0.0,0.0,0.076078,0.018389,0.0,0.0,0.036625,0.0,0.054701,0.0,0.076784,0.07629,0.018526,0.0,0.0,0.019945,0.0,0.019343,0.0,0.099646,0.0,0.09937,0.033318,0.0,0.031276,0.077679,0.092173,0.0,0.0,0.0,0.00473
2022-06-20,0.0,0.0,0.0,0.026644,0.0,0.0,0.034631,0.069181,0.020093,0.014676,0.0,0.0,0.0,0.0,0.076069,0.018387,0.0,0.0,0.03662,0.0,0.054694,0.0,0.076775,0.076281,0.018523,0.0,0.0,0.019942,0.0,0.019341,0.0,0.099635,0.0,0.099358,0.033314,0.0,0.031273,0.07767,0.092162,0.0,0.0,0.0,0.00473
2022-06-21,0.0,0.0,0.0,0.026536,0.0,0.0,0.03419,0.069873,0.020208,0.014474,0.0,0.0,0.0,0.0,0.079076,0.018919,0.0,0.0,0.03674,0.0,0.055511,0.0,0.077904,0.076826,0.018773,0.0,0.0,0.02026,0.0,0.019381,0.0,0.098104,0.0,0.097118,0.033163,0.0,0.030748,0.076496,0.091025,0.0,0.0,0.0,0.004674
2022-06-22,0.0,0.0,0.0,0.026491,0.0,0.0,0.03426,0.069186,0.019911,0.014151,0.0,0.0,0.0,0.0,0.076477,0.017918,0.0,0.0,0.036539,0.0,0.056701,0.0,0.078429,0.078214,0.018833,0.0,0.0,0.02034,0.0,0.019774,0.0,0.09923,0.0,0.096662,0.031615,0.0,0.031369,0.077512,0.091679,0.0,0.0,0.0,0.004709
2022-06-23,0.0,0.0,0.0,0.026598,0.0,0.0,0.033611,0.070124,0.019916,0.014045,0.0,0.0,0.0,0.0,0.073844,0.017189,0.0,0.0,0.036138,0.0,0.058133,0.0,0.080171,0.080275,0.019168,0.0,0.0,0.020992,0.0,0.020205,0.0,0.098893,0.0,0.094016,0.029784,0.0,0.031632,0.077955,0.09259,0.0,0.0,0.0,0.004722
2022-06-24,0.0,0.0,0.0,0.027005,0.0,0.0,0.033243,0.070205,0.019968,0.014413,0.0,0.0,0.0,0.0,0.073834,0.017167,0.0,0.0,0.03708,0.0,0.058322,0.0,0.080669,0.080599,0.019596,0.0,0.0,0.021574,0.0,0.020364,0.0,0.097497,0.0,0.093096,0.030572,0.0,0.031106,0.077005,0.092024,0.0,0.0,0.0,0.00466
2022-06-27,0.0,0.0,0.0,0.02711,0.0,0.0,0.034055,0.069572,0.019894,0.014394,0.0,0.0,0.0,0.0,0.075903,0.01793,0.0,0.0,0.036727,0.0,0.058464,0.0,0.080344,0.081149,0.019439,0.0,0.0,0.021219,0.0,0.020308,0.0,0.097264,0.0,0.091855,0.031131,0.0,0.030891,0.076353,0.091343,0.0,0.0,0.0,0.004653
2022-06-28,0.0,0.0,0.0,0.02727,0.0,0.0,0.033913,0.069018,0.019649,0.014352,0.0,0.0,0.0,0.0,0.078301,0.018484,0.0,0.0,0.036497,0.0,0.057702,0.0,0.079625,0.081207,0.018941,0.0,0.0,0.020673,0.0,0.02015,0.0,0.097537,0.0,0.092671,0.031099,0.0,0.03107,0.076427,0.090742,0.0,0.0,0.0,0.004674
2022-06-29,0.0,0.0,0.0,0.026928,0.0,0.0,0.034178,0.0697,0.019622,0.01418,0.0,0.0,0.0,0.0,0.075842,0.017569,0.0,0.0,0.03636,0.0,0.058406,0.0,0.080404,0.081548,0.019045,0.0,0.0,0.02074,0.0,0.020095,0.0,0.097801,0.0,0.093581,0.030402,0.0,0.031428,0.076558,0.090922,0.0,0.0,0.0,0.004691
2022-06-30,0.0,0.012943,0.0,0.011774,0.0,0.0,0.103554,0.039492,0.017664,0.011759,0.0,0.0,0.0,0.0,0.070767,0.045138,0.0,0.0,0.030265,0.0,0.063372,0.0,0.048171,0.092057,0.0,0.0,0.0,0.01523,0.0,0.0,0.0,0.103108,0.0,0.103583,0.014078,0.0,0.03966,0.076181,0.081286,0.014686,0.0,0.0,0.005233
2022-07-01,0.0,0.012896,0.0,0.011811,0.0,0.0,0.101893,0.039428,0.017119,0.011549,0.0,0.0,0.0,0.0,0.07151,0.045481,0.0,0.0,0.030345,0.0,0.063802,0.0,0.04865,0.0939,0.0,0.0,0.0,0.01551,0.0,0.0,0.0,0.102569,0.0,0.101103,0.013744,0.0,0.039909,0.077066,0.0817,0.014806,0.0,0.0,0.005209
2022-07-04,0.0,0.012896,0.0,0.011824,0.0,0.0,0.101892,0.039427,0.017119,0.011548,0.0,0.0,0.0,0.0,0.071509,0.04548,0.0,0.0,0.030345,0.0,0.063801,0.0,0.048649,0.093899,0.0,0.0,0.0,0.01551,0.0,0.0,0.0,0.102568,0.0,0.101101,0.013743,0.0,0.039908,0.077065,0.081699,0.014806,0.0,0.0,0.005209
2022-07-05,0.0,0.012751,0.0,0.01202,0.0,0.0,0.101276,0.040148,0.017286,0.011675,0.0,0.0,0.0,0.0,0.06991,0.043769,0.0,0.0,0.030271,0.0,0.064575,0.0,0.049208,0.092332,0.0,0.0,0.0,0.016127,0.0,0.0,0.0,0.102202,0.0,0.100709,0.013263,0.0,0.040777,0.078237,0.083093,0.015069,0.0,0.0,0.005303
2022-07-06,0.0,0.012809,0.0,0.012228,0.0,0.0,0.101296,0.04092,0.01709,0.011605,0.0,0.0,0.0,0.0,0.068886,0.043136,0.0,0.0,0.030538,0.0,0.065172,0.0,0.049472,0.09352,0.0,0.0,0.0,0.016209,0.0,0.0,0.0,0.100832,0.0,0.101422,0.013286,0.0,0.040531,0.07772,0.082983,0.015031,0.0,0.0,0.005315
2022-07-07,0.0,0.012821,0.0,0.012384,0.0,0.0,0.103394,0.04048,0.017328,0.011713,0.0,0.0,0.0,0.0,0.07034,0.044932,0.0,0.0,0.030365,0.0,0.064504,0.0,0.048805,0.092079,0.0,0.0,0.0,0.016343,0.0,0.0,0.0,0.099432,0.0,0.101843,0.013888,0.0,0.039701,0.076478,0.083119,0.014813,0.0,0.0,0.005238
2022-07-08,0.0,0.012808,0.0,0.012422,0.0,0.0,0.104079,0.040308,0.017374,0.011777,0.0,0.0,0.0,0.0,0.070185,0.044723,0.0,0.0,0.030015,0.0,0.064582,0.0,0.048632,0.091614,0.0,0.0,0.0,0.016317,0.0,0.0,0.0,0.099299,0.0,0.103541,0.013641,0.0,0.03939,0.076261,0.083038,0.014763,0.0,0.0,0.00523
2022-07-11,0.0,0.012706,0.0,0.012427,0.0,0.0,0.1008,0.040525,0.017096,0.011536,0.0,0.0,0.0,0.0,0.070096,0.044558,0.0,0.0,0.030184,0.0,0.06496,0.0,0.048973,0.092965,0.0,0.0,0.0,0.016172,0.0,0.0,0.0,0.099596,0.0,0.103745,0.013135,0.0,0.040034,0.077024,0.083266,0.014928,0.0,0.0,0.005273
2022-07-12,0.0,0.012812,0.0,0.01256,0.0,0.0,0.100508,0.040775,0.017298,0.011628,0.0,0.0,0.0,0.0,0.069344,0.043892,0.0,0.0,0.030395,0.0,0.064706,0.0,0.049268,0.093342,0.0,0.0,0.0,0.015701,0.0,0.0,0.0,0.100112,0.0,0.101777,0.01296,0.0,0.040487,0.077684,0.084348,0.015084,0.0,0.0,0.005321
2022-07-13,0.0,0.012809,0.0,0.012404,0.0,0.0,0.10087,0.040302,0.017462,0.011707,0.0,0.0,0.0,0.0,0.069191,0.04423,0.0,0.0,0.030201,0.0,0.064039,0.0,0.049272,0.092898,0.0,0.0,0.0,0.015649,0.0,0.0,0.0,0.10053,0.0,0.102077,0.012971,0.0,0.040636,0.07804,0.084206,0.015187,0.0,0.0,0.005317
2022-07-14,0.0,0.012722,0.0,0.012362,0.0,0.0,0.099266,0.040854,0.017678,0.011607,0.0,0.0,0.0,0.0,0.068554,0.043892,0.0,0.0,0.029938,0.0,0.064484,0.0,0.0498,0.093816,0.0,0.0,0.0,0.015567,0.0,0.0,0.0,0.100097,0.0,0.101833,0.012614,0.0,0.04081,0.078618,0.084879,0.01524,0.0,0.0,0.005369
2022-07-15,0.0,0.012836,0.0,0.01245,0.0,0.0,0.09962,0.040987,0.017658,0.011674,0.0,0.0,0.0,0.0,0.068976,0.044528,0.0,0.0,0.030103,0.0,0.065382,0.0,0.049466,0.093053,0.0,0.0,0.0,0.015757,0.0,0.0,0.0,0.098899,0.0,0.101488,0.012671,0.0,0.040541,0.078284,0.085102,0.015209,0.0,0.0,0.005316
2022-07-18,0.0,0.012893,0.0,0.012582,0.0,0.0,0.09958,0.040709,0.017595,0.011744,0.0,0.0,0.0,0.0,0.070445,0.045743,0.0,0.0,0.030127,0.0,0.063901,0.0,0.048908,0.091616,0.0,0.0,0.0,0.015783,0.0,0.0,0.0,0.098838,0.0,0.103496,0.013084,0.0,0.040359,0.07806,0.084148,0.015079,0.0,0.0,0.005308
2022-07-19,0.0,0.013166,0.0,0.012505,0.0,0.0,0.099612,0.041002,0.017751,0.0119,0.0,0.0,0.0,0.0,0.071807,0.047013,0.0,0.0,0.0307,0.0,0.064268,0.0,0.048874,0.091178,0.0,0.0,0.0,0.015949,0.0,0.0,0.0,0.097974,0.0,0.101735,0.013209,0.0,0.039728,0.077112,0.084316,0.014953,0.0,0.0,0.005248
2022-07-20,0.0,0.013039,0.0,0.012726,0.0,0.0,0.098801,0.040657,0.017673,0.011838,0.0,0.0,0.0,0.0,0.072659,0.048455,0.0,0.0,0.03082,0.0,0.06377,0.0,0.04865,0.090161,0.0,0.0,0.0,0.016296,0.0,0.0,0.0,0.097262,0.0,0.101954,0.013158,0.0,0.039775,0.077211,0.084866,0.014969,0.0,0.0,0.005259
2022-07-21,0.0,0.013163,0.0,0.012738,0.0,0.0,0.098609,0.041517,0.01796,0.011996,0.0,0.0,0.0,0.0,0.071165,0.046942,0.0,0.0,0.031162,0.0,0.064579,0.0,0.048647,0.090119,0.0,0.0,0.0,0.01656,0.0,0.0,0.0,0.09833,0.0,0.099857,0.013127,0.0,0.040103,0.077451,0.085604,0.015127,0.0,0.0,0.005243
2022-07-22,0.0,0.013123,0.0,0.012798,0.0,0.0,0.098869,0.041407,0.017881,0.011862,0.0,0.0,0.0,0.0,0.070684,0.045988,0.0,0.0,0.030985,0.0,0.064406,0.0,0.049041,0.091491,0.0,0.0,0.0,0.016296,0.0,0.0,0.0,0.098721,0.0,0.098473,0.012997,0.0,0.040623,0.07822,0.085619,0.015266,0.0,0.0,0.005251
2022-07-25,0.0,0.013098,0.0,0.012633,0.0,0.0,0.101606,0.040885,0.017718,0.011788,0.0,0.0,0.0,0.0,0.072441,0.047953,0.0,0.0,0.030758,0.0,0.064005,0.0,0.04872,0.091581,0.0,0.0,0.0,0.015847,0.0,0.0,0.0,0.097328,0.0,0.098661,0.013005,0.0,0.040017,0.077181,0.084621,0.014965,0.0,0.0,0.005191
2022-07-26,0.0,0.012909,0.0,0.012655,0.0,0.0,0.10175,0.040399,0.01743,0.011779,0.0,0.0,0.0,0.0,0.071911,0.0477,0.0,0.0,0.030605,0.0,0.064449,0.0,0.048694,0.092293,0.0,0.0,0.0,0.015273,0.0,0.0,0.0,0.097386,0.0,0.100051,0.012927,0.0,0.040104,0.077319,0.084177,0.014989,0.0,0.0,0.0052
2022-07-27,0.0,0.013037,0.0,0.012544,0.0,0.0,0.103854,0.040682,0.017637,0.011855,0.0,0.0,0.0,0.0,0.072511,0.048884,0.0,0.0,0.030542,0.0,0.063949,0.0,0.048343,0.091085,0.0,0.0,0.0,0.015306,0.0,0.0,0.0,0.097008,0.0,0.099355,0.013129,0.0,0.039625,0.07673,0.083918,0.014879,0.0,0.0,0.005127
2022-07-28,0.0,0.012924,0.0,0.01257,0.0,0.0,0.105346,0.040757,0.017357,0.01182,0.0,0.0,0.0,0.0,0.071887,0.048416,0.0,0.0,0.030642,0.0,0.063446,0.0,0.048421,0.09302,0.0,0.0,0.0,0.015331,0.0,0.0,0.0,0.096803,0.0,0.098884,0.013082,0.0,0.039452,0.076418,0.083579,0.01479,0.0,0.0,0.005055
2022-07-29,0.0,0.0,0.0,0.041089,0.029158,0.053051,0.040631,0.042284,0.0,0.0,0.0,0.0,0.0,0.0,0.070198,0.025262,0.01492,0.0,0.0,0.0,0.084193,0.0,0.085113,0.085055,0.0,0.0,0.0,0.0,0.0,0.0,0.044281,0.085115,0.0,0.085044,0.0,0.0,0.047501,0.047577,0.047679,0.047755,0.011452,0.0,0.012643
2022-08-01,0.0,0.0,0.0,0.04118,0.02925,0.052514,0.040204,0.042657,0.0,0.0,0.0,0.0,0.0,0.0,0.068856,0.024757,0.014959,0.0,0.0,0.0,0.083701,0.0,0.08631,0.08528,0.0,0.0,0.0,0.0,0.0,0.0,0.044994,0.085731,0.0,0.084206,0.0,0.0,0.047853,0.047673,0.047769,0.047924,0.011521,0.0,0.012662
2022-08-02,0.0,0.0,0.0,0.041507,0.029317,0.05251,0.040149,0.043188,0.0,0.0,0.0,0.0,0.0,0.0,0.069083,0.025017,0.014885,0.0,0.0,0.0,0.083873,0.0,0.086107,0.085589,0.0,0.0,0.0,0.0,0.0,0.0,0.045165,0.085704,0.0,0.083495,0.0,0.0,0.047458,0.047378,0.047817,0.047606,0.011418,0.0,0.012735
2022-08-03,0.0,0.0,0.0,0.041735,0.02921,0.052855,0.040111,0.043071,0.0,0.0,0.0,0.0,0.0,0.0,0.066965,0.024339,0.014994,0.0,0.0,0.0,0.084472,0.0,0.086498,0.085949,0.0,0.0,0.0,0.0,0.0,0.0,0.044811,0.085741,0.0,0.083666,0.0,0.0,0.047559,0.047532,0.048139,0.048027,0.011615,0.0,0.01271
2022-08-04,0.0,0.0,0.0,0.041532,0.029454,0.053617,0.041218,0.042838,0.0,0.0,0.0,0.0,0.0,0.0,0.064429,0.023186,0.015037,0.0,0.0,0.0,0.083989,0.0,0.085854,0.086065,0.0,0.0,0.0,0.0,0.0,0.0,0.04496,0.087089,0.0,0.084868,0.0,0.0,0.047761,0.047486,0.04823,0.048064,0.01163,0.0,0.012696
2022-08-05,0.0,0.0,0.0,0.041651,0.029469,0.053281,0.041901,0.042665,0.0,0.0,0.0,0.0,0.0,0.0,0.065808,0.023936,0.015084,0.0,0.0,0.0,0.084087,0.0,0.085792,0.085886,0.0,0.0,0.0,0.0,0.0,0.0,0.045467,0.086243,0.0,0.084618,0.0,0.0,0.047143,0.047081,0.048058,0.047487,0.011624,0.0,0.012721
2022-08-08,0.0,0.0,0.0,0.042024,0.029571,0.05259,0.042957,0.042725,0.0,0.0,0.0,0.0,0.0,0.0,0.065782,0.023893,0.014995,0.0,0.0,0.0,0.083817,0.0,0.085269,0.085535,0.0,0.0,0.0,0.0,0.0,0.0,0.045822,0.08649,0.0,0.084611,0.0,0.0,0.047157,0.04714,0.047834,0.047411,0.011731,0.0,0.012648
2022-08-09,0.0,0.0,0.0,0.041321,0.029388,0.052266,0.043015,0.042545,0.0,0.0,0.0,0.0,0.0,0.0,0.066919,0.024171,0.014937,0.0,0.0,0.0,0.08354,0.0,0.085121,0.086467,0.0,0.0,0.0,0.0,0.0,0.0,0.045827,0.086731,0.0,0.084926,0.0,0.0,0.047005,0.046994,0.047466,0.047185,0.011532,0.0,0.012645
2022-08-10,0.0,0.0,0.0,0.041527,0.029428,0.051794,0.043584,0.042956,0.0,0.0,0.0,0.0,0.0,0.0,0.066794,0.024356,0.015127,0.0,0.0,0.0,0.083687,0.0,0.084975,0.086062,0.0,0.0,0.0,0.0,0.0,0.0,0.046487,0.085733,0.0,0.085286,0.0,0.0,0.046607,0.046489,0.047741,0.047202,0.011632,0.0,0.01253
2022-08-11,0.0,0.0,0.0,0.041847,0.029654,0.052595,0.042693,0.042362,0.0,0.0,0.0,0.0,0.0,0.0,0.068908,0.025325,0.015166,0.0,0.0,0.0,0.082923,0.0,0.084545,0.085821,0.0,0.0,0.0,0.0,0.0,0.0,0.046634,0.085278,0.0,0.08585,0.0,0.0,0.046174,0.046208,0.047342,0.046622,0.011554,0.0,0.012496
2022-08-12,0.0,0.0,0.0,0.041865,0.029326,0.052219,0.043831,0.042377,0.0,0.0,0.0,0.0,0.0,0.0,0.06874,0.025304,0.015242,0.0,0.0,0.0,0.083151,0.0,0.084432,0.086353,0.0,0.0,0.0,0.0,0.0,0.0,0.047085,0.085207,0.0,0.085161,0.0,0.0,0.045897,0.045928,0.047291,0.046694,0.011526,0.0,0.012372
2022-08-15,0.0,0.0,0.0,0.042127,0.029392,0.052035,0.04392,0.042414,0.0,0.0,0.0,0.0,0.0,0.0,0.067473,0.024685,0.015295,0.0,0.0,0.0,0.083659,0.0,0.085363,0.087168,0.0,0.0,0.0,0.0,0.0,0.0,0.047696,0.084202,0.0,0.084676,0.0,0.0,0.046093,0.04593,0.047258,0.046712,0.011516,0.0,0.012385
2022-08-16,0.0,0.0,0.0,0.042383,0.029416,0.0518,0.043822,0.042858,0.0,0.0,0.0,0.0,0.0,0.0,0.067418,0.024719,0.015387,0.0,0.0,0.0,0.083562,0.0,0.086457,0.087549,0.0,0.0,0.0,0.0,0.0,0.0,0.047249,0.084183,0.0,0.083524,0.0,0.0,0.04611,0.046012,0.047108,0.046604,0.011434,0.0,0.012404
2022-08-17,0.0,0.0,0.0,0.041919,0.02939,0.051827,0.043799,0.043011,0.0,0.0,0.0,0.0,0.0,0.0,0.068223,0.025161,0.015319,0.0,0.0,0.0,0.083372,0.0,0.086519,0.087715,0.0,0.0,0.0,0.0,0.0,0.0,0.047072,0.083937,0.0,0.083823,0.0,0.0,0.045963,0.046037,0.046788,0.04633,0.011349,0.0,0.012448
2022-08-18,0.0,0.0,0.0,0.042307,0.029245,0.051231,0.043845,0.042837,0.0,0.0,0.0,0.0,0.0,0.0,0.069931,0.026213,0.015353,0.0,0.0,0.0,0.082854,0.0,0.086656,0.087886,0.0,0.0,0.0,0.0,0.0,0.0,0.046596,0.083569,0.0,0.082431,0.0,0.0,0.04597,0.04619,0.046777,0.046366,0.011316,0.0,0.012426
2022-08-19,0.0,0.0,0.0,0.042095,0.028985,0.051216,0.043193,0.042457,0.0,0.0,0.0,0.0,0.0,0.0,0.070398,0.026026,0.01526,0.0,0.0,0.0,0.083655,0.0,0.086974,0.088449,0.0,0.0,0.0,0.0,0.0,0.0,0.045157,0.083532,0.0,0.083794,0.0,0.0,0.04589,0.04643,0.046622,0.046134,0.011221,0.0,0.012513
2022-08-22,0.0,0.0,0.0,0.042065,0.028926,0.051675,0.04313,0.042078,0.0,0.0,0.0,0.0,0.0,0.0,0.070617,0.026305,0.015045,0.0,0.0,0.0,0.082974,0.0,0.086523,0.08768,0.0,0.0,0.0,0.0,0.0,0.0,0.046065,0.083393,0.0,0.084885,0.0,0.0,0.045917,0.046573,0.046326,0.046053,0.011194,0.0,0.012575
2022-08-23,0.0,0.0,0.0,0.041706,0.028904,0.051451,0.044428,0.042259,0.0,0.0,0.0,0.0,0.0,0.0,0.072712,0.026725,0.01498,0.0,0.0,0.0,0.081311,0.0,0.085616,0.086616,0.0,0.0,0.0,0.0,0.0,0.0,0.046669,0.083457,0.0,0.085568,0.0,0.0,0.045522,0.046362,0.046155,0.045818,0.011242,0.0,0.012499
2022-08-24,0.0,0.0,0.0,0.041879,0.028941,0.051329,0.044268,0.042364,0.0,0.0,0.0,0.0,0.0,0.0,0.073431,0.027188,0.014994,0.0,0.0,0.0,0.081219,0.0,0.085628,0.086683,0.0,0.0,0.0,0.0,0.0,0.0,0.046018,0.083505,0.0,0.085698,0.0,0.0,0.045262,0.046244,0.0461,0.045574,0.011205,0.0,0.01247
2022-08-25,0.0,0.0,0.0,0.04181,0.029075,0.053112,0.044172,0.041881,0.0,0.0,0.0,0.0,0.0,0.0,0.073492,0.027161,0.015119,0.0,0.0,0.0,0.081556,0.0,0.085436,0.086621,0.0,0.0,0.0,0.0,0.0,0.0,0.045903,0.08319,0.0,0.084577,0.0,0.0,0.045242,0.046073,0.046217,0.04573,0.011247,0.0,0.012384
2022-08-26,0.0,0.0,0.0,0.04157,0.02932,0.053312,0.044421,0.041841,0.0,0.0,0.0,0.0,0.0,0.0,0.073499,0.027229,0.014769,0.0,0.0,0.0,0.080228,0.0,0.084314,0.086309,0.0,0.0,0.0,0.0,0.0,0.0,0.045347,0.083159,0.0,0.086671,0.0,0.0,0.045728,0.046553,0.045998,0.045998,0.011204,0.0,0.012531
2022-08-29,0.0,0.0,0.0,0.041044,0.029344,0.052899,0.044845,0.041953,0.0,0.0,0.0,0.0,0.0,0.0,0.074668,0.027584,0.014714,0.0,0.0,0.0,0.079731,0.0,0.084246,0.086641,0.0,0.0,0.0,0.0,0.0,0.0,0.045035,0.083277,0.0,0.086866,0.0,0.0,0.045504,0.046409,0.045859,0.045695,0.011145,0.0,0.012541
2022-08-30,0.0,0.0,0.0,0.041062,0.029128,0.052322,0.043905,0.043049,0.0,0.0,0.0,0.0,0.0,0.0,0.073046,0.026537,0.014685,0.0,0.0,0.0,0.080198,0.0,0.084423,0.08645,0.0,0.0,0.0,0.0,0.0,0.0,0.044627,0.083623,0.0,0.087579,0.0,0.0,0.046064,0.046912,0.04608,0.046329,0.011282,0.0,0.012699
2022-08-31,0.0168,0.0,0.01412,0.077451,0.0,0.0,0.0,0.08415,0.0,0.0,0.016574,0.0,0.0,0.0,0.047266,0.046919,0.039932,0.0,0.0,0.0,0.083688,0.0,0.083867,0.084091,0.020964,0.0,0.0,0.0,0.0,0.017519,0.076261,0.083435,0.0,0.013407,0.0,0.0,0.046804,0.046752,0.054293,0.039713,0.0,0.0,0.005993
2022-09-01,0.016568,0.0,0.014006,0.076866,0.0,0.0,0.0,0.085029,0.0,0.0,0.016791,0.0,0.0,0.0,0.046284,0.04527,0.040144,0.0,0.0,0.0,0.085396,0.0,0.084668,0.085636,0.020944,0.0,0.0,0.0,0.0,0.01762,0.075013,0.083025,0.0,0.01325,0.0,0.0,0.046614,0.04658,0.054649,0.039628,0.0,0.0,0.006018
2022-09-02,0.016968,0.0,0.013873,0.077793,0.0,0.0,0.0,0.08431,0.0,0.0,0.016662,0.0,0.0,0.0,0.047203,0.046407,0.039815,0.0,0.0,0.0,0.084296,0.0,0.083686,0.084842,0.020702,0.0,0.0,0.0,0.0,0.0174,0.074543,0.08388,0.0,0.013316,0.0,0.0,0.046944,0.046925,0.054694,0.039716,0.0,0.0,0.006026
2022-09-05,0.01669,0.0,0.013882,0.07753,0.0,0.0,0.0,0.08436,0.0,0.0,0.016672,0.0,0.0,0.0,0.047231,0.046434,0.039839,0.0,0.0,0.0,0.084346,0.0,0.083736,0.084892,0.020714,0.0,0.0,0.0,0.0,0.017411,0.074587,0.08393,0.0,0.013324,0.0,0.0,0.046973,0.046953,0.054726,0.03974,0.0,0.0,0.006029
2022-09-06,0.016714,0.0,0.013714,0.077348,0.0,0.0,0.0,0.084749,0.0,0.0,0.016699,0.0,0.0,0.0,0.046966,0.045918,0.04005,0.0,0.0,0.0,0.084737,0.0,0.083569,0.085421,0.020653,0.0,0.0,0.0,0.0,0.017632,0.075206,0.083747,0.0,0.013405,0.0,0.0,0.04662,0.046676,0.05478,0.039345,0.0,0.0,0.006051
2022-09-07,0.016505,0.0,0.013529,0.07605,0.0,0.0,0.0,0.085099,0.0,0.0,0.017005,0.0,0.0,0.0,0.045864,0.044539,0.040205,0.0,0.0,0.0,0.085087,0.0,0.084055,0.087038,0.020731,0.0,0.0,0.0,0.0,0.017761,0.076831,0.083584,0.0,0.01316,0.0,0.0,0.046362,0.046307,0.054904,0.039404,0.0,0.0,0.005978
2022-09-08,0.016694,0.0,0.013635,0.07702,0.0,0.0,0.0,0.085094,0.0,0.0,0.017092,0.0,0.0,0.0,0.045871,0.044879,0.040156,0.0,0.0,0.0,0.086205,0.0,0.083488,0.086608,0.020716,0.0,0.0,0.0,0.0,0.017736,0.077096,0.082736,0.0,0.013099,0.0,0.0,0.045998,0.045858,0.054916,0.03915,0.0,0.0,0.005953
2022-09-09,0.016797,0.0,0.013751,0.077127,0.0,0.0,0.0,0.084198,0.0,0.0,0.01724,0.0,0.0,0.0,0.046541,0.045651,0.040267,0.0,0.0,0.0,0.086088,0.0,0.083459,0.08608,0.020913,0.0,0.0,0.0,0.0,0.017748,0.078322,0.082335,0.0,0.01321,0.0,0.0,0.045539,0.045417,0.054578,0.038845,0.0,0.0,0.005894
2022-09-12,0.016948,0.0,0.013667,0.077064,0.0,0.0,0.0,0.084894,0.0,0.0,0.017349,0.0,0.0,0.0,0.047088,0.045984,0.040245,0.0,0.0,0.0,0.086099,0.0,0.083242,0.086339,0.02111,0.0,0.0,0.0,0.0,0.017804,0.077864,0.082215,0.0,0.013213,0.0,0.0,0.045135,0.044988,0.054388,0.038507,0.0,0.0,0.005855
2022-09-13,0.016829,0.0,0.013529,0.077639,0.0,0.0,0.0,0.085097,0.0,0.0,0.016843,0.0,0.0,0.0,0.046983,0.045782,0.039644,0.0,0.0,0.0,0.085219,0.0,0.082361,0.086023,0.020461,0.0,0.0,0.0,0.0,0.017527,0.078181,0.08306,0.0,0.01344,0.0,0.0,0.04594,0.045912,0.054405,0.039131,0.0,0.0,0.005993
2022-09-14,0.016601,0.0,0.013651,0.076677,0.0,0.0,0.0,0.085773,0.0,0.0,0.016968,0.0,0.0,0.0,0.048054,0.047145,0.039356,0.0,0.0,0.0,0.084813,0.0,0.081889,0.086263,0.020426,0.0,0.0,0.0,0.0,0.017235,0.078794,0.082301,0.0,0.013285,0.0,0.0,0.045718,0.045784,0.054196,0.039108,0.0,0.0,0.005962
2022-09-15,0.016716,0.0,0.013725,0.077588,0.0,0.0,0.0,0.085995,0.0,0.0,0.017107,0.0,0.0,0.0,0.047442,0.04609,0.039467,0.0,0.0,0.0,0.086429,0.0,0.082292,0.08524,0.020223,0.0,0.0,0.0,0.0,0.017143,0.076848,0.081845,0.0,0.013456,0.0,0.0,0.046171,0.046162,0.054575,0.039441,0.0,0.0,0.006042
2022-09-16,0.016576,0.0,0.013812,0.076581,0.0,0.0,0.0,0.085658,0.0,0.0,0.017091,0.0,0.0,0.0,0.046763,0.04516,0.038921,0.0,0.0,0.0,0.086803,0.0,0.083079,0.085529,0.020255,0.0,0.0,0.0,0.0,0.017268,0.07637,0.082889,0.0,0.013539,0.0,0.0,0.04654,0.046299,0.055152,0.039631,0.0,0.0,0.006085
2022-09-19,0.016497,0.0,0.013792,0.076307,0.0,0.0,0.0,0.0861,0.0,0.0,0.017251,0.0,0.0,0.0,0.046567,0.04493,0.039261,0.0,0.0,0.0,0.085924,0.0,0.083233,0.086262,0.020323,0.0,0.0,0.0,0.0,0.017161,0.077646,0.082557,0.0,0.013475,0.0,0.0,0.046187,0.045868,0.055096,0.039508,0.0,0.0,0.006056
2022-09-20,0.016583,0.0,0.013759,0.0765,0.0,0.0,0.0,0.086525,0.0,0.0,0.017097,0.0,0.0,0.0,0.046622,0.044648,0.039089,0.0,0.0,0.0,0.085611,0.0,0.083455,0.085703,0.020369,0.0,0.0,0.0,0.0,0.016881,0.07767,0.082758,0.0,0.013764,0.0,0.0,0.046276,0.046171,0.05498,0.039434,0.0,0.0,0.006106
2022-09-21,0.01673,0.0,0.013688,0.078095,0.0,0.0,0.0,0.086097,0.0,0.0,0.016799,0.0,0.0,0.0,0.046233,0.043992,0.038818,0.0,0.0,0.0,0.08473,0.0,0.08367,0.085073,0.020179,0.0,0.0,0.0,0.0,0.016721,0.077278,0.083675,0.0,0.013759,0.0,0.0,0.046758,0.046557,0.055167,0.039836,0.0,0.0,0.006145
2022-09-22,0.016434,0.0,0.013924,0.076652,0.0,0.0,0.0,0.086,0.0,0.0,0.016563,0.0,0.0,0.0,0.046493,0.043637,0.038586,0.0,0.0,0.0,0.085965,0.0,0.084322,0.085551,0.020158,0.0,0.0,0.0,0.0,0.01666,0.076653,0.084398,0.0,0.013892,0.0,0.0,0.046478,0.046453,0.055342,0.039638,0.0,0.0,0.006202
2022-09-23,0.01642,0.0,0.013929,0.076704,0.0,0.0,0.0,0.085925,0.0,0.0,0.016521,0.0,0.0,0.0,0.044196,0.040961,0.038657,0.0,0.0,0.0,0.087322,0.0,0.084629,0.086337,0.020312,0.0,0.0,0.0,0.0,0.016784,0.0755,0.084681,0.0,0.01391,0.0,0.0,0.047513,0.047226,0.055785,0.040355,0.0,0.0,0.006332
2022-09-26,0.016497,0.0,0.013882,0.077879,0.0,0.0,0.0,0.085472,0.0,0.0,0.016698,0.0,0.0,0.0,0.043672,0.040171,0.038748,0.0,0.0,0.0,0.087613,0.0,0.08579,0.08535,0.020433,0.0,0.0,0.0,0.0,0.016525,0.075794,0.084783,0.0,0.013861,0.0,0.0,0.04733,0.047075,0.055844,0.040169,0.0,0.0,0.006414
2022-09-27,0.016523,0.0,0.013811,0.077799,0.0,0.0,0.0,0.085516,0.0,0.0,0.016805,0.0,0.0,0.0,0.044303,0.041346,0.038743,0.0,0.0,0.0,0.087627,0.0,0.084579,0.084182,0.020525,0.0,0.0,0.0,0.0,0.016358,0.076549,0.085231,0.0,0.013933,0.0,0.0,0.047158,0.046976,0.055906,0.039692,0.0,0.0,0.006436
2022-09-28,0.016296,0.0,0.013814,0.077014,0.0,0.0,0.0,0.085275,0.0,0.0,0.016944,0.0,0.0,0.0,0.045421,0.043255,0.038873,0.0,0.0,0.0,0.087909,0.0,0.084033,0.083534,0.020363,0.0,0.0,0.0,0.0,0.016392,0.075457,0.085414,0.0,0.013795,0.0,0.0,0.04734,0.046934,0.055865,0.039751,0.0,0.0,0.006319
2022-09-29,0.016416,0.0,0.0139,0.076256,0.0,0.0,0.0,0.084755,0.0,0.0,0.01662,0.0,0.0,0.0,0.046149,0.043664,0.038812,0.0,0.0,0.0,0.088567,0.0,0.083969,0.081469,0.02015,0.0,0.0,0.0,0.0,0.016165,0.074695,0.086765,0.0,0.014023,0.0,0.0,0.047874,0.047018,0.056227,0.040087,0.0,0.0,0.00642
2022-09-30,0.021103,0.0,0.0,0.07483,0.034412,0.028531,0.0,0.067444,0.0,0.0,0.026571,0.0,0.0,0.0,0.047898,0.047672,0.048178,0.0,0.0,0.0,0.066387,0.029692,0.085511,0.085449,0.0,0.0,0.0,0.0,0.0,0.0,0.085111,0.0,0.0,0.02934,0.0,0.0,0.034817,0.060302,0.065309,0.030895,0.026434,0.0,0.004113
2022-10-03,0.020755,0.0,0.0,0.073729,0.034011,0.02819,0.0,0.066573,0.0,0.0,0.026132,0.0,0.0,0.0,0.049719,0.049858,0.048763,0.0,0.0,0.0,0.066567,0.029415,0.085463,0.086415,0.0,0.0,0.0,0.0,0.0,0.0,0.084571,0.0,0.0,0.028885,0.0,0.0,0.034614,0.06001,0.065008,0.030916,0.026366,0.0,0.004041
2022-10-04,0.020973,0.0,0.0,0.073616,0.03437,0.028584,0.0,0.066098,0.0,0.0,0.026369,0.0,0.0,0.0,0.050561,0.051161,0.0492,0.0,0.0,0.0,0.066411,0.029763,0.084593,0.086043,0.0,0.0,0.0,0.0,0.0,0.0,0.086283,0.0,0.0,0.028247,0.0,0.0,0.033819,0.058742,0.064749,0.030283,0.026191,0.0,0.003941
2022-10-05,0.020779,0.0,0.0,0.073564,0.034153,0.028854,0.0,0.066236,0.0,0.0,0.026331,0.0,0.0,0.0,0.051837,0.052332,0.049152,0.0,0.0,0.0,0.066931,0.029778,0.084479,0.084509,0.0,0.0,0.0,0.0,0.0,0.0,0.085468,0.0,0.0,0.028543,0.0,0.0,0.033649,0.058541,0.064783,0.030189,0.025935,0.0,0.003957
2022-10-06,0.020995,0.0,0.0,0.074605,0.034523,0.028693,0.0,0.065686,0.0,0.0,0.026268,0.0,0.0,0.0,0.053009,0.053345,0.048817,0.0,0.0,0.0,0.066389,0.029919,0.083641,0.08211,0.0,0.0,0.0,0.0,0.0,0.0,0.08611,0.0,0.0,0.028551,0.0,0.0,0.033623,0.058624,0.064895,0.030262,0.025958,0.0,0.003978
2022-10-07,0.020827,0.0,0.0,0.074385,0.03445,0.028414,0.0,0.065708,0.0,0.0,0.0258,0.0,0.0,0.0,0.0535,0.053595,0.048706,0.0,0.0,0.0,0.0661,0.029118,0.083803,0.081787,0.0,0.0,0.0,0.0,0.0,0.0,0.08527,0.0,0.0,0.029084,0.0,0.0,0.034032,0.059647,0.065204,0.030475,0.026048,0.0,0.004046
2022-10-10,0.020685,0.0,0.0,0.074687,0.034041,0.02765,0.0,0.066921,0.0,0.0,0.025827,0.0,0.0,0.0,0.052781,0.053011,0.049231,0.0,0.0,0.0,0.066161,0.028792,0.084715,0.082522,0.0,0.0,0.0,0.0,0.0,0.0,0.083987,0.0,0.0,0.029644,0.0,0.0,0.034077,0.059737,0.064875,0.03042,0.026161,0.0,0.004076
2022-10-11,0.020663,0.0,0.0,0.074588,0.033736,0.027022,0.0,0.066238,0.0,0.0,0.02565,0.0,0.0,0.0,0.052428,0.052375,0.049284,0.0,0.0,0.0,0.066602,0.02906,0.085526,0.082333,0.0,0.0,0.0,0.0,0.0,0.0,0.084749,0.0,0.0,0.029566,0.0,0.0,0.034208,0.060158,0.065161,0.030397,0.026175,0.0,0.004081
2022-10-12,0.020608,0.0,0.0,0.074212,0.033587,0.027113,0.0,0.066743,0.0,0.0,0.02581,0.0,0.0,0.0,0.053043,0.053159,0.049076,0.0,0.0,0.0,0.066517,0.029326,0.086296,0.07988,0.0,0.0,0.0,0.0,0.0,0.0,0.083994,0.0,0.0,0.02944,0.0,0.0,0.034445,0.060497,0.065508,0.030471,0.026177,0.0,0.004096
2022-10-13,0.020503,0.0,0.0,0.073731,0.033235,0.026647,0.0,0.066326,0.0,0.0,0.025758,0.0,0.0,0.0,0.0545,0.054402,0.049516,0.0,0.0,0.0,0.067194,0.029454,0.086601,0.080831,0.0,0.0,0.0,0.0,0.0,0.0,0.083968,0.0,0.0,0.029063,0.0,0.0,0.033861,0.059655,0.064813,0.030134,0.025763,0.0,0.004043
2022-10-14,0.020836,0.0,0.0,0.074891,0.033668,0.026748,0.0,0.066584,0.0,0.0,0.025194,0.0,0.0,0.0,0.053312,0.052529,0.049209,0.0,0.0,0.0,0.067816,0.029087,0.086408,0.080946,0.0,0.0,0.0,0.0,0.0,0.0,0.082477,0.0,0.0,0.029355,0.0,0.0,0.034213,0.060666,0.065645,0.030326,0.025984,0.0,0.004109
2022-10-17,0.020848,0.0,0.0,0.074565,0.033664,0.027071,0.0,0.066933,0.0,0.0,0.025779,0.0,0.0,0.0,0.053074,0.052882,0.049444,0.0,0.0,0.0,0.067754,0.02966,0.085883,0.081259,0.0,0.0,0.0,0.0,0.0,0.0,0.083792,0.0,0.0,0.028865,0.0,0.0,0.033677,0.059816,0.065342,0.029962,0.025691,0.0,0.00404
2022-10-18,0.020793,0.0,0.0,0.074271,0.033221,0.026796,0.0,0.06635,0.0,0.0,0.025963,0.0,0.0,0.0,0.053187,0.053054,0.050305,0.0,0.0,0.0,0.067684,0.029604,0.086433,0.082202,0.0,0.0,0.0,0.0,0.0,0.0,0.08357,0.0,0.0,0.028633,0.0,0.0,0.033542,0.059267,0.065372,0.029943,0.025794,0.0,0.004013
2022-10-19,0.020898,0.0,0.0,0.07429,0.033143,0.025853,0.0,0.066118,0.0,0.0,0.025827,0.0,0.0,0.0,0.055088,0.05474,0.05025,0.0,0.0,0.0,0.067142,0.028325,0.086553,0.081624,0.0,0.0,0.0,0.0,0.0,0.0,0.08424,0.0,0.0,0.028749,0.0,0.0,0.033391,0.059321,0.065136,0.029711,0.025562,0.0,0.004038
2022-10-20,0.021143,0.0,0.0,0.074924,0.033828,0.026182,0.0,0.067207,0.0,0.0,0.025494,0.0,0.0,0.0,0.055504,0.054501,0.049587,0.0,0.0,0.0,0.06701,0.028367,0.085908,0.080088,0.0,0.0,0.0,0.0,0.0,0.0,0.083905,0.0,0.0,0.028953,0.0,0.0,0.03336,0.059655,0.065202,0.029647,0.02547,0.0,0.004065
2022-10-21,0.020732,0.0,0.0,0.073127,0.033211,0.026051,0.0,0.067219,0.0,0.0,0.02587,0.0,0.0,0.0,0.056309,0.054945,0.050237,0.0,0.0,0.0,0.067558,0.028744,0.086006,0.08043,0.0,0.0,0.0,0.0,0.0,0.0,0.085379,0.0,0.0,0.028619,0.0,0.0,0.032968,0.058973,0.064908,0.029315,0.025391,0.0,0.004007
2022-10-24,0.021096,0.0,0.0,0.073636,0.032188,0.023531,0.0,0.067263,0.0,0.0,0.02597,0.0,0.0,0.0,0.056558,0.054944,0.05089,0.0,0.0,0.0,0.068841,0.028604,0.087528,0.081079,0.0,0.0,0.0,0.0,0.0,0.0,0.083749,0.0,0.0,0.028511,0.0,0.0,0.032916,0.059096,0.064934,0.029292,0.025367,0.0,0.004007
2022-10-25,0.021248,0.0,0.0,0.074069,0.032147,0.02366,0.0,0.066562,0.0,0.0,0.026292,0.0,0.0,0.0,0.055919,0.05472,0.050941,0.0,0.0,0.0,0.068509,0.029008,0.087584,0.081686,0.0,0.0,0.0,0.0,0.0,0.0,0.084538,0.0,0.0,0.028075,0.0,0.0,0.032916,0.058606,0.064754,0.029318,0.025489,0.0,0.003958
2022-10-26,0.021333,0.0,0.0,0.07419,0.032516,0.024506,0.0,0.066674,0.0,0.0,0.025865,0.0,0.0,0.0,0.056211,0.055112,0.050696,0.0,0.0,0.0,0.068695,0.029246,0.087433,0.080973,0.0,0.0,0.0,0.0,0.0,0.0,0.085005,0.0,0.0,0.027731,0.0,0.0,0.03281,0.058033,0.064393,0.029209,0.025444,0.0,0.003924
2022-10-27,0.021152,0.0,0.0,0.074589,0.032422,0.023913,0.0,0.066069,0.0,0.0,0.025794,0.0,0.0,0.0,0.056477,0.054725,0.051347,0.0,0.0,0.0,0.068411,0.028918,0.087604,0.081711,0.0,0.0,0.0,0.0,0.0,0.0,0.08387,0.0,0.0,0.027594,0.0,0.0,0.033079,0.058548,0.064939,0.029377,0.02553,0.0,0.003929
2022-10-28,0.021062,0.0,0.0,0.074009,0.031555,0.023083,0.0,0.066497,0.0,0.0,0.025677,0.0,0.0,0.0,0.056367,0.054182,0.052257,0.0,0.0,0.0,0.06916,0.029775,0.089041,0.083499,0.0,0.0,0.0,0.0,0.0,0.0,0.081912,0.0,0.0,0.027306,0.0,0.0,0.032731,0.05816,0.065085,0.029278,0.025455,0.0,0.003908
2022-10-31,0.020611,0.0,0.040533,0.074974,0.016429,0.0,0.0,0.084998,0.0,0.0,0.0,0.0,0.0,0.053652,0.041721,0.024825,0.0,0.0,0.0,0.022513,0.071219,0.023545,0.066031,0.0,0.0,0.0,0.0,0.0,0.0,0.0,0.050253,0.083996,0.0,0.085036,0.0,0.0,0.047685,0.047632,0.047497,0.047518,0.045116,0.0,0.004218
2022-11-01,0.02043,0.0,0.040556,0.075228,0.016668,0.0,0.0,0.084846,0.0,0.0,0.0,0.0,0.0,0.053355,0.04183,0.024963,0.0,0.0,0.0,0.022285,0.070765,0.023572,0.065363,0.0,0.0,0.0,0.0,0.0,0.0,0.0,0.05103,0.084261,0.0,0.08538,0.0,0.0,0.047344,0.047291,0.04745,0.047527,0.045664,0.0,0.00419
2022-11-02,0.020569,0.0,0.040776,0.075399,0.016841,0.0,0.0,0.084857,0.0,0.0,0.0,0.0,0.0,0.052765,0.041314,0.0246,0.0,0.0,0.0,0.021693,0.0704,0.023383,0.065002,0.0,0.0,0.0,0.0,0.0,0.0,0.0,0.05064,0.084683,0.0,0.085936,0.0,0.0,0.047833,0.047753,0.047584,0.047868,0.045862,0.0,0.00424
2022-11-03,0.020167,0.0,0.040767,0.07497,0.016842,0.0,0.0,0.085583,0.0,0.0,0.0,0.0,0.0,0.052367,0.042187,0.025225,0.0,0.0,0.0,0.02135,0.070284,0.023285,0.06495,0.0,0.0,0.0,0.0,0.0,0.0,0.0,0.051377,0.084577,0.0,0.085725,0.0,0.0,0.047747,0.047344,0.047367,0.047821,0.045818,0.0,0.004251
2022-11-04,0.020044,0.0,0.040994,0.073247,0.017195,0.0,0.0,0.0862,0.0,0.0,0.0,0.0,0.0,0.052873,0.042119,0.025363,0.0,0.0,0.0,0.021493,0.069748,0.022777,0.064824,0.0,0.0,0.0,0.0,0.0,0.0,0.0,0.053219,0.085987,0.0,0.085624,0.0,0.0,0.046997,0.046873,0.047045,0.047264,0.04592,0.0,0.004194
2022-11-07,0.02022,0.0,0.041074,0.073486,0.017256,0.0,0.0,0.085977,0.0,0.0,0.0,0.0,0.0,0.053059,0.042683,0.026033,0.0,0.0,0.0,0.021547,0.070232,0.022453,0.065157,0.0,0.0,0.0,0.0,0.0,0.0,0.0,0.052797,0.085327,0.0,0.085601,0.0,0.0,0.046656,0.046756,0.046863,0.046915,0.045731,0.0,0.004179
2022-11-08,0.020446,0.0,0.041403,0.073591,0.017312,0.0,0.0,0.086125,0.0,0.0,0.0,0.0,0.0,0.052635,0.042452,0.0257,0.0,0.0,0.0,0.021387,0.070134,0.022519,0.06493,0.0,0.0,0.0,0.0,0.0,0.0,0.0,0.053556,0.086743,0.0,0.084635,0.0,0.0,0.046668,0.046525,0.04652,0.046811,0.045757,0.0,0.004152
2022-11-09,0.02045,0.0,0.041305,0.073623,0.0174,0.0,0.0,0.086135,0.0,0.0,0.0,0.0,0.0,0.052488,0.040976,0.024366,0.0,0.0,0.0,0.0216,0.070408,0.022092,0.065177,0.0,0.0,0.0,0.0,0.0,0.0,0.0,0.052196,0.087588,0.0,0.085505,0.0,0.0,0.047522,0.047116,0.046646,0.047383,0.045811,0.0,0.004214
2022-11-10,0.02052,0.0,0.04224,0.073567,0.017189,0.0,0.0,0.085725,0.0,0.0,0.0,0.0,0.0,0.053424,0.040571,0.024483,0.0,0.0,0.0,0.023223,0.069927,0.023038,0.064611,0.0,0.0,0.0,0.0,0.0,0.0,0.0,0.053041,0.087416,0.0,0.083065,0.0,0.0,0.04706,0.046392,0.046586,0.04743,0.046409,0.0,0.004082
2022-11-11,0.020651,0.0,0.042859,0.073069,0.017549,0.0,0.0,0.085326,0.0,0.0,0.0,0.0,0.0,0.052939,0.041537,0.025124,0.0,0.0,0.0,0.023316,0.068718,0.023373,0.064212,0.0,0.0,0.0,0.0,0.0,0.0,0.0,0.054037,0.087544,0.0,0.082847,0.0,0.0,0.046723,0.04613,0.04651,0.047315,0.046161,0.0,0.004061
2022-11-14,0.020936,0.0,0.042577,0.073373,0.017716,0.0,0.0,0.084863,0.0,0.0,0.0,0.0,0.0,0.052418,0.04182,0.024935,0.0,0.0,0.0,0.022649,0.069272,0.023349,0.064161,0.0,0.0,0.0,0.0,0.0,0.0,0.0,0.05301,0.088364,0.0,0.083399,0.0,0.0,0.046945,0.046117,0.046497,0.047412,0.046096,0.0,0.00409
2022-11-15,0.020994,0.0,0.042575,0.073384,0.018081,0.0,0.0,0.084649,0.0,0.0,0.0,0.0,0.0,0.052379,0.04198,0.02537,0.0,0.0,0.0,0.023111,0.068725,0.023133,0.064268,0.0,0.0,0.0,0.0,0.0,0.0,0.0,0.052021,0.088086,0.0,0.083093,0.0,0.0,0.046979,0.046108,0.046595,0.047754,0.046653,0.0,0.004063
2022-11-16,0.020891,0.0,0.042744,0.072413,0.017836,0.0,0.0,0.084226,0.0,0.0,0.0,0.0,0.0,0.051933,0.04143,0.024821,0.0,0.0,0.0,0.023024,0.069206,0.02265,0.065065,0.0,0.0,0.0,0.0,0.0,0.0,0.0,0.051096,0.08854,0.0,0.083422,0.0,0.0,0.047678,0.04657,0.046842,0.04852,0.047001,0.0,0.004094
2022-11-17,0.020791,0.0,0.042962,0.072226,0.01785,0.0,0.0,0.084457,0.0,0.0,0.0,0.0,0.0,0.051571,0.041809,0.02494,0.0,0.0,0.0,0.022801,0.069656,0.022541,0.065499,0.0,0.0,0.0,0.0,0.0,0.0,0.0,0.050299,0.088507,0.0,0.083248,0.0,0.0,0.047683,0.046574,0.046964,0.048596,0.046902,0.0,0.004123
2022-11-18,0.020972,0.0,0.042902,0.072941,0.017832,0.0,0.0,0.084352,0.0,0.0,0.0,0.0,0.0,0.051929,0.041436,0.02464,0.0,0.0,0.0,0.022832,0.070428,0.02265,0.066133,0.0,0.0,0.0,0.0,0.0,0.0,0.0,0.049646,0.087808,0.0,0.083206,0.0,0.0,0.047467,0.046291,0.047018,0.048542,0.046854,0.0,0.004119
2022-11-21,0.020875,0.0,0.042654,0.073285,0.017605,0.0,0.0,0.083919,0.0,0.0,0.0,0.0,0.0,0.052299,0.040971,0.024227,0.0,0.0,0.0,0.022694,0.070624,0.022383,0.066917,0.0,0.0,0.0,0.0,0.0,0.0,0.0,0.049475,0.087521,0.0,0.083568,0.0,0.0,0.047548,0.046645,0.047109,0.048582,0.046969,0.0,0.004129
2022-11-22,0.020899,0.0,0.043185,0.073122,0.017473,0.0,0.0,0.083753,0.0,0.0,0.0,0.0,0.0,0.052485,0.041885,0.024991,0.0,0.0,0.0,0.023031,0.070616,0.022493,0.066817,0.0,0.0,0.0,0.0,0.0,0.0,0.0,0.048839,0.086859,0.0,0.082963,0.0,0.0,0.047403,0.046424,0.047038,0.048586,0.047044,0.0,0.004093
2022-11-23,0.021083,0.0,0.043518,0.073216,0.017562,0.0,0.0,0.083325,0.0,0.0,0.0,0.0,0.0,0.05229,0.041277,0.024503,0.0,0.0,0.0,0.023197,0.070633,0.022418,0.066797,0.0,0.0,0.0,0.0,0.0,0.0,0.0,0.049522,0.087076,0.0,0.082323,0.0,0.0,0.047481,0.046507,0.047126,0.048892,0.047174,0.0,0.004077
2022-11-24,0.02119,0.0,0.043497,0.073363,0.017749,0.0,0.0,0.083284,0.0,0.0,0.0,0.0,0.0,0.052264,0.041257,0.024491,0.0,0.0,0.0,0.023185,0.070598,0.022407,0.066764,0.0,0.0,0.0,0.0,0.0,0.0,0.0,0.049498,0.087033,0.0,0.082283,0.0,0.0,0.047458,0.046484,0.047103,0.048868,0.047151,0.0,0.004076
2022-11-25,0.021129,0.0,0.043783,0.073357,0.017539,0.0,0.0,0.084099,0.0,0.0,0.0,0.0,0.0,0.052635,0.041095,0.024487,0.0,0.0,0.0,0.023172,0.071,0.022418,0.066791,0.0,0.0,0.0,0.0,0.0,0.0,0.0,0.047998,0.087086,0.0,0.082221,0.0,0.0,0.047431,0.046429,0.046997,0.048905,0.047355,0.0,0.004076
2022-11-28,0.021151,0.0,0.043857,0.073286,0.017652,0.0,0.0,0.084716,0.0,0.0,0.0,0.0,0.0,0.051958,0.040344,0.02381,0.0,0.0,0.0,0.023016,0.071132,0.022236,0.067165,0.0,0.0,0.0,0.0,0.0,0.0,0.0,0.047594,0.087213,0.0,0.082537,0.0,0.0,0.047898,0.046758,0.046941,0.04901,0.047612,0.0,0.004113
2022-11-29,0.020892,0.0,0.043474,0.072838,0.017824,0.0,0.0,0.085219,0.0,0.0,0.0,0.0,0.0,0.05222,0.040847,0.024028,0.0,0.0,0.0,0.023139,0.070769,0.02227,0.066734,0.0,0.0,0.0,0.0,0.0,0.0,0.0,0.048281,0.087415,0.0,0.082572,0.0,0.0,0.047572,0.046436,0.047021,0.04864,0.047706,0.0,0.004104
2022-11-30,0.013951,0.0,0.0,0.08755,0.0,0.0,0.043481,0.090101,0.0,0.0,0.0,0.0,0.046362,0.054993,0.056986,0.043584,0.066768,0.0,0.0,0.012742,0.049823,0.050168,0.068571,0.0,0.0,0.0,0.0,0.0,0.0,0.0,0.03446,0.0,0.0,0.078392,0.0,0.0,0.03883,0.043435,0.081514,0.019383,0.012411,0.0,0.006494
2022-12-01,0.014341,0.0,0.0,0.088393,0.0,0.0,0.043125,0.090086,0.0,0.0,0.0,0.0,0.046097,0.054619,0.056802,0.042719,0.066792,0.0,0.0,0.012914,0.04997,0.049854,0.068265,0.0,0.0,0.0,0.0,0.0,0.0,0.0,0.034368,0.0,0.0,0.077889,0.0,0.0,0.039256,0.043904,0.081822,0.019627,0.012658,0.0,0.006495
2022-12-02,0.014258,0.0,0.0,0.088121,0.0,0.0,0.043209,0.089505,0.0,0.0,0.0,0.0,0.045823,0.054318,0.056394,0.042308,0.067089,0.0,0.0,0.012812,0.050036,0.051331,0.06849,0.0,0.0,0.0,0.0,0.0,0.0,0.0,0.034836,0.0,0.0,0.077557,0.0,0.0,0.039287,0.044174,0.081655,0.019721,0.012589,0.0,0.006488
2022-12-05,0.014424,0.0,0.0,0.088503,0.0,0.0,0.042573,0.090166,0.0,0.0,0.0,0.0,0.045587,0.052809,0.055822,0.041157,0.067296,0.0,0.0,0.012836,0.050554,0.050665,0.068991,0.0,0.0,0.0,0.0,0.0,0.0,0.0,0.033869,0.0,0.0,0.07876,0.0,0.0,0.039672,0.044601,0.082505,0.019947,0.012646,0.0,0.006619
2022-12-06,0.014363,0.0,0.0,0.088117,0.0,0.0,0.043628,0.090307,0.0,0.0,0.0,0.0,0.04558,0.052723,0.054826,0.040369,0.067082,0.0,0.0,0.012772,0.05061,0.049697,0.069166,0.0,0.0,0.0,0.0,0.0,0.0,0.0,0.03415,0.0,0.0,0.078887,0.0,0.0,0.040265,0.044984,0.082927,0.020183,0.012687,0.0,0.006677
2022-12-07,0.014215,0.0,0.0,0.087636,0.0,0.0,0.043242,0.090312,0.0,0.0,0.0,0.0,0.045304,0.052616,0.054587,0.039937,0.066859,0.0,0.0,0.01307,0.050923,0.049904,0.069317,0.0,0.0,0.0,0.0,0.0,0.0,0.0,0.034559,0.0,0.0,0.078808,0.0,0.0,0.040535,0.045086,0.083214,0.020366,0.012845,0.0,0.006665
2022-12-08,0.01434,0.0,0.0,0.087685,0.0,0.0,0.042464,0.090566,0.0,0.0,0.0,0.0,0.045345,0.052744,0.054345,0.039031,0.067259,0.0,0.0,0.013118,0.051384,0.050207,0.069693,0.0,0.0,0.0,0.0,0.0,0.0,0.0,0.034515,0.0,0.0,0.078851,0.0,0.0,0.040307,0.045075,0.083284,0.020302,0.012821,0.0,0.006665
2022-12-09,0.014525,0.0,0.0,0.08864,0.0,0.0,0.042781,0.090132,0.0,0.0,0.0,0.0,0.04561,0.052961,0.053473,0.038623,0.067271,0.0,0.0,0.013129,0.051156,0.04936,0.069742,0.0,0.0,0.0,0.0,0.0,0.0,0.0,0.034237,0.0,0.0,0.079114,0.0,0.0,0.040348,0.045025,0.083989,0.020321,0.012841,0.0,0.006722
2022-12-12,0.014325,0.0,0.0,0.087696,0.0,0.0,0.0413,0.089819,0.0,0.0,0.0,0.0,0.045875,0.053081,0.05447,0.03979,0.067918,0.0,0.0,0.013199,0.051317,0.050226,0.069954,0.0,0.0,0.0,0.0,0.0,0.0,0.0,0.033836,0.0,0.0,0.07921,0.0,0.0,0.039991,0.044695,0.083688,0.020144,0.012793,0.0,0.006672
2022-12-13,0.014619,0.0,0.0,0.088062,0.0,0.0,0.04017,0.089874,0.0,0.0,0.0,0.0,0.045744,0.052181,0.055203,0.040286,0.067805,0.0,0.0,0.013356,0.051197,0.050745,0.069476,0.0,0.0,0.0,0.0,0.0,0.0,0.0,0.033516,0.0,0.0,0.07926,0.0,0.0,0.040133,0.044585,0.084097,0.02021,0.012846,0.0,0.006637
2022-12-14,0.014641,0.0,0.0,0.088361,0.0,0.0,0.040254,0.089851,0.0,0.0,0.0,0.0,0.045316,0.051485,0.055041,0.040204,0.067896,0.0,0.0,0.01336,0.051443,0.051074,0.069654,0.0,0.0,0.0,0.0,0.0,0.0,0.0,0.033283,0.0,0.0,0.079436,0.0,0.0,0.040373,0.044617,0.083892,0.020294,0.012868,0.0,0.006658
2022-12-15,0.014315,0.0,0.0,0.086772,0.0,0.0,0.040618,0.089392,0.0,0.0,0.0,0.0,0.045015,0.05121,0.055433,0.040906,0.067133,0.0,0.0,0.013681,0.051168,0.050256,0.069378,0.0,0.0,0.0,0.0,0.0,0.0,0.0,0.033096,0.0,0.0,0.080447,0.0,0.0,0.040987,0.045216,0.084682,0.02058,0.012969,0.0,0.006747
2022-12-16,0.01422,0.0,0.0,0.086657,0.0,0.0,0.040641,0.089783,0.0,0.0,0.0,0.0,0.044951,0.051114,0.055096,0.040454,0.067267,0.0,0.0,0.013567,0.050741,0.050741,0.069471,0.0,0.0,0.0,0.0,0.0,0.0,0.0,0.033039,0.0,0.0,0.080708,0.0,0.0,0.04114,0.045256,0.08476,0.020621,0.012983,0.0,0.006791
2022-12-19,0.014221,0.0,0.0,0.086606,0.0,0.0,0.041647,0.090731,0.0,0.0,0.0,0.0,0.044963,0.051418,0.055252,0.039918,0.06711,0.0,0.0,0.013344,0.050701,0.049847,0.069632,0.0,0.0,0.0,0.0,0.0,0.0,0.0,0.032669,0.0,0.0,0.080971,0.0,0.0,0.040927,0.045234,0.084577,0.020473,0.01295,0.0,0.006811
2022-12-20,0.014144,0.0,0.0,0.086196,0.0,0.0,0.043075,0.09042,0.0,0.0,0.0,0.0,0.044985,0.051487,0.05588,0.04019,0.066947,0.0,0.0,0.013194,0.050504,0.050591,0.06932,0.0,0.0,0.0,0.0,0.0,0.0,0.0,0.032409,0.0,0.0,0.081289,0.0,0.0,0.040481,0.045055,0.084051,0.020158,0.012837,0.0,0.006787
2022-12-21,0.014216,0.0,0.0,0.086709,0.0,0.0,0.042933,0.088605,0.0,0.0,0.0,0.0,0.045191,0.051859,0.056328,0.040767,0.067472,0.0,0.0,0.013297,0.050618,0.051162,0.069258,0.0,0.0,0.0,0.0,0.0,0.0,0.0,0.03186,0.0,0.0,0.081306,0.0,0.0,0.040095,0.044812,0.083854,0.020077,0.012865,0.0,0.006716
2022-12-22,0.014093,0.0,0.0,0.086057,0.0,0.0,0.043601,0.088391,0.0,0.0,0.0,0.0,0.045167,0.051965,0.05549,0.039813,0.067171,0.0,0.0,0.013347,0.050969,0.051739,0.069678,0.0,0.0,0.0,0.0,0.0,0.0,0.0,0.031026,0.0,0.0,0.08219,0.0,0.0,0.040417,0.044939,0.084034,0.020239,0.012906,0.0,0.006767
2022-12-23,0.014131,0.0,0.0,0.086053,0.0,0.0,0.04433,0.087023,0.0,0.0,0.0,0.0,0.045251,0.052095,0.057044,0.041193,0.067315,0.0,0.0,0.013277,0.050808,0.050337,0.069778,0.0,0.0,0.0,0.0,0.0,0.0,0.0,0.030714,0.0,0.0,0.08233,0.0,0.0,0.040083,0.044669,0.083932,0.020101,0.012789,0.0,0.006746
2022-12-27,0.014167,0.0,0.0,0.086261,0.0,0.0,0.042963,0.08852,0.0,0.0,0.0,0.0,0.045355,0.052265,0.057803,0.04157,0.067695,0.0,0.0,0.013292,0.050808,0.049008,0.070294,0.0,0.0,0.0,0.0,0.0,0.0,0.0,0.030711,0.0,0.0,0.082175,0.0,0.0,0.03985,0.04458,0.083279,0.019894,0.012745,0.0,0.006765
2022-12-28,0.014181,0.0,0.0,0.086361,0.0,0.0,0.044183,0.089186,0.0,0.0,0.0,0.0,0.045512,0.052222,0.056906,0.040004,0.067281,0.0,0.0,0.013102,0.050834,0.049535,0.069908,0.0,0.0,0.0,0.0,0.0,0.0,0.0,0.030267,0.0,0.0,0.08333,0.0,0.0,0.040035,0.044843,0.082737,0.019971,0.012788,0.0,0.006815
2022-12-29,0.01419,0.0,0.0,0.086273,0.0,0.0,0.04331,0.089117,0.0,0.0,0.0,0.0,0.045651,0.052732,0.056886,0.040428,0.067381,0.0,0.0,0.013257,0.050838,0.051143,0.069456,0.0,0.0,0.0,0.0,0.0,0.0,0.0,0.030663,0.0,0.0,0.082031,0.0,0.0,0.039801,0.044547,0.082911,0.019898,0.012748,0.0,0.006738
2022-12-30,0.016424,0.030974,0.053211,0.06678,0.0,0.0,0.0,0.094736,0.0,0.0,0.0,0.0,0.070248,0.036344,0.071079,0.01552,0.081057,0.025422,0.0,0.031426,0.056777,0.049828,0.094707,0.0,0.0,0.0,0.0,0.0,0.0,0.0,0.0,0.0,0.018743,0.0,0.0,0.0,0.025174,0.0,0.072872,0.033284,0.050333,0.0,0.005062
2023-01-02,0.016402,0.030934,0.053142,0.068006,0.0,0.0,0.0,0.094611,0.0,0.0,0.0,0.0,0.070156,0.036296,0.070985,0.0155,0.08095,0.025388,0.0,0.031384,0.056702,0.049762,0.094582,0.0,0.0,0.0,0.0,0.0,0.0,0.0,0.0,0.0,0.018718,0.0,0.0,0.0,0.025141,0.0,0.072777,0.03324,0.050267,0.0,0.005057
2023-01-03,0.016393,0.031409,0.05354,0.067727,0.0,0.0,0.0,0.095231,0.0,0.0,0.0,0.0,0.070592,0.036249,0.068679,0.014673,0.081343,0.025508,0.0,0.0319,0.056692,0.049013,0.094482,0.0,0.0,0.0,0.0,0.0,0.0,0.0,0.0,0.0,0.018794,0.0,0.0,0.0,0.025406,0.0,0.073112,0.033561,0.050623,0.0,0.005071
2023-01-04,0.016505,0.031764,0.052609,0.067849,0.0,0.0,0.0,0.094418,0.0,0.0,0.0,0.0,0.071179,0.036382,0.06815,0.014612,0.081439,0.025781,0.0,0.032359,0.056411,0.049661,0.094131,0.0,0.0,0.0,0.0,0.0,0.0,0.0,0.0,0.0,0.018516,0.0,0.0,0.0,0.025407,0.0,0.073393,0.033548,0.050854,0.0,0.005034
2023-01-05,0.016378,0.031675,0.052229,0.0679,0.0,0.0,0.0,0.094336,0.0,0.0,0.0,0.0,0.071096,0.036259,0.069834,0.014727,0.081072,0.0256,0.0,0.032424,0.056188,0.049544,0.093775,0.0,0.0,0.0,0.0,0.0,0.0,0.0,0.0,0.0,0.018208,0.0,0.0,0.0,0.025531,0.0,0.07371,0.033735,0.050712,0.0,0.005066
2023-01-06,0.016367,0.03191,0.052537,0.067408,0.0,0.0,0.0,0.093728,0.0,0.0,0.0,0.0,0.071318,0.036536,0.069826,0.014747,0.081733,0.026034,0.0,0.032433,0.055645,0.048994,0.094476,0.0,0.0,0.0,0.0,0.0,0.0,0.0,0.0,0.0,0.01831,0.0,0.0,0.0,0.025376,0.0,0.07336,0.033646,0.050645,0.0,0.004971
2023-01-09,0.016717,0.03219,0.052777,0.067836,0.0,0.0,0.0,0.094152,0.0,0.0,0.0,0.0,0.071225,0.036393,0.069744,0.014933,0.081562,0.026397,0.0,0.032454,0.054844,0.047994,0.093775,0.0,0.0,0.0,0.0,0.0,0.0,0.0,0.0,0.0,0.018203,0.0,0.0,0.0,0.025501,0.0,0.073797,0.03386,0.050666,0.0,0.004981
2023-01-10,0.016473,0.032264,0.052522,0.067216,0.0,0.0,0.0,0.093898,0.0,0.0,0.0,0.0,0.071453,0.036572,0.070067,0.014946,0.081807,0.026456,0.0,0.032684,0.055168,0.049237,0.09342,0.0,0.0,0.0,0.0,0.0,0.0,0.0,0.0,0.0,0.01815,0.0,0.0,0.0,0.025278,0.0,0.073528,0.033662,0.050226,0.0,0.004971
2023-01-11,0.016545,0.032265,0.05257,0.067445,0.0,0.0,0.0,0.093301,0.0,0.0,0.0,0.0,0.071608,0.036627,0.069786,0.014956,0.082009,0.026605,0.0,0.033322,0.055088,0.049357,0.092809,0.0,0.0,0.0,0.0,0.0,0.0,0.0,0.0,0.0,0.017872,0.0,0.0,0.0,0.025261,0.0,0.073491,0.03371,0.050439,0.0,0.004935
2023-01-12,0.016524,0.032369,0.053354,0.067263,0.0,0.0,0.0,0.093056,0.0,0.0,0.0,0.0,0.071105,0.036649,0.070478,0.01526,0.081752,0.026667,0.0,0.033144,0.054421,0.050966,0.091253,0.0,0.0,0.0,0.0,0.0,0.0,0.0,0.0,0.0,0.017983,0.0,0.0,0.0,0.025257,0.0,0.073243,0.033786,0.050579,0.0,0.004891
2023-01-13,0.01654,0.032442,0.053451,0.067649,0.0,0.0,0.0,0.092831,0.0,0.0,0.0,0.0,0.071467,0.036653,0.07041,0.015304,0.081459,0.0265,0.0,0.033233,0.054531,0.05082,0.091461,0.0,0.0,0.0,0.0,0.0,0.0,0.0,0.0,0.0,0.018309,0.0,0.0,0.0,0.025062,0.0,0.073066,0.033594,0.050336,0.0,0.004882
2023-01-16,0.016629,0.032428,0.053428,0.067951,0.0,0.0,0.0,0.092792,0.0,0.0,0.0,0.0,0.071437,0.036638,0.07038,0.015297,0.081424,0.026489,0.0,0.033219,0.054507,0.050799,0.091422,0.0,0.0,0.0,0.0,0.0,0.0,0.0,0.0,0.0,0.018301,0.0,0.0,0.0,0.025052,0.0,0.073035,0.03358,0.050315,0.0,0.004879
2023-01-17,0.016678,0.032571,0.054041,0.068231,0.0,0.0,0.0,0.092993,0.0,0.0,0.0,0.0,0.071099,0.036569,0.070665,0.015399,0.080889,0.026474,0.0,0.033168,0.054359,0.050306,0.09166,0.0,0.0,0.0,0.0,0.0,0.0,0.0,0.0,0.0,0.018073,0.0,0.0,0.0,0.025021,0.0,0.072928,0.033523,0.050463,0.0,0.004888
2023-01-18,0.01677,0.032776,0.054467,0.068715,0.0,0.0,0.0,0.093835,0.0,0.0,0.0,0.0,0.07042,0.035819,0.070016,0.015239,0.080106,0.026451,0.0,0.0333,0.054091,0.050142,0.089989,0.0,0.0,0.0,0.0,0.0,0.0,0.0,0.0,0.0,0.017877,0.0,0.0,0.0,0.025597,0.0,0.073692,0.034231,0.051535,0.0,0.004935
2023-01-19,0.016579,0.032802,0.054755,0.067837,0.0,0.0,0.0,0.094491,0.0,0.0,0.0,0.0,0.070004,0.035948,0.071298,0.015626,0.078914,0.026314,0.0,0.032635,0.054536,0.04991,0.089653,0.0,0.0,0.0,0.0,0.0,0.0,0.0,0.0,0.0,0.018306,0.0,0.0,0.0,0.025697,0.0,0.073684,0.034359,0.051689,0.0,0.004963
2023-01-20,0.016618,0.032776,0.054866,0.067821,0.0,0.0,0.0,0.093994,0.0,0.0,0.0,0.0,0.070455,0.03657,0.071343,0.015705,0.079275,0.026526,0.0,0.033049,0.054305,0.050673,0.089517,0.0,0.0,0.0,0.0,0.0,0.0,0.0,0.0,0.0,0.018187,0.0,0.0,0.0,0.025291,0.0,0.073149,0.033865,0.051097,0.0,0.004919
2023-01-23,0.016837,0.032799,0.0545,0.068403,0.0,0.0,0.0,0.093276,0.0,0.0,0.0,0.0,0.070993,0.036917,0.071158,0.015869,0.079827,0.026711,0.0,0.03329,0.054278,0.050574,0.089449,0.0,0.0,0.0,0.0,0.0,0.0,0.0,0.0,0.0,0.017753,0.0,0.0,0.0,0.025111,0.0,0.072853,0.033634,0.050868,0.0,0.0049
2023-01-24,0.016806,0.032677,0.054818,0.068385,0.0,0.0,0.0,0.092334,0.0,0.0,0.0,0.0,0.070967,0.036525,0.070817,0.015683,0.080278,0.026428,0.0,0.033525,0.053868,0.051489,0.089733,0.0,0.0,0.0,0.0,0.0,0.0,0.0,0.0,0.0,0.017885,0.0,0.0,0.0,0.025232,0.0,0.072833,0.03378,0.051044,0.0,0.004895
2023-01-25,0.01669,0.032813,0.055489,0.067826,0.0,0.0,0.0,0.09154,0.0,0.0,0.0,0.0,0.071535,0.036702,0.070838,0.015669,0.079847,0.026207,0.0,0.033556,0.053894,0.051545,0.089971,0.0,0.0,0.0,0.0,0.0,0.0,0.0,0.0,0.0,0.018061,0.0,0.0,0.0,0.025265,0.0,0.072837,0.033801,0.05102,0.0,0.004896
2023-01-26,0.016762,0.032698,0.055119,0.068116,0.0,0.0,0.0,0.091466,0.0,0.0,0.0,0.0,0.07158,0.036927,0.072737,0.015971,0.079914,0.026056,0.0,0.03352,0.053746,0.051128,0.089237,0.0,0.0,0.0,0.0,0.0,0.0,0.0,0.0,0.0,0.017994,0.0,0.0,0.0,0.025057,0.0,0.072681,0.033633,0.050784,0.0,0.004875
2023-01-27,0.016977,0.032694,0.055444,0.068902,0.0,0.0,0.0,0.089412,0.0,0.0,0.0,0.0,0.071805,0.037253,0.071492,0.015803,0.0805,0.026363,0.0,0.033831,0.053548,0.051752,0.089261,0.0,0.0,0.0,0.0,0.0,0.0,0.0,0.0,0.0,0.017796,0.0,0.0,0.0,0.025098,0.0,0.07269,0.033642,0.050846,0.0,0.00489
2023-01-30,0.017038,0.032779,0.055597,0.069332,0.0,0.0,0.0,0.09004,0.0,0.0,0.0,0.0,0.072074,0.037212,0.070466,0.015426,0.08041,0.026059,0.0,0.033542,0.053529,0.050868,0.090154,0.0,0.0,0.0,0.0,0.0,0.0,0.0,0.0,0.0,0.017935,0.0,0.0,0.0,0.025239,0.0,0.072922,0.033807,0.050637,0.0,0.004933
2023-01-31,0.021469,0.075045,0.067523,0.0,0.0,0.0,0.0,0.0,0.0,0.0,0.0,0.0,0.07504,0.0,0.075068,0.0,0.07505,0.0,0.032223,0.074893,0.053589,0.030262,0.057866,0.0,0.0,0.0,0.0,0.0,0.021209,0.0,0.0,0.041379,0.042227,0.011077,0.075086,0.0,0.0,0.0,0.065606,0.018617,0.073507,0.0,0.013262
2023-02-01,0.021397,0.075307,0.067215,0.0,0.0,0.0,0.0,0.0,0.0,0.0,0.0,0.0,0.074444,0.0,0.073006,0.0,0.074995,0.0,0.032178,0.075815,0.053415,0.030306,0.057866,0.0,0.0,0.0,0.0,0.0,0.02173,0.0,0.0,0.041567,0.042372,0.010913,0.07559,0.0,0.0,0.0,0.065769,0.018656,0.074306,0.0,0.013153
2023-02-02,0.021935,0.075565,0.067164,0.0,0.0,0.0,0.0,0.0,0.0,0.0,0.0,0.0,0.074769,0.0,0.071457,0.0,0.075703,0.0,0.032128,0.078313,0.053138,0.031109,0.057461,0.0,0.0,0.0,0.0,0.0,0.022093,0.0,0.0,0.040771,0.04146,0.010975,0.073147,0.0,0.0,0.0,0.066253,0.018713,0.074669,0.0,0.013179
2023-02-03,0.022152,0.075736,0.067215,0.0,0.0,0.0,0.0,0.0,0.0,0.0,0.0,0.0,0.075543,0.0,0.072176,0.0,0.076233,0.0,0.031938,0.077435,0.053634,0.030951,0.057938,0.0,0.0,0.0,0.0,0.0,0.022006,0.0,0.0,0.040242,0.040024,0.011049,0.072747,0.0,0.0,0.0,0.066364,0.018728,0.074549,0.0,0.013341
2023-02-06,0.021997,0.075533,0.06715,0.0,0.0,0.0,0.0,0.0,0.0,0.0,0.0,0.0,0.076146,0.0,0.072441,0.0,0.076675,0.0,0.031846,0.076742,0.053775,0.030968,0.058488,0.0,0.0,0.0,0.0,0.0,0.021853,0.0,0.0,0.040658,0.040178,0.011112,0.071669,0.0,0.0,0.0,0.066482,0.018738,0.0741,0.0,0.013451
2023-02-07,0.021783,0.075411,0.067528,0.0,0.0,0.0,0.0,0.0,0.0,0.0,0.0,0.0,0.076338,0.0,0.074133,0.0,0.076233,0.0,0.031989,0.076874,0.053642,0.030906,0.057726,0.0,0.0,0.0,0.0,0.0,0.02209,0.0,0.0,0.040335,0.039628,0.011042,0.072863,0.0,0.0,0.0,0.066128,0.018511,0.073511,0.0,0.013332
2023-02-08,0.021966,0.075656,0.067281,0.0,0.0,0.0,0.0,0.0,0.0,0.0,0.0,0.0,0.076445,0.0,0.074013,0.0,0.076364,0.0,0.031967,0.075731,0.05388,0.030055,0.057707,0.0,0.0,0.0,0.0,0.0,0.02191,0.0,0.0,0.040734,0.040116,0.011156,0.072572,0.0,0.0,0.0,0.066337,0.018666,0.074012,0.0,0.013432
2023-02-09,0.022182,0.076256,0.067773,0.0,0.0,0.0,0.0,0.0,0.0,0.0,0.0,0.0,0.076067,0.0,0.073839,0.0,0.076152,0.0,0.031702,0.075964,0.053743,0.029862,0.057813,0.0,0.0,0.0,0.0,0.0,0.021811,0.0,0.0,0.040665,0.039777,0.011154,0.072787,0.0,0.0,0.0,0.066321,0.018626,0.073989,0.0,0.013518
2023-02-10,0.021893,0.075501,0.068036,0.0,0.0,0.0,0.0,0.0,0.0,0.0,0.0,0.0,0.076179,0.0,0.076591,0.0,0.076553,0.0,0.03176,0.076034,0.054152,0.029645,0.058243,0.0,0.0,0.0,0.0,0.0,0.021635,0.0,0.0,0.040668,0.039822,0.011239,0.071119,0.0,0.0,0.0,0.065691,0.018461,0.073282,0.0,0.013496
2023-02-13,0.021963,0.076046,0.067536,0.0,0.0,0.0,0.0,0.0,0.0,0.0,0.0,0.0,0.076529,0.0,0.075874,0.0,0.076722,0.0,0.031709,0.077298,0.054228,0.029422,0.058503,0.0,0.0,0.0,0.0,0.0,0.021605,0.0,0.0,0.040185,0.039472,0.011229,0.071478,0.0,0.0,0.0,0.065408,0.018403,0.072985,0.0,0.013405
2023-02-14,0.021888,0.076457,0.067242,0.0,0.0,0.0,0.0,0.0,0.0,0.0,0.0,0.0,0.076164,0.0,0.075948,0.0,0.076563,0.0,0.031802,0.076749,0.053942,0.029551,0.058009,0.0,0.0,0.0,0.0,0.0,0.021844,0.0,0.0,0.040241,0.039341,0.011325,0.072609,0.0,0.0,0.0,0.065468,0.018369,0.073074,0.0,0.013414
2023-02-15,0.022041,0.076616,0.066783,0.0,0.0,0.0,0.0,0.0,0.0,0.0,0.0,0.0,0.07648,0.0,0.074886,0.0,0.077276,0.0,0.032039,0.07729,0.053839,0.029704,0.058298,0.0,0.0,0.0,0.0,0.0,0.021938,0.0,0.0,0.039962,0.039011,0.011265,0.072112,0.0,0.0,0.0,0.065563,0.018355,0.073085,0.0,0.013457
2023-02-16,0.022211,0.076705,0.067022,0.0,0.0,0.0,0.0,0.0,0.0,0.0,0.0,0.0,0.076233,0.0,0.074662,0.0,0.077005,0.0,0.031895,0.076736,0.053669,0.029461,0.058276,0.0,0.0,0.0,0.0,0.0,0.021789,0.0,0.0,0.040206,0.039181,0.011393,0.073074,0.0,0.0,0.0,0.065487,0.018334,0.073111,0.0,0.01355
2023-02-17,0.021936,0.077247,0.067097,0.0,0.0,0.0,0.0,0.0,0.0,0.0,0.0,0.0,0.076366,0.0,0.072109,0.0,0.077623,0.0,0.031642,0.075561,0.054229,0.03021,0.059116,0.0,0.0,0.0,0.0,0.0,0.021484,0.0,0.0,0.040385,0.039575,0.011466,0.072866,0.0,0.0,0.0,0.06584,0.018434,0.073244,0.0,0.013572
2023-02-20,0.022022,0.07724,0.067091,0.0,0.0,0.0,0.0,0.0,0.0,0.0,0.0,0.0,0.07636,0.0,0.072102,0.0,0.077616,0.0,0.031639,0.075554,0.054224,0.030208,0.059111,0.0,0.0,0.0,0.0,0.0,0.021482,0.0,0.0,0.040381,0.039572,0.011465,0.072859,0.0,0.0,0.0,0.065834,0.018432,0.073237,0.0,0.013572
2023-02-21,0.022092,0.07745,0.067217,0.0,0.0,0.0,0.0,0.0,0.0,0.0,0.0,0.0,0.075858,0.0,0.072772,0.0,0.076925,0.0,0.031564,0.073589,0.054289,0.029218,0.05973,0.0,0.0,0.0,0.0,0.0,0.021189,0.0,0.0,0.040807,0.040259,0.011743,0.074186,0.0,0.0,0.0,0.065747,0.018431,0.073165,0.0,0.013768
2023-02-22,0.022064,0.077187,0.066898,0.0,0.0,0.0,0.0,0.0,0.0,0.0,0.0,0.0,0.07598,0.0,0.072485,0.0,0.076944,0.0,0.031887,0.07453,0.054253,0.029602,0.059804,0.0,0.0,0.0,0.0,0.0,0.021229,0.0,0.0,0.040689,0.039726,0.011718,0.07265,0.0,0.0,0.0,0.066358,0.018534,0.073653,0.0,0.013809
2023-02-23,0.021869,0.077312,0.067252,0.0,0.0,0.0,0.0,0.0,0.0,0.0,0.0,0.0,0.075689,0.0,0.073235,0.0,0.076943,0.0,0.031774,0.075084,0.054145,0.029408,0.059451,0.0,0.0,0.0,0.0,0.0,0.021637,0.0,0.0,0.040477,0.0393,0.011652,0.071256,0.0,0.0,0.0,0.066701,0.018592,0.074481,0.0,0.013744
2023-02-24,0.021903,0.076759,0.06693,0.0,0.0,0.0,0.0,0.0,0.0,0.0,0.0,0.0,0.076527,0.0,0.073888,0.0,0.077283,0.0,0.032314,0.075244,0.053993,0.028997,0.059657,0.0,0.0,0.0,0.0,0.0,0.021653,0.0,0.0,0.040597,0.03861,0.011599,0.069818,0.0,0.0,0.0,0.066977,0.018641,0.074725,0.0,0.013886
2023-02-27,0.02196,0.077438,0.06717,0.0,0.0,0.0,0.0,0.0,0.0,0.0,0.0,0.0,0.076056,0.0,0.07367,0.0,0.07751,0.0,0.03223,0.075271,0.053513,0.02906,0.059241,0.0,0.0,0.0,0.0,0.0,0.021813,0.0,0.0,0.040516,0.038061,0.01152,0.070938,0.0,0.0,0.0,0.067031,0.018537,0.074661,0.0,0.013806
2023-02-28,0.017213,0.082185,0.082463,0.0,0.03752,0.022942,0.0,0.0,0.026438,0.018131,0.0,0.0,0.082329,0.0,0.082298,0.0,0.081896,0.0,0.080298,0.082426,0.0,0.0,0.0,0.0,0.0,0.0,0.0,0.0,0.048713,0.0,0.0,0.048638,0.043156,0.0,0.082337,0.0,0.0,0.0,0.0,0.0,0.027984,0.035186,0.017847
2023-03-01,0.016981,0.082012,0.081901,0.0,0.037917,0.023629,0.0,0.0,0.026528,0.018322,0.0,0.0,0.081363,0.0,0.083215,0.0,0.081529,0.0,0.080246,0.080791,0.0,0.0,0.0,0.0,0.0,0.0,0.0,0.0,0.048426,0.0,0.0,0.048507,0.042949,0.0,0.085331,0.0,0.0,0.0,0.0,0.0,0.027565,0.035087,0.0177
2023-03-02,0.01691,0.08186,0.081782,0.0,0.037888,0.023906,0.0,0.0,0.026575,0.018196,0.0,0.0,0.08077,0.0,0.083734,0.0,0.082278,0.0,0.080956,0.081057,0.0,0.0,0.0,0.0,0.0,0.0,0.0,0.0,0.048448,0.0,0.0,0.048357,0.042729,0.0,0.084385,0.0,0.0,0.0,0.0,0.0,0.027395,0.03512,0.017655
2023-03-03,0.016961,0.081777,0.082521,0.0,0.037656,0.023621,0.0,0.0,0.026478,0.018323,0.0,0.0,0.080927,0.0,0.083714,0.0,0.082034,0.0,0.08099,0.081449,0.0,0.0,0.0,0.0,0.0,0.0,0.0,0.0,0.04928,0.0,0.0,0.048208,0.042825,0.0,0.08563,0.0,0.0,0.0,0.0,0.0,0.027436,0.032751,0.017417
2023-03-06,0.017246,0.082086,0.082983,0.0,0.038065,0.023439,0.0,0.0,0.026549,0.018465,0.0,0.0,0.081448,0.0,0.084222,0.0,0.082342,0.0,0.080125,0.080901,0.0,0.0,0.0,0.0,0.0,0.0,0.0,0.0,0.049333,0.0,0.0,0.048234,0.042559,0.0,0.083955,0.0,0.0,0.0,0.0,0.0,0.02748,0.033054,0.017516
2023-03-07,0.017306,0.08197,0.083881,0.0,0.038148,0.023382,0.0,0.0,0.026883,0.018305,0.0,0.0,0.080923,0.0,0.084401,0.0,0.0829,0.0,0.080108,0.081839,0.0,0.0,0.0,0.0,0.0,0.0,0.0,0.0,0.049507,0.0,0.0,0.048333,0.04145,0.0,0.081644,0.0,0.0,0.0,0.0,0.0,0.027911,0.033245,0.017863
2023-03-08,0.017193,0.081973,0.084633,0.0,0.037954,0.023128,0.0,0.0,0.027048,0.018294,0.0,0.0,0.080357,0.0,0.083259,0.0,0.08282,0.0,0.080235,0.082808,0.0,0.0,0.0,0.0,0.0,0.0,0.0,0.0,0.049941,0.0,0.0,0.04815,0.041201,0.0,0.082328,0.0,0.0,0.0,0.0,0.0,0.027687,0.033184,0.017808
2023-03-09,0.01756,0.082678,0.086034,0.0,0.038205,0.022719,0.0,0.0,0.026984,0.018173,0.0,0.0,0.078505,0.0,0.083586,0.0,0.083094,0.0,0.079602,0.083645,0.0,0.0,0.0,0.0,0.0,0.0,0.0,0.0,0.050016,0.0,0.0,0.049516,0.042047,0.0,0.080547,0.0,0.0,0.0,0.0,0.0,0.028201,0.030754,0.018134
2023-03-10,0.01748,0.082818,0.085826,0.0,0.038427,0.022969,0.0,0.0,0.026985,0.018359,0.0,0.0,0.077826,0.0,0.083319,0.0,0.082337,0.0,0.078664,0.082871,0.0,0.0,0.0,0.0,0.0,0.0,0.0,0.0,0.049419,0.0,0.0,0.051074,0.043423,0.0,0.080348,0.0,0.0,0.0,0.0,0.0,0.028742,0.030802,0.018312
2023-03-13,0.01712,0.081859,0.084632,0.0,0.038003,0.023063,0.0,0.0,0.027088,0.018673,0.0,0.0,0.074421,0.0,0.081261,0.0,0.081507,0.0,0.077513,0.082738,0.0,0.0,0.0,0.0,0.0,0.0,0.0,0.0,0.049242,0.0,0.0,0.052014,0.045843,0.0,0.080723,0.0,0.0,0.0,0.0,0.0,0.028567,0.037498,0.018236
2023-03-14,0.017177,0.082605,0.08361,0.0,0.037629,0.022975,0.0,0.0,0.026892,0.018256,0.0,0.0,0.075224,0.0,0.081305,0.0,0.081606,0.0,0.077778,0.083291,0.0,0.0,0.0,0.0,0.0,0.0,0.0,0.0,0.049623,0.0,0.0,0.051234,0.045169,0.0,0.080965,0.0,0.0,0.0,0.0,0.0,0.028226,0.038366,0.018068
2023-03-15,0.017191,0.081577,0.084065,0.0,0.037628,0.023206,0.0,0.0,0.027028,0.018433,0.0,0.0,0.075145,0.0,0.078963,0.0,0.08169,0.0,0.077237,0.084457,0.0,0.0,0.0,0.0,0.0,0.0,0.0,0.0,0.049747,0.0,0.0,0.052992,0.046613,0.0,0.078107,0.0,0.0,0.0,0.0,0.0,0.029074,0.038307,0.018541
2023-03-16,0.017283,0.08159,0.084519,0.0,0.037811,0.023136,0.0,0.0,0.027083,0.018717,0.0,0.0,0.075457,0.0,0.078649,0.0,0.081528,0.0,0.076976,0.085136,0.0,0.0,0.0,0.0,0.0,0.0,0.0,0.0,0.050773,0.0,0.0,0.05232,0.045745,0.0,0.077828,0.0,0.0,0.0,0.0,0.0,0.028526,0.038647,0.018275
2023-03-17,0.017282,0.080616,0.084254,0.0,0.037848,0.023134,0.0,0.0,0.02705,0.018547,0.0,0.0,0.073257,0.0,0.077653,0.0,0.080442,0.0,0.076019,0.084652,0.0,0.0,0.0,0.0,0.0,0.0,0.0,0.0,0.050444,0.0,0.0,0.054011,0.047523,0.0,0.078562,0.0,0.0,0.0,0.0,0.0,0.028487,0.041887,0.018333
2023-03-20,0.017144,0.081118,0.08436,0.0,0.037444,0.022744,0.0,0.0,0.026947,0.018455,0.0,0.0,0.073102,0.0,0.078171,0.0,0.08044,0.0,0.076567,0.083716,0.0,0.0,0.0,0.0,0.0,0.0,0.0,0.0,0.050391,0.0,0.0,0.053325,0.047038,0.0,0.080197,0.0,0.0,0.0,0.0,0.0,0.028117,0.04263,0.018097
2023-03-21,0.017168,0.081734,0.08392,0.0,0.037311,0.022836,0.0,0.0,0.026914,0.018345,0.0,0.0,0.074105,0.0,0.07996,0.0,0.08045,0.0,0.076617,0.083609,0.0,0.0,0.0,0.0,0.0,0.0,0.0,0.0,0.050773,0.0,0.0,0.051725,0.046167,0.0,0.079745,0.0,0.0,0.0,0.0,0.0,0.027996,0.042736,0.01789
2023-03-22,0.017377,0.081955,0.084396,0.0,0.038003,0.023098,0.0,0.0,0.027405,0.018613,0.0,0.0,0.073005,0.0,0.078925,0.0,0.07958,0.0,0.075895,0.083065,0.0,0.0,0.0,0.0,0.0,0.0,0.0,0.0,0.050619,0.0,0.0,0.053053,0.047829,0.0,0.080006,0.0,0.0,0.0,0.0,0.0,0.028481,0.040649,0.018047
2023-03-23,0.017308,0.081503,0.084286,0.0,0.038553,0.023597,0.0,0.0,0.02762,0.018813,0.0,0.0,0.072102,0.0,0.077389,0.0,0.078899,0.0,0.075375,0.082875,0.0,0.0,0.0,0.0,0.0,0.0,0.0,0.0,0.050789,0.0,0.0,0.053413,0.047963,0.0,0.079879,0.0,0.0,0.0,0.0,0.0,0.028421,0.043273,0.017942
2023-03-24,0.01707,0.081053,0.084734,0.0,0.038044,0.023532,0.0,0.0,0.027703,0.018613,0.0,0.0,0.072223,0.0,0.077869,0.0,0.079411,0.0,0.076165,0.083486,0.0,0.0,0.0,0.0,0.0,0.0,0.0,0.0,0.05072,0.0,0.0,0.052935,0.047939,0.0,0.079846,0.0,0.0,0.0,0.0,0.0,0.028332,0.042337,0.017988
2023-03-27,0.017199,0.081742,0.084839,0.0,0.037734,0.023117,0.0,0.0,0.027428,0.018493,0.0,0.0,0.072996,0.0,0.07928,0.0,0.079823,0.0,0.07649,0.082955,0.0,0.0,0.0,0.0,0.0,0.0,0.0,0.0,0.05081,0.0,0.0,0.05228,0.047789,0.0,0.080141,0.0,0.0,0.0,0.0,0.0,0.028124,0.040827,0.017934
2023-03-28,0.017099,0.081142,0.08445,0.0,0.038093,0.023717,0.0,0.0,0.027153,0.018539,0.0,0.0,0.072499,0.0,0.079983,0.0,0.079711,0.0,0.076357,0.082769,0.0,0.0,0.0,0.0,0.0,0.0,0.0,0.0,0.050233,0.0,0.0,0.052367,0.047949,0.0,0.081029,0.0,0.0,0.0,0.0,0.0,0.027843,0.041247,0.017821
2023-03-29,0.017087,0.081574,0.083872,0.0,0.037898,0.023464,0.0,0.0,0.026948,0.018333,0.0,0.0,0.072779,0.0,0.08023,0.0,0.080012,0.0,0.076595,0.082419,0.0,0.0,0.0,0.0,0.0,0.0,0.0,0.0,0.050658,0.0,0.0,0.051553,0.047461,0.0,0.081518,0.0,0.0,0.0,0.0,0.0,0.02768,0.042283,0.017632
2023-03-30,0.017143,0.082261,0.083701,0.0,0.037953,0.02365,0.0,0.0,0.026857,0.018417,0.0,0.0,0.072134,0.0,0.080044,0.0,0.079645,0.0,0.076604,0.081737,0.0,0.0,0.0,0.0,0.0,0.0,0.0,0.0,0.050724,0.0,0.0,0.051671,0.048244,0.0,0.082634,0.0,0.0,0.0,0.0,0.0,0.027686,0.041376,0.017518
2023-03-31,0.0,0.119503,0.066613,0.0,0.0,0.0,0.0,0.0,0.044,0.010279,0.0,0.0,0.028083,0.0,0.021735,0.0,0.119243,0.0,0.097446,0.119255,0.0,0.0,0.0,0.0,0.0,0.05891,0.0,0.0,0.066582,0.0,0.0,0.030292,0.02294,0.0,0.119683,0.0,0.0,0.0,0.0,0.0,0.0,0.060488,0.01495
2023-04-03,0.0,0.119869,0.066654,0.0,0.0,0.0,0.0,0.0,0.044087,0.010178,0.0,0.0,0.028024,0.0,0.022629,0.0,0.118982,0.0,0.097674,0.119154,0.0,0.0,0.0,0.0,0.0,0.05817,0.0,0.0,0.066215,0.0,0.0,0.030389,0.022787,0.0,0.121087,0.0,0.0,0.0,0.0,0.0,0.0,0.059206,0.014895
2023-04-04,0.0,0.12101,0.067254,0.0,0.0,0.0,0.0,0.0,0.044421,0.01022,0.0,0.0,0.028022,0.0,0.022426,0.0,0.117405,0.0,0.097166,0.118119,0.0,0.0,0.0,0.0,0.0,0.057619,0.0,0.0,0.06581,0.0,0.0,0.031245,0.023949,0.0,0.120292,0.0,0.0,0.0,0.0,0.0,0.0,0.060009,0.015032
2023-04-05,0.0,0.12127,0.066762,0.0,0.0,0.0,0.0,0.0,0.044203,0.010311,0.0,0.0,0.028204,0.0,0.02294,0.0,0.116772,0.0,0.097697,0.118258,0.0,0.0,0.0,0.0,0.0,0.057058,0.0,0.0,0.065049,0.0,0.0,0.031461,0.024102,0.0,0.120251,0.0,0.0,0.0,0.0,0.0,0.0,0.060509,0.015153
2023-04-06,0.0,0.122551,0.06661,0.0,0.0,0.0,0.0,0.0,0.044234,0.01022,0.0,0.0,0.028367,0.0,0.022637,0.0,0.116973,0.0,0.097662,0.116966,0.0,0.0,0.0,0.0,0.0,0.05688,0.0,0.0,0.064943,0.0,0.0,0.0313,0.024099,0.0,0.12128,0.0,0.0,0.0,0.0,0.0,0.0,0.060092,0.015184
2023-04-10,0.0,0.121692,0.066006,0.0,0.0,0.0,0.0,0.0,0.043973,0.010368,0.0,0.0,0.02823,0.0,0.022659,0.0,0.117211,0.0,0.097441,0.117309,0.0,0.0,0.0,0.0,0.0,0.057479,0.0,0.0,0.064987,0.0,0.0,0.030851,0.023919,0.0,0.120337,0.0,0.0,0.0,0.0,0.0,0.0,0.06246,0.015078
2023-04-11,0.0,0.120684,0.06542,0.0,0.0,0.0,0.0,0.0,0.043701,0.010369,0.0,0.0,0.028131,0.0,0.022595,0.0,0.116481,0.0,0.097004,0.118792,0.0,0.0,0.0,0.0,0.0,0.056483,0.0,0.0,0.064303,0.0,0.0,0.030669,0.023794,0.0,0.123064,0.0,0.0,0.0,0.0,0.0,0.0,0.063609,0.0149
2023-04-12,0.0,0.121541,0.06558,0.0,0.0,0.0,0.0,0.0,0.043471,0.010384,0.0,0.0,0.028047,0.0,0.022592,0.0,0.116772,0.0,0.096996,0.118424,0.0,0.0,0.0,0.0,0.0,0.055404,0.0,0.0,0.064016,0.0,0.0,0.030794,0.024177,0.0,0.124131,0.0,0.0,0.0,0.0,0.0,0.0,0.06278,0.01489
2023-04-13,0.0,0.12166,0.065675,0.0,0.0,0.0,0.0,0.0,0.043126,0.010561,0.0,0.0,0.02795,0.0,0.022453,0.0,0.11576,0.0,0.096785,0.116913,0.0,0.0,0.0,0.0,0.0,0.055171,0.0,0.0,0.064278,0.0,0.0,0.030825,0.024195,0.0,0.126641,0.0,0.0,0.0,0.0,0.0,0.0,0.063295,0.014709
2023-04-14,0.0,0.121823,0.065375,0.0,0.0,0.0,0.0,0.0,0.043166,0.010483,0.0,0.0,0.028307,0.0,0.02256,0.0,0.115959,0.0,0.096366,0.117673,0.0,0.0,0.0,0.0,0.0,0.055246,0.0,0.0,0.064055,0.0,0.0,0.030367,0.023826,0.0,0.126737,0.0,0.0,0.0,0.0,0.0,0.0,0.063306,0.014751
2023-04-17,0.0,0.121277,0.065583,0.0,0.0,0.0,0.0,0.0,0.043121,0.0104,0.0,0.0,0.028643,0.0,0.0223,0.0,0.11691,0.0,0.096953,0.11891,0.0,0.0,0.0,0.0,0.0,0.055262,0.0,0.0,0.064304,0.0,0.0,0.030241,0.023536,0.0,0.126437,0.0,0.0,0.0,0.0,0.0,0.0,0.061365,0.01476
2023-04-18,0.0,0.120895,0.06532,0.0,0.0,0.0,0.0,0.0,0.04255,0.01032,0.0,0.0,0.028443,0.0,0.022165,0.0,0.116301,0.0,0.096391,0.120429,0.0,0.0,0.0,0.0,0.0,0.05495,0.0,0.0,0.063971,0.0,0.0,0.030056,0.023434,0.0,0.127777,0.0,0.0,0.0,0.0,0.0,0.0,0.062383,0.014615
2023-04-19,0.0,0.121356,0.065191,0.0,0.0,0.0,0.0,0.0,0.042264,0.010281,0.0,0.0,0.028684,0.0,0.022222,0.0,0.116911,0.0,0.0967,0.12149,0.0,0.0,0.0,0.0,0.0,0.054677,0.0,0.0,0.064409,0.0,0.0,0.030094,0.023657,0.0,0.126758,0.0,0.0,0.0,0.0,0.0,0.0,0.060601,0.014704
2023-04-20,0.0,0.121528,0.065588,0.0,0.0,0.0,0.0,0.0,0.042394,0.010278,0.0,0.0,0.028679,0.0,0.022089,0.0,0.117035,0.0,0.096868,0.12394,0.0,0.0,0.0,0.0,0.0,0.054781,0.0,0.0,0.064284,0.0,0.0,0.030298,0.023663,0.0,0.125535,0.0,0.0,0.0,0.0,0.0,0.0,0.058293,0.014747
2023-04-21,0.0,0.123201,0.06637,0.0,0.0,0.0,0.0,0.0,0.042274,0.010242,0.0,0.0,0.028755,0.0,0.022097,0.0,0.117498,0.0,0.096612,0.124278,0.0,0.0,0.0,0.0,0.0,0.05472,0.0,0.0,0.065203,0.0,0.0,0.030186,0.023616,0.0,0.123103,0.0,0.0,0.0,0.0,0.0,0.0,0.057006,0.01484
2023-04-24,0.0,0.123416,0.066181,0.0,0.0,0.0,0.0,0.0,0.042262,0.010152,0.0,0.0,0.028618,0.0,0.022383,0.0,0.117502,0.0,0.097043,0.125161,0.0,0.0,0.0,0.0,0.0,0.054347,0.0,0.0,0.064818,0.0,0.0,0.030207,0.023663,0.0,0.122357,0.0,0.0,0.0,0.0,0.0,0.0,0.057083,0.014808
2023-04-25,0.0,0.123496,0.066887,0.0,0.0,0.0,0.0,0.0,0.041918,0.01004,0.0,0.0,0.028625,0.0,0.022352,0.0,0.117382,0.0,0.096626,0.125966,0.0,0.0,0.0,0.0,0.0,0.053453,0.0,0.0,0.064682,0.0,0.0,0.030899,0.023989,0.0,0.120017,0.0,0.0,0.0,0.0,0.0,0.0,0.058595,0.015072
2023-04-26,0.0,0.124193,0.06697,0.0,0.0,0.0,0.0,0.0,0.042239,0.010144,0.0,0.0,0.02849,0.0,0.022161,0.0,0.115723,0.0,0.095946,0.12426,0.0,0.0,0.0,0.0,0.0,0.053998,0.0,0.0,0.064757,0.0,0.0,0.03088,0.023938,0.0,0.12163,0.0,0.0,0.0,0.0,0.0,0.0,0.059525,0.015146
2023-04-27,0.0,0.123394,0.066843,0.0,0.0,0.0,0.0,0.0,0.042071,0.010091,0.0,0.0,0.028432,0.0,0.021842,0.0,0.1159,0.0,0.095513,0.125458,0.0,0.0,0.0,0.0,0.0,0.053257,0.0,0.0,0.064818,0.0,0.0,0.03033,0.023571,0.0,0.121267,0.0,0.0,0.0,0.0,0.0,0.0,0.062334,0.014878
2023-04-28,0.066637,0.097779,0.097989,0.0,0.0,0.01539,0.0,0.0,0.064934,0.029358,0.0,0.029271,0.0,0.0,0.0,0.0,0.093734,0.015939,0.033558,0.090917,0.0,0.0,0.033919,0.0,0.033461,0.032972,0.0,0.0,0.033509,0.0,0.0,0.078222,0.0,0.0,0.048424,0.0,0.0,0.0,0.0,0.0,0.0,0.084745,0.019242
2023-05-01,0.066969,0.098282,0.09836,0.0,0.0,0.015406,0.0,0.0,0.064931,0.02931,0.0,0.029412,0.0,0.0,0.0,0.0,0.09471,0.016268,0.033708,0.090622,0.0,0.0,0.034114,0.0,0.033648,0.033436,0.0,0.0,0.03396,0.0,0.0,0.078259,0.0,0.0,0.048677,0.0,0.0,0.0,0.0,0.0,0.0,0.080591,0.019338
2023-05-02,0.066162,0.097412,0.097817,0.0,0.0,0.015167,0.0,0.0,0.064892,0.029457,0.0,0.028949,0.0,0.0,0.0,0.0,0.093987,0.016279,0.033477,0.090771,0.0,0.0,0.034118,0.0,0.033429,0.033292,0.0,0.0,0.033596,0.0,0.0,0.079996,0.0,0.0,0.048161,0.0,0.0,0.0,0.0,0.0,0.0,0.083635,0.019404
2023-05-03,0.066676,0.097739,0.098421,0.0,0.0,0.01514,0.0,0.0,0.064977,0.029305,0.0,0.02884,0.0,0.0,0.0,0.0,0.093644,0.016355,0.033113,0.091608,0.0,0.0,0.033846,0.0,0.033152,0.032915,0.0,0.0,0.03371,0.0,0.0,0.080688,0.0,0.0,0.04812,0.0,0.0,0.0,0.0,0.0,0.0,0.082342,0.019408
2023-05-04,0.066026,0.097434,0.098801,0.0,0.0,0.015427,0.0,0.0,0.065315,0.029598,0.0,0.028434,0.0,0.0,0.0,0.0,0.092806,0.016207,0.032964,0.090263,0.0,0.0,0.033829,0.0,0.033059,0.032795,0.0,0.0,0.033858,0.0,0.0,0.081416,0.0,0.0,0.048004,0.0,0.0,0.0,0.0,0.0,0.0,0.084318,0.019447
2023-05-05,0.066074,0.097504,0.098719,0.0,0.0,0.015377,0.0,0.0,0.065367,0.029677,0.0,0.028384,0.0,0.0,0.0,0.0,0.092881,0.01625,0.033047,0.090198,0.0,0.0,0.033662,0.0,0.033411,0.033053,0.0,0.0,0.03389,0.0,0.0,0.079013,0.0,0.0,0.048952,0.0,0.0,0.0,0.0,0.0,0.0,0.085365,0.019176
2023-05-08,0.066489,0.098132,0.099123,0.0,0.0,0.015509,0.0,0.0,0.065585,0.029845,0.0,0.028851,0.0,0.0,0.0,0.0,0.093126,0.01634,0.033146,0.091294,0.0,0.0,0.033773,0.0,0.033603,0.033401,0.0,0.0,0.03413,0.0,0.0,0.079607,0.0,0.0,0.049739,0.0,0.0,0.0,0.0,0.0,0.0,0.079005,0.019302
2023-05-09,0.06657,0.097393,0.100225,0.0,0.0,0.015269,0.0,0.0,0.065429,0.029578,0.0,0.028679,0.0,0.0,0.0,0.0,0.093365,0.016273,0.032857,0.091373,0.0,0.0,0.033679,0.0,0.033356,0.032844,0.0,0.0,0.034088,0.0,0.0,0.080199,0.0,0.0,0.049485,0.0,0.0,0.0,0.0,0.0,0.0,0.080032,0.019308
2023-05-10,0.066658,0.097387,0.099844,0.0,0.0,0.015229,0.0,0.0,0.065374,0.029653,0.0,0.028969,0.0,0.0,0.0,0.0,0.093138,0.016243,0.032917,0.091531,0.0,0.0,0.033666,0.0,0.033804,0.033218,0.0,0.0,0.03452,0.0,0.0,0.080181,0.0,0.0,0.048204,0.0,0.0,0.0,0.0,0.0,0.0,0.080128,0.019335
2023-05-11,0.067025,0.097785,0.10097,0.0,0.0,0.015477,0.0,0.0,0.065101,0.029412,0.0,0.029504,0.0,0.0,0.0,0.0,0.093352,0.01626,0.032869,0.09241,0.0,0.0,0.034051,0.0,0.033935,0.033278,0.0,0.0,0.034688,0.0,0.0,0.080161,0.0,0.0,0.045941,0.0,0.0,0.0,0.0,0.0,0.0,0.078278,0.019501
2023-05-12,0.067137,0.097769,0.101718,0.0,0.0,0.015124,0.0,0.0,0.064967,0.029099,0.0,0.029604,0.0,0.0,0.0,0.0,0.093657,0.016294,0.033012,0.092098,0.0,0.0,0.034272,0.0,0.033977,0.033332,0.0,0.0,0.034613,0.0,0.0,0.080228,0.0,0.0,0.046182,0.0,0.0,0.0,0.0,0.0,0.0,0.077365,0.01955
2023-05-15,0.06663,0.09744,0.101222,0.0,0.0,0.015563,0.0,0.0,0.065038,0.029247,0.0,0.029422,0.0,0.0,0.0,0.0,0.093098,0.016175,0.032932,0.091574,0.0,0.0,0.033818,0.0,0.033889,0.033867,0.0,0.0,0.034739,0.0,0.0,0.079532,0.0,0.0,0.047087,0.0,0.0,0.0,0.0,0.0,0.0,0.079383,0.019344
2023-05-16,0.066964,0.097159,0.101796,0.0,0.0,0.015526,0.0,0.0,0.065805,0.029163,0.0,0.029613,0.0,0.0,0.0,0.0,0.092541,0.016088,0.032637,0.092167,0.0,0.0,0.03379,0.0,0.034184,0.034063,0.0,0.0,0.034896,0.0,0.0,0.07914,0.0,0.0,0.046444,0.0,0.0,0.0,0.0,0.0,0.0,0.078529,0.019495
2023-05-17,0.066322,0.096644,0.101504,0.0,0.0,0.015267,0.0,0.0,0.066774,0.029436,0.0,0.029687,0.0,0.0,0.0,0.0,0.093232,0.016292,0.032537,0.092244,0.0,0.0,0.033448,0.0,0.034308,0.03457,0.0,0.0,0.034899,0.0,0.0,0.07811,0.0,0.0,0.046244,0.0,0.0,0.0,0.0,0.0,0.0,0.079175,0.019308
2023-05-18,0.066771,0.096254,0.101305,0.0,0.0,0.014964,0.0,0.0,0.067149,0.029601,0.0,0.030156,0.0,0.0,0.0,0.0,0.093708,0.016377,0.032659,0.093152,0.0,0.0,0.033215,0.0,0.034936,0.035587,0.0,0.0,0.035537,0.0,0.0,0.076933,0.0,0.0,0.045361,0.0,0.0,0.0,0.0,0.0,0.0,0.077063,0.019272
2023-05-19,0.066999,0.096883,0.101388,0.0,0.0,0.0149,0.0,0.0,0.067331,0.029987,0.0,0.02997,0.0,0.0,0.0,0.0,0.093407,0.016283,0.032716,0.091374,0.0,0.0,0.03321,0.0,0.034892,0.035375,0.0,0.0,0.03571,0.0,0.0,0.077631,0.0,0.0,0.045336,0.0,0.0,0.0,0.0,0.0,0.0,0.077348,0.01926
2023-05-22,0.067158,0.096821,0.101901,0.0,0.0,0.015119,0.0,0.0,0.067137,0.030518,0.0,0.030262,0.0,0.0,0.0,0.0,0.093447,0.016287,0.032565,0.090041,0.0,0.0,0.032727,0.0,0.03498,0.035519,0.0,0.0,0.036082,0.0,0.0,0.077498,0.0,0.0,0.045267,0.0,0.0,0.0,0.0,0.0,0.0,0.077397,0.019274
2023-05-23,0.067555,0.096446,0.101534,0.0,0.0,0.014864,0.0,0.0,0.067138,0.03048,0.0,0.030213,0.0,0.0,0.0,0.0,0.093331,0.016371,0.032412,0.089194,0.0,0.0,0.032841,0.0,0.03484,0.035463,0.0,0.0,0.035633,0.0,0.0,0.078438,0.0,0.0,0.04456,0.0,0.0,0.0,0.0,0.0,0.0,0.079199,0.019487
2023-05-24,0.067239,0.096095,0.101683,0.0,0.0,0.014772,0.0,0.0,0.067594,0.030852,0.0,0.030442,0.0,0.0,0.0,0.0,0.093252,0.016278,0.032432,0.090368,0.0,0.0,0.033027,0.0,0.035006,0.035254,0.0,0.0,0.035958,0.0,0.0,0.078755,0.0,0.0,0.044012,0.0,0.0,0.0,0.0,0.0,0.0,0.077259,0.019721
2023-05-25,0.066876,0.095253,0.101632,0.0,0.0,0.014386,0.0,0.0,0.068681,0.030515,0.0,0.030254,0.0,0.0,0.0,0.0,0.092983,0.016388,0.032118,0.090166,0.0,0.0,0.032575,0.0,0.036126,0.03737,0.0,0.0,0.036816,0.0,0.0,0.077517,0.0,0.0,0.043492,0.0,0.0,0.0,0.0,0.0,0.0,0.07724,0.019611
2023-05-26,0.066881,0.095094,0.100692,0.0,0.0,0.014461,0.0,0.0,0.069437,0.030642,0.0,0.030483,0.0,0.0,0.0,0.0,0.092504,0.016221,0.031875,0.089143,0.0,0.0,0.032276,0.0,0.036685,0.039313,0.0,0.0,0.036976,0.0,0.0,0.076851,0.0,0.0,0.043833,0.0,0.0,0.0,0.0,0.0,0.0,0.077272,0.019363
2023-05-29,0.06688,0.095094,0.100691,0.0,0.0,0.014461,0.0,0.0,0.069436,0.030642,0.0,0.030483,0.0,0.0,0.0,0.0,0.092504,0.016221,0.031874,0.089143,0.0,0.0,0.032276,0.0,0.036685,0.039313,0.0,0.0,0.036976,0.0,0.0,0.076851,0.0,0.0,0.043833,0.0,0.0,0.0,0.0,0.0,0.0,0.077272,0.019366
2023-05-30,0.066841,0.093956,0.099882,0.0,0.0,0.014034,0.0,0.0,0.069341,0.030758,0.0,0.030483,0.0,0.0,0.0,0.0,0.092216,0.016223,0.031653,0.089146,0.0,0.0,0.031856,0.0,0.036823,0.039218,0.0,0.0,0.037443,0.0,0.0,0.077204,0.0,0.0,0.043038,0.0,0.0,0.0,0.0,0.0,0.0,0.080547,0.019336
2023-05-31,0.064477,0.091647,0.0802,0.0,0.0,0.019264,0.0,0.0,0.030065,0.0,0.0,0.091655,0.0,0.0,0.0,0.0,0.0,0.0,0.023713,0.091711,0.0,0.0,0.091823,0.0,0.032729,0.010551,0.025696,0.0,0.033159,0.0,0.0,0.064553,0.038582,0.046743,0.091917,0.0,0.0,0.0,0.0,0.0,0.013714,0.044307,0.013494
2023-06-01,0.064415,0.091495,0.081121,0.0,0.0,0.019492,0.0,0.0,0.029941,0.0,0.0,0.091657,0.0,0.0,0.0,0.0,0.0,0.0,0.023709,0.091754,0.0,0.0,0.090527,0.0,0.032622,0.01059,0.025359,0.0,0.033366,0.0,0.0,0.064198,0.038668,0.046798,0.093841,0.0,0.0,0.0,0.0,0.0,0.013622,0.04351,0.013316
2023-06-02,0.064554,0.091241,0.081488,0.0,0.0,0.019722,0.0,0.0,0.029845,0.0,0.0,0.090449,0.0,0.0,0.0,0.0,0.0,0.0,0.024151,0.093832,0.0,0.0,0.09045,0.0,0.032336,0.010413,0.025154,0.0,0.033358,0.0,0.0,0.062339,0.037659,0.046389,0.09644,0.0,0.0,0.0,0.0,0.0,0.013405,0.043653,0.013122
2023-06-05,0.065029,0.091088,0.081646,0.0,0.0,0.019739,0.0,0.0,0.029913,0.0,0.0,0.091177,0.0,0.0,0.0,0.0,0.0,0.0,0.024265,0.09376,0.0,0.0,0.090614,0.0,0.032327,0.010308,0.025461,0.0,0.033803,0.0,0.0,0.063059,0.037779,0.046578,0.09562,0.0,0.0,0.0,0.0,0.0,0.013523,0.041109,0.013201
2023-06-06,0.064326,0.090487,0.082452,0.0,0.0,0.019828,0.0,0.0,0.029762,0.0,0.0,0.090607,0.0,0.0,0.0,0.0,0.0,0.0,0.024168,0.095704,0.0,0.0,0.089227,0.0,0.031986,0.010325,0.025254,0.0,0.033736,0.0,0.0,0.062477,0.037407,0.046473,0.096125,0.0,0.0,0.0,0.0,0.0,0.013407,0.043185,0.013065
2023-06-07,0.064873,0.090877,0.081035,0.0,0.0,0.019764,0.0,0.0,0.030054,0.0,0.0,0.090379,0.0,0.0,0.0,0.0,0.0,0.0,0.02467,0.096785,0.0,0.0,0.089712,0.0,0.031783,0.0104,0.024702,0.0,0.033224,0.0,0.0,0.062267,0.03749,0.04659,0.096239,0.0,0.0,0.0,0.0,0.0,0.013445,0.042531,0.013179
2023-06-08,0.0644,0.091161,0.08104,0.0,0.0,0.019829,0.0,0.0,0.02984,0.0,0.0,0.090077,0.0,0.0,0.0,0.0,0.0,0.0,0.024374,0.095657,0.0,0.0,0.08957,0.0,0.031858,0.010418,0.024821,0.0,0.033193,0.0,0.0,0.06256,0.038541,0.046973,0.096898,0.0,0.0,0.0,0.0,0.0,0.013408,0.042316,0.013068
2023-06-09,0.06456,0.090608,0.081956,0.0,0.0,0.019801,0.0,0.0,0.029982,0.0,0.0,0.090098,0.0,0.0,0.0,0.0,0.0,0.0,0.02417,0.095686,0.0,0.0,0.089416,0.0,0.032013,0.010445,0.025045,0.0,0.033343,0.0,0.0,0.062387,0.038486,0.046858,0.096684,0.0,0.0,0.0,0.0,0.0,0.013391,0.042,0.013069
2023-06-12,0.064459,0.09061,0.08211,0.0,0.0,0.019715,0.0,0.0,0.030121,0.0,0.0,0.09077,0.0,0.0,0.0,0.0,0.0,0.0,0.024174,0.096636,0.0,0.0,0.089002,0.0,0.032567,0.010734,0.025528,0.0,0.033748,0.0,0.0,0.062061,0.037991,0.046764,0.095674,0.0,0.0,0.0,0.0,0.0,0.013406,0.040911,0.013018
2023-06-13,0.064752,0.090594,0.082634,0.0,0.0,0.019831,0.0,0.0,0.030326,0.0,0.0,0.09035,0.0,0.0,0.0,0.0,0.0,0.0,0.02454,0.09651,0.0,0.0,0.088663,0.0,0.032507,0.010792,0.025495,0.0,0.034052,0.0,0.0,0.061118,0.037111,0.046527,0.097358,0.0,0.0,0.0,0.0,0.0,0.01328,0.040645,0.012915
2023-06-14,0.064848,0.090537,0.082668,0.0,0.0,0.020057,0.0,0.0,0.030138,0.0,0.0,0.09013,0.0,0.0,0.0,0.0,0.0,0.0,0.024336,0.094676,0.0,0.0,0.088838,0.0,0.032706,0.0109,0.025545,0.0,0.03405,0.0,0.0,0.060899,0.037349,0.046399,0.099333,0.0,0.0,0.0,0.0,0.0,0.013253,0.040477,0.012863
2023-06-15,0.064516,0.090919,0.081787,0.0,0.0,0.020266,0.0,0.0,0.030099,0.0,0.0,0.090713,0.0,0.0,0.0,0.0,0.0,0.0,0.024316,0.095682,0.0,0.0,0.088897,0.0,0.03282,0.01071,0.025823,0.0,0.034078,0.0,0.0,0.060759,0.036952,0.046767,0.099516,0.0,0.0,0.0,0.0,0.0,0.013198,0.039437,0.012746
2023-06-16,0.064764,0.090883,0.081035,0.0,0.0,0.020218,0.0,0.0,0.029754,0.0,0.0,0.089998,0.0,0.0,0.0,0.0,0.0,0.0,0.024385,0.095625,0.0,0.0,0.089039,0.0,0.032562,0.010615,0.025677,0.0,0.033942,0.0,0.0,0.060689,0.037371,0.047411,0.099179,0.0,0.0,0.0,0.0,0.0,0.013151,0.040949,0.012752
2023-06-19,0.064419,0.090916,0.081065,0.0,0.0,0.020226,0.0,0.0,0.029765,0.0,0.0,0.090031,0.0,0.0,0.0,0.0,0.0,0.0,0.024394,0.09566,0.0,0.0,0.089072,0.0,0.032574,0.010619,0.025687,0.0,0.033955,0.0,0.0,0.060711,0.037385,0.047428,0.099215,0.0,0.0,0.0,0.0,0.0,0.013156,0.040964,0.01276
2023-06-20,0.064474,0.09033,0.080573,0.0,0.0,0.019554,0.0,0.0,0.02962,0.0,0.0,0.090293,0.0,0.0,0.0,0.0,0.0,0.0,0.024252,0.097376,0.0,0.0,0.089086,0.0,0.032607,0.010615,0.025646,0.0,0.033862,0.0,0.0,0.060553,0.036114,0.047603,0.097211,0.0,0.0,0.0,0.0,0.0,0.013265,0.044106,0.01286
2023-06-21,0.064294,0.089934,0.081333,0.0,0.0,0.01934,0.0,0.0,0.029554,0.0,0.0,0.089177,0.0,0.0,0.0,0.0,0.0,0.0,0.024272,0.097711,0.0,0.0,0.089183,0.0,0.032047,0.010331,0.02511,0.0,0.033388,0.0,0.0,0.060318,0.035315,0.047986,0.097428,0.0,0.0,0.0,0.0,0.0,0.013302,0.047147,0.012829
2023-06-22,0.064257,0.089765,0.080827,0.0,0.0,0.019303,0.0,0.0,0.029584,0.0,0.0,0.090063,0.0,0.0,0.0,0.0,0.0,0.0,0.024265,0.097697,0.0,0.0,0.089888,0.0,0.032375,0.010401,0.0253,0.0,0.033179,0.0,0.0,0.059843,0.034861,0.047694,0.097149,0.0,0.0,0.0,0.0,0.0,0.013278,0.047412,0.012859
2023-06-23,0.064348,0.089447,0.07952,0.0,0.0,0.019061,0.0,0.0,0.02943,0.0,0.0,0.090649,0.0,0.0,0.0,0.0,0.0,0.0,0.024278,0.099017,0.0,0.0,0.090072,0.0,0.032302,0.010307,0.025308,0.0,0.032581,0.0,0.0,0.060531,0.03525,0.047189,0.095293,0.0,0.0,0.0,0.0,0.0,0.01341,0.049036,0.012971
2023-06-26,0.064369,0.089552,0.079508,0.0,0.0,0.019136,0.0,0.0,0.029513,0.0,0.0,0.089729,0.0,0.0,0.0,0.0,0.0,0.0,0.024527,0.09905,0.0,0.0,0.09018,0.0,0.032065,0.010339,0.025089,0.0,0.032367,0.0,0.0,0.060627,0.035793,0.047138,0.096808,0.0,0.0,0.0,0.0,0.0,0.01345,0.047789,0.012973
2023-06-27,0.063961,0.089613,0.079062,0.0,0.0,0.019376,0.0,0.0,0.029299,0.0,0.0,0.09039,0.0,0.0,0.0,0.0,0.0,0.0,0.024642,0.101237,0.0,0.0,0.089603,0.0,0.032392,0.0106,0.025335,0.0,0.032549,0.0,0.0,0.059784,0.035594,0.04622,0.096155,0.0,0.0,0.0,0.0,0.0,0.013324,0.048012,0.012852
2023-06-28,0.0645,0.089785,0.080161,0.0,0.0,0.019274,0.0,0.0,0.029212,0.0,0.0,0.091045,0.0,0.0,0.0,0.0,0.0,0.0,0.02454,0.101263,0.0,0.0,0.089242,0.0,0.0325,0.010547,0.025535,0.0,0.032905,0.0,0.0,0.05981,0.035453,0.045824,0.0949,0.0,0.0,0.0,0.0,0.0,0.01337,0.047248,0.012887
2023-06-29,0.064632,0.089728,0.079826,0.0,0.0,0.018999,0.0,0.0,0.029056,0.0,0.0,0.09063,0.0,0.0,0.0,0.0,0.0,0.0,0.024869,0.101409,0.0,0.0,0.089233,0.0,0.032584,0.010559,0.025553,0.0,0.032866,0.0,0.0,0.059796,0.035279,0.045601,0.095044,0.0,0.0,0.0,0.0,0.0,0.01331,0.048128,0.012899
2023-06-30,0.079162,0.082186,0.044665,0.0,0.0,0.0,0.0,0.0,0.068831,0.045772,0.0,0.101917,0.0,0.0,0.0,0.0,0.0,0.0,0.0,0.101912,0.0,0.0,0.0,0.0,0.028543,0.028326,0.028559,0.0,0.028604,0.0,0.0,0.100237,0.014125,0.102128,0.0,0.0,0.0,0.0,0.032533,0.0,0.0,0.102201,0.010299
2023-07-03,0.078851,0.08148,0.044547,0.0,0.0,0.0,0.0,0.0,0.06924,0.046524,0.0,0.101679,0.0,0.0,0.0,0.0,0.0,0.0,0.0,0.100786,0.0,0.0,0.0,0.0,0.02832,0.028415,0.028248,0.0,0.02857,0.0,0.0,0.099778,0.014125,0.102703,0.0,0.0,0.0,0.0,0.032297,0.0,0.0,0.104198,0.01024
2023-07-04,0.078877,0.081477,0.044546,0.0,0.0,0.0,0.0,0.0,0.069237,0.046523,0.0,0.101676,0.0,0.0,0.0,0.0,0.0,0.0,0.0,0.100783,0.0,0.0,0.0,0.0,0.028319,0.028414,0.028247,0.0,0.028569,0.0,0.0,0.099775,0.014125,0.1027,0.0,0.0,0.0,0.0,0.032296,0.0,0.0,0.104194,0.010241
2023-07-05,0.079249,0.081028,0.044515,0.0,0.0,0.0,0.0,0.0,0.069029,0.046347,0.0,0.103232,0.0,0.0,0.0,0.0,0.0,0.0,0.0,0.100424,0.0,0.0,0.0,0.0,0.028358,0.027997,0.028455,0.0,0.028446,0.0,0.0,0.100177,0.014367,0.103139,0.0,0.0,0.0,0.0,0.032441,0.0,0.0,0.102475,0.010318
2023-07-06,0.078855,0.080568,0.044471,0.0,0.0,0.0,0.0,0.0,0.068262,0.046003,0.0,0.103679,0.0,0.0,0.0,0.0,0.0,0.0,0.0,0.098905,0.0,0.0,0.0,0.0,0.028631,0.027985,0.028505,0.0,0.028212,0.0,0.0,0.10111,0.014284,0.104313,0.0,0.0,0.0,0.0,0.032602,0.0,0.0,0.103167,0.010449
2023-07-07,0.079254,0.080871,0.044983,0.0,0.0,0.0,0.0,0.0,0.068459,0.046117,0.0,0.103028,0.0,0.0,0.0,0.0,0.0,0.0,0.0,0.098848,0.0,0.0,0.0,0.0,0.028428,0.027919,0.028368,0.0,0.028396,0.0,0.0,0.101587,0.014484,0.103731,0.0,0.0,0.0,0.0,0.032543,0.0,0.0,0.102565,0.010421
2023-07-10,0.078575,0.080784,0.044602,0.0,0.0,0.0,0.0,0.0,0.067963,0.045852,0.0,0.102038,0.0,0.0,0.0,0.0,0.0,0.0,0.0,0.100897,0.0,0.0,0.0,0.0,0.028302,0.028301,0.028656,0.0,0.028556,0.0,0.0,0.100953,0.014423,0.1031,0.0,0.0,0.0,0.0,0.032477,0.0,0.0,0.104172,0.01035
2023-07-11,0.078398,0.08107,0.044478,0.0,0.0,0.0,0.0,0.0,0.06847,0.046338,0.0,0.103073,0.0,0.0,0.0,0.0,0.0,0.0,0.0,0.100973,0.0,0.0,0.0,0.0,0.02816,0.028099,0.02887,0.0,0.02867,0.0,0.0,0.100607,0.014293,0.103378,0.0,0.0,0.0,0.0,0.032418,0.0,0.0,0.102428,0.010277
2023-07-12,0.078757,0.082014,0.044257,0.0,0.0,0.0,0.0,0.0,0.069333,0.047035,0.0,0.103088,0.0,0.0,0.0,0.0,0.0,0.0,0.0,0.102423,0.0,0.0,0.0,0.0,0.028143,0.028284,0.028685,0.0,0.028683,0.0,0.0,0.100763,0.014757,0.101295,0.0,0.0,0.0,0.0,0.032284,0.0,0.0,0.100044,0.010157
2023-07-13,0.078083,0.082077,0.044258,0.0,0.0,0.0,0.0,0.0,0.06931,0.046954,0.0,0.103063,0.0,0.0,0.0,0.0,0.0,0.0,0.0,0.101729,0.0,0.0,0.0,0.0,0.028091,0.028444,0.028731,0.0,0.028861,0.0,0.0,0.099353,0.014953,0.100466,0.0,0.0,0.0,0.0,0.032,0.0,0.0,0.103622,0.010004
2023-07-14,0.07891,0.082179,0.043989,0.0,0.0,0.0,0.0,0.0,0.069626,0.047384,0.0,0.102703,0.0,0.0,0.0,0.0,0.0,0.0,0.0,0.103586,0.0,0.0,0.0,0.0,0.028218,0.028257,0.028923,0.0,0.028587,0.0,0.0,0.099632,0.015096,0.102205,0.0,0.0,0.0,0.0,0.031958,0.0,0.0,0.098677,0.01007
2023-07-17,0.078785,0.082075,0.044016,0.0,0.0,0.0,0.0,0.0,0.070022,0.047645,0.0,0.102352,0.0,0.0,0.0,0.0,0.0,0.0,0.0,0.103253,0.0,0.0,0.0,0.0,0.028583,0.028938,0.029289,0.0,0.028951,0.0,0.0,0.099718,0.015052,0.101511,0.0,0.0,0.0,0.0,0.032022,0.0,0.0,0.097713,0.010074
2023-07-18,0.078739,0.082107,0.04438,0.0,0.0,0.0,0.0,0.0,0.069613,0.047245,0.0,0.102495,0.0,0.0,0.0,0.0,0.0,0.0,0.0,0.102992,0.0,0.0,0.0,0.0,0.02875,0.028834,0.029402,0.0,0.029132,0.0,0.0,0.100311,0.015101,0.102371,0.0,0.0,0.0,0.0,0.031937,0.0,0.0,0.096572,0.01002
2023-07-19,0.079092,0.081987,0.044329,0.0,0.0,0.0,0.0,0.0,0.068471,0.047029,0.0,0.102649,0.0,0.0,0.0,0.0,0.0,0.0,0.0,0.102822,0.0,0.0,0.0,0.0,0.028641,0.028454,0.029398,0.0,0.028911,0.0,0.0,0.100197,0.015154,0.10346,0.0,0.0,0.0,0.0,0.031921,0.0,0.0,0.097479,0.010008
2023-07-20,0.079756,0.082705,0.044292,0.0,0.0,0.0,0.0,0.0,0.068413,0.046827,0.0,0.101881,0.0,0.0,0.0,0.0,0.0,0.0,0.0,0.101364,0.0,0.0,0.0,0.0,0.028422,0.027765,0.02904,0.0,0.028483,0.0,0.0,0.100945,0.015066,0.105001,0.0,0.0,0.0,0.0,0.032181,0.0,0.0,0.097723,0.010135
2023-07-21,0.079734,0.083038,0.044266,0.0,0.0,0.0,0.0,0.0,0.068306,0.046873,0.0,0.10092,0.0,0.0,0.0,0.0,0.0,0.0,0.0,0.101782,0.0,0.0,0.0,0.0,0.028423,0.028031,0.029131,0.0,0.028312,0.0,0.0,0.10069,0.015001,0.104867,0.0,0.0,0.0,0.0,0.03228,0.0,0.0,0.098206,0.010141
2023-07-24,0.079761,0.082589,0.044314,0.0,0.0,0.0,0.0,0.0,0.069159,0.047758,0.0,0.101068,0.0,0.0,0.0,0.0,0.0,0.0,0.0,0.102367,0.0,0.0,0.0,0.0,0.028463,0.028019,0.029031,0.0,0.028087,0.0,0.0,0.100223,0.014836,0.106449,0.0,0.0,0.0,0.0,0.032213,0.0,0.0,0.095524,0.01014
2023-07-25,0.079494,0.082288,0.044125,0.0,0.0,0.0,0.0,0.0,0.069334,0.047917,0.0,0.10083,0.0,0.0,0.0,0.0,0.0,0.0,0.0,0.103222,0.0,0.0,0.0,0.0,0.028629,0.028333,0.02909,0.0,0.028262,0.0,0.0,0.100223,0.014945,0.105907,0.0,0.0,0.0,0.0,0.032013,0.0,0.0,0.095302,0.010085
2023-07-26,0.079238,0.082284,0.044215,0.0,0.0,0.0,0.0,0.0,0.069199,0.047563,0.0,0.102207,0.0,0.0,0.0,0.0,0.0,0.0,0.0,0.103114,0.0,0.0,0.0,0.0,0.028189,0.027887,0.028752,0.0,0.028391,0.0,0.0,0.100516,0.015108,0.105464,0.0,0.0,0.0,0.0,0.032078,0.0,0.0,0.095727,0.010067
2023-07-27,0.080277,0.082276,0.044831,0.0,0.0,0.0,0.0,0.0,0.068938,0.046981,0.0,0.103658,0.0,0.0,0.0,0.0,0.0,0.0,0.0,0.102739,0.0,0.0,0.0,0.0,0.02827,0.028576,0.028694,0.0,0.028282,0.0,0.0,0.099508,0.014664,0.105123,0.0,0.0,0.0,0.0,0.032007,0.0,0.0,0.095051,0.010126
2023-07-28,0.079508,0.082234,0.04468,0.0,0.0,0.0,0.0,0.0,0.069413,0.047379,0.0,0.104749,0.0,0.0,0.0,0.0,0.0,0.0,0.0,0.103124,0.0,0.0,0.0,0.0,0.028397,0.028937,0.028849,0.0,0.028124,0.0,0.0,0.099399,0.01467,0.103611,0.0,0.0,0.0,0.0,0.031901,0.0,0.0,0.094987,0.010036
2023-07-31,0.109843,0.017844,0.035637,0.0,0.0,0.0,0.109983,0.0,0.0,0.0,0.110049,0.109948,0.0,0.0,0.0,0.0,0.055086,0.068523,0.0,0.109664,0.0,0.0,0.0,0.0,0.030928,0.03031,0.030796,0.0,0.031035,0.0,0.0,0.0,0.0,0.038129,0.0,0.0,0.0,0.0,0.0,0.0,0.0,0.110071,0.002154
2023-08-01,0.109662,0.017732,0.035385,0.0,0.0,0.0,0.108391,0.0,0.0,0.0,0.109325,0.110333,0.0,0.0,0.0,0.0,0.055517,0.067876,0.0,0.110862,0.0,0.0,0.0,0.0,0.031129,0.030476,0.03096,0.0,0.030746,0.0,0.0,0.0,0.0,0.038365,0.0,0.0,0.0,0.0,0.0,0.0,0.0,0.111077,0.002165
2023-08-02,0.109876,0.017666,0.03523,0.0,0.0,0.0,0.10916,0.0,0.0,0.0,0.108946,0.109855,0.0,0.0,0.0,0.0,0.055744,0.068274,0.0,0.111248,0.0,0.0,0.0,0.0,0.030806,0.029741,0.030419,0.0,0.030091,0.0,0.0,0.0,0.0,0.038629,0.0,0.0,0.0,0.0,0.0,0.0,0.0,0.112118,0.002197
2023-08-03,0.110053,0.017723,0.035268,0.0,0.0,0.0,0.107546,0.0,0.0,0.0,0.109856,0.110232,0.0,0.0,0.0,0.0,0.055724,0.068208,0.0,0.110024,0.0,0.0,0.0,0.0,0.030864,0.029842,0.030402,0.0,0.030106,0.0,0.0,0.0,0.0,0.038556,0.0,0.0,0.0,0.0,0.0,0.0,0.0,0.113386,0.00221
2023-08-04,0.110718,0.017745,0.035589,0.0,0.0,0.0,0.106724,0.0,0.0,0.0,0.111395,0.109928,0.0,0.0,0.0,0.0,0.055357,0.067787,0.0,0.111536,0.0,0.0,0.0,0.0,0.030428,0.029779,0.030046,0.0,0.030058,0.0,0.0,0.0,0.0,0.038571,0.0,0.0,0.0,0.0,0.0,0.0,0.0,0.11213,0.00221
2023-08-07,0.1094,0.017806,0.035669,0.0,0.0,0.0,0.10594,0.0,0.0,0.0,0.111851,0.110951,0.0,0.0,0.0,0.0,0.055695,0.067753,0.0,0.112126,0.0,0.0,0.0,0.0,0.030327,0.029909,0.030053,0.0,0.029961,0.0,0.0,0.0,0.0,0.038247,0.0,0.0,0.0,0.0,0.0,0.0,0.0,0.112114,0.002197
2023-08-08,0.108892,0.01775,0.035431,0.0,0.0,0.0,0.10574,0.0,0.0,0.0,0.111202,0.110882,0.0,0.0,0.0,0.0,0.055562,0.067714,0.0,0.112169,0.0,0.0,0.0,0.0,0.030159,0.029497,0.029627,0.0,0.029493,0.0,0.0,0.0,0.0,0.038046,0.0,0.0,0.0,0.0,0.0,0.0,0.0,0.115634,0.002201
2023-08-09,0.110108,0.017959,0.035455,0.0,0.0,0.0,0.105908,0.0,0.0,0.0,0.110927,0.110733,0.0,0.0,0.0,0.0,0.056059,0.067644,0.0,0.112356,0.0,0.0,0.0,0.0,0.030053,0.029231,0.029565,0.0,0.029115,0.0,0.0,0.0,0.0,0.038336,0.0,0.0,0.0,0.0,0.0,0.0,0.0,0.114328,0.002222
2023-08-10,0.110888,0.018003,0.035556,0.0,0.0,0.0,0.10626,0.0,0.0,0.0,0.111038,0.110956,0.0,0.0,0.0,0.0,0.055826,0.067789,0.0,0.110977,0.0,0.0,0.0,0.0,0.030014,0.029072,0.029713,0.0,0.029129,0.0,0.0,0.0,0.0,0.038318,0.0,0.0,0.0,0.0,0.0,0.0,0.0,0.114242,0.00222
2023-08-11,0.110065,0.017942,0.035681,0.0,0.0,0.0,0.10607,0.0,0.0,0.0,0.111231,0.111,0.0,0.0,0.0,0.0,0.056207,0.0676,0.0,0.111448,0.0,0.0,0.0,0.0,0.029947,0.028514,0.029821,0.0,0.028971,0.0,0.0,0.0,0.0,0.038516,0.0,0.0,0.0,0.0,0.0,0.0,0.0,0.114757,0.002231
2023-08-14,0.110246,0.017882,0.035311,0.0,0.0,0.0,0.103804,0.0,0.0,0.0,0.111412,0.11165,0.0,0.0,0.0,0.0,0.056147,0.067726,0.0,0.112105,0.0,0.0,0.0,0.0,0.03038,0.029294,0.030166,0.0,0.029259,0.0,0.0,0.0,0.0,0.038173,0.0,0.0,0.0,0.0,0.0,0.0,0.0,0.114215,0.002229
2023-08-15,0.110482,0.017799,0.035225,0.0,0.0,0.0,0.103587,0.0,0.0,0.0,0.110811,0.111582,0.0,0.0,0.0,0.0,0.055893,0.06716,0.0,0.113838,0.0,0.0,0.0,0.0,0.030332,0.029045,0.030157,0.0,0.029171,0.0,0.0,0.0,0.0,0.038184,0.0,0.0,0.0,0.0,0.0,0.0,0.0,0.114485,0.002248
2023-08-16,0.111042,0.017851,0.0351,0.0,0.0,0.0,0.104181,0.0,0.0,0.0,0.110426,0.111245,0.0,0.0,0.0,0.0,0.056083,0.067152,0.0,0.112593,0.0,0.0,0.0,0.0,0.030314,0.02874,0.030168,0.0,0.028896,0.0,0.0,0.0,0.0,0.03873,0.0,0.0,0.0,0.0,0.0,0.0,0.0,0.115211,0.002268
2023-08-17,0.111969,0.018013,0.035575,0.0,0.0,0.0,0.105343,0.0,0.0,0.0,0.11049,0.111929,0.0,0.0,0.0,0.0,0.056602,0.067803,0.0,0.109683,0.0,0.0,0.0,0.0,0.030561,0.028967,0.030239,0.0,0.028922,0.0,0.0,0.0,0.0,0.039402,0.0,0.0,0.0,0.0,0.0,0.0,0.0,0.112194,0.002309
2023-08-18,0.111837,0.018101,0.0359,0.0,0.0,0.0,0.106807,0.0,0.0,0.0,0.110966,0.111994,0.0,0.0,0.0,0.0,0.057083,0.068636,0.0,0.110978,0.0,0.0,0.0,0.0,0.030809,0.029314,0.030563,0.0,0.029158,0.0,0.0,0.0,0.0,0.039979,0.0,0.0,0.0,0.0,0.0,0.0,0.0,0.105551,0.002324
2023-08-21,0.111786,0.01816,0.035844,0.0,0.0,0.0,0.105434,0.0,0.0,0.0,0.111972,0.112532,0.0,0.0,0.0,0.0,0.056876,0.068264,0.0,0.109822,0.0,0.0,0.0,0.0,0.031322,0.030084,0.03103,0.0,0.029408,0.0,0.0,0.0,0.0,0.039771,0.0,0.0,0.0,0.0,0.0,0.0,0.0,0.105375,0.002319
2023-08-22,0.112328,0.018066,0.035963,0.0,0.0,0.0,0.107603,0.0,0.0,0.0,0.11196,0.112357,0.0,0.0,0.0,0.0,0.056653,0.067646,0.0,0.110499,0.0,0.0,0.0,0.0,0.031238,0.029772,0.030957,0.0,0.029214,0.0,0.0,0.0,0.0,0.039467,0.0,0.0,0.0,0.0,0.0,0.0,0.0,0.10396,0.002316
2023-08-23,0.111267,0.017928,0.035862,0.0,0.0,0.0,0.109429,0.0,0.0,0.0,0.111068,0.112365,0.0,0.0,0.0,0.0,0.056329,0.067251,0.0,0.109986,0.0,0.0,0.0,0.0,0.031298,0.029899,0.030967,0.0,0.029358,0.0,0.0,0.0,0.0,0.039245,0.0,0.0,0.0,0.0,0.0,0.0,0.0,0.105468,0.002279
2023-08-24,0.112264,0.017942,0.035921,0.0,0.0,0.0,0.109878,0.0,0.0,0.0,0.110519,0.111849,0.0,0.0,0.0,0.0,0.056475,0.06763,0.0,0.109985,0.0,0.0,0.0,0.0,0.031032,0.029342,0.030716,0.0,0.029271,0.0,0.0,0.0,0.0,0.040166,0.0,0.0,0.0,0.0,0.0,0.0,0.0,0.104697,0.002313
2023-08-25,0.111729,0.018063,0.036092,0.0,0.0,0.0,0.10889,0.0,0.0,0.0,0.111705,0.111919,0.0,0.0,0.0,0.0,0.056925,0.067589,0.0,0.108746,0.0,0.0,0.0,0.0,0.031334,0.029456,0.03131,0.0,0.029406,0.0,0.0,0.0,0.0,0.04026,0.0,0.0,0.0,0.0,0.0,0.0,0.0,0.104261,0.002313
2023-08-28,0.110945,0.018125,0.036263,0.0,0.0,0.0,0.109439,0.0,0.0,0.0,0.111366,0.112494,0.0,0.0,0.0,0.0,0.056988,0.06738,0.0,0.108903,0.0,0.0,0.0,0.0,0.031369,0.029619,0.03124,0.0,0.029597,0.0,0.0,0.0,0.0,0.040366,0.0,0.0,0.0,0.0,0.0,0.0,0.0,0.103607,0.002297
2023-08-29,0.110766,0.017955,0.035666,0.0,0.0,0.0,0.108416,0.0,0.0,0.0,0.111498,0.112323,0.0,0.0,0.0,0.0,0.05609,0.066708,0.0,0.108916,0.0,0.0,0.0,0.0,0.031255,0.029692,0.031107,0.0,0.02944,0.0,0.0,0.0,0.0,0.039374,0.0,0.0,0.0,0.0,0.0,0.0,0.0,0.108549,0.002244
2023-08-30,0.111539,0.017938,0.035585,0.0,0.0,0.0,0.10732,0.0,0.0,0.0,0.111926,0.112287,0.0,0.0,0.0,0.0,0.056317,0.067039,0.0,0.110404,0.0,0.0,0.0,0.0,0.031476,0.029818,0.03137,0.0,0.02967,0.0,0.0,0.0,0.0,0.039446,0.0,0.0,0.0,0.0,0.0,0.0,0.0,0.105621,0.002243
2023-08-31,0.100542,0.0,0.0,0.0,0.0,0.0,0.100939,0.097703,0.0,0.01558,0.057427,0.100808,0.0,0.0,0.0,0.018148,0.056446,0.05648,0.0,0.101031,0.0,0.0,0.033261,0.0,0.03247,0.030229,0.032336,0.0,0.014785,0.0,0.0,0.0,0.0,0.100953,0.0,0.0,0.0,0.0,0.0,0.0,0.0,0.036075,0.014788
2023-09-01,0.10021,0.0,0.0,0.0,0.0,0.0,0.10253,0.097979,0.0,0.015717,0.056889,0.099541,0.0,0.0,0.0,0.018534,0.056556,0.056438,0.0,0.102157,0.0,0.0,0.032869,0.0,0.032462,0.030208,0.03238,0.0,0.014736,0.0,0.0,0.0,0.0,0.100806,0.0,0.0,0.0,0.0,0.0,0.0,0.0,0.035247,0.01474
2023-09-04,0.100189,0.0,0.0,0.0,0.0,0.0,0.102532,0.097981,0.0,0.015718,0.05689,0.099542,0.0,0.0,0.0,0.018535,0.056557,0.056439,0.0,0.102159,0.0,0.0,0.032869,0.0,0.032463,0.030208,0.03238,0.0,0.014736,0.0,0.0,0.0,0.0,0.100807,0.0,0.0,0.0,0.0,0.0,0.0,0.0,0.035248,0.014747
2023-09-05,0.100623,0.0,0.0,0.0,0.0,0.0,0.102384,0.098964,0.0,0.015723,0.057359,0.100277,0.0,0.0,0.0,0.01857,0.056025,0.055622,0.0,0.098211,0.0,0.0,0.032832,0.0,0.032824,0.030426,0.032783,0.0,0.014764,0.0,0.0,0.0,0.0,0.102219,0.0,0.0,0.0,0.0,0.0,0.0,0.0,0.03554,0.014857
2023-09-06,0.100127,0.0,0.0,0.0,0.0,0.0,0.101456,0.09894,0.0,0.015597,0.057067,0.100346,0.0,0.0,0.0,0.018636,0.055997,0.055381,0.0,0.099603,0.0,0.0,0.032921,0.0,0.032602,0.030322,0.032955,0.0,0.014753,0.0,0.0,0.0,0.0,0.102704,0.0,0.0,0.0,0.0,0.0,0.0,0.0,0.035676,0.014916
2023-09-07,0.100167,0.0,0.0,0.0,0.0,0.0,0.099707,0.100021,0.0,0.015563,0.057358,0.100397,0.0,0.0,0.0,0.018678,0.055942,0.055257,0.0,0.100578,0.0,0.0,0.033075,0.0,0.032204,0.029696,0.032953,0.0,0.014614,0.0,0.0,0.0,0.0,0.102753,0.0,0.0,0.0,0.0,0.0,0.0,0.0,0.036084,0.014954
2023-09-08,0.100275,0.0,0.0,0.0,0.0,0.0,0.100867,0.100848,0.0,0.01554,0.057229,0.10047,0.0,0.0,0.0,0.01885,0.055537,0.055103,0.0,0.099902,0.0,0.0,0.033042,0.0,0.032199,0.029476,0.032939,0.0,0.014425,0.0,0.0,0.0,0.0,0.102288,0.0,0.0,0.0,0.0,0.0,0.0,0.0,0.036084,0.014926
2023-09-11,0.099737,0.0,0.0,0.0,0.0,0.0,0.102531,0.101036,0.0,0.015665,0.058308,0.101187,0.0,0.0,0.0,0.018335,0.055118,0.055051,0.0,0.099846,0.0,0.0,0.033067,0.0,0.032113,0.029228,0.032946,0.0,0.014362,0.0,0.0,0.0,0.0,0.102229,0.0,0.0,0.0,0.0,0.0,0.0,0.0,0.034431,0.014809
2023-09-12,0.100225,0.0,0.0,0.0,0.0,0.0,0.103452,0.10066,0.0,0.015553,0.058076,0.100643,0.0,0.0,0.0,0.018874,0.055201,0.054952,0.0,0.098191,0.0,0.0,0.032952,0.0,0.031692,0.029128,0.032161,0.0,0.014341,0.0,0.0,0.0,0.0,0.102894,0.0,0.0,0.0,0.0,0.0,0.0,0.0,0.03612,0.014886
2023-09-13,0.100095,0.0,0.0,0.0,0.0,0.0,0.104492,0.100665,0.0,0.015541,0.058474,0.100865,0.0,0.0,0.0,0.018636,0.054776,0.054775,0.0,0.097051,0.0,0.0,0.033018,0.0,0.031738,0.029247,0.032195,0.0,0.014237,0.0,0.0,0.0,0.0,0.103111,0.0,0.0,0.0,0.0,0.0,0.0,0.0,0.036216,0.01487
2023-09-14,0.09975,0.0,0.0,0.0,0.0,0.0,0.10541,0.099978,0.0,0.015588,0.058464,0.101258,0.0,0.0,0.0,0.018543,0.054768,0.054759,0.0,0.09757,0.0,0.0,0.033023,0.0,0.031652,0.029164,0.032033,0.0,0.014184,0.0,0.0,0.0,0.0,0.102552,0.0,0.0,0.0,0.0,0.0,0.0,0.0,0.036578,0.014726
2023-09-15,0.100253,0.0,0.0,0.0,0.0,0.0,0.105946,0.100632,0.0,0.015806,0.058006,0.100855,0.0,0.0,0.0,0.018399,0.054966,0.055018,0.0,0.095728,0.0,0.0,0.033059,0.0,0.031337,0.02859,0.031725,0.0,0.014112,0.0,0.0,0.0,0.0,0.104126,0.0,0.0,0.0,0.0,0.0,0.0,0.0,0.036574,0.014867
2023-09-18,0.100051,0.0,0.0,0.0,0.0,0.0,0.10602,0.100814,0.0,0.015849,0.057416,0.100997,0.0,0.0,0.0,0.018417,0.055065,0.054509,0.0,0.096195,0.0,0.0,0.033071,0.0,0.031509,0.028708,0.031735,0.0,0.014172,0.0,0.0,0.0,0.0,0.103453,0.0,0.0,0.0,0.0,0.0,0.0,0.0,0.037139,0.01488
2023-09-19,0.09965,0.0,0.0,0.0,0.0,0.0,0.105487,0.100617,0.0,0.01571,0.057231,0.101255,0.0,0.0,0.0,0.018247,0.054933,0.054583,0.0,0.096523,0.0,0.0,0.033052,0.0,0.03155,0.028517,0.031753,0.0,0.01412,0.0,0.0,0.0,0.0,0.104061,0.0,0.0,0.0,0.0,0.0,0.0,0.0,0.0378,0.014911
2023-09-20,0.100772,0.0,0.0,0.0,0.0,0.0,0.106795,0.100806,0.0,0.01567,0.05692,0.10033,0.0,0.0,0.0,0.018049,0.054967,0.054624,0.0,0.096051,0.0,0.0,0.033235,0.0,0.031196,0.028177,0.031611,0.0,0.014028,0.0,0.0,0.0,0.0,0.104254,0.0,0.0,0.0,0.0,0.0,0.0,0.0,0.037538,0.014977
2023-09-21,0.100541,0.0,0.0,0.0,0.0,0.0,0.105183,0.101769,0.0,0.015552,0.056436,0.101007,0.0,0.0,0.0,0.018184,0.055111,0.054924,0.0,0.09507,0.0,0.0,0.033441,0.0,0.031313,0.028191,0.031463,0.0,0.01394,0.0,0.0,0.0,0.0,0.104784,0.0,0.0,0.0,0.0,0.0,0.0,0.0,0.037821,0.015271
2023-09-22,0.100572,0.0,0.0,0.0,0.0,0.0,0.105216,0.101967,0.0,0.015649,0.055952,0.101012,0.0,0.0,0.0,0.018154,0.054992,0.054637,0.0,0.095336,0.0,0.0,0.033303,0.0,0.03142,0.028462,0.031557,0.0,0.01402,0.0,0.0,0.0,0.0,0.104726,0.0,0.0,0.0,0.0,0.0,0.0,0.0,0.03773,0.015295
2023-09-25,0.099875,0.0,0.0,0.0,0.0,0.0,0.104627,0.102296,0.0,0.0156,0.056288,0.101244,0.0,0.0,0.0,0.018485,0.05526,0.054904,0.0,0.095539,0.0,0.0,0.033179,0.0,0.031517,0.028666,0.031546,0.0,0.014047,0.0,0.0,0.0,0.0,0.104184,0.0,0.0,0.0,0.0,0.0,0.0,0.0,0.037448,0.015295
2023-09-26,0.100152,0.0,0.0,0.0,0.0,0.0,0.103964,0.102833,0.0,0.015291,0.055941,0.101349,0.0,0.0,0.0,0.018631,0.055085,0.05461,0.0,0.095304,0.0,0.0,0.033337,0.0,0.031329,0.028491,0.031426,0.0,0.013931,0.0,0.0,0.0,0.0,0.105075,0.0,0.0,0.0,0.0,0.0,0.0,0.0,0.037767,0.015483
2023-09-27,0.099851,0.0,0.0,0.0,0.0,0.0,0.102644,0.103403,0.0,0.015288,0.055696,0.101559,0.0,0.0,0.0,0.019172,0.055465,0.054642,0.0,0.095485,0.0,0.0,0.033045,0.0,0.03136,0.028727,0.031621,0.0,0.01409,0.0,0.0,0.0,0.0,0.104727,0.0,0.0,0.0,0.0,0.0,0.0,0.0,0.037747,0.015477
2023-09-28,0.09956,0.0,0.0,0.0,0.0,0.0,0.103046,0.101663,0.0,0.015288,0.055796,0.101728,0.0,0.0,0.0,0.019097,0.055184,0.054885,0.0,0.096177,0.0,0.0,0.032839,0.0,0.03129,0.028988,0.031567,0.0,0.014131,0.0,0.0,0.0,0.0,0.104668,0.0,0.0,0.0,0.0,0.0,0.0,0.0,0.038757,0.015336
2023-09-29,0.089027,0.0,0.0,0.0,0.0,0.0,0.087091,0.089048,0.0,0.0,0.088843,0.089028,0.0,0.0,0.012517,0.086789,0.045518,0.054195,0.0,0.088645,0.0,0.0,0.0,0.0,0.027861,0.028016,0.0282,0.014839,0.0,0.0,0.0,0.027048,0.071969,0.051344,0.0,0.0,0.0,0.0,0.0,0.0,0.0,0.015266,0.004757
2023-10-02,0.089142,0.0,0.0,0.0,0.0,0.0,0.086119,0.089791,0.0,0.0,0.089676,0.090462,0.0,0.0,0.012373,0.084614,0.04546,0.054164,0.0,0.088504,0.0,0.0,0.0,0.0,0.028401,0.028399,0.028599,0.015012,0.0,0.0,0.0,0.026993,0.069302,0.052195,0.0,0.0,0.0,0.0,0.0,0.0,0.0,0.015995,0.0048
2023-10-03,0.088907,0.0,0.0,0.0,0.0,0.0,0.084729,0.090625,0.0,0.0,0.088829,0.090605,0.0,0.0,0.012553,0.085581,0.045832,0.054475,0.0,0.087114,0.0,0.0,0.0,0.0,0.028346,0.028235,0.028307,0.01496,0.0,0.0,0.0,0.027326,0.070432,0.052476,0.0,0.0,0.0,0.0,0.0,0.0,0.0,0.015795,0.004873
2023-10-04,0.088992,0.0,0.0,0.0,0.0,0.0,0.084801,0.09032,0.0,0.0,0.090441,0.091325,0.0,0.0,0.01214,0.082054,0.045908,0.054607,0.0,0.088215,0.0,0.0,0.0,0.0,0.028655,0.028566,0.02872,0.014974,0.0,0.0,0.0,0.02728,0.069853,0.052272,0.0,0.0,0.0,0.0,0.0,0.0,0.0,0.01601,0.004866
2023-10-05,0.089286,0.0,0.0,0.0,0.0,0.0,0.084591,0.091035,0.0,0.0,0.090107,0.091319,0.0,0.0,0.012081,0.082262,0.045696,0.054464,0.0,0.087867,0.0,0.0,0.0,0.0,0.02873,0.028465,0.028722,0.014946,0.0,0.0,0.0,0.027266,0.069727,0.052635,0.0,0.0,0.0,0.0,0.0,0.0,0.0,0.015928,0.004873
2023-10-06,0.089117,0.0,0.0,0.0,0.0,0.0,0.08423,0.090729,0.0,0.0,0.089582,0.091815,0.0,0.0,0.011998,0.082696,0.045731,0.054315,0.0,0.087146,0.0,0.0,0.0,0.0,0.028895,0.028705,0.029122,0.015142,0.0,0.0,0.0,0.027057,0.070554,0.052303,0.0,0.0,0.0,0.0,0.0,0.0,0.0,0.016051,0.004813
2023-10-09,0.088553,0.0,0.0,0.0,0.0,0.0,0.084733,0.088934,0.0,0.0,0.08888,0.091977,0.0,0.0,0.012288,0.085363,0.046034,0.053893,0.0,0.087321,0.0,0.0,0.0,0.0,0.028786,0.028379,0.029055,0.015151,0.0,0.0,0.0,0.027309,0.071096,0.051814,0.0,0.0,0.0,0.0,0.0,0.0,0.0,0.015663,0.00477
2023-10-10,0.089483,0.0,0.0,0.0,0.0,0.0,0.086289,0.089141,0.0,0.0,0.089052,0.091684,0.0,0.0,0.012194,0.084859,0.045901,0.054068,0.0,0.087608,0.0,0.0,0.0,0.0,0.028573,0.028487,0.02893,0.015117,0.0,0.0,0.0,0.02702,0.070182,0.051305,0.0,0.0,0.0,0.0,0.0,0.0,0.0,0.01538,0.004728
2023-10-11,0.088947,0.0,0.0,0.0,0.0,0.0,0.086355,0.089011,0.0,0.0,0.08906,0.092198,0.0,0.0,0.011995,0.084425,0.046017,0.054014,0.0,0.088299,0.0,0.0,0.0,0.0,0.028738,0.028601,0.028991,0.015116,0.0,0.0,0.0,0.027123,0.070638,0.050794,0.0,0.0,0.0,0.0,0.0,0.0,0.0,0.014964,0.004712
2023-10-12,0.08997,0.0,0.0,0.0,0.0,0.0,0.085501,0.089191,0.0,0.0,0.088983,0.092036,0.0,0.0,0.012131,0.085312,0.046062,0.053921,0.0,0.085076,0.0,0.0,0.0,0.0,0.029057,0.028966,0.029164,0.015103,0.0,0.0,0.0,0.027315,0.070578,0.05179,0.0,0.0,0.0,0.0,0.0,0.0,0.0,0.015082,0.004761
2023-10-13,0.088979,0.0,0.0,0.0,0.0,0.0,0.085732,0.089417,0.0,0.0,0.087621,0.090948,0.0,0.0,0.01239,0.087058,0.045626,0.052961,0.0,0.085159,0.0,0.0,0.0,0.0,0.028623,0.02816,0.028826,0.015019,0.0,0.0,0.0,0.028176,0.073432,0.051997,0.0,0.0,0.0,0.0,0.0,0.0,0.0,0.015117,0.004759
2023-10-16,0.088779,0.0,0.0,0.0,0.0,0.0,0.086339,0.089067,0.0,0.0,0.088094,0.091433,0.0,0.0,0.012341,0.087006,0.045622,0.053323,0.0,0.085004,0.0,0.0,0.0,0.0,0.028592,0.028256,0.028848,0.015102,0.0,0.0,0.0,0.027742,0.072304,0.051494,0.0,0.0,0.0,0.0,0.0,0.0,0.0,0.015946,0.00471
2023-10-17,0.088607,0.0,0.0,0.0,0.0,0.0,0.085714,0.088818,0.0,0.0,0.088035,0.091478,0.0,0.0,0.012432,0.087766,0.045625,0.053432,0.0,0.084892,0.0,0.0,0.0,0.0,0.028373,0.027965,0.028907,0.015063,0.0,0.0,0.0,0.027709,0.072922,0.051645,0.0,0.0,0.0,0.0,0.0,0.0,0.0,0.015919,0.004695
2023-10-18,0.088777,0.0,0.0,0.0,0.0,0.0,0.085292,0.08883,0.0,0.0,0.087051,0.091031,0.0,0.0,0.012703,0.089538,0.045084,0.052351,0.0,0.083628,0.0,0.0,0.0,0.0,0.028435,0.027807,0.02883,0.015096,0.0,0.0,0.0,0.028464,0.073946,0.052439,0.0,0.0,0.0,0.0,0.0,0.0,0.0,0.015942,0.004755
2023-10-19,0.088583,0.0,0.0,0.0,0.0,0.0,0.085674,0.089481,0.0,0.0,0.085236,0.091375,0.0,0.0,0.012742,0.089799,0.044883,0.052262,0.0,0.082492,0.0,0.0,0.0,0.0,0.028409,0.02751,0.028788,0.014989,0.0,0.0,0.0,0.028952,0.07487,0.052812,0.0,0.0,0.0,0.0,0.0,0.0,0.0,0.016365,0.004779
2023-10-20,0.087797,0.0,0.0,0.0,0.0,0.0,0.085904,0.089487,0.0,0.0,0.084588,0.091259,0.0,0.0,0.012629,0.088997,0.044777,0.052804,0.0,0.08255,0.0,0.0,0.0,0.0,0.028153,0.02733,0.028286,0.014789,0.0,0.0,0.0,0.029265,0.076508,0.053115,0.0,0.0,0.0,0.0,0.0,0.0,0.0,0.016945,0.004817
2023-10-23,0.088126,0.0,0.0,0.0,0.0,0.0,0.085765,0.088998,0.0,0.0,0.08492,0.09199,0.0,0.0,0.012459,0.087938,0.04469,0.052295,0.0,0.083371,0.0,0.0,0.0,0.0,0.028263,0.027249,0.028365,0.01472,0.0,0.0,0.0,0.029246,0.075463,0.053284,0.0,0.0,0.0,0.0,0.0,0.0,0.0,0.018027,0.004833
2023-10-24,0.087742,0.0,0.0,0.0,0.0,0.0,0.086551,0.08883,0.0,0.0,0.085409,0.092625,0.0,0.0,0.012224,0.08682,0.044808,0.052079,0.0,0.082636,0.0,0.0,0.0,0.0,0.028319,0.027485,0.028485,0.014856,0.0,0.0,0.0,0.029101,0.07499,0.052978,0.0,0.0,0.0,0.0,0.0,0.0,0.0,0.019251,0.004809
2023-10-25,0.088593,0.0,0.0,0.0,0.0,0.0,0.086831,0.089012,0.0,0.0,0.084825,0.089822,0.0,0.0,0.012368,0.087865,0.044836,0.051723,0.0,0.082412,0.0,0.0,0.0,0.0,0.028367,0.026733,0.028099,0.014688,0.0,0.0,0.0,0.029621,0.075723,0.053455,0.0,0.0,0.0,0.0,0.0,0.0,0.0,0.02015,0.004876
2023-10-26,0.087973,0.0,0.0,0.0,0.0,0.0,0.089075,0.088528,0.0,0.0,0.084056,0.088451,0.0,0.0,0.012354,0.08804,0.044945,0.050929,0.0,0.083856,0.0,0.0,0.0,0.0,0.02801,0.026751,0.027999,0.014692,0.0,0.0,0.0,0.029866,0.0759,0.05391,0.0,0.0,0.0,0.0,0.0,0.0,0.0,0.019758,0.004909
2023-10-27,0.087876,0.0,0.0,0.0,0.0,0.0,0.087555,0.089122,0.0,0.0,0.085048,0.088246,0.0,0.0,0.012073,0.086984,0.044607,0.050443,0.0,0.083571,0.0,0.0,0.0,0.0,0.02821,0.027075,0.028024,0.014728,0.0,0.0,0.0,0.030253,0.077203,0.054475,0.0,0.0,0.0,0.0,0.0,0.0,0.0,0.019589,0.004917
2023-10-30,0.087584,0.0,0.0,0.0,0.0,0.0,0.085893,0.089408,0.0,0.0,0.085367,0.089582,0.0,0.0,0.012048,0.086217,0.04492,0.051405,0.0,0.083772,0.0,0.0,0.0,0.0,0.02836,0.026569,0.028244,0.014673,0.0,0.0,0.0,0.029921,0.077369,0.053814,0.0,0.0,0.0,0.0,0.0,0.0,0.0,0.019963,0.004891
2023-10-31,0.060992,0.0,0.041201,0.0,0.0,0.0,0.076134,0.076277,0.0,0.0,0.071885,0.076099,0.024301,0.0,0.040591,0.045005,0.031951,0.0,0.0,0.075854,0.0,0.0,0.0,0.0,0.024711,0.010004,0.02481,0.02464,0.0,0.0,0.0,0.0,0.0,0.076233,0.0,0.0,0.0,0.04936,0.076246,0.0,0.052339,0.036767,0.004601
2023-11-01,0.060833,0.0,0.041435,0.0,0.0,0.0,0.077527,0.075697,0.0,0.0,0.071953,0.076347,0.024183,0.0,0.040039,0.044415,0.031694,0.0,0.0,0.077632,0.0,0.0,0.0,0.0,0.024905,0.010124,0.024733,0.024379,0.0,0.0,0.0,0.0,0.0,0.075271,0.0,0.0,0.0,0.049229,0.076106,0.0,0.05243,0.036519,0.00455
2023-11-02,0.061064,0.0,0.041356,0.0,0.0,0.0,0.078321,0.075076,0.0,0.0,0.072508,0.075971,0.02431,0.0,0.04051,0.04475,0.031766,0.0,0.0,0.078844,0.0,0.0,0.0,0.0,0.024872,0.010168,0.024713,0.024161,0.0,0.0,0.0,0.0,0.0,0.074795,0.0,0.0,0.0,0.048566,0.075582,0.0,0.052005,0.036192,0.004469
2023-11-03,0.061455,0.0,0.041637,0.0,0.0,0.0,0.078402,0.074847,0.0,0.0,0.072771,0.076343,0.024378,0.0,0.039691,0.043966,0.031718,0.0,0.0,0.080553,0.0,0.0,0.0,0.0,0.02487,0.010328,0.024717,0.024221,0.0,0.0,0.0,0.0,0.0,0.07456,0.0,0.0,0.0,0.048313,0.075537,0.0,0.051975,0.035294,0.004423
2023-11-06,0.061513,0.0,0.041233,0.0,0.0,0.0,0.078952,0.075158,0.0,0.0,0.073099,0.076387,0.024385,0.0,0.03937,0.042934,0.031736,0.0,0.0,0.079949,0.0,0.0,0.0,0.0,0.025115,0.010343,0.024739,0.024135,0.0,0.0,0.0,0.0,0.0,0.075002,0.0,0.0,0.0,0.048344,0.075476,0.0,0.051713,0.035977,0.004439
2023-11-07,0.061479,0.0,0.040789,0.0,0.0,0.0,0.079365,0.07507,0.0,0.0,0.073794,0.07667,0.024309,0.0,0.038434,0.04165,0.031606,0.0,0.0,0.080812,0.0,0.0,0.0,0.0,0.025348,0.010391,0.025198,0.02442,0.0,0.0,0.0,0.0,0.0,0.07388,0.0,0.0,0.0,0.048395,0.075363,0.0,0.051803,0.03679,0.004433
2023-11-08,0.061499,0.0,0.040217,0.0,0.0,0.0,0.078922,0.075462,0.0,0.0,0.073782,0.076498,0.024399,0.0,0.038047,0.040857,0.031757,0.0,0.0,0.080974,0.0,0.0,0.0,0.0,0.025555,0.010428,0.025432,0.02446,0.0,0.0,0.0,0.0,0.0,0.074399,0.0,0.0,0.0,0.048623,0.075593,0.0,0.052033,0.036618,0.004444
2023-11-09,0.062099,0.0,0.040587,0.0,0.0,0.0,0.078895,0.075343,0.0,0.0,0.072767,0.076858,0.024419,0.0,0.038122,0.040773,0.031847,0.0,0.0,0.080258,0.0,0.0,0.0,0.0,0.025563,0.01043,0.025342,0.024485,0.0,0.0,0.0,0.0,0.0,0.074334,0.0,0.0,0.0,0.048455,0.075499,0.0,0.051759,0.0377,0.004467
2023-11-10,0.061036,0.0,0.040519,0.0,0.0,0.0,0.079453,0.075255,0.0,0.0,0.073144,0.077199,0.024418,0.0,0.038108,0.040762,0.031943,0.0,0.0,0.081115,0.0,0.0,0.0,0.0,0.025936,0.010728,0.025681,0.024665,0.0,0.0,0.0,0.0,0.0,0.073198,0.0,0.0,0.0,0.047928,0.075014,0.0,0.0514,0.038084,0.004416
2023-11-13,0.061582,0.0,0.040477,0.0,0.0,0.0,0.07924,0.075097,0.0,0.0,0.073418,0.076989,0.024369,0.0,0.038362,0.041065,0.031954,0.0,0.0,0.080687,0.0,0.0,0.0,0.0,0.02577,0.010618,0.025694,0.024732,0.0,0.0,0.0,0.0,0.0,0.074221,0.0,0.0,0.0,0.04787,0.074903,0.0,0.051099,0.037438,0.004415
2023-11-14,0.061736,0.0,0.040506,0.0,0.0,0.0,0.080278,0.074783,0.0,0.0,0.074467,0.076772,0.024363,0.0,0.037979,0.040962,0.031984,0.0,0.0,0.084073,0.0,0.0,0.0,0.0,0.025793,0.010804,0.025903,0.025031,0.0,0.0,0.0,0.0,0.0,0.072471,0.0,0.0,0.0,0.047357,0.074243,0.0,0.051012,0.03515,0.004333
2023-11-15,0.061828,0.0,0.040118,0.0,0.0,0.0,0.080633,0.07439,0.0,0.0,0.074395,0.076982,0.024445,0.0,0.037825,0.04092,0.031982,0.0,0.0,0.083408,0.0,0.0,0.0,0.0,0.02577,0.010859,0.025703,0.024926,0.0,0.0,0.0,0.0,0.0,0.072445,0.0,0.0,0.0,0.047052,0.073845,0.0,0.050586,0.037566,0.004324
2023-11-16,0.061717,0.0,0.04042,0.0,0.0,0.0,0.081132,0.074761,0.0,0.0,0.073934,0.07764,0.024644,0.0,0.037239,0.039902,0.032119,0.0,0.0,0.08372,0.0,0.0,0.0,0.0,0.026004,0.010909,0.025819,0.024679,0.0,0.0,0.0,0.0,0.0,0.072186,0.0,0.0,0.0,0.047417,0.074247,0.0,0.051214,0.035953,0.004343
2023-11-17,0.061773,0.0,0.040853,0.0,0.0,0.0,0.080307,0.074515,0.0,0.0,0.074067,0.077253,0.024651,0.0,0.037836,0.040583,0.032167,0.0,0.0,0.083865,0.0,0.0,0.0,0.0,0.025825,0.010932,0.025777,0.024834,0.0,0.0,0.0,0.0,0.0,0.071706,0.0,0.0,0.0,0.047237,0.074055,0.0,0.051129,0.036312,0.004323
2023-11-20,0.061728,0.0,0.040577,0.0,0.0,0.0,0.081347,0.074,0.0,0.0,0.073934,0.077584,0.024579,0.0,0.037628,0.040366,0.032042,0.0,0.0,0.083622,0.0,0.0,0.0,0.0,0.026018,0.011017,0.025992,0.024924,0.0,0.0,0.0,0.0,0.0,0.071404,0.0,0.0,0.0,0.04705,0.073622,0.0,0.051096,0.037179,0.004293
2023-11-21,0.061944,0.0,0.040569,0.0,0.0,0.0,0.080786,0.07431,0.0,0.0,0.074038,0.077628,0.024662,0.0,0.037693,0.040164,0.032145,0.0,0.0,0.083009,0.0,0.0,0.0,0.0,0.02591,0.010854,0.026085,0.025044,0.0,0.0,0.0,0.0,0.0,0.071818,0.0,0.0,0.0,0.047137,0.074014,0.0,0.051299,0.036578,0.004311
2023-11-22,0.061964,0.0,0.040699,0.0,0.0,0.0,0.080468,0.07433,0.0,0.0,0.074036,0.078027,0.024685,0.0,0.03756,0.040062,0.032116,0.0,0.0,0.083121,0.0,0.0,0.0,0.0,0.025946,0.010855,0.026,0.024947,0.0,0.0,0.0,0.0,0.0,0.071243,0.0,0.0,0.0,0.047038,0.073916,0.0,0.051396,0.037291,0.004298
2023-11-23,0.062079,0.0,0.040694,0.0,0.0,0.0,0.080458,0.074321,0.0,0.0,0.074027,0.078017,0.024682,0.0,0.037555,0.040057,0.032112,0.0,0.0,0.083111,0.0,0.0,0.0,0.0,0.025943,0.010854,0.025997,0.024944,0.0,0.0,0.0,0.0,0.0,0.071235,0.0,0.0,0.0,0.047033,0.073906,0.0,0.051389,0.037287,0.004299
2023-11-24,0.062132,0.0,0.040783,0.0,0.0,0.0,0.080504,0.074308,0.0,0.0,0.074118,0.077776,0.024766,0.0,0.037721,0.04025,0.0322,0.0,0.0,0.083432,0.0,0.0,0.0,0.0,0.025899,0.010865,0.026089,0.025141,0.0,0.0,0.0,0.0,0.0,0.070189,0.0,0.0,0.0,0.046848,0.073848,0.0,0.051301,0.037533,0.0043
2023-11-27,0.062219,0.0,0.040879,0.0,0.0,0.0,0.08071,0.074377,0.0,0.0,0.074471,0.077537,0.02476,0.0,0.037706,0.040029,0.032119,0.0,0.0,0.083424,0.0,0.0,0.0,0.0,0.02598,0.010884,0.02616,0.025231,0.0,0.0,0.0,0.0,0.0,0.069924,0.0,0.0,0.0,0.047149,0.074189,0.0,0.051686,0.036252,0.004315
2023-11-28,0.062093,0.0,0.040652,0.0,0.0,0.0,0.081155,0.074633,0.0,0.0,0.074496,0.077305,0.024619,0.0,0.037512,0.039704,0.03187,0.0,0.0,0.082447,0.0,0.0,0.0,0.0,0.025889,0.010762,0.026169,0.025162,0.0,0.0,0.0,0.0,0.0,0.070675,0.0,0.0,0.0,0.047078,0.074114,0.0,0.051673,0.037703,0.004291
2023-11-29,0.061955,0.0,0.040579,0.0,0.0,0.0,0.080303,0.0748,0.0,0.0,0.074232,0.076683,0.024773,0.0,0.037202,0.039521,0.031965,0.0,0.0,0.083117,0.0,0.0,0.0,0.0,0.025887,0.01087,0.026567,0.025603,0.0,0.0,0.0,0.0,0.0,0.071066,0.0,0.0,0.0,0.047228,0.074454,0.0,0.052039,0.036869,0.004288
2023-11-30,0.040963,0.0,0.048766,0.0,0.0,0.0,0.072054,0.072033,0.0,0.0,0.028765,0.071738,0.039458,0.028423,0.038476,0.042424,0.0,0.0,0.0,0.0,0.0,0.0,0.0,0.0,0.021988,0.013164,0.022269,0.021982,0.0,0.0,0.0,0.071043,0.0,0.072117,0.0,0.0,0.0,0.071614,0.071825,0.0,0.07197,0.072184,0.006743
2023-12-01,0.040892,0.0,0.048746,0.0,0.0,0.0,0.072201,0.071908,0.0,0.0,0.02887,0.07117,0.039361,0.029321,0.038294,0.042339,0.0,0.0,0.0,0.0,0.0,0.0,0.0,0.0,0.02182,0.013095,0.022355,0.022027,0.0,0.0,0.0,0.071555,0.0,0.07057,0.0,0.0,0.0,0.071268,0.071703,0.0,0.072351,0.073479,0.006677
2023-12-04,0.040673,0.0,0.048036,0.0,0.0,0.0,0.070631,0.072637,0.0,0.0,0.028779,0.070503,0.039343,0.029702,0.038142,0.041857,0.0,0.0,0.0,0.0,0.0,0.0,0.0,0.0,0.021568,0.012956,0.022093,0.022203,0.0,0.0,0.0,0.070053,0.0,0.070487,0.0,0.0,0.0,0.071016,0.071569,0.0,0.071897,0.079173,0.006681
2023-12-05,0.040663,0.0,0.04772,0.0,0.0,0.0,0.070615,0.073091,0.0,0.0,0.028746,0.069973,0.039034,0.029212,0.037367,0.040819,0.0,0.0,0.0,0.0,0.0,0.0,0.0,0.0,0.021635,0.012845,0.022025,0.022043,0.0,0.0,0.0,0.069586,0.0,0.070378,0.0,0.0,0.0,0.071194,0.071428,0.0,0.072104,0.082862,0.006662
2023-12-06,0.040809,0.0,0.048365,0.0,0.0,0.0,0.070618,0.07342,0.0,0.0,0.028875,0.070001,0.038955,0.029294,0.036921,0.039839,0.0,0.0,0.0,0.0,0.0,0.0,0.0,0.0,0.021516,0.012805,0.021864,0.022087,0.0,0.0,0.0,0.070053,0.0,0.069115,0.0,0.0,0.0,0.071483,0.071653,0.0,0.072722,0.082922,0.006682
2023-12-07,0.040751,0.0,0.048588,0.0,0.0,0.0,0.07032,0.073383,0.0,0.0,0.029024,0.071251,0.039022,0.029706,0.036557,0.039697,0.0,0.0,0.0,0.0,0.0,0.0,0.0,0.0,0.021712,0.013108,0.021913,0.022121,0.0,0.0,0.0,0.069956,0.0,0.069321,0.0,0.0,0.0,0.071206,0.071557,0.0,0.072426,0.081719,0.006665
2023-12-08,0.040701,0.0,0.04811,0.0,0.0,0.0,0.07056,0.072859,0.0,0.0,0.029041,0.071301,0.039071,0.029913,0.036805,0.040028,0.0,0.0,0.0,0.0,0.0,0.0,0.0,0.0,0.021809,0.013159,0.022006,0.022202,0.0,0.0,0.0,0.068747,0.0,0.06949,0.0,0.0,0.0,0.070834,0.071131,0.0,0.071888,0.083704,0.00664
2023-12-11,0.041112,0.0,0.04873,0.0,0.0,0.0,0.070873,0.073764,0.0,0.0,0.029325,0.071257,0.039588,0.030111,0.037111,0.040292,0.0,0.0,0.0,0.0,0.0,0.0,0.0,0.0,0.022156,0.013704,0.022389,0.022649,0.0,0.0,0.0,0.068471,0.0,0.069631,0.0,0.0,0.0,0.071189,0.071589,0.0,0.072283,0.077086,0.006689
2023-12-12,0.041245,0.0,0.04865,0.0,0.0,0.0,0.070144,0.073469,0.0,0.0,0.02941,0.071537,0.039863,0.029965,0.036594,0.039421,0.0,0.0,0.0,0.0,0.0,0.0,0.0,0.0,0.022299,0.0138,0.022424,0.022929,0.0,0.0,0.0,0.068419,0.0,0.070065,0.0,0.0,0.0,0.071133,0.071734,0.0,0.072417,0.077794,0.006688
2023-12-13,0.040691,0.0,0.048534,0.0,0.0,0.0,0.071443,0.073078,0.0,0.0,0.029278,0.070957,0.039803,0.030899,0.036459,0.039701,0.0,0.0,0.0,0.0,0.0,0.0,0.0,0.0,0.022105,0.01377,0.022291,0.022772,0.0,0.0,0.0,0.068749,0.0,0.06844,0.0,0.0,0.0,0.070849,0.071566,0.0,0.07234,0.079706,0.006571
2023-12-14,0.041072,0.0,0.047845,0.0,0.0,0.0,0.071607,0.072957,0.0,0.0,0.029383,0.070575,0.039808,0.031937,0.037167,0.04069,0.0,0.0,0.0,0.0,0.0,0.0,0.0,0.0,0.021836,0.014014,0.021779,0.022649,0.0,0.0,0.0,0.06848,0.0,0.068337,0.0,0.0,0.0,0.07093,0.071184,0.0,0.072382,0.078858,0.00651
2023-12-15,0.041204,0.0,0.047627,0.0,0.0,0.0,0.070937,0.073181,0.0,0.0,0.029565,0.070686,0.039738,0.031639,0.037121,0.040676,0.0,0.0,0.0,0.0,0.0,0.0,0.0,0.0,0.022036,0.014124,0.022081,0.023029,0.0,0.0,0.0,0.068132,0.0,0.068806,0.0,0.0,0.0,0.071103,0.071319,0.0,0.072581,0.077878,0.006538
2023-12-18,0.041123,0.0,0.047386,0.0,0.0,0.0,0.071939,0.073191,0.0,0.0,0.029654,0.071331,0.039744,0.031314,0.037306,0.04106,0.0,0.0,0.0,0.0,0.0,0.0,0.0,0.0,0.022032,0.01404,0.022179,0.023019,0.0,0.0,0.0,0.068224,0.0,0.068653,0.0,0.0,0.0,0.070667,0.071139,0.0,0.072368,0.07711,0.006519
2023-12-19,0.041107,0.0,0.04723,0.0,0.0,0.0,0.072442,0.073121,0.0,0.0,0.029698,0.071604,0.039791,0.031512,0.037516,0.041304,0.0,0.0,0.0,0.0,0.0,0.0,0.0,0.0,0.021977,0.014026,0.022177,0.023053,0.0,0.0,0.0,0.068257,0.0,0.068384,0.0,0.0,0.0,0.070269,0.070894,0.0,0.072091,0.077069,0.006478
2023-12-20,0.04148,0.0,0.047318,0.0,0.0,0.0,0.07155,0.071635,0.0,0.0,0.02936,0.071545,0.039353,0.031053,0.037427,0.040972,0.0,0.0,0.0,0.0,0.0,0.0,0.0,0.0,0.021796,0.013705,0.022012,0.022799,0.0,0.0,0.0,0.068358,0.0,0.068043,0.0,0.0,0.0,0.071041,0.071397,0.0,0.072601,0.080029,0.006523
2023-12-21,0.04095,0.0,0.047775,0.0,0.0,0.0,0.072162,0.07223,0.0,0.0,0.029579,0.071702,0.039435,0.031116,0.037287,0.041129,0.0,0.0,0.0,0.0,0.0,0.0,0.0,0.0,0.021873,0.013977,0.022142,0.022859,0.0,0.0,0.0,0.068317,0.0,0.067427,0.0,0.0,0.0,0.070383,0.071174,0.0,0.072178,0.079828,0.006477
2023-12-22,0.041018,0.0,0.047841,0.0,0.0,0.0,0.07264,0.072399,0.0,0.0,0.029309,0.071583,0.039448,0.031203,0.03733,0.04115,0.0,0.0,0.0,0.0,0.0,0.0,0.0,0.0,0.021862,0.013997,0.022143,0.022913,0.0,0.0,0.0,0.068497,0.0,0.06763,0.0,0.0,0.0,0.070119,0.070964,0.0,0.071951,0.079536,0.006466
2023-12-26,0.04093,0.0,0.047724,0.0,0.0,0.0,0.073596,0.072499,0.0,0.0,0.02937,0.071706,0.039522,0.03155,0.037571,0.041707,0.0,0.0,0.0,0.0,0.0,0.0,0.0,0.0,0.021906,0.014214,0.022166,0.022979,0.0,0.0,0.0,0.068872,0.0,0.067777,0.0,0.0,0.0,0.070009,0.07095,0.0,0.072056,0.076442,0.006452
2023-12-27,0.041055,0.0,0.047757,0.0,0.0,0.0,0.073492,0.072612,0.0,0.0,0.02933,0.071371,0.039459,0.031371,0.037225,0.041333,0.0,0.0,0.0,0.0,0.0,0.0,0.0,0.0,0.0218,0.014182,0.022043,0.022814,0.0,0.0,0.0,0.068853,0.0,0.067516,0.0,0.0,0.0,0.06999,0.070901,0.0,0.071967,0.078507,0.006424
2023-12-28,0.041245,0.0,0.048212,0.0,0.0,0.0,0.073417,0.073137,0.0,0.0,0.029281,0.07182,0.039714,0.031536,0.036787,0.040783,0.0,0.0,0.0,0.0,0.0,0.0,0.0,0.0,0.021903,0.014205,0.022113,0.022865,0.0,0.0,0.0,0.068694,0.0,0.067916,0.0,0.0,0.0,0.07001,0.070923,0.0,0.07202,0.076973,0.006447
2023-12-29,0.074291,0.0,0.0,0.0,0.0,0.0,0.074137,0.074219,0.0,0.0,0.0,0.074194,0.056127,0.027169,0.0,0.038883,0.041364,0.0,0.034332,0.038571,0.0,0.0,0.0,0.0,0.023895,0.010312,0.023746,0.023976,0.0,0.0,0.0,0.048148,0.034544,0.074226,0.0,0.0,0.0,0.0,0.074272,0.0,0.074274,0.074311,0.005008
2024-01-02,0.073659,0.0,0.0,0.0,0.0,0.0,0.073004,0.074126,0.0,0.0,0.0,0.073895,0.056457,0.027319,0.0,0.039242,0.041013,0.0,0.034327,0.038162,0.0,0.0,0.0,0.0,0.023307,0.009957,0.023124,0.023403,0.0,0.0,0.0,0.048112,0.034393,0.074167,0.0,0.0,0.0,0.0,0.074142,0.0,0.073659,0.079516,0.005019
2024-01-03,0.073887,0.0,0.0,0.0,0.0,0.0,0.073933,0.074815,0.0,0.0,0.0,0.074425,0.056592,0.026866,0.0,0.040034,0.040845,0.0,0.034329,0.037716,0.0,0.0,0.0,0.0,0.023322,0.00985,0.023,0.023326,0.0,0.0,0.0,0.048234,0.033822,0.074617,0.0,0.0,0.0,0.0,0.07475,0.0,0.074179,0.076385,0.005074
2024-01-04,0.074066,0.0,0.0,0.0,0.0,0.0,0.073067,0.075366,0.0,0.0,0.0,0.074083,0.056746,0.026993,0.0,0.039084,0.040844,0.0,0.034176,0.037477,0.0,0.0,0.0,0.0,0.023122,0.009755,0.022913,0.023175,0.0,0.0,0.0,0.048221,0.033811,0.074993,0.0,0.0,0.0,0.0,0.074364,0.0,0.073748,0.078929,0.005068
2024-01-05,0.073858,0.0,0.0,0.0,0.0,0.0,0.073802,0.075386,0.0,0.0,0.0,0.074292,0.05691,0.02723,0.0,0.03918,0.040836,0.0,0.034186,0.037736,0.0,0.0,0.0,0.0,0.023084,0.009796,0.022854,0.023107,0.0,0.0,0.0,0.048163,0.033974,0.074385,0.0,0.0,0.0,0.0,0.074321,0.0,0.07342,0.078418,0.005063
2024-01-08,0.073321,0.0,0.0,0.0,0.0,0.0,0.073219,0.074638,0.0,0.0,0.0,0.074698,0.056704,0.027208,0.0,0.038488,0.040696,0.0,0.033991,0.03812,0.0,0.0,0.0,0.0,0.023429,0.010014,0.023245,0.023355,0.0,0.0,0.0,0.047312,0.03351,0.073397,0.0,0.0,0.0,0.0,0.073997,0.0,0.072783,0.082863,0.005012
2024-01-09,0.073744,0.0,0.0,0.0,0.0,0.0,0.072394,0.074494,0.0,0.0,0.0,0.074767,0.056513,0.026969,0.0,0.038129,0.04069,0.0,0.033702,0.038096,0.0,0.0,0.0,0.0,0.023536,0.010047,0.023408,0.023813,0.0,0.0,0.0,0.047468,0.033403,0.074117,0.0,0.0,0.0,0.0,0.074332,0.0,0.072715,0.082636,0.005027
2024-01-10,0.073857,0.0,0.0,0.0,0.0,0.0,0.072175,0.074834,0.0,0.0,0.0,0.075345,0.056514,0.026992,0.0,0.037569,0.040833,0.0,0.033605,0.038659,0.0,0.0,0.0,0.0,0.023699,0.009998,0.023692,0.024141,0.0,0.0,0.0,0.047285,0.033255,0.073858,0.0,0.0,0.0,0.0,0.07435,0.0,0.073119,0.081199,0.00502
2024-01-11,0.073434,0.0,0.0,0.0,0.0,0.0,0.072466,0.074822,0.0,0.0,0.0,0.075027,0.056251,0.026682,0.0,0.037504,0.040699,0.0,0.033472,0.038777,0.0,0.0,0.0,0.0,0.023796,0.010025,0.02386,0.024385,0.0,0.0,0.0,0.047333,0.033032,0.07418,0.0,0.0,0.0,0.0,0.074518,0.0,0.073707,0.081012,0.005016
2024-01-12,0.074199,0.0,0.0,0.0,0.0,0.0,0.072924,0.076074,0.0,0.0,0.0,0.075474,0.056205,0.026486,0.0,0.038039,0.040739,0.0,0.03354,0.038435,0.0,0.0,0.0,0.0,0.023899,0.009992,0.023958,0.024571,0.0,0.0,0.0,0.047847,0.033655,0.073864,0.0,0.0,0.0,0.0,0.074674,0.0,0.073919,0.076485,0.005023
2024-01-15,0.074123,0.0,0.0,0.0,0.0,0.0,0.07293,0.07608,0.0,0.0,0.0,0.07548,0.05621,0.026488,0.0,0.038042,0.040742,0.0,0.033542,0.038438,0.0,0.0,0.0,0.0,0.023901,0.009992,0.02396,0.024573,0.0,0.0,0.0,0.047851,0.033658,0.07387,0.0,0.0,0.0,0.0,0.07468,0.0,0.073925,0.076491,0.005024
2024-01-16,0.074519,0.0,0.0,0.0,0.0,0.0,0.071612,0.075855,0.0,0.0,0.0,0.075677,0.056287,0.026316,0.0,0.037181,0.040668,0.0,0.033433,0.038525,0.0,0.0,0.0,0.0,0.02416,0.010219,0.024152,0.024679,0.0,0.0,0.0,0.047792,0.03357,0.075029,0.0,0.0,0.0,0.0,0.074828,0.0,0.073851,0.07658,0.005067
2024-01-17,0.074299,0.0,0.0,0.0,0.0,0.0,0.07172,0.075545,0.0,0.0,0.0,0.07578,0.056605,0.0264,0.0,0.037033,0.040697,0.0,0.03344,0.038584,0.0,0.0,0.0,0.0,0.024222,0.010201,0.024229,0.024643,0.0,0.0,0.0,0.047622,0.033323,0.075048,0.0,0.0,0.0,0.0,0.075069,0.0,0.074127,0.076309,0.005105
2024-01-18,0.07456,0.0,0.0,0.0,0.0,0.0,0.070868,0.075782,0.0,0.0,0.0,0.076553,0.056584,0.026486,0.0,0.036963,0.041166,0.0,0.03348,0.038993,0.0,0.0,0.0,0.0,0.024665,0.010517,0.024428,0.024893,0.0,0.0,0.0,0.04792,0.033515,0.075773,0.0,0.0,0.0,0.0,0.075078,0.0,0.074058,0.072623,0.005096
2024-01-19,0.07435,0.0,0.0,0.0,0.0,0.0,0.070385,0.075932,0.0,0.0,0.0,0.076945,0.057015,0.026907,0.0,0.036735,0.04109,0.0,0.033234,0.0391,0.0,0.0,0.0,0.0,0.025023,0.010838,0.024663,0.02491,0.0,0.0,0.0,0.047663,0.033012,0.075719,0.0,0.0,0.0,0.0,0.074579,0.0,0.073475,0.07337,0.005054
2024-01-22,0.075216,0.0,0.0,0.0,0.0,0.0,0.069078,0.076227,0.0,0.0,0.0,0.077118,0.0573,0.027342,0.0,0.036913,0.041419,0.0,0.033339,0.039851,0.0,0.0,0.0,0.0,0.02514,0.010876,0.024894,0.025343,0.0,0.0,0.0,0.047494,0.032302,0.076062,0.0,0.0,0.0,0.0,0.074655,0.0,0.073544,0.070831,0.005056
2024-01-23,0.075109,0.0,0.0,0.0,0.0,0.0,0.070521,0.074729,0.0,0.0,0.0,0.078058,0.057522,0.027178,0.0,0.03705,0.041481,0.0,0.033525,0.038005,0.0,0.0,0.0,0.0,0.025299,0.010973,0.025,0.025369,0.0,0.0,0.0,0.047789,0.032872,0.077104,0.0,0.0,0.0,0.0,0.074739,0.0,0.073334,0.069273,0.005068
2024-01-24,0.075761,0.0,0.0,0.0,0.0,0.0,0.070294,0.075306,0.0,0.0,0.0,0.078313,0.057579,0.027366,0.0,0.037419,0.041104,0.0,0.032975,0.037222,0.0,0.0,0.0,0.0,0.025399,0.0111,0.024918,0.02525,0.0,0.0,0.0,0.047257,0.033064,0.077455,0.0,0.0,0.0,0.0,0.074482,0.0,0.072918,0.069764,0.005054
2024-01-25,0.075178,0.0,0.0,0.0,0.0,0.0,0.070441,0.074736,0.0,0.0,0.0,0.07913,0.057532,0.027138,0.0,0.037855,0.04126,0.0,0.03313,0.037824,0.0,0.0,0.0,0.0,0.025358,0.011006,0.024844,0.025083,0.0,0.0,0.0,0.047171,0.033238,0.076651,0.0,0.0,0.0,0.0,0.07462,0.0,0.073016,0.069762,0.005026
2024-01-26,0.07512,0.0,0.0,0.0,0.0,0.0,0.07047,0.074484,0.0,0.0,0.0,0.078989,0.057453,0.027138,0.0,0.037917,0.040989,0.0,0.032977,0.037609,0.0,0.0,0.0,0.0,0.024941,0.010656,0.024677,0.025015,0.0,0.0,0.0,0.046903,0.032946,0.076447,0.0,0.0,0.0,0.0,0.074191,0.0,0.07276,0.073314,0.005002
2024-01-29,0.074484,0.0,0.0,0.0,0.0,0.0,0.069499,0.075179,0.0,0.0,0.0,0.079122,0.05722,0.027303,0.0,0.037697,0.040983,0.0,0.032921,0.037742,0.0,0.0,0.0,0.0,0.025003,0.010695,0.025,0.025224,0.0,0.0,0.0,0.046921,0.033277,0.075586,0.0,0.0,0.0,0.0,0.07386,0.0,0.072549,0.074766,0.004969
2024-01-30,0.074805,0.0,0.0,0.0,0.0,0.0,0.068811,0.074356,0.0,0.0,0.0,0.078448,0.057841,0.027266,0.0,0.038301,0.040925,0.0,0.033014,0.037878,0.0,0.0,0.0,0.0,0.024753,0.010511,0.024844,0.025113,0.0,0.0,0.0,0.046903,0.033187,0.076583,0.0,0.0,0.0,0.0,0.073635,0.0,0.072586,0.075278,0.004961
2024-01-31,0.085195,0.0,0.0,0.016695,0.014918,0.0,0.097532,0.061572,0.032857,0.015049,0.0,0.079831,0.05494,0.054771,0.0,0.0,0.0,0.0,0.042028,0.097557,0.0,0.0,0.0,0.0,0.01059,0.017012,0.040549,0.040511,0.0,0.036004,0.0,0.070406,0.0,0.0,0.0,0.0,0.0,0.0,0.03088,0.0,0.0,0.097703,0.003402
2024-02-01,0.084199,0.0,0.0,0.01634,0.014811,0.0,0.097805,0.061474,0.032809,0.015382,0.0,0.079979,0.054566,0.05315,0.0,0.0,0.0,0.0,0.042372,0.098939,0.0,0.0,0.0,0.0,0.010634,0.016953,0.040771,0.040779,0.0,0.03635,0.0,0.070544,0.0,0.0,0.0,0.0,0.0,0.0,0.030798,0.0,0.0,0.097973,0.003375
2024-02-02,0.084862,0.0,0.0,0.016469,0.01474,0.0,0.0958,0.06154,0.032601,0.015681,0.0,0.083033,0.054686,0.053278,0.0,0.0,0.0,0.0,0.042043,0.098605,0.0,0.0,0.0,0.0,0.010723,0.017137,0.040993,0.040672,0.0,0.03583,0.0,0.069744,0.0,0.0,0.0,0.0,0.0,0.0,0.030601,0.0,0.0,0.097594,0.003369
2024-02-05,0.085272,0.0,0.0,0.016494,0.01488,0.0,0.096667,0.061745,0.032944,0.015697,0.0,0.082583,0.054839,0.052926,0.0,0.0,0.0,0.0,0.041333,0.098113,0.0,0.0,0.0,0.0,0.010842,0.017523,0.041089,0.040585,0.0,0.035385,0.0,0.069966,0.0,0.0,0.0,0.0,0.0,0.0,0.030724,0.0,0.0,0.096996,0.003398
2024-02-06,0.084967,0.0,0.0,0.016485,0.01515,0.0,0.098489,0.062079,0.033305,0.015586,0.0,0.081683,0.054519,0.052146,0.0,0.0,0.0,0.0,0.041732,0.097389,0.0,0.0,0.0,0.0,0.010707,0.017182,0.040696,0.040554,0.0,0.035579,0.0,0.069778,0.0,0.0,0.0,0.0,0.0,0.0,0.030594,0.0,0.0,0.098009,0.003372
2024-02-07,0.084837,0.0,0.0,0.016349,0.015023,0.0,0.097275,0.061759,0.033293,0.015746,0.0,0.081501,0.054526,0.051741,0.0,0.0,0.0,0.0,0.04176,0.097984,0.0,0.0,0.0,0.0,0.01077,0.017318,0.041045,0.040966,0.0,0.035268,0.0,0.06925,0.0,0.0,0.0,0.0,0.0,0.0,0.030422,0.0,0.0,0.099819,0.003348
2024-02-08,0.08458,0.0,0.0,0.016349,0.014925,0.0,0.094965,0.061074,0.033553,0.015692,0.0,0.081528,0.054129,0.051718,0.0,0.0,0.0,0.0,0.04156,0.098582,0.0,0.0,0.0,0.0,0.010766,0.017555,0.041324,0.041216,0.0,0.035433,0.0,0.068949,0.0,0.0,0.0,0.0,0.0,0.0,0.030301,0.0,0.0,0.102465,0.003337
2024-02-09,0.084118,0.0,0.0,0.016268,0.014778,0.0,0.094767,0.060803,0.033374,0.01565,0.0,0.080906,0.053806,0.051931,0.0,0.0,0.0,0.0,0.041286,0.097795,0.0,0.0,0.0,0.0,0.010815,0.017747,0.041414,0.041795,0.0,0.035176,0.0,0.06808,0.0,0.0,0.0,0.0,0.0,0.0,0.030098,0.0,0.0,0.106086,0.003308
2024-02-12,0.083894,0.0,0.0,0.016417,0.014872,0.0,0.0946,0.059644,0.033144,0.015676,0.0,0.080312,0.053488,0.052245,0.0,0.0,0.0,0.0,0.041177,0.098927,0.0,0.0,0.0,0.0,0.010621,0.01753,0.040554,0.040965,0.0,0.034816,0.0,0.067191,0.0,0.0,0.0,0.0,0.0,0.0,0.029717,0.0,0.0,0.110936,0.003274
2024-02-13,0.08428,0.0,0.0,0.016467,0.014849,0.0,0.093766,0.060483,0.032903,0.015563,0.0,0.080792,0.053841,0.051402,0.0,0.0,0.0,0.0,0.041424,0.097296,0.0,0.0,0.0,0.0,0.010653,0.017519,0.040458,0.041136,0.0,0.034793,0.0,0.067614,0.0,0.0,0.0,0.0,0.0,0.0,0.030079,0.0,0.0,0.111342,0.003341
2024-02-14,0.083195,0.0,0.0,0.016231,0.014792,0.0,0.093112,0.060546,0.032904,0.015605,0.0,0.080808,0.053511,0.051572,0.0,0.0,0.0,0.0,0.041043,0.097689,0.0,0.0,0.0,0.0,0.010597,0.017637,0.040619,0.041172,0.0,0.034522,0.0,0.066525,0.0,0.0,0.0,0.0,0.0,0.0,0.029728,0.0,0.0,0.114901,0.00329
2024-02-15,0.083168,0.0,0.0,0.016323,0.014723,0.0,0.093128,0.060414,0.032708,0.01547,0.0,0.080861,0.054023,0.05256,0.0,0.0,0.0,0.0,0.041507,0.09756,0.0,0.0,0.0,0.0,0.010496,0.017489,0.040257,0.040852,0.0,0.035063,0.0,0.066474,0.0,0.0,0.0,0.0,0.0,0.0,0.02961,0.0,0.0,0.114045,0.003266
2024-02-16,0.083964,0.0,0.0,0.016448,0.014895,0.0,0.094315,0.060754,0.03261,0.015617,0.0,0.079861,0.054009,0.052261,0.0,0.0,0.0,0.0,0.041863,0.096096,0.0,0.0,0.0,0.0,0.010434,0.017447,0.039672,0.04046,0.0,0.034815,0.0,0.066935,0.0,0.0,0.0,0.0,0.0,0.0,0.029618,0.0,0.0,0.11465,0.003277
2024-02-19,0.08377,0.0,0.0,0.016372,0.014863,0.0,0.094347,0.060775,0.032621,0.015623,0.0,0.079888,0.054027,0.052279,0.0,0.0,0.0,0.0,0.041878,0.096129,0.0,0.0,0.0,0.0,0.010437,0.017453,0.039685,0.040474,0.0,0.034826,0.0,0.066958,0.0,0.0,0.0,0.0,0.0,0.0,0.029628,0.0,0.0,0.114689,0.003279
2024-02-20,0.083274,0.0,0.0,0.016223,0.014881,0.0,0.095961,0.061177,0.032848,0.015643,0.0,0.079734,0.053855,0.051917,0.0,0.0,0.0,0.0,0.041772,0.096155,0.0,0.0,0.0,0.0,0.010327,0.017152,0.039179,0.039982,0.0,0.03475,0.0,0.067336,0.0,0.0,0.0,0.0,0.0,0.0,0.029678,0.0,0.0,0.114876,0.003278
2024-02-21,0.083654,0.0,0.0,0.016263,0.015007,0.0,0.096533,0.061088,0.032731,0.015736,0.0,0.080117,0.05434,0.052001,0.0,0.0,0.0,0.0,0.042253,0.097294,0.0,0.0,0.0,0.0,0.010323,0.017214,0.038307,0.038209,0.0,0.035152,0.0,0.067741,0.0,0.0,0.0,0.0,0.0,0.0,0.0298,0.0,0.0,0.112936,0.003298
2024-02-22,0.084048,0.0,0.0,0.016208,0.014946,0.0,0.094811,0.061005,0.032824,0.015749,0.0,0.080345,0.054313,0.051495,0.0,0.0,0.0,0.0,0.042168,0.097696,0.0,0.0,0.0,0.0,0.010533,0.017847,0.038817,0.038697,0.0,0.034797,0.0,0.066959,0.0,0.0,0.0,0.0,0.0,0.0,0.029585,0.0,0.0,0.113899,0.003259
2024-02-23,0.084496,0.0,0.0,0.016248,0.01496,0.0,0.093849,0.061144,0.032664,0.01577,0.0,0.080217,0.054634,0.051578,0.0,0.0,0.0,0.0,0.042456,0.098663,0.0,0.0,0.0,0.0,0.010518,0.01767,0.039061,0.039052,0.0,0.034813,0.0,0.067399,0.0,0.0,0.0,0.0,0.0,0.0,0.029631,0.0,0.0,0.111918,0.003262
2024-02-26,0.083913,0.0,0.0,0.016133,0.014819,0.0,0.093798,0.060517,0.032473,0.01545,0.0,0.078603,0.054056,0.050844,0.0,0.0,0.0,0.0,0.041963,0.098106,0.0,0.0,0.0,0.0,0.010469,0.017744,0.039215,0.039288,0.0,0.034237,0.0,0.066869,0.0,0.0,0.0,0.0,0.0,0.0,0.029369,0.0,0.0,0.118889,0.003244
2024-02-27,0.083057,0.0,0.0,0.016104,0.014728,0.0,0.095124,0.060031,0.031988,0.015167,0.0,0.078501,0.053696,0.050921,0.0,0.0,0.0,0.0,0.041724,0.097636,0.0,0.0,0.0,0.0,0.01038,0.01756,0.038869,0.039111,0.0,0.033956,0.0,0.066171,0.0,0.0,0.0,0.0,0.0,0.0,0.029131,0.0,0.0,0.122932,0.003214
2024-02-28,0.082678,0.0,0.0,0.016039,0.014473,0.0,0.092798,0.059184,0.031695,0.015246,0.0,0.077724,0.053729,0.050407,0.0,0.0,0.0,0.0,0.041724,0.097178,0.0,0.0,0.0,0.0,0.010299,0.017309,0.038682,0.038847,0.0,0.034193,0.0,0.066086,0.0,0.0,0.0,0.0,0.0,0.0,0.029037,0.0,0.0,0.129469,0.003205
2024-02-29,0.072946,0.0,0.073147,0.0,0.0,0.0,0.041598,0.072937,0.0,0.0,0.0,0.072864,0.072971,0.0,0.0,0.0,0.0,0.0,0.0,0.032016,0.072372,0.0,0.0,0.0,0.022588,0.01356,0.022864,0.022786,0.0,0.0,0.0,0.070656,0.0,0.041634,0.0,0.0,0.032452,0.049612,0.040899,0.040815,0.052787,0.073153,0.005343
2024-03-01,0.072867,0.0,0.07369,0.0,0.0,0.0,0.041423,0.073287,0.0,0.0,0.0,0.072742,0.072159,0.0,0.0,0.0,0.0,0.0,0.0,0.03221,0.072407,0.0,0.0,0.0,0.022773,0.013997,0.022863,0.022611,0.0,0.0,0.0,0.071279,0.0,0.041259,0.0,0.0,0.032277,0.049305,0.040645,0.040656,0.052571,0.073689,0.005291
2024-03-04,0.072677,0.0,0.072872,0.0,0.0,0.0,0.040943,0.072885,0.0,0.0,0.0,0.071407,0.071954,0.0,0.0,0.0,0.0,0.0,0.0,0.031919,0.071914,0.0,0.0,0.0,0.022652,0.014059,0.022646,0.022487,0.0,0.0,0.0,0.072048,0.0,0.041502,0.0,0.0,0.032034,0.049002,0.040419,0.040366,0.052245,0.078707,0.005263
2024-03-05,0.072961,0.0,0.07403,0.0,0.0,0.0,0.041194,0.073374,0.0,0.0,0.0,0.071565,0.072721,0.0,0.0,0.0,0.0,0.0,0.0,0.031885,0.072121,0.0,0.0,0.0,0.022325,0.013927,0.022007,0.022178,0.0,0.0,0.0,0.073236,0.0,0.041448,0.0,0.0,0.032567,0.049739,0.040808,0.041009,0.052902,0.072682,0.005319
2024-03-06,0.07256,0.0,0.07424,0.0,0.0,0.0,0.041063,0.073025,0.0,0.0,0.0,0.070791,0.072207,0.0,0.0,0.0,0.0,0.0,0.0,0.031782,0.071727,0.0,0.0,0.0,0.022228,0.014095,0.022045,0.02216,0.0,0.0,0.0,0.072936,0.0,0.041238,0.0,0.0,0.032248,0.04915,0.04041,0.040617,0.052451,0.077773,0.005255
2024-03-07,0.07273,0.0,0.073793,0.0,0.0,0.0,0.040771,0.072867,0.0,0.0,0.0,0.071534,0.071697,0.0,0.0,0.0,0.0,0.0,0.0,0.032103,0.071658,0.0,0.0,0.0,0.022452,0.014497,0.022181,0.022333,0.0,0.0,0.0,0.07294,0.0,0.04119,0.0,0.0,0.032121,0.048848,0.04023,0.04049,0.052298,0.07804,0.005226
2024-03-08,0.072819,0.0,0.073643,0.0,0.0,0.0,0.039831,0.072868,0.0,0.0,0.0,0.071441,0.071835,0.0,0.0,0.0,0.0,0.0,0.0,0.031842,0.07154,0.0,0.0,0.0,0.022123,0.013913,0.02206,0.022114,0.0,0.0,0.0,0.073572,0.0,0.041162,0.0,0.0,0.032151,0.048898,0.040249,0.040554,0.052368,0.079787,0.005228
2024-03-11,0.072185,0.0,0.071973,0.0,0.0,0.0,0.039553,0.072303,0.0,0.0,0.0,0.071272,0.071924,0.0,0.0,0.0,0.0,0.0,0.0,0.03158,0.071466,0.0,0.0,0.0,0.022051,0.013722,0.022109,0.022161,0.0,0.0,0.0,0.073671,0.0,0.04171,0.0,0.0,0.032095,0.048788,0.040224,0.040542,0.05226,0.083184,0.005226
2024-03-12,0.072563,0.0,0.072183,0.0,0.0,0.0,0.039981,0.071829,0.0,0.0,0.0,0.071719,0.072042,0.0,0.0,0.0,0.0,0.0,0.0,0.031862,0.071618,0.0,0.0,0.0,0.022447,0.013971,0.022538,0.022267,0.0,0.0,0.0,0.072681,0.0,0.042081,0.0,0.0,0.031883,0.04857,0.040159,0.04031,0.052058,0.082024,0.005214
2024-03-13,0.072732,0.0,0.071537,0.0,0.0,0.0,0.040131,0.070061,0.0,0.0,0.0,0.071826,0.072554,0.0,0.0,0.0,0.0,0.0,0.0,0.032045,0.071322,0.0,0.0,0.0,0.022199,0.013627,0.022369,0.022242,0.0,0.0,0.0,0.073173,0.0,0.041998,0.0,0.0,0.031805,0.04849,0.040164,0.040259,0.052098,0.084155,0.005213
2024-03-14,0.073084,0.0,0.071886,0.0,0.0,0.0,0.040161,0.071112,0.0,0.0,0.0,0.07233,0.072648,0.0,0.0,0.0,0.0,0.0,0.0,0.031325,0.071737,0.0,0.0,0.0,0.022412,0.01352,0.022467,0.022148,0.0,0.0,0.0,0.073552,0.0,0.042632,0.0,0.0,0.031866,0.048649,0.040348,0.040338,0.052322,0.0802,0.005263
2024-03-15,0.072796,0.0,0.07261,0.0,0.0,0.0,0.039883,0.071034,0.0,0.0,0.0,0.071798,0.07277,0.0,0.0,0.0,0.0,0.0,0.0,0.031643,0.071642,0.0,0.0,0.0,0.022132,0.013459,0.021896,0.021864,0.0,0.0,0.0,0.073512,0.0,0.043672,0.0,0.0,0.031896,0.048746,0.04043,0.040457,0.052295,0.080186,0.005278
2024-03-18,0.073248,0.0,0.073623,0.0,0.0,0.0,0.039697,0.071177,0.0,0.0,0.0,0.073159,0.073074,0.0,0.0,0.0,0.0,0.0,0.0,0.031494,0.071523,0.0,0.0,0.0,0.022207,0.013428,0.02211,0.02178,0.0,0.0,0.0,0.073516,0.0,0.043844,0.0,0.0,0.031809,0.048625,0.040461,0.040327,0.052244,0.077382,0.005271
2024-03-19,0.073395,0.0,0.074022,0.0,0.0,0.0,0.039872,0.070502,0.0,0.0,0.0,0.073248,0.073548,0.0,0.0,0.0,0.0,0.0,0.0,0.032173,0.072111,0.0,0.0,0.0,0.022357,0.013337,0.022308,0.021744,0.0,0.0,0.0,0.073548,0.0,0.043599,0.0,0.0,0.031952,0.048771,0.040688,0.040507,0.05257,0.074468,0.00528
2024-03-20,0.072876,0.0,0.073924,0.0,0.0,0.0,0.040424,0.070257,0.0,0.0,0.0,0.073443,0.073756,0.0,0.0,0.0,0.0,0.0,0.0,0.032551,0.0713,0.0,0.0,0.0,0.022404,0.013441,0.02232,0.021865,0.0,0.0,0.0,0.073754,0.0,0.043647,0.0,0.0,0.031738,0.048523,0.040457,0.040217,0.052343,0.075528,0.005233
2024-03-21,0.073743,0.0,0.074085,0.0,0.0,0.0,0.039978,0.07021,0.0,0.0,0.0,0.073261,0.074147,0.0,0.0,0.0,0.0,0.0,0.0,0.033064,0.07119,0.0,0.0,0.0,0.022356,0.013705,0.022414,0.021881,0.0,0.0,0.0,0.073468,0.0,0.04376,0.0,0.0,0.031651,0.048471,0.040321,0.040162,0.052375,0.074538,0.005219
2024-03-22,0.073616,0.0,0.074331,0.0,0.0,0.0,0.039598,0.070398,0.0,0.0,0.0,0.073668,0.073552,0.0,0.0,0.0,0.0,0.0,0.0,0.033083,0.071339,0.0,0.0,0.0,0.022441,0.013769,0.022344,0.021791,0.0,0.0,0.0,0.073131,0.0,0.044206,0.0,0.0,0.031916,0.048807,0.040419,0.040438,0.052727,0.073189,0.005239
2024-03-25,0.073039,0.0,0.072948,0.0,0.0,0.0,0.039463,0.069965,0.0,0.0,0.0,0.072892,0.072745,0.0,0.0,0.0,0.0,0.0,0.0,0.032627,0.070732,0.0,0.0,0.0,0.022133,0.013617,0.022107,0.021536,0.0,0.0,0.0,0.072841,0.0,0.044911,0.0,0.0,0.031605,0.048305,0.040069,0.040013,0.05231,0.080941,0.005201
2024-03-26,0.07322,0.0,0.073344,0.0,0.0,0.0,0.039517,0.070343,0.0,0.0,0.0,0.072817,0.073069,0.0,0.0,0.0,0.0,0.0,0.0,0.032549,0.071065,0.0,0.0,0.0,0.022065,0.013529,0.022172,0.021582,0.0,0.0,0.0,0.073154,0.0,0.044739,0.0,0.0,0.031685,0.04837,0.040064,0.040044,0.052359,0.079105,0.005207
2024-03-27,0.072811,0.0,0.073333,0.0,0.0,0.0,0.039645,0.070484,0.0,0.0,0.0,0.072865,0.073603,0.0,0.0,0.0,0.0,0.0,0.0,0.03293,0.071689,0.0,0.0,0.0,0.022079,0.013638,0.021954,0.021439,0.0,0.0,0.0,0.073354,0.0,0.044812,0.0,0.0,0.031664,0.048302,0.040096,0.040142,0.05234,0.077634,0.005186
2024-03-28,0.080032,0.026166,0.056475,0.0,0.0,0.0,0.063446,0.081453,0.0,0.0,0.0,0.076298,0.082621,0.0,0.0,0.0,0.06044,0.031873,0.0,0.028297,0.053088,0.039113,0.02427,0.0,0.027567,0.031253,0.0,0.033049,0.0,0.0,0.0,0.0,0.0,0.0,0.0,0.0,0.0,0.0,0.070003,0.012701,0.033268,0.082654,0.005934
2024-04-01,0.080516,0.026277,0.055964,0.0,0.0,0.0,0.062669,0.081787,0.0,0.0,0.0,0.077352,0.082667,0.0,0.0,0.0,0.060338,0.031761,0.0,0.028023,0.052954,0.038918,0.024222,0.0,0.027811,0.031774,0.0,0.033096,0.0,0.0,0.0,0.0,0.0,0.0,0.0,0.0,0.0,0.0,0.07014,0.012656,0.033325,0.081779,0.00597
2024-04-02,0.080491,0.026336,0.056287,0.0,0.0,0.0,0.063713,0.08281,0.0,0.0,0.0,0.078075,0.083133,0.0,0.0,0.0,0.060715,0.031827,0.0,0.027522,0.0527,0.038015,0.024361,0.0,0.027845,0.031626,0.0,0.033237,0.0,0.0,0.0,0.0,0.0,0.0,0.0,0.0,0.0,0.0,0.070788,0.012775,0.033705,0.078006,0.006035
2024-04-03,0.080773,0.026446,0.056513,0.0,0.0,0.0,0.063692,0.082753,0.0,0.0,0.0,0.07847,0.082858,0.0,0.0,0.0,0.060855,0.031834,0.0,0.027749,0.052493,0.038059,0.024024,0.0,0.02784,0.031625,0.0,0.033191,0.0,0.0,0.0,0.0,0.0,0.0,0.0,0.0,0.0,0.0,0.070643,0.012747,0.033682,0.077732,0.00602
2024-04-04,0.081468,0.026355,0.056168,0.0,0.0,0.0,0.063966,0.082932,0.0,0.0,0.0,0.077743,0.082276,0.0,0.0,0.0,0.060579,0.031547,0.0,0.027465,0.051958,0.037572,0.024024,0.0,0.027518,0.030863,0.0,0.03285,0.0,0.0,0.0,0.0,0.0,0.0,0.0,0.0,0.0,0.0,0.070892,0.012816,0.033812,0.081148,0.006047
2024-04-05,0.080364,0.026339,0.056152,0.0,0.0,0.0,0.063208,0.083392,0.0,0.0,0.0,0.078285,0.082794,0.0,0.0,0.0,0.061227,0.031852,0.0,0.027764,0.052257,0.037742,0.023987,0.0,0.027746,0.031131,0.0,0.033158,0.0,0.0,0.0,0.0,0.0,0.0,0.0,0.0,0.0,0.0,0.070605,0.01272,0.033758,0.079491,0.006029
2024-04-08,0.080074,0.026257,0.055972,0.0,0.0,0.0,0.064091,0.083284,0.0,0.0,0.0,0.077655,0.082473,0.0,0.0,0.0,0.06062,0.031469,0.0,0.027433,0.051664,0.037525,0.023756,0.0,0.027487,0.030956,0.0,0.032869,0.0,0.0,0.0,0.0,0.0,0.0,0.0,0.0,0.0,0.0,0.070192,0.012615,0.033494,0.084132,0.005982
2024-04-09,0.079681,0.026231,0.056242,0.0,0.0,0.0,0.06509,0.08344,0.0,0.0,0.0,0.077826,0.08209,0.0,0.0,0.0,0.060547,0.031613,0.0,0.027545,0.051906,0.038082,0.023898,0.0,0.027656,0.031324,0.0,0.033142,0.0,0.0,0.0,0.0,0.0,0.0,0.0,0.0,0.0,0.0,0.070416,0.012694,0.033756,0.080829,0.00599
2024-04-10,0.080076,0.026206,0.055971,0.0,0.0,0.0,0.063988,0.084033,0.0,0.0,0.0,0.07806,0.081751,0.0,0.0,0.0,0.060688,0.031291,0.0,0.026539,0.05186,0.03779,0.024072,0.0,0.027617,0.031089,0.0,0.033105,0.0,0.0,0.0,0.0,0.0,0.0,0.0,0.0,0.0,0.0,0.070561,0.012651,0.033587,0.083013,0.006054
2024-04-11,0.079713,0.02614,0.056289,0.0,0.0,0.0,0.063274,0.083982,0.0,0.0,0.0,0.078503,0.08092,0.0,0.0,0.0,0.060569,0.031562,0.0,0.026701,0.051488,0.03823,0.02394,0.0,0.028082,0.031693,0.0,0.03333,0.0,0.0,0.0,0.0,0.0,0.0,0.0,0.0,0.0,0.0,0.070278,0.012586,0.033385,0.083296,0.006038
2024-04-12,0.080907,0.026107,0.056443,0.0,0.0,0.0,0.063189,0.084236,0.0,0.0,0.0,0.078465,0.08114,0.0,0.0,0.0,0.060893,0.031607,0.0,0.027071,0.051545,0.037518,0.024082,0.0,0.028076,0.03115,0.0,0.033194,0.0,0.0,0.0,0.0,0.0,0.0,0.0,0.0,0.0,0.0,0.071382,0.012819,0.033831,0.08021,0.006137
2024-04-15,0.081718,0.026402,0.056928,0.0,0.0,0.0,0.06306,0.084642,0.0,0.0,0.0,0.078467,0.081773,0.0,0.0,0.0,0.061234,0.031729,0.0,0.026966,0.052102,0.037225,0.024292,0.0,0.027897,0.031151,0.0,0.032805,0.0,0.0,0.0,0.0,0.0,0.0,0.0,0.0,0.0,0.0,0.071883,0.01284,0.033868,0.076801,0.006216
2024-04-16,0.080896,0.026368,0.056512,0.0,0.0,0.0,0.061981,0.085031,0.0,0.0,0.0,0.078731,0.081767,0.0,0.0,0.0,0.061506,0.031762,0.0,0.026657,0.052473,0.037155,0.024466,0.0,0.028118,0.031599,0.0,0.033008,0.0,0.0,0.0,0.0,0.0,0.0,0.0,0.0,0.0,0.0,0.07213,0.012884,0.033991,0.076705,0.00626
2024-04-17,0.081027,0.026607,0.056228,0.0,0.0,0.0,0.062518,0.08521,0.0,0.0,0.0,0.079107,0.082437,0.0,0.0,0.0,0.061533,0.031606,0.0,0.026639,0.052678,0.036946,0.024695,0.0,0.027869,0.030814,0.0,0.032841,0.0,0.0,0.0,0.0,0.0,0.0,0.0,0.0,0.0,0.0,0.072633,0.013027,0.034451,0.074835,0.006296
2024-04-18,0.081195,0.02648,0.055923,0.0,0.0,0.0,0.06224,0.085167,0.0,0.0,0.0,0.079297,0.082524,0.0,0.0,0.0,0.061169,0.031475,0.0,0.026592,0.052544,0.036345,0.024749,0.0,0.027483,0.030193,0.0,0.032704,0.0,0.0,0.0,0.0,0.0,0.0,0.0,0.0,0.0,0.0,0.072512,0.012969,0.034339,0.077817,0.006282
2024-04-19,0.080413,0.026542,0.05558,0.0,0.0,0.0,0.063533,0.085588,0.0,0.0,0.0,0.078417,0.083651,0.0,0.0,0.0,0.061049,0.03149,0.0,0.026423,0.052734,0.036057,0.024987,0.0,0.026913,0.028985,0.0,0.032576,0.0,0.0,0.0,0.0,0.0,0.0,0.0,0.0,0.0,0.0,0.072635,0.012981,0.034432,0.078731,0.006282
2024-04-22,0.079654,0.026581,0.055612,0.0,0.0,0.0,0.063479,0.085696,0.0,0.0,0.0,0.077776,0.083858,0.0,0.0,0.0,0.060922,0.031497,0.0,0.026378,0.05243,0.03611,0.024984,0.0,0.026894,0.029181,0.0,0.032651,0.0,0.0,0.0,0.0,0.0,0.0,0.0,0.0,0.0,0.0,0.072339,0.012889,0.034287,0.08056,0.006223
2024-04-23,0.08024,0.02671,0.05523,0.0,0.0,0.0,0.063206,0.085113,0.0,0.0,0.0,0.078241,0.083624,0.0,0.0,0.0,0.061209,0.031643,0.0,0.026855,0.052631,0.036183,0.024826,0.0,0.027045,0.029519,0.0,0.032998,0.0,0.0,0.0,0.0,0.0,0.0,0.0,0.0,0.0,0.0,0.071972,0.012794,0.034021,0.079772,0.006167
2024-04-24,0.080608,0.026721,0.055751,0.0,0.0,0.0,0.063183,0.085548,0.0,0.0,0.0,0.078689,0.084031,0.0,0.0,0.0,0.061032,0.03104,0.0,0.026671,0.052735,0.036046,0.025142,0.0,0.027307,0.030055,0.0,0.033325,0.0,0.0,0.0,0.0,0.0,0.0,0.0,0.0,0.0,0.0,0.07218,0.012809,0.033951,0.076974,0.006199
2024-04-25,0.080149,0.026796,0.055139,0.0,0.0,0.0,0.063106,0.086406,0.0,0.0,0.0,0.076236,0.083927,0.0,0.0,0.0,0.0615,0.031586,0.0,0.02671,0.052625,0.03547,0.025198,0.0,0.027374,0.030754,0.0,0.033234,0.0,0.0,0.0,0.0,0.0,0.0,0.0,0.0,0.0,0.0,0.072362,0.01283,0.03401,0.078357,0.006228
2024-04-26,0.08083,0.026831,0.055265,0.0,0.0,0.0,0.064199,0.085917,0.0,0.0,0.0,0.077851,0.083281,0.0,0.0,0.0,0.061216,0.030994,0.0,0.026859,0.052312,0.035794,0.024988,0.0,0.02751,0.031209,0.0,0.033441,0.0,0.0,0.0,0.0,0.0,0.0,0.0,0.0,0.0,0.0,0.072137,0.012799,0.033945,0.076434,0.00619
2024-04-29,0.080918,0.026856,0.055642,0.0,0.0,0.0,0.064482,0.086069,0.0,0.0,0.0,0.076775,0.082973,0.0,0.0,0.0,0.061488,0.030812,0.0,0.026941,0.052371,0.036582,0.025012,0.0,0.027567,0.031376,0.0,0.033446,0.0,0.0,0.0,0.0,0.0,0.0,0.0,0.0,0.0,0.0,0.072191,0.012824,0.034036,0.075464,0.006178
2024-04-30,0.063957,0.030434,0.055723,0.0,0.0,0.0,0.0,0.0,0.057493,0.0,0.0,0.03419,0.083453,0.037022,0.0,0.0,0.097888,0.0,0.079692,0.107028,0.0,0.042174,0.0,0.0,0.014315,0.075977,0.0,0.0,0.029124,0.0,0.0,0.043545,0.0,0.0113,0.026116,0.0,0.0,0.0,0.0,0.0,0.0,0.107226,0.003342
2024-05-01,0.063559,0.030553,0.055874,0.0,0.0,0.0,0.0,0.0,0.057481,0.0,0.0,0.034683,0.08388,0.038009,0.0,0.0,0.098146,0.0,0.080515,0.107804,0.0,0.043747,0.0,0.0,0.014241,0.073786,0.0,0.0,0.029214,0.0,0.0,0.044164,0.0,0.010989,0.026135,0.0,0.0,0.0,0.0,0.0,0.0,0.103861,0.003359
2024-05-02,0.063034,0.030453,0.056262,0.0,0.0,0.0,0.0,0.0,0.057927,0.0,0.0,0.034574,0.082989,0.038002,0.0,0.0,0.097424,0.0,0.079053,0.107929,0.0,0.043676,0.0,0.0,0.014257,0.07446,0.0,0.0,0.029393,0.0,0.0,0.043453,0.0,0.010668,0.025867,0.0,0.0,0.0,0.0,0.0,0.0,0.107261,0.003317
2024-05-03,0.063013,0.030242,0.05601,0.0,0.0,0.0,0.0,0.0,0.057902,0.0,0.0,0.034386,0.081856,0.037832,0.0,0.0,0.096548,0.0,0.07859,0.10803,0.0,0.043781,0.0,0.0,0.014422,0.07493,0.0,0.0,0.029422,0.0,0.0,0.04273,0.0,0.010731,0.025981,0.0,0.0,0.0,0.0,0.0,0.0,0.110329,0.003264
2024-05-06,0.062327,0.030155,0.055728,0.0,0.0,0.0,0.0,0.0,0.057672,0.0,0.0,0.034474,0.082003,0.037823,0.0,0.0,0.096462,0.0,0.078204,0.108347,0.0,0.043593,0.0,0.0,0.014433,0.075654,0.0,0.0,0.029535,0.0,0.0,0.04271,0.0,0.01053,0.026089,0.0,0.0,0.0,0.0,0.0,0.0,0.111032,0.00323
2024-05-07,0.063226,0.030362,0.055139,0.0,0.0,0.0,0.0,0.0,0.057185,0.0,0.0,0.034524,0.08231,0.03778,0.0,0.0,0.096759,0.0,0.07916,0.107458,0.0,0.043536,0.0,0.0,0.01439,0.075011,0.0,0.0,0.029564,0.0,0.0,0.042528,0.0,0.010853,0.026131,0.0,0.0,0.0,0.0,0.0,0.0,0.110854,0.00323
2024-05-08,0.063338,0.030612,0.05469,0.0,0.0,0.0,0.0,0.0,0.0578,0.0,0.0,0.034626,0.082985,0.038138,0.0,0.0,0.097199,0.0,0.079153,0.106646,0.0,0.043096,0.0,0.0,0.014497,0.075424,0.0,0.0,0.029509,0.0,0.0,0.042595,0.0,0.010871,0.025912,0.0,0.0,0.0,0.0,0.0,0.0,0.109661,0.003247
2024-05-09,0.063189,0.030662,0.054539,0.0,0.0,0.0,0.0,0.0,0.057458,0.0,0.0,0.034552,0.083011,0.038116,0.0,0.0,0.097468,0.0,0.079464,0.107603,0.0,0.042726,0.0,0.0,0.014389,0.074606,0.0,0.0,0.02943,0.0,0.0,0.042959,0.0,0.01078,0.026338,0.0,0.0,0.0,0.0,0.0,0.0,0.109484,0.003224
2024-05-10,0.063452,0.030829,0.054277,0.0,0.0,0.0,0.0,0.0,0.058145,0.0,0.0,0.034634,0.083405,0.038134,0.0,0.0,0.097626,0.0,0.079631,0.107899,0.0,0.042361,0.0,0.0,0.014456,0.075406,0.0,0.0,0.029391,0.0,0.0,0.043346,0.0,0.01091,0.0264,0.0,0.0,0.0,0.0,0.0,0.0,0.106472,0.003227
2024-05-13,0.063324,0.030768,0.053925,0.0,0.0,0.0,0.0,0.0,0.058115,0.0,0.0,0.034483,0.082856,0.037844,0.0,0.0,0.096969,0.0,0.079377,0.106516,0.0,0.043088,0.0,0.0,0.014487,0.075372,0.0,0.0,0.029363,0.0,0.0,0.042752,0.0,0.010353,0.026503,0.0,0.0,0.0,0.0,0.0,0.0,0.110685,0.003219
2024-05-14,0.063188,0.030913,0.054148,0.0,0.0,0.0,0.0,0.0,0.058895,0.0,0.0,0.034513,0.082968,0.038138,0.0,0.0,0.09659,0.0,0.079164,0.106767,0.0,0.04336,0.0,0.0,0.014562,0.076344,0.0,0.0,0.029414,0.0,0.0,0.042956,0.0,0.010416,0.027183,0.0,0.0,0.0,0.0,0.0,0.0,0.107273,0.003208
2024-05-15,0.062663,0.03061,0.053628,0.0,0.0,0.0,0.0,0.0,0.058718,0.0,0.0,0.034019,0.081869,0.037552,0.0,0.0,0.09523,0.0,0.077676,0.108477,0.0,0.043327,0.0,0.0,0.014584,0.076879,0.0,0.0,0.029232,0.0,0.0,0.042615,0.0,0.010271,0.026609,0.0,0.0,0.0,0.0,0.0,0.0,0.112897,0.003143
2024-05-16,0.063452,0.030683,0.053522,0.0,0.0,0.0,0.0,0.0,0.058648,0.0,0.0,0.034275,0.082545,0.037728,0.0,0.0,0.095444,0.0,0.077755,0.106017,0.0,0.043675,0.0,0.0,0.014654,0.077134,0.0,0.0,0.029298,0.0,0.0,0.0428,0.0,0.0102,0.026656,0.0,0.0,0.0,0.0,0.0,0.0,0.112345,0.003169
2024-05-17,0.062845,0.030591,0.053576,0.0,0.0,0.0,0.0,0.0,0.058486,0.0,0.0,0.034138,0.082677,0.037678,0.0,0.0,0.095006,0.0,0.077972,0.105412,0.0,0.042765,0.0,0.0,0.014538,0.076259,0.0,0.0,0.028984,0.0,0.0,0.043258,0.0,0.010137,0.027745,0.0,0.0,0.0,0.0,0.0,0.0,0.114782,0.003151
2024-05-20,0.062704,0.030348,0.053552,0.0,0.0,0.0,0.0,0.0,0.057876,0.0,0.0,0.03398,0.080936,0.036888,0.0,0.0,0.094473,0.0,0.077495,0.10414,0.0,0.042951,0.0,0.0,0.014598,0.077351,0.0,0.0,0.029058,0.0,0.0,0.043106,0.0,0.010168,0.028096,0.0,0.0,0.0,0.0,0.0,0.0,0.119152,0.003128
2024-05-21,0.062746,0.030471,0.053465,0.0,0.0,0.0,0.0,0.0,0.057763,0.0,0.0,0.034076,0.081797,0.03719,0.0,0.0,0.094557,0.0,0.077819,0.103849,0.0,0.042803,0.0,0.0,0.014683,0.077424,0.0,0.0,0.028859,0.0,0.0,0.043222,0.0,0.010327,0.027672,0.0,0.0,0.0,0.0,0.0,0.0,0.118136,0.003141
2024-05-22,0.063062,0.030402,0.053141,0.0,0.0,0.0,0.0,0.0,0.058675,0.0,0.0,0.034309,0.08179,0.036998,0.0,0.0,0.095204,0.0,0.077494,0.101625,0.0,0.043326,0.0,0.0,0.014799,0.078775,0.0,0.0,0.028691,0.0,0.0,0.042667,0.0,0.010428,0.025977,0.0,0.0,0.0,0.0,0.0,0.0,0.119478,0.003159
2024-05-23,0.063819,0.030652,0.05359,0.0,0.0,0.0,0.0,0.0,0.059444,0.0,0.0,0.034358,0.0817,0.036654,0.0,0.0,0.095294,0.0,0.077798,0.102031,0.0,0.042528,0.0,0.0,0.014868,0.079344,0.0,0.0,0.029099,0.0,0.0,0.042356,0.0,0.01079,0.026034,0.0,0.0,0.0,0.0,0.0,0.0,0.116439,0.003201
2024-05-24,0.063084,0.030554,0.053584,0.0,0.0,0.0,0.0,0.0,0.059544,0.0,0.0,0.034418,0.081297,0.03649,0.0,0.0,0.094733,0.0,0.07762,0.102066,0.0,0.041833,0.0,0.0,0.01483,0.080034,0.0,0.0,0.029039,0.0,0.0,0.041932,0.0,0.01069,0.026235,0.0,0.0,0.0,0.0,0.0,0.0,0.118852,0.003167
2024-05-27,0.063084,0.030554,0.053584,0.0,0.0,0.0,0.0,0.0,0.059543,0.0,0.0,0.034418,0.081297,0.03649,0.0,0.0,0.094733,0.0,0.07762,0.102066,0.0,0.041833,0.0,0.0,0.01483,0.080034,0.0,0.0,0.029039,0.0,0.0,0.041932,0.0,0.01069,0.026235,0.0,0.0,0.0,0.0,0.0,0.0,0.118851,0.003168
2024-05-28,0.063153,0.03054,0.053964,0.0,0.0,0.0,0.0,0.0,0.06033,0.0,0.0,0.034524,0.080509,0.036248,0.0,0.0,0.093706,0.0,0.07743,0.100989,0.0,0.042033,0.0,0.0,0.014913,0.081499,0.0,0.0,0.029097,0.0,0.0,0.042432,0.0,0.010939,0.027033,0.0,0.0,0.0,0.0,0.0,0.0,0.11749,0.003172
2024-05-29,0.063469,0.030538,0.053674,0.0,0.0,0.0,0.0,0.0,0.059746,0.0,0.0,0.034856,0.081059,0.036045,0.0,0.0,0.093762,0.0,0.077466,0.101411,0.0,0.041872,0.0,0.0,0.01504,0.081011,0.0,0.0,0.029065,0.0,0.0,0.042666,0.0,0.011213,0.026703,0.0,0.0,0.0,0.0,0.0,0.0,0.117183,0.00322
2024-05-30,0.063027,0.030604,0.05375,0.0,0.0,0.0,0.0,0.0,0.059451,0.0,0.0,0.034489,0.080904,0.036332,0.0,0.0,0.093718,0.0,0.077529,0.102817,0.0,0.042271,0.0,0.0,0.01459,0.079863,0.0,0.0,0.028566,0.0,0.0,0.042436,0.0,0.01107,0.026319,0.0,0.0,0.0,0.0,0.0,0.0,0.119066,0.003197
2024-05-31,0.027055,0.0,0.0,0.0,0.0,0.0,0.0,0.086857,0.024207,0.0,0.0,0.086988,0.059233,0.052043,0.0,0.0,0.099089,0.0,0.0,0.099053,0.0,0.044444,0.034523,0.022646,0.0,0.053656,0.0,0.0,0.053931,0.0,0.0,0.07238,0.0,0.0,0.072878,0.0,0.0,0.0,0.0,0.0,0.0,0.099097,0.01192
2024-06-03,0.027228,0.0,0.0,0.0,0.0,0.0,0.0,0.089357,0.024344,0.0,0.0,0.086912,0.05858,0.051187,0.0,0.0,0.097406,0.0,0.0,0.097722,0.0,0.045366,0.034344,0.02228,0.0,0.053484,0.0,0.0,0.054264,0.0,0.0,0.072673,0.0,0.0,0.071865,0.0,0.0,0.0,0.0,0.0,0.0,0.101124,0.011865
2024-06-04,0.027447,0.0,0.0,0.0,0.0,0.0,0.0,0.084851,0.024297,0.0,0.0,0.088222,0.058964,0.050911,0.0,0.0,0.098255,0.0,0.0,0.096939,0.0,0.045749,0.035029,0.02252,0.0,0.053661,0.0,0.0,0.054889,0.0,0.0,0.072828,0.0,0.0,0.069185,0.0,0.0,0.0,0.0,0.0,0.0,0.104251,0.012001
2024-06-05,0.027315,0.0,0.0,0.0,0.0,0.0,0.0,0.08621,0.024501,0.0,0.0,0.08789,0.058206,0.050266,0.0,0.0,0.097686,0.0,0.0,0.097169,0.0,0.046486,0.034403,0.022039,0.0,0.055126,0.0,0.0,0.054911,0.0,0.0,0.072531,0.0,0.0,0.069684,0.0,0.0,0.0,0.0,0.0,0.0,0.103764,0.011813
2024-06-06,0.027497,0.0,0.0,0.0,0.0,0.0,0.0,0.086777,0.024637,0.0,0.0,0.088122,0.058297,0.050425,0.0,0.0,0.097305,0.0,0.0,0.096174,0.0,0.045938,0.03458,0.021856,0.0,0.054786,0.0,0.0,0.054728,0.0,0.0,0.073217,0.0,0.0,0.071118,0.0,0.0,0.0,0.0,0.0,0.0,0.102705,0.011839
2024-06-07,0.02776,0.0,0.0,0.0,0.0,0.0,0.0,0.088737,0.024688,0.0,0.0,0.088453,0.059189,0.05085,0.0,0.0,0.098447,0.0,0.0,0.095533,0.0,0.045712,0.034774,0.021848,0.0,0.055205,0.0,0.0,0.05459,0.0,0.0,0.071357,0.0,0.0,0.068963,0.0,0.0,0.0,0.0,0.0,0.0,0.101929,0.011964
2024-06-10,0.027569,0.0,0.0,0.0,0.0,0.0,0.0,0.088582,0.024769,0.0,0.0,0.088256,0.058684,0.050004,0.0,0.0,0.098289,0.0,0.0,0.095969,0.0,0.045796,0.034584,0.022025,0.0,0.055737,0.0,0.0,0.054736,0.0,0.0,0.071673,0.0,0.0,0.069696,0.0,0.0,0.0,0.0,0.0,0.0,0.101722,0.011909
2024-06-11,0.027701,0.0,0.0,0.0,0.0,0.0,0.0,0.089419,0.024928,0.0,0.0,0.089078,0.058446,0.049933,0.0,0.0,0.098452,0.0,0.0,0.095444,0.0,0.046371,0.034822,0.022054,0.0,0.056196,0.0,0.0,0.05486,0.0,0.0,0.07241,0.0,0.0,0.068539,0.0,0.0,0.0,0.0,0.0,0.0,0.09935,0.011999
2024-06-12,0.027845,0.0,0.0,0.0,0.0,0.0,0.0,0.089193,0.025215,0.0,0.0,0.087999,0.057804,0.050487,0.0,0.0,0.098393,0.0,0.0,0.097585,0.0,0.046582,0.034096,0.02169,0.0,0.057202,0.0,0.0,0.055514,0.0,0.0,0.071876,0.0,0.0,0.068049,0.0,0.0,0.0,0.0,0.0,0.0,0.098587,0.011882
2024-06-13,0.027785,0.0,0.0,0.0,0.0,0.0,0.0,0.089528,0.025342,0.0,0.0,0.08768,0.058053,0.050144,0.0,0.0,0.098255,0.0,0.0,0.09818,0.0,0.046817,0.034312,0.02185,0.0,0.058115,0.0,0.0,0.055444,0.0,0.0,0.07165,0.0,0.0,0.067212,0.0,0.0,0.0,0.0,0.0,0.0,0.097685,0.011946
2024-06-14,0.027815,0.0,0.0,0.0,0.0,0.0,0.0,0.09083,0.025677,0.0,0.0,0.088319,0.058103,0.049703,0.0,0.0,0.097662,0.0,0.0,0.097518,0.0,0.04597,0.034514,0.021885,0.0,0.058141,0.0,0.0,0.055281,0.0,0.0,0.072873,0.0,0.0,0.067347,0.0,0.0,0.0,0.0,0.0,0.0,0.096364,0.011996
2024-06-17,0.027725,0.0,0.0,0.0,0.0,0.0,0.0,0.090469,0.025821,0.0,0.0,0.088259,0.0583,0.050188,0.0,0.0,0.098208,0.0,0.0,0.097774,0.0,0.045143,0.034653,0.021527,0.0,0.05874,0.0,0.0,0.055069,0.0,0.0,0.072102,0.0,0.0,0.066423,0.0,0.0,0.0,0.0,0.0,0.0,0.097667,0.011933
2024-06-18,0.027978,0.0,0.0,0.0,0.0,0.0,0.0,0.091066,0.026222,0.0,0.0,0.087902,0.05878,0.050462,0.0,0.0,0.098923,0.0,0.0,0.096228,0.0,0.044784,0.034763,0.021577,0.0,0.0596,0.0,0.0,0.055489,0.0,0.0,0.072527,0.0,0.0,0.067548,0.0,0.0,0.0,0.0,0.0,0.0,0.094195,0.011957
2024-06-19,0.028029,0.0,0.0,0.0,0.0,0.0,0.0,0.091061,0.02622,0.0,0.0,0.087897,0.058777,0.05046,0.0,0.0,0.098918,0.0,0.0,0.096223,0.0,0.044781,0.034761,0.021576,0.0,0.059596,0.0,0.0,0.055486,0.0,0.0,0.072523,0.0,0.0,0.067544,0.0,0.0,0.0,0.0,0.0,0.0,0.09419,0.011958
2024-06-20,0.028035,0.0,0.0,0.0,0.0,0.0,0.0,0.090022,0.026392,0.0,0.0,0.088156,0.059012,0.050494,0.0,0.0,0.09885,0.0,0.0,0.095582,0.0,0.044816,0.034639,0.021734,0.0,0.057901,0.0,0.0,0.054414,0.0,0.0,0.073331,0.0,0.0,0.069602,0.0,0.0,0.0,0.0,0.0,0.0,0.095075,0.011945
2024-06-21,0.027946,0.0,0.0,0.0,0.0,0.0,0.0,0.089927,0.026374,0.0,0.0,0.089058,0.059001,0.050613,0.0,0.0,0.099006,0.0,0.0,0.096319,0.0,0.046228,0.034794,0.021686,0.0,0.057548,0.0,0.0,0.054087,0.0,0.0,0.072461,0.0,0.0,0.068629,0.0,0.0,0.0,0.0,0.0,0.0,0.094334,0.011989
2024-06-24,0.028204,0.0,0.0,0.0,0.0,0.0,0.0,0.090923,0.026075,0.0,0.0,0.089625,0.059786,0.051724,0.0,0.0,0.099725,0.0,0.0,0.0972,0.0,0.047108,0.03527,0.022037,0.0,0.056073,0.0,0.0,0.05372,0.0,0.0,0.072966,0.0,0.0,0.070464,0.0,0.0,0.0,0.0,0.0,0.0,0.087071,0.012028
2024-06-25,0.028141,0.0,0.0,0.0,0.0,0.0,0.0,0.091033,0.026165,0.0,0.0,0.090654,0.059359,0.051112,0.0,0.0,0.098904,0.0,0.0,0.094512,0.0,0.04679,0.035055,0.021835,0.0,0.056952,0.0,0.0,0.054389,0.0,0.0,0.072626,0.0,0.0,0.069237,0.0,0.0,0.0,0.0,0.0,0.0,0.091204,0.012032
2024-06-26,0.028153,0.0,0.0,0.0,0.0,0.0,0.0,0.09139,0.02605,0.0,0.0,0.090955,0.059173,0.051287,0.0,0.0,0.098952,0.0,0.0,0.095031,0.0,0.046491,0.035094,0.021813,0.0,0.056912,0.0,0.0,0.05451,0.0,0.0,0.072186,0.0,0.0,0.069962,0.0,0.0,0.0,0.0,0.0,0.0,0.089966,0.012074
2024-06-27,0.028118,0.0,0.0,0.0,0.0,0.0,0.0,0.09208,0.026148,0.0,0.0,0.091206,0.058929,0.051651,0.0,0.0,0.098769,0.0,0.0,0.094886,0.0,0.046692,0.034842,0.021787,0.0,0.056454,0.0,0.0,0.054392,0.0,0.0,0.072792,0.0,0.0,0.068885,0.0,0.0,0.0,0.0,0.0,0.0,0.090329,0.01204
2024-06-28,0.071036,0.058755,0.0,0.0,0.0,0.0,0.0,0.021155,0.058738,0.0,0.0,0.070809,0.057455,0.022143,0.0,0.0,0.071057,0.0,0.036821,0.034148,0.0,0.026173,0.059967,0.071076,0.027576,0.051066,0.0,0.0,0.0,0.0,0.0,0.033118,0.035688,0.04596,0.071137,0.0,0.0,0.0,0.0,0.0,0.0,0.071124,0.004999
2024-07-01,0.070557,0.059021,0.0,0.0,0.0,0.0,0.0,0.021275,0.0585,0.0,0.0,0.070409,0.057496,0.02201,0.0,0.0,0.07019,0.0,0.036201,0.033251,0.0,0.026228,0.059457,0.070482,0.027743,0.05099,0.0,0.0,0.0,0.0,0.0,0.033156,0.036011,0.045545,0.0716,0.0,0.0,0.0,0.0,0.0,0.0,0.074884,0.004994
2024-07-02,0.070542,0.058694,0.0,0.0,0.0,0.0,0.0,0.021211,0.058657,0.0,0.0,0.070833,0.058,0.022223,0.0,0.0,0.070373,0.0,0.036164,0.032934,0.0,0.025681,0.059701,0.070644,0.027803,0.05156,0.0,0.0,0.0,0.0,0.0,0.03306,0.036069,0.046088,0.071662,0.0,0.0,0.0,0.0,0.0,0.0,0.07312,0.00498
2024-07-03,0.070729,0.059054,0.0,0.0,0.0,0.0,0.0,0.021166,0.059272,0.0,0.0,0.070409,0.057452,0.021785,0.0,0.0,0.070181,0.0,0.036203,0.032812,0.0,0.025381,0.059221,0.07062,0.027999,0.052087,0.0,0.0,0.0,0.0,0.0,0.033221,0.036996,0.045911,0.073673,0.0,0.0,0.0,0.0,0.0,0.0,0.07088,0.004949
2024-07-04,0.070959,0.059039,0.0,0.0,0.0,0.0,0.0,0.021161,0.059257,0.0,0.0,0.070391,0.057438,0.021779,0.0,0.0,0.070163,0.0,0.036194,0.032804,0.0,0.025375,0.059207,0.070602,0.027992,0.052074,0.0,0.0,0.0,0.0,0.0,0.033212,0.036987,0.045899,0.073655,0.0,0.0,0.0,0.0,0.0,0.0,0.070863,0.004949
2024-07-05,0.071008,0.059464,0.0,0.0,0.0,0.0,0.0,0.021233,0.059419,0.0,0.0,0.071681,0.057364,0.02145,0.0,0.0,0.069836,0.0,0.036213,0.032559,0.0,0.025583,0.059872,0.070651,0.028048,0.052121,0.0,0.0,0.0,0.0,0.0,0.033625,0.037798,0.046156,0.07487,0.0,0.0,0.0,0.0,0.0,0.0,0.066105,0.004944
2024-07-08,0.07122,0.059207,0.0,0.0,0.0,0.0,0.0,0.021235,0.060273,0.0,0.0,0.071083,0.05725,0.021459,0.0,0.0,0.069969,0.0,0.036345,0.032928,0.0,0.026024,0.059818,0.07077,0.028258,0.053145,0.0,0.0,0.0,0.0,0.0,0.03323,0.037358,0.045843,0.073454,0.0,0.0,0.0,0.0,0.0,0.0,0.066182,0.004948
2024-07-09,0.070986,0.058589,0.0,0.0,0.0,0.0,0.0,0.021264,0.059961,0.0,0.0,0.071124,0.057547,0.021758,0.0,0.0,0.069488,0.0,0.035883,0.032735,0.0,0.026276,0.059513,0.070798,0.028164,0.052986,0.0,0.0,0.0,0.0,0.0,0.033202,0.03725,0.046394,0.073425,0.0,0.0,0.0,0.0,0.0,0.0,0.067718,0.004936
2024-07-10,0.070883,0.058901,0.0,0.0,0.0,0.0,0.0,0.021074,0.060378,0.0,0.0,0.071069,0.057361,0.02204,0.0,0.0,0.069616,0.0,0.036108,0.033204,0.0,0.026398,0.059356,0.070964,0.028372,0.053835,0.0,0.0,0.0,0.0,0.0,0.03309,0.037041,0.045501,0.073295,0.0,0.0,0.0,0.0,0.0,0.0,0.066612,0.004903
2024-07-11,0.07065,0.058878,0.0,0.0,0.0,0.0,0.0,0.02102,0.060022,0.0,0.0,0.069734,0.057513,0.022721,0.0,0.0,0.070135,0.0,0.036412,0.035079,0.0,0.026943,0.058826,0.071886,0.027518,0.051794,0.0,0.0,0.0,0.0,0.0,0.033502,0.037529,0.046073,0.072622,0.0,0.0,0.0,0.0,0.0,0.0,0.066266,0.004877
2024-07-12,0.070874,0.059269,0.0,0.0,0.0,0.0,0.0,0.020976,0.059677,0.0,0.0,0.069144,0.057401,0.022662,0.0,0.0,0.070169,0.0,0.036569,0.035557,0.0,0.027075,0.058776,0.072035,0.027619,0.052151,0.0,0.0,0.0,0.0,0.0,0.033305,0.036604,0.045626,0.073312,0.0,0.0,0.0,0.0,0.0,0.0,0.066346,0.004852
2024-07-15,0.070665,0.058413,0.0,0.0,0.0,0.0,0.0,0.020931,0.058472,0.0,0.0,0.069135,0.058025,0.023182,0.0,0.0,0.07041,0.0,0.036341,0.035392,0.0,0.027231,0.058218,0.070026,0.027566,0.052016,0.0,0.0,0.0,0.0,0.0,0.033289,0.036351,0.045196,0.0717,0.0,0.0,0.0,0.0,0.0,0.0,0.072605,0.004835
2024-07-16,0.06978,0.057982,0.0,0.0,0.0,0.0,0.0,0.020771,0.058547,0.0,0.0,0.068549,0.058034,0.023858,0.0,0.0,0.071365,0.0,0.036634,0.03707,0.0,0.027454,0.058125,0.069786,0.027169,0.051756,0.0,0.0,0.0,0.0,0.0,0.033575,0.036691,0.044067,0.070136,0.0,0.0,0.0,0.0,0.0,0.0,0.073868,0.004782
2024-07-17,0.070327,0.058474,0.0,0.0,0.0,0.0,0.0,0.020961,0.057347,0.0,0.0,0.068455,0.059289,0.024403,0.0,0.0,0.071432,0.0,0.037067,0.036791,0.0,0.027276,0.059692,0.070798,0.026475,0.048744,0.0,0.0,0.0,0.0,0.0,0.033884,0.03598,0.044681,0.068929,0.0,0.0,0.0,0.0,0.0,0.0,0.074142,0.00485
2024-07-18,0.070378,0.058504,0.0,0.0,0.0,0.0,0.0,0.021167,0.057128,0.0,0.0,0.069013,0.059084,0.02422,0.0,0.0,0.071493,0.0,0.037021,0.037799,0.0,0.026892,0.059915,0.071356,0.026709,0.049318,0.0,0.0,0.0,0.0,0.0,0.033962,0.035678,0.045166,0.066837,0.0,0.0,0.0,0.0,0.0,0.0,0.073468,0.004893
2024-07-19,0.070073,0.058357,0.0,0.0,0.0,0.0,0.0,0.020881,0.056448,0.0,0.0,0.068949,0.05869,0.024334,0.0,0.0,0.071351,0.0,0.036821,0.037847,0.0,0.026978,0.059927,0.071689,0.026384,0.047978,0.0,0.0,0.0,0.0,0.0,0.033471,0.035133,0.044738,0.066933,0.0,0.0,0.0,0.0,0.0,0.0,0.078107,0.00491
2024-07-22,0.069779,0.058659,0.0,0.0,0.0,0.0,0.0,0.020864,0.055755,0.0,0.0,0.068636,0.058503,0.024506,0.0,0.0,0.071447,0.0,0.036621,0.038074,0.0,0.027121,0.059442,0.071661,0.026773,0.04953,0.0,0.0,0.0,0.0,0.0,0.033189,0.034747,0.04553,0.065751,0.0,0.0,0.0,0.0,0.0,0.0,0.078543,0.004868
2024-07-23,0.07056,0.058415,0.0,0.0,0.0,0.0,0.0,0.020632,0.056184,0.0,0.0,0.068845,0.058873,0.024937,0.0,0.0,0.07163,0.0,0.036931,0.038369,0.0,0.027482,0.059494,0.071533,0.026786,0.04901,0.0,0.0,0.0,0.0,0.0,0.033455,0.034968,0.045733,0.065553,0.0,0.0,0.0,0.0,0.0,0.0,0.075722,0.00489
2024-07-24,0.07034,0.0587,0.0,0.0,0.0,0.0,0.0,0.020817,0.055548,0.0,0.0,0.068003,0.058897,0.024858,0.0,0.0,0.071088,0.0,0.036979,0.037797,0.0,0.027673,0.060288,0.07337,0.026043,0.047066,0.0,0.0,0.0,0.0,0.0,0.033813,0.035135,0.046041,0.065645,0.0,0.0,0.0,0.0,0.0,0.0,0.076937,0.004961
2024-07-25,0.070278,0.058753,0.0,0.0,0.0,0.0,0.0,0.021024,0.055671,0.0,0.0,0.067509,0.059375,0.02553,0.0,0.0,0.07197,0.0,0.037243,0.038673,0.0,0.028337,0.06048,0.073076,0.025877,0.046216,0.0,0.0,0.0,0.0,0.0,0.033428,0.033925,0.045934,0.065757,0.0,0.0,0.0,0.0,0.0,0.0,0.075958,0.004984
2024-07-26,0.069305,0.058655,0.0,0.0,0.0,0.0,0.0,0.021086,0.055301,0.0,0.0,0.067703,0.059366,0.025553,0.0,0.0,0.072058,0.0,0.037262,0.039379,0.0,0.02805,0.060142,0.072641,0.025796,0.046472,0.0,0.0,0.0,0.0,0.0,0.033254,0.033488,0.045161,0.065704,0.0,0.0,0.0,0.0,0.0,0.0,0.078716,0.004906
2024-07-29,0.069439,0.058414,0.0,0.0,0.0,0.0,0.0,0.021166,0.054734,0.0,0.0,0.068534,0.059485,0.025171,0.0,0.0,0.072177,0.0,0.037454,0.039828,0.0,0.027794,0.06037,0.073216,0.025769,0.046533,0.0,0.0,0.0,0.0,0.0,0.03332,0.03355,0.044803,0.065433,0.0,0.0,0.0,0.0,0.0,0.0,0.077887,0.004924
2024-07-30,0.069557,0.058736,0.0,0.0,0.0,0.0,0.0,0.021211,0.05479,0.0,0.0,0.068934,0.06028,0.025419,0.0,0.0,0.07252,0.0,0.037399,0.040253,0.0,0.027489,0.060071,0.073728,0.025167,0.044925,0.0,0.0,0.0,0.0,0.0,0.033714,0.034126,0.045264,0.065055,0.0,0.0,0.0,0.0,0.0,0.0,0.07643,0.004934
2024-07-31,0.082152,0.023778,0.0,0.0,0.050466,0.012393,0.0,0.040227,0.040016,0.0,0.0,0.082396,0.070537,0.022217,0.024772,0.0,0.037297,0.0,0.0,0.0,0.0,0.0,0.082302,0.077212,0.033651,0.052869,0.0,0.0,0.0,0.0,0.0,0.048772,0.043872,0.030015,0.082493,0.0,0.0,0.0,0.0,0.0,0.0,0.058723,0.00384
2024-08-01,0.082377,0.023681,0.0,0.0,0.050707,0.012434,0.0,0.040463,0.039625,0.0,0.0,0.084141,0.07072,0.021652,0.024526,0.0,0.037229,0.0,0.0,0.0,0.0,0.0,0.084477,0.079939,0.032948,0.049894,0.0,0.0,0.0,0.0,0.0,0.049432,0.04401,0.029908,0.079985,0.0,0.0,0.0,0.0,0.0,0.0,0.057943,0.003906
2024-08-02,0.081294,0.02386,0.0,0.0,0.050213,0.012581,0.0,0.040698,0.039103,0.0,0.0,0.084037,0.070035,0.02123,0.024259,0.0,0.036966,0.0,0.0,0.0,0.0,0.0,0.08652,0.081291,0.032511,0.047964,0.0,0.0,0.0,0.0,0.0,0.050091,0.0447,0.030404,0.080193,0.0,0.0,0.0,0.0,0.0,0.0,0.058086,0.003965
2024-08-05,0.082448,0.024104,0.0,0.0,0.050618,0.012934,0.0,0.040998,0.03838,0.0,0.0,0.084327,0.070253,0.021309,0.024508,0.0,0.037526,0.0,0.0,0.0,0.0,0.0,0.087623,0.081763,0.032467,0.048676,0.0,0.0,0.0,0.0,0.0,0.051091,0.044086,0.031747,0.079708,0.0,0.0,0.0,0.0,0.0,0.0,0.051338,0.004097
2024-08-06,0.082111,0.02395,0.0,0.0,0.050366,0.012799,0.0,0.040785,0.038441,0.0,0.0,0.084554,0.070747,0.021231,0.024437,0.0,0.037636,0.0,0.0,0.0,0.0,0.0,0.087439,0.081712,0.032613,0.048675,0.0,0.0,0.0,0.0,0.0,0.050227,0.043303,0.031702,0.079151,0.0,0.0,0.0,0.0,0.0,0.0,0.054062,0.004061
2024-08-07,0.083543,0.024058,0.0,0.0,0.051601,0.012903,0.0,0.041047,0.039106,0.0,0.0,0.084357,0.071042,0.021185,0.024608,0.0,0.037565,0.0,0.0,0.0,0.0,0.0,0.087788,0.082415,0.032179,0.04746,0.0,0.0,0.0,0.0,0.0,0.050342,0.042885,0.032266,0.077406,0.0,0.0,0.0,0.0,0.0,0.0,0.05217,0.004073
2024-08-08,0.081676,0.023891,0.0,0.0,0.050845,0.01292,0.0,0.040573,0.039764,0.0,0.0,0.084267,0.070703,0.021159,0.024621,0.0,0.037641,0.0,0.0,0.0,0.0,0.0,0.086761,0.080808,0.032694,0.04969,0.0,0.0,0.0,0.0,0.0,0.050079,0.043176,0.031221,0.077831,0.0,0.0,0.0,0.0,0.0,0.0,0.05569,0.00399
2024-08-09,0.081697,0.023923,0.0,0.0,0.050843,0.012803,0.0,0.040386,0.040057,0.0,0.0,0.084563,0.070651,0.021011,0.024553,0.0,0.03746,0.0,0.0,0.0,0.0,0.0,0.086461,0.08068,0.032678,0.049151,0.0,0.0,0.0,0.0,0.0,0.049953,0.042945,0.031628,0.078029,0.0,0.0,0.0,0.0,0.0,0.0,0.056556,0.003971
2024-08-12,0.081862,0.023847,0.0,0.0,0.051173,0.012925,0.0,0.040267,0.04032,0.0,0.0,0.08391,0.070229,0.020782,0.024655,0.0,0.03724,0.0,0.0,0.0,0.0,0.0,0.085956,0.080758,0.032919,0.049395,0.0,0.0,0.0,0.0,0.0,0.050769,0.043751,0.031302,0.079174,0.0,0.0,0.0,0.0,0.0,0.0,0.054798,0.003969
2024-08-13,0.08201,0.023936,0.0,0.0,0.050915,0.012872,0.0,0.039783,0.040829,0.0,0.0,0.084192,0.070137,0.020837,0.024183,0.0,0.037273,0.0,0.0,0.0,0.0,0.0,0.085526,0.080456,0.033607,0.050911,0.0,0.0,0.0,0.0,0.0,0.050208,0.043216,0.030707,0.078497,0.0,0.0,0.0,0.0,0.0,0.0,0.055973,0.003932
2024-08-14,0.082876,0.024106,0.0,0.0,0.051043,0.01263,0.0,0.039733,0.040772,0.0,0.0,0.083846,0.07111,0.020845,0.024364,0.0,0.037486,0.0,0.0,0.0,0.0,0.0,0.086055,0.080532,0.033846,0.050865,0.0,0.0,0.0,0.0,0.0,0.04988,0.042792,0.03077,0.078315,0.0,0.0,0.0,0.0,0.0,0.0,0.054195,0.003938
2024-08-15,0.083022,0.024054,0.0,0.0,0.050937,0.01266,0.0,0.039602,0.040556,0.0,0.0,0.08357,0.070893,0.021045,0.024354,0.0,0.037527,0.0,0.0,0.0,0.0,0.0,0.08588,0.079537,0.034394,0.052659,0.0,0.0,0.0,0.0,0.0,0.049425,0.043497,0.030368,0.08022,0.0,0.0,0.0,0.0,0.0,0.0,0.05191,0.003891
2024-08-16,0.08249,0.023983,0.0,0.0,0.050898,0.012758,0.0,0.039623,0.040641,0.0,0.0,0.083124,0.070821,0.021179,0.024124,0.0,0.037161,0.0,0.0,0.0,0.0,0.0,0.085398,0.079225,0.034165,0.05211,0.0,0.0,0.0,0.0,0.0,0.05011,0.044085,0.030254,0.080044,0.0,0.0,0.0,0.0,0.0,0.0,0.053946,0.003859
2024-08-19,0.082584,0.024049,0.0,0.0,0.05102,0.012744,0.0,0.039376,0.040939,0.0,0.0,0.083367,0.070614,0.021195,0.024084,0.0,0.037074,0.0,0.0,0.0,0.0,0.0,0.084969,0.079081,0.034438,0.052553,0.0,0.0,0.0,0.0,0.0,0.04961,0.044379,0.030543,0.080745,0.0,0.0,0.0,0.0,0.0,0.0,0.052808,0.003827
2024-08-20,0.082893,0.024047,0.0,0.0,0.050851,0.01248,0.0,0.039552,0.040673,0.0,0.0,0.083533,0.070578,0.020907,0.023513,0.0,0.037072,0.0,0.0,0.0,0.0,0.0,0.085619,0.079124,0.034409,0.051997,0.0,0.0,0.0,0.0,0.0,0.049926,0.044564,0.030852,0.080209,0.0,0.0,0.0,0.0,0.0,0.0,0.053363,0.003839
2024-08-21,0.082619,0.024075,0.0,0.0,0.050721,0.012531,0.0,0.039492,0.040316,0.0,0.0,0.083275,0.069952,0.020828,0.023381,0.0,0.037024,0.0,0.0,0.0,0.0,0.0,0.08557,0.079104,0.034359,0.05235,0.0,0.0,0.0,0.0,0.0,0.049496,0.044371,0.030639,0.081249,0.0,0.0,0.0,0.0,0.0,0.0,0.054836,0.003811
2024-08-22,0.083311,0.024153,0.0,0.0,0.050698,0.012541,0.0,0.039755,0.039789,0.0,0.0,0.083403,0.070994,0.021109,0.023655,0.0,0.037316,0.0,0.0,0.0,0.0,0.0,0.086226,0.079731,0.033876,0.051023,0.0,0.0,0.0,0.0,0.0,0.04935,0.043846,0.030932,0.080296,0.0,0.0,0.0,0.0,0.0,0.0,0.054149,0.003846
2024-08-23,0.082592,0.024174,0.0,0.0,0.050588,0.012482,0.0,0.039327,0.040287,0.0,0.0,0.082648,0.070464,0.021659,0.023626,0.0,0.037088,0.0,0.0,0.0,0.0,0.0,0.085089,0.078678,0.033875,0.051554,0.0,0.0,0.0,0.0,0.0,0.049123,0.044471,0.030687,0.081555,0.0,0.0,0.0,0.0,0.0,0.0,0.056248,0.003785
2024-08-26,0.082586,0.024097,0.0,0.0,0.050585,0.012241,0.0,0.039401,0.039937,0.0,0.0,0.082832,0.070681,0.021548,0.023836,0.0,0.037045,0.0,0.0,0.0,0.0,0.0,0.085686,0.079184,0.033448,0.050257,0.0,0.0,0.0,0.0,0.0,0.049277,0.044664,0.031045,0.081921,0.0,0.0,0.0,0.0,0.0,0.0,0.055945,0.003786
2024-08-27,0.082443,0.024219,0.0,0.0,0.050129,0.012298,0.0,0.03942,0.040111,0.0,0.0,0.082711,0.071105,0.021408,0.023633,0.0,0.037099,0.0,0.0,0.0,0.0,0.0,0.085965,0.078623,0.033678,0.050855,0.0,0.0,0.0,0.0,0.0,0.049451,0.044767,0.031133,0.082286,0.0,0.0,0.0,0.0,0.0,0.0,0.054876,0.003789
2024-08-28,0.083032,0.024368,0.0,0.0,0.050498,0.012191,0.0,0.039816,0.040438,0.0,0.0,0.083018,0.072021,0.021803,0.023726,0.0,0.037467,0.0,0.0,0.0,0.0,0.0,0.086492,0.079441,0.033559,0.050458,0.0,0.0,0.0,0.0,0.0,0.049615,0.044125,0.031344,0.080254,0.0,0.0,0.0,0.0,0.0,0.0,0.052506,0.003829
2024-08-29,0.083435,0.024384,0.0,0.0,0.050589,0.012297,0.0,0.039801,0.040391,0.0,0.0,0.082642,0.072484,0.021802,0.023976,0.0,0.037638,0.0,0.0,0.0,0.0,0.0,0.085849,0.079677,0.033174,0.050189,0.0,0.0,0.0,0.0,0.0,0.049749,0.044214,0.031192,0.080019,0.0,0.0,0.0,0.0,0.0,0.0,0.052678,0.00382
2024-08-30,0.075813,0.0,0.0,0.0,0.060301,0.0,0.0,0.050452,0.034732,0.0,0.0,0.075791,0.042624,0.042612,0.0,0.0,0.034101,0.0,0.069473,0.070006,0.0,0.047679,0.051713,0.075886,0.0,0.020249,0.0,0.0,0.0,0.075679,0.0,0.046465,0.038457,0.0,0.023812,0.0,0.0,0.0,0.0,0.0,0.023886,0.035876,0.004394
2024-09-02,0.076308,0.0,0.0,0.0,0.060241,0.0,0.0,0.050426,0.034714,0.0,0.0,0.075753,0.042603,0.042591,0.0,0.0,0.034084,0.0,0.069438,0.069971,0.0,0.047655,0.051687,0.075848,0.0,0.020239,0.0,0.0,0.0,0.075641,0.0,0.046442,0.038437,0.0,0.0238,0.0,0.0,0.0,0.0,0.0,0.023874,0.035858,0.004392
2024-09-03,0.076568,0.0,0.0,0.0,0.060437,0.0,0.0,0.050865,0.033889,0.0,0.0,0.075588,0.042982,0.042705,0.0,0.0,0.033878,0.0,0.068979,0.069205,0.0,0.047195,0.052906,0.076984,0.0,0.019002,0.0,0.0,0.0,0.076845,0.0,0.047002,0.037928,0.0,0.022372,0.0,0.0,0.0,0.0,0.0,0.024171,0.036036,0.004465
2024-09-04,0.075995,0.0,0.0,0.0,0.060335,0.0,0.0,0.051123,0.033592,0.0,0.0,0.075254,0.043044,0.042342,0.0,0.0,0.033924,0.0,0.068719,0.069154,0.0,0.047145,0.053174,0.077669,0.0,0.019071,0.0,0.0,0.0,0.077091,0.0,0.047047,0.03809,0.0,0.022363,0.0,0.0,0.0,0.0,0.0,0.024288,0.036111,0.004467
2024-09-05,0.075794,0.0,0.0,0.0,0.060356,0.0,0.0,0.051048,0.033969,0.0,0.0,0.075772,0.042739,0.042106,0.0,0.0,0.033661,0.0,0.068449,0.068948,0.0,0.047119,0.053179,0.077783,0.0,0.019043,0.0,0.0,0.0,0.077143,0.0,0.047626,0.039059,0.0,0.022328,0.0,0.0,0.0,0.0,0.0,0.024477,0.034916,0.004486
2024-09-06,0.075929,0.0,0.0,0.0,0.06039,0.0,0.0,0.051087,0.033439,0.0,0.0,0.075203,0.042688,0.041864,0.0,0.0,0.033776,0.0,0.068509,0.070239,0.0,0.047005,0.053797,0.078096,0.0,0.018478,0.0,0.0,0.0,0.078125,0.0,0.047921,0.038462,0.0,0.021923,0.0,0.0,0.0,0.0,0.0,0.024755,0.033767,0.004548
2024-09-09,0.075565,0.0,0.0,0.0,0.059951,0.0,0.0,0.050913,0.03382,0.0,0.0,0.074686,0.042842,0.041666,0.0,0.0,0.033912,0.0,0.068404,0.069749,0.0,0.047142,0.053609,0.078012,0.0,0.018633,0.0,0.0,0.0,0.078119,0.0,0.047588,0.038587,0.0,0.021994,0.0,0.0,0.0,0.0,0.0,0.024547,0.035763,0.004498
2024-09-10,0.075489,0.0,0.0,0.0,0.059573,0.0,0.0,0.050902,0.033482,0.0,0.0,0.074535,0.042328,0.041236,0.0,0.0,0.03391,0.0,0.068311,0.069984,0.0,0.047159,0.0535,0.078238,0.0,0.018796,0.0,0.0,0.0,0.079108,0.0,0.047712,0.038652,0.0,0.02186,0.0,0.0,0.0,0.0,0.0,0.024522,0.036214,0.00449
2024-09-11,0.074943,0.0,0.0,0.0,0.059392,0.0,0.0,0.050927,0.034236,0.0,0.0,0.074763,0.042082,0.040763,0.0,0.0,0.033934,0.0,0.068402,0.069524,0.0,0.047491,0.052943,0.078396,0.0,0.019647,0.0,0.0,0.0,0.078868,0.0,0.047584,0.038877,0.0,0.022256,0.0,0.0,0.0,0.0,0.0,0.024559,0.035928,0.004486
2024-09-12,0.075579,0.0,0.0,0.0,0.059574,0.0,0.0,0.050877,0.034155,0.0,0.0,0.075258,0.041677,0.040503,0.0,0.0,0.03379,0.0,0.068214,0.070198,0.0,0.047004,0.052637,0.077636,0.0,0.019328,0.0,0.0,0.0,0.078261,0.0,0.047845,0.040107,0.0,0.022645,0.0,0.0,0.0,0.0,0.0,0.024307,0.035969,0.004434
2024-09-13,0.075474,0.0,0.0,0.0,0.05944,0.0,0.0,0.050305,0.033751,0.0,0.0,0.075013,0.041265,0.040961,0.0,0.0,0.033696,0.0,0.067951,0.071367,0.0,0.04741,0.052332,0.077722,0.0,0.019422,0.0,0.0,0.0,0.078068,0.0,0.047704,0.040684,0.0,0.022602,0.0,0.0,0.0,0.0,0.0,0.024105,0.036352,0.004377
2024-09-16,0.075164,0.0,0.0,0.0,0.059265,0.0,0.0,0.050375,0.033647,0.0,0.0,0.075538,0.041658,0.041329,0.0,0.0,0.033752,0.0,0.068345,0.071551,0.0,0.047279,0.052357,0.078046,0.0,0.019097,0.0,0.0,0.0,0.078059,0.0,0.047535,0.040616,0.0,0.022769,0.0,0.0,0.0,0.0,0.0,0.024169,0.035087,0.004363
2024-09-17,0.075479,0.0,0.0,0.0,0.059455,0.0,0.0,0.050152,0.033431,0.0,0.0,0.075425,0.041817,0.041573,0.0,0.0,0.033887,0.0,0.068374,0.072023,0.0,0.047055,0.051782,0.07787,0.0,0.019092,0.0,0.0,0.0,0.077399,0.0,0.047202,0.040396,0.0,0.022811,0.0,0.0,0.0,0.0,0.0,0.024127,0.036292,0.004357
2024-09-18,0.075391,0.0,0.0,0.0,0.059439,0.0,0.0,0.050094,0.03338,0.0,0.0,0.075669,0.041857,0.041907,0.0,0.0,0.033995,0.0,0.068358,0.072217,0.0,0.04718,0.051792,0.077592,0.0,0.018958,0.0,0.0,0.0,0.077617,0.0,0.047027,0.039515,0.0,0.023023,0.0,0.0,0.0,0.0,0.0,0.024155,0.036459,0.004375
2024-09-19,0.075467,0.0,0.0,0.0,0.059568,0.0,0.0,0.049724,0.033944,0.0,0.0,0.075539,0.041682,0.042297,0.0,0.0,0.034059,0.0,0.068344,0.072838,0.0,0.047215,0.050711,0.075974,0.0,0.019467,0.0,0.0,0.0,0.076462,0.0,0.047038,0.040134,0.0,0.023488,0.0,0.0,0.0,0.0,0.0,0.023895,0.037844,0.00431
2024-09-20,0.075097,0.0,0.0,0.0,0.059645,0.0,0.0,0.050341,0.033649,0.0,0.0,0.075657,0.041719,0.041672,0.0,0.0,0.033873,0.0,0.067966,0.071255,0.0,0.04691,0.051035,0.078101,0.0,0.019212,0.0,0.0,0.0,0.076277,0.0,0.047709,0.040654,0.0,0.023379,0.0,0.0,0.0,0.0,0.0,0.023886,0.037645,0.004317
2024-09-23,0.075302,0.0,0.0,0.0,0.059992,0.0,0.0,0.050516,0.033753,0.0,0.0,0.07555,0.041517,0.041376,0.0,0.0,0.033976,0.0,0.068309,0.071589,0.0,0.045632,0.051144,0.078588,0.0,0.019216,0.0,0.0,0.0,0.076752,0.0,0.047628,0.039893,0.0,0.02345,0.0,0.0,0.0,0.0,0.0,0.023731,0.037784,0.004302
2024-09-24,0.074875,0.0,0.0,0.0,0.061115,0.0,0.0,0.049907,0.034569,0.0,0.0,0.075335,0.040859,0.040532,0.0,0.0,0.033962,0.0,0.068721,0.070982,0.0,0.045069,0.050637,0.077443,0.0,0.019303,0.0,0.0,0.0,0.076282,0.0,0.047929,0.041573,0.0,0.02493,0.0,0.0,0.0,0.0,0.0,0.023582,0.038125,0.004269
2024-09-25,0.075308,0.0,0.0,0.0,0.061337,0.0,0.0,0.050215,0.034615,0.0,0.0,0.075499,0.040831,0.04022,0.0,0.0,0.033983,0.0,0.068624,0.07014,0.0,0.044868,0.050777,0.078265,0.0,0.019539,0.0,0.0,0.0,0.076176,0.0,0.048118,0.041339,0.0,0.024618,0.0,0.0,0.0,0.0,0.0,0.023637,0.0376,0.004293
2024-09-26,0.075005,0.0,0.0,0.0,0.062545,0.0,0.0,0.05,0.03517,0.0,0.0,0.075266,0.040685,0.040226,0.0,0.0,0.033857,0.0,0.06944,0.069886,0.0,0.044681,0.050453,0.077055,0.0,0.020062,0.0,0.0,0.0,0.074833,0.0,0.047944,0.041263,0.0,0.025695,0.0,0.0,0.0,0.0,0.0,0.023465,0.038211,0.004257
2024-09-27,0.075044,0.0,0.0,0.0,0.06264,0.0,0.0,0.049865,0.034568,0.0,0.0,0.075605,0.040741,0.040203,0.0,0.0,0.033854,0.0,0.069213,0.070842,0.0,0.044722,0.050468,0.077702,0.0,0.019714,0.0,0.0,0.0,0.074815,0.0,0.047491,0.040638,0.0,0.025476,0.0,0.0,0.0,0.0,0.0,0.023469,0.038678,0.004251
2024-09-30,0.070688,0.070673,0.0,0.0,0.037608,0.012863,0.0,0.040234,0.026258,0.0,0.0,0.070629,0.039781,0.039606,0.0,0.0,0.070545,0.0,0.0,0.054183,0.067835,0.0,0.070721,0.070818,0.0,0.0,0.0,0.0,0.0,0.07043,0.0,0.058415,0.020646,0.049837,0.024373,0.0,0.0,0.0,0.0,0.0,0.029006,0.0,0.004851
2024-10-01,0.070488,0.070068,0.0,0.0,0.037562,0.013421,0.0,0.040097,0.02615,0.0,0.0,0.070866,0.039672,0.038604,0.0,0.0,0.070764,0.0,0.0,0.054519,0.067652,0.0,0.070664,0.071572,0.0,0.0,0.0,0.0,0.0,0.070155,0.0,0.05918,0.020823,0.048855,0.02486,0.0,0.0,0.0,0.0,0.0,0.029163,0.0,0.004865
2024-10-02,0.07059,0.069845,0.0,0.0,0.0382,0.014307,0.0,0.039978,0.026193,0.0,0.0,0.070643,0.039714,0.038535,0.0,0.0,0.07063,0.0,0.0,0.054008,0.067512,0.0,0.070063,0.071604,0.0,0.0,0.0,0.0,0.0,0.069905,0.0,0.059189,0.021128,0.048891,0.025107,0.0,0.0,0.0,0.0,0.0,0.029096,0.0,0.004863
2024-10-03,0.070668,0.069462,0.0,0.0,0.038226,0.014013,0.0,0.039746,0.026375,0.0,0.0,0.070823,0.03974,0.038819,0.0,0.0,0.070691,0.0,0.0,0.054181,0.067304,0.0,0.069779,0.072007,0.0,0.0,0.0,0.0,0.0,0.069683,0.0,0.059503,0.021424,0.049223,0.02429,0.0,0.0,0.0,0.0,0.0,0.029149,0.0,0.004894
2024-10-04,0.070589,0.06966,0.0,0.0,0.038229,0.014487,0.0,0.039483,0.026369,0.0,0.0,0.071423,0.040307,0.039433,0.0,0.0,0.070998,0.0,0.0,0.053053,0.06718,0.0,0.069827,0.071704,0.0,0.0,0.0,0.0,0.0,0.069166,0.0,0.059229,0.021462,0.048786,0.024771,0.0,0.0,0.0,0.0,0.0,0.028962,0.0,0.004882
2024-10-07,0.071321,0.069661,0.0,0.0,0.038867,0.015256,0.0,0.039001,0.026481,0.0,0.0,0.070883,0.040049,0.03944,0.0,0.0,0.071246,0.0,0.0,0.053286,0.067281,0.0,0.069543,0.070471,0.0,0.0,0.0,0.0,0.0,0.068962,0.0,0.059379,0.021274,0.048689,0.024997,0.0,0.0,0.0,0.0,0.0,0.029002,0.0,0.004911
2024-10-08,0.07129,0.069684,0.0,0.0,0.03806,0.013625,0.0,0.039757,0.026838,0.0,0.0,0.071603,0.040334,0.03944,0.0,0.0,0.0715,0.0,0.0,0.05376,0.067737,0.0,0.069982,0.070601,0.0,0.0,0.0,0.0,0.0,0.069194,0.0,0.05902,0.020625,0.049045,0.023897,0.0,0.0,0.0,0.0,0.0,0.029089,0.0,0.004919
2024-10-09,0.071544,0.069761,0.0,0.0,0.037839,0.013272,0.0,0.039838,0.026761,0.0,0.0,0.071448,0.040606,0.039787,0.0,0.0,0.071958,0.0,0.0,0.053763,0.068258,0.0,0.070229,0.069822,0.0,0.0,0.0,0.0,0.0,0.069094,0.0,0.058552,0.020463,0.049366,0.023764,0.0,0.0,0.0,0.0,0.0,0.028969,0.0,0.004907
2024-10-10,0.07168,0.069698,0.0,0.0,0.037941,0.013395,0.0,0.03975,0.026873,0.0,0.0,0.07106,0.040562,0.039798,0.0,0.0,0.071732,0.0,0.0,0.053075,0.068139,0.0,0.070058,0.069747,0.0,0.0,0.0,0.0,0.0,0.068616,0.0,0.059099,0.020886,0.049832,0.024161,0.0,0.0,0.0,0.0,0.0,0.028979,0.0,0.004918
2024-10-11,0.071424,0.069461,0.0,0.0,0.037856,0.013341,0.0,0.039432,0.026935,0.0,0.0,0.070867,0.040949,0.040597,0.0,0.0,0.072316,0.0,0.0,0.052902,0.067983,0.0,0.069773,0.069688,0.0,0.0,0.0,0.0,0.0,0.068729,0.0,0.059173,0.020993,0.049739,0.02423,0.0,0.0,0.0,0.0,0.0,0.028739,0.0,0.004871
2024-10-14,0.071471,0.06941,0.0,0.0,0.037615,0.013019,0.0,0.039363,0.026962,0.0,0.0,0.070909,0.041039,0.040838,0.0,0.0,0.072457,0.0,0.0,0.0538,0.068083,0.0,0.069773,0.070283,0.0,0.0,0.0,0.0,0.0,0.068864,0.0,0.058839,0.02072,0.049252,0.023767,0.0,0.0,0.0,0.0,0.0,0.028683,0.0,0.004853
2024-10-15,0.071362,0.068502,0.0,0.0,0.037017,0.012399,0.0,0.039209,0.026627,0.0,0.0,0.071185,0.041196,0.041289,0.0,0.0,0.072021,0.0,0.0,0.054245,0.067365,0.0,0.070334,0.070717,0.0,0.0,0.0,0.0,0.0,0.069812,0.0,0.059143,0.020878,0.04968,0.023348,0.0,0.0,0.0,0.0,0.0,0.028809,0.0,0.004862
2024-10-16,0.070751,0.068213,0.0,0.0,0.036999,0.012497,0.0,0.039027,0.026796,0.0,0.0,0.070745,0.041475,0.041642,0.0,0.0,0.072178,0.0,0.0,0.054671,0.067181,0.0,0.069895,0.071722,0.0,0.0,0.0,0.0,0.0,0.070189,0.0,0.05911,0.020908,0.048911,0.023537,0.0,0.0,0.0,0.0,0.0,0.028721,0.0,0.004834
2024-10-17,0.071346,0.068467,0.0,0.0,0.036987,0.012191,0.0,0.03864,0.027589,0.0,0.0,0.070591,0.041695,0.042085,0.0,0.0,0.072155,0.0,0.0,0.05436,0.066962,0.0,0.069759,0.071268,0.0,0.0,0.0,0.0,0.0,0.069814,0.0,0.059616,0.020947,0.048922,0.023149,0.0,0.0,0.0,0.0,0.0,0.028611,0.0,0.004848
2024-10-18,0.070972,0.068589,0.0,0.0,0.037161,0.012655,0.0,0.038569,0.027398,0.0,0.0,0.070708,0.041466,0.041317,0.0,0.0,0.07196,0.0,0.0,0.054697,0.066903,0.0,0.069513,0.07127,0.0,0.0,0.0,0.0,0.0,0.069932,0.0,0.059906,0.022089,0.048131,0.023432,0.0,0.0,0.0,0.0,0.0,0.028513,0.0,0.004821
2024-10-21,0.071157,0.068545,0.0,0.0,0.036985,0.012632,0.0,0.038691,0.02745,0.0,0.0,0.071129,0.041544,0.040543,0.0,0.0,0.072421,0.0,0.0,0.053332,0.066775,0.0,0.069616,0.071698,0.0,0.0,0.0,0.0,0.0,0.069244,0.0,0.06049,0.022461,0.048533,0.02337,0.0,0.0,0.0,0.0,0.0,0.028513,0.0,0.004869
2024-10-22,0.071263,0.068352,0.0,0.0,0.037081,0.012768,0.0,0.038328,0.027613,0.0,0.0,0.071311,0.041511,0.040949,0.0,0.0,0.071624,0.0,0.0,0.051605,0.066753,0.0,0.070087,0.071523,0.0,0.0,0.0,0.0,0.0,0.069423,0.0,0.061211,0.023135,0.048396,0.023712,0.0,0.0,0.0,0.0,0.0,0.028479,0.0,0.004875
2024-10-23,0.071095,0.068189,0.0,0.0,0.037064,0.012745,0.0,0.038393,0.027293,0.0,0.0,0.071057,0.041644,0.041092,0.0,0.0,0.071704,0.0,0.0,0.051659,0.066708,0.0,0.070234,0.072502,0.0,0.0,0.0,0.0,0.0,0.070214,0.0,0.060718,0.022475,0.048477,0.023351,0.0,0.0,0.0,0.0,0.0,0.028488,0.0,0.004895
2024-10-24,0.071151,0.068544,0.0,0.0,0.036895,0.012658,0.0,0.038378,0.027312,0.0,0.0,0.071338,0.041701,0.041294,0.0,0.0,0.071248,0.0,0.0,0.052244,0.066303,0.0,0.070175,0.072071,0.0,0.0,0.0,0.0,0.0,0.070403,0.0,0.061217,0.022472,0.047751,0.023327,0.0,0.0,0.0,0.0,0.0,0.028619,0.0,0.004899
2024-10-25,0.071865,0.068525,0.0,0.0,0.037184,0.012747,0.0,0.038061,0.027773,0.0,0.0,0.071835,0.041423,0.040726,0.0,0.0,0.071373,0.0,0.0,0.051685,0.06623,0.0,0.069899,0.071316,0.0,0.0,0.0,0.0,0.0,0.070048,0.0,0.061613,0.022527,0.04802,0.023482,0.0,0.0,0.0,0.0,0.0,0.028745,0.0,0.004922
2024-10-28,0.071464,0.068809,0.0,0.0,0.037094,0.012861,0.0,0.038181,0.027226,0.0,0.0,0.071917,0.04172,0.041653,0.0,0.0,0.071211,0.0,0.0,0.05191,0.065983,0.0,0.069664,0.0715,0.0,0.0,0.0,0.0,0.0,0.069902,0.0,0.061295,0.022483,0.048155,0.023453,0.0,0.0,0.0,0.0,0.0,0.028624,0.0,0.004896
2024-10-29,0.071618,0.068464,0.0,0.0,0.037132,0.012781,0.0,0.038361,0.027256,0.0,0.0,0.072844,0.041607,0.041615,0.0,0.0,0.071362,0.0,0.0,0.050603,0.066028,0.0,0.069215,0.070215,0.0,0.0,0.0,0.0,0.0,0.069639,0.0,0.062177,0.023045,0.04888,0.023456,0.0,0.0,0.0,0.0,0.0,0.028789,0.0,0.004913
2024-10-30,0.071731,0.067966,0.0,0.0,0.036763,0.012633,0.0,0.038213,0.026968,0.0,0.0,0.073334,0.04182,0.04199,0.0,0.0,0.071287,0.0,0.0,0.050739,0.065947,0.0,0.069149,0.070092,0.0,0.0,0.0,0.0,0.0,0.069992,0.0,0.06256,0.022634,0.049299,0.02319,0.0,0.0,0.0,0.0,0.0,0.028776,0.0,0.004917
2024-10-31,0.072324,0.0,0.0,0.0,0.072482,0.036974,0.0,0.030178,0.014358,0.0,0.060149,0.072293,0.044796,0.036524,0.0,0.0,0.072629,0.0,0.0,0.059018,0.0,0.0,0.072328,0.072573,0.023137,0.0,0.0,0.0,0.0,0.072536,0.0,0.066584,0.014789,0.0,0.0,0.0,0.0,0.0,0.048698,0.021419,0.031799,0.0,0.004411
2024-11-01,0.072823,0.0,0.0,0.0,0.073078,0.037157,0.0,0.030209,0.014515,0.0,0.061143,0.072596,0.044962,0.03624,0.0,0.0,0.072747,0.0,0.0,0.058999,0.0,0.0,0.072375,0.070976,0.023317,0.0,0.0,0.0,0.0,0.071755,0.0,0.066329,0.014659,0.0,0.0,0.0,0.0,0.0,0.048714,0.021307,0.031682,0.0,0.004413
2024-11-04,0.072476,0.0,0.0,0.0,0.073398,0.037415,0.0,0.029884,0.014613,0.0,0.060899,0.072313,0.044591,0.035953,0.0,0.0,0.072626,0.0,0.0,0.059843,0.0,0.0,0.072534,0.070093,0.023287,0.0,0.0,0.0,0.0,0.072501,0.0,0.066388,0.014696,0.0,0.0,0.0,0.0,0.0,0.048824,0.021454,0.031802,0.0,0.004411
2024-11-05,0.072181,0.0,0.0,0.0,0.073366,0.037866,0.0,0.02979,0.014642,0.0,0.061275,0.072285,0.044496,0.036114,0.0,0.0,0.073005,0.0,0.0,0.060504,0.0,0.0,0.072167,0.07034,0.023347,0.0,0.0,0.0,0.0,0.072632,0.0,0.065783,0.014588,0.0,0.0,0.0,0.0,0.0,0.048405,0.021312,0.031539,0.0,0.004362
2024-11-06,0.07276,0.0,0.0,0.0,0.071833,0.036641,0.0,0.029838,0.014379,0.0,0.062889,0.073658,0.046943,0.0402,0.0,0.0,0.075449,0.0,0.0,0.058896,0.0,0.0,0.070601,0.069232,0.023881,0.0,0.0,0.0,0.0,0.070697,0.0,0.063436,0.013865,0.0,0.0,0.0,0.0,0.0,0.048225,0.020974,0.031266,0.0,0.004337
2024-11-07,0.07305,0.0,0.0,0.0,0.072869,0.038299,0.0,0.029484,0.014624,0.0,0.06317,0.074006,0.045803,0.038571,0.0,0.0,0.074376,0.0,0.0,0.05891,0.0,0.0,0.070273,0.068784,0.024096,0.0,0.0,0.0,0.0,0.070954,0.0,0.063923,0.014079,0.0,0.0,0.0,0.0,0.0,0.048032,0.021047,0.031347,0.0,0.004303
2024-11-08,0.073,0.0,0.0,0.0,0.071136,0.036164,0.0,0.029145,0.01444,0.0,0.064005,0.073576,0.046172,0.038742,0.0,0.0,0.075102,0.0,0.0,0.059378,0.0,0.0,0.071058,0.070036,0.024047,0.0,0.0,0.0,0.0,0.071943,0.0,0.063429,0.013761,0.0,0.0,0.0,0.0,0.0,0.048064,0.0211,0.031402,0.0,0.0043
2024-11-11,0.073196,0.0,0.0,0.0,0.070546,0.036121,0.0,0.0292,0.014103,0.0,0.065204,0.073885,0.046763,0.039786,0.0,0.0,0.075577,0.0,0.0,0.059505,0.0,0.0,0.070712,0.070132,0.02388,0.0,0.0,0.0,0.0,0.071483,0.0,0.061853,0.013496,0.0,0.0,0.0,0.0,0.0,0.047942,0.02103,0.031293,0.0,0.004294
2024-11-12,0.073344,0.0,0.0,0.0,0.069853,0.035288,0.0,0.029092,0.014052,0.0,0.064965,0.074949,0.04708,0.03994,0.0,0.0,0.075663,0.0,0.0,0.058397,0.0,0.0,0.071486,0.070008,0.024145,0.0,0.0,0.0,0.0,0.071185,0.0,0.061921,0.013677,0.0,0.0,0.0,0.0,0.0,0.048218,0.021044,0.031355,0.0,0.004336
2024-11-13,0.073415,0.0,0.0,0.0,0.069554,0.035242,0.0,0.028823,0.014076,0.0,0.065572,0.075039,0.047145,0.039676,0.0,0.0,0.075883,0.0,0.0,0.058433,0.0,0.0,0.071755,0.069938,0.02408,0.0,0.0,0.0,0.0,0.071635,0.0,0.061345,0.013463,0.0,0.0,0.0,0.0,0.0,0.048268,0.020981,0.031335,0.0,0.00434
2024-11-14,0.073699,0.0,0.0,0.0,0.069825,0.035084,0.0,0.029013,0.013998,0.0,0.064909,0.075264,0.047217,0.039517,0.0,0.0,0.074912,0.0,0.0,0.059093,0.0,0.0,0.071874,0.069986,0.024098,0.0,0.0,0.0,0.0,0.071285,0.0,0.061438,0.013617,0.0,0.0,0.0,0.0,0.0,0.048364,0.021062,0.031385,0.0,0.004359
2024-11-15,0.072938,0.0,0.0,0.0,0.069922,0.035276,0.0,0.028946,0.014003,0.0,0.064665,0.074117,0.047665,0.039742,0.0,0.0,0.07487,0.0,0.0,0.05878,0.0,0.0,0.071586,0.071378,0.023614,0.0,0.0,0.0,0.0,0.071668,0.0,0.061626,0.013565,0.0,0.0,0.0,0.0,0.0,0.048592,0.021174,0.031491,0.0,0.004381
2024-11-18,0.072825,0.0,0.0,0.0,0.070086,0.035544,0.0,0.0289,0.013988,0.0,0.064853,0.074381,0.047509,0.039434,0.0,0.0,0.0743,0.0,0.0,0.058292,0.0,0.0,0.071636,0.071549,0.023542,0.0,0.0,0.0,0.0,0.071736,0.0,0.062405,0.013876,0.0,0.0,0.0,0.0,0.0,0.048379,0.02108,0.031332,0.0,0.004353
2024-11-19,0.072628,0.0,0.0,0.0,0.070128,0.035212,0.0,0.029003,0.014118,0.0,0.064768,0.074715,0.047099,0.039168,0.0,0.0,0.074083,0.0,0.0,0.058074,0.0,0.0,0.071586,0.071857,0.023686,0.0,0.0,0.0,0.0,0.071937,0.0,0.062834,0.013906,0.0,0.0,0.0,0.0,0.0,0.048353,0.021082,0.031416,0.0,0.004345
2024-11-20,0.072329,0.0,0.0,0.0,0.069662,0.035464,0.0,0.029067,0.013987,0.0,0.064551,0.075273,0.047006,0.039065,0.0,0.0,0.074242,0.0,0.0,0.058244,0.0,0.0,0.071298,0.071969,0.02369,0.0,0.0,0.0,0.0,0.071922,0.0,0.063255,0.013725,0.0,0.0,0.0,0.0,0.0,0.048392,0.021054,0.031453,0.0,0.00435
2024-11-21,0.072683,0.0,0.0,0.0,0.069255,0.034961,0.0,0.028652,0.013925,0.0,0.064271,0.074622,0.047314,0.039422,0.0,0.0,0.074713,0.0,0.0,0.058357,0.0,0.0,0.071632,0.072775,0.023785,0.0,0.0,0.0,0.0,0.072011,0.0,0.063394,0.013612,0.0,0.0,0.0,0.0,0.0,0.048115,0.0209,0.031275,0.0,0.004324
2024-11-22,0.072451,0.0,0.0,0.0,0.068856,0.03394,0.0,0.029037,0.01397,0.0,0.064805,0.074013,0.047554,0.040062,0.0,0.0,0.075298,0.0,0.0,0.058917,0.0,0.0,0.071859,0.071948,0.023654,0.0,0.0,0.0,0.0,0.072117,0.0,0.063825,0.013738,0.0,0.0,0.0,0.0,0.0,0.047813,0.020793,0.031049,0.0,0.0043
2024-11-25,0.072462,0.0,0.0,0.0,0.068623,0.03365,0.0,0.029196,0.013835,0.0,0.065049,0.073918,0.047557,0.040536,0.0,0.0,0.075283,0.0,0.0,0.061517,0.0,0.0,0.071791,0.071619,0.023502,0.0,0.0,0.0,0.0,0.072653,0.0,0.061548,0.013247,0.0,0.0,0.0,0.0,0.0,0.047686,0.020918,0.031139,0.0,0.004272
2024-11-26,0.072444,0.0,0.0,0.0,0.068343,0.033442,0.0,0.029101,0.013694,0.0,0.065274,0.07418,0.047642,0.040142,0.0,0.0,0.07536,0.0,0.0,0.060208,0.0,0.0,0.072077,0.072748,0.023616,0.0,0.0,0.0,0.0,0.072932,0.0,0.061657,0.013327,0.0,0.0,0.0,0.0,0.0,0.047589,0.020861,0.03109,0.0,0.004272
2024-11-27,0.072444,0.0,0.0,0.0,0.068324,0.034237,0.0,0.02917,0.013469,0.0,0.064893,0.07421,0.047692,0.040008,0.0,0.0,0.075013,0.0,0.0,0.060163,0.0,0.0,0.072158,0.072681,0.023275,0.0,0.0,0.0,0.0,0.073334,0.0,0.061738,0.013147,0.0,0.0,0.0,0.0,0.0,0.047689,0.020918,0.03117,0.0,0.004268
2024-11-28,0.072641,0.0,0.0,0.0,0.067971,0.034243,0.0,0.029176,0.013472,0.0,0.064905,0.074223,0.0477,0.040015,0.0,0.0,0.075026,0.0,0.0,0.060174,0.0,0.0,0.072171,0.072694,0.023279,0.0,0.0,0.0,0.0,0.073347,0.0,0.061749,0.013149,0.0,0.0,0.0,0.0,0.0,0.047697,0.020922,0.031175,0.0,0.00427
2024-11-29,0.078847,0.0,0.0,0.0,0.048531,0.042589,0.0,0.0,0.046418,0.0,0.078884,0.07923,0.046751,0.042095,0.0,0.0,0.054596,0.0,0.0,0.028621,0.0,0.0,0.0,0.079136,0.017555,0.0,0.044113,0.026414,0.0,0.078982,0.0,0.046881,0.042167,0.0,0.0,0.0,0.0,0.0,0.079081,0.0,0.0,0.02892,0.01019
2024-12-02,0.079173,0.0,0.0,0.0,0.048767,0.042742,0.0,0.0,0.047436,0.0,0.079757,0.080068,0.046394,0.041824,0.0,0.0,0.05432,0.0,0.0,0.028576,0.0,0.0,0.0,0.077617,0.017763,0.0,0.044257,0.026723,0.0,0.078012,0.0,0.046578,0.042068,0.0,0.0,0.0,0.0,0.0,0.079235,0.0,0.0,0.028475,0.010214
2024-12-03,0.079286,0.0,0.0,0.0,0.048933,0.042888,0.0,0.0,0.047602,0.0,0.079667,0.080683,0.04603,0.04144,0.0,0.0,0.053958,0.0,0.0,0.028515,0.0,0.0,0.0,0.076919,0.01782,0.0,0.044625,0.02675,0.0,0.077588,0.0,0.046655,0.042794,0.0,0.0,0.0,0.0,0.0,0.079206,0.0,0.0,0.02843,0.010211
2024-12-04,0.079308,0.0,0.0,0.0,0.04884,0.04224,0.0,0.0,0.047882,0.0,0.079981,0.080441,0.045614,0.041316,0.0,0.0,0.053907,0.0,0.0,0.027753,0.0,0.0,0.0,0.076503,0.01805,0.0,0.046113,0.027167,0.0,0.076969,0.0,0.046549,0.042944,0.0,0.0,0.0,0.0,0.0,0.078975,0.0,0.0,0.029288,0.010159
2024-12-05,0.079581,0.0,0.0,0.0,0.049237,0.042544,0.0,0.0,0.048009,0.0,0.080704,0.080324,0.045789,0.041154,0.0,0.0,0.053298,0.0,0.0,0.027429,0.0,0.0,0.0,0.076805,0.017974,0.0,0.045594,0.027057,0.0,0.076849,0.0,0.046243,0.043025,0.0,0.0,0.0,0.0,0.0,0.078972,0.0,0.0,0.029244,0.010169
2024-12-06,0.0794,0.0,0.0,0.0,0.049019,0.042801,0.0,0.0,0.047649,0.0,0.082172,0.080836,0.045651,0.041154,0.0,0.0,0.053013,0.0,0.0,0.027356,0.0,0.0,0.0,0.075641,0.017993,0.0,0.046094,0.027226,0.0,0.076522,0.0,0.046131,0.042439,0.0,0.0,0.0,0.0,0.0,0.078879,0.0,0.0,0.029883,0.010142
2024-12-09,0.079295,0.0,0.0,0.0,0.050221,0.046193,0.0,0.0,0.047774,0.0,0.082036,0.079235,0.045096,0.040593,0.0,0.0,0.052633,0.0,0.0,0.027622,0.0,0.0,0.0,0.074806,0.017903,0.0,0.045208,0.026893,0.0,0.076856,0.0,0.04666,0.043602,0.0,0.0,0.0,0.0,0.0,0.078901,0.0,0.0,0.028313,0.010158
2024-12-10,0.079389,0.0,0.0,0.0,0.049592,0.044364,0.0,0.0,0.047197,0.0,0.082654,0.080952,0.045352,0.040682,0.0,0.0,0.052813,0.0,0.0,0.027145,0.0,0.0,0.0,0.074701,0.017759,0.0,0.044799,0.02677,0.0,0.076187,0.0,0.047552,0.043874,0.0,0.0,0.0,0.0,0.0,0.079405,0.0,0.0,0.028595,0.010219
2024-12-11,0.07929,0.0,0.0,0.0,0.04935,0.043784,0.0,0.0,0.047358,0.0,0.0836,0.081781,0.04517,0.040648,0.0,0.0,0.052376,0.0,0.0,0.026772,0.0,0.0,0.0,0.073787,0.017908,0.0,0.045222,0.027001,0.0,0.075553,0.0,0.047717,0.043686,0.0,0.0,0.0,0.0,0.0,0.078948,0.0,0.0,0.02989,0.010159
2024-12-12,0.079592,0.0,0.0,0.0,0.049619,0.044043,0.0,0.0,0.047296,0.0,0.08338,0.082401,0.045227,0.040436,0.0,0.0,0.052336,0.0,0.0,0.026571,0.0,0.0,0.0,0.07417,0.017909,0.0,0.045071,0.027147,0.0,0.075863,0.0,0.047286,0.042664,0.0,0.0,0.0,0.0,0.0,0.07918,0.0,0.0,0.029588,0.010219
2024-12-13,0.079412,0.0,0.0,0.0,0.049638,0.043615,0.0,0.0,0.047966,0.0,0.083981,0.081681,0.045337,0.040417,0.0,0.0,0.052369,0.0,0.0,0.026255,0.0,0.0,0.0,0.074458,0.018044,0.0,0.04476,0.027576,0.0,0.07589,0.0,0.046865,0.042119,0.0,0.0,0.0,0.0,0.0,0.079207,0.0,0.0,0.030158,0.010253
2024-12-16,0.079402,0.0,0.0,0.0,0.049314,0.042845,0.0,0.0,0.047677,0.0,0.084901,0.081787,0.045139,0.040532,0.0,0.0,0.05228,0.0,0.0,0.025903,0.0,0.0,0.0,0.073674,0.018178,0.0,0.045127,0.028135,0.0,0.07543,0.0,0.046858,0.042087,0.0,0.0,0.0,0.0,0.0,0.079154,0.0,0.0,0.031349,0.010228
2024-12-17,0.079466,0.0,0.0,0.0,0.049269,0.043584,0.0,0.0,0.047697,0.0,0.085498,0.081487,0.044993,0.039846,0.0,0.0,0.052002,0.0,0.0,0.025772,0.0,0.0,0.0,0.073652,0.018138,0.0,0.04489,0.027928,0.0,0.075358,0.0,0.046859,0.042265,0.0,0.0,0.0,0.0,0.0,0.07929,0.0,0.0,0.031736,0.010267
2024-12-18,0.081688,0.0,0.0,0.0,0.050683,0.044035,0.0,0.0,0.047998,0.0,0.083966,0.081412,0.044887,0.038922,0.0,0.0,0.05197,0.0,0.0,0.02542,0.0,0.0,0.0,0.073959,0.018052,0.0,0.044092,0.027401,0.0,0.074303,0.0,0.047267,0.041967,0.0,0.0,0.0,0.0,0.0,0.080707,0.0,0.0,0.03071,0.010563
2024-12-19,0.080119,0.0,0.0,0.0,0.050231,0.044597,0.0,0.0,0.048661,0.0,0.084321,0.081642,0.045299,0.038927,0.0,0.0,0.052193,0.0,0.0,0.024902,0.0,0.0,0.0,0.07471,0.018173,0.0,0.04451,0.027584,0.0,0.073563,0.0,0.047599,0.041683,0.0,0.0,0.0,0.0,0.0,0.081075,0.0,0.0,0.029589,0.010623
2024-12-20,0.079872,0.0,0.0,0.0,0.049728,0.044532,0.0,0.0,0.048542,0.0,0.083732,0.081305,0.045535,0.039181,0.0,0.0,0.052303,0.0,0.0,0.024928,0.0,0.0,0.0,0.07518,0.018269,0.0,0.044977,0.027637,0.0,0.074091,0.0,0.047638,0.041909,0.0,0.0,0.0,0.0,0.0,0.080809,0.0,0.0,0.029308,0.010524
2024-12-23,0.07944,0.0,0.0,0.0,0.049803,0.044671,0.0,0.0,0.049399,0.0,0.08391,0.081676,0.045603,0.039222,0.0,0.0,0.052244,0.0,0.0,0.024898,0.0,0.0,0.0,0.075368,0.018446,0.0,0.044633,0.027776,0.0,0.074314,0.0,0.047371,0.04198,0.0,0.0,0.0,0.0,0.0,0.08052,0.0,0.0,0.028206,0.010517
2024-12-24,0.07931,0.0,0.0,0.0,0.049552,0.044648,0.0,0.0,0.048865,0.0,0.08505,0.08168,0.045709,0.039185,0.0,0.0,0.052161,0.0,0.0,0.024782,0.0,0.0,0.0,0.075077,0.018462,0.0,0.044723,0.027786,0.0,0.07411,0.0,0.047023,0.041635,0.0,0.0,0.0,0.0,0.0,0.080024,0.0,0.0,0.029799,0.010419
2024-12-26,0.079372,0.0,0.0,0.0,0.04959,0.044795,0.0,0.0,0.048461,0.0,0.0848,0.081636,0.045857,0.039432,0.0,0.0,0.05224,0.0,0.0,0.024796,0.0,0.0,0.0,0.074958,0.018489,0.0,0.044659,0.027914,0.0,0.074366,0.0,0.047377,0.041852,0.0,0.0,0.0,0.0,0.0,0.080289,0.0,0.0,0.02869,0.010427
2024-12-27,0.079997,0.0,0.0,0.0,0.049725,0.044816,0.0,0.0,0.048778,0.0,0.084072,0.081564,0.045888,0.039278,0.0,0.0,0.052269,0.0,0.0,0.024732,0.0,0.0,0.0,0.075345,0.01839,0.0,0.04433,0.027812,0.0,0.074213,0.0,0.047431,0.041599,0.0,0.0,0.0,0.0,0.0,0.08066,0.0,0.0,0.028587,0.010514
2024-12-30,0.079881,0.0,0.0,0.0,0.049651,0.044691,0.0,0.0,0.048638,0.0,0.083405,0.081375,0.045821,0.039439,0.0,0.0,0.052171,0.0,0.0,0.024809,0.0,0.0,0.0,0.075648,0.018306,0.0,0.044111,0.027725,0.0,0.074455,0.0,0.04767,0.041425,0.0,0.0,0.0,0.0,0.0,0.08144,0.0,0.0,0.028736,0.010603
2024-12-31,0.039804,0.0,0.0,0.053996,0.0,0.034489,0.0,0.0,0.0,0.0,0.083505,0.08341,0.047019,0.04698,0.0,0.0,0.064254,0.02952,0.0,0.083433,0.0,0.0,0.034616,0.08375,0.010095,0.0,0.056641,0.026491,0.0,0.083586,0.0,0.083319,0.0,0.0,0.0,0.0,0.0,0.0,0.0,0.0,0.0,0.047687,0.007402
2025-01-02,0.039624,0.0,0.0,0.055269,0.0,0.033839,0.0,0.0,0.0,0.0,0.082329,0.083736,0.046858,0.046462,0.0,0.0,0.063969,0.029536,0.0,0.082282,0.0,0.0,0.034477,0.084312,0.010062,0.0,0.056469,0.026591,0.0,0.082766,0.0,0.084371,0.0,0.0,0.0,0.0,0.0,0.0,0.0,0.0,0.0,0.04965,0.007398
2025-01-03,0.039395,0.0,0.0,0.05459,0.0,0.033821,0.0,0.0,0.0,0.0,0.08328,0.083534,0.046825,0.046687,0.0,0.0,0.06411,0.029683,0.0,0.08258,0.0,0.0,0.034166,0.084481,0.010139,0.0,0.056862,0.026613,0.0,0.083139,0.0,0.082994,0.0,0.0,0.0,0.0,0.0,0.0,0.0,0.0,0.0,0.049766,0.007335
2025-01-06,0.039988,0.0,0.0,0.054876,0.0,0.033217,0.0,0.0,0.0,0.0,0.083501,0.084331,0.046621,0.046644,0.0,0.0,0.063888,0.029891,0.0,0.082227,0.0,0.0,0.033765,0.083432,0.010255,0.0,0.056907,0.026753,0.0,0.081965,0.0,0.082786,0.0,0.0,0.0,0.0,0.0,0.0,0.0,0.0,0.0,0.051628,0.007326
2025-01-07,0.040023,0.0,0.0,0.054977,0.0,0.033311,0.0,0.0,0.0,0.0,0.082806,0.084332,0.047039,0.04677,0.0,0.0,0.064543,0.03024,0.0,0.082014,0.0,0.0,0.034026,0.08416,0.010162,0.0,0.056138,0.026673,0.0,0.082099,0.0,0.084189,0.0,0.0,0.0,0.0,0.0,0.0,0.0,0.0,0.0,0.049089,0.00741
2025-01-08,0.039801,0.0,0.0,0.054765,0.0,0.033081,0.0,0.0,0.0,0.0,0.083038,0.083829,0.047193,0.046777,0.0,0.0,0.064795,0.030239,0.0,0.082972,0.0,0.0,0.034087,0.084136,0.010158,0.0,0.056142,0.026798,0.0,0.082313,0.0,0.084634,0.0,0.0,0.0,0.0,0.0,0.0,0.0,0.0,0.0,0.047831,0.007411
2025-01-09,0.039792,0.0,0.0,0.054808,0.0,0.03308,0.0,0.0,0.0,0.0,0.083035,0.083826,0.047191,0.046775,0.0,0.0,0.064793,0.030238,0.0,0.082969,0.0,0.0,0.034086,0.084133,0.010158,0.0,0.05614,0.026797,0.0,0.08231,0.0,0.084631,0.0,0.0,0.0,0.0,0.0,0.0,0.0,0.0,0.0,0.047829,0.00741
2025-01-10,0.039675,0.0,0.0,0.054947,0.0,0.032593,0.0,0.0,0.0,0.0,0.083269,0.08363,0.04664,0.045948,0.0,0.0,0.064884,0.030439,0.0,0.082295,0.0,0.0,0.034057,0.084725,0.010063,0.0,0.055716,0.026873,0.0,0.081326,0.0,0.086531,0.0,0.0,0.0,0.0,0.0,0.0,0.0,0.0,0.0,0.048885,0.007506
2025-01-13,0.039464,0.0,0.0,0.054818,0.0,0.032667,0.0,0.0,0.0,0.0,0.083625,0.08355,0.046911,0.046433,0.0,0.0,0.065554,0.030489,0.0,0.083545,0.0,0.0,0.034068,0.083623,0.009978,0.0,0.055153,0.0267,0.0,0.082211,0.0,0.085552,0.0,0.0,0.0,0.0,0.0,0.0,0.0,0.0,0.0,0.048161,0.007496
2025-01-14,0.039285,0.0,0.0,0.054437,0.0,0.033022,0.0,0.0,0.0,0.0,0.082563,0.082373,0.046979,0.04745,0.0,0.0,0.065613,0.030405,0.0,0.08505,0.0,0.0,0.033709,0.083806,0.009897,0.0,0.055152,0.026596,0.0,0.082066,0.0,0.085073,0.0,0.0,0.0,0.0,0.0,0.0,0.0,0.0,0.0,0.049108,0.007415
2025-01-15,0.039172,0.0,0.0,0.054615,0.0,0.032843,0.0,0.0,0.0,0.0,0.083314,0.082392,0.047409,0.047911,0.0,0.0,0.064976,0.030243,0.0,0.085817,0.0,0.0,0.033059,0.08368,0.009933,0.0,0.055254,0.026584,0.0,0.08122,0.0,0.084344,0.0,0.0,0.0,0.0,0.0,0.0,0.0,0.0,0.0,0.049934,0.007299
2025-01-16,0.039211,0.0,0.0,0.054508,0.0,0.032607,0.0,0.0,0.0,0.0,0.082322,0.08139,0.047413,0.047308,0.0,0.0,0.065334,0.030473,0.0,0.085912,0.0,0.0,0.033089,0.085234,0.009792,0.0,0.054993,0.026434,0.0,0.08236,0.0,0.084372,0.0,0.0,0.0,0.0,0.0,0.0,0.0,0.0,0.0,0.049997,0.007251
2025-01-17,0.039227,0.0,0.0,0.054421,0.0,0.033033,0.0,0.0,0.0,0.0,0.082865,0.081497,0.047463,0.047595,0.0,0.0,0.065244,0.029987,0.0,0.085619,0.0,0.0,0.033035,0.084728,0.009872,0.0,0.055123,0.026253,0.0,0.081702,0.0,0.08331,0.0,0.0,0.0,0.0,0.0,0.0,0.0,0.0,0.0,0.051826,0.007199
2025-01-20,0.039421,0.0,0.0,0.054293,0.0,0.033031,0.0,0.0,0.0,0.0,0.082859,0.081491,0.047459,0.047592,0.0,0.0,0.065239,0.029985,0.0,0.085613,0.0,0.0,0.033032,0.084721,0.009872,0.0,0.055119,0.026251,0.0,0.081696,0.0,0.083303,0.0,0.0,0.0,0.0,0.0,0.0,0.0,0.0,0.0,0.051823,0.007201
2025-01-21,0.039061,0.0,0.0,0.053954,0.0,0.032879,0.0,0.0,0.0,0.0,0.082547,0.081322,0.047329,0.047588,0.0,0.0,0.065846,0.030154,0.0,0.084639,0.0,0.0,0.032821,0.085074,0.009844,0.0,0.055397,0.026555,0.0,0.082311,0.0,0.083662,0.0,0.0,0.0,0.0,0.0,0.0,0.0,0.0,0.0,0.051895,0.007121
2025-01-22,0.039476,0.0,0.0,0.054027,0.0,0.032813,0.0,0.0,0.0,0.0,0.082424,0.082321,0.047213,0.047249,0.0,0.0,0.065841,0.030034,0.0,0.085237,0.0,0.0,0.032735,0.083426,0.010089,0.0,0.056701,0.026906,0.0,0.081063,0.0,0.084284,0.0,0.0,0.0,0.0,0.0,0.0,0.0,0.0,0.0,0.051026,0.007137
2025-01-23,0.039433,0.0,0.0,0.053922,0.0,0.032694,0.0,0.0,0.0,0.0,0.082729,0.082344,0.047373,0.047024,0.0,0.0,0.066353,0.030261,0.0,0.085084,0.0,0.0,0.032776,0.083624,0.010084,0.0,0.056666,0.02675,0.0,0.081468,0.0,0.083968,0.0,0.0,0.0,0.0,0.0,0.0,0.0,0.0,0.0,0.050324,0.007123
2025-01-24,0.039542,0.0,0.0,0.053585,0.0,0.03341,0.0,0.0,0.0,0.0,0.082006,0.082867,0.047387,0.047118,0.0,0.0,0.065896,0.030168,0.0,0.084069,0.0,0.0,0.032858,0.08425,0.009952,0.0,0.056277,0.026703,0.0,0.08153,0.0,0.084265,0.0,0.0,0.0,0.0,0.0,0.0,0.0,0.0,0.0,0.051012,0.007104
2025-01-27,0.038928,0.0,0.0,0.053069,0.0,0.033725,0.0,0.0,0.0,0.0,0.08264,0.083465,0.048006,0.047791,0.0,0.0,0.065145,0.030703,0.0,0.086323,0.0,0.0,0.033816,0.082466,0.009484,0.0,0.055457,0.026192,0.0,0.082785,0.0,0.083557,0.0,0.0,0.0,0.0,0.0,0.0,0.0,0.0,0.0,0.049328,0.00712
2025-01-28,0.039181,0.0,0.0,0.053384,0.0,0.034218,0.0,0.0,0.0,0.0,0.082805,0.083936,0.04796,0.047706,0.0,0.0,0.064765,0.030337,0.0,0.084623,0.0,0.0,0.033314,0.081394,0.009744,0.0,0.057054,0.026911,0.0,0.081849,0.0,0.084347,0.0,0.0,0.0,0.0,0.0,0.0,0.0,0.0,0.0,0.049346,0.007127
2025-01-29,0.03936,0.0,0.0,0.0538,0.0,0.034185,0.0,0.0,0.0,0.0,0.082744,0.084488,0.048024,0.047718,0.0,0.0,0.064682,0.030284,0.0,0.083413,0.0,0.0,0.033466,0.081737,0.009685,0.0,0.056353,0.026775,0.0,0.080939,0.0,0.084202,0.0,0.0,0.0,0.0,0.0,0.0,0.0,0.0,0.0,0.051003,0.007142
2025-01-30,0.039082,0.0,0.0,0.053811,0.0,0.034662,0.0,0.0,0.0,0.0,0.082697,0.083704,0.047986,0.047713,0.0,0.0,0.064734,0.029445,0.0,0.084656,0.0,0.0,0.03345,0.082586,0.009604,0.0,0.055388,0.026906,0.0,0.081129,0.0,0.0846,0.0,0.0,0.0,0.0,0.0,0.0,0.0,0.0,0.0,0.050779,0.007069
2025-01-31,0.017613,0.0,0.0,0.061101,0.0,0.045544,0.0,0.0,0.0,0.0,0.070001,0.069906,0.062124,0.016889,0.0,0.0,0.0,0.0,0.0,0.0,0.0,0.0,0.055997,0.051922,0.0,0.0,0.032792,0.045848,0.0,0.028437,0.0,0.069393,0.0,0.070155,0.0,0.0,0.039187,0.039094,0.039395,0.039187,0.070224,0.070276,0.004916
2025-02-03,0.017338,0.0,0.0,0.060677,0.0,0.045321,0.0,0.0,0.0,0.0,0.069209,0.070192,0.06199,0.016603,0.0,0.0,0.0,0.0,0.0,0.0,0.0,0.0,0.056325,0.052303,0.0,0.0,0.032727,0.045678,0.0,0.028432,0.0,0.069898,0.0,0.070392,0.0,0.0,0.03929,0.03926,0.039421,0.039324,0.07047,0.070224,0.004926
2025-02-04,0.017396,0.0,0.0,0.06044,0.0,0.046329,0.0,0.0,0.0,0.0,0.069824,0.070619,0.061669,0.016827,0.0,0.0,0.0,0.0,0.0,0.0,0.0,0.0,0.055689,0.051694,0.0,0.0,0.033213,0.046212,0.0,0.028373,0.0,0.070385,0.0,0.07042,0.0,0.0,0.039275,0.039213,0.039432,0.039289,0.070518,0.068272,0.004912
2025-02-05,0.017389,0.0,0.0,0.060573,0.0,0.045449,0.0,0.0,0.0,0.0,0.068881,0.069784,0.062183,0.016982,0.0,0.0,0.0,0.0,0.0,0.0,0.0,0.0,0.055914,0.052099,0.0,0.0,0.03335,0.046861,0.0,0.028708,0.0,0.070667,0.0,0.07062,0.0,0.0,0.039417,0.0393,0.03945,0.039476,0.07076,0.067234,0.004902
2025-02-06,0.017488,0.0,0.0,0.06107,0.0,0.046012,0.0,0.0,0.0,0.0,0.069071,0.069998,0.062625,0.017116,0.0,0.0,0.0,0.0,0.0,0.0,0.0,0.0,0.056101,0.051976,0.0,0.0,0.033396,0.046528,0.0,0.028745,0.0,0.070395,0.0,0.070054,0.0,0.0,0.039323,0.039184,0.039343,0.039356,0.070612,0.066709,0.004897
2025-02-07,0.017468,0.0,0.0,0.060736,0.0,0.046772,0.0,0.0,0.0,0.0,0.067993,0.070131,0.062528,0.016996,0.0,0.0,0.0,0.0,0.0,0.0,0.0,0.0,0.056242,0.052079,0.0,0.0,0.033333,0.047068,0.0,0.028767,0.0,0.070805,0.0,0.070057,0.0,0.0,0.03935,0.039238,0.039378,0.039343,0.070624,0.066176,0.004917
2025-02-10,0.01739,0.0,0.0,0.060701,0.0,0.047638,0.0,0.0,0.0,0.0,0.067746,0.069949,0.061597,0.016694,0.0,0.0,0.0,0.0,0.0,0.0,0.0,0.0,0.056191,0.052276,0.0,0.0,0.033662,0.047592,0.0,0.028552,0.0,0.071498,0.0,0.070372,0.0,0.0,0.039065,0.03898,0.03918,0.039077,0.070128,0.066831,0.004883
2025-02-11,0.017467,0.0,0.0,0.060577,0.0,0.04734,0.0,0.0,0.0,0.0,0.067176,0.070273,0.061937,0.016952,0.0,0.0,0.0,0.0,0.0,0.0,0.0,0.0,0.056902,0.052697,0.0,0.0,0.033419,0.047491,0.0,0.028763,0.0,0.071449,0.0,0.070582,0.0,0.0,0.039081,0.039085,0.039281,0.039106,0.070034,0.065492,0.004898
2025-02-12,0.017376,0.0,0.0,0.059821,0.0,0.048591,0.0,0.0,0.0,0.0,0.067172,0.070357,0.061728,0.016603,0.0,0.0,0.0,0.0,0.0,0.0,0.0,0.0,0.056867,0.05261,0.0,0.0,0.033309,0.04751,0.0,0.0285,0.0,0.071532,0.0,0.070793,0.0,0.0,0.038816,0.038855,0.039202,0.038899,0.069817,0.066743,0.004899
2025-02-13,0.017464,0.0,0.0,0.05957,0.0,0.048213,0.0,0.0,0.0,0.0,0.067677,0.070639,0.061677,0.016568,0.0,0.0,0.0,0.0,0.0,0.0,0.0,0.0,0.057056,0.05234,0.0,0.0,0.033601,0.048043,0.0,0.028572,0.0,0.071704,0.0,0.070822,0.0,0.0,0.038817,0.038783,0.039089,0.038912,0.069871,0.06572,0.004864
2025-02-14,0.017509,0.0,0.0,0.05952,0.0,0.049643,0.0,0.0,0.0,0.0,0.067555,0.070974,0.061712,0.016588,0.0,0.0,0.0,0.0,0.0,0.0,0.0,0.0,0.056411,0.052051,0.0,0.0,0.033584,0.047831,0.0,0.028403,0.0,0.070541,0.0,0.070675,0.0,0.0,0.038927,0.038801,0.03908,0.03901,0.069991,0.066335,0.004857
2025-02-17,0.017551,0.0,0.0,0.059712,0.0,0.04963,0.0,0.0,0.0,0.0,0.067538,0.070956,0.061696,0.016584,0.0,0.0,0.0,0.0,0.0,0.0,0.0,0.0,0.056397,0.052038,0.0,0.0,0.033575,0.047819,0.0,0.028396,0.0,0.070523,0.0,0.070657,0.0,0.0,0.038917,0.038791,0.03907,0.039001,0.069973,0.066318,0.004857
2025-02-18,0.017512,0.0,0.0,0.059886,0.0,0.050081,0.0,0.0,0.0,0.0,0.067295,0.070568,0.062086,0.016703,0.0,0.0,0.0,0.0,0.0,0.0,0.0,0.0,0.056553,0.052482,0.0,0.0,0.033884,0.048094,0.0,0.028499,0.0,0.071632,0.0,0.071125,0.0,0.0,0.038677,0.038635,0.039003,0.03881,0.069616,0.064008,0.004853
2025-02-19,0.017477,0.0,0.0,0.059797,0.0,0.049805,0.0,0.0,0.0,0.0,0.06721,0.0706,0.062067,0.016607,0.0,0.0,0.0,0.0,0.0,0.0,0.0,0.0,0.056968,0.052721,0.0,0.0,0.033267,0.0477,0.0,0.028501,0.0,0.071622,0.0,0.070676,0.0,0.0,0.038713,0.038686,0.039006,0.038804,0.069584,0.065339,0.00485
2025-02-20,0.017442,0.0,0.0,0.059036,0.0,0.050851,0.0,0.0,0.0,0.0,0.066786,0.070434,0.061258,0.016373,0.0,0.0,0.0,0.0,0.0,0.0,0.0,0.0,0.056877,0.052838,0.0,0.0,0.032734,0.047034,0.0,0.028704,0.0,0.071826,0.0,0.070087,0.0,0.0,0.038882,0.038855,0.039121,0.038989,0.069876,0.067135,0.004862
2025-02-21,0.017589,0.0,0.0,0.059442,0.0,0.052272,0.0,0.0,0.0,0.0,0.0656,0.07008,0.061026,0.016157,0.0,0.0,0.0,0.0,0.0,0.0,0.0,0.0,0.058048,0.053315,0.0,0.0,0.031894,0.045737,0.0,0.028671,0.0,0.07239,0.0,0.069766,0.0,0.0,0.039455,0.039276,0.039391,0.03947,0.070514,0.065001,0.004904
2025-02-24,0.017505,0.0,0.0,0.058875,0.0,0.050481,0.0,0.0,0.0,0.0,0.065681,0.070568,0.061598,0.01614,0.0,0.0,0.0,0.0,0.0,0.0,0.0,0.0,0.058516,0.053315,0.0,0.0,0.031655,0.045342,0.0,0.028928,0.0,0.073148,0.0,0.068792,0.0,0.0,0.039738,0.03956,0.039638,0.03977,0.070937,0.064881,0.00493
2025-02-25,0.017382,0.0,0.0,0.058436,0.0,0.051204,0.0,0.0,0.0,0.0,0.065697,0.069905,0.061925,0.016258,0.0,0.0,0.0,0.0,0.0,0.0,0.0,0.0,0.059673,0.05334,0.0,0.0,0.031313,0.045312,0.0,0.029445,0.0,0.072581,0.0,0.069248,0.0,0.0,0.040271,0.039945,0.039956,0.040295,0.071775,0.06108,0.004958
2025-02-26,0.01762,0.0,0.0,0.059307,0.0,0.052474,0.0,0.0,0.0,0.0,0.065428,0.069783,0.061793,0.016276,0.0,0.0,0.0,0.0,0.0,0.0,0.0,0.0,0.058533,0.053563,0.0,0.0,0.03175,0.045791,0.0,0.029322,0.0,0.072693,0.0,0.069403,0.0,0.0,0.040383,0.039979,0.040012,0.040381,0.072012,0.058539,0.004959
2025-02-27,0.017633,0.0,0.0,0.059807,0.0,0.052427,0.0,0.0,0.0,0.0,0.065001,0.069663,0.062631,0.016438,0.0,0.0,0.0,0.0,0.0,0.0,0.0,0.0,0.058995,0.052795,0.0,0.0,0.031157,0.045125,0.0,0.029675,0.0,0.07216,0.0,0.06916,0.0,0.0,0.04066,0.040252,0.040257,0.040534,0.072344,0.058285,0.004999
2025-02-28,0.029125,0.0,0.017008,0.073279,0.0,0.074001,0.0,0.0,0.0,0.0,0.091107,0.091334,0.052914,0.049523,0.0,0.0,0.074976,0.0,0.0,0.0,0.0,0.0,0.0,0.02678,0.0,0.0,0.033577,0.061619,0.0,0.0,0.0,0.084746,0.016627,0.091399,0.0,0.0,0.0,0.0,0.024951,0.0,0.0,0.091427,0.015606
2025-03-03,0.02961,0.0,0.017278,0.073433,0.0,0.073303,0.0,0.0,0.0,0.0,0.089876,0.090874,0.052731,0.04918,0.0,0.0,0.07428,0.0,0.0,0.0,0.0,0.0,0.0,0.026952,0.0,0.0,0.033108,0.061282,0.0,0.0,0.0,0.086293,0.01697,0.090331,0.0,0.0,0.0,0.0,0.025024,0.0,0.0,0.093789,0.015686
2025-03-04,0.02892,0.0,0.01727,0.070932,0.0,0.074983,0.0,0.0,0.0,0.0,0.088983,0.090861,0.051275,0.047729,0.0,0.0,0.073403,0.0,0.0,0.0,0.0,0.0,0.0,0.026721,0.0,0.0,0.033302,0.062726,0.0,0.0,0.0,0.087727,0.017252,0.091529,0.0,0.0,0.0,0.0,0.025217,0.0,0.0,0.095361,0.01581
2025-03-05,0.028751,0.0,0.017404,0.069449,0.0,0.077554,0.0,0.0,0.0,0.0,0.08908,0.09075,0.050855,0.047064,0.0,0.0,0.073524,0.0,0.0,0.0,0.0,0.0,0.0,0.026164,0.0,0.0,0.033409,0.062467,0.0,0.0,0.0,0.086686,0.017464,0.090944,0.0,0.0,0.0,0.0,0.024878,0.0,0.0,0.097964,0.015593
2025-03-06,0.029339,0.0,0.017466,0.070523,0.0,0.078865,0.0,0.0,0.0,0.0,0.087805,0.090132,0.050581,0.046865,0.0,0.0,0.073718,0.0,0.0,0.0,0.0,0.0,0.0,0.02591,0.0,0.0,0.032514,0.06148,0.0,0.0,0.0,0.087222,0.017614,0.091626,0.0,0.0,0.0,0.0,0.025066,0.0,0.0,0.097504,0.015769
2025-03-07,0.028867,0.0,0.017626,0.069401,0.0,0.078909,0.0,0.0,0.0,0.0,0.087739,0.09081,0.050369,0.046942,0.0,0.0,0.07466,0.0,0.0,0.0,0.0,0.0,0.0,0.026421,0.0,0.0,0.032543,0.062141,0.0,0.0,0.0,0.087363,0.017574,0.092459,0.0,0.0,0.0,0.0,0.025134,0.0,0.0,0.095252,0.01579
2025-03-10,0.029426,0.0,0.017712,0.071173,0.0,0.078567,0.0,0.0,0.0,0.0,0.08687,0.090914,0.050558,0.046341,0.0,0.0,0.075457,0.0,0.0,0.0,0.0,0.0,0.0,0.027425,0.0,0.0,0.031718,0.061238,0.0,0.0,0.0,0.088913,0.017751,0.095397,0.0,0.0,0.0,0.0,0.025709,0.0,0.0,0.088619,0.016212
2025-03-11,0.028956,0.0,0.017566,0.069572,0.0,0.079886,0.0,0.0,0.0,0.0,0.085835,0.089382,0.050018,0.045892,0.0,0.0,0.074138,0.0,0.0,0.0,0.0,0.0,0.0,0.027111,0.0,0.0,0.031956,0.061666,0.0,0.0,0.0,0.089762,0.01823,0.095227,0.0,0.0,0.0,0.0,0.025562,0.0,0.0,0.093059,0.016181
2025-03-12,0.02913,0.0,0.017827,0.0699,0.0,0.079317,0.0,0.0,0.0,0.0,0.086026,0.089509,0.049914,0.046201,0.0,0.0,0.073869,0.0,0.0,0.0,0.0,0.0,0.0,0.026931,0.0,0.0,0.032479,0.061765,0.0,0.0,0.0,0.089833,0.018323,0.094675,0.0,0.0,0.0,0.0,0.025501,0.0,0.0,0.092678,0.016122
2025-03-13,0.029091,0.0,0.017934,0.070225,0.0,0.080295,0.0,0.0,0.0,0.0,0.0847,0.088527,0.050128,0.046185,0.0,0.0,0.07383,0.0,0.0,0.0,0.0,0.0,0.0,0.027261,0.0,0.0,0.031709,0.060941,0.0,0.0,0.0,0.092322,0.018821,0.095746,0.0,0.0,0.0,0.0,0.025607,0.0,0.0,0.090395,0.016283
2025-03-14,0.028873,0.0,0.017864,0.069871,0.0,0.081001,0.0,0.0,0.0,0.0,0.08483,0.088408,0.050299,0.04659,0.0,0.0,0.073723,0.0,0.0,0.0,0.0,0.0,0.0,0.027256,0.0,0.0,0.032279,0.061754,0.0,0.0,0.0,0.090573,0.018439,0.09333,0.0,0.0,0.0,0.0,0.025227,0.0,0.0,0.093712,0.015971
2025-03-17,0.028864,0.0,0.017893,0.069861,0.0,0.082079,0.0,0.0,0.0,0.0,0.084216,0.088255,0.050441,0.04653,0.0,0.0,0.074083,0.0,0.0,0.0,0.0,0.0,0.0,0.027129,0.0,0.0,0.032417,0.062145,0.0,0.0,0.0,0.090262,0.018336,0.093906,0.0,0.0,0.0,0.0,0.025065,0.0,0.0,0.09269,0.015829
2025-03-18,0.028969,0.0,0.017962,0.070151,0.0,0.082218,0.0,0.0,0.0,0.0,0.083267,0.087602,0.050716,0.046787,0.0,0.0,0.073982,0.0,0.0,0.0,0.0,0.0,0.0,0.02712,0.0,0.0,0.032156,0.062179,0.0,0.0,0.0,0.091924,0.018482,0.094532,0.0,0.0,0.0,0.0,0.025187,0.0,0.0,0.09083,0.015936
2025-03-19,0.028804,0.0,0.017969,0.070113,0.0,0.081253,0.0,0.0,0.0,0.0,0.083939,0.087678,0.050716,0.046775,0.0,0.0,0.074147,0.0,0.0,0.0,0.0,0.0,0.0,0.026924,0.0,0.0,0.032306,0.062226,0.0,0.0,0.0,0.091297,0.018221,0.093468,0.0,0.0,0.0,0.0,0.025077,0.0,0.0,0.093321,0.015766
2025-03-20,0.028971,0.0,0.017973,0.070922,0.0,0.079433,0.0,0.0,0.0,0.0,0.084203,0.087972,0.051068,0.046788,0.0,0.0,0.074184,0.0,0.0,0.0,0.0,0.0,0.0,0.027182,0.0,0.0,0.032352,0.06154,0.0,0.0,0.0,0.091684,0.018173,0.09416,0.0,0.0,0.0,0.0,0.025181,0.0,0.0,0.092359,0.015855
2025-03-21,0.028956,0.0,0.018044,0.070566,0.0,0.078275,0.0,0.0,0.0,0.0,0.084831,0.089003,0.051079,0.04688,0.0,0.0,0.074071,0.0,0.0,0.0,0.0,0.0,0.0,0.027111,0.0,0.0,0.032666,0.061681,0.0,0.0,0.0,0.091296,0.017956,0.09396,0.0,0.0,0.0,0.0,0.02524,0.0,0.0,0.092467,0.015918
2025-03-24,0.028931,0.0,0.01773,0.070651,0.0,0.07703,0.0,0.0,0.0,0.0,0.086674,0.088892,0.051189,0.047404,0.0,0.0,0.074298,0.0,0.0,0.0,0.0,0.0,0.0,0.026691,0.0,0.0,0.032964,0.061725,0.0,0.0,0.0,0.089508,0.017648,0.092324,0.0,0.0,0.0,0.0,0.024928,0.0,0.0,0.095738,0.015676
2025-03-25,0.02893,0.0,0.0178,0.070574,0.0,0.075939,0.0,0.0,0.0,0.0,0.087084,0.089727,0.051309,0.047181,0.0,0.0,0.074169,0.0,0.0,0.0,0.0,0.0,0.0,0.026179,0.0,0.0,0.033188,0.062225,0.0,0.0,0.0,0.089611,0.017955,0.092337,0.0,0.0,0.0,0.0,0.024835,0.0,0.0,0.095332,0.015624
2025-03-26,0.028959,0.0,0.017706,0.070863,0.0,0.076534,0.0,0.0,0.0,0.0,0.08662,0.089661,0.051558,0.047367,0.0,0.0,0.074256,0.0,0.0,0.0,0.0,0.0,0.0,0.026559,0.0,0.0,0.032671,0.061623,0.0,0.0,0.0,0.090239,0.018066,0.092366,0.0,0.0,0.0,0.0,0.024929,0.0,0.0,0.094269,0.015754
2025-03-27,0.028866,0.0,0.01769,0.070436,0.0,0.077697,0.0,0.0,0.0,0.0,0.086715,0.089304,0.051479,0.047012,0.0,0.0,0.073895,0.0,0.0,0.0,0.0,0.0,0.0,0.026565,0.0,0.0,0.032127,0.060706,0.0,0.0,0.0,0.091491,0.018542,0.091921,0.0,0.0,0.0,0.0,0.024893,0.0,0.0,0.0949,0.015762
2025-03-28,0.028858,0.0,0.017644,0.070169,0.0,0.077342,0.0,0.0,0.0,0.0,0.085537,0.088234,0.051395,0.046887,0.0,0.0,0.073678,0.0,0.0,0.0,0.0,0.0,0.0,0.027243,0.0,0.0,0.03177,0.060635,0.0,0.0,0.0,0.093833,0.018684,0.093722,0.0,0.0,0.0,0.0,0.025298,0.0,0.0,0.093023,0.016046
2025-03-31,0.017634,0.035883,0.0,0.0,0.0,0.072472,0.0,0.0,0.0,0.0,0.066983,0.072322,0.05344,0.027828,0.015216,0.0,0.053211,0.0,0.0,0.0,0.0,0.0,0.0,0.029323,0.0,0.0,0.0,0.070424,0.0,0.0,0.029494,0.0718,0.0,0.072484,0.0,0.0,0.025985,0.054735,0.054514,0.02699,0.072485,0.07251,0.004267
2025-04-01,0.017746,0.035754,0.0,0.0,0.0,0.072225,0.0,0.0,0.0,0.0,0.067266,0.071923,0.053048,0.027537,0.015212,0.0,0.053182,0.0,0.0,0.0,0.0,0.0,0.0,0.029217,0.0,0.0,0.0,0.070569,0.0,0.0,0.02917,0.071217,0.0,0.073653,0.0,0.0,0.025916,0.054433,0.054304,0.02692,0.072272,0.074195,0.004241
2025-04-02,0.01771,0.035644,0.0,0.0,0.0,0.071254,0.0,0.0,0.0,0.0,0.068108,0.071718,0.053146,0.027772,0.015136,0.0,0.053342,0.0,0.0,0.0,0.0,0.0,0.0,0.029167,0.0,0.0,0.0,0.071148,0.0,0.0,0.028992,0.070911,0.0,0.073865,0.0,0.0,0.025727,0.054004,0.054069,0.026811,0.071781,0.075479,0.004216
2025-04-03,0.017661,0.036182,0.0,0.0,0.0,0.072717,0.0,0.0,0.0,0.0,0.065905,0.070564,0.052037,0.025983,0.014364,0.0,0.051961,0.0,0.0,0.0,0.0,0.0,0.0,0.029849,0.0,0.0,0.0,0.069656,0.0,0.0,0.028659,0.072586,0.0,0.075509,0.0,0.0,0.026767,0.055964,0.054991,0.027608,0.073482,0.073215,0.004342
2025-04-04,0.01737,0.035069,0.0,0.0,0.0,0.070295,0.0,0.0,0.0,0.0,0.065436,0.069027,0.050045,0.02583,0.013534,0.0,0.050529,0.0,0.0,0.0,0.0,0.0,0.0,0.02925,0.0,0.0,0.0,0.067878,0.0,0.0,0.028013,0.073557,0.0,0.075913,0.0,0.0,0.027853,0.057877,0.056248,0.028616,0.075138,0.078017,0.004504
2025-04-07,0.017129,0.034776,0.0,0.0,0.0,0.066188,0.0,0.0,0.0,0.0,0.066179,0.070743,0.051091,0.026322,0.013761,0.0,0.051472,0.0,0.0,0.0,0.0,0.0,0.0,0.029478,0.0,0.0,0.0,0.069675,0.0,0.0,0.026938,0.073664,0.0,0.075702,0.0,0.0,0.028167,0.058522,0.057072,0.028717,0.075659,0.074133,0.004613
2025-04-08,0.01788,0.034932,0.0,0.0,0.0,0.065637,0.0,0.0,0.0,0.0,0.065175,0.070367,0.051341,0.02625,0.013561,0.0,0.051496,0.0,0.0,0.0,0.0,0.0,0.0,0.029615,0.0,0.0,0.0,0.069983,0.0,0.0,0.026355,0.074716,0.0,0.075767,0.0,0.0,0.028271,0.05889,0.057309,0.028602,0.07578,0.073421,0.004652
2025-04-09,0.016362,0.035531,0.0,0.0,0.0,0.066041,0.0,0.0,0.0,0.0,0.068419,0.072502,0.052267,0.026672,0.013832,0.0,0.053081,0.0,0.0,0.0,0.0,0.0,0.0,0.029141,0.0,0.0,0.0,0.072998,0.0,0.0,0.027451,0.07335,0.0,0.073857,0.0,0.0,0.02668,0.055869,0.055708,0.02753,0.07359,0.074713,0.004405
2025-04-10,0.01753,0.035709,0.0,0.0,0.0,0.067147,0.0,0.0,0.0,0.0,0.066959,0.071288,0.051744,0.025563,0.013167,0.0,0.052665,0.0,0.0,0.0,0.0,0.0,0.0,0.029456,0.0,0.0,0.0,0.072407,0.0,0.0,0.027374,0.076528,0.0,0.074468,0.0,0.0,0.027002,0.056222,0.055809,0.027561,0.073495,0.073419,0.004487
2025-04-11,0.017297,0.036065,0.0,0.0,0.0,0.068388,0.0,0.0,0.0,0.0,0.066501,0.070717,0.051739,0.025226,0.013273,0.0,0.052718,0.0,0.0,0.0,0.0,0.0,0.0,0.029328,0.0,0.0,0.0,0.072261,0.0,0.0,0.027877,0.076712,0.0,0.074813,0.0,0.0,0.026411,0.055323,0.055061,0.027105,0.07255,0.076223,0.004414
2025-04-14,0.017702,0.036065,0.0,0.0,0.0,0.069084,0.0,0.0,0.0,0.0,0.0662,0.070663,0.051884,0.02547,0.013222,0.0,0.052873,0.0,0.0,0.0,0.0,0.0,0.0,0.029633,0.0,0.0,0.0,0.071944,0.0,0.0,0.027982,0.075709,0.0,0.074175,0.0,0.0,0.026425,0.055177,0.054924,0.027071,0.072762,0.076652,0.004382
2025-04-15,0.017771,0.036431,0.0,0.0,0.0,0.068559,0.0,0.0,0.0,0.0,0.06573,0.070848,0.052022,0.025823,0.013203,0.0,0.052616,0.0,0.0,0.0,0.0,0.0,0.0,0.029632,0.0,0.0,0.0,0.07264,0.0,0.0,0.02772,0.076114,0.0,0.073787,0.0,0.0,0.026507,0.055178,0.055079,0.027219,0.072993,0.075749,0.004379
2025-04-16,0.017728,0.036447,0.0,0.0,0.0,0.067481,0.0,0.0,0.0,0.0,0.064397,0.06925,0.051438,0.025864,0.013372,0.0,0.052129,0.0,0.0,0.0,0.0,0.0,0.0,0.029498,0.0,0.0,0.0,0.071676,0.0,0.0,0.027391,0.078944,0.0,0.075197,0.0,0.0,0.026741,0.05558,0.05532,0.027457,0.073346,0.07634,0.004403
2025-04-17,0.017518,0.036709,0.0,0.0,0.0,0.067443,0.0,0.0,0.0,0.0,0.064595,0.069476,0.051406,0.025954,0.01363,0.0,0.052246,0.0,0.0,0.0,0.0,0.0,0.0,0.029705,0.0,0.0,0.0,0.070919,0.0,0.0,0.027373,0.078346,0.0,0.075324,0.0,0.0,0.02658,0.05553,0.055464,0.027331,0.073302,0.076759,0.004389
2025-04-21,0.017628,0.036691,0.0,0.0,0.0,0.068005,0.0,0.0,0.0,0.0,0.063267,0.06834,0.050621,0.025753,0.013357,0.0,0.051396,0.0,0.0,0.0,0.0,0.0,0.0,0.029185,0.0,0.0,0.0,0.069575,0.0,0.0,0.027499,0.081279,0.0,0.075741,0.0,0.0,0.026603,0.055592,0.055483,0.027207,0.072908,0.079454,0.004416
2025-04-22,0.017339,0.0368,0.0,0.0,0.0,0.068873,0.0,0.0,0.0,0.0,0.064141,0.06891,0.051391,0.02613,0.01346,0.0,0.05139,0.0,0.0,0.0,0.0,0.0,0.0,0.029462,0.0,0.0,0.0,0.06961,0.0,0.0,0.027386,0.07874,0.0,0.075411,0.0,0.0,0.026163,0.054833,0.054736,0.026803,0.07239,0.08169,0.00434
2025-04-23,0.017554,0.036611,0.0,0.0,0.0,0.069309,0.0,0.0,0.0,0.0,0.065018,0.069421,0.051561,0.026385,0.013322,0.0,0.051592,0.0,0.0,0.0,0.0,0.0,0.0,0.029336,0.0,0.0,0.0,0.070574,0.0,0.0,0.027537,0.0762,0.0,0.074744,0.0,0.0,0.025969,0.054528,0.054545,0.026693,0.072092,0.082705,0.004304
2025-04-24,0.017448,0.036612,0.0,0.0,0.0,0.068827,0.0,0.0,0.0,0.0,0.065459,0.069899,0.051462,0.0265,0.013361,0.0,0.05207,0.0,0.0,0.0,0.0,0.0,0.0,0.029003,0.0,0.0,0.0,0.071898,0.0,0.0,0.027757,0.076314,0.0,0.074547,0.0,0.0,0.025773,0.054111,0.054325,0.02662,0.071923,0.081841,0.004251
2025-04-25,0.017478,0.036621,0.0,0.0,0.0,0.06848,0.0,0.0,0.0,0.0,0.066376,0.070064,0.051017,0.026173,0.013284,0.0,0.051863,0.0,0.0,0.0,0.0,0.0,0.0,0.028801,0.0,0.0,0.0,0.072293,0.0,0.0,0.027837,0.075192,0.0,0.074883,0.0,0.0,0.02577,0.053925,0.054162,0.026657,0.071929,0.082961,0.004233
2025-04-28,0.017507,0.036798,0.0,0.0,0.0,0.068287,0.0,0.0,0.0,0.0,0.066289,0.070215,0.051091,0.026269,0.013356,0.0,0.051949,0.0,0.0,0.0,0.0,0.0,0.0,0.02893,0.0,0.0,0.0,0.072416,0.0,0.0,0.027512,0.076136,0.0,0.074242,0.0,0.0,0.02583,0.054022,0.054099,0.026674,0.071889,0.082264,0.004227
2025-04-29,0.017559,0.036772,0.0,0.0,0.0,0.067876,0.0,0.0,0.0,0.0,0.066575,0.070532,0.05148,0.026435,0.01328,0.0,0.052143,0.0,0.0,0.0,0.0,0.0,0.0,0.029074,0.0,0.0,0.0,0.073275,0.0,0.0,0.027564,0.075188,0.0,0.073197,0.0,0.0,0.025848,0.053966,0.054094,0.026662,0.071787,0.082476,0.004215
2025-04-30,0.0,0.035667,0.015279,0.0,0.0,0.040002,0.0,0.0,0.0,0.0,0.0,0.05948,0.074641,0.022369,0.034224,0.0,0.0,0.0,0.0,0.0,0.013457,0.0,0.047957,0.021782,0.0,0.0,0.0,0.051611,0.0,0.0,0.0,0.060983,0.043464,0.093953,0.0,0.0,0.052513,0.052396,0.062953,0.042036,0.075485,0.093939,0.005809
2025-05-01,0.0,0.035555,0.015229,0.0,0.0,0.039964,0.0,0.0,0.0,0.0,0.0,0.05981,0.074656,0.022599,0.034366,0.0,0.0,0.0,0.0,0.0,0.013096,0.0,0.04756,0.021854,0.0,0.0,0.0,0.051695,0.0,0.0,0.0,0.059741,0.043173,0.093326,0.0,0.0,0.052306,0.052238,0.063061,0.041905,0.075551,0.096506,0.005811
2025-05-02,0.0,0.036039,0.015271,0.0,0.0,0.041081,0.0,0.0,0.0,0.0,0.0,0.060296,0.075648,0.022983,0.034614,0.0,0.0,0.0,0.0,0.0,0.01318,0.0,0.04747,0.021865,0.0,0.0,0.0,0.052135,0.0,0.0,0.0,0.05941,0.042465,0.093481,0.0,0.0,0.051576,0.051588,0.062793,0.041499,0.0748,0.096037,0.005768
2025-05-05,0.0,0.036164,0.01541,0.0,0.0,0.041152,0.0,0.0,0.0,0.0,0.0,0.060566,0.07532,0.022956,0.034061,0.0,0.0,0.0,0.0,0.0,0.013171,0.0,0.04753,0.021856,0.0,0.0,0.0,0.052492,0.0,0.0,0.0,0.061314,0.043081,0.093156,0.0,0.0,0.051593,0.051645,0.062902,0.041528,0.074807,0.093514,0.005781
2025-05-06,0.0,0.035916,0.015352,0.0,0.0,0.041397,0.0,0.0,0.0,0.0,0.0,0.060293,0.07457,0.022625,0.033922,0.0,0.0,0.0,0.0,0.0,0.012752,0.0,0.047243,0.022027,0.0,0.0,0.0,0.052327,0.0,0.0,0.0,0.06276,0.043972,0.093344,0.0,0.0,0.0515,0.051578,0.062583,0.041431,0.074793,0.093859,0.005757
2025-05-07,0.0,0.035831,0.015266,0.0,0.0,0.040454,0.0,0.0,0.0,0.0,0.0,0.060218,0.075056,0.022727,0.033955,0.0,0.0,0.0,0.0,0.0,0.012858,0.0,0.047347,0.022104,0.0,0.0,0.0,0.052412,0.0,0.0,0.0,0.061856,0.042936,0.093366,0.0,0.0,0.051667,0.051661,0.062676,0.041541,0.075131,0.09518,0.00576
2025-05-08,0.0,0.035528,0.015161,0.0,0.0,0.04084,0.0,0.0,0.0,0.0,0.0,0.06007,0.075314,0.023066,0.034237,0.0,0.0,0.0,0.0,0.0,0.012681,0.0,0.047062,0.02182,0.0,0.0,0.0,0.052436,0.0,0.0,0.0,0.060346,0.042686,0.093055,0.0,0.0,0.051018,0.051229,0.062359,0.041133,0.07447,0.099757,0.005733
2025-05-09,0.0,0.035673,0.01516,0.0,0.0,0.040583,0.0,0.0,0.0,0.0,0.0,0.059608,0.07512,0.022903,0.034492,0.0,0.0,0.0,0.0,0.0,0.01251,0.0,0.04667,0.021802,0.0,0.0,0.0,0.051843,0.0,0.0,0.0,0.060628,0.043067,0.093195,0.0,0.0,0.050925,0.051144,0.062238,0.041012,0.074394,0.101314,0.005721
2025-05-12,0.0,0.035575,0.015251,0.0,0.0,0.041757,0.0,0.0,0.0,0.0,0.0,0.06055,0.076267,0.023782,0.035218,0.0,0.0,0.0,0.0,0.0,0.012757,0.0,0.04651,0.021566,0.0,0.0,0.0,0.053238,0.0,0.0,0.0,0.058631,0.042612,0.092637,0.0,0.0,0.050354,0.050498,0.062549,0.040803,0.07446,0.099292,0.005693
2025-05-13,0.0,0.0355,0.015043,0.0,0.0,0.04123,0.0,0.0,0.0,0.0,0.0,0.060767,0.076112,0.023769,0.035495,0.0,0.0,0.0,0.0,0.0,0.012297,0.0,0.045603,0.021404,0.0,0.0,0.0,0.053417,0.0,0.0,0.0,0.058519,0.04278,0.093398,0.0,0.0,0.050007,0.050309,0.062275,0.040587,0.074069,0.101763,0.005656
2025-05-14,0.0,0.035633,0.014966,0.0,0.0,0.042161,0.0,0.0,0.0,0.0,0.0,0.061452,0.076362,0.023791,0.035493,0.0,0.0,0.0,0.0,0.0,0.012081,0.0,0.045632,0.021439,0.0,0.0,0.0,0.053398,0.0,0.0,0.0,0.057634,0.04206,0.093448,0.0,0.0,0.050122,0.050561,0.062423,0.040626,0.074269,0.100759,0.005691
2025-05-15,0.0,0.035776,0.015056,0.0,0.0,0.041137,0.0,0.0,0.0,0.0,0.0,0.061334,0.076421,0.023695,0.035433,0.0,0.0,0.0,0.0,0.0,0.012167,0.0,0.046294,0.021767,0.0,0.0,0.0,0.053628,0.0,0.0,0.0,0.05821,0.042328,0.09348,0.0,0.0,0.050153,0.050408,0.062174,0.040677,0.074079,0.100122,0.00566
2025-05-16,0.0,0.035782,0.015062,0.0,0.0,0.040933,0.0,0.0,0.0,0.0,0.0,0.061615,0.076712,0.023676,0.035301,0.0,0.0,0.0,0.0,0.0,0.012385,0.0,0.046721,0.022038,0.0,0.0,0.0,0.053811,0.0,0.0,0.0,0.057379,0.041792,0.093068,0.0,0.0,0.050058,0.050384,0.062106,0.040662,0.074054,0.100817,0.005647
2025-05-19,0.0,0.036106,0.015021,0.0,0.0,0.040988,0.0,0.0,0.0,0.0,0.0,0.061442,0.076466,0.023514,0.034711,0.0,0.0,0.0,0.0,0.0,0.012457,0.0,0.04668,0.022048,0.0,0.0,0.0,0.05378,0.0,0.0,0.0,0.057898,0.041804,0.093529,0.0,0.0,0.049842,0.050198,0.06184,0.040512,0.073822,0.101715,0.005627
2025-05-20,0.0,0.036214,0.015055,0.0,0.0,0.041216,0.0,0.0,0.0,0.0,0.0,0.061074,0.075782,0.023341,0.034268,0.0,0.0,0.0,0.0,0.0,0.012443,0.0,0.046679,0.022034,0.0,0.0,0.0,0.053709,0.0,0.0,0.0,0.058767,0.042661,0.093435,0.0,0.0,0.049602,0.049947,0.06159,0.040271,0.073447,0.102859,0.005607
2025-05-21,0.0,0.03623,0.014999,0.0,0.0,0.041293,0.0,0.0,0.0,0.0,0.0,0.060962,0.074654,0.022647,0.033828,0.0,0.0,0.0,0.0,0.0,0.012224,0.0,0.046399,0.021755,0.0,0.0,0.0,0.053149,0.0,0.0,0.0,0.059538,0.043445,0.094068,0.0,0.0,0.049538,0.049958,0.061526,0.040049,0.073187,0.10491,0.00564
2025-05-22,0.0,0.036158,0.015002,0.0,0.0,0.041085,0.0,0.0,0.0,0.0,0.0,0.060789,0.074515,0.022649,0.033673,0.0,0.0,0.0,0.0,0.0,0.01212,0.0,0.046174,0.02143,0.0,0.0,0.0,0.05376,0.0,0.0,0.0,0.058971,0.042733,0.093054,0.0,0.0,0.049691,0.050073,0.06161,0.040226,0.073383,0.107266,0.005636
2025-05-23,0.0,0.036158,0.015162,0.0,0.0,0.041172,0.0,0.0,0.0,0.0,0.0,0.060606,0.074365,0.02259,0.033833,0.0,0.0,0.0,0.0,0.0,0.01212,0.0,0.046417,0.021721,0.0,0.0,0.0,0.053491,0.0,0.0,0.0,0.060357,0.043399,0.092315,0.0,0.0,0.049912,0.050197,0.061691,0.04032,0.073571,0.104958,0.005646
2025-05-26,0.0,0.036158,0.015162,0.0,0.0,0.041172,0.0,0.0,0.0,0.0,0.0,0.060606,0.074365,0.02259,0.033834,0.0,0.0,0.0,0.0,0.0,0.01212,0.0,0.046417,0.021721,0.0,0.0,0.0,0.053491,0.0,0.0,0.0,0.060357,0.043399,0.092316,0.0,0.0,0.049913,0.050197,0.061691,0.04032,0.073571,0.104958,0.005644
2025-05-27,0.0,0.036363,0.015464,0.0,0.0,0.040364,0.0,0.0,0.0,0.0,0.0,0.06121,0.075203,0.022975,0.033915,0.0,0.0,0.0,0.0,0.0,0.012213,0.0,0.046548,0.021749,0.0,0.0,0.0,0.054199,0.0,0.0,0.0,0.058966,0.042818,0.091304,0.0,0.0,0.04981,0.050029,0.061681,0.040432,0.073563,0.105583,0.00561
2025-05-28,0.0,0.036332,0.015324,0.0,0.0,0.04019,0.0,0.0,0.0,0.0,0.0,0.061746,0.07537,0.022836,0.033784,0.0,0.0,0.0,0.0,0.0,0.012259,0.0,0.046645,0.021637,0.0,0.0,0.0,0.053907,0.0,0.0,0.0,0.059359,0.042844,0.091132,0.0,0.0,0.050117,0.050361,0.062194,0.040695,0.074065,0.10354,0.005661
2025-05-29,0.0,0.03648,0.015395,0.0,0.0,0.040548,0.0,0.0,0.0,0.0,0.0,0.061185,0.075679,0.023006,0.034001,0.0,0.0,0.0,0.0,0.0,0.012328,0.0,0.046785,0.021765,0.0,0.0,0.0,0.053564,0.0,0.0,0.0,0.059649,0.043257,0.090527,0.0,0.0,0.050273,0.050452,0.062224,0.040835,0.074242,0.102147,0.005658
2025-05-30,0.033304,0.067239,0.06722,0.0,0.036606,0.045261,0.029805,0.030301,0.0,0.0,0.0,0.067056,0.056838,0.0,0.0,0.0,0.0,0.0,0.0,0.0,0.0,0.0,0.067004,0.0,0.0,0.0,0.024288,0.050998,0.0,0.0,0.0,0.06606,0.0,0.067289,0.0,0.0,0.037707,0.037535,0.03789,0.03751,0.067042,0.067425,0.005623
2025-06-02,0.033241,0.067611,0.067769,0.0,0.036564,0.045446,0.029745,0.030301,0.0,0.0,0.0,0.067104,0.056622,0.0,0.0,0.0,0.0,0.0,0.0,0.0,0.0,0.0,0.066763,0.0,0.0,0.0,0.024254,0.0513,0.0,0.0,0.0,0.067531,0.0,0.06683,0.0,0.0,0.037421,0.037252,0.037724,0.037246,0.066735,0.066941,0.0056
2025-06-03,0.033474,0.06696,0.066871,0.0,0.036746,0.045821,0.03005,0.029945,0.0,0.0,0.0,0.066837,0.056669,0.0,0.0,0.0,0.0,0.0,0.0,0.0,0.0,0.0,0.066623,0.0,0.0,0.0,0.024471,0.051772,0.0,0.0,0.0,0.066857,0.0,0.06693,0.0,0.0,0.037343,0.037175,0.037753,0.037222,0.066874,0.068014,0.005593
2025-06-04,0.033545,0.067258,0.066681,0.0,0.037113,0.046597,0.029832,0.029858,0.0,0.0,0.0,0.067118,0.056225,0.0,0.0,0.0,0.0,0.0,0.0,0.0,0.0,0.0,0.066012,0.0,0.0,0.0,0.024373,0.051405,0.0,0.0,0.0,0.067142,0.0,0.067285,0.0,0.0,0.037536,0.037238,0.037742,0.037411,0.066979,0.06707,0.005581
2025-06-05,0.033701,0.067469,0.066199,0.0,0.03757,0.046866,0.030069,0.030065,0.0,0.0,0.0,0.067352,0.056188,0.0,0.0,0.0,0.0,0.0,0.0,0.0,0.0,0.0,0.065516,0.0,0.0,0.0,0.024392,0.051761,0.0,0.0,0.0,0.066944,0.0,0.068329,0.0,0.0,0.037503,0.037207,0.037741,0.037375,0.066958,0.065201,0.005594
2025-06-06,0.033565,0.067415,0.066354,0.0,0.037331,0.046642,0.030094,0.030363,0.0,0.0,0.0,0.067974,0.056687,0.0,0.0,0.0,0.0,0.0,0.0,0.0,0.0,0.0,0.065494,0.0,0.0,0.0,0.024613,0.051713,0.0,0.0,0.0,0.065814,0.0,0.068639,0.0,0.0,0.037074,0.036878,0.037603,0.037019,0.06662,0.06653,0.005575
2025-06-09,0.033511,0.067189,0.06623,0.0,0.037603,0.046994,0.029885,0.030443,0.0,0.0,0.0,0.067551,0.056189,0.0,0.0,0.0,0.0,0.0,0.0,0.0,0.0,0.0,0.065187,0.0,0.0,0.0,0.024566,0.051049,0.0,0.0,0.0,0.065903,0.0,0.068185,0.0,0.0,0.037017,0.036806,0.037496,0.037006,0.066566,0.069065,0.005557
2025-06-10,0.033465,0.067199,0.066076,0.0,0.037626,0.04706,0.029944,0.030404,0.0,0.0,0.0,0.068294,0.056162,0.0,0.0,0.0,0.0,0.0,0.0,0.0,0.0,0.0,0.065223,0.0,0.0,0.0,0.024467,0.050832,0.0,0.0,0.0,0.065813,0.0,0.067277,0.0,0.0,0.037019,0.036762,0.037524,0.037034,0.066749,0.069521,0.005547
2025-06-11,0.033622,0.067051,0.065819,0.0,0.038038,0.047154,0.030452,0.030411,0.0,0.0,0.0,0.068065,0.056037,0.0,0.0,0.0,0.0,0.0,0.0,0.0,0.0,0.0,0.064931,0.0,0.0,0.0,0.024421,0.050911,0.0,0.0,0.0,0.0661,0.0,0.067157,0.0,0.0,0.037134,0.036784,0.037475,0.037112,0.066876,0.06891,0.005542
2025-06-12,0.033558,0.067608,0.066238,0.0,0.037866,0.04705,0.030347,0.030091,0.0,0.0,0.0,0.067448,0.055984,0.0,0.0,0.0,0.0,0.0,0.0,0.0,0.0,0.0,0.065252,0.0,0.0,0.0,0.024686,0.051093,0.0,0.0,0.0,0.066857,0.0,0.066994,0.0,0.0,0.03726,0.036855,0.037482,0.037283,0.06693,0.067581,0.005538
2025-06-13,0.033684,0.067122,0.066227,0.0,0.037693,0.046565,0.030583,0.029914,0.0,0.0,0.0,0.067306,0.055287,0.0,0.0,0.0,0.0,0.0,0.0,0.0,0.0,0.0,0.064979,0.0,0.0,0.0,0.024707,0.051008,0.0,0.0,0.0,0.068283,0.0,0.067413,0.0,0.0,0.037424,0.037099,0.037672,0.037361,0.067045,0.067047,0.005582
2025-06-16,0.033602,0.066877,0.065874,0.0,0.037905,0.046889,0.031114,0.029983,0.0,0.0,0.0,0.067964,0.055513,0.0,0.0,0.0,0.0,0.0,0.0,0.0,0.0,0.0,0.064715,0.0,0.0,0.0,0.024789,0.051205,0.0,0.0,0.0,0.066821,0.0,0.067445,0.0,0.0,0.037046,0.036779,0.037475,0.037024,0.066633,0.068805,0.005543
2025-06-17,0.033626,0.066428,0.065601,0.0,0.037795,0.046767,0.031137,0.029814,0.0,0.0,0.0,0.067894,0.055627,0.0,0.0,0.0,0.0,0.0,0.0,0.0,0.0,0.0,0.064669,0.0,0.0,0.0,0.024809,0.051635,0.0,0.0,0.0,0.06738,0.0,0.067274,0.0,0.0,0.03752,0.037263,0.037726,0.037443,0.067207,0.066797,0.005587
2025-06-18,0.033658,0.06649,0.066405,0.0,0.037712,0.046402,0.031153,0.029839,0.0,0.0,0.0,0.068034,0.055693,0.0,0.0,0.0,0.0,0.0,0.0,0.0,0.0,0.0,0.064691,0.0,0.0,0.0,0.024718,0.05149,0.0,0.0,0.0,0.067123,0.0,0.067105,0.0,0.0,0.037603,0.037349,0.037843,0.03753,0.067269,0.066297,0.005596
2025-06-19,0.033244,0.066561,0.066477,0.0,0.037125,0.046452,0.031186,0.029871,0.0,0.0,0.0,0.068108,0.055753,0.0,0.0,0.0,0.0,0.0,0.0,0.0,0.0,0.0,0.06476,0.0,0.0,0.0,0.024744,0.051546,0.0,0.0,0.0,0.067196,0.0,0.067177,0.0,0.0,0.037643,0.037389,0.037884,0.037571,0.067342,0.066368,0.005603
2025-06-20,0.033622,0.066373,0.065512,0.0,0.03765,0.046229,0.030829,0.030028,0.0,0.0,0.0,0.06791,0.056088,0.0,0.0,0.0,0.0,0.0,0.0,0.0,0.0,0.0,0.065444,0.0,0.0,0.0,0.024594,0.051172,0.0,0.0,0.0,0.067383,0.0,0.066461,0.0,0.0,0.037788,0.037574,0.038124,0.037722,0.067646,0.066228,0.005621
2025-06-23,0.033431,0.066545,0.065352,0.0,0.037457,0.046492,0.030632,0.030074,0.0,0.0,0.0,0.068355,0.056451,0.0,0.0,0.0,0.0,0.0,0.0,0.0,0.0,0.0,0.065803,0.0,0.0,0.0,0.024739,0.051815,0.0,0.0,0.0,0.067181,0.0,0.066235,0.0,0.0,0.037691,0.037378,0.037966,0.037588,0.06743,0.065797,0.005586
2025-06-24,0.033679,0.066878,0.065467,0.0,0.038241,0.047339,0.030734,0.030098,0.0,0.0,0.0,0.068672,0.056828,0.0,0.0,0.0,0.0,0.0,0.0,0.0,0.0,0.0,0.06521,0.0,0.0,0.0,0.024925,0.051637,0.0,0.0,0.0,0.065586,0.0,0.065224,0.0,0.0,0.037513,0.037121,0.037759,0.037457,0.067283,0.066808,0.005542
2025-06-25,0.033669,0.066522,0.065251,0.0,0.038366,0.047344,0.030309,0.030233,0.0,0.0,0.0,0.068715,0.056688,0.0,0.0,0.0,0.0,0.0,0.0,0.0,0.0,0.0,0.064389,0.0,0.0,0.0,0.024881,0.052071,0.0,0.0,0.0,0.06584,0.0,0.064756,0.0,0.0,0.03756,0.037172,0.037781,0.037443,0.067302,0.068159,0.005547
2025-06-26,0.033743,0.066688,0.06623,0.0,0.038407,0.047069,0.030739,0.030439,0.0,0.0,0.0,0.069095,0.056764,0.0,0.0,0.0,0.0,0.0,0.0,0.0,0.0,0.0,0.063947,0.0,0.0,0.0,0.024947,0.052198,0.0,0.0,0.0,0.065372,0.0,0.064516,0.0,0.0,0.037468,0.037057,0.037662,0.037356,0.067102,0.067688,0.005514
2025-06-27,0.03402,0.067232,0.067328,0.0,0.038314,0.046712,0.030715,0.030487,0.0,0.0,0.0,0.069829,0.056865,0.0,0.0,0.0,0.0,0.0,0.0,0.0,0.0,0.0,0.064179,0.0,0.0,0.0,0.024706,0.051875,0.0,0.0,0.0,0.064116,0.0,0.064913,0.0,0.0,0.037329,0.036969,0.037602,0.037253,0.066969,0.067079,0.005508
2025-06-30,0.053694,0.05507,0.054964,0.0,0.05503,0.055006,0.05512,0.0,0.0,0.0,0.0,0.054878,0.050606,0.0,0.0,0.0,0.05473,0.0,0.0,0.0,0.0,0.0,0.055166,0.053209,0.0,0.0,0.0,0.055184,0.0,0.0,0.0,0.05465,0.0,0.055123,0.0,0.0,0.030751,0.031037,0.030894,0.030976,0.05498,0.055177,0.003756
2025-07-01,0.053808,0.055212,0.054659,0.0,0.055299,0.055274,0.055104,0.0,0.0,0.0,0.0,0.054586,0.050978,0.0,0.0,0.0,0.05501,0.0,0.0,0.0,0.0,0.0,0.055954,0.053487,0.0,0.0,0.0,0.054434,0.0,0.0,0.0,0.055236,0.0,0.054165,0.0,0.0,0.030749,0.031075,0.03091,0.031069,0.055186,0.054041,0.003763
2025-07-02,0.053835,0.055205,0.05452,0.0,0.05525,0.054835,0.055163,0.0,0.0,0.0,0.0,0.054262,0.050782,0.0,0.0,0.0,0.054896,0.0,0.0,0.0,0.0,0.0,0.055946,0.05286,0.0,0.0,0.0,0.05434,0.0,0.0,0.0,0.055371,0.0,0.054462,0.0,0.0,0.030591,0.030966,0.030873,0.030967,0.054963,0.056161,0.003751
2025-07-03,0.054091,0.054979,0.054426,0.0,0.055548,0.05436,0.055726,0.0,0.0,0.0,0.0,0.054364,0.051148,0.0,0.0,0.0,0.055164,0.0,0.0,0.0,0.0,0.0,0.055718,0.053066,0.0,0.0,0.0,0.055169,0.0,0.0,0.0,0.054796,0.0,0.054308,0.0,0.0,0.030375,0.030801,0.030781,0.030783,0.054861,0.0558,0.003739
2025-07-04,0.05385,0.055025,0.054472,0.0,0.055043,0.054405,0.055772,0.0,0.0,0.0,0.0,0.054409,0.051191,0.0,0.0,0.0,0.055211,0.0,0.0,0.0,0.0,0.0,0.055764,0.05311,0.0,0.0,0.0,0.055215,0.0,0.0,0.0,0.054841,0.0,0.054354,0.0,0.0,0.0304,0.030827,0.030807,0.030809,0.054906,0.055847,0.003742
2025-07-07,0.054149,0.054981,0.053508,0.0,0.055397,0.054649,0.054765,0.0,0.0,0.0,0.0,0.054226,0.05102,0.0,0.0,0.0,0.055366,0.0,0.0,0.0,0.0,0.0,0.056069,0.053557,0.0,0.0,0.0,0.055381,0.0,0.0,0.0,0.055229,0.0,0.054317,0.0,0.0,0.030496,0.030982,0.030897,0.030819,0.054973,0.055453,0.003766
2025-07-08,0.054051,0.055552,0.053823,0.0,0.055442,0.055204,0.05502,0.0,0.0,0.0,0.0,0.054158,0.050606,0.0,0.0,0.0,0.055396,0.0,0.0,0.0,0.0,0.0,0.055595,0.053032,0.0,0.0,0.0,0.055426,0.0,0.0,0.0,0.054697,0.0,0.054424,0.0,0.0,0.030475,0.030981,0.03088,0.030755,0.054844,0.055871,0.00377
2025-07-09,0.054071,0.05589,0.053715,0.0,0.055108,0.054462,0.053777,0.0,0.0,0.0,0.0,0.05411,0.050612,0.0,0.0,0.0,0.055587,0.0,0.0,0.0,0.0,0.0,0.055039,0.053341,0.0,0.0,0.0,0.055698,0.0,0.0,0.0,0.054749,0.0,0.054634,0.0,0.0,0.030526,0.030988,0.030856,0.030823,0.055039,0.057218,0.003757
2025-07-10,0.054338,0.055918,0.053485,0.0,0.055331,0.054925,0.05297,0.0,0.0,0.0,0.0,0.053962,0.050943,0.0,0.0,0.0,0.055934,0.0,0.0,0.0,0.0,0.0,0.055271,0.053811,0.0,0.0,0.0,0.053827,0.0,0.0,0.0,0.054905,0.0,0.054331,0.0,0.0,0.030529,0.030999,0.030845,0.030848,0.05499,0.05808,0.003759
2025-07-11,0.054193,0.055385,0.053155,0.0,0.055327,0.054964,0.052701,0.0,0.0,0.0,0.0,0.053709,0.050503,0.0,0.0,0.0,0.055834,0.0,0.0,0.0,0.0,0.0,0.055166,0.053829,0.0,0.0,0.0,0.053098,0.0,0.0,0.0,0.055532,0.0,0.054428,0.0,0.0,0.030442,0.031004,0.030862,0.030716,0.054802,0.060584,0.003767
2025-07-14,0.054067,0.055181,0.053023,0.0,0.055231,0.055388,0.052115,0.0,0.0,0.0,0.0,0.054064,0.050719,0.0,0.0,0.0,0.055957,0.0,0.0,0.0,0.0,0.0,0.055039,0.053873,0.0,0.0,0.0,0.053389,0.0,0.0,0.0,0.055153,0.0,0.054488,0.0,0.0,0.030332,0.030926,0.030787,0.03061,0.054634,0.061269,0.003756
2025-07-15,0.054264,0.054848,0.05279,0.0,0.055846,0.056831,0.052714,0.0,0.0,0.0,0.0,0.053829,0.05013,0.0,0.0,0.0,0.055849,0.0,0.0,0.0,0.0,0.0,0.054793,0.053658,0.0,0.0,0.0,0.053622,0.0,0.0,0.0,0.055232,0.0,0.054242,0.0,0.0,0.030383,0.031017,0.030867,0.030671,0.054791,0.059848,0.003776
2025-07-16,0.053699,0.054869,0.05282,0.0,0.055779,0.056433,0.052693,0.0,0.0,0.0,0.0,0.053774,0.050276,0.0,0.0,0.0,0.055822,0.0,0.0,0.0,0.0,0.0,0.054763,0.053469,0.0,0.0,0.0,0.053567,0.0,0.0,0.0,0.055284,0.0,0.054573,0.0,0.0,0.030344,0.030997,0.030823,0.030596,0.054612,0.061045,0.003761
2025-07-17,0.054045,0.054692,0.052872,0.0,0.056034,0.056607,0.052703,0.0,0.0,0.0,0.0,0.053738,0.050549,0.0,0.0,0.0,0.056104,0.0,0.0,0.0,0.0,0.0,0.055052,0.053468,0.0,0.0,0.0,0.053862,0.0,0.0,0.0,0.054936,0.0,0.054137,0.0,0.0,0.030209,0.030897,0.030726,0.030542,0.054446,0.060634,0.003746
2025-07-18,0.05419,0.054664,0.052483,0.0,0.056216,0.057172,0.051138,0.0,0.0,0.0,0.0,0.053526,0.050611,0.0,0.0,0.0,0.056016,0.0,0.0,0.0,0.0,0.0,0.054939,0.0544,0.0,0.0,0.0,0.054014,0.0,0.0,0.0,0.055115,0.0,0.054698,0.0,0.0,0.030313,0.030951,0.030789,0.030619,0.0546,0.059798,0.003749
2025-07-21,0.054288,0.054706,0.052862,0.0,0.056288,0.057307,0.051376,0.0,0.0,0.0,0.0,0.054032,0.050271,0.0,0.0,0.0,0.055504,0.0,0.0,0.0,0.0,0.0,0.054719,0.054363,0.0,0.0,0.0,0.054152,0.0,0.0,0.0,0.055745,0.0,0.054214,0.0,0.0,0.030301,0.030909,0.030712,0.030619,0.054596,0.059302,0.003735
2025-07-22,0.053821,0.054791,0.052899,0.0,0.055778,0.057906,0.051001,0.0,0.0,0.0,0.0,0.053921,0.050329,0.0,0.0,0.0,0.055394,0.0,0.0,0.0,0.0,0.0,0.054979,0.05479,0.0,0.0,0.0,0.05349,0.0,0.0,0.0,0.056029,0.0,0.054123,0.0,0.0,0.030254,0.030803,0.030631,0.030558,0.054452,0.060332,0.003719
2025-07-23,0.053849,0.05553,0.055075,0.0,0.055939,0.05809,0.051563,0.0,0.0,0.0,0.0,0.053856,0.050393,0.0,0.0,0.0,0.056013,0.0,0.0,0.0,0.0,0.0,0.054634,0.054016,0.0,0.0,0.0,0.053364,0.0,0.0,0.0,0.054966,0.0,0.05424,0.0,0.0,0.029946,0.030478,0.030443,0.030308,0.054114,0.059487,0.003694
2025-07-24,0.054296,0.055007,0.055203,0.0,0.05596,0.058111,0.050985,0.0,0.0,0.0,0.0,0.054028,0.050443,0.0,0.0,0.0,0.056005,0.0,0.0,0.0,0.0,0.0,0.054524,0.054029,0.0,0.0,0.0,0.053418,0.0,0.0,0.0,0.054714,0.0,0.054323,0.0,0.0,0.029948,0.030548,0.030452,0.03031,0.054185,0.059815,0.003699
2025-07-25,0.054336,0.055244,0.054693,0.0,0.055696,0.057989,0.050736,0.0,0.0,0.0,0.0,0.053641,0.050903,0.0,0.0,0.0,0.056681,0.0,0.0,0.0,0.0,0.0,0.054735,0.054286,0.0,0.0,0.0,0.053734,0.0,0.0,0.0,0.054324,0.0,0.05419,0.0,0.0,0.030082,0.030641,0.030536,0.030473,0.054478,0.058894,0.003708
2025-07-28,0.054545,0.05453,0.053952,0.0,0.055827,0.058062,0.050204,0.0,0.0,0.0,0.0,0.053628,0.050813,0.0,0.0,0.0,0.056798,0.0,0.0,0.0,0.0,0.0,0.054451,0.053986,0.0,0.0,0.0,0.053759,0.0,0.0,0.0,0.054252,0.0,0.054784,0.0,0.0,0.03017,0.030761,0.030679,0.030569,0.054724,0.059779,0.003727
2025-07-29,0.054391,0.054475,0.053691,0.0,0.055766,0.057948,0.050679,0.0,0.0,0.0,0.0,0.053189,0.050575,0.0,0.0,0.0,0.056174,0.0,0.0,0.0,0.0,0.0,0.054832,0.054629,0.0,0.0,0.0,0.053897,0.0,0.0,0.0,0.054424,0.0,0.054347,0.0,0.0,0.030381,0.030939,0.03071,0.030784,0.054954,0.059487,0.003729
2025-07-30,0.054569,0.054096,0.053976,0.0,0.055768,0.057511,0.051107,0.0,0.0,0.0,0.0,0.053565,0.050678,0.0,0.0,0.0,0.056119,0.0,0.0,0.0,0.0,0.0,0.05456,0.055253,0.0,0.0,0.0,0.053558,0.0,0.0,0.0,0.053695,0.0,0.054457,0.0,0.0,0.030395,0.03094,0.030767,0.030789,0.055076,0.059377,0.003743
2025-07-31,0.076822,0.077041,0.0,0.0,0.07701,0.038143,0.077046,0.0,0.010285,0.038222,0.0,0.076688,0.057517,0.029026,0.0,0.0,0.076672,0.0,0.058141,0.0,0.0,0.0,0.056364,0.0,0.03405,0.0,0.012713,0.034526,0.0,0.0,0.0,0.075557,0.0,0.0,0.045839,0.0,0.0,0.0,0.0,0.0,0.0,0.038647,0.009692
2025-08-01,0.076015,0.077425,0.0,0.0,0.07681,0.037921,0.078124,0.0,0.010396,0.037466,0.0,0.076539,0.057027,0.028821,0.0,0.0,0.076297,0.0,0.058057,0.0,0.0,0.0,0.057209,0.0,0.033654,0.0,0.012494,0.034321,0.0,0.0,0.0,0.077877,0.0,0.0,0.045984,0.0,0.0,0.0,0.0,0.0,0.0,0.037768,0.009793
2025-08-04,0.07605,0.077337,0.0,0.0,0.076719,0.038075,0.077955,0.0,0.010344,0.037876,0.0,0.077032,0.056871,0.02883,0.0,0.0,0.076034,0.0,0.058089,0.0,0.0,0.0,0.056766,0.0,0.033907,0.0,0.012604,0.03452,0.0,0.0,0.0,0.077347,0.0,0.0,0.04615,0.0,0.0,0.0,0.0,0.0,0.0,0.037822,0.009671
2025-08-05,0.075949,0.077412,0.0,0.0,0.077048,0.03833,0.078209,0.0,0.010357,0.038166,0.0,0.076428,0.056636,0.028977,0.0,0.0,0.075872,0.0,0.058495,0.0,0.0,0.0,0.056706,0.0,0.033624,0.0,0.012554,0.034087,0.0,0.0,0.0,0.077403,0.0,0.0,0.046603,0.0,0.0,0.0,0.0,0.0,0.0,0.037473,0.009671
2025-08-06,0.076126,0.077368,0.0,0.0,0.076742,0.038458,0.079035,0.0,0.010341,0.038116,0.0,0.076316,0.05661,0.028691,0.0,0.0,0.075532,0.0,0.057555,0.0,0.0,0.0,0.057213,0.0,0.033823,0.0,0.012631,0.034421,0.0,0.0,0.0,0.076832,0.0,0.0,0.04677,0.0,0.0,0.0,0.0,0.0,0.0,0.037801,0.009619
2025-08-07,0.075935,0.077848,0.0,0.0,0.077206,0.038186,0.080412,0.0,0.010509,0.038085,0.0,0.07566,0.055736,0.028307,0.0,0.0,0.075096,0.0,0.057554,0.0,0.0,0.0,0.057398,0.0,0.033708,0.0,0.012327,0.033403,0.0,0.0,0.0,0.077145,0.0,0.0,0.047493,0.0,0.0,0.0,0.0,0.0,0.0,0.038411,0.009579
2025-08-08,0.076167,0.077903,0.0,0.0,0.07693,0.038084,0.079524,0.0,0.01047,0.038021,0.0,0.075724,0.056115,0.028521,0.0,0.0,0.074967,0.0,0.057697,0.0,0.0,0.0,0.057421,0.0,0.033959,0.0,0.0123,0.033287,0.0,0.0,0.0,0.076934,0.0,0.0,0.048517,0.0,0.0,0.0,0.0,0.0,0.0,0.037902,0.009556
2025-08-11,0.076439,0.077733,0.0,0.0,0.077126,0.037955,0.079274,0.0,0.0105,0.037891,0.0,0.076338,0.056261,0.02857,0.0,0.0,0.074946,0.0,0.057739,0.0,0.0,0.0,0.057543,0.0,0.03383,0.0,0.012195,0.03326,0.0,0.0,0.0,0.076055,0.0,0.0,0.047883,0.0,0.0,0.0,0.0,0.0,0.0,0.03888,0.009583
2025-08-12,0.075975,0.077538,0.0,0.0,0.076859,0.038066,0.080399,0.0,0.010507,0.037961,0.0,0.076818,0.056227,0.029167,0.0,0.0,0.074769,0.0,0.057754,0.0,0.0,0.0,0.05697,0.0,0.03392,0.0,0.012173,0.033512,0.0,0.0,0.0,0.075027,0.0,0.0,0.048308,0.0,0.0,0.0,0.0,0.0,0.0,0.038586,0.009463
2025-08-13,0.075754,0.077483,0.0,0.0,0.077289,0.03894,0.079169,0.0,0.010413,0.037974,0.0,0.076801,0.056098,0.02942,0.0,0.0,0.074457,0.0,0.058373,0.0,0.0,0.0,0.056516,0.0,0.033663,0.0,0.012074,0.033494,0.0,0.0,0.0,0.074657,0.0,0.0,0.048717,0.0,0.0,0.0,0.0,0.0,0.0,0.03932,0.009387
2025-08-14,0.076254,0.078285,0.0,0.0,0.076791,0.03845,0.079014,0.0,0.010435,0.03775,0.0,0.07751,0.056839,0.029663,0.0,0.0,0.074419,0.0,0.058249,0.0,0.0,0.0,0.056481,0.0,0.033873,0.0,0.012042,0.033261,0.0,0.0,0.0,0.074809,0.0,0.0,0.048338,0.0,0.0,0.0,0.0,0.0,0.0,0.038067,0.009469
2025-08-15,0.076419,0.078432,0.0,0.0,0.076993,0.038667,0.07983,0.0,0.010388,0.037583,0.0,0.077645,0.056205,0.029131,0.0,0.0,0.074022,0.0,0.058204,0.0,0.0,0.0,0.056527,0.0,0.03359,0.0,0.012118,0.033351,0.0,0.0,0.0,0.074794,0.0,0.0,0.048975,0.0,0.0,0.0,0.0,0.0,0.0,0.037663,0.009463
2025-08-18,0.07634,0.078343,0.0,0.0,0.077364,0.03893,0.080146,0.0,0.010502,0.037309,0.0,0.07723,0.056291,0.029269,0.0,0.0,0.074369,0.0,0.057912,0.0,0.0,0.0,0.056494,0.0,0.033688,0.0,0.012161,0.033455,0.0,0.0,0.0,0.074734,0.0,0.0,0.048514,0.0,0.0,0.0,0.0,0.0,0.0,0.037478,0.009471
2025-08-19,0.076839,0.079012,0.0,0.0,0.077493,0.038884,0.078005,0.0,0.010405,0.036845,0.0,0.077287,0.056757,0.029486,0.0,0.0,0.075006,0.0,0.058632,0.0,0.0,0.0,0.057437,0.0,0.03331,0.0,0.011922,0.033482,0.0,0.0,0.0,0.074799,0.0,0.0,0.048205,0.0,0.0,0.0,0.0,0.0,0.0,0.03666,0.009532
2025-08-20,0.076184,0.079284,0.0,0.0,0.07696,0.039021,0.078788,0.0,0.010157,0.036731,0.0,0.076902,0.056935,0.029462,0.0,0.0,0.074787,0.0,0.058561,0.0,0.0,0.0,0.057648,0.0,0.033019,0.0,0.01187,0.033485,0.0,0.0,0.0,0.075405,0.0,0.0,0.048307,0.0,0.0,0.0,0.0,0.0,0.0,0.03698,0.009513
2025-08-21,0.076379,0.078993,0.0,0.0,0.077243,0.039167,0.078891,0.0,0.010145,0.036746,0.0,0.077002,0.056888,0.029421,0.0,0.0,0.074698,0.0,0.058877,0.0,0.0,0.0,0.057265,0.0,0.032978,0.0,0.011857,0.03342,0.0,0.0,0.0,0.075323,0.0,0.0,0.0488,0.0,0.0,0.0,0.0,0.0,0.0,0.03637,0.009537
2025-08-22,0.075982,0.078726,0.0,0.0,0.077018,0.039421,0.080036,0.0,0.010136,0.037201,0.0,0.076613,0.056718,0.030201,0.0,0.0,0.074463,0.0,0.058892,0.0,0.0,0.0,0.056168,0.0,0.032785,0.0,0.011795,0.033233,0.0,0.0,0.0,0.07467,0.0,0.0,0.049486,0.0,0.0,0.0,0.0,0.0,0.0,0.037097,0.009358
2025-08-25,0.076447,0.078033,0.0,0.0,0.07749,0.039644,0.080893,0.0,0.01013,0.037032,0.0,0.077207,0.056736,0.030206,0.0,0.0,0.074171,0.0,0.058925,0.0,0.0,0.0,0.055546,0.0,0.032911,0.0,0.011782,0.033238,0.0,0.0,0.0,0.074946,0.0,0.0,0.0498,0.0,0.0,0.0,0.0,0.0,0.0,0.035449,0.009415
2025-08-26,0.075717,0.077859,0.0,0.0,0.076987,0.039667,0.080469,0.0,0.010164,0.036832,0.0,0.076813,0.057132,0.030475,0.0,0.0,0.07488,0.0,0.059044,0.0,0.0,0.0,0.055143,0.0,0.033039,0.0,0.01176,0.033252,0.0,0.0,0.0,0.075437,0.0,0.0,0.050394,0.0,0.0,0.0,0.0,0.0,0.0,0.03553,0.009408
2025-08-27,0.075945,0.077558,0.0,0.0,0.076187,0.038595,0.081534,0.0,0.010199,0.036833,0.0,0.076861,0.057187,0.030632,0.0,0.0,0.07479,0.0,0.059127,0.0,0.0,0.0,0.055248,0.0,0.033181,0.0,0.011844,0.03362,0.0,0.0,0.0,0.075508,0.0,0.0,0.049979,0.0,0.0,0.0,0.0,0.0,0.0,0.035774,0.009399
2025-08-28,0.075794,0.077376,0.0,0.0,0.076117,0.038687,0.082461,0.0,0.010172,0.03725,0.0,0.076785,0.056989,0.030372,0.0,0.0,0.074566,0.0,0.058847,0.0,0.0,0.0,0.054638,0.0,0.033284,0.0,0.011968,0.033831,0.0,0.0,0.0,0.075707,0.0,0.0,0.050213,0.0,0.0,0.0,0.0,0.0,0.0,0.035586,0.009354
2025-08-29,0.086488,0.086904,0.038322,0.0,0.086969,0.035519,0.0,0.0,0.026205,0.035513,0.0,0.051395,0.021509,0.0,0.0,0.0,0.086647,0.0,0.0,0.0,0.0,0.0,0.0,0.086882,0.067745,0.029419,0.0,0.0,0.0,0.0,0.0,0.054957,0.042823,0.0,0.0,0.0,0.0,0.0,0.04603,0.0,0.086702,0.02597,0.003999
2025-09-01,0.086698,0.086866,0.038306,0.0,0.087117,0.035503,0.0,0.0,0.026194,0.035497,0.0,0.051373,0.0215,0.0,0.0,0.0,0.08661,0.0,0.0,0.0,0.0,0.0,0.0,0.086844,0.067716,0.029406,0.0,0.0,0.0,0.0,0.0,0.054933,0.042805,0.0,0.0,0.0,0.0,0.0,0.046011,0.0,0.086664,0.025959,0.003998
2025-09-02,0.085663,0.085919,0.038358,0.0,0.086915,0.035802,0.0,0.0,0.025929,0.035447,0.0,0.05144,0.021405,0.0,0.0,0.0,0.086043,0.0,0.0,0.0,0.0,0.0,0.0,0.086818,0.067235,0.029196,0.0,0.0,0.0,0.0,0.0,0.056402,0.044073,0.0,0.0,0.0,0.0,0.0,0.0461,0.0,0.086594,0.026652,0.00401
2025-09-03,0.086058,0.085918,0.038092,0.0,0.08715,0.035475,0.0,0.0,0.026125,0.035787,0.0,0.052085,0.021281,0.0,0.0,0.0,0.085255,0.0,0.0,0.0,0.0,0.0,0.0,0.086243,0.067357,0.028938,0.0,0.0,0.0,0.0,0.0,0.056609,0.044116,0.0,0.0,0.0,0.0,0.0,0.046035,0.0,0.086607,0.026875,0.003994
2025-09-04,0.086326,0.086258,0.038408,0.0,0.086535,0.034811,0.0,0.0,0.026327,0.035795,0.0,0.052452,0.021461,0.0,0.0,0.0,0.086048,0.0,0.0,0.0,0.0,0.0,0.0,0.085972,0.067557,0.029179,0.0,0.0,0.0,0.0,0.0,0.056248,0.043546,0.0,0.0,0.0,0.0,0.0,0.046071,0.0,0.086778,0.026241,0.003987
2025-09-05,0.086084,0.086243,0.038434,0.0,0.087208,0.03524,0.0,0.0,0.026597,0.035889,0.0,0.052468,0.020963,0.0,0.0,0.0,0.085301,0.0,0.0,0.0,0.0,0.0,0.0,0.085276,0.067275,0.029375,0.0,0.0,0.0,0.0,0.0,0.056714,0.043657,0.0,0.0,0.0,0.0,0.0,0.045863,0.0,0.086922,0.026523,0.003967
2025-09-08,0.08617,0.086417,0.039099,0.0,0.087481,0.035604,0.0,0.0,0.026801,0.035979,0.0,0.052262,0.020872,0.0,0.0,0.0,0.08506,0.0,0.0,0.0,0.0,0.0,0.0,0.08398,0.067436,0.029439,0.0,0.0,0.0,0.0,0.0,0.057069,0.043785,0.0,0.0,0.0,0.0,0.0,0.04563,0.0,0.086472,0.026498,0.003946
2025-09-09,0.085954,0.086201,0.038636,0.0,0.08815,0.035961,0.0,0.0,0.027062,0.036306,0.0,0.052519,0.020947,0.0,0.0,0.0,0.084425,0.0,0.0,0.0,0.0,0.0,0.0,0.084497,0.067516,0.029442,0.0,0.0,0.0,0.0,0.0,0.056898,0.043368,0.0,0.0,0.0,0.0,0.0,0.045546,0.0,0.086327,0.026301,0.003944
2025-09-10,0.085777,0.08536,0.038504,0.0,0.08845,0.035461,0.0,0.0,0.027279,0.03688,0.0,0.051761,0.020728,0.0,0.0,0.0,0.084443,0.0,0.0,0.0,0.0,0.0,0.0,0.085338,0.068251,0.029748,0.0,0.0,0.0,0.0,0.0,0.056695,0.043326,0.0,0.0,0.0,0.0,0.0,0.045255,0.0,0.086183,0.026644,0.003916
2025-09-11,0.085736,0.08557,0.038643,0.0,0.088533,0.036108,0.0,0.0,0.027132,0.037153,0.0,0.052123,0.020894,0.0,0.0,0.0,0.084544,0.0,0.0,0.0,0.0,0.0,0.0,0.085085,0.067916,0.029705,0.0,0.0,0.0,0.0,0.0,0.056145,0.043406,0.0,0.0,0.0,0.0,0.0,0.044993,0.0,0.085787,0.026641,0.003885
2025-09-12,0.08557,0.085217,0.038349,0.0,0.088495,0.035935,0.0,0.0,0.027151,0.037508,0.0,0.052519,0.020789,0.0,0.0,0.0,0.083807,0.0,0.0,0.0,0.0,0.0,0.0,0.085452,0.067821,0.029736,0.0,0.0,0.0,0.0,0.0,0.056214,0.044005,0.0,0.0,0.0,0.0,0.0,0.044916,0.0,0.085473,0.027161,0.003882
2025-09-15,0.085511,0.085354,0.038406,0.0,0.088583,0.035996,0.0,0.0,0.027076,0.037542,0.0,0.052949,0.020623,0.0,0.0,0.0,0.083707,0.0,0.0,0.0,0.0,0.0,0.0,0.085156,0.068036,0.029814,0.0,0.0,0.0,0.0,0.0,0.05647,0.044229,0.0,0.0,0.0,0.0,0.0,0.044783,0.0,0.085281,0.026628,0.00386
2025-09-16,0.085406,0.085165,0.038441,0.0,0.089059,0.036269,0.0,0.0,0.02723,0.038288,0.0,0.052784,0.020596,0.0,0.0,0.0,0.083536,0.0,0.0,0.0,0.0,0.0,0.0,0.083683,0.067862,0.029994,0.0,0.0,0.0,0.0,0.0,0.056635,0.044087,0.0,0.0,0.0,0.0,0.0,0.044791,0.0,0.085306,0.027001,0.003864
2025-09-17,0.085516,0.084944,0.038406,0.0,0.090037,0.036842,0.0,0.0,0.027218,0.037929,0.0,0.05299,0.020823,0.0,0.0,0.0,0.083264,0.0,0.0,0.0,0.0,0.0,0.0,0.084,0.067715,0.030027,0.0,0.0,0.0,0.0,0.0,0.056271,0.043218,0.0,0.0,0.0,0.0,0.0,0.044805,0.0,0.085372,0.026754,0.003868
2025-09-18,0.085653,0.084934,0.038398,0.0,0.089325,0.036105,0.0,0.0,0.027345,0.038208,0.0,0.052811,0.020756,0.0,0.0,0.0,0.083803,0.0,0.0,0.0,0.0,0.0,0.0,0.083713,0.068601,0.030949,0.0,0.0,0.0,0.0,0.0,0.055814,0.043267,0.0,0.0,0.0,0.0,0.0,0.044719,0.0,0.084663,0.027085,0.003852
2025-09-19,0.085334,0.084478,0.038041,0.0,0.088958,0.035906,0.0,0.0,0.027159,0.03785,0.0,0.052992,0.020787,0.0,0.0,0.0,0.083947,0.0,0.0,0.0,0.0,0.0,0.0,0.084189,0.069248,0.030729,0.0,0.0,0.0,0.0,0.0,0.056366,0.044432,0.0,0.0,0.0,0.0,0.0,0.044704,0.0,0.084514,0.026518,0.003851
2025-09-22,0.085257,0.084304,0.03802,0.0,0.088654,0.035678,0.0,0.0,0.027263,0.038324,0.0,0.052479,0.020631,0.0,0.0,0.0,0.083705,0.0,0.0,0.0,0.0,0.0,0.0,0.084477,0.06983,0.030995,0.0,0.0,0.0,0.0,0.0,0.056986,0.045287,0.0,0.0,0.0,0.0,0.0,0.044459,0.0,0.084175,0.025649,0.003826
2025-09-23,0.085395,0.08422,0.037932,0.0,0.089333,0.035239,0.0,0.0,0.027368,0.038259,0.0,0.052385,0.020532,0.0,0.0,0.0,0.083697,0.0,0.0,0.0,0.0,0.0,0.0,0.084883,0.069203,0.030947,0.0,0.0,0.0,0.0,0.0,0.057198,0.04518,0.0,0.0,0.0,0.0,0.0,0.04441,0.0,0.084472,0.02552,0.003825
2025-09-24,0.085198,0.083947,0.037945,0.0,0.089114,0.035867,0.0,0.0,0.027151,0.037722,0.0,0.052124,0.020542,0.0,0.0,0.0,0.083542,0.0,0.0,0.0,0.0,0.0,0.0,0.085772,0.069004,0.031003,0.0,0.0,0.0,0.0,0.0,0.056868,0.045172,0.0,0.0,0.0,0.0,0.0,0.044498,0.0,0.0847,0.025992,0.003838
2025-09-25,0.084931,0.083466,0.037906,0.0,0.088917,0.036104,0.0,0.0,0.027036,0.037794,0.0,0.052145,0.020567,0.0,0.0,0.0,0.083293,0.0,0.0,0.0,0.0,0.0,0.0,0.085271,0.069145,0.031021,0.0,0.0,0.0,0.0,0.0,0.057323,0.046722,0.0,0.0,0.0,0.0,0.0,0.044541,0.0,0.084809,0.025154,0.003853
2025-09-26,0.084837,0.083999,0.037743,0.0,0.088056,0.035713,0.0,0.0,0.02679,0.03716,0.0,0.052439,0.020633,0.0,0.0,0.0,0.083701,0.0,0.0,0.0,0.0,0.0,0.0,0.086306,0.069072,0.030963,0.0,0.0,0.0,0.0,0.0,0.05742,0.047473,0.0,0.0,0.0,0.0,0.0,0.044447,0.0,0.084438,0.024972,0.003839
2025-09-29,0.084662,0.083624,0.037488,0.0,0.088482,0.036108,0.0,0.0,0.02673,0.037518,0.0,0.052207,0.020578,0.0,0.0,0.0,0.083319,0.0,0.0,0.0,0.0,0.0,0.0,0.085896,0.068913,0.030739,0.0,0.0,0.0,0.0,0.0,0.057922,0.047832,0.0,0.0,0.0,0.0,0.0,0.044185,0.0,0.083936,0.026051,0.00381
2025-09-30,0.051266,0.046925,0.051873,0.0,0.06513,0.0,0.075614,0.0,0.0,0.07553,0.012455,0.059035,0.018314,0.066501,0.0,0.0,0.075411,0.0,0.0,0.061077,0.0,0.0,0.0,0.064507,0.041907,0.041682,0.0,0.0,0.0,0.0,0.023386,0.056531,0.026953,0.0,0.074931,0.0,0.0,0.0,0.0,0.0,0.0,0.0,0.010971
2025-10-01,0.051367,0.047252,0.051639,0.0,0.06538,0.0,0.074253,0.0,0.0,0.076869,0.012477,0.057944,0.018069,0.06581,0.0,0.0,0.074861,0.0,0.0,0.0613,0.0,0.0,0.0,0.064835,0.042127,0.042293,0.0,0.0,0.0,0.0,0.023576,0.056364,0.027173,0.0,0.07549,0.0,0.0,0.0,0.0,0.0,0.0,0.0,0.010923
2025-10-02,0.051319,0.047263,0.051491,0.0,0.065526,0.0,0.073272,0.0,0.0,0.078243,0.01236,0.057693,0.018017,0.06546,0.0,0.0,0.074897,0.0,0.0,0.061244,0.0,0.0,0.0,0.06458,0.042265,0.043021,0.0,0.0,0.0,0.0,0.023877,0.056049,0.026875,0.0,0.075642,0.0,0.0,0.0,0.0,0.0,0.0,0.0,0.010901
2025-10-03,0.051395,0.047196,0.05218,0.0,0.065567,0.0,0.072988,0.0,0.0,0.078007,0.012197,0.05727,0.018018,0.065455,0.0,0.0,0.074487,0.0,0.0,0.061377,0.0,0.0,0.0,0.064884,0.041765,0.042465,0.0,0.0,0.0,0.0,0.023897,0.056114,0.027313,0.0,0.076597,0.0,0.0,0.0,0.0,0.0,0.0,0.0,0.010827
2025-10-06,0.051159,0.046812,0.052862,0.0,0.065402,0.0,0.072571,0.0,0.0,0.078473,0.012239,0.057039,0.017921,0.065508,0.0,0.0,0.074456,0.0,0.0,0.059814,0.0,0.0,0.0,0.06518,0.041974,0.043518,0.0,0.0,0.0,0.0,0.024063,0.056882,0.027512,0.0,0.07584,0.0,0.0,0.0,0.0,0.0,0.0,0.0,0.010774
2025-10-07,0.051372,0.046877,0.052497,0.0,0.065743,0.0,0.0717,0.0,0.0,0.077841,0.012133,0.057328,0.018105,0.06573,0.0,0.0,0.074698,0.0,0.0,0.058512,0.0,0.0,0.0,0.066065,0.042068,0.042926,0.0,0.0,0.0,0.0,0.02394,0.057689,0.027337,0.0,0.07657,0.0,0.0,0.0,0.0,0.0,0.0,0.0,0.010869
2025-10-08,0.051069,0.046708,0.05187,0.0,0.065292,0.0,0.071481,0.0,0.0,0.077887,0.012055,0.056554,0.017848,0.06475,0.0,0.0,0.074639,0.0,0.0,0.05799,0.0,0.0,0.0,0.065894,0.042404,0.043975,0.0,0.0,0.0,0.0,0.024091,0.058089,0.02781,0.0,0.078825,0.0,0.0,0.0,0.0,0.0,0.0,0.0,0.010771
2025-10-09,0.051247,0.046566,0.05214,0.0,0.065342,0.0,0.071547,0.0,0.0,0.077776,0.012086,0.056663,0.017921,0.064992,0.0,0.0,0.074099,0.0,0.0,0.056914,0.0,0.0,0.0,0.066231,0.042657,0.044107,0.0,0.0,0.0,0.0,0.024044,0.057454,0.028118,0.0,0.079244,0.0,0.0,0.0,0.0,0.0,0.0,0.0,0.010853
2025-10-10,0.051927,0.047278,0.051458,0.0,0.065432,0.0,0.071305,0.0,0.0,0.077288,0.012072,0.057124,0.018006,0.064184,0.0,0.0,0.074423,0.0,0.0,0.057733,0.0,0.0,0.0,0.067747,0.042029,0.04246,0.0,0.0,0.0,0.0,0.022523,0.059606,0.029344,0.0,0.076912,0.0,0.0,0.0,0.0,0.0,0.0,0.0,0.011147
2025-10-13,0.050948,0.046582,0.050949,0.0,0.065254,0.0,0.070717,0.0,0.0,0.078343,0.012077,0.056411,0.017788,0.064038,0.0,0.0,0.07358,0.0,0.0,0.056718,0.0,0.0,0.0,0.066797,0.042127,0.043515,0.0,0.0,0.0,0.0,0.023796,0.059742,0.02987,0.0,0.079839,0.0,0.0,0.0,0.0,0.0,0.0,0.0,0.010909
2025-10-14,0.050777,0.046748,0.051413,0.0,0.064534,0.0,0.070499,0.0,0.0,0.077445,0.012098,0.056763,0.017978,0.065951,0.0,0.0,0.07442,0.0,0.0,0.05848,0.0,0.0,0.0,0.06737,0.041572,0.042608,0.0,0.0,0.0,0.0,0.0234,0.060148,0.029569,0.0,0.077323,0.0,0.0,0.0,0.0,0.0,0.0,0.0,0.010904
2025-10-15,0.050773,0.046358,0.051664,0.0,0.065016,0.0,0.070281,0.0,0.0,0.078924,0.011987,0.05656,0.017788,0.064066,0.0,0.0,0.073326,0.0,0.0,0.057845,0.0,0.0,0.0,0.06753,0.04154,0.043459,0.0,0.0,0.0,0.0,0.023181,0.060544,0.030213,0.0,0.078156,0.0,0.0,0.0,0.0,0.0,0.0,0.0,0.01079
2025-10-16,0.050906,0.046756,0.051912,0.0,0.065748,0.0,0.070201,0.0,0.0,0.081566,0.01189,0.056046,0.017321,0.060687,0.0,0.0,0.072961,0.0,0.0,0.057612,0.0,0.0,0.0,0.066902,0.041637,0.043731,0.0,0.0,0.0,0.0,0.02325,0.062058,0.030787,0.0,0.07722,0.0,0.0,0.0,0.0,0.0,0.0,0.0,0.010807
2025-10-17,0.050473,0.046867,0.05231,0.0,0.065246,0.0,0.071483,0.0,0.0,0.082336,0.012018,0.056545,0.017499,0.061667,0.0,0.0,0.07318,0.0,0.0,0.05814,0.0,0.0,0.0,0.066812,0.0418,0.043702,0.0,0.0,0.0,0.0,0.023065,0.061021,0.029485,0.0,0.075519,0.0,0.0,0.0,0.0,0.0,0.0,0.0,0.010832
2025-10-20,0.050545,0.046355,0.052483,0.0,0.06552,0.0,0.071605,0.0,0.0,0.082834,0.01193,0.056316,0.017434,0.062132,0.0,0.0,0.072918,0.0,0.0,0.057467,0.0,0.0,0.0,0.065775,0.041624,0.043754,0.0,0.0,0.0,0.0,0.023038,0.062281,0.029488,0.0,0.075832,0.0,0.0,0.0,0.0,0.0,0.0,0.0,0.010669
2025-10-21,0.051186,0.046684,0.052552,0.0,0.065813,0.0,0.071869,0.0,0.0,0.082256,0.012233,0.057254,0.017642,0.062967,0.0,0.0,0.074527,0.0,0.0,0.059239,0.0,0.0,0.0,0.065958,0.04219,0.044079,0.0,0.0,0.0,0.0,0.023177,0.059041,0.027414,0.0,0.073113,0.0,0.0,0.0,0.0,0.0,0.0,0.0,0.010808
2025-10-22,0.051173,0.046928,0.052558,0.0,0.065939,0.0,0.072435,0.0,0.0,0.083411,0.012197,0.057034,0.017627,0.063129,0.0,0.0,0.073917,0.0,0.0,0.058468,0.0,0.0,0.0,0.066125,0.041976,0.043198,0.0,0.0,0.0,0.0,0.02294,0.059334,0.027604,0.0,0.073146,0.0,0.0,0.0,0.0,0.0,0.0,0.0,0.010864
2025-10-23,0.050938,0.046837,0.052178,0.0,0.065904,0.0,0.07293,0.0,0.0,0.083342,0.012157,0.056403,0.017528,0.0625,0.0,0.0,0.074264,0.0,0.0,0.058364,0.0,0.0,0.0,0.065565,0.042178,0.043911,0.0,0.0,0.0,0.0,0.02351,0.059112,0.027578,0.0,0.074021,0.0,0.0,0.0,0.0,0.0,0.0,0.0,0.01078
2025-10-24,0.050966,0.046567,0.051977,0.0,0.065378,0.0,0.072427,0.0,0.0,0.084558,0.012033,0.056141,0.01759,0.063018,0.0,0.0,0.073788,0.0,0.0,0.057681,0.0,0.0,0.0,0.065854,0.042523,0.044312,0.0,0.0,0.0,0.0,0.024458,0.058488,0.027261,0.0,0.074278,0.0,0.0,0.0,0.0,0.0,0.0,0.0,0.010701
2025-10-27,0.051148,0.046517,0.052312,0.0,0.066247,0.0,0.072679,0.0,0.0,0.086117,0.012134,0.056583,0.017557,0.062566,0.0,0.0,0.073764,0.0,0.0,0.057441,0.0,0.0,0.0,0.06564,0.04305,0.045271,0.0,0.0,0.0,0.0,0.023655,0.05652,0.026119,0.0,0.074041,0.0,0.0,0.0,0.0,0.0,0.0,0.0,0.010639
2025-10-28,0.051359,0.04641,0.052576,0.0,0.066063,0.0,0.073053,0.0,0.0,0.086268,0.01214,0.056318,0.01745,0.06229,0.0,0.0,0.073258,0.0,0.0,0.05723,0.0,0.0,0.0,0.064576,0.043487,0.045338,0.0,0.0,0.0,0.0,0.024055,0.05613,0.02631,0.0,0.075044,0.0,0.0,0.0,0.0,0.0,0.0,0.0,0.010644
2025-10-29,0.051294,0.04602,0.05198,0.0,0.066693,0.0,0.073444,0.0,0.0,0.088238,0.012003,0.056008,0.017102,0.061042,0.0,0.0,0.073226,0.0,0.0,0.055363,0.0,0.0,0.0,0.064359,0.043668,0.045966,0.0,0.0,0.0,0.0,0.02465,0.055748,0.026557,0.0,0.076027,0.0,0.0,0.0,0.0,0.0,0.0,0.0,0.010611
2025-10-30,0.051181,0.046027,0.052221,0.0,0.066134,0.0,0.073495,0.0,0.0,0.087168,0.01179,0.055328,0.017231,0.061449,0.0,0.0,0.073398,0.0,0.0,0.055396,0.0,0.0,0.0,0.064401,0.043341,0.045565,0.0,0.0,0.0,0.0,0.02521,0.057121,0.027371,0.0,0.07551,0.0,0.0,0.0,0.0,0.0,0.0,0.0,0.010663
2025-10-31,0.0,0.089664,0.0,0.0,0.021558,0.055383,0.0,0.0,0.023952,0.086405,0.023032,0.080809,0.0,0.0,0.0,0.0,0.021535,0.0,0.0,0.075221,0.0,0.050887,0.0,0.0,0.069358,0.069286,0.015029,0.0,0.011254,0.022332,0.084459,0.0,0.023117,0.0,0.147434,0.0,0.0,0.0,0.0,0.0,0.0,0.01668,0.012604
2025-11-03,0.0,0.089926,0.0,0.0,0.021806,0.055617,0.0,0.0,0.024151,0.09018,0.023354,0.080314,0.0,0.0,0.0,0.0,0.021541,0.0,0.0,0.074269,0.0,0.049826,0.0,0.0,0.069958,0.070016,0.015122,0.0,0.011431,0.022401,0.0837,0.0,0.02309,0.0,0.144388,0.0,0.0,0.0,0.0,0.0,0.0,0.016248,0.012663
2025-11-04,0.0,0.091159,0.0,0.0,0.022119,0.056256,0.0,0.0,0.024204,0.087805,0.023533,0.081733,0.0,0.0,0.0,0.0,0.021817,0.0,0.0,0.076212,0.0,0.050211,0.0,0.0,0.069794,0.068926,0.015,0.0,0.011428,0.022993,0.082657,0.0,0.023109,0.0,0.142352,0.0,0.0,0.0,0.0,0.0,0.0,0.015714,0.012977
2025-11-05,0.0,0.090823,0.0,0.0,0.021839,0.056144,0.0,0.0,0.024135,0.087538,0.023536,0.081196,0.0,0.0,0.0,0.0,0.021641,0.0,0.0,0.074885,0.0,0.05015,0.0,0.0,0.069233,0.070223,0.014789,0.0,0.011195,0.02274,0.083781,0.0,0.02332,0.0,0.143983,0.0,0.0,0.0,0.0,0.0,0.0,0.016028,0.012822
2025-11-06,0.0,0.091161,0.0,0.0,0.021876,0.057167,0.0,0.0,0.023938,0.085441,0.023188,0.08115,0.0,0.0,0.0,0.0,0.021738,0.0,0.0,0.075138,0.0,0.050614,0.0,0.0,0.068419,0.068972,0.014589,0.0,0.010979,0.022823,0.083702,0.0,0.023464,0.0,0.14702,0.0,0.0,0.0,0.0,0.0,0.0,0.015688,0.012932
2025-11-07,0.0,0.091452,0.0,0.0,0.02158,0.056749,0.0,0.0,0.023776,0.083737,0.023185,0.080804,0.0,0.0,0.0,0.0,0.021806,0.0,0.0,0.075694,0.0,0.050375,0.0,0.0,0.068067,0.068134,0.014587,0.0,0.010967,0.023138,0.084504,0.0,0.023624,0.0,0.148801,0.0,0.0,0.0,0.0,0.0,0.0,0.016108,0.012913
2025-11-10,0.0,0.090744,0.0,0.0,0.021611,0.056602,0.0,0.0,0.023727,0.085574,0.023034,0.080064,0.0,0.0,0.0,0.0,0.021505,0.0,0.0,0.074346,0.0,0.049911,0.0,0.0,0.068454,0.068542,0.014604,0.0,0.010924,0.022677,0.084838,0.0,0.024152,0.0,0.149894,0.0,0.0,0.0,0.0,0.0,0.0,0.016135,0.012662
2025-11-11,0.0,0.091765,0.0,0.0,0.021741,0.056489,0.0,0.0,0.023611,0.085288,0.023106,0.080764,0.0,0.0,0.0,0.0,0.021524,0.0,0.0,0.075062,0.0,0.05172,0.0,0.0,0.067913,0.067029,0.014515,0.0,0.010848,0.022945,0.084129,0.0,0.024515,0.0,0.148716,0.0,0.0,0.0,0.0,0.0,0.0,0.01565,0.01267
2025-11-12,0.0,0.091758,0.0,0.0,0.021641,0.056198,0.0,0.0,0.023479,0.085343,0.022815,0.079822,0.0,0.0,0.0,0.0,0.021417,0.0,0.0,0.074394,0.0,0.051459,0.0,0.0,0.06772,0.067652,0.014276,0.0,0.010754,0.022639,0.084348,0.0,0.025351,0.0,0.150983,0.0,0.0,0.0,0.0,0.0,0.0,0.015354,0.012596
2025-11-13,0.0,0.092497,0.0,0.0,0.021885,0.056954,0.0,0.0,0.023321,0.084981,0.022586,0.079897,0.0,0.0,0.0,0.0,0.021409,0.0,0.0,0.074289,0.0,0.051241,0.0,0.0,0.067044,0.066331,0.014098,0.0,0.01065,0.022704,0.087538,0.0,0.025261,0.0,0.149474,0.0,0.0,0.0,0.0,0.0,0.0,0.01505,0.012791
2025-11-14,0.0,0.092126,0.0,0.0,0.021943,0.056308,0.0,0.0,0.023837,0.085342,0.022559,0.079756,0.0,0.0,0.0,0.0,0.021488,0.0,0.0,0.074039,0.0,0.052391,0.0,0.0,0.067652,0.066373,0.014228,0.0,0.010643,0.022835,0.087965,0.0,0.024571,0.0,0.14858,0.0,0.0,0.0,0.0,0.0,0.0,0.014523,0.012839
2025-11-17,0.0,0.092168,0.0,0.0,0.022,0.056384,0.0,0.0,0.023398,0.085418,0.022634,0.08067,0.0,0.0,0.0,0.0,0.02155,0.0,0.0,0.072656,0.0,0.053445,0.0,0.0,0.067448,0.066069,0.014149,0.0,0.010525,0.022937,0.089037,0.0,0.024621,0.0,0.147557,0.0,0.0,0.0,0.0,0.0,0.0,0.014331,0.013004
2025-11-18,0.0,0.09221,0.0,0.0,0.021935,0.056637,0.0,0.0,0.023456,0.08497,0.022445,0.081962,0.0,0.0,0.0,0.0,0.021675,0.0,0.0,0.073185,0.0,0.054159,0.0,0.0,0.067034,0.0652,0.014148,0.0,0.010441,0.023266,0.088246,0.0,0.025219,0.0,0.146042,0.0,0.0,0.0,0.0,0.0,0.0,0.014629,0.01314
2025-11-19,0.0,0.09166,0.0,0.0,0.021812,0.056059,0.0,0.0,0.023344,0.083842,0.0224,0.08134,0.0,0.0,0.0,0.0,0.021702,0.0,0.0,0.073043,0.0,0.053729,0.0,0.0,0.067362,0.066153,0.014049,0.0,0.010463,0.023036,0.088952,0.0,0.025358,0.0,0.148496,0.0,0.0,0.0,0.0,0.0,0.0,0.014086,0.013112
2025-11-20,0.0,0.092416,0.0,0.0,0.022328,0.056352,0.0,0.0,0.02355,0.083784,0.022556,0.082236,0.0,0.0,0.0,0.0,0.021813,0.0,0.0,0.074634,0.0,0.054602,0.0,0.0,0.066697,0.06438,0.013934,0.0,0.010455,0.02345,0.088294,0.0,0.025548,0.0,0.145659,0.0,0.0,0.0,0.0,0.0,0.0,0.013906,0.013404
2025-11-21,0.0,0.09283,0.0,0.0,0.02165,0.055789,0.0,0.0,0.023345,0.083539,0.022754,0.082789,0.0,0.0,0.0,0.0,0.021844,0.0,0.0,0.077525,0.0,0.055359,0.0,0.0,0.066242,0.064343,0.013802,0.0,0.010472,0.023577,0.085887,0.0,0.025011,0.0,0.146518,0.0,0.0,0.0,0.0,0.0,0.0,0.013463,0.01326
2025-11-24,0.0,0.091244,0.0,0.0,0.021596,0.055913,0.0,0.0,0.023268,0.083317,0.022721,0.08239,0.0,0.0,0.0,0.0,0.021578,0.0,0.0,0.075999,0.0,0.055922,0.0,0.0,0.066831,0.066183,0.013778,0.0,0.010498,0.023295,0.084662,0.0,0.02537,0.0,0.148387,0.0,0.0,0.0,0.0,0.0,0.0,0.013978,0.013068
2025-11-25,0.0,0.091778,0.0,0.0,0.02137,0.055508,0.0,0.0,0.023117,0.081929,0.02295,0.082408,0.0,0.0,0.0,0.0,0.021612,0.0,0.0,0.078717,0.0,0.05613,0.0,0.0,0.066268,0.065654,0.013753,0.0,0.010528,0.02325,0.085196,0.0,0.025111,0.0,0.148259,0.0,0.0,0.0,0.0,0.0,0.0,0.013536,0.012924
2025-11-26,0.0,0.091274,0.0,0.0,0.021388,0.054431,0.0,0.0,0.023087,0.082297,0.022765,0.0813,0.0,0.0,0.0,0.0,0.021415,0.0,0.0,0.078533,0.0,0.055973,0.0,0.0,0.066059,0.066463,0.01352,0.0,0.010468,0.023007,0.085903,0.0,0.025655,0.0,0.149989,0.0,0.0,0.0,0.0,0.0,0.0,0.013736,0.012736
2025-11-27,0.0,0.09128,0.0,0.0,0.021326,0.054434,0.0,0.0,0.023088,0.082302,0.022767,0.081305,0.0,0.0,0.0,0.0,0.021417,0.0,0.0,0.078538,0.0,0.055976,0.0,0.0,0.066063,0.066467,0.013521,0.0,0.010469,0.023008,0.085909,0.0,0.025657,0.0,0.149999,0.0,0.0,0.0,0.0,0.0,0.0,0.013737,0.012736
2025-11-28,0.01492,0.0,0.0,0.0,0.050222,0.0,0.0,0.0,0.034111,0.128654,0.012459,0.054588,0.0,0.0,0.0,0.0,0.035259,0.0,0.0,0.032865,0.0,0.144638,0.0,0.043607,0.076873,0.07548,0.0,0.0,0.0,0.0,0.144576,0.0,0.02118,0.0,0.117235,0.0,0.0,0.0,0.0,0.0,0.0,0.0,0.013333
2025-12-01,0.014981,0.0,0.0,0.0,0.050435,0.0,0.0,0.0,0.034107,0.129045,0.012539,0.054648,0.0,0.0,0.0,0.0,0.034944,0.0,0.0,0.03297,0.0,0.141568,0.0,0.042834,0.077354,0.075964,0.0,0.0,0.0,0.0,0.144408,0.0,0.021848,0.0,0.118943,0.0,0.0,0.0,0.0,0.0,0.0,0.0,0.01341
2025-12-02,0.014922,0.0,0.0,0.0,0.050189,0.0,0.0,0.0,0.034293,0.130802,0.012501,0.0547,0.0,0.0,0.0,0.0,0.035166,0.0,0.0,0.032835,0.0,0.139598,0.0,0.042429,0.077968,0.077297,0.0,0.0,0.0,0.0,0.143589,0.0,0.02205,0.0,0.11828,0.0,0.0,0.0,0.0,0.0,0.0,0.0,0.013378
2025-12-03,0.01479,0.0,0.0,0.0,0.049567,0.0,0.0,0.0,0.03393,0.130282,0.01246,0.053891,0.0,0.0,0.0,0.0,0.035005,0.0,0.0,0.033044,0.0,0.141569,0.0,0.041705,0.077065,0.077861,0.0,0.0,0.0,0.0,0.142197,0.0,0.021719,0.0,0.121719,0.0,0.0,0.0,0.0,0.0,0.0,0.0,0.013194
2025-12-04,0.014874,0.0,0.0,0.0,0.04987,0.0,0.0,0.0,0.033879,0.129182,0.012462,0.054404,0.0,0.0,0.0,0.0,0.035319,0.0,0.0,0.032461,0.0,0.143756,0.0,0.041775,0.077642,0.077375,0.0,0.0,0.0,0.0,0.140807,0.0,0.021262,0.0,0.121687,0.0,0.0,0.0,0.0,0.0,0.0,0.0,0.013246
2025-12-05,0.014763,0.0,0.0,0.0,0.049784,0.0,0.0,0.0,0.034008,0.131394,0.012418,0.054533,0.0,0.0,0.0,0.0,0.034901,0.0,0.0,0.031971,0.0,0.142635,0.0,0.041007,0.0775,0.077453,0.0,0.0,0.0,0.0,0.140918,0.0,0.021553,0.0,0.122035,0.0,0.0,0.0,0.0,0.0,0.0,0.0,0.013127
2025-12-08,0.014699,0.0,0.0,0.0,0.049528,0.0,0.0,0.0,0.034059,0.132222,0.012215,0.054028,0.0,0.0,0.0,0.0,0.034793,0.0,0.0,0.031253,0.0,0.14266,0.0,0.040383,0.0779,0.078149,0.0,0.0,0.0,0.0,0.142806,0.0,0.021416,0.0,0.120788,0.0,0.0,0.0,0.0,0.0,0.0,0.0,0.013101
2025-12-09,0.014756,0.0,0.0,0.0,0.049593,0.0,0.0,0.0,0.034196,0.133145,0.012234,0.054181,0.0,0.0,0.0,0.0,0.034598,0.0,0.0,0.030814,0.0,0.14005,0.0,0.040481,0.078239,0.078138,0.0,0.0,0.0,0.0,0.143969,0.0,0.022454,0.0,0.120026,0.0,0.0,0.0,0.0,0.0,0.0,0.0,0.013126
2025-12-10,0.014557,0.0,0.0,0.0,0.049119,0.0,0.0,0.0,0.034338,0.133162,0.012264,0.05384,0.0,0.0,0.0,0.0,0.034805,0.0,0.0,0.031414,0.0,0.139341,0.0,0.039973,0.077665,0.078221,0.0,0.0,0.0,0.0,0.144446,0.0,0.022544,0.0,0.121342,0.0,0.0,0.0,0.0,0.0,0.0,0.0,0.012968
2025-12-11,0.01463,0.0,0.0,0.0,0.049144,0.0,0.0,0.0,0.03389,0.130714,0.012314,0.053727,0.0,0.0,0.0,0.0,0.035181,0.0,0.0,0.031618,0.0,0.140465,0.0,0.040268,0.077278,0.077783,0.0,0.0,0.0,0.0,0.144264,0.0,0.02317,0.0,0.12258,0.0,0.0,0.0,0.0,0.0,0.0,0.0,0.012973
2025-12-12,0.014764,0.0,0.0,0.0,0.049481,0.0,0.0,0.0,0.033499,0.12967,0.012571,0.054493,0.0,0.0,0.0,0.0,0.035538,0.0,0.0,0.03205,0.0,0.142914,0.0,0.040734,0.076283,0.075287,0.0,0.0,0.0,0.0,0.143811,0.0,0.022932,0.0,0.122786,0.0,0.0,0.0,0.0,0.0,0.0,0.0,0.013188
2025-12-15,0.014802,0.0,0.0,0.0,0.049639,0.0,0.0,0.0,0.03348,0.129662,0.01267,0.054464,0.0,0.0,0.0,0.0,0.03557,0.0,0.0,0.031952,0.0,0.142477,0.0,0.041076,0.075491,0.074864,0.0,0.0,0.0,0.0,0.143124,0.0,0.023737,0.0,0.123815,0.0,0.0,0.0,0.0,0.0,0.0,0.0,0.013176
2025-12-16,0.01482,0.0,0.0,0.0,0.049244,0.0,0.0,0.0,0.033612,0.128853,0.012776,0.054871,0.0,0.0,0.0,0.0,0.035599,0.0,0.0,0.031828,0.0,0.142474,0.0,0.041182,0.076142,0.075024,0.0,0.0,0.0,0.0,0.14269,0.0,0.023741,0.0,0.123875,0.0,0.0,0.0,0.0,0.0,0.0,0.0,0.013268
2025-12-17,0.014831,0.0,0.0,0.0,0.049444,0.0,0.0,0.0,0.033225,0.128321,0.01271,0.054826,0.0,0.0,0.0,0.0,0.035247,0.0,0.0,0.031663,0.0,0.142134,0.0,0.041178,0.074929,0.072711,0.0,0.0,0.0,0.0,0.145046,0.0,0.024942,0.0,0.12544,0.0,0.0,0.0,0.0,0.0,0.0,0.0,0.013353
2025-12-18,0.014858,0.0,0.0,0.0,0.049764,0.0,0.0,0.0,0.03345,0.12955,0.01281,0.054746,0.0,0.0,0.0,0.0,0.035224,0.0,0.0,0.031443,0.0,0.140036,0.0,0.041286,0.075542,0.073916,0.0,0.0,0.0,0.0,0.144465,0.0,0.024378,0.0,0.12527,0.0,0.0,0.0,0.0,0.0,0.0,0.0,0.013261
2025-12-19,0.014722,0.0,0.0,0.0,0.04949,0.0,0.0,0.0,0.033444,0.129714,0.012597,0.054076,0.0,0.0,0.0,0.0,0.035078,0.0,0.0,0.030514,0.0,0.142203,0.0,0.040244,0.076198,0.074922,0.0,0.0,0.0,0.0,0.14324,0.0,0.024722,0.0,0.125742,0.0,0.0,0.0,0.0,0.0,0.0,0.0,0.013093
2025-12-22,0.014584,0.0,0.0,0.0,0.048942,0.0,0.0,0.0,0.03314,0.128402,0.012489,0.053527,0.0,0.0,0.0,0.0,0.034951,0.0,0.0,0.029948,0.0,0.143425,0.0,0.039806,0.075496,0.074826,0.0,0.0,0.0,0.0,0.144704,0.0,0.024979,0.0,0.12788,0.0,0.0,0.0,0.0,0.0,0.0,0.0,0.012904
2025-12-23,0.01453,0.0,0.0,0.0,0.04873,0.0,0.0,0.0,0.033183,0.128821,0.012384,0.053484,0.0,0.0,0.0,0.0,0.034693,0.0,0.0,0.029531,0.0,0.141265,0.0,0.039667,0.075374,0.074575,0.0,0.0,0.0,0.0,0.145788,0.0,0.025744,0.0,0.129416,0.0,0.0,0.0,0.0,0.0,0.0,0.0,0.012815
2025-12-24,0.014464,0.0,0.0,0.0,0.048657,0.0,0.0,0.0,0.032977,0.130583,0.012343,0.053443,0.0,0.0,0.0,0.0,0.034573,0.0,0.0,0.029623,0.0,0.141905,0.0,0.039577,0.07505,0.074363,0.0,0.0,0.0,0.0,0.145769,0.0,0.025722,0.0,0.12822,0.0,0.0,0.0,0.0,0.0,0.0,0.0,0.012729
2025-12-26,0.014352,0.0,0.0,0.0,0.048279,0.0,0.0,0.0,0.032978,0.131267,0.012194,0.052974,0.0,0.0,0.0,0.0,0.034241,0.0,0.0,0.02939,0.0,0.139331,0.0,0.039242,0.074584,0.073761,0.0,0.0,0.0,0.0,0.14634,0.0,0.027831,0.0,0.130605,0.0,0.0,0.0,0.0,0.0,0.0,0.0,0.012631
2025-12-29,0.014461,0.0,0.0,0.0,0.048867,0.0,0.0,0.0,0.033466,0.136542,0.012193,0.053459,0.0,0.0,0.0,0.0,0.034503,0.0,0.0,0.029546,0.0,0.138913,0.0,0.039703,0.074979,0.074312,0.0,0.0,0.0,0.0,0.143079,0.0,0.026086,0.0,0.127135,0.0,0.0,0.0,0.0,0.0,0.0,0.0,0.012756
2025-12-30,0.0,0.0,0.0,0.0,0.0,0.0,0.079264,0.0,0.0,0.126252,0.022598,0.057351,0.0,0.0,0.0,0.0,0.0,0.0,0.0,0.036091,0.07043,0.070902,0.0,0.126261,0.051978,0.089489,0.0,0.0,0.0,0.0,0.126268,0.034776,0.020257,0.0,0.063539,0.0,0.0,0.0,0.0,0.0,0.0,0.0,0.024544
