Date,IWDA.L,VGK,EWJ,IUSN.DE,IEMA.L,MCHI,EWZ,INDA,EWT,EWY,XLY,XLC,XLF,KBE,XLE,XOP,XLI,IYT,XLB,ITB,XLV,XBI,XLP,XLU,XLK,SOXX,IGV,CIBR,BOTZ,VNQ,LIT,GLD,SLV,DBA,COPX,TLT,IEF,TIP,HYG,LQD,EMB,BITO,XEON.DE
2020-01-02,0.0,0.0,0.0,0.0,0.0,0.0,0.0,0.0,0.0,0.0,0.0,0.0,0.0,0.0,0.0,0.0,0.0,0.0,0.0,0.0,0.0,0.0,0.0,0.0,0.0,0.0,0.0,0.0,0.0,0.0,0.0,0.0,0.0,0.0,0.0,0.0,0.0,0.0,0.0,0.0,0.0,0.0,0.0
2020-01-03,0.0,0.0,0.0,0.0,0.0,0.0,0.0,0.0,0.0,0.0,0.0,0.0,0.0,0.0,0.0,0.0,0.0,0.0,0.0,0.0,0.0,0.0,0.0,0.0,0.0,0.0,0.0,0.0,0.0,0.0,0.0,0.0,0.0,0.0,0.0,0.0,0.0,0.0,0.0,0.0,0.0,0.0,0.0
2020-01-06,0.0,0.0,0.0,0.0,0.0,0.0,0.0,0.0,0.0,0.0,0.0,0.0,0.0,0.0,0.0,0.0,0.0,0.0,0.0,0.0,0.0,0.0,0.0,0.0,0.0,0.0,0.0,0.0,0.0,0.0,0.0,0.0,0.0,0.0,0.0,0.0,0.0,0.0,0.0,0.0,0.0,0.0,0.0
2020-01-07,0.0,0.0,0.0,0.0,0.0,0.0,0.0,0.0,0.0,0.0,0.0,0.0,0.0,0.0,0.0,0.0,0.0,0.0,0.0,0.0,0.0,0.0,0.0,0.0,0.0,0.0,0.0,0.0,0.0,0.0,0.0,0.0,0.0,0.0,0.0,0.0,0.0,0.0,0.0,0.0,0.0,0.0,0.0
2020-01-08,0.0,0.0,0.0,0.0,0.0,0.0,0.0,0.0,0.0,0.0,0.0,0.0,0.0,0.0,0.0,0.0,0.0,0.0,0.0,0.0,0.0,0.0,0.0,0.0,0.0,0.0,0.0,0.0,0.0,0.0,0.0,0.0,0.0,0.0,0.0,0.0,0.0,0.0,0.0,0.0,0.0,0.0,0.0
2020-01-09,0.0,0.0,0.0,0.0,0.0,0.0,0.0,0.0,0.0,0.0,0.0,0.0,0.0,0.0,0.0,0.0,0.0,0.0,0.0,0.0,0.0,0.0,0.0,0.0,0.0,0.0,0.0,0.0,0.0,0.0,0.0,0.0,0.0,0.0,0.0,0.0,0.0,0.0,0.0,0.0,0.0,0.0,0.0
2020-01-10,0.0,0.0,0.0,0.0,0.0,0.0,0.0,0.0,0.0,0.0,0.0,0.0,0.0,0.0,0.0,0.0,0.0,0.0,0.0,0.0,0.0,0.0,0.0,0.0,0.0,0.0,0.0,0.0,0.0,0.0,0.0,0.0,0.0,0.0,0.0,0.0,0.0,0.0,0.0,0.0,0.0,0.0,0.0
2020-01-13,0.0,0.0,0.0,0.0,0.0,0.0,0.0,0.0,0.0,0.0,0.0,0.0,0.0,0.0,0.0,0.0,0.0,0.0,0.0,0.0,0.0,0.0,0.0,0.0,0.0,0.0,0.0,0.0,0.0,0.0,0.0,0.0,0.0,0.0,0.0,0.0,0.0,0.0,0.0,0.0,0.0,0.0,0.0
2020-01-14,0.0,0.0,0.0,0.0,0.0,0.0,0.0,0.0,0.0,0.0,0.0,0.0,0.0,0.0,0.0,0.0,0.0,0.0,0.0,0.0,0.0,0.0,0.0,0.0,0.0,0.0,0.0,0.0,0.0,0.0,0.0,0.0,0.0,0.0,0.0,0.0,0.0,0.0,0.0,0.0,0.0,0.0,0.0
2020-01-15,0.0,0.0,0.0,0.0,0.0,0.0,0.0,0.0,0.0,0.0,0.0,0.0,0.0,0.0,0.0,0.0,0.0,0.0,0.0,0.0,0.0,0.0,0.0,0.0,0.0,0.0,0.0,0.0,0.0,0.0,0.0,0.0,0.0,0.0,0.0,0.0,0.0,0.0,0.0,0.0,0.0,0.0,0.0
2020-01-16,0.0,0.0,0.0,0.0,0.0,0.0,0.0,0.0,0.0,0.0,0.0,0.0,0.0,0.0,0.0,0.0,0.0,0.0,0.0,0.0,0.0,0.0,0.0,0.0,0.0,0.0,0.0,0.0,0.0,0.0,0.0,0.0,0.0,0.0,0.0,0.0,0.0,0.0,0.0,0.0,0.0,0.0,0.0
2020-01-17,0.0,0.0,0.0,0.0,0.0,0.0,0.0,0.0,0.0,0.0,0.0,0.0,0.0,0.0,0.0,0.0,0.0,0.0,0.0,0.0,0.0,0.0,0.0,0.0,0.0,0.0,0.0,0.0,0.0,0.0,0.0,0.0,0.0,0.0,0.0,0.0,0.0,0.0,0.0,0.0,0.0,0.0,0.0
2020-01-20,0.0,0.0,0.0,0.0,0.0,0.0,0.0,0.0,0.0,0.0,0.0,0.0,0.0,0.0,0.0,0.0,0.0,0.0,0.0,0.0,0.0,0.0,0.0,0.0,0.0,0.0,0.0,0.0,0.0,0.0,0.0,0.0,0.0,0.0,0.0,0.0,0.0,0.0,0.0,0.0,0.0,0.0,0.0
2020-01-21,0.0,0.0,0.0,0.0,0.0,0.0,0.0,0.0,0.0,0.0,0.0,0.0,0.0,0.0,0.0,0.0,0.0,0.0,0.0,0.0,0.0,0.0,0.0,0.0,0.0,0.0,0.0,0.0,0.0,0.0,0.0,0.0,0.0,0.0,0.0,0.0,0.0,0.0,0.0,0.0,0.0,0.0,0.0
2020-01-22,0.0,0.0,0.0,0.0,0.0,0.0,0.0,0.0,0.0,0.0,0.0,0.0,0.0,0.0,0.0,0.0,0.0,0.0,0.0,0.0,0.0,0.0,0.0,0.0,0.0,0.0,0.0,0.0,0.0,0.0,0.0,0.0,0.0,0.0,0.0,0.0,0.0,0.0,0.0,0.0,0.0,0.0,0.0
2020-01-23,0.0,0.0,0.0,0.0,0.0,0.0,0.0,0.0,0.0,0.0,0.0,0.0,0.0,0.0,0.0,0.0,0.0,0.0,0.0,0.0,0.0,0.0,0.0,0.0,0.0,0.0,0.0,0.0,0.0,0.0,0.0,0.0,0.0,0.0,0.0,0.0,0.0,0.0,0.0,0.0,0.0,0.0,0.0
2020-01-24,0.0,0.0,0.0,0.0,0.0,0.0,0.0,0.0,0.0,0.0,0.0,0.0,0.0,0.0,0.0,0.0,0.0,0.0,0.0,0.0,0.0,0.0,0.0,0.0,0.0,0.0,0.0,0.0,0.0,0.0,0.0,0.0,0.0,0.0,0.0,0.0,0.0,0.0,0.0,0.0,0.0,0.0,0.0
2020-01-27,0.0,0.0,0.0,0.0,0.0,0.0,0.0,0.0,0.0,0.0,0.0,0.0,0.0,0.0,0.0,0.0,0.0,0.0,0.0,0.0,0.0,0.0,0.0,0.0,0.0,0.0,0.0,0.0,0.0,0.0,0.0,0.0,0.0,0.0,0.0,0.0,0.0,0.0,0.0,0.0,0.0,0.0,0.0
2020-01-28,0.0,0.0,0.0,0.0,0.0,0.0,0.0,0.0,0.0,0.0,0.0,0.0,0.0,0.0,0.0,0.0,0.0,0.0,0.0,0.0,0.0,0.0,0.0,0.0,0.0,0.0,0.0,0.0,0.0,0.0,0.0,0.0,0.0,0.0,0.0,0.0,0.0,0.0,0.0,0.0,0.0,0.0,0.0
2020-01-29,0.0,0.0,0.0,0.0,0.0,0.0,0.0,0.0,0.0,0.0,0.0,0.0,0.0,0.0,0.0,0.0,0.0,0.0,0.0,0.0,0.0,0.0,0.0,0.0,0.0,0.0,0.0,0.0,0.0,0.0,0.0,0.0,0.0,0.0,0.0,0.0,0.0,0.0,0.0,0.0,0.0,0.0,0.0
2020-01-30,0.0,0.0,0.0,0.0,0.0,0.0,0.0,0.0,0.0,0.0,0.0,0.0,0.0,0.0,0.0,0.0,0.0,0.0,0.0,0.0,0.0,0.0,0.0,0.0,0.0,0.0,0.0,0.0,0.0,0.0,0.0,0.0,0.0,0.0,0.0,0.0,0.0,0.0,0.0,0.0,0.0,0.0,0.0
2020-01-31,0.126449,0.022804,0.057659,0.0,0.0,0.012792,0.0,0.0,0.113615,0.0,0.0,0.029926,0.118312,0.0,0.0,0.0,0.0,0.0,0.0,0.126657,0.0905,0.036257,0.0,0.0,0.0633,0.062968,0.0,0.0,0.0,0.0,0.0,0.062719,0.063411,0.0,0.0,0.0,0.0,0.0,0.0,0.0,0.0,0.0,0.01263
2020-02-03,0.126039,0.022673,0.057745,0.0,0.0,0.012896,0.0,0.0,0.11453,0.0,0.0,0.030097,0.118416,0.0,0.0,0.0,0.0,0.0,0.0,0.126654,0.090765,0.036845,0.0,0.0,0.063746,0.063285,0.0,0.0,0.0,0.0,0.0,0.061932,0.061826,0.0,0.0,0.0,0.0,0.0,0.0,0.0,0.0,0.0,0.01255
2020-02-04,0.12624,0.02274,0.057823,0.0,0.0,0.01321,0.0,0.0,0.116585,0.0,0.0,0.029999,0.117932,0.0,0.0,0.0,0.0,0.0,0.0,0.124596,0.091109,0.037382,0.0,0.0,0.064528,0.064377,0.0,0.0,0.0,0.0,0.0,0.060297,0.060803,0.0,0.0,0.0,0.0,0.0,0.0,0.0,0.0,0.0,0.012381
2020-02-05,0.125461,0.022688,0.057639,0.0,0.0,0.013049,0.0,0.0,0.11582,0.0,0.0,0.029687,0.118846,0.0,0.0,0.0,0.0,0.0,0.0,0.126041,0.091745,0.037851,0.0,0.0,0.064125,0.065067,0.0,0.0,0.0,0.0,0.0,0.059644,0.060107,0.0,0.0,0.0,0.0,0.0,0.0,0.0,0.0,0.0,0.01223
2020-02-06,0.125751,0.022646,0.057868,0.0,0.0,0.013066,0.0,0.0,0.115725,0.0,0.0,0.02995,0.11827,0.0,0.0,0.0,0.0,0.0,0.0,0.125669,0.091498,0.037755,0.0,0.0,0.064479,0.064873,0.0,0.0,0.0,0.0,0.0,0.059752,0.060512,0.0,0.0,0.0,0.0,0.0,0.0,0.0,0.0,0.0,0.012187
2020-02-07,0.126179,0.022588,0.057717,0.0,0.0,0.013022,0.0,0.0,0.114368,0.0,0.0,0.030142,0.118691,0.0,0.0,0.0,0.0,0.0,0.0,0.126798,0.091431,0.037696,0.0,0.0,0.064345,0.063794,0.0,0.0,0.0,0.0,0.0,0.060337,0.060613,0.0,0.0,0.0,0.0,0.0,0.0,0.0,0.0,0.0,0.012276
2020-02-10,0.125322,0.022512,0.057276,0.0,0.0,0.01308,0.0,0.0,0.114957,0.0,0.0,0.030124,0.118265,0.0,0.0,0.0,0.0,0.0,0.0,0.127239,0.091324,0.038065,0.0,0.0,0.064794,0.064269,0.0,0.0,0.0,0.0,0.0,0.060101,0.060476,0.0,0.0,0.0,0.0,0.0,0.0,0.0,0.0,0.0,0.012196
2020-02-11,0.125743,0.022573,0.057297,0.0,0.0,0.013201,0.0,0.0,0.115342,0.0,0.0,0.029952,0.118132,0.0,0.0,0.0,0.0,0.0,0.0,0.127466,0.091443,0.037841,0.0,0.0,0.064275,0.065262,0.0,0.0,0.0,0.0,0.0,0.059615,0.059723,0.0,0.0,0.0,0.0,0.0,0.0,0.0,0.0,0.0,0.012137
2020-02-12,0.12566,0.022614,0.056772,0.0,0.0,0.013398,0.0,0.0,0.116504,0.0,0.0,0.03021,0.117696,0.0,0.0,0.0,0.0,0.0,0.0,0.126838,0.09116,0.038163,0.0,0.0,0.06469,0.065981,0.0,0.0,0.0,0.0,0.0,0.059308,0.058923,0.0,0.0,0.0,0.0,0.0,0.0,0.0,0.0,0.0,0.012083
2020-02-13,0.125797,0.022499,0.056362,0.0,0.0,0.013236,0.0,0.0,0.115996,0.0,0.0,0.030262,0.117841,0.0,0.0,0.0,0.0,0.0,0.0,0.127239,0.090873,0.037798,0.0,0.0,0.064618,0.066153,0.0,0.0,0.0,0.0,0.0,0.059738,0.059484,0.0,0.0,0.0,0.0,0.0,0.0,0.0,0.0,0.0,0.012104
2020-02-14,0.125613,0.022494,0.055919,0.0,0.0,0.013218,0.0,0.0,0.115635,0.0,0.0,0.030287,0.117946,0.0,0.0,0.0,0.0,0.0,0.0,0.12747,0.090907,0.037849,0.0,0.0,0.064873,0.065906,0.0,0.0,0.0,0.0,0.0,0.059964,0.059822,0.0,0.0,0.0,0.0,0.0,0.0,0.0,0.0,0.0,0.012097
2020-02-17,0.125865,0.022487,0.055903,0.0,0.0,0.013214,0.0,0.0,0.115601,0.0,0.0,0.030279,0.117911,0.0,0.0,0.0,0.0,0.0,0.0,0.127433,0.090881,0.037838,0.0,0.0,0.064854,0.065887,0.0,0.0,0.0,0.0,0.0,0.059947,0.059804,0.0,0.0,0.0,0.0,0.0,0.0,0.0,0.0,0.0,0.012096
2020-02-18,0.125313,0.022478,0.055285,0.0,0.0,0.013266,0.0,0.0,0.114325,0.0,0.0,0.0306,0.117346,0.0,0.0,0.0,0.0,0.0,0.0,0.127366,0.09091,0.038189,0.0,0.0,0.064864,0.065295,0.0,0.0,0.0,0.0,0.0,0.060952,0.061669,0.0,0.0,0.0,0.0,0.0,0.0,0.0,0.0,0.0,0.012142
2020-02-19,0.125221,0.022435,0.054727,0.0,0.0,0.013252,0.0,0.0,0.11488,0.0,0.0,0.030481,0.117229,0.0,0.0,0.0,0.0,0.0,0.0,0.126807,0.090567,0.038156,0.0,0.0,0.065087,0.066381,0.0,0.0,0.0,0.0,0.0,0.060794,0.061944,0.0,0.0,0.0,0.0,0.0,0.0,0.0,0.0,0.0,0.012039
2020-02-20,0.12461,0.02244,0.054712,0.0,0.0,0.013183,0.0,0.0,0.113124,0.0,0.0,0.030356,0.11773,0.0,0.0,0.0,0.0,0.0,0.0,0.128951,0.090542,0.038182,0.0,0.0,0.06481,0.065823,0.0,0.0,0.0,0.0,0.0,0.061422,0.062003,0.0,0.0,0.0,0.0,0.0,0.0,0.0,0.0,0.0,0.012112
2020-02-21,0.125321,0.022491,0.054553,0.0,0.0,0.013205,0.0,0.0,0.113203,0.0,0.0,0.030058,0.11724,0.0,0.0,0.0,0.0,0.0,0.0,0.128997,0.091097,0.038178,0.0,0.0,0.063708,0.064221,0.0,0.0,0.0,0.0,0.0,0.06269,0.062856,0.0,0.0,0.0,0.0,0.0,0.0,0.0,0.0,0.0,0.012182
2020-02-24,0.124671,0.022112,0.054158,0.0,0.0,0.013113,0.0,0.0,0.113101,0.0,0.0,0.029848,0.116538,0.0,0.0,0.0,0.0,0.0,0.0,0.129837,0.090644,0.037878,0.0,0.0,0.062749,0.06282,0.0,0.0,0.0,0.0,0.0,0.064987,0.065027,0.0,0.0,0.0,0.0,0.0,0.0,0.0,0.0,0.0,0.012516
2020-02-25,0.125718,0.02215,0.055418,0.0,0.0,0.013363,0.0,0.0,0.11577,0.0,0.0,0.029774,0.115393,0.0,0.0,0.0,0.0,0.0,0.0,0.127711,0.090086,0.037644,0.0,0.0,0.062257,0.062468,0.0,0.0,0.0,0.0,0.0,0.065418,0.064006,0.0,0.0,0.0,0.0,0.0,0.0,0.0,0.0,0.0,0.012824
2020-02-26,0.125681,0.022221,0.05582,0.0,0.0,0.013556,0.0,0.0,0.117226,0.0,0.0,0.029786,0.114815,0.0,0.0,0.0,0.0,0.0,0.0,0.124557,0.090284,0.037922,0.0,0.0,0.062684,0.062697,0.0,0.0,0.0,0.0,0.0,0.065855,0.064039,0.0,0.0,0.0,0.0,0.0,0.0,0.0,0.0,0.0,0.012855
2020-02-27,0.12555,0.022202,0.055591,0.0,0.0,0.013814,0.0,0.0,0.118275,0.0,0.0,0.029503,0.113338,0.0,0.0,0.0,0.0,0.0,0.0,0.125168,0.089938,0.037413,0.0,0.0,0.061154,0.061669,0.0,0.0,0.0,0.0,0.0,0.067923,0.065206,0.0,0.0,0.0,0.0,0.0,0.0,0.0,0.0,0.0,0.013256
2020-02-28,0.0,0.0,0.0,0.0,0.0,0.017668,0.0,0.0,0.13146,0.014178,0.0,0.0,0.062951,0.0,0.0,0.0,0.0,0.0,0.0,0.163512,0.108268,0.0,0.022082,0.163613,0.042117,0.042273,0.04237,0.0,0.036436,0.0,0.079378,0.044413,0.0,0.0,0.0,0.0,0.0,0.0,0.0,0.0,0.0,0.0,0.029281
2020-03-02,0.0,0.0,0.0,0.0,0.0,0.017212,0.0,0.0,0.130803,0.013939,0.0,0.0,0.063613,0.0,0.0,0.0,0.0,0.0,0.0,0.162912,0.10896,0.0,0.022363,0.166547,0.04283,0.042078,0.042263,0.0,0.035529,0.0,0.079875,0.042932,0.0,0.0,0.0,0.0,0.0,0.0,0.0,0.0,0.0,0.0,0.028143
2020-03-03,0.0,0.0,0.0,0.0,0.0,0.01732,0.0,0.0,0.131848,0.013935,0.0,0.0,0.061952,0.0,0.0,0.0,0.0,0.0,0.0,0.165841,0.107517,0.0,0.022322,0.166457,0.041694,0.04108,0.041164,0.0,0.0352,0.0,0.080386,0.044809,0.0,0.0,0.0,0.0,0.0,0.0,0.0,0.0,0.0,0.0,0.028474
2020-03-04,0.0,0.0,0.0,0.0,0.0,0.016937,0.0,0.0,0.129088,0.013905,0.0,0.0,0.061592,0.0,0.0,0.0,0.0,0.0,0.0,0.167462,0.109435,0.0,0.022537,0.169281,0.041847,0.041553,0.04115,0.0,0.035289,0.0,0.079322,0.043198,0.0,0.0,0.0,0.0,0.0,0.0,0.0,0.0,0.0,0.0,0.027403
2020-03-05,0.0,0.0,0.0,0.0,0.0,0.017257,0.0,0.0,0.131009,0.013888,0.0,0.0,0.059861,0.0,0.0,0.0,0.0,0.0,0.0,0.165238,0.109153,0.0,0.02258,0.17019,0.041382,0.041153,0.040914,0.0,0.034711,0.0,0.079617,0.045063,0.0,0.0,0.0,0.0,0.0,0.0,0.0,0.0,0.0,0.0,0.027985
2020-03-06,0.0,0.0,0.0,0.0,0.0,0.017192,0.0,0.0,0.131275,0.013945,0.0,0.0,0.058877,0.0,0.0,0.0,0.0,0.0,0.0,0.162859,0.11055,0.0,0.022809,0.171881,0.041246,0.040987,0.04026,0.0,0.034591,0.0,0.079137,0.045902,0.0,0.0,0.0,0.0,0.0,0.0,0.0,0.0,0.0,0.0,0.028489
2020-03-09,0.0,0.0,0.0,0.0,0.0,0.017663,0.0,0.0,0.134497,0.014092,0.0,0.0,0.056211,0.0,0.0,0.0,0.0,0.0,0.0,0.158241,0.112076,0.0,0.02333,0.173811,0.040759,0.040087,0.039835,0.0,0.033754,0.0,0.076022,0.049168,0.0,0.0,0.0,0.0,0.0,0.0,0.0,0.0,0.0,0.0,0.030455
2020-03-10,0.0,0.0,0.0,0.0,0.0,0.017784,0.0,0.0,0.133997,0.014247,0.0,0.0,0.057707,0.0,0.0,0.0,0.0,0.0,0.0,0.159712,0.112403,0.0,0.023271,0.170104,0.042158,0.041422,0.040517,0.0,0.034254,0.0,0.07623,0.04667,0.0,0.0,0.0,0.0,0.0,0.0,0.0,0.0,0.0,0.0,0.029524
2020-03-11,0.0,0.0,0.0,0.0,0.0,0.018041,0.0,0.0,0.13669,0.014232,0.0,0.0,0.057327,0.0,0.0,0.0,0.0,0.0,0.0,0.153585,0.113557,0.0,0.023245,0.169694,0.042191,0.041071,0.040532,0.0,0.034151,0.0,0.075808,0.048847,0.0,0.0,0.0,0.0,0.0,0.0,0.0,0.0,0.0,0.0,0.031029
2020-03-12,0.0,0.0,0.0,0.0,0.0,0.018459,0.0,0.0,0.136767,0.014118,0.0,0.0,0.056566,0.0,0.0,0.0,0.0,0.0,0.0,0.147965,0.116257,0.0,0.023302,0.168795,0.042123,0.040458,0.040662,0.0,0.033377,0.0,0.074971,0.051888,0.0,0.0,0.0,0.0,0.0,0.0,0.0,0.0,0.0,0.0,0.034291
2020-03-13,0.0,0.0,0.0,0.0,0.0,0.0184,0.0,0.0,0.136321,0.014247,0.0,0.0,0.060604,0.0,0.0,0.0,0.0,0.0,0.0,0.143568,0.117709,0.0,0.02394,0.168527,0.044562,0.042416,0.042261,0.0,0.034437,0.0,0.072933,0.047629,0.0,0.0,0.0,0.0,0.0,0.0,0.0,0.0,0.0,0.0,0.032446
2020-03-16,0.0,0.0,0.0,0.0,0.0,0.018882,0.0,0.0,0.138171,0.013642,0.0,0.0,0.059474,0.0,0.0,0.0,0.0,0.0,0.0,0.130304,0.120664,0.0,0.025379,0.169889,0.043678,0.040892,0.042404,0.0,0.034305,0.0,0.071677,0.053546,0.0,0.0,0.0,0.0,0.0,0.0,0.0,0.0,0.0,0.0,0.037094
2020-03-17,0.0,0.0,0.0,0.0,0.0,0.018759,0.0,0.0,0.136076,0.013844,0.0,0.0,0.059351,0.0,0.0,0.0,0.0,0.0,0.0,0.121356,0.121383,0.0,0.026048,0.181379,0.044157,0.042112,0.042996,0.0,0.034792,0.0,0.071434,0.051371,0.0,0.0,0.0,0.0,0.0,0.0,0.0,0.0,0.0,0.0,0.034944
2020-03-18,0.0,0.0,0.0,0.0,0.0,0.018884,0.0,0.0,0.133037,0.013305,0.0,0.0,0.057617,0.0,0.0,0.0,0.0,0.0,0.0,0.116414,0.124497,0.0,0.026923,0.184037,0.045078,0.041003,0.04335,0.0,0.035609,0.0,0.069745,0.05341,0.0,0.0,0.0,0.0,0.0,0.0,0.0,0.0,0.0,0.0,0.037091
2020-03-19,0.0,0.0,0.0,0.0,0.0,0.019136,0.0,0.0,0.132138,0.012836,0.0,0.0,0.059234,0.0,0.0,0.0,0.0,0.0,0.0,0.125336,0.122684,0.0,0.026182,0.174373,0.045515,0.042312,0.044748,0.0,0.036076,0.0,0.069372,0.052717,0.0,0.0,0.0,0.0,0.0,0.0,0.0,0.0,0.0,0.0,0.037341
2020-03-20,0.0,0.0,0.0,0.0,0.0,0.01957,0.0,0.0,0.141565,0.013696,0.0,0.0,0.058572,0.0,0.0,0.0,0.0,0.0,0.0,0.12527,0.12097,0.0,0.025109,0.164624,0.044534,0.042152,0.04491,0.0,0.03657,0.0,0.069284,0.054868,0.0,0.0,0.0,0.0,0.0,0.0,0.0,0.0,0.0,0.0,0.038307
2020-03-23,0.0,0.0,0.0,0.0,0.0,0.020151,0.0,0.0,0.144094,0.013497,0.0,0.0,0.056609,0.0,0.0,0.0,0.0,0.0,0.0,0.122079,0.117691,0.0,0.025004,0.160315,0.045283,0.044801,0.046188,0.0,0.037323,0.0,0.068931,0.058793,0.0,0.0,0.0,0.0,0.0,0.0,0.0,0.0,0.0,0.0,0.039241
2020-03-24,0.0,0.0,0.0,0.0,0.0,0.019433,0.0,0.0,0.140021,0.013816,0.0,0.0,0.057925,0.0,0.0,0.0,0.0,0.0,0.0,0.129642,0.115396,0.0,0.023923,0.161632,0.045445,0.045196,0.045253,0.0,0.038316,0.0,0.072097,0.05612,0.0,0.0,0.0,0.0,0.0,0.0,0.0,0.0,0.0,0.0,0.035784
2020-03-25,0.0,0.0,0.0,0.0,0.0,0.01928,0.0,0.0,0.140082,0.014167,0.0,0.0,0.057893,0.0,0.0,0.0,0.0,0.0,0.0,0.13749,0.113774,0.0,0.023213,0.16128,0.04416,0.043402,0.043532,0.0,0.037965,0.0,0.0751,0.053856,0.0,0.0,0.0,0.0,0.0,0.0,0.0,0.0,0.0,0.0,0.034806
2020-03-26,0.0,0.0,0.0,0.0,0.0,0.018972,0.0,0.0,0.135879,0.014002,0.0,0.0,0.058701,0.0,0.0,0.0,0.0,0.0,0.0,0.136873,0.115758,0.0,0.023359,0.166987,0.044741,0.044192,0.044341,0.0,0.038179,0.0,0.072742,0.052041,0.0,0.0,0.0,0.0,0.0,0.0,0.0,0.0,0.0,0.0,0.033234
2020-03-27,0.0,0.0,0.0,0.0,0.0,0.018568,0.0,0.0,0.133255,0.013662,0.0,0.0,0.058635,0.0,0.0,0.0,0.0,0.0,0.0,0.134788,0.116705,0.0,0.023954,0.17297,0.044011,0.04327,0.043863,0.0,0.038178,0.0,0.070639,0.053269,0.0,0.0,0.0,0.0,0.0,0.0,0.0,0.0,0.0,0.0,0.034232
2020-03-30,0.0,0.0,0.0,0.0,0.0,0.018554,0.0,0.0,0.133227,0.013637,0.0,0.0,0.058389,0.0,0.0,0.0,0.0,0.0,0.0,0.130378,0.119385,0.0,0.024322,0.17528,0.044819,0.043755,0.044245,0.0,0.037924,0.0,0.070388,0.052283,0.0,0.0,0.0,0.0,0.0,0.0,0.0,0.0,0.0,0.0,0.033414
2020-03-31,0.021465,0.0,0.0,0.0,0.0,0.062669,0.0,0.0,0.052892,0.0,0.0,0.024463,0.0,0.0,0.0,0.0,0.0,0.0,0.0,0.026869,0.03812,0.073781,0.0,0.0,0.072149,0.051917,0.055568,0.0,0.030695,0.0,0.099934,0.044307,0.0,0.039789,0.0,0.048146,0.098052,0.063535,0.030541,0.029724,0.028906,0.0,0.006479
2020-04-01,0.021149,0.0,0.0,0.0,0.0,0.062365,0.0,0.0,0.053289,0.0,0.0,0.02424,0.0,0.0,0.0,0.0,0.0,0.0,0.0,0.025475,0.03784,0.072026,0.0,0.0,0.070904,0.050643,0.05462,0.0,0.029807,0.0,0.097138,0.046153,0.0,0.039775,0.0,0.050379,0.101593,0.065961,0.030651,0.030227,0.029079,0.0,0.006688
2020-04-02,0.020837,0.0,0.0,0.0,0.0,0.063268,0.0,0.0,0.053934,0.0,0.0,0.024177,0.0,0.0,0.0,0.0,0.0,0.0,0.0,0.024872,0.0383,0.073522,0.0,0.0,0.071464,0.051363,0.054047,0.0,0.030009,0.0,0.096885,0.0462,0.0,0.039087,0.0,0.049932,0.100073,0.065956,0.030422,0.029848,0.029225,0.0,0.006579
2020-04-03,0.02084,0.0,0.0,0.0,0.0,0.06317,0.0,0.0,0.053603,0.0,0.0,0.023933,0.0,0.0,0.0,0.0,0.0,0.0,0.0,0.024558,0.038347,0.073237,0.0,0.0,0.071089,0.050913,0.053708,0.0,0.029399,0.0,0.096046,0.046909,0.0,0.039056,0.0,0.050569,0.101184,0.067227,0.030078,0.030001,0.029475,0.0,0.006655
2020-04-06,0.020809,0.0,0.0,0.0,0.0,0.062726,0.0,0.0,0.053636,0.0,0.0,0.024374,0.0,0.0,0.0,0.0,0.0,0.0,0.0,0.026724,0.038557,0.075148,0.0,0.0,0.073713,0.053603,0.055167,0.0,0.030246,0.0,0.099077,0.046059,0.0,0.037813,0.0,0.048187,0.096234,0.064185,0.029436,0.029229,0.028729,0.0,0.00635
2020-04-07,0.021633,0.0,0.0,0.0,0.0,0.062798,0.0,0.0,0.054003,0.0,0.0,0.024577,0.0,0.0,0.0,0.0,0.0,0.0,0.0,0.027225,0.038278,0.073715,0.0,0.0,0.073124,0.053464,0.054464,0.0,0.030076,0.0,0.100349,0.045857,0.0,0.038545,0.0,0.047729,0.095901,0.064206,0.029465,0.029303,0.028922,0.0,0.006365
2020-04-08,0.021194,0.0,0.0,0.0,0.0,0.06178,0.0,0.0,0.053547,0.0,0.0,0.024675,0.0,0.0,0.0,0.0,0.0,0.0,0.0,0.028984,0.039175,0.075309,0.0,0.0,0.073809,0.054311,0.055465,0.0,0.0302,0.0,0.101614,0.044673,0.0,0.038024,0.0,0.046574,0.094148,0.062678,0.029716,0.029322,0.02855,0.0,0.006253
2020-04-09,0.021507,0.0,0.0,0.0,0.0,0.060969,0.0,0.0,0.052427,0.0,0.0,0.024564,0.0,0.0,0.0,0.0,0.0,0.0,0.0,0.02967,0.038927,0.075822,0.0,0.0,0.072958,0.052511,0.055418,0.0,0.030345,0.0,0.103668,0.045301,0.0,0.037172,0.0,0.046109,0.093241,0.062554,0.031288,0.030339,0.029028,0.0,0.006179
2020-04-13,0.02157,0.0,0.0,0.0,0.0,0.061254,0.0,0.0,0.052842,0.0,0.0,0.024674,0.0,0.0,0.0,0.0,0.0,0.0,0.0,0.027963,0.0387,0.075927,0.0,0.0,0.073336,0.053261,0.055667,0.0,0.030192,0.0,0.103357,0.046213,0.0,0.03674,0.0,0.045823,0.093314,0.062851,0.030931,0.030133,0.029056,0.0,0.006197
2020-04-14,0.021274,0.0,0.0,0.0,0.0,0.061186,0.0,0.0,0.053241,0.0,0.0,0.024845,0.0,0.0,0.0,0.0,0.0,0.0,0.0,0.028208,0.039105,0.077225,0.0,0.0,0.074729,0.054492,0.056731,0.0,0.030699,0.0,0.104528,0.045552,0.0,0.035985,0.0,0.044804,0.091382,0.06165,0.030377,0.029326,0.028605,0.0,0.006059
2020-04-15,0.021125,0.0,0.0,0.0,0.0,0.061244,0.0,0.0,0.053223,0.0,0.0,0.024927,0.0,0.0,0.0,0.0,0.0,0.0,0.0,0.026976,0.039402,0.076282,0.0,0.0,0.074036,0.053547,0.0569,0.0,0.030162,0.0,0.102639,0.0459,0.0,0.036258,0.0,0.04658,0.093379,0.062506,0.030479,0.0299,0.028396,0.0,0.00614
2020-04-16,0.021001,0.0,0.0,0.0,0.0,0.061392,0.0,0.0,0.053546,0.0,0.0,0.02481,0.0,0.0,0.0,0.0,0.0,0.0,0.0,0.026777,0.039914,0.077662,0.0,0.0,0.074289,0.054574,0.057134,0.0,0.030108,0.0,0.102961,0.045463,0.0,0.035838,0.0,0.046701,0.092669,0.061428,0.030186,0.029494,0.027967,0.0,0.006085
2020-04-17,0.021112,0.0,0.0,0.0,0.0,0.061056,0.0,0.0,0.05367,0.0,0.0,0.024815,0.0,0.0,0.0,0.0,0.0,0.0,0.0,0.027697,0.040203,0.080855,0.0,0.0,0.074279,0.054269,0.057507,0.0,0.030258,0.0,0.104585,0.04399,0.0,0.035783,0.0,0.045464,0.091202,0.060324,0.029937,0.0292,0.027792,0.0,0.006004
2020-04-20,0.021379,0.0,0.0,0.0,0.0,0.061243,0.0,0.0,0.053198,0.0,0.0,0.024702,0.0,0.0,0.0,0.0,0.0,0.0,0.0,0.026708,0.040066,0.08425,0.0,0.0,0.073422,0.053331,0.057561,0.0,0.029939,0.0,0.103176,0.044506,0.0,0.03563,0.0,0.04604,0.09186,0.060414,0.029621,0.029167,0.027742,0.0,0.006046
2020-04-21,0.020976,0.0,0.0,0.0,0.0,0.061177,0.0,0.0,0.052837,0.0,0.0,0.024477,0.0,0.0,0.0,0.0,0.0,0.0,0.0,0.026989,0.039745,0.083573,0.0,0.0,0.071971,0.051891,0.056187,0.0,0.029841,0.0,0.101306,0.045223,0.0,0.036103,0.0,0.047696,0.094244,0.062123,0.029752,0.029735,0.027986,0.0,0.006167
2020-04-22,0.02098,0.0,0.0,0.0,0.0,0.061389,0.0,0.0,0.052735,0.0,0.0,0.02468,0.0,0.0,0.0,0.0,0.0,0.0,0.0,0.026829,0.039621,0.083626,0.0,0.0,0.073387,0.054033,0.057027,0.0,0.030408,0.0,0.102268,0.045277,0.0,0.035528,0.0,0.046353,0.092248,0.061365,0.029469,0.029214,0.027501,0.0,0.006062
2020-04-23,0.021277,0.0,0.0,0.0,0.0,0.060913,0.0,0.0,0.052713,0.0,0.0,0.024845,0.0,0.0,0.0,0.0,0.0,0.0,0.0,0.026949,0.039821,0.083547,0.0,0.0,0.072853,0.053471,0.056516,0.0,0.030411,0.0,0.102527,0.045708,0.0,0.035857,0.0,0.04658,0.09227,0.061304,0.029442,0.029326,0.027621,0.0,0.006051
2020-04-24,0.020833,0.0,0.0,0.0,0.0,0.060493,0.0,0.0,0.052545,0.0,0.0,0.024924,0.0,0.0,0.0,0.0,0.0,0.0,0.0,0.027805,0.039978,0.085613,0.0,0.0,0.073699,0.054071,0.056864,0.0,0.030565,0.0,0.102716,0.045085,0.0,0.034891,0.0,0.046251,0.091426,0.061074,0.028893,0.02903,0.027242,0.0,0.005999
2020-04-27,0.021174,0.0,0.0,0.0,0.0,0.060754,0.0,0.0,0.053266,0.0,0.0,0.024883,0.0,0.0,0.0,0.0,0.0,0.0,0.0,0.028828,0.040095,0.08591,0.0,0.0,0.073603,0.054256,0.057255,0.0,0.031103,0.0,0.104749,0.044347,0.0,0.034316,0.0,0.044945,0.090048,0.060356,0.028727,0.028514,0.026929,0.0,0.005942
2020-04-28,0.021344,0.0,0.0,0.0,0.0,0.060615,0.0,0.0,0.053385,0.0,0.0,0.024452,0.0,0.0,0.0,0.0,0.0,0.0,0.0,0.030737,0.03932,0.083325,0.0,0.0,0.072685,0.054021,0.05603,0.0,0.031503,0.0,0.106487,0.044187,0.0,0.034657,0.0,0.045501,0.090519,0.060616,0.028839,0.028615,0.027216,0.0,0.005945
2020-04-29,0.021304,0.0,0.0,0.0,0.0,0.060466,0.0,0.0,0.053712,0.0,0.0,0.025147,0.0,0.0,0.0,0.0,0.0,0.0,0.0,0.031833,0.038827,0.082193,0.0,0.0,0.074227,0.055508,0.057233,0.0,0.031969,0.0,0.107402,0.043586,0.0,0.034048,0.0,0.044403,0.088751,0.059389,0.028788,0.028255,0.027125,0.0,0.005832
2020-04-30,0.03078,0.0,0.035543,0.0,0.0,0.093676,0.0,0.0,0.027488,0.0,0.0,0.037196,0.0,0.0,0.0,0.0,0.0,0.0,0.0,0.0,0.080279,0.040015,0.045739,0.0,0.033675,0.016087,0.032832,0.022316,0.015972,0.0,0.0,0.1209,0.0,0.12135,0.0,0.039651,0.039423,0.039392,0.062361,0.057982,0.0,0.0,0.00734
2020-05-01,0.030423,0.0,0.035378,0.0,0.0,0.091286,0.0,0.0,0.027083,0.0,0.0,0.037161,0.0,0.0,0.0,0.0,0.0,0.0,0.0,0.0,0.079786,0.03943,0.045832,0.0,0.033182,0.015504,0.032233,0.021957,0.015723,0.0,0.0,0.123247,0.0,0.123307,0.0,0.040517,0.039997,0.03991,0.062092,0.058513,0.0,0.0,0.007437
2020-05-04,0.029991,0.0,0.035068,0.0,0.0,0.091264,0.0,0.0,0.027487,0.0,0.0,0.037234,0.0,0.0,0.0,0.0,0.0,0.0,0.0,0.0,0.079437,0.041267,0.045631,0.0,0.033492,0.015573,0.03273,0.022092,0.015788,0.0,0.0,0.123201,0.0,0.122382,0.0,0.04017,0.039849,0.039795,0.061766,0.058377,0.0,0.0,0.007407
2020-05-05,0.030508,0.0,0.035136,0.0,0.0,0.091831,0.0,0.0,0.027277,0.0,0.0,0.037141,0.0,0.0,0.0,0.0,0.0,0.0,0.0,0.0,0.080537,0.041839,0.04532,0.0,0.033693,0.015713,0.033167,0.02228,0.015832,0.0,0.0,0.122774,0.0,0.121266,0.0,0.039607,0.039514,0.039536,0.061822,0.057853,0.0,0.0,0.007354
2020-05-06,0.030375,0.0,0.034997,0.0,0.0,0.092847,0.0,0.0,0.027244,0.0,0.0,0.037175,0.0,0.0,0.0,0.0,0.0,0.0,0.0,0.0,0.080035,0.042205,0.044992,0.0,0.034081,0.015965,0.033704,0.02255,0.015851,0.0,0.0,0.121646,0.0,0.121717,0.0,0.039113,0.039514,0.039489,0.0617,0.057416,0.0,0.0,0.007384
2020-05-07,0.030377,0.0,0.035148,0.0,0.0,0.092632,0.0,0.0,0.027267,0.0,0.0,0.037476,0.0,0.0,0.0,0.0,0.0,0.0,0.0,0.0,0.079185,0.041825,0.044394,0.0,0.034228,0.015939,0.034217,0.023285,0.016221,0.0,0.0,0.122215,0.0,0.122112,0.0,0.039348,0.039338,0.03932,0.061206,0.056965,0.0,0.0,0.007302
2020-05-08,0.03018,0.0,0.035517,0.0,0.0,0.094221,0.0,0.0,0.027354,0.0,0.0,0.037912,0.0,0.0,0.0,0.0,0.0,0.0,0.0,0.0,0.079076,0.042159,0.04509,0.0,0.034504,0.016303,0.03427,0.023302,0.016371,0.0,0.0,0.120691,0.0,0.121494,0.0,0.038584,0.038954,0.039052,0.061385,0.056323,0.0,0.0,0.007258
2020-05-11,0.03046,0.0,0.035772,0.0,0.0,0.094278,0.0,0.0,0.027276,0.0,0.0,0.037845,0.0,0.0,0.0,0.0,0.0,0.0,0.0,0.0,0.080248,0.044067,0.044923,0.0,0.034653,0.016249,0.03468,0.023531,0.016518,0.0,0.0,0.119658,0.0,0.120161,0.0,0.038194,0.038754,0.038826,0.060965,0.055699,0.0,0.0,0.007243
2020-05-12,0.030726,0.0,0.035517,0.0,0.0,0.094115,0.0,0.0,0.027218,0.0,0.0,0.037331,0.0,0.0,0.0,0.0,0.0,0.0,0.0,0.0,0.079499,0.043375,0.04481,0.0,0.03414,0.015913,0.034055,0.023125,0.016236,0.0,0.0,0.120843,0.0,0.120968,0.0,0.038817,0.039115,0.039094,0.061253,0.056573,0.0,0.0,0.007278
2020-05-13,0.030081,0.0,0.035886,0.0,0.0,0.095015,0.0,0.0,0.027341,0.0,0.0,0.036898,0.0,0.0,0.0,0.0,0.0,0.0,0.0,0.0,0.079077,0.04275,0.044654,0.0,0.03374,0.015693,0.033565,0.022752,0.01639,0.0,0.0,0.122688,0.0,0.119789,0.0,0.039307,0.039414,0.039348,0.06127,0.057019,0.0,0.0,0.007324
2020-05-14,0.029498,0.0,0.035272,0.0,0.0,0.094535,0.0,0.0,0.027434,0.0,0.0,0.037211,0.0,0.0,0.0,0.0,0.0,0.0,0.0,0.0,0.079762,0.04226,0.044443,0.0,0.034092,0.016077,0.033662,0.022885,0.016158,0.0,0.0,0.123492,0.0,0.11934,0.0,0.039601,0.039386,0.039304,0.060921,0.05736,0.0,0.0,0.007307
2020-05-15,0.029678,0.0,0.035193,0.0,0.0,0.093354,0.0,0.0,0.026817,0.0,0.0,0.037577,0.0,0.0,0.0,0.0,0.0,0.0,0.0,0.0,0.080115,0.0436,0.044655,0.0,0.034128,0.015682,0.034068,0.023025,0.016411,0.0,0.0,0.123696,0.0,0.118865,0.0,0.039342,0.039204,0.039216,0.060764,0.057333,0.0,0.0,0.007277
2020-05-18,0.030533,0.0,0.035619,0.0,0.0,0.095839,0.0,0.0,0.027121,0.0,0.0,0.037888,0.0,0.0,0.0,0.0,0.0,0.0,0.0,0.0,0.079767,0.044308,0.044796,0.0,0.034526,0.016197,0.03387,0.022988,0.016872,0.0,0.0,0.121224,0.0,0.118072,0.0,0.037997,0.038475,0.038722,0.061063,0.056937,0.0,0.0,0.007188
2020-05-19,0.030665,0.0,0.035292,0.0,0.0,0.095745,0.0,0.0,0.026905,0.0,0.0,0.037977,0.0,0.0,0.0,0.0,0.0,0.0,0.0,0.0,0.079005,0.043155,0.044085,0.0,0.034487,0.016185,0.034195,0.023069,0.016846,0.0,0.0,0.122704,0.0,0.118371,0.0,0.038236,0.038681,0.038775,0.061294,0.057125,0.0,0.0,0.007204
2020-05-20,0.030623,0.0,0.035478,0.0,0.0,0.095441,0.0,0.0,0.026804,0.0,0.0,0.038652,0.0,0.0,0.0,0.0,0.0,0.0,0.0,0.0,0.078335,0.043974,0.044178,0.0,0.034902,0.016619,0.034433,0.023306,0.017139,0.0,0.0,0.121806,0.0,0.11783,0.0,0.03798,0.038316,0.038514,0.061345,0.057194,0.0,0.0,0.007131
2020-05-21,0.030544,0.0,0.03542,0.0,0.0,0.093961,0.0,0.0,0.026999,0.0,0.0,0.038732,0.0,0.0,0.0,0.0,0.0,0.0,0.0,0.0,0.078472,0.04403,0.044091,0.0,0.034732,0.01635,0.034474,0.023322,0.017066,0.0,0.0,0.121134,0.0,0.117957,0.0,0.038425,0.038694,0.038827,0.061894,0.057676,0.0,0.0,0.0072
2020-05-22,0.030454,0.0,0.035502,0.0,0.0,0.090572,0.0,0.0,0.026567,0.0,0.0,0.039002,0.0,0.0,0.0,0.0,0.0,0.0,0.0,0.0,0.078714,0.044603,0.044288,0.0,0.034892,0.016438,0.034917,0.023733,0.017367,0.0,0.0,0.12197,0.0,0.11755,0.0,0.038694,0.038805,0.038887,0.062107,0.057732,0.0,0.0,0.007206
2020-05-25,0.030454,0.0,0.035502,0.0,0.0,0.090572,0.0,0.0,0.026567,0.0,0.0,0.039002,0.0,0.0,0.0,0.0,0.0,0.0,0.0,0.0,0.078714,0.044603,0.044288,0.0,0.034892,0.016438,0.034917,0.023733,0.017367,0.0,0.0,0.12197,0.0,0.11755,0.0,0.038694,0.038805,0.038887,0.062107,0.057732,0.0,0.0,0.007206
2020-05-26,0.031183,0.0,0.036577,0.0,0.0,0.091912,0.0,0.0,0.027045,0.0,0.0,0.038971,0.0,0.0,0.0,0.0,0.0,0.0,0.0,0.0,0.07829,0.043395,0.044368,0.0,0.034731,0.016551,0.034467,0.023656,0.017657,0.0,0.0,0.119805,0.0,0.119209,0.0,0.038038,0.038564,0.038604,0.062349,0.057446,0.0,0.0,0.007183
2020-05-27,0.031079,0.0,0.036988,0.0,0.0,0.091019,0.0,0.0,0.027031,0.0,0.0,0.039184,0.0,0.0,0.0,0.0,0.0,0.0,0.0,0.0,0.078975,0.043339,0.044964,0.0,0.034874,0.016779,0.0344,0.023664,0.017652,0.0,0.0,0.11983,0.0,0.118067,0.0,0.037907,0.038535,0.038581,0.062379,0.057591,0.0,0.0,0.007163
2020-05-28,0.031653,0.0,0.037404,0.0,0.0,0.090187,0.0,0.0,0.026766,0.0,0.0,0.038746,0.0,0.0,0.0,0.0,0.0,0.0,0.0,0.0,0.079863,0.042827,0.045282,0.0,0.034744,0.016384,0.03476,0.023743,0.017719,0.0,0.0,0.120018,0.0,0.118117,0.0,0.037701,0.038431,0.038633,0.062329,0.057537,0.0,0.0,0.007157
2020-05-29,0.0,0.0,0.0,0.0,0.0,0.06359,0.0,0.0,0.045203,0.0,0.053292,0.081761,0.0,0.0,0.0,0.0,0.0,0.0,0.0,0.0,0.061673,0.046291,0.082153,0.0,0.031818,0.012282,0.031702,0.019282,0.012021,0.0,0.042284,0.107395,0.0,0.084497,0.0,0.036157,0.035926,0.036146,0.052169,0.05627,0.0,0.0,0.008088
2020-06-01,0.0,0.0,0.0,0.0,0.0,0.064294,0.0,0.0,0.045689,0.0,0.053457,0.082174,0.0,0.0,0.0,0.0,0.0,0.0,0.0,0.0,0.060674,0.046241,0.082195,0.0,0.031606,0.012138,0.031841,0.019552,0.012166,0.0,0.043266,0.107203,0.0,0.084021,0.0,0.035685,0.035683,0.03596,0.052229,0.055888,0.0,0.0,0.008037
2020-06-02,0.0,0.0,0.0,0.0,0.0,0.065414,0.0,0.0,0.046053,0.0,0.053676,0.082142,0.0,0.0,0.0,0.0,0.0,0.0,0.0,0.0,0.060757,0.046675,0.082054,0.0,0.031763,0.012345,0.031723,0.019402,0.012118,0.0,0.043677,0.106041,0.0,0.083223,0.0,0.035399,0.035468,0.035723,0.052515,0.05582,0.0,0.0,0.008012
2020-06-03,0.0,0.0,0.0,0.0,0.0,0.066199,0.0,0.0,0.046974,0.0,0.054572,0.082219,0.0,0.0,0.0,0.0,0.0,0.0,0.0,0.0,0.060507,0.045863,0.081986,0.0,0.031941,0.012674,0.031671,0.019506,0.012199,0.0,0.044431,0.10386,0.0,0.083532,0.0,0.034853,0.035182,0.035529,0.052646,0.055665,0.0,0.0,0.00799
2020-06-04,0.0,0.0,0.0,0.0,0.0,0.065733,0.0,0.0,0.046689,0.0,0.054525,0.081949,0.0,0.0,0.0,0.0,0.0,0.0,0.0,0.0,0.060281,0.045232,0.081931,0.0,0.031811,0.012844,0.031148,0.019225,0.012137,0.0,0.044676,0.105394,0.0,0.084741,0.0,0.034493,0.035189,0.035543,0.052704,0.05573,0.0,0.0,0.008026
2020-06-05,0.0,0.0,0.0,0.0,0.0,0.066217,0.0,0.0,0.047482,0.0,0.055294,0.082484,0.0,0.0,0.0,0.0,0.0,0.0,0.0,0.0,0.060665,0.045161,0.082274,0.0,0.032335,0.013032,0.031309,0.019081,0.012224,0.0,0.046152,0.102264,0.0,0.084109,0.0,0.033918,0.034677,0.035198,0.05269,0.055479,0.0,0.0,0.007953
2020-06-08,0.0,0.0,0.0,0.0,0.0,0.065475,0.0,0.0,0.047388,0.0,0.055663,0.083319,0.0,0.0,0.0,0.0,0.0,0.0,0.0,0.0,0.060567,0.045607,0.082457,0.0,0.032223,0.012895,0.031473,0.019195,0.012141,0.0,0.047219,0.102498,0.0,0.083339,0.0,0.033761,0.034422,0.034976,0.052307,0.055194,0.0,0.0,0.007881
2020-06-09,0.0,0.0,0.0,0.0,0.0,0.065528,0.0,0.0,0.047427,0.0,0.055342,0.083284,0.0,0.0,0.0,0.0,0.0,0.0,0.0,0.0,0.060061,0.045622,0.08195,0.0,0.032441,0.012932,0.03139,0.019085,0.012151,0.0,0.046507,0.103699,0.0,0.08357,0.0,0.034214,0.034616,0.035083,0.052005,0.055191,0.0,0.0,0.007901
2020-06-10,0.0,0.0,0.0,0.0,0.0,0.066095,0.0,0.0,0.047824,0.0,0.054586,0.082674,0.0,0.0,0.0,0.0,0.0,0.0,0.0,0.0,0.059708,0.045481,0.081367,0.0,0.03284,0.012921,0.0318,0.019066,0.012114,0.0,0.046565,0.10473,0.0,0.082849,0.0,0.034571,0.034724,0.035199,0.051706,0.055313,0.0,0.0,0.007865
2020-06-11,0.0,0.0,0.0,0.0,0.0,0.065741,0.0,0.0,0.047326,0.0,0.053473,0.081529,0.0,0.0,0.0,0.0,0.0,0.0,0.0,0.0,0.058291,0.044418,0.080924,0.0,0.032002,0.012509,0.031133,0.018685,0.011809,0.0,0.044671,0.107484,0.0,0.084465,0.0,0.036414,0.036024,0.036399,0.05208,0.056498,0.0,0.0,0.008126
2020-06-12,0.0,0.0,0.0,0.0,0.0,0.06631,0.0,0.0,0.047733,0.0,0.05365,0.081706,0.0,0.0,0.0,0.0,0.0,0.0,0.0,0.0,0.058287,0.04469,0.08041,0.0,0.032205,0.012597,0.031392,0.018705,0.01197,0.0,0.045103,0.106934,0.0,0.083975,0.0,0.035827,0.035709,0.036064,0.052253,0.056402,0.0,0.0,0.008077
2020-06-15,0.0,0.0,0.0,0.0,0.0,0.06588,0.0,0.0,0.047232,0.0,0.053879,0.082589,0.0,0.0,0.0,0.0,0.0,0.0,0.0,0.0,0.058115,0.045713,0.080915,0.0,0.032347,0.0127,0.031796,0.018929,0.011954,0.0,0.044237,0.106189,0.0,0.083048,0.0,0.035661,0.035495,0.035891,0.052487,0.056906,0.0,0.0,0.008037
2020-06-16,0.0,0.0,0.0,0.0,0.0,0.066117,0.0,0.0,0.047062,0.0,0.054521,0.082523,0.0,0.0,0.0,0.0,0.0,0.0,0.0,0.0,0.059017,0.046005,0.081449,0.0,0.032742,0.012833,0.032068,0.019022,0.012067,0.0,0.045169,0.105192,0.0,0.082309,0.0,0.034802,0.035106,0.035554,0.052232,0.056244,0.0,0.0,0.007966
2020-06-17,0.0,0.0,0.0,0.0,0.0,0.066611,0.0,0.0,0.047556,0.0,0.054328,0.082552,0.0,0.0,0.0,0.0,0.0,0.0,0.0,0.0,0.058903,0.045998,0.081252,0.0,0.032706,0.012921,0.032038,0.019074,0.012163,0.0,0.044851,0.105296,0.0,0.082233,0.0,0.034913,0.035129,0.035498,0.05194,0.056083,0.0,0.0,0.007955
2020-06-18,0.0,0.0,0.0,0.0,0.0,0.066836,0.0,0.0,0.047458,0.0,0.054004,0.082627,0.0,0.0,0.0,0.0,0.0,0.0,0.0,0.0,0.058567,0.046382,0.081485,0.0,0.032777,0.012867,0.032421,0.019116,0.012043,0.0,0.045052,0.104845,0.0,0.0818,0.0,0.035201,0.035125,0.035576,0.051801,0.056079,0.0,0.0,0.007937
2020-06-19,0.0,0.0,0.0,0.0,0.0,0.066649,0.0,0.0,0.047122,0.0,0.053499,0.082275,0.0,0.0,0.0,0.0,0.0,0.0,0.0,0.0,0.059038,0.047621,0.080935,0.0,0.032499,0.012784,0.032341,0.018942,0.012009,0.0,0.045431,0.105834,0.0,0.081671,0.0,0.035174,0.035082,0.03559,0.051545,0.056032,0.0,0.0,0.007927
2020-06-22,0.0,0.0,0.0,0.0,0.0,0.067151,0.0,0.0,0.047416,0.0,0.053722,0.081956,0.0,0.0,0.0,0.0,0.0,0.0,0.0,0.0,0.058455,0.048723,0.080215,0.0,0.032911,0.0128,0.032782,0.019045,0.012123,0.0,0.045732,0.105873,0.0,0.081116,0.0,0.034965,0.034838,0.035463,0.051196,0.055639,0.0,0.0,0.007879
2020-06-23,0.0,0.0,0.0,0.0,0.0,0.067838,0.0,0.0,0.047444,0.0,0.053921,0.082148,0.0,0.0,0.0,0.0,0.0,0.0,0.0,0.0,0.058465,0.049268,0.079764,0.0,0.033012,0.012793,0.032613,0.018858,0.012088,0.0,0.045745,0.106325,0.0,0.080903,0.0,0.034583,0.034683,0.035338,0.051059,0.055307,0.0,0.0,0.007845
2020-06-24,0.0,0.0,0.0,0.0,0.0,0.068027,0.0,0.0,0.047783,0.0,0.053376,0.081274,0.0,0.0,0.0,0.0,0.0,0.0,0.0,0.0,0.057632,0.048846,0.079377,0.0,0.03266,0.012665,0.032355,0.018787,0.011991,0.0,0.045517,0.107244,0.0,0.081281,0.0,0.03538,0.035171,0.035718,0.051151,0.055825,0.0,0.0,0.00794
2020-06-25,0.0,0.0,0.0,0.0,0.0,0.067479,0.0,0.0,0.047725,0.0,0.053209,0.081268,0.0,0.0,0.0,0.0,0.0,0.0,0.0,0.0,0.057939,0.049829,0.079583,0.0,0.032931,0.012699,0.032655,0.018916,0.012181,0.0,0.04543,0.106703,0.0,0.08104,0.0,0.035324,0.035021,0.035591,0.050942,0.055635,0.0,0.0,0.007901
2020-06-26,0.0,0.0,0.0,0.0,0.0,0.067847,0.0,0.0,0.04798,0.0,0.05262,0.078667,0.0,0.0,0.0,0.0,0.0,0.0,0.0,0.0,0.057958,0.048802,0.078946,0.0,0.032691,0.012618,0.032779,0.018946,0.012079,0.0,0.045756,0.108535,0.0,0.080475,0.0,0.036153,0.03556,0.036103,0.051096,0.056389,0.0,0.0,0.008003
2020-06-29,0.0,0.0,0.0,0.0,0.0,0.067352,0.0,0.0,0.048015,0.0,0.053244,0.079561,0.0,0.0,0.0,0.0,0.0,0.0,0.0,0.0,0.058072,0.048452,0.079876,0.0,0.032817,0.012667,0.032461,0.018825,0.012129,0.0,0.045949,0.107834,0.0,0.081066,0.0,0.035787,0.035346,0.035891,0.050452,0.056255,0.0,0.0,0.007951
2020-06-30,0.030455,0.0,0.035285,0.0,0.0,0.051749,0.0,0.0,0.0,0.0,0.079613,0.068901,0.0,0.0,0.0,0.0,0.0,0.0,0.0,0.0,0.084986,0.0,0.037766,0.042789,0.024595,0.013816,0.024335,0.024515,0.024687,0.0,0.112998,0.112856,0.0,0.0,0.0,0.036813,0.03727,0.037713,0.05436,0.058314,0.0,0.0,0.006184
2020-07-01,0.03047,0.0,0.035001,0.0,0.0,0.051892,0.0,0.0,0.0,0.0,0.07993,0.070182,0.0,0.0,0.0,0.0,0.0,0.0,0.0,0.0,0.085122,0.0,0.03757,0.043525,0.024486,0.013557,0.024606,0.024699,0.024682,0.0,0.113059,0.111671,0.0,0.0,0.0,0.036519,0.036987,0.037509,0.0542,0.05819,0.0,0.0,0.006143
2020-07-02,0.030713,0.0,0.034996,0.0,0.0,0.053271,0.0,0.0,0.0,0.0,0.079711,0.069488,0.0,0.0,0.0,0.0,0.0,0.0,0.0,0.0,0.085192,0.0,0.03751,0.043347,0.024464,0.013631,0.024499,0.02463,0.024538,0.0,0.114104,0.111166,0.0,0.0,0.0,0.036314,0.036786,0.037362,0.054235,0.057944,0.0,0.0,0.006098
2020-07-03,0.030521,0.0,0.035003,0.0,0.0,0.053282,0.0,0.0,0.0,0.0,0.079727,0.069502,0.0,0.0,0.0,0.0,0.0,0.0,0.0,0.0,0.085208,0.0,0.037517,0.043355,0.024469,0.013634,0.024504,0.024634,0.024543,0.0,0.114126,0.111188,0.0,0.0,0.0,0.036321,0.036793,0.03737,0.054245,0.057955,0.0,0.0,0.006101
2020-07-06,0.030458,0.0,0.03474,0.0,0.0,0.056003,0.0,0.0,0.0,0.0,0.079973,0.069471,0.0,0.0,0.0,0.0,0.0,0.0,0.0,0.0,0.084338,0.0,0.036943,0.041961,0.024395,0.013712,0.02427,0.024303,0.024649,0.0,0.120602,0.109601,0.0,0.0,0.0,0.035443,0.035999,0.036688,0.053535,0.056935,0.0,0.0,0.005978
2020-07-07,0.030487,0.0,0.034512,0.0,0.0,0.05505,0.0,0.0,0.0,0.0,0.078909,0.069442,0.0,0.0,0.0,0.0,0.0,0.0,0.0,0.0,0.08381,0.0,0.037369,0.041894,0.024199,0.013583,0.024186,0.024175,0.024528,0.0,0.121829,0.11056,0.0,0.0,0.0,0.036029,0.036202,0.036786,0.053307,0.057149,0.0,0.0,0.005995
2020-07-08,0.029988,0.0,0.034219,0.0,0.0,0.056973,0.0,0.0,0.0,0.0,0.07913,0.069515,0.0,0.0,0.0,0.0,0.0,0.0,0.0,0.0,0.083166,0.0,0.036986,0.04194,0.024403,0.01366,0.024487,0.024544,0.024576,0.0,0.122532,0.110382,0.0,0.0,0.0,0.035606,0.035864,0.036435,0.053035,0.056613,0.0,0.0,0.005946
2020-07-09,0.029815,0.0,0.034069,0.0,0.0,0.057138,0.0,0.0,0.0,0.0,0.079078,0.069635,0.0,0.0,0.0,0.0,0.0,0.0,0.0,0.0,0.082552,0.0,0.036712,0.041398,0.024503,0.013848,0.024724,0.024942,0.024478,0.0,0.122385,0.110136,0.0,0.0,0.0,0.03619,0.035997,0.036547,0.052944,0.056958,0.0,0.0,0.00595
2020-07-10,0.029945,0.0,0.034311,0.0,0.0,0.056288,0.0,0.0,0.0,0.0,0.07955,0.070422,0.0,0.0,0.0,0.0,0.0,0.0,0.0,0.0,0.081872,0.0,0.037169,0.041932,0.024352,0.01372,0.024441,0.024731,0.024671,0.0,0.124332,0.109206,0.0,0.0,0.0,0.035797,0.035715,0.036295,0.052813,0.05652,0.0,0.0,0.005918
2020-07-13,0.030586,0.0,0.03418,0.0,0.0,0.05572,0.0,0.0,0.0,0.0,0.078649,0.0691,0.0,0.0,0.0,0.0,0.0,0.0,0.0,0.0,0.082448,0.0,0.037164,0.042033,0.02388,0.013513,0.023417,0.023705,0.02418,0.0,0.128779,0.10949,0.0,0.0,0.0,0.035964,0.035802,0.036423,0.052596,0.056447,0.0,0.0,0.005924
2020-07-14,0.029984,0.0,0.034302,0.0,0.0,0.054998,0.0,0.0,0.0,0.0,0.07909,0.069485,0.0,0.0,0.0,0.0,0.0,0.0,0.0,0.0,0.083723,0.0,0.037545,0.042243,0.024051,0.013677,0.023441,0.023837,0.024451,0.0,0.126624,0.109528,0.0,0.0,0.0,0.035861,0.035645,0.036273,0.052817,0.056532,0.0,0.0,0.005895
2020-07-15,0.030363,0.0,0.034584,0.0,0.0,0.054836,0.0,0.0,0.0,0.0,0.079865,0.069588,0.0,0.0,0.0,0.0,0.0,0.0,0.0,0.0,0.084432,0.0,0.037409,0.041889,0.024074,0.013593,0.023378,0.02383,0.024814,0.0,0.12596,0.109138,0.0,0.0,0.0,0.035535,0.035475,0.036091,0.052881,0.056392,0.0,0.0,0.005871
2020-07-16,0.030449,0.0,0.034542,0.0,0.0,0.053647,0.0,0.0,0.0,0.0,0.080379,0.070346,0.0,0.0,0.0,0.0,0.0,0.0,0.0,0.0,0.085066,0.0,0.037831,0.04281,0.023994,0.013666,0.023301,0.023763,0.024614,0.0,0.121736,0.109094,0.0,0.0,0.0,0.03603,0.035826,0.036495,0.053416,0.057066,0.0,0.0,0.005928
2020-07-17,0.030428,0.0,0.034435,0.0,0.0,0.053689,0.0,0.0,0.0,0.0,0.079627,0.069858,0.0,0.0,0.0,0.0,0.0,0.0,0.0,0.0,0.085825,0.0,0.037856,0.043572,0.023998,0.01367,0.023391,0.023984,0.024903,0.0,0.121301,0.109476,0.0,0.0,0.0,0.035786,0.035649,0.03639,0.053312,0.056951,0.0,0.0,0.005897
2020-07-20,0.030317,0.0,0.034146,0.0,0.0,0.054352,0.0,0.0,0.0,0.0,0.080164,0.070054,0.0,0.0,0.0,0.0,0.0,0.0,0.0,0.0,0.085028,0.0,0.037134,0.042609,0.024388,0.013813,0.024046,0.024503,0.024931,0.0,0.122932,0.109003,0.0,0.0,0.0,0.035548,0.035348,0.036109,0.053143,0.056589,0.0,0.0,0.005843
2020-07-21,0.0306,0.0,0.03409,0.0,0.0,0.054652,0.0,0.0,0.0,0.0,0.080113,0.069565,0.0,0.0,0.0,0.0,0.0,0.0,0.0,0.0,0.084787,0.0,0.037376,0.042709,0.02409,0.013713,0.023725,0.024359,0.024926,0.0,0.122665,0.110077,0.0,0.0,0.0,0.035492,0.035308,0.036111,0.053274,0.05654,0.0,0.0,0.005828
2020-07-22,0.03035,0.0,0.033866,0.0,0.0,0.053605,0.0,0.0,0.0,0.0,0.080485,0.069365,0.0,0.0,0.0,0.0,0.0,0.0,0.0,0.0,0.085214,0.0,0.037526,0.043198,0.024188,0.013705,0.0237,0.024256,0.024954,0.0,0.122184,0.111313,0.0,0.0,0.0,0.035458,0.035181,0.03597,0.053172,0.056503,0.0,0.0,0.005807
2020-07-23,0.030556,0.0,0.033836,0.0,0.0,0.05359,0.0,0.0,0.0,0.0,0.079476,0.068408,0.0,0.0,0.0,0.0,0.0,0.0,0.0,0.0,0.085042,0.0,0.037753,0.043356,0.023619,0.013529,0.023244,0.024128,0.024978,0.0,0.122792,0.112576,0.0,0.0,0.0,0.035962,0.035304,0.036077,0.053267,0.056685,0.0,0.0,0.005822
2020-07-24,0.030309,0.0,0.034083,0.0,0.0,0.053296,0.0,0.0,0.0,0.0,0.080285,0.068873,0.0,0.0,0.0,0.0,0.0,0.0,0.0,0.0,0.084811,0.0,0.038021,0.043431,0.023528,0.013428,0.023224,0.02402,0.024922,0.0,0.118394,0.114493,0.0,0.0,0.0,0.036261,0.035582,0.036371,0.053764,0.057032,0.0,0.0,0.00587
2020-07-27,0.030208,0.0,0.034522,0.0,0.0,0.052989,0.0,0.0,0.0,0.0,0.080227,0.068869,0.0,0.0,0.0,0.0,0.0,0.0,0.0,0.0,0.084862,0.0,0.037948,0.04261,0.023735,0.013751,0.023451,0.024233,0.025287,0.0,0.118255,0.115953,0.0,0.0,0.0,0.035879,0.035283,0.036121,0.053521,0.056468,0.0,0.0,0.005827
2020-07-28,0.030376,0.0,0.03434,0.0,0.0,0.052843,0.0,0.0,0.0,0.0,0.079504,0.06822,0.0,0.0,0.0,0.0,0.0,0.0,0.0,0.0,0.084841,0.0,0.038122,0.043293,0.023479,0.013497,0.023271,0.024101,0.024988,0.0,0.118596,0.117025,0.0,0.0,0.0,0.036159,0.035399,0.03622,0.05343,0.056461,0.0,0.0,0.005836
2020-07-29,0.03013,0.0,0.034032,0.0,0.0,0.053325,0.0,0.0,0.0,0.0,0.079548,0.068193,0.0,0.0,0.0,0.0,0.0,0.0,0.0,0.0,0.084918,0.0,0.037814,0.04308,0.023593,0.013645,0.023499,0.02449,0.024992,0.0,0.119908,0.116784,0.0,0.0,0.0,0.035755,0.035108,0.035959,0.053217,0.05623,0.0,0.0,0.005781
2020-07-30,0.02996,0.0,0.03361,0.0,0.0,0.053147,0.0,0.0,0.0,0.0,0.079694,0.068564,0.0,0.0,0.0,0.0,0.0,0.0,0.0,0.0,0.084553,0.0,0.037914,0.043195,0.023788,0.01395,0.023527,0.02475,0.024893,0.0,0.119221,0.116227,0.0,0.0,0.0,0.036086,0.03525,0.036092,0.053471,0.056317,0.0,0.0,0.005793
2020-07-31,0.045386,0.0,0.0,0.0,0.0,0.0,0.0,0.0,0.054768,0.0,0.096913,0.063827,0.0,0.0,0.0,0.0,0.0,0.0,0.057451,0.0,0.035654,0.060834,0.0,0.0,0.020086,0.019397,0.020098,0.015364,0.020246,0.0,0.097116,0.096537,0.0,0.0,0.0,0.031647,0.031965,0.031972,0.035196,0.061863,0.096379,0.0,0.007302
2020-08-03,0.045644,0.0,0.0,0.0,0.0,0.0,0.0,0.0,0.054031,0.0,0.095793,0.063277,0.0,0.0,0.0,0.0,0.0,0.0,0.056586,0.0,0.035681,0.062788,0.0,0.0,0.020386,0.019562,0.020311,0.015389,0.020506,0.0,0.100483,0.095732,0.0,0.0,0.0,0.03119,0.031647,0.031712,0.034872,0.061359,0.09582,0.0,0.007232
2020-08-04,0.045499,0.0,0.0,0.0,0.0,0.0,0.0,0.0,0.054571,0.0,0.095951,0.063276,0.0,0.0,0.0,0.0,0.0,0.0,0.057024,0.0,0.035298,0.062198,0.0,0.0,0.020308,0.019724,0.020152,0.015287,0.020494,0.0,0.099926,0.097149,0.0,0.0,0.0,0.031287,0.031554,0.031581,0.034638,0.061195,0.095701,0.0,0.007187
2020-08-05,0.045645,0.0,0.0,0.0,0.0,0.0,0.0,0.0,0.054794,0.0,0.096472,0.062756,0.0,0.0,0.0,0.0,0.0,0.0,0.057471,0.0,0.035225,0.062228,0.0,0.0,0.020247,0.019572,0.0201,0.015286,0.020568,0.0,0.101136,0.097396,0.0,0.0,0.0,0.030807,0.031238,0.031385,0.034468,0.060703,0.095362,0.0,0.00714
2020-08-06,0.045264,0.0,0.0,0.0,0.0,0.0,0.0,0.0,0.054728,0.0,0.096572,0.064163,0.0,0.0,0.0,0.0,0.0,0.0,0.05701,0.0,0.034902,0.061676,0.0,0.0,0.020453,0.019486,0.020088,0.015094,0.020537,0.0,0.100907,0.098311,0.0,0.0,0.0,0.03086,0.031155,0.0313,0.034412,0.060729,0.095239,0.0,0.007111
2020-08-07,0.045636,0.0,0.0,0.0,0.0,0.0,0.0,0.0,0.054317,0.0,0.097114,0.064352,0.0,0.0,0.0,0.0,0.0,0.0,0.05744,0.0,0.035158,0.06199,0.0,0.0,0.020231,0.019349,0.019717,0.014891,0.020543,0.0,0.100926,0.097147,0.0,0.0,0.0,0.030781,0.031216,0.031344,0.034469,0.060807,0.09543,0.0,0.00714
2020-08-10,0.045626,0.0,0.0,0.0,0.0,0.0,0.0,0.0,0.054574,0.0,0.098177,0.064072,0.0,0.0,0.0,0.0,0.0,0.0,0.05794,0.0,0.035004,0.061921,0.0,0.0,0.020154,0.019329,0.019412,0.014678,0.020545,0.0,0.10114,0.096713,0.0,0.0,0.0,0.030612,0.031152,0.031275,0.03445,0.060614,0.095475,0.0,0.007135
2020-08-11,0.046635,0.0,0.0,0.0,0.0,0.0,0.0,0.0,0.054567,0.0,0.099126,0.063854,0.0,0.0,0.0,0.0,0.0,0.0,0.058512,0.0,0.035188,0.060153,0.0,0.0,0.020022,0.01935,0.019261,0.014726,0.020833,0.0,0.102427,0.092588,0.0,0.0,0.0,0.030601,0.031407,0.03157,0.034537,0.060936,0.096488,0.0,0.007219
2020-08-12,0.046552,0.0,0.0,0.0,0.0,0.0,0.0,0.0,0.05477,0.0,0.099815,0.064211,0.0,0.0,0.0,0.0,0.0,0.0,0.058494,0.0,0.035556,0.059969,0.0,0.0,0.02035,0.019851,0.019359,0.014685,0.021252,0.0,0.103223,0.091581,0.0,0.0,0.0,0.030134,0.031119,0.031393,0.03433,0.060407,0.095777,0.0,0.007172
2020-08-13,0.046538,0.0,0.0,0.0,0.0,0.0,0.0,0.0,0.054234,0.0,0.099697,0.064485,0.0,0.0,0.0,0.0,0.0,0.0,0.058439,0.0,0.035483,0.060748,0.0,0.0,0.020343,0.019638,0.019599,0.01472,0.021166,0.0,0.102454,0.093672,0.0,0.0,0.0,0.029789,0.031031,0.031289,0.03421,0.059815,0.095486,0.0,0.007165
2020-08-14,0.046523,0.0,0.0,0.0,0.0,0.0,0.0,0.0,0.054565,0.0,0.099965,0.064652,0.0,0.0,0.0,0.0,0.0,0.0,0.058666,0.0,0.035511,0.060346,0.0,0.0,0.020385,0.019681,0.019553,0.014663,0.021192,0.0,0.102098,0.093526,0.0,0.0,0.0,0.029754,0.031132,0.031323,0.034244,0.059716,0.09532,0.0,0.007186
2020-08-17,0.046209,0.0,0.0,0.0,0.0,0.0,0.0,0.0,0.054946,0.0,0.100229,0.064073,0.0,0.0,0.0,0.0,0.0,0.0,0.058333,0.0,0.035359,0.061828,0.0,0.0,0.020313,0.019701,0.019589,0.014582,0.021352,0.0,0.102515,0.094589,0.0,0.0,0.0,0.029527,0.030868,0.031073,0.034099,0.059234,0.094465,0.0,0.007114
2020-08-18,0.046261,0.0,0.0,0.0,0.0,0.0,0.0,0.0,0.054367,0.0,0.10073,0.064574,0.0,0.0,0.0,0.0,0.0,0.0,0.058023,0.0,0.035308,0.061214,0.0,0.0,0.020365,0.019574,0.019799,0.014691,0.021249,0.0,0.101973,0.095328,0.0,0.0,0.0,0.029704,0.030885,0.031175,0.034111,0.059334,0.094228,0.0,0.007106
2020-08-19,0.04677,0.0,0.0,0.0,0.0,0.0,0.0,0.0,0.054018,0.0,0.101032,0.064892,0.0,0.0,0.0,0.0,0.0,0.0,0.058305,0.0,0.035465,0.061584,0.0,0.0,0.020498,0.019614,0.019934,0.01483,0.021202,0.0,0.100853,0.093035,0.0,0.0,0.0,0.029747,0.031084,0.031322,0.034278,0.059636,0.094741,0.0,0.007161
2020-08-20,0.046358,0.0,0.0,0.0,0.0,0.0,0.0,0.0,0.052926,0.0,0.100887,0.065704,0.0,0.0,0.0,0.0,0.0,0.0,0.058103,0.0,0.035355,0.061578,0.0,0.0,0.020773,0.019441,0.02033,0.015016,0.021109,0.0,0.099879,0.093684,0.0,0.0,0.0,0.030018,0.031175,0.031294,0.034394,0.059851,0.094965,0.0,0.007161
2020-08-21,0.046384,0.0,0.0,0.0,0.0,0.0,0.0,0.0,0.053413,0.0,0.101417,0.065419,0.0,0.0,0.0,0.0,0.0,0.0,0.057773,0.0,0.035395,0.060825,0.0,0.0,0.021039,0.019574,0.020194,0.014904,0.021017,0.0,0.100101,0.092943,0.0,0.0,0.0,0.0302,0.031201,0.031404,0.034393,0.059966,0.095276,0.0,0.007162
2020-08-24,0.046672,0.0,0.0,0.0,0.0,0.0,0.0,0.0,0.053454,0.0,0.102458,0.065895,0.0,0.0,0.0,0.0,0.0,0.0,0.058506,0.0,0.035062,0.059086,0.0,0.0,0.021118,0.019682,0.020159,0.01492,0.021118,0.0,0.10149,0.091969,0.0,0.0,0.0,0.030005,0.031007,0.031314,0.034384,0.059571,0.095006,0.0,0.007124
2020-08-25,0.046607,0.0,0.0,0.0,0.0,0.0,0.0,0.0,0.053812,0.0,0.102542,0.066353,0.0,0.0,0.0,0.0,0.0,0.0,0.058129,0.0,0.035212,0.059649,0.0,0.0,0.021172,0.019824,0.020331,0.014933,0.021066,0.0,0.101818,0.091853,0.0,0.0,0.0,0.029702,0.030856,0.031227,0.034335,0.059166,0.094305,0.0,0.007106
2020-08-26,0.046706,0.0,0.0,0.0,0.0,0.0,0.0,0.0,0.053774,0.0,0.102865,0.068162,0.0,0.0,0.0,0.0,0.0,0.0,0.05835,0.0,0.034935,0.05852,0.0,0.0,0.021458,0.019755,0.02129,0.015096,0.020996,0.0,0.101245,0.092319,0.0,0.0,0.0,0.029391,0.030638,0.03108,0.034103,0.058794,0.093463,0.0,0.00706
2020-08-27,0.047151,0.0,0.0,0.0,0.0,0.0,0.0,0.0,0.053333,0.0,0.102788,0.067648,0.0,0.0,0.0,0.0,0.0,0.0,0.058464,0.0,0.035374,0.058317,0.0,0.0,0.021576,0.019622,0.021293,0.015058,0.020853,0.0,0.102689,0.091677,0.0,0.0,0.0,0.029026,0.030672,0.031102,0.034209,0.058598,0.093458,0.0,0.007093
2020-08-28,0.046841,0.0,0.0,0.0,0.0,0.0,0.0,0.0,0.053155,0.0,0.102703,0.06731,0.0,0.0,0.0,0.0,0.0,0.0,0.058724,0.0,0.035192,0.058383,0.0,0.0,0.021605,0.019837,0.021336,0.015005,0.020939,0.0,0.10311,0.092587,0.0,0.0,0.0,0.028792,0.030498,0.030972,0.033987,0.058345,0.093638,0.0,0.007041
2020-08-31,0.0,0.0,0.0,0.0,0.0,0.0,0.0,0.0,0.08068,0.0,0.080315,0.064726,0.0,0.0,0.0,0.0,0.0,0.0,0.06873,0.07411,0.080142,0.0,0.063732,0.0,0.016552,0.016033,0.013776,0.016466,0.016525,0.0,0.080717,0.080368,0.0,0.0,0.0,0.026366,0.026477,0.026111,0.040026,0.039451,0.080308,0.0,0.008389
2020-09-01,0.0,0.0,0.0,0.0,0.0,0.0,0.0,0.0,0.080944,0.0,0.080235,0.064518,0.0,0.0,0.0,0.0,0.0,0.0,0.069859,0.075458,0.078523,0.0,0.063076,0.0,0.016676,0.016166,0.013986,0.016723,0.016572,0.0,0.081993,0.079551,0.0,0.0,0.0,0.026365,0.026263,0.025829,0.039787,0.03925,0.079932,0.0,0.008293
2020-09-02,0.0,0.0,0.0,0.0,0.0,0.0,0.0,0.0,0.080683,0.0,0.080667,0.065343,0.0,0.0,0.0,0.0,0.0,0.0,0.070849,0.075041,0.079428,0.0,0.063684,0.0,0.016684,0.016496,0.013942,0.016756,0.016817,0.0,0.081268,0.077851,0.0,0.0,0.0,0.026394,0.02608,0.025623,0.039501,0.039077,0.079592,0.0,0.008225
2020-09-03,0.0,0.0,0.0,0.0,0.0,0.0,0.0,0.0,0.08138,0.0,0.079976,0.064638,0.0,0.0,0.0,0.0,0.0,0.0,0.07054,0.073716,0.079115,0.0,0.064086,0.0,0.01611,0.015949,0.013498,0.016189,0.016534,0.0,0.079587,0.079069,0.0,0.0,0.0,0.027102,0.026739,0.026146,0.040196,0.039925,0.081084,0.0,0.008421
2020-09-04,0.0,0.0,0.0,0.0,0.0,0.0,0.0,0.0,0.082054,0.0,0.079581,0.063881,0.0,0.0,0.0,0.0,0.0,0.0,0.071056,0.072548,0.079075,0.0,0.064368,0.0,0.015992,0.015889,0.013189,0.015908,0.016589,0.0,0.08041,0.079817,0.0,0.0,0.0,0.026765,0.026768,0.02624,0.040355,0.039764,0.081275,0.0,0.008476
2020-09-07,0.0,0.0,0.0,0.0,0.0,0.0,0.0,0.0,0.082053,0.0,0.079581,0.063881,0.0,0.0,0.0,0.0,0.0,0.0,0.071056,0.072548,0.079075,0.0,0.064368,0.0,0.015992,0.015889,0.013189,0.015908,0.016589,0.0,0.080409,0.079817,0.0,0.0,0.0,0.026765,0.026768,0.02624,0.040355,0.039764,0.081275,0.0,0.008478
2020-09-08,0.0,0.0,0.0,0.0,0.0,0.0,0.0,0.0,0.083085,0.0,0.079632,0.063063,0.0,0.0,0.0,0.0,0.0,0.0,0.070694,0.073212,0.078858,0.0,0.063891,0.0,0.015482,0.015357,0.012908,0.015754,0.016583,0.0,0.07785,0.080774,0.0,0.0,0.0,0.027305,0.0272,0.026631,0.04069,0.040358,0.082081,0.0,0.008593
2020-09-09,0.0,0.0,0.0,0.0,0.0,0.0,0.0,0.0,0.082573,0.0,0.080037,0.062954,0.0,0.0,0.0,0.0,0.0,0.0,0.071535,0.074568,0.079168,0.0,0.06394,0.0,0.015771,0.015562,0.013096,0.015834,0.016722,0.0,0.077668,0.080455,0.0,0.0,0.0,0.026864,0.026818,0.026285,0.040454,0.039838,0.081379,0.0,0.008479
2020-09-10,0.0,0.0,0.0,0.0,0.0,0.0,0.0,0.0,0.082834,0.0,0.079551,0.062543,0.0,0.0,0.0,0.0,0.0,0.0,0.071456,0.07475,0.078609,0.0,0.063683,0.0,0.015544,0.01548,0.013042,0.015759,0.016663,0.0,0.077209,0.080867,0.0,0.0,0.0,0.027226,0.027076,0.026528,0.040601,0.040202,0.08183,0.0,0.008548
2020-09-11,0.0,0.0,0.0,0.0,0.0,0.0,0.0,0.0,0.082672,0.0,0.079372,0.06211,0.0,0.0,0.0,0.0,0.0,0.0,0.072096,0.075696,0.078622,0.0,0.063799,0.0,0.015367,0.015417,0.01281,0.015603,0.016644,0.0,0.077941,0.080559,0.0,0.0,0.0,0.027182,0.027017,0.026414,0.04053,0.04008,0.081551,0.0,0.008518
2020-09-14,0.0,0.0,0.0,0.0,0.0,0.0,0.0,0.0,0.083025,0.0,0.079305,0.061642,0.0,0.0,0.0,0.0,0.0,0.0,0.072309,0.076065,0.078845,0.0,0.063486,0.0,0.015511,0.015547,0.012899,0.01564,0.01681,0.0,0.080107,0.080274,0.0,0.0,0.0,0.026872,0.026686,0.026098,0.040027,0.039725,0.080705,0.0,0.008419
2020-09-15,0.0,0.0,0.0,0.0,0.0,0.0,0.0,0.0,0.083531,0.0,0.079437,0.062335,0.0,0.0,0.0,0.0,0.0,0.0,0.072189,0.074679,0.078438,0.0,0.062987,0.0,0.015563,0.015713,0.013046,0.015674,0.01689,0.0,0.082803,0.079563,0.0,0.0,0.0,0.026633,0.0265,0.025947,0.039877,0.039512,0.080317,0.0,0.008366
2020-09-16,0.0,0.0,0.0,0.0,0.0,0.0,0.0,0.0,0.083581,0.0,0.079041,0.061698,0.0,0.0,0.0,0.0,0.0,0.0,0.072286,0.076648,0.078351,0.0,0.062743,0.0,0.015332,0.015575,0.012855,0.015647,0.016845,0.0,0.082524,0.079836,0.0,0.0,0.0,0.026569,0.026501,0.025963,0.0399,0.039561,0.080173,0.0,0.008369
2020-09-17,0.0,0.0,0.0,0.0,0.0,0.0,0.0,0.0,0.083609,0.0,0.078282,0.060839,0.0,0.0,0.0,0.0,0.0,0.0,0.073149,0.075878,0.078446,0.0,0.062628,0.0,0.015274,0.015638,0.012752,0.015555,0.016848,0.0,0.083454,0.079757,0.0,0.0,0.0,0.026771,0.02663,0.026095,0.040038,0.039749,0.080202,0.0,0.008407
2020-09-18,0.0,0.0,0.0,0.0,0.0,0.0,0.0,0.0,0.083877,0.0,0.077594,0.060567,0.0,0.0,0.0,0.0,0.0,0.0,0.072264,0.075547,0.078734,0.0,0.062375,0.0,0.015088,0.015473,0.012751,0.015626,0.016819,0.0,0.084507,0.080276,0.0,0.0,0.0,0.026826,0.026744,0.026207,0.040146,0.039882,0.080246,0.0,0.008451
2020-09-21,0.0,0.0,0.0,0.0,0.0,0.0,0.0,0.0,0.084559,0.0,0.077437,0.060612,0.0,0.0,0.0,0.0,0.0,0.0,0.070712,0.075113,0.078253,0.0,0.062679,0.0,0.015405,0.01564,0.013141,0.015916,0.016707,0.0,0.083561,0.079655,0.0,0.0,0.0,0.027302,0.02713,0.02649,0.040324,0.040346,0.080462,0.0,0.008555
2020-09-22,0.0,0.0,0.0,0.0,0.0,0.0,0.0,0.0,0.083387,0.0,0.078692,0.061486,0.0,0.0,0.0,0.0,0.0,0.0,0.070504,0.077095,0.07771,0.0,0.062744,0.0,0.015574,0.015725,0.013351,0.016142,0.016763,0.0,0.082554,0.078887,0.0,0.0,0.0,0.027149,0.026999,0.02637,0.040269,0.040175,0.079908,0.0,0.008517
2020-09-23,0.0,0.0,0.0,0.0,0.0,0.0,0.0,0.0,0.083515,0.0,0.079004,0.061261,0.0,0.0,0.0,0.0,0.0,0.0,0.069851,0.075593,0.078503,0.0,0.063081,0.0,0.015401,0.01568,0.013255,0.016078,0.016958,0.0,0.080242,0.078781,0.0,0.0,0.0,0.027749,0.027558,0.026888,0.040686,0.040711,0.080512,0.0,0.008693
2020-09-24,0.0,0.0,0.0,0.0,0.0,0.0,0.0,0.0,0.082237,0.0,0.079004,0.061404,0.0,0.0,0.0,0.0,0.0,0.0,0.07038,0.076415,0.078143,0.0,0.063574,0.0,0.015494,0.015819,0.013206,0.015874,0.016934,0.0,0.079232,0.079107,0.0,0.0,0.0,0.027867,0.027583,0.026919,0.040728,0.040625,0.080759,0.0,0.008696
2020-09-25,0.0,0.0,0.0,0.0,0.0,0.0,0.0,0.0,0.081911,0.0,0.079495,0.061804,0.0,0.0,0.0,0.0,0.0,0.0,0.070528,0.075873,0.078866,0.0,0.063479,0.0,0.015757,0.015929,0.013488,0.016109,0.017059,0.0,0.079546,0.078352,0.0,0.0,0.0,0.027679,0.02742,0.026774,0.040381,0.04031,0.080604,0.0,0.008635
2020-09-28,0.0,0.0,0.0,0.0,0.0,0.0,0.0,0.0,0.082646,0.0,0.080056,0.061778,0.0,0.0,0.0,0.0,0.0,0.0,0.070696,0.07766,0.078497,0.0,0.063322,0.0,0.015841,0.016145,0.013455,0.01607,0.017075,0.0,0.079696,0.078065,0.0,0.0,0.0,0.027226,0.027044,0.026465,0.040092,0.039964,0.079689,0.0,0.008519
2020-09-29,0.0,0.0,0.0,0.0,0.0,0.0,0.0,0.0,0.082799,0.0,0.079385,0.061802,0.0,0.0,0.0,0.0,0.0,0.0,0.070128,0.076756,0.07835,0.0,0.062866,0.0,0.015778,0.016173,0.013405,0.016032,0.017275,0.0,0.081835,0.078674,0.0,0.0,0.0,0.02724,0.027047,0.026492,0.040101,0.039889,0.079459,0.0,0.008515
2020-09-30,0.043334,0.0,0.0,0.0,0.0,0.0,0.0,0.0,0.0,0.0,0.115765,0.083878,0.0,0.0,0.0,0.0,0.0,0.116068,0.063106,0.109319,0.0,0.0,0.0,0.0,0.023422,0.023654,0.023636,0.020542,0.023825,0.0,0.115888,0.0,0.115941,0.0,0.116116,0.0,0.0,0.0,0.0,0.0,0.0,0.0,0.005507
2020-10-01,0.043142,0.0,0.0,0.0,0.0,0.0,0.0,0.0,0.0,0.0,0.116236,0.084322,0.0,0.0,0.0,0.0,0.0,0.114828,0.061661,0.11047,0.0,0.0,0.0,0.0,0.023459,0.023945,0.023878,0.020693,0.023927,0.0,0.116264,0.0,0.117301,0.0,0.114418,0.0,0.0,0.0,0.0,0.0,0.0,0.0,0.005457
2020-10-02,0.042988,0.0,0.0,0.0,0.0,0.0,0.0,0.0,0.0,0.0,0.116121,0.082926,0.0,0.0,0.0,0.0,0.0,0.116015,0.062414,0.111444,0.0,0.0,0.0,0.0,0.022938,0.023303,0.023483,0.020523,0.023784,0.0,0.11529,0.0,0.117896,0.0,0.115403,0.0,0.0,0.0,0.0,0.0,0.0,0.0,0.005474
2020-10-05,0.042853,0.0,0.0,0.0,0.0,0.0,0.0,0.0,0.0,0.0,0.115861,0.083003,0.0,0.0,0.0,0.0,0.0,0.116188,0.062637,0.109612,0.0,0.0,0.0,0.0,0.023084,0.023665,0.023481,0.020548,0.023664,0.0,0.11611,0.0,0.118669,0.0,0.115235,0.0,0.0,0.0,0.0,0.0,0.0,0.0,0.005392
2020-10-06,0.043683,0.0,0.0,0.0,0.0,0.0,0.0,0.0,0.0,0.0,0.1156,0.082606,0.0,0.0,0.0,0.0,0.0,0.117095,0.062874,0.109449,0.0,0.0,0.0,0.0,0.023102,0.023942,0.023686,0.020882,0.023988,0.0,0.117371,0.0,0.115887,0.0,0.114353,0.0,0.0,0.0,0.0,0.0,0.0,0.0,0.005481
2020-10-07,0.042917,0.0,0.0,0.0,0.0,0.0,0.0,0.0,0.0,0.0,0.116117,0.081714,0.0,0.0,0.0,0.0,0.0,0.118059,0.063334,0.108669,0.0,0.0,0.0,0.0,0.023103,0.023962,0.023786,0.020812,0.023949,0.0,0.117636,0.0,0.115689,0.0,0.114872,0.0,0.0,0.0,0.0,0.0,0.0,0.0,0.005381
2020-10-08,0.042805,0.0,0.0,0.0,0.0,0.0,0.0,0.0,0.0,0.0,0.115863,0.082058,0.0,0.0,0.0,0.0,0.0,0.117694,0.063417,0.110511,0.0,0.0,0.0,0.0,0.023021,0.024048,0.023598,0.020689,0.023815,0.0,0.117091,0.0,0.115151,0.0,0.114906,0.0,0.0,0.0,0.0,0.0,0.0,0.0,0.005334
2020-10-09,0.042551,0.0,0.0,0.0,0.0,0.0,0.0,0.0,0.0,0.0,0.115114,0.081171,0.0,0.0,0.0,0.0,0.0,0.116673,0.06284,0.109529,0.0,0.0,0.0,0.0,0.022982,0.024062,0.023636,0.020624,0.023646,0.0,0.117616,0.0,0.119507,0.0,0.114802,0.0,0.0,0.0,0.0,0.0,0.0,0.0,0.005247
2020-10-12,0.042842,0.0,0.0,0.0,0.0,0.0,0.0,0.0,0.0,0.0,0.115959,0.082821,0.0,0.0,0.0,0.0,0.0,0.116192,0.062367,0.10947,0.0,0.0,0.0,0.0,0.023471,0.024276,0.023849,0.020878,0.023701,0.0,0.117391,0.0,0.118398,0.0,0.113171,0.0,0.0,0.0,0.0,0.0,0.0,0.0,0.005214
2020-10-13,0.04308,0.0,0.0,0.0,0.0,0.0,0.0,0.0,0.0,0.0,0.116877,0.083574,0.0,0.0,0.0,0.0,0.0,0.116221,0.062314,0.1094,0.0,0.0,0.0,0.0,0.02351,0.024429,0.024233,0.021194,0.023893,0.0,0.11826,0.0,0.115061,0.0,0.112698,0.0,0.0,0.0,0.0,0.0,0.0,0.0,0.005257
2020-10-14,0.042972,0.0,0.0,0.0,0.0,0.0,0.0,0.0,0.0,0.0,0.115654,0.082626,0.0,0.0,0.0,0.0,0.0,0.117351,0.062532,0.109282,0.0,0.0,0.0,0.0,0.023399,0.024345,0.024078,0.021116,0.023883,0.0,0.118277,0.0,0.115387,0.0,0.113838,0.0,0.0,0.0,0.0,0.0,0.0,0.0,0.00526
2020-10-15,0.042334,0.0,0.0,0.0,0.0,0.0,0.0,0.0,0.0,0.0,0.11606,0.081976,0.0,0.0,0.0,0.0,0.0,0.118337,0.06234,0.11057,0.0,0.0,0.0,0.0,0.023289,0.024275,0.023985,0.020966,0.023593,0.0,0.118005,0.0,0.115621,0.0,0.113388,0.0,0.0,0.0,0.0,0.0,0.0,0.0,0.005259
2020-10-16,0.043005,0.0,0.0,0.0,0.0,0.0,0.0,0.0,0.0,0.0,0.115638,0.08244,0.0,0.0,0.0,0.0,0.0,0.117428,0.063121,0.110009,0.0,0.0,0.0,0.0,0.02335,0.024292,0.024207,0.021064,0.023731,0.0,0.11693,0.0,0.11538,0.0,0.114117,0.0,0.0,0.0,0.0,0.0,0.0,0.0,0.005288
2020-10-19,0.043203,0.0,0.0,0.0,0.0,0.0,0.0,0.0,0.0,0.0,0.115295,0.081726,0.0,0.0,0.0,0.0,0.0,0.117192,0.062977,0.108635,0.0,0.0,0.0,0.0,0.023138,0.024398,0.024206,0.021034,0.023922,0.0,0.116548,0.0,0.117302,0.0,0.115087,0.0,0.0,0.0,0.0,0.0,0.0,0.0,0.005338
2020-10-20,0.042371,0.0,0.0,0.0,0.0,0.0,0.0,0.0,0.0,0.0,0.114743,0.08127,0.0,0.0,0.0,0.0,0.0,0.117273,0.062319,0.108142,0.0,0.0,0.0,0.0,0.022923,0.024049,0.023768,0.020575,0.023839,0.0,0.118225,0.0,0.118069,0.0,0.117166,0.0,0.0,0.0,0.0,0.0,0.0,0.0,0.005269
2020-10-21,0.042389,0.0,0.0,0.0,0.0,0.0,0.0,0.0,0.0,0.0,0.114287,0.082758,0.0,0.0,0.0,0.0,0.0,0.11611,0.062174,0.105066,0.0,0.0,0.0,0.0,0.022923,0.023923,0.02376,0.020311,0.023743,0.0,0.117458,0.0,0.119632,0.0,0.120188,0.0,0.0,0.0,0.0,0.0,0.0,0.0,0.005277
2020-10-22,0.042371,0.0,0.0,0.0,0.0,0.0,0.0,0.0,0.0,0.0,0.114872,0.083555,0.0,0.0,0.0,0.0,0.0,0.116618,0.062708,0.102715,0.0,0.0,0.0,0.0,0.022885,0.024006,0.023725,0.020333,0.023874,0.0,0.118569,0.0,0.118298,0.0,0.120179,0.0,0.0,0.0,0.0,0.0,0.0,0.0,0.005293
2020-10-23,0.042345,0.0,0.0,0.0,0.0,0.0,0.0,0.0,0.0,0.0,0.115247,0.083882,0.0,0.0,0.0,0.0,0.0,0.117387,0.062594,0.104369,0.0,0.0,0.0,0.0,0.022735,0.023791,0.02379,0.020268,0.023743,0.0,0.11676,0.0,0.11755,0.0,0.120274,0.0,0.0,0.0,0.0,0.0,0.0,0.0,0.005264
2020-10-26,0.042458,0.0,0.0,0.0,0.0,0.0,0.0,0.0,0.0,0.0,0.115366,0.083739,0.0,0.0,0.0,0.0,0.0,0.11689,0.062289,0.102625,0.0,0.0,0.0,0.0,0.022701,0.023756,0.023681,0.020294,0.023716,0.0,0.119001,0.0,0.118251,0.0,0.119858,0.0,0.0,0.0,0.0,0.0,0.0,0.0,0.005373
2020-10-27,0.042525,0.0,0.0,0.0,0.0,0.0,0.0,0.0,0.0,0.0,0.115405,0.084344,0.0,0.0,0.0,0.0,0.0,0.11529,0.061748,0.100916,0.0,0.0,0.0,0.0,0.022833,0.023682,0.023916,0.020311,0.023819,0.0,0.120962,0.0,0.118974,0.0,0.119899,0.0,0.0,0.0,0.0,0.0,0.0,0.0,0.005376
2020-10-28,0.042606,0.0,0.0,0.0,0.0,0.0,0.0,0.0,0.0,0.0,0.115188,0.083521,0.0,0.0,0.0,0.0,0.0,0.113759,0.061846,0.103354,0.0,0.0,0.0,0.0,0.022536,0.02361,0.02379,0.020328,0.023861,0.0,0.122986,0.0,0.117501,0.0,0.119573,0.0,0.0,0.0,0.0,0.0,0.0,0.0,0.00554
2020-10-29,0.042078,0.0,0.0,0.0,0.0,0.0,0.0,0.0,0.0,0.0,0.114593,0.084647,0.0,0.0,0.0,0.0,0.0,0.114956,0.062403,0.101346,0.0,0.0,0.0,0.0,0.02265,0.023932,0.023651,0.020001,0.023903,0.0,0.124806,0.0,0.115785,0.0,0.119768,0.0,0.0,0.0,0.0,0.0,0.0,0.0,0.00548
2020-10-30,0.0,0.0,0.0,0.0,0.0,0.0,0.0,0.064708,0.042361,0.028341,0.135687,0.0,0.0,0.0,0.0,0.0,0.0,0.133126,0.012735,0.135725,0.0,0.0,0.0,0.0,0.0,0.039977,0.035122,0.0,0.052865,0.0,0.135727,0.0,0.051143,0.0,0.111255,0.0,0.0,0.0,0.0,0.0,0.0,0.0,0.021227
2020-11-02,0.0,0.0,0.0,0.0,0.0,0.0,0.0,0.063958,0.042115,0.028411,0.134669,0.0,0.0,0.0,0.0,0.0,0.0,0.132013,0.012968,0.137945,0.0,0.0,0.0,0.0,0.0,0.039537,0.034388,0.0,0.052549,0.0,0.138407,0.0,0.051362,0.0,0.110761,0.0,0.0,0.0,0.0,0.0,0.0,0.0,0.020918
2020-11-03,0.0,0.0,0.0,0.0,0.0,0.0,0.0,0.06319,0.041784,0.028467,0.134981,0.0,0.0,0.0,0.0,0.0,0.0,0.133387,0.012916,0.137504,0.0,0.0,0.0,0.0,0.0,0.039506,0.034436,0.0,0.052826,0.0,0.137624,0.0,0.05044,0.0,0.112427,0.0,0.0,0.0,0.0,0.0,0.0,0.0,0.020512
2020-11-04,0.0,0.0,0.0,0.0,0.0,0.0,0.0,0.063952,0.04182,0.028635,0.135909,0.0,0.0,0.0,0.0,0.0,0.0,0.12954,0.012517,0.142478,0.0,0.0,0.0,0.0,0.0,0.040311,0.03559,0.0,0.052936,0.0,0.137394,0.0,0.049286,0.0,0.109412,0.0,0.0,0.0,0.0,0.0,0.0,0.0,0.02022
2020-11-05,0.0,0.0,0.0,0.0,0.0,0.0,0.0,0.062934,0.040934,0.028479,0.134615,0.0,0.0,0.0,0.0,0.0,0.0,0.129087,0.012657,0.138543,0.0,0.0,0.0,0.0,0.0,0.040922,0.035372,0.0,0.05286,0.0,0.143709,0.0,0.050832,0.0,0.109412,0.0,0.0,0.0,0.0,0.0,0.0,0.0,0.019644
2020-11-06,0.0,0.0,0.0,0.0,0.0,0.0,0.0,0.063553,0.040991,0.028408,0.134314,0.0,0.0,0.0,0.0,0.0,0.0,0.128421,0.012699,0.135072,0.0,0.0,0.0,0.0,0.0,0.041622,0.035666,0.0,0.052777,0.0,0.143382,0.0,0.051259,0.0,0.11218,0.0,0.0,0.0,0.0,0.0,0.0,0.0,0.019656
2020-11-09,0.0,0.0,0.0,0.0,0.0,0.0,0.0,0.06515,0.041436,0.02873,0.134074,0.0,0.0,0.0,0.0,0.0,0.0,0.131754,0.013004,0.125833,0.0,0.0,0.0,0.0,0.0,0.041198,0.03443,0.0,0.054166,0.0,0.147625,0.0,0.048552,0.0,0.114365,0.0,0.0,0.0,0.0,0.0,0.0,0.0,0.019683
2020-11-10,0.0,0.0,0.0,0.0,0.0,0.0,0.0,0.064388,0.041257,0.029021,0.133724,0.0,0.0,0.0,0.0,0.0,0.0,0.134248,0.01317,0.132202,0.0,0.0,0.0,0.0,0.0,0.04,0.033348,0.0,0.052746,0.0,0.144286,0.0,0.048447,0.0,0.113463,0.0,0.0,0.0,0.0,0.0,0.0,0.0,0.019701
2020-11-11,0.0,0.0,0.0,0.0,0.0,0.0,0.0,0.064498,0.041692,0.029277,0.134305,0.0,0.0,0.0,0.0,0.0,0.0,0.132545,0.012916,0.13377,0.0,0.0,0.0,0.0,0.0,0.041259,0.034132,0.0,0.053308,0.0,0.141762,0.0,0.048428,0.0,0.112487,0.0,0.0,0.0,0.0,0.0,0.0,0.0,0.019622
2020-11-12,0.0,0.0,0.0,0.0,0.0,0.0,0.0,0.064219,0.041879,0.029241,0.133631,0.0,0.0,0.0,0.0,0.0,0.0,0.131859,0.012751,0.132376,0.0,0.0,0.0,0.0,0.0,0.041096,0.034345,0.0,0.05337,0.0,0.143054,0.0,0.048904,0.0,0.11349,0.0,0.0,0.0,0.0,0.0,0.0,0.0,0.019786
2020-11-13,0.0,0.0,0.0,0.0,0.0,0.0,0.0,0.064132,0.041682,0.029411,0.133378,0.0,0.0,0.0,0.0,0.0,0.0,0.132353,0.01274,0.132811,0.0,0.0,0.0,0.0,0.0,0.040858,0.033859,0.0,0.053292,0.0,0.143817,0.0,0.048777,0.0,0.113457,0.0,0.0,0.0,0.0,0.0,0.0,0.0,0.019433
2020-11-16,0.0,0.0,0.0,0.0,0.0,0.0,0.0,0.063694,0.041727,0.029446,0.132778,0.0,0.0,0.0,0.0,0.0,0.0,0.133327,0.012765,0.132077,0.0,0.0,0.0,0.0,0.0,0.041147,0.033245,0.0,0.053362,0.0,0.143386,0.0,0.048181,0.0,0.11577,0.0,0.0,0.0,0.0,0.0,0.0,0.0,0.019094
2020-11-17,0.0,0.0,0.0,0.0,0.0,0.0,0.0,0.063738,0.041815,0.029495,0.13252,0.0,0.0,0.0,0.0,0.0,0.0,0.134075,0.012748,0.132265,0.0,0.0,0.0,0.0,0.0,0.040902,0.03365,0.0,0.053072,0.0,0.142697,0.0,0.047705,0.0,0.116179,0.0,0.0,0.0,0.0,0.0,0.0,0.0,0.019138
2020-11-18,0.0,0.0,0.0,0.0,0.0,0.0,0.0,0.06393,0.042353,0.029625,0.132263,0.0,0.0,0.0,0.0,0.0,0.0,0.133842,0.012705,0.132942,0.0,0.0,0.0,0.0,0.0,0.040799,0.033575,0.0,0.053248,0.0,0.141291,0.0,0.047541,0.0,0.116659,0.0,0.0,0.0,0.0,0.0,0.0,0.0,0.019228
2020-11-19,0.0,0.0,0.0,0.0,0.0,0.0,0.0,0.063537,0.042259,0.029453,0.13257,0.0,0.0,0.0,0.0,0.0,0.0,0.133438,0.012724,0.133303,0.0,0.0,0.0,0.0,0.0,0.041293,0.034102,0.0,0.053385,0.0,0.142003,0.0,0.047143,0.0,0.115606,0.0,0.0,0.0,0.0,0.0,0.0,0.0,0.019182
2020-11-20,0.0,0.0,0.0,0.0,0.0,0.0,0.0,0.063317,0.042034,0.029366,0.131382,0.0,0.0,0.0,0.0,0.0,0.0,0.131689,0.012666,0.132171,0.0,0.0,0.0,0.0,0.0,0.040947,0.033948,0.0,0.053375,0.0,0.144818,0.0,0.047114,0.0,0.118064,0.0,0.0,0.0,0.0,0.0,0.0,0.0,0.01911
2020-11-23,0.0,0.0,0.0,0.0,0.0,0.0,0.0,0.06267,0.041868,0.029534,0.131039,0.0,0.0,0.0,0.0,0.0,0.0,0.131902,0.012599,0.133776,0.0,0.0,0.0,0.0,0.0,0.040971,0.033446,0.0,0.052826,0.0,0.147203,0.0,0.045322,0.0,0.117992,0.0,0.0,0.0,0.0,0.0,0.0,0.0,0.018852
2020-11-24,0.0,0.0,0.0,0.0,0.0,0.0,0.0,0.062835,0.041389,0.029612,0.131152,0.0,0.0,0.0,0.0,0.0,0.0,0.133232,0.012735,0.129644,0.0,0.0,0.0,0.0,0.0,0.040626,0.033071,0.0,0.052782,0.0,0.150025,0.0,0.044085,0.0,0.120219,0.0,0.0,0.0,0.0,0.0,0.0,0.0,0.018591
2020-11-25,0.0,0.0,0.0,0.0,0.0,0.0,0.0,0.062587,0.041262,0.029549,0.13214,0.0,0.0,0.0,0.0,0.0,0.0,0.133149,0.012682,0.130671,0.0,0.0,0.0,0.0,0.0,0.040793,0.033648,0.0,0.053099,0.0,0.147144,0.0,0.044549,0.0,0.12002,0.0,0.0,0.0,0.0,0.0,0.0,0.0,0.018709
2020-11-26,0.0,0.0,0.0,0.0,0.0,0.0,0.0,0.062587,0.041262,0.029549,0.132141,0.0,0.0,0.0,0.0,0.0,0.0,0.133149,0.012682,0.130671,0.0,0.0,0.0,0.0,0.0,0.040793,0.033648,0.0,0.053099,0.0,0.147144,0.0,0.044549,0.0,0.120021,0.0,0.0,0.0,0.0,0.0,0.0,0.0,0.018704
2020-11-27,0.0,0.0,0.0,0.0,0.0,0.0,0.0,0.062519,0.041382,0.029838,0.131781,0.0,0.0,0.0,0.0,0.0,0.0,0.131789,0.012686,0.130402,0.0,0.0,0.0,0.0,0.0,0.041078,0.034018,0.0,0.053578,0.0,0.147008,0.0,0.042965,0.0,0.122343,0.0,0.0,0.0,0.0,0.0,0.0,0.0,0.018613
2020-11-30,0.0,0.0,0.0,0.0,0.067361,0.02152,0.0,0.041401,0.027682,0.023648,0.090523,0.0,0.0,0.0,0.0,0.0,0.025236,0.089831,0.024248,0.115361,0.0,0.0,0.0,0.012879,0.0,0.054922,0.0,0.0,0.059428,0.0,0.115147,0.0,0.107866,0.0,0.115278,0.0,0.0,0.0,0.0,0.0,0.0,0.0,0.007668
2020-12-01,0.0,0.0,0.0,0.0,0.067536,0.021343,0.0,0.042012,0.027719,0.023723,0.089738,0.0,0.0,0.0,0.0,0.0,0.02477,0.088809,0.024123,0.111953,0.0,0.0,0.0,0.012762,0.0,0.054936,0.0,0.0,0.059864,0.0,0.114933,0.0,0.112444,0.0,0.115793,0.0,0.0,0.0,0.0,0.0,0.0,0.0,0.007543
2020-12-02,0.0,0.0,0.0,0.0,0.067819,0.021273,0.0,0.042002,0.02797,0.024233,0.089417,0.0,0.0,0.0,0.0,0.0,0.024871,0.089403,0.023878,0.109304,0.0,0.0,0.0,0.012881,0.0,0.055246,0.0,0.0,0.059933,0.0,0.113981,0.0,0.112898,0.0,0.117329,0.0,0.0,0.0,0.0,0.0,0.0,0.0,0.007563
2020-12-03,0.0,0.0,0.0,0.0,0.068211,0.021294,0.0,0.041837,0.028048,0.024456,0.088935,0.0,0.0,0.0,0.0,0.0,0.024732,0.088925,0.023519,0.111762,0.0,0.0,0.0,0.012643,0.0,0.054866,0.0,0.0,0.059443,0.0,0.113007,0.0,0.112478,0.0,0.118339,0.0,0.0,0.0,0.0,0.0,0.0,0.0,0.007503
2020-12-04,0.0,0.0,0.0,0.0,0.067849,0.021064,0.0,0.041759,0.028261,0.024847,0.088011,0.0,0.0,0.0,0.0,0.0,0.024743,0.088985,0.023722,0.109199,0.0,0.0,0.0,0.012375,0.0,0.055723,0.0,0.0,0.059406,0.0,0.114586,0.0,0.111452,0.0,0.120601,0.0,0.0,0.0,0.0,0.0,0.0,0.0,0.007417
2020-12-07,0.0,0.0,0.0,0.0,0.067853,0.020885,0.0,0.041921,0.028229,0.024809,0.087509,0.0,0.0,0.0,0.0,0.0,0.024539,0.088537,0.023485,0.11121,0.0,0.0,0.0,0.012402,0.0,0.055813,0.0,0.0,0.058296,0.0,0.116211,0.0,0.112748,0.0,0.118164,0.0,0.0,0.0,0.0,0.0,0.0,0.0,0.00739
2020-12-08,0.0,0.0,0.0,0.0,0.067591,0.020945,0.0,0.042021,0.028384,0.024275,0.087305,0.0,0.0,0.0,0.0,0.0,0.024652,0.088929,0.023612,0.10846,0.0,0.0,0.0,0.012361,0.0,0.055979,0.0,0.0,0.058554,0.0,0.119223,0.0,0.112721,0.0,0.1176,0.0,0.0,0.0,0.0,0.0,0.0,0.0,0.007388
2020-12-09,0.0,0.0,0.0,0.0,0.067959,0.020766,0.0,0.042334,0.028493,0.024722,0.087941,0.0,0.0,0.0,0.0,0.0,0.024911,0.089961,0.02382,0.109796,0.0,0.0,0.0,0.012441,0.0,0.054851,0.0,0.0,0.058672,0.0,0.117014,0.0,0.110713,0.0,0.118154,0.0,0.0,0.0,0.0,0.0,0.0,0.0,0.007451
2020-12-10,0.0,0.0,0.0,0.0,0.06815,0.020984,0.0,0.042484,0.028361,0.024884,0.087557,0.0,0.0,0.0,0.0,0.0,0.024588,0.088761,0.023591,0.109593,0.0,0.0,0.0,0.012335,0.0,0.054583,0.0,0.0,0.058467,0.0,0.117482,0.0,0.110774,0.0,0.119981,0.0,0.0,0.0,0.0,0.0,0.0,0.0,0.007425
2020-12-11,0.0,0.0,0.0,0.0,0.068402,0.020933,0.0,0.042647,0.02851,0.024877,0.087746,0.0,0.0,0.0,0.0,0.0,0.024819,0.089304,0.023619,0.110156,0.0,0.0,0.0,0.012441,0.0,0.05443,0.0,0.0,0.058655,0.0,0.116215,0.0,0.111247,0.0,0.118522,0.0,0.0,0.0,0.0,0.0,0.0,0.0,0.007478
2020-12-14,0.0,0.0,0.0,0.0,0.068259,0.020824,0.0,0.042646,0.028543,0.024757,0.087937,0.0,0.0,0.0,0.0,0.0,0.024514,0.087299,0.023336,0.110751,0.0,0.0,0.0,0.012385,0.0,0.055076,0.0,0.0,0.059118,0.0,0.118147,0.0,0.110824,0.0,0.118104,0.0,0.0,0.0,0.0,0.0,0.0,0.0,0.007481
2020-12-15,0.0,0.0,0.0,0.0,0.067333,0.020598,0.0,0.042634,0.028221,0.024737,0.087774,0.0,0.0,0.0,0.0,0.0,0.02448,0.086718,0.0234,0.110426,0.0,0.0,0.0,0.012438,0.0,0.054999,0.0,0.0,0.058838,0.0,0.119073,0.0,0.112301,0.0,0.118662,0.0,0.0,0.0,0.0,0.0,0.0,0.0,0.007368
2020-12-16,0.0,0.0,0.0,0.0,0.067484,0.020647,0.0,0.042337,0.028283,0.024408,0.087846,0.0,0.0,0.0,0.0,0.0,0.024189,0.086232,0.023201,0.109777,0.0,0.0,0.0,0.012224,0.0,0.054717,0.0,0.0,0.058323,0.0,0.118647,0.0,0.115676,0.0,0.118681,0.0,0.0,0.0,0.0,0.0,0.0,0.0,0.007327
2020-12-17,0.0,0.0,0.0,0.0,0.066929,0.02057,0.0,0.042028,0.027784,0.023995,0.087152,0.0,0.0,0.0,0.0,0.0,0.023982,0.085962,0.023126,0.112393,0.0,0.0,0.0,0.012127,0.0,0.054016,0.0,0.0,0.058212,0.0,0.117473,0.0,0.116542,0.0,0.120492,0.0,0.0,0.0,0.0,0.0,0.0,0.0,0.007219
2020-12-18,0.0,0.0,0.0,0.0,0.067062,0.020581,0.0,0.04212,0.02773,0.023879,0.08683,0.0,0.0,0.0,0.0,0.0,0.024012,0.085479,0.023255,0.11303,0.0,0.0,0.0,0.012036,0.0,0.053757,0.0,0.0,0.058068,0.0,0.119065,0.0,0.11576,0.0,0.120107,0.0,0.0,0.0,0.0,0.0,0.0,0.0,0.007227
2020-12-21,0.0,0.0,0.0,0.0,0.066176,0.020484,0.0,0.040696,0.027773,0.023653,0.085851,0.0,0.0,0.0,0.0,0.0,0.023868,0.085056,0.023132,0.112311,0.0,0.0,0.0,0.011891,0.0,0.053519,0.0,0.0,0.05775,0.0,0.122996,0.0,0.117791,0.0,0.119827,0.0,0.0,0.0,0.0,0.0,0.0,0.0,0.007228
2020-12-22,0.0,0.0,0.0,0.0,0.066397,0.020515,0.0,0.0414,0.027712,0.0235,0.086278,0.0,0.0,0.0,0.0,0.0,0.023978,0.08567,0.023204,0.11381,0.0,0.0,0.0,0.011978,0.0,0.053938,0.0,0.0,0.058664,0.0,0.123597,0.0,0.114257,0.0,0.117809,0.0,0.0,0.0,0.0,0.0,0.0,0.0,0.007292
2020-12-23,0.0,0.0,0.0,0.0,0.066516,0.020464,0.0,0.041767,0.027625,0.023789,0.085755,0.0,0.0,0.0,0.0,0.0,0.023906,0.085275,0.023046,0.111257,0.0,0.0,0.0,0.011856,0.0,0.053093,0.0,0.0,0.058625,0.0,0.124289,0.0,0.115108,0.0,0.120395,0.0,0.0,0.0,0.0,0.0,0.0,0.0,0.007234
2020-12-24,0.0,0.0,0.0,0.0,0.06616,0.019841,0.0,0.042061,0.027864,0.024103,0.08566,0.0,0.0,0.0,0.0,0.0,0.023832,0.085018,0.023118,0.112709,0.0,0.0,0.0,0.011902,0.0,0.053396,0.0,0.0,0.058226,0.0,0.122896,0.0,0.115511,0.0,0.120493,0.0,0.0,0.0,0.0,0.0,0.0,0.0,0.00721
2020-12-28,0.0,0.0,0.0,0.0,0.065701,0.019648,0.0,0.042151,0.027931,0.024161,0.086035,0.0,0.0,0.0,0.0,0.0,0.023696,0.084547,0.022868,0.109766,0.0,0.0,0.0,0.011872,0.0,0.052967,0.0,0.0,0.05812,0.0,0.125319,0.0,0.11696,0.0,0.121097,0.0,0.0,0.0,0.0,0.0,0.0,0.0,0.007161
2020-12-29,0.0,0.0,0.0,0.0,0.066822,0.02016,0.0,0.042449,0.028087,0.024716,0.086343,0.0,0.0,0.0,0.0,0.0,0.023631,0.084239,0.022888,0.10933,0.0,0.0,0.0,0.011908,0.0,0.053003,0.0,0.0,0.05852,0.0,0.122482,0.0,0.117149,0.0,0.12109,0.0,0.0,0.0,0.0,0.0,0.0,0.0,0.007185
2020-12-30,0.0,0.0,0.0,0.0,0.0667,0.020286,0.0,0.042026,0.028058,0.024787,0.085503,0.0,0.0,0.0,0.0,0.0,0.02341,0.083129,0.02284,0.107886,0.0,0.0,0.0,0.011781,0.0,0.053048,0.0,0.0,0.057848,0.0,0.12696,0.0,0.117066,0.0,0.121603,0.0,0.0,0.0,0.0,0.0,0.0,0.0,0.007071
2020-12-31,0.0,0.0,0.0,0.0,0.121623,0.0,0.0,0.044686,0.044487,0.032288,0.070389,0.0,0.0,0.0,0.0,0.0,0.045877,0.075667,0.121808,0.031705,0.0,0.043743,0.0,0.0,0.0,0.059211,0.0,0.0,0.059684,0.0,0.121735,0.0,0.0,0.0,0.121769,0.0,0.0,0.0,0.0,0.0,0.0,0.0,0.005325
2021-01-04,0.0,0.0,0.0,0.0,0.120864,0.0,0.0,0.044289,0.044574,0.032772,0.069019,0.0,0.0,0.0,0.0,0.0,0.044272,0.073301,0.119308,0.030803,0.0,0.04331,0.0,0.0,0.0,0.058309,0.0,0.0,0.058782,0.0,0.128962,0.0,0.0,0.0,0.126169,0.0,0.0,0.0,0.0,0.0,0.0,0.0,0.005266
2021-01-05,0.0,0.0,0.0,0.0,0.119494,0.0,0.0,0.044082,0.044508,0.032841,0.067979,0.0,0.0,0.0,0.0,0.0,0.043707,0.072371,0.119258,0.029993,0.0,0.042191,0.0,0.0,0.0,0.05817,0.0,0.0,0.058494,0.0,0.135662,0.0,0.0,0.0,0.1261,0.0,0.0,0.0,0.0,0.0,0.0,0.0,0.005148
2021-01-06,0.0,0.0,0.0,0.0,0.118992,0.0,0.0,0.043557,0.044094,0.032506,0.068071,0.0,0.0,0.0,0.0,0.0,0.044357,0.073656,0.12305,0.03004,0.0,0.042676,0.0,0.0,0.0,0.057473,0.0,0.0,0.058067,0.0,0.131136,0.0,0.0,0.0,0.127223,0.0,0.0,0.0,0.0,0.0,0.0,0.0,0.005102
2021-01-07,0.0,0.0,0.0,0.0,0.116512,0.0,0.0,0.042485,0.043973,0.032453,0.067993,0.0,0.0,0.0,0.0,0.0,0.043706,0.072833,0.121482,0.030292,0.0,0.043539,0.0,0.0,0.0,0.058445,0.0,0.0,0.057765,0.0,0.133955,0.0,0.0,0.0,0.129568,0.0,0.0,0.0,0.0,0.0,0.0,0.0,0.005
2021-01-08,0.0,0.0,0.0,0.0,0.119438,0.0,0.0,0.04341,0.044209,0.033845,0.069271,0.0,0.0,0.0,0.0,0.0,0.043521,0.073093,0.120683,0.029423,0.0,0.043557,0.0,0.0,0.0,0.058372,0.0,0.0,0.058051,0.0,0.130675,0.0,0.0,0.0,0.127458,0.0,0.0,0.0,0.0,0.0,0.0,0.0,0.004992
2021-01-11,0.0,0.0,0.0,0.0,0.119898,0.0,0.0,0.043604,0.044852,0.033894,0.068662,0.0,0.0,0.0,0.0,0.0,0.043944,0.073802,0.121896,0.030224,0.0,0.04356,0.0,0.0,0.0,0.059556,0.0,0.0,0.058294,0.0,0.128934,0.0,0.0,0.0,0.12384,0.0,0.0,0.0,0.0,0.0,0.0,0.0,0.005041
2021-01-12,0.0,0.0,0.0,0.0,0.119332,0.0,0.0,0.043435,0.044408,0.03319,0.068825,0.0,0.0,0.0,0.0,0.0,0.043817,0.073888,0.121874,0.030111,0.0,0.043381,0.0,0.0,0.0,0.059156,0.0,0.0,0.057873,0.0,0.131103,0.0,0.0,0.0,0.12463,0.0,0.0,0.0,0.0,0.0,0.0,0.0,0.004977
2021-01-13,0.0,0.0,0.0,0.0,0.11981,0.0,0.0,0.043559,0.045281,0.033405,0.069282,0.0,0.0,0.0,0.0,0.0,0.04373,0.073921,0.121439,0.030211,0.0,0.043444,0.0,0.0,0.0,0.059649,0.0,0.0,0.058312,0.0,0.129445,0.0,0.0,0.0,0.123502,0.0,0.0,0.0,0.0,0.0,0.0,0.0,0.00501
2021-01-14,0.0,0.0,0.0,0.0,0.121025,0.0,0.0,0.043416,0.045569,0.033416,0.068386,0.0,0.0,0.0,0.0,0.0,0.043591,0.07424,0.120227,0.03007,0.0,0.044568,0.0,0.0,0.0,0.06051,0.0,0.0,0.059374,0.0,0.126897,0.0,0.0,0.0,0.123735,0.0,0.0,0.0,0.0,0.0,0.0,0.0,0.004977
2021-01-15,0.0,0.0,0.0,0.0,0.121184,0.0,0.0,0.043267,0.04553,0.032879,0.068962,0.0,0.0,0.0,0.0,0.0,0.043724,0.074476,0.12044,0.030743,0.0,0.044791,0.0,0.0,0.0,0.060244,0.0,0.0,0.059074,0.0,0.127616,0.0,0.0,0.0,0.122013,0.0,0.0,0.0,0.0,0.0,0.0,0.0,0.005058
2021-01-18,0.0,0.0,0.0,0.0,0.121457,0.0,0.0,0.043254,0.045516,0.032869,0.06894,0.0,0.0,0.0,0.0,0.0,0.043711,0.074453,0.120403,0.030733,0.0,0.044777,0.0,0.0,0.0,0.060225,0.0,0.0,0.059055,0.0,0.127576,0.0,0.0,0.0,0.121975,0.0,0.0,0.0,0.0,0.0,0.0,0.0,0.005056
2021-01-19,0.0,0.0,0.0,0.0,0.121327,0.0,0.0,0.042963,0.045474,0.032678,0.068632,0.0,0.0,0.0,0.0,0.0,0.043411,0.073437,0.119599,0.031016,0.0,0.045053,0.0,0.0,0.0,0.061662,0.0,0.0,0.059442,0.0,0.128008,0.0,0.0,0.0,0.12229,0.0,0.0,0.0,0.0,0.0,0.0,0.0,0.005006
2021-01-20,0.0,0.0,0.0,0.0,0.12169,0.0,0.0,0.043296,0.04488,0.032703,0.069027,0.0,0.0,0.0,0.0,0.0,0.043115,0.073691,0.118448,0.031892,0.0,0.044446,0.0,0.0,0.0,0.06065,0.0,0.0,0.059545,0.0,0.128841,0.0,0.0,0.0,0.122836,0.0,0.0,0.0,0.0,0.0,0.0,0.0,0.00494
2021-01-21,0.0,0.0,0.0,0.0,0.122232,0.0,0.0,0.043049,0.045604,0.033405,0.069266,0.0,0.0,0.0,0.0,0.0,0.042728,0.072386,0.116576,0.032329,0.0,0.043429,0.0,0.0,0.0,0.061454,0.0,0.0,0.059458,0.0,0.130275,0.0,0.0,0.0,0.122876,0.0,0.0,0.0,0.0,0.0,0.0,0.0,0.004934
2021-01-22,0.0,0.0,0.0,0.0,0.12161,0.0,0.0,0.042854,0.045719,0.032839,0.069466,0.0,0.0,0.0,0.0,0.0,0.042775,0.072628,0.116746,0.032861,0.0,0.044218,0.0,0.0,0.0,0.060793,0.0,0.0,0.059513,0.0,0.131793,0.0,0.0,0.0,0.121219,0.0,0.0,0.0,0.0,0.0,0.0,0.0,0.004964
2021-01-25,0.0,0.0,0.0,0.0,0.122258,0.0,0.0,0.042149,0.045586,0.033517,0.069722,0.0,0.0,0.0,0.0,0.0,0.042485,0.072559,0.116132,0.032998,0.0,0.045545,0.0,0.0,0.0,0.060879,0.0,0.0,0.059798,0.0,0.132433,0.0,0.0,0.0,0.118973,0.0,0.0,0.0,0.0,0.0,0.0,0.0,0.004965
2021-01-26,0.0,0.0,0.0,0.0,0.122831,0.0,0.0,0.042586,0.045532,0.033346,0.070416,0.0,0.0,0.0,0.0,0.0,0.04254,0.072165,0.115747,0.032824,0.0,0.04522,0.0,0.0,0.0,0.060526,0.0,0.0,0.060195,0.0,0.132745,0.0,0.0,0.0,0.118307,0.0,0.0,0.0,0.0,0.0,0.0,0.0,0.005019
2021-01-27,0.0,0.0,0.0,0.0,0.124295,0.0,0.0,0.042952,0.04609,0.033097,0.070302,0.0,0.0,0.0,0.0,0.0,0.042951,0.07211,0.115721,0.033018,0.0,0.045955,0.0,0.0,0.0,0.059113,0.0,0.0,0.061116,0.0,0.132198,0.0,0.0,0.0,0.115912,0.0,0.0,0.0,0.0,0.0,0.0,0.0,0.005168
2021-01-28,0.0,0.0,0.0,0.0,0.122847,0.0,0.0,0.043236,0.046083,0.033283,0.069919,0.0,0.0,0.0,0.0,0.0,0.043217,0.072351,0.116706,0.032762,0.0,0.045364,0.0,0.0,0.0,0.059892,0.0,0.0,0.060315,0.0,0.130119,0.0,0.0,0.0,0.118781,0.0,0.0,0.0,0.0,0.0,0.0,0.0,0.005125
2021-01-29,0.0,0.0,0.0,0.0,0.0,0.0,0.071289,0.062893,0.015779,0.073526,0.0,0.0,0.0,0.042239,0.0,0.0,0.074425,0.077444,0.0,0.0,0.0,0.05057,0.0,0.0,0.0,0.037639,0.0,0.05749,0.057364,0.0,0.152514,0.0,0.0572,0.0,0.152683,0.0,0.0,0.0,0.0,0.0,0.0,0.0,0.016944
2021-02-01,0.0,0.0,0.0,0.0,0.0,0.0,0.070561,0.063409,0.015642,0.074148,0.0,0.0,0.0,0.041662,0.0,0.0,0.072873,0.076104,0.0,0.0,0.0,0.051167,0.0,0.0,0.0,0.037916,0.0,0.056753,0.05679,0.0,0.150211,0.0,0.059358,0.0,0.15698,0.0,0.0,0.0,0.0,0.0,0.0,0.0,0.016424
2021-02-02,0.0,0.0,0.0,0.0,0.0,0.0,0.071273,0.064179,0.015821,0.073709,0.0,0.0,0.0,0.042067,0.0,0.0,0.073572,0.076784,0.0,0.0,0.0,0.05173,0.0,0.0,0.0,0.038092,0.0,0.057259,0.056937,0.0,0.155114,0.0,0.053813,0.0,0.153415,0.0,0.0,0.0,0.0,0.0,0.0,0.0,0.016235
2021-02-03,0.0,0.0,0.0,0.0,0.0,0.0,0.071945,0.064647,0.015736,0.074345,0.0,0.0,0.0,0.042391,0.0,0.0,0.073594,0.076747,0.0,0.0,0.0,0.051023,0.0,0.0,0.0,0.037303,0.0,0.055758,0.056591,0.0,0.154408,0.0,0.054647,0.0,0.154636,0.0,0.0,0.0,0.0,0.0,0.0,0.0,0.016229
2021-02-04,0.0,0.0,0.0,0.0,0.0,0.0,0.070962,0.06506,0.015822,0.073336,0.0,0.0,0.0,0.043721,0.0,0.0,0.074505,0.078015,0.0,0.0,0.0,0.051645,0.0,0.0,0.0,0.03767,0.0,0.056878,0.056585,0.0,0.151603,0.0,0.053747,0.0,0.154197,0.0,0.0,0.0,0.0,0.0,0.0,0.0,0.016254
2021-02-05,0.0,0.0,0.0,0.0,0.0,0.0,0.071831,0.064493,0.015719,0.073769,0.0,0.0,0.0,0.043275,0.0,0.0,0.074291,0.077861,0.0,0.0,0.0,0.052456,0.0,0.0,0.0,0.037087,0.0,0.056482,0.056495,0.0,0.149597,0.0,0.054302,0.0,0.156227,0.0,0.0,0.0,0.0,0.0,0.0,0.0,0.016115
2021-02-08,0.0,0.0,0.0,0.0,0.0,0.0,0.070745,0.064155,0.015579,0.071692,0.0,0.0,0.0,0.043387,0.0,0.0,0.073711,0.077,0.0,0.0,0.0,0.053837,0.0,0.0,0.0,0.037581,0.0,0.055983,0.056483,0.0,0.150741,0.0,0.054364,0.0,0.158889,0.0,0.0,0.0,0.0,0.0,0.0,0.0,0.015853
2021-02-09,0.0,0.0,0.0,0.0,0.0,0.0,0.069795,0.063526,0.015563,0.071612,0.0,0.0,0.0,0.043527,0.0,0.0,0.073434,0.07713,0.0,0.0,0.0,0.052843,0.0,0.0,0.0,0.037234,0.0,0.056275,0.056884,0.0,0.152883,0.0,0.053788,0.0,0.159752,0.0,0.0,0.0,0.0,0.0,0.0,0.0,0.015751
2021-02-10,0.0,0.0,0.0,0.0,0.0,0.0,0.069166,0.063515,0.015567,0.072087,0.0,0.0,0.0,0.043537,0.0,0.0,0.07329,0.077068,0.0,0.0,0.0,0.051638,0.0,0.0,0.0,0.037292,0.0,0.055863,0.056813,0.0,0.152408,0.0,0.053319,0.0,0.162695,0.0,0.0,0.0,0.0,0.0,0.0,0.0,0.015744
2021-02-11,0.0,0.0,0.0,0.0,0.0,0.0,0.069332,0.063891,0.015658,0.072525,0.0,0.0,0.0,0.043043,0.0,0.0,0.072781,0.076661,0.0,0.0,0.0,0.050722,0.0,0.0,0.0,0.038396,0.0,0.055823,0.056945,0.0,0.153069,0.0,0.053103,0.0,0.162383,0.0,0.0,0.0,0.0,0.0,0.0,0.0,0.015668
2021-02-12,0.0,0.0,0.0,0.0,0.0,0.0,0.069167,0.06363,0.015583,0.072304,0.0,0.0,0.0,0.043202,0.0,0.0,0.072991,0.077624,0.0,0.0,0.0,0.050042,0.0,0.0,0.0,0.038703,0.0,0.05575,0.056886,0.0,0.153499,0.0,0.053337,0.0,0.161681,0.0,0.0,0.0,0.0,0.0,0.0,0.0,0.015601
2021-02-15,0.0,0.0,0.0,0.0,0.0,0.0,0.069167,0.06363,0.015583,0.072304,0.0,0.0,0.0,0.043203,0.0,0.0,0.072992,0.077625,0.0,0.0,0.0,0.050042,0.0,0.0,0.0,0.038703,0.0,0.05575,0.056886,0.0,0.153499,0.0,0.053337,0.0,0.161681,0.0,0.0,0.0,0.0,0.0,0.0,0.0,0.015599
2021-02-16,0.0,0.0,0.0,0.0,0.0,0.0,0.068567,0.062598,0.015502,0.070917,0.0,0.0,0.0,0.043578,0.0,0.0,0.071887,0.076619,0.0,0.0,0.0,0.048085,0.0,0.0,0.0,0.038347,0.0,0.054141,0.055943,0.0,0.156857,0.0,0.052479,0.0,0.169098,0.0,0.0,0.0,0.0,0.0,0.0,0.0,0.015381
2021-02-17,0.0,0.0,0.0,0.0,0.0,0.0,0.068514,0.063021,0.015521,0.07062,0.0,0.0,0.0,0.043645,0.0,0.0,0.071871,0.076223,0.0,0.0,0.0,0.048377,0.0,0.0,0.0,0.037787,0.0,0.053994,0.055145,0.0,0.154719,0.0,0.052905,0.0,0.172244,0.0,0.0,0.0,0.0,0.0,0.0,0.0,0.015414
2021-02-18,0.0,0.0,0.0,0.0,0.0,0.0,0.068536,0.063773,0.015694,0.070631,0.0,0.0,0.0,0.043834,0.0,0.0,0.0726,0.077164,0.0,0.0,0.0,0.047836,0.0,0.0,0.0,0.037967,0.0,0.054755,0.055436,0.0,0.146653,0.0,0.052991,0.0,0.17648,0.0,0.0,0.0,0.0,0.0,0.0,0.0,0.015651
2021-02-19,0.0,0.0,0.0,0.0,0.0,0.0,0.067485,0.062283,0.015531,0.07048,0.0,0.0,0.0,0.044287,0.0,0.0,0.072457,0.077162,0.0,0.0,0.0,0.047729,0.0,0.0,0.0,0.038179,0.0,0.054002,0.055033,0.0,0.144105,0.0,0.052447,0.0,0.183452,0.0,0.0,0.0,0.0,0.0,0.0,0.0,0.01537
2021-02-22,0.0,0.0,0.0,0.0,0.0,0.0,0.063894,0.061671,0.015558,0.069287,0.0,0.0,0.0,0.045487,0.0,0.0,0.073364,0.078423,0.0,0.0,0.0,0.046726,0.0,0.0,0.0,0.037138,0.0,0.052958,0.054304,0.0,0.140762,0.0,0.055052,0.0,0.189867,0.0,0.0,0.0,0.0,0.0,0.0,0.0,0.015507
2021-02-23,0.0,0.0,0.0,0.0,0.0,0.0,0.06583,0.062507,0.015687,0.069735,0.0,0.0,0.0,0.046069,0.0,0.0,0.073812,0.078767,0.0,0.0,0.0,0.045816,0.0,0.0,0.0,0.03697,0.0,0.052337,0.053783,0.0,0.137942,0.0,0.054041,0.0,0.191149,0.0,0.0,0.0,0.0,0.0,0.0,0.0,0.015554
2021-02-24,0.0,0.0,0.0,0.0,0.0,0.0,0.065961,0.062615,0.015663,0.068409,0.0,0.0,0.0,0.047019,0.0,0.0,0.074597,0.079419,0.0,0.0,0.0,0.046128,0.0,0.0,0.0,0.03786,0.0,0.051805,0.05347,0.0,0.139301,0.0,0.054082,0.0,0.18824,0.0,0.0,0.0,0.0,0.0,0.0,0.0,0.01543
2021-02-25,0.0,0.0,0.0,0.0,0.0,0.0,0.065052,0.063827,0.015975,0.070187,0.0,0.0,0.0,0.047437,0.0,0.0,0.075952,0.080901,0.0,0.0,0.0,0.045905,0.0,0.0,0.0,0.037035,0.0,0.052278,0.053735,0.0,0.134015,0.0,0.054932,0.0,0.186761,0.0,0.0,0.0,0.0,0.0,0.0,0.0,0.016008
2021-02-26,0.0,0.0,0.036279,0.152696,0.051576,0.0,0.0,0.020593,0.065742,0.065595,0.0,0.0,0.0,0.152566,0.0,0.0,0.0,0.0,0.0,0.0,0.0,0.090546,0.0,0.0,0.0,0.036424,0.0,0.034176,0.081583,0.0,0.1524,0.0,0.0,0.0,0.056944,0.0,0.0,0.0,0.0,0.0,0.0,0.0,0.002881
2021-03-01,0.0,0.0,0.03581,0.152265,0.051276,0.0,0.0,0.020488,0.065178,0.065394,0.0,0.0,0.0,0.153353,0.0,0.0,0.0,0.0,0.0,0.0,0.0,0.090058,0.0,0.0,0.0,0.036495,0.0,0.034246,0.081125,0.0,0.154847,0.0,0.0,0.0,0.056667,0.0,0.0,0.0,0.0,0.0,0.0,0.0,0.002797
2021-03-02,0.0,0.0,0.03577,0.152153,0.051123,0.0,0.0,0.020865,0.064792,0.065318,0.0,0.0,0.0,0.155272,0.0,0.0,0.0,0.0,0.0,0.0,0.0,0.088003,0.0,0.0,0.0,0.035712,0.0,0.034023,0.081125,0.0,0.155888,0.0,0.0,0.0,0.057135,0.0,0.0,0.0,0.0,0.0,0.0,0.0,0.00282
2021-03-03,0.0,0.0,0.036004,0.154732,0.052157,0.0,0.0,0.021301,0.065484,0.065947,0.0,0.0,0.0,0.157284,0.0,0.0,0.0,0.0,0.0,0.0,0.0,0.084916,0.0,0.0,0.0,0.035054,0.0,0.033431,0.079785,0.0,0.152996,0.0,0.0,0.0,0.058052,0.0,0.0,0.0,0.0,0.0,0.0,0.0,0.002857
2021-03-04,0.0,0.0,0.036788,0.157008,0.053188,0.0,0.0,0.021759,0.066104,0.066796,0.0,0.0,0.0,0.160027,0.0,0.0,0.0,0.0,0.0,0.0,0.0,0.084777,0.0,0.0,0.0,0.034422,0.0,0.033543,0.079825,0.0,0.147105,0.0,0.0,0.0,0.055712,0.0,0.0,0.0,0.0,0.0,0.0,0.0,0.002947
2021-03-05,0.0,0.0,0.036654,0.152451,0.051085,0.0,0.0,0.021616,0.066013,0.067116,0.0,0.0,0.0,0.161941,0.0,0.0,0.0,0.0,0.0,0.0,0.0,0.085852,0.0,0.0,0.0,0.03504,0.0,0.033209,0.079799,0.0,0.149647,0.0,0.0,0.0,0.056664,0.0,0.0,0.0,0.0,0.0,0.0,0.0,0.002913
2021-03-08,0.0,0.0,0.036593,0.1604,0.051387,0.0,0.0,0.021649,0.065453,0.066086,0.0,0.0,0.0,0.167256,0.0,0.0,0.0,0.0,0.0,0.0,0.0,0.084279,0.0,0.0,0.0,0.033468,0.0,0.033172,0.078114,0.0,0.142276,0.0,0.0,0.0,0.056926,0.0,0.0,0.0,0.0,0.0,0.0,0.0,0.00294
2021-03-09,0.0,0.0,0.036319,0.159224,0.051223,0.0,0.0,0.021682,0.064912,0.065365,0.0,0.0,0.0,0.16168,0.0,0.0,0.0,0.0,0.0,0.0,0.0,0.086584,0.0,0.0,0.0,0.034898,0.0,0.034068,0.07873,0.0,0.14639,0.0,0.0,0.0,0.05604,0.0,0.0,0.0,0.0,0.0,0.0,0.0,0.002887
2021-03-10,0.0,0.0,0.03629,0.158914,0.050718,0.0,0.0,0.021658,0.06434,0.064123,0.0,0.0,0.0,0.164718,0.0,0.0,0.0,0.0,0.0,0.0,0.0,0.086382,0.0,0.0,0.0,0.034092,0.0,0.033808,0.079287,0.0,0.14686,0.0,0.0,0.0,0.055937,0.0,0.0,0.0,0.0,0.0,0.0,0.0,0.002873
2021-03-11,0.0,0.0,0.035166,0.156201,0.050872,0.0,0.0,0.021361,0.064561,0.064317,0.0,0.0,0.0,0.161309,0.0,0.0,0.0,0.0,0.0,0.0,0.0,0.087378,0.0,0.0,0.0,0.034599,0.0,0.033908,0.078725,0.0,0.151409,0.0,0.0,0.0,0.057394,0.0,0.0,0.0,0.0,0.0,0.0,0.0,0.002799
2021-03-12,0.0,0.0,0.035719,0.15745,0.050114,0.0,0.0,0.020963,0.063953,0.063953,0.0,0.0,0.0,0.164576,0.0,0.0,0.0,0.0,0.0,0.0,0.0,0.087331,0.0,0.0,0.0,0.034318,0.0,0.033676,0.079178,0.0,0.148849,0.0,0.0,0.0,0.057115,0.0,0.0,0.0,0.0,0.0,0.0,0.0,0.002806
2021-03-15,0.0,0.0,0.035801,0.15804,0.050029,0.0,0.0,0.020831,0.064195,0.064662,0.0,0.0,0.0,0.162851,0.0,0.0,0.0,0.0,0.0,0.0,0.0,0.08808,0.0,0.0,0.0,0.034934,0.0,0.033856,0.079549,0.0,0.147688,0.0,0.0,0.0,0.056686,0.0,0.0,0.0,0.0,0.0,0.0,0.0,0.002798
2021-03-16,0.0,0.0,0.036094,0.159122,0.05068,0.0,0.0,0.021104,0.064835,0.065093,0.0,0.0,0.0,0.161455,0.0,0.0,0.0,0.0,0.0,0.0,0.0,0.087116,0.0,0.0,0.0,0.035557,0.0,0.033791,0.07958,0.0,0.146959,0.0,0.0,0.0,0.055804,0.0,0.0,0.0,0.0,0.0,0.0,0.0,0.00281
2021-03-17,0.0,0.0,0.036175,0.156988,0.049941,0.0,0.0,0.020751,0.0643,0.064963,0.0,0.0,0.0,0.161878,0.0,0.0,0.0,0.0,0.0,0.0,0.0,0.087724,0.0,0.0,0.0,0.035853,0.0,0.033791,0.079787,0.0,0.148852,0.0,0.0,0.0,0.056198,0.0,0.0,0.0,0.0,0.0,0.0,0.0,0.002798
2021-03-18,0.0,0.0,0.036801,0.160785,0.050914,0.0,0.0,0.020474,0.064104,0.064431,0.0,0.0,0.0,0.164688,0.0,0.0,0.0,0.0,0.0,0.0,0.0,0.084754,0.0,0.0,0.0,0.03487,0.0,0.033165,0.079273,0.0,0.147085,0.0,0.0,0.0,0.055816,0.0,0.0,0.0,0.0,0.0,0.0,0.0,0.002839
2021-03-19,0.0,0.0,0.036984,0.158963,0.050633,0.0,0.0,0.020966,0.064357,0.065201,0.0,0.0,0.0,0.162714,0.0,0.0,0.0,0.0,0.0,0.0,0.0,0.087318,0.0,0.0,0.0,0.03522,0.0,0.033344,0.079738,0.0,0.146874,0.0,0.0,0.0,0.054856,0.0,0.0,0.0,0.0,0.0,0.0,0.0,0.002833
2021-03-22,0.0,0.0,0.036851,0.157992,0.050875,0.0,0.0,0.021075,0.065232,0.065557,0.0,0.0,0.0,0.158403,0.0,0.0,0.0,0.0,0.0,0.0,0.0,0.088849,0.0,0.0,0.0,0.036077,0.0,0.03403,0.080055,0.0,0.146758,0.0,0.0,0.0,0.055405,0.0,0.0,0.0,0.0,0.0,0.0,0.0,0.002842
2021-03-23,0.0,0.0,0.037377,0.161202,0.051699,0.0,0.0,0.021563,0.066287,0.065524,0.0,0.0,0.0,0.158084,0.0,0.0,0.0,0.0,0.0,0.0,0.0,0.086149,0.0,0.0,0.0,0.03617,0.0,0.034752,0.079989,0.0,0.144281,0.0,0.0,0.0,0.053997,0.0,0.0,0.0,0.0,0.0,0.0,0.0,0.002925
2021-03-24,0.0,0.0,0.037531,0.163303,0.051547,0.0,0.0,0.021664,0.066812,0.066163,0.0,0.0,0.0,0.159734,0.0,0.0,0.0,0.0,0.0,0.0,0.0,0.08297,0.0,0.0,0.0,0.036219,0.0,0.034497,0.079934,0.0,0.142706,0.0,0.0,0.0,0.053948,0.0,0.0,0.0,0.0,0.0,0.0,0.0,0.002971
2021-03-25,0.0,0.0,0.037523,0.160055,0.050647,0.0,0.0,0.021246,0.066561,0.066407,0.0,0.0,0.0,0.162369,0.0,0.0,0.0,0.0,0.0,0.0,0.0,0.084382,0.0,0.0,0.0,0.035841,0.0,0.034043,0.080401,0.0,0.144622,0.0,0.0,0.0,0.052967,0.0,0.0,0.0,0.0,0.0,0.0,0.0,0.002936
2021-03-26,0.0,0.0,0.037269,0.160032,0.050051,0.0,0.0,0.021332,0.066704,0.066441,0.0,0.0,0.0,0.162176,0.0,0.0,0.0,0.0,0.0,0.0,0.0,0.081396,0.0,0.0,0.0,0.036865,0.0,0.033984,0.08041,0.0,0.146221,0.0,0.0,0.0,0.054242,0.0,0.0,0.0,0.0,0.0,0.0,0.0,0.002877
2021-03-29,0.0,0.0,0.037563,0.160576,0.051156,0.0,0.0,0.021391,0.067841,0.066673,0.0,0.0,0.0,0.160187,0.0,0.0,0.0,0.0,0.0,0.0,0.0,0.080237,0.0,0.0,0.0,0.036807,0.0,0.03418,0.080549,0.0,0.145187,0.0,0.0,0.0,0.054735,0.0,0.0,0.0,0.0,0.0,0.0,0.0,0.002918
2021-03-30,0.0,0.0,0.036989,0.160396,0.051014,0.0,0.0,0.021179,0.067783,0.066423,0.0,0.0,0.0,0.162376,0.0,0.0,0.0,0.0,0.0,0.0,0.0,0.080055,0.0,0.0,0.0,0.036424,0.0,0.033645,0.080171,0.0,0.145938,0.0,0.0,0.0,0.054713,0.0,0.0,0.0,0.0,0.0,0.0,0.0,0.002894
2021-03-31,0.0,0.0,0.0,0.08544,0.0,0.0,0.0,0.029457,0.042601,0.042251,0.0,0.08717,0.044235,0.069945,0.038635,0.075546,0.0,0.0,0.0,0.0,0.0,0.051135,0.0,0.0,0.0,0.045265,0.0,0.029759,0.027245,0.0,0.114328,0.0,0.0,0.076368,0.114556,0.0,0.0,0.0,0.0,0.0,0.0,0.0,0.026064
2021-04-01,0.0,0.0,0.0,0.084708,0.0,0.0,0.0,0.029084,0.042108,0.041978,0.0,0.087133,0.044006,0.06925,0.038933,0.078089,0.0,0.0,0.0,0.0,0.0,0.050761,0.0,0.0,0.0,0.046116,0.0,0.029642,0.027508,0.0,0.114904,0.0,0.0,0.074913,0.115263,0.0,0.0,0.0,0.0,0.0,0.0,0.0,0.025603
2021-04-05,0.0,0.0,0.0,0.08427,0.0,0.0,0.0,0.02864,0.042071,0.0423,0.0,0.088508,0.044121,0.069037,0.037808,0.073936,0.0,0.0,0.0,0.0,0.0,0.051088,0.0,0.0,0.0,0.046804,0.0,0.029837,0.027889,0.0,0.115706,0.0,0.0,0.07457,0.117943,0.0,0.0,0.0,0.0,0.0,0.0,0.0,0.025471
2021-04-06,0.0,0.0,0.0,0.084918,0.0,0.0,0.0,0.028726,0.04208,0.042362,0.0,0.088762,0.044049,0.068813,0.037722,0.074482,0.0,0.0,0.0,0.0,0.0,0.049769,0.0,0.0,0.0,0.046298,0.0,0.030022,0.027714,0.0,0.11487,0.0,0.0,0.075127,0.118807,0.0,0.0,0.0,0.0,0.0,0.0,0.0,0.025478
2021-04-07,0.0,0.0,0.0,0.084664,0.0,0.0,0.0,0.028639,0.042178,0.042348,0.0,0.089968,0.044522,0.068974,0.038073,0.074741,0.0,0.0,0.0,0.0,0.0,0.048853,0.0,0.0,0.0,0.046537,0.0,0.029882,0.027616,0.0,0.113152,0.0,0.0,0.075962,0.118261,0.0,0.0,0.0,0.0,0.0,0.0,0.0,0.02563
2021-04-08,0.0,0.0,0.0,0.084135,0.0,0.0,0.0,0.028714,0.042569,0.042353,0.0,0.089656,0.044375,0.068832,0.037442,0.07287,0.0,0.0,0.0,0.0,0.0,0.048981,0.0,0.0,0.0,0.046898,0.0,0.030172,0.027872,0.0,0.113627,0.0,0.0,0.076396,0.119573,0.0,0.0,0.0,0.0,0.0,0.0,0.0,0.025537
2021-04-09,0.0,0.0,0.0,0.084812,0.0,0.0,0.0,0.028646,0.042572,0.042317,0.0,0.089978,0.044929,0.069813,0.037338,0.071725,0.0,0.0,0.0,0.0,0.0,0.048079,0.0,0.0,0.0,0.046932,0.0,0.030288,0.028076,0.0,0.113468,0.0,0.0,0.076602,0.118797,0.0,0.0,0.0,0.0,0.0,0.0,0.0,0.025631
2021-04-12,0.0,0.0,0.0,0.085592,0.0,0.0,0.0,0.027918,0.043036,0.042597,0.0,0.090665,0.04565,0.071061,0.037478,0.070809,0.0,0.0,0.0,0.0,0.0,0.047674,0.0,0.0,0.0,0.046972,0.0,0.030777,0.028192,0.0,0.112987,0.0,0.0,0.076961,0.1157,0.0,0.0,0.0,0.0,0.0,0.0,0.0,0.02593
2021-04-13,0.0,0.0,0.0,0.08501,0.0,0.0,0.0,0.027903,0.042666,0.043038,0.0,0.090107,0.044885,0.069318,0.037237,0.070474,0.0,0.0,0.0,0.0,0.0,0.048011,0.0,0.0,0.0,0.046547,0.0,0.031082,0.028226,0.0,0.115642,0.0,0.0,0.07701,0.117097,0.0,0.0,0.0,0.0,0.0,0.0,0.0,0.025747
2021-04-14,0.0,0.0,0.0,0.084567,0.0,0.0,0.0,0.027834,0.042106,0.042792,0.0,0.087937,0.044526,0.069076,0.037739,0.072424,0.0,0.0,0.0,0.0,0.0,0.048595,0.0,0.0,0.0,0.045395,0.0,0.030483,0.027721,0.0,0.116337,0.0,0.0,0.076817,0.120268,0.0,0.0,0.0,0.0,0.0,0.0,0.0,0.025383
2021-04-15,0.0,0.0,0.0,0.083868,0.0,0.0,0.0,0.027742,0.042548,0.042785,0.0,0.088354,0.044136,0.068306,0.037136,0.070745,0.0,0.0,0.0,0.0,0.0,0.048632,0.0,0.0,0.0,0.045789,0.0,0.030771,0.027922,0.0,0.115811,0.0,0.0,0.076382,0.123891,0.0,0.0,0.0,0.0,0.0,0.0,0.0,0.025182
2021-04-16,0.0,0.0,0.0,0.084403,0.0,0.0,0.0,0.027874,0.042864,0.042648,0.0,0.088524,0.044564,0.069018,0.036933,0.069757,0.0,0.0,0.0,0.0,0.0,0.048052,0.0,0.0,0.0,0.045692,0.0,0.030664,0.028217,0.0,0.115086,0.0,0.0,0.076403,0.124054,0.0,0.0,0.0,0.0,0.0,0.0,0.0,0.025246
2021-04-19,0.0,0.0,0.0,0.083682,0.0,0.0,0.0,0.027225,0.043364,0.042695,0.0,0.088161,0.044505,0.06886,0.036951,0.069845,0.0,0.0,0.0,0.0,0.0,0.04709,0.0,0.0,0.0,0.044558,0.0,0.030613,0.027829,0.0,0.118942,0.0,0.0,0.076781,0.123616,0.0,0.0,0.0,0.0,0.0,0.0,0.0,0.025284
2021-04-20,0.0,0.0,0.0,0.083517,0.0,0.0,0.0,0.027259,0.044178,0.043348,0.0,0.089221,0.044436,0.067574,0.036602,0.067865,0.0,0.0,0.0,0.0,0.0,0.047753,0.0,0.0,0.0,0.04469,0.0,0.030671,0.02773,0.0,0.118413,0.0,0.0,0.079058,0.121959,0.0,0.0,0.0,0.0,0.0,0.0,0.0,0.025726
2021-04-21,0.0,0.0,0.0,0.083353,0.0,0.0,0.0,0.026963,0.043943,0.042685,0.0,0.088225,0.044473,0.068165,0.036592,0.068324,0.0,0.0,0.0,0.0,0.0,0.048785,0.0,0.0,0.0,0.045273,0.0,0.030506,0.027871,0.0,0.118684,0.0,0.0,0.078394,0.122371,0.0,0.0,0.0,0.0,0.0,0.0,0.0,0.025392
2021-04-22,0.0,0.0,0.0,0.084973,0.0,0.0,0.0,0.027227,0.043603,0.042182,0.0,0.08801,0.044197,0.067631,0.036341,0.068089,0.0,0.0,0.0,0.0,0.0,0.049681,0.0,0.0,0.0,0.044507,0.0,0.03074,0.027985,0.0,0.118697,0.0,0.0,0.079754,0.120863,0.0,0.0,0.0,0.0,0.0,0.0,0.0,0.025519
2021-04-23,0.0,0.0,0.0,0.083519,0.0,0.0,0.0,0.027014,0.043795,0.042237,0.0,0.087788,0.044394,0.069053,0.036159,0.068068,0.0,0.0,0.0,0.0,0.0,0.048897,0.0,0.0,0.0,0.044684,0.0,0.030516,0.027887,0.0,0.119509,0.0,0.0,0.079289,0.122032,0.0,0.0,0.0,0.0,0.0,0.0,0.0,0.02516
2021-04-26,0.0,0.0,0.0,0.083038,0.0,0.0,0.0,0.026995,0.044088,0.041929,0.0,0.086631,0.04389,0.068386,0.035848,0.06871,0.0,0.0,0.0,0.0,0.0,0.049823,0.0,0.0,0.0,0.04481,0.0,0.030823,0.027681,0.0,0.11847,0.0,0.0,0.079668,0.124432,0.0,0.0,0.0,0.0,0.0,0.0,0.0,0.024778
2021-04-27,0.0,0.0,0.0,0.083272,0.0,0.0,0.0,0.02729,0.043926,0.041717,0.0,0.086269,0.04423,0.068979,0.036277,0.070008,0.0,0.0,0.0,0.0,0.0,0.049956,0.0,0.0,0.0,0.044467,0.0,0.030575,0.02738,0.0,0.117114,0.0,0.0,0.079657,0.124109,0.0,0.0,0.0,0.0,0.0,0.0,0.0,0.024772
2021-04-28,0.0,0.0,0.0,0.082548,0.0,0.0,0.0,0.027481,0.043777,0.041418,0.0,0.086658,0.044198,0.068622,0.037355,0.072664,0.0,0.0,0.0,0.0,0.0,0.049847,0.0,0.0,0.0,0.04359,0.0,0.030043,0.027285,0.0,0.117535,0.0,0.0,0.078393,0.123931,0.0,0.0,0.0,0.0,0.0,0.0,0.0,0.024657
2021-04-29,0.0,0.0,0.0,0.08195,0.0,0.0,0.0,0.027487,0.043829,0.041223,0.0,0.088819,0.044866,0.069255,0.037672,0.072419,0.0,0.0,0.0,0.0,0.0,0.049134,0.0,0.0,0.0,0.043756,0.0,0.029856,0.027034,0.0,0.116873,0.0,0.0,0.077845,0.12339,0.0,0.0,0.0,0.0,0.0,0.0,0.0,0.024591
2021-04-30,0.0,0.0,0.0,0.129787,0.0,0.0,0.0,0.037616,0.046055,0.045501,0.0,0.129554,0.0,0.129756,0.064838,0.064493,0.0,0.063244,0.0,0.0,0.0,0.024614,0.0,0.0,0.0,0.079282,0.0,0.04118,0.0,0.0,0.029718,0.0,0.0,0.0,0.092785,0.0,0.0,0.0,0.0,0.0,0.0,0.0,0.021575
2021-05-03,0.0,0.0,0.0,0.129458,0.0,0.0,0.0,0.037897,0.045336,0.045198,0.0,0.128271,0.0,0.12992,0.066312,0.066384,0.0,0.063844,0.0,0.0,0.0,0.024207,0.0,0.0,0.0,0.078091,0.0,0.040736,0.0,0.0,0.029254,0.0,0.0,0.0,0.093615,0.0,0.0,0.0,0.0,0.0,0.0,0.0,0.021477
2021-05-04,0.0,0.0,0.0,0.128434,0.0,0.0,0.0,0.037601,0.044243,0.045432,0.0,0.127814,0.0,0.132258,0.066717,0.066653,0.0,0.063937,0.0,0.0,0.0,0.023406,0.0,0.0,0.0,0.077197,0.0,0.040399,0.0,0.0,0.028984,0.0,0.0,0.0,0.09533,0.0,0.0,0.0,0.0,0.0,0.0,0.0,0.021595
2021-05-05,0.0,0.0,0.0,0.12856,0.0,0.0,0.0,0.03786,0.043831,0.045091,0.0,0.126257,0.0,0.131357,0.068165,0.067722,0.0,0.063407,0.0,0.0,0.0,0.022775,0.0,0.0,0.0,0.076884,0.0,0.039604,0.0,0.0,0.029173,0.0,0.0,0.0,0.09794,0.0,0.0,0.0,0.0,0.0,0.0,0.0,0.021372
2021-05-06,0.0,0.0,0.0,0.126706,0.0,0.0,0.0,0.03819,0.044372,0.045741,0.0,0.127261,0.0,0.130963,0.068261,0.067081,0.0,0.063407,0.0,0.0,0.0,0.022347,0.0,0.0,0.0,0.077226,0.0,0.039245,0.0,0.0,0.028594,0.0,0.0,0.0,0.099315,0.0,0.0,0.0,0.0,0.0,0.0,0.0,0.021292
2021-05-07,0.0,0.0,0.0,0.126134,0.0,0.0,0.0,0.038147,0.04477,0.045773,0.0,0.126466,0.0,0.129353,0.068525,0.067819,0.0,0.06352,0.0,0.0,0.0,0.0224,0.0,0.0,0.0,0.077211,0.0,0.039152,0.0,0.0,0.028283,0.0,0.0,0.0,0.101452,0.0,0.0,0.0,0.0,0.0,0.0,0.0,0.020997
2021-05-10,0.0,0.0,0.0,0.127312,0.0,0.0,0.0,0.03814,0.044221,0.046074,0.0,0.125222,0.0,0.129299,0.069202,0.06761,0.0,0.06403,0.0,0.0,0.0,0.021789,0.0,0.0,0.0,0.074479,0.0,0.039175,0.0,0.0,0.028286,0.0,0.0,0.0,0.103965,0.0,0.0,0.0,0.0,0.0,0.0,0.0,0.021196
2021-05-11,0.0,0.0,0.0,0.125647,0.0,0.0,0.0,0.038593,0.042884,0.04594,0.0,0.126108,0.0,0.129387,0.068094,0.067462,0.0,0.063743,0.0,0.0,0.0,0.022366,0.0,0.0,0.0,0.075322,0.0,0.039964,0.0,0.0,0.028081,0.0,0.0,0.0,0.105001,0.0,0.0,0.0,0.0,0.0,0.0,0.0,0.021408
2021-05-12,0.0,0.0,0.0,0.128102,0.0,0.0,0.0,0.038457,0.04119,0.044977,0.0,0.126481,0.0,0.129022,0.069993,0.068753,0.0,0.063754,0.0,0.0,0.0,0.022701,0.0,0.0,0.0,0.073915,0.0,0.039839,0.0,0.0,0.027868,0.0,0.0,0.0,0.103048,0.0,0.0,0.0,0.0,0.0,0.0,0.0,0.021901
2021-05-13,0.0,0.0,0.0,0.126641,0.0,0.0,0.0,0.038941,0.042001,0.04542,0.0,0.127146,0.0,0.132967,0.069008,0.066478,0.0,0.065039,0.0,0.0,0.0,0.022358,0.0,0.0,0.0,0.074714,0.0,0.03981,0.0,0.0,0.027795,0.0,0.0,0.0,0.099825,0.0,0.0,0.0,0.0,0.0,0.0,0.0,0.021857
2021-05-14,0.0,0.0,0.0,0.125919,0.0,0.0,0.0,0.038639,0.0417,0.045159,0.0,0.12704,0.0,0.132474,0.069716,0.068947,0.0,0.06465,0.0,0.0,0.0,0.022702,0.0,0.0,0.0,0.075475,0.0,0.040011,0.0,0.0,0.028126,0.0,0.0,0.0,0.098024,0.0,0.0,0.0,0.0,0.0,0.0,0.0,0.021419
2021-05-17,0.0,0.0,0.0,0.125602,0.0,0.0,0.0,0.038965,0.04023,0.044242,0.0,0.125825,0.0,0.132925,0.071213,0.071494,0.0,0.064231,0.0,0.0,0.0,0.022612,0.0,0.0,0.0,0.074691,0.0,0.039536,0.0,0.0,0.028098,0.0,0.0,0.0,0.098955,0.0,0.0,0.0,0.0,0.0,0.0,0.0,0.021382
2021-05-18,0.0,0.0,0.0,0.126458,0.0,0.0,0.0,0.039314,0.042454,0.045112,0.0,0.124841,0.0,0.131033,0.069728,0.070555,0.0,0.063594,0.0,0.0,0.0,0.022765,0.0,0.0,0.0,0.074268,0.0,0.039761,0.0,0.0,0.028532,0.0,0.0,0.0,0.100151,0.0,0.0,0.0,0.0,0.0,0.0,0.0,0.021433
2021-05-19,0.0,0.0,0.0,0.125036,0.0,0.0,0.0,0.039815,0.042658,0.045488,0.0,0.126486,0.0,0.131869,0.06878,0.069877,0.0,0.063947,0.0,0.0,0.0,0.022625,0.0,0.0,0.0,0.076593,0.0,0.040034,0.0,0.0,0.028952,0.0,0.0,0.0,0.096159,0.0,0.0,0.0,0.0,0.0,0.0,0.0,0.021682
2021-05-20,0.0,0.0,0.0,0.126037,0.0,0.0,0.0,0.039548,0.042707,0.045444,0.0,0.127792,0.0,0.130743,0.068214,0.069103,0.0,0.063188,0.0,0.0,0.0,0.022944,0.0,0.0,0.0,0.07808,0.0,0.040512,0.0,0.0,0.029131,0.0,0.0,0.0,0.095021,0.0,0.0,0.0,0.0,0.0,0.0,0.0,0.021536
2021-05-21,0.0,0.0,0.0,0.126781,0.0,0.0,0.0,0.039466,0.042178,0.044913,0.0,0.127422,0.0,0.132279,0.068391,0.069562,0.0,0.063248,0.0,0.0,0.0,0.022793,0.0,0.0,0.0,0.077686,0.0,0.040774,0.0,0.0,0.02907,0.0,0.0,0.0,0.093892,0.0,0.0,0.0,0.0,0.0,0.0,0.0,0.021546
2021-05-24,0.0,0.0,0.0,0.125692,0.0,0.0,0.0,0.03959,0.042897,0.04499,0.0,0.128628,0.0,0.130615,0.068479,0.069776,0.0,0.063285,0.0,0.0,0.0,0.022449,0.0,0.0,0.0,0.078964,0.0,0.040915,0.0,0.0,0.02932,0.0,0.0,0.0,0.093039,0.0,0.0,0.0,0.0,0.0,0.0,0.0,0.02136
2021-05-25,0.0,0.0,0.0,0.12637,0.0,0.0,0.0,0.039864,0.043622,0.045723,0.0,0.129573,0.0,0.128832,0.067598,0.068437,0.0,0.063123,0.0,0.0,0.0,0.022336,0.0,0.0,0.0,0.0798,0.0,0.041058,0.0,0.0,0.029804,0.0,0.0,0.0,0.092338,0.0,0.0,0.0,0.0,0.0,0.0,0.0,0.021522
2021-05-26,0.0,0.0,0.0,0.12578,0.0,0.0,0.0,0.039923,0.043375,0.045451,0.0,0.129131,0.0,0.129521,0.067528,0.069645,0.0,0.063049,0.0,0.0,0.0,0.022596,0.0,0.0,0.0,0.079225,0.0,0.041262,0.0,0.0,0.029547,0.0,0.0,0.0,0.092659,0.0,0.0,0.0,0.0,0.0,0.0,0.0,0.021309
2021-05-27,0.0,0.0,0.0,0.125793,0.0,0.0,0.0,0.039716,0.042863,0.044648,0.0,0.128427,0.0,0.130292,0.066956,0.07008,0.0,0.062987,0.0,0.0,0.0,0.022675,0.0,0.0,0.0,0.078825,0.0,0.040799,0.0,0.0,0.029617,0.0,0.0,0.0,0.09521,0.0,0.0,0.0,0.0,0.0,0.0,0.0,0.021112
2021-05-28,0.0,0.0,0.0,0.125855,0.0,0.0,0.0,0.039644,0.043446,0.045144,0.0,0.127685,0.0,0.129872,0.066917,0.069929,0.0,0.062947,0.0,0.0,0.0,0.022532,0.0,0.0,0.0,0.079358,0.0,0.040624,0.0,0.0,0.030314,0.0,0.0,0.0,0.094673,0.0,0.0,0.0,0.0,0.0,0.0,0.0,0.021059
2021-05-31,0.0,0.066732,0.0,0.032442,0.0,0.0,0.0,0.0,0.043768,0.034023,0.055788,0.077923,0.042879,0.034945,0.050214,0.027427,0.0,0.063899,0.0,0.078141,0.0,0.0,0.0,0.0,0.018385,0.023526,0.010159,0.025557,0.0,0.078294,0.076052,0.0,0.0,0.077206,0.078114,0.0,0.0,0.0,0.0,0.0,0.0,0.0,0.004526
2021-06-01,0.0,0.066459,0.0,0.032266,0.0,0.0,0.0,0.0,0.044346,0.034148,0.055031,0.077061,0.042635,0.034838,0.051538,0.028859,0.0,0.063212,0.0,0.077142,0.0,0.0,0.0,0.0,0.018081,0.023186,0.00998,0.025106,0.0,0.078774,0.076838,0.0,0.0,0.077536,0.078493,0.0,0.0,0.0,0.0,0.0,0.0,0.0,0.004473
2021-06-02,0.0,0.06659,0.0,0.032411,0.0,0.0,0.0,0.0,0.044057,0.033972,0.054805,0.076867,0.042724,0.034542,0.052526,0.029337,0.0,0.062727,0.0,0.075926,0.0,0.0,0.0,0.0,0.018215,0.02334,0.010002,0.025272,0.0,0.079738,0.077195,0.0,0.0,0.0777,0.077579,0.0,0.0,0.0,0.0,0.0,0.0,0.0,0.004475
2021-06-03,0.0,0.066702,0.0,0.032696,0.0,0.0,0.0,0.0,0.044241,0.034193,0.05463,0.07702,0.043201,0.034915,0.053131,0.029625,0.0,0.062905,0.0,0.075607,0.0,0.0,0.0,0.0,0.018204,0.02314,0.009966,0.024996,0.0,0.080141,0.076663,0.0,0.0,0.077347,0.076163,0.0,0.0,0.0,0.0,0.0,0.0,0.0,0.004514
2021-06-04,0.0,0.066555,0.0,0.032395,0.0,0.0,0.0,0.0,0.044226,0.034233,0.054497,0.077315,0.042864,0.034541,0.052932,0.029309,0.0,0.061974,0.0,0.075714,0.0,0.0,0.0,0.0,0.018362,0.023456,0.010076,0.025009,0.0,0.079349,0.078106,0.0,0.0,0.077939,0.076683,0.0,0.0,0.0,0.0,0.0,0.0,0.0,0.004467
2021-06-07,0.0,0.066955,0.0,0.032643,0.0,0.0,0.0,0.0,0.043941,0.034113,0.054573,0.077824,0.042646,0.034671,0.052778,0.029634,0.0,0.061905,0.0,0.075455,0.0,0.0,0.0,0.0,0.018383,0.023306,0.01017,0.025351,0.0,0.080398,0.077706,0.0,0.0,0.078007,0.075068,0.0,0.0,0.0,0.0,0.0,0.0,0.0,0.004474
2021-06-08,0.0,0.066854,0.0,0.032642,0.0,0.0,0.0,0.0,0.04357,0.033836,0.054939,0.077494,0.042476,0.034655,0.053162,0.029882,0.0,0.062015,0.0,0.075781,0.0,0.0,0.0,0.0,0.01836,0.023142,0.01018,0.025543,0.0,0.080955,0.077149,0.0,0.0,0.07823,0.074667,0.0,0.0,0.0,0.0,0.0,0.0,0.0,0.004467
2021-06-09,0.0,0.067101,0.0,0.032942,0.0,0.0,0.0,0.0,0.043694,0.033594,0.054932,0.077835,0.042303,0.034357,0.053116,0.029879,0.0,0.061584,0.0,0.074736,0.0,0.0,0.0,0.0,0.018472,0.023152,0.010236,0.025641,0.0,0.081502,0.077271,0.0,0.0,0.078447,0.074714,0.0,0.0,0.0,0.0,0.0,0.0,0.0,0.004492
2021-06-10,0.0,0.067129,0.0,0.032796,0.0,0.0,0.0,0.0,0.044192,0.033979,0.055144,0.07819,0.041774,0.033647,0.053003,0.029532,0.0,0.061061,0.0,0.072774,0.0,0.0,0.0,0.0,0.018592,0.023398,0.010407,0.026189,0.0,0.082014,0.078362,0.0,0.0,0.078832,0.074499,0.0,0.0,0.0,0.0,0.0,0.0,0.0,0.004488
2021-06-11,0.0,0.067045,0.0,0.032909,0.0,0.0,0.0,0.0,0.044013,0.033811,0.055194,0.077924,0.041852,0.033664,0.052582,0.029596,0.0,0.061423,0.0,0.073164,0.0,0.0,0.0,0.0,0.018618,0.02341,0.010464,0.026178,0.0,0.081318,0.079431,0.0,0.0,0.078065,0.074872,0.0,0.0,0.0,0.0,0.0,0.0,0.0,0.004468
2021-06-14,0.0,0.067471,0.0,0.032996,0.0,0.0,0.0,0.0,0.044235,0.034059,0.055418,0.078738,0.041574,0.033293,0.052552,0.029382,0.0,0.061102,0.0,0.072513,0.0,0.0,0.0,0.0,0.018878,0.023832,0.010634,0.026328,0.0,0.081944,0.079527,0.0,0.0,0.076879,0.07416,0.0,0.0,0.0,0.0,0.0,0.0,0.0,0.004484
2021-06-15,0.0,0.067765,0.0,0.032893,0.0,0.0,0.0,0.0,0.044463,0.034166,0.055357,0.078617,0.041828,0.033877,0.053779,0.03002,0.0,0.061825,0.0,0.073187,0.0,0.0,0.0,0.0,0.018841,0.023737,0.010529,0.026291,0.0,0.081408,0.079214,0.0,0.0,0.076542,0.071156,0.0,0.0,0.0,0.0,0.0,0.0,0.0,0.004503
2021-06-16,0.0,0.067807,0.0,0.033391,0.0,0.0,0.0,0.0,0.044487,0.034158,0.055965,0.078749,0.042223,0.034553,0.054055,0.030175,0.0,0.061831,0.0,0.07281,0.0,0.0,0.0,0.0,0.018937,0.023761,0.01058,0.02666,0.0,0.081729,0.076905,0.0,0.0,0.076805,0.069867,0.0,0.0,0.0,0.0,0.0,0.0,0.0,0.00455
2021-06-17,0.0,0.067916,0.0,0.033799,0.0,0.0,0.0,0.0,0.045306,0.03447,0.056788,0.079937,0.041421,0.033352,0.052786,0.029117,0.0,0.061154,0.0,0.07411,0.0,0.0,0.0,0.0,0.019364,0.024279,0.01088,0.027318,0.0,0.082515,0.079045,0.0,0.0,0.074643,0.0672,0.0,0.0,0.0,0.0,0.0,0.0,0.0,0.004599
2021-06-18,0.0,0.067228,0.0,0.033768,0.0,0.0,0.0,0.0,0.045058,0.034566,0.057033,0.079763,0.040811,0.032571,0.051714,0.028762,0.0,0.060941,0.0,0.075158,0.0,0.0,0.0,0.0,0.019372,0.023926,0.011021,0.027357,0.0,0.081893,0.080205,0.0,0.0,0.07681,0.067399,0.0,0.0,0.0,0.0,0.0,0.0,0.0,0.004643
2021-06-21,0.0,0.067153,0.0,0.033399,0.0,0.0,0.0,0.0,0.044438,0.034378,0.056564,0.079263,0.041103,0.033173,0.053066,0.029777,0.0,0.061109,0.0,0.074937,0.0,0.0,0.0,0.0,0.01927,0.023634,0.010888,0.026947,0.0,0.082261,0.079481,0.0,0.0,0.075806,0.068783,0.0,0.0,0.0,0.0,0.0,0.0,0.0,0.004569
2021-06-22,0.0,0.067013,0.0,0.033417,0.0,0.0,0.0,0.0,0.0439,0.034263,0.05696,0.079753,0.041074,0.033043,0.053292,0.029871,0.0,0.061071,0.0,0.075153,0.0,0.0,0.0,0.0,0.019399,0.023689,0.010981,0.0273,0.0,0.081638,0.079176,0.0,0.0,0.074872,0.069573,0.0,0.0,0.0,0.0,0.0,0.0,0.0,0.004559
2021-06-23,0.0,0.066375,0.0,0.033321,0.0,0.0,0.0,0.0,0.044169,0.034289,0.057207,0.079406,0.041016,0.033009,0.053259,0.030122,0.0,0.06078,0.0,0.074136,0.0,0.0,0.0,0.0,0.019312,0.023708,0.010944,0.027087,0.0,0.081222,0.080761,0.0,0.0,0.074662,0.070671,0.0,0.0,0.0,0.0,0.0,0.0,0.0,0.004543
2021-06-24,0.0,0.066645,0.0,0.033381,0.0,0.0,0.0,0.0,0.044346,0.034506,0.057085,0.07971,0.041299,0.033293,0.053422,0.030435,0.0,0.060763,0.0,0.073901,0.0,0.0,0.0,0.0,0.019327,0.023978,0.010981,0.027055,0.0,0.080601,0.08011,0.0,0.0,0.074002,0.070641,0.0,0.0,0.0,0.0,0.0,0.0,0.0,0.004519
2021-06-25,0.0,0.06644,0.0,0.033458,0.0,0.0,0.0,0.0,0.044307,0.034535,0.057153,0.079401,0.041583,0.033547,0.053428,0.030638,0.0,0.060378,0.0,0.073598,0.0,0.0,0.0,0.0,0.019205,0.023791,0.01093,0.027002,0.0,0.080729,0.080769,0.0,0.0,0.073582,0.071032,0.0,0.0,0.0,0.0,0.0,0.0,0.0,0.004495
2021-06-28,0.0,0.066005,0.0,0.033331,0.0,0.0,0.0,0.0,0.044718,0.034367,0.057235,0.080395,0.041329,0.0328,0.051686,0.029338,0.0,0.059936,0.0,0.074229,0.0,0.0,0.0,0.0,0.01943,0.024388,0.011076,0.027143,0.0,0.080592,0.082098,0.0,0.0,0.075242,0.070158,0.0,0.0,0.0,0.0,0.0,0.0,0.0,0.004501
2021-06-29,0.0,0.066129,0.0,0.033461,0.0,0.0,0.0,0.0,0.044621,0.034283,0.057451,0.080064,0.041236,0.032614,0.051501,0.029219,0.0,0.060007,0.0,0.074943,0.0,0.0,0.0,0.0,0.019597,0.024611,0.011141,0.027133,0.0,0.080476,0.082085,0.0,0.0,0.075049,0.069872,0.0,0.0,0.0,0.0,0.0,0.0,0.0,0.004507
2021-06-30,0.01921,0.073468,0.0,0.054112,0.0,0.0,0.0,0.03447,0.039072,0.0,0.0,0.073695,0.073548,0.0,0.019548,0.053901,0.0,0.073376,0.073615,0.073351,0.0,0.0,0.0,0.0,0.0,0.025574,0.010414,0.027012,0.0,0.07324,0.073569,0.0,0.0,0.041243,0.07367,0.0,0.0,0.0,0.0,0.0,0.0,0.0,0.013912
2021-07-01,0.019169,0.073549,0.0,0.054061,0.0,0.0,0.0,0.034196,0.038823,0.0,0.0,0.073884,0.073772,0.0,0.019794,0.054912,0.0,0.074,0.073661,0.074295,0.0,0.0,0.0,0.0,0.0,0.025087,0.01037,0.026905,0.0,0.073203,0.072801,0.0,0.0,0.040692,0.07298,0.0,0.0,0.0,0.0,0.0,0.0,0.0,0.013848
2021-07-02,0.019267,0.073716,0.0,0.054101,0.0,0.0,0.0,0.034394,0.03899,0.0,0.0,0.074359,0.073652,0.0,0.01974,0.053889,0.0,0.073755,0.073728,0.073833,0.0,0.0,0.0,0.0,0.0,0.025226,0.0105,0.027057,0.0,0.073385,0.072771,0.0,0.0,0.040406,0.073393,0.0,0.0,0.0,0.0,0.0,0.0,0.0,0.013838
2021-07-05,0.019337,0.073701,0.0,0.05422,0.0,0.0,0.0,0.034387,0.038982,0.0,0.0,0.074344,0.073637,0.0,0.019736,0.053878,0.0,0.07374,0.073713,0.073818,0.0,0.0,0.0,0.0,0.0,0.025221,0.010498,0.027051,0.0,0.07337,0.072756,0.0,0.0,0.040397,0.073378,0.0,0.0,0.0,0.0,0.0,0.0,0.0,0.013835
2021-07-06,0.019417,0.073953,0.0,0.054156,0.0,0.0,0.0,0.034412,0.039525,0.0,0.0,0.074892,0.073193,0.0,0.019281,0.052191,0.0,0.073659,0.073332,0.073436,0.0,0.0,0.0,0.0,0.0,0.025425,0.010714,0.027787,0.0,0.074633,0.074236,0.0,0.0,0.039638,0.072148,0.0,0.0,0.0,0.0,0.0,0.0,0.0,0.01397
2021-07-07,0.019388,0.073984,0.0,0.053992,0.0,0.0,0.0,0.0344,0.039345,0.0,0.0,0.07435,0.072871,0.0,0.018858,0.050687,0.0,0.073626,0.073668,0.074165,0.0,0.0,0.0,0.0,0.0,0.024895,0.010655,0.027736,0.0,0.07446,0.076433,0.0,0.0,0.039343,0.073256,0.0,0.0,0.0,0.0,0.0,0.0,0.0,0.013889
2021-07-08,0.01943,0.073995,0.0,0.053853,0.0,0.0,0.0,0.034592,0.039306,0.0,0.0,0.074499,0.072348,0.0,0.018996,0.051641,0.0,0.072169,0.073623,0.072685,0.0,0.0,0.0,0.0,0.0,0.024898,0.010696,0.027989,0.0,0.075228,0.077838,0.0,0.0,0.039569,0.072574,0.0,0.0,0.0,0.0,0.0,0.0,0.0,0.014072
2021-07-09,0.019315,0.073768,0.0,0.053545,0.0,0.0,0.0,0.034281,0.039097,0.0,0.0,0.073764,0.073052,0.0,0.019039,0.051959,0.0,0.072615,0.073674,0.072133,0.0,0.0,0.0,0.0,0.0,0.024834,0.010564,0.027756,0.0,0.075043,0.078809,0.0,0.0,0.038921,0.074019,0.0,0.0,0.0,0.0,0.0,0.0,0.0,0.013811
2021-07-12,0.019271,0.07366,0.0,0.053407,0.0,0.0,0.0,0.034081,0.038984,0.0,0.0,0.073821,0.073305,0.0,0.01889,0.051258,0.0,0.072011,0.073449,0.071596,0.0,0.0,0.0,0.0,0.0,0.024994,0.010422,0.027336,0.0,0.07521,0.081699,0.0,0.0,0.039331,0.073554,0.0,0.0,0.0,0.0,0.0,0.0,0.0,0.013723
2021-07-13,0.019474,0.073861,0.0,0.053778,0.0,0.0,0.0,0.034258,0.039204,0.0,0.0,0.0743,0.073172,0.0,0.018917,0.051069,0.0,0.071976,0.073439,0.070421,0.0,0.0,0.0,0.0,0.0,0.02512,0.010511,0.027498,0.0,0.074832,0.081389,0.0,0.0,0.039798,0.073136,0.0,0.0,0.0,0.0,0.0,0.0,0.0,0.013849
2021-07-14,0.019525,0.074415,0.0,0.053648,0.0,0.0,0.0,0.03467,0.039642,0.0,0.0,0.074682,0.073261,0.0,0.018461,0.048829,0.0,0.072478,0.073718,0.070909,0.0,0.0,0.0,0.0,0.0,0.025151,0.010497,0.02748,0.0,0.075798,0.079916,0.0,0.0,0.040476,0.072513,0.0,0.0,0.0,0.0,0.0,0.0,0.0,0.013929
2021-07-15,0.019487,0.073761,0.0,0.05328,0.0,0.0,0.0,0.034816,0.039634,0.0,0.0,0.074299,0.073645,0.0,0.018239,0.04794,0.0,0.072645,0.073871,0.071058,0.0,0.0,0.0,0.0,0.0,0.024641,0.01039,0.027302,0.0,0.076069,0.081284,0.0,0.0,0.040688,0.072993,0.0,0.0,0.0,0.0,0.0,0.0,0.0,0.013956
2021-07-16,0.019683,0.07429,0.0,0.053828,0.0,0.0,0.0,0.035048,0.04005,0.0,0.0,0.074863,0.073653,0.0,0.017969,0.046681,0.0,0.072625,0.073774,0.071489,0.0,0.0,0.0,0.0,0.0,0.024442,0.010557,0.027712,0.0,0.077079,0.079733,0.0,0.0,0.041368,0.071006,0.0,0.0,0.0,0.0,0.0,0.0,0.0,0.01415
2021-07-19,0.019676,0.07423,0.0,0.053605,0.0,0.0,0.0,0.035407,0.040265,0.0,0.0,0.075194,0.073021,0.0,0.01768,0.045668,0.0,0.072837,0.07363,0.07265,0.0,0.0,0.0,0.0,0.0,0.024904,0.010717,0.028223,0.0,0.077182,0.079637,0.0,0.0,0.041688,0.069356,0.0,0.0,0.0,0.0,0.0,0.0,0.0,0.014432
2021-07-20,0.019533,0.07343,0.0,0.05356,0.0,0.0,0.0,0.035049,0.039701,0.0,0.0,0.074779,0.073586,0.0,0.017619,0.045989,0.0,0.073108,0.073226,0.073237,0.0,0.0,0.0,0.0,0.0,0.024824,0.01074,0.028296,0.0,0.07769,0.080778,0.0,0.0,0.041694,0.068971,0.0,0.0,0.0,0.0,0.0,0.0,0.0,0.014189
2021-07-21,0.019375,0.073489,0.0,0.053377,0.0,0.0,0.0,0.034482,0.039043,0.0,0.0,0.074047,0.073509,0.0,0.017906,0.047336,0.0,0.072663,0.072699,0.073078,0.0,0.0,0.0,0.0,0.0,0.025126,0.010627,0.027932,0.0,0.076287,0.082968,0.0,0.0,0.041566,0.070553,0.0,0.0,0.0,0.0,0.0,0.0,0.0,0.013934
2021-07-22,0.019457,0.07368,0.0,0.053357,0.0,0.0,0.0,0.034718,0.039062,0.0,0.0,0.074373,0.072774,0.0,0.017723,0.046419,0.0,0.072792,0.072795,0.072712,0.0,0.0,0.0,0.0,0.0,0.025002,0.010773,0.028329,0.0,0.075753,0.083251,0.0,0.0,0.042006,0.071078,0.0,0.0,0.0,0.0,0.0,0.0,0.0,0.013948
2021-07-23,0.01954,0.073903,0.0,0.053444,0.0,0.0,0.0,0.034587,0.038827,0.0,0.0,0.075793,0.07249,0.0,0.01756,0.045689,0.0,0.072562,0.0729,0.074242,0.0,0.0,0.0,0.0,0.0,0.02499,0.010855,0.028529,0.0,0.075957,0.081351,0.0,0.0,0.041574,0.071336,0.0,0.0,0.0,0.0,0.0,0.0,0.0,0.013871
2021-07-26,0.019469,0.073759,0.0,0.053163,0.0,0.0,0.0,0.034612,0.038343,0.0,0.0,0.075745,0.072491,0.0,0.01789,0.046819,0.0,0.072259,0.073092,0.072996,0.0,0.0,0.0,0.0,0.0,0.024854,0.010764,0.028199,0.0,0.075556,0.081004,0.0,0.0,0.0423,0.072892,0.0,0.0,0.0,0.0,0.0,0.0,0.0,0.013792
2021-07-27,0.019526,0.074371,0.0,0.053083,0.0,0.0,0.0,0.034563,0.038171,0.0,0.0,0.075631,0.073234,0.0,0.017911,0.045848,0.0,0.071179,0.07396,0.073944,0.0,0.0,0.0,0.0,0.0,0.024654,0.010732,0.028299,0.0,0.076783,0.078173,0.0,0.0,0.042502,0.0735,0.0,0.0,0.0,0.0,0.0,0.0,0.0,0.013936
2021-07-28,0.01948,0.074218,0.0,0.053259,0.0,0.0,0.0,0.034423,0.038292,0.0,0.0,0.075676,0.072608,0.0,0.017945,0.046534,0.0,0.070342,0.073643,0.07296,0.0,0.0,0.0,0.0,0.0,0.024877,0.010739,0.02828,0.0,0.075968,0.080935,0.0,0.0,0.042263,0.073722,0.0,0.0,0.0,0.0,0.0,0.0,0.0,0.013835
2021-07-29,0.019406,0.073975,0.0,0.053114,0.0,0.0,0.0,0.034208,0.038511,0.0,0.0,0.074043,0.072603,0.0,0.01792,0.045959,0.0,0.069914,0.073638,0.074779,0.0,0.0,0.0,0.0,0.0,0.025107,0.010633,0.028056,0.0,0.075151,0.082607,0.0,0.0,0.041648,0.075042,0.0,0.0,0.0,0.0,0.0,0.0,0.0,0.013684
2021-07-30,0.055719,0.0,0.0,0.039915,0.0,0.0,0.0,0.0,0.095984,0.0,0.0,0.095909,0.095913,0.0,0.04795,0.047663,0.056711,0.016447,0.0,0.095937,0.09605,0.0,0.0,0.0,0.026195,0.025423,0.026314,0.017663,0.0,0.095853,0.0,0.0,0.0,0.037257,0.0,0.0,0.0,0.0,0.0,0.0,0.0,0.0,0.027095
2021-08-02,0.056091,0.0,0.0,0.040097,0.0,0.0,0.0,0.0,0.096305,0.0,0.0,0.095782,0.096033,0.0,0.047637,0.046759,0.056377,0.016397,0.0,0.096192,0.096275,0.0,0.0,0.0,0.026126,0.025608,0.026347,0.01776,0.0,0.095739,0.0,0.0,0.0,0.037354,0.0,0.0,0.0,0.0,0.0,0.0,0.0,0.0,0.027121
2021-08-03,0.055473,0.0,0.0,0.039655,0.0,0.0,0.0,0.0,0.096606,0.0,0.0,0.094669,0.096417,0.0,0.048107,0.04738,0.056704,0.016465,0.0,0.096743,0.096916,0.0,0.0,0.0,0.026106,0.025619,0.026174,0.017644,0.0,0.095171,0.0,0.0,0.0,0.037226,0.0,0.0,0.0,0.0,0.0,0.0,0.0,0.0,0.026924
2021-08-04,0.055945,0.0,0.0,0.039959,0.0,0.0,0.0,0.0,0.09809,0.0,0.0,0.095459,0.096136,0.0,0.047063,0.045502,0.056245,0.016233,0.0,0.095911,0.097037,0.0,0.0,0.0,0.026303,0.026023,0.026596,0.017777,0.0,0.095399,0.0,0.0,0.0,0.037252,0.0,0.0,0.0,0.0,0.0,0.0,0.0,0.0,0.027072
2021-08-05,0.055795,0.0,0.0,0.039925,0.0,0.0,0.0,0.0,0.097752,0.0,0.0,0.095646,0.096703,0.0,0.047258,0.046389,0.056106,0.016314,0.0,0.095841,0.09595,0.0,0.0,0.0,0.02626,0.025842,0.026646,0.017679,0.0,0.09583,0.0,0.0,0.0,0.037185,0.0,0.0,0.0,0.0,0.0,0.0,0.0,0.0,0.026879
2021-08-06,0.055682,0.0,0.0,0.040098,0.0,0.0,0.0,0.0,0.096755,0.0,0.0,0.09552,0.098527,0.0,0.047628,0.046847,0.056293,0.016411,0.0,0.094997,0.095744,0.0,0.0,0.0,0.026203,0.025679,0.026487,0.017377,0.0,0.095533,0.0,0.0,0.0,0.037373,0.0,0.0,0.0,0.0,0.0,0.0,0.0,0.0,0.026846
2021-08-09,0.055875,0.0,0.0,0.040169,0.0,0.0,0.0,0.0,0.096616,0.0,0.0,0.095654,0.099105,0.0,0.047106,0.046219,0.05625,0.016326,0.0,0.094796,0.096421,0.0,0.0,0.0,0.026202,0.025675,0.026586,0.017484,0.0,0.09533,0.0,0.0,0.0,0.037255,0.0,0.0,0.0,0.0,0.0,0.0,0.0,0.0,0.026932
2021-08-10,0.055734,0.0,0.0,0.040276,0.0,0.0,0.0,0.0,0.095405,0.0,0.0,0.095542,0.099839,0.0,0.047788,0.047348,0.056647,0.016486,0.0,0.095725,0.095899,0.0,0.0,0.0,0.025934,0.025298,0.026183,0.017226,0.0,0.094132,0.0,0.0,0.0,0.037694,0.0,0.0,0.0,0.0,0.0,0.0,0.0,0.0,0.026845
2021-08-11,0.055599,0.0,0.0,0.039967,0.0,0.0,0.0,0.0,0.094932,0.0,0.0,0.095237,0.100468,0.0,0.047916,0.047276,0.057087,0.016669,0.0,0.097879,0.094463,0.0,0.0,0.0,0.025804,0.025082,0.025983,0.01707,0.0,0.094202,0.0,0.0,0.0,0.037659,0.0,0.0,0.0,0.0,0.0,0.0,0.0,0.0,0.026706
2021-08-12,0.055632,0.0,0.0,0.040044,0.0,0.0,0.0,0.0,0.094528,0.0,0.0,0.095333,0.100568,0.0,0.04783,0.047097,0.056933,0.016666,0.0,0.09706,0.095131,0.0,0.0,0.0,0.025932,0.024793,0.026218,0.017277,0.0,0.094331,0.0,0.0,0.0,0.037944,0.0,0.0,0.0,0.0,0.0,0.0,0.0,0.0,0.026683
2021-08-13,0.056006,0.0,0.0,0.040067,0.0,0.0,0.0,0.0,0.093573,0.0,0.0,0.095629,0.100068,0.0,0.047384,0.045612,0.056897,0.016686,0.0,0.097238,0.095966,0.0,0.0,0.0,0.026138,0.025011,0.026354,0.017398,0.0,0.095084,0.0,0.0,0.0,0.038137,0.0,0.0,0.0,0.0,0.0,0.0,0.0,0.0,0.026751
2021-08-16,0.055846,0.0,0.0,0.039902,0.0,0.0,0.0,0.0,0.093249,0.0,0.0,0.095963,0.099989,0.0,0.046596,0.044355,0.057195,0.016752,0.0,0.09789,0.097232,0.0,0.0,0.0,0.026304,0.024963,0.026211,0.017251,0.0,0.095139,0.0,0.0,0.0,0.038364,0.0,0.0,0.0,0.0,0.0,0.0,0.0,0.0,0.026799
2021-08-17,0.056284,0.0,0.0,0.039929,0.0,0.0,0.0,0.0,0.091383,0.0,0.0,0.096128,0.100288,0.0,0.04658,0.044492,0.057147,0.016744,0.0,0.095381,0.099374,0.0,0.0,0.0,0.026349,0.024727,0.026292,0.017325,0.0,0.095999,0.0,0.0,0.0,0.038511,0.0,0.0,0.0,0.0,0.0,0.0,0.0,0.0,0.027068
2021-08-18,0.056596,0.0,0.0,0.040547,0.0,0.0,0.0,0.0,0.093436,0.0,0.0,0.096047,0.099732,0.0,0.045922,0.043539,0.056908,0.016729,0.0,0.095817,0.098533,0.0,0.0,0.0,0.026163,0.024567,0.026352,0.017291,0.0,0.095775,0.0,0.0,0.0,0.038795,0.0,0.0,0.0,0.0,0.0,0.0,0.0,0.0,0.027252
2021-08-19,0.056301,0.0,0.0,0.039936,0.0,0.0,0.0,0.0,0.092145,0.0,0.0,0.096681,0.099633,0.0,0.04502,0.042486,0.056877,0.016658,0.0,0.096139,0.09962,0.0,0.0,0.0,0.02659,0.024929,0.026708,0.01749,0.0,0.096861,0.0,0.0,0.0,0.0385,0.0,0.0,0.0,0.0,0.0,0.0,0.0,0.0,0.027426
2021-08-20,0.056228,0.0,0.0,0.039945,0.0,0.0,0.0,0.0,0.092094,0.0,0.0,0.096885,0.099594,0.0,0.044825,0.042379,0.056657,0.016609,0.0,0.097295,0.099536,0.0,0.0,0.0,0.026758,0.024953,0.026856,0.017551,0.0,0.096714,0.0,0.0,0.0,0.037868,0.0,0.0,0.0,0.0,0.0,0.0,0.0,0.0,0.027254
2021-08-23,0.056294,0.0,0.0,0.039946,0.0,0.0,0.0,0.0,0.093097,0.0,0.0,0.096981,0.099313,0.0,0.045996,0.044033,0.056494,0.016577,0.0,0.095922,0.098481,0.0,0.0,0.0,0.026806,0.025374,0.026993,0.017595,0.0,0.095474,0.0,0.0,0.0,0.037672,0.0,0.0,0.0,0.0,0.0,0.0,0.0,0.0,0.026952
2021-08-24,0.056107,0.0,0.0,0.040031,0.0,0.0,0.0,0.0,0.092788,0.0,0.0,0.096767,0.099373,0.0,0.046506,0.045106,0.056471,0.016524,0.0,0.096717,0.097603,0.0,0.0,0.0,0.02663,0.025237,0.027024,0.01791,0.0,0.094538,0.0,0.0,0.0,0.037863,0.0,0.0,0.0,0.0,0.0,0.0,0.0,0.0,0.026805
2021-08-25,0.055855,0.0,0.0,0.040112,0.0,0.0,0.0,0.0,0.093661,0.0,0.0,0.096325,0.099929,0.0,0.046575,0.045634,0.056488,0.016529,0.0,0.097115,0.096743,0.0,0.0,0.0,0.026453,0.025274,0.026919,0.018041,0.0,0.093899,0.0,0.0,0.0,0.037809,0.0,0.0,0.0,0.0,0.0,0.0,0.0,0.0,0.026639
2021-08-26,0.05602,0.0,0.0,0.040129,0.0,0.0,0.0,0.0,0.093538,0.0,0.0,0.096095,0.100069,0.0,0.04616,0.045143,0.056596,0.016518,0.0,0.096404,0.096975,0.0,0.0,0.0,0.026453,0.025458,0.02697,0.018223,0.0,0.09453,0.0,0.0,0.0,0.03791,0.0,0.0,0.0,0.0,0.0,0.0,0.0,0.0,0.026808
2021-08-27,0.05556,0.0,0.0,0.04002,0.0,0.0,0.0,0.0,0.09424,0.0,0.0,0.096287,0.100014,0.0,0.046745,0.046878,0.056211,0.016443,0.0,0.09661,0.095548,0.0,0.0,0.0,0.026345,0.02559,0.027011,0.018148,0.0,0.09422,0.0,0.0,0.0,0.037687,0.0,0.0,0.0,0.0,0.0,0.0,0.0,0.0,0.026443
2021-08-30,0.055539,0.0,0.0,0.040087,0.0,0.0,0.0,0.0,0.094866,0.0,0.0,0.096909,0.098566,0.0,0.046177,0.046084,0.056126,0.016305,0.0,0.096311,0.096051,0.0,0.0,0.0,0.026618,0.025632,0.027124,0.018239,0.0,0.095126,0.0,0.0,0.0,0.037809,0.0,0.0,0.0,0.0,0.0,0.0,0.0,0.0,0.026432
2021-08-31,0.04757,0.070673,0.0,0.022588,0.0,0.0,0.030879,0.0,0.069713,0.0,0.0,0.070218,0.070442,0.0,0.043677,0.0,0.070484,0.0,0.0,0.067165,0.070484,0.0,0.0,0.0,0.017659,0.017297,0.017214,0.017446,0.0,0.070483,0.07042,0.0,0.0,0.069481,0.043371,0.0,0.0,0.038592,0.0,0.0,0.0,0.0,0.004145
2021-09-01,0.047718,0.071152,0.0,0.022597,0.0,0.0,0.031084,0.0,0.069878,0.0,0.0,0.070554,0.070022,0.0,0.043026,0.0,0.070197,0.0,0.0,0.0678,0.070487,0.0,0.0,0.0,0.017659,0.017198,0.017269,0.017482,0.0,0.071595,0.069251,0.0,0.0,0.06921,0.043079,0.0,0.0,0.038599,0.0,0.0,0.0,0.0,0.004144
2021-09-02,0.047727,0.071292,0.0,0.02274,0.0,0.0,0.030394,0.0,0.069595,0.0,0.0,0.069858,0.07004,0.0,0.043979,0.0,0.07073,0.0,0.0,0.06757,0.07102,0.0,0.0,0.0,0.017585,0.017209,0.017198,0.017589,0.0,0.071746,0.068582,0.0,0.0,0.069065,0.043459,0.0,0.0,0.038493,0.0,0.0,0.0,0.0,0.00413
2021-09-03,0.047794,0.071148,0.0,0.022671,0.0,0.0,0.030356,0.0,0.070269,0.0,0.0,0.069964,0.069707,0.0,0.043794,0.0,0.070406,0.0,0.0,0.066912,0.071206,0.0,0.0,0.0,0.017681,0.017364,0.017385,0.017741,0.0,0.071868,0.067726,0.0,0.0,0.069134,0.04424,0.0,0.0,0.038498,0.0,0.0,0.0,0.0,0.004136
2021-09-06,0.048016,0.07112,0.0,0.022819,0.0,0.0,0.030344,0.0,0.070241,0.0,0.0,0.069937,0.069679,0.0,0.043777,0.0,0.070378,0.0,0.0,0.066885,0.071178,0.0,0.0,0.0,0.017674,0.017357,0.017378,0.017734,0.0,0.071839,0.067699,0.0,0.0,0.069107,0.044223,0.0,0.0,0.038482,0.0,0.0,0.0,0.0,0.004134
2021-09-07,0.047859,0.071119,0.0,0.022785,0.0,0.0,0.030647,0.0,0.070167,0.0,0.0,0.07037,0.069524,0.0,0.043683,0.0,0.069426,0.0,0.0,0.066415,0.071033,0.0,0.0,0.0,0.017747,0.01736,0.017258,0.017609,0.0,0.071303,0.070094,0.0,0.0,0.068936,0.043981,0.0,0.0,0.038534,0.0,0.0,0.0,0.0,0.004151
2021-09-08,0.048043,0.071048,0.0,0.022752,0.0,0.0,0.029172,0.0,0.0695,0.0,0.0,0.070674,0.070019,0.0,0.043533,0.0,0.070182,0.0,0.0,0.065673,0.071678,0.0,0.0,0.0,0.017847,0.0173,0.017312,0.017674,0.0,0.072342,0.069879,0.0,0.0,0.069151,0.042974,0.0,0.0,0.039059,0.0,0.0,0.0,0.0,0.00419
2021-09-09,0.048195,0.070869,0.0,0.022898,0.0,0.0,0.03014,0.0,0.070187,0.0,0.0,0.070362,0.070259,0.0,0.043647,0.0,0.069877,0.0,0.0,0.065568,0.070887,0.0,0.0,0.0,0.017789,0.01737,0.017291,0.017645,0.0,0.070908,0.070631,0.0,0.0,0.068599,0.0434,0.0,0.0,0.039285,0.0,0.0,0.0,0.0,0.004192
2021-09-10,0.048143,0.070899,0.0,0.022857,0.0,0.0,0.029792,0.0,0.070975,0.0,0.0,0.070138,0.069971,0.0,0.043773,0.0,0.069794,0.0,0.0,0.065618,0.070471,0.0,0.0,0.0,0.017672,0.017566,0.017242,0.017467,0.0,0.070103,0.071107,0.0,0.0,0.068532,0.044367,0.0,0.0,0.039306,0.0,0.0,0.0,0.0,0.004206
2021-09-13,0.047823,0.071123,0.0,0.022819,0.0,0.0,0.030358,0.0,0.071115,0.0,0.0,0.070129,0.070586,0.0,0.04491,0.0,0.069796,0.0,0.0,0.065371,0.069854,0.0,0.0,0.0,0.017631,0.017688,0.01698,0.017431,0.0,0.070392,0.069738,0.0,0.0,0.068168,0.044691,0.0,0.0,0.039203,0.0,0.0,0.0,0.0,0.004195
2021-09-14,0.048027,0.0712,0.0,0.022813,0.0,0.0,0.030168,0.0,0.071072,0.0,0.0,0.069779,0.069896,0.0,0.044424,0.0,0.06921,0.0,0.0,0.064614,0.070101,0.0,0.0,0.0,0.017673,0.017754,0.017081,0.017499,0.0,0.070526,0.071784,0.0,0.0,0.06853,0.04427,0.0,0.0,0.039369,0.0,0.0,0.0,0.0,0.00421
2021-09-15,0.047528,0.070692,0.0,0.022636,0.0,0.0,0.029786,0.0,0.070576,0.0,0.0,0.06961,0.070053,0.0,0.045749,0.0,0.069461,0.0,0.0,0.064523,0.070042,0.0,0.0,0.0,0.017698,0.017726,0.017123,0.017457,0.0,0.070236,0.072233,0.0,0.0,0.068727,0.044861,0.0,0.0,0.039103,0.0,0.0,0.0,0.0,0.004179
2021-09-16,0.047791,0.071078,0.0,0.022863,0.0,0.0,0.029471,0.0,0.070448,0.0,0.0,0.069954,0.070261,0.0,0.045496,0.0,0.069392,0.0,0.0,0.065593,0.070275,0.0,0.0,0.0,0.017813,0.017865,0.017329,0.017618,0.0,0.070709,0.070221,0.0,0.0,0.069096,0.043254,0.0,0.0,0.03927,0.0,0.0,0.0,0.0,0.004204
2021-09-17,0.047993,0.070555,0.0,0.023004,0.0,0.0,0.028911,0.0,0.07061,0.0,0.0,0.069781,0.070553,0.0,0.04555,0.0,0.06925,0.0,0.0,0.066295,0.070956,0.0,0.0,0.0,0.017688,0.017733,0.017363,0.017595,0.0,0.070686,0.070368,0.0,0.0,0.069139,0.042235,0.0,0.0,0.039498,0.0,0.0,0.0,0.0,0.004241
2021-09-20,0.048134,0.070683,0.0,0.023055,0.0,0.0,0.02867,0.0,0.069877,0.0,0.0,0.069865,0.070414,0.0,0.045119,0.0,0.069943,0.0,0.0,0.066074,0.071741,0.0,0.0,0.0,0.017743,0.017669,0.017428,0.017666,0.0,0.07178,0.068369,0.0,0.0,0.069957,0.041089,0.0,0.0,0.040393,0.0,0.0,0.0,0.0,0.004333
2021-09-21,0.048327,0.07123,0.0,0.023199,0.0,0.0,0.02916,0.0,0.070073,0.0,0.0,0.069388,0.070131,0.0,0.045104,0.0,0.069391,0.0,0.0,0.065698,0.07166,0.0,0.0,0.0,0.017703,0.017675,0.017416,0.017612,0.0,0.071624,0.069303,0.0,0.0,0.069696,0.041029,0.0,0.0,0.040258,0.0,0.0,0.0,0.0,0.004321
2021-09-22,0.048103,0.071121,0.0,0.023188,0.0,0.0,0.029269,0.0,0.070068,0.0,0.0,0.068593,0.070521,0.0,0.045984,0.0,0.069174,0.0,0.0,0.065574,0.070992,0.0,0.0,0.0,0.017749,0.017843,0.017384,0.017663,0.0,0.071528,0.070045,0.0,0.0,0.069568,0.041585,0.0,0.0,0.039776,0.0,0.0,0.0,0.0,0.004273
2021-09-23,0.047995,0.071228,0.0,0.023151,0.0,0.0,0.029322,0.0,0.070248,0.0,0.0,0.068479,0.071398,0.0,0.047034,0.0,0.069406,0.0,0.0,0.064866,0.070662,0.0,0.0,0.0,0.017774,0.017868,0.017457,0.01762,0.0,0.070545,0.070167,0.0,0.0,0.0696,0.041789,0.0,0.0,0.039167,0.0,0.0,0.0,0.0,0.004223
2021-09-24,0.047873,0.070562,0.0,0.023161,0.0,0.0,0.028979,0.0,0.07016,0.0,0.0,0.069213,0.071953,0.0,0.047506,0.0,0.069725,0.0,0.0,0.064907,0.07055,0.0,0.0,0.0,0.017831,0.017892,0.017557,0.017671,0.0,0.069965,0.069872,0.0,0.0,0.069773,0.041449,0.0,0.0,0.039166,0.0,0.0,0.0,0.0,0.004233
2021-09-27,0.047832,0.07034,0.0,0.023308,0.0,0.0,0.028852,0.0,0.070272,0.0,0.0,0.069088,0.07281,0.0,0.049113,0.0,0.069677,0.0,0.0,0.065351,0.069428,0.0,0.0,0.0,0.017629,0.017819,0.017233,0.017469,0.0,0.068909,0.069729,0.0,0.0,0.070175,0.041619,0.0,0.0,0.039119,0.0,0.0,0.0,0.0,0.004226
2021-09-28,0.047718,0.06994,0.0,0.023318,0.0,0.0,0.028312,0.0,0.069983,0.0,0.0,0.068633,0.072913,0.0,0.05018,0.0,0.070126,0.0,0.0,0.064643,0.069483,0.0,0.0,0.0,0.017418,0.017434,0.016911,0.01719,0.0,0.069691,0.068693,0.0,0.0,0.071682,0.041683,0.0,0.0,0.039746,0.0,0.0,0.0,0.0,0.004303
2021-09-29,0.047853,0.069776,0.0,0.023326,0.0,0.0,0.028521,0.0,0.069014,0.0,0.0,0.068652,0.073054,0.0,0.050238,0.0,0.070284,0.0,0.0,0.065167,0.070112,0.0,0.0,0.0,0.017416,0.017179,0.016891,0.017168,0.0,0.070294,0.068233,0.0,0.0,0.071764,0.040937,0.0,0.0,0.039813,0.0,0.0,0.0,0.0,0.004308
2021-09-30,0.085065,0.061036,0.0,0.0,0.0,0.0,0.033152,0.058491,0.026562,0.0,0.029388,0.085016,0.069796,0.0,0.0,0.0,0.0,0.0,0.037106,0.044197,0.08468,0.0,0.0,0.057057,0.018397,0.015225,0.018098,0.018243,0.01382,0.085173,0.085025,0.0,0.0,0.069937,0.0,0.0,0.0,0.0,0.0,0.0,0.0,0.0,0.004537
2021-10-01,0.084058,0.060975,0.0,0.0,0.0,0.0,0.033886,0.058619,0.026312,0.0,0.029396,0.085827,0.070438,0.0,0.0,0.0,0.0,0.0,0.037426,0.044032,0.084091,0.0,0.0,0.056647,0.01854,0.015125,0.018232,0.018368,0.013552,0.085757,0.083765,0.0,0.0,0.070451,0.0,0.0,0.0,0.0,0.0,0.0,0.0,0.0,0.004504
2021-10-04,0.084245,0.06138,0.0,0.0,0.0,0.0,0.03322,0.059024,0.025948,0.0,0.029509,0.084968,0.070657,0.0,0.0,0.0,0.0,0.0,0.037705,0.044413,0.083791,0.0,0.0,0.058108,0.018325,0.014911,0.017894,0.018206,0.0132,0.086791,0.082007,0.0,0.0,0.071139,0.0,0.0,0.0,0.0,0.0,0.0,0.0,0.0,0.004557
2021-10-05,0.08488,0.061155,0.0,0.0,0.0,0.0,0.032743,0.059216,0.025919,0.0,0.029376,0.085503,0.071427,0.0,0.0,0.0,0.0,0.0,0.037716,0.044108,0.083575,0.0,0.0,0.057471,0.018428,0.015007,0.018044,0.018268,0.013268,0.08546,0.08382,0.0,0.0,0.070097,0.0,0.0,0.0,0.0,0.0,0.0,0.0,0.0,0.004518
2021-10-06,0.083796,0.060803,0.0,0.0,0.0,0.0,0.032922,0.058687,0.025862,0.0,0.029491,0.085717,0.071556,0.0,0.0,0.0,0.0,0.0,0.037675,0.044408,0.083487,0.0,0.0,0.058406,0.018563,0.015078,0.018169,0.018438,0.013267,0.086344,0.082768,0.0,0.0,0.070041,0.0,0.0,0.0,0.0,0.0,0.0,0.0,0.0,0.004521
2021-10-07,0.085046,0.060655,0.0,0.0,0.0,0.0,0.032435,0.058453,0.026086,0.0,0.029655,0.08524,0.071274,0.0,0.0,0.0,0.0,0.0,0.03779,0.044624,0.083762,0.0,0.0,0.057522,0.018548,0.015104,0.018217,0.018545,0.013293,0.085725,0.083653,0.0,0.0,0.069894,0.0,0.0,0.0,0.0,0.0,0.0,0.0,0.0,0.004478
2021-10-08,0.085066,0.060951,0.0,0.0,0.0,0.0,0.033218,0.058656,0.025998,0.0,0.029646,0.085184,0.071929,0.0,0.0,0.0,0.0,0.0,0.037742,0.044431,0.083698,0.0,0.0,0.057344,0.018558,0.015013,0.018162,0.018484,0.013272,0.085279,0.082499,0.0,0.0,0.070374,0.0,0.0,0.0,0.0,0.0,0.0,0.0,0.0,0.004496
2021-10-11,0.085652,0.060842,0.0,0.0,0.0,0.0,0.032996,0.058731,0.026058,0.0,0.029648,0.084248,0.071505,0.0,0.0,0.0,0.0,0.0,0.037903,0.044575,0.08339,0.0,0.0,0.056799,0.018532,0.014974,0.018193,0.018512,0.01324,0.085849,0.083388,0.0,0.0,0.070447,0.0,0.0,0.0,0.0,0.0,0.0,0.0,0.0,0.004515
2021-10-12,0.084853,0.061107,0.0,0.0,0.0,0.0,0.032927,0.059006,0.02571,0.0,0.029895,0.0835,0.071311,0.0,0.0,0.0,0.0,0.0,0.03797,0.044772,0.083019,0.0,0.0,0.057204,0.018443,0.014793,0.018408,0.018758,0.013336,0.087008,0.082988,0.0,0.0,0.070475,0.0,0.0,0.0,0.0,0.0,0.0,0.0,0.0,0.004516
2021-10-13,0.084141,0.06151,0.0,0.0,0.0,0.0,0.033189,0.059284,0.025488,0.0,0.029796,0.083207,0.070326,0.0,0.0,0.0,0.0,0.0,0.037943,0.044671,0.082473,0.0,0.0,0.057399,0.018405,0.014757,0.018632,0.018993,0.013399,0.086927,0.086163,0.0,0.0,0.068817,0.0,0.0,0.0,0.0,0.0,0.0,0.0,0.0,0.004479
2021-10-14,0.084503,0.061362,0.0,0.0,0.0,0.0,0.032647,0.05901,0.025454,0.0,0.029708,0.083258,0.07055,0.0,0.0,0.0,0.0,0.0,0.038348,0.045281,0.082543,0.0,0.0,0.057332,0.01857,0.015013,0.018674,0.019091,0.013618,0.086814,0.085654,0.0,0.0,0.068151,0.0,0.0,0.0,0.0,0.0,0.0,0.0,0.0,0.00442
2021-10-15,0.084764,0.061472,0.0,0.0,0.0,0.0,0.033251,0.058779,0.025682,0.0,0.029991,0.082588,0.071193,0.0,0.0,0.0,0.0,0.0,0.038243,0.044745,0.082479,0.0,0.0,0.056841,0.018612,0.015027,0.018615,0.018993,0.013749,0.086255,0.086282,0.0,0.0,0.068046,0.0,0.0,0.0,0.0,0.0,0.0,0.0,0.0,0.004395
2021-10-18,0.084558,0.060995,0.0,0.0,0.0,0.0,0.032744,0.058624,0.025508,0.0,0.030259,0.082957,0.070981,0.0,0.0,0.0,0.0,0.0,0.038092,0.045342,0.081653,0.0,0.0,0.056113,0.018709,0.015099,0.018761,0.019159,0.013624,0.086194,0.088527,0.0,0.0,0.06772,0.0,0.0,0.0,0.0,0.0,0.0,0.0,0.0,0.00438
2021-10-19,0.084884,0.061096,0.0,0.0,0.0,0.0,0.031177,0.058163,0.025837,0.0,0.030056,0.083428,0.0714,0.0,0.0,0.0,0.0,0.0,0.038141,0.045093,0.082402,0.0,0.0,0.056598,0.01882,0.015224,0.018854,0.019098,0.013673,0.085896,0.088519,0.0,0.0,0.067279,0.0,0.0,0.0,0.0,0.0,0.0,0.0,0.0,0.004363
2021-10-20,0.084727,0.060979,0.0,0.0,0.0,0.0,0.031197,0.05763,0.025608,0.0,0.029853,0.08309,0.071542,0.0,0.0,0.0,0.0,0.0,0.038218,0.045589,0.083078,0.0,0.0,0.057147,0.018656,0.015101,0.018707,0.019038,0.013526,0.086726,0.088167,0.0,0.0,0.067085,0.0,0.0,0.0,0.0,0.0,0.0,0.0,0.0,0.004337
2021-10-21,0.08473,0.06112,0.0,0.0,0.0,0.0,0.029771,0.057381,0.025585,0.0,0.030367,0.083539,0.071415,0.0,0.0,0.0,0.0,0.0,0.038213,0.045689,0.083621,0.0,0.0,0.057288,0.018774,0.015291,0.018946,0.019217,0.013447,0.08706,0.087619,0.0,0.0,0.066584,0.0,0.0,0.0,0.0,0.0,0.0,0.0,0.0,0.004347
2021-10-22,0.084939,0.061467,0.0,0.0,0.0,0.0,0.029776,0.056922,0.025504,0.0,0.030284,0.081838,0.072475,0.0,0.0,0.0,0.0,0.0,0.038173,0.04567,0.08403,0.0,0.0,0.057628,0.018725,0.015133,0.018844,0.019201,0.013455,0.087543,0.087435,0.0,0.0,0.066606,0.0,0.0,0.0,0.0,0.0,0.0,0.0,0.0,0.004351
2021-10-25,0.084624,0.060771,0.0,0.0,0.0,0.0,0.030647,0.05646,0.025511,0.0,0.030796,0.081561,0.071827,0.0,0.0,0.0,0.0,0.0,0.038258,0.045655,0.083483,0.0,0.0,0.056937,0.018641,0.015119,0.018793,0.019175,0.013502,0.087147,0.090128,0.0,0.0,0.066649,0.0,0.0,0.0,0.0,0.0,0.0,0.0,0.0,0.004317
2021-10-26,0.085034,0.060982,0.0,0.0,0.0,0.0,0.029939,0.057025,0.025739,0.0,0.03079,0.080807,0.071857,0.0,0.0,0.0,0.0,0.0,0.038353,0.045405,0.083868,0.0,0.0,0.057224,0.018688,0.015125,0.018739,0.018987,0.013386,0.087357,0.089368,0.0,0.0,0.067011,0.0,0.0,0.0,0.0,0.0,0.0,0.0,0.0,0.004315
2021-10-27,0.085188,0.061141,0.0,0.0,0.0,0.0,0.030203,0.057105,0.025881,0.0,0.031039,0.081055,0.071083,0.0,0.0,0.0,0.0,0.0,0.038024,0.045478,0.083688,0.0,0.0,0.057173,0.01878,0.015104,0.018684,0.018929,0.01324,0.087122,0.089482,0.0,0.0,0.067261,0.0,0.0,0.0,0.0,0.0,0.0,0.0,0.0,0.004341
2021-10-28,0.084941,0.061344,0.0,0.0,0.0,0.0,0.029491,0.056073,0.025927,0.0,0.03121,0.080695,0.071404,0.0,0.0,0.0,0.0,0.0,0.038107,0.045757,0.083741,0.0,0.0,0.057108,0.018823,0.015326,0.018763,0.018929,0.013454,0.087662,0.08988,0.0,0.0,0.067058,0.0,0.0,0.0,0.0,0.0,0.0,0.0,0.0,0.004307
2021-10-29,0.038343,0.0,0.069557,0.038722,0.0,0.0,0.0,0.077274,0.0,0.0,0.0,0.0,0.07749,0.0,0.017447,0.059658,0.0,0.0,0.0,0.0,0.07713,0.0,0.0,0.0,0.02156,0.0,0.021304,0.021375,0.012542,0.076948,0.076973,0.0,0.0,0.077443,0.0,0.0,0.03855,0.038483,0.038682,0.038387,0.077373,0.0,0.00476
2021-11-01,0.038307,0.0,0.070186,0.03902,0.0,0.0,0.0,0.07776,0.0,0.0,0.0,0.0,0.077069,0.0,0.017643,0.0611,0.0,0.0,0.0,0.0,0.076581,0.0,0.0,0.0,0.0214,0.0,0.02113,0.021217,0.012732,0.076871,0.076725,0.0,0.0,0.077902,0.0,0.0,0.038318,0.038104,0.038412,0.038091,0.076703,0.0,0.004731
2021-11-02,0.038349,0.0,0.070014,0.038987,0.0,0.0,0.0,0.077706,0.0,0.0,0.0,0.0,0.07716,0.0,0.017454,0.060375,0.0,0.0,0.0,0.0,0.076962,0.0,0.0,0.0,0.021561,0.0,0.021148,0.021276,0.012772,0.077136,0.076941,0.0,0.0,0.077522,0.0,0.0,0.038362,0.038206,0.038455,0.038188,0.076702,0.0,0.004725
2021-11-03,0.038303,0.0,0.070339,0.039221,0.0,0.0,0.0,0.077863,0.0,0.0,0.0,0.0,0.077337,0.0,0.017285,0.059728,0.0,0.0,0.0,0.0,0.077305,0.0,0.0,0.0,0.021656,0.0,0.021067,0.02132,0.012863,0.077285,0.077106,0.0,0.0,0.077333,0.0,0.0,0.038188,0.038098,0.038476,0.038036,0.076474,0.0,0.004718
2021-11-04,0.038503,0.0,0.070698,0.03936,0.0,0.0,0.0,0.077689,0.0,0.0,0.0,0.0,0.07617,0.0,0.017274,0.059251,0.0,0.0,0.0,0.0,0.076617,0.0,0.0,0.0,0.02195,0.0,0.021238,0.021551,0.013096,0.076395,0.078449,0.0,0.0,0.076937,0.0,0.0,0.038316,0.038272,0.038499,0.038158,0.07687,0.0,0.004708
2021-11-05,0.038652,0.0,0.070618,0.039605,0.0,0.0,0.0,0.078063,0.0,0.0,0.0,0.0,0.076024,0.0,0.017457,0.060735,0.0,0.0,0.0,0.0,0.075578,0.0,0.0,0.0,0.02201,0.0,0.021024,0.021436,0.013058,0.0766,0.077185,0.0,0.0,0.076354,0.0,0.0,0.038433,0.038313,0.038551,0.038345,0.077263,0.0,0.004696
2021-11-08,0.038425,0.0,0.070069,0.03944,0.0,0.0,0.0,0.078709,0.0,0.0,0.0,0.0,0.07601,0.0,0.017516,0.061361,0.0,0.0,0.0,0.0,0.075598,0.0,0.0,0.0,0.022004,0.0,0.021183,0.021661,0.013011,0.076105,0.079157,0.0,0.0,0.075726,0.0,0.0,0.038051,0.038223,0.038285,0.038041,0.076757,0.0,0.00467
2021-11-09,0.03836,0.0,0.069778,0.039249,0.0,0.0,0.0,0.078176,0.0,0.0,0.0,0.0,0.075755,0.0,0.017625,0.06137,0.0,0.0,0.0,0.0,0.075481,0.0,0.0,0.0,0.02196,0.0,0.021308,0.021804,0.012907,0.076399,0.078196,0.0,0.0,0.07644,0.0,0.0,0.038307,0.038528,0.038397,0.038223,0.077059,0.0,0.00468
2021-11-10,0.038727,0.0,0.069416,0.039783,0.0,0.0,0.0,0.078627,0.0,0.0,0.0,0.0,0.076425,0.0,0.017341,0.059116,0.0,0.0,0.0,0.0,0.076499,0.0,0.0,0.0,0.021827,0.0,0.020919,0.021665,0.012508,0.076851,0.077036,0.0,0.0,0.077769,0.0,0.0,0.038382,0.038817,0.038587,0.038234,0.076739,0.0,0.004729
2021-11-11,0.038364,0.0,0.069485,0.039628,0.0,0.0,0.0,0.078516,0.0,0.0,0.0,0.0,0.076267,0.0,0.017324,0.059731,0.0,0.0,0.0,0.0,0.07591,0.0,0.0,0.0,0.021823,0.0,0.020919,0.021655,0.012475,0.076608,0.079409,0.0,0.0,0.077833,0.0,0.0,0.038075,0.038625,0.038336,0.037942,0.076371,0.0,0.004706
2021-11-12,0.038384,0.0,0.070179,0.039528,0.0,0.0,0.0,0.079119,0.0,0.0,0.0,0.0,0.0761,0.0,0.017205,0.059334,0.0,0.0,0.0,0.0,0.075948,0.0,0.0,0.0,0.021991,0.0,0.021174,0.021867,0.012609,0.076213,0.079007,0.0,0.0,0.078081,0.0,0.0,0.037985,0.038448,0.038179,0.037734,0.076227,0.0,0.004686
2021-11-15,0.038575,0.0,0.070286,0.039775,0.0,0.0,0.0,0.079073,0.0,0.0,0.0,0.0,0.076281,0.0,0.01739,0.05988,0.0,0.0,0.0,0.0,0.075657,0.0,0.0,0.0,0.022021,0.0,0.02111,0.02158,0.012505,0.076931,0.077096,0.0,0.0,0.078703,0.0,0.0,0.037926,0.038546,0.038226,0.037537,0.076207,0.0,0.004697
2021-11-16,0.038672,0.0,0.070227,0.039981,0.0,0.0,0.0,0.078587,0.0,0.0,0.0,0.0,0.076294,0.0,0.017437,0.059622,0.0,0.0,0.0,0.0,0.076064,0.0,0.0,0.0,0.022279,0.0,0.021375,0.021863,0.012572,0.076511,0.076581,0.0,0.0,0.078834,0.0,0.0,0.037937,0.038534,0.038288,0.037518,0.076121,0.0,0.004702
2021-11-17,0.038617,0.0,0.070096,0.039842,0.0,0.0,0.0,0.078563,0.0,0.0,0.0,0.0,0.075593,0.0,0.01721,0.057637,0.0,0.0,0.0,0.0,0.076347,0.0,0.0,0.0,0.022263,0.0,0.021243,0.02176,0.012568,0.076925,0.077321,0.0,0.0,0.07997,0.0,0.0,0.038161,0.0387,0.038336,0.037755,0.07638,0.0,0.004713
2021-11-18,0.038675,0.0,0.070359,0.039723,0.0,0.0,0.0,0.078105,0.0,0.0,0.0,0.0,0.075299,0.0,0.017127,0.057826,0.0,0.0,0.0,0.0,0.076464,0.0,0.0,0.0,0.022511,0.0,0.021072,0.021648,0.012672,0.077028,0.07717,0.0,0.0,0.079704,0.0,0.0,0.038229,0.038769,0.03835,0.037885,0.076664,0.0,0.004718
2021-11-19,0.038854,0.0,0.070811,0.039839,0.0,0.0,0.0,0.078103,0.0,0.0,0.0,0.0,0.074806,0.0,0.016531,0.055181,0.0,0.0,0.0,0.0,0.076336,0.0,0.0,0.0,0.022775,0.0,0.021234,0.021554,0.012704,0.07691,0.078336,0.0,0.0,0.080255,0.0,0.0,0.038501,0.038868,0.038488,0.038195,0.076981,0.0,0.004739
2021-11-22,0.038943,0.0,0.070591,0.040052,0.0,0.0,0.0,0.076779,0.0,0.0,0.0,0.0,0.076016,0.0,0.016859,0.056168,0.0,0.0,0.0,0.0,0.076148,0.0,0.0,0.0,0.022567,0.0,0.020676,0.020982,0.012448,0.076688,0.079918,0.0,0.0,0.080781,0.0,0.0,0.038298,0.038634,0.03842,0.03794,0.076343,0.0,0.004748
2021-11-23,0.038409,0.0,0.070536,0.03931,0.0,0.0,0.0,0.077608,0.0,0.0,0.0,0.0,0.077058,0.0,0.017344,0.058317,0.0,0.0,0.0,0.0,0.076081,0.0,0.0,0.0,0.022472,0.0,0.020316,0.020674,0.012271,0.077159,0.078396,0.0,0.0,0.081225,0.0,0.0,0.038067,0.03841,0.038292,0.037597,0.075717,0.0,0.00474
2021-11-24,0.03842,0.0,0.069585,0.039537,0.0,0.0,0.0,0.076531,0.0,0.0,0.0,0.0,0.076786,0.0,0.017491,0.059006,0.0,0.0,0.0,0.0,0.075954,0.0,0.0,0.0,0.022606,0.0,0.020382,0.020919,0.012322,0.077992,0.078502,0.0,0.0,0.08092,0.0,0.0,0.038134,0.03848,0.038234,0.037729,0.075738,0.0,0.004733
2021-11-25,0.038574,0.0,0.069563,0.039667,0.0,0.0,0.0,0.076508,0.0,0.0,0.0,0.0,0.076762,0.0,0.017485,0.058988,0.0,0.0,0.0,0.0,0.07593,0.0,0.0,0.0,0.022599,0.0,0.020376,0.020912,0.012318,0.077969,0.078478,0.0,0.0,0.080895,0.0,0.0,0.038123,0.038468,0.038222,0.037717,0.075715,0.0,0.004731
2021-11-26,0.038405,0.0,0.069168,0.038692,0.0,0.0,0.0,0.075811,0.0,0.0,0.0,0.0,0.075801,0.0,0.01714,0.056293,0.0,0.0,0.0,0.0,0.077265,0.0,0.0,0.0,0.022505,0.0,0.020611,0.021037,0.01228,0.077418,0.078316,0.0,0.0,0.081439,0.0,0.0,0.039439,0.039484,0.038757,0.038836,0.07647,0.0,0.004833
2021-11-29,0.038477,0.0,0.06895,0.038816,0.0,0.0,0.0,0.075693,0.0,0.0,0.0,0.0,0.075581,0.0,0.017136,0.056653,0.0,0.0,0.0,0.0,0.077013,0.0,0.0,0.0,0.02293,0.0,0.020897,0.021187,0.012391,0.077526,0.07959,0.0,0.0,0.08002,0.0,0.0,0.039115,0.039157,0.038764,0.03863,0.076669,0.0,0.004804
2021-11-30,0.070418,0.037052,0.0,0.032403,0.0,0.0,0.0,0.103082,0.0,0.0,0.103087,0.0,0.073959,0.028981,0.050342,0.052236,0.0,0.0,0.0,0.0,0.097201,0.0,0.0,0.0,0.026388,0.0164,0.026294,0.026214,0.0,0.102867,0.103055,0.0,0.0,0.036605,0.0,0.0,0.0,0.0,0.0,0.0,0.0,0.0,0.013414
2021-12-01,0.072274,0.037227,0.0,0.033174,0.0,0.0,0.0,0.104327,0.0,0.0,0.102298,0.0,0.073915,0.028927,0.050335,0.050697,0.0,0.0,0.0,0.0,0.098056,0.0,0.0,0.0,0.026302,0.016441,0.025441,0.025551,0.0,0.102242,0.102298,0.0,0.0,0.036935,0.0,0.0,0.0,0.0,0.0,0.0,0.0,0.0,0.013558
2021-12-02,0.069899,0.037121,0.0,0.032087,0.0,0.0,0.0,0.104941,0.0,0.0,0.102281,0.0,0.075039,0.029496,0.051062,0.051596,0.0,0.0,0.0,0.0,0.097133,0.0,0.0,0.0,0.026167,0.016231,0.02551,0.025828,0.0,0.103814,0.101397,0.0,0.0,0.037032,0.0,0.0,0.0,0.0,0.0,0.0,0.0,0.0,0.013365
2021-12-03,0.070537,0.037315,0.0,0.03243,0.0,0.0,0.0,0.10448,0.0,0.0,0.101588,0.0,0.07477,0.029136,0.051312,0.051488,0.0,0.0,0.0,0.0,0.098569,0.0,0.0,0.0,0.026062,0.016399,0.024969,0.025488,0.0,0.104805,0.099452,0.0,0.0,0.037663,0.0,0.0,0.0,0.0,0.0,0.0,0.0,0.0,0.013537
2021-12-06,0.070659,0.037453,0.0,0.032534,0.0,0.0,0.0,0.102381,0.0,0.0,0.101944,0.0,0.075316,0.029637,0.051668,0.052654,0.0,0.0,0.0,0.0,0.098353,0.0,0.0,0.0,0.026103,0.01625,0.024805,0.025147,0.0,0.105809,0.098374,0.0,0.0,0.037482,0.0,0.0,0.0,0.0,0.0,0.0,0.0,0.0,0.01343
2021-12-07,0.07092,0.037487,0.0,0.032929,0.0,0.0,0.0,0.102249,0.0,0.0,0.102342,0.0,0.075207,0.029186,0.051874,0.05373,0.0,0.0,0.0,0.0,0.09773,0.0,0.0,0.0,0.026502,0.016746,0.025262,0.025524,0.0,0.105296,0.097106,0.0,0.0,0.036734,0.0,0.0,0.0,0.0,0.0,0.0,0.0,0.0,0.013174
2021-12-08,0.070517,0.037404,0.0,0.032471,0.0,0.0,0.0,0.102653,0.0,0.0,0.102027,0.0,0.074388,0.028971,0.051576,0.05353,0.0,0.0,0.0,0.0,0.097917,0.0,0.0,0.0,0.026475,0.016545,0.025363,0.02552,0.0,0.105462,0.099531,0.0,0.0,0.036547,0.0,0.0,0.0,0.0,0.0,0.0,0.0,0.0,0.013101
2021-12-09,0.071189,0.037453,0.0,0.032687,0.0,0.0,0.0,0.103493,0.0,0.0,0.101331,0.0,0.075029,0.02903,0.051726,0.053133,0.0,0.0,0.0,0.0,0.099193,0.0,0.0,0.0,0.026469,0.016337,0.025053,0.025304,0.0,0.105048,0.097553,0.0,0.0,0.036733,0.0,0.0,0.0,0.0,0.0,0.0,0.0,0.0,0.013241
2021-12-10,0.070602,0.037351,0.0,0.032145,0.0,0.0,0.0,0.103372,0.0,0.0,0.101519,0.0,0.074725,0.028946,0.051844,0.0535,0.0,0.0,0.0,0.0,0.099034,0.0,0.0,0.0,0.026863,0.016407,0.025273,0.025329,0.0,0.104836,0.098461,0.0,0.0,0.03662,0.0,0.0,0.0,0.0,0.0,0.0,0.0,0.0,0.013173
2021-12-13,0.071234,0.037411,0.0,0.032261,0.0,0.0,0.0,0.102669,0.0,0.0,0.10012,0.0,0.07483,0.028609,0.051023,0.051721,0.0,0.0,0.0,0.0,0.101198,0.0,0.0,0.0,0.026789,0.016167,0.025525,0.025771,0.0,0.107121,0.09705,0.0,0.0,0.037165,0.0,0.0,0.0,0.0,0.0,0.0,0.0,0.0,0.013334
2021-12-14,0.070984,0.037448,0.0,0.032452,0.0,0.0,0.0,0.103422,0.0,0.0,0.100268,0.0,0.075827,0.029041,0.051185,0.051177,0.0,0.0,0.0,0.0,0.101527,0.0,0.0,0.0,0.026542,0.016207,0.024866,0.025362,0.0,0.106527,0.096296,0.0,0.0,0.037437,0.0,0.0,0.0,0.0,0.0,0.0,0.0,0.0,0.013432
2021-12-15,0.070367,0.037642,0.0,0.031842,0.0,0.0,0.0,0.102319,0.0,0.0,0.100728,0.0,0.075433,0.028964,0.050528,0.050969,0.0,0.0,0.0,0.0,0.102776,0.0,0.0,0.0,0.027027,0.016667,0.025287,0.025903,0.0,0.107158,0.096097,0.0,0.0,0.036968,0.0,0.0,0.0,0.0,0.0,0.0,0.0,0.0,0.013324
2021-12-16,0.071906,0.037785,0.0,0.032499,0.0,0.0,0.0,0.102447,0.0,0.0,0.09876,0.0,0.07658,0.029136,0.050981,0.050616,0.0,0.0,0.0,0.0,0.103656,0.0,0.0,0.0,0.02633,0.015982,0.024557,0.025653,0.0,0.107398,0.095177,0.0,0.0,0.037177,0.0,0.0,0.0,0.0,0.0,0.0,0.0,0.0,0.013358
2021-12-17,0.071778,0.037577,0.0,0.032625,0.0,0.0,0.0,0.101955,0.0,0.0,0.098992,0.0,0.075583,0.028721,0.050403,0.050473,0.0,0.0,0.0,0.0,0.103881,0.0,0.0,0.0,0.026395,0.016091,0.024892,0.026164,0.0,0.108253,0.09552,0.0,0.0,0.037216,0.0,0.0,0.0,0.0,0.0,0.0,0.0,0.0,0.013481
2021-12-20,0.071481,0.038255,0.0,0.032219,0.0,0.0,0.0,0.102863,0.0,0.0,0.099049,0.0,0.075374,0.028664,0.050625,0.050134,0.0,0.0,0.0,0.0,0.105007,0.0,0.0,0.0,0.026524,0.016236,0.024914,0.026335,0.0,0.109236,0.091966,0.0,0.0,0.037404,0.0,0.0,0.0,0.0,0.0,0.0,0.0,0.0,0.013711
2021-12-21,0.071195,0.038038,0.0,0.032562,0.0,0.0,0.0,0.102117,0.0,0.0,0.099758,0.0,0.075529,0.029014,0.051116,0.051539,0.0,0.0,0.0,0.0,0.103518,0.0,0.0,0.0,0.026699,0.016515,0.025133,0.026534,0.0,0.108449,0.091498,0.0,0.0,0.037328,0.0,0.0,0.0,0.0,0.0,0.0,0.0,0.0,0.01346
2021-12-22,0.071507,0.038074,0.0,0.032489,0.0,0.0,0.0,0.102431,0.0,0.0,0.100433,0.0,0.075028,0.028924,0.050864,0.051253,0.0,0.0,0.0,0.0,0.103546,0.0,0.0,0.0,0.026743,0.016498,0.024995,0.02629,0.0,0.108327,0.091952,0.0,0.0,0.037339,0.0,0.0,0.0,0.0,0.0,0.0,0.0,0.0,0.013308
2021-12-23,0.071726,0.038109,0.0,0.032762,0.0,0.0,0.0,0.102602,0.0,0.0,0.101227,0.0,0.074973,0.029001,0.050593,0.05076,0.0,0.0,0.0,0.0,0.10336,0.0,0.0,0.0,0.026734,0.01656,0.025013,0.026336,0.0,0.107575,0.092264,0.0,0.0,0.037175,0.0,0.0,0.0,0.0,0.0,0.0,0.0,0.0,0.013231
2021-12-24,0.071816,0.038105,0.0,0.032759,0.0,0.0,0.0,0.102592,0.0,0.0,0.101218,0.0,0.074966,0.028998,0.050588,0.050755,0.0,0.0,0.0,0.0,0.10335,0.0,0.0,0.0,0.026731,0.016558,0.02501,0.026334,0.0,0.107565,0.092255,0.0,0.0,0.037172,0.0,0.0,0.0,0.0,0.0,0.0,0.0,0.0,0.013229
2021-12-27,0.071097,0.038137,0.0,0.032466,0.0,0.0,0.0,0.102152,0.0,0.0,0.101182,0.0,0.074981,0.029074,0.051177,0.05228,0.0,0.0,0.0,0.0,0.103396,0.0,0.0,0.0,0.027032,0.016842,0.025077,0.026423,0.0,0.108297,0.090455,0.0,0.0,0.036837,0.0,0.0,0.0,0.0,0.0,0.0,0.0,0.0,0.013096
2021-12-28,0.071078,0.038143,0.0,0.032716,0.0,0.0,0.0,0.102416,0.0,0.0,0.101198,0.0,0.074998,0.029077,0.051126,0.051813,0.0,0.0,0.0,0.0,0.103096,0.0,0.0,0.0,0.026884,0.016651,0.024808,0.026406,0.0,0.108666,0.091339,0.0,0.0,0.036494,0.0,0.0,0.0,0.0,0.0,0.0,0.0,0.0,0.013092
2021-12-29,0.071537,0.038108,0.0,0.032479,0.0,0.0,0.0,0.102809,0.0,0.0,0.101145,0.0,0.074714,0.029035,0.05067,0.051472,0.0,0.0,0.0,0.0,0.103422,0.0,0.0,0.0,0.026839,0.016635,0.024711,0.026339,0.0,0.109121,0.091152,0.0,0.0,0.036752,0.0,0.0,0.0,0.0,0.0,0.0,0.0,0.0,0.013059
2021-12-30,0.071798,0.037995,0.0,0.032551,0.0,0.0,0.0,0.102976,0.0,0.0,0.100878,0.0,0.074652,0.028925,0.050409,0.050555,0.0,0.0,0.0,0.0,0.103735,0.0,0.0,0.0,0.026687,0.016462,0.024794,0.026384,0.0,0.109701,0.091898,0.0,0.0,0.03653,0.0,0.0,0.0,0.0,0.0,0.0,0.0,0.0,0.013071
2021-12-31,0.069173,0.0,0.0,0.0,0.0,0.0,0.0,0.03974,0.039715,0.0,0.079615,0.0,0.04661,0.032882,0.079901,0.0,0.0,0.0,0.0,0.079494,0.079623,0.0,0.0,0.0,0.026613,0.025845,0.0,0.026565,0.0,0.050166,0.079506,0.0,0.0,0.07999,0.0,0.026547,0.026484,0.026191,0.039962,0.03977,0.0,0.0,0.005608
2022-01-03,0.068928,0.0,0.0,0.0,0.0,0.0,0.0,0.040239,0.039907,0.0,0.081611,0.0,0.047016,0.033414,0.082085,0.0,0.0,0.0,0.0,0.077082,0.078524,0.0,0.0,0.0,0.02677,0.026265,0.0,0.02611,0.0,0.049596,0.080622,0.0,0.0,0.079383,0.0,0.025759,0.026144,0.025949,0.039802,0.039208,0.0,0.0,0.005587
2022-01-04,0.068972,0.0,0.0,0.0,0.0,0.0,0.0,0.040244,0.040105,0.0,0.080796,0.0,0.048063,0.03418,0.084592,0.0,0.0,0.0,0.0,0.077664,0.077183,0.0,0.0,0.0,0.026382,0.026082,0.0,0.025383,0.0,0.049341,0.079894,0.0,0.0,0.079594,0.0,0.025551,0.026028,0.025748,0.039546,0.039086,0.0,0.0,0.005565
2022-01-05,0.07001,0.0,0.0,0.0,0.0,0.0,0.0,0.040789,0.040231,0.0,0.079816,0.0,0.048232,0.034441,0.085869,0.0,0.0,0.0,0.0,0.076966,0.077804,0.0,0.0,0.0,0.025962,0.025581,0.0,0.025005,0.0,0.048661,0.07729,0.0,0.0,0.080361,0.0,0.0258,0.026314,0.025929,0.03984,0.039451,0.0,0.0,0.00565
2022-01-06,0.06877,0.0,0.0,0.0,0.0,0.0,0.0,0.040828,0.040224,0.0,0.079582,0.0,0.048925,0.035601,0.087755,0.0,0.0,0.0,0.0,0.07612,0.076879,0.0,0.0,0.0,0.025822,0.025771,0.0,0.025103,0.0,0.048688,0.076904,0.0,0.0,0.080253,0.0,0.025858,0.026241,0.025808,0.039831,0.039386,0.0,0.0,0.005649
2022-01-07,0.06885,0.0,0.0,0.0,0.0,0.0,0.0,0.041357,0.039916,0.0,0.078632,0.0,0.04974,0.036162,0.089386,0.0,0.0,0.0,0.0,0.073021,0.076853,0.0,0.0,0.0,0.025707,0.025144,0.0,0.025102,0.0,0.048598,0.077217,0.0,0.0,0.081335,0.0,0.025796,0.02628,0.025901,0.03992,0.039405,0.0,0.0,0.005676
2022-01-10,0.068043,0.0,0.0,0.0,0.0,0.0,0.0,0.041634,0.040104,0.0,0.07834,0.0,0.049691,0.03625,0.089326,0.0,0.0,0.0,0.0,0.073471,0.077831,0.0,0.0,0.0,0.025774,0.025214,0.0,0.025372,0.0,0.048435,0.076181,0.0,0.0,0.080875,0.0,0.025922,0.026337,0.025997,0.04005,0.039464,0.0,0.0,0.005688
2022-01-11,0.068182,0.0,0.0,0.0,0.0,0.0,0.0,0.041809,0.04005,0.0,0.078059,0.0,0.049471,0.035986,0.091154,0.0,0.0,0.0,0.0,0.074015,0.077422,0.0,0.0,0.0,0.025742,0.025352,0.0,0.025448,0.0,0.047874,0.077106,0.0,0.0,0.080302,0.0,0.025753,0.026054,0.025835,0.039709,0.039064,0.0,0.0,0.005614
2022-01-12,0.068553,0.0,0.0,0.0,0.0,0.0,0.0,0.041895,0.040071,0.0,0.078183,0.0,0.04926,0.035904,0.090873,0.0,0.0,0.0,0.0,0.073715,0.076818,0.0,0.0,0.0,0.025734,0.025411,0.0,0.025136,0.0,0.047693,0.07981,0.0,0.0,0.079943,0.0,0.025527,0.025929,0.025541,0.039575,0.038843,0.0,0.0,0.005586
2022-01-13,0.069066,0.0,0.0,0.0,0.0,0.0,0.0,0.042011,0.040503,0.0,0.077142,0.0,0.04941,0.036303,0.091039,0.0,0.0,0.0,0.0,0.074975,0.076147,0.0,0.0,0.0,0.025241,0.02499,0.0,0.024481,0.0,0.047927,0.078302,0.0,0.0,0.080049,0.0,0.025931,0.026192,0.025724,0.039706,0.039235,0.0,0.0,0.005624
2022-01-14,0.067906,0.0,0.0,0.0,0.0,0.0,0.0,0.041798,0.040354,0.0,0.07684,0.0,0.048931,0.036554,0.093247,0.0,0.0,0.0,0.0,0.073818,0.076074,0.0,0.0,0.0,0.025474,0.025607,0.0,0.024611,0.0,0.047529,0.078711,0.0,0.0,0.081085,0.0,0.025559,0.026031,0.025627,0.039699,0.038918,0.0,0.0,0.005628
2022-01-17,0.068311,0.0,0.0,0.0,0.0,0.0,0.0,0.04178,0.040337,0.0,0.076806,0.0,0.04891,0.036538,0.093206,0.0,0.0,0.0,0.0,0.073786,0.076041,0.0,0.0,0.0,0.025463,0.025596,0.0,0.0246,0.0,0.047508,0.078677,0.0,0.0,0.08105,0.0,0.025548,0.02602,0.025616,0.039682,0.038901,0.0,0.0,0.005626
2022-01-18,0.068074,0.0,0.0,0.0,0.0,0.0,0.0,0.041841,0.04044,0.0,0.076385,0.0,0.048475,0.036309,0.094864,0.0,0.0,0.0,0.0,0.071793,0.076002,0.0,0.0,0.0,0.025192,0.024787,0.0,0.024497,0.0,0.047653,0.079103,0.0,0.0,0.082242,0.0,0.025533,0.026177,0.025843,0.040029,0.039059,0.0,0.0,0.005703
2022-01-19,0.068503,0.0,0.0,0.0,0.0,0.0,0.0,0.0419,0.040744,0.0,0.075671,0.0,0.048084,0.035611,0.09501,0.0,0.0,0.0,0.0,0.07058,0.076362,0.0,0.0,0.0,0.02506,0.024271,0.0,0.024688,0.0,0.047428,0.077707,0.0,0.0,0.084385,0.0,0.025938,0.026473,0.026018,0.040347,0.039467,0.0,0.0,0.005754
2022-01-20,0.069512,0.0,0.0,0.0,0.0,0.0,0.0,0.041853,0.040724,0.0,0.074875,0.0,0.048153,0.035061,0.094877,0.0,0.0,0.0,0.0,0.069467,0.076459,0.0,0.0,0.0,0.024931,0.023694,0.0,0.02482,0.0,0.047187,0.078074,0.0,0.0,0.084879,0.0,0.026303,0.026738,0.026254,0.040587,0.039755,0.0,0.0,0.005798
2022-01-21,0.068822,0.0,0.0,0.0,0.0,0.0,0.0,0.041736,0.040394,0.0,0.073628,0.0,0.047781,0.034811,0.094215,0.0,0.0,0.0,0.0,0.06957,0.076675,0.0,0.0,0.0,0.024754,0.023604,0.0,0.024532,0.0,0.047685,0.077771,0.0,0.0,0.085521,0.0,0.026963,0.027244,0.026762,0.041122,0.040538,0.0,0.0,0.005874
2022-01-24,0.065776,0.0,0.0,0.0,0.0,0.0,0.0,0.040486,0.040561,0.0,0.074453,0.0,0.047879,0.035149,0.094772,0.0,0.0,0.0,0.0,0.072154,0.076359,0.0,0.0,0.0,0.024862,0.023854,0.0,0.024923,0.0,0.047737,0.077698,0.0,0.0,0.085324,0.0,0.02672,0.027198,0.026802,0.041045,0.040379,0.0,0.0,0.005869
2022-01-25,0.066476,0.0,0.0,0.0,0.0,0.0,0.0,0.041,0.040269,0.0,0.073367,0.0,0.048193,0.035308,0.098683,0.0,0.0,0.0,0.0,0.070936,0.076047,0.0,0.0,0.0,0.024344,0.023018,0.0,0.024058,0.0,0.047659,0.076725,0.0,0.0,0.085866,0.0,0.02674,0.027226,0.026819,0.041022,0.040361,0.0,0.0,0.005883
2022-01-26,0.06817,0.0,0.0,0.0,0.0,0.0,0.0,0.040685,0.040149,0.0,0.07333,0.0,0.048529,0.035227,0.098947,0.0,0.0,0.0,0.0,0.068982,0.07598,0.0,0.0,0.0,0.024594,0.023474,0.0,0.023871,0.0,0.04712,0.07715,0.0,0.0,0.086113,0.0,0.026532,0.02715,0.026765,0.04106,0.040262,0.0,0.0,0.005909
2022-01-27,0.06837,0.0,0.0,0.0,0.0,0.0,0.0,0.040845,0.039668,0.0,0.072255,0.0,0.048562,0.034823,0.101007,0.0,0.0,0.0,0.0,0.068629,0.076925,0.0,0.0,0.0,0.024665,0.02265,0.0,0.023891,0.0,0.046796,0.074991,0.0,0.0,0.085968,0.0,0.027285,0.027532,0.027138,0.041283,0.040751,0.0,0.0,0.005967
2022-01-28,0.067049,0.0,0.0,0.0,0.0,0.0,0.0,0.04092,0.039428,0.0,0.073091,0.0,0.048704,0.034664,0.09957,0.0,0.0,0.0,0.0,0.069568,0.077709,0.0,0.0,0.0,0.025485,0.022852,0.0,0.024203,0.0,0.047826,0.07422,0.0,0.0,0.08613,0.0,0.027021,0.02732,0.02696,0.040986,0.040387,0.0,0.0,0.005907
2022-01-31,0.043346,0.0,0.0,0.0,0.0,0.0,0.0,0.035817,0.035986,0.0,0.047267,0.0,0.042998,0.028921,0.036209,0.0,0.0,0.042703,0.071876,0.051659,0.071725,0.0,0.071986,0.071966,0.027875,0.027982,0.0,0.015411,0.0,0.072032,0.056351,0.0,0.0,0.072059,0.0,0.0,0.0,0.071388,0.0,0.0,0.0,0.0,0.004441
2022-02-01,0.043592,0.0,0.0,0.0,0.0,0.0,0.0,0.035591,0.035881,0.0,0.047233,0.0,0.043299,0.029165,0.037247,0.0,0.0,0.043986,0.07249,0.051471,0.071431,0.0,0.071435,0.070531,0.027759,0.028025,0.0,0.015307,0.0,0.071291,0.056844,0.0,0.0,0.072566,0.0,0.0,0.0,0.070445,0.0,0.0,0.0,0.0,0.004412
2022-02-02,0.043652,0.0,0.0,0.0,0.0,0.0,0.0,0.035586,0.035803,0.0,0.046669,0.0,0.043332,0.028917,0.037142,0.0,0.0,0.043908,0.072282,0.051841,0.071958,0.0,0.071857,0.071144,0.027817,0.02856,0.0,0.015164,0.0,0.071767,0.056161,0.0,0.0,0.071954,0.0,0.0,0.0,0.0701,0.0,0.0,0.0,0.0,0.004385
2022-02-03,0.043907,0.0,0.0,0.0,0.0,0.0,0.0,0.035538,0.035806,0.0,0.045805,0.0,0.043388,0.029094,0.037248,0.0,0.0,0.043496,0.071906,0.051302,0.072543,0.0,0.072772,0.071708,0.027346,0.027657,0.0,0.01505,0.0,0.071888,0.055623,0.0,0.0,0.072958,0.0,0.0,0.0,0.070527,0.0,0.0,0.0,0.0,0.004439
2022-02-04,0.043619,0.0,0.0,0.0,0.0,0.0,0.0,0.035484,0.035809,0.0,0.047192,0.0,0.044204,0.029667,0.037898,0.0,0.0,0.043188,0.070842,0.049577,0.07241,0.0,0.072011,0.071265,0.027505,0.027866,0.0,0.015352,0.0,0.071305,0.056524,0.0,0.0,0.073589,0.0,0.0,0.0,0.070245,0.0,0.0,0.0,0.0,0.004446
2022-02-07,0.043832,0.0,0.0,0.0,0.0,0.0,0.0,0.035117,0.035949,0.0,0.047075,0.0,0.044318,0.029828,0.038366,0.0,0.0,0.043231,0.070463,0.049783,0.072254,0.0,0.072113,0.07113,0.027311,0.027838,0.0,0.015329,0.0,0.071172,0.056377,0.0,0.0,0.073879,0.0,0.0,0.0,0.070187,0.0,0.0,0.0,0.0,0.004446
2022-02-08,0.043669,0.0,0.0,0.0,0.0,0.0,0.0,0.03504,0.036107,0.0,0.047464,0.0,0.044677,0.030415,0.037326,0.0,0.0,0.043629,0.071143,0.050401,0.072427,0.0,0.071973,0.070774,0.02749,0.028379,0.0,0.015411,0.0,0.070434,0.055137,0.0,0.0,0.073989,0.0,0.0,0.0,0.069694,0.0,0.0,0.0,0.0,0.004419
2022-02-09,0.043805,0.0,0.0,0.0,0.0,0.0,0.0,0.035045,0.036098,0.0,0.047477,0.0,0.044387,0.029825,0.037157,0.0,0.0,0.043868,0.071764,0.050806,0.072054,0.0,0.071071,0.070176,0.027741,0.028935,0.0,0.015607,0.0,0.071105,0.055507,0.0,0.0,0.07427,0.0,0.0,0.0,0.068937,0.0,0.0,0.0,0.0,0.004363
2022-02-10,0.044362,0.0,0.0,0.0,0.0,0.0,0.0,0.035086,0.036472,0.0,0.047356,0.0,0.044656,0.030214,0.037477,0.0,0.0,0.043709,0.072413,0.049589,0.071987,0.0,0.071359,0.069422,0.027419,0.028452,0.0,0.015734,0.0,0.070465,0.055145,0.0,0.0,0.074847,0.0,0.0,0.0,0.069409,0.0,0.0,0.0,0.0,0.004428
2022-02-11,0.044231,0.0,0.0,0.0,0.0,0.0,0.0,0.034772,0.036487,0.0,0.046502,0.0,0.044515,0.030355,0.038991,0.0,0.0,0.043014,0.072077,0.049507,0.071771,0.0,0.071886,0.070228,0.026874,0.027302,0.0,0.015442,0.0,0.070591,0.054257,0.0,0.0,0.075922,0.0,0.0,0.0,0.0708,0.0,0.0,0.0,0.0,0.004477
2022-02-14,0.043765,0.0,0.0,0.0,0.0,0.0,0.0,0.034396,0.036362,0.0,0.047082,0.0,0.044312,0.030293,0.038329,0.0,0.0,0.043448,0.071967,0.049685,0.071517,0.0,0.072169,0.0701,0.027047,0.027512,0.0,0.015547,0.0,0.07042,0.054308,0.0,0.0,0.076145,0.0,0.0,0.0,0.071088,0.0,0.0,0.0,0.0,0.004507
2022-02-15,0.043724,0.0,0.0,0.0,0.0,0.0,0.0,0.035122,0.036495,0.0,0.047489,0.0,0.044312,0.030628,0.037417,0.0,0.0,0.043976,0.072304,0.049882,0.071349,0.0,0.071323,0.068836,0.027385,0.02864,0.0,0.015764,0.0,0.070098,0.056131,0.0,0.0,0.074835,0.0,0.0,0.0,0.069844,0.0,0.0,0.0,0.0,0.004446
2022-02-16,0.043445,0.0,0.0,0.0,0.0,0.0,0.0,0.035034,0.036678,0.0,0.047494,0.0,0.044224,0.030623,0.037617,0.0,0.0,0.044024,0.072633,0.050045,0.071264,0.0,0.071261,0.068803,0.027283,0.028571,0.0,0.015521,0.0,0.070232,0.056179,0.0,0.0,0.074845,0.0,0.0,0.0,0.069789,0.0,0.0,0.0,0.0,0.004433
2022-02-17,0.043813,0.0,0.0,0.0,0.0,0.0,0.0,0.035222,0.036615,0.0,0.046815,0.0,0.043677,0.030043,0.038037,0.0,0.0,0.043803,0.072306,0.049347,0.071015,0.0,0.072729,0.069726,0.026805,0.02785,0.0,0.015273,0.0,0.070377,0.055158,0.0,0.0,0.076056,0.0,0.0,0.0,0.070843,0.0,0.0,0.0,0.0,0.00449
2022-02-18,0.043342,0.0,0.0,0.0,0.0,0.0,0.0,0.035357,0.036856,0.0,0.046703,0.0,0.043832,0.030157,0.037948,0.0,0.0,0.043725,0.072462,0.049632,0.070754,0.0,0.073141,0.069866,0.026635,0.027644,0.0,0.015099,0.0,0.070219,0.054535,0.0,0.0,0.076237,0.0,0.0,0.0,0.071349,0.0,0.0,0.0,0.0,0.004508
2022-02-21,0.04288,0.0,0.0,0.0,0.0,0.0,0.0,0.035374,0.036874,0.0,0.046726,0.0,0.043853,0.030172,0.037967,0.0,0.0,0.043746,0.072496,0.049656,0.070788,0.0,0.073176,0.0699,0.026648,0.027658,0.0,0.015106,0.0,0.070253,0.054561,0.0,0.0,0.076274,0.0,0.0,0.0,0.071383,0.0,0.0,0.0,0.0,0.004509
2022-02-22,0.043321,0.0,0.0,0.0,0.0,0.0,0.0,0.035442,0.036722,0.0,0.045707,0.0,0.04396,0.030169,0.037636,0.0,0.0,0.043341,0.072009,0.048167,0.071145,0.0,0.073159,0.070355,0.026601,0.027697,0.0,0.015145,0.0,0.070528,0.054076,0.0,0.0,0.078131,0.0,0.0,0.0,0.072144,0.0,0.0,0.0,0.0,0.004544
2022-02-23,0.043414,0.0,0.0,0.0,0.0,0.0,0.0,0.035462,0.036944,0.0,0.044688,0.0,0.043692,0.030016,0.038462,0.0,0.0,0.042979,0.071904,0.047124,0.071602,0.0,0.073403,0.06996,0.026234,0.027349,0.0,0.015009,0.0,0.070161,0.054907,0.0,0.0,0.079067,0.0,0.0,0.0,0.073028,0.0,0.0,0.0,0.0,0.004597
2022-02-24,0.042157,0.0,0.0,0.0,0.0,0.0,0.0,0.034411,0.036224,0.0,0.045591,0.0,0.043056,0.029445,0.038062,0.0,0.0,0.043438,0.071508,0.048611,0.071705,0.0,0.071951,0.070337,0.02706,0.028276,0.0,0.016012,0.0,0.071156,0.054825,0.0,0.0,0.078458,0.0,0.0,0.0,0.073137,0.0,0.0,0.0,0.0,0.00458
2022-02-25,0.042915,0.0,0.0,0.0,0.0,0.0,0.0,0.03478,0.035888,0.0,0.04548,0.0,0.043473,0.030034,0.038214,0.0,0.0,0.043405,0.072501,0.049243,0.072289,0.0,0.07265,0.070934,0.02683,0.02812,0.0,0.015881,0.0,0.071282,0.055534,0.0,0.0,0.074584,0.0,0.0,0.0,0.071479,0.0,0.0,0.0,0.0,0.004484
2022-02-28,0.0,0.0,0.0,0.0,0.0,0.0,0.0,0.03508,0.041102,0.0,0.034316,0.0,0.042031,0.034265,0.041897,0.034038,0.0,0.0,0.0,0.0,0.075938,0.0,0.076324,0.076484,0.051411,0.0,0.0,0.024665,0.0,0.056121,0.0,0.066522,0.0,0.076544,0.0,0.0,0.038109,0.03787,0.040324,0.035532,0.076166,0.0,0.005261
2022-03-01,0.0,0.0,0.0,0.0,0.0,0.0,0.0,0.034302,0.041072,0.0,0.03393,0.0,0.040643,0.032676,0.042487,0.034861,0.0,0.0,0.0,0.0,0.075818,0.0,0.076178,0.076122,0.050584,0.0,0.0,0.024892,0.0,0.056048,0.0,0.068,0.0,0.078721,0.0,0.0,0.038633,0.038293,0.040371,0.035796,0.07529,0.0,0.005282
2022-03-02,0.0,0.0,0.0,0.0,0.0,0.0,0.0,0.03454,0.04122,0.0,0.034335,0.0,0.041325,0.03374,0.043073,0.035203,0.0,0.0,0.0,0.0,0.076279,0.0,0.076303,0.076365,0.051221,0.0,0.0,0.024959,0.0,0.05659,0.0,0.066695,0.0,0.077986,0.0,0.0,0.037715,0.037707,0.040109,0.034939,0.074461,0.0,0.005235
2022-03-03,0.0,0.0,0.0,0.0,0.0,0.0,0.0,0.033861,0.040671,0.0,0.033517,0.0,0.041145,0.033471,0.043139,0.034802,0.0,0.0,0.0,0.0,0.076576,0.0,0.076828,0.077615,0.050549,0.0,0.0,0.024504,0.0,0.056984,0.0,0.067011,0.0,0.079637,0.0,0.0,0.037832,0.037617,0.039941,0.035024,0.074049,0.0,0.005229
2022-03-04,0.0,0.0,0.0,0.0,0.0,0.0,0.0,0.033089,0.039944,0.0,0.033002,0.0,0.040395,0.032261,0.044407,0.036192,0.0,0.0,0.0,0.0,0.076999,0.0,0.076878,0.079368,0.049689,0.0,0.0,0.024311,0.0,0.057275,0.0,0.068114,0.0,0.079423,0.0,0.0,0.038227,0.037924,0.039701,0.035076,0.072494,0.0,0.00523
2022-03-07,0.0,0.0,0.0,0.0,0.0,0.0,0.0,0.032384,0.038367,0.0,0.031725,0.0,0.039342,0.031236,0.04555,0.036795,0.0,0.0,0.0,0.0,0.076477,0.0,0.076298,0.08127,0.04839,0.0,0.0,0.023997,0.0,0.056752,0.0,0.069875,0.0,0.081718,0.0,0.0,0.038477,0.038542,0.039782,0.035027,0.072707,0.0,0.005289
2022-03-08,0.0,0.0,0.0,0.0,0.0,0.0,0.0,0.033042,0.038671,0.0,0.03185,0.0,0.039184,0.031464,0.046352,0.037221,0.0,0.0,0.0,0.0,0.075053,0.0,0.074377,0.080162,0.048244,0.0,0.0,0.02365,0.0,0.056581,0.0,0.07192,0.0,0.081759,0.0,0.0,0.038298,0.0388,0.039714,0.034882,0.073477,0.0,0.005297
2022-03-09,0.0,0.0,0.0,0.0,0.0,0.0,0.0,0.034199,0.039416,0.0,0.032676,0.0,0.040378,0.032365,0.044664,0.036667,0.0,0.0,0.0,0.0,0.07601,0.0,0.074428,0.079115,0.04985,0.0,0.0,0.024187,0.0,0.057105,0.0,0.069362,0.0,0.080021,0.0,0.0,0.037832,0.038183,0.039804,0.034731,0.073743,0.0,0.005267
2022-03-10,0.0,0.0,0.0,0.0,0.0,0.0,0.0,0.034104,0.039508,0.0,0.032909,0.0,0.040041,0.032251,0.046032,0.0374,0.0,0.0,0.0,0.0,0.075983,0.0,0.073727,0.079648,0.04898,0.0,0.0,0.024202,0.0,0.05725,0.0,0.069581,0.0,0.079695,0.0,0.0,0.03766,0.038101,0.039471,0.034336,0.073854,0.0,0.005266
2022-03-11,0.0,0.0,0.0,0.0,0.0,0.0,0.0,0.034029,0.039161,0.0,0.032512,0.0,0.040047,0.03245,0.045997,0.037083,0.0,0.0,0.0,0.0,0.075966,0.0,0.073402,0.079956,0.048469,0.0,0.0,0.023849,0.0,0.05721,0.0,0.069596,0.0,0.080534,0.0,0.0,0.037924,0.03865,0.039471,0.034572,0.073818,0.0,0.005303
2022-03-14,0.0,0.0,0.0,0.0,0.0,0.0,0.0,0.034827,0.039237,0.0,0.032192,0.0,0.040835,0.032829,0.044931,0.035759,0.0,0.0,0.0,0.0,0.077034,0.0,0.074305,0.080421,0.047902,0.0,0.0,0.023311,0.0,0.057157,0.0,0.069024,0.0,0.080945,0.0,0.0,0.037704,0.038488,0.039274,0.034308,0.074175,0.0,0.005341
2022-03-15,0.0,0.0,0.0,0.0,0.0,0.0,0.0,0.035056,0.038959,0.0,0.033078,0.0,0.041173,0.032737,0.043036,0.034936,0.0,0.0,0.0,0.0,0.078118,0.0,0.075533,0.08098,0.049226,0.0,0.0,0.023762,0.0,0.057209,0.0,0.067343,0.0,0.080184,0.0,0.0,0.03747,0.037981,0.039341,0.034378,0.074191,0.0,0.005309
2022-03-16,0.0,0.0,0.0,0.0,0.0,0.0,0.0,0.03555,0.039476,0.0,0.033876,0.0,0.04192,0.033419,0.042424,0.034677,0.0,0.0,0.0,0.0,0.078291,0.0,0.074884,0.08005,0.050334,0.0,0.0,0.024009,0.0,0.057329,0.0,0.067108,0.0,0.078128,0.0,0.0,0.037056,0.037395,0.039507,0.034336,0.074975,0.0,0.005258
2022-03-17,0.0,0.0,0.0,0.0,0.0,0.0,0.0,0.035208,0.039845,0.0,0.034047,0.0,0.041959,0.032691,0.043383,0.036076,0.0,0.0,0.0,0.0,0.078622,0.0,0.074543,0.079471,0.050113,0.0,0.0,0.024255,0.0,0.057551,0.0,0.066667,0.0,0.078141,0.0,0.0,0.036563,0.037473,0.039324,0.034277,0.074592,0.0,0.005199
2022-03-18,0.0,0.0,0.0,0.0,0.0,0.0,0.0,0.035402,0.039664,0.0,0.034706,0.0,0.041986,0.032594,0.043269,0.035961,0.0,0.0,0.0,0.0,0.078974,0.0,0.074589,0.07866,0.051052,0.0,0.0,0.024742,0.0,0.057454,0.0,0.06597,0.0,0.078045,0.0,0.0,0.036609,0.037295,0.039387,0.034287,0.074163,0.0,0.005189
2022-03-21,0.0,0.0,0.0,0.0,0.0,0.0,0.0,0.034697,0.039366,0.0,0.034399,0.0,0.041924,0.032395,0.044992,0.037161,0.0,0.0,0.0,0.0,0.078876,0.0,0.074649,0.079147,0.050931,0.0,0.0,0.024493,0.0,0.057076,0.0,0.066442,0.0,0.079667,0.0,0.0,0.036115,0.036948,0.038915,0.033795,0.072828,0.0,0.005187
2022-03-22,0.0,0.0,0.0,0.0,0.0,0.0,0.0,0.034982,0.039348,0.0,0.035118,0.0,0.042442,0.032828,0.04449,0.036803,0.0,0.0,0.0,0.0,0.078592,0.0,0.074916,0.078956,0.051465,0.0,0.0,0.025293,0.0,0.057003,0.0,0.065708,0.0,0.079506,0.0,0.0,0.03578,0.036636,0.038965,0.033585,0.07242,0.0,0.005167
2022-03-23,0.0,0.0,0.0,0.0,0.0,0.0,0.0,0.034424,0.039093,0.0,0.034787,0.0,0.041782,0.031913,0.045392,0.037683,0.0,0.0,0.0,0.0,0.077414,0.0,0.074538,0.079306,0.050827,0.0,0.0,0.025432,0.0,0.056534,0.0,0.066807,0.0,0.080107,0.0,0.0,0.036129,0.037209,0.038959,0.033782,0.0727,0.0,0.005182
2022-03-24,0.0,0.0,0.0,0.0,0.0,0.0,0.0,0.034754,0.039196,0.0,0.034834,0.0,0.041848,0.031989,0.045214,0.037861,0.0,0.0,0.0,0.0,0.077839,0.0,0.074583,0.079611,0.051815,0.0,0.0,0.02552,0.0,0.056528,0.0,0.066863,0.0,0.079058,0.0,0.0,0.035699,0.036743,0.038791,0.03358,0.072523,0.0,0.005149
2022-03-25,0.0,0.0,0.0,0.0,0.0,0.0,0.0,0.034561,0.038714,0.0,0.034596,0.0,0.042168,0.03233,0.045969,0.039458,0.0,0.0,0.0,0.0,0.077801,0.0,0.07482,0.080352,0.051521,0.0,0.0,0.025232,0.0,0.056942,0.0,0.066249,0.0,0.07926,0.0,0.0,0.035152,0.036306,0.038315,0.033145,0.071987,0.0,0.005123
2022-03-28,0.0,0.0,0.0,0.0,0.0,0.0,0.0,0.034831,0.038442,0.0,0.035516,0.0,0.042047,0.032073,0.044828,0.038467,0.0,0.0,0.0,0.0,0.07836,0.0,0.075124,0.080865,0.052129,0.0,0.0,0.025488,0.0,0.057543,0.0,0.065038,0.0,0.078079,0.0,0.0,0.035229,0.036262,0.038552,0.033326,0.07268,0.0,0.005122
2022-03-29,0.0,0.0,0.0,0.0,0.0,0.0,0.0,0.035157,0.038581,0.0,0.035845,0.0,0.041806,0.032334,0.044353,0.038204,0.0,0.0,0.0,0.0,0.078191,0.0,0.075185,0.080962,0.05281,0.0,0.0,0.025512,0.0,0.058757,0.0,0.064546,0.0,0.076853,0.0,0.0,0.035121,0.035842,0.038716,0.033337,0.072805,0.0,0.005081
2022-03-30,0.0,0.0,0.0,0.0,0.0,0.0,0.0,0.034761,0.038594,0.0,0.0353,0.0,0.041509,0.031445,0.044868,0.038546,0.0,0.0,0.0,0.0,0.078344,0.0,0.075234,0.081629,0.052105,0.0,0.0,0.025236,0.0,0.058331,0.0,0.065064,0.0,0.077806,0.0,0.0,0.035259,0.036018,0.038599,0.033414,0.072857,0.0,0.005081
2022-03-31,0.0,0.0,0.0,0.0,0.0,0.0,0.0,0.0,0.086613,0.0,0.033657,0.0,0.022509,0.063986,0.04823,0.038279,0.0,0.047502,0.0,0.0,0.050934,0.0,0.086352,0.0,0.027969,0.019862,0.0,0.038309,0.0,0.0,0.0,0.065575,0.020215,0.086616,0.086631,0.0,0.042706,0.042814,0.066802,0.019592,0.0,0.0,0.004845
2022-04-01,0.0,0.0,0.0,0.0,0.0,0.0,0.0,0.0,0.086612,0.0,0.033677,0.0,0.022436,0.06337,0.048589,0.03937,0.0,0.04565,0.0,0.0,0.051302,0.0,0.087158,0.0,0.027868,0.019464,0.0,0.038283,0.0,0.0,0.0,0.065114,0.020078,0.086005,0.088837,0.0,0.042399,0.04255,0.066753,0.019644,0.0,0.0,0.004841
2022-04-04,0.0,0.0,0.0,0.0,0.0,0.0,0.0,0.0,0.087582,0.0,0.034294,0.0,0.022246,0.062798,0.048456,0.039322,0.0,0.045331,0.0,0.0,0.05067,0.0,0.086535,0.0,0.028283,0.019701,0.0,0.038711,0.0,0.0,0.0,0.065167,0.0199,0.086249,0.088764,0.0,0.042201,0.042347,0.066987,0.019633,0.0,0.0,0.004822
2022-04-05,0.0,0.0,0.0,0.0,0.0,0.0,0.0,0.0,0.087609,0.0,0.033925,0.0,0.022392,0.062811,0.048315,0.038917,0.0,0.044679,0.0,0.0,0.051435,0.0,0.087738,0.0,0.028046,0.019038,0.0,0.038326,0.0,0.0,0.0,0.065598,0.019918,0.087687,0.087343,0.0,0.042239,0.042586,0.066976,0.019539,0.0,0.0,0.004884
2022-04-06,0.0,0.0,0.0,0.0,0.0,0.0,0.0,0.0,0.087065,0.0,0.033291,0.0,0.022394,0.062173,0.048943,0.03915,0.0,0.043719,0.0,0.0,0.052586,0.0,0.089475,0.0,0.027575,0.018694,0.0,0.037496,0.0,0.0,0.0,0.066214,0.020246,0.088263,0.086237,0.0,0.042386,0.042696,0.066917,0.019561,0.0,0.0,0.004919
2022-04-07,0.0,0.0,0.0,0.0,0.0,0.0,0.0,0.0,0.085638,0.0,0.033373,0.0,0.022312,0.061242,0.049453,0.039404,0.0,0.043417,0.0,0.0,0.053456,0.0,0.090323,0.0,0.027545,0.018686,0.0,0.037807,0.0,0.0,0.0,0.066289,0.020309,0.088231,0.086858,0.0,0.04217,0.042527,0.066634,0.019419,0.0,0.0,0.004906
2022-04-08,0.0,0.0,0.0,0.0,0.0,0.0,0.0,0.0,0.085151,0.0,0.032971,0.0,0.022474,0.061117,0.050669,0.040185,0.0,0.042842,0.0,0.0,0.053623,0.0,0.090444,0.0,0.027083,0.018171,0.0,0.037255,0.0,0.0,0.0,0.066515,0.020358,0.089339,0.087341,0.0,0.041837,0.042483,0.066041,0.019211,0.0,0.0,0.004891
2022-04-11,0.0,0.0,0.0,0.0,0.0,0.0,0.0,0.0,0.084169,0.0,0.032618,0.0,0.022552,0.061781,0.04954,0.039679,0.0,0.043325,0.0,0.0,0.052978,0.0,0.090798,0.0,0.026612,0.01794,0.0,0.037854,0.0,0.0,0.0,0.06738,0.020818,0.090779,0.086238,0.0,0.041969,0.042749,0.066113,0.019177,0.0,0.0,0.00493
2022-04-12,0.0,0.0,0.0,0.0,0.0,0.0,0.0,0.0,0.083853,0.0,0.032612,0.0,0.022253,0.060999,0.050241,0.040133,0.0,0.04323,0.0,0.0,0.052337,0.0,0.090603,0.0,0.02643,0.017842,0.0,0.037814,0.0,0.0,0.0,0.067734,0.021055,0.091285,0.086341,0.0,0.042071,0.042643,0.06646,0.019144,0.0,0.0,0.004919
2022-04-13,0.0,0.0,0.0,0.0,0.0,0.0,0.0,0.0,0.084698,0.0,0.032994,0.0,0.021968,0.061062,0.050336,0.040662,0.0,0.043525,0.0,0.0,0.051919,0.0,0.089943,0.0,0.026511,0.017992,0.0,0.038515,0.0,0.0,0.0,0.067185,0.021033,0.089995,0.088171,0.0,0.041623,0.042016,0.065999,0.018996,0.0,0.0,0.004855
2022-04-14,0.0,0.0,0.0,0.0,0.0,0.0,0.0,0.0,0.08355,0.0,0.032759,0.0,0.021871,0.060906,0.050851,0.041041,0.0,0.043918,0.0,0.0,0.052028,0.0,0.090544,0.0,0.026047,0.017616,0.0,0.037945,0.0,0.0,0.0,0.067428,0.021081,0.09018,0.088591,0.0,0.041534,0.042304,0.066013,0.018905,0.0,0.0,0.004889
2022-04-18,0.0,0.0,0.0,0.0,0.0,0.0,0.0,0.0,0.082198,0.0,0.03284,0.0,0.02199,0.061108,0.051569,0.041797,0.0,0.043479,0.0,0.0,0.051426,0.0,0.089749,0.0,0.026118,0.017911,0.0,0.037212,0.0,0.0,0.0,0.067601,0.021275,0.09121,0.08935,0.0,0.041391,0.042268,0.065871,0.018751,0.0,0.0,0.004886
2022-04-19,0.0,0.0,0.0,0.0,0.0,0.0,0.0,0.0,0.082257,0.0,0.033678,0.0,0.022216,0.062755,0.050974,0.041008,0.0,0.044419,0.0,0.0,0.051741,0.0,0.090804,0.0,0.026517,0.018241,0.0,0.037803,0.0,0.0,0.0,0.066352,0.020642,0.090023,0.088682,0.0,0.040978,0.041915,0.065588,0.018538,0.0,0.0,0.004869
2022-04-20,0.0,0.0,0.0,0.0,0.0,0.0,0.0,0.0,0.082476,0.0,0.033127,0.0,0.022291,0.063023,0.05099,0.041422,0.0,0.044521,0.0,0.0,0.052251,0.0,0.09184,0.0,0.026399,0.018137,0.0,0.037503,0.0,0.0,0.0,0.066442,0.020605,0.089825,0.086843,0.0,0.041152,0.042076,0.065561,0.018665,0.0,0.0,0.004852
2022-04-21,0.0,0.0,0.0,0.0,0.0,0.0,0.0,0.0,0.082724,0.0,0.033315,0.0,0.022278,0.062882,0.050139,0.040236,0.0,0.045178,0.0,0.0,0.052476,0.0,0.093185,0.0,0.026354,0.017927,0.0,0.036764,0.0,0.0,0.0,0.067233,0.020485,0.091058,0.083505,0.0,0.041561,0.042898,0.066123,0.018753,0.0,0.0,0.004927
2022-04-22,0.0,0.0,0.0,0.0,0.0,0.0,0.0,0.0,0.083339,0.0,0.033216,0.0,0.022062,0.062573,0.049926,0.039368,0.0,0.045003,0.0,0.0,0.051609,0.0,0.093626,0.0,0.026147,0.017891,0.0,0.036687,0.0,0.0,0.0,0.067958,0.020468,0.091793,0.081044,0.0,0.042442,0.043614,0.067086,0.01912,0.0,0.0,0.005029
2022-04-25,0.0,0.0,0.0,0.0,0.0,0.0,0.0,0.0,0.083413,0.0,0.033527,0.0,0.022146,0.062807,0.048377,0.03869,0.0,0.045565,0.0,0.0,0.052067,0.0,0.09424,0.0,0.026596,0.018232,0.0,0.037763,0.0,0.0,0.0,0.066879,0.020071,0.091246,0.079691,0.0,0.042805,0.043674,0.067797,0.019373,0.0,0.0,0.00504
2022-04-26,0.0,0.0,0.0,0.0,0.0,0.0,0.0,0.0,0.0826,0.0,0.032368,0.0,0.021954,0.061967,0.049261,0.038907,0.0,0.045035,0.0,0.0,0.052014,0.0,0.09435,0.0,0.026038,0.017718,0.0,0.036966,0.0,0.0,0.0,0.068112,0.020241,0.093039,0.077753,0.0,0.043819,0.044507,0.068537,0.01969,0.0,0.0,0.005124
2022-04-27,0.0,0.0,0.0,0.0,0.0,0.0,0.0,0.0,0.082327,0.0,0.032265,0.0,0.021863,0.061749,0.049817,0.039346,0.0,0.045363,0.0,0.0,0.051728,0.0,0.094386,0.0,0.026336,0.017563,0.0,0.036304,0.0,0.0,0.0,0.067374,0.020025,0.092731,0.080588,0.0,0.043431,0.044287,0.067975,0.019436,0.0,0.0,0.005108
2022-04-28,0.0,0.0,0.0,0.0,0.0,0.0,0.0,0.0,0.082927,0.0,0.032458,0.0,0.021827,0.061746,0.050596,0.040025,0.0,0.045875,0.0,0.0,0.051695,0.0,0.094414,0.0,0.027,0.018267,0.0,0.036461,0.0,0.0,0.0,0.066773,0.019676,0.091822,0.080153,0.0,0.04275,0.043904,0.067379,0.019217,0.0,0.0,0.005035
2022-04-29,0.038535,0.0,0.0,0.0,0.0,0.0,0.100319,0.0,0.065754,0.0,0.044587,0.0,0.016364,0.0,0.054341,0.045839,0.03636,0.063804,0.034149,0.0,0.088615,0.0,0.016212,0.10037,0.031885,0.021601,0.0,0.045333,0.0,0.034672,0.0,0.03728,0.0,0.018256,0.100294,0.0,0.0,0.0,0.0,0.0,0.0,0.0,0.005429
2022-05-02,0.038739,0.0,0.0,0.0,0.0,0.0,0.097342,0.0,0.065794,0.0,0.045478,0.0,0.016456,0.0,0.055501,0.046149,0.036629,0.063902,0.034224,0.0,0.08853,0.0,0.016084,0.099868,0.032541,0.022441,0.0,0.046291,0.0,0.034014,0.0,0.036783,0.0,0.018286,0.099491,0.0,0.0,0.0,0.0,0.0,0.0,0.0,0.005458
2022-05-03,0.038098,0.0,0.0,0.0,0.0,0.0,0.098174,0.0,0.065864,0.0,0.044985,0.0,0.01653,0.0,0.056578,0.047911,0.036562,0.06367,0.034318,0.0,0.088066,0.0,0.015904,0.09941,0.032325,0.022437,0.0,0.045277,0.0,0.034147,0.0,0.036571,0.0,0.018034,0.09973,0.0,0.0,0.0,0.0,0.0,0.0,0.0,0.00541
2022-05-04,0.036807,0.0,0.0,0.0,0.0,0.0,0.098664,0.0,0.065658,0.0,0.045243,0.0,0.016645,0.0,0.057576,0.048705,0.036758,0.063452,0.034618,0.0,0.087952,0.0,0.015888,0.099295,0.032692,0.022772,0.0,0.04484,0.0,0.033747,0.0,0.036082,0.0,0.017781,0.099539,0.0,0.0,0.0,0.0,0.0,0.0,0.0,0.005287
2022-05-05,0.03795,0.0,0.0,0.0,0.0,0.0,0.097306,0.0,0.065211,0.0,0.044022,0.0,0.016658,0.0,0.058455,0.048898,0.036899,0.063698,0.034578,0.0,0.088898,0.0,0.016067,0.101306,0.032077,0.022337,0.0,0.043622,0.0,0.033858,0.0,0.037051,0.0,0.018362,0.097297,0.0,0.0,0.0,0.0,0.0,0.0,0.0,0.005449
2022-05-06,0.03779,0.0,0.0,0.0,0.0,0.0,0.096828,0.0,0.065471,0.0,0.043692,0.0,0.016625,0.0,0.060514,0.049797,0.036843,0.063375,0.034261,0.0,0.089084,0.0,0.016168,0.102648,0.031986,0.022254,0.0,0.042,0.0,0.033632,0.0,0.037308,0.0,0.018233,0.096013,0.0,0.0,0.0,0.0,0.0,0.0,0.0,0.005477
2022-05-09,0.038169,0.0,0.0,0.0,0.0,0.0,0.097282,0.0,0.065937,0.0,0.043541,0.0,0.016892,0.0,0.057777,0.046485,0.037422,0.063974,0.034536,0.0,0.090326,0.0,0.016823,0.106047,0.032006,0.021984,0.0,0.040887,0.0,0.033465,0.0,0.038271,0.0,0.018535,0.09394,0.0,0.0,0.0,0.0,0.0,0.0,0.0,0.0057
2022-05-10,0.037929,0.0,0.0,0.0,0.0,0.0,0.097548,0.0,0.066787,0.0,0.043458,0.0,0.01676,0.0,0.058364,0.046762,0.037217,0.06401,0.034358,0.0,0.090745,0.0,0.016725,0.104872,0.032529,0.022509,0.0,0.041429,0.0,0.032891,0.0,0.037989,0.0,0.018685,0.092724,0.0,0.0,0.0,0.0,0.0,0.0,0.0,0.005707
2022-05-11,0.038603,0.0,0.0,0.0,0.0,0.0,0.098998,0.0,0.065883,0.0,0.04201,0.0,0.016649,0.0,0.059302,0.047108,0.036976,0.063283,0.034465,0.0,0.09038,0.0,0.016696,0.105904,0.031585,0.021901,0.0,0.040367,0.0,0.032907,0.0,0.038399,0.0,0.019075,0.093786,0.0,0.0,0.0,0.0,0.0,0.0,0.0,0.005723
2022-05-12,0.037832,0.0,0.0,0.0,0.0,0.0,0.100637,0.0,0.065572,0.0,0.042418,0.0,0.016571,0.0,0.059722,0.047138,0.037149,0.06357,0.034499,0.0,0.091513,0.0,0.016739,0.105131,0.031347,0.022096,0.0,0.04093,0.0,0.033257,0.0,0.037917,0.0,0.019216,0.091005,0.0,0.0,0.0,0.0,0.0,0.0,0.0,0.00574
2022-05-13,0.037872,0.0,0.0,0.0,0.0,0.0,0.100879,0.0,0.065502,0.0,0.043086,0.0,0.016429,0.0,0.060359,0.048021,0.036766,0.063289,0.034233,0.0,0.090381,0.0,0.016604,0.103963,0.031653,0.022696,0.0,0.041805,0.0,0.033359,0.0,0.036754,0.0,0.018958,0.091782,0.0,0.0,0.0,0.0,0.0,0.0,0.0,0.005608
2022-05-16,0.037586,0.0,0.0,0.0,0.0,0.0,0.101967,0.0,0.064747,0.0,0.042004,0.0,0.016234,0.0,0.061728,0.048941,0.036583,0.062564,0.034048,0.0,0.090722,0.0,0.01662,0.103909,0.03126,0.02227,0.0,0.040671,0.0,0.03303,0.0,0.036972,0.0,0.019452,0.093104,0.0,0.0,0.0,0.0,0.0,0.0,0.0,0.005588
2022-05-17,0.037449,0.0,0.0,0.0,0.0,0.0,0.102337,0.0,0.06471,0.0,0.042164,0.0,0.01632,0.0,0.061139,0.049314,0.036632,0.063172,0.03428,0.0,0.090047,0.0,0.016161,0.102789,0.031494,0.022864,0.0,0.040279,0.0,0.032781,0.0,0.035972,0.0,0.019146,0.095477,0.0,0.0,0.0,0.0,0.0,0.0,0.0,0.005471
2022-05-18,0.037931,0.0,0.0,0.0,0.0,0.0,0.102291,0.0,0.06567,0.0,0.040639,0.0,0.016367,0.0,0.061434,0.049182,0.036371,0.061411,0.034254,0.0,0.090465,0.0,0.015594,0.104978,0.030993,0.02239,0.0,0.039822,0.0,0.032824,0.0,0.037117,0.0,0.019263,0.095363,0.0,0.0,0.0,0.0,0.0,0.0,0.0,0.005642
2022-05-19,0.037342,0.0,0.0,0.0,0.0,0.0,0.103969,0.0,0.065863,0.0,0.040479,0.0,0.016183,0.0,0.060924,0.048932,0.035877,0.060007,0.034335,0.0,0.090241,0.0,0.015245,0.104271,0.03051,0.022151,0.0,0.039786,0.0,0.032526,0.0,0.037487,0.0,0.019165,0.099092,0.0,0.0,0.0,0.0,0.0,0.0,0.0,0.005615
2022-05-20,0.036938,0.0,0.0,0.0,0.0,0.0,0.106068,0.0,0.065861,0.0,0.039611,0.0,0.016087,0.0,0.060936,0.049022,0.035345,0.059843,0.034112,0.0,0.090966,0.0,0.015215,0.104135,0.030453,0.022049,0.0,0.04029,0.0,0.0326,0.0,0.03736,0.0,0.018959,0.098558,0.0,0.0,0.0,0.0,0.0,0.0,0.0,0.005592
2022-05-23,0.037132,0.0,0.0,0.0,0.0,0.0,0.1078,0.0,0.065282,0.0,0.039138,0.0,0.01629,0.0,0.061341,0.05005,0.035232,0.059732,0.034068,0.0,0.089998,0.0,0.01523,0.103354,0.030552,0.021718,0.0,0.040519,0.0,0.032343,0.0,0.036811,0.0,0.018761,0.099167,0.0,0.0,0.0,0.0,0.0,0.0,0.0,0.005485
2022-05-24,0.036596,0.0,0.0,0.0,0.0,0.0,0.108065,0.0,0.064517,0.0,0.038291,0.0,0.016325,0.0,0.061833,0.050097,0.03536,0.058833,0.034015,0.0,0.090644,0.0,0.015544,0.10586,0.030225,0.021277,0.0,0.039709,0.0,0.032753,0.0,0.037243,0.0,0.018613,0.098692,0.0,0.0,0.0,0.0,0.0,0.0,0.0,0.005508
2022-05-25,0.036788,0.0,0.0,0.0,0.0,0.0,0.10715,0.0,0.064772,0.0,0.039072,0.0,0.01633,0.0,0.062629,0.051716,0.035295,0.059028,0.033906,0.0,0.089927,0.0,0.01543,0.104983,0.030345,0.021496,0.0,0.040107,0.0,0.032779,0.0,0.036737,0.0,0.01838,0.097664,0.0,0.0,0.0,0.0,0.0,0.0,0.0,0.005466
2022-05-26,0.036951,0.0,0.0,0.0,0.0,0.0,0.107834,0.0,0.064077,0.0,0.040379,0.0,0.016458,0.0,0.062379,0.052109,0.035475,0.059949,0.034015,0.0,0.088967,0.0,0.015362,0.103715,0.030611,0.022003,0.0,0.040536,0.0,0.032331,0.0,0.036123,0.0,0.018287,0.097056,0.0,0.0,0.0,0.0,0.0,0.0,0.0,0.005384
2022-05-27,0.036868,0.0,0.0,0.0,0.0,0.0,0.10645,0.0,0.064158,0.0,0.040974,0.0,0.016419,0.0,0.062318,0.053165,0.035518,0.059989,0.034154,0.0,0.088734,0.0,0.015246,0.103343,0.031048,0.022475,0.0,0.040972,0.0,0.03257,0.0,0.035458,0.0,0.018053,0.096805,0.0,0.0,0.0,0.0,0.0,0.0,0.0,0.005282
2022-05-30,0.03737,0.0,0.0,0.0,0.0,0.0,0.106394,0.0,0.064125,0.0,0.040953,0.0,0.016411,0.0,0.062286,0.053137,0.0355,0.059957,0.034136,0.0,0.088688,0.0,0.015238,0.103289,0.031032,0.022463,0.0,0.040951,0.0,0.032553,0.0,0.03544,0.0,0.018044,0.096754,0.0,0.0,0.0,0.0,0.0,0.0,0.0,0.005279
2022-05-31,0.0,0.0,0.0,0.0354,0.0,0.0,0.053636,0.048634,0.019032,0.013398,0.0,0.0,0.0,0.0,0.062195,0.018932,0.0,0.0,0.054289,0.0,0.080373,0.0,0.081131,0.081456,0.02381,0.0,0.0,0.025011,0.0,0.025243,0.0,0.080606,0.0,0.081563,0.048378,0.0,0.027936,0.053631,0.081338,0.0,0.0,0.0,0.004008
2022-06-01,0.0,0.0,0.0,0.035293,0.0,0.0,0.053534,0.048761,0.01891,0.013344,0.0,0.0,0.0,0.0,0.063357,0.019597,0.0,0.0,0.053874,0.0,0.079406,0.0,0.080264,0.081517,0.023795,0.0,0.0,0.025165,0.0,0.025093,0.0,0.081311,0.0,0.081682,0.048468,0.0,0.027845,0.053538,0.081229,0.0,0.0,0.0,0.004017
2022-06-02,0.0,0.0,0.0,0.035246,0.0,0.0,0.053553,0.049255,0.01892,0.013377,0.0,0.0,0.0,0.0,0.062397,0.019366,0.0,0.0,0.054694,0.0,0.07907,0.0,0.080452,0.081078,0.024078,0.0,0.0,0.025615,0.0,0.025131,0.0,0.081321,0.0,0.081103,0.050102,0.0,0.02755,0.053137,0.080587,0.0,0.0,0.0,0.003969
2022-06-03,0.0,0.0,0.0,0.035416,0.0,0.0,0.053528,0.048479,0.018723,0.013174,0.0,0.0,0.0,0.0,0.063732,0.019754,0.0,0.0,0.054598,0.0,0.078771,0.0,0.080284,0.081336,0.023691,0.0,0.0,0.025415,0.0,0.024995,0.0,0.081143,0.0,0.080978,0.04976,0.0,0.027717,0.053874,0.08063,0.0,0.0,0.0,0.004
2022-06-06,0.0,0.0,0.0,0.035722,0.0,0.0,0.052917,0.04847,0.018739,0.013136,0.0,0.0,0.0,0.0,0.063602,0.019908,0.0,0.0,0.055064,0.0,0.078711,0.0,0.080243,0.081623,0.023671,0.0,0.0,0.025368,0.0,0.024894,0.0,0.080712,0.0,0.081976,0.050337,0.0,0.027484,0.053474,0.079952,0.0,0.0,0.0,0.003997
2022-06-07,0.0,0.0,0.0,0.035415,0.0,0.0,0.05171,0.048224,0.018621,0.012978,0.0,0.0,0.0,0.0,0.06509,0.020526,0.0,0.0,0.055113,0.0,0.079235,0.0,0.08016,0.081599,0.023803,0.0,0.0,0.025607,0.0,0.025078,0.0,0.080728,0.0,0.081278,0.050542,0.0,0.027422,0.053265,0.079633,0.0,0.0,0.0,0.003972
2022-06-08,0.0,0.0,0.0,0.035856,0.0,0.0,0.051008,0.048122,0.018734,0.013003,0.0,0.0,0.0,0.0,0.065824,0.020535,0.0,0.0,0.054459,0.0,0.079323,0.0,0.079897,0.080729,0.023748,0.0,0.0,0.025651,0.0,0.024723,0.0,0.081386,0.0,0.082276,0.049864,0.0,0.027568,0.053617,0.079669,0.0,0.0,0.0,0.004008
2022-06-09,0.0,0.0,0.0,0.035857,0.0,0.0,0.050883,0.048519,0.018762,0.012944,0.0,0.0,0.0,0.0,0.065315,0.020561,0.0,0.0,0.053952,0.0,0.078669,0.0,0.079855,0.079947,0.023453,0.0,0.0,0.025489,0.0,0.024491,0.0,0.082319,0.0,0.083485,0.048895,0.0,0.027948,0.054395,0.080193,0.0,0.0,0.0,0.004066
2022-06-10,0.0,0.0,0.0,0.03542,0.0,0.0,0.050035,0.048616,0.018831,0.01279,0.0,0.0,0.0,0.0,0.065102,0.020494,0.0,0.0,0.053029,0.0,0.078483,0.0,0.08062,0.080441,0.022866,0.0,0.0,0.024969,0.0,0.024282,0.0,0.084585,0.0,0.083999,0.048418,0.0,0.028059,0.054909,0.079926,0.0,0.0,0.0,0.004124
2022-06-13,0.0,0.0,0.0,0.035524,0.0,0.0,0.049206,0.049373,0.018886,0.012631,0.0,0.0,0.0,0.0,0.063839,0.019882,0.0,0.0,0.05272,0.0,0.078739,0.0,0.081611,0.079397,0.022609,0.0,0.0,0.024596,0.0,0.023866,0.0,0.0852,0.0,0.085918,0.047449,0.0,0.028514,0.055852,0.079924,0.0,0.0,0.0,0.004265
2022-06-14,0.0,0.0,0.0,0.035401,0.0,0.0,0.049146,0.049928,0.019272,0.01286,0.0,0.0,0.0,0.0,0.06437,0.019858,0.0,0.0,0.052653,0.0,0.078489,0.0,0.081166,0.077887,0.022897,0.0,0.0,0.024697,0.0,0.023836,0.0,0.08506,0.0,0.086231,0.047085,0.0,0.028468,0.055438,0.080965,0.0,0.0,0.0,0.004293
2022-06-15,0.0,0.0,0.0,0.035509,0.0,0.0,0.050063,0.049906,0.019316,0.012763,0.0,0.0,0.0,0.0,0.062433,0.019404,0.0,0.0,0.052208,0.0,0.078633,0.0,0.080582,0.077749,0.023189,0.0,0.0,0.025059,0.0,0.024201,0.0,0.085464,0.0,0.085563,0.047466,0.0,0.028628,0.055745,0.081862,0.0,0.0,0.0,0.004257
2022-06-16,0.0,0.0,0.0,0.034823,0.0,0.0,0.048826,0.049489,0.01897,0.012648,0.0,0.0,0.0,0.0,0.060123,0.018544,0.0,0.0,0.051354,0.0,0.079063,0.0,0.081605,0.077808,0.0227,0.0,0.0,0.02449,0.0,0.024047,0.0,0.088194,0.0,0.0882,0.046435,0.0,0.029405,0.056718,0.082213,0.0,0.0,0.0,0.004345
2022-06-17,0.0,0.0,0.0,0.035256,0.0,0.0,0.04856,0.049708,0.019063,0.012836,0.0,0.0,0.0,0.0,0.057235,0.017315,0.0,0.0,0.051625,0.0,0.079572,0.0,0.081881,0.077624,0.023069,0.0,0.0,0.025158,0.0,0.0244,0.0,0.088083,0.0,0.088292,0.046133,0.0,0.029621,0.057146,0.083048,0.0,0.0,0.0,0.004375
2022-06-20,0.0,0.0,0.0,0.035406,0.0,0.0,0.048552,0.049701,0.01906,0.012834,0.0,0.0,0.0,0.0,0.057226,0.017312,0.0,0.0,0.051617,0.0,0.07956,0.0,0.081868,0.077612,0.023065,0.0,0.0,0.025154,0.0,0.024396,0.0,0.088069,0.0,0.088279,0.046125,0.0,0.029616,0.057137,0.083035,0.0,0.0,0.0,0.004374
2022-06-21,0.0,0.0,0.0,0.035252,0.0,0.0,0.047919,0.050181,0.019163,0.012653,0.0,0.0,0.0,0.0,0.059469,0.017807,0.0,0.0,0.051769,0.0,0.080722,0.0,0.083045,0.078142,0.023369,0.0,0.0,0.025547,0.0,0.024439,0.0,0.086689,0.0,0.086261,0.045903,0.0,0.029109,0.056256,0.081985,0.0,0.0,0.0,0.004322
2022-06-22,0.0,0.0,0.0,0.035171,0.0,0.0,0.047989,0.04966,0.018871,0.012363,0.0,0.0,0.0,0.0,0.057482,0.016855,0.0,0.0,0.051456,0.0,0.082405,0.0,0.083557,0.079508,0.02343,0.0,0.0,0.025633,0.0,0.02492,0.0,0.087633,0.0,0.085807,0.043734,0.0,0.02968,0.05697,0.082526,0.0,0.0,0.0,0.004351
2022-06-23,0.0,0.0,0.0,0.035291,0.0,0.0,0.047051,0.050301,0.018863,0.012263,0.0,0.0,0.0,0.0,0.055468,0.016159,0.0,0.0,0.05086,0.0,0.084433,0.0,0.085359,0.081551,0.023831,0.0,0.0,0.026438,0.0,0.025447,0.0,0.08728,0.0,0.083405,0.041176,0.0,0.029911,0.057259,0.083293,0.0,0.0,0.0,0.004361
2022-06-24,0.0,0.0,0.0,0.035773,0.0,0.0,0.04646,0.050278,0.018882,0.012564,0.0,0.0,0.0,0.0,0.05537,0.016112,0.0,0.0,0.0521,0.0,0.08457,0.0,0.085749,0.081747,0.024324,0.0,0.0,0.027126,0.0,0.025606,0.0,0.085908,0.0,0.082454,0.042196,0.0,0.029365,0.056469,0.08265,0.0,0.0,0.0,0.004297
2022-06-27,0.0,0.0,0.0,0.035898,0.0,0.0,0.047576,0.049805,0.018805,0.012543,0.0,0.0,0.0,0.0,0.0569,0.016821,0.0,0.0,0.051585,0.0,0.084743,0.0,0.085372,0.082274,0.024119,0.0,0.0,0.026671,0.0,0.025525,0.0,0.08567,0.0,0.081325,0.042951,0.0,0.029152,0.05597,0.082007,0.0,0.0,0.0,0.004288
2022-06-28,0.0,0.0,0.0,0.036159,0.0,0.0,0.047442,0.049475,0.018598,0.012523,0.0,0.0,0.0,0.0,0.058777,0.017365,0.0,0.0,0.051331,0.0,0.083751,0.0,0.084722,0.082444,0.023533,0.0,0.0,0.026019,0.0,0.025361,0.0,0.086027,0.0,0.082158,0.042964,0.0,0.029359,0.0561,0.081578,0.0,0.0,0.0,0.004314
2022-06-29,0.0,0.0,0.0,0.035693,0.0,0.0,0.047796,0.049946,0.018566,0.012368,0.0,0.0,0.0,0.0,0.05691,0.0165,0.0,0.0,0.05112,0.0,0.084743,0.0,0.085519,0.08276,0.023654,0.0,0.0,0.026094,0.0,0.025282,0.0,0.086228,0.0,0.082934,0.041987,0.0,0.029687,0.056175,0.081709,0.0,0.0,0.0,0.004327
2022-06-30,0.0,0.012797,0.0,0.011172,0.0,0.0,0.093065,0.055392,0.020468,0.011627,0.0,0.0,0.0,0.0,0.04876,0.043788,0.0,0.0,0.040782,0.0,0.092586,0.0,0.069923,0.092963,0.0,0.0,0.0,0.016595,0.0,0.0,0.0,0.092799,0.0,0.093068,0.015007,0.0,0.037113,0.055708,0.080371,0.012343,0.0,0.0,0.003674
2022-07-01,0.0,0.012747,0.0,0.011204,0.0,0.0,0.091544,0.055285,0.01983,0.011415,0.0,0.0,0.0,0.0,0.049256,0.044107,0.0,0.0,0.040877,0.0,0.093184,0.0,0.070596,0.094794,0.0,0.0,0.0,0.016895,0.0,0.0,0.0,0.092285,0.0,0.090811,0.014646,0.0,0.037334,0.056338,0.080755,0.01244,0.0,0.0,0.003657
2022-07-04,0.0,0.012746,0.0,0.011216,0.0,0.0,0.091543,0.055285,0.019829,0.011415,0.0,0.0,0.0,0.0,0.049256,0.044106,0.0,0.0,0.040877,0.0,0.093183,0.0,0.070595,0.094793,0.0,0.0,0.0,0.016894,0.0,0.0,0.0,0.092284,0.0,0.09081,0.014646,0.0,0.037334,0.056337,0.080754,0.012439,0.0,0.0,0.003657
2022-07-05,0.0,0.012589,0.0,0.011389,0.0,0.0,0.090887,0.056232,0.02,0.011527,0.0,0.0,0.0,0.0,0.0481,0.042399,0.0,0.0,0.040731,0.0,0.094208,0.0,0.071326,0.093106,0.0,0.0,0.0,0.017547,0.0,0.0,0.0,0.091851,0.0,0.090356,0.014118,0.0,0.038104,0.057129,0.08204,0.012646,0.0,0.0,0.003718
2022-07-06,0.0,0.01263,0.0,0.011571,0.0,0.0,0.090784,0.057237,0.019747,0.011442,0.0,0.0,0.0,0.0,0.047332,0.04173,0.0,0.0,0.041035,0.0,0.094951,0.0,0.071613,0.094178,0.0,0.0,0.0,0.017613,0.0,0.0,0.0,0.090498,0.0,0.090875,0.014124,0.0,0.037823,0.056676,0.081821,0.012598,0.0,0.0,0.003722
2022-07-07,0.0,0.012654,0.0,0.01173,0.0,0.0,0.092753,0.056676,0.020041,0.01156,0.0,0.0,0.0,0.0,0.048378,0.043509,0.0,0.0,0.040842,0.0,0.094068,0.0,0.070715,0.092816,0.0,0.0,0.0,0.017775,0.0,0.0,0.0,0.089328,0.0,0.091338,0.014778,0.0,0.037084,0.055823,0.082034,0.012427,0.0,0.0,0.003672
2022-07-08,0.0,0.012645,0.0,0.01177,0.0,0.0,0.093399,0.056454,0.020101,0.011627,0.0,0.0,0.0,0.0,0.048287,0.043321,0.0,0.0,0.040385,0.0,0.094213,0.0,0.070488,0.092378,0.0,0.0,0.0,0.017754,0.0,0.0,0.0,0.089237,0.0,0.092893,0.01452,0.0,0.036806,0.055684,0.081981,0.012389,0.0,0.0,0.003667
2022-07-11,0.0,0.012539,0.0,0.01177,0.0,0.0,0.090417,0.056734,0.019771,0.011384,0.0,0.0,0.0,0.0,0.048206,0.043143,0.0,0.0,0.040595,0.0,0.094724,0.0,0.070952,0.093701,0.0,0.0,0.0,0.017588,0.0,0.0,0.0,0.089466,0.0,0.093036,0.013975,0.0,0.037392,0.056217,0.082171,0.012522,0.0,0.0,0.003696
2022-07-12,0.0,0.012639,0.0,0.011891,0.0,0.0,0.090125,0.057064,0.019999,0.011472,0.0,0.0,0.0,0.0,0.047672,0.042484,0.0,0.0,0.040866,0.0,0.094322,0.0,0.071355,0.094049,0.0,0.0,0.0,0.01707,0.0,0.0,0.0,0.0899,0.0,0.091241,0.013784,0.0,0.037801,0.05668,0.083211,0.012648,0.0,0.0,0.003728
2022-07-13,0.0,0.012645,0.0,0.011753,0.0,0.0,0.090516,0.056443,0.020203,0.011558,0.0,0.0,0.0,0.0,0.047602,0.042842,0.0,0.0,0.040634,0.0,0.093418,0.0,0.071413,0.09367,0.0,0.0,0.0,0.017026,0.0,0.0,0.0,0.090341,0.0,0.091576,0.013806,0.0,0.037968,0.056981,0.083132,0.012745,0.0,0.0,0.003728
2022-07-14,0.0,0.012549,0.0,0.011703,0.0,0.0,0.089003,0.057169,0.020435,0.01145,0.0,0.0,0.0,0.0,0.047124,0.042479,0.0,0.0,0.040247,0.0,0.093989,0.0,0.072118,0.094517,0.0,0.0,0.0,0.016922,0.0,0.0,0.0,0.089877,0.0,0.091282,0.013415,0.0,0.038099,0.057355,0.083727,0.012778,0.0,0.0,0.003761
2022-07-15,0.0,0.012656,0.0,0.01178,0.0,0.0,0.089278,0.057328,0.020403,0.01151,0.0,0.0,0.0,0.0,0.047392,0.043075,0.0,0.0,0.04045,0.0,0.095253,0.0,0.0716,0.093704,0.0,0.0,0.0,0.017121,0.0,0.0,0.0,0.08876,0.0,0.09093,0.01347,0.0,0.03783,0.057085,0.083908,0.012746,0.0,0.0,0.003722
2022-07-18,0.0,0.012733,0.0,0.011925,0.0,0.0,0.089387,0.057032,0.020363,0.011598,0.0,0.0,0.0,0.0,0.04848,0.044322,0.0,0.0,0.040548,0.0,0.093246,0.0,0.070908,0.092407,0.0,0.0,0.0,0.017177,0.0,0.0,0.0,0.088849,0.0,0.092879,0.013931,0.0,0.037722,0.057013,0.083101,0.012658,0.0,0.0,0.003723
2022-07-19,0.0,0.012993,0.0,0.011844,0.0,0.0,0.089358,0.057405,0.02053,0.011744,0.0,0.0,0.0,0.0,0.049386,0.045523,0.0,0.0,0.041292,0.0,0.093721,0.0,0.070812,0.091906,0.0,0.0,0.0,0.017347,0.0,0.0,0.0,0.088015,0.0,0.09124,0.014054,0.0,0.037108,0.056285,0.083213,0.012544,0.0,0.0,0.003678
2022-07-20,0.0,0.012877,0.0,0.012061,0.0,0.0,0.088688,0.056959,0.020454,0.011691,0.0,0.0,0.0,0.0,0.050004,0.04695,0.0,0.0,0.041481,0.0,0.093056,0.0,0.070535,0.090939,0.0,0.0,0.0,0.017735,0.0,0.0,0.0,0.087433,0.0,0.091496,0.014009,0.0,0.037176,0.056394,0.08381,0.012566,0.0,0.0,0.003689
2022-07-21,0.0,0.012981,0.0,0.012056,0.0,0.0,0.088391,0.058081,0.020755,0.01183,0.0,0.0,0.0,0.0,0.048906,0.04542,0.0,0.0,0.041881,0.0,0.094102,0.0,0.07043,0.090769,0.0,0.0,0.0,0.017998,0.0,0.0,0.0,0.088267,0.0,0.089486,0.013956,0.0,0.03743,0.056489,0.08442,0.01268,0.0,0.0,0.003672
2022-07-22,0.0,0.012943,0.0,0.012113,0.0,0.0,0.088628,0.05793,0.020665,0.011698,0.0,0.0,0.0,0.0,0.048578,0.044498,0.0,0.0,0.041646,0.0,0.093856,0.0,0.071003,0.092155,0.0,0.0,0.0,0.017711,0.0,0.0,0.0,0.088623,0.0,0.088251,0.013819,0.0,0.037916,0.057053,0.084439,0.012798,0.0,0.0,0.003678
2022-07-25,0.0,0.012931,0.0,0.011969,0.0,0.0,0.091176,0.057259,0.020499,0.011638,0.0,0.0,0.0,0.0,0.049837,0.046448,0.0,0.0,0.041384,0.0,0.093368,0.0,0.070612,0.092341,0.0,0.0,0.0,0.017241,0.0,0.0,0.0,0.087463,0.0,0.088512,0.013842,0.0,0.03739,0.056353,0.083541,0.012558,0.0,0.0,0.003639
2022-07-26,0.0,0.012747,0.0,0.011993,0.0,0.0,0.091322,0.05659,0.020168,0.011631,0.0,0.0,0.0,0.0,0.049482,0.046212,0.0,0.0,0.041185,0.0,0.094033,0.0,0.070588,0.093076,0.0,0.0,0.0,0.01662,0.0,0.0,0.0,0.087532,0.0,0.089774,0.013762,0.0,0.037478,0.056464,0.083118,0.01258,0.0,0.0,0.003646
2022-07-27,0.0,0.012878,0.0,0.011891,0.0,0.0,0.093243,0.057006,0.020415,0.01171,0.0,0.0,0.0,0.0,0.049912,0.047375,0.0,0.0,0.041114,0.0,0.093336,0.0,0.070104,0.09189,0.0,0.0,0.0,0.016661,0.0,0.0,0.0,0.087222,0.0,0.089182,0.013981,0.0,0.037044,0.056054,0.082892,0.012492,0.0,0.0,0.003597
2022-07-28,0.0,0.012764,0.0,0.011914,0.0,0.0,0.094573,0.057105,0.020089,0.011675,0.0,0.0,0.0,0.0,0.049478,0.046917,0.0,0.0,0.041246,0.0,0.092593,0.0,0.07021,0.093833,0.0,0.0,0.0,0.016687,0.0,0.0,0.0,0.087029,0.0,0.08875,0.01393,0.0,0.036878,0.055821,0.082548,0.012416,0.0,0.0,0.003546
2022-07-29,0.0,0.0,0.0,0.062509,0.042485,0.040013,0.06192,0.040236,0.0,0.0,0.0,0.0,0.0,0.0,0.055065,0.024977,0.018104,0.0,0.0,0.0,0.08047,0.0,0.080147,0.08042,0.0,0.0,0.0,0.0,0.0,0.0,0.068343,0.080498,0.0,0.080379,0.0,0.0,0.040059,0.039985,0.040141,0.039953,0.01294,0.0,0.011356
2022-08-01,0.0,0.0,0.0,0.062615,0.042598,0.039587,0.061237,0.04057,0.0,0.0,0.0,0.0,0.0,0.0,0.053984,0.024465,0.018142,0.0,0.0,0.0,0.079958,0.0,0.081232,0.080591,0.0,0.0,0.0,0.0,0.0,0.0,0.069408,0.081038,0.0,0.079546,0.0,0.0,0.040335,0.040045,0.040195,0.040074,0.013012,0.0,0.011368
2022-08-02,0.0,0.0,0.0,0.063092,0.04268,0.039571,0.061134,0.041061,0.0,0.0,0.0,0.0,0.0,0.0,0.054144,0.024715,0.018046,0.0,0.0,0.0,0.080096,0.0,0.081014,0.080855,0.0,0.0,0.0,0.0,0.0,0.0,0.069648,0.080986,0.0,0.078847,0.0,0.0,0.039989,0.039784,0.040223,0.039794,0.012891,0.0,0.011429
2022-08-03,0.0,0.0,0.0,0.063434,0.042524,0.039829,0.061072,0.040948,0.0,0.0,0.0,0.0,0.0,0.0,0.052481,0.024043,0.018178,0.0,0.0,0.0,0.080664,0.0,0.081377,0.081191,0.0,0.0,0.0,0.0,0.0,0.0,0.069099,0.081016,0.0,0.079005,0.0,0.0,0.040072,0.039911,0.040492,0.040144,0.013112,0.0,0.011406
2022-08-04,0.0,0.0,0.0,0.063068,0.042838,0.040365,0.062699,0.040688,0.0,0.0,0.0,0.0,0.0,0.0,0.050447,0.022883,0.018213,0.0,0.0,0.0,0.080128,0.0,0.080697,0.081225,0.0,0.0,0.0,0.0,0.0,0.0,0.069264,0.082213,0.0,0.080065,0.0,0.0,0.040205,0.039835,0.04053,0.040138,0.013118,0.0,0.011383
2022-08-05,0.0,0.0,0.0,0.063194,0.042824,0.040079,0.063685,0.04049,0.0,0.0,0.0,0.0,0.0,0.0,0.051483,0.023603,0.018255,0.0,0.0,0.0,0.080154,0.0,0.08057,0.080987,0.0,0.0,0.0,0.0,0.0,0.0,0.069986,0.081346,0.0,0.079762,0.0,0.0,0.039651,0.039462,0.040352,0.039622,0.0131,0.0,0.011395
2022-08-08,0.0,0.0,0.0,0.06368,0.042919,0.039509,0.065208,0.040497,0.0,0.0,0.0,0.0,0.0,0.0,0.051399,0.023532,0.018125,0.0,0.0,0.0,0.079797,0.0,0.07998,0.080556,0.0,0.0,0.0,0.0,0.0,0.0,0.070444,0.081477,0.0,0.079656,0.0,0.0,0.039614,0.039463,0.040113,0.03951,0.013204,0.0,0.011316
2022-08-09,0.0,0.0,0.0,0.062649,0.042675,0.039287,0.065332,0.040348,0.0,0.0,0.0,0.0,0.0,0.0,0.052315,0.023818,0.018064,0.0,0.0,0.0,0.079576,0.0,0.079883,0.081477,0.0,0.0,0.0,0.0,0.0,0.0,0.07049,0.081748,0.0,0.079995,0.0,0.0,0.039506,0.039361,0.039826,0.039343,0.012987,0.0,0.011319
2022-08-10,0.0,0.0,0.0,0.062891,0.042686,0.038889,0.066122,0.040692,0.0,0.0,0.0,0.0,0.0,0.0,0.052159,0.023974,0.018273,0.0,0.0,0.0,0.079626,0.0,0.079657,0.081006,0.0,0.0,0.0,0.0,0.0,0.0,0.071425,0.080717,0.0,0.080245,0.0,0.0,0.039129,0.038895,0.040012,0.039313,0.013085,0.0,0.011204
2022-08-11,0.0,0.0,0.0,0.063402,0.043032,0.039507,0.064797,0.040146,0.0,0.0,0.0,0.0,0.0,0.0,0.053832,0.024937,0.018328,0.0,0.0,0.0,0.078932,0.0,0.079287,0.080812,0.0,0.0,0.0,0.0,0.0,0.0,0.07168,0.080322,0.0,0.080808,0.0,0.0,0.038781,0.038676,0.039694,0.038846,0.013002,0.0,0.011178
2022-08-12,0.0,0.0,0.0,0.063369,0.042516,0.039187,0.066461,0.040122,0.0,0.0,0.0,0.0,0.0,0.0,0.05365,0.024893,0.018402,0.0,0.0,0.0,0.079074,0.0,0.079106,0.081236,0.0,0.0,0.0,0.0,0.0,0.0,0.072305,0.08018,0.0,0.080085,0.0,0.0,0.038512,0.038405,0.039613,0.038869,0.012958,0.0,0.011057
2022-08-15,0.0,0.0,0.0,0.063715,0.042577,0.039018,0.066542,0.040124,0.0,0.0,0.0,0.0,0.0,0.0,0.052619,0.024265,0.018451,0.0,0.0,0.0,0.079493,0.0,0.079914,0.081937,0.0,0.0,0.0,0.0,0.0,0.0,0.073185,0.07917,0.0,0.079565,0.0,0.0,0.038645,0.038376,0.039554,0.038853,0.012938,0.0,0.01106
2022-08-16,0.0,0.0,0.0,0.064107,0.042615,0.038845,0.066399,0.040548,0.0,0.0,0.0,0.0,0.0,0.0,0.05258,0.0243,0.018564,0.0,0.0,0.0,0.079408,0.0,0.080945,0.082302,0.0,0.0,0.0,0.0,0.0,0.0,0.072505,0.079159,0.0,0.078489,0.0,0.0,0.038663,0.038448,0.039432,0.038766,0.012846,0.0,0.011077
2022-08-17,0.0,0.0,0.0,0.063436,0.042598,0.038884,0.066396,0.040712,0.0,0.0,0.0,0.0,0.0,0.0,0.053233,0.024747,0.018491,0.0,0.0,0.0,0.079265,0.0,0.081041,0.082497,0.0,0.0,0.0,0.0,0.0,0.0,0.072268,0.078965,0.0,0.078806,0.0,0.0,0.038558,0.038486,0.039183,0.038556,0.012756,0.0,0.011122
2022-08-18,0.0,0.0,0.0,0.064038,0.042398,0.038446,0.066482,0.040557,0.0,0.0,0.0,0.0,0.0,0.0,0.05458,0.025787,0.018537,0.0,0.0,0.0,0.078792,0.0,0.08119,0.082679,0.0,0.0,0.0,0.0,0.0,0.0,0.071555,0.078638,0.0,0.077517,0.0,0.0,0.038573,0.038624,0.039183,0.038596,0.012722,0.0,0.011105
2022-08-19,0.0,0.0,0.0,0.063818,0.042088,0.038496,0.065597,0.040261,0.0,0.0,0.0,0.0,0.0,0.0,0.055031,0.025644,0.018454,0.0,0.0,0.0,0.07968,0.0,0.081617,0.08334,0.0,0.0,0.0,0.0,0.0,0.0,0.069455,0.078727,0.0,0.078924,0.0,0.0,0.038567,0.038886,0.039115,0.038463,0.012636,0.0,0.011201
2022-08-22,0.0,0.0,0.0,0.063755,0.04199,0.038829,0.065483,0.03989,0.0,0.0,0.0,0.0,0.0,0.0,0.055186,0.025911,0.018188,0.0,0.0,0.0,0.079008,0.0,0.08117,0.082591,0.0,0.0,0.0,0.0,0.0,0.0,0.07083,0.078574,0.0,0.079927,0.0,0.0,0.038579,0.038995,0.038856,0.038385,0.012602,0.0,0.011253
2022-08-23,0.0,0.0,0.0,0.063166,0.041928,0.038633,0.067406,0.040034,0.0,0.0,0.0,0.0,0.0,0.0,0.056783,0.026307,0.018097,0.0,0.0,0.0,0.07737,0.0,0.080263,0.081531,0.0,0.0,0.0,0.0,0.0,0.0,0.071708,0.078579,0.0,0.080514,0.0,0.0,0.03822,0.038791,0.038685,0.038162,0.012647,0.0,0.011176
2022-08-24,0.0,0.0,0.0,0.06345,0.041998,0.038556,0.067187,0.040148,0.0,0.0,0.0,0.0,0.0,0.0,0.057366,0.026772,0.01812,0.0,0.0,0.0,0.07731,0.0,0.080303,0.081624,0.0,0.0,0.0,0.0,0.0,0.0,0.070734,0.078653,0.0,0.080666,0.0,0.0,0.038016,0.038706,0.038653,0.037973,0.01261,0.0,0.011155
2022-08-25,0.0,0.0,0.0,0.063372,0.04221,0.039912,0.067069,0.039707,0.0,0.0,0.0,0.0,0.0,0.0,0.057437,0.026757,0.018279,0.0,0.0,0.0,0.077663,0.0,0.080156,0.0816,0.0,0.0,0.0,0.0,0.0,0.0,0.070586,0.078388,0.0,0.079644,0.0,0.0,0.038014,0.038578,0.038767,0.038118,0.012662,0.0,0.011083
2022-08-26,0.0,0.0,0.0,0.063038,0.042585,0.04008,0.067478,0.039686,0.0,0.0,0.0,0.0,0.0,0.0,0.057469,0.026836,0.017864,0.0,0.0,0.0,0.076434,0.0,0.07914,0.081343,0.0,0.0,0.0,0.0,0.0,0.0,0.069763,0.078395,0.0,0.081653,0.0,0.0,0.03844,0.038999,0.038601,0.038359,0.012619,0.0,0.01122
2022-08-29,0.0,0.0,0.0,0.062257,0.04263,0.039781,0.068141,0.039803,0.0,0.0,0.0,0.0,0.0,0.0,0.058399,0.027193,0.017803,0.0,0.0,0.0,0.075981,0.0,0.079097,0.081677,0.0,0.0,0.0,0.0,0.0,0.0,0.069302,0.078527,0.0,0.081859,0.0,0.0,0.038262,0.038889,0.038495,0.038117,0.012557,0.0,0.011232
2022-08-30,0.0,0.0,0.0,0.06233,0.042348,0.039375,0.066763,0.040873,0.0,0.0,0.0,0.0,0.0,0.0,0.057172,0.02618,0.01778,0.0,0.0,0.0,0.076483,0.0,0.079322,0.081558,0.0,0.0,0.0,0.0,0.0,0.0,0.068726,0.078912,0.0,0.082592,0.0,0.0,0.038761,0.039339,0.038709,0.038674,0.01272,0.0,0.011381
2022-08-31,0.017691,0.0,0.017975,0.064692,0.0,0.0,0.0,0.082436,0.0,0.0,0.022005,0.0,0.0,0.0,0.041095,0.040406,0.063075,0.0,0.0,0.0,0.08174,0.0,0.0823,0.082272,0.030552,0.0,0.0,0.0,0.0,0.023856,0.082228,0.082369,0.0,0.016783,0.0,0.0,0.040849,0.04077,0.040988,0.040606,0.0,0.0,0.005312
2022-09-01,0.017441,0.0,0.017824,0.064181,0.0,0.0,0.0,0.083268,0.0,0.0,0.022285,0.0,0.0,0.0,0.040227,0.038973,0.063388,0.0,0.0,0.0,0.08338,0.0,0.083057,0.083753,0.030511,0.0,0.0,0.0,0.0,0.023985,0.080855,0.081936,0.0,0.016582,0.0,0.0,0.040669,0.040606,0.041242,0.040505,0.0,0.0,0.005332
2022-09-02,0.017879,0.0,0.017671,0.065014,0.0,0.0,0.0,0.08264,0.0,0.0,0.022134,0.0,0.0,0.0,0.041063,0.039988,0.062926,0.0,0.0,0.0,0.082381,0.0,0.08217,0.083053,0.030187,0.0,0.0,0.0,0.0,0.023707,0.080421,0.082856,0.0,0.016679,0.0,0.0,0.040995,0.040944,0.041314,0.040633,0.0,0.0,0.005345
2022-09-05,0.017585,0.0,0.017681,0.064792,0.0,0.0,0.0,0.082686,0.0,0.0,0.022146,0.0,0.0,0.0,0.041087,0.040011,0.062962,0.0,0.0,0.0,0.082427,0.0,0.082216,0.0831,0.030204,0.0,0.0,0.0,0.0,0.023721,0.080467,0.082903,0.0,0.016688,0.0,0.0,0.041018,0.040967,0.041337,0.040656,0.0,0.0,0.005347
2022-09-06,0.017604,0.0,0.017461,0.064616,0.0,0.0,0.0,0.083036,0.0,0.0,0.022174,0.0,0.0,0.0,0.04084,0.03955,0.063272,0.0,0.0,0.0,0.082778,0.0,0.082021,0.083586,0.030103,0.0,0.0,0.0,0.0,0.024014,0.081103,0.08269,0.0,0.016784,0.0,0.0,0.040695,0.040711,0.041362,0.040236,0.0,0.0,0.005365
2022-09-07,0.017369,0.0,0.017211,0.063479,0.0,0.0,0.0,0.08331,0.0,0.0,0.022561,0.0,0.0,0.0,0.039849,0.038332,0.063463,0.0,0.0,0.0,0.083051,0.0,0.082429,0.085097,0.030193,0.0,0.0,0.0,0.0,0.024169,0.082787,0.082462,0.0,0.016464,0.0,0.0,0.040436,0.040356,0.041422,0.040264,0.0,0.0,0.005296
2022-09-08,0.017569,0.0,0.017347,0.064293,0.0,0.0,0.0,0.083312,0.0,0.0,0.022678,0.0,0.0,0.0,0.039859,0.038627,0.063392,0.0,0.0,0.0,0.084149,0.0,0.08188,0.084683,0.030172,0.0,0.0,0.0,0.0,0.024136,0.08308,0.081631,0.0,0.016388,0.0,0.0,0.040122,0.039967,0.041433,0.040006,0.0,0.0,0.005274
2022-09-09,0.017671,0.0,0.017488,0.064357,0.0,0.0,0.0,0.082402,0.0,0.0,0.022866,0.0,0.0,0.0,0.040425,0.039276,0.063543,0.0,0.0,0.0,0.084002,0.0,0.081819,0.084134,0.030447,0.0,0.0,0.0,0.0,0.024143,0.084368,0.081204,0.0,0.016521,0.0,0.0,0.039706,0.039567,0.041163,0.039679,0.0,0.0,0.00522
2022-09-12,0.017828,0.0,0.017379,0.064298,0.0,0.0,0.0,0.083074,0.0,0.0,0.023008,0.0,0.0,0.0,0.040895,0.039558,0.063501,0.0,0.0,0.0,0.084003,0.0,0.081598,0.084378,0.030731,0.0,0.0,0.0,0.0,0.024217,0.083865,0.081077,0.0,0.016523,0.0,0.0,0.039349,0.039189,0.041015,0.03933,0.0,0.0,0.005185
2022-09-13,0.017722,0.0,0.017223,0.06485,0.0,0.0,0.0,0.083367,0.0,0.0,0.022362,0.0,0.0,0.0,0.04085,0.039429,0.062621,0.0,0.0,0.0,0.083238,0.0,0.080825,0.084164,0.02982,0.0,0.0,0.0,0.0,0.023867,0.084301,0.082002,0.0,0.016826,0.0,0.0,0.040096,0.040039,0.041074,0.040012,0.0,0.0,0.005313
2022-09-14,0.017487,0.0,0.017383,0.064065,0.0,0.0,0.0,0.084052,0.0,0.0,0.022535,0.0,0.0,0.0,0.041792,0.040614,0.062184,0.0,0.0,0.0,0.082865,0.0,0.080384,0.084423,0.029777,0.0,0.0,0.0,0.0,0.023476,0.084986,0.081275,0.0,0.016636,0.0,0.0,0.039914,0.039938,0.040927,0.04,0.0,0.0,0.005287
2022-09-15,0.017612,0.0,0.017481,0.064842,0.0,0.0,0.0,0.084291,0.0,0.0,0.022725,0.0,0.0,0.0,0.041271,0.039715,0.062375,0.0,0.0,0.0,0.084464,0.0,0.080799,0.083442,0.029489,0.0,0.0,0.0,0.0,0.023357,0.082907,0.080845,0.0,0.016855,0.0,0.0,0.040319,0.040278,0.041224,0.04035,0.0,0.0,0.005359
2022-09-16,0.017467,0.0,0.017595,0.064008,0.0,0.0,0.0,0.08397,0.0,0.0,0.022707,0.0,0.0,0.0,0.040685,0.038918,0.061519,0.0,0.0,0.0,0.08484,0.0,0.081582,0.083735,0.029538,0.0,0.0,0.0,0.0,0.023529,0.082401,0.081885,0.0,0.016961,0.0,0.0,0.040646,0.040402,0.041664,0.040549,0.0,0.0,0.005398
2022-09-19,0.017375,0.0,0.017559,0.063745,0.0,0.0,0.0,0.084358,0.0,0.0,0.022906,0.0,0.0,0.0,0.040493,0.038699,0.062024,0.0,0.0,0.0,0.083936,0.0,0.08169,0.084408,0.029621,0.0,0.0,0.0,0.0,0.023371,0.083734,0.081515,0.0,0.016871,0.0,0.0,0.040316,0.040005,0.0416,0.040403,0.0,0.0,0.005369
2022-09-20,0.017469,0.0,0.017522,0.063918,0.0,0.0,0.0,0.084791,0.0,0.0,0.022706,0.0,0.0,0.0,0.040548,0.038463,0.061765,0.0,0.0,0.0,0.083646,0.0,0.081923,0.083876,0.029694,0.0,0.0,0.0,0.0,0.022994,0.083775,0.081728,0.0,0.017236,0.0,0.0,0.040401,0.040277,0.04152,0.040334,0.0,0.0,0.005415
2022-09-21,0.017635,0.0,0.017443,0.065296,0.0,0.0,0.0,0.084429,0.0,0.0,0.022326,0.0,0.0,0.0,0.040238,0.037925,0.061378,0.0,0.0,0.0,0.082843,0.0,0.082191,0.083317,0.029438,0.0,0.0,0.0,0.0,0.022792,0.08341,0.08269,0.0,0.017242,0.0,0.0,0.040851,0.040641,0.04169,0.040774,0.0,0.0,0.005453
2022-09-22,0.017323,0.0,0.017743,0.064091,0.0,0.0,0.0,0.084336,0.0,0.0,0.022013,0.0,0.0,0.0,0.040465,0.037619,0.061012,0.0,0.0,0.0,0.084051,0.0,0.082833,0.083787,0.029407,0.0,0.0,0.0,0.0,0.02271,0.082737,0.083406,0.0,0.017409,0.0,0.0,0.040607,0.040551,0.041824,0.040572,0.0,0.0,0.005503
2022-09-23,0.017304,0.0,0.017745,0.064113,0.0,0.0,0.0,0.084236,0.0,0.0,0.02195,0.0,0.0,0.0,0.038453,0.035301,0.061105,0.0,0.0,0.0,0.08535,0.0,0.083107,0.084529,0.029622,0.0,0.0,0.0,0.0,0.022871,0.081465,0.083659,0.0,0.017425,0.0,0.0,0.041497,0.041213,0.042145,0.041292,0.0,0.0,0.005617
2022-09-26,0.017383,0.0,0.017683,0.06509,0.0,0.0,0.0,0.083785,0.0,0.0,0.022184,0.0,0.0,0.0,0.037994,0.034618,0.061244,0.0,0.0,0.0,0.085628,0.0,0.084241,0.083557,0.029796,0.0,0.0,0.0,0.0,0.022517,0.081778,0.083754,0.0,0.017363,0.0,0.0,0.041334,0.041078,0.042186,0.041099,0.0,0.0,0.005689
2022-09-27,0.017413,0.0,0.017594,0.065031,0.0,0.0,0.0,0.083837,0.0,0.0,0.022328,0.0,0.0,0.0,0.038548,0.035634,0.061244,0.0,0.0,0.0,0.085652,0.0,0.083062,0.082423,0.029934,0.0,0.0,0.0,0.0,0.022291,0.082601,0.084205,0.0,0.017455,0.0,0.0,0.041189,0.040997,0.042237,0.040615,0.0,0.0,0.005709
2022-09-28,0.017179,0.0,0.017604,0.064396,0.0,0.0,0.0,0.083628,0.0,0.0,0.02252,0.0,0.0,0.0,0.039533,0.037291,0.061469,0.0,0.0,0.0,0.085956,0.0,0.082552,0.081815,0.029708,0.0,0.0,0.0,0.0,0.022345,0.081449,0.084414,0.0,0.017288,0.0,0.0,0.041361,0.040973,0.042221,0.040689,0.0,0.0,0.005607
2022-09-29,0.017313,0.0,0.017722,0.063792,0.0,0.0,0.0,0.083157,0.0,0.0,0.0221,0.0,0.0,0.0,0.040185,0.037662,0.0614,0.0,0.0,0.0,0.086639,0.0,0.082528,0.079829,0.029411,0.0,0.0,0.0,0.0,0.022046,0.080664,0.08579,0.0,0.017582,0.0,0.0,0.041848,0.041065,0.042514,0.041052,0.0,0.0,0.005699
2022-09-30,0.022528,0.0,0.0,0.06048,0.052417,0.030424,0.0,0.052336,0.0,0.0,0.039154,0.0,0.0,0.0,0.041175,0.041618,0.076902,0.0,0.0,0.0,0.052732,0.030016,0.082637,0.082876,0.0,0.0,0.0,0.0,0.0,0.0,0.082659,0.0,0.0,0.044044,0.0,0.0,0.037204,0.044941,0.055252,0.027013,0.038963,0.0,0.00463
2022-10-03,0.022167,0.0,0.0,0.059617,0.05183,0.030074,0.0,0.051684,0.0,0.0,0.038525,0.0,0.0,0.0,0.04276,0.043545,0.077873,0.0,0.0,0.0,0.052899,0.02975,0.082628,0.083851,0.0,0.0,0.0,0.0,0.0,0.0,0.082172,0.0,0.0,0.04338,0.0,0.0,0.037004,0.044743,0.055022,0.027044,0.038881,0.0,0.004551
2022-10-04,0.022389,0.0,0.0,0.0595,0.052355,0.030481,0.0,0.051293,0.0,0.0,0.038857,0.0,0.0,0.0,0.043465,0.044664,0.078535,0.0,0.0,0.0,0.052751,0.030088,0.08175,0.083453,0.0,0.0,0.0,0.0,0.0,0.0,0.083798,0.0,0.0,0.042404,0.0,0.0,0.036138,0.043779,0.054779,0.026478,0.038606,0.0,0.004436
2022-10-05,0.022193,0.0,0.0,0.059485,0.052047,0.030783,0.0,0.051423,0.0,0.0,0.038819,0.0,0.0,0.0,0.044582,0.045707,0.078495,0.0,0.0,0.0,0.053189,0.030117,0.081678,0.082003,0.0,0.0,0.0,0.0,0.0,0.0,0.083045,0.0,0.0,0.042868,0.0,0.0,0.035973,0.043649,0.054833,0.026408,0.038247,0.0,0.004457
2022-10-06,0.022428,0.0,0.0,0.060341,0.052625,0.030618,0.0,0.051009,0.0,0.0,0.038736,0.0,0.0,0.0,0.045601,0.046603,0.077979,0.0,0.0,0.0,0.052771,0.030267,0.080887,0.079694,0.0,0.0,0.0,0.0,0.0,0.0,0.083688,0.0,0.0,0.04289,0.0,0.0,0.035953,0.043721,0.05494,0.026478,0.038289,0.0,0.00448
2022-10-07,0.022256,0.0,0.0,0.060183,0.052531,0.030331,0.0,0.051042,0.0,0.0,0.038058,0.0,0.0,0.0,0.046039,0.046837,0.077826,0.0,0.0,0.0,0.052559,0.029467,0.081071,0.079407,0.0,0.0,0.0,0.0,0.0,0.0,0.082899,0.0,0.0,0.043706,0.0,0.0,0.036402,0.044499,0.05522,0.026673,0.038435,0.0,0.004559
2022-10-10,0.022099,0.0,0.0,0.060413,0.051894,0.029508,0.0,0.051972,0.0,0.0,0.038088,0.0,0.0,0.0,0.045409,0.046315,0.078647,0.0,0.0,0.0,0.052594,0.029129,0.081933,0.080101,0.0,0.0,0.0,0.0,0.0,0.0,0.081633,0.0,0.0,0.044535,0.0,0.0,0.036442,0.044556,0.054929,0.026619,0.038592,0.0,0.004591
2022-10-11,0.022081,0.0,0.0,0.060348,0.051443,0.028845,0.0,0.051455,0.0,0.0,0.037836,0.0,0.0,0.0,0.045117,0.045772,0.078752,0.0,0.0,0.0,0.052958,0.029408,0.082738,0.079938,0.0,0.0,0.0,0.0,0.0,0.0,0.082394,0.0,0.0,0.04443,0.0,0.0,0.036591,0.044881,0.055185,0.026606,0.038623,0.0,0.004598
2022-10-12,0.022032,0.0,0.0,0.060071,0.051239,0.028956,0.0,0.05187,0.0,0.0,0.03809,0.0,0.0,0.0,0.045667,0.046478,0.078455,0.0,0.0,0.0,0.052914,0.029691,0.083522,0.077592,0.0,0.0,0.0,0.0,0.0,0.0,0.081697,0.0,0.0,0.044261,0.0,0.0,0.036861,0.045154,0.055504,0.026683,0.038644,0.0,0.004618
2022-10-13,0.021929,0.0,0.0,0.059706,0.050723,0.02847,0.0,0.051568,0.0,0.0,0.038029,0.0,0.0,0.0,0.046941,0.047583,0.07919,0.0,0.0,0.0,0.053475,0.029833,0.083851,0.078547,0.0,0.0,0.0,0.0,0.0,0.0,0.081705,0.0,0.0,0.043712,0.0,0.0,0.036251,0.044543,0.054938,0.026399,0.038048,0.0,0.00456
2022-10-14,0.022291,0.0,0.0,0.060662,0.051397,0.028586,0.0,0.051783,0.0,0.0,0.037207,0.0,0.0,0.0,0.04593,0.045958,0.078722,0.0,0.0,0.0,0.053985,0.029469,0.083687,0.078681,0.0,0.0,0.0,0.0,0.0,0.0,0.080277,0.0,0.0,0.044164,0.0,0.0,0.036639,0.045311,0.055658,0.026574,0.038385,0.0,0.004635
2022-10-17,0.022298,0.0,0.0,0.060381,0.051376,0.028923,0.0,0.05204,0.0,0.0,0.03806,0.0,0.0,0.0,0.045712,0.046255,0.079075,0.0,0.0,0.0,0.053921,0.030041,0.083155,0.078963,0.0,0.0,0.0,0.0,0.0,0.0,0.081534,0.0,0.0,0.043414,0.0,0.0,0.036055,0.044664,0.055386,0.026248,0.037942,0.0,0.004556
2022-10-18,0.022228,0.0,0.0,0.060112,0.050675,0.028614,0.0,0.051559,0.0,0.0,0.038312,0.0,0.0,0.0,0.045786,0.046381,0.080411,0.0,0.0,0.0,0.053837,0.029969,0.083644,0.079838,0.0,0.0,0.0,0.0,0.0,0.0,0.081276,0.0,0.0,0.043042,0.0,0.0,0.035891,0.044231,0.055382,0.026217,0.038073,0.0,0.004523
2022-10-19,0.022352,0.0,0.0,0.06016,0.050583,0.027622,0.0,0.051407,0.0,0.0,0.038132,0.0,0.0,0.0,0.047448,0.047881,0.080366,0.0,0.0,0.0,0.053434,0.028689,0.083806,0.07932,0.0,0.0,0.0,0.0,0.0,0.0,0.081971,0.0,0.0,0.04324,0.0,0.0,0.035749,0.044295,0.055212,0.026029,0.037752,0.0,0.004554
2022-10-20,0.022625,0.0,0.0,0.060702,0.051652,0.027987,0.0,0.052279,0.0,0.0,0.037658,0.0,0.0,0.0,0.047828,0.047694,0.079344,0.0,0.0,0.0,0.053355,0.028746,0.083221,0.077863,0.0,0.0,0.0,0.0,0.0,0.0,0.081684,0.0,0.0,0.043567,0.0,0.0,0.035733,0.044566,0.055294,0.025985,0.037633,0.0,0.004586
2022-10-21,0.02218,0.0,0.0,0.059232,0.050699,0.02784,0.0,0.052275,0.0,0.0,0.038205,0.0,0.0,0.0,0.04851,0.048071,0.080364,0.0,0.0,0.0,0.053778,0.02912,0.083296,0.078177,0.0,0.0,0.0,0.0,0.0,0.0,0.083099,0.0,0.0,0.043055,0.0,0.0,0.035305,0.044046,0.055032,0.025688,0.037507,0.0,0.004521
2022-10-24,0.022586,0.0,0.0,0.05969,0.049175,0.025166,0.0,0.05235,0.0,0.0,0.038381,0.0,0.0,0.0,0.048763,0.048108,0.081472,0.0,0.0,0.0,0.054842,0.029002,0.084836,0.07887,0.0,0.0,0.0,0.0,0.0,0.0,0.081576,0.0,0.0,0.042926,0.0,0.0,0.035276,0.044172,0.055097,0.025687,0.037501,0.0,0.004523
2022-10-25,0.022741,0.0,0.0,0.060018,0.049094,0.025295,0.0,0.051785,0.0,0.0,0.038843,0.0,0.0,0.0,0.048193,0.047893,0.081521,0.0,0.0,0.0,0.054557,0.0294,0.084857,0.07943,0.0,0.0,0.0,0.0,0.0,0.0,0.082313,0.0,0.0,0.042254,0.0,0.0,0.035263,0.043788,0.054922,0.0257,0.037667,0.0,0.004466
2022-10-26,0.022838,0.0,0.0,0.060131,0.049669,0.026206,0.0,0.051884,0.0,0.0,0.038221,0.0,0.0,0.0,0.048457,0.048248,0.08115,0.0,0.0,0.0,0.054718,0.029648,0.084732,0.078756,0.0,0.0,0.0,0.0,0.0,0.0,0.082788,0.0,0.0,0.041746,0.0,0.0,0.035158,0.043371,0.05463,0.02561,0.03761,0.0,0.00443
2022-10-27,0.022641,0.0,0.0,0.060447,0.049518,0.025568,0.0,0.051407,0.0,0.0,0.038111,0.0,0.0,0.0,0.04868,0.047903,0.082181,0.0,0.0,0.0,0.054484,0.029311,0.084886,0.079462,0.0,0.0,0.0,0.0,0.0,0.0,0.081672,0.0,0.0,0.041534,0.0,0.0,0.035441,0.04375,0.055085,0.025754,0.037731,0.0,0.004435
2022-10-28,0.022549,0.0,0.0,0.059991,0.048206,0.024686,0.0,0.051752,0.0,0.0,0.037947,0.0,0.0,0.0,0.048596,0.047439,0.083656,0.0,0.0,0.0,0.055094,0.030187,0.086298,0.08122,0.0,0.0,0.0,0.0,0.0,0.0,0.079784,0.0,0.0,0.041109,0.0,0.0,0.035077,0.04347,0.055223,0.025674,0.03763,0.0,0.004412
2022-10-31,0.019904,0.0,0.057873,0.055545,0.019703,0.0,0.0,0.075311,0.0,0.0,0.0,0.0,0.0,0.075296,0.048515,0.026781,0.0,0.0,0.0,0.02909,0.051319,0.022737,0.075264,0.0,0.0,0.0,0.0,0.0,0.0,0.0,0.072819,0.075147,0.0,0.075337,0.0,0.0,0.037602,0.03752,0.037435,0.037056,0.064622,0.0,0.005123
2022-11-01,0.019718,0.0,0.057875,0.055703,0.019979,0.0,0.0,0.075135,0.0,0.0,0.0,0.0,0.0,0.074838,0.048616,0.026916,0.0,0.0,0.0,0.028779,0.050964,0.02275,0.074462,0.0,0.0,0.0,0.0,0.0,0.0,0.0,0.073905,0.075343,0.0,0.0756,0.0,0.0,0.037313,0.037231,0.037377,0.037042,0.065371,0.0,0.005086
2022-11-02,0.01987,0.0,0.05824,0.055878,0.020203,0.0,0.0,0.07521,0.0,0.0,0.0,0.0,0.0,0.074076,0.048058,0.026547,0.0,0.0,0.0,0.02804,0.050745,0.022588,0.074115,0.0,0.0,0.0,0.0,0.0,0.0,0.0,0.073404,0.075786,0.0,0.076158,0.0,0.0,0.037732,0.037628,0.037517,0.037341,0.065713,0.0,0.005151
2022-11-03,0.019471,0.0,0.058197,0.055532,0.020194,0.0,0.0,0.075815,0.0,0.0,0.0,0.0,0.0,0.073478,0.049048,0.027208,0.0,0.0,0.0,0.027582,0.050636,0.022481,0.074018,0.0,0.0,0.0,0.0,0.0,0.0,0.0,0.074434,0.075653,0.0,0.075933,0.0,0.0,0.037645,0.037286,0.037326,0.037285,0.065616,0.0,0.005163
2022-11-04,0.019312,0.0,0.058398,0.054141,0.020574,0.0,0.0,0.0762,0.0,0.0,0.0,0.0,0.0,0.074033,0.048867,0.027299,0.0,0.0,0.0,0.027708,0.050144,0.021945,0.073719,0.0,0.0,0.0,0.0,0.0,0.0,0.0,0.07694,0.076752,0.0,0.075683,0.0,0.0,0.036975,0.036837,0.036994,0.036773,0.065623,0.0,0.005082
2022-11-07,0.019478,0.0,0.058501,0.054309,0.020643,0.0,0.0,0.075991,0.0,0.0,0.0,0.0,0.0,0.07428,0.049512,0.028016,0.0,0.0,0.0,0.027773,0.050483,0.021629,0.074085,0.0,0.0,0.0,0.0,0.0,0.0,0.0,0.076317,0.07615,0.0,0.07565,0.0,0.0,0.036701,0.036739,0.036844,0.036495,0.065342,0.0,0.005063
2022-11-08,0.019691,0.0,0.058955,0.054372,0.020705,0.0,0.0,0.076101,0.0,0.0,0.0,0.0,0.0,0.073667,0.049232,0.02765,0.0,0.0,0.0,0.027559,0.0504,0.021687,0.073808,0.0,0.0,0.0,0.0,0.0,0.0,0.0,0.077395,0.077393,0.0,0.074777,0.0,0.0,0.036701,0.036548,0.036566,0.036405,0.065363,0.0,0.005029
2022-11-09,0.019726,0.0,0.05891,0.054484,0.020845,0.0,0.0,0.076234,0.0,0.0,0.0,0.0,0.0,0.073581,0.047597,0.026257,0.0,0.0,0.0,0.027879,0.050679,0.02131,0.074209,0.0,0.0,0.0,0.0,0.0,0.0,0.0,0.075551,0.078274,0.0,0.075668,0.0,0.0,0.037433,0.037073,0.036724,0.03691,0.065545,0.0,0.005112
2022-11-10,0.019747,0.0,0.060101,0.054312,0.020543,0.0,0.0,0.07569,0.0,0.0,0.0,0.0,0.0,0.074714,0.047013,0.026321,0.0,0.0,0.0,0.029902,0.050212,0.02217,0.073389,0.0,0.0,0.0,0.0,0.0,0.0,0.0,0.076592,0.077934,0.0,0.073334,0.0,0.0,0.036981,0.036416,0.036589,0.036858,0.066243,0.0,0.00494
2022-11-11,0.019847,0.0,0.060901,0.053874,0.020945,0.0,0.0,0.075238,0.0,0.0,0.0,0.0,0.0,0.073937,0.048069,0.026974,0.0,0.0,0.0,0.029982,0.049279,0.022462,0.072838,0.0,0.0,0.0,0.0,0.0,0.0,0.0,0.077926,0.077945,0.0,0.073044,0.0,0.0,0.036667,0.036162,0.036481,0.03672,0.065802,0.0,0.004908
2022-11-14,0.020147,0.0,0.060581,0.05417,0.021172,0.0,0.0,0.074931,0.0,0.0,0.0,0.0,0.0,0.073309,0.048463,0.026807,0.0,0.0,0.0,0.029164,0.049743,0.022469,0.072879,0.0,0.0,0.0,0.0,0.0,0.0,0.0,0.076548,0.078781,0.0,0.07363,0.0,0.0,0.03689,0.036201,0.03652,0.036845,0.065798,0.0,0.00495
2022-11-15,0.020199,0.0,0.060567,0.054167,0.021605,0.0,0.0,0.074726,0.0,0.0,0.0,0.0,0.0,0.073239,0.048638,0.027269,0.0,0.0,0.0,0.029753,0.04934,0.022257,0.072986,0.0,0.0,0.0,0.0,0.0,0.0,0.0,0.075105,0.078517,0.0,0.073345,0.0,0.0,0.03691,0.036186,0.03659,0.037103,0.066579,0.0,0.004917
2022-11-16,0.020116,0.0,0.060856,0.053495,0.021329,0.0,0.0,0.074414,0.0,0.0,0.0,0.0,0.0,0.072677,0.048041,0.026701,0.0,0.0,0.0,0.029665,0.049727,0.02181,0.073952,0.0,0.0,0.0,0.0,0.0,0.0,0.0,0.073831,0.078987,0.0,0.073696,0.0,0.0,0.03749,0.036579,0.036814,0.03773,0.067132,0.0,0.004958
2022-11-17,0.02003,0.0,0.061197,0.053384,0.021357,0.0,0.0,0.074656,0.0,0.0,0.0,0.0,0.0,0.072206,0.048504,0.026843,0.0,0.0,0.0,0.029392,0.050075,0.021716,0.074482,0.0,0.0,0.0,0.0,0.0,0.0,0.0,0.072714,0.078997,0.0,0.073579,0.0,0.0,0.037513,0.0366,0.036929,0.037807,0.067022,0.0,0.004996
2022-11-18,0.020213,0.0,0.061137,0.053934,0.021344,0.0,0.0,0.074593,0.0,0.0,0.0,0.0,0.0,0.072736,0.048091,0.02653,0.0,0.0,0.0,0.029445,0.05065,0.02183,0.075233,0.0,0.0,0.0,0.0,0.0,0.0,0.0,0.0718,0.078404,0.0,0.073571,0.0,0.0,0.037358,0.036393,0.036986,0.03778,0.066981,0.0,0.004993
2022-11-21,0.020125,0.0,0.0608,0.054203,0.021078,0.0,0.0,0.07423,0.0,0.0,0.0,0.0,0.0,0.073274,0.047564,0.026093,0.0,0.0,0.0,0.029275,0.050806,0.021579,0.076147,0.0,0.0,0.0,0.0,0.0,0.0,0.0,0.071573,0.07817,0.0,0.073912,0.0,0.0,0.037432,0.036681,0.037068,0.037822,0.067165,0.0,0.005006
2022-11-22,0.020136,0.0,0.061521,0.05405,0.020907,0.0,0.0,0.074039,0.0,0.0,0.0,0.0,0.0,0.073491,0.048596,0.026899,0.0,0.0,0.0,0.029692,0.050769,0.021672,0.075987,0.0,0.0,0.0,0.0,0.0,0.0,0.0,0.070611,0.077532,0.0,0.073333,0.0,0.0,0.037296,0.036485,0.036989,0.037803,0.067231,0.0,0.004959
2022-11-23,0.020308,0.0,0.061977,0.054104,0.021008,0.0,0.0,0.073639,0.0,0.0,0.0,0.0,0.0,0.073197,0.047877,0.026367,0.0,0.0,0.0,0.029896,0.050767,0.021593,0.075942,0.0,0.0,0.0,0.0,0.0,0.0,0.0,0.071577,0.077703,0.0,0.072747,0.0,0.0,0.037346,0.03654,0.037048,0.038029,0.067398,0.0,0.004939
2022-11-24,0.02041,0.0,0.061947,0.054213,0.021231,0.0,0.0,0.073604,0.0,0.0,0.0,0.0,0.0,0.073161,0.047854,0.026354,0.0,0.0,0.0,0.029882,0.050743,0.021583,0.075905,0.0,0.0,0.0,0.0,0.0,0.0,0.0,0.071542,0.077665,0.0,0.072711,0.0,0.0,0.037328,0.036522,0.03703,0.038011,0.067365,0.0,0.004938
2022-11-25,0.020363,0.0,0.062389,0.054238,0.020991,0.0,0.0,0.074365,0.0,0.0,0.0,0.0,0.0,0.073721,0.047692,0.026364,0.0,0.0,0.0,0.029881,0.051059,0.021605,0.075978,0.0,0.0,0.0,0.0,0.0,0.0,0.0,0.069412,0.077756,0.0,0.072697,0.0,0.0,0.037328,0.036499,0.036968,0.038061,0.067695,0.0,0.00494
2022-11-28,0.0204,0.0,0.062541,0.054227,0.021144,0.0,0.0,0.074967,0.0,0.0,0.0,0.0,0.0,0.072829,0.046857,0.025655,0.0,0.0,0.0,0.029703,0.051193,0.021446,0.076461,0.0,0.0,0.0,0.0,0.0,0.0,0.0,0.06888,0.077928,0.0,0.073032,0.0,0.0,0.037724,0.036786,0.036952,0.038171,0.068113,0.0,0.00499
2022-11-29,0.020135,0.0,0.06195,0.053856,0.021334,0.0,0.0,0.075357,0.0,0.0,0.0,0.0,0.0,0.073141,0.047406,0.025871,0.0,0.0,0.0,0.029839,0.050894,0.021463,0.075915,0.0,0.0,0.0,0.0,0.0,0.0,0.0,0.069823,0.078051,0.0,0.073009,0.0,0.0,0.037439,0.036505,0.036987,0.037855,0.068196,0.0,0.004974
2022-11-30,0.012703,0.0,0.0,0.072454,0.0,0.0,0.066245,0.084971,0.0,0.0,0.0,0.0,0.038573,0.046509,0.042373,0.042108,0.085263,0.0,0.0,0.014784,0.042541,0.042295,0.084959,0.0,0.0,0.0,0.0,0.0,0.0,0.0,0.05091,0.0,0.0,0.085276,0.0,0.0,0.03971,0.045173,0.065177,0.019868,0.014419,0.0,0.003691
2022-12-01,0.013061,0.0,0.0,0.073172,0.0,0.0,0.065721,0.084981,0.0,0.0,0.0,0.0,0.038363,0.046205,0.042248,0.041283,0.085318,0.0,0.0,0.014989,0.042678,0.042041,0.084603,0.0,0.0,0.0,0.0,0.0,0.0,0.0,0.050788,0.0,0.0,0.084752,0.0,0.0,0.040157,0.045673,0.065441,0.020123,0.014711,0.0,0.003692
2022-12-02,0.01298,0.0,0.0,0.072914,0.0,0.0,0.065819,0.084394,0.0,0.0,0.0,0.0,0.038117,0.04593,0.041925,0.040867,0.085657,0.0,0.0,0.014864,0.042715,0.043267,0.084843,0.0,0.0,0.0,0.0,0.0,0.0,0.0,0.051455,0.0,0.0,0.084353,0.0,0.0,0.04017,0.045933,0.065277,0.020211,0.014624,0.0,0.003686
2022-12-05,0.013135,0.0,0.0,0.073254,0.0,0.0,0.064871,0.085045,0.0,0.0,0.0,0.0,0.037933,0.044668,0.041513,0.039768,0.08595,0.0,0.0,0.014896,0.043171,0.04272,0.085491,0.0,0.0,0.0,0.0,0.0,0.0,0.0,0.050043,0.0,0.0,0.085689,0.0,0.0,0.040577,0.046392,0.065978,0.020449,0.014694,0.0,0.003762
2022-12-06,0.013065,0.0,0.0,0.072853,0.0,0.0,0.066404,0.085084,0.0,0.0,0.0,0.0,0.037885,0.044547,0.040728,0.038964,0.085583,0.0,0.0,0.014805,0.043172,0.041857,0.085614,0.0,0.0,0.0,0.0,0.0,0.0,0.0,0.050403,0.0,0.0,0.085733,0.0,0.0,0.041138,0.046738,0.066243,0.020668,0.014726,0.0,0.003791
2022-12-07,0.012929,0.0,0.0,0.072445,0.0,0.0,0.065807,0.085075,0.0,0.0,0.0,0.0,0.03765,0.04445,0.040544,0.038541,0.085284,0.0,0.0,0.015148,0.043432,0.042025,0.085788,0.0,0.0,0.0,0.0,0.0,0.0,0.0,0.050999,0.0,0.0,0.085633,0.0,0.0,0.041408,0.046837,0.066462,0.020853,0.014906,0.0,0.003784
2022-12-08,0.013046,0.0,0.0,0.072509,0.0,0.0,0.064644,0.085342,0.0,0.0,0.0,0.0,0.037697,0.044572,0.040378,0.037678,0.085822,0.0,0.0,0.015209,0.043839,0.042294,0.086281,0.0,0.0,0.0,0.0,0.0,0.0,0.0,0.05095,0.0,0.0,0.085707,0.0,0.0,0.041189,0.046841,0.066539,0.020794,0.014884,0.0,0.003785
2022-12-09,0.013213,0.0,0.0,0.073293,0.0,0.0,0.065121,0.084927,0.0,0.0,0.0,0.0,0.037914,0.044751,0.039727,0.037282,0.085832,0.0,0.0,0.015221,0.043641,0.041577,0.086334,0.0,0.0,0.0,0.0,0.0,0.0,0.0,0.050537,0.0,0.0,0.085987,0.0,0.0,0.041227,0.046786,0.067097,0.020811,0.014905,0.0,0.003817
2022-12-12,0.013045,0.0,0.0,0.072584,0.0,0.0,0.06293,0.084715,0.0,0.0,0.0,0.0,0.038172,0.044897,0.040507,0.038446,0.086742,0.0,0.0,0.015317,0.043822,0.042349,0.086683,0.0,0.0,0.0,0.0,0.0,0.0,0.0,0.049993,0.0,0.0,0.086176,0.0,0.0,0.040903,0.046489,0.066923,0.020651,0.014864,0.0,0.003792
2022-12-13,0.013327,0.0,0.0,0.072968,0.0,0.0,0.061277,0.084862,0.0,0.0,0.0,0.0,0.038106,0.044186,0.041098,0.038969,0.086695,0.0,0.0,0.015516,0.043768,0.042834,0.086186,0.0,0.0,0.0,0.0,0.0,0.0,0.0,0.049576,0.0,0.0,0.086327,0.0,0.0,0.041094,0.046426,0.067325,0.020742,0.014943,0.0,0.003776
2022-12-14,0.013345,0.0,0.0,0.073205,0.0,0.0,0.061396,0.084828,0.0,0.0,0.0,0.0,0.037743,0.04359,0.040972,0.038885,0.086799,0.0,0.0,0.015519,0.043972,0.043106,0.086395,0.0,0.0,0.0,0.0,0.0,0.0,0.0,0.049225,0.0,0.0,0.086506,0.0,0.0,0.041333,0.046453,0.067151,0.020825,0.014966,0.0,0.003788
2022-12-15,0.013044,0.0,0.0,0.071868,0.0,0.0,0.061932,0.084369,0.0,0.0,0.0,0.0,0.037482,0.043344,0.041251,0.039552,0.085798,0.0,0.0,0.015887,0.043724,0.042403,0.086027,0.0,0.0,0.0,0.0,0.0,0.0,0.0,0.048933,0.0,0.0,0.087582,0.0,0.0,0.04195,0.047063,0.067764,0.021112,0.01508,0.0,0.003837
2022-12-16,0.012956,0.0,0.0,0.071763,0.0,0.0,0.061958,0.084727,0.0,0.0,0.0,0.0,0.037423,0.043257,0.040994,0.039109,0.085957,0.0,0.0,0.015753,0.043353,0.042806,0.08613,0.0,0.0,0.0,0.0,0.0,0.0,0.0,0.048842,0.0,0.0,0.087853,0.0,0.0,0.042101,0.047098,0.067816,0.02115,0.015093,0.0,0.003862
2022-12-19,0.012952,0.0,0.0,0.071693,0.0,0.0,0.063469,0.085589,0.0,0.0,0.0,0.0,0.037419,0.043498,0.041095,0.038576,0.085724,0.0,0.0,0.015487,0.043303,0.042036,0.086297,0.0,0.0,0.0,0.0,0.0,0.0,0.0,0.048277,0.0,0.0,0.088106,0.0,0.0,0.041867,0.047057,0.067645,0.020991,0.015049,0.0,0.003872
2022-12-20,0.012876,0.0,0.0,0.071325,0.0,0.0,0.065618,0.085261,0.0,0.0,0.0,0.0,0.037423,0.043538,0.041545,0.038823,0.085481,0.0,0.0,0.015307,0.043117,0.042646,0.085876,0.0,0.0,0.0,0.0,0.0,0.0,0.0,0.047874,0.0,0.0,0.088417,0.0,0.0,0.041394,0.046852,0.067197,0.02066,0.014913,0.0,0.003856
2022-12-21,0.012948,0.0,0.0,0.071782,0.0,0.0,0.065432,0.083588,0.0,0.0,0.0,0.0,0.037611,0.043873,0.041898,0.039399,0.086192,0.0,0.0,0.015434,0.043234,0.043147,0.085838,0.0,0.0,0.0,0.0,0.0,0.0,0.0,0.047085,0.0,0.0,0.088476,0.0,0.0,0.041017,0.04662,0.06707,0.020587,0.014952,0.0,0.003818
2022-12-22,0.012833,0.0,0.0,0.071225,0.0,0.0,0.066433,0.083366,0.0,0.0,0.0,0.0,0.037582,0.043952,0.041264,0.038467,0.085785,0.0,0.0,0.015488,0.043524,0.043623,0.086338,0.0,0.0,0.0,0.0,0.0,0.0,0.0,0.045841,0.0,0.0,0.089416,0.0,0.0,0.041337,0.04674,0.067197,0.020748,0.014996,0.0,0.003846
2022-12-23,0.012866,0.0,0.0,0.071213,0.0,0.0,0.067536,0.082066,0.0,0.0,0.0,0.0,0.037646,0.044057,0.042415,0.039796,0.085959,0.0,0.0,0.015405,0.04338,0.042436,0.086451,0.0,0.0,0.0,0.0,0.0,0.0,0.0,0.045373,0.0,0.0,0.089556,0.0,0.0,0.04099,0.046455,0.067107,0.020604,0.014857,0.0,0.003834
2022-12-27,0.012906,0.0,0.0,0.071425,0.0,0.0,0.06549,0.083524,0.0,0.0,0.0,0.0,0.037754,0.044225,0.043003,0.040182,0.086493,0.0,0.0,0.015431,0.043405,0.041338,0.087139,0.0,0.0,0.0,0.0,0.0,0.0,0.0,0.045395,0.0,0.0,0.089439,0.0,0.0,0.040775,0.046388,0.066622,0.020402,0.014815,0.0,0.003847
2022-12-28,0.012912,0.0,0.0,0.071471,0.0,0.0,0.067314,0.084108,0.0,0.0,0.0,0.0,0.037866,0.044166,0.042314,0.038648,0.085919,0.0,0.0,0.015202,0.043405,0.041761,0.086615,0.0,0.0,0.0,0.0,0.0,0.0,0.0,0.044715,0.0,0.0,0.090648,0.0,0.0,0.040943,0.046637,0.066155,0.020471,0.014857,0.0,0.003873
2022-12-29,0.01293,0.0,0.0,0.071456,0.0,0.0,0.066038,0.084112,0.0,0.0,0.0,0.0,0.038012,0.044633,0.042334,0.03909,0.086116,0.0,0.0,0.015395,0.043443,0.043152,0.086126,0.0,0.0,0.0,0.0,0.0,0.0,0.0,0.045336,0.0,0.0,0.089307,0.0,0.0,0.040736,0.046367,0.066347,0.020413,0.014823,0.0,0.003832
2022-12-30,0.014591,0.043737,0.079855,0.072526,0.0,0.0,0.0,0.086897,0.0,0.0,0.0,0.0,0.050218,0.036645,0.073141,0.013457,0.060956,0.025584,0.0,0.044227,0.043429,0.043044,0.087029,0.0,0.0,0.0,0.0,0.0,0.0,0.0,0.0,0.0,0.023469,0.0,0.0,0.0,0.034792,0.0,0.053575,0.032981,0.075086,0.0,0.004762
2023-01-02,0.01457,0.043674,0.079741,0.073849,0.0,0.0,0.0,0.086773,0.0,0.0,0.0,0.0,0.050146,0.036593,0.073037,0.013438,0.060869,0.025547,0.0,0.044164,0.043367,0.042983,0.086905,0.0,0.0,0.0,0.0,0.0,0.0,0.0,0.0,0.0,0.023435,0.0,0.0,0.0,0.034742,0.0,0.053498,0.032934,0.074979,0.0,0.004756
2023-01-03,0.014552,0.044316,0.080285,0.073497,0.0,0.0,0.0,0.087283,0.0,0.0,0.0,0.0,0.050424,0.036521,0.070617,0.012712,0.061124,0.025651,0.0,0.04486,0.04333,0.042308,0.086755,0.0,0.0,0.0,0.0,0.0,0.0,0.0,0.0,0.0,0.023515,0.0,0.0,0.0,0.035085,0.0,0.053709,0.03323,0.075461,0.0,0.004767
2023-01-04,0.014655,0.04483,0.078911,0.07365,0.0,0.0,0.0,0.086562,0.0,0.0,0.0,0.0,0.050858,0.036665,0.070092,0.012663,0.061213,0.025932,0.0,0.045518,0.043128,0.042879,0.086457,0.0,0.0,0.0,0.0,0.0,0.0,0.0,0.0,0.0,0.023173,0.0,0.0,0.0,0.035096,0.0,0.053931,0.033226,0.075826,0.0,0.004733
2023-01-05,0.014545,0.04471,0.078351,0.073714,0.0,0.0,0.0,0.086497,0.0,0.0,0.0,0.0,0.050805,0.036545,0.071833,0.012764,0.060945,0.025754,0.0,0.045615,0.042962,0.042783,0.086141,0.0,0.0,0.0,0.0,0.0,0.0,0.0,0.0,0.0,0.022791,0.0,0.0,0.0,0.035272,0.0,0.05417,0.033416,0.075624,0.0,0.004764
2023-01-06,0.014531,0.045032,0.078796,0.073164,0.0,0.0,0.0,0.085921,0.0,0.0,0.0,0.0,0.050952,0.036817,0.07181,0.012779,0.061429,0.026185,0.0,0.045618,0.042538,0.042299,0.086766,0.0,0.0,0.0,0.0,0.0,0.0,0.0,0.0,0.0,0.022913,0.0,0.0,0.0,0.035049,0.0,0.053901,0.03332,0.075507,0.0,0.004674
2023-01-09,0.014834,0.045401,0.079113,0.073589,0.0,0.0,0.0,0.086263,0.0,0.0,0.0,0.0,0.050858,0.036653,0.071686,0.012932,0.061267,0.026536,0.0,0.045623,0.041903,0.041413,0.086076,0.0,0.0,0.0,0.0,0.0,0.0,0.0,0.0,0.0,0.022767,0.0,0.0,0.0,0.035203,0.0,0.054193,0.033513,0.075497,0.0,0.004681
2023-01-10,0.014626,0.045533,0.078777,0.072959,0.0,0.0,0.0,0.086081,0.0,0.0,0.0,0.0,0.051051,0.036855,0.07206,0.012952,0.061487,0.02661,0.0,0.045973,0.042175,0.04251,0.085799,0.0,0.0,0.0,0.0,0.0,0.0,0.0,0.0,0.0,0.022713,0.0,0.0,0.0,0.034916,0.0,0.054027,0.033337,0.074885,0.0,0.004674
2023-01-11,0.014685,0.045518,0.078822,0.073183,0.0,0.0,0.0,0.085504,0.0,0.0,0.0,0.0,0.051144,0.036898,0.071747,0.012956,0.061618,0.026752,0.0,0.046855,0.0421,0.0426,0.08521,0.0,0.0,0.0,0.0,0.0,0.0,0.0,0.0,0.0,0.022359,0.0,0.0,0.0,0.03488,0.0,0.053981,0.033373,0.075178,0.0,0.004639
2023-01-12,0.014655,0.04563,0.079935,0.072929,0.0,0.0,0.0,0.085213,0.0,0.0,0.0,0.0,0.050745,0.03689,0.072402,0.013209,0.061376,0.026792,0.0,0.046567,0.041557,0.043954,0.083716,0.0,0.0,0.0,0.0,0.0,0.0,0.0,0.0,0.0,0.02248,0.0,0.0,0.0,0.034849,0.0,0.053757,0.033422,0.075327,0.0,0.004594
2023-01-13,0.014669,0.04573,0.080077,0.073343,0.0,0.0,0.0,0.085004,0.0,0.0,0.0,0.0,0.051002,0.036893,0.072329,0.013246,0.061154,0.026624,0.0,0.046692,0.041639,0.043826,0.083903,0.0,0.0,0.0,0.0,0.0,0.0,0.0,0.0,0.0,0.022886,0.0,0.0,0.0,0.034578,0.0,0.053625,0.033232,0.074962,0.0,0.004585
2023-01-16,0.014747,0.04571,0.080042,0.07367,0.0,0.0,0.0,0.084966,0.0,0.0,0.0,0.0,0.050979,0.036877,0.072297,0.01324,0.061127,0.026612,0.0,0.046671,0.041621,0.043807,0.083866,0.0,0.0,0.0,0.0,0.0,0.0,0.0,0.0,0.0,0.022876,0.0,0.0,0.0,0.034563,0.0,0.053601,0.033217,0.074929,0.0,0.004582
2023-01-17,0.014781,0.045881,0.080904,0.073923,0.0,0.0,0.0,0.085092,0.0,0.0,0.0,0.0,0.050704,0.036783,0.07254,0.01332,0.060684,0.026579,0.0,0.046568,0.041479,0.043353,0.084027,0.0,0.0,0.0,0.0,0.0,0.0,0.0,0.0,0.0,0.022576,0.0,0.0,0.0,0.034497,0.0,0.053486,0.033138,0.0751,0.0,0.004588
2023-01-18,0.014841,0.046105,0.081428,0.074343,0.0,0.0,0.0,0.085743,0.0,0.0,0.0,0.0,0.050149,0.035978,0.071773,0.013162,0.060012,0.026518,0.0,0.046687,0.041217,0.043151,0.082379,0.0,0.0,0.0,0.0,0.0,0.0,0.0,0.0,0.0,0.022299,0.0,0.0,0.0,0.035241,0.0,0.053971,0.033791,0.076587,0.0,0.004625
2023-01-19,0.014668,0.046125,0.081829,0.073368,0.0,0.0,0.0,0.086312,0.0,0.0,0.0,0.0,0.049836,0.036095,0.073062,0.013492,0.059098,0.026372,0.0,0.045739,0.041541,0.042936,0.082043,0.0,0.0,0.0,0.0,0.0,0.0,0.0,0.0,0.0,0.022826,0.0,0.0,0.0,0.035366,0.0,0.053946,0.033905,0.076788,0.0,0.00465
2023-01-20,0.014707,0.046105,0.082024,0.073376,0.0,0.0,0.0,0.085887,0.0,0.0,0.0,0.0,0.050173,0.036732,0.073132,0.013565,0.059389,0.026593,0.0,0.046334,0.041379,0.043608,0.081946,0.0,0.0,0.0,0.0,0.0,0.0,0.0,0.0,0.0,0.022685,0.0,0.0,0.0,0.03482,0.0,0.053572,0.033428,0.075935,0.0,0.00461
2023-01-23,0.014908,0.046159,0.081517,0.074041,0.0,0.0,0.0,0.085272,0.0,0.0,0.0,0.0,0.050581,0.037098,0.072978,0.013713,0.059831,0.026791,0.0,0.046695,0.041379,0.043543,0.081924,0.0,0.0,0.0,0.0,0.0,0.0,0.0,0.0,0.0,0.022156,0.0,0.0,0.0,0.034589,0.0,0.053382,0.033217,0.075631,0.0,0.004594
2023-01-24,0.014876,0.045973,0.081966,0.073999,0.0,0.0,0.0,0.084385,0.0,0.0,0.0,0.0,0.050547,0.036693,0.072606,0.013548,0.060151,0.0265,0.0,0.047009,0.041054,0.044317,0.082159,0.0,0.0,0.0,0.0,0.0,0.0,0.0,0.0,0.0,0.022313,0.0,0.0,0.0,0.034745,0.0,0.05335,0.033351,0.075871,0.0,0.004588
2023-01-25,0.014768,0.046146,0.082937,0.073365,0.0,0.0,0.0,0.083627,0.0,0.0,0.0,0.0,0.050932,0.036857,0.072599,0.013531,0.059805,0.026268,0.0,0.047035,0.041058,0.044348,0.082344,0.0,0.0,0.0,0.0,0.0,0.0,0.0,0.0,0.0,0.022523,0.0,0.0,0.0,0.034777,0.0,0.053333,0.033359,0.075804,0.0,0.004587
2023-01-26,0.014835,0.045997,0.082406,0.073697,0.0,0.0,0.0,0.08358,0.0,0.0,0.0,0.0,0.050976,0.037093,0.074564,0.013795,0.05987,0.026123,0.0,0.046997,0.040955,0.044,0.081694,0.0,0.0,0.0,0.0,0.0,0.0,0.0,0.0,0.0,0.022445,0.0,0.0,0.0,0.034499,0.0,0.053232,0.033201,0.075473,0.0,0.004568
2023-01-27,0.015022,0.045979,0.082871,0.07453,0.0,0.0,0.0,0.081684,0.0,0.0,0.0,0.0,0.051125,0.037411,0.073271,0.013647,0.060295,0.026425,0.0,0.047422,0.040795,0.044527,0.081696,0.0,0.0,0.0,0.0,0.0,0.0,0.0,0.0,0.0,0.022193,0.0,0.0,0.0,0.034548,0.0,0.053226,0.033202,0.075548,0.0,0.004582
2023-01-30,0.015077,0.046103,0.083107,0.075002,0.0,0.0,0.0,0.082266,0.0,0.0,0.0,0.0,0.051321,0.037373,0.072226,0.013323,0.060233,0.026122,0.0,0.047021,0.040784,0.04377,0.082521,0.0,0.0,0.0,0.0,0.0,0.0,0.0,0.0,0.0,0.022369,0.0,0.0,0.0,0.034744,0.0,0.053401,0.033368,0.075244,0.0,0.004622
2023-01-31,0.031504,0.072071,0.071786,0.0,0.010312,0.0,0.0,0.0,0.0,0.0,0.0,0.0,0.072042,0.0,0.072031,0.0,0.071952,0.0,0.04932,0.07195,0.039909,0.031823,0.072027,0.0,0.0,0.0,0.0,0.0,0.030281,0.0,0.0,0.035578,0.035915,0.013175,0.071861,0.0,0.0,0.0,0.052275,0.019085,0.07202,0.0,0.00308
2023-02-01,0.031393,0.07231,0.071447,0.0,0.010288,0.0,0.0,0.0,0.0,0.0,0.0,0.0,0.071458,0.0,0.070041,0.0,0.071887,0.0,0.049244,0.072823,0.039773,0.031863,0.072015,0.0,0.0,0.0,0.0,0.0,0.03102,0.0,0.0,0.035734,0.036031,0.012978,0.072331,0.0,0.0,0.0,0.052396,0.019123,0.072791,0.0,0.003054
2023-02-02,0.032163,0.072514,0.07135,0.0,0.010338,0.0,0.0,0.0,0.0,0.0,0.0,0.0,0.071727,0.0,0.068514,0.0,0.072522,0.0,0.049138,0.075177,0.039543,0.032689,0.071468,0.0,0.0,0.0,0.0,0.0,0.031519,0.0,0.0,0.035028,0.035235,0.013043,0.069952,0.0,0.0,0.0,0.05275,0.01917,0.073102,0.0,0.003058
2023-02-03,0.03248,0.072674,0.071399,0.0,0.010332,0.0,0.0,0.0,0.0,0.0,0.0,0.0,0.072466,0.0,0.069199,0.0,0.073025,0.0,0.048843,0.074329,0.039909,0.03252,0.072057,0.0,0.0,0.0,0.0,0.0,0.031393,0.0,0.0,0.034572,0.034013,0.013131,0.069565,0.0,0.0,0.0,0.052835,0.019184,0.07298,0.0,0.003095
2023-02-06,0.032264,0.072507,0.071357,0.0,0.010189,0.0,0.0,0.0,0.0,0.0,0.0,0.0,0.073071,0.0,0.06948,0.0,0.073476,0.0,0.048721,0.073692,0.040029,0.03255,0.072768,0.0,0.0,0.0,0.0,0.0,0.031187,0.0,0.0,0.034942,0.034156,0.013211,0.06856,0.0,0.0,0.0,0.052949,0.0192,0.072568,0.0,0.003122
2023-02-07,0.031949,0.072388,0.071756,0.0,0.010096,0.0,0.0,0.0,0.0,0.0,0.0,0.0,0.073254,0.0,0.0711,0.0,0.073051,0.0,0.048939,0.073817,0.039929,0.032484,0.071818,0.0,0.0,0.0,0.0,0.0,0.031523,0.0,0.0,0.034664,0.033687,0.013126,0.0697,0.0,0.0,0.0,0.052666,0.018968,0.07199,0.0,0.003094
2023-02-08,0.032227,0.072641,0.071513,0.0,0.010159,0.0,0.0,0.0,0.0,0.0,0.0,0.0,0.073375,0.0,0.071003,0.0,0.073195,0.0,0.048918,0.072738,0.040117,0.031598,0.071813,0.0,0.0,0.0,0.0,0.0,0.031275,0.0,0.0,0.035016,0.034112,0.013266,0.06944,0.0,0.0,0.0,0.052846,0.019132,0.072499,0.0,0.003118
2023-02-09,0.032538,0.073204,0.072023,0.0,0.010352,0.0,0.0,0.0,0.0,0.0,0.0,0.0,0.072999,0.0,0.070824,0.0,0.072979,0.0,0.048503,0.072949,0.040007,0.03139,0.071932,0.0,0.0,0.0,0.0,0.0,0.031129,0.0,0.0,0.03495,0.033817,0.013261,0.069633,0.0,0.0,0.0,0.052824,0.019087,0.072463,0.0,0.003138
2023-02-10,0.032119,0.072493,0.072315,0.0,0.010215,0.0,0.0,0.0,0.0,0.0,0.0,0.0,0.07312,0.0,0.073477,0.0,0.073376,0.0,0.048602,0.073029,0.040319,0.031167,0.07248,0.0,0.0,0.0,0.0,0.0,0.030883,0.0,0.0,0.034959,0.033862,0.013365,0.068049,0.0,0.0,0.0,0.052332,0.018922,0.071784,0.0,0.003133
2023-02-13,0.032217,0.073005,0.071773,0.0,0.010205,0.0,0.0,0.0,0.0,0.0,0.0,0.0,0.073445,0.0,0.072778,0.0,0.073527,0.0,0.048515,0.074231,0.04037,0.030928,0.072792,0.0,0.0,0.0,0.0,0.0,0.030835,0.0,0.0,0.034539,0.033559,0.013351,0.068382,0.0,0.0,0.0,0.052098,0.018859,0.071481,0.0,0.003112
2023-02-14,0.032107,0.0734,0.071461,0.0,0.010165,0.0,0.0,0.0,0.0,0.0,0.0,0.0,0.073094,0.0,0.072849,0.0,0.073375,0.0,0.048658,0.073704,0.040157,0.031063,0.072178,0.0,0.0,0.0,0.0,0.0,0.031176,0.0,0.0,0.034587,0.033447,0.013464,0.069464,0.0,0.0,0.0,0.052145,0.018824,0.071569,0.0,0.003114
2023-02-15,0.032324,0.073533,0.070954,0.0,0.010098,0.0,0.0,0.0,0.0,0.0,0.0,0.0,0.073378,0.0,0.071811,0.0,0.074038,0.0,0.049007,0.074204,0.040069,0.031215,0.072518,0.0,0.0,0.0,0.0,0.0,0.031302,0.0,0.0,0.034338,0.033157,0.01339,0.06897,0.0,0.0,0.0,0.052207,0.018805,0.071561,0.0,0.003123
2023-02-16,0.032571,0.073615,0.071205,0.0,0.010234,0.0,0.0,0.0,0.0,0.0,0.0,0.0,0.073139,0.0,0.071594,0.0,0.073776,0.0,0.048785,0.07367,0.039942,0.030959,0.072489,0.0,0.0,0.0,0.0,0.0,0.031089,0.0,0.0,0.034546,0.033301,0.013542,0.069889,0.0,0.0,0.0,0.052145,0.018783,0.071583,0.0,0.003144
2023-02-17,0.032184,0.074171,0.071319,0.0,0.010096,0.0,0.0,0.0,0.0,0.0,0.0,0.0,0.073302,0.0,0.069179,0.0,0.074404,0.0,0.048422,0.072577,0.040378,0.031762,0.073569,0.0,0.0,0.0,0.0,0.0,0.030668,0.0,0.0,0.034717,0.033652,0.013635,0.069723,0.0,0.0,0.0,0.052451,0.018894,0.071748,0.0,0.003151
2023-02-20,0.032304,0.074153,0.071301,0.0,0.010208,0.0,0.0,0.0,0.0,0.0,0.0,0.0,0.073284,0.0,0.069162,0.0,0.074386,0.0,0.04841,0.072559,0.040368,0.031755,0.073551,0.0,0.0,0.0,0.0,0.0,0.030661,0.0,0.0,0.034708,0.033644,0.013632,0.069706,0.0,0.0,0.0,0.052438,0.018889,0.071731,0.0,0.003151
2023-02-21,0.032416,0.074375,0.071455,0.0,0.010188,0.0,0.0,0.0,0.0,0.0,0.0,0.0,0.072822,0.0,0.069824,0.0,0.073744,0.0,0.048308,0.070691,0.040427,0.030723,0.074342,0.0,0.0,0.0,0.0,0.0,0.030251,0.0,0.0,0.035084,0.034238,0.013966,0.070995,0.0,0.0,0.0,0.052384,0.018893,0.071679,0.0,0.003197
2023-02-22,0.032371,0.074114,0.071109,0.0,0.010113,0.0,0.0,0.0,0.0,0.0,0.0,0.0,0.072932,0.0,0.069541,0.0,0.073754,0.0,0.048798,0.071587,0.040396,0.031124,0.074426,0.0,0.0,0.0,0.0,0.0,0.030304,0.0,0.0,0.034978,0.033781,0.013935,0.069517,0.0,0.0,0.0,0.052865,0.018997,0.07215,0.0,0.003206
2023-02-23,0.032085,0.074232,0.071483,0.0,0.010101,0.0,0.0,0.0,0.0,0.0,0.0,0.0,0.07265,0.0,0.070258,0.0,0.073751,0.0,0.048623,0.072117,0.040315,0.030918,0.073985,0.0,0.0,0.0,0.0,0.0,0.030886,0.0,0.0,0.034795,0.033418,0.013856,0.068182,0.0,0.0,0.0,0.053137,0.019056,0.072959,0.0,0.003191
2023-02-24,0.03213,0.073691,0.07113,0.0,0.009979,0.0,0.0,0.0,0.0,0.0,0.0,0.0,0.073444,0.0,0.070875,0.0,0.074066,0.0,0.049442,0.072261,0.040196,0.030481,0.074231,0.0,0.0,0.0,0.0,0.0,0.030905,0.0,0.0,0.034893,0.032826,0.013791,0.066795,0.0,0.0,0.0,0.053349,0.019103,0.073188,0.0,0.003223
2023-02-27,0.032209,0.07433,0.071374,0.0,0.009978,0.0,0.0,0.0,0.0,0.0,0.0,0.0,0.07298,0.0,0.070654,0.0,0.074272,0.0,0.049307,0.072275,0.039832,0.030543,0.073701,0.0,0.0,0.0,0.0,0.0,0.031128,0.0,0.0,0.034818,0.032354,0.013694,0.067856,0.0,0.0,0.0,0.053384,0.018993,0.073113,0.0,0.003204
2023-02-28,0.02167,0.07492,0.074719,0.0,0.054384,0.025679,0.0,0.0,0.029932,0.019138,0.0,0.0,0.075028,0.0,0.074893,0.0,0.074933,0.0,0.074831,0.074806,0.0,0.0,0.0,0.0,0.0,0.0,0.0,0.0,0.072634,0.0,0.0,0.036319,0.037444,0.0,0.075037,0.0,0.0,0.0,0.0,0.0,0.039763,0.050725,0.013144
2023-03-01,0.021379,0.074766,0.074213,0.0,0.054962,0.026448,0.0,0.0,0.030035,0.019342,0.0,0.0,0.074151,0.0,0.075731,0.0,0.0746,0.0,0.074786,0.073326,0.0,0.0,0.0,0.0,0.0,0.0,0.0,0.0,0.07221,0.0,0.0,0.036223,0.037266,0.0,0.077769,0.0,0.0,0.0,0.0,0.0,0.03917,0.050585,0.013037
2023-03-02,0.021289,0.074627,0.074104,0.0,0.05492,0.026758,0.0,0.0,0.030088,0.019209,0.0,0.0,0.07361,0.0,0.076203,0.0,0.075285,0.0,0.075447,0.073567,0.0,0.0,0.0,0.0,0.0,0.0,0.0,0.0,0.072241,0.0,0.0,0.03611,0.037075,0.0,0.076906,0.0,0.0,0.0,0.0,0.0,0.038927,0.050631,0.013003
2023-03-03,0.021373,0.074616,0.074839,0.0,0.054631,0.026463,0.0,0.0,0.030004,0.019359,0.0,0.0,0.073817,0.0,0.076251,0.0,0.075127,0.0,0.075544,0.073986,0.0,0.0,0.0,0.0,0.0,0.0,0.0,0.0,0.073547,0.0,0.0,0.036031,0.037191,0.0,0.078108,0.0,0.0,0.0,0.0,0.0,0.039019,0.047257,0.012839
2023-03-06,0.02172,0.07486,0.07522,0.0,0.055196,0.026245,0.0,0.0,0.030069,0.019499,0.0,0.0,0.074254,0.0,0.076675,0.0,0.075371,0.0,0.0747,0.073451,0.0,0.0,0.0,0.0,0.0,0.0,0.0,0.0,0.073588,0.0,0.0,0.036031,0.036941,0.0,0.076542,0.0,0.0,0.0,0.0,0.0,0.039061,0.047671,0.012905
2023-03-07,0.021785,0.074717,0.075997,0.0,0.055289,0.026169,0.0,0.0,0.030433,0.019321,0.0,0.0,0.07374,0.0,0.0768,0.0,0.075844,0.0,0.074647,0.074267,0.0,0.0,0.0,0.0,0.0,0.0,0.0,0.0,0.073811,0.0,0.0,0.036088,0.035961,0.0,0.074398,0.0,0.0,0.0,0.0,0.0,0.039655,0.047923,0.013154
2023-03-08,0.021643,0.074721,0.076678,0.0,0.05501,0.025884,0.0,0.0,0.030619,0.019309,0.0,0.0,0.073224,0.0,0.075762,0.0,0.075772,0.0,0.074766,0.075146,0.0,0.0,0.0,0.0,0.0,0.0,0.0,0.0,0.07446,0.0,0.0,0.035952,0.035745,0.0,0.075022,0.0,0.0,0.0,0.0,0.0,0.039337,0.047835,0.013115
2023-03-09,0.022131,0.075453,0.07804,0.0,0.055439,0.025457,0.0,0.0,0.030584,0.019204,0.0,0.0,0.071622,0.0,0.076149,0.0,0.076112,0.0,0.074264,0.075995,0.0,0.0,0.0,0.0,0.0,0.0,0.0,0.0,0.074659,0.0,0.0,0.037015,0.036522,0.0,0.073486,0.0,0.0,0.0,0.0,0.0,0.040115,0.044385,0.01337
2023-03-10,0.022035,0.075598,0.07787,0.0,0.055773,0.025743,0.0,0.0,0.030592,0.019405,0.0,0.0,0.071019,0.0,0.075924,0.0,0.075437,0.0,0.073407,0.07531,0.0,0.0,0.0,0.0,0.0,0.0,0.0,0.0,0.073786,0.0,0.0,0.038189,0.037726,0.0,0.073322,0.0,0.0,0.0,0.0,0.0,0.040894,0.044464,0.013505
2023-03-13,0.021521,0.074512,0.07657,0.0,0.055003,0.025775,0.0,0.0,0.030622,0.019681,0.0,0.0,0.06772,0.0,0.07384,0.0,0.074466,0.0,0.072128,0.074977,0.0,0.0,0.0,0.0,0.0,0.0,0.0,0.0,0.073313,0.0,0.0,0.038782,0.039716,0.0,0.073456,0.0,0.0,0.0,0.0,0.0,0.04053,0.053978,0.013411
2023-03-14,0.021584,0.075161,0.075615,0.0,0.05444,0.025667,0.0,0.0,0.030388,0.019234,0.0,0.0,0.068423,0.0,0.07385,0.0,0.074526,0.0,0.072346,0.075448,0.0,0.0,0.0,0.0,0.0,0.0,0.0,0.0,0.073852,0.0,0.0,0.038185,0.039116,0.0,0.073647,0.0,0.0,0.0,0.0,0.0,0.04003,0.055206,0.013282
2023-03-15,0.021598,0.074216,0.076016,0.0,0.054431,0.025922,0.0,0.0,0.030538,0.019418,0.0,0.0,0.068343,0.0,0.071713,0.0,0.074593,0.0,0.071833,0.076495,0.0,0.0,0.0,0.0,0.0,0.0,0.0,0.0,0.074026,0.0,0.0,0.03949,0.040362,0.0,0.071038,0.0,0.0,0.0,0.0,0.0,0.041228,0.055112,0.013627
2023-03-16,0.021696,0.074165,0.076363,0.0,0.054649,0.025821,0.0,0.0,0.030574,0.019701,0.0,0.0,0.068568,0.0,0.071367,0.0,0.074382,0.0,0.07153,0.077044,0.0,0.0,0.0,0.0,0.0,0.0,0.0,0.0,0.07549,0.0,0.0,0.038956,0.039577,0.0,0.070724,0.0,0.0,0.0,0.0,0.0,0.040417,0.055555,0.013421
2023-03-17,0.02167,0.073199,0.076039,0.0,0.054643,0.025791,0.0,0.0,0.030503,0.0195,0.0,0.0,0.066495,0.0,0.070386,0.0,0.073311,0.0,0.070562,0.076522,0.0,0.0,0.0,0.0,0.0,0.0,0.0,0.0,0.074917,0.0,0.0,0.040171,0.04107,0.0,0.071312,0.0,0.0,0.0,0.0,0.0,0.040316,0.060146,0.013448
2023-03-20,0.021498,0.073656,0.076136,0.0,0.05406,0.025356,0.0,0.0,0.030387,0.019403,0.0,0.0,0.066356,0.0,0.070857,0.0,0.07331,0.0,0.071072,0.075677,0.0,0.0,0.0,0.0,0.0,0.0,0.0,0.0,0.074839,0.0,0.0,0.039661,0.040651,0.0,0.072798,0.0,0.0,0.0,0.0,0.0,0.039794,0.061214,0.013275
2023-03-21,0.021517,0.074179,0.075702,0.0,0.053842,0.025447,0.0,0.0,0.030335,0.019279,0.0,0.0,0.067234,0.0,0.072443,0.0,0.073283,0.0,0.071084,0.075543,0.0,0.0,0.0,0.0,0.0,0.0,0.0,0.0,0.07537,0.0,0.0,0.038453,0.039879,0.0,0.072352,0.0,0.0,0.0,0.0,0.0,0.039604,0.061336,0.013117
2023-03-22,0.021794,0.074426,0.076179,0.0,0.054875,0.025755,0.0,0.0,0.030909,0.019573,0.0,0.0,0.066278,0.0,0.071551,0.0,0.072537,0.0,0.070459,0.0751,0.0,0.0,0.0,0.0,0.0,0.0,0.0,0.0,0.07519,0.0,0.0,0.039465,0.041341,0.0,0.072635,0.0,0.0,0.0,0.0,0.0,0.040314,0.058377,0.013241
2023-03-23,0.021667,0.07388,0.07594,0.0,0.055567,0.026263,0.0,0.0,0.031094,0.019746,0.0,0.0,0.065337,0.0,0.070029,0.0,0.071784,0.0,0.069847,0.07479,0.0,0.0,0.0,0.0,0.0,0.0,0.0,0.0,0.075303,0.0,0.0,0.03966,0.041381,0.0,0.072386,0.0,0.0,0.0,0.0,0.0,0.040156,0.062032,0.01314
2023-03-24,0.021388,0.073536,0.076411,0.0,0.054881,0.026213,0.0,0.0,0.031214,0.019554,0.0,0.0,0.065504,0.0,0.070525,0.0,0.072312,0.0,0.070641,0.075407,0.0,0.0,0.0,0.0,0.0,0.0,0.0,0.0,0.075266,0.0,0.0,0.039339,0.041396,0.0,0.07242,0.0,0.0,0.0,0.0,0.0,0.040065,0.060744,0.013185
2023-03-27,0.021571,0.074235,0.076582,0.0,0.054488,0.025776,0.0,0.0,0.030935,0.019447,0.0,0.0,0.066272,0.0,0.071875,0.0,0.072761,0.0,0.071014,0.075003,0.0,0.0,0.0,0.0,0.0,0.0,0.0,0.0,0.075475,0.0,0.0,0.038892,0.041308,0.0,0.07276,0.0,0.0,0.0,0.0,0.0,0.039811,0.058636,0.013159
2023-03-28,0.021446,0.073693,0.076233,0.0,0.055008,0.026446,0.0,0.0,0.030627,0.019497,0.0,0.0,0.065822,0.0,0.072515,0.0,0.072661,0.0,0.070892,0.074837,0.0,0.0,0.0,0.0,0.0,0.0,0.0,0.0,0.07462,0.0,0.0,0.038957,0.041447,0.0,0.073569,0.0,0.0,0.0,0.0,0.0,0.039414,0.05924,0.013076
2023-03-29,0.021417,0.074036,0.07566,0.0,0.054691,0.026148,0.0,0.0,0.030375,0.019267,0.0,0.0,0.066032,0.0,0.07269,0.0,0.072886,0.0,0.071066,0.07447,0.0,0.0,0.0,0.0,0.0,0.0,0.0,0.0,0.075201,0.0,0.0,0.038326,0.040998,0.0,0.073963,0.0,0.0,0.0,0.0,0.0,0.039157,0.060688,0.012929
2023-03-30,0.021495,0.074687,0.075536,0.0,0.054791,0.026365,0.0,0.0,0.030284,0.019363,0.0,0.0,0.065472,0.0,0.07255,0.0,0.07258,0.0,0.071102,0.073882,0.0,0.0,0.0,0.0,0.0,0.0,0.0,0.0,0.075329,0.0,0.0,0.038429,0.04169,0.0,0.075005,0.0,0.0,0.0,0.0,0.0,0.039181,0.059409,0.01285
2023-03-31,0.0,0.103962,0.094803,0.0,0.0,0.0,0.0,0.0,0.059753,0.0,0.0,0.0,0.035056,0.0,0.025238,0.0,0.103587,0.0,0.104168,0.104041,0.0,0.0,0.0,0.0,0.0,0.048235,0.0,0.0,0.048832,0.0,0.0,0.039232,0.027112,0.0,0.103994,0.0,0.0,0.0,0.0,0.0,0.0,0.085029,0.016959
2023-04-03,0.0,0.1043,0.094879,0.0,0.0,0.0,0.0,0.0,0.059882,0.0,0.0,0.0,0.034989,0.0,0.026281,0.0,0.10338,0.0,0.104431,0.103972,0.0,0.0,0.0,0.0,0.0,0.047638,0.0,0.0,0.048571,0.0,0.0,0.039366,0.026937,0.0,0.105234,0.0,0.0,0.0,0.0,0.0,0.0,0.083243,0.016899
2023-04-04,0.0,0.105127,0.095583,0.0,0.0,0.0,0.0,0.0,0.060241,0.0,0.0,0.0,0.034932,0.0,0.026005,0.0,0.101849,0.0,0.103724,0.102907,0.0,0.0,0.0,0.0,0.0,0.047112,0.0,0.0,0.048198,0.0,0.0,0.040411,0.028266,0.0,0.104378,0.0,0.0,0.0,0.0,0.0,0.0,0.084239,0.017028
2023-04-05,0.0,0.105306,0.094842,0.0,0.0,0.0,0.0,0.0,0.05992,0.0,0.0,0.0,0.035142,0.0,0.026589,0.0,0.101255,0.0,0.104245,0.102983,0.0,0.0,0.0,0.0,0.0,0.046633,0.0,0.0,0.04762,0.0,0.0,0.040673,0.028434,0.0,0.104296,0.0,0.0,0.0,0.0,0.0,0.0,0.084903,0.017157
2023-04-06,0.0,0.10645,0.094653,0.0,0.0,0.0,0.0,0.0,0.059979,0.0,0.0,0.0,0.035357,0.0,0.026246,0.0,0.101459,0.0,0.104238,0.101887,0.0,0.0,0.0,0.0,0.0,0.0465,0.0,0.0,0.047556,0.0,0.0,0.040477,0.028438,0.0,0.105219,0.0,0.0,0.0,0.0,0.0,0.0,0.084343,0.017198
2023-04-10,0.0,0.105675,0.093769,0.0,0.0,0.0,0.0,0.0,0.059608,0.0,0.0,0.0,0.035176,0.0,0.026263,0.0,0.101637,0.0,0.103973,0.102158,0.0,0.0,0.0,0.0,0.0,0.046977,0.0,0.0,0.047576,0.0,0.0,0.039884,0.028219,0.0,0.104372,0.0,0.0,0.0,0.0,0.0,0.0,0.087641,0.017073
2023-04-11,0.0,0.1048,0.092936,0.0,0.0,0.0,0.0,0.0,0.059239,0.0,0.0,0.0,0.035053,0.0,0.02619,0.0,0.101005,0.0,0.103507,0.103449,0.0,0.0,0.0,0.0,0.0,0.046163,0.0,0.0,0.047075,0.0,0.0,0.03965,0.028071,0.0,0.106738,0.0,0.0,0.0,0.0,0.0,0.0,0.089254,0.016871
2023-04-12,0.0,0.10557,0.093188,0.0,0.0,0.0,0.0,0.0,0.058943,0.0,0.0,0.0,0.034957,0.0,0.026193,0.0,0.101282,0.0,0.103525,0.103155,0.0,0.0,0.0,0.0,0.0,0.045293,0.0,0.0,0.046876,0.0,0.0,0.03982,0.02853,0.0,0.107691,0.0,0.0,0.0,0.0,0.0,0.0,0.088113,0.016863
2023-04-13,0.0,0.105692,0.093338,0.0,0.0,0.0,0.0,0.0,0.058485,0.0,0.0,0.0,0.034842,0.0,0.026036,0.0,0.100422,0.0,0.103318,0.101856,0.0,0.0,0.0,0.0,0.0,0.04511,0.0,0.0,0.047077,0.0,0.0,0.039868,0.028556,0.0,0.109887,0.0,0.0,0.0,0.0,0.0,0.0,0.088852,0.016662
2023-04-14,0.0,0.10586,0.092936,0.0,0.0,0.0,0.0,0.0,0.058554,0.0,0.0,0.0,0.035296,0.0,0.026167,0.0,0.100621,0.0,0.102896,0.102545,0.0,0.0,0.0,0.0,0.0,0.045184,0.0,0.0,0.046925,0.0,0.0,0.039286,0.028128,0.0,0.109999,0.0,0.0,0.0,0.0,0.0,0.0,0.088889,0.016714
2023-04-17,0.0,0.105479,0.093314,0.0,0.0,0.0,0.0,0.0,0.058544,0.0,0.0,0.0,0.035746,0.0,0.025888,0.0,0.101535,0.0,0.103614,0.103714,0.0,0.0,0.0,0.0,0.0,0.045236,0.0,0.0,0.047149,0.0,0.0,0.039157,0.02781,0.0,0.109835,0.0,0.0,0.0,0.0,0.0,0.0,0.086241,0.016738
2023-04-18,0.0,0.10516,0.09295,0.0,0.0,0.0,0.0,0.0,0.057777,0.0,0.0,0.0,0.035501,0.0,0.025735,0.0,0.101018,0.0,0.103026,0.105051,0.0,0.0,0.0,0.0,0.0,0.044986,0.0,0.0,0.046911,0.0,0.0,0.038923,0.027693,0.0,0.111012,0.0,0.0,0.0,0.0,0.0,0.0,0.087681,0.016576
2023-04-19,0.0,0.105656,0.09285,0.0,0.0,0.0,0.0,0.0,0.05744,0.0,0.0,0.0,0.035834,0.0,0.025824,0.0,0.101639,0.0,0.10345,0.106072,0.0,0.0,0.0,0.0,0.0,0.044803,0.0,0.0,0.047274,0.0,0.0,0.039006,0.027982,0.0,0.110226,0.0,0.0,0.0,0.0,0.0,0.0,0.085253,0.016692
2023-04-20,0.0,0.105893,0.093495,0.0,0.0,0.0,0.0,0.0,0.057665,0.0,0.0,0.0,0.035858,0.0,0.02569,0.0,0.101832,0.0,0.103716,0.108302,0.0,0.0,0.0,0.0,0.0,0.044926,0.0,0.0,0.047222,0.0,0.0,0.039304,0.028012,0.0,0.109254,0.0,0.0,0.0,0.0,0.0,0.0,0.082075,0.016755
2023-04-21,0.0,0.107401,0.094652,0.0,0.0,0.0,0.0,0.0,0.057528,0.0,0.0,0.0,0.035969,0.0,0.025712,0.0,0.102282,0.0,0.10349,0.108648,0.0,0.0,0.0,0.0,0.0,0.044896,0.0,0.0,0.047919,0.0,0.0,0.039177,0.027969,0.0,0.107187,0.0,0.0,0.0,0.0,0.0,0.0,0.0803,0.016869
2023-04-24,0.0,0.107566,0.094362,0.0,0.0,0.0,0.0,0.0,0.057499,0.0,0.0,0.0,0.035791,0.0,0.026038,0.0,0.102264,0.0,0.103929,0.109396,0.0,0.0,0.0,0.0,0.0,0.04458,0.0,0.0,0.047626,0.0,0.0,0.039195,0.028019,0.0,0.106514,0.0,0.0,0.0,0.0,0.0,0.0,0.080391,0.016829
2023-04-25,0.0,0.107465,0.095219,0.0,0.0,0.0,0.0,0.0,0.056941,0.0,0.0,0.0,0.035743,0.0,0.025962,0.0,0.101999,0.0,0.103319,0.109926,0.0,0.0,0.0,0.0,0.0,0.043778,0.0,0.0,0.047451,0.0,0.0,0.040031,0.02836,0.0,0.104313,0.0,0.0,0.0,0.0,0.0,0.0,0.082391,0.017102
2023-04-26,0.0,0.108037,0.095307,0.0,0.0,0.0,0.0,0.0,0.057359,0.0,0.0,0.0,0.035563,0.0,0.025731,0.0,0.100524,0.0,0.102559,0.108403,0.0,0.0,0.0,0.0,0.0,0.044211,0.0,0.0,0.047491,0.0,0.0,0.039993,0.02829,0.0,0.105681,0.0,0.0,0.0,0.0,0.0,0.0,0.083671,0.01718
2023-04-27,0.0,0.107255,0.095049,0.0,0.0,0.0,0.0,0.0,0.057085,0.0,0.0,0.0,0.035461,0.0,0.025341,0.0,0.100597,0.0,0.102014,0.109359,0.0,0.0,0.0,0.0,0.0,0.043568,0.0,0.0,0.047497,0.0,0.0,0.039248,0.027835,0.0,0.105279,0.0,0.0,0.0,0.0,0.0,0.0,0.087549,0.016862
2023-04-28,0.088275,0.088103,0.088028,0.0,0.0,0.013513,0.0,0.0,0.045611,0.028846,0.0,0.039335,0.0,0.0,0.0,0.0,0.073262,0.014095,0.04655,0.088256,0.0,0.0,0.046867,0.0,0.025871,0.025525,0.0,0.0,0.026268,0.0,0.0,0.087646,0.0,0.0,0.070429,0.0,0.0,0.0,0.0,0.0,0.0,0.088281,0.015238
2023-05-01,0.088746,0.088588,0.088393,0.0,0.0,0.013532,0.0,0.0,0.045625,0.028809,0.0,0.039538,0.0,0.0,0.0,0.0,0.074051,0.014391,0.046775,0.088001,0.0,0.0,0.047154,0.0,0.026025,0.025894,0.0,0.0,0.026631,0.0,0.0,0.087719,0.0,0.0,0.070823,0.0,0.0,0.0,0.0,0.0,0.0,0.083985,0.01532
2023-05-02,0.087671,0.087798,0.0879,0.0,0.0,0.013321,0.0,0.0,0.045594,0.028952,0.0,0.038913,0.0,0.0,0.0,0.0,0.073481,0.0144,0.046451,0.08814,0.0,0.0,0.047156,0.0,0.025853,0.02578,0.0,0.0,0.026344,0.0,0.0,0.089659,0.0,0.0,0.070067,0.0,0.0,0.0,0.0,0.0,0.0,0.08715,0.015371
2023-05-03,0.088357,0.088098,0.088447,0.0,0.0,0.013298,0.0,0.0,0.045657,0.028804,0.0,0.038769,0.0,0.0,0.0,0.0,0.073216,0.014468,0.045948,0.088958,0.0,0.0,0.046782,0.0,0.025641,0.02549,0.0,0.0,0.026435,0.0,0.0,0.09044,0.0,0.0,0.07001,0.0,0.0,0.0,0.0,0.0,0.0,0.085808,0.015375
2023-05-04,0.087513,0.08784,0.088806,0.0,0.0,0.013553,0.0,0.0,0.045903,0.029098,0.0,0.03823,0.0,0.0,0.0,0.0,0.072576,0.01434,0.04575,0.087668,0.0,0.0,0.046768,0.0,0.025574,0.025402,0.0,0.0,0.026556,0.0,0.0,0.091274,0.0,0.0,0.069856,0.0,0.0,0.0,0.0,0.0,0.0,0.087884,0.015409
2023-05-05,0.087573,0.0879,0.08873,0.0,0.0,0.013508,0.0,0.0,0.045938,0.029175,0.0,0.038161,0.0,0.0,0.0,0.0,0.072631,0.014377,0.045865,0.087603,0.0,0.0,0.046536,0.0,0.025845,0.025601,0.0,0.0,0.02658,0.0,0.0,0.088577,0.0,0.0,0.071233,0.0,0.0,0.0,0.0,0.0,0.0,0.088973,0.015194
2023-05-08,0.088119,0.088462,0.089087,0.0,0.0,0.013624,0.0,0.0,0.046088,0.029338,0.0,0.038787,0.0,0.0,0.0,0.0,0.072819,0.014456,0.046,0.088662,0.0,0.0,0.046686,0.0,0.025992,0.025869,0.0,0.0,0.026767,0.0,0.0,0.089238,0.0,0.0,0.072374,0.0,0.0,0.0,0.0,0.0,0.0,0.08234,0.015293
2023-05-09,0.088225,0.087795,0.090077,0.0,0.0,0.013412,0.0,0.0,0.045979,0.029076,0.0,0.038557,0.0,0.0,0.0,0.0,0.073005,0.014397,0.045598,0.088738,0.0,0.0,0.046556,0.0,0.025802,0.025437,0.0,0.0,0.026734,0.0,0.0,0.089901,0.0,0.0,0.072005,0.0,0.0,0.0,0.0,0.0,0.0,0.083409,0.015297
2023-05-10,0.088397,0.087843,0.08979,0.0,0.0,0.013386,0.0,0.0,0.045969,0.029167,0.0,0.03897,0.0,0.0,0.0,0.0,0.072873,0.014379,0.04571,0.088946,0.0,0.0,0.046568,0.0,0.026164,0.025743,0.0,0.0,0.027089,0.0,0.0,0.089935,0.0,0.0,0.070183,0.0,0.0,0.0,0.0,0.0,0.0,0.083561,0.015329
2023-05-11,0.088969,0.088287,0.09089,0.0,0.0,0.013617,0.0,0.0,0.045821,0.028958,0.0,0.039728,0.0,0.0,0.0,0.0,0.073111,0.014408,0.045687,0.089887,0.0,0.0,0.047146,0.0,0.026291,0.025814,0.0,0.0,0.027247,0.0,0.0,0.09,0.0,0.0,0.066953,0.0,0.0,0.0,0.0,0.0,0.0,0.081711,0.015475
2023-05-12,0.089098,0.088253,0.091542,0.0,0.0,0.013304,0.0,0.0,0.045716,0.028644,0.0,0.039854,0.0,0.0,0.0,0.0,0.073333,0.014435,0.045876,0.089563,0.0,0.0,0.04744,0.0,0.026317,0.02585,0.0,0.0,0.027182,0.0,0.0,0.090055,0.0,0.0,0.06729,0.0,0.0,0.0,0.0,0.0,0.0,0.080739,0.01551
2023-05-15,0.088419,0.087952,0.091091,0.0,0.0,0.013689,0.0,0.0,0.045763,0.028787,0.0,0.039607,0.0,0.0,0.0,0.0,0.072891,0.014329,0.045762,0.089049,0.0,0.0,0.04681,0.0,0.026247,0.026264,0.0,0.0,0.02728,0.0,0.0,0.089269,0.0,0.0,0.068604,0.0,0.0,0.0,0.0,0.0,0.0,0.082841,0.015346
2023-05-16,0.08892,0.087754,0.091667,0.0,0.0,0.013665,0.0,0.0,0.046333,0.028723,0.0,0.039889,0.0,0.0,0.0,0.0,0.072502,0.014261,0.045381,0.089683,0.0,0.0,0.0468,0.0,0.026494,0.026433,0.0,0.0,0.027421,0.0,0.0,0.088886,0.0,0.0,0.06771,0.0,0.0,0.0,0.0,0.0,0.0,0.082002,0.015475
2023-05-17,0.088156,0.087377,0.091496,0.0,0.0,0.013451,0.0,0.0,0.047062,0.029021,0.0,0.040029,0.0,0.0,0.0,0.0,0.073116,0.014457,0.045287,0.089849,0.0,0.0,0.046374,0.0,0.026616,0.026853,0.0,0.0,0.02745,0.0,0.0,0.087818,0.0,0.0,0.067487,0.0,0.0,0.0,0.0,0.0,0.0,0.08276,0.015343
2023-05-18,0.088845,0.087114,0.091411,0.0,0.0,0.013197,0.0,0.0,0.047376,0.029214,0.0,0.040703,0.0,0.0,0.0,0.0,0.073566,0.014547,0.045504,0.090826,0.0,0.0,0.046098,0.0,0.027131,0.027671,0.0,0.0,0.027981,0.0,0.0,0.086584,0.0,0.0,0.066267,0.0,0.0,0.0,0.0,0.0,0.0,0.080635,0.01533
2023-05-19,0.089135,0.087671,0.091473,0.0,0.0,0.013139,0.0,0.0,0.047497,0.029591,0.0,0.040447,0.0,0.0,0.0,0.0,0.073319,0.014461,0.045576,0.08908,0.0,0.0,0.046084,0.0,0.027093,0.027502,0.0,0.0,0.028113,0.0,0.0,0.087357,0.0,0.0,0.066221,0.0,0.0,0.0,0.0,0.0,0.0,0.080922,0.015318
2023-05-22,0.08937,0.087638,0.09196,0.0,0.0,0.013336,0.0,0.0,0.047373,0.030123,0.0,0.040852,0.0,0.0,0.0,0.0,0.07337,0.014468,0.045379,0.087804,0.0,0.0,0.045427,0.0,0.027169,0.027622,0.0,0.0,0.028414,0.0,0.0,0.08723,0.0,0.0,0.066137,0.0,0.0,0.0,0.0,0.0,0.0,0.080995,0.015333
2023-05-23,0.08988,0.087281,0.091609,0.0,0.0,0.013108,0.0,0.0,0.047364,0.030079,0.0,0.040777,0.0,0.0,0.0,0.0,0.073264,0.01454,0.045156,0.08696,0.0,0.0,0.045576,0.0,0.027054,0.027573,0.0,0.0,0.028055,0.0,0.0,0.08827,0.0,0.0,0.06509,0.0,0.0,0.0,0.0,0.0,0.0,0.082864,0.015499
2023-05-24,0.089502,0.087003,0.091787,0.0,0.0,0.013033,0.0,0.0,0.047708,0.03046,0.0,0.041105,0.0,0.0,0.0,0.0,0.073236,0.014464,0.045206,0.088146,0.0,0.0,0.045855,0.0,0.027196,0.027423,0.0,0.0,0.028323,0.0,0.0,0.088668,0.0,0.0,0.064321,0.0,0.0,0.0,0.0,0.0,0.0,0.080871,0.015693
2023-05-25,0.089188,0.086405,0.091915,0.0,0.0,0.012716,0.0,0.0,0.048567,0.030185,0.0,0.040929,0.0,0.0,0.0,0.0,0.073164,0.01459,0.044853,0.088116,0.0,0.0,0.045312,0.0,0.028119,0.029125,0.0,0.0,0.029055,0.0,0.0,0.08744,0.0,0.0,0.063682,0.0,0.0,0.0,0.0,0.0,0.0,0.081005,0.015635
2023-05-26,0.089245,0.086311,0.091117,0.0,0.0,0.01279,0.0,0.0,0.04913,0.030328,0.0,0.041262,0.0,0.0,0.0,0.0,0.072828,0.014449,0.044538,0.087167,0.0,0.0,0.044923,0.0,0.028571,0.030657,0.0,0.0,0.029197,0.0,0.0,0.086739,0.0,0.0,0.064217,0.0,0.0,0.0,0.0,0.0,0.0,0.081085,0.015446
2023-05-29,0.089245,0.08631,0.091117,0.0,0.0,0.01279,0.0,0.0,0.04913,0.030328,0.0,0.041262,0.0,0.0,0.0,0.0,0.072828,0.014449,0.044538,0.087166,0.0,0.0,0.044923,0.0,0.028571,0.030657,0.0,0.0,0.029197,0.0,0.0,0.086738,0.0,0.0,0.064217,0.0,0.0,0.0,0.0,0.0,0.0,0.081085,0.015448
2023-05-30,0.089212,0.085295,0.090403,0.0,0.0,0.012415,0.0,0.0,0.049073,0.030449,0.0,0.041272,0.0,0.0,0.0,0.0,0.072617,0.014454,0.044238,0.087188,0.0,0.0,0.044348,0.0,0.028684,0.030589,0.0,0.0,0.029572,0.0,0.0,0.087156,0.0,0.0,0.063067,0.0,0.0,0.0,0.0,0.0,0.0,0.08454,0.015428
2023-05-31,0.082707,0.082554,0.082599,0.0,0.0,0.024126,0.0,0.0,0.041367,0.0,0.0,0.082613,0.0,0.0,0.0,0.0,0.0,0.0,0.031374,0.082791,0.0,0.0,0.082874,0.0,0.02399,0.010441,0.02396,0.0,0.023955,0.0,0.0,0.043491,0.038178,0.068299,0.082774,0.0,0.0,0.0,0.0,0.0,0.015742,0.064228,0.011937
2023-06-01,0.082648,0.082438,0.083569,0.0,0.0,0.024417,0.0,0.0,0.041207,0.0,0.0,0.082636,0.0,0.0,0.0,0.0,0.0,0.0,0.031377,0.08285,0.0,0.0,0.081725,0.0,0.023918,0.010482,0.023652,0.0,0.02411,0.0,0.0,0.043263,0.038273,0.068396,0.084528,0.0,0.0,0.0,0.0,0.0,0.01564,0.063088,0.011782
2023-06-02,0.082786,0.082169,0.083907,0.0,0.0,0.024693,0.0,0.0,0.041054,0.0,0.0,0.081508,0.0,0.0,0.0,0.0,0.0,0.0,0.031947,0.084685,0.0,0.0,0.081616,0.0,0.023696,0.010302,0.02345,0.0,0.024093,0.0,0.0,0.04199,0.037256,0.067766,0.086827,0.0,0.0,0.0,0.0,0.0,0.015383,0.063265,0.011605
2023-06-05,0.083495,0.082131,0.084171,0.0,0.0,0.024744,0.0,0.0,0.041199,0.0,0.0,0.082263,0.0,0.0,0.0,0.0,0.0,0.0,0.032137,0.084722,0.0,0.0,0.081863,0.0,0.023718,0.01021,0.023764,0.0,0.024443,0.0,0.0,0.042526,0.03742,0.068123,0.086192,0.0,0.0,0.0,0.0,0.0,0.015538,0.059649,0.011689
2023-06-06,0.082513,0.081509,0.084919,0.0,0.0,0.024832,0.0,0.0,0.040951,0.0,0.0,0.081669,0.0,0.0,0.0,0.0,0.0,0.0,0.031976,0.086395,0.0,0.0,0.080531,0.0,0.023445,0.010217,0.023548,0.0,0.024372,0.0,0.0,0.042093,0.037015,0.067904,0.086563,0.0,0.0,0.0,0.0,0.0,0.015389,0.062601,0.011557
2023-06-07,0.083195,0.081841,0.08344,0.0,0.0,0.024746,0.0,0.0,0.041343,0.0,0.0,0.081444,0.0,0.0,0.0,0.0,0.0,0.0,0.032632,0.08735,0.0,0.0,0.080949,0.0,0.023291,0.010289,0.023028,0.0,0.023996,0.0,0.0,0.041941,0.037089,0.068058,0.086645,0.0,0.0,0.0,0.0,0.0,0.015429,0.061638,0.011656
2023-06-08,0.08261,0.082119,0.083468,0.0,0.0,0.024834,0.0,0.0,0.041059,0.0,0.0,0.081194,0.0,0.0,0.0,0.0,0.0,0.0,0.03225,0.086355,0.0,0.0,0.080844,0.0,0.023352,0.010309,0.023145,0.0,0.02398,0.0,0.0,0.04215,0.038138,0.068636,0.087262,0.0,0.0,0.0,0.0,0.0,0.015391,0.061343,0.011561
2023-06-09,0.082824,0.08163,0.084419,0.0,0.0,0.024802,0.0,0.0,0.041259,0.0,0.0,0.081221,0.0,0.0,0.0,0.0,0.0,0.0,0.031983,0.08639,0.0,0.0,0.080713,0.0,0.023469,0.010337,0.023356,0.0,0.024091,0.0,0.0,0.042037,0.038088,0.068476,0.087078,0.0,0.0,0.0,0.0,0.0,0.015373,0.060891,0.011563
2023-06-12,0.082754,0.081689,0.084639,0.0,0.0,0.024712,0.0,0.0,0.04148,0.0,0.0,0.081886,0.0,0.0,0.0,0.0,0.0,0.0,0.032012,0.08731,0.0,0.0,0.080397,0.0,0.023892,0.010631,0.023823,0.0,0.024401,0.0,0.0,0.041847,0.037625,0.068388,0.08623,0.0,0.0,0.0,0.0,0.0,0.015401,0.059356,0.011526
2023-06-13,0.083109,0.081654,0.085157,0.0,0.0,0.02485,0.0,0.0,0.041751,0.0,0.0,0.081486,0.0,0.0,0.0,0.0,0.0,0.0,0.032487,0.087174,0.0,0.0,0.08007,0.0,0.023841,0.010686,0.023787,0.0,0.024614,0.0,0.0,0.041201,0.036745,0.068023,0.087726,0.0,0.0,0.0,0.0,0.0,0.015253,0.058954,0.011431
2023-06-14,0.083247,0.081618,0.085207,0.0,0.0,0.025138,0.0,0.0,0.0415,0.0,0.0,0.081302,0.0,0.0,0.0,0.0,0.0,0.0,0.032223,0.085533,0.0,0.0,0.080242,0.0,0.023991,0.010794,0.023837,0.0,0.024617,0.0,0.0,0.041061,0.036986,0.067849,0.089521,0.0,0.0,0.0,0.0,0.0,0.015225,0.058721,0.011387
2023-06-15,0.082871,0.082012,0.08435,0.0,0.0,0.025415,0.0,0.0,0.04147,0.0,0.0,0.081877,0.0,0.0,0.0,0.0,0.0,0.0,0.032217,0.086494,0.0,0.0,0.080344,0.0,0.02409,0.010612,0.024112,0.0,0.024653,0.0,0.0,0.040991,0.036616,0.068428,0.08974,0.0,0.0,0.0,0.0,0.0,0.01517,0.057247,0.011291
2023-06-16,0.083095,0.081886,0.08348,0.0,0.0,0.025327,0.0,0.0,0.040949,0.0,0.0,0.08114,0.0,0.0,0.0,0.0,0.0,0.0,0.032272,0.086345,0.0,0.0,0.080381,0.0,0.023874,0.010507,0.023949,0.0,0.024527,0.0,0.0,0.040898,0.036989,0.069291,0.089335,0.0,0.0,0.0,0.0,0.0,0.015099,0.059374,0.011284
2023-06-19,0.082661,0.081925,0.08352,0.0,0.0,0.025339,0.0,0.0,0.040969,0.0,0.0,0.081178,0.0,0.0,0.0,0.0,0.0,0.0,0.032287,0.086385,0.0,0.0,0.080419,0.0,0.023885,0.010512,0.02396,0.0,0.024538,0.0,0.0,0.040917,0.037006,0.069324,0.089377,0.0,0.0,0.0,0.0,0.0,0.015106,0.059402,0.011292
2023-06-20,0.082618,0.081284,0.082898,0.0,0.0,0.024464,0.0,0.0,0.040713,0.0,0.0,0.081303,0.0,0.0,0.0,0.0,0.0,0.0,0.032055,0.087814,0.0,0.0,0.080321,0.0,0.023876,0.010494,0.023888,0.0,0.024438,0.0,0.0,0.040754,0.0357,0.069484,0.087451,0.0,0.0,0.0,0.0,0.0,0.015211,0.06387,0.011364
2023-06-21,0.082228,0.080771,0.083518,0.0,0.0,0.024149,0.0,0.0,0.040544,0.0,0.0,0.080143,0.0,0.0,0.0,0.0,0.0,0.0,0.032019,0.087945,0.0,0.0,0.080253,0.0,0.02342,0.010193,0.023345,0.0,0.024048,0.0,0.0,0.040518,0.034842,0.069908,0.087477,0.0,0.0,0.0,0.0,0.0,0.015224,0.068142,0.011315
2023-06-22,0.082183,0.080623,0.083003,0.0,0.0,0.024104,0.0,0.0,0.040587,0.0,0.0,0.080942,0.0,0.0,0.0,0.0,0.0,0.0,0.03201,0.087937,0.0,0.0,0.08089,0.0,0.023661,0.010262,0.023522,0.0,0.023899,0.0,0.0,0.0402,0.034396,0.069485,0.08723,0.0,0.0,0.0,0.0,0.0,0.015197,0.068528,0.011342
2023-06-23,0.082271,0.08031,0.081633,0.0,0.0,0.023794,0.0,0.0,0.040361,0.0,0.0,0.08144,0.0,0.0,0.0,0.0,0.0,0.0,0.032017,0.089094,0.0,0.0,0.081028,0.0,0.0236,0.010166,0.023521,0.0,0.023461,0.0,0.0,0.040648,0.034768,0.068725,0.085534,0.0,0.0,0.0,0.0,0.0,0.015342,0.07085,0.011437
2023-06-26,0.082333,0.080438,0.081655,0.0,0.0,0.023897,0.0,0.0,0.040492,0.0,0.0,0.080648,0.0,0.0,0.0,0.0,0.0,0.0,0.032359,0.089162,0.0,0.0,0.08116,0.0,0.023437,0.010201,0.023327,0.0,0.023316,0.0,0.0,0.04073,0.035318,0.06868,0.08693,0.0,0.0,0.0,0.0,0.0,0.015394,0.069079,0.011443
2023-06-27,0.08185,0.080532,0.081236,0.0,0.0,0.024208,0.0,0.0,0.040218,0.0,0.0,0.081282,0.0,0.0,0.0,0.0,0.0,0.0,0.032526,0.091175,0.0,0.0,0.08068,0.0,0.023687,0.010464,0.023568,0.0,0.023459,0.0,0.0,0.040183,0.035139,0.067375,0.086386,0.0,0.0,0.0,0.0,0.0,0.015258,0.069434,0.011342
2023-06-28,0.082582,0.080726,0.082406,0.0,0.0,0.024094,0.0,0.0,0.040118,0.0,0.0,0.081912,0.0,0.0,0.0,0.0,0.0,0.0,0.032408,0.091244,0.0,0.0,0.080395,0.0,0.023777,0.010417,0.023766,0.0,0.023727,0.0,0.0,0.04022,0.035017,0.066831,0.085301,0.0,0.0,0.0,0.0,0.0,0.015318,0.068364,0.011379
2023-06-29,0.082726,0.080651,0.082037,0.0,0.0,0.023743,0.0,0.0,0.039893,0.0,0.0,0.081513,0.0,0.0,0.0,0.0,0.0,0.0,0.032833,0.091347,0.0,0.0,0.080362,0.0,0.023832,0.010426,0.023775,0.0,0.023692,0.0,0.0,0.040199,0.034834,0.066486,0.085405,0.0,0.0,0.0,0.0,0.0,0.015245,0.069616,0.011386
2023-06-30,0.097775,0.09801,0.068608,0.0,0.0,0.0,0.0,0.0,0.056586,0.041078,0.0,0.098043,0.0,0.0,0.0,0.0,0.0,0.0,0.0,0.097772,0.0,0.0,0.0,0.0,0.024003,0.02449,0.024327,0.0,0.024455,0.0,0.0,0.085253,0.012488,0.098154,0.0,0.0,0.0,0.0,0.047326,0.0,0.0,0.098147,0.003487
2023-07-03,0.09743,0.097206,0.068453,0.0,0.0,0.0,0.0,0.0,0.056944,0.041769,0.0,0.097852,0.0,0.0,0.0,0.0,0.0,0.0,0.0,0.09673,0.0,0.0,0.0,0.0,0.023825,0.024577,0.024071,0.0,0.024435,0.0,0.0,0.084896,0.012493,0.098745,0.0,0.0,0.0,0.0,0.047002,0.0,0.0,0.100104,0.003468
2023-07-04,0.097461,0.097202,0.068451,0.0,0.0,0.0,0.0,0.0,0.056942,0.041768,0.0,0.097849,0.0,0.0,0.0,0.0,0.0,0.0,0.0,0.096726,0.0,0.0,0.0,0.0,0.023824,0.024576,0.02407,0.0,0.024434,0.0,0.0,0.084893,0.012492,0.098742,0.0,0.0,0.0,0.0,0.047,0.0,0.0,0.1001,0.003468
2023-07-05,0.09792,0.096665,0.068403,0.0,0.0,0.0,0.0,0.0,0.056771,0.04161,0.0,0.099345,0.0,0.0,0.0,0.0,0.0,0.0,0.0,0.096381,0.0,0.0,0.0,0.0,0.023856,0.024215,0.024248,0.0,0.02433,0.0,0.0,0.085234,0.012707,0.099163,0.0,0.0,0.0,0.0,0.04721,0.0,0.0,0.098447,0.003495
2023-07-06,0.097454,0.096138,0.068351,0.0,0.0,0.0,0.0,0.0,0.056152,0.04131,0.0,0.099797,0.0,0.0,0.0,0.0,0.0,0.0,0.0,0.094943,0.0,0.0,0.0,0.0,0.024091,0.02421,0.024295,0.0,0.024134,0.0,0.0,0.086047,0.012636,0.100313,0.0,0.0,0.0,0.0,0.047455,0.0,0.0,0.099134,0.003539
2023-07-07,0.09791,0.096462,0.069111,0.0,0.0,0.0,0.0,0.0,0.056292,0.041397,0.0,0.099133,0.0,0.0,0.0,0.0,0.0,0.0,0.0,0.094853,0.0,0.0,0.0,0.0,0.023911,0.024144,0.024169,0.0,0.024282,0.0,0.0,0.086419,0.012808,0.099715,0.0,0.0,0.0,0.0,0.047351,0.0,0.0,0.098517,0.003529
2023-07-10,0.097103,0.09639,0.068548,0.0,0.0,0.0,0.0,0.0,0.055903,0.041172,0.0,0.098212,0.0,0.0,0.0,0.0,0.0,0.0,0.0,0.096851,0.0,0.0,0.0,0.0,0.023813,0.024482,0.024423,0.0,0.024427,0.0,0.0,0.085908,0.012758,0.099141,0.0,0.0,0.0,0.0,0.047269,0.0,0.0,0.100094,0.003506
2023-07-11,0.096892,0.09674,0.068363,0.0,0.0,0.0,0.0,0.0,0.056325,0.041612,0.0,0.099217,0.0,0.0,0.0,0.0,0.0,0.0,0.0,0.096932,0.0,0.0,0.0,0.0,0.023696,0.02431,0.024607,0.0,0.024526,0.0,0.0,0.085621,0.012644,0.099417,0.0,0.0,0.0,0.0,0.047189,0.0,0.0,0.098428,0.003481
2023-07-12,0.097337,0.097868,0.068025,0.0,0.0,0.0,0.0,0.0,0.057036,0.042238,0.0,0.099233,0.0,0.0,0.0,0.0,0.0,0.0,0.0,0.098326,0.0,0.0,0.0,0.0,0.023681,0.02447,0.02445,0.0,0.024539,0.0,0.0,0.085756,0.013055,0.097416,0.0,0.0,0.0,0.0,0.046993,0.0,0.0,0.096138,0.003441
2023-07-13,0.096515,0.097953,0.068034,0.0,0.0,0.0,0.0,0.0,0.057022,0.04217,0.0,0.099219,0.0,0.0,0.0,0.0,0.0,0.0,0.0,0.097669,0.0,0.0,0.0,0.0,0.02364,0.024611,0.024491,0.0,0.024693,0.0,0.0,0.084565,0.01323,0.096628,0.0,0.0,0.0,0.0,0.046585,0.0,0.0,0.099586,0.003389
2023-07-14,0.097543,0.098082,0.067624,0.0,0.0,0.0,0.0,0.0,0.057286,0.042559,0.0,0.098879,0.0,0.0,0.0,0.0,0.0,0.0,0.0,0.099459,0.0,0.0,0.0,0.0,0.023749,0.024451,0.024657,0.0,0.024461,0.0,0.0,0.084807,0.013357,0.098308,0.0,0.0,0.0,0.0,0.046527,0.0,0.0,0.09484,0.003412
2023-07-17,0.097415,0.097984,0.067685,0.0,0.0,0.0,0.0,0.0,0.057628,0.042806,0.0,0.098569,0.0,0.0,0.0,0.0,0.0,0.0,0.0,0.099166,0.0,0.0,0.0,0.0,0.024063,0.025047,0.024976,0.0,0.024779,0.0,0.0,0.084905,0.013322,0.097667,0.0,0.0,0.0,0.0,0.046634,0.0,0.0,0.09394,0.003414
2023-07-18,0.097342,0.098006,0.068232,0.0,0.0,0.0,0.0,0.0,0.057282,0.042439,0.0,0.098689,0.0,0.0,0.0,0.0,0.0,0.0,0.0,0.098899,0.0,0.0,0.0,0.0,0.024199,0.024952,0.025068,0.0,0.02493,0.0,0.0,0.085395,0.013363,0.098478,0.0,0.0,0.0,0.0,0.046502,0.0,0.0,0.092828,0.003395
2023-07-19,0.09775,0.097834,0.068134,0.0,0.0,0.0,0.0,0.0,0.056325,0.042233,0.0,0.098809,0.0,0.0,0.0,0.0,0.0,0.0,0.0,0.098708,0.0,0.0,0.0,0.0,0.0241,0.024617,0.025058,0.0,0.024733,0.0,0.0,0.085273,0.013406,0.099496,0.0,0.0,0.0,0.0,0.046464,0.0,0.0,0.093672,0.00339
2023-07-20,0.098521,0.098642,0.068043,0.0,0.0,0.0,0.0,0.0,0.05625,0.04203,0.0,0.098021,0.0,0.0,0.0,0.0,0.0,0.0,0.0,0.097259,0.0,0.0,0.0,0.0,0.023904,0.024008,0.02474,0.0,0.024355,0.0,0.0,0.085867,0.013321,0.100928,0.0,0.0,0.0,0.0,0.046821,0.0,0.0,0.093859,0.003432
2023-07-21,0.098482,0.099026,0.067995,0.0,0.0,0.0,0.0,0.0,0.056154,0.042067,0.0,0.097083,0.0,0.0,0.0,0.0,0.0,0.0,0.0,0.097647,0.0,0.0,0.0,0.0,0.023902,0.024235,0.024815,0.0,0.024206,0.0,0.0,0.085639,0.013262,0.100786,0.0,0.0,0.0,0.0,0.046958,0.0,0.0,0.094311,0.003433
2023-07-24,0.098533,0.098509,0.06808,0.0,0.0,0.0,0.0,0.0,0.056866,0.042868,0.0,0.097244,0.0,0.0,0.0,0.0,0.0,0.0,0.0,0.098226,0.0,0.0,0.0,0.0,0.02394,0.02423,0.024733,0.0,0.024017,0.0,0.0,0.085257,0.013119,0.102325,0.0,0.0,0.0,0.0,0.046869,0.0,0.0,0.091752,0.003434
2023-07-25,0.098246,0.098192,0.06782,0.0,0.0,0.0,0.0,0.0,0.057035,0.04303,0.0,0.097057,0.0,0.0,0.0,0.0,0.0,0.0,0.0,0.09909,0.0,0.0,0.0,0.0,0.02409,0.024512,0.024794,0.0,0.024178,0.0,0.0,0.085294,0.013221,0.101848,0.0,0.0,0.0,0.0,0.046599,0.0,0.0,0.091578,0.003416
2023-07-26,0.097916,0.098173,0.067949,0.0,0.0,0.0,0.0,0.0,0.056915,0.042706,0.0,0.098368,0.0,0.0,0.0,0.0,0.0,0.0,0.0,0.098972,0.0,0.0,0.0,0.0,0.023717,0.024123,0.024503,0.0,0.024285,0.0,0.0,0.085531,0.013363,0.101408,0.0,0.0,0.0,0.0,0.046687,0.0,0.0,0.091974,0.00341
2023-07-27,0.099127,0.098092,0.068846,0.0,0.0,0.0,0.0,0.0,0.05666,0.042152,0.0,0.099692,0.0,0.0,0.0,0.0,0.0,0.0,0.0,0.09854,0.0,0.0,0.0,0.0,0.023767,0.0247,0.024436,0.0,0.024174,0.0,0.0,0.084612,0.012961,0.101006,0.0,0.0,0.0,0.0,0.046549,0.0,0.0,0.091258,0.003427
2023-07-28,0.098221,0.098085,0.068643,0.0,0.0,0.0,0.0,0.0,0.057075,0.042528,0.0,0.100785,0.0,0.0,0.0,0.0,0.0,0.0,0.0,0.098953,0.0,0.0,0.0,0.0,0.023884,0.025023,0.024578,0.0,0.024049,0.0,0.0,0.084556,0.012972,0.099597,0.0,0.0,0.0,0.0,0.046415,0.0,0.0,0.091236,0.003398
2023-07-31,0.107954,0.022042,0.053227,0.0,0.0,0.0,0.108099,0.0,0.0,0.0,0.108173,0.108198,0.0,0.0,0.0,0.0,0.04718,0.060193,0.0,0.107782,0.0,0.0,0.0,0.0,0.026969,0.026359,0.026942,0.0,0.02691,0.0,0.0,0.0,0.0,0.057786,0.0,0.0,0.0,0.0,0.0,0.0,0.0,0.108252,0.003932
2023-08-01,0.10778,0.021905,0.052853,0.0,0.0,0.0,0.106539,0.0,0.0,0.0,0.107465,0.10858,0.0,0.0,0.0,0.0,0.04755,0.059626,0.0,0.108963,0.0,0.0,0.0,0.0,0.027145,0.026504,0.027086,0.0,0.02666,0.0,0.0,0.0,0.0,0.058145,0.0,0.0,0.0,0.0,0.0,0.0,0.0,0.109246,0.003953
2023-08-02,0.107963,0.021818,0.052608,0.0,0.0,0.0,0.107267,0.0,0.0,0.0,0.107065,0.108083,0.0,0.0,0.0,0.0,0.047733,0.059961,0.0,0.109314,0.0,0.0,0.0,0.0,0.026856,0.025858,0.026606,0.0,0.026086,0.0,0.0,0.0,0.0,0.05853,0.0,0.0,0.0,0.0,0.0,0.0,0.0,0.110241,0.00401
2023-08-03,0.108137,0.021888,0.052664,0.0,0.0,0.0,0.105682,0.0,0.0,0.0,0.10796,0.108454,0.0,0.0,0.0,0.0,0.047716,0.059903,0.0,0.108112,0.0,0.0,0.0,0.0,0.026907,0.025946,0.026591,0.0,0.0261,0.0,0.0,0.0,0.0,0.05842,0.0,0.0,0.0,0.0,0.0,0.0,0.0,0.111488,0.004034
2023-08-04,0.108751,0.021908,0.053124,0.0,0.0,0.0,0.104835,0.0,0.0,0.0,0.109432,0.108115,0.0,0.0,0.0,0.0,0.047384,0.059512,0.0,0.109557,0.0,0.0,0.0,0.0,0.026517,0.025882,0.02627,0.0,0.026048,0.0,0.0,0.0,0.0,0.058422,0.0,0.0,0.0,0.0,0.0,0.0,0.0,0.110212,0.004032
2023-08-07,0.107473,0.021986,0.053253,0.0,0.0,0.0,0.104082,0.0,0.0,0.0,0.109898,0.109138,0.0,0.0,0.0,0.0,0.047681,0.059491,0.0,0.110155,0.0,0.0,0.0,0.0,0.026433,0.025999,0.02628,0.0,0.025968,0.0,0.0,0.0,0.0,0.05794,0.0,0.0,0.0,0.0,0.0,0.0,0.0,0.110214,0.004009
2023-08-08,0.106979,0.021918,0.0529,0.0,0.0,0.0,0.10389,0.0,0.0,0.0,0.109265,0.109076,0.0,0.0,0.0,0.0,0.047569,0.05946,0.0,0.110202,0.0,0.0,0.0,0.0,0.026288,0.025642,0.025909,0.0,0.025564,0.0,0.0,0.0,0.0,0.057639,0.0,0.0,0.0,0.0,0.0,0.0,0.0,0.113681,0.004018
2023-08-09,0.108145,0.02217,0.052921,0.0,0.0,0.0,0.104027,0.0,0.0,0.0,0.108965,0.1089,0.0,0.0,0.0,0.0,0.047982,0.059382,0.0,0.110356,0.0,0.0,0.0,0.0,0.026188,0.025404,0.025847,0.0,0.025229,0.0,0.0,0.0,0.0,0.058062,0.0,0.0,0.0,0.0,0.0,0.0,0.0,0.112366,0.004055
2023-08-10,0.108903,0.022223,0.053068,0.0,0.0,0.0,0.104365,0.0,0.0,0.0,0.109067,0.109111,0.0,0.0,0.0,0.0,0.047779,0.059505,0.0,0.108994,0.0,0.0,0.0,0.0,0.026153,0.025264,0.025976,0.0,0.025239,0.0,0.0,0.0,0.0,0.058031,0.0,0.0,0.0,0.0,0.0,0.0,0.0,0.112273,0.00405
2023-08-11,0.108071,0.022143,0.053244,0.0,0.0,0.0,0.104156,0.0,0.0,0.0,0.109233,0.109131,0.0,0.0,0.0,0.0,0.048095,0.059327,0.0,0.109433,0.0,0.0,0.0,0.0,0.026088,0.024774,0.026064,0.0,0.025097,0.0,0.0,0.0,0.0,0.058318,0.0,0.0,0.0,0.0,0.0,0.0,0.0,0.112755,0.00407
2023-08-14,0.108314,0.022082,0.052722,0.0,0.0,0.0,0.101993,0.0,0.0,0.0,0.109477,0.109836,0.0,0.0,0.0,0.0,0.048072,0.059473,0.0,0.110144,0.0,0.0,0.0,0.0,0.026482,0.025467,0.026382,0.0,0.025362,0.0,0.0,0.0,0.0,0.057834,0.0,0.0,0.0,0.0,0.0,0.0,0.0,0.112291,0.004068
2023-08-15,0.108537,0.021978,0.052589,0.0,0.0,0.0,0.10177,0.0,0.0,0.0,0.108876,0.10976,0.0,0.0,0.0,0.0,0.047851,0.058971,0.0,0.111837,0.0,0.0,0.0,0.0,0.026438,0.025249,0.026372,0.0,0.025283,0.0,0.0,0.0,0.0,0.057844,0.0,0.0,0.0,0.0,0.0,0.0,0.0,0.112545,0.004102
2023-08-16,0.109054,0.022035,0.052387,0.0,0.0,0.0,0.102323,0.0,0.0,0.0,0.108465,0.109395,0.0,0.0,0.0,0.0,0.047999,0.058946,0.0,0.11058,0.0,0.0,0.0,0.0,0.026414,0.024976,0.026372,0.0,0.025038,0.0,0.0,0.0,0.0,0.058653,0.0,0.0,0.0,0.0,0.0,0.0,0.0,0.113225,0.004138
2023-08-17,0.109912,0.022224,0.053071,0.0,0.0,0.0,0.103415,0.0,0.0,0.0,0.108476,0.110015,0.0,0.0,0.0,0.0,0.04842,0.059489,0.0,0.107671,0.0,0.0,0.0,0.0,0.026617,0.025161,0.026422,0.0,0.025048,0.0,0.0,0.0,0.0,0.059642,0.0,0.0,0.0,0.0,0.0,0.0,0.0,0.110207,0.00421
2023-08-18,0.109758,0.022328,0.053544,0.0,0.0,0.0,0.104828,0.0,0.0,0.0,0.108918,0.110054,0.0,0.0,0.0,0.0,0.04882,0.060206,0.0,0.108917,0.0,0.0,0.0,0.0,0.026827,0.025457,0.026699,0.0,0.025247,0.0,0.0,0.0,0.0,0.060503,0.0,0.0,0.0,0.0,0.0,0.0,0.0,0.103658,0.004238
2023-08-21,0.109738,0.022408,0.053475,0.0,0.0,0.0,0.10351,0.0,0.0,0.0,0.109937,0.110615,0.0,0.0,0.0,0.0,0.048657,0.059897,0.0,0.107813,0.0,0.0,0.0,0.0,0.027281,0.026133,0.027115,0.0,0.025471,0.0,0.0,0.0,0.0,0.060206,0.0,0.0,0.0,0.0,0.0,0.0,0.0,0.103515,0.00423
2023-08-22,0.110267,0.02229,0.053651,0.0,0.0,0.0,0.105636,0.0,0.0,0.0,0.109922,0.110438,0.0,0.0,0.0,0.0,0.048465,0.059353,0.0,0.108474,0.0,0.0,0.0,0.0,0.027207,0.025861,0.02705,0.0,0.025301,0.0,0.0,0.0,0.0,0.059742,0.0,0.0,0.0,0.0,0.0,0.0,0.0,0.102121,0.004223
2023-08-23,0.109245,0.022124,0.05351,0.0,0.0,0.0,0.107448,0.0,0.0,0.0,0.109067,0.110467,0.0,0.0,0.0,0.0,0.048197,0.059017,0.0,0.107992,0.0,0.0,0.0,0.0,0.027264,0.025976,0.027064,0.0,0.025431,0.0,0.0,0.0,0.0,0.059418,0.0,0.0,0.0,0.0,0.0,0.0,0.0,0.103622,0.004158
2023-08-24,0.110156,0.022128,0.053565,0.0,0.0,0.0,0.107822,0.0,0.0,0.0,0.10846,0.109891,0.0,0.0,0.0,0.0,0.048291,0.059313,0.0,0.107923,0.0,0.0,0.0,0.0,0.027016,0.025476,0.026828,0.0,0.02534,0.0,0.0,0.0,0.0,0.060774,0.0,0.0,0.0,0.0,0.0,0.0,0.0,0.102801,0.004216
2023-08-25,0.109632,0.022278,0.05382,0.0,0.0,0.0,0.106854,0.0,0.0,0.0,0.109625,0.109962,0.0,0.0,0.0,0.0,0.048677,0.059278,0.0,0.106709,0.0,0.0,0.0,0.0,0.027279,0.025575,0.027348,0.0,0.025457,0.0,0.0,0.0,0.0,0.060917,0.0,0.0,0.0,0.0,0.0,0.0,0.0,0.102373,0.004217
2023-08-28,0.10885,0.022351,0.054069,0.0,0.0,0.0,0.10738,0.0,0.0,0.0,0.109279,0.110513,0.0,0.0,0.0,0.0,0.048724,0.059087,0.0,0.10685,0.0,0.0,0.0,0.0,0.027306,0.025714,0.027283,0.0,0.025619,0.0,0.0,0.0,0.0,0.06107,0.0,0.0,0.0,0.0,0.0,0.0,0.0,0.101719,0.004187
2023-08-29,0.10875,0.022157,0.053216,0.0,0.0,0.0,0.10645,0.0,0.0,0.0,0.109485,0.110422,0.0,0.0,0.0,0.0,0.04799,0.058538,0.0,0.106936,0.0,0.0,0.0,0.0,0.027226,0.025795,0.027185,0.0,0.025502,0.0,0.0,0.0,0.0,0.059612,0.0,0.0,0.0,0.0,0.0,0.0,0.0,0.106645,0.004093
2023-08-30,0.109527,0.02214,0.053104,0.0,0.0,0.0,0.105391,0.0,0.0,0.0,0.109923,0.110404,0.0,0.0,0.0,0.0,0.048192,0.058839,0.0,0.108415,0.0,0.0,0.0,0.0,0.027423,0.025909,0.02742,0.0,0.025705,0.0,0.0,0.0,0.0,0.05973,0.0,0.0,0.0,0.0,0.0,0.0,0.0,0.103786,0.004093
2023-08-31,0.096818,0.0,0.0,0.0,0.0,0.0,0.097028,0.082405,0.0,0.014549,0.090707,0.097169,0.0,0.0,0.0,0.023887,0.048293,0.048408,0.0,0.096732,0.0,0.0,0.049252,0.0,0.02589,0.026261,0.026258,0.0,0.016491,0.0,0.0,0.0,0.0,0.097179,0.0,0.0,0.0,0.0,0.0,0.0,0.0,0.053709,0.008966
2023-09-01,0.096584,0.0,0.0,0.0,0.0,0.0,0.098645,0.08271,0.0,0.01469,0.089936,0.096032,0.0,0.0,0.0,0.024417,0.04843,0.048415,0.0,0.097897,0.0,0.0,0.048714,0.0,0.025906,0.026266,0.026317,0.0,0.016451,0.0,0.0,0.0,0.0,0.097122,0.0,0.0,0.0,0.0,0.0,0.0,0.0,0.052522,0.008945
2023-09-04,0.096563,0.0,0.0,0.0,0.0,0.0,0.098646,0.082712,0.0,0.01469,0.089938,0.096034,0.0,0.0,0.0,0.024418,0.048431,0.048416,0.0,0.097899,0.0,0.0,0.048715,0.0,0.025907,0.026266,0.026317,0.0,0.016451,0.0,0.0,0.0,0.0,0.097124,0.0,0.0,0.0,0.0,0.0,0.0,0.0,0.052523,0.008949
2023-09-05,0.096951,0.0,0.0,0.0,0.0,0.0,0.098473,0.083516,0.0,0.014691,0.090651,0.096713,0.0,0.0,0.0,0.024457,0.04796,0.0477,0.0,0.094086,0.0,0.0,0.048645,0.0,0.026187,0.026447,0.026636,0.0,0.016477,0.0,0.0,0.0,0.0,0.098454,0.0,0.0,0.0,0.0,0.0,0.0,0.0,0.052942,0.009013
2023-09-06,0.096475,0.0,0.0,0.0,0.0,0.0,0.097583,0.083497,0.0,0.014574,0.09019,0.096781,0.0,0.0,0.0,0.024544,0.047937,0.047495,0.0,0.095421,0.0,0.0,0.048777,0.0,0.02601,0.026357,0.026777,0.0,0.016466,0.0,0.0,0.0,0.0,0.098922,0.0,0.0,0.0,0.0,0.0,0.0,0.0,0.053146,0.009049
2023-09-07,0.096469,0.0,0.0,0.0,0.0,0.0,0.095855,0.08437,0.0,0.014535,0.090608,0.096784,0.0,0.0,0.0,0.024588,0.047868,0.047366,0.0,0.09631,0.0,0.0,0.048983,0.0,0.025681,0.025801,0.026763,0.0,0.016302,0.0,0.0,0.0,0.0,0.098923,0.0,0.0,0.0,0.0,0.0,0.0,0.0,0.053728,0.009068
2023-09-08,0.096579,0.0,0.0,0.0,0.0,0.0,0.096978,0.085073,0.0,0.014515,0.09041,0.096862,0.0,0.0,0.0,0.024816,0.047524,0.047237,0.0,0.09567,0.0,0.0,0.048938,0.0,0.025678,0.025611,0.026753,0.0,0.016093,0.0,0.0,0.0,0.0,0.098481,0.0,0.0,0.0,0.0,0.0,0.0,0.0,0.053732,0.009052
2023-09-11,0.096088,0.0,0.0,0.0,0.0,0.0,0.098605,0.085256,0.0,0.014636,0.092141,0.09758,0.0,0.0,0.0,0.024145,0.047179,0.047206,0.0,0.095643,0.0,0.0,0.048988,0.0,0.025617,0.025403,0.026766,0.0,0.016027,0.0,0.0,0.0,0.0,0.098453,0.0,0.0,0.0,0.0,0.0,0.0,0.0,0.051285,0.008984
2023-09-12,0.096452,0.0,0.0,0.0,0.0,0.0,0.099381,0.084846,0.0,0.014514,0.091673,0.096949,0.0,0.0,0.0,0.024828,0.047198,0.047069,0.0,0.093954,0.0,0.0,0.048763,0.0,0.025253,0.025289,0.0261,0.0,0.015986,0.0,0.0,0.0,0.0,0.098984,0.0,0.0,0.0,0.0,0.0,0.0,0.0,0.053741,0.00902
2023-09-13,0.096299,0.0,0.0,0.0,0.0,0.0,0.100352,0.084826,0.0,0.014499,0.092275,0.097136,0.0,0.0,0.0,0.024507,0.046821,0.046905,0.0,0.092837,0.0,0.0,0.048847,0.0,0.025283,0.025384,0.026119,0.0,0.015865,0.0,0.0,0.0,0.0,0.099165,0.0,0.0,0.0,0.0,0.0,0.0,0.0,0.053869,0.009008
2023-09-14,0.095937,0.0,0.0,0.0,0.0,0.0,0.101201,0.08422,0.0,0.014539,0.09223,0.097483,0.0,0.0,0.0,0.024377,0.0468,0.046876,0.0,0.093304,0.0,0.0,0.048839,0.0,0.025206,0.025305,0.02598,0.0,0.015801,0.0,0.0,0.0,0.0,0.098596,0.0,0.0,0.0,0.0,0.0,0.0,0.0,0.054391,0.008918
2023-09-15,0.096455,0.0,0.0,0.0,0.0,0.0,0.101751,0.0848,0.0,0.014747,0.09154,0.097129,0.0,0.0,0.0,0.024197,0.046985,0.047114,0.0,0.091574,0.0,0.0,0.04891,0.0,0.024964,0.024815,0.025739,0.0,0.015727,0.0,0.0,0.0,0.0,0.100144,0.0,0.0,0.0,0.0,0.0,0.0,0.0,0.054403,0.009007
2023-09-18,0.096267,0.0,0.0,0.0,0.0,0.0,0.10183,0.08496,0.0,0.014788,0.090614,0.097273,0.0,0.0,0.0,0.024222,0.047074,0.046681,0.0,0.092028,0.0,0.0,0.048931,0.0,0.025103,0.024919,0.025749,0.0,0.015795,0.0,0.0,0.0,0.0,0.099504,0.0,0.0,0.0,0.0,0.0,0.0,0.0,0.055247,0.009015
2023-09-19,0.095863,0.0,0.0,0.0,0.0,0.0,0.101299,0.084778,0.0,0.014656,0.090307,0.097503,0.0,0.0,0.0,0.023994,0.046952,0.046736,0.0,0.092324,0.0,0.0,0.048894,0.0,0.025131,0.024749,0.025759,0.0,0.015734,0.0,0.0,0.0,0.0,0.10007,0.0,0.0,0.0,0.0,0.0,0.0,0.0,0.056221,0.009032
2023-09-20,0.096968,0.0,0.0,0.0,0.0,0.0,0.102582,0.084959,0.0,0.014623,0.089839,0.096637,0.0,0.0,0.0,0.023739,0.046993,0.046783,0.0,0.091897,0.0,0.0,0.049178,0.0,0.024855,0.02446,0.02565,0.0,0.015635,0.0,0.0,0.0,0.0,0.100282,0.0,0.0,0.0,0.0,0.0,0.0,0.0,0.055846,0.009074
2023-09-21,0.096771,0.0,0.0,0.0,0.0,0.0,0.10106,0.085793,0.0,0.014516,0.089098,0.097315,0.0,0.0,0.0,0.023923,0.047129,0.047052,0.0,0.090981,0.0,0.0,0.049495,0.0,0.024956,0.024479,0.025537,0.0,0.015541,0.0,0.0,0.0,0.0,0.100818,0.0,0.0,0.0,0.0,0.0,0.0,0.0,0.056281,0.009255
2023-09-22,0.096846,0.0,0.0,0.0,0.0,0.0,0.101139,0.086,0.0,0.014613,0.088375,0.097365,0.0,0.0,0.0,0.023894,0.047049,0.046828,0.0,0.091279,0.0,0.0,0.049314,0.0,0.025052,0.024726,0.025625,0.0,0.015638,0.0,0.0,0.0,0.0,0.100809,0.0,0.0,0.0,0.0,0.0,0.0,0.0,0.056173,0.009273
2023-09-25,0.096176,0.0,0.0,0.0,0.0,0.0,0.100574,0.086279,0.0,0.014568,0.088907,0.09759,0.0,0.0,0.0,0.024331,0.047278,0.047058,0.0,0.091475,0.0,0.0,0.049132,0.0,0.02513,0.024903,0.025617,0.0,0.015668,0.0,0.0,0.0,0.0,0.100289,0.0,0.0,0.0,0.0,0.0,0.0,0.0,0.055753,0.009274
2023-09-26,0.096437,0.0,0.0,0.0,0.0,0.0,0.09993,0.086726,0.0,0.014279,0.088353,0.097685,0.0,0.0,0.0,0.024522,0.047126,0.046803,0.0,0.091244,0.0,0.0,0.049362,0.0,0.024979,0.02475,0.025517,0.0,0.015537,0.0,0.0,0.0,0.0,0.10114,0.0,0.0,0.0,0.0,0.0,0.0,0.0,0.056225,0.009387
2023-09-27,0.096172,0.0,0.0,0.0,0.0,0.0,0.098687,0.08723,0.0,0.014279,0.087989,0.097913,0.0,0.0,0.0,0.02524,0.047463,0.046843,0.0,0.091441,0.0,0.0,0.048942,0.0,0.02501,0.024961,0.025682,0.0,0.015719,0.0,0.0,0.0,0.0,0.100832,0.0,0.0,0.0,0.0,0.0,0.0,0.0,0.056209,0.009386
2023-09-28,0.095823,0.0,0.0,0.0,0.0,0.0,0.099002,0.0857,0.0,0.014269,0.088084,0.098005,0.0,0.0,0.0,0.025123,0.047189,0.047017,0.0,0.092038,0.0,0.0,0.048602,0.0,0.024936,0.025169,0.02562,0.0,0.015754,0.0,0.0,0.0,0.0,0.100703,0.0,0.0,0.0,0.0,0.0,0.0,0.0,0.057672,0.009294
2023-09-29,0.08906,0.0,0.0,0.0,0.0,0.0,0.089406,0.089496,0.0,0.0,0.08942,0.089266,0.0,0.0,0.011734,0.077385,0.044191,0.044635,0.0,0.089175,0.0,0.0,0.0,0.0,0.023309,0.023038,0.023779,0.01797,0.0,0.0,0.0,0.030502,0.0582,0.084441,0.0,0.0,0.0,0.0,0.0,0.0,0.0,0.019966,0.005027
2023-10-02,0.089056,0.0,0.0,0.0,0.0,0.0,0.08829,0.090122,0.0,0.0,0.090138,0.090583,0.0,0.0,0.011583,0.075346,0.044076,0.044549,0.0,0.088915,0.0,0.0,0.0,0.0,0.023729,0.023321,0.024084,0.018156,0.0,0.0,0.0,0.0304,0.055969,0.085726,0.0,0.0,0.0,0.0,0.0,0.0,0.0,0.020892,0.005065
2023-10-03,0.08884,0.0,0.0,0.0,0.0,0.0,0.086883,0.090978,0.0,0.0,0.089305,0.090745,0.0,0.0,0.011754,0.076223,0.044445,0.044815,0.0,0.087536,0.0,0.0,0.0,0.0,0.023687,0.023192,0.023843,0.018097,0.0,0.0,0.0,0.030781,0.056893,0.086205,0.0,0.0,0.0,0.0,0.0,0.0,0.0,0.020635,0.005143
2023-10-04,0.088901,0.0,0.0,0.0,0.0,0.0,0.086934,0.090648,0.0,0.0,0.090902,0.091442,0.0,0.0,0.011365,0.073061,0.044507,0.044911,0.0,0.088619,0.0,0.0,0.0,0.0,0.023939,0.023457,0.024184,0.018108,0.0,0.0,0.0,0.030722,0.05641,0.085847,0.0,0.0,0.0,0.0,0.0,0.0,0.0,0.020909,0.005135
2023-10-05,0.089174,0.0,0.0,0.0,0.0,0.0,0.086698,0.091344,0.0,0.0,0.090544,0.091414,0.0,0.0,0.011306,0.073229,0.044291,0.044783,0.0,0.088248,0.0,0.0,0.0,0.0,0.023996,0.023368,0.02418,0.018071,0.0,0.0,0.0,0.030698,0.056295,0.086422,0.0,0.0,0.0,0.0,0.0,0.0,0.0,0.020798,0.00514
2023-10-06,0.089048,0.0,0.0,0.0,0.0,0.0,0.08637,0.091081,0.0,0.0,0.090061,0.091955,0.0,0.0,0.011235,0.073651,0.044346,0.044683,0.0,0.087567,0.0,0.0,0.0,0.0,0.024146,0.023577,0.024528,0.018316,0.0,0.0,0.0,0.030478,0.05699,0.085919,0.0,0.0,0.0,0.0,0.0,0.0,0.0,0.020968,0.005079
2023-10-09,0.088543,0.0,0.0,0.0,0.0,0.0,0.086943,0.089338,0.0,0.0,0.089414,0.092179,0.0,0.0,0.011514,0.076077,0.044671,0.044364,0.0,0.087801,0.0,0.0,0.0,0.0,0.024071,0.023325,0.024488,0.01834,0.0,0.0,0.0,0.030782,0.057466,0.085172,0.0,0.0,0.0,0.0,0.0,0.0,0.0,0.020475,0.005038
2023-10-10,0.089489,0.0,0.0,0.0,0.0,0.0,0.088556,0.089562,0.0,0.0,0.089602,0.0919,0.0,0.0,0.011427,0.075641,0.044549,0.044517,0.0,0.088105,0.0,0.0,0.0,0.0,0.023897,0.023417,0.024387,0.018301,0.0,0.0,0.0,0.030462,0.056737,0.084349,0.0,0.0,0.0,0.0,0.0,0.0,0.0,0.020109,0.004994
2023-10-11,0.088998,0.0,0.0,0.0,0.0,0.0,0.088669,0.089477,0.0,0.0,0.089657,0.092464,0.0,0.0,0.011247,0.075293,0.044684,0.044495,0.0,0.088845,0.0,0.0,0.0,0.0,0.024047,0.023524,0.024451,0.01831,0.0,0.0,0.0,0.030594,0.057136,0.083554,0.0,0.0,0.0,0.0,0.0,0.0,0.0,0.019575,0.00498
2023-10-12,0.089982,0.0,0.0,0.0,0.0,0.0,0.087754,0.089619,0.0,0.0,0.08954,0.09226,0.0,0.0,0.011369,0.076051,0.044709,0.044398,0.0,0.085565,0.0,0.0,0.0,0.0,0.024304,0.023813,0.024586,0.018286,0.0,0.0,0.0,0.030797,0.057062,0.085153,0.0,0.0,0.0,0.0,0.0,0.0,0.0,0.019721,0.005029
2023-10-13,0.088997,0.0,0.0,0.0,0.0,0.0,0.087997,0.089852,0.0,0.0,0.088176,0.091176,0.0,0.0,0.011613,0.077613,0.044288,0.043611,0.0,0.085654,0.0,0.0,0.0,0.0,0.023942,0.023152,0.024303,0.018185,0.0,0.0,0.0,0.031769,0.059373,0.0855,0.0,0.0,0.0,0.0,0.0,0.0,0.0,0.019769,0.005027
2023-10-16,0.088792,0.0,0.0,0.0,0.0,0.0,0.088615,0.089495,0.0,0.0,0.088647,0.091658,0.0,0.0,0.011567,0.077562,0.044282,0.043907,0.0,0.085494,0.0,0.0,0.0,0.0,0.023915,0.02323,0.02432,0.018285,0.0,0.0,0.0,0.031278,0.058458,0.084668,0.0,0.0,0.0,0.0,0.0,0.0,0.0,0.020851,0.004975
2023-10-17,0.088629,0.0,0.0,0.0,0.0,0.0,0.087982,0.089253,0.0,0.0,0.088596,0.091712,0.0,0.0,0.011653,0.078247,0.04429,0.044001,0.0,0.085389,0.0,0.0,0.0,0.0,0.023734,0.022993,0.024372,0.018239,0.0,0.0,0.0,0.031244,0.058964,0.084925,0.0,0.0,0.0,0.0,0.0,0.0,0.0,0.020818,0.004961
2023-10-18,0.08876,0.0,0.0,0.0,0.0,0.0,0.08751,0.089228,0.0,0.0,0.087567,0.091224,0.0,0.0,0.011902,0.079792,0.043745,0.043092,0.0,0.084082,0.0,0.0,0.0,0.0,0.023776,0.022853,0.024297,0.018271,0.0,0.0,0.0,0.032082,0.059765,0.086193,0.0,0.0,0.0,0.0,0.0,0.0,0.0,0.020839,0.005021
2023-10-19,0.088541,0.0,0.0,0.0,0.0,0.0,0.087878,0.089855,0.0,0.0,0.085717,0.091542,0.0,0.0,0.011935,0.080002,0.043538,0.043006,0.0,0.082916,0.0,0.0,0.0,0.0,0.023747,0.022603,0.024254,0.018136,0.0,0.0,0.0,0.032623,0.060495,0.086781,0.0,0.0,0.0,0.0,0.0,0.0,0.0,0.021385,0.005045
2023-10-20,0.087737,0.0,0.0,0.0,0.0,0.0,0.088094,0.089843,0.0,0.0,0.085047,0.091406,0.0,0.0,0.011827,0.07927,0.043425,0.043443,0.0,0.082956,0.0,0.0,0.0,0.0,0.023528,0.02245,0.023826,0.017891,0.0,0.0,0.0,0.032968,0.061806,0.08726,0.0,0.0,0.0,0.0,0.0,0.0,0.0,0.022139,0.005085
2023-10-23,0.087992,0.0,0.0,0.0,0.0,0.0,0.087879,0.089277,0.0,0.0,0.08531,0.092062,0.0,0.0,0.011657,0.078262,0.043305,0.042989,0.0,0.083711,0.0,0.0,0.0,0.0,0.0236,0.022365,0.023873,0.017793,0.0,0.0,0.0,0.032919,0.06091,0.087466,0.0,0.0,0.0,0.0,0.0,0.0,0.0,0.023533,0.005096
2023-10-24,0.087575,0.0,0.0,0.0,0.0,0.0,0.088649,0.089073,0.0,0.0,0.085768,0.092661,0.0,0.0,0.011433,0.077236,0.043402,0.042794,0.0,0.082941,0.0,0.0,0.0,0.0,0.023638,0.022549,0.023965,0.01795,0.0,0.0,0.0,0.032742,0.060505,0.086928,0.0,0.0,0.0,0.0,0.0,0.0,0.0,0.025121,0.00507
2023-10-25,0.088371,0.0,0.0,0.0,0.0,0.0,0.088883,0.089202,0.0,0.0,0.08513,0.089803,0.0,0.0,0.011561,0.078119,0.043403,0.042476,0.0,0.082667,0.0,0.0,0.0,0.0,0.023663,0.02192,0.023626,0.017736,0.0,0.0,0.0,0.033309,0.061059,0.087658,0.0,0.0,0.0,0.0,0.0,0.0,0.0,0.026277,0.005137
2023-10-26,0.087715,0.0,0.0,0.0,0.0,0.0,0.091141,0.08868,0.0,0.0,0.084323,0.088395,0.0,0.0,0.011542,0.078242,0.043491,0.041807,0.0,0.084079,0.0,0.0,0.0,0.0,0.023356,0.021925,0.023531,0.017734,0.0,0.0,0.0,0.033569,0.061176,0.088367,0.0,0.0,0.0,0.0,0.0,0.0,0.0,0.025756,0.00517
2023-10-27,0.0876,0.0,0.0,0.0,0.0,0.0,0.089566,0.089255,0.0,0.0,0.0853,0.088171,0.0,0.0,0.011278,0.077287,0.043154,0.041398,0.0,0.083776,0.0,0.0,0.0,0.0,0.023517,0.022186,0.023547,0.017773,0.0,0.0,0.0,0.033997,0.062213,0.089274,0.0,0.0,0.0,0.0,0.0,0.0,0.0,0.02553,0.005177
2023-10-30,0.087352,0.0,0.0,0.0,0.0,0.0,0.087909,0.089586,0.0,0.0,0.085662,0.08955,0.0,0.0,0.01126,0.076643,0.043478,0.042209,0.0,0.084018,0.0,0.0,0.0,0.0,0.023654,0.021782,0.023744,0.017715,0.0,0.0,0.0,0.033641,0.062378,0.088236,0.0,0.0,0.0,0.0,0.0,0.0,0.0,0.02603,0.005152
2023-10-31,0.06712,0.0,0.059765,0.0,0.0,0.0,0.067473,0.067265,0.0,0.0,0.067339,0.067272,0.032807,0.0,0.033715,0.032943,0.044999,0.0,0.0,0.067041,0.0,0.0,0.0,0.0,0.018229,0.010933,0.018303,0.018592,0.0,0.0,0.0,0.0,0.0,0.067337,0.0,0.0,0.0,0.067391,0.067449,0.0,0.067033,0.052345,0.004649
2023-11-01,0.066951,0.0,0.060109,0.0,0.0,0.0,0.068714,0.06676,0.0,0.0,0.06741,0.067497,0.032651,0.0,0.033259,0.032514,0.04464,0.0,0.0,0.068619,0.0,0.0,0.0,0.0,0.018374,0.011065,0.018247,0.018397,0.0,0.0,0.0,0.0,0.0,0.066494,0.0,0.0,0.0,0.067218,0.067331,0.0,0.067155,0.051997,0.004598
2023-11-02,0.067243,0.0,0.06003,0.0,0.0,0.0,0.069458,0.06625,0.0,0.0,0.067968,0.067202,0.032842,0.0,0.03367,0.032778,0.044767,0.0,0.0,0.06973,0.0,0.0,0.0,0.0,0.01836,0.01112,0.018243,0.018243,0.0,0.0,0.0,0.0,0.0,0.066112,0.0,0.0,0.0,0.066351,0.066906,0.0,0.066649,0.05156,0.004518
2023-11-03,0.067686,0.0,0.060448,0.0,0.0,0.0,0.069541,0.066059,0.0,0.0,0.068227,0.067544,0.032939,0.0,0.032995,0.032209,0.044707,0.0,0.0,0.071254,0.0,0.0,0.0,0.0,0.018362,0.011297,0.018249,0.018291,0.0,0.0,0.0,0.0,0.0,0.065915,0.0,0.0,0.0,0.066017,0.066877,0.0,0.066622,0.050289,0.004472
2023-11-06,0.067733,0.0,0.059847,0.0,0.0,0.0,0.070012,0.066318,0.0,0.0,0.068517,0.067566,0.03294,0.0,0.03272,0.031446,0.044722,0.0,0.0,0.070702,0.0,0.0,0.0,0.0,0.018538,0.01131,0.018261,0.018222,0.0,0.0,0.0,0.0,0.0,0.06629,0.0,0.0,0.0,0.066043,0.066808,0.0,0.06627,0.05125,0.004487
2023-11-07,0.067676,0.0,0.059185,0.0,0.0,0.0,0.070358,0.06622,0.0,0.0,0.069148,0.067796,0.032828,0.0,0.031933,0.030496,0.044525,0.0,0.0,0.071444,0.0,0.0,0.0,0.0,0.018705,0.01136,0.018594,0.018431,0.0,0.0,0.0,0.0,0.0,0.065278,0.0,0.0,0.0,0.066094,0.066688,0.0,0.066366,0.052394,0.00448
2023-11-08,0.067699,0.0,0.058355,0.0,0.0,0.0,0.069966,0.066567,0.0,0.0,0.069138,0.067645,0.03295,0.0,0.031612,0.029916,0.044739,0.0,0.0,0.071588,0.0,0.0,0.0,0.0,0.018858,0.0114,0.018767,0.018462,0.0,0.0,0.0,0.0,0.0,0.065738,0.0,0.0,0.0,0.066406,0.066892,0.0,0.066661,0.052149,0.004492
2023-11-09,0.068307,0.0,0.058848,0.0,0.0,0.0,0.069888,0.066411,0.0,0.0,0.068135,0.067912,0.032952,0.0,0.03165,0.029832,0.044831,0.0,0.0,0.070902,0.0,0.0,0.0,0.0,0.01885,0.011394,0.018687,0.018467,0.0,0.0,0.0,0.0,0.0,0.065631,0.0,0.0,0.0,0.066126,0.066759,0.0,0.06626,0.053649,0.004511
2023-11-10,0.067169,0.0,0.058776,0.0,0.0,0.0,0.070415,0.066365,0.0,0.0,0.068519,0.068244,0.032965,0.0,0.031653,0.029838,0.044987,0.0,0.0,0.071692,0.0,0.0,0.0,0.0,0.019133,0.011725,0.018945,0.018611,0.0,0.0,0.0,0.0,0.0,0.064657,0.0,0.0,0.0,0.065436,0.066359,0.0,0.06583,0.05422,0.004462
2023-11-13,0.067802,0.0,0.058743,0.0,0.0,0.0,0.070259,0.066257,0.0,0.0,0.068808,0.068091,0.032915,0.0,0.031879,0.030073,0.045024,0.0,0.0,0.071347,0.0,0.0,0.0,0.0,0.01902,0.01161,0.018963,0.01867,0.0,0.0,0.0,0.0,0.0,0.065592,0.0,0.0,0.0,0.065388,0.066293,0.0,0.065476,0.053326,0.004463
2023-11-14,0.068067,0.0,0.058868,0.0,0.0,0.0,0.07128,0.066072,0.0,0.0,0.06989,0.067994,0.032954,0.0,0.031605,0.03004,0.045129,0.0,0.0,0.074445,0.0,0.0,0.0,0.0,0.019063,0.01183,0.019145,0.018923,0.0,0.0,0.0,0.0,0.0,0.064135,0.0,0.0,0.0,0.064779,0.065801,0.0,0.065456,0.050138,0.004386
2023-11-15,0.068107,0.0,0.058251,0.0,0.0,0.0,0.071531,0.065666,0.0,0.0,0.06976,0.068119,0.033034,0.0,0.031449,0.029982,0.045086,0.0,0.0,0.07379,0.0,0.0,0.0,0.0,0.019029,0.01188,0.01898,0.018826,0.0,0.0,0.0,0.0,0.0,0.064055,0.0,0.0,0.0,0.064303,0.06539,0.0,0.064851,0.053535,0.004373
2023-11-16,0.067983,0.0,0.058689,0.0,0.0,0.0,0.071972,0.065992,0.0,0.0,0.069326,0.0687,0.033303,0.0,0.030961,0.029236,0.045278,0.0,0.0,0.074065,0.0,0.0,0.0,0.0,0.019202,0.011934,0.019065,0.018639,0.0,0.0,0.0,0.0,0.0,0.063825,0.0,0.0,0.0,0.064801,0.065744,0.0,0.065655,0.051235,0.004392
2023-11-17,0.068028,0.0,0.059303,0.0,0.0,0.0,0.071223,0.065758,0.0,0.0,0.069434,0.068341,0.033304,0.0,0.031449,0.029728,0.045335,0.0,0.0,0.074175,0.0,0.0,0.0,0.0,0.019065,0.011957,0.019029,0.018752,0.0,0.0,0.0,0.0,0.0,0.063385,0.0,0.0,0.0,0.064539,0.065558,0.0,0.06553,0.051734,0.004371
2023-11-20,0.067973,0.0,0.058898,0.0,0.0,0.0,0.07214,0.065299,0.0,0.0,0.069303,0.068628,0.033204,0.0,0.031274,0.029566,0.045155,0.0,0.0,0.073954,0.0,0.0,0.0,0.0,0.019206,0.012048,0.019186,0.018819,0.0,0.0,0.0,0.0,0.0,0.063113,0.0,0.0,0.0,0.064278,0.06517,0.0,0.065482,0.052966,0.004341
2023-11-21,0.068217,0.0,0.05889,0.0,0.0,0.0,0.071648,0.065578,0.0,0.0,0.069406,0.068673,0.033319,0.0,0.03133,0.029421,0.045304,0.0,0.0,0.073418,0.0,0.0,0.0,0.0,0.019128,0.011871,0.019257,0.018911,0.0,0.0,0.0,0.0,0.0,0.063484,0.0,0.0,0.0,0.064403,0.065522,0.0,0.065748,0.052114,0.004359
2023-11-22,0.068205,0.0,0.05905,0.0,0.0,0.0,0.071331,0.065563,0.0,0.0,0.069371,0.068992,0.033334,0.0,0.031205,0.029331,0.045241,0.0,0.0,0.073481,0.0,0.0,0.0,0.0,0.019145,0.011867,0.019185,0.018828,0.0,0.0,0.0,0.0,0.0,0.062945,0.0,0.0,0.0,0.064237,0.065403,0.0,0.065839,0.053104,0.004344
2023-11-23,0.068331,0.0,0.059042,0.0,0.0,0.0,0.071321,0.065554,0.0,0.0,0.069361,0.068982,0.033329,0.0,0.0312,0.029328,0.045235,0.0,0.0,0.073471,0.0,0.0,0.0,0.0,0.019142,0.011865,0.019182,0.018826,0.0,0.0,0.0,0.0,0.0,0.062936,0.0,0.0,0.0,0.064228,0.065394,0.0,0.06583,0.053097,0.004344
2023-11-24,0.068383,0.0,0.059166,0.0,0.0,0.0,0.071355,0.065537,0.0,0.0,0.06944,0.068762,0.033439,0.0,0.031335,0.029466,0.045354,0.0,0.0,0.073748,0.0,0.0,0.0,0.0,0.019109,0.011876,0.019248,0.018973,0.0,0.0,0.0,0.0,0.0,0.062006,0.0,0.0,0.0,0.063969,0.065336,0.0,0.065711,0.053442,0.004345
2023-11-27,0.068502,0.0,0.059325,0.0,0.0,0.0,0.071562,0.065621,0.0,0.0,0.069794,0.068574,0.033442,0.0,0.031333,0.029314,0.045256,0.0,0.0,0.073766,0.0,0.0,0.0,0.0,0.019174,0.0119,0.019307,0.019047,0.0,0.0,0.0,0.0,0.0,0.061794,0.0,0.0,0.0,0.064402,0.06566,0.0,0.066227,0.051636,0.004362
2023-11-28,0.068332,0.0,0.05897,0.0,0.0,0.0,0.071924,0.065817,0.0,0.0,0.069787,0.068339,0.033238,0.0,0.031158,0.029063,0.044885,0.0,0.0,0.07287,0.0,0.0,0.0,0.0,0.019099,0.011762,0.019305,0.018986,0.0,0.0,0.0,0.0,0.0,0.062429,0.0,0.0,0.0,0.064278,0.065564,0.0,0.06618,0.053678,0.004336
2023-11-29,0.068198,0.0,0.058879,0.0,0.0,0.0,0.071187,0.065981,0.0,0.0,0.069557,0.067806,0.033454,0.0,0.030908,0.028936,0.045029,0.0,0.0,0.07348,0.0,0.0,0.0,0.0,0.019102,0.011882,0.019604,0.019324,0.0,0.0,0.0,0.0,0.0,0.062791,0.0,0.0,0.0,0.064497,0.065882,0.0,0.066666,0.052504,0.004334
2023-11-30,0.06377,0.0,0.068552,0.0,0.0,0.0,0.068485,0.068327,0.0,0.0,0.043902,0.068222,0.040274,0.027969,0.034048,0.033578,0.0,0.0,0.0,0.0,0.0,0.0,0.0,0.0,0.017182,0.015309,0.016983,0.017167,0.0,0.0,0.0,0.068589,0.0,0.068617,0.0,0.0,0.0,0.068397,0.068382,0.0,0.068177,0.068615,0.005456
2023-12-01,0.063656,0.0,0.068519,0.0,0.0,0.0,0.068621,0.068205,0.0,0.0,0.044059,0.067679,0.040173,0.02885,0.033884,0.033509,0.0,0.0,0.0,0.0,0.0,0.0,0.0,0.0,0.01705,0.015227,0.017047,0.017201,0.0,0.0,0.0,0.069078,0.0,0.067141,0.0,0.0,0.0,0.068062,0.068262,0.0,0.068533,0.069841,0.005402
2023-12-04,0.063341,0.0,0.067549,0.0,0.0,0.0,0.067156,0.068924,0.0,0.0,0.043938,0.067071,0.040171,0.029237,0.033764,0.033141,0.0,0.0,0.0,0.0,0.0,0.0,0.0,0.0,0.01686,0.015072,0.016854,0.017346,0.0,0.0,0.0,0.067656,0.0,0.067089,0.0,0.0,0.0,0.067849,0.068162,0.0,0.068131,0.075284,0.005408
2023-12-05,0.063325,0.0,0.067104,0.0,0.0,0.0,0.067139,0.069354,0.0,0.0,0.043887,0.066566,0.039854,0.028755,0.033077,0.032318,0.0,0.0,0.0,0.0,0.0,0.0,0.0,0.0,0.016911,0.014943,0.016802,0.01722,0.0,0.0,0.0,0.067204,0.0,0.066985,0.0,0.0,0.0,0.068018,0.068026,0.0,0.068327,0.078791,0.005392
2023-12-06,0.06351,0.0,0.067966,0.0,0.0,0.0,0.067097,0.069619,0.0,0.0,0.044054,0.066548,0.039748,0.028816,0.03266,0.031522,0.0,0.0,0.0,0.0,0.0,0.0,0.0,0.0,0.016808,0.014886,0.016668,0.017243,0.0,0.0,0.0,0.06761,0.0,0.065739,0.0,0.0,0.0,0.068249,0.068195,0.0,0.068866,0.078794,0.005405
2023-12-07,0.063404,0.0,0.068262,0.0,0.0,0.0,0.066798,0.069567,0.0,0.0,0.044272,0.06772,0.039806,0.029214,0.032331,0.031402,0.0,0.0,0.0,0.0,0.0,0.0,0.0,0.0,0.016956,0.015235,0.016701,0.017265,0.0,0.0,0.0,0.0675,0.0,0.065919,0.0,0.0,0.0,0.067967,0.068088,0.0,0.068569,0.077633,0.00539
2023-12-08,0.063348,0.0,0.067615,0.0,0.0,0.0,0.06705,0.069095,0.0,0.0,0.044313,0.067791,0.03987,0.029428,0.032561,0.031675,0.0,0.0,0.0,0.0,0.0,0.0,0.0,0.0,0.017039,0.015299,0.016779,0.017335,0.0,0.0,0.0,0.066356,0.0,0.066103,0.0,0.0,0.0,0.067636,0.067706,0.0,0.068084,0.079546,0.005371
2023-12-11,0.063952,0.0,0.068446,0.0,0.0,0.0,0.067308,0.069913,0.0,0.0,0.044721,0.067711,0.040375,0.029606,0.032814,0.031865,0.0,0.0,0.0,0.0,0.0,0.0,0.0,0.0,0.017299,0.015924,0.017061,0.017674,0.0,0.0,0.0,0.066052,0.0,0.066199,0.0,0.0,0.0,0.067936,0.068103,0.0,0.068418,0.073215,0.005408
2023-12-12,0.064144,0.0,0.068319,0.0,0.0,0.0,0.066601,0.069618,0.0,0.0,0.04484,0.067962,0.040646,0.029456,0.032349,0.031169,0.0,0.0,0.0,0.0,0.0,0.0,0.0,0.0,0.017407,0.016032,0.017084,0.017888,0.0,0.0,0.0,0.065987,0.0,0.066596,0.0,0.0,0.0,0.067867,0.068226,0.0,0.06853,0.073872,0.005406
2023-12-13,0.063307,0.0,0.068181,0.0,0.0,0.0,0.06786,0.069274,0.0,0.0,0.044656,0.067435,0.0406,0.030386,0.032242,0.031402,0.0,0.0,0.0,0.0,0.0,0.0,0.0,0.0,0.017262,0.016003,0.016989,0.017772,0.0,0.0,0.0,0.06633,0.0,0.065076,0.0,0.0,0.0,0.067622,0.068091,0.0,0.068483,0.075716,0.005313
2023-12-14,0.063897,0.0,0.067212,0.0,0.0,0.0,0.068014,0.069157,0.0,0.0,0.044815,0.067071,0.040604,0.031405,0.032867,0.032184,0.0,0.0,0.0,0.0,0.0,0.0,0.0,0.0,0.017052,0.016286,0.016598,0.017676,0.0,0.0,0.0,0.06607,0.0,0.064977,0.0,0.0,0.0,0.067698,0.067726,0.0,0.068521,0.074908,0.005264
2023-12-15,0.064106,0.0,0.06691,0.0,0.0,0.0,0.067383,0.069374,0.0,0.0,0.045095,0.067181,0.040535,0.031114,0.032829,0.032175,0.0,0.0,0.0,0.0,0.0,0.0,0.0,0.0,0.017209,0.016415,0.016829,0.017973,0.0,0.0,0.0,0.065737,0.0,0.065427,0.0,0.0,0.0,0.067867,0.067859,0.0,0.068714,0.073981,0.005287
2023-12-18,0.063996,0.0,0.066586,0.0,0.0,0.0,0.068349,0.069399,0.0,0.0,0.045241,0.067809,0.04055,0.030802,0.032999,0.032486,0.0,0.0,0.0,0.0,0.0,0.0,0.0,0.0,0.01721,0.016321,0.016908,0.01797,0.0,0.0,0.0,0.065841,0.0,0.065296,0.0,0.0,0.0,0.067466,0.067703,0.0,0.068527,0.073269,0.005273
2023-12-19,0.063976,0.0,0.066373,0.0,0.0,0.0,0.068833,0.069339,0.0,0.0,0.045313,0.068075,0.040602,0.030999,0.033188,0.032682,0.0,0.0,0.0,0.0,0.0,0.0,0.0,0.0,0.017168,0.016307,0.016907,0.017998,0.0,0.0,0.0,0.065879,0.0,0.065046,0.0,0.0,0.0,0.067092,0.067476,0.0,0.068271,0.073236,0.00524
2023-12-20,0.064549,0.0,0.066489,0.0,0.0,0.0,0.067978,0.067922,0.0,0.0,0.04479,0.068011,0.040151,0.030544,0.033106,0.032416,0.0,0.0,0.0,0.0,0.0,0.0,0.0,0.0,0.017025,0.015931,0.016779,0.017798,0.0,0.0,0.0,0.065969,0.0,0.064714,0.0,0.0,0.0,0.067821,0.067946,0.0,0.068746,0.076039,0.005276
2023-12-21,0.063723,0.0,0.06713,0.0,0.0,0.0,0.068557,0.068484,0.0,0.0,0.045125,0.068158,0.040233,0.030605,0.032981,0.032539,0.0,0.0,0.0,0.0,0.0,0.0,0.0,0.0,0.017084,0.016247,0.016878,0.017844,0.0,0.0,0.0,0.065928,0.0,0.064127,0.0,0.0,0.0,0.067191,0.067733,0.0,0.068344,0.075847,0.005238
2023-12-22,0.063834,0.0,0.067228,0.0,0.0,0.0,0.069018,0.068651,0.0,0.0,0.044716,0.068051,0.04025,0.030693,0.033022,0.032559,0.0,0.0,0.0,0.0,0.0,0.0,0.0,0.0,0.017077,0.016272,0.01688,0.017888,0.0,0.0,0.0,0.066107,0.0,0.064326,0.0,0.0,0.0,0.066945,0.067539,0.0,0.068135,0.075577,0.00523
2023-12-26,0.063706,0.0,0.067072,0.0,0.0,0.0,0.069935,0.068754,0.0,0.0,0.044816,0.068177,0.040331,0.031038,0.033239,0.033004,0.0,0.0,0.0,0.0,0.0,0.0,0.0,0.0,0.017114,0.016526,0.0169,0.017942,0.0,0.0,0.0,0.066478,0.0,0.064473,0.0,0.0,0.0,0.066849,0.067534,0.0,0.068244,0.072646,0.00522
2023-12-27,0.063887,0.0,0.067105,0.0,0.0,0.0,0.069822,0.068847,0.0,0.0,0.044745,0.067845,0.040258,0.030856,0.032926,0.032701,0.0,0.0,0.0,0.0,0.0,0.0,0.0,0.0,0.017028,0.016486,0.016803,0.017809,0.0,0.0,0.0,0.066445,0.0,0.064212,0.0,0.0,0.0,0.066817,0.067473,0.0,0.068145,0.074593,0.005196
2023-12-28,0.064158,0.0,0.067718,0.0,0.0,0.0,0.069724,0.069318,0.0,0.0,0.044652,0.068245,0.040502,0.031007,0.032526,0.032253,0.0,0.0,0.0,0.0,0.0,0.0,0.0,0.0,0.017101,0.016506,0.01685,0.017842,0.0,0.0,0.0,0.066266,0.0,0.064567,0.0,0.0,0.0,0.06681,0.067468,0.0,0.068168,0.073106,0.005212
2023-12-29,0.069372,0.0,0.0,0.0,0.0,0.0,0.069587,0.069386,0.0,0.0,0.0,0.069139,0.041073,0.028157,0.0,0.059935,0.063574,0.0,0.051304,0.058531,0.0,0.0,0.0,0.0,0.018409,0.011404,0.018456,0.018925,0.0,0.0,0.0,0.034535,0.034683,0.069485,0.0,0.0,0.0,0.0,0.069376,0.0,0.069303,0.069558,0.005809
2024-01-02,0.068786,0.0,0.0,0.0,0.0,0.0,0.068528,0.069303,0.0,0.0,0.0,0.068865,0.041317,0.028314,0.0,0.060491,0.063038,0.0,0.0513,0.057915,0.0,0.0,0.0,0.0,0.017957,0.011011,0.017973,0.018474,0.0,0.0,0.0,0.034512,0.034533,0.069434,0.0,0.0,0.0,0.0,0.069259,0.0,0.068733,0.074435,0.005822
2024-01-03,0.068999,0.0,0.0,0.0,0.0,0.0,0.0694,0.069947,0.0,0.0,0.0,0.069359,0.041415,0.027844,0.0,0.061713,0.06278,0.0,0.051303,0.057238,0.0,0.0,0.0,0.0,0.017969,0.010893,0.017877,0.018413,0.0,0.0,0.0,0.034599,0.03396,0.069855,0.0,0.0,0.0,0.0,0.069828,0.0,0.069219,0.071504,0.005886
2024-01-04,0.069219,0.0,0.0,0.0,0.0,0.0,0.068639,0.070516,0.0,0.0,0.0,0.069093,0.04156,0.027997,0.0,0.060295,0.062828,0.0,0.051114,0.056918,0.0,0.0,0.0,0.0,0.017828,0.010796,0.017823,0.018308,0.0,0.0,0.0,0.034616,0.033976,0.070261,0.0,0.0,0.0,0.0,0.06952,0.0,0.068869,0.073942,0.005883
2024-01-05,0.069006,0.0,0.0,0.0,0.0,0.0,0.069313,0.070517,0.0,0.0,0.0,0.069269,0.04167,0.028236,0.0,0.060427,0.062799,0.0,0.051116,0.057297,0.0,0.0,0.0,0.0,0.017794,0.010838,0.017772,0.01825,0.0,0.0,0.0,0.034566,0.03413,0.069673,0.0,0.0,0.0,0.0,0.069462,0.0,0.068545,0.073445,0.005876
2024-01-08,0.068527,0.0,0.0,0.0,0.0,0.0,0.068787,0.06984,0.0,0.0,0.0,0.069671,0.041532,0.028222,0.0,0.059379,0.062604,0.0,0.050841,0.057899,0.0,0.0,0.0,0.0,0.018066,0.011084,0.018082,0.018451,0.0,0.0,0.0,0.033966,0.033675,0.06877,0.0,0.0,0.0,0.0,0.069181,0.0,0.067973,0.077632,0.005819
2024-01-09,0.068959,0.0,0.0,0.0,0.0,0.0,0.068048,0.069742,0.0,0.0,0.0,0.069772,0.041414,0.027989,0.0,0.058857,0.062627,0.0,0.050435,0.057893,0.0,0.0,0.0,0.0,0.018158,0.011126,0.018219,0.018823,0.0,0.0,0.0,0.034096,0.033585,0.069482,0.0,0.0,0.0,0.0,0.069531,0.0,0.067945,0.077461,0.00584
2024-01-10,0.069071,0.0,0.0,0.0,0.0,0.0,0.067847,0.070066,0.0,0.0,0.0,0.070317,0.041419,0.028015,0.0,0.057997,0.062853,0.0,0.050294,0.058754,0.0,0.0,0.0,0.0,0.018285,0.011072,0.018441,0.019084,0.0,0.0,0.0,0.033968,0.033439,0.069244,0.0,0.0,0.0,0.0,0.069554,0.0,0.068328,0.07612,0.005832
2024-01-11,0.068689,0.0,0.0,0.0,0.0,0.0,0.068135,0.070069,0.0,0.0,0.0,0.070035,0.041234,0.0277,0.0,0.057908,0.062659,0.0,0.050105,0.058945,0.0,0.0,0.0,0.0,0.018364,0.011105,0.018576,0.01928,0.0,0.0,0.0,0.034009,0.033222,0.069561,0.0,0.0,0.0,0.0,0.069725,0.0,0.068892,0.07596,0.005828
2024-01-12,0.069402,0.0,0.0,0.0,0.0,0.0,0.068563,0.071239,0.0,0.0,0.0,0.07045,0.041199,0.027495,0.0,0.058731,0.062718,0.0,0.050204,0.058422,0.0,0.0,0.0,0.0,0.018442,0.011067,0.018651,0.019427,0.0,0.0,0.0,0.034377,0.033847,0.069262,0.0,0.0,0.0,0.0,0.069868,0.0,0.069087,0.071713,0.005837
2024-01-15,0.06933,0.0,0.0,0.0,0.0,0.0,0.068569,0.071244,0.0,0.0,0.0,0.070455,0.041202,0.027497,0.0,0.058736,0.062722,0.0,0.050208,0.058427,0.0,0.0,0.0,0.0,0.018444,0.011068,0.018652,0.019429,0.0,0.0,0.0,0.034379,0.033849,0.069267,0.0,0.0,0.0,0.0,0.069874,0.0,0.069092,0.071718,0.005837
2024-01-16,0.069746,0.0,0.0,0.0,0.0,0.0,0.067372,0.07108,0.0,0.0,0.0,0.070685,0.041285,0.027335,0.0,0.057443,0.062649,0.0,0.050077,0.058597,0.0,0.0,0.0,0.0,0.018656,0.011326,0.018815,0.019525,0.0,0.0,0.0,0.03436,0.033783,0.070399,0.0,0.0,0.0,0.0,0.070058,0.0,0.069068,0.071848,0.005891
2024-01-17,0.069546,0.0,0.0,0.0,0.0,0.0,0.06748,0.070794,0.0,0.0,0.0,0.070786,0.041522,0.027425,0.0,0.05722,0.0627,0.0,0.050092,0.058692,0.0,0.0,0.0,0.0,0.018706,0.011307,0.018876,0.019498,0.0,0.0,0.0,0.03424,0.033537,0.070423,0.0,0.0,0.0,0.0,0.07029,0.0,0.069332,0.071599,0.005935
2024-01-18,0.069764,0.0,0.0,0.0,0.0,0.0,0.066654,0.070991,0.0,0.0,0.0,0.071483,0.041492,0.027504,0.0,0.057091,0.063399,0.0,0.050134,0.059292,0.0,0.0,0.0,0.0,0.019041,0.011654,0.019024,0.019689,0.0,0.0,0.0,0.034441,0.033718,0.071077,0.0,0.0,0.0,0.0,0.070272,0.0,0.069242,0.068116,0.005923
2024-01-19,0.069592,0.0,0.0,0.0,0.0,0.0,0.066222,0.071156,0.0,0.0,0.0,0.071872,0.041822,0.027952,0.0,0.056759,0.063303,0.0,0.049782,0.059475,0.0,0.0,0.0,0.0,0.019324,0.012013,0.019213,0.019709,0.0,0.0,0.0,0.034268,0.033224,0.07105,0.0,0.0,0.0,0.0,0.069828,0.0,0.06872,0.06884,0.005877
2024-01-22,0.070356,0.0,0.0,0.0,0.0,0.0,0.06495,0.071385,0.0,0.0,0.0,0.071987,0.042003,0.028385,0.0,0.056996,0.063767,0.0,0.049907,0.060577,0.0,0.0,0.0,0.0,0.019401,0.012047,0.019381,0.020038,0.0,0.0,0.0,0.034125,0.032487,0.071325,0.0,0.0,0.0,0.0,0.069854,0.0,0.068739,0.066414,0.005875
2024-01-23,0.070323,0.0,0.0,0.0,0.0,0.0,0.066371,0.070049,0.0,0.0,0.0,0.072935,0.042207,0.028242,0.0,0.057262,0.063925,0.0,0.050233,0.057828,0.0,0.0,0.0,0.0,0.019543,0.012167,0.019482,0.020078,0.0,0.0,0.0,0.03437,0.033093,0.072372,0.0,0.0,0.0,0.0,0.07,0.0,0.068609,0.065016,0.005895
2024-01-24,0.070976,0.0,0.0,0.0,0.0,0.0,0.066196,0.070633,0.0,0.0,0.0,0.073217,0.042274,0.028454,0.0,0.057867,0.063382,0.0,0.049438,0.056671,0.0,0.0,0.0,0.0,0.019632,0.012315,0.01943,0.019996,0.0,0.0,0.0,0.034007,0.033306,0.072745,0.0,0.0,0.0,0.0,0.069801,0.0,0.068261,0.065516,0.005882
2024-01-25,0.070371,0.0,0.0,0.0,0.0,0.0,0.06628,0.07004,0.0,0.0,0.0,0.073919,0.042204,0.028193,0.0,0.058492,0.063569,0.0,0.04963,0.057539,0.0,0.0,0.0,0.0,0.019584,0.0122,0.019356,0.019847,0.0,0.0,0.0,0.033917,0.033454,0.07193,0.0,0.0,0.0,0.0,0.069873,0.0,0.068296,0.06546,0.005845
2024-01-26,0.070334,0.0,0.0,0.0,0.0,0.0,0.066323,0.069821,0.0,0.0,0.0,0.073805,0.042156,0.0282,0.0,0.058603,0.063167,0.0,0.049413,0.057225,0.0,0.0,0.0,0.0,0.019266,0.011815,0.019231,0.019798,0.0,0.0,0.0,0.033733,0.033168,0.071756,0.0,0.0,0.0,0.0,0.069487,0.0,0.068072,0.068809,0.005818
2024-01-29,0.069746,0.0,0.0,0.0,0.0,0.0,0.065416,0.070479,0.0,0.0,0.0,0.073937,0.041989,0.028374,0.0,0.058269,0.063164,0.0,0.049334,0.057434,0.0,0.0,0.0,0.0,0.019316,0.01186,0.019485,0.019965,0.0,0.0,0.0,0.033749,0.033504,0.070955,0.0,0.0,0.0,0.0,0.069184,0.0,0.067883,0.070179,0.00578
2024-01-30,0.07002,0.0,0.0,0.0,0.0,0.0,0.064744,0.069681,0.0,0.0,0.0,0.073279,0.042429,0.028325,0.0,0.059179,0.06305,0.0,0.049454,0.057618,0.0,0.0,0.0,0.0,0.019116,0.011651,0.019355,0.01987,0.0,0.0,0.0,0.033723,0.033401,0.071864,0.0,0.0,0.0,0.0,0.068947,0.0,0.067891,0.070633,0.005768
2024-01-31,0.075956,0.0,0.0,0.01485,0.017507,0.0,0.091309,0.049751,0.029622,0.011411,0.0,0.09107,0.045634,0.045512,0.0,0.0,0.0,0.0,0.062278,0.090936,0.0,0.0,0.0,0.0,0.010439,0.01806,0.030965,0.030691,0.0,0.052466,0.0,0.090857,0.0,0.0,0.0,0.0,0.0,0.0,0.043617,0.0,0.0,0.091433,0.005634
2024-02-01,0.075032,0.0,0.0,0.014527,0.017373,0.0,0.09152,0.049648,0.029564,0.011659,0.0,0.091193,0.045301,0.044143,0.0,0.0,0.0,0.0,0.062756,0.092179,0.0,0.0,0.0,0.0,0.010478,0.017989,0.031119,0.030879,0.0,0.052945,0.0,0.090991,0.0,0.0,0.0,0.0,0.0,0.0,0.04348,0.0,0.0,0.091641,0.005586
2024-02-02,0.075647,0.0,0.0,0.014646,0.017295,0.0,0.089673,0.049718,0.029386,0.011889,0.0,0.094708,0.045416,0.044264,0.0,0.0,0.0,0.0,0.06229,0.091898,0.0,0.0,0.0,0.0,0.010569,0.01819,0.031299,0.030808,0.0,0.052205,0.0,0.089989,0.0,0.0,0.0,0.0,0.0,0.0,0.043215,0.0,0.0,0.091317,0.005578
2024-02-05,0.07605,0.0,0.0,0.014676,0.017468,0.0,0.090531,0.049909,0.029711,0.011907,0.0,0.094241,0.045565,0.043994,0.0,0.0,0.0,0.0,0.061269,0.091486,0.0,0.0,0.0,0.0,0.010691,0.018609,0.031388,0.030757,0.0,0.051583,0.0,0.09032,0.0,0.0,0.0,0.0,0.0,0.0,0.043412,0.0,0.0,0.090803,0.00563
2024-02-06,0.075766,0.0,0.0,0.014665,0.017783,0.0,0.092221,0.050169,0.03003,0.011821,0.0,0.093198,0.045292,0.043338,0.0,0.0,0.0,0.0,0.06185,0.090796,0.0,0.0,0.0,0.0,0.010557,0.018244,0.031082,0.030728,0.0,0.051856,0.0,0.090062,0.0,0.0,0.0,0.0,0.0,0.0,0.04322,0.0,0.0,0.091735,0.005585
2024-02-07,0.075692,0.0,0.0,0.014553,0.017643,0.0,0.091135,0.049939,0.030037,0.011949,0.0,0.093042,0.045323,0.043026,0.0,0.0,0.0,0.0,0.061925,0.0914,0.0,0.0,0.0,0.0,0.010624,0.018398,0.031366,0.031058,0.0,0.051432,0.0,0.089431,0.0,0.0,0.0,0.0,0.0,0.0,0.043,0.0,0.0,0.093481,0.005549
2024-02-08,0.075473,0.0,0.0,0.014555,0.01753,0.0,0.088982,0.049391,0.030275,0.011909,0.0,0.093086,0.044999,0.043012,0.0,0.0,0.0,0.0,0.061637,0.091971,0.0,0.0,0.0,0.0,0.010622,0.018652,0.031584,0.031252,0.0,0.051678,0.0,0.089053,0.0,0.0,0.0,0.0,0.0,0.0,0.042835,0.0,0.0,0.095972,0.005531
2024-02-09,0.075126,0.0,0.0,0.014495,0.017372,0.0,0.088874,0.049215,0.03014,0.011888,0.0,0.092457,0.04477,0.043227,0.0,0.0,0.0,0.0,0.061284,0.091316,0.0,0.0,0.0,0.0,0.01068,0.018874,0.03168,0.031718,0.0,0.05135,0.0,0.088009,0.0,0.0,0.0,0.0,0.0,0.0,0.042586,0.0,0.0,0.099451,0.005488
2024-02-12,0.07496,0.0,0.0,0.014635,0.017491,0.0,0.088759,0.048299,0.029946,0.011913,0.0,0.091819,0.044526,0.043508,0.0,0.0,0.0,0.0,0.061151,0.092416,0.0,0.0,0.0,0.0,0.010493,0.018651,0.031036,0.031103,0.0,0.050847,0.0,0.086899,0.0,0.0,0.0,0.0,0.0,0.0,0.042066,0.0,0.0,0.104046,0.005434
2024-02-13,0.075265,0.0,0.0,0.014671,0.017455,0.0,0.087929,0.048953,0.029712,0.011821,0.0,0.092319,0.044795,0.042783,0.0,0.0,0.0,0.0,0.061485,0.090844,0.0,0.0,0.0,0.0,0.010519,0.01863,0.030947,0.031216,0.0,0.050786,0.0,0.0874,0.0,0.0,0.0,0.0,0.0,0.0,0.042556,0.0,0.0,0.104371,0.005542
2024-02-14,0.074364,0.0,0.0,0.014475,0.017404,0.0,0.087396,0.049048,0.02974,0.011864,0.0,0.092422,0.044562,0.042965,0.0,0.0,0.0,0.0,0.060975,0.091295,0.0,0.0,0.0,0.0,0.010474,0.018772,0.031098,0.031272,0.0,0.050437,0.0,0.086071,0.0,0.0,0.0,0.0,0.0,0.0,0.042098,0.0,0.0,0.107805,0.005462
2024-02-15,0.074309,0.0,0.0,0.014551,0.017316,0.0,0.087375,0.048921,0.029551,0.011756,0.0,0.092444,0.044969,0.043769,0.0,0.0,0.0,0.0,0.061638,0.091136,0.0,0.0,0.0,0.0,0.01037,0.018607,0.030808,0.031016,0.0,0.051206,0.0,0.085968,0.0,0.0,0.0,0.0,0.0,0.0,0.041914,0.0,0.0,0.106957,0.00542
2024-02-16,0.075007,0.0,0.0,0.014659,0.017514,0.0,0.088473,0.049188,0.029457,0.011866,0.0,0.091285,0.044949,0.043513,0.0,0.0,0.0,0.0,0.062157,0.089753,0.0,0.0,0.0,0.0,0.010306,0.018558,0.030355,0.030713,0.0,0.050834,0.0,0.08655,0.0,0.0,0.0,0.0,0.0,0.0,0.041918,0.0,0.0,0.107506,0.005438
2024-02-19,0.074832,0.0,0.0,0.014591,0.017476,0.0,0.088501,0.049203,0.029466,0.01187,0.0,0.091313,0.044964,0.043526,0.0,0.0,0.0,0.0,0.062177,0.089781,0.0,0.0,0.0,0.0,0.010309,0.018564,0.030365,0.030723,0.0,0.05085,0.0,0.086577,0.0,0.0,0.0,0.0,0.0,0.0,0.041931,0.0,0.0,0.10754,0.00544
2024-02-20,0.074375,0.0,0.0,0.014456,0.017495,0.0,0.089998,0.04952,0.029666,0.011883,0.0,0.09112,0.044812,0.043217,0.0,0.0,0.0,0.0,0.062008,0.089789,0.0,0.0,0.0,0.0,0.010198,0.018241,0.029971,0.030344,0.0,0.05073,0.0,0.08705,0.0,0.0,0.0,0.0,0.0,0.0,0.041993,0.0,0.0,0.107695,0.005438
2024-02-21,0.074626,0.0,0.0,0.014475,0.017622,0.0,0.090426,0.049389,0.029525,0.01194,0.0,0.09145,0.045162,0.043235,0.0,0.0,0.0,0.0,0.062648,0.090744,0.0,0.0,0.0,0.0,0.010182,0.018286,0.02927,0.028964,0.0,0.051255,0.0,0.087469,0.0,0.0,0.0,0.0,0.0,0.0,0.042116,0.0,0.0,0.10575,0.005465
2024-02-22,0.075025,0.0,0.0,0.014434,0.017562,0.0,0.088871,0.049354,0.029628,0.011957,0.0,0.091769,0.045169,0.042843,0.0,0.0,0.0,0.0,0.062562,0.091178,0.0,0.0,0.0,0.0,0.010397,0.01897,0.029678,0.029353,0.0,0.050771,0.0,0.086515,0.0,0.0,0.0,0.0,0.0,0.0,0.04184,0.0,0.0,0.106721,0.005404
2024-02-23,0.075417,0.0,0.0,0.014468,0.017576,0.0,0.08796,0.049461,0.029481,0.011972,0.0,0.091613,0.045431,0.042906,0.0,0.0,0.0,0.0,0.062982,0.09207,0.0,0.0,0.0,0.0,0.010381,0.01878,0.029862,0.029619,0.0,0.050787,0.0,0.087074,0.0,0.0,0.0,0.0,0.0,0.0,0.0419,0.0,0.0,0.104853,0.005408
2024-02-26,0.074973,0.0,0.0,0.014381,0.017427,0.0,0.088001,0.049003,0.029337,0.011741,0.0,0.089861,0.044995,0.042339,0.0,0.0,0.0,0.0,0.062314,0.091643,0.0,0.0,0.0,0.0,0.010343,0.018877,0.030009,0.029828,0.0,0.049997,0.0,0.086477,0.0,0.0,0.0,0.0,0.0,0.0,0.041571,0.0,0.0,0.111497,0.005384
2024-02-27,0.07424,0.0,0.0,0.014361,0.017328,0.0,0.089284,0.048631,0.028912,0.011531,0.0,0.089782,0.044715,0.042421,0.0,0.0,0.0,0.0,0.061986,0.091244,0.0,0.0,0.0,0.0,0.010259,0.01869,0.029758,0.029707,0.0,0.049609,0.0,0.085613,0.0,0.0,0.0,0.0,0.0,0.0,0.041253,0.0,0.0,0.11534,0.005336
2024-02-28,0.073898,0.0,0.0,0.014303,0.017028,0.0,0.087097,0.047943,0.028646,0.01159,0.0,0.08889,0.044741,0.041991,0.0,0.0,0.0,0.0,0.061984,0.090812,0.0,0.0,0.0,0.0,0.010179,0.018422,0.029614,0.029505,0.0,0.049954,0.0,0.085498,0.0,0.0,0.0,0.0,0.0,0.0,0.041118,0.0,0.0,0.121467,0.00532
2024-02-29,0.068522,0.0,0.068661,0.0,0.0,0.0,0.063574,0.068596,0.0,0.0,0.0,0.068633,0.068468,0.0,0.0,0.0,0.0,0.0,0.0,0.048124,0.068041,0.0,0.0,0.0,0.017223,0.014742,0.017755,0.017516,0.0,0.0,0.0,0.068651,0.0,0.063911,0.0,0.0,0.026094,0.04212,0.034041,0.034228,0.068416,0.068605,0.004081
2024-03-01,0.068456,0.0,0.069178,0.0,0.0,0.0,0.063313,0.068932,0.0,0.0,0.0,0.068525,0.067713,0.0,0.0,0.0,0.0,0.0,0.0,0.048421,0.068081,0.0,0.0,0.0,0.017365,0.015219,0.017757,0.017383,0.0,0.0,0.0,0.069263,0.0,0.063341,0.0,0.0,0.025957,0.041863,0.033833,0.034099,0.068143,0.069115,0.004042
2024-03-04,0.068291,0.0,0.068424,0.0,0.0,0.0,0.062591,0.068567,0.0,0.0,0.0,0.067281,0.067534,0.0,0.0,0.0,0.0,0.0,0.0,0.047994,0.067632,0.0,0.0,0.0,0.017277,0.01529,0.017592,0.017292,0.0,0.0,0.0,0.070024,0.0,0.063727,0.0,0.0,0.025767,0.041615,0.033652,0.033862,0.067733,0.073836,0.004021
2024-03-05,0.068536,0.0,0.06949,0.0,0.0,0.0,0.062954,0.069005,0.0,0.0,0.0,0.067409,0.068232,0.0,0.0,0.0,0.0,0.0,0.0,0.047927,0.067804,0.0,0.0,0.0,0.017022,0.015141,0.01709,0.017049,0.0,0.0,0.0,0.071156,0.0,0.063625,0.0,0.0,0.026187,0.042227,0.033965,0.034391,0.068564,0.068162,0.004063
2024-03-06,0.068173,0.0,0.069701,0.0,0.0,0.0,0.062767,0.068692,0.0,0.0,0.0,0.066694,0.067764,0.0,0.0,0.0,0.0,0.0,0.0,0.047782,0.067448,0.0,0.0,0.0,0.016951,0.015327,0.017123,0.017039,0.0,0.0,0.0,0.07088,0.0,0.063315,0.0,0.0,0.025936,0.041736,0.03364,0.034069,0.067994,0.072953,0.004015
2024-03-07,0.068335,0.0,0.069283,0.0,0.0,0.0,0.062323,0.068545,0.0,0.0,0.0,0.067396,0.067287,0.0,0.0,0.0,0.0,0.0,0.0,0.048266,0.067384,0.0,0.0,0.0,0.017123,0.015765,0.017229,0.017172,0.0,0.0,0.0,0.070886,0.0,0.063244,0.0,0.0,0.025834,0.04148,0.033491,0.033963,0.067797,0.073205,0.003993
2024-03-08,0.068464,0.0,0.069188,0.0,0.0,0.0,0.060926,0.068591,0.0,0.0,0.0,0.067353,0.067462,0.0,0.0,0.0,0.0,0.0,0.0,0.047906,0.067319,0.0,0.0,0.0,0.016883,0.01514,0.017147,0.017015,0.0,0.0,0.0,0.071547,0.0,0.063242,0.0,0.0,0.025876,0.041551,0.033529,0.03404,0.067932,0.074894,0.003997
2024-03-11,0.067871,0.0,0.067621,0.0,0.0,0.0,0.060503,0.068062,0.0,0.0,0.0,0.067195,0.067547,0.0,0.0,0.0,0.0,0.0,0.0,0.047514,0.067252,0.0,0.0,0.0,0.016829,0.014932,0.017185,0.017052,0.0,0.0,0.0,0.071646,0.0,0.064087,0.0,0.0,0.025832,0.041459,0.03351,0.03403,0.067795,0.078085,0.003995
2024-03-12,0.068192,0.0,0.067786,0.0,0.0,0.0,0.061128,0.067582,0.0,0.0,0.0,0.067583,0.067625,0.0,0.0,0.0,0.0,0.0,0.0,0.047914,0.067361,0.0,0.0,0.0,0.017122,0.015196,0.01751,0.017125,0.0,0.0,0.0,0.070649,0.0,0.064625,0.0,0.0,0.025648,0.041253,0.033439,0.033819,0.0675,0.076958,0.003984
2024-03-13,0.068336,0.0,0.067164,0.0,0.0,0.0,0.061344,0.065905,0.0,0.0,0.0,0.06767,0.068091,0.0,0.0,0.0,0.0,0.0,0.0,0.048179,0.067069,0.0,0.0,0.0,0.016929,0.014819,0.017375,0.017102,0.0,0.0,0.0,0.071111,0.0,0.064483,0.0,0.0,0.02558,0.041176,0.033437,0.033769,0.067537,0.07894,0.003983
2024-03-14,0.068669,0.0,0.067494,0.0,0.0,0.0,0.061392,0.066895,0.0,0.0,0.0,0.068146,0.068181,0.0,0.0,0.0,0.0,0.0,0.0,0.047097,0.06746,0.0,0.0,0.0,0.017092,0.014703,0.017452,0.01703,0.0,0.0,0.0,0.071481,0.0,0.065459,0.0,0.0,0.025629,0.041312,0.03359,0.033836,0.067829,0.075232,0.004021
2024-03-15,0.068345,0.0,0.068121,0.0,0.0,0.0,0.06092,0.06677,0.0,0.0,0.0,0.067594,0.068243,0.0,0.0,0.0,0.0,0.0,0.0,0.047538,0.06732,0.0,0.0,0.0,0.016866,0.014625,0.016995,0.016799,0.0,0.0,0.0,0.071388,0.0,0.067003,0.0,0.0,0.025634,0.041363,0.033632,0.03391,0.067743,0.075161,0.00403
2024-03-18,0.068777,0.0,0.069079,0.0,0.0,0.0,0.060642,0.066912,0.0,0.0,0.0,0.068882,0.068535,0.0,0.0,0.0,0.0,0.0,0.0,0.04732,0.067214,0.0,0.0,0.0,0.016924,0.014593,0.017163,0.016736,0.0,0.0,0.0,0.071399,0.0,0.067275,0.0,0.0,0.025567,0.041264,0.033662,0.033805,0.067683,0.072541,0.004025
2024-03-19,0.068893,0.0,0.069431,0.0,0.0,0.0,0.06089,0.066257,0.0,0.0,0.0,0.068944,0.068958,0.0,0.0,0.0,0.0,0.0,0.0,0.048326,0.067746,0.0,0.0,0.0,0.017034,0.014489,0.017311,0.016703,0.0,0.0,0.0,0.071408,0.0,0.066878,0.0,0.0,0.025673,0.041375,0.03384,0.033945,0.068084,0.069787,0.00403
2024-03-20,0.068366,0.0,0.069299,0.0,0.0,0.0,0.061697,0.065988,0.0,0.0,0.0,0.069087,0.069112,0.0,0.0,0.0,0.0,0.0,0.0,0.048864,0.066944,0.0,0.0,0.0,0.017059,0.014594,0.01731,0.016786,0.0,0.0,0.0,0.071565,0.0,0.066911,0.0,0.0,0.025487,0.04114,0.033628,0.033682,0.06775,0.070739,0.003992
2024-03-21,0.069168,0.0,0.069438,0.0,0.0,0.0,0.061005,0.065933,0.0,0.0,0.0,0.068904,0.069468,0.0,0.0,0.0,0.0,0.0,0.0,0.049626,0.06683,0.0,0.0,0.0,0.01702,0.014878,0.01738,0.016796,0.0,0.0,0.0,0.071276,0.0,0.067075,0.0,0.0,0.025413,0.041089,0.03351,0.03363,0.067781,0.0698,0.003981
2024-03-22,0.069043,0.0,0.069663,0.0,0.0,0.0,0.060422,0.066103,0.0,0.0,0.0,0.069281,0.068904,0.0,0.0,0.0,0.0,0.0,0.0,0.04965,0.066964,0.0,0.0,0.0,0.017083,0.014946,0.017324,0.016725,0.0,0.0,0.0,0.070943,0.0,0.067751,0.0,0.0,0.025623,0.041371,0.033588,0.033859,0.06823,0.068531,0.003995
2024-03-25,0.068488,0.0,0.068353,0.0,0.0,0.0,0.060203,0.065683,0.0,0.0,0.0,0.068538,0.068134,0.0,0.0,0.0,0.0,0.0,0.0,0.048957,0.066381,0.0,0.0,0.0,0.016846,0.014778,0.017137,0.016526,0.0,0.0,0.0,0.070648,0.0,0.068819,0.0,0.0,0.025368,0.040937,0.03329,0.033496,0.067677,0.075774,0.003966
2024-03-26,0.068667,0.0,0.068732,0.0,0.0,0.0,0.060292,0.066047,0.0,0.0,0.0,0.068475,0.068446,0.0,0.0,0.0,0.0,0.0,0.0,0.048846,0.066702,0.0,0.0,0.0,0.016796,0.014684,0.017189,0.016563,0.0,0.0,0.0,0.07096,0.0,0.068564,0.0,0.0,0.025436,0.040997,0.033291,0.033526,0.067749,0.074065,0.003971
2024-03-27,0.068255,0.0,0.068695,0.0,0.0,0.0,0.060463,0.066152,0.0,0.0,0.0,0.068493,0.068918,0.0,0.0,0.0,0.0,0.0,0.0,0.049396,0.06726,0.0,0.0,0.0,0.016799,0.014796,0.017014,0.016447,0.0,0.0,0.0,0.071125,0.0,0.068647,0.0,0.0,0.025408,0.040923,0.033304,0.033594,0.067697,0.072658,0.003953
2024-03-28,0.075979,0.036439,0.076149,0.0,0.0,0.0,0.076266,0.076039,0.0,0.0,0.0,0.076222,0.0761,0.0,0.0,0.0,0.046372,0.029372,0.0,0.040849,0.038632,0.036881,0.033952,0.0,0.022249,0.025468,0.0,0.02756,0.0,0.0,0.0,0.0,0.0,0.0,0.0,0.0,0.0,0.0,0.064919,0.010739,0.048743,0.076252,0.004818
2024-04-01,0.076475,0.036612,0.075496,0.0,0.0,0.0,0.075367,0.076386,0.0,0.0,0.0,0.077312,0.076179,0.0,0.0,0.0,0.046315,0.029283,0.0,0.040473,0.038553,0.036714,0.033901,0.0,0.022457,0.025904,0.0,0.027611,0.0,0.0,0.0,0.0,0.0,0.0,0.0,0.0,0.0,0.0,0.065077,0.010706,0.04885,0.075481,0.00485
2024-04-02,0.076413,0.036675,0.075894,0.0,0.0,0.0,0.076585,0.077304,0.0,0.0,0.0,0.077996,0.07657,0.0,0.0,0.0,0.046581,0.029329,0.0,0.039729,0.038349,0.035845,0.034079,0.0,0.022473,0.025771,0.0,0.027716,0.0,0.0,0.0,0.0,0.0,0.0,0.0,0.0,0.0,0.0,0.065645,0.010801,0.049382,0.071963,0.0049
2024-04-03,0.076669,0.036824,0.076188,0.0,0.0,0.0,0.076548,0.077239,0.0,0.0,0.0,0.078379,0.076306,0.0,0.0,0.0,0.046682,0.029331,0.0,0.040051,0.038193,0.03588,0.033603,0.0,0.022466,0.025767,0.0,0.027673,0.0,0.0,0.0,0.0,0.0,0.0,0.0,0.0,0.0,0.0,0.065501,0.010776,0.049341,0.071699,0.004887
2024-04-04,0.077324,0.036694,0.075719,0.0,0.0,0.0,0.076873,0.077402,0.0,0.0,0.0,0.077648,0.075765,0.0,0.0,0.0,0.046468,0.029065,0.0,0.039639,0.037801,0.035419,0.033601,0.0,0.022204,0.025144,0.0,0.027388,0.0,0.0,0.0,0.0,0.0,0.0,0.0,0.0,0.0,0.0,0.065729,0.010834,0.049528,0.074845,0.004909
2024-04-05,0.076302,0.036684,0.075722,0.0,0.0,0.0,0.075988,0.077857,0.0,0.0,0.0,0.078215,0.076267,0.0,0.0,0.0,0.04698,0.029356,0.0,0.040083,0.038032,0.035592,0.033561,0.0,0.022396,0.025371,0.0,0.027653,0.0,0.0,0.0,0.0,0.0,0.0,0.0,0.0,0.0,0.0,0.065484,0.010756,0.049466,0.073342,0.004896
2024-04-08,0.076032,0.036571,0.075484,0.0,0.0,0.0,0.077054,0.07776,0.0,0.0,0.0,0.077591,0.075976,0.0,0.0,0.0,0.046517,0.029004,0.0,0.039609,0.037602,0.035389,0.033239,0.0,0.022188,0.02523,0.0,0.027414,0.0,0.0,0.0,0.0,0.0,0.0,0.0,0.0,0.0,0.0,0.065105,0.010668,0.049082,0.077628,0.004858
2024-04-09,0.075618,0.036516,0.075807,0.0,0.0,0.0,0.078212,0.077864,0.0,0.0,0.0,0.07772,0.075583,0.0,0.0,0.0,0.046436,0.029122,0.0,0.039748,0.037758,0.035895,0.033419,0.0,0.022313,0.025515,0.0,0.027627,0.0,0.0,0.0,0.0,0.0,0.0,0.0,0.0,0.0,0.0,0.065277,0.010729,0.04944,0.07454,0.004862
2024-04-10,0.076062,0.036514,0.075511,0.0,0.0,0.0,0.076959,0.07849,0.0,0.0,0.0,0.078025,0.075339,0.0,0.0,0.0,0.046587,0.028851,0.0,0.038332,0.037759,0.035652,0.033694,0.0,0.022301,0.025348,0.0,0.027621,0.0,0.0,0.0,0.0,0.0,0.0,0.0,0.0,0.0,0.0,0.065471,0.010702,0.049237,0.076624,0.004918
2024-04-11,0.075732,0.036431,0.075955,0.0,0.0,0.0,0.076115,0.078457,0.0,0.0,0.0,0.078483,0.074588,0.0,0.0,0.0,0.046504,0.029107,0.0,0.038573,0.037496,0.036075,0.033516,0.0,0.022681,0.025845,0.0,0.027815,0.0,0.0,0.0,0.0,0.0,0.0,0.0,0.0,0.0,0.0,0.065222,0.010649,0.04895,0.0769,0.004906
2024-04-12,0.076825,0.036365,0.076121,0.0,0.0,0.0,0.075972,0.078653,0.0,0.0,0.0,0.078403,0.074751,0.0,0.0,0.0,0.046728,0.029133,0.0,0.039087,0.037517,0.035384,0.033697,0.0,0.022664,0.025389,0.0,0.027686,0.0,0.0,0.0,0.0,0.0,0.0,0.0,0.0,0.0,0.0,0.066211,0.010841,0.049577,0.074012,0.004984
2024-04-15,0.077573,0.036766,0.076754,0.0,0.0,0.0,0.075796,0.07901,0.0,0.0,0.0,0.078383,0.075313,0.0,0.0,0.0,0.046977,0.029237,0.0,0.038925,0.037912,0.035097,0.033981,0.0,0.022513,0.025383,0.0,0.027354,0.0,0.0,0.0,0.0,0.0,0.0,0.0,0.0,0.0,0.0,0.066657,0.010856,0.049618,0.070847,0.005047
2024-04-16,0.076848,0.036744,0.076249,0.0,0.0,0.0,0.074553,0.07943,0.0,0.0,0.0,0.078704,0.075362,0.0,0.0,0.0,0.04722,0.029289,0.0,0.038506,0.038209,0.035057,0.034249,0.0,0.022709,0.025766,0.0,0.027543,0.0,0.0,0.0,0.0,0.0,0.0,0.0,0.0,0.0,0.0,0.066934,0.010901,0.049834,0.070809,0.005086
2024-04-17,0.076927,0.037056,0.07582,0.0,0.0,0.0,0.075154,0.07955,0.0,0.0,0.0,0.079032,0.075934,0.0,0.0,0.0,0.047213,0.029128,0.0,0.038458,0.038336,0.034839,0.034549,0.0,0.022494,0.025111,0.0,0.027387,0.0,0.0,0.0,0.0,0.0,0.0,0.0,0.0,0.0,0.0,0.067361,0.011015,0.050479,0.069042,0.005113
2024-04-18,0.077096,0.036883,0.075417,0.0,0.0,0.0,0.074828,0.079519,0.0,0.0,0.0,0.079231,0.076023,0.0,0.0,0.0,0.046938,0.029011,0.0,0.038393,0.038243,0.034276,0.034628,0.0,0.022185,0.024608,0.0,0.027276,0.0,0.0,0.0,0.0,0.0,0.0,0.0,0.0,0.0,0.0,0.067256,0.010968,0.05032,0.071801,0.005101
2024-04-19,0.076321,0.036954,0.074923,0.0,0.0,0.0,0.076351,0.079879,0.0,0.0,0.0,0.078319,0.077029,0.0,0.0,0.0,0.046826,0.029012,0.0,0.038133,0.038365,0.03399,0.034946,0.0,0.021716,0.023613,0.0,0.027158,0.0,0.0,0.0,0.0,0.0,0.0,0.0,0.0,0.0,0.0,0.067342,0.010973,0.050436,0.072614,0.005099
2024-04-22,0.075607,0.037011,0.074973,0.0,0.0,0.0,0.076293,0.079986,0.0,0.0,0.0,0.077685,0.077226,0.0,0.0,0.0,0.046734,0.029021,0.0,0.038071,0.038147,0.034043,0.034946,0.0,0.021702,0.023775,0.0,0.027223,0.0,0.0,0.0,0.0,0.0,0.0,0.0,0.0,0.0,0.0,0.067074,0.010896,0.050227,0.074307,0.005052
2024-04-23,0.076183,0.0372,0.074477,0.0,0.0,0.0,0.075985,0.079463,0.0,0.0,0.0,0.07817,0.077031,0.0,0.0,0.0,0.046966,0.029163,0.0,0.03877,0.038303,0.034121,0.034734,0.0,0.02183,0.024057,0.0,0.027519,0.0,0.0,0.0,0.0,0.0,0.0,0.0,0.0,0.0,0.0,0.066751,0.010818,0.049851,0.0736,0.005008
2024-04-24,0.07652,0.03721,0.075168,0.0,0.0,0.0,0.075944,0.079856,0.0,0.0,0.0,0.078605,0.077393,0.0,0.0,0.0,0.046822,0.028603,0.0,0.038499,0.038373,0.033986,0.03517,0.0,0.022038,0.02449,0.0,0.027788,0.0,0.0,0.0,0.0,0.0,0.0,0.0,0.0,0.0,0.0,0.066932,0.010829,0.049739,0.071006,0.005033
2024-04-25,0.076122,0.037332,0.074379,0.0,0.0,0.0,0.075889,0.080697,0.0,0.0,0.0,0.076193,0.077335,0.0,0.0,0.0,0.047204,0.02912,0.0,0.038574,0.038312,0.03346,0.035266,0.0,0.022103,0.025072,0.0,0.027725,0.0,0.0,0.0,0.0,0.0,0.0,0.0,0.0,0.0,0.0,0.067135,0.010853,0.049851,0.072318,0.005059
2024-04-26,0.076731,0.037363,0.074512,0.0,0.0,0.0,0.077165,0.0802,0.0,0.0,0.0,0.077768,0.076703,0.0,0.0,0.0,0.046964,0.02856,0.0,0.03877,0.038065,0.033748,0.034955,0.0,0.022202,0.02543,0.0,0.027885,0.0,0.0,0.0,0.0,0.0,0.0,0.0,0.0,0.0,0.0,0.066893,0.010821,0.049732,0.070509,0.005025
2024-04-29,0.076799,0.037389,0.075005,0.0,0.0,0.0,0.077489,0.080325,0.0,0.0,0.0,0.076677,0.076402,0.0,0.0,0.0,0.047162,0.028386,0.0,0.03888,0.038099,0.034484,0.03498,0.0,0.022243,0.02556,0.0,0.027882,0.0,0.0,0.0,0.0,0.0,0.0,0.0,0.0,0.0,0.0,0.066929,0.01084,0.049853,0.069599,0.005015
2024-04-30,0.086106,0.037414,0.074055,0.0,0.0,0.0,0.0,0.0,0.077153,0.0,0.0,0.042863,0.054279,0.033574,0.0,0.0,0.087542,0.0,0.088029,0.088158,0.0,0.05438,0.0,0.0,0.0,0.058862,0.0,0.0,0.021021,0.0,0.0,0.056354,0.0,0.0,0.031012,0.0,0.0,0.0,0.0,0.0,0.0,0.08823,0.020966
2024-05-01,0.085406,0.037488,0.074114,0.0,0.0,0.0,0.0,0.0,0.076989,0.0,0.0,0.043397,0.054452,0.034403,0.0,0.0,0.087604,0.0,0.088768,0.088627,0.0,0.056301,0.0,0.0,0.0,0.057055,0.0,0.0,0.021046,0.0,0.0,0.057046,0.0,0.0,0.030975,0.0,0.0,0.0,0.0,0.0,0.0,0.085297,0.021033
2024-05-02,0.084763,0.037393,0.074684,0.0,0.0,0.0,0.0,0.0,0.077645,0.0,0.0,0.043293,0.053914,0.034422,0.0,0.0,0.087024,0.0,0.087221,0.088796,0.0,0.05625,0.0,0.0,0.0,0.057619,0.0,0.0,0.021191,0.0,0.0,0.056169,0.0,0.0,0.030681,0.0,0.0,0.0,0.0,0.0,0.0,0.088155,0.02078
2024-05-03,0.084827,0.037174,0.074429,0.0,0.0,0.0,0.0,0.0,0.077694,0.0,0.0,0.043105,0.053235,0.034305,0.0,0.0,0.086335,0.0,0.086804,0.088975,0.0,0.056447,0.0,0.0,0.0,0.058045,0.0,0.0,0.021235,0.0,0.0,0.055294,0.0,0.0,0.030849,0.0,0.0,0.0,0.0,0.0,0.0,0.090775,0.020473
2024-05-06,0.083978,0.037099,0.074121,0.0,0.0,0.0,0.0,0.0,0.077455,0.0,0.0,0.043253,0.053379,0.034328,0.0,0.0,0.086335,0.0,0.086454,0.089315,0.0,0.056255,0.0,0.0,0.0,0.058658,0.0,0.0,0.021335,0.0,0.0,0.055317,0.0,0.0,0.031005,0.0,0.0,0.0,0.0,0.0,0.0,0.091435,0.020277
2024-05-07,0.085193,0.037356,0.07334,0.0,0.0,0.0,0.0,0.0,0.076804,0.0,0.0,0.043318,0.053581,0.034289,0.0,0.0,0.086604,0.0,0.087514,0.088586,0.0,0.056183,0.0,0.0,0.0,0.058162,0.0,0.0,0.021357,0.0,0.0,0.055083,0.0,0.0,0.031056,0.0,0.0,0.0,0.0,0.0,0.0,0.091291,0.020281
2024-05-08,0.085348,0.037666,0.072746,0.0,0.0,0.0,0.0,0.0,0.077633,0.0,0.0,0.043447,0.054023,0.034616,0.0,0.0,0.087002,0.0,0.087511,0.087921,0.0,0.055617,0.0,0.0,0.0,0.058485,0.0,0.0,0.021318,0.0,0.0,0.055173,0.0,0.0,0.030797,0.0,0.0,0.0,0.0,0.0,0.0,0.090314,0.020383
2024-05-09,0.085147,0.037727,0.072546,0.0,0.0,0.0,0.0,0.0,0.077175,0.0,0.0,0.043355,0.05404,0.034596,0.0,0.0,0.087243,0.0,0.087854,0.08871,0.0,0.05514,0.0,0.0,0.0,0.05785,0.0,0.0,0.021261,0.0,0.0,0.055644,0.0,0.0,0.031303,0.0,0.0,0.0,0.0,0.0,0.0,0.090168,0.02024
2024-05-10,0.085475,0.03792,0.072175,0.0,0.0,0.0,0.0,0.0,0.078072,0.0,0.0,0.043444,0.054279,0.034601,0.0,0.0,0.087357,0.0,0.088012,0.088926,0.0,0.054652,0.0,0.0,0.0,0.058452,0.0,0.0,0.021226,0.0,0.0,0.056129,0.0,0.0,0.031367,0.0,0.0,0.0,0.0,0.0,0.0,0.087659,0.020253
2024-05-13,0.085294,0.037843,0.071699,0.0,0.0,0.0,0.0,0.0,0.078025,0.0,0.0,0.043251,0.053917,0.034336,0.0,0.0,0.08676,0.0,0.087723,0.087778,0.0,0.055584,0.0,0.0,0.0,0.058421,0.0,0.0,0.021204,0.0,0.0,0.055355,0.0,0.0,0.031487,0.0,0.0,0.0,0.0,0.0,0.0,0.091119,0.020203
2024-05-14,0.085052,0.037995,0.071947,0.0,0.0,0.0,0.0,0.0,0.079018,0.0,0.0,0.043258,0.053953,0.034579,0.0,0.0,0.086363,0.0,0.087428,0.087925,0.0,0.055897,0.0,0.0,0.0,0.059134,0.0,0.0,0.021227,0.0,0.0,0.05558,0.0,0.0,0.032272,0.0,0.0,0.0,0.0,0.0,0.0,0.08825,0.020121
2024-05-15,0.084514,0.037698,0.071399,0.0,0.0,0.0,0.0,0.0,0.078937,0.0,0.0,0.042725,0.053344,0.034115,0.0,0.0,0.085316,0.0,0.085955,0.089511,0.0,0.055966,0.0,0.0,0.0,0.059667,0.0,0.0,0.021137,0.0,0.0,0.05525,0.0,0.0,0.031654,0.0,0.0,0.0,0.0,0.0,0.0,0.093062,0.01975
2024-05-16,0.085511,0.037757,0.071201,0.0,0.0,0.0,0.0,0.0,0.078782,0.0,0.0,0.043012,0.053742,0.034247,0.0,0.0,0.08544,0.0,0.085975,0.087412,0.0,0.056371,0.0,0.0,0.0,0.059817,0.0,0.0,0.021168,0.0,0.0,0.055445,0.0,0.0,0.031685,0.0,0.0,0.0,0.0,0.0,0.0,0.092534,0.0199
2024-05-17,0.084707,0.03765,0.071283,0.0,0.0,0.0,0.0,0.0,0.078576,0.0,0.0,0.042846,0.053837,0.034207,0.0,0.0,0.085062,0.0,0.086228,0.086927,0.0,0.055205,0.0,0.0,0.0,0.059149,0.0,0.0,0.020945,0.0,0.0,0.056047,0.0,0.0,0.032984,0.0,0.0,0.0,0.0,0.0,0.0,0.094557,0.019791
2024-05-20,0.084569,0.037375,0.071297,0.0,0.0,0.0,0.0,0.0,0.077805,0.0,0.0,0.042675,0.052736,0.033511,0.0,0.0,0.084638,0.0,0.085755,0.085932,0.0,0.05548,0.0,0.0,0.0,0.060033,0.0,0.0,0.021011,0.0,0.0,0.055885,0.0,0.0,0.033422,0.0,0.0,0.0,0.0,0.0,0.0,0.098218,0.019657
2024-05-21,0.084651,0.037536,0.071202,0.0,0.0,0.0,0.0,0.0,0.077676,0.0,0.0,0.042808,0.053313,0.033796,0.0,0.0,0.084738,0.0,0.086138,0.085717,0.0,0.055305,0.0,0.0,0.0,0.060108,0.0,0.0,0.020874,0.0,0.0,0.056052,0.0,0.0,0.032928,0.0,0.0,0.0,0.0,0.0,0.0,0.097409,0.019746
2024-05-22,0.085101,0.037462,0.070791,0.0,0.0,0.0,0.0,0.0,0.078925,0.0,0.0,0.043114,0.053323,0.033631,0.0,0.0,0.085342,0.0,0.085803,0.083905,0.0,0.055997,0.0,0.0,0.0,0.061173,0.0,0.0,0.020758,0.0,0.0,0.055348,0.0,0.0,0.03092,0.0,0.0,0.0,0.0,0.0,0.0,0.098543,0.019865
2024-05-23,0.086076,0.037751,0.07135,0.0,0.0,0.0,0.0,0.0,0.079917,0.0,0.0,0.043152,0.053236,0.0333,0.0,0.0,0.085377,0.0,0.086094,0.084195,0.0,0.054937,0.0,0.0,0.0,0.061582,0.0,0.0,0.021042,0.0,0.0,0.054915,0.0,0.0,0.030971,0.0,0.0,0.0,0.0,0.0,0.0,0.095986,0.020119
2024-05-24,0.085165,0.037665,0.071409,0.0,0.0,0.0,0.0,0.0,0.080126,0.0,0.0,0.043268,0.053023,0.033183,0.0,0.0,0.084954,0.0,0.085978,0.084303,0.0,0.054089,0.0,0.0,0.0,0.062176,0.0,0.0,0.021018,0.0,0.0,0.054417,0.0,0.0,0.03124,0.0,0.0,0.0,0.0,0.0,0.0,0.098066,0.01992
2024-05-27,0.085165,0.037665,0.071409,0.0,0.0,0.0,0.0,0.0,0.080125,0.0,0.0,0.043268,0.053023,0.033183,0.0,0.0,0.084953,0.0,0.085977,0.084303,0.0,0.054089,0.0,0.0,0.0,0.062176,0.0,0.0,0.021018,0.0,0.0,0.054416,0.0,0.0,0.03124,0.0,0.0,0.0,0.0,0.0,0.0,0.098066,0.019925
2024-05-28,0.085175,0.037611,0.071846,0.0,0.0,0.0,0.0,0.0,0.081105,0.0,0.0,0.04336,0.052459,0.032931,0.0,0.0,0.083952,0.0,0.085684,0.083333,0.0,0.054295,0.0,0.0,0.0,0.063253,0.0,0.0,0.02104,0.0,0.0,0.055012,0.0,0.0,0.032159,0.0,0.0,0.0,0.0,0.0,0.0,0.09685,0.019935
2024-05-29,0.085634,0.037623,0.071486,0.0,0.0,0.0,0.0,0.0,0.08035,0.0,0.0,0.043792,0.052837,0.032758,0.0,0.0,0.084033,0.0,0.085756,0.083713,0.0,0.054107,0.0,0.0,0.0,0.062897,0.0,0.0,0.021024,0.0,0.0,0.055336,0.0,0.0,0.031778,0.0,0.0,0.0,0.0,0.0,0.0,0.096632,0.020243
2024-05-30,0.085038,0.037703,0.071588,0.0,0.0,0.0,0.0,0.0,0.079954,0.0,0.0,0.043332,0.052736,0.03302,0.0,0.0,0.083994,0.0,0.085826,0.084873,0.0,0.054623,0.0,0.0,0.0,0.062007,0.0,0.0,0.020663,0.0,0.0,0.055039,0.0,0.0,0.031321,0.0,0.0,0.0,0.0,0.0,0.0,0.098185,0.0201
2024-05-31,0.036249,0.0,0.0,0.0,0.0,0.0,0.0,0.066771,0.024208,0.0,0.0,0.090892,0.045373,0.045341,0.0,0.0,0.090685,0.0,0.0,0.091001,0.0,0.064821,0.048747,0.02943,0.0,0.044659,0.0,0.0,0.04482,0.0,0.0,0.089751,0.0,0.0,0.090945,0.0,0.0,0.0,0.0,0.0,0.0,0.091044,0.005263
2024-06-03,0.036485,0.0,0.0,0.0,0.0,0.0,0.0,0.068701,0.024348,0.0,0.0,0.090823,0.044878,0.0446,0.0,0.0,0.089154,0.0,0.0,0.089787,0.0,0.066173,0.048499,0.028957,0.0,0.044521,0.0,0.0,0.045102,0.0,0.0,0.090125,0.0,0.0,0.08969,0.0,0.0,0.0,0.0,0.0,0.0,0.092917,0.00524
2024-06-04,0.036759,0.0,0.0,0.0,0.0,0.0,0.0,0.065201,0.024287,0.0,0.0,0.092141,0.045147,0.044335,0.0,0.0,0.089882,0.0,0.0,0.089019,0.0,0.066695,0.04944,0.029254,0.0,0.044644,0.0,0.0,0.045597,0.0,0.0,0.090267,0.0,0.0,0.086298,0.0,0.0,0.0,0.0,0.0,0.0,0.095737,0.005297
2024-06-05,0.036589,0.0,0.0,0.0,0.0,0.0,0.0,0.066258,0.024496,0.0,0.0,0.091812,0.044575,0.043783,0.0,0.0,0.08938,0.0,0.0,0.089249,0.0,0.067783,0.048566,0.028635,0.0,0.045872,0.0,0.0,0.045624,0.0,0.0,0.089917,0.0,0.0,0.086938,0.0,0.0,0.0,0.0,0.0,0.0,0.09531,0.005215
2024-06-06,0.036815,0.0,0.0,0.0,0.0,0.0,0.0,0.066664,0.024621,0.0,0.0,0.092012,0.044625,0.043901,0.0,0.0,0.08899,0.0,0.0,0.088294,0.0,0.066953,0.048793,0.028383,0.0,0.045569,0.0,0.0,0.045451,0.0,0.0,0.090725,0.0,0.0,0.088686,0.0,0.0,0.0,0.0,0.0,0.0,0.094293,0.005223
2024-06-07,0.037231,0.0,0.0,0.0,0.0,0.0,0.0,0.068287,0.024714,0.0,0.0,0.092517,0.045386,0.044347,0.0,0.0,0.090189,0.0,0.0,0.087857,0.0,0.066739,0.049151,0.028422,0.0,0.045996,0.0,0.0,0.045415,0.0,0.0,0.088573,0.0,0.0,0.086147,0.0,0.0,0.0,0.0,0.0,0.0,0.093742,0.005288
2024-06-10,0.036961,0.0,0.0,0.0,0.0,0.0,0.0,0.068142,0.024785,0.0,0.0,0.092277,0.044982,0.043593,0.0,0.0,0.090011,0.0,0.0,0.088225,0.0,0.066837,0.048864,0.028642,0.0,0.046422,0.0,0.0,0.045519,0.0,0.0,0.088932,0.0,0.0,0.08703,0.0,0.0,0.0,0.0,0.0,0.0,0.093517,0.005262
2024-06-11,0.037128,0.0,0.0,0.0,0.0,0.0,0.0,0.068766,0.024937,0.0,0.0,0.09311,0.044786,0.043518,0.0,0.0,0.090134,0.0,0.0,0.087717,0.0,0.067656,0.049186,0.028671,0.0,0.046791,0.0,0.0,0.045609,0.0,0.0,0.08982,0.0,0.0,0.085561,0.0,0.0,0.0,0.0,0.0,0.0,0.09131,0.0053
2024-06-12,0.03735,0.0,0.0,0.0,0.0,0.0,0.0,0.068644,0.025244,0.0,0.0,0.092051,0.044328,0.044034,0.0,0.0,0.090148,0.0,0.0,0.089752,0.0,0.068015,0.048197,0.028219,0.0,0.047664,0.0,0.0,0.046188,0.0,0.0,0.089225,0.0,0.0,0.085013,0.0,0.0,0.0,0.0,0.0,0.0,0.090677,0.005252
2024-06-13,0.037279,0.0,0.0,0.0,0.0,0.0,0.0,0.068922,0.025378,0.0,0.0,0.091743,0.044532,0.043748,0.0,0.0,0.090047,0.0,0.0,0.090325,0.0,0.068378,0.048517,0.028435,0.0,0.048439,0.0,0.0,0.046142,0.0,0.0,0.08897,0.0,0.0,0.083991,0.0,0.0,0.0,0.0,0.0,0.0,0.089873,0.005282
2024-06-14,0.037318,0.0,0.0,0.0,0.0,0.0,0.0,0.069922,0.025713,0.0,0.0,0.09241,0.044569,0.043362,0.0,0.0,0.089502,0.0,0.0,0.089714,0.0,0.067139,0.048801,0.02848,0.0,0.04846,0.0,0.0,0.046006,0.0,0.0,0.090486,0.0,0.0,0.084159,0.0,0.0,0.0,0.0,0.0,0.0,0.088656,0.005304
2024-06-17,0.037239,0.0,0.0,0.0,0.0,0.0,0.0,0.069721,0.025886,0.0,0.0,0.092449,0.044769,0.043833,0.0,0.0,0.090101,0.0,0.0,0.090048,0.0,0.066004,0.049052,0.028045,0.0,0.049012,0.0,0.0,0.045881,0.0,0.0,0.089628,0.0,0.0,0.083096,0.0,0.0,0.0,0.0,0.0,0.0,0.089953,0.005282
2024-06-18,0.037572,0.0,0.0,0.0,0.0,0.0,0.0,0.070169,0.026283,0.0,0.0,0.092058,0.04513,0.044065,0.0,0.0,0.090741,0.0,0.0,0.088609,0.0,0.065467,0.049198,0.028105,0.0,0.049721,0.0,0.0,0.046222,0.0,0.0,0.09014,0.0,0.0,0.084487,0.0,0.0,0.0,0.0,0.0,0.0,0.08674,0.005292
2024-06-19,0.03764,0.0,0.0,0.0,0.0,0.0,0.0,0.070164,0.026281,0.0,0.0,0.092052,0.045127,0.044062,0.0,0.0,0.090735,0.0,0.0,0.088603,0.0,0.065462,0.049195,0.028103,0.0,0.049718,0.0,0.0,0.046218,0.0,0.0,0.090134,0.0,0.0,0.084481,0.0,0.0,0.0,0.0,0.0,0.0,0.086734,0.005292
2024-06-20,0.037597,0.0,0.0,0.0,0.0,0.0,0.0,0.069268,0.026417,0.0,0.0,0.092197,0.045245,0.044031,0.0,0.0,0.090549,0.0,0.0,0.087891,0.0,0.065424,0.048955,0.02827,0.0,0.048237,0.0,0.0,0.045263,0.0,0.0,0.091013,0.0,0.0,0.086935,0.0,0.0,0.0,0.0,0.0,0.0,0.087429,0.005279
2024-06-21,0.037464,0.0,0.0,0.0,0.0,0.0,0.0,0.069171,0.026389,0.0,0.0,0.093108,0.045221,0.04412,0.0,0.0,0.09066,0.0,0.0,0.088539,0.0,0.067461,0.049157,0.028198,0.0,0.047927,0.0,0.0,0.044976,0.0,0.0,0.089903,0.0,0.0,0.085691,0.0,0.0,0.0,0.0,0.0,0.0,0.086718,0.005296
2024-06-24,0.03775,0.0,0.0,0.0,0.0,0.0,0.0,0.069827,0.026049,0.0,0.0,0.093552,0.04575,0.045018,0.0,0.0,0.091174,0.0,0.0,0.089208,0.0,0.068637,0.049751,0.02861,0.0,0.046624,0.0,0.0,0.0446,0.0,0.0,0.090386,0.0,0.0,0.087843,0.0,0.0,0.0,0.0,0.0,0.0,0.079915,0.005305
2024-06-25,0.037696,0.0,0.0,0.0,0.0,0.0,0.0,0.069968,0.026161,0.0,0.0,0.094704,0.04546,0.044521,0.0,0.0,0.090497,0.0,0.0,0.086811,0.0,0.06823,0.049487,0.02837,0.0,0.047394,0.0,0.0,0.045192,0.0,0.0,0.090038,0.0,0.0,0.086383,0.0,0.0,0.0,0.0,0.0,0.0,0.083776,0.005311
2024-06-26,0.037715,0.0,0.0,0.0,0.0,0.0,0.0,0.070248,0.026047,0.0,0.0,0.095025,0.045322,0.044677,0.0,0.0,0.090549,0.0,0.0,0.087295,0.0,0.067799,0.049547,0.028344,0.0,0.047364,0.0,0.0,0.045297,0.0,0.0,0.0895,0.0,0.0,0.087296,0.0,0.0,0.0,0.0,0.0,0.0,0.082645,0.00533
2024-06-27,0.037675,0.0,0.0,0.0,0.0,0.0,0.0,0.070791,0.02615,0.0,0.0,0.095305,0.045143,0.045002,0.0,0.0,0.090397,0.0,0.0,0.087177,0.0,0.068104,0.0492,0.028316,0.0,0.046992,0.0,0.0,0.045206,0.0,0.0,0.090266,0.0,0.0,0.085967,0.0,0.0,0.0,0.0,0.0,0.0,0.082994,0.005316
2024-06-28,0.065265,0.065453,0.0,0.0,0.0,0.0,0.0,0.021254,0.044016,0.0,0.0,0.065414,0.042911,0.022704,0.0,0.0,0.065188,0.0,0.05513,0.051249,0.0,0.037693,0.065534,0.065736,0.027947,0.037127,0.0,0.0,0.0,0.0,0.0,0.031436,0.033668,0.065744,0.065595,0.0,0.0,0.0,0.0,0.0,0.0,0.065732,0.005204
2024-07-01,0.06489,0.065815,0.0,0.0,0.0,0.0,0.0,0.021397,0.043883,0.0,0.0,0.06511,0.042986,0.022592,0.0,0.0,0.064458,0.0,0.054257,0.049954,0.0,0.03781,0.065043,0.065253,0.028146,0.037108,0.0,0.0,0.0,0.0,0.0,0.031504,0.034007,0.065218,0.066089,0.0,0.0,0.0,0.0,0.0,0.0,0.069277,0.005203
2024-07-02,0.064906,0.065481,0.0,0.0,0.0,0.0,0.0,0.021342,0.04402,0.0,0.0,0.065531,0.043382,0.02282,0.0,0.0,0.064655,0.0,0.054226,0.0495,0.0,0.037038,0.065338,0.065433,0.028218,0.03754,0.0,0.0,0.0,0.0,0.0,0.031427,0.034077,0.066025,0.066176,0.0,0.0,0.0,0.0,0.0,0.0,0.067675,0.005192
2024-07-03,0.065106,0.06591,0.0,0.0,0.0,0.0,0.0,0.021306,0.044501,0.0,0.0,0.065167,0.042991,0.02238,0.0,0.0,0.064506,0.0,0.054308,0.049338,0.0,0.036622,0.064842,0.065438,0.02843,0.03794,0.0,0.0,0.0,0.0,0.0,0.031593,0.034968,0.065799,0.068063,0.0,0.0,0.0,0.0,0.0,0.0,0.065631,0.005161
2024-07-04,0.065319,0.065895,0.0,0.0,0.0,0.0,0.0,0.021302,0.044491,0.0,0.0,0.065152,0.042981,0.022375,0.0,0.0,0.064491,0.0,0.054295,0.049327,0.0,0.036614,0.064827,0.065423,0.028423,0.037932,0.0,0.0,0.0,0.0,0.0,0.031586,0.03496,0.065784,0.068047,0.0,0.0,0.0,0.0,0.0,0.0,0.065616,0.005161
2024-07-05,0.065346,0.066351,0.0,0.0,0.0,0.0,0.0,0.021367,0.0446,0.0,0.0,0.066328,0.042914,0.02203,0.0,0.0,0.064173,0.0,0.05431,0.048945,0.0,0.036903,0.065537,0.065451,0.028472,0.037956,0.0,0.0,0.0,0.0,0.0,0.031969,0.035717,0.066134,0.069151,0.0,0.0,0.0,0.0,0.0,0.0,0.061193,0.005155
2024-07-08,0.065543,0.066067,0.0,0.0,0.0,0.0,0.0,0.021371,0.045242,0.0,0.0,0.065776,0.04283,0.02204,0.0,0.0,0.064296,0.0,0.054508,0.049501,0.0,0.03754,0.065481,0.065563,0.028687,0.038702,0.0,0.0,0.0,0.0,0.0,0.031595,0.035302,0.065687,0.067845,0.0,0.0,0.0,0.0,0.0,0.0,0.061266,0.005159
2024-07-09,0.065333,0.065382,0.0,0.0,0.0,0.0,0.0,0.021402,0.045012,0.0,0.0,0.065819,0.043055,0.022349,0.0,0.0,0.063859,0.0,0.05382,0.049215,0.0,0.037907,0.065152,0.065593,0.028593,0.03859,0.0,0.0,0.0,0.0,0.0,0.031571,0.035203,0.066482,0.067823,0.0,0.0,0.0,0.0,0.0,0.0,0.062694,0.005147
2024-07-10,0.065247,0.06574,0.0,0.0,0.0,0.0,0.0,0.021213,0.045331,0.0,0.0,0.065778,0.042922,0.022642,0.0,0.0,0.063986,0.0,0.054166,0.049926,0.0,0.038088,0.064988,0.065757,0.028809,0.039213,0.0,0.0,0.0,0.0,0.0,0.031468,0.035011,0.065211,0.067713,0.0,0.0,0.0,0.0,0.0,0.0,0.061678,0.005113
2024-07-11,0.064891,0.065571,0.0,0.0,0.0,0.0,0.0,0.021113,0.044966,0.0,0.0,0.064401,0.042942,0.02329,0.0,0.0,0.064323,0.0,0.054503,0.05263,0.0,0.03879,0.064268,0.066466,0.027881,0.037645,0.0,0.0,0.0,0.0,0.0,0.031791,0.035395,0.065888,0.066945,0.0,0.0,0.0,0.0,0.0,0.0,0.061225,0.005075
2024-07-12,0.06508,0.06599,0.0,0.0,0.0,0.0,0.0,0.021063,0.044696,0.0,0.0,0.063841,0.042848,0.023224,0.0,0.0,0.064338,0.0,0.054724,0.053334,0.0,0.038971,0.064198,0.066588,0.027975,0.037894,0.0,0.0,0.0,0.0,0.0,0.031596,0.034513,0.065232,0.067564,0.0,0.0,0.0,0.0,0.0,0.0,0.061283,0.005048
2024-07-15,0.064918,0.065066,0.0,0.0,0.0,0.0,0.0,0.021028,0.043813,0.0,0.0,0.063862,0.043333,0.023768,0.0,0.0,0.064588,0.0,0.054407,0.053111,0.0,0.039213,0.063617,0.06476,0.027935,0.037813,0.0,0.0,0.0,0.0,0.0,0.031595,0.034291,0.064646,0.066109,0.0,0.0,0.0,0.0,0.0,0.0,0.067095,0.005032
2024-07-16,0.064064,0.064544,0.0,0.0,0.0,0.0,0.0,0.020853,0.043841,0.0,0.0,0.063279,0.043312,0.024446,0.0,0.0,0.065422,0.0,0.05481,0.055594,0.0,0.039509,0.063474,0.064496,0.027514,0.0376,0.0,0.0,0.0,0.0,0.0,0.031846,0.034589,0.062991,0.064624,0.0,0.0,0.0,0.0,0.0,0.0,0.068217,0.004974
2024-07-17,0.064485,0.06501,0.0,0.0,0.0,0.0,0.0,0.021018,0.042889,0.0,0.0,0.063113,0.044193,0.024973,0.0,0.0,0.065402,0.0,0.055389,0.055106,0.0,0.039204,0.065104,0.065349,0.026779,0.035368,0.0,0.0,0.0,0.0,0.0,0.032099,0.033876,0.063788,0.063433,0.0,0.0,0.0,0.0,0.0,0.0,0.068385,0.005038
2024-07-18,0.064491,0.065003,0.0,0.0,0.0,0.0,0.0,0.021211,0.042698,0.0,0.0,0.063587,0.044012,0.02477,0.0,0.0,0.065416,0.0,0.055285,0.05658,0.0,0.038627,0.065306,0.065822,0.026998,0.035762,0.0,0.0,0.0,0.0,0.0,0.032153,0.03357,0.064439,0.061469,0.0,0.0,0.0,0.0,0.0,0.0,0.06772,0.00508
2024-07-19,0.064205,0.064832,0.0,0.0,0.0,0.0,0.0,0.020922,0.042186,0.0,0.0,0.063521,0.043714,0.024883,0.0,0.0,0.065279,0.0,0.05498,0.056645,0.0,0.038747,0.065312,0.066123,0.026667,0.034786,0.0,0.0,0.0,0.0,0.0,0.031684,0.033054,0.063823,0.061551,0.0,0.0,0.0,0.0,0.0,0.0,0.071989,0.005097
2024-07-22,0.063913,0.065146,0.0,0.0,0.0,0.0,0.0,0.020898,0.041653,0.0,0.0,0.063211,0.04356,0.025051,0.0,0.0,0.065344,0.0,0.054662,0.056966,0.0,0.038938,0.064761,0.066074,0.02705,0.035899,0.0,0.0,0.0,0.0,0.0,0.031406,0.03268,0.064929,0.060443,0.0,0.0,0.0,0.0,0.0,0.0,0.072365,0.005052
2024-07-23,0.064589,0.064835,0.0,0.0,0.0,0.0,0.0,0.020653,0.041948,0.0,0.0,0.063366,0.04381,0.025476,0.0,0.0,0.065472,0.0,0.055092,0.057374,0.0,0.039433,0.064778,0.065917,0.027047,0.035501,0.0,0.0,0.0,0.0,0.0,0.031639,0.032868,0.06518,0.060224,0.0,0.0,0.0,0.0,0.0,0.0,0.069725,0.005072
2024-07-24,0.06435,0.065113,0.0,0.0,0.0,0.0,0.0,0.020826,0.041449,0.0,0.0,0.062554,0.043801,0.02538,0.0,0.0,0.064939,0.0,0.055131,0.056483,0.0,0.039683,0.065605,0.067569,0.026282,0.034072,0.0,0.0,0.0,0.0,0.0,0.031959,0.033005,0.065581,0.060274,0.0,0.0,0.0,0.0,0.0,0.0,0.070801,0.005141
2024-07-25,0.064224,0.065102,0.0,0.0,0.0,0.0,0.0,0.021011,0.041496,0.0,0.0,0.062033,0.044109,0.026039,0.0,0.0,0.065674,0.0,0.055465,0.05773,0.0,0.040592,0.065742,0.067226,0.026085,0.033421,0.0,0.0,0.0,0.0,0.0,0.031561,0.031835,0.065357,0.060312,0.0,0.0,0.0,0.0,0.0,0.0,0.069825,0.00516
2024-07-26,0.063348,0.065006,0.0,0.0,0.0,0.0,0.0,0.021077,0.041228,0.0,0.0,0.062223,0.044111,0.026067,0.0,0.0,0.065766,0.0,0.055504,0.058796,0.0,0.040189,0.065388,0.066839,0.02601,0.033613,0.0,0.0,0.0,0.0,0.0,0.031403,0.031431,0.06427,0.060275,0.0,0.0,0.0,0.0,0.0,0.0,0.072375,0.005081
2024-07-29,0.063464,0.064734,0.0,0.0,0.0,0.0,0.0,0.021154,0.040802,0.0,0.0,0.062981,0.044196,0.025675,0.0,0.0,0.06587,0.0,0.055786,0.059462,0.0,0.039818,0.06563,0.067362,0.02598,0.033654,0.0,0.0,0.0,0.0,0.0,0.031463,0.031486,0.063755,0.060021,0.0,0.0,0.0,0.0,0.0,0.0,0.071607,0.005098
2024-07-30,0.063544,0.065061,0.0,0.0,0.0,0.0,0.0,0.02119,0.040825,0.0,0.0,0.06332,0.044766,0.025916,0.0,0.0,0.066152,0.0,0.055678,0.060068,0.0,0.039363,0.065275,0.067803,0.025362,0.032476,0.0,0.0,0.0,0.0,0.0,0.03182,0.032011,0.064382,0.059646,0.0,0.0,0.0,0.0,0.0,0.0,0.070235,0.005106
2024-07-31,0.075431,0.032631,0.0,0.0,0.075713,0.012675,0.0,0.031224,0.031296,0.0,0.0,0.075704,0.053166,0.022487,0.034259,0.0,0.055097,0.0,0.0,0.0,0.0,0.0,0.075796,0.075837,0.028679,0.046586,0.0,0.0,0.0,0.0,0.0,0.037359,0.037923,0.042783,0.07581,0.0,0.0,0.0,0.0,0.0,0.0,0.075858,0.003687
2024-08-01,0.075655,0.032505,0.0,0.0,0.076091,0.01272,0.0,0.031414,0.030997,0.0,0.0,0.077324,0.053317,0.021921,0.033927,0.0,0.055009,0.0,0.0,0.0,0.0,0.0,0.077817,0.078534,0.028086,0.043975,0.0,0.0,0.0,0.0,0.0,0.037872,0.038051,0.042642,0.073521,0.0,0.0,0.0,0.0,0.0,0.0,0.074868,0.003751
2024-08-02,0.07466,0.03275,0.0,0.0,0.075349,0.01287,0.0,0.031596,0.030588,0.0,0.0,0.077228,0.0528,0.021494,0.033556,0.0,0.05462,0.0,0.0,0.0,0.0,0.0,0.079698,0.079861,0.027713,0.042273,0.0,0.0,0.0,0.0,0.0,0.038377,0.038646,0.043348,0.073712,0.0,0.0,0.0,0.0,0.0,0.0,0.075051,0.003809
2024-08-05,0.075803,0.033122,0.0,0.0,0.076041,0.013245,0.0,0.031864,0.030056,0.0,0.0,0.077581,0.053023,0.021597,0.033939,0.0,0.055509,0.0,0.0,0.0,0.0,0.0,0.080803,0.080413,0.027707,0.042948,0.0,0.0,0.0,0.0,0.0,0.039187,0.038157,0.045313,0.073347,0.0,0.0,0.0,0.0,0.0,0.0,0.066406,0.003939
2024-08-06,0.075426,0.032881,0.0,0.0,0.075595,0.013095,0.0,0.03167,0.030077,0.0,0.0,0.077721,0.053348,0.021499,0.03381,0.0,0.055622,0.0,0.0,0.0,0.0,0.0,0.080563,0.080292,0.027807,0.04291,0.0,0.0,0.0,0.0,0.0,0.03849,0.037447,0.045209,0.07277,0.0,0.0,0.0,0.0,0.0,0.0,0.069867,0.003901
2024-08-07,0.076716,0.033018,0.0,0.0,0.077422,0.013197,0.0,0.031863,0.030587,0.0,0.0,0.077513,0.053552,0.021445,0.034036,0.0,0.055499,0.0,0.0,0.0,0.0,0.0,0.080857,0.080956,0.027428,0.041824,0.0,0.0,0.0,0.0,0.0,0.038565,0.037073,0.045997,0.071142,0.0,0.0,0.0,0.0,0.0,0.0,0.0674,0.003912
2024-08-08,0.07499,0.032785,0.0,0.0,0.076277,0.013212,0.0,0.031491,0.031097,0.0,0.0,0.077419,0.053288,0.021416,0.034048,0.0,0.055602,0.0,0.0,0.0,0.0,0.0,0.079899,0.079365,0.027863,0.043783,0.0,0.0,0.0,0.0,0.0,0.038358,0.037319,0.044501,0.071521,0.0,0.0,0.0,0.0,0.0,0.0,0.071936,0.003831
2024-08-09,0.074978,0.032815,0.0,0.0,0.076242,0.013087,0.0,0.031332,0.031312,0.0,0.0,0.077658,0.053227,0.021258,0.03394,0.0,0.055311,0.0,0.0,0.0,0.0,0.0,0.079589,0.079206,0.027837,0.04329,0.0,0.0,0.0,0.0,0.0,0.038245,0.037103,0.045061,0.071673,0.0,0.0,0.0,0.0,0.0,0.0,0.073024,0.003812
2024-08-12,0.075196,0.032739,0.0,0.0,0.076804,0.013224,0.0,0.031268,0.031546,0.0,0.0,0.077127,0.052956,0.021044,0.03411,0.0,0.055035,0.0,0.0,0.0,0.0,0.0,0.079194,0.079353,0.028067,0.043543,0.0,0.0,0.0,0.0,0.0,0.038904,0.037834,0.044637,0.072789,0.0,0.0,0.0,0.0,0.0,0.0,0.070817,0.003813
2024-08-13,0.075344,0.032867,0.0,0.0,0.07643,0.013172,0.0,0.030897,0.03195,0.0,0.0,0.077399,0.052896,0.021103,0.033464,0.0,0.055094,0.0,0.0,0.0,0.0,0.0,0.078812,0.079069,0.028659,0.044887,0.0,0.0,0.0,0.0,0.0,0.038481,0.037377,0.043795,0.072179,0.0,0.0,0.0,0.0,0.0,0.0,0.072347,0.003777
2024-08-14,0.076169,0.033113,0.0,0.0,0.076652,0.01293,0.0,0.03087,0.031918,0.0,0.0,0.077111,0.05365,0.02112,0.033727,0.0,0.05543,0.0,0.0,0.0,0.0,0.0,0.079329,0.079174,0.028874,0.044864,0.0,0.0,0.0,0.0,0.0,0.038244,0.037025,0.043902,0.072039,0.0,0.0,0.0,0.0,0.0,0.0,0.070076,0.003785
2024-08-15,0.076392,0.03308,0.0,0.0,0.076581,0.012975,0.0,0.030804,0.031785,0.0,0.0,0.076945,0.053548,0.021347,0.033752,0.0,0.055554,0.0,0.0,0.0,0.0,0.0,0.07926,0.078286,0.029375,0.0465,0.0,0.0,0.0,0.0,0.0,0.037939,0.037678,0.043379,0.073877,0.0,0.0,0.0,0.0,0.0,0.0,0.067199,0.003744
2024-08-16,0.075884,0.032974,0.0,0.0,0.076505,0.013073,0.0,0.030813,0.031844,0.0,0.0,0.076517,0.053481,0.021478,0.033426,0.0,0.055,0.0,0.0,0.0,0.0,0.0,0.078796,0.077962,0.029172,0.046004,0.0,0.0,0.0,0.0,0.0,0.038456,0.038179,0.043207,0.073698,0.0,0.0,0.0,0.0,0.0,0.0,0.069819,0.003712
2024-08-19,0.075987,0.033071,0.0,0.0,0.076704,0.013061,0.0,0.030627,0.032084,0.0,0.0,0.076756,0.053336,0.021498,0.033377,0.0,0.054883,0.0,0.0,0.0,0.0,0.0,0.078416,0.077835,0.029411,0.046405,0.0,0.0,0.0,0.0,0.0,0.03808,0.038441,0.043627,0.074358,0.0,0.0,0.0,0.0,0.0,0.0,0.06836,0.003683
2024-08-20,0.076276,0.033072,0.0,0.0,0.076455,0.012791,0.0,0.030766,0.031878,0.0,0.0,0.076914,0.053313,0.021207,0.032587,0.0,0.054883,0.0,0.0,0.0,0.0,0.0,0.079021,0.077883,0.029389,0.045917,0.0,0.0,0.0,0.0,0.0,0.038325,0.038604,0.044072,0.07387,0.0,0.0,0.0,0.0,0.0,0.0,0.069083,0.003694
2024-08-21,0.075985,0.033093,0.0,0.0,0.07622,0.012837,0.0,0.030704,0.031582,0.0,0.0,0.076638,0.052812,0.021116,0.032388,0.0,0.054784,0.0,0.0,0.0,0.0,0.0,0.078936,0.077823,0.029331,0.046205,0.0,0.0,0.0,0.0,0.0,0.037975,0.038417,0.043746,0.07479,0.0,0.0,0.0,0.0,0.0,0.0,0.070953,0.003665
2024-08-22,0.076601,0.03319,0.0,0.0,0.076166,0.012844,0.0,0.0309,0.031161,0.0,0.0,0.076734,0.053585,0.021395,0.032759,0.0,0.055201,0.0,0.0,0.0,0.0,0.0,0.079519,0.078419,0.02891,0.045022,0.0,0.0,0.0,0.0,0.0,0.037853,0.037952,0.044152,0.073892,0.0,0.0,0.0,0.0,0.0,0.0,0.070046,0.003698
2024-08-23,0.075901,0.033203,0.0,0.0,0.075962,0.012777,0.0,0.030552,0.031535,0.0,0.0,0.076002,0.053158,0.021942,0.032702,0.0,0.054836,0.0,0.0,0.0,0.0,0.0,0.078432,0.077345,0.028896,0.045468,0.0,0.0,0.0,0.0,0.0,0.037661,0.038474,0.04378,0.075013,0.0,0.0,0.0,0.0,0.0,0.0,0.072725,0.003638
2024-08-26,0.075885,0.033092,0.0,0.0,0.075945,0.012528,0.0,0.030604,0.031256,0.0,0.0,0.076159,0.053314,0.021827,0.032988,0.0,0.054765,0.0,0.0,0.0,0.0,0.0,0.07897,0.077831,0.028527,0.044317,0.0,0.0,0.0,0.0,0.0,0.037773,0.038635,0.044285,0.075338,0.0,0.0,0.0,0.0,0.0,0.0,0.072323,0.003638
2024-08-27,0.075817,0.033289,0.0,0.0,0.075324,0.012597,0.0,0.030645,0.031419,0.0,0.0,0.076112,0.053678,0.021703,0.032735,0.0,0.05489,0.0,0.0,0.0,0.0,0.0,0.079294,0.077344,0.028748,0.044882,0.0,0.0,0.0,0.0,0.0,0.037938,0.038756,0.044448,0.075737,0.0,0.0,0.0,0.0,0.0,0.0,0.071,0.003644
2024-08-28,0.076388,0.033505,0.0,0.0,0.075908,0.012492,0.0,0.030965,0.031687,0.0,0.0,0.076424,0.054391,0.022111,0.032876,0.0,0.055457,0.0,0.0,0.0,0.0,0.0,0.079811,0.078179,0.028657,0.044549,0.0,0.0,0.0,0.0,0.0,0.038078,0.038215,0.044766,0.073896,0.0,0.0,0.0,0.0,0.0,0.0,0.067959,0.003684
2024-08-29,0.076742,0.03352,0.0,0.0,0.076028,0.012598,0.0,0.030946,0.031643,0.0,0.0,0.076061,0.054728,0.022106,0.033215,0.0,0.055697,0.0,0.0,0.0,0.0,0.0,0.079199,0.078394,0.028322,0.044301,0.0,0.0,0.0,0.0,0.0,0.038173,0.038284,0.044538,0.073663,0.0,0.0,0.0,0.0,0.0,0.0,0.068167,0.003675
2024-08-30,0.066848,0.0,0.0,0.0,0.067154,0.0,0.0,0.033751,0.033406,0.0,0.0,0.067319,0.033497,0.033644,0.0,0.0,0.048612,0.0,0.067235,0.067017,0.0,0.067053,0.067128,0.067277,0.0,0.026645,0.0,0.0,0.0,0.066908,0.0,0.03237,0.033651,0.0,0.03198,0.0,0.0,0.0,0.0,0.0,0.031922,0.051012,0.00557
2024-09-02,0.067289,0.0,0.0,0.0,0.067091,0.0,0.0,0.033736,0.033391,0.0,0.0,0.06729,0.033483,0.033629,0.0,0.0,0.048591,0.0,0.067206,0.066988,0.0,0.067024,0.067099,0.067247,0.0,0.026633,0.0,0.0,0.0,0.066879,0.0,0.032356,0.033636,0.0,0.031966,0.0,0.0,0.0,0.0,0.0,0.031908,0.05099,0.005568
2024-09-03,0.067595,0.0,0.0,0.0,0.067386,0.0,0.0,0.034069,0.032634,0.0,0.0,0.06722,0.033819,0.033757,0.0,0.0,0.048352,0.0,0.066837,0.06633,0.0,0.066452,0.06876,0.068332,0.0,0.025034,0.0,0.0,0.0,0.068021,0.0,0.032783,0.033228,0.0,0.030082,0.0,0.0,0.0,0.0,0.0,0.032342,0.051301,0.005667
2024-09-04,0.06708,0.0,0.0,0.0,0.067264,0.0,0.0,0.034237,0.032345,0.0,0.0,0.066914,0.033864,0.033467,0.0,0.0,0.048412,0.0,0.066577,0.066273,0.0,0.066374,0.069099,0.068932,0.0,0.025122,0.0,0.0,0.0,0.06823,0.0,0.032811,0.033366,0.0,0.030066,0.0,0.0,0.0,0.0,0.0,0.032495,0.051401,0.005669
2024-09-05,0.066956,0.0,0.0,0.0,0.06734,0.0,0.0,0.034214,0.032733,0.0,0.0,0.067428,0.03365,0.033306,0.0,0.0,0.048074,0.0,0.066367,0.066127,0.0,0.06639,0.06916,0.069086,0.0,0.025105,0.0,0.0,0.0,0.06833,0.0,0.033241,0.034242,0.0,0.030043,0.0,0.0,0.0,0.0,0.0,0.032773,0.049739,0.005697
2024-09-06,0.067116,0.0,0.0,0.0,0.067418,0.0,0.0,0.034261,0.032242,0.0,0.0,0.066962,0.03363,0.033134,0.0,0.0,0.048267,0.0,0.066466,0.067407,0.0,0.066269,0.070006,0.069407,0.0,0.024374,0.0,0.0,0.0,0.069242,0.0,0.033466,0.033739,0.0,0.029516,0.0,0.0,0.0,0.0,0.0,0.033166,0.048132,0.00578
2024-09-09,0.06672,0.0,0.0,0.0,0.066854,0.0,0.0,0.034106,0.032573,0.0,0.0,0.066428,0.033714,0.032941,0.0,0.0,0.048409,0.0,0.06629,0.066861,0.0,0.066388,0.069684,0.069255,0.0,0.024552,0.0,0.0,0.0,0.06916,0.0,0.033197,0.03381,0.0,0.029579,0.0,0.0,0.0,0.0,0.0,0.03285,0.050921,0.00571
2024-09-10,0.066641,0.0,0.0,0.0,0.066421,0.0,0.0,0.034093,0.032242,0.0,0.0,0.066282,0.033304,0.032595,0.0,0.0,0.048397,0.0,0.066189,0.067076,0.0,0.066401,0.069531,0.069444,0.0,0.024762,0.0,0.0,0.0,0.070024,0.0,0.033278,0.033862,0.0,0.029393,0.0,0.0,0.0,0.0,0.0,0.032811,0.051554,0.005699
2024-09-11,0.06613,0.0,0.0,0.0,0.06619,0.0,0.0,0.034094,0.032953,0.0,0.0,0.066456,0.033096,0.032207,0.0,0.0,0.04841,0.0,0.066248,0.066605,0.0,0.066839,0.068777,0.069553,0.0,0.025873,0.0,0.0,0.0,0.06978,0.0,0.033174,0.034044,0.0,0.029912,0.0,0.0,0.0,0.0,0.0,0.032845,0.051123,0.005691
2024-09-12,0.066721,0.0,0.0,0.0,0.066423,0.0,0.0,0.034077,0.03289,0.0,0.0,0.066926,0.032792,0.032016,0.0,0.0,0.048226,0.0,0.066095,0.067281,0.0,0.066183,0.06841,0.06891,0.0,0.025464,0.0,0.0,0.0,0.069274,0.0,0.033371,0.035137,0.0,0.030449,0.0,0.0,0.0,0.0,0.0,0.032523,0.051205,0.005627
2024-09-13,0.066609,0.0,0.0,0.0,0.066254,0.0,0.0,0.033684,0.032491,0.0,0.0,0.066688,0.032458,0.032369,0.0,0.0,0.048078,0.0,0.065821,0.068382,0.0,0.066735,0.067994,0.068967,0.0,0.02558,0.0,0.0,0.0,0.069082,0.0,0.033262,0.035632,0.0,0.030382,0.0,0.0,0.0,0.0,0.0,0.032243,0.051735,0.005554
2024-09-16,0.066388,0.0,0.0,0.0,0.066112,0.0,0.0,0.033757,0.032418,0.0,0.0,0.067208,0.032794,0.032686,0.0,0.0,0.048197,0.0,0.066256,0.068613,0.0,0.066605,0.06808,0.069309,0.0,0.025173,0.0,0.0,0.0,0.06913,0.0,0.033171,0.035601,0.0,0.030631,0.0,0.0,0.0,0.0,0.0,0.032355,0.049975,0.00554
2024-09-17,0.066634,0.0,0.0,0.0,0.066291,0.0,0.0,0.033591,0.032193,0.0,0.0,0.067075,0.032903,0.032863,0.0,0.0,0.048365,0.0,0.066251,0.069031,0.0,0.066255,0.0673,0.069119,0.0,0.025153,0.0,0.0,0.0,0.068511,0.0,0.032922,0.035391,0.0,0.030672,0.0,0.0,0.0,0.0,0.0,0.032284,0.051666,0.00553
2024-09-18,0.066536,0.0,0.0,0.0,0.066253,0.0,0.0,0.033543,0.032134,0.0,0.0,0.067272,0.032924,0.033116,0.0,0.0,0.048505,0.0,0.066215,0.069196,0.0,0.066411,0.067293,0.068851,0.0,0.024969,0.0,0.0,0.0,0.068684,0.0,0.032791,0.034608,0.0,0.030949,0.0,0.0,0.0,0.0,0.0,0.032311,0.051888,0.005551
2024-09-19,0.06655,0.0,0.0,0.0,0.066343,0.0,0.0,0.033268,0.032652,0.0,0.0,0.067102,0.03276,0.033398,0.0,0.0,0.048557,0.0,0.066148,0.069735,0.0,0.066407,0.065834,0.067361,0.0,0.025619,0.0,0.0,0.0,0.067607,0.0,0.032772,0.035122,0.0,0.031548,0.0,0.0,0.0,0.0,0.0,0.031938,0.053815,0.005464
2024-09-20,0.066273,0.0,0.0,0.0,0.06648,0.0,0.0,0.033706,0.032392,0.0,0.0,0.067257,0.032814,0.032929,0.0,0.0,0.048328,0.0,0.065832,0.06827,0.0,0.066027,0.066305,0.069299,0.0,0.025302,0.0,0.0,0.0,0.067494,0.0,0.033265,0.035604,0.0,0.031425,0.0,0.0,0.0,0.0,0.0,0.03195,0.053573,0.005477
2024-09-23,0.066478,0.0,0.0,0.0,0.06689,0.0,0.0,0.033835,0.032504,0.0,0.0,0.067186,0.032666,0.032707,0.0,0.0,0.048492,0.0,0.066189,0.068615,0.0,0.064252,0.06647,0.069756,0.0,0.025317,0.0,0.0,0.0,0.067939,0.0,0.03322,0.034949,0.0,0.031531,0.0,0.0,0.0,0.0,0.0,0.031753,0.05379,0.00546
2024-09-24,0.066046,0.0,0.0,0.0,0.068086,0.0,0.0,0.0334,0.033262,0.0,0.0,0.06694,0.032123,0.032014,0.0,0.0,0.048433,0.0,0.066532,0.067978,0.0,0.063408,0.065757,0.068683,0.0,0.02541,0.0,0.0,0.0,0.067468,0.0,0.033402,0.036392,0.0,0.033494,0.0,0.0,0.0,0.0,0.0,0.031528,0.054231,0.005415
2024-09-25,0.066455,0.0,0.0,0.0,0.068361,0.0,0.0,0.033619,0.03332,0.0,0.0,0.067112,0.032113,0.03178,0.0,0.0,0.048482,0.0,0.066466,0.067199,0.0,0.06315,0.065966,0.06944,0.0,0.025731,0.0,0.0,0.0,0.067401,0.0,0.033547,0.036202,0.0,0.033088,0.0,0.0,0.0,0.0,0.0,0.031614,0.053506,0.005447
2024-09-26,0.066114,0.0,0.0,0.0,0.069629,0.0,0.0,0.033438,0.033816,0.0,0.0,0.066831,0.031963,0.031749,0.0,0.0,0.048249,0.0,0.067181,0.066881,0.0,0.062816,0.065472,0.068291,0.0,0.026391,0.0,0.0,0.0,0.066139,0.0,0.033389,0.036095,0.0,0.034498,0.0,0.0,0.0,0.0,0.0,0.031349,0.054314,0.005395
2024-09-27,0.066137,0.0,0.0,0.0,0.069724,0.0,0.0,0.033342,0.033232,0.0,0.0,0.067121,0.032001,0.031726,0.0,0.0,0.048236,0.0,0.06695,0.067784,0.0,0.062863,0.06548,0.068852,0.0,0.025929,0.0,0.0,0.0,0.066111,0.0,0.033068,0.035542,0.0,0.034197,0.0,0.0,0.0,0.0,0.0,0.03135,0.054968,0.005387
2024-09-30,0.066126,0.066302,0.0,0.0,0.057342,0.011868,0.0,0.027895,0.026198,0.0,0.0,0.066197,0.03301,0.033053,0.0,0.0,0.065882,0.0,0.0,0.066142,0.066102,0.0,0.066196,0.0664,0.0,0.0,0.0,0.0,0.0,0.066399,0.0,0.043926,0.02134,0.066403,0.03506,0.0,0.0,0.0,0.0,0.0,0.043184,0.0,0.004975
2024-10-01,0.065938,0.065733,0.0,0.0,0.057271,0.012382,0.0,0.0278,0.026089,0.0,0.0,0.066419,0.03292,0.032217,0.0,0.0,0.066085,0.0,0.0,0.066551,0.065924,0.0,0.066142,0.067106,0.0,0.0,0.0,0.0,0.0,0.066139,0.0,0.044501,0.021522,0.065093,0.035759,0.0,0.0,0.0,0.0,0.0,0.043418,0.0,0.004989
2024-10-02,0.066009,0.0655,0.0,0.0,0.058222,0.013194,0.0,0.027707,0.026122,0.0,0.0,0.066185,0.032942,0.032147,0.0,0.0,0.065935,0.0,0.0,0.065903,0.065762,0.0,0.065555,0.067111,0.0,0.0,0.0,0.0,0.0,0.065879,0.0,0.044491,0.021829,0.065116,0.036101,0.0,0.0,0.0,0.0,0.0,0.043302,0.0,0.004986
2024-10-03,0.066094,0.065153,0.0,0.0,0.058273,0.012926,0.0,0.027551,0.026308,0.0,0.0,0.066366,0.03297,0.03239,0.0,0.0,0.066005,0.0,0.0,0.066126,0.065572,0.0,0.065301,0.067501,0.0,0.0,0.0,0.0,0.0,0.065682,0.0,0.044736,0.022139,0.06557,0.034933,0.0,0.0,0.0,0.0,0.0,0.043388,0.0,0.005019
2024-10-04,0.066045,0.065363,0.0,0.0,0.058299,0.013368,0.0,0.027379,0.026313,0.0,0.0,0.066953,0.033452,0.032915,0.0,0.0,0.066316,0.0,0.0,0.064774,0.065476,0.0,0.06537,0.067241,0.0,0.0,0.0,0.0,0.0,0.065218,0.0,0.044546,0.022187,0.065013,0.035638,0.0,0.0,0.0,0.0,0.0,0.043127,0.0,0.005008
2024-10-07,0.066687,0.065322,0.0,0.0,0.059235,0.014068,0.0,0.027027,0.026408,0.0,0.0,0.066404,0.033217,0.032899,0.0,0.0,0.066505,0.0,0.0,0.065017,0.065532,0.0,0.065064,0.066043,0.0,0.0,0.0,0.0,0.0,0.064985,0.0,0.04463,0.021978,0.064843,0.03594,0.0,0.0,0.0,0.0,0.0,0.043159,0.0,0.005035
2024-10-08,0.066715,0.0654,0.0,0.0,0.058054,0.012575,0.0,0.027575,0.026786,0.0,0.0,0.067137,0.033482,0.032927,0.0,0.0,0.066799,0.0,0.0,0.06565,0.066033,0.0,0.06553,0.066222,0.0,0.0,0.0,0.0,0.0,0.065259,0.0,0.044399,0.021326,0.065372,0.034387,0.0,0.0,0.0,0.0,0.0,0.043324,0.0,0.005047
2024-10-09,0.066962,0.065481,0.0,0.0,0.057724,0.012251,0.0,0.027635,0.026713,0.0,0.0,0.067,0.033712,0.033222,0.0,0.0,0.067236,0.0,0.0,0.065663,0.066549,0.0,0.06577,0.0655,0.0,0.0,0.0,0.0,0.0,0.065173,0.0,0.044052,0.021161,0.06581,0.034201,0.0,0.0,0.0,0.0,0.0,0.043151,0.0,0.005035
2024-10-10,0.067074,0.065407,0.0,0.0,0.057867,0.012362,0.0,0.027568,0.026819,0.0,0.0,0.066621,0.033668,0.033224,0.0,0.0,0.06701,0.0,0.0,0.064809,0.066419,0.0,0.065595,0.065416,0.0,0.0,0.0,0.0,0.0,0.064709,0.0,0.044454,0.021594,0.066416,0.034764,0.0,0.0,0.0,0.0,0.0,0.043157,0.0,0.005046
2024-10-11,0.066854,0.065204,0.0,0.0,0.057754,0.012315,0.0,0.027355,0.026888,0.0,0.0,0.066459,0.034,0.033901,0.0,0.0,0.067576,0.0,0.0,0.064616,0.066286,0.0,0.065348,0.065379,0.0,0.0,0.0,0.0,0.0,0.064834,0.0,0.044523,0.021711,0.066311,0.034874,0.0,0.0,0.0,0.0,0.0,0.042813,0.0,0.004999
2024-10-14,0.06692,0.065176,0.0,0.0,0.057404,0.012023,0.0,0.027316,0.026924,0.0,0.0,0.06652,0.034085,0.034112,0.0,0.0,0.067728,0.0,0.0,0.065734,0.066405,0.0,0.065368,0.065958,0.0,0.0,0.0,0.0,0.0,0.064982,0.0,0.044285,0.021435,0.065683,0.034218,0.0,0.0,0.0,0.0,0.0,0.042742,0.0,0.004982
2024-10-15,0.066836,0.064343,0.0,0.0,0.056509,0.011453,0.0,0.027217,0.026598,0.0,0.0,0.066799,0.034225,0.034499,0.0,0.0,0.067341,0.0,0.0,0.066297,0.065724,0.0,0.065913,0.066385,0.0,0.0,0.0,0.0,0.0,0.065896,0.0,0.044527,0.021605,0.066272,0.033625,0.0,0.0,0.0,0.0,0.0,0.042942,0.0,0.004993
2024-10-16,0.066275,0.064081,0.0,0.0,0.05649,0.011545,0.0,0.027095,0.02677,0.0,0.0,0.066396,0.034463,0.0348,0.0,0.0,0.067498,0.0,0.0,0.066828,0.065555,0.0,0.065512,0.067339,0.0,0.0,0.0,0.0,0.0,0.066262,0.0,0.044509,0.021639,0.065257,0.033902,0.0,0.0,0.0,0.0,0.0,0.042818,0.0,0.004965
2024-10-17,0.066857,0.064344,0.0,0.0,0.056492,0.011267,0.0,0.026836,0.027573,0.0,0.0,0.066276,0.034658,0.035183,0.0,0.0,0.067502,0.0,0.0,0.066473,0.065365,0.0,0.065409,0.066937,0.0,0.0,0.0,0.0,0.0,0.065932,0.0,0.044907,0.021688,0.065296,0.033357,0.0,0.0,0.0,0.0,0.0,0.04267,0.0,0.004981
2024-10-18,0.066498,0.06445,0.0,0.0,0.056751,0.011694,0.0,0.026784,0.027378,0.0,0.0,0.066377,0.034463,0.034537,0.0,0.0,0.067311,0.0,0.0,0.066876,0.065299,0.0,0.06517,0.06693,0.0,0.0,0.0,0.0,0.0,0.066035,0.0,0.045119,0.022867,0.064232,0.033759,0.0,0.0,0.0,0.0,0.0,0.042518,0.0,0.004953
2024-10-21,0.066698,0.064434,0.0,0.0,0.056505,0.011677,0.0,0.026879,0.027442,0.0,0.0,0.0668,0.034542,0.033903,0.0,0.0,0.067768,0.0,0.0,0.065233,0.0652,0.0,0.065292,0.067359,0.0,0.0,0.0,0.0,0.0,0.065411,0.0,0.045577,0.023262,0.064795,0.033684,0.0,0.0,0.0,0.0,0.0,0.042535,0.0,0.005004
2024-10-22,0.06682,0.064275,0.0,0.0,0.05667,0.011807,0.0,0.026636,0.027614,0.0,0.0,0.066993,0.034527,0.034254,0.0,0.0,0.067046,0.0,0.0,0.063142,0.0652,0.0,0.065756,0.067218,0.0,0.0,0.0,0.0,0.0,0.065603,0.0,0.046136,0.023968,0.064634,0.034188,0.0,0.0,0.0,0.0,0.0,0.042499,0.0,0.005012
2024-10-23,0.066674,0.064132,0.0,0.0,0.056655,0.011788,0.0,0.026686,0.027298,0.0,0.0,0.066766,0.034643,0.03438,0.0,0.0,0.067133,0.0,0.0,0.063219,0.065168,0.0,0.065905,0.068149,0.0,0.0,0.0,0.0,0.0,0.066362,0.0,0.045773,0.023288,0.064753,0.033674,0.0,0.0,0.0,0.0,0.0,0.04252,0.0,0.005034
2024-10-24,0.066746,0.064485,0.0,0.0,0.056412,0.011711,0.0,0.026683,0.027325,0.0,0.0,0.067049,0.0347,0.034559,0.0,0.0,0.066724,0.0,0.0,0.063953,0.064791,0.0,0.065869,0.067764,0.0,0.0,0.0,0.0,0.0,0.06656,0.0,0.046162,0.023292,0.063802,0.033648,0.0,0.0,0.0,0.0,0.0,0.042727,0.0,0.005039
2024-10-25,0.067389,0.064442,0.0,0.0,0.056832,0.011789,0.0,0.026452,0.027776,0.0,0.0,0.06749,0.034456,0.034071,0.0,0.0,0.066816,0.0,0.0,0.063245,0.064695,0.0,0.065585,0.067028,0.0,0.0,0.0,0.0,0.0,0.066199,0.0,0.046443,0.02334,0.064136,0.033859,0.0,0.0,0.0,0.0,0.0,0.042899,0.0,0.00506
2024-10-28,0.067025,0.06472,0.0,0.0,0.056704,0.011896,0.0,0.02654,0.027233,0.0,0.0,0.067578,0.034709,0.034851,0.0,0.0,0.066675,0.0,0.0,0.06353,0.064464,0.0,0.065375,0.067212,0.0,0.0,0.0,0.0,0.0,0.066071,0.0,0.046211,0.023298,0.064326,0.033823,0.0,0.0,0.0,0.0,0.0,0.042725,0.0,0.005035
2024-10-29,0.067175,0.064402,0.0,0.0,0.056767,0.011823,0.0,0.026668,0.027266,0.0,0.0,0.068456,0.034618,0.034823,0.0,0.0,0.066823,0.0,0.0,0.061937,0.064515,0.0,0.064961,0.066011,0.0,0.0,0.0,0.0,0.0,0.06583,0.0,0.04688,0.023883,0.065303,0.033831,0.0,0.0,0.0,0.0,0.0,0.042975,0.0,0.005053
2024-10-30,0.067302,0.063953,0.0,0.0,0.056221,0.01169,0.0,0.026573,0.026986,0.0,0.0,0.068938,0.034806,0.035148,0.0,0.0,0.066774,0.0,0.0,0.062123,0.064455,0.0,0.064918,0.065916,0.0,0.0,0.0,0.0,0.0,0.066183,0.0,0.047184,0.023464,0.065881,0.033457,0.0,0.0,0.0,0.0,0.0,0.04297,0.0,0.005058
2024-10-31,0.07036,0.0,0.0,0.0,0.070343,0.027583,0.0,0.027668,0.014501,0.0,0.070204,0.069986,0.035155,0.034935,0.0,0.0,0.070372,0.0,0.0,0.070362,0.0,0.0,0.070253,0.070283,0.034986,0.0,0.0,0.0,0.0,0.070255,0.0,0.054186,0.014982,0.0,0.0,0.0,0.0,0.0,0.049875,0.020022,0.048905,0.0,0.004785
2024-11-01,0.07083,0.0,0.0,0.0,0.070906,0.027714,0.0,0.027691,0.014657,0.0,0.07135,0.070265,0.035278,0.034656,0.0,0.0,0.070472,0.0,0.0,0.070325,0.0,0.0,0.070285,0.068722,0.035252,0.0,0.0,0.0,0.0,0.069484,0.0,0.053968,0.014848,0.0,0.0,0.0,0.0,0.0,0.049882,0.019914,0.048715,0.0,0.004786
2024-11-04,0.070477,0.0,0.0,0.0,0.071201,0.0279,0.0,0.027387,0.014753,0.0,0.071049,0.069975,0.034979,0.034374,0.0,0.0,0.070339,0.0,0.0,0.071315,0.0,0.0,0.070423,0.067852,0.035198,0.0,0.0,0.0,0.0,0.070191,0.0,0.054003,0.014881,0.0,0.0,0.0,0.0,0.0,0.049983,0.020046,0.048888,0.0,0.004783
2024-11-05,0.070185,0.0,0.0,0.0,0.071163,0.028234,0.0,0.027299,0.01478,0.0,0.071482,0.069943,0.034901,0.034525,0.0,0.0,0.0707,0.0,0.0,0.072096,0.0,0.0,0.070061,0.068086,0.035286,0.0,0.0,0.0,0.0,0.070311,0.0,0.053507,0.014771,0.0,0.0,0.0,0.0,0.0,0.04955,0.019911,0.048479,0.0,0.004729
2024-11-06,0.070734,0.0,0.0,0.0,0.069664,0.027316,0.0,0.027338,0.014512,0.0,0.073351,0.071258,0.036814,0.038424,0.0,0.0,0.073054,0.0,0.0,0.070167,0.0,0.0,0.068528,0.067001,0.036086,0.0,0.0,0.0,0.0,0.068426,0.0,0.051588,0.014036,0.0,0.0,0.0,0.0,0.0,0.049357,0.019593,0.048051,0.0,0.004702
2024-11-07,0.071015,0.0,0.0,0.0,0.070667,0.028551,0.0,0.027013,0.014759,0.0,0.073677,0.071593,0.035919,0.036866,0.0,0.0,0.072012,0.0,0.0,0.070182,0.0,0.0,0.068208,0.066565,0.036411,0.0,0.0,0.0,0.0,0.068672,0.0,0.051983,0.014252,0.0,0.0,0.0,0.0,0.0,0.049158,0.01966,0.048174,0.0,0.004665
2024-11-08,0.070913,0.0,0.0,0.0,0.068934,0.026939,0.0,0.026682,0.014562,0.0,0.074595,0.071123,0.036181,0.037002,0.0,0.0,0.072661,0.0,0.0,0.070686,0.0,0.0,0.068918,0.067726,0.036308,0.0,0.0,0.0,0.0,0.069578,0.0,0.051542,0.01392,0.0,0.0,0.0,0.0,0.0,0.049154,0.019694,0.048223,0.0,0.004658
2024-11-11,0.071088,0.0,0.0,0.0,0.068348,0.026901,0.0,0.026727,0.014219,0.0,0.075976,0.071406,0.036637,0.037991,0.0,0.0,0.073105,0.0,0.0,0.070822,0.0,0.0,0.068568,0.067804,0.036049,0.0,0.0,0.0,0.0,0.069118,0.0,0.050251,0.013649,0.0,0.0,0.0,0.0,0.0,0.049019,0.019625,0.048045,0.0,0.00465
2024-11-12,0.07123,0.0,0.0,0.0,0.067674,0.02628,0.0,0.026627,0.014167,0.0,0.075695,0.072433,0.036884,0.038137,0.0,0.0,0.073186,0.0,0.0,0.069503,0.0,0.0,0.069316,0.067683,0.036448,0.0,0.0,0.0,0.0,0.068828,0.0,0.050305,0.013831,0.0,0.0,0.0,0.0,0.0,0.0493,0.019638,0.048139,0.0,0.004695
2024-11-13,0.071286,0.0,0.0,0.0,0.067373,0.026241,0.0,0.026376,0.014189,0.0,0.076388,0.072506,0.036929,0.037878,0.0,0.0,0.073385,0.0,0.0,0.069533,0.0,0.0,0.069565,0.067603,0.036344,0.0,0.0,0.0,0.0,0.06925,0.0,0.049828,0.013613,0.0,0.0,0.0,0.0,0.0,0.049342,0.019576,0.048099,0.0,0.004699
2024-11-14,0.071557,0.0,0.0,0.0,0.06763,0.026122,0.0,0.026548,0.01411,0.0,0.075611,0.07272,0.036982,0.037724,0.0,0.0,0.072441,0.0,0.0,0.070313,0.0,0.0,0.069675,0.067644,0.036368,0.0,0.0,0.0,0.0,0.068908,0.0,0.0499,0.013768,0.0,0.0,0.0,0.0,0.0,0.049437,0.01965,0.048173,0.0,0.004719
2024-11-15,0.070851,0.0,0.0,0.0,0.067756,0.026277,0.0,0.026499,0.014121,0.0,0.075362,0.071645,0.037351,0.037956,0.0,0.0,0.072435,0.0,0.0,0.069973,0.0,0.0,0.069429,0.069022,0.035654,0.0,0.0,0.0,0.0,0.069311,0.0,0.050076,0.013721,0.0,0.0,0.0,0.0,0.0,0.049693,0.019763,0.048359,0.0,0.004745
2024-11-18,0.070765,0.0,0.0,0.0,0.067939,0.026485,0.0,0.026466,0.014111,0.0,0.075608,0.071924,0.037241,0.037674,0.0,0.0,0.071908,0.0,0.0,0.069417,0.0,0.0,0.069501,0.069211,0.035557,0.0,0.0,0.0,0.0,0.0694,0.0,0.050727,0.014041,0.0,0.0,0.0,0.0,0.0,0.049492,0.019683,0.048131,0.0,0.004717
2024-11-19,0.070564,0.0,0.0,0.0,0.06797,0.026235,0.0,0.026557,0.01424,0.0,0.075498,0.072237,0.036914,0.037416,0.0,0.0,0.071688,0.0,0.0,0.069146,0.0,0.0,0.069443,0.0695,0.03577,0.0,0.0,0.0,0.0,0.069585,0.0,0.051069,0.014069,0.0,0.0,0.0,0.0,0.0,0.049458,0.019681,0.048254,0.0,0.004707
2024-11-20,0.07028,0.0,0.0,0.0,0.067525,0.026425,0.0,0.026617,0.01411,0.0,0.075252,0.072784,0.036846,0.037321,0.0,0.0,0.071849,0.0,0.0,0.069356,0.0,0.0,0.06917,0.069615,0.03578,0.0,0.0,0.0,0.0,0.069577,0.0,0.051416,0.013888,0.0,0.0,0.0,0.0,0.0,0.049503,0.019657,0.048315,0.0,0.004713
2024-11-21,0.070628,0.0,0.0,0.0,0.067134,0.026051,0.0,0.026239,0.014048,0.0,0.074929,0.072158,0.037088,0.037664,0.0,0.0,0.072308,0.0,0.0,0.069494,0.0,0.0,0.069497,0.070397,0.035926,0.0,0.0,0.0,0.0,0.069667,0.0,0.051531,0.013774,0.0,0.0,0.0,0.0,0.0,0.049222,0.019514,0.048044,0.0,0.004685
2024-11-22,0.070395,0.0,0.0,0.0,0.066739,0.025288,0.0,0.026588,0.014092,0.0,0.075544,0.07156,0.037273,0.038271,0.0,0.0,0.072866,0.0,0.0,0.070153,0.0,0.0,0.06971,0.06959,0.035724,0.0,0.0,0.0,0.0,0.069762,0.0,0.051875,0.0139,0.0,0.0,0.0,0.0,0.0,0.048908,0.019413,0.047692,0.0,0.004659
2024-11-25,0.070338,0.0,0.0,0.0,0.06645,0.025048,0.0,0.026709,0.013941,0.0,0.075755,0.071401,0.037239,0.038686,0.0,0.0,0.072782,0.0,0.0,0.073179,0.0,0.0,0.069578,0.069205,0.035459,0.0,0.0,0.0,0.0,0.070213,0.0,0.049977,0.01339,0.0,0.0,0.0,0.0,0.0,0.048732,0.01951,0.047784,0.0,0.004623
2024-11-26,0.070335,0.0,0.0,0.0,0.066192,0.024898,0.0,0.026627,0.013803,0.0,0.076033,0.071668,0.037314,0.038318,0.0,0.0,0.072871,0.0,0.0,0.071636,0.0,0.0,0.069868,0.07031,0.035638,0.0,0.0,0.0,0.0,0.070496,0.0,0.050076,0.013473,0.0,0.0,0.0,0.0,0.0,0.048642,0.019461,0.047718,0.0,0.004624
2024-11-27,0.070365,0.0,0.0,0.0,0.066202,0.025501,0.0,0.026702,0.013582,0.0,0.075622,0.071728,0.037368,0.038207,0.0,0.0,0.072567,0.0,0.0,0.071614,0.0,0.0,0.069978,0.070277,0.035139,0.0,0.0,0.0,0.0,0.070915,0.0,0.050163,0.013297,0.0,0.0,0.0,0.0,0.0,0.048765,0.019523,0.047862,0.0,0.004623
2024-11-28,0.070556,0.0,0.0,0.0,0.06586,0.025505,0.0,0.026707,0.013585,0.0,0.075635,0.071741,0.037375,0.038214,0.0,0.0,0.07258,0.0,0.0,0.071626,0.0,0.0,0.06999,0.070289,0.035145,0.0,0.0,0.0,0.0,0.070928,0.0,0.050172,0.0133,0.0,0.0,0.0,0.0,0.0,0.048774,0.019526,0.04787,0.0,0.004625
2024-11-29,0.075455,0.0,0.0,0.0,0.075762,0.037798,0.0,0.0,0.037949,0.0,0.07551,0.075606,0.037846,0.037633,0.0,0.0,0.075838,0.0,0.0,0.042421,0.0,0.0,0.0,0.075771,0.017346,0.0,0.030802,0.026796,0.0,0.075475,0.0,0.036786,0.037948,0.0,0.0,0.0,0.0,0.0,0.075685,0.0,0.0,0.043023,0.008552
2024-12-02,0.075788,0.0,0.0,0.0,0.076151,0.037944,0.0,0.0,0.038792,0.0,0.076367,0.076427,0.037568,0.037401,0.0,0.0,0.075475,0.0,0.0,0.042366,0.0,0.0,0.0,0.074338,0.017557,0.0,0.030911,0.027116,0.0,0.074569,0.0,0.036559,0.037869,0.0,0.0,0.0,0.0,0.0,0.075854,0.0,0.0,0.042373,0.008575
2024-12-03,0.075913,0.0,0.0,0.0,0.076428,0.038083,0.0,0.0,0.038936,0.0,0.076297,0.077031,0.037281,0.037066,0.0,0.0,0.074988,0.0,0.0,0.042284,0.0,0.0,0.0,0.073685,0.017617,0.0,0.031175,0.02715,0.0,0.074179,0.0,0.036626,0.038531,0.0,0.0,0.0,0.0,0.0,0.075842,0.0,0.0,0.042315,0.008574
2024-12-04,0.075955,0.0,0.0,0.0,0.076304,0.037518,0.0,0.0,0.039175,0.0,0.07662,0.076822,0.036955,0.036965,0.0,0.0,0.074938,0.0,0.0,0.041167,0.0,0.0,0.0,0.073307,0.017849,0.0,0.032224,0.027581,0.0,0.073608,0.0,0.036554,0.038677,0.0,0.0,0.0,0.0,0.0,0.075643,0.0,0.0,0.043605,0.008533
2024-12-05,0.076224,0.0,0.0,0.0,0.076931,0.037792,0.0,0.0,0.039284,0.0,0.077319,0.076717,0.0371,0.036824,0.0,0.0,0.074099,0.0,0.0,0.040689,0.0,0.0,0.0,0.073604,0.017776,0.0,0.031864,0.027472,0.0,0.073501,0.0,0.036317,0.038754,0.0,0.0,0.0,0.0,0.0,0.075647,0.0,0.0,0.043544,0.008542
2024-12-06,0.076048,0.0,0.0,0.0,0.076589,0.038019,0.0,0.0,0.038987,0.0,0.078723,0.077203,0.036987,0.036822,0.0,0.0,0.0737,0.0,0.0,0.04058,0.0,0.0,0.0,0.072486,0.017794,0.0,0.032213,0.027643,0.0,0.073185,0.0,0.036228,0.038225,0.0,0.0,0.0,0.0,0.0,0.075556,0.0,0.0,0.044493,0.008519
2024-12-09,0.075964,0.0,0.0,0.0,0.078484,0.041041,0.0,0.0,0.039098,0.0,0.07861,0.075691,0.036545,0.036328,0.0,0.0,0.073188,0.0,0.0,0.040983,0.0,0.0,0.0,0.071702,0.017709,0.0,0.031601,0.027311,0.0,0.073521,0.0,0.036651,0.039281,0.0,0.0,0.0,0.0,0.0,0.075593,0.0,0.0,0.042165,0.008534
2024-12-10,0.076079,0.0,0.0,0.0,0.077526,0.039428,0.0,0.0,0.038639,0.0,0.079227,0.077356,0.036764,0.036419,0.0,0.0,0.073463,0.0,0.0,0.040288,0.0,0.0,0.0,0.071624,0.017572,0.0,0.031325,0.027195,0.0,0.072904,0.0,0.037364,0.039539,0.0,0.0,0.0,0.0,0.0,0.076101,0.0,0.0,0.042599,0.008588
2024-12-11,0.075976,0.0,0.0,0.0,0.07714,0.038909,0.0,0.0,0.038766,0.0,0.080126,0.078141,0.036614,0.036386,0.0,0.0,0.072847,0.0,0.0,0.039732,0.0,0.0,0.0,0.070741,0.017718,0.0,0.031617,0.027427,0.0,0.072291,0.0,0.03749,0.039365,0.0,0.0,0.0,0.0,0.0,0.075655,0.0,0.0,0.044523,0.008537
2024-12-12,0.076262,0.0,0.0,0.0,0.077557,0.039137,0.0,0.0,0.038714,0.0,0.079912,0.07873,0.036658,0.036195,0.0,0.0,0.072789,0.0,0.0,0.039431,0.0,0.0,0.0,0.071104,0.017718,0.0,0.03151,0.027573,0.0,0.072585,0.0,0.03715,0.038443,0.0,0.0,0.0,0.0,0.0,0.075874,0.0,0.0,0.044072,0.008587
2024-12-13,0.076068,0.0,0.0,0.0,0.077563,0.038746,0.0,0.0,0.039251,0.0,0.080465,0.078018,0.036736,0.036166,0.0,0.0,0.072812,0.0,0.0,0.03895,0.0,0.0,0.0,0.071359,0.017846,0.0,0.031283,0.028001,0.0,0.072589,0.0,0.036808,0.037941,0.0,0.0,0.0,0.0,0.0,0.075877,0.0,0.0,0.044907,0.008613
2024-12-16,0.076037,0.0,0.0,0.0,0.077035,0.038051,0.0,0.0,0.039004,0.0,0.081324,0.078098,0.036566,0.036259,0.0,0.0,0.072669,0.0,0.0,0.038417,0.0,0.0,0.0,0.070589,0.017974,0.0,0.031531,0.028561,0.0,0.072129,0.0,0.036793,0.037901,0.0,0.0,0.0,0.0,0.0,0.075805,0.0,0.0,0.046668,0.008589
2024-12-17,0.076095,0.0,0.0,0.0,0.076964,0.038706,0.0,0.0,0.039018,0.0,0.081892,0.077809,0.036446,0.035645,0.0,0.0,0.07228,0.0,0.0,0.038222,0.0,0.0,0.0,0.070565,0.017934,0.0,0.031365,0.02835,0.0,0.072057,0.0,0.036792,0.038061,0.0,0.0,0.0,0.0,0.0,0.075934,0.0,0.0,0.047243,0.008622
2024-12-18,0.078208,0.0,0.0,0.0,0.079156,0.039099,0.0,0.0,0.039257,0.0,0.080409,0.077722,0.036353,0.034811,0.0,0.0,0.072221,0.0,0.0,0.037692,0.0,0.0,0.0,0.070845,0.017845,0.0,0.030801,0.027809,0.0,0.071034,0.0,0.037105,0.037784,0.0,0.0,0.0,0.0,0.0,0.077275,0.0,0.0,0.045706,0.008869
2024-12-19,0.076811,0.0,0.0,0.0,0.078558,0.039652,0.0,0.0,0.039854,0.0,0.080861,0.078049,0.036737,0.034864,0.0,0.0,0.072631,0.0,0.0,0.036976,0.0,0.0,0.0,0.071663,0.017989,0.0,0.031136,0.028034,0.0,0.070424,0.0,0.037417,0.03758,0.0,0.0,0.0,0.0,0.0,0.077735,0.0,0.0,0.044099,0.008932
2024-12-20,0.076616,0.0,0.0,0.0,0.077814,0.039616,0.0,0.0,0.039779,0.0,0.080339,0.07777,0.036949,0.035111,0.0,0.0,0.072824,0.0,0.0,0.037034,0.0,0.0,0.0,0.072154,0.018094,0.0,0.031479,0.028103,0.0,0.070968,0.0,0.037468,0.037805,0.0,0.0,0.0,0.0,0.0,0.077521,0.0,0.0,0.043704,0.008853
2024-12-23,0.076246,0.0,0.0,0.0,0.077977,0.039763,0.0,0.0,0.040505,0.0,0.080557,0.07817,0.037025,0.035168,0.0,0.0,0.072784,0.0,0.0,0.037012,0.0,0.0,0.0,0.072376,0.01828,0.0,0.031257,0.02826,0.0,0.071223,0.0,0.03728,0.037891,0.0,0.0,0.0,0.0,0.0,0.077289,0.0,0.0,0.042085,0.008852
2024-12-24,0.076066,0.0,0.0,0.0,0.077527,0.039713,0.0,0.0,0.040037,0.0,0.081592,0.078117,0.037085,0.035109,0.0,0.0,0.072615,0.0,0.0,0.036811,0.0,0.0,0.0,0.072044,0.018283,0.0,0.031297,0.02825,0.0,0.070975,0.0,0.036979,0.037552,0.0,0.0,0.0,0.0,0.0,0.076757,0.0,0.0,0.044428,0.008763
2024-12-26,0.076168,0.0,0.0,0.0,0.077631,0.039866,0.0,0.0,0.039728,0.0,0.081398,0.078119,0.037225,0.03535,0.0,0.0,0.072767,0.0,0.0,0.036854,0.0,0.0,0.0,0.071971,0.01832,0.0,0.03127,0.028396,0.0,0.071261,0.0,0.037278,0.037769,0.0,0.0,0.0,0.0,0.0,0.077055,0.0,0.0,0.0428,0.008775
2024-12-27,0.076766,0.0,0.0,0.0,0.077838,0.039884,0.0,0.0,0.039987,0.0,0.080696,0.078046,0.037249,0.03521,0.0,0.0,0.072805,0.0,0.0,0.036757,0.0,0.0,0.0,0.07234,0.018221,0.0,0.031039,0.028291,0.0,0.071112,0.0,0.037319,0.037539,0.0,0.0,0.0,0.0,0.0,0.077408,0.0,0.0,0.042645,0.008848
2024-12-30,0.076649,0.0,0.0,0.0,0.077717,0.03977,0.0,0.0,0.039869,0.0,0.08005,0.07786,0.037192,0.035352,0.0,0.0,0.072663,0.0,0.0,0.036869,0.0,0.0,0.0,0.072625,0.018137,0.0,0.030883,0.028201,0.0,0.071339,0.0,0.037505,0.03738,0.0,0.0,0.0,0.0,0.0,0.078151,0.0,0.0,0.042863,0.008923
2024-12-31,0.035679,0.0,0.0,0.045656,0.0,0.05324,0.0,0.0,0.0,0.0,0.081446,0.081532,0.040828,0.040648,0.0,0.0,0.049427,0.03194,0.0,0.081485,0.0,0.0,0.053639,0.081493,0.0,0.0,0.043388,0.028432,0.0,0.081339,0.0,0.081145,0.0,0.0,0.0,0.0,0.0,0.0,0.0,0.0,0.0,0.075953,0.012731
2025-01-02,0.035487,0.0,0.0,0.046693,0.0,0.052193,0.0,0.0,0.0,0.0,0.080234,0.081784,0.040655,0.040166,0.0,0.0,0.049168,0.03193,0.0,0.080294,0.0,0.0,0.053381,0.081973,0.0,0.0,0.04322,0.028516,0.0,0.080475,0.0,0.082102,0.0,0.0,0.0,0.0,0.0,0.0,0.0,0.0,0.0,0.079014,0.012714
2025-01-03,0.035292,0.0,0.0,0.046131,0.0,0.052177,0.0,0.0,0.0,0.0,0.08118,0.081607,0.040636,0.040371,0.0,0.0,0.049288,0.032097,0.0,0.080605,0.0,0.0,0.052912,0.082158,0.0,0.0,0.043532,0.028546,0.0,0.080858,0.0,0.080783,0.0,0.0,0.0,0.0,0.0,0.0,0.0,0.0,0.0,0.079219,0.012608
2025-01-06,0.035806,0.0,0.0,0.04635,0.0,0.051221,0.0,0.0,0.0,0.0,0.081356,0.082346,0.04044,0.040314,0.0,0.0,0.049094,0.032307,0.0,0.080222,0.0,0.0,0.052266,0.081099,0.0,0.0,0.043545,0.028682,0.0,0.079678,0.0,0.080541,0.0,0.0,0.0,0.0,0.0,0.0,0.0,0.0,0.0,0.082144,0.012587
2025-01-07,0.035881,0.0,0.0,0.046493,0.0,0.05143,0.0,0.0,0.0,0.0,0.080779,0.082449,0.040852,0.040474,0.0,0.0,0.049659,0.032725,0.0,0.080113,0.0,0.0,0.052735,0.081908,0.0,0.0,0.04301,0.028633,0.0,0.079907,0.0,0.082008,0.0,0.0,0.0,0.0,0.0,0.0,0.0,0.0,0.0,0.0782,0.012746
2025-01-08,0.035714,0.0,0.0,0.046355,0.0,0.051121,0.0,0.0,0.0,0.0,0.081077,0.08203,0.041022,0.040515,0.0,0.0,0.049897,0.032753,0.0,0.081121,0.0,0.0,0.052876,0.081956,0.0,0.0,0.043051,0.028792,0.0,0.080185,0.0,0.082514,0.0,0.0,0.0,0.0,0.0,0.0,0.0,0.0,0.0,0.076263,0.01276
2025-01-09,0.035706,0.0,0.0,0.046392,0.0,0.051119,0.0,0.0,0.0,0.0,0.081074,0.082027,0.041021,0.040514,0.0,0.0,0.049895,0.032752,0.0,0.081118,0.0,0.0,0.052874,0.081954,0.0,0.0,0.04305,0.028791,0.0,0.080183,0.0,0.082511,0.0,0.0,0.0,0.0,0.0,0.0,0.0,0.0,0.0,0.076261,0.012759
2025-01-10,0.035574,0.0,0.0,0.046474,0.0,0.050328,0.0,0.0,0.0,0.0,0.081241,0.081774,0.040512,0.039768,0.0,0.0,0.049927,0.032943,0.0,0.080398,0.0,0.0,0.05279,0.082468,0.0,0.0,0.042692,0.02885,0.0,0.079164,0.0,0.084299,0.0,0.0,0.0,0.0,0.0,0.0,0.0,0.0,0.0,0.077885,0.012913
2025-01-13,0.035399,0.0,0.0,0.046384,0.0,0.050463,0.0,0.0,0.0,0.0,0.081621,0.081728,0.040763,0.040204,0.0,0.0,0.050464,0.033012,0.0,0.081652,0.0,0.0,0.052828,0.081428,0.0,0.0,0.042278,0.028677,0.0,0.080058,0.0,0.083379,0.0,0.0,0.0,0.0,0.0,0.0,0.0,0.0,0.0,0.076763,0.012901
2025-01-14,0.03522,0.0,0.0,0.046037,0.0,0.050984,0.0,0.0,0.0,0.0,0.080543,0.080535,0.040801,0.041062,0.0,0.0,0.050483,0.032904,0.0,0.083081,0.0,0.0,0.052245,0.081564,0.0,0.0,0.042256,0.02855,0.0,0.079876,0.0,0.08287,0.0,0.0,0.0,0.0,0.0,0.0,0.0,0.0,0.0,0.078232,0.012756
2025-01-15,0.035123,0.0,0.0,0.046193,0.0,0.050714,0.0,0.0,0.0,0.0,0.081285,0.080562,0.041179,0.041466,0.0,0.0,0.049998,0.032732,0.0,0.083838,0.0,0.0,0.051242,0.08145,0.0,0.0,0.042338,0.02854,0.0,0.07906,0.0,0.082168,0.0,0.0,0.0,0.0,0.0,0.0,0.0,0.0,0.0,0.079555,0.012558
2025-01-16,0.035155,0.0,0.0,0.046098,0.0,0.050345,0.0,0.0,0.0,0.0,0.08031,0.079576,0.041179,0.040941,0.0,0.0,0.050269,0.032978,0.0,0.083924,0.0,0.0,0.051284,0.082955,0.0,0.0,0.042134,0.028377,0.0,0.080164,0.0,0.082189,0.0,0.0,0.0,0.0,0.0,0.0,0.0,0.0,0.0,0.079649,0.012474
2025-01-17,0.03513,0.0,0.0,0.045973,0.0,0.050946,0.0,0.0,0.0,0.0,0.080749,0.079591,0.041176,0.041143,0.0,0.0,0.050143,0.032415,0.0,0.083545,0.0,0.0,0.051143,0.08237,0.0,0.0,0.042186,0.028151,0.0,0.079434,0.0,0.081063,0.0,0.0,0.0,0.0,0.0,0.0,0.0,0.0,0.0,0.082471,0.012371
2025-01-20,0.035303,0.0,0.0,0.045865,0.0,0.050942,0.0,0.0,0.0,0.0,0.080743,0.079585,0.041173,0.04114,0.0,0.0,0.05014,0.032413,0.0,0.083538,0.0,0.0,0.051139,0.082364,0.0,0.0,0.042183,0.028149,0.0,0.079428,0.0,0.081057,0.0,0.0,0.0,0.0,0.0,0.0,0.0,0.0,0.0,0.082465,0.012373
2025-01-21,0.034989,0.0,0.0,0.04559,0.0,0.050721,0.0,0.0,0.0,0.0,0.080459,0.07944,0.04107,0.041147,0.0,0.0,0.050619,0.032604,0.0,0.082609,0.0,0.0,0.050824,0.082728,0.0,0.0,0.042407,0.028482,0.0,0.080045,0.0,0.081426,0.0,0.0,0.0,0.0,0.0,0.0,0.0,0.0,0.0,0.082601,0.01224
2025-01-22,0.035399,0.0,0.0,0.045701,0.0,0.050673,0.0,0.0,0.0,0.0,0.080426,0.080503,0.041014,0.040898,0.0,0.0,0.05067,0.032509,0.0,0.083282,0.0,0.0,0.050746,0.081213,0.0,0.0,0.043452,0.028889,0.0,0.078917,0.0,0.08212,0.0,0.0,0.0,0.0,0.0,0.0,0.0,0.0,0.0,0.081306,0.012281
2025-01-23,0.03538,0.0,0.0,0.045638,0.0,0.050517,0.0,0.0,0.0,0.0,0.080768,0.080569,0.041176,0.040726,0.0,0.0,0.051092,0.032773,0.0,0.083179,0.0,0.0,0.050839,0.081451,0.0,0.0,0.043449,0.028738,0.0,0.079355,0.0,0.081857,0.0,0.0,0.0,0.0,0.0,0.0,0.0,0.0,0.0,0.080231,0.012262
2025-01-24,0.035437,0.0,0.0,0.045299,0.0,0.051564,0.0,0.0,0.0,0.0,0.079968,0.080986,0.041139,0.040759,0.0,0.0,0.05068,0.032634,0.0,0.08209,0.0,0.0,0.050905,0.081963,0.0,0.0,0.0431,0.028654,0.0,0.079322,0.0,0.08205,0.0,0.0,0.0,0.0,0.0,0.0,0.0,0.0,0.0,0.081233,0.012216
2025-01-27,0.03487,0.0,0.0,0.044842,0.0,0.052025,0.0,0.0,0.0,0.0,0.080548,0.081532,0.041657,0.041322,0.0,0.0,0.050079,0.033197,0.0,0.084251,0.0,0.0,0.052365,0.080191,0.0,0.0,0.042452,0.028092,0.0,0.080505,0.0,0.081323,0.0,0.0,0.0,0.0,0.0,0.0,0.0,0.0,0.0,0.078513,0.012237
2025-01-28,0.035114,0.0,0.0,0.045131,0.0,0.052813,0.0,0.0,0.0,0.0,0.08075,0.082034,0.041638,0.04127,0.0,0.0,0.049813,0.032818,0.0,0.082634,0.0,0.0,0.051614,0.079188,0.0,0.0,0.043697,0.028878,0.0,0.079636,0.0,0.082133,0.0,0.0,0.0,0.0,0.0,0.0,0.0,0.0,0.0,0.078583,0.012256
2025-01-29,0.035231,0.0,0.0,0.045427,0.0,0.052696,0.0,0.0,0.0,0.0,0.080592,0.082472,0.041643,0.041229,0.0,0.0,0.049688,0.03272,0.0,0.081352,0.0,0.0,0.051785,0.079425,0.0,0.0,0.043107,0.028697,0.0,0.078655,0.0,0.081891,0.0,0.0,0.0,0.0,0.0,0.0,0.0,0.0,0.0,0.081121,0.012267
2025-01-30,0.034973,0.0,0.0,0.045423,0.0,0.053416,0.0,0.0,0.0,0.0,0.080524,0.081683,0.041598,0.041213,0.0,0.0,0.049714,0.031805,0.0,0.082542,0.0,0.0,0.051746,0.080226,0.0,0.0,0.042356,0.028829,0.0,0.078816,0.0,0.082256,0.0,0.0,0.0,0.0,0.0,0.0,0.0,0.0,0.0,0.080742,0.012138
2025-01-31,0.01869,0.0,0.0,0.049277,0.0,0.068187,0.0,0.0,0.0,0.0,0.068059,0.06812,0.050342,0.017674,0.0,0.0,0.0,0.0,0.0,0.0,0.0,0.0,0.068161,0.068289,0.0,0.0,0.027919,0.039826,0.0,0.04344,0.0,0.067297,0.0,0.068156,0.0,0.0,0.033899,0.034096,0.034089,0.033749,0.068142,0.068297,0.00429
2025-02-03,0.018396,0.0,0.0,0.04893,0.0,0.067845,0.0,0.0,0.0,0.0,0.067281,0.068391,0.050228,0.017372,0.0,0.0,0.0,0.0,0.0,0.0,0.0,0.0,0.068553,0.068782,0.0,0.0,0.027861,0.039674,0.0,0.043428,0.0,0.067779,0.0,0.068378,0.0,0.0,0.033984,0.034237,0.034108,0.033864,0.068373,0.068239,0.004298
2025-02-04,0.018455,0.0,0.0,0.048731,0.0,0.069343,0.0,0.0,0.0,0.0,0.06787,0.068797,0.04996,0.017605,0.0,0.0,0.0,0.0,0.0,0.0,0.0,0.0,0.06777,0.067971,0.0,0.0,0.028271,0.040132,0.0,0.043331,0.0,0.068241,0.0,0.068395,0.0,0.0,0.033966,0.034191,0.034113,0.033828,0.068409,0.066333,0.004286
2025-02-05,0.018454,0.0,0.0,0.048853,0.0,0.068048,0.0,0.0,0.0,0.0,0.066973,0.068004,0.050393,0.017773,0.0,0.0,0.0,0.0,0.0,0.0,0.0,0.0,0.068064,0.068525,0.0,0.0,0.028396,0.040708,0.0,0.043857,0.0,0.068536,0.0,0.068611,0.0,0.0,0.034099,0.034278,0.034139,0.034,0.068665,0.065344,0.004278
2025-02-06,0.018554,0.0,0.0,0.049241,0.0,0.068873,0.0,0.0,0.0,0.0,0.06714,0.068196,0.050737,0.017908,0.0,0.0,0.0,0.0,0.0,0.0,0.0,0.0,0.068273,0.068346,0.0,0.0,0.028428,0.040408,0.0,0.043902,0.0,0.068254,0.0,0.068043,0.0,0.0,0.034009,0.034168,0.034037,0.033888,0.068504,0.064817,0.004273
2025-02-07,0.018524,0.0,0.0,0.048948,0.0,0.069976,0.0,0.0,0.0,0.0,0.066061,0.068292,0.050634,0.017774,0.0,0.0,0.0,0.0,0.0,0.0,0.0,0.0,0.068413,0.068449,0.0,0.0,0.028361,0.040858,0.0,0.043915,0.0,0.068619,0.0,0.068014,0.0,0.0,0.034017,0.034198,0.034051,0.03386,0.068483,0.064269,0.004288
2025-02-10,0.018431,0.0,0.0,0.048894,0.0,0.071234,0.0,0.0,0.0,0.0,0.065785,0.068079,0.049854,0.017449,0.0,0.0,0.0,0.0,0.0,0.0,0.0,0.0,0.068315,0.06867,0.0,0.0,0.028625,0.04129,0.0,0.043563,0.0,0.069253,0.0,0.068283,0.0,0.0,0.033752,0.033955,0.033861,0.033613,0.067965,0.06487,0.004256
2025-02-11,0.018508,0.0,0.0,0.04878,0.0,0.070768,0.0,0.0,0.0,0.0,0.065214,0.068375,0.050115,0.017714,0.0,0.0,0.0,0.0,0.0,0.0,0.0,0.0,0.069159,0.069204,0.0,0.0,0.028411,0.041191,0.0,0.043872,0.0,0.069186,0.0,0.068467,0.0,0.0,0.033756,0.034037,0.03394,0.033629,0.067855,0.063553,0.004268
2025-02-12,0.018398,0.0,0.0,0.048138,0.0,0.072589,0.0,0.0,0.0,0.0,0.065165,0.068409,0.049911,0.017337,0.0,0.0,0.0,0.0,0.0,0.0,0.0,0.0,0.069068,0.069042,0.0,0.0,0.028298,0.041179,0.0,0.043442,0.0,0.069219,0.0,0.068624,0.0,0.0,0.033504,0.033814,0.033848,0.033428,0.067599,0.064721,0.004266
2025-02-13,0.018495,0.0,0.0,0.047947,0.0,0.07204,0.0,0.0,0.0,0.0,0.065669,0.068698,0.049881,0.017304,0.0,0.0,0.0,0.0,0.0,0.0,0.0,0.0,0.069313,0.068702,0.0,0.0,0.028552,0.041651,0.0,0.04356,0.0,0.0694,0.0,0.068667,0.0,0.0,0.033513,0.033758,0.033758,0.033446,0.067665,0.063744,0.004236
2025-02-14,0.018536,0.0,0.0,0.047887,0.0,0.074146,0.0,0.0,0.0,0.0,0.065524,0.068996,0.049889,0.017318,0.0,0.0,0.0,0.0,0.0,0.0,0.0,0.0,0.068502,0.068296,0.0,0.0,0.028526,0.041449,0.0,0.043285,0.0,0.068247,0.0,0.068497,0.0,0.0,0.033594,0.03376,0.033736,0.033517,0.067754,0.064314,0.004229
2025-02-17,0.018581,0.0,0.0,0.048044,0.0,0.07413,0.0,0.0,0.0,0.0,0.065509,0.068981,0.049878,0.017314,0.0,0.0,0.0,0.0,0.0,0.0,0.0,0.0,0.068487,0.068281,0.0,0.0,0.028519,0.04144,0.0,0.043275,0.0,0.068232,0.0,0.068482,0.0,0.0,0.033586,0.033753,0.033729,0.03351,0.067739,0.0643,0.004228
2025-02-18,0.018532,0.0,0.0,0.048164,0.0,0.074773,0.0,0.0,0.0,0.0,0.065248,0.068576,0.050173,0.017431,0.0,0.0,0.0,0.0,0.0,0.0,0.0,0.0,0.06865,0.068835,0.0,0.0,0.02877,0.041662,0.0,0.043416,0.0,0.069277,0.0,0.068908,0.0,0.0,0.033366,0.033603,0.033658,0.033333,0.067366,0.062035,0.004223
2025-02-19,0.018492,0.0,0.0,0.048085,0.0,0.07435,0.0,0.0,0.0,0.0,0.065155,0.068597,0.05015,0.017328,0.0,0.0,0.0,0.0,0.0,0.0,0.0,0.0,0.069143,0.069139,0.0,0.0,0.028242,0.041314,0.0,0.043412,0.0,0.069257,0.0,0.068462,0.0,0.0,0.033391,0.033643,0.033655,0.033323,0.067324,0.063316,0.00422
2025-02-20,0.018437,0.0,0.0,0.047427,0.0,0.075836,0.0,0.0,0.0,0.0,0.064681,0.068369,0.049448,0.017068,0.0,0.0,0.0,0.0,0.0,0.0,0.0,0.0,0.068965,0.069224,0.0,0.0,0.027762,0.040698,0.0,0.043679,0.0,0.069387,0.0,0.067826,0.0,0.0,0.033505,0.033757,0.033721,0.033449,0.067542,0.064992,0.004227
2025-02-21,0.018571,0.0,0.0,0.047697,0.0,0.077864,0.0,0.0,0.0,0.0,0.063458,0.067945,0.049203,0.016823,0.0,0.0,0.0,0.0,0.0,0.0,0.0,0.0,0.070301,0.069767,0.0,0.0,0.027018,0.039529,0.0,0.043577,0.0,0.069849,0.0,0.067435,0.0,0.0,0.033959,0.034082,0.033913,0.033821,0.068077,0.062852,0.004258
2025-02-24,0.018495,0.0,0.0,0.047277,0.0,0.075251,0.0,0.0,0.0,0.0,0.063583,0.068468,0.0497,0.016818,0.0,0.0,0.0,0.0,0.0,0.0,0.0,0.0,0.070921,0.069819,0.0,0.0,0.026836,0.039216,0.0,0.044,0.0,0.070633,0.0,0.066543,0.0,0.0,0.034227,0.034354,0.034151,0.034104,0.068537,0.062782,0.004284
2025-02-25,0.01835,0.0,0.0,0.046885,0.0,0.076266,0.0,0.0,0.0,0.0,0.063546,0.067769,0.049923,0.016927,0.0,0.0,0.0,0.0,0.0,0.0,0.0,0.0,0.072264,0.069794,0.0,0.0,0.026523,0.039158,0.0,0.044749,0.0,0.070027,0.0,0.066929,0.0,0.0,0.034658,0.03466,0.034397,0.034526,0.069289,0.059056,0.004304
2025-02-26,0.018599,0.0,0.0,0.047576,0.0,0.078146,0.0,0.0,0.0,0.0,0.063276,0.06764,0.049808,0.016942,0.0,0.0,0.0,0.0,0.0,0.0,0.0,0.0,0.070871,0.070074,0.0,0.0,0.026889,0.039565,0.0,0.044556,0.0,0.070124,0.0,0.067068,0.0,0.0,0.034748,0.034684,0.03444,0.034593,0.069507,0.05659,0.004304
2025-02-27,0.018615,0.0,0.0,0.047984,0.0,0.078087,0.0,0.0,0.0,0.0,0.062872,0.067534,0.050492,0.017114,0.0,0.0,0.0,0.0,0.0,0.0,0.0,0.0,0.071441,0.06908,0.0,0.0,0.026391,0.038996,0.0,0.045099,0.0,0.069619,0.0,0.066843,0.0,0.0,0.034992,0.034925,0.034656,0.03473,0.069838,0.056352,0.00434
2025-02-28,0.031155,0.0,0.022598,0.058742,0.0,0.089876,0.0,0.0,0.0,0.0,0.089814,0.090038,0.045037,0.044803,0.0,0.0,0.089591,0.0,0.0,0.0,0.0,0.0,0.0,0.0396,0.0,0.0,0.036899,0.047205,0.0,0.0,0.0,0.071818,0.016706,0.090102,0.0,0.0,0.0,0.0,0.03627,0.0,0.0,0.090061,0.009684
2025-03-03,0.031682,0.0,0.022963,0.05888,0.0,0.08905,0.0,0.0,0.0,0.0,0.088622,0.089607,0.044892,0.044504,0.0,0.0,0.08878,0.0,0.0,0.0,0.0,0.0,0.0,0.039864,0.0,0.0,0.036393,0.046958,0.0,0.0,0.0,0.073147,0.017055,0.089071,0.0,0.0,0.0,0.0,0.036385,0.0,0.0,0.092411,0.009736
2025-03-04,0.030932,0.0,0.022944,0.056854,0.0,0.091058,0.0,0.0,0.0,0.0,0.08771,0.089562,0.043637,0.043175,0.0,0.0,0.087701,0.0,0.0,0.0,0.0,0.0,0.0,0.039509,0.0,0.0,0.036592,0.048048,0.0,0.0,0.0,0.074336,0.017332,0.09022,0.0,0.0,0.0,0.0,0.036653,0.0,0.0,0.093927,0.009809
2025-03-05,0.030724,0.0,0.023102,0.055616,0.0,0.094096,0.0,0.0,0.0,0.0,0.087728,0.089373,0.043241,0.042536,0.0,0.0,0.087767,0.0,0.0,0.0,0.0,0.0,0.0,0.03865,0.0,0.0,0.036678,0.047807,0.0,0.0,0.0,0.073388,0.017529,0.089564,0.0,0.0,0.0,0.0,0.036128,0.0,0.0,0.096405,0.009666
2025-03-06,0.031346,0.0,0.023179,0.056464,0.0,0.095667,0.0,0.0,0.0,0.0,0.086455,0.088746,0.042999,0.042347,0.0,0.0,0.087981,0.0,0.0,0.0,0.0,0.0,0.0,0.038268,0.0,0.0,0.035688,0.047042,0.0,0.0,0.0,0.073827,0.017677,0.090217,0.0,0.0,0.0,0.0,0.036393,0.0,0.0,0.095932,0.009773
2025-03-07,0.030824,0.0,0.023377,0.055535,0.0,0.095667,0.0,0.0,0.0,0.0,0.08634,0.089363,0.042795,0.042393,0.0,0.0,0.089055,0.0,0.0,0.0,0.0,0.0,0.0,0.038999,0.0,0.0,0.035699,0.047521,0.0,0.0,0.0,0.073905,0.017626,0.090985,0.0,0.0,0.0,0.0,0.036471,0.0,0.0,0.093663,0.00978
2025-03-10,0.03141,0.0,0.023484,0.056932,0.0,0.095216,0.0,0.0,0.0,0.0,0.085453,0.089432,0.042939,0.041834,0.0,0.0,0.089972,0.0,0.0,0.0,0.0,0.0,0.0,0.040467,0.0,0.0,0.034781,0.046813,0.0,0.0,0.0,0.075188,0.017797,0.093842,0.0,0.0,0.0,0.0,0.037291,0.0,0.0,0.087109,0.010038
2025-03-11,0.030909,0.0,0.023291,0.055654,0.0,0.09682,0.0,0.0,0.0,0.0,0.08444,0.08793,0.042483,0.041431,0.0,0.0,0.088404,0.0,0.0,0.0,0.0,0.0,0.0,0.040005,0.0,0.0,0.035044,0.047142,0.0,0.0,0.0,0.07591,0.018278,0.093679,0.0,0.0,0.0,0.0,0.037081,0.0,0.0,0.091477,0.01002
2025-03-12,0.031102,0.0,0.023642,0.055928,0.0,0.096152,0.0,0.0,0.0,0.0,0.084647,0.088073,0.042404,0.04172,0.0,0.0,0.088103,0.0,0.0,0.0,0.0,0.0,0.0,0.039748,0.0,0.0,0.035626,0.047228,0.0,0.0,0.0,0.075986,0.018376,0.093157,0.0,0.0,0.0,0.0,0.037,0.0,0.0,0.091123,0.009985
2025-03-13,0.031058,0.0,0.023783,0.056184,0.0,0.09733,0.0,0.0,0.0,0.0,0.083336,0.087101,0.042582,0.041702,0.0,0.0,0.088049,0.0,0.0,0.0,0.0,0.0,0.0,0.040233,0.0,0.0,0.034778,0.046595,0.0,0.0,0.0,0.078086,0.018873,0.094203,0.0,0.0,0.0,0.0,0.037151,0.0,0.0,0.088871,0.010084
2025-03-14,0.030821,0.0,0.023686,0.055892,0.0,0.09817,0.0,0.0,0.0,0.0,0.083451,0.08697,0.042721,0.042061,0.0,0.0,0.087908,0.0,0.0,0.0,0.0,0.0,0.0,0.040219,0.0,0.0,0.035398,0.047209,0.0,0.0,0.0,0.076595,0.018487,0.091812,0.0,0.0,0.0,0.0,0.036594,0.0,0.0,0.092118,0.009889
2025-03-17,0.030804,0.0,0.02372,0.055873,0.0,0.099456,0.0,0.0,0.0,0.0,0.082829,0.086802,0.042833,0.041999,0.0,0.0,0.088319,0.0,0.0,0.0,0.0,0.0,0.0,0.040023,0.0,0.0,0.035542,0.047498,0.0,0.0,0.0,0.076316,0.018381,0.09236,0.0,0.0,0.0,0.0,0.036351,0.0,0.0,0.091095,0.009799
2025-03-18,0.030927,0.0,0.023818,0.056123,0.0,0.099656,0.0,0.0,0.0,0.0,0.081922,0.086186,0.04308,0.042244,0.0,0.0,0.088226,0.0,0.0,0.0,0.0,0.0,0.0,0.040023,0.0,0.0,0.035266,0.047539,0.0,0.0,0.0,0.077746,0.018533,0.093005,0.0,0.0,0.0,0.0,0.036541,0.0,0.0,0.089296,0.009869
2025-03-19,0.030756,0.0,0.023832,0.056103,0.0,0.098505,0.0,0.0,0.0,0.0,0.082599,0.086277,0.043088,0.042241,0.0,0.0,0.08844,0.0,0.0,0.0,0.0,0.0,0.0,0.039741,0.0,0.0,0.035438,0.047584,0.0,0.0,0.0,0.07723,0.018275,0.091976,0.0,0.0,0.0,0.0,0.036388,0.0,0.0,0.091762,0.009765
2025-03-20,0.030946,0.0,0.023845,0.05677,0.0,0.096331,0.0,0.0,0.0,0.0,0.082887,0.086597,0.043403,0.042267,0.0,0.0,0.088514,0.0,0.0,0.0,0.0,0.0,0.0,0.040136,0.0,0.0,0.035501,0.047075,0.0,0.0,0.0,0.077584,0.018233,0.092689,0.0,0.0,0.0,0.0,0.036551,0.0,0.0,0.090847,0.009823
2025-03-21,0.030935,0.0,0.023945,0.056495,0.0,0.094945,0.0,0.0,0.0,0.0,0.083521,0.087628,0.04342,0.042358,0.0,0.0,0.088397,0.0,0.0,0.0,0.0,0.0,0.0,0.040039,0.0,0.0,0.035852,0.047193,0.0,0.0,0.0,0.07727,0.018019,0.092509,0.0,0.0,0.0,0.0,0.036643,0.0,0.0,0.09097,0.009864
2025-03-24,0.030921,0.0,0.023538,0.056587,0.0,0.093474,0.0,0.0,0.0,0.0,0.085371,0.087555,0.043532,0.04285,0.0,0.0,0.088705,0.0,0.0,0.0,0.0,0.0,0.0,0.039434,0.0,0.0,0.036194,0.047246,0.0,0.0,0.0,0.075788,0.017717,0.090936,0.0,0.0,0.0,0.0,0.036206,0.0,0.0,0.094228,0.009718
2025-03-25,0.030939,0.0,0.023644,0.05656,0.0,0.092206,0.0,0.0,0.0,0.0,0.085826,0.088432,0.04366,0.042674,0.0,0.0,0.088604,0.0,0.0,0.0,0.0,0.0,0.0,0.038702,0.0,0.0,0.036462,0.047657,0.0,0.0,0.0,0.075922,0.018036,0.091004,0.0,0.0,0.0,0.0,0.036093,0.0,0.0,0.093885,0.009692
2025-03-26,0.030964,0.0,0.023516,0.05678,0.0,0.092911,0.0,0.0,0.0,0.0,0.085353,0.08835,0.043863,0.042834,0.0,0.0,0.08869,0.0,0.0,0.0,0.0,0.0,0.0,0.039256,0.0,0.0,0.035887,0.047187,0.0,0.0,0.0,0.076439,0.018144,0.091014,0.0,0.0,0.0,0.0,0.036222,0.0,0.0,0.09282,0.009771
2025-03-27,0.030856,0.0,0.023488,0.056423,0.0,0.094299,0.0,0.0,0.0,0.0,0.085425,0.087975,0.043785,0.042502,0.0,0.0,0.088237,0.0,0.0,0.0,0.0,0.0,0.0,0.039254,0.0,0.0,0.035281,0.046474,0.0,0.0,0.0,0.07748,0.018617,0.090553,0.0,0.0,0.0,0.0,0.036161,0.0,0.0,0.093417,0.009774
2025-03-28,0.030848,0.0,0.023428,0.05621,0.0,0.093868,0.0,0.0,0.0,0.0,0.084264,0.086921,0.043713,0.042389,0.0,0.0,0.087977,0.0,0.0,0.0,0.0,0.0,0.0,0.040257,0.0,0.0,0.034889,0.046419,0.0,0.0,0.0,0.079463,0.01876,0.092327,0.0,0.0,0.0,0.0,0.036748,0.0,0.0,0.09157,0.00995
2025-03-31,0.023961,0.054385,0.0,0.0,0.0,0.06775,0.0,0.0,0.0,0.0,0.067665,0.067441,0.038645,0.028889,0.019901,0.0,0.067187,0.0,0.0,0.0,0.0,0.0,0.0,0.043331,0.0,0.0,0.0,0.06759,0.0,0.0,0.043585,0.067443,0.0,0.067779,0.0,0.0,0.027166,0.040441,0.039749,0.027771,0.067496,0.06778,0.004044
2025-04-01,0.024116,0.054196,0.0,0.0,0.0,0.067527,0.0,0.0,0.0,0.0,0.067959,0.067076,0.038365,0.02859,0.019897,0.0,0.067158,0.0,0.0,0.0,0.0,0.0,0.0,0.043179,0.0,0.0,0.0,0.067736,0.0,0.0,0.043109,0.066904,0.0,0.068879,0.0,0.0,0.027097,0.040222,0.039601,0.027702,0.067304,0.069363,0.00402
2025-04-02,0.024067,0.054027,0.0,0.0,0.0,0.066618,0.0,0.0,0.0,0.0,0.06881,0.066884,0.038436,0.028834,0.019798,0.0,0.067359,0.0,0.0,0.0,0.0,0.0,0.0,0.043106,0.0,0.0,0.0,0.068291,0.0,0.0,0.042847,0.066615,0.0,0.069077,0.0,0.0,0.026899,0.039906,0.03943,0.027589,0.066847,0.070563,0.003995
2025-04-03,0.024019,0.054887,0.0,0.0,0.0,0.068039,0.0,0.0,0.0,0.0,0.066636,0.06586,0.037664,0.026997,0.018803,0.0,0.065668,0.0,0.0,0.0,0.0,0.0,0.0,0.044148,0.0,0.0,0.0,0.066912,0.0,0.0,0.042388,0.068243,0.0,0.070671,0.0,0.0,0.028009,0.041386,0.040133,0.028432,0.068486,0.0685,0.004118
2025-04-04,0.023678,0.053322,0.0,0.0,0.0,0.065926,0.0,0.0,0.0,0.0,0.066316,0.064575,0.036306,0.0269,0.017757,0.0,0.064006,0.0,0.0,0.0,0.0,0.0,0.0,0.043362,0.0,0.0,0.0,0.065356,0.0,0.0,0.041529,0.069317,0.0,0.071214,0.0,0.0,0.029213,0.042901,0.041146,0.029539,0.070191,0.073162,0.004282
2025-04-07,0.023366,0.052912,0.0,0.0,0.0,0.062116,0.0,0.0,0.0,0.0,0.067114,0.066224,0.037089,0.027431,0.018068,0.0,0.065244,0.0,0.0,0.0,0.0,0.0,0.0,0.043729,0.0,0.0,0.0,0.067131,0.0,0.0,0.039961,0.069464,0.0,0.071063,0.0,0.0,0.029562,0.043408,0.041777,0.029662,0.070725,0.069567,0.004388
2025-04-08,0.024394,0.053156,0.0,0.0,0.0,0.061608,0.0,0.0,0.0,0.0,0.066105,0.065882,0.037276,0.02736,0.017808,0.0,0.065283,0.0,0.0,0.0,0.0,0.0,0.0,0.043939,0.0,0.0,0.0,0.067437,0.0,0.0,0.039102,0.070466,0.0,0.071135,0.0,0.0,0.029676,0.043687,0.041956,0.029548,0.070849,0.068908,0.004426
2025-04-09,0.02229,0.053989,0.0,0.0,0.0,0.061895,0.0,0.0,0.0,0.0,0.069293,0.067782,0.037893,0.027759,0.018137,0.0,0.067193,0.0,0.0,0.0,0.0,0.0,0.0,0.043173,0.0,0.0,0.0,0.070239,0.0,0.0,0.040669,0.069076,0.0,0.06924,0.0,0.0,0.027964,0.041385,0.040724,0.028399,0.068699,0.070018,0.004185
2025-04-10,0.023877,0.054249,0.0,0.0,0.0,0.062921,0.0,0.0,0.0,0.0,0.067801,0.066634,0.037506,0.0266,0.017262,0.0,0.066655,0.0,0.0,0.0,0.0,0.0,0.0,0.043631,0.0,0.0,0.0,0.069657,0.0,0.0,0.040548,0.072055,0.0,0.069799,0.0,0.0,0.028297,0.041639,0.04079,0.028426,0.068598,0.068793,0.004262
2025-04-11,0.023547,0.054761,0.0,0.0,0.0,0.06405,0.0,0.0,0.0,0.0,0.067302,0.066066,0.037484,0.026236,0.017392,0.0,0.066687,0.0,0.0,0.0,0.0,0.0,0.0,0.043418,0.0,0.0,0.0,0.069481,0.0,0.0,0.04127,0.07219,0.0,0.070086,0.0,0.0,0.027662,0.040951,0.040222,0.027941,0.06768,0.071382,0.00419
2025-04-14,0.024088,0.054737,0.0,0.0,0.0,0.064674,0.0,0.0,0.0,0.0,0.066968,0.065986,0.037572,0.026478,0.017317,0.0,0.066854,0.0,0.0,0.0,0.0,0.0,0.0,0.043851,0.0,0.0,0.0,0.069146,0.0,0.0,0.041408,0.071216,0.0,0.069457,0.0,0.0,0.027666,0.040826,0.040105,0.027893,0.067849,0.071753,0.004158
2025-04-15,0.024182,0.055293,0.0,0.0,0.0,0.064182,0.0,0.0,0.0,0.0,0.066494,0.066159,0.037672,0.026845,0.017292,0.0,0.06653,0.0,0.0,0.0,0.0,0.0,0.0,0.04385,0.0,0.0,0.0,0.069815,0.0,0.0,0.041021,0.071597,0.0,0.069096,0.0,0.0,0.027751,0.040827,0.040219,0.028046,0.068065,0.070908,0.004155
2025-04-16,0.024134,0.055341,0.0,0.0,0.0,0.0632,0.0,0.0,0.0,0.0,0.065173,0.064695,0.037265,0.026899,0.01752,0.0,0.065942,0.0,0.0,0.0,0.0,0.0,0.0,0.043669,0.0,0.0,0.0,0.068918,0.0,0.0,0.04055,0.074291,0.0,0.070445,0.0,0.0,0.028009,0.041141,0.040411,0.028304,0.068423,0.071491,0.00418
2025-04-17,0.023841,0.055723,0.0,0.0,0.0,0.063148,0.0,0.0,0.0,0.0,0.065357,0.064888,0.037232,0.026985,0.017854,0.0,0.066073,0.0,0.0,0.0,0.0,0.0,0.0,0.043965,0.0,0.0,0.0,0.068172,0.0,0.0,0.040514,0.073709,0.0,0.070546,0.0,0.0,0.027832,0.041093,0.040506,0.028166,0.068364,0.071865,0.004165
2025-04-21,0.024005,0.055728,0.0,0.0,0.0,0.06371,0.0,0.0,0.0,0.0,0.064048,0.063863,0.036684,0.026792,0.017507,0.0,0.065034,0.0,0.0,0.0,0.0,0.0,0.0,0.043219,0.0,0.0,0.0,0.066917,0.0,0.0,0.040722,0.07651,0.0,0.070976,0.0,0.0,0.027872,0.041162,0.040542,0.028054,0.068034,0.07443,0.004194
2025-04-22,0.023606,0.055881,0.0,0.0,0.0,0.064509,0.0,0.0,0.0,0.0,0.064919,0.064383,0.037234,0.027178,0.017638,0.0,0.065012,0.0,0.0,0.0,0.0,0.0,0.0,0.04362,0.0,0.0,0.0,0.066937,0.0,0.0,0.040547,0.074104,0.0,0.070651,0.0,0.0,0.027405,0.040591,0.039988,0.027631,0.067537,0.076508,0.004121
2025-04-23,0.023895,0.055586,0.0,0.0,0.0,0.064908,0.0,0.0,0.0,0.0,0.065797,0.06485,0.037352,0.027439,0.017454,0.0,0.065259,0.0,0.0,0.0,0.0,0.0,0.0,0.043427,0.0,0.0,0.0,0.067853,0.0,0.0,0.040764,0.071704,0.0,0.070016,0.0,0.0,0.027198,0.04036,0.039842,0.027514,0.067249,0.077447,0.004086
2025-04-24,0.023745,0.055573,0.0,0.0,0.0,0.06444,0.0,0.0,0.0,0.0,0.066226,0.065279,0.03727,0.027551,0.0175,0.0,0.065846,0.0,0.0,0.0,0.0,0.0,0.0,0.042922,0.0,0.0,0.0,0.069109,0.0,0.0,0.041078,0.071792,0.0,0.069813,0.0,0.0,0.026985,0.040041,0.039672,0.027431,0.067073,0.076618,0.004034
2025-04-25,0.023784,0.055584,0.0,0.0,0.0,0.06411,0.0,0.0,0.0,0.0,0.067149,0.06543,0.036946,0.027209,0.017399,0.0,0.06558,0.0,0.0,0.0,0.0,0.0,0.0,0.042622,0.0,0.0,0.0,0.069484,0.0,0.0,0.041194,0.070732,0.0,0.070124,0.0,0.0,0.026981,0.039901,0.03955,0.027468,0.067075,0.077662,0.004017
2025-04-28,0.023822,0.055848,0.0,0.0,0.0,0.063926,0.0,0.0,0.0,0.0,0.067057,0.065566,0.036997,0.027308,0.017491,0.0,0.065685,0.0,0.0,0.0,0.0,0.0,0.0,0.042809,0.0,0.0,0.0,0.069598,0.0,0.0,0.040712,0.071616,0.0,0.069519,0.0,0.0,0.027041,0.03997,0.039502,0.027484,0.067033,0.077004,0.004011
2025-04-29,0.023889,0.055802,0.0,0.0,0.0,0.063533,0.0,0.0,0.0,0.0,0.067338,0.065854,0.037274,0.027477,0.017391,0.0,0.065921,0.0,0.0,0.0,0.0,0.0,0.0,0.043017,0.0,0.0,0.0,0.070414,0.0,0.0,0.040783,0.070714,0.0,0.068531,0.0,0.0,0.027057,0.039923,0.039493,0.027468,0.066929,0.077193,0.004
2025-04-30,0.0,0.048373,0.017002,0.0,0.0,0.054896,0.0,0.0,0.0,0.0,0.0,0.081069,0.062484,0.018712,0.045892,0.0,0.0,0.0,0.0,0.0,0.014054,0.0,0.067575,0.02691,0.0,0.0,0.0,0.072618,0.0,0.0,0.0,0.039528,0.040526,0.081252,0.0,0.0,0.040286,0.040129,0.041117,0.03971,0.081223,0.081294,0.005348
2025-05-01,0.0,0.048211,0.016944,0.0,0.0,0.054833,0.0,0.0,0.0,0.0,0.0,0.081502,0.062484,0.018901,0.046073,0.0,0.0,0.0,0.0,0.0,0.013674,0.0,0.067003,0.026994,0.0,0.0,0.0,0.07272,0.0,0.0,0.0,0.038715,0.040247,0.080693,0.0,0.0,0.040119,0.04,0.041178,0.039579,0.081278,0.083499,0.005349
2025-05-02,0.0,0.048801,0.016968,0.0,0.0,0.056288,0.0,0.0,0.0,0.0,0.0,0.082053,0.063228,0.019196,0.046342,0.0,0.0,0.0,0.0,0.0,0.013743,0.0,0.066785,0.026971,0.0,0.0,0.0,0.073239,0.0,0.0,0.0,0.038448,0.039533,0.080718,0.0,0.0,0.039506,0.039448,0.040948,0.039142,0.080361,0.08298,0.005303
2025-05-05,0.0,0.048978,0.017125,0.0,0.0,0.056395,0.0,0.0,0.0,0.0,0.0,0.082434,0.062965,0.019177,0.045609,0.0,0.0,0.0,0.0,0.0,0.013736,0.0,0.06688,0.026964,0.0,0.0,0.0,0.073753,0.0,0.0,0.0,0.039686,0.040113,0.08045,0.0,0.0,0.039525,0.039498,0.041026,0.039176,0.080381,0.080813,0.005315
2025-05-06,0.0,0.048673,0.017071,0.0,0.0,0.056765,0.0,0.0,0.0,0.0,0.0,0.082113,0.062376,0.018912,0.045452,0.0,0.0,0.0,0.0,0.0,0.013308,0.0,0.066518,0.027192,0.0,0.0,0.0,0.073567,0.0,0.0,0.0,0.040648,0.040968,0.080662,0.0,0.0,0.039478,0.039472,0.040843,0.039108,0.080417,0.081162,0.005296
2025-05-07,0.0,0.04857,0.016979,0.0,0.0,0.055488,0.0,0.0,0.0,0.0,0.0,0.082033,0.062799,0.019002,0.045508,0.0,0.0,0.0,0.0,0.0,0.013421,0.0,0.066682,0.027294,0.0,0.0,0.0,0.073707,0.0,0.0,0.0,0.040073,0.040013,0.080703,0.0,0.0,0.039617,0.039546,0.040915,0.039223,0.080801,0.082326,0.005301
2025-05-08,0.0,0.048155,0.016861,0.0,0.0,0.056012,0.0,0.0,0.0,0.0,0.0,0.081823,0.063009,0.019284,0.045881,0.0,0.0,0.0,0.0,0.0,0.013235,0.0,0.066273,0.026941,0.0,0.0,0.0,0.073733,0.0,0.0,0.0,0.039091,0.039776,0.080426,0.0,0.0,0.039116,0.039211,0.040704,0.038834,0.080083,0.086277,0.005275
2025-05-09,0.0,0.048387,0.016872,0.0,0.0,0.0557,0.0,0.0,0.0,0.0,0.0,0.081255,0.062894,0.019161,0.046257,0.0,0.0,0.0,0.0,0.0,0.013067,0.0,0.06577,0.026939,0.0,0.0,0.0,0.072953,0.0,0.0,0.0,0.039303,0.040162,0.080607,0.0,0.0,0.039073,0.039176,0.040655,0.038748,0.080061,0.087689,0.005268
2025-05-12,0.0,0.048139,0.016933,0.0,0.0,0.057175,0.0,0.0,0.0,0.0,0.0,0.082341,0.063701,0.019849,0.047118,0.0,0.0,0.0,0.0,0.0,0.013293,0.0,0.065389,0.026583,0.0,0.0,0.0,0.074737,0.0,0.0,0.0,0.037917,0.039642,0.079932,0.0,0.0,0.038542,0.038588,0.04076,0.038459,0.07994,0.085732,0.005229
2025-05-13,0.0,0.048066,0.016712,0.0,0.0,0.056486,0.0,0.0,0.0,0.0,0.0,0.082686,0.06361,0.01985,0.047517,0.0,0.0,0.0,0.0,0.0,0.012822,0.0,0.064152,0.026399,0.0,0.0,0.0,0.075034,0.0,0.0,0.0,0.037868,0.039822,0.080638,0.0,0.0,0.0383,0.038466,0.040606,0.038278,0.079568,0.087919,0.005199
2025-05-14,0.0,0.0482,0.016611,0.0,0.0,0.057708,0.0,0.0,0.0,0.0,0.0,0.083538,0.063758,0.01985,0.047469,0.0,0.0,0.0,0.0,0.0,0.012584,0.0,0.064131,0.026417,0.0,0.0,0.0,0.074936,0.0,0.0,0.0,0.03726,0.039115,0.080604,0.0,0.0,0.038351,0.038623,0.040664,0.038278,0.079707,0.086969,0.005226
2025-05-15,0.0,0.048393,0.01671,0.0,0.0,0.056305,0.0,0.0,0.0,0.0,0.0,0.083375,0.063805,0.019769,0.047388,0.0,0.0,0.0,0.0,0.0,0.012674,0.0,0.06506,0.026821,0.0,0.0,0.0,0.075257,0.0,0.0,0.0,0.037631,0.039363,0.080629,0.0,0.0,0.038374,0.038505,0.0405,0.038325,0.079501,0.086417,0.005197
2025-05-16,0.0,0.048372,0.016706,0.0,0.0,0.055991,0.0,0.0,0.0,0.0,0.0,0.083707,0.06401,0.019742,0.047183,0.0,0.0,0.0,0.0,0.0,0.012893,0.0,0.06562,0.027138,0.0,0.0,0.0,0.075467,0.0,0.0,0.0,0.037071,0.038841,0.080226,0.0,0.0,0.038278,0.038463,0.040432,0.038288,0.079426,0.086964,0.005182
2025-05-19,0.0,0.048823,0.016666,0.0,0.0,0.056082,0.0,0.0,0.0,0.0,0.0,0.083495,0.063822,0.019612,0.046407,0.0,0.0,0.0,0.0,0.0,0.012971,0.0,0.065581,0.027158,0.0,0.0,0.0,0.075444,0.0,0.0,0.0,0.037417,0.038863,0.080646,0.0,0.0,0.038124,0.038332,0.04027,0.038158,0.079199,0.087763,0.005166
2025-05-20,0.0,0.048987,0.016709,0.0,0.0,0.056415,0.0,0.0,0.0,0.0,0.0,0.083026,0.063275,0.019475,0.045832,0.0,0.0,0.0,0.0,0.0,0.012962,0.0,0.065603,0.027151,0.0,0.0,0.0,0.075373,0.0,0.0,0.0,0.037993,0.039675,0.080594,0.0,0.0,0.037954,0.038154,0.040122,0.037944,0.078826,0.088782,0.005149
2025-05-21,0.0,0.049055,0.016664,0.0,0.0,0.056573,0.0,0.0,0.0,0.0,0.0,0.082952,0.062392,0.018914,0.045286,0.0,0.0,0.0,0.0,0.0,0.012746,0.0,0.065271,0.026832,0.0,0.0,0.0,0.074658,0.0,0.0,0.0,0.038527,0.040442,0.081217,0.0,0.0,0.037941,0.038199,0.040118,0.037771,0.07862,0.090638,0.005184
2025-05-22,0.0,0.048965,0.016669,0.0,0.0,0.056297,0.0,0.0,0.0,0.0,0.0,0.082727,0.062284,0.018918,0.045085,0.0,0.0,0.0,0.0,0.0,0.012639,0.0,0.064965,0.026435,0.0,0.0,0.0,0.075526,0.0,0.0,0.0,0.038166,0.039785,0.080353,0.0,0.0,0.038063,0.038291,0.040178,0.037943,0.078842,0.092687,0.005181
2025-05-23,0.0,0.048969,0.016849,0.0,0.0,0.056421,0.0,0.0,0.0,0.0,0.0,0.082486,0.062164,0.018871,0.045304,0.0,0.0,0.0,0.0,0.0,0.01264,0.0,0.065313,0.026796,0.0,0.0,0.0,0.075154,0.0,0.0,0.0,0.039066,0.040408,0.079722,0.0,0.0,0.038237,0.03839,0.040235,0.038035,0.079052,0.090701,0.005191
2025-05-26,0.0,0.048969,0.016849,0.0,0.0,0.056421,0.0,0.0,0.0,0.0,0.0,0.082486,0.062164,0.018871,0.045304,0.0,0.0,0.0,0.0,0.0,0.01264,0.0,0.065313,0.026796,0.0,0.0,0.0,0.075154,0.0,0.0,0.0,0.039066,0.040408,0.079722,0.0,0.0,0.038237,0.03839,0.040235,0.038035,0.079052,0.090701,0.005189
2025-05-27,0.0,0.049205,0.01717,0.0,0.0,0.055267,0.0,0.0,0.0,0.0,0.0,0.083238,0.062812,0.019175,0.045374,0.0,0.0,0.0,0.0,0.0,0.012726,0.0,0.065441,0.026808,0.0,0.0,0.0,0.076085,0.0,0.0,0.0,0.038134,0.039834,0.078782,0.0,0.0,0.038125,0.038229,0.040194,0.038108,0.078975,0.091164,0.005153
2025-05-28,0.0,0.049172,0.017017,0.0,0.0,0.05504,0.0,0.0,0.0,0.0,0.0,0.083983,0.062964,0.019064,0.045208,0.0,0.0,0.0,0.0,0.0,0.012776,0.0,0.065591,0.026676,0.0,0.0,0.0,0.07569,0.0,0.0,0.0,0.038396,0.039866,0.078649,0.0,0.0,0.038368,0.03849,0.040537,0.038364,0.079531,0.089417,0.005201
2025-05-29,0.0,0.049372,0.017096,0.0,0.0,0.055528,0.0,0.0,0.0,0.0,0.0,0.083219,0.063221,0.019205,0.045498,0.0,0.0,0.0,0.0,0.0,0.012848,0.0,0.065786,0.026833,0.0,0.0,0.0,0.075208,0.0,0.0,0.0,0.038583,0.040249,0.078126,0.0,0.0,0.038487,0.038559,0.040555,0.038496,0.07972,0.088213,0.005198
2025-05-30,0.051939,0.064937,0.064587,0.0,0.057631,0.038862,0.045621,0.025641,0.0,0.0,0.0,0.064882,0.064744,0.0,0.0,0.0,0.0,0.0,0.0,0.0,0.0,0.0,0.064603,0.0,0.0,0.0,0.026175,0.03842,0.0,0.0,0.0,0.063335,0.0,0.064937,0.0,0.0,0.032089,0.032244,0.032312,0.032366,0.064544,0.06487,0.005262
2025-06-02,0.051846,0.065304,0.065122,0.0,0.057572,0.039026,0.045535,0.025645,0.0,0.0,0.0,0.064936,0.064505,0.0,0.0,0.0,0.0,0.0,0.0,0.0,0.0,0.0,0.064378,0.0,0.0,0.0,0.026141,0.038652,0.0,0.0,0.0,0.064753,0.0,0.064503,0.0,0.0,0.031849,0.032004,0.032174,0.032143,0.064256,0.064412,0.005242
2025-06-03,0.05219,0.06465,0.064236,0.0,0.057838,0.039333,0.045983,0.025334,0.0,0.0,0.0,0.064654,0.064534,0.0,0.0,0.0,0.0,0.0,0.0,0.0,0.0,0.0,0.064219,0.0,0.0,0.0,0.026365,0.038993,0.0,0.0,0.0,0.064083,0.0,0.064575,0.0,0.0,0.031771,0.031926,0.032187,0.032109,0.064366,0.06542,0.005233
2025-06-04,0.0523,0.064937,0.064051,0.0,0.058413,0.039999,0.045649,0.025259,0.0,0.0,0.0,0.064925,0.064027,0.0,0.0,0.0,0.0,0.0,0.0,0.0,0.0,0.0,0.063629,0.0,0.0,0.0,0.02626,0.038716,0.0,0.0,0.0,0.064355,0.0,0.064916,0.0,0.0,0.031934,0.03198,0.032177,0.032272,0.064466,0.064511,0.005222
2025-06-05,0.052523,0.065116,0.063564,0.0,0.059109,0.040214,0.045994,0.025425,0.0,0.0,0.0,0.065125,0.06396,0.0,0.0,0.0,0.0,0.0,0.0,0.0,0.0,0.0,0.063126,0.0,0.0,0.0,0.02627,0.038969,0.0,0.0,0.0,0.064139,0.0,0.065898,0.0,0.0,0.031894,0.031941,0.032163,0.032229,0.06442,0.062689,0.005232
2025-06-06,0.052309,0.065061,0.06371,0.0,0.058731,0.04002,0.046031,0.025676,0.0,0.0,0.0,0.065724,0.064526,0.0,0.0,0.0,0.0,0.0,0.0,0.0,0.0,0.0,0.063103,0.0,0.0,0.0,0.026507,0.038931,0.0,0.0,0.0,0.063055,0.0,0.066194,0.0,0.0,0.031528,0.031657,0.032045,0.03192,0.064093,0.063965,0.005214
2025-06-09,0.052223,0.06484,0.063589,0.0,0.059157,0.040321,0.045709,0.025743,0.0,0.0,0.0,0.065313,0.063957,0.0,0.0,0.0,0.0,0.0,0.0,0.0,0.0,0.0,0.062805,0.0,0.0,0.0,0.026455,0.03843,0.0,0.0,0.0,0.063138,0.0,0.065754,0.0,0.0,0.031479,0.031594,0.031953,0.031908,0.064038,0.066399,0.005197
2025-06-10,0.052148,0.064847,0.063438,0.0,0.059191,0.040375,0.045797,0.025708,0.0,0.0,0.0,0.066028,0.063923,0.0,0.0,0.0,0.0,0.0,0.0,0.0,0.0,0.0,0.062837,0.0,0.0,0.0,0.026347,0.038264,0.0,0.0,0.0,0.063049,0.0,0.064875,0.0,0.0,0.031479,0.031555,0.031975,0.031931,0.064211,0.066834,0.005188
2025-06-11,0.052363,0.064667,0.063155,0.0,0.059805,0.040433,0.046548,0.025699,0.0,0.0,0.0,0.06577,0.063745,0.0,0.0,0.0,0.0,0.0,0.0,0.0,0.0,0.0,0.06252,0.0,0.0,0.0,0.026283,0.038303,0.0,0.0,0.0,0.063288,0.0,0.064723,0.0,0.0,0.031559,0.031556,0.031915,0.03198,0.064298,0.06621,0.00518
2025-06-12,0.052275,0.065219,0.063571,0.0,0.059547,0.040353,0.046398,0.025435,0.0,0.0,0.0,0.065187,0.063698,0.0,0.0,0.0,0.0,0.0,0.0,0.0,0.0,0.0,0.062843,0.0,0.0,0.0,0.026574,0.038448,0.0,0.0,0.0,0.064027,0.0,0.06458,0.0,0.0,0.031673,0.031623,0.031928,0.032134,0.064363,0.064947,0.005177
2025-06-13,0.052471,0.064751,0.063561,0.0,0.059275,0.039937,0.046759,0.025286,0.0,0.0,0.0,0.065051,0.062907,0.0,0.0,0.0,0.0,0.0,0.0,0.0,0.0,0.0,0.06258,0.0,0.0,0.0,0.026597,0.038384,0.0,0.0,0.0,0.065393,0.0,0.064984,0.0,0.0,0.031812,0.031833,0.03209,0.032201,0.064475,0.064435,0.005218
2025-06-16,0.052319,0.064483,0.063191,0.0,0.05958,0.040195,0.047547,0.025332,0.0,0.0,0.0,0.065655,0.063132,0.0,0.0,0.0,0.0,0.0,0.0,0.0,0.0,0.0,0.062296,0.0,0.0,0.0,0.026672,0.038513,0.0,0.0,0.0,0.063962,0.0,0.064984,0.0,0.0,0.031476,0.031544,0.031906,0.031896,0.064047,0.066092,0.005179
2025-06-17,0.052368,0.064066,0.062946,0.0,0.059422,0.040101,0.047594,0.025195,0.0,0.0,0.0,0.065604,0.063279,0.0,0.0,0.0,0.0,0.0,0.0,0.0,0.0,0.0,0.062267,0.0,0.0,0.0,0.0267,0.038847,0.0,0.0,0.0,0.064513,0.0,0.064835,0.0,0.0,0.031886,0.031966,0.032128,0.032265,0.064615,0.064179,0.005222
2025-06-18,0.052419,0.064125,0.063717,0.0,0.059292,0.039788,0.047618,0.025216,0.0,0.0,0.0,0.065739,0.063353,0.0,0.0,0.0,0.0,0.0,0.0,0.0,0.0,0.0,0.062288,0.0,0.0,0.0,0.026602,0.038738,0.0,0.0,0.0,0.064267,0.0,0.064672,0.0,0.0,0.031957,0.03204,0.032228,0.03234,0.064675,0.063698,0.005231
2025-06-19,0.051806,0.064234,0.063824,0.0,0.058404,0.039855,0.047699,0.025259,0.0,0.0,0.0,0.06585,0.06346,0.0,0.0,0.0,0.0,0.0,0.0,0.0,0.0,0.0,0.062393,0.0,0.0,0.0,0.026647,0.038803,0.0,0.0,0.0,0.064375,0.0,0.064781,0.0,0.0,0.032011,0.032094,0.032282,0.032394,0.064784,0.063806,0.005239
2025-06-20,0.052374,0.064027,0.062874,0.0,0.059206,0.039649,0.047134,0.025382,0.0,0.0,0.0,0.065633,0.063816,0.0,0.0,0.0,0.0,0.0,0.0,0.0,0.0,0.0,0.063027,0.0,0.0,0.0,0.026475,0.038507,0.0,0.0,0.0,0.064529,0.0,0.064066,0.0,0.0,0.032121,0.032241,0.032475,0.032512,0.065052,0.063646,0.005255
2025-06-23,0.052096,0.064217,0.062743,0.0,0.058925,0.039888,0.04685,0.02543,0.0,0.0,0.0,0.066087,0.064253,0.0,0.0,0.0,0.0,0.0,0.0,0.0,0.0,0.0,0.063396,0.0,0.0,0.0,0.02664,0.039005,0.0,0.0,0.0,0.06436,0.0,0.063871,0.0,0.0,0.03205,0.032084,0.032351,0.032409,0.064867,0.063255,0.005224
2025-06-24,0.05244,0.064485,0.062803,0.0,0.06011,0.040582,0.046968,0.025429,0.0,0.0,0.0,0.06634,0.06463,0.0,0.0,0.0,0.0,0.0,0.0,0.0,0.0,0.0,0.062774,0.0,0.0,0.0,0.026819,0.038839,0.0,0.0,0.0,0.062781,0.0,0.062845,0.0,0.0,0.031874,0.031837,0.03215,0.03227,0.064673,0.064175,0.005178
2025-06-25,0.052442,0.064163,0.062616,0.0,0.060326,0.0406,0.046333,0.025551,0.0,0.0,0.0,0.066404,0.064491,0.0,0.0,0.0,0.0,0.0,0.0,0.0,0.0,0.0,0.062004,0.0,0.0,0.0,0.02678,0.039179,0.0,0.0,0.0,0.063044,0.0,0.062415,0.0,0.0,0.031924,0.031892,0.032179,0.032268,0.064712,0.065494,0.005184
2025-06-26,0.052537,0.0643,0.063532,0.0,0.060369,0.040349,0.046973,0.025717,0.0,0.0,0.0,0.066747,0.064555,0.0,0.0,0.0,0.0,0.0,0.0,0.0,0.0,0.0,0.061556,0.0,0.0,0.0,0.026842,0.03926,0.0,0.0,0.0,0.062574,0.0,0.062161,0.0,0.0,0.031834,0.031781,0.032066,0.032181,0.064497,0.065018,0.005152
2025-06-27,0.052957,0.064809,0.06457,0.0,0.060208,0.040034,0.046927,0.025751,0.0,0.0,0.0,0.06744,0.064655,0.0,0.0,0.0,0.0,0.0,0.0,0.0,0.0,0.0,0.061765,0.0,0.0,0.0,0.026576,0.039008,0.0,0.0,0.0,0.061357,0.0,0.062528,0.0,0.0,0.031708,0.031698,0.032007,0.032085,0.064354,0.064418,0.005146
2025-06-30,0.055238,0.055298,0.055516,0.0,0.055486,0.055467,0.055465,0.0,0.0,0.0,0.0,0.055036,0.055492,0.0,0.0,0.0,0.055302,0.0,0.0,0.0,0.0,0.0,0.055442,0.055449,0.0,0.0,0.0,0.055394,0.0,0.0,0.0,0.055292,0.0,0.055476,0.0,0.0,0.027722,0.027602,0.027467,0.027601,0.055411,0.055487,0.003356
2025-07-01,0.055353,0.055438,0.055206,0.0,0.055755,0.055736,0.055447,0.0,0.0,0.0,0.0,0.054741,0.055898,0.0,0.0,0.0,0.055583,0.0,0.0,0.0,0.0,0.0,0.056232,0.055737,0.0,0.0,0.0,0.054639,0.0,0.0,0.0,0.055883,0.0,0.054511,0.0,0.0,0.027719,0.027636,0.027481,0.027683,0.055616,0.054343,0.003362
2025-07-02,0.05538,0.055431,0.055065,0.0,0.055706,0.055292,0.055507,0.0,0.0,0.0,0.0,0.054416,0.055683,0.0,0.0,0.0,0.055468,0.0,0.0,0.0,0.0,0.0,0.056223,0.055084,0.0,0.0,0.0,0.054544,0.0,0.0,0.0,0.056019,0.0,0.054809,0.0,0.0,0.027576,0.027538,0.027448,0.027593,0.055391,0.056474,0.003352
2025-07-03,0.055637,0.055197,0.054964,0.0,0.056,0.054807,0.056066,0.0,0.0,0.0,0.0,0.054511,0.056077,0.0,0.0,0.0,0.055732,0.0,0.0,0.0,0.0,0.0,0.055987,0.055292,0.0,0.0,0.0,0.05537,0.0,0.0,0.0,0.05543,0.0,0.054648,0.0,0.0,0.027378,0.027388,0.027363,0.027425,0.055281,0.056105,0.00334
2025-07-04,0.05539,0.055244,0.055011,0.0,0.055492,0.054853,0.056114,0.0,0.0,0.0,0.0,0.054558,0.056125,0.0,0.0,0.0,0.055779,0.0,0.0,0.0,0.0,0.0,0.056035,0.055339,0.0,0.0,0.0,0.055417,0.0,0.0,0.0,0.055477,0.0,0.054694,0.0,0.0,0.027402,0.027411,0.027386,0.027448,0.055328,0.056152,0.003343
2025-07-07,0.055699,0.055202,0.05404,0.0,0.05585,0.055101,0.055102,0.0,0.0,0.0,0.0,0.054376,0.05594,0.0,0.0,0.0,0.055938,0.0,0.0,0.0,0.0,0.0,0.056343,0.055806,0.0,0.0,0.0,0.055586,0.0,0.0,0.0,0.055872,0.0,0.054659,0.0,0.0,0.027489,0.02755,0.027468,0.027458,0.055397,0.055758,0.003365
2025-07-08,0.055601,0.055779,0.054361,0.0,0.055898,0.055663,0.055361,0.0,0.0,0.0,0.0,0.054311,0.055488,0.0,0.0,0.0,0.055971,0.0,0.0,0.0,0.0,0.0,0.055869,0.055261,0.0,0.0,0.0,0.055633,0.0,0.0,0.0,0.055335,0.0,0.05477,0.0,0.0,0.027471,0.027551,0.027453,0.027403,0.055269,0.056182,0.003368
2025-07-09,0.055622,0.056118,0.054251,0.0,0.055561,0.054915,0.054111,0.0,0.0,0.0,0.0,0.054262,0.055495,0.0,0.0,0.0,0.056165,0.0,0.0,0.0,0.0,0.0,0.055311,0.055583,0.0,0.0,0.0,0.055907,0.0,0.0,0.0,0.055388,0.0,0.054981,0.0,0.0,0.027517,0.027558,0.027432,0.027464,0.055466,0.057536,0.003357
2025-07-10,0.055893,0.056143,0.054016,0.0,0.055783,0.055379,0.053296,0.0,0.0,0.0,0.0,0.054111,0.055855,0.0,0.0,0.0,0.056512,0.0,0.0,0.0,0.0,0.0,0.055541,0.05607,0.0,0.0,0.0,0.054026,0.0,0.0,0.0,0.055543,0.0,0.054673,0.0,0.0,0.027518,0.027566,0.027421,0.027484,0.055414,0.058399,0.003358
2025-07-11,0.055745,0.055609,0.053684,0.0,0.05578,0.055419,0.053026,0.0,0.0,0.0,0.0,0.053858,0.055373,0.0,0.0,0.0,0.056412,0.0,0.0,0.0,0.0,0.0,0.055436,0.05609,0.0,0.0,0.0,0.053294,0.0,0.0,0.0,0.056178,0.0,0.054772,0.0,0.0,0.02744,0.027571,0.027436,0.027367,0.055225,0.060918,0.003365
2025-07-14,0.055612,0.055401,0.053547,0.0,0.05568,0.055843,0.052433,0.0,0.0,0.0,0.0,0.054211,0.055607,0.0,0.0,0.0,0.056533,0.0,0.0,0.0,0.0,0.0,0.055305,0.056133,0.0,0.0,0.0,0.053584,0.0,0.0,0.0,0.055792,0.0,0.054828,0.0,0.0,0.02734,0.027499,0.027368,0.027271,0.055053,0.061603,0.003355
2025-07-15,0.05582,0.055071,0.053317,0.0,0.056304,0.057304,0.05304,0.0,0.0,0.0,0.0,0.05398,0.054966,0.0,0.0,0.0,0.056429,0.0,0.0,0.0,0.0,0.0,0.055063,0.055914,0.0,0.0,0.0,0.053822,0.0,0.0,0.0,0.055877,0.0,0.054586,0.0,0.0,0.027388,0.027582,0.027441,0.027327,0.055216,0.06018,0.003374
2025-07-16,0.055238,0.055092,0.053346,0.0,0.056237,0.056901,0.053018,0.0,0.0,0.0,0.0,0.053924,0.055125,0.0,0.0,0.0,0.0564,0.0,0.0,0.0,0.0,0.0,0.055032,0.055715,0.0,0.0,0.0,0.053766,0.0,0.0,0.0,0.055929,0.0,0.054918,0.0,0.0,0.027353,0.027564,0.027402,0.02726,0.055035,0.061382,0.003361
2025-07-17,0.05559,0.054909,0.053394,0.0,0.056489,0.057072,0.053025,0.0,0.0,0.0,0.0,0.053884,0.055421,0.0,0.0,0.0,0.056681,0.0,0.0,0.0,0.0,0.0,0.055319,0.05571,0.0,0.0,0.0,0.054058,0.0,0.0,0.0,0.055572,0.0,0.054475,0.0,0.0,0.027229,0.027473,0.027314,0.027211,0.054863,0.060964,0.003347
2025-07-18,0.055738,0.054881,0.053,0.0,0.056672,0.057641,0.051449,0.0,0.0,0.0,0.0,0.053671,0.055488,0.0,0.0,0.0,0.056591,0.0,0.0,0.0,0.0,0.0,0.055204,0.05668,0.0,0.0,0.0,0.05421,0.0,0.0,0.0,0.055753,0.0,0.055039,0.0,0.0,0.027322,0.027521,0.027369,0.027279,0.055018,0.060123,0.003349
2025-07-21,0.05584,0.054924,0.053384,0.0,0.056745,0.057778,0.05169,0.0,0.0,0.0,0.0,0.054179,0.055116,0.0,0.0,0.0,0.056074,0.0,0.0,0.0,0.0,0.0,0.054984,0.056643,0.0,0.0,0.0,0.05435,0.0,0.0,0.0,0.056391,0.0,0.054552,0.0,0.0,0.027311,0.027485,0.027301,0.027279,0.055014,0.059625,0.003336
2025-07-22,0.055357,0.055006,0.053419,0.0,0.056228,0.058379,0.05131,0.0,0.0,0.0,0.0,0.054065,0.055177,0.0,0.0,0.0,0.055961,0.0,0.0,0.0,0.0,0.0,0.055243,0.057085,0.0,0.0,0.0,0.053683,0.0,0.0,0.0,0.056675,0.0,0.054459,0.0,0.0,0.027268,0.027388,0.027228,0.027223,0.054867,0.060658,0.003322
2025-07-23,0.05538,0.055741,0.055611,0.0,0.056385,0.058558,0.051869,0.0,0.0,0.0,0.0,0.053994,0.055241,0.0,0.0,0.0,0.05658,0.0,0.0,0.0,0.0,0.0,0.05489,0.056273,0.0,0.0,0.0,0.053551,0.0,0.0,0.0,0.055594,0.0,0.05457,0.0,0.0,0.026987,0.027097,0.027058,0.026997,0.05452,0.059802,0.0033
2025-07-24,0.055839,0.055217,0.05574,0.0,0.056405,0.058579,0.051287,0.0,0.0,0.0,0.0,0.054167,0.055295,0.0,0.0,0.0,0.056571,0.0,0.0,0.0,0.0,0.0,0.054779,0.056286,0.0,0.0,0.0,0.053604,0.0,0.0,0.0,0.055339,0.0,0.054654,0.0,0.0,0.026989,0.027159,0.027066,0.026999,0.054592,0.060131,0.003304
2025-07-25,0.05588,0.055455,0.055225,0.0,0.05614,0.058457,0.051038,0.0,0.0,0.0,0.0,0.053778,0.0558,0.0,0.0,0.0,0.057255,0.0,0.0,0.0,0.0,0.0,0.054991,0.056554,0.0,0.0,0.0,0.053921,0.0,0.0,0.0,0.054945,0.0,0.054521,0.0,0.0,0.02711,0.027242,0.027141,0.027144,0.054887,0.059205,0.003313
2025-07-28,0.056099,0.054742,0.05448,0.0,0.056276,0.058534,0.050506,0.0,0.0,0.0,0.0,0.053769,0.055705,0.0,0.0,0.0,0.057377,0.0,0.0,0.0,0.0,0.0,0.05471,0.056245,0.0,0.0,0.0,0.05395,0.0,0.0,0.0,0.054875,0.0,0.055122,0.0,0.0,0.027192,0.02735,0.027269,0.027232,0.055139,0.060099,0.003329
2025-07-29,0.055945,0.054691,0.05422,0.0,0.056218,0.058423,0.050988,0.0,0.0,0.0,0.0,0.053333,0.055448,0.0,0.0,0.0,0.056751,0.0,0.0,0.0,0.0,0.0,0.055096,0.056919,0.0,0.0,0.0,0.054093,0.0,0.0,0.0,0.055053,0.0,0.054686,0.0,0.0,0.027383,0.02751,0.0273,0.027425,0.055374,0.05981,0.003331
2025-07-30,0.056127,0.054309,0.054507,0.0,0.056219,0.057981,0.051417,0.0,0.0,0.0,0.0,0.053709,0.05556,0.0,0.0,0.0,0.056694,0.0,0.0,0.0,0.0,0.0,0.054822,0.057568,0.0,0.0,0.0,0.053751,0.0,0.0,0.0,0.054315,0.0,0.054795,0.0,0.0,0.027396,0.027511,0.027349,0.02743,0.055496,0.059699,0.003344
2025-07-31,0.07223,0.072472,0.0,0.0,0.07244,0.030806,0.072505,0.0,0.010692,0.030704,0.0,0.072464,0.042147,0.029967,0.0,0.0,0.072075,0.0,0.072506,0.0,0.0,0.0,0.072399,0.0,0.027163,0.0,0.013671,0.02735,0.0,0.0,0.0,0.070958,0.0,0.0,0.070756,0.0,0.0,0.0,0.0,0.0,0.0,0.058674,0.008022
2025-08-01,0.071463,0.072825,0.0,0.0,0.072244,0.030623,0.073511,0.0,0.010806,0.030093,0.0,0.072315,0.041784,0.029752,0.0,0.0,0.071714,0.0,0.072394,0.0,0.0,0.0,0.073477,0.0,0.026844,0.0,0.013434,0.027184,0.0,0.0,0.0,0.073128,0.0,0.0,0.070971,0.0,0.0,0.0,0.0,0.0,0.0,0.057333,0.008105
2025-08-04,0.071503,0.07275,0.0,0.0,0.072164,0.03075,0.073359,0.0,0.010753,0.030425,0.0,0.072787,0.041673,0.029765,0.0,0.0,0.071474,0.0,0.07244,0.0,0.0,0.0,0.072915,0.0,0.027048,0.0,0.013553,0.027345,0.0,0.0,0.0,0.072638,0.0,0.0,0.071234,0.0,0.0,0.0,0.0,0.0,0.0,0.05742,0.008005
2025-08-05,0.071389,0.072801,0.0,0.0,0.072455,0.030948,0.073579,0.0,0.010764,0.03065,0.0,0.072197,0.04149,0.029909,0.0,0.0,0.071303,0.0,0.072927,0.0,0.0,0.0,0.072817,0.0,0.026815,0.0,0.013496,0.026994,0.0,0.0,0.0,0.072672,0.0,0.0,0.071915,0.0,0.0,0.0,0.0,0.0,0.0,0.056876,0.008002
2025-08-06,0.07155,0.072754,0.0,0.0,0.072161,0.031048,0.07435,0.0,0.010747,0.030608,0.0,0.072085,0.041468,0.029611,0.0,0.0,0.070978,0.0,0.071749,0.0,0.0,0.0,0.073463,0.0,0.026972,0.0,0.013577,0.027257,0.0,0.0,0.0,0.07213,0.0,0.0,0.072166,0.0,0.0,0.0,0.0,0.0,0.0,0.057368,0.007958
2025-08-07,0.071286,0.073118,0.0,0.0,0.072512,0.030793,0.075556,0.0,0.010908,0.030547,0.0,0.071382,0.040779,0.02918,0.0,0.0,0.070484,0.0,0.071664,0.0,0.0,0.0,0.073613,0.0,0.026848,0.0,0.013235,0.02642,0.0,0.0,0.0,0.072338,0.0,0.0,0.073195,0.0,0.0,0.0,0.0,0.0,0.0,0.058226,0.007916
2025-08-08,0.071481,0.073148,0.0,0.0,0.07223,0.030701,0.074698,0.0,0.010865,0.030486,0.0,0.07142,0.041043,0.029391,0.0,0.0,0.070341,0.0,0.071819,0.0,0.0,0.0,0.07362,0.0,0.02704,0.0,0.013202,0.026319,0.0,0.0,0.0,0.072117,0.0,0.0,0.07475,0.0,0.0,0.0,0.0,0.0,0.0,0.057435,0.007895
2025-08-11,0.071717,0.072969,0.0,0.0,0.072395,0.030588,0.074444,0.0,0.010892,0.030374,0.0,0.07198,0.041139,0.029434,0.0,0.0,0.070304,0.0,0.071852,0.0,0.0,0.0,0.073758,0.0,0.02693,0.0,0.013086,0.026291,0.0,0.0,0.0,0.071274,0.0,0.0,0.073754,0.0,0.0,0.0,0.0,0.0,0.0,0.058902,0.007915
2025-08-12,0.071289,0.072794,0.0,0.0,0.072152,0.030681,0.075508,0.0,0.010901,0.030433,0.0,0.07244,0.041119,0.030053,0.0,0.0,0.070145,0.0,0.071879,0.0,0.0,0.0,0.07303,0.0,0.027005,0.0,0.013064,0.026493,0.0,0.0,0.0,0.070319,0.0,0.0,0.074417,0.0,0.0,0.0,0.0,0.0,0.0,0.058462,0.007817
2025-08-13,0.071035,0.072694,0.0,0.0,0.072507,0.031365,0.074304,0.0,0.010796,0.030423,0.0,0.072376,0.040998,0.030293,0.0,0.0,0.069806,0.0,0.072601,0.0,0.0,0.0,0.0724,0.0,0.026782,0.0,0.012949,0.026461,0.0,0.0,0.0,0.069926,0.0,0.0,0.074998,0.0,0.0,0.0,0.0,0.0,0.0,0.059536,0.007749
2025-08-14,0.071579,0.073522,0.0,0.0,0.072115,0.031003,0.074235,0.0,0.010831,0.030276,0.0,0.073121,0.041582,0.030575,0.0,0.0,0.069843,0.0,0.072523,0.0,0.0,0.0,0.072431,0.0,0.026977,0.0,0.012928,0.026305,0.0,0.0,0.0,0.070141,0.0,0.0,0.07449,0.0,0.0,0.0,0.0,0.0,0.0,0.057698,0.007825
2025-08-15,0.071715,0.073641,0.0,0.0,0.072286,0.031169,0.074982,0.0,0.010778,0.030133,0.0,0.073228,0.041108,0.030019,0.0,0.0,0.069452,0.0,0.072447,0.0,0.0,0.0,0.072471,0.0,0.026745,0.0,0.013007,0.026369,0.0,0.0,0.0,0.070108,0.0,0.0,0.075453,0.0,0.0,0.0,0.0,0.0,0.0,0.057072,0.007818
2025-08-18,0.071677,0.073594,0.0,0.0,0.072671,0.031397,0.075317,0.0,0.010903,0.029929,0.0,0.072874,0.041191,0.030176,0.0,0.0,0.069812,0.0,0.07212,0.0,0.0,0.0,0.072465,0.0,0.026836,0.0,0.013059,0.026465,0.0,0.0,0.0,0.070088,0.0,0.0,0.074779,0.0,0.0,0.0,0.0,0.0,0.0,0.05682,0.007828
2025-08-19,0.072154,0.074232,0.0,0.0,0.072801,0.031364,0.073314,0.0,0.010803,0.02956,0.0,0.072936,0.041537,0.030403,0.0,0.0,0.070419,0.0,0.073026,0.0,0.0,0.0,0.073684,0.0,0.026539,0.0,0.012804,0.026489,0.0,0.0,0.0,0.070157,0.0,0.0,0.074313,0.0,0.0,0.0,0.0,0.0,0.0,0.055586,0.00788
2025-08-20,0.071519,0.074467,0.0,0.0,0.072281,0.031466,0.07403,0.0,0.010543,0.029461,0.0,0.072554,0.041656,0.030371,0.0,0.0,0.070195,0.0,0.072917,0.0,0.0,0.0,0.073935,0.0,0.0263,0.0,0.012745,0.026484,0.0,0.0,0.0,0.070706,0.0,0.0,0.074451,0.0,0.0,0.0,0.0,0.0,0.0,0.056057,0.007862
2025-08-21,0.071709,0.074201,0.0,0.0,0.072554,0.031587,0.074134,0.0,0.010532,0.029476,0.0,0.072655,0.041626,0.030332,0.0,0.0,0.070118,0.0,0.073318,0.0,0.0,0.0,0.073451,0.0,0.02627,0.0,0.012732,0.026436,0.0,0.0,0.0,0.070636,0.0,0.0,0.075217,0.0,0.0,0.0,0.0,0.0,0.0,0.055136,0.007882
2025-08-22,0.071298,0.073911,0.0,0.0,0.072304,0.031775,0.07517,0.0,0.010516,0.029825,0.0,0.07225,0.04148,0.031119,0.0,0.0,0.06986,0.0,0.073297,0.0,0.0,0.0,0.072004,0.0,0.026102,0.0,0.012658,0.026273,0.0,0.0,0.0,0.069987,0.0,0.0,0.076234,0.0,0.0,0.0,0.0,0.0,0.0,0.056208,0.00773
2025-08-25,0.071807,0.073333,0.0,0.0,0.072819,0.031986,0.07605,0.0,0.01052,0.029719,0.0,0.072882,0.041534,0.031155,0.0,0.0,0.069655,0.0,0.073412,0.0,0.0,0.0,0.071278,0.0,0.026229,0.0,0.012657,0.026304,0.0,0.0,0.0,0.070316,0.0,0.0,0.076794,0.0,0.0,0.0,0.0,0.0,0.0,0.053765,0.007785
2025-08-26,0.071103,0.073152,0.0,0.0,0.072329,0.031997,0.075634,0.0,0.010553,0.029551,0.0,0.072493,0.041813,0.031424,0.0,0.0,0.070304,0.0,0.073541,0.0,0.0,0.0,0.070744,0.0,0.026324,0.0,0.012631,0.026308,0.0,0.0,0.0,0.070758,0.0,0.0,0.07769,0.0,0.0,0.0,0.0,0.0,0.0,0.053875,0.007777
2025-08-27,0.071314,0.072866,0.0,0.0,0.071575,0.031131,0.076632,0.0,0.010589,0.029551,0.0,0.072535,0.041852,0.031585,0.0,0.0,0.070216,0.0,0.073643,0.0,0.0,0.0,0.070875,0.0,0.026436,0.0,0.012721,0.026599,0.0,0.0,0.0,0.070822,0.0,0.0,0.077047,0.0,0.0,0.0,0.0,0.0,0.0,0.054243,0.007769
2025-08-28,0.071197,0.07272,0.0,0.0,0.071533,0.031216,0.077529,0.0,0.010565,0.029896,0.0,0.072488,0.041722,0.031328,0.0,0.0,0.07003,0.0,0.073318,0.0,0.0,0.0,0.070117,0.0,0.026527,0.0,0.012858,0.026775,0.0,0.0,0.0,0.071033,0.0,0.0,0.077435,0.0,0.0,0.0,0.0,0.0,0.0,0.053977,0.007735
2025-08-29,0.080424,0.080869,0.05657,0.0,0.080728,0.026748,0.0,0.0,0.026856,0.026847,0.0,0.078722,0.029039,0.0,0.0,0.0,0.080343,0.0,0.0,0.0,0.0,0.0,0.0,0.080757,0.049662,0.030107,0.0,0.0,0.0,0.0,0.0,0.039198,0.040326,0.0,0.0,0.0,0.0,0.0,0.069913,0.0,0.080827,0.036408,0.005658
2025-09-01,0.080621,0.080836,0.056547,0.0,0.080868,0.026737,0.0,0.0,0.026845,0.026836,0.0,0.07869,0.029027,0.0,0.0,0.0,0.08031,0.0,0.0,0.0,0.0,0.0,0.0,0.080724,0.049642,0.030095,0.0,0.0,0.0,0.0,0.0,0.039183,0.04031,0.0,0.0,0.0,0.0,0.0,0.069884,0.0,0.080794,0.036393,0.005656
2025-09-02,0.07965,0.079945,0.056617,0.0,0.080671,0.026959,0.0,0.0,0.02657,0.026795,0.0,0.078784,0.028896,0.0,0.0,0.0,0.079775,0.0,0.0,0.0,0.0,0.0,0.0,0.08069,0.049284,0.029876,0.0,0.0,0.0,0.0,0.0,0.040225,0.041499,0.0,0.0,0.0,0.0,0.0,0.070012,0.0,0.080719,0.037361,0.005672
2025-09-03,0.080002,0.07993,0.056215,0.0,0.080875,0.026708,0.0,0.0,0.026766,0.027047,0.0,0.079757,0.028723,0.0,0.0,0.0,0.079031,0.0,0.0,0.0,0.0,0.0,0.0,0.080142,0.049365,0.029606,0.0,0.0,0.0,0.0,0.0,0.040366,0.041532,0.0,0.0,0.0,0.0,0.0,0.069901,0.0,0.080716,0.037667,0.005649
2025-09-04,0.080222,0.080216,0.05666,0.0,0.080274,0.026198,0.0,0.0,0.026963,0.027043,0.0,0.080289,0.028956,0.0,0.0,0.0,0.079736,0.0,0.0,0.0,0.0,0.0,0.0,0.07986,0.049493,0.029842,0.0,0.0,0.0,0.0,0.0,0.040094,0.04098,0.0,0.0,0.0,0.0,0.0,0.069929,0.0,0.080846,0.036764,0.005636
2025-09-05,0.080018,0.080225,0.056714,0.0,0.08092,0.026528,0.0,0.0,0.027247,0.027121,0.0,0.080337,0.028292,0.0,0.0,0.0,0.079066,0.0,0.0,0.0,0.0,0.0,0.0,0.079235,0.0493,0.030051,0.0,0.0,0.0,0.0,0.0,0.040437,0.041095,0.0,0.0,0.0,0.0,0.0,0.069632,0.0,0.081002,0.03717,0.00561
2025-09-08,0.080108,0.080396,0.057702,0.0,0.081183,0.026806,0.0,0.0,0.027459,0.027192,0.0,0.08003,0.028173,0.0,0.0,0.0,0.078852,0.0,0.0,0.0,0.0,0.0,0.0,0.07804,0.049423,0.03012,0.0,0.0,0.0,0.0,0.0,0.040695,0.041222,0.0,0.0,0.0,0.0,0.0,0.069288,0.0,0.080592,0.037139,0.005581
2025-09-09,0.07993,0.080218,0.057035,0.0,0.081828,0.027082,0.0,0.0,0.027735,0.027448,0.0,0.080447,0.028282,0.0,0.0,0.0,0.078285,0.0,0.0,0.0,0.0,0.0,0.0,0.078544,0.049496,0.030132,0.0,0.0,0.0,0.0,0.0,0.040585,0.040841,0.0,0.0,0.0,0.0,0.0,0.06918,0.0,0.08048,0.036873,0.00558
2025-09-10,0.079823,0.079492,0.056881,0.0,0.082164,0.026725,0.0,0.0,0.027977,0.027901,0.0,0.079342,0.028006,0.0,0.0,0.0,0.078357,0.0,0.0,0.0,0.0,0.0,0.0,0.079381,0.05007,0.030466,0.0,0.0,0.0,0.0,0.0,0.040469,0.04083,0.0,0.0,0.0,0.0,0.0,0.068787,0.0,0.080403,0.037381,0.005545
2025-09-11,0.079769,0.079672,0.057075,0.0,0.082225,0.027207,0.0,0.0,0.027821,0.028103,0.0,0.079881,0.028224,0.0,0.0,0.0,0.078436,0.0,0.0,0.0,0.0,0.0,0.0,0.07913,0.049815,0.030417,0.0,0.0,0.0,0.0,0.0,0.040068,0.040897,0.0,0.0,0.0,0.0,0.0,0.068375,0.0,0.080018,0.037369,0.005499
2025-09-12,0.079597,0.079326,0.056628,0.0,0.082172,0.027071,0.0,0.0,0.027834,0.028365,0.0,0.08047,0.028077,0.0,0.0,0.0,0.077735,0.0,0.0,0.0,0.0,0.0,0.0,0.079454,0.049735,0.030441,0.0,0.0,0.0,0.0,0.0,0.040109,0.041452,0.0,0.0,0.0,0.0,0.0,0.068243,0.0,0.079707,0.038089,0.005494
2025-09-15,0.07956,0.079471,0.056725,0.0,0.082273,0.027122,0.0,0.0,0.027763,0.028397,0.0,0.081148,0.027859,0.0,0.0,0.0,0.07766,0.0,0.0,0.0,0.0,0.0,0.0,0.079197,0.049904,0.030528,0.0,0.0,0.0,0.0,0.0,0.040301,0.041673,0.0,0.0,0.0,0.0,0.0,0.068056,0.0,0.079547,0.037351,0.005463
2025-09-16,0.079467,0.079301,0.056781,0.0,0.082721,0.02733,0.0,0.0,0.027923,0.028963,0.0,0.0809,0.027824,0.0,0.0,0.0,0.077507,0.0,0.0,0.0,0.0,0.0,0.0,0.077832,0.049779,0.030715,0.0,0.0,0.0,0.0,0.0,0.040421,0.041542,0.0,0.0,0.0,0.0,0.0,0.068073,0.0,0.079575,0.037877,0.005469
2025-09-17,0.079558,0.079082,0.056719,0.0,0.083616,0.027758,0.0,0.0,0.027906,0.028687,0.0,0.081204,0.028126,0.0,0.0,0.0,0.077242,0.0,0.0,0.0,0.0,0.0,0.0,0.078115,0.049664,0.030744,0.0,0.0,0.0,0.0,0.0,0.040155,0.040717,0.0,0.0,0.0,0.0,0.0,0.068083,0.0,0.079624,0.037525,0.005475
2025-09-18,0.07968,0.079068,0.056704,0.0,0.082949,0.0272,0.0,0.0,0.028035,0.028896,0.0,0.080925,0.028034,0.0,0.0,0.0,0.077738,0.0,0.0,0.0,0.0,0.0,0.0,0.077843,0.05031,0.031685,0.0,0.0,0.0,0.0,0.0,0.039826,0.040761,0.0,0.0,0.0,0.0,0.0,0.067948,0.0,0.078958,0.037987,0.005452
2025-09-19,0.079425,0.078685,0.056207,0.0,0.082652,0.027065,0.0,0.0,0.027859,0.02864,0.0,0.081244,0.028091,0.0,0.0,0.0,0.077912,0.0,0.0,0.0,0.0,0.0,0.0,0.078327,0.050811,0.031477,0.0,0.0,0.0,0.0,0.0,0.040242,0.04188,0.0,0.0,0.0,0.0,0.0,0.067961,0.0,0.078861,0.03721,0.005453
2025-09-22,0.079448,0.078617,0.056244,0.0,0.082469,0.026925,0.0,0.0,0.027999,0.029034,0.0,0.080554,0.027913,0.0,0.0,0.0,0.077781,0.0,0.0,0.0,0.0,0.0,0.0,0.07869,0.0513,0.031787,0.0,0.0,0.0,0.0,0.0,0.040733,0.042737,0.0,0.0,0.0,0.0,0.0,0.06767,0.0,0.078639,0.036034,0.005424
2025-09-23,0.079583,0.078545,0.056117,0.0,0.083106,0.026596,0.0,0.0,0.028109,0.028987,0.0,0.080416,0.027781,0.0,0.0,0.0,0.077778,0.0,0.0,0.0,0.0,0.0,0.0,0.079073,0.050843,0.03174,0.0,0.0,0.0,0.0,0.0,0.040887,0.042639,0.0,0.0,0.0,0.0,0.0,0.067601,0.0,0.078922,0.035856,0.005424
2025-09-24,0.079382,0.078273,0.056125,0.0,0.082884,0.027064,0.0,0.0,0.027881,0.028574,0.0,0.079998,0.02779,0.0,0.0,0.0,0.077618,0.0,0.0,0.0,0.0,0.0,0.0,0.079884,0.050686,0.03179,0.0,0.0,0.0,0.0,0.0,0.040643,0.042622,0.0,0.0,0.0,0.0,0.0,0.067719,0.0,0.079118,0.03651,0.00544
2025-09-25,0.079175,0.077866,0.056097,0.0,0.082745,0.027258,0.0,0.0,0.027777,0.028644,0.0,0.080072,0.027838,0.0,0.0,0.0,0.077428,0.0,0.0,0.0,0.0,0.0,0.0,0.079459,0.050817,0.031826,0.0,0.0,0.0,0.0,0.0,0.04099,0.044108,0.0,0.0,0.0,0.0,0.0,0.067821,0.0,0.079262,0.035353,0.005465
2025-09-26,0.079078,0.078354,0.055848,0.0,0.081934,0.026959,0.0,0.0,0.02752,0.02816,0.0,0.080514,0.027923,0.0,0.0,0.0,0.077797,0.0,0.0,0.0,0.0,0.0,0.0,0.080414,0.050757,0.031763,0.0,0.0,0.0,0.0,0.0,0.041054,0.044812,0.0,0.0,0.0,0.0,0.0,0.06767,0.0,0.078905,0.035092,0.005444
2025-09-29,0.07893,0.078019,0.055482,0.0,0.082347,0.027262,0.0,0.0,0.027464,0.028437,0.0,0.080174,0.027855,0.0,0.0,0.0,0.077458,0.0,0.0,0.0,0.0,0.0,0.0,0.080048,0.05065,0.031539,0.0,0.0,0.0,0.0,0.0,0.041421,0.04516,0.0,0.0,0.0,0.0,0.0,0.067284,0.0,0.078452,0.036616,0.005404
2025-09-30,0.067654,0.067706,0.067663,0.0,0.06774,0.0,0.067797,0.0,0.0,0.067793,0.01517,0.067852,0.017756,0.049926,0.0,0.0,0.067442,0.0,0.0,0.0674,0.0,0.0,0.0,0.067873,0.033669,0.033069,0.0,0.0,0.0,0.0,0.031877,0.039972,0.026722,0.0,0.067714,0.0,0.0,0.0,0.0,0.0,0.0,0.0,0.007206
2025-10-01,0.067778,0.068167,0.067347,0.0,0.06799,0.0,0.066566,0.0,0.0,0.068984,0.015194,0.066588,0.017515,0.049401,0.0,0.0,0.06694,0.0,0.0,0.067636,0.0,0.0,0.0,0.068207,0.03384,0.033549,0.0,0.0,0.0,0.0,0.03213,0.039848,0.026936,0.0,0.06821,0.0,0.0,0.0,0.0,0.0,0.0,0.0,0.007174
2025-10-02,0.067719,0.068188,0.06716,0.0,0.068147,0.0,0.065692,0.0,0.0,0.070222,0.015054,0.066304,0.017466,0.049141,0.0,0.0,0.066977,0.0,0.0,0.067579,0.0,0.0,0.0,0.067944,0.033953,0.034128,0.0,0.0,0.0,0.0,0.032543,0.039628,0.026643,0.0,0.068351,0.0,0.0,0.0,0.0,0.0,0.0,0.0,0.00716
2025-10-03,0.067795,0.068066,0.068033,0.0,0.068165,0.0,0.065413,0.0,0.0,0.069984,0.014849,0.065793,0.017461,0.049119,0.0,0.0,0.066586,0.0,0.0,0.0677,0.0,0.0,0.0,0.068238,0.03354,0.033675,0.0,0.0,0.0,0.0,0.032558,0.039659,0.027068,0.0,0.069189,0.0,0.0,0.0,0.0,0.0,0.0,0.0,0.007109
2025-10-06,0.067521,0.067551,0.06896,0.0,0.068031,0.0,0.065076,0.0,0.0,0.070442,0.014909,0.065565,0.017376,0.049187,0.0,0.0,0.066596,0.0,0.0,0.066014,0.0,0.0,0.0,0.068588,0.033726,0.034529,0.0,0.0,0.0,0.0,0.032802,0.040225,0.02728,0.0,0.068544,0.0,0.0,0.0,0.0,0.0,0.0,0.0,0.007078
2025-10-07,0.067821,0.067663,0.068503,0.0,0.068405,0.0,0.064313,0.0,0.0,0.069895,0.014784,0.065916,0.01756,0.049367,0.0,0.0,0.066831,0.0,0.0,0.064594,0.0,0.0,0.0,0.069539,0.033811,0.034069,0.0,0.0,0.0,0.0,0.032645,0.040806,0.027114,0.0,0.069223,0.0,0.0,0.0,0.0,0.0,0.0,0.0,0.007142
2025-10-08,0.067477,0.067475,0.067742,0.0,0.067992,0.0,0.06417,0.0,0.0,0.069994,0.0147,0.06508,0.017325,0.048672,0.0,0.0,0.066833,0.0,0.0,0.064072,0.0,0.0,0.0,0.069417,0.034109,0.034931,0.0,0.0,0.0,0.0,0.032877,0.041124,0.027606,0.0,0.071321,0.0,0.0,0.0,0.0,0.0,0.0,0.0,0.007083
2025-10-09,0.067711,0.067268,0.068093,0.0,0.068042,0.0,0.064227,0.0,0.0,0.069892,0.014739,0.065203,0.017395,0.048852,0.0,0.0,0.066348,0.0,0.0,0.062882,0.0,0.0,0.0,0.06977,0.034312,0.035035,0.0,0.0,0.0,0.0,0.032812,0.040673,0.027911,0.0,0.071698,0.0,0.0,0.0,0.0,0.0,0.0,0.0,0.007137
2025-10-10,0.068597,0.068284,0.067189,0.0,0.068124,0.0,0.063998,0.0,0.0,0.06944,0.014719,0.065721,0.017475,0.048236,0.0,0.0,0.066626,0.0,0.0,0.063774,0.0,0.0,0.0,0.071353,0.0338,0.03372,0.0,0.0,0.0,0.0,0.030731,0.042189,0.029123,0.0,0.069575,0.0,0.0,0.0,0.0,0.0,0.0,0.0,0.00733
2025-10-13,0.067369,0.067345,0.066589,0.0,0.068005,0.0,0.063532,0.0,0.0,0.070457,0.014738,0.064964,0.01728,0.048173,0.0,0.0,0.065936,0.0,0.0,0.062714,0.0,0.0,0.0,0.070422,0.033912,0.034591,0.0,0.0,0.0,0.0,0.0325,0.042326,0.029673,0.0,0.072293,0.0,0.0,0.0,0.0,0.0,0.0,0.0,0.00718
2025-10-14,0.067128,0.067569,0.067181,0.0,0.067239,0.0,0.063322,0.0,0.0,0.069634,0.014761,0.065355,0.01746,0.049601,0.0,0.0,0.066673,0.0,0.0,0.064648,0.0,0.0,0.0,0.071009,0.033458,0.033863,0.0,0.0,0.0,0.0,0.031951,0.042604,0.029368,0.0,0.069999,0.0,0.0,0.0,0.0,0.0,0.0,0.0,0.007175
2025-10-15,0.067132,0.067014,0.067518,0.0,0.067751,0.0,0.063135,0.0,0.0,0.070974,0.014628,0.065131,0.017278,0.04819,0.0,0.0,0.065702,0.0,0.0,0.063955,0.0,0.0,0.0,0.071188,0.033437,0.034544,0.0,0.0,0.0,0.0,0.031657,0.042891,0.030012,0.0,0.070763,0.0,0.0,0.0,0.0,0.0,0.0,0.0,0.007101
2025-10-16,0.067282,0.067564,0.067816,0.0,0.068487,0.0,0.063039,0.0,0.0,0.073321,0.014504,0.064514,0.016818,0.045631,0.0,0.0,0.06535,0.0,0.0,0.063673,0.0,0.0,0.0,0.070499,0.033502,0.034747,0.0,0.0,0.0,0.0,0.031739,0.043947,0.03057,0.0,0.069888,0.0,0.0,0.0,0.0,0.0,0.0,0.0,0.007109
2025-10-17,0.066705,0.067721,0.068333,0.0,0.067961,0.0,0.064186,0.0,0.0,0.074009,0.01466,0.065085,0.01699,0.046365,0.0,0.0,0.065543,0.0,0.0,0.064253,0.0,0.0,0.0,0.0704,0.033631,0.034722,0.0,0.0,0.0,0.0,0.031484,0.04321,0.029276,0.0,0.068345,0.0,0.0,0.0,0.0,0.0,0.0,0.0,0.007125
2025-10-20,0.066854,0.067034,0.068613,0.0,0.0683,0.0,0.064347,0.0,0.0,0.074516,0.014563,0.064872,0.016941,0.046752,0.0,0.0,0.06536,0.0,0.0,0.063559,0.0,0.0,0.0,0.069363,0.033516,0.034791,0.0,0.0,0.0,0.0,0.031472,0.044137,0.029302,0.0,0.068683,0.0,0.0,0.0,0.0,0.0,0.0,0.0,0.007024
2025-10-21,0.067601,0.067409,0.068601,0.0,0.068503,0.0,0.064489,0.0,0.0,0.073886,0.014912,0.065855,0.017117,0.04731,0.0,0.0,0.066703,0.0,0.0,0.065421,0.0,0.0,0.0,0.069453,0.033922,0.034997,0.0,0.0,0.0,0.0,0.031616,0.041779,0.0272,0.0,0.066122,0.0,0.0,0.0,0.0,0.0,0.0,0.0,0.007105
2025-10-22,0.067592,0.06777,0.068617,0.0,0.068644,0.0,0.065005,0.0,0.0,0.074933,0.014869,0.06561,0.017105,0.047437,0.0,0.0,0.066165,0.0,0.0,0.064578,0.0,0.0,0.0,0.069637,0.033754,0.034302,0.0,0.0,0.0,0.0,0.031296,0.041991,0.027392,0.0,0.06616,0.0,0.0,0.0,0.0,0.0,0.0,0.0,0.007142
2025-10-23,0.0673,0.067658,0.06814,0.0,0.068625,0.0,0.065467,0.0,0.0,0.074891,0.014825,0.064902,0.017013,0.046977,0.0,0.0,0.066493,0.0,0.0,0.06448,0.0,0.0,0.0,0.069065,0.033925,0.034877,0.0,0.0,0.0,0.0,0.032082,0.041846,0.027374,0.0,0.066969,0.0,0.0,0.0,0.0,0.0,0.0,0.0,0.007089
2025-10-24,0.067343,0.067274,0.067883,0.0,0.068083,0.0,0.06502,0.0,0.0,0.07599,0.014675,0.064606,0.017075,0.047371,0.0,0.0,0.066073,0.0,0.0,0.063731,0.0,0.0,0.0,0.069376,0.034206,0.035199,0.0,0.0,0.0,0.0,0.033379,0.041407,0.027062,0.0,0.067208,0.0,0.0,0.0,0.0,0.0,0.0,0.0,0.007038
2025-10-27,0.06757,0.067188,0.068307,0.0,0.068975,0.0,0.065234,0.0,0.0,0.077376,0.014794,0.065103,0.01704,0.047022,0.0,0.0,0.066039,0.0,0.0,0.063454,0.0,0.0,0.0,0.069138,0.034623,0.035954,0.0,0.0,0.0,0.0,0.032276,0.040006,0.025923,0.0,0.066981,0.0,0.0,0.0,0.0,0.0,0.0,0.0,0.006996
2025-10-28,0.067841,0.067026,0.068645,0.0,0.068776,0.0,0.065562,0.0,0.0,0.077503,0.0148,0.06479,0.016934,0.046809,0.0,0.0,0.065579,0.0,0.0,0.063215,0.0,0.0,0.0,0.068009,0.034971,0.036003,0.0,0.0,0.0,0.0,0.03282,0.039726,0.02611,0.0,0.06788,0.0,0.0,0.0,0.0,0.0,0.0,0.0,0.006998
2025-10-29,0.067788,0.066494,0.067899,0.0,0.069465,0.0,0.065945,0.0,0.0,0.079311,0.014641,0.064464,0.016604,0.045893,0.0,0.0,0.065581,0.0,0.0,0.061181,0.0,0.0,0.0,0.067813,0.035133,0.036519,0.0,0.0,0.0,0.0,0.033647,0.039474,0.026367,0.0,0.068802,0.0,0.0,0.0,0.0,0.0,0.0,0.0,0.00698
2025-10-30,0.067649,0.066516,0.068225,0.0,0.068894,0.0,0.066002,0.0,0.0,0.078362,0.014382,0.063692,0.016732,0.046207,0.0,0.0,0.065746,0.0,0.0,0.061228,0.0,0.0,0.0,0.067868,0.034876,0.036207,0.0,0.0,0.0,0.0,0.034416,0.040453,0.02718,0.0,0.068346,0.0,0.0,0.0,0.0,0.0,0.0,0.0,0.007015
2025-10-31,0.0,0.120342,0.0,0.0,0.021249,0.043551,0.0,0.0,0.016344,0.06038,0.023836,0.107281,0.0,0.0,0.0,0.0,0.021226,0.0,0.0,0.09933,0.0,0.064029,0.0,0.0,0.048423,0.047949,0.013167,0.0,0.0,0.022427,0.113061,0.0,0.02383,0.0,0.120667,0.0,0.0,0.0,0.0,0.0,0.0,0.014403,0.018507
2025-11-03,0.0,0.120948,0.0,0.0,0.021538,0.043827,0.0,0.0,0.016514,0.063151,0.02422,0.106848,0.0,0.0,0.0,0.0,0.021276,0.0,0.0,0.098279,0.0,0.062826,0.0,0.0,0.048945,0.048556,0.013277,0.0,0.0,0.022543,0.112281,0.0,0.023852,0.0,0.118423,0.0,0.0,0.0,0.0,0.0,0.0,0.01406,0.018633
2025-11-04,0.0,0.122263,0.0,0.0,0.021786,0.044206,0.0,0.0,0.016504,0.061316,0.024338,0.108431,0.0,0.0,0.0,0.0,0.021488,0.0,0.0,0.100567,0.0,0.063134,0.0,0.0,0.048693,0.047666,0.013133,0.0,0.0,0.023074,0.11057,0.0,0.023805,0.0,0.116426,0.0,0.0,0.0,0.0,0.0,0.0,0.01356,0.019041
2025-11-05,0.0,0.121884,0.0,0.0,0.021523,0.044144,0.0,0.0,0.016467,0.061166,0.024355,0.107783,0.0,0.0,0.0,0.0,0.021327,0.0,0.0,0.098875,0.0,0.063095,0.0,0.0,0.04833,0.048592,0.012955,0.0,0.0,0.022833,0.112141,0.0,0.024037,0.0,0.117829,0.0,0.0,0.0,0.0,0.0,0.0,0.013839,0.018825
2025-11-06,0.0,0.122195,0.0,0.0,0.021534,0.044897,0.0,0.0,0.016314,0.059632,0.023967,0.107598,0.0,0.0,0.0,0.0,0.021398,0.0,0.0,0.099094,0.0,0.063604,0.0,0.0,0.047707,0.047671,0.012765,0.0,0.0,0.02289,0.111905,0.0,0.024158,0.0,0.120176,0.0,0.0,0.0,0.0,0.0,0.0,0.01353,0.018965
2025-11-07,0.0,0.122461,0.0,0.0,0.021221,0.044523,0.0,0.0,0.016187,0.058382,0.02394,0.107029,0.0,0.0,0.0,0.0,0.021444,0.0,0.0,0.099725,0.0,0.06324,0.0,0.0,0.047413,0.047043,0.01275,0.0,0.0,0.023183,0.112862,0.0,0.024297,0.0,0.121506,0.0,0.0,0.0,0.0,0.0,0.0,0.013877,0.018917
2025-11-10,0.0,0.121748,0.0,0.0,0.021293,0.044493,0.0,0.0,0.016184,0.059779,0.02383,0.106254,0.0,0.0,0.0,0.0,0.021188,0.0,0.0,0.098139,0.0,0.062778,0.0,0.0,0.047775,0.047417,0.012791,0.0,0.0,0.022764,0.113528,0.0,0.024888,0.0,0.122637,0.0,0.0,0.0,0.0,0.0,0.0,0.013928,0.018586
2025-11-11,0.0,0.122849,0.0,0.0,0.021374,0.044307,0.0,0.0,0.016071,0.059448,0.023852,0.106949,0.0,0.0,0.0,0.0,0.02116,0.0,0.0,0.098867,0.0,0.064912,0.0,0.0,0.047293,0.046269,0.012685,0.0,0.0,0.022983,0.112332,0.0,0.025207,0.0,0.121406,0.0,0.0,0.0,0.0,0.0,0.0,0.013479,0.018557
2025-11-12,0.0,0.12294,0.0,0.0,0.021294,0.044115,0.0,0.0,0.015994,0.059536,0.023571,0.105789,0.0,0.0,0.0,0.0,0.021073,0.0,0.0,0.098068,0.0,0.064638,0.0,0.0,0.047198,0.046738,0.012486,0.0,0.0,0.022696,0.112718,0.0,0.026088,0.0,0.123359,0.0,0.0,0.0,0.0,0.0,0.0,0.013236,0.018464
2025-11-13,0.0,0.123634,0.0,0.0,0.021482,0.044602,0.0,0.0,0.015848,0.059142,0.023279,0.105636,0.0,0.0,0.0,0.0,0.021015,0.0,0.0,0.097696,0.0,0.06421,0.0,0.0,0.046615,0.045716,0.012301,0.0,0.0,0.022707,0.116702,0.0,0.025933,0.0,0.121834,0.0,0.0,0.0,0.0,0.0,0.0,0.012943,0.018705
2025-11-14,0.0,0.123129,0.0,0.0,0.021537,0.044093,0.0,0.0,0.016198,0.059389,0.023249,0.105441,0.0,0.0,0.0,0.0,0.02109,0.0,0.0,0.097359,0.0,0.065646,0.0,0.0,0.047035,0.045741,0.012414,0.0,0.0,0.022835,0.117262,0.0,0.025223,0.0,0.121096,0.0,0.0,0.0,0.0,0.0,0.0,0.012489,0.018773
2025-11-17,0.0,0.123041,0.0,0.0,0.021568,0.0441,0.0,0.0,0.015881,0.059371,0.023299,0.106524,0.0,0.0,0.0,0.0,0.021127,0.0,0.0,0.095429,0.0,0.066887,0.0,0.0,0.046837,0.045478,0.01233,0.0,0.0,0.02291,0.118552,0.0,0.025245,0.0,0.120121,0.0,0.0,0.0,0.0,0.0,0.0,0.012309,0.018991
2025-11-18,0.0,0.122928,0.0,0.0,0.021475,0.044238,0.0,0.0,0.015898,0.05898,0.023073,0.108082,0.0,0.0,0.0,0.0,0.02122,0.0,0.0,0.095993,0.0,0.067689,0.0,0.0,0.046487,0.044818,0.012313,0.0,0.0,0.023208,0.117337,0.0,0.025823,0.0,0.118726,0.0,0.0,0.0,0.0,0.0,0.0,0.012548,0.019164
2025-11-19,0.0,0.122268,0.0,0.0,0.021367,0.043812,0.0,0.0,0.015832,0.058231,0.02304,0.107325,0.0,0.0,0.0,0.0,0.02126,0.0,0.0,0.095862,0.0,0.067191,0.0,0.0,0.046741,0.045501,0.012233,0.0,0.0,0.022992,0.118346,0.0,0.025981,0.0,0.120792,0.0,0.0,0.0,0.0,0.0,0.0,0.012089,0.019135
2025-11-20,0.0,0.122983,0.0,0.0,0.02182,0.043936,0.0,0.0,0.015933,0.058052,0.023145,0.108249,0.0,0.0,0.0,0.0,0.021317,0.0,0.0,0.097718,0.0,0.06812,0.0,0.0,0.04617,0.044175,0.012104,0.0,0.0,0.023349,0.117191,0.0,0.026113,0.0,0.118202,0.0,0.0,0.0,0.0,0.0,0.0,0.011906,0.019515
2025-11-21,0.0,0.123426,0.0,0.0,0.02114,0.04346,0.0,0.0,0.015781,0.057832,0.023328,0.108882,0.0,0.0,0.0,0.0,0.021329,0.0,0.0,0.101415,0.0,0.069005,0.0,0.0,0.045815,0.044112,0.011979,0.0,0.0,0.023455,0.113898,0.0,0.025542,0.0,0.118796,0.0,0.0,0.0,0.0,0.0,0.0,0.011517,0.019289
2025-11-24,0.0,0.121634,0.0,0.0,0.021142,0.04367,0.0,0.0,0.01577,0.057828,0.023355,0.10864,0.0,0.0,0.0,0.0,0.021124,0.0,0.0,0.099677,0.0,0.069888,0.0,0.0,0.046343,0.045492,0.011989,0.0,0.0,0.023235,0.112566,0.0,0.025976,0.0,0.120624,0.0,0.0,0.0,0.0,0.0,0.0,0.011989,0.019058
2025-11-25,0.0,0.122082,0.0,0.0,0.020875,0.04326,0.0,0.0,0.015634,0.056743,0.02354,0.108429,0.0,0.0,0.0,0.0,0.021112,0.0,0.0,0.10302,0.0,0.069997,0.0,0.0,0.045854,0.045031,0.011942,0.0,0.0,0.023141,0.113032,0.0,0.025655,0.0,0.120262,0.0,0.0,0.0,0.0,0.0,0.0,0.011585,0.018808
2025-11-26,0.0,0.121506,0.0,0.0,0.020909,0.042453,0.0,0.0,0.015625,0.057042,0.023369,0.107055,0.0,0.0,0.0,0.0,0.020936,0.0,0.0,0.102859,0.0,0.069855,0.0,0.0,0.045744,0.045621,0.011749,0.0,0.0,0.022916,0.114058,0.0,0.026232,0.0,0.121759,0.0,0.0,0.0,0.0,0.0,0.0,0.011765,0.018548
2025-11-27,0.0,0.121513,0.0,0.0,0.020849,0.042456,0.0,0.0,0.015626,0.057045,0.02337,0.107062,0.0,0.0,0.0,0.0,0.020937,0.0,0.0,0.102866,0.0,0.069859,0.0,0.0,0.045747,0.045623,0.01175,0.0,0.0,0.022917,0.114065,0.0,0.026233,0.0,0.121767,0.0,0.0,0.0,0.0,0.0,0.0,0.011765,0.018548
2025-11-28,0.013381,0.0,0.0,0.0,0.070333,0.0,0.0,0.0,0.033374,0.097855,0.0,0.077146,0.0,0.0,0.0,0.0,0.045996,0.0,0.0,0.042386,0.0,0.131116,0.0,0.059688,0.061781,0.061308,0.0,0.0,0.0,0.0,0.13103,0.0,0.023373,0.0,0.130961,0.0,0.0,0.0,0.0,0.0,0.0,0.0,0.020272
2025-12-01,0.013435,0.0,0.0,0.0,0.070631,0.0,0.0,0.0,0.03337,0.098152,0.0,0.07723,0.0,0.0,0.0,0.0,0.045585,0.0,0.0,0.042521,0.0,0.128332,0.0,0.05863,0.062168,0.061701,0.0,0.0,0.0,0.0,0.130876,0.0,0.02411,0.0,0.132868,0.0,0.0,0.0,0.0,0.0,0.0,0.0,0.020389
2025-12-02,0.013393,0.0,0.0,0.0,0.07034,0.0,0.0,0.0,0.033577,0.099565,0.0,0.077363,0.0,0.0,0.0,0.0,0.04591,0.0,0.0,0.04238,0.0,0.126643,0.0,0.05812,0.062709,0.062832,0.0,0.0,0.0,0.0,0.130233,0.0,0.024352,0.0,0.132228,0.0,0.0,0.0,0.0,0.0,0.0,0.0,0.020355
2025-12-03,0.013279,0.0,0.0,0.0,0.069494,0.0,0.0,0.0,0.033234,0.099205,0.0,0.076246,0.0,0.0,0.0,0.0,0.045716,0.0,0.0,0.042665,0.0,0.128477,0.0,0.057149,0.062005,0.063313,0.0,0.0,0.0,0.0,0.129017,0.0,0.023994,0.0,0.136123,0.0,0.0,0.0,0.0,0.0,0.0,0.0,0.020083
2025-12-04,0.013349,0.0,0.0,0.0,0.069889,0.0,0.0,0.0,0.03317,0.098326,0.0,0.076939,0.0,0.0,0.0,0.0,0.046106,0.0,0.0,0.041895,0.0,0.130408,0.0,0.057221,0.062443,0.062892,0.0,0.0,0.0,0.0,0.127702,0.0,0.02348,0.0,0.136029,0.0,0.0,0.0,0.0,0.0,0.0,0.0,0.020153
2025-12-05,0.013261,0.0,0.0,0.0,0.069831,0.0,0.0,0.0,0.033326,0.100099,0.0,0.077191,0.0,0.0,0.0,0.0,0.045602,0.0,0.0,0.041298,0.0,0.129507,0.0,0.05622,0.062384,0.063011,0.0,0.0,0.0,0.0,0.127918,0.0,0.023823,0.0,0.13654,0.0,0.0,0.0,0.0,0.0,0.0,0.0,0.01999
2025-12-08,0.013222,0.0,0.0,0.0,0.069564,0.0,0.0,0.0,0.033421,0.100865,0.0,0.076578,0.0,0.0,0.0,0.0,0.045522,0.0,0.0,0.040425,0.0,0.129702,0.0,0.055438,0.06279,0.063663,0.0,0.0,0.0,0.0,0.129804,0.0,0.023702,0.0,0.135326,0.0,0.0,0.0,0.0,0.0,0.0,0.0,0.019977
2025-12-09,0.013276,0.0,0.0,0.0,0.069671,0.0,0.0,0.0,0.033562,0.10159,0.0,0.076811,0.0,0.0,0.0,0.0,0.045276,0.0,0.0,0.039866,0.0,0.127356,0.0,0.055584,0.063077,0.063667,0.0,0.0,0.0,0.0,0.13089,0.0,0.024856,0.0,0.1345,0.0,0.0,0.0,0.0,0.0,0.0,0.0,0.020019
2025-12-10,0.013098,0.0,0.0,0.0,0.069011,0.0,0.0,0.0,0.033705,0.101613,0.0,0.076335,0.0,0.0,0.0,0.0,0.045551,0.0,0.0,0.040646,0.0,0.126723,0.0,0.054892,0.06262,0.063741,0.0,0.0,0.0,0.0,0.131336,0.0,0.024959,0.0,0.135989,0.0,0.0,0.0,0.0,0.0,0.0,0.0,0.019781
2025-12-11,0.01315,0.0,0.0,0.0,0.068972,0.0,0.0,0.0,0.033229,0.099638,0.0,0.076093,0.0,0.0,0.0,0.0,0.045995,0.0,0.0,0.040866,0.0,0.12761,0.0,0.055238,0.062241,0.063316,0.0,0.0,0.0,0.0,0.13103,0.0,0.025625,0.0,0.137229,0.0,0.0,0.0,0.0,0.0,0.0,0.0,0.019767
2025-12-12,0.013251,0.0,0.0,0.0,0.069346,0.0,0.0,0.0,0.032799,0.0987,0.0,0.077068,0.0,0.0,0.0,0.0,0.046395,0.0,0.0,0.041365,0.0,0.129648,0.0,0.055797,0.061352,0.061197,0.0,0.0,0.0,0.0,0.130432,0.0,0.025325,0.0,0.137262,0.0,0.0,0.0,0.0,0.0,0.0,0.0,0.020066
2025-12-15,0.013277,0.0,0.0,0.0,0.069527,0.0,0.0,0.0,0.032761,0.098636,0.0,0.07698,0.0,0.0,0.0,0.0,0.046408,0.0,0.0,0.041214,0.0,0.129174,0.0,0.056232,0.060679,0.060817,0.0,0.0,0.0,0.0,0.129731,0.0,0.026198,0.0,0.13833,0.0,0.0,0.0,0.0,0.0,0.0,0.0,0.020036
2025-12-16,0.013293,0.0,0.0,0.0,0.06897,0.0,0.0,0.0,0.032888,0.098016,0.0,0.077552,0.0,0.0,0.0,0.0,0.046444,0.0,0.0,0.041053,0.0,0.129166,0.0,0.056375,0.061199,0.060944,0.0,0.0,0.0,0.0,0.129332,0.0,0.026202,0.0,0.138392,0.0,0.0,0.0,0.0,0.0,0.0,0.0,0.020175
2025-12-17,0.01329,0.0,0.0,0.0,0.069185,0.0,0.0,0.0,0.032479,0.09752,0.0,0.077417,0.0,0.0,0.0,0.0,0.045942,0.0,0.0,0.0408,0.0,0.128737,0.0,0.056316,0.060168,0.059009,0.0,0.0,0.0,0.0,0.131344,0.0,0.027501,0.0,0.140008,0.0,0.0,0.0,0.0,0.0,0.0,0.0,0.020285
2025-12-18,0.013322,0.0,0.0,0.0,0.069672,0.0,0.0,0.0,0.032717,0.098509,0.0,0.077346,0.0,0.0,0.0,0.0,0.045937,0.0,0.0,0.040541,0.0,0.126907,0.0,0.056495,0.060694,0.060021,0.0,0.0,0.0,0.0,0.130891,0.0,0.026894,0.0,0.139897,0.0,0.0,0.0,0.0,0.0,0.0,0.0,0.020156
2025-12-19,0.013217,0.0,0.0,0.0,0.069378,0.0,0.0,0.0,0.032754,0.098761,0.0,0.076499,0.0,0.0,0.0,0.0,0.045806,0.0,0.0,0.039393,0.0,0.129039,0.0,0.055141,0.061301,0.060917,0.0,0.0,0.0,0.0,0.12995,0.0,0.027309,0.0,0.140606,0.0,0.0,0.0,0.0,0.0,0.0,0.0,0.019927
2025-12-22,0.013097,0.0,0.0,0.0,0.068629,0.0,0.0,0.0,0.032466,0.09779,0.0,0.075744,0.0,0.0,0.0,0.0,0.045653,0.0,0.0,0.038673,0.0,0.130185,0.0,0.054557,0.060753,0.060856,0.0,0.0,0.0,0.0,0.131315,0.0,0.0276,0.0,0.143037,0.0,0.0,0.0,0.0,0.0,0.0,0.0,0.019645
2025-12-23,0.013047,0.0,0.0,0.0,0.06833,0.0,0.0,0.0,0.032507,0.098106,0.0,0.07568,0.0,0.0,0.0,0.0,0.045314,0.0,0.0,0.038134,0.0,0.128219,0.0,0.054363,0.060653,0.06065,0.0,0.0,0.0,0.0,0.132294,0.0,0.028446,0.0,0.144749,0.0,0.0,0.0,0.0,0.0,0.0,0.0,0.019509
2025-12-24,0.012997,0.0,0.0,0.0,0.068268,0.0,0.0,0.0,0.032325,0.099507,0.0,0.075668,0.0,0.0,0.0,0.0,0.045184,0.0,0.0,0.038276,0.0,0.128877,0.0,0.054273,0.060428,0.060514,0.0,0.0,0.0,0.0,0.132356,0.0,0.028438,0.0,0.143498,0.0,0.0,0.0,0.0,0.0,0.0,0.0,0.01939
2025-12-26,0.012893,0.0,0.0,0.0,0.067724,0.0,0.0,0.0,0.032318,0.100009,0.0,0.074989,0.0,0.0,0.0,0.0,0.044742,0.0,0.0,0.037967,0.0,0.126515,0.0,0.053803,0.060041,0.060012,0.0,0.0,0.0,0.0,0.132848,0.0,0.030764,0.0,0.146139,0.0,0.0,0.0,0.0,0.0,0.0,0.0,0.019236
2025-12-29,0.013003,0.0,0.0,0.0,0.068611,0.0,0.0,0.0,0.032827,0.104123,0.0,0.075745,0.0,0.0,0.0,0.0,0.045126,0.0,0.0,0.038204,0.0,0.12625,0.0,0.054484,0.060414,0.060515,0.0,0.0,0.0,0.0,0.130006,0.0,0.028861,0.0,0.142386,0.0,0.0,0.0,0.0,0.0,0.0,0.0,0.019444
2025-12-30,0.0,0.0,0.0,0.0,0.0,0.0,0.112782,0.0,0.0,0.111758,0.027008,0.082188,0.0,0.0,0.0,0.0,0.0,0.0,0.0,0.048033,0.055777,0.056355,0.0,0.112613,0.048328,0.064406,0.0,0.0,0.0,0.0,0.112551,0.044844,0.022644,0.0,0.091613,0.0,0.0,0.0,0.0,0.0,0.0,0.0,0.009101
