Date,IWDA.L,VGK,EWJ,IUSN.DE,IEMA.L,MCHI,EWZ,INDA,EWT,EWY,XLY,XLC,XLF,KBE,XLE,XOP,XLI,IYT,XLB,ITB,XLV,XBI,XLP,XLU,XLK,SOXX,IGV,CIBR,BOTZ,VNQ,LIT,GLD,SLV,DBA,COPX,TLT,IEF,TIP,HYG,LQD,EMB,BITO,XEON.DE
2020-01-02,0.0,0.0,0.0,0.0,0.0,0.0,0.0,0.0,0.0,0.0,0.0,0.0,0.0,0.0,0.0,0.0,0.0,0.0,0.0,0.0,0.0,0.0,0.0,0.0,0.0,0.0,0.0,0.0,0.0,0.0,0.0,0.0,0.0,0.0,0.0,0.0,0.0,0.0,0.0,0.0,0.0,0.0,0.0
2020-01-03,0.0,0.0,0.0,0.0,0.0,0.0,0.0,0.0,0.0,0.0,0.0,0.0,0.0,0.0,0.0,0.0,0.0,0.0,0.0,0.0,0.0,0.0,0.0,0.0,0.0,0.0,0.0,0.0,0.0,0.0,0.0,0.0,0.0,0.0,0.0,0.0,0.0,0.0,0.0,0.0,0.0,0.0,0.0
2020-01-06,0.0,0.0,0.0,0.0,0.0,0.0,0.0,0.0,0.0,0.0,0.0,0.0,0.0,0.0,0.0,0.0,0.0,0.0,0.0,0.0,0.0,0.0,0.0,0.0,0.0,0.0,0.0,0.0,0.0,0.0,0.0,0.0,0.0,0.0,0.0,0.0,0.0,0.0,0.0,0.0,0.0,0.0,0.0
2020-01-07,0.0,0.0,0.0,0.0,0.0,0.0,0.0,0.0,0.0,0.0,0.0,0.0,0.0,0.0,0.0,0.0,0.0,0.0,0.0,0.0,0.0,0.0,0.0,0.0,0.0,0.0,0.0,0.0,0.0,0.0,0.0,0.0,0.0,0.0,0.0,0.0,0.0,0.0,0.0,0.0,0.0,0.0,0.0
2020-01-08,0.0,0.0,0.0,0.0,0.0,0.0,0.0,0.0,0.0,0.0,0.0,0.0,0.0,0.0,0.0,0.0,0.0,0.0,0.0,0.0,0.0,0.0,0.0,0.0,0.0,0.0,0.0,0.0,0.0,0.0,0.0,0.0,0.0,0.0,0.0,0.0,0.0,0.0,0.0,0.0,0.0,0.0,0.0
2020-01-09,0.0,0.0,0.0,0.0,0.0,0.0,0.0,0.0,0.0,0.0,0.0,0.0,0.0,0.0,0.0,0.0,0.0,0.0,0.0,0.0,0.0,0.0,0.0,0.0,0.0,0.0,0.0,0.0,0.0,0.0,0.0,0.0,0.0,0.0,0.0,0.0,0.0,0.0,0.0,0.0,0.0,0.0,0.0
2020-01-10,0.0,0.0,0.0,0.0,0.0,0.0,0.0,0.0,0.0,0.0,0.0,0.0,0.0,0.0,0.0,0.0,0.0,0.0,0.0,0.0,0.0,0.0,0.0,0.0,0.0,0.0,0.0,0.0,0.0,0.0,0.0,0.0,0.0,0.0,0.0,0.0,0.0,0.0,0.0,0.0,0.0,0.0,0.0
2020-01-13,0.0,0.0,0.0,0.0,0.0,0.0,0.0,0.0,0.0,0.0,0.0,0.0,0.0,0.0,0.0,0.0,0.0,0.0,0.0,0.0,0.0,0.0,0.0,0.0,0.0,0.0,0.0,0.0,0.0,0.0,0.0,0.0,0.0,0.0,0.0,0.0,0.0,0.0,0.0,0.0,0.0,0.0,0.0
2020-01-14,0.0,0.0,0.0,0.0,0.0,0.0,0.0,0.0,0.0,0.0,0.0,0.0,0.0,0.0,0.0,0.0,0.0,0.0,0.0,0.0,0.0,0.0,0.0,0.0,0.0,0.0,0.0,0.0,0.0,0.0,0.0,0.0,0.0,0.0,0.0,0.0,0.0,0.0,0.0,0.0,0.0,0.0,0.0
2020-01-15,0.0,0.0,0.0,0.0,0.0,0.0,0.0,0.0,0.0,0.0,0.0,0.0,0.0,0.0,0.0,0.0,0.0,0.0,0.0,0.0,0.0,0.0,0.0,0.0,0.0,0.0,0.0,0.0,0.0,0.0,0.0,0.0,0.0,0.0,0.0,0.0,0.0,0.0,0.0,0.0,0.0,0.0,0.0
2020-01-16,0.0,0.0,0.0,0.0,0.0,0.0,0.0,0.0,0.0,0.0,0.0,0.0,0.0,0.0,0.0,0.0,0.0,0.0,0.0,0.0,0.0,0.0,0.0,0.0,0.0,0.0,0.0,0.0,0.0,0.0,0.0,0.0,0.0,0.0,0.0,0.0,0.0,0.0,0.0,0.0,0.0,0.0,0.0
2020-01-17,0.0,0.0,0.0,0.0,0.0,0.0,0.0,0.0,0.0,0.0,0.0,0.0,0.0,0.0,0.0,0.0,0.0,0.0,0.0,0.0,0.0,0.0,0.0,0.0,0.0,0.0,0.0,0.0,0.0,0.0,0.0,0.0,0.0,0.0,0.0,0.0,0.0,0.0,0.0,0.0,0.0,0.0,0.0
2020-01-20,0.0,0.0,0.0,0.0,0.0,0.0,0.0,0.0,0.0,0.0,0.0,0.0,0.0,0.0,0.0,0.0,0.0,0.0,0.0,0.0,0.0,0.0,0.0,0.0,0.0,0.0,0.0,0.0,0.0,0.0,0.0,0.0,0.0,0.0,0.0,0.0,0.0,0.0,0.0,0.0,0.0,0.0,0.0
2020-01-21,0.0,0.0,0.0,0.0,0.0,0.0,0.0,0.0,0.0,0.0,0.0,0.0,0.0,0.0,0.0,0.0,0.0,0.0,0.0,0.0,0.0,0.0,0.0,0.0,0.0,0.0,0.0,0.0,0.0,0.0,0.0,0.0,0.0,0.0,0.0,0.0,0.0,0.0,0.0,0.0,0.0,0.0,0.0
2020-01-22,0.0,0.0,0.0,0.0,0.0,0.0,0.0,0.0,0.0,0.0,0.0,0.0,0.0,0.0,0.0,0.0,0.0,0.0,0.0,0.0,0.0,0.0,0.0,0.0,0.0,0.0,0.0,0.0,0.0,0.0,0.0,0.0,0.0,0.0,0.0,0.0,0.0,0.0,0.0,0.0,0.0,0.0,0.0
2020-01-23,0.0,0.0,0.0,0.0,0.0,0.0,0.0,0.0,0.0,0.0,0.0,0.0,0.0,0.0,0.0,0.0,0.0,0.0,0.0,0.0,0.0,0.0,0.0,0.0,0.0,0.0,0.0,0.0,0.0,0.0,0.0,0.0,0.0,0.0,0.0,0.0,0.0,0.0,0.0,0.0,0.0,0.0,0.0
2020-01-24,0.0,0.0,0.0,0.0,0.0,0.0,0.0,0.0,0.0,0.0,0.0,0.0,0.0,0.0,0.0,0.0,0.0,0.0,0.0,0.0,0.0,0.0,0.0,0.0,0.0,0.0,0.0,0.0,0.0,0.0,0.0,0.0,0.0,0.0,0.0,0.0,0.0,0.0,0.0,0.0,0.0,0.0,0.0
2020-01-27,0.0,0.0,0.0,0.0,0.0,0.0,0.0,0.0,0.0,0.0,0.0,0.0,0.0,0.0,0.0,0.0,0.0,0.0,0.0,0.0,0.0,0.0,0.0,0.0,0.0,0.0,0.0,0.0,0.0,0.0,0.0,0.0,0.0,0.0,0.0,0.0,0.0,0.0,0.0,0.0,0.0,0.0,0.0
2020-01-28,0.0,0.0,0.0,0.0,0.0,0.0,0.0,0.0,0.0,0.0,0.0,0.0,0.0,0.0,0.0,0.0,0.0,0.0,0.0,0.0,0.0,0.0,0.0,0.0,0.0,0.0,0.0,0.0,0.0,0.0,0.0,0.0,0.0,0.0,0.0,0.0,0.0,0.0,0.0,0.0,0.0,0.0,0.0
2020-01-29,0.0,0.0,0.0,0.0,0.0,0.0,0.0,0.0,0.0,0.0,0.0,0.0,0.0,0.0,0.0,0.0,0.0,0.0,0.0,0.0,0.0,0.0,0.0,0.0,0.0,0.0,0.0,0.0,0.0,0.0,0.0,0.0,0.0,0.0,0.0,0.0,0.0,0.0,0.0,0.0,0.0,0.0,0.0
2020-01-30,0.0,0.0,0.0,0.0,0.0,0.0,0.0,0.0,0.0,0.0,0.0,0.0,0.0,0.0,0.0,0.0,0.0,0.0,0.0,0.0,0.0,0.0,0.0,0.0,0.0,0.0,0.0,0.0,0.0,0.0,0.0,0.0,0.0,0.0,0.0,0.0,0.0,0.0,0.0,0.0,0.0,0.0,0.0
2020-01-31,0.087445,0.019081,0.039451,0.0,0.0,0.012259,0.0,0.0,0.124749,0.0,0.0,0.023332,0.125773,0.011507,0.0,0.0,0.0,0.0,0.0,0.137513,0.109317,0.027414,0.0,0.0,0.068726,0.068343,0.0,0.0,0.0,0.0,0.0,0.068692,0.068626,0.0,0.0,0.0,0.0,0.0,0.0,0.0,0.0,0.0,0.007773
2020-02-03,0.087158,0.018971,0.039508,0.0,0.0,0.012359,0.0,0.0,0.125749,0.0,0.0,0.023465,0.125879,0.011563,0.0,0.0,0.0,0.0,0.0,0.137506,0.109633,0.027858,0.0,0.0,0.069208,0.068685,0.0,0.0,0.0,0.0,0.0,0.067828,0.066908,0.0,0.0,0.0,0.0,0.0,0.0,0.0,0.0,0.0,0.007723
2020-02-04,0.087311,0.019029,0.039568,0.0,0.0,0.012661,0.0,0.0,0.128026,0.0,0.0,0.023392,0.125385,0.011574,0.0,0.0,0.0,0.0,0.0,0.135293,0.110066,0.028268,0.0,0.0,0.070068,0.069881,0.0,0.0,0.0,0.0,0.0,0.066048,0.06581,0.0,0.0,0.0,0.0,0.0,0.0,0.0,0.0,0.0,0.00762
2020-02-05,0.086721,0.018975,0.039419,0.0,0.0,0.012499,0.0,0.0,0.12711,0.0,0.0,0.023135,0.126282,0.01169,0.0,0.0,0.0,0.0,0.0,0.13678,0.110769,0.028606,0.0,0.0,0.069589,0.070589,0.0,0.0,0.0,0.0,0.0,0.065294,0.065019,0.0,0.0,0.0,0.0,0.0,0.0,0.0,0.0,0.0,0.007523
2020-02-06,0.086956,0.018947,0.039591,0.0,0.0,0.01252,0.0,0.0,0.127057,0.0,0.0,0.02335,0.12572,0.01154,0.0,0.0,0.0,0.0,0.0,0.136431,0.110515,0.028545,0.0,0.0,0.070002,0.070406,0.0,0.0,0.0,0.0,0.0,0.065438,0.065483,0.0,0.0,0.0,0.0,0.0,0.0,0.0,0.0,0.0,0.007499
2020-02-07,0.08727,0.018903,0.039496,0.0,0.0,0.012482,0.0,0.0,0.125593,0.0,0.0,0.023504,0.126194,0.011531,0.0,0.0,0.0,0.0,0.0,0.137686,0.110458,0.028506,0.0,0.0,0.069871,0.06925,0.0,0.0,0.0,0.0,0.0,0.066093,0.065607,0.0,0.0,0.0,0.0,0.0,0.0,0.0,0.0,0.0,0.007556
2020-02-10,0.086646,0.018832,0.03918,0.0,0.0,0.012532,0.0,0.0,0.126193,0.0,0.0,0.023481,0.125695,0.011447,0.0,0.0,0.0,0.0,0.0,0.138113,0.110287,0.028774,0.0,0.0,0.070332,0.06974,0.0,0.0,0.0,0.0,0.0,0.065809,0.065433,0.0,0.0,0.0,0.0,0.0,0.0,0.0,0.0,0.0,0.007504
2020-02-11,0.086936,0.018883,0.039194,0.0,0.0,0.012648,0.0,0.0,0.126615,0.0,0.0,0.023347,0.125551,0.011489,0.0,0.0,0.0,0.0,0.0,0.138359,0.110429,0.028604,0.0,0.0,0.069768,0.070816,0.0,0.0,0.0,0.0,0.0,0.065277,0.064618,0.0,0.0,0.0,0.0,0.0,0.0,0.0,0.0,0.0,0.007468
2020-02-12,0.08688,0.018917,0.038835,0.0,0.0,0.012837,0.0,0.0,0.127892,0.0,0.0,0.023548,0.12509,0.011439,0.0,0.0,0.0,0.0,0.0,0.137678,0.110089,0.028849,0.0,0.0,0.070219,0.071598,0.0,0.0,0.0,0.0,0.0,0.064942,0.063753,0.0,0.0,0.0,0.0,0.0,0.0,0.0,0.0,0.0,0.007434
2020-02-13,0.08695,0.018816,0.038544,0.0,0.0,0.012678,0.0,0.0,0.127299,0.0,0.0,0.023582,0.125209,0.011504,0.0,0.0,0.0,0.0,0.0,0.138075,0.109712,0.028564,0.0,0.0,0.070121,0.071764,0.0,0.0,0.0,0.0,0.0,0.065395,0.064343,0.0,0.0,0.0,0.0,0.0,0.0,0.0,0.0,0.0,0.007445
2020-02-14,0.086809,0.018809,0.038235,0.0,0.0,0.012659,0.0,0.0,0.126883,0.0,0.0,0.023598,0.125301,0.011425,0.0,0.0,0.0,0.0,0.0,0.138304,0.109736,0.028599,0.0,0.0,0.070387,0.071485,0.0,0.0,0.0,0.0,0.0,0.065632,0.064698,0.0,0.0,0.0,0.0,0.0,0.0,0.0,0.0,0.0,0.00744
2020-02-17,0.086992,0.018805,0.038227,0.0,0.0,0.012656,0.0,0.0,0.126857,0.0,0.0,0.023594,0.125276,0.011423,0.0,0.0,0.0,0.0,0.0,0.138277,0.109714,0.028593,0.0,0.0,0.070373,0.071471,0.0,0.0,0.0,0.0,0.0,0.065619,0.064685,0.0,0.0,0.0,0.0,0.0,0.0,0.0,0.0,0.0,0.00744
2020-02-18,0.086599,0.018795,0.0378,0.0,0.0,0.012704,0.0,0.0,0.125441,0.0,0.0,0.023841,0.124659,0.011318,0.0,0.0,0.0,0.0,0.0,0.138186,0.109736,0.028854,0.0,0.0,0.070375,0.070819,0.0,0.0,0.0,0.0,0.0,0.066711,0.066694,0.0,0.0,0.0,0.0,0.0,0.0,0.0,0.0,0.0,0.007467
2020-02-19,0.086509,0.018754,0.037407,0.0,0.0,0.012687,0.0,0.0,0.126012,0.0,0.0,0.023741,0.124497,0.011287,0.0,0.0,0.0,0.0,0.0,0.137539,0.109288,0.028821,0.0,0.0,0.070595,0.071975,0.0,0.0,0.0,0.0,0.0,0.066517,0.06697,0.0,0.0,0.0,0.0,0.0,0.0,0.0,0.0,0.0,0.007401
2020-02-20,0.086052,0.01875,0.037382,0.0,0.0,0.012616,0.0,0.0,0.124034,0.0,0.0,0.023634,0.124978,0.011472,0.0,0.0,0.0,0.0,0.0,0.139806,0.109214,0.028829,0.0,0.0,0.070265,0.071342,0.0,0.0,0.0,0.0,0.0,0.067176,0.067006,0.0,0.0,0.0,0.0,0.0,0.0,0.0,0.0,0.0,0.007443
2020-02-21,0.086557,0.018795,0.03728,0.0,0.0,0.012639,0.0,0.0,0.124142,0.0,0.0,0.023406,0.124479,0.011382,0.0,0.0,0.0,0.0,0.0,0.139881,0.109902,0.028831,0.0,0.0,0.069083,0.069617,0.0,0.0,0.0,0.0,0.0,0.068576,0.06794,0.0,0.0,0.0,0.0,0.0,0.0,0.0,0.0,0.0,0.007487
2020-02-24,0.08607,0.018471,0.036993,0.0,0.0,0.012546,0.0,0.0,0.123975,0.0,0.0,0.023232,0.123679,0.011326,0.0,0.0,0.0,0.0,0.0,0.140728,0.109307,0.028591,0.0,0.0,0.068013,0.068068,0.0,0.0,0.0,0.0,0.0,0.071057,0.070256,0.0,0.0,0.0,0.0,0.0,0.0,0.0,0.0,0.0,0.007689
2020-02-25,0.086897,0.018524,0.037899,0.0,0.0,0.0128,0.0,0.0,0.127053,0.0,0.0,0.023202,0.12261,0.011151,0.0,0.0,0.0,0.0,0.0,0.13859,0.108763,0.028449,0.0,0.0,0.06756,0.067768,0.0,0.0,0.0,0.0,0.0,0.071613,0.069235,0.0,0.0,0.0,0.0,0.0,0.0,0.0,0.0,0.0,0.007888
2020-02-26,0.086905,0.018591,0.038189,0.0,0.0,0.01299,0.0,0.0,0.128701,0.0,0.0,0.023221,0.122043,0.011006,0.0,0.0,0.0,0.0,0.0,0.13522,0.109045,0.02867,0.0,0.0,0.06805,0.068042,0.0,0.0,0.0,0.0,0.0,0.07212,0.069297,0.0,0.0,0.0,0.0,0.0,0.0,0.0,0.0,0.0,0.00791
2020-02-27,0.086806,0.018573,0.038029,0.0,0.0,0.013236,0.0,0.0,0.12984,0.0,0.0,0.022998,0.120462,0.010898,0.0,0.0,0.0,0.0,0.0,0.13587,0.108617,0.028283,0.0,0.0,0.066382,0.06692,0.0,0.0,0.0,0.0,0.0,0.074378,0.070553,0.0,0.0,0.0,0.0,0.0,0.0,0.0,0.0,0.0,0.008156
2020-02-28,0.013381,0.012818,0.0,0.0,0.0,0.024141,0.0,0.0,0.121832,0.020474,0.0,0.011229,0.048529,0.0,0.0,0.0,0.013435,0.0,0.0,0.193517,0.076933,0.0,0.022602,0.144701,0.059129,0.058698,0.044851,0.0,0.029611,0.0,0.059018,0.036474,0.0,0.0,0.0,0.0,0.0,0.0,0.0,0.0,0.0,0.0,0.008624
2020-03-02,0.013196,0.012532,0.0,0.0,0.0,0.023525,0.0,0.0,0.12126,0.020136,0.0,0.011173,0.049054,0.0,0.0,0.0,0.013374,0.0,0.0,0.192867,0.077449,0.0,0.022897,0.147341,0.060149,0.058446,0.044753,0.0,0.028883,0.0,0.059406,0.035268,0.0,0.0,0.0,0.0,0.0,0.0,0.0,0.0,0.0,0.0,0.008292
2020-03-03,0.01353,0.012577,0.0,0.0,0.0,0.02368,0.0,0.0,0.122263,0.020135,0.0,0.010937,0.047787,0.0,0.0,0.0,0.013206,0.0,0.0,0.19639,0.076444,0.0,0.022861,0.147303,0.05857,0.057076,0.043601,0.0,0.028623,0.0,0.059803,0.036821,0.0,0.0,0.0,0.0,0.0,0.0,0.0,0.0,0.0,0.0,0.008391
2020-03-04,0.013069,0.012515,0.0,0.0,0.0,0.023142,0.0,0.0,0.119635,0.020081,0.0,0.010898,0.047482,0.0,0.0,0.0,0.013226,0.0,0.0,0.198194,0.077762,0.0,0.023068,0.149714,0.058751,0.0577,0.043561,0.0,0.028679,0.0,0.058977,0.035476,0.0,0.0,0.0,0.0,0.0,0.0,0.0,0.0,0.0,0.0,0.008071
2020-03-05,0.013377,0.012367,0.0,0.0,0.0,0.023616,0.0,0.0,0.121605,0.020088,0.0,0.010739,0.04622,0.0,0.0,0.0,0.012865,0.0,0.0,0.195869,0.077684,0.0,0.023148,0.150755,0.05819,0.057234,0.043379,0.0,0.028253,0.0,0.059289,0.037066,0.0,0.0,0.0,0.0,0.0,0.0,0.0,0.0,0.0,0.0,0.008255
2020-03-06,0.01321,0.012437,0.0,0.0,0.0,0.023559,0.0,0.0,0.122017,0.020198,0.0,0.010759,0.045522,0.0,0.0,0.0,0.013002,0.0,0.0,0.19331,0.078785,0.0,0.023415,0.152459,0.058076,0.05708,0.042743,0.0,0.028194,0.0,0.059012,0.037807,0.0,0.0,0.0,0.0,0.0,0.0,0.0,0.0,0.0,0.0,0.008415
2020-03-09,0.013384,0.01219,0.0,0.0,0.0,0.024278,0.0,0.0,0.125392,0.020471,0.0,0.010772,0.043592,0.0,0.0,0.0,0.012661,0.0,0.0,0.1884,0.080115,0.0,0.024023,0.15464,0.057565,0.055997,0.042421,0.0,0.027595,0.0,0.056861,0.04062,0.0,0.0,0.0,0.0,0.0,0.0,0.0,0.0,0.0,0.0,0.009023
2020-03-10,0.012761,0.012209,0.0,0.0,0.0,0.024386,0.0,0.0,0.124625,0.020648,0.0,0.010951,0.044645,0.0,0.0,0.0,0.012882,0.0,0.0,0.189693,0.080155,0.0,0.023905,0.150976,0.059398,0.057722,0.043042,0.0,0.027936,0.0,0.056879,0.038463,0.0,0.0,0.0,0.0,0.0,0.0,0.0,0.0,0.0,0.0,0.008727
2020-03-11,0.013372,0.012119,0.0,0.0,0.0,0.024801,0.0,0.0,0.12745,0.020678,0.0,0.011036,0.044463,0.0,0.0,0.0,0.012769,0.0,0.0,0.182876,0.081182,0.0,0.023938,0.150993,0.059594,0.057378,0.043168,0.0,0.027923,0.0,0.056707,0.04036,0.0,0.0,0.0,0.0,0.0,0.0,0.0,0.0,0.0,0.0,0.009194
2020-03-12,0.013289,0.011944,0.0,0.0,0.0,0.025494,0.0,0.0,0.128119,0.020608,0.0,0.011116,0.044078,0.0,0.0,0.0,0.012725,0.0,0.0,0.177008,0.083502,0.0,0.024108,0.150896,0.059776,0.056786,0.043509,0.0,0.027418,0.0,0.056343,0.043072,0.0,0.0,0.0,0.0,0.0,0.0,0.0,0.0,0.0,0.0,0.010209
2020-03-13,0.012763,0.011985,0.0,0.0,0.0,0.025351,0.0,0.0,0.127395,0.020746,0.0,0.011443,0.047111,0.0,0.0,0.0,0.012958,0.0,0.0,0.171336,0.084341,0.0,0.024709,0.150294,0.063086,0.059391,0.045111,0.0,0.02822,0.0,0.054681,0.039442,0.0,0.0,0.0,0.0,0.0,0.0,0.0,0.0,0.0,0.0,0.009636
2020-03-16,0.014254,0.012106,0.0,0.0,0.0,0.026191,0.0,0.0,0.129999,0.02,0.0,0.011624,0.046546,0.0,0.0,0.0,0.013153,0.0,0.0,0.156562,0.087045,0.0,0.026372,0.152537,0.062253,0.057646,0.04557,0.0,0.028303,0.0,0.054103,0.044643,0.0,0.0,0.0,0.0,0.0,0.0,0.0,0.0,0.0,0.0,0.011091
2020-03-17,0.013539,0.011956,0.0,0.0,0.0,0.026062,0.0,0.0,0.128225,0.020327,0.0,0.011499,0.046521,0.0,0.0,0.0,0.013043,0.0,0.0,0.146036,0.087699,0.0,0.027109,0.163105,0.063033,0.059456,0.046278,0.0,0.028749,0.0,0.054003,0.042895,0.0,0.0,0.0,0.0,0.0,0.0,0.0,0.0,0.0,0.0,0.010465
2020-03-18,0.013681,0.011788,0.0,0.0,0.0,0.026324,0.0,0.0,0.12579,0.019603,0.0,0.011833,0.045317,0.0,0.0,0.0,0.012861,0.0,0.0,0.140567,0.090256,0.0,0.028115,0.16606,0.064568,0.058088,0.046819,0.0,0.029524,0.0,0.052907,0.044751,0.0,0.0,0.0,0.0,0.0,0.0,0.0,0.0,0.0,0.0,0.011146
2020-03-19,0.013835,0.012094,0.0,0.0,0.0,0.026554,0.0,0.0,0.12437,0.018826,0.0,0.012063,0.046376,0.0,0.0,0.0,0.01289,0.0,0.0,0.150649,0.088536,0.0,0.027217,0.156622,0.064896,0.059669,0.048108,0.0,0.029775,0.0,0.052383,0.043968,0.0,0.0,0.0,0.0,0.0,0.0,0.0,0.0,0.0,0.0,0.01117
2020-03-20,0.014237,0.012233,0.0,0.0,0.0,0.027157,0.0,0.0,0.133247,0.020087,0.0,0.011823,0.045859,0.0,0.0,0.0,0.012556,0.0,0.0,0.150575,0.087302,0.0,0.026102,0.14787,0.063499,0.059445,0.048284,0.0,0.030184,0.0,0.052318,0.045764,0.0,0.0,0.0,0.0,0.0,0.0,0.0,0.0,0.0,0.0,0.011459
2020-03-23,0.013792,0.012473,0.0,0.0,0.0,0.02793,0.0,0.0,0.135461,0.019771,0.0,0.012182,0.044268,0.0,0.0,0.0,0.012305,0.0,0.0,0.146559,0.084831,0.0,0.025961,0.143823,0.064488,0.063104,0.049597,0.0,0.030768,0.0,0.051988,0.048977,0.0,0.0,0.0,0.0,0.0,0.0,0.0,0.0,0.0,0.0,0.011724
2020-03-24,0.013574,0.012339,0.0,0.0,0.0,0.026839,0.0,0.0,0.131169,0.020167,0.0,0.011731,0.045137,0.0,0.0,0.0,0.012575,0.0,0.0,0.15509,0.082884,0.0,0.024752,0.144494,0.064491,0.063436,0.048422,0.0,0.031475,0.0,0.054184,0.046586,0.0,0.0,0.0,0.0,0.0,0.0,0.0,0.0,0.0,0.0,0.010654
2020-03-25,0.013692,0.012445,0.0,0.0,0.0,0.026596,0.0,0.0,0.131071,0.020655,0.0,0.011224,0.045059,0.0,0.0,0.0,0.012864,0.0,0.0,0.164284,0.081622,0.0,0.023989,0.144008,0.062594,0.060845,0.046525,0.0,0.03115,0.0,0.056374,0.044654,0.0,0.0,0.0,0.0,0.0,0.0,0.0,0.0,0.0,0.0,0.01035
2020-03-26,0.013498,0.01244,0.0,0.0,0.0,0.026137,0.0,0.0,0.126972,0.020388,0.0,0.011304,0.045628,0.0,0.0,0.0,0.01303,0.0,0.0,0.163334,0.082937,0.0,0.024108,0.14891,0.063334,0.061873,0.047328,0.0,0.031284,0.0,0.054533,0.043092,0.0,0.0,0.0,0.0,0.0,0.0,0.0,0.0,0.0,0.0,0.00987
2020-03-27,0.013671,0.012425,0.0,0.0,0.0,0.025651,0.0,0.0,0.124859,0.019948,0.0,0.011211,0.045701,0.0,0.0,0.0,0.012894,0.0,0.0,0.161285,0.083844,0.0,0.024789,0.154666,0.062471,0.060747,0.046945,0.0,0.031369,0.0,0.053101,0.044229,0.0,0.0,0.0,0.0,0.0,0.0,0.0,0.0,0.0,0.0,0.010194
2020-03-30,0.013617,0.01235,0.0,0.0,0.0,0.025645,0.0,0.0,0.124897,0.019921,0.0,0.011361,0.045533,0.0,0.0,0.0,0.01279,0.0,0.0,0.156088,0.085813,0.0,0.025183,0.156812,0.06365,0.061459,0.047378,0.0,0.031176,0.0,0.052939,0.043434,0.0,0.0,0.0,0.0,0.0,0.0,0.0,0.0,0.0,0.0,0.009955
2020-03-31,0.027457,0.0,0.0,0.0,0.0,0.05634,0.0,0.0,0.049891,0.0,0.0,0.030006,0.0,0.0,0.0,0.0,0.0,0.0,0.0,0.031705,0.039568,0.06493,0.0,0.0,0.066205,0.051688,0.05408,0.0,0.035319,0.0,0.083005,0.042944,0.0,0.040555,0.0,0.053912,0.097846,0.067896,0.034399,0.032568,0.03289,0.0,0.006794
2020-04-01,0.027031,0.0,0.0,0.0,0.0,0.056024,0.0,0.0,0.050228,0.0,0.0,0.02971,0.0,0.0,0.0,0.0,0.0,0.0,0.0,0.030036,0.039248,0.063338,0.0,0.0,0.065013,0.050381,0.053118,0.0,0.034271,0.0,0.080622,0.0447,0.0,0.04051,0.0,0.056369,0.101304,0.070435,0.034496,0.033094,0.033061,0.0,0.007008
2020-04-02,0.026648,0.0,0.0,0.0,0.0,0.056869,0.0,0.0,0.050865,0.0,0.0,0.02965,0.0,0.0,0.0,0.0,0.0,0.0,0.0,0.029343,0.039748,0.064691,0.0,0.0,0.065565,0.051127,0.05259,0.0,0.034524,0.0,0.080458,0.044772,0.0,0.039833,0.0,0.055901,0.099845,0.07047,0.034258,0.032698,0.033246,0.0,0.006898
2020-04-03,0.026647,0.0,0.0,0.0,0.0,0.05677,0.0,0.0,0.050543,0.0,0.0,0.029345,0.0,0.0,0.0,0.0,0.0,0.0,0.0,0.028966,0.03979,0.064427,0.0,0.0,0.065209,0.050669,0.052251,0.0,0.033815,0.0,0.079746,0.04545,0.0,0.039794,0.0,0.056604,0.100935,0.071814,0.033865,0.03286,0.033525,0.0,0.006976
2020-04-06,0.026636,0.0,0.0,0.0,0.0,0.056433,0.0,0.0,0.05063,0.0,0.0,0.029918,0.0,0.0,0.0,0.0,0.0,0.0,0.0,0.031556,0.040052,0.066182,0.0,0.0,0.06769,0.053405,0.053729,0.0,0.034828,0.0,0.082353,0.044675,0.0,0.03857,0.0,0.053997,0.096103,0.068641,0.033179,0.032049,0.032712,0.0,0.006664
2020-04-07,0.027681,0.0,0.0,0.0,0.0,0.056479,0.0,0.0,0.05096,0.0,0.0,0.030158,0.0,0.0,0.0,0.0,0.0,0.0,0.0,0.032137,0.039749,0.064899,0.0,0.0,0.067127,0.05325,0.053027,0.0,0.034621,0.0,0.083383,0.044465,0.0,0.039303,0.0,0.053466,0.095738,0.06864,0.0332,0.032119,0.032921,0.0,0.006677
2020-04-08,0.027129,0.0,0.0,0.0,0.0,0.055581,0.0,0.0,0.050546,0.0,0.0,0.030288,0.0,0.0,0.0,0.0,0.0,0.0,0.0,0.034224,0.040693,0.066323,0.0,0.0,0.067778,0.054111,0.05402,0.0,0.034775,0.0,0.084462,0.043331,0.0,0.038784,0.0,0.052189,0.094019,0.06703,0.033494,0.032151,0.032509,0.0,0.006561
2020-04-09,0.027522,0.0,0.0,0.0,0.0,0.054837,0.0,0.0,0.049475,0.0,0.0,0.030144,0.0,0.0,0.0,0.0,0.0,0.0,0.0,0.035026,0.040425,0.066757,0.0,0.0,0.066978,0.052303,0.053959,0.0,0.034932,0.0,0.086146,0.043928,0.0,0.037905,0.0,0.051655,0.093088,0.066878,0.035257,0.033257,0.033043,0.0,0.006482
2020-04-13,0.027616,0.0,0.0,0.0,0.0,0.055118,0.0,0.0,0.04989,0.0,0.0,0.030292,0.0,0.0,0.0,0.0,0.0,0.0,0.0,0.033025,0.040208,0.06688,0.0,0.0,0.067356,0.053075,0.054226,0.0,0.034772,0.0,0.085927,0.044833,0.0,0.037482,0.0,0.051357,0.093204,0.067227,0.03487,0.033047,0.03309,0.0,0.006505
2020-04-14,0.02726,0.0,0.0,0.0,0.0,0.055104,0.0,0.0,0.050308,0.0,0.0,0.030528,0.0,0.0,0.0,0.0,0.0,0.0,0.0,0.033343,0.040663,0.06808,0.0,0.0,0.068693,0.054346,0.055309,0.0,0.035386,0.0,0.086973,0.044229,0.0,0.036742,0.0,0.050257,0.09135,0.065997,0.034274,0.032188,0.032604,0.0,0.006365
2020-04-15,0.027055,0.0,0.0,0.0,0.0,0.055129,0.0,0.0,0.050268,0.0,0.0,0.030614,0.0,0.0,0.0,0.0,0.0,0.0,0.0,0.031871,0.040952,0.067217,0.0,0.0,0.068024,0.053379,0.055447,0.0,0.03475,0.0,0.085361,0.044545,0.0,0.037004,0.0,0.052224,0.093303,0.066882,0.034373,0.032803,0.032351,0.0,0.006447
2020-04-16,0.026913,0.0,0.0,0.0,0.0,0.055294,0.0,0.0,0.050601,0.0,0.0,0.030488,0.0,0.0,0.0,0.0,0.0,0.0,0.0,0.031654,0.041507,0.068472,0.0,0.0,0.068294,0.054433,0.055707,0.0,0.034707,0.0,0.085677,0.044146,0.0,0.036595,0.0,0.05239,0.092646,0.065765,0.034061,0.032375,0.03188,0.0,0.006393
2020-04-17,0.027073,0.0,0.0,0.0,0.0,0.055028,0.0,0.0,0.050752,0.0,0.0,0.030514,0.0,0.0,0.0,0.0,0.0,0.0,0.0,0.032764,0.041836,0.071335,0.0,0.0,0.068331,0.054165,0.056108,0.0,0.034904,0.0,0.087086,0.042745,0.0,0.036564,0.0,0.051037,0.09124,0.064627,0.033804,0.032074,0.031701,0.0,0.006312
2020-04-20,0.027422,0.0,0.0,0.0,0.0,0.055212,0.0,0.0,0.050319,0.0,0.0,0.030383,0.0,0.0,0.0,0.0,0.0,0.0,0.0,0.031602,0.041705,0.07435,0.0,0.0,0.067561,0.053244,0.056175,0.0,0.034545,0.0,0.085936,0.043257,0.0,0.036417,0.0,0.051696,0.091922,0.06474,0.033456,0.032046,0.031654,0.0,0.006357
2020-04-21,0.026882,0.0,0.0,0.0,0.0,0.055105,0.0,0.0,0.049936,0.0,0.0,0.03008,0.0,0.0,0.0,0.0,0.0,0.0,0.0,0.031907,0.041335,0.073689,0.0,0.0,0.066169,0.051761,0.054787,0.0,0.034402,0.0,0.084307,0.043917,0.0,0.036869,0.0,0.053511,0.094227,0.066515,0.033575,0.032642,0.031904,0.0,0.006479
2020-04-22,0.026904,0.0,0.0,0.0,0.0,0.05533,0.0,0.0,0.049869,0.0,0.0,0.030348,0.0,0.0,0.0,0.0,0.0,0.0,0.0,0.031738,0.041231,0.073782,0.0,0.0,0.067513,0.053932,0.055641,0.0,0.035077,0.0,0.085159,0.043996,0.0,0.036304,0.0,0.052036,0.092288,0.065744,0.033276,0.03209,0.03137,0.0,0.006373
2020-04-23,0.027277,0.0,0.0,0.0,0.0,0.054886,0.0,0.0,0.049835,0.0,0.0,0.030544,0.0,0.0,0.0,0.0,0.0,0.0,0.0,0.03187,0.041429,0.073692,0.0,0.0,0.067003,0.053356,0.055128,0.0,0.035072,0.0,0.085352,0.044404,0.0,0.03663,0.0,0.052276,0.092286,0.065661,0.033237,0.032204,0.031499,0.0,0.006359
2020-04-24,0.026721,0.0,0.0,0.0,0.0,0.054532,0.0,0.0,0.049698,0.0,0.0,0.030655,0.0,0.0,0.0,0.0,0.0,0.0,0.0,0.032898,0.04161,0.075548,0.0,0.0,0.067811,0.053979,0.055492,0.0,0.035264,0.0,0.085547,0.043818,0.0,0.03566,0.0,0.05193,0.091482,0.065443,0.032631,0.031894,0.031081,0.0,0.006308
2020-04-27,0.027168,0.0,0.0,0.0,0.0,0.054789,0.0,0.0,0.050401,0.0,0.0,0.030616,0.0,0.0,0.0,0.0,0.0,0.0,0.0,0.034122,0.041749,0.07584,0.0,0.0,0.06775,0.054185,0.055896,0.0,0.0359,0.0,0.087276,0.043117,0.0,0.035086,0.0,0.050484,0.09014,0.0647,0.032456,0.031339,0.030735,0.0,0.006251
2020-04-28,0.027369,0.0,0.0,0.0,0.0,0.05463,0.0,0.0,0.050482,0.0,0.0,0.030068,0.0,0.0,0.0,0.0,0.0,0.0,0.0,0.036359,0.040916,0.073513,0.0,0.0,0.066864,0.053917,0.054666,0.0,0.036339,0.0,0.088669,0.042936,0.0,0.035413,0.0,0.051078,0.090555,0.064939,0.032563,0.031432,0.031045,0.0,0.00625
2020-04-29,0.02732,0.0,0.0,0.0,0.0,0.054499,0.0,0.0,0.050794,0.0,0.0,0.030924,0.0,0.0,0.0,0.0,0.0,0.0,0.0,0.037657,0.040405,0.072518,0.0,0.0,0.068287,0.055404,0.055843,0.0,0.036879,0.0,0.089436,0.042353,0.0,0.034792,0.0,0.049848,0.088792,0.063628,0.032508,0.031038,0.030942,0.0,0.006131
2020-04-30,0.027381,0.0,0.030287,0.0,0.0,0.084546,0.0,0.0,0.029571,0.0,0.0,0.031695,0.0,0.0,0.0,0.0,0.0,0.0,0.0,0.0,0.06886,0.037361,0.037208,0.0,0.039659,0.021458,0.039385,0.028116,0.021511,0.0,0.0,0.126217,0.0,0.101724,0.0,0.046626,0.050863,0.051342,0.060527,0.056378,0.0,0.0,0.009285
2020-05-01,0.027063,0.0,0.030144,0.0,0.0,0.082384,0.0,0.0,0.029133,0.0,0.0,0.031664,0.0,0.0,0.0,0.0,0.0,0.0,0.0,0.0,0.068433,0.036813,0.037281,0.0,0.039076,0.020679,0.038663,0.027662,0.021174,0.0,0.0,0.128659,0.0,0.103357,0.0,0.047642,0.051601,0.052014,0.060262,0.056891,0.0,0.0,0.009407
2020-05-04,0.026669,0.0,0.02987,0.0,0.0,0.082336,0.0,0.0,0.029559,0.0,0.0,0.031715,0.0,0.0,0.0,0.0,0.0,0.0,0.0,0.0,0.068111,0.038515,0.037105,0.0,0.039428,0.020763,0.039246,0.027822,0.021255,0.0,0.0,0.128568,0.0,0.102548,0.0,0.047218,0.051393,0.051847,0.059925,0.05674,0.0,0.0,0.009366
2020-05-05,0.027133,0.0,0.029932,0.0,0.0,0.08286,0.0,0.0,0.029336,0.0,0.0,0.03164,0.0,0.0,0.0,0.0,0.0,0.0,0.0,0.0,0.069064,0.039054,0.036858,0.0,0.03967,0.020953,0.039776,0.028063,0.021317,0.0,0.0,0.128141,0.0,0.101628,0.0,0.046563,0.050968,0.051516,0.059988,0.056239,0.0,0.0,0.0093
2020-05-06,0.02701,0.0,0.029809,0.0,0.0,0.083762,0.0,0.0,0.029296,0.0,0.0,0.031664,0.0,0.0,0.0,0.0,0.0,0.0,0.0,0.0,0.068621,0.03939,0.036584,0.0,0.04012,0.021285,0.040413,0.028398,0.021339,0.0,0.0,0.126942,0.0,0.101988,0.0,0.045974,0.050959,0.051447,0.059859,0.055805,0.0,0.0,0.009337
2020-05-07,0.026996,0.0,0.029921,0.0,0.0,0.083521,0.0,0.0,0.029305,0.0,0.0,0.031902,0.0,0.0,0.0,0.0,0.0,0.0,0.0,0.0,0.067855,0.039013,0.036078,0.0,0.040271,0.021239,0.041006,0.029308,0.021825,0.0,0.0,0.127464,0.0,0.102262,0.0,0.046224,0.050703,0.051198,0.059347,0.055335,0.0,0.0,0.009228
2020-05-08,0.026833,0.0,0.030248,0.0,0.0,0.084992,0.0,0.0,0.029411,0.0,0.0,0.032288,0.0,0.0,0.0,0.0,0.0,0.0,0.0,0.0,0.067791,0.039342,0.03666,0.0,0.040614,0.021734,0.041086,0.029343,0.022036,0.0,0.0,0.12593,0.0,0.101788,0.0,0.045347,0.05023,0.05087,0.059547,0.054736,0.0,0.0,0.009176
2020-05-11,0.027086,0.0,0.030469,0.0,0.0,0.085054,0.0,0.0,0.02933,0.0,0.0,0.032235,0.0,0.0,0.0,0.0,0.0,0.0,0.0,0.0,0.068805,0.041128,0.036529,0.0,0.040793,0.021665,0.041584,0.029635,0.022237,0.0,0.0,0.124869,0.0,0.100685,0.0,0.044894,0.049979,0.050583,0.059147,0.054136,0.0,0.0,0.009158
2020-05-12,0.027324,0.0,0.030254,0.0,0.0,0.084912,0.0,0.0,0.02927,0.0,0.0,0.031799,0.0,0.0,0.0,0.0,0.0,0.0,0.0,0.0,0.068168,0.040484,0.03644,0.0,0.040193,0.021218,0.040837,0.029126,0.02186,0.0,0.0,0.126113,0.0,0.101368,0.0,0.045629,0.050448,0.050935,0.05943,0.054989,0.0,0.0,0.009203
2020-05-13,0.026741,0.0,0.030557,0.0,0.0,0.085693,0.0,0.0,0.029392,0.0,0.0,0.031419,0.0,0.0,0.0,0.0,0.0,0.0,0.0,0.0,0.067781,0.039886,0.036299,0.0,0.039707,0.020917,0.040234,0.028645,0.022058,0.0,0.0,0.127992,0.0,0.100343,0.0,0.046188,0.050816,0.051248,0.059425,0.055403,0.0,0.0,0.009257
2020-05-14,0.02621,0.0,0.030021,0.0,0.0,0.085223,0.0,0.0,0.029479,0.0,0.0,0.031672,0.0,0.0,0.0,0.0,0.0,0.0,0.0,0.0,0.068338,0.039413,0.036112,0.0,0.040104,0.021419,0.040333,0.0288,0.021736,0.0,0.0,0.128775,0.0,0.099923,0.0,0.046514,0.050757,0.051168,0.059061,0.055709,0.0,0.0,0.009232
2020-05-15,0.026375,0.0,0.029958,0.0,0.0,0.08417,0.0,0.0,0.02882,0.0,0.0,0.031987,0.0,0.0,0.0,0.0,0.0,0.0,0.0,0.0,0.06865,0.040667,0.036289,0.0,0.040152,0.020895,0.040826,0.02898,0.02208,0.0,0.0,0.129004,0.0,0.09954,0.0,0.046216,0.050529,0.05106,0.058916,0.05569,0.0,0.0,0.009195
2020-05-18,0.027153,0.0,0.030342,0.0,0.0,0.08647,0.0,0.0,0.029166,0.0,0.0,0.032275,0.0,0.0,0.0,0.0,0.0,0.0,0.0,0.0,0.068399,0.041357,0.036429,0.0,0.040649,0.021597,0.040616,0.028953,0.022716,0.0,0.0,0.126514,0.0,0.098944,0.0,0.044667,0.049624,0.050451,0.059247,0.055344,0.0,0.0,0.009089
2020-05-19,0.027256,0.0,0.030047,0.0,0.0,0.08634,0.0,0.0,0.02892,0.0,0.0,0.032333,0.0,0.0,0.0,0.0,0.0,0.0,0.0,0.0,0.06771,0.040259,0.035832,0.0,0.040582,0.02157,0.040985,0.02904,0.022669,0.0,0.0,0.127991,0.0,0.099142,0.0,0.044924,0.049863,0.050495,0.05944,0.055498,0.0,0.0,0.009104
2020-05-20,0.027215,0.0,0.030201,0.0,0.0,0.086054,0.0,0.0,0.028806,0.0,0.0,0.032903,0.0,0.0,0.0,0.0,0.0,0.0,0.0,0.0,0.067126,0.041017,0.035902,0.0,0.041064,0.022145,0.041264,0.029334,0.02306,0.0,0.0,0.127036,0.0,0.098674,0.0,0.044616,0.049386,0.050147,0.059481,0.055557,0.0,0.0,0.009012
2020-05-21,0.027138,0.0,0.030145,0.0,0.0,0.084698,0.0,0.0,0.02901,0.0,0.0,0.032963,0.0,0.0,0.0,0.0,0.0,0.0,0.0,0.0,0.067226,0.041059,0.035823,0.0,0.040853,0.021781,0.041303,0.029347,0.022957,0.0,0.0,0.126305,0.0,0.098757,0.0,0.045128,0.049861,0.050542,0.059998,0.056011,0.0,0.0,0.009096
2020-05-22,0.027039,0.0,0.030193,0.0,0.0,0.081586,0.0,0.0,0.028525,0.0,0.0,0.03317,0.0,0.0,0.0,0.0,0.0,0.0,0.0,0.0,0.067387,0.041565,0.035958,0.0,0.041013,0.021883,0.041804,0.029844,0.023345,0.0,0.0,0.127087,0.0,0.098348,0.0,0.045412,0.049969,0.050585,0.060163,0.056026,0.0,0.0,0.009097
2020-05-25,0.027039,0.0,0.030193,0.0,0.0,0.081586,0.0,0.0,0.028525,0.0,0.0,0.03317,0.0,0.0,0.0,0.0,0.0,0.0,0.0,0.0,0.067387,0.041565,0.035958,0.0,0.041013,0.021883,0.041804,0.029844,0.023345,0.0,0.0,0.127087,0.0,0.098347,0.0,0.045412,0.049969,0.050585,0.060163,0.056026,0.0,0.0,0.009097
2020-05-26,0.02771,0.0,0.031134,0.0,0.0,0.082863,0.0,0.0,0.029063,0.0,0.0,0.033171,0.0,0.0,0.0,0.0,0.0,0.0,0.0,0.0,0.067081,0.040473,0.036052,0.0,0.040858,0.022052,0.0413,0.029771,0.023754,0.0,0.0,0.124937,0.0,0.09982,0.0,0.04468,0.049701,0.05026,0.060449,0.055796,0.0,0.0,0.009076
2020-05-27,0.027617,0.0,0.031483,0.0,0.0,0.082056,0.0,0.0,0.029047,0.0,0.0,0.033351,0.0,0.0,0.0,0.0,0.0,0.0,0.0,0.0,0.067666,0.040419,0.036536,0.0,0.041025,0.022356,0.041219,0.029781,0.023746,0.0,0.0,0.12496,0.0,0.098861,0.0,0.044526,0.049661,0.050228,0.060476,0.055936,0.0,0.0,0.009051
2020-05-28,0.028134,0.0,0.031845,0.0,0.0,0.081325,0.0,0.0,0.028769,0.0,0.0,0.032987,0.0,0.0,0.0,0.0,0.0,0.0,0.0,0.0,0.068443,0.039952,0.036803,0.0,0.040881,0.021834,0.04166,0.029887,0.023843,0.0,0.0,0.125185,0.0,0.098926,0.0,0.044294,0.04954,0.050308,0.060442,0.055897,0.0,0.0,0.009045
2020-05-29,0.0,0.0,0.0,0.0,0.0,0.072205,0.0,0.0,0.05321,0.0,0.038823,0.056132,0.0,0.0,0.0,0.0,0.0,0.0,0.0,0.0,0.086378,0.038866,0.056762,0.0,0.03845,0.012435,0.045173,0.017748,0.011664,0.0,0.03188,0.125044,0.0,0.058062,0.0,0.041184,0.041067,0.041033,0.049476,0.075962,0.0,0.0,0.008446
2020-06-01,0.0,0.0,0.0,0.0,0.0,0.073063,0.0,0.0,0.053825,0.0,0.038973,0.05646,0.0,0.0,0.0,0.0,0.0,0.0,0.0,0.0,0.085047,0.038855,0.056837,0.0,0.038225,0.012299,0.045408,0.018011,0.011814,0.0,0.032647,0.124921,0.0,0.057781,0.0,0.040679,0.040822,0.040855,0.049573,0.075506,0.0,0.0,0.008399
2020-06-02,0.0,0.0,0.0,0.0,0.0,0.074337,0.0,0.0,0.054255,0.0,0.039134,0.056439,0.0,0.0,0.0,0.0,0.0,0.0,0.0,0.0,0.085164,0.03922,0.05674,0.0,0.038415,0.012509,0.04524,0.017873,0.011767,0.0,0.032958,0.123568,0.0,0.057233,0.0,0.040353,0.040577,0.040585,0.049845,0.075415,0.0,0.0,0.008373
2020-06-03,0.0,0.0,0.0,0.0,0.0,0.075287,0.0,0.0,0.055383,0.0,0.039819,0.056536,0.0,0.0,0.0,0.0,0.0,0.0,0.0,0.0,0.084881,0.038569,0.056738,0.0,0.03866,0.012853,0.045201,0.017982,0.011856,0.0,0.033553,0.121121,0.0,0.05749,0.0,0.039762,0.040281,0.040396,0.050009,0.075266,0.0,0.0,0.008357
2020-06-04,0.0,0.0,0.0,0.0,0.0,0.074789,0.0,0.0,0.055071,0.0,0.039801,0.056375,0.0,0.0,0.0,0.0,0.0,0.0,0.0,0.0,0.084599,0.038054,0.056724,0.0,0.03852,0.01303,0.044474,0.017731,0.011801,0.0,0.033752,0.122962,0.0,0.058347,0.0,0.039367,0.040306,0.040429,0.050084,0.075385,0.0,0.0,0.008398
2020-06-05,0.0,0.0,0.0,0.0,0.0,0.075407,0.0,0.0,0.056056,0.0,0.040399,0.056793,0.0,0.0,0.0,0.0,0.0,0.0,0.0,0.0,0.085215,0.038029,0.057013,0.0,0.039188,0.013233,0.044745,0.017614,0.011896,0.0,0.034899,0.119418,0.0,0.057964,0.0,0.038746,0.039756,0.040073,0.050116,0.075113,0.0,0.0,0.008329
2020-06-08,0.0,0.0,0.0,0.0,0.0,0.074619,0.0,0.0,0.055989,0.0,0.040699,0.057413,0.0,0.0,0.0,0.0,0.0,0.0,0.0,0.0,0.085142,0.038433,0.057183,0.0,0.039083,0.013104,0.045014,0.017733,0.011824,0.0,0.035733,0.119782,0.0,0.057477,0.0,0.038596,0.039493,0.039851,0.04979,0.074784,0.0,0.0,0.00826
2020-06-09,0.0,0.0,0.0,0.0,0.0,0.074642,0.0,0.0,0.056006,0.0,0.040444,0.057359,0.0,0.0,0.0,0.0,0.0,0.0,0.0,0.0,0.084387,0.038426,0.056803,0.0,0.039328,0.013135,0.044872,0.017622,0.011828,0.0,0.035176,0.121125,0.0,0.057608,0.0,0.039095,0.039696,0.039952,0.049478,0.074742,0.0,0.0,0.008276
2020-06-10,0.0,0.0,0.0,0.0,0.0,0.075184,0.0,0.0,0.056396,0.0,0.039836,0.05686,0.0,0.0,0.0,0.0,0.0,0.0,0.0,0.0,0.083776,0.038255,0.05632,0.0,0.039756,0.013106,0.045395,0.01758,0.011775,0.0,0.035171,0.122159,0.0,0.057031,0.0,0.039448,0.039765,0.040029,0.049125,0.074804,0.0,0.0,0.008228
2020-06-11,0.0,0.0,0.0,0.0,0.0,0.074686,0.0,0.0,0.055739,0.0,0.038974,0.056002,0.0,0.0,0.0,0.0,0.0,0.0,0.0,0.0,0.081684,0.037313,0.055943,0.0,0.038692,0.012671,0.044386,0.017207,0.011464,0.0,0.033698,0.125213,0.0,0.05807,0.0,0.041498,0.041201,0.041341,0.049418,0.07631,0.0,0.0,0.00849
2020-06-12,0.0,0.0,0.0,0.0,0.0,0.07533,0.0,0.0,0.056215,0.0,0.039102,0.056121,0.0,0.0,0.0,0.0,0.0,0.0,0.0,0.0,0.081674,0.03754,0.055585,0.0,0.038936,0.01276,0.044754,0.017224,0.01162,0.0,0.034023,0.124566,0.0,0.057731,0.0,0.040828,0.040839,0.040959,0.04958,0.076177,0.0,0.0,0.008439
2020-06-15,0.0,0.0,0.0,0.0,0.0,0.074857,0.0,0.0,0.055637,0.0,0.039277,0.05674,0.0,0.0,0.0,0.0,0.0,0.0,0.0,0.0,0.081451,0.038408,0.055946,0.0,0.039116,0.012867,0.04534,0.017435,0.011607,0.0,0.033376,0.123726,0.0,0.057106,0.0,0.040647,0.040603,0.040772,0.049812,0.076875,0.0,0.0,0.008399
2020-06-16,0.0,0.0,0.0,0.0,0.0,0.075158,0.0,0.0,0.055461,0.0,0.039762,0.056719,0.0,0.0,0.0,0.0,0.0,0.0,0.0,0.0,0.08275,0.038669,0.056339,0.0,0.039611,0.013007,0.045746,0.017527,0.011722,0.0,0.034094,0.122616,0.0,0.056622,0.0,0.039684,0.040175,0.040406,0.049591,0.076012,0.0,0.0,0.008328
2020-06-17,0.0,0.0,0.0,0.0,0.0,0.075699,0.0,0.0,0.056028,0.0,0.03961,0.056722,0.0,0.0,0.0,0.0,0.0,0.0,0.0,0.0,0.082568,0.038653,0.056187,0.0,0.039556,0.013093,0.045691,0.017571,0.011812,0.0,0.033844,0.122703,0.0,0.056554,0.0,0.0398,0.04019,0.040331,0.049301,0.075774,0.0,0.0,0.008314
2020-06-18,0.0,0.0,0.0,0.0,0.0,0.075951,0.0,0.0,0.055909,0.0,0.039372,0.056771,0.0,0.0,0.0,0.0,0.0,0.0,0.0,0.0,0.082093,0.038973,0.056345,0.0,0.039639,0.013037,0.046235,0.017609,0.011695,0.0,0.033994,0.122171,0.0,0.056253,0.0,0.040127,0.040184,0.040417,0.049166,0.075764,0.0,0.0,0.008294
2020-06-19,0.0,0.0,0.0,0.0,0.0,0.075712,0.0,0.0,0.055494,0.0,0.038991,0.05651,0.0,0.0,0.0,0.0,0.0,0.0,0.0,0.0,0.082724,0.040001,0.055946,0.0,0.039291,0.012949,0.046105,0.017442,0.011658,0.0,0.034268,0.123282,0.0,0.056145,0.0,0.040082,0.04012,0.040419,0.048907,0.075675,0.0,0.0,0.008281
2020-06-22,0.0,0.0,0.0,0.0,0.0,0.076272,0.0,0.0,0.055832,0.0,0.039147,0.056283,0.0,0.0,0.0,0.0,0.0,0.0,0.0,0.0,0.081896,0.040921,0.055441,0.0,0.039783,0.012964,0.046727,0.017535,0.011766,0.0,0.034491,0.12331,0.0,0.055756,0.0,0.039838,0.039835,0.04027,0.048569,0.075133,0.0,0.0,0.008229
2020-06-23,0.0,0.0,0.0,0.0,0.0,0.077057,0.0,0.0,0.05587,0.0,0.039295,0.056419,0.0,0.0,0.0,0.0,0.0,0.0,0.0,0.0,0.081915,0.041381,0.055132,0.0,0.039908,0.012958,0.046489,0.017364,0.011733,0.0,0.034503,0.123844,0.0,0.055612,0.0,0.039406,0.039661,0.04013,0.048442,0.074689,0.0,0.0,0.008195
2020-06-24,0.0,0.0,0.0,0.0,0.0,0.077219,0.0,0.0,0.05623,0.0,0.038871,0.05578,0.0,0.0,0.0,0.0,0.0,0.0,0.0,0.0,0.080692,0.040998,0.054828,0.0,0.039455,0.012819,0.046089,0.017286,0.011631,0.0,0.034307,0.124829,0.0,0.055834,0.0,0.040285,0.040192,0.040534,0.048496,0.075337,0.0,0.0,0.008288
2020-06-25,0.0,0.0,0.0,0.0,0.0,0.076602,0.0,0.0,0.056165,0.0,0.038752,0.055779,0.0,0.0,0.0,0.0,0.0,0.0,0.0,0.0,0.081127,0.041826,0.054973,0.0,0.039785,0.012854,0.04652,0.017407,0.011816,0.0,0.034244,0.124206,0.0,0.055672,0.0,0.040224,0.040022,0.040392,0.0483,0.075085,0.0,0.0,0.008248
2020-06-26,0.0,0.0,0.0,0.0,0.0,0.076837,0.0,0.0,0.056332,0.0,0.038232,0.053867,0.0,0.0,0.0,0.0,0.0,0.0,0.0,0.0,0.080963,0.040867,0.054404,0.0,0.039402,0.012742,0.046586,0.017393,0.011689,0.0,0.034408,0.126041,0.0,0.055153,0.0,0.041072,0.040543,0.040877,0.048333,0.075924,0.0,0.0,0.008335
2020-06-29,0.0,0.0,0.0,0.0,0.0,0.076373,0.0,0.0,0.056444,0.0,0.038735,0.054548,0.0,0.0,0.0,0.0,0.0,0.0,0.0,0.0,0.081225,0.040626,0.055115,0.0,0.039604,0.012807,0.046193,0.017303,0.011753,0.0,0.034597,0.125386,0.0,0.055629,0.0,0.040708,0.04035,0.040689,0.047784,0.075839,0.0,0.0,0.008291
2020-06-30,0.026953,0.0,0.029915,0.0,0.0,0.04099,0.0,0.0,0.0,0.0,0.059402,0.052543,0.0,0.0,0.0,0.0,0.0,0.0,0.0,0.0,0.063233,0.0,0.03165,0.034827,0.026498,0.013043,0.03815,0.033526,0.029301,0.0,0.091893,0.141324,0.0,0.0,0.0,0.04617,0.046835,0.046863,0.052395,0.088471,0.0,0.0,0.006018
2020-07-01,0.026989,0.0,0.0297,0.0,0.0,0.041138,0.0,0.0,0.0,0.0,0.05969,0.053566,0.0,0.0,0.0,0.0,0.0,0.0,0.0,0.0,0.063388,0.0,0.031512,0.035456,0.026403,0.012808,0.038609,0.033806,0.02932,0.0,0.092021,0.139959,0.0,0.0,0.0,0.045841,0.046519,0.04665,0.052284,0.088358,0.0,0.0,0.005983
2020-07-02,0.027226,0.0,0.029719,0.0,0.0,0.042264,0.0,0.0,0.0,0.0,0.059573,0.053077,0.0,0.0,0.0,0.0,0.0,0.0,0.0,0.0,0.06349,0.0,0.031486,0.035339,0.026401,0.012889,0.03847,0.033738,0.029171,0.0,0.092944,0.139435,0.0,0.0,0.0,0.045618,0.046302,0.046503,0.052359,0.088053,0.0,0.0,0.005945
2020-07-03,0.027055,0.0,0.029724,0.0,0.0,0.042272,0.0,0.0,0.0,0.0,0.059583,0.053086,0.0,0.0,0.0,0.0,0.0,0.0,0.0,0.0,0.063501,0.0,0.031492,0.035345,0.026405,0.012891,0.038477,0.033743,0.029176,0.0,0.09296,0.139459,0.0,0.0,0.0,0.045626,0.04631,0.046511,0.052368,0.088068,0.0,0.0,0.005947
2020-07-06,0.027079,0.0,0.029588,0.0,0.0,0.044562,0.0,0.0,0.0,0.0,0.059944,0.05322,0.0,0.0,0.0,0.0,0.0,0.0,0.0,0.0,0.063038,0.0,0.031101,0.03431,0.026404,0.013003,0.038223,0.033388,0.029389,0.0,0.098525,0.137875,0.0,0.0,0.0,0.044656,0.045444,0.045798,0.051834,0.086774,0.0,0.0,0.005845
2020-07-07,0.027082,0.0,0.02937,0.0,0.0,0.043768,0.0,0.0,0.0,0.0,0.059098,0.053154,0.0,0.0,0.0,0.0,0.0,0.0,0.0,0.0,0.062592,0.0,0.031435,0.034226,0.026169,0.01287,0.038058,0.033185,0.029221,0.0,0.099446,0.138967,0.0,0.0,0.0,0.045356,0.045663,0.045882,0.051572,0.087028,0.0,0.0,0.005856
2020-07-08,0.026654,0.0,0.029136,0.0,0.0,0.045322,0.0,0.0,0.0,0.0,0.059296,0.05324,0.0,0.0,0.0,0.0,0.0,0.0,0.0,0.0,0.062145,0.0,0.031129,0.034283,0.026404,0.01295,0.038554,0.03371,0.029294,0.0,0.100075,0.13882,0.0,0.0,0.0,0.044848,0.045262,0.04547,0.051337,0.086259,0.0,0.0,0.005812
2020-07-09,0.026475,0.0,0.028982,0.0,0.0,0.045411,0.0,0.0,0.0,0.0,0.059203,0.053282,0.0,0.0,0.0,0.0,0.0,0.0,0.0,0.0,0.06163,0.0,0.030871,0.033809,0.026488,0.013117,0.038891,0.034225,0.029151,0.0,0.099863,0.138385,0.0,0.0,0.0,0.045542,0.045387,0.045568,0.051202,0.086706,0.0,0.0,0.00581
2020-07-10,0.026629,0.0,0.029231,0.0,0.0,0.0448,0.0,0.0,0.0,0.0,0.059643,0.053963,0.0,0.0,0.0,0.0,0.0,0.0,0.0,0.0,0.061211,0.0,0.0313,0.034295,0.026364,0.013014,0.038502,0.033986,0.029424,0.0,0.101599,0.137414,0.0,0.0,0.0,0.045113,0.045097,0.045318,0.051149,0.086163,0.0,0.0,0.005787
2020-07-13,0.027236,0.0,0.029157,0.0,0.0,0.044408,0.0,0.0,0.0,0.0,0.059045,0.05302,0.0,0.0,0.0,0.0,0.0,0.0,0.0,0.0,0.061724,0.0,0.031337,0.034423,0.025887,0.012835,0.036939,0.032619,0.028876,0.0,0.105373,0.137956,0.0,0.0,0.0,0.045384,0.045267,0.04554,0.051007,0.086167,0.0,0.0,0.005801
2020-07-14,0.026699,0.0,0.029261,0.0,0.0,0.04383,0.0,0.0,0.0,0.0,0.059375,0.053314,0.0,0.0,0.0,0.0,0.0,0.0,0.0,0.0,0.062676,0.0,0.031658,0.034594,0.026072,0.012991,0.036974,0.032799,0.029198,0.0,0.103606,0.137999,0.0,0.0,0.0,0.045252,0.045068,0.04535,0.05122,0.086294,0.0,0.0,0.005772
2020-07-15,0.027052,0.0,0.029517,0.0,0.0,0.043726,0.0,0.0,0.0,0.0,0.059989,0.053423,0.0,0.0,0.0,0.0,0.0,0.0,0.0,0.0,0.063242,0.0,0.03156,0.034324,0.026111,0.012918,0.036895,0.032808,0.029649,0.0,0.10312,0.137584,0.0,0.0,0.0,0.044866,0.044878,0.045148,0.05131,0.086129,0.0,0.0,0.005752
2020-07-16,0.027105,0.0,0.029457,0.0,0.0,0.042742,0.0,0.0,0.0,0.0,0.060325,0.053959,0.0,0.0,0.0,0.0,0.0,0.0,0.0,0.0,0.063663,0.0,0.03189,0.035049,0.026002,0.012976,0.036744,0.032688,0.029385,0.0,0.099579,0.137413,0.0,0.0,0.0,0.045453,0.045283,0.045614,0.051785,0.087084,0.0,0.0,0.005803
2020-07-17,0.027083,0.0,0.029361,0.0,0.0,0.042769,0.0,0.0,0.0,0.0,0.059751,0.053576,0.0,0.0,0.0,0.0,0.0,0.0,0.0,0.0,0.064221,0.0,0.031906,0.035667,0.026003,0.012978,0.03688,0.032987,0.029726,0.0,0.099207,0.137873,0.0,0.0,0.0,0.045138,0.045052,0.045477,0.051677,0.086896,0.0,0.0,0.005772
2020-07-20,0.026983,0.0,0.029114,0.0,0.0,0.043296,0.0,0.0,0.0,0.0,0.060154,0.053726,0.0,0.0,0.0,0.0,0.0,0.0,0.0,0.0,0.063624,0.0,0.031297,0.034878,0.026424,0.013114,0.037911,0.0337,0.029758,0.0,0.10054,0.137275,0.0,0.0,0.0,0.044836,0.044671,0.045124,0.051512,0.086342,0.0,0.0,0.005718
2020-07-21,0.027233,0.0,0.029065,0.0,0.0,0.043532,0.0,0.0,0.0,0.0,0.060112,0.053348,0.0,0.0,0.0,0.0,0.0,0.0,0.0,0.0,0.06344,0.0,0.031498,0.034958,0.026101,0.013018,0.037403,0.0335,0.02975,0.0,0.100315,0.138619,0.0,0.0,0.0,0.044763,0.044619,0.045125,0.051636,0.086262,0.0,0.0,0.005703
2020-07-22,0.027003,0.0,0.028866,0.0,0.0,0.042687,0.0,0.0,0.0,0.0,0.060374,0.053179,0.0,0.0,0.0,0.0,0.0,0.0,0.0,0.0,0.063741,0.0,0.031616,0.035348,0.0262,0.013006,0.037353,0.033349,0.029776,0.0,0.099894,0.140136,0.0,0.0,0.0,0.044708,0.044446,0.044935,0.051522,0.08618,0.0,0.0,0.005682
2020-07-23,0.02717,0.0,0.028823,0.0,0.0,0.042649,0.0,0.0,0.0,0.0,0.059581,0.052415,0.0,0.0,0.0,0.0,0.0,0.0,0.0,0.0,0.063575,0.0,0.031789,0.035456,0.025568,0.012832,0.036613,0.033153,0.029786,0.0,0.100331,0.141641,0.0,0.0,0.0,0.045317,0.044574,0.045042,0.051584,0.086407,0.0,0.0,0.005693
2020-07-24,0.026914,0.0,0.028993,0.0,0.0,0.042357,0.0,0.0,0.0,0.0,0.060105,0.052699,0.0,0.0,0.0,0.0,0.0,0.0,0.0,0.0,0.063316,0.0,0.03197,0.035469,0.025435,0.012719,0.036532,0.03296,0.029679,0.0,0.096606,0.143858,0.0,0.0,0.0,0.045632,0.044865,0.045347,0.051995,0.086817,0.0,0.0,0.005732
2020-07-27,0.026815,0.0,0.029357,0.0,0.0,0.0421,0.0,0.0,0.0,0.0,0.060043,0.052678,0.0,0.0,0.0,0.0,0.0,0.0,0.0,0.0,0.063333,0.0,0.031899,0.034787,0.02565,0.013021,0.036877,0.033242,0.030104,0.0,0.09646,0.145644,0.0,0.0,0.0,0.045135,0.044473,0.045021,0.051743,0.085931,0.0,0.0,0.005688
2020-07-28,0.026955,0.0,0.029193,0.0,0.0,0.041969,0.0,0.0,0.0,0.0,0.059481,0.052164,0.0,0.0,0.0,0.0,0.0,0.0,0.0,0.0,0.063296,0.0,0.032034,0.035333,0.025364,0.012776,0.036581,0.033048,0.029737,0.0,0.096706,0.146939,0.0,0.0,0.0,0.045472,0.044603,0.045128,0.051637,0.08589,0.0,0.0,0.005695
2020-07-29,0.026747,0.0,0.028941,0.0,0.0,0.042366,0.0,0.0,0.0,0.0,0.059534,0.052161,0.0,0.0,0.0,0.0,0.0,0.0,0.0,0.0,0.063374,0.0,0.031786,0.035171,0.025496,0.01292,0.036952,0.033593,0.029753,0.0,0.097809,0.146687,0.0,0.0,0.0,0.044979,0.044252,0.044819,0.051448,0.085568,0.0,0.0,0.005643
2020-07-30,0.026586,0.0,0.028573,0.0,0.0,0.042211,0.0,0.0,0.0,0.0,0.059625,0.052429,0.0,0.0,0.0,0.0,0.0,0.0,0.0,0.0,0.063082,0.0,0.03186,0.035253,0.025698,0.013205,0.036984,0.033939,0.029626,0.0,0.097217,0.145941,0.0,0.0,0.0,0.045381,0.044417,0.04497,0.051677,0.085674,0.0,0.0,0.005653
2020-07-31,0.031521,0.0,0.0,0.0,0.0,0.0,0.0,0.0,0.037123,0.0,0.10225,0.042401,0.0,0.0,0.0,0.0,0.0,0.0,0.038562,0.0,0.034197,0.072698,0.0,0.0,0.026798,0.014985,0.026971,0.011684,0.025852,0.0,0.102678,0.107297,0.0,0.0,0.0,0.035006,0.035652,0.035556,0.027403,0.078693,0.107322,0.0,0.005349
2020-08-03,0.031667,0.0,0.0,0.0,0.0,0.0,0.0,0.0,0.036585,0.0,0.100965,0.041993,0.0,0.0,0.0,0.0,0.0,0.0,0.037943,0.0,0.034189,0.074956,0.0,0.0,0.02717,0.015097,0.02723,0.011691,0.026156,0.0,0.106129,0.106293,0.0,0.0,0.0,0.034465,0.035261,0.035231,0.027123,0.077973,0.106591,0.0,0.005293
2020-08-04,0.031577,0.0,0.0,0.0,0.0,0.0,0.0,0.0,0.036963,0.0,0.101166,0.042007,0.0,0.0,0.0,0.0,0.0,0.0,0.038249,0.0,0.033834,0.074278,0.0,0.0,0.027076,0.015227,0.027025,0.011618,0.02615,0.0,0.105576,0.107903,0.0,0.0,0.0,0.034585,0.03517,0.035097,0.02695,0.077791,0.106495,0.0,0.005262
2020-08-05,0.031684,0.0,0.0,0.0,0.0,0.0,0.0,0.0,0.037121,0.0,0.101733,0.041669,0.0,0.0,0.0,0.0,0.0,0.0,0.038556,0.0,0.033768,0.074327,0.0,0.0,0.026999,0.015112,0.02696,0.011619,0.026249,0.0,0.106873,0.108196,0.0,0.0,0.0,0.034059,0.034824,0.034885,0.026822,0.077179,0.106136,0.0,0.005228
2020-08-06,0.031422,0.0,0.0,0.0,0.0,0.0,0.0,0.0,0.037079,0.0,0.101844,0.042606,0.0,0.0,0.0,0.0,0.0,0.0,0.038249,0.0,0.033462,0.073672,0.0,0.0,0.027276,0.015047,0.026946,0.011473,0.02621,0.0,0.106638,0.10922,0.0,0.0,0.0,0.034121,0.034733,0.034793,0.026781,0.077216,0.106006,0.0,0.005207
2020-08-07,0.03169,0.0,0.0,0.0,0.0,0.0,0.0,0.0,0.036812,0.0,0.10245,0.042745,0.0,0.0,0.0,0.0,0.0,0.0,0.03855,0.0,0.033718,0.07407,0.0,0.0,0.026989,0.014946,0.026457,0.011323,0.026227,0.0,0.106692,0.107962,0.0,0.0,0.0,0.034044,0.034813,0.034853,0.026834,0.077341,0.106253,0.0,0.00523
2020-08-10,0.031692,0.0,0.0,0.0,0.0,0.0,0.0,0.0,0.036997,0.0,0.1036,0.042571,0.0,0.0,0.0,0.0,0.0,0.0,0.038896,0.0,0.033579,0.07401,0.0,0.0,0.026893,0.014935,0.026056,0.011164,0.026237,0.0,0.106949,0.10751,0.0,0.0,0.0,0.033867,0.034751,0.034786,0.026826,0.077118,0.106333,0.0,0.005228
2020-08-11,0.032423,0.0,0.0,0.0,0.0,0.0,0.0,0.0,0.037026,0.0,0.104698,0.042465,0.0,0.0,0.0,0.0,0.0,0.0,0.039317,0.0,0.033787,0.071962,0.0,0.0,0.026742,0.014965,0.025877,0.011211,0.026629,0.0,0.108409,0.103019,0.0,0.0,0.0,0.033886,0.035068,0.035146,0.026919,0.077598,0.10756,0.0,0.005294
2020-08-12,0.032376,0.0,0.0,0.0,0.0,0.0,0.0,0.0,0.037177,0.0,0.105462,0.042717,0.0,0.0,0.0,0.0,0.0,0.0,0.039318,0.0,0.034153,0.071767,0.0,0.0,0.027188,0.015358,0.026017,0.011183,0.027175,0.0,0.10929,0.101934,0.0,0.0,0.0,0.03338,0.034758,0.034962,0.026767,0.076951,0.106805,0.0,0.005262
2020-08-13,0.032357,0.0,0.0,0.0,0.0,0.0,0.0,0.0,0.036801,0.0,0.105304,0.042886,0.0,0.0,0.0,0.0,0.0,0.0,0.039269,0.0,0.034071,0.072676,0.0,0.0,0.027171,0.015188,0.026331,0.011207,0.027055,0.0,0.108441,0.104229,0.0,0.0,0.0,0.032987,0.03465,0.034835,0.026665,0.076173,0.106446,0.0,0.005255
2020-08-14,0.032358,0.0,0.0,0.0,0.0,0.0,0.0,0.0,0.03704,0.0,0.105627,0.043013,0.0,0.0,0.0,0.0,0.0,0.0,0.039436,0.0,0.034111,0.072222,0.0,0.0,0.027237,0.015227,0.026279,0.011168,0.0271,0.0,0.108105,0.104105,0.0,0.0,0.0,0.032961,0.034775,0.034886,0.026701,0.076075,0.106302,0.0,0.005272
2020-08-17,0.032123,0.0,0.0,0.0,0.0,0.0,0.0,0.0,0.037279,0.0,0.105851,0.042606,0.0,0.0,0.0,0.0,0.0,0.0,0.039192,0.0,0.033948,0.073958,0.0,0.0,0.027128,0.015235,0.026314,0.0111,0.02729,0.0,0.10849,0.105234,0.0,0.0,0.0,0.032693,0.034463,0.03459,0.026574,0.075423,0.105293,0.0,0.005217
2020-08-18,0.032154,0.0,0.0,0.0,0.0,0.0,0.0,0.0,0.036881,0.0,0.106363,0.042933,0.0,0.0,0.0,0.0,0.0,0.0,0.038977,0.0,0.033893,0.073211,0.0,0.0,0.027193,0.015134,0.026592,0.011181,0.027154,0.0,0.107899,0.106039,0.0,0.0,0.0,0.032883,0.034476,0.034697,0.02658,0.075538,0.105013,0.0,0.00521
2020-08-19,0.032518,0.0,0.0,0.0,0.0,0.0,0.0,0.0,0.036655,0.0,0.106715,0.043157,0.0,0.0,0.0,0.0,0.0,0.0,0.039179,0.0,0.034055,0.073677,0.0,0.0,0.027379,0.015169,0.026782,0.01129,0.027102,0.0,0.106748,0.10352,0.0,0.0,0.0,0.032941,0.034708,0.034872,0.026718,0.075945,0.105617,0.0,0.005252
2020-08-20,0.032213,0.0,0.0,0.0,0.0,0.0,0.0,0.0,0.035893,0.0,0.1065,0.043672,0.0,0.0,0.0,0.0,0.0,0.0,0.039021,0.0,0.033929,0.073627,0.0,0.0,0.027729,0.015027,0.027298,0.011426,0.026968,0.0,0.105656,0.104183,0.0,0.0,0.0,0.033222,0.03479,0.034821,0.026793,0.076175,0.105806,0.0,0.005249
2020-08-21,0.032232,0.0,0.0,0.0,0.0,0.0,0.0,0.0,0.036225,0.0,0.107064,0.043485,0.0,0.0,0.0,0.0,0.0,0.0,0.038801,0.0,0.033969,0.07273,0.0,0.0,0.028085,0.015131,0.027116,0.011341,0.026851,0.0,0.105894,0.103362,0.0,0.0,0.0,0.033425,0.034821,0.034945,0.026793,0.076325,0.106156,0.0,0.00525
2020-08-24,0.032464,0.0,0.0,0.0,0.0,0.0,0.0,0.0,0.036288,0.0,0.108267,0.043843,0.0,0.0,0.0,0.0,0.0,0.0,0.039331,0.0,0.033682,0.070718,0.0,0.0,0.028218,0.015229,0.027096,0.011364,0.027007,0.0,0.107468,0.102378,0.0,0.0,0.0,0.033241,0.034637,0.034878,0.026812,0.075895,0.105958,0.0,0.005227
2020-08-25,0.032425,0.0,0.0,0.0,0.0,0.0,0.0,0.0,0.036539,0.0,0.10838,0.044157,0.0,0.0,0.0,0.0,0.0,0.0,0.039086,0.0,0.033833,0.071408,0.0,0.0,0.028296,0.015342,0.027333,0.011376,0.026946,0.0,0.107839,0.102271,0.0,0.0,0.0,0.032912,0.034477,0.034788,0.02678,0.075396,0.105199,0.0,0.005215
2020-08-26,0.032517,0.0,0.0,0.0,0.0,0.0,0.0,0.0,0.036539,0.0,0.108797,0.045393,0.0,0.0,0.0,0.0,0.0,0.0,0.039262,0.0,0.033591,0.070106,0.0,0.0,0.028699,0.015299,0.028641,0.011508,0.026874,0.0,0.107306,0.102862,0.0,0.0,0.0,0.032591,0.034257,0.034649,0.026617,0.074974,0.104332,0.0,0.005185
2020-08-27,0.032827,0.0,0.0,0.0,0.0,0.0,0.0,0.0,0.036238,0.0,0.108714,0.04505,0.0,0.0,0.0,0.0,0.0,0.0,0.039338,0.0,0.034012,0.069862,0.0,0.0,0.028856,0.015196,0.028645,0.011479,0.026691,0.0,0.108836,0.102145,0.0,0.0,0.0,0.032186,0.034295,0.034673,0.0267,0.074723,0.104325,0.0,0.005209
2020-08-28,0.032601,0.0,0.0,0.0,0.0,0.0,0.0,0.0,0.036107,0.0,0.108593,0.044812,0.0,0.0,0.0,0.0,0.0,0.0,0.039502,0.0,0.033828,0.069921,0.0,0.0,0.028888,0.015358,0.028696,0.011436,0.026793,0.0,0.10925,0.103129,0.0,0.0,0.0,0.031917,0.03409,0.034518,0.026518,0.074379,0.104496,0.0,0.005169
2020-08-31,0.0,0.0,0.0,0.0,0.0,0.0,0.0,0.0,0.088498,0.0,0.094168,0.044579,0.0,0.0,0.0,0.0,0.0,0.0,0.04715,0.050659,0.075533,0.0,0.044231,0.0,0.020855,0.020103,0.010169,0.020891,0.020966,0.0,0.09416,0.081572,0.0,0.0,0.0,0.030775,0.031009,0.030579,0.046781,0.046536,0.094248,0.0,0.006538
2020-09-01,0.0,0.0,0.0,0.0,0.0,0.0,0.0,0.0,0.088817,0.0,0.094104,0.04445,0.0,0.0,0.0,0.0,0.0,0.0,0.04794,0.051597,0.074031,0.0,0.04379,0.0,0.021019,0.020276,0.010328,0.021224,0.021033,0.0,0.09568,0.080769,0.0,0.0,0.0,0.030784,0.030767,0.030259,0.046517,0.046314,0.093837,0.0,0.006465
2020-09-02,0.0,0.0,0.0,0.0,0.0,0.0,0.0,0.0,0.088599,0.0,0.094685,0.045055,0.0,0.0,0.0,0.0,0.0,0.0,0.048658,0.051352,0.074943,0.0,0.044246,0.0,0.021045,0.020706,0.010303,0.021283,0.02136,0.0,0.094908,0.079105,0.0,0.0,0.0,0.030842,0.030577,0.030042,0.046219,0.046146,0.093511,0.0,0.006417
2020-09-03,0.0,0.0,0.0,0.0,0.0,0.0,0.0,0.0,0.0893,0.0,0.093807,0.044536,0.0,0.0,0.0,0.0,0.0,0.0,0.048411,0.050409,0.074594,0.0,0.044494,0.0,0.020306,0.020004,0.009968,0.020548,0.020985,0.0,0.092878,0.080285,0.0,0.0,0.0,0.031647,0.031328,0.030632,0.046998,0.047113,0.095195,0.0,0.006565
2020-09-04,0.0,0.0,0.0,0.0,0.0,0.0,0.0,0.0,0.089998,0.0,0.0933,0.043994,0.0,0.0,0.0,0.0,0.0,0.0,0.048742,0.049587,0.074522,0.0,0.044668,0.0,0.020148,0.01992,0.009735,0.020182,0.021045,0.0,0.093794,0.081007,0.0,0.0,0.0,0.031239,0.031347,0.030728,0.047162,0.046902,0.095375,0.0,0.006605
2020-09-07,0.0,0.0,0.0,0.0,0.0,0.0,0.0,0.0,0.089997,0.0,0.0933,0.043994,0.0,0.0,0.0,0.0,0.0,0.0,0.048742,0.049587,0.074522,0.0,0.044668,0.0,0.020148,0.01992,0.009735,0.020182,0.021045,0.0,0.093794,0.081007,0.0,0.0,0.0,0.031239,0.031347,0.030728,0.047162,0.046902,0.095375,0.0,0.006606
2020-09-08,0.0,0.0,0.0,0.0,0.0,0.0,0.0,0.0,0.091103,0.0,0.093334,0.043418,0.0,0.0,0.0,0.0,0.0,0.0,0.04848,0.050027,0.074296,0.0,0.044325,0.0,0.0195,0.019248,0.009525,0.019981,0.021031,0.0,0.090782,0.081955,0.0,0.0,0.0,0.03186,0.031843,0.031177,0.04754,0.047588,0.096294,0.0,0.006694
2020-09-09,0.0,0.0,0.0,0.0,0.0,0.0,0.0,0.0,0.090632,0.0,0.093902,0.043387,0.0,0.0,0.0,0.0,0.0,0.0,0.049106,0.051005,0.074662,0.0,0.044403,0.0,0.019883,0.019524,0.009673,0.020101,0.021229,0.0,0.090661,0.081712,0.0,0.0,0.0,0.031376,0.031428,0.030803,0.047312,0.047022,0.095566,0.0,0.006612
2020-09-10,0.0,0.0,0.0,0.0,0.0,0.0,0.0,0.0,0.090894,0.0,0.093306,0.043091,0.0,0.0,0.0,0.0,0.0,0.0,0.049038,0.051115,0.074115,0.0,0.044213,0.0,0.019592,0.019416,0.009631,0.020001,0.021149,0.0,0.090101,0.082109,0.0,0.0,0.0,0.031791,0.031722,0.03108,0.04747,0.047438,0.096068,0.0,0.006664
2020-09-11,0.0,0.0,0.0,0.0,0.0,0.0,0.0,0.0,0.09076,0.0,0.093142,0.042814,0.0,0.0,0.0,0.0,0.0,0.0,0.049502,0.051787,0.074163,0.0,0.044315,0.0,0.019378,0.019347,0.009464,0.019813,0.021135,0.0,0.090999,0.081836,0.0,0.0,0.0,0.031755,0.031667,0.030961,0.04741,0.047318,0.095788,0.0,0.006643
2020-09-14,0.0,0.0,0.0,0.0,0.0,0.0,0.0,0.0,0.09114,0.0,0.093054,0.042488,0.0,0.0,0.0,0.0,0.0,0.0,0.049643,0.052035,0.074367,0.0,0.044093,0.0,0.019559,0.019508,0.009529,0.019858,0.021344,0.0,0.09352,0.08154,0.0,0.0,0.0,0.03139,0.031277,0.030588,0.046819,0.046895,0.094786,0.0,0.006566
2020-09-15,0.0,0.0,0.0,0.0,0.0,0.0,0.0,0.0,0.091624,0.0,0.093137,0.042932,0.0,0.0,0.0,0.0,0.0,0.0,0.049522,0.051047,0.073926,0.0,0.043713,0.0,0.019609,0.019701,0.00963,0.019886,0.021428,0.0,0.096592,0.080755,0.0,0.0,0.0,0.031087,0.031035,0.030388,0.046606,0.046606,0.094256,0.0,0.006519
2020-09-16,0.0,0.0,0.0,0.0,0.0,0.0,0.0,0.0,0.09173,0.0,0.092725,0.042518,0.0,0.0,0.0,0.0,0.0,0.0,0.049617,0.052422,0.073886,0.0,0.043568,0.0,0.019328,0.019539,0.009494,0.019863,0.021384,0.0,0.096322,0.081078,0.0,0.0,0.0,0.03103,0.031053,0.030423,0.04666,0.046691,0.094142,0.0,0.006526
2020-09-17,0.0,0.0,0.0,0.0,0.0,0.0,0.0,0.0,0.091722,0.0,0.091796,0.041907,0.0,0.0,0.0,0.0,0.0,0.0,0.050188,0.051874,0.073944,0.0,0.043469,0.0,0.019247,0.019609,0.009414,0.019737,0.021378,0.0,0.097364,0.080962,0.0,0.0,0.0,0.031252,0.031191,0.030564,0.046801,0.046893,0.094135,0.0,0.006552
2020-09-18,0.0,0.0,0.0,0.0,0.0,0.0,0.0,0.0,0.091957,0.0,0.090932,0.041694,0.0,0.0,0.0,0.0,0.0,0.0,0.049549,0.051615,0.074168,0.0,0.043267,0.0,0.019001,0.01939,0.009408,0.019816,0.021328,0.0,0.098532,0.081438,0.0,0.0,0.0,0.031297,0.031305,0.030677,0.046898,0.04702,0.094128,0.0,0.006582
2020-09-21,0.0,0.0,0.0,0.0,0.0,0.0,0.0,0.0,0.092631,0.0,0.090674,0.041691,0.0,0.0,0.0,0.0,0.0,0.0,0.048446,0.051277,0.073656,0.0,0.043443,0.0,0.019385,0.019583,0.009688,0.020166,0.021169,0.0,0.09735,0.080743,0.0,0.0,0.0,0.031826,0.031731,0.030982,0.047068,0.047529,0.094304,0.0,0.006658
2020-09-22,0.0,0.0,0.0,0.0,0.0,0.0,0.0,0.0,0.091439,0.0,0.092237,0.042335,0.0,0.0,0.0,0.0,0.0,0.0,0.048352,0.052683,0.073218,0.0,0.043532,0.0,0.019617,0.01971,0.009852,0.020474,0.021261,0.0,0.096273,0.080045,0.0,0.0,0.0,0.03168,0.03161,0.030874,0.04705,0.047375,0.09375,0.0,0.006635
2020-09-23,0.0,0.0,0.0,0.0,0.0,0.0,0.0,0.0,0.091506,0.0,0.092529,0.042146,0.0,0.0,0.0,0.0,0.0,0.0,0.047866,0.051616,0.073906,0.0,0.04373,0.0,0.019383,0.019638,0.009773,0.020376,0.021492,0.0,0.093502,0.079873,0.0,0.0,0.0,0.032353,0.032238,0.031455,0.0475,0.047968,0.094382,0.0,0.006767
2020-09-24,0.0,0.0,0.0,0.0,0.0,0.0,0.0,0.0,0.090179,0.0,0.092604,0.042279,0.0,0.0,0.0,0.0,0.0,0.0,0.048268,0.052219,0.073627,0.0,0.044108,0.0,0.019516,0.019828,0.009745,0.020134,0.021478,0.0,0.092401,0.080269,0.0,0.0,0.0,0.032517,0.032294,0.031517,0.047588,0.047906,0.094749,0.0,0.006775
2020-09-25,0.0,0.0,0.0,0.0,0.0,0.0,0.0,0.0,0.089823,0.0,0.09318,0.042555,0.0,0.0,0.0,0.0,0.0,0.0,0.04837,0.051849,0.074309,0.0,0.044043,0.0,0.019848,0.019966,0.009953,0.020432,0.021637,0.0,0.092768,0.079503,0.0,0.0,0.0,0.032299,0.032104,0.031347,0.047183,0.047535,0.094568,0.0,0.006727
2020-09-28,0.0,0.0,0.0,0.0,0.0,0.0,0.0,0.0,0.090692,0.0,0.093904,0.042567,0.0,0.0,0.0,0.0,0.0,0.0,0.048519,0.053108,0.074014,0.0,0.043965,0.0,0.019968,0.020252,0.009936,0.020397,0.021673,0.0,0.093009,0.079269,0.0,0.0,0.0,0.031792,0.031685,0.031007,0.046879,0.047161,0.093561,0.0,0.006641
2020-09-29,0.0,0.0,0.0,0.0,0.0,0.0,0.0,0.0,0.090781,0.0,0.093036,0.042546,0.0,0.0,0.0,0.0,0.0,0.0,0.048088,0.052444,0.073811,0.0,0.04361,0.0,0.019871,0.020269,0.009891,0.020331,0.021907,0.0,0.095422,0.079818,0.0,0.0,0.0,0.031781,0.031661,0.031012,0.046848,0.047031,0.09321,0.0,0.006633
2020-09-30,0.034423,0.0,0.0,0.0,0.0,0.0,0.0,0.0,0.0,0.0,0.139753,0.060654,0.0,0.0,0.0,0.0,0.0,0.139987,0.047123,0.076654,0.0,0.0,0.0,0.0,0.030408,0.023049,0.027682,0.019169,0.038312,0.0,0.105067,0.0,0.103989,0.0,0.140206,0.0,0.0,0.0,0.0,0.0,0.0,0.0,0.013524
2020-10-01,0.034295,0.0,0.0,0.0,0.0,0.0,0.0,0.0,0.0,0.0,0.140423,0.061019,0.0,0.0,0.0,0.0,0.0,0.138593,0.046077,0.077518,0.0,0.0,0.0,0.0,0.030478,0.02335,0.027985,0.019324,0.038504,0.0,0.105484,0.0,0.105284,0.0,0.138256,0.0,0.0,0.0,0.0,0.0,0.0,0.0,0.013411
2020-10-02,0.034168,0.0,0.0,0.0,0.0,0.0,0.0,0.0,0.0,0.0,0.140265,0.060001,0.0,0.0,0.0,0.0,0.0,0.140006,0.046634,0.07819,0.0,0.0,0.0,0.0,0.029798,0.02272,0.027519,0.019162,0.038268,0.0,0.104586,0.0,0.105804,0.0,0.139428,0.0,0.0,0.0,0.0,0.0,0.0,0.0,0.01345
2020-10-05,0.034056,0.0,0.0,0.0,0.0,0.0,0.0,0.0,0.0,0.0,0.139934,0.060048,0.0,0.0,0.0,0.0,0.0,0.140197,0.046794,0.076895,0.0,0.0,0.0,0.0,0.029983,0.02307,0.027513,0.019183,0.038071,0.0,0.105317,0.0,0.106484,0.0,0.139206,0.0,0.0,0.0,0.0,0.0,0.0,0.0,0.013248
2020-10-06,0.034703,0.0,0.0,0.0,0.0,0.0,0.0,0.0,0.0,0.0,0.139565,0.059738,0.0,0.0,0.0,0.0,0.0,0.141237,0.046954,0.076751,0.0,0.0,0.0,0.0,0.029996,0.023331,0.027743,0.019488,0.038577,0.0,0.106419,0.0,0.103948,0.0,0.138089,0.0,0.0,0.0,0.0,0.0,0.0,0.0,0.013462
2020-10-07,0.034068,0.0,0.0,0.0,0.0,0.0,0.0,0.0,0.0,0.0,0.140079,0.059047,0.0,0.0,0.0,0.0,0.0,0.142288,0.04726,0.076145,0.0,0.0,0.0,0.0,0.029973,0.023332,0.027838,0.019408,0.038485,0.0,0.106576,0.0,0.10369,0.0,0.138607,0.0,0.0,0.0,0.0,0.0,0.0,0.0,0.013205
2020-10-08,0.034008,0.0,0.0,0.0,0.0,0.0,0.0,0.0,0.0,0.0,0.139893,0.059347,0.0,0.0,0.0,0.0,0.0,0.14197,0.047363,0.077502,0.0,0.0,0.0,0.0,0.029892,0.023436,0.027642,0.019309,0.038303,0.0,0.106173,0.0,0.103296,0.0,0.138766,0.0,0.0,0.0,0.0,0.0,0.0,0.0,0.013101
2020-10-09,0.033819,0.0,0.0,0.0,0.0,0.0,0.0,0.0,0.0,0.0,0.139041,0.058728,0.0,0.0,0.0,0.0,0.0,0.140793,0.04695,0.076843,0.0,0.0,0.0,0.0,0.029853,0.023459,0.027696,0.019256,0.038044,0.0,0.10669,0.0,0.107244,0.0,0.138694,0.0,0.0,0.0,0.0,0.0,0.0,0.0,0.012891
2020-10-12,0.034062,0.0,0.0,0.0,0.0,0.0,0.0,0.0,0.0,0.0,0.140112,0.059943,0.0,0.0,0.0,0.0,0.0,0.140262,0.046613,0.076829,0.0,0.0,0.0,0.0,0.030499,0.023676,0.027956,0.0195,0.038147,0.0,0.106524,0.0,0.106287,0.0,0.136773,0.0,0.0,0.0,0.0,0.0,0.0,0.0,0.012817
2020-10-13,0.034239,0.0,0.0,0.0,0.0,0.0,0.0,0.0,0.0,0.0,0.141169,0.060465,0.0,0.0,0.0,0.0,0.0,0.140245,0.046556,0.076751,0.0,0.0,0.0,0.0,0.030538,0.023816,0.028396,0.019788,0.038442,0.0,0.107273,0.0,0.103253,0.0,0.136151,0.0,0.0,0.0,0.0,0.0,0.0,0.0,0.012918
2020-10-14,0.03414,0.0,0.0,0.0,0.0,0.0,0.0,0.0,0.0,0.0,0.139637,0.059756,0.0,0.0,0.0,0.0,0.0,0.141553,0.046701,0.076639,0.0,0.0,0.0,0.0,0.030383,0.023725,0.028203,0.019708,0.038411,0.0,0.107246,0.0,0.103505,0.0,0.137474,0.0,0.0,0.0,0.0,0.0,0.0,0.0,0.012918
2020-10-15,0.033635,0.0,0.0,0.0,0.0,0.0,0.0,0.0,0.0,0.0,0.140134,0.059289,0.0,0.0,0.0,0.0,0.0,0.142749,0.04656,0.077545,0.0,0.0,0.0,0.0,0.030242,0.023658,0.028096,0.019568,0.037946,0.0,0.107005,0.0,0.10372,0.0,0.136936,0.0,0.0,0.0,0.0,0.0,0.0,0.0,0.012917
2020-10-16,0.034172,0.0,0.0,0.0,0.0,0.0,0.0,0.0,0.0,0.0,0.139641,0.059631,0.0,0.0,0.0,0.0,0.0,0.14167,0.047148,0.077161,0.0,0.0,0.0,0.0,0.030324,0.023678,0.028359,0.019662,0.038172,0.0,0.106042,0.0,0.103516,0.0,0.137834,0.0,0.0,0.0,0.0,0.0,0.0,0.0,0.012989
2020-10-19,0.034307,0.0,0.0,0.0,0.0,0.0,0.0,0.0,0.0,0.0,0.139137,0.059077,0.0,0.0,0.0,0.0,0.0,0.141293,0.04701,0.076148,0.0,0.0,0.0,0.0,0.03003,0.023766,0.028339,0.019621,0.038454,0.0,0.105627,0.0,0.105172,0.0,0.138915,0.0,0.0,0.0,0.0,0.0,0.0,0.0,0.013103
2020-10-20,0.033631,0.0,0.0,0.0,0.0,0.0,0.0,0.0,0.0,0.0,0.138407,0.05872,0.0,0.0,0.0,0.0,0.0,0.141326,0.046498,0.075767,0.0,0.0,0.0,0.0,0.029737,0.023414,0.027814,0.019184,0.038303,0.0,0.107098,0.0,0.105811,0.0,0.14136,0.0,0.0,0.0,0.0,0.0,0.0,0.0,0.01293
2020-10-21,0.033621,0.0,0.0,0.0,0.0,0.0,0.0,0.0,0.0,0.0,0.137758,0.059753,0.0,0.0,0.0,0.0,0.0,0.139825,0.046357,0.073559,0.0,0.0,0.0,0.0,0.029715,0.023275,0.027784,0.018925,0.038122,0.0,0.106327,0.0,0.107135,0.0,0.144902,0.0,0.0,0.0,0.0,0.0,0.0,0.0,0.01294
2020-10-22,0.033583,0.0,0.0,0.0,0.0,0.0,0.0,0.0,0.0,0.0,0.138368,0.060286,0.0,0.0,0.0,0.0,0.0,0.140339,0.046723,0.071864,0.0,0.0,0.0,0.0,0.029645,0.02334,0.027725,0.018932,0.038305,0.0,0.107259,0.0,0.105868,0.0,0.144792,0.0,0.0,0.0,0.0,0.0,0.0,0.0,0.01297
2020-10-23,0.033569,0.0,0.0,0.0,0.0,0.0,0.0,0.0,0.0,0.0,0.138847,0.060534,0.0,0.0,0.0,0.0,0.0,0.141293,0.046646,0.073036,0.0,0.0,0.0,0.0,0.029457,0.023136,0.027806,0.018875,0.038104,0.0,0.105643,0.0,0.105219,0.0,0.144934,0.0,0.0,0.0,0.0,0.0,0.0,0.0,0.012902
2020-10-26,0.03365,0.0,0.0,0.0,0.0,0.0,0.0,0.0,0.0,0.0,0.138952,0.060414,0.0,0.0,0.0,0.0,0.0,0.140654,0.046406,0.071795,0.0,0.0,0.0,0.0,0.029405,0.023095,0.027671,0.018894,0.038049,0.0,0.107641,0.0,0.105817,0.0,0.144392,0.0,0.0,0.0,0.0,0.0,0.0,0.0,0.013164
2020-10-27,0.033701,0.0,0.0,0.0,0.0,0.0,0.0,0.0,0.0,0.0,0.138992,0.060848,0.0,0.0,0.0,0.0,0.0,0.138724,0.046001,0.070597,0.0,0.0,0.0,0.0,0.029574,0.023022,0.027945,0.018909,0.038212,0.0,0.10941,0.0,0.106459,0.0,0.144436,0.0,0.0,0.0,0.0,0.0,0.0,0.0,0.013171
2020-10-28,0.033794,0.0,0.0,0.0,0.0,0.0,0.0,0.0,0.0,0.0,0.138849,0.060306,0.0,0.0,0.0,0.0,0.0,0.136998,0.046114,0.072363,0.0,0.0,0.0,0.0,0.029214,0.022972,0.027821,0.018941,0.038313,0.0,0.111335,0.0,0.10523,0.0,0.144166,0.0,0.0,0.0,0.0,0.0,0.0,0.0,0.013586
2020-10-29,0.033363,0.0,0.0,0.0,0.0,0.0,0.0,0.0,0.0,0.0,0.138078,0.061095,0.0,0.0,0.0,0.0,0.0,0.138386,0.046511,0.07093,0.0,0.0,0.0,0.0,0.02935,0.023276,0.027648,0.01863,0.038366,0.0,0.112939,0.0,0.103653,0.0,0.144345,0.0,0.0,0.0,0.0,0.0,0.0,0.0,0.013432
2020-10-30,0.0,0.0,0.0,0.0,0.0,0.0,0.0,0.081964,0.040541,0.028719,0.147656,0.0,0.0,0.0,0.0,0.0,0.0,0.09969,0.014308,0.151339,0.0,0.011091,0.0,0.0,0.0,0.033759,0.030162,0.0,0.07738,0.0,0.151496,0.0,0.037236,0.0,0.073224,0.0,0.0,0.0,0.0,0.0,0.0,0.0,0.021436
2020-11-02,0.0,0.0,0.0,0.0,0.0,0.0,0.0,0.080968,0.040283,0.028773,0.146466,0.0,0.0,0.0,0.0,0.0,0.0,0.0988,0.014561,0.153726,0.0,0.010923,0.0,0.0,0.0,0.033368,0.029515,0.0,0.076873,0.0,0.1544,0.0,0.037374,0.0,0.072858,0.0,0.0,0.0,0.0,0.0,0.0,0.0,0.021112
2020-11-03,0.0,0.0,0.0,0.0,0.0,0.0,0.0,0.080058,0.039997,0.028852,0.146918,0.0,0.0,0.0,0.0,0.0,0.0,0.099906,0.014514,0.153353,0.0,0.011011,0.0,0.0,0.0,0.033367,0.029579,0.0,0.077338,0.0,0.153646,0.0,0.036731,0.0,0.07401,0.0,0.0,0.0,0.0,0.0,0.0,0.0,0.020719
2020-11-04,0.0,0.0,0.0,0.0,0.0,0.0,0.0,0.080751,0.039898,0.028926,0.147432,0.0,0.0,0.0,0.0,0.0,0.0,0.096699,0.014019,0.158367,0.0,0.011486,0.0,0.0,0.0,0.033933,0.030467,0.0,0.077239,0.0,0.152874,0.0,0.03577,0.0,0.071784,0.0,0.0,0.0,0.0,0.0,0.0,0.0,0.020355
2020-11-05,0.0,0.0,0.0,0.0,0.0,0.0,0.0,0.079529,0.039083,0.028791,0.146145,0.0,0.0,0.0,0.0,0.0,0.0,0.096438,0.014187,0.154117,0.0,0.011158,0.0,0.0,0.0,0.034475,0.030305,0.0,0.07719,0.0,0.160028,0.0,0.036922,0.0,0.071841,0.0,0.0,0.0,0.0,0.0,0.0,0.0,0.019791
2020-11-06,0.0,0.0,0.0,0.0,0.0,0.0,0.0,0.080444,0.039202,0.028766,0.146058,0.0,0.0,0.0,0.0,0.0,0.0,0.096098,0.014257,0.150502,0.0,0.010914,0.0,0.0,0.0,0.035122,0.030607,0.0,0.077195,0.0,0.159926,0.0,0.037294,0.0,0.07378,0.0,0.0,0.0,0.0,0.0,0.0,0.0,0.019835
2020-11-09,0.0,0.0,0.0,0.0,0.0,0.0,0.0,0.082468,0.039629,0.029094,0.145804,0.0,0.0,0.0,0.0,0.0,0.0,0.098596,0.0146,0.140214,0.0,0.010977,0.0,0.0,0.0,0.034766,0.029547,0.0,0.07923,0.0,0.164666,0.0,0.035326,0.0,0.07522,0.0,0.0,0.0,0.0,0.0,0.0,0.0,0.019864
2020-11-10,0.0,0.0,0.0,0.0,0.0,0.0,0.0,0.081529,0.03947,0.029397,0.145468,0.0,0.0,0.0,0.0,0.0,0.0,0.100494,0.01479,0.147357,0.0,0.011135,0.0,0.0,0.0,0.033765,0.028628,0.0,0.077177,0.0,0.160991,0.0,0.03526,0.0,0.07465,0.0,0.0,0.0,0.0,0.0,0.0,0.0,0.019888
2020-11-11,0.0,0.0,0.0,0.0,0.0,0.0,0.0,0.081607,0.039856,0.029635,0.145991,0.0,0.0,0.0,0.0,0.0,0.0,0.099145,0.014495,0.148993,0.0,0.011233,0.0,0.0,0.0,0.034803,0.029278,0.0,0.077942,0.0,0.158057,0.0,0.03522,0.0,0.073953,0.0,0.0,0.0,0.0,0.0,0.0,0.0,0.019793
2020-11-12,0.0,0.0,0.0,0.0,0.0,0.0,0.0,0.081282,0.04005,0.029608,0.145308,0.0,0.0,0.0,0.0,0.0,0.0,0.098666,0.014315,0.147491,0.0,0.011339,0.0,0.0,0.0,0.034677,0.029472,0.0,0.078058,0.0,0.159553,0.0,0.035578,0.0,0.074638,0.0,0.0,0.0,0.0,0.0,0.0,0.0,0.019966
2020-11-13,0.0,0.0,0.0,0.0,0.0,0.0,0.0,0.081172,0.039861,0.02978,0.145032,0.0,0.0,0.0,0.0,0.0,0.0,0.099035,0.014302,0.147975,0.0,0.011254,0.0,0.0,0.0,0.034476,0.029055,0.0,0.077943,0.0,0.160403,0.0,0.035486,0.0,0.074616,0.0,0.0,0.0,0.0,0.0,0.0,0.0,0.019609
2020-11-16,0.0,0.0,0.0,0.0,0.0,0.0,0.0,0.080719,0.039953,0.029853,0.14456,0.0,0.0,0.0,0.0,0.0,0.0,0.099888,0.014349,0.147341,0.0,0.011126,0.0,0.0,0.0,0.034763,0.028563,0.0,0.078143,0.0,0.160122,0.0,0.035096,0.0,0.076232,0.0,0.0,0.0,0.0,0.0,0.0,0.0,0.019292
2020-11-17,0.0,0.0,0.0,0.0,0.0,0.0,0.0,0.080798,0.04005,0.029912,0.144323,0.0,0.0,0.0,0.0,0.0,0.0,0.100479,0.014333,0.147596,0.0,0.011252,0.0,0.0,0.0,0.034567,0.02892,0.0,0.077743,0.0,0.1594,0.0,0.03476,0.0,0.076524,0.0,0.0,0.0,0.0,0.0,0.0,0.0,0.019342
2020-11-18,0.0,0.0,0.0,0.0,0.0,0.0,0.0,0.081058,0.040573,0.030049,0.144071,0.0,0.0,0.0,0.0,0.0,0.0,0.100324,0.014287,0.14838,0.0,0.011096,0.0,0.0,0.0,0.034486,0.028861,0.0,0.078016,0.0,0.15786,0.0,0.034647,0.0,0.076856,0.0,0.0,0.0,0.0,0.0,0.0,0.0,0.019436
2020-11-19,0.0,0.0,0.0,0.0,0.0,0.0,0.0,0.080514,0.040461,0.029858,0.144323,0.0,0.0,0.0,0.0,0.0,0.0,0.099964,0.014302,0.148698,0.0,0.011126,0.0,0.0,0.0,0.034884,0.029298,0.0,0.078172,0.0,0.158566,0.0,0.034338,0.0,0.076119,0.0,0.0,0.0,0.0,0.0,0.0,0.0,0.019379
2020-11-20,0.0,0.0,0.0,0.0,0.0,0.0,0.0,0.080254,0.040254,0.029777,0.143065,0.0,0.0,0.0,0.0,0.0,0.0,0.098678,0.014239,0.147471,0.0,0.011173,0.0,0.0,0.0,0.0346,0.029172,0.0,0.078176,0.0,0.161748,0.0,0.034324,0.0,0.077756,0.0,0.0,0.0,0.0,0.0,0.0,0.0,0.019311
2020-11-23,0.0,0.0,0.0,0.0,0.0,0.0,0.0,0.079401,0.040079,0.029935,0.142632,0.0,0.0,0.0,0.0,0.0,0.0,0.098796,0.014159,0.1492,0.0,0.011057,0.0,0.0,0.0,0.034606,0.028729,0.0,0.07734,0.0,0.164343,0.0,0.033005,0.0,0.077676,0.0,0.0,0.0,0.0,0.0,0.0,0.0,0.019042
2020-11-24,0.0,0.0,0.0,0.0,0.0,0.0,0.0,0.079684,0.039657,0.030042,0.142886,0.0,0.0,0.0,0.0,0.0,0.0,0.099885,0.014324,0.144724,0.0,0.010878,0.0,0.0,0.0,0.034346,0.028433,0.0,0.077347,0.0,0.167649,0.0,0.032134,0.0,0.079215,0.0,0.0,0.0,0.0,0.0,0.0,0.0,0.018796
2020-11-25,0.0,0.0,0.0,0.0,0.0,0.0,0.0,0.079373,0.039537,0.029979,0.143971,0.0,0.0,0.0,0.0,0.0,0.0,0.099828,0.014265,0.145879,0.0,0.011013,0.0,0.0,0.0,0.034489,0.028931,0.0,0.077816,0.0,0.164439,0.0,0.032474,0.0,0.079089,0.0,0.0,0.0,0.0,0.0,0.0,0.0,0.018916
2020-11-26,0.0,0.0,0.0,0.0,0.0,0.0,0.0,0.079374,0.039538,0.02998,0.143972,0.0,0.0,0.0,0.0,0.0,0.0,0.099829,0.014265,0.14588,0.0,0.011013,0.0,0.0,0.0,0.034489,0.028931,0.0,0.077816,0.0,0.164439,0.0,0.032474,0.0,0.079089,0.0,0.0,0.0,0.0,0.0,0.0,0.0,0.018912
2020-11-27,0.0,0.0,0.0,0.0,0.0,0.0,0.0,0.07926,0.039639,0.030262,0.143529,0.0,0.0,0.0,0.0,0.0,0.0,0.098773,0.014264,0.145528,0.0,0.011356,0.0,0.0,0.0,0.034718,0.029238,0.0,0.07849,0.0,0.16423,0.0,0.031308,0.0,0.080591,0.0,0.0,0.0,0.0,0.0,0.0,0.0,0.018812
2020-11-30,0.0,0.0,0.0,0.0,0.049188,0.024964,0.0,0.052456,0.031575,0.027604,0.064121,0.0,0.0,0.0,0.0,0.0,0.022058,0.115226,0.021537,0.079945,0.0,0.0,0.0,0.014473,0.0,0.04764,0.0,0.0,0.089113,0.0,0.137168,0.0,0.074904,0.0,0.137209,0.0,0.0,0.0,0.0,0.0,0.0,0.0,0.01082
2020-12-01,0.0,0.0,0.0,0.0,0.049317,0.02476,0.0,0.053232,0.031617,0.027693,0.063567,0.0,0.0,0.0,0.0,0.0,0.021651,0.113918,0.021426,0.077586,0.0,0.0,0.0,0.014342,0.0,0.047653,0.0,0.0,0.089768,0.0,0.136917,0.0,0.078085,0.0,0.137825,0.0,0.0,0.0,0.0,0.0,0.0,0.0,0.010643
2020-12-02,0.0,0.0,0.0,0.0,0.049469,0.024651,0.0,0.05316,0.031869,0.028257,0.06327,0.0,0.0,0.0,0.0,0.0,0.021715,0.114553,0.021185,0.075666,0.0,0.0,0.0,0.01446,0.0,0.047869,0.0,0.0,0.089772,0.0,0.135632,0.0,0.078314,0.0,0.1395,0.0,0.0,0.0,0.0,0.0,0.0,0.0,0.01066
2020-12-03,0.0,0.0,0.0,0.0,0.0498,0.024698,0.0,0.052999,0.031987,0.028542,0.062985,0.0,0.0,0.0,0.0,0.0,0.021614,0.114043,0.020885,0.077438,0.0,0.0,0.0,0.014206,0.0,0.047582,0.0,0.0,0.089119,0.0,0.134595,0.0,0.078093,0.0,0.140828,0.0,0.0,0.0,0.0,0.0,0.0,0.0,0.010585
2020-12-04,0.0,0.0,0.0,0.0,0.049435,0.024381,0.0,0.052792,0.032164,0.02894,0.062205,0.0,0.0,0.0,0.0,0.0,0.02158,0.113889,0.021023,0.075509,0.0,0.0,0.0,0.013877,0.0,0.048228,0.0,0.0,0.088883,0.0,0.136199,0.0,0.077224,0.0,0.143228,0.0,0.0,0.0,0.0,0.0,0.0,0.0,0.010443
2020-12-07,0.0,0.0,0.0,0.0,0.04952,0.024214,0.0,0.053086,0.032181,0.028944,0.061952,0.0,0.0,0.0,0.0,0.0,0.021437,0.113504,0.020848,0.077027,0.0,0.0,0.0,0.01393,0.0,0.048386,0.0,0.0,0.087368,0.0,0.138361,0.0,0.078252,0.0,0.140568,0.0,0.0,0.0,0.0,0.0,0.0,0.0,0.010422
2020-12-08,0.0,0.0,0.0,0.0,0.04925,0.024245,0.0,0.053127,0.032306,0.028276,0.061709,0.0,0.0,0.0,0.0,0.0,0.021502,0.113825,0.020926,0.075002,0.0,0.0,0.0,0.013862,0.0,0.048453,0.0,0.0,0.087613,0.0,0.14172,0.0,0.078108,0.0,0.139673,0.0,0.0,0.0,0.0,0.0,0.0,0.0,0.010403
2020-12-09,0.0,0.0,0.0,0.0,0.049507,0.024033,0.0,0.053511,0.032423,0.02879,0.062145,0.0,0.0,0.0,0.0,0.0,0.021723,0.11512,0.021106,0.075909,0.0,0.0,0.0,0.013949,0.0,0.047465,0.0,0.0,0.08777,0.0,0.139062,0.0,0.076699,0.0,0.1403,0.0,0.0,0.0,0.0,0.0,0.0,0.0,0.010489
2020-12-10,0.0,0.0,0.0,0.0,0.049633,0.024278,0.0,0.053686,0.032265,0.028971,0.061857,0.0,0.0,0.0,0.0,0.0,0.021436,0.113555,0.020898,0.075749,0.0,0.0,0.0,0.013825,0.0,0.047221,0.0,0.0,0.087442,0.0,0.139582,0.0,0.076721,0.0,0.142431,0.0,0.0,0.0,0.0,0.0,0.0,0.0,0.010449
2020-12-11,0.0,0.0,0.0,0.0,0.049848,0.024235,0.0,0.053927,0.032454,0.028981,0.06203,0.0,0.0,0.0,0.0,0.0,0.02165,0.114322,0.020936,0.076186,0.0,0.0,0.0,0.013953,0.0,0.047118,0.0,0.0,0.087779,0.0,0.138164,0.0,0.077097,0.0,0.140789,0.0,0.0,0.0,0.0,0.0,0.0,0.0,0.01053
2020-12-14,0.0,0.0,0.0,0.0,0.049753,0.024113,0.0,0.053934,0.032497,0.028847,0.062176,0.0,0.0,0.0,0.0,0.0,0.021388,0.111774,0.020688,0.076611,0.0,0.0,0.0,0.013893,0.0,0.047686,0.0,0.0,0.088486,0.0,0.140485,0.0,0.076818,0.0,0.140316,0.0,0.0,0.0,0.0,0.0,0.0,0.0,0.010537
2020-12-15,0.0,0.0,0.0,0.0,0.049087,0.023856,0.0,0.05393,0.032137,0.028828,0.062073,0.0,0.0,0.0,0.0,0.0,0.021362,0.111052,0.020749,0.076401,0.0,0.0,0.0,0.013955,0.0,0.047628,0.0,0.0,0.088083,0.0,0.141614,0.0,0.077856,0.0,0.141007,0.0,0.0,0.0,0.0,0.0,0.0,0.0,0.01038
2020-12-16,0.0,0.0,0.0,0.0,0.049268,0.023946,0.0,0.05363,0.032254,0.028486,0.062213,0.0,0.0,0.0,0.0,0.0,0.021139,0.110587,0.020602,0.076061,0.0,0.0,0.0,0.013735,0.0,0.047452,0.0,0.0,0.087437,0.0,0.141309,0.0,0.080311,0.0,0.141231,0.0,0.0,0.0,0.0,0.0,0.0,0.0,0.010337
2020-12-17,0.0,0.0,0.0,0.0,0.048906,0.023879,0.0,0.053287,0.031713,0.028029,0.061776,0.0,0.0,0.0,0.0,0.0,0.020976,0.110339,0.020553,0.077942,0.0,0.0,0.0,0.013637,0.0,0.046886,0.0,0.0,0.08735,0.0,0.140035,0.0,0.080985,0.0,0.143513,0.0,0.0,0.0,0.0,0.0,0.0,0.0,0.010193
2020-12-18,0.0,0.0,0.0,0.0,0.048997,0.023888,0.0,0.053396,0.031647,0.02789,0.06154,0.0,0.0,0.0,0.0,0.0,0.021,0.109705,0.020666,0.078374,0.0,0.0,0.0,0.013534,0.0,0.046656,0.0,0.0,0.087121,0.0,0.141914,0.0,0.080431,0.0,0.143037,0.0,0.0,0.0,0.0,0.0,0.0,0.0,0.010204
2020-12-21,0.0,0.0,0.0,0.0,0.048341,0.023772,0.0,0.051583,0.031691,0.027621,0.060836,0.0,0.0,0.0,0.0,0.0,0.02087,0.109144,0.020554,0.077863,0.0,0.0,0.0,0.013368,0.0,0.046441,0.0,0.0,0.08663,0.0,0.146576,0.0,0.081828,0.0,0.142679,0.0,0.0,0.0,0.0,0.0,0.0,0.0,0.010203
2020-12-22,0.0,0.0,0.0,0.0,0.048459,0.023786,0.0,0.052427,0.031593,0.027417,0.061083,0.0,0.0,0.0,0.0,0.0,0.020947,0.109831,0.020599,0.07883,0.0,0.0,0.0,0.013454,0.0,0.046762,0.0,0.0,0.087921,0.0,0.147158,0.0,0.079301,0.0,0.140148,0.0,0.0,0.0,0.0,0.0,0.0,0.0,0.010284
2020-12-23,0.0,0.0,0.0,0.0,0.04848,0.023695,0.0,0.05282,0.03145,0.027717,0.06063,0.0,0.0,0.0,0.0,0.0,0.020856,0.109176,0.02043,0.076957,0.0,0.0,0.0,0.013299,0.0,0.045967,0.0,0.0,0.087743,0.0,0.14778,0.0,0.079782,0.0,0.14303,0.0,0.0,0.0,0.0,0.0,0.0,0.0,0.010188
2020-12-24,0.0,0.0,0.0,0.0,0.048266,0.022996,0.0,0.053242,0.031752,0.02811,0.060619,0.0,0.0,0.0,0.0,0.0,0.020811,0.10895,0.020513,0.078034,0.0,0.0,0.0,0.013363,0.0,0.046272,0.0,0.0,0.087227,0.0,0.146261,0.0,0.080137,0.0,0.143282,0.0,0.0,0.0,0.0,0.0,0.0,0.0,0.010165
2020-12-28,0.0,0.0,0.0,0.0,0.047885,0.02275,0.0,0.053305,0.031799,0.028149,0.060827,0.0,0.0,0.0,0.0,0.0,0.020673,0.108242,0.020272,0.075924,0.0,0.0,0.0,0.013316,0.0,0.045857,0.0,0.0,0.086986,0.0,0.149003,0.0,0.081065,0.0,0.143862,0.0,0.0,0.0,0.0,0.0,0.0,0.0,0.010086
2020-12-29,0.0,0.0,0.0,0.0,0.048724,0.023353,0.0,0.053705,0.03199,0.028809,0.061072,0.0,0.0,0.0,0.0,0.0,0.020625,0.107897,0.020299,0.075657,0.0,0.0,0.0,0.013363,0.0,0.045909,0.0,0.0,0.087625,0.0,0.145696,0.0,0.081233,0.0,0.143919,0.0,0.0,0.0,0.0,0.0,0.0,0.0,0.010123
2020-12-30,0.0,0.0,0.0,0.0,0.04859,0.023477,0.0,0.053121,0.031927,0.028865,0.060422,0.0,0.0,0.0,0.0,0.0,0.020413,0.106377,0.020238,0.074589,0.0,0.0,0.0,0.013208,0.0,0.045905,0.0,0.0,0.086537,0.0,0.150882,0.0,0.0811,0.0,0.144394,0.0,0.0,0.0,0.0,0.0,0.0,0.0,0.009954
2020-12-31,0.0,0.0,0.0,0.0,0.085671,0.0,0.0,0.051616,0.053227,0.037089,0.050633,0.0,0.0,0.0,0.0,0.0,0.03782,0.104806,0.084152,0.026459,0.0,0.034066,0.0,0.0,0.0,0.069772,0.0,0.0,0.0697,0.0,0.143543,0.0,0.0,0.0,0.143423,0.0,0.0,0.0,0.0,0.0,0.0,0.0,0.008022
2021-01-04,0.0,0.0,0.0,0.0,0.084902,0.0,0.0,0.051017,0.053184,0.037541,0.049511,0.0,0.0,0.0,0.0,0.0,0.036396,0.101248,0.082198,0.025635,0.0,0.033636,0.0,0.0,0.0,0.06852,0.0,0.0,0.068457,0.0,0.151646,0.0,0.0,0.0,0.148196,0.0,0.0,0.0,0.0,0.0,0.0,0.0,0.007911
2021-01-05,0.0,0.0,0.0,0.0,0.083785,0.0,0.0,0.050685,0.053008,0.037551,0.048675,0.0,0.0,0.0,0.0,0.0,0.035866,0.09978,0.082012,0.024915,0.0,0.032706,0.0,0.0,0.0,0.06823,0.0,0.0,0.067996,0.0,0.15923,0.0,0.0,0.0,0.147842,0.0,0.0,0.0,0.0,0.0,0.0,0.0,0.007719
2021-01-06,0.0,0.0,0.0,0.0,0.083584,0.0,0.0,0.050172,0.05261,0.037235,0.048829,0.0,0.0,0.0,0.0,0.0,0.036465,0.101737,0.084774,0.025,0.0,0.033142,0.0,0.0,0.0,0.067535,0.0,0.0,0.067623,0.0,0.154198,0.0,0.0,0.0,0.14943,0.0,0.0,0.0,0.0,0.0,0.0,0.0,0.007664
2021-01-07,0.0,0.0,0.0,0.0,0.081712,0.0,0.0,0.04886,0.052382,0.037116,0.048696,0.0,0.0,0.0,0.0,0.0,0.035872,0.100439,0.083561,0.025169,0.0,0.033758,0.0,0.0,0.0,0.068568,0.0,0.0,0.067164,0.0,0.157261,0.0,0.0,0.0,0.151942,0.0,0.0,0.0,0.0,0.0,0.0,0.0,0.007499
2021-01-08,0.0,0.0,0.0,0.0,0.083868,0.0,0.0,0.049985,0.052729,0.038755,0.049673,0.0,0.0,0.0,0.0,0.0,0.035765,0.100923,0.083114,0.024478,0.0,0.033815,0.0,0.0,0.0,0.068568,0.0,0.0,0.06758,0.0,0.1536,0.0,0.0,0.0,0.149653,0.0,0.0,0.0,0.0,0.0,0.0,0.0,0.007496
2021-01-11,0.0,0.0,0.0,0.0,0.084257,0.0,0.0,0.050248,0.053537,0.038842,0.049274,0.0,0.0,0.0,0.0,0.0,0.036141,0.101981,0.084015,0.025164,0.0,0.033843,0.0,0.0,0.0,0.070013,0.0,0.0,0.067916,0.0,0.151673,0.0,0.0,0.0,0.145519,0.0,0.0,0.0,0.0,0.0,0.0,0.0,0.007576
2021-01-12,0.0,0.0,0.0,0.0,0.083828,0.0,0.0,0.050034,0.052987,0.03802,0.049373,0.0,0.0,0.0,0.0,0.0,0.036023,0.102061,0.083968,0.025061,0.0,0.033692,0.0,0.0,0.0,0.069517,0.0,0.0,0.0674,0.0,0.154167,0.0,0.0,0.0,0.146392,0.0,0.0,0.0,0.0,0.0,0.0,0.0,0.007477
2021-01-13,0.0,0.0,0.0,0.0,0.084183,0.0,0.0,0.050188,0.054042,0.038276,0.049713,0.0,0.0,0.0,0.0,0.0,0.03596,0.102131,0.083688,0.02515,0.0,0.033748,0.0,0.0,0.0,0.070113,0.0,0.0,0.067927,0.0,0.152253,0.0,0.0,0.0,0.145101,0.0,0.0,0.0,0.0,0.0,0.0,0.0,0.007528
2021-01-14,0.0,0.0,0.0,0.0,0.085027,0.0,0.0,0.050017,0.054379,0.038283,0.049063,0.0,0.0,0.0,0.0,0.0,0.035841,0.102559,0.082842,0.025029,0.0,0.034617,0.0,0.0,0.0,0.071116,0.0,0.0,0.069156,0.0,0.149237,0.0,0.0,0.0,0.145356,0.0,0.0,0.0,0.0,0.0,0.0,0.0,0.007477
2021-01-15,0.0,0.0,0.0,0.0,0.085198,0.0,0.0,0.049881,0.054371,0.037695,0.049512,0.0,0.0,0.0,0.0,0.0,0.035976,0.102959,0.083048,0.025607,0.0,0.034815,0.0,0.0,0.0,0.070853,0.0,0.0,0.068855,0.0,0.150189,0.0,0.0,0.0,0.143436,0.0,0.0,0.0,0.0,0.0,0.0,0.0,0.007604
2021-01-18,0.0,0.0,0.0,0.0,0.085398,0.0,0.0,0.04987,0.054359,0.037687,0.049501,0.0,0.0,0.0,0.0,0.0,0.035968,0.102937,0.08303,0.025601,0.0,0.034808,0.0,0.0,0.0,0.070838,0.0,0.0,0.06884,0.0,0.150156,0.0,0.0,0.0,0.143405,0.0,0.0,0.0,0.0,0.0,0.0,0.0,0.007603
2021-01-19,0.0,0.0,0.0,0.0,0.085284,0.0,0.0,0.049522,0.054294,0.037458,0.049266,0.0,0.0,0.0,0.0,0.0,0.035712,0.101504,0.082453,0.02583,0.0,0.035012,0.0,0.0,0.0,0.072508,0.0,0.0,0.069271,0.0,0.150624,0.0,0.0,0.0,0.143736,0.0,0.0,0.0,0.0,0.0,0.0,0.0,0.007525
2021-01-20,0.0,0.0,0.0,0.0,0.085516,0.0,0.0,0.049893,0.053571,0.037476,0.049536,0.0,0.0,0.0,0.0,0.0,0.03546,0.101828,0.081638,0.026553,0.0,0.034531,0.0,0.0,0.0,0.071299,0.0,0.0,0.069373,0.0,0.151563,0.0,0.0,0.0,0.144338,0.0,0.0,0.0,0.0,0.0,0.0,0.0,0.007425
2021-01-21,0.0,0.0,0.0,0.0,0.08584,0.0,0.0,0.049575,0.054399,0.038256,0.049675,0.0,0.0,0.0,0.0,0.0,0.035118,0.099958,0.080295,0.026898,0.0,0.033719,0.0,0.0,0.0,0.072196,0.0,0.0,0.069225,0.0,0.153148,0.0,0.0,0.0,0.14429,0.0,0.0,0.0,0.0,0.0,0.0,0.0,0.007411
2021-01-22,0.0,0.0,0.0,0.0,0.085429,0.0,0.0,0.049366,0.054553,0.037619,0.049833,0.0,0.0,0.0,0.0,0.0,0.035167,0.100323,0.080437,0.027349,0.0,0.034342,0.0,0.0,0.0,0.071441,0.0,0.0,0.069311,0.0,0.154981,0.0,0.0,0.0,0.142388,0.0,0.0,0.0,0.0,0.0,0.0,0.0,0.007458
2021-01-25,0.0,0.0,0.0,0.0,0.085938,0.0,0.0,0.048584,0.054428,0.03842,0.050048,0.0,0.0,0.0,0.0,0.0,0.03495,0.100291,0.080063,0.027481,0.0,0.035395,0.0,0.0,0.0,0.071587,0.0,0.0,0.069686,0.0,0.155831,0.0,0.0,0.0,0.139836,0.0,0.0,0.0,0.0,0.0,0.0,0.0,0.007464
2021-01-26,0.0,0.0,0.0,0.0,0.086367,0.0,0.0,0.049102,0.05438,0.038235,0.050562,0.0,0.0,0.0,0.0,0.0,0.035006,0.099776,0.079822,0.027344,0.0,0.035153,0.0,0.0,0.0,0.071194,0.0,0.0,0.07017,0.0,0.156245,0.0,0.0,0.0,0.139096,0.0,0.0,0.0,0.0,0.0,0.0,0.0,0.007547
2021-01-27,0.0,0.0,0.0,0.0,0.087492,0.0,0.0,0.049578,0.055107,0.037991,0.050535,0.0,0.0,0.0,0.0,0.0,0.035384,0.09981,0.079892,0.027536,0.0,0.035763,0.0,0.0,0.0,0.069608,0.0,0.0,0.071322,0.0,0.155772,0.0,0.0,0.0,0.13643,0.0,0.0,0.0,0.0,0.0,0.0,0.0,0.007779
2021-01-28,0.0,0.0,0.0,0.0,0.086417,0.0,0.0,0.049875,0.055063,0.03818,0.050228,0.0,0.0,0.0,0.0,0.0,0.035579,0.100079,0.08052,0.027305,0.0,0.035281,0.0,0.0,0.0,0.070481,0.0,0.0,0.070343,0.0,0.153224,0.0,0.0,0.0,0.139717,0.0,0.0,0.0,0.0,0.0,0.0,0.0,0.007709
2021-01-29,0.0,0.0,0.0,0.0,0.0,0.0,0.047458,0.064283,0.019901,0.076377,0.0,0.0,0.0,0.030897,0.0,0.0,0.078519,0.081654,0.0,0.0,0.0,0.035364,0.010759,0.0,0.0,0.026083,0.0,0.065806,0.068273,0.0,0.160545,0.0,0.039491,0.0,0.160781,0.0,0.0,0.0,0.0,0.0,0.0,0.0,0.033808
2021-02-01,0.0,0.0,0.0,0.0,0.0,0.0,0.04705,0.064918,0.019761,0.07715,0.0,0.0,0.0,0.030524,0.0,0.0,0.077009,0.080373,0.0,0.0,0.0,0.035841,0.010453,0.0,0.0,0.026318,0.0,0.06507,0.067701,0.0,0.158381,0.0,0.041048,0.0,0.165579,0.0,0.0,0.0,0.0,0.0,0.0,0.0,0.032824
2021-02-02,0.0,0.0,0.0,0.0,0.0,0.0,0.047468,0.065626,0.019963,0.076602,0.0,0.0,0.0,0.030784,0.0,0.0,0.077654,0.080994,0.0,0.0,0.0,0.036192,0.010391,0.0,0.0,0.026408,0.0,0.065571,0.067794,0.0,0.163354,0.0,0.037168,0.0,0.161624,0.0,0.0,0.0,0.0,0.0,0.0,0.0,0.032408
2021-02-03,0.0,0.0,0.0,0.0,0.0,0.0,0.047932,0.066128,0.019863,0.077289,0.0,0.0,0.0,0.031033,0.0,0.0,0.077704,0.080984,0.0,0.0,0.0,0.03571,0.010406,0.0,0.0,0.025871,0.0,0.063874,0.067406,0.0,0.162668,0.0,0.037758,0.0,0.162968,0.0,0.0,0.0,0.0,0.0,0.0,0.0,0.032406
2021-02-04,0.0,0.0,0.0,0.0,0.0,0.0,0.047269,0.066539,0.019968,0.076228,0.0,0.0,0.0,0.032001,0.0,0.0,0.078653,0.082308,0.0,0.0,0.0,0.036139,0.010497,0.0,0.0,0.026121,0.0,0.065146,0.067388,0.0,0.159685,0.0,0.03713,0.0,0.162477,0.0,0.0,0.0,0.0,0.0,0.0,0.0,0.032451
2021-02-05,0.0,0.0,0.0,0.0,0.0,0.0,0.04788,0.066003,0.019851,0.076728,0.0,0.0,0.0,0.031695,0.0,0.0,0.078478,0.082199,0.0,0.0,0.0,0.036731,0.01051,0.0,0.0,0.025733,0.0,0.064735,0.067325,0.0,0.157676,0.0,0.037538,0.0,0.164724,0.0,0.0,0.0,0.0,0.0,0.0,0.0,0.032195
2021-02-08,0.0,0.0,0.0,0.0,0.0,0.0,0.04719,0.065704,0.019689,0.074621,0.0,0.0,0.0,0.0318,0.0,0.0,0.077922,0.081349,0.0,0.0,0.0,0.037725,0.010387,0.0,0.0,0.026095,0.0,0.06421,0.067359,0.0,0.158996,0.0,0.037608,0.0,0.167652,0.0,0.0,0.0,0.0,0.0,0.0,0.0,0.031694
2021-02-09,0.0,0.0,0.0,0.0,0.0,0.0,0.046513,0.065,0.01965,0.074469,0.0,0.0,0.0,0.031873,0.0,0.0,0.077557,0.08141,0.0,0.0,0.0,0.036994,0.010302,0.0,0.0,0.02583,0.0,0.064485,0.067773,0.0,0.161105,0.0,0.037174,0.0,0.168405,0.0,0.0,0.0,0.0,0.0,0.0,0.0,0.031461
2021-02-10,0.0,0.0,0.0,0.0,0.0,0.0,0.046059,0.06494,0.019641,0.074906,0.0,0.0,0.0,0.031856,0.0,0.0,0.077346,0.081284,0.0,0.0,0.0,0.036123,0.010279,0.0,0.0,0.025851,0.0,0.063964,0.067638,0.0,0.160486,0.0,0.036823,0.0,0.17138,0.0,0.0,0.0,0.0,0.0,0.0,0.0,0.031424
2021-02-11,0.0,0.0,0.0,0.0,0.0,0.0,0.046172,0.065328,0.019756,0.075366,0.0,0.0,0.0,0.031497,0.0,0.0,0.076814,0.080859,0.0,0.0,0.0,0.035484,0.010185,0.0,0.0,0.026618,0.0,0.063922,0.0678,0.0,0.16119,0.0,0.036676,0.0,0.171061,0.0,0.0,0.0,0.0,0.0,0.0,0.0,0.031273
2021-02-12,0.0,0.0,0.0,0.0,0.0,0.0,0.046065,0.065064,0.019662,0.07514,0.0,0.0,0.0,0.031615,0.0,0.0,0.07704,0.081879,0.0,0.0,0.0,0.035011,0.010157,0.0,0.0,0.026832,0.0,0.063842,0.067733,0.0,0.161651,0.0,0.03684,0.0,0.17033,0.0,0.0,0.0,0.0,0.0,0.0,0.0,0.031141
2021-02-15,0.0,0.0,0.0,0.0,0.0,0.0,0.046065,0.065064,0.019662,0.07514,0.0,0.0,0.0,0.031615,0.0,0.0,0.07704,0.08188,0.0,0.0,0.0,0.035011,0.010157,0.0,0.0,0.026832,0.0,0.063842,0.067733,0.0,0.161652,0.0,0.03684,0.0,0.170331,0.0,0.0,0.0,0.0,0.0,0.0,0.0,0.031137
2021-02-16,0.0,0.0,0.0,0.0,0.0,0.0,0.045636,0.063969,0.019548,0.073652,0.0,0.0,0.0,0.03187,0.0,0.0,0.075827,0.080768,0.0,0.0,0.0,0.03362,0.009989,0.0,0.0,0.026569,0.0,0.061961,0.066568,0.0,0.165084,0.0,0.036224,0.0,0.178033,0.0,0.0,0.0,0.0,0.0,0.0,0.0,0.030683
2021-02-17,0.0,0.0,0.0,0.0,0.0,0.0,0.045606,0.064407,0.019573,0.073351,0.0,0.0,0.0,0.031921,0.0,0.0,0.075817,0.080358,0.0,0.0,0.0,0.033827,0.010052,0.0,0.0,0.026182,0.0,0.061798,0.065625,0.0,0.162849,0.0,0.036521,0.0,0.181361,0.0,0.0,0.0,0.0,0.0,0.0,0.0,0.030751
2021-02-18,0.0,0.0,0.0,0.0,0.0,0.0,0.045596,0.065141,0.019781,0.073323,0.0,0.0,0.0,0.032043,0.0,0.0,0.076545,0.081308,0.0,0.0,0.0,0.033431,0.010193,0.0,0.0,0.026294,0.0,0.062636,0.065937,0.0,0.154278,0.0,0.036561,0.0,0.185724,0.0,0.0,0.0,0.0,0.0,0.0,0.0,0.031208
2021-02-19,0.0,0.0,0.0,0.0,0.0,0.0,0.044909,0.063636,0.019581,0.073187,0.0,0.0,0.0,0.032383,0.0,0.0,0.076414,0.081327,0.0,0.0,0.0,0.033366,0.009885,0.0,0.0,0.026447,0.0,0.06179,0.065474,0.0,0.151637,0.0,0.036196,0.0,0.193112,0.0,0.0,0.0,0.0,0.0,0.0,0.0,0.030655
2021-02-22,0.0,0.0,0.0,0.0,0.0,0.0,0.042482,0.062957,0.019599,0.071885,0.0,0.0,0.0,0.033231,0.0,0.0,0.077305,0.082584,0.0,0.0,0.0,0.032636,0.009978,0.0,0.0,0.025704,0.0,0.060544,0.064551,0.0,0.147991,0.0,0.03796,0.0,0.199691,0.0,0.0,0.0,0.0,0.0,0.0,0.0,0.030902
2021-02-23,0.0,0.0,0.0,0.0,0.0,0.0,0.04378,0.063825,0.019765,0.072366,0.0,0.0,0.0,0.033664,0.0,0.0,0.077794,0.082965,0.0,0.0,0.0,0.032008,0.010024,0.0,0.0,0.025594,0.0,0.059848,0.063947,0.0,0.14506,0.0,0.037272,0.0,0.201086,0.0,0.0,0.0,0.0,0.0,0.0,0.0,0.031002
2021-02-24,0.0,0.0,0.0,0.0,0.0,0.0,0.043914,0.064004,0.019757,0.071067,0.0,0.0,0.0,0.034396,0.0,0.0,0.078707,0.083743,0.0,0.0,0.0,0.032261,0.009947,0.0,0.0,0.026238,0.0,0.059304,0.063644,0.0,0.146648,0.0,0.037341,0.0,0.198241,0.0,0.0,0.0,0.0,0.0,0.0,0.0,0.030789
2021-02-25,0.0,0.0,0.0,0.0,0.0,0.0,0.043258,0.065166,0.020127,0.072829,0.0,0.0,0.0,0.034661,0.0,0.0,0.080042,0.085205,0.0,0.0,0.0,0.032067,0.010194,0.0,0.0,0.025636,0.0,0.059775,0.063884,0.0,0.140917,0.0,0.037883,0.0,0.196452,0.0,0.0,0.0,0.0,0.0,0.0,0.0,0.031905
2021-02-26,0.0,0.0,0.032508,0.11929,0.042272,0.0,0.0,0.019359,0.073802,0.093721,0.0,0.0,0.0,0.118198,0.0,0.0,0.0,0.0,0.0,0.0,0.0,0.067828,0.0,0.0,0.0,0.039905,0.0,0.038049,0.108476,0.0,0.18692,0.0,0.0,0.0,0.045715,0.0,0.0,0.0,0.0,0.0,0.0,0.0,0.013956
2021-03-01,0.0,0.0,0.032084,0.118936,0.04202,0.0,0.0,0.019257,0.073159,0.09342,0.0,0.0,0.0,0.118792,0.0,0.0,0.0,0.0,0.0,0.0,0.0,0.067453,0.0,0.0,0.0,0.039977,0.0,0.038122,0.107852,0.0,0.189895,0.0,0.0,0.0,0.045487,0.0,0.0,0.0,0.0,0.0,0.0,0.0,0.013547
2021-03-02,0.0,0.0,0.032043,0.118828,0.041887,0.0,0.0,0.019608,0.072713,0.093296,0.0,0.0,0.0,0.120257,0.0,0.0,0.0,0.0,0.0,0.0,0.0,0.065902,0.0,0.0,0.0,0.039112,0.0,0.037867,0.107833,0.0,0.191138,0.0,0.0,0.0,0.045854,0.0,0.0,0.0,0.0,0.0,0.0,0.0,0.013661
2021-03-03,0.0,0.0,0.032297,0.121011,0.042794,0.0,0.0,0.020046,0.073592,0.094326,0.0,0.0,0.0,0.121985,0.0,0.0,0.0,0.0,0.0,0.0,0.0,0.063679,0.0,0.0,0.0,0.038445,0.0,0.03726,0.106201,0.0,0.187854,0.0,0.0,0.0,0.046655,0.0,0.0,0.0,0.0,0.0,0.0,0.0,0.013855
2021-03-04,0.0,0.0,0.03305,0.122975,0.043705,0.0,0.0,0.020507,0.0744,0.095683,0.0,0.0,0.0,0.124299,0.0,0.0,0.0,0.0,0.0,0.0,0.0,0.06367,0.0,0.0,0.0,0.037808,0.0,0.037441,0.106412,0.0,0.180892,0.0,0.0,0.0,0.044842,0.0,0.0,0.0,0.0,0.0,0.0,0.0,0.014316
2021-03-05,0.0,0.0,0.032893,0.119275,0.041932,0.0,0.0,0.02035,0.074217,0.096036,0.0,0.0,0.0,0.125648,0.0,0.0,0.0,0.0,0.0,0.0,0.0,0.064407,0.0,0.0,0.0,0.038445,0.0,0.037027,0.106262,0.0,0.183815,0.0,0.0,0.0,0.045558,0.0,0.0,0.0,0.0,0.0,0.0,0.0,0.014134
2021-03-08,0.0,0.0,0.033018,0.12618,0.042409,0.0,0.0,0.020493,0.07399,0.095079,0.0,0.0,0.0,0.130481,0.0,0.0,0.0,0.0,0.0,0.0,0.0,0.063572,0.0,0.0,0.0,0.036921,0.0,0.037189,0.104586,0.0,0.175717,0.0,0.0,0.0,0.046019,0.0,0.0,0.0,0.0,0.0,0.0,0.0,0.014345
2021-03-09,0.0,0.0,0.032707,0.125008,0.042191,0.0,0.0,0.020483,0.073233,0.093856,0.0,0.0,0.0,0.125882,0.0,0.0,0.0,0.0,0.0,0.0,0.0,0.065183,0.0,0.0,0.0,0.038422,0.0,0.038117,0.105204,0.0,0.180441,0.0,0.0,0.0,0.045214,0.0,0.0,0.0,0.0,0.0,0.0,0.0,0.014057
2021-03-10,0.0,0.0,0.032711,0.12488,0.041814,0.0,0.0,0.02048,0.072656,0.092159,0.0,0.0,0.0,0.128367,0.0,0.0,0.0,0.0,0.0,0.0,0.0,0.065091,0.0,0.0,0.0,0.03757,0.0,0.037862,0.106046,0.0,0.181189,0.0,0.0,0.0,0.045172,0.0,0.0,0.0,0.0,0.0,0.0,0.0,0.014003
2021-03-11,0.0,0.0,0.031645,0.122544,0.041871,0.0,0.0,0.020165,0.072784,0.092284,0.0,0.0,0.0,0.125501,0.0,0.0,0.0,0.0,0.0,0.0,0.0,0.065731,0.0,0.0,0.0,0.038065,0.0,0.037911,0.105119,0.0,0.18649,0.0,0.0,0.0,0.046272,0.0,0.0,0.0,0.0,0.0,0.0,0.0,0.013617
2021-03-12,0.0,0.0,0.032192,0.123714,0.041311,0.0,0.0,0.019821,0.072209,0.091902,0.0,0.0,0.0,0.128239,0.0,0.0,0.0,0.0,0.0,0.0,0.0,0.065797,0.0,0.0,0.0,0.037814,0.0,0.037709,0.105887,0.0,0.183618,0.0,0.0,0.0,0.046118,0.0,0.0,0.0,0.0,0.0,0.0,0.0,0.013671
2021-03-15,0.0,0.0,0.032252,0.124126,0.041223,0.0,0.0,0.019687,0.072452,0.092883,0.0,0.0,0.0,0.126842,0.0,0.0,0.0,0.0,0.0,0.0,0.0,0.066334,0.0,0.0,0.0,0.038477,0.0,0.037895,0.106339,0.0,0.18211,0.0,0.0,0.0,0.045752,0.0,0.0,0.0,0.0,0.0,0.0,0.0,0.013626
2021-03-16,0.0,0.0,0.032499,0.124908,0.041737,0.0,0.0,0.019934,0.073135,0.09345,0.0,0.0,0.0,0.125687,0.0,0.0,0.0,0.0,0.0,0.0,0.0,0.065572,0.0,0.0,0.0,0.039142,0.0,0.037802,0.106322,0.0,0.181114,0.0,0.0,0.0,0.045016,0.0,0.0,0.0,0.0,0.0,0.0,0.0,0.013682
2021-03-17,0.0,0.0,0.03255,0.123153,0.041102,0.0,0.0,0.019589,0.072484,0.093205,0.0,0.0,0.0,0.125935,0.0,0.0,0.0,0.0,0.0,0.0,0.0,0.065987,0.0,0.0,0.0,0.039443,0.0,0.037777,0.10653,0.0,0.183328,0.0,0.0,0.0,0.045304,0.0,0.0,0.0,0.0,0.0,0.0,0.0,0.013612
2021-03-18,0.0,0.0,0.03317,0.126347,0.041975,0.0,0.0,0.01936,0.072387,0.092598,0.0,0.0,0.0,0.128339,0.0,0.0,0.0,0.0,0.0,0.0,0.0,0.063862,0.0,0.0,0.0,0.038426,0.0,0.03714,0.106025,0.0,0.181461,0.0,0.0,0.0,0.045073,0.0,0.0,0.0,0.0,0.0,0.0,0.0,0.013837
2021-03-19,0.0,0.0,0.033305,0.124804,0.041705,0.0,0.0,0.019807,0.072608,0.093622,0.0,0.0,0.0,0.126688,0.0,0.0,0.0,0.0,0.0,0.0,0.0,0.065735,0.0,0.0,0.0,0.038778,0.0,0.037308,0.106551,0.0,0.181039,0.0,0.0,0.0,0.044258,0.0,0.0,0.0,0.0,0.0,0.0,0.0,0.013792
2021-03-22,0.0,0.0,0.033146,0.123894,0.041855,0.0,0.0,0.019887,0.073508,0.09402,0.0,0.0,0.0,0.123184,0.0,0.0,0.0,0.0,0.0,0.0,0.0,0.066808,0.0,0.0,0.0,0.039673,0.0,0.03803,0.106847,0.0,0.18068,0.0,0.0,0.0,0.044648,0.0,0.0,0.0,0.0,0.0,0.0,0.0,0.01382
2021-03-23,0.0,0.0,0.033618,0.126406,0.042531,0.0,0.0,0.020346,0.074694,0.09397,0.0,0.0,0.0,0.122932,0.0,0.0,0.0,0.0,0.0,0.0,0.0,0.064776,0.0,0.0,0.0,0.039775,0.0,0.038835,0.106755,0.0,0.177624,0.0,0.0,0.0,0.043512,0.0,0.0,0.0,0.0,0.0,0.0,0.0,0.014227
2021-03-24,0.0,0.0,0.033753,0.128041,0.042402,0.0,0.0,0.02044,0.075278,0.094877,0.0,0.0,0.0,0.124203,0.0,0.0,0.0,0.0,0.0,0.0,0.0,0.062379,0.0,0.0,0.0,0.039824,0.0,0.038547,0.106671,0.0,0.175669,0.0,0.0,0.0,0.043468,0.0,0.0,0.0,0.0,0.0,0.0,0.0,0.014445
2021-03-25,0.0,0.0,0.033726,0.125421,0.041637,0.0,0.0,0.020034,0.074951,0.095171,0.0,0.0,0.0,0.126178,0.0,0.0,0.0,0.0,0.0,0.0,0.0,0.063404,0.0,0.0,0.0,0.039385,0.0,0.038017,0.107232,0.0,0.177923,0.0,0.0,0.0,0.042653,0.0,0.0,0.0,0.0,0.0,0.0,0.0,0.014268
2021-03-26,0.0,0.0,0.033466,0.125285,0.041108,0.0,0.0,0.020096,0.075042,0.09513,0.0,0.0,0.0,0.12591,0.0,0.0,0.0,0.0,0.0,0.0,0.0,0.061102,0.0,0.0,0.0,0.040473,0.0,0.037916,0.107143,0.0,0.179721,0.0,0.0,0.0,0.043639,0.0,0.0,0.0,0.0,0.0,0.0,0.0,0.013969
2021-03-29,0.0,0.0,0.033713,0.125647,0.041995,0.0,0.0,0.020141,0.076281,0.095414,0.0,0.0,0.0,0.124301,0.0,0.0,0.0,0.0,0.0,0.0,0.0,0.060202,0.0,0.0,0.0,0.040388,0.0,0.038114,0.107273,0.0,0.178358,0.0,0.0,0.0,0.044012,0.0,0.0,0.0,0.0,0.0,0.0,0.0,0.01416
2021-03-30,0.0,0.0,0.033216,0.125577,0.041902,0.0,0.0,0.019953,0.076259,0.095109,0.0,0.0,0.0,0.126071,0.0,0.0,0.0,0.0,0.0,0.0,0.0,0.060099,0.0,0.0,0.0,0.039991,0.0,0.037539,0.10683,0.0,0.179382,0.0,0.0,0.0,0.04402,0.0,0.0,0.0,0.0,0.0,0.0,0.0,0.014054
2021-03-31,0.0,0.0,0.0,0.062444,0.012126,0.0,0.0,0.034971,0.056614,0.048393,0.0,0.063164,0.038349,0.101787,0.039145,0.070443,0.0,0.0,0.0,0.0,0.0,0.039376,0.0,0.0,0.0,0.050032,0.015206,0.034549,0.032373,0.0,0.084286,0.0,0.0,0.056483,0.140595,0.0,0.0,0.0,0.0,0.0,0.0,0.0,0.019662
2021-04-01,0.0,0.0,0.0,0.061894,0.012072,0.0,0.0,0.034521,0.055946,0.048069,0.0,0.063122,0.038141,0.100753,0.039438,0.072798,0.0,0.0,0.0,0.0,0.0,0.039079,0.0,0.0,0.0,0.050962,0.015295,0.034406,0.032679,0.0,0.084691,0.0,0.0,0.055394,0.141431,0.0,0.0,0.0,0.0,0.0,0.0,0.0,0.01931
2021-04-05,0.0,0.0,0.0,0.061544,0.012004,0.0,0.0,0.033977,0.055869,0.048414,0.0,0.064086,0.038222,0.100394,0.03828,0.068892,0.0,0.0,0.0,0.0,0.0,0.039312,0.0,0.0,0.0,0.051696,0.01538,0.034615,0.033114,0.0,0.08524,0.0,0.0,0.055113,0.144647,0.0,0.0,0.0,0.0,0.0,0.0,0.0,0.019201
2021-04-06,0.0,0.0,0.0,0.061995,0.012092,0.0,0.0,0.034067,0.055861,0.048467,0.0,0.064248,0.038146,0.100032,0.038179,0.069376,0.0,0.0,0.0,0.0,0.0,0.038283,0.0,0.0,0.0,0.05112,0.015468,0.034817,0.032895,0.0,0.084594,0.0,0.0,0.055505,0.145655,0.0,0.0,0.0,0.0,0.0,0.0,0.0,0.019199
2021-04-07,0.0,0.0,0.0,0.061811,0.011992,0.0,0.0,0.033964,0.055992,0.048453,0.0,0.065122,0.038556,0.100269,0.038535,0.069619,0.0,0.0,0.0,0.0,0.0,0.037579,0.0,0.0,0.0,0.051384,0.015531,0.034655,0.03278,0.0,0.083331,0.0,0.0,0.056124,0.144989,0.0,0.0,0.0,0.0,0.0,0.0,0.0,0.019314
2021-04-08,0.0,0.0,0.0,0.061369,0.012029,0.0,0.0,0.034022,0.05646,0.048415,0.0,0.064837,0.038394,0.099971,0.037862,0.067814,0.0,0.0,0.0,0.0,0.0,0.037643,0.0,0.0,0.0,0.051736,0.015747,0.03496,0.033053,0.0,0.083604,0.0,0.0,0.056393,0.146464,0.0,0.0,0.0,0.0,0.0,0.0,0.0,0.019227
2021-04-09,0.0,0.0,0.0,0.061845,0.011923,0.0,0.0,0.033932,0.056449,0.04836,0.0,0.065052,0.038863,0.101368,0.037747,0.06673,0.0,0.0,0.0,0.0,0.0,0.03694,0.0,0.0,0.0,0.051758,0.015904,0.035085,0.033286,0.0,0.083464,0.0,0.0,0.056529,0.145473,0.0,0.0,0.0,0.0,0.0,0.0,0.0,0.019292
2021-04-12,0.0,0.0,0.0,0.062417,0.012007,0.0,0.0,0.033071,0.057066,0.048682,0.0,0.065552,0.039488,0.103184,0.03789,0.065881,0.0,0.0,0.0,0.0,0.0,0.036631,0.0,0.0,0.0,0.051805,0.01613,0.035653,0.033425,0.0,0.083114,0.0,0.0,0.056797,0.141687,0.0,0.0,0.0,0.0,0.0,0.0,0.0,0.019518
2021-04-13,0.0,0.0,0.0,0.062037,0.012004,0.0,0.0,0.033077,0.056616,0.049221,0.0,0.065194,0.038854,0.100726,0.037673,0.065615,0.0,0.0,0.0,0.0,0.0,0.036916,0.0,0.0,0.0,0.051373,0.016278,0.036032,0.033489,0.0,0.085127,0.0,0.0,0.056874,0.143499,0.0,0.0,0.0,0.0,0.0,0.0,0.0,0.019394
2021-04-14,0.0,0.0,0.0,0.061709,0.011923,0.0,0.0,0.032994,0.05587,0.048937,0.0,0.063621,0.038541,0.100368,0.038179,0.067428,0.0,0.0,0.0,0.0,0.0,0.037363,0.0,0.0,0.0,0.050099,0.015888,0.035335,0.032888,0.0,0.085634,0.0,0.0,0.056727,0.147378,0.0,0.0,0.0,0.0,0.0,0.0,0.0,0.019119
2021-04-15,0.0,0.0,0.0,0.061118,0.011841,0.0,0.0,0.03284,0.056381,0.048863,0.0,0.063837,0.038152,0.099116,0.037518,0.065776,0.0,0.0,0.0,0.0,0.0,0.037341,0.0,0.0,0.0,0.050466,0.016031,0.035621,0.033082,0.0,0.085133,0.0,0.0,0.05633,0.151613,0.0,0.0,0.0,0.0,0.0,0.0,0.0,0.018942
2021-04-16,0.0,0.0,0.0,0.061469,0.011919,0.0,0.0,0.032976,0.056764,0.048677,0.0,0.063919,0.038498,0.100085,0.03729,0.064817,0.0,0.0,0.0,0.0,0.0,0.036872,0.0,0.0,0.0,0.050327,0.015951,0.035475,0.03341,0.0,0.084546,0.0,0.0,0.056311,0.151717,0.0,0.0,0.0,0.0,0.0,0.0,0.0,0.018978
2021-04-19,0.0,0.0,0.0,0.061013,0.011914,0.0,0.0,0.032244,0.057489,0.048784,0.0,0.063729,0.03849,0.09997,0.03735,0.064971,0.0,0.0,0.0,0.0,0.0,0.036175,0.0,0.0,0.0,0.049133,0.015782,0.035457,0.032988,0.0,0.087478,0.0,0.0,0.056653,0.151352,0.0,0.0,0.0,0.0,0.0,0.0,0.0,0.019028
2021-04-20,0.0,0.0,0.0,0.060965,0.012036,0.0,0.0,0.032323,0.058639,0.04959,0.0,0.064572,0.038477,0.09822,0.037041,0.063205,0.0,0.0,0.0,0.0,0.0,0.036728,0.0,0.0,0.0,0.049338,0.01591,0.035565,0.032911,0.0,0.087193,0.0,0.0,0.058403,0.149502,0.0,0.0,0.0,0.0,0.0,0.0,0.0,0.019383
2021-04-21,0.0,0.0,0.0,0.060835,0.011905,0.0,0.0,0.031968,0.058318,0.048825,0.0,0.063842,0.038503,0.099063,0.037025,0.063623,0.0,0.0,0.0,0.0,0.0,0.037516,0.0,0.0,0.0,0.049974,0.015767,0.035368,0.033072,0.0,0.087379,0.0,0.0,0.057903,0.149984,0.0,0.0,0.0,0.0,0.0,0.0,0.0,0.019129
2021-04-22,0.0,0.0,0.0,0.06211,0.012056,0.0,0.0,0.032328,0.057953,0.04832,0.0,0.06378,0.03832,0.098433,0.036826,0.063498,0.0,0.0,0.0,0.0,0.0,0.038261,0.0,0.0,0.0,0.049201,0.015845,0.035693,0.033257,0.0,0.087518,0.0,0.0,0.058995,0.148354,0.0,0.0,0.0,0.0,0.0,0.0,0.0,0.019253
2021-04-23,0.0,0.0,0.0,0.060959,0.011962,0.0,0.0,0.032029,0.058124,0.048313,0.0,0.063528,0.038435,0.100358,0.036589,0.063387,0.0,0.0,0.0,0.0,0.0,0.037603,0.0,0.0,0.0,0.049325,0.015829,0.035382,0.033092,0.0,0.087989,0.0,0.0,0.058567,0.149573,0.0,0.0,0.0,0.0,0.0,0.0,0.0,0.018955
2021-04-26,0.0,0.0,0.0,0.060571,0.01179,0.0,0.0,0.031987,0.058477,0.047933,0.0,0.062653,0.037977,0.099329,0.036252,0.063946,0.0,0.0,0.0,0.0,0.0,0.038293,0.0,0.0,0.0,0.049434,0.015754,0.035716,0.032828,0.0,0.087172,0.0,0.0,0.058811,0.152423,0.0,0.0,0.0,0.0,0.0,0.0,0.0,0.018656
2021-04-27,0.0,0.0,0.0,0.060727,0.011822,0.0,0.0,0.032328,0.058249,0.047679,0.0,0.062376,0.038261,0.100166,0.036677,0.065138,0.0,0.0,0.0,0.0,0.0,0.038385,0.0,0.0,0.0,0.049045,0.015683,0.03542,0.032463,0.0,0.086154,0.0,0.0,0.058789,0.15199,0.0,0.0,0.0,0.0,0.0,0.0,0.0,0.018647
2021-04-28,0.0,0.0,0.0,0.060222,0.011819,0.0,0.0,0.032567,0.058073,0.047354,0.0,0.062681,0.038248,0.099685,0.037781,0.067636,0.0,0.0,0.0,0.0,0.0,0.038316,0.0,0.0,0.0,0.048095,0.015568,0.034817,0.032363,0.0,0.086497,0.0,0.0,0.057878,0.151831,0.0,0.0,0.0,0.0,0.0,0.0,0.0,0.018567
2021-04-29,0.0,0.0,0.0,0.059801,0.011741,0.0,0.0,0.032583,0.058157,0.047144,0.0,0.06426,0.038836,0.10063,0.038112,0.067424,0.0,0.0,0.0,0.0,0.0,0.037778,0.0,0.0,0.0,0.048291,0.015312,0.034609,0.032073,0.0,0.086031,0.0,0.0,0.057488,0.151206,0.0,0.0,0.0,0.0,0.0,0.0,0.0,0.018523
2021-04-30,0.0,0.0,0.0,0.134515,0.0,0.0,0.0,0.031956,0.052148,0.065278,0.0,0.089893,0.0,0.149701,0.075809,0.073727,0.012483,0.04585,0.0,0.0,0.0,0.021952,0.0,0.0,0.012836,0.092254,0.0,0.044263,0.0,0.0,0.025173,0.0,0.0,0.0,0.064149,0.0,0.0,0.0,0.0,0.0,0.0,0.0,0.008014
2021-05-03,0.0,0.0,0.0,0.134152,0.0,0.0,0.0,0.032189,0.051325,0.064833,0.0,0.088989,0.0,0.149866,0.07752,0.075878,0.012551,0.046277,0.0,0.0,0.0,0.021585,0.0,0.0,0.012738,0.090853,0.0,0.043779,0.0,0.0,0.024776,0.0,0.0,0.0,0.064713,0.0,0.0,0.0,0.0,0.0,0.0,0.0,0.007976
2021-05-04,0.0,0.0,0.0,0.133109,0.0,0.0,0.0,0.031942,0.050094,0.065177,0.0,0.088684,0.0,0.152584,0.078004,0.076195,0.012677,0.046351,0.0,0.0,0.0,0.020874,0.0,0.0,0.01258,0.089825,0.0,0.043423,0.0,0.0,0.024551,0.0,0.0,0.0,0.065908,0.0,0.0,0.0,0.0,0.0,0.0,0.0,0.008021
2021-05-05,0.0,0.0,0.0,0.133289,0.0,0.0,0.0,0.032174,0.049647,0.064711,0.0,0.087636,0.0,0.1516,0.079727,0.077446,0.012564,0.045984,0.0,0.0,0.0,0.020319,0.0,0.0,0.012426,0.089494,0.0,0.042585,0.0,0.0,0.02472,0.0,0.0,0.0,0.067737,0.0,0.0,0.0,0.0,0.0,0.0,0.0,0.007941
2021-05-06,0.0,0.0,0.0,0.131407,0.0,0.0,0.0,0.032464,0.050274,0.065664,0.0,0.088359,0.0,0.151191,0.079863,0.076736,0.012608,0.045997,0.0,0.0,0.0,0.019943,0.0,0.0,0.012507,0.089919,0.0,0.042211,0.0,0.0,0.024237,0.0,0.0,0.0,0.068708,0.0,0.0,0.0,0.0,0.0,0.0,0.0,0.007914
2021-05-07,0.0,0.0,0.0,0.130863,0.0,0.0,0.0,0.03244,0.050744,0.065735,0.0,0.087841,0.0,0.149389,0.080202,0.077609,0.012571,0.046097,0.0,0.0,0.0,0.019998,0.0,0.0,0.012446,0.089936,0.0,0.042127,0.0,0.0,0.023983,0.0,0.0,0.0,0.070214,0.0,0.0,0.0,0.0,0.0,0.0,0.0,0.007807
2021-05-10,0.0,0.0,0.0,0.132208,0.0,0.0,0.0,0.032465,0.050169,0.06623,0.0,0.087058,0.0,0.149465,0.08107,0.077443,0.012714,0.04651,0.0,0.0,0.0,0.019471,0.0,0.0,0.012258,0.086834,0.0,0.042191,0.0,0.0,0.024007,0.0,0.0,0.0,0.07202,0.0,0.0,0.0,0.0,0.0,0.0,0.0,0.007889
2021-05-11,0.0,0.0,0.0,0.130612,0.0,0.0,0.0,0.032884,0.048702,0.066105,0.0,0.087763,0.0,0.14972,0.079853,0.077352,0.012664,0.046349,0.0,0.0,0.0,0.020006,0.0,0.0,0.012356,0.087906,0.0,0.043085,0.0,0.0,0.023857,0.0,0.0,0.0,0.072812,0.0,0.0,0.0,0.0,0.0,0.0,0.0,0.007976
2021-05-12,0.0,0.0,0.0,0.133196,0.0,0.0,0.0,0.032775,0.046789,0.064734,0.0,0.088043,0.0,0.149334,0.0821,0.07885,0.012647,0.046368,0.0,0.0,0.0,0.020311,0.0,0.0,0.012287,0.086285,0.0,0.04296,0.0,0.0,0.023682,0.0,0.0,0.0,0.071475,0.0,0.0,0.0,0.0,0.0,0.0,0.0,0.008161
2021-05-13,0.0,0.0,0.0,0.131508,0.0,0.0,0.0,0.033145,0.047649,0.065288,0.0,0.088393,0.0,0.153703,0.08084,0.076144,0.012843,0.047242,0.0,0.0,0.0,0.019979,0.0,0.0,0.01241,0.087106,0.0,0.042874,0.0,0.0,0.02359,0.0,0.0,0.0,0.06915,0.0,0.0,0.0,0.0,0.0,0.0,0.0,0.008134
2021-05-14,0.0,0.0,0.0,0.130599,0.0,0.0,0.0,0.032848,0.04725,0.064833,0.0,0.088212,0.0,0.152946,0.08157,0.078876,0.012743,0.046902,0.0,0.0,0.0,0.020261,0.0,0.0,0.012413,0.087886,0.0,0.043038,0.0,0.0,0.023842,0.0,0.0,0.0,0.06782,0.0,0.0,0.0,0.0,0.0,0.0,0.0,0.007962
2021-05-17,0.0,0.0,0.0,0.130279,0.0,0.0,0.0,0.033127,0.045587,0.063521,0.0,0.087373,0.0,0.153476,0.083327,0.081795,0.012684,0.046601,0.0,0.0,0.0,0.020182,0.0,0.0,0.012302,0.086979,0.0,0.04253,0.0,0.0,0.02382,0.0,0.0,0.0,0.068469,0.0,0.0,0.0,0.0,0.0,0.0,0.0,0.007948
2021-05-18,0.0,0.0,0.0,0.131207,0.0,0.0,0.0,0.033434,0.048122,0.06479,0.0,0.086717,0.0,0.151339,0.081615,0.080746,0.012533,0.046153,0.0,0.0,0.0,0.020325,0.0,0.0,0.012237,0.086513,0.0,0.042785,0.0,0.0,0.024195,0.0,0.0,0.0,0.069318,0.0,0.0,0.0,0.0,0.0,0.0,0.0,0.00797
2021-05-19,0.0,0.0,0.0,0.1296,0.0,0.0,0.0,0.033826,0.048305,0.065263,0.0,0.087771,0.0,0.152149,0.080424,0.079888,0.012594,0.046362,0.0,0.0,0.0,0.020179,0.0,0.0,0.012409,0.08913,0.0,0.043034,0.0,0.0,0.024526,0.0,0.0,0.0,0.066487,0.0,0.0,0.0,0.0,0.0,0.0,0.0,0.008054
2021-05-20,0.0,0.0,0.0,0.130605,0.0,0.0,0.0,0.033591,0.048348,0.065184,0.0,0.088655,0.0,0.150812,0.079742,0.078984,0.012534,0.045801,0.0,0.0,0.0,0.020459,0.0,0.0,0.012558,0.090838,0.0,0.043538,0.0,0.0,0.024672,0.0,0.0,0.0,0.065683,0.0,0.0,0.0,0.0,0.0,0.0,0.0,0.007998
2021-05-21,0.0,0.0,0.0,0.131311,0.0,0.0,0.0,0.033505,0.047726,0.064391,0.0,0.088354,0.0,0.152508,0.079908,0.079468,0.012595,0.045822,0.0,0.0,0.0,0.020314,0.0,0.0,0.012489,0.090335,0.0,0.043798,0.0,0.0,0.024608,0.0,0.0,0.0,0.064871,0.0,0.0,0.0,0.0,0.0,0.0,0.0,0.007998
2021-05-24,0.0,0.0,0.0,0.130162,0.0,0.0,0.0,0.033605,0.048531,0.064491,0.0,0.089176,0.0,0.150566,0.079999,0.079701,0.012563,0.045841,0.0,0.0,0.0,0.020005,0.0,0.0,0.0126,0.091806,0.0,0.043942,0.0,0.0,0.024815,0.0,0.0,0.0,0.064271,0.0,0.0,0.0,0.0,0.0,0.0,0.0,0.007928
2021-05-25,0.0,0.0,0.0,0.130877,0.0,0.0,0.0,0.03384,0.049356,0.065548,0.0,0.08984,0.0,0.148526,0.078978,0.078179,0.012622,0.045728,0.0,0.0,0.0,0.019906,0.0,0.0,0.012701,0.092788,0.0,0.0441,0.0,0.0,0.025228,0.0,0.0,0.0,0.063794,0.0,0.0,0.0,0.0,0.0,0.0,0.0,0.007988
2021-05-26,0.0,0.0,0.0,0.130266,0.0,0.0,0.0,0.033891,0.049077,0.065158,0.0,0.089534,0.0,0.149321,0.078896,0.079559,0.012537,0.045675,0.0,0.0,0.0,0.020138,0.0,0.0,0.012575,0.092119,0.0,0.04432,0.0,0.0,0.02501,0.0,0.0,0.0,0.064015,0.0,0.0,0.0,0.0,0.0,0.0,0.0,0.007909
2021-05-27,0.0,0.0,0.0,0.130408,0.0,0.0,0.0,0.033748,0.048545,0.064069,0.0,0.089133,0.0,0.150356,0.078305,0.080135,0.012604,0.045675,0.0,0.0,0.0,0.020228,0.0,0.0,0.012405,0.091744,0.0,0.043866,0.0,0.0,0.025094,0.0,0.0,0.0,0.065842,0.0,0.0,0.0,0.0,0.0,0.0,0.0,0.007844
2021-05-28,0.0,0.0,0.0,0.130392,0.0,0.0,0.0,0.033666,0.049175,0.064742,0.0,0.088564,0.0,0.149779,0.078211,0.079913,0.012564,0.045617,0.0,0.0,0.0,0.020088,0.0,0.0,0.012411,0.092308,0.0,0.043651,0.0,0.0,0.025669,0.0,0.0,0.0,0.065431,0.0,0.0,0.0,0.0,0.0,0.0,0.0,0.007819
2021-05-31,0.0,0.047451,0.0,0.025262,0.0,0.0,0.0,0.0,0.062261,0.032092,0.040456,0.094519,0.063914,0.030591,0.059896,0.034591,0.0,0.045642,0.0,0.06927,0.0,0.0,0.0,0.0,0.021969,0.026814,0.012865,0.032132,0.0,0.094119,0.053659,0.0,0.0,0.054224,0.09465,0.0,0.0,0.0,0.0,0.0,0.0,0.0,0.003624
2021-06-01,0.0,0.047219,0.0,0.025105,0.0,0.0,0.0,0.0,0.063032,0.032184,0.039875,0.093399,0.063498,0.030473,0.061426,0.036368,0.0,0.045115,0.0,0.06833,0.0,0.0,0.0,0.0,0.021588,0.026405,0.012629,0.031538,0.0,0.09462,0.05417,0.0,0.0,0.054411,0.095033,0.0,0.0,0.0,0.0,0.0,0.0,0.0,0.003579
2021-06-02,0.0,0.04729,0.0,0.025207,0.0,0.0,0.0,0.0,0.062593,0.032004,0.039693,0.093122,0.063603,0.0302,0.062575,0.036954,0.0,0.044748,0.0,0.067222,0.0,0.0,0.0,0.0,0.021739,0.026568,0.012651,0.031733,0.0,0.095735,0.054398,0.0,0.0,0.054502,0.093885,0.0,0.0,0.0,0.0,0.0,0.0,0.0,0.003578
2021-06-03,0.0,0.047354,0.0,0.02542,0.0,0.0,0.0,0.0,0.062833,0.032201,0.039553,0.093275,0.064291,0.030516,0.063274,0.037305,0.0,0.04486,0.0,0.066917,0.0,0.0,0.0,0.0,0.021718,0.026332,0.012601,0.031375,0.0,0.096186,0.054004,0.0,0.0,0.054236,0.09214,0.0,0.0,0.0,0.0,0.0,0.0,0.0,0.003609
2021-06-04,0.0,0.047265,0.0,0.025194,0.0,0.0,0.0,0.0,0.062832,0.032249,0.039469,0.093662,0.06381,0.030199,0.063057,0.036918,0.0,0.04421,0.0,0.067033,0.0,0.0,0.0,0.0,0.021913,0.0267,0.012744,0.031402,0.0,0.095266,0.055038,0.0,0.0,0.054669,0.092798,0.0,0.0,0.0,0.0,0.0,0.0,0.0,0.003572
2021-06-07,0.0,0.047556,0.0,0.025391,0.0,0.0,0.0,0.0,0.062437,0.03214,0.039531,0.094294,0.063494,0.030317,0.062883,0.037333,0.0,0.044168,0.0,0.066814,0.0,0.0,0.0,0.0,0.021943,0.026534,0.012865,0.031836,0.0,0.09654,0.054765,0.0,0.0,0.054725,0.090858,0.0,0.0,0.0,0.0,0.0,0.0,0.0,0.003578
2021-06-08,0.0,0.047491,0.0,0.025394,0.0,0.0,0.0,0.0,0.061918,0.031885,0.039801,0.093907,0.063251,0.030308,0.06335,0.037651,0.0,0.044253,0.0,0.067113,0.0,0.0,0.0,0.0,0.021918,0.02635,0.012879,0.032082,0.0,0.097222,0.05438,0.0,0.0,0.054889,0.090385,0.0,0.0,0.0,0.0,0.0,0.0,0.0,0.003573
2021-06-09,0.0,0.047654,0.0,0.02562,0.0,0.0,0.0,0.0,0.062078,0.031648,0.039786,0.094295,0.062976,0.030039,0.063278,0.037637,0.0,0.043933,0.0,0.066169,0.0,0.0,0.0,0.0,0.022046,0.026355,0.012946,0.032197,0.0,0.097853,0.054452,0.0,0.0,0.055026,0.090418,0.0,0.0,0.0,0.0,0.0,0.0,0.0,0.003592
2021-06-10,0.0,0.047665,0.0,0.025502,0.0,0.0,0.0,0.0,0.062774,0.032005,0.039932,0.094707,0.062177,0.029412,0.063132,0.037194,0.0,0.043552,0.0,0.06442,0.0,0.0,0.0,0.0,0.022185,0.02663,0.01316,0.032879,0.0,0.09845,0.05521,0.0,0.0,0.055286,0.090141,0.0,0.0,0.0,0.0,0.0,0.0,0.0,0.003588
2021-06-11,0.0,0.047626,0.0,0.025601,0.0,0.0,0.0,0.0,0.062547,0.03186,0.039985,0.094426,0.062321,0.02944,0.062659,0.03729,0.0,0.043829,0.0,0.064793,0.0,0.0,0.0,0.0,0.022226,0.026655,0.013239,0.032879,0.0,0.097657,0.055988,0.0,0.0,0.054772,0.090632,0.0,0.0,0.0,0.0,0.0,0.0,0.0,0.003573
2021-06-14,0.0,0.047902,0.0,0.025654,0.0,0.0,0.0,0.0,0.062828,0.032077,0.040126,0.095359,0.061873,0.0291,0.062588,0.036999,0.0,0.043577,0.0,0.064182,0.0,0.0,0.0,0.0,0.022524,0.027121,0.013446,0.03305,0.0,0.098354,0.056025,0.0,0.0,0.05391,0.089721,0.0,0.0,0.0,0.0,0.0,0.0,0.0,0.003584
2021-06-15,0.0,0.048132,0.0,0.025585,0.0,0.0,0.0,0.0,0.063179,0.032191,0.040098,0.095254,0.062277,0.029623,0.064076,0.03782,0.0,0.044111,0.0,0.064806,0.0,0.0,0.0,0.0,0.022489,0.027024,0.013319,0.033017,0.0,0.097753,0.055827,0.0,0.0,0.053697,0.086123,0.0,0.0,0.0,0.0,0.0,0.0,0.0,0.003601
2021-06-16,0.0,0.048137,0.0,0.02596,0.0,0.0,0.0,0.0,0.06318,0.032167,0.040519,0.095365,0.062833,0.030199,0.064373,0.037996,0.0,0.044092,0.0,0.064438,0.0,0.0,0.0,0.0,0.022592,0.027038,0.013377,0.033463,0.0,0.098089,0.054173,0.0,0.0,0.053854,0.08452,0.0,0.0,0.0,0.0,0.0,0.0,0.0,0.003637
2021-06-17,0.0,0.048237,0.0,0.026289,0.0,0.0,0.0,0.0,0.064375,0.032476,0.041134,0.096851,0.061669,0.029163,0.062891,0.036681,0.0,0.043631,0.0,0.065621,0.0,0.0,0.0,0.0,0.023113,0.02764,0.013763,0.034306,0.0,0.099079,0.055707,0.0,0.0,0.052363,0.081332,0.0,0.0,0.0,0.0,0.0,0.0,0.0,0.003678
2021-06-18,0.0,0.047827,0.0,0.026309,0.0,0.0,0.0,0.0,0.064128,0.03262,0.041379,0.096798,0.060862,0.028527,0.061716,0.036293,0.0,0.043551,0.0,0.066659,0.0,0.0,0.0,0.0,0.02316,0.027283,0.013964,0.034411,0.0,0.098495,0.056618,0.0,0.0,0.053973,0.081708,0.0,0.0,0.0,0.0,0.0,0.0,0.0,0.003719
2021-06-21,0.0,0.04772,0.0,0.025991,0.0,0.0,0.0,0.0,0.063173,0.032406,0.040992,0.096083,0.061228,0.029022,0.063257,0.037532,0.0,0.043621,0.0,0.066387,0.0,0.0,0.0,0.0,0.023012,0.02692,0.01378,0.033858,0.0,0.098825,0.056043,0.0,0.0,0.053206,0.08329,0.0,0.0,0.0,0.0,0.0,0.0,0.0,0.003656
2021-06-22,0.0,0.0476,0.0,0.025994,0.0,0.0,0.0,0.0,0.062383,0.032283,0.041262,0.096636,0.061158,0.028895,0.063499,0.037634,0.0,0.043576,0.0,0.06655,0.0,0.0,0.0,0.0,0.023156,0.026971,0.013892,0.034286,0.0,0.098035,0.055804,0.0,0.0,0.052528,0.084212,0.0,0.0,0.0,0.0,0.0,0.0,0.0,0.003646
2021-06-23,0.0,0.047143,0.0,0.025918,0.0,0.0,0.0,0.0,0.062759,0.032305,0.041437,0.096207,0.061066,0.028863,0.063455,0.037947,0.0,0.043364,0.0,0.065644,0.0,0.0,0.0,0.0,0.023051,0.02699,0.013844,0.034016,0.0,0.097528,0.056917,0.0,0.0,0.052377,0.085534,0.0,0.0,0.0,0.0,0.0,0.0,0.0,0.003634
2021-06-24,0.0,0.047305,0.0,0.025948,0.0,0.0,0.0,0.0,0.062972,0.03249,0.041324,0.096516,0.06145,0.029093,0.06361,0.038317,0.0,0.043325,0.0,0.065396,0.0,0.0,0.0,0.0,0.023054,0.027281,0.013882,0.033954,0.0,0.096721,0.056423,0.0,0.0,0.051882,0.085445,0.0,0.0,0.0,0.0,0.0,0.0,0.0,0.003611
2021-06-25,0.0,0.04715,0.0,0.026002,0.0,0.0,0.0,0.0,0.062903,0.03251,0.041364,0.096121,0.061859,0.029309,0.063604,0.038565,0.0,0.043042,0.0,0.065114,0.0,0.0,0.0,0.0,0.022904,0.027062,0.013814,0.03388,0.0,0.096855,0.056875,0.0,0.0,0.051576,0.085899,0.0,0.0,0.0,0.0,0.0,0.0,0.0,0.003592
2021-06-28,0.0,0.046889,0.0,0.025931,0.0,0.0,0.0,0.0,0.063551,0.032386,0.041466,0.097424,0.061545,0.028686,0.061593,0.036966,0.0,0.04277,0.0,0.06574,0.0,0.0,0.0,0.0,0.023196,0.02777,0.014013,0.034093,0.0,0.096789,0.05787,0.0,0.0,0.052793,0.084929,0.0,0.0,0.0,0.0,0.0,0.0,0.0,0.0036
2021-06-29,0.0,0.046995,0.0,0.026041,0.0,0.0,0.0,0.0,0.063438,0.032318,0.041637,0.097059,0.061428,0.028533,0.061395,0.036829,0.0,0.042836,0.0,0.066396,0.0,0.0,0.0,0.0,0.023404,0.028034,0.014101,0.034092,0.0,0.096685,0.057882,0.0,0.0,0.052678,0.084613,0.0,0.0,0.0,0.0,0.0,0.0,0.0,0.003606
2021-06-30,0.020638,0.056328,0.0,0.055518,0.0,0.0,0.0,0.027287,0.051946,0.0,0.0,0.079039,0.072577,0.0,0.015616,0.063187,0.0,0.051153,0.079361,0.079032,0.0,0.0,0.0,0.0,0.0,0.022797,0.009993,0.036156,0.0,0.079013,0.078992,0.0,0.0,0.027383,0.079346,0.0,0.0,0.0,0.0,0.0,0.0,0.0,0.014637
2021-07-01,0.020592,0.056387,0.0,0.055462,0.0,0.0,0.0,0.027068,0.051612,0.0,0.0,0.079237,0.072794,0.0,0.015811,0.064368,0.0,0.051585,0.079406,0.080045,0.0,0.0,0.0,0.0,0.0,0.022361,0.009951,0.036011,0.0,0.078968,0.078163,0.0,0.0,0.027015,0.078598,0.0,0.0,0.0,0.0,0.0,0.0,0.0,0.014569
2021-07-02,0.020696,0.05651,0.0,0.055499,0.0,0.0,0.0,0.027223,0.05183,0.0,0.0,0.079742,0.072671,0.0,0.015766,0.063165,0.0,0.051411,0.079472,0.079541,0.0,0.0,0.0,0.0,0.0,0.022483,0.010075,0.036211,0.0,0.079159,0.078125,0.0,0.0,0.026823,0.079038,0.0,0.0,0.0,0.0,0.0,0.0,0.0,0.014557
2021-07-05,0.020771,0.056498,0.0,0.055621,0.0,0.0,0.0,0.027218,0.051819,0.0,0.0,0.079725,0.072655,0.0,0.015763,0.063152,0.0,0.0514,0.079455,0.079524,0.0,0.0,0.0,0.0,0.0,0.022478,0.010073,0.036204,0.0,0.079142,0.078109,0.0,0.0,0.026818,0.079021,0.0,0.0,0.0,0.0,0.0,0.0,0.0,0.014554
2021-07-06,0.020847,0.056662,0.0,0.055526,0.0,0.0,0.0,0.027223,0.052513,0.0,0.0,0.08027,0.072179,0.0,0.015392,0.061142,0.0,0.051317,0.079004,0.079072,0.0,0.0,0.0,0.0,0.0,0.022648,0.010275,0.037169,0.0,0.080462,0.079656,0.0,0.0,0.0263,0.077655,0.0,0.0,0.0,0.0,0.0,0.0,0.0,0.014688
2021-07-07,0.020812,0.056675,0.0,0.055347,0.0,0.0,0.0,0.027209,0.052265,0.0,0.0,0.079675,0.071848,0.0,0.015051,0.059369,0.0,0.051284,0.079351,0.079842,0.0,0.0,0.0,0.0,0.0,0.022172,0.010216,0.037094,0.0,0.080261,0.081997,0.0,0.0,0.026099,0.078833,0.0,0.0,0.0,0.0,0.0,0.0,0.0,0.0146
2021-07-08,0.020845,0.056653,0.0,0.055175,0.0,0.0,0.0,0.027345,0.052184,0.0,0.0,0.07979,0.071293,0.0,0.015153,0.060453,0.0,0.050242,0.079258,0.078206,0.0,0.0,0.0,0.0,0.0,0.022163,0.01025,0.037412,0.0,0.081044,0.083459,0.0,0.0,0.026235,0.078056,0.0,0.0,0.0,0.0,0.0,0.0,0.0,0.014785
2021-07-09,0.020718,0.056471,0.0,0.054851,0.0,0.0,0.0,0.027096,0.051899,0.0,0.0,0.078991,0.071977,0.0,0.015185,0.060816,0.0,0.050545,0.079302,0.077601,0.0,0.0,0.0,0.0,0.0,0.022102,0.010122,0.037094,0.0,0.080833,0.084488,0.0,0.0,0.025801,0.079599,0.0,0.0,0.0,0.0,0.0,0.0,0.0,0.014508
2021-07-12,0.020672,0.056391,0.0,0.054712,0.0,0.0,0.0,0.026939,0.051751,0.0,0.0,0.079056,0.072229,0.0,0.015067,0.059999,0.0,0.050126,0.079064,0.077026,0.0,0.0,0.0,0.0,0.0,0.022246,0.009986,0.036535,0.0,0.081017,0.08759,0.0,0.0,0.026075,0.079103,0.0,0.0,0.0,0.0,0.0,0.0,0.0,0.014416
2021-07-13,0.020895,0.056559,0.0,0.055107,0.0,0.0,0.0,0.027086,0.052056,0.0,0.0,0.079591,0.072117,0.0,0.015093,0.059793,0.0,0.050115,0.079074,0.075782,0.0,0.0,0.0,0.0,0.0,0.022364,0.010074,0.036761,0.0,0.080632,0.087281,0.0,0.0,0.026391,0.078674,0.0,0.0,0.0,0.0,0.0,0.0,0.0,0.014552
2021-07-14,0.020966,0.057026,0.0,0.055015,0.0,0.0,0.0,0.027432,0.052678,0.0,0.0,0.08006,0.072258,0.0,0.01474,0.057213,0.0,0.050503,0.079434,0.076364,0.0,0.0,0.0,0.0,0.0,0.022409,0.010069,0.036765,0.0,0.081733,0.085765,0.0,0.0,0.02686,0.078062,0.0,0.0,0.0,0.0,0.0,0.0,0.0,0.014647
2021-07-15,0.020924,0.056523,0.0,0.054636,0.0,0.0,0.0,0.027547,0.052665,0.0,0.0,0.079646,0.072636,0.0,0.014562,0.05617,0.0,0.050618,0.079597,0.076523,0.0,0.0,0.0,0.0,0.0,0.021954,0.009965,0.036526,0.0,0.082023,0.087231,0.0,0.0,0.027001,0.078577,0.0,0.0,0.0,0.0,0.0,0.0,0.0,0.014675
2021-07-16,0.021143,0.056949,0.0,0.055217,0.0,0.0,0.0,0.02774,0.053237,0.0,0.0,0.080279,0.072669,0.0,0.014352,0.054714,0.0,0.050621,0.079519,0.077014,0.0,0.0,0.0,0.0,0.0,0.021784,0.010129,0.037088,0.0,0.083141,0.085596,0.0,0.0,0.027462,0.076464,0.0,0.0,0.0,0.0,0.0,0.0,0.0,0.014885
2021-07-19,0.021139,0.056912,0.0,0.054997,0.0,0.0,0.0,0.028029,0.053532,0.0,0.0,0.080648,0.072057,0.0,0.014123,0.053536,0.0,0.050777,0.079377,0.078278,0.0,0.0,0.0,0.0,0.0,0.022199,0.010284,0.037777,0.0,0.083266,0.085507,0.0,0.0,0.027678,0.0747,0.0,0.0,0.0,0.0,0.0,0.0,0.0,0.015183
2021-07-20,0.020982,0.056291,0.0,0.054944,0.0,0.0,0.0,0.027742,0.052775,0.0,0.0,0.080192,0.072604,0.0,0.014073,0.053905,0.0,0.05096,0.078932,0.078899,0.0,0.0,0.0,0.0,0.0,0.022124,0.010305,0.037869,0.0,0.083802,0.08672,0.0,0.0,0.027679,0.074275,0.0,0.0,0.0,0.0,0.0,0.0,0.0,0.014927
2021-07-21,0.02081,0.05633,0.0,0.054749,0.0,0.0,0.0,0.02729,0.051894,0.0,0.0,0.079396,0.072519,0.0,0.0143,0.055476,0.0,0.050643,0.078354,0.078718,0.0,0.0,0.0,0.0,0.0,0.022391,0.010196,0.037378,0.0,0.082279,0.089061,0.0,0.0,0.027591,0.075969,0.0,0.0,0.0,0.0,0.0,0.0,0.0,0.014657
2021-07-22,0.020902,0.056488,0.0,0.054741,0.0,0.0,0.0,0.027482,0.05193,0.0,0.0,0.079763,0.07181,0.0,0.014157,0.054414,0.0,0.050744,0.078474,0.07834,0.0,0.0,0.0,0.0,0.0,0.022285,0.010337,0.037918,0.0,0.08172,0.089383,0.0,0.0,0.027888,0.07655,0.0,0.0,0.0,0.0,0.0,0.0,0.0,0.014674
2021-07-23,0.020987,0.056646,0.0,0.054818,0.0,0.0,0.0,0.027373,0.051606,0.0,0.0,0.081269,0.071515,0.0,0.014023,0.053546,0.0,0.050573,0.078569,0.079972,0.0,0.0,0.0,0.0,0.0,0.02227,0.010414,0.038177,0.0,0.081922,0.087324,0.0,0.0,0.027595,0.076812,0.0,0.0,0.0,0.0,0.0,0.0,0.0,0.01459
2021-07-26,0.020917,0.056552,0.0,0.054545,0.0,0.0,0.0,0.0274,0.050978,0.0,0.0,0.081241,0.071536,0.0,0.014292,0.054886,0.0,0.050376,0.078799,0.078651,0.0,0.0,0.0,0.0,0.0,0.022155,0.01033,0.037746,0.0,0.081513,0.086977,0.0,0.0,0.028086,0.07851,0.0,0.0,0.0,0.0,0.0,0.0,0.0,0.014511
2021-07-27,0.020977,0.05702,0.0,0.054462,0.0,0.0,0.0,0.027361,0.050748,0.0,0.0,0.081115,0.072267,0.0,0.014308,0.053747,0.0,0.049621,0.079733,0.079672,0.0,0.0,0.0,0.0,0.0,0.021977,0.010299,0.037879,0.0,0.082836,0.083936,0.0,0.0,0.028219,0.079163,0.0,0.0,0.0,0.0,0.0,0.0,0.0,0.014662
2021-07-28,0.020916,0.05687,0.0,0.05461,0.0,0.0,0.0,0.027234,0.050879,0.0,0.0,0.081117,0.071608,0.0,0.014327,0.054519,0.0,0.04901,0.079345,0.078566,0.0,0.0,0.0,0.0,0.0,0.022162,0.010299,0.037831,0.0,0.081908,0.086851,0.0,0.0,0.028044,0.079356,0.0,0.0,0.0,0.0,0.0,0.0,0.0,0.014547
2021-07-29,0.020826,0.056657,0.0,0.054436,0.0,0.0,0.0,0.027051,0.051145,0.0,0.0,0.079328,0.071568,0.0,0.0143,0.05382,0.0,0.048688,0.079301,0.080486,0.0,0.0,0.0,0.0,0.0,0.022356,0.010193,0.037513,0.0,0.080988,0.088602,0.0,0.0,0.027622,0.080738,0.0,0.0,0.0,0.0,0.0,0.0,0.0,0.014381
2021-07-30,0.058739,0.0,0.0,0.043188,0.0,0.0,0.0,0.0,0.096492,0.0,0.0,0.101984,0.08239,0.0,0.044282,0.057549,0.036447,0.014142,0.0,0.101879,0.101465,0.0,0.0,0.0,0.035851,0.019545,0.031717,0.01416,0.0,0.101938,0.0,0.0,0.0,0.025782,0.0,0.0,0.0,0.0,0.0,0.0,0.0,0.0,0.032449
2021-08-02,0.059138,0.0,0.0,0.04339,0.0,0.0,0.0,0.0,0.096825,0.0,0.0,0.10186,0.082502,0.0,0.043998,0.056463,0.036236,0.0141,0.0,0.102161,0.101713,0.0,0.0,0.0,0.035762,0.01969,0.03176,0.014239,0.0,0.101828,0.0,0.0,0.0,0.025851,0.0,0.0,0.0,0.0,0.0,0.0,0.0,0.0,0.032484
2021-08-03,0.058499,0.0,0.0,0.042921,0.0,0.0,0.0,0.0,0.097148,0.0,0.0,0.100698,0.082849,0.0,0.044442,0.057225,0.036454,0.014163,0.0,0.102768,0.102412,0.0,0.0,0.0,0.035741,0.019703,0.031559,0.014149,0.0,0.101245,0.0,0.0,0.0,0.025768,0.0,0.0,0.0,0.0,0.0,0.0,0.0,0.0,0.032255
2021-08-04,0.058992,0.0,0.0,0.043247,0.0,0.0,0.0,0.0,0.098634,0.0,0.0,0.101532,0.082602,0.0,0.043474,0.054953,0.036156,0.013962,0.0,0.101878,0.102534,0.0,0.0,0.0,0.036009,0.020012,0.032065,0.014255,0.0,0.101482,0.0,0.0,0.0,0.025784,0.0,0.0,0.0,0.0,0.0,0.0,0.0,0.0,0.032431
2021-08-05,0.058827,0.0,0.0,0.043205,0.0,0.0,0.0,0.0,0.098281,0.0,0.0,0.101718,0.083079,0.0,0.043649,0.056018,0.036062,0.01403,0.0,0.10179,0.101372,0.0,0.0,0.0,0.035945,0.01987,0.032121,0.014174,0.0,0.101927,0.0,0.0,0.0,0.025735,0.0,0.0,0.0,0.0,0.0,0.0,0.0,0.0,0.032196
2021-08-06,0.05873,0.0,0.0,0.043408,0.0,0.0,0.0,0.0,0.097316,0.0,0.0,0.101622,0.084678,0.0,0.044008,0.056592,0.036196,0.014118,0.0,0.100932,0.101193,0.0,0.0,0.0,0.035881,0.019753,0.031942,0.013938,0.0,0.10165,0.0,0.0,0.0,0.025875,0.0,0.0,0.0,0.0,0.0,0.0,0.0,0.0,0.032168
2021-08-09,0.058936,0.0,0.0,0.043487,0.0,0.0,0.0,0.0,0.097182,0.0,0.0,0.10177,0.08518,0.0,0.043527,0.055837,0.036171,0.014046,0.0,0.100724,0.101914,0.0,0.0,0.0,0.035882,0.01975,0.032063,0.014024,0.0,0.101439,0.0,0.0,0.0,0.025795,0.0,0.0,0.0,0.0,0.0,0.0,0.0,0.0,0.032273
2021-08-10,0.058809,0.0,0.0,0.043618,0.0,0.0,0.0,0.0,0.095996,0.0,0.0,0.101686,0.08584,0.0,0.044172,0.057221,0.036438,0.014188,0.0,0.101746,0.101397,0.0,0.0,0.0,0.035526,0.019467,0.031587,0.013822,0.0,0.100199,0.0,0.0,0.0,0.026108,0.0,0.0,0.0,0.0,0.0,0.0,0.0,0.0,0.032179
2021-08-11,0.058684,0.0,0.0,0.043298,0.0,0.0,0.0,0.0,0.095551,0.0,0.0,0.101394,0.086408,0.0,0.044306,0.057152,0.036733,0.01435,0.0,0.104069,0.09991,0.0,0.0,0.0,0.03536,0.019308,0.031356,0.013701,0.0,0.100305,0.0,0.0,0.0,0.026092,0.0,0.0,0.0,0.0,0.0,0.0,0.0,0.0,0.032024
2021-08-12,0.058717,0.0,0.0,0.043379,0.0,0.0,0.0,0.0,0.09514,0.0,0.0,0.10149,0.086491,0.0,0.044224,0.056932,0.036633,0.014348,0.0,0.103194,0.100613,0.0,0.0,0.0,0.035533,0.019084,0.031639,0.013866,0.0,0.100438,0.0,0.0,0.0,0.026288,0.0,0.0,0.0,0.0,0.0,0.0,0.0,0.0,0.031994
2021-08-13,0.059116,0.0,0.0,0.043407,0.0,0.0,0.0,0.0,0.094185,0.0,0.0,0.101813,0.086066,0.0,0.043815,0.05514,0.036612,0.014366,0.0,0.103389,0.101502,0.0,0.0,0.0,0.035819,0.019253,0.031805,0.013965,0.0,0.101246,0.0,0.0,0.0,0.026424,0.0,0.0,0.0,0.0,0.0,0.0,0.0,0.0,0.032078
2021-08-16,0.058957,0.0,0.0,0.043236,0.0,0.0,0.0,0.0,0.093875,0.0,0.0,0.102187,0.086014,0.0,0.043093,0.053631,0.03681,0.014425,0.0,0.104102,0.10286,0.0,0.0,0.0,0.036052,0.01922,0.031638,0.013849,0.0,0.101324,0.0,0.0,0.0,0.026586,0.0,0.0,0.0,0.0,0.0,0.0,0.0,0.0,0.032141
2021-08-17,0.059412,0.0,0.0,0.043259,0.0,0.0,0.0,0.0,0.091985,0.0,0.0,0.102349,0.08626,0.0,0.043073,0.053789,0.036774,0.014416,0.0,0.101419,0.105112,0.0,0.0,0.0,0.036109,0.019035,0.031731,0.013906,0.0,0.102226,0.0,0.0,0.0,0.026684,0.0,0.0,0.0,0.0,0.0,0.0,0.0,0.0,0.032459
2021-08-18,0.059741,0.0,0.0,0.04393,0.0,0.0,0.0,0.0,0.094052,0.0,0.0,0.102264,0.085782,0.0,0.042465,0.052638,0.036621,0.014403,0.0,0.101884,0.104222,0.0,0.0,0.0,0.035854,0.018912,0.031804,0.013879,0.0,0.101988,0.0,0.0,0.0,0.026881,0.0,0.0,0.0,0.0,0.0,0.0,0.0,0.0,0.032681
2021-08-19,0.059416,0.0,0.0,0.043258,0.0,0.0,0.0,0.0,0.092731,0.0,0.0,0.102914,0.085677,0.0,0.041621,0.051353,0.036592,0.014339,0.0,0.102202,0.105347,0.0,0.0,0.0,0.036431,0.019186,0.032226,0.014036,0.0,0.103121,0.0,0.0,0.0,0.02667,0.0,0.0,0.0,0.0,0.0,0.0,0.0,0.0,0.032881
2021-08-20,0.059316,0.0,0.0,0.04325,0.0,0.0,0.0,0.0,0.092644,0.0,0.0,0.103092,0.08561,0.0,0.041425,0.051203,0.036436,0.014292,0.0,0.103392,0.105219,0.0,0.0,0.0,0.036647,0.019197,0.032392,0.014079,0.0,0.102924,0.0,0.0,0.0,0.026222,0.0,0.0,0.0,0.0,0.0,0.0,0.0,0.0,0.032662
2021-08-23,0.05938,0.0,0.0,0.043247,0.0,0.0,0.0,0.0,0.093645,0.0,0.0,0.103185,0.085361,0.0,0.042503,0.053198,0.036329,0.014262,0.0,0.101923,0.104094,0.0,0.0,0.0,0.036709,0.01952,0.032554,0.014113,0.0,0.101595,0.0,0.0,0.0,0.026084,0.0,0.0,0.0,0.0,0.0,0.0,0.0,0.0,0.032297
2021-08-24,0.059187,0.0,0.0,0.043343,0.0,0.0,0.0,0.0,0.093339,0.0,0.0,0.102964,0.085418,0.0,0.042977,0.054496,0.036316,0.014218,0.0,0.102774,0.103173,0.0,0.0,0.0,0.036471,0.019415,0.032594,0.014367,0.0,0.100606,0.0,0.0,0.0,0.026218,0.0,0.0,0.0,0.0,0.0,0.0,0.0,0.0,0.032124
2021-08-25,0.058934,0.0,0.0,0.04344,0.0,0.0,0.0,0.0,0.094238,0.0,0.0,0.102515,0.085914,0.0,0.04305,0.055147,0.036334,0.014225,0.0,0.10322,0.102285,0.0,0.0,0.0,0.036236,0.019448,0.032475,0.014475,0.0,0.099947,0.0,0.0,0.0,0.026186,0.0,0.0,0.0,0.0,0.0,0.0,0.0,0.0,0.031932
2021-08-26,0.059119,0.0,0.0,0.043466,0.0,0.0,0.0,0.0,0.094132,0.0,0.0,0.10229,0.086051,0.0,0.042674,0.054564,0.036411,0.014218,0.0,0.102483,0.10255,0.0,0.0,0.0,0.036243,0.019593,0.032542,0.014624,0.0,0.100638,0.0,0.0,0.0,0.026261,0.0,0.0,0.0,0.0,0.0,0.0,0.0,0.0,0.03214
2021-08-27,0.058615,0.0,0.0,0.043334,0.0,0.0,0.0,0.0,0.094808,0.0,0.0,0.102462,0.085977,0.0,0.043201,0.056643,0.036152,0.01415,0.0,0.10267,0.101009,0.0,0.0,0.0,0.036083,0.019689,0.032581,0.014559,0.0,0.100276,0.0,0.0,0.0,0.026098,0.0,0.0,0.0,0.0,0.0,0.0,0.0,0.0,0.031693
2021-08-30,0.058575,0.0,0.0,0.043393,0.0,0.0,0.0,0.0,0.09541,0.0,0.0,0.103092,0.084706,0.0,0.042664,0.055667,0.036086,0.014026,0.0,0.102321,0.101509,0.0,0.0,0.0,0.036446,0.019715,0.032708,0.014628,0.0,0.101209,0.0,0.0,0.0,0.026175,0.0,0.0,0.0,0.0,0.0,0.0,0.0,0.0,0.03167
2021-08-31,0.064169,0.083006,0.0,0.018776,0.0,0.0,0.023217,0.0,0.047826,0.0,0.0,0.082787,0.077085,0.0,0.031225,0.0,0.083305,0.0,0.0,0.046265,0.082478,0.0,0.0,0.0,0.022594,0.015441,0.02206,0.022495,0.0,0.083089,0.083118,0.0,0.0,0.047596,0.031213,0.0,0.0,0.027781,0.0,0.0,0.0,0.0,0.004476
2021-09-01,0.064357,0.083554,0.0,0.01878,0.0,0.0,0.023367,0.0,0.047931,0.0,0.0,0.083167,0.076611,0.0,0.030754,0.0,0.082951,0.0,0.0,0.046694,0.082467,0.0,0.0,0.0,0.022591,0.01535,0.022126,0.022538,0.0,0.084385,0.081724,0.0,0.0,0.047402,0.030997,0.0,0.0,0.027781,0.0,0.0,0.0,0.0,0.004474
2021-09-02,0.06437,0.083719,0.0,0.018899,0.0,0.0,0.022849,0.0,0.047737,0.0,0.0,0.082348,0.076631,0.0,0.031435,0.0,0.083581,0.0,0.0,0.046535,0.083091,0.0,0.0,0.0,0.022496,0.015359,0.022035,0.022676,0.0,0.084563,0.080936,0.0,0.0,0.047304,0.031271,0.0,0.0,0.027705,0.0,0.0,0.0,0.0,0.00446
2021-09-03,0.064476,0.08357,0.0,0.018846,0.0,0.0,0.022825,0.0,0.048211,0.0,0.0,0.082494,0.076285,0.0,0.031311,0.0,0.083219,0.0,0.0,0.046093,0.083329,0.0,0.0,0.0,0.022625,0.015501,0.02228,0.022877,0.0,0.084728,0.079944,0.0,0.0,0.047362,0.03184,0.0,0.0,0.027715,0.0,0.0,0.0,0.0,0.004467
2021-09-06,0.064772,0.083532,0.0,0.018968,0.0,0.0,0.022815,0.0,0.048189,0.0,0.0,0.082456,0.076251,0.0,0.031296,0.0,0.083181,0.0,0.0,0.046072,0.083291,0.0,0.0,0.0,0.022615,0.015494,0.02227,0.022867,0.0,0.084689,0.079908,0.0,0.0,0.047341,0.031826,0.0,0.0,0.027703,0.0,0.0,0.0,0.0,0.004465
2021-09-07,0.064539,0.083503,0.0,0.018934,0.0,0.0,0.023036,0.0,0.048122,0.0,0.0,0.082939,0.076056,0.0,0.031219,0.0,0.082029,0.0,0.0,0.045734,0.083094,0.0,0.0,0.0,0.0227,0.015492,0.022109,0.022698,0.0,0.084029,0.082707,0.0,0.0,0.047208,0.031641,0.0,0.0,0.027731,0.0,0.0,0.0,0.0,0.004481
2021-09-08,0.064686,0.083291,0.0,0.018878,0.0,0.0,0.021893,0.0,0.047592,0.0,0.0,0.08317,0.076479,0.0,0.031064,0.0,0.082794,0.0,0.0,0.045153,0.083719,0.0,0.0,0.0,0.022793,0.015415,0.022144,0.022747,0.0,0.085123,0.082326,0.0,0.0,0.047282,0.030869,0.0,0.0,0.028065,0.0,0.0,0.0,0.0,0.004516
2021-09-09,0.064947,0.083153,0.0,0.019014,0.0,0.0,0.022638,0.0,0.048103,0.0,0.0,0.082873,0.076807,0.0,0.031171,0.0,0.082505,0.0,0.0,0.045119,0.082865,0.0,0.0,0.0,0.022738,0.01549,0.022137,0.022729,0.0,0.083507,0.083283,0.0,0.0,0.046945,0.031202,0.0,0.0,0.028251,0.0,0.0,0.0,0.0,0.004523
2021-09-10,0.064929,0.083254,0.0,0.018996,0.0,0.0,0.022395,0.0,0.048682,0.0,0.0,0.082675,0.076553,0.0,0.031287,0.0,0.082473,0.0,0.0,0.045189,0.082446,0.0,0.0,0.0,0.022606,0.015678,0.022091,0.022518,0.0,0.082624,0.083912,0.0,0.0,0.046936,0.031923,0.0,0.0,0.028289,0.0,0.0,0.0,0.0,0.004541
2021-09-13,0.064548,0.083584,0.0,0.01898,0.0,0.0,0.022839,0.0,0.048817,0.0,0.0,0.08273,0.077288,0.0,0.032125,0.0,0.08254,0.0,0.0,0.045056,0.081789,0.0,0.0,0.0,0.022572,0.015799,0.021773,0.02249,0.0,0.083031,0.082362,0.0,0.0,0.046725,0.032181,0.0,0.0,0.028237,0.0,0.0,0.0,0.0,0.004533
2021-09-14,0.064776,0.083613,0.0,0.01896,0.0,0.0,0.022679,0.0,0.048752,0.0,0.0,0.082257,0.076476,0.0,0.031754,0.0,0.081788,0.0,0.0,0.044501,0.082018,0.0,0.0,0.0,0.02261,0.015846,0.021886,0.022561,0.0,0.083129,0.084717,0.0,0.0,0.046938,0.031855,0.0,0.0,0.028336,0.0,0.0,0.0,0.0,0.004546
2021-09-15,0.06413,0.083052,0.0,0.018821,0.0,0.0,0.022402,0.0,0.048433,0.0,0.0,0.082094,0.076681,0.0,0.032715,0.0,0.08212,0.0,0.0,0.044458,0.081985,0.0,0.0,0.0,0.022652,0.015828,0.021949,0.022516,0.0,0.082822,0.085283,0.0,0.0,0.047094,0.032294,0.0,0.0,0.028157,0.0,0.0,0.0,0.0,0.004515
2021-09-16,0.064472,0.083487,0.0,0.019006,0.0,0.0,0.02216,0.0,0.048334,0.0,0.0,0.082481,0.076892,0.0,0.032527,0.0,0.08202,0.0,0.0,0.045185,0.08224,0.0,0.0,0.0,0.022793,0.015949,0.022209,0.022719,0.0,0.083361,0.082889,0.0,0.0,0.047336,0.03113,0.0,0.0,0.028271,0.0,0.0,0.0,0.0,0.00454
2021-09-17,0.064737,0.082864,0.0,0.019121,0.0,0.0,0.021736,0.0,0.04844,0.0,0.0,0.082268,0.077202,0.0,0.032562,0.0,0.081843,0.0,0.0,0.045663,0.083026,0.0,0.0,0.0,0.022631,0.015829,0.02225,0.022686,0.0,0.083325,0.083053,0.0,0.0,0.04736,0.030394,0.0,0.0,0.028432,0.0,0.0,0.0,0.0,0.004579
2021-09-20,0.064893,0.082971,0.0,0.019154,0.0,0.0,0.021544,0.0,0.047912,0.0,0.0,0.082323,0.07701,0.0,0.032237,0.0,0.082619,0.0,0.0,0.045487,0.083901,0.0,0.0,0.0,0.022689,0.015764,0.022321,0.022766,0.0,0.084571,0.080651,0.0,0.0,0.047895,0.029554,0.0,0.0,0.029061,0.0,0.0,0.0,0.0,0.004676
2021-09-21,0.065148,0.083605,0.0,0.019271,0.0,0.0,0.02191,0.0,0.048042,0.0,0.0,0.081755,0.076693,0.0,0.032223,0.0,0.081959,0.0,0.0,0.045224,0.083799,0.0,0.0,0.0,0.022636,0.015767,0.022303,0.022694,0.0,0.084379,0.081746,0.0,0.0,0.047712,0.029508,0.0,0.0,0.028962,0.0,0.0,0.0,0.0,0.004664
2021-09-22,0.064875,0.083515,0.0,0.019271,0.0,0.0,0.022002,0.0,0.04806,0.0,0.0,0.080854,0.077155,0.0,0.032867,0.0,0.08174,0.0,0.0,0.045159,0.083056,0.0,0.0,0.0,0.022705,0.015925,0.022273,0.02277,0.0,0.084304,0.082659,0.0,0.0,0.047646,0.029921,0.0,0.0,0.028628,0.0,0.0,0.0,0.0,0.004614
2021-09-23,0.064739,0.083653,0.0,0.019243,0.0,0.0,0.022045,0.0,0.048191,0.0,0.0,0.080733,0.078127,0.0,0.033623,0.0,0.082027,0.0,0.0,0.044679,0.082682,0.0,0.0,0.0,0.022741,0.01595,0.02237,0.022719,0.0,0.083159,0.082816,0.0,0.0,0.047675,0.030073,0.0,0.0,0.028194,0.0,0.0,0.0,0.0,0.00456
2021-09-24,0.064577,0.082874,0.0,0.019253,0.0,0.0,0.021788,0.0,0.048133,0.0,0.0,0.0816,0.078736,0.0,0.033962,0.0,0.082406,0.0,0.0,0.044708,0.082554,0.0,0.0,0.0,0.022815,0.015972,0.022499,0.022785,0.0,0.082478,0.08247,0.0,0.0,0.047796,0.029829,0.0,0.0,0.028194,0.0,0.0,0.0,0.0,0.004571
2021-09-27,0.064612,0.082729,0.0,0.019402,0.0,0.0,0.021723,0.0,0.048277,0.0,0.0,0.081567,0.079785,0.0,0.035159,0.0,0.082465,0.0,0.0,0.045078,0.081355,0.0,0.0,0.0,0.022587,0.015928,0.022114,0.022556,0.0,0.081346,0.082417,0.0,0.0,0.048138,0.029993,0.0,0.0,0.028199,0.0,0.0,0.0,0.0,0.00457
2021-09-28,0.064512,0.082328,0.0,0.019426,0.0,0.0,0.021335,0.0,0.048119,0.0,0.0,0.081099,0.079966,0.0,0.035954,0.0,0.083066,0.0,0.0,0.044627,0.081488,0.0,0.0,0.0,0.022337,0.015598,0.02172,0.022215,0.0,0.082339,0.081261,0.0,0.0,0.049213,0.030065,0.0,0.0,0.028675,0.0,0.0,0.0,0.0,0.004657
2021-09-29,0.064665,0.082099,0.0,0.019424,0.0,0.0,0.021483,0.0,0.047431,0.0,0.0,0.081085,0.080085,0.0,0.035979,0.0,0.083216,0.0,0.0,0.044968,0.082189,0.0,0.0,0.0,0.022324,0.015362,0.021685,0.022176,0.0,0.083014,0.080681,0.0,0.0,0.049248,0.029513,0.0,0.0,0.028711,0.0,0.0,0.0,0.0,0.00466
2021-09-30,0.100604,0.043148,0.0,0.0,0.0,0.0,0.02556,0.078514,0.022086,0.0,0.022964,0.101002,0.048829,0.0,0.0,0.0,0.0,0.0,0.028017,0.032459,0.100289,0.0,0.0,0.040828,0.025384,0.012347,0.025225,0.025342,0.011415,0.101037,0.100934,0.0,0.0,0.048961,0.0,0.0,0.0,0.0,0.0,0.0,0.0,0.0,0.005055
2021-10-01,0.099451,0.043122,0.0,0.0,0.0,0.0,0.026136,0.078716,0.021886,0.0,0.022979,0.102004,0.049298,0.0,0.0,0.0,0.0,0.0,0.028269,0.03235,0.099629,0.0,0.0,0.040549,0.025591,0.012271,0.025422,0.025526,0.011198,0.101768,0.099476,0.0,0.0,0.049339,0.0,0.0,0.0,0.0,0.0,0.0,0.0,0.0,0.005021
2021-10-04,0.099785,0.043458,0.0,0.0,0.0,0.0,0.025652,0.07935,0.021608,0.0,0.023094,0.101099,0.049507,0.0,0.0,0.0,0.0,0.0,0.028512,0.032667,0.099388,0.0,0.0,0.041643,0.025323,0.01211,0.02498,0.02533,0.01092,0.103112,0.097499,0.0,0.0,0.049878,0.0,0.0,0.0,0.0,0.0,0.0,0.0,0.0,0.005086
2021-10-05,0.10044,0.043256,0.0,0.0,0.0,0.0,0.025258,0.079531,0.021563,0.0,0.022967,0.101637,0.049998,0.0,0.0,0.0,0.0,0.0,0.028492,0.032412,0.099035,0.0,0.0,0.041146,0.025441,0.012177,0.025165,0.02539,0.010966,0.101433,0.099558,0.0,0.0,0.049099,0.0,0.0,0.0,0.0,0.0,0.0,0.0,0.0,0.005037
2021-10-06,0.099211,0.04303,0.0,0.0,0.0,0.0,0.02541,0.078863,0.021527,0.0,0.02307,0.101946,0.050115,0.0,0.0,0.0,0.0,0.0,0.028477,0.03265,0.098985,0.0,0.0,0.041838,0.025641,0.012241,0.025353,0.025642,0.010971,0.102538,0.098361,0.0,0.0,0.049087,0.0,0.0,0.0,0.0,0.0,0.0,0.0,0.0,0.005043
2021-10-07,0.100633,0.042901,0.0,0.0,0.0,0.0,0.02502,0.078504,0.021701,0.0,0.023185,0.101321,0.049889,0.0,0.0,0.0,0.0,0.0,0.028548,0.03279,0.099253,0.0,0.0,0.041182,0.025605,0.012255,0.025405,0.025776,0.010986,0.101745,0.099356,0.0,0.0,0.048956,0.0,0.0,0.0,0.0,0.0,0.0,0.0,0.0,0.004992
2021-10-08,0.100731,0.043142,0.0,0.0,0.0,0.0,0.025643,0.078834,0.021643,0.0,0.023194,0.101329,0.050385,0.0,0.0,0.0,0.0,0.0,0.028533,0.032672,0.099252,0.0,0.0,0.041084,0.025638,0.01219,0.025347,0.025709,0.010976,0.10129,0.098059,0.0,0.0,0.049329,0.0,0.0,0.0,0.0,0.0,0.0,0.0,0.0,0.005016
2021-10-11,0.101379,0.043046,0.0,0.0,0.0,0.0,0.02546,0.0789,0.021684,0.0,0.023186,0.100171,0.050065,0.0,0.0,0.0,0.0,0.0,0.028642,0.032763,0.098841,0.0,0.0,0.040676,0.02559,0.012153,0.025379,0.025736,0.010945,0.101921,0.09907,0.0,0.0,0.049357,0.0,0.0,0.0,0.0,0.0,0.0,0.0,0.0,0.005034
2021-10-12,0.100448,0.04324,0.0,0.0,0.0,0.0,0.025411,0.079281,0.021398,0.0,0.023382,0.099295,0.049937,0.0,0.0,0.0,0.0,0.0,0.028696,0.032913,0.098416,0.0,0.0,0.040972,0.025472,0.012008,0.025683,0.026082,0.011026,0.103312,0.098609,0.0,0.0,0.049384,0.0,0.0,0.0,0.0,0.0,0.0,0.0,0.0,0.005036
2021-10-13,0.099486,0.043472,0.0,0.0,0.0,0.0,0.025582,0.079559,0.021187,0.0,0.023277,0.098829,0.049188,0.0,0.0,0.0,0.0,0.0,0.028641,0.032799,0.097652,0.0,0.0,0.041062,0.025388,0.011965,0.025963,0.026378,0.011064,0.103092,0.10226,0.0,0.0,0.048165,0.0,0.0,0.0,0.0,0.0,0.0,0.0,0.0,0.00499
2021-10-14,0.099916,0.043369,0.0,0.0,0.0,0.0,0.025164,0.079193,0.021159,0.0,0.023208,0.098891,0.049346,0.0,0.0,0.0,0.0,0.0,0.028947,0.033248,0.097736,0.0,0.0,0.041015,0.025616,0.012172,0.026022,0.026514,0.011246,0.10296,0.101657,0.0,0.0,0.047699,0.0,0.0,0.0,0.0,0.0,0.0,0.0,0.0,0.004924
2021-10-15,0.100259,0.043462,0.0,0.0,0.0,0.0,0.025639,0.07891,0.021357,0.0,0.023438,0.09813,0.049813,0.0,0.0,0.0,0.0,0.0,0.028878,0.032865,0.097694,0.0,0.0,0.040678,0.025683,0.012188,0.025949,0.026387,0.011358,0.102333,0.102438,0.0,0.0,0.047643,0.0,0.0,0.0,0.0,0.0,0.0,0.0,0.0,0.004897
2021-10-18,0.099929,0.043087,0.0,0.0,0.0,0.0,0.025227,0.078633,0.021193,0.0,0.023627,0.098482,0.049621,0.0,0.0,0.0,0.0,0.0,0.028739,0.033275,0.096632,0.0,0.0,0.040122,0.025794,0.012236,0.026131,0.026595,0.011245,0.102171,0.105012,0.0,0.0,0.047373,0.0,0.0,0.0,0.0,0.0,0.0,0.0,0.0,0.004877
2021-10-19,0.100281,0.043144,0.0,0.0,0.0,0.0,0.024011,0.077989,0.021459,0.0,0.02346,0.099008,0.049898,0.0,0.0,0.0,0.0,0.0,0.028767,0.033081,0.097485,0.0,0.0,0.040455,0.025939,0.012333,0.026251,0.026502,0.011281,0.101784,0.104968,0.0,0.0,0.047048,0.0,0.0,0.0,0.0,0.0,0.0,0.0,0.0,0.004856
2021-10-20,0.100128,0.043075,0.0,0.0,0.0,0.0,0.024035,0.077301,0.021277,0.0,0.02331,0.098641,0.050013,0.0,0.0,0.0,0.0,0.0,0.028834,0.033457,0.098319,0.0,0.0,0.040861,0.025721,0.012238,0.026055,0.026427,0.011164,0.102802,0.104586,0.0,0.0,0.046929,0.0,0.0,0.0,0.0,0.0,0.0,0.0,0.0,0.004828
2021-10-21,0.100077,0.043152,0.0,0.0,0.0,0.0,0.022923,0.076924,0.021246,0.0,0.023698,0.099119,0.049897,0.0,0.0,0.0,0.0,0.0,0.028815,0.033511,0.098907,0.0,0.0,0.04094,0.02587,0.012385,0.026373,0.026661,0.011093,0.103141,0.103878,0.0,0.0,0.046553,0.0,0.0,0.0,0.0,0.0,0.0,0.0,0.0,0.004837
2021-10-22,0.100407,0.043432,0.0,0.0,0.0,0.0,0.022946,0.076373,0.021196,0.0,0.023653,0.097181,0.05068,0.0,0.0,0.0,0.0,0.0,0.028809,0.033525,0.099473,0.0,0.0,0.041217,0.025823,0.012266,0.026254,0.026661,0.011108,0.1038,0.103745,0.0,0.0,0.046607,0.0,0.0,0.0,0.0,0.0,0.0,0.0,0.0,0.004845
2021-10-25,0.10001,0.04293,0.0,0.0,0.0,0.0,0.023611,0.075734,0.021197,0.0,0.024047,0.096828,0.050215,0.0,0.0,0.0,0.0,0.0,0.028866,0.033506,0.098801,0.0,0.0,0.040712,0.025702,0.012252,0.026175,0.026617,0.011145,0.103304,0.106915,0.0,0.0,0.046626,0.0,0.0,0.0,0.0,0.0,0.0,0.0,0.0,0.004807
2021-10-26,0.1005,0.043081,0.0,0.0,0.0,0.0,0.023068,0.076496,0.021387,0.0,0.024044,0.095939,0.050238,0.0,0.0,0.0,0.0,0.0,0.028939,0.033324,0.099262,0.0,0.0,0.04092,0.025768,0.012258,0.026102,0.026358,0.011049,0.10356,0.10602,0.0,0.0,0.046881,0.0,0.0,0.0,0.0,0.0,0.0,0.0,0.0,0.004805
2021-10-27,0.10067,0.043189,0.0,0.0,0.0,0.0,0.023268,0.076594,0.021503,0.0,0.024235,0.096222,0.049691,0.0,0.0,0.0,0.0,0.0,0.028688,0.033374,0.099038,0.0,0.0,0.040879,0.025892,0.01224,0.026022,0.026275,0.010927,0.103269,0.106142,0.0,0.0,0.047051,0.0,0.0,0.0,0.0,0.0,0.0,0.0,0.0,0.004833
2021-10-28,0.100416,0.043348,0.0,0.0,0.0,0.0,0.022728,0.075238,0.021549,0.0,0.024377,0.09583,0.049934,0.0,0.0,0.0,0.0,0.0,0.028761,0.033591,0.099137,0.0,0.0,0.040847,0.025961,0.012424,0.026142,0.026285,0.011108,0.103947,0.106653,0.0,0.0,0.046926,0.0,0.0,0.0,0.0,0.0,0.0,0.0,0.0,0.004797
2021-10-29,0.0436,0.0,0.04209,0.035658,0.0,0.0,0.0,0.079793,0.0,0.0,0.0,0.0,0.079729,0.0,0.017332,0.062353,0.0,0.0,0.0,0.0,0.079792,0.0,0.0,0.0,0.01757,0.0,0.025764,0.025971,0.0,0.07978,0.079748,0.0,0.0,0.079805,0.0,0.0,0.033554,0.045708,0.046538,0.03277,0.079537,0.0,0.012908
2021-11-01,0.043585,0.0,0.042495,0.035953,0.0,0.0,0.0,0.080341,0.0,0.0,0.0,0.0,0.079341,0.0,0.017536,0.063897,0.0,0.0,0.0,0.0,0.07927,0.0,0.0,0.0,0.01745,0.0,0.02557,0.025793,0.0,0.079746,0.079537,0.0,0.0,0.080325,0.0,0.0,0.033371,0.045284,0.04624,0.032536,0.078893,0.0,0.012837
2021-11-02,0.043632,0.0,0.04239,0.035923,0.0,0.0,0.0,0.080285,0.0,0.0,0.0,0.0,0.079435,0.0,0.017349,0.063138,0.0,0.0,0.0,0.0,0.079664,0.0,0.0,0.0,0.017581,0.0,0.025591,0.025865,0.0,0.08002,0.07976,0.0,0.0,0.079932,0.0,0.0,0.033409,0.045405,0.046291,0.032619,0.078891,0.0,0.01282
2021-11-03,0.043591,0.0,0.042598,0.036148,0.0,0.0,0.0,0.080467,0.0,0.0,0.0,0.0,0.079637,0.0,0.017185,0.062477,0.0,0.0,0.0,0.0,0.080039,0.0,0.0,0.0,0.017663,0.0,0.025499,0.025925,0.0,0.080196,0.079952,0.0,0.0,0.079758,0.0,0.0,0.033266,0.045289,0.046329,0.032498,0.078677,0.0,0.012805
2021-11-04,0.043836,0.0,0.042833,0.03629,0.0,0.0,0.0,0.08032,0.0,0.0,0.0,0.0,0.078468,0.0,0.017181,0.062004,0.0,0.0,0.0,0.0,0.07936,0.0,0.0,0.0,0.01791,0.0,0.025716,0.026217,0.0,0.079305,0.081378,0.0,0.0,0.079382,0.0,0.0,0.033392,0.045514,0.046376,0.032616,0.079118,0.0,0.012784
2021-11-05,0.044009,0.0,0.042787,0.036519,0.0,0.0,0.0,0.080712,0.0,0.0,0.0,0.0,0.078322,0.0,0.017364,0.063561,0.0,0.0,0.0,0.0,0.078289,0.0,0.0,0.0,0.01796,0.0,0.025459,0.026079,0.0,0.079523,0.080071,0.0,0.0,0.078786,0.0,0.0,0.033496,0.045565,0.046441,0.032777,0.079527,0.0,0.012751
2021-11-08,0.043734,0.0,0.042439,0.036353,0.0,0.0,0.0,0.08135,0.0,0.0,0.0,0.0,0.078279,0.0,0.017416,0.064192,0.0,0.0,0.0,0.0,0.07828,0.0,0.0,0.0,0.017948,0.0,0.025642,0.026342,0.0,0.078979,0.082086,0.0,0.0,0.078108,0.0,0.0,0.03315,0.045441,0.046104,0.032505,0.078977,0.0,0.012676
2021-11-09,0.043647,0.0,0.042249,0.036165,0.0,0.0,0.0,0.080774,0.0,0.0,0.0,0.0,0.077992,0.0,0.017519,0.064182,0.0,0.0,0.0,0.0,0.078135,0.0,0.0,0.0,0.017907,0.0,0.025785,0.026508,0.0,0.07926,0.081066,0.0,0.0,0.078821,0.0,0.0,0.033363,0.04579,0.046224,0.032651,0.079263,0.0,0.012699
2021-11-10,0.044038,0.0,0.042005,0.036636,0.0,0.0,0.0,0.081192,0.0,0.0,0.0,0.0,0.078634,0.0,0.017227,0.061787,0.0,0.0,0.0,0.0,0.079141,0.0,0.0,0.0,0.017788,0.0,0.0253,0.026324,0.0,0.079681,0.079815,0.0,0.0,0.080143,0.0,0.0,0.033408,0.046106,0.046425,0.03264,0.078886,0.0,0.012824
2021-11-11,0.043625,0.0,0.042047,0.036493,0.0,0.0,0.0,0.081077,0.0,0.0,0.0,0.0,0.078473,0.0,0.01721,0.062431,0.0,0.0,0.0,0.0,0.078532,0.0,0.0,0.0,0.017785,0.0,0.025299,0.026312,0.0,0.079429,0.082273,0.0,0.0,0.080209,0.0,0.0,0.033141,0.045878,0.046123,0.032391,0.078508,0.0,0.012763
2021-11-12,0.043666,0.0,0.042485,0.036417,0.0,0.0,0.0,0.081734,0.0,0.0,0.0,0.0,0.078333,0.0,0.017099,0.062041,0.0,0.0,0.0,0.0,0.078604,0.0,0.0,0.0,0.017929,0.0,0.025619,0.026581,0.0,0.079053,0.081892,0.0,0.0,0.080498,0.0,0.0,0.033077,0.045687,0.045953,0.032227,0.078393,0.0,0.012712
2021-11-15,0.043881,0.0,0.042547,0.036642,0.0,0.0,0.0,0.081681,0.0,0.0,0.0,0.0,0.078515,0.0,0.017282,0.062608,0.0,0.0,0.0,0.0,0.078298,0.0,0.0,0.0,0.017953,0.0,0.02554,0.026229,0.0,0.079792,0.079905,0.0,0.0,0.081134,0.0,0.0,0.033024,0.0458,0.046007,0.032056,0.078367,0.0,0.012741
2021-11-16,0.043991,0.0,0.042511,0.036831,0.0,0.0,0.0,0.081179,0.0,0.0,0.0,0.0,0.078528,0.0,0.017329,0.062339,0.0,0.0,0.0,0.0,0.078719,0.0,0.0,0.0,0.018163,0.0,0.025861,0.026574,0.0,0.079357,0.079372,0.0,0.0,0.08127,0.0,0.0,0.033033,0.045786,0.046082,0.03204,0.078279,0.0,0.012756
2021-11-17,0.043929,0.0,0.042432,0.036704,0.0,0.0,0.0,0.081155,0.0,0.0,0.0,0.0,0.077806,0.0,0.017103,0.060263,0.0,0.0,0.0,0.0,0.079013,0.0,0.0,0.0,0.01815,0.0,0.025701,0.026449,0.0,0.079787,0.08014,0.0,0.0,0.082441,0.0,0.0,0.033228,0.045983,0.04614,0.032243,0.078546,0.0,0.012785
2021-11-18,0.044009,0.0,0.042605,0.036606,0.0,0.0,0.0,0.080707,0.0,0.0,0.0,0.0,0.077528,0.0,0.017026,0.06048,0.0,0.0,0.0,0.0,0.079159,0.0,0.0,0.0,0.018358,0.0,0.025502,0.026321,0.0,0.079919,0.080008,0.0,0.0,0.082193,0.0,0.0,0.033298,0.046079,0.046171,0.032364,0.078863,0.0,0.012804
2021-11-19,0.044226,0.0,0.042891,0.036723,0.0,0.0,0.0,0.080729,0.0,0.0,0.0,0.0,0.077044,0.0,0.016439,0.057731,0.0,0.0,0.0,0.0,0.07905,0.0,0.0,0.0,0.018579,0.0,0.025705,0.026215,0.0,0.079821,0.081241,0.0,0.0,0.082786,0.0,0.0,0.033545,0.046211,0.046351,0.032639,0.079213,0.0,0.012863
2021-11-22,0.044316,0.0,0.042748,0.036911,0.0,0.0,0.0,0.079342,0.0,0.0,0.0,0.0,0.078272,0.0,0.016761,0.05875,0.0,0.0,0.0,0.0,0.078836,0.0,0.0,0.0,0.018405,0.0,0.025025,0.025513,0.0,0.079572,0.082863,0.0,0.0,0.083309,0.0,0.0,0.03336,0.045922,0.046258,0.032413,0.078537,0.0,0.012886
2021-11-23,0.043702,0.0,0.042708,0.036221,0.0,0.0,0.0,0.080186,0.0,0.0,0.0,0.0,0.079332,0.0,0.01724,0.060988,0.0,0.0,0.0,0.0,0.078755,0.0,0.0,0.0,0.018324,0.0,0.024584,0.025134,0.0,0.080047,0.081271,0.0,0.0,0.083753,0.0,0.0,0.033153,0.045649,0.046097,0.032115,0.077881,0.0,0.01286
2021-11-24,0.043701,0.0,0.042118,0.036419,0.0,0.0,0.0,0.079048,0.0,0.0,0.0,0.0,0.079026,0.0,0.01738,0.061688,0.0,0.0,0.0,0.0,0.078597,0.0,0.0,0.0,0.018428,0.0,0.024657,0.025423,0.0,0.080886,0.081355,0.0,0.0,0.083411,0.0,0.0,0.033201,0.045717,0.046012,0.032217,0.077877,0.0,0.012839
2021-11-25,0.043875,0.0,0.042104,0.036538,0.0,0.0,0.0,0.079023,0.0,0.0,0.0,0.0,0.079001,0.0,0.017374,0.061669,0.0,0.0,0.0,0.0,0.078572,0.0,0.0,0.0,0.018422,0.0,0.024649,0.025415,0.0,0.08086,0.081329,0.0,0.0,0.083385,0.0,0.0,0.033191,0.045702,0.045997,0.032207,0.077853,0.0,0.012834
2021-11-26,0.043667,0.0,0.04185,0.035627,0.0,0.0,0.0,0.078274,0.0,0.0,0.0,0.0,0.077983,0.0,0.017025,0.05883,0.0,0.0,0.0,0.0,0.079924,0.0,0.0,0.0,0.018339,0.0,0.024925,0.025558,0.0,0.080259,0.081131,0.0,0.0,0.083915,0.0,0.0,0.034324,0.046892,0.046623,0.03315,0.0786,0.0,0.013104
2021-11-29,0.04375,0.0,0.04172,0.035743,0.0,0.0,0.0,0.078156,0.0,0.0,0.0,0.0,0.07776,0.0,0.017022,0.059208,0.0,0.0,0.0,0.0,0.079666,0.0,0.0,0.0,0.018686,0.0,0.025271,0.025741,0.0,0.080374,0.082454,0.0,0.0,0.082456,0.0,0.0,0.034044,0.046506,0.046634,0.032975,0.078808,0.0,0.013026
2021-11-30,0.067101,0.027247,0.0,0.033736,0.0,0.0,0.0,0.114556,0.0,0.0,0.114671,0.0,0.058975,0.026375,0.044497,0.069908,0.0,0.0,0.0,0.0,0.063084,0.0,0.0,0.0,0.031833,0.01186,0.03183,0.031849,0.0,0.114751,0.114335,0.0,0.0,0.026932,0.0,0.0,0.0,0.0,0.0,0.0,0.0,0.0,0.016462
2021-12-01,0.068967,0.027414,0.0,0.034588,0.0,0.0,0.0,0.116104,0.0,0.0,0.113955,0.0,0.059023,0.026364,0.044554,0.067945,0.0,0.0,0.0,0.0,0.06373,0.0,0.0,0.0,0.031774,0.011907,0.030842,0.031088,0.0,0.114215,0.113656,0.0,0.0,0.027213,0.0,0.0,0.0,0.0,0.0,0.0,0.0,0.0,0.016661
2021-12-02,0.066665,0.027321,0.0,0.033437,0.0,0.0,0.0,0.116723,0.0,0.0,0.113874,0.0,0.059888,0.026867,0.045173,0.069112,0.0,0.0,0.0,0.0,0.063095,0.0,0.0,0.0,0.031594,0.011748,0.030908,0.031407,0.0,0.115908,0.112594,0.0,0.0,0.02727,0.0,0.0,0.0,0.0,0.0,0.0,0.0,0.0,0.016415
2021-12-03,0.067352,0.027496,0.0,0.033833,0.0,0.0,0.0,0.116345,0.0,0.0,0.113233,0.0,0.059742,0.026569,0.045447,0.069048,0.0,0.0,0.0,0.0,0.064103,0.0,0.0,0.0,0.031503,0.011884,0.030288,0.03103,0.0,0.11715,0.110563,0.0,0.0,0.027767,0.0,0.0,0.0,0.0,0.0,0.0,0.0,0.0,0.016647
2021-12-06,0.067468,0.027598,0.0,0.033941,0.0,0.0,0.0,0.114008,0.0,0.0,0.11363,0.0,0.060179,0.027027,0.045762,0.07061,0.0,0.0,0.0,0.0,0.063962,0.0,0.0,0.0,0.031553,0.011776,0.030088,0.030614,0.0,0.118272,0.109364,0.0,0.0,0.027633,0.0,0.0,0.0,0.0,0.0,0.0,0.0,0.0,0.016515
2021-12-07,0.067669,0.027603,0.0,0.034329,0.0,0.0,0.0,0.11378,0.0,0.0,0.113992,0.0,0.060049,0.026597,0.045911,0.072002,0.0,0.0,0.0,0.0,0.063512,0.0,0.0,0.0,0.032013,0.012127,0.030621,0.031051,0.0,0.117615,0.107878,0.0,0.0,0.027062,0.0,0.0,0.0,0.0,0.0,0.0,0.0,0.0,0.016188
2021-12-08,0.06725,0.027528,0.0,0.033835,0.0,0.0,0.0,0.114172,0.0,0.0,0.113585,0.0,0.059365,0.026387,0.045624,0.071698,0.0,0.0,0.0,0.0,0.063601,0.0,0.0,0.0,0.031964,0.011975,0.030728,0.031031,0.0,0.117741,0.110515,0.0,0.0,0.026911,0.0,0.0,0.0,0.0,0.0,0.0,0.0,0.0,0.016091
2021-12-09,0.067966,0.027594,0.0,0.034097,0.0,0.0,0.0,0.115232,0.0,0.0,0.112932,0.0,0.059942,0.02647,0.045808,0.071244,0.0,0.0,0.0,0.0,0.0645,0.0,0.0,0.0,0.031992,0.011837,0.030386,0.030801,0.0,0.117407,0.108437,0.0,0.0,0.027077,0.0,0.0,0.0,0.0,0.0,0.0,0.0,0.0,0.01628
2021-12-10,0.067373,0.027506,0.0,0.033516,0.0,0.0,0.0,0.115042,0.0,0.0,0.113088,0.0,0.05967,0.026381,0.04589,0.071702,0.0,0.0,0.0,0.0,0.064366,0.0,0.0,0.0,0.032452,0.011882,0.030638,0.030817,0.0,0.117114,0.109394,0.0,0.0,0.026981,0.0,0.0,0.0,0.0,0.0,0.0,0.0,0.0,0.016188
2021-12-13,0.068066,0.027587,0.0,0.033682,0.0,0.0,0.0,0.114412,0.0,0.0,0.111679,0.0,0.059834,0.026109,0.045224,0.06941,0.0,0.0,0.0,0.0,0.06586,0.0,0.0,0.0,0.032406,0.011724,0.030985,0.031397,0.0,0.119827,0.10797,0.0,0.0,0.027419,0.0,0.0,0.0,0.0,0.0,0.0,0.0,0.0,0.016409
2021-12-14,0.067892,0.02764,0.0,0.033912,0.0,0.0,0.0,0.11536,0.0,0.0,0.111949,0.0,0.060688,0.026527,0.04541,0.068744,0.0,0.0,0.0,0.0,0.066137,0.0,0.0,0.0,0.032138,0.011764,0.030213,0.030928,0.0,0.119274,0.107233,0.0,0.0,0.027646,0.0,0.0,0.0,0.0,0.0,0.0,0.0,0.0,0.016544
2021-12-15,0.067311,0.027787,0.0,0.03328,0.0,0.0,0.0,0.114145,0.0,0.0,0.112478,0.0,0.060381,0.026461,0.044833,0.068475,0.0,0.0,0.0,0.0,0.06696,0.0,0.0,0.0,0.032729,0.0121,0.030729,0.031592,0.0,0.119996,0.107026,0.0,0.0,0.027304,0.0,0.0,0.0,0.0,0.0,0.0,0.0,0.0,0.016414
2021-12-16,0.068873,0.027929,0.0,0.034011,0.0,0.0,0.0,0.114438,0.0,0.0,0.110425,0.0,0.06138,0.026653,0.045294,0.068089,0.0,0.0,0.0,0.0,0.067621,0.0,0.0,0.0,0.031926,0.011617,0.02988,0.031328,0.0,0.120423,0.10614,0.0,0.0,0.027494,0.0,0.0,0.0,0.0,0.0,0.0,0.0,0.0,0.016478
2021-12-17,0.068713,0.02776,0.0,0.034124,0.0,0.0,0.0,0.113827,0.0,0.0,0.110624,0.0,0.060547,0.026259,0.044757,0.067861,0.0,0.0,0.0,0.0,0.067732,0.0,0.0,0.0,0.031988,0.01169,0.030272,0.031935,0.0,0.121317,0.106466,0.0,0.0,0.027508,0.0,0.0,0.0,0.0,0.0,0.0,0.0,0.0,0.01662
2021-12-20,0.068484,0.028284,0.0,0.033727,0.0,0.0,0.0,0.114934,0.0,0.0,0.110779,0.0,0.06043,0.026229,0.04499,0.06746,0.0,0.0,0.0,0.0,0.068522,0.0,0.0,0.0,0.032171,0.011806,0.030323,0.032169,0.0,0.122518,0.102588,0.0,0.0,0.027669,0.0,0.0,0.0,0.0,0.0,0.0,0.0,0.0,0.016918
2021-12-21,0.068153,0.0281,0.0,0.034058,0.0,0.0,0.0,0.114005,0.0,0.0,0.111478,0.0,0.060504,0.026526,0.045388,0.069293,0.0,0.0,0.0,0.0,0.067494,0.0,0.0,0.0,0.032355,0.011998,0.030565,0.032385,0.0,0.121533,0.10198,0.0,0.0,0.02759,0.0,0.0,0.0,0.0,0.0,0.0,0.0,0.0,0.016594
2021-12-22,0.068449,0.028126,0.0,0.03398,0.0,0.0,0.0,0.11435,0.0,0.0,0.112227,0.0,0.060099,0.026443,0.045163,0.068904,0.0,0.0,0.0,0.0,0.067509,0.0,0.0,0.0,0.032408,0.011986,0.030395,0.032086,0.0,0.121391,0.102481,0.0,0.0,0.027597,0.0,0.0,0.0,0.0,0.0,0.0,0.0,0.0,0.016406
2021-12-23,0.068658,0.028152,0.0,0.034265,0.0,0.0,0.0,0.114541,0.0,0.0,0.113115,0.0,0.060055,0.026513,0.044922,0.068242,0.0,0.0,0.0,0.0,0.067387,0.0,0.0,0.0,0.032397,0.01203,0.030417,0.032143,0.0,0.120549,0.102829,0.0,0.0,0.027476,0.0,0.0,0.0,0.0,0.0,0.0,0.0,0.0,0.01631
2021-12-24,0.068745,0.028149,0.0,0.034262,0.0,0.0,0.0,0.114531,0.0,0.0,0.113104,0.0,0.060049,0.02651,0.044918,0.068235,0.0,0.0,0.0,0.0,0.067381,0.0,0.0,0.0,0.032394,0.012029,0.030414,0.03214,0.0,0.120538,0.102819,0.0,0.0,0.027473,0.0,0.0,0.0,0.0,0.0,0.0,0.0,0.0,0.016309
2021-12-27,0.068034,0.028163,0.0,0.033944,0.0,0.0,0.0,0.113999,0.0,0.0,0.113025,0.0,0.060041,0.026571,0.045425,0.070261,0.0,0.0,0.0,0.0,0.067388,0.0,0.0,0.0,0.032747,0.012231,0.030485,0.032238,0.0,0.121316,0.100779,0.0,0.0,0.027216,0.0,0.0,0.0,0.0,0.0,0.0,0.0,0.0,0.016139
2021-12-28,0.068003,0.028162,0.0,0.034199,0.0,0.0,0.0,0.114274,0.0,0.0,0.113023,0.0,0.060044,0.026568,0.045372,0.06962,0.0,0.0,0.0,0.0,0.06718,0.0,0.0,0.0,0.032561,0.01209,0.030152,0.032211,0.0,0.121707,0.101745,0.0,0.0,0.026958,0.0,0.0,0.0,0.0,0.0,0.0,0.0,0.0,0.016131
2021-12-29,0.068455,0.028141,0.0,0.033958,0.0,0.0,0.0,0.114733,0.0,0.0,0.112984,0.0,0.059827,0.026535,0.044975,0.069175,0.0,0.0,0.0,0.0,0.067405,0.0,0.0,0.0,0.032513,0.012081,0.03004,0.032135,0.0,0.12224,0.101555,0.0,0.0,0.027154,0.0,0.0,0.0,0.0,0.0,0.0,0.0,0.0,0.016093
2021-12-30,0.068712,0.028061,0.0,0.034036,0.0,0.0,0.0,0.114931,0.0,0.0,0.112698,0.0,0.059784,0.026438,0.044748,0.06795,0.0,0.0,0.0,0.0,0.067615,0.0,0.0,0.0,0.032333,0.011957,0.030143,0.032194,0.0,0.122902,0.102397,0.0,0.0,0.026992,0.0,0.0,0.0,0.0,0.0,0.0,0.0,0.0,0.016109
2021-12-31,0.04526,0.0,0.0,0.0,0.0,0.0,0.0,0.045693,0.043245,0.0,0.089049,0.0,0.053101,0.035752,0.058849,0.0,0.0,0.0,0.0,0.089023,0.058472,0.0,0.0,0.0,0.032818,0.032252,0.0,0.023458,0.0,0.03423,0.088648,0.0,0.0,0.089087,0.0,0.029606,0.029691,0.029675,0.046239,0.042728,0.0,0.0,0.003124
2022-01-03,0.045092,0.0,0.0,0.0,0.0,0.0,0.0,0.046259,0.043447,0.0,0.091267,0.0,0.053555,0.036325,0.060448,0.0,0.0,0.0,0.0,0.086308,0.057656,0.0,0.0,0.0,0.033007,0.032772,0.0,0.023052,0.0,0.033836,0.089879,0.0,0.0,0.088397,0.0,0.028722,0.029306,0.029396,0.046047,0.042117,0.0,0.0,0.003112
2022-01-04,0.045132,0.0,0.0,0.0,0.0,0.0,0.0,0.046277,0.043674,0.0,0.090378,0.0,0.054762,0.037167,0.06231,0.0,0.0,0.0,0.0,0.086982,0.056686,0.0,0.0,0.0,0.032537,0.032551,0.0,0.022416,0.0,0.03367,0.089089,0.0,0.0,0.088654,0.0,0.028497,0.029183,0.029176,0.045761,0.041997,0.0,0.0,0.0031
2022-01-05,0.045856,0.0,0.0,0.0,0.0,0.0,0.0,0.046948,0.043853,0.0,0.089369,0.0,0.055007,0.037487,0.063312,0.0,0.0,0.0,0.0,0.086284,0.057198,0.0,0.0,0.0,0.032049,0.031956,0.0,0.022104,0.0,0.033239,0.08627,0.0,0.0,0.089595,0.0,0.028803,0.029532,0.02941,0.046146,0.04243,0.0,0.0,0.003151
2022-01-06,0.045037,0.0,0.0,0.0,0.0,0.0,0.0,0.046986,0.043838,0.0,0.089092,0.0,0.055789,0.038743,0.064692,0.0,0.0,0.0,0.0,0.085322,0.056508,0.0,0.0,0.0,0.031871,0.032189,0.0,0.022187,0.0,0.033252,0.085825,0.0,0.0,0.08946,0.0,0.028864,0.029445,0.029268,0.046129,0.042354,0.0,0.0,0.00315
2022-01-07,0.045121,0.0,0.0,0.0,0.0,0.0,0.0,0.047628,0.043533,0.0,0.08809,0.0,0.056758,0.039382,0.065941,0.0,0.0,0.0,0.0,0.081906,0.056529,0.0,0.0,0.0,0.031752,0.031427,0.0,0.022201,0.0,0.033214,0.086234,0.0,0.0,0.09073,0.0,0.028814,0.02951,0.029394,0.046264,0.042404,0.0,0.0,0.003167
2022-01-10,0.04459,0.0,0.0,0.0,0.0,0.0,0.0,0.047944,0.043736,0.0,0.08776,0.0,0.056699,0.039476,0.065893,0.0,0.0,0.0,0.0,0.082406,0.057245,0.0,0.0,0.0,0.031833,0.031514,0.0,0.022439,0.0,0.033101,0.085073,0.0,0.0,0.090212,0.0,0.028954,0.029572,0.029501,0.046412,0.042465,0.0,0.0,0.003174
2022-01-11,0.044695,0.0,0.0,0.0,0.0,0.0,0.0,0.048161,0.043691,0.0,0.087471,0.0,0.056465,0.039201,0.067262,0.0,0.0,0.0,0.0,0.083042,0.056963,0.0,0.0,0.0,0.031803,0.031696,0.0,0.022513,0.0,0.032727,0.086133,0.0,0.0,0.089601,0.0,0.028773,0.029264,0.029327,0.046031,0.042048,0.0,0.0,0.003133
2022-01-12,0.044923,0.0,0.0,0.0,0.0,0.0,0.0,0.048244,0.043699,0.0,0.087581,0.0,0.056206,0.039097,0.067033,0.0,0.0,0.0,0.0,0.082677,0.056499,0.0,0.0,0.0,0.031783,0.031759,0.0,0.022229,0.0,0.032592,0.089123,0.0,0.0,0.089171,0.0,0.028511,0.029114,0.028983,0.045862,0.041796,0.0,0.0,0.003117
2022-01-13,0.045266,0.0,0.0,0.0,0.0,0.0,0.0,0.048384,0.044177,0.0,0.086427,0.0,0.056385,0.039538,0.067165,0.0,0.0,0.0,0.0,0.084103,0.056014,0.0,0.0,0.0,0.031179,0.031237,0.0,0.021654,0.0,0.032757,0.087453,0.0,0.0,0.089302,0.0,0.028968,0.029413,0.029195,0.04602,0.042224,0.0,0.0,0.003139
2022-01-14,0.044507,0.0,0.0,0.0,0.0,0.0,0.0,0.048142,0.044016,0.0,0.086093,0.0,0.055841,0.039813,0.068797,0.0,0.0,0.0,0.0,0.082809,0.055962,0.0,0.0,0.0,0.031467,0.03201,0.0,0.021769,0.0,0.032486,0.087913,0.0,0.0,0.090462,0.0,0.028553,0.029234,0.029086,0.046014,0.041885,0.0,0.0,0.003141
2022-01-17,0.044779,0.0,0.0,0.0,0.0,0.0,0.0,0.048128,0.044004,0.0,0.086068,0.0,0.055825,0.039802,0.068777,0.0,0.0,0.0,0.0,0.082785,0.055946,0.0,0.0,0.0,0.031458,0.032001,0.0,0.021763,0.0,0.032477,0.087888,0.0,0.0,0.090436,0.0,0.028544,0.029225,0.029078,0.046001,0.041873,0.0,0.0,0.00314
2022-01-18,0.044657,0.0,0.0,0.0,0.0,0.0,0.0,0.048233,0.044149,0.0,0.085658,0.0,0.055369,0.039581,0.070052,0.0,0.0,0.0,0.0,0.080608,0.055958,0.0,0.0,0.0,0.031146,0.031012,0.0,0.021688,0.0,0.0326,0.088429,0.0,0.0,0.091834,0.0,0.028549,0.029424,0.029357,0.046437,0.042073,0.0,0.0,0.003185
2022-01-19,0.044958,0.0,0.0,0.0,0.0,0.0,0.0,0.048324,0.044501,0.0,0.084897,0.0,0.054948,0.038837,0.070192,0.0,0.0,0.0,0.0,0.079282,0.05625,0.0,0.0,0.0,0.030998,0.03038,0.0,0.021867,0.0,0.032461,0.086908,0.0,0.0,0.094269,0.0,0.029015,0.02977,0.02957,0.046827,0.042532,0.0,0.0,0.003215
2022-01-20,0.045643,0.0,0.0,0.0,0.0,0.0,0.0,0.048292,0.044501,0.0,0.084044,0.0,0.055053,0.038256,0.070128,0.0,0.0,0.0,0.0,0.07807,0.056348,0.0,0.0,0.0,0.030852,0.029673,0.0,0.021994,0.0,0.032312,0.08736,0.0,0.0,0.094868,0.0,0.029437,0.030082,0.029852,0.047129,0.042863,0.0,0.0,0.003242
2022-01-21,0.045178,0.0,0.0,0.0,0.0,0.0,0.0,0.048145,0.044128,0.0,0.082623,0.0,0.054613,0.037974,0.06962,0.0,0.0,0.0,0.0,0.078166,0.056492,0.0,0.0,0.0,0.030626,0.029552,0.0,0.021733,0.0,0.032644,0.086998,0.0,0.0,0.095559,0.0,0.030168,0.030643,0.030422,0.047737,0.043696,0.0,0.0,0.003283
2022-01-24,0.043126,0.0,0.0,0.0,0.0,0.0,0.0,0.046646,0.044257,0.0,0.083448,0.0,0.054659,0.038296,0.069946,0.0,0.0,0.0,0.0,0.08097,0.056191,0.0,0.0,0.0,0.030722,0.029829,0.0,0.022053,0.0,0.03264,0.086811,0.0,0.0,0.095224,0.0,0.02986,0.030554,0.03043,0.04759,0.043472,0.0,0.0,0.003276
2022-01-25,0.043655,0.0,0.0,0.0,0.0,0.0,0.0,0.047315,0.044009,0.0,0.082363,0.0,0.055107,0.038531,0.07295,0.0,0.0,0.0,0.0,0.079732,0.056052,0.0,0.0,0.0,0.030131,0.028831,0.0,0.021322,0.0,0.032639,0.085863,0.0,0.0,0.095984,0.0,0.029931,0.030635,0.030498,0.04764,0.043523,0.0,0.0,0.003289
2022-01-26,0.04479,0.0,0.0,0.0,0.0,0.0,0.0,0.046976,0.043901,0.0,0.082363,0.0,0.055519,0.038463,0.073182,0.0,0.0,0.0,0.0,0.077575,0.056031,0.0,0.0,0.0,0.030456,0.029416,0.0,0.021167,0.0,0.032286,0.086382,0.0,0.0,0.096308,0.0,0.029713,0.030566,0.030452,0.047709,0.043438,0.0,0.0,0.003306
2022-01-27,0.044976,0.0,0.0,0.0,0.0,0.0,0.0,0.047217,0.043427,0.0,0.081255,0.0,0.055624,0.038067,0.074797,0.0,0.0,0.0,0.0,0.077272,0.056797,0.0,0.0,0.0,0.03058,0.028417,0.0,0.021211,0.0,0.032103,0.084067,0.0,0.0,0.096262,0.0,0.030593,0.031034,0.030914,0.048026,0.044018,0.0,0.0,0.003342
2022-01-28,0.044084,0.0,0.0,0.0,0.0,0.0,0.0,0.04728,0.043142,0.0,0.082152,0.0,0.055758,0.037874,0.073695,0.0,0.0,0.0,0.0,0.078289,0.057346,0.0,0.0,0.0,0.031581,0.028657,0.0,0.021477,0.0,0.032793,0.083159,0.0,0.0,0.096395,0.0,0.030281,0.030778,0.030696,0.047655,0.043602,0.0,0.0,0.003307
2022-01-31,0.029903,0.0,0.0,0.0,0.0,0.0,0.0,0.049839,0.031908,0.0,0.032385,0.0,0.038995,0.027445,0.025656,0.0,0.0,0.029648,0.082214,0.035324,0.08195,0.0,0.082202,0.082148,0.037948,0.027471,0.0,0.016404,0.0,0.08186,0.038178,0.0,0.0,0.082199,0.0,0.0,0.0,0.082192,0.0,0.0,0.0,0.0,0.004131
2022-02-01,0.030116,0.0,0.0,0.0,0.0,0.0,0.0,0.049595,0.03186,0.0,0.032408,0.0,0.039324,0.027715,0.02643,0.0,0.0,0.030583,0.083036,0.035246,0.081731,0.0,0.08169,0.080625,0.037844,0.027552,0.0,0.016317,0.0,0.081133,0.038566,0.0,0.0,0.082896,0.0,0.0,0.0,0.081223,0.0,0.0,0.0,0.0,0.004109
2022-02-02,0.030143,0.0,0.0,0.0,0.0,0.0,0.0,0.049565,0.031776,0.0,0.032007,0.0,0.039336,0.027468,0.026344,0.0,0.0,0.030515,0.08276,0.035483,0.082296,0.0,0.082136,0.081289,0.037905,0.028066,0.0,0.016157,0.0,0.081637,0.038086,0.0,0.0,0.082159,0.0,0.0,0.0,0.080789,0.0,0.0,0.0,0.0,0.004082
2022-02-03,0.030292,0.0,0.0,0.0,0.0,0.0,0.0,0.049453,0.03175,0.0,0.031386,0.0,0.039352,0.02761,0.026395,0.0,0.0,0.030201,0.082256,0.035083,0.082891,0.0,0.083106,0.08186,0.03723,0.027155,0.0,0.016021,0.0,0.081702,0.037687,0.0,0.0,0.083231,0.0,0.0,0.0,0.081207,0.0,0.0,0.0,0.0,0.004129
2022-02-04,0.030112,0.0,0.0,0.0,0.0,0.0,0.0,0.04941,0.031773,0.0,0.032356,0.0,0.040117,0.028172,0.026872,0.0,0.0,0.030006,0.081089,0.033925,0.082791,0.0,0.082288,0.081404,0.037471,0.027376,0.0,0.016353,0.0,0.081089,0.038321,0.0,0.0,0.084003,0.0,0.0,0.0,0.080933,0.0,0.0,0.0,0.0,0.004139
2022-02-07,0.030275,0.0,0.0,0.0,0.0,0.0,0.0,0.048924,0.031913,0.0,0.032293,0.0,0.040241,0.028339,0.027218,0.0,0.0,0.030051,0.080696,0.034083,0.082654,0.0,0.082447,0.081293,0.037225,0.027363,0.0,0.016337,0.0,0.08098,0.038241,0.0,0.0,0.084378,0.0,0.0,0.0,0.080908,0.0,0.0,0.0,0.0,0.004141
2022-02-08,0.030157,0.0,0.0,0.0,0.0,0.0,0.0,0.048809,0.032049,0.0,0.032554,0.0,0.040561,0.028893,0.026476,0.0,0.0,0.030323,0.081462,0.0345,0.08284,0.0,0.082274,0.080873,0.037463,0.02789,0.0,0.016422,0.0,0.080127,0.037394,0.0,0.0,0.084489,0.0,0.0,0.0,0.080328,0.0,0.0,0.0,0.0,0.004115
2022-02-09,0.030261,0.0,0.0,0.0,0.0,0.0,0.0,0.048831,0.032051,0.0,0.032574,0.0,0.04031,0.028341,0.026364,0.0,0.0,0.030499,0.0822,0.034789,0.08244,0.0,0.081269,0.080215,0.037817,0.028446,0.0,0.016636,0.0,0.080918,0.037657,0.0,0.0,0.084838,0.0,0.0,0.0,0.07948,0.0,0.0,0.0,0.0,0.004064
2022-02-10,0.030639,0.0,0.0,0.0,0.0,0.0,0.0,0.048877,0.032375,0.0,0.032483,0.0,0.040545,0.028704,0.026585,0.0,0.0,0.030381,0.082923,0.033947,0.082344,0.0,0.08158,0.079335,0.03737,0.027965,0.0,0.016768,0.0,0.08017,0.037403,0.0,0.0,0.085477,0.0,0.0,0.0,0.080006,0.0,0.0,0.0,0.0,0.004123
2022-02-11,0.030531,0.0,0.0,0.0,0.0,0.0,0.0,0.048412,0.032371,0.0,0.031879,0.0,0.040394,0.028822,0.027644,0.0,0.0,0.029881,0.082492,0.033872,0.08205,0.0,0.082136,0.08021,0.036607,0.026819,0.0,0.016447,0.0,0.080268,0.03678,0.0,0.0,0.086656,0.0,0.0,0.0,0.081563,0.0,0.0,0.0,0.0,0.004167
2022-02-14,0.030212,0.0,0.0,0.0,0.0,0.0,0.0,0.047892,0.032262,0.0,0.03228,0.0,0.040213,0.028765,0.027176,0.0,0.0,0.030185,0.082373,0.033997,0.081766,0.0,0.082466,0.080071,0.036844,0.027027,0.0,0.01656,0.0,0.08008,0.036818,0.0,0.0,0.086916,0.0,0.0,0.0,0.081901,0.0,0.0,0.0,0.0,0.004195
2022-02-15,0.030214,0.0,0.0,0.0,0.0,0.0,0.0,0.048952,0.032412,0.0,0.03259,0.0,0.040252,0.029112,0.026556,0.0,0.0,0.030582,0.082839,0.034165,0.081655,0.0,0.081578,0.078703,0.037341,0.028163,0.0,0.016808,0.0,0.079792,0.03809,0.0,0.0,0.085506,0.0,0.0,0.0,0.080547,0.0,0.0,0.0,0.0,0.004142
2022-02-16,0.030024,0.0,0.0,0.0,0.0,0.0,0.0,0.048835,0.032578,0.0,0.032598,0.0,0.040177,0.029111,0.026701,0.0,0.0,0.030619,0.083227,0.034281,0.081566,0.0,0.081517,0.078676,0.037206,0.028099,0.0,0.016551,0.0,0.079954,0.038128,0.0,0.0,0.085527,0.0,0.0,0.0,0.080493,0.0,0.0,0.0,0.0,0.004131
2022-02-17,0.030243,0.0,0.0,0.0,0.0,0.0,0.0,0.049038,0.032484,0.0,0.032094,0.0,0.039633,0.028525,0.026968,0.0,0.0,0.030429,0.082754,0.033762,0.081186,0.0,0.083098,0.079637,0.036512,0.027357,0.0,0.016267,0.0,0.080024,0.03739,0.0,0.0,0.086808,0.0,0.0,0.0,0.081612,0.0,0.0,0.0,0.0,0.004179
2022-02-18,0.029905,0.0,0.0,0.0,0.0,0.0,0.0,0.049205,0.032684,0.0,0.032004,0.0,0.039757,0.028622,0.026893,0.0,0.0,0.030363,0.082897,0.033943,0.080853,0.0,0.083534,0.079763,0.036265,0.027144,0.0,0.016075,0.0,0.079811,0.036953,0.0,0.0,0.086978,0.0,0.0,0.0,0.08216,0.0,0.0,0.0,0.0,0.004193
2022-02-21,0.029582,0.0,0.0,0.0,0.0,0.0,0.0,0.049221,0.032695,0.0,0.032014,0.0,0.039771,0.028631,0.026902,0.0,0.0,0.030373,0.082925,0.033954,0.08088,0.0,0.083562,0.079789,0.036277,0.027153,0.0,0.01608,0.0,0.079837,0.036965,0.0,0.0,0.087007,0.0,0.0,0.0,0.082187,0.0,0.0,0.0,0.0,0.004195
2022-02-22,0.029841,0.0,0.0,0.0,0.0,0.0,0.0,0.049242,0.032511,0.0,0.031269,0.0,0.039808,0.028586,0.026628,0.0,0.0,0.030046,0.082243,0.032887,0.081166,0.0,0.083416,0.080188,0.036159,0.027151,0.0,0.016097,0.0,0.08003,0.036581,0.0,0.0,0.088991,0.0,0.0,0.0,0.082939,0.0,0.0,0.0,0.0,0.00422
2022-02-23,0.029895,0.0,0.0,0.0,0.0,0.0,0.0,0.049253,0.032696,0.0,0.030562,0.0,0.039551,0.028431,0.027203,0.0,0.0,0.029785,0.082095,0.032164,0.081659,0.0,0.083665,0.079711,0.035648,0.0268,0.0,0.015947,0.0,0.079586,0.037131,0.0,0.0,0.090027,0.0,0.0,0.0,0.083925,0.0,0.0,0.0,0.0,0.004268
2022-02-24,0.02904,0.0,0.0,0.0,0.0,0.0,0.0,0.047812,0.032072,0.0,0.031191,0.0,0.03899,0.0279,0.02693,0.0,0.0,0.030115,0.081674,0.033192,0.081808,0.0,0.082042,0.080172,0.036784,0.027719,0.0,0.017019,0.0,0.080746,0.037089,0.0,0.0,0.089367,0.0,0.0,0.0,0.084084,0.0,0.0,0.0,0.0,0.004254
2022-02-25,0.029592,0.0,0.0,0.0,0.0,0.0,0.0,0.048373,0.031806,0.0,0.031146,0.0,0.039408,0.028487,0.027065,0.0,0.0,0.030122,0.082892,0.033657,0.082556,0.0,0.082922,0.080932,0.036508,0.027594,0.0,0.016897,0.0,0.080969,0.037607,0.0,0.0,0.085039,0.0,0.0,0.0,0.08226,0.0,0.0,0.0,0.0,0.004169
2022-02-28,0.0,0.0,0.0,0.0,0.0,0.0,0.0,0.036459,0.05032,0.0,0.0246,0.0,0.046535,0.03825,0.058739,0.027968,0.0,0.0,0.0,0.0,0.061012,0.0,0.087111,0.063964,0.04823,0.0,0.0,0.024841,0.0,0.038011,0.0,0.043593,0.0,0.087086,0.0,0.0,0.038929,0.047369,0.05729,0.029491,0.085297,0.0,0.004905
2022-03-01,0.0,0.0,0.0,0.0,0.0,0.0,0.0,0.035659,0.050296,0.0,0.024329,0.0,0.04501,0.036485,0.059582,0.028651,0.0,0.0,0.0,0.0,0.060931,0.0,0.086967,0.063677,0.047467,0.0,0.0,0.025076,0.0,0.037972,0.0,0.044573,0.0,0.089586,0.0,0.0,0.039475,0.047911,0.057372,0.029718,0.084338,0.0,0.004926
2022-03-02,0.0,0.0,0.0,0.0,0.0,0.0,0.0,0.035903,0.050472,0.0,0.024618,0.0,0.04576,0.037671,0.060397,0.02893,0.0,0.0,0.0,0.0,0.061296,0.0,0.087101,0.063874,0.04806,0.0,0.0,0.025141,0.0,0.038336,0.0,0.043713,0.0,0.088741,0.0,0.0,0.038533,0.047173,0.056994,0.029004,0.083402,0.0,0.004882
2022-03-03,0.0,0.0,0.0,0.0,0.0,0.0,0.0,0.035204,0.04981,0.0,0.024035,0.0,0.045569,0.037377,0.060501,0.028605,0.0,0.0,0.0,0.0,0.061546,0.0,0.087717,0.064932,0.047438,0.0,0.0,0.024687,0.0,0.03861,0.0,0.043929,0.0,0.090636,0.0,0.0,0.038659,0.047069,0.056765,0.02908,0.082956,0.0,0.004876
2022-03-04,0.0,0.0,0.0,0.0,0.0,0.0,0.0,0.034437,0.04897,0.0,0.02369,0.0,0.044786,0.036062,0.062343,0.029779,0.0,0.0,0.0,0.0,0.06195,0.0,0.087865,0.066468,0.046679,0.0,0.0,0.024519,0.0,0.038847,0.0,0.044698,0.0,0.090486,0.0,0.0,0.039103,0.047502,0.056483,0.029153,0.081297,0.0,0.004883
2022-03-07,0.0,0.0,0.0,0.0,0.0,0.0,0.0,0.033703,0.047037,0.0,0.022774,0.0,0.043618,0.034917,0.06395,0.030275,0.0,0.0,0.0,0.0,0.06153,0.0,0.087203,0.068061,0.045459,0.0,0.0,0.024202,0.0,0.038492,0.0,0.045854,0.0,0.093102,0.0,0.0,0.03936,0.048277,0.056598,0.029112,0.081537,0.0,0.004938
2022-03-08,0.0,0.0,0.0,0.0,0.0,0.0,0.0,0.034387,0.047409,0.0,0.022863,0.0,0.043443,0.035172,0.065074,0.030625,0.0,0.0,0.0,0.0,0.060384,0.0,0.085006,0.067132,0.045322,0.0,0.0,0.023852,0.0,0.038376,0.0,0.047195,0.0,0.093147,0.0,0.0,0.039176,0.048599,0.056501,0.028991,0.0824,0.0,0.004945
2022-03-09,0.0,0.0,0.0,0.0,0.0,0.0,0.0,0.035594,0.048325,0.0,0.023458,0.0,0.04477,0.036181,0.062709,0.030171,0.0,0.0,0.0,0.0,0.061158,0.0,0.085069,0.066259,0.046833,0.0,0.0,0.024394,0.0,0.038734,0.0,0.04552,0.0,0.091173,0.0,0.0,0.038702,0.04783,0.056632,0.028868,0.082704,0.0,0.004918
2022-03-10,0.0,0.0,0.0,0.0,0.0,0.0,0.0,0.035497,0.048441,0.0,0.023627,0.0,0.044399,0.036056,0.064634,0.030776,0.0,0.0,0.0,0.0,0.06114,0.0,0.084273,0.066709,0.046019,0.0,0.0,0.024412,0.0,0.038834,0.0,0.045666,0.0,0.090806,0.0,0.0,0.038528,0.04773,0.056163,0.028541,0.082833,0.0,0.004917
2022-03-11,0.0,0.0,0.0,0.0,0.0,0.0,0.0,0.03541,0.048003,0.0,0.023335,0.0,0.044394,0.036269,0.064568,0.030508,0.0,0.0,0.0,0.0,0.061111,0.0,0.08388,0.066951,0.045527,0.0,0.0,0.024049,0.0,0.038797,0.0,0.045665,0.0,0.09174,0.0,0.0,0.038789,0.048405,0.056149,0.02873,0.082772,0.0,0.00495
2022-03-14,0.0,0.0,0.0,0.0,0.0,0.0,0.0,0.036234,0.048088,0.0,0.023102,0.0,0.04526,0.036686,0.06306,0.029413,0.0,0.0,0.0,0.0,0.061959,0.0,0.084897,0.067328,0.044986,0.0,0.0,0.023502,0.0,0.038755,0.0,0.045281,0.0,0.092192,0.0,0.0,0.038557,0.048194,0.055858,0.028506,0.083157,0.0,0.004985
2022-03-15,0.0,0.0,0.0,0.0,0.0,0.0,0.0,0.0365,0.047784,0.0,0.023756,0.0,0.045668,0.036612,0.060446,0.028758,0.0,0.0,0.0,0.0,0.062879,0.0,0.086366,0.067848,0.046265,0.0,0.0,0.023975,0.0,0.03882,0.0,0.044211,0.0,0.091394,0.0,0.0,0.038346,0.047595,0.055996,0.028586,0.083238,0.0,0.004958
2022-03-16,0.0,0.0,0.0,0.0,0.0,0.0,0.0,0.037029,0.048436,0.0,0.024338,0.0,0.046515,0.037388,0.05961,0.028556,0.0,0.0,0.0,0.0,0.063042,0.0,0.085657,0.067095,0.047325,0.0,0.0,0.024234,0.0,0.038916,0.0,0.044075,0.0,0.089086,0.0,0.0,0.037938,0.04688,0.056254,0.028562,0.084151,0.0,0.004913
2022-03-17,0.0,0.0,0.0,0.0,0.0,0.0,0.0,0.036671,0.048887,0.0,0.02446,0.0,0.046556,0.036572,0.060954,0.029707,0.0,0.0,0.0,0.0,0.063306,0.0,0.085263,0.066606,0.047114,0.0,0.0,0.024481,0.0,0.039065,0.0,0.043783,0.0,0.089095,0.0,0.0,0.037431,0.046974,0.05599,0.028512,0.083716,0.0,0.004857
2022-03-18,0.0,0.0,0.0,0.0,0.0,0.0,0.0,0.036875,0.048667,0.0,0.024934,0.0,0.046588,0.036465,0.060797,0.029614,0.0,0.0,0.0,0.0,0.063592,0.0,0.085319,0.065929,0.048,0.0,0.0,0.024974,0.0,0.039001,0.0,0.043327,0.0,0.088991,0.0,0.0,0.03748,0.046754,0.056082,0.028521,0.083239,0.0,0.004849
2022-03-21,0.0,0.0,0.0,0.0,0.0,0.0,0.0,0.036133,0.048291,0.0,0.024708,0.0,0.04651,0.036235,0.063205,0.030595,0.0,0.0,0.0,0.0,0.0635,0.0,0.08537,0.066324,0.047876,0.0,0.0,0.024717,0.0,0.038736,0.0,0.043628,0.0,0.090821,0.0,0.0,0.036967,0.046309,0.055399,0.028106,0.081723,0.0,0.004845
2022-03-22,0.0,0.0,0.0,0.0,0.0,0.0,0.0,0.036428,0.048267,0.0,0.025224,0.0,0.047082,0.036717,0.062497,0.030299,0.0,0.0,0.0,0.0,0.063268,0.0,0.085672,0.066161,0.048376,0.0,0.0,0.025523,0.0,0.038684,0.0,0.043144,0.0,0.090633,0.0,0.0,0.036622,0.045916,0.055468,0.02793,0.081262,0.0,0.004826
2022-03-23,0.0,0.0,0.0,0.0,0.0,0.0,0.0,0.035839,0.047945,0.0,0.024981,0.0,0.046341,0.035687,0.063751,0.031017,0.0,0.0,0.0,0.0,0.062308,0.0,0.085222,0.066441,0.047766,0.0,0.0,0.025658,0.0,0.038358,0.0,0.043857,0.0,0.091299,0.0,0.0,0.036972,0.046624,0.055448,0.028088,0.081559,0.0,0.00484
2022-03-24,0.0,0.0,0.0,0.0,0.0,0.0,0.0,0.036204,0.0481,0.0,0.02503,0.0,0.046442,0.035794,0.063539,0.031182,0.0,0.0,0.0,0.0,0.062686,0.0,0.085325,0.066735,0.048724,0.0,0.0,0.025763,0.0,0.038378,0.0,0.04392,0.0,0.090158,0.0,0.0,0.036553,0.046069,0.055242,0.027937,0.081409,0.0,0.004811
2022-03-25,0.0,0.0,0.0,0.0,0.0,0.0,0.0,0.036011,0.047519,0.0,0.024864,0.0,0.046807,0.036183,0.064615,0.032505,0.0,0.0,0.0,0.0,0.06267,0.0,0.085615,0.067372,0.048458,0.0,0.0,0.025477,0.0,0.038667,0.0,0.043526,0.0,0.090409,0.0,0.0,0.036001,0.04553,0.054576,0.027581,0.080826,0.0,0.004788
2022-03-28,0.0,0.0,0.0,0.0,0.0,0.0,0.0,0.036316,0.047214,0.0,0.025541,0.0,0.046702,0.035917,0.063049,0.031708,0.0,0.0,0.0,0.0,0.06316,0.0,0.086016,0.067844,0.049061,0.0,0.0,0.025752,0.0,0.0391,0.0,0.042757,0.0,0.089116,0.0,0.0,0.036102,0.045504,0.054948,0.027749,0.081654,0.0,0.004791
2022-03-29,0.0,0.0,0.0,0.0,0.0,0.0,0.0,0.036678,0.047415,0.0,0.025794,0.0,0.046463,0.036232,0.06242,0.031511,0.0,0.0,0.0,0.0,0.063063,0.0,0.086139,0.067968,0.049732,0.0,0.0,0.025793,0.0,0.039949,0.0,0.04246,0.0,0.087772,0.0,0.0,0.036014,0.045005,0.055215,0.027775,0.081846,0.0,0.004755
2022-03-30,0.0,0.0,0.0,0.0,0.0,0.0,0.0,0.03626,0.047423,0.0,0.025398,0.0,0.046127,0.035231,0.063136,0.031788,0.0,0.0,0.0,0.0,0.063176,0.0,0.086183,0.068518,0.049062,0.0,0.0,0.02551,0.0,0.039654,0.0,0.042795,0.0,0.088848,0.0,0.0,0.03615,0.045219,0.05504,0.027836,0.081892,0.0,0.004754
2022-03-31,0.0,0.0,0.0,0.0,0.0,0.0,0.0,0.0,0.080375,0.0,0.02447,0.0,0.024835,0.062652,0.067644,0.030715,0.0,0.033371,0.0,0.0,0.036015,0.0,0.099064,0.0,0.032464,0.02358,0.0,0.042581,0.0,0.0,0.0,0.053279,0.01928,0.099111,0.068635,0.0,0.044449,0.053736,0.082646,0.015783,0.0,0.0,0.005317
2022-04-01,0.0,0.0,0.0,0.0,0.0,0.0,0.0,0.0,0.080386,0.0,0.024487,0.0,0.024757,0.062058,0.068158,0.031596,0.0,0.032075,0.0,0.0,0.036281,0.0,0.100005,0.0,0.032351,0.023111,0.0,0.04256,0.0,0.0,0.0,0.052913,0.019152,0.098426,0.070394,0.0,0.044137,0.053412,0.082598,0.015828,0.0,0.0,0.005313
2022-04-04,0.0,0.0,0.0,0.0,0.0,0.0,0.0,0.0,0.081278,0.0,0.024934,0.0,0.024545,0.061492,0.067965,0.031554,0.0,0.031848,0.0,0.0,0.03583,0.0,0.09928,0.0,0.03283,0.023389,0.0,0.043031,0.0,0.0,0.0,0.05295,0.018981,0.098697,0.070329,0.0,0.043926,0.053153,0.08288,0.015817,0.0,0.0,0.005291
2022-04-05,0.0,0.0,0.0,0.0,0.0,0.0,0.0,0.0,0.081256,0.0,0.024651,0.0,0.024692,0.061469,0.067727,0.031211,0.0,0.031371,0.0,0.0,0.03635,0.0,0.100601,0.0,0.032536,0.022589,0.0,0.042577,0.0,0.0,0.0,0.05327,0.018987,0.100283,0.069162,0.0,0.04394,0.053421,0.082818,0.015732,0.0,0.0,0.005356
2022-04-06,0.0,0.0,0.0,0.0,0.0,0.0,0.0,0.0,0.080703,0.0,0.024176,0.0,0.02468,0.060808,0.068565,0.031378,0.0,0.030678,0.0,0.0,0.037141,0.0,0.102531,0.0,0.03197,0.022169,0.0,0.041631,0.0,0.0,0.0,0.053737,0.019288,0.100881,0.068245,0.0,0.044066,0.053526,0.082695,0.01574,0.0,0.0,0.005391
2022-04-07,0.0,0.0,0.0,0.0,0.0,0.0,0.0,0.0,0.07938,0.0,0.024236,0.0,0.024589,0.059898,0.069281,0.031583,0.0,0.030467,0.0,0.0,0.037756,0.0,0.103503,0.0,0.031936,0.022159,0.0,0.041976,0.0,0.0,0.0,0.053799,0.019348,0.100845,0.068737,0.0,0.043842,0.053316,0.082346,0.015626,0.0,0.0,0.005377
2022-04-08,0.0,0.0,0.0,0.0,0.0,0.0,0.0,0.0,0.078906,0.0,0.023937,0.0,0.02476,0.059758,0.070963,0.032199,0.0,0.030054,0.0,0.0,0.037863,0.0,0.103612,0.0,0.031391,0.021541,0.0,0.041351,0.0,0.0,0.0,0.053966,0.019389,0.102081,0.069099,0.0,0.043483,0.053245,0.081589,0.015454,0.0,0.0,0.005359
2022-04-11,0.0,0.0,0.0,0.0,0.0,0.0,0.0,0.0,0.07798,0.0,0.023676,0.0,0.024841,0.060394,0.069368,0.031787,0.0,0.030387,0.0,0.0,0.0374,0.0,0.103996,0.0,0.030839,0.021263,0.0,0.042007,0.0,0.0,0.0,0.054657,0.019823,0.103706,0.068213,0.0,0.043612,0.053567,0.081661,0.015423,0.0,0.0,0.005401
2022-04-12,0.0,0.0,0.0,0.0,0.0,0.0,0.0,0.0,0.077658,0.0,0.023662,0.0,0.024503,0.059608,0.070323,0.032138,0.0,0.030309,0.0,0.0,0.036933,0.0,0.103733,0.0,0.030616,0.021139,0.0,0.041948,0.0,0.0,0.0,0.054923,0.020041,0.104244,0.068268,0.0,0.043701,0.053414,0.082058,0.015391,0.0,0.0,0.005387
2022-04-13,0.0,0.0,0.0,0.0,0.0,0.0,0.0,0.0,0.078514,0.0,0.023962,0.0,0.024211,0.059725,0.070522,0.032592,0.0,0.030544,0.0,0.0,0.036673,0.0,0.103073,0.0,0.030739,0.021337,0.0,0.042765,0.0,0.0,0.0,0.054529,0.020039,0.102867,0.069781,0.0,0.043275,0.052678,0.081566,0.015287,0.0,0.0,0.005322
2022-04-14,0.0,0.0,0.0,0.0,0.0,0.0,0.0,0.0,0.07745,0.0,0.023791,0.0,0.024105,0.059573,0.071244,0.032897,0.0,0.03082,0.0,0.0,0.03675,0.0,0.103763,0.0,0.0302,0.020891,0.0,0.042132,0.0,0.0,0.0,0.054727,0.020085,0.103079,0.070113,0.0,0.043184,0.05304,0.081583,0.015213,0.0,0.0,0.005359
2022-04-18,0.0,0.0,0.0,0.0,0.0,0.0,0.0,0.0,0.076172,0.0,0.023843,0.0,0.024228,0.059751,0.072226,0.033492,0.0,0.030502,0.0,0.0,0.036313,0.0,0.102819,0.0,0.030273,0.021235,0.0,0.041305,0.0,0.0,0.0,0.054849,0.020263,0.104223,0.070691,0.0,0.043021,0.052977,0.081381,0.015084,0.0,0.0,0.005354
2022-04-19,0.0,0.0,0.0,0.0,0.0,0.0,0.0,0.0,0.076246,0.0,0.024457,0.0,0.024483,0.061377,0.071411,0.032868,0.0,0.031169,0.0,0.0,0.036544,0.0,0.104054,0.0,0.030744,0.021631,0.0,0.041971,0.0,0.0,0.0,0.053849,0.019666,0.102893,0.07018,0.0,0.042603,0.052548,0.081053,0.014917,0.0,0.0,0.005337
2022-04-20,0.0,0.0,0.0,0.0,0.0,0.0,0.0,0.0,0.076424,0.0,0.024049,0.0,0.024558,0.06162,0.071411,0.033189,0.0,0.031231,0.0,0.0,0.036893,0.0,0.105208,0.0,0.030597,0.0215,0.0,0.041625,0.0,0.0,0.0,0.053905,0.019624,0.102633,0.068704,0.0,0.04277,0.052732,0.080994,0.015014,0.0,0.0,0.005316
2022-04-21,0.0,0.0,0.0,0.0,0.0,0.0,0.0,0.0,0.0766,0.0,0.024169,0.0,0.024527,0.061439,0.070169,0.032216,0.0,0.03167,0.0,0.0,0.037025,0.0,0.106673,0.0,0.030523,0.021236,0.0,0.040777,0.0,0.0,0.0,0.054509,0.019495,0.103969,0.066016,0.0,0.043164,0.053725,0.08163,0.015075,0.0,0.0,0.005394
2022-04-22,0.0,0.0,0.0,0.0,0.0,0.0,0.0,0.0,0.077074,0.0,0.024067,0.0,0.024259,0.06106,0.069784,0.031482,0.0,0.031508,0.0,0.0,0.036369,0.0,0.107045,0.0,0.030246,0.021168,0.0,0.04064,0.0,0.0,0.0,0.055028,0.019456,0.104678,0.063991,0.0,0.044025,0.054554,0.082716,0.01535,0.0,0.0,0.0055
2022-04-25,0.0,0.0,0.0,0.0,0.0,0.0,0.0,0.0,0.07714,0.0,0.024291,0.0,0.02435,0.061287,0.067617,0.030939,0.0,0.0319,0.0,0.0,0.03669,0.0,0.107742,0.0,0.030764,0.021571,0.0,0.041831,0.0,0.0,0.0,0.054152,0.019077,0.10405,0.06292,0.0,0.0444,0.054627,0.083589,0.015553,0.0,0.0,0.005511
2022-04-26,0.0,0.0,0.0,0.0,0.0,0.0,0.0,0.0,0.076281,0.0,0.023419,0.0,0.024106,0.060383,0.068756,0.031069,0.0,0.031485,0.0,0.0,0.036601,0.0,0.107718,0.0,0.030077,0.020933,0.0,0.040891,0.0,0.0,0.0,0.055074,0.019212,0.105947,0.061305,0.0,0.045388,0.055591,0.084384,0.015785,0.0,0.0,0.005596
2022-04-27,0.0,0.0,0.0,0.0,0.0,0.0,0.0,0.0,0.076069,0.0,0.023356,0.0,0.024018,0.060202,0.069568,0.031435,0.0,0.031731,0.0,0.0,0.036419,0.0,0.107816,0.0,0.030437,0.020761,0.0,0.040179,0.0,0.0,0.0,0.054505,0.019017,0.105652,0.063573,0.0,0.045009,0.055345,0.083736,0.01559,0.0,0.0,0.00558
2022-04-28,0.0,0.0,0.0,0.0,0.0,0.0,0.0,0.0,0.076619,0.0,0.023495,0.0,0.023977,0.060196,0.070653,0.031976,0.0,0.032088,0.0,0.0,0.036394,0.0,0.107842,0.0,0.031203,0.021592,0.0,0.040352,0.0,0.0,0.0,0.054016,0.018684,0.10461,0.063226,0.0,0.044302,0.054864,0.082998,0.015414,0.0,0.0,0.0055
2022-04-29,0.031703,0.0,0.0,0.0,0.0,0.0,0.127604,0.0,0.05034,0.0,0.035594,0.0,0.016704,0.0,0.084054,0.043261,0.039104,0.064702,0.028758,0.0,0.066034,0.0,0.01655,0.094503,0.041194,0.02972,0.0,0.056216,0.0,0.028838,0.0,0.030182,0.0,0.018058,0.091659,0.0,0.0,0.0,0.0,0.0,0.0,0.0,0.005223
2022-05-02,0.031851,0.0,0.0,0.0,0.0,0.0,0.123736,0.0,0.050339,0.0,0.036282,0.0,0.016787,0.0,0.085792,0.043524,0.039368,0.064759,0.028803,0.0,0.065927,0.0,0.016408,0.093969,0.042014,0.030855,0.0,0.057366,0.0,0.028272,0.0,0.029759,0.0,0.018076,0.090865,0.0,0.0,0.0,0.0,0.0,0.0,0.0,0.005247
2022-05-03,0.031301,0.0,0.0,0.0,0.0,0.0,0.124703,0.0,0.050355,0.0,0.035862,0.0,0.016851,0.0,0.087394,0.045154,0.039268,0.064477,0.028861,0.0,0.065534,0.0,0.016212,0.09347,0.041704,0.030827,0.0,0.056069,0.0,0.028363,0.0,0.029567,0.0,0.017813,0.091018,0.0,0.0,0.0,0.0,0.0,0.0,0.0,0.005198
2022-05-04,0.030205,0.0,0.0,0.0,0.0,0.0,0.125178,0.0,0.050139,0.0,0.036026,0.0,0.016948,0.0,0.088831,0.045848,0.039431,0.064181,0.029079,0.0,0.065373,0.0,0.016177,0.093253,0.042128,0.031252,0.0,0.055463,0.0,0.027998,0.0,0.029138,0.0,0.017543,0.090737,0.0,0.0,0.0,0.0,0.0,0.0,0.0,0.005074
2022-05-05,0.031166,0.0,0.0,0.0,0.0,0.0,0.123547,0.0,0.049835,0.0,0.035079,0.0,0.016973,0.0,0.090254,0.046064,0.039613,0.064478,0.029068,0.0,0.066125,0.0,0.016372,0.095212,0.041367,0.030676,0.0,0.053997,0.0,0.028111,0.0,0.029942,0.0,0.018129,0.088759,0.0,0.0,0.0,0.0,0.0,0.0,0.0,0.005233
2022-05-06,0.031018,0.0,0.0,0.0,0.0,0.0,0.122874,0.0,0.050006,0.0,0.034798,0.0,0.016931,0.0,0.093382,0.046886,0.03953,0.064116,0.028785,0.0,0.066227,0.0,0.016466,0.096421,0.041227,0.030546,0.0,0.05196,0.0,0.027908,0.0,0.030133,0.0,0.017992,0.08754,0.0,0.0,0.0,0.0,0.0,0.0,0.0,0.005257
2022-05-09,0.031397,0.0,0.0,0.0,0.0,0.0,0.123718,0.0,0.050471,0.0,0.034752,0.0,0.01724,0.0,0.089352,0.043862,0.040239,0.064862,0.029079,0.0,0.067296,0.0,0.01717,0.099829,0.041342,0.030241,0.0,0.050694,0.0,0.02783,0.0,0.030978,0.0,0.01833,0.085835,0.0,0.0,0.0,0.0,0.0,0.0,0.0,0.005483
2022-05-10,0.03117,0.0,0.0,0.0,0.0,0.0,0.12394,0.0,0.051074,0.0,0.034654,0.0,0.01709,0.0,0.090175,0.044082,0.039981,0.064838,0.028902,0.0,0.067545,0.0,0.017053,0.098631,0.041978,0.030933,0.0,0.051317,0.0,0.027326,0.0,0.030721,0.0,0.018462,0.084645,0.0,0.0,0.0,0.0,0.0,0.0,0.0,0.005484
2022-05-11,0.031714,0.0,0.0,0.0,0.0,0.0,0.125741,0.0,0.050366,0.0,0.033489,0.0,0.016971,0.0,0.091595,0.044394,0.039709,0.06408,0.028983,0.0,0.067252,0.0,0.017018,0.09957,0.040746,0.030088,0.0,0.049985,0.0,0.027331,0.0,0.031043,0.0,0.01884,0.085587,0.0,0.0,0.0,0.0,0.0,0.0,0.0,0.005498
2022-05-12,0.03105,0.0,0.0,0.0,0.0,0.0,0.127698,0.0,0.05008,0.0,0.033781,0.0,0.016875,0.0,0.092154,0.044379,0.039856,0.064308,0.028983,0.0,0.068028,0.0,0.017045,0.098746,0.040401,0.030327,0.0,0.050633,0.0,0.027595,0.0,0.030623,0.0,0.018961,0.082968,0.0,0.0,0.0,0.0,0.0,0.0,0.0,0.005509
2022-05-13,0.031044,0.0,0.0,0.0,0.0,0.0,0.127844,0.0,0.049963,0.0,0.034269,0.0,0.016709,0.0,0.093019,0.045153,0.039396,0.063943,0.028723,0.0,0.067101,0.0,0.016887,0.097526,0.040742,0.031111,0.0,0.05165,0.0,0.027645,0.0,0.029647,0.0,0.018683,0.083571,0.0,0.0,0.0,0.0,0.0,0.0,0.0,0.005375
2022-05-16,0.030787,0.0,0.0,0.0,0.0,0.0,0.129132,0.0,0.049352,0.0,0.033385,0.0,0.016499,0.0,0.095062,0.045986,0.039172,0.063166,0.028548,0.0,0.067307,0.0,0.016891,0.097407,0.040209,0.030506,0.0,0.050214,0.0,0.027352,0.0,0.029801,0.0,0.019157,0.084714,0.0,0.0,0.0,0.0,0.0,0.0,0.0,0.005352
2022-05-17,0.030669,0.0,0.0,0.0,0.0,0.0,0.129575,0.0,0.049315,0.0,0.033506,0.0,0.016583,0.0,0.094136,0.046327,0.039216,0.063768,0.028737,0.0,0.066794,0.0,0.016421,0.096338,0.040502,0.031313,0.0,0.04972,0.0,0.027141,0.0,0.02899,0.0,0.018852,0.086857,0.0,0.0,0.0,0.0,0.0,0.0,0.0,0.005239
2022-05-18,0.031089,0.0,0.0,0.0,0.0,0.0,0.129618,0.0,0.050086,0.0,0.03232,0.0,0.016644,0.0,0.094665,0.046239,0.038967,0.062039,0.028737,0.0,0.067157,0.0,0.015858,0.098467,0.039888,0.030689,0.0,0.049194,0.0,0.027198,0.0,0.029935,0.0,0.018982,0.086822,0.0,0.0,0.0,0.0,0.0,0.0,0.0,0.005407
2022-05-19,0.030614,0.0,0.0,0.0,0.0,0.0,0.131781,0.0,0.050247,0.0,0.032201,0.0,0.016461,0.0,0.093904,0.046017,0.038449,0.060638,0.028814,0.0,0.067009,0.0,0.015507,0.097831,0.039278,0.030369,0.0,0.049164,0.0,0.026959,0.0,0.030242,0.0,0.01889,0.090242,0.0,0.0,0.0,0.0,0.0,0.0,0.0,0.005383
2022-05-20,0.03026,0.0,0.0,0.0,0.0,0.0,0.13434,0.0,0.050207,0.0,0.031487,0.0,0.016352,0.0,0.093852,0.046067,0.03785,0.060426,0.028605,0.0,0.067496,0.0,0.015465,0.09763,0.039175,0.030207,0.0,0.049749,0.0,0.026999,0.0,0.030117,0.0,0.018673,0.089688,0.0,0.0,0.0,0.0,0.0,0.0,0.0,0.005357
2022-05-23,0.030383,0.0,0.0,0.0,0.0,0.0,0.136372,0.0,0.049707,0.0,0.031074,0.0,0.016538,0.0,0.094364,0.046977,0.037684,0.060242,0.028534,0.0,0.066699,0.0,0.015462,0.096783,0.039256,0.029717,0.0,0.049973,0.0,0.026755,0.0,0.029639,0.0,0.018456,0.090135,0.0,0.0,0.0,0.0,0.0,0.0,0.0,0.005248
2022-05-24,0.029947,0.0,0.0,0.0,0.0,0.0,0.136719,0.0,0.049128,0.0,0.030404,0.0,0.016575,0.0,0.095128,0.047025,0.037825,0.05934,0.028492,0.0,0.067183,0.0,0.015782,0.099137,0.038839,0.029117,0.0,0.048978,0.0,0.027096,0.0,0.02999,0.0,0.018312,0.089711,0.0,0.0,0.0,0.0,0.0,0.0,0.0,0.005271
2022-05-25,0.03009,0.0,0.0,0.0,0.0,0.0,0.135496,0.0,0.049299,0.0,0.031009,0.0,0.016572,0.0,0.096308,0.048521,0.037737,0.059509,0.028387,0.0,0.06662,0.0,0.015658,0.098269,0.038974,0.029402,0.0,0.049445,0.0,0.027104,0.0,0.029568,0.0,0.018074,0.088733,0.0,0.0,0.0,0.0,0.0,0.0,0.0,0.005227
2022-05-26,0.030197,0.0,0.0,0.0,0.0,0.0,0.136245,0.0,0.048729,0.0,0.032019,0.0,0.016688,0.0,0.095842,0.048849,0.037897,0.060386,0.028454,0.0,0.065853,0.0,0.015576,0.097,0.039283,0.03007,0.0,0.049931,0.0,0.026711,0.0,0.02905,0.0,0.017967,0.088106,0.0,0.0,0.0,0.0,0.0,0.0,0.0,0.005145
2022-05-27,0.03013,0.0,0.0,0.0,0.0,0.0,0.134498,0.0,0.048791,0.0,0.032491,0.0,0.016649,0.0,0.09575,0.049839,0.037944,0.060427,0.028571,0.0,0.065681,0.0,0.015459,0.096653,0.039845,0.030715,0.0,0.050469,0.0,0.026909,0.0,0.028515,0.0,0.017738,0.087879,0.0,0.0,0.0,0.0,0.0,0.0,0.0,0.005048
2022-05-30,0.030543,0.0,0.0,0.0,0.0,0.0,0.134441,0.0,0.04877,0.0,0.032478,0.0,0.016642,0.0,0.095709,0.049818,0.037928,0.060401,0.028558,0.0,0.065653,0.0,0.015452,0.096612,0.039828,0.030702,0.0,0.050447,0.0,0.026898,0.0,0.028503,0.0,0.017731,0.087842,0.0,0.0,0.0,0.0,0.0,0.0,0.0,0.005045
2022-05-31,0.0,0.0,0.0,0.027095,0.0,0.0,0.038854,0.067494,0.017009,0.01269,0.0,0.0,0.0,0.0,0.078487,0.019214,0.0,0.0,0.039313,0.0,0.055573,0.0,0.077493,0.081237,0.019232,0.0,0.0,0.020245,0.0,0.020128,0.0,0.097916,0.0,0.098093,0.035402,0.0,0.027692,0.069547,0.092177,0.0,0.0,0.0,0.005109
2022-06-01,0.0,0.0,0.0,0.026987,0.0,0.0,0.038741,0.067602,0.016883,0.012627,0.0,0.0,0.0,0.0,0.079874,0.019868,0.0,0.0,0.038973,0.0,0.05485,0.0,0.076588,0.081216,0.019201,0.0,0.0,0.02035,0.0,0.019989,0.0,0.098674,0.0,0.098138,0.035432,0.0,0.027574,0.069356,0.091961,0.0,0.0,0.0,0.005115
2022-06-02,0.0,0.0,0.0,0.02698,0.0,0.0,0.038798,0.068363,0.016911,0.012672,0.0,0.0,0.0,0.0,0.07875,0.019656,0.0,0.0,0.03961,0.0,0.054678,0.0,0.076853,0.080869,0.019451,0.0,0.0,0.020737,0.0,0.020042,0.0,0.098796,0.0,0.09755,0.036667,0.0,0.027312,0.068913,0.091335,0.0,0.0,0.0,0.005059
2022-06-03,0.0,0.0,0.0,0.027095,0.0,0.0,0.038757,0.067247,0.016724,0.012472,0.0,0.0,0.0,0.0,0.080388,0.020038,0.0,0.0,0.039518,0.0,0.05444,0.0,0.076648,0.081079,0.019127,0.0,0.0,0.020563,0.0,0.019922,0.0,0.098522,0.0,0.097343,0.036396,0.0,0.027462,0.069829,0.091332,0.0,0.0,0.0,0.005096
2022-06-06,0.0,0.0,0.0,0.027336,0.0,0.0,0.038325,0.067252,0.016743,0.01244,0.0,0.0,0.0,0.0,0.080246,0.0202,0.0,0.0,0.039866,0.0,0.054413,0.0,0.076629,0.081386,0.019116,0.0,0.0,0.020531,0.0,0.019846,0.0,0.098025,0.0,0.09857,0.036827,0.0,0.027238,0.069329,0.090587,0.0,0.0,0.0,0.005093
2022-06-07,0.0,0.0,0.0,0.027097,0.0,0.0,0.037446,0.066901,0.016636,0.012288,0.0,0.0,0.0,0.0,0.082112,0.020823,0.0,0.0,0.039896,0.0,0.054767,0.0,0.076539,0.081351,0.01922,0.0,0.0,0.020721,0.0,0.01999,0.0,0.09803,0.0,0.097716,0.036972,0.0,0.027172,0.069048,0.090213,0.0,0.0,0.0,0.005061
2022-06-08,0.0,0.0,0.0,0.027404,0.0,0.0,0.036896,0.066686,0.016718,0.012298,0.0,0.0,0.0,0.0,0.082946,0.020809,0.0,0.0,0.039378,0.0,0.054767,0.0,0.076203,0.080394,0.019154,0.0,0.0,0.020733,0.0,0.019685,0.0,0.09872,0.0,0.098806,0.036435,0.0,0.027287,0.069427,0.090153,0.0,0.0,0.0,0.005101
2022-06-09,0.0,0.0,0.0,0.027363,0.0,0.0,0.036749,0.067132,0.016717,0.012224,0.0,0.0,0.0,0.0,0.082176,0.020803,0.0,0.0,0.038952,0.0,0.054231,0.0,0.076045,0.079492,0.018887,0.0,0.0,0.02057,0.0,0.01947,0.0,0.099696,0.0,0.100102,0.035672,0.0,0.02762,0.070326,0.090605,0.0,0.0,0.0,0.005167
2022-06-10,0.0,0.0,0.0,0.026983,0.0,0.0,0.036075,0.067151,0.01675,0.012058,0.0,0.0,0.0,0.0,0.08177,0.020701,0.0,0.0,0.03822,0.0,0.054012,0.0,0.076643,0.079848,0.018383,0.0,0.0,0.020117,0.0,0.019271,0.0,0.102268,0.0,0.100549,0.035265,0.0,0.027683,0.07087,0.090151,0.0,0.0,0.0,0.005231
2022-06-13,0.0,0.0,0.0,0.027024,0.0,0.0,0.035427,0.0681,0.016775,0.011891,0.0,0.0,0.0,0.0,0.080069,0.020054,0.0,0.0,0.037944,0.0,0.054111,0.0,0.077476,0.0787,0.01815,0.0,0.0,0.019788,0.0,0.018914,0.0,0.102865,0.0,0.1027,0.03451,0.0,0.028092,0.071985,0.090022,0.0,0.0,0.0,0.005403
2022-06-14,0.0,0.0,0.0,0.026916,0.0,0.0,0.035365,0.068829,0.017108,0.0121,0.0,0.0,0.0,0.0,0.080692,0.020019,0.0,0.0,0.037875,0.0,0.053909,0.0,0.077011,0.077161,0.018372,0.0,0.0,0.019858,0.0,0.01888,0.0,0.10264,0.0,0.103017,0.034226,0.0,0.028031,0.071412,0.091144,0.0,0.0,0.0,0.005435
2022-06-15,0.0,0.0,0.0,0.027021,0.0,0.0,0.036055,0.068856,0.017162,0.012019,0.0,0.0,0.0,0.0,0.07833,0.019578,0.0,0.0,0.037586,0.0,0.054054,0.0,0.076521,0.077089,0.018622,0.0,0.0,0.020166,0.0,0.019186,0.0,0.103214,0.0,0.102305,0.034532,0.0,0.028213,0.071867,0.092231,0.0,0.0,0.0,0.005395
2022-06-16,0.0,0.0,0.0,0.026451,0.0,0.0,0.035101,0.068159,0.016824,0.01189,0.0,0.0,0.0,0.0,0.075296,0.018677,0.0,0.0,0.036905,0.0,0.054252,0.0,0.077354,0.077009,0.018197,0.0,0.0,0.019674,0.0,0.019029,0.0,0.10632,0.0,0.105269,0.033721,0.0,0.028927,0.072991,0.09246,0.0,0.0,0.0,0.005495
2022-06-17,0.0,0.0,0.0,0.026805,0.0,0.0,0.034942,0.068524,0.016922,0.012077,0.0,0.0,0.0,0.0,0.071745,0.017454,0.0,0.0,0.037134,0.0,0.054652,0.0,0.077687,0.076899,0.018509,0.0,0.0,0.020229,0.0,0.019326,0.0,0.106285,0.0,0.105477,0.033533,0.0,0.029165,0.07361,0.093486,0.0,0.0,0.0,0.005539
2022-06-20,0.0,0.0,0.0,0.02692,0.0,0.0,0.034938,0.068516,0.01692,0.012076,0.0,0.0,0.0,0.0,0.071737,0.017452,0.0,0.0,0.03713,0.0,0.054645,0.0,0.077678,0.076889,0.018507,0.0,0.0,0.020227,0.0,0.019324,0.0,0.106272,0.0,0.105465,0.033529,0.0,0.029162,0.073601,0.093475,0.0,0.0,0.0,0.005538
2022-06-21,0.0,0.0,0.0,0.02682,0.0,0.0,0.034505,0.069224,0.017023,0.011913,0.0,0.0,0.0,0.0,0.074598,0.017963,0.0,0.0,0.037264,0.0,0.055481,0.0,0.078847,0.077465,0.018763,0.0,0.0,0.020555,0.0,0.019371,0.0,0.104675,0.0,0.103121,0.033389,0.0,0.028682,0.072513,0.092353,0.0,0.0,0.0,0.005475
2022-06-22,0.0,0.0,0.0,0.026767,0.0,0.0,0.034565,0.068525,0.016768,0.011644,0.0,0.0,0.0,0.0,0.072126,0.017008,0.0,0.0,0.037049,0.0,0.056654,0.0,0.079356,0.078842,0.018817,0.0,0.0,0.020631,0.0,0.019758,0.0,0.105847,0.0,0.102609,0.03182,0.0,0.029253,0.073455,0.092991,0.0,0.0,0.0,0.005515
2022-06-23,0.0,0.0,0.0,0.026875,0.0,0.0,0.03391,0.069453,0.016772,0.011557,0.0,0.0,0.0,0.0,0.069643,0.016316,0.0,0.0,0.036643,0.0,0.058084,0.0,0.081117,0.080919,0.019151,0.0,0.0,0.021292,0.0,0.020188,0.0,0.105486,0.0,0.099799,0.029978,0.0,0.029499,0.073874,0.093914,0.0,0.0,0.0,0.00553
2022-06-24,0.0,0.0,0.0,0.027289,0.0,0.0,0.033543,0.069542,0.016818,0.011861,0.0,0.0,0.0,0.0,0.069641,0.016297,0.0,0.0,0.037602,0.0,0.05828,0.0,0.081631,0.081256,0.019582,0.0,0.0,0.021885,0.0,0.02035,0.0,0.10401,0.0,0.098834,0.030775,0.0,0.029012,0.072983,0.093351,0.0,0.0,0.0,0.005458
2022-06-27,0.0,0.0,0.0,0.027401,0.0,0.0,0.034369,0.068927,0.016759,0.011848,0.0,0.0,0.0,0.0,0.071606,0.017024,0.0,0.0,0.037252,0.0,0.058433,0.0,0.081318,0.081826,0.019428,0.0,0.0,0.021529,0.0,0.020297,0.0,0.10378,0.0,0.097536,0.031343,0.0,0.028817,0.072379,0.092678,0.0,0.0,0.0,0.005451
2022-06-28,0.0,0.0,0.0,0.027564,0.0,0.0,0.034228,0.068385,0.016554,0.011814,0.0,0.0,0.0,0.0,0.073874,0.017552,0.0,0.0,0.037021,0.0,0.057676,0.0,0.080597,0.081891,0.018932,0.0,0.0,0.020977,0.0,0.020141,0.0,0.10408,0.0,0.09841,0.031313,0.0,0.028985,0.072454,0.092076,0.0,0.0,0.0,0.005476
2022-06-29,0.0,0.0,0.0,0.027212,0.0,0.0,0.034487,0.069042,0.016527,0.011669,0.0,0.0,0.0,0.0,0.071536,0.016679,0.0,0.0,0.036873,0.0,0.058365,0.0,0.081363,0.082213,0.019031,0.0,0.0,0.021039,0.0,0.02008,0.0,0.104334,0.0,0.099349,0.030604,0.0,0.029312,0.07256,0.092233,0.0,0.0,0.0,0.005493
2022-06-30,0.0,0.012933,0.0,0.011808,0.0,0.0,0.107443,0.039768,0.017651,0.01217,0.0,0.0,0.0,0.0,0.066526,0.042551,0.0,0.0,0.03051,0.0,0.063325,0.0,0.048647,0.092479,0.0,0.0,0.0,0.015219,0.0,0.0,0.0,0.105673,0.0,0.109428,0.014067,0.0,0.037507,0.071366,0.082148,0.014675,0.0,0.0,0.004107
2022-07-01,0.0,0.01289,0.0,0.01185,0.0,0.0,0.105756,0.039717,0.017112,0.011956,0.0,0.0,0.0,0.0,0.067246,0.042889,0.0,0.0,0.030601,0.0,0.063775,0.0,0.049147,0.094361,0.0,0.0,0.0,0.015503,0.0,0.0,0.0,0.105156,0.0,0.106843,0.013738,0.0,0.037755,0.07222,0.082594,0.0148,0.0,0.0,0.00409
2022-07-04,0.0,0.01289,0.0,0.011862,0.0,0.0,0.105755,0.039716,0.017112,0.011956,0.0,0.0,0.0,0.0,0.067246,0.042888,0.0,0.0,0.030601,0.0,0.063774,0.0,0.049146,0.09436,0.0,0.0,0.0,0.015503,0.0,0.0,0.0,0.105154,0.0,0.106842,0.013738,0.0,0.037755,0.072219,0.082593,0.0148,0.0,0.0,0.004089
2022-07-05,0.0,0.012745,0.0,0.012059,0.0,0.0,0.105113,0.040442,0.017278,0.012086,0.0,0.0,0.0,0.0,0.06574,0.041274,0.0,0.0,0.030525,0.0,0.064547,0.0,0.04971,0.092784,0.0,0.0,0.0,0.01612,0.0,0.0,0.0,0.104777,0.0,0.106425,0.013257,0.0,0.038576,0.073315,0.084001,0.015062,0.0,0.0,0.004163
2022-07-06,0.0,0.012802,0.0,0.012266,0.0,0.0,0.105117,0.041212,0.01708,0.012012,0.0,0.0,0.0,0.0,0.064767,0.040671,0.0,0.0,0.03079,0.0,0.065133,0.0,0.049969,0.093963,0.0,0.0,0.0,0.016199,0.0,0.0,0.0,0.103355,0.0,0.107162,0.013279,0.0,0.038337,0.072819,0.083876,0.015022,0.0,0.0,0.004171
2022-07-07,0.0,0.012813,0.0,0.012422,0.0,0.0,0.107293,0.04077,0.017317,0.012124,0.0,0.0,0.0,0.0,0.066134,0.042363,0.0,0.0,0.030615,0.0,0.064465,0.0,0.049295,0.092515,0.0,0.0,0.0,0.016333,0.0,0.0,0.0,0.101921,0.0,0.107605,0.01388,0.0,0.037552,0.071655,0.084013,0.014804,0.0,0.0,0.004112
2022-07-08,0.0,0.012798,0.0,0.012458,0.0,0.0,0.107987,0.040589,0.01736,0.012188,0.0,0.0,0.0,0.0,0.065977,0.04216,0.0,0.0,0.030257,0.0,0.064532,0.0,0.049112,0.092032,0.0,0.0,0.0,0.016305,0.0,0.0,0.0,0.101767,0.0,0.109382,0.013631,0.0,0.037252,0.07144,0.083917,0.014751,0.0,0.0,0.004104
2022-07-11,0.0,0.012698,0.0,0.012465,0.0,0.0,0.104602,0.040815,0.017086,0.01194,0.0,0.0,0.0,0.0,0.065905,0.042011,0.0,0.0,0.030433,0.0,0.064922,0.0,0.049465,0.093406,0.0,0.0,0.0,0.016163,0.0,0.0,0.0,0.102089,0.0,0.109617,0.013127,0.0,0.037867,0.072167,0.084162,0.01492,0.0,0.0,0.004139
2022-07-12,0.0,0.012805,0.0,0.012599,0.0,0.0,0.104308,0.04107,0.01729,0.012037,0.0,0.0,0.0,0.0,0.065203,0.041386,0.0,0.0,0.030649,0.0,0.064673,0.0,0.049767,0.093791,0.0,0.0,0.0,0.015693,0.0,0.0,0.0,0.102626,0.0,0.107546,0.012953,0.0,0.038298,0.072792,0.085262,0.015076,0.0,0.0,0.004177
2022-07-13,0.0,0.012802,0.0,0.012443,0.0,0.0,0.104684,0.040594,0.017454,0.012119,0.0,0.0,0.0,0.0,0.06506,0.041705,0.0,0.0,0.030453,0.0,0.064006,0.0,0.049771,0.093346,0.0,0.0,0.0,0.015641,0.0,0.0,0.0,0.103056,0.0,0.107863,0.012964,0.0,0.038439,0.073126,0.08512,0.01518,0.0,0.0,0.004174
2022-07-14,0.0,0.012716,0.0,0.012402,0.0,0.0,0.103027,0.041153,0.01767,0.012017,0.0,0.0,0.0,0.0,0.064465,0.041389,0.0,0.0,0.03019,0.0,0.064456,0.0,0.050308,0.094275,0.0,0.0,0.0,0.01556,0.0,0.0,0.0,0.102619,0.0,0.107613,0.012608,0.0,0.038607,0.073672,0.085806,0.015233,0.0,0.0,0.004215
2022-07-15,0.0,0.012831,0.0,0.01249,0.0,0.0,0.103399,0.041288,0.017651,0.012087,0.0,0.0,0.0,0.0,0.064865,0.041992,0.0,0.0,0.030358,0.0,0.065356,0.0,0.049972,0.093513,0.0,0.0,0.0,0.015751,0.0,0.0,0.0,0.101396,0.0,0.107254,0.012667,0.0,0.038354,0.073363,0.086036,0.015203,0.0,0.0,0.004173
2022-07-18,0.0,0.012889,0.0,0.012624,0.0,0.0,0.103362,0.041011,0.017589,0.01216,0.0,0.0,0.0,0.0,0.066249,0.043139,0.0,0.0,0.030383,0.0,0.063879,0.0,0.049411,0.092073,0.0,0.0,0.0,0.015777,0.0,0.0,0.0,0.101338,0.0,0.10938,0.01308,0.0,0.038184,0.073156,0.085075,0.015074,0.0,0.0,0.004168
2022-07-19,0.0,0.013163,0.0,0.012548,0.0,0.0,0.103412,0.041312,0.017748,0.012322,0.0,0.0,0.0,0.0,0.067541,0.044343,0.0,0.0,0.030966,0.0,0.064255,0.0,0.049384,0.091647,0.0,0.0,0.0,0.015946,0.0,0.0,0.0,0.100467,0.0,0.107536,0.013206,0.0,0.037593,0.072279,0.085258,0.014951,0.0,0.0,0.004121
2022-07-20,0.0,0.013039,0.0,0.012772,0.0,0.0,0.102588,0.040972,0.017673,0.012261,0.0,0.0,0.0,0.0,0.068355,0.045712,0.0,0.0,0.031093,0.0,0.06377,0.0,0.049168,0.090641,0.0,0.0,0.0,0.016296,0.0,0.0,0.0,0.099756,0.0,0.107788,0.013158,0.0,0.037644,0.072385,0.08583,0.014969,0.0,0.0,0.004131
2022-07-21,0.0,0.013162,0.0,0.012784,0.0,0.0,0.102382,0.041835,0.017958,0.012424,0.0,0.0,0.0,0.0,0.066945,0.044282,0.0,0.0,0.031436,0.0,0.064574,0.0,0.049161,0.090593,0.0,0.0,0.0,0.016559,0.0,0.0,0.0,0.100844,0.0,0.105563,0.013126,0.0,0.037952,0.072605,0.086571,0.015126,0.0,0.0,0.004117
2022-07-22,0.0,0.013123,0.0,0.012844,0.0,0.0,0.102657,0.041727,0.01788,0.012285,0.0,0.0,0.0,0.0,0.066495,0.043384,0.0,0.0,0.031259,0.0,0.064405,0.0,0.049561,0.091977,0.0,0.0,0.0,0.016296,0.0,0.0,0.0,0.10125,0.0,0.104106,0.012997,0.0,0.038446,0.073329,0.08659,0.015266,0.0,0.0,0.004124
2022-07-25,0.0,0.013098,0.0,0.012679,0.0,0.0,0.105504,0.041203,0.017719,0.01221,0.0,0.0,0.0,0.0,0.068152,0.04524,0.0,0.0,0.031031,0.0,0.064007,0.0,0.049239,0.092072,0.0,0.0,0.0,0.015848,0.0,0.0,0.0,0.099826,0.0,0.10431,0.013006,0.0,0.037874,0.072359,0.085585,0.014965,0.0,0.0,0.004077
2022-07-26,0.0,0.012908,0.0,0.012701,0.0,0.0,0.105642,0.040709,0.017428,0.012199,0.0,0.0,0.0,0.0,0.067646,0.044997,0.0,0.0,0.030873,0.0,0.064443,0.0,0.049208,0.092777,0.0,0.0,0.0,0.015272,0.0,0.0,0.0,0.099875,0.0,0.105767,0.012926,0.0,0.037952,0.07248,0.085126,0.014988,0.0,0.0,0.004083
2022-07-27,0.0,0.013036,0.0,0.012589,0.0,0.0,0.107827,0.040994,0.017635,0.012277,0.0,0.0,0.0,0.0,0.06821,0.046114,0.0,0.0,0.030809,0.0,0.063943,0.0,0.048853,0.091563,0.0,0.0,0.0,0.015304,0.0,0.0,0.0,0.099488,0.0,0.105032,0.013128,0.0,0.037499,0.071928,0.084865,0.014877,0.0,0.0,0.004027
2022-07-28,0.0,0.012921,0.0,0.012613,0.0,0.0,0.109361,0.041064,0.017353,0.01224,0.0,0.0,0.0,0.0,0.067614,0.045665,0.0,0.0,0.030907,0.0,0.063432,0.0,0.048925,0.093495,0.0,0.0,0.0,0.015327,0.0,0.0,0.0,0.099263,0.0,0.104519,0.013079,0.0,0.03733,0.071626,0.08451,0.014787,0.0,0.0,0.003969
2022-07-29,0.0,0.0,0.0,0.04132,0.029414,0.049651,0.040968,0.039741,0.0,0.0,0.0,0.0,0.0,0.0,0.065796,0.023391,0.01492,0.0,0.0,0.0,0.089808,0.0,0.089674,0.08828,0.0,0.0,0.0,0.0,0.0,0.0,0.044822,0.088817,0.0,0.089867,0.0,0.0,0.044707,0.044406,0.048624,0.040409,0.011452,0.0,0.013935
2022-08-01,0.0,0.0,0.0,0.041406,0.029504,0.049143,0.040532,0.040088,0.0,0.0,0.0,0.0,0.0,0.0,0.06453,0.022921,0.014957,0.0,0.0,0.0,0.089272,0.0,0.090925,0.088504,0.0,0.0,0.0,0.0,0.0,0.0,0.045539,0.08945,0.0,0.088972,0.0,0.0,0.045034,0.044491,0.04871,0.040547,0.01152,0.0,0.013955
2022-08-02,0.0,0.0,0.0,0.041735,0.029571,0.049139,0.040477,0.040586,0.0,0.0,0.0,0.0,0.0,0.0,0.064742,0.023162,0.014883,0.0,0.0,0.0,0.089455,0.0,0.090711,0.088823,0.0,0.0,0.0,0.0,0.0,0.0,0.045711,0.089421,0.0,0.088219,0.0,0.0,0.044662,0.044215,0.048759,0.040278,0.011417,0.0,0.014035
2022-08-03,0.0,0.0,0.0,0.041957,0.029459,0.049453,0.040431,0.04047,0.0,0.0,0.0,0.0,0.0,0.0,0.062747,0.02253,0.01499,0.0,0.0,0.0,0.090079,0.0,0.091106,0.089182,0.0,0.0,0.0,0.0,0.0,0.0,0.045345,0.089444,0.0,0.088385,0.0,0.0,0.044749,0.044351,0.049079,0.040627,0.011611,0.0,0.014006
2022-08-04,0.0,0.0,0.0,0.041742,0.029696,0.050152,0.041535,0.040239,0.0,0.0,0.0,0.0,0.0,0.0,0.060354,0.021457,0.015029,0.0,0.0,0.0,0.089539,0.0,0.090404,0.089278,0.0,0.0,0.0,0.0,0.0,0.0,0.045483,0.090825,0.0,0.08963,0.0,0.0,0.044927,0.044296,0.049158,0.040647,0.011624,0.0,0.013986
2022-08-05,0.0,0.0,0.0,0.041861,0.029711,0.049838,0.042224,0.040077,0.0,0.0,0.0,0.0,0.0,0.0,0.061646,0.022151,0.015076,0.0,0.0,0.0,0.089644,0.0,0.090338,0.089092,0.0,0.0,0.0,0.0,0.0,0.0,0.045996,0.089943,0.0,0.089366,0.0,0.0,0.044346,0.043918,0.048983,0.040159,0.011618,0.0,0.014013
2022-08-08,0.0,0.0,0.0,0.042235,0.029814,0.049191,0.043288,0.040133,0.0,0.0,0.0,0.0,0.0,0.0,0.061621,0.022111,0.014987,0.0,0.0,0.0,0.089355,0.0,0.089787,0.088727,0.0,0.0,0.0,0.0,0.0,0.0,0.046355,0.0902,0.0,0.089358,0.0,0.0,0.044359,0.043973,0.048754,0.040095,0.011724,0.0,0.013933
2022-08-09,0.0,0.0,0.0,0.041529,0.029628,0.048888,0.043346,0.039963,0.0,0.0,0.0,0.0,0.0,0.0,0.062686,0.022368,0.014928,0.0,0.0,0.0,0.089058,0.0,0.089629,0.089692,0.0,0.0,0.0,0.0,0.0,0.0,0.04636,0.09045,0.0,0.089689,0.0,0.0,0.044214,0.043836,0.048378,0.039903,0.011525,0.0,0.013929
2022-08-10,0.0,0.0,0.0,0.041734,0.029668,0.048445,0.043918,0.040348,0.0,0.0,0.0,0.0,0.0,0.0,0.062567,0.022539,0.015118,0.0,0.0,0.0,0.089213,0.0,0.089474,0.089271,0.0,0.0,0.0,0.0,0.0,0.0,0.047026,0.089407,0.0,0.090067,0.0,0.0,0.043839,0.043364,0.048658,0.039917,0.011625,0.0,0.013802
2022-08-11,0.0,0.0,0.0,0.042064,0.029902,0.049203,0.043028,0.039797,0.0,0.0,0.0,0.0,0.0,0.0,0.064558,0.023439,0.01516,0.0,0.0,0.0,0.088414,0.0,0.089036,0.089036,0.0,0.0,0.0,0.0,0.0,0.0,0.047182,0.088948,0.0,0.090678,0.0,0.0,0.04344,0.043109,0.048259,0.039433,0.011549,0.0,0.013767
2022-08-12,0.0,0.0,0.0,0.042079,0.029569,0.048848,0.044172,0.03981,0.0,0.0,0.0,0.0,0.0,0.0,0.064397,0.023419,0.015234,0.0,0.0,0.0,0.088652,0.0,0.088913,0.089583,0.0,0.0,0.0,0.0,0.0,0.0,0.047637,0.08887,0.0,0.089947,0.0,0.0,0.043177,0.042846,0.048204,0.039492,0.01152,0.0,0.01363
2022-08-15,0.0,0.0,0.0,0.042336,0.02963,0.048668,0.044254,0.039837,0.0,0.0,0.0,0.0,0.0,0.0,0.063199,0.022842,0.015285,0.0,0.0,0.0,0.089178,0.0,0.089878,0.090413,0.0,0.0,0.0,0.0,0.0,0.0,0.048246,0.087807,0.0,0.089419,0.0,0.0,0.043354,0.04284,0.048163,0.0395,0.011509,0.0,0.013642
2022-08-16,0.0,0.0,0.0,0.042593,0.029655,0.048449,0.044156,0.040254,0.0,0.0,0.0,0.0,0.0,0.0,0.063148,0.022873,0.015377,0.0,0.0,0.0,0.089075,0.0,0.091031,0.090809,0.0,0.0,0.0,0.0,0.0,0.0,0.047795,0.087787,0.0,0.088203,0.0,0.0,0.04337,0.042917,0.04801,0.039408,0.011427,0.0,0.013663
2022-08-17,0.0,0.0,0.0,0.042129,0.02963,0.048476,0.044135,0.0404,0.0,0.0,0.0,0.0,0.0,0.0,0.063905,0.023284,0.01531,0.0,0.0,0.0,0.088877,0.0,0.091099,0.090985,0.0,0.0,0.0,0.0,0.0,0.0,0.047618,0.087535,0.0,0.088522,0.0,0.0,0.043234,0.042942,0.047686,0.039179,0.011342,0.0,0.013712
2022-08-18,0.0,0.0,0.0,0.04253,0.029492,0.047932,0.044193,0.040247,0.0,0.0,0.0,0.0,0.0,0.0,0.065524,0.024263,0.015348,0.0,0.0,0.0,0.08835,0.0,0.09127,0.091188,0.0,0.0,0.0,0.0,0.0,0.0,0.047149,0.087174,0.0,0.087077,0.0,0.0,0.043252,0.043097,0.047688,0.039221,0.011312,0.0,0.013692
2022-08-19,0.0,0.0,0.0,0.042309,0.029225,0.047909,0.043528,0.039883,0.0,0.0,0.0,0.0,0.0,0.0,0.065949,0.024086,0.015253,0.0,0.0,0.0,0.089187,0.0,0.091588,0.091756,0.0,0.0,0.0,0.0,0.0,0.0,0.045685,0.08712,0.0,0.088501,0.0,0.0,0.043169,0.043313,0.047522,0.039017,0.011215,0.0,0.013785
2022-08-22,0.0,0.0,0.0,0.042283,0.029167,0.048342,0.043468,0.03953,0.0,0.0,0.0,0.0,0.0,0.0,0.066159,0.024346,0.015039,0.0,0.0,0.0,0.088468,0.0,0.09112,0.090965,0.0,0.0,0.0,0.0,0.0,0.0,0.046606,0.086982,0.0,0.089659,0.0,0.0,0.043198,0.04345,0.047223,0.038951,0.011189,0.0,0.013854
2022-08-23,0.0,0.0,0.0,0.041932,0.029152,0.048144,0.044787,0.03971,0.0,0.0,0.0,0.0,0.0,0.0,0.068138,0.024741,0.014977,0.0,0.0,0.0,0.086715,0.0,0.090186,0.089882,0.0,0.0,0.0,0.0,0.0,0.0,0.047229,0.08707,0.0,0.090402,0.0,0.0,0.042836,0.043263,0.04706,0.038762,0.01124,0.0,0.013773
2022-08-24,0.0,0.0,0.0,0.042106,0.02919,0.048031,0.044626,0.03981,0.0,0.0,0.0,0.0,0.0,0.0,0.068814,0.02517,0.014991,0.0,0.0,0.0,0.086619,0.0,0.0902,0.089953,0.0,0.0,0.0,0.0,0.0,0.0,0.046572,0.087122,0.0,0.090541,0.0,0.0,0.042593,0.043154,0.047005,0.038556,0.011204,0.0,0.013742
2022-08-25,0.0,0.0,0.0,0.042045,0.029331,0.049708,0.044537,0.039363,0.0,0.0,0.0,0.0,0.0,0.0,0.068883,0.02515,0.015119,0.0,0.0,0.0,0.086994,0.0,0.090014,0.089905,0.0,0.0,0.0,0.0,0.0,0.0,0.046463,0.086808,0.0,0.089373,0.0,0.0,0.042581,0.043001,0.047133,0.038695,0.011247,0.0,0.01365
2022-08-26,0.0,0.0,0.0,0.04181,0.029582,0.049903,0.044795,0.03933,0.0,0.0,0.0,0.0,0.0,0.0,0.0689,0.025216,0.014772,0.0,0.0,0.0,0.08559,0.0,0.088845,0.089595,0.0,0.0,0.0,0.0,0.0,0.0,0.045907,0.086789,0.0,0.0916,0.0,0.0,0.043045,0.043457,0.046916,0.038927,0.011205,0.0,0.013814
2022-08-29,0.0,0.0,0.0,0.041282,0.029607,0.049518,0.045224,0.039437,0.0,0.0,0.0,0.0,0.0,0.0,0.069997,0.025546,0.014717,0.0,0.0,0.0,0.085062,0.0,0.088776,0.089941,0.0,0.0,0.0,0.0,0.0,0.0,0.045592,0.086914,0.0,0.091808,0.0,0.0,0.042835,0.043323,0.046776,0.038672,0.011147,0.0,0.013826
2022-08-30,0.0,0.0,0.0,0.041297,0.029387,0.048973,0.044273,0.040463,0.0,0.0,0.0,0.0,0.0,0.0,0.068471,0.024574,0.014687,0.0,0.0,0.0,0.085554,0.0,0.088955,0.089736,0.0,0.0,0.0,0.0,0.0,0.0,0.045176,0.087268,0.0,0.092554,0.0,0.0,0.043359,0.043789,0.046997,0.039206,0.011283,0.0,0.013998
2022-08-31,0.013442,0.0,0.014122,0.07485,0.0,0.0,0.0,0.088696,0.0,0.0,0.016577,0.0,0.0,0.0,0.04432,0.043931,0.039938,0.0,0.0,0.0,0.088154,0.0,0.088402,0.088638,0.021467,0.0,0.0,0.0,0.0,0.017522,0.076815,0.088286,0.0,0.013547,0.0,0.0,0.044098,0.043643,0.054758,0.033336,0.0,0.0,0.005456
2022-09-01,0.01325,0.0,0.014001,0.074248,0.0,0.0,0.0,0.089578,0.0,0.0,0.016786,0.0,0.0,0.0,0.043377,0.042367,0.040131,0.0,0.0,0.0,0.089909,0.0,0.089201,0.090221,0.021435,0.0,0.0,0.0,0.0,0.017614,0.07552,0.087809,0.0,0.013382,0.0,0.0,0.043897,0.04346,0.05509,0.033248,0.0,0.0,0.005476
2022-09-02,0.013576,0.0,0.013875,0.075176,0.0,0.0,0.0,0.08886,0.0,0.0,0.016664,0.0,0.0,0.0,0.044258,0.04345,0.03982,0.0,0.0,0.0,0.08879,0.0,0.088207,0.089424,0.021197,0.0,0.0,0.0,0.0,0.017402,0.07508,0.088753,0.0,0.013455,0.0,0.0,0.044228,0.043802,0.05516,0.033337,0.0,0.0,0.005486
2022-09-05,0.013353,0.0,0.013882,0.074917,0.0,0.0,0.0,0.088907,0.0,0.0,0.016673,0.0,0.0,0.0,0.044282,0.043473,0.039841,0.0,0.0,0.0,0.088837,0.0,0.088253,0.089472,0.021209,0.0,0.0,0.0,0.0,0.017411,0.07512,0.0888,0.0,0.013462,0.0,0.0,0.044252,0.043825,0.055189,0.033355,0.0,0.0,0.005488
2022-09-06,0.013369,0.0,0.013712,0.074726,0.0,0.0,0.0,0.089298,0.0,0.0,0.016696,0.0,0.0,0.0,0.044024,0.04298,0.040044,0.0,0.0,0.0,0.08923,0.0,0.088059,0.090011,0.021141,0.0,0.0,0.0,0.0,0.01763,0.075727,0.088588,0.0,0.013541,0.0,0.0,0.04391,0.043558,0.055231,0.033017,0.0,0.0,0.005507
2022-09-07,0.013196,0.0,0.013521,0.07344,0.0,0.0,0.0,0.089629,0.0,0.0,0.016995,0.0,0.0,0.0,0.042972,0.041672,0.040181,0.0,0.0,0.0,0.08956,0.0,0.088533,0.091674,0.021213,0.0,0.0,0.0,0.0,0.017751,0.07733,0.088378,0.0,0.013288,0.0,0.0,0.043649,0.043195,0.055333,0.033052,0.0,0.0,0.005439
2022-09-08,0.013348,0.0,0.013627,0.07438,0.0,0.0,0.0,0.089627,0.0,0.0,0.017082,0.0,0.0,0.0,0.042981,0.041991,0.040135,0.0,0.0,0.0,0.09074,0.0,0.087939,0.091225,0.021198,0.0,0.0,0.0,0.0,0.017726,0.0776,0.087485,0.0,0.013227,0.0,0.0,0.043308,0.042778,0.055347,0.03284,0.0,0.0,0.005416
2022-09-09,0.013432,0.0,0.013745,0.07449,0.0,0.0,0.0,0.088692,0.0,0.0,0.017232,0.0,0.0,0.0,0.043613,0.042718,0.040249,0.0,0.0,0.0,0.090627,0.0,0.087918,0.090678,0.021401,0.0,0.0,0.0,0.0,0.01774,0.078842,0.08707,0.0,0.01334,0.0,0.0,0.04288,0.04237,0.055012,0.032587,0.0,0.0,0.005363
2022-09-12,0.013552,0.0,0.01366,0.074426,0.0,0.0,0.0,0.08942,0.0,0.0,0.01734,0.0,0.0,0.0,0.044123,0.043027,0.040225,0.0,0.0,0.0,0.090633,0.0,0.087684,0.090946,0.021602,0.0,0.0,0.0,0.0,0.017795,0.078376,0.086938,0.0,0.013343,0.0,0.0,0.042497,0.041968,0.054818,0.032302,0.0,0.0,0.005327
2022-09-13,0.01346,0.0,0.013525,0.075,0.0,0.0,0.0,0.089657,0.0,0.0,0.016838,0.0,0.0,0.0,0.044036,0.04285,0.039634,0.0,0.0,0.0,0.08973,0.0,0.086778,0.090636,0.020943,0.0,0.0,0.0,0.0,0.017522,0.078716,0.087854,0.0,0.013576,0.0,0.0,0.043266,0.042841,0.054849,0.032834,0.0,0.0,0.005454
2022-09-14,0.013279,0.0,0.013649,0.074078,0.0,0.0,0.0,0.090378,0.0,0.0,0.016966,0.0,0.0,0.0,0.045043,0.044129,0.03935,0.0,0.0,0.0,0.08931,0.0,0.086289,0.090898,0.020909,0.0,0.0,0.0,0.0,0.017232,0.07934,0.087058,0.0,0.01342,0.0,0.0,0.043061,0.042725,0.054643,0.032818,0.0,0.0,0.005426
2022-09-15,0.013371,0.0,0.013723,0.07496,0.0,0.0,0.0,0.090615,0.0,0.0,0.017105,0.0,0.0,0.0,0.044472,0.043143,0.039462,0.0,0.0,0.0,0.091015,0.0,0.086716,0.089823,0.020702,0.0,0.0,0.0,0.0,0.017141,0.077384,0.086579,0.0,0.013593,0.0,0.0,0.04349,0.04308,0.055027,0.033098,0.0,0.0,0.005499
2022-09-16,0.013256,0.0,0.013807,0.073971,0.0,0.0,0.0,0.090239,0.0,0.0,0.017086,0.0,0.0,0.0,0.043825,0.042263,0.038907,0.0,0.0,0.0,0.091388,0.0,0.087527,0.090108,0.02073,0.0,0.0,0.0,0.0,0.017262,0.076885,0.087664,0.0,0.013674,0.0,0.0,0.043827,0.043197,0.055596,0.03325,0.0,0.0,0.005537
2022-09-19,0.013191,0.0,0.013785,0.073696,0.0,0.0,0.0,0.090692,0.0,0.0,0.017242,0.0,0.0,0.0,0.043636,0.042042,0.039242,0.0,0.0,0.0,0.09045,0.0,0.087676,0.090867,0.020797,0.0,0.0,0.0,0.0,0.017152,0.078159,0.087301,0.0,0.013607,0.0,0.0,0.043488,0.04279,0.055532,0.033143,0.0,0.0,0.00551
2022-09-20,0.013261,0.0,0.013753,0.073884,0.0,0.0,0.0,0.091142,0.0,0.0,0.017089,0.0,0.0,0.0,0.043688,0.041779,0.039072,0.0,0.0,0.0,0.090123,0.0,0.087912,0.09028,0.020844,0.0,0.0,0.0,0.0,0.016873,0.078185,0.087515,0.0,0.013899,0.0,0.0,0.043573,0.043074,0.055416,0.033081,0.0,0.0,0.005556
2022-09-21,0.01338,0.0,0.013685,0.075439,0.0,0.0,0.0,0.090708,0.0,0.0,0.016795,0.0,0.0,0.0,0.043332,0.041173,0.038807,0.0,0.0,0.0,0.089213,0.0,0.088155,0.089633,0.020654,0.0,0.0,0.0,0.0,0.016716,0.077804,0.088501,0.0,0.013897,0.0,0.0,0.044035,0.043441,0.055615,0.033425,0.0,0.0,0.005592
2022-09-22,0.013139,0.0,0.013915,0.074021,0.0,0.0,0.0,0.090576,0.0,0.0,0.016553,0.0,0.0,0.0,0.043561,0.040827,0.038563,0.0,0.0,0.0,0.090483,0.0,0.088813,0.090108,0.020625,0.0,0.0,0.0,0.0,0.01665,0.07715,0.089237,0.0,0.014027,0.0,0.0,0.043757,0.04333,0.055774,0.033248,0.0,0.0,0.005642
2022-09-23,0.013125,0.0,0.013918,0.074055,0.0,0.0,0.0,0.090478,0.0,0.0,0.016508,0.0,0.0,0.0,0.0414,0.038315,0.038626,0.0,0.0,0.0,0.091891,0.0,0.089117,0.090915,0.020778,0.0,0.0,0.0,0.0,0.01677,0.075973,0.089517,0.0,0.014041,0.0,0.0,0.044722,0.044042,0.056208,0.033842,0.0,0.0,0.005759
2022-09-26,0.013186,0.0,0.013869,0.075183,0.0,0.0,0.0,0.089993,0.0,0.0,0.016683,0.0,0.0,0.0,0.040905,0.037573,0.038713,0.0,0.0,0.0,0.09219,0.0,0.090332,0.089869,0.0209,0.0,0.0,0.0,0.0,0.01651,0.076263,0.089617,0.0,0.013991,0.0,0.0,0.044546,0.043897,0.056263,0.033683,0.0,0.0,0.005833
2022-09-27,0.013208,0.0,0.0138,0.075115,0.0,0.0,0.0,0.09005,0.0,0.0,0.016792,0.0,0.0,0.0,0.041501,0.038677,0.038713,0.0,0.0,0.0,0.092216,0.0,0.089067,0.088649,0.020997,0.0,0.0,0.0,0.0,0.016345,0.077032,0.090101,0.0,0.014066,0.0,0.0,0.044389,0.04381,0.056332,0.033287,0.0,0.0,0.005853
2022-09-28,0.013029,0.0,0.013806,0.074371,0.0,0.0,0.0,0.089813,0.0,0.0,0.016934,0.0,0.0,0.0,0.042557,0.04047,0.03885,0.0,0.0,0.0,0.09253,0.0,0.088509,0.087984,0.020836,0.0,0.0,0.0,0.0,0.016383,0.075947,0.090312,0.0,0.013929,0.0,0.0,0.044569,0.043779,0.056301,0.033343,0.0,0.0,0.005748
2022-09-29,0.013127,0.0,0.013894,0.073654,0.0,0.0,0.0,0.089284,0.0,0.0,0.016614,0.0,0.0,0.0,0.043247,0.040861,0.038796,0.0,0.0,0.0,0.093241,0.0,0.08846,0.085826,0.020622,0.0,0.0,0.0,0.0,0.016159,0.075195,0.091759,0.0,0.014162,0.0,0.0,0.045081,0.043866,0.056677,0.033632,0.0,0.0,0.005841
2022-09-30,0.017213,0.0,0.0,0.074447,0.035148,0.023772,0.0,0.068093,0.0,0.0,0.027132,0.0,0.0,0.0,0.045796,0.045795,0.049454,0.0,0.0,0.0,0.063571,0.028396,0.091958,0.092173,0.0,0.0,0.0,0.0,0.0,0.0,0.091883,0.0,0.0,0.030202,0.0,0.0,0.032026,0.059508,0.062459,0.029453,0.026968,0.0,0.004554
2022-10-03,0.016929,0.0,0.0,0.073353,0.034739,0.023488,0.0,0.067214,0.0,0.0,0.026683,0.0,0.0,0.0,0.047538,0.047894,0.050055,0.0,0.0,0.0,0.063743,0.028131,0.091907,0.093215,0.0,0.0,0.0,0.0,0.0,0.0,0.0913,0.0,0.0,0.029733,0.0,0.0,0.03184,0.05922,0.062171,0.029473,0.026899,0.0,0.004474
2022-10-04,0.017107,0.0,0.0,0.073245,0.035108,0.023817,0.0,0.066739,0.0,0.0,0.026927,0.0,0.0,0.0,0.048345,0.049149,0.050506,0.0,0.0,0.0,0.063598,0.028466,0.090976,0.092819,0.0,0.0,0.0,0.0,0.0,0.0,0.093154,0.0,0.0,0.029079,0.0,0.0,0.03111,0.057972,0.061927,0.028871,0.026723,0.0,0.004364
2022-10-05,0.016955,0.0,0.0,0.073215,0.034896,0.02405,0.0,0.066898,0.0,0.0,0.026897,0.0,0.0,0.0,0.049581,0.050289,0.050472,0.0,0.0,0.0,0.064115,0.028489,0.090881,0.091192,0.0,0.0,0.0,0.0,0.0,0.0,0.092302,0.0,0.0,0.029393,0.0,0.0,0.030963,0.057792,0.061978,0.02879,0.02647,0.0,0.004383
2022-10-06,0.017136,0.0,0.0,0.074274,0.035286,0.023922,0.0,0.066363,0.0,0.0,0.026841,0.0,0.0,0.0,0.050717,0.051279,0.050144,0.0,0.0,0.0,0.063616,0.028633,0.090007,0.08863,0.0,0.0,0.0,0.0,0.0,0.0,0.093024,0.0,0.0,0.02941,0.0,0.0,0.030948,0.057891,0.062104,0.028869,0.026501,0.0,0.004407
2022-10-07,0.016999,0.0,0.0,0.074058,0.035213,0.023691,0.0,0.066388,0.0,0.0,0.026364,0.0,0.0,0.0,0.051189,0.051521,0.050031,0.0,0.0,0.0,0.063342,0.027868,0.090186,0.088286,0.0,0.0,0.0,0.0,0.0,0.0,0.092121,0.0,0.0,0.02996,0.0,0.0,0.031326,0.058904,0.062403,0.029073,0.026594,0.0,0.004483
2022-10-10,0.016879,0.0,0.0,0.074337,0.034784,0.023048,0.0,0.067594,0.0,0.0,0.026383,0.0,0.0,0.0,0.050486,0.050944,0.050557,0.0,0.0,0.0,0.063381,0.027547,0.091141,0.089053,0.0,0.0,0.0,0.0,0.0,0.0,0.090708,0.0,0.0,0.030527,0.0,0.0,0.031358,0.058976,0.06207,0.029012,0.026701,0.0,0.004514
2022-10-11,0.016858,0.0,0.0,0.074225,0.034467,0.02252,0.0,0.066892,0.0,0.0,0.026197,0.0,0.0,0.0,0.05014,0.050324,0.050602,0.0,0.0,0.0,0.063792,0.027798,0.091996,0.088833,0.0,0.0,0.0,0.0,0.0,0.0,0.091514,0.0,0.0,0.030442,0.0,0.0,0.031473,0.059381,0.062332,0.028985,0.026711,0.0,0.004519
2022-10-12,0.016818,0.0,0.0,0.073874,0.034325,0.022603,0.0,0.067422,0.0,0.0,0.026369,0.0,0.0,0.0,0.050743,0.051094,0.050404,0.0,0.0,0.0,0.06373,0.028061,0.092853,0.086213,0.0,0.0,0.0,0.0,0.0,0.0,0.090726,0.0,0.0,0.030322,0.0,0.0,0.031701,0.059734,0.062683,0.029065,0.026722,0.0,0.004537
2022-10-13,0.01673,0.0,0.0,0.073386,0.033961,0.022212,0.0,0.066993,0.0,0.0,0.026312,0.0,0.0,0.0,0.052131,0.052281,0.050849,0.0,0.0,0.0,0.064371,0.028181,0.09317,0.087228,0.0,0.0,0.0,0.0,0.0,0.0,0.090687,0.0,0.0,0.02993,0.0,0.0,0.031159,0.058894,0.062011,0.02874,0.026296,0.0,0.004478
2022-10-14,0.017005,0.0,0.0,0.074552,0.034409,0.022299,0.0,0.067265,0.0,0.0,0.025741,0.0,0.0,0.0,0.051002,0.05049,0.050542,0.0,0.0,0.0,0.064977,0.027834,0.092977,0.087367,0.0,0.0,0.0,0.0,0.0,0.0,0.089092,0.0,0.0,0.030235,0.0,0.0,0.031489,0.059903,0.062817,0.028928,0.026525,0.0,0.004551
2022-10-17,0.017013,0.0,0.0,0.074221,0.034401,0.022567,0.0,0.067612,0.0,0.0,0.026336,0.0,0.0,0.0,0.050771,0.050825,0.050779,0.0,0.0,0.0,0.064912,0.028379,0.092404,0.087696,0.0,0.0,0.0,0.0,0.0,0.0,0.090505,0.0,0.0,0.029728,0.0,0.0,0.030993,0.059059,0.062522,0.028578,0.026224,0.0,0.004475
2022-10-18,0.016966,0.0,0.0,0.073916,0.033944,0.022334,0.0,0.067011,0.0,0.0,0.02652,0.0,0.0,0.0,0.05087,0.050982,0.051655,0.0,0.0,0.0,0.064835,0.028322,0.09298,0.0887,0.0,0.0,0.0,0.0,0.0,0.0,0.09025,0.0,0.0,0.029484,0.0,0.0,0.030863,0.058507,0.06254,0.028555,0.026324,0.0,0.004444
2022-10-19,0.017049,0.0,0.0,0.073927,0.03386,0.021545,0.0,0.06677,0.0,0.0,0.026378,0.0,0.0,0.0,0.052683,0.052596,0.051593,0.0,0.0,0.0,0.064308,0.027095,0.093099,0.088066,0.0,0.0,0.0,0.0,0.0,0.0,0.090963,0.0,0.0,0.0296,0.0,0.0,0.030722,0.058554,0.062307,0.028331,0.026085,0.0,0.004471
2022-10-20,0.017254,0.0,0.0,0.07458,0.03457,0.021826,0.0,0.06789,0.0,0.0,0.026046,0.0,0.0,0.0,0.053096,0.052382,0.050927,0.0,0.0,0.0,0.064201,0.027143,0.092433,0.086435,0.0,0.0,0.0,0.0,0.0,0.0,0.090628,0.0,0.0,0.029819,0.0,0.0,0.030702,0.058901,0.062388,0.028278,0.025999,0.0,0.004502
2022-10-21,0.016915,0.0,0.0,0.072775,0.033932,0.021712,0.0,0.067886,0.0,0.0,0.026424,0.0,0.0,0.0,0.053854,0.052797,0.051583,0.0,0.0,0.0,0.064711,0.027497,0.092517,0.086784,0.0,0.0,0.0,0.0,0.0,0.0,0.092199,0.0,0.0,0.029469,0.0,0.0,0.030334,0.058214,0.062094,0.027955,0.025912,0.0,0.004438
2022-10-24,0.017206,0.0,0.0,0.073257,0.032876,0.019605,0.0,0.067909,0.0,0.0,0.026517,0.0,0.0,0.0,0.054074,0.052779,0.052237,0.0,0.0,0.0,0.065918,0.027355,0.094124,0.087456,0.0,0.0,0.0,0.0,0.0,0.0,0.090409,0.0,0.0,0.029348,0.0,0.0,0.030277,0.058316,0.062098,0.027924,0.025879,0.0,0.004436
2022-10-25,0.017329,0.0,0.0,0.073681,0.032831,0.019711,0.0,0.067195,0.0,0.0,0.026844,0.0,0.0,0.0,0.053458,0.052558,0.052283,0.0,0.0,0.0,0.065595,0.027738,0.094175,0.088103,0.0,0.0,0.0,0.0,0.0,0.0,0.091253,0.0,0.0,0.028897,0.0,0.0,0.030274,0.057827,0.06192,0.027946,0.026001,0.0,0.004381
2022-10-26,0.017402,0.0,0.0,0.073818,0.033215,0.02042,0.0,0.067322,0.0,0.0,0.026413,0.0,0.0,0.0,0.053749,0.052947,0.052044,0.0,0.0,0.0,0.065787,0.027972,0.094034,0.087352,0.0,0.0,0.0,0.0,0.0,0.0,0.091777,0.0,0.0,0.028548,0.0,0.0,0.030183,0.057274,0.061588,0.027848,0.025961,0.0,0.004345
2022-10-27,0.017253,0.0,0.0,0.074209,0.033116,0.019924,0.0,0.066706,0.0,0.0,0.026338,0.0,0.0,0.0,0.053999,0.05257,0.052707,0.0,0.0,0.0,0.065509,0.027656,0.09421,0.088141,0.0,0.0,0.0,0.0,0.0,0.0,0.090544,0.0,0.0,0.028405,0.0,0.0,0.030428,0.057778,0.062105,0.028006,0.026046,0.0,0.00435
2022-10-28,0.017175,0.0,0.0,0.073615,0.032223,0.019228,0.0,0.067122,0.0,0.0,0.026213,0.0,0.0,0.0,0.053881,0.052036,0.053629,0.0,0.0,0.0,0.066211,0.028469,0.095732,0.090048,0.0,0.0,0.0,0.0,0.0,0.0,0.08841,0.0,0.0,0.028101,0.0,0.0,0.030101,0.057381,0.06223,0.027905,0.025964,0.0,0.004325
2022-10-31,0.016705,0.0,0.041228,0.073835,0.016651,0.0,0.0,0.090826,0.0,0.0,0.0,0.0,0.0,0.054656,0.042638,0.024816,0.0,0.0,0.0,0.022505,0.069241,0.020992,0.067037,0.0,0.0,0.0,0.0,0.0,0.0,0.0,0.050736,0.085146,0.0,0.090861,0.0,0.0,0.045055,0.045346,0.045151,0.044786,0.045611,0.0,0.006176
2022-11-01,0.016557,0.0,0.041249,0.07408,0.016892,0.0,0.0,0.090656,0.0,0.0,0.0,0.0,0.0,0.054349,0.042747,0.024952,0.0,0.0,0.0,0.022275,0.068794,0.021014,0.066354,0.0,0.0,0.0,0.0,0.0,0.0,0.0,0.051517,0.085409,0.0,0.091222,0.0,0.0,0.044729,0.045018,0.045103,0.04479,0.046161,0.0,0.006134
2022-11-02,0.016671,0.0,0.041474,0.074251,0.017067,0.0,0.0,0.09067,0.0,0.0,0.0,0.0,0.0,0.05375,0.042221,0.024589,0.0,0.0,0.0,0.021684,0.068441,0.020846,0.065989,0.0,0.0,0.0,0.0,0.0,0.0,0.0,0.051124,0.085838,0.0,0.091817,0.0,0.0,0.045193,0.045459,0.045232,0.045113,0.046363,0.0,0.006207
2022-11-03,0.016341,0.0,0.041456,0.073814,0.017065,0.0,0.0,0.091428,0.0,0.0,0.0,0.0,0.0,0.053334,0.043104,0.025209,0.0,0.0,0.0,0.021337,0.068315,0.020754,0.065923,0.0,0.0,0.0,0.0,0.0,0.0,0.0,0.051858,0.085715,0.0,0.091574,0.0,0.0,0.045103,0.045061,0.045017,0.04506,0.04631,0.0,0.006223
2022-11-04,0.016237,0.0,0.041675,0.072097,0.017418,0.0,0.0,0.09206,0.0,0.0,0.0,0.0,0.0,0.053834,0.043023,0.02534,0.0,0.0,0.0,0.021473,0.067775,0.020296,0.065776,0.0,0.0,0.0,0.0,0.0,0.0,0.0,0.053702,0.087118,0.0,0.09144,0.0,0.0,0.044381,0.0446,0.044698,0.044522,0.046399,0.0,0.006137
2022-11-07,0.016379,0.0,0.041755,0.07233,0.017479,0.0,0.0,0.091821,0.0,0.0,0.0,0.0,0.0,0.054022,0.043597,0.026009,0.0,0.0,0.0,0.021527,0.068243,0.020007,0.066113,0.0,0.0,0.0,0.0,0.0,0.0,0.0,0.053275,0.086447,0.0,0.091414,0.0,0.0,0.044058,0.044487,0.044524,0.044192,0.046207,0.0,0.006114
2022-11-08,0.016563,0.0,0.042093,0.072438,0.017537,0.0,0.0,0.091984,0.0,0.0,0.0,0.0,0.0,0.053593,0.043365,0.025678,0.0,0.0,0.0,0.021368,0.068153,0.020067,0.065887,0.0,0.0,0.0,0.0,0.0,0.0,0.0,0.054045,0.087888,0.0,0.090388,0.0,0.0,0.044072,0.04427,0.044201,0.044097,0.046237,0.0,0.006075
2022-11-09,0.016567,0.0,0.041993,0.072471,0.017627,0.0,0.0,0.091997,0.0,0.0,0.0,0.0,0.0,0.053446,0.041858,0.024345,0.0,0.0,0.0,0.021582,0.06842,0.019687,0.066139,0.0,0.0,0.0,0.0,0.0,0.0,0.0,0.052673,0.088746,0.0,0.091319,0.0,0.0,0.04488,0.044834,0.044322,0.044637,0.046292,0.0,0.006166
2022-11-10,0.016628,0.0,0.042957,0.072435,0.017418,0.0,0.0,0.091584,0.0,0.0,0.0,0.0,0.0,0.054413,0.041455,0.024469,0.0,0.0,0.0,0.023209,0.067971,0.020536,0.065583,0.0,0.0,0.0,0.0,0.0,0.0,0.0,0.053541,0.088596,0.0,0.088737,0.0,0.0,0.044456,0.044158,0.044276,0.044694,0.046909,0.0,0.005974
2022-11-11,0.016735,0.0,0.043586,0.071946,0.017783,0.0,0.0,0.091158,0.0,0.0,0.0,0.0,0.0,0.053919,0.042442,0.02511,0.0,0.0,0.0,0.023302,0.066796,0.020834,0.065177,0.0,0.0,0.0,0.0,0.0,0.0,0.0,0.054546,0.088726,0.0,0.088505,0.0,0.0,0.044137,0.043907,0.044205,0.044585,0.046659,0.0,0.005944
2022-11-14,0.016966,0.0,0.043302,0.07225,0.017953,0.0,0.0,0.09067,0.0,0.0,0.0,0.0,0.0,0.053393,0.042735,0.024923,0.0,0.0,0.0,0.022638,0.06734,0.020814,0.065131,0.0,0.0,0.0,0.0,0.0,0.0,0.0,0.053513,0.089563,0.0,0.089101,0.0,0.0,0.04435,0.043899,0.044196,0.04468,0.046597,0.0,0.005987
2022-11-15,0.017014,0.0,0.043302,0.072264,0.018324,0.0,0.0,0.090445,0.0,0.0,0.0,0.0,0.0,0.053355,0.0429,0.025358,0.0,0.0,0.0,0.0231,0.066811,0.020623,0.065242,0.0,0.0,0.0,0.0,0.0,0.0,0.0,0.052517,0.089286,0.0,0.088778,0.0,0.0,0.044384,0.043892,0.04429,0.045004,0.047162,0.0,0.005948
2022-11-16,0.016931,0.0,0.043475,0.071311,0.018076,0.0,0.0,0.089997,0.0,0.0,0.0,0.0,0.0,0.052904,0.04234,0.02481,0.0,0.0,0.0,0.023014,0.067282,0.020193,0.066054,0.0,0.0,0.0,0.0,0.0,0.0,0.0,0.051586,0.089749,0.0,0.089133,0.0,0.0,0.045047,0.044334,0.044527,0.045729,0.047516,0.0,0.005994
2022-11-17,0.01685,0.0,0.043696,0.071125,0.01809,0.0,0.0,0.090242,0.0,0.0,0.0,0.0,0.0,0.052533,0.042726,0.024929,0.0,0.0,0.0,0.022791,0.067717,0.020095,0.066493,0.0,0.0,0.0,0.0,0.0,0.0,0.0,0.050779,0.089714,0.0,0.088945,0.0,0.0,0.04505,0.044337,0.044642,0.045798,0.047413,0.0,0.006036
2022-11-18,0.016998,0.0,0.043639,0.071834,0.018073,0.0,0.0,0.090136,0.0,0.0,0.0,0.0,0.0,0.052901,0.042348,0.024631,0.0,0.0,0.0,0.022824,0.068473,0.020194,0.067141,0.0,0.0,0.0,0.0,0.0,0.0,0.0,0.050124,0.089012,0.0,0.088906,0.0,0.0,0.044849,0.04407,0.044697,0.045751,0.047369,0.0,0.00603
2022-11-21,0.016919,0.0,0.043386,0.072172,0.017843,0.0,0.0,0.089673,0.0,0.0,0.0,0.0,0.0,0.053278,0.041873,0.024218,0.0,0.0,0.0,0.022686,0.068663,0.019956,0.067937,0.0,0.0,0.0,0.0,0.0,0.0,0.0,0.049951,0.08872,0.0,0.089292,0.0,0.0,0.044926,0.044407,0.044783,0.045789,0.047485,0.0,0.006044
2022-11-22,0.01694,0.0,0.043928,0.072015,0.01771,0.0,0.0,0.089499,0.0,0.0,0.0,0.0,0.0,0.05347,0.042809,0.024982,0.0,0.0,0.0,0.023023,0.068658,0.020055,0.067839,0.0,0.0,0.0,0.0,0.0,0.0,0.0,0.049311,0.088053,0.0,0.08865,0.0,0.0,0.044791,0.044199,0.044717,0.045795,0.047563,0.0,0.005992
2022-11-23,0.017091,0.0,0.044273,0.072118,0.017803,0.0,0.0,0.089054,0.0,0.0,0.0,0.0,0.0,0.053279,0.042193,0.024499,0.0,0.0,0.0,0.023192,0.068685,0.019991,0.067827,0.0,0.0,0.0,0.0,0.0,0.0,0.0,0.050008,0.088285,0.0,0.087979,0.0,0.0,0.044871,0.044283,0.044808,0.046089,0.047701,0.0,0.00597
2022-11-24,0.017178,0.0,0.044252,0.072264,0.017992,0.0,0.0,0.089012,0.0,0.0,0.0,0.0,0.0,0.053254,0.042173,0.024487,0.0,0.0,0.0,0.023181,0.068652,0.019981,0.067795,0.0,0.0,0.0,0.0,0.0,0.0,0.0,0.049984,0.088243,0.0,0.087938,0.0,0.0,0.044849,0.044262,0.044786,0.046067,0.047679,0.0,0.005969
2022-11-25,0.017128,0.0,0.044541,0.072254,0.017778,0.0,0.0,0.089878,0.0,0.0,0.0,0.0,0.0,0.053629,0.042005,0.024481,0.0,0.0,0.0,0.023166,0.069039,0.01999,0.067819,0.0,0.0,0.0,0.0,0.0,0.0,0.0,0.048467,0.088292,0.0,0.087867,0.0,0.0,0.044822,0.044208,0.044683,0.0461,0.047883,0.0,0.005968
2022-11-28,0.017145,0.0,0.044615,0.072183,0.017893,0.0,0.0,0.090535,0.0,0.0,0.0,0.0,0.0,0.052938,0.041237,0.023804,0.0,0.0,0.0,0.02301,0.069166,0.019827,0.068197,0.0,0.0,0.0,0.0,0.0,0.0,0.0,0.048057,0.088419,0.0,0.088202,0.0,0.0,0.045262,0.04452,0.044629,0.046197,0.048141,0.0,0.006023
2022-11-29,0.016932,0.0,0.044219,0.07173,0.018064,0.0,0.0,0.091058,0.0,0.0,0.0,0.0,0.0,0.053196,0.041744,0.024019,0.0,0.0,0.0,0.023129,0.068802,0.019854,0.067748,0.0,0.0,0.0,0.0,0.0,0.0,0.0,0.048743,0.088609,0.0,0.088225,0.0,0.0,0.044947,0.044206,0.044697,0.045841,0.048228,0.0,0.006008
2022-11-30,0.011157,0.0,0.0,0.086142,0.0,0.0,0.044908,0.097573,0.0,0.0,0.0,0.0,0.044563,0.052973,0.059074,0.037344,0.068896,0.0,0.0,0.013176,0.047851,0.048292,0.070639,0.0,0.0,0.0,0.0,0.0,0.0,0.0,0.035446,0.0,0.0,0.080865,0.0,0.0,0.040109,0.044891,0.080103,0.0173,0.012946,0.0,0.005752
2022-12-01,0.011468,0.0,0.0,0.086969,0.0,0.0,0.044539,0.097555,0.0,0.0,0.0,0.0,0.044307,0.052612,0.058882,0.036602,0.068919,0.0,0.0,0.013354,0.047991,0.047988,0.070321,0.0,0.0,0.0,0.0,0.0,0.0,0.0,0.03535,0.0,0.0,0.080344,0.0,0.0,0.040549,0.045374,0.080403,0.017517,0.013203,0.0,0.005752
2022-12-02,0.011402,0.0,0.0,0.086701,0.0,0.0,0.044626,0.096925,0.0,0.0,0.0,0.0,0.044043,0.052321,0.058459,0.036249,0.069225,0.0,0.0,0.013249,0.048054,0.04941,0.070553,0.0,0.0,0.0,0.0,0.0,0.0,0.0,0.035831,0.0,0.0,0.080002,0.0,0.0,0.04058,0.045653,0.080238,0.017601,0.013131,0.0,0.005746
2022-12-05,0.011532,0.0,0.0,0.087058,0.0,0.0,0.043959,0.09762,0.0,0.0,0.0,0.0,0.043807,0.050857,0.057854,0.035256,0.069424,0.0,0.0,0.01327,0.048542,0.048759,0.071053,0.0,0.0,0.0,0.0,0.0,0.0,0.0,0.034829,0.0,0.0,0.081225,0.0,0.0,0.040969,0.046085,0.081056,0.017799,0.013188,0.0,0.00586
2022-12-06,0.011481,0.0,0.0,0.086662,0.0,0.0,0.04504,0.097755,0.0,0.0,0.0,0.0,0.043792,0.050766,0.056812,0.034574,0.069191,0.0,0.0,0.013202,0.048587,0.047818,0.071221,0.0,0.0,0.0,0.0,0.0,0.0,0.0,0.035112,0.0,0.0,0.081342,0.0,0.0,0.041574,0.046471,0.081457,0.018006,0.013228,0.0,0.005911
2022-12-07,0.011362,0.0,0.0,0.086183,0.0,0.0,0.044638,0.097751,0.0,0.0,0.0,0.0,0.043523,0.050658,0.056559,0.034202,0.068955,0.0,0.0,0.013509,0.048883,0.048013,0.071371,0.0,0.0,0.0,0.0,0.0,0.0,0.0,0.03553,0.0,0.0,0.081252,0.0,0.0,0.041849,0.046573,0.081731,0.018168,0.013391,0.0,0.0059
2022-12-08,0.011461,0.0,0.0,0.086224,0.0,0.0,0.043831,0.098019,0.0,0.0,0.0,0.0,0.043559,0.050777,0.056304,0.033423,0.069362,0.0,0.0,0.013557,0.049322,0.048301,0.071752,0.0,0.0,0.0,0.0,0.0,0.0,0.0,0.035481,0.0,0.0,0.08129,0.0,0.0,0.041611,0.046558,0.081793,0.018109,0.013366,0.0,0.005899
2022-12-09,0.011609,0.0,0.0,0.087167,0.0,0.0,0.04416,0.097554,0.0,0.0,0.0,0.0,0.043816,0.050988,0.055403,0.033075,0.069378,0.0,0.0,0.01357,0.049105,0.047488,0.071805,0.0,0.0,0.0,0.0,0.0,0.0,0.0,0.035197,0.0,0.0,0.081566,0.0,0.0,0.041655,0.046509,0.08249,0.018127,0.013387,0.0,0.00595
2022-12-12,0.011452,0.0,0.0,0.086254,0.0,0.0,0.04264,0.097232,0.0,0.0,0.0,0.0,0.044078,0.051113,0.056445,0.034081,0.070057,0.0,0.0,0.013645,0.049269,0.04833,0.072037,0.0,0.0,0.0,0.0,0.0,0.0,0.0,0.034791,0.0,0.0,0.081679,0.0,0.0,0.041294,0.046176,0.082209,0.017973,0.013339,0.0,0.005907
2022-12-13,0.011688,0.0,0.0,0.086626,0.0,0.0,0.041479,0.097306,0.0,0.0,0.0,0.0,0.043959,0.050254,0.057213,0.03451,0.069951,0.0,0.0,0.013808,0.04916,0.048836,0.071555,0.0,0.0,0.0,0.0,0.0,0.0,0.0,0.034467,0.0,0.0,0.081743,0.0,0.0,0.041446,0.046069,0.082623,0.018034,0.013396,0.0,0.005877
2022-12-14,0.011705,0.0,0.0,0.086918,0.0,0.0,0.041565,0.097278,0.0,0.0,0.0,0.0,0.043546,0.049582,0.057045,0.03444,0.070043,0.0,0.0,0.013812,0.049395,0.049152,0.071737,0.0,0.0,0.0,0.0,0.0,0.0,0.0,0.034227,0.0,0.0,0.081921,0.0,0.0,0.041693,0.046101,0.082419,0.018108,0.013419,0.0,0.005895
2022-12-15,0.011444,0.0,0.0,0.085352,0.0,0.0,0.041939,0.096777,0.0,0.0,0.0,0.0,0.043255,0.049315,0.057448,0.03504,0.069253,0.0,0.0,0.014143,0.049129,0.048363,0.071449,0.0,0.0,0.0,0.0,0.0,0.0,0.0,0.034033,0.0,0.0,0.082962,0.0,0.0,0.042326,0.046718,0.083192,0.018363,0.013524,0.0,0.005973
2022-12-16,0.011367,0.0,0.0,0.085229,0.0,0.0,0.041957,0.09719,0.0,0.0,0.0,0.0,0.043189,0.049217,0.057092,0.034648,0.069383,0.0,0.0,0.014024,0.048713,0.048824,0.071536,0.0,0.0,0.0,0.0,0.0,0.0,0.0,0.033971,0.0,0.0,0.083221,0.0,0.0,0.042479,0.046754,0.083259,0.018397,0.013537,0.0,0.006012
2022-12-19,0.011366,0.0,0.0,0.08516,0.0,0.0,0.042987,0.098195,0.0,0.0,0.0,0.0,0.043191,0.049499,0.057241,0.034181,0.069207,0.0,0.0,0.01379,0.048664,0.047954,0.071687,0.0,0.0,0.0,0.0,0.0,0.0,0.0,0.033583,0.0,0.0,0.083474,0.0,0.0,0.04225,0.046721,0.083062,0.018261,0.013499,0.0,0.006029
2022-12-20,0.011304,0.0,0.0,0.084757,0.0,0.0,0.04446,0.097857,0.0,0.0,0.0,0.0,0.043212,0.049565,0.057892,0.034414,0.069038,0.0,0.0,0.013635,0.048475,0.048669,0.071366,0.0,0.0,0.0,0.0,0.0,0.0,0.0,0.033315,0.0,0.0,0.083801,0.0,0.0,0.041789,0.046536,0.082545,0.01798,0.013382,0.0,0.006007
2022-12-21,0.011365,0.0,0.0,0.085285,0.0,0.0,0.044327,0.095921,0.0,0.0,0.0,0.0,0.043422,0.049938,0.058373,0.034919,0.0696,0.0,0.0,0.013746,0.048598,0.049232,0.071322,0.0,0.0,0.0,0.0,0.0,0.0,0.0,0.032761,0.0,0.0,0.083843,0.0,0.0,0.041402,0.046298,0.082375,0.017913,0.013415,0.0,0.005946
2022-12-22,0.011265,0.0,0.0,0.084635,0.0,0.0,0.045012,0.095679,0.0,0.0,0.0,0.0,0.043395,0.050035,0.057499,0.034098,0.069281,0.0,0.0,0.013796,0.048931,0.049783,0.071747,0.0,0.0,0.0,0.0,0.0,0.0,0.0,0.0319,0.0,0.0,0.084746,0.0,0.0,0.041731,0.046424,0.082542,0.018056,0.013456,0.0,0.005991
2022-12-23,0.011298,0.0,0.0,0.084648,0.0,0.0,0.045773,0.094217,0.0,0.0,0.0,0.0,0.043483,0.05017,0.05912,0.035286,0.069444,0.0,0.0,0.013726,0.048785,0.048443,0.071864,0.0,0.0,0.0,0.0,0.0,0.0,0.0,0.031585,0.0,0.0,0.084906,0.0,0.0,0.041393,0.046155,0.082458,0.017936,0.013336,0.0,0.005973
2022-12-27,0.011325,0.0,0.0,0.084842,0.0,0.0,0.044356,0.095825,0.0,0.0,0.0,0.0,0.043578,0.050327,0.059899,0.035605,0.069827,0.0,0.0,0.01374,0.048779,0.047158,0.072386,0.0,0.0,0.0,0.0,0.0,0.0,0.0,0.031578,0.0,0.0,0.084736,0.0,0.0,0.041148,0.046057,0.081806,0.017749,0.013289,0.0,0.00599
2022-12-28,0.011334,0.0,0.0,0.084918,0.0,0.0,0.045603,0.096521,0.0,0.0,0.0,0.0,0.043718,0.050273,0.058955,0.034254,0.069381,0.0,0.0,0.01354,0.048792,0.047652,0.07197,0.0,0.0,0.0,0.0,0.0,0.0,0.0,0.031113,0.0,0.0,0.085904,0.0,0.0,0.041328,0.046317,0.081253,0.017813,0.01333,0.0,0.006032
2022-12-29,0.011343,0.0,0.0,0.08485,0.0,0.0,0.044712,0.096468,0.0,0.0,0.0,0.0,0.043861,0.050775,0.058947,0.034625,0.0695,0.0,0.0,0.013704,0.048806,0.04921,0.071521,0.0,0.0,0.0,0.0,0.0,0.0,0.0,0.031527,0.0,0.0,0.084584,0.0,0.0,0.041095,0.046021,0.081442,0.017752,0.013292,0.0,0.005965
2022-12-30,0.016979,0.031727,0.054332,0.068086,0.0,0.0,0.0,0.101709,0.0,0.0,0.0,0.0,0.070953,0.030585,0.072245,0.01551,0.080279,0.021038,0.0,0.032315,0.058729,0.042772,0.101516,0.0,0.0,0.0,0.0,0.0,0.0,0.0,0.0,0.0,0.019071,0.0,0.0,0.0,0.025819,0.0,0.069534,0.031846,0.051405,0.0,0.003551
2023-01-02,0.016956,0.031685,0.054259,0.069334,0.0,0.0,0.0,0.101572,0.0,0.0,0.0,0.0,0.070858,0.030544,0.072148,0.015489,0.080171,0.02101,0.0,0.032272,0.058651,0.042715,0.10138,0.0,0.0,0.0,0.0,0.0,0.0,0.0,0.0,0.0,0.019045,0.0,0.0,0.0,0.025784,0.0,0.069441,0.031804,0.051336,0.0,0.003547
2023-01-03,0.016944,0.032168,0.05466,0.069043,0.0,0.0,0.0,0.102227,0.0,0.0,0.0,0.0,0.071291,0.030501,0.069797,0.014661,0.080552,0.021107,0.0,0.032799,0.058634,0.042067,0.101262,0.0,0.0,0.0,0.0,0.0,0.0,0.0,0.0,0.0,0.019121,0.0,0.0,0.0,0.026054,0.0,0.069754,0.032107,0.051694,0.0,0.003556
2023-01-04,0.017064,0.032541,0.053723,0.069184,0.0,0.0,0.0,0.101379,0.0,0.0,0.0,0.0,0.071902,0.030621,0.069276,0.014604,0.080667,0.021338,0.0,0.033278,0.058358,0.042634,0.100911,0.0,0.0,0.0,0.0,0.0,0.0,0.0,0.0,0.0,0.018843,0.0,0.0,0.0,0.026061,0.0,0.07004,0.032102,0.051943,0.0,0.003531
2023-01-05,0.016933,0.032449,0.053334,0.069236,0.0,0.0,0.0,0.10129,0.0,0.0,0.0,0.0,0.071818,0.030516,0.070987,0.014718,0.080303,0.021188,0.0,0.033345,0.058127,0.042533,0.100529,0.0,0.0,0.0,0.0,0.0,0.0,0.0,0.0,0.0,0.018529,0.0,0.0,0.0,0.026188,0.0,0.070342,0.032282,0.051798,0.0,0.003554
2023-01-06,0.016922,0.03269,0.053649,0.068735,0.0,0.0,0.0,0.100639,0.0,0.0,0.0,0.0,0.072042,0.03075,0.070981,0.014739,0.080959,0.021548,0.0,0.033355,0.057566,0.042061,0.101281,0.0,0.0,0.0,0.0,0.0,0.0,0.0,0.0,0.0,0.018633,0.0,0.0,0.0,0.026029,0.0,0.070008,0.032197,0.051729,0.0,0.003487
2023-01-09,0.017283,0.032974,0.053891,0.069168,0.0,0.0,0.0,0.101088,0.0,0.0,0.0,0.0,0.071944,0.030628,0.070894,0.014923,0.080785,0.021847,0.0,0.033374,0.056734,0.041201,0.100525,0.0,0.0,0.0,0.0,0.0,0.0,0.0,0.0,0.0,0.018523,0.0,0.0,0.0,0.026156,0.0,0.070422,0.032399,0.051748,0.0,0.003494
2023-01-10,0.017035,0.033059,0.053645,0.068552,0.0,0.0,0.0,0.100841,0.0,0.0,0.0,0.0,0.072192,0.030787,0.07124,0.014941,0.081048,0.021901,0.0,0.03362,0.057084,0.042278,0.100169,0.0,0.0,0.0,0.0,0.0,0.0,0.0,0.0,0.0,0.018473,0.0,0.0,0.0,0.025934,0.0,0.070183,0.032218,0.051311,0.0,0.003488
2023-01-11,0.017111,0.033063,0.0537,0.068794,0.0,0.0,0.0,0.100211,0.0,0.0,0.0,0.0,0.072357,0.030836,0.070961,0.014953,0.081257,0.022027,0.0,0.03428,0.057007,0.042386,0.099525,0.0,0.0,0.0,0.0,0.0,0.0,0.0,0.0,0.0,0.018193,0.0,0.0,0.0,0.025919,0.0,0.070155,0.032267,0.051535,0.0,0.003463
2023-01-12,0.017096,0.033182,0.05452,0.068633,0.0,0.0,0.0,0.099983,0.0,0.0,0.0,0.0,0.071874,0.030865,0.071691,0.015262,0.08103,0.022086,0.0,0.034108,0.056336,0.043784,0.097891,0.0,0.0,0.0,0.0,0.0,0.0,0.0,0.0,0.0,0.018312,0.0,0.0,0.0,0.025925,0.0,0.069943,0.032351,0.051696,0.0,0.003433
2023-01-13,0.017111,0.033253,0.054614,0.06902,0.0,0.0,0.0,0.099733,0.0,0.0,0.0,0.0,0.072234,0.030866,0.071615,0.015304,0.080733,0.021946,0.0,0.034197,0.056445,0.043654,0.098106,0.0,0.0,0.0,0.0,0.0,0.0,0.0,0.0,0.0,0.018642,0.0,0.0,0.0,0.025722,0.0,0.069768,0.032166,0.051443,0.0,0.003427
2023-01-16,0.017202,0.033239,0.054591,0.069327,0.0,0.0,0.0,0.099689,0.0,0.0,0.0,0.0,0.072203,0.030853,0.071584,0.015297,0.080698,0.021937,0.0,0.034183,0.056421,0.043635,0.098063,0.0,0.0,0.0,0.0,0.0,0.0,0.0,0.0,0.0,0.018634,0.0,0.0,0.0,0.025711,0.0,0.069737,0.032152,0.051421,0.0,0.003424
2023-01-17,0.017251,0.033381,0.055209,0.069603,0.0,0.0,0.0,0.099892,0.0,0.0,0.0,0.0,0.071852,0.030791,0.071863,0.015397,0.080156,0.021921,0.0,0.034125,0.056259,0.043206,0.098304,0.0,0.0,0.0,0.0,0.0,0.0,0.0,0.0,0.0,0.0184,0.0,0.0,0.0,0.025676,0.0,0.069625,0.032093,0.051566,0.0,0.003431
2023-01-18,0.017345,0.033589,0.055641,0.070093,0.0,0.0,0.0,0.100791,0.0,0.0,0.0,0.0,0.071161,0.030158,0.0712,0.015236,0.079376,0.021901,0.0,0.034259,0.055978,0.043063,0.096506,0.0,0.0,0.0,0.0,0.0,0.0,0.0,0.0,0.0,0.018198,0.0,0.0,0.0,0.026266,0.0,0.070351,0.032769,0.052658,0.0,0.003463
2023-01-19,0.017146,0.033614,0.055931,0.069194,0.0,0.0,0.0,0.101488,0.0,0.0,0.0,0.0,0.070736,0.030264,0.072499,0.015622,0.07819,0.021786,0.0,0.033573,0.056435,0.042861,0.09614,0.0,0.0,0.0,0.0,0.0,0.0,0.0,0.0,0.0,0.018634,0.0,0.0,0.0,0.026366,0.0,0.070339,0.032889,0.052811,0.0,0.003483
2023-01-20,0.017191,0.033596,0.056059,0.069194,0.0,0.0,0.0,0.10098,0.0,0.0,0.0,0.0,0.07121,0.030795,0.072562,0.015705,0.078567,0.021966,0.0,0.034007,0.05621,0.043527,0.096018,0.0,0.0,0.0,0.0,0.0,0.0,0.0,0.0,0.0,0.018517,0.0,0.0,0.0,0.025957,0.0,0.069845,0.032423,0.052219,0.0,0.003453
2023-01-23,0.017419,0.033623,0.055691,0.069795,0.0,0.0,0.0,0.100218,0.0,0.0,0.0,0.0,0.071761,0.031091,0.072381,0.01587,0.079122,0.022122,0.0,0.034259,0.056188,0.043446,0.095955,0.0,0.0,0.0,0.0,0.0,0.0,0.0,0.0,0.0,0.018078,0.0,0.0,0.0,0.025774,0.0,0.06957,0.032206,0.051991,0.0,0.003439
2023-01-24,0.017389,0.0335,0.056019,0.069782,0.0,0.0,0.0,0.099214,0.0,0.0,0.0,0.0,0.07174,0.030763,0.07204,0.015686,0.079576,0.02189,0.0,0.034502,0.055768,0.044235,0.096267,0.0,0.0,0.0,0.0,0.0,0.0,0.0,0.0,0.0,0.018213,0.0,0.0,0.0,0.025901,0.0,0.069556,0.032348,0.052176,0.0,0.003436
2023-01-25,0.017269,0.03364,0.056706,0.069213,0.0,0.0,0.0,0.098363,0.0,0.0,0.0,0.0,0.072316,0.030914,0.072063,0.015672,0.07915,0.021707,0.0,0.034535,0.055797,0.044284,0.096524,0.0,0.0,0.0,0.0,0.0,0.0,0.0,0.0,0.0,0.018393,0.0,0.0,0.0,0.025935,0.0,0.069561,0.032369,0.052151,0.0,0.003437
2023-01-26,0.017343,0.033522,0.056328,0.069507,0.0,0.0,0.0,0.098281,0.0,0.0,0.0,0.0,0.07236,0.031102,0.073993,0.015974,0.079215,0.021581,0.0,0.034498,0.055641,0.043925,0.095735,0.0,0.0,0.0,0.0,0.0,0.0,0.0,0.0,0.0,0.018324,0.0,0.0,0.0,0.025721,0.0,0.069411,0.032207,0.051909,0.0,0.003422
2023-01-27,0.017571,0.033528,0.056679,0.070333,0.0,0.0,0.0,0.096107,0.0,0.0,0.0,0.0,0.072612,0.031388,0.072752,0.015812,0.079823,0.021843,0.0,0.03483,0.055456,0.044477,0.095794,0.0,0.0,0.0,0.0,0.0,0.0,0.0,0.0,0.0,0.018129,0.0,0.0,0.0,0.025772,0.0,0.069443,0.032227,0.051991,0.0,0.003434
2023-01-30,0.01763,0.033607,0.05682,0.070754,0.0,0.0,0.0,0.096758,0.0,0.0,0.0,0.0,0.072866,0.031344,0.071689,0.01543,0.079713,0.021585,0.0,0.034523,0.055422,0.043705,0.096727,0.0,0.0,0.0,0.0,0.0,0.0,0.0,0.0,0.0,0.018266,0.0,0.0,0.0,0.02591,0.0,0.069647,0.032377,0.051764,0.0,0.003463
2023-01-31,0.02148,0.078349,0.067159,0.0,0.0,0.0,0.0,0.0,0.0,0.0,0.0,0.0,0.078175,0.0,0.078412,0.0,0.077978,0.0,0.03224,0.07795,0.052677,0.024354,0.057393,0.0,0.0,0.0,0.0,0.0,0.021045,0.0,0.0,0.036058,0.041437,0.011083,0.07828,0.0,0.0,0.0,0.063296,0.014328,0.072992,0.0,0.015313
2023-02-01,0.02141,0.078632,0.066861,0.0,0.0,0.0,0.0,0.0,0.0,0.0,0.0,0.0,0.077564,0.0,0.076267,0.0,0.07793,0.0,0.032199,0.078919,0.052512,0.024392,0.0574,0.0,0.0,0.0,0.0,0.0,0.021564,0.0,0.0,0.036227,0.041584,0.01092,0.078814,0.0,0.0,0.0,0.063461,0.01436,0.073795,0.0,0.015189
2023-02-02,0.021951,0.078907,0.066815,0.0,0.0,0.0,0.0,0.0,0.0,0.0,0.0,0.0,0.077908,0.0,0.074655,0.0,0.078671,0.0,0.032152,0.081525,0.052244,0.025041,0.057002,0.0,0.0,0.0,0.0,0.0,0.021926,0.0,0.0,0.035536,0.040692,0.010983,0.076273,0.0,0.0,0.0,0.063933,0.014405,0.074161,0.0,0.01522
2023-02-03,0.022164,0.079072,0.066854,0.0,0.0,0.0,0.0,0.0,0.0,0.0,0.0,0.0,0.078702,0.0,0.075393,0.0,0.079209,0.0,0.031955,0.080598,0.052722,0.024909,0.057466,0.0,0.0,0.0,0.0,0.0,0.021836,0.0,0.0,0.035069,0.039276,0.011055,0.075844,0.0,0.0,0.0,0.064029,0.014414,0.074029,0.0,0.015404
2023-02-06,0.022011,0.078867,0.066795,0.0,0.0,0.0,0.0,0.0,0.0,0.0,0.0,0.0,0.079336,0.0,0.075676,0.0,0.079674,0.0,0.031866,0.079882,0.052865,0.024925,0.058016,0.0,0.0,0.0,0.0,0.0,0.021686,0.0,0.0,0.035434,0.03943,0.011119,0.074725,0.0,0.0,0.0,0.064148,0.014423,0.073589,0.0,0.015533
2023-02-07,0.021791,0.078721,0.067155,0.0,0.0,0.0,0.0,0.0,0.0,0.0,0.0,0.0,0.079518,0.0,0.077425,0.0,0.079197,0.0,0.032001,0.080001,0.052722,0.024869,0.057246,0.0,0.0,0.0,0.0,0.0,0.021916,0.0,0.0,0.035144,0.038881,0.011046,0.075952,0.0,0.0,0.0,0.063791,0.014245,0.072987,0.0,0.015392
2023-02-08,0.021974,0.078974,0.066907,0.0,0.0,0.0,0.0,0.0,0.0,0.0,0.0,0.0,0.079627,0.0,0.077298,0.0,0.07933,0.0,0.031979,0.078809,0.052954,0.024184,0.057226,0.0,0.0,0.0,0.0,0.0,0.021737,0.0,0.0,0.035491,0.039359,0.011161,0.075647,0.0,0.0,0.0,0.063991,0.014364,0.073482,0.0,0.015507
2023-02-09,0.022188,0.079593,0.067391,0.0,0.0,0.0,0.0,0.0,0.0,0.0,0.0,0.0,0.079226,0.0,0.077109,0.0,0.079103,0.0,0.031711,0.079045,0.052814,0.024026,0.057326,0.0,0.0,0.0,0.0,0.0,0.021637,0.0,0.0,0.035427,0.039023,0.011157,0.075864,0.0,0.0,0.0,0.063971,0.014331,0.073453,0.0,0.015605
2023-02-10,0.021896,0.078795,0.067643,0.0,0.0,0.0,0.0,0.0,0.0,0.0,0.0,0.0,0.079332,0.0,0.079973,0.0,0.079509,0.0,0.031765,0.079107,0.053209,0.023848,0.057744,0.0,0.0,0.0,0.0,0.0,0.02146,0.0,0.0,0.035426,0.039062,0.011241,0.074115,0.0,0.0,0.0,0.063354,0.014203,0.072741,0.0,0.015577
2023-02-13,0.021961,0.079348,0.067133,0.0,0.0,0.0,0.0,0.0,0.0,0.0,0.0,0.0,0.07968,0.0,0.079208,0.0,0.079668,0.0,0.031707,0.080406,0.053274,0.023664,0.05799,0.0,0.0,0.0,0.0,0.0,0.021425,0.0,0.0,0.034998,0.038711,0.011228,0.074475,0.0,0.0,0.0,0.063068,0.014156,0.072432,0.0,0.015469
2023-02-14,0.021886,0.079776,0.06684,0.0,0.0,0.0,0.0,0.0,0.0,0.0,0.0,0.0,0.079299,0.0,0.079284,0.0,0.079502,0.0,0.0318,0.079834,0.052992,0.023768,0.0575,0.0,0.0,0.0,0.0,0.0,0.021662,0.0,0.0,0.035046,0.038582,0.011324,0.075652,0.0,0.0,0.0,0.063125,0.014129,0.07252,0.0,0.015479
2023-02-15,0.022039,0.07994,0.066382,0.0,0.0,0.0,0.0,0.0,0.0,0.0,0.0,0.0,0.079627,0.0,0.078174,0.0,0.080241,0.0,0.032036,0.080395,0.052889,0.02389,0.057786,0.0,0.0,0.0,0.0,0.0,0.021755,0.0,0.0,0.034803,0.038257,0.011264,0.075133,0.0,0.0,0.0,0.063216,0.014118,0.072529,0.0,0.015528
2023-02-16,0.022208,0.08003,0.066617,0.0,0.0,0.0,0.0,0.0,0.0,0.0,0.0,0.0,0.079368,0.0,0.077938,0.0,0.079957,0.0,0.031891,0.079816,0.052721,0.023694,0.057763,0.0,0.0,0.0,0.0,0.0,0.021607,0.0,0.0,0.035014,0.038423,0.011392,0.076133,0.0,0.0,0.0,0.063141,0.014102,0.072552,0.0,0.015635
2023-02-17,0.021941,0.080623,0.066714,0.0,0.0,0.0,0.0,0.0,0.0,0.0,0.0,0.0,0.079533,0.0,0.075298,0.0,0.080626,0.0,0.031649,0.078621,0.053289,0.024305,0.058615,0.0,0.0,0.0,0.0,0.0,0.021311,0.0,0.0,0.035182,0.038823,0.011468,0.075942,0.0,0.0,0.0,0.063502,0.014183,0.072709,0.0,0.015666
2023-02-20,0.022026,0.080616,0.066708,0.0,0.0,0.0,0.0,0.0,0.0,0.0,0.0,0.0,0.079526,0.0,0.075291,0.0,0.080619,0.0,0.031646,0.078614,0.053284,0.024303,0.05861,0.0,0.0,0.0,0.0,0.0,0.021309,0.0,0.0,0.035179,0.038819,0.011467,0.075935,0.0,0.0,0.0,0.063496,0.014182,0.072703,0.0,0.015666
2023-02-21,0.022094,0.080825,0.066826,0.0,0.0,0.0,0.0,0.0,0.0,0.0,0.0,0.0,0.078994,0.0,0.075982,0.0,0.079892,0.0,0.031567,0.07656,0.053341,0.023504,0.059217,0.0,0.0,0.0,0.0,0.0,0.021016,0.0,0.0,0.035545,0.039489,0.011744,0.077309,0.0,0.0,0.0,0.063405,0.014179,0.072622,0.0,0.015891
2023-02-22,0.022069,0.080561,0.066518,0.0,0.0,0.0,0.0,0.0,0.0,0.0,0.0,0.0,0.079132,0.0,0.075692,0.0,0.079922,0.0,0.031895,0.077549,0.053314,0.023816,0.059298,0.0,0.0,0.0,0.0,0.0,0.021058,0.0,0.0,0.035447,0.038971,0.011721,0.075718,0.0,0.0,0.0,0.064003,0.01426,0.073116,0.0,0.01594
2023-02-23,0.021874,0.08069,0.066869,0.0,0.0,0.0,0.0,0.0,0.0,0.0,0.0,0.0,0.078826,0.0,0.076474,0.0,0.079919,0.0,0.031781,0.078124,0.053206,0.023659,0.058947,0.0,0.0,0.0,0.0,0.0,0.021463,0.0,0.0,0.035261,0.038552,0.011654,0.074264,0.0,0.0,0.0,0.064332,0.014304,0.073936,0.0,0.015865
2023-02-24,0.021906,0.080107,0.066542,0.0,0.0,0.0,0.0,0.0,0.0,0.0,0.0,0.0,0.079694,0.0,0.07715,0.0,0.080266,0.0,0.032318,0.078284,0.053053,0.023327,0.059146,0.0,0.0,0.0,0.0,0.0,0.021477,0.0,0.0,0.035363,0.037872,0.011601,0.072759,0.0,0.0,0.0,0.064593,0.014341,0.074173,0.0,0.016027
2023-02-27,0.021961,0.080808,0.066775,0.0,0.0,0.0,0.0,0.0,0.0,0.0,0.0,0.0,0.079196,0.0,0.076916,0.0,0.080495,0.0,0.032232,0.078306,0.052576,0.023375,0.058729,0.0,0.0,0.0,0.0,0.0,0.021634,0.0,0.0,0.03529,0.037331,0.01152,0.07392,0.0,0.0,0.0,0.06464,0.01426,0.074103,0.0,0.015934
2023-02-28,0.016622,0.084701,0.084458,0.0,0.03649,0.022603,0.0,0.0,0.025607,0.017712,0.0,0.0,0.084702,0.0,0.084637,0.0,0.084142,0.0,0.078228,0.084474,0.0,0.0,0.0,0.0,0.0,0.0,0.0,0.0,0.047638,0.0,0.0,0.046016,0.038548,0.0,0.084538,0.0,0.0,0.0,0.0,0.0,0.027429,0.034398,0.017056
2023-03-01,0.016398,0.084519,0.083879,0.0,0.036875,0.023278,0.0,0.0,0.025693,0.017898,0.0,0.0,0.083704,0.0,0.085576,0.0,0.083762,0.0,0.078174,0.082795,0.0,0.0,0.0,0.0,0.0,0.0,0.0,0.0,0.047355,0.0,0.0,0.04589,0.038362,0.0,0.087609,0.0,0.0,0.0,0.0,0.0,0.027017,0.0343,0.016915
2023-03-02,0.016328,0.084362,0.083756,0.0,0.036846,0.023551,0.0,0.0,0.025738,0.017775,0.0,0.0,0.083093,0.0,0.08611,0.0,0.08453,0.0,0.078865,0.083067,0.0,0.0,0.0,0.0,0.0,0.0,0.0,0.0,0.047376,0.0,0.0,0.045747,0.038166,0.0,0.086636,0.0,0.0,0.0,0.0,0.0,0.02685,0.034332,0.016872
2023-03-03,0.016377,0.084267,0.084504,0.0,0.036617,0.023269,0.0,0.0,0.025642,0.017897,0.0,0.0,0.083246,0.0,0.08608,0.0,0.084271,0.0,0.07889,0.083459,0.0,0.0,0.0,0.0,0.0,0.0,0.0,0.0,0.048185,0.0,0.0,0.045602,0.038247,0.0,0.087905,0.0,0.0,0.0,0.0,0.0,0.026887,0.032012,0.016643
2023-03-06,0.016651,0.084585,0.084976,0.0,0.037014,0.023088,0.0,0.0,0.02571,0.018035,0.0,0.0,0.083781,0.0,0.086601,0.0,0.084586,0.0,0.078046,0.082897,0.0,0.0,0.0,0.0,0.0,0.0,0.0,0.0,0.048236,0.0,0.0,0.045626,0.038008,0.0,0.086185,0.0,0.0,0.0,0.0,0.0,0.02693,0.032309,0.016737
2023-03-07,0.016708,0.08446,0.085891,0.0,0.037093,0.023031,0.0,0.0,0.026032,0.017878,0.0,0.0,0.083236,0.0,0.08678,0.0,0.085155,0.0,0.078025,0.083854,0.0,0.0,0.0,0.0,0.0,0.0,0.0,0.0,0.048403,0.0,0.0,0.045717,0.037017,0.0,0.083808,0.0,0.0,0.0,0.0,0.0,0.02735,0.032494,0.017068
2023-03-08,0.016598,0.084459,0.086656,0.0,0.036903,0.02278,0.0,0.0,0.02619,0.017866,0.0,0.0,0.082649,0.0,0.085602,0.0,0.085068,0.0,0.078145,0.084842,0.0,0.0,0.0,0.0,0.0,0.0,0.0,0.0,0.048825,0.0,0.0,0.045542,0.036792,0.0,0.084505,0.0,0.0,0.0,0.0,0.0,0.02713,0.032433,0.017015
2023-03-09,0.016955,0.085197,0.088103,0.0,0.037152,0.02238,0.0,0.0,0.026132,0.017751,0.0,0.0,0.080756,0.0,0.08595,0.0,0.085361,0.0,0.077539,0.085711,0.0,0.0,0.0,0.0,0.0,0.0,0.0,0.0,0.048905,0.0,0.0,0.04684,0.037553,0.0,0.082688,0.0,0.0,0.0,0.0,0.0,0.027637,0.030062,0.017328
2023-03-10,0.016882,0.085366,0.087916,0.0,0.037378,0.022633,0.0,0.0,0.026141,0.017938,0.0,0.0,0.080081,0.0,0.0857,0.0,0.084609,0.0,0.076649,0.084943,0.0,0.0,0.0,0.0,0.0,0.0,0.0,0.0,0.048336,0.0,0.0,0.048329,0.038793,0.0,0.082509,0.0,0.0,0.0,0.0,0.0,0.028176,0.030117,0.017504
2023-03-13,0.016545,0.084432,0.086748,0.0,0.03699,0.02274,0.0,0.0,0.026257,0.018256,0.0,0.0,0.076626,0.0,0.083638,0.0,0.083809,0.0,0.075575,0.084861,0.0,0.0,0.0,0.0,0.0,0.0,0.0,0.0,0.048193,0.0,0.0,0.049249,0.040981,0.0,0.082946,0.0,0.0,0.0,0.0,0.0,0.028022,0.036688,0.017442
2023-03-14,0.016598,0.085188,0.085687,0.0,0.03662,0.02265,0.0,0.0,0.026063,0.017845,0.0,0.0,0.077441,0.0,0.083669,0.0,0.083897,0.0,0.075821,0.085414,0.0,0.0,0.0,0.0,0.0,0.0,0.0,0.0,0.048558,0.0,0.0,0.048503,0.040372,0.0,0.083182,0.0,0.0,0.0,0.0,0.0,0.027683,0.037531,0.017278
2023-03-15,0.016618,0.084163,0.086189,0.0,0.036634,0.022888,0.0,0.0,0.026206,0.018026,0.0,0.0,0.077392,0.0,0.081293,0.0,0.084019,0.0,0.075325,0.086647,0.0,0.0,0.0,0.0,0.0,0.0,0.0,0.0,0.0487,0.0,0.0,0.050188,0.04168,0.0,0.08028,0.0,0.0,0.0,0.0,0.0,0.028527,0.037489,0.017738
2023-03-16,0.016705,0.084166,0.086644,0.0,0.036807,0.022815,0.0,0.0,0.026256,0.018302,0.0,0.0,0.077703,0.0,0.080959,0.0,0.083841,0.0,0.075061,0.087332,0.0,0.0,0.0,0.0,0.0,0.0,0.0,0.0,0.049699,0.0,0.0,0.049545,0.040899,0.0,0.079982,0.0,0.0,0.0,0.0,0.0,0.027986,0.037817,0.017482
2023-03-17,0.016711,0.0832,0.086413,0.0,0.036861,0.022824,0.0,0.0,0.026236,0.018144,0.0,0.0,0.075473,0.0,0.079972,0.0,0.082764,0.0,0.074162,0.086876,0.0,0.0,0.0,0.0,0.0,0.0,0.0,0.0,0.049399,0.0,0.0,0.051171,0.042509,0.0,0.080774,0.0,0.0,0.0,0.0,0.0,0.02796,0.041007,0.017545
2023-03-20,0.016576,0.083705,0.086508,0.0,0.036461,0.022435,0.0,0.0,0.026132,0.018051,0.0,0.0,0.075302,0.0,0.080492,0.0,0.082749,0.0,0.074686,0.085903,0.0,0.0,0.0,0.0,0.0,0.0,0.0,0.0,0.04934,0.0,0.0,0.050512,0.042068,0.0,0.082443,0.0,0.0,0.0,0.0,0.0,0.027593,0.041728,0.017316
2023-03-21,0.016595,0.084319,0.086035,0.0,0.036323,0.022521,0.0,0.0,0.026093,0.017939,0.0,0.0,0.076315,0.0,0.082314,0.0,0.082738,0.0,0.074715,0.08577,0.0,0.0,0.0,0.0,0.0,0.0,0.0,0.0,0.049701,0.0,0.0,0.048985,0.041279,0.0,0.081957,0.0,0.0,0.0,0.0,0.0,0.027467,0.04182,0.017114
2023-03-22,0.016802,0.084574,0.08655,0.0,0.037008,0.022787,0.0,0.0,0.026579,0.018207,0.0,0.0,0.075207,0.0,0.081274,0.0,0.08187,0.0,0.074035,0.085241,0.0,0.0,0.0,0.0,0.0,0.0,0.0,0.0,0.049567,0.0,0.0,0.050258,0.042779,0.0,0.082252,0.0,0.0,0.0,0.0,0.0,0.027952,0.039791,0.01727
2023-03-23,0.016739,0.084126,0.086457,0.0,0.037553,0.023284,0.0,0.0,0.026793,0.018406,0.0,0.0,0.074293,0.0,0.07971,0.0,0.081187,0.0,0.073544,0.085064,0.0,0.0,0.0,0.0,0.0,0.0,0.0,0.0,0.049743,0.0,0.0,0.05061,0.042908,0.0,0.082139,0.0,0.0,0.0,0.0,0.0,0.0279,0.042369,0.017174
2023-03-24,0.016508,0.083654,0.086908,0.0,0.037053,0.023217,0.0,0.0,0.02687,0.018209,0.0,0.0,0.07441,0.0,0.080197,0.0,0.081705,0.0,0.074308,0.085683,0.0,0.0,0.0,0.0,0.0,0.0,0.0,0.0,0.049671,0.0,0.0,0.050153,0.042882,0.0,0.082098,0.0,0.0,0.0,0.0,0.0,0.027809,0.041449,0.017216
2023-03-27,0.016629,0.084348,0.086998,0.0,0.036744,0.022803,0.0,0.0,0.026599,0.018088,0.0,0.0,0.075192,0.0,0.081634,0.0,0.082114,0.0,0.07461,0.085121,0.0,0.0,0.0,0.0,0.0,0.0,0.0,0.0,0.049749,0.0,0.0,0.049523,0.04274,0.0,0.082385,0.0,0.0,0.0,0.0,0.0,0.0276,0.039963,0.017161
2023-03-28,0.016532,0.083731,0.086601,0.0,0.037094,0.023395,0.0,0.0,0.026333,0.018134,0.0,0.0,0.074682,0.0,0.08236,0.0,0.082,0.0,0.074482,0.084932,0.0,0.0,0.0,0.0,0.0,0.0,0.0,0.0,0.049185,0.0,0.0,0.049605,0.042883,0.0,0.083299,0.0,0.0,0.0,0.0,0.0,0.027324,0.040374,0.017052
2023-03-29,0.016519,0.084167,0.085999,0.0,0.0369,0.023144,0.0,0.0,0.026131,0.01793,0.0,0.0,0.074961,0.0,0.082605,0.0,0.0823,0.0,0.074705,0.084563,0.0,0.0,0.0,0.0,0.0,0.0,0.0,0.0,0.049596,0.0,0.0,0.048829,0.042443,0.0,0.083793,0.0,0.0,0.0,0.0,0.0,0.027162,0.041384,0.01687
2023-03-30,0.016574,0.084881,0.08583,0.0,0.036956,0.023329,0.0,0.0,0.026044,0.018013,0.0,0.0,0.074302,0.0,0.082419,0.0,0.081929,0.0,0.07472,0.083869,0.0,0.0,0.0,0.0,0.0,0.0,0.0,0.0,0.049665,0.0,0.0,0.048945,0.043145,0.0,0.084946,0.0,0.0,0.0,0.0,0.0,0.027169,0.040499,0.016762
2023-03-31,0.0,0.123814,0.065891,0.0,0.0,0.0,0.0,0.0,0.043496,0.010292,0.0,0.0,0.027659,0.0,0.02148,0.0,0.122311,0.0,0.096143,0.124043,0.0,0.0,0.0,0.0,0.0,0.049156,0.0,0.0,0.067049,0.0,0.0,0.030331,0.022637,0.0,0.123915,0.0,0.0,0.0,0.0,0.0,0.0,0.059699,0.012083
2023-04-03,0.0,0.12417,0.06592,0.0,0.0,0.0,0.0,0.0,0.043574,0.010189,0.0,0.0,0.027595,0.0,0.02236,0.0,0.12202,0.0,0.09635,0.123915,0.0,0.0,0.0,0.0,0.0,0.04853,0.0,0.0,0.066666,0.0,0.0,0.030423,0.022482,0.0,0.125346,0.0,0.0,0.0,0.0,0.0,0.0,0.058423,0.012036
2023-04-04,0.0,0.125356,0.066516,0.0,0.0,0.0,0.0,0.0,0.043905,0.010232,0.0,0.0,0.027595,0.0,0.02216,0.0,0.120407,0.0,0.095852,0.122843,0.0,0.0,0.0,0.0,0.0,0.048071,0.0,0.0,0.066261,0.0,0.0,0.031281,0.023629,0.0,0.124527,0.0,0.0,0.0,0.0,0.0,0.0,0.059217,0.012148
2023-04-05,0.0,0.125619,0.066026,0.0,0.0,0.0,0.0,0.0,0.043689,0.010323,0.0,0.0,0.027772,0.0,0.022667,0.0,0.119752,0.0,0.096371,0.122982,0.0,0.0,0.0,0.0,0.0,0.047601,0.0,0.0,0.065492,0.0,0.0,0.031496,0.023779,0.0,0.124479,0.0,0.0,0.0,0.0,0.0,0.0,0.059707,0.012245
2023-04-06,0.0,0.126939,0.065871,0.0,0.0,0.0,0.0,0.0,0.043716,0.01023,0.0,0.0,0.027931,0.0,0.022367,0.0,0.119951,0.0,0.096331,0.12163,0.0,0.0,0.0,0.0,0.0,0.047449,0.0,0.0,0.065381,0.0,0.0,0.031333,0.023774,0.0,0.125536,0.0,0.0,0.0,0.0,0.0,0.0,0.059292,0.01227
2023-04-10,0.0,0.126066,0.065283,0.0,0.0,0.0,0.0,0.0,0.043464,0.01038,0.0,0.0,0.0278,0.0,0.022391,0.0,0.120211,0.0,0.096125,0.122004,0.0,0.0,0.0,0.0,0.0,0.047955,0.0,0.0,0.065435,0.0,0.0,0.030887,0.0236,0.0,0.124576,0.0,0.0,0.0,0.0,0.0,0.0,0.061637,0.012185
2023-04-11,0.0,0.124985,0.064684,0.0,0.0,0.0,0.0,0.0,0.043182,0.010379,0.0,0.0,0.027694,0.0,0.022322,0.0,0.119427,0.0,0.095666,0.123509,0.0,0.0,0.0,0.0,0.0,0.04711,0.0,0.0,0.064726,0.0,0.0,0.030696,0.02347,0.0,0.127362,0.0,0.0,0.0,0.0,0.0,0.0,0.062752,0.012037
2023-04-12,0.0,0.12584,0.064826,0.0,0.0,0.0,0.0,0.0,0.042945,0.010391,0.0,0.0,0.027605,0.0,0.022313,0.0,0.119696,0.0,0.095634,0.123095,0.0,0.0,0.0,0.0,0.0,0.046199,0.0,0.0,0.064421,0.0,0.0,0.030813,0.023842,0.0,0.128434,0.0,0.0,0.0,0.0,0.0,0.0,0.061919,0.012026
2023-04-13,0.0,0.125953,0.064914,0.0,0.0,0.0,0.0,0.0,0.0426,0.010567,0.0,0.0,0.027507,0.0,0.022173,0.0,0.118649,0.0,0.095418,0.121515,0.0,0.0,0.0,0.0,0.0,0.046001,0.0,0.0,0.06468,0.0,0.0,0.030842,0.023857,0.0,0.131021,0.0,0.0,0.0,0.0,0.0,0.0,0.062422,0.01188
2023-04-14,0.0,0.126118,0.064616,0.0,0.0,0.0,0.0,0.0,0.042638,0.010489,0.0,0.0,0.027858,0.0,0.022279,0.0,0.118849,0.0,0.095002,0.122301,0.0,0.0,0.0,0.0,0.0,0.046062,0.0,0.0,0.064453,0.0,0.0,0.030383,0.023493,0.0,0.131116,0.0,0.0,0.0,0.0,0.0,0.0,0.06243,0.011913
2023-04-17,0.0,0.125545,0.064818,0.0,0.0,0.0,0.0,0.0,0.042591,0.010405,0.0,0.0,0.028186,0.0,0.02202,0.0,0.119816,0.0,0.095575,0.12358,0.0,0.0,0.0,0.0,0.0,0.046073,0.0,0.0,0.0647,0.0,0.0,0.030254,0.023206,0.0,0.130798,0.0,0.0,0.0,0.0,0.0,0.0,0.060513,0.011919
2023-04-18,0.0,0.12513,0.064547,0.0,0.0,0.0,0.0,0.0,0.042021,0.010323,0.0,0.0,0.027985,0.0,0.021884,0.0,0.119172,0.0,0.095005,0.125137,0.0,0.0,0.0,0.0,0.0,0.045805,0.0,0.0,0.064355,0.0,0.0,0.030065,0.023101,0.0,0.132162,0.0,0.0,0.0,0.0,0.0,0.0,0.061507,0.0118
2023-04-19,0.0,0.125596,0.064414,0.0,0.0,0.0,0.0,0.0,0.041734,0.010284,0.0,0.0,0.02822,0.0,0.021938,0.0,0.119788,0.0,0.095302,0.126229,0.0,0.0,0.0,0.0,0.0,0.045574,0.0,0.0,0.06479,0.0,0.0,0.0301,0.023319,0.0,0.131097,0.0,0.0,0.0,0.0,0.0,0.0,0.059744,0.011872
2023-04-20,0.0,0.125766,0.064803,0.0,0.0,0.0,0.0,0.0,0.04186,0.010279,0.0,0.0,0.028213,0.0,0.021805,0.0,0.119907,0.0,0.095462,0.128767,0.0,0.0,0.0,0.0,0.0,0.045658,0.0,0.0,0.06466,0.0,0.0,0.030302,0.023324,0.0,0.129824,0.0,0.0,0.0,0.0,0.0,0.0,0.057466,0.011905
2023-04-21,0.0,0.127496,0.065574,0.0,0.0,0.0,0.0,0.0,0.041741,0.010243,0.0,0.0,0.028287,0.0,0.021813,0.0,0.12038,0.0,0.095208,0.129117,0.0,0.0,0.0,0.0,0.0,0.045606,0.0,0.0,0.065584,0.0,0.0,0.03019,0.023277,0.0,0.127308,0.0,0.0,0.0,0.0,0.0,0.0,0.056196,0.011981
2023-04-24,0.0,0.127709,0.065382,0.0,0.0,0.0,0.0,0.0,0.041726,0.010152,0.0,0.0,0.028151,0.0,0.022093,0.0,0.120375,0.0,0.095626,0.130025,0.0,0.0,0.0,0.0,0.0,0.045292,0.0,0.0,0.065192,0.0,0.0,0.030209,0.023322,0.0,0.126526,0.0,0.0,0.0,0.0,0.0,0.0,0.056268,0.011954
2023-04-25,0.0,0.127788,0.066079,0.0,0.0,0.0,0.0,0.0,0.041385,0.01004,0.0,0.0,0.028157,0.0,0.022063,0.0,0.120249,0.0,0.095212,0.130857,0.0,0.0,0.0,0.0,0.0,0.044546,0.0,0.0,0.065052,0.0,0.0,0.030901,0.023642,0.0,0.124104,0.0,0.0,0.0,0.0,0.0,0.0,0.057757,0.012167
2023-04-26,0.0,0.128527,0.06617,0.0,0.0,0.0,0.0,0.0,0.041708,0.010146,0.0,0.0,0.028028,0.0,0.021876,0.0,0.118565,0.0,0.094555,0.129103,0.0,0.0,0.0,0.0,0.0,0.045006,0.0,0.0,0.065137,0.0,0.0,0.030886,0.023595,0.0,0.125789,0.0,0.0,0.0,0.0,0.0,0.0,0.058681,0.012228
2023-04-27,0.0,0.127679,0.066033,0.0,0.0,0.0,0.0,0.0,0.041535,0.010091,0.0,0.0,0.027966,0.0,0.021559,0.0,0.118728,0.0,0.094113,0.130326,0.0,0.0,0.0,0.0,0.0,0.044381,0.0,0.0,0.065187,0.0,0.0,0.03033,0.02323,0.0,0.125392,0.0,0.0,0.0,0.0,0.0,0.0,0.061441,0.01201
2023-04-28,0.06783,0.10419,0.103994,0.0,0.0,0.013099,0.0,0.0,0.066011,0.024746,0.0,0.029703,0.0,0.0,0.0,0.0,0.090899,0.01315,0.034124,0.092017,0.0,0.0,0.034451,0.0,0.031818,0.031975,0.0,0.0,0.032229,0.0,0.0,0.078227,0.0,0.0,0.048974,0.0,0.0,0.0,0.0,0.0,0.0,0.08577,0.016794
2023-05-01,0.068176,0.104737,0.1044,0.0,0.0,0.013113,0.0,0.0,0.066015,0.024708,0.0,0.02985,0.0,0.0,0.0,0.0,0.091855,0.013423,0.034281,0.09173,0.0,0.0,0.034653,0.0,0.031999,0.032429,0.0,0.0,0.032667,0.0,0.0,0.078273,0.0,0.0,0.049236,0.0,0.0,0.0,0.0,0.0,0.0,0.081575,0.016879
2023-05-02,0.067357,0.103814,0.103827,0.0,0.0,0.01291,0.0,0.0,0.065978,0.024833,0.0,0.029381,0.0,0.0,0.0,0.0,0.091157,0.013433,0.034046,0.091883,0.0,0.0,0.034658,0.0,0.031791,0.03229,0.0,0.0,0.032317,0.0,0.0,0.080012,0.0,0.0,0.048715,0.0,0.0,0.0,0.0,0.0,0.0,0.084659,0.016938
2023-05-03,0.067874,0.104152,0.104458,0.0,0.0,0.012886,0.0,0.0,0.066058,0.024703,0.0,0.029268,0.0,0.0,0.0,0.0,0.090816,0.013495,0.033673,0.092722,0.0,0.0,0.034378,0.0,0.031525,0.031921,0.0,0.0,0.032424,0.0,0.0,0.080696,0.0,0.0,0.048668,0.0,0.0,0.0,0.0,0.0,0.0,0.083342,0.01694
2023-05-04,0.067215,0.103832,0.104866,0.0,0.0,0.013131,0.0,0.0,0.066404,0.024951,0.0,0.028856,0.0,0.0,0.0,0.0,0.090008,0.013373,0.033523,0.091364,0.0,0.0,0.034363,0.0,0.031438,0.031806,0.0,0.0,0.032568,0.0,0.0,0.081428,0.0,0.0,0.048554,0.0,0.0,0.0,0.0,0.0,0.0,0.085346,0.016975
2023-05-05,0.067263,0.103905,0.104778,0.0,0.0,0.013088,0.0,0.0,0.066456,0.025017,0.0,0.028805,0.0,0.0,0.0,0.0,0.090079,0.013408,0.033607,0.091297,0.0,0.0,0.034193,0.0,0.031772,0.032056,0.0,0.0,0.032598,0.0,0.0,0.079024,0.0,0.0,0.049512,0.0,0.0,0.0,0.0,0.0,0.0,0.086405,0.016738
2023-05-08,0.067691,0.104583,0.105215,0.0,0.0,0.013202,0.0,0.0,0.066683,0.02516,0.0,0.029281,0.0,0.0,0.0,0.0,0.090324,0.013483,0.03371,0.092414,0.0,0.0,0.034308,0.0,0.031957,0.032396,0.0,0.0,0.032832,0.0,0.0,0.079625,0.0,0.0,0.050312,0.0,0.0,0.0,0.0,0.0,0.0,0.079974,0.016849
2023-05-09,0.067764,0.103782,0.10637,0.0,0.0,0.012996,0.0,0.0,0.066516,0.024932,0.0,0.029104,0.0,0.0,0.0,0.0,0.090543,0.013427,0.033412,0.092482,0.0,0.0,0.034208,0.0,0.031719,0.031851,0.0,0.0,0.032787,0.0,0.0,0.080206,0.0,0.0,0.050049,0.0,0.0,0.0,0.0,0.0,0.0,0.081003,0.016852
2023-05-10,0.06786,0.103783,0.105974,0.0,0.0,0.012963,0.0,0.0,0.066466,0.024997,0.0,0.0294,0.0,0.0,0.0,0.0,0.090331,0.013402,0.033476,0.092649,0.0,0.0,0.034198,0.0,0.032147,0.032217,0.0,0.0,0.033205,0.0,0.0,0.080194,0.0,0.0,0.048756,0.0,0.0,0.0,0.0,0.0,0.0,0.081106,0.016877
2023-05-11,0.068231,0.104204,0.107166,0.0,0.0,0.013174,0.0,0.0,0.066186,0.024794,0.0,0.029942,0.0,0.0,0.0,0.0,0.090536,0.013416,0.033426,0.093536,0.0,0.0,0.034588,0.0,0.032271,0.032274,0.0,0.0,0.033366,0.0,0.0,0.080171,0.0,0.0,0.046466,0.0,0.0,0.0,0.0,0.0,0.0,0.079232,0.017021
2023-05-12,0.068337,0.104174,0.107947,0.0,0.0,0.012872,0.0,0.0,0.066042,0.024527,0.0,0.03004,0.0,0.0,0.0,0.0,0.09082,0.013442,0.033568,0.093209,0.0,0.0,0.034808,0.0,0.032307,0.032322,0.0,0.0,0.033289,0.0,0.0,0.080229,0.0,0.0,0.046705,0.0,0.0,0.0,0.0,0.0,0.0,0.078298,0.017062
2023-05-15,0.067826,0.103833,0.10743,0.0,0.0,0.013247,0.0,0.0,0.066119,0.024653,0.0,0.029858,0.0,0.0,0.0,0.0,0.090286,0.013346,0.033489,0.092686,0.0,0.0,0.03435,0.0,0.032225,0.032844,0.0,0.0,0.033413,0.0,0.0,0.07954,0.0,0.0,0.047624,0.0,0.0,0.0,0.0,0.0,0.0,0.080347,0.016884
2023-05-16,0.068165,0.103531,0.108036,0.0,0.0,0.013215,0.0,0.0,0.066898,0.024582,0.0,0.030051,0.0,0.0,0.0,0.0,0.089744,0.013273,0.033188,0.093284,0.0,0.0,0.03432,0.0,0.032506,0.033033,0.0,0.0,0.033564,0.0,0.0,0.079146,0.0,0.0,0.046972,0.0,0.0,0.0,0.0,0.0,0.0,0.079481,0.017015
2023-05-17,0.067518,0.102993,0.107737,0.0,0.0,0.012996,0.0,0.0,0.06789,0.024814,0.0,0.030128,0.0,0.0,0.0,0.0,0.090422,0.013444,0.033089,0.093372,0.0,0.0,0.033977,0.0,0.032626,0.033528,0.0,0.0,0.03357,0.0,0.0,0.078124,0.0,0.0,0.046775,0.0,0.0,0.0,0.0,0.0,0.0,0.080143,0.016854
2023-05-18,0.067985,0.102591,0.107541,0.0,0.0,0.012739,0.0,0.0,0.068281,0.024957,0.0,0.030609,0.0,0.0,0.0,0.0,0.090897,0.013516,0.033218,0.094303,0.0,0.0,0.033745,0.0,0.033228,0.034519,0.0,0.0,0.034188,0.0,0.0,0.076957,0.0,0.0,0.045888,0.0,0.0,0.0,0.0,0.0,0.0,0.078015,0.016824
2023-05-19,0.068216,0.10326,0.107628,0.0,0.0,0.012685,0.0,0.0,0.068464,0.025282,0.0,0.03042,0.0,0.0,0.0,0.0,0.090604,0.013437,0.033275,0.092503,0.0,0.0,0.033739,0.0,0.033186,0.034313,0.0,0.0,0.034354,0.0,0.0,0.077654,0.0,0.0,0.045862,0.0,0.0,0.0,0.0,0.0,0.0,0.078303,0.016813
2023-05-22,0.068387,0.103208,0.108187,0.0,0.0,0.012873,0.0,0.0,0.068276,0.025734,0.0,0.030721,0.0,0.0,0.0,0.0,0.090655,0.013443,0.033127,0.091166,0.0,0.0,0.033253,0.0,0.033274,0.034458,0.0,0.0,0.034717,0.0,0.0,0.077532,0.0,0.0,0.045798,0.0,0.0,0.0,0.0,0.0,0.0,0.078363,0.016828
2023-05-23,0.068792,0.10281,0.107798,0.0,0.0,0.012656,0.0,0.0,0.068278,0.025702,0.0,0.030671,0.0,0.0,0.0,0.0,0.090543,0.013512,0.032971,0.090309,0.0,0.0,0.033369,0.0,0.033141,0.034404,0.0,0.0,0.034285,0.0,0.0,0.078473,0.0,0.0,0.045083,0.0,0.0,0.0,0.0,0.0,0.0,0.080189,0.017014
2023-05-24,0.068477,0.102444,0.107966,0.0,0.0,0.012578,0.0,0.0,0.068748,0.026018,0.0,0.030906,0.0,0.0,0.0,0.0,0.090475,0.013437,0.032995,0.091506,0.0,0.0,0.033561,0.0,0.033302,0.034204,0.0,0.0,0.034601,0.0,0.0,0.078797,0.0,0.0,0.044533,0.0,0.0,0.0,0.0,0.0,0.0,0.078231,0.017221
2023-05-25,0.068114,0.101558,0.107924,0.0,0.0,0.012251,0.0,0.0,0.069861,0.025736,0.0,0.030719,0.0,0.0,0.0,0.0,0.090224,0.013529,0.032679,0.091311,0.0,0.0,0.033105,0.0,0.034371,0.036261,0.0,0.0,0.035431,0.0,0.0,0.077567,0.0,0.0,0.044012,0.0,0.0,0.0,0.0,0.0,0.0,0.07822,0.017126
2023-05-26,0.068127,0.1014,0.106938,0.0,0.0,0.012317,0.0,0.0,0.070638,0.025846,0.0,0.030955,0.0,0.0,0.0,0.0,0.089769,0.013392,0.032435,0.090286,0.0,0.0,0.032805,0.0,0.034908,0.038151,0.0,0.0,0.035588,0.0,0.0,0.076909,0.0,0.0,0.044362,0.0,0.0,0.0,0.0,0.0,0.0,0.078262,0.016912
2023-05-29,0.068127,0.1014,0.106938,0.0,0.0,0.012317,0.0,0.0,0.070638,0.025846,0.0,0.030955,0.0,0.0,0.0,0.0,0.089769,0.013392,0.032435,0.090286,0.0,0.0,0.032805,0.0,0.034908,0.038151,0.0,0.0,0.035588,0.0,0.0,0.076909,0.0,0.0,0.044362,0.0,0.0,0.0,0.0,0.0,0.0,0.078262,0.016914
2023-05-30,0.068092,0.100194,0.106085,0.0,0.0,0.011954,0.0,0.0,0.070546,0.025946,0.0,0.030958,0.0,0.0,0.0,0.0,0.089496,0.013395,0.032212,0.090296,0.0,0.0,0.032381,0.0,0.035041,0.038061,0.0,0.0,0.036041,0.0,0.0,0.077268,0.0,0.0,0.043561,0.0,0.0,0.0,0.0,0.0,0.0,0.081585,0.016889
2023-05-31,0.064532,0.095838,0.079858,0.0,0.0,0.01928,0.0,0.0,0.029804,0.0,0.0,0.09582,0.0,0.0,0.0,0.0,0.0,0.0,0.023733,0.095547,0.0,0.0,0.09594,0.0,0.032757,0.0,0.020772,0.0,0.03278,0.0,0.0,0.063233,0.031772,0.046509,0.091996,0.0,0.0,0.0,0.0,0.0,0.013726,0.044075,0.022029
2023-06-01,0.06448,0.095694,0.080788,0.0,0.0,0.019511,0.0,0.0,0.029686,0.0,0.0,0.095837,0.0,0.0,0.0,0.0,0.0,0.0,0.023733,0.095606,0.0,0.0,0.094602,0.0,0.032655,0.0,0.020503,0.0,0.03299,0.0,0.0,0.062896,0.031848,0.046571,0.093936,0.0,0.0,0.0,0.0,0.0,0.013636,0.043288,0.021741
2023-06-02,0.064598,0.095397,0.081128,0.0,0.0,0.019735,0.0,0.0,0.02958,0.0,0.0,0.094543,0.0,0.0,0.0,0.0,0.0,0.0,0.024168,0.097739,0.0,0.0,0.09449,0.0,0.032358,0.0,0.020331,0.0,0.032971,0.0,0.0,0.061054,0.031006,0.046149,0.096506,0.0,0.0,0.0,0.0,0.0,0.013414,0.043416,0.021416
2023-06-05,0.065067,0.095228,0.081277,0.0,0.0,0.01975,0.0,0.0,0.029646,0.0,0.0,0.095295,0.0,0.0,0.0,0.0,0.0,0.0,0.02428,0.097655,0.0,0.0,0.094653,0.0,0.032346,0.0,0.020577,0.0,0.033407,0.0,0.0,0.061754,0.031102,0.046332,0.095676,0.0,0.0,0.0,0.0,0.0,0.013531,0.040882,0.021543
2023-06-06,0.064366,0.094603,0.082081,0.0,0.0,0.01984,0.0,0.0,0.029497,0.0,0.0,0.094702,0.0,0.0,0.0,0.0,0.0,0.0,0.024183,0.099683,0.0,0.0,0.093206,0.0,0.032005,0.0,0.02041,0.0,0.033343,0.0,0.0,0.061186,0.030797,0.04623,0.096184,0.0,0.0,0.0,0.0,0.0,0.013415,0.042948,0.021323
2023-06-07,0.064901,0.094994,0.080657,0.0,0.0,0.019773,0.0,0.0,0.029781,0.0,0.0,0.094447,0.0,0.0,0.0,0.0,0.0,0.0,0.02468,0.100791,0.0,0.0,0.093696,0.0,0.031797,0.0,0.01996,0.0,0.032831,0.0,0.0,0.060969,0.030859,0.046337,0.096281,0.0,0.0,0.0,0.0,0.0,0.013451,0.04229,0.021506
2023-06-08,0.06445,0.095324,0.080691,0.0,0.0,0.019845,0.0,0.0,0.029579,0.0,0.0,0.094164,0.0,0.0,0.0,0.0,0.0,0.0,0.024393,0.099651,0.0,0.0,0.093581,0.0,0.031883,0.0,0.020064,0.0,0.032811,0.0,0.0,0.061277,0.031736,0.046735,0.096974,0.0,0.0,0.0,0.0,0.0,0.013418,0.042091,0.021332
2023-06-09,0.064617,0.094755,0.08161,0.0,0.0,0.019819,0.0,0.0,0.029723,0.0,0.0,0.094195,0.0,0.0,0.0,0.0,0.0,0.0,0.024191,0.09969,0.0,0.0,0.093429,0.0,0.032042,0.0,0.020246,0.0,0.032963,0.0,0.0,0.061114,0.031693,0.046625,0.096769,0.0,0.0,0.0,0.0,0.0,0.013403,0.041781,0.021336
2023-06-12,0.064533,0.094782,0.081785,0.0,0.0,0.019738,0.0,0.0,0.029869,0.0,0.0,0.094923,0.0,0.0,0.0,0.0,0.0,0.0,0.024202,0.100707,0.0,0.0,0.093021,0.0,0.032604,0.0,0.020642,0.0,0.033373,0.0,0.0,0.06081,0.031294,0.046544,0.095784,0.0,0.0,0.0,0.0,0.0,0.013422,0.040709,0.021257
2023-06-13,0.064826,0.094764,0.082306,0.0,0.0,0.019853,0.0,0.0,0.030071,0.0,0.0,0.094483,0.0,0.0,0.0,0.0,0.0,0.0,0.024568,0.100575,0.0,0.0,0.092666,0.0,0.032543,0.0,0.020616,0.0,0.033672,0.0,0.0,0.059886,0.030569,0.046307,0.097469,0.0,0.0,0.0,0.0,0.0,0.013295,0.040443,0.021089
2023-06-14,0.064939,0.09473,0.082361,0.0,0.0,0.020085,0.0,0.0,0.029893,0.0,0.0,0.094278,0.0,0.0,0.0,0.0,0.0,0.0,0.02437,0.09869,0.0,0.0,0.092872,0.0,0.032752,0.0,0.020661,0.0,0.033679,0.0,0.0,0.059686,0.030773,0.046193,0.099472,0.0,0.0,0.0,0.0,0.0,0.013272,0.040286,0.021009
2023-06-15,0.064591,0.095107,0.081464,0.0,0.0,0.020289,0.0,0.0,0.029847,0.0,0.0,0.094865,0.0,0.0,0.0,0.0,0.0,0.0,0.024345,0.099715,0.0,0.0,0.092913,0.0,0.032858,0.0,0.020882,0.0,0.033699,0.0,0.0,0.059535,0.030439,0.046548,0.099632,0.0,0.0,0.0,0.0,0.0,0.013213,0.039243,0.020814
2023-06-16,0.064838,0.095068,0.080714,0.0,0.0,0.020242,0.0,0.0,0.029505,0.0,0.0,0.094115,0.0,0.0,0.0,0.0,0.0,0.0,0.024413,0.099653,0.0,0.0,0.09306,0.0,0.0326,0.0,0.020763,0.0,0.033565,0.0,0.0,0.059466,0.030784,0.047187,0.099292,0.0,0.0,0.0,0.0,0.0,0.013166,0.040746,0.020824
2023-06-19,0.064493,0.095102,0.080744,0.0,0.0,0.020249,0.0,0.0,0.029515,0.0,0.0,0.09415,0.0,0.0,0.0,0.0,0.0,0.0,0.024422,0.09969,0.0,0.0,0.093093,0.0,0.032611,0.0,0.020771,0.0,0.033577,0.0,0.0,0.059488,0.030795,0.047205,0.099328,0.0,0.0,0.0,0.0,0.0,0.013171,0.040761,0.020837
2023-06-20,0.064526,0.094456,0.080226,0.0,0.0,0.01957,0.0,0.0,0.029362,0.0,0.0,0.094392,0.0,0.0,0.0,0.0,0.0,0.0,0.024272,0.101443,0.0,0.0,0.093076,0.0,0.032633,0.0,0.02073,0.0,0.033473,0.0,0.0,0.059312,0.029738,0.047363,0.097289,0.0,0.0,0.0,0.0,0.0,0.013275,0.043872,0.020992
2023-06-21,0.064317,0.094,0.080946,0.0,0.0,0.019347,0.0,0.0,0.029283,0.0,0.0,0.093184,0.0,0.0,0.0,0.0,0.0,0.0,0.02428,0.101746,0.0,0.0,0.093136,0.0,0.032058,0.0,0.020289,0.0,0.03299,0.0,0.0,0.059056,0.029067,0.047723,0.097463,0.0,0.0,0.0,0.0,0.0,0.013307,0.046876,0.020933
2023-06-22,0.064275,0.093817,0.080438,0.0,0.0,0.019308,0.0,0.0,0.029311,0.0,0.0,0.094102,0.0,0.0,0.0,0.0,0.0,0.0,0.024271,0.101725,0.0,0.0,0.093865,0.0,0.032384,0.0,0.02044,0.0,0.032781,0.0,0.0,0.058587,0.028691,0.047429,0.097177,0.0,0.0,0.0,0.0,0.0,0.013282,0.047136,0.020979
2023-06-23,0.064355,0.09347,0.079124,0.0,0.0,0.019063,0.0,0.0,0.029153,0.0,0.0,0.094699,0.0,0.0,0.0,0.0,0.0,0.0,0.024281,0.103083,0.0,0.0,0.094042,0.0,0.032306,0.0,0.020444,0.0,0.032186,0.0,0.0,0.05925,0.029007,0.046919,0.095305,0.0,0.0,0.0,0.0,0.0,0.013411,0.048743,0.02116
2023-06-26,0.064384,0.09359,0.079121,0.0,0.0,0.01914,0.0,0.0,0.029238,0.0,0.0,0.093748,0.0,0.0,0.0,0.0,0.0,0.0,0.024532,0.103128,0.0,0.0,0.094165,0.0,0.032073,0.0,0.020268,0.0,0.031977,0.0,0.0,0.05935,0.029457,0.046873,0.09683,0.0,0.0,0.0,0.0,0.0,0.013453,0.047508,0.021165
2023-06-27,0.06399,0.093675,0.078695,0.0,0.0,0.019384,0.0,0.0,0.029033,0.0,0.0,0.094461,0.0,0.0,0.0,0.0,0.0,0.0,0.024653,0.10543,0.0,0.0,0.093585,0.0,0.032407,0.0,0.020472,0.0,0.032165,0.0,0.0,0.058539,0.0293,0.04597,0.096199,0.0,0.0,0.0,0.0,0.0,0.01333,0.047741,0.020972
2023-06-28,0.064524,0.093846,0.079782,0.0,0.0,0.019282,0.0,0.0,0.028944,0.0,0.0,0.095138,0.0,0.0,0.0,0.0,0.0,0.0,0.024549,0.105448,0.0,0.0,0.0932,0.0,0.032512,0.0,0.020632,0.0,0.032513,0.0,0.0,0.058559,0.029182,0.045573,0.094935,0.0,0.0,0.0,0.0,0.0,0.013375,0.046978,0.021028
2023-06-29,0.064656,0.093786,0.079448,0.0,0.0,0.019006,0.0,0.0,0.02879,0.0,0.0,0.094703,0.0,0.0,0.0,0.0,0.0,0.0,0.024879,0.105599,0.0,0.0,0.093189,0.0,0.032596,0.0,0.020646,0.0,0.032475,0.0,0.0,0.058545,0.029038,0.045351,0.095079,0.0,0.0,0.0,0.0,0.0,0.013315,0.047852,0.021046
2023-06-30,0.0792,0.08263,0.045093,0.0,0.0,0.0,0.0,0.0,0.064456,0.042853,0.0,0.107356,0.0,0.0,0.0,0.0,0.0,0.0,0.0,0.107296,0.0,0.0,0.0,0.0,0.027341,0.023616,0.027587,0.0,0.027806,0.0,0.0,0.095207,0.011156,0.107232,0.0,0.0,0.0,0.0,0.032549,0.0,0.0,0.107637,0.010985
2023-07-03,0.078888,0.081919,0.044973,0.0,0.0,0.0,0.0,0.0,0.064838,0.043557,0.0,0.107104,0.0,0.0,0.0,0.0,0.0,0.0,0.0,0.106109,0.0,0.0,0.0,0.0,0.027128,0.02369,0.027286,0.0,0.027772,0.0,0.0,0.09477,0.011157,0.107835,0.0,0.0,0.0,0.0,0.032312,0.0,0.0,0.109739,0.010922
2023-07-04,0.078914,0.081917,0.044972,0.0,0.0,0.0,0.0,0.0,0.064837,0.043555,0.0,0.107101,0.0,0.0,0.0,0.0,0.0,0.0,0.0,0.106106,0.0,0.0,0.0,0.0,0.027127,0.02369,0.027286,0.0,0.027771,0.0,0.0,0.094767,0.011156,0.107832,0.0,0.0,0.0,0.0,0.032311,0.0,0.0,0.109735,0.010923
2023-07-05,0.079285,0.081464,0.04494,0.0,0.0,0.0,0.0,0.0,0.064641,0.043391,0.0,0.108738,0.0,0.0,0.0,0.0,0.0,0.0,0.0,0.105727,0.0,0.0,0.0,0.0,0.027164,0.023341,0.027487,0.0,0.027652,0.0,0.0,0.095147,0.011348,0.108292,0.0,0.0,0.0,0.0,0.032456,0.0,0.0,0.107923,0.011006
2023-07-06,0.078884,0.080995,0.044892,0.0,0.0,0.0,0.0,0.0,0.063917,0.043065,0.0,0.1092,0.0,0.0,0.0,0.0,0.0,0.0,0.0,0.104118,0.0,0.0,0.0,0.0,0.027423,0.023329,0.027532,0.0,0.027422,0.0,0.0,0.096026,0.011281,0.109515,0.0,0.0,0.0,0.0,0.032614,0.0,0.0,0.108642,0.011144
2023-07-07,0.079296,0.081312,0.045416,0.0,0.0,0.0,0.0,0.0,0.064111,0.043179,0.0,0.108532,0.0,0.0,0.0,0.0,0.0,0.0,0.0,0.104076,0.0,0.0,0.0,0.0,0.027232,0.023279,0.027404,0.0,0.027605,0.0,0.0,0.096494,0.011441,0.108921,0.0,0.0,0.0,0.0,0.03256,0.0,0.0,0.108026,0.011116
2023-07-10,0.078608,0.081216,0.045026,0.0,0.0,0.0,0.0,0.0,0.06364,0.042925,0.0,0.107476,0.0,0.0,0.0,0.0,0.0,0.0,0.0,0.106221,0.0,0.0,0.0,0.0,0.027109,0.023593,0.027679,0.0,0.027757,0.0,0.0,0.09588,0.011391,0.108245,0.0,0.0,0.0,0.0,0.03249,0.0,0.0,0.109706,0.011039
2023-07-11,0.078431,0.081504,0.044901,0.0,0.0,0.0,0.0,0.0,0.064115,0.04338,0.0,0.108568,0.0,0.0,0.0,0.0,0.0,0.0,0.0,0.106302,0.0,0.0,0.0,0.0,0.026974,0.023426,0.027887,0.0,0.027868,0.0,0.0,0.095553,0.011289,0.108539,0.0,0.0,0.0,0.0,0.032432,0.0,0.0,0.107871,0.010961
2023-07-12,0.078821,0.082485,0.044696,0.0,0.0,0.0,0.0,0.0,0.064949,0.04405,0.0,0.108625,0.0,0.0,0.0,0.0,0.0,0.0,0.0,0.10787,0.0,0.0,0.0,0.0,0.026967,0.023589,0.027718,0.0,0.027892,0.0,0.0,0.095738,0.011659,0.106393,0.0,0.0,0.0,0.0,0.03231,0.0,0.0,0.1054,0.010837
2023-07-13,0.078139,0.082539,0.044692,0.0,0.0,0.0,0.0,0.0,0.06492,0.043969,0.0,0.108588,0.0,0.0,0.0,0.0,0.0,0.0,0.0,0.107128,0.0,0.0,0.0,0.0,0.026915,0.02372,0.02776,0.0,0.028062,0.0,0.0,0.094389,0.011814,0.105511,0.0,0.0,0.0,0.0,0.032022,0.0,0.0,0.109158,0.010673
2023-07-14,0.078978,0.082656,0.044427,0.0,0.0,0.0,0.0,0.0,0.065226,0.044379,0.0,0.108226,0.0,0.0,0.0,0.0,0.0,0.0,0.0,0.109101,0.0,0.0,0.0,0.0,0.027041,0.023568,0.027949,0.0,0.0278,0.0,0.0,0.094669,0.011928,0.107355,0.0,0.0,0.0,0.0,0.031986,0.0,0.0,0.103966,0.010745
2023-07-17,0.078877,0.082576,0.044469,0.0,0.0,0.0,0.0,0.0,0.065618,0.044638,0.0,0.107889,0.0,0.0,0.0,0.0,0.0,0.0,0.0,0.108783,0.0,0.0,0.0,0.0,0.027399,0.024143,0.028312,0.0,0.028163,0.0,0.0,0.09478,0.011897,0.106659,0.0,0.0,0.0,0.0,0.03206,0.0,0.0,0.102982,0.010753
2023-07-18,0.078832,0.082609,0.044836,0.0,0.0,0.0,0.0,0.0,0.065235,0.044264,0.0,0.108041,0.0,0.0,0.0,0.0,0.0,0.0,0.0,0.10851,0.0,0.0,0.0,0.0,0.027559,0.024057,0.028421,0.0,0.028339,0.0,0.0,0.095345,0.011936,0.107563,0.0,0.0,0.0,0.0,0.031975,0.0,0.0,0.101781,0.010695
2023-07-19,0.079165,0.082467,0.044773,0.0,0.0,0.0,0.0,0.0,0.064148,0.04405,0.0,0.108176,0.0,0.0,0.0,0.0,0.0,0.0,0.0,0.108303,0.0,0.0,0.0,0.0,0.027447,0.023734,0.028411,0.0,0.028117,0.0,0.0,0.095212,0.011975,0.10868,0.0,0.0,0.0,0.0,0.03195,0.0,0.0,0.102711,0.01068
2023-07-20,0.07982,0.083179,0.04473,0.0,0.0,0.0,0.0,0.0,0.064086,0.043855,0.0,0.107353,0.0,0.0,0.0,0.0,0.0,0.0,0.0,0.106753,0.0,0.0,0.0,0.0,0.027235,0.023156,0.028061,0.0,0.027697,0.0,0.0,0.095911,0.011904,0.110285,0.0,0.0,0.0,0.0,0.032207,0.0,0.0,0.102954,0.010814
2023-07-21,0.0798,0.083515,0.044705,0.0,0.0,0.0,0.0,0.0,0.063987,0.043899,0.0,0.106342,0.0,0.0,0.0,0.0,0.0,0.0,0.0,0.107196,0.0,0.0,0.0,0.0,0.027236,0.023378,0.02815,0.0,0.027532,0.0,0.0,0.09567,0.011852,0.110146,0.0,0.0,0.0,0.0,0.032307,0.0,0.0,0.103465,0.01082
2023-07-24,0.079832,0.08307,0.044756,0.0,0.0,0.0,0.0,0.0,0.06479,0.044731,0.0,0.106506,0.0,0.0,0.0,0.0,0.0,0.0,0.0,0.107819,0.0,0.0,0.0,0.0,0.027276,0.02337,0.028055,0.0,0.027314,0.0,0.0,0.095233,0.011723,0.111815,0.0,0.0,0.0,0.0,0.032242,0.0,0.0,0.100647,0.01082
2023-07-25,0.079575,0.082778,0.044571,0.0,0.0,0.0,0.0,0.0,0.064962,0.044885,0.0,0.106268,0.0,0.0,0.0,0.0,0.0,0.0,0.0,0.108734,0.0,0.0,0.0,0.0,0.027439,0.023635,0.028115,0.0,0.027488,0.0,0.0,0.095245,0.011811,0.11126,0.0,0.0,0.0,0.0,0.032046,0.0,0.0,0.100425,0.010762
2023-07-26,0.079307,0.082761,0.044655,0.0,0.0,0.0,0.0,0.0,0.064826,0.044547,0.0,0.107703,0.0,0.0,0.0,0.0,0.0,0.0,0.0,0.108603,0.0,0.0,0.0,0.0,0.027013,0.02326,0.027785,0.0,0.02761,0.0,0.0,0.095509,0.011937,0.110778,0.0,0.0,0.0,0.0,0.032106,0.0,0.0,0.100858,0.010742
2023-07-27,0.080338,0.082744,0.045273,0.0,0.0,0.0,0.0,0.0,0.064575,0.043997,0.0,0.109221,0.0,0.0,0.0,0.0,0.0,0.0,0.0,0.108197,0.0,0.0,0.0,0.0,0.027088,0.023832,0.027726,0.0,0.027501,0.0,0.0,0.094542,0.011586,0.110408,0.0,0.0,0.0,0.0,0.032032,0.0,0.0,0.100136,0.010804
2023-07-28,0.079579,0.082713,0.045127,0.0,0.0,0.0,0.0,0.0,0.065029,0.044376,0.0,0.110385,0.0,0.0,0.0,0.0,0.0,0.0,0.0,0.108617,0.0,0.0,0.0,0.0,0.027213,0.024136,0.027879,0.0,0.027351,0.0,0.0,0.094451,0.011592,0.108834,0.0,0.0,0.0,0.0,0.03193,0.0,0.0,0.100081,0.010709
2023-07-31,0.113576,0.017455,0.034862,0.0,0.0,0.0,0.113674,0.0,0.0,0.0,0.113692,0.113293,0.0,0.0,0.0,0.0,0.049994,0.062762,0.0,0.113371,0.0,0.0,0.0,0.0,0.029745,0.024272,0.029311,0.0,0.029662,0.0,0.0,0.0,0.0,0.037492,0.0,0.0,0.0,0.0,0.0,0.0,0.0,0.113697,0.003142
2023-08-01,0.11339,0.017346,0.034615,0.0,0.0,0.0,0.112031,0.0,0.0,0.0,0.112945,0.113691,0.0,0.0,0.0,0.0,0.050385,0.06217,0.0,0.114611,0.0,0.0,0.0,0.0,0.029938,0.024405,0.029466,0.0,0.029386,0.0,0.0,0.0,0.0,0.037725,0.0,0.0,0.0,0.0,0.0,0.0,0.0,0.114738,0.003158
2023-08-02,0.113585,0.017278,0.034456,0.0,0.0,0.0,0.112799,0.0,0.0,0.0,0.112528,0.113173,0.0,0.0,0.0,0.0,0.05058,0.062521,0.0,0.114983,0.0,0.0,0.0,0.0,0.029621,0.023811,0.028946,0.0,0.028754,0.0,0.0,0.0,0.0,0.037975,0.0,0.0,0.0,0.0,0.0,0.0,0.0,0.115787,0.003204
2023-08-03,0.11377,0.017334,0.034493,0.0,0.0,0.0,0.111134,0.0,0.0,0.0,0.11347,0.113563,0.0,0.0,0.0,0.0,0.050563,0.062461,0.0,0.11372,0.0,0.0,0.0,0.0,0.029677,0.023892,0.028929,0.0,0.028769,0.0,0.0,0.0,0.0,0.037904,0.0,0.0,0.0,0.0,0.0,0.0,0.0,0.117098,0.003223
2023-08-04,0.11444,0.017353,0.034802,0.0,0.0,0.0,0.110266,0.0,0.0,0.0,0.115041,0.113232,0.0,0.0,0.0,0.0,0.050222,0.062067,0.0,0.115265,0.0,0.0,0.0,0.0,0.029253,0.023838,0.028586,0.0,0.028718,0.0,0.0,0.0,0.0,0.037913,0.0,0.0,0.0,0.0,0.0,0.0,0.0,0.115782,0.003222
2023-08-07,0.113084,0.017413,0.034883,0.0,0.0,0.0,0.109463,0.0,0.0,0.0,0.115519,0.114292,0.0,0.0,0.0,0.0,0.050531,0.062038,0.0,0.115882,0.0,0.0,0.0,0.0,0.029158,0.023943,0.028594,0.0,0.028628,0.0,0.0,0.0,0.0,0.037597,0.0,0.0,0.0,0.0,0.0,0.0,0.0,0.115773,0.003203
2023-08-08,0.112532,0.017354,0.034642,0.0,0.0,0.0,0.109231,0.0,0.0,0.0,0.114822,0.114195,0.0,0.0,0.0,0.0,0.050399,0.061989,0.0,0.115899,0.0,0.0,0.0,0.0,0.02899,0.023608,0.028183,0.0,0.028174,0.0,0.0,0.0,0.0,0.037391,0.0,0.0,0.0,0.0,0.0,0.0,0.0,0.11938,0.00321
2023-08-09,0.113786,0.017558,0.034664,0.0,0.0,0.0,0.109401,0.0,0.0,0.0,0.114534,0.114038,0.0,0.0,0.0,0.0,0.050848,0.061922,0.0,0.116089,0.0,0.0,0.0,0.0,0.028886,0.023394,0.028122,0.0,0.027812,0.0,0.0,0.0,0.0,0.037675,0.0,0.0,0.0,0.0,0.0,0.0,0.0,0.118028,0.00324
2023-08-10,0.114588,0.017601,0.034761,0.0,0.0,0.0,0.109762,0.0,0.0,0.0,0.114646,0.114264,0.0,0.0,0.0,0.0,0.050635,0.062053,0.0,0.11466,0.0,0.0,0.0,0.0,0.028848,0.023267,0.028263,0.0,0.027824,0.0,0.0,0.0,0.0,0.037656,0.0,0.0,0.0,0.0,0.0,0.0,0.0,0.117936,0.003236
2023-08-11,0.113726,0.017539,0.034881,0.0,0.0,0.0,0.109554,0.0,0.0,0.0,0.114833,0.114297,0.0,0.0,0.0,0.0,0.050976,0.061874,0.0,0.115135,0.0,0.0,0.0,0.0,0.028781,0.022818,0.028363,0.0,0.02767,0.0,0.0,0.0,0.0,0.037846,0.0,0.0,0.0,0.0,0.0,0.0,0.0,0.118455,0.003252
2023-08-14,0.113939,0.017484,0.034526,0.0,0.0,0.0,0.107238,0.0,0.0,0.0,0.115047,0.114993,0.0,0.0,0.0,0.0,0.050933,0.062004,0.0,0.115841,0.0,0.0,0.0,0.0,0.029204,0.023448,0.028698,0.0,0.027952,0.0,0.0,0.0,0.0,0.037519,0.0,0.0,0.0,0.0,0.0,0.0,0.0,0.117923,0.00325
2023-08-15,0.114163,0.017401,0.034436,0.0,0.0,0.0,0.106995,0.0,0.0,0.0,0.114405,0.114902,0.0,0.0,0.0,0.0,0.050693,0.061475,0.0,0.11761,0.0,0.0,0.0,0.0,0.029152,0.023244,0.028684,0.0,0.027863,0.0,0.0,0.0,0.0,0.037522,0.0,0.0,0.0,0.0,0.0,0.0,0.0,0.118179,0.003277
2023-08-16,0.114735,0.01745,0.034312,0.0,0.0,0.0,0.107602,0.0,0.0,0.0,0.114001,0.114549,0.0,0.0,0.0,0.0,0.050863,0.061463,0.0,0.116317,0.0,0.0,0.0,0.0,0.029133,0.022999,0.028692,0.0,0.027599,0.0,0.0,0.0,0.0,0.038056,0.0,0.0,0.0,0.0,0.0,0.0,0.0,0.118923,0.003306
2023-08-17,0.115724,0.017613,0.034786,0.0,0.0,0.0,0.108832,0.0,0.0,0.0,0.114098,0.115284,0.0,0.0,0.0,0.0,0.051348,0.062076,0.0,0.113342,0.0,0.0,0.0,0.0,0.029379,0.023186,0.028767,0.0,0.027631,0.0,0.0,0.0,0.0,0.038727,0.0,0.0,0.0,0.0,0.0,0.0,0.0,0.11584,0.003366
2023-08-18,0.115628,0.017705,0.035116,0.0,0.0,0.0,0.110382,0.0,0.0,0.0,0.114629,0.115392,0.0,0.0,0.0,0.0,0.051801,0.06286,0.0,0.114719,0.0,0.0,0.0,0.0,0.029628,0.023472,0.029085,0.0,0.027866,0.0,0.0,0.0,0.0,0.039308,0.0,0.0,0.0,0.0,0.0,0.0,0.0,0.109018,0.00339
2023-08-21,0.115597,0.017767,0.035068,0.0,0.0,0.0,0.108984,0.0,0.0,0.0,0.115691,0.115969,0.0,0.0,0.0,0.0,0.051624,0.062533,0.0,0.113547,0.0,0.0,0.0,0.0,0.030127,0.024094,0.029537,0.0,0.028111,0.0,0.0,0.0,0.0,0.039111,0.0,0.0,0.0,0.0,0.0,0.0,0.0,0.108859,0.003383
2023-08-22,0.116134,0.01767,0.035177,0.0,0.0,0.0,0.111203,0.0,0.0,0.0,0.115654,0.115763,0.0,0.0,0.0,0.0,0.051411,0.061953,0.0,0.114222,0.0,0.0,0.0,0.0,0.030039,0.023839,0.02946,0.0,0.027919,0.0,0.0,0.0,0.0,0.038804,0.0,0.0,0.0,0.0,0.0,0.0,0.0,0.107373,0.003378
2023-08-23,0.11503,0.017535,0.035076,0.0,0.0,0.0,0.113084,0.0,0.0,0.0,0.114727,0.115766,0.0,0.0,0.0,0.0,0.051114,0.061588,0.0,0.113687,0.0,0.0,0.0,0.0,0.030095,0.023939,0.029468,0.0,0.028056,0.0,0.0,0.0,0.0,0.038584,0.0,0.0,0.0,0.0,0.0,0.0,0.0,0.108926,0.003324
2023-08-24,0.116052,0.017547,0.035131,0.0,0.0,0.0,0.113539,0.0,0.0,0.0,0.114151,0.115225,0.0,0.0,0.0,0.0,0.051242,0.06193,0.0,0.113677,0.0,0.0,0.0,0.0,0.029838,0.023492,0.029227,0.0,0.02797,0.0,0.0,0.0,0.0,0.039486,0.0,0.0,0.0,0.0,0.0,0.0,0.0,0.108121,0.003373
2023-08-25,0.115519,0.017669,0.035304,0.0,0.0,0.0,0.112539,0.0,0.0,0.0,0.115397,0.115318,0.0,0.0,0.0,0.0,0.05166,0.061904,0.0,0.112416,0.0,0.0,0.0,0.0,0.030134,0.023586,0.029798,0.0,0.028105,0.0,0.0,0.0,0.0,0.039585,0.0,0.0,0.0,0.0,0.0,0.0,0.0,0.10769,0.003374
2023-08-28,0.114716,0.017731,0.035474,0.0,0.0,0.0,0.113113,0.0,0.0,0.0,0.115054,0.115918,0.0,0.0,0.0,0.0,0.05172,0.061716,0.0,0.112585,0.0,0.0,0.0,0.0,0.030169,0.023719,0.029733,0.0,0.028288,0.0,0.0,0.0,0.0,0.039692,0.0,0.0,0.0,0.0,0.0,0.0,0.0,0.107021,0.003351
2023-08-29,0.1145,0.01756,0.034881,0.0,0.0,0.0,0.112025,0.0,0.0,0.0,0.115158,0.115709,0.0,0.0,0.0,0.0,0.050891,0.061084,0.0,0.112567,0.0,0.0,0.0,0.0,0.030051,0.02377,0.029598,0.0,0.028131,0.0,0.0,0.0,0.0,0.038706,0.0,0.0,0.0,0.0,0.0,0.0,0.0,0.112095,0.003272
2023-08-30,0.115316,0.017546,0.034807,0.0,0.0,0.0,0.110909,0.0,0.0,0.0,0.115617,0.115689,0.0,0.0,0.0,0.0,0.051105,0.061396,0.0,0.114122,0.0,0.0,0.0,0.0,0.030268,0.023875,0.029853,0.0,0.028355,0.0,0.0,0.0,0.0,0.038783,0.0,0.0,0.0,0.0,0.0,0.0,0.0,0.109088,0.003272
2023-08-31,0.105589,0.0,0.0,0.0,0.0,0.0,0.105786,0.093376,0.0,0.012224,0.057489,0.105676,0.0,0.0,0.0,0.018167,0.050479,0.054787,0.0,0.105404,0.0,0.0,0.033297,0.0,0.032505,0.02542,0.03237,0.0,0.012302,0.0,0.0,0.0,0.0,0.105814,0.0,0.0,0.0,0.0,0.0,0.0,0.0,0.03599,0.013324
2023-09-01,0.105241,0.0,0.0,0.0,0.0,0.0,0.107453,0.093639,0.0,0.012332,0.05695,0.104347,0.0,0.0,0.0,0.018554,0.050578,0.054746,0.0,0.106579,0.0,0.0,0.032904,0.0,0.032497,0.025402,0.032414,0.0,0.012261,0.0,0.0,0.0,0.0,0.105659,0.0,0.0,0.0,0.0,0.0,0.0,0.0,0.035164,0.01328
2023-09-04,0.105218,0.0,0.0,0.0,0.0,0.0,0.107455,0.093641,0.0,0.012332,0.056951,0.104349,0.0,0.0,0.0,0.018555,0.050578,0.054747,0.0,0.106581,0.0,0.0,0.032904,0.0,0.032498,0.025402,0.032415,0.0,0.012261,0.0,0.0,0.0,0.0,0.105661,0.0,0.0,0.0,0.0,0.0,0.0,0.0,0.035165,0.013287
2023-09-05,0.105681,0.0,0.0,0.0,0.0,0.0,0.107307,0.094587,0.0,0.012338,0.057424,0.105126,0.0,0.0,0.0,0.018591,0.050105,0.053958,0.0,0.102468,0.0,0.0,0.032869,0.0,0.032861,0.025587,0.03282,0.0,0.012285,0.0,0.0,0.0,0.0,0.107147,0.0,0.0,0.0,0.0,0.0,0.0,0.0,0.035458,0.013386
2023-09-06,0.105154,0.0,0.0,0.0,0.0,0.0,0.106328,0.094558,0.0,0.012238,0.057128,0.105191,0.0,0.0,0.0,0.018656,0.050078,0.053721,0.0,0.103913,0.0,0.0,0.032956,0.0,0.032636,0.025497,0.03299,0.0,0.012276,0.0,0.0,0.0,0.0,0.107649,0.0,0.0,0.0,0.0,0.0,0.0,0.0,0.035592,0.013439
2023-09-07,0.10519,0.0,0.0,0.0,0.0,0.0,0.104489,0.095586,0.0,0.01221,0.057416,0.105239,0.0,0.0,0.0,0.018697,0.050025,0.053598,0.0,0.104925,0.0,0.0,0.033109,0.0,0.032237,0.02497,0.032987,0.0,0.012159,0.0,0.0,0.0,0.0,0.107694,0.0,0.0,0.0,0.0,0.0,0.0,0.0,0.035997,0.013473
2023-09-08,0.105293,0.0,0.0,0.0,0.0,0.0,0.105695,0.096367,0.0,0.012191,0.057281,0.105306,0.0,0.0,0.0,0.018867,0.049659,0.053443,0.0,0.10421,0.0,0.0,0.033073,0.0,0.032228,0.024782,0.032969,0.0,0.012001,0.0,0.0,0.0,0.0,0.107196,0.0,0.0,0.0,0.0,0.0,0.0,0.0,0.035993,0.013446
2023-09-11,0.104711,0.0,0.0,0.0,0.0,0.0,0.107422,0.096531,0.0,0.012288,0.058352,0.10604,0.0,0.0,0.0,0.018349,0.049276,0.053385,0.0,0.104135,0.0,0.0,0.033092,0.0,0.032137,0.02457,0.032971,0.0,0.011946,0.0,0.0,0.0,0.0,0.107118,0.0,0.0,0.0,0.0,0.0,0.0,0.0,0.034339,0.013339
2023-09-12,0.105219,0.0,0.0,0.0,0.0,0.0,0.108381,0.096168,0.0,0.012199,0.058117,0.105466,0.0,0.0,0.0,0.018888,0.049348,0.053286,0.0,0.102404,0.0,0.0,0.032975,0.0,0.031715,0.024485,0.032184,0.0,0.011928,0.0,0.0,0.0,0.0,0.107809,0.0,0.0,0.0,0.0,0.0,0.0,0.0,0.036022,0.013407
2023-09-13,0.105075,0.0,0.0,0.0,0.0,0.0,0.109464,0.096166,0.0,0.012189,0.058511,0.105691,0.0,0.0,0.0,0.018648,0.048965,0.053111,0.0,0.101209,0.0,0.0,0.033039,0.0,0.031759,0.024583,0.032215,0.0,0.011841,0.0,0.0,0.0,0.0,0.108029,0.0,0.0,0.0,0.0,0.0,0.0,0.0,0.036115,0.013392
2023-09-14,0.104702,0.0,0.0,0.0,0.0,0.0,0.110414,0.0955,0.0,0.012224,0.058496,0.106092,0.0,0.0,0.0,0.018553,0.048953,0.05309,0.0,0.10174,0.0,0.0,0.033041,0.0,0.031669,0.024512,0.032051,0.0,0.011796,0.0,0.0,0.0,0.0,0.107433,0.0,0.0,0.0,0.0,0.0,0.0,0.0,0.036473,0.013261
2023-09-15,0.10523,0.0,0.0,0.0,0.0,0.0,0.110974,0.096124,0.0,0.012395,0.058037,0.105669,0.0,0.0,0.0,0.018409,0.049129,0.05334,0.0,0.099818,0.0,0.0,0.033077,0.0,0.031354,0.024029,0.031742,0.0,0.011736,0.0,0.0,0.0,0.0,0.109081,0.0,0.0,0.0,0.0,0.0,0.0,0.0,0.036468,0.013388
2023-09-18,0.105023,0.0,0.0,0.0,0.0,0.0,0.111058,0.096303,0.0,0.01243,0.057449,0.105824,0.0,0.0,0.0,0.018428,0.049221,0.05285,0.0,0.100311,0.0,0.0,0.03309,0.0,0.031528,0.024129,0.031754,0.0,0.011787,0.0,0.0,0.0,0.0,0.108382,0.0,0.0,0.0,0.0,0.0,0.0,0.0,0.037033,0.0134
2023-09-19,0.104592,0.0,0.0,0.0,0.0,0.0,0.11049,0.096106,0.0,0.012319,0.05726,0.106084,0.0,0.0,0.0,0.018256,0.049098,0.052916,0.0,0.100643,0.0,0.0,0.033068,0.0,0.031565,0.023966,0.031769,0.0,0.011742,0.0,0.0,0.0,0.0,0.109008,0.0,0.0,0.0,0.0,0.0,0.0,0.0,0.03769,0.013427
2023-09-20,0.105758,0.0,0.0,0.0,0.0,0.0,0.111847,0.096275,0.0,0.012287,0.056941,0.105101,0.0,0.0,0.0,0.018055,0.049122,0.05295,0.0,0.100139,0.0,0.0,0.033248,0.0,0.031207,0.023678,0.031622,0.0,0.011664,0.0,0.0,0.0,0.0,0.109197,0.0,0.0,0.0,0.0,0.0,0.0,0.0,0.037424,0.013485
2023-09-21,0.105529,0.0,0.0,0.0,0.0,0.0,0.110173,0.097207,0.0,0.012195,0.056465,0.105825,0.0,0.0,0.0,0.018193,0.049257,0.053248,0.0,0.099129,0.0,0.0,0.033458,0.0,0.031329,0.023693,0.031479,0.0,0.011592,0.0,0.0,0.0,0.0,0.109767,0.0,0.0,0.0,0.0,0.0,0.0,0.0,0.03771,0.013751
2023-09-22,0.105567,0.0,0.0,0.0,0.0,0.0,0.110213,0.097402,0.0,0.012272,0.055983,0.105836,0.0,0.0,0.0,0.018164,0.049154,0.052972,0.0,0.099412,0.0,0.0,0.033322,0.0,0.031438,0.023922,0.031575,0.0,0.01166,0.0,0.0,0.0,0.0,0.109713,0.0,0.0,0.0,0.0,0.0,0.0,0.0,0.037622,0.013773
2023-09-25,0.104851,0.0,0.0,0.0,0.0,0.0,0.109612,0.09773,0.0,0.012236,0.056327,0.106094,0.0,0.0,0.0,0.018498,0.0494,0.053239,0.0,0.099639,0.0,0.0,0.033203,0.0,0.031539,0.024097,0.031568,0.0,0.011684,0.0,0.0,0.0,0.0,0.10916,0.0,0.0,0.0,0.0,0.0,0.0,0.0,0.037346,0.013776
2023-09-26,0.10513,0.0,0.0,0.0,0.0,0.0,0.108905,0.098231,0.0,0.011992,0.055974,0.106193,0.0,0.0,0.0,0.018642,0.049238,0.052948,0.0,0.099382,0.0,0.0,0.033357,0.0,0.031348,0.023947,0.031444,0.0,0.011585,0.0,0.0,0.0,0.0,0.110081,0.0,0.0,0.0,0.0,0.0,0.0,0.0,0.03766,0.013943
2023-09-27,0.104835,0.0,0.0,0.0,0.0,0.0,0.107544,0.098797,0.0,0.011992,0.05574,0.106434,0.0,0.0,0.0,0.019187,0.049588,0.05299,0.0,0.099591,0.0,0.0,0.033071,0.0,0.031385,0.02415,0.031646,0.0,0.011721,0.0,0.0,0.0,0.0,0.109739,0.0,0.0,0.0,0.0,0.0,0.0,0.0,0.037648,0.013941
2023-09-28,0.104519,0.0,0.0,0.0,0.0,0.0,0.107954,0.097124,0.0,0.011991,0.055835,0.106601,0.0,0.0,0.0,0.01911,0.049332,0.05322,0.0,0.100303,0.0,0.0,0.032861,0.0,0.031312,0.024367,0.031589,0.0,0.011754,0.0,0.0,0.0,0.0,0.109667,0.0,0.0,0.0,0.0,0.0,0.0,0.0,0.038652,0.013812
2023-09-29,0.093397,0.0,0.0,0.0,0.0,0.0,0.087353,0.093738,0.0,0.0,0.093653,0.093887,0.0,0.0,0.010021,0.083716,0.042614,0.05082,0.0,0.093897,0.0,0.0,0.0,0.0,0.027276,0.026869,0.027196,0.011813,0.0,0.0,0.0,0.021913,0.070801,0.051526,0.0,0.0,0.0,0.0,0.0,0.0,0.0,0.015343,0.004166
2023-10-02,0.093494,0.0,0.0,0.0,0.0,0.0,0.086357,0.094496,0.0,0.0,0.094508,0.095375,0.0,0.0,0.009904,0.081599,0.042549,0.050778,0.0,0.093726,0.0,0.0,0.0,0.0,0.027799,0.02723,0.027574,0.011948,0.0,0.0,0.0,0.021863,0.068161,0.052368,0.0,0.0,0.0,0.0,0.0,0.0,0.0,0.016072,0.004201
2023-10-03,0.093273,0.0,0.0,0.0,0.0,0.0,0.084986,0.095399,0.0,0.0,0.093641,0.095551,0.0,0.0,0.010051,0.082553,0.042909,0.051084,0.0,0.092278,0.0,0.0,0.0,0.0,0.027751,0.02708,0.027299,0.01191,0.0,0.0,0.0,0.022138,0.069291,0.052663,0.0,0.0,0.0,0.0,0.0,0.0,0.0,0.015876,0.004267
2023-10-04,0.093329,0.0,0.0,0.0,0.0,0.0,0.085028,0.095045,0.0,0.0,0.095306,0.096277,0.0,0.0,0.009716,0.079122,0.042965,0.051189,0.0,0.093411,0.0,0.0,0.0,0.0,0.028044,0.027388,0.027688,0.011916,0.0,0.0,0.0,0.022094,0.068697,0.05244,0.0,0.0,0.0,0.0,0.0,0.0,0.0,0.016086,0.00426
2023-10-05,0.093632,0.0,0.0,0.0,0.0,0.0,0.084814,0.095792,0.0,0.0,0.094949,0.096265,0.0,0.0,0.009668,0.079319,0.042764,0.051053,0.0,0.093038,0.0,0.0,0.0,0.0,0.028116,0.027289,0.027688,0.011894,0.0,0.0,0.0,0.022081,0.068569,0.052801,0.0,0.0,0.0,0.0,0.0,0.0,0.0,0.016003,0.004265
2023-10-06,0.093463,0.0,0.0,0.0,0.0,0.0,0.084459,0.095479,0.0,0.0,0.094405,0.096797,0.0,0.0,0.009603,0.079745,0.042801,0.050918,0.0,0.092283,0.0,0.0,0.0,0.0,0.02828,0.027522,0.028076,0.012051,0.0,0.0,0.0,0.021914,0.069389,0.052473,0.0,0.0,0.0,0.0,0.0,0.0,0.0,0.016127,0.004213
2023-10-09,0.092903,0.0,0.0,0.0,0.0,0.0,0.084991,0.09362,0.0,0.0,0.093695,0.097,0.0,0.0,0.009838,0.082344,0.043099,0.050538,0.0,0.092499,0.0,0.0,0.0,0.0,0.028183,0.027218,0.028021,0.012062,0.0,0.0,0.0,0.022125,0.069945,0.051999,0.0,0.0,0.0,0.0,0.0,0.0,0.0,0.015743,0.004177
2023-10-10,0.093861,0.0,0.0,0.0,0.0,0.0,0.086536,0.093821,0.0,0.0,0.093859,0.096672,0.0,0.0,0.009761,0.081842,0.042966,0.050694,0.0,0.092785,0.0,0.0,0.0,0.0,0.027969,0.027316,0.027895,0.012032,0.0,0.0,0.0,0.021887,0.069032,0.051479,0.0,0.0,0.0,0.0,0.0,0.0,0.0,0.015456,0.004139
2023-10-11,0.093293,0.0,0.0,0.0,0.0,0.0,0.086598,0.093679,0.0,0.0,0.093863,0.09721,0.0,0.0,0.009602,0.08142,0.043072,0.05064,0.0,0.093512,0.0,0.0,0.0,0.0,0.028129,0.027425,0.027953,0.012031,0.0,0.0,0.0,0.021969,0.069478,0.050964,0.0,0.0,0.0,0.0,0.0,0.0,0.0,0.015037,0.004125
2023-10-12,0.094392,0.0,0.0,0.0,0.0,0.0,0.085764,0.093893,0.0,0.0,0.093806,0.097064,0.0,0.0,0.009713,0.082297,0.043126,0.050566,0.0,0.090123,0.0,0.0,0.0,0.0,0.028449,0.027782,0.028127,0.012024,0.0,0.0,0.0,0.022131,0.069437,0.051977,0.0,0.0,0.0,0.0,0.0,0.0,0.0,0.01516,0.004169
2023-10-13,0.093382,0.0,0.0,0.0,0.0,0.0,0.086023,0.094162,0.0,0.0,0.092401,0.095949,0.0,0.0,0.009924,0.084009,0.042732,0.049682,0.0,0.09024,0.0,0.0,0.0,0.0,0.028033,0.027018,0.02781,0.011961,0.0,0.0,0.0,0.022835,0.072268,0.052202,0.0,0.0,0.0,0.0,0.0,0.0,0.0,0.0152,0.004168
2023-10-16,0.093163,0.0,0.0,0.0,0.0,0.0,0.086624,0.093784,0.0,0.0,0.092891,0.096452,0.0,0.0,0.009884,0.08395,0.042724,0.050017,0.0,0.090068,0.0,0.0,0.0,0.0,0.028,0.027107,0.027829,0.012026,0.0,0.0,0.0,0.022481,0.071152,0.051691,0.0,0.0,0.0,0.0,0.0,0.0,0.0,0.016031,0.004125
2023-10-17,0.092989,0.0,0.0,0.0,0.0,0.0,0.086003,0.093528,0.0,0.0,0.092835,0.096505,0.0,0.0,0.009957,0.084689,0.04273,0.050122,0.0,0.089955,0.0,0.0,0.0,0.0,0.027788,0.02683,0.027887,0.011995,0.0,0.0,0.0,0.022457,0.071765,0.051847,0.0,0.0,0.0,0.0,0.0,0.0,0.0,0.016006,0.004113
2023-10-18,0.093197,0.0,0.0,0.0,0.0,0.0,0.085607,0.093572,0.0,0.0,0.091826,0.096065,0.0,0.0,0.010177,0.086427,0.042237,0.049125,0.0,0.088644,0.0,0.0,0.0,0.0,0.027858,0.026687,0.027822,0.012025,0.0,0.0,0.0,0.023076,0.072795,0.052661,0.0,0.0,0.0,0.0,0.0,0.0,0.0,0.016034,0.004166
2023-10-19,0.093011,0.0,0.0,0.0,0.0,0.0,0.086007,0.094275,0.0,0.0,0.089929,0.096446,0.0,0.0,0.010211,0.086695,0.042056,0.04905,0.0,0.087456,0.0,0.0,0.0,0.0,0.027837,0.026407,0.027786,0.011942,0.0,0.0,0.0,0.023476,0.073719,0.053045,0.0,0.0,0.0,0.0,0.0,0.0,0.0,0.016462,0.004188
2023-10-20,0.092193,0.0,0.0,0.0,0.0,0.0,0.086243,0.094288,0.0,0.0,0.089251,0.096329,0.0,0.0,0.010121,0.085927,0.041959,0.049562,0.0,0.087524,0.0,0.0,0.0,0.0,0.027588,0.026236,0.027304,0.011784,0.0,0.0,0.0,0.023731,0.075337,0.053353,0.0,0.0,0.0,0.0,0.0,0.0,0.0,0.017047,0.004222
2023-10-23,0.092515,0.0,0.0,0.0,0.0,0.0,0.086083,0.093749,0.0,0.0,0.08958,0.097077,0.0,0.0,0.009982,0.084884,0.041868,0.049073,0.0,0.088372,0.0,0.0,0.0,0.0,0.027689,0.026152,0.027374,0.011726,0.0,0.0,0.0,0.02371,0.07429,0.053511,0.0,0.0,0.0,0.0,0.0,0.0,0.0,0.018132,0.004234
2023-10-24,0.092105,0.0,0.0,0.0,0.0,0.0,0.086865,0.093565,0.0,0.0,0.090089,0.09774,0.0,0.0,0.009793,0.083797,0.041975,0.048866,0.0,0.087586,0.0,0.0,0.0,0.0,0.027742,0.026376,0.027487,0.011834,0.0,0.0,0.0,0.02359,0.073818,0.053198,0.0,0.0,0.0,0.0,0.0,0.0,0.0,0.019361,0.004213
2023-10-25,0.093019,0.0,0.0,0.0,0.0,0.0,0.087166,0.093778,0.0,0.0,0.089493,0.094803,0.0,0.0,0.00991,0.084826,0.042011,0.048542,0.0,0.087369,0.0,0.0,0.0,0.0,0.027795,0.025661,0.027121,0.011702,0.0,0.0,0.0,0.024018,0.074556,0.053689,0.0,0.0,0.0,0.0,0.0,0.0,0.0,0.020269,0.004273
2023-10-26,0.092376,0.0,0.0,0.0,0.0,0.0,0.089426,0.093275,0.0,0.0,0.088689,0.093364,0.0,0.0,0.0099,0.085001,0.042117,0.047802,0.0,0.088907,0.0,0.0,0.0,0.0,0.027447,0.02568,0.027026,0.011706,0.0,0.0,0.0,0.024218,0.074737,0.054151,0.0,0.0,0.0,0.0,0.0,0.0,0.0,0.019877,0.004302
2023-10-27,0.092268,0.0,0.0,0.0,0.0,0.0,0.087893,0.093895,0.0,0.0,0.089729,0.093141,0.0,0.0,0.009674,0.083976,0.041797,0.047342,0.0,0.088599,0.0,0.0,0.0,0.0,0.027641,0.025989,0.027048,0.011735,0.0,0.0,0.0,0.02453,0.076014,0.054715,0.0,0.0,0.0,0.0,0.0,0.0,0.0,0.019706,0.004309
2023-10-30,0.091948,0.0,0.0,0.0,0.0,0.0,0.086213,0.094183,0.0,0.0,0.090054,0.094538,0.0,0.0,0.009653,0.083224,0.042084,0.048239,0.0,0.088799,0.0,0.0,0.0,0.0,0.027785,0.0255,0.027257,0.011689,0.0,0.0,0.0,0.024258,0.076168,0.054044,0.0,0.0,0.0,0.0,0.0,0.0,0.0,0.020078,0.004286
2023-10-31,0.060475,0.0,0.040844,0.0,0.0,0.0,0.079146,0.079021,0.0,0.0,0.071417,0.079103,0.024097,0.0,0.033724,0.04507,0.03127,0.0,0.0,0.078716,0.0,0.0,0.0,0.0,0.022891,0.0,0.023293,0.023323,0.0,0.0,0.0,0.0,0.0,0.079187,0.0,0.0,0.0,0.048693,0.078757,0.0,0.051869,0.03639,0.012713
2023-11-01,0.06032,0.0,0.041077,0.0,0.0,0.0,0.080597,0.078423,0.0,0.0,0.071488,0.079363,0.023981,0.0,0.033267,0.044481,0.03102,0.0,0.0,0.080563,0.0,0.0,0.0,0.0,0.023071,0.0,0.023221,0.023077,0.0,0.0,0.0,0.0,0.0,0.078191,0.0,0.0,0.0,0.048566,0.078615,0.0,0.05196,0.036146,0.012572
2023-11-02,0.060563,0.0,0.041009,0.0,0.0,0.0,0.081443,0.077798,0.0,0.0,0.072056,0.078991,0.024113,0.0,0.033666,0.044827,0.031097,0.0,0.0,0.081841,0.0,0.0,0.0,0.0,0.023046,0.0,0.023208,0.022877,0.0,0.0,0.0,0.0,0.0,0.077715,0.0,0.0,0.0,0.047923,0.078093,0.0,0.051552,0.03583,0.012352
2023-11-03,0.060953,0.0,0.041289,0.0,0.0,0.0,0.08153,0.077564,0.0,0.0,0.072321,0.079381,0.024182,0.0,0.032987,0.044043,0.031051,0.0,0.0,0.083618,0.0,0.0,0.0,0.0,0.023045,0.0,0.023213,0.022934,0.0,0.0,0.0,0.0,0.0,0.077474,0.0,0.0,0.0,0.047675,0.078049,0.0,0.051524,0.034943,0.012224
2023-11-06,0.061006,0.0,0.040885,0.0,0.0,0.0,0.082096,0.077881,0.0,0.0,0.072641,0.079421,0.024187,0.0,0.032717,0.043007,0.031067,0.0,0.0,0.082985,0.0,0.0,0.0,0.0,0.02327,0.0,0.023232,0.022851,0.0,0.0,0.0,0.0,0.0,0.077927,0.0,0.0,0.0,0.047703,0.077981,0.0,0.05126,0.035616,0.012268
2023-11-07,0.060971,0.0,0.040443,0.0,0.0,0.0,0.082522,0.077786,0.0,0.0,0.073328,0.079712,0.02411,0.0,0.031938,0.041718,0.030939,0.0,0.0,0.083877,0.0,0.0,0.0,0.0,0.023486,0.0,0.023662,0.02312,0.0,0.0,0.0,0.0,0.0,0.076758,0.0,0.0,0.0,0.047751,0.077861,0.0,0.051348,0.03642,0.01225
2023-11-08,0.060988,0.0,0.039874,0.0,0.0,0.0,0.082058,0.078189,0.0,0.0,0.073314,0.079531,0.024199,0.0,0.031616,0.040923,0.031085,0.0,0.0,0.084042,0.0,0.0,0.0,0.0,0.023677,0.0,0.023881,0.023156,0.0,0.0,0.0,0.0,0.0,0.077294,0.0,0.0,0.0,0.047974,0.078095,0.0,0.051573,0.036248,0.012282
2023-11-09,0.061583,0.0,0.040242,0.0,0.0,0.0,0.08203,0.078066,0.0,0.0,0.072305,0.079905,0.024218,0.0,0.031678,0.040838,0.031173,0.0,0.0,0.0833,0.0,0.0,0.0,0.0,0.023684,0.0,0.023797,0.023181,0.0,0.0,0.0,0.0,0.0,0.077227,0.0,0.0,0.0,0.047808,0.077999,0.0,0.051302,0.03732,0.012344
2023-11-10,0.060555,0.0,0.040191,0.0,0.0,0.0,0.082646,0.078009,0.0,0.0,0.072711,0.080293,0.024227,0.0,0.03168,0.040845,0.03128,0.0,0.0,0.084225,0.0,0.0,0.0,0.0,0.024039,0.0,0.024125,0.023361,0.0,0.0,0.0,0.0,0.0,0.076079,0.0,0.0,0.0,0.047308,0.07753,0.0,0.050968,0.037715,0.012209
2023-11-13,0.061092,0.0,0.040147,0.0,0.0,0.0,0.082418,0.077839,0.0,0.0,0.072978,0.080069,0.024177,0.0,0.031889,0.041145,0.031289,0.0,0.0,0.083774,0.0,0.0,0.0,0.0,0.023884,0.0,0.024135,0.023422,0.0,0.0,0.0,0.0,0.0,0.077138,0.0,0.0,0.0,0.047248,0.07741,0.0,0.050666,0.037073,0.012206
2023-11-14,0.061258,0.0,0.040185,0.0,0.0,0.0,0.083516,0.077531,0.0,0.0,0.074037,0.079861,0.024177,0.0,0.031577,0.041051,0.031325,0.0,0.0,0.087309,0.0,0.0,0.0,0.0,0.02391,0.0,0.024337,0.023711,0.0,0.0,0.0,0.0,0.0,0.075334,0.0,0.0,0.0,0.046752,0.076744,0.0,0.05059,0.034815,0.01198
2023-11-15,0.061354,0.0,0.039802,0.0,0.0,0.0,0.083891,0.077129,0.0,0.0,0.073971,0.080085,0.02426,0.0,0.031452,0.041012,0.031325,0.0,0.0,0.086624,0.0,0.0,0.0,0.0,0.023891,0.0,0.024151,0.023613,0.0,0.0,0.0,0.0,0.0,0.075312,0.0,0.0,0.0,0.046454,0.076339,0.0,0.050171,0.03721,0.011957
2023-11-16,0.061234,0.0,0.040096,0.0,0.0,0.0,0.084398,0.077502,0.0,0.0,0.073501,0.080758,0.024454,0.0,0.03096,0.039986,0.031455,0.0,0.0,0.086935,0.0,0.0,0.0,0.0,0.024105,0.0,0.024256,0.023376,0.0,0.0,0.0,0.0,0.0,0.075033,0.0,0.0,0.0,0.046807,0.076743,0.0,0.050787,0.035607,0.012008
2023-11-17,0.061304,0.0,0.040535,0.0,0.0,0.0,0.083559,0.077264,0.0,0.0,0.073651,0.080374,0.024467,0.0,0.031463,0.040678,0.03151,0.0,0.0,0.087107,0.0,0.0,0.0,0.0,0.023944,0.0,0.024222,0.023528,0.0,0.0,0.0,0.0,0.0,0.074551,0.0,0.0,0.0,0.04664,0.076562,0.0,0.050715,0.035971,0.011957
2023-11-20,0.061267,0.0,0.040267,0.0,0.0,0.0,0.084653,0.07674,0.0,0.0,0.073528,0.080729,0.024398,0.0,0.031294,0.040466,0.031391,0.0,0.0,0.086866,0.0,0.0,0.0,0.0,0.024126,0.0,0.024427,0.023617,0.0,0.0,0.0,0.0,0.0,0.074247,0.0,0.0,0.0,0.046462,0.076125,0.0,0.050688,0.036835,0.011875
2023-11-21,0.061472,0.0,0.040251,0.0,0.0,0.0,0.084054,0.077049,0.0,0.0,0.073619,0.080761,0.024477,0.0,0.031343,0.040256,0.031486,0.0,0.0,0.086214,0.0,0.0,0.0,0.0,0.024022,0.0,0.024511,0.023726,0.0,0.0,0.0,0.0,0.0,0.074664,0.0,0.0,0.0,0.04654,0.076516,0.0,0.050881,0.036234,0.011923
2023-11-22,0.061493,0.0,0.040381,0.0,0.0,0.0,0.083725,0.077071,0.0,0.0,0.073619,0.081177,0.0245,0.0,0.031233,0.040155,0.031459,0.0,0.0,0.086332,0.0,0.0,0.0,0.0,0.024056,0.0,0.024432,0.023635,0.0,0.0,0.0,0.0,0.0,0.074068,0.0,0.0,0.0,0.046444,0.076416,0.0,0.050978,0.036941,0.011887
2023-11-23,0.061607,0.0,0.040376,0.0,0.0,0.0,0.083714,0.077062,0.0,0.0,0.07361,0.081167,0.024497,0.0,0.031229,0.04015,0.031455,0.0,0.0,0.086321,0.0,0.0,0.0,0.0,0.024053,0.0,0.024429,0.023632,0.0,0.0,0.0,0.0,0.0,0.074059,0.0,0.0,0.0,0.046438,0.076407,0.0,0.050972,0.036936,0.011888
2023-11-24,0.061665,0.0,0.040468,0.0,0.0,0.0,0.08377,0.077055,0.0,0.0,0.073706,0.080923,0.024582,0.0,0.03137,0.040347,0.031544,0.0,0.0,0.086662,0.0,0.0,0.0,0.0,0.024015,0.0,0.024517,0.023821,0.0,0.0,0.0,0.0,0.0,0.072978,0.0,0.0,0.0,0.046259,0.076353,0.0,0.050888,0.037183,0.011893
2023-11-27,0.061751,0.0,0.040563,0.0,0.0,0.0,0.083984,0.077127,0.0,0.0,0.074057,0.080675,0.024576,0.0,0.031357,0.040125,0.031465,0.0,0.0,0.086655,0.0,0.0,0.0,0.0,0.024089,0.0,0.024584,0.023906,0.0,0.0,0.0,0.0,0.0,0.072703,0.0,0.0,0.0,0.046557,0.076706,0.0,0.051271,0.035915,0.011934
2023-11-28,0.061618,0.0,0.040333,0.0,0.0,0.0,0.084436,0.077382,0.0,0.0,0.074073,0.080423,0.024433,0.0,0.031192,0.039794,0.031217,0.0,0.0,0.085629,0.0,0.0,0.0,0.0,0.024002,0.0,0.024589,0.023837,0.0,0.0,0.0,0.0,0.0,0.073475,0.0,0.0,0.0,0.046481,0.076618,0.0,0.051251,0.037347,0.011867
2023-11-29,0.061488,0.0,0.040265,0.0,0.0,0.0,0.083559,0.077564,0.0,0.0,0.073818,0.079785,0.024589,0.0,0.030937,0.039615,0.031313,0.0,0.0,0.086334,0.0,0.0,0.0,0.0,0.024002,0.0,0.024966,0.024258,0.0,0.0,0.0,0.0,0.0,0.07389,0.0,0.0,0.0,0.046634,0.076979,0.0,0.05162,0.036525,0.01186
2023-11-30,0.039832,0.0,0.048057,0.0,0.0,0.0,0.074067,0.07415,0.0,0.0,0.028243,0.073834,0.038567,0.027683,0.031906,0.041597,0.0,0.0,0.0,0.0,0.0,0.0,0.0,0.0,0.020743,0.010795,0.020646,0.020983,0.0,0.0,0.0,0.073894,0.0,0.074112,0.0,0.0,0.0,0.073891,0.073861,0.0,0.073751,0.074207,0.005179
2023-12-01,0.039761,0.0,0.048035,0.0,0.0,0.0,0.074216,0.07402,0.0,0.0,0.028345,0.073247,0.038471,0.028556,0.031754,0.041513,0.0,0.0,0.0,0.0,0.0,0.0,0.0,0.0,0.020583,0.010738,0.020726,0.021026,0.0,0.0,0.0,0.074424,0.0,0.072519,0.0,0.0,0.0,0.073531,0.073733,0.0,0.074139,0.075536,0.005128
2023-12-04,0.039543,0.0,0.04733,0.0,0.0,0.0,0.072593,0.07476,0.0,0.0,0.028252,0.072551,0.038448,0.028924,0.031625,0.041035,0.0,0.0,0.0,0.0,0.0,0.0,0.0,0.0,0.020343,0.010623,0.02048,0.021191,0.0,0.0,0.0,0.072853,0.0,0.072425,0.0,0.0,0.0,0.073262,0.073586,0.0,0.073665,0.081379,0.005131
2023-12-05,0.039522,0.0,0.047005,0.0,0.0,0.0,0.072554,0.075206,0.0,0.0,0.028211,0.071985,0.038134,0.028438,0.030972,0.040005,0.0,0.0,0.0,0.0,0.0,0.0,0.0,0.0,0.0204,0.010529,0.020411,0.021032,0.0,0.0,0.0,0.072346,0.0,0.072292,0.0,0.0,0.0,0.073424,0.073419,0.0,0.073855,0.085146,0.005115
2023-12-06,0.039659,0.0,0.047635,0.0,0.0,0.0,0.072549,0.075535,0.0,0.0,0.028334,0.072005,0.038053,0.028514,0.030599,0.039041,0.0,0.0,0.0,0.0,0.0,0.0,0.0,0.0,0.020286,0.010495,0.020259,0.021072,0.0,0.0,0.0,0.072822,0.0,0.070986,0.0,0.0,0.0,0.073713,0.073641,0.0,0.074478,0.085196,0.005129
2023-12-07,0.039604,0.0,0.047856,0.0,0.0,0.0,0.072245,0.075499,0.0,0.0,0.028482,0.073294,0.038119,0.028916,0.030298,0.038903,0.0,0.0,0.0,0.0,0.0,0.0,0.0,0.0,0.020471,0.010744,0.020305,0.021104,0.0,0.0,0.0,0.072724,0.0,0.0712,0.0,0.0,0.0,0.07343,0.073546,0.0,0.074178,0.083964,0.005117
2023-12-08,0.039559,0.0,0.04739,0.0,0.0,0.0,0.0725,0.074968,0.0,0.0,0.028501,0.073352,0.038172,0.029121,0.030507,0.039232,0.0,0.0,0.0,0.0,0.0,0.0,0.0,0.0,0.020565,0.010786,0.020394,0.021184,0.0,0.0,0.0,0.071475,0.0,0.071381,0.0,0.0,0.0,0.073054,0.073115,0.0,0.073635,0.086012,0.005098
2023-12-11,0.039976,0.0,0.04802,0.0,0.0,0.0,0.07285,0.07593,0.0,0.0,0.028792,0.073336,0.038693,0.029326,0.030773,0.039505,0.0,0.0,0.0,0.0,0.0,0.0,0.0,0.0,0.0209,0.011238,0.020757,0.021619,0.0,0.0,0.0,0.071216,0.0,0.071554,0.0,0.0,0.0,0.073449,0.073616,0.0,0.074069,0.079243,0.005138
2023-12-12,0.040102,0.0,0.047938,0.0,0.0,0.0,0.072095,0.075621,0.0,0.0,0.028873,0.073619,0.038958,0.029181,0.030342,0.038649,0.0,0.0,0.0,0.0,0.0,0.0,0.0,0.0,0.021033,0.011316,0.020788,0.021885,0.0,0.0,0.0,0.071157,0.0,0.071995,0.0,0.0,0.0,0.073386,0.073759,0.0,0.074201,0.079966,0.005137
2023-12-13,0.03956,0.0,0.047819,0.0,0.0,0.0,0.073424,0.075212,0.0,0.0,0.028741,0.073015,0.038896,0.030088,0.030228,0.03892,0.0,0.0,0.0,0.0,0.0,0.0,0.0,0.0,0.020848,0.01129,0.020663,0.021733,0.0,0.0,0.0,0.071494,0.0,0.070319,0.0,0.0,0.0,0.073086,0.07358,0.0,0.074116,0.081924,0.005046
2023-12-14,0.039937,0.0,0.047149,0.0,0.0,0.0,0.073607,0.075102,0.0,0.0,0.02885,0.072637,0.038909,0.031105,0.03082,0.039898,0.0,0.0,0.0,0.0,0.0,0.0,0.0,0.0,0.020599,0.011492,0.020192,0.02162,0.0,0.0,0.0,0.071228,0.0,0.070227,0.0,0.0,0.0,0.073185,0.073201,0.0,0.074173,0.081068,0.005
2023-12-15,0.040069,0.0,0.046938,0.0,0.0,0.0,0.072925,0.075339,0.0,0.0,0.029031,0.072757,0.038843,0.030817,0.030785,0.039887,0.0,0.0,0.0,0.0,0.0,0.0,0.0,0.0,0.02079,0.011584,0.020474,0.021984,0.0,0.0,0.0,0.070872,0.0,0.070715,0.0,0.0,0.0,0.073369,0.073347,0.0,0.074384,0.080067,0.005023
2023-12-18,0.039992,0.0,0.046701,0.0,0.0,0.0,0.073956,0.07535,0.0,0.0,0.029119,0.073422,0.03885,0.030501,0.030939,0.040264,0.0,0.0,0.0,0.0,0.0,0.0,0.0,0.0,0.020786,0.011515,0.020565,0.021976,0.0,0.0,0.0,0.070969,0.0,0.070559,0.0,0.0,0.0,0.07292,0.073163,0.0,0.074166,0.079279,0.005008
2023-12-19,0.039977,0.0,0.04655,0.0,0.0,0.0,0.074476,0.075281,0.0,0.0,0.029164,0.073707,0.038897,0.030696,0.031115,0.040505,0.0,0.0,0.0,0.0,0.0,0.0,0.0,0.0,0.020735,0.011504,0.020564,0.022009,0.0,0.0,0.0,0.071007,0.0,0.070285,0.0,0.0,0.0,0.072513,0.072914,0.0,0.073886,0.07924,0.004977
2023-12-20,0.040334,0.0,0.046629,0.0,0.0,0.0,0.073547,0.073739,0.0,0.0,0.028826,0.073633,0.038463,0.030243,0.031035,0.040173,0.0,0.0,0.0,0.0,0.0,0.0,0.0,0.0,0.02056,0.011239,0.020407,0.021763,0.0,0.0,0.0,0.071099,0.0,0.069922,0.0,0.0,0.0,0.073297,0.073418,0.0,0.074395,0.082268,0.00501
2023-12-21,0.03982,0.0,0.047082,0.0,0.0,0.0,0.074179,0.074355,0.0,0.0,0.029043,0.073798,0.038544,0.030306,0.030921,0.040329,0.0,0.0,0.0,0.0,0.0,0.0,0.0,0.0,0.020634,0.011463,0.020529,0.021821,0.0,0.0,0.0,0.071061,0.0,0.069294,0.0,0.0,0.0,0.072621,0.073193,0.0,0.073966,0.082067,0.004975
2023-12-22,0.039886,0.0,0.047147,0.0,0.0,0.0,0.074672,0.07453,0.0,0.0,0.028778,0.073677,0.038558,0.030391,0.030957,0.04035,0.0,0.0,0.0,0.0,0.0,0.0,0.0,0.0,0.020624,0.011479,0.02053,0.021873,0.0,0.0,0.0,0.071248,0.0,0.069503,0.0,0.0,0.0,0.07235,0.072978,0.0,0.073734,0.081768,0.004967
2023-12-26,0.039807,0.0,0.047038,0.0,0.0,0.0,0.075664,0.074643,0.0,0.0,0.028842,0.073814,0.038636,0.030733,0.031161,0.040902,0.0,0.0,0.0,0.0,0.0,0.0,0.0,0.0,0.020669,0.011658,0.020555,0.021939,0.0,0.0,0.0,0.071648,0.0,0.069663,0.0,0.0,0.0,0.072247,0.072974,0.0,0.073852,0.078598,0.004957
2023-12-27,0.039922,0.0,0.047064,0.0,0.0,0.0,0.075547,0.074749,0.0,0.0,0.028799,0.073459,0.038568,0.030554,0.030869,0.040529,0.0,0.0,0.0,0.0,0.0,0.0,0.0,0.0,0.020565,0.011631,0.020437,0.021778,0.0,0.0,0.0,0.071618,0.0,0.069385,0.0,0.0,0.0,0.072217,0.072912,0.0,0.07375,0.080709,0.004935
2023-12-28,0.040106,0.0,0.047511,0.0,0.0,0.0,0.075468,0.075287,0.0,0.0,0.028749,0.073918,0.038816,0.030714,0.030505,0.039988,0.0,0.0,0.0,0.0,0.0,0.0,0.0,0.0,0.020662,0.011649,0.020502,0.021826,0.0,0.0,0.0,0.071451,0.0,0.069794,0.0,0.0,0.0,0.072235,0.072933,0.0,0.073802,0.07913,0.004952
2023-12-29,0.076948,0.0,0.0,0.0,0.0,0.0,0.076614,0.077038,0.0,0.0,0.0,0.076783,0.054772,0.022201,0.0,0.038974,0.040707,0.0,0.033853,0.037983,0.0,0.0,0.0,0.0,0.022656,0.0,0.022695,0.022576,0.0,0.0,0.0,0.048261,0.028532,0.077025,0.0,0.0,0.0,0.0,0.076758,0.0,0.076607,0.077037,0.011981
2024-01-02,0.07625,0.0,0.0,0.0,0.0,0.0,0.0754,0.076898,0.0,0.0,0.0,0.07643,0.055063,0.022311,0.0,0.039312,0.040339,0.0,0.033829,0.037559,0.0,0.0,0.0,0.0,0.022086,0.0,0.022088,0.022024,0.0,0.0,0.0,0.048198,0.028392,0.07692,0.0,0.0,0.0,0.0,0.076581,0.0,0.07593,0.082387,0.012002
2024-01-03,0.076455,0.0,0.0,0.0,0.0,0.0,0.076329,0.077582,0.0,0.0,0.0,0.076948,0.055172,0.021932,0.0,0.040089,0.040158,0.0,0.033817,0.037106,0.0,0.0,0.0,0.0,0.022092,0.0,0.021961,0.021943,0.0,0.0,0.0,0.0483,0.027909,0.077356,0.0,0.0,0.0,0.0,0.077178,0.0,0.076435,0.07911,0.012128
2024-01-04,0.076628,0.0,0.0,0.0,0.0,0.0,0.075423,0.078141,0.0,0.0,0.0,0.076582,0.055314,0.022032,0.0,0.039132,0.040151,0.0,0.033661,0.036864,0.0,0.0,0.0,0.0,0.021899,0.0,0.021874,0.021797,0.0,0.0,0.0,0.04828,0.027896,0.077734,0.0,0.0,0.0,0.0,0.076768,0.0,0.075978,0.081732,0.012111
2024-01-05,0.076424,0.0,0.0,0.0,0.0,0.0,0.076194,0.078173,0.0,0.0,0.0,0.076809,0.055482,0.022229,0.0,0.039234,0.040149,0.0,0.033676,0.037125,0.0,0.0,0.0,0.0,0.021866,0.0,0.021821,0.021737,0.0,0.0,0.0,0.048229,0.028034,0.077115,0.0,0.0,0.0,0.0,0.076734,0.0,0.075652,0.081216,0.012101
2024-01-08,0.075885,0.0,0.0,0.0,0.0,0.0,0.075607,0.077415,0.0,0.0,0.0,0.077246,0.055293,0.022216,0.0,0.038549,0.04002,0.0,0.033492,0.03751,0.0,0.0,0.0,0.0,0.022197,0.0,0.022199,0.021974,0.0,0.0,0.0,0.047387,0.027657,0.076106,0.0,0.0,0.0,0.0,0.076416,0.0,0.075012,0.085837,0.011983
2024-01-09,0.07632,0.0,0.0,0.0,0.0,0.0,0.074754,0.077262,0.0,0.0,0.0,0.077314,0.055105,0.02202,0.0,0.038188,0.040012,0.0,0.033205,0.037486,0.0,0.0,0.0,0.0,0.022298,0.0,0.022354,0.022404,0.0,0.0,0.0,0.047542,0.027568,0.076851,0.0,0.0,0.0,0.0,0.076759,0.0,0.074939,0.085599,0.012019
2024-01-10,0.076438,0.0,0.0,0.0,0.0,0.0,0.074528,0.077616,0.0,0.0,0.0,0.077913,0.055106,0.022039,0.0,0.037628,0.040153,0.0,0.03311,0.03804,0.0,0.0,0.0,0.0,0.022453,0.0,0.022626,0.022713,0.0,0.0,0.0,0.047359,0.027446,0.076583,0.0,0.0,0.0,0.0,0.076779,0.0,0.075356,0.084112,0.012002
2024-01-11,0.075997,0.0,0.0,0.0,0.0,0.0,0.074824,0.0776,0.0,0.0,0.0,0.077579,0.054846,0.021785,0.0,0.037561,0.040019,0.0,0.032977,0.038154,0.0,0.0,0.0,0.0,0.022544,0.0,0.022785,0.022942,0.0,0.0,0.0,0.047404,0.027261,0.076913,0.0,0.0,0.0,0.0,0.076948,0.0,0.075958,0.083913,0.011991
2024-01-12,0.076796,0.0,0.0,0.0,0.0,0.0,0.075305,0.078906,0.0,0.0,0.0,0.07805,0.054808,0.021626,0.0,0.0381,0.040062,0.0,0.033047,0.037821,0.0,0.0,0.0,0.0,0.022643,0.0,0.02288,0.023119,0.0,0.0,0.0,0.047924,0.027777,0.076593,0.0,0.0,0.0,0.0,0.077117,0.0,0.076184,0.079232,0.01201
2024-01-15,0.076718,0.0,0.0,0.0,0.0,0.0,0.075311,0.078912,0.0,0.0,0.0,0.078057,0.054812,0.021628,0.0,0.038103,0.040066,0.0,0.03305,0.037824,0.0,0.0,0.0,0.0,0.022645,0.0,0.022882,0.023121,0.0,0.0,0.0,0.047928,0.02778,0.076599,0.0,0.0,0.0,0.0,0.077123,0.0,0.07619,0.079239,0.012011
2024-01-16,0.077137,0.0,0.0,0.0,0.0,0.0,0.073959,0.078689,0.0,0.0,0.0,0.07827,0.054895,0.02149,0.0,0.037245,0.039998,0.0,0.032947,0.037915,0.0,0.0,0.0,0.0,0.022894,0.0,0.023069,0.023224,0.0,0.0,0.0,0.047876,0.027711,0.077811,0.0,0.0,0.0,0.0,0.077286,0.0,0.076124,0.079341,0.012116
2024-01-17,0.076904,0.0,0.0,0.0,0.0,0.0,0.074065,0.078361,0.0,0.0,0.0,0.07837,0.0552,0.021557,0.0,0.037095,0.040024,0.0,0.032951,0.03797,0.0,0.0,0.0,0.0,0.022951,0.0,0.023141,0.023188,0.0,0.0,0.0,0.047701,0.027505,0.077825,0.0,0.0,0.0,0.0,0.07753,0.0,0.076403,0.079054,0.012205
2024-01-18,0.077214,0.0,0.0,0.0,0.0,0.0,0.073224,0.078649,0.0,0.0,0.0,0.079213,0.05521,0.021639,0.0,0.037044,0.040507,0.0,0.033008,0.038393,0.0,0.0,0.0,0.0,0.023383,0.0,0.023343,0.023436,0.0,0.0,0.0,0.048025,0.027678,0.078618,0.0,0.0,0.0,0.0,0.077579,0.0,0.076372,0.075275,0.01219
2024-01-19,0.07703,0.0,0.0,0.0,0.0,0.0,0.072756,0.078838,0.0,0.0,0.0,0.079651,0.055654,0.021993,0.0,0.036832,0.040449,0.0,0.032779,0.038514,0.0,0.0,0.0,0.0,0.023733,0.0,0.023577,0.023462,0.0,0.0,0.0,0.047788,0.027275,0.078595,0.0,0.0,0.0,0.0,0.077096,0.0,0.075803,0.076082,0.012097
2024-01-22,0.077937,0.0,0.0,0.0,0.0,0.0,0.071414,0.079154,0.0,0.0,0.0,0.079841,0.055939,0.022351,0.0,0.037015,0.040777,0.0,0.032887,0.039259,0.0,0.0,0.0,0.0,0.023846,0.0,0.023801,0.023872,0.0,0.0,0.0,0.047625,0.026691,0.078961,0.0,0.0,0.0,0.0,0.077185,0.0,0.075883,0.073458,0.012102
2024-01-23,0.077837,0.0,0.0,0.0,0.0,0.0,0.072917,0.07761,0.0,0.0,0.0,0.080826,0.056164,0.02222,0.0,0.037157,0.040844,0.0,0.033075,0.037447,0.0,0.0,0.0,0.0,0.024001,0.0,0.023906,0.023901,0.0,0.0,0.0,0.047927,0.027166,0.080054,0.0,0.0,0.0,0.0,0.077283,0.0,0.075678,0.071853,0.012133
2024-01-24,0.078523,0.0,0.0,0.0,0.0,0.0,0.072691,0.07822,0.0,0.0,0.0,0.0811,0.056227,0.022377,0.0,0.037532,0.040479,0.0,0.032537,0.03668,0.0,0.0,0.0,0.0,0.024098,0.0,0.023831,0.023792,0.0,0.0,0.0,0.047399,0.027328,0.080429,0.0,0.0,0.0,0.0,0.077028,0.0,0.075258,0.072372,0.0121
2024-01-25,0.077915,0.0,0.0,0.0,0.0,0.0,0.072841,0.077624,0.0,0.0,0.0,0.081943,0.056179,0.022189,0.0,0.037968,0.04063,0.0,0.032689,0.037271,0.0,0.0,0.0,0.0,0.024059,0.0,0.023759,0.023633,0.0,0.0,0.0,0.047312,0.027471,0.079592,0.0,0.0,0.0,0.0,0.077167,0.0,0.075357,0.072367,0.012034
2024-01-26,0.077817,0.0,0.0,0.0,0.0,0.0,0.072834,0.077325,0.0,0.0,0.0,0.081756,0.056074,0.022178,0.0,0.038012,0.040344,0.0,0.032522,0.037041,0.0,0.0,0.0,0.0,0.023652,0.0,0.023588,0.023558,0.0,0.0,0.0,0.04702,0.027216,0.07934,0.0,0.0,0.0,0.0,0.076685,0.0,0.075055,0.076014,0.01197
2024-01-29,0.077176,0.0,0.0,0.0,0.0,0.0,0.071847,0.078063,0.0,0.0,0.0,0.081912,0.055858,0.022318,0.0,0.037799,0.040346,0.0,0.032474,0.03718,0.0,0.0,0.0,0.0,0.023715,0.0,0.023902,0.023759,0.0,0.0,0.0,0.047048,0.027496,0.078464,0.0,0.0,0.0,0.0,0.07636,0.0,0.074854,0.077536,0.011894
2024-01-30,0.077493,0.0,0.0,0.0,0.0,0.0,0.071122,0.077193,0.0,0.0,0.0,0.081199,0.056454,0.022284,0.0,0.038397,0.040282,0.0,0.032559,0.037307,0.0,0.0,0.0,0.0,0.023474,0.0,0.023748,0.023651,0.0,0.0,0.0,0.047021,0.027416,0.079484,0.0,0.0,0.0,0.0,0.076113,0.0,0.074878,0.078053,0.011872
2024-01-31,0.086001,0.0,0.0,0.016816,0.015187,0.0,0.103242,0.057655,0.030956,0.01392,0.0,0.079998,0.051486,0.051437,0.0,0.0,0.0,0.0,0.042116,0.103081,0.0,0.0,0.0,0.0,0.0,0.013113,0.039489,0.039844,0.0,0.036079,0.0,0.070553,0.0,0.0,0.0,0.0,0.0,0.0,0.030944,0.0,0.0,0.103323,0.01476
2024-02-01,0.08499,0.0,0.0,0.016458,0.015076,0.0,0.103523,0.057559,0.030908,0.014228,0.0,0.08014,0.051132,0.049911,0.0,0.0,0.0,0.0,0.042457,0.104533,0.0,0.0,0.0,0.0,0.0,0.013067,0.039702,0.040104,0.0,0.036423,0.0,0.070686,0.0,0.0,0.0,0.0,0.0,0.0,0.03086,0.0,0.0,0.103601,0.014641
2024-02-02,0.085687,0.0,0.0,0.016592,0.015009,0.0,0.101435,0.05764,0.030722,0.014509,0.0,0.083229,0.051262,0.050048,0.0,0.0,0.0,0.0,0.042142,0.104216,0.0,0.0,0.0,0.0,0.0,0.013213,0.039932,0.040013,0.0,0.035915,0.0,0.069908,0.0,0.0,0.0,0.0,0.0,0.0,0.030673,0.0,0.0,0.103235,0.01462
2024-02-05,0.086113,0.0,0.0,0.01662,0.015153,0.0,0.102368,0.05784,0.031051,0.014526,0.0,0.082788,0.051412,0.049724,0.0,0.0,0.0,0.0,0.041436,0.10371,0.0,0.0,0.0,0.0,0.0,0.013513,0.040031,0.039933,0.0,0.035473,0.0,0.07014,0.0,0.0,0.0,0.0,0.0,0.0,0.030801,0.0,0.0,0.102617,0.014751
2024-02-06,0.08578,0.0,0.0,0.016606,0.015425,0.0,0.104267,0.058135,0.031381,0.014419,0.0,0.081862,0.051098,0.048977,0.0,0.0,0.0,0.0,0.041824,0.102915,0.0,0.0,0.0,0.0,0.0,0.013246,0.039637,0.03989,0.0,0.035657,0.0,0.069931,0.0,0.0,0.0,0.0,0.0,0.0,0.030661,0.0,0.0,0.103658,0.014632
2024-02-07,0.085657,0.0,0.0,0.016471,0.015296,0.0,0.102991,0.057842,0.031373,0.014568,0.0,0.081688,0.051109,0.048602,0.0,0.0,0.0,0.0,0.041855,0.103553,0.0,0.0,0.0,0.0,0.0,0.013352,0.039981,0.040299,0.0,0.035349,0.0,0.069409,0.0,0.0,0.0,0.0,0.0,0.0,0.030491,0.0,0.0,0.105583,0.01453
2024-02-08,0.085397,0.0,0.0,0.016471,0.015197,0.0,0.100544,0.0572,0.031618,0.014518,0.0,0.081715,0.050736,0.04858,0.0,0.0,0.0,0.0,0.041655,0.104185,0.0,0.0,0.0,0.0,0.0,0.013534,0.040252,0.040545,0.0,0.035514,0.0,0.069106,0.0,0.0,0.0,0.0,0.0,0.0,0.03037,0.0,0.0,0.108381,0.014483
2024-02-09,0.084932,0.0,0.0,0.016389,0.015047,0.0,0.100337,0.056947,0.03145,0.01448,0.0,0.081093,0.050435,0.048781,0.0,0.0,0.0,0.0,0.041381,0.103355,0.0,0.0,0.0,0.0,0.0,0.013683,0.04034,0.041115,0.0,0.035258,0.0,0.068237,0.0,0.0,0.0,0.0,0.0,0.0,0.030167,0.0,0.0,0.112214,0.014358
2024-02-12,0.084657,0.0,0.0,0.01653,0.015134,0.0,0.100102,0.055829,0.031215,0.014495,0.0,0.080451,0.050108,0.049047,0.0,0.0,0.0,0.0,0.041249,0.104491,0.0,0.0,0.0,0.0,0.0,0.013508,0.039479,0.040276,0.0,0.034876,0.0,0.067307,0.0,0.0,0.0,0.0,0.0,0.0,0.029768,0.0,0.0,0.117276,0.0142
2024-02-13,0.085039,0.0,0.0,0.016579,0.01511,0.0,0.099212,0.05661,0.030985,0.01439,0.0,0.080925,0.050434,0.048252,0.0,0.0,0.0,0.0,0.041493,0.10276,0.0,0.0,0.0,0.0,0.0,0.013499,0.039383,0.040441,0.0,0.03485,0.0,0.067725,0.0,0.0,0.0,0.0,0.0,0.0,0.030128,0.0,0.0,0.117696,0.01449
2024-02-14,0.083942,0.0,0.0,0.016341,0.015052,0.0,0.098517,0.056667,0.030985,0.014428,0.0,0.080939,0.050124,0.048411,0.0,0.0,0.0,0.0,0.04111,0.103172,0.0,0.0,0.0,0.0,0.0,0.013589,0.039539,0.040475,0.0,0.034578,0.0,0.066633,0.0,0.0,0.0,0.0,0.0,0.0,0.029776,0.0,0.0,0.121454,0.014268
2024-02-15,0.08392,0.0,0.0,0.016435,0.014982,0.0,0.098539,0.056547,0.030803,0.014303,0.0,0.080996,0.050606,0.04934,0.0,0.0,0.0,0.0,0.041576,0.103041,0.0,0.0,0.0,0.0,0.0,0.013475,0.039189,0.040162,0.0,0.035122,0.0,0.066585,0.0,0.0,0.0,0.0,0.0,0.0,0.029659,0.0,0.0,0.120555,0.014165
2024-02-16,0.084709,0.0,0.0,0.016557,0.015154,0.0,0.099779,0.056856,0.030705,0.014438,0.0,0.079981,0.050584,0.049052,0.0,0.0,0.0,0.0,0.041927,0.101479,0.0,0.0,0.0,0.0,0.0,0.013441,0.038613,0.039771,0.0,0.034867,0.0,0.067036,0.0,0.0,0.0,0.0,0.0,0.0,0.029663,0.0,0.0,0.121176,0.014211
2024-02-19,0.084514,0.0,0.0,0.016481,0.015122,0.0,0.099814,0.056875,0.030716,0.014443,0.0,0.080009,0.050602,0.049068,0.0,0.0,0.0,0.0,0.041941,0.101514,0.0,0.0,0.0,0.0,0.0,0.013445,0.038626,0.039785,0.0,0.034879,0.0,0.067059,0.0,0.0,0.0,0.0,0.0,0.0,0.029673,0.0,0.0,0.121218,0.014218
2024-02-20,0.083989,0.0,0.0,0.016326,0.015136,0.0,0.101491,0.057235,0.030921,0.014457,0.0,0.079832,0.050426,0.048714,0.0,0.0,0.0,0.0,0.041823,0.101512,0.0,0.0,0.0,0.0,0.0,0.01321,0.038122,0.03929,0.0,0.034793,0.0,0.067419,0.0,0.0,0.0,0.0,0.0,0.0,0.029714,0.0,0.0,0.121379,0.014209
2024-02-21,0.084366,0.0,0.0,0.016366,0.015263,0.0,0.102088,0.057148,0.030808,0.014542,0.0,0.080209,0.050877,0.04879,0.0,0.0,0.0,0.0,0.042302,0.102707,0.0,0.0,0.0,0.0,0.0,0.013257,0.037271,0.037545,0.0,0.035193,0.0,0.067819,0.0,0.0,0.0,0.0,0.0,0.0,0.029834,0.0,0.0,0.11932,0.014296
2024-02-22,0.084805,0.0,0.0,0.016318,0.015208,0.0,0.100317,0.057099,0.030911,0.014561,0.0,0.080477,0.050876,0.04834,0.0,0.0,0.0,0.0,0.042237,0.103182,0.0,0.0,0.0,0.0,0.0,0.013751,0.037785,0.038043,0.0,0.034854,0.0,0.067069,0.0,0.0,0.0,0.0,0.0,0.0,0.029634,0.0,0.0,0.120398,0.014134
2024-02-23,0.085264,0.0,0.0,0.01636,0.015224,0.0,0.099308,0.057233,0.030763,0.014582,0.0,0.080356,0.051181,0.048421,0.0,0.0,0.0,0.0,0.042529,0.104212,0.0,0.0,0.0,0.0,0.0,0.013616,0.038026,0.038395,0.0,0.034873,0.0,0.067515,0.0,0.0,0.0,0.0,0.0,0.0,0.029683,0.0,0.0,0.118313,0.014147
2024-02-26,0.084637,0.0,0.0,0.016237,0.015073,0.0,0.099207,0.05662,0.030568,0.01428,0.0,0.078702,0.050616,0.04771,0.0,0.0,0.0,0.0,0.042016,0.103575,0.0,0.0,0.0,0.0,0.0,0.013666,0.038158,0.038609,0.0,0.03428,0.0,0.066953,0.0,0.0,0.0,0.0,0.0,0.0,0.029406,0.0,0.0,0.125624,0.014063
2024-02-27,0.083738,0.0,0.0,0.016201,0.014974,0.0,0.100568,0.056142,0.030099,0.014012,0.0,0.078567,0.050258,0.047762,0.0,0.0,0.0,0.0,0.041759,0.103037,0.0,0.0,0.0,0.0,0.0,0.013519,0.037806,0.03842,0.0,0.033985,0.0,0.066227,0.0,0.0,0.0,0.0,0.0,0.0,0.029156,0.0,0.0,0.129843,0.013928
2024-02-28,0.083322,0.0,0.0,0.016129,0.014709,0.0,0.098068,0.055327,0.029812,0.014079,0.0,0.077757,0.050268,0.04726,0.0,0.0,0.0,0.0,0.041742,0.102511,0.0,0.0,0.0,0.0,0.0,0.01332,0.037609,0.038144,0.0,0.034208,0.0,0.066114,0.0,0.0,0.0,0.0,0.0,0.0,0.02905,0.0,0.0,0.13669,0.013881
2024-02-29,0.075998,0.0,0.076045,0.0,0.0,0.0,0.041069,0.075866,0.0,0.0,0.0,0.075835,0.075967,0.0,0.0,0.0,0.0,0.0,0.0,0.032032,0.07594,0.0,0.0,0.0,0.021308,0.010853,0.02233,0.020626,0.0,0.0,0.0,0.070691,0.0,0.041264,0.0,0.0,0.029716,0.045818,0.037904,0.037741,0.052315,0.076134,0.004548
2024-03-01,0.075914,0.0,0.076608,0.0,0.0,0.0,0.040895,0.076229,0.0,0.0,0.0,0.075707,0.07512,0.0,0.0,0.0,0.0,0.0,0.0,0.032225,0.075975,0.0,0.0,0.0,0.021482,0.011203,0.022329,0.020467,0.0,0.0,0.0,0.071313,0.0,0.040891,0.0,0.0,0.029556,0.045534,0.037668,0.037594,0.052099,0.07669,0.004503
2024-03-04,0.075703,0.0,0.075744,0.0,0.0,0.0,0.040414,0.075797,0.0,0.0,0.0,0.074305,0.074894,0.0,0.0,0.0,0.0,0.0,0.0,0.031929,0.075446,0.0,0.0,0.0,0.021364,0.011251,0.022114,0.020351,0.0,0.0,0.0,0.07207,0.0,0.041125,0.0,0.0,0.029329,0.045246,0.037452,0.037319,0.051768,0.081898,0.004479
2024-03-05,0.076017,0.0,0.076966,0.0,0.0,0.0,0.040671,0.076323,0.0,0.0,0.0,0.074487,0.07571,0.0,0.0,0.0,0.0,0.0,0.0,0.031902,0.075679,0.0,0.0,0.0,0.021061,0.011148,0.021495,0.020077,0.0,0.0,0.0,0.073275,0.0,0.041082,0.0,0.0,0.029823,0.045937,0.037821,0.037923,0.052431,0.075646,0.004527
2024-03-06,0.075581,0.0,0.077166,0.0,0.0,0.0,0.040532,0.075943,0.0,0.0,0.0,0.073664,0.075157,0.0,0.0,0.0,0.0,0.0,0.0,0.031791,0.075248,0.0,0.0,0.0,0.020964,0.01128,0.021526,0.020056,0.0,0.0,0.0,0.072958,0.0,0.040863,0.0,0.0,0.029524,0.045383,0.037443,0.037551,0.051972,0.080927,0.004472
2024-03-07,0.075761,0.0,0.076705,0.0,0.0,0.0,0.040246,0.075782,0.0,0.0,0.0,0.074441,0.074629,0.0,0.0,0.0,0.0,0.0,0.0,0.032114,0.075179,0.0,0.0,0.0,0.021177,0.011602,0.02166,0.020213,0.0,0.0,0.0,0.072965,0.0,0.040818,0.0,0.0,0.029409,0.045106,0.037279,0.037436,0.051823,0.081208,0.004447
2024-03-08,0.075838,0.0,0.076532,0.0,0.0,0.0,0.039309,0.075766,0.0,0.0,0.0,0.074327,0.074757,0.0,0.0,0.0,0.0,0.0,0.0,0.031846,0.075039,0.0,0.0,0.0,0.020861,0.011132,0.021538,0.02001,0.0,0.0,0.0,0.073581,0.0,0.040781,0.0,0.0,0.02943,0.045142,0.037288,0.037487,0.05188,0.083008,0.004448
2024-03-11,0.075172,0.0,0.074791,0.0,0.0,0.0,0.039032,0.075173,0.0,0.0,0.0,0.074146,0.074844,0.0,0.0,0.0,0.0,0.0,0.0,0.031582,0.074957,0.0,0.0,0.0,0.020792,0.010978,0.021584,0.020052,0.0,0.0,0.0,0.073675,0.0,0.041322,0.0,0.0,0.029377,0.045038,0.037262,0.037473,0.05177,0.086536,0.004446
2024-03-12,0.07557,0.0,0.075014,0.0,0.0,0.0,0.039457,0.074684,0.0,0.0,0.0,0.074615,0.074971,0.0,0.0,0.0,0.0,0.0,0.0,0.031866,0.075119,0.0,0.0,0.0,0.021166,0.011178,0.022004,0.020148,0.0,0.0,0.0,0.072689,0.0,0.041691,0.0,0.0,0.029184,0.044839,0.037204,0.03726,0.051572,0.085333,0.004436
2024-03-13,0.075737,0.0,0.074334,0.0,0.0,0.0,0.0396,0.072838,0.0,0.0,0.0,0.074718,0.075494,0.0,0.0,0.0,0.0,0.0,0.0,0.032045,0.074801,0.0,0.0,0.0,0.02093,0.010902,0.021837,0.020124,0.0,0.0,0.0,0.073172,0.0,0.041604,0.0,0.0,0.029109,0.04476,0.037205,0.037209,0.051606,0.08754,0.004434
2024-03-14,0.07611,0.0,0.074703,0.0,0.0,0.0,0.039633,0.073937,0.0,0.0,0.0,0.075248,0.075599,0.0,0.0,0.0,0.0,0.0,0.0,0.031327,0.075242,0.0,0.0,0.0,0.021133,0.010817,0.021934,0.02004,0.0,0.0,0.0,0.073557,0.0,0.042236,0.0,0.0,0.029167,0.04491,0.037378,0.037285,0.051832,0.083433,0.004478
2024-03-15,0.075807,0.0,0.075453,0.0,0.0,0.0,0.039358,0.073854,0.0,0.0,0.0,0.074693,0.075724,0.0,0.0,0.0,0.0,0.0,0.0,0.031644,0.075141,0.0,0.0,0.0,0.020869,0.010768,0.021375,0.019783,0.0,0.0,0.0,0.073516,0.0,0.043264,0.0,0.0,0.029195,0.044999,0.037452,0.037394,0.051805,0.083416,0.00449
2024-03-18,0.076275,0.0,0.076503,0.0,0.0,0.0,0.039172,0.073999,0.0,0.0,0.0,0.076105,0.076037,0.0,0.0,0.0,0.0,0.0,0.0,0.031494,0.075012,0.0,0.0,0.0,0.020938,0.010742,0.021584,0.019706,0.0,0.0,0.0,0.073516,0.0,0.043433,0.0,0.0,0.029114,0.044885,0.03748,0.037272,0.051751,0.080496,0.004484
2024-03-19,0.076437,0.0,0.076926,0.0,0.0,0.0,0.03935,0.073307,0.0,0.0,0.0,0.076207,0.07654,0.0,0.0,0.0,0.0,0.0,0.0,0.032177,0.075638,0.0,0.0,0.0,0.021082,0.010671,0.021779,0.019676,0.0,0.0,0.0,0.073557,0.0,0.043196,0.0,0.0,0.029248,0.045025,0.037695,0.037443,0.05208,0.077474,0.004493
2024-03-20,0.075895,0.0,0.076822,0.0,0.0,0.0,0.039894,0.07305,0.0,0.0,0.0,0.076408,0.076753,0.0,0.0,0.0,0.0,0.0,0.0,0.032554,0.074786,0.0,0.0,0.0,0.021126,0.010754,0.02179,0.019785,0.0,0.0,0.0,0.073761,0.0,0.043242,0.0,0.0,0.029051,0.044794,0.03748,0.037174,0.051854,0.078575,0.004452
2024-03-21,0.076799,0.0,0.076991,0.0,0.0,0.0,0.039454,0.073003,0.0,0.0,0.0,0.07622,0.077162,0.0,0.0,0.0,0.0,0.0,0.0,0.033068,0.074672,0.0,0.0,0.0,0.021081,0.010965,0.021883,0.0198,0.0,0.0,0.0,0.073476,0.0,0.043355,0.0,0.0,0.028972,0.044747,0.037354,0.037123,0.051887,0.077546,0.004441
2024-03-22,0.076677,0.0,0.077257,0.0,0.0,0.0,0.039085,0.073207,0.0,0.0,0.0,0.076653,0.076553,0.0,0.0,0.0,0.0,0.0,0.0,0.033091,0.074837,0.0,0.0,0.0,0.021164,0.011018,0.021817,0.019721,0.0,0.0,0.0,0.073149,0.0,0.043802,0.0,0.0,0.029219,0.045063,0.03745,0.037384,0.052242,0.076153,0.004458
2024-03-25,0.076051,0.0,0.075795,0.0,0.0,0.0,0.038938,0.072733,0.0,0.0,0.0,0.075821,0.075688,0.0,0.0,0.0,0.0,0.0,0.0,0.032625,0.074177,0.0,0.0,0.0,0.020867,0.010893,0.021579,0.019483,0.0,0.0,0.0,0.072835,0.0,0.044486,0.0,0.0,0.028924,0.044586,0.037113,0.036979,0.051812,0.084191,0.004424
2024-03-26,0.07624,0.0,0.076207,0.0,0.0,0.0,0.038992,0.073127,0.0,0.0,0.0,0.075744,0.076026,0.0,0.0,0.0,0.0,0.0,0.0,0.032547,0.074527,0.0,0.0,0.0,0.020803,0.010822,0.021642,0.019525,0.0,0.0,0.0,0.073148,0.0,0.044317,0.0,0.0,0.028998,0.044646,0.03711,0.037008,0.051862,0.082282,0.004429
2024-03-27,0.075816,0.0,0.076197,0.0,0.0,0.0,0.039119,0.073275,0.0,0.0,0.0,0.075796,0.076583,0.0,0.0,0.0,0.0,0.0,0.0,0.032928,0.075182,0.0,0.0,0.0,0.020816,0.01091,0.02143,0.019396,0.0,0.0,0.0,0.07335,0.0,0.044389,0.0,0.0,0.028979,0.044584,0.03714,0.037099,0.051844,0.080754,0.004411
2024-03-28,0.081219,0.026161,0.05687,0.0,0.0,0.0,0.064127,0.082373,0.0,0.0,0.0,0.077255,0.087581,0.0,0.0,0.0,0.057444,0.030189,0.0,0.028981,0.050467,0.036805,0.024706,0.0,0.025682,0.029889,0.0,0.031339,0.0,0.0,0.0,0.0,0.0,0.0,0.0,0.0,0.0,0.0,0.070409,0.012699,0.033751,0.087723,0.004331
2024-04-01,0.081716,0.026274,0.05636,0.0,0.0,0.0,0.063345,0.082716,0.0,0.0,0.0,0.078327,0.087636,0.0,0.0,0.0,0.057351,0.030085,0.0,0.028703,0.050343,0.036624,0.024659,0.0,0.025912,0.030388,0.0,0.031386,0.0,0.0,0.0,0.0,0.0,0.0,0.0,0.0,0.0,0.0,0.070551,0.012654,0.033811,0.086801,0.004358
2024-04-02,0.081702,0.026336,0.056693,0.0,0.0,0.0,0.06441,0.083763,0.0,0.0,0.0,0.079071,0.088142,0.0,0.0,0.0,0.057717,0.030153,0.0,0.028194,0.050109,0.03578,0.024804,0.0,0.025947,0.030252,0.0,0.031525,0.0,0.0,0.0,0.0,0.0,0.0,0.0,0.0,0.0,0.0,0.071213,0.012775,0.034201,0.082808,0.004406
2024-04-03,0.081991,0.026447,0.056922,0.0,0.0,0.0,0.06439,0.083707,0.0,0.0,0.0,0.079473,0.087853,0.0,0.0,0.0,0.057852,0.030159,0.0,0.028427,0.049913,0.035821,0.024462,0.0,0.025943,0.030251,0.0,0.031481,0.0,0.0,0.0,0.0,0.0,0.0,0.0,0.0,0.0,0.0,0.071069,0.012748,0.034178,0.082519,0.004395
2024-04-04,0.082669,0.026347,0.056556,0.0,0.0,0.0,0.064646,0.083861,0.0,0.0,0.0,0.07871,0.087208,0.0,0.0,0.0,0.057571,0.029878,0.0,0.028127,0.049388,0.035351,0.024454,0.0,0.025634,0.029512,0.0,0.031148,0.0,0.0,0.0,0.0,0.0,0.0,0.0,0.0,0.0,0.0,0.071296,0.012813,0.034299,0.086117,0.004413
2024-04-05,0.081564,0.026336,0.056551,0.0,0.0,0.0,0.063893,0.084343,0.0,0.0,0.0,0.079275,0.087773,0.0,0.0,0.0,0.058197,0.030172,0.0,0.028438,0.049683,0.035519,0.024421,0.0,0.025851,0.029774,0.0,0.031445,0.0,0.0,0.0,0.0,0.0,0.0,0.0,0.0,0.0,0.0,0.07102,0.012719,0.034251,0.084375,0.004401
2024-04-08,0.081239,0.026244,0.056348,0.0,0.0,0.0,0.06476,0.0842,0.0,0.0,0.0,0.078606,0.087399,0.0,0.0,0.0,0.057599,0.029798,0.0,0.028089,0.049099,0.035301,0.024176,0.0,0.025601,0.029595,0.0,0.03116,0.0,0.0,0.0,0.0,0.0,0.0,0.0,0.0,0.0,0.0,0.070578,0.012609,0.03397,0.089266,0.004364
2024-04-09,0.080864,0.026226,0.056636,0.0,0.0,0.0,0.065789,0.084383,0.0,0.0,0.0,0.078803,0.087019,0.0,0.0,0.0,0.057546,0.029944,0.0,0.028212,0.049344,0.035835,0.024328,0.0,0.025766,0.029956,0.0,0.031428,0.0,0.0,0.0,0.0,0.0,0.0,0.0,0.0,0.0,0.0,0.070824,0.012692,0.034246,0.085787,0.004372
2024-04-10,0.081255,0.026197,0.056357,0.0,0.0,0.0,0.064668,0.084972,0.0,0.0,0.0,0.07903,0.086649,0.0,0.0,0.0,0.057673,0.029635,0.0,0.027178,0.049294,0.035556,0.024503,0.0,0.025726,0.029728,0.0,0.031389,0.0,0.0,0.0,0.0,0.0,0.0,0.0,0.0,0.0,0.0,0.070961,0.012647,0.034071,0.088094,0.004418
2024-04-11,0.080897,0.026136,0.056684,0.0,0.0,0.0,0.063953,0.084932,0.0,0.0,0.0,0.079488,0.085779,0.0,0.0,0.0,0.057567,0.029895,0.0,0.027347,0.048947,0.035975,0.024371,0.0,0.026162,0.030309,0.0,0.031606,0.0,0.0,0.0,0.0,0.0,0.0,0.0,0.0,0.0,0.0,0.070686,0.012583,0.03387,0.088405,0.004407
2024-04-12,0.082117,0.026105,0.056844,0.0,0.0,0.0,0.063875,0.085198,0.0,0.0,0.0,0.079458,0.086021,0.0,0.0,0.0,0.057881,0.029941,0.0,0.027729,0.049006,0.035309,0.024518,0.0,0.026159,0.029793,0.0,0.03148,0.0,0.0,0.0,0.0,0.0,0.0,0.0,0.0,0.0,0.0,0.071803,0.012818,0.034326,0.085139,0.00448
2024-04-15,0.082954,0.026405,0.057343,0.0,0.0,0.0,0.063755,0.085623,0.0,0.0,0.0,0.079474,0.086707,0.0,0.0,0.0,0.058215,0.030062,0.0,0.027627,0.049544,0.035038,0.024736,0.0,0.025997,0.0298,0.0,0.031117,0.0,0.0,0.0,0.0,0.0,0.0,0.0,0.0,0.0,0.0,0.07232,0.012842,0.034369,0.081535,0.004538
2024-04-16,0.082129,0.026373,0.056931,0.0,0.0,0.0,0.062672,0.086026,0.0,0.0,0.0,0.07975,0.08671,0.0,0.0,0.0,0.05848,0.030096,0.0,0.027313,0.049902,0.034976,0.024916,0.0,0.026207,0.030231,0.0,0.031313,0.0,0.0,0.0,0.0,0.0,0.0,0.0,0.0,0.0,0.0,0.072576,0.012887,0.034498,0.081442,0.004571
2024-04-17,0.082261,0.026612,0.056644,0.0,0.0,0.0,0.063214,0.086207,0.0,0.0,0.0,0.08013,0.08742,0.0,0.0,0.0,0.058506,0.029948,0.0,0.027294,0.050097,0.034779,0.025149,0.0,0.025974,0.02948,0.0,0.031154,0.0,0.0,0.0,0.0,0.0,0.0,0.0,0.0,0.0,0.0,0.073082,0.01303,0.034965,0.079456,0.004597
2024-04-18,0.082406,0.026477,0.056318,0.0,0.0,0.0,0.062913,0.086136,0.0,0.0,0.0,0.080297,0.087484,0.0,0.0,0.0,0.058141,0.029815,0.0,0.027237,0.049954,0.034203,0.025196,0.0,0.025606,0.028877,0.0,0.031015,0.0,0.0,0.0,0.0,0.0,0.0,0.0,0.0,0.0,0.0,0.072937,0.012968,0.03484,0.082596,0.004585
2024-04-19,0.081594,0.026533,0.05596,0.0,0.0,0.0,0.064205,0.086542,0.0,0.0,0.0,0.079388,0.088659,0.0,0.0,0.0,0.058013,0.029822,0.0,0.027058,0.050123,0.033924,0.025432,0.0,0.025069,0.027715,0.0,0.030886,0.0,0.0,0.0,0.0,0.0,0.0,0.0,0.0,0.0,0.0,0.073044,0.012976,0.034926,0.083546,0.004584
2024-04-22,0.080813,0.026569,0.055986,0.0,0.0,0.0,0.064142,0.08664,0.0,0.0,0.0,0.078729,0.088867,0.0,0.0,0.0,0.057886,0.029825,0.0,0.027008,0.049827,0.033969,0.025426,0.0,0.025049,0.027899,0.0,0.030953,0.0,0.0,0.0,0.0,0.0,0.0,0.0,0.0,0.0,0.0,0.072737,0.012883,0.034774,0.085476,0.004541
2024-04-23,0.081418,0.026701,0.055607,0.0,0.0,0.0,0.063875,0.086061,0.0,0.0,0.0,0.079209,0.08863,0.0,0.0,0.0,0.058166,0.029966,0.0,0.0275,0.050025,0.034042,0.025269,0.0,0.025192,0.028226,0.0,0.031286,0.0,0.0,0.0,0.0,0.0,0.0,0.0,0.0,0.0,0.0,0.072377,0.012789,0.034509,0.084651,0.004501
2024-04-24,0.081804,0.026716,0.056141,0.0,0.0,0.0,0.06386,0.086514,0.0,0.0,0.0,0.079675,0.089075,0.0,0.0,0.0,0.058006,0.0294,0.0,0.027316,0.050131,0.033919,0.025594,0.0,0.02544,0.028742,0.0,0.031601,0.0,0.0,0.0,0.0,0.0,0.0,0.0,0.0,0.0,0.0,0.072597,0.012806,0.034443,0.081694,0.004524
2024-04-25,0.081338,0.02679,0.055524,0.0,0.0,0.0,0.063783,0.087382,0.0,0.0,0.0,0.077192,0.088964,0.0,0.0,0.0,0.058451,0.029918,0.0,0.027356,0.050027,0.033377,0.025651,0.0,0.025502,0.029411,0.0,0.031514,0.0,0.0,0.0,0.0,0.0,0.0,0.0,0.0,0.0,0.0,0.07278,0.012828,0.034503,0.083162,0.004546
2024-04-26,0.082038,0.026828,0.055657,0.0,0.0,0.0,0.064894,0.086896,0.0,0.0,0.0,0.078835,0.08829,0.0,0.0,0.0,0.058188,0.02936,0.0,0.027511,0.049735,0.033685,0.02544,0.0,0.025632,0.029849,0.0,0.031714,0.0,0.0,0.0,0.0,0.0,0.0,0.0,0.0,0.0,0.0,0.072562,0.012798,0.034441,0.08113,0.004518
2024-04-29,0.082139,0.026857,0.056045,0.0,0.0,0.0,0.065189,0.087062,0.0,0.0,0.0,0.077756,0.087975,0.0,0.0,0.0,0.058454,0.029191,0.0,0.027599,0.049797,0.034432,0.025467,0.0,0.025689,0.030013,0.0,0.031723,0.0,0.0,0.0,0.0,0.0,0.0,0.0,0.0,0.0,0.0,0.072627,0.012824,0.034538,0.080112,0.004511
2024-04-30,0.063974,0.030443,0.055738,0.0,0.0,0.0,0.0,0.0,0.057789,0.0,0.0,0.034199,0.082469,0.030545,0.0,0.0,0.098674,0.0,0.080261,0.112932,0.0,0.042185,0.0,0.0,0.013073,0.071926,0.0,0.0,0.027418,0.0,0.0,0.043556,0.0,0.011303,0.026123,0.0,0.0,0.0,0.0,0.0,0.0,0.113172,0.00422
2024-05-01,0.063588,0.030567,0.0559,0.0,0.0,0.0,0.0,0.0,0.057788,0.0,0.0,0.034699,0.082907,0.031365,0.0,0.0,0.098952,0.0,0.081105,0.113772,0.0,0.043767,0.0,0.0,0.013008,0.069865,0.0,0.0,0.027508,0.0,0.0,0.044184,0.0,0.010994,0.026147,0.0,0.0,0.0,0.0,0.0,0.0,0.10964,0.004243
2024-05-02,0.063054,0.030463,0.056281,0.0,0.0,0.0,0.0,0.0,0.058229,0.0,0.0,0.034585,0.082016,0.031355,0.0,0.0,0.098211,0.0,0.079622,0.113889,0.0,0.04369,0.0,0.0,0.013022,0.070494,0.0,0.0,0.027673,0.0,0.0,0.043467,0.0,0.010671,0.025876,0.0,0.0,0.0,0.0,0.0,0.0,0.113214,0.004188
2024-05-03,0.063024,0.030247,0.056019,0.0,0.0,0.0,0.0,0.0,0.058194,0.0,0.0,0.034392,0.080883,0.03121,0.0,0.0,0.097313,0.0,0.079144,0.113978,0.0,0.043789,0.0,0.0,0.01317,0.070928,0.0,0.0,0.027696,0.0,0.0,0.042737,0.0,0.010733,0.025985,0.0,0.0,0.0,0.0,0.0,0.0,0.116435,0.004121
2024-05-06,0.062338,0.03016,0.055737,0.0,0.0,0.0,0.0,0.0,0.057963,0.0,0.0,0.03448,0.081029,0.031203,0.0,0.0,0.097227,0.0,0.078755,0.114312,0.0,0.043601,0.0,0.0,0.01318,0.071613,0.0,0.0,0.027802,0.0,0.0,0.042717,0.0,0.010532,0.026094,0.0,0.0,0.0,0.0,0.0,0.0,0.117178,0.004078
2024-05-07,0.063238,0.030368,0.055149,0.0,0.0,0.0,0.0,0.0,0.057475,0.0,0.0,0.034531,0.081334,0.031167,0.0,0.0,0.097528,0.0,0.079719,0.113376,0.0,0.043544,0.0,0.0,0.013142,0.071005,0.0,0.0,0.02783,0.0,0.0,0.042535,0.0,0.010855,0.026136,0.0,0.0,0.0,0.0,0.0,0.0,0.116991,0.004079
2024-05-08,0.063363,0.030624,0.054711,0.0,0.0,0.0,0.0,0.0,0.058104,0.0,0.0,0.034639,0.082017,0.031469,0.0,0.0,0.09799,0.0,0.079728,0.112542,0.0,0.043112,0.0,0.0,0.013241,0.071411,0.0,0.0,0.027784,0.0,0.0,0.042612,0.0,0.010875,0.025922,0.0,0.0,0.0,0.0,0.0,0.0,0.115755,0.0041
2024-05-09,0.063207,0.030671,0.054555,0.0,0.0,0.0,0.0,0.0,0.057755,0.0,0.0,0.034562,0.082035,0.031447,0.0,0.0,0.098252,0.0,0.080033,0.113541,0.0,0.042738,0.0,0.0,0.013142,0.070629,0.0,0.0,0.027707,0.0,0.0,0.042971,0.0,0.010783,0.026345,0.0,0.0,0.0,0.0,0.0,0.0,0.115557,0.004071
2024-05-10,0.063483,0.030844,0.054303,0.0,0.0,0.0,0.0,0.0,0.058457,0.0,0.0,0.034651,0.08244,0.031469,0.0,0.0,0.098431,0.0,0.080217,0.113875,0.0,0.042381,0.0,0.0,0.013205,0.0714,0.0,0.0,0.027675,0.0,0.0,0.043367,0.0,0.010915,0.026413,0.0,0.0,0.0,0.0,0.0,0.0,0.112399,0.004075
2024-05-13,0.063341,0.030777,0.05394,0.0,0.0,0.0,0.0,0.0,0.058415,0.0,0.0,0.034493,0.08188,0.031223,0.0,0.0,0.097747,0.0,0.079945,0.112392,0.0,0.0431,0.0,0.0,0.013231,0.071354,0.0,0.0,0.027644,0.0,0.0,0.042764,0.0,0.010355,0.026511,0.0,0.0,0.0,0.0,0.0,0.0,0.116823,0.004065
2024-05-14,0.063224,0.030931,0.054178,0.0,0.0,0.0,0.0,0.0,0.059216,0.0,0.0,0.034532,0.082015,0.031475,0.0,0.0,0.097394,0.0,0.079753,0.112691,0.0,0.043384,0.0,0.0,0.013303,0.072296,0.0,0.0,0.0277,0.0,0.0,0.04298,0.0,0.010422,0.027198,0.0,0.0,0.0,0.0,0.0,0.0,0.113255,0.004052
2024-05-15,0.06267,0.030614,0.053634,0.0,0.0,0.0,0.0,0.0,0.05901,0.0,0.0,0.034023,0.080891,0.030977,0.0,0.0,0.095978,0.0,0.078218,0.114442,0.0,0.043331,0.0,0.0,0.013318,0.072768,0.0,0.0,0.027516,0.0,0.0,0.04262,0.0,0.010272,0.026612,0.0,0.0,0.0,0.0,0.0,0.0,0.119138,0.003968
2024-05-16,0.063473,0.030693,0.05354,0.0,0.0,0.0,0.0,0.0,0.058954,0.0,0.0,0.034286,0.081577,0.031129,0.0,0.0,0.096215,0.0,0.078315,0.111872,0.0,0.043689,0.0,0.0,0.013384,0.073025,0.0,0.0,0.027584,0.0,0.0,0.042814,0.0,0.010203,0.026665,0.0,0.0,0.0,0.0,0.0,0.0,0.118581,0.004002
2024-05-17,0.062855,0.030596,0.053584,0.0,0.0,0.0,0.0,0.0,0.05878,0.0,0.0,0.034143,0.081693,0.031082,0.0,0.0,0.095756,0.0,0.078519,0.111214,0.0,0.042771,0.0,0.0,0.013276,0.072185,0.0,0.0,0.027284,0.0,0.0,0.043264,0.0,0.010139,0.027749,0.0,0.0,0.0,0.0,0.0,0.0,0.121132,0.003979
2024-05-20,0.062698,0.030346,0.053547,0.0,0.0,0.0,0.0,0.0,0.058153,0.0,0.0,0.033976,0.079953,0.030423,0.0,0.0,0.095196,0.0,0.078021,0.109844,0.0,0.042947,0.0,0.0,0.013328,0.0732,0.0,0.0,0.027346,0.0,0.0,0.043102,0.0,0.010167,0.028093,0.0,0.0,0.0,0.0,0.0,0.0,0.125713,0.003948
2024-05-21,0.062748,0.030472,0.053467,0.0,0.0,0.0,0.0,0.0,0.058047,0.0,0.0,0.034077,0.080815,0.030676,0.0,0.0,0.095293,0.0,0.078356,0.109551,0.0,0.042804,0.0,0.0,0.013407,0.073279,0.0,0.0,0.027163,0.0,0.0,0.043223,0.0,0.010327,0.027673,0.0,0.0,0.0,0.0,0.0,0.0,0.124657,0.003966
2024-05-22,0.063069,0.030405,0.053147,0.0,0.0,0.0,0.0,0.0,0.058967,0.0,0.0,0.034313,0.080814,0.03052,0.0,0.0,0.095952,0.0,0.078035,0.107214,0.0,0.043331,0.0,0.0,0.013514,0.074563,0.0,0.0,0.027006,0.0,0.0,0.042672,0.0,0.010429,0.02598,0.0,0.0,0.0,0.0,0.0,0.0,0.126082,0.003989
2024-05-23,0.063834,0.03066,0.053602,0.0,0.0,0.0,0.0,0.0,0.059748,0.0,0.0,0.034366,0.080735,0.03024,0.0,0.0,0.096055,0.0,0.078352,0.107655,0.0,0.042538,0.0,0.0,0.013578,0.075111,0.0,0.0,0.027393,0.0,0.0,0.042366,0.0,0.010793,0.026041,0.0,0.0,0.0,0.0,0.0,0.0,0.122892,0.004042
2024-05-24,0.063091,0.030558,0.05359,0.0,0.0,0.0,0.0,0.0,0.059841,0.0,0.0,0.034422,0.080326,0.030101,0.0,0.0,0.095478,0.0,0.078162,0.107679,0.0,0.041838,0.0,0.0,0.013542,0.075755,0.0,0.0,0.027333,0.0,0.0,0.041937,0.0,0.010691,0.026238,0.0,0.0,0.0,0.0,0.0,0.0,0.125422,0.003998
2024-05-27,0.063091,0.030558,0.05359,0.0,0.0,0.0,0.0,0.0,0.059841,0.0,0.0,0.034422,0.080326,0.030101,0.0,0.0,0.095477,0.0,0.078162,0.107679,0.0,0.041838,0.0,0.0,0.013542,0.075755,0.0,0.0,0.027333,0.0,0.0,0.041937,0.0,0.010691,0.026238,0.0,0.0,0.0,0.0,0.0,0.0,0.125422,0.003999
2024-05-28,0.063171,0.030548,0.053979,0.0,0.0,0.0,0.0,0.0,0.060641,0.0,0.0,0.034534,0.079562,0.029907,0.0,0.0,0.094459,0.0,0.077984,0.106561,0.0,0.042045,0.0,0.0,0.01362,0.077155,0.0,0.0,0.027394,0.0,0.0,0.042444,0.0,0.010942,0.027041,0.0,0.0,0.0,0.0,0.0,0.0,0.124007,0.004006
2024-05-29,0.063483,0.030545,0.053686,0.0,0.0,0.0,0.0,0.0,0.060051,0.0,0.0,0.034863,0.080101,0.029737,0.0,0.0,0.09451,0.0,0.078016,0.107001,0.0,0.041881,0.0,0.0,0.013736,0.076688,0.0,0.0,0.027361,0.0,0.0,0.042676,0.0,0.011215,0.026709,0.0,0.0,0.0,0.0,0.0,0.0,0.123675,0.004066
2024-05-30,0.063025,0.030603,0.053748,0.0,0.0,0.0,0.0,0.0,0.059739,0.0,0.0,0.034488,0.079927,0.029967,0.0,0.0,0.094442,0.0,0.07806,0.108455,0.0,0.04227,0.0,0.0,0.013321,0.075583,0.0,0.0,0.026884,0.0,0.0,0.042435,0.0,0.01107,0.026318,0.0,0.0,0.0,0.0,0.0,0.0,0.12563,0.004036
2024-05-31,0.027057,0.0,0.0,0.0,0.0,0.0,0.0,0.084933,0.019652,0.0,0.0,0.08799,0.060226,0.044267,0.0,0.0,0.104235,0.0,0.0,0.104777,0.0,0.044447,0.034526,0.022648,0.0,0.052248,0.0,0.0,0.049269,0.0,0.0,0.073702,0.0,0.0,0.073447,0.0,0.0,0.0,0.0,0.0,0.0,0.104831,0.011744
2024-06-03,0.027231,0.0,0.0,0.0,0.0,0.0,0.0,0.087382,0.019764,0.0,0.0,0.087916,0.059563,0.043541,0.0,0.0,0.102469,0.0,0.0,0.103372,0.0,0.045371,0.034348,0.022283,0.0,0.052083,0.0,0.0,0.049576,0.0,0.0,0.074004,0.0,0.0,0.072428,0.0,0.0,0.0,0.0,0.0,0.0,0.10698,0.01169
2024-06-04,0.027443,0.0,0.0,0.0,0.0,0.0,0.0,0.082953,0.019721,0.0,0.0,0.089217,0.059938,0.043294,0.0,0.0,0.103334,0.0,0.0,0.102516,0.0,0.045742,0.035024,0.022517,0.0,0.052241,0.0,0.0,0.050133,0.0,0.0,0.074141,0.0,0.0,0.069708,0.0,0.0,0.0,0.0,0.0,0.0,0.110257,0.011821
2024-06-05,0.027313,0.0,0.0,0.0,0.0,0.0,0.0,0.084287,0.019888,0.0,0.0,0.088887,0.059171,0.042749,0.0,0.0,0.102743,0.0,0.0,0.102767,0.0,0.046482,0.0344,0.022038,0.0,0.053671,0.0,0.0,0.050157,0.0,0.0,0.073844,0.0,0.0,0.070216,0.0,0.0,0.0,0.0,0.0,0.0,0.109751,0.011636
2024-06-06,0.027499,0.0,0.0,0.0,0.0,0.0,0.0,0.084854,0.020001,0.0,0.0,0.089135,0.059272,0.04289,0.0,0.0,0.102358,0.0,0.0,0.10173,0.0,0.045941,0.034582,0.021857,0.0,0.053348,0.0,0.0,0.049997,0.0,0.0,0.074554,0.0,0.0,0.071672,0.0,0.0,0.0,0.0,0.0,0.0,0.108646,0.011663
2024-06-07,0.027766,0.0,0.0,0.0,0.0,0.0,0.0,0.086786,0.020045,0.0,0.0,0.089486,0.06019,0.043259,0.0,0.0,0.103577,0.0,0.0,0.101069,0.0,0.045723,0.034782,0.021854,0.0,0.053765,0.0,0.0,0.04988,0.0,0.0,0.072672,0.0,0.0,0.069512,0.0,0.0,0.0,0.0,0.0,0.0,0.107845,0.011789
2024-06-10,0.027573,0.0,0.0,0.0,0.0,0.0,0.0,0.086626,0.020109,0.0,0.0,0.089278,0.059671,0.042535,0.0,0.0,0.1034,0.0,0.0,0.101521,0.0,0.045803,0.034589,0.022029,0.0,0.054278,0.0,0.0,0.050008,0.0,0.0,0.072987,0.0,0.0,0.070244,0.0,0.0,0.0,0.0,0.0,0.0,0.107615,0.011734
2024-06-11,0.027711,0.0,0.0,0.0,0.0,0.0,0.0,0.087463,0.020243,0.0,0.0,0.090128,0.059441,0.042484,0.0,0.0,0.103594,0.0,0.0,0.100986,0.0,0.046388,0.034834,0.022062,0.0,0.054737,0.0,0.0,0.050132,0.0,0.0,0.073753,0.0,0.0,0.069093,0.0,0.0,0.0,0.0,0.0,0.0,0.105127,0.011824
2024-06-12,0.02786,0.0,0.0,0.0,0.0,0.0,0.0,0.087257,0.020479,0.0,0.0,0.089052,0.058799,0.042962,0.0,0.0,0.10355,0.0,0.0,0.10327,0.0,0.046607,0.034114,0.021702,0.0,0.055726,0.0,0.0,0.050739,0.0,0.0,0.073222,0.0,0.0,0.068611,0.0,0.0,0.0,0.0,0.0,0.0,0.104339,0.011711
2024-06-13,0.027801,0.0,0.0,0.0,0.0,0.0,0.0,0.087588,0.020583,0.0,0.0,0.088732,0.059054,0.042673,0.0,0.0,0.103408,0.0,0.0,0.103903,0.0,0.046844,0.034332,0.021862,0.0,0.056618,0.0,0.0,0.050676,0.0,0.0,0.072994,0.0,0.0,0.067769,0.0,0.0,0.0,0.0,0.0,0.0,0.103388,0.011775
2024-06-14,0.027834,0.0,0.0,0.0,0.0,0.0,0.0,0.088873,0.020858,0.0,0.0,0.08939,0.059112,0.042302,0.0,0.0,0.102797,0.0,0.0,0.103216,0.0,0.046002,0.034538,0.0219,0.0,0.05665,0.0,0.0,0.050534,0.0,0.0,0.074249,0.0,0.0,0.067914,0.0,0.0,0.0,0.0,0.0,0.0,0.102003,0.011826
2024-06-17,0.027743,0.0,0.0,0.0,0.0,0.0,0.0,0.088519,0.020975,0.0,0.0,0.089328,0.059312,0.042714,0.0,0.0,0.10337,0.0,0.0,0.103485,0.0,0.045174,0.034677,0.021542,0.0,0.057233,0.0,0.0,0.05034,0.0,0.0,0.073463,0.0,0.0,0.066982,0.0,0.0,0.0,0.0,0.0,0.0,0.10338,0.011763
2024-06-18,0.028009,0.0,0.0,0.0,0.0,0.0,0.0,0.08914,0.021309,0.0,0.0,0.089004,0.059826,0.042966,0.0,0.0,0.104167,0.0,0.0,0.101892,0.0,0.044833,0.034801,0.021601,0.0,0.058095,0.0,0.0,0.050745,0.0,0.0,0.073927,0.0,0.0,0.068145,0.0,0.0,0.0,0.0,0.0,0.0,0.099747,0.011792
2024-06-19,0.02806,0.0,0.0,0.0,0.0,0.0,0.0,0.089136,0.021308,0.0,0.0,0.089,0.059822,0.042964,0.0,0.0,0.104161,0.0,0.0,0.101887,0.0,0.044831,0.034799,0.0216,0.0,0.058092,0.0,0.0,0.050742,0.0,0.0,0.073923,0.0,0.0,0.068141,0.0,0.0,0.0,0.0,0.0,0.0,0.099742,0.011793
2024-06-20,0.028062,0.0,0.0,0.0,0.0,0.0,0.0,0.088104,0.021444,0.0,0.0,0.089247,0.060051,0.042986,0.0,0.0,0.104073,0.0,0.0,0.10119,0.0,0.044858,0.034671,0.021754,0.0,0.05643,0.0,0.0,0.049753,0.0,0.0,0.074734,0.0,0.0,0.070204,0.0,0.0,0.0,0.0,0.0,0.0,0.100661,0.011778
2024-06-21,0.027971,0.0,0.0,0.0,0.0,0.0,0.0,0.088009,0.021429,0.0,0.0,0.090158,0.060039,0.043086,0.0,0.0,0.104234,0.0,0.0,0.101969,0.0,0.04627,0.034826,0.021706,0.0,0.056085,0.0,0.0,0.049453,0.0,0.0,0.073846,0.0,0.0,0.069222,0.0,0.0,0.0,0.0,0.0,0.0,0.099876,0.011821
2024-06-24,0.02824,0.0,0.0,0.0,0.0,0.0,0.0,0.089015,0.021194,0.0,0.0,0.090764,0.060859,0.044048,0.0,0.0,0.105028,0.0,0.0,0.102937,0.0,0.047167,0.035315,0.022065,0.0,0.054666,0.0,0.0,0.049135,0.0,0.0,0.074387,0.0,0.0,0.071098,0.0,0.0,0.0,0.0,0.0,0.0,0.092218,0.011864
2024-06-25,0.028175,0.0,0.0,0.0,0.0,0.0,0.0,0.08912,0.021267,0.0,0.0,0.091804,0.060423,0.043526,0.0,0.0,0.104162,0.0,0.0,0.100089,0.0,0.046848,0.035098,0.021862,0.0,0.055522,0.0,0.0,0.049746,0.0,0.0,0.074039,0.0,0.0,0.069858,0.0,0.0,0.0,0.0,0.0,0.0,0.096593,0.011867
2024-06-26,0.02819,0.0,0.0,0.0,0.0,0.0,0.0,0.089476,0.021174,0.0,0.0,0.092114,0.060238,0.043677,0.0,0.0,0.104219,0.0,0.0,0.100645,0.0,0.046552,0.03514,0.021841,0.0,0.055487,0.0,0.0,0.04986,0.0,0.0,0.073595,0.0,0.0,0.070595,0.0,0.0,0.0,0.0,0.0,0.0,0.095288,0.01191
2024-06-27,0.028156,0.0,0.0,0.0,0.0,0.0,0.0,0.090157,0.021255,0.0,0.0,0.092375,0.059993,0.04399,0.0,0.0,0.104032,0.0,0.0,0.100497,0.0,0.046756,0.03489,0.021817,0.0,0.055044,0.0,0.0,0.049754,0.0,0.0,0.074216,0.0,0.0,0.069512,0.0,0.0,0.0,0.0,0.0,0.0,0.095679,0.011877
2024-06-28,0.074308,0.058465,0.0,0.0,0.0,0.0,0.0,0.01709,0.057291,0.0,0.0,0.074039,0.056072,0.018074,0.0,0.0,0.071914,0.0,0.036622,0.034207,0.0,0.026219,0.05962,0.074399,0.022789,0.051155,0.0,0.0,0.0,0.0,0.0,0.033176,0.035422,0.045767,0.074463,0.0,0.0,0.0,0.0,0.0,0.0,0.074443,0.004463
2024-07-01,0.073799,0.058723,0.0,0.0,0.0,0.0,0.0,0.017186,0.057054,0.0,0.0,0.073613,0.056107,0.017964,0.0,0.0,0.07103,0.0,0.036001,0.033306,0.0,0.026271,0.059107,0.073771,0.022926,0.051073,0.0,0.0,0.0,0.0,0.0,0.033211,0.035739,0.04535,0.07494,0.0,0.0,0.0,0.0,0.0,0.0,0.078371,0.004458
2024-07-02,0.073792,0.058405,0.0,0.0,0.0,0.0,0.0,0.017135,0.057213,0.0,0.0,0.074065,0.056605,0.018139,0.0,0.0,0.071223,0.0,0.035968,0.032992,0.0,0.025726,0.059355,0.073948,0.022977,0.05165,0.0,0.0,0.0,0.0,0.0,0.033118,0.0358,0.045896,0.075014,0.0,0.0,0.0,0.0,0.0,0.0,0.076532,0.004446
2024-07-03,0.073985,0.058761,0.0,0.0,0.0,0.0,0.0,0.017099,0.057811,0.0,0.0,0.073619,0.056069,0.017781,0.0,0.0,0.071026,0.0,0.036006,0.032869,0.0,0.025425,0.058877,0.07392,0.023139,0.052176,0.0,0.0,0.0,0.0,0.0,0.033278,0.03672,0.045718,0.077116,0.0,0.0,0.0,0.0,0.0,0.0,0.074187,0.004419
2024-07-04,0.074225,0.058745,0.0,0.0,0.0,0.0,0.0,0.017095,0.057796,0.0,0.0,0.073599,0.056055,0.017776,0.0,0.0,0.071008,0.0,0.035997,0.03286,0.0,0.025418,0.058862,0.073901,0.023133,0.052163,0.0,0.0,0.0,0.0,0.0,0.033269,0.03671,0.045706,0.077096,0.0,0.0,0.0,0.0,0.0,0.0,0.074167,0.004418
2024-07-05,0.074283,0.059173,0.0,0.0,0.0,0.0,0.0,0.017154,0.057959,0.0,0.0,0.074954,0.055987,0.017509,0.0,0.0,0.070682,0.0,0.036019,0.032618,0.0,0.025628,0.059528,0.073959,0.023181,0.052215,0.0,0.0,0.0,0.0,0.0,0.033685,0.037518,0.045965,0.078375,0.0,0.0,0.0,0.0,0.0,0.0,0.069193,0.004414
2024-07-08,0.074514,0.058925,0.0,0.0,0.0,0.0,0.0,0.017158,0.058799,0.0,0.0,0.074338,0.055882,0.017519,0.0,0.0,0.070825,0.0,0.036154,0.032991,0.0,0.026074,0.059482,0.074093,0.023358,0.053246,0.0,0.0,0.0,0.0,0.0,0.033293,0.037086,0.045659,0.076903,0.0,0.0,0.0,0.0,0.0,0.0,0.069282,0.004418
2024-07-09,0.074268,0.058309,0.0,0.0,0.0,0.0,0.0,0.017181,0.058494,0.0,0.0,0.074379,0.056171,0.017762,0.0,0.0,0.070337,0.0,0.035694,0.032797,0.0,0.026325,0.059178,0.07412,0.023279,0.053087,0.0,0.0,0.0,0.0,0.0,0.033265,0.036979,0.046207,0.07687,0.0,0.0,0.0,0.0,0.0,0.0,0.070889,0.004407
2024-07-10,0.074167,0.058626,0.0,0.0,0.0,0.0,0.0,0.017029,0.058907,0.0,0.0,0.07433,0.055996,0.017994,0.0,0.0,0.070474,0.0,0.035922,0.03327,0.0,0.026451,0.059027,0.074302,0.023454,0.053942,0.0,0.0,0.0,0.0,0.0,0.033156,0.036775,0.045322,0.076742,0.0,0.0,0.0,0.0,0.0,0.0,0.069739,0.004378
2024-07-11,0.073926,0.058604,0.0,0.0,0.0,0.0,0.0,0.016986,0.058561,0.0,0.0,0.072935,0.056145,0.018551,0.0,0.0,0.071002,0.0,0.036226,0.03515,0.0,0.026997,0.058502,0.075269,0.022748,0.051899,0.0,0.0,0.0,0.0,0.0,0.03357,0.03726,0.045894,0.07604,0.0,0.0,0.0,0.0,0.0,0.0,0.069379,0.004356
2024-07-12,0.074156,0.058991,0.0,0.0,0.0,0.0,0.0,0.01695,0.058221,0.0,0.0,0.072315,0.056034,0.018502,0.0,0.0,0.071032,0.0,0.03638,0.035627,0.0,0.027129,0.05845,0.075422,0.02283,0.052254,0.0,0.0,0.0,0.0,0.0,0.033371,0.03634,0.045446,0.076758,0.0,0.0,0.0,0.0,0.0,0.0,0.069459,0.004333
2024-07-15,0.073933,0.058134,0.0,0.0,0.0,0.0,0.0,0.016912,0.057042,0.0,0.0,0.072301,0.056639,0.018925,0.0,0.0,0.071272,0.0,0.036151,0.03546,0.0,0.027283,0.057891,0.073313,0.022785,0.052115,0.0,0.0,0.0,0.0,0.0,0.033353,0.036087,0.045015,0.075066,0.0,0.0,0.0,0.0,0.0,0.0,0.076007,0.004318
2024-07-16,0.073014,0.057711,0.0,0.0,0.0,0.0,0.0,0.016785,0.05712,0.0,0.0,0.071695,0.056653,0.019479,0.0,0.0,0.072245,0.0,0.036445,0.037145,0.0,0.02751,0.057803,0.073069,0.022459,0.05186,0.0,0.0,0.0,0.0,0.0,0.033642,0.036428,0.043895,0.073435,0.0,0.0,0.0,0.0,0.0,0.0,0.077336,0.00427
2024-07-17,0.073588,0.058202,0.0,0.0,0.0,0.0,0.0,0.016938,0.055951,0.0,0.0,0.071598,0.057879,0.019924,0.0,0.0,0.072315,0.0,0.036877,0.036866,0.0,0.027332,0.059363,0.07413,0.021886,0.048843,0.0,0.0,0.0,0.0,0.0,0.033953,0.035722,0.044506,0.072173,0.0,0.0,0.0,0.0,0.0,0.0,0.077624,0.004331
2024-07-18,0.073649,0.058238,0.0,0.0,0.0,0.0,0.0,0.017106,0.055744,0.0,0.0,0.072189,0.057685,0.019777,0.0,0.0,0.072384,0.0,0.036835,0.03788,0.0,0.026949,0.059592,0.074722,0.022082,0.049423,0.0,0.0,0.0,0.0,0.0,0.034035,0.035426,0.044994,0.06999,0.0,0.0,0.0,0.0,0.0,0.0,0.076927,0.00437
2024-07-19,0.073306,0.058072,0.0,0.0,0.0,0.0,0.0,0.01687,0.055062,0.0,0.0,0.072098,0.057281,0.019863,0.0,0.0,0.072216,0.0,0.036623,0.037915,0.0,0.027027,0.059584,0.075046,0.021806,0.048064,0.0,0.0,0.0,0.0,0.0,0.033531,0.034873,0.044554,0.070068,0.0,0.0,0.0,0.0,0.0,0.0,0.081757,0.004384
2024-07-22,0.073007,0.058381,0.0,0.0,0.0,0.0,0.0,0.016858,0.054393,0.0,0.0,0.07178,0.057106,0.020006,0.0,0.0,0.072323,0.0,0.036429,0.038148,0.0,0.027173,0.059109,0.075026,0.02213,0.049626,0.0,0.0,0.0,0.0,0.0,0.033253,0.034495,0.045347,0.068839,0.0,0.0,0.0,0.0,0.0,0.0,0.082224,0.004347
2024-07-23,0.073836,0.058146,0.0,0.0,0.0,0.0,0.0,0.016673,0.05482,0.0,0.0,0.072011,0.057477,0.020361,0.0,0.0,0.072519,0.0,0.036743,0.03845,0.0,0.027539,0.05917,0.074904,0.022144,0.049112,0.0,0.0,0.0,0.0,0.0,0.033524,0.03472,0.045557,0.068642,0.0,0.0,0.0,0.0,0.0,0.0,0.079283,0.004368
2024-07-24,0.073592,0.058419,0.0,0.0,0.0,0.0,0.0,0.01682,0.054189,0.0,0.0,0.071116,0.057489,0.020293,0.0,0.0,0.071957,0.0,0.036784,0.037868,0.0,0.027725,0.059948,0.076812,0.021527,0.047155,0.0,0.0,0.0,0.0,0.0,0.033877,0.034878,0.045856,0.068725,0.0,0.0,0.0,0.0,0.0,0.0,0.080539,0.004429
2024-07-25,0.073543,0.058484,0.0,0.0,0.0,0.0,0.0,0.016991,0.05432,0.0,0.0,0.070615,0.057968,0.020846,0.0,0.0,0.072865,0.0,0.037055,0.038754,0.0,0.028397,0.060151,0.076521,0.021393,0.046314,0.0,0.0,0.0,0.0,0.0,0.033499,0.033685,0.045758,0.068858,0.0,0.0,0.0,0.0,0.0,0.0,0.079532,0.004451
2024-07-26,0.072517,0.058381,0.0,0.0,0.0,0.0,0.0,0.017039,0.053954,0.0,0.0,0.07081,0.057953,0.020863,0.0,0.0,0.072947,0.0,0.03707,0.039458,0.0,0.028107,0.05981,0.076058,0.021325,0.046566,0.0,0.0,0.0,0.0,0.0,0.033321,0.033248,0.044984,0.068795,0.0,0.0,0.0,0.0,0.0,0.0,0.082412,0.004382
2024-07-29,0.07265,0.058136,0.0,0.0,0.0,0.0,0.0,0.017102,0.053396,0.0,0.0,0.071673,0.058065,0.020549,0.0,0.0,0.073061,0.0,0.037258,0.039905,0.0,0.027847,0.060031,0.076654,0.0213,0.046622,0.0,0.0,0.0,0.0,0.0,0.033384,0.033306,0.044623,0.068505,0.0,0.0,0.0,0.0,0.0,0.0,0.081536,0.004397
2024-07-30,0.072776,0.058457,0.0,0.0,0.0,0.0,0.0,0.017139,0.053451,0.0,0.0,0.072092,0.058841,0.020751,0.0,0.0,0.073409,0.0,0.037204,0.04033,0.0,0.027542,0.059734,0.077191,0.020803,0.045011,0.0,0.0,0.0,0.0,0.0,0.033779,0.033878,0.045083,0.06811,0.0,0.0,0.0,0.0,0.0,0.0,0.080012,0.004406
2024-07-31,0.086644,0.023824,0.0,0.0,0.050565,0.0,0.0,0.038256,0.038325,0.0,0.0,0.086584,0.068633,0.017932,0.024821,0.0,0.03737,0.0,0.0,0.0,0.0,0.0,0.08692,0.077362,0.033717,0.052972,0.0,0.0,0.0,0.0,0.0,0.044795,0.040953,0.030073,0.086925,0.0,0.0,0.0,0.0,0.0,0.0,0.058896,0.014435
2024-08-01,0.086858,0.023721,0.0,0.0,0.050792,0.0,0.0,0.03847,0.037941,0.0,0.0,0.088393,0.068793,0.017472,0.024568,0.0,0.037291,0.0,0.0,0.0,0.0,0.0,0.089193,0.080073,0.033003,0.049978,0.0,0.0,0.0,0.0,0.0,0.045388,0.041071,0.029959,0.084259,0.0,0.0,0.0,0.0,0.0,0.0,0.058098,0.01468
2024-08-02,0.085709,0.023898,0.0,0.0,0.050293,0.0,0.0,0.03869,0.037437,0.0,0.0,0.088276,0.068121,0.017129,0.024297,0.0,0.037025,0.0,0.0,0.0,0.0,0.0,0.091342,0.08142,0.032562,0.04804,0.0,0.0,0.0,0.0,0.0,0.045989,0.041711,0.030452,0.084471,0.0,0.0,0.0,0.0,0.0,0.0,0.058236,0.014902
2024-08-05,0.086919,0.024141,0.0,0.0,0.050695,0.0,0.0,0.038972,0.036743,0.0,0.0,0.088575,0.068328,0.017192,0.024546,0.0,0.037583,0.0,0.0,0.0,0.0,0.0,0.0925,0.081887,0.032516,0.04875,0.0,0.0,0.0,0.0,0.0,0.046905,0.041135,0.031795,0.083954,0.0,0.0,0.0,0.0,0.0,0.0,0.051467,0.015396
2024-08-06,0.086553,0.023984,0.0,0.0,0.050436,0.0,0.0,0.038765,0.036797,0.0,0.0,0.088803,0.0688,0.017126,0.024471,0.0,0.037689,0.0,0.0,0.0,0.0,0.0,0.092294,0.081826,0.032658,0.048743,0.0,0.0,0.0,0.0,0.0,0.046105,0.0404,0.031747,0.083357,0.0,0.0,0.0,0.0,0.0,0.0,0.054191,0.015258
2024-08-07,0.088072,0.024094,0.0,0.0,0.051678,0.0,0.0,0.039018,0.037437,0.0,0.0,0.088604,0.069094,0.017091,0.024645,0.0,0.037621,0.0,0.0,0.0,0.0,0.0,0.092672,0.082539,0.032228,0.047531,0.0,0.0,0.0,0.0,0.0,0.046215,0.040014,0.032314,0.081528,0.0,0.0,0.0,0.0,0.0,0.0,0.052301,0.015307
2024-08-08,0.086135,0.023936,0.0,0.0,0.05094,0.0,0.0,0.038582,0.03808,0.0,0.0,0.088542,0.068789,0.017077,0.024667,0.0,0.037711,0.0,0.0,0.0,0.0,0.0,0.091621,0.080958,0.032755,0.049783,0.0,0.0,0.0,0.0,0.0,0.045992,0.0403,0.031279,0.082005,0.0,0.0,0.0,0.0,0.0,0.0,0.055849,0.014999
2024-08-09,0.086146,0.023965,0.0,0.0,0.050932,0.0,0.0,0.038399,0.038356,0.0,0.0,0.088842,0.06873,0.016955,0.024596,0.0,0.037525,0.0,0.0,0.0,0.0,0.0,0.091293,0.08082,0.032735,0.049236,0.0,0.0,0.0,0.0,0.0,0.045869,0.040079,0.031682,0.082203,0.0,0.0,0.0,0.0,0.0,0.0,0.05671,0.014927
2024-08-12,0.086336,0.023893,0.0,0.0,0.051271,0.0,0.0,0.038293,0.038615,0.0,0.0,0.088173,0.068332,0.016773,0.024702,0.0,0.037312,0.0,0.0,0.0,0.0,0.0,0.090777,0.080914,0.032982,0.04949,0.0,0.0,0.0,0.0,0.0,0.046628,0.04084,0.031363,0.083425,0.0,0.0,0.0,0.0,0.0,0.0,0.054959,0.014922
2024-08-13,0.086493,0.023982,0.0,0.0,0.051013,0.0,0.0,0.037834,0.039104,0.0,0.0,0.08847,0.068243,0.016818,0.02423,0.0,0.037345,0.0,0.0,0.0,0.0,0.0,0.090324,0.080612,0.033672,0.05101,0.0,0.0,0.0,0.0,0.0,0.046113,0.04034,0.030766,0.082713,0.0,0.0,0.0,0.0,0.0,0.0,0.056137,0.01478
2024-08-14,0.087377,0.024145,0.0,0.0,0.051125,0.0,0.0,0.037773,0.039036,0.0,0.0,0.088077,0.069167,0.016819,0.024403,0.0,0.037546,0.0,0.0,0.0,0.0,0.0,0.090852,0.080661,0.0339,0.050946,0.0,0.0,0.0,0.0,0.0,0.045796,0.039931,0.030819,0.082493,0.0,0.0,0.0,0.0,0.0,0.0,0.054335,0.0148
2024-08-15,0.08754,0.024095,0.0,0.0,0.051024,0.0,0.0,0.037652,0.038833,0.0,0.0,0.087796,0.068963,0.016982,0.024395,0.0,0.037591,0.0,0.0,0.0,0.0,0.0,0.090677,0.079672,0.034453,0.052749,0.0,0.0,0.0,0.0,0.0,0.045383,0.040593,0.03042,0.084509,0.0,0.0,0.0,0.0,0.0,0.0,0.05205,0.014624
2024-08-16,0.087014,0.024033,0.0,0.0,0.051005,0.0,0.0,0.037688,0.03893,0.0,0.0,0.087362,0.06892,0.017097,0.024175,0.0,0.037239,0.0,0.0,0.0,0.0,0.0,0.090203,0.079392,0.034236,0.052219,0.0,0.0,0.0,0.0,0.0,0.046031,0.041159,0.030318,0.084357,0.0,0.0,0.0,0.0,0.0,0.0,0.054113,0.014509
2024-08-19,0.087115,0.0241,0.0,0.0,0.051129,0.0,0.0,0.037453,0.039215,0.0,0.0,0.087619,0.06872,0.01711,0.024135,0.0,0.037153,0.0,0.0,0.0,0.0,0.0,0.089752,0.079249,0.034511,0.052664,0.0,0.0,0.0,0.0,0.0,0.045572,0.041434,0.030607,0.085098,0.0,0.0,0.0,0.0,0.0,0.0,0.052973,0.014391
2024-08-20,0.08741,0.02409,0.0,0.0,0.050941,0.0,0.0,0.037607,0.038947,0.0,0.0,0.087762,0.068661,0.016871,0.023554,0.0,0.037138,0.0,0.0,0.0,0.0,0.0,0.090407,0.079264,0.03447,0.052089,0.0,0.0,0.0,0.0,0.0,0.045846,0.041592,0.030906,0.084503,0.0,0.0,0.0,0.0,0.0,0.0,0.053511,0.014429
2024-08-21,0.087122,0.024117,0.0,0.0,0.050811,0.0,0.0,0.037551,0.038606,0.0,0.0,0.087492,0.068052,0.016808,0.023422,0.0,0.03709,0.0,0.0,0.0,0.0,0.0,0.090356,0.079244,0.03442,0.052442,0.0,0.0,0.0,0.0,0.0,0.045451,0.041412,0.030693,0.085599,0.0,0.0,0.0,0.0,0.0,0.0,0.054988,0.014324
2024-08-22,0.087843,0.024193,0.0,0.0,0.050784,0.0,0.0,0.037797,0.038098,0.0,0.0,0.087619,0.06906,0.017033,0.023695,0.0,0.037379,0.0,0.0,0.0,0.0,0.0,0.091039,0.079865,0.033932,0.051109,0.0,0.0,0.0,0.0,0.0,0.045314,0.040918,0.030984,0.084587,0.0,0.0,0.0,0.0,0.0,0.0,0.054294,0.014456
2024-08-23,0.08711,0.024221,0.0,0.0,0.050688,0.0,0.0,0.037402,0.038586,0.0,0.0,0.086851,0.068564,0.017482,0.023672,0.0,0.037161,0.0,0.0,0.0,0.0,0.0,0.089865,0.078833,0.033942,0.051656,0.0,0.0,0.0,0.0,0.0,0.045119,0.041513,0.030748,0.085939,0.0,0.0,0.0,0.0,0.0,0.0,0.056416,0.014231
2024-08-26,0.087078,0.024137,0.0,0.0,0.050669,0.0,0.0,0.03746,0.038239,0.0,0.0,0.087018,0.068755,0.017387,0.023876,0.0,0.037107,0.0,0.0,0.0,0.0,0.0,0.090469,0.079316,0.033504,0.050341,0.0,0.0,0.0,0.0,0.0,0.045246,0.041681,0.031097,0.086298,0.0,0.0,0.0,0.0,0.0,0.0,0.056095,0.014228
2024-08-27,0.086931,0.024261,0.0,0.0,0.050215,0.0,0.0,0.037479,0.038407,0.0,0.0,0.086895,0.06917,0.017275,0.023674,0.0,0.037162,0.0,0.0,0.0,0.0,0.0,0.090768,0.078758,0.033736,0.050943,0.0,0.0,0.0,0.0,0.0,0.045408,0.041778,0.031187,0.086686,0.0,0.0,0.0,0.0,0.0,0.0,0.055025,0.014242
2024-08-28,0.087546,0.024408,0.0,0.0,0.050581,0.0,0.0,0.037853,0.038718,0.0,0.0,0.08721,0.070056,0.017592,0.023765,0.0,0.037529,0.0,0.0,0.0,0.0,0.0,0.091317,0.079571,0.033614,0.05054,0.0,0.0,0.0,0.0,0.0,0.045555,0.041176,0.031396,0.084539,0.0,0.0,0.0,0.0,0.0,0.0,0.052644,0.014391
2024-08-29,0.087988,0.024428,0.0,0.0,0.050683,0.0,0.0,0.037847,0.03868,0.0,0.0,0.086833,0.07052,0.017595,0.02402,0.0,0.037708,0.0,0.0,0.0,0.0,0.0,0.090656,0.079824,0.033235,0.050281,0.0,0.0,0.0,0.0,0.0,0.045687,0.041268,0.031249,0.084308,0.0,0.0,0.0,0.0,0.0,0.0,0.052828,0.014361
2024-08-30,0.079686,0.0,0.0,0.0,0.060411,0.0,0.0,0.050882,0.028897,0.0,0.0,0.079472,0.036639,0.042995,0.0,0.0,0.034163,0.0,0.069599,0.070133,0.0,0.047765,0.051806,0.079889,0.0,0.020285,0.0,0.0,0.0,0.079502,0.0,0.04655,0.032443,0.0,0.023855,0.0,0.0,0.0,0.0,0.0,0.023929,0.035941,0.005158
2024-09-02,0.080204,0.0,0.0,0.0,0.060348,0.0,0.0,0.050855,0.028882,0.0,0.0,0.07943,0.036619,0.042972,0.0,0.0,0.034145,0.0,0.069562,0.070096,0.0,0.04774,0.051779,0.079847,0.0,0.020275,0.0,0.0,0.0,0.079459,0.0,0.046525,0.032426,0.0,0.023842,0.0,0.0,0.0,0.0,0.0,0.023917,0.035922,0.005156
2024-09-03,0.080452,0.0,0.0,0.0,0.060527,0.0,0.0,0.051282,0.028186,0.0,0.0,0.079233,0.036934,0.043074,0.0,0.0,0.033928,0.0,0.069081,0.069308,0.0,0.047265,0.052985,0.081018,0.0,0.01903,0.0,0.0,0.0,0.080699,0.0,0.047071,0.031987,0.0,0.022405,0.0,0.0,0.0,0.0,0.0,0.024207,0.03609,0.00524
2024-09-04,0.079849,0.0,0.0,0.0,0.060424,0.0,0.0,0.051542,0.02794,0.0,0.0,0.078881,0.036987,0.042707,0.0,0.0,0.033974,0.0,0.06882,0.069255,0.0,0.047214,0.053252,0.081738,0.0,0.019099,0.0,0.0,0.0,0.080956,0.0,0.047116,0.032123,0.0,0.022396,0.0,0.0,0.0,0.0,0.0,0.024324,0.036164,0.005242
2024-09-05,0.07965,0.0,0.0,0.0,0.060454,0.0,0.0,0.051474,0.028257,0.0,0.0,0.079436,0.03673,0.042475,0.0,0.0,0.033715,0.0,0.068559,0.069059,0.0,0.047195,0.053265,0.081869,0.0,0.019074,0.0,0.0,0.0,0.081023,0.0,0.047703,0.032945,0.0,0.022364,0.0,0.0,0.0,0.0,0.0,0.024516,0.034972,0.005265
2024-09-06,0.079773,0.0,0.0,0.0,0.060472,0.0,0.0,0.051501,0.027809,0.0,0.0,0.07882,0.036677,0.042221,0.0,0.0,0.033822,0.0,0.068603,0.070335,0.0,0.047069,0.05387,0.08218,0.0,0.018503,0.0,0.0,0.0,0.082035,0.0,0.047987,0.032433,0.0,0.021953,0.0,0.0,0.0,0.0,0.0,0.024789,0.033813,0.005337
2024-09-09,0.079403,0.0,0.0,0.0,0.060043,0.0,0.0,0.051333,0.028131,0.0,0.0,0.078291,0.036816,0.042028,0.0,0.0,0.033964,0.0,0.068508,0.069855,0.0,0.047214,0.053691,0.082104,0.0,0.018662,0.0,0.0,0.0,0.082042,0.0,0.047661,0.032544,0.0,0.022028,0.0,0.0,0.0,0.0,0.0,0.024584,0.035818,0.005279
2024-09-10,0.079309,0.0,0.0,0.0,0.059654,0.0,0.0,0.051314,0.027845,0.0,0.0,0.07812,0.036368,0.041587,0.0,0.0,0.033956,0.0,0.068405,0.07008,0.0,0.047223,0.053573,0.082328,0.0,0.018821,0.0,0.0,0.0,0.083067,0.0,0.047777,0.032593,0.0,0.021889,0.0,0.0,0.0,0.0,0.0,0.024555,0.036264,0.005269
2024-09-11,0.078748,0.0,0.0,0.0,0.059482,0.0,0.0,0.051346,0.028476,0.0,0.0,0.078371,0.036162,0.041117,0.0,0.0,0.033985,0.0,0.068506,0.06963,0.0,0.047564,0.053024,0.082507,0.0,0.019677,0.0,0.0,0.0,0.082827,0.0,0.047656,0.032789,0.0,0.02229,0.0,0.0,0.0,0.0,0.0,0.024596,0.035982,0.005264
2024-09-12,0.079429,0.0,0.0,0.0,0.059674,0.0,0.0,0.051304,0.028413,0.0,0.0,0.078902,0.035819,0.04086,0.0,0.0,0.033846,0.0,0.068328,0.070315,0.0,0.047082,0.052725,0.08172,0.0,0.019361,0.0,0.0,0.0,0.082202,0.0,0.047925,0.033831,0.0,0.022683,0.0,0.0,0.0,0.0,0.0,0.024347,0.036029,0.005204
2024-09-13,0.079317,0.0,0.0,0.0,0.059539,0.0,0.0,0.050727,0.028077,0.0,0.0,0.078644,0.035465,0.041322,0.0,0.0,0.033752,0.0,0.068064,0.071486,0.0,0.047489,0.052419,0.08181,0.0,0.019455,0.0,0.0,0.0,0.081999,0.0,0.047783,0.034317,0.0,0.022639,0.0,0.0,0.0,0.0,0.0,0.024145,0.036412,0.005138
2024-09-16,0.078991,0.0,0.0,0.0,0.059364,0.0,0.0,0.050797,0.027991,0.0,0.0,0.079194,0.035803,0.041694,0.0,0.0,0.033808,0.0,0.068458,0.071671,0.0,0.047358,0.052444,0.082151,0.0,0.019129,0.0,0.0,0.0,0.08199,0.0,0.047614,0.03426,0.0,0.022807,0.0,0.0,0.0,0.0,0.0,0.024209,0.035145,0.005121
2024-09-17,0.079322,0.0,0.0,0.0,0.059553,0.0,0.0,0.050572,0.02781,0.0,0.0,0.079075,0.03594,0.041939,0.0,0.0,0.033942,0.0,0.068487,0.072142,0.0,0.047133,0.051868,0.081965,0.0,0.019124,0.0,0.0,0.0,0.081295,0.0,0.047279,0.034074,0.0,0.022849,0.0,0.0,0.0,0.0,0.0,0.024167,0.036352,0.005114
2024-09-18,0.079217,0.0,0.0,0.0,0.059528,0.0,0.0,0.050506,0.027764,0.0,0.0,0.079319,0.035968,0.042269,0.0,0.0,0.034046,0.0,0.06846,0.072325,0.0,0.04725,0.05187,0.08166,0.0,0.018986,0.0,0.0,0.0,0.081512,0.0,0.047097,0.033326,0.0,0.023058,0.0,0.0,0.0,0.0,0.0,0.024191,0.036514,0.005134
2024-09-19,0.079323,0.0,0.0,0.0,0.059676,0.0,0.0,0.050149,0.028242,0.0,0.0,0.079208,0.035829,0.042676,0.0,0.0,0.034121,0.0,0.068468,0.072971,0.0,0.047301,0.050803,0.079982,0.0,0.019502,0.0,0.0,0.0,0.080325,0.0,0.047123,0.033858,0.0,0.023531,0.0,0.0,0.0,0.0,0.0,0.023939,0.037913,0.005059
2024-09-20,0.07893,0.0,0.0,0.0,0.059751,0.0,0.0,0.050769,0.027995,0.0,0.0,0.079327,0.035859,0.042044,0.0,0.0,0.033933,0.0,0.068086,0.071381,0.0,0.046993,0.051125,0.082217,0.0,0.019246,0.0,0.0,0.0,0.080126,0.0,0.047794,0.034295,0.0,0.023421,0.0,0.0,0.0,0.0,0.0,0.023929,0.037712,0.005068
2024-09-23,0.079131,0.0,0.0,0.0,0.060087,0.0,0.0,0.050936,0.028077,0.0,0.0,0.079201,0.035679,0.041738,0.0,0.0,0.03403,0.0,0.068418,0.071702,0.0,0.045705,0.051225,0.082715,0.0,0.019247,0.0,0.0,0.0,0.080611,0.0,0.047703,0.033647,0.0,0.023487,0.0,0.0,0.0,0.0,0.0,0.023768,0.037844,0.005049
2024-09-24,0.078716,0.0,0.0,0.0,0.061239,0.0,0.0,0.050344,0.028768,0.0,0.0,0.079011,0.035129,0.040904,0.0,0.0,0.034031,0.0,0.06886,0.071126,0.0,0.045161,0.050739,0.081545,0.0,0.019342,0.0,0.0,0.0,0.080152,0.0,0.048026,0.03508,0.0,0.02498,0.0,0.0,0.0,0.0,0.0,0.02363,0.038202,0.005013
2024-09-25,0.079163,0.0,0.0,0.0,0.061455,0.0,0.0,0.050649,0.028803,0.0,0.0,0.079174,0.035101,0.040585,0.0,0.0,0.034048,0.0,0.068756,0.070275,0.0,0.044955,0.050875,0.082402,0.0,0.019577,0.0,0.0,0.0,0.080033,0.0,0.04821,0.034879,0.0,0.024665,0.0,0.0,0.0,0.0,0.0,0.023682,0.037673,0.00504
2024-09-26,0.078862,0.0,0.0,0.0,0.062679,0.0,0.0,0.050444,0.029272,0.0,0.0,0.078948,0.034984,0.0406,0.0,0.0,0.03393,0.0,0.069589,0.070036,0.0,0.044776,0.050562,0.081147,0.0,0.020105,0.0,0.0,0.0,0.078639,0.0,0.048047,0.034823,0.0,0.02575,0.0,0.0,0.0,0.0,0.0,0.023515,0.038293,0.004999
2024-09-27,0.078885,0.0,0.0,0.0,0.06276,0.0,0.0,0.050295,0.028764,0.0,0.0,0.079284,0.035023,0.040568,0.0,0.0,0.033918,0.0,0.069345,0.070977,0.0,0.044807,0.050564,0.081808,0.0,0.019752,0.0,0.0,0.0,0.078601,0.0,0.047582,0.034286,0.0,0.025524,0.0,0.0,0.0,0.0,0.0,0.023514,0.038752,0.004991
2024-09-30,0.07388,0.070398,0.0,0.0,0.037427,0.010643,0.0,0.040965,0.022013,0.0,0.0,0.073797,0.0368,0.036753,0.0,0.0,0.073698,0.0,0.0,0.05427,0.067944,0.0,0.074034,0.074036,0.0,0.0,0.0,0.0,0.0,0.073703,0.0,0.057116,0.016609,0.049501,0.024153,0.0,0.0,0.0,0.0,0.0,0.029053,0.0,0.003207
2024-10-01,0.073673,0.069797,0.0,0.0,0.037382,0.011105,0.0,0.040826,0.021922,0.0,0.0,0.074046,0.0367,0.035824,0.0,0.0,0.073928,0.0,0.0,0.054608,0.067763,0.0,0.073976,0.074826,0.0,0.0,0.0,0.0,0.0,0.073416,0.0,0.057866,0.016752,0.048527,0.024636,0.0,0.0,0.0,0.0,0.0,0.029211,0.0,0.003216
2024-10-02,0.0738,0.069594,0.0,0.0,0.038027,0.011841,0.0,0.040716,0.021964,0.0,0.0,0.073833,0.036749,0.03577,0.0,0.0,0.073808,0.0,0.0,0.054111,0.067641,0.0,0.073367,0.07488,0.0,0.0,0.0,0.0,0.0,0.073175,0.0,0.057891,0.017002,0.048576,0.024887,0.0,0.0,0.0,0.0,0.0,0.029152,0.0,0.003217
2024-10-03,0.073887,0.069217,0.0,0.0,0.038056,0.011599,0.0,0.040483,0.022118,0.0,0.0,0.074026,0.036775,0.036036,0.0,0.0,0.073877,0.0,0.0,0.054289,0.067437,0.0,0.073074,0.075306,0.0,0.0,0.0,0.0,0.0,0.072947,0.0,0.058201,0.01724,0.048909,0.02408,0.0,0.0,0.0,0.0,0.0,0.029206,0.0,0.003237
2024-10-04,0.073816,0.069426,0.0,0.0,0.038066,0.011993,0.0,0.040222,0.022117,0.0,0.0,0.074666,0.037306,0.036612,0.0,0.0,0.074211,0.0,0.0,0.053167,0.067325,0.0,0.073137,0.075002,0.0,0.0,0.0,0.0,0.0,0.072418,0.0,0.057943,0.017275,0.048483,0.02456,0.0,0.0,0.0,0.0,0.0,0.029025,0.0,0.003229
2024-10-07,0.074595,0.06944,0.0,0.0,0.038708,0.012632,0.0,0.039738,0.022215,0.0,0.0,0.074115,0.037074,0.036625,0.0,0.0,0.074483,0.0,0.0,0.05341,0.067438,0.0,0.072853,0.073725,0.0,0.0,0.0,0.0,0.0,0.072218,0.0,0.0581,0.017126,0.048396,0.024788,0.0,0.0,0.0,0.0,0.0,0.02907,0.0,0.00325
2024-10-08,0.07453,0.069432,0.0,0.0,0.037888,0.011277,0.0,0.04049,0.022505,0.0,0.0,0.074835,0.037322,0.036609,0.0,0.0,0.074716,0.0,0.0,0.053861,0.067865,0.0,0.073281,0.073829,0.0,0.0,0.0,0.0,0.0,0.072429,0.0,0.057724,0.016596,0.048728,0.023687,0.0,0.0,0.0,0.0,0.0,0.029143,0.0,0.003253
2024-10-09,0.07479,0.069504,0.0,0.0,0.037665,0.010983,0.0,0.04057,0.022439,0.0,0.0,0.074667,0.03757,0.036929,0.0,0.0,0.075189,0.0,0.0,0.053861,0.068382,0.0,0.073534,0.073009,0.0,0.0,0.0,0.0,0.0,0.072319,0.0,0.057262,0.016465,0.049044,0.023554,0.0,0.0,0.0,0.0,0.0,0.029021,0.0,0.003245
2024-10-10,0.074947,0.069455,0.0,0.0,0.037774,0.011088,0.0,0.040489,0.022537,0.0,0.0,0.074276,0.037537,0.036946,0.0,0.0,0.074968,0.0,0.0,0.053182,0.068276,0.0,0.073369,0.072946,0.0,0.0,0.0,0.0,0.0,0.071833,0.0,0.057808,0.016809,0.049516,0.023952,0.0,0.0,0.0,0.0,0.0,0.029037,0.0,0.003253
2024-10-11,0.074687,0.069226,0.0,0.0,0.037693,0.011044,0.0,0.040169,0.022591,0.0,0.0,0.074083,0.0379,0.037692,0.0,0.0,0.075586,0.0,0.0,0.053014,0.068127,0.0,0.073079,0.072891,0.0,0.0,0.0,0.0,0.0,0.071959,0.0,0.057887,0.016896,0.049429,0.024023,0.0,0.0,0.0,0.0,0.0,0.0288,0.0,0.003222
2024-10-14,0.074726,0.069165,0.0,0.0,0.037447,0.010776,0.0,0.040092,0.022611,0.0,0.0,0.074116,0.037977,0.03791,0.0,0.0,0.075722,0.0,0.0,0.053907,0.068217,0.0,0.073068,0.073503,0.0,0.0,0.0,0.0,0.0,0.07209,0.0,0.057551,0.016674,0.048938,0.02356,0.0,0.0,0.0,0.0,0.0,0.028739,0.0,0.00321
2024-10-15,0.074599,0.06825,0.0,0.0,0.036846,0.010261,0.0,0.03993,0.022326,0.0,0.0,0.074393,0.038116,0.038322,0.0,0.0,0.075255,0.0,0.0,0.054344,0.067487,0.0,0.073644,0.073945,0.0,0.0,0.0,0.0,0.0,0.073071,0.0,0.057839,0.016799,0.049355,0.023141,0.0,0.0,0.0,0.0,0.0,0.028861,0.0,0.003215
2024-10-16,0.073967,0.067967,0.0,0.0,0.036832,0.010343,0.0,0.039747,0.022469,0.0,0.0,0.073939,0.038377,0.038653,0.0,0.0,0.075425,0.0,0.0,0.054775,0.067309,0.0,0.07319,0.075002,0.0,0.0,0.0,0.0,0.0,0.073471,0.0,0.057812,0.016824,0.048595,0.023331,0.0,0.0,0.0,0.0,0.0,0.028776,0.0,0.003197
2024-10-17,0.074602,0.068232,0.0,0.0,0.036826,0.010092,0.0,0.03936,0.023139,0.0,0.0,0.073791,0.038588,0.039071,0.0,0.0,0.075414,0.0,0.0,0.054473,0.067101,0.0,0.073061,0.07454,0.0,0.0,0.0,0.0,0.0,0.073091,0.0,0.058318,0.016858,0.048615,0.022951,0.0,0.0,0.0,0.0,0.0,0.028671,0.0,0.003207
2024-10-18,0.074228,0.068369,0.0,0.0,0.037008,0.010478,0.0,0.039297,0.022983,0.0,0.0,0.073929,0.038384,0.038367,0.0,0.0,0.075228,0.0,0.0,0.054823,0.067057,0.0,0.07282,0.074559,0.0,0.0,0.0,0.0,0.0,0.073231,0.0,0.058614,0.017781,0.04784,0.023236,0.0,0.0,0.0,0.0,0.0,0.028579,0.0,0.00319
2024-10-21,0.074423,0.068326,0.0,0.0,0.036833,0.010459,0.0,0.039422,0.023028,0.0,0.0,0.074372,0.038458,0.037649,0.0,0.0,0.07571,0.0,0.0,0.053456,0.06693,0.0,0.072929,0.075008,0.0,0.0,0.0,0.0,0.0,0.072512,0.0,0.059186,0.018082,0.048241,0.023175,0.0,0.0,0.0,0.0,0.0,0.028579,0.0,0.003222
2024-10-22,0.074552,0.068151,0.0,0.0,0.036937,0.010574,0.0,0.039061,0.02317,0.0,0.0,0.074579,0.038437,0.038035,0.0,0.0,0.074896,0.0,0.0,0.051737,0.066923,0.0,0.07344,0.074843,0.0,0.0,0.0,0.0,0.0,0.072717,0.0,0.059906,0.018629,0.048116,0.02352,0.0,0.0,0.0,0.0,0.0,0.028552,0.0,0.003227
2024-10-23,0.074357,0.067971,0.0,0.0,0.036912,0.010553,0.0,0.039118,0.022896,0.0,0.0,0.074296,0.03855,0.038159,0.0,0.0,0.074961,0.0,0.0,0.051778,0.066862,0.0,0.073575,0.075849,0.0,0.0,0.0,0.0,0.0,0.073528,0.0,0.059409,0.018093,0.048184,0.023156,0.0,0.0,0.0,0.0,0.0,0.028554,0.0,0.003239
2024-10-24,0.074418,0.068327,0.0,0.0,0.036744,0.010481,0.0,0.039104,0.022913,0.0,0.0,0.074591,0.038604,0.038348,0.0,0.0,0.074486,0.0,0.0,0.052366,0.066458,0.0,0.073516,0.0754,0.0,0.0,0.0,0.0,0.0,0.073728,0.0,0.059899,0.018091,0.047464,0.023133,0.0,0.0,0.0,0.0,0.0,0.028686,0.0,0.003241
2024-10-25,0.07517,0.068313,0.0,0.0,0.037035,0.010556,0.0,0.038783,0.023301,0.0,0.0,0.075116,0.038349,0.037823,0.0,0.0,0.074622,0.0,0.0,0.05181,0.06639,0.0,0.073232,0.074615,0.0,0.0,0.0,0.0,0.0,0.073361,0.0,0.060292,0.018136,0.047735,0.023288,0.0,0.0,0.0,0.0,0.0,0.028815,0.0,0.003257
2024-10-28,0.074753,0.068598,0.0,0.0,0.036946,0.01065,0.0,0.038907,0.022843,0.0,0.0,0.075204,0.038625,0.038684,0.0,0.0,0.074455,0.0,0.0,0.052036,0.066144,0.0,0.072987,0.07481,0.0,0.0,0.0,0.0,0.0,0.07321,0.0,0.059982,0.018101,0.04787,0.02326,0.0,0.0,0.0,0.0,0.0,0.028694,0.0,0.00324
2024-10-29,0.074925,0.068264,0.0,0.0,0.036989,0.010585,0.0,0.039097,0.022871,0.0,0.0,0.076185,0.038526,0.038655,0.0,0.0,0.074624,0.0,0.0,0.050734,0.0662,0.0,0.072529,0.073477,0.0,0.0,0.0,0.0,0.0,0.072946,0.0,0.060854,0.018557,0.048599,0.023267,0.0,0.0,0.0,0.0,0.0,0.028863,0.0,0.003252
2024-10-30,0.075034,0.067759,0.0,0.0,0.036618,0.010462,0.0,0.03894,0.022627,0.0,0.0,0.076687,0.038719,0.038999,0.0,0.0,0.074537,0.0,0.0,0.050864,0.066109,0.0,0.072449,0.073339,0.0,0.0,0.0,0.0,0.0,0.073306,0.0,0.061221,0.018223,0.049008,0.023,0.0,0.0,0.0,0.0,0.0,0.028847,0.0,0.003254
2024-10-31,0.07559,0.0,0.0,0.0,0.075481,0.037613,0.0,0.025472,0.012041,0.0,0.05915,0.075634,0.04304,0.032302,0.0,0.0,0.075096,0.0,0.0,0.058482,0.0,0.0,0.075197,0.075427,0.023191,0.0,0.0,0.0,0.0,0.0753,0.0,0.063772,0.011684,0.0,0.0,0.0,0.0,0.0,0.048386,0.021468,0.031382,0.0,0.004293
2024-11-01,0.076111,0.0,0.0,0.0,0.076101,0.037799,0.0,0.025498,0.012174,0.0,0.060129,0.075951,0.0432,0.032051,0.0,0.0,0.075219,0.0,0.0,0.058464,0.0,0.0,0.075246,0.073767,0.023371,0.0,0.0,0.0,0.0,0.074489,0.0,0.063528,0.011582,0.0,0.0,0.0,0.0,0.0,0.048403,0.021357,0.031267,0.0,0.004295
2024-11-04,0.075744,0.0,0.0,0.0,0.07643,0.038059,0.0,0.025222,0.012255,0.0,0.059885,0.075651,0.042841,0.031795,0.0,0.0,0.075089,0.0,0.0,0.059297,0.0,0.0,0.075407,0.072846,0.02334,0.0,0.0,0.0,0.0,0.07526,0.0,0.063581,0.01161,0.0,0.0,0.0,0.0,0.0,0.048509,0.021502,0.031383,0.0,0.004293
2024-11-05,0.075433,0.0,0.0,0.0,0.076393,0.038517,0.0,0.025142,0.012278,0.0,0.060252,0.075619,0.042747,0.031936,0.0,0.0,0.075478,0.0,0.0,0.059949,0.0,0.0,0.075023,0.073099,0.023399,0.0,0.0,0.0,0.0,0.075393,0.0,0.062999,0.011525,0.0,0.0,0.0,0.0,0.0,0.048091,0.021359,0.031122,0.0,0.004245
2024-11-06,0.076066,0.0,0.0,0.0,0.074826,0.037285,0.0,0.025192,0.012063,0.0,0.061863,0.077084,0.045115,0.035563,0.0,0.0,0.078034,0.0,0.0,0.058378,0.0,0.0,0.073423,0.071975,0.023943,0.0,0.0,0.0,0.0,0.073412,0.0,0.060774,0.010957,0.0,0.0,0.0,0.0,0.0,0.04793,0.021029,0.030865,0.0,0.004223
2024-11-07,0.076353,0.0,0.0,0.0,0.075888,0.038963,0.0,0.024888,0.012266,0.0,0.062126,0.077431,0.04401,0.034114,0.0,0.0,0.076907,0.0,0.0,0.058379,0.0,0.0,0.073065,0.071493,0.024154,0.0,0.0,0.0,0.0,0.073662,0.0,0.061227,0.011124,0.0,0.0,0.0,0.0,0.0,0.047727,0.021097,0.030938,0.0,0.004188
2024-11-08,0.076291,0.0,0.0,0.0,0.074074,0.036786,0.0,0.024598,0.01211,0.0,0.062939,0.076971,0.044359,0.034261,0.0,0.0,0.077648,0.0,0.0,0.058835,0.0,0.0,0.073872,0.072785,0.024101,0.0,0.0,0.0,0.0,0.07468,0.0,0.060746,0.010871,0.0,0.0,0.0,0.0,0.0,0.047753,0.021147,0.030988,0.0,0.004185
2024-11-11,0.076496,0.0,0.0,0.0,0.07346,0.036742,0.0,0.024645,0.011827,0.0,0.064118,0.077294,0.044927,0.035185,0.0,0.0,0.07814,0.0,0.0,0.058961,0.0,0.0,0.073513,0.072885,0.023934,0.0,0.0,0.0,0.0,0.074203,0.0,0.059237,0.010662,0.0,0.0,0.0,0.0,0.0,0.047632,0.021077,0.030881,0.0,0.004179
2024-11-12,0.076652,0.0,0.0,0.0,0.072738,0.035896,0.0,0.024554,0.011784,0.0,0.063884,0.078408,0.045232,0.035321,0.0,0.0,0.078229,0.0,0.0,0.057864,0.0,0.0,0.074318,0.072757,0.0242,0.0,0.0,0.0,0.0,0.073894,0.0,0.059302,0.010805,0.0,0.0,0.0,0.0,0.0,0.047907,0.021092,0.030942,0.0,0.00422
2024-11-13,0.076714,0.0,0.0,0.0,0.072417,0.035843,0.0,0.024323,0.011802,0.0,0.06447,0.078491,0.045288,0.035082,0.0,0.0,0.078444,0.0,0.0,0.057891,0.0,0.0,0.074586,0.072674,0.024131,0.0,0.0,0.0,0.0,0.07435,0.0,0.058742,0.010635,0.0,0.0,0.0,0.0,0.0,0.047949,0.021026,0.030918,0.0,0.004223
2024-11-14,0.077014,0.0,0.0,0.0,0.072701,0.035684,0.0,0.024485,0.011738,0.0,0.063821,0.07873,0.045359,0.034943,0.0,0.0,0.077444,0.0,0.0,0.058547,0.0,0.0,0.074713,0.072726,0.02415,0.0,0.0,0.0,0.0,0.07399,0.0,0.058834,0.010756,0.0,0.0,0.0,0.0,0.0,0.048047,0.021108,0.030968,0.0,0.004242
2024-11-15,0.076223,0.0,0.0,0.0,0.072806,0.035882,0.0,0.024429,0.011742,0.0,0.063585,0.077534,0.045792,0.035143,0.0,0.0,0.077405,0.0,0.0,0.05824,0.0,0.0,0.074418,0.074177,0.023666,0.0,0.0,0.0,0.0,0.074392,0.0,0.059017,0.010716,0.0,0.0,0.0,0.0,0.0,0.048276,0.021221,0.031075,0.0,0.004263
2024-11-18,0.076107,0.0,0.0,0.0,0.07298,0.036155,0.0,0.024391,0.01173,0.0,0.063772,0.077812,0.045643,0.034872,0.0,0.0,0.076818,0.0,0.0,0.057759,0.0,0.0,0.074472,0.074356,0.023594,0.0,0.0,0.0,0.0,0.074464,0.0,0.059764,0.010962,0.0,0.0,0.0,0.0,0.0,0.048066,0.021128,0.030919,0.0,0.004236
2024-11-19,0.075901,0.0,0.0,0.0,0.073023,0.035818,0.0,0.024478,0.01184,0.0,0.063688,0.078161,0.045249,0.034638,0.0,0.0,0.076593,0.0,0.0,0.057542,0.0,0.0,0.07442,0.074677,0.023739,0.0,0.0,0.0,0.0,0.074673,0.0,0.060176,0.010986,0.0,0.0,0.0,0.0,0.0,0.04804,0.021129,0.031002,0.0,0.004229
2024-11-20,0.075585,0.0,0.0,0.0,0.072535,0.036072,0.0,0.024531,0.011729,0.0,0.063472,0.078742,0.045158,0.034545,0.0,0.0,0.076754,0.0,0.0,0.057708,0.0,0.0,0.074117,0.07479,0.023742,0.0,0.0,0.0,0.0,0.074654,0.0,0.060576,0.010842,0.0,0.0,0.0,0.0,0.0,0.048076,0.0211,0.031037,0.0,0.004233
2024-11-21,0.075949,0.0,0.0,0.0,0.072106,0.035558,0.0,0.024179,0.011676,0.0,0.063192,0.078055,0.04545,0.034858,0.0,0.0,0.077236,0.0,0.0,0.057816,0.0,0.0,0.074459,0.075622,0.023836,0.0,0.0,0.0,0.0,0.074741,0.0,0.060705,0.010752,0.0,0.0,0.0,0.0,0.0,0.047798,0.020944,0.030859,0.0,0.004208
2024-11-22,0.075728,0.0,0.0,0.0,0.07171,0.034529,0.0,0.02451,0.011717,0.0,0.063735,0.077439,0.045694,0.035434,0.0,0.0,0.077862,0.0,0.0,0.058387,0.0,0.0,0.074716,0.074783,0.023711,0.0,0.0,0.0,0.0,0.074872,0.0,0.061134,0.010855,0.0,0.0,0.0,0.0,0.0,0.047511,0.020843,0.030645,0.0,0.004186
2024-11-25,0.075732,0.0,0.0,0.0,0.071461,0.034231,0.0,0.024643,0.011602,0.0,0.063968,0.077332,0.045692,0.035849,0.0,0.0,0.077838,0.0,0.0,0.060958,0.0,0.0,0.074638,0.074434,0.023556,0.0,0.0,0.0,0.0,0.075421,0.0,0.058947,0.010466,0.0,0.0,0.0,0.0,0.0,0.04738,0.020966,0.03073,0.0,0.004157
2024-11-26,0.075703,0.0,0.0,0.0,0.071159,0.034014,0.0,0.024559,0.011483,0.0,0.064181,0.077596,0.045768,0.035496,0.0,0.0,0.077908,0.0,0.0,0.059653,0.0,0.0,0.074924,0.075597,0.023667,0.0,0.0,0.0,0.0,0.0757,0.0,0.059044,0.010527,0.0,0.0,0.0,0.0,0.0,0.047277,0.020906,0.030678,0.0,0.004157
2024-11-27,0.075695,0.0,0.0,0.0,0.071132,0.03482,0.0,0.024615,0.011294,0.0,0.0638,0.07762,0.045811,0.035374,0.0,0.0,0.077542,0.0,0.0,0.059602,0.0,0.0,0.075002,0.075521,0.023323,0.0,0.0,0.0,0.0,0.07611,0.0,0.059115,0.010384,0.0,0.0,0.0,0.0,0.0,0.047372,0.020961,0.030754,0.0,0.004153
2024-11-28,0.075902,0.0,0.0,0.0,0.070766,0.034826,0.0,0.02462,0.011296,0.0,0.063812,0.077634,0.045819,0.035381,0.0,0.0,0.077556,0.0,0.0,0.059613,0.0,0.0,0.075016,0.075535,0.023327,0.0,0.0,0.0,0.0,0.076124,0.0,0.059126,0.010386,0.0,0.0,0.0,0.0,0.0,0.047381,0.020965,0.030759,0.0,0.004155
2024-11-29,0.082744,0.0,0.0,0.0,0.048632,0.0368,0.0,0.0,0.046238,0.0,0.082754,0.083202,0.047413,0.035487,0.0,0.0,0.05471,0.0,0.0,0.028681,0.0,0.0,0.0,0.083099,0.014986,0.0,0.044794,0.022234,0.0,0.082791,0.0,0.046978,0.0355,0.0,0.0,0.0,0.0,0.0,0.08298,0.0,0.0,0.02898,0.010998
2024-12-02,0.083091,0.0,0.0,0.0,0.048871,0.036934,0.0,0.0,0.047255,0.0,0.083675,0.084087,0.047054,0.035261,0.0,0.0,0.054437,0.0,0.0,0.028638,0.0,0.0,0.0,0.081509,0.015164,0.0,0.044944,0.022495,0.0,0.08178,0.0,0.046678,0.035419,0.0,0.0,0.0,0.0,0.0,0.083147,0.0,0.0,0.028536,0.011025
2024-12-03,0.08322,0.0,0.0,0.0,0.049044,0.037065,0.0,0.0,0.047426,0.0,0.08359,0.084743,0.04669,0.034941,0.0,0.0,0.05408,0.0,0.0,0.028579,0.0,0.0,0.0,0.080785,0.015215,0.0,0.045322,0.022521,0.0,0.081344,0.0,0.04676,0.036034,0.0,0.0,0.0,0.0,0.0,0.083126,0.0,0.0,0.028494,0.011022
2024-12-04,0.083247,0.0,0.0,0.0,0.048953,0.036507,0.0,0.0,0.047707,0.0,0.083925,0.084494,0.046271,0.034839,0.0,0.0,0.054032,0.0,0.0,0.027818,0.0,0.0,0.0,0.080353,0.015412,0.0,0.046837,0.022874,0.0,0.0807,0.0,0.046657,0.036163,0.0,0.0,0.0,0.0,0.0,0.082888,0.0,0.0,0.029356,0.010967
2024-12-05,0.08353,0.0,0.0,0.0,0.049349,0.036769,0.0,0.0,0.047832,0.0,0.084679,0.084367,0.046446,0.0347,0.0,0.0,0.053419,0.0,0.0,0.027491,0.0,0.0,0.0,0.080666,0.015346,0.0,0.046307,0.022779,0.0,0.080571,0.0,0.046348,0.03623,0.0,0.0,0.0,0.0,0.0,0.082882,0.0,0.0,0.029311,0.010977
2024-12-06,0.083337,0.0,0.0,0.0,0.049129,0.036989,0.0,0.0,0.047471,0.0,0.086216,0.084901,0.046305,0.034699,0.0,0.0,0.053131,0.0,0.0,0.027417,0.0,0.0,0.0,0.07944,0.015362,0.0,0.046813,0.022921,0.0,0.080224,0.0,0.046234,0.035735,0.0,0.0,0.0,0.0,0.0,0.082781,0.0,0.0,0.02995,0.010948
2024-12-09,0.083279,0.0,0.0,0.0,0.050365,0.039946,0.0,0.0,0.047626,0.0,0.086128,0.083272,0.04577,0.034247,0.0,0.0,0.052784,0.0,0.0,0.027701,0.0,0.0,0.0,0.078613,0.015295,0.0,0.045942,0.022655,0.0,0.080625,0.0,0.046793,0.036737,0.0,0.0,0.0,0.0,0.0,0.082856,0.0,0.0,0.028394,0.010972
2024-12-10,0.083349,0.0,0.0,0.0,0.049717,0.03835,0.0,0.0,0.047034,0.0,0.086746,0.085047,0.046014,0.03431,0.0,0.0,0.052946,0.0,0.0,0.027213,0.0,0.0,0.0,0.078475,0.015166,0.0,0.045511,0.022544,0.0,0.079896,0.0,0.047672,0.036953,0.0,0.0,0.0,0.0,0.0,0.083356,0.0,0.0,0.028667,0.011034
2024-12-11,0.083241,0.0,0.0,0.0,0.049472,0.037847,0.0,0.0,0.047192,0.0,0.087735,0.085915,0.045828,0.03428,0.0,0.0,0.052505,0.0,0.0,0.026839,0.0,0.0,0.0,0.077512,0.015293,0.0,0.045939,0.022737,0.0,0.079228,0.0,0.047836,0.036794,0.0,0.0,0.0,0.0,0.0,0.082873,0.0,0.0,0.029964,0.010969
2024-12-12,0.08354,0.0,0.0,0.0,0.049731,0.038063,0.0,0.0,0.04712,0.0,0.087486,0.086547,0.045876,0.034095,0.0,0.0,0.052455,0.0,0.0,0.026631,0.0,0.0,0.0,0.077897,0.015291,0.0,0.045775,0.022855,0.0,0.079536,0.0,0.047393,0.035925,0.0,0.0,0.0,0.0,0.0,0.083098,0.0,0.0,0.029655,0.011031
2024-12-13,0.083347,0.0,0.0,0.0,0.049747,0.037691,0.0,0.0,0.047786,0.0,0.088111,0.085785,0.045984,0.034076,0.0,0.0,0.052484,0.0,0.0,0.026313,0.0,0.0,0.0,0.078195,0.015405,0.0,0.045457,0.023215,0.0,0.07956,0.0,0.046968,0.035464,0.0,0.0,0.0,0.0,0.0,0.083122,0.0,0.0,0.030224,0.011067
2024-12-16,0.083339,0.0,0.0,0.0,0.049423,0.037027,0.0,0.0,0.047499,0.0,0.089079,0.085899,0.045784,0.034174,0.0,0.0,0.052397,0.0,0.0,0.02596,0.0,0.0,0.0,0.077374,0.01552,0.0,0.04583,0.023686,0.0,0.07908,0.0,0.046963,0.035438,0.0,0.0,0.0,0.0,0.0,0.083068,0.0,0.0,0.031419,0.01104
2024-12-17,0.083403,0.0,0.0,0.0,0.049378,0.037664,0.0,0.0,0.047517,0.0,0.089702,0.085582,0.045635,0.033595,0.0,0.0,0.052116,0.0,0.0,0.025829,0.0,0.0,0.0,0.077349,0.015485,0.0,0.045589,0.023511,0.0,0.079001,0.0,0.046962,0.035587,0.0,0.0,0.0,0.0,0.0,0.083209,0.0,0.0,0.031806,0.011082
2024-12-18,0.085709,0.0,0.0,0.0,0.050779,0.038042,0.0,0.0,0.047803,0.0,0.088068,0.085477,0.045513,0.032806,0.0,0.0,0.052068,0.0,0.0,0.025468,0.0,0.0,0.0,0.077647,0.015407,0.0,0.044765,0.02306,0.0,0.077871,0.0,0.047356,0.035325,0.0,0.0,0.0,0.0,0.0,0.08467,0.0,0.0,0.030768,0.011398
2024-12-19,0.084071,0.0,0.0,0.0,0.05033,0.038531,0.0,0.0,0.048467,0.0,0.088449,0.085726,0.045936,0.032813,0.0,0.0,0.052297,0.0,0.0,0.024952,0.0,0.0,0.0,0.078443,0.015511,0.0,0.045193,0.023217,0.0,0.077103,0.0,0.047693,0.035089,0.0,0.0,0.0,0.0,0.0,0.085065,0.0,0.0,0.029648,0.011465
2024-12-20,0.083821,0.0,0.0,0.0,0.049832,0.038479,0.0,0.0,0.048354,0.0,0.087841,0.085382,0.04618,0.033031,0.0,0.0,0.052413,0.0,0.0,0.02498,0.0,0.0,0.0,0.078946,0.015595,0.0,0.045672,0.023264,0.0,0.077666,0.0,0.047738,0.035284,0.0,0.0,0.0,0.0,0.0,0.084794,0.0,0.0,0.029369,0.011359
2024-12-23,0.083375,0.0,0.0,0.0,0.049912,0.038603,0.0,0.0,0.049212,0.0,0.088035,0.085779,0.046253,0.033069,0.0,0.0,0.052358,0.0,0.0,0.024953,0.0,0.0,0.0,0.07915,0.015747,0.0,0.045326,0.023383,0.0,0.077906,0.0,0.047475,0.035347,0.0,0.0,0.0,0.0,0.0,0.084498,0.0,0.0,0.028268,0.011352
2024-12-24,0.083234,0.0,0.0,0.0,0.049657,0.03858,0.0,0.0,0.048677,0.0,0.089226,0.085778,0.046358,0.033035,0.0,0.0,0.052272,0.0,0.0,0.024834,0.0,0.0,0.0,0.07884,0.015761,0.0,0.045416,0.02339,0.0,0.077687,0.0,0.047123,0.035054,0.0,0.0,0.0,0.0,0.0,0.083972,0.0,0.0,0.029862,0.011246
2024-12-26,0.083307,0.0,0.0,0.0,0.049701,0.038711,0.0,0.0,0.04828,0.0,0.088973,0.085741,0.046513,0.033247,0.0,0.0,0.052357,0.0,0.0,0.024851,0.0,0.0,0.0,0.078723,0.015785,0.0,0.045355,0.0235,0.0,0.077964,0.0,0.047482,0.03524,0.0,0.0,0.0,0.0,0.0,0.08426,0.0,0.0,0.028754,0.011255
2024-12-27,0.083954,0.0,0.0,0.0,0.04983,0.038726,0.0,0.0,0.04859,0.0,0.088198,0.085655,0.046539,0.033113,0.0,0.0,0.05238,0.0,0.0,0.024784,0.0,0.0,0.0,0.07912,0.015699,0.0,0.045016,0.023412,0.0,0.077795,0.0,0.047531,0.035023,0.0,0.0,0.0,0.0,0.0,0.084639,0.0,0.0,0.028647,0.011348
2024-12-30,0.083826,0.0,0.0,0.0,0.049752,0.038615,0.0,0.0,0.048447,0.0,0.087493,0.085451,0.046468,0.033247,0.0,0.0,0.052278,0.0,0.0,0.02486,0.0,0.0,0.0,0.079433,0.015626,0.0,0.04479,0.023336,0.0,0.078044,0.0,0.047768,0.034875,0.0,0.0,0.0,0.0,0.0,0.085452,0.0,0.0,0.028795,0.011444
2024-12-31,0.03735,0.0,0.0,0.050392,0.0,0.034557,0.0,0.0,0.0,0.0,0.087561,0.087474,0.043786,0.043934,0.0,0.0,0.062108,0.025687,0.0,0.087747,0.0,0.0,0.034684,0.087972,0.0,0.0,0.056753,0.02212,0.0,0.087715,0.0,0.087728,0.0,0.0,0.0,0.0,0.0,0.0,0.0,0.0,0.0,0.047701,0.01473
2025-01-02,0.037183,0.0,0.0,0.051583,0.0,0.033908,0.0,0.0,0.0,0.0,0.086334,0.087822,0.043639,0.043452,0.0,0.0,0.061837,0.025702,0.0,0.086542,0.0,0.0,0.034548,0.088568,0.0,0.0,0.056584,0.022205,0.0,0.086861,0.0,0.088841,0.0,0.0,0.0,0.0,0.0,0.0,0.0,0.0,0.0,0.049668,0.014723
2025-01-03,0.036973,0.0,0.0,0.050955,0.0,0.033893,0.0,0.0,0.0,0.0,0.087341,0.08762,0.043614,0.043668,0.0,0.0,0.06198,0.025832,0.0,0.086866,0.0,0.0,0.03424,0.088756,0.0,0.0,0.056984,0.022225,0.0,0.087262,0.0,0.087402,0.0,0.0,0.0,0.0,0.0,0.0,0.0,0.0,0.0,0.04979,0.014599
2025-01-06,0.037541,0.0,0.0,0.051237,0.0,0.033298,0.0,0.0,0.0,0.0,0.087599,0.088482,0.043436,0.043641,0.0,0.0,0.061784,0.026022,0.0,0.08652,0.0,0.0,0.033848,0.08768,0.0,0.0,0.057046,0.022348,0.0,0.086056,0.0,0.087208,0.0,0.0,0.0,0.0,0.0,0.0,0.0,0.0,0.0,0.051668,0.014586
2025-01-07,0.037568,0.0,0.0,0.051324,0.0,0.033387,0.0,0.0,0.0,0.0,0.086857,0.08847,0.043819,0.043753,0.0,0.0,0.062409,0.026322,0.0,0.086283,0.0,0.0,0.034104,0.088432,0.0,0.0,0.056267,0.022279,0.0,0.086183,0.0,0.088673,0.0,0.0,0.0,0.0,0.0,0.0,0.0,0.0,0.0,0.04912,0.01475
2025-01-08,0.037357,0.0,0.0,0.051123,0.0,0.033156,0.0,0.0,0.0,0.0,0.087095,0.087938,0.04396,0.043757,0.0,0.0,0.062648,0.026319,0.0,0.087286,0.0,0.0,0.034163,0.088401,0.0,0.0,0.056268,0.022382,0.0,0.086402,0.0,0.089137,0.0,0.0,0.0,0.0,0.0,0.0,0.0,0.0,0.0,0.047858,0.014751
2025-01-09,0.037349,0.0,0.0,0.051163,0.0,0.033154,0.0,0.0,0.0,0.0,0.087092,0.087935,0.043958,0.043755,0.0,0.0,0.062646,0.026319,0.0,0.087283,0.0,0.0,0.034162,0.088398,0.0,0.0,0.056266,0.022381,0.0,0.086399,0.0,0.089134,0.0,0.0,0.0,0.0,0.0,0.0,0.0,0.0,0.0,0.047856,0.01475
2025-01-10,0.037228,0.0,0.0,0.051278,0.0,0.032657,0.0,0.0,0.0,0.0,0.087313,0.087705,0.043433,0.042969,0.0,0.0,0.062716,0.026485,0.0,0.086549,0.0,0.0,0.034123,0.088995,0.0,0.0,0.055825,0.022438,0.0,0.085343,0.0,0.091108,0.0,0.0,0.0,0.0,0.0,0.0,0.0,0.0,0.0,0.048899,0.014935
2025-01-13,0.037029,0.0,0.0,0.051155,0.0,0.032729,0.0,0.0,0.0,0.0,0.087681,0.087615,0.043682,0.04342,0.0,0.0,0.063361,0.026528,0.0,0.087859,0.0,0.0,0.034133,0.087832,0.0,0.0,0.055258,0.022293,0.0,0.086266,0.0,0.090072,0.0,0.0,0.0,0.0,0.0,0.0,0.0,0.0,0.0,0.048172,0.014915
2025-01-14,0.036862,0.0,0.0,0.050802,0.0,0.033086,0.0,0.0,0.0,0.0,0.086572,0.086386,0.043749,0.044373,0.0,0.0,0.063421,0.026456,0.0,0.089448,0.0,0.0,0.033775,0.08803,0.0,0.0,0.05526,0.022207,0.0,0.086119,0.0,0.089574,0.0,0.0,0.0,0.0,0.0,0.0,0.0,0.0,0.0,0.049122,0.014756
2025-01-15,0.036764,0.0,0.0,0.050978,0.0,0.032914,0.0,0.0,0.0,0.0,0.087376,0.086422,0.044157,0.044813,0.0,0.0,0.062817,0.02632,0.0,0.09027,0.0,0.0,0.03313,0.087913,0.0,0.0,0.055372,0.0222,0.0,0.085247,0.0,0.088822,0.0,0.0,0.0,0.0,0.0,0.0,0.0,0.0,0.0,0.049957,0.014528
2025-01-16,0.036794,0.0,0.0,0.050869,0.0,0.032672,0.0,0.0,0.0,0.0,0.086321,0.085357,0.044154,0.044242,0.0,0.0,0.063152,0.026516,0.0,0.090355,0.0,0.0,0.033154,0.089531,0.0,0.0,0.055101,0.022072,0.0,0.08643,0.0,0.088837,0.0,0.0,0.0,0.0,0.0,0.0,0.0,0.0,0.0,0.050012,0.014429
2025-01-17,0.036815,0.0,0.0,0.050796,0.0,0.033104,0.0,0.0,0.0,0.0,0.086904,0.085482,0.044207,0.044517,0.0,0.0,0.063075,0.026097,0.0,0.090061,0.0,0.0,0.033105,0.089013,0.0,0.0,0.05524,0.021924,0.0,0.085752,0.0,0.087732,0.0,0.0,0.0,0.0,0.0,0.0,0.0,0.0,0.0,0.05185,0.014328
2025-01-20,0.036997,0.0,0.0,0.050677,0.0,0.033101,0.0,0.0,0.0,0.0,0.086898,0.085476,0.044203,0.044513,0.0,0.0,0.06307,0.026095,0.0,0.090055,0.0,0.0,0.033102,0.089006,0.0,0.0,0.055236,0.021922,0.0,0.085746,0.0,0.087726,0.0,0.0,0.0,0.0,0.0,0.0,0.0,0.0,0.0,0.051846,0.014331
2025-01-21,0.036662,0.0,0.0,0.050365,0.0,0.032952,0.0,0.0,0.0,0.0,0.086579,0.085306,0.044086,0.044514,0.0,0.0,0.063663,0.026245,0.0,0.089039,0.0,0.0,0.032894,0.089386,0.0,0.0,0.055521,0.022179,0.0,0.086399,0.0,0.088111,0.0,0.0,0.0,0.0,0.0,0.0,0.0,0.0,0.0,0.051924,0.014175
2025-01-22,0.037063,0.0,0.0,0.050449,0.0,0.032896,0.0,0.0,0.0,0.0,0.086477,0.086381,0.043991,0.04421,0.0,0.0,0.063679,0.026148,0.0,0.089695,0.0,0.0,0.032818,0.087681,0.0,0.0,0.056844,0.022478,0.0,0.085115,0.0,0.088794,0.0,0.0,0.0,0.0,0.0,0.0,0.0,0.0,0.0,0.05107,0.014211
2025-01-23,0.037023,0.0,0.0,0.050351,0.0,0.032776,0.0,0.0,0.0,0.0,0.086795,0.086404,0.044141,0.044,0.0,0.0,0.064173,0.026346,0.0,0.089534,0.0,0.0,0.032859,0.087889,0.0,0.0,0.056809,0.022348,0.0,0.08554,0.0,0.088461,0.0,0.0,0.0,0.0,0.0,0.0,0.0,0.0,0.0,0.050367,0.014181
2025-01-24,0.03712,0.0,0.0,0.050029,0.0,0.03349,0.0,0.0,0.0,0.0,0.086024,0.086941,0.044147,0.044082,0.0,0.0,0.063722,0.026261,0.0,0.088453,0.0,0.0,0.032936,0.088533,0.0,0.0,0.056411,0.022306,0.0,0.085593,0.0,0.088761,0.0,0.0,0.0,0.0,0.0,0.0,0.0,0.0,0.0,0.051049,0.014143
2025-01-27,0.03652,0.0,0.0,0.049516,0.0,0.033785,0.0,0.0,0.0,0.0,0.086636,0.087514,0.044696,0.044683,0.0,0.0,0.062956,0.02671,0.0,0.090768,0.0,0.0,0.033876,0.086605,0.0,0.0,0.055554,0.021865,0.0,0.086856,0.0,0.087961,0.0,0.0,0.0,0.0,0.0,0.0,0.0,0.0,0.0,0.049332,0.014165
2025-01-28,0.036774,0.0,0.0,0.049832,0.0,0.034294,0.0,0.0,0.0,0.0,0.086848,0.088048,0.044673,0.044624,0.0,0.0,0.062617,0.026404,0.0,0.089021,0.0,0.0,0.033388,0.085517,0.0,0.0,0.057181,0.022475,0.0,0.085913,0.0,0.088832,0.0,0.0,0.0,0.0,0.0,0.0,0.0,0.0,0.0,0.049373,0.014186
2025-01-29,0.036943,0.0,0.0,0.050221,0.0,0.034261,0.0,0.0,0.0,0.0,0.086786,0.088628,0.044734,0.044636,0.0,0.0,0.062538,0.026358,0.0,0.087749,0.0,0.0,0.03354,0.08588,0.0,0.0,0.056479,0.022362,0.0,0.08496,0.0,0.08868,0.0,0.0,0.0,0.0,0.0,0.0,0.0,0.0,0.0,0.051031,0.014217
2025-01-30,0.036674,0.0,0.0,0.050222,0.0,0.034732,0.0,0.0,0.0,0.0,0.086718,0.087786,0.044689,0.044622,0.0,0.0,0.062575,0.025622,0.0,0.089038,0.0,0.0,0.033517,0.086753,0.0,0.0,0.055499,0.022467,0.0,0.08514,0.0,0.089081,0.0,0.0,0.0,0.0,0.0,0.0,0.0,0.0,0.0,0.050796,0.014068
2025-01-31,0.014497,0.0,0.0,0.059572,0.0,0.045903,0.0,0.0,0.0,0.0,0.074006,0.074004,0.059988,0.01405,0.0,0.0,0.0,0.0,0.0,0.0,0.0,0.0,0.05654,0.052239,0.0,0.0,0.030553,0.043306,0.0,0.028495,0.0,0.073882,0.0,0.074179,0.0,0.0,0.036285,0.03742,0.036982,0.036991,0.074172,0.074135,0.002803
2025-02-03,0.014269,0.0,0.0,0.059151,0.0,0.045672,0.0,0.0,0.0,0.0,0.073159,0.074297,0.059851,0.01381,0.0,0.0,0.0,0.0,0.0,0.0,0.0,0.0,0.056864,0.052615,0.0,0.0,0.030489,0.04314,0.0,0.028486,0.0,0.07441,0.0,0.074421,0.0,0.0,0.036376,0.037574,0.037002,0.037116,0.074422,0.07407,0.002808
2025-02-04,0.014318,0.0,0.0,0.058925,0.0,0.046692,0.0,0.0,0.0,0.0,0.073816,0.074756,0.059546,0.013998,0.0,0.0,0.0,0.0,0.0,0.0,0.0,0.0,0.056228,0.052008,0.0,0.0,0.030945,0.043648,0.0,0.02843,0.0,0.074935,0.0,0.074457,0.0,0.0,0.036365,0.037533,0.037016,0.037086,0.074479,0.072018,0.002801
2025-02-05,0.014316,0.0,0.0,0.059068,0.0,0.045816,0.0,0.0,0.0,0.0,0.072836,0.073889,0.060057,0.01413,0.0,0.0,0.0,0.0,0.0,0.0,0.0,0.0,0.056467,0.052427,0.0,0.0,0.03108,0.044272,0.0,0.028773,0.0,0.075253,0.0,0.074686,0.0,0.0,0.036505,0.037625,0.037041,0.037271,0.074752,0.07094,0.002796
2025-02-06,0.014399,0.0,0.0,0.059558,0.0,0.046388,0.0,0.0,0.0,0.0,0.073043,0.074122,0.060488,0.014243,0.0,0.0,0.0,0.0,0.0,0.0,0.0,0.0,0.056661,0.052308,0.0,0.0,0.031124,0.04396,0.0,0.028812,0.0,0.074969,0.0,0.074094,0.0,0.0,0.036421,0.037517,0.036944,0.037161,0.074603,0.070392,0.002793
2025-02-07,0.014383,0.0,0.0,0.059235,0.0,0.047156,0.0,0.0,0.0,0.0,0.071907,0.074266,0.060398,0.014143,0.0,0.0,0.0,0.0,0.0,0.0,0.0,0.0,0.056806,0.052415,0.0,0.0,0.031068,0.044473,0.0,0.028836,0.0,0.075409,0.0,0.074101,0.0,0.0,0.036448,0.03757,0.036979,0.03715,0.074619,0.069833,0.002804
2025-02-10,0.014316,0.0,0.0,0.059191,0.0,0.048021,0.0,0.0,0.0,0.0,0.071633,0.074061,0.059488,0.01389,0.0,0.0,0.0,0.0,0.0,0.0,0.0,0.0,0.056745,0.052603,0.0,0.0,0.031368,0.044961,0.0,0.028615,0.0,0.076134,0.0,0.074421,0.0,0.0,0.036178,0.037317,0.036786,0.036893,0.074082,0.070512,0.002784
2025-02-11,0.014382,0.0,0.0,0.059078,0.0,0.047727,0.0,0.0,0.0,0.0,0.07104,0.074415,0.059825,0.014107,0.0,0.0,0.0,0.0,0.0,0.0,0.0,0.0,0.057471,0.053035,0.0,0.0,0.031147,0.044871,0.0,0.02883,0.0,0.076093,0.0,0.074653,0.0,0.0,0.036197,0.037423,0.036887,0.036925,0.073993,0.069109,0.002793
2025-02-12,0.014303,0.0,0.0,0.058327,0.0,0.048977,0.0,0.0,0.0,0.0,0.071019,0.074485,0.059608,0.013813,0.0,0.0,0.0,0.0,0.0,0.0,0.0,0.0,0.057422,0.052935,0.0,0.0,0.031037,0.044879,0.0,0.02856,0.0,0.076163,0.0,0.074858,0.0,0.0,0.035944,0.037194,0.036804,0.036721,0.073747,0.070412,0.002793
2025-02-13,0.014376,0.0,0.0,0.058083,0.0,0.048597,0.0,0.0,0.0,0.0,0.071554,0.074786,0.059561,0.013784,0.0,0.0,0.0,0.0,0.0,0.0,0.0,0.0,0.057614,0.052664,0.0,0.0,0.03131,0.045384,0.0,0.028633,0.0,0.076348,0.0,0.074891,0.0,0.0,0.035946,0.037125,0.036698,0.036734,0.073805,0.069335,0.002773
2025-02-14,0.014414,0.0,0.0,0.058037,0.0,0.05004,0.0,0.0,0.0,0.0,0.071428,0.075144,0.059597,0.013801,0.0,0.0,0.0,0.0,0.0,0.0,0.0,0.0,0.056965,0.052376,0.0,0.0,0.031295,0.045184,0.0,0.028464,0.0,0.075113,0.0,0.074739,0.0,0.0,0.036049,0.037144,0.036691,0.036829,0.073935,0.069986,0.00277
2025-02-17,0.014449,0.0,0.0,0.058225,0.0,0.050028,0.0,0.0,0.0,0.0,0.071411,0.075126,0.059583,0.013798,0.0,0.0,0.0,0.0,0.0,0.0,0.0,0.0,0.056952,0.052363,0.0,0.0,0.031287,0.045173,0.0,0.028458,0.0,0.075095,0.0,0.074721,0.0,0.0,0.03604,0.037136,0.036682,0.03682,0.073917,0.069969,0.002769
2025-02-18,0.014418,0.0,0.0,0.058401,0.0,0.050487,0.0,0.0,0.0,0.0,0.071161,0.074722,0.059965,0.013898,0.0,0.0,0.0,0.0,0.0,0.0,0.0,0.0,0.057115,0.052815,0.0,0.0,0.031578,0.045438,0.0,0.028564,0.0,0.076283,0.0,0.075223,0.0,0.0,0.035821,0.036989,0.036624,0.036643,0.073547,0.067539,0.002768
2025-02-19,0.014387,0.0,0.0,0.058306,0.0,0.050203,0.0,0.0,0.0,0.0,0.071062,0.074747,0.059939,0.013816,0.0,0.0,0.0,0.0,0.0,0.0,0.0,0.0,0.057527,0.053049,0.0,0.0,0.030999,0.04506,0.0,0.028563,0.0,0.076263,0.0,0.074738,0.0,0.0,0.03585,0.037034,0.036621,0.036634,0.073503,0.068935,0.002766
2025-02-20,0.014355,0.0,0.0,0.057553,0.0,0.051247,0.0,0.0,0.0,0.0,0.0706,0.074557,0.059146,0.01362,0.0,0.0,0.0,0.0,0.0,0.0,0.0,0.0,0.057424,0.053156,0.0,0.0,0.030497,0.044422,0.0,0.02876,0.0,0.076465,0.0,0.074101,0.0,0.0,0.036,0.037188,0.036722,0.036801,0.073798,0.070815,0.002772
2025-02-21,0.014478,0.0,0.0,0.057955,0.0,0.052685,0.0,0.0,0.0,0.0,0.069355,0.07419,0.058929,0.013441,0.0,0.0,0.0,0.0,0.0,0.0,0.0,0.0,0.058612,0.053642,0.0,0.0,0.029718,0.043203,0.0,0.028731,0.0,0.077075,0.0,0.07377,0.0,0.0,0.036534,0.037595,0.03698,0.037259,0.074479,0.068573,0.002796
2025-02-24,0.014409,0.0,0.0,0.057403,0.0,0.050879,0.0,0.0,0.0,0.0,0.06944,0.074706,0.059481,0.013427,0.0,0.0,0.0,0.0,0.0,0.0,0.0,0.0,0.059084,0.053642,0.0,0.0,0.029495,0.042829,0.0,0.028988,0.0,0.077881,0.0,0.07274,0.0,0.0,0.036795,0.037866,0.037211,0.037542,0.074926,0.068445,0.002811
2025-02-25,0.014312,0.0,0.0,0.05699,0.0,0.051622,0.0,0.0,0.0,0.0,0.069476,0.074025,0.059813,0.013529,0.0,0.0,0.0,0.0,0.0,0.0,0.0,0.0,0.06027,0.053682,0.0,0.0,0.029184,0.042812,0.0,0.029514,0.0,0.077299,0.0,0.073242,0.0,0.0,0.0373,0.038246,0.037521,0.038048,0.075833,0.064454,0.002827
2025-02-26,0.014512,0.0,0.0,0.057855,0.0,0.052917,0.0,0.0,0.0,0.0,0.069211,0.073915,0.059702,0.013547,0.0,0.0,0.0,0.0,0.0,0.0,0.0,0.0,0.059134,0.053921,0.0,0.0,0.029599,0.043276,0.0,0.029399,0.0,0.077439,0.0,0.073426,0.0,0.0,0.037414,0.038289,0.037583,0.03814,0.076104,0.061789,0.002829
2025-02-27,0.014524,0.0,0.0,0.058351,0.0,0.052878,0.0,0.0,0.0,0.0,0.068769,0.073799,0.060521,0.013685,0.0,0.0,0.0,0.0,0.0,0.0,0.0,0.0,0.059609,0.053155,0.0,0.0,0.029051,0.042654,0.0,0.029757,0.0,0.076882,0.0,0.073179,0.0,0.0,0.037675,0.038556,0.037819,0.03829,0.076466,0.061529,0.002852
2025-02-28,0.027342,0.0,0.017055,0.069016,0.0,0.074801,0.0,0.0,0.0,0.0,0.096805,0.096708,0.054221,0.042431,0.0,0.0,0.075185,0.0,0.0,0.0,0.0,0.0,0.0,0.027071,0.0,0.0,0.028151,0.062163,0.0,0.0,0.0,0.082,0.013467,0.096866,0.0,0.0,0.0,0.0,0.02502,0.0,0.0,0.09692,0.014779
2025-03-03,0.027799,0.0,0.017327,0.069166,0.0,0.074101,0.0,0.0,0.0,0.0,0.095505,0.096228,0.054037,0.042141,0.0,0.0,0.074492,0.0,0.0,0.0,0.0,0.0,0.0,0.027247,0.0,0.0,0.02776,0.061827,0.0,0.0,0.0,0.083503,0.013746,0.095741,0.0,0.0,0.0,0.0,0.025095,0.0,0.0,0.099431,0.014855
2025-03-04,0.027141,0.0,0.017313,0.066786,0.0,0.075772,0.0,0.0,0.0,0.0,0.094522,0.09618,0.052526,0.040883,0.0,0.0,0.073586,0.0,0.0,0.0,0.0,0.0,0.0,0.027004,0.0,0.0,0.027912,0.063261,0.0,0.0,0.0,0.08486,0.013969,0.096976,0.0,0.0,0.0,0.0,0.02528,0.0,0.0,0.101062,0.014968
2025-03-05,0.026974,0.0,0.017442,0.06537,0.0,0.078345,0.0,0.0,0.0,0.0,0.094596,0.096033,0.05208,0.040301,0.0,0.0,0.073684,0.0,0.0,0.0,0.0,0.0,0.0,0.026432,0.0,0.0,0.027994,0.062981,0.0,0.0,0.0,0.083827,0.014136,0.096327,0.0,0.0,0.0,0.0,0.024933,0.0,0.0,0.103788,0.014757
2025-03-06,0.027529,0.0,0.017505,0.066386,0.0,0.079677,0.0,0.0,0.0,0.0,0.09325,0.095387,0.051804,0.040134,0.0,0.0,0.073886,0.0,0.0,0.0,0.0,0.0,0.0,0.026179,0.0,0.0,0.027246,0.061991,0.0,0.0,0.0,0.084353,0.014259,0.097057,0.0,0.0,0.0,0.0,0.025123,0.0,0.0,0.10331,0.014925
2025-03-07,0.027084,0.0,0.017665,0.065328,0.0,0.079718,0.0,0.0,0.0,0.0,0.093176,0.096101,0.051585,0.040198,0.0,0.0,0.074827,0.0,0.0,0.0,0.0,0.0,0.0,0.026693,0.0,0.0,0.027269,0.062655,0.0,0.0,0.0,0.084486,0.014226,0.097936,0.0,0.0,0.0,0.0,0.02519,0.0,0.0,0.10092,0.014944
2025-03-10,0.027617,0.0,0.017757,0.067015,0.0,0.079395,0.0,0.0,0.0,0.0,0.092279,0.096238,0.051793,0.039695,0.0,0.0,0.075648,0.0,0.0,0.0,0.0,0.0,0.0,0.027716,0.0,0.0,0.026585,0.061762,0.0,0.0,0.0,0.08601,0.014373,0.101076,0.0,0.0,0.0,0.0,0.025773,0.0,0.0,0.093919,0.015349
2025-03-11,0.027172,0.0,0.017608,0.065499,0.0,0.080717,0.0,0.0,0.0,0.0,0.091168,0.094604,0.051234,0.039305,0.0,0.0,0.074316,0.0,0.0,0.0,0.0,0.0,0.0,0.027395,0.0,0.0,0.026781,0.062186,0.0,0.0,0.0,0.08682,0.014759,0.100883,0.0,0.0,0.0,0.0,0.025624,0.0,0.0,0.098611,0.015317
2025-03-12,0.027342,0.0,0.017874,0.065822,0.0,0.080161,0.0,0.0,0.0,0.0,0.091392,0.094759,0.051138,0.039579,0.0,0.0,0.074062,0.0,0.0,0.0,0.0,0.0,0.0,0.027219,0.0,0.0,0.027226,0.062299,0.0,0.0,0.0,0.086907,0.014838,0.100321,0.0,0.0,0.0,0.0,0.025567,0.0,0.0,0.09823,0.015264
2025-03-13,0.027313,0.0,0.017986,0.066146,0.0,0.081171,0.0,0.0,0.0,0.0,0.090008,0.093746,0.051371,0.039576,0.0,0.0,0.074043,0.0,0.0,0.0,0.0,0.0,0.0,0.02756,0.0,0.0,0.026588,0.061485,0.0,0.0,0.0,0.08934,0.015245,0.101483,0.0,0.0,0.0,0.0,0.025681,0.0,0.0,0.095836,0.015421
2025-03-14,0.027105,0.0,0.017914,0.065806,0.0,0.081877,0.0,0.0,0.0,0.0,0.090137,0.09361,0.051541,0.039919,0.0,0.0,0.073929,0.0,0.0,0.0,0.0,0.0,0.0,0.027552,0.0,0.0,0.027063,0.062299,0.0,0.0,0.0,0.087639,0.014934,0.098912,0.0,0.0,0.0,0.0,0.025297,0.0,0.0,0.099343,0.015124
2025-03-17,0.027097,0.0,0.017943,0.065799,0.0,0.082969,0.0,0.0,0.0,0.0,0.089487,0.093451,0.051689,0.039869,0.0,0.0,0.074291,0.0,0.0,0.0,0.0,0.0,0.0,0.027425,0.0,0.0,0.027179,0.062695,0.0,0.0,0.0,0.08734,0.014851,0.099526,0.0,0.0,0.0,0.0,0.025135,0.0,0.0,0.098262,0.01499
2025-03-18,0.027204,0.0,0.018017,0.06609,0.0,0.083131,0.0,0.0,0.0,0.0,0.088502,0.092784,0.051984,0.0401,0.0,0.0,0.07421,0.0,0.0,0.0,0.0,0.0,0.0,0.027423,0.0,0.0,0.026967,0.062747,0.0,0.0,0.0,0.088972,0.014974,0.100217,0.0,0.0,0.0,0.0,0.025265,0.0,0.0,0.096317,0.015096
2025-03-19,0.027043,0.0,0.018021,0.066041,0.0,0.08214,0.0,0.0,0.0,0.0,0.0892,0.092847,0.051974,0.040082,0.0,0.0,0.074362,0.0,0.0,0.0,0.0,0.0,0.0,0.027219,0.0,0.0,0.027088,0.062782,0.0,0.0,0.0,0.088348,0.01476,0.09907,0.0,0.0,0.0,0.0,0.02515,0.0,0.0,0.098939,0.014932
2025-03-20,0.027203,0.0,0.018026,0.066808,0.0,0.080306,0.0,0.0,0.0,0.0,0.089486,0.093165,0.05234,0.040096,0.0,0.0,0.074404,0.0,0.0,0.0,0.0,0.0,0.0,0.027483,0.0,0.0,0.027129,0.062094,0.0,0.0,0.0,0.08873,0.014722,0.099811,0.0,0.0,0.0,0.0,0.025256,0.0,0.0,0.097926,0.015017
2025-03-21,0.027185,0.0,0.018096,0.066466,0.0,0.079128,0.0,0.0,0.0,0.0,0.090146,0.094249,0.052345,0.040171,0.0,0.0,0.074284,0.0,0.0,0.0,0.0,0.0,0.0,0.027409,0.0,0.0,0.027389,0.062231,0.0,0.0,0.0,0.088346,0.014545,0.09959,0.0,0.0,0.0,0.0,0.025312,0.0,0.0,0.098032,0.015075
2025-03-24,0.027157,0.0,0.017778,0.066534,0.0,0.077854,0.0,0.0,0.0,0.0,0.092086,0.094112,0.052449,0.040612,0.0,0.0,0.074497,0.0,0.0,0.0,0.0,0.0,0.0,0.026978,0.0,0.0,0.027634,0.062264,0.0,0.0,0.0,0.086599,0.014292,0.097837,0.0,0.0,0.0,0.0,0.024995,0.0,0.0,0.101481,0.014843
2025-03-25,0.027157,0.0,0.017848,0.066463,0.0,0.076753,0.0,0.0,0.0,0.0,0.092523,0.094999,0.052572,0.040422,0.0,0.0,0.074369,0.0,0.0,0.0,0.0,0.0,0.0,0.026461,0.0,0.0,0.027822,0.062769,0.0,0.0,0.0,0.086701,0.014541,0.097852,0.0,0.0,0.0,0.0,0.024902,0.0,0.0,0.101052,0.014794
2025-03-26,0.027187,0.0,0.017756,0.066741,0.0,0.077362,0.0,0.0,0.0,0.0,0.092039,0.094938,0.052832,0.040585,0.0,0.0,0.074463,0.0,0.0,0.0,0.0,0.0,0.0,0.026848,0.0,0.0,0.027391,0.062168,0.0,0.0,0.0,0.087316,0.014633,0.097891,0.0,0.0,0.0,0.0,0.024999,0.0,0.0,0.099934,0.014918
2025-03-27,0.027098,0.0,0.017738,0.066336,0.0,0.078535,0.0,0.0,0.0,0.0,0.092137,0.094556,0.052749,0.040279,0.0,0.0,0.074099,0.0,0.0,0.0,0.0,0.0,0.0,0.026853,0.0,0.0,0.026934,0.061241,0.0,0.0,0.0,0.088524,0.015018,0.097417,0.0,0.0,0.0,0.0,0.024962,0.0,0.0,0.100599,0.014926
2025-03-28,0.027095,0.0,0.017696,0.066096,0.0,0.078189,0.0,0.0,0.0,0.0,0.0909,0.093439,0.052672,0.040179,0.0,0.0,0.073893,0.0,0.0,0.0,0.0,0.0,0.0,0.027543,0.0,0.0,0.026639,0.061179,0.0,0.0,0.0,0.090805,0.015135,0.099342,0.0,0.0,0.0,0.0,0.025372,0.0,0.0,0.098627,0.015197
2025-03-31,0.017687,0.035991,0.0,0.0,0.0,0.075473,0.0,0.0,0.0,0.0,0.066614,0.075307,0.05246,0.022809,0.015262,0.0,0.052618,0.0,0.0,0.0,0.0,0.0,0.0,0.029188,0.0,0.0,0.0,0.07027,0.0,0.0,0.029359,0.075364,0.0,0.075657,0.0,0.0,0.021275,0.053651,0.053385,0.021657,0.07569,0.075689,0.004594
2025-04-01,0.017796,0.035856,0.0,0.0,0.0,0.075204,0.0,0.0,0.0,0.0,0.066885,0.07488,0.052067,0.022567,0.015255,0.0,0.052582,0.0,0.0,0.0,0.0,0.0,0.0,0.029078,0.0,0.0,0.0,0.070404,0.0,0.0,0.029031,0.074741,0.0,0.076864,0.0,0.0,0.021216,0.053347,0.053172,0.021597,0.075456,0.077436,0.004565
2025-04-02,0.01776,0.035745,0.0,0.0,0.0,0.074193,0.0,0.0,0.0,0.0,0.067723,0.074667,0.052163,0.02276,0.015179,0.0,0.05274,0.0,0.0,0.0,0.0,0.0,0.0,0.029029,0.0,0.0,0.0,0.070982,0.0,0.0,0.028854,0.07442,0.0,0.077086,0.0,0.0,0.021061,0.052927,0.052942,0.02151,0.074944,0.078776,0.004538
2025-04-03,0.017709,0.036281,0.0,0.0,0.0,0.075707,0.0,0.0,0.0,0.0,0.065524,0.073457,0.051068,0.021291,0.014403,0.0,0.051369,0.0,0.0,0.0,0.0,0.0,0.0,0.029703,0.0,0.0,0.0,0.069485,0.0,0.0,0.028519,0.076169,0.0,0.078793,0.0,0.0,0.02191,0.054841,0.053838,0.022147,0.07671,0.076403,0.004673
2025-04-04,0.01742,0.035171,0.0,0.0,0.0,0.073199,0.0,0.0,0.0,0.0,0.06507,0.071869,0.049122,0.021169,0.013573,0.0,0.049962,0.0,0.0,0.0,0.0,0.0,0.0,0.029112,0.0,0.0,0.0,0.067724,0.0,0.0,0.027882,0.077202,0.0,0.079228,0.0,0.0,0.022803,0.056726,0.055079,0.022959,0.078453,0.081429,0.004849
2025-04-07,0.017187,0.034894,0.0,0.0,0.0,0.068954,0.0,0.0,0.0,0.0,0.06584,0.07369,0.050172,0.021583,0.013808,0.0,0.050919,0.0,0.0,0.0,0.0,0.0,0.0,0.029353,0.0,0.0,0.0,0.06955,0.0,0.0,0.026824,0.077351,0.0,0.079045,0.0,0.0,0.023071,0.057385,0.055912,0.023051,0.079033,0.077412,0.004968
2025-04-08,0.01794,0.035049,0.0,0.0,0.0,0.068381,0.0,0.0,0.0,0.0,0.064841,0.073299,0.050418,0.021524,0.013607,0.0,0.050941,0.0,0.0,0.0,0.0,0.0,0.0,0.02949,0.0,0.0,0.0,0.069857,0.0,0.0,0.026243,0.078455,0.0,0.079113,0.0,0.0,0.023156,0.057746,0.056144,0.022959,0.079161,0.076668,0.00501
2025-04-09,0.016411,0.035639,0.0,0.0,0.0,0.068777,0.0,0.0,0.0,0.0,0.068044,0.075497,0.05131,0.021862,0.013874,0.0,0.052491,0.0,0.0,0.0,0.0,0.0,0.0,0.029008,0.0,0.0,0.0,0.072841,0.0,0.0,0.027325,0.076994,0.0,0.077092,0.0,0.0,0.021845,0.054764,0.054556,0.022091,0.076845,0.07799,0.004743
2025-04-10,0.017579,0.035807,0.0,0.0,0.0,0.06991,0.0,0.0,0.0,0.0,0.066573,0.074212,0.050782,0.020947,0.013203,0.0,0.052066,0.0,0.0,0.0,0.0,0.0,0.0,0.029313,0.0,0.0,0.0,0.072231,0.0,0.0,0.027242,0.080307,0.0,0.077708,0.0,0.0,0.022103,0.055095,0.05464,0.02211,0.076725,0.076618,0.004829
2025-04-11,0.017338,0.036148,0.0,0.0,0.0,0.071172,0.0,0.0,0.0,0.0,0.06609,0.073587,0.050756,0.020663,0.013304,0.0,0.052096,0.0,0.0,0.0,0.0,0.0,0.0,0.029173,0.0,0.0,0.0,0.072056,0.0,0.0,0.02773,0.080466,0.0,0.078035,0.0,0.0,0.02161,0.054191,0.053885,0.021734,0.075706,0.079511,0.004749
2025-04-14,0.017744,0.036151,0.0,0.0,0.0,0.071901,0.0,0.0,0.0,0.0,0.065795,0.073535,0.050902,0.020864,0.013253,0.0,0.052252,0.0,0.0,0.0,0.0,0.0,0.0,0.029479,0.0,0.0,0.0,0.071744,0.0,0.0,0.027837,0.07942,0.0,0.077374,0.0,0.0,0.021623,0.054052,0.053754,0.021708,0.075933,0.079964,0.004715
2025-04-15,0.017816,0.036523,0.0,0.0,0.0,0.071365,0.0,0.0,0.0,0.0,0.065338,0.073738,0.051044,0.021156,0.013237,0.0,0.052006,0.0,0.0,0.0,0.0,0.0,0.0,0.029482,0.0,0.0,0.0,0.072448,0.0,0.0,0.02758,0.079856,0.0,0.076981,0.0,0.0,0.021693,0.054061,0.053914,0.021831,0.076185,0.079033,0.004712
2025-04-16,0.017772,0.036537,0.0,0.0,0.0,0.070239,0.0,0.0,0.0,0.0,0.06401,0.072072,0.050469,0.021188,0.013405,0.0,0.051522,0.0,0.0,0.0,0.0,0.0,0.0,0.029347,0.0,0.0,0.0,0.071484,0.0,0.0,0.027251,0.082821,0.0,0.078448,0.0,0.0,0.021884,0.054451,0.054147,0.02202,0.07655,0.079645,0.004738
2025-04-17,0.017561,0.036798,0.0,0.0,0.0,0.070197,0.0,0.0,0.0,0.0,0.064205,0.072304,0.050435,0.021261,0.013663,0.0,0.051636,0.0,0.0,0.0,0.0,0.0,0.0,0.029552,0.0,0.0,0.0,0.070726,0.0,0.0,0.027232,0.082191,0.0,0.078578,0.0,0.0,0.021751,0.0544,0.054286,0.021918,0.076501,0.08008,0.004722
2025-04-21,0.017665,0.036769,0.0,0.0,0.0,0.070759,0.0,0.0,0.0,0.0,0.062863,0.071098,0.049648,0.02109,0.013385,0.0,0.050779,0.0,0.0,0.0,0.0,0.0,0.0,0.029025,0.0,0.0,0.0,0.069362,0.0,0.0,0.027348,0.085238,0.0,0.078987,0.0,0.0,0.021763,0.054443,0.054287,0.021811,0.076064,0.082864,0.00475
2025-04-22,0.017374,0.036874,0.0,0.0,0.0,0.071656,0.0,0.0,0.0,0.0,0.063725,0.071685,0.0504,0.021397,0.013488,0.0,0.050769,0.0,0.0,0.0,0.0,0.0,0.0,0.029298,0.0,0.0,0.0,0.069391,0.0,0.0,0.027234,0.082569,0.0,0.078635,0.0,0.0,0.021401,0.053695,0.053551,0.021485,0.075518,0.085188,0.004668
2025-04-23,0.017591,0.036688,0.0,0.0,0.0,0.072115,0.0,0.0,0.0,0.0,0.064602,0.072222,0.05057,0.021607,0.01335,0.0,0.050973,0.0,0.0,0.0,0.0,0.0,0.0,0.029175,0.0,0.0,0.0,0.070357,0.0,0.0,0.027386,0.079912,0.0,0.077946,0.0,0.0,0.021244,0.0534,0.053368,0.0214,0.075213,0.086254,0.004629
2025-04-24,0.017485,0.03669,0.0,0.0,0.0,0.071615,0.0,0.0,0.0,0.0,0.065042,0.07272,0.050474,0.021701,0.013389,0.0,0.051445,0.0,0.0,0.0,0.0,0.0,0.0,0.028844,0.0,0.0,0.0,0.071679,0.0,0.0,0.027605,0.080033,0.0,0.077742,0.0,0.0,0.021084,0.052994,0.053154,0.021341,0.075037,0.085354,0.004572
2025-04-25,0.017514,0.036697,0.0,0.0,0.0,0.071249,0.0,0.0,0.0,0.0,0.065949,0.072888,0.050034,0.021432,0.013312,0.0,0.051238,0.0,0.0,0.0,0.0,0.0,0.0,0.028642,0.0,0.0,0.0,0.072068,0.0,0.0,0.027682,0.078851,0.0,0.078088,0.0,0.0,0.02108,0.052808,0.052991,0.021369,0.075039,0.086517,0.004553
2025-04-28,0.017544,0.036875,0.0,0.0,0.0,0.071051,0.0,0.0,0.0,0.0,0.065865,0.073048,0.050109,0.021512,0.013384,0.0,0.051325,0.0,0.0,0.0,0.0,0.0,0.0,0.028771,0.0,0.0,0.0,0.072194,0.0,0.0,0.027361,0.079845,0.0,0.077422,0.0,0.0,0.02113,0.052905,0.052932,0.021384,0.075001,0.085794,0.004547
2025-04-29,0.017598,0.036855,0.0,0.0,0.0,0.070633,0.0,0.0,0.0,0.0,0.066159,0.073388,0.050497,0.021652,0.01331,0.0,0.051524,0.0,0.0,0.0,0.0,0.0,0.0,0.028918,0.0,0.0,0.0,0.073061,0.0,0.0,0.027417,0.078861,0.0,0.076343,0.0,0.0,0.021148,0.052858,0.052935,0.021377,0.074904,0.086027,0.004535
2025-04-30,0.0,0.036156,0.015707,0.0,0.0,0.040675,0.0,0.0,0.0,0.0,0.0,0.060701,0.075917,0.022704,0.034751,0.0,0.0,0.0,0.0,0.0,0.013488,0.0,0.048983,0.022053,0.0,0.0,0.0,0.052111,0.0,0.0,0.0,0.06287,0.036927,0.096847,0.0,0.0,0.049976,0.050045,0.063951,0.035605,0.076641,0.1002,0.003693
2025-05-01,0.0,0.036034,0.015653,0.0,0.0,0.040629,0.0,0.0,0.0,0.0,0.0,0.061025,0.075917,0.022933,0.034888,0.0,0.0,0.0,0.0,0.0,0.013123,0.0,0.048568,0.022121,0.0,0.0,0.0,0.052184,0.0,0.0,0.0,0.061577,0.036673,0.096181,0.0,0.0,0.049768,0.049885,0.064047,0.035487,0.076693,0.102917,0.003694
2025-05-02,0.0,0.036516,0.015692,0.0,0.0,0.041753,0.0,0.0,0.0,0.0,0.0,0.061506,0.076906,0.023316,0.035131,0.0,0.0,0.0,0.0,0.0,0.013204,0.0,0.048464,0.022127,0.0,0.0,0.0,0.052615,0.0,0.0,0.0,0.06122,0.036062,0.096317,0.0,0.0,0.049062,0.049251,0.063759,0.035134,0.075911,0.102391,0.003666
2025-05-05,0.0,0.03665,0.015838,0.0,0.0,0.041835,0.0,0.0,0.0,0.0,0.0,0.061795,0.07659,0.023295,0.034577,0.0,0.0,0.0,0.0,0.0,0.013198,0.0,0.048535,0.022123,0.0,0.0,0.0,0.052987,0.0,0.0,0.0,0.063195,0.036593,0.096002,0.0,0.0,0.049088,0.049316,0.063884,0.035167,0.075935,0.099722,0.003675
2025-05-06,0.0,0.036401,0.015779,0.0,0.0,0.042086,0.0,0.0,0.0,0.0,0.0,0.06152,0.075832,0.02296,0.034439,0.0,0.0,0.0,0.0,0.0,0.012779,0.0,0.048246,0.022297,0.0,0.0,0.0,0.052824,0.0,0.0,0.0,0.06469,0.037352,0.096203,0.0,0.0,0.049003,0.049255,0.063563,0.035086,0.075926,0.100097,0.00366
2025-05-07,0.0,0.036308,0.015688,0.0,0.0,0.04112,0.0,0.0,0.0,0.0,0.0,0.061432,0.076311,0.023059,0.034466,0.0,0.0,0.0,0.0,0.0,0.012883,0.0,0.048343,0.02237,0.0,0.0,0.0,0.0529,0.0,0.0,0.0,0.063747,0.036465,0.096207,0.0,0.0,0.049153,0.049326,0.063647,0.035173,0.076254,0.101487,0.003661
2025-05-08,0.0,0.035987,0.015574,0.0,0.0,0.041496,0.0,0.0,0.0,0.0,0.0,0.061256,0.076544,0.023394,0.034738,0.0,0.0,0.0,0.0,0.0,0.0127,0.0,0.048032,0.022075,0.0,0.0,0.0,0.052903,0.0,0.0,0.0,0.062166,0.036239,0.095849,0.0,0.0,0.048517,0.048894,0.063299,0.034814,0.075554,0.106325,0.003642
2025-05-09,0.0,0.036132,0.015572,0.0,0.0,0.041232,0.0,0.0,0.0,0.0,0.0,0.060782,0.076342,0.023227,0.034994,0.0,0.0,0.0,0.0,0.0,0.012529,0.0,0.047629,0.022055,0.0,0.0,0.0,0.052302,0.0,0.0,0.0,0.062453,0.03656,0.095988,0.0,0.0,0.048425,0.04881,0.063173,0.034709,0.075473,0.107978,0.003634
2025-05-12,0.0,0.036031,0.015665,0.0,0.0,0.042423,0.0,0.0,0.0,0.0,0.0,0.06174,0.077504,0.024117,0.03573,0.0,0.0,0.0,0.0,0.0,0.012775,0.0,0.047464,0.021815,0.0,0.0,0.0,0.053707,0.0,0.0,0.0,0.060392,0.036172,0.095408,0.0,0.0,0.047879,0.048191,0.063485,0.034531,0.075536,0.105818,0.003616
2025-05-13,0.0,0.035948,0.015448,0.0,0.0,0.041879,0.0,0.0,0.0,0.0,0.0,0.061949,0.077332,0.0241,0.036003,0.0,0.0,0.0,0.0,0.0,0.012313,0.0,0.04653,0.021647,0.0,0.0,0.0,0.053877,0.0,0.0,0.0,0.060266,0.036308,0.096174,0.0,0.0,0.047541,0.048001,0.063195,0.034342,0.075124,0.108431,0.003592
2025-05-14,0.0,0.036082,0.015369,0.0,0.0,0.042825,0.0,0.0,0.0,0.0,0.0,0.062646,0.077584,0.024122,0.036001,0.0,0.0,0.0,0.0,0.0,0.012096,0.0,0.046558,0.021682,0.0,0.0,0.0,0.053857,0.0,0.0,0.0,0.059353,0.035696,0.096223,0.0,0.0,0.047649,0.048241,0.063344,0.034374,0.075326,0.107359,0.003614
2025-05-15,0.0,0.036229,0.015461,0.0,0.0,0.041787,0.0,0.0,0.0,0.0,0.0,0.062529,0.077649,0.024026,0.035943,0.0,0.0,0.0,0.0,0.0,0.012183,0.0,0.047237,0.022015,0.0,0.0,0.0,0.054092,0.0,0.0,0.0,0.059951,0.035926,0.096261,0.0,0.0,0.047681,0.048098,0.063095,0.034419,0.075138,0.106686,0.003595
2025-05-16,0.0,0.036231,0.015466,0.0,0.0,0.041575,0.0,0.0,0.0,0.0,0.0,0.062808,0.077935,0.024004,0.035804,0.0,0.0,0.0,0.0,0.0,0.0124,0.0,0.047666,0.022286,0.0,0.0,0.0,0.054269,0.0,0.0,0.0,0.059087,0.035466,0.095825,0.0,0.0,0.047585,0.048069,0.063018,0.034402,0.075103,0.107414,0.003586
2025-05-19,0.0,0.036554,0.015423,0.0,0.0,0.041626,0.0,0.0,0.0,0.0,0.0,0.062625,0.077676,0.023837,0.035201,0.0,0.0,0.0,0.0,0.0,0.01247,0.0,0.047619,0.022294,0.0,0.0,0.0,0.054232,0.0,0.0,0.0,0.059615,0.035473,0.09629,0.0,0.0,0.047374,0.047886,0.062741,0.034272,0.07486,0.108359,0.003573
2025-05-20,0.0,0.036664,0.015457,0.0,0.0,0.041857,0.0,0.0,0.0,0.0,0.0,0.06225,0.076981,0.023662,0.034752,0.0,0.0,0.0,0.0,0.0,0.012456,0.0,0.047618,0.02228,0.0,0.0,0.0,0.05416,0.0,0.0,0.0,0.06051,0.0362,0.096192,0.0,0.0,0.047146,0.047646,0.062487,0.034067,0.074479,0.109576,0.003561
2025-05-21,0.0,0.036679,0.015399,0.0,0.0,0.041934,0.0,0.0,0.0,0.0,0.0,0.062134,0.075833,0.022957,0.034305,0.0,0.0,0.0,0.0,0.0,0.012237,0.0,0.047331,0.021997,0.0,0.0,0.0,0.053595,0.0,0.0,0.0,0.061301,0.036864,0.096842,0.0,0.0,0.047084,0.047656,0.062421,0.033878,0.074213,0.111758,0.003581
2025-05-22,0.0,0.0366,0.015399,0.0,0.0,0.041716,0.0,0.0,0.0,0.0,0.0,0.061947,0.07568,0.022956,0.034143,0.0,0.0,0.0,0.0,0.0,0.012131,0.0,0.047094,0.021665,0.0,0.0,0.0,0.054202,0.0,0.0,0.0,0.060707,0.036254,0.095782,0.0,0.0,0.047222,0.047757,0.062496,0.034023,0.074399,0.11425,0.003578
2025-05-23,0.0,0.036609,0.015568,0.0,0.0,0.041815,0.0,0.0,0.0,0.0,0.0,0.061776,0.075546,0.022902,0.034314,0.0,0.0,0.0,0.0,0.0,0.012133,0.0,0.047354,0.021964,0.0,0.0,0.0,0.053944,0.0,0.0,0.0,0.06215,0.036828,0.095046,0.0,0.0,0.047444,0.047888,0.062594,0.034111,0.074609,0.11182,0.003585
2025-05-26,0.0,0.036609,0.015568,0.0,0.0,0.041815,0.0,0.0,0.0,0.0,0.0,0.061776,0.075546,0.022902,0.034314,0.0,0.0,0.0,0.0,0.0,0.012133,0.0,0.047354,0.021964,0.0,0.0,0.0,0.053944,0.0,0.0,0.0,0.06215,0.036828,0.095046,0.0,0.0,0.047444,0.047888,0.062594,0.034111,0.074609,0.11182,0.003584
2025-05-27,0.0,0.036813,0.015877,0.0,0.0,0.04099,0.0,0.0,0.0,0.0,0.0,0.062386,0.07639,0.023289,0.034393,0.0,0.0,0.0,0.0,0.0,0.012225,0.0,0.047482,0.02199,0.0,0.0,0.0,0.054653,0.0,0.0,0.0,0.060712,0.036331,0.093995,0.0,0.0,0.047342,0.047722,0.062578,0.034202,0.074593,0.112475,0.003562
2025-05-28,0.0,0.036789,0.015736,0.0,0.0,0.040822,0.0,0.0,0.0,0.0,0.0,0.062945,0.076575,0.023153,0.034267,0.0,0.0,0.0,0.0,0.0,0.012274,0.0,0.047591,0.021882,0.0,0.0,0.0,0.054369,0.0,0.0,0.0,0.061129,0.036361,0.093837,0.0,0.0,0.047643,0.048049,0.063111,0.034432,0.075118,0.110321,0.003595
2025-05-29,0.0,0.036946,0.015812,0.0,0.0,0.041193,0.0,0.0,0.0,0.0,0.0,0.062384,0.076903,0.02333,0.034494,0.0,0.0,0.0,0.0,0.0,0.012345,0.0,0.047743,0.022015,0.0,0.0,0.0,0.054033,0.0,0.0,0.0,0.061439,0.036718,0.093231,0.0,0.0,0.0478,0.048145,0.063152,0.034557,0.075311,0.108856,0.003594
2025-05-30,0.033352,0.07066,0.070484,0.0,0.036658,0.04215,0.029703,0.02822,0.0,0.0,0.0,0.067151,0.056639,0.0,0.0,0.0,0.0,0.0,0.0,0.0,0.0,0.0,0.06845,0.0,0.0,0.0,0.020269,0.050272,0.0,0.0,0.0,0.069546,0.0,0.070552,0.0,0.0,0.035209,0.035202,0.034992,0.035251,0.070519,0.070605,0.004116
2025-06-02,0.033284,0.071043,0.071051,0.0,0.036612,0.042317,0.02964,0.028217,0.0,0.0,0.0,0.067191,0.056416,0.0,0.0,0.0,0.0,0.0,0.0,0.0,0.0,0.0,0.068196,0.0,0.0,0.0,0.020238,0.050564,0.0,0.0,0.0,0.071087,0.0,0.070063,0.0,0.0,0.034938,0.034932,0.034835,0.035,0.070187,0.07009,0.004099
2025-06-03,0.033521,0.070364,0.070116,0.0,0.036798,0.04267,0.029946,0.027888,0.0,0.0,0.0,0.06693,0.056468,0.0,0.0,0.0,0.0,0.0,0.0,0.0,0.0,0.0,0.068059,0.0,0.0,0.0,0.020421,0.051034,0.0,0.0,0.0,0.070384,0.0,0.070174,0.0,0.0,0.034868,0.034863,0.034865,0.03498,0.070339,0.07122,0.004094
2025-06-04,0.033594,0.070681,0.06992,0.0,0.037167,0.043395,0.029731,0.027808,0.0,0.0,0.0,0.067216,0.056029,0.0,0.0,0.0,0.0,0.0,0.0,0.0,0.0,0.0,0.067439,0.0,0.0,0.0,0.020341,0.050676,0.0,0.0,0.0,0.070687,0.0,0.07055,0.0,0.0,0.03505,0.034924,0.034857,0.03516,0.070454,0.070235,0.004085
2025-06-05,0.033754,0.070912,0.069423,0.0,0.037628,0.043651,0.029971,0.028004,0.0,0.0,0.0,0.067457,0.055998,0.0,0.0,0.0,0.0,0.0,0.0,0.0,0.0,0.0,0.066939,0.0,0.0,0.0,0.020359,0.051032,0.0,0.0,0.0,0.070486,0.0,0.071653,0.0,0.0,0.035024,0.034899,0.03486,0.03513,0.07044,0.068285,0.004095
2025-06-06,0.033616,0.070851,0.069581,0.0,0.037387,0.04344,0.029994,0.028281,0.0,0.0,0.0,0.068077,0.056493,0.0,0.0,0.0,0.0,0.0,0.0,0.0,0.0,0.0,0.066914,0.0,0.0,0.0,0.020542,0.050982,0.0,0.0,0.0,0.069294,0.0,0.071975,0.0,0.0,0.034622,0.034589,0.034731,0.034794,0.070081,0.069675,0.004081
2025-06-09,0.033559,0.070608,0.069446,0.0,0.037657,0.043764,0.029783,0.028353,0.0,0.0,0.0,0.067647,0.055992,0.0,0.0,0.0,0.0,0.0,0.0,0.0,0.0,0.0,0.066595,0.0,0.0,0.0,0.020501,0.050323,0.0,0.0,0.0,0.069381,0.0,0.071492,0.0,0.0,0.034566,0.034518,0.034629,0.034778,0.070018,0.072323,0.004068
2025-06-10,0.033513,0.070619,0.069284,0.0,0.03768,0.043825,0.029842,0.028316,0.0,0.0,0.0,0.068391,0.055965,0.0,0.0,0.0,0.0,0.0,0.0,0.0,0.0,0.0,0.066632,0.0,0.0,0.0,0.020419,0.050109,0.0,0.0,0.0,0.069287,0.0,0.070541,0.0,0.0,0.034568,0.034477,0.034655,0.034805,0.070211,0.0728,0.004061
2025-06-11,0.033671,0.070466,0.069018,0.0,0.038094,0.043915,0.030349,0.028324,0.0,0.0,0.0,0.068166,0.055843,0.0,0.0,0.0,0.0,0.0,0.0,0.0,0.0,0.0,0.066337,0.0,0.0,0.0,0.020381,0.05019,0.0,0.0,0.0,0.069592,0.0,0.070418,0.0,0.0,0.034676,0.0345,0.034612,0.03488,0.070348,0.072164,0.004057
2025-06-12,0.033608,0.071052,0.069459,0.0,0.037922,0.043819,0.030246,0.028026,0.0,0.0,0.0,0.067548,0.055791,0.0,0.0,0.0,0.0,0.0,0.0,0.0,0.0,0.0,0.066665,0.0,0.0,0.0,0.020602,0.05037,0.0,0.0,0.0,0.070391,0.0,0.070248,0.0,0.0,0.034795,0.034566,0.034618,0.035041,0.070405,0.070774,0.004054
2025-06-13,0.033733,0.07054,0.069445,0.0,0.037748,0.043365,0.03048,0.027861,0.0,0.0,0.0,0.067404,0.055095,0.0,0.0,0.0,0.0,0.0,0.0,0.0,0.0,0.0,0.066384,0.0,0.0,0.0,0.020619,0.050284,0.0,0.0,0.0,0.071889,0.0,0.070685,0.0,0.0,0.034946,0.034794,0.034793,0.035113,0.070525,0.070212,0.004086
2025-06-16,0.033652,0.070282,0.069075,0.0,0.03796,0.043667,0.031009,0.027925,0.0,0.0,0.0,0.068064,0.05532,0.0,0.0,0.0,0.0,0.0,0.0,0.0,0.0,0.0,0.066114,0.0,0.0,0.0,0.020688,0.050478,0.0,0.0,0.0,0.070351,0.0,0.070719,0.0,0.0,0.034594,0.034494,0.03461,0.034797,0.07009,0.072054,0.004057
2025-06-17,0.033681,0.069824,0.068802,0.0,0.037857,0.043562,0.031037,0.027773,0.0,0.0,0.0,0.068006,0.055445,0.0,0.0,0.0,0.0,0.0,0.0,0.0,0.0,0.0,0.06608,0.0,0.0,0.0,0.020708,0.050912,0.0,0.0,0.0,0.070953,0.0,0.070553,0.0,0.0,0.035042,0.034955,0.034849,0.035197,0.070708,0.069964,0.004091
2025-06-18,0.033713,0.069887,0.069644,0.0,0.037774,0.043222,0.031053,0.027796,0.0,0.0,0.0,0.068146,0.05551,0.0,0.0,0.0,0.0,0.0,0.0,0.0,0.0,0.0,0.066101,0.0,0.0,0.0,0.020632,0.050769,0.0,0.0,0.0,0.070681,0.0,0.070374,0.0,0.0,0.035119,0.035035,0.034957,0.035278,0.070773,0.069439,0.004098
2025-06-19,0.033299,0.069963,0.069719,0.0,0.037186,0.043268,0.031086,0.027826,0.0,0.0,0.0,0.068219,0.05557,0.0,0.0,0.0,0.0,0.0,0.0,0.0,0.0,0.0,0.066173,0.0,0.0,0.0,0.020654,0.050824,0.0,0.0,0.0,0.070758,0.0,0.07045,0.0,0.0,0.035157,0.035073,0.034994,0.035316,0.070849,0.069514,0.004102
2025-06-20,0.03368,0.06977,0.068712,0.0,0.037714,0.043064,0.030733,0.027974,0.0,0.0,0.0,0.068026,0.055907,0.0,0.0,0.0,0.0,0.0,0.0,0.0,0.0,0.0,0.066877,0.0,0.0,0.0,0.02053,0.050459,0.0,0.0,0.0,0.07096,0.0,0.069705,0.0,0.0,0.035295,0.035249,0.035219,0.035462,0.071175,0.069372,0.004116
2025-06-23,0.03349,0.069955,0.068549,0.0,0.037523,0.043311,0.030538,0.028018,0.0,0.0,0.0,0.068475,0.056273,0.0,0.0,0.0,0.0,0.0,0.0,0.0,0.0,0.0,0.067246,0.0,0.0,0.0,0.020652,0.051095,0.0,0.0,0.0,0.070751,0.0,0.069472,0.0,0.0,0.035206,0.035067,0.035075,0.035338,0.070951,0.068924,0.004091
2025-06-24,0.033743,0.070312,0.068677,0.0,0.038313,0.044105,0.030643,0.028044,0.0,0.0,0.0,0.0688,0.056654,0.0,0.0,0.0,0.0,0.0,0.0,0.0,0.0,0.0,0.066648,0.0,0.0,0.0,0.02081,0.050925,0.0,0.0,0.0,0.069079,0.0,0.068418,0.0,0.0,0.035044,0.034829,0.034888,0.035218,0.070803,0.069991,0.004058
2025-06-25,0.033733,0.069938,0.068451,0.0,0.038438,0.04411,0.030219,0.028169,0.0,0.0,0.0,0.068845,0.056515,0.0,0.0,0.0,0.0,0.0,0.0,0.0,0.0,0.0,0.065809,0.0,0.0,0.0,0.020773,0.051354,0.0,0.0,0.0,0.069346,0.0,0.067928,0.0,0.0,0.035088,0.034877,0.034908,0.035205,0.070824,0.071407,0.004062
2025-06-26,0.033806,0.070113,0.069477,0.0,0.038479,0.043853,0.030648,0.028362,0.0,0.0,0.0,0.069225,0.056591,0.0,0.0,0.0,0.0,0.0,0.0,0.0,0.0,0.0,0.065357,0.0,0.0,0.0,0.020828,0.051478,0.0,0.0,0.0,0.068854,0.0,0.067675,0.0,0.0,0.035002,0.034769,0.034798,0.035123,0.070613,0.070912,0.004038
2025-06-27,0.034081,0.070677,0.070622,0.0,0.038382,0.043516,0.030621,0.028404,0.0,0.0,0.0,0.069953,0.056686,0.0,0.0,0.0,0.0,0.0,0.0,0.0,0.0,0.0,0.065588,0.0,0.0,0.0,0.020625,0.051156,0.0,0.0,0.0,0.067524,0.0,0.068085,0.0,0.0,0.034868,0.034683,0.034739,0.035022,0.070467,0.070268,0.004034
2025-06-30,0.051871,0.056415,0.056244,0.0,0.056361,0.056291,0.055524,0.0,0.0,0.0,0.0,0.056148,0.04929,0.0,0.0,0.0,0.056419,0.0,0.0,0.0,0.0,0.0,0.05613,0.051783,0.0,0.0,0.0,0.056103,0.0,0.0,0.0,0.056409,0.0,0.056459,0.0,0.0,0.027777,0.02816,0.028022,0.028159,0.056047,0.056441,0.003947
2025-07-01,0.051984,0.056563,0.055934,0.0,0.056639,0.056568,0.05551,0.0,0.0,0.0,0.0,0.055852,0.049654,0.0,0.0,0.0,0.05671,0.0,0.0,0.0,0.0,0.0,0.056935,0.052056,0.0,0.0,0.0,0.055344,0.0,0.0,0.0,0.057017,0.0,0.055482,0.0,0.0,0.027777,0.028196,0.028038,0.028245,0.05626,0.055282,0.003955
2025-07-02,0.052004,0.056551,0.055788,0.0,0.056584,0.056114,0.055565,0.0,0.0,0.0,0.0,0.055515,0.04946,0.0,0.0,0.0,0.056588,0.0,0.0,0.0,0.0,0.0,0.056921,0.051442,0.0,0.0,0.0,0.055243,0.0,0.0,0.0,0.057151,0.0,0.055781,0.0,0.0,0.027631,0.028094,0.028002,0.02815,0.056027,0.057446,0.003943
2025-07-03,0.052251,0.056318,0.055691,0.0,0.056889,0.055627,0.056131,0.0,0.0,0.0,0.0,0.055618,0.049815,0.0,0.0,0.0,0.056864,0.0,0.0,0.0,0.0,0.0,0.056688,0.051641,0.0,0.0,0.0,0.056085,0.0,0.0,0.0,0.056556,0.0,0.055622,0.0,0.0,0.027436,0.027944,0.027918,0.027982,0.055922,0.057076,0.003929
2025-07-04,0.052018,0.056365,0.055738,0.0,0.056372,0.055674,0.056178,0.0,0.0,0.0,0.0,0.055665,0.049857,0.0,0.0,0.0,0.056911,0.0,0.0,0.0,0.0,0.0,0.056736,0.051684,0.0,0.0,0.0,0.056132,0.0,0.0,0.0,0.056603,0.0,0.055669,0.0,0.0,0.027459,0.027968,0.027942,0.028005,0.055969,0.057124,0.003933
2025-07-07,0.05231,0.056323,0.054754,0.0,0.056737,0.055926,0.055166,0.0,0.0,0.0,0.0,0.055481,0.049694,0.0,0.0,0.0,0.057075,0.0,0.0,0.0,0.0,0.0,0.057049,0.052122,0.0,0.0,0.0,0.056304,0.0,0.0,0.0,0.057007,0.0,0.055634,0.0,0.0,0.027546,0.02811,0.028026,0.028016,0.056039,0.056724,0.003958
2025-07-08,0.052212,0.056906,0.055074,0.0,0.05678,0.05649,0.05542,0.0,0.0,0.0,0.0,0.055408,0.049287,0.0,0.0,0.0,0.057102,0.0,0.0,0.0,0.0,0.0,0.056563,0.051607,0.0,0.0,0.0,0.056346,0.0,0.0,0.0,0.056453,0.0,0.055741,0.0,0.0,0.027526,0.028108,0.028008,0.027957,0.055904,0.057148,0.003961
2025-07-09,0.052232,0.057252,0.054964,0.0,0.056438,0.055731,0.054168,0.0,0.0,0.0,0.0,0.055359,0.049293,0.0,0.0,0.0,0.0573,0.0,0.0,0.0,0.0,0.0,0.055998,0.051908,0.0,0.0,0.0,0.056624,0.0,0.0,0.0,0.056507,0.0,0.055956,0.0,0.0,0.027572,0.028115,0.027987,0.028019,0.056103,0.058527,0.003948
2025-07-10,0.052491,0.057283,0.05473,0.0,0.056668,0.056207,0.053357,0.0,0.0,0.0,0.0,0.055209,0.049618,0.0,0.0,0.0,0.057659,0.0,0.0,0.0,0.0,0.0,0.056236,0.052367,0.0,0.0,0.0,0.054723,0.0,0.0,0.0,0.056671,0.0,0.055647,0.0,0.0,0.027576,0.028126,0.027977,0.028042,0.056055,0.059409,0.00395
2025-07-11,0.052348,0.056733,0.054388,0.0,0.05666,0.056243,0.053083,0.0,0.0,0.0,0.0,0.054947,0.049185,0.0,0.0,0.0,0.057552,0.0,0.0,0.0,0.0,0.0,0.056125,0.052382,0.0,0.0,0.0,0.053978,0.0,0.0,0.0,0.057314,0.0,0.055744,0.0,0.0,0.027495,0.028128,0.027991,0.02792,0.05586,0.061967,0.003958
2025-07-14,0.052224,0.056521,0.054251,0.0,0.056559,0.056675,0.05249,0.0,0.0,0.0,0.0,0.055308,0.049393,0.0,0.0,0.0,0.057676,0.0,0.0,0.0,0.0,0.0,0.055993,0.052423,0.0,0.0,0.0,0.054271,0.0,0.0,0.0,0.056921,0.0,0.055802,0.0,0.0,0.027395,0.028056,0.027922,0.027823,0.055687,0.062665,0.003946
2025-07-15,0.052416,0.056181,0.054013,0.0,0.05719,0.058152,0.053094,0.0,0.0,0.0,0.0,0.055068,0.04882,0.0,0.0,0.0,0.057566,0.0,0.0,0.0,0.0,0.0,0.055744,0.052214,0.0,0.0,0.0,0.054509,0.0,0.0,0.0,0.057003,0.0,0.055551,0.0,0.0,0.027441,0.028138,0.027994,0.027878,0.055847,0.061212,0.003968
2025-07-16,0.051867,0.0562,0.054041,0.0,0.057118,0.057742,0.05307,0.0,0.0,0.0,0.0,0.055009,0.04896,0.0,0.0,0.0,0.057534,0.0,0.0,0.0,0.0,0.0,0.055711,0.052027,0.0,0.0,0.0,0.05445,0.0,0.0,0.0,0.057053,0.0,0.055886,0.0,0.0,0.027405,0.028119,0.027954,0.027808,0.055662,0.062433,0.003952
2025-07-17,0.052201,0.056017,0.054093,0.0,0.057378,0.05792,0.05308,0.0,0.0,0.0,0.0,0.054971,0.049226,0.0,0.0,0.0,0.057825,0.0,0.0,0.0,0.0,0.0,0.056004,0.052026,0.0,0.0,0.0,0.054749,0.0,0.0,0.0,0.056694,0.0,0.05544,0.0,0.0,0.027282,0.028028,0.027866,0.02776,0.055492,0.062012,0.003936
2025-07-18,0.052344,0.055993,0.053699,0.0,0.057569,0.058501,0.051507,0.0,0.0,0.0,0.0,0.054759,0.04929,0.0,0.0,0.0,0.057738,0.0,0.0,0.0,0.0,0.0,0.055893,0.052936,0.0,0.0,0.0,0.054907,0.0,0.0,0.0,0.056882,0.0,0.056018,0.0,0.0,0.027378,0.028079,0.027924,0.027831,0.055653,0.061161,0.00394
2025-07-21,0.052437,0.056034,0.054085,0.0,0.057641,0.058638,0.051745,0.0,0.0,0.0,0.0,0.055274,0.048957,0.0,0.0,0.0,0.057209,0.0,0.0,0.0,0.0,0.0,0.055668,0.052899,0.0,0.0,0.0,0.055047,0.0,0.0,0.0,0.057531,0.0,0.05552,0.0,0.0,0.027366,0.028041,0.027853,0.02783,0.055647,0.060652,0.003924
2025-07-22,0.051984,0.056118,0.054121,0.0,0.057116,0.059248,0.051365,0.0,0.0,0.0,0.0,0.055159,0.049011,0.0,0.0,0.0,0.057092,0.0,0.0,0.0,0.0,0.0,0.05593,0.053311,0.0,0.0,0.0,0.054371,0.0,0.0,0.0,0.057821,0.0,0.055425,0.0,0.0,0.027323,0.027942,0.027779,0.027774,0.055498,0.061703,0.003907
2025-07-23,0.052003,0.056866,0.056339,0.0,0.057273,0.059427,0.051923,0.0,0.0,0.0,0.0,0.055084,0.049066,0.0,0.0,0.0,0.057722,0.0,0.0,0.0,0.0,0.0,0.05557,0.052551,0.0,0.0,0.0,0.054235,0.0,0.0,0.0,0.056716,0.0,0.055536,0.0,0.0,0.027041,0.027644,0.027604,0.027542,0.055145,0.06083,0.003881
2025-07-24,0.052436,0.056333,0.056472,0.0,0.057295,0.05945,0.051342,0.0,0.0,0.0,0.0,0.055262,0.049116,0.0,0.0,0.0,0.057715,0.0,0.0,0.0,0.0,0.0,0.05546,0.052565,0.0,0.0,0.0,0.054291,0.0,0.0,0.0,0.056457,0.0,0.055624,0.0,0.0,0.027043,0.027708,0.027613,0.027545,0.055219,0.061166,0.003886
2025-07-25,0.052479,0.056581,0.055955,0.0,0.057031,0.059332,0.051097,0.0,0.0,0.0,0.0,0.05487,0.049569,0.0,0.0,0.0,0.058417,0.0,0.0,0.0,0.0,0.0,0.05568,0.05282,0.0,0.0,0.0,0.054618,0.0,0.0,0.0,0.05606,0.0,0.055493,0.0,0.0,0.027167,0.027795,0.027692,0.027696,0.055523,0.06023,0.003896
2025-07-28,0.052683,0.055852,0.055199,0.0,0.057167,0.059408,0.050563,0.0,0.0,0.0,0.0,0.054859,0.049482,0.0,0.0,0.0,0.05854,0.0,0.0,0.0,0.0,0.0,0.055393,0.05253,0.0,0.0,0.0,0.054645,0.0,0.0,0.0,0.055988,0.0,0.056103,0.0,0.0,0.027248,0.027904,0.027822,0.027784,0.055776,0.061138,0.003916
2025-07-29,0.05254,0.055801,0.054937,0.0,0.05711,0.059297,0.051046,0.0,0.0,0.0,0.0,0.054416,0.049256,0.0,0.0,0.0,0.057903,0.0,0.0,0.0,0.0,0.0,0.055786,0.05316,0.0,0.0,0.0,0.054791,0.0,0.0,0.0,0.056171,0.0,0.055661,0.0,0.0,0.02744,0.028069,0.027854,0.027982,0.056016,0.060845,0.003919
2025-07-30,0.052716,0.055417,0.055232,0.0,0.057116,0.058854,0.051481,0.0,0.0,0.0,0.0,0.054804,0.04936,0.0,0.0,0.0,0.05785,0.0,0.0,0.0,0.0,0.0,0.055513,0.053771,0.0,0.0,0.0,0.054449,0.0,0.0,0.0,0.055422,0.0,0.055777,0.0,0.0,0.027455,0.028072,0.027907,0.027989,0.056144,0.060737,0.003934
2025-07-31,0.080225,0.080012,0.0,0.0,0.08014,0.036057,0.080115,0.0,0.0,0.035972,0.0,0.079719,0.05397,0.025782,0.0,0.0,0.080083,0.0,0.057544,0.0,0.0,0.0,0.056044,0.0,0.03127,0.0,0.010311,0.033803,0.0,0.0,0.0,0.078988,0.0,0.0,0.045467,0.0,0.0,0.0,0.0,0.0,0.0,0.038271,0.016228
2025-08-01,0.079363,0.080391,0.0,0.0,0.079912,0.035838,0.081216,0.0,0.0,0.035252,0.0,0.079545,0.053497,0.025594,0.0,0.0,0.079672,0.0,0.057447,0.0,0.0,0.0,0.056871,0.0,0.0309,0.0,0.010131,0.033595,0.0,0.0,0.0,0.081393,0.0,0.0,0.045599,0.0,0.0,0.0,0.0,0.0,0.0,0.037391,0.016394
2025-08-04,0.079411,0.080311,0.0,0.0,0.079827,0.035988,0.08105,0.0,0.0,0.035642,0.0,0.080067,0.053357,0.025605,0.0,0.0,0.079407,0.0,0.057486,0.0,0.0,0.0,0.056437,0.0,0.031135,0.0,0.010221,0.033794,0.0,0.0,0.0,0.08085,0.0,0.0,0.04577,0.0,0.0,0.0,0.0,0.0,0.0,0.037449,0.016192
2025-08-05,0.079306,0.08039,0.0,0.0,0.080171,0.03623,0.081316,0.0,0.0,0.035916,0.0,0.07944,0.053138,0.025736,0.0,0.0,0.079239,0.0,0.057888,0.0,0.0,0.0,0.056378,0.0,0.030876,0.0,0.010181,0.03337,0.0,0.0,0.0,0.08091,0.0,0.0,0.04622,0.0,0.0,0.0,0.0,0.0,0.0,0.037104,0.016191
2025-08-06,0.079494,0.080348,0.0,0.0,0.079856,0.036352,0.082178,0.0,0.0,0.03587,0.0,0.079327,0.053115,0.025483,0.0,0.0,0.078888,0.0,0.056961,0.0,0.0,0.0,0.056885,0.0,0.031061,0.0,0.010243,0.033699,0.0,0.0,0.0,0.080317,0.0,0.0,0.046387,0.0,0.0,0.0,0.0,0.0,0.0,0.03743,0.016105
2025-08-07,0.079291,0.080842,0.0,0.0,0.080335,0.036094,0.083607,0.0,0.0,0.03584,0.0,0.078642,0.052292,0.025141,0.0,0.0,0.078428,0.0,0.056958,0.0,0.0,0.0,0.057066,0.0,0.030953,0.0,0.009997,0.032701,0.0,0.0,0.0,0.08064,0.0,0.0,0.047102,0.0,0.0,0.0,0.0,0.0,0.0,0.038033,0.016038
2025-08-08,0.07954,0.080906,0.0,0.0,0.080054,0.036,0.08269,0.0,0.0,0.035782,0.0,0.078714,0.052653,0.025333,0.0,0.0,0.0783,0.0,0.057104,0.0,0.0,0.0,0.057093,0.0,0.031186,0.0,0.009975,0.03259,0.0,0.0,0.0,0.080426,0.0,0.0,0.048122,0.0,0.0,0.0,0.0,0.0,0.0,0.037532,0.016001
2025-08-11,0.079823,0.08073,0.0,0.0,0.080258,0.035878,0.08243,0.0,0.0,0.035659,0.0,0.079353,0.05279,0.025377,0.0,0.0,0.078278,0.0,0.057144,0.0,0.0,0.0,0.057215,0.0,0.031067,0.0,0.00989,0.032563,0.0,0.0,0.0,0.079506,0.0,0.0,0.047493,0.0,0.0,0.0,0.0,0.0,0.0,0.0385,0.016045
2025-08-12,0.079354,0.080543,0.0,0.0,0.079996,0.03599,0.083615,0.0,0.0,0.035733,0.0,0.079867,0.052768,0.025912,0.0,0.0,0.078109,0.0,0.057171,0.0,0.0,0.0,0.056656,0.0,0.031157,0.0,0.009874,0.032817,0.0,0.0,0.0,0.078448,0.0,0.0,0.047924,0.0,0.0,0.0,0.0,0.0,0.0,0.038216,0.015848
2025-08-13,0.07913,0.080492,0.0,0.0,0.080449,0.036819,0.082342,0.0,0.0,0.035748,0.0,0.079856,0.052651,0.026139,0.0,0.0,0.077789,0.0,0.057788,0.0,0.0,0.0,0.056209,0.0,0.030923,0.0,0.009795,0.032801,0.0,0.0,0.0,0.078067,0.0,0.0,0.048334,0.0,0.0,0.0,0.0,0.0,0.0,0.038947,0.015723
2025-08-14,0.079647,0.081319,0.0,0.0,0.079925,0.036354,0.082175,0.0,0.0,0.035535,0.0,0.080587,0.053342,0.026352,0.0,0.0,0.077744,0.0,0.057662,0.0,0.0,0.0,0.056171,0.0,0.031113,0.0,0.009768,0.032571,0.0,0.0,0.0,0.07822,0.0,0.0,0.047954,0.0,0.0,0.0,0.0,0.0,0.0,0.037702,0.015859
2025-08-15,0.079804,0.081457,0.0,0.0,0.080121,0.036551,0.083008,0.0,0.0,0.03537,0.0,0.080712,0.052738,0.025875,0.0,0.0,0.077314,0.0,0.057606,0.0,0.0,0.0,0.056205,0.0,0.030848,0.0,0.009828,0.032653,0.0,0.0,0.0,0.07819,0.0,0.0,0.048577,0.0,0.0,0.0,0.0,0.0,0.0,0.037296,0.015846
2025-08-18,0.079732,0.081374,0.0,0.0,0.080516,0.036804,0.083347,0.0,0.0,0.035117,0.0,0.080291,0.052825,0.026001,0.0,0.0,0.077686,0.0,0.057324,0.0,0.0,0.0,0.05618,0.0,0.030941,0.0,0.009864,0.032759,0.0,0.0,0.0,0.078137,0.0,0.0,0.048125,0.0,0.0,0.0,0.0,0.0,0.0,0.037117,0.01586
2025-08-19,0.080237,0.082053,0.0,0.0,0.080636,0.036754,0.081105,0.0,0.0,0.034674,0.0,0.080335,0.053252,0.026189,0.0,0.0,0.078337,0.0,0.058026,0.0,0.0,0.0,0.057107,0.0,0.030589,0.0,0.009668,0.032779,0.0,0.0,0.0,0.078189,0.0,0.0,0.04781,0.0,0.0,0.0,0.0,0.0,0.0,0.0363,0.01596
2025-08-20,0.079533,0.082315,0.0,0.0,0.080061,0.036875,0.081899,0.0,0.0,0.034557,0.0,0.079915,0.053406,0.026161,0.0,0.0,0.078089,0.0,0.057941,0.0,0.0,0.0,0.057302,0.0,0.030314,0.0,0.009624,0.032774,0.0,0.0,0.0,0.078804,0.0,0.0,0.0479,0.0,0.0,0.0,0.0,0.0,0.0,0.036608,0.015924
2025-08-21,0.079733,0.08201,0.0,0.0,0.080352,0.037011,0.082003,0.0,0.0,0.03457,0.0,0.080015,0.053359,0.026124,0.0,0.0,0.077992,0.0,0.058251,0.0,0.0,0.0,0.056919,0.0,0.030275,0.0,0.009613,0.032709,0.0,0.0,0.0,0.078715,0.0,0.0,0.048386,0.0,0.0,0.0,0.0,0.0,0.0,0.036002,0.015963
2025-08-22,0.079339,0.081753,0.0,0.0,0.080138,0.037261,0.083214,0.0,0.0,0.035007,0.0,0.079631,0.053214,0.026823,0.0,0.0,0.077766,0.0,0.058281,0.0,0.0,0.0,0.055842,0.0,0.030105,0.0,0.009565,0.032534,0.0,0.0,0.0,0.078052,0.0,0.0,0.049079,0.0,0.0,0.0,0.0,0.0,0.0,0.036731,0.015667
2025-08-25,0.079815,0.081023,0.0,0.0,0.080619,0.037466,0.084094,0.0,0.0,0.034843,0.0,0.080239,0.053223,0.026824,0.0,0.0,0.077451,0.0,0.058306,0.0,0.0,0.0,0.055217,0.0,0.030217,0.0,0.009553,0.032535,0.0,0.0,0.0,0.078331,0.0,0.0,0.049384,0.0,0.0,0.0,0.0,0.0,0.0,0.035095,0.015762
2025-08-26,0.079063,0.080853,0.0,0.0,0.080106,0.037493,0.083665,0.0,0.0,0.03466,0.0,0.07984,0.053602,0.027066,0.0,0.0,0.078203,0.0,0.058431,0.0,0.0,0.0,0.054824,0.0,0.030338,0.0,0.009537,0.032553,0.0,0.0,0.0,0.078854,0.0,0.0,0.04998,0.0,0.0,0.0,0.0,0.0,0.0,0.03518,0.015751
2025-08-27,0.079303,0.080543,0.0,0.0,0.079277,0.036481,0.084775,0.0,0.0,0.034662,0.0,0.079893,0.053655,0.027206,0.0,0.0,0.078111,0.0,0.058516,0.0,0.0,0.0,0.05493,0.0,0.03047,0.0,0.009605,0.032915,0.0,0.0,0.0,0.07893,0.0,0.0,0.049569,0.0,0.0,0.0,0.0,0.0,0.0,0.035423,0.015736
2025-08-28,0.079146,0.080354,0.0,0.0,0.079205,0.036568,0.08574,0.0,0.0,0.035055,0.0,0.079814,0.05347,0.026976,0.0,0.0,0.077877,0.0,0.058238,0.0,0.0,0.0,0.054324,0.0,0.030565,0.0,0.009706,0.033121,0.0,0.0,0.0,0.079139,0.0,0.0,0.049802,0.0,0.0,0.0,0.0,0.0,0.0,0.035237,0.015662
2025-08-29,0.090474,0.090684,0.037987,0.0,0.090541,0.034622,0.0,0.0,0.021233,0.034457,0.0,0.051476,0.021543,0.0,0.0,0.0,0.090728,0.0,0.0,0.0,0.0,0.0,0.0,0.090698,0.065796,0.024341,0.0,0.0,0.0,0.0,0.0,0.053375,0.035679,0.0,0.0,0.0,0.0,0.0,0.045695,0.0,0.090655,0.025851,0.004168
2025-09-01,0.090691,0.090642,0.03797,0.0,0.090693,0.034606,0.0,0.0,0.021224,0.034441,0.0,0.051452,0.021533,0.0,0.0,0.0,0.090687,0.0,0.0,0.0,0.0,0.0,0.0,0.090657,0.065766,0.02433,0.0,0.0,0.0,0.0,0.0,0.053351,0.035663,0.0,0.0,0.0,0.0,0.0,0.045674,0.0,0.090614,0.02584,0.004167
2025-09-02,0.089635,0.08968,0.038032,0.0,0.090509,0.034907,0.0,0.0,0.021015,0.034403,0.0,0.051535,0.021444,0.0,0.0,0.0,0.090119,0.0,0.0,0.0,0.0,0.0,0.0,0.090656,0.065318,0.024163,0.0,0.0,0.0,0.0,0.0,0.054793,0.03673,0.0,0.0,0.0,0.0,0.0,0.045776,0.0,0.090567,0.026538,0.004181
2025-09-03,0.090052,0.089683,0.03777,0.0,0.090758,0.03459,0.0,0.0,0.021175,0.034734,0.0,0.052183,0.021321,0.0,0.0,0.0,0.089299,0.0,0.0,0.0,0.0,0.0,0.0,0.09006,0.065439,0.02395,0.0,0.0,0.0,0.0,0.0,0.054997,0.036767,0.0,0.0,0.0,0.0,0.0,0.045714,0.0,0.090584,0.026761,0.004164
2025-09-04,0.090326,0.090031,0.038081,0.0,0.090111,0.03394,0.0,0.0,0.021337,0.034739,0.0,0.052547,0.0215,0.0,0.0,0.0,0.090123,0.0,0.0,0.0,0.0,0.0,0.0,0.08977,0.065629,0.024148,0.0,0.0,0.0,0.0,0.0,0.054643,0.03629,0.0,0.0,0.0,0.0,0.0,0.045746,0.0,0.090757,0.026127,0.004156
2025-09-05,0.090088,0.090031,0.038113,0.0,0.090826,0.034364,0.0,0.0,0.021559,0.034836,0.0,0.052572,0.021004,0.0,0.0,0.0,0.089355,0.0,0.0,0.0,0.0,0.0,0.0,0.089058,0.065366,0.024314,0.0,0.0,0.0,0.0,0.0,0.055104,0.036388,0.0,0.0,0.0,0.0,0.0,0.045547,0.0,0.090922,0.026413,0.004137
2025-09-08,0.090193,0.090228,0.038779,0.0,0.091126,0.034725,0.0,0.0,0.021728,0.034929,0.0,0.052374,0.020917,0.0,0.0,0.0,0.089118,0.0,0.0,0.0,0.0,0.0,0.0,0.087719,0.065533,0.024372,0.0,0.0,0.0,0.0,0.0,0.055459,0.036502,0.0,0.0,0.0,0.0,0.0,0.045324,0.0,0.090467,0.026393,0.004115
2025-09-09,0.089966,0.090002,0.03832,0.0,0.091822,0.035073,0.0,0.0,0.02194,0.035247,0.0,0.052632,0.020992,0.0,0.0,0.0,0.088452,0.0,0.0,0.0,0.0,0.0,0.0,0.08826,0.065611,0.024374,0.0,0.0,0.0,0.0,0.0,0.055292,0.036154,0.0,0.0,0.0,0.0,0.0,0.04524,0.0,0.090315,0.026196,0.004113
2025-09-10,0.089792,0.089134,0.038193,0.0,0.092145,0.034589,0.0,0.0,0.022118,0.035808,0.0,0.051878,0.020775,0.0,0.0,0.0,0.08848,0.0,0.0,0.0,0.0,0.0,0.0,0.089147,0.066332,0.02463,0.0,0.0,0.0,0.0,0.0,0.055101,0.036122,0.0,0.0,0.0,0.0,0.0,0.044956,0.0,0.090174,0.026541,0.004085
2025-09-11,0.089748,0.089352,0.038331,0.0,0.092231,0.03522,0.0,0.0,0.021999,0.036073,0.0,0.05224,0.020941,0.0,0.0,0.0,0.088585,0.0,0.0,0.0,0.0,0.0,0.0,0.088882,0.066006,0.024594,0.0,0.0,0.0,0.0,0.0,0.054565,0.036188,0.0,0.0,0.0,0.0,0.0,0.044695,0.0,0.089759,0.026537,0.004052
2025-09-12,0.08959,0.088999,0.038045,0.0,0.092207,0.035057,0.0,0.0,0.022018,0.036423,0.0,0.052646,0.02084,0.0,0.0,0.0,0.087828,0.0,0.0,0.0,0.0,0.0,0.0,0.089281,0.065925,0.024624,0.0,0.0,0.0,0.0,0.0,0.054642,0.036694,0.0,0.0,0.0,0.0,0.0,0.044626,0.0,0.089445,0.027059,0.00405
2025-09-15,0.089534,0.089148,0.038104,0.0,0.092305,0.035118,0.0,0.0,0.021958,0.036459,0.0,0.05308,0.020674,0.0,0.0,0.0,0.087729,0.0,0.0,0.0,0.0,0.0,0.0,0.088978,0.066138,0.02469,0.0,0.0,0.0,0.0,0.0,0.054895,0.036884,0.0,0.0,0.0,0.0,0.0,0.044497,0.0,0.089251,0.02653,0.004027
2025-09-16,0.089436,0.088963,0.038144,0.0,0.092814,0.03539,0.0,0.0,0.022086,0.037189,0.0,0.052922,0.02065,0.0,0.0,0.0,0.087562,0.0,0.0,0.0,0.0,0.0,0.0,0.08745,0.065978,0.024843,0.0,0.0,0.0,0.0,0.0,0.055063,0.036771,0.0,0.0,0.0,0.0,0.0,0.044511,0.0,0.089289,0.026906,0.004031
2025-09-17,0.089534,0.088714,0.038102,0.0,0.093814,0.035943,0.0,0.0,0.022072,0.036833,0.0,0.053119,0.020873,0.0,0.0,0.0,0.08726,0.0,0.0,0.0,0.0,0.0,0.0,0.087765,0.065823,0.024865,0.0,0.0,0.0,0.0,0.0,0.054698,0.036039,0.0,0.0,0.0,0.0,0.0,0.044516,0.0,0.089341,0.026655,0.004035
2025-09-18,0.089698,0.088725,0.038103,0.0,0.093095,0.035231,0.0,0.0,0.022181,0.037112,0.0,0.052952,0.020811,0.0,0.0,0.0,0.087846,0.0,0.0,0.0,0.0,0.0,0.0,0.087485,0.066699,0.025635,0.0,0.0,0.0,0.0,0.0,0.054267,0.036088,0.0,0.0,0.0,0.0,0.0,0.044441,0.0,0.08862,0.026991,0.00402
2025-09-19,0.089379,0.088263,0.037755,0.0,0.092727,0.035043,0.0,0.0,0.022033,0.03677,0.0,0.053141,0.020846,0.0,0.0,0.0,0.088011,0.0,0.0,0.0,0.0,0.0,0.0,0.087997,0.067339,0.025457,0.0,0.0,0.0,0.0,0.0,0.054813,0.037065,0.0,0.0,0.0,0.0,0.0,0.044433,0.0,0.088478,0.02643,0.004019
2025-09-22,0.089324,0.088106,0.037745,0.0,0.092438,0.034831,0.0,0.0,0.022124,0.037242,0.0,0.052642,0.020695,0.0,0.0,0.0,0.087782,0.0,0.0,0.0,0.0,0.0,0.0,0.088324,0.067925,0.025684,0.0,0.0,0.0,0.0,0.0,0.055431,0.03779,0.0,0.0,0.0,0.0,0.0,0.044203,0.0,0.088149,0.025571,0.003994
2025-09-23,0.08946,0.088011,0.037654,0.0,0.093137,0.034399,0.0,0.0,0.022207,0.037175,0.0,0.052543,0.020594,0.0,0.0,0.0,0.087766,0.0,0.0,0.0,0.0,0.0,0.0,0.08874,0.067308,0.025642,0.0,0.0,0.0,0.0,0.0,0.055633,0.037697,0.0,0.0,0.0,0.0,0.0,0.04415,0.0,0.088452,0.02544,0.003993
2025-09-24,0.089248,0.08772,0.037665,0.0,0.092902,0.03501,0.0,0.0,0.02203,0.036651,0.0,0.052279,0.020603,0.0,0.0,0.0,0.087598,0.0,0.0,0.0,0.0,0.0,0.0,0.089664,0.067111,0.025687,0.0,0.0,0.0,0.0,0.0,0.055309,0.037688,0.0,0.0,0.0,0.0,0.0,0.044234,0.0,0.088685,0.025909,0.004006
2025-09-25,0.088998,0.087246,0.037639,0.0,0.092728,0.035253,0.0,0.0,0.021944,0.036734,0.0,0.052317,0.020635,0.0,0.0,0.0,0.087366,0.0,0.0,0.0,0.0,0.0,0.0,0.089169,0.067271,0.025711,0.0,0.0,0.0,0.0,0.0,0.055769,0.038994,0.0,0.0,0.0,0.0,0.0,0.044292,0.0,0.088829,0.025082,0.004023
2025-09-26,0.0889,0.087804,0.037477,0.0,0.091831,0.034871,0.0,0.0,0.021744,0.036118,0.0,0.052612,0.020701,0.0,0.0,0.0,0.087794,0.0,0.0,0.0,0.0,0.0,0.0,0.090252,0.0672,0.025663,0.0,0.0,0.0,0.0,0.0,0.055863,0.039621,0.0,0.0,0.0,0.0,0.0,0.044199,0.0,0.08844,0.024901,0.004008
2025-09-29,0.088726,0.087421,0.037228,0.0,0.092285,0.035261,0.0,0.0,0.021698,0.036469,0.0,0.052385,0.020648,0.0,0.0,0.0,0.087404,0.0,0.0,0.0,0.0,0.0,0.0,0.089833,0.067052,0.02548,0.0,0.0,0.0,0.0,0.0,0.056359,0.039925,0.0,0.0,0.0,0.0,0.0,0.043943,0.0,0.087924,0.02598,0.003978
2025-09-30,0.05207,0.047087,0.052437,0.0,0.065354,0.0,0.079758,0.0,0.0,0.079697,0.012498,0.059238,0.015448,0.064388,0.0,0.0,0.079492,0.0,0.0,0.061287,0.0,0.0,0.0,0.064944,0.039248,0.039128,0.0,0.0,0.0,0.0,0.023467,0.056726,0.022186,0.0,0.075481,0.0,0.0,0.0,0.0,0.0,0.0,0.0,0.010066
2025-10-01,0.052175,0.047417,0.052203,0.0,0.065608,0.0,0.078326,0.0,0.0,0.081114,0.01252,0.058147,0.015242,0.063723,0.0,0.0,0.078917,0.0,0.0,0.061514,0.0,0.0,0.0,0.065277,0.039456,0.039703,0.0,0.0,0.0,0.0,0.023658,0.056561,0.022368,0.0,0.076048,0.0,0.0,0.0,0.0,0.0,0.0,0.0,0.010023
2025-10-02,0.052125,0.047426,0.052052,0.0,0.065753,0.0,0.077288,0.0,0.0,0.082561,0.012403,0.057892,0.015197,0.063382,0.0,0.0,0.078952,0.0,0.0,0.061456,0.0,0.0,0.0,0.065018,0.039584,0.040385,0.0,0.0,0.0,0.0,0.02396,0.056243,0.022122,0.0,0.076198,0.0,0.0,0.0,0.0,0.0,0.0,0.0,0.010002
2025-10-03,0.052204,0.047361,0.05275,0.0,0.065797,0.0,0.076992,0.0,0.0,0.082315,0.01224,0.05747,0.015199,0.063379,0.0,0.0,0.078523,0.0,0.0,0.061591,0.0,0.0,0.0,0.065326,0.039117,0.039864,0.0,0.0,0.0,0.0,0.023981,0.05631,0.022484,0.0,0.077163,0.0,0.0,0.0,0.0,0.0,0.0,0.0,0.009935
2025-10-06,0.051969,0.046981,0.053445,0.0,0.065637,0.0,0.07656,0.0,0.0,0.082815,0.012283,0.057244,0.015118,0.063437,0.0,0.0,0.078498,0.0,0.0,0.060029,0.0,0.0,0.0,0.065631,0.039317,0.040856,0.0,0.0,0.0,0.0,0.024149,0.057087,0.02265,0.0,0.076408,0.0,0.0,0.0,0.0,0.0,0.0,0.0,0.009887
2025-10-07,0.052187,0.047048,0.053078,0.0,0.065982,0.0,0.075644,0.0,0.0,0.082152,0.012177,0.057536,0.015274,0.063654,0.0,0.0,0.078756,0.0,0.0,0.058724,0.0,0.0,0.0,0.066525,0.039406,0.040302,0.0,0.0,0.0,0.0,0.024028,0.057898,0.022506,0.0,0.077147,0.0,0.0,0.0,0.0,0.0,0.0,0.0,0.009975
2025-10-08,0.051885,0.046882,0.05245,0.0,0.065536,0.0,0.075421,0.0,0.0,0.082208,0.0121,0.056766,0.015059,0.062712,0.0,0.0,0.078701,0.0,0.0,0.058207,0.0,0.0,0.0,0.066359,0.039725,0.041292,0.0,0.0,0.0,0.0,0.024181,0.058306,0.022898,0.0,0.079427,0.0,0.0,0.0,0.0,0.0,0.0,0.0,0.009885
2025-10-09,0.052073,0.046746,0.05273,0.0,0.065595,0.0,0.0755,0.0,0.0,0.082102,0.012133,0.056882,0.015122,0.062954,0.0,0.0,0.078143,0.0,0.0,0.057135,0.0,0.0,0.0,0.066708,0.039967,0.041421,0.0,0.0,0.0,0.0,0.024137,0.057677,0.023155,0.0,0.079859,0.0,0.0,0.0,0.0,0.0,0.0,0.0,0.009962
2025-10-10,0.05277,0.047466,0.052045,0.0,0.065693,0.0,0.075253,0.0,0.0,0.081595,0.01212,0.057351,0.015196,0.062178,0.0,0.0,0.078493,0.0,0.0,0.057963,0.0,0.0,0.0,0.068242,0.039383,0.039879,0.0,0.0,0.0,0.0,0.022612,0.059843,0.024167,0.0,0.077518,0.0,0.0,0.0,0.0,0.0,0.0,0.0,0.010234
2025-10-13,0.051782,0.046774,0.051537,0.0,0.065523,0.0,0.074642,0.0,0.0,0.08272,0.012126,0.056643,0.015014,0.062045,0.0,0.0,0.077615,0.0,0.0,0.056951,0.0,0.0,0.0,0.067294,0.03948,0.040875,0.0,0.0,0.0,0.0,0.023894,0.059988,0.024604,0.0,0.080478,0.0,0.0,0.0,0.0,0.0,0.0,0.0,0.010016
2025-10-14,0.051606,0.046939,0.052005,0.0,0.064797,0.0,0.07441,0.0,0.0,0.081769,0.012147,0.056995,0.015173,0.063896,0.0,0.0,0.078498,0.0,0.0,0.058719,0.0,0.0,0.0,0.067869,0.038959,0.040022,0.0,0.0,0.0,0.0,0.023495,0.060393,0.024355,0.0,0.07794,0.0,0.0,0.0,0.0,0.0,0.0,0.0,0.010011
2025-10-15,0.051605,0.046549,0.052262,0.0,0.065284,0.0,0.074184,0.0,0.0,0.083335,0.012037,0.056794,0.015014,0.062073,0.0,0.0,0.077347,0.0,0.0,0.058084,0.0,0.0,0.0,0.068033,0.038931,0.040823,0.0,0.0,0.0,0.0,0.023276,0.060794,0.024887,0.0,0.078783,0.0,0.0,0.0,0.0,0.0,0.0,0.0,0.009907
2025-10-16,0.051731,0.04694,0.052503,0.0,0.066008,0.0,0.074086,0.0,0.0,0.086109,0.011937,0.056268,0.014617,0.058789,0.0,0.0,0.076949,0.0,0.0,0.05784,0.0,0.0,0.0,0.067389,0.039015,0.041071,0.0,0.0,0.0,0.0,0.023342,0.062304,0.025355,0.0,0.077826,0.0,0.0,0.0,0.0,0.0,0.0,0.0,0.009921
2025-10-17,0.051276,0.04704,0.052892,0.0,0.065487,0.0,0.075418,0.0,0.0,0.086899,0.012063,0.056754,0.014763,0.059722,0.0,0.0,0.077159,0.0,0.0,0.058354,0.0,0.0,0.0,0.06728,0.039157,0.041033,0.0,0.0,0.0,0.0,0.02315,0.061246,0.024276,0.0,0.076091,0.0,0.0,0.0,0.0,0.0,0.0,0.0,0.009941
2025-10-20,0.051348,0.046524,0.053064,0.0,0.065759,0.0,0.075544,0.0,0.0,0.087422,0.011973,0.056521,0.014708,0.060171,0.0,0.0,0.076881,0.0,0.0,0.057677,0.0,0.0,0.0,0.066234,0.038991,0.041081,0.0,0.0,0.0,0.0,0.023122,0.062508,0.024278,0.0,0.076404,0.0,0.0,0.0,0.0,0.0,0.0,0.0,0.009791
2025-10-21,0.051983,0.04684,0.053118,0.0,0.066033,0.0,0.0758,0.0,0.0,0.086785,0.012274,0.057445,0.014879,0.06096,0.0,0.0,0.078552,0.0,0.0,0.059437,0.0,0.0,0.0,0.066398,0.039509,0.041373,0.0,0.0,0.0,0.0,0.023255,0.059238,0.022563,0.0,0.073641,0.0,0.0,0.0,0.0,0.0,0.0,0.0,0.009916
2025-10-22,0.051965,0.047081,0.053119,0.0,0.066154,0.0,0.07639,0.0,0.0,0.087996,0.012236,0.057219,0.014865,0.061112,0.0,0.0,0.077903,0.0,0.0,0.058658,0.0,0.0,0.0,0.06656,0.039305,0.040543,0.0,0.0,0.0,0.0,0.023015,0.059527,0.022717,0.0,0.073668,0.0,0.0,0.0,0.0,0.0,0.0,0.0,0.009966
2025-10-23,0.051726,0.046989,0.052734,0.0,0.066117,0.0,0.076911,0.0,0.0,0.087921,0.012197,0.056585,0.014781,0.060501,0.0,0.0,0.078266,0.0,0.0,0.058552,0.0,0.0,0.0,0.065994,0.039493,0.04121,0.0,0.0,0.0,0.0,0.023586,0.059303,0.022696,0.0,0.074547,0.0,0.0,0.0,0.0,0.0,0.0,0.0,0.009889
2025-10-24,0.051754,0.046718,0.052531,0.0,0.065589,0.0,0.076379,0.0,0.0,0.089204,0.012072,0.056322,0.014833,0.061003,0.0,0.0,0.077765,0.0,0.0,0.057867,0.0,0.0,0.0,0.066286,0.039817,0.041587,0.0,0.0,0.0,0.0,0.024537,0.058677,0.022435,0.0,0.074807,0.0,0.0,0.0,0.0,0.0,0.0,0.0,0.009817
2025-10-27,0.051927,0.046657,0.052857,0.0,0.066446,0.0,0.076628,0.0,0.0,0.090827,0.01217,0.056753,0.014802,0.060551,0.0,0.0,0.077722,0.0,0.0,0.057613,0.0,0.0,0.0,0.066055,0.0403,0.042477,0.0,0.0,0.0,0.0,0.023726,0.05669,0.02149,0.0,0.074551,0.0,0.0,0.0,0.0,0.0,0.0,0.0,0.009758
2025-10-28,0.052143,0.046551,0.053126,0.0,0.066263,0.0,0.077025,0.0,0.0,0.09099,0.012177,0.056489,0.014712,0.060286,0.0,0.0,0.077192,0.0,0.0,0.057404,0.0,0.0,0.0,0.064986,0.040711,0.042542,0.0,0.0,0.0,0.0,0.024128,0.0563,0.021648,0.0,0.075563,0.0,0.0,0.0,0.0,0.0,0.0,0.0,0.009763
2025-10-29,0.052071,0.046154,0.052517,0.0,0.066887,0.0,0.077428,0.0,0.0,0.093056,0.012038,0.056171,0.014417,0.059072,0.0,0.0,0.077148,0.0,0.0,0.055524,0.0,0.0,0.0,0.06476,0.040875,0.043125,0.0,0.0,0.0,0.0,0.024722,0.055911,0.021848,0.0,0.076544,0.0,0.0,0.0,0.0,0.0,0.0,0.0,0.009731
2025-10-30,0.051965,0.04617,0.052771,0.0,0.066339,0.0,0.077496,0.0,0.0,0.091945,0.011826,0.055499,0.014529,0.059476,0.0,0.0,0.077344,0.0,0.0,0.055567,0.0,0.0,0.0,0.064814,0.040577,0.042757,0.0,0.0,0.0,0.0,0.025288,0.057298,0.022523,0.0,0.076038,0.0,0.0,0.0,0.0,0.0,0.0,0.0,0.00978
2025-10-31,0.0,0.09108,0.0,0.0,0.021874,0.052209,0.0,0.0,0.022483,0.082077,0.023678,0.081601,0.0,0.0,0.0,0.0,0.021599,0.0,0.0,0.076413,0.0,0.051581,0.0,0.0,0.067391,0.066535,0.012282,0.0,0.0,0.022399,0.085612,0.0,0.023611,0.0,0.157207,0.0,0.0,0.0,0.0,0.0,0.0,0.016952,0.023415
2025-11-03,0.0,0.091404,0.0,0.0,0.02214,0.052464,0.0,0.0,0.022685,0.085718,0.024024,0.081153,0.0,0.0,0.0,0.0,0.021619,0.0,0.0,0.075494,0.0,0.050538,0.0,0.0,0.068018,0.06728,0.012366,0.0,0.0,0.022482,0.084897,0.0,0.023599,0.0,0.154057,0.0,0.0,0.0,0.0,0.0,0.0,0.016524,0.02354
2025-11-04,0.0,0.092626,0.0,0.0,0.02245,0.053048,0.0,0.0,0.022726,0.083432,0.024201,0.082558,0.0,0.0,0.0,0.0,0.021889,0.0,0.0,0.077442,0.0,0.050911,0.0,0.0,0.067835,0.06621,0.012263,0.0,0.0,0.023068,0.08381,0.0,0.02361,0.0,0.151833,0.0,0.0,0.0,0.0,0.0,0.0,0.015975,0.024115
2025-11-05,0.0,0.092264,0.0,0.0,0.02216,0.052931,0.0,0.0,0.022657,0.08316,0.024198,0.081998,0.0,0.0,0.0,0.0,0.021707,0.0,0.0,0.076077,0.0,0.050838,0.0,0.0,0.067274,0.06744,0.012087,0.0,0.0,0.022809,0.084931,0.0,0.02382,0.0,0.153538,0.0,0.0,0.0,0.0,0.0,0.0,0.016291,0.023821
2025-11-06,0.0,0.092543,0.0,0.0,0.022183,0.053858,0.0,0.0,0.022457,0.081112,0.023824,0.081896,0.0,0.0,0.0,0.0,0.021789,0.0,0.0,0.076282,0.0,0.051273,0.0,0.0,0.066438,0.066194,0.011915,0.0,0.0,0.022877,0.084793,0.0,0.023952,0.0,0.15667,0.0,0.0,0.0,0.0,0.0,0.0,0.015934,0.02401
2025-11-07,0.0,0.092811,0.0,0.0,0.021876,0.053448,0.0,0.0,0.022298,0.07947,0.023814,0.081522,0.0,0.0,0.0,0.0,0.021851,0.0,0.0,0.076823,0.0,0.051017,0.0,0.0,0.066076,0.065369,0.01191,0.0,0.0,0.023186,0.085579,0.0,0.024107,0.0,0.158519,0.0,0.0,0.0,0.0,0.0,0.0,0.016355,0.023967
2025-11-10,0.0,0.092115,0.0,0.0,0.021913,0.053323,0.0,0.0,0.022257,0.081234,0.023665,0.080795,0.0,0.0,0.0,0.0,0.021554,0.0,0.0,0.075474,0.0,0.050559,0.0,0.0,0.066468,0.065777,0.011927,0.0,0.0,0.022729,0.085939,0.0,0.024652,0.0,0.159724,0.0,0.0,0.0,0.0,0.0,0.0,0.016387,0.023507
2025-11-11,0.0,0.093135,0.0,0.0,0.022041,0.053207,0.0,0.0,0.022145,0.080948,0.023734,0.081488,0.0,0.0,0.0,0.0,0.02157,0.0,0.0,0.076187,0.0,0.052382,0.0,0.0,0.065931,0.064314,0.011853,0.0,0.0,0.022994,0.085205,0.0,0.025018,0.0,0.15844,0.0,0.0,0.0,0.0,0.0,0.0,0.015891,0.023518
2025-11-12,0.0,0.093108,0.0,0.0,0.021935,0.052922,0.0,0.0,0.022016,0.080984,0.02343,0.08052,0.0,0.0,0.0,0.0,0.021458,0.0,0.0,0.075493,0.0,0.052107,0.0,0.0,0.06573,0.064898,0.011655,0.0,0.0,0.022683,0.08541,0.0,0.025866,0.0,0.160822,0.0,0.0,0.0,0.0,0.0,0.0,0.015588,0.023376
2025-11-13,0.0,0.09383,0.0,0.0,0.022175,0.053617,0.0,0.0,0.021862,0.080615,0.023188,0.080572,0.0,0.0,0.0,0.0,0.021444,0.0,0.0,0.075363,0.0,0.05187,0.0,0.0,0.065054,0.063612,0.011506,0.0,0.0,0.022741,0.088613,0.0,0.025766,0.0,0.159166,0.0,0.0,0.0,0.0,0.0,0.0,0.015274,0.023731
2025-11-14,0.0,0.093461,0.0,0.0,0.022236,0.053014,0.0,0.0,0.022347,0.080965,0.023163,0.080436,0.0,0.0,0.0,0.0,0.021524,0.0,0.0,0.075116,0.0,0.053039,0.0,0.0,0.06565,0.063657,0.011613,0.0,0.0,0.022874,0.089052,0.0,0.025065,0.0,0.158227,0.0,0.0,0.0,0.0,0.0,0.0,0.014741,0.023821
2025-11-17,0.0,0.09348,0.0,0.0,0.022288,0.053071,0.0,0.0,0.02193,0.081015,0.023233,0.081336,0.0,0.0,0.0,0.0,0.021581,0.0,0.0,0.073694,0.0,0.054091,0.0,0.0,0.065434,0.063349,0.011546,0.0,0.0,0.02297,0.090114,0.0,0.025109,0.0,0.157097,0.0,0.0,0.0,0.0,0.0,0.0,0.014542,0.02412
2025-11-18,0.0,0.093504,0.0,0.0,0.022218,0.0533,0.0,0.0,0.02198,0.080576,0.023035,0.082624,0.0,0.0,0.0,0.0,0.021702,0.0,0.0,0.074217,0.0,0.054804,0.0,0.0,0.065021,0.062504,0.011543,0.0,0.0,0.023296,0.089297,0.0,0.025714,0.0,0.155456,0.0,0.0,0.0,0.0,0.0,0.0,0.014842,0.024368
2025-11-19,0.0,0.092932,0.0,0.0,0.02209,0.052747,0.0,0.0,0.021872,0.079493,0.022985,0.081983,0.0,0.0,0.0,0.0,0.021726,0.0,0.0,0.07406,0.0,0.05436,0.0,0.0,0.065328,0.063408,0.01146,0.0,0.0,0.023062,0.089997,0.0,0.025852,0.0,0.158042,0.0,0.0,0.0,0.0,0.0,0.0,0.014289,0.024313
2025-11-20,0.0,0.093679,0.0,0.0,0.022607,0.053011,0.0,0.0,0.02206,0.079421,0.02314,0.082868,0.0,0.0,0.0,0.0,0.021832,0.0,0.0,0.075658,0.0,0.055231,0.0,0.0,0.06467,0.061694,0.011364,0.0,0.0,0.023471,0.089312,0.0,0.02604,0.0,0.154989,0.0,0.0,0.0,0.0,0.0,0.0,0.014103,0.024849
2025-11-21,0.0,0.094095,0.0,0.0,0.021921,0.05248,0.0,0.0,0.021867,0.079187,0.023343,0.083423,0.0,0.0,0.0,0.0,0.021862,0.0,0.0,0.078586,0.0,0.055996,0.0,0.0,0.064227,0.061658,0.011256,0.0,0.0,0.023597,0.086875,0.0,0.025492,0.0,0.155899,0.0,0.0,0.0,0.0,0.0,0.0,0.013654,0.024582
2025-11-24,0.0,0.092506,0.0,0.0,0.02187,0.052608,0.0,0.0,0.0218,0.078991,0.023314,0.083038,0.0,0.0,0.0,0.0,0.021601,0.0,0.0,0.077054,0.0,0.056576,0.0,0.0,0.064811,0.063434,0.011238,0.0,0.0,0.02332,0.085653,0.0,0.025863,0.0,0.157918,0.0,0.0,0.0,0.0,0.0,0.0,0.014179,0.02423
2025-11-25,0.0,0.093044,0.0,0.0,0.02164,0.052225,0.0,0.0,0.021657,0.077673,0.023548,0.083053,0.0,0.0,0.0,0.0,0.021634,0.0,0.0,0.079807,0.0,0.056785,0.0,0.0,0.064263,0.062924,0.011217,0.0,0.0,0.023274,0.08619,0.0,0.025597,0.0,0.157777,0.0,0.0,0.0,0.0,0.0,0.0,0.01373,0.023962
2025-11-26,0.0,0.092527,0.0,0.0,0.021657,0.051207,0.0,0.0,0.021627,0.078016,0.023357,0.081931,0.0,0.0,0.0,0.0,0.021436,0.0,0.0,0.079615,0.0,0.056622,0.0,0.0,0.064055,0.063695,0.011027,0.0,0.0,0.023028,0.086899,0.0,0.026151,0.0,0.159607,0.0,0.0,0.0,0.0,0.0,0.0,0.013931,0.023612
2025-11-27,0.0,0.092533,0.0,0.0,0.021595,0.051211,0.0,0.0,0.021629,0.078021,0.023358,0.081936,0.0,0.0,0.0,0.0,0.021437,0.0,0.0,0.079621,0.0,0.056625,0.0,0.0,0.06406,0.063699,0.011028,0.0,0.0,0.02303,0.086905,0.0,0.026153,0.0,0.159617,0.0,0.0,0.0,0.0,0.0,0.0,0.013932,0.023612
2025-11-28,0.014931,0.0,0.0,0.0,0.050753,0.0,0.0,0.0,0.027607,0.125329,0.012469,0.054629,0.0,0.0,0.0,0.0,0.035285,0.0,0.0,0.033388,0.0,0.153019,0.0,0.043855,0.072123,0.071261,0.0,0.0,0.0,0.0,0.15291,0.0,0.021443,0.0,0.117929,0.0,0.0,0.0,0.0,0.0,0.0,0.0,0.013068
2025-12-01,0.014996,0.0,0.0,0.0,0.05098,0.0,0.0,0.0,0.02761,0.12574,0.012552,0.054703,0.0,0.0,0.0,0.0,0.034979,0.0,0.0,0.033503,0.0,0.149807,0.0,0.043088,0.072592,0.071736,0.0,0.0,0.0,0.0,0.152768,0.0,0.022124,0.0,0.119676,0.0,0.0,0.0,0.0,0.0,0.0,0.0,0.013147
2025-12-02,0.014943,0.0,0.0,0.0,0.05075,0.0,0.0,0.0,0.02777,0.127499,0.012518,0.054775,0.0,0.0,0.0,0.0,0.035214,0.0,0.0,0.033378,0.0,0.147776,0.0,0.042696,0.073194,0.073021,0.0,0.0,0.0,0.0,0.151957,0.0,0.022337,0.0,0.119051,0.0,0.0,0.0,0.0,0.0,0.0,0.0,0.01312
2025-12-03,0.014808,0.0,0.0,0.0,0.050114,0.0,0.0,0.0,0.027472,0.126973,0.012475,0.053956,0.0,0.0,0.0,0.0,0.035048,0.0,0.0,0.033586,0.0,0.14984,0.0,0.041961,0.072335,0.073542,0.0,0.0,0.0,0.0,0.150461,0.0,0.021998,0.0,0.122494,0.0,0.0,0.0,0.0,0.0,0.0,0.0,0.012938
2025-12-04,0.014891,0.0,0.0,0.0,0.050416,0.0,0.0,0.0,0.027429,0.125892,0.012477,0.054466,0.0,0.0,0.0,0.0,0.035359,0.0,0.0,0.032991,0.0,0.152144,0.0,0.042029,0.072872,0.073078,0.0,0.0,0.0,0.0,0.148981,0.0,0.021534,0.0,0.122454,0.0,0.0,0.0,0.0,0.0,0.0,0.0,0.012987
2025-12-05,0.014782,0.0,0.0,0.0,0.050336,0.0,0.0,0.0,0.027537,0.128066,0.012434,0.054603,0.0,0.0,0.0,0.0,0.034946,0.0,0.0,0.032497,0.0,0.15098,0.0,0.041262,0.072749,0.073163,0.0,0.0,0.0,0.0,0.149119,0.0,0.021832,0.0,0.122821,0.0,0.0,0.0,0.0,0.0,0.0,0.0,0.012873
2025-12-08,0.014718,0.0,0.0,0.0,0.050078,0.0,0.0,0.0,0.027579,0.128875,0.01223,0.054098,0.0,0.0,0.0,0.0,0.034839,0.0,0.0,0.031767,0.0,0.151007,0.0,0.040635,0.073126,0.073821,0.0,0.0,0.0,0.0,0.151119,0.0,0.021693,0.0,0.121568,0.0,0.0,0.0,0.0,0.0,0.0,0.0,0.012847
2025-12-09,0.014777,0.0,0.0,0.0,0.050152,0.0,0.0,0.0,0.027694,0.129794,0.012252,0.054259,0.0,0.0,0.0,0.0,0.034648,0.0,0.0,0.031327,0.0,0.148267,0.0,0.040739,0.073455,0.073822,0.0,0.0,0.0,0.0,0.152373,0.0,0.022748,0.0,0.120819,0.0,0.0,0.0,0.0,0.0,0.0,0.0,0.012874
2025-12-10,0.014578,0.0,0.0,0.0,0.049672,0.0,0.0,0.0,0.027809,0.12981,0.012282,0.053917,0.0,0.0,0.0,0.0,0.034855,0.0,0.0,0.031936,0.0,0.147516,0.0,0.040228,0.072917,0.0739,0.0,0.0,0.0,0.0,0.152877,0.0,0.022839,0.0,0.122144,0.0,0.0,0.0,0.0,0.0,0.0,0.0,0.012719
2025-12-11,0.014647,0.0,0.0,0.0,0.049684,0.0,0.0,0.0,0.027439,0.127389,0.012328,0.05379,0.0,0.0,0.0,0.0,0.035223,0.0,0.0,0.032134,0.0,0.148666,0.0,0.040514,0.072533,0.073466,0.0,0.0,0.0,0.0,0.152643,0.0,0.023467,0.0,0.123356,0.0,0.0,0.0,0.0,0.0,0.0,0.0,0.01272
2025-12-12,0.014775,0.0,0.0,0.0,0.050003,0.0,0.0,0.0,0.02711,0.126317,0.012581,0.054533,0.0,0.0,0.0,0.0,0.035565,0.0,0.0,0.032559,0.0,0.151193,0.0,0.040965,0.071568,0.071078,0.0,0.0,0.0,0.0,0.152099,0.0,0.023216,0.0,0.123511,0.0,0.0,0.0,0.0,0.0,0.0,0.0,0.012926
2025-12-15,0.014813,0.0,0.0,0.0,0.050162,0.0,0.0,0.0,0.027095,0.126306,0.012679,0.054503,0.0,0.0,0.0,0.0,0.035595,0.0,0.0,0.032459,0.0,0.150726,0.0,0.041308,0.070824,0.070677,0.0,0.0,0.0,0.0,0.151368,0.0,0.02403,0.0,0.124543,0.0,0.0,0.0,0.0,0.0,0.0,0.0,0.012914
2025-12-16,0.014832,0.0,0.0,0.0,0.049767,0.0,0.0,0.0,0.027203,0.125528,0.012787,0.054914,0.0,0.0,0.0,0.0,0.035627,0.0,0.0,0.032336,0.0,0.150735,0.0,0.041418,0.07144,0.070834,0.0,0.0,0.0,0.0,0.150922,0.0,0.024037,0.0,0.124613,0.0,0.0,0.0,0.0,0.0,0.0,0.0,0.013005
2025-12-17,0.014837,0.0,0.0,0.0,0.049947,0.0,0.0,0.0,0.026879,0.124957,0.012715,0.054847,0.0,0.0,0.0,0.0,0.03526,0.0,0.0,0.032154,0.0,0.150312,0.0,0.041396,0.070272,0.068621,0.0,0.0,0.0,0.0,0.153348,0.0,0.025241,0.0,0.126133,0.0,0.0,0.0,0.0,0.0,0.0,0.0,0.013083
2025-12-18,0.014869,0.0,0.0,0.0,0.050288,0.0,0.0,0.0,0.02707,0.126196,0.012819,0.054785,0.0,0.0,0.0,0.0,0.035249,0.0,0.0,0.031942,0.0,0.148143,0.0,0.041519,0.070871,0.069782,0.0,0.0,0.0,0.0,0.152785,0.0,0.024679,0.0,0.126006,0.0,0.0,0.0,0.0,0.0,0.0,0.0,0.012996
2025-12-19,0.014734,0.0,0.0,0.0,0.050014,0.0,0.0,0.0,0.027067,0.126363,0.012607,0.054118,0.0,0.0,0.0,0.0,0.035105,0.0,0.0,0.031,0.0,0.150445,0.0,0.040473,0.071491,0.070736,0.0,0.0,0.0,0.0,0.151499,0.0,0.025029,0.0,0.126487,0.0,0.0,0.0,0.0,0.0,0.0,0.0,0.012833
2025-12-22,0.014591,0.0,0.0,0.0,0.049445,0.0,0.0,0.0,0.026813,0.125048,0.012495,0.053552,0.0,0.0,0.0,0.0,0.034967,0.0,0.0,0.030416,0.0,0.151692,0.0,0.040021,0.070811,0.070624,0.0,0.0,0.0,0.0,0.153001,0.0,0.025281,0.0,0.1286,0.0,0.0,0.0,0.0,0.0,0.0,0.0,0.012644
2025-12-23,0.014537,0.0,0.0,0.0,0.049234,0.0,0.0,0.0,0.026849,0.125463,0.01239,0.053512,0.0,0.0,0.0,0.0,0.034711,0.0,0.0,0.029994,0.0,0.149415,0.0,0.039883,0.0707,0.07039,0.0,0.0,0.0,0.0,0.154156,0.0,0.026057,0.0,0.130151,0.0,0.0,0.0,0.0,0.0,0.0,0.0,0.012557
2025-12-24,0.014471,0.0,0.0,0.0,0.049157,0.0,0.0,0.0,0.026681,0.127171,0.012349,0.053468,0.0,0.0,0.0,0.0,0.034589,0.0,0.0,0.030086,0.0,0.150084,0.0,0.039791,0.070392,0.070186,0.0,0.0,0.0,0.0,0.154127,0.0,0.026033,0.0,0.128941,0.0,0.0,0.0,0.0,0.0,0.0,0.0,0.012473
2025-12-26,0.014359,0.0,0.0,0.0,0.048777,0.0,0.0,0.0,0.026682,0.127843,0.0122,0.053001,0.0,0.0,0.0,0.0,0.034258,0.0,0.0,0.029851,0.0,0.147367,0.0,0.039455,0.069958,0.069621,0.0,0.0,0.0,0.0,0.154737,0.0,0.028169,0.0,0.131345,0.0,0.0,0.0,0.0,0.0,0.0,0.0,0.012376
2025-12-29,0.014476,0.0,0.0,0.0,0.049397,0.0,0.0,0.0,0.027092,0.133051,0.012205,0.053515,0.0,0.0,0.0,0.0,0.034539,0.0,0.0,0.030025,0.0,0.147003,0.0,0.039939,0.070366,0.070178,0.0,0.0,0.0,0.0,0.151368,0.0,0.026416,0.0,0.127923,0.0,0.0,0.0,0.0,0.0,0.0,0.0,0.012506
2025-12-30,0.0,0.0,0.0,0.0,0.0,0.0,0.079649,0.0,0.0,0.127302,0.022623,0.057958,0.0,0.0,0.0,0.0,0.0,0.0,0.0,0.036132,0.066237,0.066511,0.0,0.13346,0.048701,0.083991,0.0,0.0,0.0,0.0,0.133635,0.034815,0.02028,0.0,0.063945,0.0,0.0,0.0,0.0,0.0,0.0,0.0,0.024761
