Date,IWDA.L,VGK,EWJ,IUSN.DE,IEMA.L,MCHI,EWZ,INDA,EWT,EWY,XLY,XLC,XLF,KBE,XLE,XOP,XLI,IYT,XLB,ITB,XLV,XBI,XLP,XLU,XLK,SOXX,IGV,CIBR,BOTZ,VNQ,LIT,GLD,SLV,DBA,COPX,TLT,IEF,TIP,HYG,LQD,EMB,BITO,XEON.DE
2020-01-02,0.0,0.0,0.0,0.0,0.0,0.0,0.0,0.0,0.0,0.0,0.0,0.0,0.0,0.0,0.0,0.0,0.0,0.0,0.0,0.0,0.0,0.0,0.0,0.0,0.0,0.0,0.0,0.0,0.0,0.0,0.0,0.0,0.0,0.0,0.0,0.0,0.0,0.0,0.0,0.0,0.0,0.0,0.0
2020-01-03,0.0,0.0,0.0,0.0,0.0,0.0,0.0,0.0,0.0,0.0,0.0,0.0,0.0,0.0,0.0,0.0,0.0,0.0,0.0,0.0,0.0,0.0,0.0,0.0,0.0,0.0,0.0,0.0,0.0,0.0,0.0,0.0,0.0,0.0,0.0,0.0,0.0,0.0,0.0,0.0,0.0,0.0,0.0
2020-01-06,0.0,0.0,0.0,0.0,0.0,0.0,0.0,0.0,0.0,0.0,0.0,0.0,0.0,0.0,0.0,0.0,0.0,0.0,0.0,0.0,0.0,0.0,0.0,0.0,0.0,0.0,0.0,0.0,0.0,0.0,0.0,0.0,0.0,0.0,0.0,0.0,0.0,0.0,0.0,0.0,0.0,0.0,0.0
2020-01-07,0.0,0.0,0.0,0.0,0.0,0.0,0.0,0.0,0.0,0.0,0.0,0.0,0.0,0.0,0.0,0.0,0.0,0.0,0.0,0.0,0.0,0.0,0.0,0.0,0.0,0.0,0.0,0.0,0.0,0.0,0.0,0.0,0.0,0.0,0.0,0.0,0.0,0.0,0.0,0.0,0.0,0.0,0.0
2020-01-08,0.0,0.0,0.0,0.0,0.0,0.0,0.0,0.0,0.0,0.0,0.0,0.0,0.0,0.0,0.0,0.0,0.0,0.0,0.0,0.0,0.0,0.0,0.0,0.0,0.0,0.0,0.0,0.0,0.0,0.0,0.0,0.0,0.0,0.0,0.0,0.0,0.0,0.0,0.0,0.0,0.0,0.0,0.0
2020-01-09,0.0,0.0,0.0,0.0,0.0,0.0,0.0,0.0,0.0,0.0,0.0,0.0,0.0,0.0,0.0,0.0,0.0,0.0,0.0,0.0,0.0,0.0,0.0,0.0,0.0,0.0,0.0,0.0,0.0,0.0,0.0,0.0,0.0,0.0,0.0,0.0,0.0,0.0,0.0,0.0,0.0,0.0,0.0
2020-01-10,0.0,0.0,0.0,0.0,0.0,0.0,0.0,0.0,0.0,0.0,0.0,0.0,0.0,0.0,0.0,0.0,0.0,0.0,0.0,0.0,0.0,0.0,0.0,0.0,0.0,0.0,0.0,0.0,0.0,0.0,0.0,0.0,0.0,0.0,0.0,0.0,0.0,0.0,0.0,0.0,0.0,0.0,0.0
2020-01-13,0.0,0.0,0.0,0.0,0.0,0.0,0.0,0.0,0.0,0.0,0.0,0.0,0.0,0.0,0.0,0.0,0.0,0.0,0.0,0.0,0.0,0.0,0.0,0.0,0.0,0.0,0.0,0.0,0.0,0.0,0.0,0.0,0.0,0.0,0.0,0.0,0.0,0.0,0.0,0.0,0.0,0.0,0.0
2020-01-14,0.0,0.0,0.0,0.0,0.0,0.0,0.0,0.0,0.0,0.0,0.0,0.0,0.0,0.0,0.0,0.0,0.0,0.0,0.0,0.0,0.0,0.0,0.0,0.0,0.0,0.0,0.0,0.0,0.0,0.0,0.0,0.0,0.0,0.0,0.0,0.0,0.0,0.0,0.0,0.0,0.0,0.0,0.0
2020-01-15,0.0,0.0,0.0,0.0,0.0,0.0,0.0,0.0,0.0,0.0,0.0,0.0,0.0,0.0,0.0,0.0,0.0,0.0,0.0,0.0,0.0,0.0,0.0,0.0,0.0,0.0,0.0,0.0,0.0,0.0,0.0,0.0,0.0,0.0,0.0,0.0,0.0,0.0,0.0,0.0,0.0,0.0,0.0
2020-01-16,0.0,0.0,0.0,0.0,0.0,0.0,0.0,0.0,0.0,0.0,0.0,0.0,0.0,0.0,0.0,0.0,0.0,0.0,0.0,0.0,0.0,0.0,0.0,0.0,0.0,0.0,0.0,0.0,0.0,0.0,0.0,0.0,0.0,0.0,0.0,0.0,0.0,0.0,0.0,0.0,0.0,0.0,0.0
2020-01-17,0.0,0.0,0.0,0.0,0.0,0.0,0.0,0.0,0.0,0.0,0.0,0.0,0.0,0.0,0.0,0.0,0.0,0.0,0.0,0.0,0.0,0.0,0.0,0.0,0.0,0.0,0.0,0.0,0.0,0.0,0.0,0.0,0.0,0.0,0.0,0.0,0.0,0.0,0.0,0.0,0.0,0.0,0.0
2020-01-20,0.0,0.0,0.0,0.0,0.0,0.0,0.0,0.0,0.0,0.0,0.0,0.0,0.0,0.0,0.0,0.0,0.0,0.0,0.0,0.0,0.0,0.0,0.0,0.0,0.0,0.0,0.0,0.0,0.0,0.0,0.0,0.0,0.0,0.0,0.0,0.0,0.0,0.0,0.0,0.0,0.0,0.0,0.0
2020-01-21,0.0,0.0,0.0,0.0,0.0,0.0,0.0,0.0,0.0,0.0,0.0,0.0,0.0,0.0,0.0,0.0,0.0,0.0,0.0,0.0,0.0,0.0,0.0,0.0,0.0,0.0,0.0,0.0,0.0,0.0,0.0,0.0,0.0,0.0,0.0,0.0,0.0,0.0,0.0,0.0,0.0,0.0,0.0
2020-01-22,0.0,0.0,0.0,0.0,0.0,0.0,0.0,0.0,0.0,0.0,0.0,0.0,0.0,0.0,0.0,0.0,0.0,0.0,0.0,0.0,0.0,0.0,0.0,0.0,0.0,0.0,0.0,0.0,0.0,0.0,0.0,0.0,0.0,0.0,0.0,0.0,0.0,0.0,0.0,0.0,0.0,0.0,0.0
2020-01-23,0.0,0.0,0.0,0.0,0.0,0.0,0.0,0.0,0.0,0.0,0.0,0.0,0.0,0.0,0.0,0.0,0.0,0.0,0.0,0.0,0.0,0.0,0.0,0.0,0.0,0.0,0.0,0.0,0.0,0.0,0.0,0.0,0.0,0.0,0.0,0.0,0.0,0.0,0.0,0.0,0.0,0.0,0.0
2020-01-24,0.0,0.0,0.0,0.0,0.0,0.0,0.0,0.0,0.0,0.0,0.0,0.0,0.0,0.0,0.0,0.0,0.0,0.0,0.0,0.0,0.0,0.0,0.0,0.0,0.0,0.0,0.0,0.0,0.0,0.0,0.0,0.0,0.0,0.0,0.0,0.0,0.0,0.0,0.0,0.0,0.0,0.0,0.0
2020-01-27,0.0,0.0,0.0,0.0,0.0,0.0,0.0,0.0,0.0,0.0,0.0,0.0,0.0,0.0,0.0,0.0,0.0,0.0,0.0,0.0,0.0,0.0,0.0,0.0,0.0,0.0,0.0,0.0,0.0,0.0,0.0,0.0,0.0,0.0,0.0,0.0,0.0,0.0,0.0,0.0,0.0,0.0,0.0
2020-01-28,0.0,0.0,0.0,0.0,0.0,0.0,0.0,0.0,0.0,0.0,0.0,0.0,0.0,0.0,0.0,0.0,0.0,0.0,0.0,0.0,0.0,0.0,0.0,0.0,0.0,0.0,0.0,0.0,0.0,0.0,0.0,0.0,0.0,0.0,0.0,0.0,0.0,0.0,0.0,0.0,0.0,0.0,0.0
2020-01-29,0.0,0.0,0.0,0.0,0.0,0.0,0.0,0.0,0.0,0.0,0.0,0.0,0.0,0.0,0.0,0.0,0.0,0.0,0.0,0.0,0.0,0.0,0.0,0.0,0.0,0.0,0.0,0.0,0.0,0.0,0.0,0.0,0.0,0.0,0.0,0.0,0.0,0.0,0.0,0.0,0.0,0.0,0.0
2020-01-30,0.0,0.0,0.0,0.0,0.0,0.0,0.0,0.0,0.0,0.0,0.0,0.0,0.0,0.0,0.0,0.0,0.0,0.0,0.0,0.0,0.0,0.0,0.0,0.0,0.0,0.0,0.0,0.0,0.0,0.0,0.0,0.0,0.0,0.0,0.0,0.0,0.0,0.0,0.0,0.0,0.0,0.0,0.0
2020-01-31,0.116383,0.018616,0.048049,0.0,0.0,0.013858,0.0,0.0,0.120447,0.0,0.0,0.024854,0.120444,0.0,0.0,0.0,0.0,0.0,0.0,0.120324,0.095876,0.03891,0.0,0.0,0.067369,0.067575,0.0,0.0,0.0,0.0,0.0,0.067199,0.067785,0.0,0.0,0.0,0.0,0.0,0.0,0.0,0.0,0.0,0.01231
2020-02-03,0.116003,0.018508,0.048119,0.0,0.0,0.013971,0.0,0.0,0.121414,0.0,0.0,0.024995,0.120546,0.0,0.0,0.0,0.0,0.0,0.0,0.120318,0.096155,0.03954,0.0,0.0,0.067842,0.067913,0.0,0.0,0.0,0.0,0.0,0.066354,0.066088,0.0,0.0,0.0,0.0,0.0,0.0,0.0,0.0,0.0,0.012232
2020-02-04,0.116162,0.018558,0.048173,0.0,0.0,0.014307,0.0,0.0,0.123565,0.0,0.0,0.024908,0.120026,0.0,0.0,0.0,0.0,0.0,0.0,0.118336,0.096497,0.040108,0.0,0.0,0.068659,0.06907,0.0,0.0,0.0,0.0,0.0,0.064587,0.064979,0.0,0.0,0.0,0.0,0.0,0.0,0.0,0.0,0.0,0.012065
2020-02-05,0.115439,0.018515,0.048018,0.0,0.0,0.014132,0.0,0.0,0.122748,0.0,0.0,0.024648,0.120951,0.0,0.0,0.0,0.0,0.0,0.0,0.119703,0.097167,0.040608,0.0,0.0,0.068227,0.069808,0.0,0.0,0.0,0.0,0.0,0.063886,0.064234,0.0,0.0,0.0,0.0,0.0,0.0,0.0,0.0,0.0,0.011917
2020-02-06,0.115715,0.018482,0.048212,0.0,0.0,0.014151,0.0,0.0,0.122656,0.0,0.0,0.024868,0.120374,0.0,0.0,0.0,0.0,0.0,0.0,0.119358,0.096911,0.040509,0.0,0.0,0.068609,0.069604,0.0,0.0,0.0,0.0,0.0,0.064005,0.06467,0.0,0.0,0.0,0.0,0.0,0.0,0.0,0.0,0.0,0.011875
2020-02-07,0.116133,0.018439,0.048097,0.0,0.0,0.014107,0.0,0.0,0.121244,0.0,0.0,0.025033,0.120828,0.0,0.0,0.0,0.0,0.0,0.0,0.120457,0.096862,0.040454,0.0,0.0,0.068481,0.068461,0.0,0.0,0.0,0.0,0.0,0.064646,0.064793,0.0,0.0,0.0,0.0,0.0,0.0,0.0,0.0,0.0,0.011965
2020-02-10,0.115319,0.018373,0.047718,0.0,0.0,0.014166,0.0,0.0,0.12184,0.0,0.0,0.025012,0.120367,0.0,0.0,0.0,0.0,0.0,0.0,0.120848,0.096726,0.04084,0.0,0.0,0.068943,0.068955,0.0,0.0,0.0,0.0,0.0,0.064378,0.064631,0.0,0.0,0.0,0.0,0.0,0.0,0.0,0.0,0.0,0.011884
2020-02-11,0.115712,0.018423,0.047738,0.0,0.0,0.014298,0.0,0.0,0.122255,0.0,0.0,0.02487,0.120238,0.0,0.0,0.0,0.0,0.0,0.0,0.12107,0.096857,0.040602,0.0,0.0,0.068394,0.070024,0.0,0.0,0.0,0.0,0.0,0.063861,0.063829,0.0,0.0,0.0,0.0,0.0,0.0,0.0,0.0,0.0,0.011828
2020-02-12,0.115617,0.018454,0.047293,0.0,0.0,0.01451,0.0,0.0,0.123466,0.0,0.0,0.025081,0.119775,0.0,0.0,0.0,0.0,0.0,0.0,0.120453,0.096542,0.040942,0.0,0.0,0.068824,0.070784,0.0,0.0,0.0,0.0,0.0,0.063522,0.062964,0.0,0.0,0.0,0.0,0.0,0.0,0.0,0.0,0.0,0.011773
2020-02-13,0.115738,0.018359,0.04695,0.0,0.0,0.014333,0.0,0.0,0.122923,0.0,0.0,0.025123,0.119917,0.0,0.0,0.0,0.0,0.0,0.0,0.12083,0.096234,0.040547,0.0,0.0,0.068745,0.070966,0.0,0.0,0.0,0.0,0.0,0.06398,0.063561,0.0,0.0,0.0,0.0,0.0,0.0,0.0,0.0,0.0,0.011793
2020-02-14,0.115558,0.018353,0.046576,0.0,0.0,0.014313,0.0,0.0,0.122529,0.0,0.0,0.025142,0.120012,0.0,0.0,0.0,0.0,0.0,0.0,0.121037,0.096261,0.040599,0.0,0.0,0.06901,0.070694,0.0,0.0,0.0,0.0,0.0,0.064216,0.063916,0.0,0.0,0.0,0.0,0.0,0.0,0.0,0.0,0.0,0.011785
2020-02-17,0.115792,0.018348,0.046564,0.0,0.0,0.014309,0.0,0.0,0.122496,0.0,0.0,0.025135,0.11998,0.0,0.0,0.0,0.0,0.0,0.0,0.121005,0.096235,0.040588,0.0,0.0,0.068991,0.070675,0.0,0.0,0.0,0.0,0.0,0.064199,0.063899,0.0,0.0,0.0,0.0,0.0,0.0,0.0,0.0,0.0,0.011784
2020-02-18,0.115261,0.018337,0.046041,0.0,0.0,0.014362,0.0,0.0,0.12112,0.0,0.0,0.025396,0.119381,0.0,0.0,0.0,0.0,0.0,0.0,0.120917,0.096247,0.040956,0.0,0.0,0.068988,0.070026,0.0,0.0,0.0,0.0,0.0,0.065263,0.065879,0.0,0.0,0.0,0.0,0.0,0.0,0.0,0.0,0.0,0.011827
2020-02-19,0.115146,0.018298,0.045563,0.0,0.0,0.014343,0.0,0.0,0.121675,0.0,0.0,0.025291,0.11923,0.0,0.0,0.0,0.0,0.0,0.0,0.120355,0.095858,0.04091,0.0,0.0,0.069207,0.071171,0.0,0.0,0.0,0.0,0.0,0.065076,0.066154,0.0,0.0,0.0,0.0,0.0,0.0,0.0,0.0,0.0,0.011723
2020-02-20,0.114601,0.018304,0.045558,0.0,0.0,0.014271,0.0,0.0,0.119833,0.0,0.0,0.025191,0.119757,0.0,0.0,0.0,0.0,0.0,0.0,0.122408,0.095846,0.040944,0.0,0.0,0.068922,0.070585,0.0,0.0,0.0,0.0,0.0,0.065757,0.066227,0.0,0.0,0.0,0.0,0.0,0.0,0.0,0.0,0.0,0.011796
2020-02-21,0.115255,0.018345,0.045426,0.0,0.0,0.014294,0.0,0.0,0.119916,0.0,0.0,0.024944,0.119259,0.0,0.0,0.0,0.0,0.0,0.0,0.122452,0.096434,0.04094,0.0,0.0,0.067751,0.068867,0.0,0.0,0.0,0.0,0.0,0.067116,0.067138,0.0,0.0,0.0,0.0,0.0,0.0,0.0,0.0,0.0,0.011864
2020-02-24,0.114629,0.018032,0.045086,0.0,0.0,0.014192,0.0,0.0,0.119779,0.0,0.0,0.024763,0.118516,0.0,0.0,0.0,0.0,0.0,0.0,0.123218,0.09593,0.040607,0.0,0.0,0.066714,0.067348,0.0,0.0,0.0,0.0,0.0,0.069558,0.06944,0.0,0.0,0.0,0.0,0.0,0.0,0.0,0.0,0.0,0.012186
2020-02-25,0.115612,0.018066,0.046142,0.0,0.0,0.014464,0.0,0.0,0.122627,0.0,0.0,0.024707,0.117372,0.0,0.0,0.0,0.0,0.0,0.0,0.121222,0.095356,0.040364,0.0,0.0,0.066202,0.066982,0.0,0.0,0.0,0.0,0.0,0.070031,0.068362,0.0,0.0,0.0,0.0,0.0,0.0,0.0,0.0,0.0,0.012489
2020-02-26,0.115546,0.018119,0.046464,0.0,0.0,0.014669,0.0,0.0,0.124135,0.0,0.0,0.02471,0.116751,0.0,0.0,0.0,0.0,0.0,0.0,0.118196,0.09554,0.040651,0.0,0.0,0.066639,0.067209,0.0,0.0,0.0,0.0,0.0,0.070479,0.068378,0.0,0.0,0.0,0.0,0.0,0.0,0.0,0.0,0.0,0.012515
2020-02-27,0.115412,0.018101,0.046268,0.0,0.0,0.014946,0.0,0.0,0.125232,0.0,0.0,0.024472,0.115237,0.0,0.0,0.0,0.0,0.0,0.0,0.118761,0.095162,0.040101,0.0,0.0,0.065004,0.066099,0.0,0.0,0.0,0.0,0.0,0.072684,0.069616,0.0,0.0,0.0,0.0,0.0,0.0,0.0,0.0,0.0,0.012904
2020-02-28,0.0,0.0,0.0,0.0,0.0,0.019994,0.0,0.0,0.148304,0.015729,0.0,0.0,0.055283,0.0,0.0,0.0,0.0,0.0,0.0,0.163708,0.094704,0.0,0.019424,0.163915,0.047423,0.047681,0.047781,0.0,0.041063,0.0,0.06953,0.039595,0.0,0.0,0.0,0.0,0.0,0.0,0.0,0.0,0.0,0.0,0.025867
2020-03-02,0.0,0.0,0.0,0.0,0.0,0.019482,0.0,0.0,0.147591,0.015468,0.0,0.0,0.055876,0.0,0.0,0.0,0.0,0.0,0.0,0.16314,0.095329,0.0,0.019675,0.166887,0.048235,0.047471,0.04767,0.0,0.040048,0.0,0.06998,0.038283,0.0,0.0,0.0,0.0,0.0,0.0,0.0,0.0,0.0,0.0,0.024866
2020-03-03,0.0,0.0,0.0,0.0,0.0,0.019608,0.0,0.0,0.148803,0.015466,0.0,0.0,0.054429,0.0,0.0,0.0,0.0,0.0,0.0,0.16611,0.094087,0.0,0.019643,0.166833,0.046966,0.046355,0.046441,0.0,0.039686,0.0,0.070443,0.039965,0.0,0.0,0.0,0.0,0.0,0.0,0.0,0.0,0.0,0.0,0.025164
2020-03-04,0.0,0.0,0.0,0.0,0.0,0.019177,0.0,0.0,0.145703,0.015435,0.0,0.0,0.054119,0.0,0.0,0.0,0.0,0.0,0.0,0.16775,0.095774,0.0,0.019834,0.169681,0.047143,0.046894,0.04643,0.0,0.03979,0.0,0.069517,0.038532,0.0,0.0,0.0,0.0,0.0,0.0,0.0,0.0,0.0,0.0,0.02422
2020-03-05,0.0,0.0,0.0,0.0,0.0,0.019539,0.0,0.0,0.14787,0.015416,0.0,0.0,0.052597,0.0,0.0,0.0,0.0,0.0,0.0,0.165521,0.095528,0.0,0.019872,0.170591,0.046619,0.046442,0.046163,0.0,0.039138,0.0,0.069775,0.040195,0.0,0.0,0.0,0.0,0.0,0.0,0.0,0.0,0.0,0.0,0.024734
2020-03-06,0.0,0.0,0.0,0.0,0.0,0.019471,0.0,0.0,0.148212,0.015484,0.0,0.0,0.051747,0.0,0.0,0.0,0.0,0.0,0.0,0.163183,0.096777,0.0,0.02008,0.172334,0.046478,0.046267,0.045438,0.0,0.039014,0.0,0.069375,0.040955,0.0,0.0,0.0,0.0,0.0,0.0,0.0,0.0,0.0,0.0,0.025187
2020-03-09,0.0,0.0,0.0,0.0,0.0,0.020003,0.0,0.0,0.151846,0.015646,0.0,0.0,0.049402,0.0,0.0,0.0,0.0,0.0,0.0,0.158553,0.09811,0.0,0.020537,0.174265,0.045929,0.045251,0.044957,0.0,0.038069,0.0,0.066641,0.043868,0.0,0.0,0.0,0.0,0.0,0.0,0.0,0.0,0.0,0.0,0.026924
2020-03-10,0.0,0.0,0.0,0.0,0.0,0.020128,0.0,0.0,0.15119,0.015809,0.0,0.0,0.050687,0.0,0.0,0.0,0.0,0.0,0.0,0.159931,0.098338,0.0,0.020474,0.170445,0.047477,0.046729,0.045699,0.0,0.038609,0.0,0.066784,0.041614,0.0,0.0,0.0,0.0,0.0,0.0,0.0,0.0,0.0,0.0,0.026085
2020-03-11,0.0,0.0,0.0,0.0,0.0,0.020422,0.0,0.0,0.15425,0.015795,0.0,0.0,0.05036,0.0,0.0,0.0,0.0,0.0,0.0,0.153816,0.09936,0.0,0.020453,0.170058,0.04752,0.04634,0.045723,0.0,0.038498,0.0,0.066424,0.043562,0.0,0.0,0.0,0.0,0.0,0.0,0.0,0.0,0.0,0.0,0.027419
2020-03-12,0.0,0.0,0.0,0.0,0.0,0.020916,0.0,0.0,0.154489,0.015684,0.0,0.0,0.049741,0.0,0.0,0.0,0.0,0.0,0.0,0.148333,0.101824,0.0,0.020523,0.169324,0.047491,0.045693,0.045915,0.0,0.037663,0.0,0.065755,0.046319,0.0,0.0,0.0,0.0,0.0,0.0,0.0,0.0,0.0,0.0,0.030331
2020-03-13,0.0,0.0,0.0,0.0,0.0,0.020827,0.0,0.0,0.153829,0.015811,0.0,0.0,0.053237,0.0,0.0,0.0,0.0,0.0,0.0,0.143779,0.10299,0.0,0.021064,0.168882,0.050189,0.047856,0.047671,0.0,0.038819,0.0,0.063903,0.042474,0.0,0.0,0.0,0.0,0.0,0.0,0.0,0.0,0.0,0.0,0.02867
2020-03-16,0.0,0.0,0.0,0.0,0.0,0.021405,0.0,0.0,0.156153,0.015162,0.0,0.0,0.052323,0.0,0.0,0.0,0.0,0.0,0.0,0.130694,0.105736,0.0,0.022364,0.170507,0.049268,0.046207,0.047905,0.0,0.038729,0.0,0.062897,0.047823,0.0,0.0,0.0,0.0,0.0,0.0,0.0,0.0,0.0,0.0,0.032827
2020-03-17,0.0,0.0,0.0,0.0,0.0,0.021257,0.0,0.0,0.153714,0.015379,0.0,0.0,0.052191,0.0,0.0,0.0,0.0,0.0,0.0,0.121663,0.106317,0.0,0.022943,0.181954,0.049785,0.047562,0.048551,0.0,0.039261,0.0,0.062655,0.045859,0.0,0.0,0.0,0.0,0.0,0.0,0.0,0.0,0.0,0.0,0.03091
2020-03-18,0.0,0.0,0.0,0.0,0.0,0.021416,0.0,0.0,0.15041,0.014794,0.0,0.0,0.05071,0.0,0.0,0.0,0.0,0.0,0.0,0.116808,0.109138,0.0,0.023734,0.184779,0.050868,0.04635,0.048994,0.0,0.040217,0.0,0.061226,0.04772,0.0,0.0,0.0,0.0,0.0,0.0,0.0,0.0,0.0,0.0,0.032838
2020-03-19,0.0,0.0,0.0,0.0,0.0,0.02169,0.0,0.0,0.149314,0.014264,0.0,0.0,0.052105,0.0,0.0,0.0,0.0,0.0,0.0,0.125694,0.107491,0.0,0.023068,0.174982,0.051333,0.047804,0.050547,0.0,0.040724,0.0,0.060866,0.047076,0.0,0.0,0.0,0.0,0.0,0.0,0.0,0.0,0.0,0.0,0.033041
2020-03-20,0.0,0.0,0.0,0.0,0.0,0.022152,0.0,0.0,0.159747,0.015199,0.0,0.0,0.051452,0.0,0.0,0.0,0.0,0.0,0.0,0.125456,0.105844,0.0,0.022093,0.164973,0.050157,0.047558,0.05066,0.0,0.041225,0.0,0.060705,0.04893,0.0,0.0,0.0,0.0,0.0,0.0,0.0,0.0,0.0,0.0,0.033849
2020-03-23,0.0,0.0,0.0,0.0,0.0,0.022782,0.0,0.0,0.162401,0.01496,0.0,0.0,0.049667,0.0,0.0,0.0,0.0,0.0,0.0,0.122109,0.102849,0.0,0.021973,0.160457,0.050938,0.050485,0.052038,0.0,0.042022,0.0,0.060322,0.052365,0.0,0.0,0.0,0.0,0.0,0.0,0.0,0.0,0.0,0.0,0.034632
2020-03-24,0.0,0.0,0.0,0.0,0.0,0.021968,0.0,0.0,0.157801,0.015312,0.0,0.0,0.050818,0.0,0.0,0.0,0.0,0.0,0.0,0.129665,0.100837,0.0,0.021022,0.161765,0.051118,0.050926,0.050981,0.0,0.043137,0.0,0.063089,0.049981,0.0,0.0,0.0,0.0,0.0,0.0,0.0,0.0,0.0,0.0,0.031579
2020-03-25,0.0,0.0,0.0,0.0,0.0,0.021803,0.0,0.0,0.157923,0.015707,0.0,0.0,0.050807,0.0,0.0,0.0,0.0,0.0,0.0,0.137562,0.099453,0.0,0.020405,0.161467,0.04969,0.048921,0.049058,0.0,0.042756,0.0,0.065739,0.047981,0.0,0.0,0.0,0.0,0.0,0.0,0.0,0.0,0.0,0.0,0.030727
2020-03-26,0.0,0.0,0.0,0.0,0.0,0.021454,0.0,0.0,0.153181,0.015523,0.0,0.0,0.051515,0.0,0.0,0.0,0.0,0.0,0.0,0.136941,0.101184,0.0,0.020533,0.167177,0.050341,0.049811,0.049969,0.0,0.042996,0.0,0.063673,0.046363,0.0,0.0,0.0,0.0,0.0,0.0,0.0,0.0,0.0,0.0,0.029338
2020-03-27,0.0,0.0,0.0,0.0,0.0,0.021016,0.0,0.0,0.150352,0.01516,0.0,0.0,0.051501,0.0,0.0,0.0,0.0,0.0,0.0,0.134971,0.102101,0.0,0.021074,0.173316,0.049563,0.048814,0.049473,0.0,0.043032,0.0,0.061886,0.047498,0.0,0.0,0.0,0.0,0.0,0.0,0.0,0.0,0.0,0.0,0.030245
2020-03-30,0.0,0.0,0.0,0.0,0.0,0.020999,0.0,0.0,0.150312,0.015131,0.0,0.0,0.051282,0.0,0.0,0.0,0.0,0.0,0.0,0.130548,0.104439,0.0,0.021397,0.175621,0.05047,0.049358,0.049901,0.0,0.042743,0.0,0.061662,0.046617,0.0,0.0,0.0,0.0,0.0,0.0,0.0,0.0,0.0,0.0,0.029521
2020-03-31,0.020174,0.0,0.0,0.0,0.0,0.058787,0.0,0.0,0.049806,0.0,0.0,0.023389,0.0,0.0,0.0,0.0,0.0,0.0,0.0,0.025455,0.036062,0.069848,0.0,0.0,0.072046,0.051843,0.055489,0.0,0.030652,0.0,0.094104,0.040557,0.0,0.037413,0.0,0.056663,0.113578,0.074218,0.029111,0.027208,0.027061,0.0,0.006535
2020-04-01,0.019846,0.0,0.0,0.0,0.0,0.058412,0.0,0.0,0.050104,0.0,0.0,0.02314,0.0,0.0,0.0,0.0,0.0,0.0,0.0,0.024097,0.035743,0.068083,0.0,0.0,0.070695,0.050493,0.054459,0.0,0.029719,0.0,0.091332,0.042183,0.0,0.037343,0.0,0.0592,0.117501,0.076935,0.029171,0.027627,0.027181,0.0,0.006736
2020-04-02,0.019561,0.0,0.0,0.0,0.0,0.059281,0.0,0.0,0.05073,0.0,0.0,0.023089,0.0,0.0,0.0,0.0,0.0,0.0,0.0,0.023536,0.036191,0.069524,0.0,0.0,0.071281,0.051231,0.053908,0.0,0.029932,0.0,0.091129,0.042242,0.0,0.036711,0.0,0.058697,0.115787,0.076958,0.028964,0.027291,0.027328,0.0,0.006629
2020-04-03,0.019553,0.0,0.0,0.0,0.0,0.059157,0.0,0.0,0.050391,0.0,0.0,0.022844,0.0,0.0,0.0,0.0,0.0,0.0,0.0,0.023226,0.036216,0.069216,0.0,0.0,0.070868,0.050754,0.053541,0.0,0.029308,0.0,0.09029,0.042866,0.0,0.036662,0.0,0.059414,0.117009,0.078398,0.028622,0.027416,0.027547,0.0,0.006702
2020-04-06,0.019559,0.0,0.0,0.0,0.0,0.058849,0.0,0.0,0.050514,0.0,0.0,0.023307,0.0,0.0,0.0,0.0,0.0,0.0,0.0,0.025321,0.036481,0.071153,0.0,0.0,0.073618,0.053534,0.055097,0.0,0.030207,0.0,0.09331,0.042166,0.0,0.035561,0.0,0.056719,0.111489,0.074988,0.028062,0.026759,0.026899,0.0,0.006406
2020-04-07,0.020339,0.0,0.0,0.0,0.0,0.058933,0.0,0.0,0.050874,0.0,0.0,0.023507,0.0,0.0,0.0,0.0,0.0,0.0,0.0,0.025803,0.036227,0.069815,0.0,0.0,0.07305,0.05341,0.054409,0.0,0.030046,0.0,0.094534,0.041993,0.0,0.036258,0.0,0.056195,0.111132,0.075033,0.028097,0.026833,0.027087,0.0,0.006423
2020-04-08,0.019943,0.0,0.0,0.0,0.0,0.058023,0.0,0.0,0.050484,0.0,0.0,0.02362,0.0,0.0,0.0,0.0,0.0,0.0,0.0,0.027491,0.037105,0.071381,0.0,0.0,0.073793,0.054299,0.055453,0.0,0.030193,0.0,0.095802,0.040941,0.0,0.035797,0.0,0.054878,0.109187,0.073306,0.028359,0.026873,0.02676,0.0,0.006314
2020-04-09,0.020247,0.0,0.0,0.0,0.0,0.057291,0.0,0.0,0.049453,0.0,0.0,0.023526,0.0,0.0,0.0,0.0,0.0,0.0,0.0,0.028157,0.036889,0.071904,0.0,0.0,0.072979,0.052526,0.055434,0.0,0.030354,0.0,0.097788,0.041538,0.0,0.035012,0.0,0.054359,0.10819,0.073197,0.029875,0.027819,0.027221,0.0,0.006244
2020-04-13,0.020306,0.0,0.0,0.0,0.0,0.057554,0.0,0.0,0.049842,0.0,0.0,0.023629,0.0,0.0,0.0,0.0,0.0,0.0,0.0,0.026535,0.036672,0.071999,0.0,0.0,0.073352,0.053273,0.05568,0.0,0.030199,0.0,0.097488,0.042372,0.0,0.034604,0.0,0.054018,0.108269,0.073541,0.029532,0.027629,0.027246,0.0,0.006262
2020-04-14,0.02004,0.0,0.0,0.0,0.0,0.057528,0.0,0.0,0.05025,0.0,0.0,0.023809,0.0,0.0,0.0,0.0,0.0,0.0,0.0,0.026785,0.03708,0.073278,0.0,0.0,0.074795,0.05454,0.056782,0.0,0.030726,0.0,0.098658,0.041793,0.0,0.033914,0.0,0.052851,0.106096,0.072182,0.029022,0.026906,0.026841,0.0,0.006126
2020-04-15,0.019881,0.0,0.0,0.0,0.0,0.05753,0.0,0.0,0.050189,0.0,0.0,0.023866,0.0,0.0,0.0,0.0,0.0,0.0,0.0,0.025592,0.037327,0.072317,0.0,0.0,0.074034,0.053546,0.056898,0.0,0.030161,0.0,0.096787,0.042074,0.0,0.034141,0.0,0.054896,0.108317,0.073119,0.029093,0.027408,0.026621,0.0,0.006202
2020-04-16,0.019771,0.0,0.0,0.0,0.0,0.057685,0.0,0.0,0.050506,0.0,0.0,0.02376,0.0,0.0,0.0,0.0,0.0,0.0,0.0,0.02541,0.037822,0.073645,0.0,0.0,0.074307,0.054587,0.057148,0.0,0.030115,0.0,0.097116,0.041685,0.0,0.033754,0.0,0.055053,0.107522,0.071876,0.02882,0.027043,0.026225,0.0,0.006149
2020-04-17,0.019891,0.0,0.0,0.0,0.0,0.057414,0.0,0.0,0.050663,0.0,0.0,0.023783,0.0,0.0,0.0,0.0,0.0,0.0,0.0,0.026304,0.038126,0.076733,0.0,0.0,0.074355,0.054324,0.057566,0.0,0.030289,0.0,0.098725,0.040365,0.0,0.033729,0.0,0.053638,0.105903,0.07064,0.028606,0.026794,0.026081,0.0,0.006071
2020-04-20,0.020138,0.0,0.0,0.0,0.0,0.05758,0.0,0.0,0.050208,0.0,0.0,0.02367,0.0,0.0,0.0,0.0,0.0,0.0,0.0,0.02536,0.03799,0.079941,0.0,0.0,0.073485,0.053377,0.057609,0.0,0.029965,0.0,0.097378,0.040832,0.0,0.033579,0.0,0.054307,0.106648,0.070733,0.028299,0.026759,0.026031,0.0,0.006112
2020-04-21,0.019739,0.0,0.0,0.0,0.0,0.05746,0.0,0.0,0.049818,0.0,0.0,0.023431,0.0,0.0,0.0,0.0,0.0,0.0,0.0,0.0256,0.037647,0.079219,0.0,0.0,0.071959,0.051882,0.056177,0.0,0.029836,0.0,0.095516,0.041448,0.0,0.03399,0.0,0.056204,0.109305,0.07266,0.028395,0.027253,0.026232,0.0,0.006228
2020-04-22,0.019755,0.0,0.0,0.0,0.0,0.057695,0.0,0.0,0.049752,0.0,0.0,0.02364,0.0,0.0,0.0,0.0,0.0,0.0,0.0,0.025465,0.037553,0.079319,0.0,0.0,0.073421,0.054059,0.057053,0.0,0.030422,0.0,0.096484,0.041523,0.0,0.03347,0.0,0.054656,0.107057,0.071819,0.028143,0.026792,0.025794,0.0,0.006126
2020-04-23,0.020036,0.0,0.0,0.0,0.0,0.057251,0.0,0.0,0.049734,0.0,0.0,0.0238,0.0,0.0,0.0,0.0,0.0,0.0,0.0,0.02558,0.037745,0.079248,0.0,0.0,0.072891,0.053499,0.056546,0.0,0.030427,0.0,0.096734,0.041921,0.0,0.033781,0.0,0.054926,0.107089,0.071752,0.028119,0.026896,0.025908,0.0,0.006115
2020-04-24,0.019621,0.0,0.0,0.0,0.0,0.056866,0.0,0.0,0.049584,0.0,0.0,0.02388,0.0,0.0,0.0,0.0,0.0,0.0,0.0,0.026398,0.0379,0.081222,0.0,0.0,0.07375,0.054108,0.056904,0.0,0.030586,0.0,0.096928,0.041357,0.0,0.032878,0.0,0.054548,0.106128,0.071494,0.027599,0.02663,0.025557,0.0,0.006064
2020-04-27,0.019955,0.0,0.0,0.0,0.0,0.05715,0.0,0.0,0.050299,0.0,0.0,0.023857,0.0,0.0,0.0,0.0,0.0,0.0,0.0,0.027387,0.038037,0.081559,0.0,0.0,0.073703,0.05433,0.057333,0.0,0.031146,0.0,0.098914,0.040707,0.0,0.032357,0.0,0.053043,0.104599,0.070702,0.027458,0.026173,0.02528,0.0,0.006011
2020-04-28,0.020112,0.0,0.0,0.0,0.0,0.057009,0.0,0.0,0.050403,0.0,0.0,0.02344,0.0,0.0,0.0,0.0,0.0,0.0,0.0,0.029195,0.037295,0.079091,0.0,0.0,0.072772,0.054086,0.056097,0.0,0.03154,0.0,0.100538,0.040553,0.0,0.032673,0.0,0.053691,0.105127,0.070994,0.027561,0.026262,0.025546,0.0,0.006013
2020-04-29,0.020087,0.0,0.0,0.0,0.0,0.056905,0.0,0.0,0.050743,0.0,0.0,0.024121,0.0,0.0,0.0,0.0,0.0,0.0,0.0,0.030255,0.03685,0.078066,0.0,0.0,0.074363,0.055609,0.057338,0.0,0.032028,0.0,0.101465,0.040026,0.0,0.032119,0.0,0.052428,0.103139,0.069601,0.02753,0.025948,0.025476,0.0,0.005902
2020-04-30,0.025796,0.0,0.029925,0.0,0.0,0.098064,0.0,0.0,0.028656,0.0,0.0,0.031317,0.0,0.0,0.0,0.0,0.0,0.0,0.0,0.0,0.078346,0.039024,0.03846,0.0,0.036209,0.016961,0.035625,0.023948,0.01714,0.0,0.0,0.115671,0.0,0.11687,0.0,0.042892,0.043076,0.042837,0.067777,0.062816,0.0,0.0,0.00859
2020-05-01,0.025501,0.0,0.02979,0.0,0.0,0.095577,0.0,0.0,0.028238,0.0,0.0,0.031292,0.0,0.0,0.0,0.0,0.0,0.0,0.0,0.0,0.077877,0.03846,0.038544,0.0,0.035684,0.016349,0.034981,0.023567,0.016875,0.0,0.0,0.117936,0.0,0.118773,0.0,0.043836,0.04371,0.043407,0.067495,0.063401,0.0,0.0,0.008704
2020-05-04,0.025135,0.0,0.029525,0.0,0.0,0.09554,0.0,0.0,0.028656,0.0,0.0,0.031349,0.0,0.0,0.0,0.0,0.0,0.0,0.0,0.0,0.077525,0.040246,0.03837,0.0,0.036013,0.016419,0.035515,0.023708,0.016943,0.0,0.0,0.117875,0.0,0.117866,0.0,0.043454,0.043542,0.043276,0.067131,0.063245,0.0,0.0,0.008669
2020-05-05,0.02557,0.0,0.029584,0.0,0.0,0.09614,0.0,0.0,0.028438,0.0,0.0,0.031273,0.0,0.0,0.0,0.0,0.0,0.0,0.0,0.0,0.078604,0.040806,0.038111,0.0,0.036231,0.016568,0.035992,0.023911,0.016991,0.0,0.0,0.117475,0.0,0.116799,0.0,0.042848,0.043179,0.042997,0.067197,0.062681,0.0,0.0,0.008607
2020-05-06,0.025454,0.0,0.029462,0.0,0.0,0.097184,0.0,0.0,0.028398,0.0,0.0,0.031295,0.0,0.0,0.0,0.0,0.0,0.0,0.0,0.0,0.078099,0.041156,0.037827,0.0,0.036641,0.01683,0.036567,0.024196,0.017009,0.0,0.0,0.116372,0.0,0.11721,0.0,0.042305,0.043171,0.042938,0.06705,0.062196,0.0,0.0,0.00864
2020-05-07,0.025454,0.0,0.029588,0.0,0.0,0.096956,0.0,0.0,0.028422,0.0,0.0,0.031547,0.0,0.0,0.0,0.0,0.0,0.0,0.0,0.0,0.077267,0.040784,0.037323,0.0,0.036798,0.016803,0.037123,0.024985,0.017405,0.0,0.0,0.116912,0.0,0.117586,0.0,0.042558,0.042976,0.042753,0.066511,0.061705,0.0,0.0,0.008544
2020-05-08,0.025293,0.0,0.029903,0.0,0.0,0.098635,0.0,0.0,0.028516,0.0,0.0,0.031919,0.0,0.0,0.0,0.0,0.0,0.0,0.0,0.0,0.077173,0.041116,0.037915,0.0,0.037101,0.017189,0.037185,0.025007,0.017568,0.0,0.0,0.115472,0.0,0.117009,0.0,0.041738,0.042563,0.042467,0.066717,0.061019,0.0,0.0,0.008494
2020-05-11,0.025531,0.0,0.030122,0.0,0.0,0.098707,0.0,0.0,0.028438,0.0,0.0,0.031867,0.0,0.0,0.0,0.0,0.0,0.0,0.0,0.0,0.078326,0.042982,0.037779,0.0,0.037265,0.017134,0.037635,0.025255,0.017728,0.0,0.0,0.114498,0.0,0.11574,0.0,0.04132,0.04235,0.042227,0.066269,0.060351,0.0,0.0,0.008477
2020-05-12,0.025751,0.0,0.029903,0.0,0.0,0.098526,0.0,0.0,0.028375,0.0,0.0,0.031431,0.0,0.0,0.0,0.0,0.0,0.0,0.0,0.0,0.077588,0.042302,0.03768,0.0,0.036711,0.016778,0.036953,0.024818,0.017425,0.0,0.0,0.115621,0.0,0.116506,0.0,0.041991,0.042741,0.042514,0.066575,0.061291,0.0,0.0,0.008517
2020-05-13,0.025206,0.0,0.030209,0.0,0.0,0.099448,0.0,0.0,0.028497,0.0,0.0,0.03106,0.0,0.0,0.0,0.0,0.0,0.0,0.0,0.0,0.077159,0.041684,0.037541,0.0,0.036272,0.016543,0.036413,0.024412,0.017585,0.0,0.0,0.117362,0.0,0.115346,0.0,0.042512,0.043059,0.042782,0.066579,0.061762,0.0,0.0,0.008569
2020-05-14,0.024712,0.0,0.029685,0.0,0.0,0.098926,0.0,0.0,0.028589,0.0,0.0,0.031318,0.0,0.0,0.0,0.0,0.0,0.0,0.0,0.0,0.077813,0.041199,0.037356,0.0,0.036644,0.016944,0.036512,0.02455,0.017333,0.0,0.0,0.118108,0.0,0.114891,0.0,0.042822,0.04302,0.042725,0.066187,0.062119,0.0,0.0,0.008548
2020-05-15,0.024869,0.0,0.029626,0.0,0.0,0.097714,0.0,0.0,0.027953,0.0,0.0,0.031633,0.0,0.0,0.0,0.0,0.0,0.0,0.0,0.0,0.078176,0.042515,0.037544,0.0,0.036691,0.016531,0.036962,0.024706,0.01761,0.0,0.0,0.118332,0.0,0.114462,0.0,0.042553,0.042831,0.04264,0.066032,0.062104,0.0,0.0,0.008514
2020-05-18,0.025591,0.0,0.029991,0.0,0.0,0.100334,0.0,0.0,0.028275,0.0,0.0,0.031901,0.0,0.0,0.0,0.0,0.0,0.0,0.0,0.0,0.077851,0.043214,0.037669,0.0,0.037127,0.017078,0.036754,0.024671,0.018107,0.0,0.0,0.115989,0.0,0.11372,0.0,0.041105,0.042043,0.042111,0.06637,0.061687,0.0,0.0,0.008412
2020-05-19,0.025696,0.0,0.029709,0.0,0.0,0.100216,0.0,0.0,0.028045,0.0,0.0,0.03197,0.0,0.0,0.0,0.0,0.0,0.0,0.0,0.0,0.077093,0.042081,0.037064,0.0,0.037078,0.017062,0.037099,0.024753,0.018076,0.0,0.0,0.117382,0.0,0.113986,0.0,0.041356,0.042259,0.04216,0.066608,0.061879,0.0,0.0,0.008429
2020-05-20,0.025663,0.0,0.029868,0.0,0.0,0.099906,0.0,0.0,0.027941,0.0,0.0,0.032541,0.0,0.0,0.0,0.0,0.0,0.0,0.0,0.0,0.076445,0.042883,0.037145,0.0,0.037527,0.017521,0.03736,0.025009,0.018392,0.0,0.0,0.116532,0.0,0.113473,0.0,0.041081,0.041864,0.04188,0.066669,0.061958,0.0,0.0,0.008345
2020-05-21,0.025593,0.0,0.029815,0.0,0.0,0.098341,0.0,0.0,0.028141,0.0,0.0,0.032603,0.0,0.0,0.0,0.0,0.0,0.0,0.0,0.0,0.076566,0.042931,0.037066,0.0,0.037338,0.017234,0.037399,0.025023,0.018311,0.0,0.0,0.115872,0.0,0.113578,0.0,0.041556,0.042271,0.042213,0.067255,0.062471,0.0,0.0,0.008424
2020-05-22,0.02552,0.0,0.029888,0.0,0.0,0.094806,0.0,0.0,0.027693,0.0,0.0,0.032834,0.0,0.0,0.0,0.0,0.0,0.0,0.0,0.0,0.076812,0.043495,0.037237,0.0,0.037515,0.017329,0.037884,0.025467,0.018636,0.0,0.0,0.116685,0.0,0.1132,0.0,0.041852,0.042397,0.042284,0.067495,0.062539,0.0,0.0,0.008432
2020-05-25,0.02552,0.0,0.029888,0.0,0.0,0.094806,0.0,0.0,0.027693,0.0,0.0,0.032834,0.0,0.0,0.0,0.0,0.0,0.0,0.0,0.0,0.076812,0.043495,0.037237,0.0,0.037515,0.017329,0.037884,0.025467,0.018636,0.0,0.0,0.116685,0.0,0.1132,0.0,0.041852,0.042397,0.042284,0.067495,0.062539,0.0,0.0,0.008432
2020-05-26,0.026139,0.0,0.030801,0.0,0.0,0.096235,0.0,0.0,0.028199,0.0,0.0,0.032817,0.0,0.0,0.0,0.0,0.0,0.0,0.0,0.0,0.076419,0.042329,0.037314,0.0,0.037352,0.017453,0.037406,0.025391,0.018952,0.0,0.0,0.114645,0.0,0.11483,0.0,0.041154,0.042146,0.041988,0.067777,0.062246,0.0,0.0,0.008408
2020-05-27,0.026056,0.0,0.031153,0.0,0.0,0.095317,0.0,0.0,0.02819,0.0,0.0,0.033002,0.0,0.0,0.0,0.0,0.0,0.0,0.0,0.0,0.077102,0.042281,0.037822,0.0,0.037512,0.017697,0.03734,0.025404,0.01895,0.0,0.0,0.11469,0.0,0.11375,0.0,0.041021,0.042121,0.04197,0.067821,0.062416,0.0,0.0,0.008386
2020-05-28,0.026544,0.0,0.031511,0.0,0.0,0.094468,0.0,0.0,0.02792,0.0,0.0,0.032641,0.0,0.0,0.0,0.0,0.0,0.0,0.0,0.0,0.077986,0.041792,0.038098,0.0,0.03738,0.017284,0.03774,0.025494,0.019027,0.0,0.0,0.114896,0.0,0.113824,0.0,0.040807,0.042018,0.042037,0.067783,0.062371,0.0,0.0,0.00838
2020-05-29,0.0,0.0,0.0,0.0,0.0,0.069658,0.0,0.0,0.049649,0.0,0.045575,0.069566,0.0,0.0,0.0,0.0,0.0,0.0,0.0,0.0,0.067962,0.050898,0.070066,0.0,0.03496,0.014061,0.035287,0.021424,0.013046,0.0,0.036051,0.105794,0.0,0.072177,0.0,0.03924,0.039473,0.039503,0.056893,0.062243,0.0,0.0,0.006474
2020-06-01,0.0,0.0,0.0,0.0,0.0,0.070446,0.0,0.0,0.050195,0.0,0.045727,0.069934,0.0,0.0,0.0,0.0,0.0,0.0,0.0,0.0,0.066878,0.050856,0.07012,0.0,0.034736,0.0139,0.035451,0.021729,0.013207,0.0,0.036897,0.105632,0.0,0.071788,0.0,0.038738,0.039216,0.039309,0.056973,0.061835,0.0,0.0,0.006435
2020-06-02,0.0,0.0,0.0,0.0,0.0,0.071657,0.0,0.0,0.050583,0.0,0.045904,0.069891,0.0,0.0,0.0,0.0,0.0,0.0,0.0,0.0,0.066954,0.051321,0.069983,0.0,0.0349,0.014134,0.035311,0.021558,0.013152,0.0,0.037239,0.104462,0.0,0.07109,0.0,0.038418,0.038971,0.039041,0.057272,0.061746,0.0,0.0,0.006413
2020-06-03,0.0,0.0,0.0,0.0,0.0,0.072532,0.0,0.0,0.051605,0.0,0.04668,0.069971,0.0,0.0,0.0,0.0,0.0,0.0,0.0,0.0,0.066693,0.05044,0.06994,0.0,0.035103,0.014514,0.035261,0.021677,0.013243,0.0,0.03789,0.102335,0.0,0.071369,0.0,0.037834,0.038664,0.038837,0.057427,0.061588,0.0,0.0,0.006398
2020-06-04,0.0,0.0,0.0,0.0,0.0,0.072054,0.0,0.0,0.051315,0.0,0.046661,0.069772,0.0,0.0,0.0,0.0,0.0,0.0,0.0,0.0,0.066473,0.049767,0.069925,0.0,0.034976,0.014715,0.034694,0.021375,0.013181,0.0,0.038116,0.103893,0.0,0.072434,0.0,0.037459,0.03869,0.038869,0.057515,0.061687,0.0,0.0,0.006429
2020-06-05,0.0,0.0,0.0,0.0,0.0,0.0726,0.0,0.0,0.052198,0.0,0.047329,0.070243,0.0,0.0,0.0,0.0,0.0,0.0,0.0,0.0,0.066911,0.049701,0.070233,0.0,0.035559,0.014934,0.034882,0.021219,0.013279,0.0,0.039384,0.10083,0.0,0.07191,0.0,0.036843,0.038135,0.038501,0.057513,0.061423,0.0,0.0,0.006372
2020-06-08,0.0,0.0,0.0,0.0,0.0,0.071816,0.0,0.0,0.052117,0.0,0.047665,0.070984,0.0,0.0,0.0,0.0,0.0,0.0,0.0,0.0,0.066831,0.050212,0.070418,0.0,0.035451,0.014783,0.035079,0.021355,0.013194,0.0,0.040311,0.101103,0.0,0.071281,0.0,0.036688,0.03787,0.038274,0.057118,0.061133,0.0,0.0,0.006317
2020-06-09,0.0,0.0,0.0,0.0,0.0,0.071862,0.0,0.0,0.05215,0.0,0.047381,0.070941,0.0,0.0,0.0,0.0,0.0,0.0,0.0,0.0,0.06626,0.05022,0.069972,0.0,0.035685,0.014822,0.03498,0.021229,0.013202,0.0,0.039696,0.102269,0.0,0.071466,0.0,0.037174,0.038077,0.038384,0.056779,0.061118,0.0,0.0,0.006331
2020-06-10,0.0,0.0,0.0,0.0,0.0,0.072445,0.0,0.0,0.052558,0.0,0.046709,0.070384,0.0,0.0,0.0,0.0,0.0,0.0,0.0,0.0,0.065836,0.050038,0.069437,0.0,0.036105,0.014802,0.035418,0.021196,0.013155,0.0,0.039724,0.10323,0.0,0.070811,0.0,0.037542,0.038176,0.038491,0.056422,0.061221,0.0,0.0,0.0063
2020-06-11,0.0,0.0,0.0,0.0,0.0,0.072036,0.0,0.0,0.051997,0.0,0.045744,0.069389,0.0,0.0,0.0,0.0,0.0,0.0,0.0,0.0,0.064255,0.048854,0.06904,0.0,0.035173,0.014326,0.034665,0.020767,0.01282,0.0,0.038098,0.105915,0.0,0.072172,0.0,0.039531,0.039593,0.039791,0.056814,0.062514,0.0,0.0,0.006507
2020-06-12,0.0,0.0,0.0,0.0,0.0,0.07265,0.0,0.0,0.052436,0.0,0.045889,0.069531,0.0,0.0,0.0,0.0,0.0,0.0,0.0,0.0,0.064241,0.049146,0.068591,0.0,0.035391,0.014424,0.034949,0.020786,0.012993,0.0,0.038461,0.105358,0.0,0.071743,0.0,0.038889,0.039242,0.039419,0.056995,0.062399,0.0,0.0,0.006467
2020-06-15,0.0,0.0,0.0,0.0,0.0,0.072167,0.0,0.0,0.051877,0.0,0.046077,0.07027,0.0,0.0,0.0,0.0,0.0,0.0,0.0,0.0,0.064042,0.050263,0.069011,0.0,0.035541,0.01454,0.035393,0.021032,0.012974,0.0,0.037716,0.104607,0.0,0.07094,0.0,0.038703,0.039,0.039225,0.05724,0.062947,0.0,0.0,0.006434
2020-06-16,0.0,0.0,0.0,0.0,0.0,0.072438,0.0,0.0,0.0517,0.0,0.046634,0.070226,0.0,0.0,0.0,0.0,0.0,0.0,0.0,0.0,0.065046,0.050593,0.069478,0.0,0.035982,0.014695,0.035701,0.021138,0.013099,0.0,0.038517,0.103642,0.0,0.07032,0.0,0.037776,0.038579,0.038863,0.056972,0.062225,0.0,0.0,0.006378
2020-06-17,0.0,0.0,0.0,0.0,0.0,0.072966,0.0,0.0,0.052233,0.0,0.04646,0.070238,0.0,0.0,0.0,0.0,0.0,0.0,0.0,0.0,0.06491,0.050576,0.069297,0.0,0.035935,0.014793,0.035662,0.021192,0.0132,0.0,0.038239,0.103726,0.0,0.070243,0.0,0.03789,0.038597,0.038795,0.056644,0.062036,0.0,0.0,0.006368
2020-06-18,0.0,0.0,0.0,0.0,0.0,0.073205,0.0,0.0,0.052119,0.0,0.046178,0.070294,0.0,0.0,0.0,0.0,0.0,0.0,0.0,0.0,0.064532,0.050992,0.069488,0.0,0.036009,0.014729,0.036083,0.021237,0.013069,0.0,0.038406,0.10327,0.0,0.069865,0.0,0.038198,0.038589,0.038875,0.056485,0.062024,0.0,0.0,0.006352
2020-06-19,0.0,0.0,0.0,0.0,0.0,0.072987,0.0,0.0,0.051741,0.0,0.045738,0.069982,0.0,0.0,0.0,0.0,0.0,0.0,0.0,0.0,0.065039,0.052346,0.069008,0.0,0.035698,0.014632,0.035988,0.021039,0.013029,0.0,0.038722,0.104226,0.0,0.069743,0.0,0.038162,0.038534,0.038883,0.056197,0.061962,0.0,0.0,0.006343
2020-06-22,0.0,0.0,0.0,0.0,0.0,0.073516,0.0,0.0,0.052049,0.0,0.045916,0.069692,0.0,0.0,0.0,0.0,0.0,0.0,0.0,0.0,0.064378,0.053542,0.068375,0.0,0.03614,0.014647,0.036469,0.021148,0.013149,0.0,0.038968,0.104235,0.0,0.069249,0.0,0.037925,0.038255,0.038734,0.0558,0.061509,0.0,0.0,0.006303
2020-06-23,0.0,0.0,0.0,0.0,0.0,0.074267,0.0,0.0,0.05208,0.0,0.046086,0.069853,0.0,0.0,0.0,0.0,0.0,0.0,0.0,0.0,0.064388,0.054139,0.067988,0.0,0.03625,0.014638,0.03628,0.02094,0.013111,0.0,0.038978,0.104678,0.0,0.069065,0.0,0.03751,0.038085,0.038596,0.05565,0.061141,0.0,0.0,0.006276
2020-06-24,0.0,0.0,0.0,0.0,0.0,0.074455,0.0,0.0,0.052438,0.0,0.045608,0.069093,0.0,0.0,0.0,0.0,0.0,0.0,0.0,0.0,0.063455,0.053662,0.067642,0.0,0.035855,0.014488,0.035983,0.020856,0.013003,0.0,0.038774,0.105557,0.0,0.06937,0.0,0.038364,0.038612,0.039002,0.055736,0.061698,0.0,0.0,0.00635
2020-06-25,0.0,0.0,0.0,0.0,0.0,0.073844,0.0,0.0,0.052366,0.0,0.045458,0.069076,0.0,0.0,0.0,0.0,0.0,0.0,0.0,0.0,0.063783,0.054733,0.067807,0.0,0.036147,0.014524,0.036312,0.020997,0.013206,0.0,0.038694,0.105007,0.0,0.069154,0.0,0.038297,0.03844,0.038857,0.0555,0.061478,0.0,0.0,0.006318
2020-06-26,0.0,0.0,0.0,0.0,0.0,0.07419,0.0,0.0,0.052607,0.0,0.044921,0.066816,0.0,0.0,0.0,0.0,0.0,0.0,0.0,0.0,0.063756,0.053565,0.067213,0.0,0.035856,0.014421,0.036422,0.021013,0.013086,0.0,0.038942,0.10673,0.0,0.06862,0.0,0.039167,0.039002,0.039386,0.055626,0.062265,0.0,0.0,0.006395
2020-06-29,0.0,0.0,0.0,0.0,0.0,0.0737,0.0,0.0,0.052681,0.0,0.045485,0.067622,0.0,0.0,0.0,0.0,0.0,0.0,0.0,0.0,0.063926,0.053217,0.068052,0.0,0.03602,0.014487,0.036094,0.020894,0.013149,0.0,0.039134,0.106114,0.0,0.069172,0.0,0.038798,0.038795,0.039183,0.054962,0.06216,0.0,0.0,0.006358
2020-06-30,0.027305,0.0,0.03116,0.0,0.0,0.045553,0.0,0.0,0.0,0.0,0.070536,0.06075,0.0,0.0,0.0,0.0,0.0,0.0,0.0,0.0,0.075281,0.0,0.033478,0.037757,0.027826,0.015672,0.028009,0.027992,0.028238,0.0,0.113419,0.114744,0.0,0.0,0.0,0.042739,0.042954,0.042059,0.062087,0.066534,0.0,0.0,0.005908
2020-07-01,0.02733,0.0,0.030922,0.0,0.0,0.045697,0.0,0.0,0.0,0.0,0.070847,0.061905,0.0,0.0,0.0,0.0,0.0,0.0,0.0,0.0,0.075432,0.0,0.033318,0.038422,0.027714,0.015383,0.028333,0.028213,0.028243,0.0,0.113527,0.113585,0.0,0.0,0.0,0.042415,0.042645,0.041849,0.061929,0.06642,0.0,0.0,0.005872
2020-07-02,0.027554,0.0,0.030925,0.0,0.0,0.046922,0.0,0.0,0.0,0.0,0.070668,0.061306,0.0,0.0,0.0,0.0,0.0,0.0,0.0,0.0,0.07551,0.0,0.033272,0.038273,0.027696,0.015471,0.028215,0.02814,0.028084,0.0,0.114601,0.113097,0.0,0.0,0.0,0.042186,0.042422,0.041694,0.061982,0.066153,0.0,0.0,0.005831
2020-07-03,0.027382,0.0,0.03093,0.0,0.0,0.04693,0.0,0.0,0.0,0.0,0.07068,0.061316,0.0,0.0,0.0,0.0,0.0,0.0,0.0,0.0,0.075523,0.0,0.033278,0.03828,0.027701,0.015474,0.02822,0.028145,0.028089,0.0,0.114621,0.113117,0.0,0.0,0.0,0.042193,0.042429,0.041701,0.061993,0.066165,0.0,0.0,0.005833
2020-07-06,0.027342,0.0,0.030716,0.0,0.0,0.049359,0.0,0.0,0.0,0.0,0.070943,0.061328,0.0,0.0,0.0,0.0,0.0,0.0,0.0,0.0,0.0748,0.0,0.032789,0.037072,0.027635,0.015573,0.027969,0.027784,0.028229,0.0,0.121202,0.111573,0.0,0.0,0.0,0.0412,0.04154,0.040966,0.06122,0.065041,0.0,0.0,0.005719
2020-07-07,0.027359,0.0,0.030505,0.0,0.0,0.048502,0.0,0.0,0.0,0.0,0.069975,0.061281,0.0,0.0,0.0,0.0,0.0,0.0,0.0,0.0,0.074305,0.0,0.033156,0.037,0.027403,0.015421,0.027862,0.027628,0.028081,0.0,0.122393,0.11251,0.0,0.0,0.0,0.041866,0.041759,0.041061,0.060939,0.065263,0.0,0.0,0.005733
2020-07-08,0.026916,0.0,0.030252,0.0,0.0,0.050206,0.0,0.0,0.0,0.0,0.070185,0.061358,0.0,0.0,0.0,0.0,0.0,0.0,0.0,0.0,0.073749,0.0,0.032822,0.037048,0.027639,0.015511,0.028215,0.028055,0.028141,0.0,0.123123,0.112351,0.0,0.0,0.0,0.041383,0.041378,0.040678,0.060639,0.064663,0.0,0.0,0.005687
2020-07-09,0.026749,0.0,0.030105,0.0,0.0,0.050329,0.0,0.0,0.0,0.0,0.070107,0.061436,0.0,0.0,0.0,0.0,0.0,0.0,0.0,0.0,0.073172,0.0,0.032565,0.036553,0.02774,0.015717,0.028475,0.028497,0.028017,0.0,0.12292,0.112051,0.0,0.0,0.0,0.042043,0.041512,0.040785,0.060509,0.065029,0.0,0.0,0.005689
2020-07-10,0.026877,0.0,0.030333,0.0,0.0,0.049601,0.0,0.0,0.0,0.0,0.070557,0.062157,0.0,0.0,0.0,0.0,0.0,0.0,0.0,0.0,0.072601,0.0,0.032984,0.03704,0.027581,0.015579,0.028161,0.028269,0.02825,0.0,0.124929,0.111152,0.0,0.0,0.0,0.041604,0.041205,0.04052,0.060384,0.064556,0.0,0.0,0.00566
2020-07-13,0.027459,0.0,0.030223,0.0,0.0,0.049112,0.0,0.0,0.0,0.0,0.069773,0.061005,0.0,0.0,0.0,0.0,0.0,0.0,0.0,0.0,0.073128,0.0,0.032987,0.037138,0.027053,0.015347,0.026988,0.027102,0.027693,0.0,0.129427,0.111467,0.0,0.0,0.0,0.041808,0.041315,0.040673,0.06015,0.064487,0.0,0.0,0.005668
2020-07-14,0.026921,0.0,0.030334,0.0,0.0,0.04848,0.0,0.0,0.0,0.0,0.070171,0.061349,0.0,0.0,0.0,0.0,0.0,0.0,0.0,0.0,0.074265,0.0,0.033328,0.037327,0.027249,0.015536,0.027017,0.027255,0.028006,0.0,0.127272,0.111515,0.0,0.0,0.0,0.041692,0.041137,0.040508,0.060408,0.06459,0.0,0.0,0.00564
2020-07-15,0.027268,0.0,0.030591,0.0,0.0,0.04835,0.0,0.0,0.0,0.0,0.070876,0.061457,0.0,0.0,0.0,0.0,0.0,0.0,0.0,0.0,0.074914,0.0,0.033216,0.037024,0.027282,0.015444,0.026951,0.027254,0.028429,0.0,0.126638,0.111147,0.0,0.0,0.0,0.041324,0.040952,0.040316,0.060498,0.064448,0.0,0.0,0.005619
2020-07-16,0.027344,0.0,0.030553,0.0,0.0,0.047299,0.0,0.0,0.0,0.0,0.07133,0.062124,0.0,0.0,0.0,0.0,0.0,0.0,0.0,0.0,0.075473,0.0,0.03359,0.037837,0.02719,0.015526,0.026862,0.027177,0.028199,0.0,0.122387,0.111098,0.0,0.0,0.0,0.041898,0.041355,0.040765,0.061106,0.065215,0.0,0.0,0.005673
2020-07-17,0.027327,0.0,0.03046,0.0,0.0,0.047338,0.0,0.0,0.0,0.0,0.070665,0.061695,0.0,0.0,0.0,0.0,0.0,0.0,0.0,0.0,0.07615,0.0,0.033613,0.038511,0.027196,0.015531,0.026967,0.027431,0.028532,0.0,0.121954,0.111492,0.0,0.0,0.0,0.041615,0.041152,0.04065,0.06099,0.065086,0.0,0.0,0.005644
2020-07-20,0.02722,0.0,0.030198,0.0,0.0,0.047912,0.0,0.0,0.0,0.0,0.071126,0.061855,0.0,0.0,0.0,0.0,0.0,0.0,0.0,0.0,0.075426,0.0,0.032965,0.037652,0.027631,0.015691,0.027715,0.028018,0.028557,0.0,0.123566,0.110985,0.0,0.0,0.0,0.041329,0.040796,0.040327,0.060783,0.064658,0.0,0.0,0.00559
2020-07-21,0.027478,0.0,0.030151,0.0,0.0,0.048182,0.0,0.0,0.0,0.0,0.071089,0.06143,0.0,0.0,0.0,0.0,0.0,0.0,0.0,0.0,0.075221,0.0,0.033183,0.037745,0.027297,0.015579,0.027349,0.027856,0.028554,0.0,0.123312,0.112091,0.0,0.0,0.0,0.041268,0.040755,0.040334,0.06094,0.06461,0.0,0.0,0.005577
2020-07-22,0.027253,0.0,0.029953,0.0,0.0,0.04726,0.0,0.0,0.0,0.0,0.07142,0.061253,0.0,0.0,0.0,0.0,0.0,0.0,0.0,0.0,0.075599,0.0,0.033317,0.038177,0.027409,0.015569,0.02732,0.027739,0.028588,0.0,0.12283,0.11335,0.0,0.0,0.0,0.04123,0.040609,0.040176,0.060824,0.064567,0.0,0.0,0.005557
2020-07-23,0.027434,0.0,0.029921,0.0,0.0,0.047238,0.0,0.0,0.0,0.0,0.070512,0.060398,0.0,0.0,0.0,0.0,0.0,0.0,0.0,0.0,0.075434,0.0,0.033512,0.038309,0.026759,0.015366,0.02679,0.027587,0.028609,0.0,0.123419,0.114616,0.0,0.0,0.0,0.041808,0.040743,0.040289,0.060921,0.064763,0.0,0.0,0.00557
2020-07-24,0.02721,0.0,0.030137,0.0,0.0,0.046975,0.0,0.0,0.0,0.0,0.071223,0.060803,0.0,0.0,0.0,0.0,0.0,0.0,0.0,0.0,0.075223,0.0,0.033747,0.038373,0.026654,0.015251,0.026765,0.027462,0.028543,0.0,0.118989,0.116559,0.0,0.0,0.0,0.042153,0.041061,0.040614,0.061486,0.065155,0.0,0.0,0.005616
2020-07-27,0.027117,0.0,0.030523,0.0,0.0,0.046702,0.0,0.0,0.0,0.0,0.071168,0.060796,0.0,0.0,0.0,0.0,0.0,0.0,0.0,0.0,0.075263,0.0,0.03368,0.037645,0.026887,0.015617,0.027025,0.027704,0.02896,0.0,0.118841,0.118037,0.0,0.0,0.0,0.041705,0.040713,0.040332,0.061203,0.064507,0.0,0.0,0.005574
2020-07-28,0.027268,0.0,0.030363,0.0,0.0,0.046572,0.0,0.0,0.0,0.0,0.070526,0.060223,0.0,0.0,0.0,0.0,0.0,0.0,0.0,0.0,0.075244,0.0,0.033835,0.038248,0.026596,0.015329,0.026817,0.027552,0.028616,0.0,0.119184,0.119128,0.0,0.0,0.0,0.042031,0.040846,0.040442,0.061099,0.064498,0.0,0.0,0.005583
2020-07-29,0.027048,0.0,0.030091,0.0,0.0,0.046998,0.0,0.0,0.0,0.0,0.070567,0.0602,0.0,0.0,0.0,0.0,0.0,0.0,0.0,0.0,0.075314,0.0,0.033562,0.038061,0.026726,0.015496,0.02708,0.027997,0.028622,0.0,0.120505,0.118885,0.0,0.0,0.0,0.041562,0.040512,0.040152,0.060856,0.064235,0.0,0.0,0.00553
2020-07-30,0.026888,0.0,0.02971,0.0,0.0,0.046829,0.0,0.0,0.0,0.0,0.070678,0.060512,0.0,0.0,0.0,0.0,0.0,0.0,0.0,0.0,0.07497,0.0,0.033642,0.038152,0.026939,0.015839,0.027105,0.028287,0.028501,0.0,0.119782,0.118286,0.0,0.0,0.0,0.041936,0.040665,0.040289,0.06113,0.064319,0.0,0.0,0.00554
2020-07-31,0.038612,0.0,0.0,0.0,0.0,0.0,0.0,0.0,0.04681,0.0,0.095109,0.054565,0.0,0.0,0.0,0.0,0.0,0.0,0.049172,0.0,0.03861,0.067465,0.0,0.0,0.022237,0.022206,0.0225,0.016789,0.022534,0.0,0.095203,0.09484,0.0,0.0,0.0,0.034582,0.03522,0.035126,0.038403,0.0676,0.094817,0.0,0.007599
2020-08-03,0.038816,0.0,0.0,0.0,0.0,0.0,0.0,0.0,0.046162,0.0,0.093972,0.054073,0.0,0.0,0.0,0.0,0.0,0.0,0.048413,0.0,0.038624,0.069604,0.0,0.0,0.02256,0.022386,0.02273,0.01681,0.022814,0.0,0.098464,0.094011,0.0,0.0,0.0,0.034069,0.034856,0.034826,0.038034,0.067023,0.09423,0.0,0.007524
2020-08-04,0.038704,0.0,0.0,0.0,0.0,0.0,0.0,0.0,0.046637,0.0,0.094155,0.054088,0.0,0.0,0.0,0.0,0.0,0.0,0.048802,0.0,0.038221,0.068971,0.0,0.0,0.022481,0.022577,0.022558,0.016703,0.022807,0.0,0.097947,0.095431,0.0,0.0,0.0,0.034186,0.034764,0.034693,0.037791,0.066864,0.09414,0.0,0.007479
2020-08-05,0.038839,0.0,0.0,0.0,0.0,0.0,0.0,0.0,0.04684,0.0,0.094691,0.053658,0.0,0.0,0.0,0.0,0.0,0.0,0.049197,0.0,0.038151,0.069023,0.0,0.0,0.02242,0.022409,0.022506,0.016707,0.022896,0.0,0.099159,0.095699,0.0,0.0,0.0,0.033669,0.034426,0.034486,0.037614,0.066344,0.093832,0.0,0.007432
2020-08-06,0.038522,0.0,0.0,0.0,0.0,0.0,0.0,0.0,0.046793,0.0,0.094808,0.054872,0.0,0.0,0.0,0.0,0.0,0.0,0.048813,0.0,0.03781,0.068424,0.0,0.0,0.022653,0.022316,0.022497,0.0165,0.022865,0.0,0.098955,0.096618,0.0,0.0,0.0,0.033735,0.03434,0.034399,0.037562,0.066385,0.09373,0.0,0.007403
2020-08-07,0.038843,0.0,0.0,0.0,0.0,0.0,0.0,0.0,0.046447,0.0,0.095351,0.05504,0.0,0.0,0.0,0.0,0.0,0.0,0.049186,0.0,0.038091,0.06878,0.0,0.0,0.022409,0.022161,0.022084,0.016279,0.022875,0.0,0.098984,0.095485,0.0,0.0,0.0,0.033652,0.034412,0.034452,0.037628,0.066479,0.093928,0.0,0.007435
2020-08-10,0.038843,0.0,0.0,0.0,0.0,0.0,0.0,0.0,0.046676,0.0,0.096416,0.054812,0.0,0.0,0.0,0.0,0.0,0.0,0.049625,0.0,0.037932,0.068719,0.0,0.0,0.022329,0.022143,0.021748,0.016051,0.022883,0.0,0.099216,0.095079,0.0,0.0,0.0,0.033474,0.034348,0.034384,0.037615,0.066282,0.093994,0.0,0.007431
2020-08-11,0.039712,0.0,0.0,0.0,0.0,0.0,0.0,0.0,0.046683,0.0,0.097374,0.05464,0.0,0.0,0.0,0.0,0.0,0.0,0.050129,0.0,0.038142,0.066773,0.0,0.0,0.022189,0.022173,0.021584,0.016107,0.023208,0.0,0.100505,0.091047,0.0,0.0,0.0,0.033471,0.034639,0.034716,0.03772,0.066651,0.095015,0.0,0.00752
2020-08-12,0.039644,0.0,0.0,0.0,0.0,0.0,0.0,0.0,0.046859,0.0,0.098055,0.054948,0.0,0.0,0.0,0.0,0.0,0.0,0.050115,0.0,0.038543,0.066573,0.0,0.0,0.022552,0.022748,0.021695,0.016063,0.023677,0.0,0.101291,0.090062,0.0,0.0,0.0,0.032962,0.034323,0.034524,0.037496,0.066076,0.09432,0.0,0.007472
2020-08-13,0.039633,0.0,0.0,0.0,0.0,0.0,0.0,0.0,0.046401,0.0,0.09794,0.055183,0.0,0.0,0.0,0.0,0.0,0.0,0.050069,0.0,0.038464,0.067438,0.0,0.0,0.022545,0.022505,0.021964,0.016102,0.023581,0.0,0.100538,0.09212,0.0,0.0,0.0,0.032585,0.034227,0.03441,0.037366,0.06543,0.094035,0.0,0.007465
2020-08-14,0.039625,0.0,0.0,0.0,0.0,0.0,0.0,0.0,0.04669,0.0,0.098217,0.055334,0.0,0.0,0.0,0.0,0.0,0.0,0.05027,0.0,0.038499,0.067001,0.0,0.0,0.022595,0.022556,0.021915,0.016042,0.023614,0.0,0.100201,0.091988,0.0,0.0,0.0,0.032551,0.034343,0.034452,0.037407,0.065329,0.093884,0.0,0.007488
2020-08-17,0.039352,0.0,0.0,0.0,0.0,0.0,0.0,0.0,0.04701,0.0,0.098463,0.054831,0.0,0.0,0.0,0.0,0.0,0.0,0.049978,0.0,0.03833,0.068638,0.0,0.0,0.022512,0.022577,0.021953,0.015951,0.023789,0.0,0.100597,0.093021,0.0,0.0,0.0,0.032299,0.034047,0.034172,0.037244,0.064794,0.093029,0.0,0.007412
2020-08-18,0.039396,0.0,0.0,0.0,0.0,0.0,0.0,0.0,0.046514,0.0,0.098954,0.055259,0.0,0.0,0.0,0.0,0.0,0.0,0.049712,0.0,0.038273,0.067954,0.0,0.0,0.02257,0.02243,0.022188,0.016069,0.023674,0.0,0.100064,0.093747,0.0,0.0,0.0,0.032491,0.034065,0.034284,0.037257,0.064902,0.092795,0.0,0.007403
2020-08-19,0.039825,0.0,0.0,0.0,0.0,0.0,0.0,0.0,0.04621,0.0,0.099239,0.055524,0.0,0.0,0.0,0.0,0.0,0.0,0.049947,0.0,0.038439,0.068358,0.0,0.0,0.022714,0.022473,0.022337,0.016219,0.023618,0.0,0.098954,0.09148,0.0,0.0,0.0,0.032534,0.03428,0.034441,0.037435,0.065225,0.093288,0.0,0.00746
2020-08-20,0.039464,0.0,0.0,0.0,0.0,0.0,0.0,0.0,0.045264,0.0,0.099071,0.056205,0.0,0.0,0.0,0.0,0.0,0.0,0.049762,0.0,0.03831,0.068333,0.0,0.0,0.023013,0.022269,0.022775,0.016419,0.023509,0.0,0.097973,0.092096,0.0,0.0,0.0,0.032822,0.034372,0.034402,0.037552,0.065443,0.093486,0.0,0.007458
2020-08-21,0.039486,0.0,0.0,0.0,0.0,0.0,0.0,0.0,0.045682,0.0,0.099593,0.055963,0.0,0.0,0.0,0.0,0.0,0.0,0.04948,0.0,0.038354,0.067499,0.0,0.0,0.023308,0.022423,0.022623,0.016297,0.023407,0.0,0.098193,0.091369,0.0,0.0,0.0,0.033023,0.034402,0.034524,0.037552,0.065571,0.093794,0.0,0.007459
2020-08-24,0.039753,0.0,0.0,0.0,0.0,0.0,0.0,0.0,0.04574,0.0,0.100668,0.056399,0.0,0.0,0.0,0.0,0.0,0.0,0.050134,0.0,0.038013,0.065603,0.0,0.0,0.023407,0.022558,0.022595,0.016323,0.023532,0.0,0.099607,0.090459,0.0,0.0,0.0,0.032827,0.034205,0.034443,0.037561,0.065172,0.093577,0.0,0.007423
2020-08-25,0.039698,0.0,0.0,0.0,0.0,0.0,0.0,0.0,0.046048,0.0,0.100754,0.056792,0.0,0.0,0.0,0.0,0.0,0.0,0.049813,0.0,0.038177,0.066231,0.0,0.0,0.023468,0.022721,0.022789,0.016338,0.023475,0.0,0.099932,0.090347,0.0,0.0,0.0,0.032496,0.03404,0.034348,0.037509,0.064731,0.092889,0.0,0.007405
2020-08-26,0.0398,0.0,0.0,0.0,0.0,0.0,0.0,0.0,0.046035,0.0,0.101113,0.058365,0.0,0.0,0.0,0.0,0.0,0.0,0.050023,0.0,0.037893,0.065005,0.0,0.0,0.023796,0.022652,0.023873,0.016523,0.023406,0.0,0.099411,0.090843,0.0,0.0,0.0,0.032169,0.033814,0.034201,0.037271,0.064351,0.092097,0.0,0.00736
2020-08-27,0.040179,0.0,0.0,0.0,0.0,0.0,0.0,0.0,0.045658,0.0,0.101038,0.057925,0.0,0.0,0.0,0.0,0.0,0.0,0.050121,0.0,0.038369,0.06478,0.0,0.0,0.023926,0.022499,0.023877,0.016481,0.023246,0.0,0.10083,0.090212,0.0,0.0,0.0,0.03177,0.033852,0.034225,0.037387,0.064137,0.092094,0.0,0.007394
2020-08-28,0.039915,0.0,0.0,0.0,0.0,0.0,0.0,0.0,0.045505,0.0,0.100955,0.057637,0.0,0.0,0.0,0.0,0.0,0.0,0.050344,0.0,0.038172,0.064853,0.0,0.0,0.023959,0.022746,0.023926,0.016424,0.023343,0.0,0.101243,0.091108,0.0,0.0,0.0,0.031513,0.033659,0.034082,0.037144,0.063861,0.092272,0.0,0.00734
2020-08-31,0.0,0.0,0.0,0.0,0.0,0.0,0.0,0.0,0.080901,0.0,0.080535,0.05679,0.0,0.0,0.0,0.0,0.0,0.0,0.060201,0.065213,0.080361,0.0,0.05626,0.0,0.018314,0.017969,0.015697,0.018575,0.018641,0.0,0.080937,0.080588,0.0,0.0,0.0,0.030404,0.029613,0.03021,0.045608,0.044905,0.080528,0.0,0.00775
2020-09-01,0.0,0.0,0.0,0.0,0.0,0.0,0.0,0.0,0.081184,0.0,0.080473,0.05662,0.0,0.0,0.0,0.0,0.0,0.0,0.061204,0.066415,0.078756,0.0,0.055694,0.0,0.018456,0.018122,0.015941,0.018869,0.018699,0.0,0.082236,0.079787,0.0,0.0,0.0,0.030409,0.02938,0.029891,0.045347,0.044686,0.080169,0.0,0.007662
2020-09-02,0.0,0.0,0.0,0.0,0.0,0.0,0.0,0.0,0.080945,0.0,0.080929,0.057361,0.0,0.0,0.0,0.0,0.0,0.0,0.062089,0.066067,0.079687,0.0,0.056246,0.0,0.01847,0.018497,0.015894,0.018912,0.01898,0.0,0.081533,0.078104,0.0,0.0,0.0,0.030451,0.029184,0.029662,0.045034,0.044502,0.079851,0.0,0.007601
2020-09-03,0.0,0.0,0.0,0.0,0.0,0.0,0.0,0.0,0.081611,0.0,0.080204,0.056719,0.0,0.0,0.0,0.0,0.0,0.0,0.061794,0.064873,0.07934,0.0,0.056579,0.0,0.017827,0.017876,0.015383,0.018265,0.018653,0.0,0.079813,0.079294,0.0,0.0,0.0,0.031256,0.02991,0.030254,0.045807,0.045449,0.081315,0.0,0.007779
2020-09-04,0.0,0.0,0.0,0.0,0.0,0.0,0.0,0.0,0.082286,0.0,0.079806,0.056054,0.0,0.0,0.0,0.0,0.0,0.0,0.062245,0.063845,0.079299,0.0,0.056826,0.0,0.017696,0.017808,0.01503,0.017948,0.018715,0.0,0.080637,0.080043,0.0,0.0,0.0,0.030867,0.029942,0.030362,0.045987,0.045266,0.081505,0.0,0.00783
2020-09-07,0.0,0.0,0.0,0.0,0.0,0.0,0.0,0.0,0.082286,0.0,0.079806,0.056054,0.0,0.0,0.0,0.0,0.0,0.0,0.062245,0.063845,0.079299,0.0,0.056826,0.0,0.017696,0.017808,0.01503,0.017948,0.018715,0.0,0.080637,0.080043,0.0,0.0,0.0,0.030867,0.029942,0.030362,0.045987,0.045266,0.081505,0.0,0.007832
2020-09-08,0.0,0.0,0.0,0.0,0.0,0.0,0.0,0.0,0.083299,0.0,0.079837,0.055322,0.0,0.0,0.0,0.0,0.0,0.0,0.061912,0.064412,0.079061,0.0,0.056391,0.0,0.017127,0.017208,0.014706,0.017769,0.018704,0.0,0.07805,0.080982,0.0,0.0,0.0,0.031482,0.030416,0.030807,0.046357,0.045929,0.082293,0.0,0.007936
2020-09-09,0.0,0.0,0.0,0.0,0.0,0.0,0.0,0.0,0.08282,0.0,0.080276,0.055249,0.0,0.0,0.0,0.0,0.0,0.0,0.062674,0.065633,0.079405,0.0,0.056457,0.0,0.017454,0.017445,0.014926,0.017866,0.018868,0.0,0.0779,0.080695,0.0,0.0,0.0,0.030985,0.030002,0.03042,0.046108,0.045357,0.081623,0.0,0.007834
2020-09-10,0.0,0.0,0.0,0.0,0.0,0.0,0.0,0.0,0.083065,0.0,0.079773,0.054878,0.0,0.0,0.0,0.0,0.0,0.0,0.062592,0.06578,0.078828,0.0,0.056219,0.0,0.017199,0.017349,0.014862,0.017778,0.018798,0.0,0.077425,0.081093,0.0,0.0,0.0,0.031398,0.030285,0.030695,0.046266,0.045762,0.082058,0.0,0.007897
2020-09-11,0.0,0.0,0.0,0.0,0.0,0.0,0.0,0.0,0.082927,0.0,0.079616,0.054514,0.0,0.0,0.0,0.0,0.0,0.0,0.063172,0.066632,0.078864,0.0,0.056338,0.0,0.017009,0.017284,0.014602,0.017608,0.018782,0.0,0.078181,0.080807,0.0,0.0,0.0,0.031355,0.030227,0.030572,0.046198,0.045637,0.081803,0.0,0.007871
2020-09-14,0.0,0.0,0.0,0.0,0.0,0.0,0.0,0.0,0.083294,0.0,0.079561,0.054112,0.0,0.0,0.0,0.0,0.0,0.0,0.063367,0.066967,0.0791,0.0,0.05607,0.0,0.017171,0.017433,0.014705,0.017652,0.018973,0.0,0.080366,0.080534,0.0,0.0,0.0,0.031003,0.029862,0.030211,0.045633,0.045239,0.080966,0.0,0.007781
2020-09-15,0.0,0.0,0.0,0.0,0.0,0.0,0.0,0.0,0.083793,0.0,0.079686,0.054715,0.0,0.0,0.0,0.0,0.0,0.0,0.063256,0.06574,0.078684,0.0,0.055625,0.0,0.017227,0.017617,0.014872,0.017689,0.019061,0.0,0.083063,0.079813,0.0,0.0,0.0,0.030724,0.029651,0.030033,0.045457,0.044992,0.080569,0.0,0.007731
2020-09-16,0.0,0.0,0.0,0.0,0.0,0.0,0.0,0.0,0.083862,0.0,0.079306,0.054167,0.0,0.0,0.0,0.0,0.0,0.0,0.063355,0.067488,0.078615,0.0,0.055421,0.0,0.016975,0.017466,0.014657,0.017662,0.019015,0.0,0.082802,0.080105,0.0,0.0,0.0,0.030657,0.029658,0.030058,0.045494,0.045058,0.080443,0.0,0.007736
2020-09-17,0.0,0.0,0.0,0.0,0.0,0.0,0.0,0.0,0.083874,0.0,0.078531,0.053403,0.0,0.0,0.0,0.0,0.0,0.0,0.0641,0.066798,0.078695,0.0,0.055309,0.0,0.016907,0.017533,0.014537,0.017555,0.019014,0.0,0.083718,0.08001,0.0,0.0,0.0,0.030884,0.029796,0.030205,0.045642,0.045264,0.080456,0.0,0.007769
2020-09-18,0.0,0.0,0.0,0.0,0.0,0.0,0.0,0.0,0.084121,0.0,0.07782,0.053151,0.0,0.0,0.0,0.0,0.0,0.0,0.063308,0.066489,0.078964,0.0,0.055072,0.0,0.016698,0.017344,0.014532,0.017631,0.018976,0.0,0.084754,0.080511,0.0,0.0,0.0,0.03094,0.029917,0.030328,0.045754,0.045403,0.080481,0.0,0.007808
2020-09-21,0.0,0.0,0.0,0.0,0.0,0.0,0.0,0.0,0.084757,0.0,0.077618,0.05316,0.0,0.0,0.0,0.0,0.0,0.0,0.061912,0.06607,0.078437,0.0,0.055309,0.0,0.017039,0.017521,0.014968,0.017947,0.01884,0.0,0.083757,0.079842,0.0,0.0,0.0,0.031471,0.030331,0.030636,0.04593,0.045905,0.08065,0.0,0.007899
2020-09-22,0.0,0.0,0.0,0.0,0.0,0.0,0.0,0.0,0.083609,0.0,0.078902,0.053944,0.0,0.0,0.0,0.0,0.0,0.0,0.061751,0.067836,0.077917,0.0,0.055384,0.0,0.017231,0.017622,0.015212,0.018209,0.018908,0.0,0.082774,0.079098,0.0,0.0,0.0,0.031305,0.030194,0.030508,0.045882,0.045726,0.080121,0.0,0.007867
2020-09-23,0.0,0.0,0.0,0.0,0.0,0.0,0.0,0.0,0.083689,0.0,0.079169,0.053715,0.0,0.0,0.0,0.0,0.0,0.0,0.061143,0.066475,0.078666,0.0,0.055649,0.0,0.017029,0.017561,0.015094,0.018125,0.019118,0.0,0.080409,0.078945,0.0,0.0,0.0,0.031977,0.030802,0.03109,0.046331,0.046309,0.08068,0.0,0.008025
2020-09-24,0.0,0.0,0.0,0.0,0.0,0.0,0.0,0.0,0.082428,0.0,0.079187,0.053853,0.0,0.0,0.0,0.0,0.0,0.0,0.061621,0.067213,0.078324,0.0,0.056097,0.0,0.017136,0.017721,0.015042,0.0179,0.019095,0.0,0.079416,0.079291,0.0,0.0,0.0,0.032121,0.030837,0.031132,0.046389,0.046222,0.080946,0.0,0.00803
2020-09-25,0.0,0.0,0.0,0.0,0.0,0.0,0.0,0.0,0.082103,0.0,0.079681,0.054205,0.0,0.0,0.0,0.0,0.0,0.0,0.061752,0.066738,0.07905,0.0,0.056014,0.0,0.017428,0.017844,0.015363,0.018165,0.019236,0.0,0.079732,0.078535,0.0,0.0,0.0,0.031906,0.030656,0.030966,0.045995,0.045865,0.080792,0.0,0.007973
2020-09-28,0.0,0.0,0.0,0.0,0.0,0.0,0.0,0.0,0.082875,0.0,0.080277,0.054205,0.0,0.0,0.0,0.0,0.0,0.0,0.061925,0.06834,0.078714,0.0,0.0559,0.0,0.017528,0.018095,0.015332,0.018128,0.019262,0.0,0.079917,0.078282,0.0,0.0,0.0,0.031396,0.030247,0.030621,0.045685,0.04549,0.07991,0.0,0.007869
2020-09-29,0.0,0.0,0.0,0.0,0.0,0.0,0.0,0.0,0.083008,0.0,0.079585,0.054213,0.0,0.0,0.0,0.0,0.0,0.0,0.061413,0.067528,0.078548,0.0,0.055483,0.0,0.017454,0.018121,0.015271,0.018081,0.019483,0.0,0.082042,0.078873,0.0,0.0,0.0,0.031405,0.030243,0.030645,0.045684,0.045394,0.07966,0.0,0.007864
2020-09-30,0.03905,0.0,0.0,0.0,0.0,0.0,0.0,0.0,0.0,0.0,0.118848,0.074774,0.0,0.0,0.0,0.0,0.0,0.118686,0.056597,0.097453,0.0,0.0,0.0,0.0,0.027314,0.026569,0.027351,0.023592,0.027384,0.0,0.118856,0.0,0.118814,0.0,0.118766,0.0,0.0,0.0,0.0,0.0,0.0,0.0,0.005946
2020-10-01,0.038874,0.0,0.0,0.0,0.0,0.0,0.0,0.0,0.0,0.0,0.119319,0.075163,0.0,0.0,0.0,0.0,0.0,0.117407,0.055296,0.09847,0.0,0.0,0.0,0.0,0.027354,0.026894,0.027628,0.023763,0.027498,0.0,0.11923,0.0,0.120195,0.0,0.117018,0.0,0.0,0.0,0.0,0.0,0.0,0.0,0.005892
2020-10-02,0.038745,0.0,0.0,0.0,0.0,0.0,0.0,0.0,0.0,0.0,0.119231,0.073937,0.0,0.0,0.0,0.0,0.0,0.11865,0.055985,0.099363,0.0,0.0,0.0,0.0,0.026754,0.026179,0.027178,0.023573,0.027341,0.0,0.118261,0.0,0.120836,0.0,0.118056,0.0,0.0,0.0,0.0,0.0,0.0,0.0,0.005911
2020-10-05,0.038613,0.0,0.0,0.0,0.0,0.0,0.0,0.0,0.0,0.0,0.118934,0.073986,0.0,0.0,0.0,0.0,0.0,0.118796,0.05617,0.097705,0.0,0.0,0.0,0.0,0.026916,0.026578,0.027169,0.023596,0.027196,0.0,0.119072,0.0,0.121596,0.0,0.117853,0.0,0.0,0.0,0.0,0.0,0.0,0.0,0.005822
2020-10-06,0.039357,0.0,0.0,0.0,0.0,0.0,0.0,0.0,0.0,0.0,0.118656,0.073626,0.0,0.0,0.0,0.0,0.0,0.119714,0.056379,0.09755,0.0,0.0,0.0,0.0,0.026936,0.026887,0.027404,0.023978,0.027566,0.0,0.120354,0.0,0.118735,0.0,0.116941,0.0,0.0,0.0,0.0,0.0,0.0,0.0,0.005918
2020-10-07,0.038657,0.0,0.0,0.0,0.0,0.0,0.0,0.0,0.0,0.0,0.119156,0.072813,0.0,0.0,0.0,0.0,0.0,0.120668,0.056776,0.096831,0.0,0.0,0.0,0.0,0.026929,0.026903,0.027512,0.023892,0.027514,0.0,0.120596,0.0,0.118503,0.0,0.117442,0.0,0.0,0.0,0.0,0.0,0.0,0.0,0.005808
2020-10-08,0.03857,0.0,0.0,0.0,0.0,0.0,0.0,0.0,0.0,0.0,0.118937,0.073144,0.0,0.0,0.0,0.0,0.0,0.120338,0.056871,0.098507,0.0,0.0,0.0,0.0,0.026843,0.027009,0.027305,0.023758,0.027371,0.0,0.120078,0.0,0.117993,0.0,0.117518,0.0,0.0,0.0,0.0,0.0,0.0,0.0,0.005759
2020-10-09,0.038329,0.0,0.0,0.0,0.0,0.0,0.0,0.0,0.0,0.0,0.11813,0.072331,0.0,0.0,0.0,0.0,0.0,0.119255,0.056335,0.0976,0.0,0.0,0.0,0.0,0.02679,0.027016,0.027339,0.023677,0.027167,0.0,0.120578,0.0,0.122416,0.0,0.117374,0.0,0.0,0.0,0.0,0.0,0.0,0.0,0.005663
2020-10-12,0.038592,0.0,0.0,0.0,0.0,0.0,0.0,0.0,0.0,0.0,0.119,0.073803,0.0,0.0,0.0,0.0,0.0,0.118767,0.055913,0.097551,0.0,0.0,0.0,0.0,0.02736,0.027257,0.027586,0.023968,0.027231,0.0,0.120351,0.0,0.121284,0.0,0.11571,0.0,0.0,0.0,0.0,0.0,0.0,0.0,0.005628
2020-10-13,0.038805,0.0,0.0,0.0,0.0,0.0,0.0,0.0,0.0,0.0,0.119939,0.074472,0.0,0.0,0.0,0.0,0.0,0.118793,0.055864,0.097485,0.0,0.0,0.0,0.0,0.027405,0.027428,0.02803,0.02433,0.027451,0.0,0.121238,0.0,0.117862,0.0,0.115223,0.0,0.0,0.0,0.0,0.0,0.0,0.0,0.005675
2020-10-14,0.038705,0.0,0.0,0.0,0.0,0.0,0.0,0.0,0.0,0.0,0.118676,0.073622,0.0,0.0,0.0,0.0,0.0,0.11994,0.056056,0.097374,0.0,0.0,0.0,0.0,0.027274,0.027332,0.027849,0.02424,0.027438,0.0,0.121248,0.0,0.118189,0.0,0.11638,0.0,0.0,0.0,0.0,0.0,0.0,0.0,0.005677
2020-10-15,0.038134,0.0,0.0,0.0,0.0,0.0,0.0,0.0,0.0,0.0,0.119102,0.073049,0.0,0.0,0.0,0.0,0.0,0.120957,0.055888,0.098529,0.0,0.0,0.0,0.0,0.027148,0.027256,0.027744,0.024069,0.027106,0.0,0.120978,0.0,0.118437,0.0,0.115928,0.0,0.0,0.0,0.0,0.0,0.0,0.0,0.005676
2020-10-16,0.038742,0.0,0.0,0.0,0.0,0.0,0.0,0.0,0.0,0.0,0.118681,0.073469,0.0,0.0,0.0,0.0,0.0,0.12004,0.056593,0.098039,0.0,0.0,0.0,0.0,0.027221,0.027277,0.028004,0.024184,0.027267,0.0,0.119887,0.0,0.118202,0.0,0.116686,0.0,0.0,0.0,0.0,0.0,0.0,0.0,0.005708
2020-10-19,0.03891,0.0,0.0,0.0,0.0,0.0,0.0,0.0,0.0,0.0,0.118296,0.072813,0.0,0.0,0.0,0.0,0.0,0.119765,0.056448,0.096788,0.0,0.0,0.0,0.0,0.026967,0.027389,0.027994,0.024143,0.027479,0.0,0.119463,0.0,0.120138,0.0,0.117646,0.0,0.0,0.0,0.0,0.0,0.0,0.0,0.00576
2020-10-20,0.038156,0.0,0.0,0.0,0.0,0.0,0.0,0.0,0.0,0.0,0.117716,0.072398,0.0,0.0,0.0,0.0,0.0,0.119834,0.055853,0.096337,0.0,0.0,0.0,0.0,0.026713,0.026994,0.027485,0.023613,0.027381,0.0,0.121168,0.0,0.120909,0.0,0.119757,0.0,0.0,0.0,0.0,0.0,0.0,0.0,0.005686
2020-10-21,0.038166,0.0,0.0,0.0,0.0,0.0,0.0,0.0,0.0,0.0,0.117229,0.073712,0.0,0.0,0.0,0.0,0.0,0.118627,0.055714,0.093581,0.0,0.0,0.0,0.0,0.026708,0.026848,0.027471,0.023306,0.027267,0.0,0.120362,0.0,0.12249,0.0,0.122826,0.0,0.0,0.0,0.0,0.0,0.0,0.0,0.005693
2020-10-22,0.038143,0.0,0.0,0.0,0.0,0.0,0.0,0.0,0.0,0.0,0.11781,0.074409,0.0,0.0,0.0,0.0,0.0,0.119126,0.056183,0.091473,0.0,0.0,0.0,0.0,0.02666,0.026937,0.027426,0.023329,0.027412,0.0,0.121481,0.0,0.121104,0.0,0.122797,0.0,0.0,0.0,0.0,0.0,0.0,0.0,0.005709
2020-10-23,0.038132,0.0,0.0,0.0,0.0,0.0,0.0,0.0,0.0,0.0,0.118231,0.074724,0.0,0.0,0.0,0.0,0.0,0.11995,0.056098,0.092975,0.0,0.0,0.0,0.0,0.026494,0.026704,0.02751,0.02326,0.027271,0.0,0.119665,0.0,0.120376,0.0,0.122931,0.0,0.0,0.0,0.0,0.0,0.0,0.0,0.00568
2020-10-26,0.038224,0.0,0.0,0.0,0.0,0.0,0.0,0.0,0.0,0.0,0.118323,0.074577,0.0,0.0,0.0,0.0,0.0,0.119409,0.05581,0.091397,0.0,0.0,0.0,0.0,0.026447,0.026658,0.027376,0.023285,0.027232,0.0,0.12193,0.0,0.121062,0.0,0.122474,0.0,0.0,0.0,0.0,0.0,0.0,0.0,0.005796
2020-10-27,0.038274,0.0,0.0,0.0,0.0,0.0,0.0,0.0,0.0,0.0,0.11833,0.075096,0.0,0.0,0.0,0.0,0.0,0.117744,0.05531,0.089851,0.0,0.0,0.0,0.0,0.026593,0.026567,0.027641,0.023297,0.027343,0.0,0.123905,0.0,0.121769,0.0,0.122483,0.0,0.0,0.0,0.0,0.0,0.0,0.0,0.005797
2020-10-28,0.038357,0.0,0.0,0.0,0.0,0.0,0.0,0.0,0.0,0.0,0.118141,0.074384,0.0,0.0,0.0,0.0,0.0,0.116213,0.055414,0.092047,0.0,0.0,0.0,0.0,0.026255,0.026494,0.027503,0.023323,0.027399,0.0,0.126014,0.0,0.120296,0.0,0.122185,0.0,0.0,0.0,0.0,0.0,0.0,0.0,0.005977
2020-10-29,0.037878,0.0,0.0,0.0,0.0,0.0,0.0,0.0,0.0,0.0,0.117519,0.075379,0.0,0.0,0.0,0.0,0.0,0.117424,0.055907,0.09025,0.0,0.0,0.0,0.0,0.026385,0.026853,0.02734,0.022947,0.027445,0.0,0.127866,0.0,0.118526,0.0,0.122372,0.0,0.0,0.0,0.0,0.0,0.0,0.0,0.005911
2020-10-30,0.0,0.0,0.0,0.0,0.0,0.0,0.0,0.071555,0.047154,0.0318,0.133928,0.0,0.0,0.0,0.0,0.0,0.0,0.133824,0.011095,0.134027,0.0,0.0,0.0,0.0,0.0,0.043865,0.038766,0.0,0.05858,0.0,0.133948,0.0,0.044133,0.0,0.095908,0.0,0.0,0.0,0.0,0.0,0.0,0.0,0.021416
2020-11-02,0.0,0.0,0.0,0.0,0.0,0.0,0.0,0.070747,0.046895,0.031888,0.132965,0.0,0.0,0.0,0.0,0.0,0.0,0.132745,0.0113,0.136259,0.0,0.0,0.0,0.0,0.0,0.043395,0.037967,0.0,0.058247,0.0,0.136634,0.0,0.044336,0.0,0.095511,0.0,0.0,0.0,0.0,0.0,0.0,0.0,0.021111
2020-11-03,0.0,0.0,0.0,0.0,0.0,0.0,0.0,0.069909,0.046533,0.031956,0.133293,0.0,0.0,0.0,0.0,0.0,0.0,0.134149,0.011258,0.135846,0.0,0.0,0.0,0.0,0.0,0.043368,0.038026,0.0,0.058564,0.0,0.135884,0.0,0.043546,0.0,0.096963,0.0,0.0,0.0,0.0,0.0,0.0,0.0,0.020705
2020-11-04,0.0,0.0,0.0,0.0,0.0,0.0,0.0,0.070692,0.046535,0.032119,0.134097,0.0,0.0,0.0,0.0,0.0,0.0,0.130169,0.0109,0.140641,0.0,0.0,0.0,0.0,0.0,0.044214,0.039267,0.0,0.058636,0.0,0.135541,0.0,0.042514,0.0,0.094283,0.0,0.0,0.0,0.0,0.0,0.0,0.0,0.020392
2020-11-05,0.0,0.0,0.0,0.0,0.0,0.0,0.0,0.069598,0.045569,0.031958,0.13288,0.0,0.0,0.0,0.0,0.0,0.0,0.129773,0.011027,0.136818,0.0,0.0,0.0,0.0,0.0,0.044905,0.039044,0.0,0.058578,0.0,0.141835,0.0,0.043868,0.0,0.094325,0.0,0.0,0.0,0.0,0.0,0.0,0.0,0.019821
2020-11-06,0.0,0.0,0.0,0.0,0.0,0.0,0.0,0.0703,0.045644,0.031886,0.132615,0.0,0.0,0.0,0.0,0.0,0.0,0.129135,0.011066,0.133423,0.0,0.0,0.0,0.0,0.0,0.045684,0.039378,0.0,0.058501,0.0,0.141547,0.0,0.044247,0.0,0.096736,0.0,0.0,0.0,0.0,0.0,0.0,0.0,0.019837
2020-11-09,0.0,0.0,0.0,0.0,0.0,0.0,0.0,0.072041,0.046123,0.032236,0.132332,0.0,0.0,0.0,0.0,0.0,0.0,0.13244,0.011328,0.124253,0.0,0.0,0.0,0.0,0.0,0.045204,0.038,0.0,0.060019,0.0,0.145685,0.0,0.041896,0.0,0.098585,0.0,0.0,0.0,0.0,0.0,0.0,0.0,0.019858
2020-11-10,0.0,0.0,0.0,0.0,0.0,0.0,0.0,0.071223,0.04594,0.032573,0.132032,0.0,0.0,0.0,0.0,0.0,0.0,0.134994,0.011477,0.130588,0.0,0.0,0.0,0.0,0.0,0.043904,0.036819,0.0,0.058466,0.0,0.142439,0.0,0.041819,0.0,0.097842,0.0,0.0,0.0,0.0,0.0,0.0,0.0,0.019883
2020-11-11,0.0,0.0,0.0,0.0,0.0,0.0,0.0,0.071307,0.0464,0.032844,0.132536,0.0,0.0,0.0,0.0,0.0,0.0,0.133212,0.01125,0.132068,0.0,0.0,0.0,0.0,0.0,0.045263,0.037664,0.0,0.059059,0.0,0.139875,0.0,0.041781,0.0,0.096949,0.0,0.0,0.0,0.0,0.0,0.0,0.0,0.019793
2020-11-12,0.0,0.0,0.0,0.0,0.0,0.0,0.0,0.071012,0.046617,0.032809,0.131895,0.0,0.0,0.0,0.0,0.0,0.0,0.132545,0.011108,0.130714,0.0,0.0,0.0,0.0,0.0,0.045091,0.037906,0.0,0.059137,0.0,0.141174,0.0,0.042199,0.0,0.097831,0.0,0.0,0.0,0.0,0.0,0.0,0.0,0.019961
2020-11-13,0.0,0.0,0.0,0.0,0.0,0.0,0.0,0.070921,0.046401,0.033003,0.131655,0.0,0.0,0.0,0.0,0.0,0.0,0.133054,0.011099,0.131154,0.0,0.0,0.0,0.0,0.0,0.044834,0.037373,0.0,0.059055,0.0,0.141939,0.0,0.042094,0.0,0.09781,0.0,0.0,0.0,0.0,0.0,0.0,0.0,0.019607
2020-11-16,0.0,0.0,0.0,0.0,0.0,0.0,0.0,0.070457,0.046464,0.033052,0.1311,0.0,0.0,0.0,0.0,0.0,0.0,0.13407,0.011125,0.130466,0.0,0.0,0.0,0.0,0.0,0.045164,0.036706,0.0,0.05915,0.0,0.141553,0.0,0.041591,0.0,0.099833,0.0,0.0,0.0,0.0,0.0,0.0,0.0,0.019271
2020-11-17,0.0,0.0,0.0,0.0,0.0,0.0,0.0,0.070503,0.04656,0.033105,0.130841,0.0,0.0,0.0,0.0,0.0,0.0,0.134818,0.011109,0.130648,0.0,0.0,0.0,0.0,0.0,0.044894,0.037151,0.0,0.058827,0.0,0.140868,0.0,0.041179,0.0,0.100182,0.0,0.0,0.0,0.0,0.0,0.0,0.0,0.019314
2020-11-18,0.0,0.0,0.0,0.0,0.0,0.0,0.0,0.070711,0.047156,0.033248,0.130578,0.0,0.0,0.0,0.0,0.0,0.0,0.134573,0.01107,0.131308,0.0,0.0,0.0,0.0,0.0,0.044777,0.037066,0.0,0.059017,0.0,0.13947,0.0,0.041034,0.0,0.100589,0.0,0.0,0.0,0.0,0.0,0.0,0.0,0.019403
2020-11-19,0.0,0.0,0.0,0.0,0.0,0.0,0.0,0.07026,0.047042,0.033048,0.130852,0.0,0.0,0.0,0.0,0.0,0.0,0.134137,0.011085,0.131635,0.0,0.0,0.0,0.0,0.0,0.045309,0.03764,0.0,0.059156,0.0,0.140142,0.0,0.040682,0.0,0.099659,0.0,0.0,0.0,0.0,0.0,0.0,0.0,0.019353
2020-11-20,0.0,0.0,0.0,0.0,0.0,0.0,0.0,0.070049,0.046812,0.032966,0.129739,0.0,0.0,0.0,0.0,0.0,0.0,0.132439,0.011039,0.130576,0.0,0.0,0.0,0.0,0.0,0.04495,0.037486,0.0,0.059172,0.0,0.142985,0.0,0.040675,0.0,0.101824,0.0,0.0,0.0,0.0,0.0,0.0,0.0,0.019289
2020-11-23,0.0,0.0,0.0,0.0,0.0,0.0,0.0,0.06933,0.046626,0.033153,0.129395,0.0,0.0,0.0,0.0,0.0,0.0,0.132648,0.010981,0.132157,0.0,0.0,0.0,0.0,0.0,0.044975,0.03693,0.0,0.058561,0.0,0.145334,0.0,0.039126,0.0,0.101758,0.0,0.0,0.0,0.0,0.0,0.0,0.0,0.019028
2020-11-24,0.0,0.0,0.0,0.0,0.0,0.0,0.0,0.06953,0.046103,0.033249,0.129538,0.0,0.0,0.0,0.0,0.0,0.0,0.134019,0.011101,0.128105,0.0,0.0,0.0,0.0,0.0,0.044607,0.036526,0.0,0.058527,0.0,0.148156,0.0,0.038068,0.0,0.103703,0.0,0.0,0.0,0.0,0.0,0.0,0.0,0.018769
2020-11-25,0.0,0.0,0.0,0.0,0.0,0.0,0.0,0.069252,0.045959,0.033176,0.130507,0.0,0.0,0.0,0.0,0.0,0.0,0.133929,0.011055,0.129114,0.0,0.0,0.0,0.0,0.0,0.044788,0.037161,0.0,0.058875,0.0,0.145304,0.0,0.038466,0.0,0.103527,0.0,0.0,0.0,0.0,0.0,0.0,0.0,0.018887
2020-11-26,0.0,0.0,0.0,0.0,0.0,0.0,0.0,0.069252,0.04596,0.033176,0.130508,0.0,0.0,0.0,0.0,0.0,0.0,0.133929,0.011055,0.129114,0.0,0.0,0.0,0.0,0.0,0.044788,0.037161,0.0,0.058876,0.0,0.145304,0.0,0.038466,0.0,0.103527,0.0,0.0,0.0,0.0,0.0,0.0,0.0,0.018882
2020-11-27,0.0,0.0,0.0,0.0,0.0,0.0,0.0,0.069173,0.046091,0.033499,0.130145,0.0,0.0,0.0,0.0,0.0,0.0,0.132553,0.011058,0.128841,0.0,0.0,0.0,0.0,0.0,0.045098,0.037567,0.0,0.059403,0.0,0.145162,0.0,0.037096,0.0,0.105525,0.0,0.0,0.0,0.0,0.0,0.0,0.0,0.018789
2020-11-30,0.0,0.0,0.0,0.0,0.059609,0.024657,0.0,0.0471,0.031472,0.027264,0.079655,0.0,0.0,0.0,0.0,0.0,0.028814,0.10171,0.021272,0.102186,0.0,0.0,0.0,0.011298,0.0,0.063072,0.0,0.0,0.067434,0.0,0.116312,0.0,0.095172,0.0,0.116396,0.0,0.0,0.0,0.0,0.0,0.0,0.0,0.006578
2020-12-01,0.0,0.0,0.0,0.0,0.059769,0.024457,0.0,0.0478,0.031517,0.027354,0.078971,0.0,0.0,0.0,0.0,0.0,0.028285,0.100562,0.021163,0.099176,0.0,0.0,0.0,0.011196,0.0,0.063093,0.0,0.0,0.067934,0.0,0.116107,0.0,0.09922,0.0,0.116926,0.0,0.0,0.0,0.0,0.0,0.0,0.0,0.006471
2020-12-02,0.0,0.0,0.0,0.0,0.059987,0.024364,0.0,0.047764,0.031786,0.027927,0.078648,0.0,0.0,0.0,0.0,0.0,0.028385,0.101182,0.020937,0.096779,0.0,0.0,0.0,0.011295,0.0,0.063416,0.0,0.0,0.067977,0.0,0.115085,0.0,0.099569,0.0,0.118415,0.0,0.0,0.0,0.0,0.0,0.0,0.0,0.006485
2020-12-03,0.0,0.0,0.0,0.0,0.060354,0.024396,0.0,0.047591,0.031885,0.028193,0.078249,0.0,0.0,0.0,0.0,0.0,0.028236,0.100672,0.020629,0.098987,0.0,0.0,0.0,0.01109,0.0,0.063,0.0,0.0,0.067443,0.0,0.114138,0.0,0.09923,0.0,0.119473,0.0,0.0,0.0,0.0,0.0,0.0,0.0,0.006435
2020-12-04,0.0,0.0,0.0,0.0,0.059985,0.024112,0.0,0.047463,0.032101,0.02862,0.077374,0.0,0.0,0.0,0.0,0.0,0.028226,0.10066,0.020791,0.096639,0.0,0.0,0.0,0.010846,0.0,0.063933,0.0,0.0,0.067347,0.0,0.11564,0.0,0.098246,0.0,0.121658,0.0,0.0,0.0,0.0,0.0,0.0,0.0,0.006356
2020-12-07,0.0,0.0,0.0,0.0,0.060021,0.02392,0.0,0.047674,0.032082,0.028592,0.076973,0.0,0.0,0.0,0.0,0.0,0.028008,0.100207,0.020595,0.098472,0.0,0.0,0.0,0.010875,0.0,0.06407,0.0,0.0,0.066124,0.0,0.117343,0.0,0.099442,0.0,0.119264,0.0,0.0,0.0,0.0,0.0,0.0,0.0,0.006337
2020-12-08,0.0,0.0,0.0,0.0,0.059761,0.023977,0.0,0.047764,0.032243,0.027964,0.076757,0.0,0.0,0.0,0.0,0.0,0.028124,0.100604,0.020695,0.095991,0.0,0.0,0.0,0.010835,0.0,0.064231,0.0,0.0,0.066385,0.0,0.120327,0.0,0.099371,0.0,0.118638,0.0,0.0,0.0,0.0,0.0,0.0,0.0,0.006332
2020-12-09,0.0,0.0,0.0,0.0,0.060085,0.023773,0.0,0.04812,0.032366,0.028478,0.077315,0.0,0.0,0.0,0.0,0.0,0.028419,0.101768,0.020877,0.097171,0.0,0.0,0.0,0.010905,0.0,0.062934,0.0,0.0,0.066517,0.0,0.118094,0.0,0.097598,0.0,0.119195,0.0,0.0,0.0,0.0,0.0,0.0,0.0,0.006386
2020-12-10,0.0,0.0,0.0,0.0,0.06026,0.024024,0.0,0.048294,0.03222,0.028668,0.076985,0.0,0.0,0.0,0.0,0.0,0.028053,0.100421,0.020679,0.097001,0.0,0.0,0.0,0.010812,0.0,0.062634,0.0,0.0,0.066292,0.0,0.118579,0.0,0.097662,0.0,0.12105,0.0,0.0,0.0,0.0,0.0,0.0,0.0,0.006364
2020-12-11,0.0,0.0,0.0,0.0,0.060487,0.023968,0.0,0.048484,0.032391,0.028662,0.077158,0.0,0.0,0.0,0.0,0.0,0.028318,0.101044,0.020705,0.097508,0.0,0.0,0.0,0.010906,0.0,0.062463,0.0,0.0,0.066511,0.0,0.11731,0.0,0.098087,0.0,0.119588,0.0,0.0,0.0,0.0,0.0,0.0,0.0,0.00641
2020-12-14,0.0,0.0,0.0,0.0,0.06037,0.023847,0.0,0.04849,0.032433,0.028528,0.077337,0.0,0.0,0.0,0.0,0.0,0.027975,0.098789,0.02046,0.098049,0.0,0.0,0.0,0.010859,0.0,0.063214,0.0,0.0,0.067045,0.0,0.119278,0.0,0.097729,0.0,0.119183,0.0,0.0,0.0,0.0,0.0,0.0,0.0,0.006414
2020-12-15,0.0,0.0,0.0,0.0,0.059563,0.023593,0.0,0.048487,0.032074,0.02851,0.07721,0.0,0.0,0.0,0.0,0.0,0.027942,0.098153,0.02052,0.097782,0.0,0.0,0.0,0.010908,0.0,0.063138,0.0,0.0,0.066741,0.0,0.120238,0.0,0.099052,0.0,0.119772,0.0,0.0,0.0,0.0,0.0,0.0,0.0,0.006318
2020-12-16,0.0,0.0,0.0,0.0,0.059732,0.023662,0.0,0.048177,0.032164,0.028148,0.077319,0.0,0.0,0.0,0.0,0.0,0.027626,0.09766,0.020358,0.097264,0.0,0.0,0.0,0.010726,0.0,0.062852,0.0,0.0,0.066196,0.0,0.119878,0.0,0.102089,0.0,0.119861,0.0,0.0,0.0,0.0,0.0,0.0,0.0,0.006287
2020-12-17,0.0,0.0,0.0,0.0,0.059275,0.023588,0.0,0.047853,0.031614,0.027688,0.076753,0.0,0.0,0.0,0.0,0.0,0.027405,0.09741,0.020303,0.099639,0.0,0.0,0.0,0.010647,0.0,0.062083,0.0,0.0,0.066109,0.0,0.118761,0.0,0.102913,0.0,0.121761,0.0,0.0,0.0,0.0,0.0,0.0,0.0,0.006197
2020-12-18,0.0,0.0,0.0,0.0,0.059398,0.023603,0.0,0.047961,0.031556,0.027556,0.076475,0.0,0.0,0.0,0.0,0.0,0.027442,0.096871,0.020419,0.100212,0.0,0.0,0.0,0.010568,0.0,0.06179,0.0,0.0,0.06595,0.0,0.12038,0.0,0.10223,0.0,0.121382,0.0,0.0,0.0,0.0,0.0,0.0,0.0,0.006205
2020-12-21,0.0,0.0,0.0,0.0,0.058628,0.023498,0.0,0.046352,0.031613,0.027302,0.075632,0.0,0.0,0.0,0.0,0.0,0.027284,0.096416,0.020316,0.099601,0.0,0.0,0.0,0.010443,0.0,0.061532,0.0,0.0,0.065606,0.0,0.124387,0.0,0.104051,0.0,0.12113,0.0,0.0,0.0,0.0,0.0,0.0,0.0,0.006207
2020-12-22,0.0,0.0,0.0,0.0,0.058796,0.023522,0.0,0.047131,0.031528,0.027113,0.075973,0.0,0.0,0.0,0.0,0.0,0.027397,0.097066,0.02037,0.100882,0.0,0.0,0.0,0.010515,0.0,0.061985,0.0,0.0,0.066613,0.0,0.124935,0.0,0.100881,0.0,0.119033,0.0,0.0,0.0,0.0,0.0,0.0,0.0,0.00626
2020-12-23,0.0,0.0,0.0,0.0,0.05889,0.023459,0.0,0.04754,0.031422,0.027441,0.075497,0.0,0.0,0.0,0.0,0.0,0.027309,0.0966,0.020227,0.0986,0.0,0.0,0.0,0.010406,0.0,0.061002,0.0,0.0,0.066555,0.0,0.125609,0.0,0.101612,0.0,0.121622,0.0,0.0,0.0,0.0,0.0,0.0,0.0,0.006208
2020-12-24,0.0,0.0,0.0,0.0,0.058587,0.02275,0.0,0.047885,0.031701,0.027809,0.075429,0.0,0.0,0.0,0.0,0.0,0.027231,0.096328,0.020294,0.099907,0.0,0.0,0.0,0.010448,0.0,0.061362,0.0,0.0,0.066116,0.0,0.124227,0.0,0.101989,0.0,0.121747,0.0,0.0,0.0,0.0,0.0,0.0,0.0,0.006189
2020-12-28,0.0,0.0,0.0,0.0,0.058175,0.022526,0.0,0.047983,0.031775,0.027873,0.075753,0.0,0.0,0.0,0.0,0.0,0.027073,0.095786,0.020073,0.09729,0.0,0.0,0.0,0.010421,0.0,0.060864,0.0,0.0,0.06599,0.0,0.126665,0.0,0.10326,0.0,0.122346,0.0,0.0,0.0,0.0,0.0,0.0,0.0,0.006147
2020-12-29,0.0,0.0,0.0,0.0,0.059164,0.023112,0.0,0.048319,0.03195,0.028512,0.076019,0.0,0.0,0.0,0.0,0.0,0.026997,0.095432,0.020089,0.096898,0.0,0.0,0.0,0.010452,0.0,0.060902,0.0,0.0,0.066441,0.0,0.123792,0.0,0.103421,0.0,0.122333,0.0,0.0,0.0,0.0,0.0,0.0,0.0,0.006166
2020-12-30,0.0,0.0,0.0,0.0,0.059052,0.023255,0.0,0.047833,0.031915,0.028591,0.075274,0.0,0.0,0.0,0.0,0.0,0.026742,0.094167,0.020046,0.095611,0.0,0.0,0.0,0.01034,0.0,0.060949,0.0,0.0,0.065672,0.0,0.128307,0.0,0.103339,0.0,0.12284,0.0,0.0,0.0,0.0,0.0,0.0,0.0,0.006069
2020-12-31,0.0,0.0,0.0,0.0,0.109943,0.0,0.0,0.050226,0.050117,0.036116,0.06192,0.0,0.0,0.0,0.0,0.0,0.051265,0.085054,0.107473,0.027499,0.0,0.037119,0.0,0.0,0.0,0.067167,0.0,0.0,0.067204,0.0,0.121601,0.0,0.0,0.0,0.12168,0.0,0.0,0.0,0.0,0.0,0.0,0.0,0.005615
2021-01-04,0.0,0.0,0.0,0.0,0.109256,0.0,0.0,0.04978,0.050214,0.036657,0.060715,0.0,0.0,0.0,0.0,0.0,0.049471,0.082394,0.105267,0.026716,0.0,0.036751,0.0,0.0,0.0,0.066143,0.0,0.0,0.066187,0.0,0.12882,0.0,0.0,0.0,0.126076,0.0,0.0,0.0,0.0,0.0,0.0,0.0,0.005553
2021-01-05,0.0,0.0,0.0,0.0,0.10799,0.0,0.0,0.049535,0.050128,0.036724,0.059784,0.0,0.0,0.0,0.0,0.0,0.048827,0.081327,0.105196,0.026006,0.0,0.035792,0.0,0.0,0.0,0.065968,0.0,0.0,0.065846,0.0,0.135477,0.0,0.0,0.0,0.125974,0.0,0.0,0.0,0.0,0.0,0.0,0.0,0.005427
2021-01-06,0.0,0.0,0.0,0.0,0.107595,0.0,0.0,0.048972,0.049689,0.03637,0.059898,0.0,0.0,0.0,0.0,0.0,0.04958,0.082817,0.108601,0.026062,0.0,0.036223,0.0,0.0,0.0,0.065213,0.0,0.0,0.065402,0.0,0.131029,0.0,0.0,0.0,0.127167,0.0,0.0,0.0,0.0,0.0,0.0,0.0,0.005382
2021-01-07,0.0,0.0,0.0,0.0,0.105351,0.0,0.0,0.047766,0.049552,0.03631,0.059828,0.0,0.0,0.0,0.0,0.0,0.048852,0.08189,0.107216,0.026279,0.0,0.036955,0.0,0.0,0.0,0.066315,0.0,0.0,0.065061,0.0,0.133844,0.0,0.0,0.0,0.129509,0.0,0.0,0.0,0.0,0.0,0.0,0.0,0.005274
2021-01-08,0.0,0.0,0.0,0.0,0.107983,0.0,0.0,0.048799,0.049812,0.037863,0.060946,0.0,0.0,0.0,0.0,0.0,0.04864,0.082173,0.106497,0.025523,0.0,0.036966,0.0,0.0,0.0,0.066224,0.0,0.0,0.065375,0.0,0.130551,0.0,0.0,0.0,0.127384,0.0,0.0,0.0,0.0,0.0,0.0,0.0,0.005265
2021-01-11,0.0,0.0,0.0,0.0,0.108375,0.0,0.0,0.049007,0.050524,0.037909,0.060396,0.0,0.0,0.0,0.0,0.0,0.049101,0.082951,0.107543,0.026212,0.0,0.03696,0.0,0.0,0.0,0.067552,0.0,0.0,0.065633,0.0,0.128782,0.0,0.0,0.0,0.12374,0.0,0.0,0.0,0.0,0.0,0.0,0.0,0.005315
2021-01-12,0.0,0.0,0.0,0.0,0.107885,0.0,0.0,0.048826,0.050034,0.037129,0.060552,0.0,0.0,0.0,0.0,0.0,0.048969,0.083064,0.107545,0.026119,0.0,0.036816,0.0,0.0,0.0,0.067112,0.0,0.0,0.065173,0.0,0.130974,0.0,0.0,0.0,0.124554,0.0,0.0,0.0,0.0,0.0,0.0,0.0,0.005249
2021-01-13,0.0,0.0,0.0,0.0,0.108296,0.0,0.0,0.048955,0.051008,0.037362,0.060941,0.0,0.0,0.0,0.0,0.0,0.048862,0.083085,0.10714,0.026201,0.0,0.036861,0.0,0.0,0.0,0.067658,0.0,0.0,0.065653,0.0,0.129293,0.0,0.0,0.0,0.123402,0.0,0.0,0.0,0.0,0.0,0.0,0.0,0.005282
2021-01-14,0.0,0.0,0.0,0.0,0.109364,0.0,0.0,0.048781,0.051318,0.037364,0.060136,0.0,0.0,0.0,0.0,0.0,0.048693,0.08342,0.106041,0.026071,0.0,0.037805,0.0,0.0,0.0,0.068616,0.0,0.0,0.066831,0.0,0.126713,0.0,0.0,0.0,0.123601,0.0,0.0,0.0,0.0,0.0,0.0,0.0,0.005246
2021-01-15,0.0,0.0,0.0,0.0,0.109544,0.0,0.0,0.048631,0.051292,0.036776,0.060664,0.0,0.0,0.0,0.0,0.0,0.048859,0.083715,0.106266,0.026663,0.0,0.038007,0.0,0.0,0.0,0.068337,0.0,0.0,0.066516,0.0,0.127474,0.0,0.0,0.0,0.121923,0.0,0.0,0.0,0.0,0.0,0.0,0.0,0.005333
2021-01-18,0.0,0.0,0.0,0.0,0.109794,0.0,0.0,0.048617,0.051277,0.036766,0.060647,0.0,0.0,0.0,0.0,0.0,0.048845,0.083691,0.106236,0.026656,0.0,0.037997,0.0,0.0,0.0,0.068318,0.0,0.0,0.066497,0.0,0.127438,0.0,0.0,0.0,0.121889,0.0,0.0,0.0,0.0,0.0,0.0,0.0,0.005332
2021-01-19,0.0,0.0,0.0,0.0,0.109669,0.0,0.0,0.048287,0.051226,0.03655,0.06037,0.0,0.0,0.0,0.0,0.0,0.048506,0.082543,0.105519,0.026899,0.0,0.038228,0.0,0.0,0.0,0.069943,0.0,0.0,0.066927,0.0,0.12786,0.0,0.0,0.0,0.122194,0.0,0.0,0.0,0.0,0.0,0.0,0.0,0.005278
2021-01-20,0.0,0.0,0.0,0.0,0.110012,0.0,0.0,0.048668,0.050564,0.036582,0.060726,0.0,0.0,0.0,0.0,0.0,0.048183,0.082839,0.104517,0.027663,0.0,0.037718,0.0,0.0,0.0,0.068804,0.0,0.0,0.067052,0.0,0.128709,0.0,0.0,0.0,0.122755,0.0,0.0,0.0,0.0,0.0,0.0,0.0,0.00521
2021-01-21,0.0,0.0,0.0,0.0,0.110472,0.0,0.0,0.048377,0.051366,0.037358,0.06092,0.0,0.0,0.0,0.0,0.0,0.047737,0.08135,0.102838,0.028034,0.0,0.036844,0.0,0.0,0.0,0.069697,0.0,0.0,0.066936,0.0,0.130106,0.0,0.0,0.0,0.122763,0.0,0.0,0.0,0.0,0.0,0.0,0.0,0.005202
2021-01-22,0.0,0.0,0.0,0.0,0.109942,0.0,0.0,0.048173,0.051511,0.036735,0.061114,0.0,0.0,0.0,0.0,0.0,0.047804,0.081646,0.103019,0.028504,0.0,0.037526,0.0,0.0,0.0,0.068968,0.0,0.0,0.067018,0.0,0.131662,0.0,0.0,0.0,0.121143,0.0,0.0,0.0,0.0,0.0,0.0,0.0,0.005235
2021-01-25,0.0,0.0,0.0,0.0,0.110556,0.0,0.0,0.047392,0.051374,0.037504,0.061355,0.0,0.0,0.0,0.0,0.0,0.047492,0.08159,0.102503,0.02863,0.0,0.038661,0.0,0.0,0.0,0.069084,0.0,0.0,0.067356,0.0,0.132336,0.0,0.0,0.0,0.118929,0.0,0.0,0.0,0.0,0.0,0.0,0.0,0.005238
2021-01-26,0.0,0.0,0.0,0.0,0.111079,0.0,0.0,0.047885,0.051315,0.037313,0.061968,0.0,0.0,0.0,0.0,0.0,0.047555,0.08115,0.102166,0.02848,0.0,0.038387,0.0,0.0,0.0,0.068685,0.0,0.0,0.067805,0.0,0.132651,0.0,0.0,0.0,0.118267,0.0,0.0,0.0,0.0,0.0,0.0,0.0,0.005294
2021-01-27,0.0,0.0,0.0,0.0,0.112424,0.0,0.0,0.048306,0.051954,0.037042,0.061879,0.0,0.0,0.0,0.0,0.0,0.048024,0.081104,0.102163,0.028654,0.0,0.039018,0.0,0.0,0.0,0.067095,0.0,0.0,0.068857,0.0,0.132131,0.0,0.0,0.0,0.115896,0.0,0.0,0.0,0.0,0.0,0.0,0.0,0.005452
2021-01-28,0.0,0.0,0.0,0.0,0.111079,0.0,0.0,0.04861,0.051929,0.037239,0.061523,0.0,0.0,0.0,0.0,0.0,0.048306,0.08135,0.103001,0.028423,0.0,0.038504,0.0,0.0,0.0,0.067958,0.0,0.0,0.067933,0.0,0.130012,0.0,0.0,0.0,0.118727,0.0,0.0,0.0,0.0,0.0,0.0,0.0,0.005405
2021-01-29,0.0,0.0,0.0,0.0,0.0,0.0,0.060571,0.068914,0.017032,0.080102,0.0,0.0,0.0,0.035917,0.0,0.0,0.081545,0.084903,0.0,0.0,0.0,0.042296,0.0,0.0,0.0,0.040759,0.0,0.062822,0.06288,0.0,0.148556,0.0,0.048669,0.0,0.148413,0.0,0.0,0.0,0.0,0.0,0.0,0.0,0.016621
2021-02-01,0.0,0.0,0.0,0.0,0.0,0.0,0.059985,0.069519,0.016894,0.080825,0.0,0.0,0.0,0.035446,0.0,0.0,0.079889,0.083479,0.0,0.0,0.0,0.042819,0.0,0.0,0.0,0.041083,0.0,0.062051,0.062286,0.0,0.146394,0.0,0.050533,0.0,0.152676,0.0,0.0,0.0,0.0,0.0,0.0,0.0,0.01612
2021-02-02,0.0,0.0,0.0,0.0,0.0,0.0,0.060543,0.070306,0.017074,0.080283,0.0,0.0,0.0,0.035762,0.0,0.0,0.080591,0.084158,0.0,0.0,0.0,0.043256,0.0,0.0,0.0,0.041239,0.0,0.062554,0.062397,0.0,0.151051,0.0,0.045776,0.0,0.149089,0.0,0.0,0.0,0.0,0.0,0.0,0.0,0.015922
2021-02-03,0.0,0.0,0.0,0.0,0.0,0.0,0.061132,0.070841,0.016987,0.081,0.0,0.0,0.0,0.036049,0.0,0.0,0.080641,0.084145,0.0,0.0,0.0,0.042678,0.0,0.0,0.0,0.040399,0.0,0.060934,0.062037,0.0,0.150412,0.0,0.0465,0.0,0.150324,0.0,0.0,0.0,0.0,0.0,0.0,0.0,0.015921
2021-02-04,0.0,0.0,0.0,0.0,0.0,0.0,0.060275,0.071268,0.017073,0.079873,0.0,0.0,0.0,0.037166,0.0,0.0,0.081609,0.085504,0.0,0.0,0.0,0.043183,0.0,0.0,0.0,0.040781,0.0,0.062135,0.062008,0.0,0.147625,0.0,0.045718,0.0,0.149842,0.0,0.0,0.0,0.0,0.0,0.0,0.0,0.01594
2021-02-05,0.0,0.0,0.0,0.0,0.0,0.0,0.061039,0.070678,0.01697,0.080379,0.0,0.0,0.0,0.036803,0.0,0.0,0.081409,0.085372,0.0,0.0,0.0,0.04388,0.0,0.0,0.0,0.040167,0.0,0.061729,0.061937,0.0,0.145735,0.0,0.04621,0.0,0.15188,0.0,0.0,0.0,0.0,0.0,0.0,0.0,0.015811
2021-02-08,0.0,0.0,0.0,0.0,0.0,0.0,0.060151,0.070346,0.016828,0.078159,0.0,0.0,0.0,0.036919,0.0,0.0,0.08082,0.084476,0.0,0.0,0.0,0.045061,0.0,0.0,0.0,0.040725,0.0,0.061218,0.061959,0.0,0.146932,0.0,0.046289,0.0,0.154555,0.0,0.0,0.0,0.0,0.0,0.0,0.0,0.015562
2021-02-09,0.0,0.0,0.0,0.0,0.0,0.0,0.059329,0.069641,0.016807,0.078054,0.0,0.0,0.0,0.037029,0.0,0.0,0.080496,0.084597,0.0,0.0,0.0,0.044218,0.0,0.0,0.0,0.040339,0.0,0.061523,0.062382,0.0,0.148983,0.0,0.045787,0.0,0.155356,0.0,0.0,0.0,0.0,0.0,0.0,0.0,0.015458
2021-02-10,0.0,0.0,0.0,0.0,0.0,0.0,0.058777,0.069609,0.016807,0.078549,0.0,0.0,0.0,0.037027,0.0,0.0,0.080316,0.084506,0.0,0.0,0.0,0.043197,0.0,0.0,0.0,0.040391,0.0,0.061055,0.062288,0.0,0.14848,0.0,0.045375,0.0,0.158175,0.0,0.0,0.0,0.0,0.0,0.0,0.0,0.015447
2021-02-11,0.0,0.0,0.0,0.0,0.0,0.0,0.0589,0.069999,0.016899,0.079002,0.0,0.0,0.0,0.036595,0.0,0.0,0.079733,0.084033,0.0,0.0,0.0,0.042417,0.0,0.0,0.0,0.041574,0.0,0.060992,0.062413,0.0,0.149076,0.0,0.045177,0.0,0.157822,0.0,0.0,0.0,0.0,0.0,0.0,0.0,0.015368
2021-02-12,0.0,0.0,0.0,0.0,0.0,0.0,0.05875,0.069701,0.016815,0.078748,0.0,0.0,0.0,0.036725,0.0,0.0,0.079951,0.085075,0.0,0.0,0.0,0.041842,0.0,0.0,0.0,0.041899,0.0,0.060902,0.062338,0.0,0.149471,0.0,0.045369,0.0,0.157114,0.0,0.0,0.0,0.0,0.0,0.0,0.0,0.0153
2021-02-15,0.0,0.0,0.0,0.0,0.0,0.0,0.05875,0.069701,0.016815,0.078748,0.0,0.0,0.0,0.036725,0.0,0.0,0.079951,0.085075,0.0,0.0,0.0,0.041842,0.0,0.0,0.0,0.041899,0.0,0.060902,0.062338,0.0,0.149471,0.0,0.045369,0.0,0.157114,0.0,0.0,0.0,0.0,0.0,0.0,0.0,0.015298
2021-02-16,0.0,0.0,0.0,0.0,0.0,0.0,0.05827,0.068606,0.016737,0.077277,0.0,0.0,0.0,0.037064,0.0,0.0,0.078781,0.084016,0.0,0.0,0.0,0.040226,0.0,0.0,0.0,0.041535,0.0,0.059175,0.061336,0.0,0.152819,0.0,0.044661,0.0,0.164406,0.0,0.0,0.0,0.0,0.0,0.0,0.0,0.015092
2021-02-17,0.0,0.0,0.0,0.0,0.0,0.0,0.058243,0.069091,0.016762,0.076977,0.0,0.0,0.0,0.037132,0.0,0.0,0.078788,0.083607,0.0,0.0,0.0,0.040483,0.0,0.0,0.0,0.040941,0.0,0.059032,0.06048,0.0,0.150782,0.0,0.045038,0.0,0.167516,0.0,0.0,0.0,0.0,0.0,0.0,0.0,0.015128
2021-02-18,0.0,0.0,0.0,0.0,0.0,0.0,0.058233,0.06988,0.016941,0.07695,0.0,0.0,0.0,0.037274,0.0,0.0,0.079548,0.084598,0.0,0.0,0.0,0.04001,0.0,0.0,0.0,0.041116,0.0,0.059835,0.060769,0.0,0.142852,0.0,0.045089,0.0,0.171551,0.0,0.0,0.0,0.0,0.0,0.0,0.0,0.015353
2021-02-19,0.0,0.0,0.0,0.0,0.0,0.0,0.057352,0.068263,0.016769,0.076803,0.0,0.0,0.0,0.037667,0.0,0.0,0.079407,0.084614,0.0,0.0,0.0,0.039929,0.0,0.0,0.0,0.041353,0.0,0.059024,0.060339,0.0,0.140398,0.0,0.044635,0.0,0.178365,0.0,0.0,0.0,0.0,0.0,0.0,0.0,0.015081
2021-02-22,0.0,0.0,0.0,0.0,0.0,0.0,0.05431,0.067603,0.016801,0.075516,0.0,0.0,0.0,0.038694,0.0,0.0,0.080416,0.086011,0.0,0.0,0.0,0.039097,0.0,0.0,0.0,0.040233,0.0,0.057894,0.05955,0.0,0.137165,0.0,0.04686,0.0,0.184633,0.0,0.0,0.0,0.0,0.0,0.0,0.0,0.015218
2021-02-23,0.0,0.0,0.0,0.0,0.0,0.0,0.055953,0.068517,0.016939,0.076,0.0,0.0,0.0,0.039188,0.0,0.0,0.080903,0.086384,0.0,0.0,0.0,0.038334,0.0,0.0,0.0,0.04005,0.0,0.057212,0.058977,0.0,0.134411,0.0,0.045998,0.0,0.185873,0.0,0.0,0.0,0.0,0.0,0.0,0.0,0.015263
2021-02-24,0.0,0.0,0.0,0.0,0.0,0.0,0.056072,0.068645,0.016916,0.074566,0.0,0.0,0.0,0.040002,0.0,0.0,0.081775,0.087112,0.0,0.0,0.0,0.038601,0.0,0.0,0.0,0.041019,0.0,0.056639,0.058643,0.0,0.135755,0.0,0.04604,0.0,0.183071,0.0,0.0,0.0,0.0,0.0,0.0,0.0,0.015144
2021-02-25,0.0,0.0,0.0,0.0,0.0,0.0,0.055259,0.069923,0.01724,0.076449,0.0,0.0,0.0,0.040328,0.0,0.0,0.0832,0.088674,0.0,0.0,0.0,0.038386,0.0,0.0,0.0,0.040096,0.0,0.057114,0.05889,0.0,0.130509,0.0,0.046729,0.0,0.181501,0.0,0.0,0.0,0.0,0.0,0.0,0.0,0.0157
2021-02-26,0.0,0.0,0.031776,0.148071,0.045299,0.0,0.0,0.023269,0.074395,0.074229,0.0,0.0,0.0,0.146758,0.0,0.0,0.0,0.0,0.0,0.0,0.0,0.079592,0.0,0.0,0.0,0.040586,0.0,0.03836,0.092166,0.0,0.15283,0.0,0.0,0.0,0.050092,0.0,0.0,0.0,0.0,0.0,0.0,0.0,0.002578
2021-03-01,0.0,0.0,0.031364,0.147648,0.045034,0.0,0.0,0.023149,0.073755,0.073999,0.0,0.0,0.0,0.147512,0.0,0.0,0.0,0.0,0.0,0.0,0.0,0.079161,0.0,0.0,0.0,0.040664,0.0,0.038437,0.091646,0.0,0.15528,0.0,0.0,0.0,0.049847,0.0,0.0,0.0,0.0,0.0,0.0,0.0,0.002503
2021-03-02,0.0,0.0,0.031329,0.147537,0.044899,0.0,0.0,0.023575,0.073317,0.073912,0.0,0.0,0.0,0.149354,0.0,0.0,0.0,0.0,0.0,0.0,0.0,0.077353,0.0,0.0,0.0,0.03979,0.0,0.038187,0.091644,0.0,0.156321,0.0,0.0,0.0,0.050258,0.0,0.0,0.0,0.0,0.0,0.0,0.0,0.002524
2021-03-03,0.0,0.0,0.031538,0.15006,0.045814,0.0,0.0,0.024071,0.07411,0.074635,0.0,0.0,0.0,0.151312,0.0,0.0,0.0,0.0,0.0,0.0,0.0,0.07465,0.0,0.0,0.0,0.039063,0.0,0.037528,0.090145,0.0,0.153444,0.0,0.0,0.0,0.051072,0.0,0.0,0.0,0.0,0.0,0.0,0.0,0.002557
2021-03-04,0.0,0.0,0.032223,0.152256,0.046716,0.0,0.0,0.024587,0.074806,0.07559,0.0,0.0,0.0,0.15394,0.0,0.0,0.0,0.0,0.0,0.0,0.0,0.074523,0.0,0.0,0.0,0.038355,0.0,0.037651,0.090182,0.0,0.147525,0.0,0.0,0.0,0.049009,0.0,0.0,0.0,0.0,0.0,0.0,0.0,0.002638
2021-03-05,0.0,0.0,0.032101,0.147816,0.044863,0.0,0.0,0.024422,0.074694,0.075941,0.0,0.0,0.0,0.155759,0.0,0.0,0.0,0.0,0.0,0.0,0.0,0.075457,0.0,0.0,0.0,0.039039,0.0,0.03727,0.090141,0.0,0.150052,0.0,0.0,0.0,0.04984,0.0,0.0,0.0,0.0,0.0,0.0,0.0,0.002607
2021-03-08,0.0,0.0,0.032078,0.15567,0.04517,0.0,0.0,0.024483,0.07413,0.074847,0.0,0.0,0.0,0.161023,0.0,0.0,0.0,0.0,0.0,0.0,0.0,0.074144,0.0,0.0,0.0,0.037322,0.0,0.037264,0.08832,0.0,0.142796,0.0,0.0,0.0,0.050117,0.0,0.0,0.0,0.0,0.0,0.0,0.0,0.002634
2021-03-09,0.0,0.0,0.031827,0.154476,0.04501,0.0,0.0,0.024511,0.073492,0.074005,0.0,0.0,0.0,0.155602,0.0,0.0,0.0,0.0,0.0,0.0,0.0,0.076147,0.0,0.0,0.0,0.038904,0.0,0.038257,0.088987,0.0,0.146875,0.0,0.0,0.0,0.049321,0.0,0.0,0.0,0.0,0.0,0.0,0.0,0.002585
2021-03-10,0.0,0.0,0.031811,0.154221,0.04458,0.0,0.0,0.024492,0.072866,0.07262,0.0,0.0,0.0,0.158573,0.0,0.0,0.0,0.0,0.0,0.0,0.0,0.075991,0.0,0.0,0.0,0.038016,0.0,0.037977,0.089643,0.0,0.147391,0.0,0.0,0.0,0.049245,0.0,0.0,0.0,0.0,0.0,0.0,0.0,0.002574
2021-03-11,0.0,0.0,0.030824,0.151577,0.044713,0.0,0.0,0.024154,0.073112,0.072835,0.0,0.0,0.0,0.15528,0.0,0.0,0.0,0.0,0.0,0.0,0.0,0.076862,0.0,0.0,0.0,0.038579,0.0,0.038087,0.089001,0.0,0.151945,0.0,0.0,0.0,0.050524,0.0,0.0,0.0,0.0,0.0,0.0,0.0,0.002507
2021-03-12,0.0,0.0,0.031317,0.152834,0.044059,0.0,0.0,0.023711,0.072444,0.072443,0.0,0.0,0.0,0.15847,0.0,0.0,0.0,0.0,0.0,0.0,0.0,0.076842,0.0,0.0,0.0,0.038277,0.0,0.037837,0.08954,0.0,0.149419,0.0,0.0,0.0,0.050293,0.0,0.0,0.0,0.0,0.0,0.0,0.0,0.002514
2021-03-15,0.0,0.0,0.031381,0.153368,0.043973,0.0,0.0,0.023556,0.072699,0.073229,0.0,0.0,0.0,0.156769,0.0,0.0,0.0,0.0,0.0,0.0,0.0,0.077482,0.0,0.0,0.0,0.038954,0.0,0.03803,0.089936,0.0,0.148216,0.0,0.0,0.0,0.049903,0.0,0.0,0.0,0.0,0.0,0.0,0.0,0.002506
2021-03-16,0.0,0.0,0.031626,0.154361,0.044529,0.0,0.0,0.023855,0.073397,0.073689,0.0,0.0,0.0,0.155368,0.0,0.0,0.0,0.0,0.0,0.0,0.0,0.076606,0.0,0.0,0.0,0.039635,0.0,0.037943,0.089937,0.0,0.147431,0.0,0.0,0.0,0.049108,0.0,0.0,0.0,0.0,0.0,0.0,0.0,0.002516
2021-03-17,0.0,0.0,0.031699,0.152299,0.043882,0.0,0.0,0.023458,0.072796,0.073547,0.0,0.0,0.0,0.155785,0.0,0.0,0.0,0.0,0.0,0.0,0.0,0.077145,0.0,0.0,0.0,0.039967,0.0,0.037944,0.090177,0.0,0.149338,0.0,0.0,0.0,0.049457,0.0,0.0,0.0,0.0,0.0,0.0,0.0,0.002505
2021-03-18,0.0,0.0,0.032261,0.156047,0.044756,0.0,0.0,0.023154,0.072604,0.072974,0.0,0.0,0.0,0.158554,0.0,0.0,0.0,0.0,0.0,0.0,0.0,0.074563,0.0,0.0,0.0,0.038887,0.0,0.037257,0.089633,0.0,0.147626,0.0,0.0,0.0,0.049141,0.0,0.0,0.0,0.0,0.0,0.0,0.0,0.002543
2021-03-19,0.0,0.0,0.032413,0.154237,0.044496,0.0,0.0,0.023704,0.07287,0.073827,0.0,0.0,0.0,0.156611,0.0,0.0,0.0,0.0,0.0,0.0,0.0,0.076798,0.0,0.0,0.0,0.039267,0.0,0.037448,0.090134,0.0,0.147375,0.0,0.0,0.0,0.048283,0.0,0.0,0.0,0.0,0.0,0.0,0.0,0.002537
2021-03-22,0.0,0.0,0.032286,0.153245,0.044694,0.0,0.0,0.02382,0.073837,0.074205,0.0,0.0,0.0,0.152412,0.0,0.0,0.0,0.0,0.0,0.0,0.0,0.07812,0.0,0.0,0.0,0.040208,0.0,0.038206,0.090463,0.0,0.147209,0.0,0.0,0.0,0.04875,0.0,0.0,0.0,0.0,0.0,0.0,0.0,0.002544
2021-03-23,0.0,0.0,0.032729,0.156278,0.045395,0.0,0.0,0.024358,0.074993,0.074129,0.0,0.0,0.0,0.152027,0.0,0.0,0.0,0.0,0.0,0.0,0.0,0.075707,0.0,0.0,0.0,0.040292,0.0,0.038996,0.090342,0.0,0.14465,0.0,0.0,0.0,0.047487,0.0,0.0,0.0,0.0,0.0,0.0,0.0,0.002618
2021-03-24,0.0,0.0,0.032851,0.158253,0.045244,0.0,0.0,0.024463,0.075557,0.074823,0.0,0.0,0.0,0.153554,0.0,0.0,0.0,0.0,0.0,0.0,0.0,0.072885,0.0,0.0,0.0,0.04033,0.0,0.038695,0.090244,0.0,0.143016,0.0,0.0,0.0,0.047426,0.0,0.0,0.0,0.0,0.0,0.0,0.0,0.002657
2021-03-25,0.0,0.0,0.032845,0.15511,0.044455,0.0,0.0,0.023992,0.075275,0.075101,0.0,0.0,0.0,0.156091,0.0,0.0,0.0,0.0,0.0,0.0,0.0,0.074127,0.0,0.0,0.0,0.039911,0.0,0.038187,0.090775,0.0,0.14494,0.0,0.0,0.0,0.046565,0.0,0.0,0.0,0.0,0.0,0.0,0.0,0.002626
2021-03-26,0.0,0.0,0.032607,0.155014,0.043911,0.0,0.0,0.024078,0.075402,0.075103,0.0,0.0,0.0,0.155832,0.0,0.0,0.0,0.0,0.0,0.0,0.0,0.07147,0.0,0.0,0.0,0.041032,0.0,0.038103,0.090741,0.0,0.146473,0.0,0.0,0.0,0.047663,0.0,0.0,0.0,0.0,0.0,0.0,0.0,0.002573
2021-03-29,0.0,0.0,0.032859,0.155512,0.044872,0.0,0.0,0.02414,0.076672,0.075353,0.0,0.0,0.0,0.153892,0.0,0.0,0.0,0.0,0.0,0.0,0.0,0.07044,0.0,0.0,0.0,0.040959,0.0,0.038315,0.090881,0.0,0.14541,0.0,0.0,0.0,0.048087,0.0,0.0,0.0,0.0,0.0,0.0,0.0,0.002608
2021-03-30,0.0,0.0,0.032362,0.155367,0.044756,0.0,0.0,0.023905,0.076621,0.075084,0.0,0.0,0.0,0.156024,0.0,0.0,0.0,0.0,0.0,0.0,0.0,0.070292,0.0,0.0,0.0,0.040541,0.0,0.037722,0.090472,0.0,0.146189,0.0,0.0,0.0,0.048077,0.0,0.0,0.0,0.0,0.0,0.0,0.0,0.002588
2021-03-31,0.0,0.0,0.0,0.074186,0.0,0.0,0.0,0.032788,0.047625,0.047233,0.0,0.075682,0.049527,0.078312,0.043038,0.084455,0.0,0.0,0.0,0.0,0.0,0.044054,0.0,0.0,0.0,0.051528,0.010368,0.033228,0.030519,0.0,0.102992,0.0,0.0,0.066288,0.113799,0.0,0.0,0.0,0.0,0.0,0.0,0.0,0.014377
2021-04-01,0.0,0.0,0.0,0.073492,0.0,0.0,0.0,0.032348,0.047037,0.046891,0.0,0.07559,0.049232,0.077474,0.043336,0.08723,0.0,0.0,0.0,0.0,0.0,0.043698,0.0,0.0,0.0,0.052457,0.010424,0.033072,0.03079,0.0,0.103431,0.0,0.0,0.064974,0.114413,0.0,0.0,0.0,0.0,0.0,0.0,0.0,0.014112
2021-04-05,0.0,0.0,0.0,0.073155,0.0,0.0,0.0,0.031873,0.047023,0.047278,0.0,0.076828,0.04939,0.077281,0.042109,0.082638,0.0,0.0,0.0,0.0,0.0,0.044005,0.0,0.0,0.0,0.05327,0.010493,0.033308,0.031234,0.0,0.104213,0.0,0.0,0.064714,0.117141,0.0,0.0,0.0,0.0,0.0,0.0,0.0,0.014047
2021-04-06,0.0,0.0,0.0,0.073711,0.0,0.0,0.0,0.031965,0.047028,0.047343,0.0,0.077041,0.049304,0.077022,0.042009,0.08324,0.0,0.0,0.0,0.0,0.0,0.042865,0.0,0.0,0.0,0.05269,0.010555,0.033512,0.031035,0.0,0.10345,0.0,0.0,0.065191,0.117987,0.0,0.0,0.0,0.0,0.0,0.0,0.0,0.01405
2021-04-07,0.0,0.0,0.0,0.073476,0.0,0.0,0.0,0.031862,0.047129,0.047319,0.0,0.078072,0.049824,0.077188,0.042392,0.083514,0.0,0.0,0.0,0.0,0.0,0.042068,0.0,0.0,0.0,0.052951,0.010596,0.033348,0.03092,0.0,0.101883,0.0,0.0,0.065904,0.117423,0.0,0.0,0.0,0.0,0.0,0.0,0.0,0.014131
2021-04-08,0.0,0.0,0.0,0.073016,0.0,0.0,0.0,0.031945,0.047565,0.047323,0.0,0.0778,0.049658,0.077027,0.041688,0.081422,0.0,0.0,0.0,0.0,0.0,0.042177,0.0,0.0,0.0,0.053361,0.010753,0.033671,0.031205,0.0,0.102309,0.0,0.0,0.066279,0.118722,0.0,0.0,0.0,0.0,0.0,0.0,0.0,0.01408
2021-04-09,0.0,0.0,0.0,0.073594,0.0,0.0,0.0,0.031865,0.047563,0.047277,0.0,0.07807,0.050272,0.078115,0.041568,0.080132,0.0,0.0,0.0,0.0,0.0,0.041395,0.0,0.0,0.0,0.053392,0.010862,0.033797,0.03143,0.0,0.102153,0.0,0.0,0.066449,0.117937,0.0,0.0,0.0,0.0,0.0,0.0,0.0,0.014129
2021-04-12,0.0,0.0,0.0,0.074261,0.0,0.0,0.0,0.031051,0.048075,0.047584,0.0,0.078657,0.051072,0.079501,0.041718,0.079099,0.0,0.0,0.0,0.0,0.0,0.041041,0.0,0.0,0.0,0.053431,0.011014,0.034339,0.031556,0.0,0.101707,0.0,0.0,0.066752,0.114848,0.0,0.0,0.0,0.0,0.0,0.0,0.0,0.014293
2021-04-13,0.0,0.0,0.0,0.073784,0.0,0.0,0.0,0.031046,0.047679,0.048095,0.0,0.078201,0.050236,0.077582,0.041466,0.078754,0.0,0.0,0.0,0.0,0.0,0.041347,0.0,0.0,0.0,0.052968,0.011112,0.034692,0.031606,0.0,0.104136,0.0,0.0,0.06682,0.116279,0.0,0.0,0.0,0.0,0.0,0.0,0.0,0.014197
2021-04-14,0.0,0.0,0.0,0.073405,0.0,0.0,0.0,0.030972,0.047058,0.047824,0.0,0.076324,0.049838,0.077316,0.042028,0.08094,0.0,0.0,0.0,0.0,0.0,0.041853,0.0,0.0,0.0,0.051661,0.010847,0.034026,0.031042,0.0,0.104771,0.0,0.0,0.066657,0.119438,0.0,0.0,0.0,0.0,0.0,0.0,0.0,0.013998
2021-04-15,0.0,0.0,0.0,0.072794,0.0,0.0,0.0,0.030867,0.047548,0.047813,0.0,0.076681,0.049397,0.07645,0.041353,0.079059,0.0,0.0,0.0,0.0,0.0,0.041883,0.0,0.0,0.0,0.052106,0.010959,0.034345,0.031266,0.0,0.10429,0.0,0.0,0.066275,0.123027,0.0,0.0,0.0,0.0,0.0,0.0,0.0,0.013886
2021-04-16,0.0,0.0,0.0,0.073257,0.0,0.0,0.0,0.031014,0.047901,0.047659,0.0,0.076827,0.049876,0.077244,0.041127,0.077953,0.0,0.0,0.0,0.0,0.0,0.041382,0.0,0.0,0.0,0.051994,0.010911,0.034225,0.031595,0.0,0.103635,0.0,0.0,0.066293,0.123186,0.0,0.0,0.0,0.0,0.0,0.0,0.0,0.013921
2021-04-19,0.0,0.0,0.0,0.07267,0.0,0.0,0.0,0.030308,0.048484,0.047736,0.0,0.076553,0.049836,0.077109,0.041168,0.078092,0.0,0.0,0.0,0.0,0.0,0.040575,0.0,0.0,0.0,0.050731,0.010789,0.034187,0.031177,0.0,0.107164,0.0,0.0,0.066656,0.122817,0.0,0.0,0.0,0.0,0.0,0.0,0.0,0.013949
2021-04-20,0.0,0.0,0.0,0.072586,0.0,0.0,0.0,0.030371,0.049435,0.048506,0.0,0.077536,0.0498,0.075731,0.040812,0.07594,0.0,0.0,0.0,0.0,0.0,0.04118,0.0,0.0,0.0,0.050923,0.010872,0.034279,0.031093,0.0,0.106775,0.0,0.0,0.068689,0.12127,0.0,0.0,0.0,0.0,0.0,0.0,0.0,0.014204
2021-04-21,0.0,0.0,0.0,0.072429,0.0,0.0,0.0,0.030036,0.049162,0.047756,0.0,0.076657,0.049832,0.076378,0.040794,0.07644,0.0,0.0,0.0,0.0,0.0,0.042062,0.0,0.0,0.0,0.051578,0.010774,0.034088,0.031244,0.0,0.106999,0.0,0.0,0.068099,0.121656,0.0,0.0,0.0,0.0,0.0,0.0,0.0,0.014017
2021-04-22,0.0,0.0,0.0,0.073895,0.0,0.0,0.0,0.030353,0.048821,0.047229,0.0,0.07653,0.049562,0.07584,0.040546,0.076237,0.0,0.0,0.0,0.0,0.0,0.042868,0.0,0.0,0.0,0.050745,0.01082,0.034377,0.031397,0.0,0.107095,0.0,0.0,0.069335,0.120251,0.0,0.0,0.0,0.0,0.0,0.0,0.0,0.014099
2021-04-23,0.0,0.0,0.0,0.072585,0.0,0.0,0.0,0.030097,0.049005,0.047261,0.0,0.076288,0.04975,0.077386,0.040318,0.076165,0.0,0.0,0.0,0.0,0.0,0.042165,0.0,0.0,0.0,0.050914,0.010817,0.034104,0.031267,0.0,0.107759,0.0,0.0,0.068888,0.121338,0.0,0.0,0.0,0.0,0.0,0.0,0.0,0.013891
2021-04-26,0.0,0.0,0.0,0.072154,0.0,0.0,0.0,0.03007,0.049324,0.046909,0.0,0.07527,0.049178,0.076625,0.039964,0.07687,0.0,0.0,0.0,0.0,0.0,0.042956,0.0,0.0,0.0,0.051049,0.010771,0.034441,0.031031,0.0,0.106804,0.0,0.0,0.069205,0.123703,0.0,0.0,0.0,0.0,0.0,0.0,0.0,0.013678
2021-04-27,0.0,0.0,0.0,0.072337,0.0,0.0,0.0,0.03039,0.049129,0.046659,0.0,0.074934,0.049545,0.077268,0.040431,0.0783,0.0,0.0,0.0,0.0,0.0,0.043059,0.0,0.0,0.0,0.050644,0.010722,0.034155,0.030684,0.0,0.105552,0.0,0.0,0.069175,0.123346,0.0,0.0,0.0,0.0,0.0,0.0,0.0,0.013671
2021-04-28,0.0,0.0,0.0,0.071685,0.0,0.0,0.0,0.030593,0.048947,0.046308,0.0,0.075248,0.049493,0.076843,0.041618,0.081245,0.0,0.0,0.0,0.0,0.0,0.04295,0.0,0.0,0.0,0.049629,0.010636,0.03355,0.030568,0.0,0.105898,0.0,0.0,0.068056,0.123131,0.0,0.0,0.0,0.0,0.0,0.0,0.0,0.013603
2021-04-29,0.0,0.0,0.0,0.071165,0.0,0.0,0.0,0.0306,0.049004,0.046091,0.0,0.077124,0.05024,0.077551,0.041972,0.080971,0.0,0.0,0.0,0.0,0.0,0.042337,0.0,0.0,0.0,0.049819,0.010459,0.033341,0.030287,0.0,0.105301,0.0,0.0,0.06758,0.122592,0.0,0.0,0.0,0.0,0.0,0.0,0.0,0.013567
2021-04-30,0.0,0.0,0.0,0.128621,0.0,0.0,0.0,0.041886,0.051285,0.050966,0.0,0.11645,0.0,0.128432,0.072333,0.071923,0.0,0.05463,0.0,0.0,0.0,0.021723,0.0,0.0,0.0,0.088346,0.0,0.045992,0.0,0.0,0.0258,0.0,0.0,0.0,0.080306,0.0,0.0,0.0,0.0,0.0,0.0,0.0,0.021309
2021-05-03,0.0,0.0,0.0,0.128274,0.0,0.0,0.0,0.042191,0.050475,0.050619,0.0,0.115278,0.0,0.128573,0.073966,0.07402,0.0,0.055139,0.0,0.0,0.0,0.02136,0.0,0.0,0.0,0.087004,0.0,0.045488,0.0,0.0,0.025393,0.0,0.0,0.0,0.081011,0.0,0.0,0.0,0.0,0.0,0.0,0.0,0.021209
2021-05-04,0.0,0.0,0.0,0.127294,0.0,0.0,0.0,0.041873,0.049272,0.050894,0.0,0.114899,0.0,0.130923,0.074438,0.074341,0.0,0.055235,0.0,0.0,0.0,0.020659,0.0,0.0,0.0,0.086032,0.0,0.045124,0.0,0.0,0.025166,0.0,0.0,0.0,0.082518,0.0,0.0,0.0,0.0,0.0,0.0,0.0,0.021331
2021-05-05,0.0,0.0,0.0,0.127414,0.0,0.0,0.0,0.04216,0.048812,0.05051,0.0,0.113495,0.0,0.130026,0.07605,0.07553,0.0,0.054775,0.0,0.0,0.0,0.020101,0.0,0.0,0.0,0.085679,0.0,0.044235,0.0,0.0,0.025329,0.0,0.0,0.0,0.084773,0.0,0.0,0.0,0.0,0.0,0.0,0.0,0.02111
2021-05-06,0.0,0.0,0.0,0.12558,0.0,0.0,0.0,0.042528,0.049416,0.051239,0.0,0.1144,0.0,0.129639,0.076159,0.074817,0.0,0.054776,0.0,0.0,0.0,0.019724,0.0,0.0,0.0,0.086063,0.0,0.043835,0.0,0.0,0.024827,0.0,0.0,0.0,0.085966,0.0,0.0,0.0,0.0,0.0,0.0,0.0,0.021031
2021-05-07,0.0,0.0,0.0,0.125015,0.0,0.0,0.0,0.042482,0.049859,0.051276,0.0,0.113687,0.0,0.128047,0.076454,0.075641,0.0,0.054875,0.0,0.0,0.0,0.019771,0.0,0.0,0.0,0.086047,0.0,0.043731,0.0,0.0,0.024557,0.0,0.0,0.0,0.087818,0.0,0.0,0.0,0.0,0.0,0.0,0.0,0.02074
2021-05-10,0.0,0.0,0.0,0.126246,0.0,0.0,0.0,0.042496,0.049273,0.05164,0.0,0.112626,0.0,0.128058,0.077249,0.075446,0.0,0.055343,0.0,0.0,0.0,0.019242,0.0,0.0,0.0,0.083044,0.0,0.043779,0.0,0.0,0.024572,0.0,0.0,0.0,0.090038,0.0,0.0,0.0,0.0,0.0,0.0,0.0,0.020948
2021-05-11,0.0,0.0,0.0,0.124631,0.0,0.0,0.0,0.043013,0.047797,0.051505,0.0,0.113455,0.0,0.128183,0.076034,0.075303,0.0,0.055111,0.0,0.0,0.0,0.019757,0.0,0.0,0.0,0.084009,0.0,0.044675,0.0,0.0,0.024401,0.0,0.0,0.0,0.090962,0.0,0.0,0.0,0.0,0.0,0.0,0.0,0.021163
2021-05-12,0.0,0.0,0.0,0.127059,0.0,0.0,0.0,0.042858,0.045907,0.050422,0.0,0.113784,0.0,0.127815,0.078151,0.076739,0.0,0.055118,0.0,0.0,0.0,0.020052,0.0,0.0,0.0,0.082435,0.0,0.044532,0.0,0.0,0.024215,0.0,0.0,0.0,0.089265,0.0,0.0,0.0,0.0,0.0,0.0,0.0,0.021649
2021-05-13,0.0,0.0,0.0,0.125594,0.0,0.0,0.0,0.043392,0.046804,0.050913,0.0,0.114369,0.0,0.131706,0.077041,0.074191,0.0,0.056222,0.0,0.0,0.0,0.019746,0.0,0.0,0.0,0.083315,0.0,0.044494,0.0,0.0,0.024149,0.0,0.0,0.0,0.086462,0.0,0.0,0.0,0.0,0.0,0.0,0.0,0.021603
2021-05-14,0.0,0.0,0.0,0.124801,0.0,0.0,0.0,0.043029,0.04644,0.050588,0.0,0.114203,0.0,0.131137,0.077783,0.076899,0.0,0.05585,0.0,0.0,0.0,0.020038,0.0,0.0,0.0,0.084112,0.0,0.044691,0.0,0.0,0.024421,0.0,0.0,0.0,0.084849,0.0,0.0,0.0,0.0,0.0,0.0,0.0,0.021157
2021-05-17,0.0,0.0,0.0,0.124469,0.0,0.0,0.0,0.043386,0.044796,0.049554,0.0,0.113093,0.0,0.131563,0.079442,0.079728,0.0,0.05548,0.0,0.0,0.0,0.019955,0.0,0.0,0.0,0.083227,0.0,0.044154,0.0,0.0,0.024393,0.0,0.0,0.0,0.085643,0.0,0.0,0.0,0.0,0.0,0.0,0.0,0.021117
2021-05-18,0.0,0.0,0.0,0.12531,0.0,0.0,0.0,0.043772,0.04727,0.050526,0.0,0.112203,0.0,0.129683,0.077781,0.078677,0.0,0.054927,0.0,0.0,0.0,0.020089,0.0,0.0,0.0,0.082751,0.0,0.044403,0.0,0.0,0.024769,0.0,0.0,0.0,0.086673,0.0,0.0,0.0,0.0,0.0,0.0,0.0,0.021166
2021-05-19,0.0,0.0,0.0,0.123837,0.0,0.0,0.0,0.044307,0.047473,0.05092,0.0,0.113623,0.0,0.130443,0.076684,0.07788,0.0,0.055203,0.0,0.0,0.0,0.019955,0.0,0.0,0.0,0.085296,0.0,0.044684,0.0,0.0,0.02512,0.0,0.0,0.0,0.083175,0.0,0.0,0.0,0.0,0.0,0.0,0.0,0.021401
2021-05-20,0.0,0.0,0.0,0.124815,0.0,0.0,0.0,0.044005,0.047522,0.050865,0.0,0.114783,0.0,0.129315,0.076044,0.077009,0.0,0.054542,0.0,0.0,0.0,0.020235,0.0,0.0,0.0,0.086943,0.0,0.045213,0.0,0.0,0.025272,0.0,0.0,0.0,0.082182,0.0,0.0,0.0,0.0,0.0,0.0,0.0,0.021255
2021-05-21,0.0,0.0,0.0,0.125538,0.0,0.0,0.0,0.043909,0.046929,0.050266,0.0,0.114438,0.0,0.13082,0.076233,0.077511,0.0,0.054588,0.0,0.0,0.0,0.020099,0.0,0.0,0.0,0.086495,0.0,0.045501,0.0,0.0,0.025217,0.0,0.0,0.0,0.081196,0.0,0.0,0.0,0.0,0.0,0.0,0.0,0.021262
2021-05-24,0.0,0.0,0.0,0.124419,0.0,0.0,0.0,0.044032,0.047713,0.050335,0.0,0.115484,0.0,0.129133,0.076306,0.077725,0.0,0.054602,0.0,0.0,0.0,0.01979,0.0,0.0,0.0,0.087889,0.0,0.045643,0.0,0.0,0.025425,0.0,0.0,0.0,0.080432,0.0,0.0,0.0,0.0,0.0,0.0,0.0,0.021072
2021-05-25,0.0,0.0,0.0,0.125085,0.0,0.0,0.0,0.044335,0.048517,0.051153,0.0,0.116327,0.0,0.127365,0.075322,0.076231,0.0,0.054461,0.0,0.0,0.0,0.019689,0.0,0.0,0.0,0.088817,0.0,0.0458,0.0,0.0,0.025844,0.0,0.0,0.0,0.079824,0.0,0.0,0.0,0.0,0.0,0.0,0.0,0.021231
2021-05-26,0.0,0.0,0.0,0.124494,0.0,0.0,0.0,0.044399,0.04824,0.050846,0.0,0.115925,0.0,0.12804,0.07524,0.077572,0.0,0.054394,0.0,0.0,0.0,0.019917,0.0,0.0,0.0,0.088172,0.0,0.046027,0.0,0.0,0.02562,0.0,0.0,0.0,0.080096,0.0,0.0,0.0,0.0,0.0,0.0,0.0,0.021019
2021-05-27,0.0,0.0,0.0,0.12458,0.0,0.0,0.0,0.044195,0.047698,0.049977,0.0,0.11536,0.0,0.128876,0.074646,0.078102,0.0,0.054372,0.0,0.0,0.0,0.019998,0.0,0.0,0.0,0.087777,0.0,0.045536,0.0,0.0,0.025696,0.0,0.0,0.0,0.082349,0.0,0.0,0.0,0.0,0.0,0.0,0.0,0.020837
2021-05-28,0.0,0.0,0.0,0.124614,0.0,0.0,0.0,0.044105,0.048336,0.050522,0.0,0.114668,0.0,0.128433,0.074586,0.077916,0.0,0.054325,0.0,0.0,0.0,0.019868,0.0,0.0,0.0,0.088352,0.0,0.045331,0.0,0.0,0.026295,0.0,0.0,0.0,0.081868,0.0,0.0,0.0,0.0,0.0,0.0,0.0,0.020781
2021-05-31,0.0,0.058974,0.0,0.028597,0.0,0.0,0.0,0.0,0.049563,0.038793,0.049427,0.07861,0.048644,0.039774,0.05693,0.031407,0.0,0.056196,0.0,0.078787,0.0,0.0,0.0,0.0,0.021256,0.026519,0.011197,0.029002,0.0,0.07845,0.067132,0.0,0.0,0.068054,0.07879,0.0,0.0,0.0,0.0,0.0,0.0,0.0,0.0039
2021-06-01,0.0,0.058712,0.0,0.028432,0.0,0.0,0.0,0.0,0.050199,0.038922,0.048739,0.077713,0.04835,0.039638,0.058411,0.033036,0.0,0.055572,0.0,0.077752,0.0,0.0,0.0,0.0,0.020897,0.026127,0.010996,0.02848,0.0,0.078903,0.067802,0.0,0.0,0.06832,0.079145,0.0,0.0,0.0,0.0,0.0,0.0,0.0,0.003853
2021-06-02,0.0,0.058819,0.0,0.028556,0.0,0.0,0.0,0.0,0.049865,0.038716,0.048532,0.077506,0.048444,0.039296,0.059522,0.033578,0.0,0.055138,0.0,0.076515,0.0,0.0,0.0,0.0,0.021049,0.026296,0.011019,0.028664,0.0,0.079857,0.068107,0.0,0.0,0.068455,0.078212,0.0,0.0,0.0,0.0,0.0,0.0,0.0,0.003854
2021-06-03,0.0,0.058903,0.0,0.028799,0.0,0.0,0.0,0.0,0.05006,0.038957,0.048364,0.07764,0.048972,0.03971,0.060192,0.033899,0.0,0.05528,0.0,0.076173,0.0,0.0,0.0,0.0,0.021031,0.026065,0.010976,0.028343,0.0,0.08024,0.06762,0.0,0.0,0.068126,0.076764,0.0,0.0,0.0,0.0,0.0,0.0,0.0,0.003887
2021-06-04,0.0,0.058781,0.0,0.028538,0.0,0.0,0.0,0.0,0.05005,0.039008,0.048253,0.077948,0.048597,0.039289,0.059974,0.033542,0.0,0.054469,0.0,0.076291,0.0,0.0,0.0,0.0,0.021216,0.026424,0.011099,0.028362,0.0,0.079458,0.068902,0.0,0.0,0.068657,0.077298,0.0,0.0,0.0,0.0,0.0,0.0,0.0,0.003847
2021-06-07,0.0,0.059137,0.0,0.028758,0.0,0.0,0.0,0.0,0.04973,0.038873,0.048323,0.078465,0.048351,0.039439,0.059803,0.033915,0.0,0.05441,0.0,0.076034,0.0,0.0,0.0,0.0,0.021242,0.026257,0.011203,0.028751,0.0,0.080512,0.068553,0.0,0.0,0.06872,0.075674,0.0,0.0,0.0,0.0,0.0,0.0,0.0,0.003853
2021-06-08,0.0,0.05905,0.0,0.028758,0.0,0.0,0.0,0.0,0.049311,0.038559,0.048648,0.078134,0.048161,0.039423,0.06024,0.0342,0.0,0.054509,0.0,0.076365,0.0,0.0,0.0,0.0,0.021215,0.026072,0.011214,0.02897,0.0,0.081072,0.068063,0.0,0.0,0.068918,0.075272,0.0,0.0,0.0,0.0,0.0,0.0,0.0,0.003847
2021-06-09,0.0,0.059274,0.0,0.029026,0.0,0.0,0.0,0.0,0.049457,0.038287,0.048647,0.078487,0.047969,0.039088,0.060194,0.0342,0.0,0.054136,0.0,0.07532,0.0,0.0,0.0,0.0,0.021348,0.026087,0.011277,0.029085,0.0,0.081628,0.068178,0.0,0.0,0.069117,0.075327,0.0,0.0,0.0,0.0,0.0,0.0,0.0,0.003869
2021-06-10,0.0,0.059305,0.0,0.0289,0.0,0.0,0.0,0.0,0.050026,0.03873,0.04884,0.078852,0.047374,0.038283,0.060072,0.033807,0.0,0.053682,0.0,0.07335,0.0,0.0,0.0,0.0,0.021488,0.026367,0.011466,0.029709,0.0,0.082151,0.069148,0.0,0.0,0.069464,0.075119,0.0,0.0,0.0,0.0,0.0,0.0,0.0,0.003866
2021-06-11,0.0,0.05924,0.0,0.029004,0.0,0.0,0.0,0.0,0.049831,0.038544,0.048891,0.078596,0.04747,0.038309,0.059605,0.033886,0.0,0.054008,0.0,0.073755,0.0,0.0,0.0,0.0,0.021521,0.026384,0.011532,0.029701,0.0,0.081466,0.070102,0.0,0.0,0.068799,0.075507,0.0,0.0,0.0,0.0,0.0,0.0,0.0,0.003849
2021-06-14,0.0,0.059608,0.0,0.029076,0.0,0.0,0.0,0.0,0.050075,0.038822,0.049083,0.079405,0.047148,0.037882,0.059562,0.033635,0.0,0.053718,0.0,0.073088,0.0,0.0,0.0,0.0,0.021819,0.026856,0.011717,0.029867,0.0,0.08208,0.070177,0.0,0.0,0.067743,0.074778,0.0,0.0,0.0,0.0,0.0,0.0,0.0,0.003862
2021-06-15,0.0,0.059848,0.0,0.028976,0.0,0.0,0.0,0.0,0.050317,0.038931,0.049012,0.079258,0.04742,0.038533,0.060932,0.034355,0.0,0.054336,0.0,0.073743,0.0,0.0,0.0,0.0,0.021769,0.02674,0.011598,0.029815,0.0,0.081517,0.069877,0.0,0.0,0.067424,0.071724,0.0,0.0,0.0,0.0,0.0,0.0,0.0,0.003877
2021-06-16,0.0,0.059863,0.0,0.029404,0.0,0.0,0.0,0.0,0.050325,0.038907,0.049533,0.079361,0.047851,0.039287,0.061223,0.03452,0.0,0.054321,0.0,0.073335,0.0,0.0,0.0,0.0,0.021871,0.026757,0.01165,0.030222,0.0,0.081808,0.067815,0.0,0.0,0.06763,0.070399,0.0,0.0,0.0,0.0,0.0,0.0,0.0,0.003916
2021-06-17,0.0,0.059975,0.0,0.029771,0.0,0.0,0.0,0.0,0.051265,0.039272,0.050274,0.08058,0.046954,0.037932,0.059801,0.033318,0.0,0.053741,0.0,0.074666,0.0,0.0,0.0,0.0,0.022371,0.027347,0.011983,0.030977,0.0,0.082617,0.069721,0.0,0.0,0.065744,0.06773,0.0,0.0,0.0,0.0,0.0,0.0,0.0,0.00396
2021-06-18,0.0,0.059411,0.0,0.029766,0.0,0.0,0.0,0.0,0.051022,0.039411,0.050528,0.080464,0.046297,0.037071,0.05863,0.032936,0.0,0.053593,0.0,0.075777,0.0,0.0,0.0,0.0,0.022397,0.026969,0.012147,0.031044,0.0,0.082055,0.070797,0.0,0.0,0.067703,0.067981,0.0,0.0,0.0,0.0,0.0,0.0,0.0,0.004001
2021-06-21,0.0,0.059314,0.0,0.029424,0.0,0.0,0.0,0.0,0.050293,0.039176,0.050086,0.079918,0.046604,0.037737,0.060131,0.03408,0.0,0.053713,0.0,0.075514,0.0,0.0,0.0,0.0,0.022267,0.026627,0.011995,0.030563,0.0,0.08238,0.07012,0.0,0.0,0.066783,0.06934,0.0,0.0,0.0,0.0,0.0,0.0,0.0,0.003935
2021-06-22,0.0,0.059181,0.0,0.029436,0.0,0.0,0.0,0.0,0.049678,0.039039,0.05043,0.0804,0.046564,0.037583,0.060378,0.034183,0.0,0.053672,0.0,0.075721,0.0,0.0,0.0,0.0,0.022412,0.026685,0.012095,0.030958,0.0,0.081744,0.069841,0.0,0.0,0.06595,0.070126,0.0,0.0,0.0,0.0,0.0,0.0,0.0,0.003925
2021-06-23,0.0,0.058621,0.0,0.029354,0.0,0.0,0.0,0.0,0.049984,0.039071,0.050651,0.080054,0.0465,0.037546,0.060344,0.034471,0.0,0.053418,0.0,0.0747,0.0,0.0,0.0,0.0,0.022313,0.026708,0.012055,0.030718,0.0,0.081332,0.071243,0.0,0.0,0.065769,0.071237,0.0,0.0,0.0,0.0,0.0,0.0,0.0,0.003912
2021-06-24,0.0,0.058838,0.0,0.029395,0.0,0.0,0.0,0.0,0.050166,0.039304,0.050525,0.080331,0.046804,0.037855,0.060506,0.034816,0.0,0.053384,0.0,0.074436,0.0,0.0,0.0,0.0,0.022322,0.027002,0.012091,0.03067,0.0,0.08068,0.070643,0.0,0.0,0.065163,0.07118,0.0,0.0,0.0,0.0,0.0,0.0,0.0,0.003889
2021-06-25,0.0,0.058652,0.0,0.02946,0.0,0.0,0.0,0.0,0.050118,0.039334,0.050581,0.080013,0.047122,0.038142,0.060509,0.035046,0.0,0.053041,0.0,0.074125,0.0,0.0,0.0,0.0,0.02218,0.026789,0.012034,0.030608,0.0,0.080802,0.071218,0.0,0.0,0.064788,0.071569,0.0,0.0,0.0,0.0,0.0,0.0,0.0,0.003869
2021-06-28,0.0,0.058304,0.0,0.029368,0.0,0.0,0.0,0.0,0.050614,0.039167,0.050685,0.081065,0.046864,0.037316,0.058572,0.03358,0.0,0.052686,0.0,0.074807,0.0,0.0,0.0,0.0,0.022453,0.027479,0.012202,0.030788,0.0,0.080715,0.072435,0.0,0.0,0.066291,0.070732,0.0,0.0,0.0,0.0,0.0,0.0,0.0,0.003876
2021-06-29,0.0,0.058419,0.0,0.029484,0.0,0.0,0.0,0.0,0.05051,0.039074,0.050881,0.080739,0.046762,0.037106,0.058367,0.033446,0.0,0.052752,0.0,0.075533,0.0,0.0,0.0,0.0,0.022648,0.027732,0.012275,0.030778,0.0,0.080606,0.07243,0.0,0.0,0.066127,0.070449,0.0,0.0,0.0,0.0,0.0,0.0,0.0,0.003882
2021-06-30,0.020993,0.071562,0.0,0.05909,0.0,0.0,0.0,0.037721,0.042503,0.0,0.0,0.071108,0.071535,0.0,0.021333,0.058847,0.0,0.070043,0.071371,0.071137,0.0,0.0,0.0,0.0,0.010023,0.028693,0.01153,0.029635,0.0,0.070981,0.071239,0.0,0.0,0.035065,0.071461,0.0,0.0,0.0,0.0,0.0,0.0,0.0,0.004129
2021-07-01,0.020946,0.071637,0.0,0.05903,0.0,0.0,0.0,0.037419,0.04223,0.0,0.0,0.071286,0.07175,0.0,0.0216,0.059948,0.0,0.070636,0.071412,0.072049,0.0,0.0,0.0,0.0,0.009991,0.028144,0.011481,0.029516,0.0,0.070941,0.070492,0.0,0.0,0.034595,0.070788,0.0,0.0,0.0,0.0,0.0,0.0,0.0,0.00411
2021-07-02,0.02105,0.071788,0.0,0.059065,0.0,0.0,0.0,0.03763,0.042405,0.0,0.0,0.071734,0.071622,0.0,0.021537,0.058822,0.0,0.07039,0.071466,0.07159,0.0,0.0,0.0,0.0,0.010116,0.028296,0.011623,0.029678,0.0,0.071106,0.070452,0.0,0.0,0.034346,0.071178,0.0,0.0,0.0,0.0,0.0,0.0,0.0,0.004106
2021-07-05,0.021126,0.071772,0.0,0.059194,0.0,0.0,0.0,0.037622,0.042396,0.0,0.0,0.071718,0.071606,0.0,0.021533,0.058809,0.0,0.070375,0.07145,0.071574,0.0,0.0,0.0,0.0,0.010114,0.028289,0.01162,0.029672,0.0,0.07109,0.070436,0.0,0.0,0.034338,0.071162,0.0,0.0,0.0,0.0,0.0,0.0,0.0,0.004105
2021-07-06,0.021212,0.072011,0.0,0.059118,0.0,0.0,0.0,0.037645,0.042982,0.0,0.0,0.072239,0.071168,0.0,0.021034,0.056962,0.0,0.070291,0.071074,0.071197,0.0,0.0,0.0,0.0,0.010251,0.028516,0.011858,0.030476,0.0,0.072307,0.071862,0.0,0.0,0.03369,0.069962,0.0,0.0,0.0,0.0,0.0,0.0,0.0,0.004145
2021-07-07,0.021187,0.072062,0.0,0.058956,0.0,0.0,0.0,0.037643,0.042799,0.0,0.0,0.071738,0.070874,0.0,0.020579,0.055337,0.0,0.070279,0.07142,0.071925,0.0,0.0,0.0,0.0,0.01025,0.02793,0.011796,0.030429,0.0,0.07216,0.07401,0.0,0.0,0.033448,0.071057,0.0,0.0,0.0,0.0,0.0,0.0,0.0,0.004122
2021-07-08,0.02123,0.072066,0.0,0.0588,0.0,0.0,0.0,0.03785,0.042753,0.0,0.0,0.071875,0.07036,0.0,0.020728,0.056373,0.0,0.068883,0.07137,0.070483,0.0,0.0,0.0,0.0,0.010286,0.027931,0.011841,0.030704,0.0,0.072898,0.075364,0.0,0.0,0.033638,0.07039,0.0,0.0,0.0,0.0,0.0,0.0,0.0,0.004176
2021-07-09,0.021104,0.071844,0.0,0.058462,0.0,0.0,0.0,0.037509,0.042524,0.0,0.0,0.071165,0.071044,0.0,0.020774,0.056719,0.0,0.069307,0.071419,0.069947,0.0,0.0,0.0,0.0,0.010187,0.027858,0.011694,0.030447,0.0,0.072718,0.076303,0.0,0.0,0.033086,0.07179,0.0,0.0,0.0,0.0,0.0,0.0,0.0,0.004098
2021-07-12,0.021062,0.071757,0.0,0.058326,0.0,0.0,0.0,0.037299,0.042412,0.0,0.0,0.071237,0.071307,0.0,0.020617,0.055968,0.0,0.068748,0.071219,0.069443,0.0,0.0,0.0,0.0,0.010134,0.028045,0.01154,0.029994,0.0,0.072898,0.079121,0.0,0.0,0.033443,0.071357,0.0,0.0,0.0,0.0,0.0,0.0,0.0,0.004073
2021-07-13,0.02128,0.071942,0.0,0.058723,0.0,0.0,0.0,0.037488,0.042645,0.0,0.0,0.07169,0.071168,0.0,0.020644,0.055753,0.0,0.068705,0.071199,0.068293,0.0,0.0,0.0,0.0,0.010266,0.028182,0.011637,0.030168,0.0,0.072521,0.078809,0.0,0.0,0.033836,0.070941,0.0,0.0,0.0,0.0,0.0,0.0,0.0,0.00411
2021-07-14,0.021342,0.0725,0.0,0.058595,0.0,0.0,0.0,0.037948,0.043132,0.0,0.0,0.072076,0.071271,0.0,0.020151,0.053321,0.0,0.069201,0.071487,0.068783,0.0,0.0,0.0,0.0,0.010405,0.028224,0.011625,0.030156,0.0,0.073475,0.077401,0.0,0.0,0.03442,0.070354,0.0,0.0,0.0,0.0,0.0,0.0,0.0,0.004135
2021-07-15,0.021308,0.07189,0.0,0.058216,0.0,0.0,0.0,0.038123,0.04314,0.0,0.0,0.071734,0.071674,0.0,0.019917,0.052371,0.0,0.069388,0.071664,0.068956,0.0,0.0,0.0,0.0,0.010344,0.027662,0.01151,0.029972,0.0,0.073767,0.078758,0.0,0.0,0.034614,0.070848,0.0,0.0,0.0,0.0,0.0,0.0,0.0,0.004144
2021-07-16,0.021526,0.072416,0.0,0.058823,0.0,0.0,0.0,0.038383,0.043599,0.0,0.0,0.072289,0.071692,0.0,0.019625,0.051003,0.0,0.069378,0.071579,0.069383,0.0,0.0,0.0,0.0,0.010386,0.027443,0.011697,0.030427,0.0,0.074757,0.077265,0.0,0.0,0.035198,0.068929,0.0,0.0,0.0,0.0,0.0,0.0,0.0,0.004203
2021-07-19,0.021521,0.072367,0.0,0.058587,0.0,0.0,0.0,0.038781,0.043839,0.0,0.0,0.072618,0.071085,0.0,0.019311,0.049903,0.0,0.06959,0.071449,0.07052,0.0,0.0,0.0,0.0,0.010449,0.027965,0.011876,0.030991,0.0,0.074867,0.077183,0.0,0.0,0.035474,0.067336,0.0,0.0,0.0,0.0,0.0,0.0,0.0,0.004287
2021-07-20,0.021364,0.071585,0.0,0.058536,0.0,0.0,0.0,0.038387,0.043224,0.0,0.0,0.072215,0.071633,0.0,0.019244,0.050252,0.0,0.069847,0.071055,0.071087,0.0,0.0,0.0,0.0,0.010427,0.027874,0.011901,0.03107,0.0,0.075357,0.078286,0.0,0.0,0.035479,0.06696,0.0,0.0,0.0,0.0,0.0,0.0,0.0,0.004215
2021-07-21,0.021189,0.071636,0.0,0.05833,0.0,0.0,0.0,0.037762,0.042503,0.0,0.0,0.071501,0.071551,0.0,0.019556,0.051718,0.0,0.069415,0.070537,0.070926,0.0,0.0,0.0,0.0,0.010337,0.028211,0.011775,0.030668,0.0,0.073989,0.080401,0.0,0.0,0.035366,0.068489,0.0,0.0,0.0,0.0,0.0,0.0,0.0,0.004139
2021-07-22,0.021278,0.071823,0.0,0.05831,0.0,0.0,0.0,0.038022,0.042525,0.0,0.0,0.071817,0.070838,0.0,0.019356,0.050718,0.0,0.069539,0.070631,0.070572,0.0,0.0,0.0,0.0,0.010424,0.028072,0.011937,0.031105,0.0,0.073473,0.080677,0.0,0.0,0.035741,0.069,0.0,0.0,0.0,0.0,0.0,0.0,0.0,0.004143
2021-07-23,0.021369,0.072037,0.0,0.058402,0.0,0.0,0.0,0.037877,0.042267,0.0,0.0,0.073185,0.070558,0.0,0.019177,0.049918,0.0,0.069317,0.070729,0.072054,0.0,0.0,0.0,0.0,0.010468,0.028057,0.012027,0.031323,0.0,0.073667,0.078831,0.0,0.0,0.035372,0.069247,0.0,0.0,0.0,0.0,0.0,0.0,0.0,0.00412
2021-07-26,0.021293,0.071903,0.0,0.0581,0.0,0.0,0.0,0.037907,0.041744,0.0,0.0,0.073146,0.070565,0.0,0.01954,0.051157,0.0,0.069034,0.070922,0.07085,0.0,0.0,0.0,0.0,0.010404,0.027907,0.011927,0.030963,0.0,0.073284,0.078502,0.0,0.0,0.035993,0.070764,0.0,0.0,0.0,0.0,0.0,0.0,0.0,0.004097
2021-07-27,0.02136,0.072518,0.0,0.058028,0.0,0.0,0.0,0.037863,0.041567,0.0,0.0,0.073053,0.071306,0.0,0.019568,0.050109,0.0,0.068018,0.071782,0.071789,0.0,0.0,0.0,0.0,0.010416,0.02769,0.011895,0.031081,0.0,0.074494,0.075778,0.0,0.0,0.036173,0.071372,0.0,0.0,0.0,0.0,0.0,0.0,0.0,0.00414
2021-07-28,0.021307,0.072358,0.0,0.058211,0.0,0.0,0.0,0.037704,0.041693,0.0,0.0,0.073087,0.070686,0.0,0.019602,0.050851,0.0,0.067209,0.071464,0.070823,0.0,0.0,0.0,0.0,0.010327,0.027936,0.0119,0.031055,0.0,0.073691,0.078444,0.0,0.0,0.035965,0.071577,0.0,0.0,0.0,0.0,0.0,0.0,0.0,0.00411
2021-07-29,0.021226,0.072121,0.0,0.058052,0.0,0.0,0.0,0.037468,0.04193,0.0,0.0,0.071508,0.07068,0.0,0.019574,0.050222,0.0,0.066799,0.071458,0.072588,0.0,0.0,0.0,0.0,0.010262,0.028194,0.011783,0.030808,0.0,0.072898,0.080063,0.0,0.0,0.035441,0.072858,0.0,0.0,0.0,0.0,0.0,0.0,0.0,0.004065
2021-07-30,0.061742,0.0,0.0,0.044044,0.0,0.0,0.0,0.0,0.094124,0.0,0.0,0.093969,0.094286,0.0,0.05298,0.052923,0.048829,0.014428,0.0,0.094268,0.093739,0.0,0.0,0.0,0.028836,0.027526,0.028627,0.019379,0.0,0.094249,0.0,0.0,0.0,0.031967,0.0,0.0,0.0,0.0,0.0,0.0,0.0,0.0,0.024082
2021-08-02,0.062155,0.0,0.0,0.044246,0.0,0.0,0.0,0.0,0.094442,0.0,0.0,0.093847,0.094407,0.0,0.052637,0.051921,0.048543,0.014384,0.0,0.094521,0.093961,0.0,0.0,0.0,0.028762,0.027728,0.028663,0.019486,0.0,0.09414,0.0,0.0,0.0,0.032051,0.0,0.0,0.0,0.0,0.0,0.0,0.0,0.0,0.024106
2021-08-03,0.061474,0.0,0.0,0.043761,0.0,0.0,0.0,0.0,0.094741,0.0,0.0,0.09276,0.094788,0.0,0.053158,0.052613,0.048827,0.014445,0.0,0.095067,0.094591,0.0,0.0,0.0,0.02874,0.027741,0.028477,0.019359,0.0,0.093586,0.0,0.0,0.0,0.031942,0.0,0.0,0.0,0.0,0.0,0.0,0.0,0.0,0.023932
2021-08-04,0.062001,0.0,0.0,0.0441,0.0,0.0,0.0,0.0,0.096205,0.0,0.0,0.093543,0.09452,0.0,0.052009,0.050531,0.048435,0.014242,0.0,0.094258,0.094717,0.0,0.0,0.0,0.02896,0.028181,0.028938,0.019507,0.0,0.093818,0.0,0.0,0.0,0.031967,0.0,0.0,0.0,0.0,0.0,0.0,0.0,0.0,0.024066
2021-08-05,0.061828,0.0,0.0,0.044057,0.0,0.0,0.0,0.0,0.095861,0.0,0.0,0.093714,0.095066,0.0,0.052218,0.05151,0.04831,0.014312,0.0,0.094176,0.093645,0.0,0.0,0.0,0.028909,0.027982,0.028988,0.019397,0.0,0.09423,0.0,0.0,0.0,0.031906,0.0,0.0,0.0,0.0,0.0,0.0,0.0,0.0,0.023891
2021-08-06,0.061704,0.0,0.0,0.044248,0.0,0.0,0.0,0.0,0.094885,0.0,0.0,0.093592,0.09686,0.0,0.052628,0.052019,0.048471,0.014397,0.0,0.093348,0.093445,0.0,0.0,0.0,0.028847,0.027806,0.028816,0.019066,0.0,0.09394,0.0,0.0,0.0,0.032068,0.0,0.0,0.0,0.0,0.0,0.0,0.0,0.0,0.023862
2021-08-09,0.061921,0.0,0.0,0.044329,0.0,0.0,0.0,0.0,0.094756,0.0,0.0,0.09373,0.097436,0.0,0.052054,0.051326,0.048438,0.014323,0.0,0.093158,0.094112,0.0,0.0,0.0,0.028848,0.027803,0.028926,0.019184,0.0,0.093747,0.0,0.0,0.0,0.031969,0.0,0.0,0.0,0.0,0.0,0.0,0.0,0.0,0.02394
2021-08-10,0.061767,0.0,0.0,0.044449,0.0,0.0,0.0,0.0,0.09357,0.0,0.0,0.093623,0.09816,0.0,0.052809,0.052581,0.048781,0.014464,0.0,0.094073,0.093605,0.0,0.0,0.0,0.028553,0.027395,0.028488,0.018902,0.0,0.092571,0.0,0.0,0.0,0.032347,0.0,0.0,0.0,0.0,0.0,0.0,0.0,0.0,0.023863
2021-08-11,0.061627,0.0,0.0,0.044116,0.0,0.0,0.0,0.0,0.093121,0.0,0.0,0.093339,0.098795,0.0,0.05296,0.05251,0.049169,0.014627,0.0,0.096206,0.092218,0.0,0.0,0.0,0.028415,0.027167,0.028275,0.018734,0.0,0.092655,0.0,0.0,0.0,0.032322,0.0,0.0,0.0,0.0,0.0,0.0,0.0,0.0,0.023744
2021-08-12,0.061665,0.0,0.0,0.0442,0.0,0.0,0.0,0.0,0.092726,0.0,0.0,0.093433,0.098894,0.0,0.052865,0.052311,0.049036,0.014625,0.0,0.095402,0.092871,0.0,0.0,0.0,0.028556,0.026853,0.028531,0.018961,0.0,0.092782,0.0,0.0,0.0,0.032566,0.0,0.0,0.0,0.0,0.0,0.0,0.0,0.0,0.023724
2021-08-13,0.062089,0.0,0.0,0.044233,0.0,0.0,0.0,0.0,0.091802,0.0,0.0,0.093738,0.098417,0.0,0.05238,0.050669,0.049012,0.014645,0.0,0.09559,0.0937,0.0,0.0,0.0,0.028788,0.027094,0.028684,0.019097,0.0,0.093537,0.0,0.0,0.0,0.032738,0.0,0.0,0.0,0.0,0.0,0.0,0.0,0.0,0.023788
2021-08-16,0.061936,0.0,0.0,0.044068,0.0,0.0,0.0,0.0,0.091521,0.0,0.0,0.094103,0.098378,0.0,0.051529,0.049293,0.049289,0.014708,0.0,0.096271,0.094974,0.0,0.0,0.0,0.028981,0.027053,0.028539,0.018944,0.0,0.093629,0.0,0.0,0.0,0.032945,0.0,0.0,0.0,0.0,0.0,0.0,0.0,0.0,0.02384
2021-08-17,0.06242,0.0,0.0,0.044096,0.0,0.0,0.0,0.0,0.089688,0.0,0.0,0.094262,0.09867,0.0,0.051511,0.049444,0.049246,0.014701,0.0,0.0938,0.097065,0.0,0.0,0.0,0.02903,0.026796,0.028626,0.019023,0.0,0.094473,0.0,0.0,0.0,0.033071,0.0,0.0,0.0,0.0,0.0,0.0,0.0,0.0,0.024078
2021-08-18,0.062775,0.0,0.0,0.044786,0.0,0.0,0.0,0.0,0.091715,0.0,0.0,0.094197,0.098137,0.0,0.05079,0.048392,0.049047,0.014689,0.0,0.094243,0.096256,0.0,0.0,0.0,0.02883,0.026626,0.028696,0.018989,0.0,0.094266,0.0,0.0,0.0,0.033319,0.0,0.0,0.0,0.0,0.0,0.0,0.0,0.0,0.024246
2021-08-19,0.062459,0.0,0.0,0.044119,0.0,0.0,0.0,0.0,0.090465,0.0,0.0,0.094836,0.098058,0.0,0.049801,0.04723,0.049029,0.01463,0.0,0.094576,0.097336,0.0,0.0,0.0,0.029306,0.027023,0.029089,0.019212,0.0,0.095353,0.0,0.0,0.0,0.033072,0.0,0.0,0.0,0.0,0.0,0.0,0.0,0.0,0.024405
2021-08-20,0.06237,0.0,0.0,0.044123,0.0,0.0,0.0,0.0,0.090404,0.0,0.0,0.095024,0.098007,0.0,0.04958,0.047104,0.048833,0.014586,0.0,0.095702,0.097243,0.0,0.0,0.0,0.029487,0.027046,0.029247,0.019276,0.0,0.095195,0.0,0.0,0.0,0.032525,0.0,0.0,0.0,0.0,0.0,0.0,0.0,0.0,0.024248
2021-08-23,0.062412,0.0,0.0,0.044102,0.0,0.0,0.0,0.0,0.091342,0.0,0.0,0.09507,0.09768,0.0,0.050849,0.048919,0.048668,0.01455,0.0,0.094303,0.096163,0.0,0.0,0.0,0.029525,0.027489,0.029381,0.019314,0.0,0.093927,0.0,0.0,0.0,0.03234,0.0,0.0,0.0,0.0,0.0,0.0,0.0,0.0,0.023968
2021-08-24,0.062192,0.0,0.0,0.044188,0.0,0.0,0.0,0.0,0.09102,0.0,0.0,0.094842,0.097721,0.0,0.051403,0.0501,0.048639,0.0145,0.0,0.095066,0.095287,0.0,0.0,0.0,0.029326,0.027335,0.029409,0.019656,0.0,0.092988,0.0,0.0,0.0,0.032498,0.0,0.0,0.0,0.0,0.0,0.0,0.0,0.0,0.023833
2021-08-25,0.061909,0.0,0.0,0.044274,0.0,0.0,0.0,0.0,0.091871,0.0,0.0,0.094402,0.09826,0.0,0.051476,0.050684,0.04865,0.014504,0.0,0.095451,0.09444,0.0,0.0,0.0,0.029128,0.027373,0.029293,0.019799,0.0,0.092353,0.0,0.0,0.0,0.032449,0.0,0.0,0.0,0.0,0.0,0.0,0.0,0.0,0.023684
2021-08-26,0.062097,0.0,0.0,0.044297,0.0,0.0,0.0,0.0,0.091758,0.0,0.0,0.094185,0.098407,0.0,0.051021,0.050143,0.048748,0.014495,0.0,0.094761,0.094675,0.0,0.0,0.0,0.029131,0.027574,0.02935,0.020001,0.0,0.092982,0.0,0.0,0.0,0.032539,0.0,0.0,0.0,0.0,0.0,0.0,0.0,0.0,0.023836
2021-08-27,0.061566,0.0,0.0,0.044161,0.0,0.0,0.0,0.0,0.092415,0.0,0.0,0.094341,0.098319,0.0,0.05165,0.052052,0.0484,0.014425,0.0,0.094931,0.09325,0.0,0.0,0.0,0.029002,0.027709,0.029385,0.019911,0.0,0.092646,0.0,0.0,0.0,0.032336,0.0,0.0,0.0,0.0,0.0,0.0,0.0,0.0,0.023503
2021-08-30,0.061549,0.0,0.0,0.044239,0.0,0.0,0.0,0.0,0.093039,0.0,0.0,0.09496,0.096905,0.0,0.051028,0.051176,0.048331,0.014305,0.0,0.094646,0.09375,0.0,0.0,0.0,0.029306,0.027756,0.029511,0.020013,0.0,0.093546,0.0,0.0,0.0,0.032444,0.0,0.0,0.0,0.0,0.0,0.0,0.0,0.0,0.023496
2021-08-31,0.055349,0.072486,0.0,0.026128,0.0,0.0,0.027915,0.0,0.062696,0.0,0.0,0.072619,0.072548,0.0,0.039233,0.0,0.072649,0.0,0.0,0.060177,0.072371,0.0,0.0,0.0,0.020309,0.020402,0.020135,0.020235,0.0,0.072511,0.072285,0.0,0.0,0.062547,0.039002,0.0,0.0,0.034972,0.0,0.0,0.0,0.0,0.003431
2021-09-01,0.055518,0.072974,0.0,0.026137,0.0,0.0,0.028098,0.0,0.062841,0.0,0.0,0.072963,0.072112,0.0,0.038646,0.0,0.07235,0.0,0.0,0.060743,0.072371,0.0,0.0,0.0,0.020308,0.020285,0.020199,0.020277,0.0,0.073651,0.071082,0.0,0.0,0.0623,0.038737,0.0,0.0,0.034977,0.0,0.0,0.0,0.0,0.00343
2021-09-02,0.055527,0.073117,0.0,0.026301,0.0,0.0,0.027474,0.0,0.062585,0.0,0.0,0.072241,0.072128,0.0,0.039501,0.0,0.072897,0.0,0.0,0.060535,0.072916,0.0,0.0,0.0,0.020222,0.020297,0.020115,0.0204,0.0,0.073804,0.070394,0.0,0.0,0.062169,0.039078,0.0,0.0,0.03488,0.0,0.0,0.0,0.0,0.003419
2021-09-03,0.055605,0.072968,0.0,0.026222,0.0,0.0,0.02744,0.0,0.063191,0.0,0.0,0.072351,0.071786,0.0,0.039335,0.0,0.072564,0.0,0.0,0.059945,0.073107,0.0,0.0,0.0,0.020333,0.02048,0.020334,0.020576,0.0,0.07393,0.069514,0.0,0.0,0.06223,0.03978,0.0,0.0,0.034884,0.0,0.0,0.0,0.0,0.003424
2021-09-06,0.05586,0.072935,0.0,0.026391,0.0,0.0,0.027427,0.0,0.063161,0.0,0.0,0.072318,0.071752,0.0,0.039317,0.0,0.072531,0.0,0.0,0.059918,0.073073,0.0,0.0,0.0,0.020324,0.02047,0.020324,0.020567,0.0,0.073896,0.069482,0.0,0.0,0.062202,0.039762,0.0,0.0,0.034868,0.0,0.0,0.0,0.0,0.003422
2021-09-07,0.055676,0.072931,0.0,0.026351,0.0,0.0,0.0277,0.0,0.063093,0.0,0.0,0.072763,0.07159,0.0,0.039231,0.0,0.071547,0.0,0.0,0.059495,0.072922,0.0,0.0,0.0,0.020406,0.020473,0.020184,0.020421,0.0,0.073341,0.071938,0.0,0.0,0.062046,0.039543,0.0,0.0,0.034914,0.0,0.0,0.0,0.0,0.003435
2021-09-08,0.055863,0.072825,0.0,0.026301,0.0,0.0,0.026355,0.0,0.062464,0.0,0.0,0.073044,0.072066,0.0,0.039078,0.0,0.072293,0.0,0.0,0.058803,0.07355,0.0,0.0,0.0,0.020512,0.020394,0.020237,0.020487,0.0,0.074376,0.071684,0.0,0.0,0.062211,0.03862,0.0,0.0,0.035373,0.0,0.0,0.0,0.0,0.003467
2021-09-09,0.056051,0.072655,0.0,0.026474,0.0,0.0,0.027234,0.0,0.063094,0.0,0.0,0.072736,0.072327,0.0,0.039188,0.0,0.071992,0.0,0.0,0.058719,0.072752,0.0,0.0,0.0,0.020449,0.02048,0.020217,0.020457,0.0,0.072916,0.072469,0.0,0.0,0.061726,0.03901,0.0,0.0,0.035584,0.0,0.0,0.0,0.0,0.003469
2021-09-10,0.056004,0.072703,0.0,0.026434,0.0,0.0,0.026926,0.0,0.063817,0.0,0.0,0.072521,0.072047,0.0,0.03931,0.0,0.071923,0.0,0.0,0.058778,0.072342,0.0,0.0,0.0,0.020319,0.020716,0.020164,0.020255,0.0,0.072104,0.072975,0.0,0.0,0.061679,0.039888,0.0,0.0,0.035612,0.0,0.0,0.0,0.0,0.003481
2021-09-13,0.055645,0.072951,0.0,0.026396,0.0,0.0,0.027445,0.0,0.063959,0.0,0.0,0.072529,0.072699,0.0,0.040342,0.0,0.071943,0.0,0.0,0.058572,0.071727,0.0,0.0,0.0,0.020278,0.020865,0.019863,0.020219,0.0,0.07242,0.071588,0.0,0.0,0.061368,0.04019,0.0,0.0,0.035527,0.0,0.0,0.0,0.0,0.003473
2021-09-14,0.05587,0.073013,0.0,0.026383,0.0,0.0,0.027267,0.0,0.063906,0.0,0.0,0.072151,0.071972,0.0,0.039896,0.0,0.071323,0.0,0.0,0.05788,0.071964,0.0,0.0,0.0,0.020322,0.020938,0.019976,0.020293,0.0,0.072541,0.073672,0.0,0.0,0.061679,0.039803,0.0,0.0,0.035669,0.0,0.0,0.0,0.0,0.003485
2021-09-15,0.0553,0.072507,0.0,0.026183,0.0,0.0,0.026927,0.0,0.063473,0.0,0.0,0.071991,0.072148,0.0,0.041094,0.0,0.071596,0.0,0.0,0.05781,0.071919,0.0,0.0,0.0,0.020354,0.020909,0.020029,0.020248,0.0,0.072257,0.074147,0.0,0.0,0.061869,0.040341,0.0,0.0,0.035436,0.0,0.0,0.0,0.0,0.00346
2021-09-16,0.055594,0.072885,0.0,0.02644,0.0,0.0,0.026636,0.0,0.063342,0.0,0.0,0.072329,0.072345,0.0,0.040857,0.0,0.071508,0.0,0.0,0.058755,0.072141,0.0,0.0,0.0,0.020481,0.021067,0.020266,0.020431,0.0,0.072727,0.072064,0.0,0.0,0.062186,0.038887,0.0,0.0,0.035579,0.0,0.0,0.0,0.0,0.00348
2021-09-17,0.055826,0.072346,0.0,0.026601,0.0,0.0,0.026128,0.0,0.063485,0.0,0.0,0.072147,0.072642,0.0,0.040904,0.0,0.071358,0.0,0.0,0.059381,0.072835,0.0,0.0,0.0,0.020336,0.020911,0.020304,0.020402,0.0,0.072699,0.072212,0.0,0.0,0.062222,0.037969,0.0,0.0,0.035783,0.0,0.0,0.0,0.0,0.00351
2021-09-20,0.05598,0.072465,0.0,0.026656,0.0,0.0,0.025906,0.0,0.062815,0.0,0.0,0.072221,0.072486,0.0,0.040509,0.0,0.072059,0.0,0.0,0.059173,0.073629,0.0,0.0,0.0,0.020396,0.020833,0.020376,0.020481,0.0,0.073812,0.070148,0.0,0.0,0.062948,0.036933,0.0,0.0,0.036588,0.0,0.0,0.0,0.0,0.003585
2021-09-21,0.056202,0.073021,0.0,0.026821,0.0,0.0,0.026348,0.0,0.062988,0.0,0.0,0.071725,0.072192,0.0,0.040494,0.0,0.071487,0.0,0.0,0.058833,0.073542,0.0,0.0,0.0,0.020349,0.020838,0.020361,0.020418,0.0,0.073648,0.071104,0.0,0.0,0.06271,0.036877,0.0,0.0,0.036464,0.0,0.0,0.0,0.0,0.003576
2021-09-22,0.055947,0.072917,0.0,0.026811,0.0,0.0,0.026449,0.0,0.06299,0.0,0.0,0.07091,0.0726,0.0,0.041289,0.0,0.071271,0.0,0.0,0.058728,0.072864,0.0,0.0,0.0,0.020404,0.021039,0.020326,0.020479,0.0,0.073556,0.071872,0.0,0.0,0.062601,0.03738,0.0,0.0,0.036031,0.0,0.0,0.0,0.0,0.003536
2021-09-23,0.055823,0.073028,0.0,0.026769,0.0,0.0,0.026497,0.0,0.063153,0.0,0.0,0.070795,0.073505,0.0,0.042233,0.0,0.071512,0.0,0.0,0.058095,0.072527,0.0,0.0,0.0,0.020434,0.021068,0.020412,0.02043,0.0,0.072548,0.071999,0.0,0.0,0.062631,0.037565,0.0,0.0,0.03548,0.0,0.0,0.0,0.0,0.003495
2021-09-24,0.05568,0.072344,0.0,0.02678,0.0,0.0,0.026186,0.0,0.063073,0.0,0.0,0.071551,0.074074,0.0,0.042655,0.0,0.071838,0.0,0.0,0.05813,0.07241,0.0,0.0,0.0,0.020499,0.021096,0.020528,0.020488,0.0,0.071949,0.071693,0.0,0.0,0.062785,0.037258,0.0,0.0,0.035479,0.0,0.0,0.0,0.0,0.003503
2021-09-27,0.055655,0.072146,0.0,0.026962,0.0,0.0,0.026083,0.0,0.0632,0.0,0.0,0.071452,0.074988,0.0,0.044117,0.0,0.071819,0.0,0.0,0.058553,0.071289,0.0,0.0,0.0,0.020275,0.021018,0.020158,0.020262,0.0,0.070893,0.071578,0.0,0.0,0.063174,0.037427,0.0,0.0,0.035451,0.0,0.0,0.0,0.0,0.003499
2021-09-28,0.055545,0.071766,0.0,0.026984,0.0,0.0,0.025606,0.0,0.062966,0.0,0.0,0.071011,0.075126,0.0,0.045093,0.0,0.072312,0.0,0.0,0.057942,0.071374,0.0,0.0,0.0,0.020041,0.020573,0.01979,0.019947,0.0,0.071727,0.070543,0.0,0.0,0.064556,0.0375,0.0,0.0,0.036034,0.0,0.0,0.0,0.0,0.003564
2021-09-29,0.055698,0.071593,0.0,0.026991,0.0,0.0,0.025793,0.0,0.062089,0.0,0.0,0.071026,0.075266,0.0,0.045142,0.0,0.072469,0.0,0.0,0.058407,0.072015,0.0,0.0,0.0,0.020037,0.02027,0.019765,0.01992,0.0,0.072342,0.070066,0.0,0.0,0.064626,0.036826,0.0,0.0,0.036092,0.0,0.0,0.0,0.0,0.003568
2021-09-30,0.08769,0.055177,0.0,0.0,0.0,0.0,0.029816,0.067691,0.030533,0.0,0.026405,0.087442,0.062856,0.0,0.0,0.0,0.0,0.0,0.033624,0.039806,0.087456,0.0,0.0,0.051485,0.021015,0.017307,0.020988,0.021347,0.016172,0.087245,0.087524,0.0,0.0,0.062952,0.0,0.0,0.0,0.0,0.0,0.0,0.0,0.0,0.00547
2021-10-01,0.086671,0.055135,0.0,0.0,0.0,0.0,0.030484,0.067855,0.030252,0.0,0.026419,0.088296,0.063449,0.0,0.0,0.0,0.0,0.0,0.033921,0.039666,0.086867,0.0,0.0,0.051126,0.021183,0.017197,0.021149,0.021499,0.015861,0.087863,0.086246,0.0,0.0,0.063429,0.0,0.0,0.0,0.0,0.0,0.0,0.0,0.0,0.005433
2021-10-04,0.086909,0.05553,0.0,0.0,0.0,0.0,0.029901,0.068359,0.029849,0.0,0.026534,0.087458,0.063679,0.0,0.0,0.0,0.0,0.0,0.034192,0.04003,0.086603,0.0,0.0,0.052472,0.020949,0.016962,0.020768,0.02132,0.015458,0.088968,0.084479,0.0,0.0,0.064082,0.0,0.0,0.0,0.0,0.0,0.0,0.0,0.0,0.005499
2021-10-05,0.087534,0.055307,0.0,0.0,0.0,0.0,0.02946,0.068558,0.029806,0.0,0.026405,0.087979,0.064351,0.0,0.0,0.0,0.0,0.0,0.03419,0.039742,0.08635,0.0,0.0,0.051879,0.021059,0.017066,0.020934,0.021385,0.015532,0.087575,0.086318,0.0,0.0,0.063121,0.0,0.0,0.0,0.0,0.0,0.0,0.0,0.0,0.005451
2021-10-06,0.086431,0.054998,0.0,0.0,0.0,0.0,0.029627,0.067957,0.029746,0.0,0.026513,0.088214,0.064478,0.0,0.0,0.0,0.0,0.0,0.034158,0.040019,0.086274,0.0,0.0,0.052732,0.021217,0.017149,0.021083,0.021588,0.015534,0.088495,0.085249,0.0,0.0,0.063082,0.0,0.0,0.0,0.0,0.0,0.0,0.0,0.0,0.005455
2021-10-07,0.087702,0.054853,0.0,0.0,0.0,0.0,0.029183,0.067672,0.029996,0.0,0.026655,0.087705,0.064211,0.0,0.0,0.0,0.0,0.0,0.034256,0.040205,0.08654,0.0,0.0,0.051924,0.021195,0.017175,0.021134,0.021709,0.015561,0.087843,0.086143,0.0,0.0,0.062936,0.0,0.0,0.0,0.0,0.0,0.0,0.0,0.0,0.005401
2021-10-08,0.087744,0.055134,0.0,0.0,0.0,0.0,0.029894,0.067923,0.029902,0.0,0.026653,0.087668,0.064817,0.0,0.0,0.0,0.0,0.0,0.034221,0.040041,0.086494,0.0,0.0,0.051775,0.021211,0.017076,0.021076,0.021642,0.015539,0.087407,0.084975,0.0,0.0,0.063383,0.0,0.0,0.0,0.0,0.0,0.0,0.0,0.0,0.005425
2021-10-11,0.088337,0.055028,0.0,0.0,0.0,0.0,0.029691,0.068002,0.029968,0.0,0.026652,0.086694,0.064426,0.0,0.0,0.0,0.0,0.0,0.034362,0.040165,0.086164,0.0,0.0,0.051276,0.021179,0.01703,0.021109,0.021672,0.0155,0.087979,0.085879,0.0,0.0,0.063441,0.0,0.0,0.0,0.0,0.0,0.0,0.0,0.0,0.005447
2021-10-12,0.08752,0.055273,0.0,0.0,0.0,0.0,0.029631,0.068325,0.029571,0.0,0.026876,0.085931,0.064257,0.0,0.0,0.0,0.0,0.0,0.034426,0.040347,0.085788,0.0,0.0,0.051646,0.02108,0.016825,0.02136,0.021962,0.015614,0.089175,0.085474,0.0,0.0,0.063472,0.0,0.0,0.0,0.0,0.0,0.0,0.0,0.0,0.005448
2021-10-13,0.086758,0.055618,0.0,0.0,0.0,0.0,0.029857,0.068625,0.029305,0.0,0.026779,0.085602,0.063349,0.0,0.0,0.0,0.0,0.0,0.03439,0.040242,0.085197,0.0,0.0,0.051806,0.021029,0.016779,0.021612,0.02223,0.015682,0.089063,0.088716,0.0,0.0,0.061958,0.0,0.0,0.0,0.0,0.0,0.0,0.0,0.0,0.005402
2021-10-14,0.087124,0.05548,0.0,0.0,0.0,0.0,0.029367,0.068303,0.029263,0.0,0.026697,0.085647,0.063545,0.0,0.0,0.0,0.0,0.0,0.034754,0.040788,0.085262,0.0,0.0,0.051741,0.021215,0.017068,0.021659,0.022342,0.015938,0.08894,0.088184,0.0,0.0,0.061353,0.0,0.0,0.0,0.0,0.0,0.0,0.0,0.0,0.00533
2021-10-15,0.087396,0.055583,0.0,0.0,0.0,0.0,0.029911,0.068039,0.029528,0.0,0.026953,0.084963,0.064128,0.0,0.0,0.0,0.0,0.0,0.034661,0.040307,0.0852,0.0,0.0,0.0513,0.021264,0.017085,0.021592,0.022229,0.016092,0.088371,0.088835,0.0,0.0,0.061262,0.0,0.0,0.0,0.0,0.0,0.0,0.0,0.0,0.0053
2021-10-18,0.087168,0.055141,0.0,0.0,0.0,0.0,0.02945,0.067846,0.029322,0.0,0.027189,0.085326,0.063924,0.0,0.0,0.0,0.0,0.0,0.034517,0.040837,0.084331,0.0,0.0,0.050634,0.021371,0.017164,0.021758,0.022419,0.015943,0.088292,0.09113,0.0,0.0,0.060957,0.0,0.0,0.0,0.0,0.0,0.0,0.0,0.0,0.005282
2021-10-19,0.087486,0.055221,0.0,0.0,0.0,0.0,0.028035,0.067299,0.029694,0.0,0.027,0.085793,0.064289,0.0,0.0,0.0,0.0,0.0,0.034555,0.040605,0.085087,0.0,0.0,0.051061,0.021494,0.017302,0.021861,0.022344,0.015996,0.087969,0.091103,0.0,0.0,0.060547,0.0,0.0,0.0,0.0,0.0,0.0,0.0,0.0,0.00526
2021-10-20,0.087349,0.05513,0.0,0.0,0.0,0.0,0.028061,0.066701,0.029439,0.0,0.026826,0.085469,0.064434,0.0,0.0,0.0,0.0,0.0,0.034634,0.041063,0.085809,0.0,0.0,0.051571,0.021312,0.017168,0.021696,0.022279,0.015829,0.088844,0.090766,0.0,0.0,0.06039,0.0,0.0,0.0,0.0,0.0,0.0,0.0,0.0,0.00523
2021-10-21,0.087335,0.055247,0.0,0.0,0.0,0.0,0.026773,0.066399,0.029407,0.0,0.027282,0.085914,0.064307,0.0,0.0,0.0,0.0,0.0,0.034623,0.041145,0.086352,0.0,0.0,0.051688,0.021443,0.01738,0.021969,0.022485,0.015733,0.089168,0.090184,0.0,0.0,0.059927,0.0,0.0,0.0,0.0,0.0,0.0,0.0,0.0,0.005241
2021-10-22,0.087578,0.055578,0.0,0.0,0.0,0.0,0.026786,0.06589,0.029323,0.0,0.027216,0.084192,0.065282,0.0,0.0,0.0,0.0,0.0,0.034598,0.041141,0.086803,0.0,0.0,0.052011,0.021393,0.017205,0.021858,0.022473,0.015747,0.089692,0.090022,0.0,0.0,0.059966,0.0,0.0,0.0,0.0,0.0,0.0,0.0,0.0,0.005247
2021-10-25,0.087254,0.05495,0.0,0.0,0.0,0.0,0.027569,0.065356,0.029331,0.0,0.027676,0.083907,0.0647,0.0,0.0,0.0,0.0,0.0,0.034675,0.041128,0.086239,0.0,0.0,0.051388,0.021298,0.01719,0.021799,0.022442,0.015803,0.089287,0.092797,0.0,0.0,0.060005,0.0,0.0,0.0,0.0,0.0,0.0,0.0,0.0,0.005207
2021-10-26,0.087671,0.055137,0.0,0.0,0.0,0.0,0.026932,0.066006,0.029592,0.0,0.02767,0.083127,0.064723,0.0,0.0,0.0,0.0,0.0,0.034759,0.0409,0.086631,0.0,0.0,0.051644,0.02135,0.017196,0.021735,0.022221,0.015666,0.089497,0.092009,0.0,0.0,0.060327,0.0,0.0,0.0,0.0,0.0,0.0,0.0,0.0,0.005204
2021-10-27,0.087828,0.05528,0.0,0.0,0.0,0.0,0.027168,0.066096,0.029755,0.0,0.027893,0.08338,0.064024,0.0,0.0,0.0,0.0,0.0,0.034461,0.040965,0.086444,0.0,0.0,0.051597,0.021456,0.017172,0.021671,0.022153,0.015495,0.089254,0.092124,0.0,0.0,0.060552,0.0,0.0,0.0,0.0,0.0,0.0,0.0,0.0,0.005235
2021-10-28,0.08758,0.055467,0.0,0.0,0.0,0.0,0.02653,0.064907,0.029809,0.0,0.028048,0.083016,0.064318,0.0,0.0,0.0,0.0,0.0,0.034538,0.041219,0.086505,0.0,0.0,0.051542,0.021506,0.017426,0.021764,0.022155,0.015747,0.089814,0.092541,0.0,0.0,0.060373,0.0,0.0,0.0,0.0,0.0,0.0,0.0,0.0,0.005195
2021-10-29,0.041415,0.0,0.058618,0.041912,0.0,0.0,0.0,0.074428,0.0,0.0,0.0,0.0,0.07445,0.0,0.01882,0.064339,0.0,0.0,0.0,0.0,0.073995,0.0,0.0,0.0,0.023206,0.0,0.023147,0.023225,0.013585,0.074089,0.074209,0.0,0.0,0.074451,0.0,0.0,0.041377,0.041566,0.041536,0.04152,0.074048,0.0,0.006066
2021-11-01,0.041377,0.0,0.059149,0.042236,0.0,0.0,0.0,0.074898,0.0,0.0,0.0,0.0,0.074048,0.0,0.019031,0.065896,0.0,0.0,0.0,0.0,0.07347,0.0,0.0,0.0,0.023035,0.0,0.02296,0.023054,0.013792,0.074017,0.073972,0.0,0.0,0.074894,0.0,0.0,0.04113,0.041158,0.041246,0.041202,0.073409,0.0,0.006029
2021-11-02,0.041423,0.0,0.059006,0.042201,0.0,0.0,0.0,0.074848,0.0,0.0,0.0,0.0,0.074137,0.0,0.018828,0.065115,0.0,0.0,0.0,0.0,0.073838,0.0,0.0,0.0,0.023208,0.0,0.02298,0.023118,0.013835,0.074274,0.074182,0.0,0.0,0.07453,0.0,0.0,0.041178,0.041269,0.041294,0.041307,0.073409,0.0,0.006021
2021-11-03,0.04138,0.0,0.059288,0.042461,0.0,0.0,0.0,0.075009,0.0,0.0,0.0,0.0,0.074318,0.0,0.018648,0.064426,0.0,0.0,0.0,0.0,0.074177,0.0,0.0,0.0,0.023314,0.0,0.022894,0.02317,0.013935,0.074428,0.074352,0.0,0.0,0.074359,0.0,0.0,0.040997,0.041159,0.041322,0.041149,0.073202,0.0,0.006013
2021-11-04,0.041591,0.0,0.059585,0.042606,0.0,0.0,0.0,0.074833,0.0,0.0,0.0,0.0,0.073189,0.0,0.018634,0.063905,0.0,0.0,0.0,0.0,0.073509,0.0,0.0,0.0,0.023628,0.0,0.023078,0.023418,0.014187,0.073563,0.075638,0.0,0.0,0.07397,0.0,0.0,0.04113,0.041342,0.041342,0.041277,0.073573,0.0,0.006
2021-11-05,0.041741,0.0,0.059502,0.042861,0.0,0.0,0.0,0.075175,0.0,0.0,0.0,0.0,0.07303,0.0,0.018827,0.065489,0.0,0.0,0.0,0.0,0.072495,0.0,0.0,0.0,0.023687,0.0,0.022839,0.023287,0.014142,0.073742,0.074401,0.0,0.0,0.073392,0.0,0.0,0.041245,0.041375,0.041388,0.041468,0.07393,0.0,0.005983
2021-11-08,0.041495,0.0,0.059038,0.042682,0.0,0.0,0.0,0.075795,0.0,0.0,0.0,0.0,0.073015,0.0,0.01889,0.066163,0.0,0.0,0.0,0.0,0.072512,0.0,0.0,0.0,0.023679,0.0,0.023012,0.023531,0.014091,0.073264,0.0763,0.0,0.0,0.072787,0.0,0.0,0.040834,0.041277,0.041102,0.041138,0.073445,0.0,0.00595
2021-11-09,0.04142,0.0,0.058785,0.042469,0.0,0.0,0.0,0.075272,0.0,0.0,0.0,0.0,0.07276,0.0,0.019005,0.066164,0.0,0.0,0.0,0.0,0.07239,0.0,0.0,0.0,0.023629,0.0,0.023144,0.023683,0.013977,0.073537,0.075364,0.0,0.0,0.073463,0.0,0.0,0.041104,0.041601,0.041217,0.04133,0.073724,0.0,0.005962
2021-11-10,0.041825,0.0,0.058492,0.043056,0.0,0.0,0.0,0.075722,0.0,0.0,0.0,0.0,0.073418,0.0,0.018703,0.063747,0.0,0.0,0.0,0.0,0.073381,0.0,0.0,0.0,0.02349,0.0,0.022727,0.023538,0.013547,0.073987,0.074261,0.0,0.0,0.074755,0.0,0.0,0.041192,0.041922,0.041429,0.04135,0.073433,0.0,0.006026
2021-11-11,0.041438,0.0,0.058558,0.042893,0.0,0.0,0.0,0.075624,0.0,0.0,0.0,0.0,0.073276,0.0,0.018686,0.064418,0.0,0.0,0.0,0.0,0.072825,0.0,0.0,0.0,0.02349,0.0,0.022729,0.02353,0.013513,0.073762,0.076557,0.0,0.0,0.074826,0.0,0.0,0.040867,0.04172,0.041164,0.041039,0.073089,0.0,0.005997
2021-11-12,0.041465,0.0,0.05915,0.042791,0.0,0.0,0.0,0.076215,0.0,0.0,0.0,0.0,0.073125,0.0,0.018561,0.063998,0.0,0.0,0.0,0.0,0.072872,0.0,0.0,0.0,0.023673,0.0,0.02301,0.023763,0.013661,0.073392,0.076181,0.0,0.0,0.075075,0.0,0.0,0.040777,0.041534,0.041001,0.04082,0.072962,0.0,0.005972
2021-11-15,0.041669,0.0,0.059237,0.043056,0.0,0.0,0.0,0.076167,0.0,0.0,0.0,0.0,0.073295,0.0,0.018759,0.064583,0.0,0.0,0.0,0.0,0.072588,0.0,0.0,0.0,0.023704,0.0,0.022939,0.023449,0.013546,0.074079,0.074334,0.0,0.0,0.075668,0.0,0.0,0.040712,0.041637,0.041049,0.040604,0.072938,0.0,0.005986
2021-11-16,0.041768,0.0,0.05918,0.043273,0.0,0.0,0.0,0.075689,0.0,0.0,0.0,0.0,0.073298,0.0,0.018808,0.064297,0.0,0.0,0.0,0.0,0.072969,0.0,0.0,0.0,0.023979,0.0,0.023224,0.023754,0.013617,0.073666,0.073828,0.0,0.0,0.075785,0.0,0.0,0.040718,0.04162,0.041111,0.040578,0.072847,0.0,0.005991
2021-11-17,0.041718,0.0,0.059082,0.043132,0.0,0.0,0.0,0.075682,0.0,0.0,0.0,0.0,0.072639,0.0,0.018567,0.06217,0.0,0.0,0.0,0.0,0.073257,0.0,0.0,0.0,0.023966,0.0,0.023085,0.023648,0.013616,0.07408,0.074558,0.0,0.0,0.076893,0.0,0.0,0.040967,0.041808,0.041171,0.040844,0.07311,0.0,0.006007
2021-11-18,0.04178,0.0,0.059303,0.043003,0.0,0.0,0.0,0.07524,0.0,0.0,0.0,0.0,0.072356,0.0,0.018477,0.062373,0.0,0.0,0.0,0.0,0.073368,0.0,0.0,0.0,0.024233,0.0,0.0229,0.023525,0.013728,0.074178,0.074411,0.0,0.0,0.076637,0.0,0.0,0.041039,0.041881,0.041185,0.040984,0.073382,0.0,0.006014
2021-11-19,0.041984,0.0,0.059699,0.043139,0.0,0.0,0.0,0.075257,0.0,0.0,0.0,0.0,0.071901,0.0,0.017839,0.059535,0.0,0.0,0.0,0.0,0.073264,0.0,0.0,0.0,0.024524,0.0,0.023081,0.023429,0.013767,0.074083,0.075554,0.0,0.0,0.077186,0.0,0.0,0.041342,0.041999,0.041344,0.04133,0.073703,0.0,0.006041
2021-11-22,0.042083,0.0,0.059517,0.043372,0.0,0.0,0.0,0.073986,0.0,0.0,0.0,0.0,0.073069,0.0,0.018194,0.060604,0.0,0.0,0.0,0.0,0.073088,0.0,0.0,0.0,0.024302,0.0,0.022476,0.022809,0.01349,0.073874,0.077085,0.0,0.0,0.077696,0.0,0.0,0.041127,0.041749,0.041273,0.041056,0.073097,0.0,0.006054
2021-11-23,0.041509,0.0,0.059475,0.042571,0.0,0.0,0.0,0.07479,0.0,0.0,0.0,0.0,0.074075,0.0,0.018718,0.062927,0.0,0.0,0.0,0.0,0.073029,0.0,0.0,0.0,0.024201,0.0,0.022086,0.022475,0.0133,0.074332,0.075621,0.0,0.0,0.078129,0.0,0.0,0.040881,0.04151,0.041139,0.040688,0.072502,0.0,0.006043
2021-11-24,0.041508,0.0,0.058653,0.042804,0.0,0.0,0.0,0.073728,0.0,0.0,0.0,0.0,0.073789,0.0,0.01887,0.063649,0.0,0.0,0.0,0.0,0.072883,0.0,0.0,0.0,0.024337,0.0,0.022151,0.022734,0.01335,0.075111,0.0757,0.0,0.0,0.07781,0.0,0.0,0.04094,0.041571,0.041063,0.040817,0.072499,0.0,0.006033
2021-11-25,0.041673,0.0,0.058634,0.042943,0.0,0.0,0.0,0.073704,0.0,0.0,0.0,0.0,0.073765,0.0,0.018864,0.063628,0.0,0.0,0.0,0.0,0.072858,0.0,0.0,0.0,0.024329,0.0,0.022144,0.022726,0.013345,0.075086,0.075674,0.0,0.0,0.077784,0.0,0.0,0.040927,0.041558,0.041049,0.040804,0.072475,0.0,0.00603
2021-11-26,0.041487,0.0,0.058297,0.041885,0.0,0.0,0.0,0.073027,0.0,0.0,0.0,0.0,0.072836,0.0,0.01849,0.060717,0.0,0.0,0.0,0.0,0.074133,0.0,0.0,0.0,0.024226,0.0,0.022398,0.022861,0.013303,0.074551,0.075513,0.0,0.0,0.078302,0.0,0.0,0.042337,0.042652,0.041621,0.042011,0.073193,0.0,0.006159
2021-11-29,0.04156,0.0,0.058107,0.042015,0.0,0.0,0.0,0.072906,0.0,0.0,0.0,0.0,0.072617,0.0,0.018484,0.061099,0.0,0.0,0.0,0.0,0.073884,0.0,0.0,0.0,0.024681,0.0,0.022706,0.023021,0.013423,0.074647,0.076733,0.0,0.0,0.07693,0.0,0.0,0.041985,0.042295,0.041624,0.041784,0.073376,0.0,0.006122
2021-11-30,0.077746,0.031684,0.0,0.035611,0.0,0.0,0.0,0.100631,0.0,0.0,0.100668,0.0,0.077085,0.030372,0.055458,0.057809,0.0,0.0,0.0,0.0,0.083321,0.0,0.0,0.0,0.028718,0.018798,0.028664,0.028745,0.0,0.100697,0.100262,0.0,0.0,0.031282,0.0,0.0,0.0,0.0,0.0,0.0,0.0,0.0,0.01245
2021-12-01,0.079813,0.031841,0.0,0.036467,0.0,0.0,0.0,0.101869,0.0,0.0,0.09992,0.0,0.077056,0.030323,0.055463,0.056118,0.0,0.0,0.0,0.0,0.084072,0.0,0.0,0.0,0.028631,0.018849,0.027741,0.028024,0.0,0.100108,0.099548,0.0,0.0,0.031572,0.0,0.0,0.0,0.0,0.0,0.0,0.0,0.0,0.012586
2021-12-02,0.07719,0.03175,0.0,0.035272,0.0,0.0,0.0,0.102468,0.0,0.0,0.099903,0.0,0.078227,0.030918,0.056264,0.057113,0.0,0.0,0.0,0.0,0.083281,0.0,0.0,0.0,0.028483,0.018608,0.027816,0.028328,0.0,0.101647,0.09867,0.0,0.0,0.031654,0.0,0.0,0.0,0.0,0.0,0.0,0.0,0.0,0.012407
2021-12-03,0.077915,0.031924,0.0,0.035658,0.0,0.0,0.0,0.102044,0.0,0.0,0.099251,0.0,0.077967,0.030549,0.056554,0.057008,0.0,0.0,0.0,0.0,0.084534,0.0,0.0,0.0,0.028376,0.018806,0.027233,0.027962,0.0,0.102643,0.096803,0.0,0.0,0.032202,0.0,0.0,0.0,0.0,0.0,0.0,0.0,0.0,0.01257
2021-12-06,0.078029,0.032034,0.0,0.035763,0.0,0.0,0.0,0.099968,0.0,0.0,0.099574,0.0,0.078516,0.031067,0.056931,0.058284,0.0,0.0,0.0,0.0,0.084327,0.0,0.0,0.0,0.028414,0.01863,0.027047,0.027581,0.0,0.103599,0.095729,0.0,0.0,0.032039,0.0,0.0,0.0,0.0,0.0,0.0,0.0,0.0,0.012467
2021-12-07,0.07827,0.032043,0.0,0.036176,0.0,0.0,0.0,0.099779,0.0,0.0,0.099901,0.0,0.078355,0.030575,0.057123,0.059439,0.0,0.0,0.0,0.0,0.083742,0.0,0.0,0.0,0.028831,0.019187,0.027529,0.027977,0.0,0.103035,0.094438,0.0,0.0,0.03138,0.0,0.0,0.0,0.0,0.0,0.0,0.0,0.0,0.012222
2021-12-08,0.077845,0.031981,0.0,0.035682,0.0,0.0,0.0,0.100199,0.0,0.0,0.09962,0.0,0.077522,0.030358,0.05681,0.059233,0.0,0.0,0.0,0.0,0.083924,0.0,0.0,0.0,0.028809,0.018961,0.027646,0.02798,0.0,0.103224,0.096821,0.0,0.0,0.031229,0.0,0.0,0.0,0.0,0.0,0.0,0.0,0.0,0.012158
2021-12-09,0.078599,0.032027,0.0,0.035925,0.0,0.0,0.0,0.101035,0.0,0.0,0.098955,0.0,0.078202,0.030424,0.056984,0.058802,0.0,0.0,0.0,0.0,0.08503,0.0,0.0,0.0,0.028807,0.018726,0.027312,0.027747,0.0,0.102834,0.094911,0.0,0.0,0.031392,0.0,0.0,0.0,0.0,0.0,0.0,0.0,0.0,0.012289
2021-12-10,0.077949,0.03194,0.0,0.035328,0.0,0.0,0.0,0.100914,0.0,0.0,0.099136,0.0,0.077882,0.030335,0.057112,0.059208,0.0,0.0,0.0,0.0,0.084892,0.0,0.0,0.0,0.029235,0.018806,0.027551,0.027774,0.0,0.102624,0.095793,0.0,0.0,0.031295,0.0,0.0,0.0,0.0,0.0,0.0,0.0,0.0,0.012226
2021-12-13,0.07869,0.032009,0.0,0.035475,0.0,0.0,0.0,0.100283,0.0,0.0,0.097825,0.0,0.078035,0.029999,0.05624,0.05727,0.0,0.0,0.0,0.0,0.086795,0.0,0.0,0.0,0.02917,0.01854,0.027842,0.028274,0.0,0.10492,0.094471,0.0,0.0,0.031778,0.0,0.0,0.0,0.0,0.0,0.0,0.0,0.0,0.012382
2021-12-14,0.078429,0.032046,0.0,0.035692,0.0,0.0,0.0,0.101037,0.0,0.0,0.097988,0.0,0.07909,0.030457,0.056429,0.056678,0.0,0.0,0.0,0.0,0.087094,0.0,0.0,0.0,0.028907,0.01859,0.027127,0.027831,0.0,0.104357,0.093756,0.0,0.0,0.032017,0.0,0.0,0.0,0.0,0.0,0.0,0.0,0.0,0.012475
2021-12-15,0.077759,0.032218,0.0,0.035026,0.0,0.0,0.0,0.099975,0.0,0.0,0.098452,0.0,0.078691,0.030381,0.055713,0.056457,0.0,0.0,0.0,0.0,0.088179,0.0,0.0,0.0,0.02944,0.019121,0.027592,0.028429,0.0,0.104991,0.093577,0.0,0.0,0.031621,0.0,0.0,0.0,0.0,0.0,0.0,0.0,0.0,0.012377
2021-12-16,0.079466,0.032343,0.0,0.035752,0.0,0.0,0.0,0.100109,0.0,0.0,0.096537,0.0,0.079894,0.030565,0.056217,0.05607,0.0,0.0,0.0,0.0,0.088941,0.0,0.0,0.0,0.028682,0.018336,0.026796,0.028157,0.0,0.105235,0.092688,0.0,0.0,0.031802,0.0,0.0,0.0,0.0,0.0,0.0,0.0,0.0,0.01241
2021-12-17,0.07933,0.032167,0.0,0.035893,0.0,0.0,0.0,0.099635,0.0,0.0,0.09677,0.0,0.078859,0.030131,0.055584,0.055916,0.0,0.0,0.0,0.0,0.089141,0.0,0.0,0.0,0.028755,0.018463,0.027164,0.02872,0.0,0.10608,0.093029,0.0,0.0,0.031838,0.0,0.0,0.0,0.0,0.0,0.0,0.0,0.0,0.012525
2021-12-20,0.079025,0.032757,0.0,0.035457,0.0,0.0,0.0,0.100552,0.0,0.0,0.096855,0.0,0.078665,0.030081,0.055845,0.055557,0.0,0.0,0.0,0.0,0.090134,0.0,0.0,0.0,0.028905,0.018635,0.027196,0.028916,0.0,0.107076,0.089594,0.0,0.0,0.032008,0.0,0.0,0.0,0.0,0.0,0.0,0.0,0.0,0.012743
2021-12-21,0.07866,0.03255,0.0,0.035813,0.0,0.0,0.0,0.09976,0.0,0.0,0.097487,0.0,0.078777,0.030428,0.056351,0.057078,0.0,0.0,0.0,0.0,0.0888,0.0,0.0,0.0,0.029076,0.018943,0.027418,0.029116,0.0,0.106237,0.089082,0.0,0.0,0.031923,0.0,0.0,0.0,0.0,0.0,0.0,0.0,0.0,0.012501
2021-12-22,0.079015,0.032585,0.0,0.035737,0.0,0.0,0.0,0.100079,0.0,0.0,0.098159,0.0,0.078264,0.030338,0.05608,0.056768,0.0,0.0,0.0,0.0,0.088835,0.0,0.0,0.0,0.029128,0.018926,0.02727,0.028852,0.0,0.10613,0.089535,0.0,0.0,0.031936,0.0,0.0,0.0,0.0,0.0,0.0,0.0,0.0,0.012362
2021-12-23,0.079254,0.032615,0.0,0.036035,0.0,0.0,0.0,0.100245,0.0,0.0,0.098933,0.0,0.078205,0.030418,0.05578,0.056221,0.0,0.0,0.0,0.0,0.088673,0.0,0.0,0.0,0.029118,0.018996,0.02729,0.028902,0.0,0.105392,0.089837,0.0,0.0,0.031795,0.0,0.0,0.0,0.0,0.0,0.0,0.0,0.0,0.012289
2021-12-24,0.079353,0.032611,0.0,0.036032,0.0,0.0,0.0,0.100234,0.0,0.0,0.098922,0.0,0.078197,0.030414,0.055774,0.056215,0.0,0.0,0.0,0.0,0.088664,0.0,0.0,0.0,0.029115,0.018994,0.027287,0.028899,0.0,0.105381,0.089827,0.0,0.0,0.031792,0.0,0.0,0.0,0.0,0.0,0.0,0.0,0.0,0.012288
2021-12-27,0.078536,0.032629,0.0,0.035699,0.0,0.0,0.0,0.099774,0.0,0.0,0.098858,0.0,0.078189,0.030485,0.056406,0.057887,0.0,0.0,0.0,0.0,0.088677,0.0,0.0,0.0,0.029433,0.019314,0.027351,0.028988,0.0,0.106067,0.088049,0.0,0.0,0.031496,0.0,0.0,0.0,0.0,0.0,0.0,0.0,0.0,0.012161
2021-12-28,0.078518,0.032635,0.0,0.035976,0.0,0.0,0.0,0.100036,0.0,0.0,0.098878,0.0,0.078211,0.030489,0.056353,0.057372,0.0,0.0,0.0,0.0,0.088423,0.0,0.0,0.0,0.029273,0.019096,0.027059,0.028971,0.0,0.106433,0.088913,0.0,0.0,0.031205,0.0,0.0,0.0,0.0,0.0,0.0,0.0,0.0,0.012158
2021-12-29,0.07904,0.032612,0.0,0.035722,0.0,0.0,0.0,0.100439,0.0,0.0,0.098844,0.0,0.077929,0.030452,0.05586,0.057005,0.0,0.0,0.0,0.0,0.088719,0.0,0.0,0.0,0.02923,0.019081,0.026958,0.028903,0.0,0.106898,0.088747,0.0,0.0,0.031431,0.0,0.0,0.0,0.0,0.0,0.0,0.0,0.0,0.012129
2021-12-30,0.07934,0.032519,0.0,0.035806,0.0,0.0,0.0,0.100617,0.0,0.0,0.098599,0.0,0.077876,0.030341,0.055581,0.055998,0.0,0.0,0.0,0.0,0.089001,0.0,0.0,0.0,0.029069,0.018886,0.027053,0.028957,0.0,0.107482,0.089487,0.0,0.0,0.031245,0.0,0.0,0.0,0.0,0.0,0.0,0.0,0.0,0.012142
2021-12-31,0.057966,0.0,0.0,0.0,0.0,0.0,0.0,0.043269,0.043321,0.0,0.077257,0.0,0.050709,0.035949,0.077142,0.0,0.0,0.0,0.0,0.077104,0.077264,0.0,0.0,0.0,0.02842,0.028303,0.0,0.028773,0.0,0.042407,0.077059,0.0,0.0,0.077236,0.0,0.028368,0.028631,0.028545,0.043344,0.042936,0.0,0.0,0.005998
2022-01-03,0.057756,0.0,0.0,0.0,0.0,0.0,0.0,0.043808,0.043527,0.0,0.079187,0.0,0.051146,0.036528,0.079244,0.0,0.0,0.0,0.0,0.074758,0.076192,0.0,0.0,0.0,0.028586,0.028761,0.0,0.028277,0.0,0.041922,0.078134,0.0,0.0,0.076644,0.0,0.027523,0.028261,0.028279,0.043167,0.042325,0.0,0.0,0.005975
2022-01-04,0.057792,0.0,0.0,0.0,0.0,0.0,0.0,0.043813,0.043742,0.0,0.078395,0.0,0.052285,0.037365,0.081663,0.0,0.0,0.0,0.0,0.075322,0.07489,0.0,0.0,0.0,0.028172,0.02856,0.0,0.02749,0.0,0.041706,0.077428,0.0,0.0,0.076847,0.0,0.027301,0.028135,0.02806,0.042888,0.042194,0.0,0.0,0.005952
2022-01-05,0.058657,0.0,0.0,0.0,0.0,0.0,0.0,0.044402,0.043876,0.0,0.077438,0.0,0.052464,0.037647,0.082889,0.0,0.0,0.0,0.0,0.074639,0.075486,0.0,0.0,0.0,0.02772,0.028008,0.0,0.027078,0.0,0.041128,0.074898,0.0,0.0,0.07758,0.0,0.027565,0.028442,0.028255,0.043203,0.042583,0.0,0.0,0.006042
2022-01-06,0.057597,0.0,0.0,0.0,0.0,0.0,0.0,0.044428,0.043852,0.0,0.077182,0.0,0.053198,0.038901,0.084678,0.0,0.0,0.0,0.0,0.07379,0.07456,0.0,0.0,0.0,0.027561,0.028206,0.0,0.027174,0.0,0.041136,0.074497,0.0,0.0,0.077447,0.0,0.027617,0.028352,0.028113,0.043177,0.042498,0.0,0.0,0.006038
2022-01-07,0.057657,0.0,0.0,0.0,0.0,0.0,0.0,0.044999,0.043511,0.0,0.076252,0.0,0.054078,0.03951,0.086242,0.0,0.0,0.0,0.0,0.070778,0.074527,0.0,0.0,0.0,0.027435,0.027517,0.0,0.027169,0.0,0.041055,0.07479,0.0,0.0,0.078482,0.0,0.027547,0.028392,0.028211,0.043269,0.042514,0.0,0.0,0.006066
2022-01-10,0.056965,0.0,0.0,0.0,0.0,0.0,0.0,0.045287,0.043703,0.0,0.075947,0.0,0.054009,0.039594,0.086158,0.0,0.0,0.0,0.0,0.071193,0.075454,0.0,0.0,0.0,0.027499,0.027585,0.0,0.027454,0.0,0.040905,0.073766,0.0,0.0,0.078016,0.0,0.027674,0.028445,0.028307,0.043397,0.042565,0.0,0.0,0.006078
2022-01-11,0.057089,0.0,0.0,0.0,0.0,0.0,0.0,0.045483,0.04365,0.0,0.075684,0.0,0.053776,0.039311,0.087933,0.0,0.0,0.0,0.0,0.071731,0.075067,0.0,0.0,0.0,0.027467,0.02774,0.0,0.027539,0.0,0.040437,0.074672,0.0,0.0,0.077473,0.0,0.027497,0.028143,0.028134,0.043033,0.042139,0.0,0.0,0.005999
2022-01-12,0.05741,0.0,0.0,0.0,0.0,0.0,0.0,0.045585,0.043681,0.0,0.075819,0.0,0.053558,0.039228,0.087679,0.0,0.0,0.0,0.0,0.071453,0.074496,0.0,0.0,0.0,0.027465,0.02781,0.0,0.027207,0.0,0.040291,0.077305,0.0,0.0,0.077142,0.0,0.027261,0.028013,0.027819,0.042897,0.041909,0.0,0.0,0.005971
2022-01-13,0.057839,0.0,0.0,0.0,0.0,0.0,0.0,0.045711,0.044152,0.0,0.074808,0.0,0.05372,0.039664,0.087839,0.0,0.0,0.0,0.0,0.072673,0.073844,0.0,0.0,0.0,0.026938,0.027348,0.0,0.026499,0.0,0.040489,0.075844,0.0,0.0,0.077243,0.0,0.027693,0.028297,0.028018,0.043038,0.042331,0.0,0.0,0.006012
2022-01-14,0.05686,0.0,0.0,0.0,0.0,0.0,0.0,0.045474,0.043984,0.0,0.074506,0.0,0.053193,0.039933,0.089956,0.0,0.0,0.0,0.0,0.071542,0.073763,0.0,0.0,0.0,0.027183,0.02802,0.0,0.026635,0.0,0.040147,0.076229,0.0,0.0,0.078232,0.0,0.027291,0.028119,0.027909,0.043025,0.041984,0.0,0.0,0.006015
2022-01-17,0.057203,0.0,0.0,0.0,0.0,0.0,0.0,0.045457,0.043968,0.0,0.074478,0.0,0.053173,0.039919,0.089924,0.0,0.0,0.0,0.0,0.071516,0.073736,0.0,0.0,0.0,0.027173,0.02801,0.0,0.026626,0.0,0.040132,0.076201,0.0,0.0,0.078204,0.0,0.027281,0.028109,0.027899,0.043009,0.041968,0.0,0.0,0.006013
2022-01-18,0.05701,0.0,0.0,0.0,0.0,0.0,0.0,0.045528,0.044085,0.0,0.074076,0.0,0.052705,0.039672,0.091531,0.0,0.0,0.0,0.0,0.069591,0.073705,0.0,0.0,0.0,0.026886,0.027127,0.0,0.026516,0.0,0.040258,0.076622,0.0,0.0,0.079362,0.0,0.027268,0.028282,0.028149,0.04339,0.042142,0.0,0.0,0.006096
2022-01-19,0.057369,0.0,0.0,0.0,0.0,0.0,0.0,0.045592,0.044416,0.0,0.073384,0.0,0.05228,0.038909,0.091673,0.0,0.0,0.0,0.0,0.068415,0.074055,0.0,0.0,0.0,0.026746,0.026563,0.0,0.026723,0.0,0.040068,0.07527,0.0,0.0,0.08143,0.0,0.0277,0.028601,0.02834,0.043733,0.042582,0.0,0.0,0.00615
2022-01-20,0.05822,0.0,0.0,0.0,0.0,0.0,0.0,0.045544,0.044398,0.0,0.072619,0.0,0.052359,0.038312,0.091552,0.0,0.0,0.0,0.0,0.067343,0.074155,0.0,0.0,0.0,0.02661,0.025934,0.0,0.026868,0.0,0.039868,0.075631,0.0,0.0,0.081914,0.0,0.028092,0.02889,0.028599,0.043998,0.042897,0.0,0.0,0.006198
2022-01-21,0.057632,0.0,0.0,0.0,0.0,0.0,0.0,0.045409,0.04403,0.0,0.071397,0.0,0.051945,0.038032,0.090897,0.0,0.0,0.0,0.0,0.067431,0.074352,0.0,0.0,0.0,0.026417,0.02583,0.0,0.026552,0.0,0.040282,0.075324,0.0,0.0,0.082518,0.0,0.028793,0.029431,0.029147,0.04457,0.043734,0.0,0.0,0.006278
2022-01-24,0.055061,0.0,0.0,0.0,0.0,0.0,0.0,0.044033,0.044196,0.0,0.072172,0.0,0.052034,0.038387,0.091402,0.0,0.0,0.0,0.0,0.06991,0.074018,0.0,0.0,0.0,0.026523,0.026095,0.0,0.026965,0.0,0.040311,0.075227,0.0,0.0,0.082299,0.0,0.028523,0.029371,0.02918,0.044471,0.043547,0.0,0.0,0.006271
2022-01-25,0.055662,0.0,0.0,0.0,0.0,0.0,0.0,0.044605,0.04389,0.0,0.071137,0.0,0.052389,0.038572,0.0952,0.0,0.0,0.0,0.0,0.068749,0.073736,0.0,0.0,0.0,0.025977,0.025187,0.0,0.026036,0.0,0.040257,0.074306,0.0,0.0,0.082844,0.0,0.028552,0.029409,0.029206,0.044458,0.04354,0.0,0.0,0.006287
2022-01-26,0.057089,0.0,0.0,0.0,0.0,0.0,0.0,0.04427,0.043767,0.0,0.071113,0.0,0.052763,0.038489,0.09547,0.0,0.0,0.0,0.0,0.066866,0.073683,0.0,0.0,0.0,0.026248,0.02569,0.0,0.025838,0.0,0.039807,0.074728,0.0,0.0,0.083096,0.0,0.028334,0.029333,0.029152,0.044507,0.04344,0.0,0.0,0.006316
2022-01-27,0.057253,0.0,0.0,0.0,0.0,0.0,0.0,0.04444,0.043239,0.0,0.070066,0.0,0.052795,0.038045,0.09745,0.0,0.0,0.0,0.0,0.066519,0.074594,0.0,0.0,0.0,0.026321,0.024786,0.0,0.025858,0.0,0.03953,0.072632,0.0,0.0,0.08295,0.0,0.029136,0.029743,0.029557,0.044745,0.043964,0.0,0.0,0.006377
2022-01-28,0.056145,0.0,0.0,0.0,0.0,0.0,0.0,0.044521,0.042976,0.0,0.070875,0.0,0.052948,0.037871,0.096062,0.0,0.0,0.0,0.0,0.067427,0.075352,0.0,0.0,0.0,0.027197,0.025008,0.0,0.026196,0.0,0.0404,0.071884,0.0,0.0,0.083105,0.0,0.028854,0.029513,0.029362,0.044421,0.04357,0.0,0.0,0.006313
2022-01-31,0.038196,0.0,0.0,0.0,0.0,0.0,0.0,0.040702,0.040852,0.0,0.041179,0.0,0.048718,0.032769,0.031759,0.0,0.0,0.037699,0.072648,0.045644,0.071954,0.0,0.072216,0.072622,0.031802,0.031311,0.0,0.017763,0.0,0.072263,0.049663,0.0,0.0,0.072664,0.0,0.0,0.0,0.072378,0.0,0.0,0.0,0.0,0.0052
2022-02-01,0.038427,0.0,0.0,0.0,0.0,0.0,0.0,0.04046,0.040747,0.0,0.041164,0.0,0.049076,0.033057,0.032681,0.0,0.0,0.038846,0.073295,0.045494,0.071686,0.0,0.071689,0.0712,0.031681,0.03137,0.0,0.017649,0.0,0.071545,0.050116,0.0,0.0,0.073201,0.0,0.0,0.0,0.071448,0.0,0.0,0.0,0.0,0.005167
2022-02-02,0.038474,0.0,0.0,0.0,0.0,0.0,0.0,0.040448,0.040653,0.0,0.040668,0.0,0.049108,0.032772,0.032586,0.0,0.0,0.038772,0.073076,0.045815,0.072205,0.0,0.072104,0.071809,0.031743,0.031965,0.0,0.017482,0.0,0.072013,0.049508,0.0,0.0,0.072575,0.0,0.0,0.0,0.071089,0.0,0.0,0.0,0.0,0.005135
2022-02-03,0.038695,0.0,0.0,0.0,0.0,0.0,0.0,0.040389,0.040652,0.0,0.03991,0.0,0.049166,0.032968,0.032675,0.0,0.0,0.038404,0.072688,0.045334,0.072784,0.0,0.073014,0.072371,0.031203,0.030951,0.0,0.017349,0.0,0.072127,0.049028,0.0,0.0,0.073579,0.0,0.0,0.0,0.071514,0.0,0.0,0.0,0.0,0.005198
2022-02-04,0.038435,0.0,0.0,0.0,0.0,0.0,0.0,0.040322,0.040649,0.0,0.041113,0.0,0.050083,0.033612,0.03324,0.0,0.0,0.038126,0.071601,0.043803,0.07264,0.0,0.072239,0.071912,0.03138,0.03118,0.0,0.017694,0.0,0.07153,0.049814,0.0,0.0,0.074204,0.0,0.0,0.0,0.071217,0.0,0.0,0.0,0.0,0.005206
2022-02-07,0.038628,0.0,0.0,0.0,0.0,0.0,0.0,0.039909,0.040813,0.0,0.041015,0.0,0.050217,0.033799,0.033654,0.0,0.0,0.038168,0.071226,0.04399,0.072491,0.0,0.072349,0.071785,0.031162,0.031152,0.0,0.01767,0.0,0.071406,0.04969,0.0,0.0,0.074505,0.0,0.0,0.0,0.071166,0.0,0.0,0.0,0.0,0.005206
2022-02-08,0.03847,0.0,0.0,0.0,0.0,0.0,0.0,0.039808,0.040978,0.0,0.041339,0.0,0.050607,0.034452,0.03273,0.0,0.0,0.038506,0.071888,0.04452,0.072639,0.0,0.072183,0.0714,0.031355,0.031746,0.0,0.017758,0.0,0.07064,0.048579,0.0,0.0,0.074589,0.0,0.0,0.0,0.070642,0.0,0.0,0.0,0.0,0.005172
2022-02-09,0.038594,0.0,0.0,0.0,0.0,0.0,0.0,0.039818,0.040972,0.0,0.041356,0.0,0.050284,0.033788,0.032586,0.0,0.0,0.038721,0.072524,0.044883,0.072274,0.0,0.071288,0.070805,0.031644,0.032372,0.0,0.017986,0.0,0.071322,0.048912,0.0,0.0,0.074882,0.0,0.0,0.0,0.069883,0.0,0.0,0.0,0.0,0.005107
2022-02-10,0.039078,0.0,0.0,0.0,0.0,0.0,0.0,0.039857,0.041388,0.0,0.041243,0.0,0.050579,0.034221,0.03286,0.0,0.0,0.038573,0.073165,0.043799,0.072192,0.0,0.071562,0.070031,0.031272,0.031826,0.0,0.018129,0.0,0.070666,0.048583,0.0,0.0,0.075448,0.0,0.0,0.0,0.070347,0.0,0.0,0.0,0.0,0.005182
2022-02-11,0.038967,0.0,0.0,0.0,0.0,0.0,0.0,0.039504,0.041411,0.0,0.040503,0.0,0.050425,0.034385,0.034192,0.0,0.0,0.037964,0.072835,0.043732,0.071984,0.0,0.0721,0.070852,0.030654,0.030542,0.0,0.017795,0.0,0.0708,0.047806,0.0,0.0,0.076542,0.0,0.0,0.0,0.071766,0.0,0.0,0.0,0.0,0.00524
2022-02-14,0.038558,0.0,0.0,0.0,0.0,0.0,0.0,0.039079,0.04127,0.0,0.041011,0.0,0.050198,0.034317,0.033612,0.0,0.0,0.03835,0.072727,0.043892,0.071733,0.0,0.072387,0.070727,0.030852,0.030779,0.0,0.017916,0.0,0.070633,0.047854,0.0,0.0,0.076769,0.0,0.0,0.0,0.072061,0.0,0.0,0.0,0.0,0.005276
2022-02-15,0.038519,0.0,0.0,0.0,0.0,0.0,0.0,0.039901,0.041418,0.0,0.041361,0.0,0.050193,0.034693,0.03281,0.0,0.0,0.038812,0.073061,0.044061,0.071558,0.0,0.071532,0.069444,0.031235,0.032038,0.0,0.018165,0.0,0.070303,0.049455,0.0,0.0,0.075443,0.0,0.0,0.0,0.070794,0.0,0.0,0.0,0.0,0.005204
2022-02-16,0.038276,0.0,0.0,0.0,0.0,0.0,0.0,0.039804,0.041629,0.0,0.041369,0.0,0.050097,0.03469,0.032988,0.0,0.0,0.038858,0.0734,0.044209,0.071478,0.0,0.071475,0.069418,0.031121,0.031964,0.0,0.017887,0.0,0.070443,0.049502,0.0,0.0,0.075458,0.0,0.0,0.0,0.070744,0.0,0.0,0.0,0.0,0.005189
2022-02-17,0.038603,0.0,0.0,0.0,0.0,0.0,0.0,0.04002,0.04156,0.0,0.04078,0.0,0.04948,0.034035,0.033359,0.0,0.0,0.038665,0.073074,0.043595,0.071233,0.0,0.072952,0.070353,0.030578,0.031159,0.0,0.017602,0.0,0.070593,0.048605,0.0,0.0,0.076684,0.0,0.0,0.0,0.071816,0.0,0.0,0.0,0.0,0.005257
2022-02-18,0.038181,0.0,0.0,0.0,0.0,0.0,0.0,0.040167,0.041827,0.0,0.040676,0.0,0.049649,0.034159,0.033276,0.0,0.0,0.03859,0.073219,0.04384,0.07096,0.0,0.073354,0.070483,0.030379,0.030924,0.0,0.017398,0.0,0.070423,0.048049,0.0,0.0,0.076855,0.0,0.0,0.0,0.072318,0.0,0.0,0.0,0.0,0.005276
2022-02-21,0.037773,0.0,0.0,0.0,0.0,0.0,0.0,0.040184,0.041844,0.0,0.040693,0.0,0.04967,0.034174,0.03329,0.0,0.0,0.038607,0.07325,0.043858,0.07099,0.0,0.073385,0.070513,0.030392,0.030937,0.0,0.017406,0.0,0.070453,0.048069,0.0,0.0,0.076888,0.0,0.0,0.0,0.072348,0.0,0.0,0.0,0.0,0.005278
2022-02-22,0.038145,0.0,0.0,0.0,0.0,0.0,0.0,0.040244,0.041654,0.0,0.039789,0.0,0.049769,0.034156,0.032985,0.0,0.0,0.038232,0.072726,0.042525,0.071317,0.0,0.073335,0.070941,0.030325,0.030968,0.0,0.017442,0.0,0.070698,0.047621,0.0,0.0,0.078724,0.0,0.0,0.0,0.073088,0.0,0.0,0.0,0.0,0.005315
2022-02-23,0.038227,0.0,0.0,0.0,0.0,0.0,0.0,0.040267,0.041907,0.0,0.038903,0.0,0.049466,0.033983,0.03371,0.0,0.0,0.037914,0.072622,0.041605,0.071777,0.0,0.073582,0.070545,0.029908,0.030579,0.0,0.017286,0.0,0.070332,0.048354,0.0,0.0,0.07967,0.0,0.0,0.0,0.073985,0.0,0.0,0.0,0.0,0.005377
2022-02-24,0.037126,0.0,0.0,0.0,0.0,0.0,0.0,0.03908,0.041097,0.0,0.039695,0.0,0.048755,0.033342,0.033365,0.0,0.0,0.038325,0.072233,0.042925,0.071892,0.0,0.072139,0.070937,0.030855,0.031621,0.0,0.018445,0.0,0.071341,0.048289,0.0,0.0,0.079069,0.0,0.0,0.0,0.074108,0.0,0.0,0.0,0.0,0.00536
2022-02-25,0.037803,0.0,0.0,0.0,0.0,0.0,0.0,0.039509,0.040725,0.0,0.039608,0.0,0.049239,0.034017,0.033506,0.0,0.0,0.038305,0.073254,0.043493,0.072494,0.0,0.072856,0.071555,0.030599,0.031454,0.0,0.018298,0.0,0.071484,0.048926,0.0,0.0,0.075182,0.0,0.0,0.0,0.072445,0.0,0.0,0.0,0.0,0.005248
2022-02-28,0.0,0.0,0.0,0.0,0.0,0.0,0.0,0.037948,0.044698,0.0,0.028991,0.0,0.045702,0.037211,0.04525,0.037118,0.0,0.0,0.0,0.0,0.073616,0.0,0.073735,0.073781,0.055788,0.0,0.0,0.026488,0.0,0.047123,0.0,0.055405,0.0,0.073663,0.0,0.0,0.041013,0.041094,0.043709,0.038618,0.073582,0.0,0.005466
2022-03-01,0.0,0.0,0.0,0.0,0.0,0.0,0.0,0.03712,0.044681,0.0,0.028676,0.0,0.044209,0.035498,0.045903,0.038029,0.0,0.0,0.0,0.0,0.073526,0.0,0.073621,0.073458,0.05491,0.0,0.0,0.026741,0.0,0.047079,0.0,0.056656,0.0,0.075786,0.0,0.0,0.041592,0.041568,0.043777,0.038919,0.072763,0.0,0.00549
2022-03-02,0.0,0.0,0.0,0.0,0.0,0.0,0.0,0.03737,0.044833,0.0,0.029012,0.0,0.044941,0.036647,0.046527,0.038395,0.0,0.0,0.0,0.0,0.073958,0.0,0.073727,0.073677,0.05559,0.0,0.0,0.026808,0.0,0.047525,0.0,0.055558,0.0,0.075063,0.0,0.0,0.040595,0.040923,0.043484,0.037979,0.071947,0.0,0.00544
2022-03-03,0.0,0.0,0.0,0.0,0.0,0.0,0.0,0.036649,0.044253,0.0,0.028332,0.0,0.044762,0.036368,0.046616,0.037971,0.0,0.0,0.0,0.0,0.074274,0.0,0.074263,0.074912,0.054882,0.0,0.0,0.026329,0.0,0.047874,0.0,0.055842,0.0,0.076681,0.0,0.0,0.040736,0.040841,0.043317,0.038086,0.071576,0.0,0.005435
2022-03-04,0.0,0.0,0.0,0.0,0.0,0.0,0.0,0.035824,0.043474,0.0,0.027904,0.0,0.04396,0.035063,0.047999,0.039499,0.0,0.0,0.0,0.0,0.074706,0.0,0.074332,0.076626,0.053964,0.0,0.0,0.026129,0.0,0.048132,0.0,0.056777,0.0,0.076497,0.0,0.0,0.041173,0.041186,0.04307,0.038154,0.070092,0.0,0.005438
2022-03-07,0.0,0.0,0.0,0.0,0.0,0.0,0.0,0.035076,0.041776,0.0,0.026836,0.0,0.042832,0.033964,0.049257,0.040175,0.0,0.0,0.0,0.0,0.074231,0.0,0.073802,0.078495,0.052575,0.0,0.0,0.025802,0.0,0.047712,0.0,0.05827,0.0,0.07874,0.0,0.0,0.041461,0.041875,0.043176,0.038116,0.070328,0.0,0.005502
2022-03-08,0.0,0.0,0.0,0.0,0.0,0.0,0.0,0.03579,0.04211,0.0,0.026943,0.0,0.042663,0.034215,0.050127,0.040642,0.0,0.0,0.0,0.0,0.072854,0.0,0.071949,0.077431,0.05242,0.0,0.0,0.025431,0.0,0.047572,0.0,0.05998,0.0,0.078786,0.0,0.0,0.041271,0.042158,0.043106,0.037961,0.071079,0.0,0.00551
2022-03-09,0.0,0.0,0.0,0.0,0.0,0.0,0.0,0.037024,0.042899,0.0,0.027628,0.0,0.04394,0.035176,0.048277,0.040017,0.0,0.0,0.0,0.0,0.073745,0.0,0.071961,0.076379,0.054137,0.0,0.0,0.025995,0.0,0.047988,0.0,0.057816,0.0,0.077071,0.0,0.0,0.040748,0.041467,0.04318,0.037778,0.071299,0.0,0.005476
2022-03-10,0.0,0.0,0.0,0.0,0.0,0.0,0.0,0.036925,0.043003,0.0,0.027828,0.0,0.043578,0.035056,0.049761,0.040821,0.0,0.0,0.0,0.0,0.073727,0.0,0.071291,0.076902,0.053198,0.0,0.0,0.026014,0.0,0.048115,0.0,0.058005,0.0,0.076764,0.0,0.0,0.040566,0.041382,0.042824,0.037351,0.071414,0.0,0.005476
2022-03-11,0.0,0.0,0.0,0.0,0.0,0.0,0.0,0.036844,0.042625,0.0,0.027492,0.0,0.043584,0.035271,0.049723,0.040474,0.0,0.0,0.0,0.0,0.07371,0.0,0.070976,0.077199,0.052643,0.0,0.0,0.025634,0.0,0.04808,0.0,0.058017,0.0,0.077573,0.0,0.0,0.040851,0.041978,0.042824,0.037608,0.071379,0.0,0.005514
2022-03-14,0.0,0.0,0.0,0.0,0.0,0.0,0.0,0.037714,0.042714,0.0,0.027225,0.0,0.044448,0.035688,0.048577,0.039035,0.0,0.0,0.0,0.0,0.074757,0.0,0.07186,0.077659,0.052034,0.0,0.0,0.025059,0.0,0.048043,0.0,0.057548,0.0,0.07798,0.0,0.0,0.04062,0.041809,0.042616,0.037326,0.071734,0.0,0.005555
2022-03-15,0.0,0.0,0.0,0.0,0.0,0.0,0.0,0.037963,0.042413,0.0,0.027976,0.0,0.044818,0.035591,0.04653,0.038138,0.0,0.0,0.0,0.0,0.075812,0.0,0.073051,0.078203,0.053475,0.0,0.0,0.025545,0.0,0.048089,0.0,0.056149,0.0,0.07725,0.0,0.0,0.040369,0.041259,0.042691,0.037404,0.071753,0.0,0.005521
2022-03-16,0.0,0.0,0.0,0.0,0.0,0.0,0.0,0.038492,0.042968,0.0,0.028645,0.0,0.045623,0.036325,0.04586,0.037849,0.0,0.0,0.0,0.0,0.075966,0.0,0.07241,0.077291,0.054669,0.0,0.0,0.025806,0.0,0.048181,0.0,0.055944,0.0,0.075256,0.0,0.0,0.039917,0.040616,0.042863,0.037352,0.072498,0.0,0.005467
2022-03-17,0.0,0.0,0.0,0.0,0.0,0.0,0.0,0.038116,0.043364,0.0,0.028787,0.0,0.045659,0.035529,0.046891,0.039371,0.0,0.0,0.0,0.0,0.076277,0.0,0.072071,0.076721,0.054421,0.0,0.0,0.026067,0.0,0.048361,0.0,0.055569,0.0,0.075258,0.0,0.0,0.03938,0.040695,0.042659,0.037283,0.072118,0.0,0.005405
2022-03-18,0.0,0.0,0.0,0.0,0.0,0.0,0.0,0.03832,0.043161,0.0,0.029339,0.0,0.045681,0.035419,0.046761,0.039239,0.0,0.0,0.0,0.0,0.076607,0.0,0.072104,0.075927,0.055433,0.0,0.0,0.026587,0.0,0.048273,0.0,0.054979,0.0,0.075155,0.0,0.0,0.039423,0.040496,0.04272,0.037288,0.071692,0.0,0.005395
2022-03-21,0.0,0.0,0.0,0.0,0.0,0.0,0.0,0.037559,0.042838,0.0,0.02908,0.0,0.045616,0.035204,0.048624,0.04055,0.0,0.0,0.0,0.0,0.076515,0.0,0.072165,0.0764,0.055304,0.0,0.0,0.02632,0.0,0.047957,0.0,0.055375,0.0,0.076719,0.0,0.0,0.038893,0.04012,0.04221,0.036755,0.070404,0.0,0.005392
2022-03-22,0.0,0.0,0.0,0.0,0.0,0.0,0.0,0.037862,0.042814,0.0,0.029685,0.0,0.046174,0.03567,0.048076,0.040155,0.0,0.0,0.0,0.0,0.07623,0.0,0.072415,0.076207,0.055877,0.0,0.0,0.027176,0.0,0.047889,0.0,0.054757,0.0,0.076555,0.0,0.0,0.038527,0.039777,0.04226,0.036521,0.070002,0.0,0.005371
2022-03-23,0.0,0.0,0.0,0.0,0.0,0.0,0.0,0.037261,0.042539,0.0,0.029407,0.0,0.045459,0.034677,0.049054,0.041118,0.0,0.0,0.0,0.0,0.075093,0.0,0.072053,0.076549,0.055187,0.0,0.0,0.027328,0.0,0.047498,0.0,0.055676,0.0,0.077138,0.0,0.0,0.038906,0.040401,0.042256,0.036738,0.070277,0.0,0.005387
2022-03-24,0.0,0.0,0.0,0.0,0.0,0.0,0.0,0.037616,0.042649,0.0,0.029446,0.0,0.045529,0.034759,0.04886,0.04131,0.0,0.0,0.0,0.0,0.075501,0.0,0.072094,0.07684,0.056258,0.0,0.0,0.027421,0.0,0.047492,0.0,0.05572,0.0,0.076126,0.0,0.0,0.038441,0.039894,0.042072,0.036517,0.070103,0.0,0.005352
2022-03-25,0.0,0.0,0.0,0.0,0.0,0.0,0.0,0.037405,0.042122,0.0,0.029243,0.0,0.045874,0.035128,0.049673,0.04305,0.0,0.0,0.0,0.0,0.07546,0.0,0.07232,0.077551,0.055936,0.0,0.0,0.02711,0.0,0.047837,0.0,0.055205,0.0,0.076316,0.0,0.0,0.03785,0.039417,0.041553,0.036042,0.069581,0.0,0.005325
2022-03-28,0.0,0.0,0.0,0.0,0.0,0.0,0.0,0.037705,0.041833,0.0,0.030025,0.0,0.045751,0.034854,0.048448,0.041976,0.0,0.0,0.0,0.0,0.076016,0.0,0.072625,0.078059,0.056606,0.0,0.0,0.02739,0.0,0.04835,0.0,0.054206,0.0,0.075191,0.0,0.0,0.037939,0.039376,0.041818,0.036245,0.070262,0.0,0.005325
2022-03-29,0.0,0.0,0.0,0.0,0.0,0.0,0.0,0.038061,0.04199,0.0,0.030307,0.0,0.045494,0.035142,0.04794,0.041694,0.0,0.0,0.0,0.0,0.075861,0.0,0.072693,0.078162,0.057352,0.0,0.0,0.027419,0.0,0.049376,0.0,0.053802,0.0,0.074019,0.0,0.0,0.037827,0.038925,0.042,0.036261,0.070392,0.0,0.005283
2022-03-30,0.0,0.0,0.0,0.0,0.0,0.0,0.0,0.037638,0.042008,0.0,0.02985,0.0,0.045176,0.03418,0.048503,0.042072,0.0,0.0,0.0,0.0,0.076018,0.0,0.072749,0.078816,0.056593,0.0,0.0,0.027126,0.0,0.049024,0.0,0.05424,0.0,0.074946,0.0,0.0,0.03798,0.03912,0.041878,0.036349,0.07045,0.0,0.005283
2022-03-31,0.0,0.0,0.0,0.0,0.0,0.0,0.0,0.0,0.082856,0.0,0.02827,0.0,0.024326,0.068758,0.051864,0.04095,0.0,0.039754,0.0,0.0,0.043215,0.0,0.082971,0.0,0.030209,0.020997,0.0,0.04135,0.0,0.0,0.0,0.067099,0.020616,0.083003,0.083048,0.0,0.046138,0.046704,0.072008,0.021081,0.0,0.0,0.004784
2022-04-01,0.0,0.0,0.0,0.0,0.0,0.0,0.0,0.0,0.082846,0.0,0.028284,0.0,0.024244,0.068089,0.052244,0.042113,0.0,0.038201,0.0,0.0,0.043522,0.0,0.083738,0.0,0.030096,0.020574,0.0,0.041318,0.0,0.0,0.0,0.06662,0.020474,0.082408,0.085153,0.0,0.045802,0.046411,0.071947,0.021136,0.0,0.0,0.00478
2022-04-04,0.0,0.0,0.0,0.0,0.0,0.0,0.0,0.0,0.083773,0.0,0.028802,0.0,0.024038,0.067474,0.052101,0.042061,0.0,0.037933,0.0,0.0,0.042985,0.0,0.083138,0.0,0.030544,0.020824,0.0,0.041778,0.0,0.0,0.0,0.066673,0.020293,0.082642,0.085082,0.0,0.045587,0.04619,0.072199,0.021123,0.0,0.0,0.00476
2022-04-05,0.0,0.0,0.0,0.0,0.0,0.0,0.0,0.0,0.083806,0.0,0.028494,0.0,0.024198,0.067494,0.051953,0.041631,0.0,0.037391,0.0,0.0,0.043639,0.0,0.0843,0.0,0.030291,0.020125,0.0,0.041366,0.0,0.0,0.0,0.06712,0.020313,0.084026,0.083727,0.0,0.045632,0.046454,0.072193,0.021024,0.0,0.0,0.004823
2022-04-06,0.0,0.0,0.0,0.0,0.0,0.0,0.0,0.0,0.083287,0.0,0.027962,0.0,0.024201,0.066808,0.052629,0.041881,0.0,0.036588,0.0,0.0,0.044615,0.0,0.08597,0.0,0.029783,0.019762,0.0,0.040471,0.0,0.0,0.0,0.06775,0.020648,0.084579,0.082667,0.0,0.045791,0.046574,0.07213,0.021047,0.0,0.0,0.004857
2022-04-07,0.0,0.0,0.0,0.0,0.0,0.0,0.0,0.0,0.081933,0.0,0.028035,0.0,0.024115,0.065818,0.053185,0.042159,0.0,0.03634,0.0,0.0,0.045361,0.0,0.086798,0.0,0.029755,0.019756,0.0,0.040813,0.0,0.0,0.0,0.067838,0.020715,0.084561,0.083275,0.0,0.045565,0.046397,0.071836,0.020898,0.0,0.0,0.004845
2022-04-08,0.0,0.0,0.0,0.0,0.0,0.0,0.0,0.0,0.081465,0.0,0.027696,0.0,0.024289,0.065681,0.054491,0.042993,0.0,0.035858,0.0,0.0,0.0455,0.0,0.086912,0.0,0.029254,0.019211,0.0,0.040215,0.0,0.0,0.0,0.068066,0.020764,0.08562,0.083735,0.0,0.045203,0.046347,0.071194,0.020674,0.0,0.0,0.00483
2022-04-11,0.0,0.0,0.0,0.0,0.0,0.0,0.0,0.0,0.080518,0.0,0.027398,0.0,0.024372,0.066388,0.053272,0.042448,0.0,0.036259,0.0,0.0,0.044949,0.0,0.087244,0.0,0.028743,0.018965,0.0,0.040859,0.0,0.0,0.0,0.068945,0.021231,0.086993,0.082671,0.0,0.045342,0.046634,0.071266,0.020635,0.0,0.0,0.004868
2022-04-12,0.0,0.0,0.0,0.0,0.0,0.0,0.0,0.0,0.080206,0.0,0.027389,0.0,0.024046,0.065541,0.05402,0.042928,0.0,0.036175,0.0,0.0,0.0444,0.0,0.087046,0.0,0.028543,0.018859,0.0,0.040811,0.0,0.0,0.0,0.069299,0.021471,0.087466,0.082759,0.0,0.045446,0.046512,0.07163,0.020597,0.0,0.0,0.004857
2022-04-13,0.0,0.0,0.0,0.0,0.0,0.0,0.0,0.0,0.081025,0.0,0.027714,0.0,0.023741,0.065617,0.054129,0.043499,0.0,0.036427,0.0,0.0,0.044051,0.0,0.086423,0.0,0.028634,0.019021,0.0,0.041573,0.0,0.0,0.0,0.068747,0.021451,0.086242,0.084525,0.0,0.044968,0.045834,0.071143,0.02044,0.0,0.0,0.004795
2022-04-14,0.0,0.0,0.0,0.0,0.0,0.0,0.0,0.0,0.079934,0.0,0.027518,0.0,0.023638,0.065455,0.054687,0.043909,0.0,0.036758,0.0,0.0,0.044147,0.0,0.087007,0.0,0.028135,0.018624,0.0,0.040961,0.0,0.0,0.0,0.069001,0.021501,0.086426,0.084934,0.0,0.044876,0.046152,0.071164,0.020344,0.0,0.0,0.004828
2022-04-18,0.0,0.0,0.0,0.0,0.0,0.0,0.0,0.0,0.078621,0.0,0.02758,0.0,0.023761,0.065656,0.055446,0.044708,0.0,0.036383,0.0,0.0,0.043626,0.0,0.086224,0.0,0.028206,0.018932,0.0,0.04016,0.0,0.0,0.0,0.069162,0.021694,0.087393,0.085642,0.0,0.044712,0.046102,0.070994,0.020173,0.0,0.0,0.004824
2022-04-19,0.0,0.0,0.0,0.0,0.0,0.0,0.0,0.0,0.078702,0.0,0.028292,0.0,0.024013,0.067446,0.054824,0.043877,0.0,0.03718,0.0,0.0,0.043906,0.0,0.087264,0.0,0.028645,0.019287,0.0,0.04081,0.0,0.0,0.0,0.067905,0.021056,0.086282,0.085028,0.0,0.044279,0.045731,0.070712,0.019951,0.0,0.0,0.004809
2022-04-20,0.0,0.0,0.0,0.0,0.0,0.0,0.0,0.0,0.078905,0.0,0.027827,0.0,0.024091,0.067729,0.054837,0.044316,0.0,0.037263,0.0,0.0,0.044336,0.0,0.088253,0.0,0.028515,0.019175,0.0,0.040483,0.0,0.0,0.0,0.067991,0.021016,0.086085,0.083258,0.0,0.044464,0.045902,0.070677,0.020085,0.0,0.0,0.004791
2022-04-21,0.0,0.0,0.0,0.0,0.0,0.0,0.0,0.0,0.079158,0.0,0.027991,0.0,0.024083,0.067592,0.053932,0.043056,0.0,0.037821,0.0,0.0,0.044536,0.0,0.089564,0.0,0.028473,0.018957,0.0,0.039694,0.0,0.0,0.0,0.068815,0.020897,0.087285,0.080074,0.0,0.044914,0.046809,0.071297,0.020185,0.0,0.0,0.004866
2022-04-22,0.0,0.0,0.0,0.0,0.0,0.0,0.0,0.0,0.079722,0.0,0.027899,0.0,0.023842,0.067238,0.053686,0.042114,0.0,0.037662,0.0,0.0,0.043786,0.0,0.089959,0.0,0.02824,0.018913,0.0,0.039598,0.0,0.0,0.0,0.069536,0.020874,0.087962,0.07769,0.0,0.045852,0.047575,0.072313,0.020573,0.0,0.0,0.004966
2022-04-25,0.0,0.0,0.0,0.0,0.0,0.0,0.0,0.0,0.0798,0.0,0.028162,0.0,0.023935,0.067496,0.052025,0.041393,0.0,0.038136,0.0,0.0,0.044179,0.0,0.090556,0.0,0.028728,0.019275,0.0,0.040763,0.0,0.0,0.0,0.068437,0.02047,0.087445,0.076399,0.0,0.046248,0.047645,0.073085,0.020847,0.0,0.0,0.004977
2022-04-26,0.0,0.0,0.0,0.0,0.0,0.0,0.0,0.0,0.078986,0.0,0.027177,0.0,0.023717,0.066563,0.052952,0.041606,0.0,0.037675,0.0,0.0,0.044114,0.0,0.090621,0.0,0.028112,0.018723,0.0,0.039884,0.0,0.0,0.0,0.069667,0.020635,0.089123,0.074508,0.0,0.047322,0.048532,0.073849,0.021178,0.0,0.0,0.005058
2022-04-27,0.0,0.0,0.0,0.0,0.0,0.0,0.0,0.0,0.078741,0.0,0.027096,0.0,0.023623,0.066343,0.05356,0.042084,0.0,0.037958,0.0,0.0,0.04388,0.0,0.090675,0.0,0.02844,0.018563,0.0,0.039178,0.0,0.0,0.0,0.068926,0.020419,0.088847,0.07724,0.0,0.046912,0.048302,0.073259,0.02091,0.0,0.0,0.005043
2022-04-28,0.0,0.0,0.0,0.0,0.0,0.0,0.0,0.0,0.079319,0.0,0.027259,0.0,0.023585,0.066343,0.054401,0.042812,0.0,0.038388,0.0,0.0,0.043854,0.0,0.090706,0.0,0.029158,0.019308,0.0,0.03935,0.0,0.0,0.0,0.068315,0.020064,0.08798,0.076827,0.0,0.046179,0.047887,0.072621,0.020675,0.0,0.0,0.004971
2022-04-29,0.034068,0.0,0.0,0.0,0.0,0.0,0.101596,0.0,0.058332,0.0,0.039599,0.0,0.014551,0.0,0.061942,0.052099,0.041067,0.072486,0.030284,0.0,0.07829,0.0,0.014242,0.101458,0.036513,0.025459,0.0,0.051581,0.0,0.030297,0.0,0.033556,0.0,0.016197,0.101482,0.0,0.0,0.0,0.0,0.0,0.0,0.0,0.0049
2022-05-02,0.034229,0.0,0.0,0.0,0.0,0.0,0.098524,0.0,0.058334,0.0,0.040366,0.0,0.014624,0.0,0.063228,0.05242,0.041347,0.072554,0.030334,0.0,0.07817,0.0,0.014121,0.100892,0.037243,0.026433,0.0,0.05264,0.0,0.029704,0.0,0.033089,0.0,0.016214,0.100611,0.0,0.0,0.0,0.0,0.0,0.0,0.0,0.004923
2022-05-03,0.033649,0.0,0.0,0.0,0.0,0.0,0.099325,0.0,0.058372,0.0,0.039913,0.0,0.014685,0.0,0.064429,0.0544,0.041255,0.072262,0.030404,0.0,0.077728,0.0,0.013957,0.100388,0.03698,0.026417,0.0,0.051467,0.0,0.029809,0.0,0.032885,0.0,0.015984,0.100812,0.0,0.0,0.0,0.0,0.0,0.0,0.0,0.004878
2022-05-04,0.03249,0.0,0.0,0.0,0.0,0.0,0.099766,0.0,0.058157,0.0,0.040119,0.0,0.014778,0.0,0.065528,0.055271,0.041453,0.071975,0.030653,0.0,0.077586,0.0,0.013936,0.100218,0.037379,0.026798,0.0,0.050942,0.0,0.029443,0.0,0.032428,0.0,0.015751,0.100564,0.0,0.0,0.0,0.0,0.0,0.0,0.0,0.004765
2022-05-05,0.033513,0.0,0.0,0.0,0.0,0.0,0.098434,0.0,0.057786,0.0,0.039053,0.0,0.014796,0.0,0.066557,0.055514,0.04163,0.072285,0.030631,0.0,0.078453,0.0,0.014099,0.10229,0.036692,0.026296,0.0,0.049579,0.0,0.029553,0.0,0.033313,0.0,0.016273,0.09834,0.0,0.0,0.0,0.0,0.0,0.0,0.0,0.004913
2022-05-06,0.033368,0.0,0.0,0.0,0.0,0.0,0.097937,0.0,0.058008,0.0,0.038755,0.0,0.014765,0.0,0.068891,0.056526,0.04156,0.071908,0.030346,0.0,0.078605,0.0,0.014186,0.10363,0.036583,0.026194,0.0,0.047728,0.0,0.029351,0.0,0.033539,0.0,0.016156,0.097028,0.0,0.0,0.0,0.0,0.0,0.0,0.0,0.004937
2022-05-09,0.033748,0.0,0.0,0.0,0.0,0.0,0.098529,0.0,0.058499,0.0,0.038673,0.0,0.015022,0.0,0.065865,0.052838,0.04227,0.072685,0.030631,0.0,0.079809,0.0,0.01478,0.107206,0.036655,0.025912,0.0,0.046527,0.0,0.029245,0.0,0.034451,0.0,0.016446,0.095062,0.0,0.0,0.0,0.0,0.0,0.0,0.0,0.005145
2022-05-10,0.033524,0.0,0.0,0.0,0.0,0.0,0.098765,0.0,0.059234,0.0,0.038586,0.0,0.0149,0.0,0.066511,0.053135,0.042025,0.072701,0.030462,0.0,0.080152,0.0,0.014689,0.105983,0.037241,0.026521,0.0,0.047127,0.0,0.028734,0.0,0.034185,0.0,0.016574,0.0938,0.0,0.0,0.0,0.0,0.0,0.0,0.0,0.005149
2022-05-11,0.034126,0.0,0.0,0.0,0.0,0.0,0.100249,0.0,0.058441,0.0,0.037307,0.0,0.014804,0.0,0.067591,0.053537,0.041759,0.071887,0.030562,0.0,0.079843,0.0,0.014665,0.107043,0.036166,0.025809,0.0,0.045926,0.0,0.028752,0.0,0.03456,0.0,0.016922,0.094888,0.0,0.0,0.0,0.0,0.0,0.0,0.0,0.005165
2022-05-12,0.03344,0.0,0.0,0.0,0.0,0.0,0.101897,0.0,0.058158,0.0,0.037665,0.0,0.014732,0.0,0.068062,0.053565,0.04195,0.072205,0.030588,0.0,0.080834,0.0,0.014701,0.106249,0.03589,0.026036,0.0,0.046562,0.0,0.029055,0.0,0.034123,0.0,0.017045,0.092064,0.0,0.0,0.0,0.0,0.0,0.0,0.0,0.00518
2022-05-13,0.033453,0.0,0.0,0.0,0.0,0.0,0.102074,0.0,0.058058,0.0,0.038232,0.0,0.014597,0.0,0.068742,0.054532,0.04149,0.071838,0.030332,0.0,0.079781,0.0,0.014573,0.104999,0.036215,0.026725,0.0,0.047526,0.0,0.029125,0.0,0.033054,0.0,0.016806,0.092789,0.0,0.0,0.0,0.0,0.0,0.0,0.0,0.005057
2022-05-16,0.033196,0.0,0.0,0.0,0.0,0.0,0.103161,0.0,0.05738,0.0,0.037267,0.0,0.014421,0.0,0.070292,0.055569,0.041278,0.071005,0.030164,0.0,0.080071,0.0,0.014585,0.10493,0.035762,0.026221,0.0,0.04623,0.0,0.028833,0.0,0.033245,0.0,0.017241,0.094112,0.0,0.0,0.0,0.0,0.0,0.0,0.0,0.005038
2022-05-17,0.03306,0.0,0.0,0.0,0.0,0.0,0.103489,0.0,0.057323,0.0,0.037393,0.0,0.014491,0.0,0.06959,0.055968,0.041314,0.071664,0.030357,0.0,0.07944,0.0,0.014176,0.103753,0.036013,0.026908,0.0,0.045764,0.0,0.028603,0.0,0.032332,0.0,0.016962,0.096468,0.0,0.0,0.0,0.0,0.0,0.0,0.0,0.00493
2022-05-18,0.033505,0.0,0.0,0.0,0.0,0.0,0.103501,0.0,0.058206,0.0,0.036061,0.0,0.014541,0.0,0.069966,0.05585,0.041043,0.069705,0.030351,0.0,0.079855,0.0,0.013687,0.106023,0.03546,0.026366,0.0,0.04527,0.0,0.028657,0.0,0.03338,0.0,0.017076,0.096409,0.0,0.0,0.0,0.0,0.0,0.0,0.0,0.005087
2022-05-19,0.032993,0.0,0.0,0.0,0.0,0.0,0.105227,0.0,0.058393,0.0,0.035928,0.0,0.014381,0.0,0.069403,0.05558,0.040497,0.06813,0.030431,0.0,0.079678,0.0,0.013384,0.105336,0.034917,0.026091,0.0,0.045242,0.0,0.028405,0.0,0.033722,0.0,0.016993,0.100205,0.0,0.0,0.0,0.0,0.0,0.0,0.0,0.005065
2022-05-20,0.032633,0.0,0.0,0.0,0.0,0.0,0.107339,0.0,0.058384,0.0,0.035154,0.0,0.014295,0.0,0.069408,0.055676,0.039891,0.067937,0.03023,0.0,0.080309,0.0,0.013356,0.105188,0.034847,0.025967,0.0,0.04581,0.0,0.028466,0.0,0.033603,0.0,0.016809,0.099654,0.0,0.0,0.0,0.0,0.0,0.0,0.0,0.005044
2022-05-23,0.032788,0.0,0.0,0.0,0.0,0.0,0.109039,0.0,0.057843,0.0,0.034718,0.0,0.014468,0.0,0.069836,0.056816,0.039745,0.067777,0.030176,0.0,0.079416,0.0,0.013363,0.104348,0.034944,0.025565,0.0,0.046048,0.0,0.028228,0.0,0.033093,0.0,0.016625,0.10022,0.0,0.0,0.0,0.0,0.0,0.0,0.0,0.004944
2022-05-24,0.032321,0.0,0.0,0.0,0.0,0.0,0.109329,0.0,0.057176,0.0,0.033973,0.0,0.014502,0.0,0.07041,0.05688,0.039897,0.06677,0.030135,0.0,0.080002,0.0,0.013641,0.106898,0.034577,0.025051,0.0,0.045136,0.0,0.028591,0.0,0.033489,0.0,0.016497,0.09976,0.0,0.0,0.0,0.0,0.0,0.0,0.0,0.004966
2022-05-25,0.032475,0.0,0.0,0.0,0.0,0.0,0.108352,0.0,0.057375,0.0,0.034649,0.0,0.014499,0.0,0.071283,0.058691,0.039805,0.06696,0.030024,0.0,0.079331,0.0,0.013534,0.105963,0.034697,0.025296,0.0,0.045567,0.0,0.0286,0.0,0.033018,0.0,0.016282,0.098674,0.0,0.0,0.0,0.0,0.0,0.0,0.0,0.004926
2022-05-26,0.032603,0.0,0.0,0.0,0.0,0.0,0.10899,0.0,0.056731,0.0,0.03579,0.0,0.014606,0.0,0.070963,0.059108,0.039988,0.067971,0.030106,0.0,0.078446,0.0,0.013468,0.104632,0.034985,0.025881,0.0,0.046031,0.0,0.028195,0.0,0.03245,0.0,0.016192,0.098011,0.0,0.0,0.0,0.0,0.0,0.0,0.0,0.00485
2022-05-27,0.032518,0.0,0.0,0.0,0.0,0.0,0.107552,0.0,0.056783,0.0,0.036305,0.0,0.014566,0.0,0.070868,0.060284,0.040023,0.067991,0.030218,0.0,0.078212,0.0,0.013362,0.104219,0.035471,0.026426,0.0,0.04651,0.0,0.028394,0.0,0.031842,0.0,0.01598,0.097722,0.0,0.0,0.0,0.0,0.0,0.0,0.0,0.004756
2022-05-30,0.032963,0.0,0.0,0.0,0.0,0.0,0.107502,0.0,0.056757,0.0,0.036288,0.0,0.01456,0.0,0.070836,0.060256,0.040004,0.06796,0.030204,0.0,0.078176,0.0,0.013355,0.104171,0.035455,0.026414,0.0,0.046488,0.0,0.028381,0.0,0.031827,0.0,0.015973,0.097677,0.0,0.0,0.0,0.0,0.0,0.0,0.0,0.004754
2022-05-31,0.0,0.0,0.0,0.031388,0.0,0.0,0.047627,0.055483,0.021632,0.015214,0.0,0.0,0.0,0.0,0.070989,0.020967,0.0,0.0,0.048164,0.0,0.071683,0.0,0.082249,0.082559,0.020936,0.0,0.0,0.022077,0.0,0.022282,0.0,0.08199,0.0,0.082558,0.042862,0.0,0.031247,0.060455,0.082405,0.0,0.0,0.0,0.005235
2022-06-01,0.0,0.0,0.0,0.031281,0.0,0.0,0.047519,0.055606,0.021485,0.015148,0.0,0.0,0.0,0.0,0.072288,0.021695,0.0,0.0,0.047778,0.0,0.070794,0.0,0.081339,0.082589,0.020915,0.0,0.0,0.022205,0.0,0.022141,0.0,0.082676,0.0,0.082647,0.042925,0.0,0.031133,0.060327,0.082264,0.0,0.0,0.0,0.005244
2022-06-02,0.0,0.0,0.0,0.031256,0.0,0.0,0.047561,0.0562,0.021508,0.015193,0.0,0.0,0.0,0.0,0.071231,0.02145,0.0,0.0,0.048531,0.0,0.070532,0.0,0.081574,0.082189,0.021175,0.0,0.0,0.022614,0.0,0.022187,0.0,0.082731,0.0,0.082105,0.044396,0.0,0.030819,0.059907,0.081657,0.0,0.0,0.0,0.005184
2022-06-03,0.0,0.0,0.0,0.031396,0.0,0.0,0.047522,0.055296,0.021276,0.014957,0.0,0.0,0.0,0.0,0.07273,0.021873,0.0,0.0,0.04843,0.0,0.070242,0.0,0.081375,0.082423,0.020828,0.0,0.0,0.02243,0.0,0.02206,0.0,0.082522,0.0,0.081951,0.044078,0.0,0.030996,0.060718,0.081673,0.0,0.0,0.0,0.005223
2022-06-06,0.0,0.0,0.0,0.031672,0.0,0.0,0.046987,0.055294,0.021298,0.014917,0.0,0.0,0.0,0.0,0.072593,0.022047,0.0,0.0,0.04885,0.0,0.070199,0.0,0.081345,0.082725,0.020813,0.0,0.0,0.022392,0.0,0.021973,0.0,0.082095,0.0,0.082973,0.044595,0.0,0.03074,0.060276,0.080998,0.0,0.0,0.0,0.00522
2022-06-07,0.0,0.0,0.0,0.031395,0.0,0.0,0.045908,0.055004,0.021161,0.014734,0.0,0.0,0.0,0.0,0.074279,0.022727,0.0,0.0,0.048885,0.0,0.070654,0.0,0.081248,0.082687,0.020926,0.0,0.0,0.022599,0.0,0.022132,0.0,0.082097,0.0,0.082252,0.04477,0.0,0.030665,0.06003,0.080662,0.0,0.0,0.0,0.005187
2022-06-08,0.0,0.0,0.0,0.031773,0.0,0.0,0.045266,0.054865,0.02128,0.014757,0.0,0.0,0.0,0.0,0.075086,0.022728,0.0,0.0,0.048285,0.0,0.070704,0.0,0.080949,0.081773,0.020869,0.0,0.0,0.022628,0.0,0.02181,0.0,0.082733,0.0,0.083229,0.044151,0.0,0.030816,0.060402,0.080665,0.0,0.0,0.0,0.005231
2022-06-09,0.0,0.0,0.0,0.031758,0.0,0.0,0.045133,0.05529,0.021301,0.014683,0.0,0.0,0.0,0.0,0.074467,0.022745,0.0,0.0,0.047812,0.0,0.070085,0.0,0.080865,0.080939,0.0206,0.0,0.0,0.022474,0.0,0.021594,0.0,0.083639,0.0,0.084409,0.043272,0.0,0.031225,0.061248,0.081155,0.0,0.0,0.0,0.005305
2022-06-10,0.0,0.0,0.0,0.031352,0.0,0.0,0.044354,0.055367,0.021367,0.0145,0.0,0.0,0.0,0.0,0.07418,0.022658,0.0,0.0,0.046966,0.0,0.069878,0.0,0.081591,0.081391,0.020072,0.0,0.0,0.022003,0.0,0.021397,0.0,0.085891,0.0,0.084878,0.042824,0.0,0.03133,0.06179,0.080836,0.0,0.0,0.0,0.005376
2022-06-13,0.0,0.0,0.0,0.03143,0.0,0.0,0.0436,0.056205,0.02142,0.014313,0.0,0.0,0.0,0.0,0.07271,0.021971,0.0,0.0,0.046673,0.0,0.070076,0.0,0.082559,0.080301,0.019837,0.0,0.0,0.021665,0.0,0.021022,0.0,0.086478,0.0,0.086781,0.041949,0.0,0.031825,0.062825,0.080801,0.0,0.0,0.0,0.005559
2022-06-14,0.0,0.0,0.0,0.031315,0.0,0.0,0.043537,0.056825,0.021852,0.014569,0.0,0.0,0.0,0.0,0.073299,0.02194,0.0,0.0,0.046602,0.0,0.069838,0.0,0.08209,0.078756,0.020086,0.0,0.0,0.021749,0.0,0.020991,0.0,0.086317,0.0,0.087077,0.041618,0.0,0.031766,0.062345,0.081834,0.0,0.0,0.0,0.005593
2022-06-15,0.0,0.0,0.0,0.031427,0.0,0.0,0.044373,0.056829,0.021914,0.014467,0.0,0.0,0.0,0.0,0.071131,0.02145,0.0,0.0,0.046233,0.0,0.070003,0.0,0.081542,0.078658,0.020352,0.0,0.0,0.022079,0.0,0.021323,0.0,0.086773,0.0,0.086448,0.041977,0.0,0.031962,0.062723,0.082785,0.0,0.0,0.0,0.00555
2022-06-16,0.0,0.0,0.0,0.030809,0.0,0.0,0.043262,0.056337,0.021514,0.014332,0.0,0.0,0.0,0.0,0.068476,0.020493,0.0,0.0,0.045462,0.0,0.070363,0.0,0.082551,0.078692,0.019917,0.0,0.0,0.021571,0.0,0.021181,0.0,0.089515,0.0,0.089083,0.041051,0.0,0.032819,0.063797,0.083112,0.0,0.0,0.0,0.005662
2022-06-17,0.0,0.0,0.0,0.031211,0.0,0.0,0.043053,0.05662,0.021633,0.014554,0.0,0.0,0.0,0.0,0.065227,0.019146,0.0,0.0,0.045729,0.0,0.070859,0.0,0.08288,0.078553,0.020253,0.0,0.0,0.022173,0.0,0.021505,0.0,0.089457,0.0,0.089231,0.040809,0.0,0.033079,0.064317,0.084007,0.0,0.0,0.0,0.005705
2022-06-20,0.0,0.0,0.0,0.031345,0.0,0.0,0.043047,0.056613,0.02163,0.014552,0.0,0.0,0.0,0.0,0.065218,0.019143,0.0,0.0,0.045723,0.0,0.070849,0.0,0.082869,0.078543,0.02025,0.0,0.0,0.02217,0.0,0.021502,0.0,0.089444,0.0,0.089218,0.040803,0.0,0.033075,0.064308,0.083996,0.0,0.0,0.0,0.005704
2022-06-21,0.0,0.0,0.0,0.031206,0.0,0.0,0.042482,0.057155,0.021745,0.014345,0.0,0.0,0.0,0.0,0.067768,0.019689,0.0,0.0,0.045854,0.0,0.071878,0.0,0.084053,0.079072,0.020515,0.0,0.0,0.022514,0.0,0.021538,0.0,0.088035,0.0,0.087171,0.040603,0.0,0.032506,0.063311,0.082926,0.0,0.0,0.0,0.005635
2022-06-22,0.0,0.0,0.0,0.031143,0.0,0.0,0.042557,0.056578,0.02142,0.014021,0.0,0.0,0.0,0.0,0.065523,0.018642,0.0,0.0,0.045591,0.0,0.073398,0.0,0.084597,0.080478,0.020574,0.0,0.0,0.022596,0.0,0.021968,0.0,0.08902,0.0,0.086739,0.038695,0.0,0.033153,0.064133,0.083499,0.0,0.0,0.0,0.005675
2022-06-23,0.0,0.0,0.0,0.031255,0.0,0.0,0.041731,0.057318,0.021415,0.01391,0.0,0.0,0.0,0.0,0.063238,0.017875,0.0,0.0,0.045069,0.0,0.075217,0.0,0.086435,0.08256,0.02093,0.0,0.0,0.02331,0.0,0.022436,0.0,0.088676,0.0,0.084324,0.036438,0.0,0.033416,0.06447,0.084289,0.0,0.0,0.0,0.005688
2022-06-24,0.0,0.0,0.0,0.031701,0.0,0.0,0.041232,0.057327,0.02145,0.01426,0.0,0.0,0.0,0.0,0.063165,0.017834,0.0,0.0,0.046197,0.0,0.075385,0.0,0.086883,0.082809,0.021376,0.0,0.0,0.023932,0.0,0.02259,0.0,0.087336,0.0,0.083414,0.037364,0.0,0.032827,0.06362,0.083689,0.0,0.0,0.0,0.005608
2022-06-27,0.0,0.0,0.0,0.031812,0.0,0.0,0.042224,0.056788,0.021361,0.014236,0.0,0.0,0.0,0.0,0.06491,0.018619,0.0,0.0,0.04574,0.0,0.07554,0.0,0.086501,0.083343,0.021197,0.0,0.0,0.02353,0.0,0.022519,0.0,0.087094,0.0,0.082272,0.038033,0.0,0.032588,0.063057,0.083038,0.0,0.0,0.0,0.005598
2022-06-28,0.0,0.0,0.0,0.032024,0.0,0.0,0.042079,0.056379,0.021114,0.014205,0.0,0.0,0.0,0.0,0.067012,0.019209,0.0,0.0,0.045489,0.0,0.074612,0.0,0.085793,0.083466,0.020669,0.0,0.0,0.022941,0.0,0.022361,0.0,0.087406,0.0,0.083066,0.038022,0.0,0.032801,0.063166,0.082555,0.0,0.0,0.0,0.005627
2022-06-29,0.0,0.0,0.0,0.031618,0.0,0.0,0.042402,0.056927,0.021082,0.014032,0.0,0.0,0.0,0.0,0.064898,0.018256,0.0,0.0,0.045311,0.0,0.075512,0.0,0.086618,0.083803,0.02078,0.0,0.0,0.023012,0.0,0.022296,0.0,0.087628,0.0,0.083868,0.037165,0.0,0.033175,0.063265,0.082705,0.0,0.0,0.0,0.005646
2022-06-30,0.0,0.011345,0.0,0.0,0.0,0.0,0.093807,0.048779,0.018028,0.009975,0.0,0.0,0.0,0.0,0.055395,0.049729,0.0,0.0,0.036049,0.0,0.082375,0.0,0.061367,0.093779,0.0,0.0,0.0,0.014458,0.0,0.0,0.0,0.092886,0.0,0.093714,0.013061,0.0,0.042054,0.062828,0.090959,0.013808,0.0,0.0,0.015604
2022-07-01,0.0,0.011299,0.0,0.0,0.0,0.0,0.09226,0.048677,0.017464,0.009792,0.0,0.0,0.0,0.0,0.05595,0.050083,0.0,0.0,0.036127,0.0,0.082895,0.0,0.061948,0.095611,0.0,0.0,0.0,0.014716,0.0,0.0,0.0,0.092357,0.0,0.091427,0.012745,0.0,0.042298,0.063529,0.09138,0.013914,0.0,0.0,0.015527
2022-07-04,0.0,0.011299,0.0,0.0,0.0,0.0,0.09226,0.048677,0.017464,0.009792,0.0,0.0,0.0,0.0,0.05595,0.050083,0.0,0.0,0.036127,0.0,0.082895,0.0,0.061948,0.095611,0.0,0.0,0.0,0.014716,0.0,0.0,0.0,0.092357,0.0,0.091428,0.012745,0.0,0.042298,0.063529,0.09138,0.013914,0.0,0.0,0.015526
2022-07-05,0.0,0.011163,0.0,0.0,0.0,0.0,0.091629,0.049527,0.017619,0.009891,0.0,0.0,0.0,0.0,0.054654,0.04816,0.0,0.0,0.03601,0.0,0.083833,0.0,0.062609,0.09394,0.0,0.0,0.0,0.015289,0.0,0.0,0.0,0.091953,0.0,0.090999,0.01229,0.0,0.043184,0.064442,0.092864,0.01415,0.0,0.0,0.015793
2022-07-06,0.0,0.011207,0.0,0.0,0.0,0.0,0.091591,0.050449,0.017409,0.009826,0.0,0.0,0.0,0.0,0.053821,0.047435,0.0,0.0,0.036306,0.0,0.084557,0.0,0.062907,0.095091,0.0,0.0,0.0,0.015358,0.0,0.0,0.0,0.090665,0.0,0.091588,0.012304,0.0,0.042897,0.063978,0.092685,0.014106,0.0,0.0,0.015818
2022-07-07,0.0,0.011228,0.0,0.0,0.0,0.0,0.093577,0.049954,0.017668,0.009927,0.0,0.0,0.0,0.0,0.05501,0.049456,0.0,0.0,0.036135,0.0,0.08377,0.0,0.062118,0.093715,0.0,0.0,0.0,0.0155,0.0,0.0,0.0,0.089492,0.0,0.092055,0.012874,0.0,0.042059,0.063015,0.092925,0.013914,0.0,0.0,0.015606
2022-07-08,0.0,0.011221,0.0,0.0,0.0,0.0,0.094232,0.04976,0.017722,0.009985,0.0,0.0,0.0,0.0,0.054909,0.049245,0.0,0.0,0.035732,0.0,0.083902,0.0,0.06192,0.093276,0.0,0.0,0.0,0.015481,0.0,0.0,0.0,0.089405,0.0,0.093626,0.01265,0.0,0.041745,0.06286,0.092869,0.013872,0.0,0.0,0.015586
2022-07-11,0.0,0.011124,0.0,0.0,0.0,0.0,0.091202,0.049995,0.017427,0.009774,0.0,0.0,0.0,0.0,0.054803,0.049031,0.0,0.0,0.035909,0.0,0.084337,0.0,0.062313,0.094589,0.0,0.0,0.0,0.015333,0.0,0.0,0.0,0.089613,0.0,0.093747,0.012172,0.0,0.042399,0.063446,0.093062,0.014019,0.0,0.0,0.015705
2022-07-12,0.0,0.011212,0.0,0.0,0.0,0.0,0.090904,0.050284,0.017627,0.009848,0.0,0.0,0.0,0.0,0.054194,0.04828,0.0,0.0,0.036147,0.0,0.083976,0.0,0.062665,0.094936,0.0,0.0,0.0,0.014881,0.0,0.0,0.0,0.090043,0.0,0.091934,0.012005,0.0,0.042862,0.063966,0.094235,0.014159,0.0,0.0,0.015841
2022-07-13,0.0,0.011214,0.0,0.0,0.0,0.0,0.091261,0.049717,0.0178,0.009919,0.0,0.0,0.0,0.0,0.054092,0.048667,0.0,0.0,0.035928,0.0,0.083137,0.0,0.06269,0.094516,0.0,0.0,0.0,0.014836,0.0,0.0,0.0,0.090449,0.0,0.092235,0.012019,0.0,0.043034,0.064281,0.094108,0.014261,0.0,0.0,0.015835
2022-07-14,0.0,0.011127,0.0,0.0,0.0,0.0,0.08973,0.050354,0.018004,0.009825,0.0,0.0,0.0,0.0,0.053547,0.048252,0.0,0.0,0.035583,0.0,0.083641,0.0,0.063306,0.095366,0.0,0.0,0.0,0.014745,0.0,0.0,0.0,0.08998,0.0,0.091934,0.011678,0.0,0.04318,0.064699,0.094776,0.014298,0.0,0.0,0.015975
2022-07-15,0.0,0.011226,0.0,0.0,0.0,0.0,0.090036,0.050509,0.017981,0.00988,0.0,0.0,0.0,0.0,0.053868,0.048944,0.0,0.0,0.035774,0.0,0.084792,0.0,0.062871,0.094575,0.0,0.0,0.0,0.014924,0.0,0.0,0.0,0.088889,0.0,0.091608,0.01173,0.0,0.042889,0.064414,0.095011,0.014266,0.0,0.0,0.015815
2022-07-18,0.0,0.011291,0.0,0.0,0.0,0.0,0.09012,0.050234,0.01794,0.009953,0.0,0.0,0.0,0.0,0.055089,0.050347,0.0,0.0,0.03585,0.0,0.082982,0.0,0.062245,0.093239,0.0,0.0,0.0,0.014968,0.0,0.0,0.0,0.088952,0.0,0.093545,0.012128,0.0,0.042754,0.064315,0.094071,0.014163,0.0,0.0,0.015814
2022-07-19,0.0,0.011525,0.0,0.0,0.0,0.0,0.090114,0.050575,0.018092,0.010081,0.0,0.0,0.0,0.0,0.056132,0.051724,0.0,0.0,0.036518,0.0,0.083425,0.0,0.062177,0.092757,0.0,0.0,0.0,0.01512,0.0,0.0,0.0,0.08814,0.0,0.091917,0.012238,0.0,0.042069,0.063509,0.094221,0.01404,0.0,0.0,0.015628
2022-07-20,0.0,0.011418,0.0,0.0,0.0,0.0,0.08941,0.050166,0.018019,0.010032,0.0,0.0,0.0,0.0,0.056817,0.053329,0.0,0.0,0.036673,0.0,0.082808,0.0,0.061914,0.091753,0.0,0.0,0.0,0.015453,0.0,0.0,0.0,0.087529,0.0,0.092146,0.012196,0.0,0.042132,0.063612,0.094867,0.01406,0.0,0.0,0.015667
2022-07-21,0.0,0.011518,0.0,0.0,0.0,0.0,0.089169,0.051189,0.018297,0.010158,0.0,0.0,0.0,0.0,0.055606,0.051625,0.0,0.0,0.037051,0.0,0.083794,0.0,0.061863,0.091641,0.0,0.0,0.0,0.015692,0.0,0.0,0.0,0.088423,0.0,0.090182,0.012157,0.0,0.042448,0.063762,0.095621,0.014197,0.0,0.0,0.015605
2022-07-22,0.0,0.011483,0.0,0.0,0.0,0.0,0.089405,0.051054,0.018217,0.010044,0.0,0.0,0.0,0.0,0.055231,0.050575,0.0,0.0,0.036841,0.0,0.083571,0.0,0.062364,0.093037,0.0,0.0,0.0,0.015442,0.0,0.0,0.0,0.088776,0.0,0.088933,0.012038,0.0,0.042998,0.064395,0.095639,0.014328,0.0,0.0,0.01563
2022-07-25,0.0,0.011467,0.0,0.0,0.0,0.0,0.091932,0.050439,0.018061,0.009988,0.0,0.0,0.0,0.0,0.056636,0.052766,0.0,0.0,0.036592,0.0,0.083098,0.0,0.061991,0.093181,0.0,0.0,0.0,0.015025,0.0,0.0,0.0,0.087572,0.0,0.089154,0.012052,0.0,0.042381,0.063576,0.094577,0.014053,0.0,0.0,0.015459
2022-07-26,0.0,0.011303,0.0,0.0,0.0,0.0,0.09207,0.049844,0.017769,0.009981,0.0,0.0,0.0,0.0,0.056227,0.052493,0.0,0.0,0.036413,0.0,0.083681,0.0,0.061964,0.093914,0.0,0.0,0.0,0.014483,0.0,0.0,0.0,0.087633,0.0,0.090417,0.011981,0.0,0.042477,0.063696,0.094089,0.014077,0.0,0.0,0.015488
2022-07-27,0.0,0.011419,0.0,0.0,0.0,0.0,0.094006,0.050211,0.017986,0.010049,0.0,0.0,0.0,0.0,0.056715,0.053814,0.0,0.0,0.03635,0.0,0.08306,0.0,0.061538,0.092716,0.0,0.0,0.0,0.014518,0.0,0.0,0.0,0.087323,0.0,0.089819,0.012172,0.0,0.041984,0.063232,0.093832,0.013978,0.0,0.0,0.015278
2022-07-28,0.0,0.011322,0.0,0.0,0.0,0.0,0.095375,0.050312,0.017704,0.010021,0.0,0.0,0.0,0.0,0.056238,0.053309,0.0,0.0,0.036477,0.0,0.082423,0.0,0.061649,0.094704,0.0,0.0,0.0,0.014545,0.0,0.0,0.0,0.087154,0.0,0.08941,0.012131,0.0,0.041808,0.062987,0.09347,0.013897,0.0,0.0,0.015064
2022-07-29,0.0,0.0,0.0,0.054381,0.036963,0.044771,0.053847,0.045002,0.0,0.0,0.0,0.0,0.0,0.0,0.061538,0.027784,0.01544,0.0,0.0,0.0,0.079635,0.0,0.079736,0.08002,0.0,0.0,0.0,0.0,0.0,0.0,0.059334,0.079368,0.0,0.079939,0.0,0.0,0.044944,0.04474,0.044859,0.044361,0.011336,0.0,0.012004
2022-08-01,0.0,0.0,0.0,0.054486,0.03707,0.044304,0.053265,0.045386,0.0,0.0,0.0,0.0,0.0,0.0,0.060343,0.02722,0.015475,0.0,0.0,0.0,0.079147,0.0,0.080834,0.080208,0.0,0.0,0.0,0.0,0.0,0.0,0.060272,0.079919,0.0,0.079129,0.0,0.0,0.045265,0.044817,0.04493,0.044506,0.011401,0.0,0.01202
2022-08-02,0.0,0.0,0.0,0.054904,0.037144,0.044289,0.053178,0.045938,0.0,0.0,0.0,0.0,0.0,0.0,0.060525,0.027499,0.015395,0.0,0.0,0.0,0.079287,0.0,0.080622,0.080476,0.0,0.0,0.0,0.0,0.0,0.0,0.060483,0.079872,0.0,0.078438,0.0,0.0,0.044879,0.044527,0.044963,0.044198,0.011296,0.0,0.012086
2022-08-03,0.0,0.0,0.0,0.055211,0.037013,0.044585,0.053133,0.045819,0.0,0.0,0.0,0.0,0.0,0.0,0.058676,0.026757,0.01551,0.0,0.0,0.0,0.079862,0.0,0.080996,0.080824,0.0,0.0,0.0,0.0,0.0,0.0,0.060016,0.079915,0.0,0.078608,0.0,0.0,0.044979,0.044677,0.045271,0.044594,0.011491,0.0,0.012063
2022-08-04,0.0,0.0,0.0,0.054923,0.037308,0.045211,0.054579,0.045554,0.0,0.0,0.0,0.0,0.0,0.0,0.056434,0.02548,0.015548,0.0,0.0,0.0,0.079377,0.0,0.080365,0.080903,0.0,0.0,0.0,0.0,0.0,0.0,0.060194,0.081142,0.0,0.079709,0.0,0.0,0.045154,0.044617,0.04534,0.044612,0.011503,0.0,0.012045
2022-08-05,0.0,0.0,0.0,0.055048,0.037307,0.044902,0.055453,0.045344,0.0,0.0,0.0,0.0,0.0,0.0,0.057609,0.026289,0.015588,0.0,0.0,0.0,0.079424,0.0,0.08026,0.080689,0.0,0.0,0.0,0.0,0.0,0.0,0.060838,0.080307,0.0,0.079428,0.0,0.0,0.044544,0.044212,0.045153,0.044051,0.011491,0.0,0.012062
2022-08-08,0.0,0.0,0.0,0.055497,0.037406,0.044285,0.056805,0.045373,0.0,0.0,0.0,0.0,0.0,0.0,0.057541,0.026222,0.015484,0.0,0.0,0.0,0.079107,0.0,0.079709,0.080296,0.0,0.0,0.0,0.0,0.0,0.0,0.061264,0.080474,0.0,0.079359,0.0,0.0,0.044523,0.044233,0.044907,0.043946,0.011587,0.0,0.011984
2022-08-09,0.0,0.0,0.0,0.054588,0.037187,0.044027,0.056902,0.045197,0.0,0.0,0.0,0.0,0.0,0.0,0.058556,0.026535,0.015429,0.0,0.0,0.0,0.078872,0.0,0.079597,0.081198,0.0,0.0,0.0,0.0,0.0,0.0,0.061293,0.080726,0.0,0.079681,0.0,0.0,0.044393,0.04411,0.044577,0.043752,0.011394,0.0,0.011985
2022-08-10,0.0,0.0,0.0,0.05482,0.03721,0.043598,0.057613,0.0456,0.0,0.0,0.0,0.0,0.0,0.0,0.058403,0.026719,0.015614,0.0,0.0,0.0,0.078953,0.0,0.079403,0.080759,0.0,0.0,0.0,0.0,0.0,0.0,0.06213,0.079738,0.0,0.079961,0.0,0.0,0.043986,0.043604,0.044802,0.043736,0.011485,0.0,0.011867
2022-08-11,0.0,0.0,0.0,0.055255,0.037505,0.044281,0.056447,0.044979,0.0,0.0,0.0,0.0,0.0,0.0,0.060264,0.027788,0.015658,0.0,0.0,0.0,0.078249,0.0,0.079018,0.08055,0.0,0.0,0.0,0.0,0.0,0.0,0.062339,0.079333,0.0,0.080507,0.0,0.0,0.043587,0.04335,0.044437,0.043207,0.011409,0.0,0.011837
2022-08-12,0.0,0.0,0.0,0.055247,0.037069,0.04394,0.057918,0.04497,0.0,0.0,0.0,0.0,0.0,0.0,0.060083,0.027749,0.015727,0.0,0.0,0.0,0.07842,0.0,0.078867,0.081003,0.0,0.0,0.0,0.0,0.0,0.0,0.062906,0.079222,0.0,0.079816,0.0,0.0,0.0433,0.043063,0.044364,0.04325,0.011375,0.0,0.011713
2022-08-15,0.0,0.0,0.0,0.05557,0.037136,0.043767,0.058011,0.04499,0.0,0.0,0.0,0.0,0.0,0.0,0.058951,0.027059,0.015775,0.0,0.0,0.0,0.078866,0.0,0.079704,0.081734,0.0,0.0,0.0,0.0,0.0,0.0,0.063696,0.078255,0.0,0.079328,0.0,0.0,0.043467,0.043047,0.044315,0.043248,0.011362,0.0,0.011721
2022-08-16,0.0,0.0,0.0,0.055908,0.037167,0.04357,0.057883,0.045461,0.0,0.0,0.0,0.0,0.0,0.0,0.058904,0.027097,0.015871,0.0,0.0,0.0,0.078776,0.0,0.080727,0.082093,0.0,0.0,0.0,0.0,0.0,0.0,0.063101,0.078239,0.0,0.078251,0.0,0.0,0.043484,0.043125,0.044175,0.043149,0.011281,0.0,0.011739
2022-08-17,0.0,0.0,0.0,0.05531,0.037143,0.043603,0.057867,0.045634,0.0,0.0,0.0,0.0,0.0,0.0,0.059622,0.027588,0.015804,0.0,0.0,0.0,0.078615,0.0,0.080804,0.082268,0.0,0.0,0.0,0.0,0.0,0.0,0.062879,0.078029,0.0,0.078549,0.0,0.0,0.043356,0.043158,0.043885,0.042905,0.011199,0.0,0.011783
2022-08-18,0.0,0.0,0.0,0.055819,0.036959,0.043101,0.057926,0.045449,0.0,0.0,0.0,0.0,0.0,0.0,0.061113,0.02874,0.015839,0.0,0.0,0.0,0.078126,0.0,0.08093,0.082427,0.0,0.0,0.0,0.0,0.0,0.0,0.062242,0.077684,0.0,0.077243,0.0,0.0,0.043361,0.043301,0.043874,0.042938,0.011166,0.0,0.011762
2022-08-19,0.0,0.0,0.0,0.055601,0.036671,0.043136,0.057127,0.045095,0.0,0.0,0.0,0.0,0.0,0.0,0.061589,0.028567,0.015761,0.0,0.0,0.0,0.078968,0.0,0.081316,0.083046,0.0,0.0,0.0,0.0,0.0,0.0,0.060386,0.077735,0.0,0.078607,0.0,0.0,0.043333,0.043573,0.043777,0.04277,0.011085,0.0,0.011858
2022-08-22,0.0,0.0,0.0,0.05555,0.036588,0.043512,0.057032,0.044683,0.0,0.0,0.0,0.0,0.0,0.0,0.061767,0.028867,0.015535,0.0,0.0,0.0,0.078307,0.0,0.080877,0.082305,0.0,0.0,0.0,0.0,0.0,0.0,0.061586,0.077589,0.0,0.079612,0.0,0.0,0.04335,0.043698,0.043489,0.042685,0.011056,0.0,0.011914
2022-08-23,0.0,0.0,0.0,0.055044,0.03654,0.043299,0.058715,0.04485,0.0,0.0,0.0,0.0,0.0,0.0,0.063563,0.029312,0.015459,0.0,0.0,0.0,0.076695,0.0,0.079984,0.081261,0.0,0.0,0.0,0.0,0.0,0.0,0.062358,0.077605,0.0,0.080207,0.0,0.0,0.042952,0.043476,0.043304,0.042444,0.011097,0.0,0.011835
2022-08-24,0.0,0.0,0.0,0.055283,0.036594,0.043205,0.058514,0.04497,0.0,0.0,0.0,0.0,0.0,0.0,0.064205,0.029824,0.015476,0.0,0.0,0.0,0.076622,0.0,0.08001,0.081339,0.0,0.0,0.0,0.0,0.0,0.0,0.061501,0.077664,0.0,0.080344,0.0,0.0,0.042716,0.043374,0.043261,0.042226,0.011063,0.0,0.01181
2022-08-25,0.0,0.0,0.0,0.055208,0.036774,0.044719,0.058404,0.044471,0.0,0.0,0.0,0.0,0.0,0.0,0.064276,0.029804,0.01561,0.0,0.0,0.0,0.076962,0.0,0.079854,0.081305,0.0,0.0,0.0,0.0,0.0,0.0,0.061364,0.077394,0.0,0.079317,0.0,0.0,0.042709,0.043225,0.043383,0.042382,0.011107,0.0,0.011732
2022-08-26,0.0,0.0,0.0,0.054902,0.037091,0.044895,0.058744,0.044436,0.0,0.0,0.0,0.0,0.0,0.0,0.064294,0.029884,0.015251,0.0,0.0,0.0,0.075723,0.0,0.07882,0.081027,0.0,0.0,0.0,0.0,0.0,0.0,0.060632,0.077379,0.0,0.081296,0.0,0.0,0.043175,0.043684,0.043186,0.042638,0.011066,0.0,0.011874
2022-08-29,0.0,0.0,0.0,0.054214,0.037125,0.044554,0.059313,0.044561,0.0,0.0,0.0,0.0,0.0,0.0,0.065325,0.030278,0.015197,0.0,0.0,0.0,0.075264,0.0,0.078767,0.081349,0.0,0.0,0.0,0.0,0.0,0.0,0.060223,0.077499,0.0,0.081489,0.0,0.0,0.04297,0.043555,0.04306,0.042363,0.01101,0.0,0.011885
2022-08-30,0.0,0.0,0.0,0.054263,0.036869,0.044087,0.058097,0.045746,0.0,0.0,0.0,0.0,0.0,0.0,0.063936,0.029142,0.015174,0.0,0.0,0.0,0.07574,0.0,0.078969,0.081207,0.0,0.0,0.0,0.0,0.0,0.0,0.059706,0.077857,0.0,0.082196,0.0,0.0,0.043518,0.044047,0.043288,0.042971,0.01115,0.0,0.01204
2022-08-31,0.019379,0.0,0.01543,0.071409,0.0,0.0,0.0,0.080641,0.0,0.0,0.019213,0.0,0.0,0.0,0.045406,0.045403,0.054616,0.0,0.0,0.0,0.080103,0.0,0.080439,0.080653,0.026157,0.0,0.0,0.0,0.0,0.020308,0.080748,0.080102,0.0,0.014349,0.0,0.0,0.044935,0.045455,0.04511,0.044874,0.0,0.0,0.005272
2022-09-01,0.019114,0.0,0.015308,0.070878,0.0,0.0,0.0,0.081493,0.0,0.0,0.019467,0.0,0.0,0.0,0.044468,0.043813,0.054913,0.0,0.0,0.0,0.081748,0.0,0.081216,0.082144,0.026134,0.0,0.0,0.0,0.0,0.020428,0.079437,0.079719,0.0,0.014183,0.0,0.0,0.044757,0.045292,0.045411,0.044784,0.0,0.0,0.005294
2022-09-02,0.019581,0.0,0.015166,0.071751,0.0,0.0,0.0,0.080825,0.0,0.0,0.019322,0.0,0.0,0.0,0.045362,0.044924,0.054477,0.0,0.0,0.0,0.080716,0.0,0.080296,0.081404,0.025839,0.0,0.0,0.0,0.0,0.020178,0.078959,0.080561,0.0,0.014257,0.0,0.0,0.045087,0.04564,0.04546,0.044895,0.0,0.0,0.005303
2022-09-05,0.01926,0.0,0.015176,0.07151,0.0,0.0,0.0,0.080875,0.0,0.0,0.019334,0.0,0.0,0.0,0.04539,0.044952,0.054511,0.0,0.0,0.0,0.080766,0.0,0.080345,0.081454,0.025855,0.0,0.0,0.0,0.0,0.02019,0.079008,0.080611,0.0,0.014266,0.0,0.0,0.045115,0.045668,0.045488,0.044923,0.0,0.0,0.005306
2022-09-06,0.019286,0.0,0.014992,0.071336,0.0,0.0,0.0,0.08124,0.0,0.0,0.019363,0.0,0.0,0.0,0.045131,0.044447,0.054795,0.0,0.0,0.0,0.081132,0.0,0.080177,0.081954,0.025776,0.0,0.0,0.0,0.0,0.020446,0.079655,0.080427,0.0,0.014352,0.0,0.0,0.044772,0.045395,0.045528,0.044472,0.0,0.0,0.005324
2022-09-07,0.019039,0.0,0.014785,0.07012,0.0,0.0,0.0,0.081553,0.0,0.0,0.019712,0.0,0.0,0.0,0.04406,0.043102,0.054991,0.0,0.0,0.0,0.081445,0.0,0.080622,0.083483,0.025867,0.0,0.0,0.0,0.0,0.020589,0.081355,0.080249,0.0,0.014086,0.0,0.0,0.044512,0.045024,0.045619,0.044527,0.0,0.0,0.005259
2022-09-08,0.019258,0.0,0.014901,0.071016,0.0,0.0,0.0,0.081551,0.0,0.0,0.019814,0.0,0.0,0.0,0.044068,0.043431,0.054927,0.0,0.0,0.0,0.082517,0.0,0.08008,0.083072,0.025848,0.0,0.0,0.0,0.0,0.02056,0.081638,0.079437,0.0,0.01402,0.0,0.0,0.044164,0.044588,0.04563,0.044241,0.0,0.0,0.005237
2022-09-09,0.019371,0.0,0.015024,0.071093,0.0,0.0,0.0,0.080668,0.0,0.0,0.01998,0.0,0.0,0.0,0.044698,0.044165,0.055062,0.0,0.0,0.0,0.082381,0.0,0.080028,0.082541,0.026086,0.0,0.0,0.0,0.0,0.020568,0.082911,0.079029,0.0,0.014135,0.0,0.0,0.04371,0.044146,0.045336,0.043883,0.0,0.0,0.005184
2022-09-12,0.019545,0.0,0.014932,0.071034,0.0,0.0,0.0,0.081333,0.0,0.0,0.020105,0.0,0.0,0.0,0.045223,0.044487,0.055031,0.0,0.0,0.0,0.08239,0.0,0.079819,0.082788,0.026332,0.0,0.0,0.0,0.0,0.020633,0.082424,0.078912,0.0,0.014138,0.0,0.0,0.043321,0.043728,0.045177,0.043501,0.0,0.0,0.005149
2022-09-13,0.019417,0.0,0.014787,0.071598,0.0,0.0,0.0,0.081567,0.0,0.0,0.019528,0.0,0.0,0.0,0.045144,0.044313,0.054234,0.0,0.0,0.0,0.081588,0.0,0.079013,0.082525,0.025535,0.0,0.0,0.0,0.0,0.020322,0.082801,0.079762,0.0,0.014388,0.0,0.0,0.044115,0.044648,0.045213,0.044227,0.0,0.0,0.005274
2022-09-14,0.019155,0.0,0.014922,0.070717,0.0,0.0,0.0,0.082222,0.0,0.0,0.019675,0.0,0.0,0.0,0.046176,0.045635,0.053845,0.0,0.0,0.0,0.081205,0.0,0.078565,0.082762,0.025493,0.0,0.0,0.0,0.0,0.019985,0.083456,0.079038,0.0,0.014223,0.0,0.0,0.043906,0.044527,0.045043,0.044204,0.0,0.0,0.005246
2022-09-15,0.019291,0.0,0.015006,0.07157,0.0,0.0,0.0,0.08245,0.0,0.0,0.019841,0.0,0.0,0.0,0.045597,0.044623,0.054007,0.0,0.0,0.0,0.082768,0.0,0.078967,0.081796,0.025244,0.0,0.0,0.0,0.0,0.019882,0.08141,0.078615,0.0,0.014409,0.0,0.0,0.044349,0.044903,0.045366,0.044589,0.0,0.0,0.005318
2022-09-16,0.019135,0.0,0.015105,0.07066,0.0,0.0,0.0,0.082148,0.0,0.0,0.019827,0.0,0.0,0.0,0.044956,0.043733,0.053273,0.0,0.0,0.0,0.083147,0.0,0.079743,0.082094,0.02529,0.0,0.0,0.0,0.0,0.020032,0.080924,0.079638,0.0,0.014502,0.0,0.0,0.044715,0.045048,0.045858,0.044815,0.0,0.0,0.005357
2022-09-19,0.019039,0.0,0.015079,0.070389,0.0,0.0,0.0,0.08255,0.0,0.0,0.020007,0.0,0.0,0.0,0.044756,0.043499,0.053725,0.0,0.0,0.0,0.082283,0.0,0.079869,0.082776,0.025368,0.0,0.0,0.0,0.0,0.019902,0.082255,0.079299,0.0,0.014429,0.0,0.0,0.044364,0.044617,0.045799,0.044665,0.0,0.0,0.00533
2022-09-20,0.019141,0.0,0.015045,0.070574,0.0,0.0,0.0,0.082966,0.0,0.0,0.01983,0.0,0.0,0.0,0.044813,0.04323,0.053496,0.0,0.0,0.0,0.081992,0.0,0.080091,0.082248,0.025428,0.0,0.0,0.0,0.0,0.01958,0.082289,0.0795,0.0,0.01474,0.0,0.0,0.044454,0.044916,0.045707,0.044586,0.0,0.0,0.005375
2022-09-21,0.019315,0.0,0.014972,0.072066,0.0,0.0,0.0,0.08258,0.0,0.0,0.019491,0.0,0.0,0.0,0.044452,0.042608,0.053139,0.0,0.0,0.0,0.081173,0.0,0.080321,0.081668,0.025199,0.0,0.0,0.0,0.0,0.0194,0.081897,0.080404,0.0,0.014739,0.0,0.0,0.044931,0.045305,0.045877,0.045054,0.0,0.0,0.00541
2022-09-22,0.018978,0.0,0.015233,0.070752,0.0,0.0,0.0,0.082507,0.0,0.0,0.019221,0.0,0.0,0.0,0.044714,0.042274,0.052835,0.0,0.0,0.0,0.082376,0.0,0.080967,0.082147,0.025179,0.0,0.0,0.0,0.0,0.019334,0.081256,0.081119,0.0,0.014885,0.0,0.0,0.044672,0.045215,0.046034,0.044841,0.0,0.0,0.005462
2022-09-23,0.018962,0.0,0.015239,0.070799,0.0,0.0,0.0,0.082435,0.0,0.0,0.019173,0.0,0.0,0.0,0.042504,0.039682,0.052932,0.0,0.0,0.0,0.083675,0.0,0.081261,0.082901,0.025371,0.0,0.0,0.0,0.0,0.019478,0.080032,0.08139,0.0,0.014904,0.0,0.0,0.045667,0.045967,0.046402,0.045651,0.0,0.0,0.005576
2022-09-26,0.019051,0.0,0.015187,0.071885,0.0,0.0,0.0,0.082,0.0,0.0,0.019378,0.0,0.0,0.0,0.042,0.038917,0.053057,0.0,0.0,0.0,0.083955,0.0,0.082377,0.081954,0.025522,0.0,0.0,0.0,0.0,0.019178,0.080346,0.08149,0.0,0.014851,0.0,0.0,0.045491,0.04582,0.046451,0.045442,0.0,0.0,0.005649
2022-09-27,0.019081,0.0,0.015109,0.07181,0.0,0.0,0.0,0.082042,0.0,0.0,0.019502,0.0,0.0,0.0,0.042607,0.040055,0.05305,0.0,0.0,0.0,0.083968,0.0,0.081213,0.080831,0.025637,0.0,0.0,0.0,0.0,0.018983,0.081144,0.081919,0.0,0.014929,0.0,0.0,0.045325,0.045724,0.046502,0.044901,0.0,0.0,0.005668
2022-09-28,0.01882,0.0,0.015114,0.07109,0.0,0.0,0.0,0.081815,0.0,0.0,0.019664,0.0,0.0,0.0,0.043684,0.041907,0.053231,0.0,0.0,0.0,0.084243,0.0,0.080693,0.080213,0.025437,0.0,0.0,0.0,0.0,0.019024,0.079991,0.0821,0.0,0.014782,0.0,0.0,0.045503,0.045685,0.046471,0.044971,0.0,0.0,0.005565
2022-09-29,0.018961,0.0,0.01521,0.070402,0.0,0.0,0.0,0.08133,0.0,0.0,0.019292,0.0,0.0,0.0,0.044392,0.04231,0.053156,0.0,0.0,0.0,0.084888,0.0,0.080645,0.078244,0.025175,0.0,0.0,0.0,0.0,0.018764,0.079197,0.083413,0.0,0.015029,0.0,0.0,0.046024,0.045774,0.04678,0.045359,0.0,0.0,0.005655
2022-09-30,0.024199,0.0,0.0,0.06602,0.044622,0.033279,0.0,0.05697,0.0,0.0,0.033033,0.0,0.0,0.0,0.045102,0.04536,0.065525,0.0,0.0,0.0,0.057412,0.032601,0.080254,0.080572,0.0,0.0,0.0,0.0,0.0,0.0,0.080152,0.0,0.0,0.037359,0.0,0.0,0.040688,0.049637,0.059992,0.029885,0.033124,0.0,0.004213
2022-10-03,0.023806,0.0,0.0,0.065065,0.044113,0.032889,0.0,0.056248,0.0,0.0,0.032495,0.0,0.0,0.0,0.046829,0.047451,0.066338,0.0,0.0,0.0,0.057581,0.032305,0.080229,0.081502,0.0,0.0,0.0,0.0,0.0,0.0,0.079663,0.0,0.0,0.036788,0.0,0.0,0.04046,0.049408,0.059729,0.029913,0.033047,0.0,0.004141
2022-10-04,0.024047,0.0,0.0,0.064944,0.044564,0.033337,0.0,0.055829,0.0,0.0,0.032779,0.0,0.0,0.0,0.047606,0.048675,0.066909,0.0,0.0,0.0,0.057428,0.032677,0.079385,0.081124,0.0,0.0,0.0,0.0,0.0,0.0,0.081248,0.0,0.0,0.035964,0.0,0.0,0.039518,0.048349,0.059472,0.029291,0.032817,0.0,0.004037
2022-10-05,0.023829,0.0,0.0,0.064905,0.044287,0.033657,0.0,0.055951,0.0,0.0,0.032736,0.0,0.0,0.0,0.048813,0.049796,0.066852,0.0,0.0,0.0,0.057884,0.032697,0.079288,0.079687,0.0,0.0,0.0,0.0,0.0,0.0,0.080491,0.0,0.0,0.036345,0.0,0.0,0.039324,0.048189,0.05951,0.029203,0.0325,0.0,0.004054
2022-10-06,0.024075,0.0,0.0,0.065822,0.044766,0.033467,0.0,0.055485,0.0,0.0,0.032657,0.0,0.0,0.0,0.049915,0.050758,0.066394,0.0,0.0,0.0,0.057414,0.032851,0.078498,0.077422,0.0,0.0,0.0,0.0,0.0,0.0,0.081092,0.0,0.0,0.036354,0.0,0.0,0.039291,0.048255,0.05961,0.029272,0.032528,0.0,0.004075
2022-10-07,0.023887,0.0,0.0,0.065642,0.044682,0.033149,0.0,0.055515,0.0,0.0,0.032082,0.0,0.0,0.0,0.050388,0.051007,0.066257,0.0,0.0,0.0,0.057176,0.031979,0.078668,0.077135,0.0,0.0,0.0,0.0,0.0,0.0,0.080319,0.0,0.0,0.037041,0.0,0.0,0.039778,0.049108,0.059908,0.029485,0.032648,0.0,0.004146
2022-10-10,0.023727,0.0,0.0,0.065914,0.044155,0.032261,0.0,0.056546,0.0,0.0,0.032117,0.0,0.0,0.0,0.049716,0.050455,0.066978,0.0,0.0,0.0,0.057234,0.031623,0.079531,0.077835,0.0,0.0,0.0,0.0,0.0,0.0,0.079118,0.0,0.0,0.037756,0.0,0.0,0.039834,0.049187,0.059611,0.029434,0.032792,0.0,0.004176
2022-10-11,0.023708,0.0,0.0,0.065844,0.043771,0.031536,0.0,0.055983,0.0,0.0,0.031905,0.0,0.0,0.0,0.049396,0.049863,0.067068,0.0,0.0,0.0,0.05763,0.031925,0.080313,0.077677,0.0,0.0,0.0,0.0,0.0,0.0,0.079856,0.0,0.0,0.037668,0.0,0.0,0.039998,0.049547,0.059889,0.02942,0.032819,0.0,0.004182
2022-10-12,0.023647,0.0,0.0,0.065518,0.043582,0.031646,0.0,0.056415,0.0,0.0,0.032108,0.0,0.0,0.0,0.04998,0.050615,0.066791,0.0,0.0,0.0,0.057562,0.032221,0.081044,0.07537,0.0,0.0,0.0,0.0,0.0,0.0,0.079152,0.0,0.0,0.037511,0.0,0.0,0.040279,0.049831,0.060214,0.029495,0.032824,0.0,0.004199
2022-10-13,0.023534,0.0,0.0,0.065114,0.043138,0.031112,0.0,0.056081,0.0,0.0,0.032053,0.0,0.0,0.0,0.05137,0.051814,0.067411,0.0,0.0,0.0,0.058167,0.032372,0.081356,0.076291,0.0,0.0,0.0,0.0,0.0,0.0,0.079153,0.0,0.0,0.037042,0.0,0.0,0.039608,0.049152,0.059594,0.029178,0.032315,0.0,0.004146
2022-10-14,0.02392,0.0,0.0,0.066148,0.043706,0.031234,0.0,0.056307,0.0,0.0,0.031357,0.0,0.0,0.0,0.050257,0.050038,0.067003,0.0,0.0,0.0,0.058713,0.031973,0.081187,0.076411,0.0,0.0,0.0,0.0,0.0,0.0,0.077759,0.0,0.0,0.03742,0.0,0.0,0.040026,0.049993,0.060368,0.029368,0.032597,0.0,0.004214
2022-10-17,0.02393,0.0,0.0,0.065851,0.043694,0.031607,0.0,0.056594,0.0,0.0,0.03208,0.0,0.0,0.0,0.050025,0.050367,0.067312,0.0,0.0,0.0,0.058651,0.032598,0.080681,0.076695,0.0,0.0,0.0,0.0,0.0,0.0,0.078987,0.0,0.0,0.036789,0.0,0.0,0.039394,0.049285,0.060081,0.029011,0.032225,0.0,0.004143
2022-10-18,0.023861,0.0,0.0,0.065575,0.04311,0.031278,0.0,0.056087,0.0,0.0,0.032301,0.0,0.0,0.0,0.05012,0.050518,0.068469,0.0,0.0,0.0,0.058577,0.032529,0.081179,0.077567,0.0,0.0,0.0,0.0,0.0,0.0,0.078759,0.0,0.0,0.036485,0.0,0.0,0.039226,0.048821,0.060093,0.028986,0.032345,0.0,0.004114
2022-10-19,0.023993,0.0,0.0,0.065623,0.043029,0.030191,0.0,0.055918,0.0,0.0,0.032147,0.0,0.0,0.0,0.051936,0.052149,0.068426,0.0,0.0,0.0,0.058135,0.031138,0.08133,0.077058,0.0,0.0,0.0,0.0,0.0,0.0,0.079428,0.0,0.0,0.03665,0.0,0.0,0.039069,0.048889,0.059905,0.028775,0.032071,0.0,0.004141
2022-10-20,0.024278,0.0,0.0,0.066193,0.043924,0.030581,0.0,0.056847,0.0,0.0,0.031738,0.0,0.0,0.0,0.052336,0.051928,0.067534,0.0,0.0,0.0,0.058029,0.031189,0.080736,0.075619,0.0,0.0,0.0,0.0,0.0,0.0,0.079123,0.0,0.0,0.036915,0.0,0.0,0.039038,0.049171,0.059974,0.028717,0.031959,0.0,0.004169
2022-10-21,0.023806,0.0,0.0,0.064604,0.043122,0.030427,0.0,0.056855,0.0,0.0,0.032205,0.0,0.0,0.0,0.053093,0.05235,0.068416,0.0,0.0,0.0,0.058502,0.031602,0.080826,0.075939,0.0,0.0,0.0,0.0,0.0,0.0,0.080511,0.0,0.0,0.036489,0.0,0.0,0.038578,0.048608,0.059703,0.028395,0.031859,0.0,0.004111
2022-10-24,0.024242,0.0,0.0,0.065104,0.041827,0.027504,0.0,0.056938,0.0,0.0,0.032354,0.0,0.0,0.0,0.05337,0.05239,0.069361,0.0,0.0,0.0,0.059659,0.031474,0.08232,0.076613,0.0,0.0,0.0,0.0,0.0,0.0,0.079036,0.0,0.0,0.03638,0.0,0.0,0.038547,0.048747,0.059773,0.028395,0.031854,0.0,0.004113
2022-10-25,0.024411,0.0,0.0,0.065471,0.041763,0.027649,0.0,0.05633,0.0,0.0,0.032747,0.0,0.0,0.0,0.052754,0.052163,0.069412,0.0,0.0,0.0,0.059358,0.03191,0.082353,0.077167,0.0,0.0,0.0,0.0,0.0,0.0,0.079761,0.0,0.0,0.035815,0.0,0.0,0.038538,0.048331,0.059592,0.028413,0.032,0.0,0.004062
2022-10-26,0.024508,0.0,0.0,0.065575,0.042241,0.028637,0.0,0.056423,0.0,0.0,0.032214,0.0,0.0,0.0,0.053027,0.052536,0.069077,0.0,0.0,0.0,0.059517,0.032171,0.082208,0.076491,0.0,0.0,0.0,0.0,0.0,0.0,0.080199,0.0,0.0,0.035375,0.0,0.0,0.038412,0.047857,0.059258,0.028305,0.031942,0.0,0.004027
2022-10-27,0.0243,0.0,0.0,0.065927,0.042118,0.027943,0.0,0.05591,0.0,0.0,0.032125,0.0,0.0,0.0,0.053277,0.052166,0.069962,0.0,0.0,0.0,0.059269,0.031809,0.082367,0.077186,0.0,0.0,0.0,0.0,0.0,0.0,0.079127,0.0,0.0,0.035199,0.0,0.0,0.038727,0.04828,0.059759,0.028468,0.032049,0.0,0.004032
2022-10-28,0.024202,0.0,0.0,0.065432,0.041003,0.02698,0.0,0.056287,0.0,0.0,0.031988,0.0,0.0,0.0,0.053188,0.051662,0.07122,0.0,0.0,0.0,0.059934,0.03276,0.08374,0.078896,0.0,0.0,0.0,0.0,0.0,0.0,0.0773,0.0,0.0,0.034841,0.0,0.0,0.038329,0.047973,0.05991,0.02838,0.031964,0.0,0.004011
2022-10-31,0.022117,0.0,0.050466,0.062067,0.016986,0.0,0.0,0.074669,0.0,0.0,0.0,0.0,0.0,0.068178,0.051918,0.027854,0.0,0.0,0.0,0.025297,0.058101,0.025896,0.074757,0.0,0.0,0.0,0.0,0.0,0.0,0.0,0.063347,0.073977,0.0,0.074936,0.0,0.0,0.042143,0.042025,0.04206,0.041775,0.056484,0.0,0.004948
2022-11-01,0.021917,0.0,0.050482,0.062262,0.017229,0.0,0.0,0.074517,0.0,0.0,0.0,0.0,0.0,0.067783,0.052041,0.028002,0.0,0.0,0.0,0.025034,0.057716,0.025919,0.073982,0.0,0.0,0.0,0.0,0.0,0.0,0.0,0.06431,0.074192,0.0,0.07522,0.0,0.0,0.041831,0.041713,0.042007,0.041772,0.057156,0.0,0.004913
2022-11-02,0.022082,0.0,0.050791,0.062447,0.01742,0.0,0.0,0.074577,0.0,0.0,0.0,0.0,0.0,0.06708,0.051434,0.027613,0.0,0.0,0.0,0.024386,0.057458,0.02573,0.073624,0.0,0.0,0.0,0.0,0.0,0.0,0.0,0.063863,0.074615,0.0,0.075761,0.0,0.0,0.042293,0.04215,0.042156,0.042101,0.057444,0.0,0.004975
2022-11-03,0.02164,0.0,0.050759,0.062066,0.017414,0.0,0.0,0.075185,0.0,0.0,0.0,0.0,0.0,0.066546,0.052499,0.028304,0.0,0.0,0.0,0.023991,0.057339,0.025611,0.073535,0.0,0.0,0.0,0.0,0.0,0.0,0.0,0.064765,0.074492,0.0,0.075544,0.0,0.0,0.0422,0.041772,0.041945,0.042042,0.057365,0.0,0.004987
2022-11-04,0.021486,0.0,0.050988,0.060576,0.01776,0.0,0.0,0.075647,0.0,0.0,0.0,0.0,0.0,0.067119,0.05236,0.028429,0.0,0.0,0.0,0.024126,0.056843,0.025026,0.073315,0.0,0.0,0.0,0.0,0.0,0.0,0.0,0.067017,0.075654,0.0,0.075376,0.0,0.0,0.041493,0.041313,0.041617,0.041508,0.057432,0.0,0.004914
2022-11-07,0.021669,0.0,0.051074,0.060758,0.017818,0.0,0.0,0.075433,0.0,0.0,0.0,0.0,0.0,0.067337,0.053047,0.029173,0.0,0.0,0.0,0.024181,0.057222,0.024664,0.073673,0.0,0.0,0.0,0.0,0.0,0.0,0.0,0.066468,0.075053,0.0,0.075337,0.0,0.0,0.041181,0.041199,0.041445,0.041191,0.057182,0.0,0.004895
2022-11-08,0.02191,0.0,0.051481,0.060841,0.017875,0.0,0.0,0.075558,0.0,0.0,0.0,0.0,0.0,0.066796,0.052758,0.028798,0.0,0.0,0.0,0.023999,0.05714,0.024736,0.073413,0.0,0.0,0.0,0.0,0.0,0.0,0.0,0.067421,0.076295,0.0,0.074483,0.0,0.0,0.04119,0.040993,0.04114,0.041098,0.057211,0.0,0.004863
2022-11-09,0.021946,0.0,0.051431,0.060954,0.017992,0.0,0.0,0.075674,0.0,0.0,0.0,0.0,0.0,0.066704,0.050995,0.027341,0.0,0.0,0.0,0.024273,0.057444,0.024301,0.073796,0.0,0.0,0.0,0.0,0.0,0.0,0.0,0.065801,0.077147,0.0,0.075355,0.0,0.0,0.042003,0.041573,0.041309,0.041659,0.057359,0.0,0.004943
2022-11-10,0.021987,0.0,0.052514,0.060812,0.017746,0.0,0.0,0.075196,0.0,0.0,0.0,0.0,0.0,0.067787,0.050412,0.027431,0.0,0.0,0.0,0.026056,0.056962,0.025302,0.073041,0.0,0.0,0.0,0.0,0.0,0.0,0.0,0.066763,0.076876,0.0,0.07309,0.0,0.0,0.04153,0.04087,0.041192,0.041636,0.058018,0.0,0.00478
2022-11-11,0.022105,0.0,0.05323,0.060341,0.0181,0.0,0.0,0.074771,0.0,0.0,0.0,0.0,0.0,0.067104,0.05156,0.02812,0.0,0.0,0.0,0.026134,0.055922,0.025644,0.072517,0.0,0.0,0.0,0.0,0.0,0.0,0.0,0.067948,0.076912,0.0,0.072826,0.0,0.0,0.041191,0.040598,0.041084,0.041493,0.05765,0.0,0.004751
2022-11-14,0.022427,0.0,0.052922,0.06064,0.018286,0.0,0.0,0.074426,0.0,0.0,0.0,0.0,0.0,0.066498,0.051955,0.027931,0.0,0.0,0.0,0.025407,0.056418,0.025637,0.072518,0.0,0.0,0.0,0.0,0.0,0.0,0.0,0.06671,0.077694,0.0,0.073369,0.0,0.0,0.04142,0.04062,0.041105,0.041611,0.057615,0.0,0.004789
2022-11-15,0.022486,0.0,0.052911,0.060639,0.01866,0.0,0.0,0.074225,0.0,0.0,0.0,0.0,0.0,0.066437,0.052144,0.028413,0.0,0.0,0.0,0.025921,0.055963,0.025396,0.072627,0.0,0.0,0.0,0.0,0.0,0.0,0.0,0.065455,0.077437,0.0,0.073088,0.0,0.0,0.041443,0.040606,0.041185,0.041904,0.058302,0.0,0.004757
2022-11-16,0.022389,0.0,0.053153,0.059874,0.018418,0.0,0.0,0.0739,0.0,0.0,0.0,0.0,0.0,0.065913,0.051493,0.027816,0.0,0.0,0.0,0.025839,0.05639,0.024881,0.073572,0.0,0.0,0.0,0.0,0.0,0.0,0.0,0.064331,0.077884,0.0,0.073423,0.0,0.0,0.042086,0.041037,0.041429,0.042603,0.058773,0.0,0.004796
2022-11-17,0.022288,0.0,0.053437,0.059733,0.018437,0.0,0.0,0.07412,0.0,0.0,0.0,0.0,0.0,0.065469,0.051976,0.027956,0.0,0.0,0.0,0.025595,0.056769,0.024768,0.074081,0.0,0.0,0.0,0.0,0.0,0.0,0.0,0.063341,0.077873,0.0,0.073287,0.0,0.0,0.0421,0.041051,0.041547,0.04268,0.058662,0.0,0.004831
2022-11-18,0.022487,0.0,0.053375,0.060338,0.018423,0.0,0.0,0.074044,0.0,0.0,0.0,0.0,0.0,0.065937,0.051524,0.027625,0.0,0.0,0.0,0.025636,0.057411,0.024893,0.074814,0.0,0.0,0.0,0.0,0.0,0.0,0.0,0.062534,0.077275,0.0,0.073266,0.0,0.0,0.041918,0.04081,0.041604,0.042642,0.058616,0.0,0.004827
2022-11-21,0.022387,0.0,0.053077,0.060635,0.018192,0.0,0.0,0.07368,0.0,0.0,0.0,0.0,0.0,0.066421,0.050956,0.027169,0.0,0.0,0.0,0.025486,0.057583,0.024605,0.075718,0.0,0.0,0.0,0.0,0.0,0.0,0.0,0.062332,0.077039,0.0,0.0736,0.0,0.0,0.041999,0.041131,0.041693,0.042686,0.058772,0.0,0.00484
2022-11-22,0.022399,0.0,0.053704,0.060462,0.018044,0.0,0.0,0.073487,0.0,0.0,0.0,0.0,0.0,0.066615,0.05206,0.028007,0.0,0.0,0.0,0.025848,0.05754,0.02471,0.075557,0.0,0.0,0.0,0.0,0.0,0.0,0.0,0.061492,0.076408,0.0,0.073021,0.0,0.0,0.041844,0.04091,0.041603,0.042663,0.058828,0.0,0.004794
2022-11-23,0.022595,0.0,0.054114,0.060536,0.018135,0.0,0.0,0.073107,0.0,0.0,0.0,0.0,0.0,0.066363,0.051301,0.027459,0.0,0.0,0.0,0.026032,0.05755,0.024626,0.075528,0.0,0.0,0.0,0.0,0.0,0.0,0.0,0.062347,0.076593,0.0,0.072453,0.0,0.0,0.04191,0.04098,0.041679,0.042928,0.058987,0.0,0.004776
2022-11-24,0.022709,0.0,0.054088,0.060658,0.018328,0.0,0.0,0.073072,0.0,0.0,0.0,0.0,0.0,0.066331,0.051277,0.027446,0.0,0.0,0.0,0.02602,0.057523,0.024614,0.075492,0.0,0.0,0.0,0.0,0.0,0.0,0.0,0.062317,0.076557,0.0,0.072419,0.0,0.0,0.04189,0.04096,0.041659,0.042907,0.058959,0.0,0.004775
2022-11-25,0.022652,0.0,0.054465,0.060675,0.018118,0.0,0.0,0.073814,0.0,0.0,0.0,0.0,0.0,0.066827,0.051094,0.027451,0.0,0.0,0.0,0.026014,0.057872,0.024635,0.075551,0.0,0.0,0.0,0.0,0.0,0.0,0.0,0.060451,0.076632,0.0,0.072391,0.0,0.0,0.041882,0.040927,0.041581,0.042956,0.059236,0.0,0.004776
2022-11-28,0.022692,0.0,0.054594,0.060659,0.018248,0.0,0.0,0.074407,0.0,0.0,0.0,0.0,0.0,0.066013,0.050196,0.02671,0.0,0.0,0.0,0.025857,0.058019,0.024452,0.076026,0.0,0.0,0.0,0.0,0.0,0.0,0.0,0.059983,0.076796,0.0,0.07272,0.0,0.0,0.042324,0.041246,0.04156,0.043078,0.059598,0.0,0.004824
2022-11-29,0.022404,0.0,0.054094,0.060261,0.018417,0.0,0.0,0.074816,0.0,0.0,0.0,0.0,0.0,0.066316,0.050799,0.026944,0.0,0.0,0.0,0.025984,0.057698,0.024479,0.075505,0.0,0.0,0.0,0.0,0.0,0.0,0.0,0.060822,0.07694,0.0,0.072718,0.0,0.0,0.042017,0.040944,0.041612,0.042734,0.059689,0.0,0.00481
2022-11-30,0.013278,0.0,0.0,0.077952,0.0,0.0,0.055451,0.08156,0.0,0.0,0.0,0.0,0.041419,0.049895,0.045736,0.045268,0.081143,0.0,0.0,0.012632,0.045522,0.04544,0.081476,0.0,0.0,0.0,0.0,0.0,0.0,0.0,0.042582,0.0,0.0,0.081508,0.0,0.0,0.042988,0.048172,0.070314,0.021276,0.012305,0.0,0.004084
2022-12-01,0.013652,0.0,0.0,0.078714,0.0,0.0,0.055005,0.081559,0.0,0.0,0.0,0.0,0.041188,0.049563,0.045595,0.044376,0.081184,0.0,0.0,0.012805,0.045662,0.045161,0.081124,0.0,0.0,0.0,0.0,0.0,0.0,0.0,0.042475,0.0,0.0,0.080997,0.0,0.0,0.043467,0.048699,0.07059,0.021546,0.012552,0.0,0.004085
2022-12-02,0.013568,0.0,0.0,0.078443,0.0,0.0,0.055092,0.081004,0.0,0.0,0.0,0.0,0.040928,0.049272,0.045251,0.043933,0.081515,0.0,0.0,0.0127,0.045706,0.046483,0.081362,0.0,0.0,0.0,0.0,0.0,0.0,0.0,0.043037,0.0,0.0,0.080622,0.0,0.0,0.043485,0.048981,0.07042,0.021642,0.012479,0.0,0.004079
2022-12-05,0.013727,0.0,0.0,0.078794,0.0,0.0,0.054288,0.081613,0.0,0.0,0.0,0.0,0.040723,0.04791,0.044798,0.042744,0.081777,0.0,0.0,0.012725,0.046186,0.045886,0.081968,0.0,0.0,0.0,0.0,0.0,0.0,0.0,0.041848,0.0,0.0,0.081884,0.0,0.0,0.043916,0.049461,0.071162,0.021893,0.012536,0.0,0.004161
2022-12-06,0.013659,0.0,0.0,0.078396,0.0,0.0,0.055594,0.081684,0.0,0.0,0.0,0.0,0.040688,0.047799,0.043969,0.041896,0.081462,0.0,0.0,0.012652,0.046205,0.044978,0.082119,0.0,0.0,0.0,0.0,0.0,0.0,0.0,0.042166,0.0,0.0,0.08196,0.0,0.0,0.044543,0.049851,0.071477,0.022137,0.012569,0.0,0.004195
2022-12-07,0.013518,0.0,0.0,0.077963,0.0,0.0,0.055099,0.081683,0.0,0.0,0.0,0.0,0.040439,0.047699,0.043774,0.041445,0.081185,0.0,0.0,0.012947,0.046487,0.045162,0.082293,0.0,0.0,0.0,0.0,0.0,0.0,0.0,0.042669,0.0,0.0,0.081871,0.0,0.0,0.044838,0.049961,0.07172,0.022336,0.012724,0.0,0.004188
2022-12-08,0.01364,0.0,0.0,0.078023,0.0,0.0,0.054119,0.08193,0.0,0.0,0.0,0.0,0.040485,0.047825,0.043589,0.040513,0.081688,0.0,0.0,0.012997,0.046919,0.045446,0.082758,0.0,0.0,0.0,0.0,0.0,0.0,0.0,0.042623,0.0,0.0,0.081933,0.0,0.0,0.044596,0.049959,0.071795,0.022271,0.012704,0.0,0.004188
2022-12-09,0.013815,0.0,0.0,0.078869,0.0,0.0,0.05452,0.081533,0.0,0.0,0.0,0.0,0.040719,0.048018,0.042887,0.040088,0.081698,0.0,0.0,0.013008,0.046707,0.044677,0.08281,0.0,0.0,0.0,0.0,0.0,0.0,0.0,0.042278,0.0,0.0,0.082202,0.0,0.0,0.044638,0.049901,0.072399,0.02229,0.012722,0.0,0.004224
2022-12-12,0.013632,0.0,0.0,0.078067,0.0,0.0,0.052659,0.08129,0.0,0.0,0.0,0.0,0.040975,0.048151,0.043708,0.041319,0.082525,0.0,0.0,0.013084,0.046878,0.045483,0.083103,0.0,0.0,0.0,0.0,0.0,0.0,0.0,0.041802,0.0,0.0,0.082342,0.0,0.0,0.044265,0.04956,0.072175,0.022107,0.012681,0.0,0.004195
2022-12-13,0.01392,0.0,0.0,0.078444,0.0,0.0,0.051252,0.081393,0.0,0.0,0.0,0.0,0.040886,0.047366,0.044325,0.041862,0.082442,0.0,0.0,0.013247,0.046799,0.045983,0.082589,0.0,0.0,0.0,0.0,0.0,0.0,0.0,0.041434,0.0,0.0,0.082449,0.0,0.0,0.044452,0.04947,0.072576,0.022194,0.012741,0.0,0.004175
2022-12-14,0.013939,0.0,0.0,0.078699,0.0,0.0,0.051352,0.08136,0.0,0.0,0.0,0.0,0.040497,0.046728,0.04419,0.041771,0.082541,0.0,0.0,0.01325,0.047017,0.046275,0.08279,0.0,0.0,0.0,0.0,0.0,0.0,0.0,0.041141,0.0,0.0,0.08262,0.0,0.0,0.044711,0.049499,0.072388,0.022283,0.012762,0.0,0.004188
2022-12-15,0.013626,0.0,0.0,0.077266,0.0,0.0,0.051804,0.080926,0.0,0.0,0.0,0.0,0.040219,0.046467,0.044493,0.042491,0.081594,0.0,0.0,0.013565,0.046755,0.045523,0.082442,0.0,0.0,0.0,0.0,0.0,0.0,0.0,0.040899,0.0,0.0,0.083652,0.0,0.0,0.045381,0.050152,0.073053,0.022592,0.012859,0.0,0.004243
2022-12-16,0.013534,0.0,0.0,0.077158,0.0,0.0,0.051828,0.081273,0.0,0.0,0.0,0.0,0.040158,0.046376,0.044219,0.042017,0.08175,0.0,0.0,0.013451,0.046361,0.045959,0.082545,0.0,0.0,0.0,0.0,0.0,0.0,0.0,0.040826,0.0,0.0,0.083916,0.0,0.0,0.045546,0.050192,0.073114,0.022634,0.012871,0.0,0.00427
2022-12-19,0.013534,0.0,0.0,0.077104,0.0,0.0,0.053107,0.082123,0.0,0.0,0.0,0.0,0.040165,0.046647,0.04434,0.041456,0.081551,0.0,0.0,0.013228,0.046319,0.045145,0.082728,0.0,0.0,0.0,0.0,0.0,0.0,0.0,0.040365,0.0,0.0,0.084181,0.0,0.0,0.045306,0.050162,0.072949,0.02247,0.012838,0.0,0.004282
2022-12-20,0.013458,0.0,0.0,0.076729,0.0,0.0,0.05492,0.08183,0.0,0.0,0.0,0.0,0.040179,0.046703,0.044838,0.041733,0.081341,0.0,0.0,0.013078,0.046133,0.045812,0.082347,0.0,0.0,0.0,0.0,0.0,0.0,0.0,0.040038,0.0,0.0,0.0845,0.0,0.0,0.044806,0.049957,0.072486,0.022121,0.012724,0.0,0.004267
2022-12-21,0.01353,0.0,0.0,0.077198,0.0,0.0,0.054748,0.080201,0.0,0.0,0.0,0.0,0.04037,0.047048,0.045205,0.042339,0.081993,0.0,0.0,0.013182,0.046244,0.046337,0.082286,0.0,0.0,0.0,0.0,0.0,0.0,0.0,0.039367,0.0,0.0,0.084532,0.0,0.0,0.044385,0.049695,0.072327,0.022036,0.012754,0.0,0.004222
2022-12-22,0.01341,0.0,0.0,0.076603,0.0,0.0,0.055589,0.079992,0.0,0.0,0.0,0.0,0.040341,0.047136,0.044524,0.04134,0.081611,0.0,0.0,0.013229,0.046557,0.046851,0.08277,0.0,0.0,0.0,0.0,0.0,0.0,0.0,0.038329,0.0,0.0,0.085435,0.0,0.0,0.044734,0.049826,0.072468,0.02221,0.012792,0.0,0.004254
2022-12-23,0.013444,0.0,0.0,0.07659,0.0,0.0,0.056511,0.078744,0.0,0.0,0.0,0.0,0.04041,0.047248,0.045765,0.042768,0.081776,0.0,0.0,0.013158,0.046403,0.045575,0.082878,0.0,0.0,0.0,0.0,0.0,0.0,0.0,0.037938,0.0,0.0,0.085569,0.0,0.0,0.044358,0.049522,0.072372,0.022056,0.012674,0.0,0.00424
2022-12-27,0.013484,0.0,0.0,0.076804,0.0,0.0,0.054789,0.080129,0.0,0.0,0.0,0.0,0.040518,0.04742,0.046391,0.043175,0.082269,0.0,0.0,0.013178,0.046421,0.044388,0.083522,0.0,0.0,0.0,0.0,0.0,0.0,0.0,0.037949,0.0,0.0,0.085441,0.0,0.0,0.044118,0.049441,0.071835,0.021836,0.012636,0.0,0.004254
2022-12-28,0.013494,0.0,0.0,0.076877,0.0,0.0,0.056333,0.080715,0.0,0.0,0.0,0.0,0.040651,0.047371,0.045662,0.04154,0.081749,0.0,0.0,0.012987,0.046436,0.044857,0.083046,0.0,0.0,0.0,0.0,0.0,0.0,0.0,0.037393,0.0,0.0,0.086623,0.0,0.0,0.044313,0.049723,0.071354,0.021917,0.012675,0.0,0.004285
2022-12-29,0.013509,0.0,0.0,0.076838,0.0,0.0,0.055248,0.080694,0.0,0.0,0.0,0.0,0.040795,0.047858,0.045669,0.042002,0.081911,0.0,0.0,0.013147,0.046463,0.046336,0.082551,0.0,0.0,0.0,0.0,0.0,0.0,0.0,0.0379,0.0,0.0,0.085316,0.0,0.0,0.044076,0.049419,0.071539,0.021847,0.012643,0.0,0.004238
2022-12-30,0.015729,0.037253,0.068081,0.079394,0.0,0.0,0.0,0.084764,0.0,0.0,0.0,0.0,0.054998,0.040161,0.080146,0.014433,0.066762,0.027974,0.0,0.037948,0.047426,0.047524,0.084495,0.0,0.0,0.0,0.0,0.0,0.0,0.0,0.0,0.0,0.020113,0.0,0.0,0.0,0.02957,0.0,0.05876,0.036527,0.064191,0.0,0.00375
2023-01-02,0.015705,0.037195,0.067974,0.080831,0.0,0.0,0.0,0.084632,0.0,0.0,0.0,0.0,0.054912,0.040099,0.080021,0.01441,0.066658,0.027931,0.0,0.037889,0.047352,0.04745,0.084363,0.0,0.0,0.0,0.0,0.0,0.0,0.0,0.0,0.0,0.020081,0.0,0.0,0.0,0.029524,0.0,0.058668,0.03647,0.064091,0.0,0.003745
2023-01-03,0.015696,0.037768,0.068486,0.080502,0.0,0.0,0.0,0.085189,0.0,0.0,0.0,0.0,0.055256,0.040048,0.077424,0.013642,0.066984,0.028064,0.0,0.038513,0.047345,0.046738,0.084277,0.0,0.0,0.0,0.0,0.0,0.0,0.0,0.0,0.0,0.020164,0.0,0.0,0.0,0.029837,0.0,0.058941,0.036824,0.064548,0.0,0.003756
2023-01-04,0.015805,0.038199,0.067302,0.080655,0.0,0.0,0.0,0.08447,0.0,0.0,0.0,0.0,0.055721,0.040199,0.076835,0.013587,0.06707,0.028366,0.0,0.039071,0.047115,0.047361,0.083972,0.0,0.0,0.0,0.0,0.0,0.0,0.0,0.0,0.0,0.019867,0.0,0.0,0.0,0.029841,0.0,0.059173,0.036813,0.064849,0.0,0.003728
2023-01-05,0.015681,0.038086,0.066806,0.080703,0.0,0.0,0.0,0.084383,0.0,0.0,0.0,0.0,0.055647,0.040056,0.078721,0.013691,0.066757,0.028163,0.0,0.039143,0.046922,0.047241,0.083641,0.0,0.0,0.0,0.0,0.0,0.0,0.0,0.0,0.0,0.019534,0.0,0.0,0.0,0.029982,0.0,0.059419,0.037013,0.064658,0.0,0.003751
2023-01-06,0.015669,0.038365,0.067193,0.080111,0.0,0.0,0.0,0.083832,0.0,0.0,0.0,0.0,0.055815,0.040359,0.078705,0.013709,0.067295,0.028638,0.0,0.03915,0.046463,0.046712,0.084258,0.0,0.0,0.0,0.0,0.0,0.0,0.0,0.0,0.0,0.019641,0.0,0.0,0.0,0.029796,0.0,0.059131,0.036911,0.064565,0.0,0.003681
2023-01-09,0.015998,0.038685,0.067473,0.080587,0.0,0.0,0.0,0.084177,0.0,0.0,0.0,0.0,0.05572,0.040185,0.078581,0.013876,0.067127,0.029026,0.0,0.03916,0.045776,0.04574,0.0836,0.0,0.0,0.0,0.0,0.0,0.0,0.0,0.0,0.0,0.019518,0.0,0.0,0.0,0.029931,0.0,0.05946,0.03713,0.064566,0.0,0.003687
2023-01-10,0.015769,0.038787,0.067169,0.079875,0.0,0.0,0.0,0.083976,0.0,0.0,0.0,0.0,0.055916,0.040395,0.07897,0.013893,0.06735,0.0291,0.0,0.03945,0.046062,0.04694,0.083309,0.0,0.0,0.0,0.0,0.0,0.0,0.0,0.0,0.0,0.019467,0.0,0.0,0.0,0.029679,0.0,0.059262,0.036925,0.064025,0.0,0.003681
2023-01-11,0.015833,0.038776,0.06721,0.080124,0.0,0.0,0.0,0.083418,0.0,0.0,0.0,0.0,0.056021,0.040444,0.07863,0.013898,0.067496,0.029255,0.0,0.040209,0.045981,0.04704,0.08274,0.0,0.0,0.0,0.0,0.0,0.0,0.0,0.0,0.0,0.019164,0.0,0.0,0.0,0.02965,0.0,0.059214,0.036967,0.064278,0.0,0.003653
2023-01-12,0.015802,0.038873,0.068162,0.079849,0.0,0.0,0.0,0.083137,0.0,0.0,0.0,0.0,0.055586,0.040438,0.079351,0.01417,0.067235,0.029301,0.0,0.039963,0.04539,0.048538,0.081293,0.0,0.0,0.0,0.0,0.0,0.0,0.0,0.0,0.0,0.019269,0.0,0.0,0.0,0.029624,0.0,0.058971,0.037023,0.064408,0.0,0.003618
2023-01-13,0.015817,0.038959,0.068285,0.080306,0.0,0.0,0.0,0.082936,0.0,0.0,0.0,0.0,0.055869,0.040442,0.079273,0.01421,0.066993,0.029118,0.0,0.040071,0.045481,0.048398,0.081477,0.0,0.0,0.0,0.0,0.0,0.0,0.0,0.0,0.0,0.019617,0.0,0.0,0.0,0.029395,0.0,0.058828,0.036813,0.064099,0.0,0.003611
2023-01-16,0.015901,0.038941,0.068252,0.08066,0.0,0.0,0.0,0.082896,0.0,0.0,0.0,0.0,0.055842,0.040423,0.079235,0.014203,0.066961,0.029104,0.0,0.040052,0.045459,0.048375,0.081438,0.0,0.0,0.0,0.0,0.0,0.0,0.0,0.0,0.0,0.019608,0.0,0.0,0.0,0.029381,0.0,0.058799,0.036795,0.064068,0.0,0.003608
2023-01-17,0.015941,0.039095,0.069003,0.080955,0.0,0.0,0.0,0.083037,0.0,0.0,0.0,0.0,0.055552,0.040328,0.079519,0.014291,0.06649,0.029074,0.0,0.039972,0.045315,0.047884,0.081613,0.0,0.0,0.0,0.0,0.0,0.0,0.0,0.0,0.0,0.019355,0.0,0.0,0.0,0.029332,0.0,0.058686,0.036716,0.064228,0.0,0.003614
2023-01-18,0.016015,0.039308,0.069488,0.081461,0.0,0.0,0.0,0.083719,0.0,0.0,0.0,0.0,0.054975,0.039468,0.078723,0.014131,0.065791,0.029024,0.0,0.040097,0.045053,0.047688,0.080057,0.0,0.0,0.0,0.0,0.0,0.0,0.0,0.0,0.0,0.019129,0.0,0.0,0.0,0.029981,0.0,0.059251,0.03746,0.065537,0.0,0.003645
2023-01-19,0.015829,0.03933,0.069839,0.080403,0.0,0.0,0.0,0.084285,0.0,0.0,0.0,0.0,0.054638,0.039602,0.080146,0.014486,0.064797,0.028867,0.0,0.039288,0.045414,0.047456,0.07974,0.0,0.0,0.0,0.0,0.0,0.0,0.0,0.0,0.0,0.019583,0.0,0.0,0.0,0.030091,0.0,0.059231,0.037591,0.065717,0.0,0.003665
2023-01-20,0.015867,0.039302,0.069987,0.080389,0.0,0.0,0.0,0.083848,0.0,0.0,0.0,0.0,0.054994,0.040289,0.080202,0.01456,0.065099,0.029101,0.0,0.039788,0.045225,0.048186,0.079625,0.0,0.0,0.0,0.0,0.0,0.0,0.0,0.0,0.0,0.019457,0.0,0.0,0.0,0.029619,0.0,0.058805,0.037053,0.064969,0.0,0.003633
2023-01-23,0.016079,0.039335,0.06953,0.08109,0.0,0.0,0.0,0.083218,0.0,0.0,0.0,0.0,0.055422,0.040677,0.080005,0.014714,0.065561,0.029308,0.0,0.040085,0.045209,0.048097,0.079575,0.0,0.0,0.0,0.0,0.0,0.0,0.0,0.0,0.0,0.018996,0.0,0.0,0.0,0.029412,0.0,0.058575,0.036806,0.064687,0.0,0.003619
2023-01-24,0.016047,0.039183,0.069925,0.081058,0.0,0.0,0.0,0.082367,0.0,0.0,0.0,0.0,0.055394,0.04024,0.079611,0.01454,0.065923,0.028995,0.0,0.040361,0.044861,0.048961,0.079818,0.0,0.0,0.0,0.0,0.0,0.0,0.0,0.0,0.0,0.019134,0.0,0.0,0.0,0.02955,0.0,0.058552,0.03696,0.064903,0.0,0.003615
2023-01-25,0.015934,0.03934,0.070772,0.080384,0.0,0.0,0.0,0.081648,0.0,0.0,0.0,0.0,0.05583,0.04043,0.079624,0.014525,0.06556,0.028748,0.0,0.040394,0.044877,0.049008,0.080018,0.0,0.0,0.0,0.0,0.0,0.0,0.0,0.0,0.0,0.01932,0.0,0.0,0.0,0.029584,0.0,0.058547,0.036979,0.064863,0.0,0.003615
2023-01-26,0.016,0.039197,0.070289,0.080714,0.0,0.0,0.0,0.081568,0.0,0.0,0.0,0.0,0.055856,0.040671,0.081745,0.014803,0.065604,0.028577,0.0,0.040344,0.044746,0.048603,0.079353,0.0,0.0,0.0,0.0,0.0,0.0,0.0,0.0,0.0,0.019245,0.0,0.0,0.0,0.029336,0.0,0.058412,0.036788,0.064552,0.0,0.003599
2023-01-27,0.016201,0.03918,0.070683,0.081623,0.0,0.0,0.0,0.079714,0.0,0.0,0.0,0.0,0.056016,0.041019,0.080324,0.014643,0.066066,0.028906,0.0,0.040706,0.044569,0.049183,0.079352,0.0,0.0,0.0,0.0,0.0,0.0,0.0,0.0,0.0,0.019028,0.0,0.0,0.0,0.029376,0.0,0.058403,0.036787,0.064613,0.0,0.003609
2023-01-30,0.016264,0.039293,0.070898,0.082156,0.0,0.0,0.0,0.080297,0.0,0.0,0.0,0.0,0.056242,0.040984,0.079193,0.014298,0.066011,0.028581,0.0,0.04037,0.044566,0.048356,0.080168,0.0,0.0,0.0,0.0,0.0,0.0,0.0,0.0,0.0,0.019182,0.0,0.0,0.0,0.029549,0.0,0.058606,0.036979,0.064366,0.0,0.003642
2023-01-31,0.026963,0.070972,0.071107,0.0,0.0,0.0,0.0,0.0,0.0,0.0,0.0,0.0,0.071134,0.0,0.071252,0.0,0.071349,0.0,0.042674,0.071066,0.044619,0.035125,0.071143,0.0,0.0,0.0,0.0,0.0,0.026169,0.0,0.0,0.039592,0.039985,0.011348,0.071122,0.0,0.0,0.0,0.058379,0.021239,0.071038,0.0,0.013725
2023-02-01,0.02687,0.071213,0.070776,0.0,0.0,0.0,0.0,0.0,0.0,0.0,0.0,0.0,0.070562,0.0,0.069288,0.0,0.07129,0.0,0.042611,0.071934,0.044469,0.035171,0.071136,0.0,0.0,0.0,0.0,0.0,0.026809,0.0,0.0,0.039768,0.040117,0.011179,0.071592,0.0,0.0,0.0,0.058518,0.021282,0.071804,0.0,0.01361
2023-02-02,0.027537,0.071433,0.070699,0.0,0.0,0.0,0.0,0.0,0.0,0.0,0.0,0.0,0.070846,0.0,0.067796,0.0,0.071939,0.0,0.042531,0.07428,0.044224,0.036092,0.070615,0.0,0.0,0.0,0.0,0.0,0.027248,0.0,0.0,0.038994,0.039241,0.011238,0.069256,0.0,0.0,0.0,0.05893,0.02134,0.07213,0.0,0.013633
2023-02-03,0.027808,0.071593,0.070749,0.0,0.0,0.0,0.0,0.0,0.0,0.0,0.0,0.0,0.071578,0.0,0.068476,0.0,0.072441,0.0,0.042277,0.073445,0.044635,0.035907,0.071199,0.0,0.0,0.0,0.0,0.0,0.02714,0.0,0.0,0.038487,0.037881,0.011314,0.068875,0.0,0.0,0.0,0.059027,0.021356,0.072012,0.0,0.0138
2023-02-06,0.027613,0.0714,0.070681,0.0,0.0,0.0,0.0,0.0,0.0,0.0,0.0,0.0,0.072148,0.0,0.068726,0.0,0.07286,0.0,0.042155,0.072786,0.044752,0.035926,0.071874,0.0,0.0,0.0,0.0,0.0,0.026951,0.0,0.0,0.038884,0.038026,0.011379,0.067853,0.0,0.0,0.0,0.059131,0.021366,0.071577,0.0,0.013914
2023-02-07,0.027349,0.071297,0.07109,0.0,0.0,0.0,0.0,0.0,0.0,0.0,0.0,0.0,0.072342,0.0,0.070343,0.0,0.072452,0.0,0.042351,0.072924,0.044649,0.03586,0.070949,0.0,0.0,0.0,0.0,0.0,0.027247,0.0,0.0,0.038582,0.037512,0.011308,0.068995,0.0,0.0,0.0,0.058826,0.021111,0.071021,0.0,0.013793
2023-02-08,0.027585,0.071542,0.070844,0.0,0.0,0.0,0.0,0.0,0.0,0.0,0.0,0.0,0.072458,0.0,0.070243,0.0,0.072591,0.0,0.04233,0.071853,0.044856,0.03488,0.07094,0.0,0.0,0.0,0.0,0.0,0.027031,0.0,0.0,0.038971,0.037982,0.011428,0.068734,0.0,0.0,0.0,0.059023,0.021293,0.071518,0.0,0.0139
2023-02-09,0.027857,0.07211,0.071363,0.0,0.0,0.0,0.0,0.0,0.0,0.0,0.0,0.0,0.0721,0.0,0.070078,0.0,0.07239,0.0,0.04198,0.072075,0.044742,0.034657,0.071071,0.0,0.0,0.0,0.0,0.0,0.026909,0.0,0.0,0.038905,0.03766,0.011425,0.068937,0.0,0.0,0.0,0.05901,0.021246,0.071497,0.0,0.013989
2023-02-10,0.027494,0.071401,0.071644,0.0,0.0,0.0,0.0,0.0,0.0,0.0,0.0,0.0,0.07221,0.0,0.072695,0.0,0.072775,0.0,0.042059,0.072146,0.045085,0.034407,0.071603,0.0,0.0,0.0,0.0,0.0,0.026694,0.0,0.0,0.03891,0.037706,0.011514,0.067361,0.0,0.0,0.0,0.058452,0.02106,0.070818,0.0,0.013966
2023-02-13,0.027584,0.07192,0.071121,0.0,0.0,0.0,0.0,0.0,0.0,0.0,0.0,0.0,0.072547,0.0,0.072018,0.0,0.07294,0.0,0.041993,0.073349,0.045151,0.034149,0.071927,0.0,0.0,0.0,0.0,0.0,0.026657,0.0,0.0,0.038451,0.037376,0.011504,0.067705,0.0,0.0,0.0,0.058204,0.020995,0.070535,0.0,0.013873
2023-02-14,0.027491,0.072311,0.070814,0.0,0.0,0.0,0.0,0.0,0.0,0.0,0.0,0.0,0.072202,0.0,0.072091,0.0,0.072791,0.0,0.042119,0.072831,0.044914,0.0343,0.071322,0.0,0.0,0.0,0.0,0.0,0.026953,0.0,0.0,0.038506,0.037253,0.011602,0.068778,0.0,0.0,0.0,0.058259,0.020957,0.070623,0.0,0.013883
2023-02-15,0.027677,0.072445,0.070314,0.0,0.0,0.0,0.0,0.0,0.0,0.0,0.0,0.0,0.072486,0.0,0.071066,0.0,0.073452,0.0,0.042422,0.073327,0.044818,0.03447,0.071661,0.0,0.0,0.0,0.0,0.0,0.027063,0.0,0.0,0.03823,0.036932,0.011538,0.068292,0.0,0.0,0.0,0.05833,0.020937,0.070618,0.0,0.013924
2023-02-16,0.027891,0.072531,0.070568,0.0,0.0,0.0,0.0,0.0,0.0,0.0,0.0,0.0,0.072255,0.0,0.070856,0.0,0.073197,0.0,0.042233,0.072804,0.044679,0.034189,0.071637,0.0,0.0,0.0,0.0,0.0,0.026881,0.0,0.0,0.038464,0.037095,0.01167,0.069206,0.0,0.0,0.0,0.058265,0.020913,0.070645,0.0,0.014021
2023-02-17,0.027544,0.073038,0.070641,0.0,0.0,0.0,0.0,0.0,0.0,0.0,0.0,0.0,0.072375,0.0,0.068428,0.0,0.073779,0.0,0.041895,0.071684,0.045141,0.035056,0.072664,0.0,0.0,0.0,0.0,0.0,0.026502,0.0,0.0,0.038633,0.037465,0.011744,0.069003,0.0,0.0,0.0,0.058574,0.021025,0.070768,0.0,0.014042
2023-02-20,0.027651,0.07303,0.070634,0.0,0.0,0.0,0.0,0.0,0.0,0.0,0.0,0.0,0.072367,0.0,0.06842,0.0,0.07377,0.0,0.04189,0.071676,0.045136,0.035052,0.072656,0.0,0.0,0.0,0.0,0.0,0.026499,0.0,0.0,0.038628,0.037461,0.011742,0.068996,0.0,0.0,0.0,0.058567,0.021023,0.07076,0.0,0.014043
2023-02-21,0.027741,0.073235,0.070772,0.0,0.0,0.0,0.0,0.0,0.0,0.0,0.0,0.0,0.071897,0.0,0.069062,0.0,0.07312,0.0,0.041794,0.069818,0.045193,0.033907,0.073423,0.0,0.0,0.0,0.0,0.0,0.02614,0.0,0.0,0.039039,0.038115,0.012028,0.070258,0.0,0.0,0.0,0.058495,0.021023,0.070696,0.0,0.014246
2023-02-22,0.0277,0.072971,0.070423,0.0,0.0,0.0,0.0,0.0,0.0,0.0,0.0,0.0,0.071999,0.0,0.068776,0.0,0.073123,0.0,0.042214,0.070696,0.045155,0.034346,0.073499,0.0,0.0,0.0,0.0,0.0,0.026184,0.0,0.0,0.038918,0.037602,0.012,0.068789,0.0,0.0,0.0,0.059027,0.021136,0.071153,0.0,0.014286
2023-02-23,0.027459,0.073095,0.070802,0.0,0.0,0.0,0.0,0.0,0.0,0.0,0.0,0.0,0.071728,0.0,0.069493,0.0,0.073128,0.0,0.042067,0.071227,0.045069,0.034123,0.073072,0.0,0.0,0.0,0.0,0.0,0.026689,0.0,0.0,0.038718,0.037202,0.011933,0.067475,0.0,0.0,0.0,0.059337,0.021204,0.071959,0.0,0.01422
2023-02-24,0.027496,0.072559,0.070449,0.0,0.0,0.0,0.0,0.0,0.0,0.0,0.0,0.0,0.07251,0.0,0.0701,0.0,0.073438,0.0,0.042774,0.071366,0.044934,0.03364,0.073311,0.0,0.0,0.0,0.0,0.0,0.026705,0.0,0.0,0.038826,0.036542,0.011877,0.066101,0.0,0.0,0.0,0.059571,0.021256,0.072182,0.0,0.014364
2023-02-27,0.027568,0.073203,0.070704,0.0,0.0,0.0,0.0,0.0,0.0,0.0,0.0,0.0,0.072065,0.0,0.069895,0.0,0.073656,0.0,0.042665,0.071394,0.044535,0.033714,0.072802,0.0,0.0,0.0,0.0,0.0,0.026902,0.0,0.0,0.03875,0.036024,0.011796,0.067163,0.0,0.0,0.0,0.059622,0.021138,0.072122,0.0,0.014282
2023-02-28,0.019357,0.076271,0.076008,0.0,0.04833,0.027748,0.0,0.0,0.032453,0.020418,0.0,0.0,0.076179,0.0,0.076157,0.0,0.075783,0.0,0.076121,0.075926,0.0,0.0,0.0,0.0,0.0,0.0,0.0,0.0,0.064543,0.0,0.0,0.04287,0.042795,0.0,0.076232,0.0,0.0,0.0,0.0,0.0,0.035399,0.045137,0.012272
2023-03-01,0.019094,0.076103,0.075482,0.0,0.048837,0.028576,0.0,0.0,0.03256,0.020631,0.0,0.0,0.075277,0.0,0.076998,0.0,0.075435,0.0,0.076063,0.074412,0.0,0.0,0.0,0.0,0.0,0.0,0.0,0.0,0.064157,0.0,0.0,0.04275,0.042586,0.0,0.078997,0.0,0.0,0.0,0.0,0.0,0.034865,0.045006,0.01217
2023-03-02,0.019013,0.07596,0.075371,0.0,0.048798,0.02891,0.0,0.0,0.032617,0.020489,0.0,0.0,0.074727,0.0,0.077477,0.0,0.076127,0.0,0.076735,0.074656,0.0,0.0,0.0,0.0,0.0,0.0,0.0,0.0,0.064184,0.0,0.0,0.042617,0.042367,0.0,0.078119,0.0,0.0,0.0,0.0,0.0,0.034649,0.045047,0.012139
2023-03-03,0.019083,0.075928,0.076097,0.0,0.048528,0.028583,0.0,0.0,0.032517,0.020644,0.0,0.0,0.074916,0.0,0.077504,0.0,0.075946,0.0,0.076813,0.075061,0.0,0.0,0.0,0.0,0.0,0.0,0.0,0.0,0.065326,0.0,0.0,0.042511,0.042488,0.0,0.079319,0.0,0.0,0.0,0.0,0.0,0.034721,0.042033,0.011982
2023-03-06,0.019397,0.076194,0.076501,0.0,0.049041,0.028354,0.0,0.0,0.032595,0.020798,0.0,0.0,0.075377,0.0,0.077951,0.0,0.076209,0.0,0.07597,0.074534,0.0,0.0,0.0,0.0,0.0,0.0,0.0,0.0,0.065377,0.0,0.0,0.042521,0.042211,0.0,0.077745,0.0,0.0,0.0,0.0,0.0,0.034767,0.042411,0.012047
2023-03-07,0.019461,0.076069,0.077313,0.0,0.049138,0.028279,0.0,0.0,0.032998,0.020614,0.0,0.0,0.074876,0.0,0.078101,0.0,0.07671,0.0,0.075939,0.075383,0.0,0.0,0.0,0.0,0.0,0.0,0.0,0.0,0.065593,0.0,0.0,0.0426,0.041103,0.0,0.075589,0.0,0.0,0.0,0.0,0.0,0.035305,0.042647,0.012283
2023-03-08,0.019334,0.076076,0.078009,0.0,0.04889,0.027973,0.0,0.0,0.033201,0.020602,0.0,0.0,0.074354,0.0,0.077047,0.0,0.076639,0.0,0.076062,0.076278,0.0,0.0,0.0,0.0,0.0,0.0,0.0,0.0,0.066172,0.0,0.0,0.04244,0.040858,0.0,0.076225,0.0,0.0,0.0,0.0,0.0,0.035023,0.04257,0.012246
2023-03-09,0.019762,0.076789,0.079361,0.0,0.049251,0.0275,0.0,0.0,0.033149,0.020481,0.0,0.0,0.072697,0.0,0.077409,0.0,0.076951,0.0,0.07552,0.077108,0.0,0.0,0.0,0.0,0.0,0.0,0.0,0.0,0.066321,0.0,0.0,0.043677,0.041729,0.0,0.074633,0.0,0.0,0.0,0.0,0.0,0.0357,0.039483,0.012479
2023-03-10,0.01967,0.07691,0.079162,0.0,0.049532,0.0278,0.0,0.0,0.033147,0.020689,0.0,0.0,0.072061,0.0,0.077154,0.0,0.076242,0.0,0.074623,0.076387,0.0,0.0,0.0,0.0,0.0,0.0,0.0,0.0,0.065524,0.0,0.0,0.045048,0.043089,0.0,0.074441,0.0,0.0,0.0,0.0,0.0,0.036381,0.03954,0.012601
2023-03-13,0.019221,0.075848,0.077883,0.0,0.048875,0.02785,0.0,0.0,0.033197,0.020995,0.0,0.0,0.068752,0.0,0.075078,0.0,0.075303,0.0,0.073364,0.076092,0.0,0.0,0.0,0.0,0.0,0.0,0.0,0.0,0.06514,0.0,0.0,0.045772,0.045387,0.0,0.074619,0.0,0.0,0.0,0.0,0.0,0.036078,0.048027,0.01252
2023-03-14,0.019284,0.076532,0.076935,0.0,0.048389,0.027742,0.0,0.0,0.032954,0.020524,0.0,0.0,0.069487,0.0,0.075112,0.0,0.075387,0.0,0.073608,0.076593,0.0,0.0,0.0,0.0,0.0,0.0,0.0,0.0,0.065639,0.0,0.0,0.045082,0.044716,0.0,0.074836,0.0,0.0,0.0,0.0,0.0,0.035644,0.049135,0.012403
2023-03-15,0.019293,0.075553,0.077327,0.0,0.048371,0.028011,0.0,0.0,0.033109,0.020716,0.0,0.0,0.06939,0.0,0.072922,0.0,0.075438,0.0,0.07307,0.077639,0.0,0.0,0.0,0.0,0.0,0.0,0.0,0.0,0.06578,0.0,0.0,0.046613,0.04613,0.0,0.072169,0.0,0.0,0.0,0.0,0.0,0.036703,0.049041,0.012724
2023-03-16,0.019386,0.075527,0.077706,0.0,0.048581,0.027911,0.0,0.0,0.03316,0.021025,0.0,0.0,0.069643,0.0,0.072596,0.0,0.07525,0.0,0.072787,0.078223,0.0,0.0,0.0,0.0,0.0,0.0,0.0,0.0,0.067103,0.0,0.0,0.045998,0.045248,0.0,0.071875,0.0,0.0,0.0,0.0,0.0,0.035992,0.049452,0.012535
2023-03-17,0.019366,0.074552,0.077385,0.0,0.048581,0.027882,0.0,0.0,0.033086,0.020813,0.0,0.0,0.067545,0.0,0.071606,0.0,0.074175,0.0,0.07181,0.077702,0.0,0.0,0.0,0.0,0.0,0.0,0.0,0.0,0.066601,0.0,0.0,0.047438,0.046961,0.0,0.072481,0.0,0.0,0.0,0.0,0.0,0.035907,0.053545,0.012562
2023-03-20,0.019214,0.075027,0.077494,0.0,0.048069,0.027415,0.0,0.0,0.032965,0.020712,0.0,0.0,0.067412,0.0,0.072093,0.0,0.074184,0.0,0.072339,0.076854,0.0,0.0,0.0,0.0,0.0,0.0,0.0,0.0,0.066541,0.0,0.0,0.046842,0.046487,0.0,0.074,0.0,0.0,0.0,0.0,0.0,0.035446,0.054502,0.012402
2023-03-21,0.019238,0.075584,0.077077,0.0,0.047891,0.027522,0.0,0.0,0.03292,0.020586,0.0,0.0,0.068326,0.0,0.073732,0.0,0.074181,0.0,0.072374,0.076742,0.0,0.0,0.0,0.0,0.0,0.0,0.0,0.0,0.067034,0.0,0.0,0.045429,0.045619,0.0,0.073571,0.0,0.0,0.0,0.0,0.0,0.035288,0.054629,0.012258
2023-03-22,0.019474,0.075794,0.077519,0.0,0.048782,0.02784,0.0,0.0,0.033523,0.020888,0.0,0.0,0.067316,0.0,0.072782,0.0,0.073384,0.0,0.071697,0.076249,0.0,0.0,0.0,0.0,0.0,0.0,0.0,0.0,0.066837,0.0,0.0,0.046599,0.047265,0.0,0.073817,0.0,0.0,0.0,0.0,0.0,0.035902,0.051964,0.012367
2023-03-23,0.019368,0.075269,0.077309,0.0,0.049419,0.028401,0.0,0.0,0.033738,0.021082,0.0,0.0,0.06639,0.0,0.071265,0.0,0.072653,0.0,0.071105,0.075967,0.0,0.0,0.0,0.0,0.0,0.0,0.0,0.0,0.066965,0.0,0.0,0.046848,0.04733,0.0,0.073595,0.0,0.0,0.0,0.0,0.0,0.035776,0.055241,0.012278
2023-03-24,0.019115,0.074901,0.07777,0.0,0.048797,0.02834,0.0,0.0,0.033861,0.020872,0.0,0.0,0.066543,0.0,0.071753,0.0,0.07317,0.0,0.071896,0.076575,0.0,0.0,0.0,0.0,0.0,0.0,0.0,0.0,0.066916,0.0,0.0,0.046459,0.047337,0.0,0.073612,0.0,0.0,0.0,0.0,0.0,0.035686,0.054081,0.012317
2023-03-27,0.019275,0.075601,0.077931,0.0,0.048439,0.027864,0.0,0.0,0.033553,0.020754,0.0,0.0,0.067312,0.0,0.073114,0.0,0.073613,0.0,0.072263,0.076152,0.0,0.0,0.0,0.0,0.0,0.0,0.0,0.0,0.067092,0.0,0.0,0.045923,0.047228,0.0,0.073946,0.0,0.0,0.0,0.0,0.0,0.035454,0.052196,0.01229
2023-03-28,0.019162,0.075042,0.077569,0.0,0.048898,0.028585,0.0,0.0,0.033215,0.020805,0.0,0.0,0.06685,0.0,0.073758,0.0,0.073505,0.0,0.072133,0.075977,0.0,0.0,0.0,0.0,0.0,0.0,0.0,0.0,0.066326,0.0,0.0,0.045996,0.047383,0.0,0.074761,0.0,0.0,0.0,0.0,0.0,0.035097,0.052729,0.012212
2023-03-29,0.019143,0.075419,0.077015,0.0,0.048634,0.028273,0.0,0.0,0.032954,0.020568,0.0,0.0,0.067088,0.0,0.073964,0.0,0.07376,0.0,0.072337,0.075633,0.0,0.0,0.0,0.0,0.0,0.0,0.0,0.0,0.066867,0.0,0.0,0.045268,0.046888,0.0,0.07519,0.0,0.0,0.0,0.0,0.0,0.034882,0.054037,0.012079
2023-03-30,0.019208,0.076064,0.076869,0.0,0.048711,0.028501,0.0,0.0,0.032847,0.020665,0.0,0.0,0.066503,0.0,0.073803,0.0,0.073432,0.0,0.072356,0.075018,0.0,0.0,0.0,0.0,0.0,0.0,0.0,0.0,0.066965,0.0,0.0,0.045378,0.047667,0.0,0.07623,0.0,0.0,0.0,0.0,0.0,0.034894,0.052886,0.012002
2023-03-31,0.0,0.107451,0.085861,0.0,0.0,0.0,0.0,0.0,0.054085,0.0,0.0,0.0,0.031731,0.0,0.02279,0.0,0.107387,0.0,0.107765,0.107805,0.0,0.0,0.0,0.0,0.0,0.05693,0.0,0.0,0.056967,0.0,0.0,0.035249,0.024551,0.0,0.107688,0.0,0.0,0.0,0.0,0.0,0.0,0.076991,0.016748
2023-04-03,0.0,0.107805,0.085934,0.0,0.0,0.0,0.0,0.0,0.054204,0.0,0.0,0.0,0.031671,0.0,0.023733,0.0,0.107176,0.0,0.108042,0.107738,0.0,0.0,0.0,0.0,0.0,0.056228,0.0,0.0,0.056665,0.0,0.0,0.03537,0.024393,0.0,0.108976,0.0,0.0,0.0,0.0,0.0,0.0,0.075377,0.01669
2023-04-04,0.0,0.108733,0.08663,0.0,0.0,0.0,0.0,0.0,0.054566,0.0,0.0,0.0,0.031641,0.0,0.023499,0.0,0.10566,0.0,0.107383,0.106706,0.0,0.0,0.0,0.0,0.0,0.055645,0.0,0.0,0.056268,0.0,0.0,0.036333,0.025614,0.0,0.108164,0.0,0.0,0.0,0.0,0.0,0.0,0.07633,0.016829
2023-04-05,0.0,0.108947,0.085981,0.0,0.0,0.0,0.0,0.0,0.054289,0.0,0.0,0.0,0.03184,0.0,0.024033,0.0,0.105072,0.0,0.107951,0.106813,0.0,0.0,0.0,0.0,0.0,0.055093,0.0,0.0,0.055607,0.0,0.0,0.036579,0.025773,0.0,0.108107,0.0,0.0,0.0,0.0,0.0,0.0,0.076952,0.016961
2023-04-06,0.0,0.110119,0.085801,0.0,0.0,0.0,0.0,0.0,0.054337,0.0,0.0,0.0,0.032031,0.0,0.023721,0.0,0.105273,0.0,0.107933,0.105666,0.0,0.0,0.0,0.0,0.0,0.054931,0.0,0.0,0.055527,0.0,0.0,0.036398,0.025774,0.0,0.109053,0.0,0.0,0.0,0.0,0.0,0.0,0.076436,0.016999
2023-04-10,0.0,0.109323,0.085004,0.0,0.0,0.0,0.0,0.0,0.054004,0.0,0.0,0.0,0.031869,0.0,0.023738,0.0,0.105463,0.0,0.107664,0.105952,0.0,0.0,0.0,0.0,0.0,0.055497,0.0,0.0,0.055553,0.0,0.0,0.035868,0.025577,0.0,0.108181,0.0,0.0,0.0,0.0,0.0,0.0,0.07943,0.016876
2023-04-11,0.0,0.108434,0.084262,0.0,0.0,0.0,0.0,0.0,0.053678,0.0,0.0,0.0,0.031762,0.0,0.023675,0.0,0.104822,0.0,0.107198,0.107307,0.0,0.0,0.0,0.0,0.0,0.054544,0.0,0.0,0.054976,0.0,0.0,0.035662,0.025447,0.0,0.110649,0.0,0.0,0.0,0.0,0.0,0.0,0.080904,0.016679
2023-04-12,0.0,0.109239,0.084496,0.0,0.0,0.0,0.0,0.0,0.053413,0.0,0.0,0.0,0.031677,0.0,0.02368,0.0,0.105118,0.0,0.107224,0.107009,0.0,0.0,0.0,0.0,0.0,0.05352,0.0,0.0,0.054748,0.0,0.0,0.035818,0.025865,0.0,0.111645,0.0,0.0,0.0,0.0,0.0,0.0,0.079876,0.016673
2023-04-13,0.0,0.109367,0.084634,0.0,0.0,0.0,0.0,0.0,0.052999,0.0,0.0,0.0,0.031574,0.0,0.023538,0.0,0.104227,0.0,0.107011,0.105665,0.0,0.0,0.0,0.0,0.0,0.053305,0.0,0.0,0.054984,0.0,0.0,0.035861,0.025889,0.0,0.113924,0.0,0.0,0.0,0.0,0.0,0.0,0.080547,0.016474
2023-04-14,0.0,0.109532,0.084262,0.0,0.0,0.0,0.0,0.0,0.053058,0.0,0.0,0.0,0.031983,0.0,0.023654,0.0,0.104425,0.0,0.106566,0.10637,0.0,0.0,0.0,0.0,0.0,0.053387,0.0,0.0,0.054802,0.0,0.0,0.035335,0.025499,0.0,0.114031,0.0,0.0,0.0,0.0,0.0,0.0,0.080574,0.016524
2023-04-17,0.0,0.109097,0.084573,0.0,0.0,0.0,0.0,0.0,0.053029,0.0,0.0,0.0,0.032378,0.0,0.023394,0.0,0.105334,0.0,0.107269,0.107543,0.0,0.0,0.0,0.0,0.0,0.053429,0.0,0.0,0.055043,0.0,0.0,0.035206,0.025201,0.0,0.113819,0.0,0.0,0.0,0.0,0.0,0.0,0.078144,0.016542
2023-04-18,0.0,0.108766,0.084244,0.0,0.0,0.0,0.0,0.0,0.052334,0.0,0.0,0.0,0.032157,0.0,0.023255,0.0,0.104798,0.0,0.10666,0.108929,0.0,0.0,0.0,0.0,0.0,0.053134,0.0,0.0,0.054765,0.0,0.0,0.034995,0.025095,0.0,0.115038,0.0,0.0,0.0,0.0,0.0,0.0,0.079449,0.016382
2023-04-19,0.0,0.109248,0.084129,0.0,0.0,0.0,0.0,0.0,0.052014,0.0,0.0,0.0,0.032449,0.0,0.023329,0.0,0.105412,0.0,0.107068,0.109956,0.0,0.0,0.0,0.0,0.0,0.052902,0.0,0.0,0.055174,0.0,0.0,0.03506,0.025349,0.0,0.114191,0.0,0.0,0.0,0.0,0.0,0.0,0.077227,0.016492
2023-04-20,0.0,0.109464,0.084689,0.0,0.0,0.0,0.0,0.0,0.052202,0.0,0.0,0.0,0.032462,0.0,0.023202,0.0,0.105583,0.0,0.107314,0.112237,0.0,0.0,0.0,0.0,0.0,0.053033,0.0,0.0,0.055097,0.0,0.0,0.035318,0.02537,0.0,0.113152,0.0,0.0,0.0,0.0,0.0,0.0,0.074328,0.016549
2023-04-21,0.0,0.111002,0.085722,0.0,0.0,0.0,0.0,0.0,0.05207,0.0,0.0,0.0,0.032556,0.0,0.023217,0.0,0.10603,0.0,0.10706,0.112574,0.0,0.0,0.0,0.0,0.0,0.052988,0.0,0.0,0.055901,0.0,0.0,0.035197,0.025326,0.0,0.110991,0.0,0.0,0.0,0.0,0.0,0.0,0.072706,0.016658
2023-04-24,0.0,0.111181,0.085466,0.0,0.0,0.0,0.0,0.0,0.052047,0.0,0.0,0.0,0.032397,0.0,0.023514,0.0,0.10602,0.0,0.107523,0.113359,0.0,0.0,0.0,0.0,0.0,0.05262,0.0,0.0,0.055563,0.0,0.0,0.035217,0.025373,0.0,0.110303,0.0,0.0,0.0,0.0,0.0,0.0,0.072795,0.01662
2023-04-25,0.0,0.111143,0.086294,0.0,0.0,0.0,0.0,0.0,0.051573,0.0,0.0,0.0,0.032373,0.0,0.023459,0.0,0.105808,0.0,0.106956,0.113975,0.0,0.0,0.0,0.0,0.0,0.051704,0.0,0.0,0.055391,0.0,0.0,0.035989,0.025698,0.0,0.108088,0.0,0.0,0.0,0.0,0.0,0.0,0.07465,0.0169
2023-04-26,0.0,0.111746,0.086382,0.0,0.0,0.0,0.0,0.0,0.051956,0.0,0.0,0.0,0.032213,0.0,0.023253,0.0,0.104289,0.0,0.10618,0.112408,0.0,0.0,0.0,0.0,0.0,0.05222,0.0,0.0,0.055444,0.0,0.0,0.035959,0.025637,0.0,0.109517,0.0,0.0,0.0,0.0,0.0,0.0,0.075818,0.016979
2023-04-27,0.0,0.110968,0.086173,0.0,0.0,0.0,0.0,0.0,0.051723,0.0,0.0,0.0,0.03213,0.0,0.022907,0.0,0.104394,0.0,0.105646,0.113431,0.0,0.0,0.0,0.0,0.0,0.051475,0.0,0.0,0.055466,0.0,0.0,0.035299,0.025231,0.0,0.109132,0.0,0.0,0.0,0.0,0.0,0.0,0.079354,0.01667
2023-04-28,0.086763,0.087509,0.087487,0.0,0.0,0.015165,0.0,0.0,0.050762,0.032233,0.0,0.034355,0.0,0.0,0.0,0.0,0.082563,0.015705,0.040568,0.087424,0.0,0.0,0.040732,0.0,0.029187,0.02855,0.010413,0.0,0.029229,0.0,0.0,0.08654,0.0,0.0,0.061191,0.0,0.0,0.0,0.0,0.0,0.0,0.087667,0.00596
2023-05-01,0.087218,0.087982,0.087841,0.0,0.0,0.015183,0.0,0.0,0.050772,0.032189,0.0,0.03453,0.0,0.0,0.0,0.0,0.083444,0.016034,0.04076,0.087163,0.0,0.0,0.040977,0.0,0.029357,0.02896,0.010447,0.0,0.02963,0.0,0.0,0.086603,0.0,0.0,0.061528,0.0,0.0,0.0,0.0,0.0,0.0,0.083392,0.005991
2023-05-02,0.08617,0.087206,0.087359,0.0,0.0,0.014948,0.0,0.0,0.050744,0.032351,0.0,0.033987,0.0,0.0,0.0,0.0,0.08281,0.016045,0.040481,0.087309,0.0,0.0,0.040984,0.0,0.029167,0.028836,0.010328,0.0,0.029313,0.0,0.0,0.088528,0.0,0.0,0.060877,0.0,0.0,0.0,0.0,0.0,0.0,0.086544,0.006011
2023-05-03,0.086851,0.08751,0.08791,0.0,0.0,0.014924,0.0,0.0,0.050817,0.032189,0.0,0.033864,0.0,0.0,0.0,0.0,0.082518,0.016122,0.040047,0.088127,0.0,0.0,0.040662,0.0,0.02893,0.028513,0.010229,0.0,0.029416,0.0,0.0,0.089305,0.0,0.0,0.060833,0.0,0.0,0.0,0.0,0.0,0.0,0.085218,0.006014
2023-05-04,0.086017,0.087249,0.088261,0.0,0.0,0.015209,0.0,0.0,0.051088,0.032515,0.0,0.033391,0.0,0.0,0.0,0.0,0.081791,0.015978,0.039871,0.086844,0.0,0.0,0.040646,0.0,0.028852,0.028413,0.010206,0.0,0.029549,0.0,0.0,0.090123,0.0,0.0,0.060695,0.0,0.0,0.0,0.0,0.0,0.0,0.087274,0.006026
2023-05-05,0.086064,0.087297,0.088174,0.0,0.0,0.015157,0.0,0.0,0.05112,0.032597,0.0,0.033327,0.0,0.0,0.0,0.0,0.081843,0.016017,0.039966,0.086767,0.0,0.0,0.040439,0.0,0.029154,0.028631,0.010258,0.0,0.029572,0.0,0.0,0.087449,0.0,0.0,0.061883,0.0,0.0,0.0,0.0,0.0,0.0,0.088343,0.005941
2023-05-08,0.086605,0.08786,0.088534,0.0,0.0,0.015287,0.0,0.0,0.051291,0.03278,0.0,0.033875,0.0,0.0,0.0,0.0,0.08206,0.016106,0.040085,0.087821,0.0,0.0,0.040572,0.0,0.029322,0.028933,0.010362,0.0,0.029782,0.0,0.0,0.088106,0.0,0.0,0.062878,0.0,0.0,0.0,0.0,0.0,0.0,0.081762,0.00598
2023-05-09,0.086707,0.087195,0.089515,0.0,0.0,0.01505,0.0,0.0,0.051167,0.032486,0.0,0.033673,0.0,0.0,0.0,0.0,0.082267,0.01604,0.039734,0.087894,0.0,0.0,0.040458,0.0,0.029106,0.028449,0.010398,0.0,0.029744,0.0,0.0,0.088758,0.0,0.0,0.062555,0.0,0.0,0.0,0.0,0.0,0.0,0.082821,0.005982
2023-05-10,0.086839,0.087206,0.089192,0.0,0.0,0.015013,0.0,0.0,0.051134,0.032574,0.0,0.034019,0.0,0.0,0.0,0.0,0.082083,0.016013,0.039815,0.088063,0.0,0.0,0.040451,0.0,0.029502,0.028779,0.010559,0.0,0.030127,0.0,0.0,0.088755,0.0,0.0,0.060946,0.0,0.0,0.0,0.0,0.0,0.0,0.082937,0.005992
2023-05-11,0.087379,0.087624,0.090262,0.0,0.0,0.01527,0.0,0.0,0.050956,0.032333,0.0,0.034672,0.0,0.0,0.0,0.0,0.08233,0.016042,0.039785,0.088972,0.0,0.0,0.040943,0.0,0.029638,0.028851,0.010599,0.0,0.030295,0.0,0.0,0.088796,0.0,0.0,0.058127,0.0,0.0,0.0,0.0,0.0,0.0,0.08108,0.006047
2023-05-12,0.087522,0.087607,0.090927,0.0,0.0,0.014921,0.0,0.0,0.05085,0.031988,0.0,0.034789,0.0,0.0,0.0,0.0,0.082596,0.016074,0.039957,0.088668,0.0,0.0,0.041206,0.0,0.029673,0.028897,0.010605,0.0,0.030228,0.0,0.0,0.088867,0.0,0.0,0.05843,0.0,0.0,0.0,0.0,0.0,0.0,0.080131,0.006062
2023-05-15,0.086845,0.087297,0.090468,0.0,0.0,0.015351,0.0,0.0,0.050896,0.032145,0.0,0.034569,0.0,0.0,0.0,0.0,0.082089,0.015955,0.039853,0.088148,0.0,0.0,0.040654,0.0,0.029591,0.029356,0.0106,0.0,0.030333,0.0,0.0,0.088081,0.0,0.0,0.059565,0.0,0.0,0.0,0.0,0.0,0.0,0.082207,0.005997
2023-05-16,0.087323,0.087087,0.091025,0.0,0.0,0.015321,0.0,0.0,0.051522,0.032068,0.0,0.03481,0.0,0.0,0.0,0.0,0.081637,0.015876,0.039514,0.088761,0.0,0.0,0.040639,0.0,0.029863,0.02954,0.010654,0.0,0.030485,0.0,0.0,0.087689,0.0,0.0,0.058779,0.0,0.0,0.0,0.0,0.0,0.0,0.081361,0.006047
2023-05-17,0.086523,0.086663,0.090803,0.0,0.0,0.015073,0.0,0.0,0.052303,0.032382,0.0,0.034911,0.0,0.0,0.0,0.0,0.082282,0.016085,0.03941,0.088875,0.0,0.0,0.040246,0.0,0.029984,0.029993,0.010774,0.0,0.0305,0.0,0.0,0.086585,0.0,0.0,0.058552,0.0,0.0,0.0,0.0,0.0,0.0,0.082066,0.005992
2023-05-18,0.087141,0.086345,0.090658,0.0,0.0,0.014779,0.0,0.0,0.052616,0.032575,0.0,0.035476,0.0,0.0,0.0,0.0,0.082732,0.016175,0.039573,0.089781,0.0,0.0,0.03998,0.0,0.030544,0.030886,0.011014,0.0,0.03107,0.0,0.0,0.085311,0.0,0.0,0.057455,0.0,0.0,0.0,0.0,0.0,0.0,0.079906,0.005983
2023-05-19,0.087424,0.086895,0.090718,0.0,0.0,0.014713,0.0,0.0,0.05275,0.032995,0.0,0.035252,0.0,0.0,0.0,0.0,0.082453,0.016078,0.039635,0.088054,0.0,0.0,0.039967,0.0,0.0305,0.030697,0.010997,0.0,0.031215,0.0,0.0,0.086072,0.0,0.0,0.057414,0.0,0.0,0.0,0.0,0.0,0.0,0.080189,0.005978
2023-05-22,0.08763,0.086838,0.091176,0.0,0.0,0.014929,0.0,0.0,0.052597,0.033579,0.0,0.035595,0.0,0.0,0.0,0.0,0.082487,0.016082,0.039453,0.086768,0.0,0.0,0.039386,0.0,0.030577,0.030822,0.011073,0.0,0.03154,0.0,0.0,0.085923,0.0,0.0,0.057325,0.0,0.0,0.0,0.0,0.0,0.0,0.080238,0.005982
2023-05-23,0.088141,0.086495,0.09084,0.0,0.0,0.014676,0.0,0.0,0.052594,0.033535,0.0,0.035534,0.0,0.0,0.0,0.0,0.082378,0.016165,0.039263,0.085945,0.0,0.0,0.03952,0.0,0.030452,0.030771,0.011013,0.0,0.031145,0.0,0.0,0.086958,0.0,0.0,0.056425,0.0,0.0,0.0,0.0,0.0,0.0,0.0821,0.006048
2023-05-24,0.087763,0.086213,0.091008,0.0,0.0,0.014591,0.0,0.0,0.052971,0.033957,0.0,0.035817,0.0,0.0,0.0,0.0,0.08234,0.016079,0.039303,0.08711,0.0,0.0,0.039758,0.0,0.030609,0.030601,0.0111,0.0,0.031441,0.0,0.0,0.087343,0.0,0.0,0.055753,0.0,0.0,0.0,0.0,0.0,0.0,0.08012,0.006123
2023-05-25,0.087373,0.08554,0.09105,0.0,0.0,0.014223,0.0,0.0,0.053874,0.033618,0.0,0.035631,0.0,0.0,0.0,0.0,0.082181,0.016203,0.03896,0.086998,0.0,0.0,0.039251,0.0,0.031618,0.032469,0.011316,0.0,0.032223,0.0,0.0,0.086053,0.0,0.0,0.055147,0.0,0.0,0.0,0.0,0.0,0.0,0.080176,0.006094
2023-05-26,0.087383,0.085401,0.090212,0.0,0.0,0.014298,0.0,0.0,0.05447,0.033759,0.0,0.035902,0.0,0.0,0.0,0.0,0.081762,0.016038,0.038666,0.086016,0.0,0.0,0.038893,0.0,0.03211,0.034159,0.011437,0.0,0.032364,0.0,0.0,0.085317,0.0,0.0,0.055582,0.0,0.0,0.0,0.0,0.0,0.0,0.080214,0.006018
2023-05-29,0.087383,0.085401,0.090212,0.0,0.0,0.014298,0.0,0.0,0.05447,0.033759,0.0,0.035901,0.0,0.0,0.0,0.0,0.081762,0.016038,0.038666,0.086016,0.0,0.0,0.038893,0.0,0.03211,0.034159,0.011437,0.0,0.032364,0.0,0.0,0.085317,0.0,0.0,0.055582,0.0,0.0,0.0,0.0,0.0,0.0,0.080214,0.006019
2023-05-30,0.087323,0.084371,0.089477,0.0,0.0,0.013875,0.0,0.0,0.05439,0.033884,0.0,0.035899,0.0,0.0,0.0,0.0,0.0815,0.016038,0.038394,0.08601,0.0,0.0,0.038384,0.0,0.032227,0.034073,0.011504,0.0,0.03277,0.0,0.0,0.085701,0.0,0.0,0.054569,0.0,0.0,0.0,0.0,0.0,0.0,0.083605,0.006009
2023-05-31,0.083786,0.083672,0.083711,0.0,0.0,0.021419,0.0,0.0,0.036505,0.0,0.0,0.083857,0.0,0.0,0.0,0.0,0.0,0.0,0.027649,0.083749,0.0,0.0,0.083769,0.0,0.026956,0.011587,0.026861,0.0,0.027142,0.0,0.0,0.050225,0.043441,0.06038,0.083634,0.0,0.0,0.0,0.0,0.0,0.013554,0.056806,0.011296
2023-06-01,0.083717,0.083545,0.084685,0.0,0.0,0.021675,0.0,0.0,0.036361,0.0,0.0,0.083872,0.0,0.0,0.0,0.0,0.0,0.0,0.027649,0.083801,0.0,0.0,0.0826,0.0,0.026872,0.011631,0.026512,0.0,0.027316,0.0,0.0,0.049956,0.043545,0.06046,0.085397,0.0,0.0,0.0,0.0,0.0,0.013465,0.055792,0.011148
2023-06-02,0.083888,0.083303,0.085059,0.0,0.0,0.021928,0.0,0.0,0.036239,0.0,0.0,0.082757,0.0,0.0,0.0,0.0,0.0,0.0,0.028161,0.085688,0.0,0.0,0.08252,0.0,0.026633,0.011435,0.026296,0.0,0.027306,0.0,0.0,0.048504,0.042403,0.059925,0.087752,0.0,0.0,0.0,0.0,0.0,0.013249,0.055969,0.010984
2023-06-05,0.084564,0.083222,0.085283,0.0,0.0,0.021963,0.0,0.0,0.036348,0.0,0.0,0.083482,0.0,0.0,0.0,0.0,0.0,0.0,0.028314,0.085682,0.0,0.0,0.082727,0.0,0.026644,0.011328,0.026635,0.0,0.027689,0.0,0.0,0.049098,0.042568,0.060211,0.087066,0.0,0.0,0.0,0.0,0.0,0.013375,0.052744,0.011058
2023-06-06,0.083607,0.082629,0.08608,0.0,0.0,0.022051,0.0,0.0,0.036145,0.0,0.0,0.082916,0.0,0.0,0.0,0.0,0.0,0.0,0.028186,0.087413,0.0,0.0,0.081418,0.0,0.026349,0.01134,0.026404,0.0,0.02762,0.0,0.0,0.04862,0.042126,0.060044,0.08748,0.0,0.0,0.0,0.0,0.0,0.013253,0.055379,0.010939
2023-06-07,0.084311,0.08298,0.084595,0.0,0.0,0.021978,0.0,0.0,0.036497,0.0,0.0,0.082701,0.0,0.0,0.0,0.0,0.0,0.0,0.028768,0.088394,0.0,0.0,0.081854,0.0,0.02618,0.011422,0.025825,0.0,0.027199,0.0,0.0,0.048452,0.042217,0.06019,0.087578,0.0,0.0,0.0,0.0,0.0,0.01329,0.054536,0.011034
2023-06-08,0.083699,0.083242,0.084603,0.0,0.0,0.022051,0.0,0.0,0.036238,0.0,0.0,0.082428,0.0,0.0,0.0,0.0,0.0,0.0,0.028425,0.087367,0.0,0.0,0.081728,0.0,0.026243,0.011442,0.025951,0.0,0.027174,0.0,0.0,0.048682,0.043402,0.060687,0.08818,0.0,0.0,0.0,0.0,0.0,0.013253,0.054263,0.010942
2023-06-09,0.083905,0.082735,0.085557,0.0,0.0,0.02202,0.0,0.0,0.036411,0.0,0.0,0.082445,0.0,0.0,0.0,0.0,0.0,0.0,0.028186,0.087391,0.0,0.0,0.081586,0.0,0.02637,0.011471,0.026184,0.0,0.027297,0.0,0.0,0.048547,0.043339,0.060538,0.087984,0.0,0.0,0.0,0.0,0.0,0.013236,0.053856,0.010942
2023-06-12,0.083811,0.082774,0.085757,0.0,0.0,0.021933,0.0,0.0,0.036596,0.0,0.0,0.083098,0.0,0.0,0.0,0.0,0.0,0.0,0.028204,0.088299,0.0,0.0,0.081245,0.0,0.026838,0.011795,0.026701,0.0,0.027641,0.0,0.0,0.048314,0.042801,0.060444,0.087104,0.0,0.0,0.0,0.0,0.0,0.013257,0.052484,0.010904
2023-06-13,0.084185,0.082752,0.086296,0.0,0.0,0.02206,0.0,0.0,0.036841,0.0,0.0,0.082706,0.0,0.0,0.0,0.0,0.0,0.0,0.028628,0.088176,0.0,0.0,0.080928,0.0,0.026786,0.011857,0.026665,0.0,0.027887,0.0,0.0,0.047576,0.041806,0.060132,0.08863,0.0,0.0,0.0,0.0,0.0,0.013132,0.052138,0.010817
2023-06-14,0.084314,0.082705,0.086336,0.0,0.0,0.022313,0.0,0.0,0.036615,0.0,0.0,0.082509,0.0,0.0,0.0,0.0,0.0,0.0,0.028391,0.086505,0.0,0.0,0.081091,0.0,0.026952,0.011976,0.026718,0.0,0.027887,0.0,0.0,0.047408,0.042075,0.05997,0.090432,0.0,0.0,0.0,0.0,0.0,0.013106,0.051925,0.010773
2023-06-15,0.083928,0.083098,0.085461,0.0,0.0,0.022557,0.0,0.0,0.036586,0.0,0.0,0.083086,0.0,0.0,0.0,0.0,0.0,0.0,0.028384,0.087471,0.0,0.0,0.081189,0.0,0.02706,0.011774,0.027024,0.0,0.027925,0.0,0.0,0.047324,0.041651,0.060477,0.090646,0.0,0.0,0.0,0.0,0.0,0.013058,0.050618,0.010682
2023-06-16,0.084183,0.082999,0.084609,0.0,0.0,0.022487,0.0,0.0,0.036139,0.0,0.0,0.082366,0.0,0.0,0.0,0.0,0.0,0.0,0.028442,0.087349,0.0,0.0,0.081254,0.0,0.026826,0.01166,0.026849,0.0,0.027792,0.0,0.0,0.047232,0.04209,0.061261,0.090267,0.0,0.0,0.0,0.0,0.0,0.013001,0.052516,0.010678
2023-06-19,0.083744,0.083038,0.084649,0.0,0.0,0.022497,0.0,0.0,0.036156,0.0,0.0,0.082405,0.0,0.0,0.0,0.0,0.0,0.0,0.028455,0.08739,0.0,0.0,0.081293,0.0,0.026839,0.011666,0.026862,0.0,0.027805,0.0,0.0,0.047255,0.04211,0.06129,0.09031,0.0,0.0,0.0,0.0,0.0,0.013007,0.052541,0.010686
2023-06-20,0.083755,0.082442,0.084074,0.0,0.0,0.021734,0.0,0.0,0.035954,0.0,0.0,0.082585,0.0,0.0,0.0,0.0,0.0,0.0,0.028269,0.088893,0.0,0.0,0.081246,0.0,0.026847,0.011653,0.0268,0.0,0.027709,0.0,0.0,0.047097,0.040649,0.061472,0.088422,0.0,0.0,0.0,0.0,0.0,0.013106,0.05653,0.010762
2023-06-21,0.083431,0.081993,0.084776,0.0,0.0,0.021473,0.0,0.0,0.035836,0.0,0.0,0.081477,0.0,0.0,0.0,0.0,0.0,0.0,0.028261,0.089103,0.0,0.0,0.081248,0.0,0.026357,0.01133,0.026212,0.0,0.027291,0.0,0.0,0.046865,0.039707,0.0619,0.088525,0.0,0.0,0.0,0.0,0.0,0.013128,0.060363,0.010725
2023-06-22,0.083391,0.081848,0.084257,0.0,0.0,0.021434,0.0,0.0,0.035876,0.0,0.0,0.082294,0.0,0.0,0.0,0.0,0.0,0.0,0.028256,0.0891,0.0,0.0,0.081898,0.0,0.026629,0.011407,0.026413,0.0,0.027123,0.0,0.0,0.0465,0.039201,0.061529,0.08828,0.0,0.0,0.0,0.0,0.0,0.013106,0.060708,0.01075
2023-06-23,0.08349,0.081539,0.082876,0.0,0.0,0.021161,0.0,0.0,0.03568,0.0,0.0,0.082811,0.0,0.0,0.0,0.0,0.0,0.0,0.028265,0.090284,0.0,0.0,0.082047,0.0,0.026564,0.011301,0.026415,0.0,0.026629,0.0,0.0,0.047024,0.039629,0.060864,0.086574,0.0,0.0,0.0,0.0,0.0,0.013233,0.062773,0.010842
2023-06-26,0.083539,0.081656,0.082884,0.0,0.0,0.021249,0.0,0.0,0.03579,0.0,0.0,0.081992,0.0,0.0,0.0,0.0,0.0,0.0,0.028562,0.090336,0.0,0.0,0.082166,0.0,0.026376,0.011339,0.026193,0.0,0.02646,0.0,0.0,0.04711,0.040249,0.060813,0.087972,0.0,0.0,0.0,0.0,0.0,0.013276,0.061193,0.010846
2023-06-27,0.083038,0.08174,0.082449,0.0,0.0,0.021523,0.0,0.0,0.035543,0.0,0.0,0.082626,0.0,0.0,0.0,0.0,0.0,0.0,0.028706,0.092364,0.0,0.0,0.08167,0.0,0.026654,0.011629,0.02646,0.0,0.026619,0.0,0.0,0.046472,0.04004,0.05965,0.08741,0.0,0.0,0.0,0.0,0.0,0.013156,0.0615,0.010749
2023-06-28,0.083756,0.081914,0.083612,0.0,0.0,0.021415,0.0,0.0,0.035444,0.0,0.0,0.083241,0.0,0.0,0.0,0.0,0.0,0.0,0.028593,0.092407,0.0,0.0,0.081358,0.0,0.026748,0.011574,0.026674,0.0,0.026915,0.0,0.0,0.046501,0.03989,0.059151,0.086287,0.0,0.0,0.0,0.0,0.0,0.013204,0.060534,0.01078
2023-06-29,0.083912,0.081846,0.083247,0.0,0.0,0.021105,0.0,0.0,0.035249,0.0,0.0,0.082846,0.0,0.0,0.0,0.0,0.0,0.0,0.028972,0.092522,0.0,0.0,0.081334,0.0,0.026812,0.011585,0.026688,0.0,0.026879,0.0,0.0,0.046482,0.039686,0.058853,0.086402,0.0,0.0,0.0,0.0,0.0,0.013142,0.06165,0.010788
2023-06-30,0.095976,0.095988,0.058564,0.0,0.0,0.0,0.0,0.0,0.062285,0.045217,0.0,0.095803,0.0,0.0,0.0,0.0,0.0,0.0,0.0,0.095994,0.0,0.0,0.0,0.0,0.026997,0.026817,0.026754,0.0,0.026854,0.0,0.0,0.094008,0.013807,0.09603,0.0,0.0,0.0,0.0,0.04062,0.0,0.0,0.096033,0.002251
2023-07-03,0.095628,0.095192,0.058427,0.0,0.0,0.0,0.0,0.0,0.062674,0.045974,0.0,0.095608,0.0,0.0,0.0,0.0,0.0,0.0,0.0,0.094962,0.0,0.0,0.0,0.0,0.026794,0.026909,0.02647,0.0,0.02683,0.0,0.0,0.093606,0.013811,0.0966,0.0,0.0,0.0,0.0,0.040338,0.0,0.0,0.097939,0.002239
2023-07-04,0.095659,0.095188,0.058425,0.0,0.0,0.0,0.0,0.0,0.062671,0.045972,0.0,0.095605,0.0,0.0,0.0,0.0,0.0,0.0,0.0,0.094959,0.0,0.0,0.0,0.0,0.026793,0.026908,0.026469,0.0,0.026829,0.0,0.0,0.093603,0.013811,0.096596,0.0,0.0,0.0,0.0,0.040336,0.0,0.0,0.097935,0.002239
2023-07-05,0.096112,0.094665,0.058386,0.0,0.0,0.0,0.0,0.0,0.062484,0.0458,0.0,0.09707,0.0,0.0,0.0,0.0,0.0,0.0,0.0,0.094623,0.0,0.0,0.0,0.0,0.026831,0.026514,0.026665,0.0,0.026715,0.0,0.0,0.093981,0.014048,0.097011,0.0,0.0,0.0,0.0,0.040518,0.0,0.0,0.096321,0.002256
2023-07-06,0.095659,0.094153,0.058344,0.0,0.0,0.0,0.0,0.0,0.061807,0.045472,0.0,0.097516,0.0,0.0,0.0,0.0,0.0,0.0,0.0,0.093216,0.0,0.0,0.0,0.0,0.027096,0.026509,0.026718,0.0,0.026502,0.0,0.0,0.094882,0.01397,0.098141,0.0,0.0,0.0,0.0,0.04073,0.0,0.0,0.096997,0.002285
2023-07-07,0.096108,0.094472,0.058994,0.0,0.0,0.0,0.0,0.0,0.061961,0.045568,0.0,0.096868,0.0,0.0,0.0,0.0,0.0,0.0,0.0,0.093128,0.0,0.0,0.0,0.0,0.026894,0.026437,0.02658,0.0,0.026664,0.0,0.0,0.095294,0.014161,0.097557,0.0,0.0,0.0,0.0,0.040641,0.0,0.0,0.096395,0.002278
2023-07-10,0.095314,0.0944,0.058512,0.0,0.0,0.0,0.0,0.0,0.061532,0.045319,0.0,0.095966,0.0,0.0,0.0,0.0,0.0,0.0,0.0,0.095088,0.0,0.0,0.0,0.0,0.026783,0.026807,0.026858,0.0,0.026823,0.0,0.0,0.094729,0.014105,0.096994,0.0,0.0,0.0,0.0,0.04057,0.0,0.0,0.097936,0.002263
2023-07-11,0.095098,0.094734,0.058348,0.0,0.0,0.0,0.0,0.0,0.06199,0.045799,0.0,0.096939,0.0,0.0,0.0,0.0,0.0,0.0,0.0,0.095159,0.0,0.0,0.0,0.0,0.026649,0.026616,0.027059,0.0,0.02693,0.0,0.0,0.094404,0.013978,0.097255,0.0,0.0,0.0,0.0,0.040497,0.0,0.0,0.096296,0.002247
2023-07-12,0.095505,0.095808,0.058042,0.0,0.0,0.0,0.0,0.0,0.062753,0.046474,0.0,0.096924,0.0,0.0,0.0,0.0,0.0,0.0,0.0,0.096496,0.0,0.0,0.0,0.0,0.026624,0.026783,0.026877,0.0,0.026935,0.0,0.0,0.094521,0.014427,0.095267,0.0,0.0,0.0,0.0,0.040317,0.0,0.0,0.094026,0.00222
2023-07-13,0.094702,0.095895,0.058052,0.0,0.0,0.0,0.0,0.0,0.06274,0.046401,0.0,0.096915,0.0,0.0,0.0,0.0,0.0,0.0,0.0,0.095856,0.0,0.0,0.0,0.0,0.026579,0.026938,0.026924,0.0,0.027105,0.0,0.0,0.093213,0.014622,0.0945,0.0,0.0,0.0,0.0,0.039968,0.0,0.0,0.097402,0.002187
2023-07-14,0.095694,0.096004,0.057692,0.0,0.0,0.0,0.0,0.0,0.06302,0.046821,0.0,0.096566,0.0,0.0,0.0,0.0,0.0,0.0,0.0,0.097595,0.0,0.0,0.0,0.0,0.026696,0.026758,0.027101,0.0,0.026845,0.0,0.0,0.093464,0.01476,0.096126,0.0,0.0,0.0,0.0,0.039912,0.0,0.0,0.092745,0.002201
2023-07-17,0.095545,0.095885,0.05773,0.0,0.0,0.0,0.0,0.0,0.063381,0.04708,0.0,0.096239,0.0,0.0,0.0,0.0,0.0,0.0,0.0,0.097284,0.0,0.0,0.0,0.0,0.027043,0.027404,0.027445,0.0,0.027188,0.0,0.0,0.093548,0.014717,0.095476,0.0,0.0,0.0,0.0,0.039993,0.0,0.0,0.091841,0.002202
2023-07-18,0.095476,0.095909,0.058198,0.0,0.0,0.0,0.0,0.0,0.063001,0.046679,0.0,0.096359,0.0,0.0,0.0,0.0,0.0,0.0,0.0,0.097025,0.0,0.0,0.0,0.0,0.027197,0.027301,0.027547,0.0,0.027354,0.0,0.0,0.094091,0.014763,0.096271,0.0,0.0,0.0,0.0,0.039881,0.0,0.0,0.090757,0.00219
2023-07-19,0.095896,0.095761,0.058126,0.0,0.0,0.0,0.0,0.0,0.061963,0.046462,0.0,0.096497,0.0,0.0,0.0,0.0,0.0,0.0,0.0,0.096857,0.0,0.0,0.0,0.0,0.027091,0.02694,0.027541,0.0,0.027144,0.0,0.0,0.093976,0.014813,0.097287,0.0,0.0,0.0,0.0,0.039857,0.0,0.0,0.091602,0.002187
2023-07-20,0.096672,0.096571,0.05806,0.0,0.0,0.0,0.0,0.0,0.061892,0.046248,0.0,0.095746,0.0,0.0,0.0,0.0,0.0,0.0,0.0,0.095455,0.0,0.0,0.0,0.0,0.026876,0.026279,0.027198,0.0,0.026734,0.0,0.0,0.09465,0.014723,0.098707,0.0,0.0,0.0,0.0,0.040171,0.0,0.0,0.091803,0.002215
2023-07-21,0.096637,0.09695,0.058021,0.0,0.0,0.0,0.0,0.0,0.061789,0.04629,0.0,0.094833,0.0,0.0,0.0,0.0,0.0,0.0,0.0,0.095839,0.0,0.0,0.0,0.0,0.026875,0.026528,0.027281,0.0,0.026572,0.0,0.0,0.094401,0.014658,0.098572,0.0,0.0,0.0,0.0,0.04029,0.0,0.0,0.092248,0.002216
2023-07-24,0.096678,0.096435,0.058089,0.0,0.0,0.0,0.0,0.0,0.062566,0.047167,0.0,0.094981,0.0,0.0,0.0,0.0,0.0,0.0,0.0,0.096398,0.0,0.0,0.0,0.0,0.026915,0.02652,0.027189,0.0,0.026362,0.0,0.0,0.093972,0.014498,0.100067,0.0,0.0,0.0,0.0,0.04021,0.0,0.0,0.089737,0.002216
2023-07-25,0.096376,0.096105,0.057854,0.0,0.0,0.0,0.0,0.0,0.062738,0.047335,0.0,0.094779,0.0,0.0,0.0,0.0,0.0,0.0,0.0,0.097226,0.0,0.0,0.0,0.0,0.027078,0.026823,0.02725,0.0,0.026533,0.0,0.0,0.093993,0.014608,0.09958,0.0,0.0,0.0,0.0,0.03997,0.0,0.0,0.089548,0.002204
2023-07-26,0.096067,0.096101,0.057973,0.0,0.0,0.0,0.0,0.0,0.062617,0.046986,0.0,0.096074,0.0,0.0,0.0,0.0,0.0,0.0,0.0,0.097125,0.0,0.0,0.0,0.0,0.026662,0.026401,0.026934,0.0,0.026655,0.0,0.0,0.094269,0.014767,0.099166,0.0,0.0,0.0,0.0,0.040052,0.0,0.0,0.089949,0.0022
2023-07-27,0.097286,0.096052,0.058757,0.0,0.0,0.0,0.0,0.0,0.062355,0.046391,0.0,0.097397,0.0,0.0,0.0,0.0,0.0,0.0,0.0,0.096731,0.0,0.0,0.0,0.0,0.026728,0.027042,0.026868,0.0,0.026541,0.0,0.0,0.093285,0.014328,0.098803,0.0,0.0,0.0,0.0,0.039946,0.0,0.0,0.089277,0.002212
2023-07-28,0.096377,0.096026,0.058573,0.0,0.0,0.0,0.0,0.0,0.0628,0.046796,0.0,0.098446,0.0,0.0,0.0,0.0,0.0,0.0,0.0,0.097117,0.0,0.0,0.0,0.0,0.026854,0.02739,0.02702,0.0,0.026399,0.0,0.0,0.093205,0.014337,0.097405,0.0,0.0,0.0,0.0,0.039823,0.0,0.0,0.089237,0.002193
2023-07-31,0.106692,0.019224,0.046394,0.0,0.0,0.0,0.107047,0.0,0.0,0.0,0.106941,0.106759,0.0,0.0,0.0,0.0,0.052952,0.06723,0.0,0.10712,0.0,0.0,0.0,0.0,0.029946,0.029934,0.029916,0.0,0.030057,0.0,0.0,0.0,0.0,0.050031,0.0,0.0,0.0,0.0,0.0,0.0,0.0,0.107134,0.002623
2023-08-01,0.106518,0.019104,0.046066,0.0,0.0,0.0,0.1055,0.0,0.0,0.0,0.106238,0.107134,0.0,0.0,0.0,0.0,0.053367,0.066597,0.0,0.108292,0.0,0.0,0.0,0.0,0.030141,0.030098,0.030075,0.0,0.029777,0.0,0.0,0.0,0.0,0.050341,0.0,0.0,0.0,0.0,0.0,0.0,0.0,0.108115,0.002637
2023-08-02,0.106721,0.019033,0.045863,0.0,0.0,0.0,0.106244,0.0,0.0,0.0,0.105866,0.106667,0.0,0.0,0.0,0.0,0.053584,0.066985,0.0,0.108664,0.0,0.0,0.0,0.0,0.029827,0.029371,0.029549,0.0,0.029142,0.0,0.0,0.0,0.0,0.050685,0.0,0.0,0.0,0.0,0.0,0.0,0.0,0.109124,0.002676
2023-08-03,0.106895,0.019094,0.045912,0.0,0.0,0.0,0.104674,0.0,0.0,0.0,0.106752,0.107034,0.0,0.0,0.0,0.0,0.053565,0.06692,0.0,0.10747,0.0,0.0,0.0,0.0,0.029883,0.029471,0.029532,0.0,0.029157,0.0,0.0,0.0,0.0,0.05059,0.0,0.0,0.0,0.0,0.0,0.0,0.0,0.110359,0.002692
2023-08-04,0.107528,0.019116,0.046325,0.0,0.0,0.0,0.103861,0.0,0.0,0.0,0.108234,0.106726,0.0,0.0,0.0,0.0,0.053205,0.0665,0.0,0.108934,0.0,0.0,0.0,0.0,0.029458,0.029406,0.029183,0.0,0.029106,0.0,0.0,0.0,0.0,0.050604,0.0,0.0,0.0,0.0,0.0,0.0,0.0,0.109123,0.002691
2023-08-07,0.106257,0.019183,0.046433,0.0,0.0,0.0,0.103107,0.0,0.0,0.0,0.108686,0.107727,0.0,0.0,0.0,0.0,0.053535,0.066472,0.0,0.10952,0.0,0.0,0.0,0.0,0.029362,0.029536,0.029192,0.0,0.029015,0.0,0.0,0.0,0.0,0.050183,0.0,0.0,0.0,0.0,0.0,0.0,0.0,0.109117,0.002675
2023-08-08,0.105778,0.019125,0.04613,0.0,0.0,0.0,0.102927,0.0,0.0,0.0,0.108071,0.107677,0.0,0.0,0.0,0.0,0.053414,0.066444,0.0,0.109577,0.0,0.0,0.0,0.0,0.029204,0.029134,0.028783,0.0,0.028567,0.0,0.0,0.0,0.0,0.049927,0.0,0.0,0.0,0.0,0.0,0.0,0.0,0.11256,0.002681
2023-08-09,0.106947,0.019348,0.046156,0.0,0.0,0.0,0.103078,0.0,0.0,0.0,0.107791,0.107519,0.0,0.0,0.0,0.0,0.053886,0.066366,0.0,0.109747,0.0,0.0,0.0,0.0,0.029097,0.028867,0.028718,0.0,0.028197,0.0,0.0,0.0,0.0,0.050301,0.0,0.0,0.0,0.0,0.0,0.0,0.0,0.111274,0.002707
2023-08-10,0.107702,0.019395,0.046285,0.0,0.0,0.0,0.103418,0.0,0.0,0.0,0.107896,0.107732,0.0,0.0,0.0,0.0,0.05366,0.066507,0.0,0.108397,0.0,0.0,0.0,0.0,0.029059,0.02871,0.028862,0.0,0.028209,0.0,0.0,0.0,0.0,0.050276,0.0,0.0,0.0,0.0,0.0,0.0,0.0,0.111188,0.002703
2023-08-11,0.106892,0.019328,0.046444,0.0,0.0,0.0,0.103223,0.0,0.0,0.0,0.108074,0.107765,0.0,0.0,0.0,0.0,0.054022,0.066316,0.0,0.108847,0.0,0.0,0.0,0.0,0.028991,0.028156,0.028964,0.0,0.028053,0.0,0.0,0.0,0.0,0.050531,0.0,0.0,0.0,0.0,0.0,0.0,0.0,0.111678,0.002717
2023-08-14,0.107093,0.019267,0.045973,0.0,0.0,0.0,0.101042,0.0,0.0,0.0,0.108275,0.108421,0.0,0.0,0.0,0.0,0.053977,0.066455,0.0,0.109514,0.0,0.0,0.0,0.0,0.029418,0.028933,0.029306,0.0,0.02834,0.0,0.0,0.0,0.0,0.050093,0.0,0.0,0.0,0.0,0.0,0.0,0.0,0.111178,0.002715
2023-08-15,0.107326,0.019179,0.045862,0.0,0.0,0.0,0.100834,0.0,0.0,0.0,0.107693,0.108358,0.0,0.0,0.0,0.0,0.053734,0.065901,0.0,0.11121,0.0,0.0,0.0,0.0,0.029372,0.028688,0.029298,0.0,0.028254,0.0,0.0,0.0,0.0,0.050109,0.0,0.0,0.0,0.0,0.0,0.0,0.0,0.111443,0.002738
2023-08-16,0.107854,0.019231,0.045693,0.0,0.0,0.0,0.101397,0.0,0.0,0.0,0.107304,0.108015,0.0,0.0,0.0,0.0,0.053909,0.065883,0.0,0.109978,0.0,0.0,0.0,0.0,0.02935,0.028383,0.029304,0.0,0.027985,0.0,0.0,0.0,0.0,0.050817,0.0,0.0,0.0,0.0,0.0,0.0,0.0,0.112134,0.002762
2023-08-17,0.108711,0.019398,0.046293,0.0,0.0,0.0,0.102488,0.0,0.0,0.0,0.107323,0.108636,0.0,0.0,0.0,0.0,0.054386,0.066496,0.0,0.107093,0.0,0.0,0.0,0.0,0.029578,0.028595,0.029361,0.0,0.027998,0.0,0.0,0.0,0.0,0.051678,0.0,0.0,0.0,0.0,0.0,0.0,0.0,0.109154,0.002811
2023-08-18,0.108548,0.019487,0.046701,0.0,0.0,0.0,0.103878,0.0,0.0,0.0,0.10775,0.108665,0.0,0.0,0.0,0.0,0.05483,0.067291,0.0,0.108322,0.0,0.0,0.0,0.0,0.029808,0.028929,0.029666,0.0,0.028218,0.0,0.0,0.0,0.0,0.052419,0.0,0.0,0.0,0.0,0.0,0.0,0.0,0.102657,0.002829
2023-08-21,0.108507,0.019552,0.046632,0.0,0.0,0.0,0.102551,0.0,0.0,0.0,0.108736,0.109196,0.0,0.0,0.0,0.0,0.054636,0.066933,0.0,0.107203,0.0,0.0,0.0,0.0,0.030307,0.029691,0.030123,0.0,0.028462,0.0,0.0,0.0,0.0,0.052151,0.0,0.0,0.0,0.0,0.0,0.0,0.0,0.102496,0.002823
2023-08-22,0.109043,0.019452,0.046791,0.0,0.0,0.0,0.10467,0.0,0.0,0.0,0.108734,0.109035,0.0,0.0,0.0,0.0,0.054427,0.066332,0.0,0.107872,0.0,0.0,0.0,0.0,0.030228,0.029386,0.030054,0.0,0.028277,0.0,0.0,0.0,0.0,0.051756,0.0,0.0,0.0,0.0,0.0,0.0,0.0,0.101126,0.002819
2023-08-23,0.108026,0.019306,0.046665,0.0,0.0,0.0,0.106459,0.0,0.0,0.0,0.107882,0.109056,0.0,0.0,0.0,0.0,0.054123,0.065953,0.0,0.107386,0.0,0.0,0.0,0.0,0.03029,0.029515,0.030067,0.0,0.02842,0.0,0.0,0.0,0.0,0.051472,0.0,0.0,0.0,0.0,0.0,0.0,0.0,0.102607,0.002775
2023-08-24,0.108958,0.019315,0.046726,0.0,0.0,0.0,0.10686,0.0,0.0,0.0,0.107312,0.108518,0.0,0.0,0.0,0.0,0.054244,0.066302,0.0,0.107349,0.0,0.0,0.0,0.0,0.030023,0.028955,0.029814,0.0,0.028326,0.0,0.0,0.0,0.0,0.052661,0.0,0.0,0.0,0.0,0.0,0.0,0.0,0.101823,0.002815
2023-08-25,0.108428,0.019444,0.046944,0.0,0.0,0.0,0.105891,0.0,0.0,0.0,0.108454,0.108577,0.0,0.0,0.0,0.0,0.054672,0.066256,0.0,0.10613,0.0,0.0,0.0,0.0,0.030312,0.029065,0.030388,0.0,0.028454,0.0,0.0,0.0,0.0,0.05278,0.0,0.0,0.0,0.0,0.0,0.0,0.0,0.101389,0.002815
2023-08-28,0.107658,0.019509,0.047162,0.0,0.0,0.0,0.106414,0.0,0.0,0.0,0.108115,0.109125,0.0,0.0,0.0,0.0,0.054727,0.066045,0.0,0.106273,0.0,0.0,0.0,0.0,0.030343,0.029224,0.030317,0.0,0.028636,0.0,0.0,0.0,0.0,0.052914,0.0,0.0,0.0,0.0,0.0,0.0,0.0,0.100744,0.002795
2023-08-29,0.107544,0.019337,0.046412,0.0,0.0,0.0,0.105478,0.0,0.0,0.0,0.108303,0.109019,0.0,0.0,0.0,0.0,0.053894,0.065423,0.0,0.106344,0.0,0.0,0.0,0.0,0.030249,0.029311,0.030204,0.0,0.0285,0.0,0.0,0.0,0.0,0.051643,0.0,0.0,0.0,0.0,0.0,0.0,0.0,0.105608,0.002732
2023-08-30,0.108294,0.019318,0.046307,0.0,0.0,0.0,0.104411,0.0,0.0,0.0,0.108718,0.108984,0.0,0.0,0.0,0.0,0.054112,0.065747,0.0,0.107797,0.0,0.0,0.0,0.0,0.030464,0.029435,0.03046,0.0,0.028723,0.0,0.0,0.0,0.0,0.051737,0.0,0.0,0.0,0.0,0.0,0.0,0.0,0.102759,0.002731
2023-08-31,0.096187,0.0,0.0,0.0,0.0,0.0,0.096258,0.091748,0.0,0.016208,0.078753,0.096208,0.0,0.0,0.0,0.019901,0.053481,0.054015,0.0,0.096109,0.0,0.0,0.042482,0.0,0.028965,0.028641,0.02934,0.0,0.018571,0.0,0.0,0.0,0.0,0.096329,0.0,0.0,0.0,0.0,0.0,0.0,0.0,0.0466,0.010205
2023-09-01,0.095925,0.0,0.0,0.0,0.0,0.0,0.097832,0.09206,0.0,0.01636,0.07806,0.095053,0.0,0.0,0.0,0.020337,0.053617,0.054006,0.0,0.097237,0.0,0.0,0.042005,0.0,0.028975,0.028638,0.029397,0.0,0.018521,0.0,0.0,0.0,0.0,0.096244,0.0,0.0,0.0,0.0,0.0,0.0,0.0,0.045556,0.010178
2023-09-04,0.095904,0.0,0.0,0.0,0.0,0.0,0.097833,0.092061,0.0,0.016361,0.078062,0.095055,0.0,0.0,0.0,0.020337,0.053618,0.054007,0.0,0.097239,0.0,0.0,0.042006,0.0,0.028976,0.028638,0.029398,0.0,0.018521,0.0,0.0,0.0,0.0,0.096245,0.0,0.0,0.0,0.0,0.0,0.0,0.0,0.045557,0.010182
2023-09-05,0.096298,0.0,0.0,0.0,0.0,0.0,0.09767,0.092964,0.0,0.016363,0.078687,0.095735,0.0,0.0,0.0,0.020372,0.053101,0.053213,0.0,0.093459,0.0,0.0,0.041949,0.0,0.029291,0.028838,0.029756,0.0,0.018552,0.0,0.0,0.0,0.0,0.097571,0.0,0.0,0.0,0.0,0.0,0.0,0.0,0.045925,0.010256
2023-09-06,0.09583,0.0,0.0,0.0,0.0,0.0,0.096792,0.092948,0.0,0.016233,0.078292,0.095807,0.0,0.0,0.0,0.020446,0.053079,0.052986,0.0,0.09479,0.0,0.0,0.042066,0.0,0.029095,0.028741,0.029915,0.0,0.01854,0.0,0.0,0.0,0.0,0.098041,0.0,0.0,0.0,0.0,0.0,0.0,0.0,0.046104,0.010297
2023-09-07,0.095842,0.0,0.0,0.0,0.0,0.0,0.095097,0.093938,0.0,0.016192,0.07867,0.09583,0.0,0.0,0.0,0.020486,0.053012,0.052853,0.0,0.095692,0.0,0.0,0.042251,0.0,0.028732,0.02814,0.029905,0.0,0.01836,0.0,0.0,0.0,0.0,0.098061,0.0,0.0,0.0,0.0,0.0,0.0,0.0,0.046618,0.010321
2023-09-08,0.095955,0.0,0.0,0.0,0.0,0.0,0.096213,0.094724,0.0,0.016171,0.0785,0.095909,0.0,0.0,0.0,0.020676,0.052633,0.052711,0.0,0.095059,0.0,0.0,0.042213,0.0,0.02873,0.027934,0.029895,0.0,0.018124,0.0,0.0,0.0,0.0,0.097626,0.0,0.0,0.0,0.0,0.0,0.0,0.0,0.046622,0.010302
2023-09-11,0.095454,0.0,0.0,0.0,0.0,0.0,0.097815,0.094915,0.0,0.016303,0.079992,0.096607,0.0,0.0,0.0,0.020114,0.052243,0.052669,0.0,0.095019,0.0,0.0,0.042251,0.0,0.028658,0.027704,0.029905,0.0,0.018047,0.0,0.0,0.0,0.0,0.097585,0.0,0.0,0.0,0.0,0.0,0.0,0.0,0.044494,0.010224
2023-09-12,0.095868,0.0,0.0,0.0,0.0,0.0,0.098639,0.09451,0.0,0.016177,0.07963,0.096036,0.0,0.0,0.0,0.020695,0.052294,0.052545,0.0,0.093393,0.0,0.0,0.04208,0.0,0.028267,0.027594,0.029177,0.0,0.018011,0.0,0.0,0.0,0.0,0.098165,0.0,0.0,0.0,0.0,0.0,0.0,0.0,0.04665,0.010271
2023-09-13,0.095728,0.0,0.0,0.0,0.0,0.0,0.099615,0.094499,0.0,0.016162,0.080163,0.096232,0.0,0.0,0.0,0.02043,0.051883,0.052368,0.0,0.092294,0.0,0.0,0.042158,0.0,0.028303,0.027702,0.029203,0.0,0.017878,0.0,0.0,0.0,0.0,0.098357,0.0,0.0,0.0,0.0,0.0,0.0,0.0,0.046767,0.010258
2023-09-14,0.095384,0.0,0.0,0.0,0.0,0.0,0.100475,0.09384,0.0,0.016209,0.080137,0.096592,0.0,0.0,0.0,0.020325,0.051867,0.052345,0.0,0.092773,0.0,0.0,0.042158,0.0,0.028222,0.02762,0.029052,0.0,0.017808,0.0,0.0,0.0,0.0,0.097809,0.0,0.0,0.0,0.0,0.0,0.0,0.0,0.047228,0.010157
2023-09-15,0.095885,0.0,0.0,0.0,0.0,0.0,0.101006,0.094474,0.0,0.016438,0.079526,0.096228,0.0,0.0,0.0,0.020172,0.052065,0.052603,0.0,0.091041,0.0,0.0,0.042213,0.0,0.027947,0.027082,0.028779,0.0,0.017722,0.0,0.0,0.0,0.0,0.099331,0.0,0.0,0.0,0.0,0.0,0.0,0.0,0.047231,0.010257
2023-09-18,0.095696,0.0,0.0,0.0,0.0,0.0,0.101082,0.094649,0.0,0.016485,0.07872,0.096368,0.0,0.0,0.0,0.020192,0.052162,0.052119,0.0,0.09149,0.0,0.0,0.04223,0.0,0.028102,0.027194,0.028789,0.0,0.017799,0.0,0.0,0.0,0.0,0.098693,0.0,0.0,0.0,0.0,0.0,0.0,0.0,0.047963,0.010266
2023-09-19,0.095305,0.0,0.0,0.0,0.0,0.0,0.100566,0.094456,0.0,0.016338,0.078461,0.096607,0.0,0.0,0.0,0.020004,0.052033,0.052185,0.0,0.091794,0.0,0.0,0.042203,0.0,0.028136,0.027012,0.028804,0.0,0.017731,0.0,0.0,0.0,0.0,0.099265,0.0,0.0,0.0,0.0,0.0,0.0,0.0,0.048814,0.010286
2023-09-20,0.096399,0.0,0.0,0.0,0.0,0.0,0.101834,0.094653,0.0,0.016301,0.078051,0.095743,0.0,0.0,0.0,0.019791,0.052075,0.052235,0.0,0.091364,0.0,0.0,0.042446,0.0,0.027826,0.026695,0.02868,0.0,0.017619,0.0,0.0,0.0,0.0,0.09947,0.0,0.0,0.0,0.0,0.0,0.0,0.0,0.048486,0.010335
2023-09-21,0.096192,0.0,0.0,0.0,0.0,0.0,0.100312,0.095571,0.0,0.016179,0.077398,0.096403,0.0,0.0,0.0,0.019942,0.05222,0.05253,0.0,0.090444,0.0,0.0,0.042714,0.0,0.027935,0.026712,0.02855,0.0,0.017511,0.0,0.0,0.0,0.0,0.09999,0.0,0.0,0.0,0.0,0.0,0.0,0.0,0.048857,0.010539
2023-09-22,0.096247,0.0,0.0,0.0,0.0,0.0,0.10037,0.095783,0.0,0.016285,0.076755,0.096435,0.0,0.0,0.0,0.019914,0.052121,0.052269,0.0,0.090721,0.0,0.0,0.04255,0.0,0.028038,0.026976,0.028643,0.0,0.017617,0.0,0.0,0.0,0.0,0.099962,0.0,0.0,0.0,0.0,0.0,0.0,0.0,0.048754,0.010558
2023-09-25,0.095577,0.0,0.0,0.0,0.0,0.0,0.099804,0.096089,0.0,0.016233,0.077213,0.096652,0.0,0.0,0.0,0.020277,0.052373,0.052523,0.0,0.090911,0.0,0.0,0.04239,0.0,0.028123,0.027169,0.028632,0.0,0.01765,0.0,0.0,0.0,0.0,0.099441,0.0,0.0,0.0,0.0,0.0,0.0,0.0,0.048387,0.010558
2023-09-26,0.095848,0.0,0.0,0.0,0.0,0.0,0.099178,0.096599,0.0,0.015913,0.076741,0.096759,0.0,0.0,0.0,0.020439,0.05221,0.052245,0.0,0.090693,0.0,0.0,0.042594,0.0,0.027957,0.027005,0.028525,0.0,0.017505,0.0,0.0,0.0,0.0,0.100298,0.0,0.0,0.0,0.0,0.0,0.0,0.0,0.048803,0.010688
2023-09-27,0.09557,0.0,0.0,0.0,0.0,0.0,0.097929,0.097144,0.0,0.015912,0.076413,0.096969,0.0,0.0,0.0,0.021034,0.052576,0.052281,0.0,0.090875,0.0,0.0,0.042226,0.0,0.027988,0.027231,0.028704,0.0,0.017707,0.0,0.0,0.0,0.0,0.099976,0.0,0.0,0.0,0.0,0.0,0.0,0.0,0.048781,0.010685
2023-09-28,0.095254,0.0,0.0,0.0,0.0,0.0,0.098274,0.095473,0.0,0.015906,0.076521,0.097093,0.0,0.0,0.0,0.020943,0.052289,0.052493,0.0,0.091498,0.0,0.0,0.041946,0.0,0.027914,0.027467,0.028645,0.0,0.017752,0.0,0.0,0.0,0.0,0.099881,0.0,0.0,0.0,0.0,0.0,0.0,0.0,0.050068,0.010583
2023-09-29,0.086657,0.0,0.0,0.0,0.0,0.0,0.086729,0.086588,0.0,0.0,0.086518,0.086453,0.0,0.0,0.012972,0.084628,0.048549,0.048436,0.0,0.086355,0.0,0.0,0.0,0.0,0.025705,0.025347,0.025809,0.019306,0.0,0.0,0.0,0.033052,0.063492,0.07151,0.0,0.0,0.0,0.0,0.0,0.0,0.0,0.016918,0.004976
2023-10-02,0.086714,0.0,0.0,0.0,0.0,0.0,0.085707,0.087255,0.0,0.0,0.087275,0.08779,0.0,0.0,0.012815,0.082456,0.048456,0.048378,0.0,0.086164,0.0,0.0,0.0,0.0,0.026187,0.025677,0.026158,0.019519,0.0,0.0,0.0,0.032965,0.061101,0.07265,0.0,0.0,0.0,0.0,0.0,0.0,0.0,0.017715,0.005017
2023-10-03,0.086479,0.0,0.0,0.0,0.0,0.0,0.084317,0.088059,0.0,0.0,0.086444,0.087922,0.0,0.0,0.013,0.083391,0.048849,0.048652,0.0,0.084804,0.0,0.0,0.0,0.0,0.026134,0.025528,0.025889,0.01945,0.0,0.0,0.0,0.033368,0.062093,0.073035,0.0,0.0,0.0,0.0,0.0,0.0,0.0,0.017493,0.005094
2023-10-04,0.086571,0.0,0.0,0.0,0.0,0.0,0.084398,0.087772,0.0,0.0,0.088022,0.088631,0.0,0.0,0.012574,0.079963,0.048935,0.048775,0.0,0.085885,0.0,0.0,0.0,0.0,0.026422,0.02583,0.02627,0.01947,0.0,0.0,0.0,0.033316,0.061589,0.072759,0.0,0.0,0.0,0.0,0.0,0.0,0.0,0.017732,0.005087
2023-10-05,0.086847,0.0,0.0,0.0,0.0,0.0,0.084179,0.088456,0.0,0.0,0.087685,0.088613,0.0,0.0,0.012511,0.080156,0.048704,0.048641,0.0,0.085536,0.0,0.0,0.0,0.0,0.026488,0.025734,0.026268,0.019432,0.0,0.0,0.0,0.033294,0.061469,0.073254,0.0,0.0,0.0,0.0,0.0,0.0,0.0,0.017639,0.005093
2023-10-06,0.086702,0.0,0.0,0.0,0.0,0.0,0.083839,0.088179,0.0,0.0,0.087196,0.089115,0.0,0.0,0.012428,0.080598,0.048752,0.04852,0.0,0.084854,0.0,0.0,0.0,0.0,0.026646,0.025958,0.02664,0.019691,0.0,0.0,0.0,0.033047,0.062214,0.07281,0.0,0.0,0.0,0.0,0.0,0.0,0.0,0.017779,0.005032
2023-10-09,0.086164,0.0,0.0,0.0,0.0,0.0,0.084349,0.086445,0.0,0.0,0.086522,0.089284,0.0,0.0,0.01273,0.083207,0.049082,0.048148,0.0,0.085035,0.0,0.0,0.0,0.0,0.026549,0.025666,0.026581,0.019705,0.0,0.0,0.0,0.033359,0.062699,0.072137,0.0,0.0,0.0,0.0,0.0,0.0,0.0,0.017352,0.004988
2023-10-10,0.08709,0.0,0.0,0.0,0.0,0.0,0.085919,0.086667,0.0,0.0,0.08671,0.08902,0.0,0.0,0.012635,0.082735,0.048951,0.048316,0.0,0.085335,0.0,0.0,0.0,0.0,0.026359,0.02577,0.026473,0.019665,0.0,0.0,0.0,0.033014,0.061907,0.071445,0.0,0.0,0.0,0.0,0.0,0.0,0.0,0.017042,0.004945
2023-10-11,0.086594,0.0,0.0,0.0,0.0,0.0,0.086011,0.086567,0.0,0.0,0.086744,0.089547,0.0,0.0,0.012434,0.082338,0.04909,0.048282,0.0,0.086033,0.0,0.0,0.0,0.0,0.026519,0.025881,0.026538,0.01967,0.0,0.0,0.0,0.03315,0.062329,0.070757,0.0,0.0,0.0,0.0,0.0,0.0,0.0,0.016586,0.00493
2023-10-12,0.087552,0.0,0.0,0.0,0.0,0.0,0.085124,0.086704,0.0,0.0,0.086632,0.08935,0.0,0.0,0.012569,0.083166,0.049117,0.048178,0.0,0.082857,0.0,0.0,0.0,0.0,0.026802,0.0262,0.026685,0.019645,0.0,0.0,0.0,0.03337,0.062249,0.072112,0.0,0.0,0.0,0.0,0.0,0.0,0.0,0.016711,0.004979
2023-10-13,0.086572,0.0,0.0,0.0,0.0,0.0,0.085338,0.086908,0.0,0.0,0.085291,0.088279,0.0,0.0,0.012835,0.084854,0.048643,0.047312,0.0,0.082923,0.0,0.0,0.0,0.0,0.026397,0.025466,0.02637,0.019532,0.0,0.0,0.0,0.034416,0.064754,0.072388,0.0,0.0,0.0,0.0,0.0,0.0,0.0,0.016746,0.004976
2023-10-16,0.086387,0.0,0.0,0.0,0.0,0.0,0.085951,0.086577,0.0,0.0,0.085761,0.088759,0.0,0.0,0.012786,0.084811,0.048643,0.047641,0.0,0.082782,0.0,0.0,0.0,0.0,0.026371,0.025556,0.026393,0.019641,0.0,0.0,0.0,0.033889,0.063767,0.071694,0.0,0.0,0.0,0.0,0.0,0.0,0.0,0.017666,0.004925
2023-10-17,0.08622,0.0,0.0,0.0,0.0,0.0,0.08533,0.086335,0.0,0.0,0.085704,0.088803,0.0,0.0,0.01288,0.085553,0.048648,0.047738,0.0,0.082673,0.0,0.0,0.0,0.0,0.026169,0.025293,0.026447,0.019591,0.0,0.0,0.0,0.033849,0.064312,0.071906,0.0,0.0,0.0,0.0,0.0,0.0,0.0,0.017637,0.00491
2023-10-18,0.086342,0.0,0.0,0.0,0.0,0.0,0.084867,0.086304,0.0,0.0,0.084703,0.088325,0.0,0.0,0.013154,0.087236,0.048047,0.046749,0.0,0.081401,0.0,0.0,0.0,0.0,0.026213,0.025137,0.026364,0.019624,0.0,0.0,0.0,0.034754,0.065182,0.072974,0.0,0.0,0.0,0.0,0.0,0.0,0.0,0.017653,0.00497
2023-10-19,0.086132,0.0,0.0,0.0,0.0,0.0,0.085228,0.086916,0.0,0.0,0.082917,0.088637,0.0,0.0,0.013191,0.08747,0.047821,0.046659,0.0,0.080276,0.0,0.0,0.0,0.0,0.026183,0.024863,0.026319,0.01948,0.0,0.0,0.0,0.035342,0.065981,0.073475,0.0,0.0,0.0,0.0,0.0,0.0,0.0,0.018117,0.004994
2023-10-20,0.085363,0.0,0.0,0.0,0.0,0.0,0.08545,0.086916,0.0,0.0,0.082281,0.088518,0.0,0.0,0.013073,0.086683,0.047704,0.047139,0.0,0.080327,0.0,0.0,0.0,0.0,0.025945,0.024699,0.025858,0.019219,0.0,0.0,0.0,0.03572,0.06742,0.073892,0.0,0.0,0.0,0.0,0.0,0.0,0.0,0.018758,0.005033
2023-10-23,0.085657,0.0,0.0,0.0,0.0,0.0,0.085286,0.086415,0.0,0.0,0.082579,0.089201,0.0,0.0,0.012893,0.085626,0.047597,0.046671,0.0,0.081101,0.0,0.0,0.0,0.0,0.026039,0.024618,0.025923,0.019124,0.0,0.0,0.0,0.035687,0.066479,0.074106,0.0,0.0,0.0,0.0,0.0,0.0,0.0,0.01995,0.005048
2023-10-24,0.085277,0.0,0.0,0.0,0.0,0.0,0.086061,0.086245,0.0,0.0,0.083048,0.089809,0.0,0.0,0.012649,0.08453,0.047719,0.046474,0.0,0.08038,0.0,0.0,0.0,0.0,0.026088,0.024829,0.02603,0.019299,0.0,0.0,0.0,0.035507,0.066057,0.073673,0.0,0.0,0.0,0.0,0.0,0.0,0.0,0.021302,0.005023
2023-10-25,0.086064,0.0,0.0,0.0,0.0,0.0,0.0863,0.086382,0.0,0.0,0.082442,0.087051,0.0,0.0,0.012792,0.085508,0.047727,0.046135,0.0,0.080125,0.0,0.0,0.0,0.0,0.02612,0.024139,0.025666,0.019072,0.0,0.0,0.0,0.036125,0.066672,0.074302,0.0,0.0,0.0,0.0,0.0,0.0,0.0,0.022286,0.00509
2023-10-26,0.085433,0.0,0.0,0.0,0.0,0.0,0.0885,0.085883,0.0,0.0,0.081667,0.085693,0.0,0.0,0.012773,0.08565,0.047827,0.045412,0.0,0.081502,0.0,0.0,0.0,0.0,0.025783,0.024147,0.025565,0.01907,0.0,0.0,0.0,0.036411,0.066805,0.074909,0.0,0.0,0.0,0.0,0.0,0.0,0.0,0.021846,0.005123
2023-10-27,0.085329,0.0,0.0,0.0,0.0,0.0,0.086979,0.086448,0.0,0.0,0.082621,0.085485,0.0,0.0,0.012482,0.084612,0.047461,0.044973,0.0,0.081215,0.0,0.0,0.0,0.0,0.025964,0.024436,0.025585,0.019115,0.0,0.0,0.0,0.036879,0.067944,0.075686,0.0,0.0,0.0,0.0,0.0,0.0,0.0,0.021657,0.005131
2023-10-30,0.085081,0.0,0.0,0.0,0.0,0.0,0.085363,0.086762,0.0,0.0,0.082966,0.086815,0.0,0.0,0.012461,0.083901,0.047815,0.04585,0.0,0.081444,0.0,0.0,0.0,0.0,0.026113,0.02399,0.025797,0.019051,0.0,0.0,0.0,0.03649,0.068119,0.074799,0.0,0.0,0.0,0.0,0.0,0.0,0.0,0.022079,0.005106
2023-10-31,0.067802,0.0,0.052875,0.0,0.0,0.0,0.068132,0.068,0.0,0.0,0.067989,0.067834,0.029095,0.0,0.0382,0.03814,0.039336,0.0,0.0,0.068212,0.0,0.0,0.0,0.0,0.020687,0.012042,0.020872,0.020943,0.0,0.0,0.0,0.0,0.0,0.068161,0.0,0.0,0.0,0.063125,0.06801,0.0,0.068194,0.046322,0.006029
2023-11-01,0.067634,0.0,0.053182,0.0,0.0,0.0,0.069388,0.067492,0.0,0.0,0.068063,0.068063,0.028958,0.0,0.037686,0.037645,0.039024,0.0,0.0,0.069819,0.0,0.0,0.0,0.0,0.020852,0.012188,0.02081,0.020724,0.0,0.0,0.0,0.0,0.0,0.067311,0.0,0.0,0.0,0.062966,0.067894,0.0,0.068321,0.046016,0.005963
2023-11-02,0.06792,0.0,0.053104,0.0,0.0,0.0,0.070129,0.066967,0.0,0.0,0.068617,0.067757,0.029124,0.0,0.038146,0.037945,0.039129,0.0,0.0,0.07094,0.0,0.0,0.0,0.0,0.020834,0.012247,0.020801,0.020548,0.0,0.0,0.0,0.0,0.0,0.066914,0.0,0.0,0.0,0.062145,0.067455,0.0,0.067797,0.045623,0.005859
2023-11-03,0.068368,0.0,0.053475,0.0,0.0,0.0,0.070215,0.066776,0.0,0.0,0.068879,0.068102,0.029211,0.0,0.037382,0.037287,0.039077,0.0,0.0,0.072491,0.0,0.0,0.0,0.0,0.020836,0.012442,0.020809,0.020603,0.0,0.0,0.0,0.0,0.0,0.066716,0.0,0.0,0.0,0.061833,0.067428,0.0,0.067771,0.044499,0.0058
2023-11-06,0.068428,0.0,0.052952,0.0,0.0,0.0,0.070703,0.067049,0.0,0.0,0.069185,0.068137,0.029217,0.0,0.037077,0.03641,0.039098,0.0,0.0,0.071943,0.0,0.0,0.0,0.0,0.02104,0.012459,0.020826,0.020528,0.0,0.0,0.0,0.0,0.0,0.067108,0.0,0.0,0.0,0.061869,0.067369,0.0,0.067425,0.045358,0.00582
2023-11-07,0.068382,0.0,0.052376,0.0,0.0,0.0,0.071064,0.066962,0.0,0.0,0.069834,0.068381,0.029122,0.0,0.036191,0.035317,0.038932,0.0,0.0,0.07271,0.0,0.0,0.0,0.0,0.021232,0.012516,0.02121,0.020768,0.0,0.0,0.0,0.0,0.0,0.066095,0.0,0.0,0.0,0.061927,0.06726,0.0,0.067534,0.046377,0.005812
2023-11-08,0.068405,0.0,0.051641,0.0,0.0,0.0,0.070668,0.067312,0.0,0.0,0.069824,0.068229,0.02923,0.0,0.035828,0.034645,0.039119,0.0,0.0,0.072857,0.0,0.0,0.0,0.0,0.021406,0.01256,0.021407,0.020802,0.0,0.0,0.0,0.0,0.0,0.06656,0.0,0.0,0.0,0.062219,0.067466,0.0,0.067834,0.046161,0.005827
2023-11-09,0.069038,0.0,0.052091,0.0,0.0,0.0,0.070608,0.067173,0.0,0.0,0.068829,0.068515,0.02924,0.0,0.03588,0.034556,0.03921,0.0,0.0,0.072177,0.0,0.0,0.0,0.0,0.021402,0.012556,0.021321,0.020814,0.0,0.0,0.0,0.0,0.0,0.066469,0.0,0.0,0.0,0.061973,0.067349,0.0,0.067443,0.047501,0.005854
2023-11-10,0.067883,0.0,0.052024,0.0,0.0,0.0,0.071136,0.067121,0.0,0.0,0.069212,0.068846,0.029249,0.0,0.035881,0.034561,0.039344,0.0,0.0,0.072977,0.0,0.0,0.0,0.0,0.021722,0.01292,0.021614,0.020975,0.0,0.0,0.0,0.0,0.0,0.065479,0.0,0.0,0.0,0.061323,0.066941,0.0,0.067001,0.048003,0.00579
2023-11-13,0.068511,0.0,0.051986,0.0,0.0,0.0,0.070966,0.067001,0.0,0.0,0.069493,0.06868,0.0292,0.0,0.036131,0.034828,0.039369,0.0,0.0,0.072613,0.0,0.0,0.0,0.0,0.021591,0.012792,0.021632,0.021038,0.0,0.0,0.0,0.0,0.0,0.066415,0.0,0.0,0.0,0.061268,0.066864,0.0,0.06663,0.047203,0.00579
2023-11-14,0.068748,0.0,0.052074,0.0,0.0,0.0,0.071965,0.066784,0.0,0.0,0.070553,0.068552,0.029221,0.0,0.035804,0.034774,0.039444,0.0,0.0,0.075733,0.0,0.0,0.0,0.0,0.02163,0.013028,0.021829,0.021313,0.0,0.0,0.0,0.0,0.0,0.06491,0.0,0.0,0.0,0.06067,0.066338,0.0,0.06658,0.044362,0.005687
2023-11-15,0.068816,0.0,0.051548,0.0,0.0,0.0,0.072247,0.0664,0.0,0.0,0.07045,0.068705,0.029304,0.0,0.035642,0.034721,0.039422,0.0,0.0,0.075096,0.0,0.0,0.0,0.0,0.0216,0.013088,0.021649,0.021212,0.0,0.0,0.0,0.0,0.0,0.064854,0.0,0.0,0.0,0.060248,0.065949,0.0,0.06599,0.047386,0.005673
2023-11-16,0.068691,0.0,0.051936,0.0,0.0,0.0,0.072693,0.06673,0.0,0.0,0.070012,0.069291,0.029542,0.0,0.035089,0.033856,0.03959,0.0,0.0,0.075376,0.0,0.0,0.0,0.0,0.021796,0.013148,0.021747,0.021002,0.0,0.0,0.0,0.0,0.0,0.064622,0.0,0.0,0.0,0.060714,0.066307,0.0,0.066809,0.045351,0.005698
2023-11-17,0.068737,0.0,0.052479,0.0,0.0,0.0,0.071937,0.066494,0.0,0.0,0.070121,0.068929,0.029544,0.0,0.035643,0.034426,0.03964,0.0,0.0,0.075489,0.0,0.0,0.0,0.0,0.02164,0.013173,0.021706,0.021129,0.0,0.0,0.0,0.0,0.0,0.064177,0.0,0.0,0.0,0.060469,0.06612,0.0,0.066683,0.045793,0.005671
2023-11-20,0.068685,0.0,0.052123,0.0,0.0,0.0,0.072866,0.066032,0.0,0.0,0.069993,0.069222,0.029456,0.0,0.035446,0.034241,0.039484,0.0,0.0,0.075268,0.0,0.0,0.0,0.0,0.021802,0.013274,0.021886,0.021205,0.0,0.0,0.0,0.0,0.0,0.063905,0.0,0.0,0.0,0.060228,0.065731,0.0,0.066637,0.046885,0.005631
2023-11-21,0.068928,0.0,0.052114,0.0,0.0,0.0,0.072366,0.066312,0.0,0.0,0.070094,0.069265,0.029558,0.0,0.035508,0.034071,0.039613,0.0,0.0,0.074719,0.0,0.0,0.0,0.0,0.021712,0.013078,0.021966,0.021308,0.0,0.0,0.0,0.0,0.0,0.064277,0.0,0.0,0.0,0.060342,0.066083,0.0,0.066904,0.046129,0.005655
2023-11-22,0.068928,0.0,0.052265,0.0,0.0,0.0,0.072058,0.066309,0.0,0.0,0.07007,0.069598,0.029575,0.0,0.035372,0.033973,0.039565,0.0,0.0,0.074796,0.0,0.0,0.0,0.0,0.021735,0.013076,0.021887,0.021218,0.0,0.0,0.0,0.0,0.0,0.063743,0.0,0.0,0.0,0.060197,0.065974,0.0,0.067009,0.047014,0.005636
2023-11-23,0.069055,0.0,0.052258,0.0,0.0,0.0,0.072048,0.0663,0.0,0.0,0.070061,0.069589,0.029571,0.0,0.035367,0.033969,0.03956,0.0,0.0,0.074786,0.0,0.0,0.0,0.0,0.021732,0.013074,0.021884,0.021216,0.0,0.0,0.0,0.0,0.0,0.063734,0.0,0.0,0.0,0.060188,0.065965,0.0,0.067,0.047007,0.005636
2023-11-24,0.069108,0.0,0.052368,0.0,0.0,0.0,0.072083,0.066283,0.0,0.0,0.070141,0.069367,0.029669,0.0,0.03552,0.03413,0.039664,0.0,0.0,0.075068,0.0,0.0,0.0,0.0,0.021694,0.013086,0.02196,0.021382,0.0,0.0,0.0,0.0,0.0,0.062793,0.0,0.0,0.0,0.059947,0.065908,0.0,0.066879,0.047313,0.005638
2023-11-27,0.069215,0.0,0.052499,0.0,0.0,0.0,0.072278,0.066354,0.0,0.0,0.070485,0.069164,0.029666,0.0,0.035511,0.033947,0.03957,0.0,0.0,0.075072,0.0,0.0,0.0,0.0,0.021764,0.013111,0.022022,0.021461,0.0,0.0,0.0,0.0,0.0,0.062565,0.0,0.0,0.0,0.06034,0.066222,0.0,0.067391,0.045705,0.005658
2023-11-28,0.069059,0.0,0.052196,0.0,0.0,0.0,0.072661,0.066567,0.0,0.0,0.070493,0.068942,0.029491,0.0,0.03532,0.033664,0.039255,0.0,0.0,0.074176,0.0,0.0,0.0,0.0,0.021683,0.012961,0.022026,0.021397,0.0,0.0,0.0,0.0,0.0,0.063223,0.0,0.0,0.0,0.060237,0.06614,0.0,0.067359,0.047524,0.005626
2023-11-29,0.068913,0.0,0.052108,0.0,0.0,0.0,0.071905,0.066723,0.0,0.0,0.07025,0.068395,0.029679,0.0,0.035032,0.033512,0.039375,0.0,0.0,0.074787,0.0,0.0,0.0,0.0,0.021684,0.013092,0.022363,0.021775,0.0,0.0,0.0,0.0,0.0,0.06358,0.0,0.0,0.0,0.060434,0.066451,0.0,0.067843,0.046477,0.005622
2023-11-30,0.054838,0.0,0.066647,0.0,0.0,0.0,0.067793,0.067802,0.0,0.0,0.037611,0.067388,0.044932,0.031187,0.037925,0.037271,0.0,0.0,0.0,0.0,0.0,0.0,0.0,0.0,0.019123,0.017694,0.019206,0.019259,0.0,0.0,0.0,0.067383,0.0,0.067764,0.0,0.0,0.0,0.06782,0.067577,0.0,0.067762,0.067838,0.005179
2023-12-01,0.054737,0.0,0.066612,0.0,0.0,0.0,0.067924,0.067678,0.0,0.0,0.037744,0.066847,0.044817,0.032168,0.037741,0.037192,0.0,0.0,0.0,0.0,0.0,0.0,0.0,0.0,0.018975,0.017599,0.019278,0.019297,0.0,0.0,0.0,0.06786,0.0,0.066303,0.0,0.0,0.0,0.067484,0.067455,0.0,0.068113,0.069048,0.005128
2023-12-04,0.054465,0.0,0.065668,0.0,0.0,0.0,0.066473,0.06839,0.0,0.0,0.037639,0.066246,0.044813,0.0326,0.037606,0.036783,0.0,0.0,0.0,0.0,0.0,0.0,0.0,0.0,0.018763,0.017419,0.019059,0.019459,0.0,0.0,0.0,0.066462,0.0,0.066251,0.0,0.0,0.0,0.067272,0.067356,0.0,0.067712,0.074428,0.005133
2023-12-05,0.054468,0.0,0.065255,0.0,0.0,0.0,0.066477,0.068838,0.0,0.0,0.037607,0.065768,0.044474,0.032072,0.036852,0.035881,0.0,0.0,0.0,0.0,0.0,0.0,0.0,0.0,0.018827,0.017275,0.019007,0.019324,0.0,0.0,0.0,0.066038,0.0,0.066168,0.0,0.0,0.0,0.067461,0.067242,0.0,0.067927,0.077918,0.00512
2023-12-06,0.054641,0.0,0.06611,0.0,0.0,0.0,0.066452,0.069118,0.0,0.0,0.03776,0.065766,0.044366,0.032147,0.036397,0.035005,0.0,0.0,0.0,0.0,0.0,0.0,0.0,0.0,0.018716,0.017213,0.01886,0.019355,0.0,0.0,0.0,0.066454,0.0,0.064954,0.0,0.0,0.0,0.067706,0.067426,0.0,0.06848,0.077941,0.005133
2023-12-07,0.054547,0.0,0.066394,0.0,0.0,0.0,0.066151,0.069063,0.0,0.0,0.037944,0.066921,0.044428,0.03259,0.036027,0.03487,0.0,0.0,0.0,0.0,0.0,0.0,0.0,0.0,0.01888,0.017616,0.018896,0.019378,0.0,0.0,0.0,0.066341,0.0,0.065127,0.0,0.0,0.0,0.067423,0.067316,0.0,0.068181,0.076787,0.005119
2023-12-08,0.05449,0.0,0.065754,0.0,0.0,0.0,0.066391,0.068583,0.0,0.0,0.037973,0.06698,0.044493,0.032823,0.036279,0.035168,0.0,0.0,0.0,0.0,0.0,0.0,0.0,0.0,0.018969,0.017688,0.018981,0.019453,0.0,0.0,0.0,0.065208,0.0,0.065299,0.0,0.0,0.0,0.067084,0.066928,0.0,0.067688,0.078668,0.0051
2023-12-11,0.054998,0.0,0.066548,0.0,0.0,0.0,0.066631,0.06938,0.0,0.0,0.038314,0.066886,0.045046,0.033015,0.036552,0.035371,0.0,0.0,0.0,0.0,0.0,0.0,0.0,0.0,0.019255,0.018406,0.019295,0.019829,0.0,0.0,0.0,0.064894,0.0,0.065379,0.0,0.0,0.0,0.067366,0.067305,0.0,0.068005,0.072391,0.005134
2023-12-12,0.055168,0.0,0.066431,0.0,0.0,0.0,0.065938,0.069094,0.0,0.0,0.03842,0.067141,0.045353,0.032851,0.036038,0.034602,0.0,0.0,0.0,0.0,0.0,0.0,0.0,0.0,0.019376,0.018533,0.019323,0.020071,0.0,0.0,0.0,0.064837,0.0,0.065779,0.0,0.0,0.0,0.067305,0.067434,0.0,0.068124,0.073047,0.005133
2023-12-13,0.054437,0.0,0.066283,0.0,0.0,0.0,0.067171,0.068738,0.0,0.0,0.038254,0.066607,0.045292,0.03388,0.035912,0.034854,0.0,0.0,0.0,0.0,0.0,0.0,0.0,0.0,0.019211,0.018495,0.019212,0.019937,0.0,0.0,0.0,0.06516,0.0,0.064264,0.0,0.0,0.0,0.067047,0.067286,0.0,0.068062,0.074855,0.005044
2023-12-14,0.054934,0.0,0.065329,0.0,0.0,0.0,0.067311,0.06861,0.0,0.0,0.038384,0.066235,0.045289,0.035011,0.036601,0.035715,0.0,0.0,0.0,0.0,0.0,0.0,0.0,0.0,0.018974,0.018819,0.018766,0.019826,0.0,0.0,0.0,0.064892,0.0,0.064154,0.0,0.0,0.0,0.067111,0.066913,0.0,0.068088,0.074043,0.004996
2023-12-15,0.055114,0.0,0.065035,0.0,0.0,0.0,0.066686,0.068825,0.0,0.0,0.038623,0.066343,0.045212,0.034686,0.036558,0.035705,0.0,0.0,0.0,0.0,0.0,0.0,0.0,0.0,0.019149,0.018968,0.019028,0.020159,0.0,0.0,0.0,0.064566,0.0,0.064598,0.0,0.0,0.0,0.067278,0.067044,0.0,0.06828,0.073127,0.005018
2023-12-18,0.055018,0.0,0.064719,0.0,0.0,0.0,0.067641,0.068848,0.0,0.0,0.038748,0.066962,0.045228,0.034338,0.036748,0.036049,0.0,0.0,0.0,0.0,0.0,0.0,0.0,0.0,0.019149,0.018859,0.019116,0.020155,0.0,0.0,0.0,0.064667,0.0,0.064468,0.0,0.0,0.0,0.066879,0.066889,0.0,0.068093,0.072421,0.005004
2023-12-19,0.054997,0.0,0.064508,0.0,0.0,0.0,0.068115,0.068784,0.0,0.0,0.038807,0.06722,0.045282,0.034555,0.036955,0.036264,0.0,0.0,0.0,0.0,0.0,0.0,0.0,0.0,0.019102,0.018841,0.019115,0.020185,0.0,0.0,0.0,0.0647,0.0,0.064216,0.0,0.0,0.0,0.066504,0.06666,0.0,0.067834,0.072384,0.004973
2023-12-20,0.055506,0.0,0.06464,0.0,0.0,0.0,0.067289,0.067398,0.0,0.0,0.038371,0.067177,0.044792,0.034058,0.036874,0.035979,0.0,0.0,0.0,0.0,0.0,0.0,0.0,0.0,0.018947,0.018413,0.018976,0.019967,0.0,0.0,0.0,0.064807,0.0,0.063907,0.0,0.0,0.0,0.067247,0.067144,0.0,0.068325,0.075176,0.005008
2023-12-21,0.054788,0.0,0.065253,0.0,0.0,0.0,0.067852,0.067945,0.0,0.0,0.038651,0.067312,0.044877,0.034121,0.03673,0.036111,0.0,0.0,0.0,0.0,0.0,0.0,0.0,0.0,0.019011,0.018775,0.019085,0.020015,0.0,0.0,0.0,0.064757,0.0,0.063318,0.0,0.0,0.0,0.066612,0.066924,0.0,0.067916,0.074975,0.004972
2023-12-22,0.054879,0.0,0.065344,0.0,0.0,0.0,0.068304,0.068106,0.0,0.0,0.038299,0.067202,0.044894,0.034217,0.036773,0.03613,0.0,0.0,0.0,0.0,0.0,0.0,0.0,0.0,0.019002,0.018802,0.019086,0.020064,0.0,0.0,0.0,0.064929,0.0,0.06351,0.0,0.0,0.0,0.066364,0.066728,0.0,0.067704,0.074703,0.004964
2023-12-26,0.054758,0.0,0.06518,0.0,0.0,0.0,0.069197,0.068196,0.0,0.0,0.038377,0.067313,0.044975,0.034595,0.037008,0.036617,0.0,0.0,0.0,0.0,0.0,0.0,0.0,0.0,0.019039,0.019092,0.019105,0.02012,0.0,0.0,0.0,0.06528,0.0,0.063644,0.0,0.0,0.0,0.066255,0.06671,0.0,0.067798,0.071792,0.004953
2023-12-27,0.054923,0.0,0.065223,0.0,0.0,0.0,0.069097,0.068299,0.0,0.0,0.038322,0.066996,0.044901,0.034398,0.036665,0.036287,0.0,0.0,0.0,0.0,0.0,0.0,0.0,0.0,0.018946,0.019048,0.018998,0.019974,0.0,0.0,0.0,0.065259,0.0,0.063396,0.0,0.0,0.0,0.066235,0.066661,0.0,0.067711,0.073728,0.004931
2023-12-28,0.055159,0.0,0.065822,0.0,0.0,0.0,0.069004,0.06877,0.0,0.0,0.038245,0.067395,0.045176,0.034567,0.036222,0.035792,0.0,0.0,0.0,0.0,0.0,0.0,0.0,0.0,0.019029,0.019074,0.019052,0.020012,0.0,0.0,0.0,0.065087,0.0,0.06375,0.0,0.0,0.0,0.066232,0.06666,0.0,0.067739,0.072264,0.004947
2023-12-29,0.069478,0.0,0.0,0.0,0.0,0.0,0.069694,0.069817,0.0,0.0,0.0,0.06972,0.046491,0.031979,0.0,0.052197,0.055527,0.0,0.045063,0.051293,0.0,0.0,0.0,0.0,0.02098,0.013959,0.021202,0.021099,0.0,0.0,0.0,0.038431,0.03926,0.069721,0.0,0.0,0.0,0.0,0.069483,0.0,0.069409,0.069799,0.005397
2024-01-02,0.068902,0.0,0.0,0.0,0.0,0.0,0.068644,0.069744,0.0,0.0,0.0,0.069454,0.046774,0.032163,0.0,0.05269,0.055068,0.0,0.045067,0.050761,0.0,0.0,0.0,0.0,0.020468,0.013481,0.020651,0.0206,0.0,0.0,0.0,0.038411,0.039098,0.06968,0.0,0.0,0.0,0.0,0.069377,0.0,0.06885,0.074705,0.00541
2024-01-03,0.06913,0.0,0.0,0.0,0.0,0.0,0.069532,0.070407,0.0,0.0,0.0,0.069967,0.046896,0.031636,0.0,0.053765,0.054854,0.0,0.045079,0.050179,0.0,0.0,0.0,0.0,0.020486,0.013339,0.020545,0.020537,0.0,0.0,0.0,0.038516,0.038457,0.070118,0.0,0.0,0.0,0.0,0.06996,0.0,0.06935,0.071778,0.00547
2024-01-04,0.069334,0.0,0.0,0.0,0.0,0.0,0.068754,0.070964,0.0,0.0,0.0,0.069682,0.047049,0.031802,0.0,0.052518,0.054883,0.0,0.044902,0.049887,0.0,0.0,0.0,0.0,0.020321,0.013217,0.020478,0.020414,0.0,0.0,0.0,0.038527,0.038465,0.070509,0.0,0.0,0.0,0.0,0.069636,0.0,0.068984,0.074208,0.005467
2024-01-05,0.069122,0.0,0.0,0.0,0.0,0.0,0.069429,0.070965,0.0,0.0,0.0,0.069861,0.047173,0.032074,0.0,0.052634,0.054859,0.0,0.044904,0.050219,0.0,0.0,0.0,0.0,0.020283,0.013269,0.02042,0.02035,0.0,0.0,0.0,0.038471,0.03864,0.06992,0.0,0.0,0.0,0.0,0.069579,0.0,0.06866,0.07371,0.00546
2024-01-08,0.068632,0.0,0.0,0.0,0.0,0.0,0.068892,0.070274,0.0,0.0,0.0,0.070256,0.047011,0.032054,0.0,0.051713,0.05468,0.0,0.044656,0.050739,0.0,0.0,0.0,0.0,0.020589,0.013567,0.020773,0.020571,0.0,0.0,0.0,0.037798,0.038119,0.069003,0.0,0.0,0.0,0.0,0.069287,0.0,0.068077,0.077901,0.005406
2024-01-09,0.069054,0.0,0.0,0.0,0.0,0.0,0.068142,0.070164,0.0,0.0,0.0,0.070346,0.04687,0.031784,0.0,0.05125,0.054692,0.0,0.044293,0.050726,0.0,0.0,0.0,0.0,0.020691,0.013617,0.020927,0.020982,0.0,0.0,0.0,0.037937,0.038011,0.069706,0.0,0.0,0.0,0.0,0.069627,0.0,0.068039,0.077717,0.005425
2024-01-10,0.069163,0.0,0.0,0.0,0.0,0.0,0.067939,0.070488,0.0,0.0,0.0,0.070894,0.046873,0.031813,0.0,0.0505,0.054887,0.0,0.044167,0.051479,0.0,0.0,0.0,0.0,0.020835,0.013551,0.021182,0.021273,0.0,0.0,0.0,0.037792,0.037845,0.069466,0.0,0.0,0.0,0.0,0.069647,0.0,0.06842,0.076369,0.005417
2024-01-11,0.068781,0.0,0.0,0.0,0.0,0.0,0.068226,0.070491,0.0,0.0,0.0,0.070609,0.046664,0.031454,0.0,0.050423,0.054718,0.0,0.044001,0.051646,0.0,0.0,0.0,0.0,0.020925,0.013591,0.021336,0.021492,0.0,0.0,0.0,0.037838,0.037599,0.069783,0.0,0.0,0.0,0.0,0.069819,0.0,0.068984,0.076208,0.005414
2024-01-12,0.069491,0.0,0.0,0.0,0.0,0.0,0.068651,0.071663,0.0,0.0,0.0,0.071023,0.046622,0.031219,0.0,0.051136,0.054766,0.0,0.044086,0.051185,0.0,0.0,0.0,0.0,0.021013,0.013544,0.021421,0.021654,0.0,0.0,0.0,0.038245,0.038304,0.069479,0.0,0.0,0.0,0.0,0.069958,0.0,0.069175,0.071943,0.005421
2024-01-15,0.069419,0.0,0.0,0.0,0.0,0.0,0.068656,0.071669,0.0,0.0,0.0,0.071028,0.046625,0.031222,0.0,0.05114,0.05477,0.0,0.044089,0.051189,0.0,0.0,0.0,0.0,0.021015,0.013545,0.021423,0.021656,0.0,0.0,0.0,0.038248,0.038307,0.069484,0.0,0.0,0.0,0.0,0.069963,0.0,0.069181,0.071948,0.005422
2024-01-16,0.069816,0.0,0.0,0.0,0.0,0.0,0.06744,0.071484,0.0,0.0,0.0,0.07124,0.046707,0.03103,0.0,0.050001,0.054691,0.0,0.043962,0.051324,0.0,0.0,0.0,0.0,0.021251,0.013857,0.021603,0.021757,0.0,0.0,0.0,0.038216,0.038222,0.070601,0.0,0.0,0.0,0.0,0.070129,0.0,0.069138,0.072059,0.00547
2024-01-17,0.069615,0.0,0.0,0.0,0.0,0.0,0.067547,0.071196,0.0,0.0,0.0,0.071342,0.046974,0.031132,0.0,0.049806,0.054734,0.0,0.043975,0.051406,0.0,0.0,0.0,0.0,0.021307,0.013834,0.021673,0.021727,0.0,0.0,0.0,0.038082,0.037943,0.070624,0.0,0.0,0.0,0.0,0.07036,0.0,0.069401,0.071809,0.005511
2024-01-18,0.069829,0.0,0.0,0.0,0.0,0.0,0.066716,0.071389,0.0,0.0,0.0,0.072039,0.046937,0.031219,0.0,0.049691,0.055341,0.0,0.044008,0.051929,0.0,0.0,0.0,0.0,0.021687,0.014256,0.021842,0.021938,0.0,0.0,0.0,0.038304,0.038146,0.071275,0.0,0.0,0.0,0.0,0.070337,0.0,0.069306,0.068311,0.005499
2024-01-19,0.069639,0.0,0.0,0.0,0.0,0.0,0.066267,0.071537,0.0,0.0,0.0,0.072414,0.047298,0.031719,0.0,0.049389,0.055244,0.0,0.043688,0.052076,0.0,0.0,0.0,0.0,0.022004,0.014692,0.022054,0.021955,0.0,0.0,0.0,0.038102,0.037577,0.07123,0.0,0.0,0.0,0.0,0.069875,0.0,0.068767,0.069019,0.005455
2024-01-22,0.070418,0.0,0.0,0.0,0.0,0.0,0.065007,0.071781,0.0,0.0,0.0,0.072543,0.047513,0.032217,0.0,0.049605,0.05566,0.0,0.043807,0.053051,0.0,0.0,0.0,0.0,0.022096,0.014737,0.02225,0.022326,0.0,0.0,0.0,0.03795,0.036751,0.07152,0.0,0.0,0.0,0.0,0.069915,0.0,0.068799,0.0666,0.005455
2024-01-23,0.070355,0.0,0.0,0.0,0.0,0.0,0.0664,0.070408,0.0,0.0,0.0,0.073467,0.047722,0.032041,0.0,0.049815,0.055773,0.0,0.044075,0.050622,0.0,0.0,0.0,0.0,0.022248,0.014877,0.022357,0.022361,0.0,0.0,0.0,0.038206,0.03742,0.072539,0.0,0.0,0.0,0.0,0.070032,0.0,0.06864,0.06517,0.005471
2024-01-24,0.070987,0.0,0.0,0.0,0.0,0.0,0.066207,0.070974,0.0,0.0,0.0,0.07373,0.047785,0.032273,0.0,0.050327,0.055283,0.0,0.043364,0.049594,0.0,0.0,0.0,0.0,0.022343,0.015054,0.02229,0.022263,0.0,0.0,0.0,0.037792,0.03765,0.072891,0.0,0.0,0.0,0.0,0.069812,0.0,0.068272,0.065653,0.005457
2024-01-25,0.070405,0.0,0.0,0.0,0.0,0.0,0.066312,0.070401,0.0,0.0,0.0,0.074461,0.047721,0.031987,0.0,0.050887,0.055465,0.0,0.043547,0.050371,0.0,0.0,0.0,0.0,0.022296,0.014918,0.022213,0.022104,0.0,0.0,0.0,0.037704,0.03783,0.072098,0.0,0.0,0.0,0.0,0.069906,0.0,0.068329,0.065617,0.005424
2024-01-26,0.070376,0.0,0.0,0.0,0.0,0.0,0.066362,0.070188,0.0,0.0,0.0,0.074355,0.047672,0.031998,0.0,0.05099,0.05512,0.0,0.043361,0.050102,0.0,0.0,0.0,0.0,0.021937,0.014449,0.022072,0.022053,0.0,0.0,0.0,0.037503,0.03751,0.071931,0.0,0.0,0.0,0.0,0.069528,0.0,0.068113,0.068983,0.0054
2024-01-29,0.069777,0.0,0.0,0.0,0.0,0.0,0.065444,0.070839,0.0,0.0,0.0,0.074476,0.047476,0.032191,0.0,0.05069,0.055108,0.0,0.043285,0.050276,0.0,0.0,0.0,0.0,0.02199,0.014501,0.02236,0.022235,0.0,0.0,0.0,0.037515,0.037884,0.071117,0.0,0.0,0.0,0.0,0.069215,0.0,0.067912,0.070344,0.005364
2024-01-30,0.070065,0.0,0.0,0.0,0.0,0.0,0.064786,0.070052,0.0,0.0,0.0,0.073829,0.047984,0.032142,0.0,0.051494,0.055022,0.0,0.043399,0.050449,0.0,0.0,0.0,0.0,0.021766,0.01425,0.022216,0.022134,0.0,0.0,0.0,0.037495,0.037776,0.072044,0.0,0.0,0.0,0.0,0.068992,0.0,0.067935,0.070815,0.005355
2024-01-31,0.084044,0.0,0.0,0.016342,0.01495,0.0,0.089245,0.054766,0.03269,0.012562,0.0,0.089154,0.050183,0.050071,0.0,0.0,0.0,0.0,0.053344,0.089037,0.0,0.0,0.0,0.0,0.011753,0.019364,0.033804,0.034043,0.0,0.044783,0.0,0.088397,0.0,0.0,0.0,0.0,0.0,0.0,0.037282,0.0,0.0,0.089303,0.004885
2024-02-01,0.083054,0.0,0.0,0.015994,0.014841,0.0,0.089486,0.054673,0.032639,0.012839,0.0,0.08931,0.049836,0.048584,0.0,0.0,0.0,0.0,0.053774,0.090289,0.0,0.0,0.0,0.0,0.0118,0.019295,0.033985,0.034265,0.0,0.045209,0.0,0.088561,0.0,0.0,0.0,0.0,0.0,0.0,0.03718,0.0,0.0,0.089541,0.004845
2024-02-02,0.083703,0.0,0.0,0.016119,0.014769,0.0,0.087647,0.054729,0.03243,0.013087,0.0,0.092716,0.049943,0.048699,0.0,0.0,0.0,0.0,0.053354,0.08998,0.0,0.0,0.0,0.0,0.011899,0.019503,0.034169,0.034173,0.0,0.04456,0.0,0.087552,0.0,0.0,0.0,0.0,0.0,0.0,0.03694,0.0,0.0,0.08919,0.004836
2024-02-05,0.084123,0.0,0.0,0.016146,0.014912,0.0,0.088457,0.054922,0.032778,0.013103,0.0,0.09223,0.050092,0.048386,0.0,0.0,0.0,0.0,0.052464,0.089548,0.0,0.0,0.0,0.0,0.012033,0.019946,0.034255,0.034106,0.0,0.044015,0.0,0.087847,0.0,0.0,0.0,0.0,0.0,0.0,0.037096,0.0,0.0,0.08866,0.00488
2024-02-06,0.083833,0.0,0.0,0.016139,0.015185,0.0,0.090136,0.055225,0.033141,0.013012,0.0,0.091237,0.049807,0.047679,0.0,0.0,0.0,0.0,0.052977,0.088899,0.0,0.0,0.0,0.0,0.011885,0.019561,0.033932,0.034085,0.0,0.044261,0.0,0.087623,0.0,0.0,0.0,0.0,0.0,0.0,0.036943,0.0,0.0,0.089597,0.004842
2024-02-07,0.083741,0.0,0.0,0.016013,0.015064,0.0,0.089063,0.054965,0.033144,0.013151,0.0,0.091072,0.049834,0.047329,0.0,0.0,0.0,0.0,0.053034,0.08948,0.0,0.0,0.0,0.0,0.011959,0.019724,0.034238,0.034446,0.0,0.043894,0.0,0.086997,0.0,0.0,0.0,0.0,0.0,0.0,0.036751,0.0,0.0,0.091291,0.00481
2024-02-08,0.083498,0.0,0.0,0.016016,0.014968,0.0,0.086959,0.054362,0.033407,0.013108,0.0,0.091115,0.049478,0.047314,0.0,0.0,0.0,0.0,0.052788,0.090038,0.0,0.0,0.0,0.0,0.011957,0.019996,0.034475,0.034661,0.0,0.044104,0.0,0.08663,0.0,0.0,0.0,0.0,0.0,0.0,0.03661,0.0,0.0,0.093724,0.004795
2024-02-09,0.083102,0.0,0.0,0.015947,0.014831,0.0,0.086841,0.05416,0.033253,0.013082,0.0,0.090486,0.049219,0.047543,0.0,0.0,0.0,0.0,0.052478,0.089384,0.0,0.0,0.0,0.0,0.01202,0.020231,0.034575,0.035173,0.0,0.043817,0.0,0.085601,0.0,0.0,0.0,0.0,0.0,0.0,0.036391,0.0,0.0,0.097107,0.004757
2024-02-12,0.082936,0.0,0.0,0.016105,0.014935,0.0,0.086745,0.053163,0.033046,0.013113,0.0,0.08988,0.04896,0.047863,0.0,0.0,0.0,0.0,0.052375,0.090479,0.0,0.0,0.0,0.0,0.011812,0.019996,0.033879,0.034498,0.0,0.043397,0.0,0.084539,0.0,0.0,0.0,0.0,0.0,0.0,0.035955,0.0,0.0,0.101613,0.004711
2024-02-13,0.083279,0.0,0.0,0.016146,0.014906,0.0,0.085941,0.053887,0.03279,0.013012,0.0,0.090376,0.04926,0.047068,0.0,0.0,0.0,0.0,0.052665,0.088946,0.0,0.0,0.0,0.0,0.011842,0.019974,0.033784,0.034626,0.0,0.043348,0.0,0.085032,0.0,0.0,0.0,0.0,0.0,0.0,0.036375,0.0,0.0,0.101938,0.004805
2024-02-14,0.082275,0.0,0.0,0.015928,0.014861,0.0,0.085412,0.053987,0.032818,0.013058,0.0,0.090469,0.049,0.047264,0.0,0.0,0.0,0.0,0.052223,0.08938,0.0,0.0,0.0,0.0,0.01179,0.020125,0.033946,0.034685,0.0,0.043047,0.0,0.083732,0.0,0.0,0.0,0.0,0.0,0.0,0.035981,0.0,0.0,0.105284,0.004735
2024-02-15,0.082225,0.0,0.0,0.016014,0.014787,0.0,0.085403,0.053854,0.032614,0.012941,0.0,0.090503,0.049454,0.048155,0.0,0.0,0.0,0.0,0.052798,0.089236,0.0,0.0,0.0,0.0,0.011675,0.019951,0.033635,0.034405,0.0,0.043709,0.0,0.083644,0.0,0.0,0.0,0.0,0.0,0.0,0.035828,0.0,0.0,0.10447,0.0047
2024-02-16,0.083002,0.0,0.0,0.016134,0.014958,0.0,0.086481,0.054151,0.032512,0.013063,0.0,0.089373,0.049435,0.047875,0.0,0.0,0.0,0.0,0.053245,0.087887,0.0,0.0,0.0,0.0,0.011604,0.0199,0.033141,0.034071,0.0,0.043394,0.0,0.084214,0.0,0.0,0.0,0.0,0.0,0.0,0.035834,0.0,0.0,0.105012,0.004715
2024-02-19,0.08281,0.0,0.0,0.01606,0.014926,0.0,0.08651,0.054169,0.032523,0.013068,0.0,0.089403,0.049452,0.047892,0.0,0.0,0.0,0.0,0.053263,0.087916,0.0,0.0,0.0,0.0,0.011607,0.019907,0.033153,0.034083,0.0,0.043408,0.0,0.084242,0.0,0.0,0.0,0.0,0.0,0.0,0.035846,0.0,0.0,0.105047,0.004717
2024-02-20,0.08232,0.0,0.0,0.015913,0.014944,0.0,0.08799,0.054527,0.032749,0.013085,0.0,0.08923,0.049294,0.04756,0.0,0.0,0.0,0.0,0.053129,0.08794,0.0,0.0,0.0,0.0,0.011485,0.019564,0.032729,0.033669,0.0,0.043313,0.0,0.084718,0.0,0.0,0.0,0.0,0.0,0.0,0.035906,0.0,0.0,0.105218,0.004716
2024-02-21,0.082629,0.0,0.0,0.01594,0.015059,0.0,0.088442,0.054404,0.032606,0.013152,0.0,0.089587,0.049698,0.047599,0.0,0.0,0.0,0.0,0.053698,0.08891,0.0,0.0,0.0,0.0,0.011471,0.019619,0.031976,0.032149,0.0,0.043779,0.0,0.085159,0.0,0.0,0.0,0.0,0.0,0.0,0.036025,0.0,0.0,0.103357,0.004741
2024-02-22,0.083044,0.0,0.0,0.015891,0.015002,0.0,0.086893,0.054348,0.032709,0.013167,0.0,0.08987,0.049689,0.047151,0.0,0.0,0.0,0.0,0.053606,0.089306,0.0,0.0,0.0,0.0,0.011709,0.020346,0.032411,0.03257,0.0,0.043351,0.0,0.084202,0.0,0.0,0.0,0.0,0.0,0.0,0.035776,0.0,0.0,0.104272,0.004687
2024-02-23,0.083472,0.0,0.0,0.015927,0.015013,0.0,0.085996,0.054462,0.032544,0.013182,0.0,0.089711,0.049974,0.047218,0.0,0.0,0.0,0.0,0.053963,0.090174,0.0,0.0,0.0,0.0,0.01169,0.020142,0.032609,0.032864,0.0,0.043362,0.0,0.084741,0.0,0.0,0.0,0.0,0.0,0.0,0.035826,0.0,0.0,0.10244,0.00469
2024-02-26,0.082981,0.0,0.0,0.015831,0.014887,0.0,0.086038,0.053958,0.032386,0.012928,0.0,0.087997,0.049496,0.046594,0.0,0.0,0.0,0.0,0.053391,0.089756,0.0,0.0,0.0,0.0,0.011647,0.020246,0.032771,0.033096,0.0,0.042688,0.0,0.084161,0.0,0.0,0.0,0.0,0.0,0.0,0.035545,0.0,0.0,0.108933,0.004669
2024-02-27,0.082185,0.0,0.0,0.015812,0.014805,0.0,0.087307,0.053558,0.031923,0.012699,0.0,0.087936,0.049196,0.046693,0.0,0.0,0.0,0.0,0.053119,0.089382,0.0,0.0,0.0,0.0,0.011555,0.020049,0.032503,0.032967,0.0,0.042364,0.0,0.083334,0.0,0.0,0.0,0.0,0.0,0.0,0.035279,0.0,0.0,0.112707,0.004629
2024-02-28,0.08183,0.0,0.0,0.015752,0.014552,0.0,0.085193,0.052815,0.031638,0.012768,0.0,0.087087,0.049239,0.046233,0.0,0.0,0.0,0.0,0.053133,0.088984,0.0,0.0,0.0,0.0,0.011468,0.019767,0.032354,0.032752,0.0,0.042671,0.0,0.083246,0.0,0.0,0.0,0.0,0.0,0.0,0.035174,0.0,0.0,0.118728,0.004616
2024-02-29,0.06803,0.0,0.068361,0.0,0.0,0.0,0.055508,0.068382,0.0,0.0,0.0,0.068254,0.068328,0.0,0.0,0.0,0.0,0.0,0.0,0.041595,0.068145,0.0,0.0,0.0,0.019804,0.016107,0.019938,0.019691,0.0,0.0,0.0,0.06757,0.0,0.055637,0.0,0.0,0.029401,0.047221,0.038354,0.037953,0.068027,0.068406,0.005287
2024-03-01,0.067964,0.0,0.068876,0.0,0.0,0.0,0.05528,0.068718,0.0,0.0,0.0,0.068146,0.067574,0.0,0.0,0.0,0.0,0.0,0.0,0.041852,0.068185,0.0,0.0,0.0,0.019968,0.016628,0.01994,0.019542,0.0,0.0,0.0,0.068173,0.0,0.055141,0.0,0.0,0.029246,0.046933,0.03812,0.03781,0.067755,0.068914,0.005236
2024-03-04,0.067804,0.0,0.068129,0.0,0.0,0.0,0.054653,0.068358,0.0,0.0,0.0,0.066913,0.0674,0.0,0.0,0.0,0.0,0.0,0.0,0.041485,0.067738,0.0,0.0,0.0,0.019867,0.016706,0.019755,0.01944,0.0,0.0,0.0,0.068926,0.0,0.05548,0.0,0.0,0.029033,0.046657,0.037918,0.037549,0.067352,0.073626,0.00521
2024-03-05,0.068044,0.0,0.069186,0.0,0.0,0.0,0.054967,0.068791,0.0,0.0,0.0,0.067036,0.068093,0.0,0.0,0.0,0.0,0.0,0.0,0.041425,0.067908,0.0,0.0,0.0,0.019574,0.016543,0.019191,0.019166,0.0,0.0,0.0,0.070036,0.0,0.055388,0.0,0.0,0.029505,0.047341,0.038269,0.038134,0.068175,0.067965,0.005263
2024-03-06,0.06769,0.0,0.069403,0.0,0.0,0.0,0.054809,0.068484,0.0,0.0,0.0,0.066331,0.067632,0.0,0.0,0.0,0.0,0.0,0.0,0.041303,0.067557,0.0,0.0,0.0,0.019494,0.016748,0.019229,0.019156,0.0,0.0,0.0,0.069771,0.0,0.055123,0.0,0.0,0.029225,0.046795,0.037906,0.03778,0.067614,0.072748,0.005202
2024-03-07,0.067849,0.0,0.068986,0.0,0.0,0.0,0.05442,0.068337,0.0,0.0,0.0,0.067028,0.067155,0.0,0.0,0.0,0.0,0.0,0.0,0.041721,0.067492,0.0,0.0,0.0,0.019691,0.017225,0.019348,0.019306,0.0,0.0,0.0,0.069775,0.0,0.05506,0.0,0.0,0.02911,0.046507,0.037738,0.037663,0.067417,0.072998,0.005173
2024-03-08,0.06797,0.0,0.068883,0.0,0.0,0.0,0.053194,0.068375,0.0,0.0,0.0,0.066978,0.067321,0.0,0.0,0.0,0.0,0.0,0.0,0.041405,0.067419,0.0,0.0,0.0,0.019413,0.016541,0.019254,0.019127,0.0,0.0,0.0,0.070418,0.0,0.055053,0.0,0.0,0.029154,0.046581,0.037776,0.037743,0.067544,0.074674,0.005178
2024-03-11,0.067383,0.0,0.067326,0.0,0.0,0.0,0.052827,0.06785,0.0,0.0,0.0,0.066824,0.067409,0.0,0.0,0.0,0.0,0.0,0.0,0.041068,0.067354,0.0,0.0,0.0,0.019351,0.016314,0.019298,0.019169,0.0,0.0,0.0,0.070518,0.0,0.05579,0.0,0.0,0.029105,0.04648,0.037756,0.037734,0.06741,0.077858,0.005176
2024-03-12,0.067713,0.0,0.0675,0.0,0.0,0.0,0.053381,0.067382,0.0,0.0,0.0,0.06722,0.067498,0.0,0.0,0.0,0.0,0.0,0.0,0.04142,0.067474,0.0,0.0,0.0,0.019692,0.016605,0.019665,0.019254,0.0,0.0,0.0,0.069547,0.0,0.056267,0.0,0.0,0.028903,0.046256,0.037682,0.037506,0.067127,0.076747,0.005162
2024-03-13,0.067867,0.0,0.066892,0.0,0.0,0.0,0.053578,0.06572,0.0,0.0,0.0,0.067318,0.067973,0.0,0.0,0.0,0.0,0.0,0.0,0.041656,0.067192,0.0,0.0,0.0,0.019473,0.016196,0.019517,0.019231,0.0,0.0,0.0,0.070014,0.0,0.056153,0.0,0.0,0.02883,0.046178,0.037685,0.037456,0.067175,0.078736,0.005161
2024-03-14,0.068191,0.0,0.067215,0.0,0.0,0.0,0.053615,0.066702,0.0,0.0,0.0,0.067785,0.068057,0.0,0.0,0.0,0.0,0.0,0.0,0.040717,0.067579,0.0,0.0,0.0,0.019659,0.016068,0.019601,0.019149,0.0,0.0,0.0,0.070372,0.0,0.056998,0.0,0.0,0.028884,0.046326,0.037856,0.037527,0.067459,0.075031,0.005211
2024-03-15,0.06789,0.0,0.06786,0.0,0.0,0.0,0.053219,0.066598,0.0,0.0,0.0,0.067255,0.06814,0.0,0.0,0.0,0.0,0.0,0.0,0.041111,0.067458,0.0,0.0,0.0,0.019405,0.015987,0.019094,0.018895,0.0,0.0,0.0,0.070301,0.0,0.05836,0.0,0.0,0.028898,0.046397,0.037914,0.03762,0.067393,0.074983,0.005223
2024-03-18,0.068319,0.0,0.068813,0.0,0.0,0.0,0.052975,0.066738,0.0,0.0,0.0,0.068537,0.068431,0.0,0.0,0.0,0.0,0.0,0.0,0.040922,0.067352,0.0,0.0,0.0,0.019472,0.015952,0.019283,0.018823,0.0,0.0,0.0,0.070312,0.0,0.058596,0.0,0.0,0.028822,0.046286,0.037947,0.037503,0.067334,0.072368,0.005217
2024-03-19,0.068435,0.0,0.069165,0.0,0.0,0.0,0.053193,0.066086,0.0,0.0,0.0,0.0686,0.068855,0.0,0.0,0.0,0.0,0.0,0.0,0.041792,0.067886,0.0,0.0,0.0,0.019598,0.015839,0.019449,0.018787,0.0,0.0,0.0,0.070322,0.0,0.058251,0.0,0.0,0.028942,0.046411,0.038149,0.03766,0.067733,0.069622,0.005224
2024-03-20,0.06793,0.0,0.069052,0.0,0.0,0.0,0.053913,0.065836,0.0,0.0,0.0,0.068761,0.069027,0.0,0.0,0.0,0.0,0.0,0.0,0.042269,0.067101,0.0,0.0,0.0,0.019632,0.015958,0.019454,0.018886,0.0,0.0,0.0,0.070496,0.0,0.058297,0.0,0.0,0.02874,0.04616,0.03792,0.037378,0.06742,0.070591,0.005176
2024-03-21,0.06873,0.0,0.069194,0.0,0.0,0.0,0.053311,0.065784,0.0,0.0,0.0,0.068583,0.069386,0.0,0.0,0.0,0.0,0.0,0.0,0.04293,0.06699,0.0,0.0,0.0,0.019588,0.016269,0.019534,0.018898,0.0,0.0,0.0,0.070214,0.0,0.058442,0.0,0.0,0.028658,0.046105,0.037788,0.037322,0.067454,0.069657,0.005162
2024-03-22,0.0686,0.0,0.069412,0.0,0.0,0.0,0.052797,0.065948,0.0,0.0,0.0,0.068951,0.068817,0.0,0.0,0.0,0.0,0.0,0.0,0.042947,0.067118,0.0,0.0,0.0,0.019659,0.016342,0.019469,0.018816,0.0,0.0,0.0,0.06988,0.0,0.059026,0.0,0.0,0.028893,0.046417,0.037874,0.037573,0.067895,0.068386,0.00518
2024-03-25,0.068068,0.0,0.068126,0.0,0.0,0.0,0.05262,0.065548,0.0,0.0,0.0,0.068231,0.068067,0.0,0.0,0.0,0.0,0.0,0.0,0.04236,0.066553,0.0,0.0,0.0,0.019391,0.016164,0.019264,0.018597,0.0,0.0,0.0,0.069609,0.0,0.059973,0.0,0.0,0.028613,0.045944,0.037549,0.037181,0.067364,0.075635,0.005143
2024-03-26,0.068242,0.0,0.068501,0.0,0.0,0.0,0.052696,0.065908,0.0,0.0,0.0,0.068166,0.068376,0.0,0.0,0.0,0.0,0.0,0.0,0.042261,0.066871,0.0,0.0,0.0,0.019333,0.01606,0.019322,0.018638,0.0,0.0,0.0,0.069913,0.0,0.059748,0.0,0.0,0.028688,0.046009,0.037547,0.037213,0.067432,0.073925,0.005149
2024-03-27,0.067843,0.0,0.068473,0.0,0.0,0.0,0.052853,0.066022,0.0,0.0,0.0,0.068193,0.068857,0.0,0.0,0.0,0.0,0.0,0.0,0.042744,0.06744,0.0,0.0,0.0,0.01934,0.016185,0.019127,0.01851,0.0,0.0,0.0,0.070086,0.0,0.059829,0.0,0.0,0.028661,0.045932,0.037567,0.037293,0.067389,0.07253,0.005127
2024-03-28,0.074405,0.031212,0.074351,0.0,0.0,0.0,0.074935,0.074707,0.0,0.0,0.0,0.074512,0.074835,0.0,0.0,0.0,0.050929,0.032358,0.0,0.034818,0.043044,0.040966,0.029245,0.0,0.02479,0.028227,0.0,0.030332,0.0,0.0,0.0,0.0,0.0,0.0,0.0,0.0,0.0,0.0,0.071734,0.011965,0.042103,0.074941,0.005589
2024-04-01,0.074884,0.031357,0.073709,0.0,0.0,0.0,0.074046,0.075043,0.0,0.0,0.0,0.075571,0.074906,0.0,0.0,0.0,0.050863,0.032257,0.0,0.034495,0.042952,0.040778,0.029199,0.0,0.025019,0.028709,0.0,0.030387,0.0,0.0,0.0,0.0,0.0,0.0,0.0,0.0,0.0,0.0,0.071903,0.011927,0.042193,0.074178,0.005625
2024-04-02,0.074825,0.031412,0.074098,0.0,0.0,0.0,0.075243,0.075945,0.0,0.0,0.0,0.07624,0.075292,0.0,0.0,0.0,0.051156,0.032309,0.0,0.033862,0.042726,0.039813,0.029352,0.0,0.025038,0.028562,0.0,0.030503,0.0,0.0,0.0,0.0,0.0,0.0,0.0,0.0,0.0,0.0,0.072532,0.012034,0.042653,0.070721,0.005683
2024-04-03,0.075079,0.03154,0.074388,0.0,0.0,0.0,0.07521,0.075884,0.0,0.0,0.0,0.076618,0.075035,0.0,0.0,0.0,0.051269,0.032312,0.0,0.034137,0.042553,0.039854,0.028944,0.0,0.025031,0.028557,0.0,0.030457,0.0,0.0,0.0,0.0,0.0,0.0,0.0,0.0,0.0,0.0,0.072376,0.012007,0.042619,0.070465,0.005668
2024-04-04,0.075737,0.031436,0.073946,0.0,0.0,0.0,0.075547,0.076061,0.0,0.0,0.0,0.07592,0.07452,0.0,0.0,0.0,0.051045,0.032026,0.0,0.033794,0.042127,0.03935,0.028949,0.0,0.024745,0.027873,0.0,0.030149,0.0,0.0,0.0,0.0,0.0,0.0,0.0,0.0,0.0,0.0,0.072643,0.012074,0.04279,0.073573,0.005695
2024-04-05,0.074725,0.031423,0.073938,0.0,0.0,0.0,0.074665,0.076497,0.0,0.0,0.0,0.076464,0.075003,0.0,0.0,0.0,0.0516,0.032342,0.0,0.034167,0.042377,0.039536,0.028909,0.0,0.024954,0.028121,0.0,0.030437,0.0,0.0,0.0,0.0,0.0,0.0,0.0,0.0,0.0,0.0,0.072362,0.011985,0.04273,0.072085,0.005679
2024-04-08,0.074471,0.031331,0.073717,0.0,0.0,0.0,0.075724,0.076414,0.0,0.0,0.0,0.075864,0.074728,0.0,0.0,0.0,0.0511,0.031959,0.0,0.033768,0.041905,0.039317,0.028637,0.0,0.024727,0.027969,0.0,0.030178,0.0,0.0,0.0,0.0,0.0,0.0,0.0,0.0,0.0,0.0,0.071954,0.011889,0.042404,0.076309,0.005635
2024-04-09,0.074057,0.03128,0.074023,0.0,0.0,0.0,0.076853,0.076507,0.0,0.0,0.0,0.075981,0.074332,0.0,0.0,0.0,0.051004,0.032085,0.0,0.033883,0.042074,0.039875,0.028789,0.0,0.024863,0.028282,0.0,0.030409,0.0,0.0,0.0,0.0,0.0,0.0,0.0,0.0,0.0,0.0,0.072136,0.011955,0.042709,0.073265,0.005639
2024-04-10,0.074482,0.031274,0.073725,0.0,0.0,0.0,0.075612,0.077111,0.0,0.0,0.0,0.07627,0.074083,0.0,0.0,0.0,0.051163,0.031782,0.0,0.032671,0.042069,0.039599,0.029022,0.0,0.024847,0.028092,0.0,0.030399,0.0,0.0,0.0,0.0,0.0,0.0,0.0,0.0,0.0,0.0,0.072341,0.011924,0.042528,0.075303,0.005704
2024-04-11,0.074147,0.031198,0.074145,0.0,0.0,0.0,0.07477,0.077066,0.0,0.0,0.0,0.076704,0.073332,0.0,0.0,0.0,0.051064,0.032059,0.0,0.032871,0.041769,0.040062,0.028863,0.0,0.025266,0.028639,0.0,0.030606,0.0,0.0,0.0,0.0,0.0,0.0,0.0,0.0,0.0,0.0,0.072053,0.011863,0.042273,0.075562,0.005689
2024-04-12,0.075226,0.031145,0.074318,0.0,0.0,0.0,0.07464,0.077268,0.0,0.0,0.0,0.076636,0.073502,0.0,0.0,0.0,0.051316,0.032091,0.0,0.033313,0.041798,0.0393,0.029023,0.0,0.02525,0.028137,0.0,0.030469,0.0,0.0,0.0,0.0,0.0,0.0,0.0,0.0,0.0,0.0,0.073155,0.012078,0.04282,0.072733,0.005781
2024-04-15,0.07596,0.031489,0.074937,0.0,0.0,0.0,0.074467,0.07762,0.0,0.0,0.0,0.076618,0.074055,0.0,0.0,0.0,0.05159,0.032207,0.0,0.033176,0.042238,0.038982,0.029268,0.0,0.025082,0.028131,0.0,0.030104,0.0,0.0,0.0,0.0,0.0,0.0,0.0,0.0,0.0,0.0,0.073649,0.012095,0.042856,0.069624,0.005853
2024-04-16,0.075234,0.031464,0.074427,0.0,0.0,0.0,0.07323,0.078015,0.0,0.0,0.0,0.076915,0.074087,0.0,0.0,0.0,0.051845,0.032257,0.0,0.032812,0.04256,0.038929,0.029492,0.0,0.025295,0.028549,0.0,0.030305,0.0,0.0,0.0,0.0,0.0,0.0,0.0,0.0,0.0,0.0,0.073939,0.012142,0.043033,0.069572,0.005898
2024-04-17,0.075329,0.031738,0.074026,0.0,0.0,0.0,0.073838,0.078152,0.0,0.0,0.0,0.077254,0.074667,0.0,0.0,0.0,0.05185,0.032087,0.0,0.032778,0.042711,0.038696,0.029758,0.0,0.025062,0.02783,0.0,0.030141,0.0,0.0,0.0,0.0,0.0,0.0,0.0,0.0,0.0,0.0,0.074428,0.012273,0.0436,0.067852,0.005929
2024-04-18,0.075511,0.031597,0.073649,0.0,0.0,0.0,0.073535,0.078139,0.0,0.0,0.0,0.077466,0.074771,0.0,0.0,0.0,0.05156,0.031965,0.0,0.032731,0.042617,0.03808,0.029832,0.0,0.024723,0.027278,0.0,0.030026,0.0,0.0,0.0,0.0,0.0,0.0,0.0,0.0,0.0,0.0,0.074329,0.012222,0.043473,0.070579,0.005918
2024-04-19,0.074771,0.031665,0.073185,0.0,0.0,0.0,0.075049,0.078511,0.0,0.0,0.0,0.076592,0.075779,0.0,0.0,0.0,0.05145,0.031974,0.0,0.032517,0.042764,0.037771,0.030114,0.0,0.024206,0.026182,0.0,0.029902,0.0,0.0,0.0,0.0,0.0,0.0,0.0,0.0,0.0,0.0,0.074442,0.012231,0.043583,0.071395,0.005917
2024-04-22,0.074073,0.031716,0.073235,0.0,0.0,0.0,0.074994,0.078619,0.0,0.0,0.0,0.075975,0.075975,0.0,0.0,0.0,0.051349,0.031985,0.0,0.032465,0.042522,0.03783,0.030114,0.0,0.024191,0.026362,0.0,0.029975,0.0,0.0,0.0,0.0,0.0,0.0,0.0,0.0,0.0,0.0,0.074147,0.012146,0.043404,0.073062,0.005862
2024-04-23,0.074633,0.031876,0.072746,0.0,0.0,0.0,0.074686,0.0781,0.0,0.0,0.0,0.076444,0.075779,0.0,0.0,0.0,0.051601,0.032139,0.0,0.033059,0.042693,0.037915,0.02993,0.0,0.024332,0.026673,0.0,0.0303,0.0,0.0,0.0,0.0,0.0,0.0,0.0,0.0,0.0,0.0,0.073786,0.012058,0.043077,0.072362,0.005811
2024-04-24,0.07496,0.031882,0.073418,0.0,0.0,0.0,0.074643,0.078483,0.0,0.0,0.0,0.076867,0.076132,0.0,0.0,0.0,0.051441,0.031521,0.0,0.032826,0.042769,0.037763,0.030304,0.0,0.024563,0.027152,0.0,0.030594,0.0,0.0,0.0,0.0,0.0,0.0,0.0,0.0,0.0,0.0,0.073984,0.01207,0.042978,0.06981,0.00584
2024-04-25,0.074563,0.031984,0.07264,0.0,0.0,0.0,0.074582,0.079302,0.0,0.0,0.0,0.0745,0.076067,0.0,0.0,0.0,0.051856,0.032088,0.0,0.032887,0.042697,0.037175,0.030384,0.0,0.024632,0.027795,0.0,0.030522,0.0,0.0,0.0,0.0,0.0,0.0,0.0,0.0,0.0,0.0,0.074199,0.012095,0.043071,0.071092,0.005869
2024-04-26,0.075162,0.032012,0.072773,0.0,0.0,0.0,0.075839,0.078817,0.0,0.0,0.0,0.076043,0.075448,0.0,0.0,0.0,0.051594,0.031472,0.0,0.033055,0.042424,0.037497,0.030117,0.0,0.024744,0.028192,0.0,0.030699,0.0,0.0,0.0,0.0,0.0,0.0,0.0,0.0,0.0,0.0,0.073935,0.01206,0.042969,0.069316,0.00583
2024-04-29,0.075221,0.032031,0.073248,0.0,0.0,0.0,0.07615,0.078932,0.0,0.0,0.0,0.074969,0.075146,0.0,0.0,0.0,0.051807,0.031278,0.0,0.033146,0.042458,0.038311,0.030136,0.0,0.024787,0.028335,0.0,0.030693,0.0,0.0,0.0,0.0,0.0,0.0,0.0,0.0,0.0,0.0,0.073969,0.01208,0.04307,0.068416,0.005818
2024-04-30,0.078449,0.034004,0.067481,0.0,0.0,0.0,0.0,0.0,0.069888,0.0,0.0,0.039123,0.063385,0.039283,0.0,0.0,0.091547,0.0,0.091533,0.090995,0.0,0.049191,0.0,0.0,0.0,0.068424,0.0,0.0,0.02447,0.0,0.0,0.051134,0.0,0.0,0.028047,0.0,0.0,0.0,0.0,0.0,0.0,0.091582,0.021464
2024-05-01,0.077843,0.034085,0.067562,0.0,0.0,0.0,0.0,0.0,0.069768,0.0,0.0,0.039627,0.063612,0.040269,0.0,0.0,0.091649,0.0,0.092339,0.091515,0.0,0.050948,0.0,0.0,0.0,0.06635,0.0,0.0,0.024509,0.0,0.0,0.051783,0.0,0.0,0.028025,0.0,0.0,0.0,0.0,0.0,0.0,0.088574,0.021541
2024-05-02,0.077247,0.033995,0.068074,0.0,0.0,0.0,0.0,0.0,0.070353,0.0,0.0,0.039527,0.062976,0.040286,0.0,0.0,0.091031,0.0,0.090719,0.091679,0.0,0.050896,0.0,0.0,0.0,0.066997,0.0,0.0,0.024675,0.0,0.0,0.050981,0.0,0.0,0.027755,0.0,0.0,0.0,0.0,0.0,0.0,0.09153,0.02128
2024-05-03,0.077299,0.033793,0.067835,0.0,0.0,0.0,0.0,0.0,0.070392,0.0,0.0,0.039351,0.062178,0.040146,0.0,0.0,0.090302,0.0,0.090277,0.091855,0.0,0.05107,0.0,0.0,0.0,0.067487,0.0,0.0,0.024724,0.0,0.0,0.050182,0.0,0.0,0.027905,0.0,0.0,0.0,0.0,0.0,0.0,0.094241,0.020964
2024-05-06,0.076504,0.033716,0.067535,0.0,0.0,0.0,0.0,0.0,0.070155,0.0,0.0,0.039476,0.062328,0.040161,0.0,0.0,0.090277,0.0,0.089888,0.092181,0.0,0.050882,0.0,0.0,0.0,0.068181,0.0,0.0,0.024833,0.0,0.0,0.050189,0.0,0.0,0.028038,0.0,0.0,0.0,0.0,0.0,0.0,0.0949,0.020757
2024-05-07,0.077611,0.033949,0.066824,0.0,0.0,0.0,0.0,0.0,0.069566,0.0,0.0,0.039535,0.062564,0.040117,0.0,0.0,0.090559,0.0,0.090991,0.091429,0.0,0.050817,0.0,0.0,0.0,0.067604,0.0,0.0,0.024859,0.0,0.0,0.049977,0.0,0.0,0.028085,0.0,0.0,0.0,0.0,0.0,0.0,0.094752,0.020761
2024-05-08,0.077742,0.034226,0.066275,0.0,0.0,0.0,0.0,0.0,0.070308,0.0,0.0,0.039648,0.063072,0.040494,0.0,0.0,0.090963,0.0,0.090975,0.09073,0.0,0.050299,0.0,0.0,0.0,0.067971,0.0,0.0,0.024811,0.0,0.0,0.050053,0.0,0.0,0.027847,0.0,0.0,0.0,0.0,0.0,0.0,0.093725,0.020863
2024-05-09,0.077562,0.034283,0.066095,0.0,0.0,0.0,0.0,0.0,0.069896,0.0,0.0,0.039565,0.063094,0.040471,0.0,0.0,0.091219,0.0,0.091336,0.091548,0.0,0.049869,0.0,0.0,0.0,0.067236,0.0,0.0,0.024745,0.0,0.0,0.050482,0.0,0.0,0.028305,0.0,0.0,0.0,0.0,0.0,0.0,0.093577,0.020717
2024-05-10,0.077865,0.03446,0.06576,0.0,0.0,0.0,0.0,0.0,0.070712,0.0,0.0,0.039649,0.063377,0.04048,0.0,0.0,0.091343,0.0,0.091504,0.091776,0.0,0.04943,0.0,0.0,0.0,0.067939,0.0,0.0,0.024706,0.0,0.0,0.050924,0.0,0.0,0.028365,0.0,0.0,0.0,0.0,0.0,0.0,0.090978,0.020732
2024-05-13,0.0777,0.03439,0.065327,0.0,0.0,0.0,0.0,0.0,0.07067,0.0,0.0,0.039472,0.062954,0.040169,0.0,0.0,0.090719,0.0,0.091205,0.090591,0.0,0.050274,0.0,0.0,0.0,0.067903,0.0,0.0,0.02468,0.0,0.0,0.050222,0.0,0.0,0.028473,0.0,0.0,0.0,0.0,0.0,0.0,0.09457,0.020681
2024-05-14,0.077496,0.034535,0.065566,0.0,0.0,0.0,0.0,0.0,0.071584,0.0,0.0,0.039487,0.063009,0.040462,0.0,0.0,0.090321,0.0,0.090916,0.090762,0.0,0.050567,0.0,0.0,0.0,0.068746,0.0,0.0,0.024712,0.0,0.0,0.050437,0.0,0.0,0.029189,0.0,0.0,0.0,0.0,0.0,0.0,0.091611,0.020601
2024-05-15,0.076985,0.034256,0.065049,0.0,0.0,0.0,0.0,0.0,0.071491,0.0,0.0,0.038989,0.062281,0.039909,0.0,0.0,0.089203,0.0,0.08936,0.092374,0.0,0.050616,0.0,0.0,0.0,0.069346,0.0,0.0,0.024601,0.0,0.0,0.050123,0.0,0.0,0.028623,0.0,0.0,0.0,0.0,0.0,0.0,0.09658,0.020216
2024-05-16,0.077901,0.034314,0.064875,0.0,0.0,0.0,0.0,0.0,0.071358,0.0,0.0,0.039256,0.062752,0.040068,0.0,0.0,0.089342,0.0,0.089391,0.090217,0.0,0.050987,0.0,0.0,0.0,0.069529,0.0,0.0,0.024639,0.0,0.0,0.050305,0.0,0.0,0.028653,0.0,0.0,0.0,0.0,0.0,0.0,0.096041,0.020371
2024-05-17,0.077172,0.034218,0.064953,0.0,0.0,0.0,0.0,0.0,0.071175,0.0,0.0,0.039106,0.062866,0.040023,0.0,0.0,0.08895,0.0,0.089658,0.089721,0.0,0.049935,0.0,0.0,0.0,0.068755,0.0,0.0,0.024381,0.0,0.0,0.050854,0.0,0.0,0.029829,0.0,0.0,0.0,0.0,0.0,0.0,0.098145,0.02026
2024-05-20,0.077047,0.033968,0.064967,0.0,0.0,0.0,0.0,0.0,0.070478,0.0,0.0,0.03895,0.061582,0.039209,0.0,0.0,0.088508,0.0,0.089167,0.088694,0.0,0.050184,0.0,0.0,0.0,0.069784,0.0,0.0,0.024458,0.0,0.0,0.050708,0.0,0.0,0.030226,0.0,0.0,0.0,0.0,0.0,0.0,0.101947,0.020124
2024-05-21,0.07711,0.03411,0.06487,0.0,0.0,0.0,0.0,0.0,0.07035,0.0,0.0,0.039066,0.062246,0.039536,0.0,0.0,0.088599,0.0,0.089552,0.088459,0.0,0.050018,0.0,0.0,0.0,0.069859,0.0,0.0,0.024294,0.0,0.0,0.050852,0.0,0.0,0.029775,0.0,0.0,0.0,0.0,0.0,0.0,0.101092,0.020212
2024-05-22,0.077506,0.034036,0.064484,0.0,0.0,0.0,0.0,0.0,0.071468,0.0,0.0,0.039338,0.062246,0.039335,0.0,0.0,0.089214,0.0,0.089187,0.086574,0.0,0.050635,0.0,0.0,0.0,0.071085,0.0,0.0,0.024155,0.0,0.0,0.050204,0.0,0.0,0.027954,0.0,0.0,0.0,0.0,0.0,0.0,0.10225,0.02033
2024-05-23,0.078406,0.034303,0.065003,0.0,0.0,0.0,0.0,0.0,0.072376,0.0,0.0,0.039378,0.062154,0.038954,0.0,0.0,0.089264,0.0,0.089503,0.086886,0.0,0.049684,0.0,0.0,0.0,0.071571,0.0,0.0,0.024489,0.0,0.0,0.049818,0.0,0.0,0.028005,0.0,0.0,0.0,0.0,0.0,0.0,0.099612,0.020593
2024-05-24,0.077557,0.034217,0.065041,0.0,0.0,0.0,0.0,0.0,0.072548,0.0,0.0,0.039475,0.06189,0.038808,0.0,0.0,0.0888,0.0,0.08936,0.086976,0.0,0.048905,0.0,0.0,0.0,0.072244,0.0,0.0,0.024455,0.0,0.0,0.049354,0.0,0.0,0.02824,0.0,0.0,0.0,0.0,0.0,0.0,0.101746,0.020384
2024-05-27,0.077556,0.034217,0.06504,0.0,0.0,0.0,0.0,0.0,0.072548,0.0,0.0,0.039475,0.061889,0.038807,0.0,0.0,0.0888,0.0,0.089359,0.086976,0.0,0.048905,0.0,0.0,0.0,0.072243,0.0,0.0,0.024455,0.0,0.0,0.049354,0.0,0.0,0.02824,0.0,0.0,0.0,0.0,0.0,0.0,0.101745,0.020389
2024-05-28,0.077597,0.034181,0.065464,0.0,0.0,0.0,0.0,0.0,0.073464,0.0,0.0,0.039574,0.061255,0.038528,0.0,0.0,0.087787,0.0,0.08909,0.086009,0.0,0.04911,0.0,0.0,0.0,0.073524,0.0,0.0,0.024491,0.0,0.0,0.049914,0.0,0.0,0.029082,0.0,0.0,0.0,0.0,0.0,0.0,0.100523,0.020407
2024-05-29,0.078011,0.034191,0.065134,0.0,0.0,0.0,0.0,0.0,0.072777,0.0,0.0,0.039967,0.061694,0.038325,0.0,0.0,0.087869,0.0,0.089161,0.086397,0.0,0.048939,0.0,0.0,0.0,0.073107,0.0,0.0,0.024471,0.0,0.0,0.050206,0.0,0.0,0.028737,0.0,0.0,0.0,0.0,0.0,0.0,0.100293,0.020722
2024-05-30,0.077464,0.034262,0.065223,0.0,0.0,0.0,0.0,0.0,0.072414,0.0,0.0,0.039545,0.061573,0.038628,0.0,0.0,0.087823,0.0,0.089229,0.08759,0.0,0.049403,0.0,0.0,0.0,0.072068,0.0,0.0,0.02405,0.0,0.0,0.049933,0.0,0.0,0.028322,0.0,0.0,0.0,0.0,0.0,0.0,0.101899,0.020574
2024-05-31,0.031574,0.0,0.0,0.0,0.0,0.0,0.0,0.074271,0.026808,0.0,0.0,0.089643,0.050623,0.050506,0.0,0.0,0.089458,0.0,0.0,0.089971,0.0,0.055854,0.042206,0.025349,0.0,0.048969,0.0,0.0,0.049926,0.0,0.0,0.089977,0.0,0.0,0.08978,0.0,0.0,0.0,0.0,0.0,0.0,0.089964,0.005121
2024-06-03,0.031779,0.0,0.0,0.0,0.0,0.0,0.0,0.076416,0.026963,0.0,0.0,0.089573,0.050069,0.04968,0.0,0.0,0.087947,0.0,0.0,0.08877,0.0,0.057018,0.04199,0.024941,0.0,0.048817,0.0,0.0,0.050239,0.0,0.0,0.09035,0.0,0.0,0.088539,0.0,0.0,0.0,0.0,0.0,0.0,0.091813,0.005098
2024-06-04,0.032037,0.0,0.0,0.0,0.0,0.0,0.0,0.072567,0.026913,0.0,0.0,0.090929,0.050401,0.049415,0.0,0.0,0.088719,0.0,0.0,0.088065,0.0,0.057503,0.042831,0.025212,0.0,0.048982,0.0,0.0,0.050821,0.0,0.0,0.090548,0.0,0.0,0.085243,0.0,0.0,0.0,0.0,0.0,0.0,0.094658,0.005156
2024-06-05,0.031883,0.0,0.0,0.0,0.0,0.0,0.0,0.073728,0.027138,0.0,0.0,0.090585,0.049752,0.048788,0.0,0.0,0.088204,0.0,0.0,0.088273,0.0,0.058429,0.042065,0.024673,0.0,0.050318,0.0,0.0,0.05084,0.0,0.0,0.090177,0.0,0.0,0.085857,0.0,0.0,0.0,0.0,0.0,0.0,0.094215,0.005075
2024-06-06,0.032076,0.0,0.0,0.0,0.0,0.0,0.0,0.07417,0.027273,0.0,0.0,0.090771,0.049801,0.048914,0.0,0.0,0.087809,0.0,0.0,0.087318,0.0,0.057706,0.042256,0.024453,0.0,0.049979,0.0,0.0,0.050641,0.0,0.0,0.090977,0.0,0.0,0.087572,0.0,0.0,0.0,0.0,0.0,0.0,0.093199,0.005083
2024-06-07,0.032428,0.0,0.0,0.0,0.0,0.0,0.0,0.075953,0.027367,0.0,0.0,0.091242,0.050635,0.049396,0.0,0.0,0.088965,0.0,0.0,0.086859,0.0,0.057504,0.042553,0.024479,0.0,0.050432,0.0,0.0,0.050586,0.0,0.0,0.088791,0.0,0.0,0.085039,0.0,0.0,0.0,0.0,0.0,0.0,0.092626,0.005144
2024-06-10,0.032195,0.0,0.0,0.0,0.0,0.0,0.0,0.075797,0.027448,0.0,0.0,0.091011,0.050187,0.048559,0.0,0.0,0.088795,0.0,0.0,0.087228,0.0,0.057592,0.042308,0.02467,0.0,0.050903,0.0,0.0,0.050705,0.0,0.0,0.089157,0.0,0.0,0.085917,0.0,0.0,0.0,0.0,0.0,0.0,0.092409,0.005119
2024-06-11,0.032342,0.0,0.0,0.0,0.0,0.0,0.0,0.076494,0.027618,0.0,0.0,0.091836,0.049971,0.048478,0.0,0.0,0.08892,0.0,0.0,0.086729,0.0,0.058301,0.042589,0.024696,0.0,0.05131,0.0,0.0,0.050807,0.0,0.0,0.090052,0.0,0.0,0.084469,0.0,0.0,0.0,0.0,0.0,0.0,0.090232,0.005156
2024-06-12,0.032525,0.0,0.0,0.0,0.0,0.0,0.0,0.076336,0.027949,0.0,0.0,0.090765,0.049445,0.049038,0.0,0.0,0.088908,0.0,0.0,0.088715,0.0,0.058593,0.041719,0.0243,0.0,0.052251,0.0,0.0,0.051437,0.0,0.0,0.089428,0.0,0.0,0.083903,0.0,0.0,0.0,0.0,0.0,0.0,0.08958,0.005109
2024-06-13,0.032464,0.0,0.0,0.0,0.0,0.0,0.0,0.076643,0.028097,0.0,0.0,0.09046,0.049672,0.048719,0.0,0.0,0.088807,0.0,0.0,0.089281,0.0,0.058904,0.041996,0.024485,0.0,0.0531,0.0,0.0,0.051385,0.0,0.0,0.089171,0.0,0.0,0.082894,0.0,0.0,0.0,0.0,0.0,0.0,0.088785,0.005138
2024-06-14,0.03249,0.0,0.0,0.0,0.0,0.0,0.0,0.077737,0.028461,0.0,0.0,0.091096,0.049701,0.048277,0.0,0.0,0.088248,0.0,0.0,0.088656,0.0,0.057823,0.042232,0.024519,0.0,0.05311,0.0,0.0,0.051222,0.0,0.0,0.090669,0.0,0.0,0.08304,0.0,0.0,0.0,0.0,0.0,0.0,0.087561,0.005158
2024-06-17,0.032411,0.0,0.0,0.0,0.0,0.0,0.0,0.077492,0.028645,0.0,0.0,0.091107,0.04991,0.048788,0.0,0.0,0.088814,0.0,0.0,0.088961,0.0,0.056829,0.042436,0.024137,0.0,0.0537,0.0,0.0,0.051067,0.0,0.0,0.089783,0.0,0.0,0.081967,0.0,0.0,0.0,0.0,0.0,0.0,0.088817,0.005135
2024-06-18,0.032691,0.0,0.0,0.0,0.0,0.0,0.0,0.077965,0.029075,0.0,0.0,0.090695,0.050297,0.049031,0.0,0.0,0.089417,0.0,0.0,0.087512,0.0,0.05635,0.04255,0.024181,0.0,0.05446,0.0,0.0,0.051431,0.0,0.0,0.090269,0.0,0.0,0.083314,0.0,0.0,0.0,0.0,0.0,0.0,0.085618,0.005143
2024-06-19,0.03275,0.0,0.0,0.0,0.0,0.0,0.0,0.07796,0.029073,0.0,0.0,0.090689,0.050294,0.049028,0.0,0.0,0.089412,0.0,0.0,0.087506,0.0,0.056346,0.042548,0.02418,0.0,0.054457,0.0,0.0,0.051428,0.0,0.0,0.090264,0.0,0.0,0.083309,0.0,0.0,0.0,0.0,0.0,0.0,0.085613,0.005143
2024-06-20,0.032724,0.0,0.0,0.0,0.0,0.0,0.0,0.076991,0.029233,0.0,0.0,0.090863,0.050442,0.049011,0.0,0.0,0.089258,0.0,0.0,0.086833,0.0,0.056332,0.042354,0.024332,0.0,0.052853,0.0,0.0,0.050382,0.0,0.0,0.091174,0.0,0.0,0.085758,0.0,0.0,0.0,0.0,0.0,0.0,0.086327,0.005132
2024-06-21,0.03262,0.0,0.0,0.0,0.0,0.0,0.0,0.076911,0.029213,0.0,0.0,0.091793,0.050434,0.049126,0.0,0.0,0.089399,0.0,0.0,0.087503,0.0,0.058107,0.042544,0.024278,0.0,0.052531,0.0,0.0,0.05008,0.0,0.0,0.090094,0.0,0.0,0.084561,0.0,0.0,0.0,0.0,0.0,0.0,0.085656,0.005151
2024-06-24,0.032878,0.0,0.0,0.0,0.0,0.0,0.0,0.07766,0.028845,0.0,0.0,0.092256,0.051038,0.05014,0.0,0.0,0.089931,0.0,0.0,0.088188,0.0,0.059135,0.04307,0.024639,0.0,0.051118,0.0,0.0,0.049675,0.0,0.0,0.090603,0.0,0.0,0.086707,0.0,0.0,0.0,0.0,0.0,0.0,0.078957,0.005161
2024-06-25,0.032824,0.0,0.0,0.0,0.0,0.0,0.0,0.077801,0.028962,0.0,0.0,0.093372,0.050704,0.049576,0.0,0.0,0.089245,0.0,0.0,0.085802,0.0,0.058772,0.042833,0.024428,0.0,0.051951,0.0,0.0,0.050324,0.0,0.0,0.090236,0.0,0.0,0.085249,0.0,0.0,0.0,0.0,0.0,0.0,0.082756,0.005166
2024-06-26,0.032839,0.0,0.0,0.0,0.0,0.0,0.0,0.078107,0.028834,0.0,0.0,0.093683,0.050546,0.049746,0.0,0.0,0.089289,0.0,0.0,0.086274,0.0,0.058397,0.042881,0.024404,0.0,0.051914,0.0,0.0,0.050436,0.0,0.0,0.08969,0.0,0.0,0.086143,0.0,0.0,0.0,0.0,0.0,0.0,0.081633,0.005184
2024-06-27,0.032801,0.0,0.0,0.0,0.0,0.0,0.0,0.078706,0.028946,0.0,0.0,0.093952,0.050342,0.050105,0.0,0.0,0.089133,0.0,0.0,0.086151,0.0,0.058656,0.042578,0.024377,0.0,0.051503,0.0,0.0,0.050332,0.0,0.0,0.090451,0.0,0.0,0.084826,0.0,0.0,0.0,0.0,0.0,0.0,0.081971,0.00517
2024-06-28,0.064755,0.064791,0.0,0.0,0.0,0.0,0.0,0.023657,0.048992,0.0,0.0,0.065015,0.047626,0.025452,0.0,0.0,0.064575,0.0,0.047672,0.044694,0.0,0.032687,0.064755,0.065059,0.03141,0.040166,0.0,0.0,0.0,0.0,0.0,0.035427,0.037618,0.060741,0.064917,0.0,0.0,0.0,0.0,0.0,0.0,0.06507,0.004922
2024-07-01,0.064361,0.065127,0.0,0.0,0.0,0.0,0.0,0.023808,0.048826,0.0,0.0,0.06469,0.047692,0.025316,0.0,0.0,0.06383,0.0,0.0469,0.043549,0.0,0.032777,0.064247,0.064559,0.031622,0.040133,0.0,0.0,0.0,0.0,0.0,0.035491,0.037984,0.060233,0.065383,0.0,0.0,0.0,0.0,0.0,0.0,0.068555,0.004919
2024-07-02,0.064361,0.06478,0.0,0.0,0.0,0.0,0.0,0.02374,0.048967,0.0,0.0,0.065094,0.04812,0.025566,0.0,0.0,0.06401,0.0,0.046862,0.043143,0.0,0.0321,0.064523,0.064721,0.031696,0.04059,0.0,0.0,0.0,0.0,0.0,0.035395,0.038053,0.060964,0.065454,0.0,0.0,0.0,0.0,0.0,0.0,0.066954,0.004907
2024-07-03,0.064545,0.06519,0.0,0.0,0.0,0.0,0.0,0.023696,0.049491,0.0,0.0,0.064717,0.047676,0.025067,0.0,0.0,0.063848,0.0,0.046922,0.042992,0.0,0.031732,0.064019,0.064712,0.031926,0.041013,0.0,0.0,0.0,0.0,0.0,0.035575,0.039039,0.060742,0.067304,0.0,0.0,0.0,0.0,0.0,0.0,0.064917,0.004877
2024-07-04,0.064757,0.065175,0.0,0.0,0.0,0.0,0.0,0.02369,0.049479,0.0,0.0,0.064703,0.047665,0.025061,0.0,0.0,0.063834,0.0,0.046911,0.042983,0.0,0.031725,0.064004,0.064697,0.031919,0.041004,0.0,0.0,0.0,0.0,0.0,0.035567,0.03903,0.060728,0.067289,0.0,0.0,0.0,0.0,0.0,0.0,0.064903,0.004877
2024-07-05,0.064776,0.065619,0.0,0.0,0.0,0.0,0.0,0.023761,0.049596,0.0,0.0,0.065863,0.047585,0.024673,0.0,0.0,0.063511,0.0,0.046918,0.042645,0.0,0.031972,0.064698,0.064717,0.031971,0.041025,0.0,0.0,0.0,0.0,0.0,0.035994,0.03987,0.061044,0.068373,0.0,0.0,0.0,0.0,0.0,0.0,0.060521,0.00487
2024-07-08,0.064976,0.065342,0.0,0.0,0.0,0.0,0.0,0.023766,0.050314,0.0,0.0,0.06532,0.047495,0.024686,0.0,0.0,0.063638,0.0,0.047093,0.043133,0.0,0.032526,0.064647,0.064833,0.032214,0.041835,0.0,0.0,0.0,0.0,0.0,0.035575,0.03941,0.060636,0.067087,0.0,0.0,0.0,0.0,0.0,0.0,0.060598,0.004875
2024-07-09,0.064766,0.064664,0.0,0.0,0.0,0.0,0.0,0.0238,0.050056,0.0,0.0,0.065361,0.047744,0.025031,0.0,0.0,0.063204,0.0,0.046497,0.042883,0.0,0.032843,0.06432,0.064861,0.032108,0.041713,0.0,0.0,0.0,0.0,0.0,0.035548,0.039299,0.061368,0.067063,0.0,0.0,0.0,0.0,0.0,0.0,0.062008,0.004863
2024-07-10,0.064679,0.065016,0.0,0.0,0.0,0.0,0.0,0.02359,0.05041,0.0,0.0,0.065318,0.047596,0.025359,0.0,0.0,0.063328,0.0,0.046795,0.043501,0.0,0.033,0.064158,0.065021,0.032349,0.042385,0.0,0.0,0.0,0.0,0.0,0.035431,0.039083,0.060194,0.066953,0.0,0.0,0.0,0.0,0.0,0.0,0.061003,0.004831
2024-07-11,0.064368,0.064891,0.0,0.0,0.0,0.0,0.0,0.023493,0.050036,0.0,0.0,0.063992,0.047648,0.026102,0.0,0.0,0.063702,0.0,0.047117,0.045887,0.0,0.033629,0.063488,0.065765,0.031327,0.040716,0.0,0.0,0.0,0.0,0.0,0.035817,0.039537,0.060857,0.066236,0.0,0.0,0.0,0.0,0.0,0.0,0.060592,0.004799
2024-07-12,0.064572,0.065322,0.0,0.0,0.0,0.0,0.0,0.023444,0.049748,0.0,0.0,0.063452,0.047556,0.026034,0.0,0.0,0.063733,0.0,0.04732,0.046512,0.0,0.033795,0.063434,0.065901,0.031441,0.040997,0.0,0.0,0.0,0.0,0.0,0.035607,0.038562,0.060267,0.066865,0.0,0.0,0.0,0.0,0.0,0.0,0.060665,0.004774
2024-07-15,0.064408,0.064403,0.0,0.0,0.0,0.0,0.0,0.023403,0.048763,0.0,0.0,0.063469,0.048092,0.026642,0.0,0.0,0.063978,0.0,0.047043,0.046316,0.0,0.034003,0.062857,0.064089,0.031394,0.040907,0.0,0.0,0.0,0.0,0.0,0.035604,0.038312,0.059723,0.065422,0.0,0.0,0.0,0.0,0.0,0.0,0.066415,0.004759
2024-07-16,0.063573,0.063901,0.0,0.0,0.0,0.0,0.0,0.023214,0.048804,0.0,0.0,0.062903,0.048078,0.027407,0.0,0.0,0.064817,0.0,0.047402,0.04849,0.0,0.034266,0.062728,0.063841,0.030928,0.040685,0.0,0.0,0.0,0.0,0.0,0.035894,0.038653,0.058205,0.063966,0.0,0.0,0.0,0.0,0.0,0.0,0.06754,0.004705
2024-07-17,0.064011,0.064383,0.0,0.0,0.0,0.0,0.0,0.023405,0.047759,0.0,0.0,0.062758,0.049072,0.028007,0.0,0.0,0.064818,0.0,0.047918,0.048081,0.0,0.034012,0.064359,0.064706,0.030111,0.038281,0.0,0.0,0.0,0.0,0.0,0.036191,0.037868,0.05896,0.062807,0.0,0.0,0.0,0.0,0.0,0.0,0.067728,0.004767
2024-07-18,0.064026,0.064384,0.0,0.0,0.0,0.0,0.0,0.023623,0.047554,0.0,0.0,0.063239,0.048878,0.027784,0.0,0.0,0.064841,0.0,0.047834,0.049374,0.0,0.033516,0.064569,0.065184,0.030362,0.038713,0.0,0.0,0.0,0.0,0.0,0.036257,0.037532,0.059571,0.060871,0.0,0.0,0.0,0.0,0.0,0.0,0.067079,0.004807
2024-07-19,0.063764,0.064237,0.0,0.0,0.0,0.0,0.0,0.023309,0.046998,0.0,0.0,0.063194,0.048563,0.02792,0.0,0.0,0.064727,0.0,0.047586,0.049447,0.0,0.033632,0.064596,0.065504,0.029999,0.03767,0.0,0.0,0.0,0.0,0.0,0.03574,0.036966,0.059021,0.060972,0.0,0.0,0.0,0.0,0.0,0.0,0.071331,0.004825
2024-07-22,0.06348,0.064553,0.0,0.0,0.0,0.0,0.0,0.023284,0.046409,0.0,0.0,0.062891,0.048396,0.02811,0.0,0.0,0.064797,0.0,0.047315,0.049731,0.0,0.033801,0.064056,0.065461,0.030433,0.038878,0.0,0.0,0.0,0.0,0.0,0.03543,0.036552,0.060049,0.05988,0.0,0.0,0.0,0.0,0.0,0.0,0.071711,0.004782
2024-07-23,0.064156,0.06425,0.0,0.0,0.0,0.0,0.0,0.023013,0.046742,0.0,0.0,0.06305,0.048677,0.02859,0.0,0.0,0.064929,0.0,0.047691,0.05009,0.0,0.034233,0.064078,0.06531,0.030431,0.03845,0.0,0.0,0.0,0.0,0.0,0.035695,0.036764,0.060285,0.059667,0.0,0.0,0.0,0.0,0.0,0.0,0.069099,0.004802
2024-07-24,0.06393,0.064537,0.0,0.0,0.0,0.0,0.0,0.02321,0.046194,0.0,0.0,0.062253,0.048677,0.028488,0.0,0.0,0.064412,0.0,0.047734,0.049323,0.0,0.034457,0.064908,0.066959,0.029576,0.03691,0.0,0.0,0.0,0.0,0.0,0.036063,0.036925,0.060668,0.059728,0.0,0.0,0.0,0.0,0.0,0.0,0.070179,0.004869
2024-07-25,0.063833,0.064554,0.0,0.0,0.0,0.0,0.0,0.023426,0.046266,0.0,0.0,0.061761,0.04904,0.029239,0.0,0.0,0.065169,0.0,0.048043,0.050433,0.0,0.035261,0.065072,0.066648,0.029368,0.03622,0.0,0.0,0.0,0.0,0.0,0.035629,0.035631,0.060487,0.059791,0.0,0.0,0.0,0.0,0.0,0.0,0.069241,0.004888
2024-07-26,0.062967,0.064465,0.0,0.0,0.0,0.0,0.0,0.023502,0.045972,0.0,0.0,0.061956,0.049046,0.029274,0.0,0.0,0.065267,0.0,0.048082,0.051369,0.0,0.034914,0.064727,0.066271,0.029285,0.036431,0.0,0.0,0.0,0.0,0.0,0.035454,0.035182,0.059487,0.05976,0.0,0.0,0.0,0.0,0.0,0.0,0.071776,0.004814
2024-07-29,0.06309,0.064201,0.0,0.0,0.0,0.0,0.0,0.02359,0.045501,0.0,0.0,0.062717,0.049146,0.028837,0.0,0.0,0.065376,0.0,0.048331,0.051956,0.0,0.034595,0.064974,0.066796,0.029255,0.036479,0.0,0.0,0.0,0.0,0.0,0.035525,0.035247,0.059016,0.059514,0.0,0.0,0.0,0.0,0.0,0.0,0.071022,0.004831
2024-07-30,0.063169,0.064526,0.0,0.0,0.0,0.0,0.0,0.023631,0.045528,0.0,0.0,0.063056,0.049781,0.029107,0.0,0.0,0.065657,0.0,0.048238,0.052486,0.0,0.0342,0.064623,0.067233,0.028559,0.035203,0.0,0.0,0.0,0.0,0.0,0.035928,0.035836,0.059596,0.059144,0.0,0.0,0.0,0.0,0.0,0.0,0.069661,0.004839
2024-07-31,0.075055,0.028111,0.0,0.0,0.066163,0.014127,0.0,0.035025,0.034881,0.0,0.0,0.074946,0.059368,0.024996,0.029679,0.0,0.047899,0.0,0.0,0.0,0.0,0.0,0.075152,0.075254,0.031965,0.052228,0.0,0.0,0.0,0.0,0.0,0.04149,0.04225,0.037194,0.075054,0.0,0.0,0.0,0.0,0.0,0.0,0.075224,0.003938
2024-08-01,0.075304,0.028012,0.0,0.0,0.066517,0.014182,0.0,0.035251,0.03456,0.0,0.0,0.076576,0.059557,0.024375,0.029401,0.0,0.047839,0.0,0.0,0.0,0.0,0.0,0.077183,0.077957,0.031315,0.049318,0.0,0.0,0.0,0.0,0.0,0.042075,0.042407,0.037083,0.072813,0.0,0.0,0.0,0.0,0.0,0.0,0.074267,0.004009
2024-08-02,0.074327,0.028229,0.0,0.0,0.06588,0.014352,0.0,0.035461,0.03411,0.0,0.0,0.076496,0.058991,0.023904,0.029086,0.0,0.04751,0.0,0.0,0.0,0.0,0.0,0.079064,0.07929,0.030905,0.047418,0.0,0.0,0.0,0.0,0.0,0.042643,0.043079,0.037705,0.073016,0.0,0.0,0.0,0.0,0.0,0.0,0.074464,0.004071
2024-08-05,0.075491,0.028559,0.0,0.0,0.066507,0.014775,0.0,0.035774,0.033528,0.0,0.0,0.076871,0.05926,0.024027,0.029427,0.0,0.048299,0.0,0.0,0.0,0.0,0.0,0.080187,0.079864,0.030908,0.048192,0.0,0.0,0.0,0.0,0.0,0.043558,0.042548,0.039427,0.072679,0.0,0.0,0.0,0.0,0.0,0.0,0.065908,0.004212
2024-08-06,0.075121,0.028354,0.0,0.0,0.066123,0.014609,0.0,0.03556,0.033554,0.0,0.0,0.077016,0.059628,0.02392,0.029318,0.0,0.048401,0.0,0.0,0.0,0.0,0.0,0.079954,0.079751,0.031021,0.048152,0.0,0.0,0.0,0.0,0.0,0.042786,0.041759,0.03934,0.072113,0.0,0.0,0.0,0.0,0.0,0.0,0.069349,0.004171
2024-08-07,0.076439,0.028484,0.0,0.0,0.067751,0.01473,0.0,0.035792,0.034138,0.0,0.0,0.076844,0.059883,0.02387,0.029526,0.0,0.048315,0.0,0.0,0.0,0.0,0.0,0.080281,0.080445,0.030612,0.046955,0.0,0.0,0.0,0.0,0.0,0.042888,0.04136,0.040043,0.07053,0.0,0.0,0.0,0.0,0.0,0.0,0.066929,0.004184
2024-08-08,0.074674,0.028265,0.0,0.0,0.066707,0.014737,0.0,0.035352,0.034686,0.0,0.0,0.076703,0.059551,0.023823,0.029519,0.0,0.048375,0.0,0.0,0.0,0.0,0.0,0.079281,0.078816,0.031079,0.049124,0.0,0.0,0.0,0.0,0.0,0.042632,0.04161,0.038717,0.070863,0.0,0.0,0.0,0.0,0.0,0.0,0.07139,0.004096
2024-08-09,0.074674,0.028296,0.0,0.0,0.066688,0.0146,0.0,0.03518,0.034932,0.0,0.0,0.076952,0.059492,0.023651,0.02943,0.0,0.04813,0.0,0.0,0.0,0.0,0.0,0.078987,0.078671,0.031055,0.048578,0.0,0.0,0.0,0.0,0.0,0.042514,0.041376,0.039211,0.071025,0.0,0.0,0.0,0.0,0.0,0.0,0.072481,0.004075
2024-08-12,0.074875,0.028224,0.0,0.0,0.067165,0.01475,0.0,0.0351,0.035186,0.0,0.0,0.07641,0.059176,0.023408,0.029572,0.0,0.04788,0.0,0.0,0.0,0.0,0.0,0.078578,0.0788,0.031305,0.048852,0.0,0.0,0.0,0.0,0.0,0.043237,0.042181,0.038834,0.072115,0.0,0.0,0.0,0.0,0.0,0.0,0.070276,0.004076
2024-08-13,0.074997,0.028325,0.0,0.0,0.066815,0.014687,0.0,0.034672,0.035624,0.0,0.0,0.076653,0.059089,0.023466,0.029002,0.0,0.047915,0.0,0.0,0.0,0.0,0.0,0.078172,0.078492,0.031954,0.050343,0.0,0.0,0.0,0.0,0.0,0.042753,0.041658,0.038088,0.071487,0.0,0.0,0.0,0.0,0.0,0.0,0.07177,0.004037
2024-08-14,0.075828,0.028541,0.0,0.0,0.067018,0.014418,0.0,0.034646,0.035592,0.0,0.0,0.076378,0.059939,0.023488,0.029233,0.0,0.048213,0.0,0.0,0.0,0.0,0.0,0.078696,0.078606,0.032198,0.050323,0.0,0.0,0.0,0.0,0.0,0.042494,0.041271,0.038186,0.071358,0.0,0.0,0.0,0.0,0.0,0.0,0.069526,0.004046
2024-08-15,0.076022,0.028502,0.0,0.0,0.066932,0.014464,0.0,0.034559,0.035432,0.0,0.0,0.076186,0.059804,0.023731,0.029244,0.0,0.048303,0.0,0.0,0.0,0.0,0.0,0.078598,0.077697,0.032745,0.052139,0.0,0.0,0.0,0.0,0.0,0.04214,0.041984,0.037717,0.073152,0.0,0.0,0.0,0.0,0.0,0.0,0.066648,0.004
2024-08-16,0.075501,0.028405,0.0,0.0,0.066851,0.014569,0.0,0.034563,0.03549,0.0,0.0,0.075746,0.059716,0.023872,0.028956,0.0,0.047812,0.0,0.0,0.0,0.0,0.0,0.078122,0.077358,0.032512,0.051573,0.0,0.0,0.0,0.0,0.0,0.042706,0.042533,0.03756,0.072959,0.0,0.0,0.0,0.0,0.0,0.0,0.069231,0.003965
2024-08-19,0.075604,0.028489,0.0,0.0,0.067026,0.014556,0.0,0.034354,0.035758,0.0,0.0,0.075984,0.059555,0.023895,0.028914,0.0,0.04771,0.0,0.0,0.0,0.0,0.0,0.077746,0.077234,0.032779,0.052023,0.0,0.0,0.0,0.0,0.0,0.042289,0.042825,0.037926,0.073614,0.0,0.0,0.0,0.0,0.0,0.0,0.067785,0.003934
2024-08-20,0.075894,0.02849,0.0,0.0,0.066809,0.014256,0.0,0.03451,0.035529,0.0,0.0,0.076142,0.05953,0.023572,0.02823,0.0,0.047712,0.0,0.0,0.0,0.0,0.0,0.078348,0.077282,0.032755,0.051477,0.0,0.0,0.0,0.0,0.0,0.042562,0.043008,0.038313,0.073132,0.0,0.0,0.0,0.0,0.0,0.0,0.068504,0.003946
2024-08-21,0.075608,0.028509,0.0,0.0,0.066608,0.014308,0.0,0.034443,0.035201,0.0,0.0,0.075872,0.058975,0.023472,0.028059,0.0,0.047628,0.0,0.0,0.0,0.0,0.0,0.078267,0.077227,0.032692,0.051802,0.0,0.0,0.0,0.0,0.0,0.042175,0.042801,0.038031,0.074046,0.0,0.0,0.0,0.0,0.0,0.0,0.070362,0.003915
2024-08-22,0.076245,0.028603,0.0,0.0,0.066581,0.01432,0.0,0.034674,0.034743,0.0,0.0,0.075992,0.059856,0.02379,0.02839,0.0,0.048005,0.0,0.0,0.0,0.0,0.0,0.07887,0.077843,0.032233,0.050492,0.0,0.0,0.0,0.0,0.0,0.042053,0.042297,0.038396,0.07318,0.0,0.0,0.0,0.0,0.0,0.0,0.069484,0.003952
2024-08-23,0.075532,0.028607,0.0,0.0,0.066389,0.014242,0.0,0.034276,0.035153,0.0,0.0,0.075251,0.059367,0.024393,0.028334,0.0,0.047678,0.0,0.0,0.0,0.0,0.0,0.077775,0.07676,0.03221,0.050981,0.0,0.0,0.0,0.0,0.0,0.04183,0.042869,0.038065,0.074275,0.0,0.0,0.0,0.0,0.0,0.0,0.072126,0.003887
2024-08-26,0.075538,0.028521,0.0,0.0,0.066394,0.013969,0.0,0.034345,0.034851,0.0,0.0,0.075428,0.059558,0.024271,0.02859,0.0,0.04763,0.0,0.0,0.0,0.0,0.0,0.078332,0.077264,0.031808,0.049705,0.0,0.0,0.0,0.0,0.0,0.041967,0.043061,0.038515,0.074618,0.0,0.0,0.0,0.0,0.0,0.0,0.071748,0.003888
2024-08-27,0.075452,0.028683,0.0,0.0,0.065835,0.014042,0.0,0.034382,0.035024,0.0,0.0,0.075363,0.059951,0.024128,0.028363,0.0,0.047727,0.0,0.0,0.0,0.0,0.0,0.078634,0.076763,0.032046,0.050327,0.0,0.0,0.0,0.0,0.0,0.04214,0.043186,0.038647,0.074995,0.0,0.0,0.0,0.0,0.0,0.0,0.070419,0.003894
2024-08-28,0.076029,0.028873,0.0,0.0,0.066353,0.013928,0.0,0.034745,0.035328,0.0,0.0,0.075681,0.060754,0.024585,0.028489,0.0,0.048226,0.0,0.0,0.0,0.0,0.0,0.079156,0.077601,0.031949,0.049958,0.0,0.0,0.0,0.0,0.0,0.042301,0.042588,0.038929,0.07318,0.0,0.0,0.0,0.0,0.0,0.0,0.067411,0.003937
2024-08-29,0.076386,0.028887,0.0,0.0,0.066462,0.014047,0.0,0.034726,0.035281,0.0,0.0,0.075326,0.061134,0.02458,0.028785,0.0,0.048438,0.0,0.0,0.0,0.0,0.0,0.078555,0.077819,0.031578,0.049684,0.0,0.0,0.0,0.0,0.0,0.042409,0.042667,0.038733,0.072954,0.0,0.0,0.0,0.0,0.0,0.0,0.067621,0.003927
2024-08-30,0.067689,0.0,0.0,0.0,0.067612,0.0,0.0,0.037888,0.03789,0.0,0.0,0.067546,0.038039,0.037977,0.0,0.0,0.042773,0.0,0.067462,0.067242,0.0,0.061377,0.066431,0.067503,0.0,0.024061,0.0,0.0,0.0,0.067654,0.0,0.037892,0.038081,0.0,0.028198,0.0,0.0,0.0,0.0,0.0,0.028088,0.044869,0.00373
2024-09-02,0.068135,0.0,0.0,0.0,0.067548,0.0,0.0,0.037871,0.037873,0.0,0.0,0.067516,0.038022,0.03796,0.0,0.0,0.042754,0.0,0.067432,0.067213,0.0,0.06135,0.066402,0.067473,0.0,0.024051,0.0,0.0,0.0,0.067624,0.0,0.037875,0.038064,0.0,0.028185,0.0,0.0,0.0,0.0,0.0,0.028075,0.044849,0.003729
2024-09-03,0.06842,0.0,0.0,0.0,0.067821,0.0,0.0,0.038231,0.037001,0.0,0.0,0.067422,0.03839,0.038091,0.0,0.0,0.042528,0.0,0.067037,0.066529,0.0,0.060805,0.068022,0.068537,0.0,0.022598,0.0,0.0,0.0,0.068754,0.0,0.038362,0.037589,0.0,0.026515,0.0,0.0,0.0,0.0,0.0,0.028447,0.045107,0.003794
2024-09-04,0.067904,0.0,0.0,0.0,0.067704,0.0,0.0,0.038423,0.036676,0.0,0.0,0.06712,0.038445,0.037766,0.0,0.0,0.042585,0.0,0.066782,0.066477,0.0,0.060738,0.068363,0.069144,0.0,0.022679,0.0,0.0,0.0,0.068971,0.0,0.038397,0.037748,0.0,0.026503,0.0,0.0,0.0,0.0,0.0,0.028583,0.045198,0.003795
2024-09-05,0.067752,0.0,0.0,0.0,0.067754,0.0,0.0,0.038382,0.037101,0.0,0.0,0.067609,0.038187,0.037569,0.0,0.0,0.042271,0.0,0.066545,0.066305,0.0,0.060729,0.068396,0.069272,0.0,0.022655,0.0,0.0,0.0,0.069045,0.0,0.038885,0.038723,0.0,0.026472,0.0,0.0,0.0,0.0,0.0,0.028817,0.04372,0.003813
2024-09-06,0.067905,0.0,0.0,0.0,0.067823,0.0,0.0,0.038429,0.03654,0.0,0.0,0.067132,0.038159,0.037371,0.0,0.0,0.042435,0.0,0.066636,0.067578,0.0,0.06061,0.069223,0.069584,0.0,0.021993,0.0,0.0,0.0,0.069957,0.0,0.039144,0.038149,0.0,0.026004,0.0,0.0,0.0,0.0,0.0,0.029158,0.042301,0.003867
2024-09-09,0.067528,0.0,0.0,0.0,0.06728,0.0,0.0,0.038269,0.036929,0.0,0.0,0.066621,0.038268,0.037166,0.0,0.0,0.042574,0.0,0.066483,0.067056,0.0,0.060741,0.06893,0.069457,0.0,0.022162,0.0,0.0,0.0,0.069899,0.0,0.038842,0.038244,0.0,0.026069,0.0,0.0,0.0,0.0,0.0,0.028891,0.044769,0.003822
2024-09-10,0.067461,0.0,0.0,0.0,0.066857,0.0,0.0,0.038262,0.036561,0.0,0.0,0.066488,0.03781,0.036784,0.0,0.0,0.042572,0.0,0.066394,0.067284,0.0,0.060764,0.068791,0.069659,0.0,0.022355,0.0,0.0,0.0,0.070785,0.0,0.038944,0.038309,0.0,0.02591,0.0,0.0,0.0,0.0,0.0,0.028862,0.045334,0.003815
2024-09-11,0.066953,0.0,0.0,0.0,0.066633,0.0,0.0,0.038269,0.037372,0.0,0.0,0.066671,0.037579,0.036351,0.0,0.0,0.042589,0.0,0.066462,0.066821,0.0,0.061173,0.068054,0.069778,0.0,0.023361,0.0,0.0,0.0,0.070548,0.0,0.038828,0.038521,0.0,0.026372,0.0,0.0,0.0,0.0,0.0,0.028896,0.044961,0.00381
2024-09-12,0.067537,0.0,0.0,0.0,0.066854,0.0,0.0,0.03824,0.037293,0.0,0.0,0.067128,0.037225,0.036127,0.0,0.0,0.042418,0.0,0.066295,0.067484,0.0,0.06056,0.067677,0.069118,0.0,0.022987,0.0,0.0,0.0,0.070021,0.0,0.03905,0.039749,0.0,0.026839,0.0,0.0,0.0,0.0,0.0,0.028606,0.045023,0.003767
2024-09-13,0.067429,0.0,0.0,0.0,0.066689,0.0,0.0,0.037803,0.036844,0.0,0.0,0.066896,0.03685,0.036528,0.0,0.0,0.042292,0.0,0.066026,0.068595,0.0,0.061071,0.067271,0.069181,0.0,0.023094,0.0,0.0,0.0,0.069835,0.0,0.038927,0.040312,0.0,0.026782,0.0,0.0,0.0,0.0,0.0,0.028363,0.045494,0.003718
2024-09-16,0.067187,0.0,0.0,0.0,0.066528,0.0,0.0,0.037875,0.03675,0.0,0.0,0.067399,0.037221,0.036877,0.0,0.0,0.042385,0.0,0.066444,0.068808,0.0,0.060934,0.067338,0.069506,0.0,0.02272,0.0,0.0,0.0,0.069864,0.0,0.03881,0.040266,0.0,0.026995,0.0,0.0,0.0,0.0,0.0,0.028453,0.043934,0.003708
2024-09-17,0.067454,0.0,0.0,0.0,0.066725,0.0,0.0,0.037699,0.036505,0.0,0.0,0.067282,0.037354,0.037085,0.0,0.0,0.042544,0.0,0.066456,0.069245,0.0,0.060631,0.066583,0.069333,0.0,0.022708,0.0,0.0,0.0,0.069257,0.0,0.038528,0.040039,0.0,0.027038,0.0,0.0,0.0,0.0,0.0,0.028398,0.045432,0.003702
2024-09-18,0.067367,0.0,0.0,0.0,0.0667,0.0,0.0,0.037651,0.036445,0.0,0.0,0.067493,0.037385,0.037378,0.0,0.0,0.042675,0.0,0.066433,0.069423,0.0,0.060785,0.066589,0.069078,0.0,0.022546,0.0,0.0,0.0,0.069444,0.0,0.038381,0.039161,0.0,0.027287,0.0,0.0,0.0,0.0,0.0,0.028427,0.045636,0.003717
2024-09-19,0.067393,0.0,0.0,0.0,0.066803,0.0,0.0,0.037349,0.037039,0.0,0.0,0.067335,0.037206,0.037703,0.0,0.0,0.042729,0.0,0.066378,0.069977,0.0,0.060792,0.065157,0.067595,0.0,0.023137,0.0,0.0,0.0,0.068368,0.0,0.038366,0.03975,0.0,0.02782,0.0,0.0,0.0,0.0,0.0,0.028104,0.047339,0.003659
2024-09-20,0.067097,0.0,0.0,0.0,0.066925,0.0,0.0,0.037832,0.036735,0.0,0.0,0.067474,0.037258,0.037165,0.0,0.0,0.042517,0.0,0.066045,0.068491,0.0,0.06043,0.065608,0.069523,0.0,0.022845,0.0,0.0,0.0,0.068237,0.0,0.038934,0.040286,0.0,0.027706,0.0,0.0,0.0,0.0,0.0,0.028108,0.047116,0.003667
2024-09-23,0.067303,0.0,0.0,0.0,0.067336,0.0,0.0,0.037977,0.036862,0.0,0.0,0.067402,0.03709,0.036914,0.0,0.0,0.042661,0.0,0.066401,0.068836,0.0,0.058805,0.06577,0.069981,0.0,0.022859,0.0,0.0,0.0,0.068686,0.0,0.038881,0.039545,0.0,0.027799,0.0,0.0,0.0,0.0,0.0,0.027934,0.047305,0.003656
2024-09-24,0.066871,0.0,0.0,0.0,0.068545,0.0,0.0,0.03749,0.037724,0.0,0.0,0.06716,0.036475,0.036134,0.0,0.0,0.042611,0.0,0.066751,0.068201,0.0,0.058035,0.065069,0.068909,0.0,0.022944,0.0,0.0,0.0,0.068214,0.0,0.039097,0.041179,0.0,0.029531,0.0,0.0,0.0,0.0,0.0,0.027739,0.047696,0.003626
2024-09-25,0.067278,0.0,0.0,0.0,0.068814,0.0,0.0,0.037733,0.037785,0.0,0.0,0.067325,0.03646,0.035866,0.0,0.0,0.04265,0.0,0.066677,0.067412,0.0,0.057794,0.065269,0.069661,0.0,0.023232,0.0,0.0,0.0,0.068139,0.0,0.039263,0.04096,0.0,0.02917,0.0,0.0,0.0,0.0,0.0,0.027811,0.047054,0.003647
2024-09-26,0.066949,0.0,0.0,0.0,0.070109,0.0,0.0,0.037539,0.038358,0.0,0.0,0.06706,0.036299,0.03584,0.0,0.0,0.042456,0.0,0.067411,0.06711,0.0,0.057502,0.064797,0.068525,0.0,0.023833,0.0,0.0,0.0,0.06688,0.0,0.039087,0.04085,0.0,0.03042,0.0,0.0,0.0,0.0,0.0,0.027585,0.047776,0.003613
2024-09-27,0.066986,0.0,0.0,0.0,0.070219,0.0,0.0,0.037439,0.037703,0.0,0.0,0.067365,0.03635,0.035821,0.0,0.0,0.042453,0.0,0.067193,0.06803,0.0,0.057557,0.064818,0.069102,0.0,0.023421,0.0,0.0,0.0,0.066866,0.0,0.03872,0.040231,0.0,0.030162,0.0,0.0,0.0,0.0,0.0,0.027591,0.048362,0.003608
2024-09-30,0.065756,0.065772,0.0,0.0,0.049907,0.013018,0.0,0.031289,0.029402,0.0,0.0,0.06543,0.036894,0.036923,0.0,0.0,0.065368,0.0,0.0,0.065674,0.06549,0.0,0.065531,0.065763,0.0,0.0,0.0,0.0,0.0,0.065598,0.0,0.049595,0.023671,0.065819,0.030563,0.0,0.0,0.0,0.0,0.0,0.037496,0.0,0.005041
2024-10-01,0.065575,0.065214,0.0,0.0,0.04985,0.013584,0.0,0.031185,0.029283,0.0,0.0,0.065654,0.036796,0.035992,0.0,0.0,0.065576,0.0,0.0,0.066087,0.065319,0.0,0.065484,0.066468,0.0,0.0,0.0,0.0,0.0,0.065347,0.0,0.050249,0.023876,0.064527,0.031176,0.0,0.0,0.0,0.0,0.0,0.037703,0.0,0.005055
2024-10-02,0.065647,0.064984,0.0,0.0,0.050679,0.014475,0.0,0.031082,0.029321,0.0,0.0,0.065426,0.036823,0.035915,0.0,0.0,0.065429,0.0,0.0,0.065445,0.065162,0.0,0.064904,0.066475,0.0,0.0,0.0,0.0,0.0,0.065092,0.0,0.05024,0.024217,0.064553,0.031475,0.0,0.0,0.0,0.0,0.0,0.037603,0.0,0.005052
2024-10-03,0.065719,0.064627,0.0,0.0,0.050714,0.014178,0.0,0.030901,0.029524,0.0,0.0,0.065591,0.036846,0.036179,0.0,0.0,0.065485,0.0,0.0,0.065654,0.06496,0.0,0.064639,0.066848,0.0,0.0,0.0,0.0,0.0,0.064883,0.0,0.050505,0.024555,0.064989,0.03045,0.0,0.0,0.0,0.0,0.0,0.03767,0.0,0.005084
2024-10-04,0.065665,0.06483,0.0,0.0,0.050733,0.014662,0.0,0.030706,0.029527,0.0,0.0,0.066166,0.037382,0.036762,0.0,0.0,0.065789,0.0,0.0,0.064306,0.06486,0.0,0.064704,0.066586,0.0,0.0,0.0,0.0,0.0,0.064421,0.0,0.050287,0.024607,0.064432,0.031063,0.0,0.0,0.0,0.0,0.0,0.037441,0.0,0.005073
2024-10-07,0.066314,0.0648,0.0,0.0,0.051555,0.015432,0.0,0.030316,0.029638,0.0,0.0,0.065634,0.037125,0.036751,0.0,0.0,0.065987,0.0,0.0,0.064557,0.064925,0.0,0.06441,0.065409,0.0,0.0,0.0,0.0,0.0,0.0642,0.0,0.05039,0.024379,0.064273,0.03133,0.0,0.0,0.0,0.0,0.0,0.037474,0.0,0.005101
2024-10-08,0.066328,0.064864,0.0,0.0,0.050517,0.013792,0.0,0.030924,0.030057,0.0,0.0,0.066345,0.037414,0.036775,0.0,0.0,0.066265,0.0,0.0,0.065173,0.065409,0.0,0.064859,0.065573,0.0,0.0,0.0,0.0,0.0,0.064458,0.0,0.050119,0.023651,0.064785,0.029971,0.0,0.0,0.0,0.0,0.0,0.03761,0.0,0.005112
2024-10-09,0.06657,0.064941,0.0,0.0,0.050227,0.013435,0.0,0.03099,0.029973,0.0,0.0,0.066206,0.037669,0.037102,0.0,0.0,0.066695,0.0,0.0,0.065183,0.065917,0.0,0.065093,0.064855,0.0,0.0,0.0,0.0,0.0,0.06437,0.0,0.049725,0.023467,0.065215,0.029807,0.0,0.0,0.0,0.0,0.0,0.037458,0.0,0.0051
2024-10-10,0.066679,0.064866,0.0,0.0,0.05035,0.013557,0.0,0.030913,0.030091,0.0,0.0,0.06583,0.037619,0.037103,0.0,0.0,0.066469,0.0,0.0,0.064333,0.065786,0.0,0.064918,0.064769,0.0,0.0,0.0,0.0,0.0,0.063909,0.0,0.050177,0.023947,0.065814,0.030297,0.0,0.0,0.0,0.0,0.0,0.037462,0.0,0.005111
2024-10-11,0.06645,0.064653,0.0,0.0,0.050244,0.013503,0.0,0.03067,0.030163,0.0,0.0,0.065659,0.037983,0.037852,0.0,0.0,0.067018,0.0,0.0,0.06413,0.065643,0.0,0.064662,0.064722,0.0,0.0,0.0,0.0,0.0,0.064022,0.0,0.050246,0.024072,0.065699,0.030388,0.0,0.0,0.0,0.0,0.0,0.037157,0.0,0.005063
2024-10-14,0.06651,0.064621,0.0,0.0,0.049935,0.013181,0.0,0.030623,0.030202,0.0,0.0,0.065714,0.038075,0.038086,0.0,0.0,0.067165,0.0,0.0,0.065236,0.065756,0.0,0.064678,0.065291,0.0,0.0,0.0,0.0,0.0,0.064164,0.0,0.049974,0.023764,0.065072,0.029814,0.0,0.0,0.0,0.0,0.0,0.037093,0.0,0.005045
2024-10-15,0.066417,0.063786,0.0,0.0,0.049149,0.012555,0.0,0.030508,0.029831,0.0,0.0,0.065979,0.038226,0.038512,0.0,0.0,0.066771,0.0,0.0,0.065784,0.065071,0.0,0.065207,0.065703,0.0,0.0,0.0,0.0,0.0,0.065056,0.0,0.050239,0.02395,0.065646,0.029292,0.0,0.0,0.0,0.0,0.0,0.037261,0.0,0.005055
2024-10-16,0.065855,0.063522,0.0,0.0,0.04913,0.012655,0.0,0.030369,0.030022,0.0,0.0,0.065578,0.038489,0.038845,0.0,0.0,0.066922,0.0,0.0,0.066306,0.064899,0.0,0.064805,0.066643,0.0,0.0,0.0,0.0,0.0,0.065413,0.0,0.050216,0.023985,0.064636,0.029532,0.0,0.0,0.0,0.0,0.0,0.037151,0.0,0.005027
2024-10-17,0.066416,0.063765,0.0,0.0,0.049119,0.012347,0.0,0.030071,0.030914,0.0,0.0,0.065442,0.038697,0.039262,0.0,0.0,0.066908,0.0,0.0,0.065936,0.064695,0.0,0.064686,0.066228,0.0,0.0,0.0,0.0,0.0,0.06507,0.0,0.050652,0.024033,0.064657,0.029049,0.0,0.0,0.0,0.0,0.0,0.037013,0.0,0.005042
2024-10-18,0.066058,0.06387,0.0,0.0,0.049343,0.012815,0.0,0.030012,0.030695,0.0,0.0,0.06554,0.038479,0.03854,0.0,0.0,0.066718,0.0,0.0,0.066336,0.064629,0.0,0.064449,0.06622,0.0,0.0,0.0,0.0,0.0,0.065171,0.0,0.05089,0.025339,0.063603,0.029399,0.0,0.0,0.0,0.0,0.0,0.03688,0.0,0.005013
2024-10-21,0.06625,0.063847,0.0,0.0,0.049124,0.012795,0.0,0.030116,0.030764,0.0,0.0,0.065951,0.038563,0.03783,0.0,0.0,0.067165,0.0,0.0,0.0647,0.064524,0.0,0.064564,0.066638,0.0,0.0,0.0,0.0,0.0,0.06455,0.0,0.051402,0.025775,0.064154,0.029331,0.0,0.0,0.0,0.0,0.0,0.036892,0.0,0.005064
2024-10-22,0.066364,0.063682,0.0,0.0,0.049262,0.012936,0.0,0.02984,0.030953,0.0,0.0,0.066134,0.038541,0.038217,0.0,0.0,0.066441,0.0,0.0,0.062618,0.064517,0.0,0.065015,0.06649,0.0,0.0,0.0,0.0,0.0,0.064731,0.0,0.052026,0.026554,0.063987,0.029767,0.0,0.0,0.0,0.0,0.0,0.036856,0.0,0.005072
2024-10-23,0.066223,0.063546,0.0,0.0,0.049252,0.012916,0.0,0.029898,0.030602,0.0,0.0,0.065915,0.038674,0.03836,0.0,0.0,0.066532,0.0,0.0,0.0627,0.06449,0.0,0.065167,0.067417,0.0,0.0,0.0,0.0,0.0,0.065485,0.0,0.05162,0.025803,0.064109,0.029321,0.0,0.0,0.0,0.0,0.0,0.036877,0.0,0.005094
2024-10-24,0.066289,0.06389,0.0,0.0,0.049037,0.01283,0.0,0.029892,0.030629,0.0,0.0,0.066188,0.038735,0.038556,0.0,0.0,0.066122,0.0,0.0,0.063422,0.064111,0.0,0.065126,0.067029,0.0,0.0,0.0,0.0,0.0,0.065674,0.0,0.052054,0.025804,0.063162,0.029296,0.0,0.0,0.0,0.0,0.0,0.037053,0.0,0.005098
2024-10-25,0.066935,0.063854,0.0,0.0,0.049407,0.012917,0.0,0.029637,0.031137,0.0,0.0,0.066631,0.038466,0.038016,0.0,0.0,0.066219,0.0,0.0,0.062726,0.064023,0.0,0.064852,0.066308,0.0,0.0,0.0,0.0,0.0,0.065325,0.0,0.052377,0.02586,0.0635,0.029483,0.0,0.0,0.0,0.0,0.0,0.037206,0.0,0.005121
2024-10-28,0.066567,0.064123,0.0,0.0,0.049291,0.013034,0.0,0.029733,0.030527,0.0,0.0,0.066712,0.038745,0.038883,0.0,0.0,0.066074,0.0,0.0,0.063004,0.063789,0.0,0.064638,0.066485,0.0,0.0,0.0,0.0,0.0,0.065193,0.0,0.052111,0.025812,0.063683,0.029449,0.0,0.0,0.0,0.0,0.0,0.037052,0.0,0.005094
2024-10-29,0.066709,0.063801,0.0,0.0,0.049341,0.012952,0.0,0.029873,0.03056,0.0,0.0,0.067571,0.038639,0.038847,0.0,0.0,0.066213,0.0,0.0,0.061417,0.063832,0.0,0.064222,0.065289,0.0,0.0,0.0,0.0,0.0,0.064947,0.0,0.052859,0.026457,0.064642,0.029452,0.0,0.0,0.0,0.0,0.0,0.037265,0.0,0.005113
2024-10-30,0.066828,0.06335,0.0,0.0,0.048861,0.012805,0.0,0.029763,0.030243,0.0,0.0,0.068039,0.038845,0.039206,0.0,0.0,0.066157,0.0,0.0,0.061595,0.063766,0.0,0.064173,0.065188,0.0,0.0,0.0,0.0,0.0,0.065289,0.0,0.053196,0.02599,0.065208,0.029124,0.0,0.0,0.0,0.0,0.0,0.037256,0.0,0.005117
2024-10-31,0.068679,0.0,0.0,0.0,0.068634,0.030383,0.0,0.030567,0.015987,0.0,0.068673,0.068573,0.038652,0.038668,0.0,0.0,0.068256,0.0,0.0,0.068525,0.0,0.0,0.068629,0.068669,0.029327,0.0,0.0,0.0,0.0,0.068357,0.0,0.06018,0.016569,0.0,0.0,0.0,0.0,0.0,0.055029,0.021838,0.041736,0.0,0.004068
2024-11-01,0.069142,0.0,0.0,0.0,0.069187,0.030528,0.0,0.030593,0.01616,0.0,0.069798,0.06885,0.03879,0.038361,0.0,0.0,0.068356,0.0,0.0,0.068493,0.0,0.0,0.068663,0.067148,0.029551,0.0,0.0,0.0,0.0,0.067611,0.0,0.05994,0.016421,0.0,0.0,0.0,0.0,0.0,0.055039,0.021721,0.041576,0.0,0.004069
2024-11-04,0.068801,0.0,0.0,0.0,0.069479,0.030735,0.0,0.030259,0.016266,0.0,0.069509,0.068571,0.038464,0.038051,0.0,0.0,0.068232,0.0,0.0,0.069461,0.0,0.0,0.068803,0.066302,0.029508,0.0,0.0,0.0,0.0,0.068303,0.0,0.059983,0.01646,0.0,0.0,0.0,0.0,0.0,0.055154,0.021866,0.041726,0.0,0.004067
2024-11-05,0.06852,0.0,0.0,0.0,0.069447,0.031105,0.0,0.030164,0.016297,0.0,0.069936,0.068543,0.03838,0.038221,0.0,0.0,0.068586,0.0,0.0,0.070226,0.0,0.0,0.068454,0.066534,0.029584,0.0,0.0,0.0,0.0,0.068425,0.0,0.059436,0.016339,0.0,0.0,0.0,0.0,0.0,0.05468,0.021721,0.04138,0.0,0.004021
2024-11-06,0.069047,0.0,0.0,0.0,0.067975,0.030089,0.0,0.030203,0.016,0.0,0.071755,0.069823,0.040478,0.042531,0.0,0.0,0.07086,0.0,0.0,0.068338,0.0,0.0,0.066947,0.065466,0.03025,0.0,0.0,0.0,0.0,0.066581,0.0,0.057297,0.015523,0.0,0.0,0.0,0.0,0.0,0.05446,0.02137,0.041009,0.0,0.003998
2024-11-07,0.069332,0.0,0.0,0.0,0.068964,0.031455,0.0,0.029848,0.016275,0.0,0.072085,0.070162,0.039501,0.040813,0.0,0.0,0.06986,0.0,0.0,0.068363,0.0,0.0,0.066644,0.06505,0.030527,0.0,0.0,0.0,0.0,0.066831,0.0,0.057744,0.015765,0.0,0.0,0.0,0.0,0.0,0.054248,0.021447,0.04112,0.0,0.003967
2024-11-08,0.069254,0.0,0.0,0.0,0.067294,0.029688,0.0,0.029492,0.016063,0.0,0.073006,0.069723,0.039801,0.040976,0.0,0.0,0.070512,0.0,0.0,0.068876,0.0,0.0,0.067359,0.066205,0.030451,0.0,0.0,0.0,0.0,0.067734,0.0,0.057273,0.015403,0.0,0.0,0.0,0.0,0.0,0.05426,0.021491,0.041175,0.0,0.003962
2024-11-11,0.069428,0.0,0.0,0.0,0.066724,0.029647,0.0,0.029543,0.015685,0.0,0.074361,0.070003,0.040304,0.042073,0.0,0.0,0.070945,0.0,0.0,0.069011,0.0,0.0,0.067019,0.066283,0.030235,0.0,0.0,0.0,0.0,0.067288,0.0,0.05584,0.015103,0.0,0.0,0.0,0.0,0.0,0.054113,0.021416,0.041024,0.0,0.003955
2024-11-12,0.069569,0.0,0.0,0.0,0.066069,0.028964,0.0,0.029434,0.015628,0.0,0.074089,0.071013,0.040577,0.042236,0.0,0.0,0.071027,0.0,0.0,0.067728,0.0,0.0,0.067754,0.066168,0.030571,0.0,0.0,0.0,0.0,0.067009,0.0,0.055902,0.015306,0.0,0.0,0.0,0.0,0.0,0.054425,0.021431,0.041106,0.0,0.003994
2024-11-13,0.069633,0.0,0.0,0.0,0.065784,0.028925,0.0,0.02916,0.015654,0.0,0.074777,0.071095,0.040632,0.041955,0.0,0.0,0.07123,0.0,0.0,0.067766,0.0,0.0,0.068006,0.066099,0.030487,0.0,0.0,0.0,0.0,0.067429,0.0,0.055379,0.015066,0.0,0.0,0.0,0.0,0.0,0.05448,0.021366,0.041078,0.0,0.003998
2024-11-14,0.069897,0.0,0.0,0.0,0.066034,0.028793,0.0,0.02935,0.015567,0.0,0.074015,0.071302,0.04069,0.041784,0.0,0.0,0.070312,0.0,0.0,0.068525,0.0,0.0,0.068113,0.066138,0.030507,0.0,0.0,0.0,0.0,0.067094,0.0,0.055459,0.015237,0.0,0.0,0.0,0.0,0.0,0.054583,0.021447,0.04114,0.0,0.004015
2024-11-15,0.069192,0.0,0.0,0.0,0.066142,0.028958,0.0,0.029289,0.015576,0.0,0.073755,0.070233,0.041087,0.042031,0.0,0.0,0.070291,0.0,0.0,0.068179,0.0,0.0,0.067856,0.06747,0.029901,0.0,0.0,0.0,0.0,0.067471,0.0,0.055642,0.015182,0.0,0.0,0.0,0.0,0.0,0.054854,0.021566,0.04129,0.0,0.004036
2024-11-18,0.0691,0.0,0.0,0.0,0.066313,0.029184,0.0,0.029249,0.015563,0.0,0.073987,0.070498,0.040962,0.041715,0.0,0.0,0.069771,0.0,0.0,0.067629,0.0,0.0,0.067919,0.067647,0.029817,0.0,0.0,0.0,0.0,0.06755,0.0,0.056358,0.015534,0.0,0.0,0.0,0.0,0.0,0.054626,0.021476,0.041091,0.0,0.004012
2024-11-19,0.068909,0.0,0.0,0.0,0.066347,0.02891,0.0,0.029352,0.015707,0.0,0.073884,0.07081,0.040605,0.041431,0.0,0.0,0.069563,0.0,0.0,0.067371,0.0,0.0,0.067868,0.067934,0.029997,0.0,0.0,0.0,0.0,0.067735,0.0,0.056742,0.015566,0.0,0.0,0.0,0.0,0.0,0.054592,0.021475,0.041198,0.0,0.004004
2024-11-20,0.068631,0.0,0.0,0.0,0.065913,0.029119,0.0,0.029418,0.015562,0.0,0.073643,0.071346,0.040529,0.041326,0.0,0.0,0.069718,0.0,0.0,0.067574,0.0,0.0,0.0676,0.068046,0.030006,0.0,0.0,0.0,0.0,0.067727,0.0,0.057127,0.015365,0.0,0.0,0.0,0.0,0.0,0.054642,0.021449,0.04125,0.0,0.004009
2024-11-21,0.068975,0.0,0.0,0.0,0.065535,0.02871,0.0,0.029002,0.015495,0.0,0.073332,0.070737,0.040799,0.041708,0.0,0.0,0.070169,0.0,0.0,0.067713,0.0,0.0,0.067924,0.068815,0.03013,0.0,0.0,0.0,0.0,0.067819,0.0,0.057259,0.015241,0.0,0.0,0.0,0.0,0.0,0.054335,0.021295,0.041021,0.0,0.003985
2024-11-22,0.068738,0.0,0.0,0.0,0.065141,0.027864,0.0,0.029384,0.015541,0.0,0.073924,0.070141,0.040996,0.042375,0.0,0.0,0.0707,0.0,0.0,0.068346,0.0,0.0,0.068123,0.068017,0.029956,0.0,0.0,0.0,0.0,0.067902,0.0,0.057634,0.015378,0.0,0.0,0.0,0.0,0.0,0.053981,0.021181,0.040715,0.0,0.003962
2024-11-25,0.068703,0.0,0.0,0.0,0.064878,0.027608,0.0,0.029526,0.01538,0.0,0.074152,0.070006,0.040971,0.042847,0.0,0.0,0.070639,0.0,0.0,0.071315,0.0,0.0,0.068014,0.067661,0.029743,0.0,0.0,0.0,0.0,0.068361,0.0,0.055541,0.014819,0.0,0.0,0.0,0.0,0.0,0.053802,0.021293,0.040806,0.0,0.003933
2024-11-26,0.068706,0.0,0.0,0.0,0.064632,0.027445,0.0,0.029439,0.015229,0.0,0.074431,0.070274,0.041056,0.042443,0.0,0.0,0.070732,0.0,0.0,0.069818,0.0,0.0,0.068304,0.068747,0.029896,0.0,0.0,0.0,0.0,0.068643,0.0,0.055656,0.014912,0.0,0.0,0.0,0.0,0.0,0.053708,0.021242,0.040753,0.0,0.003934
2024-11-27,0.068727,0.0,0.0,0.0,0.064635,0.028107,0.0,0.029518,0.014984,0.0,0.07402,0.070325,0.041112,0.042316,0.0,0.0,0.070429,0.0,0.0,0.069788,0.0,0.0,0.068404,0.068707,0.029474,0.0,0.0,0.0,0.0,0.069044,0.0,0.055747,0.014715,0.0,0.0,0.0,0.0,0.0,0.053838,0.021307,0.040871,0.0,0.003933
2024-11-28,0.068914,0.0,0.0,0.0,0.064301,0.028112,0.0,0.029523,0.014986,0.0,0.074033,0.070337,0.041119,0.042323,0.0,0.0,0.070441,0.0,0.0,0.0698,0.0,0.0,0.068415,0.068718,0.029479,0.0,0.0,0.0,0.0,0.069056,0.0,0.055756,0.014718,0.0,0.0,0.0,0.0,0.0,0.053847,0.02131,0.040878,0.0,0.003935
2024-11-29,0.074444,0.0,0.0,0.0,0.065661,0.041699,0.0,0.0,0.041893,0.0,0.074508,0.074213,0.041864,0.041715,0.0,0.0,0.07449,0.0,0.0,0.036467,0.0,0.0,0.0,0.074446,0.01933,0.0,0.034389,0.029666,0.0,0.07415,0.0,0.040992,0.041942,0.0,0.0,0.0,0.0,0.0,0.074265,0.0,0.0,0.036985,0.006881
2024-12-02,0.074763,0.0,0.0,0.0,0.065989,0.041855,0.0,0.0,0.042817,0.0,0.075343,0.075008,0.04155,0.041453,0.0,0.0,0.074124,0.0,0.0,0.036415,0.0,0.0,0.0,0.073027,0.019561,0.0,0.034506,0.030017,0.0,0.073249,0.0,0.040733,0.041849,0.0,0.0,0.0,0.0,0.0,0.07442,0.0,0.0,0.036421,0.006899
2024-12-03,0.07488,0.0,0.0,0.0,0.066224,0.042004,0.0,0.0,0.042973,0.0,0.075268,0.075595,0.04123,0.041078,0.0,0.0,0.07364,0.0,0.0,0.036341,0.0,0.0,0.0,0.07238,0.019627,0.0,0.034798,0.030052,0.0,0.072861,0.0,0.040806,0.042577,0.0,0.0,0.0,0.0,0.0,0.074402,0.0,0.0,0.036368,0.006897
2024-12-04,0.07491,0.0,0.0,0.0,0.066107,0.041375,0.0,0.0,0.043231,0.0,0.075576,0.075379,0.040863,0.04096,0.0,0.0,0.07358,0.0,0.0,0.035376,0.0,0.0,0.0,0.071999,0.019883,0.0,0.035964,0.030525,0.0,0.07229,0.0,0.040719,0.042733,0.0,0.0,0.0,0.0,0.0,0.074196,0.0,0.0,0.037471,0.006863
2024-12-05,0.07518,0.0,0.0,0.0,0.066654,0.041679,0.0,0.0,0.043353,0.0,0.07627,0.07528,0.041025,0.040806,0.0,0.0,0.07276,0.0,0.0,0.034967,0.0,0.0,0.0,0.072294,0.019802,0.0,0.035564,0.030405,0.0,0.072188,0.0,0.040458,0.04282,0.0,0.0,0.0,0.0,0.0,0.074204,0.0,0.0,0.03742,0.006871
2024-12-06,0.075013,0.0,0.0,0.0,0.066363,0.041933,0.0,0.0,0.043029,0.0,0.077661,0.075764,0.040904,0.040808,0.0,0.0,0.072374,0.0,0.0,0.034876,0.0,0.0,0.0,0.071201,0.019824,0.0,0.035956,0.030597,0.0,0.071884,0.0,0.040361,0.042238,0.0,0.0,0.0,0.0,0.0,0.074121,0.0,0.0,0.03824,0.006853
2024-12-09,0.074905,0.0,0.0,0.0,0.067983,0.045251,0.0,0.0,0.043138,0.0,0.077524,0.074255,0.040402,0.040247,0.0,0.0,0.071848,0.0,0.0,0.035211,0.0,0.0,0.0,0.070408,0.019723,0.0,0.035261,0.030219,0.0,0.07219,0.0,0.04082,0.043392,0.0,0.0,0.0,0.0,0.0,0.074133,0.0,0.0,0.036227,0.006863
2024-12-10,0.07502,0.0,0.0,0.0,0.067155,0.043474,0.0,0.0,0.042632,0.0,0.078135,0.07589,0.040645,0.040349,0.0,0.0,0.072119,0.0,0.0,0.034615,0.0,0.0,0.0,0.070333,0.019571,0.0,0.034954,0.030092,0.0,0.071586,0.0,0.041614,0.043677,0.0,0.0,0.0,0.0,0.0,0.074632,0.0,0.0,0.0366,0.006907
2024-12-11,0.074926,0.0,0.0,0.0,0.066826,0.042905,0.0,0.0,0.042777,0.0,0.079029,0.076668,0.040483,0.040315,0.0,0.0,0.071522,0.0,0.0,0.03414,0.0,0.0,0.0,0.069473,0.019735,0.0,0.035284,0.030351,0.0,0.070991,0.0,0.041759,0.04349,0.0,0.0,0.0,0.0,0.0,0.074203,0.0,0.0,0.038257,0.006866
2024-12-12,0.075217,0.0,0.0,0.0,0.067196,0.043162,0.0,0.0,0.042723,0.0,0.078827,0.077255,0.040537,0.040108,0.0,0.0,0.071473,0.0,0.0,0.033885,0.0,0.0,0.0,0.069838,0.019738,0.0,0.035168,0.030517,0.0,0.071288,0.0,0.041384,0.042476,0.0,0.0,0.0,0.0,0.0,0.074426,0.0,0.0,0.037874,0.006907
2024-12-13,0.075032,0.0,0.0,0.0,0.067207,0.042735,0.0,0.0,0.04332,0.0,0.079379,0.076563,0.040627,0.040081,0.0,0.0,0.071502,0.0,0.0,0.033476,0.0,0.0,0.0,0.070095,0.019883,0.0,0.034918,0.030993,0.0,0.071298,0.0,0.041008,0.041924,0.0,0.0,0.0,0.0,0.0,0.074436,0.0,0.0,0.038595,0.006928
2024-12-16,0.075008,0.0,0.0,0.0,0.066756,0.041972,0.0,0.0,0.043052,0.0,0.080234,0.076648,0.040442,0.040187,0.0,0.0,0.071369,0.0,0.0,0.033021,0.0,0.0,0.0,0.069344,0.020026,0.0,0.035198,0.031616,0.0,0.070853,0.0,0.040994,0.041885,0.0,0.0,0.0,0.0,0.0,0.074372,0.0,0.0,0.040112,0.00691
2024-12-17,0.075072,0.0,0.0,0.0,0.066699,0.042699,0.0,0.0,0.043071,0.0,0.080802,0.076372,0.040313,0.03951,0.0,0.0,0.070992,0.0,0.0,0.032856,0.0,0.0,0.0,0.069327,0.019983,0.0,0.035016,0.031385,0.0,0.070789,0.0,0.040997,0.042064,0.0,0.0,0.0,0.0,0.0,0.074505,0.0,0.0,0.04061,0.006937
2024-12-18,0.077174,0.0,0.0,0.0,0.068615,0.043142,0.0,0.0,0.043345,0.0,0.079357,0.076304,0.040219,0.038594,0.0,0.0,0.07095,0.0,0.0,0.032408,0.0,0.0,0.0,0.069618,0.019889,0.0,0.034394,0.030793,0.0,0.0698,0.0,0.041355,0.041768,0.0,0.0,0.0,0.0,0.0,0.075838,0.0,0.0,0.039298,0.007137
2024-12-19,0.075748,0.0,0.0,0.0,0.068053,0.043724,0.0,0.0,0.043976,0.0,0.079752,0.076576,0.040618,0.038628,0.0,0.0,0.071308,0.0,0.0,0.031771,0.0,0.0,0.0,0.070377,0.020037,0.0,0.034746,0.031022,0.0,0.069156,0.0,0.041676,0.041516,0.0,0.0,0.0,0.0,0.0,0.076241,0.0,0.0,0.037892,0.007184
2024-12-20,0.075534,0.0,0.0,0.0,0.067389,0.043672,0.0,0.0,0.04388,0.0,0.079215,0.07628,0.04084,0.038891,0.0,0.0,0.071477,0.0,0.0,0.031812,0.0,0.0,0.0,0.070839,0.020148,0.0,0.035119,0.03109,0.0,0.069671,0.0,0.041722,0.041753,0.0,0.0,0.0,0.0,0.0,0.07601,0.0,0.0,0.037541,0.007118
2024-12-23,0.075146,0.0,0.0,0.0,0.06751,0.043821,0.0,0.0,0.044667,0.0,0.079405,0.076649,0.040913,0.038942,0.0,0.0,0.071416,0.0,0.0,0.031783,0.0,0.0,0.0,0.071035,0.020349,0.0,0.03486,0.031255,0.0,0.069899,0.0,0.041499,0.041835,0.0,0.0,0.0,0.0,0.0,0.075759,0.0,0.0,0.03614,0.007115
2024-12-24,0.074993,0.0,0.0,0.0,0.067143,0.04378,0.0,0.0,0.044166,0.0,0.080452,0.076622,0.040992,0.038889,0.0,0.0,0.071274,0.0,0.0,0.031622,0.0,0.0,0.0,0.070733,0.020359,0.0,0.034917,0.031253,0.0,0.069679,0.0,0.041178,0.041474,0.0,0.0,0.0,0.0,0.0,0.075262,0.0,0.0,0.038165,0.007046
2024-12-26,0.075072,0.0,0.0,0.0,0.067213,0.043936,0.0,0.0,0.043813,0.0,0.080237,0.076602,0.041135,0.039145,0.0,0.0,0.071402,0.0,0.0,0.031649,0.0,0.0,0.0,0.07064,0.020394,0.0,0.034876,0.031406,0.0,0.069939,0.0,0.041499,0.041702,0.0,0.0,0.0,0.0,0.0,0.075532,0.0,0.0,0.036755,0.007054
2024-12-27,0.075666,0.0,0.0,0.0,0.067397,0.043959,0.0,0.0,0.044101,0.0,0.07955,0.076536,0.041165,0.038993,0.0,0.0,0.071444,0.0,0.0,0.031568,0.0,0.0,0.0,0.071007,0.020286,0.0,0.03462,0.031292,0.0,0.069798,0.0,0.041548,0.041451,0.0,0.0,0.0,0.0,0.0,0.075883,0.0,0.0,0.036624,0.007113
2024-12-30,0.075558,0.0,0.0,0.0,0.067299,0.043838,0.0,0.0,0.043975,0.0,0.078922,0.076361,0.041106,0.039154,0.0,0.0,0.071312,0.0,0.0,0.031667,0.0,0.0,0.0,0.071295,0.020194,0.0,0.03445,0.031195,0.0,0.070028,0.0,0.041759,0.04128,0.0,0.0,0.0,0.0,0.0,0.076619,0.0,0.0,0.036816,0.007173
2024-12-31,0.039518,0.0,0.0,0.050474,0.0,0.045655,0.0,0.0,0.0,0.0,0.079691,0.080049,0.045033,0.045087,0.0,0.0,0.054785,0.035092,0.0,0.079895,0.0,0.0,0.045822,0.080185,0.010023,0.0,0.048117,0.031415,0.0,0.080038,0.0,0.079915,0.0,0.0,0.0,0.0,0.0,0.0,0.0,0.0,0.0,0.065286,0.00392
2025-01-02,0.039316,0.0,0.0,0.051634,0.0,0.044769,0.0,0.0,0.0,0.0,0.078524,0.080316,0.044854,0.044564,0.0,0.0,0.054512,0.035091,0.0,0.078748,0.0,0.0,0.045613,0.080678,0.009984,0.0,0.047944,0.031516,0.0,0.079208,0.0,0.080878,0.0,0.0,0.0,0.0,0.0,0.0,0.0,0.0,0.0,0.067934,0.003916
2025-01-03,0.039092,0.0,0.0,0.051003,0.0,0.044747,0.0,0.0,0.0,0.0,0.079435,0.080128,0.044825,0.044783,0.0,0.0,0.054635,0.035267,0.0,0.079038,0.0,0.0,0.045204,0.080845,0.010061,0.0,0.048281,0.031543,0.0,0.07957,0.0,0.079563,0.0,0.0,0.0,0.0,0.0,0.0,0.0,0.0,0.0,0.068097,0.003883
2025-01-06,0.03966,0.0,0.0,0.051243,0.0,0.043925,0.0,0.0,0.0,0.0,0.079605,0.08085,0.044606,0.044718,0.0,0.0,0.054418,0.035496,0.0,0.078659,0.0,0.0,0.04465,0.079799,0.010171,0.0,0.048294,0.031692,0.0,0.078406,0.0,0.079323,0.0,0.0,0.0,0.0,0.0,0.0,0.0,0.0,0.0,0.070609,0.003876
2025-01-07,0.039729,0.0,0.0,0.051382,0.0,0.044088,0.0,0.0,0.0,0.0,0.079011,0.080921,0.045045,0.044879,0.0,0.0,0.055024,0.035943,0.0,0.078524,0.0,0.0,0.045035,0.080566,0.010087,0.0,0.047683,0.031626,0.0,0.078602,0.0,0.080737,0.0,0.0,0.0,0.0,0.0,0.0,0.0,0.0,0.0,0.067194,0.003923
2025-01-08,0.039531,0.0,0.0,0.051215,0.0,0.04381,0.0,0.0,0.0,0.0,0.079279,0.080486,0.045219,0.044912,0.0,0.0,0.055271,0.035963,0.0,0.079488,0.0,0.0,0.045141,0.080589,0.01009,0.0,0.047714,0.031792,0.0,0.078853,0.0,0.081211,0.0,0.0,0.0,0.0,0.0,0.0,0.0,0.0,0.0,0.065511,0.003926
2025-01-09,0.039523,0.0,0.0,0.051255,0.0,0.043808,0.0,0.0,0.0,0.0,0.079276,0.080483,0.045217,0.04491,0.0,0.0,0.055269,0.035961,0.0,0.079485,0.0,0.0,0.04514,0.080586,0.010089,0.0,0.047712,0.031791,0.0,0.07885,0.0,0.081209,0.0,0.0,0.0,0.0,0.0,0.0,0.0,0.0,0.0,0.065508,0.003926
2025-01-10,0.039395,0.0,0.0,0.05137,0.0,0.04315,0.0,0.0,0.0,0.0,0.079476,0.080272,0.044677,0.044103,0.0,0.0,0.05533,0.036189,0.0,0.078816,0.0,0.0,0.045088,0.08113,0.009992,0.0,0.047338,0.031871,0.0,0.077885,0.0,0.083007,0.0,0.0,0.0,0.0,0.0,0.0,0.0,0.0,0.0,0.066935,0.003975
2025-01-13,0.039198,0.0,0.0,0.051265,0.0,0.043262,0.0,0.0,0.0,0.0,0.079841,0.08022,0.04495,0.044583,0.0,0.0,0.055919,0.036261,0.0,0.080038,0.0,0.0,0.045117,0.0801,0.009911,0.0,0.046874,0.031677,0.0,0.078757,0.0,0.082093,0.0,0.0,0.0,0.0,0.0,0.0,0.0,0.0,0.0,0.065964,0.003972
2025-01-14,0.039005,0.0,0.0,0.050889,0.0,0.043715,0.0,0.0,0.0,0.0,0.078797,0.07906,0.044998,0.045541,0.0,0.0,0.055949,0.036147,0.0,0.08145,0.0,0.0,0.044625,0.080245,0.009826,0.0,0.046856,0.031541,0.0,0.078588,0.0,0.081603,0.0,0.0,0.0,0.0,0.0,0.0,0.0,0.0,0.0,0.067236,0.003927
2025-01-15,0.03889,0.0,0.0,0.051052,0.0,0.043475,0.0,0.0,0.0,0.0,0.079507,0.079071,0.045406,0.04598,0.0,0.0,0.0554,0.035951,0.0,0.082176,0.0,0.0,0.043761,0.080117,0.009861,0.0,0.046938,0.031523,0.0,0.077771,0.0,0.080897,0.0,0.0,0.0,0.0,0.0,0.0,0.0,0.0,0.0,0.06836,0.003866
2025-01-16,0.038929,0.0,0.0,0.050952,0.0,0.043163,0.0,0.0,0.0,0.0,0.078562,0.078111,0.045411,0.045402,0.0,0.0,0.055706,0.036225,0.0,0.082269,0.0,0.0,0.043801,0.081606,0.009721,0.0,0.046717,0.031347,0.0,0.078865,0.0,0.080925,0.0,0.0,0.0,0.0,0.0,0.0,0.0,0.0,0.0,0.068448,0.00384
2025-01-17,0.038916,0.0,0.0,0.050832,0.0,0.043694,0.0,0.0,0.0,0.0,0.07902,0.078155,0.045424,0.045643,0.0,0.0,0.055587,0.03562,0.0,0.081927,0.0,0.0,0.043696,0.08106,0.009794,0.0,0.046792,0.031108,0.0,0.078176,0.0,0.079846,0.0,0.0,0.0,0.0,0.0,0.0,0.0,0.0,0.0,0.070899,0.00381
2025-01-20,0.039107,0.0,0.0,0.050713,0.0,0.043691,0.0,0.0,0.0,0.0,0.079014,0.078148,0.04542,0.045639,0.0,0.0,0.055583,0.035617,0.0,0.08192,0.0,0.0,0.043693,0.081053,0.009793,0.0,0.046788,0.031106,0.0,0.078169,0.0,0.07984,0.0,0.0,0.0,0.0,0.0,0.0,0.0,0.0,0.0,0.070893,0.00381
2025-01-21,0.038752,0.0,0.0,0.050399,0.0,0.043493,0.0,0.0,0.0,0.0,0.078721,0.077991,0.045298,0.045639,0.0,0.0,0.056104,0.03582,0.0,0.080993,0.0,0.0,0.043415,0.081396,0.009766,0.0,0.047028,0.031469,0.0,0.078762,0.0,0.080188,0.0,0.0,0.0,0.0,0.0,0.0,0.0,0.0,0.0,0.070997,0.003769
2025-01-22,0.039183,0.0,0.0,0.050492,0.0,0.043426,0.0,0.0,0.0,0.0,0.078642,0.078987,0.045209,0.045335,0.0,0.0,0.056127,0.035695,0.0,0.081605,0.0,0.0,0.043323,0.079858,0.010015,0.0,0.048157,0.031899,0.0,0.077605,0.0,0.080823,0.0,0.0,0.0,0.0,0.0,0.0,0.0,0.0,0.0,0.069842,0.003779
2025-01-23,0.039154,0.0,0.0,0.050411,0.0,0.043283,0.0,0.0,0.0,0.0,0.07896,0.079036,0.045378,0.045135,0.0,0.0,0.056582,0.035978,0.0,0.081487,0.0,0.0,0.043393,0.080075,0.010012,0.0,0.048144,0.031726,0.0,0.07802,0.0,0.080548,0.0,0.0,0.0,0.0,0.0,0.0,0.0,0.0,0.0,0.068905,0.003772
2025-01-24,0.039237,0.0,0.0,0.050063,0.0,0.044203,0.0,0.0,0.0,0.0,0.078219,0.079487,0.045362,0.045196,0.0,0.0,0.056156,0.035844,0.0,0.080462,0.0,0.0,0.043472,0.080621,0.009875,0.0,0.047783,0.031649,0.0,0.078028,0.0,0.08078,0.0,0.0,0.0,0.0,0.0,0.0,0.0,0.0,0.0,0.069801,0.00376
2025-01-27,0.038631,0.0,0.0,0.049585,0.0,0.044624,0.0,0.0,0.0,0.0,0.07883,0.080067,0.045958,0.045845,0.0,0.0,0.055521,0.036483,0.0,0.082626,0.0,0.0,0.044744,0.078921,0.009411,0.0,0.04709,0.031046,0.0,0.079236,0.0,0.080109,0.0,0.0,0.0,0.0,0.0,0.0,0.0,0.0,0.0,0.067502,0.003769
2025-01-28,0.038883,0.0,0.0,0.049881,0.0,0.045278,0.0,0.0,0.0,0.0,0.078991,0.080522,0.045916,0.045766,0.0,0.0,0.055199,0.036049,0.0,0.081003,0.0,0.0,0.044082,0.077898,0.00967,0.0,0.048449,0.031899,0.0,0.078344,0.0,0.080869,0.0,0.0,0.0,0.0,0.0,0.0,0.0,0.0,0.0,0.06753,0.003773
2025-01-29,0.039031,0.0,0.0,0.050232,0.0,0.045199,0.0,0.0,0.0,0.0,0.078874,0.08099,0.045943,0.045743,0.0,0.0,0.055087,0.035958,0.0,0.079784,0.0,0.0,0.044248,0.078168,0.009605,0.0,0.047818,0.031714,0.0,0.077415,0.0,0.080669,0.0,0.0,0.0,0.0,0.0,0.0,0.0,0.0,0.0,0.069744,0.003778
2025-01-30,0.038755,0.0,0.0,0.050242,0.0,0.045829,0.0,0.0,0.0,0.0,0.078827,0.080236,0.045905,0.045736,0.0,0.0,0.05513,0.034961,0.0,0.080971,0.0,0.0,0.044226,0.078977,0.009523,0.0,0.046997,0.031869,0.0,0.077593,0.0,0.081048,0.0,0.0,0.0,0.0,0.0,0.0,0.0,0.0,0.0,0.069436,0.003739
2025-01-31,0.020601,0.0,0.0,0.053623,0.0,0.06202,0.0,0.0,0.0,0.0,0.065649,0.066022,0.05493,0.019292,0.0,0.0,0.0,0.0,0.0,0.0,0.0,0.0,0.065756,0.065926,0.0,0.0,0.030832,0.043265,0.0,0.036833,0.0,0.066001,0.0,0.066078,0.0,0.0,0.036922,0.037062,0.03704,0.036637,0.065928,0.066066,0.00352
2025-02-03,0.020279,0.0,0.0,0.053249,0.0,0.061714,0.0,0.0,0.0,0.0,0.064904,0.06629,0.05481,0.018964,0.0,0.0,0.0,0.0,0.0,0.0,0.0,0.0,0.06614,0.066407,0.0,0.0,0.03077,0.043103,0.0,0.036825,0.0,0.066479,0.0,0.0663,0.0,0.0,0.037019,0.037218,0.037064,0.036764,0.066156,0.066016,0.003526
2025-02-04,0.020344,0.0,0.0,0.053032,0.0,0.063077,0.0,0.0,0.0,0.0,0.065471,0.066683,0.054517,0.019218,0.0,0.0,0.0,0.0,0.0,0.0,0.0,0.0,0.065383,0.065624,0.0,0.0,0.031222,0.0436,0.0,0.036743,0.0,0.066932,0.0,0.066315,0.0,0.0,0.036999,0.037168,0.037069,0.036725,0.066191,0.064171,0.003516
2025-02-05,0.020338,0.0,0.0,0.053153,0.0,0.061883,0.0,0.0,0.0,0.0,0.064591,0.065899,0.054976,0.019396,0.0,0.0,0.0,0.0,0.0,0.0,0.0,0.0,0.065651,0.066143,0.0,0.0,0.031353,0.044216,0.0,0.03718,0.0,0.067204,0.0,0.066509,0.0,0.0,0.037134,0.037253,0.037088,0.036903,0.066422,0.063199,0.003509
2025-02-06,0.020448,0.0,0.0,0.053576,0.0,0.062635,0.0,0.0,0.0,0.0,0.064754,0.066085,0.055353,0.019544,0.0,0.0,0.0,0.0,0.0,0.0,0.0,0.0,0.065854,0.065971,0.0,0.0,0.031388,0.04389,0.0,0.037219,0.0,0.066929,0.0,0.06596,0.0,0.0,0.037037,0.037134,0.036978,0.036782,0.066268,0.062691,0.003505
2025-02-07,0.020417,0.0,0.0,0.053261,0.0,0.063643,0.0,0.0,0.0,0.0,0.063718,0.066184,0.055245,0.019399,0.0,0.0,0.0,0.0,0.0,0.0,0.0,0.0,0.065994,0.066075,0.0,0.0,0.031317,0.044382,0.0,0.037232,0.0,0.067292,0.0,0.065936,0.0,0.0,0.037048,0.03717,0.036996,0.036755,0.066253,0.062165,0.003518
2025-02-10,0.020319,0.0,0.0,0.053213,0.0,0.0648,0.0,0.0,0.0,0.0,0.063465,0.065991,0.054404,0.019048,0.0,0.0,0.0,0.0,0.0,0.0,0.0,0.0,0.065912,0.066302,0.0,0.0,0.031615,0.044861,0.0,0.036942,0.0,0.067928,0.0,0.06621,0.0,0.0,0.036768,0.036913,0.036797,0.036494,0.065765,0.06276,0.003492
2025-02-11,0.020402,0.0,0.0,0.053088,0.0,0.064374,0.0,0.0,0.0,0.0,0.062911,0.066276,0.054687,0.019337,0.0,0.0,0.0,0.0,0.0,0.0,0.0,0.0,0.066726,0.066816,0.0,0.0,0.031377,0.044752,0.0,0.037202,0.0,0.06786,0.0,0.066387,0.0,0.0,0.036771,0.037001,0.036882,0.03651,0.065657,0.061483,0.003502
2025-02-12,0.020288,0.0,0.0,0.052406,0.0,0.066052,0.0,0.0,0.0,0.0,0.062885,0.06633,0.054483,0.018931,0.0,0.0,0.0,0.0,0.0,0.0,0.0,0.0,0.06666,0.066682,0.0,0.0,0.031263,0.044754,0.0,0.03685,0.0,0.067915,0.0,0.066561,0.0,0.0,0.036508,0.036771,0.036794,0.036304,0.06543,0.062634,0.003501
2025-02-13,0.020394,0.0,0.0,0.052193,0.0,0.065547,0.0,0.0,0.0,0.0,0.063366,0.066606,0.054445,0.018894,0.0,0.0,0.0,0.0,0.0,0.0,0.0,0.0,0.06689,0.066348,0.0,0.0,0.031541,0.045262,0.0,0.036947,0.0,0.068087,0.0,0.066597,0.0,0.0,0.036514,0.036707,0.036692,0.03632,0.065489,0.061683,0.003476
2025-02-14,0.020441,0.0,0.0,0.052134,0.0,0.06747,0.0,0.0,0.0,0.0,0.063232,0.066902,0.05446,0.018911,0.0,0.0,0.0,0.0,0.0,0.0,0.0,0.0,0.066115,0.065962,0.0,0.0,0.031515,0.045048,0.0,0.036717,0.0,0.066963,0.0,0.06644,0.0,0.0,0.036607,0.036713,0.036673,0.036401,0.065582,0.062241,0.003471
2025-02-17,0.02049,0.0,0.0,0.052303,0.0,0.067455,0.0,0.0,0.0,0.0,0.063218,0.066886,0.054447,0.018907,0.0,0.0,0.0,0.0,0.0,0.0,0.0,0.0,0.066099,0.065947,0.0,0.0,0.031508,0.045038,0.0,0.036709,0.0,0.066947,0.0,0.066424,0.0,0.0,0.036598,0.036705,0.036664,0.036393,0.065566,0.062226,0.00347
2025-02-18,0.020436,0.0,0.0,0.052434,0.0,0.06804,0.0,0.0,0.0,0.0,0.062965,0.066493,0.054768,0.019035,0.0,0.0,0.0,0.0,0.0,0.0,0.0,0.0,0.066256,0.066482,0.0,0.0,0.031785,0.045278,0.0,0.036828,0.0,0.067972,0.0,0.066837,0.0,0.0,0.036357,0.036542,0.036587,0.0362,0.065205,0.060034,0.003466
2025-02-19,0.020394,0.0,0.0,0.052354,0.0,0.067663,0.0,0.0,0.0,0.0,0.062883,0.06652,0.05475,0.018925,0.0,0.0,0.0,0.0,0.0,0.0,0.0,0.0,0.066739,0.066783,0.0,0.0,0.031205,0.044906,0.0,0.036829,0.0,0.06796,0.0,0.066412,0.0,0.0,0.036389,0.036589,0.036588,0.036194,0.065172,0.061281,0.003464
2025-02-20,0.020342,0.0,0.0,0.051659,0.0,0.069044,0.0,0.0,0.0,0.0,0.062451,0.066327,0.054006,0.018648,0.0,0.0,0.0,0.0,0.0,0.0,0.0,0.0,0.066595,0.066893,0.0,0.0,0.030687,0.044254,0.0,0.03707,0.0,0.068115,0.0,0.065822,0.0,0.0,0.036528,0.036728,0.036676,0.036345,0.06541,0.06293,0.003471
2025-02-21,0.020493,0.0,0.0,0.051963,0.0,0.070904,0.0,0.0,0.0,0.0,0.061282,0.065928,0.053748,0.018384,0.0,0.0,0.0,0.0,0.0,0.0,0.0,0.0,0.067898,0.067431,0.0,0.0,0.029871,0.042992,0.0,0.036992,0.0,0.068583,0.0,0.065455,0.0,0.0,0.03703,0.037089,0.036892,0.036758,0.065941,0.06087,0.003498
2025-02-24,0.020407,0.0,0.0,0.051497,0.0,0.068513,0.0,0.0,0.0,0.0,0.061393,0.066425,0.054283,0.018375,0.0,0.0,0.0,0.0,0.0,0.0,0.0,0.0,0.068485,0.067469,0.0,0.0,0.029664,0.042644,0.0,0.037344,0.0,0.06934,0.0,0.064579,0.0,0.0,0.037316,0.037378,0.037144,0.037058,0.066375,0.060791,0.003518
2025-02-25,0.020248,0.0,0.0,0.051074,0.0,0.069442,0.0,0.0,0.0,0.0,0.061361,0.065751,0.05453,0.018495,0.0,0.0,0.0,0.0,0.0,0.0,0.0,0.0,0.069787,0.06745,0.0,0.0,0.029321,0.042584,0.0,0.037983,0.0,0.06875,0.0,0.064957,0.0,0.0,0.037789,0.037714,0.037414,0.037519,0.067108,0.057187,0.003535
2025-02-26,0.02052,0.0,0.0,0.051819,0.0,0.071142,0.0,0.0,0.0,0.0,0.061091,0.065616,0.054396,0.01851,0.0,0.0,0.0,0.0,0.0,0.0,0.0,0.0,0.068432,0.067711,0.0,0.0,0.029721,0.04302,0.0,0.037813,0.0,0.068835,0.0,0.065082,0.0,0.0,0.037882,0.037734,0.037455,0.037587,0.067309,0.054791,0.003534
2025-02-27,0.020536,0.0,0.0,0.052261,0.0,0.071086,0.0,0.0,0.0,0.0,0.060698,0.06551,0.05514,0.018696,0.0,0.0,0.0,0.0,0.0,0.0,0.0,0.0,0.068979,0.066746,0.0,0.0,0.029169,0.0424,0.0,0.038272,0.0,0.068337,0.0,0.064861,0.0,0.0,0.038145,0.037995,0.037688,0.037733,0.067626,0.054558,0.003564
2025-02-28,0.033691,0.0,0.019006,0.063995,0.0,0.087197,0.0,0.0,0.0,0.0,0.087079,0.086922,0.048877,0.048954,0.0,0.0,0.086843,0.0,0.0,0.0,0.0,0.0,0.0,0.033518,0.0,0.0,0.040266,0.051372,0.0,0.0,0.0,0.079365,0.018333,0.08721,0.0,0.0,0.0,0.0,0.030935,0.0,0.0,0.087184,0.009254
2025-03-03,0.034258,0.0,0.019311,0.064141,0.0,0.086391,0.0,0.0,0.0,0.0,0.085919,0.0865,0.048716,0.048625,0.0,0.0,0.086052,0.0,0.0,0.0,0.0,0.0,0.0,0.033739,0.0,0.0,0.039711,0.0511,0.0,0.0,0.0,0.080828,0.018715,0.086207,0.0,0.0,0.0,0.0,0.031031,0.0,0.0,0.089453,0.009303
2025-03-04,0.033457,0.0,0.0193,0.061951,0.0,0.088364,0.0,0.0,0.0,0.0,0.085058,0.08648,0.047368,0.047186,0.0,0.0,0.085029,0.0,0.0,0.0,0.0,0.0,0.0,0.033448,0.0,0.0,0.039939,0.052299,0.0,0.0,0.0,0.082164,0.019024,0.087343,0.0,0.0,0.0,0.0,0.031268,0.0,0.0,0.090945,0.009376
2025-03-05,0.033241,0.0,0.019438,0.060618,0.0,0.091336,0.0,0.0,0.0,0.0,0.085098,0.086321,0.04695,0.0465,0.0,0.0,0.085116,0.0,0.0,0.0,0.0,0.0,0.0,0.03273,0.0,0.0,0.040044,0.052051,0.0,0.0,0.0,0.081139,0.019245,0.086731,0.0,0.0,0.0,0.0,0.030829,0.0,0.0,0.093369,0.009241
2025-03-06,0.033915,0.0,0.019503,0.061543,0.0,0.092862,0.0,0.0,0.0,0.0,0.083863,0.085716,0.046688,0.046294,0.0,0.0,0.085324,0.0,0.0,0.0,0.0,0.0,0.0,0.032406,0.0,0.0,0.038963,0.051219,0.0,0.0,0.0,0.081625,0.019407,0.087364,0.0,0.0,0.0,0.0,0.031055,0.0,0.0,0.092912,0.009344
2025-03-07,0.033358,0.0,0.019675,0.060545,0.0,0.092884,0.0,0.0,0.0,0.0,0.083773,0.086333,0.046478,0.046355,0.0,0.0,0.086388,0.0,0.0,0.0,0.0,0.0,0.0,0.033034,0.0,0.0,0.038985,0.051753,0.0,0.0,0.0,0.081731,0.019357,0.08813,0.0,0.0,0.0,0.0,0.03113,0.0,0.0,0.090738,0.009353
2025-03-10,0.033996,0.0,0.019767,0.062075,0.0,0.092457,0.0,0.0,0.0,0.0,0.082922,0.086409,0.04664,0.045749,0.0,0.0,0.087287,0.0,0.0,0.0,0.0,0.0,0.0,0.034281,0.0,0.0,0.037986,0.050988,0.0,0.0,0.0,0.083159,0.019547,0.090907,0.0,0.0,0.0,0.0,0.031833,0.0,0.0,0.084397,0.009601
2025-03-11,0.033453,0.0,0.019605,0.06068,0.0,0.094011,0.0,0.0,0.0,0.0,0.081936,0.084956,0.046143,0.045307,0.0,0.0,0.085763,0.0,0.0,0.0,0.0,0.0,0.0,0.033889,0.0,0.0,0.038273,0.051345,0.0,0.0,0.0,0.083955,0.020074,0.090747,0.0,0.0,0.0,0.0,0.031653,0.0,0.0,0.088627,0.009582
2025-03-12,0.033655,0.0,0.019896,0.060968,0.0,0.093346,0.0,0.0,0.0,0.0,0.082122,0.085079,0.046049,0.045615,0.0,0.0,0.085455,0.0,0.0,0.0,0.0,0.0,0.0,0.033665,0.0,0.0,0.038901,0.051429,0.0,0.0,0.0,0.084024,0.020178,0.090225,0.0,0.0,0.0,0.0,0.031578,0.0,0.0,0.088268,0.009547
2025-03-13,0.033604,0.0,0.020012,0.061239,0.0,0.094478,0.0,0.0,0.0,0.0,0.08084,0.084129,0.046237,0.04559,0.0,0.0,0.085392,0.0,0.0,0.0,0.0,0.0,0.0,0.034071,0.0,0.0,0.037971,0.050733,0.0,0.0,0.0,0.086336,0.020721,0.091227,0.0,0.0,0.0,0.0,0.031703,0.0,0.0,0.086076,0.009641
2025-03-14,0.033348,0.0,0.019931,0.060923,0.0,0.095296,0.0,0.0,0.0,0.0,0.080953,0.084004,0.046388,0.045983,0.0,0.0,0.085258,0.0,0.0,0.0,0.0,0.0,0.0,0.03406,0.0,0.0,0.038648,0.051403,0.0,0.0,0.0,0.084688,0.020298,0.088913,0.0,0.0,0.0,0.0,0.031228,0.0,0.0,0.089223,0.009455
2025-03-17,0.033328,0.0,0.019958,0.060898,0.0,0.096539,0.0,0.0,0.0,0.0,0.080346,0.083838,0.046508,0.045912,0.0,0.0,0.085651,0.0,0.0,0.0,0.0,0.0,0.0,0.033893,0.0,0.0,0.038804,0.051715,0.0,0.0,0.0,0.084375,0.02018,0.089439,0.0,0.0,0.0,0.0,0.03102,0.0,0.0,0.088227,0.009368
2025-03-18,0.033452,0.0,0.020036,0.061155,0.0,0.096708,0.0,0.0,0.0,0.0,0.079446,0.083222,0.046763,0.046169,0.0,0.0,0.08554,0.0,0.0,0.0,0.0,0.0,0.0,0.033884,0.0,0.0,0.038493,0.051747,0.0,0.0,0.0,0.085935,0.020342,0.090041,0.0,0.0,0.0,0.0,0.031173,0.0,0.0,0.086462,0.009432
2025-03-19,0.033269,0.0,0.020049,0.061136,0.0,0.095596,0.0,0.0,0.0,0.0,0.080106,0.083314,0.046775,0.046167,0.0,0.0,0.085752,0.0,0.0,0.0,0.0,0.0,0.0,0.033646,0.0,0.0,0.038682,0.051798,0.0,0.0,0.0,0.085368,0.02006,0.089048,0.0,0.0,0.0,0.0,0.031044,0.0,0.0,0.088854,0.009334
2025-03-20,0.033472,0.0,0.020059,0.061859,0.0,0.093481,0.0,0.0,0.0,0.0,0.08038,0.083618,0.047114,0.046194,0.0,0.0,0.085818,0.0,0.0,0.0,0.0,0.0,0.0,0.033979,0.0,0.0,0.038748,0.051242,0.0,0.0,0.0,0.085755,0.020013,0.089733,0.0,0.0,0.0,0.0,0.031182,0.0,0.0,0.087963,0.009389
2025-03-21,0.033462,0.0,0.020144,0.061563,0.0,0.092141,0.0,0.0,0.0,0.0,0.081,0.084618,0.047134,0.046296,0.0,0.0,0.085709,0.0,0.0,0.0,0.0,0.0,0.0,0.033898,0.0,0.0,0.039133,0.051372,0.0,0.0,0.0,0.085412,0.019778,0.089564,0.0,0.0,0.0,0.0,0.031262,0.0,0.0,0.088087,0.009429
2025-03-24,0.033445,0.0,0.0198,0.061659,0.0,0.090707,0.0,0.0,0.0,0.0,0.082788,0.084542,0.047253,0.046829,0.0,0.0,0.086001,0.0,0.0,0.0,0.0,0.0,0.0,0.033384,0.0,0.0,0.039504,0.051426,0.0,0.0,0.0,0.083769,0.019445,0.088036,0.0,0.0,0.0,0.0,0.030887,0.0,0.0,0.091236,0.009289
2025-03-25,0.033457,0.0,0.019885,0.061616,0.0,0.089457,0.0,0.0,0.0,0.0,0.083212,0.085369,0.047382,0.046628,0.0,0.0,0.085885,0.0,0.0,0.0,0.0,0.0,0.0,0.032757,0.0,0.0,0.039788,0.051863,0.0,0.0,0.0,0.083899,0.019791,0.088082,0.0,0.0,0.0,0.0,0.030784,0.0,0.0,0.090884,0.009262
2025-03-26,0.033485,0.0,0.019778,0.061858,0.0,0.090144,0.0,0.0,0.0,0.0,0.082755,0.085293,0.047604,0.046804,0.0,0.0,0.085971,0.0,0.0,0.0,0.0,0.0,0.0,0.033227,0.0,0.0,0.039162,0.051353,0.0,0.0,0.0,0.084473,0.019911,0.088095,0.0,0.0,0.0,0.0,0.030895,0.0,0.0,0.089856,0.009337
2025-03-27,0.03337,0.0,0.019755,0.061473,0.0,0.091495,0.0,0.0,0.0,0.0,0.082829,0.084936,0.047521,0.046443,0.0,0.0,0.085536,0.0,0.0,0.0,0.0,0.0,0.0,0.033227,0.0,0.0,0.038502,0.050579,0.0,0.0,0.0,0.085627,0.020431,0.087653,0.0,0.0,0.0,0.0,0.030844,0.0,0.0,0.090439,0.00934
2025-03-28,0.033362,0.0,0.019704,0.06124,0.0,0.091076,0.0,0.0,0.0,0.0,0.081703,0.083918,0.047443,0.04632,0.0,0.0,0.085285,0.0,0.0,0.0,0.0,0.0,0.0,0.034076,0.0,0.0,0.038074,0.050519,0.0,0.0,0.0,0.087819,0.020587,0.08937,0.0,0.0,0.0,0.0,0.031345,0.0,0.0,0.08865,0.009508
2025-03-31,0.021024,0.047523,0.0,0.0,0.0,0.067631,0.0,0.0,0.0,0.0,0.067291,0.067626,0.043525,0.03222,0.017364,0.0,0.067371,0.0,0.0,0.0,0.0,0.0,0.0,0.037745,0.0,0.0,0.0,0.067417,0.0,0.0,0.037965,0.067629,0.0,0.067675,0.0,0.0,0.030384,0.045468,0.044523,0.03081,0.067682,0.067627,0.003502
2025-04-01,0.021161,0.04736,0.0,0.0,0.0,0.067412,0.0,0.0,0.0,0.0,0.067586,0.067263,0.043212,0.031888,0.017361,0.0,0.067346,0.0,0.0,0.0,0.0,0.0,0.0,0.037614,0.0,0.0,0.0,0.067566,0.0,0.0,0.037553,0.067091,0.0,0.068776,0.0,0.0,0.030308,0.045224,0.044359,0.030735,0.067493,0.06921,0.003481
2025-04-02,0.021117,0.047212,0.0,0.0,0.0,0.066504,0.0,0.0,0.0,0.0,0.068431,0.06707,0.043291,0.032159,0.017275,0.0,0.067547,0.0,0.0,0.0,0.0,0.0,0.0,0.03755,0.0,0.0,0.0,0.068119,0.0,0.0,0.037324,0.0668,0.0,0.068973,0.0,0.0,0.030087,0.044867,0.044166,0.030609,0.067033,0.070406,0.00346
2025-04-03,0.021072,0.047957,0.0,0.0,0.0,0.067914,0.0,0.0,0.0,0.0,0.06626,0.066035,0.042415,0.030107,0.016404,0.0,0.065842,0.0,0.0,0.0,0.0,0.0,0.0,0.038452,0.0,0.0,0.0,0.066735,0.0,0.0,0.036919,0.068424,0.0,0.070555,0.0,0.0,0.031324,0.046526,0.044949,0.031541,0.068667,0.068339,0.003566
2025-04-04,0.020754,0.046545,0.0,0.0,0.0,0.065742,0.0,0.0,0.0,0.0,0.065879,0.064685,0.040847,0.029971,0.015477,0.0,0.064114,0.0,0.0,0.0,0.0,0.0,0.0,0.037732,0.0,0.0,0.0,0.065121,0.0,0.0,0.036137,0.069434,0.0,0.071029,0.0,0.0,0.032639,0.048182,0.046039,0.032737,0.07031,0.072921,0.003704
2025-04-07,0.020468,0.046162,0.0,0.0,0.0,0.061907,0.0,0.0,0.0,0.0,0.066634,0.066299,0.041706,0.030545,0.015739,0.0,0.065318,0.0,0.0,0.0,0.0,0.0,0.0,0.03803,0.0,0.0,0.0,0.066852,0.0,0.0,0.034753,0.069543,0.0,0.070839,0.0,0.0,0.03301,0.048724,0.046718,0.032855,0.070805,0.069298,0.003794
2025-04-08,0.021368,0.046373,0.0,0.0,0.0,0.061399,0.0,0.0,0.0,0.0,0.06563,0.065955,0.041914,0.030464,0.015512,0.0,0.065355,0.0,0.0,0.0,0.0,0.0,0.0,0.038211,0.0,0.0,0.0,0.067154,0.0,0.0,0.034004,0.070543,0.0,0.070908,0.0,0.0,0.033136,0.049036,0.046917,0.032728,0.070926,0.06864,0.003826
2025-04-09,0.019537,0.047129,0.0,0.0,0.0,0.061724,0.0,0.0,0.0,0.0,0.068839,0.067898,0.042634,0.030928,0.015809,0.0,0.067309,0.0,0.0,0.0,0.0,0.0,0.0,0.037568,0.0,0.0,0.0,0.069987,0.0,0.0,0.035389,0.069194,0.0,0.069062,0.0,0.0,0.031244,0.046481,0.045568,0.031474,0.068817,0.069788,0.00362
2025-04-10,0.020934,0.047368,0.0,0.0,0.0,0.062762,0.0,0.0,0.0,0.0,0.067374,0.066765,0.04221,0.029644,0.01505,0.0,0.066787,0.0,0.0,0.0,0.0,0.0,0.0,0.037977,0.0,0.0,0.0,0.069426,0.0,0.0,0.035293,0.072197,0.0,0.069638,0.0,0.0,0.031624,0.046778,0.045654,0.031512,0.068734,0.068585,0.003688
2025-04-11,0.020654,0.047835,0.0,0.0,0.0,0.063917,0.0,0.0,0.0,0.0,0.066907,0.066225,0.042203,0.029251,0.015169,0.0,0.066848,0.0,0.0,0.0,0.0,0.0,0.0,0.037808,0.0,0.0,0.0,0.06928,0.0,0.0,0.035937,0.072364,0.0,0.069954,0.0,0.0,0.030928,0.046026,0.045038,0.030988,0.067844,0.071197,0.003627
2025-04-14,0.02113,0.04782,0.0,0.0,0.0,0.064547,0.0,0.0,0.0,0.0,0.066583,0.066153,0.042308,0.029525,0.015106,0.0,0.067023,0.0,0.0,0.0,0.0,0.0,0.0,0.038189,0.0,0.0,0.0,0.068954,0.0,0.0,0.036062,0.071396,0.0,0.069335,0.0,0.0,0.030936,0.04589,0.044911,0.030938,0.068021,0.071575,0.0036
2025-04-15,0.021211,0.048302,0.0,0.0,0.0,0.064052,0.0,0.0,0.0,0.0,0.066106,0.066322,0.042417,0.029932,0.015084,0.0,0.066693,0.0,0.0,0.0,0.0,0.0,0.0,0.038186,0.0,0.0,0.0,0.069616,0.0,0.0,0.035722,0.071773,0.0,0.068969,0.0,0.0,0.031029,0.045888,0.045035,0.031106,0.068232,0.070728,0.003597
2025-04-16,0.021166,0.048337,0.0,0.0,0.0,0.063062,0.0,0.0,0.0,0.0,0.064784,0.064845,0.041953,0.029987,0.01528,0.0,0.066095,0.0,0.0,0.0,0.0,0.0,0.0,0.038023,0.0,0.0,0.0,0.068713,0.0,0.0,0.035307,0.074463,0.0,0.070306,0.0,0.0,0.031313,0.046235,0.045245,0.031387,0.068582,0.071299,0.003618
2025-04-17,0.020912,0.048677,0.0,0.0,0.0,0.063018,0.0,0.0,0.0,0.0,0.064974,0.065046,0.04192,0.030087,0.015573,0.0,0.066233,0.0,0.0,0.0,0.0,0.0,0.0,0.038284,0.0,0.0,0.0,0.067977,0.0,0.0,0.03528,0.073888,0.0,0.070414,0.0,0.0,0.031119,0.046186,0.045356,0.031238,0.06853,0.071681,0.003606
2025-04-21,0.021055,0.048681,0.0,0.0,0.0,0.063578,0.0,0.0,0.0,0.0,0.063672,0.064018,0.041303,0.029871,0.01527,0.0,0.065191,0.0,0.0,0.0,0.0,0.0,0.0,0.037635,0.0,0.0,0.0,0.066725,0.0,0.0,0.03546,0.076695,0.0,0.070843,0.0,0.0,0.031164,0.046264,0.045397,0.031113,0.068199,0.074238,0.00363
2025-04-22,0.020708,0.048821,0.0,0.0,0.0,0.064385,0.0,0.0,0.0,0.0,0.064548,0.064548,0.041929,0.030306,0.015387,0.0,0.06518,0.0,0.0,0.0,0.0,0.0,0.0,0.03799,0.0,0.0,0.0,0.066754,0.0,0.0,0.035313,0.074295,0.0,0.070529,0.0,0.0,0.030646,0.045629,0.044782,0.030649,0.067711,0.076322,0.003568
2025-04-23,0.020963,0.048566,0.0,0.0,0.0,0.064785,0.0,0.0,0.0,0.0,0.065423,0.065019,0.042062,0.030598,0.015227,0.0,0.065428,0.0,0.0,0.0,0.0,0.0,0.0,0.037823,0.0,0.0,0.0,0.06767,0.0,0.0,0.035503,0.07189,0.0,0.069897,0.0,0.0,0.030415,0.04537,0.04462,0.03052,0.067424,0.077261,0.003537
2025-04-24,0.020832,0.048556,0.0,0.0,0.0,0.06432,0.0,0.0,0.0,0.0,0.065852,0.065452,0.041972,0.030725,0.015268,0.0,0.06602,0.0,0.0,0.0,0.0,0.0,0.0,0.037385,0.0,0.0,0.0,0.068925,0.0,0.0,0.035779,0.071982,0.0,0.069698,0.0,0.0,0.030179,0.045013,0.044432,0.03043,0.067251,0.076437,0.003493
2025-04-25,0.020868,0.04857,0.0,0.0,0.0,0.063997,0.0,0.0,0.0,0.0,0.066776,0.065609,0.041611,0.030346,0.015181,0.0,0.065759,0.0,0.0,0.0,0.0,0.0,0.0,0.037126,0.0,0.0,0.0,0.069306,0.0,0.0,0.035883,0.070926,0.0,0.070014,0.0,0.0,0.030176,0.044859,0.044299,0.030473,0.067258,0.077485,0.003478
2025-04-28,0.020901,0.0488,0.0,0.0,0.0,0.063811,0.0,0.0,0.0,0.0,0.066683,0.065744,0.041667,0.030456,0.015261,0.0,0.065863,0.0,0.0,0.0,0.0,0.0,0.0,0.037289,0.0,0.0,0.0,0.069417,0.0,0.0,0.035461,0.07181,0.0,0.069409,0.0,0.0,0.030243,0.044936,0.044244,0.03049,0.067215,0.076828,0.003473
2025-04-29,0.020959,0.048758,0.0,0.0,0.0,0.063418,0.0,0.0,0.0,0.0,0.066961,0.066031,0.041978,0.030644,0.015173,0.0,0.066098,0.0,0.0,0.0,0.0,0.0,0.0,0.037469,0.0,0.0,0.0,0.07023,0.0,0.0,0.035523,0.070904,0.0,0.068421,0.0,0.0,0.03026,0.044883,0.044233,0.030472,0.067109,0.077014,0.003463
2025-04-30,0.0,0.042487,0.01511,0.0,0.0,0.048446,0.0,0.0,0.0,0.0,0.0,0.075398,0.070818,0.021281,0.040703,0.0,0.0,0.0,0.0,0.0,0.012525,0.0,0.059621,0.023716,0.0,0.0,0.0,0.064175,0.0,0.0,0.0,0.0448,0.046173,0.082051,0.0,0.0,0.046161,0.045719,0.046692,0.045083,0.08192,0.082118,0.005001
2025-05-01,0.0,0.042348,0.015059,0.0,0.0,0.048395,0.0,0.0,0.0,0.0,0.0,0.075808,0.070825,0.021497,0.040866,0.0,0.0,0.0,0.0,0.0,0.012187,0.0,0.059122,0.023793,0.0,0.0,0.0,0.064272,0.0,0.0,0.0,0.043883,0.045859,0.081494,0.0,0.0,0.045974,0.045577,0.046767,0.044938,0.081982,0.084352,0.005003
2025-05-02,0.0,0.042893,0.015089,0.0,0.0,0.049709,0.0,0.0,0.0,0.0,0.0,0.076367,0.071712,0.021846,0.04113,0.0,0.0,0.0,0.0,0.0,0.012257,0.0,0.058965,0.023787,0.0,0.0,0.0,0.06477,0.0,0.0,0.0,0.043607,0.045073,0.081569,0.0,0.0,0.045299,0.044976,0.046533,0.044469,0.081107,0.08388,0.004962
2025-05-05,0.0,0.043043,0.015227,0.0,0.0,0.049797,0.0,0.0,0.0,0.0,0.0,0.076711,0.071403,0.021822,0.040474,0.0,0.0,0.0,0.0,0.0,0.012248,0.0,0.05904,0.023778,0.0,0.0,0.0,0.065215,0.0,0.0,0.0,0.045005,0.045728,0.081286,0.0,0.0,0.045314,0.045027,0.046615,0.044502,0.081116,0.081677,0.004973
2025-05-06,0.0,0.042764,0.015175,0.0,0.0,0.050112,0.0,0.0,0.0,0.0,0.0,0.076395,0.07072,0.021516,0.040326,0.0,0.0,0.0,0.0,0.0,0.011864,0.0,0.058708,0.023973,0.0,0.0,0.0,0.065036,0.0,0.0,0.0,0.046085,0.046692,0.081483,0.0,0.0,0.045251,0.044986,0.046397,0.044415,0.081134,0.082012,0.004955
2025-05-07,0.0,0.042673,0.015094,0.0,0.0,0.048983,0.0,0.0,0.0,0.0,0.0,0.076317,0.071196,0.021617,0.040374,0.0,0.0,0.0,0.0,0.0,0.011965,0.0,0.058851,0.024062,0.0,0.0,0.0,0.065157,0.0,0.0,0.0,0.045432,0.045602,0.08152,0.0,0.0,0.045408,0.045069,0.046477,0.044543,0.081518,0.083185,0.004958
2025-05-08,0.0,0.042316,0.014991,0.0,0.0,0.049454,0.0,0.0,0.0,0.0,0.0,0.076136,0.071448,0.021942,0.040712,0.0,0.0,0.0,0.0,0.0,0.011801,0.0,0.058501,0.023755,0.0,0.0,0.0,0.065192,0.0,0.0,0.0,0.044327,0.04534,0.081256,0.0,0.0,0.044842,0.044696,0.046245,0.044109,0.080808,0.087193,0.004935
2025-05-09,0.0,0.042511,0.014998,0.0,0.0,0.049169,0.0,0.0,0.0,0.0,0.0,0.075592,0.071302,0.021798,0.041038,0.0,0.0,0.0,0.0,0.0,0.011649,0.0,0.058045,0.023748,0.0,0.0,0.0,0.064489,0.0,0.0,0.0,0.044557,0.04577,0.081422,0.0,0.0,0.044784,0.044646,0.046181,0.044003,0.08077,0.088601,0.004928
2025-05-12,0.0,0.042324,0.015063,0.0,0.0,0.050507,0.0,0.0,0.0,0.0,0.0,0.076658,0.07227,0.022597,0.041832,0.0,0.0,0.0,0.0,0.0,0.011859,0.0,0.05775,0.023452,0.0,0.0,0.0,0.066114,0.0,0.0,0.0,0.043018,0.045211,0.080799,0.0,0.0,0.044208,0.044008,0.046334,0.043707,0.080706,0.086688,0.004895
2025-05-13,0.0,0.042253,0.014864,0.0,0.0,0.049891,0.0,0.0,0.0,0.0,0.0,0.076966,0.072155,0.022595,0.042179,0.0,0.0,0.0,0.0,0.0,0.011436,0.0,0.056648,0.023286,0.0,0.0,0.0,0.066366,0.0,0.0,0.0,0.042955,0.045408,0.0815,0.0,0.0,0.043923,0.043862,0.046151,0.043494,0.080317,0.088885,0.004866
2025-05-14,0.0,0.042383,0.014779,0.0,0.0,0.050985,0.0,0.0,0.0,0.0,0.0,0.077783,0.072345,0.022601,0.042149,0.0,0.0,0.0,0.0,0.0,0.011228,0.0,0.056647,0.023308,0.0,0.0,0.0,0.066299,0.0,0.0,0.0,0.042277,0.044616,0.08149,0.0,0.0,0.043994,0.044054,0.04623,0.043507,0.080482,0.08795,0.004893
2025-05-15,0.0,0.042553,0.014867,0.0,0.0,0.049746,0.0,0.0,0.0,0.0,0.0,0.077632,0.072399,0.022509,0.042078,0.0,0.0,0.0,0.0,0.0,0.011308,0.0,0.057468,0.023665,0.0,0.0,0.0,0.066584,0.0,0.0,0.0,0.042699,0.044899,0.081516,0.0,0.0,0.044021,0.04392,0.046045,0.043561,0.080274,0.087392,0.004866
2025-05-16,0.0,0.042546,0.014868,0.0,0.0,0.049482,0.0,0.0,0.0,0.0,0.0,0.077962,0.07265,0.022484,0.041907,0.0,0.0,0.0,0.0,0.0,0.011506,0.0,0.057978,0.023951,0.0,0.0,0.0,0.066787,0.0,0.0,0.0,0.042075,0.044315,0.081129,0.0,0.0,0.043923,0.043884,0.045979,0.04353,0.08022,0.087969,0.004853
2025-05-19,0.0,0.042944,0.014832,0.0,0.0,0.049564,0.0,0.0,0.0,0.0,0.0,0.077767,0.072439,0.022337,0.041218,0.0,0.0,0.0,0.0,0.0,0.011577,0.0,0.057945,0.02397,0.0,0.0,0.0,0.066769,0.0,0.0,0.0,0.042469,0.044342,0.081556,0.0,0.0,0.043746,0.043735,0.045796,0.043383,0.079994,0.08878,0.004838
2025-05-20,0.0,0.043086,0.01487,0.0,0.0,0.049856,0.0,0.0,0.0,0.0,0.0,0.077326,0.071814,0.02218,0.040706,0.0,0.0,0.0,0.0,0.0,0.011568,0.0,0.057962,0.023962,0.0,0.0,0.0,0.066703,0.0,0.0,0.0,0.04312,0.045265,0.0815,0.0,0.0,0.04355,0.04353,0.045626,0.043138,0.079612,0.089807,0.004822
2025-05-21,0.0,0.043137,0.014826,0.0,0.0,0.049985,0.0,0.0,0.0,0.0,0.0,0.07724,0.070797,0.021536,0.040212,0.0,0.0,0.0,0.0,0.0,0.011372,0.0,0.057656,0.023676,0.0,0.0,0.0,0.066056,0.0,0.0,0.0,0.043717,0.046131,0.082112,0.0,0.0,0.043525,0.043572,0.045612,0.042932,0.079388,0.091664,0.004854
2025-05-22,0.0,0.043057,0.01483,0.0,0.0,0.04974,0.0,0.0,0.0,0.0,0.0,0.077031,0.070675,0.021541,0.040034,0.0,0.0,0.0,0.0,0.0,0.011277,0.0,0.057386,0.023325,0.0,0.0,0.0,0.066824,0.0,0.0,0.0,0.043307,0.045381,0.081238,0.0,0.0,0.043666,0.043678,0.04568,0.043128,0.079612,0.093736,0.004851
2025-05-23,0.0,0.043055,0.014988,0.0,0.0,0.049843,0.0,0.0,0.0,0.0,0.0,0.076796,0.070529,0.021484,0.040223,0.0,0.0,0.0,0.0,0.0,0.011276,0.0,0.057685,0.023641,0.0,0.0,0.0,0.066486,0.0,0.0,0.0,0.044323,0.046086,0.08059,0.0,0.0,0.043859,0.043785,0.045738,0.043226,0.079813,0.091715,0.004859
2025-05-26,0.0,0.043055,0.014988,0.0,0.0,0.049843,0.0,0.0,0.0,0.0,0.0,0.076796,0.070529,0.021484,0.040223,0.0,0.0,0.0,0.0,0.0,0.011276,0.0,0.057685,0.023641,0.0,0.0,0.0,0.066486,0.0,0.0,0.0,0.044323,0.046086,0.08059,0.0,0.0,0.043859,0.043785,0.045738,0.043226,0.079813,0.091715,0.004858
2025-05-27,0.0,0.043273,0.015278,0.0,0.0,0.048836,0.0,0.0,0.0,0.0,0.0,0.077514,0.071281,0.021836,0.040295,0.0,0.0,0.0,0.0,0.0,0.011356,0.0,0.057812,0.023657,0.0,0.0,0.0,0.067326,0.0,0.0,0.0,0.043276,0.045441,0.079658,0.0,0.0,0.043741,0.043611,0.045703,0.04332,0.079755,0.092205,0.004825
2025-05-28,0.0,0.043234,0.015139,0.0,0.0,0.048624,0.0,0.0,0.0,0.0,0.0,0.07819,0.071437,0.021704,0.040138,0.0,0.0,0.0,0.0,0.0,0.011398,0.0,0.057931,0.023535,0.0,0.0,0.0,0.066961,0.0,0.0,0.0,0.043563,0.045468,0.079506,0.0,0.0,0.04401,0.043899,0.046082,0.0436,0.080297,0.090418,0.004869
2025-05-29,0.0,0.043405,0.015207,0.0,0.0,0.04905,0.0,0.0,0.0,0.0,0.0,0.077471,0.071721,0.021862,0.040391,0.0,0.0,0.0,0.0,0.0,0.011461,0.0,0.058098,0.023671,0.0,0.0,0.0,0.066527,0.0,0.0,0.0,0.04377,0.0459,0.078968,0.0,0.0,0.044142,0.043973,0.046098,0.043746,0.08048,0.089191,0.004866
2025-05-30,0.044682,0.063945,0.064042,0.0,0.049679,0.043275,0.039389,0.028727,0.0,0.0,0.0,0.064016,0.063875,0.0,0.0,0.0,0.0,0.0,0.0,0.0,0.0,0.0,0.063951,0.0,0.0,0.0,0.029126,0.042495,0.0,0.0,0.0,0.063566,0.0,0.064039,0.0,0.0,0.035729,0.035892,0.035756,0.035904,0.063828,0.064039,0.004047
2025-06-02,0.044602,0.064306,0.064573,0.0,0.049628,0.043458,0.039315,0.028731,0.0,0.0,0.0,0.064069,0.063639,0.0,0.0,0.0,0.0,0.0,0.0,0.0,0.0,0.0,0.063728,0.0,0.0,0.0,0.029089,0.042752,0.0,0.0,0.0,0.06499,0.0,0.063611,0.0,0.0,0.035462,0.035625,0.035604,0.035656,0.063543,0.063587,0.004032
2025-06-03,0.044902,0.063669,0.0637,0.0,0.049862,0.043804,0.039706,0.028386,0.0,0.0,0.0,0.063797,0.063674,0.0,0.0,0.0,0.0,0.0,0.0,0.0,0.0,0.0,0.063577,0.0,0.0,0.0,0.029341,0.043133,0.0,0.0,0.0,0.064324,0.0,0.063688,0.0,0.0,0.035378,0.035542,0.035621,0.035623,0.063658,0.064588,0.004026
2025-06-04,0.044995,0.063949,0.063516,0.0,0.050356,0.044544,0.039416,0.028302,0.0,0.0,0.0,0.064062,0.063172,0.0,0.0,0.0,0.0,0.0,0.0,0.0,0.0,0.0,0.062992,0.0,0.0,0.0,0.029223,0.042826,0.0,0.0,0.0,0.064594,0.0,0.064022,0.0,0.0,0.035559,0.035601,0.035609,0.035802,0.063755,0.063689,0.004017
2025-06-05,0.045192,0.064132,0.063039,0.0,0.050962,0.044788,0.039718,0.02849,0.0,0.0,0.0,0.064267,0.063113,0.0,0.0,0.0,0.0,0.0,0.0,0.0,0.0,0.0,0.0625,0.0,0.0,0.0,0.029237,0.04311,0.0,0.0,0.0,0.064385,0.0,0.064997,0.0,0.0,0.035518,0.035561,0.035598,0.035758,0.063716,0.061896,0.004025
2025-06-06,0.04501,0.06408,0.063186,0.0,0.050638,0.044574,0.039751,0.028773,0.0,0.0,0.0,0.064861,0.063674,0.0,0.0,0.0,0.0,0.0,0.0,0.0,0.0,0.0,0.06248,0.0,0.0,0.0,0.029502,0.04307,0.0,0.0,0.0,0.063299,0.0,0.065292,0.0,0.0,0.035112,0.035247,0.035469,0.035417,0.063395,0.063159,0.004011
2025-06-09,0.044938,0.063866,0.063069,0.0,0.051007,0.044911,0.039476,0.028849,0.0,0.0,0.0,0.064457,0.063115,0.0,0.0,0.0,0.0,0.0,0.0,0.0,0.0,0.0,0.062187,0.0,0.0,0.0,0.029445,0.042517,0.0,0.0,0.0,0.063385,0.0,0.064861,0.0,0.0,0.035059,0.035178,0.035368,0.035405,0.063344,0.065565,0.003998
2025-06-10,0.044875,0.063875,0.062921,0.0,0.051038,0.044973,0.039553,0.028811,0.0,0.0,0.0,0.065165,0.063084,0.0,0.0,0.0,0.0,0.0,0.0,0.0,0.0,0.0,0.062221,0.0,0.0,0.0,0.029327,0.042336,0.0,0.0,0.0,0.063298,0.0,0.063997,0.0,0.0,0.03506,0.035136,0.035394,0.035431,0.063517,0.065997,0.003991
2025-06-11,0.045068,0.06371,0.062652,0.0,0.051577,0.045046,0.040208,0.028806,0.0,0.0,0.0,0.064923,0.062919,0.0,0.0,0.0,0.0,0.0,0.0,0.0,0.0,0.0,0.061919,0.0,0.0,0.0,0.02926,0.042386,0.0,0.0,0.0,0.06355,0.0,0.063858,0.0,0.0,0.035155,0.035144,0.035334,0.035492,0.063614,0.065392,0.003986
2025-06-12,0.044986,0.064245,0.063057,0.0,0.051348,0.044951,0.040074,0.028506,0.0,0.0,0.0,0.064339,0.062865,0.0,0.0,0.0,0.0,0.0,0.0,0.0,0.0,0.0,0.06223,0.0,0.0,0.0,0.02958,0.042541,0.0,0.0,0.0,0.064283,0.0,0.063708,0.0,0.0,0.035278,0.035214,0.035344,0.035659,0.063671,0.064137,0.003983
2025-06-13,0.045157,0.063786,0.063049,0.0,0.051115,0.044489,0.040386,0.02834,0.0,0.0,0.0,0.064206,0.062085,0.0,0.0,0.0,0.0,0.0,0.0,0.0,0.0,0.0,0.061972,0.0,0.0,0.0,0.029607,0.042471,0.0,0.0,0.0,0.065657,0.0,0.064109,0.0,0.0,0.035434,0.035449,0.035524,0.035734,0.063783,0.063633,0.004015
2025-06-16,0.045035,0.063535,0.062695,0.0,0.051389,0.044785,0.041076,0.028397,0.0,0.0,0.0,0.064816,0.062321,0.0,0.0,0.0,0.0,0.0,0.0,0.0,0.0,0.0,0.061703,0.0,0.0,0.0,0.029696,0.042623,0.0,0.0,0.0,0.064233,0.0,0.064122,0.0,0.0,0.035067,0.035133,0.035328,0.035403,0.063373,0.065283,0.003986
2025-06-17,0.045069,0.063112,0.062439,0.0,0.051242,0.044672,0.041108,0.028239,0.0,0.0,0.0,0.064753,0.062453,0.0,0.0,0.0,0.0,0.0,0.0,0.0,0.0,0.0,0.061662,0.0,0.0,0.0,0.029722,0.042984,0.0,0.0,0.0,0.064774,0.0,0.063963,0.0,0.0,0.035517,0.035597,0.035567,0.035806,0.063923,0.063381,0.004018
2025-06-18,0.045113,0.063171,0.063205,0.0,0.051131,0.044324,0.04113,0.028263,0.0,0.0,0.0,0.064887,0.062528,0.0,0.0,0.0,0.0,0.0,0.0,0.0,0.0,0.0,0.061684,0.0,0.0,0.0,0.029613,0.042864,0.0,0.0,0.0,0.064528,0.0,0.063803,0.0,0.0,0.035596,0.03568,0.035677,0.035889,0.063982,0.062907,0.004025
2025-06-19,0.044575,0.063263,0.063297,0.0,0.050354,0.044388,0.04119,0.028304,0.0,0.0,0.0,0.064982,0.062619,0.0,0.0,0.0,0.0,0.0,0.0,0.0,0.0,0.0,0.061774,0.0,0.0,0.0,0.029656,0.042927,0.0,0.0,0.0,0.064622,0.0,0.063896,0.0,0.0,0.035648,0.035732,0.035729,0.035941,0.064076,0.062999,0.004031
2025-06-20,0.045069,0.063065,0.06236,0.0,0.051051,0.044163,0.040707,0.028444,0.0,0.0,0.0,0.064774,0.062976,0.0,0.0,0.0,0.0,0.0,0.0,0.0,0.0,0.0,0.062408,0.0,0.0,0.0,0.029468,0.042603,0.0,0.0,0.0,0.064783,0.0,0.063196,0.0,0.0,0.035774,0.035898,0.035946,0.036076,0.064347,0.062848,0.004043
2025-06-23,0.044821,0.063242,0.062221,0.0,0.050799,0.044422,0.040454,0.028493,0.0,0.0,0.0,0.065211,0.063397,0.0,0.0,0.0,0.0,0.0,0.0,0.0,0.0,0.0,0.062762,0.0,0.0,0.0,0.029647,0.043146,0.0,0.0,0.0,0.064602,0.0,0.062994,0.0,0.0,0.035689,0.035718,0.035803,0.035955,0.064154,0.06245,0.004019
2025-06-24,0.045128,0.063521,0.062294,0.0,0.051832,0.045205,0.040565,0.028499,0.0,0.0,0.0,0.065476,0.063783,0.0,0.0,0.0,0.0,0.0,0.0,0.0,0.0,0.0,0.062161,0.0,0.0,0.0,0.029852,0.042973,0.0,0.0,0.0,0.063031,0.0,0.061996,0.0,0.0,0.035501,0.035452,0.035588,0.035809,0.063976,0.063373,0.003984
2025-06-25,0.045124,0.063195,0.062101,0.0,0.052013,0.045219,0.040012,0.028633,0.0,0.0,0.0,0.065531,0.063638,0.0,0.0,0.0,0.0,0.0,0.0,0.0,0.0,0.0,0.061391,0.0,0.0,0.0,0.029806,0.043344,0.0,0.0,0.0,0.063288,0.0,0.061564,0.0,0.0,0.035552,0.035507,0.035616,0.035803,0.064007,0.064668,0.003988
2025-06-26,0.045212,0.06334,0.063018,0.0,0.052057,0.044946,0.040571,0.028822,0.0,0.0,0.0,0.065878,0.06371,0.0,0.0,0.0,0.0,0.0,0.0,0.0,0.0,0.0,0.060956,0.0,0.0,0.0,0.029878,0.043439,0.0,0.0,0.0,0.062825,0.0,0.061322,0.0,0.0,0.035457,0.03539,0.035496,0.035711,0.063803,0.064206,0.003964
2025-06-27,0.045582,0.063853,0.06406,0.0,0.051927,0.044603,0.040538,0.028866,0.0,0.0,0.0,0.066575,0.06382,0.0,0.0,0.0,0.0,0.0,0.0,0.0,0.0,0.0,0.061174,0.0,0.0,0.0,0.029589,0.043169,0.0,0.0,0.0,0.061614,0.0,0.061696,0.0,0.0,0.035324,0.035304,0.035437,0.035611,0.063674,0.063626,0.00396
2025-06-30,0.05421,0.054715,0.054589,0.0,0.054751,0.054534,0.054654,0.0,0.0,0.0,0.0,0.054692,0.054617,0.0,0.0,0.0,0.054753,0.0,0.0,0.0,0.0,0.0,0.054401,0.054612,0.0,0.0,0.0,0.054418,0.0,0.0,0.0,0.053892,0.0,0.054764,0.0,0.0,0.030325,0.030606,0.030465,0.030546,0.054693,0.054739,0.005024
2025-07-01,0.054323,0.054853,0.054283,0.0,0.055016,0.054798,0.054636,0.0,0.0,0.0,0.0,0.054399,0.055016,0.0,0.0,0.0,0.055031,0.0,0.0,0.0,0.0,0.0,0.055176,0.054895,0.0,0.0,0.0,0.053677,0.0,0.0,0.0,0.054468,0.0,0.05381,0.0,0.0,0.030322,0.030643,0.03048,0.030636,0.054896,0.05361,0.005034
2025-07-02,0.054352,0.054849,0.054148,0.0,0.05497,0.054365,0.054697,0.0,0.0,0.0,0.0,0.054078,0.054807,0.0,0.0,0.0,0.054919,0.0,0.0,0.0,0.0,0.0,0.05517,0.054255,0.0,0.0,0.0,0.053586,0.0,0.0,0.0,0.054603,0.0,0.054107,0.0,0.0,0.030166,0.030536,0.030444,0.030538,0.054676,0.055715,0.005018
2025-07-03,0.054608,0.054621,0.054052,0.0,0.055264,0.053891,0.055252,0.0,0.0,0.0,0.0,0.054177,0.055199,0.0,0.0,0.0,0.055185,0.0,0.0,0.0,0.0,0.0,0.054942,0.054463,0.0,0.0,0.0,0.054401,0.0,0.0,0.0,0.054033,0.0,0.053952,0.0,0.0,0.029952,0.030372,0.030353,0.030354,0.054572,0.055355,0.005001
2025-07-04,0.054364,0.054667,0.054097,0.0,0.054762,0.053937,0.055298,0.0,0.0,0.0,0.0,0.054223,0.055246,0.0,0.0,0.0,0.055231,0.0,0.0,0.0,0.0,0.0,0.054988,0.054509,0.0,0.0,0.0,0.054447,0.0,0.0,0.0,0.054078,0.0,0.053997,0.0,0.0,0.029977,0.030398,0.030378,0.03038,0.054617,0.055401,0.005006
2025-07-07,0.054666,0.054623,0.05314,0.0,0.055114,0.054178,0.054299,0.0,0.0,0.0,0.0,0.05404,0.055061,0.0,0.0,0.0,0.055386,0.0,0.0,0.0,0.0,0.0,0.055288,0.054967,0.0,0.0,0.0,0.05461,0.0,0.0,0.0,0.05446,0.0,0.05396,0.0,0.0,0.030071,0.03055,0.030467,0.030389,0.054683,0.05501,0.005038
2025-07-08,0.054569,0.055193,0.053456,0.0,0.055161,0.05473,0.054555,0.0,0.0,0.0,0.0,0.053975,0.054617,0.0,0.0,0.0,0.055419,0.0,0.0,0.0,0.0,0.0,0.054823,0.05443,0.0,0.0,0.0,0.054656,0.0,0.0,0.0,0.053937,0.0,0.054069,0.0,0.0,0.030052,0.030551,0.030451,0.030328,0.054557,0.055427,0.005042
2025-07-09,0.054589,0.055529,0.053348,0.0,0.054828,0.053994,0.053321,0.0,0.0,0.0,0.0,0.053926,0.054623,0.0,0.0,0.0,0.05561,0.0,0.0,0.0,0.0,0.0,0.054275,0.054747,0.0,0.0,0.0,0.054925,0.0,0.0,0.0,0.053988,0.0,0.054277,0.0,0.0,0.030102,0.030558,0.030428,0.030395,0.05475,0.056763,0.005025
2025-07-10,0.054855,0.055553,0.053116,0.0,0.055046,0.05445,0.052518,0.0,0.0,0.0,0.0,0.053775,0.054977,0.0,0.0,0.0,0.055953,0.0,0.0,0.0,0.0,0.0,0.0545,0.055226,0.0,0.0,0.0,0.053077,0.0,0.0,0.0,0.054139,0.0,0.053973,0.0,0.0,0.030103,0.030567,0.030414,0.030418,0.054698,0.057614,0.005027
2025-07-11,0.054712,0.055025,0.05279,0.0,0.055044,0.054491,0.052254,0.0,0.0,0.0,0.0,0.053525,0.054503,0.0,0.0,0.0,0.055855,0.0,0.0,0.0,0.0,0.0,0.054398,0.055247,0.0,0.0,0.0,0.052359,0.0,0.0,0.0,0.054759,0.0,0.054072,0.0,0.0,0.030018,0.030573,0.030432,0.030289,0.054514,0.0601,0.005038
2025-07-14,0.054583,0.054822,0.052658,0.0,0.054948,0.05491,0.051671,0.0,0.0,0.0,0.0,0.053878,0.054736,0.0,0.0,0.0,0.055977,0.0,0.0,0.0,0.0,0.0,0.054272,0.055291,0.0,0.0,0.0,0.052645,0.0,0.0,0.0,0.054385,0.0,0.054129,0.0,0.0,0.02991,0.030495,0.030358,0.030184,0.054346,0.060779,0.005024
2025-07-15,0.054785,0.054494,0.052429,0.0,0.055562,0.056344,0.052268,0.0,0.0,0.0,0.0,0.053646,0.054103,0.0,0.0,0.0,0.055873,0.0,0.0,0.0,0.0,0.0,0.054032,0.055073,0.0,0.0,0.0,0.052878,0.0,0.0,0.0,0.054465,0.0,0.053889,0.0,0.0,0.029961,0.030586,0.030438,0.030245,0.054504,0.059373,0.005052
2025-07-16,0.054215,0.054515,0.052459,0.0,0.055497,0.055949,0.052247,0.0,0.0,0.0,0.0,0.053592,0.054261,0.0,0.0,0.0,0.055845,0.0,0.0,0.0,0.0,0.0,0.054004,0.054879,0.0,0.0,0.0,0.052824,0.0,0.0,0.0,0.054517,0.0,0.054217,0.0,0.0,0.029923,0.030567,0.030396,0.030171,0.054327,0.060561,0.005032
2025-07-17,0.054563,0.054337,0.052509,0.0,0.055748,0.056121,0.052256,0.0,0.0,0.0,0.0,0.053555,0.054555,0.0,0.0,0.0,0.056127,0.0,0.0,0.0,0.0,0.0,0.054287,0.054877,0.0,0.0,0.0,0.053113,0.0,0.0,0.0,0.054172,0.0,0.053783,0.0,0.0,0.029789,0.030467,0.030299,0.030118,0.05416,0.060151,0.005011
2025-07-18,0.054707,0.054308,0.052121,0.0,0.055928,0.056678,0.050703,0.0,0.0,0.0,0.0,0.053342,0.05462,0.0,0.0,0.0,0.056036,0.0,0.0,0.0,0.0,0.0,0.054174,0.055831,0.0,0.0,0.0,0.053261,0.0,0.0,0.0,0.054347,0.0,0.054338,0.0,0.0,0.02989,0.030519,0.03036,0.030192,0.054312,0.059319,0.005015
2025-07-21,0.054808,0.054352,0.052499,0.0,0.056001,0.056815,0.050941,0.0,0.0,0.0,0.0,0.053848,0.054255,0.0,0.0,0.0,0.055526,0.0,0.0,0.0,0.0,0.0,0.053959,0.055796,0.0,0.0,0.0,0.0534,0.0,0.0,0.0,0.054971,0.0,0.053859,0.0,0.0,0.029879,0.03048,0.030285,0.030193,0.054309,0.058829,0.004996
2025-07-22,0.054337,0.054435,0.052536,0.0,0.055494,0.057408,0.050568,0.0,0.0,0.0,0.0,0.053737,0.054317,0.0,0.0,0.0,0.055415,0.0,0.0,0.0,0.0,0.0,0.054215,0.056233,0.0,0.0,0.0,0.052747,0.0,0.0,0.0,0.05525,0.0,0.053769,0.0,0.0,0.029834,0.030374,0.030205,0.030133,0.054166,0.059852,0.004974
2025-07-23,0.054365,0.05517,0.054698,0.0,0.055654,0.057591,0.051126,0.0,0.0,0.0,0.0,0.053673,0.054386,0.0,0.0,0.0,0.056035,0.0,0.0,0.0,0.0,0.0,0.053875,0.05544,0.0,0.0,0.0,0.052623,0.0,0.0,0.0,0.054202,0.0,0.053885,0.0,0.0,0.02953,0.030055,0.03002,0.029887,0.05383,0.059014,0.004942
2025-07-24,0.054815,0.05465,0.054824,0.0,0.055674,0.05761,0.050551,0.0,0.0,0.0,0.0,0.053844,0.054439,0.0,0.0,0.0,0.056026,0.0,0.0,0.0,0.0,0.0,0.053765,0.055452,0.0,0.0,0.0,0.052675,0.0,0.0,0.0,0.053953,0.0,0.053967,0.0,0.0,0.029531,0.030123,0.030028,0.029888,0.0539,0.059337,0.004948
2025-07-25,0.054853,0.054882,0.054314,0.0,0.055408,0.057487,0.050303,0.0,0.0,0.0,0.0,0.053455,0.054933,0.0,0.0,0.0,0.056699,0.0,0.0,0.0,0.0,0.0,0.053971,0.055713,0.0,0.0,0.0,0.052984,0.0,0.0,0.0,0.053566,0.0,0.053832,0.0,0.0,0.029662,0.030213,0.030109,0.030047,0.054188,0.058421,0.00496
2025-07-28,0.055064,0.054174,0.053579,0.0,0.05554,0.05756,0.049775,0.0,0.0,0.0,0.0,0.053442,0.054835,0.0,0.0,0.0,0.056817,0.0,0.0,0.0,0.0,0.0,0.053691,0.055406,0.0,0.0,0.0,0.053009,0.0,0.0,0.0,0.053495,0.0,0.054423,0.0,0.0,0.029749,0.030331,0.030251,0.030142,0.054434,0.059299,0.004985
2025-07-29,0.05491,0.05412,0.053321,0.0,0.05548,0.057447,0.050247,0.0,0.0,0.0,0.0,0.053006,0.05458,0.0,0.0,0.0,0.056194,0.0,0.0,0.0,0.0,0.0,0.054067,0.056066,0.0,0.0,0.0,0.053146,0.0,0.0,0.0,0.053665,0.0,0.05399,0.0,0.0,0.029957,0.030507,0.030282,0.030355,0.054663,0.05901,0.004988
2025-07-30,0.055087,0.053741,0.053601,0.0,0.055479,0.057011,0.050669,0.0,0.0,0.0,0.0,0.053378,0.054689,0.0,0.0,0.0,0.056136,0.0,0.0,0.0,0.0,0.0,0.053797,0.056704,0.0,0.0,0.0,0.052808,0.0,0.0,0.0,0.052944,0.0,0.054096,0.0,0.0,0.02997,0.030507,0.030336,0.030359,0.054782,0.058899,0.005007
2025-07-31,0.071253,0.071588,0.0,0.0,0.071523,0.034273,0.071716,0.0,0.011931,0.034261,0.0,0.071635,0.04703,0.03334,0.0,0.0,0.071578,0.0,0.071659,0.0,0.0,0.0,0.071453,0.0,0.030076,0.0,0.01552,0.030174,0.0,0.0,0.0,0.07126,0.0,0.0,0.061163,0.0,0.0,0.0,0.0,0.0,0.0,0.050808,0.00776
2025-08-01,0.070502,0.071942,0.0,0.0,0.071335,0.034073,0.072718,0.0,0.012058,0.033582,0.0,0.071494,0.046628,0.033104,0.0,0.0,0.071225,0.0,0.071554,0.0,0.0,0.0,0.072523,0.0,0.029726,0.0,0.015252,0.029994,0.0,0.0,0.0,0.073446,0.0,0.0,0.061353,0.0,0.0,0.0,0.0,0.0,0.0,0.049651,0.007841
2025-08-04,0.070538,0.071864,0.0,0.0,0.071253,0.034212,0.072563,0.0,0.011999,0.033951,0.0,0.071957,0.046501,0.033116,0.0,0.0,0.070983,0.0,0.071596,0.0,0.0,0.0,0.071965,0.0,0.02995,0.0,0.015387,0.03017,0.0,0.0,0.0,0.07295,0.0,0.0,0.061578,0.0,0.0,0.0,0.0,0.0,0.0,0.049724,0.007744
2025-08-05,0.070429,0.071918,0.0,0.0,0.071544,0.034434,0.072784,0.0,0.012012,0.034204,0.0,0.071377,0.0463,0.033278,0.0,0.0,0.070816,0.0,0.07208,0.0,0.0,0.0,0.071872,0.0,0.029694,0.0,0.015323,0.029784,0.0,0.0,0.0,0.072987,0.0,0.0,0.062169,0.0,0.0,0.0,0.0,0.0,0.0,0.049255,0.007741
2025-08-06,0.070593,0.071877,0.0,0.0,0.071259,0.034548,0.073552,0.0,0.011993,0.034158,0.0,0.071272,0.046278,0.032949,0.0,0.0,0.070499,0.0,0.070922,0.0,0.0,0.0,0.072515,0.0,0.02987,0.0,0.015416,0.030076,0.0,0.0,0.0,0.072448,0.0,0.0,0.062391,0.0,0.0,0.0,0.0,0.0,0.0,0.049685,0.0077
2025-08-07,0.070371,0.072277,0.0,0.0,0.071645,0.034283,0.074787,0.0,0.01218,0.03411,0.0,0.070615,0.045534,0.032487,0.0,0.0,0.070047,0.0,0.070876,0.0,0.0,0.0,0.072703,0.0,0.029749,0.0,0.015036,0.029169,0.0,0.0,0.0,0.072696,0.0,0.0,0.063316,0.0,0.0,0.0,0.0,0.0,0.0,0.050456,0.007663
2025-08-08,0.070568,0.07231,0.0,0.0,0.07137,0.034182,0.073942,0.0,0.012132,0.034043,0.0,0.070657,0.045833,0.032724,0.0,0.0,0.069909,0.0,0.071034,0.0,0.0,0.0,0.072713,0.0,0.029963,0.0,0.014999,0.029059,0.0,0.0,0.0,0.072479,0.0,0.0,0.064665,0.0,0.0,0.0,0.0,0.0,0.0,0.049774,0.007643
2025-08-11,0.07081,0.072141,0.0,0.0,0.071542,0.034061,0.073699,0.0,0.012165,0.033922,0.0,0.071219,0.045945,0.032776,0.0,0.0,0.069879,0.0,0.071074,0.0,0.0,0.0,0.072858,0.0,0.029844,0.0,0.014868,0.029031,0.0,0.0,0.0,0.07164,0.0,0.0,0.063811,0.0,0.0,0.0,0.0,0.0,0.0,0.051051,0.007663
2025-08-12,0.070381,0.071962,0.0,0.0,0.071295,0.034162,0.074746,0.0,0.012173,0.033985,0.0,0.071668,0.045918,0.033462,0.0,0.0,0.069716,0.0,0.071095,0.0,0.0,0.0,0.072133,0.0,0.029925,0.0,0.014842,0.029252,0.0,0.0,0.0,0.070674,0.0,0.0,0.064378,0.0,0.0,0.0,0.0,0.0,0.0,0.050665,0.007567
2025-08-13,0.070142,0.071875,0.0,0.0,0.071659,0.034929,0.073566,0.0,0.012058,0.03398,0.0,0.071617,0.045791,0.033735,0.0,0.0,0.069391,0.0,0.071821,0.0,0.0,0.0,0.071524,0.0,0.029683,0.0,0.014714,0.029222,0.0,0.0,0.0,0.070291,0.0,0.0,0.064892,0.0,0.0,0.0,0.0,0.0,0.0,0.051605,0.007503
2025-08-14,0.070655,0.07267,0.0,0.0,0.071247,0.034514,0.073474,0.0,0.012093,0.033804,0.0,0.072329,0.046428,0.034037,0.0,0.0,0.069404,0.0,0.07172,0.0,0.0,0.0,0.07153,0.0,0.029889,0.0,0.014686,0.029039,0.0,0.0,0.0,0.070483,0.0,0.0,0.064431,0.0,0.0,0.0,0.0,0.0,0.0,0.049994,0.007574
2025-08-15,0.070802,0.072801,0.0,0.0,0.071429,0.034705,0.074227,0.0,0.012036,0.033651,0.0,0.072449,0.045906,0.033424,0.0,0.0,0.069028,0.0,0.071658,0.0,0.0,0.0,0.071582,0.0,0.029637,0.0,0.014778,0.029115,0.0,0.0,0.0,0.070464,0.0,0.0,0.065276,0.0,0.0,0.0,0.0,0.0,0.0,0.049461,0.007569
2025-08-18,0.070751,0.072741,0.0,0.0,0.071795,0.034952,0.074543,0.0,0.012173,0.033416,0.0,0.072085,0.045991,0.033593,0.0,0.0,0.069373,0.0,0.071321,0.0,0.0,0.0,0.071563,0.0,0.029733,0.0,0.014834,0.029216,0.0,0.0,0.0,0.070429,0.0,0.0,0.06468,0.0,0.0,0.0,0.0,0.0,0.0,0.049233,0.007577
2025-08-19,0.071212,0.07336,0.0,0.0,0.071914,0.03491,0.07255,0.0,0.01206,0.033,0.0,0.072136,0.046371,0.033841,0.0,0.0,0.069966,0.0,0.072206,0.0,0.0,0.0,0.072755,0.0,0.029399,0.0,0.014542,0.029238,0.0,0.0,0.0,0.070488,0.0,0.0,0.064268,0.0,0.0,0.0,0.0,0.0,0.0,0.048157,0.007626
2025-08-20,0.070594,0.073602,0.0,0.0,0.071408,0.035029,0.073269,0.0,0.011772,0.032893,0.0,0.071766,0.046509,0.03381,0.0,0.0,0.069752,0.0,0.072108,0.0,0.0,0.0,0.073012,0.0,0.029138,0.0,0.014477,0.029236,0.0,0.0,0.0,0.071049,0.0,0.0,0.064395,0.0,0.0,0.0,0.0,0.0,0.0,0.048571,0.007609
2025-08-21,0.070781,0.073338,0.0,0.0,0.071677,0.035162,0.07337,0.0,0.011758,0.03291,0.0,0.071866,0.046474,0.033765,0.0,0.0,0.069675,0.0,0.072503,0.0,0.0,0.0,0.072533,0.0,0.029104,0.0,0.014462,0.029183,0.0,0.0,0.0,0.070978,0.0,0.0,0.065057,0.0,0.0,0.0,0.0,0.0,0.0,0.047773,0.007629
2025-08-22,0.070387,0.073063,0.0,0.0,0.071442,0.035378,0.074408,0.0,0.011743,0.033304,0.0,0.071477,0.046319,0.034648,0.0,0.0,0.069429,0.0,0.072495,0.0,0.0,0.0,0.071117,0.0,0.028923,0.0,0.014381,0.029008,0.0,0.0,0.0,0.070337,0.0,0.0,0.065948,0.0,0.0,0.0,0.0,0.0,0.0,0.04871,0.007483
2025-08-25,0.070869,0.072472,0.0,0.0,0.071932,0.035603,0.075259,0.0,0.011745,0.033177,0.0,0.072083,0.046367,0.034678,0.0,0.0,0.069207,0.0,0.072588,0.0,0.0,0.0,0.07038,0.0,0.029055,0.0,0.014375,0.029034,0.0,0.0,0.0,0.070648,0.0,0.0,0.066413,0.0,0.0,0.0,0.0,0.0,0.0,0.04658,0.007535
2025-08-26,0.070179,0.072296,0.0,0.0,0.071451,0.035617,0.07485,0.0,0.011781,0.032992,0.0,0.071701,0.046681,0.03498,0.0,0.0,0.069855,0.0,0.07272,0.0,0.0,0.0,0.069856,0.0,0.029162,0.0,0.014346,0.02904,0.0,0.0,0.0,0.071097,0.0,0.0,0.067192,0.0,0.0,0.0,0.0,0.0,0.0,0.046677,0.007527
2025-08-27,0.070386,0.072013,0.0,0.0,0.070705,0.034652,0.075836,0.0,0.011821,0.032991,0.0,0.071742,0.046724,0.035158,0.0,0.0,0.069767,0.0,0.072819,0.0,0.0,0.0,0.069985,0.0,0.029286,0.0,0.014448,0.02936,0.0,0.0,0.0,0.071159,0.0,0.0,0.066635,0.0,0.0,0.0,0.0,0.0,0.0,0.046995,0.007519
2025-08-28,0.070267,0.071865,0.0,0.0,0.070661,0.034745,0.076722,0.0,0.011794,0.033374,0.0,0.071692,0.046576,0.03487,0.0,0.0,0.069579,0.0,0.072495,0.0,0.0,0.0,0.069233,0.0,0.029386,0.0,0.014603,0.029553,0.0,0.0,0.0,0.071368,0.0,0.0,0.066968,0.0,0.0,0.0,0.0,0.0,0.0,0.046762,0.007486
2025-08-29,0.080806,0.080855,0.049831,0.0,0.081112,0.030312,0.0,0.0,0.030175,0.030255,0.0,0.069422,0.025599,0.0,0.0,0.0,0.080724,0.0,0.0,0.0,0.0,0.0,0.0,0.08114,0.055967,0.034031,0.0,0.0,0.0,0.0,0.0,0.044308,0.045559,0.0,0.0,0.0,0.0,0.0,0.061414,0.0,0.080741,0.031949,0.0058
2025-09-01,0.081004,0.080822,0.049811,0.0,0.081252,0.0303,0.0,0.0,0.030162,0.030243,0.0,0.069394,0.025588,0.0,0.0,0.0,0.080691,0.0,0.0,0.0,0.0,0.0,0.0,0.081108,0.055944,0.034017,0.0,0.0,0.0,0.0,0.0,0.04429,0.04554,0.0,0.0,0.0,0.0,0.0,0.061389,0.0,0.080708,0.031936,0.005799
2025-09-02,0.080023,0.079926,0.04987,0.0,0.081049,0.03055,0.0,0.0,0.029852,0.030195,0.0,0.069473,0.025471,0.0,0.0,0.0,0.080149,0.0,0.0,0.0,0.0,0.0,0.0,0.081068,0.055537,0.033768,0.0,0.0,0.0,0.0,0.0,0.045466,0.046881,0.0,0.0,0.0,0.0,0.0,0.061497,0.0,0.080629,0.032783,0.005815
2025-09-03,0.080382,0.079916,0.049518,0.0,0.081258,0.030267,0.0,0.0,0.030074,0.03048,0.0,0.070335,0.02532,0.0,0.0,0.0,0.079406,0.0,0.0,0.0,0.0,0.0,0.0,0.080522,0.055631,0.033465,0.0,0.0,0.0,0.0,0.0,0.045627,0.046921,0.0,0.0,0.0,0.0,0.0,0.061403,0.0,0.08063,0.033054,0.005791
2025-09-04,0.080613,0.080213,0.049917,0.0,0.080666,0.029693,0.0,0.0,0.030299,0.03048,0.0,0.070814,0.025529,0.0,0.0,0.0,0.080126,0.0,0.0,0.0,0.0,0.0,0.0,0.08025,0.055783,0.033736,0.0,0.0,0.0,0.0,0.0,0.045326,0.046304,0.0,0.0,0.0,0.0,0.0,0.061436,0.0,0.080771,0.032266,0.005779
2025-09-05,0.080393,0.080205,0.049954,0.0,0.081299,0.030062,0.0,0.0,0.030612,0.030562,0.0,0.070842,0.024938,0.0,0.0,0.0,0.079436,0.0,0.0,0.0,0.0,0.0,0.0,0.079606,0.055554,0.033965,0.0,0.0,0.0,0.0,0.0,0.045705,0.046425,0.0,0.0,0.0,0.0,0.0,0.061164,0.0,0.080911,0.032615,0.005751
2025-09-08,0.080473,0.080367,0.050818,0.0,0.081554,0.030372,0.0,0.0,0.030847,0.030639,0.0,0.070562,0.02483,0.0,0.0,0.0,0.079211,0.0,0.0,0.0,0.0,0.0,0.0,0.078396,0.055687,0.034039,0.0,0.0,0.0,0.0,0.0,0.045991,0.046562,0.0,0.0,0.0,0.0,0.0,0.060853,0.0,0.080492,0.032585,0.00572
2025-09-09,0.080285,0.08018,0.050225,0.0,0.082191,0.030682,0.0,0.0,0.031153,0.030923,0.0,0.070922,0.024924,0.0,0.0,0.0,0.078633,0.0,0.0,0.0,0.0,0.0,0.0,0.078893,0.055763,0.034049,0.0,0.0,0.0,0.0,0.0,0.045861,0.046127,0.0,0.0,0.0,0.0,0.0,0.060752,0.0,0.080371,0.032348,0.005719
2025-09-10,0.080152,0.079429,0.050075,0.0,0.082504,0.030267,0.0,0.0,0.031415,0.031424,0.0,0.069926,0.024673,0.0,0.0,0.0,0.078681,0.0,0.0,0.0,0.0,0.0,0.0,0.079709,0.056392,0.034416,0.0,0.0,0.0,0.0,0.0,0.045716,0.0461,0.0,0.0,0.0,0.0,0.0,0.060388,0.0,0.080269,0.032783,0.005681
2025-09-11,0.080104,0.079615,0.050249,0.0,0.082571,0.030816,0.0,0.0,0.031242,0.031653,0.0,0.070407,0.024867,0.0,0.0,0.0,0.078766,0.0,0.0,0.0,0.0,0.0,0.0,0.079463,0.056109,0.034363,0.0,0.0,0.0,0.0,0.0,0.045266,0.046179,0.0,0.0,0.0,0.0,0.0,0.060031,0.0,0.07989,0.032775,0.005634
2025-09-12,0.079931,0.079268,0.049855,0.0,0.082517,0.030661,0.0,0.0,0.031257,0.031948,0.0,0.070925,0.024737,0.0,0.0,0.0,0.078061,0.0,0.0,0.0,0.0,0.0,0.0,0.079787,0.056018,0.03439,0.0,0.0,0.0,0.0,0.0,0.045311,0.046805,0.0,0.0,0.0,0.0,0.0,0.059914,0.0,0.079579,0.033406,0.005629
2025-09-15,0.079883,0.079403,0.049933,0.0,0.082607,0.030716,0.0,0.0,0.031173,0.03198,0.0,0.071513,0.024542,0.0,0.0,0.0,0.077975,0.0,0.0,0.0,0.0,0.0,0.0,0.079519,0.0562,0.034483,0.0,0.0,0.0,0.0,0.0,0.045522,0.047049,0.0,0.0,0.0,0.0,0.0,0.059742,0.0,0.079409,0.032755,0.005597
2025-09-16,0.079783,0.079226,0.049978,0.0,0.08305,0.030948,0.0,0.0,0.03135,0.032615,0.0,0.071288,0.024509,0.0,0.0,0.0,0.077815,0.0,0.0,0.0,0.0,0.0,0.0,0.078142,0.056055,0.034691,0.0,0.0,0.0,0.0,0.0,0.045655,0.046897,0.0,0.0,0.0,0.0,0.0,0.059752,0.0,0.07943,0.033213,0.005602
2025-09-17,0.079886,0.07902,0.049932,0.0,0.083961,0.031437,0.0,0.0,0.031336,0.032309,0.0,0.071567,0.024779,0.0,0.0,0.0,0.077561,0.0,0.0,0.0,0.0,0.0,0.0,0.078438,0.055934,0.034729,0.0,0.0,0.0,0.0,0.0,0.045361,0.045972,0.0,0.0,0.0,0.0,0.0,0.05977,0.0,0.079491,0.032909,0.005609
2025-09-18,0.079997,0.078994,0.049912,0.0,0.08328,0.030802,0.0,0.0,0.031476,0.03254,0.0,0.071311,0.024694,0.0,0.0,0.0,0.078048,0.0,0.0,0.0,0.0,0.0,0.0,0.078153,0.056654,0.035788,0.0,0.0,0.0,0.0,0.0,0.044983,0.046015,0.0,0.0,0.0,0.0,0.0,0.059643,0.0,0.078815,0.033309,0.005585
2025-09-19,0.07972,0.07859,0.04946,0.0,0.082959,0.03064,0.0,0.0,0.03127,0.032243,0.0,0.071572,0.024738,0.0,0.0,0.0,0.078201,0.0,0.0,0.0,0.0,0.0,0.0,0.078618,0.057203,0.035543,0.0,0.0,0.0,0.0,0.0,0.04544,0.047265,0.0,0.0,0.0,0.0,0.0,0.059638,0.0,0.078696,0.03262,0.005584
2025-09-22,0.079696,0.078475,0.049463,0.0,0.082725,0.030464,0.0,0.0,0.031408,0.032667,0.0,0.070922,0.024566,0.0,0.0,0.0,0.078023,0.0,0.0,0.0,0.0,0.0,0.0,0.078934,0.057718,0.035872,0.0,0.0,0.0,0.0,0.0,0.045967,0.048204,0.0,0.0,0.0,0.0,0.0,0.059347,0.0,0.078428,0.03157,0.005552
2025-09-23,0.079831,0.078403,0.049352,0.0,0.083365,0.030091,0.0,0.0,0.031532,0.032614,0.0,0.070801,0.02445,0.0,0.0,0.0,0.078021,0.0,0.0,0.0,0.0,0.0,0.0,0.07932,0.057204,0.035819,0.0,0.0,0.0,0.0,0.0,0.046142,0.048094,0.0,0.0,0.0,0.0,0.0,0.059287,0.0,0.07871,0.031414,0.005551
2025-09-24,0.079639,0.078141,0.049364,0.0,0.083152,0.030624,0.0,0.0,0.031279,0.032152,0.0,0.070441,0.02446,0.0,0.0,0.0,0.077869,0.0,0.0,0.0,0.0,0.0,0.0,0.080142,0.057034,0.03588,0.0,0.0,0.0,0.0,0.0,0.045871,0.04808,0.0,0.0,0.0,0.0,0.0,0.059397,0.0,0.078915,0.031991,0.005569
2025-09-25,0.0794,0.077704,0.04932,0.0,0.082979,0.030831,0.0,0.0,0.031151,0.032219,0.0,0.070479,0.024493,0.0,0.0,0.0,0.077647,0.0,0.0,0.0,0.0,0.0,0.0,0.079685,0.057159,0.035906,0.0,0.0,0.0,0.0,0.0,0.046244,0.049737,0.0,0.0,0.0,0.0,0.0,0.059463,0.0,0.079027,0.030964,0.005592
2025-09-26,0.079304,0.078193,0.049103,0.0,0.082169,0.030494,0.0,0.0,0.030864,0.031675,0.0,0.070869,0.024569,0.0,0.0,0.0,0.07802,0.0,0.0,0.0,0.0,0.0,0.0,0.080645,0.057093,0.035836,0.0,0.0,0.0,0.0,0.0,0.046318,0.050532,0.0,0.0,0.0,0.0,0.0,0.059333,0.0,0.078674,0.030737,0.005571
2025-09-29,0.079151,0.077853,0.048778,0.0,0.082577,0.030836,0.0,0.0,0.030799,0.031984,0.0,0.070565,0.024507,0.0,0.0,0.0,0.077674,0.0,0.0,0.0,0.0,0.0,0.0,0.080272,0.056969,0.035581,0.0,0.0,0.0,0.0,0.0,0.046729,0.050921,0.0,0.0,0.0,0.0,0.0,0.05899,0.0,0.078216,0.03207,0.005529
2025-09-30,0.066597,0.059782,0.067081,0.0,0.066935,0.0,0.067092,0.0,0.0,0.066817,0.01287,0.066875,0.019896,0.055522,0.0,0.0,0.066866,0.0,0.0,0.067051,0.0,0.0,0.0,0.066996,0.037201,0.037134,0.0,0.0,0.0,0.0,0.027513,0.045303,0.029699,0.0,0.067031,0.0,0.0,0.0,0.0,0.0,0.0,0.0,0.005741
2025-10-01,0.066724,0.060194,0.066774,0.0,0.067188,0.0,0.06588,0.0,0.0,0.067997,0.012891,0.065635,0.019629,0.054942,0.0,0.0,0.066374,0.0,0.0,0.067291,0.0,0.0,0.0,0.067331,0.037393,0.037675,0.0,0.0,0.0,0.0,0.027734,0.045166,0.02994,0.0,0.067527,0.0,0.0,0.0,0.0,0.0,0.0,0.0,0.005715
2025-10-02,0.06667,0.060216,0.066591,0.0,0.067347,0.0,0.065018,0.0,0.0,0.069221,0.012772,0.065358,0.019575,0.054656,0.0,0.0,0.066414,0.0,0.0,0.067238,0.0,0.0,0.0,0.067075,0.03752,0.038328,0.0,0.0,0.0,0.0,0.028092,0.044919,0.029616,0.0,0.067671,0.0,0.0,0.0,0.0,0.0,0.0,0.0,0.005704
2025-10-03,0.066744,0.060108,0.067457,0.0,0.067364,0.0,0.064742,0.0,0.0,0.068986,0.012599,0.064855,0.019569,0.054632,0.0,0.0,0.066027,0.0,0.0,0.067359,0.0,0.0,0.0,0.067365,0.037063,0.037819,0.0,0.0,0.0,0.0,0.028105,0.044955,0.030087,0.0,0.0685,0.0,0.0,0.0,0.0,0.0,0.0,0.0,0.005664
2025-10-06,0.066458,0.059639,0.068359,0.0,0.067215,0.0,0.064392,0.0,0.0,0.06942,0.012647,0.064613,0.019469,0.054693,0.0,0.0,0.066019,0.0,0.0,0.065664,0.0,0.0,0.0,0.067694,0.03726,0.038768,0.0,0.0,0.0,0.0,0.028309,0.045584,0.030316,0.0,0.067844,0.0,0.0,0.0,0.0,0.0,0.0,0.0,0.005638
2025-10-07,0.066749,0.059734,0.067902,0.0,0.067581,0.0,0.063633,0.0,0.0,0.068876,0.01254,0.064955,0.019673,0.05489,0.0,0.0,0.066248,0.0,0.0,0.064249,0.0,0.0,0.0,0.068628,0.037351,0.03825,0.0,0.0,0.0,0.0,0.028171,0.046241,0.030129,0.0,0.068512,0.0,0.0,0.0,0.0,0.0,0.0,0.0,0.005688
2025-10-08,0.066401,0.059559,0.067137,0.0,0.067162,0.0,0.063482,0.0,0.0,0.068963,0.012467,0.064122,0.019407,0.054109,0.0,0.0,0.06624,0.0,0.0,0.063719,0.0,0.0,0.0,0.068497,0.037675,0.039211,0.0,0.0,0.0,0.0,0.028367,0.046593,0.030672,0.0,0.070577,0.0,0.0,0.0,0.0,0.0,0.0,0.0,0.005641
2025-10-09,0.066627,0.059373,0.067481,0.0,0.067209,0.0,0.063536,0.0,0.0,0.06886,0.012499,0.06424,0.019485,0.054307,0.0,0.0,0.065757,0.0,0.0,0.062533,0.0,0.0,0.0,0.068842,0.037897,0.039326,0.0,0.0,0.0,0.0,0.028309,0.046081,0.031009,0.0,0.070947,0.0,0.0,0.0,0.0,0.0,0.0,0.0,0.005683
2025-10-10,0.067487,0.060259,0.066573,0.0,0.067277,0.0,0.063297,0.0,0.0,0.068402,0.01248,0.064739,0.01957,0.053612,0.0,0.0,0.06602,0.0,0.0,0.063408,0.0,0.0,0.0,0.070392,0.037325,0.037844,0.0,0.0,0.0,0.0,0.026509,0.047789,0.032349,0.0,0.068834,0.0,0.0,0.0,0.0,0.0,0.0,0.0,0.005836
2025-10-13,0.066273,0.059425,0.065974,0.0,0.067154,0.0,0.062831,0.0,0.0,0.069398,0.012495,0.063988,0.01935,0.053538,0.0,0.0,0.065331,0.0,0.0,0.062349,0.0,0.0,0.0,0.069467,0.037446,0.038818,0.0,0.0,0.0,0.0,0.028032,0.04794,0.032958,0.0,0.071517,0.0,0.0,0.0,0.0,0.0,0.0,0.0,0.005716
2025-10-14,0.066029,0.059616,0.066553,0.0,0.06639,0.0,0.062617,0.0,0.0,0.06858,0.012513,0.064366,0.01955,0.055118,0.0,0.0,0.066054,0.0,0.0,0.064265,0.0,0.0,0.0,0.070039,0.03694,0.037997,0.0,0.0,0.0,0.0,0.027556,0.04825,0.032615,0.0,0.069241,0.0,0.0,0.0,0.0,0.0,0.0,0.0,0.005711
2025-10-15,0.066024,0.059119,0.066878,0.0,0.066887,0.0,0.062424,0.0,0.0,0.06989,0.012399,0.064136,0.019344,0.053543,0.0,0.0,0.065083,0.0,0.0,0.063568,0.0,0.0,0.0,0.070206,0.036912,0.038755,0.0,0.0,0.0,0.0,0.027299,0.048568,0.033326,0.0,0.069987,0.0,0.0,0.0,0.0,0.0,0.0,0.0,0.005652
2025-10-16,0.066184,0.059615,0.067185,0.0,0.067626,0.0,0.06234,0.0,0.0,0.072214,0.012296,0.063541,0.018832,0.050709,0.0,0.0,0.064746,0.0,0.0,0.063299,0.0,0.0,0.0,0.069539,0.036991,0.03899,0.0,0.0,0.0,0.0,0.027375,0.049773,0.033952,0.0,0.069134,0.0,0.0,0.0,0.0,0.0,0.0,0.0,0.005659
2025-10-17,0.065626,0.059762,0.067707,0.0,0.067116,0.0,0.063483,0.0,0.0,0.072902,0.01243,0.064112,0.019027,0.051532,0.0,0.0,0.064947,0.0,0.0,0.063885,0.0,0.0,0.0,0.069451,0.037138,0.038967,0.0,0.0,0.0,0.0,0.027159,0.048945,0.032519,0.0,0.067618,0.0,0.0,0.0,0.0,0.0,0.0,0.0,0.005673
2025-10-20,0.065754,0.05914,0.067965,0.0,0.067432,0.0,0.063625,0.0,0.0,0.073382,0.012344,0.063885,0.018967,0.051948,0.0,0.0,0.064748,0.0,0.0,0.063178,0.0,0.0,0.0,0.068409,0.037001,0.039035,0.0,0.0,0.0,0.0,0.027141,0.049982,0.032539,0.0,0.067933,0.0,0.0,0.0,0.0,0.0,0.0,0.0,0.005591
2025-10-21,0.066525,0.059503,0.067991,0.0,0.06767,0.0,0.0638,0.0,0.0,0.072802,0.012647,0.064888,0.019175,0.052597,0.0,0.0,0.066114,0.0,0.0,0.065064,0.0,0.0,0.0,0.068535,0.03747,0.039287,0.0,0.0,0.0,0.0,0.02728,0.047337,0.030222,0.0,0.065436,0.0,0.0,0.0,0.0,0.0,0.0,0.0,0.005658
2025-10-22,0.06652,0.059825,0.068011,0.0,0.067812,0.0,0.064314,0.0,0.0,0.073837,0.012611,0.06465,0.019162,0.052741,0.0,0.0,0.065584,0.0,0.0,0.064229,0.0,0.0,0.0,0.068721,0.037286,0.038509,0.0,0.0,0.0,0.0,0.027005,0.04758,0.030436,0.0,0.065477,0.0,0.0,0.0,0.0,0.0,0.0,0.0,0.005688
2025-10-23,0.066237,0.059729,0.067542,0.0,0.067798,0.0,0.064775,0.0,0.0,0.0738,0.012574,0.063957,0.019061,0.052233,0.0,0.0,0.065914,0.0,0.0,0.064135,0.0,0.0,0.0,0.068161,0.037478,0.039157,0.0,0.0,0.0,0.0,0.027686,0.047418,0.030418,0.0,0.066282,0.0,0.0,0.0,0.0,0.0,0.0,0.0,0.005646
2025-10-24,0.066283,0.059394,0.067292,0.0,0.067267,0.0,0.064337,0.0,0.0,0.074889,0.012448,0.063669,0.019131,0.052674,0.0,0.0,0.065502,0.0,0.0,0.063395,0.0,0.0,0.0,0.068473,0.03779,0.039521,0.0,0.0,0.0,0.0,0.028806,0.046925,0.030073,0.0,0.066523,0.0,0.0,0.0,0.0,0.0,0.0,0.0,0.005606
2025-10-27,0.066514,0.059325,0.06772,0.0,0.068156,0.0,0.064556,0.0,0.0,0.076263,0.012551,0.064166,0.019094,0.052292,0.0,0.0,0.065475,0.0,0.0,0.063126,0.0,0.0,0.0,0.068244,0.038255,0.040373,0.0,0.0,0.0,0.0,0.027858,0.045342,0.028811,0.0,0.066305,0.0,0.0,0.0,0.0,0.0,0.0,0.0,0.005573
2025-10-28,0.066785,0.059186,0.068059,0.0,0.067963,0.0,0.064885,0.0,0.0,0.076393,0.012557,0.063862,0.018976,0.052059,0.0,0.0,0.065023,0.0,0.0,0.062892,0.0,0.0,0.0,0.067135,0.038642,0.040431,0.0,0.0,0.0,0.0,0.028329,0.045027,0.029021,0.0,0.0672,0.0,0.0,0.0,0.0,0.0,0.0,0.0,0.005575
2025-10-29,0.06674,0.058722,0.067327,0.0,0.068652,0.0,0.065271,0.0,0.0,0.078183,0.012423,0.063548,0.018609,0.051046,0.0,0.0,0.065032,0.0,0.0,0.060876,0.0,0.0,0.0,0.066948,0.038825,0.041015,0.0,0.0,0.0,0.0,0.029046,0.044747,0.029309,0.0,0.06812,0.0,0.0,0.0,0.0,0.0,0.0,0.0,0.005561
2025-10-30,0.066593,0.058733,0.067639,0.0,0.068077,0.0,0.065317,0.0,0.0,0.077236,0.012202,0.062776,0.01875,0.051386,0.0,0.0,0.065186,0.0,0.0,0.060912,0.0,0.0,0.0,0.066992,0.038535,0.040658,0.0,0.0,0.0,0.0,0.029705,0.045849,0.030209,0.0,0.067657,0.0,0.0,0.0,0.0,0.0,0.0,0.0,0.005588
2025-10-31,0.0,0.110851,0.0,0.0,0.01957,0.051739,0.0,0.0,0.019421,0.07138,0.021622,0.098868,0.0,0.0,0.0,0.0,0.019079,0.0,0.0,0.091487,0.0,0.058845,0.0,0.0,0.05783,0.056814,0.015952,0.0,0.010583,0.020819,0.103884,0.0,0.022006,0.0,0.127015,0.0,0.0,0.0,0.0,0.0,0.0,0.013274,0.008961
2025-11-03,0.0,0.111297,0.0,0.0,0.019817,0.052014,0.0,0.0,0.019604,0.07458,0.021948,0.09837,0.0,0.0,0.0,0.0,0.019105,0.0,0.0,0.090428,0.0,0.057681,0.0,0.0,0.058394,0.057476,0.016068,0.0,0.010761,0.020906,0.103062,0.0,0.022004,0.0,0.124527,0.0,0.0,0.0,0.0,0.0,0.0,0.012945,0.009013
2025-11-04,0.0,0.112641,0.0,0.0,0.020068,0.052527,0.0,0.0,0.019615,0.072499,0.022081,0.099946,0.0,0.0,0.0,0.0,0.019319,0.0,0.0,0.092644,0.0,0.058033,0.0,0.0,0.058164,0.05649,0.015913,0.0,0.010741,0.021424,0.101614,0.0,0.021987,0.0,0.122573,0.0,0.0,0.0,0.0,0.0,0.0,0.012499,0.009222
2025-11-05,0.0,0.112282,0.0,0.0,0.019824,0.052449,0.0,0.0,0.019569,0.072315,0.022095,0.09934,0.0,0.0,0.0,0.0,0.019172,0.0,0.0,0.091077,0.0,0.057992,0.0,0.0,0.057725,0.057581,0.015696,0.0,0.010528,0.021199,0.103048,0.0,0.022198,0.0,0.12404,0.0,0.0,0.0,0.0,0.0,0.0,0.012755,0.009116
2025-11-06,0.0,0.112645,0.0,0.0,0.019848,0.053378,0.0,0.0,0.0194,0.070548,0.021758,0.099236,0.0,0.0,0.0,0.0,0.019249,0.0,0.0,0.09134,0.0,0.0585,0.0,0.0,0.057018,0.056528,0.015477,0.0,0.01032,0.021266,0.1029,0.0,0.022325,0.0,0.126595,0.0,0.0,0.0,0.0,0.0,0.0,0.012479,0.00919
2025-11-07,0.0,0.11295,0.0,0.0,0.01957,0.052962,0.0,0.0,0.019259,0.069107,0.021744,0.098764,0.0,0.0,0.0,0.0,0.0193,0.0,0.0,0.091971,0.0,0.058196,0.0,0.0,0.056697,0.055814,0.015467,0.0,0.010303,0.021549,0.103836,0.0,0.022466,0.0,0.128065,0.0,0.0,0.0,0.0,0.0,0.0,0.012806,0.009172
2025-11-10,0.0,0.112198,0.0,0.0,0.019619,0.052883,0.0,0.0,0.01924,0.070701,0.021627,0.097966,0.0,0.0,0.0,0.0,0.019054,0.0,0.0,0.090432,0.0,0.057723,0.0,0.0,0.057082,0.056209,0.015503,0.0,0.010274,0.021143,0.104361,0.0,0.022993,0.0,0.129147,0.0,0.0,0.0,0.0,0.0,0.0,0.012842,0.009003
2025-11-11,0.0,0.113311,0.0,0.0,0.019711,0.052707,0.0,0.0,0.019122,0.070371,0.021665,0.098694,0.0,0.0,0.0,0.0,0.019046,0.0,0.0,0.091183,0.0,0.059737,0.0,0.0,0.056556,0.054896,0.015388,0.0,0.010188,0.021365,0.103351,0.0,0.023308,0.0,0.127964,0.0,0.0,0.0,0.0,0.0,0.0,0.012439,0.008997
2025-11-12,0.0,0.113371,0.0,0.0,0.019633,0.052468,0.0,0.0,0.019026,0.070461,0.021405,0.097602,0.0,0.0,0.0,0.0,0.018963,0.0,0.0,0.090426,0.0,0.059472,0.0,0.0,0.05643,0.055441,0.015143,0.0,0.010106,0.021093,0.103685,0.0,0.024118,0.0,0.129994,0.0,0.0,0.0,0.0,0.0,0.0,0.012211,0.00895
2025-11-13,0.0,0.114117,0.0,0.0,0.019825,0.053096,0.0,0.0,0.018871,0.070059,0.02116,0.097551,0.0,0.0,0.0,0.0,0.018928,0.0,0.0,0.090166,0.0,0.059133,0.0,0.0,0.055785,0.054279,0.014933,0.0,0.009994,0.021123,0.107449,0.0,0.023997,0.0,0.128506,0.0,0.0,0.0,0.0,0.0,0.0,0.011952,0.009076
2025-11-14,0.0,0.113647,0.0,0.0,0.019875,0.052488,0.0,0.0,0.019286,0.070349,0.021132,0.097368,0.0,0.0,0.0,0.0,0.018996,0.0,0.0,0.089853,0.0,0.060453,0.0,0.0,0.056285,0.054307,0.015069,0.0,0.009987,0.021241,0.10796,0.0,0.023339,0.0,0.127724,0.0,0.0,0.0,0.0,0.0,0.0,0.011533,0.009109
2025-11-17,0.0,0.113632,0.0,0.0,0.019915,0.052528,0.0,0.0,0.01892,0.070369,0.02119,0.098426,0.0,0.0,0.0,0.0,0.01904,0.0,0.0,0.088123,0.0,0.061633,0.0,0.0,0.056082,0.054026,0.014976,0.0,0.00987,0.021324,0.109212,0.0,0.023373,0.0,0.12677,0.0,0.0,0.0,0.0,0.0,0.0,0.011373,0.00922
2025-11-18,0.0,0.113605,0.0,0.0,0.019843,0.052728,0.0,0.0,0.018953,0.069953,0.020998,0.099934,0.0,0.0,0.0,0.0,0.019137,0.0,0.0,0.088704,0.0,0.062414,0.0,0.0,0.0557,0.053279,0.014965,0.0,0.009785,0.021616,0.108167,0.0,0.023924,0.0,0.125383,0.0,0.0,0.0,0.0,0.0,0.0,0.011602,0.00931
2025-11-19,0.0,0.112972,0.0,0.0,0.01974,0.05221,0.0,0.0,0.01887,0.06905,0.020964,0.099213,0.0,0.0,0.0,0.0,0.019169,0.0,0.0,0.088565,0.0,0.061942,0.0,0.0,0.055993,0.054079,0.014866,0.0,0.009809,0.02141,0.109074,0.0,0.024065,0.0,0.127538,0.0,0.0,0.0,0.0,0.0,0.0,0.011176,0.009294
2025-11-20,0.0,0.113754,0.0,0.0,0.02018,0.052413,0.0,0.0,0.019011,0.068912,0.021083,0.100174,0.0,0.0,0.0,0.0,0.019241,0.0,0.0,0.090376,0.0,0.062865,0.0,0.0,0.055368,0.05256,0.014725,0.0,0.009789,0.021766,0.108125,0.0,0.024214,0.0,0.124937,0.0,0.0,0.0,0.0,0.0,0.0,0.011018,0.009488
2025-11-21,0.0,0.114186,0.0,0.0,0.019554,0.051854,0.0,0.0,0.018833,0.068664,0.021253,0.100779,0.0,0.0,0.0,0.0,0.019255,0.0,0.0,0.093813,0.0,0.063694,0.0,0.0,0.054953,0.052494,0.014576,0.0,0.009798,0.021869,0.105107,0.0,0.023689,0.0,0.125589,0.0,0.0,0.0,0.0,0.0,0.0,0.01066,0.00938
2025-11-24,0.0,0.112419,0.0,0.0,0.019537,0.052055,0.0,0.0,0.018802,0.068593,0.021257,0.100458,0.0,0.0,0.0,0.0,0.019052,0.0,0.0,0.092117,0.0,0.064447,0.0,0.0,0.055533,0.054084,0.014573,0.0,0.009839,0.021643,0.103777,0.0,0.024068,0.0,0.127399,0.0,0.0,0.0,0.0,0.0,0.0,0.011086,0.009259
2025-11-25,0.0,0.112905,0.0,0.0,0.019303,0.0516,0.0,0.0,0.018652,0.067348,0.021439,0.100327,0.0,0.0,0.0,0.0,0.019053,0.0,0.0,0.095267,0.0,0.064589,0.0,0.0,0.054982,0.05357,0.014525,0.0,0.009852,0.021568,0.104274,0.0,0.023786,0.0,0.127096,0.0,0.0,0.0,0.0,0.0,0.0,0.010719,0.009143
2025-11-26,0.0,0.112351,0.0,0.0,0.019331,0.050628,0.0,0.0,0.018638,0.06769,0.021279,0.099036,0.0,0.0,0.0,0.0,0.018891,0.0,0.0,0.0951,0.0,0.064445,0.0,0.0,0.05484,0.054262,0.014288,0.0,0.009801,0.021355,0.1052,0.0,0.024316,0.0,0.128654,0.0,0.0,0.0,0.0,0.0,0.0,0.010883,0.009016
2025-11-27,0.0,0.112357,0.0,0.0,0.019275,0.05063,0.0,0.0,0.018639,0.067694,0.02128,0.099042,0.0,0.0,0.0,0.0,0.018892,0.0,0.0,0.095105,0.0,0.064449,0.0,0.0,0.054843,0.054265,0.014289,0.0,0.009802,0.021356,0.105206,0.0,0.024317,0.0,0.128661,0.0,0.0,0.0,0.0,0.0,0.0,0.010884,0.009016
2025-11-28,0.011628,0.0,0.0,0.0,0.062289,0.0,0.0,0.0,0.037671,0.111089,0.0,0.068398,0.0,0.0,0.0,0.0,0.040497,0.0,0.0,0.037748,0.0,0.132515,0.0,0.052658,0.070275,0.070103,0.0,0.0,0.0,0.0,0.132446,0.0,0.020609,0.0,0.132373,0.0,0.0,0.0,0.0,0.0,0.0,0.0,0.019702
2025-12-01,0.011674,0.0,0.0,0.0,0.062543,0.0,0.0,0.0,0.03766,0.111409,0.0,0.068462,0.0,0.0,0.0,0.0,0.040129,0.0,0.0,0.037862,0.0,0.129681,0.0,0.051717,0.070703,0.070541,0.0,0.0,0.0,0.0,0.13227,0.0,0.021256,0.0,0.134279,0.0,0.0,0.0,0.0,0.0,0.0,0.0,0.019812
2025-12-02,0.011632,0.0,0.0,0.0,0.062257,0.0,0.0,0.0,0.037876,0.112961,0.0,0.068549,0.0,0.0,0.0,0.0,0.040397,0.0,0.0,0.037719,0.0,0.127916,0.0,0.051244,0.071286,0.071801,0.0,0.0,0.0,0.0,0.13156,0.0,0.021459,0.0,0.133572,0.0,0.0,0.0,0.0,0.0,0.0,0.0,0.019771
2025-12-03,0.011529,0.0,0.0,0.0,0.061488,0.0,0.0,0.0,0.037477,0.112516,0.0,0.067538,0.0,0.0,0.0,0.0,0.040214,0.0,0.0,0.037961,0.0,0.129727,0.0,0.050371,0.070463,0.072328,0.0,0.0,0.0,0.0,0.13029,0.0,0.021137,0.0,0.137461,0.0,0.0,0.0,0.0,0.0,0.0,0.0,0.0195
2025-12-04,0.011592,0.0,0.0,0.0,0.061848,0.0,0.0,0.0,0.037411,0.111538,0.0,0.068162,0.0,0.0,0.0,0.0,0.040563,0.0,0.0,0.037282,0.0,0.131698,0.0,0.050443,0.070973,0.071858,0.0,0.0,0.0,0.0,0.128984,0.0,0.020687,0.0,0.13739,0.0,0.0,0.0,0.0,0.0,0.0,0.0,0.019571
2025-12-05,0.01151,0.0,0.0,0.0,0.061768,0.0,0.0,0.0,0.03757,0.113497,0.0,0.068354,0.0,0.0,0.0,0.0,0.040101,0.0,0.0,0.036734,0.0,0.130727,0.0,0.049538,0.070874,0.071962,0.0,0.0,0.0,0.0,0.129141,0.0,0.02098,0.0,0.137842,0.0,0.0,0.0,0.0,0.0,0.0,0.0,0.019404
2025-12-08,0.011469,0.0,0.0,0.0,0.061496,0.0,0.0,0.0,0.037655,0.114297,0.0,0.067772,0.0,0.0,0.0,0.0,0.040007,0.0,0.0,0.035936,0.0,0.130847,0.0,0.04882,0.071293,0.072663,0.0,0.0,0.0,0.0,0.130969,0.0,0.020862,0.0,0.136536,0.0,0.0,0.0,0.0,0.0,0.0,0.0,0.01938
2025-12-09,0.011516,0.0,0.0,0.0,0.061589,0.0,0.0,0.0,0.037813,0.115116,0.0,0.067976,0.0,0.0,0.0,0.0,0.03979,0.0,0.0,0.035438,0.0,0.128477,0.0,0.048947,0.071617,0.072666,0.0,0.0,0.0,0.0,0.13206,0.0,0.021877,0.0,0.135699,0.0,0.0,0.0,0.0,0.0,0.0,0.0,0.01942
2025-12-10,0.01136,0.0,0.0,0.0,0.060999,0.0,0.0,0.0,0.03797,0.115131,0.0,0.067548,0.0,0.0,0.0,0.0,0.040028,0.0,0.0,0.036128,0.0,0.127827,0.0,0.048334,0.071092,0.072743,0.0,0.0,0.0,0.0,0.132498,0.0,0.021965,0.0,0.137188,0.0,0.0,0.0,0.0,0.0,0.0,0.0,0.019187
2025-12-11,0.011412,0.0,0.0,0.0,0.061001,0.0,0.0,0.0,0.037457,0.112961,0.0,0.067374,0.0,0.0,0.0,0.0,0.040442,0.0,0.0,0.036345,0.0,0.128797,0.0,0.048667,0.070703,0.072301,0.0,0.0,0.0,0.0,0.132268,0.0,0.022564,0.0,0.138521,0.0,0.0,0.0,0.0,0.0,0.0,0.0,0.019185
2025-12-12,0.01151,0.0,0.0,0.0,0.061387,0.0,0.0,0.0,0.037005,0.111999,0.0,0.068299,0.0,0.0,0.0,0.0,0.04083,0.0,0.0,0.036822,0.0,0.130972,0.0,0.049203,0.069755,0.069944,0.0,0.0,0.0,0.0,0.131782,0.0,0.02232,0.0,0.13868,0.0,0.0,0.0,0.0,0.0,0.0,0.0,0.019493
2025-12-15,0.011537,0.0,0.0,0.0,0.061566,0.0,0.0,0.0,0.036974,0.11196,0.0,0.068243,0.0,0.0,0.0,0.0,0.040855,0.0,0.0,0.036699,0.0,0.130535,0.0,0.049602,0.069012,0.069532,0.0,0.0,0.0,0.0,0.131116,0.0,0.023097,0.0,0.139803,0.0,0.0,0.0,0.0,0.0,0.0,0.0,0.01947
2025-12-16,0.01155,0.0,0.0,0.0,0.061073,0.0,0.0,0.0,0.037117,0.111256,0.0,0.068749,0.0,0.0,0.0,0.0,0.040886,0.0,0.0,0.036555,0.0,0.130525,0.0,0.049728,0.069604,0.069676,0.0,0.0,0.0,0.0,0.130712,0.0,0.0231,0.0,0.139863,0.0,0.0,0.0,0.0,0.0,0.0,0.0,0.019605
2025-12-17,0.011554,0.0,0.0,0.0,0.061298,0.0,0.0,0.0,0.036676,0.110756,0.0,0.068669,0.0,0.0,0.0,0.0,0.040468,0.0,0.0,0.036352,0.0,0.130167,0.0,0.049705,0.068469,0.067504,0.0,0.0,0.0,0.0,0.132821,0.0,0.024259,0.0,0.141578,0.0,0.0,0.0,0.0,0.0,0.0,0.0,0.019723
2025-12-18,0.011578,0.0,0.0,0.0,0.061706,0.0,0.0,0.0,0.036931,0.111836,0.0,0.06858,0.0,0.0,0.0,0.0,0.040448,0.0,0.0,0.036106,0.0,0.128267,0.0,0.049844,0.069042,0.068635,0.0,0.0,0.0,0.0,0.132312,0.0,0.023715,0.0,0.141411,0.0,0.0,0.0,0.0,0.0,0.0,0.0,0.01959
2025-12-19,0.011479,0.0,0.0,0.0,0.061405,0.0,0.0,0.0,0.036948,0.112048,0.0,0.067783,0.0,0.0,0.0,0.0,0.040305,0.0,0.0,0.035061,0.0,0.130334,0.0,0.048617,0.069685,0.069612,0.0,0.0,0.0,0.0,0.131272,0.0,0.024065,0.0,0.142032,0.0,0.0,0.0,0.0,0.0,0.0,0.0,0.019354
2025-12-22,0.011373,0.0,0.0,0.0,0.060734,0.0,0.0,0.0,0.036617,0.110932,0.0,0.067105,0.0,0.0,0.0,0.0,0.040166,0.0,0.0,0.034416,0.0,0.131474,0.0,0.048095,0.069054,0.069533,0.0,0.0,0.0,0.0,0.132634,0.0,0.024319,0.0,0.14447,0.0,0.0,0.0,0.0,0.0,0.0,0.0,0.019078
2025-12-23,0.011329,0.0,0.0,0.0,0.060464,0.0,0.0,0.0,0.036661,0.11128,0.0,0.067043,0.0,0.0,0.0,0.0,0.039864,0.0,0.0,0.033932,0.0,0.129478,0.0,0.047921,0.068934,0.069291,0.0,0.0,0.0,0.0,0.133612,0.0,0.025061,0.0,0.146187,0.0,0.0,0.0,0.0,0.0,0.0,0.0,0.018944
2025-12-24,0.011283,0.0,0.0,0.0,0.060401,0.0,0.0,0.0,0.03645,0.112854,0.0,0.067023,0.0,0.0,0.0,0.0,0.039744,0.0,0.0,0.034054,0.0,0.130125,0.0,0.047834,0.068669,0.069126,0.0,0.0,0.0,0.0,0.133656,0.0,0.025051,0.0,0.144903,0.0,0.0,0.0,0.0,0.0,0.0,0.0,0.018826
2025-12-26,0.011194,0.0,0.0,0.0,0.059921,0.0,0.0,0.0,0.036444,0.113426,0.0,0.066423,0.0,0.0,0.0,0.0,0.039356,0.0,0.0,0.033781,0.0,0.127743,0.0,0.047421,0.068231,0.068555,0.0,0.0,0.0,0.0,0.134156,0.0,0.0271,0.0,0.147573,0.0,0.0,0.0,0.0,0.0,0.0,0.0,0.018676
2025-12-29,0.011283,0.0,0.0,0.0,0.060673,0.0,0.0,0.0,0.036998,0.118029,0.0,0.067057,0.0,0.0,0.0,0.0,0.039672,0.0,0.0,0.033973,0.0,0.127407,0.0,0.047996,0.068618,0.069093,0.0,0.0,0.0,0.0,0.131216,0.0,0.02541,0.0,0.143706,0.0,0.0,0.0,0.0,0.0,0.0,0.0,0.018869
2025-12-30,0.0,0.0,0.0,0.0,0.0,0.0,0.104093,0.0,0.0,0.114989,0.023886,0.073539,0.0,0.0,0.0,0.0,0.0,0.0,0.0,0.043007,0.064463,0.064884,0.0,0.115296,0.055132,0.072991,0.0,0.0,0.0,0.0,0.115185,0.03966,0.020263,0.0,0.081913,0.0,0.0,0.0,0.0,0.0,0.0,0.0,0.0107
