Date,Strategy,SP500,MSCI_World (URTH)
2020-01-02,100000.0,100000.0,100000.0
2020-01-03,100000.0,99242.75582277682,99156.04826863833
2020-01-06,100000.0,99621.39846968176,99718.70247089458
2020-01-07,100000.0,99341.27116450602,99457.45477318217
2020-01-08,100000.0,99870.69861398042,99738.76920058626
2020-01-09,100000.0,100547.88879690194,100311.46944141238
2020-01-10,100000.0,100258.53081801244,99909.59410202061
2020-01-13,100000.0,100948.06625609014,100552.59971453703
2020-01-14,100000.0,100794.15659293161,100351.6704939905
2020-01-15,100000.0,101021.91164580034,100492.31503396854
2020-01-16,100000.0,101862.25244474085,101296.09950934944
2020-01-17,100000.0,102179.30244477169,101637.7070664714
2020-01-20,100000.0,102179.30244477169,101637.7070664714
2020-01-21,100000.0,101979.2291338976,101105.20787822343
2020-01-22,100000.0,101991.55383076043,101286.0365724809
2020-01-23,100000.0,102108.50996162383,101205.6851622207
2020-01-24,100000.0,101200.48098183119,100532.51608654666
2020-01-27,100000.0,99578.28772852856,98814.43226236705
2020-01-28,100000.0,100621.76502405218,99728.7400603151
2020-01-29,100000.0,100538.65812318817,99758.86972687533
2020-01-30,100000.0,100864.92851778612,99909.59410202061
2020-01-31,99920.0,99033.41072160227,98191.50182869163
2020-02-03,100514.79733998042,99769.08924910217,98723.99256779026
2020-02-04,101860.65533670451,101289.72453325993,100482.28589369736
2020-02-05,103108.98010610702,102459.41947080074,101416.6604213371
2020-02-06,103469.81801680978,102804.17177111958,101778.36005559878
2020-02-07,102740.33860132158,102256.26241592428,101105.20787822343
2020-02-10,103396.88749727275,103019.6432437122,101617.598091033
2020-02-11,103870.74681548531,103198.18174230303,102089.82949701116
2020-02-12,104294.16502970473,103863.06778665508,102602.23660811942
2020-02-13,104149.53657681208,103752.23802720972,102270.67508956732
2020-02-14,104188.86696833388,103918.46210808441,102401.29048927418
2020-02-17,104219.60049778681,103918.46210808441,102401.29048927418
2020-02-18,103798.2832382148,103650.68005806484,102109.92157415088
2020-02-19,104671.45656222121,104146.25827753983,102511.81381184133
2020-02-20,104032.22145040608,103718.399076357,102079.77500929195
2020-02-21,103465.6151437384,102650.26210796105,101366.4302284878
2020-02-24,100735.20217414916,99245.83956677919,97849.90272071902
2020-02-25,98288.53999214938,96238.45934504978,95227.58248460924
2020-02-26,98047.96316297627,95884.44553357713,94946.2427097571
2020-02-27,95085.9066329775,91578.14094231404,91399.57708627875
2020-02-28,93310.77792193054,91193.37192399106,90093.43998750878
2020-03-02,97179.56683590342,95142.65091380586,93670.27752329409
2020-03-03,95946.29289454421,92418.47146210787,91560.33905084453
2020-03-04,99812.03263821916,96303.12545677958,95046.71999375439
2020-03-05,97649.06582825423,93101.82913303416,92163.18585652956
2020-03-06,95847.90157011252,91562.76333888886,90726.43335805273
2020-03-09,89452.28806826181,84412.18802532864,83211.10089796715
2020-03-10,92379.20076343893,88780.10582175919,86958.71264029073
2020-03-11,87815.5712771243,84452.2201620528,82628.34616942184
2020-03-12,79158.91847101704,76372.06563769668,74007.84807685955
2020-03-13,83819.54874923322,82900.8450897647,80006.00903501335
2020-03-16,73366.82805035249,73829.52384731191,70903.25884535108
2020-03-17,77634.48771126794,77815.72553198182,74922.13897650891
2020-03-18,73046.33299578576,73875.68235545412,70752.53869478048
2020-03-19,72634.82015766639,74032.67062304169,71285.04210760313
2020-03-20,70763.88369188203,70842.29075306468,68954.08656204198
2020-03-23,68820.10947696991,69030.9868988164,67708.23836841519
2020-03-24,75764.0480640397,75285.4159261398,73867.17818943347
2020-03-25,77970.00294187765,76412.44212583444,75193.39046704448
2020-03-26,81837.96631964,80874.16741481723,79393.1415382065
2020-03-27,79365.63407882773,78465.28022906873,76981.82190866115
2020-03-30,81274.48977918392,81013.47555012451,79001.3122373846
2020-03-31,79493.7798888189,79805.94307367456,78298.01349515031
2020-04-01,76837.73008485533,76214.28587581516,74751.33942252261
2020-04-02,78058.45612447736,77972.96049908958,76288.56075584739
2020-04-03,77195.36128983271,76845.93429939495,75123.0766462048
2020-04-06,81004.21763038216,82007.38680038329,79865.37294418467
2020-04-07,80991.34264564587,82090.98196071433,80006.00903501335
2020-04-08,82434.16014113871,84846.65671782324,81915.00983776704
2020-04-09,83314.74845686989,86137.77921503091,83412.03856766302
2020-04-13,83107.78002730446,85351.34740082525,82708.73982542874
2020-04-14,85087.14233736235,87868.60249039053,84788.5148347207
2020-04-15,83898.71830295722,86001.57538201935,82869.49334084519
2020-04-16,84685.0538647365,86416.44688137886,83090.51463853144
2020-04-17,85944.86732994775,88751.03639496346,85270.78383011937
2020-04-20,85556.21549039372,87187.39316111925,84055.07797677684
2020-04-21,83452.10387085278,84540.11714526716,81744.20183463139
2020-04-22,85108.2480693321,86416.44688137886,83361.80837481373
2020-04-23,85157.16939356853,86410.23827678741,83321.61577138494
2020-04-24,85945.38934511096,87614.69728838166,84245.96115875352
2020-04-27,86883.38140554253,88877.98385639457,85511.92255239339
2020-04-28,86732.53558916003,88469.27470546647,85562.16964354138
2020-04-29,88450.16000016792,90785.26924271676,87822.78179624015
2020-04-30,87399.56976199234,89939.95333678575,86767.8210091647
2020-05-01,85961.20396685685,87558.96375511208,84527.28403530696
2020-05-04,86380.17258150854,87800.48258537808,84698.10048759196
2020-05-05,87218.07697672825,88611.71284093616,85160.25205840288
2020-05-06,86974.95991357636,88011.04062586023,84597.61475444533
2020-05-07,87942.09769152032,89073.0615019848,85712.86867123861
2020-05-08,88723.10299495331,90546.8444355998,87420.8895585497
2020-05-11,89198.94839489226,90565.41885364077,87471.12820054834
2020-05-12,88416.18533756811,88760.33902270396,85833.42113407693
2020-05-13,87799.46404050264,87190.49746341497,84497.13747044804
2020-05-14,87910.39074702244,88233.94392149856,84899.02125898916
2020-05-15,88374.19944377657,88639.53849098427,85270.78383011937
2020-05-18,89774.0313028069,91339.4694356769,88023.71946593602
2020-05-19,89385.9721929294,90401.31227698106,87079.27355227839
2020-05-20,90343.95182652361,91937.06818589714,88676.79646447036
2020-05-21,89451.63924374363,91302.35143703499,87852.91991194972
2020-05-22,89318.40439007257,91475.71952484851,87873.02043823879
2020-05-25,89318.4510496083,91475.71952484851,87873.02043823879
2020-05-26,89752.53758039234,92602.76628283647,89510.71905556084
2020-05-27,89957.00519765604,93980.60366139092,90806.81011576095
2020-05-28,90207.39513858534,93807.20473613738,90977.6012205979
2020-05-29,90958.68814605009,94225.19595651263,91128.30869744449
2020-06-01,91681.61081450712,94606.01778251259,92092.83823909251
2020-06-02,92204.56926314252,95389.38127143588,92916.72324076248
2020-06-03,92554.11280365515,96658.86616489355,94393.6514443694
2020-06-04,92036.87841371918,96404.950683738,94031.95181010774
2020-06-05,93232.5402059641,98875.75944905418,96182.0659876874
2020-06-08,94197.65352170152,100070.92611205463,97357.57923760115
2020-06-09,93895.77420295401,99324.73201750663,96453.34282567099
2020-06-10,94233.98673028902,98770.50098710645,96101.68922997917
2020-06-11,90558.76697849209,93076.50131562799,90646.02280374712
2020-06-12,91258.22870073859,94191.11030613972,91962.23128853498
2020-06-15,91834.74698183917,95070.47074585693,92702.09794912953
2020-06-16,92911.00395185592,96900.3644368662,94244.76898378109
2020-06-17,93012.89903633375,96497.86389052955,94153.4167810752
2020-06-18,93270.18910746307,96535.0127266115,94082.37633339195
2020-06-19,93386.56922687369,95983.33092458663,93605.3711580345
2020-06-22,94059.51294810625,96599.0723686875,94376.70245078561
2020-06-23,94503.48114423276,97043.78937041666,94792.80615767244
2020-06-24,93143.95945562313,94568.30359336354,92346.87881241461
2020-06-25,93649.98232196743,95582.13582987766,93514.03585362727
2020-06-26,92185.14305610878,93311.95544935598,91504.5155211296
2020-06-29,92980.41167358668,94683.37864038549,92610.76264472232
2020-06-30,93728.4720484995,95896.2357148129,93514.03585362727
2020-07-01,94384.80416073643,96568.0087874369,94041.76972164531
2020-07-02,95032.23606506738,97099.74904491309,94752.22489337384
2020-07-03,95032.4786087078,97099.74904491309,94752.22489337384
2020-07-06,97195.47302454179,98598.71588788083,96213.69960283083
2020-07-07,96862.50395121844,97581.79990736433,95208.92676285798
2020-07-08,97784.94422302664,98328.15846825912,96020.86466735572
2020-07-09,97675.12446845954,97768.4075360947,95381.47529075846
2020-07-10,98334.30277565682,98766.64630710348,96345.64151898469
2020-07-13,98085.05251087986,97911.43158292485,95482.94957437833
2020-07-14,98622.67127992773,99180.28944843537,96802.32649017013
2020-07-15,99088.7745859223,100091.48440540378,97817.23830935563
2020-07-16,98102.94094410284,99761.83217154992,97370.69231738283
2020-07-17,98602.05024940922,100051.02568409263,97685.32174064982
2020-07-20,99558.4411256568,100859.61419895536,98446.51405418829
2020-07-21,99735.69839678936,101074.1811066406,98639.3320913647
2020-07-22,100175.72595940054,101649.51522516368,99116.33726672216
2020-07-23,99806.26049022946,100436.63759244293,97999.95116391679
2020-07-24,98944.3596740515,99789.81200879812,97391.01252155483
2020-07-27,99725.17531652228,100517.51391847855,98324.70266809773
2020-07-28,99573.49852659085,99880.00124172092,97685.32174064982
2020-07-29,100618.28735639431,101108.41066506696,98822.02804762717
2020-07-30,100320.50818874076,100747.64345422912,98233.3842619892
2020-07-31,100544.14593940218,101543.77364332225,98091.28646832402
2020-08-03,101610.81319641121,102249.71459949258,99146.77955180811
2020-08-04,102333.04942976886,102644.70108961011,99613.65419710227
2020-08-05,103175.55513462731,103282.22404551442,100222.58439031488
2020-08-06,103604.99927242528,103972.60237361943,100638.73034294843
2020-08-07,103164.85326091212,104047.23925762359,100324.08402138278
2020-08-10,103308.4477939433,104358.22456111641,100618.42703707512
2020-08-11,102013.74402488084,103496.80123234633,100202.29798274025
2020-08-12,102855.13824610082,104939.76728423094,101836.31277094838
2020-08-13,103038.53632683012,104750.04507405817,101734.81313988048
2020-08-14,102795.33921643975,104753.16993464725,101460.80722665883
2020-08-17,103981.20016941735,105085.96758738354,102140.77786755469
2020-08-18,104099.30142706301,105312.941425105,102272.71978370854
2020-08-19,103210.109894928,104874.474144554,101805.86203671308
2020-08-20,103107.57083879293,105201.0015178188,102018.97493061348
2020-08-21,103041.07635103048,105574.18593783953,102090.0322765954
2020-08-24,103688.68689361686,106643.99840714343,103104.95254493025
2020-08-25,104094.80880371208,107017.20338545751,103429.72939655923
2020-08-26,105038.92154433591,108090.08931961711,104373.60076806147
2020-08-27,104575.13887177527,108326.40690166577,104241.65885190762
2020-08-28,105377.18815766394,109026.14953239134,104860.74492263157
2020-08-31,105132.45079854225,108631.18360056716,104495.37835755465
2020-09-01,106456.56731411722,109654.35958140848,105388.50413809763
2020-09-02,107505.92302006931,111240.37023841658,106606.41521941892
2020-09-03,104577.05638355592,107412.11792154831,103358.68049972663
2020-09-04,103856.25846332054,106535.12168556625,102658.38965465876
2020-09-07,103856.43256077974,106535.12168556625,102658.38965465876
2020-09-08,102157.70290179283,103624.28320940452,100273.35532872219
2020-09-09,103789.32766522196,105670.58377535378,102110.33558246873
2020-09-10,102772.8307598445,103835.76637308739,100608.27960871313
2020-09-11,103227.35244296952,103888.63202443476,100872.13809357281
2020-09-14,104605.60418871912,105256.9714714619,102211.83521353661
2020-09-15,105379.62370647346,105788.76312467146,102820.77385589857
2020-09-16,105323.03104724367,105368.93193704146,102485.85802505696
2020-09-17,104771.00747485191,104442.20518944776,101866.77195433302
2020-09-18,104152.242567015,103239.80200718841,100993.93258136467
2020-09-21,102696.1512781729,102090.7681544635,99309.17220219727
2020-09-22,103336.32730312251,103130.48328230422,99979.01231302983
2020-09-23,100984.09901896924,100738.80338808897,97989.8037355548
2020-09-24,100947.96461390941,101007.30497837576,98213.08095611588
2020-09-25,101735.24525086669,102640.26049824669,99420.82771077649
2020-09-28,103359.39204355796,104345.0878116663,101024.3664173013
2020-09-29,103412.26590724022,103776.81546690865,100689.45903560902
2020-09-30,104203.30148542009,104563.63274911461,101004.08000972666
2020-10-01,105140.29427935876,105234.94326013827,101623.17452959994
2020-10-02,104696.99613018442,104235.8102033688,100882.30242023348
2020-10-05,106276.61588701395,106084.22691668567,102688.83193974472
2020-10-06,104764.65620557942,104576.14247061757,101460.80722665883
2020-10-07,106628.91537926401,106396.44571777945,102871.51944685786
2020-10-08,107615.48158714976,107339.39295882564,103632.71176039631
2020-10-09,109145.82642948712,108297.94394452385,104434.48533823338
2020-10-12,109996.31297615467,110040.18735183895,105753.8622540252
2020-10-13,109359.63462735314,109322.09644429926,105114.46442827859
2020-10-14,109182.58011696543,108635.18218862357,104464.93607246868
2020-10-15,109186.11767700611,108500.9056956135,104028.52905970853
2020-10-16,108604.46849995352,108435.33501897633,104150.31509835106
2020-10-19,107390.27276783682,106786.72435872002,102901.97018109316
2020-10-20,108553.05079699658,107214.51160587613,103368.81947893927
2020-10-21,108134.59482203913,107011.57041307984,102952.73267035112
2020-10-22,107897.8652275264,107598.53024649188,103368.81947893927
2020-10-23,108547.30107385514,107963.83056101321,103866.12796017004
2020-10-26,106311.37816454079,105968.72014550338,101958.10725874025
2020-10-27,106175.22903871546,105603.3992726887,101450.65134914749
2020-10-28,103107.71023275662,101993.96943022896,98131.8846309213
2020-10-29,104395.84247379996,103030.59053492063,98974.24792220631
2020-10-30,103326.69174269828,101956.49166145343,97969.49198053214
2020-11-02,104860.73813542449,103099.28607214686,99116.33726672216
2020-11-03,106938.3056560667,104919.6098776021,101237.49620950037
2020-11-04,108571.31130803133,107264.43742127459,103145.55070752754
2020-11-05,111753.041751405,109356.42879419237,105327.60266962703
2020-11-06,111608.32087710926,109331.42990947978,105469.7004632922
2020-11-09,111409.43030498446,110705.25842083115,107063.1086397537
2020-11-10,111327.14447265687,110542.90957825277,107306.6891661881
2020-11-11,111863.74375143489,111364.09004779186,108057.72560221523
2020-11-12,110893.24043117135,110283.7517322932,106941.32260111118
2020-11-13,112924.42774124247,111810.57506274905,108270.84694526497
2020-11-16,114912.38433489366,113206.25703993058,109539.4951683962
2020-11-17,114654.59961813984,112597.392344955,109245.16905100254
2020-11-18,114082.76691239426,111242.31299713808,108311.45355701161
2020-11-19,114421.58622693048,111710.67203621878,108971.15468863152
2020-11-20,114800.00888226127,110945.66710325629,108656.5168162152
2020-11-23,116432.26489531554,111610.72789310181,109062.4984421881
2020-11-24,118043.53816958955,113409.17767443352,110787.83163650475
2020-11-25,117295.20103126588,113234.3602269389,110696.50478124687
2020-11-26,117294.92179723326,113234.3602269389,110696.50478124687
2020-11-27,117864.39543143252,113549.73472606177,111193.79636417895
2020-11-30,116705.92533680052,113047.01249964794,110564.54596679434
2020-12-01,118276.27883950593,114283.47049484018,111762.170640541
2020-12-02,117836.1521249254,114523.86889811864,111873.7839033735
2020-12-03,118777.13639088684,114492.65112966794,111965.14455522875
2020-12-04,120036.91439190976,115479.32586066781,113081.53910718346
2020-12-07,120515.27653934382,115242.02148053839,112665.43540029661
2020-12-08,120564.631156472,115579.23916634476,113030.81041452287
2020-12-09,119680.40738512932,114542.58722421307,112330.50267115633
2020-12-10,119972.54921278493,114505.15057202423,112432.00230222421
2020-12-11,119213.3082658052,114370.88435816082,112117.38132810658
2020-12-14,119189.53442997033,113858.84922485983,112111.23879653358
2020-12-15,120860.78647085206,115398.13088108528,113327.73886991445
2020-12-16,121361.47253060318,115579.23916634476,113593.54065912322
2020-12-17,122942.9180931852,116225.54051350916,114472.67464835274
2020-12-18,122868.29376258294,115761.44732029842,114125.08509349533
2020-12-21,122721.39521443803,115347.55747944633,113348.16891302793
2020-12-22,121937.55331510525,115153.14797838994,113266.38959652862
2020-12-23,122706.30158014297,115256.62814796297,113603.73878238126
2020-12-24,123054.28737421035,115705.02508420162,113920.64102682174
2020-12-28,123779.40382154005,116699.03912592716,114595.32250022834
2020-12-29,123417.21033053931,116476.41336724903,114636.23328135135
2020-12-30,125341.54344722709,116642.58605239034,114789.56844364388
2020-12-31,124945.3125633251,117235.20969562007,114912.23319381816
2021-01-04,126299.88059457617,115639.17687060425,114114.8700719386
2021-01-05,129142.82728090686,116435.60515495094,114994.01251031747
2021-01-06,130294.47696477879,117131.72952604706,115689.14092513623
2021-01-07,132988.4625799825,118872.01989549397,117018.09072713464
2021-01-08,133276.1973717586,119549.31286988224,117876.7946732507
2021-01-11,131931.9923684664,118743.44832888829,116793.19126989954
2021-01-12,133618.70083719032,118768.57056336096,117120.3169850461
2021-01-13,132741.9445090273,119088.39593299394,117304.33100860621
2021-01-14,133615.8717353806,118671.36067325943,117212.31132310214
2021-01-15,131486.83496920843,117805.90791899292,116077.61591366862
2021-01-18,131526.74159377566,117805.90791899292,116077.61591366862
2021-01-19,132876.7582684917,118730.89749079863,117018.09072713464
2021-01-20,134616.37066417758,120374.00880758403,118398.14098436477
2021-01-21,134790.68582998402,120483.74897748188,118377.6940429526
2021-01-22,133952.2167589351,120057.29801939346,117917.68855607502
2021-01-25,134002.97594176562,120530.78635266477,118193.68846854183
2021-01-26,132606.5063799094,120342.6368519332,118030.12983554322
2021-01-27,128722.48593387069,117401.41321820141,115198.4650261404
2021-01-28,129818.57850014146,118411.08240031233,115995.83659716931
2021-01-29,126379.75196247465,116040.55698995337,113971.75838035214
2021-02-01,130213.07918577264,117972.09088328091,115689.14092513623
2021-02-02,132079.28790491293,119640.26275965896,117150.978948015
2021-02-03,132055.40449520663,119734.34778917141,117304.33100860621
2021-02-04,131899.09954819398,121095.1834591261,118326.60203687023
2021-02-05,132968.58450938886,121571.78637383982,118786.58217629978
2021-02-08,135096.32296126932,122449.80024534267,119716.85886650776
2021-02-09,135895.87749806847,122368.2557747732,120043.96768335563
2021-02-10,135818.66273881914,122314.96867841217,119921.30293318134
2021-02-11,136515.60287759994,122512.52359835098,120330.2079648272
2021-02-12,137131.66014564972,123117.68780052371,120912.90354932711
2021-02-15,137131.51577439051,123117.68780052371,120912.90354932711
2021-02-16,138808.17234877334,123011.07249121493,121199.1269325
2021-02-17,138309.36575311105,123039.29902798333,120994.67441667707
2021-02-18,136037.22699103368,122515.63817979337,120360.8699277961
2021-02-19,138263.81600030293,122299.2621422934,120360.8699277961
2021-02-22,136551.79326400685,121358.57631351562,119573.73872577195
2021-02-23,136150.88932911571,121505.9587185358,119563.51525506588
2021-02-24,137451.4813926687,122844.85868948692,120514.22198838732
2021-02-25,132460.05824038398,119884.83449648731,117948.34206989457
2021-02-26,130588.4650182265,119267.10917707824,116813.62976216237
2021-03-01,134475.53170784994,122158.18085418476,119481.74438771592
2021-03-02,133288.99044038675,121204.93390817063,119021.72200253964
2021-03-03,131631.47520588437,119599.49566394756,117375.8784052501
2021-03-04,127600.08175268698,118119.5041257411,115965.17463420042
2021-03-05,129102.5462102431,120292.48489530792,117611.00133319128
2021-03-08,127870.54737675289,119693.52929772664,117028.30574869137
2021-03-09,130258.42005015422,121402.49910725611,118847.92300053626
2021-03-10,130812.44138441149,122158.18085418476,119522.6298213909
2021-03-11,134328.12812668525,123396.7357952986,120636.8867385616
2021-03-12,133993.98886988545,123562.93931787994,120739.10454732373
2021-03-15,134406.6637192635,124299.82050554077,121270.68277829322
2021-03-16,133752.74293901346,124143.0532396067,121434.24986044118
2021-03-17,134319.53762504214,124566.3587788127,121863.61028264854
2021-03-18,132382.4217931582,122753.92935800356,120166.6493318286
2021-03-19,132697.34407766114,122526.82189137532,120207.52631635423
2021-03-22,132309.04820368672,123505.17051356878,120728.889525767
2021-03-23,128484.54521732155,122533.09217084682,119604.39223959151
2021-03-24,126526.04369102199,121910.2169989538,118950.14925844774
2021-03-25,127987.92529153409,122596.03138593529,119635.06265170976
2021-03-26,130550.07384776458,124571.65253935012,121137.8030065622
2021-03-29,128761.29143198788,124508.71332426164,120974.22747526491
2021-03-30,129790.5221486932,124178.39294587391,120708.45103350417
2021-03-31,130700.96045965655,124681.73192108823,121127.57108670678
2021-04-01,133110.35228557678,126028.19734399185,122446.28896884977
2021-04-05,133696.73440094086,127837.12157578496,124122.7945291082
2021-04-06,133578.65103920456,127761.6006851668,123816.12420452315
2021-04-07,132775.0907842933,127909.44565178733,123887.68005031637
2021-04-08,133165.7066163947,128516.59372926825,124746.37554728308
2021-04-09,132684.9923666156,129450.94760369448,125288.16035065998
2021-04-12,131264.82750252352,129498.14944522417,125206.39793245935
2021-04-13,132181.23932266896,129881.92138631974,125850.41744289706
2021-04-14,133909.03403635116,129438.3659281648,125421.06546983903
2021-04-15,134845.82284946533,130828.84665712899,126770.4453149509
2021-04-16,134493.94672008752,131266.16267325246,127210.02075871502
2021-04-19,134292.49608236493,130621.21817344909,126688.67444760095
2021-04-20,131865.6660385722,129664.86692513924,125441.4955129525
2021-04-21,133618.95328722088,130891.78587221746,126525.107365453
2021-04-22,132910.25551841586,129696.3416722568,125656.19684692955
2021-04-23,134807.75450184304,131102.53921648645,126985.11285233058
2021-04-26,136755.329828564,131376.2317758439,127230.47614927652
2021-04-27,136785.79395150603,131347.93328504876,127138.4649129218
2021-04-28,137523.11104901528,131310.177979313,127220.2442294211
2021-04-29,137962.71617175813,132147.0033100908,127629.14926106697
2021-04-30,136169.58400077763,131278.7237904888,126361.55718160374
2021-05-03,136817.30940910472,131561.87316478684,127026.01518430425
2021-05-04,136076.16355538528,130750.22146421511,125799.28319106797
2021-05-05,137482.3893536655,130791.10163053992,126300.20790821791
2021-05-06,138017.13236970844,131835.53488670426,127281.58505365759
2021-05-07,139931.28963839455,132795.04183304321,128528.738640858
2021-05-10,138581.56248046336,131480.07171555053,127383.81131156905
2021-05-11,137182.85573537726,130306.64544776683,126054.87840786933
2021-05-12,134089.51144988913,127538.24510707479,123529.87547390223
2021-05-13,134389.37842296256,129070.31080233469,124909.94262943104
2021-05-14,137173.641702112,131052.202235221,126913.55700653736
2021-05-17,137393.86485713712,130718.74671709753,126463.76654121651
2021-05-18,137037.0453778834,129592.5325699902,126075.31690013215
2021-05-19,135506.79992499077,129252.74509751519,125390.39505772079
2021-05-20,136436.6802016175,130643.24638477272,126934.01239709886
2021-05-21,136386.8192136158,130536.3227010637,126944.2274186556
2021-05-24,137596.49095700873,131867.01991296854,128089.14629879521
2021-05-25,136558.54971377543,131574.44456116986,127843.81679844664
2021-05-26,137916.2239086,131835.53488670426,128027.82237285741
2021-05-27,139171.19578917432,131904.7649395576,128140.27210147495
2021-05-28,139519.06760559767,132140.70219317928,128395.83352167896
2021-05-31,139335.553260667,132140.70219317928,128395.83352167896
2021-06-01,140931.470963841,132024.31141538298,128528.738640858
2021-06-02,140913.16208050822,132231.93989906288,128753.6380980931
2021-06-03,139816.7954924859,131741.14148279157,128222.04296882491
2021-06-04,141196.3916148888,132946.07333513288,129397.66605768015
2021-06-07,141108.03223438986,132817.10088180687,129612.34204420916
2021-06-08,141312.0880714016,132845.399372602,129622.5570657659
2021-06-09,140532.00940869426,132647.1968664227,129397.66605768015
2021-06-10,140639.6878215504,133263.80175884423,129909.76899941203
2021-06-11,141304.58413417067,133484.00163890715,130280.68665560786
2021-06-14,140919.77055011902,133782.87810761732,130507.37733250385
2021-06-15,140567.93070655633,133537.484039055,130249.78811645733
2021-06-16,139180.05686031494,132791.88613501412,129559.43347101785
2021-06-17,138030.61103285314,132747.85027066022,129343.04230717203
2021-06-18,136525.83859749988,130957.02761616104,127364.73313235061
2021-06-21,138705.67861016592,132831.84117813822,129085.46154027486
2021-06-22,139056.80100817242,133541.96574700513,129559.43347101785
2021-06-23,139456.71231141195,133381.0045892278,129229.69696872403
2021-06-24,140286.11658528305,134170.0421671155,130260.0876295075
2021-06-25,141012.92834818616,134646.62452353587,130600.11519570215
2021-06-28,140766.92951992658,134918.0556706249,130527.98480775354
2021-06-29,140618.59473484862,134990.67784188082,130631.02218400202
2021-06-30,140857.27724285913,135104.27269178163,130414.6479184549
2021-07-01,141606.6106317303,135852.3067535844,130919.50993919908
2021-07-02,141675.1319774193,136890.69587150408,131723.20992308654
2021-07-05,141705.47520793823,136890.69587150408,131723.20992308654
2021-07-06,140432.53279284787,136641.35461061873,131352.29226689073
2021-07-07,141207.25133904803,137124.25864224395,131836.5637106839
2021-07-08,139398.41885397342,136006.9565153035,130363.09965830795
2021-07-09,142006.93497255084,137458.7831916216,132114.7435036814
2021-07-12,142904.6784671576,137951.2057130675,132681.47864507075
2021-07-13,141612.70478406412,137480.91419441198,131991.1324487806
2021-07-14,140772.1676565619,137686.0242871566,132300.19388263
2021-07-15,140457.62406846645,137215.78416423444,131578.95759633867
2021-07-16,138583.79249758477,136139.50611167224,130620.72267095184
2021-07-19,135935.99273662688,134129.01809273724,128611.47271123317
2021-07-20,138259.99752843712,136051.13628771086,130249.78811645733
2021-07-21,140721.47518194054,137152.63936621248,131671.70390868632
2021-07-22,140536.3603915894,137439.84900344702,131877.7617628846
2021-07-23,141331.6087026322,138853.81758256262,133114.227176165
2021-07-26,142027.67001474978,139194.70492373183,133196.64862801446
2021-07-27,140498.7719679774,138560.31710756326,132733.00155776966
2021-07-28,141521.4669736958,138503.51454303952,132970.00019686518
2021-07-29,143053.6707185841,139077.93381750854,133660.33794400597
2021-07-30,142432.5478342099,138402.4910895217,132743.30107081984
2021-08-02,142297.02473057734,138112.15659169812,132949.3758233168
2021-08-03,143324.9022548968,139235.74955640343,133825.19774600354
2021-08-04,142534.0090511721,138550.85001347595,133402.73182966077
2021-08-05,143564.88558373737,139428.2676944717,134216.70597915037
2021-08-06,143764.54678228954,139658.67476718247,134000.35706105127
2021-08-09,143294.0470869991,139545.0593589883,134020.96453630098
2021-08-10,143761.72915013746,139718.6330297353,134175.50792694968
2021-08-11,144503.63234316636,140065.83176696268,134659.77937074285
2021-08-12,144635.2109398115,140485.60127971263,134938.00985863645
2021-08-13,144275.4460123322,140741.26421580286,135350.14246533165
2021-08-16,144019.69977083348,141072.6741837381,135308.91906568292
2021-08-17,142573.95837098008,140147.8901948659,134278.57065064617
2021-08-18,141609.13204366682,138613.9639740579,133176.04115276475
2021-08-19,140674.4520744199,138828.58227747653,132681.47864507075
2021-08-20,141577.15667522352,139933.25133315392,133639.7135704576
2021-08-23,143155.93750269996,141164.18942658193,134907.0690737392
2021-08-24,143953.3747600005,141388.27482408783,135174.96625198523
2021-08-25,144844.35574944972,141684.94127626295,135391.34051753237
2021-08-26,143923.3806680166,140848.56822793884,134670.07888379303
2021-08-27,145926.46662029854,142107.88704533534,135834.41390912485
2021-08-30,145990.70040267138,142732.8077674166,136236.26390106857
2021-08-31,145851.57374496892,142521.3451620271,136030.2060468703
2021-09-01,145920.32979268063,142597.10247301878,136473.2456418654
2021-09-02,146353.31294404296,143035.8061739433,136906.002622109
2021-09-03,146074.02418048307,143001.1140539166,137091.45300105758
2021-09-06,146134.77503188024,143001.1140539166,137091.45300105758
2021-09-07,145604.57270718282,142489.7984608828,136741.14282011145
2021-09-08,144367.593567598,142316.1836735491,136308.38583986784
2021-09-09,144280.06060660997,141707.07227905333,135844.69652387634
2021-09-10,143737.96530384492,140589.73931467286,135071.94577403544
2021-09-13,144076.74748404394,140949.5608440166,135535.6012934296
2021-09-14,143588.83997694068,140188.9348275375,134886.47004763884
2021-09-15,144564.55408975887,141359.87354182595,135700.46954457648
2021-09-16,143832.6922205474,141135.77786517335,135504.6943051297
2021-09-17,142687.77248819682,139760.95227659456,134113.68550120058
2021-09-20,139766.8034742123,137430.57721314655,131846.86322373408
2021-09-21,140138.42093479348,137300.74131149988,132073.53700233137
2021-09-22,141616.67904574279,138640.07300661135,133237.8551293645
2021-09-23,143243.7483480449,140324.55788876195,134783.43267139036
2021-09-24,142906.5053988387,140555.71533917997,134546.43403229484
2021-09-27,143095.0431946987,140153.60540041697,134268.23734099863
2021-09-28,140504.05207601082,137329.2453852285,131403.7898321416
2021-09-29,140392.03866276483,137560.38227735317,131393.49031909142
2021-09-30,139563.70822115825,135879.08393067168,130301.29413085755
2021-10-01,140575.0642162392,137493.86591922195,131362.58333079156
2021-10-04,138947.43391582204,135720.77479273643,129837.62171316473
2021-10-05,140123.84630554757,137132.91368374397,130878.31188699837
2021-10-06,140002.49106592598,137702.89236684958,131135.89265389554
2021-10-07,141400.8078077869,138893.40257640643,132238.39680432895
2021-10-08,140794.84879844481,138640.07300661135,132094.14447758108
2021-10-11,140223.3603286213,137636.37600871836,131393.49031909142
2021-10-12,140167.22207819603,137297.56505517743,131166.81654049412
2021-10-13,141270.03787044392,137791.51916947783,131908.6940986325
2021-10-14,143154.25712387182,140109.2611616628,134010.63967580275
2021-10-15,143957.1822526519,141176.29826136457,134979.2163599865
2021-10-18,144424.68450725754,141594.25864429979,135174.96625198523
2021-10-19,145014.1577261531,142686.6338405544,136122.9185626206
2021-10-20,145875.20956612343,143247.09403383936,136545.376029814
2021-10-21,145527.9531193972,143620.69989887375,136679.311945213
2021-10-22,145397.06746684766,143471.8886924658,136772.05825756065
2021-10-25,146510.36014933864,144241.3033793517,137153.3007742547
2021-10-26,146586.01258681758,144371.10844355833,137338.7342549046
2021-10-27,145740.6495153685,143731.55021661246,136658.71291911267
2021-10-28,146865.31274610036,145118.38184850718,137926.0768715436
2021-10-29,146586.7721150418,145412.8280050006,137905.47784544327
2021-11-01,147695.45528178065,145662.9607601799,138492.78666548492
2021-11-02,147858.52345479868,146251.89418975345,138781.27442068196
2021-11-03,148114.30434621713,147144.8025447878,139739.5515918155
2021-11-04,148343.45439468135,147838.23377945516,140048.64682226226
2021-11-05,148718.07288639323,148351.1837568102,140502.01127775555
2021-11-08,149792.4092403333,148477.83312298774,140594.76603925254
2021-11-09,149313.02378879872,147987.02442756973,140172.29167376042
2021-11-10,147679.6403073527,146796.50393886623,138791.59083203084
2021-11-11,148590.37189008066,146844.01415479614,139090.37810027806
2021-11-12,149318.69630930483,147952.20895778292,140161.98371156093
2021-11-15,148946.851902274,148002.86459259526,140048.64682226226
2021-11-16,148729.26415456872,148588.66288243307,140388.70818505427
2021-11-17,148205.23683081032,148227.67980951507,140017.75673226107
2021-11-18,147992.99776637022,148731.14213448946,140357.76740015703
2021-11-19,147141.5922941837,148465.15893513797,139739.5515918155
2021-11-22,146898.2435942743,148047.2191104961,139018.28995807617
2021-11-23,147333.30492908685,148243.50969539394,139028.55567452897
2021-11-24,147515.89486163013,148639.30823809875,139131.6014999268
2021-11-25,147569.50750300597,148639.30823809875,139131.6014999268
2021-11-26,143933.2350573723,145324.180644079,136009.57322417258
2021-11-29,144919.60137047488,147106.80053953186,137204.81523780426
2021-11-30,142777.67995618918,144244.47963567416,135082.25373623497
2021-12-01,141290.34926730514,142642.32043924028,133485.16173065954
2021-12-02,143338.5618944825,144827.09139004283,135381.05790278089
2021-12-03,141544.34626923112,143566.89884517898,134360.97520419693
2021-12-06,142651.00398492446,145267.19305491511,135751.9924572754
2021-12-07,145373.9357526219,148272.00348997588,138585.51607953387
2021-12-08,146179.21993009886,148664.63605550493,139059.52180687425
2021-12-09,144643.50767768087,147660.89794102524,137864.26289494388
2021-12-10,145378.2275231497,149050.91610838906,138667.94598053265
2021-12-13,143644.42138156472,147730.58027633224,137458.98254836653
2021-12-14,142608.30248518466,146714.18853229616,136358.97934613892
2021-12-15,143730.7092298038,149006.60270707496,138434.43684011616
2021-12-16,143371.63795879166,147692.57827107632,137770.29145594136
2021-12-17,142064.7350909629,146120.71171989242,136307.08467086888
2021-12-20,139693.48866294994,144566.9467460025,135165.5792470642
2021-12-21,142294.17846879552,147134.30753603304,137344.8429898802
2021-12-22,143915.85769655503,148605.46928724603,138558.97730144477
2021-12-23,144754.67384735923,149530.09908891813,139555.2249497297
2021-12-24,144768.59416596274,149530.09908891813,139555.2249497297
2021-12-27,146214.7630005101,151646.2670148145,141091.0690717114
2021-12-28,146232.4391398301,151522.3519016524,140945.78594874358
2021-12-29,146617.9699150046,151716.154933055,141039.20819303874
2021-12-30,146461.5311673902,151296.76574873202,140838.79437060218
2021-12-31,146076.916195326,150915.42996539833,140506.54002180387
2022-01-03,146756.7694159991,151789.24994505796,141264.530107741
2022-01-04,147408.68186050217,151738.41956475214,141264.530107741
2022-01-05,145083.56053995946,148824.69264837485,138897.12070733574
2022-01-06,145141.6845003126,148684.9065327472,138637.52059374537
2022-01-07,144430.10347984656,148097.07297186783,138294.89913870217
2022-01-10,144043.59520091504,147912.79870943257,137723.79578710205
2022-01-11,146069.72867299413,149260.02478919012,139156.70392262744
2022-01-12,146876.4754436002,149663.54297104754,139769.30949580463
2022-01-13,145761.15019933283,147601.40224007276,138076.8434924356
2022-01-14,145721.54128014922,147661.74083105256,138097.60305237348
2022-01-17,145791.00959127725,147661.74083105256,138097.60305237348
2022-01-18,143745.05796781505,145046.715637892,135615.99494943648
2022-01-19,142358.46127270695,143540.6459045721,134639.95766638214
2022-01-20,141149.16221615454,141951.9215528419,133383.60295554623
2022-01-21,139102.88400628648,139165.30656424252,131026.58600883393
2022-01-24,139249.9890170711,139756.29582315098,130933.13841709074
2022-01-25,138919.98896375622,138050.00887090358,129635.2307897817
2022-01-26,138348.33457323935,137703.67358199685,129188.73549270496
2022-01-27,136844.76067336014,137023.7080294732,128503.45878602115
2022-01-28,138327.96917174474,140426.72232756062,130767.01124269159
2022-01-31,140822.26693337207,142955.99887916184,133238.22689193563
2022-02-01,141651.34132310929,143921.92001302572,134328.46287752173
2022-02-02,142526.77583283687,145320.00731052912,135449.86777503733
2022-02-03,140765.35248531573,141904.25714971186,132532.16527786592
2022-02-04,140428.7358604532,142571.51767694575,133134.3868464995
2022-02-07,140416.69442415025,142113.99285846006,132968.251222951
2022-02-08,141376.08782372033,143283.25607184056,133923.52894606747
2022-02-09,143235.30127468836,145380.37673894895,135969.02575647135
2022-02-10,141075.71168453738,142768.5278021108,133850.84936341151
2022-02-11,139291.48560058835,139953.3265066094,131493.84086584856
2022-02-14,138449.2566057382,139495.74001324366,130943.513972485
2022-02-15,140463.58673440033,141745.37237956285,133217.4588828484
2022-02-16,140829.37526133764,141904.25714971186,133456.27408905287
2022-02-17,138986.87356381255,138872.96763281737,130870.83438982905
2022-02-18,138467.76781134825,137973.77871916487,129894.82245422273
2022-02-21,138396.8863702167,137973.77871916487,129894.82245422273
2022-02-22,137409.47585538516,136493.07791983787,128347.69871786694
2022-02-23,135728.7529588724,134071.8865955199,126489.09709094944
2022-02-24,136125.54147118353,136089.54945883376,127112.08666867024
2022-02-25,139150.26896596834,139092.2321105329,130081.7176377091
2022-02-28,138999.87592079895,138736.35777351217,129354.88801455214
2022-03-01,138136.91743202132,136623.3661039382,127257.4542831315
2022-03-02,139957.1763046944,139136.70997819383,129354.88801455214
2022-03-03,140044.87475447016,138444.0291212337,127963.51589720123
2022-03-04,140051.50053769763,137319.22321722077,126250.27343559563
2022-03-07,138089.56689896065,133271.15134871655,122470.7577053496
2022-03-08,137542.52405577566,132260.71123060505,122055.43132020239
2022-03-09,138826.55682669213,135806.770133816,125814.17059221186
2022-03-10,138913.91755446448,135193.49568491703,125045.82184917913
2022-03-11,137738.38567734938,133474.53454481985,123457.19589124627
2022-03-14,136851.17306939152,132499.04352540194,122969.17302514441
2022-03-15,137914.12427606146,135412.74988348587,125295.02950907654
2022-03-16,139416.1277971534,138415.432535185,128576.12991952777
2022-03-17,141196.41279025062,140147.12953801197,129925.95756955487
2022-03-18,141575.76681660544,141682.1350692208,131597.67246213535
2022-03-21,141876.62787851357,141640.69982897557,131462.6888522177
2022-03-22,142648.33625954087,143298.08888049197,132989.02768118758
2022-03-23,141907.2931191295,141452.64284056408,131338.08079769433
2022-03-24,143057.7919725598,143584.94902673954,132957.8672184074
2022-03-25,144121.70636909897,144286.17185458625,133362.82649730967
2022-03-28,144180.95148300074,145312.4521377233,133954.66406139964
2022-03-29,145500.6416591675,147110.11042476108,136031.31288543434
2022-03-30,145347.83791852437,146201.7319539815,135169.4912032104
2022-03-31,143973.07469291508,143951.4931180085,133072.09971753648
2022-04-01,143996.92820815594,144359.46217037603,133747.00931797537
2022-04-04,144580.26879349828,145596.13602764843,134702.2616936438
2022-04-05,142693.3033859436,143757.08361695212,132916.33964938228
2022-04-06,141634.75209296469,142319.59635024506,131462.6888522177
2022-04-07,141993.0201290086,143036.76213458405,132033.7668563698
2022-04-08,142282.64930974372,142654.24424938278,131649.5840357041
2022-04-11,140885.45798358452,140215.97926243834,129676.7752571055
2022-04-12,141016.039894303,139696.44035206488,129084.90389641817
2022-04-13,142983.15772213278,141296.45120684378,130715.09121997352
2022-04-14,141880.36556764753,139537.08274116882,129386.03157903363
2022-04-18,141702.46351381452,139594.43010046633,128949.92873564985
2022-04-19,142818.30767404975,141847.9068676418,130559.3311518193
2022-04-20,143545.44645277422,141742.69980142746,130746.24323360436
2022-04-21,141396.35344569656,139623.13975712843,128794.18556579432
2022-04-22,138418.28926663232,135791.9990000446,125616.89985333121
2022-04-25,138425.79262695852,136579.26856470425,125918.00218849866
2022-04-26,135745.07051320403,132623.811807738,122533.07863090998
2022-04-27,136138.87663942223,132996.70841165187,122989.92413593296
2022-04-28,138558.92010257975,136356.15968613242,125637.68476071714
2022-04-29,135190.3922184633,131317.0136118516,121920.44771028476
2022-05-02,134603.34510011767,132107.46971198037,122356.55055366854
2022-05-03,135663.34135339755,132713.05535916676,123010.70904331887
2022-05-04,138798.56629554715,136754.55885294592,126187.98630663264
2022-05-05,134884.33293139146,131893.93071896257,121588.19336148647
2022-05-06,134237.44115779753,131106.65087515628,120799.05126191847
2022-05-09,129158.63722221785,126908.95574765682,116884.56037090413
2022-05-10,129208.57137726214,127202.19924398932,117154.52759073942
2022-05-11,128831.10283436591,125181.45263667307,115607.41230353298
2022-05-12,128752.87175647986,125050.7738449991,115565.90163280656
2022-05-13,131688.62709361583,128040.47393444824,118535.50725439738
2022-05-16,132146.10989828143,127520.94530322147,118182.46799821318
2022-05-17,134718.21376316765,130144.0807431083,120581.00406480125
2022-05-18,130629.95563038893,124897.79958418796,116334.24192668994
2022-05-19,130945.57169329554,124132.82548866549,116282.33035312122
2022-05-20,131501.0873838877,124186.99659164055,116624.98560476181
2022-05-23,133973.2120866082,126510.53602254998,118628.95484614056
2022-05-24,133420.44583578143,125544.83075076625,117777.52561760959
2022-05-25,134546.12459318715,126653.99179354047,118649.73130437714
2022-05-26,136640.06417394866,129184.70742567611,120726.38012841187
2022-05-27,139269.68870479357,132356.10171174517,123218.37223589247
2022-05-30,139346.64983308114,132356.10171174517,123218.37223589247
2022-05-31,137883.31767089182,131613.44364365324,122460.37370080598
2022-06-01,137463.67534570053,130548.87353915337,121494.73732059394
2022-06-02,139136.93063065648,133034.9982330147,123955.56896529435
2022-06-03,138026.45029588536,130851.68692103992,121910.07215489048
2022-06-06,138148.2457001622,131250.07580870672,122346.16654912492
2022-06-07,139107.67801234967,132509.05541426298,123363.72295205505
2022-06-08,137718.62267972928,131068.41244952682,121951.5997239156
2022-06-09,135467.41323651955,127951.2303830195,119110.26908766339
2022-06-10,133332.45261475682,124241.18825290895,115727.45781741067
2022-06-13,128638.69105219495,119523.98505247607,111276.4121464633
2022-06-14,127767.94961882291,119163.80375299869,110721.32838201916
2022-06-15,128692.84840758216,120862.64860305369,112554.11785769115
2022-06-16,125542.6861154088,116862.5700703731,109181.78353262483
2022-06-17,124602.26352335676,117114.51195536712,109276.03379355567
2022-06-20,124629.2557256974,117114.51195536712,109276.03379355567
2022-06-21,126678.45235080666,120062.68429225094,111548.70288236816
2022-06-22,125872.87387062168,119845.01308226997,111182.1534363831
2022-06-23,126026.98898071192,121019.81675570806,111873.37834420499
2022-06-24,128198.06607100765,124867.48638064461,115266.63276304673
2022-06-27,128568.23448487671,124390.53397494396,114983.86508195548
2022-06-28,127726.12772594877,121848.89160989322,113035.8799041292
2022-06-29,127307.13276757437,121749.6567278968,112836.8855387824
2022-06-30,126488.31040778047,120760.5252808417,111936.206218726
2022-07-01,127261.36514958774,122037.76065089201,112857.83098000585
2022-07-04,127263.21220093087,122037.76065089201,112857.83098000585
2022-07-05,125085.2724112522,122268.22939848284,112376.0858318665
2022-07-06,125105.95103245725,122681.17355784086,112648.368118622
2022-07-07,126825.6880055956,124518.59158421592,114376.43883732607
2022-07-08,126952.34434697356,124416.17016675038,114418.32127062364
2022-07-11,125932.46065016759,122994.88283520246,112763.58071907499
2022-07-12,124851.32883138071,121906.51650615093,112187.56841170609
2022-07-13,124737.88969339468,121266.29013467122,111820.99361827302
2022-07-14,123673.99007297056,120971.80286159109,111004.09606311041
2022-07-15,125089.31758800069,123282.99703734435,112889.2533664157
2022-07-18,124928.8565474609,122265.04286301372,112533.1724164677
2022-07-19,126672.25691158703,125568.54474214453,115591.31667403292
2022-07-20,126267.7918351405,126368.80714820082,115905.49829238467
2022-07-21,126858.59101178306,127655.65352039188,117151.79851550136
2022-07-22,126688.81825274092,126471.24912395973,116188.28287177462
2022-07-25,128254.39639314704,126624.89152930472,116586.2547041695
2022-07-26,127934.38564967456,125126.80869295099,115036.22446043944
2022-07-27,129806.2129487926,128375.88249043988,118000.1184570738
2022-07-28,131800.0429834595,129986.01830469324,119298.79495697313
2022-07-29,132805.27411796036,131881.07150647268,121037.30037511689
2022-08-01,132666.7549951495,131490.52560771856,120838.31445891943
2022-08-02,132104.14932495574,130623.03758241048,119780.54855426183
2022-08-03,132249.67065038584,132668.53637491912,121299.13951328337
2022-08-04,132309.87831006083,132578.90221591675,121487.65693344377
2022-08-05,132460.85479060587,132354.8065392642,121110.63054227232
2022-08-08,133409.65979452772,132201.1538547725,121068.73965982541
2022-08-09,133377.81581781976,131676.19783410156,120461.28806774798
2022-08-10,134905.3749732693,134441.90503836487,123131.92053980601
2022-08-11,135331.4796466215,134441.90503836487,123163.34292621586
2022-08-12,136971.0436862537,136717.87257846433,124870.45975454715
2022-08-15,137083.02565036502,137281.27260769822,125006.60934707423
2022-08-16,136967.6245330402,137550.14424726527,125257.95464175564
2022-08-17,136446.1024272714,136573.84117526008,124273.49355680545
2022-08-18,136771.5218452045,136970.78070324575,124283.97050199185
2022-08-19,135437.57035363012,135130.15558310825,122618.73610695812
2022-08-22,134765.18139220658,132316.42420558128,120157.57494543328
2022-08-23,135742.46555653337,131996.31101984144,120157.57494543328
2022-08-24,136035.63193147513,132418.86618134018,120492.71045415783
2022-08-25,137005.78857147985,134288.2831913132,122063.66924081267
2022-08-26,135070.30335791485,129742.74174034588,118251.4806500539
2022-08-29,134934.58879303958,128884.85443803185,117591.66123034316
2022-08-30,132882.1403300015,127469.96073571553,116397.74573315846
2022-08-31,132010.09180047808,126500.04101379523,115497.05796395271
2022-09-01,131555.09934980547,126897.02165836762,115161.91400607882
2022-09-02,131125.71781280372,125558.95429829713,114135.56203868173
2022-09-05,131042.66011219859,125558.95429829713,114135.56203868173
2022-09-06,130709.63426998536,125085.19870721229,113643.32304705729
2022-09-07,132416.78478359355,127332.35379918289,115392.32230868613
2022-09-08,133069.97641157862,128164.61518883718,115989.28005727848
2022-09-09,134634.36113667281,130155.67562055723,118241.0037048675
2022-09-12,135631.3003700163,131554.56469150123,119612.96812617555
2022-09-13,132140.28402788244,125834.21956709579,114722.04284208769
2022-09-14,132854.93435457663,126314.39962485226,115172.39095126522
2022-09-15,131019.85716372407,124880.31475569449,113999.40399700528
2022-09-16,129937.84674336665,123927.60232530744,113119.67011817233
2022-09-19,130713.70718836001,124888.6408645009,113779.47263958439
2022-09-20,129641.26937413623,123455.12134841023,112386.55432790355
2022-09-21,128556.3715384686,121301.60928264508,110585.17878949206
2022-09-22,127385.36701517976,120282.68886852704,109663.54557906288
2022-09-23,124614.94224055031,118267.37992980165,107233.79835479854
2022-09-26,123041.94923761801,117097.40745530062,105935.1387531979
2022-09-27,122665.7348230568,116798.47959085707,105652.37107210665
2022-09-28,124866.63973359237,119096.62952948028,107820.28760735384
2022-09-29,122717.30648161002,116608.82933471102,105956.08419442135
2022-09-30,121756.62733825936,114805.651145909,104678.36158489481
2022-10-03,123810.18753349471,117836.67340498995,107244.25840168625
2022-10-04,127188.55648978133,121488.01132844196,110899.3773061425
2022-10-05,126655.87059075994,121205.17032854415,110480.46003252416
2022-10-06,126024.19318338894,119954.83548534122,109118.95565810382
2022-10-07,123776.23606684692,116608.82933471102,106354.0644759656
2022-10-10,122975.90578026339,115718.49076634533,105683.78500936714
2022-10-11,122688.52396310857,114985.63900418094,104783.09724016141
2022-10-12,122095.82127680453,114606.33849188883,104458.42177832457
2022-10-13,123754.86624716863,117630.93628429816,107150.0081407554
2022-10-14,121614.31498286373,114950.27873962038,104688.83853008121
2022-10-17,123836.93281140002,117904.16628205526,107380.41644336269
2022-10-18,124706.68280548038,119289.48687938882,108532.45795639917
2022-10-19,123938.87711903697,118444.16069431113,107610.83319511932
2022-10-20,123105.77593724483,117450.96898431957,106909.13134211104
2022-10-21,124936.5372500953,120305.18992059771,109213.21436818402
2022-10-24,124762.47829044981,121777.30763245143,110040.57197023432
2022-10-25,126342.57373341355,123721.91660034904,112124.71518973705
2022-10-26,127395.84171149379,122789.77274245783,111852.4244538322
2022-10-27,127124.66310256805,122134.07625523285,111276.4121464633
2022-10-28,127741.8310077069,125039.71348317726,113402.43779926359
2022-10-31,127499.66973339491,124136.5465397617,112501.75003005785
2022-11-01,128396.91958576151,123593.32447545,112522.6954712813
2022-11-02,126520.9170832491,120491.60224554126,109935.85321326641
2022-11-03,126343.79993530622,119250.94007935912,108857.11651993734
2022-11-04,128512.10055274417,120967.30059534762,111140.25410478686
2022-11-07,129172.91546561121,122124.4344156521,111988.56559720995
2022-11-08,130087.6617699474,122783.34827578622,112794.9946563355
2022-11-09,127634.12519864744,120253.7530706381,110658.48360919947
2022-11-10,132474.60981497116,126862.2061885808,116764.28672999417
2022-11-11,133566.27979914943,128090.05025885974,118366.6763522082
2022-11-14,132250.25987675434,127000.38875732724,117183.2209019112
2022-11-15,133085.2463371256,128083.60523389479,118199.10437327126
2022-11-16,131670.34869752964,127106.49010930228,117434.56619659261
2022-11-17,130696.15774911431,126717.55803657608,117130.83617597922
2022-11-18,130855.92877100137,127292.89215509917,117570.72423826906
2022-11-21,130398.91820047525,126830.0632969294,116869.01393611141
2022-11-22,131793.2158049313,128536.81281077715,118534.2398819958
2022-11-23,132338.49079713007,129346.78901044095,119445.40459638793
2022-11-24,132425.06205928343,129346.78901044095,119445.40459638793
2022-11-25,132339.96262241865,129317.86349169866,119602.49118098915
2022-11-28,130837.94951080358,127254.34535506948,117832.56337643554
2022-11-29,131325.1131144848,127035.76958018115,117727.81927201961
2022-11-30,133650.97120883645,131037.482497183,120901.16768088847
2022-12-01,133437.12419756572,130941.04354308207,121299.13951328337
2022-12-02,133688.48743205384,130789.99148269907,121162.98992075627
2022-12-05,130819.94326423977,128437.17704206042,119005.5334323968
2022-12-06,129786.4471464611,126585.76909706126,117623.09206590235
2022-12-07,129974.7982006672,126370.43125337541,117476.45707903951
2022-12-08,129906.38088460406,127360.39531131115,118324.7854697613
2022-12-09,128784.27420110615,126408.98833255177,117717.34232683321
2022-12-12,129606.44406735667,128231.45020051532,118911.2747223166
2022-12-13,130047.26252125406,129202.1408584362,120123.47417868143
2022-12-14,129635.32350736886,128376.1189108134,119564.32637340289
2022-12-15,127819.14818899268,125235.7984851416,116504.80490449462
2022-12-16,127022.06664122372,123757.26658576293,115280.97941863262
2022-12-19,126779.18534570819,122707.82738516806,114458.07451828654
2022-12-20,127476.00405709764,122875.74752524405,114742.92913926572
2022-12-21,128817.40019542791,124713.05248100568,116325.44636222298
2022-12-22,127725.39268425999,122933.86582054214,114880.08418056474
2022-12-23,128323.18552823219,123641.0094368734,115460.34641005361
2022-12-27,127942.48864945576,123153.42839351123,115186.03632745557
2022-12-28,127164.94227425788,121622.90457025252,113803.9751726816
2022-12-29,128424.08531988745,123812.14694985852,115776.83464617624
2022-12-30,127912.88523833998,123486.01018416736,115259.89034187033
2023-01-02,128106.34776051842,123486.01018416736,115259.89034187033
2023-01-03,127788.57331315191,122966.152620247,115101.62932551032
2023-01-04,128706.03003219352,123915.47293223144,116230.4779235979
2023-01-05,127854.8974794672,122501.18569956892,114869.53964218359
2023-01-06,130399.3013764443,125310.39425255904,117580.90546322841
2023-01-09,130144.67616215856,125239.34479074433,117718.06895367677
2023-01-10,130504.19303179551,126117.61564091405,118361.60686260188
2023-01-11,131485.76119845372,127712.76445931586,119648.73337534814
2023-01-12,132796.9125878841,128177.73137999394,120577.13435440177
2023-01-13,133192.16906472397,128674.99537952356,121115.18463376866
2023-01-16,133257.04421443347,128674.99537952356,121115.18463376866
2023-01-17,133117.44558091843,128439.27398798203,121104.64854453686
2023-01-18,131821.063838487,126411.47588604702,119712.02595308305
2023-01-19,131047.2103200296,125491.21472171163,118952.43052877058
2023-01-20,132434.36587233163,127829.01132905872,120861.98897538095
2023-01-23,132982.81576080344,129362.76280437324,122064.69158788328
2023-01-24,133099.14000318147,129223.942928533,121948.64252164525
2023-01-25,133141.49127062183,129272.36798851695,122191.30209080115
2023-01-26,133787.30944909583,130693.11052529112,123204.11007180002
2023-01-27,133416.27076887133,130993.38495794903,123383.46016492232
2023-01-30,132222.77821626197,129349.86247529664,121990.8544717672
2023-01-31,133818.20848801444,131251.741030468,123446.76964095593
2023-02-01,134804.38172802344,132646.6315133556,124744.42379378465
2023-02-02,134983.12692534487,134577.5794953227,125999.89134393944
2023-02-03,133474.01028168245,133147.12316494103,124670.57822851924
2023-02-06,132413.7977447875,132333.4361933277,123752.73023699611
2023-02-07,133610.4950076731,134064.18751466065,125176.9948927427
2023-02-08,132492.31677765603,132598.2167325183,123995.35600955464
2023-02-09,131698.22218558082,131448.6997598997,123246.31357277265
2023-02-10,132126.67290111302,131755.46033410926,123256.86656030314
2023-02-13,133094.28380185104,133302.13269679373,124628.37472754662
2023-02-14,132890.59232038236,133240.78674943984,124786.62729475727
2023-02-15,132635.37828731938,133673.47714955974,124965.96893873024
2023-02-16,131603.1389820664,131832.94454174227,123605.01375901725
2023-02-17,131254.32957779558,131503.59040314198,123309.60615050756
2023-02-20,131296.3007199178,131503.59040314198,123309.60615050756
2023-02-21,129180.19717744905,128865.50908399028,121199.58318656457
2023-02-22,128965.96276613238,128687.91626689352,120925.28155311587
2023-02-23,129644.3115134243,129372.4457605407,121505.55223175409
2023-02-24,128517.06853672992,127990.45560672971,119901.92903373585
2023-02-27,129247.63921197172,128426.36337975875,120650.98836881653
2023-02-28,128965.02613103646,127951.71350291322,120250.0846815993
2023-03-01,129798.88699368513,127460.89452834855,120091.83211438864
2023-03-02,130213.75275382612,128452.1845962053,120777.59042258505
2023-03-03,131779.4426197536,130512.27977699185,122666.05979243312
2023-03-06,131284.79884893866,130602.70543028816,122613.31175307935
2023-03-07,129045.57928642648,128600.71826565303,120672.08589472817
2023-03-08,129417.0878069422,128810.61844074802,120956.932066558
2023-03-09,127014.84564664026,126434.07972958444,119057.91815832877
2023-03-10,125698.15309831446,124609.69566119275,117369.90485666398
2023-03-13,126504.9037102822,124432.11312324266,117032.29374718168
2023-03-14,127761.37677356157,126488.9703728267,118815.26703832221
2023-03-15,124652.30212380156,125697.8872447508,117148.35126256906
2023-03-16,126691.35599216081,127903.2678846359,119100.1216593014
2023-03-17,126285.46115076293,126407.73427665747,117696.95452946646
2023-03-20,127844.86487211409,127623.23309178025,118984.07259306336
2023-03-21,129500.89123514439,129298.98069925746,120682.63888225866
2023-03-22,128222.366576002,127094.86439441332,119121.22763436238
2023-03-23,129234.55086854048,127438.47570945129,119311.12226586584
2023-03-24,128804.73319812605,128274.73568716198,119659.27791372928
2023-03-27,129048.01519660774,128514.57901652003,120228.98715568766
2023-03-28,129797.93265691081,128226.1153233912,120134.03561536127
2023-03-29,131293.3972209145,130089.86852354654,121758.73944099245
2023-03-30,131991.32181248855,130851.57385042649,122644.96226652148
2023-03-31,133242.9482953514,132695.86862592684,124143.07248753349
2023-04-03,133668.60700725354,133201.52040914292,124723.32626787301
2023-04-04,132566.3850398035,132462.48060068043,124248.56011709169
2023-04-05,131571.39094524452,132115.68275017335,123710.51828687414
2023-04-06,131224.84680310934,132631.03804785025,124153.62547506398
2023-04-10,132288.98597947805,132767.1853455551,124269.67454130203
2023-04-11,133805.52562325133,132802.83342622255,124427.91865936333
2023-04-12,133780.41576526762,132261.53356233903,124322.41413150645
2023-04-13,135308.74528070737,134018.31168305196,125989.33835640895
2023-04-14,134930.02101930484,133690.95169890652,125693.93919704862
2023-04-17,134796.6781102584,134170.66919506263,125873.28929017091
2023-04-18,136083.21521146843,134258.18584985004,126200.34741212272
2023-04-19,135136.49636784612,134235.5100522859,126010.44433146993
2023-04-20,134659.79135096155,133502.93582708173,125514.58065477696
2023-04-21,133879.52178283286,133606.67297532162,125778.34619899385
2023-04-24,134247.9494912377,133746.05820422896,125926.03732952468
2023-04-25,132174.7831940241,131623.0032500606,123953.17785603004
2023-04-26,131531.5753636119,131065.48289272457,123552.27416881282
2023-04-27,134156.1202429216,133674.7517637474,125736.1342488719
2023-04-28,134626.9475191082,134815.67536974605,126379.68905609568
2023-05-01,133882.65291862143,134679.53835118786,126253.09545147649
2023-05-02,133462.58774520532,133165.85177018214,124881.58728423301
2023-05-03,133389.5492505192,132251.81976873154,124343.53700486611
2023-05-04,133066.2777393446,131315.0811322768,123742.17724946562
2023-05-05,135017.7291711604,133746.05820422896,125915.47589284484
2023-05-08,134060.86758757976,133781.7062848964,125968.2408304973
2023-05-09,134008.5357204585,133195.03426759128,125451.29652619139
2023-05-10,133895.83844421172,133817.37492385722,125757.23177478353
2023-05-11,132883.89791204338,133584.00745690416,125461.82416627386
2023-05-12,132554.39480697652,133408.94330988935,125282.4825223009
2023-05-15,133945.71090784806,133869.22293968382,126031.53340823222
2023-05-16,132933.61130805142,132974.6185254482,124944.87986196794
2023-05-17,134160.0217732919,134588.80432349132,126137.03793608911
2023-05-18,134466.1364190931,135885.2925352631,126949.39829805405
2023-05-19,134555.44454546215,135687.59370727086,127012.70777408766
2023-05-22,134441.47176966188,135742.68993344664,127097.09787773422
2023-05-23,133042.42845434122,134219.27927968674,125577.89013081057
2023-05-24,131418.89595267584,133246.88228341786,124396.27659507055
2023-05-25,132104.40360917407,134400.78845166654,124923.77388690696
2023-05-26,133702.37941753655,136141.36663722034,126506.2911098642
2023-05-29,133702.75338570253,136141.36663722034,126506.2911098642
2023-05-30,133944.8016858696,136193.23521134027,126094.84288426583
2023-05-31,132242.86023610499,135438.02630515868,125124.22150594089
2023-06-01,133804.64815509913,136724.82128161634,126632.89316363273
2023-06-02,135810.66457363724,138702.0048653257,128531.90707186196
2023-06-05,134926.8235221955,138436.216969761,128141.55637217523
2023-06-06,136476.57568838543,138737.66322513984,128690.15963907262
2023-06-07,135309.0210061461,138257.94572898373,127997.76874864128
2023-06-08,136187.245913397,139094.19542754773,128839.2871249919
2023-06-09,136245.86046472826,139343.7731088066,128988.42306006052
2023-06-12,136924.14965923558,140607.90256684684,129989.74864710108
2023-06-13,138037.57465855393,141534.91713054743,130969.75703034706
2023-06-14,138390.8637876795,141703.4540194239,131214.75701387122
2023-06-15,139553.2347659889,143460.27325672354,132833.90129923413
2023-06-16,139543.66863316446,142971.61290296054,132397.16476964956
2023-06-19,139465.35727366255,142971.61290296054,132397.16476964956
2023-06-20,138835.05801100706,142229.82856233593,131278.6579303589
2023-06-21,139413.33727253028,141501.07817969468,130927.14797020593
2023-06-22,139256.82473357435,142011.87981539476,130905.83076641135
2023-06-23,138308.10693876067,140938.25378267458,129734.0942862543
2023-06-26,138085.83634178416,140362.40570681778,129467.79399723426
2023-06-27,139606.25860063807,141901.2556388829,130809.96671795582
2023-06-28,139378.0836153766,141972.81905803134,130831.26702345171
2023-06-29,139335.72853661358,142532.40552384895,131214.75701387122
2023-06-30,140445.57875338057,144214.38229421098,132642.1563040244
2023-07-03,141157.06010412454,144380.2980006854,132940.42817416164
2023-07-04,141162.7866638313,144380.2980006854,132940.42817416164
2023-07-05,140020.6031721462,144165.5974640934,132258.68321190355
2023-07-06,138170.72003078586,143036.669622264,130778.0120351373
2023-07-07,138596.00321607885,142675.53236214584,130884.5389100648
2023-07-10,139599.5728214645,143036.669622264,131289.32075683086
2023-07-11,140578.68985952542,143947.59732141884,132279.98351739947
2023-07-12,142339.3960625662,145105.7898938308,133718.0287357259
2023-07-13,144542.6527853686,146257.4654872511,135262.61772727853
2023-07-14,143505.7327956531,146166.3819685676,134900.4449406536
2023-07-17,143496.087983869,146673.8942773318,135198.7083616415
2023-07-18,144176.5052644886,147763.78192009116,136274.58924249237
2023-07-19,144325.44347699458,148092.3548435442,136455.69675867818
2023-07-20,142485.46414147574,147109.8534460942,135635.45334037542
2023-07-21,142459.19449786868,147109.8534460942,135710.01708333506
2023-07-24,142411.5720402105,147767.040409587,135912.41645586744
2023-07-25,143147.88932934293,148170.445520831,136263.93486516975
2023-07-26,143435.43685022474,148193.22410986188,136359.79891362527
2023-07-27,142891.3034651437,147210.70215411854,135518.28053727464
2023-07-28,144227.47095095806,148651.96186765516,136817.86109615376
2023-07-31,143895.177947148,148934.97761304645,136924.37107278258
2023-08-01,143196.4025237787,148508.80419191826,136253.28048784714
2023-08-02,141148.6501574807,146442.91157240723,134112.19000176672
2023-08-03,140310.82647889204,146023.2551302707,133707.39125670196
2023-08-04,140439.43117358594,145362.78911898873,133387.82753021817
2023-08-07,141282.4214274417,146631.60586791256,134527.61777670606
2023-08-08,140966.08576206106,145993.96984139484,133845.87281444797
2023-08-09,139675.6324091482,145017.96486464317,133164.11940304056
2023-08-10,139883.53534058607,145070.00818425659,133334.56409275442
2023-08-11,139192.50346800423,144985.42108627144,133014.99191712128
2023-08-14,139307.14264017684,145785.73488806112,133334.56409275442
2023-08-15,138164.3704393579,144087.4965076599,131747.36604106068
2023-08-16,136965.3942944746,143030.17320156563,130703.43984302832
2023-08-17,134631.39396323523,141940.2752796596,129798.00365189133
2023-08-18,133782.01050146334,142008.62132589892,129766.04896907281
2023-08-21,134067.37302470472,142932.53158730376,130564.975183581
2023-08-22,134282.9127792451,142545.418923539,130181.4851931615
2023-08-23,136421.48470235916,144133.043406575,131566.28387232288
2023-08-24,134495.3742489727,142135.50711244997,129819.31240653657
2023-08-25,134554.62774683116,143137.528609435,130703.43984302832
2023-08-28,135524.0619826513,144045.2080982407,131704.7485317702
2023-08-29,138649.73603322473,146127.33149035086,133579.5640762786
2023-08-30,138690.53815890066,146729.2166447344,134101.52717529476
2023-08-31,137734.0909040336,146514.48527070237,133899.12780276238
2023-09-01,138039.95679368527,146787.78722248616,134122.83592994
2023-09-04,138037.08367144674,146787.78722248616,134122.83592994
2023-09-05,137047.34040964113,146153.34801058422,133377.1647037462
2023-09-06,136517.33650905458,145170.85689228092,132567.5841119154
2023-09-07,136275.16073327928,144725.153092471,132184.1110197946
2023-09-08,136567.20315983685,144943.12239770553,132216.07415176244
2023-09-11,137638.66182783307,145896.34878542632,133249.3375233228
2023-09-12,137067.57944381214,145096.03498363664,132599.5556930326
2023-09-13,137264.40104078126,145265.2194587536,132642.1563040244
2023-09-14,138689.31562191594,146517.7437601982,133920.42810825826
2023-09-15,137336.59886833295,144752.4545060387,132748.69162810122
2023-09-18,137222.39573125637,144837.32942013073,132642.1563040244
2023-09-19,137001.77943100003,144536.9727542994,132450.41130881463
2023-09-20,136347.43666104754,143208.19774282273,131481.06575204062
2023-09-21,133712.60479567514,140841.1878006265,129276.0490020245
2023-09-22,133469.23115149722,140524.51812902262,129073.64962949212
2023-09-25,133480.35652466345,141115.44571305104,129308.00368484302
2023-09-26,131860.23953882395,139042.27545769443,127475.81409877444
2023-09-27,131874.96289310497,139097.76229144383,127379.93315202022
2023-09-28,133208.28326658157,139904.1921855049,128381.25028991143
2023-09-29,132754.289532916,139564.66169169673,128008.42312596389
2023-10-02,131797.35529765987,139509.14402050732,127305.36940906059
2023-10-03,129685.96514254894,137641.66976925576,125632.96168623392
2023-10-04,129971.26989899327,138643.96880320102,126367.97853510508
2023-10-05,129797.33839295592,138591.74045894746,126634.27037497578
2023-10-06,131414.7959995919,140237.19542117466,128093.64124624614
2023-10-09,132550.3032103788,141135.0377666128,128668.86778272607
2023-10-10,133863.44476868346,141869.60614627184,129723.43990893169
2023-10-11,134321.10798366522,142450.76854095943,130298.65799626226
2023-10-12,132876.0116884834,141582.30399671724,129297.34930752039
2023-10-13,132736.91285061988,140877.11341825416,128551.6949796253
2023-10-16,134281.6048627513,142359.335531289,129798.00365189133
2023-10-17,134623.27895191067,142352.80827315064,129787.35772371806
2023-10-18,132812.70994198072,140455.93566240979,127891.24187371378
2023-10-19,132076.38041217416,139221.84187095272,126740.80569905262
2023-10-20,130891.32762137959,137511.0732107552,125324.05233707273
2023-10-23,130636.93493136545,137272.76147425166,125164.26202468149
2023-10-24,131354.31978518688,138307.70707803537,126016.46012580277
2023-10-25,129512.79589156927,136322.67022626664,124386.64456481853
2023-10-26,128651.80363264852,134690.25950116946,123119.02713790727
2023-10-27,128361.12660815711,134079.75014272594,122511.84591860884
2023-10-30,129062.89849103733,135682.7727874805,124024.46332904426
2023-10-31,129787.08280180616,136534.90376765674,124748.83424974215
2023-11-01,131278.05239405026,137990.9962898448,126037.75198214932
2023-11-02,133790.38084550732,140635.53291310812,128594.29559061708
2023-11-03,135209.3419208389,141918.58628017624,129883.23022132293
2023-11-06,134835.65133557297,142245.06225770767,129840.6211611818
2023-11-07,135084.57362535835,142649.90644948612,129947.1311378106
2023-11-08,134664.15589488324,142754.3836962866,129979.09426977846
2023-11-09,134159.60980497694,141641.06987825583,129222.76866626207
2023-11-10,135778.63237507388,143851.35367110473,130852.56732894761
2023-11-13,135849.15146133452,143714.24013361245,130895.19328738742
2023-11-14,138415.04237728234,146502.39699421305,133643.48189106496
2023-11-15,138955.0497222611,146812.57024511858,133856.52719177058
2023-11-16,138234.43440221218,146992.1263792302,133856.52719177058
2023-11-17,138994.7952978227,147174.95128198434,134538.27215402867
2023-11-20,140039.2834601532,148307.84687443014,135358.48177573405
2023-11-21,139402.07490780688,147984.62938639458,135070.88963036746
2023-11-22,139904.91827817087,148555.96491686124,135528.92646544793
2023-11-23,139927.09807439684,148555.96491686124,135528.92646544793
2023-11-24,139941.82080077816,148647.38764738498,135837.8358146091
2023-11-27,139339.7867160317,148379.67755139215,135614.1445857302
2023-11-28,140167.25547739508,148526.5871156653,135720.67990980702
2023-11-29,140149.59970306593,148422.10986886482,135741.9802153029
2023-11-30,140499.46365355077,149006.52047390156,136114.79893010113
2023-12-01,141844.59113247314,149888.02925527378,137158.7335772828
2023-12-04,141837.14323837677,149101.1811356278,136391.7535964438
2023-12-05,142320.61360342422,149071.8238927252,136178.7167448875
2023-12-06,141933.28490621963,148471.07972362253,135859.14456925433
2023-12-07,142415.2971422112,149603.98559521502,136839.16140164968
2023-12-08,143129.8578248801,150247.15180264367,137329.16136869797
2023-12-11,142153.6677958081,150831.55212853375,137851.13291686348
2023-12-12,142231.78147171487,151520.42970122426,138213.31415263776
2023-12-13,144661.65943039075,153609.90268320678,140258.5321411133
2023-12-14,145981.53753096727,154102.90083686644,140993.54898998447
2023-12-15,145358.04986494847,153849.17038035105,140556.80401125056
2023-12-18,145938.3486221935,154714.58201803087,141206.58584154077
2023-12-19,146945.360781911,155655.40147571542,142186.59422478674
2023-12-20,145789.3897102484,153498.42533752092,140295.3197373565
2023-12-21,147114.39902842406,154953.89083176182,141938.49340345338
2023-12-22,147392.8961111469,155265.29758026832,142228.48510723366
2023-12-26,147588.4378377361,155920.92211346657,142819.18203616218
2023-12-27,148413.93762874213,156202.82771101702,143227.3097460684
2023-12-28,147935.1014561614,156261.8402920758,143141.38189724128
2023-12-29,147102.78596876652,155809.45504692738,142862.1544097251
2024-01-02,146834.34398945566,154937.4853136692,141670.02168305195
2024-01-03,145082.90035531184,153672.1737537614,140531.5833004591
2024-01-04,145103.63227743367,153177.1711665002,140370.4918190689
2024-01-05,145425.08408752552,153386.9788292751,140542.31372012582
2024-01-08,147117.67095050492,155576.72488706815,142400.32390658924
2024-01-09,146419.48914383294,155340.6951211264,141831.1047152928
2024-01-10,146626.209900111,156219.22294996298,142658.0736564733
2024-01-11,146659.02103170846,156150.39378382996,142647.3432368066
2024-01-12,146414.86643748923,156258.5509651399,142765.46234463388
2024-01-15,146402.17798064626,156258.5509651399,142765.46234463388
2024-01-16,144843.90620484974,155684.88206837812,141777.40192206317
2024-01-17,143725.552549699,154819.49098899166,140853.7831615382
2024-01-18,144023.10775774182,156196.26961543862,142035.16857024594
2024-01-19,145319.50714050813,158143.4483700049,143517.2676532513
2024-01-22,145429.86361824846,158477.78789474236,143850.23173059447
2024-01-23,144895.46814953955,158940.01028325834,144032.7840513181
2024-01-24,145181.15775340662,159113.74842035215,144365.73123036258
2024-01-25,146267.83107648048,159979.1394997386,144934.93352336035
2024-01-26,147091.151235811,159775.91049083543,145063.8168474517
2024-01-29,148145.10535232467,161041.24260903656,146180.79439071115
2024-01-30,148438.84113584596,160916.67990963397,146051.8772700224
2024-01-31,146425.6039122697,158290.95412478514,144129.44231981196
2024-02-01,147735.25839256696,160362.69557875398,145794.12752013834
2024-02-02,147937.47688049317,162050.89123285413,146545.93282875576
2024-02-05,146572.06585729079,161460.84765543972,145890.7857886322
2024-02-06,147765.53766657726,161929.59730209404,146459.98808162994
2024-02-07,148754.04068527927,163280.1743836675,147297.7212390745
2024-02-08,149247.6809027701,163352.29287673638,147383.63218960297
2024-02-09,150412.99053057536,164296.3605447701,148103.1955443242
2024-02-12,151908.9992152519,164224.23177255454,148210.61802908214
2024-02-13,148975.60980471192,161962.3775008393,145987.44405712606
2024-02-14,151152.2329193332,163434.23823402615,147544.75746759053
2024-02-15,152363.01748949103,164561.90174081462,148801.31495801068
2024-02-16,151895.23771947777,163742.36593474346,148253.57350434636
2024-02-19,151848.24880684205,163742.36593474346,148253.57350434636
2024-02-20,151937.4290466647,162840.90532967588,147791.7430012105
2024-02-21,151245.24796930858,162988.40080530947,147888.41816800306
2024-02-22,152960.68838873968,166361.5336240139,150551.91110886552
2024-02-23,152841.36452451654,166476.26945919558,150713.00259025572
2024-02-26,153518.49797596637,165866.55159504604,150133.0360809939
2024-02-27,154878.2838556138,166174.67929576332,150519.6691549693
2024-02-28,155364.05510185158,165955.06532706087,150047.14202876412
2024-02-29,156566.34549509856,166551.6464417603,150659.2997970261
2024-03-01,158252.45668052413,168115.28967560452,152012.51555594007
2024-03-04,159133.82043553,167934.99344293235,151829.94633691778
2024-03-05,157101.07196876884,166256.6246530531,150648.56937735938
2024-03-06,159326.37340858654,167099.1035145019,151776.24354368815
2024-03-07,160330.3147195909,168757.78773849932,153408.7205867157
2024-03-08,160101.5682717679,167744.88062518594,152592.4989635006
2024-03-11,160123.23816104693,167600.64363904818,152152.14619799686
2024-03-12,160753.32616360838,169403.57512833,153752.4150837256
2024-03-13,160820.3627821832,169138.02365313884,153612.7675433701
2024-03-14,159093.07023605204,168803.69440754803,152936.1765622118
2024-03-15,158622.1533255618,167644.586991082,152227.3436271573
2024-03-18,158861.29054439854,168640.9138408093,152689.12343539708
2024-03-19,158568.1608148581,169578.0842014244,153440.9456423132
2024-03-20,160237.4355163727,171146.57919249902,154880.07235175566
2024-03-21,160754.7426908003,171712.15840082793,155374.14480878774
2024-03-22,159999.67917622713,171386.6075464972,155084.1362067088
2024-03-25,161350.0500637584,170913.08837578585,154654.5476574691
2024-03-26,161131.0442287828,170597.44661884944,154450.483802516
2024-03-27,161902.05142985398,172031.11004299356,155631.87766037308
2024-03-28,162718.85525245604,171998.22705278156,155631.87766037308
2024-04-01,161659.01205940184,171698.94969735108,155191.54179316803
2024-04-02,159918.54648742874,170607.28376221703,154117.5535217702
2024-04-03,160398.81079655507,170794.71372268136,154579.36712660737
2024-04-04,159696.01083252177,168709.9897064625,152828.75407745386
2024-04-05,160161.43455575133,170472.47275357987,154181.98673466654
2024-04-08,161527.68416017428,170567.8118389866,154353.84243232085
2024-04-09,161386.5749580877,170765.12005940525,154471.96154014813
2024-04-10,159526.92897190075,169055.24568496842,152764.32086455752
2024-04-11,160021.1416799182,170331.09337021766,153816.83139832324
2024-04-12,157444.20339113855,167979.985267927,151421.83552531022
2024-04-15,155480.83071496026,165875.51501094626,149875.3032294085
2024-04-16,154301.67321775467,165573.01000345996,149263.12856284785
2024-04-17,153451.0072154881,164593.09895097197,148769.08990241316
2024-04-18,153839.60004319233,164254.41134719114,148328.73713690942
2024-04-19,153919.45016689264,162820.72736475366,147469.56003843012
2024-04-22,155417.85776053055,164320.17732761512,148758.34258444776
2024-04-23,156845.96630326423,166270.09033519682,150423.02778477414
2024-04-24,156082.38054696587,166191.17732617602,150304.8748803495
2024-04-25,155261.7810494586,165559.84241656982,149767.88074465058
2024-04-26,156328.30646650476,167128.33740764443,151217.78856865581
2024-04-29,156692.62353252072,167720.2209523136,151679.60217349298
2024-04-30,154121.1011334147,165063.32879474745,149467.17551950229
2024-05-01,153497.3937416758,164527.35352884134,148855.00085294162
2024-05-02,155393.22337071574,166066.23429834648,150444.52242070495
2024-05-03,157789.81019250548,168124.66425737174,152270.29910242153
2024-05-06,159346.52563801466,169860.88408473553,153763.1286050936
2024-05-07,159371.68030131032,170048.3037660532,153924.2369847825
2024-05-08,158645.33211405945,170064.75040073253,153913.4896668171
2024-05-09,159747.44305107312,171044.6306157805,154804.9087191926
2024-05-10,159667.278404512,171264.97440389686,155062.67536737534
2024-05-13,159973.05591971366,171287.9688550079,154966.01709888148
2024-05-14,160660.5131643747,172073.83017657313,155878.91388888913
2024-05-15,163720.22647628773,174204.66644477416,157661.7181970428
2024-05-16,162467.88104733225,173846.23260023145,157275.08512306734
2024-05-17,163327.16181028367,174096.11865589055,157586.53766618104
2024-05-20,164476.68573091037,174296.68536580502,157640.25735770934
2024-05-21,163785.58611251126,174724.17451770758,157898.0071075934
2024-05-22,162904.51982165352,174221.0719628668,157135.47137930925
2024-05-23,161010.50628784692,172948.57527943345,156050.73578994605
2024-05-24,162646.85324992222,174092.84988724804,157135.47137930925
2024-05-27,162647.3178852516,174092.84988724804,157135.47137930925
2024-05-28,162592.47120726405,174214.49330899506,157167.6795366081
2024-05-29,160179.6033444292,172994.56418165556,155535.21939187925
2024-05-30,161343.47439696148,171846.97968861175,155331.15553692612
2024-05-31,161503.15169124003,173412.16479445715,156491.0885554498
2024-06-03,162335.8768367605,173553.56473611272,156866.95741316112
2024-06-04,160908.8928420617,173747.5733504488,156834.7492558623
2024-06-05,163409.97806214954,175812.57168419912,158477.93982025786
2024-06-06,162929.5147494162,175809.30291555662,158574.59808875172
2024-06-07,161354.94530593697,175595.57889789867,157908.7544255588
2024-06-10,162061.3802995176,176138.13281767652,158263.14554563805
2024-06-11,160960.00811224693,176562.2915260565,158045.52925513737
2024-06-12,162560.89499416965,178012.41186402662,159518.0301044881
2024-06-13,161807.01231573394,178370.84570856934,159171.54738819474
2024-06-14,161017.16637974913,178479.37293915957,158705.98236104887
2024-06-17,161898.3110867329,179899.8482181202,159669.6247420158
2024-06-18,161456.71559025458,180356.96187073892,160200.163727616
2024-06-19,161469.16996221367,180356.96187073892,160200.163727616
2024-06-20,161608.64633744129,179866.99606534824,159940.28479209729
2024-06-21,161262.80508413503,179625.8472843625,159409.74580649709
2024-06-24,160795.27400653524,179041.93007836616,159453.0899426311
2024-06-25,160778.4429708095,179731.41412071048,160005.2587505516
2024-06-26,160224.61518895195,179955.76677602992,159918.6380714783
2024-06-27,160712.03321352182,180239.40954936837,159961.94841101495
2024-06-28,160415.69669982468,179530.18954540885,159691.2714626348
2024-07-01,160462.30878762683,179899.6426351867,160037.75417892815
2024-07-02,160743.13244147276,181110.34108881245,160871.44864298636
2024-07-03,161382.4474021366,181918.52871695487,161964.98824596588
2024-07-04,161425.4092776005,181918.52871695487,161964.98824596588
2024-07-05,161326.82065537354,182967.61842656278,162950.27734755178
2024-07-08,161514.18450646917,183178.71098267203,162777.0359894051
2024-07-09,161807.92929774552,183356.84859454256,162874.4715796386
2024-07-10,163143.6073956436,185171.22077407318,164596.01955504922
2024-07-11,164243.14695313128,183574.5609211102,163783.97181160998
2024-07-12,165272.27833085347,184732.48623570864,165007.44243319955
2024-07-15,166105.58976078918,185240.52278095324,165018.29114095707
2024-07-16,168425.75274171945,186339.01406947922,165981.9166236253
2024-07-17,166430.53658643042,183726.32224261377,164141.2863373622
2024-07-18,165281.18415038442,182314.39921368638,162668.78548801146
2024-07-19,164899.97862148943,181103.74187664737,161521.06993943904
2024-07-22,166458.44494043983,182970.88719520532,163242.61791484963
2024-07-23,165750.99915996188,182683.89342005097,162722.91073870828
2024-07-24,163411.62635763752,178543.8231888092,159409.74580649709
2024-07-25,163049.96069802894,177613.56041475944,158619.37858027423
2024-07-26,165817.5978588321,179602.73976263806,160384.21999692282
2024-07-29,165365.2682166898,179708.34771557272,160330.0778479273
2024-07-30,165011.94878511736,178797.86201972485,159875.32773194162
2024-07-31,166729.39886289448,181704.10571732305,162376.4449207136
2024-08-01,164185.44853374778,179131.02972174145,159496.3833838691
2024-08-02,161514.13248152108,175795.8783499996,156583.8264186481
2024-08-05,155907.40350219392,170676.04097432332,152317.90160982488
2024-08-06,157659.1349113736,172249.63442214852,153487.2469807176
2024-08-07,157367.35553246996,171098.30831971517,152859.2724048839
2024-08-08,160854.12132584373,175053.66228521467,156107.44648034207
2024-08-09,161657.19816317674,175825.5645255958,157027.76162347363
2024-08-12,161449.18392914833,175917.95349590696,156886.99879540477
2024-08-13,163251.43217205995,178811.03988576168,159615.49949131897
2024-08-14,162973.9462771069,179375.13889696944,160102.69434078512
2024-08-15,164598.70840168293,182449.67278392392,162506.35904102493
2024-08-16,165993.29798635677,182858.72114669226,163177.66085469397
2024-08-19,167215.64508895206,184607.10120457207,164812.57125273257
2024-08-20,166741.82635126635,184306.95012167425,164574.35593613153
2024-08-21,168019.97219814418,184940.28946488202,165516.33469818076
2024-08-22,166644.27253880646,183488.77116296414,164022.18712821102
2024-08-23,169302.05063913713,185438.4169127323,166523.27052038565
2024-08-26,169196.37528723807,184996.3930474319,166046.87368378096
2024-08-27,168818.47059329864,185250.41132005418,166295.88701324345
2024-08-28,167246.70409453896,184174.9658783726,165505.5028887219
2024-08-29,167744.6615208983,184191.49474622533,165613.80408501162
2024-08-30,168265.99767288083,185949.74278491276,166934.71029683467
2024-09-02,168341.7031316853,185949.74278491276,166934.71029683467
2024-09-03,166007.2968861103,182123.04261919236,163502.47995206967
2024-09-04,165974.32591392923,181750.32076077198,163188.47576585412
2024-09-05,165239.727650412,181308.25577888486,162614.64333901595
2024-09-06,163199.2714367442,178256.8088553615,159972.7802204738
2024-09-09,165086.31884624864,180252.60797369856,161683.49638642557
2024-09-10,165366.17369129555,181037.74975499653,162127.39779465372
2024-09-11,165374.6153362911,182895.00653445354,163719.01475145432
2024-09-12,167196.4908018039,184435.60392145335,164964.14899196156
2024-09-13,169320.88326116645,185398.8627563285,165808.65836717992
2024-09-16,169841.48799737467,185672.69922373942,166382.54148891417
2024-09-17,170154.99484800413,185748.51820961112,166111.83074393662
2024-09-18,169561.83997119157,185197.63818102688,165667.92933570844
2024-09-19,171988.376367605,188357.92070954072,168537.15906309412
2024-09-20,171661.88828269197,188032.31845947664,167941.64611903956
2024-09-23,172194.04358429275,188502.1782539718,168450.52148572207
2024-09-24,173283.5425678994,189041.5250799872,168981.07736962097
2024-09-25,172327.11967313808,188624.62344915944,168558.7888854144
2024-09-26,173672.72506464034,189372.43136973536,170096.2636932195
2024-09-27,174104.952802394,189097.7725705905,169576.55651707813
2024-09-30,173427.8877844248,189855.55126344075,169890.56070329368
2024-10-01,172983.50348655396,188154.72253807756,168483.0169140986
2024-10-02,173007.81450967898,188234.13922528538,168504.66363471758
2024-10-03,171994.92364381946,187890.03451120705,167865.84035112636
2024-10-04,172377.63179792278,189597.42133214863,169273.38414032143
2024-10-07,171485.0847298743,187883.41474074862,167822.5469098884
2024-10-08,171293.90280897787,189660.30915150372,168981.07736962097
2024-10-09,171709.7597072887,190973.98409651543,169879.72889383484
2024-10-10,171183.3893489995,190639.76792153803,169598.22013599583
2024-10-11,172769.59988190545,191781.3905095106,170572.6436315255
2024-10-14,173622.50099620825,193349.8032674118,171655.38522164358
2024-10-15,173220.54555947107,191847.56765580154,169955.51776344934
2024-10-16,174251.03483448035,192681.41203404372,170648.46629773738
2024-10-17,173773.59976952823,192697.94090189645,170745.90188797086
2024-10-18,174759.45340289985,193439.17016860063,171503.8074824146
2024-10-21,172819.42887596486,193121.52397806264,170756.7336974297
2024-10-22,172408.96552955566,193018.9380942503,170486.05674904955
2024-10-23,171826.70401084112,191255.22154953203,168786.1723925566
2024-10-24,171769.00358341925,191668.85441171724,169338.3580987758
2024-10-25,170991.44505816977,191602.6772654263,169067.68115039563
2024-10-28,171860.43879028325,192195.00281340245,169814.75493538048
2024-10-29,171012.55145352168,192506.04979177532,169814.75493538048
2024-10-30,170817.44177535598,191923.67445778014,169197.61216900562
2024-10-31,169306.82473057753,188161.36286682932,166447.48165077114
2024-11-01,169362.9556304436,188955.50918061426,167118.7834644402
2024-11-04,169449.45771222757,188548.51664718083,166891.399957298
2024-11-05,171491.08293829556,190828.3697047233,168861.9612621711
2024-11-06,172681.24510703323,195573.44995093765,171460.5140411766
2024-11-07,174157.50265640757,197085.65633482224,173138.73477875185
2024-11-08,174482.95414147075,197939.4011410264,173106.2393503753
2024-11-11,174872.3303090099,198127.9823659183,173506.84731736552
2024-11-12,173208.49680467584,197512.52873792432,172348.3337559316
2024-11-13,173133.72634640062,197608.47429298487,172120.96714708811
2024-11-14,172372.27263419988,196337.827855953,171406.35499388239
2024-11-15,171381.21053628824,193823.0140637229,169619.8668566148
2024-11-18,172415.74858894115,194617.16037750783,170410.26787943504
2024-11-19,172827.95878406658,195328.6212354424,170908.31143665873
2024-11-20,172665.1811875058,195394.77782344003,170810.85894812652
2024-11-21,173794.48760830212,196443.7236249945,171687.8806500201
2024-11-22,174952.41582237667,197052.55748253007,172434.95443500497
2024-11-25,176190.71374172324,197721.01039077822,172976.30833176532
2024-11-26,176211.4959222745,198753.4067661866,173290.31251798084
2024-11-27,176211.21340285387,198151.13100422945,173073.7777185962
2024-11-28,176179.8453125809,198151.13100422945,173073.7777185962
2024-11-29,176798.18576657047,199382.07937680412,174470.4896983324
2024-12-02,176350.93489218655,199739.44419009268,174914.4080048593
2024-12-03,176374.96802533386,199832.079859924,175098.46427416612
2024-12-04,177245.3721809871,201072.93732989297,176116.24880412853
2024-12-05,177081.14901193118,200742.09271502483,176127.06371528868
2024-12-06,177573.72395476536,201122.5856083312,176430.202295448
2024-12-09,177290.49067639155,200086.89990598694,175423.3002698405
2024-12-10,176190.21347101944,199464.80594924116,174676.19268825825
2024-12-11,177237.7486228967,201006.8013001887,176040.42613791666
2024-12-12,176257.27651216972,199971.09503955106,174903.55929710175
2024-12-13,175728.16088215532,199931.3764168005,174697.8563071759
2024-12-16,176196.22887520527,200785.08010641794,175076.80065524843
2024-12-17,175510.3930284036,199957.85549863422,174425.97957958892
2024-12-18,170715.5208063896,193998.39686428464,169389.44165570883
2024-12-19,169569.28208435417,193938.7983718654,169149.60410243378
2024-12-20,171113.39469433806,196268.23803296604,170457.78589534495
2024-12-23,171197.43863299617,197443.53510544452,171591.5434492013
2024-12-24,172896.95064643153,199638.09180388128,173085.08268041827
2024-12-26,172694.91199305782,199651.4341362649,173401.23295056715
2024-12-27,171321.68067914963,197549.75980717965,171809.59909546786
2024-12-30,169924.61264750044,195295.41959168352,170196.132638464
2024-12-31,169684.99800719894,194584.90441524299,169520.2513858506
2025-01-02,169954.19472966366,194106.82130340813,169193.20171304813
2025-01-03,171368.60351383706,196533.83062474392,171133.70094455575
2025-01-06,171637.60377445136,197665.95528118915,171984.006436224
2025-01-07,169564.8268680066,195431.53605194835,170512.2998069116
2025-01-08,169446.23682597504,195717.0701882749,170534.09861221878
2025-01-09,169451.6132577009,195717.0701882749,170534.09861221878
2025-01-10,167426.56985459736,192728.942808267,168157.5556813728
2025-01-13,167601.36206197325,193027.7987186838,168135.7399777669
2025-01-14,169491.7252496739,193293.37075216832,168353.7787257348
2025-01-15,172201.0929112332,196809.4145470895,171275.4269756498
2025-01-16,173348.08390629734,196430.89524994465,171308.12518361057
2025-01-17,174783.12200714412,198403.0728892235,172681.7033924433
2025-01-20,174796.07878445744,198403.0728892235,172681.7033924433
2025-01-21,176696.30683625423,200219.13084880877,174720.3310444306
2025-01-22,176122.28719870618,201344.6562930889,175396.22919534272
2025-01-23,176452.9682659136,202443.59986406856,176464.59033327753
2025-01-24,177109.8992818824,201852.6106051601,176322.88120048217
2025-01-27,176867.4680187419,198997.3309167745,174404.18077428173
2025-01-28,176634.55273180723,200707.22584950467,175439.8268059571
2025-01-29,176442.9634319203,199807.47158278507,174872.95647817827
2025-01-30,178317.69392754466,200879.83328046426,176115.7418551679
2025-01-31,176916.7835257226,199810.74035142758,175145.50913771277
2025-02-03,176478.68363388104,198466.10461663202,173739.18202602322
2025-02-04,176846.93023915464,199797.48025221736,175123.6934341069
2025-02-05,177118.7214913328,200607.57980164126,176115.7418551679
2025-02-06,177509.35296107,201304.83487887157,176671.71278029314
2025-02-07,176793.98193830208,199462.17448769248,175080.09582349253
2025-02-10,178205.32743040912,200816.73987817566,176257.45098796327
2025-02-11,177708.43124608364,200969.5085560533,176573.60125811215
2025-02-12,177880.58029823733,200322.04566531468,176420.99272266318
2025-02-13,179196.80559286926,202436.9595353168,178296.06174165188
2025-02-14,179481.2397062281,202427.0093213358,178306.96114430547
2025-02-17,179529.9982317539,202427.0093213358,178306.96114430547
2025-02-18,179721.37124864047,203021.2879071801,178884.7477730366
2025-02-19,179965.55692445106,203499.43269389504,178819.33445881636
2025-02-20,179602.98594445232,202652.759940603,178470.4859807067
2025-02-21,177886.52182081775,199186.57000705355,175821.3903903262
2025-02-24,176847.178866347,198280.21652816888,175112.79403145332
2025-02-25,175659.20394023982,197294.11742938278,174872.95647817827
2025-02-26,175519.1010934137,197393.72236065948,174981.96740301285
2025-02-27,173878.14636064172,194242.95832196632,172311.07300732515
2025-02-28,174837.4677231851,197274.19644312744,174425.97957958892
2025-03-03,173888.68355326387,193817.956723559,172561.8099632538
2025-03-04,172426.3273008462,191523.79509384552,171111.90213924856
2025-03-05,174969.744319265,193582.23533201747,173597.47289322785
2025-03-06,173003.39319441732,190145.93715699774,170599.511926439
2025-03-07,172859.8176729956,191211.69964251184,171853.19670608224
2025-03-10,168245.38562003276,186118.6497230695,167165.50726031177
2025-03-11,168420.07154280605,184571.47368219797,166173.4588392508
2025-03-12,168986.1002113307,185550.91189393893,167012.88182656415
2025-03-13,167051.97165035817,183077.39971304734,164876.1764489932
2025-03-14,170628.33677511956,186859.01554145303,168386.49383199424
2025-03-17,172093.31476402163,188299.94632229608,169923.6137755269
2025-03-18,170751.79399140138,186264.73695560868,168462.78965056938
2025-03-19,172737.62912513918,188293.3059935443,169989.0270897471
2025-03-20,171680.115982264,187748.81959419162,169334.9277441422
2025-03-21,171103.41347231658,187810.76173205266,169225.8999210089
2025-03-24,173873.0399690663,191174.18075714962,171613.35915280718
2025-03-25,174227.1621064139,191633.69973009016,172005.82213982986
2025-03-26,172882.18863317027,189345.93172960827,170043.54100131374
2025-03-27,172702.5291599806,188843.0758742877,169607.46350537802
2025-03-28,169451.96466997074,185040.12053738558,166664.03334845448
2025-03-31,169343.2804593669,186282.25262154217,166991.06612295826
2025-04-01,170400.92169157419,186808.40102322737,167448.9593224999
2025-04-02,171667.92606148444,187990.60568227115,168571.81747370266
2025-04-03,165798.9202523709,178726.27804228305,161649.27733158288
2025-04-04,158580.30880021793,168263.09352563834,151805.12273614548
2025-04-07,154569.5654862227,167963.38444604754,150453.30953602257
2025-04-08,153057.68265284222,165332.62187932816,148589.12302138878
2025-04-09,163234.61798121707,182695.73499702007,161867.31607955077
2025-04-10,160149.03640375182,174690.17110050804,157092.41451425292
2025-04-11,163247.63331647782,177807.11674664184,160166.6544013182
2025-04-14,164768.89661881336,179532.12202498366,161638.37792892932
2025-04-15,164641.95522484503,179029.2867279564,161834.60097329132
2025-04-16,163164.03577407898,175049.79732606502,159207.304188218
2025-04-17,163823.05577261263,175299.5805902574,159894.11864008236
2025-04-21,162477.0445116263,171126.9768597906,156961.58788581245
2025-04-22,165952.3609484274,175579.31728785948,160668.14521147418
2025-04-23,167829.67895161765,178300.00182968812,162674.02396060465
2025-04-24,170099.62336516342,182053.04163033844,165813.71095848756
2025-04-25,170882.2669566971,183368.42291369813,166849.3569901629
2025-04-28,171107.31195778254,183438.34166937866,167285.41758779998
2025-04-29,171875.5331399437,184593.88222194856,168081.22606620027
2025-04-30,171293.73679418658,184667.13142115166,168190.25388933354
2025-05-01,171417.31163854693,185975.87237575956,168735.34231010388
2025-05-02,173429.70319508432,188736.52223985895,171384.4379004844
2025-05-05,172933.57776878518,187654.23088649212,170752.13736018664
2025-05-06,173418.20172566452,186085.75645371084,169749.18953647205
2025-05-07,173242.02736980937,186868.34900663354,170098.03801458172
2025-05-08,174513.64732627536,188170.42907419632,170741.22105923438
2025-05-09,174757.8737607723,187930.63714057163,170915.6621965879
2025-05-12,176534.82010805357,194141.27700306135,175112.79403145332
2025-05-13,177491.8279098262,195423.37440948872,176192.03767374303
2025-05-14,176638.25796523198,195673.11655709438,176192.03767374303
2025-05-15,177740.86279134976,196628.85105660377,177162.28728949683
2025-05-16,178462.79494233974,197874.29302598958,178252.44723273884
2025-05-19,179125.88495097263,198090.75129666296,178710.32353398175
2025-05-20,179769.47205792778,197424.74482532337,178524.98299397467
2025-05-21,178402.00790126936,194097.981237268,176181.15516938813
2025-05-22,178591.91680740492,194174.581438287,176050.32854094767
2025-05-23,178203.73012946208,192849.1677077729,175472.54191221655
2025-05-26,178203.57648837686,192849.1677077729,175472.54191221655
2025-05-27,179796.98527609746,196858.63110136738,178601.31260914716
2025-05-28,177897.63703845104,195719.7427664103,177445.73935168496
2025-05-29,178061.43258391615,196492.32343047197,178078.02299368402
2025-05-30,177903.79830469558,196272.53471627602,178034.40848477095
2025-06-02,178690.85010915628,197378.11861600747,179277.1938617606
2025-06-03,178954.6862968955,198503.6851768743,179789.58407457016
2025-06-04,179085.97283764262,198450.41863880662,180007.60592423935
2025-06-05,178670.1463873497,197491.35369577468,179266.294459107
2025-06-06,179581.6789746888,199519.36765978986,180803.43130093833
2025-06-09,180245.50497466972,199699.191051715,180890.64342046576
2025-06-10,180612.51977201898,200831.43905792033,181566.55846967656
2025-06-11,180718.54748737512,200258.6644469192,181152.279779048
2025-06-12,180875.13969372082,201054.53765734547,182024.4178726208
2025-06-13,179076.28835918114,198806.73497913437,179876.79619409758
2025-06-16,180541.99044072814,200698.2213170177,181437.86102687076
2025-06-17,178739.62161072384,198983.2484858303,179768.0387437433
2025-06-18,178490.6461176816,198953.25393583387,179811.9743203314
2025-06-19,178075.3255381528,198953.25393583387,179811.9743203314
2025-06-20,177740.84734925453,198486.02560288738,179086.93591683535
2025-06-23,179005.12066802292,200446.52613154388,180701.82183092897
2025-06-24,181007.61466579034,202660.9215830626,182811.05057483364
2025-06-25,180803.3161888555,202774.46503723005,182492.46694967375
2025-06-26,182021.15504980582,204360.96909327852,184228.19259768337
2025-06-27,182459.6564308701,205376.30208520713,185205.89436315847
2025-06-30,183080.88356963097,206358.22785044336,186073.77408546198
2025-07-01,182747.4097774395,206291.45451364527,185821.09382518422
2025-07-02,183352.48142622097,207226.63071980546,186612.05249186113
2025-07-03,184217.1375902372,208859.88433492996,187710.61088955094
2025-07-04,184029.89031258778,208859.88433492996,187710.61088955094
2025-07-07,182775.0599940215,207303.43650375796,186172.62913278522
2025-07-08,182699.96178824926,207189.89304959052,186271.50107840716
2025-07-09,183267.72172188904,208432.33350814736,187523.85089245407
2025-07-10,183186.02652566892,209020.15678988007,187886.38699250077
2025-07-11,182830.33140498496,208285.3828272875,186875.7166462859
2025-07-14,183533.93677792457,208682.83631260693,187260.2205346267
2025-07-15,182450.09323507771,207791.07922200017,186172.62913278522
2025-07-16,183200.05486635692,208485.76451256184,186754.8769123699
2025-07-17,184139.86663219583,209761.63275610443,187798.49894102587
2025-07-18,183876.58069905953,209608.0006299061,187644.70752466877
2025-07-21,184590.50893936193,210005.45411522553,188095.11477789172
2025-07-22,185449.31435545345,210035.51034010202,188424.68229719865
2025-07-23,187008.03854260928,211822.3755231315,190588.84741013718
2025-07-24,186717.43960591152,211892.52042003884,190435.0559937801
2025-07-25,186265.2382833774,212787.60795416817,190874.4624545573
2025-07-28,185135.27652317766,212734.19750804704,190050.5521054393
2025-07-29,184954.64640201497,212173.0794493749,189644.08042880447
2025-07-30,184270.09454694335,211905.88331071578,189105.7851241066
2025-07-31,183516.10736143505,211110.97634007694,187963.29114982867
2025-08-01,181491.12387464324,207650.78942818547,185612.382938092
2025-08-04,183797.74657039804,210807.0219729095,188314.82645742968
2025-08-05,183784.28042418003,209738.2579765664,187677.65920710986
2025-08-06,184789.96086881438,211344.785810337,189160.72149314045
2025-08-07,185664.9711936351,211167.75834630732,189336.49759609028
2025-08-08,186043.67282630608,212814.35429381544,190742.63882649428
2025-08-11,185700.59592470928,212393.50547066465,190160.40794520828
2025-08-12,188066.78814920151,214654.65048125936,192379.47563058324
2025-08-13,189654.10650805556,215389.44500214525,193093.56393652965
2025-08-14,187935.20704049198,215409.4893381607,192906.80393943278
2025-08-15,188032.26897947004,214905.15328571896,193038.62756749583
2025-08-18,187876.65007092725,214858.40372664295,192818.91588795785
2025-08-19,186722.48476405354,213692.74849374525,192016.95642883523
2025-08-20,187077.96085301012,213124.94898973464,191885.13280077217
2025-08-21,186542.12301335228,212269.9295693428,191105.174926541
2025-08-22,190216.11316899277,215529.71423766663,193961.40986223577
2025-08-25,188804.49235961417,214581.1545825361,192785.96420551676
2025-08-26,188843.48443944752,215479.6136767747,193280.30703532783
2025-08-27,189120.73655035117,215970.5868385395,193576.92287219368
2025-08-28,189902.9189276403,216735.43758430186,194356.8976447236
2025-08-29,189167.1554206823,215442.87600655973,193214.40367044567
2025-09-01,189249.59791197864,215442.87600655973,193214.40367044567
2025-09-02,188663.86501977188,213846.38061994355,191753.30917270915
2025-09-03,189490.25715126214,215005.33384920945,192467.36368205817
2025-09-04,189945.13018123148,216802.25203768665,194071.26570200475
2025-09-05,190876.8354223974,216174.29896733636,193818.58544172702
2025-09-08,191902.6207452372,216705.40191771873,194730.40074061864
2025-09-09,192013.12514102532,217206.3664100512,195059.96825992558
2025-09-10,193303.28325497312,217834.27836381478,195389.5357792325
2025-09-11,195029.94344054192,219644.51832638224,197158.21310968322
2025-09-12,195231.63828422222,219571.02242765896,196916.53364185122
2025-09-15,196380.09075947214,220740.02866237258,197938.18788221313
2025-09-16,196166.59145525907,220436.0948534985,197751.42788511625
2025-09-17,195947.97449256573,220162.21726950092,197257.0850553052
2025-09-18,196804.46106101666,221190.91315210648,198289.7231898141
2025-09-19,196864.7755310454,222286.4440463902,198882.93796524714
2025-09-22,197940.38794314742,223338.08298437344,199618.9940594876
2025-09-23,198000.2295850043,222122.34774887716,198806.0507062179
2025-09-24,197341.56237388714,221415.63585670624,197916.22009391905
2025-09-25,196495.22013986667,220394.13537677287,197015.40558747316
2025-09-26,197367.49606245966,221656.8051959853,198070.02840857484
2025-09-29,198884.6675857716,222279.7420427584,198762.09823133113
2025-09-30,199121.67613079882,223117.04021428322,199454.20185068477
2025-10-01,199974.17225345998,223877.32701892205,200333.04856883662
2025-10-02,200407.12801498937,224135.1691341073,200640.6482998495
2025-10-03,201709.4584023854,224131.85924887809,201047.10307818564
2025-10-06,202638.4126342212,224935.64740224378,201706.2550150982
2025-10-07,200664.12918051344,224101.70023253484,200618.66361325674
2025-10-08,202046.02848511725,225438.03041681735,201607.38306947626
2025-10-09,200460.0051060578,224784.93455370102,200673.5999822906
2025-10-10,195270.20537944546,218709.48602827545,195763.03887512756
2025-10-13,198928.42999496957,222065.3807180066,198454.51539861693
2025-10-14,199367.4225948432,221794.09347897102,198586.33902667995
2025-10-15,201285.73454664112,222778.77405551603,199399.26548165095
2025-10-16,201018.83639796416,221261.59256464092,198707.19565889466
2025-10-17,200994.15610287408,222517.53982192816,199542.0899021597
2025-10-20,203825.78043328895,224831.8280208305,201299.78333846337
2025-10-21,202211.49283754005,224828.4564607212,200882.3277676815
2025-10-22,201172.67207959498,223659.6146923544,199926.59379050048
2025-10-23,202577.80252453458,224985.89187118915,201211.89528698847
2025-10-24,204055.3868876382,226824.6050700452,202453.26120688833
2025-10-27,205588.85858820076,229500.61644042606,204617.42631982683
2025-10-28,205427.93680575414,230110.16983822885,205034.8818906087
2025-10-29,205811.74900165194,230220.69122327396,204562.50684909167
2025-10-30,204672.04113483673,227688.69069780398,202848.73209107743
2025-10-31,204698.72109363443,228435.57349517918,203266.204560158
2025-11-03,203532.29925254628,228864.27558638935,203628.723761906
2025-11-04,199303.43690354086,226151.42375432674,201124.00723551353
2025-11-05,201491.3075952892,226935.1264550903,202035.82253440516
2025-11-06,199998.33984533,224500.26386569513,200124.32078344567
2025-11-07,200408.04000661903,224721.28607749203,200552.76024837457
2025-11-10,203931.89286538688,228227.93473235262,203419.99597651509
2025-11-11,204290.37329537343,228750.38264123496,204068.14712098194
2025-11-12,205303.3833607325,228877.65903535965,204595.4585315328
2025-11-13,202803.37217772406,225079.65824715467,201288.78254601767
2025-11-14,202222.4969917586,225042.8383437663,201244.84696942955
2025-11-17,199942.53600528403,222946.22135484498,199146.60211967188
2025-11-18,198092.35411530218,221074.03925441648,197487.78062899015
2025-11-19,198431.12311656112,221928.0924350209,197806.36425415007
2025-11-20,194627.8440649206,218545.38973076243,194774.35321550543
2025-11-21,196944.60137514296,220722.36908838566,196839.62948452332
2025-11-24,199173.35485535345,223971.07283659425,199014.77849160886
2025-11-25,201906.02180569203,226077.72227266998,201277.81555016933
2025-11-26,204679.54401884388,227638.46678715196,202936.62014255236
2025-11-27,204665.90296328685,227638.46678715196,202936.62014255236
2025-11-28,206548.2454660813,228881.01003717555,203958.29128121297
2025-12-01,205242.64137867186,227836.07310282416,203046.49288062003
2025-12-02,205559.4775982936,228258.07319040247,203540.8357104311
2025-12-03,208336.80927319193,229048.47789479786,204397.71464028888
2025-12-04,207715.57405720788,229215.92519412682,204606.4424256798
2025-12-05,209404.27670065858,229651.32928896882,204968.96162742784
2025-12-08,209574.52616051215,228961.3929641708,204232.93932978474
2025-12-09,209096.05010125367,228763.76609020526,204199.97074904497
2025-12-10,211560.9578671536,230280.98869766705,205573.17719530658
2025-12-11,211664.94279687142,230816.84061381308,206364.1358619835
2025-12-12,208529.89402382736,228335.08455728847,204430.66632272996
2025-12-15,208701.1361658495,227990.11639488945,204617.42631982683
2025-12-16,207299.77427220764,227367.17954811637,203980.64773037683
2025-12-17,206014.00469646757,224865.31748069628,201876.48847607846
2025-12-18,207453.38537287168,226563.350278164,203404.77060939744
2025-12-19,209818.08171152524,228616.79485105208,205077.00934923723
2025-12-22,212793.5461739843,230041.05285598894,206306.27608727667
2025-12-23,214200.97520000106,231092.445094452,207325.1421083551
2025-12-24,215540.96866923934,231905.34057177138,207889.93394539534
2025-12-26,216987.69280559188,231881.82188417992,207989.60011105562
2025-12-29,214945.21483225285,231055.4812830102,207203.3222731152
2025-12-30,215285.61218061822,230773.33926508625,207103.63920915624
2025-12-31,213407.6612623931,229063.54712382282,205730.41586459597
2026-01-02,216628.71606507647,229483.42970718618,206549.91575775648
2026-01-05,219028.37035817085,231011.81546793657,208211.08611195578
2026-01-06,221914.0105686709,232385.68509587462,209285.31095953524
2026-01-07,220150.26745016783,231636.62311940442,208443.6573967951
2026-01-08,220345.98383185777,231613.10443181297,208465.81106637474
2026-01-09,223405.27068557992,233144.8411943793,209894.41013573474
2026-01-12,224756.95082312278,233510.98439892792,210470.28725671413
2026-01-13,224764.56473010863,233044.084998675,209894.41013573474
2026-01-14,226280.43651905906,231898.6180098462,209229.93523473555
2026-01-15,227110.70505606654,232530.12766494587,209584.32635481475
2026-01-16,226156.1199692781,232335.29671887582,209540.0359139542
2026-01-19,226144.419261426,232335.29671887582,209540.0359139542
2026-01-20,225403.5072695301,227605.6968675534,205586.44235977644
2026-01-21,230819.33651145987,230232.51224194973,207823.48983495517
2026-01-22,232152.5211326314,231435.06961140918,208820.18528815528
2026-01-23,233418.19047944673,231519.0296814472,209152.4227386549
2026-01-26,233831.27619408365,232694.7173614993,210315.24536625415
2026-01-27,237239.88521117665,233621.83471666664,211843.5106012744
2026-01-28,238797.19323160287,233598.31602907518,211289.78714987464
2026-01-29,238659.56832322374,233134.76763063818,211300.8724338138
2026-01-30,232402.47528069542,232439.42447468935,210005.16158533416
2026-02-02,233106.38053273773,233594.96502725926,211145.8305433538
2026-02-03,235492.3309899431,231619.82699373816,209794.74397007446
2026-02-04,231746.19488634443,230497.87869250076,209285.31095953524
2026-02-05,227063.27373837642,227619.14199140377,206494.55693125544
2026-02-06,233939.91840206584,231985.94963999346,210680.70487197384
2026-02-09,237123.75388047323,233104.54693941493,212452.6097774739
2026-02-10,236498.81000859986,232489.81285168816,212186.83333571316
2026-02-11,239924.22749047977,232436.09403116678,212441.54139183345
2026-02-12,236376.16222058347,228845.21804845467,209329.6182986945
2026-02-13,238303.82497945745,229006.43618489883,209750.4366309152
2026-02-16,238306.07757975205,229006.43618489883,209750.4366309152
2026-02-17,236484.74108629904,229375.9303912634,209816.89763965408
2026-02-18,238857.80581996468,230531.4709438333,210868.96881765392
2026-02-19,238746.32161065371,229923.4594180317,210293.09169667453
2026-02-20,241829.75007388214,231586.23474240562,211732.77604997368
2026-02-23,241674.12595300179,229221.4348167444,209861.18808051464
2026-02-24,245413.6673577259,230887.5200263475,211267.6503785937
2026-02-25,248556.7224723076,232835.82948704797,213039.55528409377
2026-02-26,247218.3981678873,231542.54836903865,212275.4142174343
2026-02-27,247368.55234175103,230430.6941898357,211345.16287467437
2026-03-02,244586.38649713283,230561.71219334993,210614.24386323497
2026-03-03,230863.96740723008,228529.4632209048,207325.1421083551
2026-03-04,234510.608984221,230141.8090516932,209108.13229779433
2026-03-05,227089.1649444356,228858.64261401168,207192.23698917605
2026-03-06,225164.4856652302,225858.9614731415,204855.52334833704
2026-03-09,231949.58809473214,227837.49162506525,206483.47164731627
2026-03-10,232626.83802844837,227471.32786222326,206383.80548165602
2026-03-11,233050.1770925234,227185.81428419004,206007.27759029585
2026-03-12,225178.54479898384,223736.0093104399,202828.89348841802
2026-03-13,222757.87745424596,222469.6389984246,201278.47458381814
2026-03-16,228647.83807393568,224733.68272838157,203814.52055597768
2026-03-17,229157.0478465983,225324.85701193017,204312.88518087644
2026-03-18,224303.1218897079,222180.75386028213,201300.62825339776
2026-03-19,224208.59828567633,221633.2248335138,200846.57096765825
2026-03-20,216759.00641020903,218455.9405964002,197125.54869831982
2026-03-23,224124.9767314532,220749.7321768334,199938.45639617927
2026-03-24,222800.7232777975,220008.7084930627,199174.33222781846
2026-03-25,226866.89890695308,221234.76399182028,200658.3070219782
2026-03-26,219685.58151458105,217283.78894280415,197169.83913918037
2026-03-27,218957.9194628376,213578.69108224407,194268.33366130115
2026-03-30,216548.2635763391,212864.59876276078,193736.763879481
2026-03-31,227347.18893611195,219052.13110352602,199362.59617349855
