Date,IWDA.L,VGK,EWJ,IUSN.DE,IEMA.L,MCHI,EWZ,INDA,EWT,EWY,XLY,XLC,XLF,KBE,XLE,XOP,XLI,IYT,XLB,ITB,XLV,XBI,XLP,XLU,XLK,SOXX,IGV,CIBR,BOTZ,VNQ,LIT,GLD,SLV,DBA,COPX,TLT,IEF,TIP,HYG,LQD,EMB,BITO,XEON.DE
2020-01-02,0.0,0.0,0.0,0.0,0.0,0.0,0.0,0.0,0.0,0.0,0.0,0.0,0.0,0.0,0.0,0.0,0.0,0.0,0.0,0.0,0.0,0.0,0.0,0.0,0.0,0.0,0.0,0.0,0.0,0.0,0.0,0.0,0.0,0.0,0.0,0.0,0.0,0.0,0.0,0.0,0.0,0.0,0.0
2020-01-03,0.0,0.0,0.0,0.0,0.0,0.0,0.0,0.0,0.0,0.0,0.0,0.0,0.0,0.0,0.0,0.0,0.0,0.0,0.0,0.0,0.0,0.0,0.0,0.0,0.0,0.0,0.0,0.0,0.0,0.0,0.0,0.0,0.0,0.0,0.0,0.0,0.0,0.0,0.0,0.0,0.0,0.0,0.0
2020-01-06,0.0,0.0,0.0,0.0,0.0,0.0,0.0,0.0,0.0,0.0,0.0,0.0,0.0,0.0,0.0,0.0,0.0,0.0,0.0,0.0,0.0,0.0,0.0,0.0,0.0,0.0,0.0,0.0,0.0,0.0,0.0,0.0,0.0,0.0,0.0,0.0,0.0,0.0,0.0,0.0,0.0,0.0,0.0
2020-01-07,0.0,0.0,0.0,0.0,0.0,0.0,0.0,0.0,0.0,0.0,0.0,0.0,0.0,0.0,0.0,0.0,0.0,0.0,0.0,0.0,0.0,0.0,0.0,0.0,0.0,0.0,0.0,0.0,0.0,0.0,0.0,0.0,0.0,0.0,0.0,0.0,0.0,0.0,0.0,0.0,0.0,0.0,0.0
2020-01-08,0.0,0.0,0.0,0.0,0.0,0.0,0.0,0.0,0.0,0.0,0.0,0.0,0.0,0.0,0.0,0.0,0.0,0.0,0.0,0.0,0.0,0.0,0.0,0.0,0.0,0.0,0.0,0.0,0.0,0.0,0.0,0.0,0.0,0.0,0.0,0.0,0.0,0.0,0.0,0.0,0.0,0.0,0.0
2020-01-09,0.0,0.0,0.0,0.0,0.0,0.0,0.0,0.0,0.0,0.0,0.0,0.0,0.0,0.0,0.0,0.0,0.0,0.0,0.0,0.0,0.0,0.0,0.0,0.0,0.0,0.0,0.0,0.0,0.0,0.0,0.0,0.0,0.0,0.0,0.0,0.0,0.0,0.0,0.0,0.0,0.0,0.0,0.0
2020-01-10,0.0,0.0,0.0,0.0,0.0,0.0,0.0,0.0,0.0,0.0,0.0,0.0,0.0,0.0,0.0,0.0,0.0,0.0,0.0,0.0,0.0,0.0,0.0,0.0,0.0,0.0,0.0,0.0,0.0,0.0,0.0,0.0,0.0,0.0,0.0,0.0,0.0,0.0,0.0,0.0,0.0,0.0,0.0
2020-01-13,0.0,0.0,0.0,0.0,0.0,0.0,0.0,0.0,0.0,0.0,0.0,0.0,0.0,0.0,0.0,0.0,0.0,0.0,0.0,0.0,0.0,0.0,0.0,0.0,0.0,0.0,0.0,0.0,0.0,0.0,0.0,0.0,0.0,0.0,0.0,0.0,0.0,0.0,0.0,0.0,0.0,0.0,0.0
2020-01-14,0.0,0.0,0.0,0.0,0.0,0.0,0.0,0.0,0.0,0.0,0.0,0.0,0.0,0.0,0.0,0.0,0.0,0.0,0.0,0.0,0.0,0.0,0.0,0.0,0.0,0.0,0.0,0.0,0.0,0.0,0.0,0.0,0.0,0.0,0.0,0.0,0.0,0.0,0.0,0.0,0.0,0.0,0.0
2020-01-15,0.0,0.0,0.0,0.0,0.0,0.0,0.0,0.0,0.0,0.0,0.0,0.0,0.0,0.0,0.0,0.0,0.0,0.0,0.0,0.0,0.0,0.0,0.0,0.0,0.0,0.0,0.0,0.0,0.0,0.0,0.0,0.0,0.0,0.0,0.0,0.0,0.0,0.0,0.0,0.0,0.0,0.0,0.0
2020-01-16,0.0,0.0,0.0,0.0,0.0,0.0,0.0,0.0,0.0,0.0,0.0,0.0,0.0,0.0,0.0,0.0,0.0,0.0,0.0,0.0,0.0,0.0,0.0,0.0,0.0,0.0,0.0,0.0,0.0,0.0,0.0,0.0,0.0,0.0,0.0,0.0,0.0,0.0,0.0,0.0,0.0,0.0,0.0
2020-01-17,0.0,0.0,0.0,0.0,0.0,0.0,0.0,0.0,0.0,0.0,0.0,0.0,0.0,0.0,0.0,0.0,0.0,0.0,0.0,0.0,0.0,0.0,0.0,0.0,0.0,0.0,0.0,0.0,0.0,0.0,0.0,0.0,0.0,0.0,0.0,0.0,0.0,0.0,0.0,0.0,0.0,0.0,0.0
2020-01-20,0.0,0.0,0.0,0.0,0.0,0.0,0.0,0.0,0.0,0.0,0.0,0.0,0.0,0.0,0.0,0.0,0.0,0.0,0.0,0.0,0.0,0.0,0.0,0.0,0.0,0.0,0.0,0.0,0.0,0.0,0.0,0.0,0.0,0.0,0.0,0.0,0.0,0.0,0.0,0.0,0.0,0.0,0.0
2020-01-21,0.0,0.0,0.0,0.0,0.0,0.0,0.0,0.0,0.0,0.0,0.0,0.0,0.0,0.0,0.0,0.0,0.0,0.0,0.0,0.0,0.0,0.0,0.0,0.0,0.0,0.0,0.0,0.0,0.0,0.0,0.0,0.0,0.0,0.0,0.0,0.0,0.0,0.0,0.0,0.0,0.0,0.0,0.0
2020-01-22,0.0,0.0,0.0,0.0,0.0,0.0,0.0,0.0,0.0,0.0,0.0,0.0,0.0,0.0,0.0,0.0,0.0,0.0,0.0,0.0,0.0,0.0,0.0,0.0,0.0,0.0,0.0,0.0,0.0,0.0,0.0,0.0,0.0,0.0,0.0,0.0,0.0,0.0,0.0,0.0,0.0,0.0,0.0
2020-01-23,0.0,0.0,0.0,0.0,0.0,0.0,0.0,0.0,0.0,0.0,0.0,0.0,0.0,0.0,0.0,0.0,0.0,0.0,0.0,0.0,0.0,0.0,0.0,0.0,0.0,0.0,0.0,0.0,0.0,0.0,0.0,0.0,0.0,0.0,0.0,0.0,0.0,0.0,0.0,0.0,0.0,0.0,0.0
2020-01-24,0.0,0.0,0.0,0.0,0.0,0.0,0.0,0.0,0.0,0.0,0.0,0.0,0.0,0.0,0.0,0.0,0.0,0.0,0.0,0.0,0.0,0.0,0.0,0.0,0.0,0.0,0.0,0.0,0.0,0.0,0.0,0.0,0.0,0.0,0.0,0.0,0.0,0.0,0.0,0.0,0.0,0.0,0.0
2020-01-27,0.0,0.0,0.0,0.0,0.0,0.0,0.0,0.0,0.0,0.0,0.0,0.0,0.0,0.0,0.0,0.0,0.0,0.0,0.0,0.0,0.0,0.0,0.0,0.0,0.0,0.0,0.0,0.0,0.0,0.0,0.0,0.0,0.0,0.0,0.0,0.0,0.0,0.0,0.0,0.0,0.0,0.0,0.0
2020-01-28,0.0,0.0,0.0,0.0,0.0,0.0,0.0,0.0,0.0,0.0,0.0,0.0,0.0,0.0,0.0,0.0,0.0,0.0,0.0,0.0,0.0,0.0,0.0,0.0,0.0,0.0,0.0,0.0,0.0,0.0,0.0,0.0,0.0,0.0,0.0,0.0,0.0,0.0,0.0,0.0,0.0,0.0,0.0
2020-01-29,0.0,0.0,0.0,0.0,0.0,0.0,0.0,0.0,0.0,0.0,0.0,0.0,0.0,0.0,0.0,0.0,0.0,0.0,0.0,0.0,0.0,0.0,0.0,0.0,0.0,0.0,0.0,0.0,0.0,0.0,0.0,0.0,0.0,0.0,0.0,0.0,0.0,0.0,0.0,0.0,0.0,0.0,0.0
2020-01-30,0.0,0.0,0.0,0.0,0.0,0.0,0.0,0.0,0.0,0.0,0.0,0.0,0.0,0.0,0.0,0.0,0.0,0.0,0.0,0.0,0.0,0.0,0.0,0.0,0.0,0.0,0.0,0.0,0.0,0.0,0.0,0.0,0.0,0.0,0.0,0.0,0.0,0.0,0.0,0.0,0.0,0.0,0.0
2020-01-31,0.073605,0.016289,0.033382,0.0,0.0,0.013325,0.0,0.0,0.133099,0.0,0.0,0.019782,0.112983,0.010393,0.0,0.0,0.0,0.0,0.0,0.132085,0.119173,0.030067,0.0,0.0,0.074604,0.074486,0.0,0.0,0.0,0.0,0.0,0.074665,0.074849,0.0,0.0,0.0,0.0,0.0,0.0,0.0,0.0,0.0,0.007214
2020-02-03,0.073363,0.016194,0.03343,0.0,0.0,0.013433,0.0,0.0,0.134165,0.0,0.0,0.019894,0.113077,0.010444,0.0,0.0,0.0,0.0,0.0,0.132077,0.119517,0.030553,0.0,0.0,0.075126,0.074858,0.0,0.0,0.0,0.0,0.0,0.073725,0.072975,0.0,0.0,0.0,0.0,0.0,0.0,0.0,0.0,0.0,0.007168
2020-02-04,0.07347,0.01624,0.03347,0.0,0.0,0.013758,0.0,0.0,0.136554,0.0,0.0,0.019826,0.112599,0.010451,0.0,0.0,0.0,0.0,0.0,0.129912,0.119953,0.030994,0.0,0.0,0.076037,0.076139,0.0,0.0,0.0,0.0,0.0,0.071769,0.071757,0.0,0.0,0.0,0.0,0.0,0.0,0.0,0.0,0.0,0.00707
2020-02-05,0.072979,0.016194,0.033347,0.0,0.0,0.013583,0.0,0.0,0.135589,0.0,0.0,0.01961,0.113414,0.010556,0.0,0.0,0.0,0.0,0.0,0.131352,0.12073,0.031367,0.0,0.0,0.075524,0.076917,0.0,0.0,0.0,0.0,0.0,0.070956,0.0709,0.0,0.0,0.0,0.0,0.0,0.0,0.0,0.0,0.0,0.006981
2020-02-06,0.073174,0.01617,0.033491,0.0,0.0,0.013606,0.0,0.0,0.135527,0.0,0.0,0.019791,0.112906,0.010421,0.0,0.0,0.0,0.0,0.0,0.131012,0.120448,0.031299,0.0,0.0,0.075969,0.076715,0.0,0.0,0.0,0.0,0.0,0.07111,0.071403,0.0,0.0,0.0,0.0,0.0,0.0,0.0,0.0,0.0,0.006958
2020-02-07,0.073461,0.016138,0.033422,0.0,0.0,0.013568,0.0,0.0,0.134007,0.0,0.0,0.019929,0.113366,0.010416,0.0,0.0,0.0,0.0,0.0,0.132258,0.120423,0.031266,0.0,0.0,0.07585,0.075479,0.0,0.0,0.0,0.0,0.0,0.071844,0.07156,0.0,0.0,0.0,0.0,0.0,0.0,0.0,0.0,0.0,0.007013
2020-02-10,0.072914,0.016072,0.033144,0.0,0.0,0.013618,0.0,0.0,0.134606,0.0,0.0,0.019903,0.112884,0.010337,0.0,0.0,0.0,0.0,0.0,0.132628,0.120201,0.031551,0.0,0.0,0.076328,0.075989,0.0,0.0,0.0,0.0,0.0,0.071514,0.071349,0.0,0.0,0.0,0.0,0.0,0.0,0.0,0.0,0.0,0.006963
2020-02-11,0.073163,0.016117,0.033158,0.0,0.0,0.013745,0.0,0.0,0.135065,0.0,0.0,0.01979,0.112763,0.010375,0.0,0.0,0.0,0.0,0.0,0.132872,0.120363,0.031367,0.0,0.0,0.075721,0.077168,0.0,0.0,0.0,0.0,0.0,0.07094,0.070465,0.0,0.0,0.0,0.0,0.0,0.0,0.0,0.0,0.0,0.006929
2020-02-12,0.0731,0.016143,0.032848,0.0,0.0,0.013948,0.0,0.0,0.136399,0.0,0.0,0.019957,0.112325,0.010328,0.0,0.0,0.0,0.0,0.0,0.132192,0.119969,0.031628,0.0,0.0,0.076194,0.078003,0.0,0.0,0.0,0.0,0.0,0.070561,0.069508,0.0,0.0,0.0,0.0,0.0,0.0,0.0,0.0,0.0,0.006897
2020-02-13,0.07316,0.016056,0.032602,0.0,0.0,0.013775,0.0,0.0,0.135768,0.0,0.0,0.019986,0.112432,0.010386,0.0,0.0,0.0,0.0,0.0,0.132574,0.119558,0.031316,0.0,0.0,0.07609,0.078185,0.0,0.0,0.0,0.0,0.0,0.071054,0.070151,0.0,0.0,0.0,0.0,0.0,0.0,0.0,0.0,0.0,0.006907
2020-02-14,0.073036,0.016049,0.032338,0.0,0.0,0.013753,0.0,0.0,0.135313,0.0,0.0,0.019998,0.112506,0.010314,0.0,0.0,0.0,0.0,0.0,0.132783,0.119574,0.031352,0.0,0.0,0.076371,0.077874,0.0,0.0,0.0,0.0,0.0,0.071306,0.070532,0.0,0.0,0.0,0.0,0.0,0.0,0.0,0.0,0.0,0.006902
2020-02-17,0.073191,0.016046,0.032332,0.0,0.0,0.013751,0.0,0.0,0.13529,0.0,0.0,0.019995,0.112487,0.010313,0.0,0.0,0.0,0.0,0.0,0.13276,0.119554,0.031346,0.0,0.0,0.076358,0.077861,0.0,0.0,0.0,0.0,0.0,0.071294,0.07052,0.0,0.0,0.0,0.0,0.0,0.0,0.0,0.0,0.0,0.006902
2020-02-18,0.072837,0.016032,0.031961,0.0,0.0,0.013798,0.0,0.0,0.133737,0.0,0.0,0.020197,0.111897,0.010215,0.0,0.0,0.0,0.0,0.0,0.132631,0.11954,0.031623,0.0,0.0,0.076336,0.077126,0.0,0.0,0.0,0.0,0.0,0.072457,0.072687,0.0,0.0,0.0,0.0,0.0,0.0,0.0,0.0,0.0,0.006925
2020-02-19,0.072742,0.015993,0.03162,0.0,0.0,0.013776,0.0,0.0,0.134309,0.0,0.0,0.020108,0.111722,0.010184,0.0,0.0,0.0,0.0,0.0,0.131974,0.119019,0.031578,0.0,0.0,0.076554,0.078364,0.0,0.0,0.0,0.0,0.0,0.072227,0.072968,0.0,0.0,0.0,0.0,0.0,0.0,0.0,0.0,0.0,0.006862
2020-02-20,0.072375,0.015993,0.031606,0.0,0.0,0.013702,0.0,0.0,0.132232,0.0,0.0,0.020022,0.112179,0.010354,0.0,0.0,0.0,0.0,0.0,0.134181,0.118967,0.031594,0.0,0.0,0.076215,0.077693,0.0,0.0,0.0,0.0,0.0,0.07296,0.073025,0.0,0.0,0.0,0.0,0.0,0.0,0.0,0.0,0.0,0.006903
2020-02-21,0.072797,0.016032,0.031518,0.0,0.0,0.013727,0.0,0.0,0.132342,0.0,0.0,0.019828,0.111727,0.010272,0.0,0.0,0.0,0.0,0.0,0.134248,0.119712,0.031595,0.0,0.0,0.07493,0.075812,0.0,0.0,0.0,0.0,0.0,0.074477,0.07404,0.0,0.0,0.0,0.0,0.0,0.0,0.0,0.0,0.0,0.006943
2020-02-24,0.072363,0.015749,0.031266,0.0,0.0,0.013621,0.0,0.0,0.13212,0.0,0.0,0.019674,0.110972,0.010218,0.0,0.0,0.0,0.0,0.0,0.135016,0.119024,0.031321,0.0,0.0,0.073744,0.0741,0.0,0.0,0.0,0.0,0.0,0.077146,0.076538,0.0,0.0,0.0,0.0,0.0,0.0,0.0,0.0,0.0,0.007128
2020-02-25,0.07306,0.015795,0.032032,0.0,0.0,0.013897,0.0,0.0,0.135403,0.0,0.0,0.019649,0.110015,0.010061,0.0,0.0,0.0,0.0,0.0,0.132967,0.118434,0.031166,0.0,0.0,0.073254,0.073775,0.0,0.0,0.0,0.0,0.0,0.077751,0.075428,0.0,0.0,0.0,0.0,0.0,0.0,0.0,0.0,0.0,0.007313
2020-02-26,0.073035,0.015846,0.032263,0.0,0.0,0.014097,0.0,0.0,0.137099,0.0,0.0,0.019656,0.109459,0.009926,0.0,0.0,0.0,0.0,0.0,0.129678,0.11869,0.031395,0.0,0.0,0.073754,0.074042,0.0,0.0,0.0,0.0,0.0,0.078268,0.075463,0.0,0.0,0.0,0.0,0.0,0.0,0.0,0.0,0.0,0.00733
2020-02-27,0.072931,0.015826,0.032118,0.0,0.0,0.01436,0.0,0.0,0.138273,0.0,0.0,0.019462,0.10801,0.009825,0.0,0.0,0.0,0.0,0.0,0.130263,0.118189,0.030962,0.0,0.0,0.071926,0.0728,0.0,0.0,0.0,0.0,0.0,0.080694,0.076808,0.0,0.0,0.0,0.0,0.0,0.0,0.0,0.0,0.0,0.007556
2020-02-28,0.012134,0.011873,0.0,0.0,0.0,0.022319,0.0,0.0,0.112487,0.018852,0.0,0.010183,0.044878,0.0,0.0,0.0,0.011991,0.0,0.0,0.204053,0.071387,0.0,0.020973,0.133699,0.070153,0.070262,0.053688,0.0,0.035062,0.0,0.054298,0.033219,0.0,0.0,0.0,0.0,0.0,0.0,0.0,0.0,0.0,0.0,0.008487
2020-03-02,0.011967,0.011609,0.0,0.0,0.0,0.021751,0.0,0.0,0.11197,0.018543,0.0,0.010133,0.045369,0.0,0.0,0.0,0.011937,0.0,0.0,0.203387,0.071873,0.0,0.021249,0.136152,0.07137,0.069967,0.053575,0.0,0.034203,0.0,0.054661,0.032125,0.0,0.0,0.0,0.0,0.0,0.0,0.0,0.0,0.0,0.0,0.00816
2020-03-03,0.01228,0.011659,0.0,0.0,0.0,0.02191,0.0,0.0,0.112979,0.018555,0.0,0.009926,0.044229,0.0,0.0,0.0,0.011796,0.0,0.0,0.207254,0.070993,0.0,0.021231,0.136216,0.069547,0.068377,0.052234,0.0,0.033921,0.0,0.055066,0.033563,0.0,0.0,0.0,0.0,0.0,0.0,0.0,0.0,0.0,0.0,0.008264
2020-03-04,0.011855,0.011596,0.0,0.0,0.0,0.021403,0.0,0.0,0.110497,0.018497,0.0,0.009886,0.043926,0.0,0.0,0.0,0.011809,0.0,0.0,0.209059,0.072182,0.0,0.021413,0.13838,0.069728,0.069092,0.052161,0.0,0.03397,0.0,0.05428,0.032322,0.0,0.0,0.0,0.0,0.0,0.0,0.0,0.0,0.0,0.0,0.007945
2020-03-05,0.012144,0.011468,0.0,0.0,0.0,0.021858,0.0,0.0,0.112401,0.018517,0.0,0.009749,0.04279,0.0,0.0,0.0,0.011495,0.0,0.0,0.20676,0.072164,0.0,0.021503,0.139446,0.069114,0.068585,0.051982,0.0,0.033491,0.0,0.054608,0.033796,0.0,0.0,0.0,0.0,0.0,0.0,0.0,0.0,0.0,0.0,0.008133
2020-03-06,0.011999,0.011539,0.0,0.0,0.0,0.021818,0.0,0.0,0.112849,0.018629,0.0,0.009773,0.042169,0.0,0.0,0.0,0.011624,0.0,0.0,0.204179,0.073229,0.0,0.021764,0.141106,0.069019,0.06844,0.051251,0.0,0.03344,0.0,0.054385,0.034491,0.0,0.0,0.0,0.0,0.0,0.0,0.0,0.0,0.0,0.0,0.008295
2020-03-09,0.012173,0.011325,0.0,0.0,0.0,0.022513,0.0,0.0,0.116121,0.018906,0.0,0.009797,0.040434,0.0,0.0,0.0,0.011334,0.0,0.0,0.199252,0.074562,0.0,0.022358,0.14331,0.068501,0.067229,0.05093,0.0,0.032773,0.0,0.05247,0.037106,0.0,0.0,0.0,0.0,0.0,0.0,0.0,0.0,0.0,0.0,0.008906
2020-03-10,0.01159,0.011327,0.0,0.0,0.0,0.022581,0.0,0.0,0.115249,0.019042,0.0,0.009946,0.041352,0.0,0.0,0.0,0.011516,0.0,0.0,0.200339,0.074496,0.0,0.022217,0.13972,0.070584,0.069204,0.051604,0.0,0.033132,0.0,0.052414,0.035087,0.0,0.0,0.0,0.0,0.0,0.0,0.0,0.0,0.0,0.0,0.008601
2020-03-11,0.012157,0.011253,0.0,0.0,0.0,0.022986,0.0,0.0,0.117969,0.019087,0.0,0.010033,0.041221,0.0,0.0,0.0,0.011425,0.0,0.0,0.193315,0.075519,0.0,0.022268,0.139862,0.070881,0.068853,0.051802,0.0,0.033146,0.0,0.052303,0.03685,0.0,0.0,0.0,0.0,0.0,0.0,0.0,0.0,0.0,0.0,0.00907
2020-03-12,0.012092,0.011101,0.0,0.0,0.0,0.02365,0.0,0.0,0.118693,0.01904,0.0,0.010114,0.0409,0.0,0.0,0.0,0.011395,0.0,0.0,0.187277,0.077745,0.0,0.022446,0.139895,0.071161,0.068203,0.052257,0.0,0.032575,0.0,0.052013,0.039362,0.0,0.0,0.0,0.0,0.0,0.0,0.0,0.0,0.0,0.0,0.01008
2020-03-13,0.011595,0.011122,0.0,0.0,0.0,0.023481,0.0,0.0,0.117843,0.019139,0.0,0.010397,0.043649,0.0,0.0,0.0,0.011587,0.0,0.0,0.181002,0.078408,0.0,0.022971,0.139127,0.074987,0.071224,0.054099,0.0,0.033478,0.0,0.050402,0.03599,0.0,0.0,0.0,0.0,0.0,0.0,0.0,0.0,0.0,0.0,0.0095
2020-03-16,0.012982,0.011262,0.0,0.0,0.0,0.02432,0.0,0.0,0.120551,0.018495,0.0,0.010587,0.043232,0.0,0.0,0.0,0.01179,0.0,0.0,0.165805,0.081123,0.0,0.024578,0.141554,0.074181,0.069303,0.054786,0.0,0.033659,0.0,0.049994,0.040837,0.0,0.0,0.0,0.0,0.0,0.0,0.0,0.0,0.0,0.0,0.010962
2020-03-17,0.012335,0.011127,0.0,0.0,0.0,0.024208,0.0,0.0,0.118948,0.018805,0.0,0.010476,0.043225,0.0,0.0,0.0,0.011696,0.0,0.0,0.154713,0.081761,0.0,0.025274,0.151414,0.075138,0.071505,0.055656,0.0,0.034202,0.0,0.049918,0.039252,0.0,0.0,0.0,0.0,0.0,0.0,0.0,0.0,0.0,0.0,0.010346
2020-03-18,0.012469,0.010973,0.0,0.0,0.0,0.024459,0.0,0.0,0.116725,0.018141,0.0,0.010785,0.042118,0.0,0.0,0.0,0.011537,0.0,0.0,0.148964,0.08417,0.0,0.02622,0.154205,0.07699,0.069881,0.056324,0.0,0.035135,0.0,0.04892,0.040962,0.0,0.0,0.0,0.0,0.0,0.0,0.0,0.0,0.0,0.0,0.011023
2020-03-19,0.012581,0.011233,0.0,0.0,0.0,0.024617,0.0,0.0,0.115146,0.017382,0.0,0.010969,0.043005,0.0,0.0,0.0,0.011536,0.0,0.0,0.159288,0.08238,0.0,0.025324,0.145112,0.077207,0.071621,0.057744,0.0,0.035354,0.0,0.048327,0.040155,0.0,0.0,0.0,0.0,0.0,0.0,0.0,0.0,0.0,0.0,0.011021
2020-03-20,0.01295,0.011365,0.0,0.0,0.0,0.025184,0.0,0.0,0.123402,0.018552,0.0,0.010754,0.042538,0.0,0.0,0.0,0.01124,0.0,0.0,0.159258,0.081256,0.0,0.024295,0.137044,0.075567,0.071374,0.057973,0.0,0.03585,0.0,0.048281,0.041808,0.0,0.0,0.0,0.0,0.0,0.0,0.0,0.0,0.0,0.0,0.01131
2020-03-23,0.01253,0.011574,0.0,0.0,0.0,0.025869,0.0,0.0,0.125299,0.018238,0.0,0.011067,0.041012,0.0,0.0,0.0,0.011003,0.0,0.0,0.15482,0.07886,0.0,0.024134,0.133131,0.07665,0.075674,0.059477,0.0,0.036498,0.0,0.047918,0.044689,0.0,0.0,0.0,0.0,0.0,0.0,0.0,0.0,0.0,0.0,0.011558
2020-03-24,0.01232,0.011438,0.0,0.0,0.0,0.024833,0.0,0.0,0.121206,0.018585,0.0,0.010646,0.041775,0.0,0.0,0.0,0.011232,0.0,0.0,0.163666,0.076972,0.0,0.022986,0.133616,0.076576,0.075995,0.058008,0.0,0.0373,0.0,0.049891,0.042463,0.0,0.0,0.0,0.0,0.0,0.0,0.0,0.0,0.0,0.0,0.010492
2020-03-25,0.012434,0.011544,0.0,0.0,0.0,0.024624,0.0,0.0,0.12119,0.019046,0.0,0.010193,0.041729,0.0,0.0,0.0,0.011497,0.0,0.0,0.173476,0.075847,0.0,0.022291,0.133249,0.074369,0.072937,0.05577,0.0,0.036937,0.0,0.05194,0.040727,0.0,0.0,0.0,0.0,0.0,0.0,0.0,0.0,0.0,0.0,0.010199
2020-03-26,0.01225,0.011532,0.0,0.0,0.0,0.024184,0.0,0.0,0.117329,0.018788,0.0,0.010259,0.04223,0.0,0.0,0.0,0.011639,0.0,0.0,0.172368,0.077022,0.0,0.022389,0.137701,0.075203,0.074123,0.056698,0.0,0.037074,0.0,0.050213,0.039279,0.0,0.0,0.0,0.0,0.0,0.0,0.0,0.0,0.0,0.0,0.00972
2020-03-27,0.012418,0.011528,0.0,0.0,0.0,0.023755,0.0,0.0,0.115476,0.018398,0.0,0.010183,0.042334,0.0,0.0,0.0,0.011527,0.0,0.0,0.170352,0.077931,0.0,0.023041,0.143147,0.074242,0.072837,0.056288,0.0,0.037206,0.0,0.048937,0.040351,0.0,0.0,0.0,0.0,0.0,0.0,0.0,0.0,0.0,0.0,0.010048
2020-03-30,0.01237,0.01146,0.0,0.0,0.0,0.023751,0.0,0.0,0.115522,0.018375,0.0,0.010321,0.042182,0.0,0.0,0.0,0.011436,0.0,0.0,0.164879,0.079769,0.0,0.023409,0.145147,0.075651,0.073699,0.056813,0.0,0.036981,0.0,0.048792,0.039628,0.0,0.0,0.0,0.0,0.0,0.0,0.0,0.0,0.0,0.0,0.009814
2020-03-31,0.027445,0.0,0.0,0.0,0.0,0.056316,0.0,0.0,0.04987,0.0,0.0,0.029993,0.0,0.0,0.0,0.0,0.0,0.0,0.0,0.031691,0.039551,0.064902,0.0,0.0,0.066176,0.051666,0.054057,0.0,0.035304,0.0,0.082969,0.042926,0.0,0.040538,0.0,0.053888,0.097804,0.067866,0.034384,0.032554,0.032875,0.0,0.007228
2020-04-01,0.027019,0.0,0.0,0.0,0.0,0.055999,0.0,0.0,0.050205,0.0,0.0,0.029697,0.0,0.0,0.0,0.0,0.0,0.0,0.0,0.030023,0.039231,0.06331,0.0,0.0,0.064984,0.050358,0.053094,0.0,0.034256,0.0,0.080586,0.04468,0.0,0.040492,0.0,0.056344,0.101258,0.070404,0.034481,0.033079,0.033046,0.0,0.007455
2020-04-02,0.026637,0.0,0.0,0.0,0.0,0.056844,0.0,0.0,0.050842,0.0,0.0,0.029636,0.0,0.0,0.0,0.0,0.0,0.0,0.0,0.02933,0.03973,0.064662,0.0,0.0,0.065536,0.051104,0.052567,0.0,0.034508,0.0,0.080423,0.044752,0.0,0.039815,0.0,0.055876,0.099801,0.070439,0.034243,0.032684,0.033231,0.0,0.007339
2020-04-03,0.026635,0.0,0.0,0.0,0.0,0.056744,0.0,0.0,0.05052,0.0,0.0,0.029332,0.0,0.0,0.0,0.0,0.0,0.0,0.0,0.028953,0.039772,0.064398,0.0,0.0,0.065179,0.050647,0.052227,0.0,0.0338,0.0,0.07971,0.04543,0.0,0.039776,0.0,0.056578,0.100889,0.071782,0.03385,0.032845,0.03351,0.0,0.007422
2020-04-06,0.026624,0.0,0.0,0.0,0.0,0.056408,0.0,0.0,0.050608,0.0,0.0,0.029905,0.0,0.0,0.0,0.0,0.0,0.0,0.0,0.031543,0.040035,0.066153,0.0,0.0,0.067661,0.053383,0.053706,0.0,0.034813,0.0,0.082318,0.044656,0.0,0.038553,0.0,0.053974,0.096062,0.068612,0.033164,0.032035,0.032698,0.0,0.00709
2020-04-07,0.02767,0.0,0.0,0.0,0.0,0.056455,0.0,0.0,0.050938,0.0,0.0,0.030145,0.0,0.0,0.0,0.0,0.0,0.0,0.0,0.032123,0.039732,0.064871,0.0,0.0,0.067098,0.053227,0.053004,0.0,0.034606,0.0,0.083348,0.044446,0.0,0.039286,0.0,0.053443,0.095697,0.068611,0.033186,0.032105,0.032907,0.0,0.007104
2020-04-08,0.027118,0.0,0.0,0.0,0.0,0.055558,0.0,0.0,0.050524,0.0,0.0,0.030276,0.0,0.0,0.0,0.0,0.0,0.0,0.0,0.03421,0.040676,0.066295,0.0,0.0,0.067749,0.054088,0.053997,0.0,0.03476,0.0,0.084427,0.043313,0.0,0.038768,0.0,0.052167,0.093979,0.067001,0.03348,0.032137,0.032495,0.0,0.006981
2020-04-09,0.027511,0.0,0.0,0.0,0.0,0.054815,0.0,0.0,0.049455,0.0,0.0,0.030131,0.0,0.0,0.0,0.0,0.0,0.0,0.0,0.035011,0.040409,0.06673,0.0,0.0,0.06695,0.052281,0.053936,0.0,0.034918,0.0,0.08611,0.04391,0.0,0.037889,0.0,0.051633,0.093049,0.06685,0.035242,0.033243,0.03303,0.0,0.006897
2020-04-13,0.027604,0.0,0.0,0.0,0.0,0.055095,0.0,0.0,0.049869,0.0,0.0,0.030279,0.0,0.0,0.0,0.0,0.0,0.0,0.0,0.033011,0.040191,0.066852,0.0,0.0,0.067328,0.053052,0.054203,0.0,0.034757,0.0,0.085891,0.044814,0.0,0.037466,0.0,0.051336,0.093165,0.067199,0.034856,0.033033,0.033077,0.0,0.00692
2020-04-14,0.027248,0.0,0.0,0.0,0.0,0.055081,0.0,0.0,0.050288,0.0,0.0,0.030515,0.0,0.0,0.0,0.0,0.0,0.0,0.0,0.033329,0.040646,0.068053,0.0,0.0,0.068665,0.054324,0.055287,0.0,0.035371,0.0,0.086938,0.044211,0.0,0.036727,0.0,0.050237,0.091313,0.06597,0.03426,0.032175,0.032591,0.0,0.006772
2020-04-15,0.027044,0.0,0.0,0.0,0.0,0.055106,0.0,0.0,0.050247,0.0,0.0,0.030602,0.0,0.0,0.0,0.0,0.0,0.0,0.0,0.031858,0.040935,0.067189,0.0,0.0,0.067995,0.053357,0.055424,0.0,0.034736,0.0,0.085325,0.044527,0.0,0.036988,0.0,0.052203,0.093264,0.066854,0.034359,0.032789,0.032338,0.0,0.006859
2020-04-16,0.026902,0.0,0.0,0.0,0.0,0.055271,0.0,0.0,0.050581,0.0,0.0,0.030475,0.0,0.0,0.0,0.0,0.0,0.0,0.0,0.031641,0.04149,0.068444,0.0,0.0,0.068266,0.054411,0.055684,0.0,0.034693,0.0,0.085642,0.044128,0.0,0.03658,0.0,0.052368,0.092608,0.065738,0.034047,0.032362,0.031867,0.0,0.006802
2020-04-17,0.027062,0.0,0.0,0.0,0.0,0.055006,0.0,0.0,0.050732,0.0,0.0,0.030502,0.0,0.0,0.0,0.0,0.0,0.0,0.0,0.03275,0.041819,0.071306,0.0,0.0,0.068303,0.054143,0.056085,0.0,0.034889,0.0,0.087051,0.042727,0.0,0.036549,0.0,0.051017,0.091203,0.064601,0.03379,0.032061,0.031688,0.0,0.006715
2020-04-20,0.02741,0.0,0.0,0.0,0.0,0.055189,0.0,0.0,0.050299,0.0,0.0,0.03037,0.0,0.0,0.0,0.0,0.0,0.0,0.0,0.031589,0.041688,0.074319,0.0,0.0,0.067534,0.053222,0.056152,0.0,0.034531,0.0,0.085901,0.04324,0.0,0.036402,0.0,0.051675,0.091885,0.064714,0.033442,0.032033,0.031641,0.0,0.006764
2020-04-21,0.026871,0.0,0.0,0.0,0.0,0.055082,0.0,0.0,0.049915,0.0,0.0,0.030068,0.0,0.0,0.0,0.0,0.0,0.0,0.0,0.031893,0.041318,0.073659,0.0,0.0,0.066142,0.051739,0.054765,0.0,0.034388,0.0,0.084271,0.043899,0.0,0.036854,0.0,0.053489,0.094188,0.066487,0.033561,0.032629,0.031891,0.0,0.006893
2020-04-22,0.026893,0.0,0.0,0.0,0.0,0.055307,0.0,0.0,0.049849,0.0,0.0,0.030336,0.0,0.0,0.0,0.0,0.0,0.0,0.0,0.031725,0.041214,0.073751,0.0,0.0,0.067485,0.053909,0.055618,0.0,0.035063,0.0,0.085124,0.043978,0.0,0.036289,0.0,0.052015,0.09225,0.065717,0.033263,0.032077,0.031357,0.0,0.00678
2020-04-23,0.027266,0.0,0.0,0.0,0.0,0.054863,0.0,0.0,0.049815,0.0,0.0,0.030531,0.0,0.0,0.0,0.0,0.0,0.0,0.0,0.031857,0.041412,0.073662,0.0,0.0,0.066976,0.053335,0.055105,0.0,0.035057,0.0,0.085317,0.044385,0.0,0.036615,0.0,0.052255,0.092248,0.065634,0.033223,0.032191,0.031486,0.0,0.006766
2020-04-24,0.02671,0.0,0.0,0.0,0.0,0.05451,0.0,0.0,0.049678,0.0,0.0,0.030642,0.0,0.0,0.0,0.0,0.0,0.0,0.0,0.032885,0.041593,0.075517,0.0,0.0,0.067784,0.053957,0.055469,0.0,0.03525,0.0,0.085512,0.0438,0.0,0.035645,0.0,0.051909,0.091445,0.065416,0.032618,0.031881,0.031068,0.0,0.006711
2020-04-27,0.027157,0.0,0.0,0.0,0.0,0.054767,0.0,0.0,0.05038,0.0,0.0,0.030604,0.0,0.0,0.0,0.0,0.0,0.0,0.0,0.034108,0.041732,0.07581,0.0,0.0,0.067723,0.054163,0.055873,0.0,0.035886,0.0,0.087241,0.0431,0.0,0.035072,0.0,0.050464,0.090104,0.064674,0.032443,0.031326,0.030723,0.0,0.00665
2020-04-28,0.027358,0.0,0.0,0.0,0.0,0.054608,0.0,0.0,0.050462,0.0,0.0,0.030056,0.0,0.0,0.0,0.0,0.0,0.0,0.0,0.036344,0.0409,0.073483,0.0,0.0,0.066837,0.053896,0.054644,0.0,0.036324,0.0,0.088633,0.042918,0.0,0.035399,0.0,0.051057,0.090518,0.064913,0.03255,0.031419,0.031032,0.0,0.006649
2020-04-29,0.027309,0.0,0.0,0.0,0.0,0.054477,0.0,0.0,0.050774,0.0,0.0,0.030912,0.0,0.0,0.0,0.0,0.0,0.0,0.0,0.037642,0.040389,0.07249,0.0,0.0,0.06826,0.055382,0.055821,0.0,0.036865,0.0,0.089401,0.042337,0.0,0.034779,0.0,0.049828,0.088757,0.063603,0.032495,0.031025,0.03093,0.0,0.006523
2020-04-30,0.024824,0.0,0.027665,0.0,0.0,0.077776,0.0,0.0,0.027286,0.0,0.0,0.028951,0.0,0.0,0.0,0.0,0.0,0.0,0.0,0.0,0.063618,0.034145,0.034332,0.0,0.047171,0.025739,0.046577,0.033274,0.025664,0.0,0.0,0.117024,0.0,0.093615,0.0,0.054643,0.060527,0.061586,0.055797,0.052759,0.0,0.0,0.007027
2020-05-01,0.024538,0.0,0.027538,0.0,0.0,0.075796,0.0,0.0,0.026885,0.0,0.0,0.028926,0.0,0.0,0.0,0.0,0.0,0.0,0.0,0.0,0.063231,0.033648,0.034404,0.0,0.046482,0.024808,0.04573,0.032741,0.025265,0.0,0.0,0.119303,0.0,0.09513,0.0,0.05584,0.061412,0.062399,0.055559,0.053245,0.0,0.0,0.00712
2020-05-04,0.024178,0.0,0.027284,0.0,0.0,0.075743,0.0,0.0,0.027274,0.0,0.0,0.028969,0.0,0.0,0.0,0.0,0.0,0.0,0.0,0.0,0.062925,0.0352,0.034237,0.0,0.046896,0.024906,0.046414,0.032926,0.025359,0.0,0.0,0.119203,0.0,0.094374,0.0,0.055337,0.061157,0.062191,0.055242,0.053097,0.0,0.0,0.007089
2020-05-05,0.0246,0.0,0.027342,0.0,0.0,0.076227,0.0,0.0,0.02707,0.0,0.0,0.028902,0.0,0.0,0.0,0.0,0.0,0.0,0.0,0.0,0.063809,0.035694,0.03401,0.0,0.047185,0.025135,0.047042,0.033212,0.025433,0.0,0.0,0.118813,0.0,0.093531,0.0,0.054571,0.060654,0.061797,0.055303,0.05263,0.0,0.0,0.007039
2020-05-06,0.024482,0.0,0.027221,0.0,0.0,0.077036,0.0,0.0,0.027025,0.0,0.0,0.028916,0.0,0.0,0.0,0.0,0.0,0.0,0.0,0.0,0.063382,0.03599,0.033748,0.0,0.047707,0.025526,0.047782,0.033599,0.025453,0.0,0.0,0.117668,0.0,0.093835,0.0,0.053866,0.060627,0.061696,0.055168,0.052209,0.0,0.0,0.007065
2020-05-07,0.024457,0.0,0.02731,0.0,0.0,0.076777,0.0,0.0,0.02702,0.0,0.0,0.029119,0.0,0.0,0.0,0.0,0.0,0.0,0.0,0.0,0.062644,0.035629,0.033265,0.0,0.047863,0.025458,0.048459,0.034659,0.02602,0.0,0.0,0.118094,0.0,0.094041,0.0,0.054133,0.060292,0.061368,0.054669,0.051744,0.0,0.0,0.006979
2020-05-08,0.024312,0.0,0.027613,0.0,0.0,0.078139,0.0,0.0,0.027122,0.0,0.0,0.029475,0.0,0.0,0.0,0.0,0.0,0.0,0.0,0.0,0.062593,0.035934,0.033806,0.0,0.048277,0.026054,0.048561,0.034705,0.026275,0.0,0.0,0.116688,0.0,0.093619,0.0,0.053112,0.059738,0.060984,0.054861,0.051191,0.0,0.0,0.00694
2020-05-11,0.024542,0.0,0.027815,0.0,0.0,0.078196,0.0,0.0,0.027047,0.0,0.0,0.029427,0.0,0.0,0.0,0.0,0.0,0.0,0.0,0.0,0.063529,0.037565,0.033685,0.0,0.048491,0.025972,0.049149,0.03505,0.026514,0.0,0.0,0.115705,0.0,0.092604,0.0,0.052581,0.05944,0.060639,0.054493,0.05063,0.0,0.0,0.006927
2020-05-12,0.024764,0.0,0.027626,0.0,0.0,0.078089,0.0,0.0,0.027,0.0,0.0,0.029037,0.0,0.0,0.0,0.0,0.0,0.0,0.0,0.0,0.062959,0.036988,0.033613,0.0,0.047791,0.025443,0.04828,0.034458,0.026072,0.0,0.0,0.116892,0.0,0.09326,0.0,0.053458,0.060014,0.061079,0.054769,0.051443,0.0,0.0,0.006963
2020-05-13,0.024238,0.0,0.027906,0.0,0.0,0.078815,0.0,0.0,0.027114,0.0,0.0,0.028693,0.0,0.0,0.0,0.0,0.0,0.0,0.0,0.0,0.062608,0.036445,0.033486,0.0,0.047217,0.025086,0.047572,0.033892,0.026311,0.0,0.0,0.118645,0.0,0.092325,0.0,0.054119,0.060458,0.06146,0.054769,0.051835,0.0,0.0,0.007005
2020-05-14,0.023751,0.0,0.027408,0.0,0.0,0.078359,0.0,0.0,0.027186,0.0,0.0,0.028915,0.0,0.0,0.0,0.0,0.0,0.0,0.0,0.0,0.063104,0.036002,0.033304,0.0,0.047675,0.025679,0.047675,0.034066,0.02592,0.0,0.0,0.119335,0.0,0.091912,0.0,0.054484,0.06037,0.061346,0.054418,0.052106,0.0,0.0,0.006984
2020-05-15,0.0239,0.0,0.027351,0.0,0.0,0.077393,0.0,0.0,0.02658,0.0,0.0,0.029204,0.0,0.0,0.0,0.0,0.0,0.0,0.0,0.0,0.063394,0.037149,0.033469,0.0,0.047734,0.025053,0.048259,0.03428,0.026331,0.0,0.0,0.119552,0.0,0.091562,0.0,0.054137,0.060101,0.061218,0.054286,0.05209,0.0,0.0,0.006956
2020-05-18,0.024615,0.0,0.027713,0.0,0.0,0.079539,0.0,0.0,0.02691,0.0,0.0,0.029478,0.0,0.0,0.0,0.0,0.0,0.0,0.0,0.0,0.063186,0.037793,0.03361,0.0,0.048343,0.025904,0.04803,0.034261,0.027099,0.0,0.0,0.117289,0.0,0.091049,0.0,0.052343,0.059048,0.060512,0.054613,0.051786,0.0,0.0,0.006878
2020-05-19,0.024703,0.0,0.027437,0.0,0.0,0.079401,0.0,0.0,0.026676,0.0,0.0,0.029525,0.0,0.0,0.0,0.0,0.0,0.0,0.0,0.0,0.062536,0.036782,0.033052,0.0,0.048252,0.025865,0.048454,0.034356,0.027037,0.0,0.0,0.118631,0.0,0.09121,0.0,0.052632,0.059318,0.06055,0.054778,0.051918,0.0,0.0,0.006888
2020-05-20,0.024659,0.0,0.027571,0.0,0.0,0.079118,0.0,0.0,0.026565,0.0,0.0,0.030038,0.0,0.0,0.0,0.0,0.0,0.0,0.0,0.0,0.061981,0.037466,0.033108,0.0,0.048814,0.026548,0.048772,0.034695,0.027496,0.0,0.0,0.117718,0.0,0.090758,0.0,0.052259,0.058736,0.060119,0.054802,0.05196,0.0,0.0,0.006817
2020-05-21,0.024585,0.0,0.027514,0.0,0.0,0.077857,0.0,0.0,0.026747,0.0,0.0,0.030087,0.0,0.0,0.0,0.0,0.0,0.0,0.0,0.0,0.062062,0.037497,0.033029,0.0,0.048554,0.026107,0.048809,0.034705,0.027368,0.0,0.0,0.117018,0.0,0.090817,0.0,0.052848,0.05929,0.060581,0.055268,0.052376,0.0,0.0,0.006879
2020-05-22,0.024482,0.0,0.027543,0.0,0.0,0.074955,0.0,0.0,0.026286,0.0,0.0,0.030259,0.0,0.0,0.0,0.0,0.0,0.0,0.0,0.0,0.062176,0.037937,0.033135,0.0,0.048718,0.026215,0.049375,0.035272,0.027816,0.0,0.0,0.117678,0.0,0.09039,0.0,0.053151,0.059386,0.060599,0.055389,0.052361,0.0,0.0,0.006876
2020-05-25,0.024482,0.0,0.027543,0.0,0.0,0.074955,0.0,0.0,0.026286,0.0,0.0,0.030259,0.0,0.0,0.0,0.0,0.0,0.0,0.0,0.0,0.062176,0.037937,0.033135,0.0,0.048718,0.026215,0.049375,0.035272,0.027816,0.0,0.0,0.117678,0.0,0.09039,0.0,0.053151,0.059386,0.060599,0.055389,0.052361,0.0,0.0,0.006876
2020-05-26,0.025099,0.0,0.028413,0.0,0.0,0.076159,0.0,0.0,0.026792,0.0,0.0,0.030272,0.0,0.0,0.0,0.0,0.0,0.0,0.0,0.0,0.061918,0.036956,0.033236,0.0,0.048553,0.026428,0.048798,0.035201,0.028315,0.0,0.0,0.115733,0.0,0.09178,0.0,0.052316,0.059091,0.060233,0.055675,0.052166,0.0,0.0,0.006863
2020-05-27,0.025014,0.0,0.02873,0.0,0.0,0.075413,0.0,0.0,0.026776,0.0,0.0,0.030435,0.0,0.0,0.0,0.0,0.0,0.0,0.0,0.0,0.062455,0.036905,0.03368,0.0,0.048748,0.026791,0.0487,0.03521,0.028304,0.0,0.0,0.115747,0.0,0.090894,0.0,0.052132,0.05904,0.060192,0.055697,0.052295,0.0,0.0,0.006843
2020-05-28,0.025484,0.0,0.029062,0.0,0.0,0.074748,0.0,0.0,0.026522,0.0,0.0,0.030105,0.0,0.0,0.0,0.0,0.0,0.0,0.0,0.0,0.063177,0.036481,0.033929,0.0,0.048582,0.026168,0.049225,0.035338,0.028422,0.0,0.0,0.115966,0.0,0.090961,0.0,0.051865,0.058901,0.060293,0.05567,0.052262,0.0,0.0,0.00684
2020-05-29,0.0,0.0,0.0,0.0,0.0,0.062479,0.0,0.0,0.045969,0.0,0.032849,0.048118,0.0,0.0,0.0,0.0,0.0,0.0,0.0,0.0,0.095593,0.04337,0.048817,0.0,0.04254,0.013302,0.049849,0.019846,0.012911,0.0,0.027283,0.123037,0.0,0.049937,0.0,0.045687,0.045688,0.046504,0.054738,0.084138,0.0,0.0,0.007343
2020-06-01,0.0,0.0,0.0,0.0,0.0,0.063259,0.0,0.0,0.046528,0.0,0.032996,0.048428,0.0,0.0,0.0,0.0,0.0,0.0,0.0,0.0,0.094176,0.043384,0.048911,0.0,0.042315,0.013164,0.050138,0.020152,0.013085,0.0,0.027956,0.122989,0.0,0.049725,0.0,0.045154,0.045443,0.04633,0.054878,0.083682,0.0,0.0,0.007306
2020-06-02,0.0,0.0,0.0,0.0,0.0,0.064375,0.0,0.0,0.04691,0.0,0.033138,0.04842,0.0,0.0,0.0,0.0,0.0,0.0,0.0,0.0,0.094325,0.0438,0.048837,0.0,0.042534,0.013392,0.049964,0.020002,0.013036,0.0,0.028228,0.121682,0.0,0.049264,0.0,0.044802,0.045179,0.046034,0.055191,0.083599,0.0,0.0,0.007285
2020-06-03,0.0,0.0,0.0,0.0,0.0,0.06524,0.0,0.0,0.047916,0.0,0.03374,0.048535,0.0,0.0,0.0,0.0,0.0,0.0,0.0,0.0,0.094072,0.0431,0.048867,0.0,0.042834,0.013769,0.049953,0.020137,0.013143,0.0,0.028756,0.119349,0.0,0.049517,0.0,0.044174,0.044878,0.045849,0.055408,0.083487,0.0,0.0,0.007276
2020-06-04,0.0,0.0,0.0,0.0,0.0,0.064826,0.0,0.0,0.047658,0.0,0.033734,0.048409,0.0,0.0,0.0,0.0,0.0,0.0,0.0,0.0,0.093784,0.042536,0.048868,0.0,0.042689,0.013963,0.049162,0.019862,0.013085,0.0,0.028934,0.121196,0.0,0.050269,0.0,0.043747,0.044919,0.045899,0.055506,0.083641,0.0,0.0,0.007314
2020-06-05,0.0,0.0,0.0,0.0,0.0,0.065393,0.0,0.0,0.048534,0.0,0.034257,0.048792,0.0,0.0,0.0,0.0,0.0,0.0,0.0,0.0,0.094513,0.042529,0.04914,0.0,0.043452,0.014187,0.049485,0.01974,0.013197,0.0,0.029932,0.11776,0.0,0.049963,0.0,0.043078,0.044326,0.045517,0.055568,0.08338,0.0,0.0,0.007257
2020-06-08,0.0,0.0,0.0,0.0,0.0,0.064722,0.0,0.0,0.048485,0.0,0.034518,0.049333,0.0,0.0,0.0,0.0,0.0,0.0,0.0,0.0,0.09445,0.042989,0.049296,0.0,0.043343,0.014051,0.049792,0.019877,0.01312,0.0,0.030653,0.118141,0.0,0.049552,0.0,0.042919,0.044042,0.045272,0.055217,0.08303,0.0,0.0,0.007198
2020-06-09,0.0,0.0,0.0,0.0,0.0,0.064735,0.0,0.0,0.048494,0.0,0.034298,0.049282,0.0,0.0,0.0,0.0,0.0,0.0,0.0,0.0,0.093603,0.042977,0.048963,0.0,0.04361,0.014083,0.04963,0.019751,0.013122,0.0,0.030172,0.119453,0.0,0.04966,0.0,0.043469,0.044263,0.045383,0.054865,0.082975,0.0,0.0,0.007212
2020-06-10,0.0,0.0,0.0,0.0,0.0,0.065192,0.0,0.0,0.048823,0.0,0.033776,0.048844,0.0,0.0,0.0,0.0,0.0,0.0,0.0,0.0,0.092905,0.042776,0.048537,0.0,0.044076,0.014049,0.050198,0.019699,0.013061,0.0,0.030162,0.120448,0.0,0.049152,0.0,0.043853,0.044331,0.045461,0.054463,0.083026,0.0,0.0,0.007168
2020-06-11,0.0,0.0,0.0,0.0,0.0,0.064725,0.0,0.0,0.048227,0.0,0.033027,0.04808,0.0,0.0,0.0,0.0,0.0,0.0,0.0,0.0,0.090536,0.0417,0.048186,0.0,0.042873,0.013576,0.049055,0.019271,0.01271,0.0,0.028882,0.123391,0.0,0.050021,0.0,0.046106,0.045907,0.046925,0.054757,0.084651,0.0,0.0,0.007393
2020-06-12,0.0,0.0,0.0,0.0,0.0,0.065293,0.0,0.0,0.048648,0.0,0.033141,0.04819,0.0,0.0,0.0,0.0,0.0,0.0,0.0,0.0,0.090541,0.041961,0.047885,0.0,0.04315,0.013673,0.04947,0.019293,0.012884,0.0,0.029165,0.122775,0.0,0.049737,0.0,0.045369,0.045511,0.046499,0.054946,0.084518,0.0,0.0,0.007349
2020-06-15,0.0,0.0,0.0,0.0,0.0,0.064858,0.0,0.0,0.048129,0.0,0.033276,0.048702,0.0,0.0,0.0,0.0,0.0,0.0,0.0,0.0,0.090258,0.042914,0.048178,0.0,0.043333,0.013783,0.050099,0.019522,0.012865,0.0,0.0286,0.121899,0.0,0.049179,0.0,0.045151,0.04523,0.046269,0.055182,0.085259,0.0,0.0,0.007312
2020-06-16,0.0,0.0,0.0,0.0,0.0,0.06513,0.0,0.0,0.047985,0.0,0.033693,0.048693,0.0,0.0,0.0,0.0,0.0,0.0,0.0,0.0,0.091713,0.043214,0.048525,0.0,0.043889,0.013935,0.050556,0.019629,0.012994,0.0,0.02922,0.120826,0.0,0.04877,0.0,0.044089,0.044762,0.045861,0.054947,0.084317,0.0,0.0,0.007251
2020-06-17,0.0,0.0,0.0,0.0,0.0,0.065607,0.0,0.0,0.048481,0.0,0.033569,0.048702,0.0,0.0,0.0,0.0,0.0,0.0,0.0,0.0,0.091523,0.043201,0.0484,0.0,0.043833,0.014028,0.050502,0.019679,0.013096,0.0,0.02901,0.120927,0.0,0.048718,0.0,0.044224,0.044784,0.045782,0.054632,0.084063,0.0,0.0,0.00724
2020-06-18,0.0,0.0,0.0,0.0,0.0,0.065819,0.0,0.0,0.048374,0.0,0.033364,0.048739,0.0,0.0,0.0,0.0,0.0,0.0,0.0,0.0,0.090988,0.043555,0.048532,0.0,0.043922,0.013968,0.051098,0.01972,0.012965,0.0,0.029136,0.120392,0.0,0.048454,0.0,0.044582,0.044773,0.045876,0.054478,0.084044,0.0,0.0,0.007222
2020-06-19,0.0,0.0,0.0,0.0,0.0,0.065595,0.0,0.0,0.048002,0.0,0.033032,0.048503,0.0,0.0,0.0,0.0,0.0,0.0,0.0,0.0,0.091663,0.044692,0.048176,0.0,0.043524,0.01387,0.050941,0.019529,0.01292,0.0,0.029363,0.121455,0.0,0.048349,0.0,0.044521,0.04469,0.045866,0.054176,0.083924,0.0,0.0,0.007209
2020-06-22,0.0,0.0,0.0,0.0,0.0,0.066082,0.0,0.0,0.048296,0.0,0.033166,0.04831,0.0,0.0,0.0,0.0,0.0,0.0,0.0,0.0,0.090749,0.045721,0.047742,0.0,0.04407,0.013886,0.05163,0.019633,0.013042,0.0,0.029555,0.121486,0.0,0.048015,0.0,0.044251,0.044375,0.045698,0.053803,0.083326,0.0,0.0,0.007164
2020-06-23,0.0,0.0,0.0,0.0,0.0,0.066777,0.0,0.0,0.048339,0.0,0.033298,0.048436,0.0,0.0,0.0,0.0,0.0,0.0,0.0,0.0,0.09079,0.046246,0.047486,0.0,0.044218,0.013882,0.051378,0.019446,0.013008,0.0,0.029571,0.12204,0.0,0.047902,0.0,0.043781,0.04419,0.045549,0.053675,0.082852,0.0,0.0,0.007136
2020-06-24,0.0,0.0,0.0,0.0,0.0,0.066912,0.0,0.0,0.048647,0.0,0.032936,0.047884,0.0,0.0,0.0,0.0,0.0,0.0,0.0,0.0,0.089427,0.045814,0.04722,0.0,0.043713,0.013732,0.050932,0.019358,0.012893,0.0,0.029401,0.122999,0.0,0.048089,0.0,0.044754,0.044778,0.046004,0.053729,0.083563,0.0,0.0,0.007216
2020-06-25,0.0,0.0,0.0,0.0,0.0,0.066357,0.0,0.0,0.048576,0.0,0.032825,0.047868,0.0,0.0,0.0,0.0,0.0,0.0,0.0,0.0,0.089881,0.046725,0.047331,0.0,0.044065,0.013765,0.051393,0.019486,0.013094,0.0,0.029338,0.122348,0.0,0.047935,0.0,0.044672,0.044575,0.045829,0.053497,0.083258,0.0,0.0,0.007179
2020-06-26,0.0,0.0,0.0,0.0,0.0,0.066527,0.0,0.0,0.048695,0.0,0.032368,0.046204,0.0,0.0,0.0,0.0,0.0,0.0,0.0,0.0,0.089654,0.04563,0.046817,0.0,0.043619,0.013639,0.051439,0.019461,0.012947,0.0,0.029464,0.124092,0.0,0.047464,0.0,0.045591,0.045132,0.046355,0.053505,0.084145,0.0,0.0,0.007251
2020-06-29,0.0,0.0,0.0,0.0,0.0,0.066157,0.0,0.0,0.048816,0.0,0.03281,0.046811,0.0,0.0,0.0,0.0,0.0,0.0,0.0,0.0,0.089987,0.045382,0.047451,0.0,0.043864,0.013715,0.05103,0.01937,0.013024,0.0,0.02964,0.123507,0.0,0.047896,0.0,0.045208,0.044939,0.046164,0.052923,0.084092,0.0,0.0,0.007216
2020-06-30,0.023087,0.0,0.026224,0.0,0.0,0.035921,0.0,0.0,0.0,0.0,0.052108,0.045876,0.0,0.0,0.0,0.0,0.0,0.0,0.0,0.0,0.055293,0.0,0.027812,0.03071,0.029724,0.014896,0.043045,0.037693,0.032847,0.0,0.080642,0.141232,0.0,0.0,0.0,0.052093,0.052512,0.052278,0.059471,0.099023,0.0,0.0,0.007514
2020-07-01,0.023126,0.0,0.026045,0.0,0.0,0.036064,0.0,0.0,0.0,0.0,0.052378,0.046785,0.0,0.0,0.0,0.0,0.0,0.0,0.0,0.0,0.055447,0.0,0.0277,0.031275,0.029627,0.014634,0.043577,0.03802,0.032879,0.0,0.080782,0.139916,0.0,0.0,0.0,0.05174,0.052176,0.052058,0.059366,0.098931,0.0,0.0,0.007473
2020-07-02,0.023337,0.0,0.02607,0.0,0.0,0.037064,0.0,0.0,0.0,0.0,0.052294,0.046375,0.0,0.0,0.0,0.0,0.0,0.0,0.0,0.0,0.055556,0.0,0.027687,0.031183,0.029635,0.014731,0.043436,0.037956,0.032724,0.0,0.08162,0.139441,0.0,0.0,0.0,0.051506,0.05195,0.051912,0.059472,0.098623,0.0,0.0,0.007428
2020-07-03,0.02319,0.0,0.026074,0.0,0.0,0.03707,0.0,0.0,0.0,0.0,0.052302,0.046381,0.0,0.0,0.0,0.0,0.0,0.0,0.0,0.0,0.055564,0.0,0.027692,0.031187,0.029639,0.014733,0.043443,0.037962,0.032729,0.0,0.081633,0.139461,0.0,0.0,0.0,0.051514,0.051958,0.05192,0.05948,0.098638,0.0,0.0,0.00743
2020-07-06,0.023243,0.0,0.02599,0.0,0.0,0.039132,0.0,0.0,0.0,0.0,0.052691,0.046563,0.0,0.0,0.0,0.0,0.0,0.0,0.0,0.0,0.055236,0.0,0.027386,0.030316,0.029678,0.014882,0.043216,0.037615,0.033013,0.0,0.08664,0.138068,0.0,0.0,0.0,0.050488,0.051057,0.051195,0.058956,0.097323,0.0,0.0,0.007313
2020-07-07,0.023242,0.0,0.025795,0.0,0.0,0.038429,0.0,0.0,0.0,0.0,0.051939,0.046497,0.0,0.0,0.0,0.0,0.0,0.0,0.0,0.0,0.054836,0.0,0.027675,0.030237,0.02941,0.014727,0.043022,0.03738,0.032819,0.0,0.087436,0.13914,0.0,0.0,0.0,0.051272,0.051295,0.051281,0.058649,0.097593,0.0,0.0,0.007326
2020-07-08,0.02288,0.0,0.025596,0.0,0.0,0.039803,0.0,0.0,0.0,0.0,0.052126,0.046584,0.0,0.0,0.0,0.0,0.0,0.0,0.0,0.0,0.054458,0.0,0.027413,0.030295,0.029682,0.014823,0.043593,0.03798,0.03291,0.0,0.08801,0.139027,0.0,0.0,0.0,0.05071,0.050857,0.050832,0.058395,0.096754,0.0,0.0,0.007272
2020-07-09,0.022716,0.0,0.025448,0.0,0.0,0.039862,0.0,0.0,0.0,0.0,0.052018,0.046598,0.0,0.0,0.0,0.0,0.0,0.0,0.0,0.0,0.05398,0.0,0.027172,0.029861,0.029761,0.015005,0.043953,0.038542,0.032733,0.0,0.087781,0.138522,0.0,0.0,0.0,0.05147,0.050973,0.050917,0.058214,0.097207,0.0,0.0,0.007267
2020-07-10,0.022863,0.0,0.025683,0.0,0.0,0.039352,0.0,0.0,0.0,0.0,0.05244,0.047224,0.0,0.0,0.0,0.0,0.0,0.0,0.0,0.0,0.053648,0.0,0.027568,0.03031,0.029641,0.014898,0.043542,0.038297,0.03306,0.0,0.089365,0.137642,0.0,0.0,0.0,0.051018,0.050681,0.050672,0.058191,0.096663,0.0,0.0,0.007242
2020-07-13,0.023403,0.0,0.02564,0.0,0.0,0.039039,0.0,0.0,0.0,0.0,0.051958,0.046439,0.0,0.0,0.0,0.0,0.0,0.0,0.0,0.0,0.054143,0.0,0.027624,0.030449,0.029129,0.014705,0.041809,0.036788,0.032472,0.0,0.092763,0.1383,0.0,0.0,0.0,0.051368,0.050915,0.050962,0.058079,0.096748,0.0,0.0,0.007266
2020-07-14,0.022938,0.0,0.025727,0.0,0.0,0.038525,0.0,0.0,0.0,0.0,0.052239,0.046687,0.0,0.0,0.0,0.0,0.0,0.0,0.0,0.0,0.054968,0.0,0.027901,0.030595,0.029332,0.014881,0.041842,0.036985,0.032829,0.0,0.091191,0.138318,0.0,0.0,0.0,0.05121,0.050681,0.05074,0.05831,0.096873,0.0,0.0,0.007228
2020-07-15,0.023245,0.0,0.025957,0.0,0.0,0.038441,0.0,0.0,0.0,0.0,0.05279,0.046792,0.0,0.0,0.0,0.0,0.0,0.0,0.0,0.0,0.055476,0.0,0.027821,0.030362,0.029382,0.0148,0.04176,0.037001,0.033341,0.0,0.090781,0.137929,0.0,0.0,0.0,0.050783,0.050477,0.050524,0.058425,0.096706,0.0,0.0,0.007205
2020-07-16,0.023278,0.0,0.02589,0.0,0.0,0.037554,0.0,0.0,0.0,0.0,0.053055,0.047235,0.0,0.0,0.0,0.0,0.0,0.0,0.0,0.0,0.055813,0.0,0.028095,0.030985,0.029243,0.014859,0.041566,0.036846,0.033027,0.0,0.087614,0.13768,0.0,0.0,0.0,0.051418,0.050904,0.051017,0.058932,0.097724,0.0,0.0,0.007264
2020-07-17,0.023259,0.0,0.025806,0.0,0.0,0.037578,0.0,0.0,0.0,0.0,0.05255,0.0469,0.0,0.0,0.0,0.0,0.0,0.0,0.0,0.0,0.056303,0.0,0.02811,0.031532,0.029244,0.014861,0.04172,0.037183,0.033409,0.0,0.087287,0.138141,0.0,0.0,0.0,0.051061,0.050645,0.050864,0.058809,0.097513,0.0,0.0,0.007225
2020-07-20,0.023172,0.0,0.025587,0.0,0.0,0.038039,0.0,0.0,0.0,0.0,0.052901,0.047028,0.0,0.0,0.0,0.0,0.0,0.0,0.0,0.0,0.055776,0.0,0.027572,0.030833,0.029716,0.015016,0.042884,0.037984,0.033444,0.0,0.088454,0.137534,0.0,0.0,0.0,0.050717,0.050213,0.050466,0.058618,0.096886,0.0,0.0,0.007158
2020-07-21,0.02339,0.0,0.025547,0.0,0.0,0.038252,0.0,0.0,0.0,0.0,0.052872,0.046704,0.0,0.0,0.0,0.0,0.0,0.0,0.0,0.0,0.055623,0.0,0.027753,0.030908,0.029356,0.014908,0.042316,0.037764,0.03344,0.0,0.08827,0.138901,0.0,0.0,0.0,0.050642,0.050162,0.050474,0.058767,0.09681,0.0,0.0,0.00714
2020-07-22,0.023192,0.0,0.025372,0.0,0.0,0.037509,0.0,0.0,0.0,0.0,0.053102,0.046556,0.0,0.0,0.0,0.0,0.0,0.0,0.0,0.0,0.055886,0.0,0.027857,0.031252,0.029467,0.014894,0.042258,0.037594,0.033469,0.0,0.087898,0.140419,0.0,0.0,0.0,0.050579,0.049967,0.050262,0.058638,0.096717,0.0,0.0,0.007113
2020-07-23,0.023335,0.0,0.025333,0.0,0.0,0.037474,0.0,0.0,0.0,0.0,0.052403,0.045885,0.0,0.0,0.0,0.0,0.0,0.0,0.0,0.0,0.055739,0.0,0.028008,0.031347,0.028755,0.014694,0.04142,0.037372,0.033479,0.0,0.08828,0.141923,0.0,0.0,0.0,0.051265,0.050109,0.05038,0.058705,0.096968,0.0,0.0,0.007127
2020-07-24,0.023102,0.0,0.025469,0.0,0.0,0.037197,0.0,0.0,0.0,0.0,0.052834,0.046108,0.0,0.0,0.0,0.0,0.0,0.0,0.0,0.0,0.05548,0.0,0.028152,0.031341,0.02859,0.014556,0.041305,0.037133,0.033339,0.0,0.084954,0.144062,0.0,0.0,0.0,0.051593,0.050408,0.050692,0.05914,0.097374,0.0,0.0,0.007172
2020-07-27,0.023017,0.0,0.025788,0.0,0.0,0.03697,0.0,0.0,0.0,0.0,0.052778,0.046089,0.0,0.0,0.0,0.0,0.0,0.0,0.0,0.0,0.055494,0.0,0.028088,0.030738,0.028832,0.014902,0.041693,0.03745,0.033817,0.0,0.084825,0.145849,0.0,0.0,0.0,0.051031,0.049966,0.050327,0.058852,0.096378,0.0,0.0,0.007117
2020-07-28,0.023139,0.0,0.025646,0.0,0.0,0.036858,0.0,0.0,0.0,0.0,0.052289,0.045643,0.0,0.0,0.0,0.0,0.0,0.0,0.0,0.0,0.055466,0.0,0.028209,0.031222,0.028512,0.014623,0.041363,0.037235,0.033407,0.0,0.085047,0.147157,0.0,0.0,0.0,0.051416,0.050116,0.050451,0.058736,0.09634,0.0,0.0,0.007126
2020-07-29,0.022963,0.0,0.025428,0.0,0.0,0.037213,0.0,0.0,0.0,0.0,0.052344,0.045647,0.0,0.0,0.0,0.0,0.0,0.0,0.0,0.0,0.055544,0.0,0.027996,0.031084,0.028665,0.01479,0.041788,0.037855,0.03343,0.0,0.086031,0.146928,0.0,0.0,0.0,0.050866,0.04973,0.050113,0.058531,0.095993,0.0,0.0,0.007062
2020-07-30,0.022817,0.0,0.025096,0.0,0.0,0.037063,0.0,0.0,0.0,0.0,0.052404,0.045864,0.0,0.0,0.0,0.0,0.0,0.0,0.0,0.0,0.055267,0.0,0.02805,0.031145,0.028882,0.01511,0.041809,0.03823,0.033275,0.0,0.085479,0.146127,0.0,0.0,0.0,0.051302,0.049897,0.050263,0.05877,0.096077,0.0,0.0,0.007072
2020-07-31,0.027773,0.0,0.0,0.0,0.0,0.0,0.0,0.0,0.032636,0.0,0.089746,0.037426,0.0,0.0,0.0,0.0,0.0,0.0,0.033954,0.0,0.037175,0.080508,0.0,0.0,0.03005,0.016879,0.030005,0.013471,0.029182,0.0,0.090174,0.10743,0.0,0.0,0.0,0.039431,0.040023,0.039788,0.030627,0.089068,0.096972,0.0,0.007682
2020-08-03,0.027901,0.0,0.0,0.0,0.0,0.0,0.0,0.0,0.032162,0.0,0.088614,0.037065,0.0,0.0,0.0,0.0,0.0,0.0,0.033408,0.0,0.037163,0.083005,0.0,0.0,0.030467,0.017005,0.030292,0.013479,0.029525,0.0,0.0932,0.10642,0.0,0.0,0.0,0.03882,0.039583,0.039423,0.030313,0.088249,0.096307,0.0,0.0076
2020-08-04,0.027828,0.0,0.0,0.0,0.0,0.0,0.0,0.0,0.032502,0.0,0.088811,0.037085,0.0,0.0,0.0,0.0,0.0,0.0,0.033685,0.0,0.036786,0.082272,0.0,0.0,0.030368,0.017155,0.030071,0.013397,0.029525,0.0,0.092736,0.108057,0.0,0.0,0.0,0.038963,0.039489,0.039282,0.030127,0.088063,0.096242,0.0,0.007557
2020-08-05,0.027935,0.0,0.0,0.0,0.0,0.0,0.0,0.0,0.032656,0.0,0.089351,0.036805,0.0,0.0,0.0,0.0,0.0,0.0,0.033972,0.0,0.036733,0.082367,0.0,0.0,0.030297,0.017034,0.030013,0.013405,0.029651,0.0,0.09392,0.108402,0.0,0.0,0.0,0.03839,0.03912,0.039064,0.029998,0.087412,0.095964,0.0,0.007512
2020-08-06,0.027708,0.0,0.0,0.0,0.0,0.0,0.0,0.0,0.032624,0.0,0.089461,0.037637,0.0,0.0,0.0,0.0,0.0,0.0,0.033706,0.0,0.036404,0.081652,0.0,0.0,0.030611,0.016963,0.030001,0.013238,0.029611,0.0,0.093726,0.109443,0.0,0.0,0.0,0.038464,0.039022,0.038965,0.029956,0.087466,0.095859,0.0,0.007483
2020-08-07,0.027949,0.0,0.0,0.0,0.0,0.0,0.0,0.0,0.032395,0.0,0.090009,0.037767,0.0,0.0,0.0,0.0,0.0,0.0,0.033977,0.0,0.036689,0.082108,0.0,0.0,0.030294,0.016852,0.029462,0.013067,0.029635,0.0,0.09379,0.108201,0.0,0.0,0.0,0.038384,0.03912,0.03904,0.03002,0.087623,0.096099,0.0,0.007518
2020-08-10,0.027962,0.0,0.0,0.0,0.0,0.0,0.0,0.0,0.03257,0.0,0.091055,0.037628,0.0,0.0,0.0,0.0,0.0,0.0,0.034296,0.0,0.036553,0.082073,0.0,0.0,0.030199,0.016845,0.029026,0.012889,0.029659,0.0,0.094053,0.107791,0.0,0.0,0.0,0.038199,0.039065,0.03898,0.030024,0.087404,0.09621,0.0,0.007518
2020-08-11,0.028622,0.0,0.0,0.0,0.0,0.0,0.0,0.0,0.032614,0.0,0.092072,0.037555,0.0,0.0,0.0,0.0,0.0,0.0,0.034686,0.0,0.0368,0.079846,0.0,0.0,0.030046,0.016889,0.028843,0.01295,0.030118,0.0,0.095391,0.103345,0.0,0.0,0.0,0.038242,0.039443,0.039406,0.030144,0.087998,0.097374,0.0,0.007617
2020-08-12,0.028588,0.0,0.0,0.0,0.0,0.0,0.0,0.0,0.032753,0.0,0.092763,0.037786,0.0,0.0,0.0,0.0,0.0,0.0,0.034694,0.0,0.037206,0.079647,0.0,0.0,0.030554,0.017336,0.029006,0.012922,0.030742,0.0,0.096186,0.102279,0.0,0.0,0.0,0.037679,0.039104,0.039207,0.02998,0.087282,0.096711,0.0,0.007572
2020-08-13,0.028568,0.0,0.0,0.0,0.0,0.0,0.0,0.0,0.03242,0.0,0.092616,0.037932,0.0,0.0,0.0,0.0,0.0,0.0,0.034648,0.0,0.037114,0.080649,0.0,0.0,0.030532,0.017143,0.029353,0.012947,0.030604,0.0,0.095431,0.104573,0.0,0.0,0.0,0.037233,0.038978,0.039062,0.029864,0.086393,0.096378,0.0,0.007562
2020-08-14,0.028571,0.0,0.0,0.0,0.0,0.0,0.0,0.0,0.032632,0.0,0.092907,0.038047,0.0,0.0,0.0,0.0,0.0,0.0,0.034798,0.0,0.03716,0.080151,0.0,0.0,0.030608,0.017188,0.029297,0.012903,0.030656,0.0,0.095142,0.104456,0.0,0.0,0.0,0.037206,0.039122,0.039121,0.029906,0.086287,0.096254,0.0,0.007587
2020-08-17,0.028362,0.0,0.0,0.0,0.0,0.0,0.0,0.0,0.032842,0.0,0.0931,0.037686,0.0,0.0,0.0,0.0,0.0,0.0,0.034581,0.0,0.03698,0.082073,0.0,0.0,0.030484,0.017196,0.029335,0.012824,0.03087,0.0,0.095476,0.105583,0.0,0.0,0.0,0.036902,0.038768,0.038787,0.029763,0.085543,0.095336,0.0,0.007507
2020-08-18,0.028388,0.0,0.0,0.0,0.0,0.0,0.0,0.0,0.032489,0.0,0.093545,0.037972,0.0,0.0,0.0,0.0,0.0,0.0,0.03439,0.0,0.036918,0.08124,0.0,0.0,0.030555,0.017081,0.029643,0.012917,0.030714,0.0,0.094951,0.106385,0.0,0.0,0.0,0.037114,0.038781,0.038906,0.029767,0.085669,0.095077,0.0,0.007497
2020-08-19,0.028702,0.0,0.0,0.0,0.0,0.0,0.0,0.0,0.032282,0.0,0.093832,0.038162,0.0,0.0,0.0,0.0,0.0,0.0,0.034559,0.0,0.037086,0.081738,0.0,0.0,0.030757,0.017117,0.029848,0.01304,0.030649,0.0,0.093916,0.103833,0.0,0.0,0.0,0.037171,0.039033,0.039092,0.029915,0.086111,0.095601,0.0,0.007555
2020-08-20,0.028422,0.0,0.0,0.0,0.0,0.0,0.0,0.0,0.0316,0.0,0.093608,0.038602,0.0,0.0,0.0,0.0,0.0,0.0,0.034407,0.0,0.036935,0.081652,0.0,0.0,0.031139,0.01695,0.030412,0.013192,0.030486,0.0,0.09292,0.104459,0.0,0.0,0.0,0.037473,0.039111,0.03902,0.029988,0.086339,0.095736,0.0,0.007549
2020-08-21,0.028443,0.0,0.0,0.0,0.0,0.0,0.0,0.0,0.031896,0.0,0.094117,0.038442,0.0,0.0,0.0,0.0,0.0,0.0,0.034218,0.0,0.036984,0.080668,0.0,0.0,0.031543,0.01707,0.030214,0.013095,0.030358,0.0,0.093143,0.103651,0.0,0.0,0.0,0.037709,0.039151,0.039165,0.029993,0.086522,0.096067,0.0,0.007551
2020-08-24,0.02867,0.0,0.0,0.0,0.0,0.0,0.0,0.0,0.031976,0.0,0.095249,0.038789,0.0,0.0,0.0,0.0,0.0,0.0,0.034712,0.0,0.036699,0.078498,0.0,0.0,0.031717,0.017194,0.030214,0.013132,0.030557,0.0,0.0946,0.102744,0.0,0.0,0.0,0.03753,0.038974,0.03912,0.030037,0.086101,0.095962,0.0,0.007524
2020-08-25,0.028637,0.0,0.0,0.0,0.0,0.0,0.0,0.0,0.032198,0.0,0.095351,0.039068,0.0,0.0,0.0,0.0,0.0,0.0,0.034498,0.0,0.036866,0.079267,0.0,0.0,0.031806,0.017322,0.03048,0.013147,0.030489,0.0,0.09493,0.10264,0.0,0.0,0.0,0.03716,0.038795,0.039021,0.030002,0.085538,0.095278,0.0,0.007507
2020-08-26,0.028725,0.0,0.0,0.0,0.0,0.0,0.0,0.0,0.032205,0.0,0.095738,0.04017,0.0,0.0,0.0,0.0,0.0,0.0,0.03466,0.0,0.036609,0.077837,0.0,0.0,0.032266,0.017278,0.031945,0.013302,0.030415,0.0,0.094481,0.103255,0.0,0.0,0.0,0.036805,0.038556,0.038873,0.029826,0.085077,0.094512,0.0,0.007465
2020-08-27,0.029004,0.0,0.0,0.0,0.0,0.0,0.0,0.0,0.031947,0.0,0.095686,0.039875,0.0,0.0,0.0,0.0,0.0,0.0,0.034735,0.0,0.037076,0.077583,0.0,0.0,0.03245,0.017164,0.031957,0.013271,0.030214,0.0,0.095848,0.102557,0.0,0.0,0.0,0.036355,0.038607,0.038908,0.029925,0.08481,0.094527,0.0,0.007501
2020-08-28,0.028809,0.0,0.0,0.0,0.0,0.0,0.0,0.0,0.031836,0.0,0.095592,0.03967,0.0,0.0,0.0,0.0,0.0,0.0,0.034884,0.0,0.036881,0.077659,0.0,0.0,0.032489,0.01735,0.032017,0.013223,0.030334,0.0,0.096226,0.103559,0.0,0.0,0.0,0.036056,0.038381,0.038739,0.029725,0.084432,0.094695,0.0,0.007445
2020-08-31,0.0,0.0,0.0,0.0,0.0,0.0,0.0,0.0,0.079009,0.0,0.095914,0.040029,0.0,0.0,0.0,0.0,0.0,0.0,0.04206,0.04519,0.067055,0.0,0.039394,0.0,0.023836,0.024017,0.011481,0.023761,0.023933,0.0,0.095983,0.072767,0.0,0.0,0.0,0.034913,0.035268,0.035803,0.053743,0.053218,0.095436,0.0,0.007189
2020-09-01,0.0,0.0,0.0,0.0,0.0,0.0,0.0,0.0,0.079286,0.0,0.095841,0.039909,0.0,0.0,0.0,0.0,0.0,0.0,0.042762,0.046023,0.065716,0.0,0.038998,0.0,0.024021,0.024222,0.011659,0.024137,0.024008,0.0,0.097524,0.072044,0.0,0.0,0.0,0.03492,0.034991,0.035425,0.053435,0.052959,0.095011,0.0,0.007108
2020-09-02,0.0,0.0,0.0,0.0,0.0,0.0,0.0,0.0,0.079097,0.0,0.096438,0.040454,0.0,0.0,0.0,0.0,0.0,0.0,0.043404,0.045808,0.06653,0.0,0.039407,0.0,0.024053,0.024737,0.011631,0.024206,0.024382,0.0,0.096744,0.070564,0.0,0.0,0.0,0.034988,0.034777,0.035173,0.053096,0.05277,0.094686,0.0,0.007056
2020-09-03,0.0,0.0,0.0,0.0,0.0,0.0,0.0,0.0,0.079715,0.0,0.095534,0.039985,0.0,0.0,0.0,0.0,0.0,0.0,0.04318,0.044962,0.066213,0.0,0.039624,0.0,0.023206,0.023897,0.011252,0.023367,0.023952,0.0,0.094664,0.071609,0.0,0.0,0.0,0.035898,0.035626,0.03586,0.053985,0.053871,0.096383,0.0,0.007218
2020-09-04,0.0,0.0,0.0,0.0,0.0,0.0,0.0,0.0,0.080353,0.0,0.095036,0.039506,0.0,0.0,0.0,0.0,0.0,0.0,0.043484,0.044237,0.066162,0.0,0.039787,0.0,0.023029,0.0238,0.010992,0.022956,0.024026,0.0,0.095617,0.072267,0.0,0.0,0.0,0.035442,0.035655,0.035979,0.054184,0.05364,0.096584,0.0,0.007263
2020-09-07,0.0,0.0,0.0,0.0,0.0,0.0,0.0,0.0,0.080353,0.0,0.095036,0.039506,0.0,0.0,0.0,0.0,0.0,0.0,0.043483,0.044237,0.066162,0.0,0.039787,0.0,0.023029,0.0238,0.010992,0.022956,0.024026,0.0,0.095617,0.072267,0.0,0.0,0.0,0.035442,0.035655,0.035979,0.054184,0.05364,0.096584,0.0,0.007265
2020-09-08,0.0,0.0,0.0,0.0,0.0,0.0,0.0,0.0,0.081344,0.0,0.095076,0.038991,0.0,0.0,0.0,0.0,0.0,0.0,0.043252,0.044632,0.065965,0.0,0.039483,0.0,0.02229,0.022999,0.010755,0.022728,0.024011,0.0,0.092551,0.073117,0.0,0.0,0.0,0.036149,0.036222,0.036507,0.054621,0.054428,0.097519,0.0,0.007361
2020-09-09,0.0,0.0,0.0,0.0,0.0,0.0,0.0,0.0,0.080946,0.0,0.095681,0.038973,0.0,0.0,0.0,0.0,0.0,0.0,0.043823,0.045517,0.066309,0.0,0.039564,0.0,0.022735,0.023335,0.010926,0.022872,0.024244,0.0,0.092453,0.072921,0.0,0.0,0.0,0.035609,0.03576,0.036079,0.054375,0.053796,0.096809,0.0,0.007273
2020-09-10,0.0,0.0,0.0,0.0,0.0,0.0,0.0,0.0,0.081167,0.0,0.095059,0.038702,0.0,0.0,0.0,0.0,0.0,0.0,0.043755,0.045608,0.065812,0.0,0.039388,0.0,0.022398,0.023202,0.010876,0.022754,0.024148,0.0,0.091868,0.073263,0.0,0.0,0.0,0.036074,0.036088,0.036397,0.054547,0.054263,0.097302,0.0,0.007329
2020-09-11,0.0,0.0,0.0,0.0,0.0,0.0,0.0,0.0,0.081066,0.0,0.094911,0.038461,0.0,0.0,0.0,0.0,0.0,0.0,0.044178,0.046218,0.065869,0.0,0.039487,0.0,0.022158,0.023124,0.01069,0.022545,0.024137,0.0,0.092803,0.073035,0.0,0.0,0.0,0.036041,0.036034,0.036266,0.05449,0.054137,0.097039,0.0,0.007308
2020-09-14,0.0,0.0,0.0,0.0,0.0,0.0,0.0,0.0,0.081421,0.0,0.094842,0.038176,0.0,0.0,0.0,0.0,0.0,0.0,0.044313,0.046449,0.066064,0.0,0.039298,0.0,0.022369,0.023322,0.010765,0.022601,0.024381,0.0,0.095394,0.072785,0.0,0.0,0.0,0.035634,0.035597,0.035836,0.053821,0.053664,0.096043,0.0,0.007225
2020-09-15,0.0,0.0,0.0,0.0,0.0,0.0,0.0,0.0,0.081842,0.0,0.094912,0.03857,0.0,0.0,0.0,0.0,0.0,0.0,0.044199,0.04556,0.065662,0.0,0.038953,0.0,0.022424,0.023549,0.010878,0.02263,0.024474,0.0,0.098513,0.072075,0.0,0.0,0.0,0.035285,0.035317,0.035597,0.053569,0.053326,0.095493,0.0,0.007172
2020-09-16,0.0,0.0,0.0,0.0,0.0,0.0,0.0,0.0,0.081956,0.0,0.094515,0.038206,0.0,0.0,0.0,0.0,0.0,0.0,0.044294,0.046799,0.065643,0.0,0.038834,0.0,0.022108,0.023361,0.010727,0.022609,0.024429,0.0,0.09826,0.07238,0.0,0.0,0.0,0.035228,0.035346,0.035646,0.053644,0.053436,0.095399,0.0,0.007181
2020-09-17,0.0,0.0,0.0,0.0,0.0,0.0,0.0,0.0,0.081934,0.0,0.093551,0.037651,0.0,0.0,0.0,0.0,0.0,0.0,0.044796,0.0463,0.065682,0.0,0.038739,0.0,0.02201,0.023441,0.010635,0.022461,0.024418,0.0,0.099306,0.072264,0.0,0.0,0.0,0.035474,0.035496,0.035806,0.053796,0.053657,0.095375,0.0,0.007209
2020-09-18,0.0,0.0,0.0,0.0,0.0,0.0,0.0,0.0,0.08214,0.0,0.092666,0.037457,0.0,0.0,0.0,0.0,0.0,0.0,0.044224,0.046067,0.065878,0.0,0.038556,0.0,0.021729,0.023178,0.010627,0.022549,0.024359,0.0,0.100492,0.072685,0.0,0.0,0.0,0.035523,0.035623,0.035936,0.053905,0.0538,0.095364,0.0,0.007242
2020-09-21,0.0,0.0,0.0,0.0,0.0,0.0,0.0,0.0,0.082691,0.0,0.092347,0.037432,0.0,0.0,0.0,0.0,0.0,0.0,0.043212,0.045737,0.065383,0.0,0.038689,0.0,0.022154,0.023394,0.010936,0.022934,0.024163,0.0,0.099226,0.07202,0.0,0.0,0.0,0.036102,0.036086,0.036271,0.054067,0.054348,0.095484,0.0,0.00732
2020-09-22,0.0,0.0,0.0,0.0,0.0,0.0,0.0,0.0,0.08162,0.0,0.09393,0.038007,0.0,0.0,0.0,0.0,0.0,0.0,0.043125,0.046988,0.064989,0.0,0.038765,0.0,0.022417,0.023543,0.011121,0.023283,0.024266,0.0,0.09812,0.071391,0.0,0.0,0.0,0.035933,0.035945,0.036141,0.054042,0.054168,0.094914,0.0,0.007295
2020-09-23,0.0,0.0,0.0,0.0,0.0,0.0,0.0,0.0,0.081642,0.0,0.094183,0.03782,0.0,0.0,0.0,0.0,0.0,0.0,0.042671,0.046014,0.065569,0.0,0.038924,0.0,0.02214,0.023447,0.011027,0.02316,0.024518,0.0,0.095251,0.071205,0.0,0.0,0.0,0.03668,0.036643,0.036805,0.054534,0.054821,0.09551,0.0,0.007436
2020-09-24,0.0,0.0,0.0,0.0,0.0,0.0,0.0,0.0,0.080457,0.0,0.094258,0.037938,0.0,0.0,0.0,0.0,0.0,0.0,0.043029,0.046551,0.06532,0.0,0.039259,0.0,0.022291,0.023674,0.010995,0.022885,0.024502,0.0,0.094128,0.071557,0.0,0.0,0.0,0.036865,0.036706,0.036876,0.054633,0.054749,0.09588,0.0,0.007445
2020-09-25,0.0,0.0,0.0,0.0,0.0,0.0,0.0,0.0,0.080137,0.0,0.094843,0.038185,0.0,0.0,0.0,0.0,0.0,0.0,0.043119,0.046221,0.065923,0.0,0.0392,0.0,0.02267,0.023837,0.01123,0.023222,0.024682,0.0,0.094499,0.070873,0.0,0.0,0.0,0.036617,0.036489,0.036677,0.054167,0.054324,0.095694,0.0,0.007392
2020-09-28,0.0,0.0,0.0,0.0,0.0,0.0,0.0,0.0,0.080945,0.0,0.095617,0.038211,0.0,0.0,0.0,0.0,0.0,0.0,0.043269,0.047362,0.065688,0.0,0.039146,0.0,0.022815,0.024188,0.011215,0.023192,0.024733,0.0,0.094782,0.070692,0.0,0.0,0.0,0.036057,0.036027,0.036293,0.053839,0.053917,0.094713,0.0,0.007301
2020-09-29,0.0,0.0,0.0,0.0,0.0,0.0,0.0,0.0,0.081014,0.0,0.094722,0.038188,0.0,0.0,0.0,0.0,0.0,0.0,0.042879,0.046764,0.065499,0.0,0.038826,0.0,0.022702,0.024205,0.011162,0.023114,0.024998,0.0,0.09723,0.071172,0.0,0.0,0.0,0.03604,0.035995,0.036295,0.053797,0.053762,0.094346,0.0,0.00729
2020-09-30,0.031345,0.0,0.0,0.0,0.0,0.0,0.0,0.0,0.0,0.0,0.146524,0.055282,0.0,0.0,0.0,0.0,0.0,0.138624,0.043324,0.070468,0.0,0.0,0.0,0.0,0.035508,0.027948,0.032718,0.022611,0.045264,0.0,0.096267,0.0,0.095336,0.0,0.146847,0.0,0.0,0.0,0.0,0.0,0.0,0.0,0.011933
2020-10-01,0.031229,0.0,0.0,0.0,0.0,0.0,0.0,0.0,0.0,0.0,0.147224,0.055615,0.0,0.0,0.0,0.0,0.0,0.137242,0.042362,0.071261,0.0,0.0,0.0,0.0,0.035589,0.028313,0.033076,0.022793,0.045489,0.0,0.096648,0.0,0.096522,0.0,0.144803,0.0,0.0,0.0,0.0,0.0,0.0,0.0,0.011833
2020-10-02,0.031124,0.0,0.0,0.0,0.0,0.0,0.0,0.0,0.0,0.0,0.147109,0.054705,0.0,0.0,0.0,0.0,0.0,0.138688,0.042888,0.071904,0.0,0.0,0.0,0.0,0.034807,0.027559,0.032535,0.022611,0.045227,0.0,0.095859,0.0,0.097032,0.0,0.14608,0.0,0.0,0.0,0.0,0.0,0.0,0.0,0.011872
2020-10-05,0.03102,0.0,0.0,0.0,0.0,0.0,0.0,0.0,0.0,0.0,0.146754,0.054746,0.0,0.0,0.0,0.0,0.0,0.138871,0.043034,0.07071,0.0,0.0,0.0,0.0,0.035022,0.027982,0.032527,0.022634,0.044991,0.0,0.096524,0.0,0.097651,0.0,0.145841,0.0,0.0,0.0,0.0,0.0,0.0,0.0,0.011693
2020-10-06,0.031602,0.0,0.0,0.0,0.0,0.0,0.0,0.0,0.0,0.0,0.146334,0.054451,0.0,0.0,0.0,0.0,0.0,0.13987,0.043171,0.070561,0.0,0.0,0.0,0.0,0.035028,0.028293,0.032791,0.022988,0.045578,0.0,0.097511,0.0,0.095304,0.0,0.144638,0.0,0.0,0.0,0.0,0.0,0.0,0.0,0.011879
2020-10-07,0.031017,0.0,0.0,0.0,0.0,0.0,0.0,0.0,0.0,0.0,0.146843,0.053811,0.0,0.0,0.0,0.0,0.0,0.140882,0.043444,0.06999,0.0,0.0,0.0,0.0,0.034995,0.028288,0.032897,0.022889,0.04546,0.0,0.097636,0.0,0.095047,0.0,0.145151,0.0,0.0,0.0,0.0,0.0,0.0,0.0,0.01165
2020-10-08,0.030967,0.0,0.0,0.0,0.0,0.0,0.0,0.0,0.0,0.0,0.146668,0.054091,0.0,0.0,0.0,0.0,0.0,0.140586,0.043544,0.071247,0.0,0.0,0.0,0.0,0.034905,0.028418,0.03267,0.022776,0.045252,0.0,0.09728,0.0,0.094699,0.0,0.145338,0.0,0.0,0.0,0.0,0.0,0.0,0.0,0.01156
2020-10-09,0.030803,0.0,0.0,0.0,0.0,0.0,0.0,0.0,0.0,0.0,0.145814,0.053541,0.0,0.0,0.0,0.0,0.0,0.139458,0.043176,0.07066,0.0,0.0,0.0,0.0,0.034869,0.028453,0.032743,0.02272,0.044959,0.0,0.09778,0.0,0.098345,0.0,0.145301,0.0,0.0,0.0,0.0,0.0,0.0,0.0,0.011378
2020-10-12,0.031018,0.0,0.0,0.0,0.0,0.0,0.0,0.0,0.0,0.0,0.146904,0.054636,0.0,0.0,0.0,0.0,0.0,0.1389,0.042857,0.070631,0.0,0.0,0.0,0.0,0.035615,0.028709,0.033042,0.023002,0.04507,0.0,0.097605,0.0,0.097446,0.0,0.143256,0.0,0.0,0.0,0.0,0.0,0.0,0.0,0.01131
2020-10-13,0.031167,0.0,0.0,0.0,0.0,0.0,0.0,0.0,0.0,0.0,0.147957,0.055092,0.0,0.0,0.0,0.0,0.0,0.138832,0.042789,0.070533,0.0,0.0,0.0,0.0,0.035648,0.028869,0.03355,0.023333,0.045401,0.0,0.098255,0.0,0.094629,0.0,0.142551,0.0,0.0,0.0,0.0,0.0,0.0,0.0,0.011395
2020-10-14,0.031079,0.0,0.0,0.0,0.0,0.0,0.0,0.0,0.0,0.0,0.146362,0.05445,0.0,0.0,0.0,0.0,0.0,0.140137,0.042925,0.070435,0.0,0.0,0.0,0.0,0.035469,0.028761,0.033325,0.02324,0.045368,0.0,0.098238,0.0,0.094867,0.0,0.143947,0.0,0.0,0.0,0.0,0.0,0.0,0.0,0.011396
2020-10-15,0.030624,0.0,0.0,0.0,0.0,0.0,0.0,0.0,0.0,0.0,0.146906,0.054033,0.0,0.0,0.0,0.0,0.0,0.141343,0.042801,0.071279,0.0,0.0,0.0,0.0,0.03531,0.028684,0.033203,0.023079,0.044825,0.0,0.098032,0.0,0.095078,0.0,0.143406,0.0,0.0,0.0,0.0,0.0,0.0,0.0,0.011396
2020-10-16,0.031109,0.0,0.0,0.0,0.0,0.0,0.0,0.0,0.0,0.0,0.146367,0.054336,0.0,0.0,0.0,0.0,0.0,0.140254,0.043336,0.070916,0.0,0.0,0.0,0.0,0.0354,0.028703,0.03351,0.023186,0.045086,0.0,0.097136,0.0,0.094878,0.0,0.144325,0.0,0.0,0.0,0.0,0.0,0.0,0.0,0.011458
2020-10-19,0.03123,0.0,0.0,0.0,0.0,0.0,0.0,0.0,0.0,0.0,0.145831,0.053829,0.0,0.0,0.0,0.0,0.0,0.139873,0.043207,0.069981,0.0,0.0,0.0,0.0,0.035055,0.028808,0.033484,0.023137,0.045417,0.0,0.09675,0.0,0.09639,0.0,0.145449,0.0,0.0,0.0,0.0,0.0,0.0,0.0,0.011558
2020-10-20,0.030622,0.0,0.0,0.0,0.0,0.0,0.0,0.0,0.0,0.0,0.1451,0.053516,0.0,0.0,0.0,0.0,0.0,0.139939,0.042746,0.069648,0.0,0.0,0.0,0.0,0.034721,0.02839,0.032871,0.022627,0.04525,0.0,0.098121,0.0,0.096999,0.0,0.148044,0.0,0.0,0.0,0.0,0.0,0.0,0.0,0.011408
2020-10-21,0.03061,0.0,0.0,0.0,0.0,0.0,0.0,0.0,0.0,0.0,0.144408,0.054452,0.0,0.0,0.0,0.0,0.0,0.138441,0.042613,0.067612,0.0,0.0,0.0,0.0,0.034693,0.028219,0.032833,0.022319,0.045032,0.0,0.097406,0.0,0.098204,0.0,0.151741,0.0,0.0,0.0,0.0,0.0,0.0,0.0,0.011416
2020-10-22,0.030572,0.0,0.0,0.0,0.0,0.0,0.0,0.0,0.0,0.0,0.145028,0.054931,0.0,0.0,0.0,0.0,0.0,0.138932,0.042943,0.066045,0.0,0.0,0.0,0.0,0.034607,0.028293,0.032758,0.022325,0.045242,0.0,0.098247,0.0,0.097029,0.0,0.151605,0.0,0.0,0.0,0.0,0.0,0.0,0.0,0.011441
2020-10-23,0.030559,0.0,0.0,0.0,0.0,0.0,0.0,0.0,0.0,0.0,0.14553,0.055157,0.0,0.0,0.0,0.0,0.0,0.139876,0.042873,0.067122,0.0,0.0,0.0,0.0,0.034387,0.028045,0.032855,0.022257,0.045004,0.0,0.096766,0.0,0.096434,0.0,0.151753,0.0,0.0,0.0,0.0,0.0,0.0,0.0,0.011381
2020-10-26,0.030638,0.0,0.0,0.0,0.0,0.0,0.0,0.0,0.0,0.0,0.145667,0.055058,0.0,0.0,0.0,0.0,0.0,0.13927,0.042661,0.065994,0.0,0.0,0.0,0.0,0.034333,0.028002,0.032701,0.022285,0.044948,0.0,0.098615,0.0,0.097001,0.0,0.151215,0.0,0.0,0.0,0.0,0.0,0.0,0.0,0.011614
2020-10-27,0.030685,0.0,0.0,0.0,0.0,0.0,0.0,0.0,0.0,0.0,0.145709,0.055454,0.0,0.0,0.0,0.0,0.0,0.137358,0.042288,0.064892,0.0,0.0,0.0,0.0,0.034531,0.027913,0.033025,0.022302,0.04514,0.0,0.100236,0.0,0.097589,0.0,0.15126,0.0,0.0,0.0,0.0,0.0,0.0,0.0,0.01162
2020-10-28,0.030778,0.0,0.0,0.0,0.0,0.0,0.0,0.0,0.0,0.0,0.145602,0.054975,0.0,0.0,0.0,0.0,0.0,0.135689,0.042404,0.066535,0.0,0.0,0.0,0.0,0.03412,0.02786,0.032888,0.022346,0.045273,0.0,0.102029,0.0,0.096491,0.0,0.151021,0.0,0.0,0.0,0.0,0.0,0.0,0.0,0.01199
2020-10-29,0.030384,0.0,0.0,0.0,0.0,0.0,0.0,0.0,0.0,0.0,0.144788,0.055693,0.0,0.0,0.0,0.0,0.0,0.137059,0.042767,0.065216,0.0,0.0,0.0,0.0,0.034278,0.028228,0.032682,0.021978,0.045333,0.0,0.103495,0.0,0.095042,0.0,0.151204,0.0,0.0,0.0,0.0,0.0,0.0,0.0,0.011853
2020-10-30,0.0,0.0,0.0,0.0,0.0,0.0,0.0,0.093172,0.046096,0.032297,0.130582,0.0,0.0,0.0,0.0,0.0,0.0,0.088162,0.012677,0.152953,0.0,0.010023,0.0,0.0,0.010035,0.03874,0.034526,0.0,0.088023,0.0,0.152946,0.0,0.033016,0.0,0.064688,0.0,0.0,0.0,0.0,0.0,0.0,0.0,0.012062
2020-11-02,0.0,0.0,0.0,0.0,0.0,0.0,0.0,0.092046,0.045806,0.032361,0.129538,0.0,0.0,0.0,0.0,0.0,0.0,0.087381,0.012901,0.155376,0.0,0.009872,0.0,0.0,0.009909,0.038294,0.033788,0.0,0.087451,0.0,0.155887,0.0,0.033141,0.0,0.064368,0.0,0.0,0.0,0.0,0.0,0.0,0.0,0.01188
2020-11-03,0.0,0.0,0.0,0.0,0.0,0.0,0.0,0.091027,0.045488,0.032455,0.129961,0.0,0.0,0.0,0.0,0.0,0.0,0.088375,0.012863,0.155026,0.0,0.009953,0.0,0.0,0.009899,0.038301,0.033867,0.0,0.087996,0.0,0.155153,0.0,0.032577,0.0,0.065398,0.0,0.0,0.0,0.0,0.0,0.0,0.0,0.011661
2020-11-04,0.0,0.0,0.0,0.0,0.0,0.0,0.0,0.091688,0.045312,0.032493,0.130234,0.0,0.0,0.0,0.0,0.0,0.0,0.085419,0.012406,0.159872,0.0,0.010368,0.0,0.0,0.010091,0.038896,0.034836,0.0,0.087762,0.0,0.154159,0.0,0.03168,0.0,0.063343,0.0,0.0,0.0,0.0,0.0,0.0,0.0,0.01144
2020-11-05,0.0,0.0,0.0,0.0,0.0,0.0,0.0,0.090291,0.044383,0.032339,0.129084,0.0,0.0,0.0,0.0,0.0,0.0,0.08518,0.012554,0.155565,0.0,0.010071,0.0,0.0,0.010115,0.039513,0.034646,0.0,0.087696,0.0,0.161356,0.0,0.032697,0.0,0.063387,0.0,0.0,0.0,0.0,0.0,0.0,0.0,0.011122
2020-11-06,0.0,0.0,0.0,0.0,0.0,0.0,0.0,0.091323,0.044515,0.032308,0.128997,0.0,0.0,0.0,0.0,0.0,0.0,0.084873,0.012614,0.151905,0.0,0.00985,0.0,0.0,0.010175,0.040252,0.034989,0.0,0.087695,0.0,0.161241,0.0,0.033024,0.0,0.065093,0.0,0.0,0.0,0.0,0.0,0.0,0.0,0.011146
2020-11-09,0.0,0.0,0.0,0.0,0.0,0.0,0.0,0.093614,0.044996,0.032674,0.128764,0.0,0.0,0.0,0.0,0.0,0.0,0.087074,0.012917,0.141512,0.0,0.009906,0.0,0.0,0.010116,0.039841,0.033775,0.0,0.090001,0.0,0.16601,0.0,0.031279,0.0,0.066359,0.0,0.0,0.0,0.0,0.0,0.0,0.0,0.011162
2020-11-10,0.0,0.0,0.0,0.0,0.0,0.0,0.0,0.092638,0.044859,0.033046,0.128591,0.0,0.0,0.0,0.0,0.0,0.0,0.088835,0.013099,0.148864,0.0,0.010059,0.0,0.0,0.00995,0.038731,0.032756,0.0,0.087754,0.0,0.162461,0.0,0.031251,0.0,0.065919,0.0,0.0,0.0,0.0,0.0,0.0,0.0,0.011186
2020-11-11,0.0,0.0,0.0,0.0,0.0,0.0,0.0,0.092646,0.045259,0.033284,0.128942,0.0,0.0,0.0,0.0,0.0,0.0,0.087567,0.012826,0.150387,0.0,0.010138,0.0,0.0,0.010125,0.039887,0.033472,0.0,0.088547,0.0,0.159363,0.0,0.031188,0.0,0.065247,0.0,0.0,0.0,0.0,0.0,0.0,0.0,0.011123
2020-11-12,0.0,0.0,0.0,0.0,0.0,0.0,0.0,0.092282,0.045481,0.033256,0.128346,0.0,0.0,0.0,0.0,0.0,0.0,0.087148,0.012667,0.148878,0.0,0.010234,0.0,0.0,0.010124,0.039745,0.033694,0.0,0.088684,0.0,0.160878,0.0,0.031507,0.0,0.065855,0.0,0.0,0.0,0.0,0.0,0.0,0.0,0.01122
2020-11-13,0.0,0.0,0.0,0.0,0.0,0.0,0.0,0.092161,0.045268,0.033451,0.128107,0.0,0.0,0.0,0.0,0.0,0.0,0.087478,0.012656,0.149373,0.0,0.010158,0.0,0.0,0.010028,0.039516,0.033219,0.0,0.088557,0.0,0.161742,0.0,0.031427,0.0,0.065838,0.0,0.0,0.0,0.0,0.0,0.0,0.0,0.01102
2020-11-16,0.0,0.0,0.0,0.0,0.0,0.0,0.0,0.09166,0.04538,0.033539,0.12771,0.0,0.0,0.0,0.0,0.0,0.0,0.088245,0.012699,0.148757,0.0,0.010044,0.0,0.0,0.009963,0.039852,0.032662,0.0,0.088798,0.0,0.161485,0.0,0.031087,0.0,0.067275,0.0,0.0,0.0,0.0,0.0,0.0,0.0,0.010844
2020-11-17,0.0,0.0,0.0,0.0,0.0,0.0,0.0,0.09176,0.045495,0.033608,0.127514,0.0,0.0,0.0,0.0,0.0,0.0,0.088777,0.012687,0.149029,0.0,0.010159,0.0,0.0,0.009934,0.039631,0.033073,0.0,0.088353,0.0,0.160774,0.0,0.030792,0.0,0.06754,0.0,0.0,0.0,0.0,0.0,0.0,0.0,0.010873
2020-11-18,0.0,0.0,0.0,0.0,0.0,0.0,0.0,0.092048,0.046085,0.033759,0.127281,0.0,0.0,0.0,0.0,0.0,0.0,0.088632,0.012646,0.149809,0.0,0.010017,0.0,0.0,0.009878,0.039535,0.033003,0.0,0.088655,0.0,0.159208,0.0,0.030689,0.0,0.067827,0.0,0.0,0.0,0.0,0.0,0.0,0.0,0.010925
2020-11-19,0.0,0.0,0.0,0.0,0.0,0.0,0.0,0.091408,0.045946,0.033536,0.127474,0.0,0.0,0.0,0.0,0.0,0.0,0.088293,0.012655,0.150095,0.0,0.010042,0.0,0.0,0.009924,0.039981,0.033495,0.0,0.088812,0.0,0.159881,0.0,0.030408,0.0,0.06716,0.0,0.0,0.0,0.0,0.0,0.0,0.0,0.01089
2020-11-20,0.0,0.0,0.0,0.0,0.0,0.0,0.0,0.091124,0.045718,0.03345,0.126377,0.0,0.0,0.0,0.0,0.0,0.0,0.087167,0.012601,0.148873,0.0,0.010085,0.0,0.0,0.009788,0.03966,0.033355,0.0,0.088826,0.0,0.163108,0.0,0.0304,0.0,0.068613,0.0,0.0,0.0,0.0,0.0,0.0,0.0,0.010854
2020-11-23,0.0,0.0,0.0,0.0,0.0,0.0,0.0,0.090161,0.045521,0.033628,0.126002,0.0,0.0,0.0,0.0,0.0,0.0,0.087277,0.012531,0.150628,0.0,0.009982,0.0,0.0,0.009651,0.03967,0.03285,0.0,0.087881,0.0,0.165736,0.0,0.029234,0.0,0.068547,0.0,0.0,0.0,0.0,0.0,0.0,0.0,0.010703
2020-11-24,0.0,0.0,0.0,0.0,0.0,0.0,0.0,0.090502,0.045052,0.033756,0.126255,0.0,0.0,0.0,0.0,0.0,0.0,0.088259,0.01268,0.146142,0.0,0.009822,0.0,0.0,0.009661,0.039381,0.032519,0.0,0.08791,0.0,0.169107,0.0,0.028468,0.0,0.06992,0.0,0.0,0.0,0.0,0.0,0.0,0.0,0.010567
2020-11-25,0.0,0.0,0.0,0.0,0.0,0.0,0.0,0.090154,0.044918,0.033688,0.127219,0.0,0.0,0.0,0.0,0.0,0.0,0.088213,0.012628,0.147315,0.0,0.009944,0.0,0.0,0.009744,0.039546,0.03309,0.0,0.088447,0.0,0.165876,0.0,0.028771,0.0,0.069812,0.0,0.0,0.0,0.0,0.0,0.0,0.0,0.010635
2020-11-26,0.0,0.0,0.0,0.0,0.0,0.0,0.0,0.090154,0.044918,0.033688,0.12722,0.0,0.0,0.0,0.0,0.0,0.0,0.088213,0.012629,0.147315,0.0,0.009944,0.0,0.0,0.009744,0.039547,0.03309,0.0,0.088447,0.0,0.165877,0.0,0.028771,0.0,0.069812,0.0,0.0,0.0,0.0,0.0,0.0,0.0,0.010633
2020-11-27,0.0,0.0,0.0,0.0,0.0,0.0,0.0,0.089994,0.045018,0.033994,0.126786,0.0,0.0,0.0,0.0,0.0,0.0,0.087251,0.012624,0.14691,0.0,0.010251,0.0,0.0,0.009741,0.039795,0.03343,0.0,0.089182,0.0,0.165609,0.0,0.027728,0.0,0.071114,0.0,0.0,0.0,0.0,0.0,0.0,0.0,0.010573
2020-11-30,0.0,0.0,0.0,0.0,0.042341,0.028172,0.0,0.058298,0.035159,0.030699,0.055036,0.0,0.0,0.0,0.0,0.0,0.024267,0.127867,0.018517,0.069343,0.0,0.0,0.0,0.012411,0.0,0.052871,0.0,0.0,0.099014,0.0,0.135822,0.0,0.064746,0.0,0.134709,0.0,0.0,0.0,0.0,0.0,0.0,0.0,0.010729
2020-12-01,0.0,0.0,0.0,0.0,0.042455,0.027943,0.0,0.059164,0.035209,0.0308,0.054564,0.0,0.0,0.0,0.0,0.0,0.023821,0.126424,0.018423,0.067301,0.0,0.0,0.0,0.012299,0.0,0.052889,0.0,0.0,0.099749,0.0,0.135582,0.0,0.0675,0.0,0.135323,0.0,0.0,0.0,0.0,0.0,0.0,0.0,0.010555
2020-12-02,0.0,0.0,0.0,0.0,0.042568,0.027808,0.0,0.05906,0.035474,0.031414,0.054286,0.0,0.0,0.0,0.0,0.0,0.023882,0.127077,0.018208,0.065608,0.0,0.0,0.0,0.012395,0.0,0.053106,0.0,0.0,0.099712,0.0,0.134255,0.0,0.06767,0.0,0.13691,0.0,0.0,0.0,0.0,0.0,0.0,0.0,0.010567
2020-12-03,0.0,0.0,0.0,0.0,0.042865,0.02787,0.0,0.058898,0.035616,0.031741,0.054058,0.0,0.0,0.0,0.0,0.0,0.023777,0.126547,0.017956,0.067163,0.0,0.0,0.0,0.012181,0.0,0.052804,0.0,0.0,0.099015,0.0,0.133265,0.0,0.067498,0.0,0.138252,0.0,0.0,0.0,0.0,0.0,0.0,0.0,0.010495
2020-12-04,0.0,0.0,0.0,0.0,0.042529,0.027497,0.0,0.058637,0.035794,0.032165,0.053359,0.0,0.0,0.0,0.0,0.0,0.023727,0.12631,0.018064,0.065456,0.0,0.0,0.0,0.011892,0.0,0.053492,0.0,0.0,0.0987,0.0,0.134782,0.0,0.066712,0.0,0.140535,0.0,0.0,0.0,0.0,0.0,0.0,0.0,0.010349
2020-12-07,0.0,0.0,0.0,0.0,0.042622,0.027322,0.0,0.058991,0.035829,0.032185,0.053168,0.0,0.0,0.0,0.0,0.0,0.023581,0.125941,0.017922,0.066803,0.0,0.0,0.0,0.011943,0.0,0.053692,0.0,0.0,0.097063,0.0,0.136985,0.0,0.067631,0.0,0.137989,0.0,0.0,0.0,0.0,0.0,0.0,0.0,0.010333
2020-12-08,0.0,0.0,0.0,0.0,0.042374,0.027346,0.0,0.059015,0.035956,0.03143,0.05294,0.0,0.0,0.0,0.0,0.0,0.023643,0.126251,0.017983,0.065023,0.0,0.0,0.0,0.01188,0.0,0.053746,0.0,0.0,0.0973,0.0,0.14026,0.0,0.067482,0.0,0.13706,0.0,0.0,0.0,0.0,0.0,0.0,0.0,0.010311
2020-12-09,0.0,0.0,0.0,0.0,0.042591,0.027104,0.0,0.059435,0.036082,0.031998,0.053308,0.0,0.0,0.0,0.0,0.0,0.023884,0.127673,0.018136,0.065802,0.0,0.0,0.0,0.011953,0.0,0.052645,0.0,0.0,0.097464,0.0,0.137614,0.0,0.066258,0.0,0.13766,0.0,0.0,0.0,0.0,0.0,0.0,0.0,0.010394
2020-12-10,0.0,0.0,0.0,0.0,0.042706,0.027386,0.0,0.059639,0.035911,0.032206,0.05307,0.0,0.0,0.0,0.0,0.0,0.023572,0.125958,0.01796,0.065674,0.0,0.0,0.0,0.01185,0.0,0.052383,0.0,0.0,0.097115,0.0,0.138151,0.0,0.066288,0.0,0.139774,0.0,0.0,0.0,0.0,0.0,0.0,0.0,0.010357
2020-12-11,0.0,0.0,0.0,0.0,0.042889,0.027336,0.0,0.059904,0.036121,0.032215,0.053216,0.0,0.0,0.0,0.0,0.0,0.023807,0.126805,0.017992,0.066051,0.0,0.0,0.0,0.011959,0.0,0.052267,0.0,0.0,0.097486,0.0,0.136744,0.0,0.066611,0.0,0.138158,0.0,0.0,0.0,0.0,0.0,0.0,0.0,0.010437
2020-12-14,0.0,0.0,0.0,0.0,0.042815,0.027203,0.0,0.059924,0.036176,0.032072,0.053351,0.0,0.0,0.0,0.0,0.0,0.023524,0.124002,0.017782,0.066432,0.0,0.0,0.0,0.01191,0.0,0.052907,0.0,0.0,0.09829,0.0,0.139067,0.0,0.066382,0.0,0.13772,0.0,0.0,0.0,0.0,0.0,0.0,0.0,0.010446
2020-12-15,0.0,0.0,0.0,0.0,0.042253,0.02692,0.0,0.059935,0.035784,0.032059,0.053277,0.0,0.0,0.0,0.0,0.0,0.023501,0.123233,0.017839,0.066267,0.0,0.0,0.0,0.011966,0.0,0.052857,0.0,0.0,0.097868,0.0,0.14022,0.0,0.067296,0.0,0.138433,0.0,0.0,0.0,0.0,0.0,0.0,0.0,0.010292
2020-12-16,0.0,0.0,0.0,0.0,0.04243,0.027035,0.0,0.059631,0.035932,0.031694,0.053423,0.0,0.0,0.0,0.0,0.0,0.023267,0.122777,0.017722,0.066004,0.0,0.0,0.0,0.011783,0.0,0.052687,0.0,0.0,0.097198,0.0,0.139988,0.0,0.069453,0.0,0.138722,0.0,0.0,0.0,0.0,0.0,0.0,0.0,0.010255
2020-12-17,0.0,0.0,0.0,0.0,0.04214,0.026973,0.0,0.059279,0.035347,0.031202,0.053075,0.0,0.0,0.0,0.0,0.0,0.023099,0.122564,0.017689,0.067671,0.0,0.0,0.0,0.011705,0.0,0.052085,0.0,0.0,0.09715,0.0,0.138796,0.0,0.070071,0.0,0.141036,0.0,0.0,0.0,0.0,0.0,0.0,0.0,0.010117
2020-12-18,0.0,0.0,0.0,0.0,0.042222,0.026986,0.0,0.059407,0.035278,0.03105,0.052877,0.0,0.0,0.0,0.0,0.0,0.023128,0.121872,0.017788,0.068053,0.0,0.0,0.0,0.011618,0.0,0.051834,0.0,0.0,0.096906,0.0,0.140673,0.0,0.069598,0.0,0.140581,0.0,0.0,0.0,0.0,0.0,0.0,0.0,0.010129
2020-12-21,0.0,0.0,0.0,0.0,0.041671,0.026864,0.0,0.057408,0.035339,0.030761,0.052289,0.0,0.0,0.0,0.0,0.0,0.022993,0.121288,0.017697,0.067631,0.0,0.0,0.0,0.011479,0.0,0.051612,0.0,0.0,0.096391,0.0,0.145341,0.0,0.070831,0.0,0.140276,0.0,0.0,0.0,0.0,0.0,0.0,0.0,0.010131
2020-12-22,0.0,0.0,0.0,0.0,0.041751,0.026866,0.0,0.058318,0.035211,0.030518,0.052475,0.0,0.0,0.0,0.0,0.0,0.023066,0.12199,0.017726,0.068436,0.0,0.0,0.0,0.011547,0.0,0.051943,0.0,0.0,0.097777,0.0,0.145844,0.0,0.068608,0.0,0.137717,0.0,0.0,0.0,0.0,0.0,0.0,0.0,0.010207
2020-12-23,0.0,0.0,0.0,0.0,0.041765,0.02676,0.0,0.05875,0.035048,0.030849,0.052081,0.0,0.0,0.0,0.0,0.0,0.022963,0.121251,0.01758,0.066804,0.0,0.0,0.0,0.011413,0.0,0.051055,0.0,0.0,0.09757,0.0,0.146446,0.0,0.069018,0.0,0.140536,0.0,0.0,0.0,0.0,0.0,0.0,0.0,0.01011
2020-12-24,0.0,0.0,0.0,0.0,0.041588,0.025975,0.0,0.05923,0.035391,0.031292,0.052082,0.0,0.0,0.0,0.0,0.0,0.022918,0.121022,0.017655,0.067752,0.0,0.0,0.0,0.01147,0.0,0.051404,0.0,0.0,0.097015,0.0,0.144969,0.0,0.069338,0.0,0.140809,0.0,0.0,0.0,0.0,0.0,0.0,0.0,0.010089
2020-12-28,0.0,0.0,0.0,0.0,0.04126,0.025698,0.0,0.0593,0.035443,0.031336,0.05226,0.0,0.0,0.0,0.0,0.0,0.022766,0.120236,0.017447,0.06592,0.0,0.0,0.0,0.01143,0.0,0.050942,0.0,0.0,0.096746,0.0,0.147685,0.0,0.070141,0.0,0.141379,0.0,0.0,0.0,0.0,0.0,0.0,0.0,0.010011
2020-12-29,0.0,0.0,0.0,0.0,0.041977,0.026376,0.0,0.059737,0.035652,0.032066,0.052463,0.0,0.0,0.0,0.0,0.0,0.02271,0.119837,0.017467,0.065679,0.0,0.0,0.0,0.011469,0.0,0.050993,0.0,0.0,0.097444,0.0,0.144389,0.0,0.070277,0.0,0.141417,0.0,0.0,0.0,0.0,0.0,0.0,0.0,0.010047
2020-12-30,0.0,0.0,0.0,0.0,0.041867,0.026519,0.0,0.059094,0.035586,0.032132,0.051911,0.0,0.0,0.0,0.0,0.0,0.02248,0.118162,0.017417,0.064759,0.0,0.0,0.0,0.011337,0.0,0.050995,0.0,0.0,0.096246,0.0,0.149546,0.0,0.07017,0.0,0.1419,0.0,0.0,0.0,0.0,0.0,0.0,0.0,0.00988
2020-12-31,0.0,0.0,0.0,0.0,0.073471,0.0,0.0,0.056999,0.05872,0.04102,0.043928,0.0,0.0,0.0,0.0,0.0,0.041965,0.115779,0.07226,0.022644,0.0,0.028499,0.0,0.0,0.0,0.076951,0.0,0.0,0.076889,0.0,0.140707,0.0,0.0,0.0,0.140906,0.0,0.0,0.0,0.0,0.0,0.0,0.0,0.009262
2021-01-04,0.0,0.0,0.0,0.0,0.072836,0.0,0.0,0.056357,0.058692,0.041535,0.042969,0.0,0.0,0.0,0.0,0.0,0.040399,0.111887,0.070607,0.021946,0.0,0.028149,0.0,0.0,0.0,0.075595,0.0,0.0,0.075544,0.0,0.148702,0.0,0.0,0.0,0.145645,0.0,0.0,0.0,0.0,0.0,0.0,0.0,0.009138
2021-01-05,0.0,0.0,0.0,0.0,0.071875,0.0,0.0,0.055988,0.058496,0.041544,0.042242,0.0,0.0,0.0,0.0,0.0,0.039808,0.11026,0.070444,0.021329,0.0,0.02737,0.0,0.0,0.0,0.075273,0.0,0.0,0.075033,0.0,0.156132,0.0,0.0,0.0,0.145291,0.0,0.0,0.0,0.0,0.0,0.0,0.0,0.008915
2021-01-06,0.0,0.0,0.0,0.0,0.071729,0.0,0.0,0.055443,0.058078,0.04121,0.042392,0.0,0.0,0.0,0.0,0.0,0.040488,0.112464,0.072843,0.021409,0.0,0.027745,0.0,0.0,0.0,0.074534,0.0,0.0,0.074649,0.0,0.151253,0.0,0.0,0.0,0.146907,0.0,0.0,0.0,0.0,0.0,0.0,0.0,0.008855
2021-01-07,0.0,0.0,0.0,0.0,0.07013,0.0,0.0,0.053998,0.057833,0.041082,0.04228,0.0,0.0,0.0,0.0,0.0,0.039835,0.111043,0.071809,0.021556,0.0,0.028264,0.0,0.0,0.0,0.075683,0.0,0.0,0.074151,0.0,0.154276,0.0,0.0,0.0,0.149393,0.0,0.0,0.0,0.0,0.0,0.0,0.0,0.008666
2021-01-08,0.0,0.0,0.0,0.0,0.071964,0.0,0.0,0.055228,0.058202,0.042887,0.043119,0.0,0.0,0.0,0.0,0.0,0.039706,0.111551,0.071408,0.020959,0.0,0.028304,0.0,0.0,0.0,0.075664,0.0,0.0,0.074592,0.0,0.150649,0.0,0.0,0.0,0.147107,0.0,0.0,0.0,0.0,0.0,0.0,0.0,0.00866
2021-01-11,0.0,0.0,0.0,0.0,0.072273,0.0,0.0,0.0555,0.059074,0.042967,0.042758,0.0,0.0,0.0,0.0,0.0,0.04011,0.112682,0.072158,0.02154,0.0,0.028318,0.0,0.0,0.0,0.077232,0.0,0.0,0.074937,0.0,0.148708,0.0,0.0,0.0,0.142995,0.0,0.0,0.0,0.0,0.0,0.0,0.0,0.008749
2021-01-12,0.0,0.0,0.0,0.0,0.071923,0.0,0.0,0.055278,0.058482,0.04207,0.042855,0.0,0.0,0.0,0.0,0.0,0.039989,0.1128,0.072136,0.021457,0.0,0.028199,0.0,0.0,0.0,0.076705,0.0,0.0,0.074388,0.0,0.151192,0.0,0.0,0.0,0.14389,0.0,0.0,0.0,0.0,0.0,0.0,0.0,0.008637
2021-01-13,0.0,0.0,0.0,0.0,0.07221,0.0,0.0,0.055434,0.059631,0.042342,0.043138,0.0,0.0,0.0,0.0,0.0,0.039909,0.112848,0.071877,0.021527,0.0,0.028239,0.0,0.0,0.0,0.077342,0.0,0.0,0.074949,0.0,0.149276,0.0,0.0,0.0,0.142584,0.0,0.0,0.0,0.0,0.0,0.0,0.0,0.008694
2021-01-14,0.0,0.0,0.0,0.0,0.072912,0.0,0.0,0.05523,0.059986,0.042338,0.042563,0.0,0.0,0.0,0.0,0.0,0.039765,0.113288,0.07113,0.021418,0.0,0.028958,0.0,0.0,0.0,0.078426,0.0,0.0,0.076283,0.0,0.146277,0.0,0.0,0.0,0.142794,0.0,0.0,0.0,0.0,0.0,0.0,0.0,0.008633
2021-01-15,0.0,0.0,0.0,0.0,0.073079,0.0,0.0,0.055094,0.059993,0.041699,0.042963,0.0,0.0,0.0,0.0,0.0,0.039926,0.113761,0.071326,0.021918,0.0,0.029132,0.0,0.0,0.0,0.078158,0.0,0.0,0.075972,0.0,0.14725,0.0,0.0,0.0,0.140946,0.0,0.0,0.0,0.0,0.0,0.0,0.0,0.008782
2021-01-18,0.0,0.0,0.0,0.0,0.073253,0.0,0.0,0.055084,0.059982,0.041691,0.042955,0.0,0.0,0.0,0.0,0.0,0.039919,0.113739,0.071313,0.021914,0.0,0.029126,0.0,0.0,0.0,0.078143,0.0,0.0,0.075958,0.0,0.147223,0.0,0.0,0.0,0.140919,0.0,0.0,0.0,0.0,0.0,0.0,0.0,0.00878
2021-01-19,0.0,0.0,0.0,0.0,0.073154,0.0,0.0,0.054699,0.05991,0.041438,0.042751,0.0,0.0,0.0,0.0,0.0,0.039634,0.112156,0.070817,0.02211,0.0,0.029297,0.0,0.0,0.0,0.079986,0.0,0.0,0.076433,0.0,0.14768,0.0,0.0,0.0,0.141244,0.0,0.0,0.0,0.0,0.0,0.0,0.0,0.008691
2021-01-20,0.0,0.0,0.0,0.0,0.073366,0.0,0.0,0.055118,0.059122,0.041465,0.042993,0.0,0.0,0.0,0.0,0.0,0.03936,0.112532,0.070128,0.022732,0.0,0.0289,0.0,0.0,0.0,0.078665,0.0,0.0,0.076558,0.0,0.148626,0.0,0.0,0.0,0.141859,0.0,0.0,0.0,0.0,0.0,0.0,0.0,0.008576
2021-01-21,0.0,0.0,0.0,0.0,0.073632,0.0,0.0,0.054758,0.060026,0.04232,0.043106,0.0,0.0,0.0,0.0,0.0,0.038975,0.110449,0.068964,0.023024,0.0,0.028215,0.0,0.0,0.0,0.079642,0.0,0.0,0.076383,0.0,0.150157,0.0,0.0,0.0,0.14179,0.0,0.0,0.0,0.0,0.0,0.0,0.0,0.008559
2021-01-22,0.0,0.0,0.0,0.0,0.073298,0.0,0.0,0.054541,0.060211,0.041626,0.043254,0.0,0.0,0.0,0.0,0.0,0.03904,0.110879,0.069103,0.023416,0.0,0.028744,0.0,0.0,0.0,0.078829,0.0,0.0,0.076497,0.0,0.151992,0.0,0.0,0.0,0.139955,0.0,0.0,0.0,0.0,0.0,0.0,0.0,0.008616
2021-01-25,0.0,0.0,0.0,0.0,0.073748,0.0,0.0,0.053686,0.060084,0.04252,0.043449,0.0,0.0,0.0,0.0,0.0,0.038806,0.110865,0.068795,0.023533,0.0,0.029631,0.0,0.0,0.0,0.079005,0.0,0.0,0.076926,0.0,0.152854,0.0,0.0,0.0,0.137473,0.0,0.0,0.0,0.0,0.0,0.0,0.0,0.008624
2021-01-26,0.0,0.0,0.0,0.0,0.074119,0.0,0.0,0.054261,0.060034,0.042317,0.043897,0.0,0.0,0.0,0.0,0.0,0.038869,0.110299,0.06859,0.023417,0.0,0.029429,0.0,0.0,0.0,0.078573,0.0,0.0,0.077462,0.0,0.153265,0.0,0.0,0.0,0.136749,0.0,0.0,0.0,0.0,0.0,0.0,0.0,0.00872
2021-01-27,0.0,0.0,0.0,0.0,0.075092,0.0,0.0,0.054793,0.060842,0.042052,0.043878,0.0,0.0,0.0,0.0,0.0,0.039292,0.110348,0.068657,0.023584,0.0,0.029943,0.0,0.0,0.0,0.076831,0.0,0.0,0.078742,0.0,0.152816,0.0,0.0,0.0,0.134142,0.0,0.0,0.0,0.0,0.0,0.0,0.0,0.008989
2021-01-28,0.0,0.0,0.0,0.0,0.074148,0.0,0.0,0.055105,0.060776,0.042249,0.043598,0.0,0.0,0.0,0.0,0.0,0.039499,0.110614,0.069177,0.023379,0.0,0.02953,0.0,0.0,0.0,0.077772,0.0,0.0,0.077638,0.0,0.150274,0.0,0.0,0.0,0.137335,0.0,0.0,0.0,0.0,0.0,0.0,0.0,0.008906
2021-01-29,0.0,0.0,0.0,0.0,0.0,0.0,0.041192,0.071933,0.022118,0.085059,0.0,0.0,0.0,0.026867,0.0,0.0,0.073848,0.07639,0.0,0.0,0.0,0.030634,0.0,0.0,0.0,0.029233,0.0,0.073394,0.076135,0.0,0.159284,0.0,0.034243,0.0,0.159641,0.0,0.0,0.0,0.0,0.0,0.0,0.0,0.04003
2021-02-01,0.0,0.0,0.0,0.0,0.0,0.0,0.040833,0.072633,0.021959,0.085909,0.0,0.0,0.0,0.026539,0.0,0.0,0.072418,0.07518,0.0,0.0,0.0,0.031042,0.0,0.0,0.0,0.029493,0.0,0.072562,0.075486,0.0,0.157115,0.0,0.035588,0.0,0.164382,0.0,0.0,0.0,0.0,0.0,0.0,0.0,0.03886
2021-02-02,0.0,0.0,0.0,0.0,0.0,0.0,0.041179,0.073397,0.022175,0.085264,0.0,0.0,0.0,0.026754,0.0,0.0,0.072995,0.075731,0.0,0.0,0.0,0.031333,0.0,0.0,0.0,0.029581,0.0,0.073092,0.075561,0.0,0.161983,0.0,0.032211,0.0,0.160391,0.0,0.0,0.0,0.0,0.0,0.0,0.0,0.038353
2021-02-03,0.0,0.0,0.0,0.0,0.0,0.0,0.041595,0.07398,0.02207,0.086055,0.0,0.0,0.0,0.026979,0.0,0.0,0.073065,0.075745,0.0,0.0,0.0,0.030926,0.0,0.0,0.0,0.028988,0.0,0.071222,0.075151,0.0,0.161353,0.0,0.032732,0.0,0.161775,0.0,0.0,0.0,0.0,0.0,0.0,0.0,0.038363
2021-02-04,0.0,0.0,0.0,0.0,0.0,0.0,0.041023,0.074448,0.022189,0.084882,0.0,0.0,0.0,0.027823,0.0,0.0,0.073964,0.07699,0.0,0.0,0.0,0.0313,0.0,0.0,0.0,0.029271,0.0,0.072648,0.075138,0.0,0.158409,0.0,0.032191,0.0,0.161303,0.0,0.0,0.0,0.0,0.0,0.0,0.0,0.03842
2021-02-05,0.0,0.0,0.0,0.0,0.0,0.0,0.041567,0.073873,0.022067,0.085468,0.0,0.0,0.0,0.027566,0.0,0.0,0.073824,0.076915,0.0,0.0,0.0,0.031824,0.0,0.0,0.0,0.028847,0.0,0.072214,0.075093,0.0,0.156469,0.0,0.032556,0.0,0.163589,0.0,0.0,0.0,0.0,0.0,0.0,0.0,0.038129
2021-02-08,0.0,0.0,0.0,0.0,0.0,0.0,0.04098,0.073559,0.021892,0.083144,0.0,0.0,0.0,0.027666,0.0,0.0,0.073322,0.076141,0.0,0.0,0.0,0.032694,0.0,0.0,0.0,0.02926,0.0,0.071648,0.075153,0.0,0.157824,0.0,0.032626,0.0,0.166544,0.0,0.0,0.0,0.0,0.0,0.0,0.0,0.037546
2021-02-09,0.0,0.0,0.0,0.0,0.0,0.0,0.040383,0.072755,0.021845,0.082957,0.0,0.0,0.0,0.027723,0.0,0.0,0.072963,0.076182,0.0,0.0,0.0,0.032054,0.0,0.0,0.0,0.028957,0.0,0.071939,0.075598,0.0,0.159882,0.0,0.032243,0.0,0.167256,0.0,0.0,0.0,0.0,0.0,0.0,0.0,0.037262
2021-02-10,0.0,0.0,0.0,0.0,0.0,0.0,0.039981,0.072672,0.02183,0.083426,0.0,0.0,0.0,0.027702,0.0,0.0,0.07275,0.076047,0.0,0.0,0.0,0.031293,0.0,0.0,0.0,0.028974,0.0,0.071344,0.075432,0.0,0.159234,0.0,0.031931,0.0,0.170175,0.0,0.0,0.0,0.0,0.0,0.0,0.0,0.03721
2021-02-11,0.0,0.0,0.0,0.0,0.0,0.0,0.04006,0.073072,0.021948,0.083898,0.0,0.0,0.0,0.027377,0.0,0.0,0.072214,0.075614,0.0,0.0,0.0,0.030724,0.0,0.0,0.0,0.02982,0.0,0.071262,0.075576,0.0,0.159856,0.0,0.031789,0.0,0.169777,0.0,0.0,0.0,0.0,0.0,0.0,0.0,0.037014
2021-02-12,0.0,0.0,0.0,0.0,0.0,0.0,0.03997,0.072783,0.021845,0.083654,0.0,0.0,0.0,0.027482,0.0,0.0,0.072433,0.076575,0.0,0.0,0.0,0.030317,0.0,0.0,0.0,0.030062,0.0,0.071179,0.075508,0.0,0.160329,0.0,0.031933,0.0,0.169067,0.0,0.0,0.0,0.0,0.0,0.0,0.0,0.036862
2021-02-15,0.0,0.0,0.0,0.0,0.0,0.0,0.03997,0.072783,0.021845,0.083654,0.0,0.0,0.0,0.027482,0.0,0.0,0.072434,0.076575,0.0,0.0,0.0,0.030317,0.0,0.0,0.0,0.030062,0.0,0.07118,0.075509,0.0,0.160329,0.0,0.031933,0.0,0.169068,0.0,0.0,0.0,0.0,0.0,0.0,0.0,0.036857
2021-02-16,0.0,0.0,0.0,0.0,0.0,0.0,0.039609,0.071577,0.021724,0.082019,0.0,0.0,0.0,0.027711,0.0,0.0,0.071311,0.075555,0.0,0.0,0.0,0.029121,0.0,0.0,0.0,0.029775,0.0,0.0691,0.074229,0.0,0.163776,0.0,0.031408,0.0,0.176758,0.0,0.0,0.0,0.0,0.0,0.0,0.0,0.036328
2021-02-17,0.0,0.0,0.0,0.0,0.0,0.0,0.039592,0.072086,0.021758,0.081704,0.0,0.0,0.0,0.027763,0.0,0.0,0.07132,0.07519,0.0,0.0,0.0,0.029308,0.0,0.0,0.0,0.02935,0.0,0.068936,0.073196,0.0,0.161599,0.0,0.031673,0.0,0.180108,0.0,0.0,0.0,0.0,0.0,0.0,0.0,0.036418
2021-02-18,0.0,0.0,0.0,0.0,0.0,0.0,0.039577,0.072895,0.021985,0.08166,0.0,0.0,0.0,0.027864,0.0,0.0,0.071994,0.076067,0.0,0.0,0.0,0.02896,0.0,0.0,0.0,0.02947,0.0,0.06986,0.073532,0.0,0.15307,0.0,0.031703,0.0,0.184411,0.0,0.0,0.0,0.0,0.0,0.0,0.0,0.036953
2021-02-19,0.0,0.0,0.0,0.0,0.0,0.0,0.038983,0.071216,0.021765,0.081513,0.0,0.0,0.0,0.028161,0.0,0.0,0.071875,0.07609,0.0,0.0,0.0,0.028905,0.0,0.0,0.0,0.029643,0.0,0.068921,0.07302,0.0,0.150459,0.0,0.031388,0.0,0.191759,0.0,0.0,0.0,0.0,0.0,0.0,0.0,0.036301
2021-02-22,0.0,0.0,0.0,0.0,0.0,0.0,0.036903,0.070504,0.021799,0.08012,0.0,0.0,0.0,0.028919,0.0,0.0,0.072763,0.077319,0.0,0.0,0.0,0.028292,0.0,0.0,0.0,0.02883,0.0,0.067578,0.07204,0.0,0.146943,0.0,0.032941,0.0,0.19843,0.0,0.0,0.0,0.0,0.0,0.0,0.0,0.036619
2021-02-23,0.0,0.0,0.0,0.0,0.0,0.0,0.038033,0.071484,0.021986,0.080664,0.0,0.0,0.0,0.029299,0.0,0.0,0.073232,0.077685,0.0,0.0,0.0,0.027751,0.0,0.0,0.0,0.02871,0.0,0.066808,0.071374,0.0,0.144048,0.0,0.032348,0.0,0.199838,0.0,0.0,0.0,0.0,0.0,0.0,0.0,0.036741
2021-02-24,0.0,0.0,0.0,0.0,0.0,0.0,0.038164,0.07171,0.021985,0.079245,0.0,0.0,0.0,0.029947,0.0,0.0,0.074117,0.078441,0.0,0.0,0.0,0.02798,0.0,0.0,0.0,0.029443,0.0,0.066224,0.071062,0.0,0.145678,0.0,0.032419,0.0,0.197082,0.0,0.0,0.0,0.0,0.0,0.0,0.0,0.036502
2021-02-25,0.0,0.0,0.0,0.0,0.0,0.0,0.037585,0.072995,0.022391,0.08119,0.0,0.0,0.0,0.03017,0.0,0.0,0.075357,0.079792,0.0,0.0,0.0,0.027805,0.0,0.0,0.0,0.028761,0.0,0.066734,0.071313,0.0,0.139952,0.0,0.032882,0.0,0.195256,0.0,0.0,0.0,0.0,0.0,0.0,0.0,0.037816
2021-02-26,0.0,0.0,0.028482,0.105211,0.037359,0.0,0.0,0.021822,0.083706,0.105853,0.0,0.0,0.0,0.10419,0.0,0.0,0.0,0.0,0.0,0.0,0.0,0.059102,0.0,0.0,0.0,0.045264,0.0,0.043036,0.122887,0.0,0.188381,0.0,0.0,0.0,0.040376,0.0,0.0,0.0,0.0,0.0,0.0,0.0,0.014333
2021-03-01,0.0,0.0,0.028111,0.104905,0.037138,0.0,0.0,0.021709,0.082982,0.105519,0.0,0.0,0.0,0.104719,0.0,0.0,0.0,0.0,0.0,0.0,0.0,0.058778,0.0,0.0,0.0,0.045348,0.0,0.043121,0.122187,0.0,0.191391,0.0,0.0,0.0,0.040176,0.0,0.0,0.0,0.0,0.0,0.0,0.0,0.013913
2021-03-02,0.0,0.0,0.02808,0.104826,0.037027,0.0,0.0,0.022108,0.082489,0.105395,0.0,0.0,0.0,0.106027,0.0,0.0,0.0,0.0,0.0,0.0,0.0,0.057436,0.0,0.0,0.0,0.044374,0.0,0.04284,0.122184,0.0,0.192674,0.0,0.0,0.0,0.040507,0.0,0.0,0.0,0.0,0.0,0.0,0.0,0.014032
2021-03-03,0.0,0.0,0.028317,0.106806,0.037848,0.0,0.0,0.022613,0.083528,0.106612,0.0,0.0,0.0,0.107606,0.0,0.0,0.0,0.0,0.0,0.0,0.0,0.055527,0.0,0.0,0.0,0.04364,0.0,0.042174,0.120396,0.0,0.189459,0.0,0.0,0.0,0.041235,0.0,0.0,0.0,0.0,0.0,0.0,0.0,0.014238
2021-03-04,0.0,0.0,0.028984,0.108563,0.038662,0.0,0.0,0.023139,0.084464,0.108171,0.0,0.0,0.0,0.109671,0.0,0.0,0.0,0.0,0.0,0.0,0.0,0.055531,0.0,0.0,0.0,0.042926,0.0,0.042389,0.120663,0.0,0.182478,0.0,0.0,0.0,0.039641,0.0,0.0,0.0,0.0,0.0,0.0,0.0,0.014716
2021-03-05,0.0,0.0,0.028836,0.10526,0.03708,0.0,0.0,0.022954,0.084226,0.108531,0.0,0.0,0.0,0.110822,0.0,0.0,0.0,0.0,0.0,0.0,0.0,0.056154,0.0,0.0,0.0,0.043634,0.0,0.041905,0.12045,0.0,0.185362,0.0,0.0,0.0,0.040261,0.0,0.0,0.0,0.0,0.0,0.0,0.0,0.014524
2021-03-08,0.0,0.0,0.029004,0.111578,0.037578,0.0,0.0,0.023162,0.084137,0.107666,0.0,0.0,0.0,0.115316,0.0,0.0,0.0,0.0,0.0,0.0,0.0,0.055538,0.0,0.0,0.0,0.041988,0.0,0.042173,0.118788,0.0,0.177551,0.0,0.0,0.0,0.040749,0.0,0.0,0.0,0.0,0.0,0.0,0.0,0.014771
2021-03-09,0.0,0.0,0.028707,0.110452,0.037354,0.0,0.0,0.023132,0.08321,0.106195,0.0,0.0,0.0,0.111162,0.0,0.0,0.0,0.0,0.0,0.0,0.0,0.056899,0.0,0.0,0.0,0.043661,0.0,0.043191,0.119393,0.0,0.182178,0.0,0.0,0.0,0.040004,0.0,0.0,0.0,0.0,0.0,0.0,0.0,0.014462
2021-03-10,0.0,0.0,0.028726,0.1104,0.037041,0.0,0.0,0.023141,0.082599,0.104332,0.0,0.0,0.0,0.113419,0.0,0.0,0.0,0.0,0.0,0.0,0.0,0.05685,0.0,0.0,0.0,0.042715,0.0,0.042925,0.120415,0.0,0.183034,0.0,0.0,0.0,0.03999,0.0,0.0,0.0,0.0,0.0,0.0,0.0,0.014414
2021-03-11,0.0,0.0,0.027776,0.108279,0.037073,0.0,0.0,0.022774,0.082703,0.104421,0.0,0.0,0.0,0.110831,0.0,0.0,0.0,0.0,0.0,0.0,0.0,0.05738,0.0,0.0,0.0,0.043256,0.0,0.042959,0.119302,0.0,0.188294,0.0,0.0,0.0,0.040942,0.0,0.0,0.0,0.0,0.0,0.0,0.0,0.01401
2021-03-12,0.0,0.0,0.028273,0.109379,0.036599,0.0,0.0,0.022398,0.082099,0.104052,0.0,0.0,0.0,0.113317,0.0,0.0,0.0,0.0,0.0,0.0,0.0,0.057472,0.0,0.0,0.0,0.042997,0.0,0.042756,0.120247,0.0,0.185506,0.0,0.0,0.0,0.040831,0.0,0.0,0.0,0.0,0.0,0.0,0.0,0.014074
2021-03-15,0.0,0.0,0.028315,0.1097,0.036507,0.0,0.0,0.022238,0.082342,0.105121,0.0,0.0,0.0,0.112038,0.0,0.0,0.0,0.0,0.0,0.0,0.0,0.057918,0.0,0.0,0.0,0.043734,0.0,0.04295,0.120712,0.0,0.18391,0.0,0.0,0.0,0.040491,0.0,0.0,0.0,0.0,0.0,0.0,0.0,0.014022
2021-03-16,0.0,0.0,0.02852,0.110347,0.036947,0.0,0.0,0.022508,0.083085,0.10572,0.0,0.0,0.0,0.110973,0.0,0.0,0.0,0.0,0.0,0.0,0.0,0.05723,0.0,0.0,0.0,0.044472,0.0,0.042827,0.120644,0.0,0.18283,0.0,0.0,0.0,0.039823,0.0,0.0,0.0,0.0,0.0,0.0,0.0,0.014074
2021-03-17,0.0,0.0,0.028563,0.108788,0.036382,0.0,0.0,0.022116,0.08234,0.105435,0.0,0.0,0.0,0.111184,0.0,0.0,0.0,0.0,0.0,0.0,0.0,0.057588,0.0,0.0,0.0,0.04481,0.0,0.042795,0.120872,0.0,0.185051,0.0,0.0,0.0,0.040075,0.0,0.0,0.0,0.0,0.0,0.0,0.0,0.014001
2021-03-18,0.0,0.0,0.029135,0.111716,0.03719,0.0,0.0,0.021879,0.082308,0.104849,0.0,0.0,0.0,0.113415,0.0,0.0,0.0,0.0,0.0,0.0,0.0,0.055786,0.0,0.0,0.0,0.043697,0.0,0.042115,0.120413,0.0,0.183342,0.0,0.0,0.0,0.039909,0.0,0.0,0.0,0.0,0.0,0.0,0.0,0.014246
2021-03-19,0.0,0.0,0.029236,0.110285,0.036929,0.0,0.0,0.022371,0.082509,0.105944,0.0,0.0,0.0,0.111888,0.0,0.0,0.0,0.0,0.0,0.0,0.0,0.057388,0.0,0.0,0.0,0.04407,0.0,0.042279,0.120938,0.0,0.182805,0.0,0.0,0.0,0.039164,0.0,0.0,0.0,0.0,0.0,0.0,0.0,0.014192
2021-03-22,0.0,0.0,0.029074,0.109396,0.037033,0.0,0.0,0.022443,0.083467,0.106312,0.0,0.0,0.0,0.10871,0.0,0.0,0.0,0.0,0.0,0.0,0.0,0.05828,0.0,0.0,0.0,0.045053,0.0,0.043064,0.12118,0.0,0.182301,0.0,0.0,0.0,0.039478,0.0,0.0,0.0,0.0,0.0,0.0,0.0,0.014209
2021-03-23,0.0,0.0,0.029479,0.111582,0.03762,0.0,0.0,0.022955,0.084789,0.106224,0.0,0.0,0.0,0.108455,0.0,0.0,0.0,0.0,0.0,0.0,0.0,0.05649,0.0,0.0,0.0,0.045155,0.0,0.043963,0.12104,0.0,0.179164,0.0,0.0,0.0,0.038462,0.0,0.0,0.0,0.0,0.0,0.0,0.0,0.014623
2021-03-24,0.0,0.0,0.029594,0.113011,0.037502,0.0,0.0,0.023058,0.085442,0.107236,0.0,0.0,0.0,0.109563,0.0,0.0,0.0,0.0,0.0,0.0,0.0,0.054393,0.0,0.0,0.0,0.045205,0.0,0.043631,0.12093,0.0,0.177171,0.0,0.0,0.0,0.038419,0.0,0.0,0.0,0.0,0.0,0.0,0.0,0.014845
2021-03-25,0.0,0.0,0.029569,0.110695,0.036824,0.0,0.0,0.022599,0.085067,0.107565,0.0,0.0,0.0,0.111301,0.0,0.0,0.0,0.0,0.0,0.0,0.0,0.055285,0.0,0.0,0.0,0.044706,0.0,0.04303,0.121562,0.0,0.179438,0.0,0.0,0.0,0.037697,0.0,0.0,0.0,0.0,0.0,0.0,0.0,0.014663
2021-03-26,0.0,0.0,0.029328,0.110524,0.036339,0.0,0.0,0.022659,0.085131,0.107469,0.0,0.0,0.0,0.111013,0.0,0.0,0.0,0.0,0.0,0.0,0.0,0.053253,0.0,0.0,0.0,0.045919,0.0,0.042895,0.121404,0.0,0.181167,0.0,0.0,0.0,0.03855,0.0,0.0,0.0,0.0,0.0,0.0,0.0,0.014349
2021-03-29,0.0,0.0,0.029534,0.110807,0.037111,0.0,0.0,0.022702,0.08651,0.107755,0.0,0.0,0.0,0.10956,0.0,0.0,0.0,0.0,0.0,0.0,0.0,0.052452,0.0,0.0,0.0,0.045808,0.0,0.043106,0.121513,0.0,0.179736,0.0,0.0,0.0,0.038868,0.0,0.0,0.0,0.0,0.0,0.0,0.0,0.01454
2021-03-30,0.0,0.0,0.02911,0.110786,0.037042,0.0,0.0,0.022498,0.086515,0.10745,0.0,0.0,0.0,0.11116,0.0,0.0,0.0,0.0,0.0,0.0,0.0,0.052381,0.0,0.0,0.0,0.045374,0.0,0.042471,0.121054,0.0,0.180833,0.0,0.0,0.0,0.038889,0.0,0.0,0.0,0.0,0.0,0.0,0.0,0.014437
2021-03-31,0.0,0.0,0.0,0.056526,0.010838,0.0,0.0,0.040619,0.066045,0.056144,0.0,0.05759,0.044825,0.118762,0.035424,0.064136,0.0,0.0,0.0,0.0,0.0,0.035424,0.0,0.0,0.0,0.046114,0.014235,0.032212,0.03028,0.0,0.076055,0.0,0.0,0.051136,0.145272,0.0,0.0,0.0,0.0,0.0,0.0,0.0,0.018364
2021-04-01,0.0,0.0,0.0,0.056059,0.010796,0.0,0.0,0.040118,0.065302,0.0558,0.0,0.057584,0.044607,0.117622,0.035709,0.066318,0.0,0.0,0.0,0.0,0.0,0.035177,0.0,0.0,0.0,0.046997,0.014326,0.032097,0.030582,0.0,0.076464,0.0,0.0,0.050178,0.146218,0.0,0.0,0.0,0.0,0.0,0.0,0.0,0.018046
2021-04-05,0.0,0.0,0.0,0.055726,0.010732,0.0,0.0,0.039476,0.065194,0.056184,0.0,0.058447,0.044689,0.11717,0.03465,0.062742,0.0,0.0,0.0,0.0,0.0,0.035376,0.0,0.0,0.0,0.047661,0.014402,0.032282,0.030981,0.0,0.076938,0.0,0.0,0.04991,0.149501,0.0,0.0,0.0,0.0,0.0,0.0,0.0,0.017938
2021-04-06,0.0,0.0,0.0,0.056132,0.01081,0.0,0.0,0.039578,0.065181,0.056243,0.0,0.058591,0.044598,0.116741,0.034558,0.063179,0.0,0.0,0.0,0.0,0.0,0.034449,0.0,0.0,0.0,0.047127,0.014483,0.03247,0.030775,0.0,0.076351,0.0,0.0,0.050262,0.150534,0.0,0.0,0.0,0.0,0.0,0.0,0.0,0.017937
2021-04-07,0.0,0.0,0.0,0.05596,0.010719,0.0,0.0,0.039454,0.065327,0.056221,0.0,0.059382,0.045073,0.117004,0.034876,0.063394,0.0,0.0,0.0,0.0,0.0,0.033812,0.0,0.0,0.0,0.047366,0.014541,0.032315,0.030664,0.0,0.075203,0.0,0.0,0.050817,0.149831,0.0,0.0,0.0,0.0,0.0,0.0,0.0,0.018042
2021-04-08,0.0,0.0,0.0,0.055548,0.010751,0.0,0.0,0.039513,0.06586,0.056164,0.0,0.05911,0.044873,0.116633,0.03426,0.061738,0.0,0.0,0.0,0.0,0.0,0.033862,0.0,0.0,0.0,0.04768,0.01474,0.032592,0.030913,0.0,0.075434,0.0,0.0,0.05105,0.151323,0.0,0.0,0.0,0.0,0.0,0.0,0.0,0.017956
2021-04-09,0.0,0.0,0.0,0.05596,0.010652,0.0,0.0,0.039395,0.065824,0.056082,0.0,0.059286,0.045406,0.118222,0.034144,0.06073,0.0,0.0,0.0,0.0,0.0,0.033218,0.0,0.0,0.0,0.047685,0.014882,0.032697,0.03112,0.0,0.075282,0.0,0.0,0.051156,0.150248,0.0,0.0,0.0,0.0,0.0,0.0,0.0,0.018011
2021-04-12,0.0,0.0,0.0,0.056465,0.010725,0.0,0.0,0.038388,0.06653,0.056444,0.0,0.059729,0.046127,0.120315,0.034266,0.059945,0.0,0.0,0.0,0.0,0.0,0.032933,0.0,0.0,0.0,0.047717,0.01509,0.03322,0.031244,0.0,0.074951,0.0,0.0,0.051387,0.146307,0.0,0.0,0.0,0.0,0.0,0.0,0.0,0.018218
2021-04-13,0.0,0.0,0.0,0.056153,0.010728,0.0,0.0,0.038416,0.066041,0.0571,0.0,0.059436,0.045412,0.117515,0.034089,0.059736,0.0,0.0,0.0,0.0,0.0,0.033208,0.0,0.0,0.0,0.047347,0.015237,0.033592,0.031321,0.0,0.076809,0.0,0.0,0.051486,0.148261,0.0,0.0,0.0,0.0,0.0,0.0,0.0,0.018112
2021-04-14,0.0,0.0,0.0,0.055859,0.010656,0.0,0.0,0.038321,0.065175,0.056774,0.0,0.058005,0.045048,0.117102,0.034548,0.061389,0.0,0.0,0.0,0.0,0.0,0.033612,0.0,0.0,0.0,0.046174,0.014873,0.032944,0.03076,0.0,0.07727,0.0,0.0,0.051356,0.152276,0.0,0.0,0.0,0.0,0.0,0.0,0.0,0.017857
2021-04-15,0.0,0.0,0.0,0.055313,0.010581,0.0,0.0,0.038135,0.065757,0.056677,0.0,0.05819,0.044584,0.115619,0.033943,0.059874,0.0,0.0,0.0,0.0,0.0,0.033586,0.0,0.0,0.0,0.046503,0.015004,0.033204,0.030935,0.0,0.076802,0.0,0.0,0.050986,0.156621,0.0,0.0,0.0,0.0,0.0,0.0,0.0,0.017688
2021-04-16,0.0,0.0,0.0,0.055606,0.010645,0.0,0.0,0.038275,0.066174,0.056435,0.0,0.058239,0.044968,0.116697,0.033722,0.058974,0.0,0.0,0.0,0.0,0.0,0.033149,0.0,0.0,0.0,0.046354,0.014922,0.033053,0.031228,0.0,0.076239,0.0,0.0,0.050946,0.156658,0.0,0.0,0.0,0.0,0.0,0.0,0.0,0.017714
2021-04-19,0.0,0.0,0.0,0.055198,0.010642,0.0,0.0,0.03743,0.067027,0.056565,0.0,0.058071,0.044964,0.116573,0.033779,0.05912,0.0,0.0,0.0,0.0,0.0,0.032525,0.0,0.0,0.0,0.045259,0.014766,0.033039,0.030836,0.0,0.078889,0.0,0.0,0.05126,0.156295,0.0,0.0,0.0,0.0,0.0,0.0,0.0,0.017762
2021-04-20,0.0,0.0,0.0,0.055164,0.010753,0.0,0.0,0.037528,0.068377,0.057508,0.0,0.058849,0.044955,0.114551,0.033505,0.057522,0.0,0.0,0.0,0.0,0.0,0.033028,0.0,0.0,0.0,0.045455,0.014887,0.033145,0.030769,0.0,0.078646,0.0,0.0,0.052852,0.154409,0.0,0.0,0.0,0.0,0.0,0.0,0.0,0.018096
2021-04-21,0.0,0.0,0.0,0.055051,0.010637,0.0,0.0,0.037118,0.068009,0.056626,0.0,0.058188,0.04499,0.115545,0.033494,0.057907,0.0,0.0,0.0,0.0,0.0,0.03374,0.0,0.0,0.0,0.046045,0.014755,0.032965,0.030923,0.0,0.07882,0.0,0.0,0.052405,0.154921,0.0,0.0,0.0,0.0,0.0,0.0,0.0,0.01786
2021-04-22,0.0,0.0,0.0,0.056235,0.010778,0.0,0.0,0.037557,0.067621,0.056071,0.0,0.058164,0.044801,0.114873,0.033332,0.057826,0.0,0.0,0.0,0.0,0.0,0.034429,0.0,0.0,0.0,0.045358,0.014836,0.033286,0.031113,0.0,0.078989,0.0,0.0,0.053422,0.153322,0.0,0.0,0.0,0.0,0.0,0.0,0.0,0.017986
2021-04-23,0.0,0.0,0.0,0.055159,0.010687,0.0,0.0,0.037186,0.067778,0.056028,0.0,0.057897,0.044907,0.117045,0.033096,0.057688,0.0,0.0,0.0,0.0,0.0,0.033815,0.0,0.0,0.0,0.045444,0.014812,0.032974,0.030939,0.0,0.079364,0.0,0.0,0.053001,0.154484,0.0,0.0,0.0,0.0,0.0,0.0,0.0,0.017697
2021-04-26,0.0,0.0,0.0,0.054811,0.010533,0.0,0.0,0.037139,0.068193,0.055589,0.0,0.057103,0.044373,0.115851,0.032794,0.058199,0.0,0.0,0.0,0.0,0.0,0.034437,0.0,0.0,0.0,0.045546,0.014742,0.033287,0.030694,0.0,0.078631,0.0,0.0,0.053224,0.157436,0.0,0.0,0.0,0.0,0.0,0.0,0.0,0.017418
2021-04-27,0.0,0.0,0.0,0.054942,0.01056,0.0,0.0,0.037529,0.067915,0.055285,0.0,0.05684,0.044698,0.116806,0.033172,0.059274,0.0,0.0,0.0,0.0,0.0,0.034514,0.0,0.0,0.0,0.045179,0.014673,0.033006,0.030347,0.0,0.077698,0.0,0.0,0.053195,0.15696,0.0,0.0,0.0,0.0,0.0,0.0,0.0,0.017407
2021-04-28,0.0,0.0,0.0,0.054498,0.01056,0.0,0.0,0.037816,0.067726,0.054922,0.0,0.057132,0.044693,0.116274,0.034179,0.061562,0.0,0.0,0.0,0.0,0.0,0.03446,0.0,0.0,0.0,0.044315,0.01457,0.032452,0.03026,0.0,0.078027,0.0,0.0,0.052383,0.156834,0.0,0.0,0.0,0.0,0.0,0.0,0.0,0.017337
2021-04-29,0.0,0.0,0.0,0.054102,0.010487,0.0,0.0,0.037823,0.067804,0.054663,0.0,0.058555,0.045367,0.117342,0.034468,0.061352,0.0,0.0,0.0,0.0,0.0,0.033966,0.0,0.0,0.0,0.044483,0.014326,0.032249,0.029981,0.0,0.077584,0.0,0.0,0.052015,0.156143,0.0,0.0,0.0,0.0,0.0,0.0,0.0,0.01729
2021-04-30,0.0,0.0,0.0,0.117955,0.0,0.0,0.0,0.036067,0.05889,0.073443,0.0,0.07886,0.0,0.150135,0.085445,0.083046,0.011154,0.039974,0.0,0.0,0.0,0.019057,0.0,0.0,0.013895,0.098716,0.0,0.047354,0.0,0.0,0.021689,0.0,0.0,0.0,0.056196,0.0,0.0,0.0,0.0,0.0,0.0,0.0,0.008121
2021-05-03,0.0,0.0,0.0,0.117597,0.0,0.0,0.0,0.036318,0.057941,0.072918,0.0,0.07804,0.0,0.150249,0.087344,0.085439,0.011211,0.040333,0.0,0.0,0.0,0.018732,0.0,0.0,0.013784,0.097184,0.0,0.04682,0.0,0.0,0.02134,0.0,0.0,0.0,0.05667,0.0,0.0,0.0,0.0,0.0,0.0,0.0,0.00808
2021-05-04,0.0,0.0,0.0,0.116686,0.0,0.0,0.0,0.03604,0.056554,0.073307,0.0,0.077775,0.0,0.152978,0.087891,0.085799,0.011323,0.040399,0.0,0.0,0.0,0.018116,0.0,0.0,0.013614,0.096088,0.0,0.04644,0.0,0.0,0.021147,0.0,0.0,0.0,0.057718,0.0,0.0,0.0,0.0,0.0,0.0,0.0,0.008126
2021-05-05,0.0,0.0,0.0,0.116822,0.0,0.0,0.0,0.036295,0.056038,0.07277,0.0,0.076842,0.0,0.151964,0.089816,0.087192,0.01122,0.040071,0.0,0.0,0.0,0.017631,0.0,0.0,0.013444,0.095716,0.0,0.045536,0.0,0.0,0.021289,0.0,0.0,0.0,0.059309,0.0,0.0,0.0,0.0,0.0,0.0,0.0,0.008044
2021-05-06,0.0,0.0,0.0,0.115137,0.0,0.0,0.0,0.036611,0.056729,0.073819,0.0,0.077452,0.0,0.151507,0.089941,0.086365,0.011256,0.040071,0.0,0.0,0.0,0.017299,0.0,0.0,0.013529,0.096141,0.0,0.045122,0.0,0.0,0.020866,0.0,0.0,0.0,0.060142,0.0,0.0,0.0,0.0,0.0,0.0,0.0,0.008013
2021-05-07,0.0,0.0,0.0,0.114642,0.0,0.0,0.0,0.036578,0.05725,0.073886,0.0,0.076985,0.0,0.149676,0.090308,0.087334,0.011221,0.040151,0.0,0.0,0.0,0.017344,0.0,0.0,0.01346,0.096143,0.0,0.045025,0.0,0.0,0.020643,0.0,0.0,0.0,0.061449,0.0,0.0,0.0,0.0,0.0,0.0,0.0,0.007904
2021-05-10,0.0,0.0,0.0,0.115871,0.0,0.0,0.0,0.036622,0.056626,0.074475,0.0,0.076333,0.0,0.149819,0.091326,0.087185,0.011354,0.040529,0.0,0.0,0.0,0.016894,0.0,0.0,0.013263,0.092868,0.0,0.045113,0.0,0.0,0.020674,0.0,0.0,0.0,0.063058,0.0,0.0,0.0,0.0,0.0,0.0,0.0,0.00799
2021-05-11,0.0,0.0,0.0,0.114493,0.0,0.0,0.0,0.037101,0.05498,0.074348,0.0,0.076965,0.0,0.150102,0.089972,0.087099,0.011311,0.040396,0.0,0.0,0.0,0.017362,0.0,0.0,0.013371,0.094032,0.0,0.046077,0.0,0.0,0.020548,0.0,0.0,0.0,0.063763,0.0,0.0,0.0,0.0,0.0,0.0,0.0,0.00808
2021-05-12,0.0,0.0,0.0,0.116792,0.0,0.0,0.0,0.03699,0.052836,0.072828,0.0,0.077233,0.0,0.149758,0.09253,0.088812,0.0113,0.040424,0.0,0.0,0.0,0.017632,0.0,0.0,0.013301,0.092325,0.0,0.045957,0.0,0.0,0.020403,0.0,0.0,0.0,0.06261,0.0,0.0,0.0,0.0,0.0,0.0,0.0,0.00827
2021-05-13,0.0,0.0,0.0,0.115292,0.0,0.0,0.0,0.0374,0.053797,0.073438,0.0,0.077527,0.0,0.154112,0.091094,0.085748,0.011473,0.041179,0.0,0.0,0.0,0.01734,0.0,0.0,0.013431,0.093186,0.0,0.045857,0.0,0.0,0.020321,0.0,0.0,0.0,0.060563,0.0,0.0,0.0,0.0,0.0,0.0,0.0,0.008242
2021-05-14,0.0,0.0,0.0,0.114422,0.0,0.0,0.0,0.037042,0.053313,0.07288,0.0,0.077318,0.0,0.153256,0.091859,0.088768,0.011376,0.040856,0.0,0.0,0.0,0.017574,0.0,0.0,0.013426,0.093961,0.0,0.046003,0.0,0.0,0.020525,0.0,0.0,0.0,0.05936,0.0,0.0,0.0,0.0,0.0,0.0,0.0,0.008061
2021-05-17,0.0,0.0,0.0,0.114112,0.0,0.0,0.0,0.037347,0.051424,0.071386,0.0,0.076563,0.0,0.153747,0.093813,0.092029,0.01132,0.040584,0.0,0.0,0.0,0.017501,0.0,0.0,0.013302,0.092967,0.0,0.045448,0.0,0.0,0.0205,0.0,0.0,0.0,0.059912,0.0,0.0,0.0,0.0,0.0,0.0,0.0,0.008046
2021-05-18,0.0,0.0,0.0,0.114923,0.0,0.0,0.0,0.037693,0.054282,0.072812,0.0,0.075987,0.0,0.151604,0.091883,0.090848,0.011186,0.040193,0.0,0.0,0.0,0.017625,0.0,0.0,0.013231,0.092468,0.0,0.045721,0.0,0.0,0.020823,0.0,0.0,0.0,0.060654,0.0,0.0,0.0,0.0,0.0,0.0,0.0,0.008067
2021-05-19,0.0,0.0,0.0,0.113464,0.0,0.0,0.0,0.038117,0.054464,0.07331,0.0,0.076876,0.0,0.152346,0.090501,0.089842,0.011235,0.040357,0.0,0.0,0.0,0.01749,0.0,0.0,0.013412,0.095222,0.0,0.045966,0.0,0.0,0.021098,0.0,0.0,0.0,0.058151,0.0,0.0,0.0,0.0,0.0,0.0,0.0,0.008149
2021-05-20,0.0,0.0,0.0,0.114365,0.0,0.0,0.0,0.037859,0.054522,0.073234,0.0,0.077664,0.0,0.151036,0.089751,0.088842,0.011184,0.039875,0.0,0.0,0.0,0.017736,0.0,0.0,0.013576,0.097065,0.0,0.046512,0.0,0.0,0.021227,0.0,0.0,0.0,0.057459,0.0,0.0,0.0,0.0,0.0,0.0,0.0,0.008094
2021-05-21,0.0,0.0,0.0,0.11499,0.0,0.0,0.0,0.037764,0.053824,0.072347,0.0,0.077405,0.0,0.152743,0.089943,0.089392,0.011239,0.039896,0.0,0.0,0.0,0.017612,0.0,0.0,0.013502,0.096532,0.0,0.046793,0.0,0.0,0.021173,0.0,0.0,0.0,0.056751,0.0,0.0,0.0,0.0,0.0,0.0,0.0,0.008094
2021-05-24,0.0,0.0,0.0,0.113937,0.0,0.0,0.0,0.037861,0.05471,0.07243,0.0,0.078093,0.0,0.150736,0.090008,0.089616,0.011205,0.039896,0.0,0.0,0.0,0.017336,0.0,0.0,0.013616,0.098064,0.0,0.046927,0.0,0.0,0.021343,0.0,0.0,0.0,0.056203,0.0,0.0,0.0,0.0,0.0,0.0,0.0,0.00802
2021-05-25,0.0,0.0,0.0,0.114576,0.0,0.0,0.0,0.038131,0.055646,0.073626,0.0,0.078684,0.0,0.148711,0.08887,0.087916,0.011259,0.039803,0.0,0.0,0.0,0.017252,0.0,0.0,0.013726,0.099125,0.0,0.047101,0.0,0.0,0.0217,0.0,0.0,0.0,0.055792,0.0,0.0,0.0,0.0,0.0,0.0,0.0,0.008082
2021-05-26,0.0,0.0,0.0,0.114024,0.0,0.0,0.0,0.038182,0.055323,0.073177,0.0,0.078404,0.0,0.149485,0.088765,0.089454,0.011182,0.03975,0.0,0.0,0.0,0.017451,0.0,0.0,0.013588,0.098396,0.0,0.04733,0.0,0.0,0.02151,0.0,0.0,0.0,0.055978,0.0,0.0,0.0,0.0,0.0,0.0,0.0,0.008001
2021-05-27,0.0,0.0,0.0,0.114208,0.0,0.0,0.0,0.038041,0.054752,0.071992,0.0,0.078094,0.0,0.150599,0.088145,0.090149,0.011247,0.039771,0.0,0.0,0.0,0.017538,0.0,0.0,0.013412,0.098046,0.0,0.046868,0.0,0.0,0.021594,0.0,0.0,0.0,0.057605,0.0,0.0,0.0,0.0,0.0,0.0,0.0,0.007939
2021-05-28,0.0,0.0,0.0,0.11417,0.0,0.0,0.0,0.037941,0.055451,0.072733,0.0,0.077578,0.0,0.14999,0.088021,0.08988,0.01121,0.039713,0.0,0.0,0.0,0.017413,0.0,0.0,0.013415,0.098627,0.0,0.046629,0.0,0.0,0.022084,0.0,0.0,0.0,0.057234,0.0,0.0,0.0,0.0,0.0,0.0,0.0,0.007913
2021-05-31,0.0,0.042566,0.0,0.022595,0.0,0.0,0.0,0.0,0.071632,0.036384,0.035827,0.09648,0.073417,0.035187,0.05621,0.03244,0.0,0.040666,0.0,0.062074,0.0,0.0,0.0,0.0,0.025404,0.030898,0.014461,0.036945,0.0,0.089115,0.047871,0.0,0.0,0.048519,0.096578,0.0,0.0,0.0,0.0,0.0,0.0,0.0,0.00473
2021-06-01,0.0,0.042369,0.0,0.02246,0.0,0.0,0.0,0.0,0.072539,0.036498,0.035322,0.095362,0.07296,0.03506,0.057661,0.034116,0.0,0.040208,0.0,0.061247,0.0,0.0,0.0,0.0,0.024971,0.030435,0.0142,0.036272,0.0,0.089613,0.04834,0.0,0.0,0.0487,0.096995,0.0,0.0,0.0,0.0,0.0,0.0,0.0,0.004672
2021-06-02,0.0,0.042438,0.0,0.022554,0.0,0.0,0.0,0.0,0.072041,0.036297,0.035164,0.095089,0.073088,0.034751,0.058746,0.03467,0.0,0.039885,0.0,0.060261,0.0,0.0,0.0,0.0,0.025147,0.030626,0.014226,0.036501,0.0,0.090678,0.048548,0.0,0.0,0.048786,0.095832,0.0,0.0,0.0,0.0,0.0,0.0,0.0,0.004672
2021-06-03,0.0,0.042492,0.0,0.022742,0.0,0.0,0.0,0.0,0.072312,0.036518,0.035037,0.095238,0.073872,0.035111,0.059398,0.034996,0.0,0.039982,0.0,0.059982,0.0,0.0,0.0,0.0,0.025122,0.030352,0.014168,0.036086,0.0,0.091099,0.048193,0.0,0.0,0.048544,0.094044,0.0,0.0,0.0,0.0,0.0,0.0,0.0,0.004712
2021-06-04,0.0,0.04241,0.0,0.022539,0.0,0.0,0.0,0.0,0.072308,0.036571,0.034962,0.09563,0.073318,0.034745,0.059192,0.034632,0.0,0.039401,0.0,0.060084,0.0,0.0,0.0,0.0,0.025346,0.030775,0.014329,0.036115,0.0,0.090224,0.049114,0.0,0.0,0.048929,0.094713,0.0,0.0,0.0,0.0,0.0,0.0,0.0,0.004664
2021-06-07,0.0,0.042678,0.0,0.022719,0.0,0.0,0.0,0.0,0.071864,0.036454,0.035022,0.09629,0.072966,0.034887,0.059038,0.035026,0.0,0.039369,0.0,0.059897,0.0,0.0,0.0,0.0,0.025384,0.030588,0.014467,0.03662,0.0,0.091445,0.048878,0.0,0.0,0.048987,0.092747,0.0,0.0,0.0,0.0,0.0,0.0,0.0,0.004672
2021-06-08,0.0,0.042632,0.0,0.022728,0.0,0.0,0.0,0.0,0.071288,0.036174,0.035272,0.095923,0.072708,0.034886,0.059494,0.035335,0.0,0.039457,0.0,0.060182,0.0,0.0,0.0,0.0,0.025363,0.030385,0.014487,0.036914,0.0,0.092118,0.048548,0.0,0.0,0.049148,0.092291,0.0,0.0,0.0,0.0,0.0,0.0,0.0,0.004667
2021-06-09,0.0,0.042778,0.0,0.022931,0.0,0.0,0.0,0.0,0.071471,0.035905,0.035257,0.096318,0.072391,0.034576,0.059425,0.035321,0.0,0.039171,0.0,0.059335,0.0,0.0,0.0,0.0,0.025511,0.030391,0.014563,0.037046,0.0,0.092714,0.048611,0.0,0.0,0.049271,0.092323,0.0,0.0,0.0,0.0,0.0,0.0,0.0,0.004692
2021-06-10,0.0,0.042777,0.0,0.022819,0.0,0.0,0.0,0.0,0.072254,0.036301,0.035378,0.096714,0.071454,0.033846,0.059273,0.034897,0.0,0.038822,0.0,0.057752,0.0,0.0,0.0,0.0,0.025665,0.0307,0.014799,0.03782,0.0,0.093257,0.049276,0.0,0.0,0.049491,0.092017,0.0,0.0,0.0,0.0,0.0,0.0,0.0,0.004685
2021-06-11,0.0,0.042745,0.0,0.022909,0.0,0.0,0.0,0.0,0.071997,0.036139,0.035427,0.096433,0.071623,0.03388,0.058832,0.034989,0.0,0.039071,0.0,0.05809,0.0,0.0,0.0,0.0,0.025714,0.03073,0.014889,0.037823,0.0,0.092511,0.049973,0.0,0.0,0.049034,0.092524,0.0,0.0,0.0,0.0,0.0,0.0,0.0,0.004667
2021-06-14,0.0,0.042982,0.0,0.022951,0.0,0.0,0.0,0.0,0.072303,0.036376,0.035543,0.097363,0.071091,0.033481,0.058752,0.034708,0.0,0.038836,0.0,0.057529,0.0,0.0,0.0,0.0,0.026052,0.03126,0.015118,0.03801,0.0,0.093149,0.049994,0.0,0.0,0.04825,0.091572,0.0,0.0,0.0,0.0,0.0,0.0,0.0,0.00468
2021-06-15,0.0,0.043193,0.0,0.022892,0.0,0.0,0.0,0.0,0.072715,0.036509,0.035522,0.097265,0.071564,0.034085,0.060155,0.035481,0.0,0.039316,0.0,0.058094,0.0,0.0,0.0,0.0,0.026015,0.031151,0.014977,0.037976,0.0,0.092589,0.049823,0.0,0.0,0.048064,0.087909,0.0,0.0,0.0,0.0,0.0,0.0,0.0,0.004702
2021-06-16,0.0,0.043184,0.0,0.02322,0.0,0.0,0.0,0.0,0.072694,0.036471,0.035884,0.097349,0.072181,0.034738,0.060415,0.035636,0.0,0.039288,0.0,0.057747,0.0,0.0,0.0,0.0,0.026126,0.031158,0.015038,0.038478,0.0,0.092879,0.048332,0.0,0.0,0.04819,0.086246,0.0,0.0,0.0,0.0,0.0,0.0,0.0,0.004748
2021-06-17,0.0,0.043268,0.0,0.023511,0.0,0.0,0.0,0.0,0.074058,0.036816,0.036423,0.098852,0.070833,0.033542,0.059016,0.034398,0.0,0.038871,0.0,0.058799,0.0,0.0,0.0,0.0,0.026725,0.031848,0.015469,0.039441,0.0,0.093803,0.049694,0.0,0.0,0.04685,0.082982,0.0,0.0,0.0,0.0,0.0,0.0,0.0,0.004801
2021-06-18,0.0,0.04292,0.0,0.023539,0.0,0.0,0.0,0.0,0.073807,0.036996,0.036657,0.098843,0.069937,0.032825,0.05794,0.034049,0.0,0.038817,0.0,0.059755,0.0,0.0,0.0,0.0,0.026792,0.03145,0.015702,0.03958,0.0,0.093292,0.050529,0.0,0.0,0.048311,0.083403,0.0,0.0,0.0,0.0,0.0,0.0,0.0,0.004856
2021-06-21,0.0,0.04283,0.0,0.023259,0.0,0.0,0.0,0.0,0.07272,0.036759,0.036321,0.098128,0.070369,0.033399,0.059396,0.035217,0.0,0.038886,0.0,0.059521,0.0,0.0,0.0,0.0,0.026625,0.031037,0.015498,0.03895,0.0,0.09362,0.050023,0.0,0.0,0.047633,0.085032,0.0,0.0,0.0,0.0,0.0,0.0,0.0,0.004775
2021-06-22,0.0,0.04272,0.0,0.02326,0.0,0.0,0.0,0.0,0.071806,0.036618,0.036557,0.098687,0.070285,0.033252,0.05962,0.035311,0.0,0.038844,0.0,0.059664,0.0,0.0,0.0,0.0,0.026789,0.031094,0.015623,0.039441,0.0,0.092866,0.049808,0.0,0.0,0.047024,0.085968,0.0,0.0,0.0,0.0,0.0,0.0,0.0,0.004762
2021-06-23,0.0,0.042308,0.0,0.023191,0.0,0.0,0.0,0.0,0.072235,0.036641,0.036711,0.098244,0.070176,0.033213,0.059576,0.035603,0.0,0.038653,0.0,0.058849,0.0,0.0,0.0,0.0,0.026666,0.031115,0.015568,0.039128,0.0,0.092381,0.050798,0.0,0.0,0.046886,0.087313,0.0,0.0,0.0,0.0,0.0,0.0,0.0,0.004745
2021-06-24,0.0,0.04244,0.0,0.02321,0.0,0.0,0.0,0.0,0.072457,0.036839,0.036598,0.098528,0.070594,0.033467,0.059701,0.035938,0.0,0.038606,0.0,0.058607,0.0,0.0,0.0,0.0,0.026661,0.03144,0.015606,0.039044,0.0,0.091587,0.050341,0.0,0.0,0.046427,0.087193,0.0,0.0,0.0,0.0,0.0,0.0,0.0,0.004714
2021-06-25,0.0,0.042299,0.0,0.023258,0.0,0.0,0.0,0.0,0.072376,0.036861,0.036633,0.098121,0.071062,0.033715,0.059694,0.036169,0.0,0.038352,0.0,0.058353,0.0,0.0,0.0,0.0,0.026487,0.031186,0.015529,0.038958,0.0,0.091711,0.050743,0.0,0.0,0.046152,0.087654,0.0,0.0,0.0,0.0,0.0,0.0,0.0,0.004689
2021-06-28,0.0,0.042059,0.0,0.023191,0.0,0.0,0.0,0.0,0.073111,0.036714,0.036718,0.099437,0.070691,0.032994,0.057798,0.034665,0.0,0.038105,0.0,0.058905,0.0,0.0,0.0,0.0,0.026821,0.031998,0.015751,0.039197,0.0,0.091636,0.051623,0.0,0.0,0.047235,0.086652,0.0,0.0,0.0,0.0,0.0,0.0,0.0,0.004699
2021-06-29,0.0,0.042157,0.0,0.023291,0.0,0.0,0.0,0.0,0.072986,0.03664,0.036873,0.099072,0.070563,0.03282,0.057617,0.03454,0.0,0.038166,0.0,0.059498,0.0,0.0,0.0,0.0,0.027063,0.032304,0.015851,0.039199,0.0,0.091545,0.051638,0.0,0.0,0.047135,0.086336,0.0,0.0,0.0,0.0,0.0,0.0,0.0,0.004707
2021-06-30,0.018351,0.049943,0.0,0.049138,0.0,0.0,0.0,0.030928,0.058976,0.0,0.0,0.079898,0.064174,0.0,0.017777,0.072054,0.0,0.045207,0.080204,0.08029,0.0,0.0,0.0,0.0,0.010175,0.026006,0.011704,0.041201,0.0,0.079926,0.074312,0.0,0.0,0.0242,0.080365,0.0,0.0,0.0,0.0,0.0,0.0,0.0,0.005171
2021-07-01,0.018309,0.049991,0.0,0.049084,0.0,0.0,0.0,0.030678,0.058593,0.0,0.0,0.080092,0.064361,0.0,0.017998,0.073396,0.0,0.045586,0.080244,0.081312,0.0,0.0,0.0,0.0,0.010142,0.025507,0.011653,0.041033,0.0,0.079874,0.073526,0.0,0.0,0.023874,0.079602,0.0,0.0,0.0,0.0,0.0,0.0,0.0,0.005146
2021-07-02,0.018399,0.050095,0.0,0.049112,0.0,0.0,0.0,0.03085,0.058835,0.0,0.0,0.080593,0.064245,0.0,0.017946,0.072016,0.0,0.045427,0.080302,0.080792,0.0,0.0,0.0,0.0,0.010268,0.025644,0.011797,0.041257,0.0,0.080059,0.073483,0.0,0.0,0.023701,0.080039,0.0,0.0,0.0,0.0,0.0,0.0,0.0,0.005142
2021-07-05,0.018466,0.050086,0.0,0.049221,0.0,0.0,0.0,0.030844,0.058824,0.0,0.0,0.080578,0.064233,0.0,0.017942,0.072003,0.0,0.045418,0.080287,0.080777,0.0,0.0,0.0,0.0,0.010266,0.025639,0.011795,0.041249,0.0,0.080043,0.073469,0.0,0.0,0.023697,0.080024,0.0,0.0,0.0,0.0,0.0,0.0,0.0,0.005141
2021-07-06,0.018533,0.050231,0.0,0.049137,0.0,0.0,0.0,0.03085,0.05961,0.0,0.0,0.081128,0.063811,0.0,0.017519,0.06971,0.0,0.045344,0.07983,0.080316,0.0,0.0,0.0,0.0,0.010401,0.025832,0.012032,0.042348,0.0,0.081378,0.074923,0.0,0.0,0.023239,0.07864,0.0,0.0,0.0,0.0,0.0,0.0,0.0,0.005188
2021-07-07,0.018509,0.050262,0.0,0.048998,0.0,0.0,0.0,0.030846,0.059352,0.0,0.0,0.080558,0.063543,0.0,0.017139,0.067716,0.0,0.045333,0.080212,0.081131,0.0,0.0,0.0,0.0,0.010399,0.0253,0.011967,0.04228,0.0,0.081207,0.077156,0.0,0.0,0.023071,0.079864,0.0,0.0,0.0,0.0,0.0,0.0,0.0,0.005159
2021-07-08,0.018535,0.050232,0.0,0.048835,0.0,0.0,0.0,0.030994,0.059248,0.0,0.0,0.080658,0.06304,0.0,0.017251,0.068938,0.0,0.044402,0.080102,0.079451,0.0,0.0,0.0,0.0,0.010428,0.025284,0.012005,0.042634,0.0,0.081981,0.078515,0.0,0.0,0.023186,0.07906,0.0,0.0,0.0,0.0,0.0,0.0,0.0,0.005223
2021-07-09,0.018423,0.050074,0.0,0.048552,0.0,0.0,0.0,0.030713,0.058928,0.0,0.0,0.079856,0.063648,0.0,0.017288,0.069357,0.0,0.044673,0.080151,0.078842,0.0,0.0,0.0,0.0,0.010328,0.025216,0.011856,0.042274,0.0,0.081774,0.079489,0.0,0.0,0.022804,0.080629,0.0,0.0,0.0,0.0,0.0,0.0,0.0,0.005126
2021-07-12,0.01839,0.050024,0.0,0.048449,0.0,0.0,0.0,0.030549,0.058785,0.0,0.0,0.079956,0.063899,0.0,0.017162,0.068454,0.0,0.044323,0.079945,0.078292,0.0,0.0,0.0,0.0,0.010276,0.025391,0.011702,0.041655,0.0,0.081995,0.082443,0.0,0.0,0.023056,0.08016,0.0,0.0,0.0,0.0,0.0,0.0,0.0,0.005095
2021-07-13,0.018588,0.050172,0.0,0.048798,0.0,0.0,0.0,0.030715,0.059131,0.0,0.0,0.080494,0.063798,0.0,0.01719,0.068217,0.0,0.044311,0.079952,0.077025,0.0,0.0,0.0,0.0,0.010414,0.025525,0.011805,0.041912,0.0,0.081602,0.082149,0.0,0.0,0.023335,0.079723,0.0,0.0,0.0,0.0,0.0,0.0,0.0,0.005143
2021-07-14,0.018656,0.050599,0.0,0.048728,0.0,0.0,0.0,0.031115,0.059851,0.0,0.0,0.080988,0.063938,0.0,0.016793,0.06529,0.0,0.044665,0.080336,0.077635,0.0,0.0,0.0,0.0,0.010563,0.025582,0.011801,0.041926,0.0,0.082737,0.080742,0.0,0.0,0.023755,0.079123,0.0,0.0,0.0,0.0,0.0,0.0,0.0,0.005178
2021-07-15,0.018626,0.050173,0.0,0.048412,0.0,0.0,0.0,0.031258,0.059861,0.0,0.0,0.080602,0.064298,0.0,0.016597,0.064126,0.0,0.044785,0.080533,0.077828,0.0,0.0,0.0,0.0,0.010501,0.025072,0.011684,0.04167,0.0,0.083064,0.082155,0.0,0.0,0.023889,0.079676,0.0,0.0,0.0,0.0,0.0,0.0,0.0,0.00519
2021-07-16,0.018825,0.050562,0.0,0.048938,0.0,0.0,0.0,0.031485,0.060525,0.0,0.0,0.081262,0.064343,0.0,0.016361,0.062478,0.0,0.044798,0.080474,0.078346,0.0,0.0,0.0,0.0,0.010548,0.024884,0.011879,0.042321,0.0,0.084216,0.080634,0.0,0.0,0.024303,0.077552,0.0,0.0,0.0,0.0,0.0,0.0,0.0,0.005266
2021-07-19,0.018821,0.05053,0.0,0.048744,0.0,0.0,0.0,0.031813,0.060861,0.0,0.0,0.081635,0.063801,0.0,0.0161,0.061133,0.0,0.044937,0.08033,0.079632,0.0,0.0,0.0,0.0,0.010612,0.025359,0.012061,0.043108,0.0,0.084343,0.080551,0.0,0.0,0.024495,0.075763,0.0,0.0,0.0,0.0,0.0,0.0,0.0,0.005371
2021-07-20,0.018682,0.049979,0.0,0.048697,0.0,0.0,0.0,0.031487,0.060001,0.0,0.0,0.081174,0.064287,0.0,0.016043,0.061555,0.0,0.045099,0.07988,0.080264,0.0,0.0,0.0,0.0,0.010589,0.025274,0.012086,0.043213,0.0,0.084887,0.081695,0.0,0.0,0.024495,0.075333,0.0,0.0,0.0,0.0,0.0,0.0,0.0,0.00528
2021-07-21,0.018528,0.050011,0.0,0.048522,0.0,0.0,0.0,0.030972,0.058996,0.0,0.0,0.080365,0.064208,0.0,0.016301,0.063346,0.0,0.044816,0.079292,0.080077,0.0,0.0,0.0,0.0,0.010497,0.025578,0.011957,0.042651,0.0,0.08334,0.083896,0.0,0.0,0.024416,0.077048,0.0,0.0,0.0,0.0,0.0,0.0,0.0,0.005185
2021-07-22,0.018609,0.05015,0.0,0.048514,0.0,0.0,0.0,0.03119,0.059036,0.0,0.0,0.080735,0.06358,0.0,0.016138,0.062132,0.0,0.044904,0.079412,0.079691,0.0,0.0,0.0,0.0,0.010587,0.025456,0.012123,0.043266,0.0,0.082773,0.084198,0.0,0.0,0.024679,0.077636,0.0,0.0,0.0,0.0,0.0,0.0,0.0,0.005191
2021-07-23,0.018682,0.050283,0.0,0.048574,0.0,0.0,0.0,0.03106,0.058658,0.0,0.0,0.082245,0.063307,0.0,0.015983,0.061131,0.0,0.044745,0.079495,0.081337,0.0,0.0,0.0,0.0,0.010628,0.025434,0.012211,0.043555,0.0,0.082964,0.082245,0.0,0.0,0.024416,0.077888,0.0,0.0,0.0,0.0,0.0,0.0,0.0,0.00516
2021-07-26,0.018619,0.050196,0.0,0.048329,0.0,0.0,0.0,0.03109,0.057939,0.0,0.0,0.082211,0.063321,0.0,0.016287,0.062656,0.0,0.044568,0.079722,0.079989,0.0,0.0,0.0,0.0,0.010564,0.025301,0.012111,0.04306,0.0,0.082543,0.081911,0.0,0.0,0.024848,0.079604,0.0,0.0,0.0,0.0,0.0,0.0,0.0,0.005132
2021-07-27,0.018674,0.050617,0.0,0.048261,0.0,0.0,0.0,0.031048,0.057686,0.0,0.0,0.082095,0.063976,0.0,0.016308,0.061363,0.0,0.043906,0.080677,0.081037,0.0,0.0,0.0,0.0,0.010575,0.025101,0.012077,0.043217,0.0,0.083893,0.079057,0.0,0.0,0.024969,0.080276,0.0,0.0,0.0,0.0,0.0,0.0,0.0,0.005186
2021-07-28,0.018618,0.05048,0.0,0.048389,0.0,0.0,0.0,0.030903,0.05783,0.0,0.0,0.08209,0.063388,0.0,0.016328,0.06224,0.0,0.043362,0.080278,0.079905,0.0,0.0,0.0,0.0,0.01048,0.025311,0.012076,0.043159,0.0,0.082947,0.081796,0.0,0.0,0.024812,0.080466,0.0,0.0,0.0,0.0,0.0,0.0,0.0,0.005145
2021-07-29,0.018539,0.050292,0.0,0.048236,0.0,0.0,0.0,0.030695,0.058134,0.0,0.0,0.080281,0.063355,0.0,0.016298,0.061443,0.0,0.043078,0.080236,0.08186,0.0,0.0,0.0,0.0,0.010408,0.025533,0.011952,0.042797,0.0,0.082018,0.083448,0.0,0.0,0.02444,0.08187,0.0,0.0,0.0,0.0,0.0,0.0,0.0,0.005086
2021-07-30,0.05844,0.0,0.0,0.042928,0.0,0.0,0.0,0.0,0.08661,0.0,0.0,0.104715,0.07379,0.0,0.051094,0.066176,0.033239,0.012541,0.0,0.093659,0.10457,0.0,0.0,0.0,0.041254,0.022746,0.036431,0.016264,0.0,0.104327,0.0,0.0,0.0,0.023123,0.0,0.0,0.0,0.0,0.0,0.0,0.0,0.0,0.028093
2021-08-02,0.05885,0.0,0.0,0.043139,0.0,0.0,0.0,0.0,0.086929,0.0,0.0,0.104612,0.073908,0.0,0.050778,0.064944,0.033054,0.012507,0.0,0.09394,0.104851,0.0,0.0,0.0,0.041161,0.02292,0.036489,0.016359,0.0,0.104239,0.0,0.0,0.0,0.023191,0.0,0.0,0.0,0.0,0.0,0.0,0.0,0.0,0.02813
2021-08-03,0.058213,0.0,0.0,0.042673,0.0,0.0,0.0,0.0,0.087219,0.0,0.0,0.103417,0.074218,0.0,0.051289,0.065819,0.033253,0.012562,0.0,0.094497,0.105569,0.0,0.0,0.0,0.041137,0.022934,0.036257,0.016255,0.0,0.103641,0.0,0.0,0.0,0.023116,0.0,0.0,0.0,0.0,0.0,0.0,0.0,0.0,0.027931
2021-08-04,0.058722,0.0,0.0,0.043009,0.0,0.0,0.0,0.0,0.08858,0.0,0.0,0.104306,0.074019,0.0,0.050188,0.063226,0.032991,0.012388,0.0,0.093707,0.105727,0.0,0.0,0.0,0.041457,0.023301,0.03685,0.016382,0.0,0.103915,0.0,0.0,0.0,0.023138,0.0,0.0,0.0,0.0,0.0,0.0,0.0,0.0,0.028092
2021-08-05,0.058549,0.0,0.0,0.042961,0.0,0.0,0.0,0.0,0.088249,0.0,0.0,0.10448,0.074435,0.0,0.050382,0.06444,0.0329,0.012446,0.0,0.093611,0.104513,0.0,0.0,0.0,0.041378,0.023133,0.036909,0.016287,0.0,0.104354,0.0,0.0,0.0,0.02309,0.0,0.0,0.0,0.0,0.0,0.0,0.0,0.0,0.027884
2021-08-06,0.058452,0.0,0.0,0.043163,0.0,0.0,0.0,0.0,0.087382,0.0,0.0,0.104381,0.075867,0.0,0.050796,0.0651,0.033022,0.012525,0.0,0.092822,0.104328,0.0,0.0,0.0,0.041304,0.022996,0.036703,0.016015,0.0,0.10407,0.0,0.0,0.0,0.023215,0.0,0.0,0.0,0.0,0.0,0.0,0.0,0.0,0.02786
2021-08-09,0.058666,0.0,0.0,0.043248,0.0,0.0,0.0,0.0,0.087275,0.0,0.0,0.10455,0.076328,0.0,0.050249,0.064241,0.033004,0.012463,0.0,0.092645,0.105087,0.0,0.0,0.0,0.041311,0.022996,0.036847,0.016116,0.0,0.10387,0.0,0.0,0.0,0.023147,0.0,0.0,0.0,0.0,0.0,0.0,0.0,0.0,0.027955
2021-08-10,0.058541,0.0,0.0,0.04338,0.0,0.0,0.0,0.0,0.086213,0.0,0.0,0.104467,0.076922,0.0,0.050995,0.065835,0.03325,0.012589,0.0,0.093588,0.104557,0.0,0.0,0.0,0.040903,0.022667,0.036302,0.015885,0.0,0.102604,0.0,0.0,0.0,0.023428,0.0,0.0,0.0,0.0,0.0,0.0,0.0,0.0,0.027875
2021-08-11,0.058438,0.0,0.0,0.043077,0.0,0.0,0.0,0.0,0.085844,0.0,0.0,0.104204,0.07746,0.0,0.051168,0.06578,0.033531,0.012738,0.0,0.095759,0.103062,0.0,0.0,0.0,0.040727,0.02249,0.036049,0.015752,0.0,0.10275,0.0,0.0,0.0,0.023422,0.0,0.0,0.0,0.0,0.0,0.0,0.0,0.0,0.02775
2021-08-12,0.058463,0.0,0.0,0.043152,0.0,0.0,0.0,0.0,0.085464,0.0,0.0,0.10429,0.077523,0.0,0.051066,0.065518,0.033435,0.012733,0.0,0.094941,0.103772,0.0,0.0,0.0,0.04092,0.022226,0.03637,0.01594,0.0,0.102872,0.0,0.0,0.0,0.023595,0.0,0.0,0.0,0.0,0.0,0.0,0.0,0.0,0.027721
2021-08-13,0.058864,0.0,0.0,0.043183,0.0,0.0,0.0,0.0,0.084611,0.0,0.0,0.104628,0.077148,0.0,0.050597,0.063461,0.033418,0.012751,0.0,0.095127,0.104697,0.0,0.0,0.0,0.041252,0.022425,0.036563,0.016054,0.0,0.103707,0.0,0.0,0.0,0.023719,0.0,0.0,0.0,0.0,0.0,0.0,0.0,0.0,0.027795
2021-08-16,0.058728,0.0,0.0,0.043028,0.0,0.0,0.0,0.0,0.084364,0.0,0.0,0.105051,0.077129,0.0,0.049782,0.061747,0.033611,0.012808,0.0,0.095818,0.106136,0.0,0.0,0.0,0.041535,0.022394,0.036385,0.015927,0.0,0.103824,0.0,0.0,0.0,0.023873,0.0,0.0,0.0,0.0,0.0,0.0,0.0,0.0,0.02786
2021-08-17,0.059154,0.0,0.0,0.043032,0.0,0.0,0.0,0.0,0.082628,0.0,0.0,0.10517,0.077315,0.0,0.049737,0.061901,0.033563,0.012794,0.0,0.093307,0.108412,0.0,0.0,0.0,0.041582,0.022169,0.036475,0.015985,0.0,0.104702,0.0,0.0,0.0,0.023951,0.0,0.0,0.0,0.0,0.0,0.0,0.0,0.0,0.028123
2021-08-18,0.059517,0.0,0.0,0.043725,0.0,0.0,0.0,0.0,0.084535,0.0,0.0,0.105145,0.076932,0.0,0.049063,0.060612,0.033443,0.01279,0.0,0.09379,0.107558,0.0,0.0,0.0,0.041314,0.022039,0.036581,0.015964,0.0,0.10452,0.0,0.0,0.0,0.024141,0.0,0.0,0.0,0.0,0.0,0.0,0.0,0.0,0.028332
2021-08-19,0.059187,0.0,0.0,0.043051,0.0,0.0,0.0,0.0,0.083339,0.0,0.0,0.105803,0.07683,0.0,0.048083,0.059126,0.033413,0.012732,0.0,0.094073,0.108707,0.0,0.0,0.0,0.041974,0.022356,0.037063,0.016142,0.0,0.105669,0.0,0.0,0.0,0.02395,0.0,0.0,0.0,0.0,0.0,0.0,0.0,0.0,0.028503
2021-08-20,0.059085,0.0,0.0,0.043043,0.0,0.0,0.0,0.0,0.083258,0.0,0.0,0.105983,0.076768,0.0,0.047856,0.058952,0.03327,0.012689,0.0,0.095166,0.108572,0.0,0.0,0.0,0.042221,0.022368,0.037252,0.016192,0.0,0.105465,0.0,0.0,0.0,0.023547,0.0,0.0,0.0,0.0,0.0,0.0,0.0,0.0,0.028312
2021-08-23,0.059114,0.0,0.0,0.043014,0.0,0.0,0.0,0.0,0.084106,0.0,0.0,0.106014,0.076498,0.0,0.049071,0.061211,0.033152,0.012656,0.0,0.093757,0.107346,0.0,0.0,0.0,0.042268,0.02273,0.037416,0.016221,0.0,0.10404,0.0,0.0,0.0,0.023409,0.0,0.0,0.0,0.0,0.0,0.0,0.0,0.0,0.027978
2021-08-24,0.058911,0.0,0.0,0.043101,0.0,0.0,0.0,0.0,0.083818,0.0,0.0,0.105768,0.076536,0.0,0.04961,0.062694,0.033134,0.012614,0.0,0.094523,0.106377,0.0,0.0,0.0,0.041987,0.022604,0.037455,0.016509,0.0,0.103009,0.0,0.0,0.0,0.023525,0.0,0.0,0.0,0.0,0.0,0.0,0.0,0.0,0.027824
2021-08-25,0.058667,0.0,0.0,0.043203,0.0,0.0,0.0,0.0,0.084636,0.0,0.0,0.105321,0.07699,0.0,0.049701,0.063451,0.033156,0.012622,0.0,0.094945,0.105475,0.0,0.0,0.0,0.041721,0.022645,0.037323,0.016636,0.0,0.102347,0.0,0.0,0.0,0.023499,0.0,0.0,0.0,0.0,0.0,0.0,0.0,0.0,0.027661
2021-08-26,0.058854,0.0,0.0,0.043232,0.0,0.0,0.0,0.0,0.084546,0.0,0.0,0.105096,0.077117,0.0,0.049269,0.062783,0.033228,0.012617,0.0,0.094273,0.105755,0.0,0.0,0.0,0.041732,0.022816,0.037402,0.016809,0.0,0.103061,0.0,0.0,0.0,0.023568,0.0,0.0,0.0,0.0,0.0,0.0,0.0,0.0,0.027843
2021-08-27,0.058332,0.0,0.0,0.043085,0.0,0.0,0.0,0.0,0.085122,0.0,0.0,0.105234,0.077023,0.0,0.04986,0.065152,0.032979,0.012551,0.0,0.094411,0.104128,0.0,0.0,0.0,0.041533,0.022919,0.037433,0.016727,0.0,0.102654,0.0,0.0,0.0,0.023413,0.0,0.0,0.0,0.0,0.0,0.0,0.0,0.0,0.027445
2021-08-30,0.05829,0.0,0.0,0.043142,0.0,0.0,0.0,0.0,0.085659,0.0,0.0,0.105878,0.075882,0.0,0.049238,0.064028,0.032918,0.012442,0.0,0.094087,0.104641,0.0,0.0,0.0,0.041949,0.022948,0.037578,0.016806,0.0,0.103606,0.0,0.0,0.0,0.023481,0.0,0.0,0.0,0.0,0.0,0.0,0.0,0.0,0.027425
2021-08-31,0.074068,0.0851,0.0,0.021579,0.0,0.0,0.020766,0.0,0.042603,0.0,0.0,0.084914,0.068965,0.0,0.027887,0.0,0.085088,0.0,0.0,0.041181,0.084644,0.0,0.0,0.0,0.025884,0.017592,0.025095,0.026094,0.0,0.084778,0.084697,0.0,0.0,0.042494,0.027741,0.0,0.0,0.024909,0.0,0.0,0.0,0.0,0.003918
2021-09-01,0.074276,0.085651,0.0,0.021581,0.0,0.0,0.020898,0.0,0.042692,0.0,0.0,0.085295,0.068533,0.0,0.027464,0.0,0.084717,0.0,0.0,0.041559,0.084623,0.0,0.0,0.0,0.025877,0.017487,0.025167,0.026141,0.0,0.08609,0.083266,0.0,0.0,0.042316,0.027546,0.0,0.0,0.024907,0.0,0.0,0.0,0.0,0.003916
2021-09-02,0.074288,0.085819,0.0,0.021717,0.0,0.0,0.020434,0.0,0.042518,0.0,0.0,0.084453,0.06855,0.0,0.028072,0.0,0.085358,0.0,0.0,0.041416,0.085261,0.0,0.0,0.0,0.025768,0.017497,0.025063,0.0263,0.0,0.08627,0.082461,0.0,0.0,0.042227,0.027788,0.0,0.0,0.024838,0.0,0.0,0.0,0.0,0.003903
2021-09-03,0.074405,0.08566,0.0,0.021655,0.0,0.0,0.020411,0.0,0.042937,0.0,0.0,0.084595,0.068235,0.0,0.027958,0.0,0.084982,0.0,0.0,0.04102,0.085499,0.0,0.0,0.0,0.025914,0.017658,0.02534,0.026532,0.0,0.086431,0.081445,0.0,0.0,0.042276,0.028292,0.0,0.0,0.024845,0.0,0.0,0.0,0.0,0.00391
2021-09-06,0.074742,0.085615,0.0,0.021793,0.0,0.0,0.020401,0.0,0.042914,0.0,0.0,0.084551,0.0682,0.0,0.027943,0.0,0.084937,0.0,0.0,0.040999,0.085454,0.0,0.0,0.0,0.0259,0.017649,0.025327,0.026518,0.0,0.086386,0.081402,0.0,0.0,0.042254,0.028278,0.0,0.0,0.024832,0.0,0.0,0.0,0.0,0.003907
2021-09-07,0.074471,0.085583,0.0,0.021753,0.0,0.0,0.020597,0.0,0.042854,0.0,0.0,0.085044,0.068024,0.0,0.027873,0.0,0.083759,0.0,0.0,0.040696,0.08525,0.0,0.0,0.0,0.025997,0.017645,0.025144,0.026322,0.0,0.08571,0.084252,0.0,0.0,0.042134,0.028113,0.0,0.0,0.024857,0.0,0.0,0.0,0.0,0.003921
2021-09-08,0.074617,0.085338,0.0,0.021681,0.0,0.0,0.019569,0.0,0.042367,0.0,0.0,0.085253,0.06838,0.0,0.027726,0.0,0.084512,0.0,0.0,0.040166,0.085863,0.0,0.0,0.0,0.026095,0.017552,0.025174,0.026369,0.0,0.086797,0.083837,0.0,0.0,0.042187,0.027418,0.0,0.0,0.025148,0.0,0.0,0.0,0.0,0.003951
2021-09-09,0.074932,0.085212,0.0,0.021843,0.0,0.0,0.020239,0.0,0.04283,0.0,0.0,0.084965,0.068686,0.0,0.027827,0.0,0.084233,0.0,0.0,0.040144,0.085004,0.0,0.0,0.0,0.026037,0.017641,0.025171,0.026354,0.0,0.085166,0.084827,0.0,0.0,0.041894,0.027719,0.0,0.0,0.02532,0.0,0.0,0.0,0.0,0.003957
2021-09-10,0.074924,0.085331,0.0,0.021826,0.0,0.0,0.020026,0.0,0.043354,0.0,0.0,0.084777,0.068471,0.0,0.027935,0.0,0.084215,0.0,0.0,0.040213,0.084588,0.0,0.0,0.0,0.025891,0.017858,0.025124,0.026113,0.0,0.08428,0.085483,0.0,0.0,0.041893,0.028364,0.0,0.0,0.025358,0.0,0.0,0.0,0.0,0.003974
2021-09-13,0.07451,0.085698,0.0,0.021814,0.0,0.0,0.020429,0.0,0.043489,0.0,0.0,0.084862,0.069152,0.0,0.028693,0.0,0.084313,0.0,0.0,0.040108,0.083942,0.0,0.0,0.0,0.025861,0.018002,0.02477,0.02609,0.0,0.084724,0.083932,0.0,0.0,0.041719,0.028603,0.0,0.0,0.02532,0.0,0.0,0.0,0.0,0.003968
2021-09-14,0.07475,0.085702,0.0,0.021785,0.0,0.0,0.02028,0.0,0.043417,0.0,0.0,0.084351,0.068404,0.0,0.028354,0.0,0.083518,0.0,0.0,0.039602,0.084151,0.0,0.0,0.0,0.025896,0.01805,0.024891,0.026164,0.0,0.084798,0.086305,0.0,0.0,0.041897,0.028305,0.0,0.0,0.025401,0.0,0.0,0.0,0.0,0.003978
2021-09-15,0.074021,0.085146,0.0,0.02163,0.0,0.0,0.020036,0.0,0.043142,0.0,0.0,0.084201,0.068603,0.0,0.029218,0.0,0.083876,0.0,0.0,0.039572,0.084136,0.0,0.0,0.0,0.025949,0.018034,0.024968,0.026118,0.0,0.084503,0.086901,0.0,0.0,0.042044,0.028701,0.0,0.0,0.025246,0.0,0.0,0.0,0.0,0.003952
2021-09-16,0.074399,0.085573,0.0,0.021838,0.0,0.0,0.019816,0.0,0.043045,0.0,0.0,0.08458,0.068776,0.0,0.029044,0.0,0.083755,0.0,0.0,0.040211,0.084379,0.0,0.0,0.0,0.026106,0.018167,0.025258,0.026347,0.0,0.085035,0.084443,0.0,0.0,0.042251,0.027661,0.0,0.0,0.025343,0.0,0.0,0.0,0.0,0.003973
2021-09-17,0.074703,0.084932,0.0,0.021969,0.0,0.0,0.019437,0.0,0.043138,0.0,0.0,0.08436,0.069053,0.0,0.029074,0.0,0.083573,0.0,0.0,0.040636,0.085185,0.0,0.0,0.0,0.025919,0.01803,0.025305,0.026309,0.0,0.084996,0.084609,0.0,0.0,0.042272,0.027006,0.0,0.0,0.025486,0.0,0.0,0.0,0.0,0.004007
2021-09-20,0.07487,0.085027,0.0,0.022003,0.0,0.0,0.019261,0.0,0.042661,0.0,0.0,0.084401,0.068868,0.0,0.028779,0.0,0.084349,0.0,0.0,0.040472,0.086066,0.0,0.0,0.0,0.025981,0.017953,0.025381,0.026396,0.0,0.086251,0.082147,0.0,0.0,0.042742,0.026254,0.0,0.0,0.026046,0.0,0.0,0.0,0.0,0.004091
2021-09-21,0.075157,0.085668,0.0,0.022136,0.0,0.0,0.019587,0.0,0.042772,0.0,0.0,0.083811,0.068579,0.0,0.028764,0.0,0.083669,0.0,0.0,0.040234,0.085954,0.0,0.0,0.0,0.025918,0.017955,0.025359,0.026311,0.0,0.086048,0.083255,0.0,0.0,0.042575,0.026212,0.0,0.0,0.025954,0.0,0.0,0.0,0.0,0.00408
2021-09-22,0.074854,0.08559,0.0,0.022139,0.0,0.0,0.019672,0.0,0.042795,0.0,0.0,0.082901,0.069002,0.0,0.029344,0.0,0.083458,0.0,0.0,0.040183,0.085206,0.0,0.0,0.0,0.026001,0.018138,0.025328,0.026404,0.0,0.085985,0.084198,0.0,0.0,0.042523,0.026583,0.0,0.0,0.025659,0.0,0.0,0.0,0.0,0.004037
2021-09-23,0.074709,0.085745,0.0,0.022111,0.0,0.0,0.019714,0.0,0.042919,0.0,0.0,0.082789,0.069882,0.0,0.030023,0.0,0.083765,0.0,0.0,0.039761,0.084835,0.0,0.0,0.0,0.026047,0.018169,0.025443,0.026348,0.0,0.08483,0.084371,0.0,0.0,0.042555,0.026722,0.0,0.0,0.025274,0.0,0.0,0.0,0.0,0.003991
2021-09-24,0.074526,0.084951,0.0,0.022123,0.0,0.0,0.019485,0.0,0.042869,0.0,0.0,0.083683,0.070431,0.0,0.030327,0.0,0.084156,0.0,0.0,0.039789,0.084707,0.0,0.0,0.0,0.026132,0.018195,0.02559,0.026426,0.0,0.08414,0.084022,0.0,0.0,0.042665,0.026506,0.0,0.0,0.025276,0.0,0.0,0.0,0.0,0.004001
2021-09-27,0.074604,0.084844,0.0,0.022305,0.0,0.0,0.019436,0.0,0.043019,0.0,0.0,0.083691,0.071405,0.0,0.031412,0.0,0.084258,0.0,0.0,0.040138,0.083519,0.0,0.0,0.0,0.025885,0.018154,0.025166,0.026173,0.0,0.083027,0.08401,0.0,0.0,0.042992,0.026666,0.0,0.0,0.025293,0.0,0.0,0.0,0.0,0.004002
2021-09-28,0.074518,0.084466,0.0,0.022342,0.0,0.0,0.019096,0.0,0.042895,0.0,0.0,0.083243,0.071596,0.0,0.032134,0.0,0.084906,0.0,0.0,0.039752,0.083689,0.0,0.0,0.0,0.025607,0.017784,0.024726,0.025787,0.0,0.084073,0.082865,0.0,0.0,0.04397,0.02674,0.0,0.0,0.02573,0.0,0.0,0.0,0.0,0.00408
2021-09-29,0.07469,0.084226,0.0,0.022339,0.0,0.0,0.019228,0.0,0.04228,0.0,0.0,0.083225,0.071698,0.0,0.032155,0.0,0.085054,0.0,0.0,0.040054,0.084404,0.0,0.0,0.0,0.025591,0.017515,0.024685,0.025741,0.0,0.084758,0.082268,0.0,0.0,0.043998,0.026248,0.0,0.0,0.025761,0.0,0.0,0.0,0.0,0.004082
2021-09-30,0.09698,0.038489,0.0,0.0,0.0,0.0,0.022695,0.090119,0.025259,0.0,0.020602,0.102702,0.043353,0.0,0.0,0.0,0.0,0.0,0.02505,0.028972,0.10259,0.0,0.0,0.036237,0.029181,0.01449,0.028834,0.029281,0.013048,0.102249,0.10267,0.0,0.0,0.04352,0.0,0.0,0.0,0.0,0.0,0.0,0.0,0.0,0.003678
2021-10-01,0.095874,0.038468,0.0,0.0,0.0,0.0,0.023208,0.090356,0.025032,0.0,0.020617,0.103727,0.043772,0.0,0.0,0.0,0.0,0.0,0.025277,0.028876,0.101921,0.0,0.0,0.035992,0.029421,0.014401,0.029061,0.029495,0.012801,0.102995,0.101193,0.0,0.0,0.043859,0.0,0.0,0.0,0.0,0.0,0.0,0.0,0.0,0.003654
2021-10-04,0.096243,0.038786,0.0,0.0,0.0,0.0,0.022789,0.091128,0.024726,0.0,0.020729,0.102856,0.043979,0.0,0.0,0.0,0.0,0.0,0.025507,0.029173,0.101723,0.0,0.0,0.03698,0.029127,0.01422,0.028569,0.029282,0.012489,0.104405,0.099229,0.0,0.0,0.044359,0.0,0.0,0.0,0.0,0.0,0.0,0.0,0.0,0.003703
2021-10-05,0.096846,0.038594,0.0,0.0,0.0,0.0,0.022433,0.091308,0.024667,0.0,0.02061,0.103372,0.044402,0.0,0.0,0.0,0.0,0.0,0.025482,0.028936,0.101332,0.0,0.0,0.036529,0.029254,0.014294,0.028772,0.029344,0.012537,0.102675,0.101294,0.0,0.0,0.043654,0.0,0.0,0.0,0.0,0.0,0.0,0.0,0.0,0.003666
2021-10-06,0.095668,0.038396,0.0,0.0,0.0,0.0,0.022569,0.090548,0.024628,0.0,0.020703,0.103695,0.044509,0.0,0.0,0.0,0.0,0.0,0.02547,0.029151,0.101288,0.0,0.0,0.037146,0.029486,0.01437,0.028989,0.029637,0.012544,0.1038,0.100085,0.0,0.0,0.043646,0.0,0.0,0.0,0.0,0.0,0.0,0.0,0.0,0.003671
2021-10-07,0.097029,0.038276,0.0,0.0,0.0,0.0,0.022221,0.090127,0.024824,0.0,0.020804,0.103048,0.044304,0.0,0.0,0.0,0.0,0.0,0.025531,0.029273,0.101553,0.0,0.0,0.036559,0.029442,0.014385,0.029046,0.029788,0.01256,0.102987,0.101087,0.0,0.0,0.043525,0.0,0.0,0.0,0.0,0.0,0.0,0.0,0.0,0.003633
2021-10-08,0.097143,0.038499,0.0,0.0,0.0,0.0,0.022778,0.090523,0.024763,0.0,0.020817,0.103077,0.044753,0.0,0.0,0.0,0.0,0.0,0.025522,0.029174,0.10157,0.0,0.0,0.03648,0.029485,0.014312,0.028986,0.029717,0.012551,0.102547,0.099786,0.0,0.0,0.043865,0.0,0.0,0.0,0.0,0.0,0.0,0.0,0.0,0.003652
2021-10-11,0.097761,0.038411,0.0,0.0,0.0,0.0,0.022615,0.090593,0.024808,0.0,0.020808,0.101892,0.044466,0.0,0.0,0.0,0.0,0.0,0.025618,0.029253,0.101143,0.0,0.0,0.036114,0.029428,0.014267,0.02902,0.029747,0.012515,0.103178,0.100809,0.0,0.0,0.043888,0.0,0.0,0.0,0.0,0.0,0.0,0.0,0.0,0.003665
2021-10-12,0.096862,0.038583,0.0,0.0,0.0,0.0,0.02257,0.091028,0.02448,0.0,0.020984,0.100999,0.044351,0.0,0.0,0.0,0.0,0.0,0.025666,0.029386,0.100706,0.0,0.0,0.036376,0.029292,0.014097,0.029367,0.030146,0.012607,0.104585,0.100337,0.0,0.0,0.043911,0.0,0.0,0.0,0.0,0.0,0.0,0.0,0.0,0.003666
2021-10-13,0.0959,0.038777,0.0,0.0,0.0,0.0,0.022714,0.091315,0.024231,0.0,0.020882,0.100488,0.04367,0.0,0.0,0.0,0.0,0.0,0.025608,0.029274,0.099889,0.0,0.0,0.036444,0.029185,0.014041,0.029677,0.030476,0.012647,0.104325,0.104015,0.0,0.0,0.042811,0.0,0.0,0.0,0.0,0.0,0.0,0.0,0.0,0.003631
2021-10-14,0.096306,0.038681,0.0,0.0,0.0,0.0,0.022341,0.090887,0.024197,0.0,0.020819,0.100543,0.043807,0.0,0.0,0.0,0.0,0.0,0.02588,0.029672,0.099966,0.0,0.0,0.036398,0.029444,0.014283,0.029741,0.030631,0.012853,0.104182,0.103393,0.0,0.0,0.042393,0.0,0.0,0.0,0.0,0.0,0.0,0.0,0.0,0.003582
2021-10-15,0.096643,0.038767,0.0,0.0,0.0,0.0,0.022764,0.09057,0.024424,0.0,0.021026,0.099777,0.044225,0.0,0.0,0.0,0.0,0.0,0.02582,0.029333,0.099931,0.0,0.0,0.036102,0.029524,0.014302,0.02966,0.030487,0.012982,0.103555,0.104195,0.0,0.0,0.042346,0.0,0.0,0.0,0.0,0.0,0.0,0.0,0.0,0.003563
2021-10-18,0.096306,0.038425,0.0,0.0,0.0,0.0,0.022394,0.090234,0.024233,0.0,0.021192,0.100115,0.044046,0.0,0.0,0.0,0.0,0.0,0.02569,0.029693,0.098825,0.0,0.0,0.035602,0.029646,0.014356,0.029862,0.030721,0.012851,0.103371,0.106793,0.0,0.0,0.042098,0.0,0.0,0.0,0.0,0.0,0.0,0.0,0.0,0.003548
2021-10-19,0.096632,0.03847,0.0,0.0,0.0,0.0,0.021312,0.089482,0.024533,0.0,0.021039,0.100636,0.044285,0.0,0.0,0.0,0.0,0.0,0.025711,0.029516,0.099684,0.0,0.0,0.035893,0.029809,0.014468,0.029995,0.030609,0.01289,0.102966,0.106733,0.0,0.0,0.041804,0.0,0.0,0.0,0.0,0.0,0.0,0.0,0.0,0.003532
2021-10-20,0.096512,0.03842,0.0,0.0,0.0,0.0,0.021339,0.088717,0.024331,0.0,0.02091,0.10029,0.0444,0.0,0.0,0.0,0.0,0.0,0.025779,0.029859,0.100564,0.0,0.0,0.036263,0.029566,0.01436,0.029779,0.030531,0.01276,0.104024,0.106374,0.0,0.0,0.04171,0.0,0.0,0.0,0.0,0.0,0.0,0.0,0.0,0.003513
2021-10-21,0.096444,0.038481,0.0,0.0,0.0,0.0,0.020348,0.088268,0.024291,0.0,0.021254,0.100757,0.044289,0.0,0.0,0.0,0.0,0.0,0.025757,0.029902,0.101146,0.0,0.0,0.036326,0.029731,0.01453,0.030137,0.030796,0.012676,0.104347,0.105634,0.0,0.0,0.041368,0.0,0.0,0.0,0.0,0.0,0.0,0.0,0.0,0.003519
2021-10-22,0.096792,0.038743,0.0,0.0,0.0,0.0,0.020375,0.087662,0.024242,0.0,0.02122,0.098819,0.044997,0.0,0.0,0.0,0.0,0.0,0.025759,0.029924,0.101757,0.0,0.0,0.036583,0.029687,0.014395,0.03001,0.030805,0.012698,0.105046,0.105532,0.0,0.0,0.041428,0.0,0.0,0.0,0.0,0.0,0.0,0.0,0.0,0.003526
2021-10-25,0.096413,0.038296,0.0,0.0,0.0,0.0,0.020966,0.086933,0.024244,0.0,0.021574,0.098463,0.044586,0.0,0.0,0.0,0.0,0.0,0.025811,0.029907,0.101074,0.0,0.0,0.036136,0.029548,0.014379,0.029922,0.030756,0.01274,0.104549,0.108759,0.0,0.0,0.041446,0.0,0.0,0.0,0.0,0.0,0.0,0.0,0.0,0.003498
2021-10-26,0.09688,0.038429,0.0,0.0,0.0,0.0,0.020482,0.087803,0.024461,0.0,0.021571,0.097553,0.044604,0.0,0.0,0.0,0.0,0.0,0.025875,0.029744,0.101539,0.0,0.0,0.036319,0.029623,0.014385,0.029836,0.030454,0.01263,0.104802,0.107843,0.0,0.0,0.041671,0.0,0.0,0.0,0.0,0.0,0.0,0.0,0.0,0.003497
2021-10-27,0.097043,0.038525,0.0,0.0,0.0,0.0,0.02066,0.087914,0.024592,0.0,0.021742,0.09784,0.044119,0.0,0.0,0.0,0.0,0.0,0.02565,0.029788,0.101309,0.0,0.0,0.036282,0.029766,0.014364,0.029745,0.030358,0.012491,0.104506,0.107967,0.0,0.0,0.041822,0.0,0.0,0.0,0.0,0.0,0.0,0.0,0.0,0.003516
2021-10-28,0.096807,0.03867,0.0,0.0,0.0,0.0,0.020182,0.086366,0.024647,0.0,0.021872,0.097451,0.044338,0.0,0.0,0.0,0.0,0.0,0.025718,0.029984,0.10142,0.0,0.0,0.036257,0.029848,0.014582,0.029884,0.030373,0.012699,0.105202,0.108496,0.0,0.0,0.041715,0.0,0.0,0.0,0.0,0.0,0.0,0.0,0.0,0.003491
2021-10-29,0.048657,0.0,0.036045,0.039387,0.0,0.0,0.0,0.078066,0.0,0.0,0.0,0.0,0.07559,0.0,0.015253,0.054872,0.0,0.0,0.0,0.0,0.07769,0.0,0.0,0.0,0.019278,0.0,0.028925,0.029022,0.010217,0.073344,0.077776,0.0,0.0,0.078278,0.0,0.0,0.03719,0.050493,0.050977,0.036024,0.07819,0.0,0.004725
2021-11-01,0.048648,0.0,0.036398,0.03972,0.0,0.0,0.0,0.078616,0.0,0.0,0.0,0.0,0.075236,0.0,0.015435,0.056241,0.0,0.0,0.0,0.0,0.077195,0.0,0.0,0.0,0.019149,0.0,0.028712,0.028829,0.01038,0.073325,0.077584,0.0,0.0,0.078801,0.0,0.0,0.036995,0.050033,0.050659,0.035774,0.077571,0.0,0.0047
2021-11-02,0.048691,0.0,0.036302,0.039679,0.0,0.0,0.0,0.078546,0.0,0.0,0.0,0.0,0.07531,0.0,0.015267,0.055562,0.0,0.0,0.0,0.0,0.077564,0.0,0.0,0.0,0.019289,0.0,0.028731,0.028903,0.01041,0.073563,0.077787,0.0,0.0,0.078401,0.0,0.0,0.037029,0.050157,0.050705,0.035857,0.077554,0.0,0.004693
2021-11-03,0.048641,0.0,0.036475,0.039923,0.0,0.0,0.0,0.078716,0.0,0.0,0.0,0.0,0.075495,0.0,0.015121,0.054975,0.0,0.0,0.0,0.0,0.077921,0.0,0.0,0.0,0.019377,0.0,0.028624,0.028968,0.010486,0.073717,0.077966,0.0,0.0,0.078222,0.0,0.0,0.036867,0.050023,0.050741,0.035721,0.077335,0.0,0.004687
2021-11-04,0.048888,0.0,0.036658,0.040059,0.0,0.0,0.0,0.078531,0.0,0.0,0.0,0.0,0.074347,0.0,0.01511,0.05453,0.0,0.0,0.0,0.0,0.077218,0.0,0.0,0.0,0.019638,0.0,0.028853,0.029278,0.010675,0.072859,0.079314,0.0,0.0,0.077812,0.0,0.0,0.036987,0.050246,0.050765,0.035831,0.077727,0.0,0.004677
2021-11-05,0.049087,0.0,0.036623,0.040317,0.0,0.0,0.0,0.078924,0.0,0.0,0.0,0.0,0.074218,0.0,0.015273,0.055906,0.0,0.0,0.0,0.0,0.076186,0.0,0.0,0.0,0.019695,0.0,0.028567,0.029128,0.010646,0.073068,0.07805,0.0,0.0,0.077238,0.0,0.0,0.037106,0.050308,0.050844,0.036013,0.078139,0.0,0.004666
2021-11-08,0.048786,0.0,0.036329,0.040139,0.0,0.0,0.0,0.079557,0.0,0.0,0.0,0.0,0.074186,0.0,0.015321,0.056468,0.0,0.0,0.0,0.0,0.076187,0.0,0.0,0.0,0.019685,0.0,0.028777,0.029426,0.010605,0.072578,0.080025,0.0,0.0,0.076583,0.0,0.0,0.036728,0.050177,0.05048,0.035718,0.077608,0.0,0.004639
2021-11-09,0.048688,0.0,0.036166,0.039931,0.0,0.0,0.0,0.078993,0.0,0.0,0.0,0.0,0.073913,0.0,0.015411,0.056458,0.0,0.0,0.0,0.0,0.076044,0.0,0.0,0.0,0.019639,0.0,0.028937,0.029611,0.010517,0.072834,0.079028,0.0,0.0,0.07728,0.0,0.0,0.036963,0.050561,0.050612,0.035878,0.077888,0.0,0.004647
2021-11-10,0.049129,0.0,0.03596,0.040454,0.0,0.0,0.0,0.079408,0.0,0.0,0.0,0.0,0.074528,0.0,0.015155,0.054357,0.0,0.0,0.0,0.0,0.07703,0.0,0.0,0.0,0.01951,0.0,0.028394,0.029407,0.010187,0.073228,0.077816,0.0,0.0,0.078583,0.0,0.0,0.037017,0.050915,0.050836,0.035869,0.077524,0.0,0.004693
2021-11-11,0.048681,0.0,0.036005,0.040306,0.0,0.0,0.0,0.079316,0.0,0.0,0.0,0.0,0.074393,0.0,0.015144,0.054936,0.0,0.0,0.0,0.0,0.076456,0.0,0.0,0.0,0.019512,0.0,0.028401,0.029401,0.010162,0.073015,0.080232,0.0,0.0,0.078667,0.0,0.0,0.03673,0.050676,0.050517,0.035605,0.077172,0.0,0.004672
2021-11-12,0.048717,0.0,0.036373,0.040214,0.0,0.0,0.0,0.079942,0.0,0.0,0.0,0.0,0.074247,0.0,0.015044,0.054583,0.0,0.0,0.0,0.0,0.076512,0.0,0.0,0.0,0.019666,0.0,0.028754,0.029696,0.010274,0.072655,0.079845,0.0,0.0,0.078936,0.0,0.0,0.036652,0.050455,0.050322,0.035418,0.077044,0.0,0.004652
2021-11-15,0.048967,0.0,0.036434,0.040472,0.0,0.0,0.0,0.07991,0.0,0.0,0.0,0.0,0.074436,0.0,0.015208,0.055094,0.0,0.0,0.0,0.0,0.076231,0.0,0.0,0.0,0.019696,0.0,0.028672,0.02931,0.010191,0.073351,0.077926,0.0,0.0,0.079578,0.0,0.0,0.036601,0.050591,0.050392,0.035238,0.077036,0.0,0.004664
2021-11-16,0.049077,0.0,0.036395,0.04067,0.0,0.0,0.0,0.079397,0.0,0.0,0.0,0.0,0.074429,0.0,0.015245,0.054843,0.0,0.0,0.0,0.0,0.076621,0.0,0.0,0.0,0.019922,0.0,0.029025,0.029687,0.010243,0.072932,0.077386,0.0,0.0,0.07969,0.0,0.0,0.036602,0.050564,0.050461,0.035211,0.07693,0.0,0.004668
2021-11-17,0.048998,0.0,0.036319,0.040521,0.0,0.0,0.0,0.079357,0.0,0.0,0.0,0.0,0.073729,0.0,0.015043,0.053005,0.0,0.0,0.0,0.0,0.07689,0.0,0.0,0.0,0.019903,0.0,0.028839,0.029541,0.010237,0.07331,0.078117,0.0,0.0,0.08082,0.0,0.0,0.03681,0.05077,0.050514,0.035426,0.077174,0.0,0.004678
2021-11-18,0.049084,0.0,0.036464,0.04041,0.0,0.0,0.0,0.078914,0.0,0.0,0.0,0.0,0.07346,0.0,0.014975,0.053193,0.0,0.0,0.0,0.0,0.077027,0.0,0.0,0.0,0.02013,0.0,0.028614,0.029396,0.010324,0.073427,0.077984,0.0,0.0,0.080572,0.0,0.0,0.036884,0.050873,0.050544,0.035557,0.077482,0.0,0.004685
2021-11-19,0.049301,0.0,0.036691,0.040519,0.0,0.0,0.0,0.078896,0.0,0.0,0.0,0.0,0.072965,0.0,0.014451,0.05075,0.0,0.0,0.0,0.0,0.076883,0.0,0.0,0.0,0.020362,0.0,0.028828,0.029263,0.010349,0.073301,0.079146,0.0,0.0,0.081113,0.0,0.0,0.03714,0.050993,0.050716,0.035841,0.077786,0.0,0.004704
2021-11-22,0.049434,0.0,0.036592,0.040753,0.0,0.0,0.0,0.077591,0.0,0.0,0.0,0.0,0.074177,0.0,0.014744,0.051679,0.0,0.0,0.0,0.0,0.076725,0.0,0.0,0.0,0.020185,0.0,0.028083,0.028498,0.010144,0.073119,0.080778,0.0,0.0,0.081678,0.0,0.0,0.036959,0.050707,0.050647,0.035617,0.077173,0.0,0.004715
2021-11-23,0.048791,0.0,0.036589,0.040026,0.0,0.0,0.0,0.078483,0.0,0.0,0.0,0.0,0.075246,0.0,0.015178,0.053694,0.0,0.0,0.0,0.0,0.076712,0.0,0.0,0.0,0.020113,0.0,0.027612,0.028099,0.010007,0.07362,0.079295,0.0,0.0,0.082185,0.0,0.0,0.036762,0.050449,0.050515,0.035319,0.076594,0.0,0.00471
2021-11-24,0.048784,0.0,0.03608,0.04024,0.0,0.0,0.0,0.077361,0.0,0.0,0.0,0.0,0.074948,0.0,0.0153,0.054305,0.0,0.0,0.0,0.0,0.076551,0.0,0.0,0.0,0.020225,0.0,0.027691,0.02842,0.010044,0.074383,0.079369,0.0,0.0,0.081841,0.0,0.0,0.036811,0.050518,0.050416,0.035428,0.076583,0.0,0.004702
2021-11-25,0.048977,0.0,0.036068,0.040371,0.0,0.0,0.0,0.077334,0.0,0.0,0.0,0.0,0.074922,0.0,0.015294,0.054286,0.0,0.0,0.0,0.0,0.076524,0.0,0.0,0.0,0.020218,0.0,0.027681,0.02841,0.01004,0.074357,0.07934,0.0,0.0,0.081812,0.0,0.0,0.036798,0.0505,0.050398,0.035415,0.076556,0.0,0.0047
2021-11-26,0.048716,0.0,0.035828,0.03934,0.0,0.0,0.0,0.076555,0.0,0.0,0.0,0.0,0.073912,0.0,0.014978,0.051755,0.0,0.0,0.0,0.0,0.077793,0.0,0.0,0.0,0.020114,0.0,0.027974,0.028551,0.01,0.07376,0.0791,0.0,0.0,0.082283,0.0,0.0,0.038032,0.051784,0.051054,0.03643,0.077245,0.0,0.004796
2021-11-29,0.048801,0.0,0.035711,0.039462,0.0,0.0,0.0,0.076428,0.0,0.0,0.0,0.0,0.073689,0.0,0.014972,0.052081,0.0,0.0,0.0,0.0,0.07753,0.0,0.0,0.0,0.020492,0.0,0.028359,0.028752,0.010089,0.073855,0.080378,0.0,0.0,0.08084,0.0,0.0,0.037716,0.05135,0.051058,0.036233,0.077437,0.0,0.004766
2021-11-30,0.059616,0.023814,0.0,0.029814,0.0,0.0,0.0,0.115761,0.0,0.0,0.115947,0.0,0.052143,0.023196,0.050579,0.07943,0.0,0.0,0.0,0.0,0.055798,0.0,0.0,0.0,0.036566,0.014305,0.036065,0.03628,0.0,0.115964,0.115547,0.0,0.0,0.023836,0.0,0.0,0.0,0.0,0.0,0.0,0.0,0.0,0.01534
2021-12-01,0.061332,0.023983,0.0,0.030597,0.0,0.0,0.0,0.117438,0.0,0.0,0.115333,0.0,0.052236,0.023208,0.050692,0.077273,0.0,0.0,0.0,0.0,0.056422,0.0,0.0,0.0,0.036534,0.014375,0.034978,0.035446,0.0,0.115533,0.114971,0.0,0.0,0.024108,0.0,0.0,0.0,0.0,0.0,0.0,0.0,0.0,0.015541
2021-12-02,0.059251,0.023888,0.0,0.029561,0.0,0.0,0.0,0.117997,0.0,0.0,0.115185,0.0,0.052971,0.023637,0.051367,0.078555,0.0,0.0,0.0,0.0,0.055829,0.0,0.0,0.0,0.036305,0.014176,0.035033,0.03579,0.0,0.117178,0.113831,0.0,0.0,0.024144,0.0,0.0,0.0,0.0,0.0,0.0,0.0,0.0,0.015302
2021-12-03,0.059885,0.02405,0.0,0.029923,0.0,0.0,0.0,0.117661,0.0,0.0,0.114582,0.0,0.052863,0.023385,0.051699,0.078513,0.0,0.0,0.0,0.0,0.056742,0.0,0.0,0.0,0.036215,0.014345,0.034344,0.035374,0.0,0.11848,0.111821,0.0,0.0,0.024593,0.0,0.0,0.0,0.0,0.0,0.0,0.0,0.0,0.015524
2021-12-06,0.059986,0.024138,0.0,0.030018,0.0,0.0,0.0,0.115293,0.0,0.0,0.114979,0.0,0.053247,0.023787,0.052055,0.080287,0.0,0.0,0.0,0.0,0.056616,0.0,0.0,0.0,0.036272,0.014214,0.034116,0.034899,0.0,0.119611,0.110605,0.0,0.0,0.024474,0.0,0.0,0.0,0.0,0.0,0.0,0.0,0.0,0.015401
2021-12-07,0.060129,0.024128,0.0,0.030343,0.0,0.0,0.0,0.114994,0.0,0.0,0.115277,0.0,0.0531,0.023394,0.052194,0.081821,0.0,0.0,0.0,0.0,0.056184,0.0,0.0,0.0,0.036778,0.014628,0.0347,0.035376,0.0,0.118875,0.109036,0.0,0.0,0.023954,0.0,0.0,0.0,0.0,0.0,0.0,0.0,0.0,0.015087
2021-12-08,0.059747,0.02406,0.0,0.029901,0.0,0.0,0.0,0.115372,0.0,0.0,0.114847,0.0,0.052488,0.023206,0.05186,0.081463,0.0,0.0,0.0,0.0,0.056254,0.0,0.0,0.0,0.036716,0.014443,0.034816,0.035347,0.0,0.118984,0.111685,0.0,0.0,0.023817,0.0,0.0,0.0,0.0,0.0,0.0,0.0,0.0,0.014994
2021-12-09,0.060413,0.024129,0.0,0.030148,0.0,0.0,0.0,0.116501,0.0,0.0,0.114243,0.0,0.053024,0.02329,0.052094,0.080987,0.0,0.0,0.0,0.0,0.057077,0.0,0.0,0.0,0.036766,0.014284,0.034445,0.035103,0.0,0.118705,0.109639,0.0,0.0,0.023976,0.0,0.0,0.0,0.0,0.0,0.0,0.0,0.0,0.015177
2021-12-10,0.059861,0.024042,0.0,0.029622,0.0,0.0,0.0,0.116261,0.0,0.0,0.114354,0.0,0.052761,0.023202,0.052165,0.081474,0.0,0.0,0.0,0.0,0.056935,0.0,0.0,0.0,0.03728,0.014333,0.034716,0.035107,0.0,0.118359,0.110561,0.0,0.0,0.023881,0.0,0.0,0.0,0.0,0.0,0.0,0.0,0.0,0.015086
2021-12-13,0.060517,0.024129,0.0,0.029788,0.0,0.0,0.0,0.1157,0.0,0.0,0.113003,0.0,0.052941,0.022978,0.051442,0.078922,0.0,0.0,0.0,0.0,0.058295,0.0,0.0,0.0,0.037251,0.014151,0.035132,0.035791,0.0,0.121181,0.109193,0.0,0.0,0.024284,0.0,0.0,0.0,0.0,0.0,0.0,0.0,0.0,0.015302
2021-12-14,0.060392,0.024187,0.0,0.030007,0.0,0.0,0.0,0.116716,0.0,0.0,0.113333,0.0,0.053724,0.023358,0.05168,0.078203,0.0,0.0,0.0,0.0,0.058569,0.0,0.0,0.0,0.036961,0.014206,0.034274,0.035274,0.0,0.120681,0.108502,0.0,0.0,0.024497,0.0,0.0,0.0,0.0,0.0,0.0,0.0,0.0,0.015436
2021-12-15,0.059856,0.024308,0.0,0.029438,0.0,0.0,0.0,0.11545,0.0,0.0,0.113832,0.0,0.053435,0.023292,0.051007,0.077872,0.0,0.0,0.0,0.0,0.059279,0.0,0.0,0.0,0.03763,0.014607,0.034849,0.036019,0.0,0.121374,0.108258,0.0,0.0,0.024186,0.0,0.0,0.0,0.0,0.0,0.0,0.0,0.0,0.015309
2021-12-16,0.0613,0.024454,0.0,0.030112,0.0,0.0,0.0,0.115851,0.0,0.0,0.111855,0.0,0.054368,0.023483,0.051578,0.077503,0.0,0.0,0.0,0.0,0.059918,0.0,0.0,0.0,0.03674,0.014037,0.033917,0.035751,0.0,0.121916,0.107459,0.0,0.0,0.024377,0.0,0.0,0.0,0.0,0.0,0.0,0.0,0.0,0.015382
2021-12-17,0.061145,0.024301,0.0,0.030205,0.0,0.0,0.0,0.115208,0.0,0.0,0.112033,0.0,0.053619,0.023131,0.050956,0.077227,0.0,0.0,0.0,0.0,0.060004,0.0,0.0,0.0,0.036803,0.014123,0.034354,0.036436,0.0,0.122794,0.107766,0.0,0.0,0.024384,0.0,0.0,0.0,0.0,0.0,0.0,0.0,0.0,0.015512
2021-12-20,0.060945,0.024762,0.0,0.029856,0.0,0.0,0.0,0.116335,0.0,0.0,0.112196,0.0,0.053518,0.023105,0.051224,0.076774,0.0,0.0,0.0,0.0,0.060707,0.0,0.0,0.0,0.037016,0.014263,0.034413,0.036705,0.0,0.124017,0.103846,0.0,0.0,0.024529,0.0,0.0,0.0,0.0,0.0,0.0,0.0,0.0,0.015791
2021-12-21,0.060617,0.024587,0.0,0.030133,0.0,0.0,0.0,0.115332,0.0,0.0,0.112843,0.0,0.053554,0.023355,0.051649,0.078818,0.0,0.0,0.0,0.0,0.059764,0.0,0.0,0.0,0.037208,0.014487,0.034669,0.036931,0.0,0.122954,0.103175,0.0,0.0,0.024445,0.0,0.0,0.0,0.0,0.0,0.0,0.0,0.0,0.01548
2021-12-22,0.060886,0.024611,0.0,0.030066,0.0,0.0,0.0,0.115692,0.0,0.0,0.113611,0.0,0.053201,0.023283,0.051397,0.078383,0.0,0.0,0.0,0.0,0.059782,0.0,0.0,0.0,0.037271,0.014473,0.034479,0.036594,0.0,0.12282,0.103691,0.0,0.0,0.024453,0.0,0.0,0.0,0.0,0.0,0.0,0.0,0.0,0.015306
2021-12-23,0.06108,0.024637,0.0,0.030322,0.0,0.0,0.0,0.1159,0.0,0.0,0.114524,0.0,0.053168,0.023348,0.051129,0.077639,0.0,0.0,0.0,0.0,0.059682,0.0,0.0,0.0,0.037263,0.014529,0.034509,0.036663,0.0,0.121984,0.104056,0.0,0.0,0.024349,0.0,0.0,0.0,0.0,0.0,0.0,0.0,0.0,0.015219
2021-12-24,0.061157,0.024635,0.0,0.030319,0.0,0.0,0.0,0.11589,0.0,0.0,0.114515,0.0,0.053164,0.023346,0.051125,0.077632,0.0,0.0,0.0,0.0,0.059677,0.0,0.0,0.0,0.03726,0.014528,0.034506,0.03666,0.0,0.121974,0.104047,0.0,0.0,0.024347,0.0,0.0,0.0,0.0,0.0,0.0,0.0,0.0,0.015217
2021-12-27,0.060489,0.024632,0.0,0.03002,0.0,0.0,0.0,0.115284,0.0,0.0,0.114367,0.0,0.053125,0.023386,0.051672,0.07989,0.0,0.0,0.0,0.0,0.059648,0.0,0.0,0.0,0.037643,0.014763,0.034565,0.03675,0.0,0.122689,0.101922,0.0,0.0,0.024105,0.0,0.0,0.0,0.0,0.0,0.0,0.0,0.0,0.01505
2021-12-28,0.06047,0.024636,0.0,0.030251,0.0,0.0,0.0,0.115579,0.0,0.0,0.114382,0.0,0.053136,0.023387,0.051619,0.079174,0.0,0.0,0.0,0.0,0.059473,0.0,0.0,0.0,0.037436,0.014596,0.034194,0.036725,0.0,0.123103,0.102915,0.0,0.0,0.02388,0.0,0.0,0.0,0.0,0.0,0.0,0.0,0.0,0.015045
2021-12-29,0.060883,0.024622,0.0,0.030043,0.0,0.0,0.0,0.116065,0.0,0.0,0.114363,0.0,0.052953,0.023362,0.051177,0.078682,0.0,0.0,0.0,0.0,0.059683,0.0,0.0,0.0,0.037387,0.014586,0.034073,0.036645,0.0,0.123664,0.102742,0.0,0.0,0.024058,0.0,0.0,0.0,0.0,0.0,0.0,0.0,0.0,0.015013
2021-12-30,0.061126,0.024557,0.0,0.030119,0.0,0.0,0.0,0.116292,0.0,0.0,0.1141,0.0,0.052928,0.023282,0.050931,0.077305,0.0,0.0,0.0,0.0,0.059883,0.0,0.0,0.0,0.037189,0.01444,0.034198,0.036721,0.0,0.124362,0.103617,0.0,0.0,0.02392,0.0,0.0,0.0,0.0,0.0,0.0,0.0,0.0,0.015031
2021-12-31,0.03878,0.0,0.0,0.0,0.0,0.0,0.0,0.05068,0.048004,0.0,0.087587,0.0,0.054442,0.036649,0.050838,0.0,0.0,0.0,0.0,0.078054,0.049795,0.0,0.0,0.0,0.035927,0.036067,0.0,0.025755,0.0,0.029047,0.087536,0.0,0.0,0.08798,0.0,0.032426,0.032662,0.03293,0.051238,0.046843,0.0,0.0,0.00676
2022-01-03,0.03863,0.0,0.0,0.0,0.0,0.0,0.0,0.051298,0.04822,0.0,0.089752,0.0,0.054898,0.037229,0.05221,0.0,0.0,0.0,0.0,0.07566,0.049092,0.0,0.0,0.0,0.036127,0.036641,0.0,0.025305,0.0,0.028707,0.088735,0.0,0.0,0.087284,0.0,0.031452,0.032233,0.032614,0.051016,0.046165,0.0,0.0,0.006733
2022-01-04,0.038677,0.0,0.0,0.0,0.0,0.0,0.0,0.051334,0.048487,0.0,0.088906,0.0,0.056153,0.038104,0.053835,0.0,0.0,0.0,0.0,0.076275,0.048281,0.0,0.0,0.0,0.035624,0.036406,0.0,0.024615,0.0,0.028576,0.087984,0.0,0.0,0.087566,0.0,0.031216,0.032108,0.032381,0.050715,0.046048,0.0,0.0,0.006711
2022-01-05,0.039294,0.0,0.0,0.0,0.0,0.0,0.0,0.052076,0.048683,0.0,0.087907,0.0,0.056401,0.03843,0.054697,0.0,0.0,0.0,0.0,0.075658,0.048713,0.0,0.0,0.0,0.035088,0.035739,0.0,0.02427,0.0,0.028207,0.085194,0.0,0.0,0.088489,0.0,0.031549,0.03249,0.032637,0.051139,0.046519,0.0,0.0,0.006819
2022-01-06,0.038584,0.0,0.0,0.0,0.0,0.0,0.0,0.052107,0.048656,0.0,0.087617,0.0,0.057191,0.03971,0.055878,0.0,0.0,0.0,0.0,0.074799,0.048116,0.0,0.0,0.0,0.034886,0.035991,0.0,0.024357,0.0,0.028213,0.084737,0.0,0.0,0.088338,0.0,0.031609,0.032387,0.032473,0.051109,0.046426,0.0,0.0,0.006815
2022-01-07,0.038646,0.0,0.0,0.0,0.0,0.0,0.0,0.052806,0.048305,0.0,0.086609,0.0,0.058168,0.040354,0.056941,0.0,0.0,0.0,0.0,0.071785,0.048121,0.0,0.0,0.0,0.034746,0.03513,0.0,0.024365,0.0,0.028173,0.085118,0.0,0.0,0.089568,0.0,0.031546,0.03245,0.032605,0.051245,0.046469,0.0,0.0,0.006851
2022-01-10,0.038187,0.0,0.0,0.0,0.0,0.0,0.0,0.05315,0.048524,0.0,0.086273,0.0,0.058101,0.040445,0.056893,0.0,0.0,0.0,0.0,0.072215,0.048725,0.0,0.0,0.0,0.034831,0.035223,0.0,0.024624,0.0,0.028074,0.083963,0.0,0.0,0.089046,0.0,0.031695,0.032515,0.03272,0.051403,0.046531,0.0,0.0,0.006865
2022-01-11,0.03829,0.0,0.0,0.0,0.0,0.0,0.0,0.053408,0.048491,0.0,0.08602,0.0,0.057881,0.040177,0.058096,0.0,0.0,0.0,0.0,0.072797,0.048501,0.0,0.0,0.0,0.03481,0.035438,0.0,0.024713,0.0,0.027767,0.085038,0.0,0.0,0.088473,0.0,0.031509,0.032187,0.032537,0.050999,0.046089,0.0,0.0,0.006779
2022-01-12,0.038487,0.0,0.0,0.0,0.0,0.0,0.0,0.053503,0.048502,0.0,0.086133,0.0,0.05762,0.040074,0.057901,0.0,0.0,0.0,0.0,0.072482,0.04811,0.0,0.0,0.0,0.03479,0.035511,0.0,0.024404,0.0,0.027654,0.087996,0.0,0.0,0.088054,0.0,0.031223,0.032024,0.032158,0.050814,0.045816,0.0,0.0,0.006744
2022-01-13,0.038784,0.0,0.0,0.0,0.0,0.0,0.0,0.053663,0.049037,0.0,0.085004,0.0,0.057806,0.040528,0.058019,0.0,0.0,0.0,0.0,0.073737,0.0477,0.0,0.0,0.0,0.034131,0.03493,0.0,0.023774,0.0,0.027796,0.086352,0.0,0.0,0.08819,0.0,0.031726,0.032355,0.032395,0.050993,0.046289,0.0,0.0,0.006792
2022-01-14,0.038132,0.0,0.0,0.0,0.0,0.0,0.0,0.053391,0.048855,0.0,0.08467,0.0,0.057246,0.040808,0.059425,0.0,0.0,0.0,0.0,0.072598,0.047653,0.0,0.0,0.0,0.034445,0.035792,0.0,0.023899,0.0,0.027564,0.086801,0.0,0.0,0.08933,0.0,0.031269,0.032156,0.032273,0.050983,0.045914,0.0,0.0,0.006796
2022-01-17,0.038366,0.0,0.0,0.0,0.0,0.0,0.0,0.053378,0.048843,0.0,0.084649,0.0,0.057232,0.040798,0.059411,0.0,0.0,0.0,0.0,0.07258,0.047642,0.0,0.0,0.0,0.034436,0.035784,0.0,0.023893,0.0,0.027558,0.08678,0.0,0.0,0.089308,0.0,0.031261,0.032148,0.032265,0.05097,0.045903,0.0,0.0,0.006795
2022-01-18,0.038257,0.0,0.0,0.0,0.0,0.0,0.0,0.053489,0.049,0.0,0.084238,0.0,0.056759,0.040568,0.060505,0.0,0.0,0.0,0.0,0.070664,0.047647,0.0,0.0,0.0,0.034091,0.034674,0.0,0.023808,0.0,0.027659,0.087305,0.0,0.0,0.090679,0.0,0.031263,0.032363,0.032572,0.051449,0.046117,0.0,0.0,0.006892
2022-01-19,0.038506,0.0,0.0,0.0,0.0,0.0,0.0,0.053576,0.049378,0.0,0.083468,0.0,0.056312,0.039795,0.060611,0.0,0.0,0.0,0.0,0.069484,0.047883,0.0,0.0,0.0,0.03392,0.03396,0.0,0.023999,0.0,0.027534,0.085783,0.0,0.0,0.09306,0.0,0.031765,0.032735,0.032799,0.051867,0.046609,0.0,0.0,0.006955
2022-01-20,0.039086,0.0,0.0,0.0,0.0,0.0,0.0,0.053532,0.04937,0.0,0.082616,0.0,0.056411,0.039193,0.060546,0.0,0.0,0.0,0.0,0.068411,0.047959,0.0,0.0,0.0,0.033756,0.033163,0.0,0.024134,0.0,0.027403,0.086214,0.0,0.0,0.093636,0.0,0.032222,0.033074,0.033107,0.052193,0.046964,0.0,0.0,0.007011
2022-01-21,0.038676,0.0,0.0,0.0,0.0,0.0,0.0,0.053351,0.04894,0.0,0.081193,0.0,0.055942,0.038892,0.060088,0.0,0.0,0.0,0.0,0.068473,0.048066,0.0,0.0,0.0,0.033497,0.033018,0.0,0.023841,0.0,0.027676,0.08583,0.0,0.0,0.094288,0.0,0.033012,0.03368,0.033728,0.05285,0.047861,0.0,0.0,0.007099
2022-01-24,0.036927,0.0,0.0,0.0,0.0,0.0,0.0,0.051701,0.049093,0.0,0.08202,0.0,0.056001,0.039229,0.060382,0.0,0.0,0.0,0.0,0.070944,0.04782,0.0,0.0,0.0,0.033609,0.033334,0.0,0.024196,0.0,0.027678,0.085663,0.0,0.0,0.093977,0.0,0.032682,0.033589,0.033744,0.052698,0.047626,0.0,0.0,0.007086
2022-01-25,0.037396,0.0,0.0,0.0,0.0,0.0,0.0,0.052465,0.048839,0.0,0.080988,0.0,0.056484,0.039488,0.063003,0.0,0.0,0.0,0.0,0.069889,0.047722,0.0,0.0,0.0,0.032977,0.032232,0.0,0.023404,0.0,0.02769,0.084764,0.0,0.0,0.094767,0.0,0.032773,0.033692,0.033834,0.052776,0.047702,0.0,0.0,0.007117
2022-01-26,0.038362,0.0,0.0,0.0,0.0,0.0,0.0,0.052081,0.048712,0.0,0.080977,0.0,0.056898,0.039411,0.063194,0.0,0.0,0.0,0.0,0.067988,0.047697,0.0,0.0,0.0,0.033327,0.032882,0.0,0.023231,0.0,0.027386,0.085263,0.0,0.0,0.095073,0.0,0.03253,0.033611,0.033778,0.052845,0.047602,0.0,0.0,0.007151
2022-01-27,0.038524,0.0,0.0,0.0,0.0,0.0,0.0,0.052353,0.04819,0.0,0.079893,0.0,0.057009,0.039009,0.064592,0.0,0.0,0.0,0.0,0.067727,0.048352,0.0,0.0,0.0,0.033466,0.031768,0.0,0.02328,0.0,0.027233,0.082984,0.0,0.0,0.095035,0.0,0.033495,0.034128,0.034293,0.053199,0.048241,0.0,0.0,0.00723
2022-01-28,0.037765,0.0,0.0,0.0,0.0,0.0,0.0,0.052428,0.047878,0.0,0.080784,0.0,0.057153,0.038816,0.063648,0.0,0.0,0.0,0.0,0.068626,0.048825,0.0,0.0,0.0,0.034565,0.032039,0.0,0.023575,0.0,0.027821,0.082098,0.0,0.0,0.095176,0.0,0.033158,0.03385,0.034055,0.052795,0.047791,0.0,0.0,0.007154
2022-01-31,0.027682,0.0,0.0,0.0,0.0,0.0,0.0,0.058614,0.037619,0.0,0.029391,0.0,0.035599,0.025168,0.023376,0.0,0.0,0.0272,0.075506,0.032135,0.085967,0.0,0.085631,0.078949,0.044359,0.032064,0.0,0.019201,0.0,0.075932,0.034627,0.0,0.0,0.086027,0.0,0.0,0.0,0.080361,0.0,0.0,0.0,0.0,0.00459
2022-02-01,0.027886,0.0,0.0,0.0,0.0,0.0,0.0,0.058342,0.037572,0.0,0.029419,0.0,0.035908,0.025423,0.024087,0.0,0.0,0.028064,0.07628,0.032072,0.085759,0.0,0.085119,0.077506,0.044249,0.032167,0.0,0.019103,0.0,0.075277,0.034988,0.0,0.0,0.086778,0.0,0.0,0.0,0.079433,0.0,0.0,0.0,0.0,0.004568
2022-02-02,0.027908,0.0,0.0,0.0,0.0,0.0,0.0,0.0583,0.037469,0.0,0.029052,0.0,0.035915,0.025192,0.024006,0.0,0.0,0.027999,0.076017,0.032284,0.086341,0.0,0.085573,0.078134,0.044316,0.032763,0.0,0.018914,0.0,0.075736,0.034549,0.0,0.0,0.085997,0.0,0.0,0.0,0.079,0.0,0.0,0.0,0.0,0.004537
2022-02-03,0.028047,0.0,0.0,0.0,0.0,0.0,0.0,0.058172,0.03744,0.0,0.02849,0.0,0.035931,0.025325,0.024054,0.0,0.0,0.027712,0.075559,0.031922,0.08697,0.0,0.086589,0.078688,0.043529,0.031701,0.0,0.018756,0.0,0.075801,0.034189,0.0,0.0,0.087123,0.0,0.0,0.0,0.079413,0.0,0.0,0.0,0.0,0.00459
2022-02-04,0.027877,0.0,0.0,0.0,0.0,0.0,0.0,0.058113,0.037462,0.0,0.029367,0.0,0.036626,0.025837,0.024486,0.0,0.0,0.02753,0.074478,0.030864,0.086855,0.0,0.085726,0.07824,0.043805,0.031956,0.0,0.019142,0.0,0.075223,0.034759,0.0,0.0,0.087921,0.0,0.0,0.0,0.079136,0.0,0.0,0.0,0.0,0.0046
2022-02-07,0.028031,0.0,0.0,0.0,0.0,0.0,0.0,0.057549,0.037632,0.0,0.029313,0.0,0.036743,0.025993,0.024804,0.0,0.0,0.027575,0.074126,0.031011,0.086722,0.0,0.085902,0.078142,0.043523,0.031944,0.0,0.019125,0.0,0.07513,0.034691,0.0,0.0,0.088323,0.0,0.0,0.0,0.07912,0.0,0.0,0.0,0.0,0.004602
2022-02-08,0.027917,0.0,0.0,0.0,0.0,0.0,0.0,0.057404,0.037785,0.0,0.029545,0.0,0.037028,0.026496,0.024123,0.0,0.0,0.027819,0.074816,0.031386,0.086901,0.0,0.085706,0.077725,0.043794,0.032553,0.0,0.019222,0.0,0.074326,0.033917,0.0,0.0,0.088425,0.0,0.0,0.0,0.078539,0.0,0.0,0.0,0.0,0.004573
2022-02-09,0.028011,0.0,0.0,0.0,0.0,0.0,0.0,0.057426,0.037785,0.0,0.029561,0.0,0.036797,0.025988,0.02402,0.0,0.0,0.027978,0.075488,0.031646,0.086475,0.0,0.084654,0.077087,0.044204,0.0332,0.0,0.019471,0.0,0.075054,0.034153,0.0,0.0,0.088783,0.0,0.0,0.0,0.077704,0.0,0.0,0.0,0.0,0.004516
2022-02-10,0.028361,0.0,0.0,0.0,0.0,0.0,0.0,0.057479,0.038167,0.0,0.029478,0.0,0.037011,0.02632,0.024221,0.0,0.0,0.02787,0.076152,0.03088,0.086373,0.0,0.084976,0.07624,0.043681,0.032638,0.0,0.019625,0.0,0.074359,0.033922,0.0,0.0,0.08945,0.0,0.0,0.0,0.078217,0.0,0.0,0.0,0.0,0.004581
2022-02-11,0.028271,0.0,0.0,0.0,0.0,0.0,0.0,0.056951,0.038175,0.0,0.02894,0.0,0.036886,0.026438,0.025194,0.0,0.0,0.027421,0.075782,0.030823,0.086095,0.0,0.085585,0.077108,0.042803,0.031311,0.0,0.019257,0.0,0.074476,0.033368,0.0,0.0,0.090716,0.0,0.0,0.0,0.079768,0.0,0.0,0.0,0.0,0.004631
2022-02-14,0.027974,0.0,0.0,0.0,0.0,0.0,0.0,0.056339,0.038046,0.0,0.029303,0.0,0.03672,0.026385,0.024767,0.0,0.0,0.027699,0.07567,0.030935,0.085795,0.0,0.085927,0.076972,0.04308,0.031554,0.0,0.019387,0.0,0.0743,0.033402,0.0,0.0,0.090986,0.0,0.0,0.0,0.080096,0.0,0.0,0.0,0.0,0.004663
2022-02-15,0.027967,0.0,0.0,0.0,0.0,0.0,0.0,0.057567,0.038211,0.0,0.029575,0.0,0.036744,0.026695,0.024195,0.0,0.0,0.028055,0.076076,0.031078,0.085651,0.0,0.084976,0.075634,0.043648,0.032869,0.0,0.019672,0.0,0.07401,0.034546,0.0,0.0,0.089482,0.0,0.0,0.0,0.078747,0.0,0.0,0.0,0.0,0.004603
2022-02-16,0.027795,0.0,0.0,0.0,0.0,0.0,0.0,0.057437,0.038412,0.0,0.029586,0.0,0.03668,0.026697,0.02433,0.0,0.0,0.028092,0.076441,0.031188,0.08557,0.0,0.084922,0.075618,0.043496,0.032798,0.0,0.019373,0.0,0.074169,0.034584,0.0,0.0,0.089516,0.0,0.0,0.0,0.078705,0.0,0.0,0.0,0.0,0.004591
2022-02-17,0.027996,0.0,0.0,0.0,0.0,0.0,0.0,0.057674,0.038298,0.0,0.029127,0.0,0.036182,0.026159,0.024571,0.0,0.0,0.027917,0.076003,0.030715,0.085166,0.0,0.086565,0.076538,0.042682,0.031932,0.0,0.01904,0.0,0.074231,0.033913,0.0,0.0,0.090852,0.0,0.0,0.0,0.079795,0.0,0.0,0.0,0.0,0.004644
2022-02-18,0.027683,0.0,0.0,0.0,0.0,0.0,0.0,0.057869,0.038534,0.0,0.029045,0.0,0.036295,0.026248,0.024503,0.0,0.0,0.027855,0.076134,0.030879,0.084817,0.0,0.087019,0.076658,0.042393,0.031682,0.0,0.018815,0.0,0.074032,0.033516,0.0,0.0,0.09103,0.0,0.0,0.0,0.080331,0.0,0.0,0.0,0.0,0.00466
2022-02-21,0.027384,0.0,0.0,0.0,0.0,0.0,0.0,0.057887,0.038546,0.0,0.029054,0.0,0.036307,0.026256,0.024511,0.0,0.0,0.027864,0.076158,0.030888,0.084843,0.0,0.087046,0.076682,0.042406,0.031692,0.0,0.018821,0.0,0.074055,0.033527,0.0,0.0,0.091058,0.0,0.0,0.0,0.080355,0.0,0.0,0.0,0.0,0.004661
2022-02-22,0.027616,0.0,0.0,0.0,0.0,0.0,0.0,0.057894,0.038318,0.0,0.028369,0.0,0.03633,0.026206,0.024254,0.0,0.0,0.027556,0.075509,0.029909,0.085118,0.0,0.086868,0.077042,0.042256,0.03168,0.0,0.018835,0.0,0.074212,0.033168,0.0,0.0,0.093106,0.0,0.0,0.0,0.081066,0.0,0.0,0.0,0.0,0.004688
2022-02-23,0.027663,0.0,0.0,0.0,0.0,0.0,0.0,0.057903,0.038533,0.0,0.027725,0.0,0.036092,0.026062,0.024775,0.0,0.0,0.027314,0.075368,0.029249,0.085628,0.0,0.087121,0.076578,0.041655,0.031268,0.0,0.018658,0.0,0.073794,0.033664,0.0,0.0,0.094183,0.0,0.0,0.0,0.082024,0.0,0.0,0.0,0.0,0.00474
2022-02-24,0.026872,0.0,0.0,0.0,0.0,0.0,0.0,0.056208,0.037797,0.0,0.028296,0.0,0.035581,0.025576,0.024527,0.0,0.0,0.027617,0.074981,0.030183,0.085784,0.0,0.085431,0.07702,0.042983,0.032341,0.0,0.019913,0.0,0.074869,0.033626,0.0,0.0,0.093492,0.0,0.0,0.0,0.082178,0.0,0.0,0.0,0.0,0.004726
2022-02-25,0.027397,0.0,0.0,0.0,0.0,0.0,0.0,0.056897,0.037502,0.0,0.02827,0.0,0.03598,0.026127,0.024662,0.0,0.0,0.027637,0.076137,0.030621,0.086612,0.0,0.08639,0.07779,0.042681,0.032211,0.0,0.01978,0.0,0.075115,0.034113,0.0,0.0,0.089009,0.0,0.0,0.0,0.080436,0.0,0.0,0.0,0.0,0.004633
2022-02-28,0.0,0.0,0.0,0.0,0.0,0.0,0.0,0.041709,0.057415,0.0,0.021662,0.0,0.04114,0.034136,0.067245,0.03195,0.0,0.0,0.0,0.0,0.054384,0.0,0.088151,0.056811,0.043145,0.0,0.0,0.022142,0.0,0.033237,0.0,0.03871,0.0,0.088443,0.0,0.0,0.044876,0.054028,0.065279,0.033485,0.075401,0.0,0.006654
2022-03-01,0.0,0.0,0.0,0.0,0.0,0.0,0.0,0.04076,0.057339,0.0,0.021406,0.0,0.039758,0.032533,0.068151,0.032703,0.0,0.0,0.0,0.0,0.054266,0.0,0.08793,0.056509,0.042426,0.0,0.0,0.022333,0.0,0.033174,0.0,0.039546,0.0,0.090905,0.0,0.0,0.045466,0.054599,0.065317,0.033713,0.07449,0.0,0.006677
2022-03-02,0.0,0.0,0.0,0.0,0.0,0.0,0.0,0.041056,0.057564,0.0,0.021669,0.0,0.040438,0.033605,0.069114,0.033035,0.0,0.0,0.0,0.0,0.054614,0.0,0.088104,0.056708,0.042974,0.0,0.0,0.022401,0.0,0.033506,0.0,0.0388,0.0,0.090086,0.0,0.0,0.0444,0.053781,0.064915,0.032917,0.073694,0.0,0.00662
2022-03-03,0.0,0.0,0.0,0.0,0.0,0.0,0.0,0.040261,0.056815,0.0,0.021159,0.0,0.040274,0.033347,0.069241,0.032668,0.0,0.0,0.0,0.0,0.054843,0.0,0.088738,0.057654,0.042423,0.0,0.0,0.021999,0.0,0.03375,0.0,0.038996,0.0,0.092021,0.0,0.0,0.044551,0.053669,0.064661,0.033007,0.073309,0.0,0.006614
2022-03-04,0.0,0.0,0.0,0.0,0.0,0.0,0.0,0.039363,0.055827,0.0,0.020844,0.0,0.03956,0.032157,0.071311,0.03399,0.0,0.0,0.0,0.0,0.055173,0.0,0.088839,0.058986,0.041722,0.0,0.0,0.021837,0.0,0.033939,0.0,0.039657,0.0,0.091819,0.0,0.0,0.045039,0.054134,0.064306,0.033073,0.071805,0.0,0.006619
2022-03-07,0.0,0.0,0.0,0.0,0.0,0.0,0.0,0.038508,0.053601,0.0,0.020029,0.0,0.038512,0.031123,0.073118,0.034542,0.0,0.0,0.0,0.0,0.054777,0.0,0.088133,0.060374,0.040615,0.0,0.0,0.021545,0.0,0.033615,0.0,0.040666,0.0,0.094434,0.0,0.0,0.045315,0.054994,0.06441,0.033012,0.071986,0.0,0.00669
2022-03-08,0.0,0.0,0.0,0.0,0.0,0.0,0.0,0.039276,0.054006,0.0,0.0201,0.0,0.038344,0.031339,0.074377,0.034929,0.0,0.0,0.0,0.0,0.053737,0.0,0.085882,0.059529,0.040477,0.0,0.0,0.021226,0.0,0.033502,0.0,0.041841,0.0,0.094446,0.0,0.0,0.045088,0.055341,0.064277,0.032864,0.072723,0.0,0.006698
2022-03-09,0.0,0.0,0.0,0.0,0.0,0.0,0.0,0.040684,0.055091,0.0,0.020639,0.0,0.039545,0.032262,0.071727,0.034437,0.0,0.0,0.0,0.0,0.054467,0.0,0.086011,0.058799,0.041859,0.0,0.0,0.021725,0.0,0.03384,0.0,0.040386,0.0,0.092514,0.0,0.0,0.044576,0.054506,0.064474,0.032748,0.073045,0.0,0.006666
2022-03-10,0.0,0.0,0.0,0.0,0.0,0.0,0.0,0.040564,0.05521,0.0,0.020783,0.0,0.039208,0.032143,0.073912,0.03512,0.0,0.0,0.0,0.0,0.054439,0.0,0.085186,0.059185,0.041122,0.0,0.0,0.021736,0.0,0.03392,0.0,0.040507,0.0,0.092121,0.0,0.0,0.044365,0.05438,0.063925,0.03237,0.073143,0.0,0.006663
2022-03-11,0.0,0.0,0.0,0.0,0.0,0.0,0.0,0.040459,0.054703,0.0,0.020523,0.0,0.039198,0.032328,0.073826,0.034808,0.0,0.0,0.0,0.0,0.054404,0.0,0.084776,0.059391,0.040676,0.0,0.0,0.02141,0.0,0.033882,0.0,0.040499,0.0,0.093054,0.0,0.0,0.044659,0.05514,0.063899,0.032579,0.073078,0.0,0.006708
2022-03-14,0.0,0.0,0.0,0.0,0.0,0.0,0.0,0.041421,0.054826,0.0,0.020327,0.0,0.039981,0.032715,0.072136,0.033575,0.0,0.0,0.0,0.0,0.055186,0.0,0.085846,0.059754,0.040212,0.0,0.0,0.020933,0.0,0.033861,0.0,0.040178,0.0,0.093557,0.0,0.0,0.044413,0.054927,0.063599,0.032341,0.073453,0.0,0.006758
2022-03-15,0.0,0.0,0.0,0.0,0.0,0.0,0.0,0.041763,0.05453,0.0,0.020922,0.0,0.04038,0.032679,0.069211,0.032858,0.0,0.0,0.0,0.0,0.056057,0.0,0.087412,0.060271,0.041393,0.0,0.0,0.021374,0.0,0.033949,0.0,0.039265,0.0,0.092833,0.0,0.0,0.044212,0.054294,0.063815,0.032462,0.073593,0.0,0.006728
2022-03-16,0.0,0.0,0.0,0.0,0.0,0.0,0.0,0.042394,0.055308,0.0,0.021448,0.0,0.041153,0.033393,0.068294,0.032646,0.0,0.0,0.0,0.0,0.056237,0.0,0.086746,0.059638,0.042367,0.0,0.0,0.021618,0.0,0.034054,0.0,0.039168,0.0,0.090543,0.0,0.0,0.043767,0.05351,0.064148,0.032454,0.074445,0.0,0.00667
2022-03-17,0.0,0.0,0.0,0.0,0.0,0.0,0.0,0.041967,0.0558,0.0,0.021547,0.0,0.041174,0.032651,0.069807,0.033949,0.0,0.0,0.0,0.0,0.056449,0.0,0.086313,0.05918,0.042162,0.0,0.0,0.021829,0.0,0.034171,0.0,0.038893,0.0,0.090517,0.0,0.0,0.043165,0.053597,0.063822,0.032384,0.074031,0.0,0.006592
2022-03-18,0.0,0.0,0.0,0.0,0.0,0.0,0.0,0.042204,0.055554,0.0,0.021967,0.0,0.041205,0.032559,0.069633,0.033845,0.0,0.0,0.0,0.0,0.05671,0.0,0.086378,0.058584,0.042959,0.0,0.0,0.022271,0.0,0.034118,0.0,0.038491,0.0,0.090419,0.0,0.0,0.043225,0.05335,0.063933,0.032398,0.073615,0.0,0.006581
2022-03-21,0.0,0.0,0.0,0.0,0.0,0.0,0.0,0.041342,0.055108,0.0,0.021761,0.0,0.041124,0.032343,0.072368,0.034956,0.0,0.0,0.0,0.0,0.05661,0.0,0.086403,0.058917,0.042834,0.0,0.0,0.022035,0.0,0.033876,0.0,0.038747,0.0,0.09225,0.0,0.0,0.04262,0.052826,0.063134,0.031917,0.072253,0.0,0.006575
2022-03-22,0.0,0.0,0.0,0.0,0.0,0.0,0.0,0.041696,0.055102,0.0,0.022224,0.0,0.041646,0.032786,0.071586,0.034632,0.0,0.0,0.0,0.0,0.056426,0.0,0.086743,0.058795,0.043299,0.0,0.0,0.022763,0.0,0.033844,0.0,0.038332,0.0,0.092096,0.0,0.0,0.042239,0.052399,0.063238,0.031729,0.071874,0.0,0.006551
2022-03-23,0.0,0.0,0.0,0.0,0.0,0.0,0.0,0.040998,0.054701,0.0,0.021996,0.0,0.040965,0.031847,0.072978,0.035431,0.0,0.0,0.0,0.0,0.055535,0.0,0.086234,0.059007,0.042727,0.0,0.0,0.02287,0.0,0.033538,0.0,0.038942,0.0,0.092716,0.0,0.0,0.042617,0.053174,0.063177,0.031889,0.072092,0.0,0.006566
2022-03-24,0.0,0.0,0.0,0.0,0.0,0.0,0.0,0.04143,0.054898,0.0,0.022047,0.0,0.041069,0.031954,0.072761,0.035632,0.0,0.0,0.0,0.0,0.055893,0.0,0.086369,0.05929,0.043599,0.0,0.0,0.022971,0.0,0.033567,0.0,0.039011,0.0,0.091591,0.0,0.0,0.04215,0.05256,0.062964,0.031729,0.071986,0.0,0.006529
2022-03-25,0.0,0.0,0.0,0.0,0.0,0.0,0.0,0.041212,0.054238,0.0,0.021903,0.0,0.041395,0.032303,0.073998,0.037146,0.0,0.0,0.0,0.0,0.055882,0.0,0.086669,0.05986,0.043364,0.0,0.0,0.022718,0.0,0.033822,0.0,0.038664,0.0,0.091851,0.0,0.0,0.041516,0.051949,0.062209,0.031327,0.071475,0.0,0.006499
2022-03-28,0.0,0.0,0.0,0.0,0.0,0.0,0.0,0.041584,0.053921,0.0,0.022512,0.0,0.041326,0.032084,0.072246,0.036256,0.0,0.0,0.0,0.0,0.056351,0.0,0.087124,0.060314,0.043929,0.0,0.0,0.022976,0.0,0.03422,0.0,0.038003,0.0,0.09059,0.0,0.0,0.041656,0.051949,0.062669,0.031535,0.072248,0.0,0.006505
2022-03-29,0.0,0.0,0.0,0.0,0.0,0.0,0.0,0.042013,0.054168,0.0,0.022742,0.0,0.041128,0.032376,0.071549,0.036043,0.0,0.0,0.0,0.0,0.056283,0.0,0.087278,0.060444,0.044545,0.0,0.0,0.02302,0.0,0.034976,0.0,0.037751,0.0,0.089252,0.0,0.0,0.041568,0.051395,0.062995,0.031576,0.072441,0.0,0.006459
2022-03-30,0.0,0.0,0.0,0.0,0.0,0.0,0.0,0.041519,0.054158,0.0,0.022386,0.0,0.040815,0.031471,0.072344,0.036347,0.0,0.0,0.0,0.0,0.056364,0.0,0.087291,0.060912,0.043929,0.0,0.0,0.022759,0.0,0.034705,0.0,0.038035,0.0,0.090314,0.0,0.0,0.04171,0.051621,0.062773,0.031633,0.072457,0.0,0.006456
2022-03-31,0.0,0.0,0.0,0.0,0.0,0.0,0.0,0.0,0.072159,0.0,0.022117,0.0,0.022233,0.056164,0.077761,0.036091,0.0,0.029976,0.0,0.0,0.03174,0.0,0.10122,0.0,0.033242,0.023749,0.0,0.043996,0.0,0.0,0.0,0.047273,0.017315,0.091082,0.061576,0.0,0.05145,0.062506,0.095196,0.018786,0.0,0.0,0.004369
2022-04-01,0.0,0.0,0.0,0.0,0.0,0.0,0.0,0.0,0.072152,0.0,0.022128,0.0,0.022159,0.055618,0.078333,0.037117,0.0,0.028805,0.0,0.0,0.031966,0.0,0.102157,0.0,0.033119,0.023271,0.0,0.043963,0.0,0.0,0.0,0.046937,0.017196,0.090431,0.063138,0.0,0.051076,0.062115,0.095118,0.018835,0.0,0.0,0.004365
2022-04-04,0.0,0.0,0.0,0.0,0.0,0.0,0.0,0.0,0.072955,0.0,0.022533,0.0,0.02197,0.055112,0.078114,0.037069,0.0,0.028602,0.0,0.0,0.03157,0.0,0.10142,0.0,0.033609,0.023552,0.0,0.044451,0.0,0.0,0.0,0.046971,0.017043,0.090682,0.063082,0.0,0.050834,0.061815,0.095445,0.018823,0.0,0.0,0.004347
2022-04-05,0.0,0.0,0.0,0.0,0.0,0.0,0.0,0.0,0.072944,0.0,0.022279,0.0,0.022104,0.055099,0.07785,0.036671,0.0,0.028178,0.0,0.0,0.032032,0.0,0.102782,0.0,0.033313,0.022749,0.0,0.043988,0.0,0.0,0.0,0.047261,0.01705,0.092152,0.062044,0.0,0.050856,0.062135,0.095386,0.018724,0.0,0.0,0.004402
2022-04-06,0.0,0.0,0.0,0.0,0.0,0.0,0.0,0.0,0.072428,0.0,0.021844,0.0,0.022087,0.054491,0.078792,0.036858,0.0,0.027548,0.0,0.0,0.03272,0.0,0.104725,0.0,0.032725,0.02232,0.0,0.042999,0.0,0.0,0.0,0.047663,0.017316,0.092676,0.061204,0.0,0.050989,0.062241,0.095218,0.018729,0.0,0.0,0.004429
2022-04-07,0.0,0.0,0.0,0.0,0.0,0.0,0.0,0.0,0.07123,0.0,0.021895,0.0,0.022002,0.053667,0.079602,0.037092,0.0,0.027354,0.0,0.0,0.033257,0.0,0.105702,0.0,0.032685,0.022306,0.0,0.043348,0.0,0.0,0.0,0.04771,0.017367,0.092629,0.061636,0.0,0.050721,0.061986,0.094802,0.01859,0.0,0.0,0.004417
2022-04-08,0.0,0.0,0.0,0.0,0.0,0.0,0.0,0.0,0.070801,0.0,0.021624,0.0,0.022154,0.053539,0.081531,0.037814,0.0,0.026982,0.0,0.0,0.033349,0.0,0.105808,0.0,0.032125,0.021683,0.0,0.042701,0.0,0.0,0.0,0.047856,0.017403,0.093759,0.061957,0.0,0.050303,0.0619,0.093925,0.018385,0.0,0.0,0.004402
2022-04-11,0.0,0.0,0.0,0.0,0.0,0.0,0.0,0.0,0.069992,0.0,0.021395,0.0,0.022234,0.054127,0.079723,0.037342,0.0,0.02729,0.0,0.0,0.032951,0.0,0.106234,0.0,0.03157,0.02141,0.0,0.043393,0.0,0.0,0.0,0.048484,0.017798,0.095282,0.061182,0.0,0.050468,0.062295,0.094039,0.018354,0.0,0.0,0.004437
2022-04-12,0.0,0.0,0.0,0.0,0.0,0.0,0.0,0.0,0.069678,0.0,0.021375,0.0,0.021924,0.053403,0.080793,0.037741,0.0,0.02721,0.0,0.0,0.032529,0.0,0.105929,0.0,0.031331,0.021278,0.0,0.043316,0.0,0.0,0.0,0.048703,0.017988,0.095743,0.06121,0.0,0.050553,0.062096,0.094463,0.018309,0.0,0.0,0.004425
2022-04-13,0.0,0.0,0.0,0.0,0.0,0.0,0.0,0.0,0.070463,0.0,0.021651,0.0,0.021668,0.053521,0.081041,0.038283,0.0,0.027428,0.0,0.0,0.032307,0.0,0.10528,0.0,0.031464,0.021483,0.0,0.04417,0.0,0.0,0.0,0.048365,0.01799,0.0945,0.062581,0.0,0.050073,0.061254,0.093918,0.018189,0.0,0.0,0.004372
2022-04-14,0.0,0.0,0.0,0.0,0.0,0.0,0.0,0.0,0.069495,0.0,0.021492,0.0,0.021568,0.053374,0.081854,0.038633,0.0,0.02767,0.0,0.0,0.032369,0.0,0.105963,0.0,0.030907,0.021029,0.0,0.043508,0.0,0.0,0.0,0.04853,0.018027,0.094676,0.062867,0.0,0.049957,0.061662,0.093919,0.018098,0.0,0.0,0.004401
2022-04-18,0.0,0.0,0.0,0.0,0.0,0.0,0.0,0.0,0.06834,0.0,0.021536,0.0,0.021676,0.053527,0.082973,0.039327,0.0,0.027382,0.0,0.0,0.03198,0.0,0.104987,0.0,0.030978,0.021373,0.0,0.042648,0.0,0.0,0.0,0.048633,0.018185,0.095716,0.063378,0.0,0.049764,0.061582,0.093676,0.017943,0.0,0.0,0.004397
2022-04-19,0.0,0.0,0.0,0.0,0.0,0.0,0.0,0.0,0.068434,0.0,0.0221,0.0,0.021913,0.055006,0.08207,0.03861,0.0,0.027992,0.0,0.0,0.032197,0.0,0.106291,0.0,0.031472,0.021781,0.0,0.043354,0.0,0.0,0.0,0.047766,0.017656,0.094533,0.062945,0.0,0.049299,0.061108,0.093336,0.017751,0.0,0.0,0.004385
2022-04-20,0.0,0.0,0.0,0.0,0.0,0.0,0.0,0.0,0.068577,0.0,0.021726,0.0,0.021974,0.05521,0.08205,0.038978,0.0,0.02804,0.0,0.0,0.032496,0.0,0.107444,0.0,0.031314,0.021643,0.0,0.042986,0.0,0.0,0.0,0.047804,0.017614,0.094271,0.061606,0.0,0.049481,0.061308,0.093245,0.017862,0.0,0.0,0.004367
2022-04-21,0.0,0.0,0.0,0.0,0.0,0.0,0.0,0.0,0.068734,0.0,0.021834,0.0,0.021946,0.055047,0.080622,0.037835,0.0,0.028434,0.0,0.0,0.032613,0.0,0.108939,0.0,0.031238,0.021378,0.0,0.042109,0.0,0.0,0.0,0.048339,0.017499,0.095497,0.059195,0.0,0.049936,0.062461,0.093977,0.017934,0.0,0.0,0.004431
2022-04-22,0.0,0.0,0.0,0.0,0.0,0.0,0.0,0.0,0.069125,0.0,0.021731,0.0,0.021696,0.054681,0.08014,0.036954,0.0,0.028274,0.0,0.0,0.032018,0.0,0.109265,0.0,0.030939,0.021298,0.0,0.041948,0.0,0.0,0.0,0.048775,0.017455,0.096101,0.057351,0.0,0.050907,0.063393,0.09518,0.018253,0.0,0.0,0.004515
2022-04-25,0.0,0.0,0.0,0.0,0.0,0.0,0.0,0.0,0.069181,0.0,0.021933,0.0,0.021776,0.054881,0.077647,0.036315,0.0,0.028625,0.0,0.0,0.032299,0.0,0.10997,0.0,0.031468,0.021702,0.0,0.043174,0.0,0.0,0.0,0.047996,0.017114,0.09552,0.056388,0.0,0.051338,0.063475,0.09618,0.018493,0.0,0.0,0.004524
2022-04-26,0.0,0.0,0.0,0.0,0.0,0.0,0.0,0.0,0.068353,0.0,0.021127,0.0,0.02154,0.054026,0.078889,0.036437,0.0,0.028229,0.0,0.0,0.032194,0.0,0.109854,0.0,0.030739,0.021043,0.0,0.042169,0.0,0.0,0.0,0.048772,0.017221,0.097179,0.054894,0.0,0.052436,0.064541,0.097012,0.018754,0.0,0.0,0.00459
2022-04-27,0.0,0.0,0.0,0.0,0.0,0.0,0.0,0.0,0.068172,0.0,0.021074,0.0,0.021464,0.053872,0.079832,0.036872,0.0,0.028453,0.0,0.0,0.032039,0.0,0.109968,0.0,0.031111,0.020873,0.0,0.04144,0.0,0.0,0.0,0.048275,0.017048,0.096921,0.056933,0.0,0.052006,0.064264,0.09628,0.018524,0.0,0.0,0.004578
2022-04-28,0.0,0.0,0.0,0.0,0.0,0.0,0.0,0.0,0.06866,0.0,0.021197,0.0,0.021426,0.053862,0.081071,0.037504,0.0,0.028771,0.0,0.0,0.032014,0.0,0.109986,0.0,0.031891,0.021707,0.0,0.041615,0.0,0.0,0.0,0.047838,0.016749,0.095958,0.056618,0.0,0.051184,0.0637,0.095424,0.018313,0.0,0.0,0.004512
2022-04-29,0.029509,0.0,0.0,0.0,0.0,0.0,0.130966,0.0,0.046823,0.0,0.033434,0.0,0.015592,0.0,0.100321,0.051474,0.035977,0.060302,0.026865,0.0,0.060923,0.0,0.015076,0.087943,0.04601,0.032767,0.0,0.062712,0.0,0.027013,0.0,0.02902,0.0,0.0167,0.085133,0.0,0.0,0.0,0.0,0.0,0.0,0.0,0.005439
2022-05-02,0.029624,0.0,0.0,0.0,0.0,0.0,0.126906,0.0,0.046788,0.0,0.034056,0.0,0.015658,0.0,0.102323,0.051751,0.036195,0.060312,0.026888,0.0,0.060782,0.0,0.014937,0.087384,0.046893,0.033994,0.0,0.06395,0.0,0.026464,0.0,0.028594,0.0,0.016705,0.084336,0.0,0.0,0.0,0.0,0.0,0.0,0.0,0.00546
2022-05-03,0.029095,0.0,0.0,0.0,0.0,0.0,0.127817,0.0,0.046774,0.0,0.033641,0.0,0.015708,0.0,0.104168,0.053655,0.036079,0.060012,0.026924,0.0,0.060381,0.0,0.014749,0.086865,0.046518,0.033942,0.0,0.062465,0.0,0.026532,0.0,0.028391,0.0,0.016452,0.084425,0.0,0.0,0.0,0.0,0.0,0.0,0.0,0.005405
2022-05-04,0.028059,0.0,0.0,0.0,0.0,0.0,0.128226,0.0,0.046545,0.0,0.033773,0.0,0.015789,0.0,0.105815,0.054446,0.036208,0.0597,0.027111,0.0,0.060196,0.0,0.014709,0.086611,0.046962,0.034388,0.0,0.061751,0.0,0.026174,0.0,0.027962,0.0,0.016192,0.084113,0.0,0.0,0.0,0.0,0.0,0.0,0.0,0.005273
2022-05-05,0.028958,0.0,0.0,0.0,0.0,0.0,0.126582,0.0,0.046272,0.0,0.032893,0.0,0.015816,0.0,0.107534,0.054715,0.036382,0.059989,0.027106,0.0,0.060901,0.0,0.014888,0.088448,0.046123,0.033762,0.0,0.060132,0.0,0.026285,0.0,0.02874,0.0,0.016737,0.082297,0.0,0.0,0.0,0.0,0.0,0.0,0.0,0.00544
2022-05-06,0.028804,0.0,0.0,0.0,0.0,0.0,0.125822,0.0,0.046405,0.0,0.032611,0.0,0.015768,0.0,0.111199,0.05566,0.036286,0.05962,0.026828,0.0,0.060961,0.0,0.014966,0.089522,0.045942,0.0336,0.0,0.057832,0.0,0.026081,0.0,0.028907,0.0,0.016601,0.081122,0.0,0.0,0.0,0.0,0.0,0.0,0.0,0.005462
2022-05-09,0.029215,0.0,0.0,0.0,0.0,0.0,0.126941,0.0,0.046931,0.0,0.032634,0.0,0.016087,0.0,0.106614,0.052175,0.03701,0.060434,0.027156,0.0,0.06207,0.0,0.015637,0.092873,0.046162,0.033332,0.0,0.056535,0.0,0.02606,0.0,0.029778,0.0,0.016947,0.079702,0.0,0.0,0.0,0.0,0.0,0.0,0.0,0.005708
2022-05-10,0.028985,0.0,0.0,0.0,0.0,0.0,0.127087,0.0,0.047461,0.0,0.032521,0.0,0.015937,0.0,0.107527,0.052403,0.03675,0.060373,0.026974,0.0,0.06226,0.0,0.015521,0.0917,0.046843,0.034073,0.0,0.057194,0.0,0.025573,0.0,0.029511,0.0,0.017058,0.078546,0.0,0.0,0.0,0.0,0.0,0.0,0.0,0.005705
2022-05-11,0.029491,0.0,0.0,0.0,0.0,0.0,0.128933,0.0,0.046803,0.0,0.031427,0.0,0.015826,0.0,0.109219,0.052773,0.0365,0.059667,0.027049,0.0,0.061989,0.0,0.015489,0.092571,0.045468,0.033142,0.0,0.055709,0.0,0.025577,0.0,0.02982,0.0,0.017407,0.079419,0.0,0.0,0.0,0.0,0.0,0.0,0.0,0.00572
2022-05-12,0.028861,0.0,0.0,0.0,0.0,0.0,0.130886,0.0,0.046517,0.0,0.031688,0.0,0.01573,0.0,0.10984,0.052734,0.03662,0.059855,0.027038,0.0,0.062679,0.0,0.015507,0.091768,0.045063,0.033391,0.0,0.056408,0.0,0.025813,0.0,0.029405,0.0,0.017512,0.076957,0.0,0.0,0.0,0.0,0.0,0.0,0.0,0.005729
2022-05-13,0.028832,0.0,0.0,0.0,0.0,0.0,0.13093,0.0,0.046372,0.0,0.03212,0.0,0.015563,0.0,0.110782,0.053611,0.036168,0.059467,0.026774,0.0,0.061775,0.0,0.015351,0.090561,0.045408,0.034226,0.0,0.057495,0.0,0.025839,0.0,0.028445,0.0,0.017241,0.077455,0.0,0.0,0.0,0.0,0.0,0.0,0.0,0.005586
2022-05-16,0.028583,0.0,0.0,0.0,0.0,0.0,0.132197,0.0,0.045787,0.0,0.031279,0.0,0.015361,0.0,0.113171,0.054578,0.035948,0.058722,0.0266,0.0,0.06194,0.0,0.015348,0.090415,0.044797,0.033548,0.0,0.055874,0.0,0.025556,0.0,0.028582,0.0,0.017671,0.078484,0.0,0.0,0.0,0.0,0.0,0.0,0.0,0.005559
2022-05-17,0.028474,0.0,0.0,0.0,0.0,0.0,0.132656,0.0,0.045754,0.0,0.031394,0.0,0.01544,0.0,0.112073,0.054985,0.03599,0.059283,0.026777,0.0,0.06147,0.0,0.014922,0.089426,0.045124,0.034437,0.0,0.055327,0.0,0.025359,0.0,0.027804,0.0,0.01739,0.080471,0.0,0.0,0.0,0.0,0.0,0.0,0.0,0.005442
2022-05-18,0.028868,0.0,0.0,0.0,0.0,0.0,0.13272,0.0,0.046476,0.0,0.030287,0.0,0.015499,0.0,0.112719,0.054889,0.035767,0.057684,0.026782,0.0,0.061814,0.0,0.014412,0.091416,0.044447,0.033755,0.0,0.05475,0.0,0.025416,0.0,0.028716,0.0,0.017513,0.080451,0.0,0.0,0.0,0.0,0.0,0.0,0.0,0.005617
2022-05-19,0.028433,0.0,0.0,0.0,0.0,0.0,0.134963,0.0,0.046636,0.0,0.030182,0.0,0.015332,0.0,0.111838,0.054636,0.035299,0.056393,0.026859,0.0,0.061691,0.0,0.014096,0.090845,0.043777,0.033411,0.0,0.054728,0.0,0.025198,0.0,0.029017,0.0,0.017432,0.083638,0.0,0.0,0.0,0.0,0.0,0.0,0.0,0.005594
2022-05-20,0.028097,0.0,0.0,0.0,0.0,0.0,0.137543,0.0,0.046585,0.0,0.029504,0.0,0.015226,0.0,0.111742,0.05468,0.034739,0.05618,0.026656,0.0,0.062121,0.0,0.014054,0.090631,0.043649,0.033222,0.0,0.055363,0.0,0.025228,0.0,0.028888,0.0,0.017227,0.0831,0.0,0.0,0.0,0.0,0.0,0.0,0.0,0.005565
2022-05-23,0.028196,0.0,0.0,0.0,0.0,0.0,0.139553,0.0,0.046097,0.0,0.029103,0.0,0.015392,0.0,0.112294,0.055732,0.034569,0.055981,0.026577,0.0,0.061356,0.0,0.014044,0.089799,0.043717,0.032667,0.0,0.055584,0.0,0.024987,0.0,0.028415,0.0,0.017018,0.083471,0.0,0.0,0.0,0.0,0.0,0.0,0.0,0.005449
2022-05-24,0.027795,0.0,0.0,0.0,0.0,0.0,0.139924,0.0,0.045566,0.0,0.028478,0.0,0.015428,0.0,0.113218,0.055795,0.034702,0.055149,0.026541,0.0,0.061809,0.0,0.014336,0.091995,0.043257,0.032011,0.0,0.054483,0.0,0.025309,0.0,0.028754,0.0,0.016887,0.083089,0.0,0.0,0.0,0.0,0.0,0.0,0.0,0.005473
2022-05-25,0.027907,0.0,0.0,0.0,0.0,0.0,0.13857,0.0,0.045691,0.0,0.029024,0.0,0.015413,0.0,0.114536,0.057528,0.034596,0.055265,0.026423,0.0,0.061245,0.0,0.014214,0.091122,0.043376,0.0323,0.0,0.054962,0.0,0.025298,0.0,0.028329,0.0,0.016655,0.082122,0.0,0.0,0.0,0.0,0.0,0.0,0.0,0.005424
2022-05-26,0.027998,0.0,0.0,0.0,0.0,0.0,0.139297,0.0,0.045149,0.0,0.02996,0.0,0.015517,0.0,0.11395,0.0579,0.034733,0.056063,0.026479,0.0,0.060522,0.0,0.014135,0.089919,0.043707,0.033025,0.0,0.055487,0.0,0.024924,0.0,0.027824,0.0,0.016552,0.081519,0.0,0.0,0.0,0.0,0.0,0.0,0.0,0.005337
2022-05-27,0.027926,0.0,0.0,0.0,0.0,0.0,0.137461,0.0,0.045191,0.0,0.030391,0.0,0.015475,0.0,0.113799,0.059053,0.034763,0.056081,0.026577,0.0,0.060343,0.0,0.014024,0.089565,0.044316,0.033721,0.0,0.056064,0.0,0.0251,0.0,0.027303,0.0,0.016335,0.081279,0.0,0.0,0.0,0.0,0.0,0.0,0.0,0.005234
2022-05-30,0.02831,0.0,0.0,0.0,0.0,0.0,0.137406,0.0,0.045173,0.0,0.030379,0.0,0.015469,0.0,0.113754,0.059029,0.034749,0.056059,0.026566,0.0,0.060319,0.0,0.014018,0.08953,0.044298,0.033708,0.0,0.056042,0.0,0.02509,0.0,0.027292,0.0,0.016329,0.081247,0.0,0.0,0.0,0.0,0.0,0.0,0.0,0.005232
2022-05-31,0.0,0.0,0.0,0.024717,0.0,0.0,0.035336,0.079198,0.020208,0.014977,0.0,0.0,0.0,0.0,0.083266,0.020253,0.0,0.0,0.035632,0.0,0.051162,0.0,0.070325,0.074191,0.017777,0.0,0.0,0.018458,0.0,0.018323,0.0,0.101774,0.0,0.102169,0.032345,0.0,0.032352,0.079483,0.083578,0.0,0.0,0.0,0.004476
2022-06-01,0.0,0.0,0.0,0.02461,0.0,0.0,0.035223,0.079301,0.020052,0.014898,0.0,0.0,0.0,0.0,0.084712,0.020936,0.0,0.0,0.035313,0.0,0.05048,0.0,0.069482,0.07415,0.017743,0.0,0.0,0.018547,0.0,0.018191,0.0,0.102531,0.0,0.102184,0.032363,0.0,0.032204,0.079241,0.083357,0.0,0.0,0.0,0.004481
2022-06-02,0.0,0.0,0.0,0.024609,0.0,0.0,0.035281,0.08021,0.020089,0.014954,0.0,0.0,0.0,0.0,0.083537,0.020717,0.0,0.0,0.035897,0.0,0.050332,0.0,0.069737,0.073848,0.017977,0.0,0.0,0.018904,0.0,0.018243,0.0,0.102678,0.0,0.101593,0.033498,0.0,0.031904,0.078751,0.082807,0.0,0.0,0.0,0.004433
2022-06-03,0.0,0.0,0.0,0.024712,0.0,0.0,0.035242,0.078895,0.019866,0.014717,0.0,0.0,0.0,0.0,0.085268,0.021118,0.0,0.0,0.035811,0.0,0.050109,0.0,0.069545,0.074034,0.017677,0.0,0.0,0.018744,0.0,0.018132,0.0,0.102385,0.0,0.101369,0.033247,0.0,0.032077,0.079791,0.082797,0.0,0.0,0.0,0.004465
2022-06-06,0.0,0.0,0.0,0.024934,0.0,0.0,0.034851,0.078906,0.01989,0.01468,0.0,0.0,0.0,0.0,0.085124,0.02129,0.0,0.0,0.036129,0.0,0.050088,0.0,0.069533,0.07432,0.017668,0.0,0.0,0.018716,0.0,0.018064,0.0,0.101876,0.0,0.102653,0.033644,0.0,0.031818,0.079226,0.082128,0.0,0.0,0.0,0.004463
2022-06-07,0.0,0.0,0.0,0.024716,0.0,0.0,0.034051,0.078493,0.019762,0.0145,0.0,0.0,0.0,0.0,0.087101,0.021947,0.0,0.0,0.036155,0.0,0.050413,0.0,0.06945,0.074286,0.017763,0.0,0.0,0.018888,0.0,0.018195,0.0,0.101879,0.0,0.101762,0.033776,0.0,0.03174,0.078903,0.081787,0.0,0.0,0.0,0.004434
2022-06-08,0.0,0.0,0.0,0.024984,0.0,0.0,0.033537,0.078205,0.01985,0.014506,0.0,0.0,0.0,0.0,0.087947,0.021922,0.0,0.0,0.03567,0.0,0.050391,0.0,0.069114,0.07338,0.017695,0.0,0.0,0.018891,0.0,0.01791,0.0,0.10255,0.0,0.102852,0.03327,0.0,0.03186,0.079301,0.081696,0.0,0.0,0.0,0.004467
2022-06-09,0.0,0.0,0.0,0.024933,0.0,0.0,0.033384,0.078685,0.019838,0.01441,0.0,0.0,0.0,0.0,0.087082,0.021903,0.0,0.0,0.035264,0.0,0.04987,0.0,0.068932,0.072516,0.017439,0.0,0.0,0.018733,0.0,0.017705,0.0,0.103508,0.0,0.104143,0.032556,0.0,0.032232,0.080283,0.082061,0.0,0.0,0.0,0.004523
2022-06-10,0.0,0.0,0.0,0.024577,0.0,0.0,0.032758,0.078675,0.01987,0.014209,0.0,0.0,0.0,0.0,0.086616,0.021787,0.0,0.0,0.034588,0.0,0.049647,0.0,0.069446,0.072811,0.016966,0.0,0.0,0.018312,0.0,0.017516,0.0,0.106133,0.0,0.104564,0.03217,0.0,0.032291,0.08087,0.081615,0.0,0.0,0.0,0.004577
2022-06-13,0.0,0.0,0.0,0.0246,0.0,0.0,0.032151,0.079741,0.019888,0.014004,0.0,0.0,0.0,0.0,0.084766,0.021094,0.0,0.0,0.034318,0.0,0.04971,0.0,0.07016,0.071723,0.016742,0.0,0.0,0.018003,0.0,0.017182,0.0,0.106692,0.0,0.10674,0.031464,0.0,0.03275,0.082095,0.081452,0.0,0.0,0.0,0.004725
2022-06-14,0.0,0.0,0.0,0.024494,0.0,0.0,0.032086,0.080572,0.020277,0.014246,0.0,0.0,0.0,0.0,0.085401,0.021051,0.0,0.0,0.034246,0.0,0.049511,0.0,0.069719,0.0703,0.016941,0.0,0.0,0.018061,0.0,0.017146,0.0,0.106428,0.0,0.10704,0.031196,0.0,0.032669,0.081419,0.082444,0.0,0.0,0.0,0.004751
2022-06-15,0.0,0.0,0.0,0.024597,0.0,0.0,0.032721,0.080625,0.020346,0.014154,0.0,0.0,0.0,0.0,0.082924,0.020593,0.0,0.0,0.033994,0.0,0.049658,0.0,0.069295,0.070255,0.017176,0.0,0.0,0.018347,0.0,0.017428,0.0,0.107053,0.0,0.10633,0.031484,0.0,0.032891,0.081961,0.083451,0.0,0.0,0.0,0.004717
2022-06-16,0.0,0.0,0.0,0.02407,0.0,0.0,0.031845,0.079783,0.01994,0.013998,0.0,0.0,0.0,0.0,0.079686,0.019639,0.0,0.0,0.033367,0.0,0.049824,0.0,0.070027,0.070159,0.016779,0.0,0.0,0.017893,0.0,0.017281,0.0,0.11024,0.0,0.109375,0.030734,0.0,0.033712,0.083216,0.083631,0.0,0.0,0.0,0.004804
2022-06-17,0.0,0.0,0.0,0.0244,0.0,0.0,0.03171,0.080235,0.020062,0.014223,0.0,0.0,0.0,0.0,0.075952,0.018359,0.0,0.0,0.033585,0.0,0.050206,0.0,0.07035,0.07008,0.017072,0.0,0.0,0.018403,0.0,0.017556,0.0,0.110236,0.0,0.109624,0.030572,0.0,0.034,0.083947,0.084584,0.0,0.0,0.0,0.004843
2022-06-20,0.0,0.0,0.0,0.024505,0.0,0.0,0.031707,0.080227,0.02006,0.014221,0.0,0.0,0.0,0.0,0.075944,0.018357,0.0,0.0,0.033581,0.0,0.050201,0.0,0.070342,0.070072,0.01707,0.0,0.0,0.018401,0.0,0.017554,0.0,0.110224,0.0,0.109612,0.030569,0.0,0.033997,0.083938,0.084575,0.0,0.0,0.0,0.004843
2022-06-21,0.0,0.0,0.0,0.024419,0.0,0.0,0.03132,0.081072,0.020185,0.014032,0.0,0.0,0.0,0.0,0.078989,0.018898,0.0,0.0,0.033709,0.0,0.050978,0.0,0.071415,0.070611,0.01731,0.0,0.0,0.018704,0.0,0.0176,0.0,0.10859,0.0,0.107198,0.030447,0.0,0.033444,0.082714,0.083577,0.0,0.0,0.0,0.004788
2022-06-22,0.0,0.0,0.0,0.024379,0.0,0.0,0.031387,0.080283,0.019891,0.013721,0.0,0.0,0.0,0.0,0.0764,0.0179,0.0,0.0,0.033528,0.0,0.052076,0.0,0.071904,0.071893,0.017367,0.0,0.0,0.01878,0.0,0.017958,0.0,0.109847,0.0,0.106706,0.029028,0.0,0.034122,0.08382,0.084186,0.0,0.0,0.0,0.004825
2022-06-23,0.0,0.0,0.0,0.02449,0.0,0.0,0.030807,0.081411,0.019905,0.013625,0.0,0.0,0.0,0.0,0.073806,0.01718,0.0,0.0,0.033176,0.0,0.053416,0.0,0.073536,0.073823,0.017684,0.0,0.0,0.019392,0.0,0.018359,0.0,0.109526,0.0,0.103835,0.027361,0.0,0.034426,0.08434,0.085063,0.0,0.0,0.0,0.00484
2022-06-24,0.0,0.0,0.0,0.024881,0.0,0.0,0.03049,0.081558,0.019971,0.01399,0.0,0.0,0.0,0.0,0.073843,0.017169,0.0,0.0,0.034062,0.0,0.053625,0.0,0.07404,0.074169,0.018091,0.0,0.0,0.019942,0.0,0.018515,0.0,0.10805,0.0,0.102885,0.028103,0.0,0.033875,0.083365,0.084598,0.0,0.0,0.0,0.00478
2022-06-27,0.0,0.0,0.0,0.024986,0.0,0.0,0.031245,0.08085,0.019903,0.013977,0.0,0.0,0.0,0.0,0.075938,0.017938,0.0,0.0,0.03375,0.0,0.053774,0.0,0.073768,0.074702,0.017952,0.0,0.0,0.019621,0.0,0.01847,0.0,0.107829,0.0,0.10155,0.028627,0.0,0.033653,0.082689,0.084001,0.0,0.0,0.0,0.004774
2022-06-28,0.0,0.0,0.0,0.025125,0.0,0.0,0.031105,0.080181,0.019651,0.013931,0.0,0.0,0.0,0.0,0.078311,0.018487,0.0,0.0,0.033528,0.0,0.053056,0.0,0.073084,0.07473,0.017486,0.0,0.0,0.01911,0.0,0.018321,0.0,0.108096,0.0,0.102418,0.028587,0.0,0.033836,0.082741,0.083421,0.0,0.0,0.0,0.004794
2022-06-29,0.0,0.0,0.0,0.024806,0.0,0.0,0.031342,0.080958,0.019621,0.013762,0.0,0.0,0.0,0.0,0.075839,0.017569,0.0,0.0,0.033396,0.0,0.053694,0.0,0.073785,0.07503,0.017579,0.0,0.0,0.019168,0.0,0.018267,0.0,0.108369,0.0,0.103404,0.027942,0.0,0.03422,0.082868,0.083571,0.0,0.0,0.0,0.00481
2022-06-30,0.0,0.012204,0.0,0.011084,0.0,0.0,0.100744,0.037043,0.016561,0.011339,0.0,0.0,0.0,0.0,0.080139,0.051101,0.0,0.0,0.028659,0.0,0.05959,0.0,0.04561,0.086658,0.0,0.0,0.0,0.014298,0.0,0.0,0.0,0.099145,0.0,0.106125,0.013198,0.0,0.045327,0.086499,0.076669,0.013952,0.0,0.0,0.004056
2022-07-01,0.0,0.012157,0.0,0.011118,0.0,0.0,0.099112,0.036977,0.016047,0.011134,0.0,0.0,0.0,0.0,0.080967,0.05148,0.0,0.0,0.02873,0.0,0.059984,0.0,0.046055,0.088378,0.0,0.0,0.0,0.014558,0.0,0.0,0.0,0.09861,0.0,0.103567,0.012883,0.0,0.045604,0.08749,0.077047,0.014064,0.0,0.0,0.004037
2022-07-04,0.0,0.012157,0.0,0.01113,0.0,0.0,0.099111,0.036977,0.016047,0.011134,0.0,0.0,0.0,0.0,0.080966,0.05148,0.0,0.0,0.028729,0.0,0.059983,0.0,0.046055,0.088377,0.0,0.0,0.0,0.014558,0.0,0.0,0.0,0.098609,0.0,0.103566,0.012883,0.0,0.045603,0.087489,0.077046,0.014064,0.0,0.0,0.004037
2022-07-05,0.0,0.012024,0.0,0.011317,0.0,0.0,0.098541,0.037664,0.016208,0.011259,0.0,0.0,0.0,0.0,0.079178,0.049558,0.0,0.0,0.028668,0.0,0.06073,0.0,0.046598,0.086928,0.0,0.0,0.0,0.015142,0.0,0.0,0.0,0.098287,0.0,0.103194,0.012436,0.0,0.04661,0.088845,0.078384,0.014318,0.0,0.0,0.004111
2022-07-06,0.0,0.012085,0.0,0.011518,0.0,0.0,0.098604,0.038405,0.016031,0.011197,0.0,0.0,0.0,0.0,0.078053,0.048863,0.0,0.0,0.028933,0.0,0.061317,0.0,0.046868,0.088086,0.0,0.0,0.0,0.015225,0.0,0.0,0.0,0.097011,0.0,0.103971,0.012463,0.0,0.046349,0.088297,0.078314,0.014288,0.0,0.0,0.004122
2022-07-07,0.0,0.012092,0.0,0.011662,0.0,0.0,0.100616,0.037981,0.016249,0.011298,0.0,0.0,0.0,0.0,0.079677,0.050881,0.0,0.0,0.028761,0.0,0.060671,0.0,0.046223,0.086703,0.0,0.0,0.0,0.015347,0.0,0.0,0.0,0.095637,0.0,0.104371,0.013024,0.0,0.045387,0.08686,0.07842,0.014077,0.0,0.0,0.004062
2022-07-08,0.0,0.01208,0.0,0.011698,0.0,0.0,0.101285,0.03782,0.016293,0.01136,0.0,0.0,0.0,0.0,0.079503,0.050646,0.0,0.0,0.02843,0.0,0.060745,0.0,0.04606,0.086266,0.0,0.0,0.0,0.015323,0.0,0.0,0.0,0.095509,0.0,0.106114,0.012793,0.0,0.045032,0.086615,0.078344,0.014029,0.0,0.0,0.004055
2022-07-11,0.0,0.011982,0.0,0.011701,0.0,0.0,0.098079,0.038019,0.01603,0.011125,0.0,0.0,0.0,0.0,0.079391,0.050452,0.0,0.0,0.028586,0.0,0.061092,0.0,0.046376,0.087526,0.0,0.0,0.0,0.015185,0.0,0.0,0.0,0.095782,0.0,0.106307,0.012316,0.0,0.045761,0.087469,0.078548,0.014184,0.0,0.0,0.004088
2022-07-12,0.0,0.012084,0.0,0.011828,0.0,0.0,0.097816,0.038261,0.016224,0.011217,0.0,0.0,0.0,0.0,0.078555,0.049708,0.0,0.0,0.028792,0.0,0.060866,0.0,0.046665,0.087899,0.0,0.0,0.0,0.014745,0.0,0.0,0.0,0.096298,0.0,0.104313,0.012154,0.0,0.046288,0.088238,0.079586,0.014335,0.0,0.0,0.004126
2022-07-13,0.0,0.012079,0.0,0.01168,0.0,0.0,0.09815,0.03781,0.016374,0.011292,0.0,0.0,0.0,0.0,0.078368,0.050082,0.0,0.0,0.028603,0.0,0.060228,0.0,0.046661,0.087466,0.0,0.0,0.0,0.014694,0.0,0.0,0.0,0.096683,0.0,0.104601,0.012163,0.0,0.04645,0.088626,0.079438,0.014431,0.0,0.0,0.004122
2022-07-14,0.0,0.011999,0.0,0.011641,0.0,0.0,0.096602,0.038333,0.016579,0.011197,0.0,0.0,0.0,0.0,0.077656,0.049705,0.0,0.0,0.028358,0.0,0.060654,0.0,0.047167,0.088341,0.0,0.0,0.0,0.014618,0.0,0.0,0.0,0.096279,0.0,0.104365,0.011829,0.0,0.046655,0.089293,0.080083,0.014483,0.0,0.0,0.004163
2022-07-15,0.0,0.012106,0.0,0.011723,0.0,0.0,0.096942,0.038456,0.016559,0.011261,0.0,0.0,0.0,0.0,0.07813,0.050424,0.0,0.0,0.028513,0.0,0.061496,0.0,0.046848,0.087618,0.0,0.0,0.0,0.014797,0.0,0.0,0.0,0.095122,0.0,0.104006,0.011883,0.0,0.046345,0.08891,0.080289,0.014452,0.0,0.0,0.004122
2022-07-18,0.0,0.012153,0.0,0.011841,0.0,0.0,0.096845,0.038173,0.01649,0.011321,0.0,0.0,0.0,0.0,0.079747,0.051768,0.0,0.0,0.028519,0.0,0.060067,0.0,0.046292,0.086214,0.0,0.0,0.0,0.014812,0.0,0.0,0.0,0.095007,0.0,0.106001,0.012263,0.0,0.04611,0.088602,0.079342,0.014321,0.0,0.0,0.004113
2022-07-19,0.0,0.012409,0.0,0.011768,0.0,0.0,0.096872,0.038445,0.016636,0.011471,0.0,0.0,0.0,0.0,0.081286,0.053203,0.0,0.0,0.02906,0.0,0.060409,0.0,0.046257,0.085799,0.0,0.0,0.0,0.014967,0.0,0.0,0.0,0.094172,0.0,0.104193,0.012379,0.0,0.045387,0.087523,0.079497,0.014201,0.0,0.0,0.004066
2022-07-20,0.0,0.012284,0.0,0.01197,0.0,0.0,0.096041,0.038105,0.016556,0.011406,0.0,0.0,0.0,0.0,0.082213,0.054811,0.0,0.0,0.029161,0.0,0.059915,0.0,0.046026,0.084804,0.0,0.0,0.0,0.015286,0.0,0.0,0.0,0.093447,0.0,0.104371,0.012326,0.0,0.045421,0.087596,0.07998,0.01421,0.0,0.0,0.004073
2022-07-21,0.0,0.012409,0.0,0.011989,0.0,0.0,0.095914,0.038935,0.016834,0.011565,0.0,0.0,0.0,0.0,0.080572,0.053132,0.0,0.0,0.029502,0.0,0.060712,0.0,0.046051,0.084817,0.0,0.0,0.0,0.015543,0.0,0.0,0.0,0.094531,0.0,0.102286,0.012304,0.0,0.045824,0.087923,0.080726,0.014368,0.0,0.0,0.004063
2022-07-22,0.0,0.012373,0.0,0.012047,0.0,0.0,0.096177,0.038836,0.016762,0.011437,0.0,0.0,0.0,0.0,0.080037,0.052058,0.0,0.0,0.029338,0.0,0.060557,0.0,0.046429,0.086118,0.0,0.0,0.0,0.015297,0.0,0.0,0.0,0.094918,0.0,0.100881,0.012184,0.0,0.046423,0.088806,0.080749,0.014502,0.0,0.0,0.00407
2022-07-25,0.0,0.012343,0.0,0.011886,0.0,0.0,0.098794,0.038329,0.016602,0.011361,0.0,0.0,0.0,0.0,0.081989,0.054257,0.0,0.0,0.02911,0.0,0.060152,0.0,0.046104,0.086162,0.0,0.0,0.0,0.014869,0.0,0.0,0.0,0.093535,0.0,0.101027,0.012186,0.0,0.045709,0.087586,0.07977,0.014209,0.0,0.0,0.004021
2022-07-26,0.0,0.012165,0.0,0.011907,0.0,0.0,0.098932,0.037873,0.016331,0.011352,0.0,0.0,0.0,0.0,0.081388,0.053971,0.0,0.0,0.028964,0.0,0.060568,0.0,0.046079,0.086831,0.0,0.0,0.0,0.01433,0.0,0.0,0.0,0.093589,0.0,0.102448,0.012113,0.0,0.045808,0.087741,0.07935,0.014232,0.0,0.0,0.004028
2022-07-27,0.0,0.012284,0.0,0.011801,0.0,0.0,0.100964,0.038133,0.016523,0.011424,0.0,0.0,0.0,0.0,0.082055,0.055303,0.0,0.0,0.0289,0.0,0.06009,0.0,0.04574,0.085682,0.0,0.0,0.0,0.014359,0.0,0.0,0.0,0.093213,0.0,0.101722,0.0123,0.0,0.045255,0.08706,0.079096,0.014125,0.0,0.0,0.003972
2022-07-28,0.0,0.01218,0.0,0.011828,0.0,0.0,0.102444,0.038214,0.016266,0.011394,0.0,0.0,0.0,0.0,0.081373,0.054789,0.0,0.0,0.029004,0.0,0.059634,0.0,0.045827,0.087528,0.0,0.0,0.0,0.014386,0.0,0.0,0.0,0.093042,0.0,0.101269,0.012259,0.0,0.04507,0.086732,0.078799,0.014045,0.0,0.0,0.003917
2022-07-29,0.0,0.0,0.0,0.035995,0.025554,0.055722,0.03573,0.044469,0.0,0.0,0.0,0.0,0.0,0.0,0.069618,0.025239,0.012874,0.0,0.0,0.0,0.088791,0.0,0.089085,0.076803,0.0,0.0,0.0,0.0,0.0,0.0,0.038846,0.088736,0.0,0.089383,0.0,0.0,0.050249,0.049911,0.054711,0.04551,0.009807,0.0,0.012966
2022-08-01,0.0,0.0,0.0,0.036077,0.025636,0.05516,0.035356,0.044864,0.0,0.0,0.0,0.0,0.0,0.0,0.068289,0.024736,0.012908,0.0,0.0,0.0,0.088276,0.0,0.090343,0.07701,0.0,0.0,0.0,0.0,0.0,0.0,0.039474,0.089383,0.0,0.088507,0.0,0.0,0.050625,0.050014,0.054816,0.045673,0.009867,0.0,0.012987
2022-08-02,0.0,0.0,0.0,0.036367,0.025697,0.055161,0.035311,0.045427,0.0,0.0,0.0,0.0,0.0,0.0,0.068521,0.024998,0.012845,0.0,0.0,0.0,0.088466,0.0,0.09014,0.077296,0.0,0.0,0.0,0.0,0.0,0.0,0.039627,0.089363,0.0,0.087768,0.0,0.0,0.050212,0.049709,0.054877,0.045374,0.00978,0.0,0.013063
2022-08-03,0.0,0.0,0.0,0.036563,0.025602,0.055519,0.035274,0.0453,0.0,0.0,0.0,0.0,0.0,0.0,0.066415,0.024318,0.012939,0.0,0.0,0.0,0.08909,0.0,0.09054,0.077615,0.0,0.0,0.0,0.0,0.0,0.0,0.039313,0.089394,0.0,0.08794,0.0,0.0,0.050314,0.049867,0.055242,0.045772,0.009947,0.0,0.013036
2022-08-04,0.0,0.0,0.0,0.036387,0.025816,0.056321,0.036249,0.045056,0.0,0.0,0.0,0.0,0.0,0.0,0.063903,0.023167,0.012976,0.0,0.0,0.0,0.088584,0.0,0.089871,0.077722,0.0,0.0,0.0,0.0,0.0,0.0,0.039446,0.090803,0.0,0.089207,0.0,0.0,0.05053,0.04982,0.055348,0.045809,0.009961,0.0,0.013022
2022-08-05,0.0,0.0,0.0,0.036502,0.025837,0.055985,0.036861,0.044887,0.0,0.0,0.0,0.0,0.0,0.0,0.065289,0.023924,0.01302,0.0,0.0,0.0,0.088713,0.0,0.089831,0.077583,0.0,0.0,0.0,0.0,0.0,0.0,0.039902,0.089947,0.0,0.08897,0.0,0.0,0.049891,0.04941,0.055167,0.045272,0.009959,0.0,0.013051
2022-08-08,0.0,0.0,0.0,0.036839,0.025934,0.055274,0.037801,0.044964,0.0,0.0,0.0,0.0,0.0,0.0,0.065282,0.023888,0.012948,0.0,0.0,0.0,0.088453,0.0,0.089309,0.077288,0.0,0.0,0.0,0.0,0.0,0.0,0.040225,0.09023,0.0,0.088988,0.0,0.0,0.04992,0.049486,0.054926,0.045213,0.010053,0.0,0.01298
2022-08-09,0.0,0.0,0.0,0.036224,0.025774,0.054936,0.037854,0.044776,0.0,0.0,0.0,0.0,0.0,0.0,0.066414,0.024166,0.012898,0.0,0.0,0.0,0.088165,0.0,0.089158,0.078134,0.0,0.0,0.0,0.0,0.0,0.0,0.040231,0.090486,0.0,0.089323,0.0,0.0,0.049761,0.049335,0.054506,0.044999,0.009883,0.0,0.012977
2022-08-10,0.0,0.0,0.0,0.036413,0.025815,0.054452,0.038363,0.045219,0.0,0.0,0.0,0.0,0.0,0.0,0.066304,0.024357,0.013064,0.0,0.0,0.0,0.08834,0.0,0.089025,0.077785,0.0,0.0,0.0,0.0,0.0,0.0,0.04082,0.089463,0.0,0.089722,0.0,0.0,0.049351,0.048815,0.054834,0.045025,0.009971,0.0,0.012862
2022-08-11,0.0,0.0,0.0,0.036697,0.026016,0.055299,0.037582,0.044597,0.0,0.0,0.0,0.0,0.0,0.0,0.068408,0.025328,0.0131,0.0,0.0,0.0,0.087541,0.0,0.088582,0.077574,0.0,0.0,0.0,0.0,0.0,0.0,0.040952,0.088997,0.0,0.090322,0.0,0.0,0.048896,0.048525,0.054379,0.044476,0.009904,0.0,0.012829
2022-08-12,0.0,0.0,0.0,0.036723,0.025736,0.05492,0.038595,0.044627,0.0,0.0,0.0,0.0,0.0,0.0,0.068261,0.025315,0.013169,0.0,0.0,0.0,0.087807,0.0,0.08849,0.078078,0.0,0.0,0.0,0.0,0.0,0.0,0.04136,0.08895,0.0,0.089625,0.0,0.0,0.048617,0.048245,0.054337,0.044558,0.009883,0.0,0.012705
2022-08-15,0.0,0.0,0.0,0.036961,0.025798,0.054737,0.038681,0.044674,0.0,0.0,0.0,0.0,0.0,0.0,0.067017,0.0247,0.013217,0.0,0.0,0.0,0.088361,0.0,0.089483,0.07883,0.0,0.0,0.0,0.0,0.0,0.0,0.041905,0.087918,0.0,0.089132,0.0,0.0,0.048835,0.048257,0.05431,0.044584,0.009877,0.0,0.012721
2022-08-16,0.0,0.0,0.0,0.037186,0.02582,0.054492,0.038595,0.045142,0.0,0.0,0.0,0.0,0.0,0.0,0.066963,0.024735,0.013297,0.0,0.0,0.0,0.088261,0.0,0.090632,0.079177,0.0,0.0,0.0,0.0,0.0,0.0,0.041514,0.0879,0.0,0.087921,0.0,0.0,0.048854,0.048344,0.054139,0.044481,0.009807,0.0,0.012741
2022-08-17,0.0,0.0,0.0,0.036777,0.025796,0.054517,0.038573,0.045301,0.0,0.0,0.0,0.0,0.0,0.0,0.067759,0.025176,0.013238,0.0,0.0,0.0,0.088055,0.0,0.090692,0.079322,0.0,0.0,0.0,0.0,0.0,0.0,0.041356,0.087639,0.0,0.088231,0.0,0.0,0.048695,0.048367,0.053768,0.044218,0.009733,0.0,0.012785
2022-08-18,0.0,0.0,0.0,0.037123,0.025672,0.053899,0.03862,0.045125,0.0,0.0,0.0,0.0,0.0,0.0,0.069467,0.026232,0.013269,0.0,0.0,0.0,0.087522,0.0,0.09085,0.07949,0.0,0.0,0.0,0.0,0.0,0.0,0.040944,0.087267,0.0,0.08678,0.0,0.0,0.04871,0.048536,0.053764,0.044259,0.009706,0.0,0.012765
2022-08-19,0.0,0.0,0.0,0.036923,0.025435,0.053862,0.03803,0.044707,0.0,0.0,0.0,0.0,0.0,0.0,0.069903,0.026035,0.013184,0.0,0.0,0.0,0.088334,0.0,0.091148,0.079968,0.0,0.0,0.0,0.0,0.0,0.0,0.039664,0.087194,0.0,0.08818,0.0,0.0,0.048607,0.048769,0.053565,0.04402,0.009621,0.0,0.012849
2022-08-22,0.0,0.0,0.0,0.036898,0.025383,0.054346,0.037976,0.04431,0.0,0.0,0.0,0.0,0.0,0.0,0.070123,0.026315,0.012998,0.0,0.0,0.0,0.087616,0.0,0.090678,0.079274,0.0,0.0,0.0,0.0,0.0,0.0,0.040462,0.087052,0.0,0.08933,0.0,0.0,0.048637,0.048921,0.053226,0.043944,0.009599,0.0,0.012913
2022-08-23,0.0,0.0,0.0,0.036591,0.02537,0.054123,0.039128,0.044511,0.0,0.0,0.0,0.0,0.0,0.0,0.07222,0.026742,0.012945,0.0,0.0,0.0,0.085881,0.0,0.089749,0.078331,0.0,0.0,0.0,0.0,0.0,0.0,0.041003,0.08714,0.0,0.090071,0.0,0.0,0.04823,0.048711,0.053043,0.043731,0.009642,0.0,0.012838
2022-08-24,0.0,0.0,0.0,0.036741,0.025401,0.053992,0.038985,0.044619,0.0,0.0,0.0,0.0,0.0,0.0,0.072931,0.027203,0.012957,0.0,0.0,0.0,0.08578,0.0,0.089757,0.078388,0.0,0.0,0.0,0.0,0.0,0.0,0.040429,0.087186,0.0,0.090203,0.0,0.0,0.047952,0.048584,0.052977,0.043495,0.00961,0.0,0.012808
2022-08-25,0.0,0.0,0.0,0.036681,0.025519,0.055868,0.038901,0.044111,0.0,0.0,0.0,0.0,0.0,0.0,0.072991,0.027177,0.013065,0.0,0.0,0.0,0.086136,0.0,0.089555,0.078332,0.0,0.0,0.0,0.0,0.0,0.0,0.040328,0.086857,0.0,0.089024,0.0,0.0,0.047931,0.048404,0.053112,0.043644,0.009646,0.0,0.012719
2022-08-26,0.0,0.0,0.0,0.036466,0.025731,0.056071,0.039115,0.044063,0.0,0.0,0.0,0.0,0.0,0.0,0.072989,0.027242,0.012761,0.0,0.0,0.0,0.084723,0.0,0.088369,0.07804,0.0,0.0,0.0,0.0,0.0,0.0,0.039834,0.086814,0.0,0.091216,0.0,0.0,0.048439,0.048903,0.052853,0.043894,0.009607,0.0,0.012869
2022-08-29,0.0,0.0,0.0,0.036006,0.025752,0.055639,0.03949,0.044182,0.0,0.0,0.0,0.0,0.0,0.0,0.074152,0.027597,0.012714,0.0,0.0,0.0,0.084201,0.0,0.0883,0.078343,0.0,0.0,0.0,0.0,0.0,0.0,0.039562,0.08694,0.0,0.091425,0.0,0.0,0.048204,0.048753,0.052695,0.043607,0.009558,0.0,0.01288
2022-08-30,0.0,0.0,0.0,0.036008,0.025553,0.05501,0.038648,0.045319,0.0,0.0,0.0,0.0,0.0,0.0,0.072514,0.02654,0.012684,0.0,0.0,0.0,0.084662,0.0,0.088452,0.07814,0.0,0.0,0.0,0.0,0.0,0.0,0.039189,0.087268,0.0,0.09214,0.0,0.0,0.048778,0.049263,0.052929,0.044195,0.009671,0.0,0.013037
2022-08-31,0.015118,0.0,0.012261,0.082626,0.0,0.0,0.0,0.087055,0.0,0.0,0.014287,0.0,0.0,0.0,0.048873,0.048911,0.034604,0.0,0.0,0.0,0.086351,0.0,0.086873,0.086853,0.018467,0.0,0.0,0.0,0.0,0.015102,0.065979,0.087054,0.0,0.011609,0.0,0.0,0.048835,0.048306,0.060675,0.036873,0.0,0.0,0.003288
2022-09-01,0.014907,0.0,0.01216,0.081986,0.0,0.0,0.0,0.087948,0.0,0.0,0.014471,0.0,0.0,0.0,0.047849,0.047184,0.034782,0.0,0.0,0.0,0.088097,0.0,0.087686,0.088432,0.018445,0.0,0.0,0.0,0.0,0.015186,0.064887,0.086611,0.0,0.011471,0.0,0.0,0.048627,0.048119,0.061062,0.036788,0.0,0.0,0.003301
2022-09-02,0.015264,0.0,0.012042,0.082955,0.0,0.0,0.0,0.087184,0.0,0.0,0.014356,0.0,0.0,0.0,0.048788,0.048357,0.034489,0.0,0.0,0.0,0.086942,0.0,0.086649,0.087591,0.018228,0.0,0.0,0.0,0.0,0.014993,0.064465,0.087483,0.0,0.011525,0.0,0.0,0.048961,0.048464,0.061097,0.036861,0.0,0.0,0.003305
2022-09-05,0.015013,0.0,0.012049,0.082674,0.0,0.0,0.0,0.087235,0.0,0.0,0.014365,0.0,0.0,0.0,0.048816,0.048385,0.034509,0.0,0.0,0.0,0.086993,0.0,0.0867,0.087643,0.018239,0.0,0.0,0.0,0.0,0.015001,0.064503,0.087535,0.0,0.011532,0.0,0.0,0.04899,0.048493,0.061133,0.036883,0.0,0.0,0.003306
2022-09-06,0.015037,0.0,0.011905,0.082493,0.0,0.0,0.0,0.08765,0.0,0.0,0.01439,0.0,0.0,0.0,0.048549,0.047854,0.034697,0.0,0.0,0.0,0.087409,0.0,0.086539,0.088202,0.018187,0.0,0.0,0.0,0.0,0.015195,0.065047,0.087356,0.0,0.011605,0.0,0.0,0.048629,0.048214,0.061201,0.036521,0.0,0.0,0.003319
2022-09-07,0.014854,0.0,0.011748,0.081133,0.0,0.0,0.0,0.088039,0.0,0.0,0.014658,0.0,0.0,0.0,0.047425,0.046432,0.034842,0.0,0.0,0.0,0.087796,0.0,0.087069,0.089899,0.018262,0.0,0.0,0.0,0.0,0.01531,0.066474,0.087213,0.0,0.011396,0.0,0.0,0.048375,0.047848,0.06136,0.036587,0.0,0.0,0.00328
2022-09-08,0.015024,0.0,0.01184,0.082169,0.0,0.0,0.0,0.088036,0.0,0.0,0.014733,0.0,0.0,0.0,0.047433,0.046786,0.034801,0.0,0.0,0.0,0.088952,0.0,0.086484,0.089456,0.018249,0.0,0.0,0.0,0.0,0.015289,0.066704,0.08633,0.0,0.011343,0.0,0.0,0.047996,0.047385,0.061373,0.036352,0.0,0.0,0.003266
2022-09-09,0.015121,0.0,0.011945,0.082307,0.0,0.0,0.0,0.087135,0.0,0.0,0.014866,0.0,0.0,0.0,0.04814,0.047605,0.034907,0.0,0.0,0.0,0.088858,0.0,0.08648,0.088937,0.018428,0.0,0.0,0.0,0.0,0.015304,0.067785,0.085937,0.0,0.011442,0.0,0.0,0.047531,0.046943,0.061015,0.036079,0.0,0.0,0.003235
2022-09-12,0.015257,0.0,0.011871,0.082237,0.0,0.0,0.0,0.08785,0.0,0.0,0.014959,0.0,0.0,0.0,0.048703,0.047951,0.034886,0.0,0.0,0.0,0.088865,0.0,0.086251,0.0892,0.018601,0.0,0.0,0.0,0.0,0.015351,0.067385,0.085808,0.0,0.011445,0.0,0.0,0.047107,0.046497,0.060799,0.035764,0.0,0.0,0.003213
2022-09-13,0.015146,0.0,0.011749,0.082835,0.0,0.0,0.0,0.088045,0.0,0.0,0.01452,0.0,0.0,0.0,0.048586,0.047732,0.034358,0.0,0.0,0.0,0.087941,0.0,0.085322,0.088858,0.018026,0.0,0.0,0.0,0.0,0.01511,0.067648,0.086673,0.0,0.011639,0.0,0.0,0.047938,0.047444,0.060807,0.036337,0.0,0.0,0.003289
2022-09-14,0.014942,0.0,0.011855,0.08181,0.0,0.0,0.0,0.088745,0.0,0.0,0.014628,0.0,0.0,0.0,0.049694,0.049153,0.03411,0.0,0.0,0.0,0.087523,0.0,0.084834,0.089107,0.017995,0.0,0.0,0.0,0.0,0.014858,0.068179,0.085882,0.0,0.011505,0.0,0.0,0.047708,0.047312,0.060574,0.036316,0.0,0.0,0.003272
2022-09-15,0.015041,0.0,0.011916,0.082761,0.0,0.0,0.0,0.088953,0.0,0.0,0.014745,0.0,0.0,0.0,0.049049,0.048041,0.034197,0.0,0.0,0.0,0.089168,0.0,0.08523,0.088028,0.017812,0.0,0.0,0.0,0.0,0.014775,0.066478,0.085385,0.0,0.01165,0.0,0.0,0.048168,0.047691,0.060982,0.036616,0.0,0.0,0.003315
2022-09-16,0.014914,0.0,0.011991,0.081677,0.0,0.0,0.0,0.088593,0.0,0.0,0.014729,0.0,0.0,0.0,0.048341,0.047065,0.03372,0.0,0.0,0.0,0.089543,0.0,0.086035,0.088316,0.017837,0.0,0.0,0.0,0.0,0.014881,0.066056,0.086463,0.0,0.011721,0.0,0.0,0.048547,0.047826,0.061619,0.036788,0.0,0.0,0.003338
2022-09-19,0.014846,0.0,0.011976,0.081406,0.0,0.0,0.0,0.089073,0.0,0.0,0.01487,0.0,0.0,0.0,0.048151,0.046838,0.034024,0.0,0.0,0.0,0.088659,0.0,0.086217,0.089096,0.017902,0.0,0.0,0.0,0.0,0.014793,0.067178,0.08614,0.0,0.011668,0.0,0.0,0.048191,0.047394,0.061573,0.036683,0.0,0.0,0.003323
2022-09-20,0.014924,0.0,0.011948,0.08161,0.0,0.0,0.0,0.089511,0.0,0.0,0.014737,0.0,0.0,0.0,0.048206,0.046543,0.033874,0.0,0.0,0.0,0.088335,0.0,0.086445,0.088517,0.017942,0.0,0.0,0.0,0.0,0.014551,0.067197,0.086347,0.0,0.011918,0.0,0.0,0.048283,0.047706,0.061442,0.036614,0.0,0.0,0.00335
2022-09-21,0.015052,0.0,0.011883,0.083292,0.0,0.0,0.0,0.089048,0.0,0.0,0.014477,0.0,0.0,0.0,0.047793,0.045849,0.033631,0.0,0.0,0.0,0.087406,0.0,0.086648,0.087846,0.017771,0.0,0.0,0.0,0.0,0.01441,0.066842,0.087284,0.0,0.011911,0.0,0.0,0.048775,0.048093,0.061637,0.036979,0.0,0.0,0.003371
2022-09-22,0.014783,0.0,0.012086,0.081742,0.0,0.0,0.0,0.088936,0.0,0.0,0.014272,0.0,0.0,0.0,0.048056,0.045472,0.033426,0.0,0.0,0.0,0.088667,0.0,0.087311,0.088328,0.01775,0.0,0.0,0.0,0.0,0.014356,0.066293,0.088026,0.0,0.012025,0.0,0.0,0.048476,0.047979,0.061825,0.03679,0.0,0.0,0.003401
2022-09-23,0.014771,0.0,0.01209,0.081795,0.0,0.0,0.0,0.088856,0.0,0.0,0.014236,0.0,0.0,0.0,0.045681,0.042683,0.033486,0.0,0.0,0.0,0.090064,0.0,0.087627,0.089137,0.017885,0.0,0.0,0.0,0.0,0.014462,0.065294,0.088319,0.0,0.012039,0.0,0.0,0.049554,0.048776,0.062317,0.037454,0.0,0.0,0.003473
2022-09-26,0.014841,0.0,0.01205,0.083052,0.0,0.0,0.0,0.088391,0.0,0.0,0.014389,0.0,0.0,0.0,0.04514,0.041862,0.033567,0.0,0.0,0.0,0.090368,0.0,0.088833,0.088122,0.017992,0.0,0.0,0.0,0.0,0.01424,0.065552,0.08843,0.0,0.011998,0.0,0.0,0.049365,0.048622,0.062386,0.037283,0.0,0.0,0.003518
2022-09-27,0.014865,0.0,0.011989,0.082974,0.0,0.0,0.0,0.088444,0.0,0.0,0.014482,0.0,0.0,0.0,0.045797,0.04309,0.033565,0.0,0.0,0.0,0.090391,0.0,0.087586,0.086923,0.018075,0.0,0.0,0.0,0.0,0.014096,0.06621,0.088904,0.0,0.012062,0.0,0.0,0.04919,0.048524,0.06246,0.036844,0.0,0.0,0.00353
2022-09-28,0.014657,0.0,0.011989,0.082116,0.0,0.0,0.0,0.088172,0.0,0.0,0.014598,0.0,0.0,0.0,0.046941,0.045068,0.033669,0.0,0.0,0.0,0.090659,0.0,0.086999,0.086232,0.017928,0.0,0.0,0.0,0.0,0.014123,0.065249,0.089073,0.0,0.011939,0.0,0.0,0.049368,0.048468,0.062399,0.036889,0.0,0.0,0.003465
2022-09-29,0.014763,0.0,0.012062,0.081296,0.0,0.0,0.0,0.087622,0.0,0.0,0.014317,0.0,0.0,0.0,0.047686,0.045488,0.033611,0.0,0.0,0.0,0.091324,0.0,0.08692,0.084088,0.017738,0.0,0.0,0.0,0.0,0.013925,0.06458,0.090469,0.0,0.012135,0.0,0.0,0.049918,0.048548,0.062794,0.037196,0.0,0.0,0.00352
2022-09-30,0.019417,0.0,0.0,0.083417,0.030667,0.026602,0.0,0.076292,0.0,0.0,0.02372,0.0,0.0,0.0,0.043404,0.042955,0.042995,0.0,0.0,0.0,0.070056,0.031596,0.091383,0.090171,0.0,0.0,0.0,0.0,0.0,0.0,0.081894,0.0,0.0,0.026278,0.0,0.0,0.036173,0.066499,0.059097,0.027992,0.023712,0.0,0.00568
2022-10-03,0.019106,0.0,0.0,0.082229,0.030324,0.026296,0.0,0.075342,0.0,0.0,0.023339,0.0,0.0,0.0,0.045076,0.044945,0.043538,0.0,0.0,0.0,0.070278,0.031316,0.091375,0.091233,0.0,0.0,0.0,0.0,0.0,0.0,0.081413,0.0,0.0,0.025882,0.0,0.0,0.035979,0.066208,0.058851,0.028025,0.023662,0.0,0.005584
2022-10-04,0.019318,0.0,0.0,0.082153,0.030663,0.02668,0.0,0.07485,0.0,0.0,0.023565,0.0,0.0,0.0,0.045866,0.046147,0.043954,0.0,0.0,0.0,0.070156,0.031706,0.090499,0.090895,0.0,0.0,0.0,0.0,0.0,0.0,0.083111,0.0,0.0,0.025326,0.0,0.0,0.035174,0.064848,0.058652,0.027467,0.02352,0.0,0.005449
2022-10-05,0.019145,0.0,0.0,0.082114,0.030476,0.026938,0.0,0.075024,0.0,0.0,0.023537,0.0,0.0,0.0,0.047035,0.047215,0.043922,0.0,0.0,0.0,0.070722,0.031729,0.090399,0.089296,0.0,0.0,0.0,0.0,0.0,0.0,0.082346,0.0,0.0,0.025598,0.0,0.0,0.035005,0.064642,0.058698,0.027389,0.023296,0.0,0.005472
2022-10-06,0.019351,0.0,0.0,0.083311,0.030819,0.026799,0.0,0.074432,0.0,0.0,0.02349,0.0,0.0,0.0,0.048118,0.048149,0.043641,0.0,0.0,0.0,0.070179,0.031893,0.089539,0.086797,0.0,0.0,0.0,0.0,0.0,0.0,0.082998,0.0,0.0,0.025616,0.0,0.0,0.034992,0.06476,0.058823,0.027466,0.023326,0.0,0.005503
2022-10-07,0.019196,0.0,0.0,0.083065,0.030754,0.026538,0.0,0.074457,0.0,0.0,0.023072,0.0,0.0,0.0,0.048564,0.048375,0.043541,0.0,0.0,0.0,0.069873,0.031039,0.089713,0.086456,0.0,0.0,0.0,0.0,0.0,0.0,0.082189,0.0,0.0,0.026094,0.0,0.0,0.035418,0.06589,0.059103,0.027659,0.023407,0.0,0.005597
2022-10-10,0.019056,0.0,0.0,0.083362,0.030374,0.025812,0.0,0.075794,0.0,0.0,0.023084,0.0,0.0,0.0,0.047888,0.047823,0.043989,0.0,0.0,0.0,0.069903,0.030676,0.090645,0.08719,0.0,0.0,0.0,0.0,0.0,0.0,0.080913,0.0,0.0,0.026583,0.0,0.0,0.035447,0.065958,0.058776,0.027596,0.023496,0.0,0.005636
2022-10-11,0.019032,0.0,0.0,0.083236,0.030097,0.025221,0.0,0.075008,0.0,0.0,0.022922,0.0,0.0,0.0,0.04756,0.047242,0.044029,0.0,0.0,0.0,0.070356,0.030956,0.091496,0.086975,0.0,0.0,0.0,0.0,0.0,0.0,0.081632,0.0,0.0,0.026509,0.0,0.0,0.035578,0.066411,0.059025,0.02757,0.023505,0.0,0.005641
2022-10-12,0.018984,0.0,0.0,0.082826,0.029967,0.02531,0.0,0.075587,0.0,0.0,0.023067,0.0,0.0,0.0,0.048122,0.047955,0.043848,0.0,0.0,0.0,0.070275,0.031243,0.092331,0.084393,0.0,0.0,0.0,0.0,0.0,0.0,0.080914,0.0,0.0,0.026399,0.0,0.0,0.035828,0.066793,0.059346,0.027641,0.02351,0.0,0.005663
2022-10-13,0.01889,0.0,0.0,0.082302,0.029658,0.024879,0.0,0.075128,0.0,0.0,0.023025,0.0,0.0,0.0,0.049453,0.049083,0.044248,0.0,0.0,0.0,0.071002,0.031385,0.092672,0.085411,0.0,0.0,0.0,0.0,0.0,0.0,0.080902,0.0,0.0,0.026065,0.0,0.0,0.035226,0.065873,0.058726,0.02734,0.023142,0.0,0.005591
2022-10-14,0.019187,0.0,0.0,0.083552,0.030028,0.024959,0.0,0.07538,0.0,0.0,0.022509,0.0,0.0,0.0,0.048349,0.047368,0.043951,0.0,0.0,0.0,0.07162,0.030977,0.092416,0.085487,0.0,0.0,0.0,0.0,0.0,0.0,0.079423,0.0,0.0,0.026313,0.0,0.0,0.035574,0.066954,0.059448,0.027499,0.023327,0.0,0.005679
2022-10-17,0.0192,0.0,0.0,0.0832,0.030028,0.025265,0.0,0.075786,0.0,0.0,0.023035,0.0,0.0,0.0,0.04814,0.047694,0.044166,0.0,0.0,0.0,0.071565,0.031591,0.091867,0.08583,0.0,0.0,0.0,0.0,0.0,0.0,0.080701,0.0,0.0,0.025877,0.0,0.0,0.035021,0.066025,0.059182,0.027173,0.023068,0.0,0.005585
2022-10-18,0.019153,0.0,0.0,0.082885,0.029638,0.025011,0.0,0.075137,0.0,0.0,0.023203,0.0,0.0,0.0,0.04825,0.047856,0.044943,0.0,0.0,0.0,0.071503,0.031537,0.092469,0.08684,0.0,0.0,0.0,0.0,0.0,0.0,0.0805,0.0,0.0,0.025673,0.0,0.0,0.034886,0.06543,0.059218,0.02716,0.023163,0.0,0.005548
2022-10-19,0.019257,0.0,0.0,0.082938,0.02958,0.02414,0.0,0.074903,0.0,0.0,0.02309,0.0,0.0,0.0,0.049993,0.049396,0.04491,0.0,0.0,0.0,0.070956,0.030186,0.092634,0.086262,0.0,0.0,0.0,0.0,0.0,0.0,0.081176,0.0,0.0,0.025786,0.0,0.0,0.034743,0.065514,0.059026,0.02696,0.022964,0.0,0.005585
2022-10-20,0.019481,0.0,0.0,0.083637,0.030188,0.024445,0.0,0.076129,0.0,0.0,0.02279,0.0,0.0,0.0,0.050366,0.049175,0.044314,0.0,0.0,0.0,0.07081,0.030228,0.091934,0.08463,0.0,0.0,0.0,0.0,0.0,0.0,0.080845,0.0,0.0,0.025967,0.0,0.0,0.034707,0.065876,0.05908,0.026899,0.022879,0.0,0.005621
2022-10-21,0.019108,0.0,0.0,0.081657,0.029647,0.024331,0.0,0.076165,0.0,0.0,0.023133,0.0,0.0,0.0,0.051112,0.049591,0.044908,0.0,0.0,0.0,0.071411,0.030639,0.092067,0.085017,0.0,0.0,0.0,0.0,0.0,0.0,0.08229,0.0,0.0,0.025676,0.0,0.0,0.03431,0.065143,0.058833,0.026606,0.022815,0.0,0.005544
2022-10-24,0.019433,0.0,0.0,0.082183,0.028719,0.021966,0.0,0.076178,0.0,0.0,0.023211,0.0,0.0,0.0,0.051312,0.049565,0.045469,0.0,0.0,0.0,0.07273,0.030475,0.093649,0.085661,0.0,0.0,0.0,0.0,0.0,0.0,0.080679,0.0,0.0,0.025566,0.0,0.0,0.034238,0.065246,0.058827,0.026572,0.022782,0.0,0.00554
2022-10-25,0.019574,0.0,0.0,0.082669,0.028683,0.022087,0.0,0.075386,0.0,0.0,0.023499,0.0,0.0,0.0,0.050733,0.049364,0.045515,0.0,0.0,0.0,0.072382,0.030905,0.093711,0.086304,0.0,0.0,0.0,0.0,0.0,0.0,0.081441,0.0,0.0,0.025176,0.0,0.0,0.034239,0.064706,0.058664,0.026596,0.022892,0.0,0.005472
2022-10-26,0.019655,0.0,0.0,0.082812,0.029015,0.022879,0.0,0.07552,0.0,0.0,0.02312,0.0,0.0,0.0,0.051004,0.049723,0.045302,0.0,0.0,0.0,0.072586,0.031162,0.09356,0.085559,0.0,0.0,0.0,0.0,0.0,0.0,0.081899,0.0,0.0,0.024869,0.0,0.0,0.034132,0.06408,0.058343,0.026499,0.022854,0.0,0.005427
2022-10-27,0.019487,0.0,0.0,0.083255,0.02893,0.022324,0.0,0.074832,0.0,0.0,0.023055,0.0,0.0,0.0,0.051243,0.049372,0.045881,0.0,0.0,0.0,0.072282,0.030811,0.093739,0.086335,0.0,0.0,0.0,0.0,0.0,0.0,0.080802,0.0,0.0,0.024746,0.0,0.0,0.034411,0.064646,0.058835,0.026651,0.02293,0.0,0.005433
2022-10-28,0.019394,0.0,0.0,0.082569,0.028144,0.021539,0.0,0.075281,0.0,0.0,0.022941,0.0,0.0,0.0,0.051119,0.048859,0.046672,0.0,0.0,0.0,0.07304,0.031709,0.095231,0.088183,0.0,0.0,0.0,0.0,0.0,0.0,0.078879,0.0,0.0,0.024475,0.0,0.0,0.034033,0.064188,0.058941,0.026549,0.022853,0.0,0.005401
2022-10-31,0.018936,0.0,0.036614,0.084021,0.0146,0.0,0.0,0.091818,0.0,0.0,0.0,0.0,0.0,0.048174,0.037665,0.021582,0.0,0.0,0.0,0.01996,0.079007,0.024176,0.059312,0.0,0.0,0.0,0.0,0.0,0.0,0.0,0.045218,0.075698,0.0,0.09183,0.0,0.0,0.051593,0.051401,0.051677,0.05158,0.040493,0.0,0.004647
2022-11-01,0.018772,0.0,0.03664,0.084318,0.014815,0.0,0.0,0.091666,0.0,0.0,0.0,0.0,0.0,0.047914,0.037769,0.021706,0.0,0.0,0.0,0.019761,0.078515,0.024207,0.058721,0.0,0.0,0.0,0.0,0.0,0.0,0.0,0.045924,0.075948,0.0,0.092215,0.0,0.0,0.051231,0.051041,0.051633,0.051597,0.040991,0.0,0.004616
2022-11-02,0.018894,0.0,0.036827,0.084482,0.014964,0.0,0.0,0.091648,0.0,0.0,0.0,0.0,0.0,0.047369,0.037291,0.021382,0.0,0.0,0.0,0.01923,0.078083,0.024006,0.058377,0.0,0.0,0.0,0.0,0.0,0.0,0.0,0.045558,0.076303,0.0,0.092784,0.0,0.0,0.051744,0.051522,0.051762,0.05195,0.041155,0.0,0.00467
2022-11-03,0.018528,0.0,0.036826,0.084017,0.014967,0.0,0.0,0.092449,0.0,0.0,0.0,0.0,0.0,0.04702,0.038086,0.02193,0.0,0.0,0.0,0.018929,0.077969,0.023909,0.058341,0.0,0.0,0.0,0.0,0.0,0.0,0.0,0.046229,0.076223,0.0,0.092574,0.0,0.0,0.051661,0.051091,0.051535,0.051909,0.041124,0.0,0.004684
2022-11-04,0.018431,0.0,0.037063,0.082158,0.015295,0.0,0.0,0.093197,0.0,0.0,0.0,0.0,0.0,0.047516,0.038058,0.022069,0.0,0.0,0.0,0.019072,0.077443,0.023408,0.058279,0.0,0.0,0.0,0.0,0.0,0.0,0.0,0.047929,0.077561,0.0,0.092546,0.0,0.0,0.050893,0.050627,0.05123,0.051349,0.041251,0.0,0.004624
2022-11-07,0.018595,0.0,0.03714,0.082437,0.015351,0.0,0.0,0.092969,0.0,0.0,0.0,0.0,0.0,0.047689,0.038573,0.022656,0.0,0.0,0.0,0.019123,0.07799,0.023079,0.058586,0.0,0.0,0.0,0.0,0.0,0.0,0.0,0.047555,0.076976,0.0,0.092534,0.0,0.0,0.050531,0.050507,0.051038,0.050976,0.041087,0.0,0.004608
2022-11-08,0.018808,0.0,0.037447,0.082575,0.015404,0.0,0.0,0.093151,0.0,0.0,0.0,0.0,0.0,0.04732,0.038374,0.022371,0.0,0.0,0.0,0.018985,0.077901,0.023152,0.058397,0.0,0.0,0.0,0.0,0.0,0.0,0.0,0.048251,0.078272,0.0,0.091512,0.0,0.0,0.050557,0.050269,0.050678,0.050876,0.04112,0.0,0.00458
2022-11-09,0.0188,0.0,0.037335,0.082561,0.015474,0.0,0.0,0.093106,0.0,0.0,0.0,0.0,0.0,0.04716,0.037017,0.021197,0.0,0.0,0.0,0.019163,0.078158,0.022699,0.058583,0.0,0.0,0.0,0.0,0.0,0.0,0.0,0.046996,0.078987,0.0,0.092397,0.0,0.0,0.05145,0.050878,0.050784,0.051467,0.041143,0.0,0.004645
2022-11-10,0.018879,0.0,0.038211,0.082561,0.015298,0.0,0.0,0.092734,0.0,0.0,0.0,0.0,0.0,0.048037,0.036679,0.021316,0.0,0.0,0.0,0.020618,0.077684,0.02369,0.058119,0.0,0.0,0.0,0.0,0.0,0.0,0.0,0.047795,0.078893,0.0,0.089829,0.0,0.0,0.05099,0.050135,0.050757,0.051558,0.041713,0.0,0.004503
2022-11-11,0.019011,0.0,0.038794,0.082052,0.015628,0.0,0.0,0.092358,0.0,0.0,0.0,0.0,0.0,0.047629,0.037575,0.021887,0.0,0.0,0.0,0.020713,0.076386,0.024048,0.057794,0.0,0.0,0.0,0.0,0.0,0.0,0.0,0.048721,0.079056,0.0,0.089647,0.0,0.0,0.050654,0.049881,0.050705,0.051463,0.041515,0.0,0.004482
2022-11-14,0.019268,0.0,0.038528,0.08237,0.015771,0.0,0.0,0.091832,0.0,0.0,0.0,0.0,0.0,0.047148,0.037821,0.021716,0.0,0.0,0.0,0.020116,0.076981,0.024016,0.057733,0.0,0.0,0.0,0.0,0.0,0.0,0.0,0.047782,0.079774,0.0,0.090219,0.0,0.0,0.050881,0.049853,0.050677,0.051555,0.041445,0.0,0.004514
2022-11-15,0.019325,0.0,0.038533,0.082397,0.0161,0.0,0.0,0.091616,0.0,0.0,0.0,0.0,0.0,0.047121,0.037972,0.022098,0.0,0.0,0.0,0.02053,0.076386,0.023799,0.057839,0.0,0.0,0.0,0.0,0.0,0.0,0.0,0.046899,0.079537,0.0,0.089904,0.0,0.0,0.050927,0.049853,0.050793,0.051935,0.041953,0.0,0.004485
2022-11-16,0.019225,0.0,0.038676,0.081289,0.015877,0.0,0.0,0.091137,0.0,0.0,0.0,0.0,0.0,0.04671,0.037466,0.021615,0.0,0.0,0.0,0.020447,0.076904,0.023296,0.058543,0.0,0.0,0.0,0.0,0.0,0.0,0.0,0.046055,0.079928,0.0,0.090239,0.0,0.0,0.051673,0.05034,0.05105,0.052757,0.042257,0.0,0.004518
2022-11-17,0.019132,0.0,0.03887,0.081071,0.015889,0.0,0.0,0.091379,0.0,0.0,0.0,0.0,0.0,0.04638,0.037805,0.021717,0.0,0.0,0.0,0.020248,0.077396,0.023182,0.058928,0.0,0.0,0.0,0.0,0.0,0.0,0.0,0.045331,0.079891,0.0,0.090043,0.0,0.0,0.051673,0.05034,0.051179,0.052834,0.042163,0.0,0.004549
2022-11-18,0.019294,0.0,0.038807,0.081855,0.015869,0.0,0.0,0.091245,0.0,0.0,0.0,0.0,0.0,0.046691,0.03746,0.021451,0.0,0.0,0.0,0.020271,0.078236,0.023289,0.059485,0.0,0.0,0.0,0.0,0.0,0.0,0.0,0.044733,0.079242,0.0,0.089976,0.0,0.0,0.051428,0.050023,0.051226,0.052764,0.042111,0.0,0.004544
2022-11-21,0.019201,0.0,0.038575,0.082225,0.015664,0.0,0.0,0.090759,0.0,0.0,0.0,0.0,0.0,0.047015,0.037032,0.021088,0.0,0.0,0.0,0.020144,0.07844,0.023011,0.060179,0.0,0.0,0.0,0.0,0.0,0.0,0.0,0.044571,0.078969,0.0,0.090351,0.0,0.0,0.051506,0.050395,0.051316,0.052797,0.042207,0.0,0.004554
2022-11-22,0.019229,0.0,0.039067,0.082065,0.015551,0.0,0.0,0.090604,0.0,0.0,0.0,0.0,0.0,0.047195,0.037869,0.021758,0.0,0.0,0.0,0.020449,0.078452,0.02313,0.060106,0.0,0.0,0.0,0.0,0.0,0.0,0.0,0.04401,0.078393,0.0,0.089722,0.0,0.0,0.051363,0.050171,0.051252,0.052816,0.042285,0.0,0.004515
2022-11-23,0.019399,0.0,0.03937,0.082176,0.015631,0.0,0.0,0.090147,0.0,0.0,0.0,0.0,0.0,0.047022,0.037322,0.021335,0.0,0.0,0.0,0.020597,0.078476,0.023054,0.060091,0.0,0.0,0.0,0.0,0.0,0.0,0.0,0.044628,0.078593,0.0,0.089036,0.0,0.0,0.051451,0.050263,0.051352,0.053152,0.042405,0.0,0.004499
2022-11-24,0.019497,0.0,0.039351,0.082341,0.015797,0.0,0.0,0.090103,0.0,0.0,0.0,0.0,0.0,0.047,0.037303,0.021325,0.0,0.0,0.0,0.020587,0.078438,0.023043,0.060062,0.0,0.0,0.0,0.0,0.0,0.0,0.0,0.044606,0.078555,0.0,0.088993,0.0,0.0,0.051426,0.050239,0.051326,0.053126,0.042384,0.0,0.004498
2022-11-25,0.019437,0.0,0.039603,0.082318,0.015607,0.0,0.0,0.090967,0.0,0.0,0.0,0.0,0.0,0.047324,0.037149,0.021317,0.0,0.0,0.0,0.020571,0.078869,0.02305,0.060075,0.0,0.0,0.0,0.0,0.0,0.0,0.0,0.043246,0.078588,0.0,0.088908,0.0,0.0,0.051387,0.05017,0.051201,0.053157,0.04256,0.0,0.004496
2022-11-28,0.019451,0.0,0.039656,0.082212,0.015703,0.0,0.0,0.091603,0.0,0.0,0.0,0.0,0.0,0.0467,0.036459,0.020721,0.0,0.0,0.0,0.020427,0.078989,0.022855,0.06039,0.0,0.0,0.0,0.0,0.0,0.0,0.0,0.042868,0.078676,0.0,0.08922,0.0,0.0,0.051876,0.050508,0.051123,0.053252,0.042776,0.0,0.004536
2022-11-29,0.019218,0.0,0.03932,0.08173,0.01586,0.0,0.0,0.092172,0.0,0.0,0.0,0.0,0.0,0.046947,0.036923,0.020916,0.0,0.0,0.0,0.020541,0.078607,0.022896,0.060019,0.0,0.0,0.0,0.0,0.0,0.0,0.0,0.043498,0.078879,0.0,0.089281,0.0,0.0,0.051536,0.050174,0.051223,0.052864,0.042871,0.0,0.004527
2022-11-30,0.012851,0.0,0.0,0.09726,0.0,0.0,0.03938,0.09773,0.0,0.0,0.0,0.0,0.044379,0.052725,0.066717,0.042599,0.060381,0.0,0.0,0.011878,0.054775,0.054571,0.061843,0.0,0.0,0.0,0.0,0.0,0.0,0.0,0.031003,0.0,0.0,0.07097,0.0,0.0,0.03499,0.039066,0.090376,0.019407,0.011346,0.0,0.005753
2022-12-01,0.013209,0.0,0.0,0.098187,0.0,0.0,0.039054,0.097705,0.0,0.0,0.0,0.0,0.044122,0.052362,0.066495,0.04175,0.060398,0.0,0.0,0.012037,0.054932,0.054224,0.061561,0.0,0.0,0.0,0.0,0.0,0.0,0.0,0.030917,0.0,0.0,0.070508,0.0,0.0,0.035371,0.039485,0.090709,0.019649,0.011571,0.0,0.005753
2022-12-02,0.013134,0.0,0.0,0.097893,0.0,0.0,0.039133,0.097083,0.0,0.0,0.0,0.0,0.043862,0.052077,0.066023,0.041351,0.060671,0.0,0.0,0.011943,0.055009,0.055835,0.061769,0.0,0.0,0.0,0.0,0.0,0.0,0.0,0.03134,0.0,0.0,0.070213,0.0,0.0,0.035401,0.03973,0.090531,0.019745,0.011509,0.0,0.005747
2022-12-05,0.013286,0.0,0.0,0.098314,0.0,0.0,0.038556,0.097795,0.0,0.0,0.0,0.0,0.043635,0.050628,0.06535,0.040225,0.060855,0.0,0.0,0.011965,0.055576,0.055109,0.062218,0.0,0.0,0.0,0.0,0.0,0.0,0.0,0.030469,0.0,0.0,0.071299,0.0,0.0,0.035747,0.040113,0.091469,0.019971,0.01156,0.0,0.005863
2022-12-06,0.013235,0.0,0.0,0.097928,0.0,0.0,0.039528,0.097992,0.0,0.0,0.0,0.0,0.043647,0.050569,0.064214,0.039472,0.060689,0.0,0.0,0.01191,0.055662,0.05408,0.062404,0.0,0.0,0.0,0.0,0.0,0.0,0.0,0.030736,0.0,0.0,0.071446,0.0,0.0,0.036298,0.040475,0.091979,0.020216,0.011603,0.0,0.005917
2022-12-07,0.0131,0.0,0.0,0.097398,0.0,0.0,0.03918,0.098001,0.0,0.0,0.0,0.0,0.043385,0.050468,0.063935,0.039051,0.060489,0.0,0.0,0.012189,0.056008,0.054307,0.062542,0.0,0.0,0.0,0.0,0.0,0.0,0.0,0.031105,0.0,0.0,0.071377,0.0,0.0,0.036542,0.040568,0.0923,0.0204,0.011747,0.0,0.005907
2022-12-08,0.013213,0.0,0.0,0.097443,0.0,0.0,0.038472,0.098268,0.0,0.0,0.0,0.0,0.04342,0.050586,0.063647,0.038161,0.060845,0.0,0.0,0.012232,0.056511,0.054632,0.062876,0.0,0.0,0.0,0.0,0.0,0.0,0.0,0.031062,0.0,0.0,0.071409,0.0,0.0,0.036334,0.040555,0.092369,0.020334,0.011725,0.0,0.005906
2022-12-09,0.013386,0.0,0.0,0.098521,0.0,0.0,0.038765,0.097813,0.0,0.0,0.0,0.0,0.043681,0.050802,0.062636,0.037769,0.060867,0.0,0.0,0.012245,0.056269,0.053719,0.06293,0.0,0.0,0.0,0.0,0.0,0.0,0.0,0.030818,0.0,0.0,0.07166,0.0,0.0,0.036376,0.040517,0.093167,0.020356,0.011744,0.0,0.005958
2022-12-12,0.013199,0.0,0.0,0.097449,0.0,0.0,0.037415,0.097451,0.0,0.0,0.0,0.0,0.043925,0.050906,0.063788,0.038901,0.061438,0.0,0.0,0.012308,0.056433,0.054649,0.063107,0.0,0.0,0.0,0.0,0.0,0.0,0.0,0.030449,0.0,0.0,0.071729,0.0,0.0,0.036046,0.040211,0.092812,0.020175,0.011698,0.0,0.005912
2022-12-13,0.013463,0.0,0.0,0.097812,0.0,0.0,0.036376,0.097468,0.0,0.0,0.0,0.0,0.04378,0.050021,0.064619,0.039369,0.061309,0.0,0.0,0.012448,0.056277,0.055189,0.062648,0.0,0.0,0.0,0.0,0.0,0.0,0.0,0.030148,0.0,0.0,0.071744,0.0,0.0,0.036159,0.040094,0.093225,0.020232,0.011741,0.0,0.005878
2022-12-14,0.013484,0.0,0.0,0.098142,0.0,0.0,0.036451,0.09744,0.0,0.0,0.0,0.0,0.04337,0.049352,0.064428,0.039288,0.06139,0.0,0.0,0.012452,0.056546,0.055546,0.062808,0.0,0.0,0.0,0.0,0.0,0.0,0.0,0.029938,0.0,0.0,0.071901,0.0,0.0,0.036374,0.040122,0.092995,0.020315,0.011761,0.0,0.005896
2022-12-15,0.013188,0.0,0.0,0.096406,0.0,0.0,0.036791,0.096972,0.0,0.0,0.0,0.0,0.043094,0.049104,0.064906,0.039986,0.060718,0.0,0.0,0.012754,0.056261,0.054673,0.062577,0.0,0.0,0.0,0.0,0.0,0.0,0.0,0.029778,0.0,0.0,0.072839,0.0,0.0,0.036938,0.040673,0.093899,0.020608,0.011857,0.0,0.005977
2022-12-16,0.013101,0.0,0.0,0.096285,0.0,0.0,0.036814,0.097403,0.0,0.0,0.0,0.0,0.043036,0.049015,0.064515,0.039547,0.060843,0.0,0.0,0.01265,0.055794,0.055204,0.062665,0.0,0.0,0.0,0.0,0.0,0.0,0.0,0.029729,0.0,0.0,0.073079,0.0,0.0,0.037079,0.040712,0.093991,0.02065,0.011871,0.0,0.006016
2022-12-19,0.013103,0.0,0.0,0.096232,0.0,0.0,0.037728,0.098436,0.0,0.0,0.0,0.0,0.043049,0.049308,0.064701,0.039024,0.060704,0.0,0.0,0.012442,0.055753,0.054234,0.062813,0.0,0.0,0.0,0.0,0.0,0.0,0.0,0.029398,0.0,0.0,0.073321,0.0,0.0,0.036888,0.040693,0.093793,0.020503,0.011841,0.0,0.006035
2022-12-20,0.013031,0.0,0.0,0.095776,0.0,0.0,0.039021,0.098097,0.0,0.0,0.0,0.0,0.04307,0.049374,0.065436,0.03929,0.060556,0.0,0.0,0.012302,0.055535,0.055043,0.062532,0.0,0.0,0.0,0.0,0.0,0.0,0.0,0.029164,0.0,0.0,0.073608,0.0,0.0,0.036486,0.040532,0.093209,0.020187,0.011738,0.0,0.006013
2022-12-21,0.013097,0.0,0.0,0.09634,0.0,0.0,0.03889,0.096122,0.0,0.0,0.0,0.0,0.043265,0.049728,0.065957,0.039852,0.061028,0.0,0.0,0.012397,0.055657,0.055661,0.062471,0.0,0.0,0.0,0.0,0.0,0.0,0.0,0.028668,0.0,0.0,0.07362,0.0,0.0,0.036135,0.04031,0.092985,0.020105,0.011763,0.0,0.00595
2022-12-22,0.012986,0.0,0.0,0.095638,0.0,0.0,0.039504,0.095912,0.0,0.0,0.0,0.0,0.043252,0.049841,0.064991,0.038928,0.060769,0.0,0.0,0.012446,0.056057,0.056302,0.062865,0.0,0.0,0.0,0.0,0.0,0.0,0.0,0.027924,0.0,0.0,0.074437,0.0,0.0,0.036435,0.040434,0.093205,0.020272,0.011803,0.0,0.005997
2022-12-23,0.013022,0.0,0.0,0.095638,0.0,0.0,0.040166,0.094432,0.0,0.0,0.0,0.0,0.043334,0.049968,0.066813,0.040279,0.060902,0.0,0.0,0.012382,0.055882,0.054779,0.062958,0.0,0.0,0.0,0.0,0.0,0.0,0.0,0.027644,0.0,0.0,0.074567,0.0,0.0,0.036135,0.040194,0.093097,0.020135,0.011696,0.0,0.005978
2022-12-27,0.013054,0.0,0.0,0.095854,0.0,0.0,0.038921,0.096041,0.0,0.0,0.0,0.0,0.043426,0.050123,0.067691,0.040641,0.061236,0.0,0.0,0.012394,0.055873,0.053323,0.063413,0.0,0.0,0.0,0.0,0.0,0.0,0.0,0.027637,0.0,0.0,0.074415,0.0,0.0,0.035919,0.040107,0.092357,0.019924,0.011654,0.0,0.005995
2022-12-28,0.013069,0.0,0.0,0.095985,0.0,0.0,0.040035,0.096784,0.0,0.0,0.0,0.0,0.043587,0.050093,0.066656,0.039118,0.060874,0.0,0.0,0.012219,0.055914,0.053908,0.063078,0.0,0.0,0.0,0.0,0.0,0.0,0.0,0.027243,0.0,0.0,0.075476,0.0,0.0,0.036093,0.040352,0.091776,0.020005,0.011696,0.0,0.00604
2022-12-29,0.013072,0.0,0.0,0.095853,0.0,0.0,0.03923,0.096675,0.0,0.0,0.0,0.0,0.043704,0.050563,0.066608,0.039519,0.060943,0.0,0.0,0.01236,0.055898,0.055638,0.062648,0.0,0.0,0.0,0.0,0.0,0.0,0.0,0.027589,0.0,0.0,0.074273,0.0,0.0,0.035869,0.040071,0.091936,0.019925,0.011656,0.0,0.00597
2022-12-30,0.014743,0.027524,0.047486,0.059438,0.0,0.0,0.0,0.101262,0.0,0.0,0.0,0.0,0.079629,0.034154,0.063259,0.013597,0.089852,0.023465,0.0,0.027817,0.065823,0.047971,0.101181,0.0,0.0,0.0,0.0,0.0,0.0,0.0,0.0,0.0,0.016719,0.0,0.0,0.0,0.022552,0.0,0.07767,0.035452,0.044857,0.0,0.005548
2023-01-02,0.014726,0.027491,0.047431,0.060538,0.0,0.0,0.0,0.101144,0.0,0.0,0.0,0.0,0.079536,0.034115,0.063185,0.013581,0.089747,0.023437,0.0,0.027784,0.065746,0.047915,0.101062,0.0,0.0,0.0,0.0,0.0,0.0,0.0,0.0,0.0,0.016699,0.0,0.0,0.0,0.022526,0.0,0.077579,0.035411,0.044805,0.0,0.005543
2023-01-03,0.014712,0.027904,0.047769,0.060268,0.0,0.0,0.0,0.10177,0.0,0.0,0.0,0.0,0.080002,0.034058,0.061111,0.012852,0.09015,0.023539,0.0,0.028231,0.065711,0.047176,0.100919,0.0,0.0,0.0,0.0,0.0,0.0,0.0,0.0,0.0,0.016761,0.0,0.0,0.0,0.022755,0.0,0.077909,0.03574,0.045106,0.0,0.005557
2023-01-04,0.014813,0.02822,0.046939,0.060378,0.0,0.0,0.0,0.100903,0.0,0.0,0.0,0.0,0.080669,0.034184,0.060641,0.012799,0.090258,0.023791,0.0,0.028637,0.065387,0.047801,0.100546,0.0,0.0,0.0,0.0,0.0,0.0,0.0,0.0,0.0,0.016514,0.0,0.0,0.0,0.022756,0.0,0.07821,0.035726,0.045313,0.0,0.005516
2023-01-05,0.014702,0.028146,0.046608,0.060433,0.0,0.0,0.0,0.100832,0.0,0.0,0.0,0.0,0.080589,0.034073,0.06215,0.012901,0.089867,0.023629,0.0,0.0287,0.065139,0.047696,0.100183,0.0,0.0,0.0,0.0,0.0,0.0,0.0,0.0,0.0,0.016241,0.0,0.0,0.0,0.022871,0.0,0.078561,0.035932,0.045194,0.0,0.005552
2023-01-06,0.014692,0.028356,0.046885,0.059998,0.0,0.0,0.0,0.100187,0.0,0.0,0.0,0.0,0.080843,0.034335,0.062146,0.01292,0.090604,0.024031,0.0,0.028708,0.064512,0.047169,0.100936,0.0,0.0,0.0,0.0,0.0,0.0,0.0,0.0,0.0,0.016333,0.0,0.0,0.0,0.022733,0.0,0.078191,0.035839,0.045136,0.0,0.005448
2023-01-09,0.01501,0.028612,0.047112,0.060396,0.0,0.0,0.0,0.100667,0.0,0.0,0.0,0.0,0.08076,0.034211,0.06209,0.013086,0.090439,0.024372,0.0,0.028735,0.063601,0.046219,0.100215,0.0,0.0,0.0,0.0,0.0,0.0,0.0,0.0,0.0,0.016242,0.0,0.0,0.0,0.022851,0.0,0.078678,0.036076,0.045167,0.0,0.005461
2023-01-10,0.01479,0.028675,0.04688,0.059838,0.0,0.0,0.0,0.100386,0.0,0.0,0.0,0.0,0.08101,0.034375,0.062371,0.013097,0.090702,0.024424,0.0,0.028936,0.063971,0.047411,0.099826,0.0,0.0,0.0,0.0,0.0,0.0,0.0,0.0,0.0,0.016193,0.0,0.0,0.0,0.022649,0.0,0.078384,0.035861,0.04477,0.0,0.005449
2023-01-11,0.014857,0.02868,0.04693,0.06005,0.0,0.0,0.0,0.099762,0.0,0.0,0.0,0.0,0.081198,0.034432,0.06213,0.013107,0.090939,0.024566,0.0,0.029505,0.063887,0.047533,0.099187,0.0,0.0,0.0,0.0,0.0,0.0,0.0,0.0,0.0,0.015948,0.0,0.0,0.0,0.022637,0.0,0.078356,0.035918,0.044967,0.0,0.005411
2023-01-12,0.014847,0.02879,0.047658,0.059925,0.0,0.0,0.0,0.09956,0.0,0.0,0.0,0.0,0.080676,0.034473,0.062784,0.013382,0.090708,0.024637,0.0,0.029365,0.063151,0.049113,0.097583,0.0,0.0,0.0,0.0,0.0,0.0,0.0,0.0,0.0,0.016056,0.0,0.0,0.0,0.022648,0.0,0.078138,0.03602,0.045119,0.0,0.005366
2023-01-13,0.014862,0.028856,0.047747,0.06027,0.0,0.0,0.0,0.099323,0.0,0.0,0.0,0.0,0.08109,0.034479,0.062725,0.01342,0.090386,0.024484,0.0,0.029445,0.06328,0.048974,0.097809,0.0,0.0,0.0,0.0,0.0,0.0,0.0,0.0,0.0,0.016347,0.0,0.0,0.0,0.022474,0.0,0.077952,0.035818,0.044904,0.0,0.005356
2023-01-16,0.014942,0.028845,0.047729,0.060542,0.0,0.0,0.0,0.099285,0.0,0.0,0.0,0.0,0.081059,0.034466,0.062701,0.013415,0.090352,0.024475,0.0,0.029434,0.063256,0.048955,0.097772,0.0,0.0,0.0,0.0,0.0,0.0,0.0,0.0,0.0,0.016341,0.0,0.0,0.0,0.022465,0.0,0.077922,0.035804,0.044887,0.0,0.005352
2023-01-17,0.01499,0.028979,0.048287,0.060805,0.0,0.0,0.0,0.099523,0.0,0.0,0.0,0.0,0.080695,0.034408,0.062969,0.013508,0.089778,0.024466,0.0,0.029396,0.063098,0.048491,0.098048,0.0,0.0,0.0,0.0,0.0,0.0,0.0,0.0,0.0,0.016142,0.0,0.0,0.0,0.022443,0.0,0.077826,0.035752,0.04503,0.0,0.005364
2023-01-18,0.015077,0.029171,0.048683,0.061257,0.0,0.0,0.0,0.100458,0.0,0.0,0.0,0.0,0.07995,0.033714,0.062412,0.013372,0.088938,0.024453,0.0,0.029522,0.062808,0.04835,0.096292,0.0,0.0,0.0,0.0,0.0,0.0,0.0,0.0,0.0,0.015971,0.0,0.0,0.0,0.022967,0.0,0.078668,0.036519,0.046001,0.0,0.005417
2023-01-19,0.014909,0.029199,0.048949,0.060485,0.0,0.0,0.0,0.101178,0.0,0.0,0.0,0.0,0.079492,0.033842,0.063566,0.013714,0.08763,0.024331,0.0,0.028938,0.063336,0.048134,0.09595,0.0,0.0,0.0,0.0,0.0,0.0,0.0,0.0,0.0,0.016358,0.0,0.0,0.0,0.023061,0.0,0.078673,0.036662,0.046146,0.0,0.005449
2023-01-20,0.014945,0.029179,0.049053,0.060476,0.0,0.0,0.0,0.100655,0.0,0.0,0.0,0.0,0.080011,0.03443,0.063611,0.013784,0.08804,0.024529,0.0,0.029307,0.063073,0.048875,0.095812,0.0,0.0,0.0,0.0,0.0,0.0,0.0,0.0,0.0,0.016252,0.0,0.0,0.0,0.022699,0.0,0.078108,0.036137,0.045622,0.0,0.005401
2023-01-23,0.015141,0.029199,0.048725,0.060994,0.0,0.0,0.0,0.099883,0.0,0.0,0.0,0.0,0.080621,0.034756,0.063445,0.013928,0.088651,0.024699,0.0,0.029521,0.063041,0.048778,0.095738,0.0,0.0,0.0,0.0,0.0,0.0,0.0,0.0,0.0,0.015865,0.0,0.0,0.0,0.022537,0.0,0.077791,0.035891,0.045417,0.0,0.00538
2023-01-24,0.015115,0.029092,0.049013,0.060983,0.0,0.0,0.0,0.098882,0.0,0.0,0.0,0.0,0.080597,0.034389,0.063146,0.013765,0.089158,0.02444,0.0,0.029731,0.06257,0.049664,0.096049,0.0,0.0,0.0,0.0,0.0,0.0,0.0,0.0,0.0,0.015984,0.0,0.0,0.0,0.022647,0.0,0.077775,0.036049,0.045578,0.0,0.005375
2023-01-25,0.015011,0.029214,0.049614,0.060486,0.0,0.0,0.0,0.098035,0.0,0.0,0.0,0.0,0.081246,0.034558,0.063167,0.013754,0.088683,0.024236,0.0,0.02976,0.062602,0.04972,0.096307,0.0,0.0,0.0,0.0,0.0,0.0,0.0,0.0,0.0,0.016142,0.0,0.0,0.0,0.022677,0.0,0.077782,0.036073,0.045557,0.0,0.005376
2023-01-26,0.015079,0.029119,0.049297,0.06076,0.0,0.0,0.0,0.097981,0.0,0.0,0.0,0.0,0.081316,0.034779,0.064876,0.014023,0.08878,0.024102,0.0,0.029735,0.062445,0.04933,0.095546,0.0,0.0,0.0,0.0,0.0,0.0,0.0,0.0,0.0,0.016086,0.0,0.0,0.0,0.022496,0.0,0.077635,0.035902,0.045358,0.0,0.005354
2023-01-27,0.015275,0.02912,0.049594,0.06147,0.0,0.0,0.0,0.095795,0.0,0.0,0.0,0.0,0.081585,0.035091,0.063776,0.013877,0.089444,0.02439,0.0,0.030016,0.062225,0.049939,0.095586,0.0,0.0,0.0,0.0,0.0,0.0,0.0,0.0,0.0,0.015911,0.0,0.0,0.0,0.022537,0.0,0.077657,0.035917,0.045421,0.0,0.005372
2023-01-30,0.015325,0.029186,0.049715,0.061834,0.0,0.0,0.0,0.096437,0.0,0.0,0.0,0.0,0.081864,0.03504,0.062841,0.013542,0.089315,0.024101,0.0,0.02975,0.062183,0.04907,0.096511,0.0,0.0,0.0,0.0,0.0,0.0,0.0,0.0,0.0,0.016031,0.0,0.0,0.0,0.022655,0.0,0.07788,0.036082,0.045219,0.0,0.005417
2023-01-31,0.01921,0.078973,0.058925,0.0,0.0,0.0,0.0,0.0,0.0,0.0,0.0,0.0,0.078907,0.0,0.078928,0.0,0.078915,0.0,0.028472,0.078668,0.060367,0.027721,0.050483,0.0,0.0,0.0,0.0,0.0,0.018464,0.0,0.0,0.041514,0.046928,0.0,0.078781,0.0,0.0,0.0,0.071462,0.016522,0.06432,0.0,0.022441
2023-02-01,0.019147,0.079255,0.058661,0.0,0.0,0.0,0.0,0.0,0.0,0.0,0.0,0.0,0.078286,0.0,0.076766,0.0,0.078863,0.0,0.028435,0.079642,0.060175,0.027763,0.050486,0.0,0.0,0.0,0.0,0.0,0.01892,0.0,0.0,0.041706,0.047092,0.0,0.079316,0.0,0.0,0.0,0.071644,0.016559,0.065025,0.0,0.022258
2023-02-02,0.019635,0.07955,0.058634,0.0,0.0,0.0,0.0,0.0,0.0,0.0,0.0,0.0,0.078652,0.0,0.07516,0.0,0.079632,0.0,0.0284,0.082291,0.059882,0.028508,0.050148,0.0,0.0,0.0,0.0,0.0,0.019241,0.0,0.0,0.040919,0.046093,0.0,0.076776,0.0,0.0,0.0,0.072194,0.016615,0.065362,0.0,0.022308
2023-02-03,0.01983,0.079732,0.05868,0.0,0.0,0.0,0.0,0.0,0.0,0.0,0.0,0.0,0.079469,0.0,0.075919,0.0,0.080192,0.0,0.028232,0.081371,0.060442,0.028363,0.050567,0.0,0.0,0.0,0.0,0.0,0.019166,0.0,0.0,0.04039,0.044498,0.0,0.076359,0.0,0.0,0.0,0.072317,0.016628,0.065259,0.0,0.022584
2023-02-06,0.01969,0.079514,0.05862,0.0,0.0,0.0,0.0,0.0,0.0,0.0,0.0,0.0,0.080097,0.0,0.076193,0.0,0.080652,0.0,0.028149,0.080637,0.060597,0.028377,0.051043,0.0,0.0,0.0,0.0,0.0,0.019032,0.0,0.0,0.040805,0.044665,0.0,0.075222,0.0,0.0,0.0,0.072441,0.016636,0.064862,0.0,0.022769
2023-02-07,0.019495,0.079374,0.058941,0.0,0.0,0.0,0.0,0.0,0.0,0.0,0.0,0.0,0.080289,0.0,0.077961,0.0,0.080176,0.0,0.028271,0.080765,0.060439,0.028316,0.05037,0.0,0.0,0.0,0.0,0.0,0.019235,0.0,0.0,0.040475,0.044048,0.0,0.076465,0.0,0.0,0.0,0.072045,0.016432,0.064338,0.0,0.022564
2023-02-08,0.019658,0.079629,0.058723,0.0,0.0,0.0,0.0,0.0,0.0,0.0,0.0,0.0,0.080398,0.0,0.077832,0.0,0.08031,0.0,0.028251,0.079561,0.060704,0.027536,0.050352,0.0,0.0,0.0,0.0,0.0,0.019078,0.0,0.0,0.040874,0.044589,0.0,0.076157,0.0,0.0,0.0,0.07227,0.016569,0.064773,0.0,0.022733
2023-02-09,0.019852,0.080262,0.059154,0.0,0.0,0.0,0.0,0.0,0.0,0.0,0.0,0.0,0.080001,0.0,0.07765,0.0,0.080088,0.0,0.028017,0.079807,0.060551,0.027359,0.050446,0.0,0.0,0.0,0.0,0.0,0.018992,0.0,0.0,0.040805,0.044212,0.0,0.076383,0.0,0.0,0.0,0.072254,0.016533,0.064754,0.0,0.022879
2023-02-10,0.019592,0.079465,0.059381,0.0,0.0,0.0,0.0,0.0,0.0,0.0,0.0,0.0,0.080117,0.0,0.080541,0.0,0.080507,0.0,0.028068,0.079878,0.061009,0.02716,0.050819,0.0,0.0,0.0,0.0,0.0,0.018839,0.0,0.0,0.040807,0.044261,0.0,0.07463,0.0,0.0,0.0,0.071565,0.016387,0.064133,0.0,0.02284
2023-02-13,0.019653,0.080031,0.05894,0.0,0.0,0.0,0.0,0.0,0.0,0.0,0.0,0.0,0.080478,0.0,0.07978,0.0,0.080678,0.0,0.02802,0.081198,0.06109,0.026953,0.051041,0.0,0.0,0.0,0.0,0.0,0.01881,0.0,0.0,0.040319,0.043868,0.0,0.075001,0.0,0.0,0.0,0.071251,0.016334,0.063868,0.0,0.022685
2023-02-14,0.019588,0.080469,0.058687,0.0,0.0,0.0,0.0,0.0,0.0,0.0,0.0,0.0,0.080098,0.0,0.079863,0.0,0.080516,0.0,0.028104,0.080627,0.060772,0.027073,0.050613,0.0,0.0,0.0,0.0,0.0,0.01902,0.0,0.0,0.040378,0.043725,0.0,0.076191,0.0,0.0,0.0,0.07132,0.016305,0.06395,0.0,0.022701
2023-02-15,0.019725,0.080636,0.058286,0.0,0.0,0.0,0.0,0.0,0.0,0.0,0.0,0.0,0.080431,0.0,0.078745,0.0,0.081265,0.0,0.028313,0.081194,0.060655,0.027212,0.050865,0.0,0.0,0.0,0.0,0.0,0.019101,0.0,0.0,0.040097,0.043358,0.0,0.07567,0.0,0.0,0.0,0.071423,0.016292,0.063959,0.0,0.022773
2023-02-16,0.019878,0.080734,0.058498,0.0,0.0,0.0,0.0,0.0,0.0,0.0,0.0,0.0,0.080177,0.0,0.078516,0.0,0.080986,0.0,0.028188,0.080619,0.060468,0.026992,0.05085,0.0,0.0,0.0,0.0,0.0,0.018973,0.0,0.0,0.040345,0.043551,0.0,0.076685,0.0,0.0,0.0,0.071346,0.016275,0.063986,0.0,0.022933
2023-02-17,0.019635,0.081318,0.058573,0.0,0.0,0.0,0.0,0.0,0.0,0.0,0.0,0.0,0.080329,0.0,0.075843,0.0,0.081648,0.0,0.027969,0.079396,0.061108,0.027683,0.051591,0.0,0.0,0.0,0.0,0.0,0.018711,0.0,0.0,0.040531,0.043995,0.0,0.076478,0.0,0.0,0.0,0.071741,0.016366,0.064112,0.0,0.022973
2023-02-20,0.019712,0.081311,0.058568,0.0,0.0,0.0,0.0,0.0,0.0,0.0,0.0,0.0,0.080323,0.0,0.075837,0.0,0.081642,0.0,0.027966,0.07939,0.061103,0.027681,0.051587,0.0,0.0,0.0,0.0,0.0,0.018709,0.0,0.0,0.040527,0.043992,0.0,0.076472,0.0,0.0,0.0,0.071735,0.016364,0.064107,0.0,0.022974
2023-02-21,0.019776,0.081539,0.058683,0.0,0.0,0.0,0.0,0.0,0.0,0.0,0.0,0.0,0.079801,0.0,0.076547,0.0,0.080921,0.0,0.027902,0.077331,0.061181,0.026776,0.052131,0.0,0.0,0.0,0.0,0.0,0.018456,0.0,0.0,0.040958,0.04476,0.0,0.077871,0.0,0.0,0.0,0.071647,0.016364,0.064049,0.0,0.023308
2023-02-22,0.019753,0.081271,0.058412,0.0,0.0,0.0,0.0,0.0,0.0,0.0,0.0,0.0,0.079939,0.0,0.076255,0.0,0.080951,0.0,0.028192,0.078329,0.061148,0.027131,0.052202,0.0,0.0,0.0,0.0,0.0,0.018492,0.0,0.0,0.040844,0.044172,0.0,0.076267,0.0,0.0,0.0,0.072321,0.016458,0.064484,0.0,0.023379
2023-02-23,0.019582,0.081413,0.058729,0.0,0.0,0.0,0.0,0.0,0.0,0.0,0.0,0.0,0.079643,0.0,0.077053,0.0,0.08096,0.0,0.028095,0.078922,0.061035,0.026956,0.051901,0.0,0.0,0.0,0.0,0.0,0.01885,0.0,0.0,0.040637,0.043704,0.0,0.074814,0.0,0.0,0.0,0.072704,0.016512,0.065217,0.0,0.023273
2023-02-24,0.019612,0.080829,0.058445,0.0,0.0,0.0,0.0,0.0,0.0,0.0,0.0,0.0,0.080524,0.0,0.077739,0.0,0.081316,0.0,0.028571,0.079088,0.060862,0.026579,0.052079,0.0,0.0,0.0,0.0,0.0,0.018864,0.0,0.0,0.040756,0.042935,0.0,0.073302,0.0,0.0,0.0,0.073003,0.016555,0.065429,0.0,0.023512
2023-02-27,0.019663,0.081544,0.058655,0.0,0.0,0.0,0.0,0.0,0.0,0.0,0.0,0.0,0.080028,0.0,0.07751,0.0,0.081555,0.0,0.028498,0.079117,0.06032,0.026637,0.051716,0.0,0.0,0.0,0.0,0.0,0.019003,0.0,0.0,0.040675,0.042325,0.0,0.074478,0.0,0.0,0.0,0.073063,0.016462,0.065373,0.0,0.023377
2023-02-28,0.015492,0.088782,0.079197,0.0,0.033508,0.020624,0.0,0.0,0.023746,0.016084,0.0,0.0,0.088699,0.0,0.088744,0.0,0.079968,0.0,0.071949,0.088872,0.0,0.0,0.0,0.0,0.0,0.0,0.0,0.0,0.043648,0.0,0.0,0.054103,0.045562,0.0,0.088694,0.0,0.0,0.0,0.0,0.0,0.025282,0.031587,0.015458
2023-03-01,0.015282,0.088589,0.078652,0.0,0.03386,0.021239,0.0,0.0,0.023825,0.016253,0.0,0.0,0.087651,0.0,0.089726,0.0,0.079604,0.0,0.071896,0.087102,0.0,0.0,0.0,0.0,0.0,0.0,0.0,0.0,0.043388,0.0,0.0,0.053954,0.04534,0.0,0.091912,0.0,0.0,0.0,0.0,0.0,0.024902,0.031496,0.015331
2023-03-02,0.01522,0.08844,0.078551,0.0,0.03384,0.021492,0.0,0.0,0.023871,0.016144,0.0,0.0,0.087028,0.0,0.090302,0.0,0.080349,0.0,0.072545,0.087404,0.0,0.0,0.0,0.0,0.0,0.0,0.0,0.0,0.043414,0.0,0.0,0.053796,0.045117,0.0,0.090909,0.0,0.0,0.0,0.0,0.0,0.024752,0.031531,0.015294
2023-03-03,0.015262,0.088322,0.079236,0.0,0.033622,0.02123,0.0,0.0,0.023776,0.016251,0.0,0.0,0.087169,0.0,0.090252,0.0,0.080085,0.0,0.072553,0.087798,0.0,0.0,0.0,0.0,0.0,0.0,0.0,0.0,0.044147,0.0,0.0,0.053613,0.045203,0.0,0.092221,0.0,0.0,0.0,0.0,0.0,0.024782,0.029394,0.015083
2023-03-06,0.01552,0.088669,0.079691,0.0,0.033992,0.021069,0.0,0.0,0.023844,0.01638,0.0,0.0,0.087743,0.0,0.090812,0.0,0.080398,0.0,0.071788,0.08722,0.0,0.0,0.0,0.0,0.0,0.0,0.0,0.0,0.0442,0.0,0.0,0.053649,0.044928,0.0,0.090431,0.0,0.0,0.0,0.0,0.0,0.024825,0.029671,0.015171
2023-03-07,0.01558,0.088578,0.080585,0.0,0.034079,0.021026,0.0,0.0,0.024153,0.016244,0.0,0.0,0.087211,0.0,0.091041,0.0,0.080974,0.0,0.071801,0.088267,0.0,0.0,0.0,0.0,0.0,0.0,0.0,0.0,0.044373,0.0,0.0,0.053781,0.043775,0.0,0.087975,0.0,0.0,0.0,0.0,0.0,0.025224,0.029854,0.015477
2023-03-08,0.015479,0.088585,0.081311,0.0,0.033908,0.020798,0.0,0.0,0.024302,0.016235,0.0,0.0,0.086605,0.0,0.089813,0.0,0.0809,0.0,0.071918,0.089315,0.0,0.0,0.0,0.0,0.0,0.0,0.0,0.0,0.044765,0.0,0.0,0.05358,0.043514,0.0,0.088716,0.0,0.0,0.0,0.0,0.0,0.025023,0.029801,0.015431
2023-03-09,0.015806,0.089328,0.082639,0.0,0.034125,0.020427,0.0,0.0,0.02424,0.016124,0.0,0.0,0.084591,0.0,0.090146,0.0,0.08115,0.0,0.071335,0.090199,0.0,0.0,0.0,0.0,0.0,0.0,0.0,0.0,0.044822,0.0,0.0,0.055087,0.044399,0.0,0.086778,0.0,0.0,0.0,0.0,0.0,0.025482,0.027613,0.015709
2023-03-10,0.015731,0.089465,0.082427,0.0,0.034317,0.020648,0.0,0.0,0.024237,0.016286,0.0,0.0,0.083846,0.0,0.089844,0.0,0.080398,0.0,0.070484,0.08935,0.0,0.0,0.0,0.0,0.0,0.0,0.0,0.0,0.04428,0.0,0.0,0.056813,0.045844,0.0,0.08655,0.0,0.0,0.0,0.0,0.0,0.025967,0.027651,0.015862
2023-03-13,0.015418,0.088488,0.081334,0.0,0.033962,0.020746,0.0,0.0,0.024346,0.016576,0.0,0.0,0.080232,0.0,0.087684,0.0,0.079641,0.0,0.069499,0.089267,0.0,0.0,0.0,0.0,0.0,0.0,0.0,0.0,0.044151,0.0,0.0,0.057897,0.048431,0.0,0.087012,0.0,0.0,0.0,0.0,0.0,0.025826,0.033685,0.015806
2023-03-14,0.015468,0.089285,0.080343,0.0,0.033624,0.020665,0.0,0.0,0.024167,0.016204,0.0,0.0,0.081089,0.0,0.087722,0.0,0.079729,0.0,0.069729,0.089853,0.0,0.0,0.0,0.0,0.0,0.0,0.0,0.0,0.044488,0.0,0.0,0.057022,0.047713,0.0,0.087264,0.0,0.0,0.0,0.0,0.0,0.025515,0.034461,0.015659
2023-03-15,0.015485,0.0882,0.080804,0.0,0.033633,0.020879,0.0,0.0,0.024296,0.016366,0.0,0.0,0.081028,0.0,0.08522,0.0,0.079834,0.0,0.069264,0.091139,0.0,0.0,0.0,0.0,0.0,0.0,0.0,0.0,0.044612,0.0,0.0,0.058996,0.049254,0.0,0.084209,0.0,0.0,0.0,0.0,0.0,0.026289,0.034417,0.016073
2023-03-16,0.015571,0.088232,0.081257,0.0,0.033803,0.02082,0.0,0.0,0.02435,0.016622,0.0,0.0,0.081379,0.0,0.084897,0.0,0.079691,0.0,0.069044,0.091889,0.0,0.0,0.0,0.0,0.0,0.0,0.0,0.0,0.045541,0.0,0.0,0.058259,0.048346,0.0,0.083924,0.0,0.0,0.0,0.0,0.0,0.025799,0.03473,0.015846
2023-03-17,0.015572,0.087193,0.081015,0.0,0.033842,0.020822,0.0,0.0,0.024324,0.016473,0.0,0.0,0.079019,0.0,0.083836,0.0,0.078643,0.0,0.068196,0.091382,0.0,0.0,0.0,0.0,0.0,0.0,0.0,0.0,0.045253,0.0,0.0,0.060153,0.050234,0.0,0.084729,0.0,0.0,0.0,0.0,0.0,0.025767,0.037648,0.015899
2023-03-20,0.015447,0.087729,0.081111,0.0,0.033478,0.020469,0.0,0.0,0.02423,0.01639,0.0,0.0,0.078847,0.0,0.084389,0.0,0.078636,0.0,0.068683,0.090365,0.0,0.0,0.0,0.0,0.0,0.0,0.0,0.0,0.045202,0.0,0.0,0.059384,0.049717,0.0,0.086486,0.0,0.0,0.0,0.0,0.0,0.025431,0.038313,0.015693
2023-03-21,0.015468,0.088394,0.080687,0.0,0.033359,0.020552,0.0,0.0,0.0242,0.016292,0.0,0.0,0.079928,0.0,0.08632,0.0,0.078644,0.0,0.068727,0.090248,0.0,0.0,0.0,0.0,0.0,0.0,0.0,0.0,0.045544,0.0,0.0,0.057601,0.048796,0.0,0.085998,0.0,0.0,0.0,0.0,0.0,0.025322,0.038408,0.015513
2023-03-22,0.015655,0.088623,0.081136,0.0,0.033973,0.020785,0.0,0.0,0.02464,0.016529,0.0,0.0,0.078732,0.0,0.085193,0.0,0.077785,0.0,0.068072,0.089651,0.0,0.0,0.0,0.0,0.0,0.0,0.0,0.0,0.045402,0.0,0.0,0.059074,0.050547,0.0,0.08627,0.0,0.0,0.0,0.0,0.0,0.025757,0.036528,0.015648
2023-03-23,0.015601,0.088182,0.081074,0.0,0.034484,0.021246,0.0,0.0,0.024846,0.016715,0.0,0.0,0.077801,0.0,0.083581,0.0,0.077162,0.0,0.067642,0.089495,0.0,0.0,0.0,0.0,0.0,0.0,0.0,0.0,0.045578,0.0,0.0,0.059507,0.050716,0.0,0.08618,0.0,0.0,0.0,0.0,0.0,0.025717,0.038907,0.015566
2023-03-24,0.015385,0.087687,0.081498,0.0,0.034026,0.021185,0.0,0.0,0.024918,0.016536,0.0,0.0,0.077924,0.0,0.084091,0.0,0.077655,0.0,0.068345,0.090146,0.0,0.0,0.0,0.0,0.0,0.0,0.0,0.0,0.045512,0.0,0.0,0.058969,0.050686,0.0,0.086136,0.0,0.0,0.0,0.0,0.0,0.025634,0.038062,0.015604
2023-03-27,0.015496,0.088401,0.081569,0.0,0.033736,0.020804,0.0,0.0,0.024662,0.016423,0.0,0.0,0.07873,0.0,0.085584,0.0,0.078031,0.0,0.068612,0.089541,0.0,0.0,0.0,0.0,0.0,0.0,0.0,0.0,0.045577,0.0,0.0,0.058219,0.05051,0.0,0.086424,0.0,0.0,0.0,0.0,0.0,0.025437,0.036692,0.015552
2023-03-28,0.015405,0.087747,0.08119,0.0,0.034055,0.021342,0.0,0.0,0.024414,0.016464,0.0,0.0,0.078189,0.0,0.086338,0.0,0.077916,0.0,0.068489,0.089335,0.0,0.0,0.0,0.0,0.0,0.0,0.0,0.0,0.045056,0.0,0.0,0.058311,0.050675,0.0,0.087376,0.0,0.0,0.0,0.0,0.0,0.025181,0.037066,0.015452
2023-03-29,0.015395,0.088219,0.080639,0.0,0.033883,0.021117,0.0,0.0,0.024231,0.016282,0.0,0.0,0.078496,0.0,0.08661,0.0,0.078215,0.0,0.068706,0.088962,0.0,0.0,0.0,0.0,0.0,0.0,0.0,0.0,0.04544,0.0,0.0,0.057409,0.050163,0.0,0.087909,0.0,0.0,0.0,0.0,0.0,0.025035,0.038,0.015289
2023-03-30,0.015443,0.088947,0.080462,0.0,0.033926,0.021281,0.0,0.0,0.024145,0.016353,0.0,0.0,0.077787,0.0,0.086395,0.0,0.077843,0.0,0.068703,0.088211,0.0,0.0,0.0,0.0,0.0,0.0,0.0,0.0,0.045492,0.0,0.0,0.057531,0.050981,0.0,0.089098,0.0,0.0,0.0,0.0,0.0,0.025036,0.037179,0.015188
2023-03-31,0.0,0.129259,0.060041,0.0,0.0,0.0,0.0,0.0,0.039709,0.0,0.0,0.0,0.025213,0.0,0.019572,0.0,0.118364,0.0,0.087584,0.129135,0.0,0.0,0.0,0.0,0.0,0.058102,0.0,0.0,0.078535,0.0,0.0,0.027672,0.020713,0.0,0.129267,0.0,0.0,0.0,0.0,0.0,0.0,0.054465,0.02237
2023-04-03,0.0,0.129634,0.060068,0.0,0.0,0.0,0.0,0.0,0.03978,0.0,0.0,0.0,0.025156,0.0,0.020373,0.0,0.118085,0.0,0.087774,0.129004,0.0,0.0,0.0,0.0,0.0,0.057362,0.0,0.0,0.078088,0.0,0.0,0.027756,0.020572,0.0,0.130762,0.0,0.0,0.0,0.0,0.0,0.0,0.053302,0.022284
2023-04-04,0.0,0.130916,0.060632,0.0,0.0,0.0,0.0,0.0,0.040097,0.0,0.0,0.0,0.025164,0.0,0.020198,0.0,0.116563,0.0,0.08735,0.127931,0.0,0.0,0.0,0.0,0.0,0.05684,0.0,0.0,0.07764,0.0,0.0,0.028549,0.021629,0.0,0.129951,0.0,0.0,0.0,0.0,0.0,0.0,0.054045,0.022498
2023-04-05,0.0,0.131231,0.060204,0.0,0.0,0.0,0.0,0.0,0.039911,0.0,0.0,0.0,0.025333,0.0,0.020666,0.0,0.115965,0.0,0.08785,0.128115,0.0,0.0,0.0,0.0,0.0,0.056301,0.0,0.0,0.076762,0.0,0.0,0.028754,0.021773,0.0,0.129941,0.0,0.0,0.0,0.0,0.0,0.0,0.05451,0.022684
2023-04-06,0.0,0.132585,0.060052,0.0,0.0,0.0,0.0,0.0,0.039929,0.0,0.0,0.0,0.025474,0.0,0.020389,0.0,0.116136,0.0,0.087797,0.126683,0.0,0.0,0.0,0.0,0.0,0.056111,0.0,0.0,0.076617,0.0,0.0,0.0286,0.021764,0.0,0.13102,0.0,0.0,0.0,0.0,0.0,0.0,0.05412,0.022725
2023-04-10,0.0,0.131706,0.05953,0.0,0.0,0.0,0.0,0.0,0.039708,0.0,0.0,0.0,0.02536,0.0,0.020416,0.0,0.116416,0.0,0.087631,0.127103,0.0,0.0,0.0,0.0,0.0,0.056723,0.0,0.0,0.076699,0.0,0.0,0.0282,0.02161,0.0,0.13005,0.0,0.0,0.0,0.0,0.0,0.0,0.056274,0.022575
2023-04-11,0.0,0.130599,0.058994,0.0,0.0,0.0,0.0,0.0,0.039457,0.0,0.0,0.0,0.025268,0.0,0.020356,0.0,0.115676,0.0,0.087228,0.128694,0.0,0.0,0.0,0.0,0.0,0.055734,0.0,0.0,0.075882,0.0,0.0,0.02803,0.021495,0.0,0.132981,0.0,0.0,0.0,0.0,0.0,0.0,0.057302,0.022305
2023-04-12,0.0,0.13151,0.059132,0.0,0.0,0.0,0.0,0.0,0.039245,0.0,0.0,0.0,0.02519,0.0,0.020351,0.0,0.115952,0.0,0.08721,0.12828,0.0,0.0,0.0,0.0,0.0,0.054663,0.0,0.0,0.075535,0.0,0.0,0.028141,0.021838,0.0,0.134118,0.0,0.0,0.0,0.0,0.0,0.0,0.056549,0.022287
2023-04-13,0.0,0.131654,0.059223,0.0,0.0,0.0,0.0,0.0,0.038938,0.0,0.0,0.0,0.025105,0.0,0.020228,0.0,0.11496,0.0,0.08703,0.126657,0.0,0.0,0.0,0.0,0.0,0.054439,0.0,0.0,0.075853,0.0,0.0,0.028172,0.021857,0.0,0.136845,0.0,0.0,0.0,0.0,0.0,0.0,0.057019,0.02202
2023-04-14,0.0,0.131798,0.058939,0.0,0.0,0.0,0.0,0.0,0.038965,0.0,0.0,0.0,0.02542,0.0,0.020319,0.0,0.11513,0.0,0.086632,0.12745,0.0,0.0,0.0,0.0,0.0,0.0545,0.0,0.0,0.075571,0.0,0.0,0.027748,0.021518,0.0,0.136917,0.0,0.0,0.0,0.0,0.0,0.0,0.057015,0.022077
2023-04-17,0.0,0.131167,0.059108,0.0,0.0,0.0,0.0,0.0,0.038912,0.0,0.0,0.0,0.025713,0.0,0.020079,0.0,0.116038,0.0,0.087133,0.128751,0.0,0.0,0.0,0.0,0.0,0.054499,0.0,0.0,0.075842,0.0,0.0,0.027623,0.02125,0.0,0.136551,0.0,0.0,0.0,0.0,0.0,0.0,0.05525,0.022083
2023-04-18,0.0,0.130721,0.058856,0.0,0.0,0.0,0.0,0.0,0.038387,0.0,0.0,0.0,0.025528,0.0,0.019953,0.0,0.115404,0.0,0.086606,0.130362,0.0,0.0,0.0,0.0,0.0,0.054177,0.0,0.0,0.07543,0.0,0.0,0.027448,0.021152,0.0,0.137962,0.0,0.0,0.0,0.0,0.0,0.0,0.056152,0.021861
2023-04-19,0.0,0.131176,0.05872,0.0,0.0,0.0,0.0,0.0,0.038116,0.0,0.0,0.0,0.025735,0.0,0.019997,0.0,0.115971,0.0,0.086855,0.131466,0.0,0.0,0.0,0.0,0.0,0.05389,0.0,0.0,0.075921,0.0,0.0,0.027473,0.021347,0.0,0.136816,0.0,0.0,0.0,0.0,0.0,0.0,0.05453,0.021987
2023-04-20,0.0,0.131325,0.059062,0.0,0.0,0.0,0.0,0.0,0.038223,0.0,0.0,0.0,0.025724,0.0,0.019872,0.0,0.116061,0.0,0.086982,0.134081,0.0,0.0,0.0,0.0,0.0,0.053978,0.0,0.0,0.075752,0.0,0.0,0.027652,0.021346,0.0,0.135459,0.0,0.0,0.0,0.0,0.0,0.0,0.052439,0.022045
2023-04-21,0.0,0.133092,0.059747,0.0,0.0,0.0,0.0,0.0,0.038103,0.0,0.0,0.0,0.025784,0.0,0.019873,0.0,0.116485,0.0,0.086725,0.134405,0.0,0.0,0.0,0.0,0.0,0.053901,0.0,0.0,0.076812,0.0,0.0,0.027541,0.021297,0.0,0.132794,0.0,0.0,0.0,0.0,0.0,0.0,0.051265,0.022178
2023-04-24,0.0,0.133326,0.059577,0.0,0.0,0.0,0.0,0.0,0.038092,0.0,0.0,0.0,0.025662,0.0,0.02013,0.0,0.116491,0.0,0.087113,0.135362,0.0,0.0,0.0,0.0,0.0,0.053534,0.0,0.0,0.076359,0.0,0.0,0.02756,0.02134,0.0,0.13199,0.0,0.0,0.0,0.0,0.0,0.0,0.051335,0.02213
2023-04-25,0.0,0.133427,0.06022,0.0,0.0,0.0,0.0,0.0,0.037787,0.0,0.0,0.0,0.025671,0.0,0.020105,0.0,0.116385,0.0,0.086748,0.136247,0.0,0.0,0.0,0.0,0.0,0.05266,0.0,0.0,0.076207,0.0,0.0,0.028196,0.021636,0.0,0.129481,0.0,0.0,0.0,0.0,0.0,0.0,0.052701,0.022528
2023-04-26,0.0,0.134185,0.060297,0.0,0.0,0.0,0.0,0.0,0.038077,0.0,0.0,0.0,0.025551,0.0,0.019933,0.0,0.114743,0.0,0.08614,0.134407,0.0,0.0,0.0,0.0,0.0,0.053199,0.0,0.0,0.076298,0.0,0.0,0.028179,0.02159,0.0,0.131225,0.0,0.0,0.0,0.0,0.0,0.0,0.053539,0.022638
2023-04-27,0.0,0.13334,0.060191,0.0,0.0,0.0,0.0,0.0,0.037932,0.0,0.0,0.0,0.025502,0.0,0.01965,0.0,0.114935,0.0,0.085764,0.135721,0.0,0.0,0.0,0.0,0.0,0.052475,0.0,0.0,0.07638,0.0,0.0,0.02768,0.021263,0.0,0.130852,0.0,0.0,0.0,0.0,0.0,0.0,0.056074,0.022241
2023-04-28,0.060922,0.107159,0.09877,0.0,0.0,0.015121,0.0,0.0,0.076499,0.02863,0.0,0.026792,0.0,0.0,0.0,0.0,0.10479,0.015201,0.030574,0.083022,0.0,0.0,0.030858,0.0,0.036895,0.037112,0.0,0.0,0.037499,0.0,0.0,0.071638,0.0,0.0,0.044217,0.0,0.0,0.0,0.0,0.0,0.0,0.077352,0.016947
2023-05-01,0.061191,0.10765,0.099089,0.0,0.0,0.015128,0.0,0.0,0.076452,0.028567,0.0,0.026906,0.0,0.0,0.0,0.0,0.105821,0.015506,0.030694,0.082706,0.0,0.0,0.031018,0.0,0.03708,0.037613,0.0,0.0,0.037983,0.0,0.0,0.071631,0.0,0.0,0.044424,0.0,0.0,0.0,0.0,0.0,0.0,0.07352,0.017022
2023-05-02,0.060486,0.106753,0.098594,0.0,0.0,0.014901,0.0,0.0,0.076446,0.028725,0.0,0.026496,0.0,0.0,0.0,0.0,0.105069,0.015524,0.030499,0.082886,0.0,0.0,0.031038,0.0,0.036858,0.037471,0.0,0.0,0.037595,0.0,0.0,0.073259,0.0,0.0,0.043976,0.0,0.0,0.0,0.0,0.0,0.0,0.076337,0.017089
2023-05-03,0.060958,0.107116,0.099206,0.0,0.0,0.014875,0.0,0.0,0.07655,0.028579,0.0,0.026398,0.0,0.0,0.0,0.0,0.10469,0.015598,0.030168,0.083654,0.0,0.0,0.030792,0.0,0.036555,0.037048,0.0,0.0,0.037724,0.0,0.0,0.073896,0.0,0.0,0.04394,0.0,0.0,0.0,0.0,0.0,0.0,0.07516,0.017093
2023-05-04,0.06037,0.106791,0.099597,0.0,0.0,0.015159,0.0,0.0,0.076954,0.028866,0.0,0.026028,0.0,0.0,0.0,0.0,0.103762,0.015457,0.030035,0.082432,0.0,0.0,0.030779,0.0,0.036455,0.036916,0.0,0.0,0.037893,0.0,0.0,0.074569,0.0,0.0,0.043838,0.0,0.0,0.0,0.0,0.0,0.0,0.07697,0.017129
2023-05-05,0.060403,0.10685,0.099499,0.0,0.0,0.015107,0.0,0.0,0.077002,0.028939,0.0,0.025977,0.0,0.0,0.0,0.0,0.103828,0.015496,0.030106,0.082359,0.0,0.0,0.030622,0.0,0.036836,0.0372,0.0,0.0,0.037923,0.0,0.0,0.072356,0.0,0.0,0.044696,0.0,0.0,0.0,0.0,0.0,0.0,0.077913,0.016887
2023-05-08,0.060755,0.10749,0.099861,0.0,0.0,0.01523,0.0,0.0,0.077225,0.029089,0.0,0.026393,0.0,0.0,0.0,0.0,0.104056,0.015575,0.030183,0.083323,0.0,0.0,0.030709,0.0,0.037032,0.037575,0.0,0.0,0.038174,0.0,0.0,0.072868,0.0,0.0,0.045394,0.0,0.0,0.0,0.0,0.0,0.0,0.072076,0.016991
2023-05-09,0.060843,0.106706,0.100994,0.0,0.0,0.014997,0.0,0.0,0.07706,0.028836,0.0,0.026242,0.0,0.0,0.0,0.0,0.104347,0.015515,0.029926,0.083414,0.0,0.0,0.030631,0.0,0.036769,0.036957,0.0,0.0,0.038136,0.0,0.0,0.073426,0.0,0.0,0.045173,0.0,0.0,0.0,0.0,0.0,0.0,0.073029,0.017
2023-05-10,0.060915,0.106682,0.100595,0.0,0.0,0.014956,0.0,0.0,0.076983,0.028904,0.0,0.026503,0.0,0.0,0.0,0.0,0.104078,0.015483,0.029977,0.083546,0.0,0.0,0.030615,0.0,0.037256,0.037372,0.0,0.0,0.038614,0.0,0.0,0.073398,0.0,0.0,0.043996,0.0,0.0,0.0,0.0,0.0,0.0,0.073106,0.017022
2023-05-11,0.061236,0.107094,0.101707,0.0,0.0,0.015197,0.0,0.0,0.076644,0.028663,0.0,0.026987,0.0,0.0,0.0,0.0,0.104294,0.015497,0.029926,0.084329,0.0,0.0,0.030958,0.0,0.037393,0.037431,0.0,0.0,0.038793,0.0,0.0,0.073363,0.0,0.0,0.041922,0.0,0.0,0.0,0.0,0.0,0.0,0.071402,0.017164
2023-05-12,0.061335,0.107071,0.102455,0.0,0.0,0.014849,0.0,0.0,0.076483,0.028357,0.0,0.027077,0.0,0.0,0.0,0.0,0.104629,0.015528,0.030055,0.08404,0.0,0.0,0.031157,0.0,0.037437,0.03749,0.0,0.0,0.038706,0.0,0.0,0.073421,0.0,0.0,0.04214,0.0,0.0,0.0,0.0,0.0,0.0,0.070566,0.017206
2023-05-15,0.060874,0.106715,0.101959,0.0,0.0,0.015281,0.0,0.0,0.076569,0.028502,0.0,0.026912,0.0,0.0,0.0,0.0,0.104008,0.015416,0.029983,0.083565,0.0,0.0,0.030746,0.0,0.037341,0.038094,0.0,0.0,0.038849,0.0,0.0,0.072787,0.0,0.0,0.042967,0.0,0.0,0.0,0.0,0.0,0.0,0.072409,0.017025
2023-05-16,0.061167,0.106385,0.102516,0.0,0.0,0.015241,0.0,0.0,0.077457,0.028414,0.0,0.027081,0.0,0.0,0.0,0.0,0.103365,0.015329,0.029708,0.084088,0.0,0.0,0.030713,0.0,0.037659,0.038306,0.0,0.0,0.039017,0.0,0.0,0.072413,0.0,0.0,0.042371,0.0,0.0,0.0,0.0,0.0,0.0,0.071615,0.017154
2023-05-17,0.060555,0.105777,0.102179,0.0,0.0,0.014981,0.0,0.0,0.078564,0.028668,0.0,0.027136,0.0,0.0,0.0,0.0,0.104092,0.015517,0.029605,0.084124,0.0,0.0,0.03039,0.0,0.037779,0.03886,0.0,0.0,0.039003,0.0,0.0,0.071441,0.0,0.0,0.042171,0.0,0.0,0.0,0.0,0.0,0.0,0.072174,0.016983
2023-05-18,0.060931,0.105291,0.101921,0.0,0.0,0.014675,0.0,0.0,0.078961,0.028812,0.0,0.02755,0.0,0.0,0.0,0.0,0.104565,0.01559,0.029699,0.084903,0.0,0.0,0.030161,0.0,0.038449,0.03998,0.0,0.0,0.039694,0.0,0.0,0.070325,0.0,0.0,0.041343,0.0,0.0,0.0,0.0,0.0,0.0,0.070209,0.016941
2023-05-19,0.061132,0.105967,0.101994,0.0,0.0,0.014611,0.0,0.0,0.079165,0.029185,0.0,0.027377,0.0,0.0,0.0,0.0,0.104218,0.015498,0.029748,0.083274,0.0,0.0,0.030153,0.0,0.038396,0.039737,0.0,0.0,0.039883,0.0,0.0,0.070955,0.0,0.0,0.041316,0.0,0.0,0.0,0.0,0.0,0.0,0.070462,0.016929
2023-05-22,0.061266,0.105881,0.102493,0.0,0.0,0.014823,0.0,0.0,0.078924,0.029697,0.0,0.02764,0.0,0.0,0.0,0.0,0.104245,0.015499,0.029606,0.082045,0.0,0.0,0.02971,0.0,0.038487,0.039893,0.0,0.0,0.040291,0.0,0.0,0.070821,0.0,0.0,0.041246,0.0,0.0,0.0,0.0,0.0,0.0,0.070494,0.016939
2023-05-23,0.061646,0.105501,0.102152,0.0,0.0,0.014577,0.0,0.0,0.078947,0.029669,0.0,0.027602,0.0,0.0,0.0,0.0,0.104144,0.015584,0.029475,0.081297,0.0,0.0,0.029822,0.0,0.038343,0.039841,0.0,0.0,0.039801,0.0,0.0,0.071701,0.0,0.0,0.040613,0.0,0.0,0.0,0.0,0.0,0.0,0.072156,0.01713
2023-05-24,0.061351,0.105105,0.10229,0.0,0.0,0.014484,0.0,0.0,0.079475,0.030027,0.0,0.027808,0.0,0.0,0.0,0.0,0.104045,0.015493,0.02949,0.082357,0.0,0.0,0.029987,0.0,0.038522,0.039601,0.0,0.0,0.040159,0.0,0.0,0.071982,0.0,0.0,0.040109,0.0,0.0,0.0,0.0,0.0,0.0,0.07038,0.017335
2023-05-25,0.060967,0.104094,0.10215,0.0,0.0,0.014094,0.0,0.0,0.080682,0.029673,0.0,0.027613,0.0,0.0,0.0,0.0,0.103654,0.015585,0.029179,0.082101,0.0,0.0,0.029551,0.0,0.039719,0.041942,0.0,0.0,0.041083,0.0,0.0,0.070789,0.0,0.0,0.039601,0.0,0.0,0.0,0.0,0.0,0.0,0.070301,0.017222
2023-05-26,0.060937,0.103863,0.10115,0.0,0.0,0.01416,0.0,0.0,0.081525,0.02978,0.0,0.027806,0.0,0.0,0.0,0.0,0.103063,0.015417,0.028942,0.081126,0.0,0.0,0.029264,0.0,0.040313,0.044099,0.0,0.0,0.041238,0.0,0.0,0.070142,0.0,0.0,0.039889,0.0,0.0,0.0,0.0,0.0,0.0,0.070292,0.016996
2023-05-29,0.060937,0.103863,0.101149,0.0,0.0,0.01416,0.0,0.0,0.081525,0.02978,0.0,0.027806,0.0,0.0,0.0,0.0,0.103063,0.015417,0.028941,0.081126,0.0,0.0,0.029264,0.0,0.040312,0.044099,0.0,0.0,0.041238,0.0,0.0,0.070142,0.0,0.0,0.039889,0.0,0.0,0.0,0.0,0.0,0.0,0.070292,0.016998
2023-05-30,0.060919,0.102649,0.100364,0.0,0.0,0.013746,0.0,0.0,0.081437,0.029902,0.0,0.027815,0.0,0.0,0.0,0.0,0.102773,0.015423,0.028749,0.081152,0.0,0.0,0.028891,0.0,0.040475,0.044005,0.0,0.0,0.041771,0.0,0.0,0.070485,0.0,0.0,0.039177,0.0,0.0,0.0,0.0,0.0,0.0,0.073292,0.016977
2023-05-31,0.057959,0.098717,0.072077,0.0,0.0,0.017172,0.0,0.0,0.026938,0.0,0.0,0.098544,0.0,0.0,0.0,0.0,0.0,0.0,0.021333,0.098767,0.0,0.0,0.098465,0.0,0.03761,0.01056,0.024234,0.0,0.03787,0.0,0.0,0.07423,0.036823,0.041995,0.08299,0.0,0.0,0.0,0.0,0.0,0.012078,0.039714,0.011925
2023-06-01,0.057921,0.098583,0.072927,0.0,0.0,0.01738,0.0,0.0,0.026835,0.0,0.0,0.098576,0.0,0.0,0.0,0.0,0.0,0.0,0.021336,0.098843,0.0,0.0,0.097105,0.0,0.037498,0.010602,0.023923,0.0,0.038118,0.0,0.0,0.073844,0.036916,0.042057,0.084753,0.0,0.0,0.0,0.0,0.0,0.012001,0.039011,0.011771
2023-06-02,0.058075,0.098359,0.073295,0.0,0.0,0.017594,0.0,0.0,0.026762,0.0,0.0,0.097327,0.0,0.0,0.0,0.0,0.0,0.0,0.021745,0.101133,0.0,0.0,0.097072,0.0,0.037188,0.01043,0.023743,0.0,0.038128,0.0,0.0,0.071742,0.035971,0.041711,0.087145,0.0,0.0,0.0,0.0,0.0,0.011816,0.03916,0.011605
2023-06-05,0.058478,0.098154,0.073406,0.0,0.0,0.017602,0.0,0.0,0.026813,0.0,0.0,0.09807,0.0,0.0,0.0,0.0,0.0,0.0,0.021839,0.101013,0.0,0.0,0.097208,0.0,0.037162,0.010321,0.024022,0.0,0.03862,0.0,0.0,0.072542,0.036071,0.041863,0.086368,0.0,0.0,0.0,0.0,0.0,0.011915,0.036862,0.01167
2023-06-06,0.057868,0.097543,0.074158,0.0,0.0,0.017688,0.0,0.0,0.026688,0.0,0.0,0.097494,0.0,0.0,0.0,0.0,0.0,0.0,0.021759,0.103147,0.0,0.0,0.095756,0.0,0.036784,0.010342,0.023836,0.0,0.038559,0.0,0.0,0.071899,0.035728,0.041785,0.086856,0.0,0.0,0.0,0.0,0.0,0.011817,0.038738,0.011555
2023-06-07,0.058356,0.097958,0.07288,0.0,0.0,0.01763,0.0,0.0,0.026948,0.0,0.0,0.097242,0.0,0.0,0.0,0.0,0.0,0.0,0.022209,0.104305,0.0,0.0,0.096269,0.0,0.036549,0.010416,0.023313,0.0,0.037972,0.0,0.0,0.071652,0.035806,0.041887,0.086954,0.0,0.0,0.0,0.0,0.0,0.01185,0.038149,0.011655
2023-06-08,0.057935,0.09827,0.07289,0.0,0.0,0.017689,0.0,0.0,0.026757,0.0,0.0,0.096924,0.0,0.0,0.0,0.0,0.0,0.0,0.021945,0.103097,0.0,0.0,0.096125,0.0,0.036637,0.010435,0.023427,0.0,0.037938,0.0,0.0,0.071995,0.036812,0.042234,0.087556,0.0,0.0,0.0,0.0,0.0,0.011818,0.037959,0.011558
2023-06-09,0.058083,0.097682,0.073719,0.0,0.0,0.017666,0.0,0.0,0.026887,0.0,0.0,0.096954,0.0,0.0,0.0,0.0,0.0,0.0,0.021763,0.103136,0.0,0.0,0.095967,0.0,0.036819,0.010463,0.02364,0.0,0.038113,0.0,0.0,0.071801,0.036762,0.042135,0.087369,0.0,0.0,0.0,0.0,0.0,0.011804,0.037678,0.011559
2023-06-12,0.05797,0.097645,0.073828,0.0,0.0,0.017582,0.0,0.0,0.027001,0.0,0.0,0.097638,0.0,0.0,0.0,0.0,0.0,0.0,0.021758,0.104118,0.0,0.0,0.095485,0.0,0.037441,0.010748,0.024087,0.0,0.038561,0.0,0.0,0.071397,0.036275,0.042033,0.086422,0.0,0.0,0.0,0.0,0.0,0.011813,0.036688,0.011509
2023-06-13,0.058255,0.097664,0.074327,0.0,0.0,0.017691,0.0,0.0,0.027195,0.0,0.0,0.097223,0.0,0.0,0.0,0.0,0.0,0.0,0.022095,0.104022,0.0,0.0,0.095156,0.0,0.037385,0.01081,0.024065,0.0,0.038922,0.0,0.0,0.070339,0.035448,0.041836,0.087976,0.0,0.0,0.0,0.0,0.0,0.011706,0.036462,0.011422
2023-06-14,0.05836,0.097634,0.074381,0.0,0.0,0.017899,0.0,0.0,0.027035,0.0,0.0,0.097017,0.0,0.0,0.0,0.0,0.0,0.0,0.021919,0.102077,0.0,0.0,0.095374,0.0,0.037626,0.010922,0.024119,0.0,0.038932,0.0,0.0,0.070109,0.035686,0.041734,0.089789,0.0,0.0,0.0,0.0,0.0,0.011686,0.036323,0.01138
2023-06-15,0.058041,0.098013,0.073563,0.0,0.0,0.018079,0.0,0.0,0.02699,0.0,0.0,0.097611,0.0,0.0,0.0,0.0,0.0,0.0,0.021894,0.103127,0.0,0.0,0.095405,0.0,0.037745,0.010728,0.024374,0.0,0.038952,0.0,0.0,0.069924,0.035296,0.042051,0.089924,0.0,0.0,0.0,0.0,0.0,0.011633,0.035378,0.011273
2023-06-16,0.058278,0.097997,0.072904,0.0,0.0,0.018041,0.0,0.0,0.026687,0.0,0.0,0.096864,0.0,0.0,0.0,0.0,0.0,0.0,0.021961,0.103089,0.0,0.0,0.09558,0.0,0.037457,0.010635,0.024242,0.0,0.038805,0.0,0.0,0.06986,0.035704,0.042639,0.08964,0.0,0.0,0.0,0.0,0.0,0.011595,0.036742,0.011281
2023-06-19,0.057965,0.098029,0.072928,0.0,0.0,0.018047,0.0,0.0,0.026696,0.0,0.0,0.096895,0.0,0.0,0.0,0.0,0.0,0.0,0.021968,0.103123,0.0,0.0,0.095611,0.0,0.037469,0.010639,0.02425,0.0,0.038818,0.0,0.0,0.069883,0.035716,0.042653,0.089669,0.0,0.0,0.0,0.0,0.0,0.011598,0.036754,0.011288
2023-06-20,0.058008,0.097386,0.072477,0.0,0.0,0.017446,0.0,0.0,0.026564,0.0,0.0,0.097167,0.0,0.0,0.0,0.0,0.0,0.0,0.021838,0.104961,0.0,0.0,0.095616,0.0,0.037503,0.010634,0.024208,0.0,0.038708,0.0,0.0,0.069693,0.034498,0.042806,0.087849,0.0,0.0,0.0,0.0,0.0,0.011693,0.039569,0.011375
2023-06-21,0.057882,0.097018,0.073205,0.0,0.0,0.017265,0.0,0.0,0.026521,0.0,0.0,0.096025,0.0,0.0,0.0,0.0,0.0,0.0,0.021869,0.105387,0.0,0.0,0.095779,0.0,0.036881,0.010356,0.023717,0.0,0.038188,0.0,0.0,0.069465,0.033755,0.043177,0.088099,0.0,0.0,0.0,0.0,0.0,0.011733,0.042323,0.011355
2023-06-22,0.057839,0.096822,0.07274,0.0,0.0,0.01723,0.0,0.0,0.026544,0.0,0.0,0.096964,0.0,0.0,0.0,0.0,0.0,0.0,0.021859,0.105357,0.0,0.0,0.096521,0.0,0.037253,0.010424,0.023893,0.0,0.037944,0.0,0.0,0.068908,0.033317,0.042908,0.087833,0.0,0.0,0.0,0.0,0.0,0.011711,0.042555,0.011379
2023-06-23,0.057903,0.096448,0.071541,0.0,0.0,0.017008,0.0,0.0,0.026396,0.0,0.0,0.097564,0.0,0.0,0.0,0.0,0.0,0.0,0.021864,0.106746,0.0,0.0,0.096688,0.0,0.037158,0.010326,0.023893,0.0,0.037249,0.0,0.0,0.069677,0.033678,0.042439,0.086128,0.0,0.0,0.0,0.0,0.0,0.011823,0.043998,0.011475
2023-06-26,0.057932,0.096578,0.071542,0.0,0.0,0.017078,0.0,0.0,0.026475,0.0,0.0,0.096591,0.0,0.0,0.0,0.0,0.0,0.0,0.022092,0.1068,0.0,0.0,0.096821,0.0,0.036892,0.01036,0.02369,0.0,0.03701,0.0,0.0,0.0698,0.034202,0.042401,0.087512,0.0,0.0,0.0,0.0,0.0,0.01186,0.042887,0.011478
2023-06-27,0.057544,0.096609,0.071116,0.0,0.0,0.017286,0.0,0.0,0.026274,0.0,0.0,0.097268,0.0,0.0,0.0,0.0,0.0,0.0,0.022188,0.109119,0.0,0.0,0.096167,0.0,0.037254,0.010618,0.023914,0.0,0.037205,0.0,0.0,0.068805,0.034,0.04156,0.086891,0.0,0.0,0.0,0.0,0.0,0.011745,0.043072,0.011367
2023-06-28,0.058018,0.096774,0.072089,0.0,0.0,0.017192,0.0,0.0,0.026191,0.0,0.0,0.097953,0.0,0.0,0.0,0.0,0.0,0.0,0.022091,0.109125,0.0,0.0,0.09576,0.0,0.03737,0.010563,0.024098,0.0,0.037604,0.0,0.0,0.068821,0.033859,0.041196,0.085739,0.0,0.0,0.0,0.0,0.0,0.011783,0.042378,0.011396
2023-06-29,0.05814,0.096718,0.071792,0.0,0.0,0.016947,0.0,0.0,0.026053,0.0,0.0,0.097512,0.0,0.0,0.0,0.0,0.0,0.0,0.022389,0.109288,0.0,0.0,0.095755,0.0,0.03747,0.010575,0.024116,0.0,0.037562,0.0,0.0,0.068809,0.033694,0.040998,0.085874,0.0,0.0,0.0,0.0,0.0,0.011731,0.04317,0.011407
2023-06-30,0.070264,0.072976,0.039848,0.0,0.0,0.0,0.0,0.0,0.07003,0.046677,0.0,0.108354,0.0,0.0,0.0,0.0,0.0,0.0,0.0,0.108581,0.0,0.0,0.0,0.0,0.031624,0.026002,0.031557,0.0,0.031691,0.0,0.0,0.108,0.012656,0.094814,0.0,0.0,0.0,0.0,0.028506,0.0,0.0,0.108743,0.009676
2023-07-03,0.069983,0.072343,0.03974,0.0,0.0,0.0,0.0,0.0,0.07044,0.04744,0.0,0.108093,0.0,0.0,0.0,0.0,0.0,0.0,0.0,0.107373,0.0,0.0,0.0,0.0,0.031374,0.026082,0.031211,0.0,0.031651,0.0,0.0,0.107498,0.012655,0.09534,0.0,0.0,0.0,0.0,0.028298,0.0,0.0,0.110859,0.00962
2023-07-04,0.070006,0.072342,0.039739,0.0,0.0,0.0,0.0,0.0,0.070439,0.047439,0.0,0.10809,0.0,0.0,0.0,0.0,0.0,0.0,0.0,0.107371,0.0,0.0,0.0,0.0,0.031373,0.026081,0.03121,0.0,0.03165,0.0,0.0,0.107495,0.012655,0.095338,0.0,0.0,0.0,0.0,0.028297,0.0,0.0,0.110856,0.009621
2023-07-05,0.070339,0.071945,0.039713,0.0,0.0,0.0,0.0,0.0,0.070229,0.047262,0.0,0.109748,0.0,0.0,0.0,0.0,0.0,0.0,0.0,0.106992,0.0,0.0,0.0,0.0,0.031417,0.025699,0.031442,0.0,0.031515,0.0,0.0,0.107931,0.012872,0.095749,0.0,0.0,0.0,0.0,0.028424,0.0,0.0,0.109029,0.009694
2023-07-06,0.069986,0.071534,0.039672,0.0,0.0,0.0,0.0,0.0,0.069446,0.046909,0.0,0.110219,0.0,0.0,0.0,0.0,0.0,0.0,0.0,0.105369,0.0,0.0,0.0,0.0,0.031719,0.025687,0.031495,0.0,0.031254,0.0,0.0,0.108933,0.012797,0.096835,0.0,0.0,0.0,0.0,0.028565,0.0,0.0,0.109762,0.009816
2023-07-07,0.070352,0.071814,0.040135,0.0,0.0,0.0,0.0,0.0,0.069657,0.047033,0.0,0.109544,0.0,0.0,0.0,0.0,0.0,0.0,0.0,0.105326,0.0,0.0,0.0,0.0,0.031498,0.025631,0.031349,0.0,0.031463,0.0,0.0,0.109464,0.012978,0.096309,0.0,0.0,0.0,0.0,0.028517,0.0,0.0,0.109139,0.009791
2023-07-10,0.069728,0.071716,0.039783,0.0,0.0,0.0,0.0,0.0,0.069132,0.046748,0.0,0.108458,0.0,0.0,0.0,0.0,0.0,0.0,0.0,0.107476,0.0,0.0,0.0,0.0,0.03135,0.025973,0.031658,0.0,0.031631,0.0,0.0,0.108747,0.01292,0.095694,0.0,0.0,0.0,0.0,0.02845,0.0,0.0,0.110815,0.009722
2023-07-11,0.069571,0.07197,0.039672,0.0,0.0,0.0,0.0,0.0,0.069648,0.047243,0.0,0.109559,0.0,0.0,0.0,0.0,0.0,0.0,0.0,0.107558,0.0,0.0,0.0,0.0,0.031193,0.025788,0.031894,0.0,0.031757,0.0,0.0,0.108376,0.012803,0.095953,0.0,0.0,0.0,0.0,0.028399,0.0,0.0,0.108961,0.009653
2023-07-12,0.069893,0.072811,0.039478,0.0,0.0,0.0,0.0,0.0,0.070529,0.047956,0.0,0.10958,0.0,0.0,0.0,0.0,0.0,0.0,0.0,0.109107,0.0,0.0,0.0,0.0,0.031175,0.025959,0.031691,0.0,0.031774,0.0,0.0,0.108549,0.013219,0.094024,0.0,0.0,0.0,0.0,0.028283,0.0,0.0,0.10643,0.009541
2023-07-13,0.06928,0.07285,0.03947,0.0,0.0,0.0,0.0,0.0,0.070489,0.047863,0.0,0.109529,0.0,0.0,0.0,0.0,0.0,0.0,0.0,0.108343,0.0,0.0,0.0,0.0,0.031111,0.0261,0.031735,0.0,0.031963,0.0,0.0,0.107006,0.013393,0.093234,0.0,0.0,0.0,0.0,0.028028,0.0,0.0,0.110211,0.009396
2023-07-14,0.070039,0.072969,0.039244,0.0,0.0,0.0,0.0,0.0,0.070837,0.04832,0.0,0.109188,0.0,0.0,0.0,0.0,0.0,0.0,0.0,0.110363,0.0,0.0,0.0,0.0,0.031263,0.025938,0.031959,0.0,0.031672,0.0,0.0,0.107346,0.013526,0.094883,0.0,0.0,0.0,0.0,0.028002,0.0,0.0,0.104991,0.00946
2023-07-17,0.069925,0.072873,0.039267,0.0,0.0,0.0,0.0,0.0,0.071238,0.048584,0.0,0.10881,0.0,0.0,0.0,0.0,0.0,0.0,0.0,0.110003,0.0,0.0,0.0,0.0,0.031666,0.026562,0.032362,0.0,0.032074,0.0,0.0,0.107435,0.013486,0.094235,0.0,0.0,0.0,0.0,0.028057,0.0,0.0,0.103961,0.009464
2023-07-18,0.06989,0.072907,0.039594,0.0,0.0,0.0,0.0,0.0,0.070827,0.04818,0.0,0.10897,0.0,0.0,0.0,0.0,0.0,0.0,0.0,0.109734,0.0,0.0,0.0,0.0,0.031853,0.026468,0.032489,0.0,0.032277,0.0,0.0,0.108083,0.013531,0.095041,0.0,0.0,0.0,0.0,0.027984,0.0,0.0,0.102756,0.009414
2023-07-19,0.070209,0.072807,0.039552,0.0,0.0,0.0,0.0,0.0,0.069671,0.047964,0.0,0.109144,0.0,0.0,0.0,0.0,0.0,0.0,0.0,0.109562,0.0,0.0,0.0,0.0,0.031735,0.026122,0.032488,0.0,0.032034,0.0,0.0,0.107968,0.013579,0.09606,0.0,0.0,0.0,0.0,0.027972,0.0,0.0,0.103729,0.009404
2023-07-20,0.070828,0.073476,0.039536,0.0,0.0,0.0,0.0,0.0,0.069641,0.047778,0.0,0.108372,0.0,0.0,0.0,0.0,0.0,0.0,0.0,0.108054,0.0,0.0,0.0,0.0,0.031506,0.0255,0.032106,0.0,0.031573,0.0,0.0,0.10882,0.013506,0.097532,0.0,0.0,0.0,0.0,0.028213,0.0,0.0,0.104032,0.009527
2023-07-21,0.070815,0.073777,0.039516,0.0,0.0,0.0,0.0,0.0,0.069538,0.047829,0.0,0.107358,0.0,0.0,0.0,0.0,0.0,0.0,0.0,0.108508,0.0,0.0,0.0,0.0,0.03151,0.025746,0.032209,0.0,0.031387,0.0,0.0,0.108554,0.013449,0.097415,0.0,0.0,0.0,0.0,0.028302,0.0,0.0,0.104555,0.009533
2023-07-24,0.070853,0.073393,0.039567,0.0,0.0,0.0,0.0,0.0,0.07042,0.048741,0.0,0.107538,0.0,0.0,0.0,0.0,0.0,0.0,0.0,0.109153,0.0,0.0,0.0,0.0,0.03156,0.025741,0.032105,0.0,0.031143,0.0,0.0,0.108073,0.013304,0.098904,0.0,0.0,0.0,0.0,0.028248,0.0,0.0,0.101721,0.009535
2023-07-25,0.070603,0.073112,0.039391,0.0,0.0,0.0,0.0,0.0,0.070585,0.048895,0.0,0.107264,0.0,0.0,0.0,0.0,0.0,0.0,0.0,0.110045,0.0,0.0,0.0,0.0,0.031739,0.026024,0.032164,0.0,0.031332,0.0,0.0,0.108052,0.013399,0.098382,0.0,0.0,0.0,0.0,0.028068,0.0,0.0,0.101464,0.009481
2023-07-26,0.070367,0.0731,0.039466,0.0,0.0,0.0,0.0,0.0,0.07044,0.048528,0.0,0.108716,0.0,0.0,0.0,0.0,0.0,0.0,0.0,0.109917,0.0,0.0,0.0,0.0,0.031247,0.025612,0.031787,0.0,0.031472,0.0,0.0,0.108356,0.013543,0.09796,0.0,0.0,0.0,0.0,0.028122,0.0,0.0,0.101905,0.009463
2023-07-27,0.071307,0.07311,0.040026,0.0,0.0,0.0,0.0,0.0,0.070191,0.047945,0.0,0.110286,0.0,0.0,0.0,0.0,0.0,0.0,0.0,0.109543,0.0,0.0,0.0,0.0,0.031345,0.026251,0.03173,0.0,0.031358,0.0,0.0,0.107295,0.013149,0.097666,0.0,0.0,0.0,0.0,0.028066,0.0,0.0,0.10121,0.009521
2023-07-28,0.070602,0.07305,0.039879,0.0,0.0,0.0,0.0,0.0,0.070653,0.048337,0.0,0.111413,0.0,0.0,0.0,0.0,0.0,0.0,0.0,0.10992,0.0,0.0,0.0,0.0,0.031475,0.026574,0.031891,0.0,0.031173,0.0,0.0,0.107144,0.01315,0.096231,0.0,0.0,0.0,0.0,0.027965,0.0,0.0,0.10111,0.009433
2023-07-31,0.113673,0.015033,0.030429,0.0,0.0,0.0,0.113771,0.0,0.0,0.0,0.113789,0.113853,0.0,0.0,0.0,0.0,0.048565,0.060572,0.0,0.113468,0.0,0.0,0.0,0.0,0.033415,0.026722,0.033382,0.0,0.033499,0.0,0.0,0.0,0.0,0.0328,0.0,0.0,0.0,0.0,0.0,0.0,0.0,0.113894,0.003135
2023-08-01,0.113481,0.014938,0.030212,0.0,0.0,0.0,0.11212,0.0,0.0,0.0,0.113036,0.114246,0.0,0.0,0.0,0.0,0.048943,0.059998,0.0,0.114703,0.0,0.0,0.0,0.0,0.033631,0.026867,0.033558,0.0,0.033185,0.0,0.0,0.0,0.0,0.033002,0.0,0.0,0.0,0.0,0.0,0.0,0.0,0.11493,0.003151
2023-08-02,0.113707,0.014883,0.030081,0.0,0.0,0.0,0.112921,0.0,0.0,0.0,0.112649,0.113757,0.0,0.0,0.0,0.0,0.049145,0.060352,0.0,0.115107,0.0,0.0,0.0,0.0,0.033284,0.02622,0.032974,0.0,0.03248,0.0,0.0,0.0,0.0,0.03323,0.0,0.0,0.0,0.0,0.0,0.0,0.0,0.116013,0.003197
2023-08-03,0.11389,0.014931,0.030113,0.0,0.0,0.0,0.111252,0.0,0.0,0.0,0.11359,0.114147,0.0,0.0,0.0,0.0,0.049127,0.060294,0.0,0.11384,0.0,0.0,0.0,0.0,0.033346,0.026309,0.032954,0.0,0.032497,0.0,0.0,0.0,0.0,0.033167,0.0,0.0,0.0,0.0,0.0,0.0,0.0,0.117324,0.003217
2023-08-04,0.114576,0.014949,0.030387,0.0,0.0,0.0,0.110398,0.0,0.0,0.0,0.115178,0.11383,0.0,0.0,0.0,0.0,0.048803,0.059921,0.0,0.115402,0.0,0.0,0.0,0.0,0.032874,0.026253,0.032568,0.0,0.032444,0.0,0.0,0.0,0.0,0.03318,0.0,0.0,0.0,0.0,0.0,0.0,0.0,0.116022,0.003216
2023-08-07,0.113218,0.015001,0.030457,0.0,0.0,0.0,0.109593,0.0,0.0,0.0,0.115656,0.114895,0.0,0.0,0.0,0.0,0.049103,0.059894,0.0,0.116019,0.0,0.0,0.0,0.0,0.032767,0.026369,0.032577,0.0,0.032341,0.0,0.0,0.0,0.0,0.032903,0.0,0.0,0.0,0.0,0.0,0.0,0.0,0.116011,0.003197
2023-08-08,0.112677,0.014952,0.03025,0.0,0.0,0.0,0.109371,0.0,0.0,0.0,0.11497,0.114808,0.0,0.0,0.0,0.0,0.048979,0.059852,0.0,0.116047,0.0,0.0,0.0,0.0,0.032581,0.026002,0.032111,0.0,0.031832,0.0,0.0,0.0,0.0,0.032726,0.0,0.0,0.0,0.0,0.0,0.0,0.0,0.119638,0.003204
2023-08-09,0.113952,0.01513,0.030274,0.0,0.0,0.0,0.10956,0.0,0.0,0.0,0.114701,0.11467,0.0,0.0,0.0,0.0,0.049424,0.059798,0.0,0.116257,0.0,0.0,0.0,0.0,0.032471,0.025771,0.032048,0.0,0.031428,0.0,0.0,0.0,0.0,0.032979,0.0,0.0,0.0,0.0,0.0,0.0,0.0,0.118303,0.003235
2023-08-10,0.114756,0.015167,0.030359,0.0,0.0,0.0,0.109922,0.0,0.0,0.0,0.114813,0.114898,0.0,0.0,0.0,0.0,0.049218,0.059925,0.0,0.114828,0.0,0.0,0.0,0.0,0.032428,0.025631,0.032209,0.0,0.031442,0.0,0.0,0.0,0.0,0.032963,0.0,0.0,0.0,0.0,0.0,0.0,0.0,0.118211,0.003231
2023-08-11,0.113903,0.015115,0.030466,0.0,0.0,0.0,0.109724,0.0,0.0,0.0,0.115012,0.114942,0.0,0.0,0.0,0.0,0.049553,0.059757,0.0,0.115314,0.0,0.0,0.0,0.0,0.032355,0.025138,0.032325,0.0,0.031271,0.0,0.0,0.0,0.0,0.033133,0.0,0.0,0.0,0.0,0.0,0.0,0.0,0.118743,0.003247
2023-08-14,0.114083,0.015064,0.030148,0.0,0.0,0.0,0.107374,0.0,0.0,0.0,0.115192,0.115609,0.0,0.0,0.0,0.0,0.049498,0.059865,0.0,0.115987,0.0,0.0,0.0,0.0,0.032822,0.025825,0.032697,0.0,0.031581,0.0,0.0,0.0,0.0,0.032836,0.0,0.0,0.0,0.0,0.0,0.0,0.0,0.118176,0.003244
2023-08-15,0.114306,0.014991,0.030069,0.0,0.0,0.0,0.107129,0.0,0.0,0.0,0.114548,0.115516,0.0,0.0,0.0,0.0,0.049264,0.059353,0.0,0.117758,0.0,0.0,0.0,0.0,0.032763,0.025601,0.032681,0.0,0.031479,0.0,0.0,0.0,0.0,0.032839,0.0,0.0,0.0,0.0,0.0,0.0,0.0,0.118431,0.00327
2023-08-16,0.114893,0.015036,0.029964,0.0,0.0,0.0,0.10775,0.0,0.0,0.0,0.114158,0.115175,0.0,0.0,0.0,0.0,0.049435,0.05935,0.0,0.116477,0.0,0.0,0.0,0.0,0.032746,0.025333,0.032694,0.0,0.031185,0.0,0.0,0.0,0.0,0.033311,0.0,0.0,0.0,0.0,0.0,0.0,0.0,0.119191,0.0033
2023-08-17,0.1159,0.015178,0.030383,0.0,0.0,0.0,0.108998,0.0,0.0,0.0,0.114272,0.115931,0.0,0.0,0.0,0.0,0.049913,0.05995,0.0,0.113514,0.0,0.0,0.0,0.0,0.033027,0.025544,0.032785,0.0,0.031225,0.0,0.0,0.0,0.0,0.033903,0.0,0.0,0.0,0.0,0.0,0.0,0.0,0.116118,0.003361
2023-08-18,0.115808,0.015259,0.030672,0.0,0.0,0.0,0.110554,0.0,0.0,0.0,0.114808,0.116043,0.0,0.0,0.0,0.0,0.050356,0.06071,0.0,0.114898,0.0,0.0,0.0,0.0,0.033307,0.02586,0.033149,0.0,0.031493,0.0,0.0,0.0,0.0,0.034413,0.0,0.0,0.0,0.0,0.0,0.0,0.0,0.109284,0.003385
2023-08-21,0.115748,0.015308,0.030622,0.0,0.0,0.0,0.109126,0.0,0.0,0.0,0.115841,0.116594,0.0,0.0,0.0,0.0,0.050171,0.060378,0.0,0.113694,0.0,0.0,0.0,0.0,0.03386,0.026537,0.033654,0.0,0.031761,0.0,0.0,0.0,0.0,0.034232,0.0,0.0,0.0,0.0,0.0,0.0,0.0,0.109096,0.003377
2023-08-22,0.116286,0.015225,0.030718,0.0,0.0,0.0,0.111349,0.0,0.0,0.0,0.115806,0.116388,0.0,0.0,0.0,0.0,0.049964,0.059819,0.0,0.114372,0.0,0.0,0.0,0.0,0.033762,0.026257,0.033567,0.0,0.031545,0.0,0.0,0.0,0.0,0.033963,0.0,0.0,0.0,0.0,0.0,0.0,0.0,0.107608,0.003372
2023-08-23,0.115167,0.015106,0.030626,0.0,0.0,0.0,0.113219,0.0,0.0,0.0,0.114864,0.116377,0.0,0.0,0.0,0.0,0.04967,0.059459,0.0,0.113822,0.0,0.0,0.0,0.0,0.033821,0.026365,0.033573,0.0,0.031695,0.0,0.0,0.0,0.0,0.033766,0.0,0.0,0.0,0.0,0.0,0.0,0.0,0.109151,0.003318
2023-08-24,0.116221,0.015121,0.030682,0.0,0.0,0.0,0.113704,0.0,0.0,0.0,0.114317,0.115863,0.0,0.0,0.0,0.0,0.049807,0.059805,0.0,0.113842,0.0,0.0,0.0,0.0,0.03354,0.025878,0.033307,0.0,0.031607,0.0,0.0,0.0,0.0,0.034565,0.0,0.0,0.0,0.0,0.0,0.0,0.0,0.108373,0.003368
2023-08-25,0.115678,0.015225,0.030831,0.0,0.0,0.0,0.112694,0.0,0.0,0.0,0.115555,0.115948,0.0,0.0,0.0,0.0,0.05021,0.059775,0.0,0.112571,0.0,0.0,0.0,0.0,0.03387,0.025981,0.033955,0.0,0.031756,0.0,0.0,0.0,0.0,0.034649,0.0,0.0,0.0,0.0,0.0,0.0,0.0,0.107932,0.003368
2023-08-28,0.114875,0.015278,0.030979,0.0,0.0,0.0,0.11327,0.0,0.0,0.0,0.115212,0.116551,0.0,0.0,0.0,0.0,0.050268,0.059594,0.0,0.112741,0.0,0.0,0.0,0.0,0.03391,0.026127,0.033881,0.0,0.031964,0.0,0.0,0.0,0.0,0.034743,0.0,0.0,0.0,0.0,0.0,0.0,0.0,0.107263,0.003345
2023-08-29,0.114632,0.015127,0.030454,0.0,0.0,0.0,0.112154,0.0,0.0,0.0,0.115291,0.116316,0.0,0.0,0.0,0.0,0.049451,0.05897,0.0,0.112697,0.0,0.0,0.0,0.0,0.03377,0.026178,0.033719,0.0,0.031779,0.0,0.0,0.0,0.0,0.033872,0.0,0.0,0.0,0.0,0.0,0.0,0.0,0.112323,0.003266
2023-08-30,0.115439,0.015114,0.030387,0.0,0.0,0.0,0.111028,0.0,0.0,0.0,0.115741,0.116286,0.0,0.0,0.0,0.0,0.049655,0.059267,0.0,0.114244,0.0,0.0,0.0,0.0,0.034011,0.02629,0.034007,0.0,0.032029,0.0,0.0,0.0,0.0,0.033936,0.0,0.0,0.0,0.0,0.0,0.0,0.0,0.1093,0.003265
2023-08-31,0.093334,0.0,0.0,0.0,0.0,0.0,0.105134,0.104243,0.0,0.013924,0.049672,0.104829,0.0,0.0,0.0,0.016165,0.056564,0.060985,0.0,0.1049,0.0,0.0,0.028919,0.0,0.036292,0.027869,0.036062,0.0,0.013661,0.0,0.0,0.0,0.0,0.102563,0.0,0.0,0.0,0.0,0.0,0.0,0.0,0.031264,0.013622
2023-09-01,0.092999,0.0,0.0,0.0,0.0,0.0,0.106761,0.104508,0.0,0.014043,0.049193,0.103482,0.0,0.0,0.0,0.016505,0.056658,0.060922,0.0,0.10604,0.0,0.0,0.02857,0.0,0.036273,0.027841,0.0361,0.0,0.013612,0.0,0.0,0.0,0.0,0.102383,0.0,0.0,0.0,0.0,0.0,0.0,0.0,0.030538,0.013574
2023-09-04,0.092979,0.0,0.0,0.0,0.0,0.0,0.106762,0.104509,0.0,0.014044,0.049193,0.103484,0.0,0.0,0.0,0.016505,0.056659,0.060923,0.0,0.106041,0.0,0.0,0.02857,0.0,0.036274,0.027842,0.036101,0.0,0.013612,0.0,0.0,0.0,0.0,0.102385,0.0,0.0,0.0,0.0,0.0,0.0,0.0,0.030538,0.01358
2023-09-05,0.093399,0.0,0.0,0.0,0.0,0.0,0.106627,0.105577,0.0,0.014051,0.049608,0.104266,0.0,0.0,0.0,0.016539,0.056135,0.060051,0.0,0.101961,0.0,0.0,0.028543,0.0,0.036684,0.028047,0.036556,0.0,0.01364,0.0,0.0,0.0,0.0,0.103837,0.0,0.0,0.0,0.0,0.0,0.0,0.0,0.030797,0.013683
2023-09-06,0.092934,0.0,0.0,0.0,0.0,0.0,0.105656,0.105545,0.0,0.013938,0.049352,0.104332,0.0,0.0,0.0,0.016597,0.056105,0.059789,0.0,0.1034,0.0,0.0,0.028619,0.0,0.036433,0.027949,0.036746,0.0,0.01363,0.0,0.0,0.0,0.0,0.104324,0.0,0.0,0.0,0.0,0.0,0.0,0.0,0.030913,0.013737
2023-09-07,0.092978,0.0,0.0,0.0,0.0,0.0,0.103842,0.106707,0.0,0.013908,0.049608,0.104393,0.0,0.0,0.0,0.016636,0.056054,0.05966,0.0,0.104421,0.0,0.0,0.028755,0.0,0.035992,0.027375,0.036747,0.0,0.013502,0.0,0.0,0.0,0.0,0.104382,0.0,0.0,0.0,0.0,0.0,0.0,0.0,0.031269,0.013773
2023-09-08,0.09307,0.0,0.0,0.0,0.0,0.0,0.105041,0.10758,0.0,0.013887,0.049492,0.10446,0.0,0.0,0.0,0.016788,0.055643,0.059488,0.0,0.10371,0.0,0.0,0.028724,0.0,0.035982,0.027169,0.036727,0.0,0.013326,0.0,0.0,0.0,0.0,0.1039,0.0,0.0,0.0,0.0,0.0,0.0,0.0,0.031266,0.013746
2023-09-11,0.092545,0.0,0.0,0.0,0.0,0.0,0.106744,0.10775,0.0,0.013995,0.050411,0.105176,0.0,0.0,0.0,0.016324,0.055207,0.059415,0.0,0.103623,0.0,0.0,0.028737,0.0,0.035876,0.026933,0.036725,0.0,0.013264,0.0,0.0,0.0,0.0,0.103812,0.0,0.0,0.0,0.0,0.0,0.0,0.0,0.029826,0.013635
2023-09-12,0.093041,0.0,0.0,0.0,0.0,0.0,0.107753,0.1074,0.0,0.0139,0.050234,0.10466,0.0,0.0,0.0,0.016812,0.055317,0.059336,0.0,0.101953,0.0,0.0,0.02865,0.0,0.035423,0.026854,0.035867,0.0,0.013251,0.0,0.0,0.0,0.0,0.104535,0.0,0.0,0.0,0.0,0.0,0.0,0.0,0.031303,0.013712
2023-09-13,0.092923,0.0,0.0,0.0,0.0,0.0,0.10884,0.107408,0.0,0.01389,0.050579,0.104894,0.0,0.0,0.0,0.016601,0.054892,0.059147,0.0,0.100773,0.0,0.0,0.028708,0.0,0.035476,0.026964,0.035906,0.0,0.013155,0.0,0.0,0.0,0.0,0.104759,0.0,0.0,0.0,0.0,0.0,0.0,0.0,0.031388,0.013697
2023-09-14,0.092603,0.0,0.0,0.0,0.0,0.0,0.109797,0.106676,0.0,0.013933,0.050571,0.105303,0.0,0.0,0.0,0.016518,0.054885,0.05913,0.0,0.101312,0.0,0.0,0.028713,0.0,0.035379,0.026889,0.035726,0.0,0.013107,0.0,0.0,0.0,0.0,0.104192,0.0,0.0,0.0,0.0,0.0,0.0,0.0,0.031702,0.013565
2023-09-15,0.09307,0.0,0.0,0.0,0.0,0.0,0.110354,0.107373,0.0,0.014127,0.050175,0.104883,0.0,0.0,0.0,0.01639,0.055083,0.059409,0.0,0.099399,0.0,0.0,0.028745,0.0,0.035027,0.026359,0.035382,0.0,0.01304,0.0,0.0,0.0,0.0,0.105791,0.0,0.0,0.0,0.0,0.0,0.0,0.0,0.031698,0.013695
2023-09-18,0.092881,0.0,0.0,0.0,0.0,0.0,0.110431,0.107567,0.0,0.014166,0.049664,0.105031,0.0,0.0,0.0,0.016406,0.055182,0.058859,0.0,0.099884,0.0,0.0,0.028755,0.0,0.03522,0.026467,0.035393,0.0,0.013096,0.0,0.0,0.0,0.0,0.105106,0.0,0.0,0.0,0.0,0.0,0.0,0.0,0.032187,0.013707
2023-09-19,0.092507,0.0,0.0,0.0,0.0,0.0,0.109873,0.107353,0.0,0.014041,0.049503,0.105296,0.0,0.0,0.0,0.016253,0.055048,0.058937,0.0,0.100221,0.0,0.0,0.028737,0.0,0.035264,0.026291,0.035413,0.0,0.013047,0.0,0.0,0.0,0.0,0.105721,0.0,0.0,0.0,0.0,0.0,0.0,0.0,0.03276,0.013735
2023-09-20,0.09355,0.0,0.0,0.0,0.0,0.0,0.111237,0.107557,0.0,0.014006,0.049234,0.104335,0.0,0.0,0.0,0.016077,0.055082,0.058982,0.0,0.099733,0.0,0.0,0.028897,0.0,0.034868,0.025978,0.035254,0.0,0.012962,0.0,0.0,0.0,0.0,0.105918,0.0,0.0,0.0,0.0,0.0,0.0,0.0,0.032533,0.013796
2023-09-21,0.093334,0.0,0.0,0.0,0.0,0.0,0.109556,0.108582,0.0,0.013899,0.048815,0.105038,0.0,0.0,0.0,0.016197,0.055226,0.059305,0.0,0.098712,0.0,0.0,0.029076,0.0,0.034999,0.02599,0.035089,0.0,0.012881,0.0,0.0,0.0,0.0,0.106456,0.0,0.0,0.0,0.0,0.0,0.0,0.0,0.032777,0.014067
2023-09-22,0.093355,0.0,0.0,0.0,0.0,0.0,0.109582,0.108785,0.0,0.013985,0.048392,0.105035,0.0,0.0,0.0,0.016169,0.055103,0.058991,0.0,0.09898,0.0,0.0,0.028953,0.0,0.035116,0.026238,0.03519,0.0,0.012954,0.0,0.0,0.0,0.0,0.106388,0.0,0.0,0.0,0.0,0.0,0.0,0.0,0.032696,0.014087
2023-09-25,0.092704,0.0,0.0,0.0,0.0,0.0,0.108963,0.109131,0.0,0.013941,0.048681,0.105271,0.0,0.0,0.0,0.016463,0.055368,0.059276,0.0,0.099187,0.0,0.0,0.028845,0.0,0.035222,0.026425,0.035176,0.0,0.012978,0.0,0.0,0.0,0.0,0.105832,0.0,0.0,0.0,0.0,0.0,0.0,0.0,0.03245,0.014087
2023-09-26,0.092966,0.0,0.0,0.0,0.0,0.0,0.108278,0.109709,0.0,0.013666,0.048383,0.105386,0.0,0.0,0.0,0.016595,0.055196,0.058962,0.0,0.098948,0.0,0.0,0.028983,0.0,0.035015,0.026265,0.035044,0.0,0.012871,0.0,0.0,0.0,0.0,0.106743,0.0,0.0,0.0,0.0,0.0,0.0,0.0,0.032729,0.014261
2023-09-27,0.092684,0.0,0.0,0.0,0.0,0.0,0.106901,0.110314,0.0,0.013663,0.04817,0.105601,0.0,0.0,0.0,0.017075,0.055575,0.058995,0.0,0.099133,0.0,0.0,0.028728,0.0,0.035049,0.026481,0.035261,0.0,0.013018,0.0,0.0,0.0,0.0,0.106387,0.0,0.0,0.0,0.0,0.0,0.0,0.0,0.03271,0.014255
2023-09-28,0.09243,0.0,0.0,0.0,0.0,0.0,0.107337,0.108476,0.0,0.013665,0.048265,0.105795,0.0,0.0,0.0,0.017012,0.055303,0.059267,0.0,0.099869,0.0,0.0,0.028554,0.0,0.034976,0.026726,0.035207,0.0,0.013058,0.0,0.0,0.0,0.0,0.106345,0.0,0.0,0.0,0.0,0.0,0.0,0.0,0.033591,0.014127
2023-09-29,0.091064,0.0,0.0,0.0,0.0,0.0,0.074362,0.091222,0.0,0.0,0.091407,0.091137,0.0,0.0,0.010976,0.091166,0.047087,0.055594,0.0,0.091142,0.0,0.0,0.0,0.0,0.029742,0.029246,0.029802,0.013181,0.0,0.0,0.0,0.024524,0.077636,0.043879,0.0,0.0,0.0,0.0,0.0,0.0,0.0,0.013056,0.003776
2023-10-02,0.091205,0.0,0.0,0.0,0.0,0.0,0.073551,0.092007,0.0,0.0,0.092289,0.092629,0.0,0.0,0.010852,0.088906,0.047039,0.055577,0.0,0.091022,0.0,0.0,0.0,0.0,0.030327,0.029653,0.030232,0.013338,0.0,0.0,0.0,0.024481,0.074779,0.044618,0.0,0.0,0.0,0.0,0.0,0.0,0.0,0.013684,0.00381
2023-10-03,0.090945,0.0,0.0,0.0,0.0,0.0,0.072349,0.092842,0.0,0.0,0.091398,0.092756,0.0,0.0,0.011008,0.089902,0.047414,0.055884,0.0,0.089573,0.0,0.0,0.0,0.0,0.030261,0.029476,0.029917,0.013289,0.0,0.0,0.0,0.024778,0.075982,0.044849,0.0,0.0,0.0,0.0,0.0,0.0,0.0,0.01351,0.003868
2023-10-04,0.091035,0.0,0.0,0.0,0.0,0.0,0.072412,0.092532,0.0,0.0,0.093059,0.093496,0.0,0.0,0.010646,0.086199,0.047494,0.056021,0.0,0.090707,0.0,0.0,0.0,0.0,0.030591,0.029822,0.030354,0.013302,0.0,0.0,0.0,0.024737,0.075359,0.044676,0.0,0.0,0.0,0.0,0.0,0.0,0.0,0.013694,0.003863
2023-10-05,0.091336,0.0,0.0,0.0,0.0,0.0,0.072234,0.093265,0.0,0.0,0.092715,0.09349,0.0,0.0,0.010594,0.086419,0.047275,0.055874,0.0,0.09035,0.0,0.0,0.0,0.0,0.030672,0.029717,0.030356,0.013277,0.0,0.0,0.0,0.024724,0.075223,0.044986,0.0,0.0,0.0,0.0,0.0,0.0,0.0,0.013624,0.003868
2023-10-06,0.091145,0.0,0.0,0.0,0.0,0.0,0.071911,0.092933,0.0,0.0,0.092158,0.093979,0.0,0.0,0.01052,0.086857,0.047301,0.055711,0.0,0.089591,0.0,0.0,0.0,0.0,0.030841,0.029962,0.030773,0.013449,0.0,0.0,0.0,0.024529,0.076101,0.044693,0.0,0.0,0.0,0.0,0.0,0.0,0.0,0.013726,0.003819
2023-10-09,0.090561,0.0,0.0,0.0,0.0,0.0,0.072334,0.091087,0.0,0.0,0.091427,0.094138,0.0,0.0,0.010773,0.089651,0.047612,0.055273,0.0,0.089763,0.0,0.0,0.0,0.0,0.030723,0.029619,0.030699,0.013456,0.0,0.0,0.0,0.024756,0.076679,0.044271,0.0,0.0,0.0,0.0,0.0,0.0,0.0,0.013393,0.003785
2023-10-10,0.091525,0.0,0.0,0.0,0.0,0.0,0.073673,0.091312,0.0,0.0,0.091617,0.093851,0.0,0.0,0.010692,0.089134,0.04748,0.055461,0.0,0.090071,0.0,0.0,0.0,0.0,0.0305,0.029736,0.030571,0.013427,0.0,0.0,0.0,0.024498,0.075703,0.043843,0.0,0.0,0.0,0.0,0.0,0.0,0.0,0.013153,0.003752
2023-10-11,0.090959,0.0,0.0,0.0,0.0,0.0,0.073715,0.091161,0.0,0.0,0.091607,0.094359,0.0,0.0,0.010516,0.088661,0.047591,0.055394,0.0,0.090763,0.0,0.0,0.0,0.0,0.03067,0.029849,0.03063,0.013424,0.0,0.0,0.0,0.024586,0.076181,0.043398,0.0,0.0,0.0,0.0,0.0,0.0,0.0,0.012795,0.003739
2023-10-12,0.092011,0.0,0.0,0.0,0.0,0.0,0.072991,0.091351,0.0,0.0,0.091534,0.094199,0.0,0.0,0.010635,0.089598,0.047641,0.055302,0.0,0.087456,0.0,0.0,0.0,0.0,0.031013,0.030232,0.030815,0.013413,0.0,0.0,0.0,0.024762,0.076121,0.044251,0.0,0.0,0.0,0.0,0.0,0.0,0.0,0.012897,0.003778
2023-10-13,0.091002,0.0,0.0,0.0,0.0,0.0,0.073192,0.091588,0.0,0.0,0.090139,0.093091,0.0,0.0,0.010864,0.091438,0.047193,0.054321,0.0,0.087547,0.0,0.0,0.0,0.0,0.030551,0.029392,0.03046,0.013339,0.0,0.0,0.0,0.025544,0.079204,0.044431,0.0,0.0,0.0,0.0,0.0,0.0,0.0,0.012928,0.003776
2023-10-16,0.090812,0.0,0.0,0.0,0.0,0.0,0.073722,0.091244,0.0,0.0,0.09064,0.093603,0.0,0.0,0.010822,0.091397,0.047196,0.054701,0.0,0.087402,0.0,0.0,0.0,0.0,0.030523,0.029497,0.030488,0.013415,0.0,0.0,0.0,0.025154,0.078,0.044008,0.0,0.0,0.0,0.0,0.0,0.0,0.0,0.013638,0.003738
2023-10-17,0.090626,0.0,0.0,0.0,0.0,0.0,0.07318,0.090977,0.0,0.0,0.090568,0.093637,0.0,0.0,0.010901,0.092185,0.047194,0.054806,0.0,0.087276,0.0,0.0,0.0,0.0,0.030286,0.02919,0.030546,0.013378,0.0,0.0,0.0,0.025122,0.078657,0.044132,0.0,0.0,0.0,0.0,0.0,0.0,0.0,0.013614,0.003726
2023-10-18,0.090811,0.0,0.0,0.0,0.0,0.0,0.072828,0.091002,0.0,0.0,0.089567,0.093192,0.0,0.0,0.01114,0.094058,0.04664,0.053705,0.0,0.085988,0.0,0.0,0.0,0.0,0.030356,0.029028,0.030469,0.01341,0.0,0.0,0.0,0.025809,0.079771,0.044816,0.0,0.0,0.0,0.0,0.0,0.0,0.0,0.013636,0.003774
2023-10-19,0.090632,0.0,0.0,0.0,0.0,0.0,0.073171,0.091689,0.0,0.0,0.087719,0.093564,0.0,0.0,0.011176,0.094353,0.046442,0.053625,0.0,0.084838,0.0,0.0,0.0,0.0,0.030334,0.028725,0.030431,0.013317,0.0,0.0,0.0,0.026258,0.080786,0.045145,0.0,0.0,0.0,0.0,0.0,0.0,0.0,0.014,0.003794
2023-10-20,0.089843,0.0,0.0,0.0,0.0,0.0,0.073379,0.09171,0.0,0.0,0.087065,0.09346,0.0,0.0,0.011079,0.093525,0.046339,0.054189,0.0,0.084911,0.0,0.0,0.0,0.0,0.030066,0.028542,0.029905,0.013142,0.0,0.0,0.0,0.026545,0.082567,0.045411,0.0,0.0,0.0,0.0,0.0,0.0,0.0,0.014499,0.003825
2023-10-23,0.0902,0.0,0.0,0.0,0.0,0.0,0.073277,0.091229,0.0,0.0,0.087427,0.09423,0.0,0.0,0.010932,0.092433,0.04626,0.05368,0.0,0.085775,0.0,0.0,0.0,0.0,0.03019,0.028464,0.029996,0.013084,0.0,0.0,0.0,0.026534,0.081457,0.045566,0.0,0.0,0.0,0.0,0.0,0.0,0.0,0.015428,0.003838
2023-10-24,0.089834,0.0,0.0,0.0,0.0,0.0,0.073971,0.091084,0.0,0.0,0.087957,0.094909,0.0,0.0,0.010729,0.091285,0.046396,0.053474,0.0,0.085044,0.0,0.0,0.0,0.0,0.030259,0.028718,0.030131,0.013209,0.0,0.0,0.0,0.02641,0.080971,0.045318,0.0,0.0,0.0,0.0,0.0,0.0,0.0,0.016481,0.00382
2023-10-25,0.090734,0.0,0.0,0.0,0.0,0.0,0.074234,0.0913,0.0,0.0,0.087383,0.092066,0.0,0.0,0.010859,0.092413,0.04644,0.053125,0.0,0.084841,0.0,0.0,0.0,0.0,0.030319,0.027942,0.029732,0.013063,0.0,0.0,0.0,0.026891,0.081788,0.04574,0.0,0.0,0.0,0.0,0.0,0.0,0.0,0.017255,0.003875
2023-10-26,0.090137,0.0,0.0,0.0,0.0,0.0,0.076184,0.090842,0.0,0.0,0.086628,0.090699,0.0,0.0,0.010851,0.092637,0.046573,0.052332,0.0,0.086364,0.0,0.0,0.0,0.0,0.029951,0.027973,0.029639,0.013072,0.0,0.0,0.0,0.027125,0.082014,0.046149,0.0,0.0,0.0,0.0,0.0,0.0,0.0,0.016927,0.003903
2023-10-27,0.090017,0.0,0.0,0.0,0.0,0.0,0.074866,0.09143,0.0,0.0,0.08763,0.090468,0.0,0.0,0.010602,0.091504,0.046211,0.05182,0.0,0.08605,0.0,0.0,0.0,0.0,0.030158,0.028304,0.029658,0.013101,0.0,0.0,0.0,0.02747,0.083402,0.046622,0.0,0.0,0.0,0.0,0.0,0.0,0.0,0.016779,0.003908
2023-10-30,0.089682,0.0,0.0,0.0,0.0,0.0,0.073416,0.091687,0.0,0.0,0.087924,0.091801,0.0,0.0,0.010576,0.090662,0.046518,0.052788,0.0,0.086223,0.0,0.0,0.0,0.0,0.030306,0.027765,0.02988,0.013047,0.0,0.0,0.0,0.027158,0.08355,0.046039,0.0,0.0,0.0,0.0,0.0,0.0,0.0,0.017092,0.003886
2023-10-31,0.053922,0.0,0.036743,0.0,0.0,0.0,0.08123,0.081146,0.0,0.0,0.064107,0.081182,0.021512,0.0,0.038914,0.051453,0.028414,0.0,0.0,0.081067,0.0,0.0,0.0,0.0,0.026651,0.008921,0.026966,0.027091,0.0,0.0,0.0,0.0,0.0,0.081282,0.0,0.0,0.0,0.043609,0.080827,0.0,0.046494,0.032664,0.005805
2023-11-01,0.053777,0.0,0.036949,0.0,0.0,0.0,0.08271,0.080522,0.0,0.0,0.064164,0.081439,0.021406,0.0,0.038382,0.050775,0.028183,0.0,0.0,0.08296,0.0,0.0,0.0,0.0,0.026859,0.009028,0.02688,0.026802,0.0,0.0,0.0,0.0,0.0,0.08025,0.0,0.0,0.0,0.04349,0.080672,0.0,0.046571,0.032442,0.00574
2023-11-02,0.053979,0.0,0.036877,0.0,0.0,0.0,0.083554,0.079858,0.0,0.0,0.064655,0.081034,0.021518,0.0,0.038832,0.051155,0.028245,0.0,0.0,0.084251,0.0,0.0,0.0,0.0,0.026822,0.009067,0.026857,0.026562,0.0,0.0,0.0,0.0,0.0,0.07974,0.0,0.0,0.0,0.042902,0.080113,0.0,0.046192,0.03215,0.005637
2023-11-03,0.054322,0.0,0.037126,0.0,0.0,0.0,0.083637,0.079612,0.0,0.0,0.064888,0.081428,0.021577,0.0,0.038045,0.050257,0.028201,0.0,0.0,0.086074,0.0,0.0,0.0,0.0,0.026819,0.009209,0.02686,0.026627,0.0,0.0,0.0,0.0,0.0,0.079486,0.0,0.0,0.0,0.042677,0.080062,0.0,0.046163,0.031351,0.005579
2023-11-06,0.05438,0.0,0.036771,0.0,0.0,0.0,0.084235,0.079953,0.0,0.0,0.065188,0.081485,0.021586,0.0,0.037742,0.049084,0.028221,0.0,0.0,0.08544,0.0,0.0,0.0,0.0,0.027086,0.009223,0.026888,0.026535,0.0,0.0,0.0,0.0,0.0,0.079967,0.0,0.0,0.0,0.04271,0.080008,0.0,0.045936,0.031962,0.0056
2023-11-07,0.054359,0.0,0.03638,0.0,0.0,0.0,0.084688,0.079871,0.0,0.0,0.065818,0.0818,0.021522,0.0,0.036851,0.047623,0.02811,0.0,0.0,0.086375,0.0,0.0,0.0,0.0,0.027342,0.009268,0.027391,0.026853,0.0,0.0,0.0,0.0,0.0,0.078782,0.0,0.0,0.0,0.042762,0.0799,0.0,0.046023,0.032689,0.005593
2023-11-08,0.054377,0.0,0.03587,0.0,0.0,0.0,0.084216,0.080289,0.0,0.0,0.065808,0.081618,0.021602,0.0,0.036481,0.046717,0.028245,0.0,0.0,0.08655,0.0,0.0,0.0,0.0,0.027566,0.009301,0.027646,0.026897,0.0,0.0,0.0,0.0,0.0,0.079337,0.0,0.0,0.0,0.042964,0.080144,0.0,0.046228,0.032537,0.005608
2023-11-09,0.054915,0.0,0.036206,0.0,0.0,0.0,0.084199,0.080173,0.0,0.0,0.064912,0.082013,0.021623,0.0,0.036557,0.046627,0.028328,0.0,0.0,0.085796,0.0,0.0,0.0,0.0,0.027578,0.009304,0.027552,0.026929,0.0,0.0,0.0,0.0,0.0,0.079279,0.0,0.0,0.0,0.042821,0.080056,0.0,0.045991,0.033503,0.005637
2023-11-10,0.053966,0.0,0.036138,0.0,0.0,0.0,0.08478,0.080066,0.0,0.0,0.065236,0.082362,0.021618,0.0,0.036538,0.046607,0.028409,0.0,0.0,0.086697,0.0,0.0,0.0,0.0,0.027975,0.009568,0.027915,0.027122,0.0,0.0,0.0,0.0,0.0,0.078054,0.0,0.0,0.0,0.042348,0.079527,0.0,0.045664,0.033838,0.005572
2023-11-13,0.054445,0.0,0.036099,0.0,0.0,0.0,0.084547,0.079893,0.0,0.0,0.065477,0.082133,0.021573,0.0,0.036779,0.04695,0.028417,0.0,0.0,0.086234,0.0,0.0,0.0,0.0,0.027795,0.00947,0.027927,0.027193,0.0,0.0,0.0,0.0,0.0,0.07914,0.0,0.0,0.0,0.042294,0.079406,0.0,0.045394,0.033262,0.005571
2023-11-14,0.054565,0.0,0.036114,0.0,0.0,0.0,0.085629,0.079535,0.0,0.0,0.066392,0.081877,0.021562,0.0,0.0364,0.046818,0.028435,0.0,0.0,0.089825,0.0,0.0,0.0,0.0,0.027811,0.009633,0.028146,0.027514,0.0,0.0,0.0,0.0,0.0,0.07725,0.0,0.0,0.0,0.041828,0.078681,0.0,0.045302,0.03122,0.005465
2023-11-15,0.05466,0.0,0.035776,0.0,0.0,0.0,0.086029,0.079137,0.0,0.0,0.066345,0.082121,0.021639,0.0,0.036262,0.046782,0.02844,0.0,0.0,0.089137,0.0,0.0,0.0,0.0,0.027793,0.009684,0.027936,0.027405,0.0,0.0,0.0,0.0,0.0,0.077241,0.0,0.0,0.0,0.041569,0.07828,0.0,0.044936,0.033373,0.005455
2023-11-16,0.054558,0.0,0.036044,0.0,0.0,0.0,0.086555,0.079526,0.0,0.0,0.065929,0.082818,0.021814,0.0,0.035698,0.045615,0.02856,0.0,0.0,0.089465,0.0,0.0,0.0,0.0,0.028044,0.009728,0.02806,0.027132,0.0,0.0,0.0,0.0,0.0,0.076961,0.0,0.0,0.0,0.041889,0.0787,0.0,0.04549,0.031938,0.005479
2023-11-17,0.054615,0.0,0.036435,0.0,0.0,0.0,0.085688,0.079275,0.0,0.0,0.066058,0.082417,0.021824,0.0,0.036275,0.0464,0.028607,0.0,0.0,0.089633,0.0,0.0,0.0,0.0,0.027854,0.00975,0.028018,0.027306,0.0,0.0,0.0,0.0,0.0,0.07646,0.0,0.0,0.0,0.041736,0.078509,0.0,0.045422,0.032262,0.005455
2023-11-20,0.054575,0.0,0.036189,0.0,0.0,0.0,0.086798,0.078727,0.0,0.0,0.065939,0.08277,0.02176,0.0,0.036076,0.046152,0.028496,0.0,0.0,0.089373,0.0,0.0,0.0,0.0,0.028063,0.009826,0.028252,0.027406,0.0,0.0,0.0,0.0,0.0,0.076138,0.0,0.0,0.0,0.04157,0.078049,0.0,0.045392,0.033033,0.005417
2023-11-21,0.054768,0.0,0.036183,0.0,0.0,0.0,0.086202,0.07906,0.0,0.0,0.066033,0.08282,0.021834,0.0,0.036139,0.045923,0.028588,0.0,0.0,0.088721,0.0,0.0,0.0,0.0,0.027947,0.009681,0.028354,0.027538,0.0,0.0,0.0,0.0,0.0,0.076581,0.0,0.0,0.0,0.041649,0.078466,0.0,0.045574,0.0325,0.00544
2023-11-22,0.054794,0.0,0.036304,0.0,0.0,0.0,0.085875,0.079093,0.0,0.0,0.066042,0.083257,0.021858,0.0,0.036017,0.045813,0.028567,0.0,0.0,0.088854,0.0,0.0,0.0,0.0,0.02799,0.009683,0.028266,0.027436,0.0,0.0,0.0,0.0,0.0,0.07598,0.0,0.0,0.0,0.041568,0.078374,0.0,0.045667,0.033138,0.005424
2023-11-23,0.054897,0.0,0.0363,0.0,0.0,0.0,0.085866,0.079084,0.0,0.0,0.066035,0.083248,0.021855,0.0,0.036013,0.045808,0.028564,0.0,0.0,0.088844,0.0,0.0,0.0,0.0,0.027987,0.009682,0.028263,0.027433,0.0,0.0,0.0,0.0,0.0,0.075972,0.0,0.0,0.0,0.041563,0.078366,0.0,0.045662,0.033135,0.005424
2023-11-24,0.054947,0.0,0.036382,0.0,0.0,0.0,0.08592,0.079076,0.0,0.0,0.066119,0.082995,0.021931,0.0,0.036174,0.046031,0.028643,0.0,0.0,0.089192,0.0,0.0,0.0,0.0,0.027942,0.009692,0.028365,0.027651,0.0,0.0,0.0,0.0,0.0,0.074861,0.0,0.0,0.0,0.041402,0.078308,0.0,0.045586,0.033355,0.005427
2023-11-27,0.055023,0.0,0.036467,0.0,0.0,0.0,0.086138,0.079148,0.0,0.0,0.066433,0.08274,0.021925,0.0,0.03616,0.045778,0.028571,0.0,0.0,0.089184,0.0,0.0,0.0,0.0,0.028028,0.009709,0.028441,0.027749,0.0,0.0,0.0,0.0,0.0,0.074578,0.0,0.0,0.0,0.041668,0.078669,0.0,0.045928,0.032217,0.005446
2023-11-28,0.054917,0.0,0.036269,0.0,0.0,0.0,0.086623,0.079429,0.0,0.0,0.066463,0.082501,0.021803,0.0,0.035977,0.045411,0.028353,0.0,0.0,0.088148,0.0,0.0,0.0,0.0,0.027933,0.009601,0.028454,0.027676,0.0,0.0,0.0,0.0,0.0,0.075386,0.0,0.0,0.0,0.04161,0.078598,0.0,0.045921,0.03351,0.005416
2023-11-29,0.054789,0.0,0.0362,0.0,0.0,0.0,0.085704,0.079598,0.0,0.0,0.06622,0.081828,0.021937,0.0,0.035675,0.045197,0.028434,0.0,0.0,0.088854,0.0,0.0,0.0,0.0,0.027928,0.009696,0.028884,0.028158,0.0,0.0,0.0,0.0,0.0,0.075796,0.0,0.0,0.0,0.041737,0.07895,0.0,0.046241,0.032764,0.005412
2023-11-30,0.034969,0.0,0.042355,0.0,0.0,0.0,0.069428,0.074886,0.0,0.0,0.02533,0.074885,0.034184,0.024485,0.036109,0.047198,0.0,0.0,0.0,0.0,0.0,0.0,0.0,0.0,0.023362,0.012009,0.023463,0.023808,0.0,0.0,0.0,0.073979,0.0,0.0749,0.0,0.0,0.0,0.07468,0.074881,0.0,0.074913,0.07494,0.005236
2023-12-01,0.034913,0.0,0.042342,0.0,0.0,0.0,0.069577,0.074766,0.0,0.0,0.025425,0.074301,0.034104,0.025261,0.035942,0.047109,0.0,0.0,0.0,0.0,0.0,0.0,0.0,0.0,0.023186,0.011947,0.023557,0.02386,0.0,0.0,0.0,0.07452,0.0,0.073302,0.0,0.0,0.0,0.074327,0.074763,0.0,0.075318,0.076294,0.005185
2023-12-04,0.034718,0.0,0.041717,0.0,0.0,0.0,0.06805,0.075507,0.0,0.0,0.02534,0.073589,0.034081,0.025585,0.035793,0.046563,0.0,0.0,0.0,0.0,0.0,0.0,0.0,0.0,0.022914,0.011818,0.023275,0.024046,0.0,0.0,0.0,0.072941,0.0,0.0732,0.0,0.0,0.0,0.074049,0.074608,0.0,0.07483,0.082189,0.005188
2023-12-05,0.034703,0.0,0.041434,0.0,0.0,0.0,0.06802,0.075963,0.0,0.0,0.025305,0.07302,0.033806,0.025158,0.035057,0.045398,0.0,0.0,0.0,0.0,0.0,0.0,0.0,0.0,0.022979,0.011714,0.023199,0.023867,0.0,0.0,0.0,0.072439,0.0,0.073072,0.0,0.0,0.0,0.074219,0.074444,0.0,0.07503,0.086,0.005171
2023-12-06,0.034834,0.0,0.042002,0.0,0.0,0.0,0.068035,0.07632,0.0,0.0,0.025423,0.073063,0.033744,0.025232,0.034645,0.044317,0.0,0.0,0.0,0.0,0.0,0.0,0.0,0.0,0.022858,0.011679,0.023034,0.02392,0.0,0.0,0.0,0.072939,0.0,0.071774,0.0,0.0,0.0,0.074534,0.074693,0.0,0.075687,0.086077,0.005188
2023-12-07,0.034788,0.0,0.0422,0.0,0.0,0.0,0.067755,0.076289,0.0,0.0,0.025558,0.074376,0.033805,0.02559,0.034308,0.044163,0.0,0.0,0.0,0.0,0.0,0.0,0.0,0.0,0.023068,0.011957,0.023088,0.023958,0.0,0.0,0.0,0.072846,0.0,0.071996,0.0,0.0,0.0,0.074253,0.074601,0.0,0.075387,0.084838,0.005176
2023-12-08,0.034744,0.0,0.041784,0.0,0.0,0.0,0.067986,0.075743,0.0,0.0,0.025572,0.074426,0.033848,0.025768,0.034539,0.044531,0.0,0.0,0.0,0.0,0.0,0.0,0.0,0.0,0.023171,0.012004,0.023186,0.024046,0.0,0.0,0.0,0.071585,0.0,0.07217,0.0,0.0,0.0,0.073864,0.074155,0.0,0.074826,0.086897,0.005156
2023-12-11,0.035111,0.0,0.04234,0.0,0.0,0.0,0.068316,0.076717,0.0,0.0,0.025833,0.074412,0.03431,0.02595,0.034842,0.044843,0.0,0.0,0.0,0.0,0.0,0.0,0.0,0.0,0.02355,0.012506,0.023599,0.02454,0.0,0.0,0.0,0.071328,0.0,0.072347,0.0,0.0,0.0,0.074265,0.074665,0.0,0.075268,0.080061,0.005196
2023-12-12,0.035224,0.0,0.042271,0.0,0.0,0.0,0.067613,0.07641,0.0,0.0,0.025908,0.074704,0.034548,0.025824,0.034356,0.043874,0.0,0.0,0.0,0.0,0.0,0.0,0.0,0.0,0.023701,0.012594,0.023636,0.024843,0.0,0.0,0.0,0.071274,0.0,0.072798,0.0,0.0,0.0,0.074207,0.074816,0.0,0.075408,0.080796,0.005195
2023-12-13,0.034753,0.0,0.042172,0.0,0.0,0.0,0.068869,0.076007,0.0,0.0,0.025793,0.074102,0.034498,0.02663,0.034232,0.044188,0.0,0.0,0.0,0.0,0.0,0.0,0.0,0.0,0.023496,0.012567,0.023497,0.024675,0.0,0.0,0.0,0.071622,0.0,0.071113,0.0,0.0,0.0,0.073915,0.074645,0.0,0.075332,0.082787,0.005105
2023-12-14,0.035085,0.0,0.041582,0.0,0.0,0.0,0.069042,0.075897,0.0,0.0,0.025891,0.073719,0.03451,0.02753,0.034903,0.045299,0.0,0.0,0.0,0.0,0.0,0.0,0.0,0.0,0.023216,0.012792,0.022962,0.024547,0.0,0.0,0.0,0.071357,0.0,0.071021,0.0,0.0,0.0,0.074015,0.074261,0.0,0.075391,0.081922,0.005058
2023-12-15,0.035194,0.0,0.041388,0.0,0.0,0.0,0.068389,0.076122,0.0,0.0,0.026048,0.073826,0.034445,0.02727,0.034857,0.045278,0.0,0.0,0.0,0.0,0.0,0.0,0.0,0.0,0.023426,0.012891,0.023278,0.024956,0.0,0.0,0.0,0.070985,0.0,0.0715,0.0,0.0,0.0,0.074187,0.074394,0.0,0.075591,0.080895,0.00508
2023-12-18,0.035124,0.0,0.041176,0.0,0.0,0.0,0.069351,0.076128,0.0,0.0,0.026126,0.074496,0.034449,0.026989,0.035028,0.045703,0.0,0.0,0.0,0.0,0.0,0.0,0.0,0.0,0.02342,0.012814,0.02338,0.024945,0.0,0.0,0.0,0.071078,0.0,0.071338,0.0,0.0,0.0,0.073728,0.074203,0.0,0.075364,0.080094,0.005065
2023-12-19,0.035111,0.0,0.041043,0.0,0.0,0.0,0.069839,0.076059,0.0,0.0,0.026166,0.074786,0.034491,0.027161,0.035228,0.045977,0.0,0.0,0.0,0.0,0.0,0.0,0.0,0.0,0.023363,0.012802,0.023379,0.024982,0.0,0.0,0.0,0.071116,0.0,0.071062,0.0,0.0,0.0,0.073316,0.073951,0.0,0.07508,0.080055,0.005033
2023-12-20,0.035424,0.0,0.041112,0.0,0.0,0.0,0.068966,0.0745,0.0,0.0,0.025863,0.07471,0.034105,0.026761,0.035137,0.045599,0.0,0.0,0.0,0.0,0.0,0.0,0.0,0.0,0.023166,0.012507,0.0232,0.024702,0.0,0.0,0.0,0.071208,0.0,0.070694,0.0,0.0,0.0,0.074108,0.074461,0.0,0.075597,0.083113,0.005067
2023-12-21,0.034974,0.0,0.041513,0.0,0.0,0.0,0.069561,0.075123,0.0,0.0,0.026058,0.074879,0.034178,0.026817,0.035009,0.045777,0.0,0.0,0.0,0.0,0.0,0.0,0.0,0.0,0.023249,0.012756,0.023339,0.024769,0.0,0.0,0.0,0.071171,0.0,0.07006,0.0,0.0,0.0,0.073427,0.074235,0.0,0.075162,0.082911,0.005032
2023-12-22,0.035033,0.0,0.041571,0.0,0.0,0.0,0.070025,0.075303,0.0,0.0,0.025821,0.074758,0.034191,0.026892,0.03505,0.045802,0.0,0.0,0.0,0.0,0.0,0.0,0.0,0.0,0.023239,0.012774,0.023341,0.024829,0.0,0.0,0.0,0.071361,0.0,0.070273,0.0,0.0,0.0,0.073155,0.074018,0.0,0.074929,0.082611,0.005024
2023-12-26,0.034962,0.0,0.041474,0.0,0.0,0.0,0.070954,0.075416,0.0,0.0,0.025878,0.074895,0.03426,0.027195,0.03528,0.046428,0.0,0.0,0.0,0.0,0.0,0.0,0.0,0.0,0.023288,0.012974,0.023369,0.024903,0.0,0.0,0.0,0.07176,0.0,0.070434,0.0,0.0,0.0,0.073049,0.074013,0.0,0.075047,0.079408,0.005014
2023-12-27,0.035067,0.0,0.041502,0.0,0.0,0.0,0.070852,0.07553,0.0,0.0,0.025842,0.074543,0.034203,0.02704,0.034954,0.04601,0.0,0.0,0.0,0.0,0.0,0.0,0.0,0.0,0.023175,0.012944,0.023238,0.024723,0.0,0.0,0.0,0.071737,0.0,0.07016,0.0,0.0,0.0,0.073027,0.073958,0.0,0.074952,0.081549,0.004991
2023-12-28,0.035236,0.0,0.041904,0.0,0.0,0.0,0.070792,0.07609,0.0,0.0,0.025803,0.075025,0.03443,0.027187,0.034549,0.045405,0.0,0.0,0.0,0.0,0.0,0.0,0.0,0.0,0.023288,0.012968,0.023316,0.024783,0.0,0.0,0.0,0.071584,0.0,0.070588,0.0,0.0,0.0,0.07306,0.073994,0.0,0.07502,0.079969,0.00501
2023-12-29,0.076475,0.0,0.0,0.0,0.0,0.0,0.066905,0.076856,0.0,0.0,0.0,0.076932,0.061582,0.024913,0.0,0.033725,0.035499,0.0,0.029433,0.033299,0.0,0.0,0.0,0.0,0.025295,0.009062,0.025512,0.025538,0.0,0.0,0.0,0.053582,0.032012,0.077043,0.0,0.0,0.0,0.0,0.076907,0.0,0.076755,0.077049,0.005628
2024-01-02,0.075804,0.0,0.0,0.0,0.0,0.0,0.065865,0.07674,0.0,0.0,0.0,0.076602,0.061928,0.025044,0.0,0.034027,0.035188,0.0,0.029421,0.032938,0.0,0.0,0.0,0.0,0.024666,0.008748,0.024837,0.024922,0.0,0.0,0.0,0.053528,0.031864,0.076961,0.0,0.0,0.0,0.0,0.076752,0.0,0.0761,0.082425,0.00564
2024-01-03,0.07604,0.0,0.0,0.0,0.0,0.0,0.066704,0.077454,0.0,0.0,0.0,0.077152,0.062077,0.024628,0.0,0.034714,0.035045,0.0,0.029424,0.032554,0.0,0.0,0.0,0.0,0.024682,0.008654,0.024704,0.02484,0.0,0.0,0.0,0.053664,0.031335,0.077429,0.0,0.0,0.0,0.0,0.077383,0.0,0.076637,0.07918,0.005701
2024-01-04,0.076198,0.0,0.0,0.0,0.0,0.0,0.0659,0.077997,0.0,0.0,0.0,0.076771,0.062225,0.024737,0.0,0.033879,0.035032,0.0,0.029282,0.032336,0.0,0.0,0.0,0.0,0.024462,0.008567,0.024602,0.02467,0.0,0.0,0.0,0.053631,0.031315,0.077793,0.0,0.0,0.0,0.0,0.076957,0.0,0.076166,0.081788,0.005692
2024-01-05,0.076,0.0,0.0,0.0,0.0,0.0,0.066577,0.078035,0.0,0.0,0.0,0.077003,0.062418,0.024959,0.0,0.03397,0.035033,0.0,0.029297,0.032566,0.0,0.0,0.0,0.0,0.024427,0.008605,0.024544,0.024604,0.0,0.0,0.0,0.053578,0.031471,0.077178,0.0,0.0,0.0,0.0,0.076928,0.0,0.075843,0.081277,0.005688
2024-01-08,0.075435,0.0,0.0,0.0,0.0,0.0,0.06604,0.077248,0.0,0.0,0.0,0.077412,0.062182,0.024935,0.0,0.033364,0.034907,0.0,0.029126,0.032892,0.0,0.0,0.0,0.0,0.024787,0.008795,0.02496,0.024863,0.0,0.0,0.0,0.052624,0.031037,0.07614,0.0,0.0,0.0,0.0,0.07658,0.0,0.075173,0.085869,0.00563
2024-01-09,0.075849,0.0,0.0,0.0,0.0,0.0,0.065278,0.077077,0.0,0.0,0.0,0.077461,0.061955,0.024709,0.0,0.033044,0.034891,0.0,0.028869,0.032863,0.0,0.0,0.0,0.0,0.024894,0.008822,0.025128,0.025343,0.0,0.0,0.0,0.052782,0.030929,0.076866,0.0,0.0,0.0,0.0,0.076905,0.0,0.075082,0.08561,0.005646
2024-01-10,0.075962,0.0,0.0,0.0,0.0,0.0,0.065077,0.077425,0.0,0.0,0.0,0.078056,0.061953,0.024729,0.0,0.032557,0.035013,0.0,0.028785,0.033347,0.0,0.0,0.0,0.0,0.025065,0.008778,0.025432,0.025691,0.0,0.0,0.0,0.052576,0.030791,0.076593,0.0,0.0,0.0,0.0,0.07692,0.0,0.075495,0.084117,0.005638
2024-01-11,0.075522,0.0,0.0,0.0,0.0,0.0,0.065335,0.077409,0.0,0.0,0.0,0.077722,0.06166,0.024444,0.0,0.032499,0.034896,0.0,0.028669,0.033446,0.0,0.0,0.0,0.0,0.025167,0.008801,0.025611,0.025949,0.0,0.0,0.0,0.052626,0.030583,0.076923,0.0,0.0,0.0,0.0,0.07709,0.0,0.076098,0.083918,0.005632
2024-01-12,0.076317,0.0,0.0,0.0,0.0,0.0,0.065756,0.078712,0.0,0.0,0.0,0.078194,0.061618,0.024266,0.0,0.032965,0.034934,0.0,0.02873,0.033155,0.0,0.0,0.0,0.0,0.025278,0.008773,0.025718,0.026151,0.0,0.0,0.0,0.053203,0.031163,0.076604,0.0,0.0,0.0,0.0,0.077259,0.0,0.076325,0.079238,0.005641
2024-01-15,0.07624,0.0,0.0,0.0,0.0,0.0,0.065762,0.078719,0.0,0.0,0.0,0.078201,0.061623,0.024269,0.0,0.032968,0.034936,0.0,0.028733,0.033158,0.0,0.0,0.0,0.0,0.02528,0.008774,0.02572,0.026153,0.0,0.0,0.0,0.053208,0.031165,0.07661,0.0,0.0,0.0,0.0,0.077266,0.0,0.076331,0.079245,0.005642
2024-01-16,0.07662,0.0,0.0,0.0,0.0,0.0,0.06455,0.078458,0.0,0.0,0.0,0.078377,0.061685,0.024102,0.0,0.03221,0.034861,0.0,0.028629,0.033221,0.0,0.0,0.0,0.0,0.025545,0.008969,0.025918,0.026256,0.0,0.0,0.0,0.053124,0.031073,0.077784,0.0,0.0,0.0,0.0,0.077392,0.0,0.076228,0.079309,0.005688
2024-01-17,0.076392,0.0,0.0,0.0,0.0,0.0,0.064645,0.078135,0.0,0.0,0.0,0.078481,0.062032,0.024178,0.0,0.032082,0.034885,0.0,0.028634,0.033271,0.0,0.0,0.0,0.0,0.02561,0.008954,0.025999,0.026217,0.0,0.0,0.0,0.052933,0.030843,0.077802,0.0,0.0,0.0,0.0,0.077639,0.0,0.076511,0.079025,0.00573
2024-01-18,0.076665,0.0,0.0,0.0,0.0,0.0,0.063882,0.078387,0.0,0.0,0.0,0.079288,0.062014,0.024259,0.0,0.032023,0.035289,0.0,0.028671,0.033626,0.0,0.0,0.0,0.0,0.02608,0.009232,0.026215,0.026485,0.0,0.0,0.0,0.053268,0.031023,0.078559,0.0,0.0,0.0,0.0,0.077654,0.0,0.076445,0.075214,0.005721
2024-01-19,0.07644,0.0,0.0,0.0,0.0,0.0,0.063439,0.078532,0.0,0.0,0.0,0.079684,0.062479,0.024642,0.0,0.031822,0.03522,0.0,0.028457,0.033714,0.0,0.0,0.0,0.0,0.026456,0.009512,0.026463,0.0265,0.0,0.0,0.0,0.052976,0.030555,0.078493,0.0,0.0,0.0,0.0,0.077128,0.0,0.075834,0.075978,0.005674
2024-01-22,0.077332,0.0,0.0,0.0,0.0,0.0,0.062263,0.078839,0.0,0.0,0.0,0.079865,0.062792,0.025041,0.0,0.031977,0.035502,0.0,0.028547,0.034362,0.0,0.0,0.0,0.0,0.02658,0.009545,0.026712,0.026961,0.0,0.0,0.0,0.05279,0.029897,0.078851,0.0,0.0,0.0,0.0,0.077209,0.0,0.075907,0.073351,0.005676
2024-01-23,0.077218,0.0,0.0,0.0,0.0,0.0,0.06356,0.077285,0.0,0.0,0.0,0.080835,0.063033,0.02489,0.0,0.032094,0.035554,0.0,0.028705,0.032769,0.0,0.0,0.0,0.0,0.026747,0.00963,0.026824,0.026988,0.0,0.0,0.0,0.053115,0.030424,0.079927,0.0,0.0,0.0,0.0,0.077292,0.0,0.075686,0.071734,0.005689
2024-01-24,0.077876,0.0,0.0,0.0,0.0,0.0,0.063345,0.07787,0.0,0.0,0.0,0.081086,0.063085,0.025058,0.0,0.032408,0.035225,0.0,0.028229,0.032089,0.0,0.0,0.0,0.0,0.026848,0.00974,0.026732,0.026857,0.0,0.0,0.0,0.052514,0.030596,0.080278,0.0,0.0,0.0,0.0,0.077014,0.0,0.075245,0.072231,0.005672
2024-01-25,0.077296,0.0,0.0,0.0,0.0,0.0,0.063494,0.0773,0.0,0.0,0.0,0.081952,0.063049,0.024855,0.0,0.032794,0.035367,0.0,0.02837,0.032616,0.0,0.0,0.0,0.0,0.026812,0.00966,0.02666,0.026685,0.0,0.0,0.0,0.052433,0.030766,0.079465,0.0,0.0,0.0,0.0,0.077176,0.0,0.075365,0.072246,0.005643
2024-01-26,0.077225,0.0,0.0,0.0,0.0,0.0,0.06351,0.077028,0.0,0.0,0.0,0.081794,0.062953,0.024851,0.0,0.032843,0.03513,0.0,0.028234,0.032426,0.0,0.0,0.0,0.0,0.026367,0.009351,0.026477,0.02661,0.0,0.0,0.0,0.052127,0.030491,0.079242,0.0,0.0,0.0,0.0,0.076721,0.0,0.07509,0.075914,0.005615
2024-01-29,0.076564,0.0,0.0,0.0,0.0,0.0,0.062629,0.077738,0.0,0.0,0.0,0.081923,0.062691,0.024999,0.0,0.032649,0.035121,0.0,0.028184,0.032537,0.0,0.0,0.0,0.0,0.02643,0.009385,0.026821,0.026829,0.0,0.0,0.0,0.052142,0.030794,0.078341,0.0,0.0,0.0,0.0,0.076371,0.0,0.074865,0.077409,0.005577
2024-01-30,0.076891,0.0,0.0,0.0,0.0,0.0,0.062008,0.076885,0.0,0.0,0.0,0.081224,0.063371,0.024965,0.0,0.033171,0.035071,0.0,0.028262,0.032654,0.0,0.0,0.0,0.0,0.026165,0.009223,0.026653,0.026711,0.0,0.0,0.0,0.05212,0.03071,0.079373,0.0,0.0,0.0,0.0,0.076137,0.0,0.074901,0.077938,0.005568
2024-01-31,0.076002,0.0,0.0,0.014932,0.013534,0.0,0.104877,0.066123,0.035479,0.01625,0.0,0.070984,0.058913,0.058944,0.0,0.0,0.0,0.0,0.037578,0.098484,0.0,0.0,0.0,0.0,0.009955,0.015745,0.045239,0.045509,0.0,0.031915,0.0,0.062893,0.0,0.0,0.0,0.0,0.0,0.0,0.027265,0.0,0.0,0.104887,0.004493
2024-02-01,0.075112,0.0,0.0,0.014615,0.013436,0.0,0.105168,0.066016,0.035426,0.01661,0.0,0.071113,0.05851,0.057197,0.0,0.0,0.0,0.0,0.037884,0.099876,0.0,0.0,0.0,0.0,0.009996,0.015691,0.045485,0.045809,0.0,0.032221,0.0,0.063015,0.0,0.0,0.0,0.0,0.0,0.0,0.027193,0.0,0.0,0.105174,0.004457
2024-02-02,0.075731,0.0,0.0,0.014735,0.013377,0.0,0.103051,0.066111,0.035215,0.016939,0.0,0.073856,0.058661,0.057357,0.0,0.0,0.0,0.0,0.037604,0.099576,0.0,0.0,0.0,0.0,0.010084,0.015867,0.04575,0.045706,0.0,0.031772,0.0,0.062324,0.0,0.0,0.0,0.0,0.0,0.0,0.027028,0.0,0.0,0.104807,0.004451
2024-02-05,0.076089,0.0,0.0,0.014756,0.013502,0.0,0.103973,0.066325,0.035583,0.016954,0.0,0.073448,0.058819,0.056972,0.0,0.0,0.0,0.0,0.036966,0.09907,0.0,0.0,0.0,0.0,0.010194,0.016222,0.045853,0.045603,0.0,0.031374,0.0,0.062516,0.0,0.0,0.0,0.0,0.0,0.0,0.027135,0.0,0.0,0.104155,0.00449
2024-02-06,0.0758,0.0,0.0,0.014745,0.013745,0.0,0.10591,0.066669,0.035964,0.01683,0.0,0.072632,0.058463,0.05612,0.0,0.0,0.0,0.0,0.037314,0.098317,0.0,0.0,0.0,0.0,0.010065,0.015904,0.045404,0.045558,0.0,0.031539,0.0,0.062334,0.0,0.0,0.0,0.0,0.0,0.0,0.027014,0.0,0.0,0.105219,0.004454
2024-02-07,0.075666,0.0,0.0,0.01462,0.013626,0.0,0.104579,0.066309,0.035943,0.016999,0.0,0.072452,0.058456,0.055671,0.0,0.0,0.0,0.0,0.03733,0.098893,0.0,0.0,0.0,0.0,0.010121,0.016025,0.045783,0.04601,0.0,0.031256,0.0,0.061848,0.0,0.0,0.0,0.0,0.0,0.0,0.026855,0.0,0.0,0.107136,0.004422
2024-02-08,0.075431,0.0,0.0,0.014619,0.013536,0.0,0.102086,0.065568,0.03622,0.016939,0.0,0.072471,0.058026,0.055641,0.0,0.0,0.0,0.0,0.037148,0.099489,0.0,0.0,0.0,0.0,0.010117,0.016243,0.04609,0.046287,0.0,0.031399,0.0,0.061573,0.0,0.0,0.0,0.0,0.0,0.0,0.026746,0.0,0.0,0.109967,0.004407
2024-02-09,0.074976,0.0,0.0,0.014538,0.013394,0.0,0.101815,0.06524,0.036006,0.016884,0.0,0.071877,0.057647,0.055838,0.0,0.0,0.0,0.0,0.036882,0.098638,0.0,0.0,0.0,0.0,0.010158,0.016412,0.046163,0.04691,0.0,0.031154,0.0,0.060763,0.0,0.0,0.0,0.0,0.0,0.0,0.026552,0.0,0.0,0.113788,0.004366
2024-02-12,0.074751,0.0,0.0,0.014666,0.013475,0.0,0.101602,0.063976,0.035747,0.016907,0.0,0.071325,0.057287,0.056158,0.0,0.0,0.0,0.0,0.036773,0.099748,0.0,0.0,0.0,0.0,0.009972,0.016205,0.04519,0.045964,0.0,0.030825,0.0,0.05995,0.0,0.0,0.0,0.0,0.0,0.0,0.026207,0.0,0.0,0.118951,0.004319
2024-02-13,0.075112,0.0,0.0,0.014714,0.013458,0.0,0.10073,0.064891,0.035495,0.016789,0.0,0.071768,0.057678,0.055264,0.0,0.0,0.0,0.0,0.037002,0.098126,0.0,0.0,0.0,0.0,0.010004,0.016199,0.045094,0.046167,0.0,0.030812,0.0,0.060341,0.0,0.0,0.0,0.0,0.0,0.0,0.026532,0.0,0.0,0.119414,0.004409
2024-02-14,0.074102,0.0,0.0,0.014495,0.013399,0.0,0.099969,0.06492,0.035475,0.016824,0.0,0.07174,0.057292,0.055415,0.0,0.0,0.0,0.0,0.03664,0.098464,0.0,0.0,0.0,0.0,0.009946,0.016299,0.045247,0.04618,0.0,0.030554,0.0,0.059334,0.0,0.0,0.0,0.0,0.0,0.0,0.026208,0.0,0.0,0.123159,0.004339
2024-02-15,0.07409,0.0,0.0,0.01458,0.013338,0.0,0.100002,0.064789,0.035269,0.016681,0.0,0.071799,0.057849,0.056485,0.0,0.0,0.0,0.0,0.03706,0.09835,0.0,0.0,0.0,0.0,0.009853,0.016164,0.044851,0.045828,0.0,0.031038,0.0,0.059298,0.0,0.0,0.0,0.0,0.0,0.0,0.026108,0.0,0.0,0.122261,0.004308
2024-02-16,0.074802,0.0,0.0,0.014691,0.013494,0.0,0.101281,0.065156,0.035165,0.016841,0.0,0.070914,0.057836,0.056166,0.0,0.0,0.0,0.0,0.03738,0.096878,0.0,0.0,0.0,0.0,0.009795,0.016126,0.0442,0.045391,0.0,0.030819,0.0,0.059712,0.0,0.0,0.0,0.0,0.0,0.0,0.026116,0.0,0.0,0.122915,0.004323
2024-02-19,0.074627,0.0,0.0,0.014623,0.013465,0.0,0.101312,0.065176,0.035175,0.016846,0.0,0.070935,0.057853,0.056183,0.0,0.0,0.0,0.0,0.037391,0.096907,0.0,0.0,0.0,0.0,0.009798,0.016131,0.044214,0.045405,0.0,0.030828,0.0,0.05973,0.0,0.0,0.0,0.0,0.0,0.0,0.026124,0.0,0.0,0.122952,0.004325
2024-02-20,0.074177,0.0,0.0,0.014489,0.01348,0.0,0.103033,0.0656,0.035417,0.016866,0.0,0.070791,0.057663,0.055788,0.0,0.0,0.0,0.0,0.037293,0.096923,0.0,0.0,0.0,0.0,0.009693,0.015851,0.043644,0.044848,0.0,0.030757,0.0,0.060061,0.0,0.0,0.0,0.0,0.0,0.0,0.026165,0.0,0.0,0.123138,0.004323
2024-02-21,0.074562,0.0,0.0,0.014534,0.013603,0.0,0.103711,0.065545,0.035312,0.016977,0.0,0.071176,0.058219,0.055913,0.0,0.0,0.0,0.0,0.037746,0.098133,0.0,0.0,0.0,0.0,0.009696,0.015919,0.042701,0.042886,0.0,0.031133,0.0,0.06046,0.0,0.0,0.0,0.0,0.0,0.0,0.026289,0.0,0.0,0.121134,0.004352
2024-02-22,0.074908,0.0,0.0,0.014483,0.013546,0.0,0.101856,0.065453,0.035411,0.01699,0.0,0.071374,0.058186,0.055367,0.0,0.0,0.0,0.0,0.037667,0.098533,0.0,0.0,0.0,0.0,0.009892,0.016503,0.043266,0.043431,0.0,0.030817,0.0,0.059758,0.0,0.0,0.0,0.0,0.0,0.0,0.026098,0.0,0.0,0.122161,0.004301
2024-02-23,0.075324,0.0,0.0,0.014522,0.013562,0.0,0.100845,0.065616,0.035246,0.017017,0.0,0.071275,0.058543,0.055467,0.0,0.0,0.0,0.0,0.037933,0.099529,0.0,0.0,0.0,0.0,0.00988,0.016343,0.043547,0.043839,0.0,0.030837,0.0,0.060164,0.0,0.0,0.0,0.0,0.0,0.0,0.026145,0.0,0.0,0.120062,0.004305
2024-02-26,0.074743,0.0,0.0,0.014408,0.013422,0.0,0.100707,0.06489,0.03501,0.016658,0.0,0.069784,0.057875,0.054633,0.0,0.0,0.0,0.0,0.037462,0.098885,0.0,0.0,0.0,0.0,0.009826,0.016398,0.043683,0.044067,0.0,0.030301,0.0,0.059642,0.0,0.0,0.0,0.0,0.0,0.0,0.025892,0.0,0.0,0.127435,0.004278
2024-02-27,0.073943,0.0,0.0,0.014375,0.013334,0.0,0.102079,0.064336,0.03447,0.016344,0.0,0.069658,0.057461,0.054688,0.0,0.0,0.0,0.0,0.03723,0.098363,0.0,0.0,0.0,0.0,0.009738,0.01622,0.043277,0.043847,0.0,0.030038,0.0,0.05899,0.0,0.0,0.0,0.0,0.0,0.0,0.025669,0.0,0.0,0.131703,0.004237
2024-02-28,0.073584,0.0,0.0,0.014312,0.013099,0.0,0.099553,0.06341,0.034145,0.016424,0.0,0.068948,0.05748,0.05412,0.0,0.0,0.0,0.0,0.037219,0.097872,0.0,0.0,0.0,0.0,0.009659,0.015983,0.043055,0.043537,0.0,0.030239,0.0,0.058896,0.0,0.0,0.0,0.0,0.0,0.0,0.025579,0.0,0.0,0.138664,0.004223
2024-02-29,0.078388,0.0,0.078475,0.0,0.0,0.0,0.037208,0.078416,0.0,0.0,0.0,0.070433,0.078411,0.0,0.0,0.0,0.0,0.0,0.0,0.028687,0.069738,0.0,0.0,0.0,0.02453,0.012206,0.025591,0.024237,0.0,0.0,0.0,0.063484,0.0,0.037218,0.0,0.0,0.029158,0.044533,0.043921,0.043916,0.047319,0.078627,0.005505
2024-03-01,0.078302,0.0,0.079056,0.0,0.0,0.0,0.037051,0.078791,0.0,0.0,0.0,0.070314,0.077537,0.0,0.0,0.0,0.0,0.0,0.0,0.02886,0.069771,0.0,0.0,0.0,0.02473,0.012599,0.02559,0.024051,0.0,0.0,0.0,0.064042,0.0,0.036882,0.0,0.0,0.029,0.044256,0.043648,0.043745,0.047124,0.079201,0.005452
2024-03-04,0.078074,0.0,0.078155,0.0,0.0,0.0,0.03661,0.078334,0.0,0.0,0.0,0.069003,0.077294,0.0,0.0,0.0,0.0,0.0,0.0,0.028591,0.069276,0.0,0.0,0.0,0.024591,0.012652,0.025339,0.023912,0.0,0.0,0.0,0.064714,0.0,0.037088,0.0,0.0,0.028774,0.043971,0.043393,0.043419,0.046818,0.084569,0.005421
2024-03-05,0.078429,0.0,0.079448,0.0,0.0,0.0,0.036858,0.07891,0.0,0.0,0.0,0.0692,0.078167,0.0,0.0,0.0,0.0,0.0,0.0,0.028579,0.069519,0.0,0.0,0.0,0.024252,0.012541,0.02464,0.023599,0.0,0.0,0.0,0.065823,0.0,0.037064,0.0,0.0,0.029271,0.044661,0.043838,0.044139,0.047437,0.078145,0.005482
2024-03-06,0.077961,0.0,0.079635,0.0,0.0,0.0,0.036723,0.078497,0.0,0.0,0.0,0.068419,0.077578,0.0,0.0,0.0,0.0,0.0,0.0,0.028473,0.069106,0.0,0.0,0.0,0.024134,0.012686,0.02467,0.023568,0.0,0.0,0.0,0.065522,0.0,0.036858,0.0,0.0,0.02897,0.044111,0.043389,0.043696,0.04701,0.083579,0.005414
2024-03-07,0.078145,0.0,0.079158,0.0,0.0,0.0,0.036463,0.07833,0.0,0.0,0.0,0.069139,0.077031,0.0,0.0,0.0,0.0,0.0,0.0,0.028761,0.069041,0.0,0.0,0.0,0.024379,0.013048,0.024823,0.023753,0.0,0.0,0.0,0.065528,0.0,0.036817,0.0,0.0,0.028857,0.043841,0.043198,0.043561,0.046875,0.083869,0.005384
2024-03-08,0.078226,0.0,0.078981,0.0,0.0,0.0,0.035615,0.078315,0.0,0.0,0.0,0.069035,0.077165,0.0,0.0,0.0,0.0,0.0,0.0,0.028522,0.068914,0.0,0.0,0.0,0.024016,0.01252,0.024684,0.023515,0.0,0.0,0.0,0.066082,0.0,0.036784,0.0,0.0,0.028878,0.043878,0.043209,0.043621,0.046927,0.085729,0.005385
2024-03-11,0.077538,0.0,0.077183,0.0,0.0,0.0,0.035363,0.0777,0.0,0.0,0.0,0.068865,0.077253,0.0,0.0,0.0,0.0,0.0,0.0,0.028285,0.068837,0.0,0.0,0.0,0.023936,0.012347,0.024736,0.023563,0.0,0.0,0.0,0.066164,0.0,0.037271,0.0,0.0,0.028825,0.043775,0.043178,0.043604,0.046826,0.08937,0.005382
2024-03-12,0.077943,0.0,0.077408,0.0,0.0,0.0,0.035746,0.077191,0.0,0.0,0.0,0.069296,0.077379,0.0,0.0,0.0,0.0,0.0,0.0,0.028537,0.068982,0.0,0.0,0.0,0.024365,0.012571,0.025215,0.023675,0.0,0.0,0.0,0.065275,0.0,0.037601,0.0,0.0,0.028634,0.043579,0.043108,0.043354,0.046645,0.088123,0.00537
2024-03-13,0.078127,0.0,0.076718,0.0,0.0,0.0,0.035881,0.075293,0.0,0.0,0.0,0.069403,0.077932,0.0,0.0,0.0,0.0,0.0,0.0,0.028702,0.0687,0.0,0.0,0.0,0.024097,0.012262,0.025028,0.02365,0.0,0.0,0.0,0.065719,0.0,0.037528,0.0,0.0,0.028565,0.043509,0.043116,0.043301,0.046683,0.090416,0.005369
2024-03-14,0.078522,0.0,0.077109,0.0,0.0,0.0,0.035916,0.076439,0.0,0.0,0.0,0.069904,0.07805,0.0,0.0,0.0,0.0,0.0,0.0,0.028063,0.069114,0.0,0.0,0.0,0.024333,0.012169,0.025143,0.023555,0.0,0.0,0.0,0.066074,0.0,0.038104,0.0,0.0,0.028626,0.04366,0.043323,0.043395,0.046893,0.086185,0.005422
2024-03-15,0.078224,0.0,0.077898,0.0,0.0,0.0,0.035673,0.076368,0.0,0.0,0.0,0.069401,0.078193,0.0,0.0,0.0,0.0,0.0,0.0,0.028352,0.069034,0.0,0.0,0.0,0.024034,0.012115,0.024507,0.023257,0.0,0.0,0.0,0.066048,0.0,0.039039,0.0,0.0,0.028658,0.043755,0.043417,0.04353,0.046877,0.086183,0.005438
2024-03-18,0.078714,0.0,0.078988,0.0,0.0,0.0,0.035508,0.076524,0.0,0.0,0.0,0.07072,0.078523,0.0,0.0,0.0,0.0,0.0,0.0,0.02822,0.068922,0.0,0.0,0.0,0.024116,0.012088,0.024748,0.023168,0.0,0.0,0.0,0.066055,0.0,0.039195,0.0,0.0,0.028581,0.043648,0.043452,0.043392,0.046833,0.083174,0.005432
2024-03-19,0.078893,0.0,0.079437,0.0,0.0,0.0,0.035674,0.07582,0.0,0.0,0.0,0.070825,0.079054,0.0,0.0,0.0,0.0,0.0,0.0,0.028836,0.069508,0.0,0.0,0.0,0.024286,0.012009,0.024976,0.023136,0.0,0.0,0.0,0.066102,0.0,0.038986,0.0,0.0,0.028717,0.043791,0.043708,0.043598,0.047138,0.080063,0.005442
2024-03-20,0.078338,0.0,0.079335,0.0,0.0,0.0,0.03617,0.07556,0.0,0.0,0.0,0.071017,0.07928,0.0,0.0,0.0,0.0,0.0,0.0,0.029176,0.068729,0.0,0.0,0.0,0.024337,0.012104,0.02499,0.023266,0.0,0.0,0.0,0.066289,0.0,0.03903,0.0,0.0,0.028526,0.043569,0.043461,0.043287,0.046936,0.081206,0.005394
2024-03-21,0.079268,0.0,0.079506,0.0,0.0,0.0,0.035769,0.075507,0.0,0.0,0.0,0.070839,0.079699,0.0,0.0,0.0,0.0,0.0,0.0,0.029635,0.068621,0.0,0.0,0.0,0.024285,0.012341,0.025095,0.023283,0.0,0.0,0.0,0.06603,0.0,0.039131,0.0,0.0,0.028447,0.043521,0.043314,0.043226,0.046964,0.080139,0.00538
2024-03-22,0.079148,0.0,0.079786,0.0,0.0,0.0,0.035437,0.075723,0.0,0.0,0.0,0.071246,0.079075,0.0,0.0,0.0,0.0,0.0,0.0,0.029658,0.068777,0.0,0.0,0.0,0.024382,0.012401,0.025021,0.023191,0.0,0.0,0.0,0.06574,0.0,0.039537,0.0,0.0,0.028691,0.043832,0.043428,0.043533,0.047289,0.078705,0.005401
2024-03-25,0.078495,0.0,0.078269,0.0,0.0,0.0,0.035301,0.075226,0.0,0.0,0.0,0.070466,0.078174,0.0,0.0,0.0,0.0,0.0,0.0,0.029237,0.068164,0.0,0.0,0.0,0.024037,0.012259,0.024746,0.02291,0.0,0.0,0.0,0.065452,0.0,0.040151,0.0,0.0,0.028399,0.043363,0.043034,0.043057,0.046895,0.087004,0.00536
2024-03-26,0.078695,0.0,0.078699,0.0,0.0,0.0,0.035351,0.075639,0.0,0.0,0.0,0.070398,0.078528,0.0,0.0,0.0,0.0,0.0,0.0,0.029169,0.06849,0.0,0.0,0.0,0.023965,0.01218,0.02482,0.02296,0.0,0.0,0.0,0.065738,0.0,0.04,0.0,0.0,0.028473,0.043424,0.043032,0.043094,0.046943,0.085037,0.005366
2024-03-27,0.078272,0.0,0.078705,0.0,0.0,0.0,0.035474,0.075807,0.0,0.0,0.0,0.070461,0.079119,0.0,0.0,0.0,0.0,0.0,0.0,0.029517,0.069106,0.0,0.0,0.0,0.023985,0.012281,0.024582,0.022814,0.0,0.0,0.0,0.065932,0.0,0.040074,0.0,0.0,0.02846,0.043373,0.043076,0.043208,0.046936,0.083474,0.005345
2024-03-28,0.075249,0.024252,0.05284,0.0,0.0,0.0,0.059484,0.076179,0.0,0.0,0.0,0.071468,0.092863,0.0,0.0,0.0,0.066437,0.034823,0.0,0.026237,0.060075,0.043733,0.022956,0.0,0.026325,0.029907,0.0,0.031358,0.0,0.0,0.0,0.0,0.0,0.0,0.0,0.0,0.0,0.0,0.065419,0.011496,0.031324,0.092865,0.004709
2024-04-01,0.075723,0.024361,0.052375,0.0,0.0,0.0,0.058769,0.07651,0.0,0.0,0.0,0.072472,0.092937,0.0,0.0,0.0,0.06634,0.034708,0.0,0.02599,0.059938,0.043526,0.022915,0.0,0.026564,0.030412,0.0,0.03141,0.0,0.0,0.0,0.0,0.0,0.0,0.0,0.0,0.0,0.0,0.065563,0.011458,0.031386,0.091905,0.004739
2024-04-02,0.075757,0.024434,0.052717,0.0,0.0,0.0,0.059794,0.077526,0.0,0.0,0.0,0.073206,0.093532,0.0,0.0,0.0,0.066806,0.034808,0.0,0.025544,0.059696,0.042548,0.023065,0.0,0.026617,0.030294,0.0,0.031569,0.0,0.0,0.0,0.0,0.0,0.0,0.0,0.0,0.0,0.0,0.066219,0.011575,0.031768,0.087731,0.004794
2024-04-03,0.076031,0.024539,0.052935,0.0,0.0,0.0,0.059781,0.077481,0.0,0.0,0.0,0.073585,0.093234,0.0,0.0,0.0,0.066968,0.034819,0.0,0.025758,0.059469,0.042601,0.022749,0.0,0.026616,0.030297,0.0,0.031528,0.0,0.0,0.0,0.0,0.0,0.0,0.0,0.0,0.0,0.0,0.066091,0.011551,0.031749,0.087433,0.004782
2024-04-04,0.076668,0.024449,0.052601,0.0,0.0,0.0,0.060025,0.077632,0.0,0.0,0.0,0.072887,0.092558,0.0,0.0,0.0,0.06665,0.034498,0.0,0.025489,0.058849,0.042047,0.022744,0.0,0.026302,0.02956,0.0,0.031198,0.0,0.0,0.0,0.0,0.0,0.0,0.0,0.0,0.0,0.0,0.06631,0.011611,0.031865,0.091255,0.004804
2024-04-05,0.075626,0.024433,0.052583,0.0,0.0,0.0,0.059312,0.07806,0.0,0.0,0.0,0.073392,0.093137,0.0,0.0,0.0,0.067359,0.03483,0.0,0.025765,0.059186,0.042236,0.022708,0.0,0.026518,0.029815,0.0,0.031488,0.0,0.0,0.0,0.0,0.0,0.0,0.0,0.0,0.0,0.0,0.066038,0.011523,0.031813,0.089389,0.004789
2024-04-08,0.075316,0.024345,0.052389,0.0,0.0,0.0,0.06011,0.07792,0.0,0.0,0.0,0.072766,0.09273,0.0,0.0,0.0,0.066659,0.034394,0.0,0.025446,0.058485,0.041973,0.022478,0.0,0.026258,0.029633,0.0,0.031199,0.0,0.0,0.0,0.0,0.0,0.0,0.0,0.0,0.0,0.0,0.06562,0.011423,0.031548,0.09456,0.004749
2024-04-09,0.074986,0.024334,0.052669,0.0,0.0,0.0,0.061079,0.078107,0.0,0.0,0.0,0.072964,0.092348,0.0,0.0,0.0,0.066614,0.03457,0.0,0.025563,0.05879,0.042618,0.022624,0.0,0.026434,0.030001,0.0,0.031474,0.0,0.0,0.0,0.0,0.0,0.0,0.0,0.0,0.0,0.0,0.065863,0.0115,0.031812,0.090895,0.004757
2024-04-10,0.075338,0.024304,0.052402,0.0,0.0,0.0,0.06003,0.078642,0.0,0.0,0.0,0.073165,0.091943,0.0,0.0,0.0,0.066751,0.034208,0.0,0.024623,0.058723,0.04228,0.022783,0.0,0.026389,0.029768,0.0,0.031431,0.0,0.0,0.0,0.0,0.0,0.0,0.0,0.0,0.0,0.0,0.065982,0.011458,0.031645,0.093327,0.004807
2024-04-11,0.075001,0.024245,0.052702,0.0,0.0,0.0,0.059363,0.078598,0.0,0.0,0.0,0.073583,0.091013,0.0,0.0,0.0,0.066624,0.034507,0.0,0.024774,0.058305,0.042775,0.022659,0.0,0.026835,0.030348,0.0,0.031647,0.0,0.0,0.0,0.0,0.0,0.0,0.0,0.0,0.0,0.0,0.065721,0.011399,0.031456,0.09365,0.004795
2024-04-12,0.076171,0.024229,0.052879,0.0,0.0,0.0,0.05932,0.078886,0.0,0.0,0.0,0.073594,0.091317,0.0,0.0,0.0,0.067022,0.034577,0.0,0.025133,0.058405,0.042005,0.022808,0.0,0.026846,0.029847,0.0,0.031537,0.0,0.0,0.0,0.0,0.0,0.0,0.0,0.0,0.0,0.0,0.066795,0.011618,0.031896,0.090237,0.004877
2024-04-15,0.076966,0.024513,0.053356,0.0,0.0,0.0,0.059223,0.079298,0.0,0.0,0.0,0.073626,0.092067,0.0,0.0,0.0,0.067425,0.034725,0.0,0.025047,0.059061,0.041693,0.023016,0.0,0.026685,0.02986,0.0,0.03118,0.0,0.0,0.0,0.0,0.0,0.0,0.0,0.0,0.0,0.0,0.067291,0.011642,0.031944,0.086438,0.004942
2024-04-16,0.076185,0.024479,0.052961,0.0,0.0,0.0,0.058205,0.079654,0.0,0.0,0.0,0.073866,0.092052,0.0,0.0,0.0,0.067718,0.034758,0.0,0.024757,0.059475,0.041611,0.023179,0.0,0.026895,0.030287,0.0,0.03137,0.0,0.0,0.0,0.0,0.0,0.0,0.0,0.0,0.0,0.0,0.067516,0.011681,0.032057,0.086321,0.004976
2024-04-17,0.076329,0.024708,0.052709,0.0,0.0,0.0,0.058725,0.079844,0.0,0.0,0.0,0.074239,0.092831,0.0,0.0,0.0,0.067767,0.034597,0.0,0.024747,0.059724,0.041388,0.023402,0.0,0.026664,0.029542,0.0,0.03122,0.0,0.0,0.0,0.0,0.0,0.0,0.0,0.0,0.0,0.0,0.068005,0.011814,0.0325,0.08424,0.005006
2024-04-18,0.076461,0.024581,0.052404,0.0,0.0,0.0,0.058443,0.079776,0.0,0.0,0.0,0.074392,0.092897,0.0,0.0,0.0,0.067342,0.034442,0.0,0.024694,0.059552,0.040701,0.023445,0.0,0.026286,0.028937,0.0,0.031079,0.0,0.0,0.0,0.0,0.0,0.0,0.0,0.0,0.0,0.0,0.067868,0.011757,0.032382,0.087566,0.004993
2024-04-19,0.075701,0.024631,0.052067,0.0,0.0,0.0,0.059639,0.080146,0.0,0.0,0.0,0.073543,0.094137,0.0,0.0,0.0,0.067189,0.034447,0.0,0.02453,0.059748,0.040366,0.023663,0.0,0.025732,0.02777,0.0,0.030947,0.0,0.0,0.0,0.0,0.0,0.0,0.0,0.0,0.0,0.0,0.067962,0.011764,0.03246,0.088566,0.004991
2024-04-22,0.074962,0.024659,0.05208,0.0,0.0,0.0,0.059569,0.08022,0.0,0.0,0.0,0.072918,0.094338,0.0,0.0,0.0,0.067028,0.034444,0.0,0.02448,0.059384,0.040411,0.023653,0.0,0.025706,0.027949,0.0,0.031009,0.0,0.0,0.0,0.0,0.0,0.0,0.0,0.0,0.0,0.0,0.067663,0.011677,0.032312,0.090594,0.004943
2024-04-23,0.075517,0.02478,0.051725,0.0,0.0,0.0,0.059316,0.079679,0.0,0.0,0.0,0.073358,0.09408,0.0,0.0,0.0,0.067347,0.034604,0.0,0.024924,0.059615,0.040495,0.023504,0.0,0.025851,0.028275,0.0,0.03134,0.0,0.0,0.0,0.0,0.0,0.0,0.0,0.0,0.0,0.0,0.067324,0.011591,0.032064,0.089713,0.004899
2024-04-24,0.075906,0.024804,0.052242,0.0,0.0,0.0,0.059327,0.080131,0.0,0.0,0.0,0.073819,0.094591,0.0,0.0,0.0,0.067189,0.033965,0.0,0.024767,0.059767,0.040364,0.023816,0.0,0.026116,0.028804,0.0,0.031668,0.0,0.0,0.0,0.0,0.0,0.0,0.0,0.0,0.0,0.0,0.067556,0.011611,0.032015,0.086615,0.004927
2024-04-25,0.075453,0.024866,0.051654,0.0,0.0,0.0,0.059238,0.080911,0.0,0.0,0.0,0.071498,0.094446,0.0,0.0,0.0,0.067685,0.034552,0.0,0.024796,0.059625,0.039709,0.023863,0.0,0.026173,0.029466,0.0,0.031573,0.0,0.0,0.0,0.0,0.0,0.0,0.0,0.0,0.0,0.0,0.067707,0.011627,0.032062,0.088146,0.004949
2024-04-26,0.076139,0.024914,0.051803,0.0,0.0,0.0,0.0603,0.080501,0.0,0.0,0.0,0.073056,0.093776,0.0,0.0,0.0,0.067414,0.033925,0.0,0.024949,0.059306,0.040095,0.023678,0.0,0.026319,0.029919,0.0,0.031789,0.0,0.0,0.0,0.0,0.0,0.0,0.0,0.0,0.0,0.0,0.067537,0.011606,0.03202,0.086034,0.004921
2024-04-29,0.076227,0.024938,0.05216,0.0,0.0,0.0,0.060569,0.080649,0.0,0.0,0.0,0.072051,0.093435,0.0,0.0,0.0,0.067717,0.033728,0.0,0.025027,0.059376,0.04098,0.023702,0.0,0.026375,0.030081,0.0,0.031795,0.0,0.0,0.0,0.0,0.0,0.0,0.0,0.0,0.0,0.0,0.067592,0.011629,0.032108,0.084948,0.004912
2024-04-30,0.059819,0.028538,0.05183,0.0,0.0,0.0,0.0,0.0,0.053998,0.0,0.0,0.031837,0.09881,0.036584,0.0,0.0,0.091314,0.0,0.074697,0.120417,0.0,0.039581,0.0,0.0,0.013107,0.072109,0.0,0.0,0.027487,0.0,0.0,0.039573,0.0,0.010595,0.0245,0.0,0.0,0.0,0.0,0.0,0.0,0.120437,0.004766
2024-05-01,0.059469,0.028659,0.05199,0.0,0.0,0.0,0.0,0.0,0.054006,0.0,0.0,0.032308,0.099352,0.037573,0.0,0.0,0.091588,0.0,0.075496,0.121333,0.0,0.041073,0.0,0.0,0.013043,0.070054,0.0,0.0,0.027582,0.0,0.0,0.04015,0.0,0.010308,0.024526,0.0,0.0,0.0,0.0,0.0,0.0,0.116699,0.004793
2024-05-02,0.058951,0.028553,0.052327,0.0,0.0,0.0,0.0,0.0,0.054401,0.0,0.0,0.032192,0.098253,0.037549,0.0,0.0,0.090873,0.0,0.074092,0.12142,0.0,0.040987,0.0,0.0,0.013053,0.070662,0.0,0.0,0.027739,0.0,0.0,0.039486,0.0,0.010002,0.024264,0.0,0.0,0.0,0.0,0.0,0.0,0.120465,0.004729
2024-05-03,0.058913,0.028346,0.052076,0.0,0.0,0.0,0.0,0.0,0.054361,0.0,0.0,0.032007,0.096882,0.037369,0.0,0.0,0.090029,0.0,0.073636,0.121496,0.0,0.041073,0.0,0.0,0.0132,0.071087,0.0,0.0,0.027758,0.0,0.0,0.038817,0.0,0.010059,0.024363,0.0,0.0,0.0,0.0,0.0,0.0,0.123874,0.004653
2024-05-06,0.058259,0.028258,0.051803,0.0,0.0,0.0,0.0,0.0,0.054133,0.0,0.0,0.032082,0.097034,0.037353,0.0,0.0,0.089928,0.0,0.073257,0.121825,0.0,0.040888,0.0,0.0,0.013207,0.071757,0.0,0.0,0.027858,0.0,0.0,0.03879,0.0,0.009868,0.02446,0.0,0.0,0.0,0.0,0.0,0.0,0.124635,0.004603
2024-05-07,0.059107,0.028456,0.051262,0.0,0.0,0.0,0.0,0.0,0.053683,0.0,0.0,0.032132,0.097411,0.037314,0.0,0.0,0.090217,0.0,0.074163,0.120841,0.0,0.04084,0.0,0.0,0.013169,0.071157,0.0,0.0,0.027889,0.0,0.0,0.03863,0.0,0.010172,0.024502,0.0,0.0,0.0,0.0,0.0,0.0,0.124451,0.004605
2024-05-08,0.059223,0.028696,0.050853,0.0,0.0,0.0,0.0,0.0,0.05427,0.0,0.0,0.032233,0.098227,0.037675,0.0,0.0,0.090643,0.0,0.07417,0.11995,0.0,0.040434,0.0,0.0,0.013269,0.071561,0.0,0.0,0.027842,0.0,0.0,0.038698,0.0,0.010191,0.024301,0.0,0.0,0.0,0.0,0.0,0.0,0.123134,0.004629
2024-05-09,0.059076,0.028739,0.050707,0.0,0.0,0.0,0.0,0.0,0.053942,0.0,0.0,0.03216,0.098246,0.037648,0.0,0.0,0.090883,0.0,0.074452,0.121012,0.0,0.040082,0.0,0.0,0.013169,0.070776,0.0,0.0,0.027765,0.0,0.0,0.039024,0.0,0.010104,0.024697,0.0,0.0,0.0,0.0,0.0,0.0,0.12292,0.004595
2024-05-10,0.059346,0.028907,0.050484,0.0,0.0,0.0,0.0,0.0,0.054609,0.0,0.0,0.03225,0.098752,0.037682,0.0,0.0,0.091068,0.0,0.074638,0.121394,0.0,0.039756,0.0,0.0,0.013235,0.071564,0.0,0.0,0.027739,0.0,0.0,0.039392,0.0,0.010229,0.024766,0.0,0.0,0.0,0.0,0.0,0.0,0.119587,0.004602
2024-05-13,0.059203,0.028839,0.050136,0.0,0.0,0.0,0.0,0.0,0.05456,0.0,0.0,0.032097,0.098064,0.037381,0.0,0.0,0.090419,0.0,0.074372,0.119791,0.0,0.040422,0.0,0.0,0.013259,0.071504,0.0,0.0,0.027702,0.0,0.0,0.038837,0.0,0.009703,0.024853,0.0,0.0,0.0,0.0,0.0,0.0,0.12427,0.004589
2024-05-14,0.059107,0.028991,0.050371,0.0,0.0,0.0,0.0,0.0,0.055322,0.0,0.0,0.032141,0.09825,0.037691,0.0,0.0,0.090114,0.0,0.074212,0.120139,0.0,0.040699,0.0,0.0,0.013335,0.072466,0.0,0.0,0.027765,0.0,0.0,0.039043,0.0,0.009768,0.025504,0.0,0.0,0.0,0.0,0.0,0.0,0.120505,0.004576
2024-05-15,0.058555,0.028676,0.049835,0.0,0.0,0.0,0.0,0.0,0.055097,0.0,0.0,0.031648,0.096845,0.037073,0.0,0.0,0.088751,0.0,0.07274,0.121933,0.0,0.040625,0.0,0.0,0.013341,0.072896,0.0,0.0,0.027564,0.0,0.0,0.038692,0.0,0.009622,0.024939,0.0,0.0,0.0,0.0,0.0,0.0,0.126688,0.004478
2024-05-16,0.059315,0.028755,0.049756,0.0,0.0,0.0,0.0,0.0,0.055053,0.0,0.0,0.031899,0.097682,0.037261,0.0,0.0,0.088985,0.0,0.072842,0.119214,0.0,0.040967,0.0,0.0,0.01341,0.073166,0.0,0.0,0.027637,0.0,0.0,0.038875,0.0,0.009559,0.024993,0.0,0.0,0.0,0.0,0.0,0.0,0.126117,0.004517
2024-05-17,0.058727,0.028659,0.049788,0.0,0.0,0.0,0.0,0.0,0.054882,0.0,0.0,0.03176,0.097805,0.037198,0.0,0.0,0.088546,0.0,0.07302,0.118494,0.0,0.0401,0.0,0.0,0.013299,0.072312,0.0,0.0,0.027332,0.0,0.0,0.039277,0.0,0.009497,0.026004,0.0,0.0,0.0,0.0,0.0,0.0,0.128809,0.00449
2024-05-20,0.058589,0.028429,0.049761,0.0,0.0,0.0,0.0,0.0,0.054303,0.0,0.0,0.031609,0.095735,0.036414,0.0,0.0,0.08804,0.0,0.072566,0.11705,0.0,0.04027,0.0,0.0,0.013353,0.073339,0.0,0.0,0.027398,0.0,0.0,0.039135,0.0,0.009525,0.02633,0.0,0.0,0.0,0.0,0.0,0.0,0.133698,0.004456
2024-05-21,0.058629,0.028544,0.049681,0.0,0.0,0.0,0.0,0.0,0.054198,0.0,0.0,0.031699,0.096755,0.036714,0.0,0.0,0.088119,0.0,0.07287,0.116725,0.0,0.040132,0.0,0.0,0.013431,0.073409,0.0,0.0,0.027211,0.0,0.0,0.039241,0.0,0.009674,0.025934,0.0,0.0,0.0,0.0,0.0,0.0,0.13256,0.004475
2024-05-22,0.058933,0.028483,0.049387,0.0,0.0,0.0,0.0,0.0,0.055062,0.0,0.0,0.031921,0.096761,0.036529,0.0,0.0,0.088735,0.0,0.072576,0.114242,0.0,0.040628,0.0,0.0,0.013539,0.074701,0.0,0.0,0.027056,0.0,0.0,0.038743,0.0,0.00977,0.024349,0.0,0.0,0.0,0.0,0.0,0.0,0.134085,0.004502
2024-05-23,0.059669,0.028732,0.049829,0.0,0.0,0.0,0.0,0.0,0.055811,0.0,0.0,0.031982,0.096702,0.036207,0.0,0.0,0.088863,0.0,0.072897,0.114755,0.0,0.0399,0.0,0.0,0.013609,0.075278,0.0,0.0,0.027454,0.0,0.0,0.038479,0.0,0.010115,0.024415,0.0,0.0,0.0,0.0,0.0,0.0,0.13074,0.004564
2024-05-24,0.058962,0.02863,0.049805,0.0,0.0,0.0,0.0,0.0,0.055885,0.0,0.0,0.032027,0.09619,0.036033,0.0,0.0,0.088308,0.0,0.072704,0.114753,0.0,0.039234,0.0,0.0,0.013569,0.075905,0.0,0.0,0.027388,0.0,0.0,0.038081,0.0,0.010017,0.024594,0.0,0.0,0.0,0.0,0.0,0.0,0.133401,0.004513
2024-05-27,0.058961,0.02863,0.049805,0.0,0.0,0.0,0.0,0.0,0.055885,0.0,0.0,0.032027,0.09619,0.036033,0.0,0.0,0.088308,0.0,0.072704,0.114753,0.0,0.039234,0.0,0.0,0.013569,0.075905,0.0,0.0,0.027388,0.0,0.0,0.038081,0.0,0.010017,0.024594,0.0,0.0,0.0,0.0,0.0,0.0,0.133401,0.004514
2024-05-28,0.059064,0.028635,0.050191,0.0,0.0,0.0,0.0,0.0,0.05666,0.0,0.0,0.032147,0.095321,0.035818,0.0,0.0,0.087408,0.0,0.072574,0.113616,0.0,0.039447,0.0,0.0,0.013654,0.077345,0.0,0.0,0.027461,0.0,0.0,0.03856,0.0,0.010257,0.025359,0.0,0.0,0.0,0.0,0.0,0.0,0.131959,0.004524
2024-05-29,0.059351,0.028629,0.049914,0.0,0.0,0.0,0.0,0.0,0.056103,0.0,0.0,0.03245,0.095958,0.035611,0.0,0.0,0.087448,0.0,0.072597,0.114075,0.0,0.03929,0.0,0.0,0.013768,0.07687,0.0,0.0,0.027426,0.0,0.0,0.038767,0.0,0.010512,0.025046,0.0,0.0,0.0,0.0,0.0,0.0,0.131594,0.004591
2024-05-30,0.058904,0.028674,0.049955,0.0,0.0,0.0,0.0,0.0,0.055794,0.0,0.0,0.03209,0.095718,0.035874,0.0,0.0,0.087356,0.0,0.072614,0.115588,0.0,0.039641,0.0,0.0,0.013349,0.075738,0.0,0.0,0.02694,0.0,0.0,0.038536,0.0,0.010372,0.024671,0.0,0.0,0.0,0.0,0.0,0.0,0.133631,0.004556
2024-05-31,0.024097,0.0,0.0,0.0,0.0,0.0,0.0,0.096702,0.022544,0.0,0.0,0.0777,0.068751,0.050535,0.0,0.0,0.105908,0.0,0.0,0.099889,0.0,0.039646,0.03055,0.020171,0.0,0.059423,0.0,0.0,0.056096,0.0,0.0,0.064614,0.0,0.0,0.065131,0.0,0.0,0.0,0.0,0.0,0.0,0.106232,0.012011
2024-06-03,0.024246,0.0,0.0,0.0,0.0,0.0,0.0,0.099462,0.022666,0.0,0.0,0.077614,0.067976,0.049693,0.0,0.0,0.104085,0.0,0.0,0.098524,0.0,0.040459,0.030384,0.01984,0.0,0.059219,0.0,0.0,0.056429,0.0,0.0,0.064861,0.0,0.0,0.06421,0.0,0.0,0.0,0.0,0.0,0.0,0.10838,0.011953
2024-06-04,0.024445,0.0,0.0,0.0,0.0,0.0,0.0,0.094462,0.022626,0.0,0.0,0.078797,0.068433,0.049433,0.0,0.0,0.105009,0.0,0.0,0.09775,0.0,0.040807,0.030995,0.020057,0.0,0.059424,0.0,0.0,0.057089,0.0,0.0,0.065009,0.0,0.0,0.061825,0.0,0.0,0.0,0.0,0.0,0.0,0.111748,0.012092
2024-06-05,0.024323,0.0,0.0,0.0,0.0,0.0,0.0,0.095956,0.022811,0.0,0.0,0.078484,0.067539,0.048797,0.0,0.0,0.10438,0.0,0.0,0.097963,0.0,0.041456,0.030435,0.019625,0.0,0.061035,0.0,0.0,0.0571,0.0,0.0,0.064732,0.0,0.0,0.062259,0.0,0.0,0.0,0.0,0.0,0.0,0.111205,0.0119
2024-06-06,0.024492,0.0,0.0,0.0,0.0,0.0,0.0,0.096616,0.022945,0.0,0.0,0.078715,0.067665,0.048966,0.0,0.0,0.104005,0.0,0.0,0.096989,0.0,0.04098,0.030601,0.019467,0.0,0.060677,0.0,0.0,0.056927,0.0,0.0,0.065363,0.0,0.0,0.063559,0.0,0.0,0.0,0.0,0.0,0.0,0.110103,0.011929
2024-06-07,0.024707,0.0,0.0,0.0,0.0,0.0,0.0,0.098722,0.022974,0.0,0.0,0.07895,0.068648,0.04934,0.0,0.0,0.105144,0.0,0.0,0.096268,0.0,0.040747,0.030749,0.019445,0.0,0.061093,0.0,0.0,0.05674,0.0,0.0,0.063654,0.0,0.0,0.061586,0.0,0.0,0.0,0.0,0.0,0.0,0.109187,0.012047
2024-06-10,0.02454,0.0,0.0,0.0,0.0,0.0,0.0,0.098561,0.023052,0.0,0.0,0.078784,0.06807,0.048525,0.0,0.0,0.104987,0.0,0.0,0.096719,0.0,0.040826,0.030584,0.019605,0.0,0.06169,0.0,0.0,0.056898,0.0,0.0,0.063943,0.0,0.0,0.062247,0.0,0.0,0.0,0.0,0.0,0.0,0.108977,0.011993
2024-06-11,0.024662,0.0,0.0,0.0,0.0,0.0,0.0,0.099514,0.023205,0.0,0.0,0.079534,0.067808,0.048466,0.0,0.0,0.105183,0.0,0.0,0.096209,0.0,0.041348,0.030801,0.019635,0.0,0.062211,0.0,0.0,0.057039,0.0,0.0,0.064614,0.0,0.0,0.061227,0.0,0.0,0.0,0.0,0.0,0.0,0.106458,0.012085
2024-06-12,0.024785,0.0,0.0,0.0,0.0,0.0,0.0,0.099238,0.023467,0.0,0.0,0.078552,0.067048,0.048992,0.0,0.0,0.105096,0.0,0.0,0.098344,0.0,0.041526,0.030151,0.019307,0.0,0.063309,0.0,0.0,0.057706,0.0,0.0,0.064122,0.0,0.0,0.060775,0.0,0.0,0.0,0.0,0.0,0.0,0.105617,0.011965
2024-06-13,0.024727,0.0,0.0,0.0,0.0,0.0,0.0,0.099592,0.023581,0.0,0.0,0.078252,0.067324,0.04865,0.0,0.0,0.104928,0.0,0.0,0.098925,0.0,0.041728,0.030337,0.019445,0.0,0.064308,0.0,0.0,0.057621,0.0,0.0,0.063908,0.0,0.0,0.060016,0.0,0.0,0.0,0.0,0.0,0.0,0.10463,0.012027
2024-06-14,0.024757,0.0,0.0,0.0,0.0,0.0,0.0,0.101056,0.023896,0.0,0.0,0.078834,0.067392,0.048229,0.0,0.0,0.104311,0.0,0.0,0.098273,0.0,0.040979,0.030521,0.019479,0.0,0.064346,0.0,0.0,0.057461,0.0,0.0,0.065009,0.0,0.0,0.060146,0.0,0.0,0.0,0.0,0.0,0.0,0.103231,0.01208
2024-06-17,0.024665,0.0,0.0,0.0,0.0,0.0,0.0,0.100607,0.024019,0.0,0.0,0.078744,0.067589,0.048677,0.0,0.0,0.104845,0.0,0.0,0.098485,0.0,0.040223,0.030629,0.019152,0.0,0.064978,0.0,0.0,0.057215,0.0,0.0,0.064291,0.0,0.0,0.059293,0.0,0.0,0.0,0.0,0.0,0.0,0.104578,0.01201
2024-06-18,0.024894,0.0,0.0,0.0,0.0,0.0,0.0,0.101284,0.024395,0.0,0.0,0.078435,0.068154,0.04895,0.0,0.0,0.105622,0.0,0.0,0.096941,0.0,0.039908,0.03073,0.019198,0.0,0.065938,0.0,0.0,0.057658,0.0,0.0,0.064679,0.0,0.0,0.060305,0.0,0.0,0.0,0.0,0.0,0.0,0.100873,0.012036
2024-06-19,0.024939,0.0,0.0,0.0,0.0,0.0,0.0,0.101279,0.024394,0.0,0.0,0.078432,0.068151,0.048948,0.0,0.0,0.105617,0.0,0.0,0.096936,0.0,0.039906,0.030729,0.019198,0.0,0.065935,0.0,0.0,0.057655,0.0,0.0,0.064676,0.0,0.0,0.060302,0.0,0.0,0.0,0.0,0.0,0.0,0.100868,0.012037
2024-06-20,0.02496,0.0,0.0,0.0,0.0,0.0,0.0,0.100185,0.024568,0.0,0.0,0.078711,0.068465,0.04901,0.0,0.0,0.105609,0.0,0.0,0.096348,0.0,0.039961,0.030639,0.01935,0.0,0.064098,0.0,0.0,0.056575,0.0,0.0,0.065436,0.0,0.0,0.062176,0.0,0.0,0.0,0.0,0.0,0.0,0.101877,0.012031
2024-06-21,0.024884,0.0,0.0,0.0,0.0,0.0,0.0,0.100095,0.024555,0.0,0.0,0.079529,0.068463,0.049133,0.0,0.0,0.105792,0.0,0.0,0.097106,0.0,0.041226,0.030781,0.01931,0.0,0.063717,0.0,0.0,0.056244,0.0,0.0,0.06467,0.0,0.0,0.061317,0.0,0.0,0.0,0.0,0.0,0.0,0.1011,0.012077
2024-06-24,0.025138,0.0,0.0,0.0,0.0,0.0,0.0,0.101298,0.0243,0.0,0.0,0.08011,0.069439,0.05026,0.0,0.0,0.10666,0.0,0.0,0.098087,0.0,0.04205,0.031232,0.019641,0.0,0.062143,0.0,0.0,0.055915,0.0,0.0,0.065182,0.0,0.0,0.063016,0.0,0.0,0.0,0.0,0.0,0.0,0.093403,0.012128
2024-06-25,0.02507,0.0,0.0,0.0,0.0,0.0,0.0,0.101375,0.024373,0.0,0.0,0.080994,0.068912,0.049643,0.0,0.0,0.105735,0.0,0.0,0.095332,0.0,0.041749,0.031027,0.019453,0.0,0.063089,0.0,0.0,0.056587,0.0,0.0,0.064849,0.0,0.0,0.061891,0.0,0.0,0.0,0.0,0.0,0.0,0.097794,0.012126
2024-06-26,0.025084,0.0,0.0,0.0,0.0,0.0,0.0,0.101784,0.024268,0.0,0.0,0.081271,0.068704,0.049818,0.0,0.0,0.105797,0.0,0.0,0.095866,0.0,0.041486,0.031065,0.019435,0.0,0.063051,0.0,0.0,0.056718,0.0,0.0,0.064463,0.0,0.0,0.062546,0.0,0.0,0.0,0.0,0.0,0.0,0.096476,0.01217
2024-06-27,0.025052,0.0,0.0,0.0,0.0,0.0,0.0,0.102551,0.024359,0.0,0.0,0.081494,0.068419,0.050171,0.0,0.0,0.1056,0.0,0.0,0.095717,0.0,0.041665,0.030842,0.019412,0.0,0.062543,0.0,0.0,0.056594,0.0,0.0,0.065002,0.0,0.0,0.061582,0.0,0.0,0.0,0.0,0.0,0.0,0.096864,0.012136
2024-06-28,0.075612,0.052218,0.0,0.0,0.0,0.0,0.0,0.019494,0.065691,0.0,0.0,0.076155,0.064509,0.020824,0.0,0.0,0.064614,0.0,0.032952,0.03056,0.0,0.023383,0.053328,0.076044,0.026258,0.058713,0.0,0.0,0.0,0.0,0.0,0.029212,0.031833,0.041024,0.07611,0.0,0.0,0.0,0.0,0.0,0.0,0.076169,0.005297
2024-07-01,0.075071,0.052432,0.0,0.0,0.0,0.0,0.0,0.019597,0.065399,0.0,0.0,0.075693,0.064529,0.020691,0.0,0.0,0.0638,0.0,0.032384,0.029745,0.0,0.023422,0.052852,0.075378,0.026407,0.0586,0.0,0.0,0.0,0.0,0.0,0.029233,0.032108,0.040637,0.076573,0.0,0.0,0.0,0.0,0.0,0.0,0.080163,0.005288
2024-07-02,0.075047,0.052136,0.0,0.0,0.0,0.0,0.0,0.019536,0.065567,0.0,0.0,0.076141,0.065087,0.020889,0.0,0.0,0.063959,0.0,0.032347,0.029459,0.0,0.022931,0.053063,0.075543,0.02646,0.059248,0.0,0.0,0.0,0.0,0.0,0.029145,0.032156,0.041117,0.076631,0.0,0.0,0.0,0.0,0.0,0.0,0.078265,0.005274
2024-07-03,0.075243,0.052453,0.0,0.0,0.0,0.0,0.0,0.019494,0.066251,0.0,0.0,0.075681,0.06447,0.020476,0.0,0.0,0.063782,0.0,0.032381,0.029349,0.0,0.022662,0.052635,0.075514,0.026646,0.059852,0.0,0.0,0.0,0.0,0.0,0.029286,0.032981,0.040957,0.078779,0.0,0.0,0.0,0.0,0.0,0.0,0.075866,0.00524
2024-07-04,0.075487,0.052439,0.0,0.0,0.0,0.0,0.0,0.019489,0.066234,0.0,0.0,0.075661,0.064453,0.020471,0.0,0.0,0.063765,0.0,0.032373,0.029341,0.0,0.022656,0.052621,0.075494,0.026639,0.059836,0.0,0.0,0.0,0.0,0.0,0.029278,0.032973,0.040946,0.078758,0.0,0.0,0.0,0.0,0.0,0.0,0.075846,0.00524
2024-07-05,0.075567,0.052837,0.0,0.0,0.0,0.0,0.0,0.019562,0.06644,0.0,0.0,0.077077,0.064394,0.020168,0.0,0.0,0.063491,0.0,0.032402,0.029133,0.0,0.02285,0.053232,0.075575,0.026702,0.059913,0.0,0.0,0.0,0.0,0.0,0.029653,0.033708,0.041191,0.080088,0.0,0.0,0.0,0.0,0.0,0.0,0.07078,0.005237
2024-07-08,0.075781,0.0526,0.0,0.0,0.0,0.0,0.0,0.019561,0.067384,0.0,0.0,0.076421,0.064256,0.020174,0.0,0.0,0.063601,0.0,0.032514,0.029458,0.0,0.023241,0.053176,0.07569,0.026898,0.06108,0.0,0.0,0.0,0.0,0.0,0.0293,0.03331,0.040905,0.07856,0.0,0.0,0.0,0.0,0.0,0.0,0.070851,0.00524
2024-07-09,0.075516,0.052041,0.0,0.0,0.0,0.0,0.0,0.019584,0.067022,0.0,0.0,0.07645,0.064576,0.020451,0.0,0.0,0.063151,0.0,0.032095,0.02928,0.0,0.023461,0.052894,0.075704,0.026803,0.060886,0.0,0.0,0.0,0.0,0.0,0.02927,0.033208,0.041388,0.078513,0.0,0.0,0.0,0.0,0.0,0.0,0.072481,0.005226
2024-07-10,0.075401,0.052314,0.0,0.0,0.0,0.0,0.0,0.019407,0.067483,0.0,0.0,0.076386,0.064363,0.020714,0.0,0.0,0.063264,0.0,0.032294,0.029696,0.0,0.023568,0.05275,0.075876,0.026999,0.061856,0.0,0.0,0.0,0.0,0.0,0.029168,0.033019,0.040589,0.078368,0.0,0.0,0.0,0.0,0.0,0.0,0.071292,0.005191
2024-07-11,0.07522,0.05234,0.0,0.0,0.0,0.0,0.0,0.019375,0.067145,0.0,0.0,0.075017,0.06459,0.021373,0.0,0.0,0.063791,0.0,0.032595,0.031401,0.0,0.024076,0.052326,0.07693,0.02621,0.059564,0.0,0.0,0.0,0.0,0.0,0.029557,0.033484,0.041136,0.077718,0.0,0.0,0.0,0.0,0.0,0.0,0.070985,0.005168
2024-07-12,0.075452,0.052683,0.0,0.0,0.0,0.0,0.0,0.019333,0.066753,0.0,0.0,0.074376,0.06446,0.021316,0.0,0.0,0.063817,0.0,0.032733,0.031826,0.0,0.024193,0.052277,0.077084,0.026303,0.059969,0.0,0.0,0.0,0.0,0.0,0.029382,0.032655,0.040733,0.078449,0.0,0.0,0.0,0.0,0.0,0.0,0.071064,0.005142
2024-07-15,0.075207,0.051906,0.0,0.0,0.0,0.0,0.0,0.019285,0.065385,0.0,0.0,0.074345,0.065141,0.021798,0.0,0.0,0.064017,0.0,0.032519,0.031669,0.0,0.024325,0.051765,0.074911,0.026245,0.059796,0.0,0.0,0.0,0.0,0.0,0.029359,0.03242,0.040337,0.076702,0.0,0.0,0.0,0.0,0.0,0.0,0.077746,0.005122
2024-07-16,0.074294,0.051544,0.0,0.0,0.0,0.0,0.0,0.019145,0.065494,0.0,0.0,0.073743,0.065176,0.022443,0.0,0.0,0.06491,0.0,0.032794,0.033184,0.0,0.024533,0.051702,0.074683,0.025877,0.059521,0.0,0.0,0.0,0.0,0.0,0.029622,0.032736,0.039345,0.075057,0.0,0.0,0.0,0.0,0.0,0.0,0.079128,0.005067
2024-07-17,0.074927,0.052016,0.0,0.0,0.0,0.0,0.0,0.019334,0.064195,0.0,0.0,0.073691,0.06663,0.022971,0.0,0.0,0.065016,0.0,0.033204,0.032956,0.0,0.024391,0.053132,0.075817,0.025234,0.056095,0.0,0.0,0.0,0.0,0.0,0.029915,0.032123,0.039919,0.073816,0.0,0.0,0.0,0.0,0.0,0.0,0.079475,0.005143
2024-07-18,0.074997,0.052054,0.0,0.0,0.0,0.0,0.0,0.019527,0.063964,0.0,0.0,0.074307,0.066413,0.022804,0.0,0.0,0.065085,0.0,0.033169,0.033867,0.0,0.024052,0.053342,0.07643,0.025462,0.056767,0.0,0.0,0.0,0.0,0.0,0.029991,0.03186,0.040361,0.07159,0.0,0.0,0.0,0.0,0.0,0.0,0.078769,0.00519
2024-07-19,0.074655,0.05191,0.0,0.0,0.0,0.0,0.0,0.019259,0.063188,0.0,0.0,0.074221,0.065955,0.022905,0.0,0.0,0.06494,0.0,0.032982,0.033901,0.0,0.024124,0.053341,0.07677,0.025146,0.055212,0.0,0.0,0.0,0.0,0.0,0.02955,0.031366,0.03997,0.071677,0.0,0.0,0.0,0.0,0.0,0.0,0.083723,0.005207
2024-07-22,0.074343,0.05218,0.0,0.0,0.0,0.0,0.0,0.019244,0.062413,0.0,0.0,0.073885,0.065746,0.023068,0.0,0.0,0.065029,0.0,0.032803,0.034105,0.0,0.024252,0.052909,0.076741,0.025517,0.056999,0.0,0.0,0.0,0.0,0.0,0.029301,0.031022,0.040677,0.070412,0.0,0.0,0.0,0.0,0.0,0.0,0.084192,0.005162
2024-07-23,0.075198,0.051979,0.0,0.0,0.0,0.0,0.0,0.019036,0.062913,0.0,0.0,0.074134,0.066183,0.023481,0.0,0.0,0.065216,0.0,0.033091,0.034381,0.0,0.024582,0.052972,0.076628,0.025537,0.056418,0.0,0.0,0.0,0.0,0.0,0.029545,0.031229,0.040872,0.070222,0.0,0.0,0.0,0.0,0.0,0.0,0.081194,0.005187
2024-07-24,0.074988,0.05225,0.0,0.0,0.0,0.0,0.0,0.019213,0.062221,0.0,0.0,0.073251,0.066232,0.023414,0.0,0.0,0.064743,0.0,0.033145,0.033878,0.0,0.024761,0.053697,0.078621,0.024838,0.054197,0.0,0.0,0.0,0.0,0.0,0.029871,0.031388,0.041161,0.070343,0.0,0.0,0.0,0.0,0.0,0.0,0.082523,0.005264
2024-07-25,0.074947,0.052315,0.0,0.0,0.0,0.0,0.0,0.019411,0.062379,0.0,0.0,0.072743,0.066791,0.024056,0.0,0.0,0.065569,0.0,0.033393,0.034675,0.0,0.025364,0.053885,0.078332,0.024687,0.053237,0.0,0.0,0.0,0.0,0.0,0.029541,0.030318,0.041079,0.070487,0.0,0.0,0.0,0.0,0.0,0.0,0.0815,0.00529
2024-07-26,0.073891,0.052214,0.0,0.0,0.0,0.0,0.0,0.019463,0.06195,0.0,0.0,0.072934,0.066764,0.024071,0.0,0.0,0.065632,0.0,0.033402,0.0353,0.0,0.025101,0.053572,0.077847,0.024604,0.053518,0.0,0.0,0.0,0.0,0.0,0.02938,0.02992,0.040378,0.070413,0.0,0.0,0.0,0.0,0.0,0.0,0.084439,0.005207
2024-07-29,0.074035,0.052001,0.0,0.0,0.0,0.0,0.0,0.019536,0.061315,0.0,0.0,0.07383,0.0669,0.023712,0.0,0.0,0.065742,0.0,0.033575,0.035703,0.0,0.024872,0.053775,0.078464,0.024579,0.053589,0.0,0.0,0.0,0.0,0.0,0.029439,0.029975,0.040058,0.070123,0.0,0.0,0.0,0.0,0.0,0.0,0.083551,0.005225
2024-07-30,0.07419,0.052307,0.0,0.0,0.0,0.0,0.0,0.019586,0.061402,0.0,0.0,0.07429,0.06782,0.023954,0.0,0.0,0.066079,0.0,0.033538,0.036097,0.0,0.024608,0.053529,0.079043,0.024014,0.051757,0.0,0.0,0.0,0.0,0.0,0.029798,0.030502,0.040486,0.069744,0.0,0.0,0.0,0.0,0.0,0.0,0.082019,0.005238
2024-07-31,0.089275,0.021127,0.0,0.0,0.045446,0.011243,0.0,0.044482,0.044299,0.0,0.0,0.089257,0.079232,0.02075,0.022219,0.0,0.033692,0.0,0.0,0.0,0.0,0.0,0.089305,0.069395,0.030528,0.047479,0.0,0.0,0.0,0.0,0.0,0.053032,0.047361,0.027087,0.079024,0.0,0.0,0.0,0.0,0.0,0.0,0.052876,0.00289
2024-08-01,0.089454,0.021026,0.0,0.0,0.045629,0.011272,0.0,0.04471,0.043834,0.0,0.0,0.091079,0.07938,0.020208,0.021982,0.0,0.033605,0.0,0.0,0.0,0.0,0.0,0.091597,0.071793,0.029868,0.044774,0.0,0.0,0.0,0.0,0.0,0.053709,0.047475,0.026971,0.076564,0.0,0.0,0.0,0.0,0.0,0.0,0.052134,0.002938
2024-08-02,0.088262,0.02118,0.0,0.0,0.045176,0.011403,0.0,0.044961,0.043248,0.0,0.0,0.09095,0.078596,0.019811,0.021738,0.0,0.033362,0.0,0.0,0.0,0.0,0.0,0.093795,0.072994,0.029466,0.043034,0.0,0.0,0.0,0.0,0.0,0.054416,0.04821,0.027413,0.07675,0.0,0.0,0.0,0.0,0.0,0.0,0.052253,0.002982
2024-08-05,0.089473,0.021388,0.0,0.0,0.045519,0.011717,0.0,0.045271,0.042429,0.0,0.0,0.091222,0.078804,0.019875,0.021952,0.0,0.033852,0.0,0.0,0.0,0.0,0.0,0.094946,0.073383,0.029413,0.043653,0.0,0.0,0.0,0.0,0.0,0.055476,0.047525,0.028611,0.076249,0.0,0.0,0.0,0.0,0.0,0.0,0.046162,0.00308
2024-08-06,0.089134,0.021257,0.0,0.0,0.045306,0.011598,0.0,0.04505,0.042509,0.0,0.0,0.091496,0.079383,0.019808,0.021895,0.0,0.033961,0.0,0.0,0.0,0.0,0.0,0.094776,0.07336,0.029554,0.043665,0.0,0.0,0.0,0.0,0.0,0.054555,0.046696,0.028579,0.07574,0.0,0.0,0.0,0.0,0.0,0.0,0.048626,0.003054
2024-08-07,0.090654,0.021345,0.0,0.0,0.046399,0.011688,0.0,0.045322,0.043228,0.0,0.0,0.091246,0.079683,0.019757,0.022039,0.0,0.033884,0.0,0.0,0.0,0.0,0.0,0.095117,0.073962,0.02915,0.042558,0.0,0.0,0.0,0.0,0.0,0.054658,0.046227,0.029075,0.074041,0.0,0.0,0.0,0.0,0.0,0.0,0.046906,0.003062
2024-08-08,0.088676,0.021208,0.0,0.0,0.045744,0.01171,0.0,0.044823,0.043979,0.0,0.0,0.091199,0.079345,0.019744,0.022063,0.0,0.03397,0.0,0.0,0.0,0.0,0.0,0.094056,0.072559,0.029633,0.044583,0.0,0.0,0.0,0.0,0.0,0.054403,0.046567,0.028149,0.074488,0.0,0.0,0.0,0.0,0.0,0.0,0.050098,0.003001
2024-08-09,0.088703,0.021238,0.0,0.0,0.045745,0.011604,0.0,0.044619,0.044304,0.0,0.0,0.091523,0.079291,0.019607,0.022003,0.0,0.033809,0.0,0.0,0.0,0.0,0.0,0.093735,0.072448,0.029619,0.044101,0.0,0.0,0.0,0.0,0.0,0.054268,0.046319,0.028517,0.074681,0.0,0.0,0.0,0.0,0.0,0.0,0.050879,0.002987
2024-08-12,0.088872,0.021167,0.0,0.0,0.046036,0.011714,0.0,0.044482,0.044591,0.0,0.0,0.090807,0.078808,0.019391,0.022091,0.0,0.033607,0.0,0.0,0.0,0.0,0.0,0.093176,0.07251,0.029834,0.044315,0.0,0.0,0.0,0.0,0.0,0.055148,0.047184,0.028221,0.075768,0.0,0.0,0.0,0.0,0.0,0.0,0.049293,0.002985
2024-08-13,0.089054,0.021252,0.0,0.0,0.045815,0.011669,0.0,0.043959,0.045165,0.0,0.0,0.091134,0.078725,0.019447,0.021674,0.0,0.033645,0.0,0.0,0.0,0.0,0.0,0.092734,0.072256,0.030465,0.045687,0.0,0.0,0.0,0.0,0.0,0.054553,0.046618,0.027691,0.075139,0.0,0.0,0.0,0.0,0.0,0.0,0.050361,0.002957
2024-08-14,0.089974,0.021398,0.0,0.0,0.04592,0.011447,0.0,0.043893,0.045091,0.0,0.0,0.090738,0.079797,0.01945,0.021831,0.0,0.033829,0.0,0.0,0.0,0.0,0.0,0.093285,0.072307,0.030675,0.045634,0.0,0.0,0.0,0.0,0.0,0.054183,0.046149,0.027741,0.074947,0.0,0.0,0.0,0.0,0.0,0.0,0.04875,0.002962
2024-08-15,0.090133,0.021352,0.0,0.0,0.045825,0.011474,0.0,0.043748,0.044852,0.0,0.0,0.09044,0.079555,0.019637,0.021822,0.0,0.033866,0.0,0.0,0.0,0.0,0.0,0.093096,0.071414,0.031172,0.047244,0.0,0.0,0.0,0.0,0.0,0.053689,0.04691,0.027379,0.076771,0.0,0.0,0.0,0.0,0.0,0.0,0.046695,0.002926
2024-08-16,0.089558,0.021289,0.0,0.0,0.045791,0.011563,0.0,0.043773,0.044948,0.0,0.0,0.08996,0.079476,0.019763,0.021617,0.0,0.033537,0.0,0.0,0.0,0.0,0.0,0.092576,0.071137,0.030965,0.046753,0.0,0.0,0.0,0.0,0.0,0.054435,0.047546,0.027277,0.076605,0.0,0.0,0.0,0.0,0.0,0.0,0.048528,0.002902
2024-08-19,0.089665,0.021348,0.0,0.0,0.045903,0.011551,0.0,0.043502,0.045279,0.0,0.0,0.090227,0.079248,0.019778,0.021582,0.0,0.03346,0.0,0.0,0.0,0.0,0.0,0.092116,0.071011,0.031214,0.047153,0.0,0.0,0.0,0.0,0.0,0.053895,0.047865,0.027538,0.07728,0.0,0.0,0.0,0.0,0.0,0.0,0.047507,0.002879
2024-08-20,0.089979,0.021342,0.0,0.0,0.04574,0.011309,0.0,0.043686,0.044975,0.0,0.0,0.090385,0.079189,0.019505,0.021065,0.0,0.03345,0.0,0.0,0.0,0.0,0.0,0.092798,0.071033,0.03118,0.046643,0.0,0.0,0.0,0.0,0.0,0.054225,0.048054,0.027811,0.076749,0.0,0.0,0.0,0.0,0.0,0.0,0.047995,0.002887
2024-08-21,0.089717,0.021375,0.0,0.0,0.045641,0.01136,0.0,0.043637,0.044598,0.0,0.0,0.090142,0.078517,0.019439,0.020955,0.0,0.03342,0.0,0.0,0.0,0.0,0.0,0.092782,0.071042,0.031147,0.046978,0.0,0.0,0.0,0.0,0.0,0.053779,0.047864,0.02763,0.077774,0.0,0.0,0.0,0.0,0.0,0.0,0.049339,0.002867
2024-08-22,0.090443,0.021438,0.0,0.0,0.045608,0.011366,0.0,0.043915,0.044003,0.0,0.0,0.090255,0.079665,0.019695,0.021195,0.0,0.033674,0.0,0.0,0.0,0.0,0.0,0.093466,0.071586,0.0307,0.045775,0.0,0.0,0.0,0.0,0.0,0.053605,0.047284,0.027886,0.07684,0.0,0.0,0.0,0.0,0.0,0.0,0.048707,0.002893
2024-08-23,0.089699,0.021466,0.0,0.0,0.045528,0.011317,0.0,0.043461,0.044572,0.0,0.0,0.089476,0.079103,0.020217,0.021177,0.0,0.033482,0.0,0.0,0.0,0.0,0.0,0.092272,0.070669,0.030712,0.04627,0.0,0.0,0.0,0.0,0.0,0.053382,0.047978,0.027677,0.078078,0.0,0.0,0.0,0.0,0.0,0.0,0.050616,0.002848
2024-08-26,0.089674,0.021393,0.0,0.0,0.045515,0.011095,0.0,0.043533,0.044175,0.0,0.0,0.089655,0.07933,0.020109,0.021361,0.0,0.033437,0.0,0.0,0.0,0.0,0.0,0.0929,0.071109,0.030319,0.045096,0.0,0.0,0.0,0.0,0.0,0.053537,0.048176,0.027994,0.078411,0.0,0.0,0.0,0.0,0.0,0.0,0.050333,0.002848
2024-08-27,0.089501,0.021497,0.0,0.0,0.045096,0.011145,0.0,0.043544,0.044358,0.0,0.0,0.089506,0.079789,0.019974,0.021175,0.0,0.033478,0.0,0.0,0.0,0.0,0.0,0.093184,0.070591,0.030521,0.045624,0.0,0.0,0.0,0.0,0.0,0.053715,0.048277,0.028068,0.078744,0.0,0.0,0.0,0.0,0.0,0.0,0.049361,0.00285
2024-08-28,0.090102,0.02162,0.0,0.0,0.045409,0.011044,0.0,0.043964,0.044702,0.0,0.0,0.089801,0.080783,0.020334,0.02125,0.0,0.033797,0.0,0.0,0.0,0.0,0.0,0.093715,0.071295,0.030401,0.045248,0.0,0.0,0.0,0.0,0.0,0.05387,0.047565,0.028246,0.076767,0.0,0.0,0.0,0.0,0.0,0.0,0.047209,0.002879
2024-08-29,0.090539,0.021634,0.0,0.0,0.045491,0.01114,0.0,0.043947,0.044649,0.0,0.0,0.089394,0.081302,0.020334,0.021473,0.0,0.033951,0.0,0.0,0.0,0.0,0.0,0.093018,0.071507,0.030052,0.045007,0.0,0.0,0.0,0.0,0.0,0.054016,0.047661,0.028108,0.076542,0.0,0.0,0.0,0.0,0.0,0.0,0.047364,0.002872
2024-08-30,0.08223,0.0,0.0,0.0,0.054805,0.0,0.0,0.059062,0.033637,0.0,0.0,0.082563,0.042729,0.050041,0.0,0.0,0.031146,0.0,0.062896,0.063863,0.0,0.043017,0.046703,0.08252,0.0,0.017592,0.0,0.0,0.0,0.074812,0.0,0.0548,0.037771,0.0,0.021656,0.0,0.0,0.0,0.0,0.0,0.021451,0.032483,0.004223
2024-09-02,0.082763,0.0,0.0,0.0,0.054747,0.0,0.0,0.05903,0.033619,0.0,0.0,0.082518,0.042706,0.050013,0.0,0.0,0.031129,0.0,0.062862,0.063827,0.0,0.042993,0.046677,0.082475,0.0,0.017583,0.0,0.0,0.0,0.074771,0.0,0.05477,0.03775,0.0,0.021644,0.0,0.0,0.0,0.0,0.0,0.021439,0.032465,0.004222
2024-09-03,0.082994,0.0,0.0,0.0,0.054893,0.0,0.0,0.059507,0.032799,0.0,0.0,0.082289,0.04306,0.050117,0.0,0.0,0.030922,0.0,0.062408,0.063091,0.0,0.042553,0.04775,0.08366,0.0,0.016498,0.0,0.0,0.0,0.075915,0.0,0.055397,0.037228,0.0,0.020333,0.0,0.0,0.0,0.0,0.0,0.021692,0.032606,0.004289
2024-09-04,0.082376,0.0,0.0,0.0,0.054803,0.0,0.0,0.059812,0.032514,0.0,0.0,0.081928,0.043124,0.049693,0.0,0.0,0.030966,0.0,0.062175,0.063047,0.0,0.042509,0.047993,0.084408,0.0,0.016559,0.0,0.0,0.0,0.076161,0.0,0.055453,0.037388,0.0,0.020326,0.0,0.0,0.0,0.0,0.0,0.021799,0.032675,0.004292
2024-09-05,0.08214,0.0,0.0,0.0,0.054809,0.0,0.0,0.059711,0.032871,0.0,0.0,0.082473,0.042808,0.049404,0.0,0.0,0.030719,0.0,0.061917,0.062845,0.0,0.042477,0.047987,0.084512,0.0,0.016531,0.0,0.0,0.0,0.076196,0.0,0.056123,0.038331,0.0,0.020289,0.0,0.0,0.0,0.0,0.0,0.021963,0.031587,0.004308
2024-09-06,0.082285,0.0,0.0,0.0,0.054838,0.0,0.0,0.059755,0.032357,0.0,0.0,0.081851,0.042756,0.049119,0.0,0.0,0.030823,0.0,0.06197,0.06402,0.0,0.042372,0.048543,0.08485,0.0,0.016039,0.0,0.0,0.0,0.077163,0.0,0.056468,0.037743,0.0,0.019921,0.0,0.0,0.0,0.0,0.0,0.022212,0.030546,0.004368
2024-09-09,0.081917,0.0,0.0,0.0,0.054458,0.0,0.0,0.05957,0.032736,0.0,0.0,0.081316,0.042925,0.048903,0.0,0.0,0.030957,0.0,0.061895,0.063594,0.0,0.04251,0.04839,0.084786,0.0,0.01618,0.0,0.0,0.0,0.077183,0.0,0.056094,0.037878,0.0,0.019992,0.0,0.0,0.0,0.0,0.0,0.022032,0.032363,0.004321
2024-09-10,0.08184,0.0,0.0,0.0,0.054118,0.0,0.0,0.059562,0.032412,0.0,0.0,0.081157,0.042413,0.048401,0.0,0.0,0.030958,0.0,0.061816,0.063813,0.0,0.042528,0.048295,0.085038,0.0,0.016322,0.0,0.0,0.0,0.078166,0.0,0.056244,0.037945,0.0,0.019871,0.0,0.0,0.0,0.0,0.0,0.022011,0.032773,0.004314
2024-09-11,0.081264,0.0,0.0,0.0,0.053964,0.0,0.0,0.059602,0.033148,0.0,0.0,0.081422,0.042175,0.047856,0.0,0.0,0.030985,0.0,0.06191,0.063406,0.0,0.042836,0.047802,0.085227,0.0,0.017065,0.0,0.0,0.0,0.077944,0.0,0.056104,0.038174,0.0,0.020235,0.0,0.0,0.0,0.0,0.0,0.022049,0.032521,0.004311
2024-09-12,0.081948,0.0,0.0,0.0,0.054126,0.0,0.0,0.05954,0.033067,0.0,0.0,0.081955,0.041766,0.047547,0.0,0.0,0.030852,0.0,0.061735,0.064016,0.0,0.042393,0.047522,0.084395,0.0,0.016787,0.0,0.0,0.0,0.077338,0.0,0.056409,0.039379,0.0,0.020588,0.0,0.0,0.0,0.0,0.0,0.021821,0.032556,0.00426
2024-09-13,0.081846,0.0,0.0,0.0,0.054012,0.0,0.0,0.05888,0.032681,0.0,0.0,0.0817,0.041359,0.048092,0.0,0.0,0.030771,0.0,0.061506,0.065092,0.0,0.042766,0.047254,0.084501,0.0,0.016871,0.0,0.0,0.0,0.077159,0.0,0.05625,0.039951,0.0,0.020551,0.0,0.0,0.0,0.0,0.0,0.021643,0.032907,0.004207
2024-09-16,0.081493,0.0,0.0,0.0,0.053842,0.0,0.0,0.058948,0.032574,0.0,0.0,0.082254,0.041744,0.048515,0.0,0.0,0.030816,0.0,0.06185,0.065247,0.0,0.04264,0.047266,0.084835,0.0,0.016585,0.0,0.0,0.0,0.077134,0.0,0.056039,0.039876,0.0,0.020699,0.0,0.0,0.0,0.0,0.0,0.021696,0.031755,0.004192
2024-09-17,0.081847,0.0,0.0,0.0,0.054022,0.0,0.0,0.058697,0.032369,0.0,0.0,0.082143,0.04191,0.048808,0.0,0.0,0.030943,0.0,0.061885,0.065686,0.0,0.042443,0.046754,0.084657,0.0,0.016583,0.0,0.0,0.0,0.076493,0.0,0.055654,0.039666,0.0,0.02074,0.0,0.0,0.0,0.0,0.0,0.021662,0.032851,0.004187
2024-09-18,0.081754,0.0,0.0,0.0,0.054009,0.0,0.0,0.058631,0.032321,0.0,0.0,0.082412,0.041951,0.049201,0.0,0.0,0.031043,0.0,0.061873,0.065865,0.0,0.042557,0.046765,0.084357,0.0,0.016467,0.0,0.0,0.0,0.076711,0.0,0.05545,0.038802,0.0,0.020934,0.0,0.0,0.0,0.0,0.0,0.021688,0.033003,0.004204
2024-09-19,0.081864,0.0,0.0,0.0,0.054145,0.0,0.0,0.058217,0.032879,0.0,0.0,0.082298,0.04179,0.049676,0.0,0.0,0.031112,0.0,0.061881,0.066454,0.0,0.042603,0.045803,0.082626,0.0,0.016915,0.0,0.0,0.0,0.075595,0.0,0.055481,0.039423,0.0,0.021364,0.0,0.0,0.0,0.0,0.0,0.021462,0.034268,0.004143
2024-09-20,0.081419,0.0,0.0,0.0,0.054187,0.0,0.0,0.058908,0.032575,0.0,0.0,0.082383,0.041805,0.048916,0.0,0.0,0.030925,0.0,0.061506,0.064975,0.0,0.042306,0.046072,0.084894,0.0,0.016685,0.0,0.0,0.0,0.075372,0.0,0.056244,0.039913,0.0,0.021254,0.0,0.0,0.0,0.0,0.0,0.021442,0.03407,0.004148
2024-09-23,0.08164,0.0,0.0,0.0,0.0545,0.0,0.0,0.059112,0.032675,0.0,0.0,0.082264,0.041601,0.048568,0.0,0.0,0.031019,0.0,0.061815,0.065278,0.0,0.041152,0.046169,0.085421,0.0,0.016688,0.0,0.0,0.0,0.07584,0.0,0.056146,0.039164,0.0,0.021317,0.0,0.0,0.0,0.0,0.0,0.021302,0.034195,0.004134
2024-09-24,0.081221,0.0,0.0,0.0,0.055551,0.0,0.0,0.058431,0.033484,0.0,0.0,0.082076,0.040965,0.047603,0.0,0.0,0.031023,0.0,0.062222,0.06476,0.0,0.040667,0.045736,0.084222,0.0,0.016772,0.0,0.0,0.0,0.075417,0.0,0.056533,0.040837,0.0,0.022675,0.0,0.0,0.0,0.0,0.0,0.02118,0.034522,0.004105
2024-09-25,0.081669,0.0,0.0,0.0,0.055737,0.0,0.0,0.058776,0.033519,0.0,0.0,0.082231,0.040925,0.047224,0.0,0.0,0.031034,0.0,0.062118,0.063975,0.0,0.040475,0.045851,0.085093,0.0,0.016973,0.0,0.0,0.0,0.075292,0.0,0.05674,0.040596,0.0,0.022385,0.0,0.0,0.0,0.0,0.0,0.021223,0.034038,0.004126
2024-09-26,0.081383,0.0,0.0,0.0,0.056865,0.0,0.0,0.058555,0.034074,0.0,0.0,0.082022,0.040801,0.047256,0.0,0.0,0.030936,0.0,0.062889,0.063777,0.0,0.040327,0.045583,0.083823,0.0,0.017437,0.0,0.0,0.0,0.074003,0.0,0.056565,0.040543,0.0,0.023377,0.0,0.0,0.0,0.0,0.0,0.02108,0.034609,0.004094
2024-09-27,0.081429,0.0,0.0,0.0,0.056955,0.0,0.0,0.0584,0.033493,0.0,0.0,0.082395,0.040858,0.047231,0.0,0.0,0.030934,0.0,0.062687,0.064652,0.0,0.040366,0.045598,0.08453,0.0,0.017135,0.0,0.0,0.0,0.073988,0.0,0.056033,0.03993,0.0,0.023179,0.0,0.0,0.0,0.0,0.0,0.021085,0.035034,0.004088
2024-09-30,0.069026,0.062683,0.0,0.0,0.033356,0.012336,0.0,0.047008,0.025469,0.0,0.0,0.075401,0.042426,0.042338,0.0,0.0,0.075295,0.0,0.0,0.048607,0.060265,0.0,0.075482,0.075443,0.0,0.0,0.0,0.0,0.0,0.075359,0.0,0.065542,0.019071,0.044278,0.021578,0.0,0.0,0.0,0.0,0.0,0.025632,0.0,0.003404
2024-10-01,0.068822,0.062139,0.0,0.0,0.033312,0.01287,0.0,0.046842,0.025361,0.0,0.0,0.075645,0.042306,0.041263,0.0,0.0,0.075519,0.0,0.0,0.048904,0.060096,0.0,0.075413,0.076238,0.0,0.0,0.0,0.0,0.0,0.075056,0.0,0.066393,0.019232,0.0434,0.022006,0.0,0.0,0.0,0.0,0.0,0.025768,0.0,0.003413
2024-10-02,0.068933,0.061952,0.0,0.0,0.033883,0.013722,0.0,0.046711,0.025407,0.0,0.0,0.07542,0.042358,0.041196,0.0,0.0,0.075389,0.0,0.0,0.048453,0.059982,0.0,0.074784,0.076284,0.0,0.0,0.0,0.0,0.0,0.074801,0.0,0.066414,0.019517,0.043439,0.022229,0.0,0.0,0.0,0.0,0.0,0.025713,0.0,0.003413
2024-10-03,0.069003,0.061607,0.0,0.0,0.033903,0.013438,0.0,0.046436,0.025581,0.0,0.0,0.075604,0.042381,0.041495,0.0,0.0,0.075447,0.0,0.0,0.048604,0.059791,0.0,0.074473,0.076706,0.0,0.0,0.0,0.0,0.0,0.074556,0.0,0.06676,0.019788,0.04373,0.021504,0.0,0.0,0.0,0.0,0.0,0.025757,0.0,0.003435
2024-10-04,0.068918,0.061775,0.0,0.0,0.033902,0.013891,0.0,0.046123,0.025573,0.0,0.0,0.076236,0.042981,0.042146,0.0,0.0,0.075766,0.0,0.0,0.047586,0.059674,0.0,0.074516,0.076374,0.0,0.0,0.0,0.0,0.0,0.073994,0.0,0.066444,0.019821,0.043337,0.021927,0.0,0.0,0.0,0.0,0.0,0.02559,0.0,0.003425
2024-10-07,0.06966,0.0618,0.0,0.0,0.034481,0.014634,0.0,0.045578,0.025691,0.0,0.0,0.075689,0.042722,0.04217,0.0,0.0,0.07606,0.0,0.0,0.047814,0.059787,0.0,0.074242,0.07509,0.0,0.0,0.0,0.0,0.0,0.073805,0.0,0.066638,0.019655,0.043268,0.022135,0.0,0.0,0.0,0.0,0.0,0.025635,0.0,0.003448
2024-10-08,0.069602,0.061796,0.0,0.0,0.033752,0.013065,0.0,0.046443,0.026027,0.0,0.0,0.076428,0.043009,0.042154,0.0,0.0,0.076301,0.0,0.0,0.04822,0.060169,0.0,0.074681,0.075199,0.0,0.0,0.0,0.0,0.0,0.074024,0.0,0.06621,0.019048,0.043567,0.021152,0.0,0.0,0.0,0.0,0.0,0.025701,0.0,0.003451
2024-10-09,0.069853,0.061867,0.0,0.0,0.033557,0.012727,0.0,0.04654,0.025954,0.0,0.0,0.076266,0.043301,0.042527,0.0,0.0,0.076793,0.0,0.0,0.048225,0.060634,0.0,0.074948,0.074372,0.0,0.0,0.0,0.0,0.0,0.07392,0.0,0.065687,0.018899,0.043854,0.021036,0.0,0.0,0.0,0.0,0.0,0.025596,0.0,0.003443
2024-10-10,0.069993,0.061818,0.0,0.0,0.033651,0.012846,0.0,0.046442,0.026065,0.0,0.0,0.075859,0.043259,0.042543,0.0,0.0,0.07656,0.0,0.0,0.047613,0.060535,0.0,0.074774,0.074301,0.0,0.0,0.0,0.0,0.0,0.073417,0.0,0.066308,0.019292,0.044273,0.02139,0.0,0.0,0.0,0.0,0.0,0.025608,0.0,0.003451
2024-10-11,0.069732,0.061598,0.0,0.0,0.033571,0.012792,0.0,0.046063,0.02612,0.0,0.0,0.075641,0.043665,0.043391,0.0,0.0,0.077171,0.0,0.0,0.04745,0.060386,0.0,0.074458,0.074226,0.0,0.0,0.0,0.0,0.0,0.073526,0.0,0.066381,0.019388,0.044183,0.021447,0.0,0.0,0.0,0.0,0.0,0.025392,0.0,0.003418
2024-10-14,0.069771,0.061546,0.0,0.0,0.033353,0.012483,0.0,0.045977,0.026145,0.0,0.0,0.075678,0.043755,0.043643,0.0,0.0,0.077313,0.0,0.0,0.04825,0.060469,0.0,0.074449,0.074851,0.0,0.0,0.0,0.0,0.0,0.073662,0.0,0.065998,0.019133,0.043746,0.021035,0.0,0.0,0.0,0.0,0.0,0.025339,0.0,0.003405
2024-10-15,0.069636,0.060717,0.0,0.0,0.03281,0.011883,0.0,0.04578,0.02581,0.0,0.0,0.075943,0.043906,0.044108,0.0,0.0,0.076818,0.0,0.0,0.04863,0.059808,0.0,0.075019,0.075285,0.0,0.0,0.0,0.0,0.0,0.074648,0.0,0.066313,0.019272,0.044108,0.020656,0.0,0.0,0.0,0.0,0.0,0.025441,0.0,0.00341
2024-10-16,0.06903,0.060452,0.0,0.0,0.032789,0.011975,0.0,0.04556,0.025969,0.0,0.0,0.075462,0.044196,0.044478,0.0,0.0,0.076974,0.0,0.0,0.049005,0.059636,0.0,0.074539,0.076343,0.0,0.0,0.0,0.0,0.0,0.075039,0.0,0.066267,0.019296,0.043419,0.02082,0.0,0.0,0.0,0.0,0.0,0.025359,0.0,0.00339
2024-10-17,0.06961,0.060676,0.0,0.0,0.032778,0.011682,0.0,0.045107,0.026737,0.0,0.0,0.075297,0.04443,0.04495,0.0,0.0,0.076948,0.0,0.0,0.048725,0.05944,0.0,0.074393,0.075858,0.0,0.0,0.0,0.0,0.0,0.074636,0.0,0.066833,0.019332,0.043428,0.020477,0.0,0.0,0.0,0.0,0.0,0.025262,0.0,0.0034
2024-10-18,0.069254,0.060792,0.0,0.0,0.032937,0.012128,0.0,0.045031,0.026555,0.0,0.0,0.075431,0.044192,0.044137,0.0,0.0,0.076751,0.0,0.0,0.049034,0.059396,0.0,0.074141,0.075871,0.0,0.0,0.0,0.0,0.0,0.074773,0.0,0.067167,0.020389,0.042732,0.02073,0.0,0.0,0.0,0.0,0.0,0.025179,0.0,0.003381
2024-10-21,0.069422,0.060742,0.0,0.0,0.032775,0.012104,0.0,0.045166,0.026602,0.0,0.0,0.075868,0.044268,0.043302,0.0,0.0,0.077228,0.0,0.0,0.047802,0.059271,0.0,0.074237,0.076312,0.0,0.0,0.0,0.0,0.0,0.074024,0.0,0.067809,0.020729,0.043081,0.020672,0.0,0.0,0.0,0.0,0.0,0.025174,0.0,0.003414
2024-10-22,0.069515,0.060562,0.0,0.0,0.032855,0.012232,0.0,0.044735,0.026756,0.0,0.0,0.07605,0.044226,0.043729,0.0,0.0,0.076367,0.0,0.0,0.046246,0.059243,0.0,0.074728,0.076115,0.0,0.0,0.0,0.0,0.0,0.074205,0.0,0.068607,0.021348,0.042953,0.020971,0.0,0.0,0.0,0.0,0.0,0.025141,0.0,0.003418
2024-10-23,0.069337,0.060406,0.0,0.0,0.032834,0.012208,0.0,0.044802,0.02644,0.0,0.0,0.075764,0.044359,0.043873,0.0,0.0,0.076438,0.0,0.0,0.046286,0.059191,0.0,0.07487,0.077141,0.0,0.0,0.0,0.0,0.0,0.075035,0.0,0.068042,0.020735,0.043016,0.020648,0.0,0.0,0.0,0.0,0.0,0.025144,0.0,0.003431
2024-10-24,0.069387,0.060716,0.0,0.0,0.032681,0.012124,0.0,0.044781,0.026456,0.0,0.0,0.076057,0.044416,0.044085,0.0,0.0,0.075945,0.0,0.0,0.046807,0.058827,0.0,0.074802,0.076677,0.0,0.0,0.0,0.0,0.0,0.075231,0.0,0.068595,0.02073,0.042369,0.020624,0.0,0.0,0.0,0.0,0.0,0.025257,0.0,0.003433
2024-10-25,0.070096,0.06071,0.0,0.0,0.032943,0.012211,0.0,0.044419,0.026908,0.0,0.0,0.076601,0.044128,0.043487,0.0,0.0,0.076092,0.0,0.0,0.046315,0.058774,0.0,0.074521,0.075887,0.0,0.0,0.0,0.0,0.0,0.074866,0.0,0.069053,0.020785,0.042615,0.020765,0.0,0.0,0.0,0.0,0.0,0.025373,0.0,0.00345
2024-10-28,0.069701,0.060957,0.0,0.0,0.032861,0.01232,0.0,0.044556,0.026376,0.0,0.0,0.076684,0.044442,0.044474,0.0,0.0,0.075915,0.0,0.0,0.046513,0.058551,0.0,0.074265,0.076079,0.0,0.0,0.0,0.0,0.0,0.074705,0.0,0.068691,0.020743,0.042732,0.020739,0.0,0.0,0.0,0.0,0.0,0.025264,0.0,0.003432
2024-10-29,0.069845,0.060647,0.0,0.0,0.032892,0.012242,0.0,0.044763,0.026403,0.0,0.0,0.077666,0.044317,0.04443,0.0,0.0,0.07607,0.0,0.0,0.045338,0.058586,0.0,0.073782,0.074705,0.0,0.0,0.0,0.0,0.0,0.074418,0.0,0.069674,0.02126,0.043373,0.020739,0.0,0.0,0.0,0.0,0.0,0.025408,0.0,0.003444
2024-10-30,0.06994,0.060192,0.0,0.0,0.032559,0.012098,0.0,0.04458,0.026119,0.0,0.0,0.078171,0.044535,0.04482,0.0,0.0,0.075973,0.0,0.0,0.04545,0.058501,0.0,0.073694,0.074558,0.0,0.0,0.0,0.0,0.0,0.074778,0.0,0.070087,0.020876,0.043734,0.0205,0.0,0.0,0.0,0.0,0.0,0.025391,0.0,0.003445
2024-10-31,0.075501,0.0,0.0,0.0,0.075628,0.042541,0.0,0.028623,0.013494,0.0,0.052264,0.075545,0.048562,0.036259,0.0,0.0,0.075774,0.0,0.0,0.051028,0.0,0.0,0.075559,0.075786,0.02059,0.0,0.0,0.0,0.0,0.075731,0.0,0.071104,0.013238,0.0,0.0,0.0,0.0,0.0,0.042394,0.018465,0.027427,0.0,0.004486
2024-11-01,0.076031,0.0,0.0,0.0,0.076259,0.042757,0.0,0.028655,0.013644,0.0,0.053135,0.075871,0.048749,0.035981,0.0,0.0,0.075907,0.0,0.0,0.051019,0.0,0.0,0.075617,0.074128,0.020753,0.0,0.0,0.0,0.0,0.074925,0.0,0.070841,0.013124,0.0,0.0,0.0,0.0,0.0,0.042414,0.018371,0.02733,0.0,0.004488
2024-11-04,0.075678,0.0,0.0,0.0,0.076602,0.043059,0.0,0.028351,0.013738,0.0,0.05293,0.075585,0.048352,0.035701,0.0,0.0,0.07579,0.0,0.0,0.051755,0.0,0.0,0.075793,0.073215,0.020728,0.0,0.0,0.0,0.0,0.075714,0.0,0.070912,0.013158,0.0,0.0,0.0,0.0,0.0,0.042515,0.0185,0.027437,0.0,0.004487
2024-11-05,0.075371,0.0,0.0,0.0,0.076569,0.043579,0.0,0.028262,0.013764,0.0,0.053257,0.075557,0.048249,0.035861,0.0,0.0,0.076185,0.0,0.0,0.052326,0.0,0.0,0.07541,0.073473,0.020782,0.0,0.0,0.0,0.0,0.07585,0.0,0.070267,0.013062,0.0,0.0,0.0,0.0,0.0,0.04215,0.018378,0.02721,0.0,0.004437
2024-11-06,0.075983,0.0,0.0,0.0,0.074978,0.042173,0.0,0.02831,0.013519,0.0,0.054665,0.076999,0.050908,0.039922,0.0,0.0,0.078744,0.0,0.0,0.050941,0.0,0.0,0.073781,0.072323,0.021259,0.0,0.0,0.0,0.0,0.073837,0.0,0.067766,0.012415,0.0,0.0,0.0,0.0,0.0,0.041998,0.018088,0.026977,0.0,0.004412
2024-11-07,0.076277,0.0,0.0,0.0,0.07605,0.044076,0.0,0.027971,0.013748,0.0,0.054902,0.077354,0.049666,0.0383,0.0,0.0,0.077614,0.0,0.0,0.050946,0.0,0.0,0.073429,0.071846,0.021448,0.0,0.0,0.0,0.0,0.074096,0.0,0.068278,0.012606,0.0,0.0,0.0,0.0,0.0,0.041824,0.018149,0.027043,0.0,0.004377
2024-11-08,0.076253,0.0,0.0,0.0,0.074269,0.041635,0.0,0.02766,0.01358,0.0,0.055649,0.076933,0.050085,0.038484,0.0,0.0,0.078402,0.0,0.0,0.051371,0.0,0.0,0.074278,0.073181,0.021413,0.0,0.0,0.0,0.0,0.075159,0.0,0.067776,0.012326,0.0,0.0,0.0,0.0,0.0,0.041868,0.018201,0.027102,0.0,0.004376
2024-11-11,0.07647,0.0,0.0,0.0,0.073665,0.041591,0.0,0.027716,0.013265,0.0,0.056701,0.077268,0.050734,0.039528,0.0,0.0,0.07891,0.0,0.0,0.051489,0.0,0.0,0.073928,0.073293,0.021268,0.0,0.0,0.0,0.0,0.074689,0.0,0.066103,0.01209,0.0,0.0,0.0,0.0,0.0,0.041769,0.018144,0.027012,0.0,0.00437
2024-11-12,0.076622,0.0,0.0,0.0,0.072937,0.040631,0.0,0.027613,0.013216,0.0,0.05649,0.078378,0.051075,0.039679,0.0,0.0,0.078997,0.0,0.0,0.050528,0.0,0.0,0.074733,0.07316,0.021503,0.0,0.0,0.0,0.0,0.074375,0.0,0.066172,0.012251,0.0,0.0,0.0,0.0,0.0,0.042007,0.018155,0.027064,0.0,0.004413
2024-11-13,0.076699,0.0,0.0,0.0,0.072629,0.040579,0.0,0.027358,0.013239,0.0,0.05702,0.078475,0.051149,0.039418,0.0,0.0,0.079229,0.0,0.0,0.050562,0.0,0.0,0.075018,0.073091,0.021446,0.0,0.0,0.0,0.0,0.074848,0.0,0.06556,0.012061,0.0,0.0,0.0,0.0,0.0,0.042053,0.018102,0.027048,0.0,0.004417
2024-11-14,0.077002,0.0,0.0,0.0,0.072917,0.040401,0.0,0.027541,0.013167,0.0,0.056448,0.078717,0.051231,0.039263,0.0,0.0,0.078222,0.0,0.0,0.051137,0.0,0.0,0.075149,0.073146,0.021463,0.0,0.0,0.0,0.0,0.074489,0.0,0.065665,0.012199,0.0,0.0,0.0,0.0,0.0,0.04214,0.018173,0.027093,0.0,0.004437
2024-11-15,0.076197,0.0,0.0,0.0,0.073008,0.040617,0.0,0.027473,0.01317,0.0,0.056229,0.077507,0.05171,0.039481,0.0,0.0,0.078168,0.0,0.0,0.050858,0.0,0.0,0.074837,0.074591,0.021029,0.0,0.0,0.0,0.0,0.074879,0.0,0.065856,0.012151,0.0,0.0,0.0,0.0,0.0,0.042333,0.018267,0.027181,0.0,0.004458
2024-11-18,0.076065,0.0,0.0,0.0,0.073168,0.040918,0.0,0.027425,0.013154,0.0,0.056383,0.07777,0.051532,0.039168,0.0,0.0,0.077559,0.0,0.0,0.050429,0.0,0.0,0.074877,0.074757,0.020961,0.0,0.0,0.0,0.0,0.074937,0.0,0.066678,0.012428,0.0,0.0,0.0,0.0,0.0,0.04214,0.018183,0.027039,0.0,0.004429
2024-11-19,0.075862,0.0,0.0,0.0,0.073214,0.040537,0.0,0.027524,0.013277,0.0,0.056311,0.078121,0.051088,0.038906,0.0,0.0,0.077336,0.0,0.0,0.050241,0.0,0.0,0.074828,0.075082,0.02109,0.0,0.0,0.0,0.0,0.075149,0.0,0.067139,0.012455,0.0,0.0,0.0,0.0,0.0,0.042119,0.018185,0.027113,0.0,0.004422
2024-11-20,0.075544,0.0,0.0,0.0,0.072723,0.040824,0.0,0.027582,0.013153,0.0,0.056118,0.0787,0.050985,0.038801,0.0,0.0,0.077496,0.0,0.0,0.050385,0.0,0.0,0.074521,0.075194,0.021093,0.0,0.0,0.0,0.0,0.075129,0.0,0.067584,0.012292,0.0,0.0,0.0,0.0,0.0,0.04215,0.018159,0.027143,0.0,0.004426
2024-11-21,0.075904,0.0,0.0,0.0,0.072288,0.04024,0.0,0.027186,0.013093,0.0,0.055867,0.078009,0.051311,0.03915,0.0,0.0,0.077978,0.0,0.0,0.050476,0.0,0.0,0.07486,0.076025,0.021175,0.0,0.0,0.0,0.0,0.075212,0.0,0.067723,0.01219,0.0,0.0,0.0,0.0,0.0,0.041903,0.018025,0.026986,0.0,0.004399
2024-11-22,0.075681,0.0,0.0,0.0,0.071889,0.039075,0.0,0.027557,0.013138,0.0,0.056345,0.07739,0.051584,0.039796,0.0,0.0,0.078607,0.0,0.0,0.050972,0.0,0.0,0.075116,0.07518,0.021063,0.0,0.0,0.0,0.0,0.075341,0.0,0.0682,0.012305,0.0,0.0,0.0,0.0,0.0,0.04165,0.017937,0.026797,0.0,0.004376
2024-11-25,0.075733,0.0,0.0,0.0,0.071685,0.038762,0.0,0.027724,0.013018,0.0,0.056588,0.077333,0.051615,0.040288,0.0,0.0,0.078633,0.0,0.0,0.053251,0.0,0.0,0.075086,0.074876,0.020939,0.0,0.0,0.0,0.0,0.075942,0.0,0.065802,0.011872,0.0,0.0,0.0,0.0,0.0,0.041562,0.018054,0.026889,0.0,0.004349
2024-11-26,0.075697,0.0,0.0,0.0,0.071376,0.038513,0.0,0.027627,0.012883,0.0,0.056771,0.077589,0.051696,0.039887,0.0,0.0,0.078696,0.0,0.0,0.052106,0.0,0.0,0.075367,0.07604,0.021035,0.0,0.0,0.0,0.0,0.076216,0.0,0.065904,0.01194,0.0,0.0,0.0,0.0,0.0,0.041468,0.018001,0.026841,0.0,0.004348
2024-11-27,0.075679,0.0,0.0,0.0,0.071339,0.03942,0.0,0.027686,0.012668,0.0,0.056426,0.077603,0.051738,0.039745,0.0,0.0,0.078316,0.0,0.0,0.052055,0.0,0.0,0.075435,0.075952,0.020727,0.0,0.0,0.0,0.0,0.076618,0.0,0.065975,0.011776,0.0,0.0,0.0,0.0,0.0,0.041545,0.018046,0.026904,0.0,0.004344
2024-11-28,0.075886,0.0,0.0,0.0,0.070972,0.039427,0.0,0.027691,0.012671,0.0,0.056437,0.077618,0.051748,0.039753,0.0,0.0,0.078331,0.0,0.0,0.052065,0.0,0.0,0.075449,0.075967,0.020731,0.0,0.0,0.0,0.0,0.076632,0.0,0.065988,0.011779,0.0,0.0,0.0,0.0,0.0,0.041553,0.018049,0.026909,0.0,0.004346
2024-11-29,0.081486,0.0,0.0,0.0,0.041741,0.040626,0.0,0.0,0.050936,0.0,0.081505,0.081556,0.052202,0.039498,0.0,0.0,0.046773,0.0,0.0,0.024579,0.0,0.0,0.0,0.081521,0.016937,0.0,0.049501,0.0247,0.0,0.081215,0.0,0.052496,0.039264,0.0,0.0,0.0,0.0,0.0,0.080062,0.0,0.0,0.024847,0.008555
2024-12-02,0.081815,0.0,0.0,0.0,0.04194,0.040768,0.0,0.0,0.052049,0.0,0.082399,0.082411,0.051798,0.03924,0.0,0.0,0.046532,0.0,0.0,0.024538,0.0,0.0,0.0,0.079949,0.017136,0.0,0.049658,0.024986,0.0,0.08021,0.0,0.052153,0.039168,0.0,0.0,0.0,0.0,0.0,0.080211,0.0,0.0,0.024463,0.008574
2024-12-03,0.081931,0.0,0.0,0.0,0.042082,0.040907,0.0,0.0,0.05223,0.0,0.082304,0.083043,0.051391,0.038879,0.0,0.0,0.046221,0.0,0.0,0.024485,0.0,0.0,0.0,0.079228,0.017191,0.0,0.050069,0.025012,0.0,0.079773,0.0,0.052237,0.039843,0.0,0.0,0.0,0.0,0.0,0.080179,0.0,0.0,0.024424,0.008571
2024-12-04,0.081942,0.0,0.0,0.0,0.041997,0.040283,0.0,0.0,0.05253,0.0,0.082619,0.082783,0.05092,0.038758,0.0,0.0,0.046171,0.0,0.0,0.023828,0.0,0.0,0.0,0.078789,0.017411,0.0,0.051733,0.025399,0.0,0.079127,0.0,0.052112,0.039977,0.0,0.0,0.0,0.0,0.0,0.079936,0.0,0.0,0.025158,0.008527
2024-12-05,0.08222,0.0,0.0,0.0,0.042336,0.040572,0.0,0.0,0.052667,0.0,0.083361,0.082659,0.051113,0.038603,0.0,0.0,0.045647,0.0,0.0,0.023548,0.0,0.0,0.0,0.079097,0.017336,0.0,0.051148,0.025294,0.0,0.078999,0.0,0.051767,0.040051,0.0,0.0,0.0,0.0,0.0,0.079929,0.0,0.0,0.025119,0.008534
2024-12-06,0.082032,0.0,0.0,0.0,0.042148,0.040816,0.0,0.0,0.05227,0.0,0.084875,0.083183,0.050958,0.038602,0.0,0.0,0.045402,0.0,0.0,0.023486,0.0,0.0,0.0,0.077896,0.017355,0.0,0.051708,0.025452,0.0,0.078661,0.0,0.05164,0.039505,0.0,0.0,0.0,0.0,0.0,0.079833,0.0,0.0,0.025667,0.008512
2024-12-09,0.081946,0.0,0.0,0.0,0.043193,0.044063,0.0,0.0,0.052422,0.0,0.084759,0.081559,0.050352,0.038087,0.0,0.0,0.04509,0.0,0.0,0.02372,0.0,0.0,0.0,0.077058,0.017273,0.0,0.050729,0.025147,0.0,0.079026,0.0,0.052247,0.040599,0.0,0.0,0.0,0.0,0.0,0.079877,0.0,0.0,0.024325,0.008527
2024-12-10,0.082024,0.0,0.0,0.0,0.042642,0.042307,0.0,0.0,0.051777,0.0,0.085376,0.083306,0.050625,0.038161,0.0,0.0,0.045233,0.0,0.0,0.023305,0.0,0.0,0.0,0.076931,0.017129,0.0,0.050257,0.025027,0.0,0.078319,0.0,0.053233,0.040842,0.0,0.0,0.0,0.0,0.0,0.080368,0.0,0.0,0.024561,0.008577
2024-12-11,0.081915,0.0,0.0,0.0,0.042431,0.041752,0.0,0.0,0.051949,0.0,0.086348,0.084154,0.050419,0.038127,0.0,0.0,0.044855,0.0,0.0,0.022984,0.0,0.0,0.0,0.075985,0.017272,0.0,0.050729,0.025241,0.0,0.077663,0.0,0.053415,0.040664,0.0,0.0,0.0,0.0,0.0,0.0799,0.0,0.0,0.025672,0.008526
2024-12-12,0.082222,0.0,0.0,0.0,0.04266,0.041996,0.0,0.0,0.051878,0.0,0.086115,0.084786,0.05048,0.037926,0.0,0.0,0.044819,0.0,0.0,0.022809,0.0,0.0,0.0,0.076374,0.017272,0.0,0.050556,0.025375,0.0,0.077977,0.0,0.052928,0.039711,0.0,0.0,0.0,0.0,0.0,0.08013,0.0,0.0,0.025411,0.008575
2024-12-13,0.082039,0.0,0.0,0.0,0.042677,0.041589,0.0,0.0,0.052615,0.0,0.086739,0.084047,0.050604,0.037909,0.0,0.0,0.044848,0.0,0.0,0.022539,0.0,0.0,0.0,0.076672,0.017403,0.0,0.050208,0.025777,0.0,0.078007,0.0,0.052459,0.039204,0.0,0.0,0.0,0.0,0.0,0.080159,0.0,0.0,0.025901,0.008604
2024-12-16,0.082035,0.0,0.0,0.0,0.042401,0.040858,0.0,0.0,0.052302,0.0,0.087696,0.084163,0.050386,0.038019,0.0,0.0,0.044776,0.0,0.0,0.022238,0.0,0.0,0.0,0.075872,0.017533,0.0,0.050623,0.026302,0.0,0.07754,0.0,0.052455,0.039178,0.0,0.0,0.0,0.0,0.0,0.080111,0.0,0.0,0.026926,0.008584
2024-12-17,0.082102,0.0,0.0,0.0,0.042364,0.041564,0.0,0.0,0.052325,0.0,0.088314,0.083856,0.050224,0.037377,0.0,0.0,0.044538,0.0,0.0,0.022126,0.0,0.0,0.0,0.07585,0.017495,0.0,0.050359,0.026109,0.0,0.077467,0.0,0.052457,0.039344,0.0,0.0,0.0,0.0,0.0,0.080251,0.0,0.0,0.02726,0.008617
2024-12-18,0.084395,0.0,0.0,0.0,0.043578,0.041993,0.0,0.0,0.052653,0.0,0.086728,0.083776,0.050104,0.036509,0.0,0.0,0.044509,0.0,0.0,0.021823,0.0,0.0,0.0,0.076163,0.017411,0.0,0.049462,0.025615,0.0,0.07638,0.0,0.052912,0.039065,0.0,0.0,0.0,0.0,0.0,0.081682,0.0,0.0,0.026377,0.008865
2024-12-19,0.082741,0.0,0.0,0.0,0.043172,0.042511,0.0,0.0,0.053359,0.0,0.08706,0.083978,0.050544,0.036499,0.0,0.0,0.044682,0.0,0.0,0.02137,0.0,0.0,0.0,0.076906,0.01752,0.0,0.04991,0.025776,0.0,0.075588,0.0,0.053262,0.038785,0.0,0.0,0.0,0.0,0.0,0.082022,0.0,0.0,0.025404,0.008912
2024-12-20,0.082474,0.0,0.0,0.0,0.042734,0.042443,0.0,0.0,0.053221,0.0,0.086439,0.083621,0.0508,0.036732,0.0,0.0,0.04477,0.0,0.0,0.021389,0.0,0.0,0.0,0.077379,0.017611,0.0,0.050427,0.025822,0.0,0.076121,0.0,0.053299,0.03899,0.0,0.0,0.0,0.0,0.0,0.081741,0.0,0.0,0.025159,0.008828
2024-12-23,0.082016,0.0,0.0,0.0,0.042792,0.042569,0.0,0.0,0.054153,0.0,0.08661,0.083989,0.050868,0.036765,0.0,0.0,0.044712,0.0,0.0,0.021361,0.0,0.0,0.0,0.077561,0.017778,0.0,0.050033,0.025948,0.0,0.076338,0.0,0.052992,0.03905,0.0,0.0,0.0,0.0,0.0,0.081436,0.0,0.0,0.02421,0.00882
2024-12-24,0.081896,0.0,0.0,0.0,0.042583,0.042554,0.0,0.0,0.053576,0.0,0.087802,0.084008,0.050996,0.036736,0.0,0.0,0.044649,0.0,0.0,0.021264,0.0,0.0,0.0,0.077275,0.017798,0.0,0.050144,0.025962,0.0,0.076141,0.0,0.052611,0.038736,0.0,0.0,0.0,0.0,0.0,0.080948,0.0,0.0,0.025581,0.00874
2024-12-26,0.081951,0.0,0.0,0.0,0.042612,0.04269,0.0,0.0,0.053128,0.0,0.087535,0.083954,0.051155,0.036964,0.0,0.0,0.044713,0.0,0.0,0.021274,0.0,0.0,0.0,0.077145,0.017821,0.0,0.050066,0.026079,0.0,0.076397,0.0,0.053002,0.038934,0.0,0.0,0.0,0.0,0.0,0.081209,0.0,0.0,0.024627,0.008745
2024-12-27,0.082595,0.0,0.0,0.0,0.042726,0.042709,0.0,0.0,0.053473,0.0,0.08678,0.083877,0.051188,0.036819,0.0,0.0,0.044736,0.0,0.0,0.021219,0.0,0.0,0.0,0.077541,0.017726,0.0,0.049696,0.025982,0.0,0.076238,0.0,0.053061,0.038697,0.0,0.0,0.0,0.0,0.0,0.081581,0.0,0.0,0.024538,0.008818
2024-12-30,0.082477,0.0,0.0,0.0,0.042664,0.042592,0.0,0.0,0.053322,0.0,0.086094,0.083685,0.051115,0.036971,0.0,0.0,0.044654,0.0,0.0,0.021285,0.0,0.0,0.0,0.077855,0.017645,0.0,0.049452,0.025902,0.0,0.076489,0.0,0.05333,0.038537,0.0,0.0,0.0,0.0,0.0,0.082373,0.0,0.0,0.024666,0.008893
2024-12-31,0.039209,0.0,0.0,0.053247,0.0,0.029705,0.0,0.0,0.0,0.0,0.086176,0.086271,0.048448,0.048278,0.0,0.0,0.068097,0.028382,0.0,0.085881,0.0,0.0,0.029762,0.086175,0.0,0.0,0.06254,0.024307,0.0,0.08614,0.0,0.08057,0.0,0.0,0.0,0.0,0.0,0.0,0.0,0.0,0.0,0.040959,0.015853
2025-01-02,0.039044,0.0,0.0,0.054519,0.0,0.029154,0.0,0.0,0.0,0.0,0.084989,0.086636,0.048297,0.047761,0.0,0.0,0.067817,0.028406,0.0,0.084723,0.0,0.0,0.029653,0.086781,0.0,0.0,0.062369,0.024406,0.0,0.085323,0.0,0.081614,0.0,0.0,0.0,0.0,0.0,0.0,0.0,0.0,0.0,0.042658,0.01585
2025-01-03,0.038817,0.0,0.0,0.053848,0.0,0.029137,0.0,0.0,0.0,0.0,0.085967,0.086425,0.048262,0.04799,0.0,0.0,0.067964,0.028546,0.0,0.085027,0.0,0.0,0.029384,0.086953,0.0,0.0,0.062801,0.024425,0.0,0.085704,0.0,0.080279,0.0,0.0,0.0,0.0,0.0,0.0,0.0,0.0,0.0,0.042757,0.015714
2025-01-06,0.039415,0.0,0.0,0.054147,0.0,0.028626,0.0,0.0,0.0,0.0,0.086224,0.087278,0.048067,0.047962,0.0,0.0,0.067752,0.028756,0.0,0.084691,0.0,0.0,0.029049,0.085901,0.0,0.0,0.062872,0.024561,0.0,0.084522,0.0,0.080104,0.0,0.0,0.0,0.0,0.0,0.0,0.0,0.0,0.0,0.044371,0.0157
2025-01-07,0.039433,0.0,0.0,0.054224,0.0,0.028696,0.0,0.0,0.0,0.0,0.085471,0.087242,0.048478,0.048072,0.0,0.0,0.068418,0.02908,0.0,0.084437,0.0,0.0,0.029261,0.086615,0.0,0.0,0.061996,0.024479,0.0,0.084625,0.0,0.081428,0.0,0.0,0.0,0.0,0.0,0.0,0.0,0.0,0.0,0.042171,0.015873
2025-01-08,0.039205,0.0,0.0,0.054004,0.0,0.028491,0.0,0.0,0.0,0.0,0.085691,0.086703,0.048625,0.048068,0.0,0.0,0.068669,0.029072,0.0,0.085404,0.0,0.0,0.029306,0.08657,0.0,0.0,0.061986,0.024587,0.0,0.084825,0.0,0.08184,0.0,0.0,0.0,0.0,0.0,0.0,0.0,0.0,0.0,0.041081,0.015871
2025-01-09,0.039196,0.0,0.0,0.054046,0.0,0.02849,0.0,0.0,0.0,0.0,0.085688,0.086699,0.048623,0.048067,0.0,0.0,0.068667,0.029071,0.0,0.0854,0.0,0.0,0.029305,0.086567,0.0,0.0,0.061984,0.024586,0.0,0.084822,0.0,0.081837,0.0,0.0,0.0,0.0,0.0,0.0,0.0,0.0,0.0,0.04108,0.015871
2025-01-10,0.039083,0.0,0.0,0.054186,0.0,0.028072,0.0,0.0,0.0,0.0,0.085935,0.086502,0.048059,0.04722,0.0,0.0,0.068767,0.029266,0.0,0.084712,0.0,0.0,0.029282,0.087181,0.0,0.0,0.06152,0.024657,0.0,0.083814,0.0,0.083679,0.0,0.0,0.0,0.0,0.0,0.0,0.0,0.0,0.0,0.041989,0.016075
2025-01-13,0.038866,0.0,0.0,0.054045,0.0,0.028129,0.0,0.0,0.0,0.0,0.08628,0.086397,0.048325,0.047706,0.0,0.0,0.06946,0.029307,0.0,0.085977,0.0,0.0,0.029284,0.086025,0.0,0.0,0.060883,0.024493,0.0,0.084704,0.0,0.082711,0.0,0.0,0.0,0.0,0.0,0.0,0.0,0.0,0.0,0.041357,0.01605
2025-01-14,0.038693,0.0,0.0,0.053674,0.0,0.028437,0.0,0.0,0.0,0.0,0.085193,0.085189,0.048401,0.048755,0.0,0.0,0.06953,0.029229,0.0,0.087535,0.0,0.0,0.028979,0.086223,0.0,0.0,0.060888,0.0244,0.0,0.084563,0.0,0.082257,0.0,0.0,0.0,0.0,0.0,0.0,0.0,0.0,0.0,0.042174,0.01588
2025-01-15,0.038587,0.0,0.0,0.053857,0.0,0.028287,0.0,0.0,0.0,0.0,0.085979,0.085219,0.048849,0.049235,0.0,0.0,0.068863,0.029077,0.0,0.088335,0.0,0.0,0.028424,0.086103,0.0,0.0,0.061008,0.024391,0.0,0.083702,0.0,0.081562,0.0,0.0,0.0,0.0,0.0,0.0,0.0,0.0,0.0,0.042888,0.015633
2025-01-16,0.038621,0.0,0.0,0.053746,0.0,0.028081,0.0,0.0,0.0,0.0,0.084946,0.084174,0.048849,0.048611,0.0,0.0,0.069235,0.029295,0.0,0.088423,0.0,0.0,0.028446,0.087693,0.0,0.0,0.060713,0.024252,0.0,0.084868,0.0,0.081581,0.0,0.0,0.0,0.0,0.0,0.0,0.0,0.0,0.0,0.042938,0.015528
2025-01-17,0.038652,0.0,0.0,0.053681,0.0,0.028459,0.0,0.0,0.0,0.0,0.085539,0.084317,0.048919,0.048924,0.0,0.0,0.069166,0.028839,0.0,0.088156,0.0,0.0,0.028411,0.087206,0.0,0.0,0.06088,0.024095,0.0,0.084223,0.0,0.080584,0.0,0.0,0.0,0.0,0.0,0.0,0.0,0.0,0.0,0.044527,0.015423
2025-01-20,0.038843,0.0,0.0,0.053555,0.0,0.028457,0.0,0.0,0.0,0.0,0.085533,0.084311,0.048915,0.048921,0.0,0.0,0.069161,0.028837,0.0,0.08815,0.0,0.0,0.028408,0.087199,0.0,0.0,0.060876,0.024093,0.0,0.084216,0.0,0.080578,0.0,0.0,0.0,0.0,0.0,0.0,0.0,0.0,0.0,0.044523,0.015426
2025-01-21,0.038488,0.0,0.0,0.053221,0.0,0.028326,0.0,0.0,0.0,0.0,0.085212,0.084136,0.048781,0.048917,0.0,0.0,0.069805,0.028999,0.0,0.087148,0.0,0.0,0.028227,0.087563,0.0,0.0,0.061184,0.024372,0.0,0.084851,0.0,0.080926,0.0,0.0,0.0,0.0,0.0,0.0,0.0,0.0,0.0,0.044586,0.015256
2025-01-22,0.038899,0.0,0.0,0.053295,0.0,0.02827,0.0,0.0,0.0,0.0,0.085089,0.085174,0.048664,0.048571,0.0,0.0,0.069804,0.028885,0.0,0.087767,0.0,0.0,0.028154,0.085871,0.0,0.0,0.062626,0.024695,0.0,0.083568,0.0,0.081531,0.0,0.0,0.0,0.0,0.0,0.0,0.0,0.0,0.0,0.043842,0.015291
2025-01-23,0.03885,0.0,0.0,0.053183,0.0,0.028163,0.0,0.0,0.0,0.0,0.085389,0.085184,0.048821,0.048332,0.0,0.0,0.070334,0.029099,0.0,0.087596,0.0,0.0,0.028186,0.086061,0.0,0.0,0.062578,0.024549,0.0,0.083972,0.0,0.081212,0.0,0.0,0.0,0.0,0.0,0.0,0.0,0.0,0.0,0.043231,0.015257
2025-01-24,0.038965,0.0,0.0,0.05286,0.0,0.028786,0.0,0.0,0.0,0.0,0.084658,0.08574,0.048844,0.048437,0.0,0.0,0.069862,0.029015,0.0,0.086566,0.0,0.0,0.028261,0.08672,0.0,0.0,0.062159,0.02451,0.0,0.084051,0.0,0.081514,0.0,0.0,0.0,0.0,0.0,0.0,0.0,0.0,0.0,0.04383,0.01522
2025-01-27,0.038336,0.0,0.0,0.052319,0.0,0.029039,0.0,0.0,0.0,0.0,0.085261,0.086307,0.049452,0.049099,0.0,0.0,0.069024,0.029512,0.0,0.088833,0.0,0.0,0.029067,0.084833,0.0,0.0,0.061216,0.024026,0.0,0.085293,0.0,0.080781,0.0,0.0,0.0,0.0,0.0,0.0,0.0,0.0,0.0,0.042357,0.015244
2025-01-28,0.038596,0.0,0.0,0.052644,0.0,0.029472,0.0,0.0,0.0,0.0,0.085455,0.086818,0.049418,0.049026,0.0,0.0,0.068641,0.029168,0.0,0.087108,0.0,0.0,0.028644,0.083753,0.0,0.0,0.062997,0.024692,0.0,0.084352,0.0,0.081566,0.0,0.0,0.0,0.0,0.0,0.0,0.0,0.0,0.0,0.042385,0.015265
2025-01-29,0.038783,0.0,0.0,0.053069,0.0,0.029451,0.0,0.0,0.0,0.0,0.085416,0.087413,0.049498,0.049052,0.0,0.0,0.068572,0.029125,0.0,0.085886,0.0,0.0,0.028782,0.08413,0.0,0.0,0.062241,0.024574,0.0,0.083438,0.0,0.081449,0.0,0.0,0.0,0.0,0.0,0.0,0.0,0.0,0.0,0.04382,0.015302
2025-01-30,0.038513,0.0,0.0,0.053085,0.0,0.029865,0.0,0.0,0.0,0.0,0.085375,0.086609,0.049463,0.04905,0.0,0.0,0.068633,0.02832,0.0,0.087174,0.0,0.0,0.028771,0.08501,0.0,0.0,0.061179,0.024697,0.0,0.08364,0.0,0.081841,0.0,0.0,0.0,0.0,0.0,0.0,0.0,0.0,0.0,0.043631,0.015146
2025-01-31,0.015741,0.0,0.0,0.066037,0.0,0.039493,0.0,0.0,0.0,0.0,0.072643,0.072798,0.066427,0.01563,0.0,0.0,0.0,0.0,0.0,0.0,0.0,0.0,0.048779,0.04503,0.0,0.0,0.030521,0.042885,0.0,0.024606,0.0,0.072357,0.0,0.073058,0.0,0.0,0.040219,0.04147,0.041095,0.040931,0.07267,0.073067,0.004543
2025-02-03,0.015496,0.0,0.0,0.065579,0.0,0.0393,0.0,0.0,0.0,0.0,0.071821,0.073095,0.066283,0.015365,0.0,0.0,0.0,0.0,0.0,0.0,0.0,0.0,0.049065,0.04536,0.0,0.0,0.030461,0.042726,0.0,0.024601,0.0,0.072884,0.0,0.073305,0.0,0.0,0.040325,0.041646,0.041122,0.041075,0.072924,0.073014,0.004552
2025-02-04,0.01555,0.0,0.0,0.065329,0.0,0.040178,0.0,0.0,0.0,0.0,0.072468,0.073548,0.065947,0.015575,0.0,0.0,0.0,0.0,0.0,0.0,0.0,0.0,0.048517,0.044837,0.0,0.0,0.030917,0.04323,0.0,0.024553,0.0,0.0734,0.0,0.073342,0.0,0.0,0.040314,0.0416,0.041139,0.041043,0.072981,0.070992,0.00454
2025-02-05,0.015545,0.0,0.0,0.065479,0.0,0.039419,0.0,0.0,0.0,0.0,0.071495,0.072685,0.066503,0.01572,0.0,0.0,0.0,0.0,0.0,0.0,0.0,0.0,0.048717,0.045193,0.0,0.0,0.031047,0.043841,0.0,0.024845,0.0,0.0737,0.0,0.073558,0.0,0.0,0.040463,0.041697,0.041161,0.041242,0.073238,0.069919,0.004532
2025-02-06,0.015635,0.0,0.0,0.066022,0.0,0.039911,0.0,0.0,0.0,0.0,0.071698,0.072915,0.066981,0.015845,0.0,0.0,0.0,0.0,0.0,0.0,0.0,0.0,0.048883,0.04509,0.0,0.0,0.031092,0.043533,0.0,0.02488,0.0,0.073423,0.0,0.072974,0.0,0.0,0.04037,0.041577,0.041052,0.04112,0.073092,0.069379,0.004527
2025-02-07,0.01562,0.0,0.0,0.065675,0.0,0.040579,0.0,0.0,0.0,0.0,0.070595,0.073069,0.066892,0.015737,0.0,0.0,0.0,0.0,0.0,0.0,0.0,0.0,0.049017,0.04519,0.0,0.0,0.031041,0.044048,0.0,0.024904,0.0,0.073867,0.0,0.072994,0.0,0.0,0.040408,0.041643,0.041098,0.041115,0.073121,0.06884,0.004547
2025-02-10,0.015554,0.0,0.0,0.065651,0.0,0.041339,0.0,0.0,0.0,0.0,0.070353,0.072895,0.06591,0.015461,0.0,0.0,0.0,0.0,0.0,0.0,0.0,0.0,0.048983,0.045369,0.0,0.0,0.031353,0.044548,0.0,0.024723,0.0,0.074605,0.0,0.073337,0.0,0.0,0.040123,0.041378,0.040899,0.040846,0.072621,0.069536,0.004516
2025-02-11,0.015625,0.0,0.0,0.065528,0.0,0.041087,0.0,0.0,0.0,0.0,0.069773,0.073245,0.066285,0.015702,0.0,0.0,0.0,0.0,0.0,0.0,0.0,0.0,0.049612,0.045743,0.0,0.0,0.031133,0.044461,0.0,0.02491,0.0,0.074567,0.0,0.073568,0.0,0.0,0.040146,0.041497,0.041013,0.040883,0.072537,0.068155,0.004531
2025-02-12,0.015545,0.0,0.0,0.064718,0.0,0.042179,0.0,0.0,0.0,0.0,0.069778,0.073341,0.066069,0.015381,0.0,0.0,0.0,0.0,0.0,0.0,0.0,0.0,0.049587,0.045673,0.0,0.0,0.031034,0.044484,0.0,0.024685,0.0,0.074663,0.0,0.073797,0.0,0.0,0.039879,0.041258,0.040935,0.040672,0.072322,0.069465,0.004532
2025-02-13,0.015625,0.0,0.0,0.064449,0.0,0.041852,0.0,0.0,0.0,0.0,0.070304,0.073639,0.066017,0.015349,0.0,0.0,0.0,0.0,0.0,0.0,0.0,0.0,0.049754,0.04544,0.0,0.0,0.031308,0.044985,0.0,0.024749,0.0,0.074845,0.0,0.07383,0.0,0.0,0.039882,0.041183,0.040819,0.040687,0.07238,0.068403,0.0045
2025-02-14,0.015666,0.0,0.0,0.064399,0.0,0.043095,0.0,0.0,0.0,0.0,0.070181,0.073992,0.066058,0.015368,0.0,0.0,0.0,0.0,0.0,0.0,0.0,0.0,0.049194,0.045192,0.0,0.0,0.031293,0.044788,0.0,0.024603,0.0,0.073635,0.0,0.073681,0.0,0.0,0.039997,0.041204,0.040811,0.040792,0.072508,0.069046,0.004494
2025-02-17,0.015704,0.0,0.0,0.064606,0.0,0.043084,0.0,0.0,0.0,0.0,0.070163,0.073972,0.066041,0.015364,0.0,0.0,0.0,0.0,0.0,0.0,0.0,0.0,0.049181,0.04518,0.0,0.0,0.031284,0.044777,0.0,0.024597,0.0,0.073615,0.0,0.073661,0.0,0.0,0.039986,0.041193,0.0408,0.040781,0.072489,0.069028,0.004493
2025-02-18,0.015672,0.0,0.0,0.06481,0.0,0.043486,0.0,0.0,0.0,0.0,0.069927,0.073585,0.066474,0.015479,0.0,0.0,0.0,0.0,0.0,0.0,0.0,0.0,0.049329,0.045576,0.0,0.0,0.03158,0.045045,0.0,0.024692,0.0,0.074791,0.0,0.074168,0.0,0.0,0.039749,0.041037,0.040741,0.040592,0.072136,0.066639,0.004491
2025-02-19,0.01564,0.0,0.0,0.06471,0.0,0.043244,0.0,0.0,0.0,0.0,0.069835,0.073615,0.06645,0.015388,0.0,0.0,0.0,0.0,0.0,0.0,0.0,0.0,0.049689,0.045782,0.0,0.0,0.031003,0.044673,0.0,0.024693,0.0,0.074777,0.0,0.073694,0.0,0.0,0.039783,0.04109,0.040741,0.040584,0.072099,0.068022,0.004488
2025-02-20,0.015611,0.0,0.0,0.063894,0.0,0.044157,0.0,0.0,0.0,0.0,0.069403,0.07345,0.065591,0.015174,0.0,0.0,0.0,0.0,0.0,0.0,0.0,0.0,0.049615,0.045888,0.0,0.0,0.03051,0.044055,0.0,0.024871,0.0,0.074999,0.0,0.073089,0.0,0.0,0.039962,0.041274,0.040866,0.040782,0.072411,0.069899,0.0045
2025-02-21,0.015747,0.0,0.0,0.064351,0.0,0.045404,0.0,0.0,0.0,0.0,0.06819,0.073101,0.065362,0.014978,0.0,0.0,0.0,0.0,0.0,0.0,0.0,0.0,0.05065,0.046316,0.0,0.0,0.029736,0.042853,0.0,0.02485,0.0,0.075609,0.0,0.072775,0.0,0.0,0.040563,0.041732,0.041159,0.041296,0.073091,0.067697,0.00454
2025-02-24,0.015667,0.0,0.0,0.063721,0.0,0.043836,0.0,0.0,0.0,0.0,0.068256,0.073591,0.065957,0.014958,0.0,0.0,0.0,0.0,0.0,0.0,0.0,0.0,0.051045,0.046304,0.0,0.0,0.029505,0.042471,0.0,0.025066,0.0,0.07638,0.0,0.07174,0.0,0.0,0.040842,0.042023,0.041407,0.0416,0.073511,0.067554,0.004563
2025-02-25,0.015563,0.0,0.0,0.06327,0.0,0.044481,0.0,0.0,0.0,0.0,0.068299,0.072928,0.066333,0.015073,0.0,0.0,0.0,0.0,0.0,0.0,0.0,0.0,0.052075,0.046344,0.0,0.0,0.029197,0.042459,0.0,0.025524,0.0,0.075817,0.0,0.072243,0.0,0.0,0.041407,0.042449,0.041755,0.042165,0.074408,0.063621,0.00459
2025-02-26,0.015779,0.0,0.0,0.064222,0.0,0.045591,0.0,0.0,0.0,0.0,0.068029,0.072811,0.066201,0.015092,0.0,0.0,0.0,0.0,0.0,0.0,0.0,0.0,0.051087,0.046544,0.0,0.0,0.029609,0.042914,0.0,0.025421,0.0,0.075946,0.0,0.072416,0.0,0.0,0.041527,0.042491,0.04182,0.042261,0.074665,0.060983,0.004592
2025-02-27,0.015788,0.0,0.0,0.064753,0.0,0.045543,0.0,0.0,0.0,0.0,0.067575,0.072675,0.067089,0.01524,0.0,0.0,0.0,0.0,0.0,0.0,0.0,0.0,0.051482,0.045869,0.0,0.0,0.029052,0.042284,0.0,0.025723,0.0,0.075376,0.0,0.072151,0.0,0.0,0.041805,0.042774,0.04207,0.042414,0.074998,0.060709,0.004628
2025-02-28,0.030448,0.0,0.01483,0.076104,0.0,0.064113,0.0,0.0,0.0,0.0,0.094988,0.09443,0.059728,0.04683,0.0,0.0,0.064551,0.0,0.0,0.0,0.0,0.0,0.0,0.023172,0.0,0.0,0.03091,0.068489,0.0,0.0,0.0,0.090943,0.014749,0.094981,0.0,0.0,0.0,0.0,0.021627,0.0,0.0,0.094987,0.014117
2025-03-03,0.030949,0.0,0.015063,0.076249,0.0,0.063496,0.0,0.0,0.0,0.0,0.093686,0.093936,0.05951,0.046498,0.0,0.0,0.063939,0.0,0.0,0.0,0.0,0.0,0.0,0.023316,0.0,0.0,0.030472,0.068101,0.0,0.0,0.0,0.092586,0.015051,0.093853,0.0,0.0,0.0,0.0,0.021686,0.0,0.0,0.097423,0.014186
2025-03-04,0.030229,0.0,0.015057,0.073656,0.0,0.064955,0.0,0.0,0.0,0.0,0.092761,0.093928,0.05787,0.045128,0.0,0.0,0.063188,0.0,0.0,0.0,0.0,0.0,0.0,0.023118,0.0,0.0,0.030652,0.069709,0.0,0.0,0.0,0.094129,0.015301,0.095103,0.0,0.0,0.0,0.0,0.021855,0.0,0.0,0.099061,0.014299
2025-03-05,0.030064,0.0,0.015179,0.072144,0.0,0.067207,0.0,0.0,0.0,0.0,0.092897,0.093849,0.057418,0.044517,0.0,0.0,0.063316,0.0,0.0,0.0,0.0,0.0,0.0,0.022644,0.0,0.0,0.030763,0.069448,0.0,0.0,0.0,0.093047,0.015495,0.094531,0.0,0.0,0.0,0.0,0.02157,0.0,0.0,0.101804,0.014108
2025-03-06,0.030687,0.0,0.015237,0.073278,0.0,0.068361,0.0,0.0,0.0,0.0,0.091591,0.093234,0.057123,0.044339,0.0,0.0,0.063499,0.0,0.0,0.0,0.0,0.0,0.0,0.022431,0.0,0.0,0.029946,0.068368,0.0,0.0,0.0,0.093647,0.015632,0.095265,0.0,0.0,0.0,0.0,0.021737,0.0,0.0,0.101352,0.014271
2025-03-07,0.030201,0.0,0.015381,0.072133,0.0,0.068419,0.0,0.0,0.0,0.0,0.091548,0.093962,0.056901,0.044425,0.0,0.0,0.064329,0.0,0.0,0.0,0.0,0.0,0.0,0.022879,0.0,0.0,0.029981,0.069123,0.0,0.0,0.0,0.093825,0.015601,0.096158,0.0,0.0,0.0,0.0,0.021803,0.0,0.0,0.099039,0.014294
2025-03-10,0.030796,0.0,0.015461,0.073996,0.0,0.068142,0.0,0.0,0.0,0.0,0.090668,0.094097,0.05713,0.043869,0.0,0.0,0.065035,0.0,0.0,0.0,0.0,0.0,0.0,0.023756,0.0,0.0,0.02923,0.068138,0.0,0.0,0.0,0.095518,0.015763,0.099242,0.0,0.0,0.0,0.0,0.022308,0.0,0.0,0.09217,0.014681
2025-03-11,0.030302,0.0,0.015333,0.072327,0.0,0.069281,0.0,0.0,0.0,0.0,0.089581,0.092505,0.056517,0.043441,0.0,0.0,0.063894,0.0,0.0,0.0,0.0,0.0,0.0,0.023482,0.0,0.0,0.029447,0.06861,0.0,0.0,0.0,0.096423,0.016187,0.099059,0.0,0.0,0.0,0.0,0.02218,0.0,0.0,0.09678,0.014652
2025-03-12,0.030482,0.0,0.015559,0.072664,0.0,0.068785,0.0,0.0,0.0,0.0,0.089777,0.092631,0.056396,0.043732,0.0,0.0,0.063659,0.0,0.0,0.0,0.0,0.0,0.0,0.023325,0.0,0.0,0.029928,0.068716,0.0,0.0,0.0,0.096494,0.016269,0.09848,0.0,0.0,0.0,0.0,0.022125,0.0,0.0,0.09638,0.014597
2025-03-13,0.030448,0.0,0.015656,0.073018,0.0,0.069648,0.0,0.0,0.0,0.0,0.088412,0.091635,0.05665,0.043726,0.0,0.0,0.063639,0.0,0.0,0.0,0.0,0.0,0.0,0.023616,0.0,0.0,0.029225,0.067815,0.0,0.0,0.0,0.09919,0.016714,0.099615,0.0,0.0,0.0,0.0,0.022222,0.0,0.0,0.094025,0.014746
2025-03-14,0.030221,0.0,0.015595,0.072651,0.0,0.070261,0.0,0.0,0.0,0.0,0.08855,0.091514,0.056844,0.04411,0.0,0.0,0.063548,0.0,0.0,0.0,0.0,0.0,0.0,0.023612,0.0,0.0,0.02975,0.06872,0.0,0.0,0.0,0.097312,0.016375,0.097103,0.0,0.0,0.0,0.0,0.021892,0.0,0.0,0.097478,0.014464
2025-03-17,0.030215,0.0,0.015623,0.072652,0.0,0.071207,0.0,0.0,0.0,0.0,0.087921,0.091369,0.057014,0.04406,0.0,0.0,0.063867,0.0,0.0,0.0,0.0,0.0,0.0,0.023506,0.0,0.0,0.029882,0.069166,0.0,0.0,0.0,0.096992,0.016287,0.097718,0.0,0.0,0.0,0.0,0.021755,0.0,0.0,0.096429,0.014337
2025-03-18,0.030325,0.0,0.015683,0.072952,0.0,0.071326,0.0,0.0,0.0,0.0,0.086929,0.090691,0.057323,0.044303,0.0,0.0,0.063779,0.0,0.0,0.0,0.0,0.0,0.0,0.023498,0.0,0.0,0.02964,0.069203,0.0,0.0,0.0,0.098777,0.016416,0.098367,0.0,0.0,0.0,0.0,0.021861,0.0,0.0,0.094493,0.014434
2025-03-19,0.030146,0.0,0.015686,0.072896,0.0,0.070474,0.0,0.0,0.0,0.0,0.087612,0.09075,0.057311,0.044281,0.0,0.0,0.063908,0.0,0.0,0.0,0.0,0.0,0.0,0.023322,0.0,0.0,0.029773,0.06924,0.0,0.0,0.0,0.098081,0.016181,0.097239,0.0,0.0,0.0,0.0,0.021761,0.0,0.0,0.097063,0.014277
2025-03-20,0.030314,0.0,0.015685,0.073721,0.0,0.068879,0.0,0.0,0.0,0.0,0.087867,0.091034,0.057696,0.044284,0.0,0.0,0.063925,0.0,0.0,0.0,0.0,0.0,0.0,0.023541,0.0,0.0,0.029808,0.068461,0.0,0.0,0.0,0.098475,0.016135,0.097937,0.0,0.0,0.0,0.0,0.021846,0.0,0.0,0.09604,0.014354
2025-03-21,0.030292,0.0,0.015745,0.073337,0.0,0.067863,0.0,0.0,0.0,0.0,0.088507,0.092084,0.057697,0.044362,0.0,0.0,0.063816,0.0,0.0,0.0,0.0,0.0,0.0,0.023475,0.0,0.0,0.030092,0.068606,0.0,0.0,0.0,0.09804,0.015939,0.09771,0.0,0.0,0.0,0.0,0.021893,0.0,0.0,0.096134,0.014409
2025-03-24,0.030257,0.0,0.015466,0.073402,0.0,0.066763,0.0,0.0,0.0,0.0,0.090401,0.09194,0.057804,0.044844,0.0,0.0,0.063992,0.0,0.0,0.0,0.0,0.0,0.0,0.023104,0.0,0.0,0.030357,0.068633,0.0,0.0,0.0,0.09609,0.015661,0.09598,0.0,0.0,0.0,0.0,0.021616,0.0,0.0,0.099505,0.014185
2025-03-25,0.030247,0.0,0.015522,0.073301,0.0,0.065797,0.0,0.0,0.0,0.0,0.090801,0.092776,0.057922,0.04462,0.0,0.0,0.063861,0.0,0.0,0.0,0.0,0.0,0.0,0.022654,0.0,0.0,0.030554,0.069168,0.0,0.0,0.0,0.096172,0.015928,0.095963,0.0,0.0,0.0,0.0,0.021529,0.0,0.0,0.099053,0.014134
2025-03-26,0.030283,0.0,0.015443,0.073613,0.0,0.066325,0.0,0.0,0.0,0.0,0.090333,0.092724,0.058212,0.044804,0.0,0.0,0.063947,0.0,0.0,0.0,0.0,0.0,0.0,0.022987,0.0,0.0,0.030083,0.068511,0.0,0.0,0.0,0.096863,0.01603,0.09601,0.0,0.0,0.0,0.0,0.021614,0.0,0.0,0.097965,0.014254
2025-03-27,0.030189,0.0,0.015431,0.073179,0.0,0.067342,0.0,0.0,0.0,0.0,0.090444,0.092367,0.058131,0.044473,0.0,0.0,0.063645,0.0,0.0,0.0,0.0,0.0,0.0,0.022995,0.0,0.0,0.029586,0.067501,0.0,0.0,0.0,0.09822,0.016454,0.095561,0.0,0.0,0.0,0.0,0.021585,0.0,0.0,0.098634,0.014263
2025-03-28,0.030181,0.0,0.015391,0.072904,0.0,0.067035,0.0,0.0,0.0,0.0,0.089217,0.091262,0.058037,0.044356,0.0,0.0,0.063459,0.0,0.0,0.0,0.0,0.0,0.0,0.023583,0.0,0.0,0.029258,0.067423,0.0,0.0,0.0,0.100735,0.01658,0.097435,0.0,0.0,0.0,0.0,0.021937,0.0,0.0,0.096686,0.01452
2025-03-31,0.01586,0.032041,0.0,0.0,0.0,0.077033,0.0,0.0,0.0,0.0,0.059223,0.076982,0.060454,0.026115,0.013422,0.0,0.046613,0.0,0.0,0.0,0.0,0.0,0.0,0.026073,0.0,0.0,0.0,0.062635,0.0,0.0,0.026002,0.077052,0.0,0.077148,0.0,0.0,0.024471,0.061772,0.061145,0.02527,0.077198,0.069571,0.003919
2025-04-01,0.015963,0.031932,0.0,0.0,0.0,0.076784,0.0,0.0,0.0,0.0,0.059483,0.07657,0.06002,0.025847,0.01342,0.0,0.046596,0.0,0.0,0.0,0.0,0.0,0.0,0.025983,0.0,0.0,0.0,0.062775,0.0,0.0,0.02572,0.076441,0.0,0.078405,0.0,0.0,0.02441,0.061441,0.060921,0.025209,0.076983,0.0712,0.003896
2025-04-02,0.015937,0.031844,0.0,0.0,0.0,0.075779,0.0,0.0,0.0,0.0,0.06025,0.07638,0.060153,0.026077,0.013359,0.0,0.046753,0.0,0.0,0.0,0.0,0.0,0.0,0.025949,0.0,0.0,0.0,0.063313,0.0,0.0,0.025572,0.076139,0.0,0.078659,0.0,0.0,0.024241,0.06098,0.06068,0.025116,0.076489,0.072459,0.003874
2025-04-03,0.015872,0.032285,0.0,0.0,0.0,0.077238,0.0,0.0,0.0,0.0,0.058228,0.075057,0.058824,0.024366,0.012661,0.0,0.045486,0.0,0.0,0.0,0.0,0.0,0.0,0.026522,0.0,0.0,0.0,0.061908,0.0,0.0,0.025247,0.07784,0.0,0.08031,0.0,0.0,0.02519,0.063113,0.061637,0.025831,0.078203,0.070197,0.003985
2025-04-04,0.015602,0.031274,0.0,0.0,0.0,0.074622,0.0,0.0,0.0,0.0,0.05778,0.073379,0.056539,0.024208,0.011922,0.0,0.044206,0.0,0.0,0.0,0.0,0.0,0.0,0.025974,0.0,0.0,0.0,0.060293,0.0,0.0,0.024664,0.078836,0.0,0.080693,0.0,0.0,0.026197,0.065234,0.063009,0.026758,0.079919,0.074758,0.004132
2025-04-07,0.015385,0.031012,0.0,0.0,0.0,0.07026,0.0,0.0,0.0,0.0,0.058435,0.075201,0.057719,0.024669,0.012123,0.0,0.045031,0.0,0.0,0.0,0.0,0.0,0.0,0.026176,0.0,0.0,0.0,0.061888,0.0,0.0,0.023716,0.078949,0.0,0.080466,0.0,0.0,0.026491,0.065959,0.063931,0.026852,0.080471,0.071035,0.004231
2025-04-08,0.016056,0.031143,0.0,0.0,0.0,0.069659,0.0,0.0,0.0,0.0,0.057535,0.074785,0.057988,0.024596,0.011944,0.0,0.04504,0.0,0.0,0.0,0.0,0.0,0.0,0.026292,0.0,0.0,0.0,0.062147,0.0,0.0,0.023197,0.080058,0.0,0.080517,0.0,0.0,0.026583,0.066358,0.064181,0.026738,0.080581,0.070336,0.004266
2025-04-09,0.014715,0.031725,0.0,0.0,0.0,0.070192,0.0,0.0,0.0,0.0,0.060489,0.077169,0.059122,0.025028,0.012201,0.0,0.046496,0.0,0.0,0.0,0.0,0.0,0.0,0.02591,0.0,0.0,0.0,0.06492,0.0,0.0,0.024198,0.078711,0.0,0.078604,0.0,0.0,0.025124,0.063047,0.062481,0.025774,0.078368,0.07168,0.004046
2025-04-10,0.015757,0.031866,0.0,0.0,0.0,0.071329,0.0,0.0,0.0,0.0,0.059165,0.075835,0.058498,0.023975,0.011608,0.0,0.046107,0.0,0.0,0.0,0.0,0.0,0.0,0.026176,0.0,0.0,0.0,0.06436,0.0,0.0,0.024118,0.082076,0.0,0.079211,0.0,0.0,0.025414,0.063412,0.06256,0.02579,0.078225,0.070401,0.004118
2025-04-11,0.015551,0.032191,0.0,0.0,0.0,0.072664,0.0,0.0,0.0,0.0,0.058774,0.075245,0.058507,0.023664,0.011704,0.0,0.046163,0.0,0.0,0.0,0.0,0.0,0.0,0.026067,0.0,0.0,0.0,0.064245,0.0,0.0,0.024566,0.082292,0.0,0.079596,0.0,0.0,0.024863,0.062411,0.061735,0.025368,0.077236,0.073105,0.004052
2025-04-14,0.015917,0.032195,0.0,0.0,0.0,0.073414,0.0,0.0,0.0,0.0,0.058516,0.075197,0.058679,0.023897,0.01166,0.0,0.046305,0.0,0.0,0.0,0.0,0.0,0.0,0.026342,0.0,0.0,0.0,0.063971,0.0,0.0,0.024662,0.081228,0.0,0.078927,0.0,0.0,0.02488,0.062256,0.06159,0.02534,0.077473,0.073527,0.004024
2025-04-15,0.015979,0.032521,0.0,0.0,0.0,0.072853,0.0,0.0,0.0,0.0,0.058099,0.075391,0.058832,0.024227,0.011643,0.0,0.046079,0.0,0.0,0.0,0.0,0.0,0.0,0.026341,0.0,0.0,0.0,0.064588,0.0,0.0,0.02443,0.081659,0.0,0.078513,0.0,0.0,0.024956,0.062255,0.061762,0.025478,0.077716,0.072659,0.004021
2025-04-16,0.015933,0.032521,0.0,0.0,0.0,0.071675,0.0,0.0,0.0,0.0,0.056895,0.073658,0.058146,0.024254,0.011786,0.0,0.045632,0.0,0.0,0.0,0.0,0.0,0.0,0.026209,0.0,0.0,0.0,0.063703,0.0,0.0,0.024129,0.084657,0.0,0.079976,0.0,0.0,0.025165,0.062679,0.062004,0.025689,0.078057,0.073192,0.004041
2025-04-17,0.015744,0.032755,0.0,0.0,0.0,0.071637,0.0,0.0,0.0,0.0,0.057072,0.0739,0.058111,0.024339,0.012014,0.0,0.045736,0.0,0.0,0.0,0.0,0.0,0.0,0.026394,0.0,0.0,0.0,0.063032,0.0,0.0,0.024115,0.084019,0.0,0.080114,0.0,0.0,0.025014,0.062625,0.062168,0.025572,0.078012,0.073597,0.004028
2025-04-21,0.015836,0.032725,0.0,0.0,0.0,0.072201,0.0,0.0,0.0,0.0,0.055872,0.072658,0.057197,0.02414,0.011769,0.0,0.044971,0.0,0.0,0.0,0.0,0.0,0.0,0.02592,0.0,0.0,0.0,0.061808,0.0,0.0,0.024214,0.087123,0.0,0.08052,0.0,0.0,0.025025,0.062666,0.06216,0.025444,0.077557,0.076145,0.004051
2025-04-22,0.015583,0.032835,0.0,0.0,0.0,0.073152,0.0,0.0,0.0,0.0,0.056667,0.073295,0.058092,0.024503,0.011864,0.0,0.044984,0.0,0.0,0.0,0.0,0.0,0.0,0.026177,0.0,0.0,0.0,0.061865,0.0,0.0,0.024125,0.084436,0.0,0.080202,0.0,0.0,0.02462,0.061836,0.061348,0.025076,0.077038,0.07832,0.003983
2025-04-23,0.015784,0.032682,0.0,0.0,0.0,0.073651,0.0,0.0,0.0,0.0,0.05747,0.073874,0.058311,0.024754,0.011748,0.0,0.045183,0.0,0.0,0.0,0.0,0.0,0.0,0.026078,0.0,0.0,0.0,0.062751,0.0,0.0,0.024269,0.081753,0.0,0.079531,0.0,0.0,0.02445,0.061521,0.061163,0.024986,0.076758,0.079331,0.003952
2025-04-24,0.015693,0.032693,0.0,0.0,0.0,0.073161,0.0,0.0,0.0,0.0,0.057877,0.074404,0.058217,0.024869,0.011786,0.0,0.045615,0.0,0.0,0.0,0.0,0.0,0.0,0.025789,0.0,0.0,0.0,0.063949,0.0,0.0,0.02447,0.081899,0.0,0.079346,0.0,0.0,0.024272,0.06107,0.060936,0.024924,0.076601,0.078526,0.003904
2025-04-25,0.015725,0.032711,0.0,0.0,0.0,0.072814,0.0,0.0,0.0,0.0,0.058706,0.074604,0.057731,0.02457,0.011722,0.0,0.045448,0.0,0.0,0.0,0.0,0.0,0.0,0.025618,0.0,0.0,0.0,0.06432,0.0,0.0,0.024548,0.08072,0.0,0.079728,0.0,0.0,0.024277,0.060878,0.060771,0.024967,0.076631,0.079625,0.003889
2025-04-28,0.015751,0.032868,0.0,0.0,0.0,0.072606,0.0,0.0,0.0,0.0,0.058627,0.074761,0.057813,0.02466,0.011784,0.0,0.045521,0.0,0.0,0.0,0.0,0.0,0.0,0.025731,0.0,0.0,0.0,0.064426,0.0,0.0,0.024261,0.08173,0.0,0.079042,0.0,0.0,0.024332,0.060985,0.060698,0.024982,0.076585,0.078953,0.003883
2025-04-29,0.015802,0.032855,0.0,0.0,0.0,0.07219,0.0,0.0,0.0,0.0,0.058897,0.075121,0.05827,0.024823,0.011721,0.0,0.045704,0.0,0.0,0.0,0.0,0.0,0.0,0.025867,0.0,0.0,0.0,0.06521,0.0,0.0,0.024314,0.080736,0.0,0.077952,0.0,0.0,0.024357,0.06094,0.060711,0.024978,0.076498,0.07918,0.003874
2025-04-30,0.0,0.032952,0.014156,0.0,0.0,0.036951,0.0,0.0,0.0,0.0,0.0,0.054816,0.068836,0.020747,0.031433,0.0,0.0,0.0,0.0,0.0,0.012713,0.0,0.044468,0.020096,0.0,0.0,0.0,0.047613,0.0,0.0,0.0,0.073452,0.043114,0.087897,0.0,0.0,0.058032,0.058159,0.074715,0.041598,0.069861,0.104066,0.004324
2025-05-01,0.0,0.032847,0.01411,0.0,0.0,0.036914,0.0,0.0,0.0,0.0,0.0,0.055118,0.068848,0.020959,0.031561,0.0,0.0,0.0,0.0,0.0,0.012371,0.0,0.044098,0.020162,0.0,0.0,0.0,0.047688,0.0,0.0,0.0,0.071953,0.042824,0.087306,0.0,0.0,0.057801,0.057982,0.074839,0.041467,0.06992,0.106906,0.004325
2025-05-02,0.0,0.033313,0.014157,0.0,0.0,0.037967,0.0,0.0,0.0,0.0,0.0,0.055598,0.069802,0.021327,0.031807,0.0,0.0,0.0,0.0,0.0,0.012458,0.0,0.04404,0.020184,0.0,0.0,0.0,0.048122,0.0,0.0,0.0,0.071595,0.042146,0.087502,0.0,0.0,0.057027,0.057293,0.074565,0.041089,0.069265,0.106448,0.004296
2025-05-05,0.0,0.033424,0.014283,0.0,0.0,0.038027,0.0,0.0,0.0,0.0,0.0,0.055839,0.06949,0.0213,0.031294,0.0,0.0,0.0,0.0,0.0,0.012447,0.0,0.044089,0.020173,0.0,0.0,0.0,0.048444,0.0,0.0,0.0,0.073878,0.042751,0.087184,0.0,0.0,0.057037,0.057348,0.074682,0.041111,0.069261,0.103635,0.004305
2025-05-06,0.0,0.033181,0.014223,0.0,0.0,0.038237,0.0,0.0,0.0,0.0,0.0,0.055564,0.06877,0.020984,0.031154,0.0,0.0,0.0,0.0,0.0,0.012046,0.0,0.043805,0.020322,0.0,0.0,0.0,0.048272,0.0,0.0,0.0,0.075589,0.043617,0.087324,0.0,0.0,0.056911,0.05725,0.074273,0.040998,0.069219,0.103975,0.004285
2025-05-07,0.0,0.033102,0.014144,0.0,0.0,0.037367,0.0,0.0,0.0,0.0,0.0,0.055495,0.069217,0.021078,0.031185,0.0,0.0,0.0,0.0,0.0,0.012146,0.0,0.043901,0.020393,0.0,0.0,0.0,0.048351,0.0,0.0,0.0,0.074501,0.042589,0.087344,0.0,0.0,0.057096,0.057342,0.074384,0.041107,0.069532,0.105439,0.004287
2025-05-08,0.0,0.03282,0.014045,0.0,0.0,0.03772,0.0,0.0,0.0,0.0,0.0,0.055354,0.069449,0.021391,0.03144,0.0,0.0,0.0,0.0,0.0,0.011978,0.0,0.043633,0.020129,0.0,0.0,0.0,0.048368,0.0,0.0,0.0,0.072676,0.042337,0.087046,0.0,0.0,0.056374,0.056858,0.074001,0.0407,0.068915,0.110499,0.004267
2025-05-09,0.0,0.032943,0.01404,0.0,0.0,0.037471,0.0,0.0,0.0,0.0,0.0,0.054911,0.069249,0.021233,0.031665,0.0,0.0,0.0,0.0,0.0,0.011813,0.0,0.043255,0.020106,0.0,0.0,0.0,0.047806,0.0,0.0,0.0,0.072992,0.042702,0.087149,0.0,0.0,0.056253,0.056745,0.073834,0.040567,0.068823,0.112188,0.004256
2025-05-12,0.0,0.03289,0.01414,0.0,0.0,0.038598,0.0,0.0,0.0,0.0,0.0,0.055841,0.070385,0.022072,0.032368,0.0,0.0,0.0,0.0,0.0,0.012059,0.0,0.043156,0.019911,0.0,0.0,0.0,0.049148,0.0,0.0,0.0,0.070667,0.042299,0.086725,0.0,0.0,0.055684,0.056091,0.074286,0.040406,0.068961,0.110072,0.00424
2025-05-13,0.0,0.032812,0.013944,0.0,0.0,0.038101,0.0,0.0,0.0,0.0,0.0,0.056027,0.070224,0.022055,0.032614,0.0,0.0,0.0,0.0,0.0,0.011622,0.0,0.042304,0.019756,0.0,0.0,0.0,0.049301,0.0,0.0,0.0,0.070515,0.042454,0.087416,0.0,0.0,0.055288,0.055867,0.073942,0.040182,0.068581,0.112784,0.004212
2025-05-14,0.0,0.032947,0.013878,0.0,0.0,0.038977,0.0,0.0,0.0,0.0,0.0,0.05668,0.070482,0.022084,0.032625,0.0,0.0,0.0,0.0,0.0,0.011422,0.0,0.042347,0.019796,0.0,0.0,0.0,0.049302,0.0,0.0,0.0,0.069475,0.041756,0.087496,0.0,0.0,0.055435,0.056169,0.074146,0.040236,0.068793,0.111714,0.00424
2025-05-15,0.0,0.03308,0.013961,0.0,0.0,0.038031,0.0,0.0,0.0,0.0,0.0,0.056572,0.070537,0.021995,0.03257,0.0,0.0,0.0,0.0,0.0,0.011504,0.0,0.042962,0.020099,0.0,0.0,0.0,0.049516,0.0,0.0,0.0,0.070171,0.042023,0.087527,0.0,0.0,0.055471,0.056,0.073851,0.040287,0.068618,0.111009,0.004216
2025-05-16,0.0,0.033092,0.013969,0.0,0.0,0.037849,0.0,0.0,0.0,0.0,0.0,0.056842,0.070818,0.021982,0.032455,0.0,0.0,0.0,0.0,0.0,0.011712,0.0,0.043366,0.020353,0.0,0.0,0.0,0.049693,0.0,0.0,0.0,0.069181,0.041498,0.087157,0.0,0.0,0.055375,0.055983,0.073784,0.040279,0.068607,0.111799,0.004207
2025-05-19,0.0,0.033385,0.013929,0.0,0.0,0.037893,0.0,0.0,0.0,0.0,0.0,0.056673,0.070579,0.021828,0.031906,0.0,0.0,0.0,0.0,0.0,0.011778,0.0,0.04332,0.020359,0.0,0.0,0.0,0.049656,0.0,0.0,0.0,0.069795,0.041503,0.087574,0.0,0.0,0.055127,0.055767,0.073455,0.040124,0.068381,0.112777,0.004192
2025-05-20,0.0,0.033474,0.013955,0.0,0.0,0.038091,0.0,0.0,0.0,0.0,0.0,0.056314,0.069924,0.02166,0.031489,0.0,0.0,0.0,0.0,0.0,0.011761,0.0,0.043304,0.020339,0.0,0.0,0.0,0.049573,0.0,0.0,0.0,0.070819,0.042339,0.087455,0.0,0.0,0.054842,0.055468,0.073133,0.039871,0.06801,0.114004,0.004176
2025-05-21,0.0,0.033468,0.013895,0.0,0.0,0.038139,0.0,0.0,0.0,0.0,0.0,0.056177,0.068842,0.021003,0.031065,0.0,0.0,0.0,0.0,0.0,0.011547,0.0,0.043018,0.020069,0.0,0.0,0.0,0.049027,0.0,0.0,0.0,0.071704,0.043091,0.087995,0.0,0.0,0.054739,0.055448,0.073013,0.039627,0.067728,0.116207,0.004198
2025-05-22,0.0,0.033392,0.013894,0.0,0.0,0.037936,0.0,0.0,0.0,0.0,0.0,0.056,0.068693,0.020999,0.030915,0.0,0.0,0.0,0.0,0.0,0.011445,0.0,0.042798,0.019764,0.0,0.0,0.0,0.049576,0.0,0.0,0.0,0.071,0.042372,0.087021,0.0,0.0,0.054892,0.055558,0.073091,0.039791,0.067889,0.118782,0.004193
2025-05-23,0.0,0.033389,0.014041,0.0,0.0,0.038012,0.0,0.0,0.0,0.0,0.0,0.055826,0.068548,0.020942,0.031059,0.0,0.0,0.0,0.0,0.0,0.011444,0.0,0.043019,0.02003,0.0,0.0,0.0,0.049323,0.0,0.0,0.0,0.072662,0.043028,0.086322,0.0,0.0,0.055131,0.055691,0.07318,0.03988,0.068057,0.116216,0.0042
2025-05-26,0.0,0.033389,0.014041,0.0,0.0,0.038012,0.0,0.0,0.0,0.0,0.0,0.055826,0.068548,0.020942,0.031059,0.0,0.0,0.0,0.0,0.0,0.011444,0.0,0.043019,0.02003,0.0,0.0,0.0,0.049323,0.0,0.0,0.0,0.072662,0.043028,0.086322,0.0,0.0,0.055131,0.055691,0.07318,0.03988,0.068057,0.116216,0.004199
2025-05-27,0.0,0.033591,0.014326,0.0,0.0,0.03728,0.0,0.0,0.0,0.0,0.0,0.056404,0.069346,0.021306,0.031145,0.0,0.0,0.0,0.0,0.0,0.011536,0.0,0.043156,0.020063,0.0,0.0,0.0,0.049994,0.0,0.0,0.0,0.071014,0.042468,0.085407,0.0,0.0,0.055038,0.055525,0.073196,0.040006,0.068074,0.116951,0.004175
2025-05-28,0.0,0.033562,0.014196,0.0,0.0,0.03712,0.0,0.0,0.0,0.0,0.0,0.056898,0.0695,0.021178,0.031025,0.0,0.0,0.0,0.0,0.0,0.011579,0.0,0.043246,0.01996,0.0,0.0,0.0,0.049725,0.0,0.0,0.0,0.071487,0.042494,0.085247,0.0,0.0,0.055377,0.055893,0.073805,0.040266,0.068539,0.114688,0.004213
2025-05-29,0.0,0.033701,0.014263,0.0,0.0,0.037453,0.0,0.0,0.0,0.0,0.0,0.056386,0.069791,0.021337,0.031227,0.0,0.0,0.0,0.0,0.0,0.011646,0.0,0.04338,0.02008,0.0,0.0,0.0,0.049413,0.0,0.0,0.0,0.071843,0.042907,0.084688,0.0,0.0,0.055555,0.056,0.073846,0.040408,0.068709,0.113155,0.004211
2025-05-30,0.029649,0.072085,0.063116,0.0,0.032718,0.042254,0.026597,0.028289,0.0,0.0,0.0,0.060025,0.050595,0.0,0.0,0.0,0.0,0.0,0.0,0.0,0.0,0.0,0.060944,0.0,0.0,0.0,0.023221,0.057596,0.0,0.0,0.0,0.071418,0.0,0.072025,0.0,0.0,0.040411,0.040074,0.040573,0.040552,0.072145,0.072117,0.003595
2025-06-02,0.029591,0.07248,0.063628,0.0,0.032679,0.042425,0.026542,0.028289,0.0,0.0,0.0,0.060065,0.0504,0.0,0.0,0.0,0.0,0.0,0.0,0.0,0.0,0.0,0.060722,0.0,0.0,0.0,0.023188,0.057935,0.0,0.0,0.0,0.073006,0.0,0.071532,0.0,0.0,0.040103,0.039769,0.040394,0.040266,0.071811,0.071595,0.003581
2025-06-03,0.029798,0.071779,0.062782,0.0,0.032841,0.042773,0.026812,0.027955,0.0,0.0,0.0,0.059823,0.050439,0.0,0.0,0.0,0.0,0.0,0.0,0.0,0.0,0.0,0.060593,0.0,0.0,0.0,0.023394,0.058465,0.0,0.0,0.0,0.072274,0.0,0.071635,0.0,0.0,0.040018,0.039686,0.040423,0.040237,0.071958,0.07274,0.003576
2025-06-04,0.02986,0.072096,0.062602,0.0,0.033167,0.043496,0.026618,0.027873,0.0,0.0,0.0,0.060074,0.050043,0.0,0.0,0.0,0.0,0.0,0.0,0.0,0.0,0.0,0.060036,0.0,0.0,0.0,0.023301,0.05805,0.0,0.0,0.0,0.07258,0.0,0.072013,0.0,0.0,0.040223,0.039752,0.04041,0.040441,0.072069,0.071728,0.003568
2025-06-05,0.030002,0.07233,0.062156,0.0,0.033579,0.043751,0.026832,0.028069,0.0,0.0,0.0,0.060288,0.050015,0.0,0.0,0.0,0.0,0.0,0.0,0.0,0.0,0.0,0.05959,0.0,0.0,0.0,0.023321,0.058457,0.0,0.0,0.0,0.072373,0.0,0.073138,0.0,0.0,0.040193,0.039723,0.040413,0.040406,0.072053,0.069736,0.003577
2025-06-06,0.029887,0.072286,0.062313,0.0,0.033372,0.043551,0.026859,0.028353,0.0,0.0,0.0,0.060858,0.05047,0.0,0.0,0.0,0.0,0.0,0.0,0.0,0.0,0.0,0.059583,0.0,0.0,0.0,0.023537,0.058415,0.0,0.0,0.0,0.071166,0.0,0.073484,0.0,0.0,0.039741,0.03938,0.040274,0.040029,0.071704,0.071173,0.003565
2025-06-09,0.029835,0.072034,0.062189,0.0,0.033611,0.043873,0.026669,0.028424,0.0,0.0,0.0,0.06047,0.050019,0.0,0.0,0.0,0.0,0.0,0.0,0.0,0.0,0.0,0.059295,0.0,0.0,0.0,0.023488,0.057656,0.0,0.0,0.0,0.071252,0.0,0.072988,0.0,0.0,0.039674,0.039297,0.040154,0.040009,0.071636,0.073874,0.003553
2025-06-10,0.029797,0.072053,0.062051,0.0,0.033635,0.04394,0.026725,0.028391,0.0,0.0,0.0,0.061142,0.050001,0.0,0.0,0.0,0.0,0.0,0.0,0.0,0.0,0.0,0.059335,0.0,0.0,0.0,0.023397,0.057418,0.0,0.0,0.0,0.071164,0.0,0.072025,0.0,0.0,0.039681,0.039255,0.040188,0.040045,0.071841,0.07437,0.003548
2025-06-11,0.029938,0.071897,0.061812,0.0,0.034005,0.04403,0.027179,0.028398,0.0,0.0,0.0,0.06094,0.049892,0.0,0.0,0.0,0.0,0.0,0.0,0.0,0.0,0.0,0.059072,0.0,0.0,0.0,0.023353,0.05751,0.0,0.0,0.0,0.071476,0.0,0.071899,0.0,0.0,0.039806,0.03928,0.040137,0.040131,0.071981,0.07372,0.003544
2025-06-12,0.029877,0.072485,0.062198,0.0,0.033847,0.043928,0.027083,0.028096,0.0,0.0,0.0,0.06038,0.049838,0.0,0.0,0.0,0.0,0.0,0.0,0.0,0.0,0.0,0.059356,0.0,0.0,0.0,0.023604,0.057709,0.0,0.0,0.0,0.072286,0.0,0.071716,0.0,0.0,0.039936,0.03935,0.04014,0.040311,0.07203,0.07229,0.003541
2025-06-13,0.029982,0.071948,0.062173,0.0,0.033684,0.043464,0.027286,0.027924,0.0,0.0,0.0,0.060239,0.049206,0.0,0.0,0.0,0.0,0.0,0.0,0.0,0.0,0.0,0.059093,0.0,0.0,0.0,0.023618,0.057598,0.0,0.0,0.0,0.07381,0.0,0.072146,0.0,0.0,0.040102,0.039602,0.040334,0.040385,0.072137,0.071701,0.003568
2025-06-16,0.029917,0.071702,0.061856,0.0,0.033882,0.043777,0.027767,0.027995,0.0,0.0,0.0,0.060843,0.049419,0.0,0.0,0.0,0.0,0.0,0.0,0.0,0.0,0.0,0.058867,0.0,0.0,0.0,0.023702,0.057834,0.0,0.0,0.0,0.072248,0.0,0.072199,0.0,0.0,0.039706,0.03927,0.040132,0.040031,0.07171,0.073599,0.003544
2025-06-17,0.029934,0.071214,0.061594,0.0,0.03378,0.043659,0.027784,0.027835,0.0,0.0,0.0,0.060773,0.049516,0.0,0.0,0.0,0.0,0.0,0.0,0.0,0.0,0.0,0.05882,0.0,0.0,0.0,0.023719,0.058314,0.0,0.0,0.0,0.072845,0.0,0.072008,0.0,0.0,0.04021,0.039782,0.040397,0.04048,0.072321,0.071444,0.003572
2025-06-18,0.029966,0.071286,0.062355,0.0,0.033709,0.043322,0.027801,0.02786,0.0,0.0,0.0,0.060905,0.049579,0.0,0.0,0.0,0.0,0.0,0.0,0.0,0.0,0.0,0.058845,0.0,0.0,0.0,0.023634,0.058157,0.0,0.0,0.0,0.072574,0.0,0.071834,0.0,0.0,0.040303,0.039878,0.040526,0.040578,0.072395,0.070915,0.003579
2025-06-19,0.029594,0.071355,0.062415,0.0,0.03318,0.043364,0.027828,0.027887,0.0,0.0,0.0,0.060963,0.049627,0.0,0.0,0.0,0.0,0.0,0.0,0.0,0.0,0.0,0.058902,0.0,0.0,0.0,0.023657,0.058213,0.0,0.0,0.0,0.072644,0.0,0.071903,0.0,0.0,0.040342,0.039916,0.040565,0.040617,0.072465,0.070983,0.003582
2025-06-20,0.029934,0.07116,0.061515,0.0,0.033653,0.043161,0.027512,0.028037,0.0,0.0,0.0,0.060793,0.04993,0.0,0.0,0.0,0.0,0.0,0.0,0.0,0.0,0.0,0.05953,0.0,0.0,0.0,0.023516,0.057797,0.0,0.0,0.0,0.072853,0.0,0.071144,0.0,0.0,0.040501,0.040118,0.040827,0.040785,0.0728,0.070841,0.003594
2025-06-23,0.029766,0.071351,0.061371,0.0,0.033483,0.043409,0.027339,0.028082,0.0,0.0,0.0,0.061196,0.050258,0.0,0.0,0.0,0.0,0.0,0.0,0.0,0.0,0.0,0.059861,0.0,0.0,0.0,0.023656,0.058527,0.0,0.0,0.0,0.072642,0.0,0.070908,0.0,0.0,0.0404,0.039912,0.04066,0.040644,0.072574,0.070386,0.003573
2025-06-24,0.029999,0.071736,0.061503,0.0,0.034198,0.044218,0.02744,0.028115,0.0,0.0,0.0,0.061504,0.050613,0.0,0.0,0.0,0.0,0.0,0.0,0.0,0.0,0.0,0.059345,0.0,0.0,0.0,0.023843,0.058349,0.0,0.0,0.0,0.070945,0.0,0.069853,0.0,0.0,0.040226,0.039653,0.040456,0.040518,0.072443,0.071495,0.003545
2025-06-25,0.029983,0.071337,0.061285,0.0,0.034302,0.044212,0.027054,0.028235,0.0,0.0,0.0,0.061528,0.050476,0.0,0.0,0.0,0.0,0.0,0.0,0.0,0.0,0.0,0.058584,0.0,0.0,0.0,0.023795,0.058826,0.0,0.0,0.0,0.071202,0.0,0.069336,0.0,0.0,0.040266,0.039698,0.040469,0.040493,0.072446,0.072924,0.003548
2025-06-26,0.030055,0.071531,0.062218,0.0,0.034346,0.043964,0.027444,0.028434,0.0,0.0,0.0,0.061882,0.050555,0.0,0.0,0.0,0.0,0.0,0.0,0.0,0.0,0.0,0.058195,0.0,0.0,0.0,0.023864,0.058982,0.0,0.0,0.0,0.070712,0.0,0.069093,0.0,0.0,0.040176,0.039584,0.040351,0.040407,0.072247,0.072435,0.003528
2025-06-27,0.030312,0.072137,0.06327,0.0,0.034273,0.043645,0.027432,0.028488,0.0,0.0,0.0,0.062559,0.050661,0.0,0.0,0.0,0.0,0.0,0.0,0.0,0.0,0.0,0.058424,0.0,0.0,0.0,0.023641,0.058636,0.0,0.0,0.0,0.069375,0.0,0.06954,0.0,0.0,0.04004,0.039502,0.040299,0.040308,0.072127,0.071806,0.003525
2025-06-30,0.04624,0.05741,0.057195,0.0,0.052574,0.057344,0.049446,0.0,0.0,0.0,0.0,0.056896,0.043783,0.0,0.0,0.0,0.057378,0.0,0.0,0.0,0.0,0.0,0.057158,0.04604,0.0,0.0,0.0,0.057086,0.0,0.0,0.0,0.056571,0.0,0.057311,0.0,0.0,0.031909,0.031771,0.032297,0.032274,0.057177,0.057437,0.004703
2025-07-01,0.046346,0.057566,0.056886,0.0,0.052839,0.057633,0.049439,0.0,0.0,0.0,0.0,0.056602,0.044111,0.0,0.0,0.0,0.057681,0.0,0.0,0.0,0.0,0.0,0.057983,0.046288,0.0,0.0,0.0,0.056319,0.0,0.0,0.0,0.057187,0.0,0.056324,0.0,0.0,0.031912,0.031815,0.032319,0.032376,0.0574,0.056264,0.004712
2025-07-02,0.046362,0.057551,0.056734,0.0,0.052785,0.057167,0.049486,0.0,0.0,0.0,0.0,0.056258,0.043936,0.0,0.0,0.0,0.057554,0.0,0.0,0.0,0.0,0.0,0.057967,0.04574,0.0,0.0,0.0,0.056214,0.0,0.0,0.0,0.057318,0.0,0.056625,0.0,0.0,0.031743,0.031699,0.032276,0.032266,0.05716,0.058463,0.004697
2025-07-03,0.046594,0.057329,0.056651,0.0,0.053083,0.056686,0.050003,0.0,0.0,0.0,0.0,0.056378,0.044263,0.0,0.0,0.0,0.057849,0.0,0.0,0.0,0.0,0.0,0.057745,0.045929,0.0,0.0,0.0,0.057086,0.0,0.0,0.0,0.056737,0.0,0.056479,0.0,0.0,0.031527,0.031538,0.032188,0.032082,0.057068,0.058102,0.004683
2025-07-04,0.046384,0.057374,0.056694,0.0,0.052598,0.05673,0.050041,0.0,0.0,0.0,0.0,0.056421,0.044297,0.0,0.0,0.0,0.057894,0.0,0.0,0.0,0.0,0.0,0.057789,0.045965,0.0,0.0,0.0,0.05713,0.0,0.0,0.0,0.056781,0.0,0.056523,0.0,0.0,0.031551,0.031562,0.032213,0.032107,0.057112,0.058147,0.004687
2025-07-07,0.046641,0.057327,0.055691,0.0,0.052935,0.056984,0.049137,0.0,0.0,0.0,0.0,0.056231,0.044149,0.0,0.0,0.0,0.058056,0.0,0.0,0.0,0.0,0.0,0.058104,0.046351,0.0,0.0,0.0,0.057301,0.0,0.0,0.0,0.057182,0.0,0.056484,0.0,0.0,0.03165,0.031721,0.032307,0.032117,0.05718,0.057736,0.004717
2025-07-08,0.046549,0.057915,0.05601,0.0,0.05297,0.057553,0.049358,0.0,0.0,0.0,0.0,0.056152,0.043784,0.0,0.0,0.0,0.058079,0.0,0.0,0.0,0.0,0.0,0.057604,0.045889,0.0,0.0,0.0,0.057339,0.0,0.0,0.0,0.056622,0.0,0.056587,0.0,0.0,0.031624,0.031716,0.032284,0.032046,0.057038,0.058163,0.00472
2025-07-09,0.04656,0.058258,0.05589,0.0,0.052643,0.056771,0.048236,0.0,0.0,0.0,0.0,0.056094,0.043783,0.0,0.0,0.0,0.058271,0.0,0.0,0.0,0.0,0.0,0.05702,0.04615,0.0,0.0,0.0,0.057613,0.0,0.0,0.0,0.056667,0.0,0.056797,0.0,0.0,0.031672,0.031718,0.032255,0.032112,0.057232,0.059556,0.004703
2025-07-10,0.046793,0.058292,0.055654,0.0,0.05286,0.057259,0.047516,0.0,0.0,0.0,0.0,0.055944,0.044073,0.0,0.0,0.0,0.058639,0.0,0.0,0.0,0.0,0.0,0.057265,0.04656,0.0,0.0,0.0,0.055682,0.0,0.0,0.0,0.056833,0.0,0.056486,0.0,0.0,0.031677,0.031732,0.032245,0.03214,0.057185,0.060457,0.004706
2025-07-11,0.046662,0.057728,0.055303,0.0,0.052849,0.057291,0.047268,0.0,0.0,0.0,0.0,0.055675,0.043686,0.0,0.0,0.0,0.058526,0.0,0.0,0.0,0.0,0.0,0.057148,0.046569,0.0,0.0,0.0,0.054919,0.0,0.0,0.0,0.057474,0.0,0.056579,0.0,0.0,0.031583,0.031732,0.032258,0.031998,0.056982,0.063055,0.004715
2025-07-14,0.04655,0.057512,0.055162,0.0,0.052753,0.057729,0.046739,0.0,0.0,0.0,0.0,0.056039,0.04387,0.0,0.0,0.0,0.058651,0.0,0.0,0.0,0.0,0.0,0.057012,0.046604,0.0,0.0,0.0,0.055216,0.0,0.0,0.0,0.057078,0.0,0.056637,0.0,0.0,0.031467,0.03165,0.032178,0.031886,0.056804,0.063764,0.004701
2025-07-15,0.046721,0.057166,0.054921,0.0,0.053342,0.059235,0.047277,0.0,0.0,0.0,0.0,0.055796,0.043361,0.0,0.0,0.0,0.05854,0.0,0.0,0.0,0.0,0.0,0.056759,0.046419,0.0,0.0,0.0,0.055459,0.0,0.0,0.0,0.057161,0.0,0.056384,0.0,0.0,0.03152,0.031744,0.032262,0.03195,0.056968,0.062287,0.004727
2025-07-16,0.04623,0.057181,0.054946,0.0,0.053273,0.058813,0.047253,0.0,0.0,0.0,0.0,0.055733,0.043483,0.0,0.0,0.0,0.058504,0.0,0.0,0.0,0.0,0.0,0.056722,0.04625,0.0,0.0,0.0,0.055396,0.0,0.0,0.0,0.057209,0.0,0.05672,0.0,0.0,0.031476,0.03172,0.032213,0.031868,0.056776,0.063525,0.004708
2025-07-17,0.046534,0.057004,0.055007,0.0,0.053522,0.059003,0.047269,0.0,0.0,0.0,0.0,0.055703,0.043725,0.0,0.0,0.0,0.058808,0.0,0.0,0.0,0.0,0.0,0.057029,0.046256,0.0,0.0,0.0,0.055708,0.0,0.0,0.0,0.056856,0.0,0.056275,0.0,0.0,0.03134,0.031622,0.032116,0.031817,0.05661,0.063105,0.00469
2025-07-18,0.046658,0.056975,0.054602,0.0,0.053696,0.059591,0.045865,0.0,0.0,0.0,0.0,0.055484,0.043778,0.0,0.0,0.0,0.058714,0.0,0.0,0.0,0.0,0.0,0.056911,0.047061,0.0,0.0,0.0,0.055865,0.0,0.0,0.0,0.057041,0.0,0.056858,0.0,0.0,0.031447,0.031677,0.032181,0.031896,0.056771,0.062235,0.004693
2025-07-21,0.046742,0.057019,0.054996,0.0,0.053765,0.059732,0.046078,0.0,0.0,0.0,0.0,0.056008,0.043484,0.0,0.0,0.0,0.058178,0.0,0.0,0.0,0.0,0.0,0.056684,0.04703,0.0,0.0,0.0,0.056008,0.0,0.0,0.0,0.057693,0.0,0.056355,0.0,0.0,0.031435,0.031635,0.032101,0.031896,0.056766,0.061719,0.004675
2025-07-22,0.046336,0.057101,0.05503,0.0,0.053273,0.06035,0.045737,0.0,0.0,0.0,0.0,0.055888,0.04353,0.0,0.0,0.0,0.058057,0.0,0.0,0.0,0.0,0.0,0.056948,0.047395,0.0,0.0,0.0,0.055318,0.0,0.0,0.0,0.057981,0.0,0.056255,0.0,0.0,0.031384,0.031522,0.032013,0.03183,0.056611,0.062786,0.004655
2025-07-23,0.046358,0.057869,0.057292,0.0,0.053425,0.06054,0.04624,0.0,0.0,0.0,0.0,0.055818,0.043584,0.0,0.0,0.0,0.058704,0.0,0.0,0.0,0.0,0.0,0.056588,0.046724,0.0,0.0,0.0,0.055186,0.0,0.0,0.0,0.056879,0.0,0.056374,0.0,0.0,0.031063,0.031189,0.031815,0.031568,0.056257,0.061904,0.004624
2025-07-24,0.046743,0.057325,0.057425,0.0,0.053445,0.060562,0.045721,0.0,0.0,0.0,0.0,0.055997,0.043627,0.0,0.0,0.0,0.058696,0.0,0.0,0.0,0.0,0.0,0.056474,0.046735,0.0,0.0,0.0,0.055242,0.0,0.0,0.0,0.056619,0.0,0.056461,0.0,0.0,0.031065,0.03126,0.031825,0.03157,0.056332,0.062245,0.00463
2025-07-25,0.046781,0.057576,0.056898,0.0,0.053196,0.06044,0.045502,0.0,0.0,0.0,0.0,0.055599,0.044028,0.0,0.0,0.0,0.059408,0.0,0.0,0.0,0.0,0.0,0.056697,0.046961,0.0,0.0,0.0,0.055572,0.0,0.0,0.0,0.056219,0.0,0.056327,0.0,0.0,0.031206,0.031358,0.031915,0.031742,0.05664,0.061291,0.004642
2025-07-28,0.046956,0.056827,0.056122,0.0,0.053317,0.060509,0.04502,0.0,0.0,0.0,0.0,0.05558,0.043946,0.0,0.0,0.0,0.059525,0.0,0.0,0.0,0.0,0.0,0.056397,0.046697,0.0,0.0,0.0,0.055593,0.0,0.0,0.0,0.056139,0.0,0.056939,0.0,0.0,0.031295,0.031477,0.032061,0.031839,0.056891,0.062206,0.004665
2025-07-29,0.046829,0.056776,0.055857,0.0,0.053264,0.060397,0.045451,0.0,0.0,0.0,0.0,0.055132,0.043745,0.0,0.0,0.0,0.058878,0.0,0.0,0.0,0.0,0.0,0.056798,0.047258,0.0,0.0,0.0,0.055742,0.0,0.0,0.0,0.056323,0.0,0.056491,0.0,0.0,0.031517,0.031663,0.032098,0.032066,0.057136,0.061909,0.004668
2025-07-30,0.046993,0.056393,0.056165,0.0,0.053278,0.059955,0.045845,0.0,0.0,0.0,0.0,0.055534,0.043844,0.0,0.0,0.0,0.058833,0.0,0.0,0.0,0.0,0.0,0.056529,0.047808,0.0,0.0,0.0,0.055403,0.0,0.0,0.0,0.055581,0.0,0.056617,0.0,0.0,0.031539,0.031671,0.032164,0.032079,0.057275,0.061808,0.004687
2025-07-31,0.080451,0.080237,0.0,0.0,0.080365,0.040485,0.080479,0.0,0.0,0.04034,0.0,0.071833,0.061169,0.029161,0.0,0.0,0.080308,0.0,0.050404,0.0,0.0,0.0,0.048963,0.0,0.035634,0.0,0.012164,0.038234,0.0,0.0,0.0,0.07921,0.0,0.0,0.039867,0.0,0.0,0.0,0.0,0.0,0.0,0.033615,0.01708
2025-08-01,0.079609,0.08064,0.0,0.0,0.080159,0.040251,0.081609,0.0,0.0,0.039543,0.0,0.071696,0.06065,0.028957,0.0,0.0,0.079918,0.0,0.050334,0.0,0.0,0.0,0.0497,0.0,0.035222,0.0,0.011955,0.038009,0.0,0.0,0.0,0.081645,0.0,0.0,0.039994,0.0,0.0,0.0,0.0,0.0,0.0,0.032851,0.01726
2025-08-04,0.07965,0.080553,0.0,0.0,0.080067,0.040416,0.081435,0.0,0.0,0.039978,0.0,0.072161,0.060486,0.028967,0.0,0.0,0.079646,0.0,0.050364,0.0,0.0,0.0,0.049317,0.0,0.035488,0.0,0.012061,0.038232,0.0,0.0,0.0,0.081094,0.0,0.0,0.040141,0.0,0.0,0.0,0.0,0.0,0.0,0.0329,0.017046
2025-08-05,0.079548,0.080636,0.0,0.0,0.080415,0.040689,0.081706,0.0,0.0,0.040286,0.0,0.071599,0.06024,0.029117,0.0,0.0,0.079481,0.0,0.050718,0.0,0.0,0.0,0.049267,0.0,0.035193,0.0,0.012014,0.037753,0.0,0.0,0.0,0.081157,0.0,0.0,0.040537,0.0,0.0,0.0,0.0,0.0,0.0,0.032598,0.017046
2025-08-06,0.079733,0.080589,0.0,0.0,0.080095,0.040824,0.082568,0.0,0.0,0.040233,0.0,0.071493,0.060212,0.028829,0.0,0.0,0.079125,0.0,0.049903,0.0,0.0,0.0,0.049707,0.0,0.035402,0.0,0.012087,0.038123,0.0,0.0,0.0,0.080558,0.0,0.0,0.040682,0.0,0.0,0.0,0.0,0.0,0.0,0.032883,0.016954
2025-08-07,0.079568,0.081125,0.0,0.0,0.080616,0.040554,0.084045,0.0,0.0,0.040219,0.0,0.070911,0.059308,0.028456,0.0,0.0,0.078702,0.0,0.049925,0.0,0.0,0.0,0.04989,0.0,0.035296,0.0,0.011802,0.037013,0.0,0.0,0.0,0.080922,0.0,0.0,0.041329,0.0,0.0,0.0,0.0,0.0,0.0,0.033429,0.016892
2025-08-08,0.07982,0.081192,0.0,0.0,0.080336,0.040449,0.083126,0.0,0.0,0.040155,0.0,0.070978,0.059718,0.028674,0.0,0.0,0.078576,0.0,0.050054,0.0,0.0,0.0,0.049916,0.0,0.035564,0.0,0.011777,0.036888,0.0,0.0,0.0,0.080709,0.0,0.0,0.042225,0.0,0.0,0.0,0.0,0.0,0.0,0.032989,0.016854
2025-08-11,0.080118,0.081028,0.0,0.0,0.080555,0.040319,0.082878,0.0,0.0,0.040024,0.0,0.071566,0.059884,0.028728,0.0,0.0,0.078567,0.0,0.050098,0.0,0.0,0.0,0.050031,0.0,0.035434,0.0,0.011678,0.036864,0.0,0.0,0.0,0.0798,0.0,0.0,0.04168,0.0,0.0,0.0,0.0,0.0,0.0,0.033846,0.016903
2025-08-12,0.079638,0.080831,0.0,0.0,0.080282,0.04044,0.08406,0.0,0.0,0.040102,0.0,0.072021,0.059852,0.029331,0.0,0.0,0.078388,0.0,0.050116,0.0,0.0,0.0,0.049536,0.0,0.035532,0.0,0.011658,0.037147,0.0,0.0,0.0,0.078728,0.0,0.0,0.042054,0.0,0.0,0.0,0.0,0.0,0.0,0.033592,0.016693
2025-08-13,0.079421,0.080788,0.0,0.0,0.080745,0.041376,0.082789,0.0,0.0,0.040123,0.0,0.072018,0.059726,0.02959,0.0,0.0,0.078075,0.0,0.050661,0.0,0.0,0.0,0.04915,0.0,0.035269,0.0,0.011566,0.037133,0.0,0.0,0.0,0.078354,0.0,0.0,0.042417,0.0,0.0,0.0,0.0,0.0,0.0,0.034238,0.016563
2025-08-14,0.079925,0.081602,0.0,0.0,0.080204,0.040846,0.082606,0.0,0.0,0.039876,0.0,0.072665,0.060498,0.029827,0.0,0.0,0.078015,0.0,0.050541,0.0,0.0,0.0,0.049107,0.0,0.03548,0.0,0.011532,0.036866,0.0,0.0,0.0,0.078493,0.0,0.0,0.042076,0.0,0.0,0.0,0.0,0.0,0.0,0.033138,0.016703
2025-08-15,0.080098,0.081756,0.0,0.0,0.080416,0.041075,0.083459,0.0,0.0,0.039699,0.0,0.072791,0.059824,0.029292,0.0,0.0,0.077599,0.0,0.050502,0.0,0.0,0.0,0.049147,0.0,0.035183,0.0,0.011605,0.036965,0.0,0.0,0.0,0.078478,0.0,0.0,0.042631,0.0,0.0,0.0,0.0,0.0,0.0,0.032787,0.016692
2025-08-18,0.080007,0.081655,0.0,0.0,0.080795,0.041351,0.083781,0.0,0.0,0.039406,0.0,0.072395,0.059909,0.029428,0.0,0.0,0.077954,0.0,0.050244,0.0,0.0,0.0,0.049114,0.0,0.035282,0.0,0.011645,0.037077,0.0,0.0,0.0,0.078407,0.0,0.0,0.042225,0.0,0.0,0.0,0.0,0.0,0.0,0.032623,0.016704
2025-08-19,0.080525,0.082348,0.0,0.0,0.080925,0.0413,0.081538,0.0,0.0,0.038914,0.0,0.072444,0.060402,0.029644,0.0,0.0,0.078618,0.0,0.050866,0.0,0.0,0.0,0.04993,0.0,0.034884,0.0,0.011415,0.037104,0.0,0.0,0.0,0.07847,0.0,0.0,0.041954,0.0,0.0,0.0,0.0,0.0,0.0,0.031908,0.016811
2025-08-20,0.079823,0.082614,0.0,0.0,0.080352,0.041437,0.08234,0.0,0.0,0.038785,0.0,0.072069,0.060579,0.029615,0.0,0.0,0.078373,0.0,0.050794,0.0,0.0,0.0,0.050104,0.0,0.034572,0.0,0.011363,0.0371,0.0,0.0,0.0,0.07909,0.0,0.0,0.042035,0.0,0.0,0.0,0.0,0.0,0.0,0.032181,0.016774
2025-08-21,0.080023,0.082307,0.0,0.0,0.080643,0.04159,0.082443,0.0,0.0,0.0388,0.0,0.072158,0.060526,0.029572,0.0,0.0,0.078276,0.0,0.051065,0.0,0.0,0.0,0.049769,0.0,0.034528,0.0,0.01135,0.037027,0.0,0.0,0.0,0.079,0.0,0.0,0.042461,0.0,0.0,0.0,0.0,0.0,0.0,0.031648,0.016815
2025-08-22,0.07962,0.082043,0.0,0.0,0.080422,0.041867,0.083655,0.0,0.0,0.039286,0.0,0.071807,0.060356,0.030361,0.0,0.0,0.078042,0.0,0.051087,0.0,0.0,0.0,0.048823,0.0,0.034331,0.0,0.011292,0.036825,0.0,0.0,0.0,0.078329,0.0,0.0,0.043065,0.0,0.0,0.0,0.0,0.0,0.0,0.032286,0.016502
2025-08-25,0.080082,0.081294,0.0,0.0,0.080889,0.042089,0.084522,0.0,0.0,0.039095,0.0,0.07234,0.060354,0.030356,0.0,0.0,0.07771,0.0,0.051099,0.0,0.0,0.0,0.048266,0.0,0.034453,0.0,0.011276,0.036819,0.0,0.0,0.0,0.078593,0.0,0.0,0.043324,0.0,0.0,0.0,0.0,0.0,0.0,0.030842,0.016598
2025-08-26,0.079322,0.081118,0.0,0.0,0.080369,0.042117,0.084085,0.0,0.0,0.038887,0.0,0.071975,0.06078,0.030628,0.0,0.0,0.078459,0.0,0.051205,0.0,0.0,0.0,0.04792,0.0,0.034588,0.0,0.011256,0.036836,0.0,0.0,0.0,0.079112,0.0,0.0,0.043844,0.0,0.0,0.0,0.0,0.0,0.0,0.030914,0.016586
2025-08-27,0.079565,0.080809,0.0,0.0,0.079539,0.040981,0.085203,0.0,0.0,0.03889,0.0,0.072024,0.060842,0.030787,0.0,0.0,0.078368,0.0,0.05128,0.0,0.0,0.0,0.048013,0.0,0.034739,0.0,0.011338,0.037247,0.0,0.0,0.0,0.079191,0.0,0.0,0.043485,0.0,0.0,0.0,0.0,0.0,0.0,0.031128,0.016571
2025-08-28,0.079394,0.080606,0.0,0.0,0.079452,0.041072,0.086157,0.0,0.0,0.039323,0.0,0.071941,0.060622,0.030521,0.0,0.0,0.078121,0.0,0.051028,0.0,0.0,0.0,0.047476,0.0,0.034842,0.0,0.011454,0.037475,0.0,0.0,0.0,0.079386,0.0,0.0,0.043682,0.0,0.0,0.0,0.0,0.0,0.0,0.03096,0.01649
2025-08-29,0.089481,0.089354,0.03295,0.0,0.089604,0.038558,0.0,0.0,0.023669,0.038286,0.0,0.0441,0.018525,0.0,0.0,0.0,0.08944,0.0,0.0,0.0,0.0,0.0,0.0,0.08969,0.073573,0.02699,0.0,0.0,0.0,0.0,0.0,0.060242,0.039603,0.0,0.0,0.0,0.0,0.0,0.039704,0.0,0.089514,0.022333,0.004385
2025-09-01,0.089696,0.089314,0.032935,0.0,0.089756,0.038541,0.0,0.0,0.023658,0.038269,0.0,0.04408,0.018517,0.0,0.0,0.0,0.0894,0.0,0.0,0.0,0.0,0.0,0.0,0.08965,0.07354,0.026978,0.0,0.0,0.0,0.0,0.0,0.060215,0.039585,0.0,0.0,0.0,0.0,0.0,0.039686,0.0,0.089474,0.022323,0.004384
2025-09-02,0.088637,0.088352,0.032984,0.0,0.089559,0.038871,0.0,0.0,0.023422,0.03822,0.0,0.044144,0.018438,0.0,0.0,0.0,0.088826,0.0,0.0,0.0,0.0,0.0,0.0,0.089634,0.073027,0.026789,0.0,0.0,0.0,0.0,0.0,0.061833,0.040763,0.0,0.0,0.0,0.0,0.0,0.039768,0.0,0.089413,0.022923,0.004397
2025-09-03,0.089051,0.088356,0.032757,0.0,0.089806,0.038518,0.0,0.0,0.0236,0.038588,0.0,0.044699,0.018332,0.0,0.0,0.0,0.088018,0.0,0.0,0.0,0.0,0.0,0.0,0.089046,0.073164,0.026553,0.0,0.0,0.0,0.0,0.0,0.062064,0.040805,0.0,0.0,0.0,0.0,0.0,0.039715,0.0,0.089431,0.023116,0.00438
2025-09-04,0.089336,0.088712,0.033032,0.0,0.08918,0.0378,0.0,0.0,0.023785,0.038601,0.0,0.045018,0.018489,0.0,0.0,0.0,0.088845,0.0,0.0,0.0,0.0,0.0,0.0,0.088774,0.073388,0.026777,0.0,0.0,0.0,0.0,0.0,0.061674,0.040282,0.0,0.0,0.0,0.0,0.0,0.039748,0.0,0.089616,0.022572,0.004372
2025-09-05,0.089082,0.088695,0.033053,0.0,0.08987,0.038264,0.0,0.0,0.024028,0.0387,0.0,0.045031,0.018059,0.0,0.0,0.0,0.088071,0.0,0.0,0.0,0.0,0.0,0.0,0.088052,0.073079,0.026956,0.0,0.0,0.0,0.0,0.0,0.062182,0.040383,0.0,0.0,0.0,0.0,0.0,0.039568,0.0,0.089761,0.022814,0.004351
2025-09-08,0.089173,0.088875,0.033625,0.0,0.090153,0.03866,0.0,0.0,0.024212,0.038798,0.0,0.044854,0.017981,0.0,0.0,0.0,0.087823,0.0,0.0,0.0,0.0,0.0,0.0,0.086715,0.073255,0.027015,0.0,0.0,0.0,0.0,0.0,0.062572,0.040502,0.0,0.0,0.0,0.0,0.0,0.039368,0.0,0.089298,0.022793,0.004328
2025-09-09,0.088939,0.088643,0.033223,0.0,0.090832,0.039043,0.0,0.0,0.024446,0.039147,0.0,0.04507,0.018044,0.0,0.0,0.0,0.087157,0.0,0.0,0.0,0.0,0.0,0.0,0.08724,0.073334,0.027015,0.0,0.0,0.0,0.0,0.0,0.062378,0.040112,0.0,0.0,0.0,0.0,0.0,0.039291,0.0,0.089138,0.022621,0.004325
2025-09-10,0.088744,0.087765,0.033106,0.0,0.091128,0.038495,0.0,0.0,0.024639,0.039759,0.0,0.044413,0.017852,0.0,0.0,0.0,0.087163,0.0,0.0,0.0,0.0,0.0,0.0,0.088094,0.074121,0.027292,0.0,0.0,0.0,0.0,0.0,0.062147,0.040067,0.0,0.0,0.0,0.0,0.0,0.039034,0.0,0.088976,0.022913,0.004294
2025-09-11,0.088707,0.087987,0.033227,0.0,0.09122,0.0392,0.0,0.0,0.024507,0.040057,0.0,0.044726,0.017996,0.0,0.0,0.0,0.087273,0.0,0.0,0.0,0.0,0.0,0.0,0.087839,0.073762,0.027254,0.0,0.0,0.0,0.0,0.0,0.061547,0.040143,0.0,0.0,0.0,0.0,0.0,0.038811,0.0,0.088573,0.022911,0.00426
2025-09-12,0.088547,0.087636,0.032979,0.0,0.091193,0.039018,0.0,0.0,0.024528,0.040444,0.0,0.045072,0.017909,0.0,0.0,0.0,0.086524,0.0,0.0,0.0,0.0,0.0,0.0,0.08823,0.073669,0.027286,0.0,0.0,0.0,0.0,0.0,0.061632,0.040703,0.0,0.0,0.0,0.0,0.0,0.038749,0.0,0.088261,0.023361,0.004257
2025-09-15,0.08848,0.087771,0.033025,0.0,0.091278,0.03908,0.0,0.0,0.024458,0.040478,0.0,0.045438,0.017764,0.0,0.0,0.0,0.086415,0.0,0.0,0.0,0.0,0.0,0.0,0.087919,0.073898,0.027356,0.0,0.0,0.0,0.0,0.0,0.061908,0.040908,0.0,0.0,0.0,0.0,0.0,0.038632,0.0,0.088057,0.022902,0.004232
2025-09-16,0.088373,0.087578,0.033056,0.0,0.09177,0.039378,0.0,0.0,0.024598,0.041284,0.0,0.045298,0.017741,0.0,0.0,0.0,0.08624,0.0,0.0,0.0,0.0,0.0,0.0,0.086399,0.07371,0.027522,0.0,0.0,0.0,0.0,0.0,0.062091,0.040777,0.0,0.0,0.0,0.0,0.0,0.03864,0.0,0.088085,0.023223,0.004237
2025-09-17,0.088483,0.087346,0.033024,0.0,0.092773,0.039999,0.0,0.0,0.024585,0.040895,0.0,0.045473,0.017936,0.0,0.0,0.0,0.085956,0.0,0.0,0.0,0.0,0.0,0.0,0.086723,0.073547,0.027551,0.0,0.0,0.0,0.0,0.0,0.061688,0.039971,0.0,0.0,0.0,0.0,0.0,0.03865,0.0,0.088149,0.02301,0.004242
2025-09-18,0.088636,0.087348,0.033022,0.0,0.092052,0.039203,0.0,0.0,0.024704,0.041201,0.0,0.045325,0.017881,0.0,0.0,0.0,0.086524,0.0,0.0,0.0,0.0,0.0,0.0,0.086438,0.074519,0.0284,0.0,0.0,0.0,0.0,0.0,0.061196,0.040022,0.0,0.0,0.0,0.0,0.0,0.038581,0.0,0.087428,0.023297,0.004225
2025-09-19,0.088298,0.086871,0.032712,0.0,0.091665,0.038984,0.0,0.0,0.024533,0.040811,0.0,0.045475,0.017906,0.0,0.0,0.0,0.086664,0.0,0.0,0.0,0.0,0.0,0.0,0.086921,0.075214,0.028196,0.0,0.0,0.0,0.0,0.0,0.061795,0.041096,0.0,0.0,0.0,0.0,0.0,0.038564,0.0,0.087266,0.022807,0.004222
2025-09-22,0.088196,0.086669,0.032686,0.0,0.091329,0.038726,0.0,0.0,0.024621,0.041312,0.0,0.045024,0.017767,0.0,0.0,0.0,0.086392,0.0,0.0,0.0,0.0,0.0,0.0,0.087197,0.075828,0.028432,0.0,0.0,0.0,0.0,0.0,0.062459,0.041876,0.0,0.0,0.0,0.0,0.0,0.038343,0.0,0.086894,0.022054,0.004195
2025-09-23,0.088336,0.086581,0.032608,0.0,0.092025,0.038248,0.0,0.0,0.024715,0.04124,0.0,0.044942,0.017681,0.0,0.0,0.0,0.086381,0.0,0.0,0.0,0.0,0.0,0.0,0.087613,0.075144,0.028388,0.0,0.0,0.0,0.0,0.0,0.062689,0.041776,0.0,0.0,0.0,0.0,0.0,0.0383,0.0,0.087198,0.021943,0.004194
2025-09-24,0.088137,0.086305,0.032622,0.0,0.091804,0.038932,0.0,0.0,0.024521,0.040663,0.0,0.044721,0.017691,0.0,0.0,0.0,0.086225,0.0,0.0,0.0,0.0,0.0,0.0,0.088535,0.074932,0.02844,0.0,0.0,0.0,0.0,0.0,0.062331,0.04177,0.0,0.0,0.0,0.0,0.0,0.038377,0.0,0.087438,0.022349,0.004207
2025-09-25,0.087857,0.085807,0.032587,0.0,0.091598,0.039188,0.0,0.0,0.024416,0.04074,0.0,0.044737,0.017711,0.0,0.0,0.0,0.085965,0.0,0.0,0.0,0.0,0.0,0.0,0.088014,0.075083,0.028456,0.0,0.0,0.0,0.0,0.0,0.062827,0.043202,0.0,0.0,0.0,0.0,0.0,0.038413,0.0,0.087547,0.021628,0.004224
2025-09-26,0.087766,0.086361,0.032449,0.0,0.090718,0.038767,0.0,0.0,0.024195,0.04006,0.0,0.044992,0.017769,0.0,0.0,0.0,0.086392,0.0,0.0,0.0,0.0,0.0,0.0,0.089089,0.075009,0.028405,0.0,0.0,0.0,0.0,0.0,0.062938,0.0439,0.0,0.0,0.0,0.0,0.0,0.038335,0.0,0.087171,0.021473,0.004209
2025-09-29,0.087584,0.085975,0.03223,0.0,0.091157,0.039195,0.0,0.0,0.024141,0.040445,0.0,0.044793,0.017722,0.0,0.0,0.0,0.085998,0.0,0.0,0.0,0.0,0.0,0.0,0.088665,0.074836,0.028199,0.0,0.0,0.0,0.0,0.0,0.063488,0.044232,0.0,0.0,0.0,0.0,0.0,0.038109,0.0,0.086652,0.022401,0.004177
2025-09-30,0.047106,0.04282,0.04748,0.0,0.059436,0.0,0.082692,0.0,0.0,0.082528,0.011321,0.054022,0.017865,0.075012,0.0,0.0,0.082646,0.0,0.0,0.055489,0.0,0.0,0.0,0.058796,0.046311,0.045927,0.0,0.0,0.0,0.0,0.02123,0.065665,0.026019,0.0,0.068566,0.0,0.0,0.0,0.0,0.0,0.0,0.0,0.009069
2025-10-01,0.047205,0.043124,0.047272,0.0,0.059673,0.0,0.081214,0.0,0.0,0.084003,0.011342,0.053032,0.017629,0.074243,0.0,0.0,0.082055,0.0,0.0,0.0557,0.0,0.0,0.0,0.059103,0.046559,0.046606,0.0,0.0,0.0,0.0,0.021405,0.065481,0.026236,0.0,0.069088,0.0,0.0,0.0,0.0,0.0,0.0,0.0,0.00903
2025-10-02,0.047158,0.043132,0.047134,0.0,0.059803,0.0,0.080136,0.0,0.0,0.085498,0.011236,0.052798,0.017577,0.073843,0.0,0.0,0.082089,0.0,0.0,0.055645,0.0,0.0,0.0,0.058867,0.046709,0.047405,0.0,0.0,0.0,0.0,0.021677,0.065111,0.025947,0.0,0.069222,0.0,0.0,0.0,0.0,0.0,0.0,0.0,0.009012
2025-10-03,0.047243,0.043084,0.04778,0.0,0.059859,0.0,0.079852,0.0,0.0,0.085268,0.011091,0.052428,0.017584,0.073861,0.0,0.0,0.081666,0.0,0.0,0.055784,0.0,0.0,0.0,0.059163,0.046172,0.046808,0.0,0.0,0.0,0.0,0.021702,0.065207,0.026378,0.0,0.070118,0.0,0.0,0.0,0.0,0.0,0.0,0.0,0.008954
2025-10-06,0.047005,0.042715,0.048382,0.0,0.059681,0.0,0.079359,0.0,0.0,0.085738,0.011124,0.052192,0.01748,0.073888,0.0,0.0,0.081594,0.0,0.0,0.054339,0.0,0.0,0.0,0.059406,0.046382,0.047946,0.0,0.0,0.0,0.0,0.021842,0.066069,0.026558,0.0,0.069394,0.0,0.0,0.0,0.0,0.0,0.0,0.0,0.008905
2025-10-07,0.047203,0.042777,0.048051,0.0,0.059997,0.0,0.078412,0.0,0.0,0.085054,0.011028,0.052461,0.017661,0.074143,0.0,0.0,0.081865,0.0,0.0,0.053159,0.0,0.0,0.0,0.060217,0.046489,0.047298,0.0,0.0,0.0,0.0,0.021733,0.067011,0.02639,0.0,0.070066,0.0,0.0,0.0,0.0,0.0,0.0,0.0,0.008984
2025-10-08,0.046919,0.042617,0.047472,0.0,0.059577,0.0,0.078163,0.0,0.0,0.085093,0.010956,0.051746,0.017409,0.073028,0.0,0.0,0.08179,0.0,0.0,0.052678,0.0,0.0,0.0,0.060053,0.046853,0.048447,0.0,0.0,0.0,0.0,0.021867,0.067467,0.026844,0.0,0.072121,0.0,0.0,0.0,0.0,0.0,0.0,0.0,0.008902
2025-10-09,0.047088,0.042492,0.047724,0.0,0.05963,0.0,0.078244,0.0,0.0,0.084981,0.010986,0.051851,0.017482,0.07331,0.0,0.0,0.081208,0.0,0.0,0.051708,0.0,0.0,0.0,0.060367,0.047139,0.048598,0.0,0.0,0.0,0.0,0.021826,0.066738,0.027144,0.0,0.072512,0.0,0.0,0.0,0.0,0.0,0.0,0.0,0.008971
2025-10-10,0.047718,0.043146,0.047104,0.0,0.059718,0.0,0.077987,0.0,0.0,0.084456,0.010974,0.052279,0.017566,0.072406,0.0,0.0,0.081571,0.0,0.0,0.052456,0.0,0.0,0.0,0.061755,0.04645,0.046789,0.0,0.0,0.0,0.0,0.020448,0.069244,0.028331,0.0,0.070386,0.0,0.0,0.0,0.0,0.0,0.0,0.0,0.009215
2025-10-13,0.04681,0.042504,0.04663,0.0,0.059545,0.0,0.07733,0.0,0.0,0.085593,0.010976,0.051617,0.01735,0.072228,0.0,0.0,0.080633,0.0,0.0,0.051525,0.0,0.0,0.0,0.060878,0.046549,0.047942,0.0,0.0,0.0,0.0,0.0216,0.069389,0.028833,0.0,0.073051,0.0,0.0,0.0,0.0,0.0,0.0,0.0,0.009016
2025-10-14,0.046645,0.042647,0.047047,0.0,0.058877,0.0,0.077078,0.0,0.0,0.084598,0.010993,0.05193,0.017532,0.074372,0.0,0.0,0.081539,0.0,0.0,0.053117,0.0,0.0,0.0,0.06139,0.045928,0.046935,0.0,0.0,0.0,0.0,0.021236,0.069849,0.028538,0.0,0.070737,0.0,0.0,0.0,0.0,0.0,0.0,0.0,0.009011
2025-10-15,0.046645,0.042295,0.047281,0.0,0.059323,0.0,0.076847,0.0,0.0,0.086222,0.010894,0.051749,0.017349,0.072253,0.0,0.0,0.080347,0.0,0.0,0.052545,0.0,0.0,0.0,0.061541,0.045897,0.047876,0.0,0.0,0.0,0.0,0.02104,0.070314,0.029162,0.0,0.071505,0.0,0.0,0.0,0.0,0.0,0.0,0.0,0.008917
2025-10-16,0.046762,0.042654,0.047502,0.0,0.059984,0.0,0.076751,0.0,0.0,0.089097,0.010804,0.051273,0.016891,0.068434,0.0,0.0,0.079939,0.0,0.0,0.052327,0.0,0.0,0.0,0.060962,0.045999,0.048171,0.0,0.0,0.0,0.0,0.0211,0.072066,0.029713,0.0,0.07064,0.0,0.0,0.0,0.0,0.0,0.0,0.0,0.00893
2025-10-17,0.046349,0.042742,0.047851,0.0,0.059507,0.0,0.078126,0.0,0.0,0.089909,0.010917,0.051713,0.017059,0.069517,0.0,0.0,0.080153,0.0,0.0,0.05279,0.0,0.0,0.0,0.06086,0.046164,0.048123,0.0,0.0,0.0,0.0,0.020925,0.070838,0.028447,0.0,0.069062,0.0,0.0,0.0,0.0,0.0,0.0,0.0,0.008948
2025-10-20,0.046393,0.042255,0.047986,0.0,0.059728,0.0,0.078223,0.0,0.0,0.090411,0.010832,0.051479,0.016989,0.070009,0.0,0.0,0.079828,0.0,0.0,0.052154,0.0,0.0,0.0,0.059888,0.045948,0.048158,0.0,0.0,0.0,0.0,0.020891,0.072267,0.028437,0.0,0.069316,0.0,0.0,0.0,0.0,0.0,0.0,0.0,0.00881
2025-10-21,0.046998,0.042568,0.048066,0.0,0.060015,0.0,0.078538,0.0,0.0,0.08981,0.011111,0.052354,0.017197,0.070973,0.0,0.0,0.081616,0.0,0.0,0.05378,0.0,0.0,0.0,0.060075,0.046589,0.048531,0.0,0.0,0.0,0.0,0.021024,0.06853,0.026445,0.0,0.066853,0.0,0.0,0.0,0.0,0.0,0.0,0.0,0.008928
2025-10-22,0.04698,0.042786,0.048066,0.0,0.060124,0.0,0.079148,0.0,0.0,0.091062,0.011077,0.052147,0.01718,0.071148,0.0,0.0,0.08094,0.0,0.0,0.053074,0.0,0.0,0.0,0.06022,0.046347,0.047557,0.0,0.0,0.0,0.0,0.020807,0.068863,0.026625,0.0,0.066876,0.0,0.0,0.0,0.0,0.0,0.0,0.0,0.008973
2025-10-23,0.04676,0.042699,0.047713,0.0,0.060085,0.0,0.07968,0.0,0.0,0.090975,0.01104,0.051564,0.017082,0.070431,0.0,0.0,0.08131,0.0,0.0,0.052973,0.0,0.0,0.0,0.059703,0.046565,0.048336,0.0,0.0,0.0,0.0,0.021321,0.068598,0.026597,0.0,0.067667,0.0,0.0,0.0,0.0,0.0,0.0,0.0,0.008902
2025-10-24,0.046779,0.042447,0.047523,0.0,0.059597,0.0,0.079119,0.0,0.0,0.092291,0.010926,0.051318,0.01714,0.071005,0.0,0.0,0.080779,0.0,0.0,0.052346,0.0,0.0,0.0,0.059958,0.04694,0.048771,0.0,0.0,0.0,0.0,0.022178,0.067864,0.026288,0.0,0.067894,0.0,0.0,0.0,0.0,0.0,0.0,0.0,0.008836
2025-10-27,0.046947,0.042403,0.047831,0.0,0.060392,0.0,0.079397,0.0,0.0,0.093995,0.011017,0.051724,0.017109,0.070498,0.0,0.0,0.080755,0.0,0.0,0.052131,0.0,0.0,0.0,0.059765,0.047522,0.049828,0.0,0.0,0.0,0.0,0.02145,0.065583,0.025187,0.0,0.067679,0.0,0.0,0.0,0.0,0.0,0.0,0.0,0.008785
2025-10-28,0.047143,0.042307,0.048075,0.0,0.060227,0.0,0.07981,0.0,0.0,0.094164,0.011023,0.051484,0.017005,0.070191,0.0,0.0,0.080205,0.0,0.0,0.051942,0.0,0.0,0.0,0.058799,0.048008,0.049905,0.0,0.0,0.0,0.0,0.021815,0.065134,0.025374,0.0,0.068599,0.0,0.0,0.0,0.0,0.0,0.0,0.0,0.00879
2025-10-29,0.047074,0.041943,0.04752,0.0,0.060789,0.0,0.080221,0.0,0.0,0.096295,0.010897,0.05119,0.016662,0.068771,0.0,0.0,0.080153,0.0,0.0,0.050237,0.0,0.0,0.0,0.05859,0.048197,0.050585,0.0,0.0,0.0,0.0,0.02235,0.064677,0.025606,0.0,0.069484,0.0,0.0,0.0,0.0,0.0,0.0,0.0,0.008761
2025-10-30,0.046962,0.041942,0.047732,0.0,0.060269,0.0,0.080262,0.0,0.0,0.09511,0.010701,0.050559,0.016785,0.069216,0.0,0.0,0.080327,0.0,0.0,0.050258,0.0,0.0,0.0,0.058617,0.047828,0.050135,0.0,0.0,0.0,0.0,0.022853,0.066258,0.026386,0.0,0.068999,0.0,0.0,0.0,0.0,0.0,0.0,0.0,0.008802
2025-10-31,0.0,0.08189,0.0,0.0,0.01961,0.060401,0.0,0.0,0.026177,0.094909,0.020789,0.073326,0.0,0.0,0.0,0.0,0.019363,0.0,0.0,0.06867,0.0,0.046149,0.0,0.0,0.078255,0.07688,0.014515,0.0,0.010559,0.020284,0.076896,0.0,0.021057,0.0,0.161571,0.0,0.0,0.0,0.0,0.0,0.0,0.015248,0.013452
2025-11-03,0.0,0.082086,0.0,0.0,0.019825,0.060625,0.0,0.0,0.026381,0.099004,0.021069,0.072838,0.0,0.0,0.0,0.0,0.019359,0.0,0.0,0.067766,0.0,0.045163,0.0,0.0,0.078891,0.07765,0.014597,0.0,0.010719,0.020336,0.076165,0.0,0.021022,0.0,0.15815,0.0,0.0,0.0,0.0,0.0,0.0,0.014846,0.013509
2025-11-04,0.0,0.083288,0.0,0.0,0.020128,0.061377,0.0,0.0,0.026463,0.096485,0.02125,0.074193,0.0,0.0,0.0,0.0,0.019625,0.0,0.0,0.069602,0.0,0.045554,0.0,0.0,0.078779,0.076511,0.014493,0.0,0.010726,0.020893,0.075284,0.0,0.021058,0.0,0.156063,0.0,0.0,0.0,0.0,0.0,0.0,0.014371,0.013856
2025-11-05,0.0,0.082955,0.0,0.0,0.019866,0.061236,0.0,0.0,0.026379,0.096162,0.021246,0.073683,0.0,0.0,0.0,0.0,0.01946,0.0,0.0,0.068369,0.0,0.045484,0.0,0.0,0.07812,0.077926,0.014283,0.0,0.010504,0.020656,0.076284,0.0,0.021244,0.0,0.157802,0.0,0.0,0.0,0.0,0.0,0.0,0.014654,0.013686
2025-11-06,0.0,0.083272,0.0,0.0,0.019902,0.062358,0.0,0.0,0.026168,0.093869,0.020934,0.07365,0.0,0.0,0.0,0.0,0.019549,0.0,0.0,0.068607,0.0,0.04591,0.0,0.0,0.07721,0.076547,0.014092,0.0,0.010303,0.020734,0.07622,0.0,0.021378,0.0,0.161148,0.0,0.0,0.0,0.0,0.0,0.0,0.014344,0.013805
2025-11-07,0.0,0.083567,0.0,0.0,0.01964,0.061923,0.0,0.0,0.025999,0.092028,0.020939,0.07336,0.0,0.0,0.0,0.0,0.019618,0.0,0.0,0.069138,0.0,0.045709,0.0,0.0,0.076839,0.075641,0.014095,0.0,0.010295,0.021027,0.076977,0.0,0.02153,0.0,0.163154,0.0,0.0,0.0,0.0,0.0,0.0,0.014733,0.013789
2025-11-10,0.0,0.082866,0.0,0.0,0.019655,0.061723,0.0,0.0,0.025928,0.093987,0.020789,0.072641,0.0,0.0,0.0,0.0,0.019334,0.0,0.0,0.067863,0.0,0.045258,0.0,0.0,0.077226,0.076045,0.014103,0.0,0.010248,0.020595,0.077232,0.0,0.021997,0.0,0.164248,0.0,0.0,0.0,0.0,0.0,0.0,0.014749,0.013513
2025-11-11,0.0,0.083861,0.0,0.0,0.019788,0.061645,0.0,0.0,0.025822,0.093742,0.020869,0.073332,0.0,0.0,0.0,0.0,0.019365,0.0,0.0,0.068568,0.0,0.046934,0.0,0.0,0.076672,0.074422,0.014027,0.0,0.010184,0.020854,0.076643,0.0,0.022345,0.0,0.163079,0.0,0.0,0.0,0.0,0.0,0.0,0.014315,0.013532
2025-11-12,0.0,0.083819,0.0,0.0,0.019689,0.061302,0.0,0.0,0.025666,0.093764,0.020597,0.072446,0.0,0.0,0.0,0.0,0.019262,0.0,0.0,0.067929,0.0,0.046678,0.0,0.0,0.076424,0.075084,0.01379,0.0,0.010091,0.020567,0.076811,0.0,0.023097,0.0,0.165496,0.0,0.0,0.0,0.0,0.0,0.0,0.014039,0.013447
2025-11-13,0.0,0.084548,0.0,0.0,0.019924,0.062166,0.0,0.0,0.02551,0.093425,0.020404,0.07256,0.0,0.0,0.0,0.0,0.019266,0.0,0.0,0.067876,0.0,0.046509,0.0,0.0,0.075708,0.073664,0.013627,0.0,0.01,0.02064,0.079766,0.0,0.023029,0.0,0.163944,0.0,0.0,0.0,0.0,0.0,0.0,0.01377,0.013664
2025-11-14,0.0,0.084207,0.0,0.0,0.019976,0.06146,0.0,0.0,0.026074,0.093819,0.020379,0.07243,0.0,0.0,0.0,0.0,0.019337,0.0,0.0,0.067646,0.0,0.047552,0.0,0.0,0.076393,0.073708,0.013752,0.0,0.009994,0.020758,0.080153,0.0,0.0224,0.0,0.16296,0.0,0.0,0.0,0.0,0.0,0.0,0.013288,0.013715
2025-11-17,0.0,0.084274,0.0,0.0,0.020035,0.061563,0.0,0.0,0.025602,0.093934,0.020454,0.073285,0.0,0.0,0.0,0.0,0.019399,0.0,0.0,0.066405,0.0,0.048525,0.0,0.0,0.076188,0.073395,0.013681,0.0,0.009886,0.020857,0.081158,0.0,0.022453,0.0,0.161894,0.0,0.0,0.0,0.0,0.0,0.0,0.013116,0.013895
2025-11-18,0.0,0.084359,0.0,0.0,0.019987,0.061875,0.0,0.0,0.025679,0.093494,0.020294,0.0745,0.0,0.0,0.0,0.0,0.019523,0.0,0.0,0.066926,0.0,0.049201,0.0,0.0,0.075763,0.07247,0.013688,0.0,0.009813,0.021169,0.080481,0.0,0.023012,0.0,0.160321,0.0,0.0,0.0,0.0,0.0,0.0,0.013397,0.014048
2025-11-19,0.0,0.083825,0.0,0.0,0.019868,0.06122,0.0,0.0,0.025548,0.092218,0.020246,0.073907,0.0,0.0,0.0,0.0,0.01954,0.0,0.0,0.066771,0.0,0.048792,0.0,0.0,0.076105,0.073503,0.013586,0.0,0.00983,0.020952,0.081095,0.0,0.02313,0.0,0.162954,0.0,0.0,0.0,0.0,0.0,0.0,0.012895,0.014014
2025-11-20,0.0,0.084594,0.0,0.0,0.020356,0.061596,0.0,0.0,0.025796,0.092239,0.020406,0.074789,0.0,0.0,0.0,0.0,0.019658,0.0,0.0,0.068288,0.0,0.04963,0.0,0.0,0.075423,0.071598,0.013488,0.0,0.009832,0.021348,0.080569,0.0,0.023324,0.0,0.159987,0.0,0.0,0.0,0.0,0.0,0.0,0.012741,0.014339
2025-11-21,0.0,0.084986,0.0,0.0,0.019741,0.06099,0.0,0.0,0.025576,0.091984,0.020588,0.075304,0.0,0.0,0.0,0.0,0.019689,0.0,0.0,0.070945,0.0,0.050326,0.0,0.0,0.074921,0.071569,0.013362,0.0,0.009849,0.021467,0.078385,0.0,0.022838,0.0,0.160956,0.0,0.0,0.0,0.0,0.0,0.0,0.012337,0.014187
2025-11-24,0.0,0.08347,0.0,0.0,0.019677,0.061079,0.0,0.0,0.025472,0.091668,0.020542,0.074884,0.0,0.0,0.0,0.0,0.019434,0.0,0.0,0.069494,0.0,0.050798,0.0,0.0,0.075528,0.073558,0.013328,0.0,0.009866,0.021194,0.077207,0.0,0.023148,0.0,0.162882,0.0,0.0,0.0,0.0,0.0,0.0,0.012799,0.013971
2025-11-25,0.0,0.084011,0.0,0.0,0.019483,0.060675,0.0,0.0,0.025323,0.090198,0.020763,0.074947,0.0,0.0,0.0,0.0,0.019477,0.0,0.0,0.072025,0.0,0.05102,0.0,0.0,0.07494,0.073016,0.013312,0.0,0.0099,0.021166,0.077743,0.0,0.022925,0.0,0.162846,0.0,0.0,0.0,0.0,0.0,0.0,0.012402,0.013825
2025-11-26,0.0,0.083528,0.0,0.0,0.019494,0.059481,0.0,0.0,0.025283,0.090579,0.02059,0.07392,0.0,0.0,0.0,0.0,0.019295,0.0,0.0,0.071838,0.0,0.050863,0.0,0.0,0.074683,0.073896,0.013084,0.0,0.009841,0.020939,0.078367,0.0,0.023417,0.0,0.164701,0.0,0.0,0.0,0.0,0.0,0.0,0.012582,0.013621
2025-11-27,0.0,0.083532,0.0,0.0,0.019438,0.059485,0.0,0.0,0.025284,0.090584,0.020591,0.073924,0.0,0.0,0.0,0.0,0.019296,0.0,0.0,0.071842,0.0,0.050866,0.0,0.0,0.074687,0.0739,0.013084,0.0,0.009842,0.02094,0.078372,0.0,0.023418,0.0,0.164711,0.0,0.0,0.0,0.0,0.0,0.0,0.012583,0.01362
2025-11-28,0.013115,0.0,0.0,0.0,0.044767,0.0,0.0,0.0,0.031289,0.142132,0.01081,0.048194,0.0,0.0,0.0,0.0,0.030994,0.0,0.0,0.029515,0.0,0.154205,0.0,0.038845,0.082056,0.081553,0.0,0.0,0.0,0.0,0.15442,0.0,0.018804,0.0,0.104119,0.0,0.0,0.0,0.0,0.0,0.0,0.0,0.015182
2025-12-01,0.013173,0.0,0.0,0.0,0.044969,0.0,0.0,0.0,0.031295,0.142606,0.010883,0.048261,0.0,0.0,0.0,0.0,0.030727,0.0,0.0,0.029618,0.0,0.150977,0.0,0.038168,0.082594,0.0821,0.0,0.0,0.0,0.0,0.154285,0.0,0.019403,0.0,0.105667,0.0,0.0,0.0,0.0,0.0,0.0,0.0,0.015274
2025-12-02,0.013118,0.0,0.0,0.0,0.044739,0.0,0.0,0.0,0.031457,0.144513,0.010847,0.048295,0.0,0.0,0.0,0.0,0.030915,0.0,0.0,0.02949,0.0,0.14884,0.0,0.037798,0.083229,0.08352,0.0,0.0,0.0,0.0,0.153374,0.0,0.019578,0.0,0.105052,0.0,0.0,0.0,0.0,0.0,0.0,0.0,0.015234
2025-12-03,0.013003,0.0,0.0,0.0,0.04419,0.0,0.0,0.0,0.031128,0.143956,0.010813,0.047587,0.0,0.0,0.0,0.0,0.030777,0.0,0.0,0.029682,0.0,0.150958,0.0,0.037157,0.082275,0.08414,0.0,0.0,0.0,0.0,0.151904,0.0,0.019285,0.0,0.108119,0.0,0.0,0.0,0.0,0.0,0.0,0.0,0.015026
2025-12-04,0.013078,0.0,0.0,0.0,0.044464,0.0,0.0,0.0,0.031084,0.142752,0.010816,0.048043,0.0,0.0,0.0,0.0,0.031055,0.0,0.0,0.029161,0.0,0.153304,0.0,0.037223,0.082898,0.083622,0.0,0.0,0.0,0.0,0.150432,0.0,0.018881,0.0,0.1081,0.0,0.0,0.0,0.0,0.0,0.0,0.0,0.015086
2025-12-05,0.012977,0.0,0.0,0.0,0.044376,0.0,0.0,0.0,0.031195,0.145159,0.010774,0.048145,0.0,0.0,0.0,0.0,0.03068,0.0,0.0,0.028712,0.0,0.152069,0.0,0.03653,0.082725,0.083684,0.0,0.0,0.0,0.0,0.150512,0.0,0.019135,0.0,0.108381,0.0,0.0,0.0,0.0,0.0,0.0,0.0,0.014947
2025-12-08,0.012912,0.0,0.0,0.0,0.044115,0.0,0.0,0.0,0.031219,0.145968,0.01059,0.047665,0.0,0.0,0.0,0.0,0.030563,0.0,0.0,0.028047,0.0,0.151985,0.0,0.035948,0.083092,0.084375,0.0,0.0,0.0,0.0,0.152418,0.0,0.018999,0.0,0.107196,0.0,0.0,0.0,0.0,0.0,0.0,0.0,0.014907
2025-12-09,0.012962,0.0,0.0,0.0,0.044173,0.0,0.0,0.0,0.031344,0.146986,0.010607,0.047799,0.0,0.0,0.0,0.0,0.030391,0.0,0.0,0.027654,0.0,0.149203,0.0,0.036034,0.083453,0.084362,0.0,0.0,0.0,0.0,0.153658,0.0,0.01992,0.0,0.106519,0.0,0.0,0.0,0.0,0.0,0.0,0.0,0.014935
2025-12-10,0.012789,0.0,0.0,0.0,0.043757,0.0,0.0,0.0,0.031479,0.147027,0.010635,0.047505,0.0,0.0,0.0,0.0,0.030578,0.0,0.0,0.028196,0.0,0.148471,0.0,0.035588,0.082854,0.084465,0.0,0.0,0.0,0.0,0.154191,0.0,0.020004,0.0,0.107704,0.0,0.0,0.0,0.0,0.0,0.0,0.0,0.014758
2025-12-11,0.01286,0.0,0.0,0.0,0.043803,0.0,0.0,0.0,0.031085,0.144401,0.010683,0.047431,0.0,0.0,0.0,0.0,0.030925,0.0,0.0,0.028394,0.0,0.149749,0.0,0.03587,0.082484,0.084036,0.0,0.0,0.0,0.0,0.154079,0.0,0.02057,0.0,0.10886,0.0,0.0,0.0,0.0,0.0,0.0,0.0,0.014771
2025-12-12,0.012984,0.0,0.0,0.0,0.044125,0.0,0.0,0.0,0.030741,0.143318,0.010912,0.048131,0.0,0.0,0.0,0.0,0.031254,0.0,0.0,0.028796,0.0,0.152435,0.0,0.036302,0.081462,0.08138,0.0,0.0,0.0,0.0,0.153671,0.0,0.020368,0.0,0.109097,0.0,0.0,0.0,0.0,0.0,0.0,0.0,0.015023
2025-12-15,0.013023,0.0,0.0,0.0,0.044286,0.0,0.0,0.0,0.030737,0.143371,0.011002,0.048126,0.0,0.0,0.0,0.0,0.031295,0.0,0.0,0.028721,0.0,0.152034,0.0,0.036623,0.080652,0.080959,0.0,0.0,0.0,0.0,0.153003,0.0,0.021092,0.0,0.110059,0.0,0.0,0.0,0.0,0.0,0.0,0.0,0.015016
2025-12-16,0.01304,0.0,0.0,0.0,0.043937,0.0,0.0,0.0,0.030861,0.142489,0.011096,0.04849,0.0,0.0,0.0,0.0,0.031324,0.0,0.0,0.028612,0.0,0.152044,0.0,0.036721,0.081354,0.081138,0.0,0.0,0.0,0.0,0.152552,0.0,0.021098,0.0,0.110122,0.0,0.0,0.0,0.0,0.0,0.0,0.0,0.015122
2025-12-17,0.013055,0.0,0.0,0.0,0.044133,0.0,0.0,0.0,0.030518,0.141958,0.011043,0.04847,0.0,0.0,0.0,0.0,0.031027,0.0,0.0,0.028474,0.0,0.151742,0.0,0.036732,0.08009,0.078668,0.0,0.0,0.0,0.0,0.155133,0.0,0.022174,0.0,0.111557,0.0,0.0,0.0,0.0,0.0,0.0,0.0,0.015226
2025-12-18,0.013078,0.0,0.0,0.0,0.044414,0.0,0.0,0.0,0.030721,0.143302,0.011128,0.048394,0.0,0.0,0.0,0.0,0.031003,0.0,0.0,0.028274,0.0,0.149486,0.0,0.036824,0.080737,0.079964,0.0,0.0,0.0,0.0,0.154495,0.0,0.02167,0.0,0.111394,0.0,0.0,0.0,0.0,0.0,0.0,0.0,0.015118
2025-12-19,0.012952,0.0,0.0,0.0,0.044149,0.0,0.0,0.0,0.030701,0.143415,0.010938,0.047779,0.0,0.0,0.0,0.0,0.030859,0.0,0.0,0.027425,0.0,0.151728,0.0,0.035878,0.0814,0.081014,0.0,0.0,0.0,0.0,0.153113,0.0,0.021966,0.0,0.111761,0.0,0.0,0.0,0.0,0.0,0.0,0.0,0.01492
2025-12-22,0.012831,0.0,0.0,0.0,0.043659,0.0,0.0,0.0,0.030422,0.141966,0.010844,0.047294,0.0,0.0,0.0,0.0,0.030748,0.0,0.0,0.026917,0.0,0.153032,0.0,0.035488,0.08065,0.08091,0.0,0.0,0.0,0.0,0.154678,0.0,0.022194,0.0,0.113662,0.0,0.0,0.0,0.0,0.0,0.0,0.0,0.014705
2025-12-23,0.012785,0.0,0.0,0.0,0.043479,0.0,0.0,0.0,0.030468,0.142457,0.010755,0.047265,0.0,0.0,0.0,0.0,0.030527,0.0,0.0,0.026547,0.0,0.150757,0.0,0.03537,0.080535,0.080654,0.0,0.0,0.0,0.0,0.155867,0.0,0.022879,0.0,0.115049,0.0,0.0,0.0,0.0,0.0,0.0,0.0,0.014606
2025-12-24,0.012723,0.0,0.0,0.0,0.043398,0.0,0.0,0.0,0.030268,0.144351,0.010716,0.047212,0.0,0.0,0.0,0.0,0.03041,0.0,0.0,0.02662,0.0,0.151383,0.0,0.035277,0.080159,0.080395,0.0,0.0,0.0,0.0,0.155789,0.0,0.022851,0.0,0.113944,0.0,0.0,0.0,0.0,0.0,0.0,0.0,0.014503
2025-12-26,0.012629,0.0,0.0,0.0,0.043079,0.0,0.0,0.0,0.030281,0.14517,0.010591,0.046817,0.0,0.0,0.0,0.0,0.030131,0.0,0.0,0.026422,0.0,0.148701,0.0,0.034994,0.079696,0.079779,0.0,0.0,0.0,0.0,0.156466,0.0,0.024735,0.0,0.116113,0.0,0.0,0.0,0.0,0.0,0.0,0.0,0.014397
2025-12-29,0.012717,0.0,0.0,0.0,0.043573,0.0,0.0,0.0,0.030708,0.150898,0.010582,0.047213,0.0,0.0,0.0,0.0,0.03034,0.0,0.0,0.026544,0.0,0.14815,0.0,0.035379,0.080061,0.080318,0.0,0.0,0.0,0.0,0.152872,0.0,0.023167,0.0,0.112949,0.0,0.0,0.0,0.0,0.0,0.0,0.0,0.014529
2025-12-30,0.0,0.0,0.0,0.0,0.0,0.0,0.071883,0.0,0.0,0.119676,0.020507,0.05223,0.0,0.0,0.0,0.0,0.0,0.0,0.0,0.032707,0.077261,0.077472,0.0,0.126965,0.056958,0.097018,0.0,0.0,0.0,0.0,0.137553,0.031289,0.018142,0.0,0.057872,0.0,0.0,0.0,0.0,0.0,0.0,0.0,0.022467
